/*--------------------------------*- C++ -*----------------------------------*\
| =========                 |                                                 |
| \\      /  F ield         | OpenFOAM: The Open Source CFD Toolbox           |
|  \\    /   O peration     | Version:  2406                                  |
|   \\  /    A nd           | Website:  www.openfoam.com                      |
|    \\/     M anipulation  |                                                 |
\*---------------------------------------------------------------------------*/
FoamFile
{
    version     2.0;
    format      ascii;
    arch        "LSB;label=32;scalar=64";
    class       volVectorField;
    location    "0.43";
    object      U;
}
// * * * * * * * * * * * * * * * * * * * * * * * * * * * * * * * * * * * * * //

dimensions      [0 1 -1 0 0 0 0];

internalField   nonuniform List<vector> 
12225
(
(1.6612 0.0563158 0)
(1.59862 0.0691687 0)
(1.53954 0.0590846 0)
(1.48361 0.046841 0)
(1.43502 0.0365725 0)
(1.39443 0.0283872 0)
(1.35993 0.0219263 0)
(1.32971 0.0169073 0)
(1.3027 0.0130884 0)
(1.27816 0.0102677 0)
(1.25553 0.00832235 0)
(1.23372 0.00714714 0)
(1.21226 0.00661894 0)
(1.19076 0.00661478 0)
(1.16877 0.00713737 0)
(1.14609 0.00782048 0)
(1.12174 0.010305 0)
(1.09549 0.00475947 0)
(1.71515 0.0107233 0)
(1.74949 0.0196517 0)
(1.77181 0.0211832 0)
(1.78046 0.0219523 0)
(1.78062 0.022999 0)
(1.77622 0.0237133 0)
(1.76886 0.0240169 0)
(1.75938 0.0241743 0)
(1.74854 0.0243871 0)
(1.73696 0.0247537 0)
(1.72506 0.025376 0)
(1.71308 0.0263412 0)
(1.70113 0.027665 0)
(1.68919 0.0293561 0)
(1.67718 0.0314486 0)
(1.66493 0.0340434 0)
(1.65227 0.0371405 0)
(1.63935 0.0413356 0)
(1.70204 0.00987082 0)
(1.71327 0.0209601 0)
(1.72595 0.0250541 0)
(1.73602 0.0271128 0)
(1.74392 0.0286314 0)
(1.75077 0.0294435 0)
(1.75673 0.0296298 0)
(1.76158 0.0295471 0)
(1.76531 0.0294708 0)
(1.76809 0.0295428 0)
(1.77005 0.0298657 0)
(1.77133 0.0305264 0)
(1.772 0.0315864 0)
(1.77213 0.0331067 0)
(1.77174 0.0351796 0)
(1.77084 0.0379136 0)
(1.76934 0.0414869 0)
(1.76741 0.0460455 0)
(1.70104 0.00711964 0)
(1.70699 0.0162337 0)
(1.7143 0.0197034 0)
(1.72017 0.0207853 0)
(1.72449 0.0213355 0)
(1.72827 0.0216339 0)
(1.73187 0.0217271 0)
(1.73519 0.0218147 0)
(1.73813 0.0220812 0)
(1.74073 0.0226197 0)
(1.74306 0.0234831 0)
(1.7452 0.0247211 0)
(1.74715 0.0263844 0)
(1.74897 0.0285307 0)
(1.75068 0.0312385 0)
(1.75232 0.0346148 0)
(1.75396 0.0388279 0)
(1.75573 0.0440471 0)
(1.70058 0.00505918 0)
(1.70447 0.0125745 0)
(1.71005 0.016384 0)
(1.71515 0.0181894 0)
(1.71913 0.0194374 0)
(1.72247 0.0204643 0)
(1.72551 0.0212523 0)
(1.72825 0.0218983 0)
(1.73062 0.0225606 0)
(1.73267 0.0233544 0)
(1.73449 0.0243531 0)
(1.73614 0.0256204 0)
(1.73769 0.0272209 0)
(1.73919 0.0292217 0)
(1.7407 0.0317002 0)
(1.7423 0.0347458 0)
(1.74412 0.0384872 0)
(1.74632 0.0429806 0)
(1.70037 0.00380118 0)
(1.70308 0.0101079 0)
(1.70742 0.0139621 0)
(1.71185 0.0160584 0)
(1.71558 0.0174105 0)
(1.71876 0.0184316 0)
(1.72168 0.0191933 0)
(1.72437 0.0197971 0)
(1.72679 0.0204002 0)
(1.72897 0.0211303 0)
(1.73097 0.0220688 0)
(1.73287 0.0232756 0)
(1.73472 0.0248054 0)
(1.73659 0.0267109 0)
(1.73855 0.0290458 0)
(1.74069 0.0318611 0)
(1.74314 0.0352202 0)
(1.74605 0.0391023 0)
(1.70026 0.0029845 0)
(1.70226 0.00822477 0)
(1.70567 0.0117803 0)
(1.70946 0.0138917 0)
(1.71289 0.0152579 0)
(1.71594 0.0163033 0)
(1.71878 0.0171572 0)
(1.72147 0.0179035 0)
(1.72399 0.0186572 0)
(1.72633 0.0195196 0)
(1.72857 0.020557 0)
(1.73075 0.0218146 0)
(1.73295 0.0233308 0)
(1.73522 0.0251407 0)
(1.73765 0.027275 0)
(1.74032 0.0297541 0)
(1.74336 0.0325973 0)
(1.74687 0.0357544 0)
(1.7002 0.00239828 0)
(1.70175 0.00673599 0)
(1.7045 0.009899 0)
(1.70777 0.011947 0)
(1.71094 0.0133301 0)
(1.71387 0.0144036 0)
(1.71665 0.0153063 0)
(1.71932 0.0161073 0)
(1.72189 0.0168908 0)
(1.72436 0.0177402 0)
(1.72675 0.0187159 0)
(1.72915 0.0198584 0)
(1.73161 0.0211977 0)
(1.73418 0.0227564 0)
(1.73695 0.0245485 0)
(1.73999 0.0265737 0)
(1.74341 0.0288237 0)
(1.74729 0.0312355 0)
(1.70016 0.00194717 0)
(1.70141 0.00553539 0)
(1.70371 0.00828569 0)
(1.70658 0.0101911 0)
(1.70951 0.0115263 0)
(1.71233 0.0125647 0)
(1.71505 0.013443 0)
(1.71771 0.0142289 0)
(1.72033 0.0149901 0)
(1.72289 0.0157946 0)
(1.72543 0.0166934 0)
(1.728 0.0177177 0)
(1.73066 0.0188857 0)
(1.73347 0.0202058 0)
(1.73648 0.0216757 0)
(1.73976 0.0232788 0)
(1.7434 0.0249878 0)
(1.74745 0.0267369 0)
(1.70013 0.00158181 0)
(1.70119 0.00453538 0)
(1.70316 0.00687372 0)
(1.70573 0.00857617 0)
(1.70846 0.00980947 0)
(1.71118 0.0107764 0)
(1.71386 0.0115996 0)
(1.71652 0.0123427 0)
(1.71917 0.0130581 0)
(1.7218 0.0137958 0)
(1.72445 0.0145933 0)
(1.72716 0.0154716 0)
(1.72997 0.0164385 0)
(1.73292 0.0174917 0)
(1.73608 0.0186182 0)
(1.7395 0.0197927 0)
(1.74323 0.020979 0)
(1.7473 0.0221165 0)
(1.70012 0.00127251 0)
(1.70104 0.0036725 0)
(1.70279 0.00561054 0)
(1.70513 0.00707503 0)
(1.70771 0.00816874 0)
(1.71034 0.00903661 0)
(1.71298 0.00977897 0)
(1.71564 0.0104503 0)
(1.71832 0.0110898 0)
(1.72101 0.0117325 0)
(1.72374 0.0124041 0)
(1.72653 0.0131169 0)
(1.72943 0.0138714 0)
(1.73247 0.0146577 0)
(1.73571 0.0154565 0)
(1.73916 0.0162382 0)
(1.74288 0.0169631 0)
(1.74688 0.0175789 0)
(1.70011 0.00100024 0)
(1.70094 0.00290293 0)
(1.70254 0.00445537 0)
(1.70471 0.00566206 0)
(1.70717 0.00658792 0)
(1.70974 0.00733266 0)
(1.71236 0.00797216 0)
(1.71502 0.00854955 0)
(1.71771 0.00909291 0)
(1.72044 0.00962497 0)
(1.72321 0.0101609 0)
(1.72606 0.0107051 0)
(1.729 0.0112515 0)
(1.73208 0.011785 0)
(1.73532 0.0122825 0)
(1.73875 0.0127127 0)
(1.74239 0.0130366 0)
(1.74625 0.0132107 0)
(1.7001 0.000752129 0)
(1.70088 0.00219536 0)
(1.70238 0.00337502 0)
(1.70444 0.00431263 0)
(1.70682 0.00505055 0)
(1.70934 0.00565395 0)
(1.71194 0.00617516 0)
(1.7146 0.00664457 0)
(1.7173 0.00707992 0)
(1.72005 0.00749322 0)
(1.72285 0.0078902 0)
(1.72571 0.00826824 0)
(1.72867 0.00861631 0)
(1.73173 0.00891609 0)
(1.73493 0.00914287 0)
(1.73828 0.00926638 0)
(1.74179 0.00925027 0)
(1.74546 0.0090603 0)
(1.70009 0.000518872 0)
(1.70084 0.00152619 0)
(1.70228 0.00234211 0)
(1.70428 0.00300437 0)
(1.70661 0.00354134 0)
(1.70911 0.00399116 0)
(1.7117 0.00438427 0)
(1.71435 0.0047376 0)
(1.71706 0.00505897 0)
(1.71982 0.00535108 0)
(1.72262 0.00561162 0)
(1.72548 0.00583216 0)
(1.72841 0.00599799 0)
(1.73143 0.00608907 0)
(1.73455 0.00608067 0)
(1.73778 0.00594478 0)
(1.74113 0.00564872 0)
(1.74458 0.00516664 0)
(1.70009 0.000293199 0)
(1.70082 0.000876475 0)
(1.70225 0.00133339 0)
(1.70422 0.00171683 0)
(1.70654 0.00204553 0)
(1.70903 0.00233497 0)
(1.71161 0.00259513 0)
(1.71427 0.00282948 0)
(1.71698 0.0030364 0)
(1.71973 0.00321041 0)
(1.72252 0.00334233 0)
(1.72535 0.00341879 0)
(1.72824 0.00342257 0)
(1.73118 0.00333286 0)
(1.7342 0.00312593 0)
(1.73729 0.00277647 0)
(1.74045 0.00225605 0)
(1.74367 0.00154597 0)
(1.70009 6.89144e-05 0)
(1.70083 0.000229815 0)
(1.70226 0.000327932 0)
(1.70425 0.000430675 0)
(1.70658 0.000548479 0)
(1.70908 0.000675758 0)
(1.71168 0.000802809 0)
(1.71435 0.000919989 0)
(1.71706 0.00101677 0)
(1.71979 0.00108033 0)
(1.72256 0.00109543 0)
(1.72535 0.0010447 0)
(1.72817 0.000909041 0)
(1.73102 0.000667645 0)
(1.73391 0.000298304 0)
(1.73684 -0.000221229 0)
(1.73981 -0.000915076 0)
(1.7428 -0.00179595 0)
(1.7001 -0.000159902 0)
(1.70086 -0.000429511 0)
(1.70233 -0.000694583 0)
(1.70437 -0.000873308 0)
(1.70675 -0.000964744 0)
(1.70928 -0.000996664 0)
(1.71191 -0.000998516 0)
(1.71458 -0.000992478 0)
(1.71729 -0.000997379 0)
(1.72001 -0.00103286 0)
(1.72274 -0.00111963 0)
(1.72548 -0.0012783 0)
(1.72822 -0.00152929 0)
(1.73097 -0.00189294 0)
(1.73373 -0.00238966 0)
(1.73649 -0.00303867 0)
(1.73925 -0.00386022 0)
(1.74201 -0.00486199 0)
(1.7001 -0.000399523 0)
(1.70091 -0.00111806 0)
(1.70246 -0.00175533 0)
(1.70459 -0.0022149 0)
(1.70704 -0.00250949 0)
(1.70964 -0.00269303 0)
(1.71229 -0.00281549 0)
(1.71499 -0.00291067 0)
(1.7177 -0.00300505 0)
(1.7204 -0.00312495 0)
(1.72309 -0.00329619 0)
(1.72577 -0.00354221 0)
(1.72842 -0.00388407 0)
(1.73106 -0.00434127 0)
(1.73368 -0.00493231 0)
(1.73628 -0.00567368 0)
(1.73884 -0.0065821 0)
(1.74137 -0.0076612 0)
(1.70011 -0.000657253 0)
(1.70098 -0.00185489 0)
(1.70266 -0.0028779 0)
(1.70493 -0.00361522 0)
(1.70749 -0.00410179 0)
(1.71016 -0.0044248 0)
(1.71287 -0.00465581 0)
(1.71559 -0.00483874 0)
(1.71831 -0.00500711 0)
(1.721 -0.00519404 0)
(1.72364 -0.0054304 0)
(1.72625 -0.00574193 0)
(1.72882 -0.00614995 0)
(1.73134 -0.00667302 0)
(1.73382 -0.00732785 0)
(1.73625 -0.00812838 0)
(1.73862 -0.00908819 0)
(1.74093 -0.0102076 0)
(1.70012 -0.00094244 0)
(1.7011 -0.00266379 0)
(1.70295 -0.00409011 0)
(1.7054 -0.00509761 0)
(1.70812 -0.00575869 0)
(1.71089 -0.00620424 0)
(1.71366 -0.0065279 0)
(1.71642 -0.00678158 0)
(1.71915 -0.00700567 0)
(1.72182 -0.00724056 0)
(1.72443 -0.00752181 0)
(1.72697 -0.00787668 0)
(1.72945 -0.00832624 0)
(1.73186 -0.00888805 0)
(1.7342 -0.00957728 0)
(1.73647 -0.0104059 0)
(1.73865 -0.0113849 0)
(1.74076 -0.0125124 0)
(1.70014 -0.001268 0)
(1.70126 -0.00357625 0)
(1.70335 -0.00542567 0)
(1.70607 -0.00668779 0)
(1.70898 -0.00749868 0)
(1.71188 -0.0080455 0)
(1.71473 -0.0084415 0)
(1.71753 -0.00874389 0)
(1.72028 -0.00900126 0)
(1.72294 -0.00926295 0)
(1.72551 -0.00956903 0)
(1.72798 -0.00994718 0)
(1.73037 -0.0104172 0)
(1.73267 -0.010995 0)
(1.73488 -0.011694 0)
(1.73699 -0.012524 0)
(1.739 -0.013494 0)
(1.74092 -0.0146002 0)
(1.70017 -0.00165299 0)
(1.70149 -0.00463619 0)
(1.70393 -0.00692583 0)
(1.70699 -0.00841242 0)
(1.71013 -0.0093401 0)
(1.71317 -0.00996509 0)
(1.71612 -0.0104117 0)
(1.71899 -0.0107373 0)
(1.72176 -0.0110005 0)
(1.72441 -0.0112617 0)
(1.72694 -0.0115658 0)
(1.72935 -0.0119412 0)
(1.73165 -0.0124069 0)
(1.73384 -0.0129777 0)
(1.73592 -0.0136655 0)
(1.73789 -0.0144782 0)
(1.73974 -0.015423 0)
(1.74149 -0.0164941 0)
(1.70021 -0.00212708 0)
(1.70184 -0.00590711 0)
(1.70476 -0.00864337 0)
(1.70825 -0.0102997 0)
(1.71167 -0.0112959 0)
(1.71487 -0.0119689 0)
(1.71793 -0.0124424 0)
(1.72088 -0.0127711 0)
(1.72369 -0.0130244 0)
(1.72633 -0.0132708 0)
(1.72882 -0.0135557 0)
(1.73117 -0.0139052 0)
(1.73339 -0.014337 0)
(1.73548 -0.0148651 0)
(1.73744 -0.0155009 0)
(1.73927 -0.0162524 0)
(1.74097 -0.0171274 0)
(1.74255 -0.0181202 0)
(1.70028 -0.00273955 0)
(1.70237 -0.00747643 0)
(1.70597 -0.0106449 0)
(1.71001 -0.0123975 0)
(1.71374 -0.0134039 0)
(1.71711 -0.0140696 0)
(1.72029 -0.0145064 0)
(1.72333 -0.0147804 0)
(1.72618 -0.0149862 0)
(1.72882 -0.0152031 0)
(1.73128 -0.0154732 0)
(1.73358 -0.0158155 0)
(1.73573 -0.0162412 0)
(1.73773 -0.0167588 0)
(1.73959 -0.0173754 0)
(1.7413 -0.0180966 0)
(1.74286 -0.0189292 0)
(1.74428 -0.0198683 0)
(1.70038 -0.00358561 0)
(1.7032 -0.00945005 0)
(1.70775 -0.012963 0)
(1.71246 -0.0147397 0)
(1.71653 -0.0157662 0)
(1.72009 -0.0164364 0)
(1.72342 -0.0168032 0)
(1.72654 -0.0169471 0)
(1.72941 -0.0170007 0)
(1.73201 -0.0170634 0)
(1.73441 -0.0171832 0)
(1.73662 -0.017382 0)
(1.73868 -0.017672 0)
(1.74058 -0.0180601 0)
(1.74233 -0.0185512 0)
(1.74391 -0.0191511 0)
(1.74534 -0.0198688 0)
(1.74662 -0.0207006 0)
(1.7006 -0.00487586 0)
(1.7046 -0.0120164 0)
(1.71041 -0.0155365 0)
(1.71583 -0.0170694 0)
(1.72018 -0.0180366 0)
(1.72395 -0.0187557 0)
(1.72747 -0.0191891 0)
(1.73073 -0.0194107 0)
(1.73366 -0.0195517 0)
(1.73628 -0.0196935 0)
(1.73868 -0.0198692 0)
(1.74089 -0.0200943 0)
(1.74294 -0.0203768 0)
(1.74484 -0.0207195 0)
(1.74658 -0.0211261 0)
(1.74815 -0.0216094 0)
(1.74956 -0.0221897 0)
(1.75082 -0.0228732 0)
(1.70106 -0.0069712 0)
(1.70713 -0.0157832 0)
(1.71469 -0.019018 0)
(1.72089 -0.0198754 0)
(1.72562 -0.0201909 0)
(1.72986 -0.0202271 0)
(1.73399 -0.020011 0)
(1.7379 -0.0197192 0)
(1.74147 -0.0195067 0)
(1.74477 -0.01943 0)
(1.74784 -0.0194954 0)
(1.75074 -0.019696 0)
(1.75348 -0.0200128 0)
(1.75604 -0.0204214 0)
(1.75842 -0.0209022 0)
(1.76058 -0.0214717 0)
(1.76252 -0.022164 0)
(1.76426 -0.0230855 0)
(1.70206 -0.00975773 0)
(1.71341 -0.0206242 0)
(1.72632 -0.0245438 0)
(1.73671 -0.0264318 0)
(1.745 -0.0277685 0)
(1.75233 -0.0283743 0)
(1.75886 -0.0283127 0)
(1.76437 -0.0279188 0)
(1.76887 -0.0274388 0)
(1.77251 -0.026977 0)
(1.77545 -0.0265863 0)
(1.77782 -0.0262932 0)
(1.77971 -0.026081 0)
(1.78116 -0.0259128 0)
(1.7822 -0.0257441 0)
(1.78279 -0.0255906 0)
(1.78282 -0.0254363 0)
(1.78253 -0.0257169 0)
(1.71514 -0.0106364 0)
(1.74957 -0.0194066 0)
(1.77213 -0.0208224 0)
(1.78115 -0.0214888 0)
(1.78179 -0.0224327 0)
(1.77797 -0.02303 0)
(1.7713 -0.0231868 0)
(1.76263 -0.0231478 0)
(1.75272 -0.0230895 0)
(1.74223 -0.0230768 0)
(1.73158 -0.0231653 0)
(1.72108 -0.0233898 0)
(1.71088 -0.023704 0)
(1.70104 -0.0240116 0)
(1.69148 -0.0242217 0)
(1.68223 -0.024204 0)
(1.67244 -0.0237692 0)
(1.66275 -0.0229288 0)
(1.66125 -0.0562743 0)
(1.59891 -0.0690692 0)
(1.54023 -0.0589526 0)
(1.48479 -0.0466837 0)
(1.43678 -0.0363877 0)
(1.39685 -0.0281643 0)
(1.36313 -0.0216466 0)
(1.33383 -0.0165425 0)
(1.30796 -0.0125969 0)
(1.28486 -0.00958926 0)
(1.26404 -0.00736895 0)
(1.24464 -0.00580542 0)
(1.22632 -0.00473494 0)
(1.20889 -0.00399697 0)
(1.19238 -0.00337216 0)
(1.17659 -0.00293583 0)
(1.16285 -0.00102514 0)
(1.14936 -0.00491918 0)
(-0.00112625 0.000153952 0)
(0.0125374 -0.00530849 0)
(0.0575018 -0.0103919 0)
(0.10644 -0.0092785 0)
(0.144131 -0.00347453 0)
(0.163922 0.00382425 0)
(0.164804 0.0100749 0)
(0.148914 0.0145228 0)
(0.122116 0.0161232 0)
(0.0909972 0.0154064 0)
(0.0607563 0.0134352 0)
(0.0343216 0.0111278 0)
(0.0127095 0.00906491 0)
(-0.00389987 0.00779889 0)
(-0.0167708 0.00797889 0)
(-0.0276702 0.00973528 0)
(-0.0377835 0.0117472 0)
(-0.047569 0.0121216 0)
(-0.0565571 0.00839438 0)
(-0.062358 0.000178903 0)
(-0.0615351 -0.00991345 0)
(-0.0506831 -0.0179971 0)
(-0.0298174 -0.0217459 0)
(-0.00214068 -0.0207502 0)
(0.0280443 -0.0159896 0)
(0.0548344 -0.00906702 0)
(0.0700585 -0.00268284 0)
(0.0694617 0.00196865 0)
(0.0582299 0.00403497 0)
(0.0463469 0.00273981 0)
(0.0415353 -0.00194841 0)
(0.0497055 -0.00835959 0)
(0.0732278 -0.0147299 0)
(0.109829 -0.0188447 0)
(0.157412 -0.0198967 0)
(0.209904 -0.0176679 0)
(0.258972 -0.0128531 0)
(0.297787 -0.00739508 0)
(0.324347 -0.00361169 0)
(0.341778 -0.0027641 0)
(0.355312 -0.0046626 0)
(0.368727 -0.00796169 0)
(0.38155 -0.0108662 0)
(0.386911 -0.0122097 0)
(0.372484 -0.0101693 0)
(0.318596 0.00211772 0)
(0.20675 0.0305095 0)
(0.0363325 0.0650012 0)
(-0.17069 0.0872205 0)
(-0.382765 0.0954965 0)
(-0.585468 0.0937567 0)
(-0.768263 0.0858268 0)
(-0.925944 0.0747415 0)
(-1.057 0.0625686 0)
(-1.162 0.0505515 0)
(-1.2429 0.039368 0)
(-1.30177 0.0293208 0)
(-1.34074 0.020577 0)
(-1.36198 0.0132875 0)
(-1.36749 0.00752287 0)
(-1.3611 0.00298723 0)
(-1.34493 -0.000827825 0)
(-1.32009 -0.00416425 0)
(-1.28751 -0.00709761 0)
(-1.24825 -0.00969207 0)
(-1.20304 -0.0120114 0)
(-1.15256 -0.0140962 0)
(-1.09737 -0.015974 0)
(-1.03802 -0.0176645 0)
(-0.974998 -0.0191807 0)
(-0.908783 -0.0205299 0)
(-0.839842 -0.0217144 0)
(-0.768639 -0.0227323 0)
(-0.69565 -0.0235787 0)
(-0.621361 -0.0242458 0)
(-0.546275 -0.024724 0)
(-0.470907 -0.0250025 0)
(-0.39578 -0.0250674 0)
(-0.321436 -0.0248972 0)
(-0.248417 -0.0244662 0)
(-0.177219 -0.0237301 0)
(-0.108173 -0.0226398 0)
(-0.042124 -0.0213918 0)
(0.0203563 -0.0195728 0)
(0.0794391 -0.0177167 0)
(0.134641 -0.0159325 0)
(0.18566 -0.0141591 0)
(0.232397 -0.0123867 0)
(0.274746 -0.0106134 0)
(0.312626 -0.00883609 0)
(0.345973 -0.00704705 0)
(0.374729 -0.00523138 0)
(0.398823 -0.00336088 0)
(0.418142 -0.00138101 0)
(0.432484 0.000770969 0)
(0.441577 0.00303504 0)
(0.445086 0.00500626 0)
(0.443729 0.00614586 0)
(0.438786 0.00630114 0)
(0.431249 0.00571544 0)
(0.422036 0.0047005 0)
(0.411946 0.00349069 0)
(0.401701 0.00224607 0)
(0.391992 0.00106331 0)
(0.383518 -1.66583e-05 0)
(0.377021 -0.00102021 0)
(0.373223 -0.00202049 0)
(0.37266 -0.00304913 0)
(0.375417 -0.00392847 0)
(0.380339 -0.00445052 0)
(0.385033 -0.00442894 0)
(0.386417 -0.00381132 0)
(0.381654 -0.00222847 0)
(0.367495 0.00106341 0)
(0.340616 0.00668661 0)
(0.298234 0.0144889 0)
(0.239608 0.0229589 0)
(0.167015 0.0300611 0)
(0.0856749 0.0343031 0)
(0.00234511 0.0353715 0)
(-0.0769681 0.034035 0)
(-0.149028 0.0312808 0)
(-0.21186 0.0276872 0)
(-0.264439 0.0236451 0)
(-0.306357 0.0194247 0)
(-0.337585 0.0152091 0)
(-0.358392 0.0111576 0)
(-0.36933 0.00740039 0)
(-0.371115 0.00398445 0)
(-0.364979 0.000886562 0)
(-0.351475 -0.00198063 0)
(-0.331234 -0.00462325 0)
(-0.304897 -0.00702341 0)
(-0.273158 -0.00915431 0)
(-0.236767 -0.010984 0)
(-0.196518 -0.0124778 0)
(-0.153238 -0.0136065 0)
(-0.107763 -0.0143511 0)
(-0.0609523 -0.0146945 0)
(-0.0136297 -0.0146217 0)
(0.0334614 -0.0142384 0)
(0.0796352 -0.0136753 0)
(0.124339 -0.0129715 0)
(0.167156 -0.0121649 0)
(0.207774 -0.0112909 0)
(0.245986 -0.0103821 0)
(0.281673 -0.00946575 0)
(0.314792 -0.00856343 0)
(0.345355 -0.00768998 0)
(0.373417 -0.006854 0)
(0.399057 -0.00605811 0)
(0.422359 -0.00529862 0)
(0.4434 -0.00456349 0)
(0.462224 -0.00382761 0)
(0.478821 -0.00303834 0)
(0.49308 -0.00209287 0)
(0.504727 -0.000850426 0)
(0.513326 0.000778763 0)
(0.518312 0.00268071 0)
(0.519242 0.00447697 0)
(0.516663 0.00584441 0)
(0.510876 0.00674579 0)
(0.502191 0.00725927 0)
(0.490911 0.00745485 0)
(0.477335 0.00738904 0)
(0.461785 0.00710833 0)
(0.444615 0.00665886 0)
(0.426208 0.00609154 0)
(0.406965 0.00546055 0)
(0.387281 0.00481998 0)
(0.367523 0.00421913 0)
(0.348008 0.00369784 0)
(0.328977 0.00328292 0)
(0.310585 0.00298756 0)
(0.292925 0.00280974 0)
(0.276015 0.00274721 0)
(0.260055 0.00271723 0)
(0.244533 0.00292469 0)
(0.232493 0.00237596 0)
(0.213647 0.00597464 0)
(0.00290306 -0.00786388 0)
(0.0557288 -0.0423565 0)
(0.134372 -0.0626262 0)
(0.2043 -0.0587241 0)
(0.2511 -0.0394633 0)
(0.272832 -0.0153165 0)
(0.273449 0.00680134 0)
(0.258152 0.0231658 0)
(0.230995 0.0326073 0)
(0.197601 0.035738 0)
(0.162652 0.0342202 0)
(0.129467 0.0299564 0)
(0.100437 0.0243817 0)
(0.0773084 0.0184391 0)
(0.0618586 0.012871 0)
(0.0560156 0.00826801 0)
(0.0611902 0.00556998 0)
(0.0764355 0.00502685 0)
(0.097635 0.0056063 0)
(0.120398 0.00536719 0)
(0.14114 0.0022085 0)
(0.156972 -0.00488404 0)
(0.1672 -0.0154842 0)
(0.173432 -0.0268464 0)
(0.178407 -0.0328698 0)
(0.18517 -0.0276024 0)
(0.19396 -0.012443 0)
(0.201491 0.00374179 0)
(0.206936 0.0123254 0)
(0.212494 0.00957498 0)
(0.218891 -0.00394406 0)
(0.23184 -0.0228255 0)
(0.254218 -0.0420056 0)
(0.284316 -0.057526 0)
(0.321228 -0.0663504 0)
(0.362856 -0.066445 0)
(0.404938 -0.0578532 0)
(0.442494 -0.0439926 0)
(0.472298 -0.0304832 0)
(0.493933 -0.0215149 0)
(0.508337 -0.0169421 0)
(0.512586 -0.0132598 0)
(0.491637 -0.00415865 0)
(0.412452 0.0249095 0)
(0.24203 0.0888674 0)
(-0.0167015 0.172727 0)
(-0.306513 0.235423 0)
(-0.584068 0.267364 0)
(-0.827765 0.270545 0)
(-1.02859 0.252509 0)
(-1.18656 0.22261 0)
(-1.30583 0.188007 0)
(-1.39259 0.15327 0)
(-1.45324 0.120828 0)
(-1.49343 0.0916581 0)
(-1.51769 0.0658987 0)
(-1.52957 0.0432965 0)
(-1.53167 0.0235915 0)
(-1.52583 0.00658986 0)
(-1.51318 -0.0079132 0)
(-1.49248 -0.0203451 0)
(-1.46372 -0.0312262 0)
(-1.42761 -0.0408614 0)
(-1.38485 -0.0494004 0)
(-1.33608 -0.0569763 0)
(-1.28189 -0.0637178 0)
(-1.22284 -0.0697171 0)
(-1.15946 -0.0750446 0)
(-1.09221 -0.0797502 0)
(-1.02155 -0.083867 0)
(-0.947912 -0.087413 0)
(-0.871739 -0.0903933 0)
(-0.793464 -0.0928031 0)
(-0.713536 -0.0946326 0)
(-0.632417 -0.0958688 0)
(-0.550585 -0.0964982 0)
(-0.468531 -0.0965104 0)
(-0.386757 -0.0959006 0)
(-0.305793 -0.0946728 0)
(-0.226189 -0.0928323 0)
(-0.148445 -0.0903736 0)
(-0.0728822 -0.087242 0)
(-4.92991e-06 -0.0835565 0)
(0.0698625 -0.0789782 0)
(0.13665 -0.0741771 0)
(0.199766 -0.0692091 0)
(0.258956 -0.0640416 0)
(0.314074 -0.0587085 0)
(0.365021 -0.0532511 0)
(0.411736 -0.0477023 0)
(0.454197 -0.0420821 0)
(0.492407 -0.0363947 0)
(0.526394 -0.0306283 0)
(0.556216 -0.0247591 0)
(0.582051 -0.0187589 0)
(0.604314 -0.0126382 0)
(0.623711 -0.00656194 0)
(0.640011 -0.000855611 0)
(0.652235 0.00420014 0)
(0.659747 0.00838989 0)
(0.662452 0.0115601 0)
(0.660436 0.0136275 0)
(0.654069 0.0145557 0)
(0.644077 0.0142875 0)
(0.631587 0.0127332 0)
(0.618145 0.00981981 0)
(0.605552 0.00565883 0)
(0.595298 0.000857256 0)
(0.587744 -0.00317365 0)
(0.581972 -0.00449399 0)
(0.574812 -0.00162707 0)
(0.560137 0.00627045 0)
(0.530018 0.0194864 0)
(0.477802 0.0377303 0)
(0.400798 0.0595556 0)
(0.301761 0.0816003 0)
(0.189151 0.099075 0)
(0.074783 0.10841 0)
(-0.0293301 0.108103 0)
(-0.118688 0.101188 0)
(-0.192928 0.0903906 0)
(-0.252773 0.0776753 0)
(-0.299465 0.0642755 0)
(-0.334405 0.0508906 0)
(-0.358948 0.0378936 0)
(-0.374273 0.025489 0)
(-0.381411 0.0138114 0)
(-0.381111 0.00297178 0)
(-0.373843 -0.00706487 0)
(-0.359195 -0.0163169 0)
(-0.337619 -0.0248478 0)
(-0.309597 -0.0326465 0)
(-0.275681 -0.0396707 0)
(-0.236514 -0.0458457 0)
(-0.192808 -0.0511039 0)
(-0.145331 -0.0553769 0)
(-0.0948912 -0.0586428 0)
(-0.0423042 -0.0608363 0)
(0.0117125 -0.0618607 0)
(0.0662917 -0.0618334 0)
(0.120711 -0.060948 0)
(0.174313 -0.0593572 0)
(0.226544 -0.0571928 0)
(0.276956 -0.0545858 0)
(0.325213 -0.0516607 0)
(0.371083 -0.0485317 0)
(0.414421 -0.0452981 0)
(0.455161 -0.0420407 0)
(0.493297 -0.0388204 0)
(0.528869 -0.0356777 0)
(0.561945 -0.0326324 0)
(0.592606 -0.0296828 0)
(0.62093 -0.0268042 0)
(0.646975 -0.0239475 0)
(0.670763 -0.0210407 0)
(0.692289 -0.0179918 0)
(0.711612 -0.0147028 0)
(0.728964 -0.0110961 0)
(0.744791 -0.00717016 0)
(0.759412 -0.00305033 0)
(0.772101 0.00110989 0)
(0.782206 0.00524006 0)
(0.789234 0.00926892 0)
(0.792783 0.0131142 0)
(0.792501 0.016702 0)
(0.788112 0.0199495 0)
(0.779441 0.0227626 0)
(0.766432 0.0250555 0)
(0.749165 0.026766 0)
(0.727875 0.0278654 0)
(0.702953 0.0283637 0)
(0.674937 0.0283132 0)
(0.64448 0.0278039 0)
(0.612307 0.0269459 0)
(0.579176 0.0258322 0)
(0.545807 0.0245041 0)
(0.513032 0.0229168 0)
(0.481109 0.0210443 0)
(0.452788 0.0185927 0)
(0.420642 0.0170225 0)
(0.0177718 -0.0396533 0)
(0.112933 -0.117317 0)
(0.20646 -0.137105 0)
(0.271144 -0.113191 0)
(0.301679 -0.0696519 0)
(0.30425 -0.023395 0)
(0.285779 0.0166106 0)
(0.251868 0.0452345 0)
(0.207921 0.0625965 0)
(0.158249 0.0702214 0)
(0.106344 0.0701747 0)
(0.0546742 0.0650344 0)
(0.0062172 0.056357 0)
(-0.0352445 0.0448419 0)
(-0.0653651 0.0307975 0)
(-0.0803013 0.0149966 0)
(-0.0750438 3.98139e-05 0)
(-0.0485103 -0.0143485 0)
(-0.00244625 -0.0258776 0)
(0.0590102 -0.0332728 0)
(0.129972 -0.0362361 0)
(0.202059 -0.0351386 0)
(0.266035 -0.0315267 0)
(0.314762 -0.0281757 0)
(0.345805 -0.0266476 0)
(0.361782 -0.0246989 0)
(0.370693 -0.0180825 0)
(0.381336 -0.00712473 0)
(0.396524 0.00131417 0)
(0.41391 0.000370569 0)
(0.43051 -0.0118341 0)
(0.446222 -0.0316747 0)
(0.461701 -0.0543168 0)
(0.4774 -0.0746322 0)
(0.494183 -0.0881559 0)
(0.512577 -0.0913056 0)
(0.531639 -0.0828351 0)
(0.548983 -0.0659854 0)
(0.561605 -0.047267 0)
(0.56572 -0.0316083 0)
(0.553425 -0.0164278 0)
(0.497965 0.0146657 0)
(0.356549 0.0862424 0)
(0.107193 0.205264 0)
(-0.206645 0.328136 0)
(-0.510167 0.413704 0)
(-0.767903 0.451348 0)
(-0.969052 0.447718 0)
(-1.11676 0.414241 0)
(-1.22205 0.363385 0)
(-1.29774 0.306122 0)
(-1.354 0.249784 0)
(-1.39729 0.198195 0)
(-1.43088 0.152672 0)
(-1.45598 0.113106 0)
(-1.47275 0.078774 0)
(-1.481 0.0487922 0)
(-1.48071 0.0223935 0)
(-1.47189 -0.0010707 0)
(-1.45483 -0.022155 0)
(-1.43 -0.0411216 0)
(-1.39805 -0.0581299 0)
(-1.35957 -0.0733609 0)
(-1.3151 -0.0869838 0)
(-1.2652 -0.09916 0)
(-1.21038 -0.11004 0)
(-1.15112 -0.11975 0)
(-1.08788 -0.128391 0)
(-1.02108 -0.136036 0)
(-0.951125 -0.142734 0)
(-0.878414 -0.148508 0)
(-0.803344 -0.15336 0)
(-0.726325 -0.157276 0)
(-0.647779 -0.160233 0)
(-0.568152 -0.1622 0)
(-0.487905 -0.16315 0)
(-0.407519 -0.163062 0)
(-0.327487 -0.16194 0)
(-0.248326 -0.159823 0)
(-0.170597 -0.156751 0)
(-0.0946949 -0.152719 0)
(-0.0209703 -0.147619 0)
(0.0501809 -0.141417 0)
(0.118586 -0.1344 0)
(0.183851 -0.126895 0)
(0.245636 -0.118975 0)
(0.30374 -0.11071 0)
(0.358046 -0.102188 0)
(0.408497 -0.0934924 0)
(0.455086 -0.0846936 0)
(0.497851 -0.0758457 0)
(0.536875 -0.0669832 0)
(0.572289 -0.0581255 0)
(0.60427 -0.0493099 0)
(0.63303 -0.0406564 0)
(0.658771 -0.0323754 0)
(0.681688 -0.0246077 0)
(0.70204 -0.0172689 0)
(0.720167 -0.010155 0)
(0.736201 -0.00315289 0)
(0.749571 0.00362968 0)
(0.759551 0.00992732 0)
(0.76554 0.0153376 0)
(0.767112 0.0193381 0)
(0.76419 0.0213525 0)
(0.757035 0.020903 0)
(0.746082 0.0179379 0)
(0.731663 0.0133299 0)
(0.71358 0.00934711 0)
(0.6902 0.00969152 0)
(0.65802 0.0182777 0)
(0.612002 0.0376783 0)
(0.546925 0.0675861 0)
(0.460386 0.10425 0)
(0.355964 0.141126 0)
(0.243046 0.170599 0)
(0.133667 0.186949 0)
(0.0371178 0.188601 0)
(-0.0423161 0.177618 0)
(-0.107745 0.159694 0)
(-0.16145 0.138493 0)
(-0.205471 0.116364 0)
(-0.241173 0.0945351 0)
(-0.26928 0.0735576 0)
(-0.290117 0.0536065 0)
(-0.303738 0.0347092 0)
(-0.310212 0.0168447 0)
(-0.309468 -8.41646e-05 0)
(-0.301605 -0.016112 0)
(-0.286806 -0.0311587 0)
(-0.265398 -0.0451496 0)
(-0.237784 -0.0580058 0)
(-0.204447 -0.0696246 0)
(-0.16595 -0.0798459 0)
(-0.122967 -0.0885644 0)
(-0.0762222 -0.0956902 0)
(-0.0264539 -0.101111 0)
(0.0256983 -0.10464 0)
(0.0791933 -0.106445 0)
(0.133334 -0.106663 0)
(0.18742 -0.105482 0)
(0.240822 -0.103112 0)
(0.293006 -0.0997696 0)
(0.343551 -0.0956724 0)
(0.392146 -0.0910295 0)
(0.43858 -0.0860324 0)
(0.482733 -0.0808467 0)
(0.524557 -0.0756084 0)
(0.564065 -0.0704206 0)
(0.601309 -0.0653541 0)
(0.636372 -0.0604477 0)
(0.669353 -0.0557089 0)
(0.700359 -0.0511123 0)
(0.7295 -0.0465963 0)
(0.756894 -0.0420674 0)
(0.782666 -0.037433 0)
(0.806939 -0.0326615 0)
(0.829797 -0.027808 0)
(0.851267 -0.0229388 0)
(0.871365 -0.0180079 0)
(0.890151 -0.012871 0)
(0.907696 -0.00740661 0)
(0.923829 -0.0015628 0)
(0.938131 0.00464251 0)
(0.950173 0.0111333 0)
(0.959498 0.0177996 0)
(0.965553 0.0245038 0)
(0.967746 0.031075 0)
(0.965488 0.0373131 0)
(0.958261 0.0430054 0)
(0.945673 0.0479469 0)
(0.927534 0.0519638 0)
(0.903906 0.0549346 0)
(0.87514 0.0567994 0)
(0.841901 0.0575458 0)
(0.805087 0.0571879 0)
(0.765937 0.0557088 0)
(0.725105 0.0531552 0)
(0.685907 0.0493211 0)
(0.640857 0.0451351 0)
(0.0460657 -0.107739 0)
(0.154255 -0.211678 0)
(0.231291 -0.204016 0)
(0.263217 -0.143947 0)
(0.25787 -0.0709318 0)
(0.228975 -0.00361447 0)
(0.184358 0.050537 0)
(0.129909 0.0883917 0)
(0.0681769 0.111075 0)
(6.74615e-05 0.121241 0)
(-0.073578 0.121978 0)
(-0.147038 0.11506 0)
(-0.214464 0.100979 0)
(-0.269229 0.0797155 0)
(-0.306375 0.0517663 0)
(-0.322272 0.0194183 0)
(-0.315066 -0.0147508 0)
(-0.285976 -0.0480692 0)
(-0.234756 -0.0768982 0)
(-0.163438 -0.098877 0)
(-0.0753348 -0.112355 0)
(0.027269 -0.114366 0)
(0.13818 -0.106596 0)
(0.248461 -0.0907079 0)
(0.347753 -0.0705172 0)
(0.428304 -0.0500897 0)
(0.488805 -0.0320579 0)
(0.534054 -0.0183473 0)
(0.5697 -0.0111352 0)
(0.598676 -0.0127844 0)
(0.620912 -0.0236752 0)
(0.635401 -0.0412226 0)
(0.641947 -0.0612847 0)
(0.641921 -0.0797712 0)
(0.637972 -0.0928043 0)
(0.632488 -0.0961282 0)
(0.626165 -0.0870399 0)
(0.61763 -0.0674904 0)
(0.602648 -0.0425033 0)
(0.570801 -0.0121868 0)
(0.489331 0.0423433 0)
(0.314616 0.148281 0)
(0.030324 0.310565 0)
(-0.293767 0.46758 0)
(-0.581995 0.572545 0)
(-0.805829 0.614863 0)
(-0.964436 0.603583 0)
(-1.07121 0.5565 0)
(-1.144 0.490379 0)
(-1.19817 0.418159 0)
(-1.24331 0.347938 0)
(-1.28328 0.283434 0)
(-1.31836 0.225583 0)
(-1.34747 0.174029 0)
(-1.36935 0.128025 0)
(-1.3832 0.0868252 0)
(-1.38863 0.0498601 0)
(-1.38577 0.0166441 0)
(-1.37481 -0.0133245 0)
(-1.35614 -0.0404816 0)
(-1.33027 -0.0650883 0)
(-1.29774 -0.0873308 0)
(-1.2591 -0.107382 0)
(-1.21488 -0.125418 0)
(-1.16559 -0.141615 0)
(-1.11171 -0.156142 0)
(-1.05368 -0.169148 0)
(-0.991928 -0.180758 0)
(-0.926826 -0.191062 0)
(-0.858744 -0.200119 0)
(-0.788042 -0.207952 0)
(-0.715085 -0.214559 0)
(-0.640252 -0.21991 0)
(-0.563942 -0.223965 0)
(-0.486578 -0.226672 0)
(-0.408611 -0.227989 0)
(-0.330524 -0.227894 0)
(-0.252818 -0.226381 0)
(-0.176046 -0.223485 0)
(-0.100635 -0.219292 0)
(-0.0271006 -0.213638 0)
(0.0440949 -0.20636 0)
(0.112751 -0.197817 0)
(0.178492 -0.18831 0)
(0.240974 -0.178032 0)
(0.299967 -0.167149 0)
(0.355307 -0.155817 0)
(0.406904 -0.144178 0)
(0.454727 -0.132361 0)
(0.498794 -0.120474 0)
(0.539167 -0.10861 0)
(0.575943 -0.0968446 0)
(0.609264 -0.0852437 0)
(0.639309 -0.0738783 0)
(0.666292 -0.0628373 0)
(0.690417 -0.0522288 0)
(0.711847 -0.0421577 0)
(0.730727 -0.0327098 0)
(0.747242 -0.0239116 0)
(0.761689 -0.0156243 0)
(0.77449 -0.00756955 0)
(0.785828 0.000431288 0)
(0.795317 0.00824159 0)
(0.802188 0.0153872 0)
(0.80546 0.0211722 0)
(0.804108 0.0249818 0)
(0.797102 0.0267564 0)
(0.783248 0.0276085 0)
(0.760836 0.0303287 0)
(0.727345 0.0392794 0)
(0.679709 0.0592837 0)
(0.615302 0.0928953 0)
(0.533504 0.137878 0)
(0.437591 0.186928 0)
(0.335519 0.229726 0)
(0.237346 0.256953 0)
(0.150818 0.264489 0)
(0.0781855 0.254248 0)
(0.0173856 0.232177 0)
(-0.0348621 0.204704 0)
(-0.0804052 0.175836 0)
(-0.119876 0.147226 0)
(-0.153285 0.119469 0)
(-0.180325 0.0927345 0)
(-0.20068 0.067035 0)
(-0.214119 0.0423942 0)
(-0.220676 0.0188256 0)
(-0.220244 -0.00378129 0)
(-0.213057 -0.0254251 0)
(-0.199227 -0.0458612 0)
(-0.179024 -0.0650172 0)
(-0.15276 -0.0827367 0)
(-0.120921 -0.0988104 0)
(-0.0840071 -0.113046 0)
(-0.0426076 -0.125261 0)
(0.0026782 -0.135158 0)
(0.050928 -0.142585 0)
(0.101233 -0.147576 0)
(0.152847 -0.150185 0)
(0.205025 -0.150596 0)
(0.257072 -0.149056 0)
(0.308374 -0.145855 0)
(0.358423 -0.141304 0)
(0.406821 -0.135714 0)
(0.453285 -0.129384 0)
(0.497634 -0.122583 0)
(0.539775 -0.115544 0)
(0.579689 -0.108456 0)
(0.617413 -0.101462 0)
(0.653025 -0.0946594 0)
(0.68663 -0.0881049 0)
(0.71835 -0.0818141 0)
(0.748312 -0.0757672 0)
(0.776648 -0.0699151 0)
(0.803497 -0.0641885 0)
(0.829006 -0.0585124 0)
(0.853329 -0.0528205 0)
(0.876595 -0.0470613 0)
(0.898873 -0.0411922 0)
(0.920169 -0.0351741 0)
(0.94045 -0.0289822 0)
(0.959694 -0.0225808 0)
(0.977946 -0.0158844 0)
(0.995333 -0.00879108 0)
(1.01186 -0.00123476 0)
(1.02732 0.00681074 0)
(1.04148 0.0153514 0)
(1.05394 0.02435 0)
(1.06417 0.0337079 0)
(1.07148 0.04325 0)
(1.07506 0.0527202 0)
(1.07404 0.0617932 0)
(1.06762 0.0700996 0)
(1.05519 0.0772579 0)
(1.03643 0.0829052 0)
(1.01138 0.0867324 0)
(0.980647 0.0884975 0)
(0.944519 0.088089 0)
(0.906162 0.0854851 0)
(0.858904 0.0806981 0)
(0.0655098 -0.203669 0)
(0.152484 -0.29266 0)
(0.186458 -0.231248 0)
(0.173912 -0.132258 0)
(0.135202 -0.0371185 0)
(0.0829237 0.0431224 0)
(0.0227804 0.10336 0)
(-0.0495866 0.145713 0)
(-0.132338 0.172924 0)
(-0.222059 0.187109 0)
(-0.31378 0.188566 0)
(-0.400141 0.177037 0)
(-0.474005 0.152757 0)
(-0.529328 0.116582 0)
(-0.562494 0.0708973 0)
(-0.572208 0.0192438 0)
(-0.558457 -0.0347551 0)
(-0.522758 -0.0864627 0)
(-0.466059 -0.132482 0)
(-0.39014 -0.16997 0)
(-0.297138 -0.196686 0)
(-0.189184 -0.210972 0)
(-0.0688075 -0.211837 0)
(0.0621425 -0.197375 0)
(0.197387 -0.171345 0)
(0.328563 -0.137558 0)
(0.44718 -0.102287 0)
(0.547413 -0.0716307 0)
(0.627376 -0.0498239 0)
(0.687238 -0.0390048 0)
(0.727175 -0.0388173 0)
(0.7475 -0.0463096 0)
(0.750159 -0.057696 0)
(0.739486 -0.0700178 0)
(0.72064 -0.0797279 0)
(0.697003 -0.0812437 0)
(0.669306 -0.069811 0)
(0.635219 -0.0448209 0)
(0.586017 -0.00586703 0)
(0.489846 0.0649279 0)
(0.305651 0.194158 0)
(0.016638 0.386332 0)
(-0.301035 0.573443 0)
(-0.570888 0.698303 0)
(-0.768812 0.748093 0)
(-0.899655 0.735615 0)
(-0.982435 0.682211 0)
(-1.03812 0.608621 0)
(-1.08212 0.529219 0)
(-1.12224 0.451702 0)
(-1.16044 0.37909 0)
(-1.19571 0.312017 0)
(-1.22632 0.250286 0)
(-1.25081 0.193539 0)
(-1.26823 0.14145 0)
(-1.27805 0.0936968 0)
(-1.28012 0.0500473 0)
(-1.27454 0.0102397 0)
(-1.26146 -0.026127 0)
(-1.24126 -0.059285 0)
(-1.21435 -0.0894516 0)
(-1.18122 -0.116809 0)
(-1.1424 -0.141535 0)
(-1.09839 -0.163817 0)
(-1.04971 -0.183854 0)
(-0.996798 -0.201842 0)
(-0.940083 -0.217965 0)
(-0.879941 -0.232373 0)
(-0.816716 -0.245179 0)
(-0.750732 -0.256453 0)
(-0.682308 -0.266219 0)
(-0.611768 -0.274462 0)
(-0.539457 -0.281137 0)
(-0.465743 -0.286183 0)
(-0.391024 -0.28953 0)
(-0.315749 -0.291126 0)
(-0.240379 -0.290932 0)
(-0.165463 -0.288945 0)
(-0.0914205 -0.285228 0)
(-0.0188443 -0.279646 0)
(0.05168 -0.271987 0)
(0.119921 -0.262582 0)
(0.185478 -0.251736 0)
(0.247991 -0.239673 0)
(0.307195 -0.226623 0)
(0.362895 -0.212819 0)
(0.414961 -0.198473 0)
(0.46333 -0.18378 0)
(0.507995 -0.16891 0)
(0.548998 -0.154008 0)
(0.586421 -0.139196 0)
(0.620379 -0.124575 0)
(0.651013 -0.110235 0)
(0.678485 -0.0962646 0)
(0.702962 -0.0827696 0)
(0.724605 -0.0698681 0)
(0.743561 -0.0576668 0)
(0.759968 -0.0462268 0)
(0.773975 -0.0355485 0)
(0.785749 -0.0255692 0)
(0.79551 -0.0161444 0)
(0.80355 -0.00703747 0)
(0.810147 0.00197815 0)
(0.815227 0.0109021 0)
(0.818151 0.0194513 0)
(0.81769 0.0272916 0)
(0.812005 0.0345888 0)
(0.798657 0.0427579 0)
(0.774701 0.0549753 0)
(0.737127 0.0757728 0)
(0.683837 0.109282 0)
(0.614885 0.156264 0)
(0.533392 0.211808 0)
(0.445526 0.265856 0)
(0.35917 0.306765 0)
(0.280885 0.326433 0)
(0.213254 0.323904 0)
(0.155014 0.304342 0)
(0.103572 0.275256 0)
(0.0570025 0.242554 0)
(0.0150068 0.20904 0)
(-0.0218647 0.175781 0)
(-0.0532533 0.143136 0)
(-0.0786908 0.111226 0)
(-0.0978926 0.0801314 0)
(-0.1107 0.0500407 0)
(-0.117196 0.0209928 0)
(-0.117266 -0.00701912 0)
(-0.111056 -0.0340133 0)
(-0.0985762 -0.0595143 0)
(-0.0801105 -0.0836215 0)
(-0.0557505 -0.106075 0)
(-0.0258532 -0.126561 0)
(0.00921026 -0.144675 0)
(0.0485963 -0.16012 0)
(0.0915201 -0.172674 0)
(0.13725 -0.182159 0)
(0.184999 -0.188535 0)
(0.23398 -0.191897 0)
(0.283437 -0.192457 0)
(0.332681 -0.190526 0)
(0.381116 -0.186478 0)
(0.42826 -0.180716 0)
(0.473746 -0.173648 0)
(0.517321 -0.165661 0)
(0.558834 -0.157101 0)
(0.598223 -0.148268 0)
(0.635493 -0.139402 0)
(0.670706 -0.130686 0)
(0.70396 -0.122244 0)
(0.735377 -0.11415 0)
(0.765095 -0.106428 0)
(0.793253 -0.0990644 0)
(0.819995 -0.0920089 0)
(0.845463 -0.0851896 0)
(0.869796 -0.0785255 0)
(0.89312 -0.0719428 0)
(0.91554 -0.0653836 0)
(0.937123 -0.0587947 0)
(0.957911 -0.0521089 0)
(0.977923 -0.0452452 0)
(0.997152 -0.0381302 0)
(1.01556 -0.0307125 0)
(1.03311 -0.0229449 0)
(1.04979 -0.014763 0)
(1.06564 -0.00609744 0)
(1.08068 0.00310092 0)
(1.09488 0.0128799 0)
(1.1082 0.0232823 0)
(1.12047 0.0343215 0)
(1.13136 0.0459488 0)
(1.14035 0.0580123 0)
(1.14663 0.0702214 0)
(1.14924 0.0821337 0)
(1.14712 0.0931767 0)
(1.13925 0.102713 0)
(1.12504 0.110135 0)
(1.10362 0.114905 0)
(1.07687 0.116855 0)
(1.03879 0.114895 0)
(0.0590463 -0.295375 0)
(0.104911 -0.327711 0)
(0.0923128 -0.211842 0)
(0.0498089 -0.0915549 0)
(-0.00529972 0.0131869 0)
(-0.0730787 0.0992175 0)
(-0.156327 0.167381 0)
(-0.251849 0.217978 0)
(-0.356003 0.251675 0)
(-0.462636 0.267886 0)
(-0.56388 0.265185 0)
(-0.65213 0.24325 0)
(-0.721509 0.203557 0)
(-0.768288 0.149071 0)
(-0.790885 0.0837088 0)
(-0.789459 0.0123012 0)
(-0.765557 -0.0601898 0)
(-0.720887 -0.129175 0)
(-0.657019 -0.191095 0)
(-0.575732 -0.243054 0)
(-0.478898 -0.282703 0)
(-0.368516 -0.308088 0)
(-0.246463 -0.318134 0)
(-0.11483 -0.312541 0)
(0.0252248 -0.290865 0)
(0.169957 -0.255899 0)
(0.312245 -0.21252 0)
(0.443713 -0.167226 0)
(0.557028 -0.126791 0)
(0.647162 -0.0955671 0)
(0.71101 -0.0743346 0)
(0.747171 -0.0616068 0)
(0.758089 -0.0560668 0)
(0.750166 -0.0565725 0)
(0.729595 -0.058806 0)
(0.698995 -0.0544156 0)
(0.657787 -0.0356766 0)
(0.599925 0.00288873 0)
(0.50062 0.0789948 0)
(0.323457 0.21729 0)
(0.0494447 0.426313 0)
(-0.256355 0.640084 0)
(-0.512863 0.789376 0)
(-0.695579 0.854679 0)
(-0.81141 0.849157 0)
(-0.88145 0.797496 0)
(-0.927658 0.72283 0)
(-0.965192 0.640928 0)
(-1.00092 0.55957 0)
(-1.03604 0.481471 0)
(-1.06935 0.407242 0)
(-1.09923 0.336998 0)
(-1.12433 0.270834 0)
(-1.14368 0.20882 0)
(-1.1566 0.150979 0)
(-1.1626 0.0972406 0)
(-1.16157 0.0475381 0)
(-1.15343 0.00174784 0)
(-1.13834 -0.0404222 0)
(-1.11659 -0.0790907 0)
(-1.08853 -0.114397 0)
(-1.05465 -0.146484 0)
(-1.01546 -0.175517 0)
(-0.971489 -0.201691 0)
(-0.923222 -0.225229 0)
(-0.871118 -0.246365 0)
(-0.815573 -0.26532 0)
(-0.756935 -0.282281 0)
(-0.695511 -0.297385 0)
(-0.631584 -0.310711 0)
(-0.565434 -0.322282 0)
(-0.497346 -0.332069 0)
(-0.427629 -0.340007 0)
(-0.356624 -0.346022 0)
(-0.284709 -0.35001 0)
(-0.212323 -0.351893 0)
(-0.139903 -0.351655 0)
(-0.0679219 -0.34923 0)
(0.00294527 -0.344459 0)
(0.0721583 -0.337152 0)
(0.139409 -0.32764 0)
(0.204225 -0.316146 0)
(0.266237 -0.302916 0)
(0.325136 -0.288228 0)
(0.380685 -0.272371 0)
(0.432717 -0.255635 0)
(0.481131 -0.23829 0)
(0.525888 -0.220578 0)
(0.567002 -0.202714 0)
(0.604536 -0.184879 0)
(0.638591 -0.167224 0)
(0.669298 -0.149873 0)
(0.69681 -0.132931 0)
(0.721288 -0.116491 0)
(0.742891 -0.100652 0)
(0.76176 -0.0855117 0)
(0.778013 -0.0711624 0)
(0.791757 -0.0576725 0)
(0.803105 -0.0450647 0)
(0.812189 -0.0332932 0)
(0.819177 -0.0222277 0)
(0.824262 -0.0116675 0)
(0.827658 -0.00137255 0)
(0.82951 0.0088939 0)
(0.829581 0.0193547 0)
(0.826952 0.0303586 0)
(0.819806 0.0427865 0)
(0.805449 0.0585963 0)
(0.780725 0.0810297 0)
(0.742948 0.113871 0)
(0.691181 0.159508 0)
(0.627224 0.216362 0)
(0.555635 0.277336 0)
(0.48246 0.331259 0)
(0.413271 0.367299 0)
(0.351161 0.37986 0)
(0.296095 0.370594 0)
(0.246327 0.346052 0)
(0.200419 0.313387 0)
(0.157885 0.277431 0)
(0.119207 0.240419 0)
(0.0850233 0.203128 0)
(0.0559167 0.165947 0)
(0.0322013 0.129192 0)
(0.0142097 0.0931157 0)
(0.00222575 0.0579424 0)
(-0.00395205 0.0237719 0)
(-0.00435892 -0.00931572 0)
(0.00128425 -0.0411555 0)
(0.0129554 -0.0716361 0)
(0.0299564 -0.100525 0)
(0.0524391 -0.127492 0)
(0.0800506 -0.152141 0)
(0.11234 -0.174032 0)
(0.148763 -0.192735 0)
(0.188651 -0.207927 0)
(0.23124 -0.219397 0)
(0.275728 -0.227091 0)
(0.321325 -0.231121 0)
(0.367283 -0.231752 0)
(0.412936 -0.229368 0)
(0.457721 -0.224433 0)
(0.501193 -0.217447 0)
(0.543023 -0.208916 0)
(0.583001 -0.199314 0)
(0.621011 -0.189068 0)
(0.657027 -0.178538 0)
(0.691085 -0.168016 0)
(0.72327 -0.157718 0)
(0.753703 -0.147795 0)
(0.782521 -0.138332 0)
(0.809871 -0.12936 0)
(0.835902 -0.120865 0)
(0.860755 -0.112796 0)
(0.884569 -0.105078 0)
(0.907469 -0.0976251 0)
(0.929567 -0.0903466 0)
(0.950952 -0.0831552 0)
(0.971682 -0.0759644 0)
(0.991787 -0.0686864 0)
(1.01128 -0.061234 0)
(1.03014 -0.053524 0)
(1.04836 -0.0454785 0)
(1.06589 -0.0370279 0)
(1.08268 -0.0281162 0)
(1.09865 -0.0187022 0)
(1.11375 -0.00875488 0)
(1.12793 0.00174093 0)
(1.14117 0.0127964 0)
(1.15349 0.0244333 0)
(1.16494 0.0366849 0)
(1.17554 0.0495795 0)
(1.18519 0.0630924 0)
(1.19356 0.0770752 0)
(1.2 0.0911923 0)
(1.20348 0.104894 0)
(1.20287 0.117484 0)
(1.19647 0.128104 0)
(1.18452 0.136321 0)
(1.16164 0.140266 0)
(0.0338208 -0.354483 0)
(0.0371339 -0.312193 0)
(-0.00739552 -0.169525 0)
(-0.0657832 -0.0413821 0)
(-0.141099 0.0736936 0)
(-0.233865 0.171127 0)
(-0.340817 0.249558 0)
(-0.457164 0.308019 0)
(-0.576321 0.344288 0)
(-0.689949 0.356116 0)
(-0.790019 0.342521 0)
(-0.870503 0.304751 0)
(-0.927853 0.246255 0)
(-0.960777 0.171949 0)
(-0.969723 0.086826 0)
(-0.955913 -0.00318449 0)
(-0.921663 -0.0927201 0)
(-0.868556 -0.177386 0)
(-0.798187 -0.253614 0)
(-0.712152 -0.318483 0)
(-0.612083 -0.369616 0)
(-0.499628 -0.405158 0)
(-0.376598 -0.423825 0)
(-0.244853 -0.425071 0)
(-0.106484 -0.409364 0)
(0.0374869 -0.377022 0)
(0.18323 -0.330817 0)
(0.323137 -0.2761 0)
(0.448942 -0.219756 0)
(0.553213 -0.167619 0)
(0.630449 -0.122707 0)
(0.678679 -0.0867412 0)
(0.701046 -0.0619027 0)
(0.703391 -0.0481407 0)
(0.689144 -0.038766 0)
(0.658212 -0.0227307 0)
(0.606005 0.0117654 0)
(0.514742 0.0849046 0)
(0.356121 0.220558 0)
(0.109335 0.431309 0)
(-0.179721 0.667057 0)
(-0.427968 0.845591 0)
(-0.604481 0.936003 0)
(-0.714273 0.946891 0)
(-0.77821 0.903884 0)
(-0.818504 0.832791 0)
(-0.850511 0.751282 0)
(-0.881226 0.668215 0)
(-0.912024 0.586698 0)
(-0.941993 0.507514 0)
(-0.96981 0.430968 0)
(-0.994291 0.357385 0)
(-1.01443 0.28709 0)
(-1.02934 0.220326 0)
(-1.03837 0.157269 0)
(-1.04094 0.09803 0)
(-1.037 0.0427095 0)
(-1.02638 -0.0086901 0)
(-1.00928 -0.0563313 0)
(-0.985905 -0.100195 0)
(-0.956607 -0.140338 0)
(-0.921853 -0.176849 0)
(-0.882165 -0.209871 0)
(-0.83807 -0.239609 0)
(-0.790074 -0.266318 0)
(-0.738622 -0.290278 0)
(-0.684092 -0.311761 0)
(-0.626796 -0.330997 0)
(-0.567004 -0.348149 0)
(-0.504968 -0.363305 0)
(-0.440933 -0.37649 0)
(-0.375159 -0.387667 0)
(-0.307935 -0.396742 0)
(-0.23958 -0.403614 0)
(-0.17048 -0.408173 0)
(-0.100949 -0.410346 0)
(-0.0315628 -0.409949 0)
(0.0370462 -0.406694 0)
(0.104442 -0.400577 0)
(0.170181 -0.391755 0)
(0.233784 -0.380391 0)
(0.294843 -0.366716 0)
(0.35301 -0.351031 0)
(0.408004 -0.333672 0)
(0.459617 -0.314988 0)
(0.507709 -0.295324 0)
(0.552207 -0.275001 0)
(0.593095 -0.254311 0)
(0.630408 -0.233508 0)
(0.664223 -0.212809 0)
(0.694654 -0.192391 0)
(0.721843 -0.172399 0)
(0.745949 -0.152947 0)
(0.767142 -0.134131 0)
(0.785584 -0.116035 0)
(0.801416 -0.0987394 0)
(0.814749 -0.0823194 0)
(0.825669 -0.0668379 0)
(0.834258 -0.0523267 0)
(0.840612 -0.0387619 0)
(0.844861 -0.0260422 0)
(0.847179 -0.013982 0)
(0.847741 -0.00230977 0)
(0.846655 0.00936385 0)
(0.843763 0.0216412 0)
(0.838356 0.0354983 0)
(0.828955 0.0525422 0)
(0.813315 0.0752315 0)
(0.788904 0.106665 0)
(0.753868 0.149548 0)
(0.708149 0.204371 0)
(0.654096 0.26751 0)
(0.595932 0.330643 0)
(0.538181 0.382813 0)
(0.484007 0.414779 0)
(0.434356 0.422979 0)
(0.388406 0.410276 0)
(0.34502 0.383226 0)
(0.303956 0.348301 0)
(0.265651 0.309673 0)
(0.231002 0.269411 0)
(0.200617 0.22846 0)
(0.174826 0.187327 0)
(0.153804 0.146388 0)
(0.137734 0.105947 0)
(0.126749 0.06616 0)
(0.120852 0.0272422 0)
(0.119988 -0.0105535 0)
(0.124255 -0.0468743 0)
(0.133889 -0.082003 0)
(0.148705 -0.115421 0)
(0.168668 -0.146718 0)
(0.193516 -0.175404 0)
(0.222816 -0.200919 0)
(0.256012 -0.222731 0)
(0.292434 -0.240422 0)
(0.331331 -0.253736 0)
(0.371919 -0.262613 0)
(0.41343 -0.267194 0)
(0.455152 -0.267802 0)
(0.496461 -0.264901 0)
(0.536844 -0.259049 0)
(0.575907 -0.250849 0)
(0.613379 -0.240899 0)
(0.649096 -0.229765 0)
(0.68299 -0.217944 0)
(0.715075 -0.205859 0)
(0.745419 -0.193845 0)
(0.774135 -0.18215 0)
(0.801361 -0.170942 0)
(0.827247 -0.160317 0)
(0.851949 -0.150306 0)
(0.875613 -0.140892 0)
(0.89838 -0.132018 0)
(0.920377 -0.123599 0)
(0.941714 -0.115534 0)
(0.962484 -0.107716 0)
(0.982756 -0.100038 0)
(1.00257 -0.0923939 0)
(1.02195 -0.084678 0)
(1.04089 -0.0767863 0)
(1.05937 -0.0686206 0)
(1.07736 -0.0600912 0)
(1.0948 -0.0511198 0)
(1.11163 -0.04164 0)
(1.12778 -0.0315968 0)
(1.14317 -0.0209466 0)
(1.15771 -0.00966252 0)
(1.1713 0.00225237 0)
(1.18384 0.0147687 0)
(1.19528 0.0278431 0)
(1.20561 0.0414393 0)
(1.21492 0.0555429 0)
(1.22333 0.0701487 0)
(1.23087 0.0852107 0)
(1.23728 0.100555 0)
(1.24206 0.115849 0)
(1.24382 0.130429 0)
(1.2421 0.143896 0)
(1.23257 0.154302 0)
(0.0048976 -0.368072 0)
(-0.0280012 -0.269206 0)
(-0.0949421 -0.118791 0)
(-0.176327 0.0251854 0)
(-0.276218 0.153514 0)
(-0.391669 0.262287 0)
(-0.517489 0.348992 0)
(-0.646593 0.41 0)
(-0.770418 0.441761 0)
(-0.880538 0.442333 0)
(-0.970638 0.412443 0)
(-1.03719 0.355517 0)
(-1.07914 0.27692 0)
(-1.09709 0.183027 0)
(-1.0929 0.0794343 0)
(-1.0683 -0.0273712 0)
(-1.02566 -0.132241 0)
(-0.966355 -0.230914 0)
(-0.891845 -0.319907 0)
(-0.80343 -0.396331 0)
(-0.702336 -0.457813 0)
(-0.589803 -0.50248 0)
(-0.467177 -0.529054 0)
(-0.336135 -0.536793 0)
(-0.198607 -0.525665 0)
(-0.0566512 -0.496647 0)
(0.088063 -0.448867 0)
(0.229347 -0.386471 0)
(0.358213 -0.315677 0)
(0.466555 -0.243418 0)
(0.548745 -0.175735 0)
(0.603906 -0.118414 0)
(0.635344 -0.0759019 0)
(0.645991 -0.0467158 0)
(0.635502 -0.0217602 0)
(0.599789 0.013613 0)
(0.524914 0.0823204 0)
(0.391257 0.208195 0)
(0.17993 0.408526 0)
(-0.0857736 0.655793 0)
(-0.327373 0.865371 0)
(-0.503751 0.98935 0)
(-0.613849 1.02629 0)
(-0.676126 0.999265 0)
(-0.712535 0.936053 0)
(-0.739237 0.857418 0)
(-0.764223 0.774453 0)
(-0.789703 0.691429 0)
(-0.815335 0.609514 0)
(-0.840119 0.529058 0)
(-0.862959 0.450363 0)
(-0.88275 0.37379 0)
(-0.898462 0.299725 0)
(-0.909204 0.228539 0)
(-0.914371 0.160574 0)
(-0.913426 0.0961794 0)
(-0.906509 0.0356297 0)
(-0.893367 -0.0210506 0)
(-0.874288 -0.0738011 0)
(-0.849376 -0.122518 0)
(-0.818961 -0.167173 0)
(-0.783484 -0.207797 0)
(-0.743455 -0.244499 0)
(-0.699402 -0.277488 0)
(-0.651821 -0.307057 0)
(-0.601138 -0.333544 0)
(-0.547702 -0.357279 0)
(-0.49178 -0.378546 0)
(-0.43359 -0.397533 0)
(-0.373355 -0.414327 0)
(-0.311308 -0.428954 0)
(-0.247699 -0.441351 0)
(-0.182838 -0.451419 0)
(-0.116955 -0.459085 0)
(-0.0504771 -0.464135 0)
(0.0160243 -0.466301 0)
(0.0820882 -0.465277 0)
(0.147293 -0.461108 0)
(0.211128 -0.453774 0)
(0.273122 -0.443345 0)
(0.332838 -0.430016 0)
(0.389893 -0.414074 0)
(0.443969 -0.395872 0)
(0.494818 -0.375804 0)
(0.542265 -0.354279 0)
(0.586204 -0.331697 0)
(0.626589 -0.308431 0)
(0.66343 -0.284815 0)
(0.69678 -0.261139 0)
(0.726732 -0.23765 0)
(0.753406 -0.214551 0)
(0.776945 -0.192004 0)
(0.79751 -0.170135 0)
(0.815273 -0.149042 0)
(0.830402 -0.128797 0)
(0.843044 -0.109457 0)
(0.853321 -0.0910714 0)
(0.861317 -0.0736844 0)
(0.867093 -0.057326 0)
(0.870709 -0.0419915 0)
(0.872254 -0.0276126 0)
(0.871869 -0.0140269 0)
(0.86971 -0.000934867 0)
(0.865872 0.0121878 0)
(0.860243 0.0262418 0)
(0.852308 0.0426714 0)
(0.841019 0.0636084 0)
(0.824834 0.0918221 0)
(0.802121 0.130163 0)
(0.771885 0.180348 0)
(0.734531 0.241354 0)
(0.692134 0.308187 0)
(0.64779 0.372066 0)
(0.604279 0.422754 0)
(0.562958 0.452389 0)
(0.52366 0.458558 0)
(0.485553 0.444417 0)
(0.448213 0.416058 0)
(0.412158 0.379387 0)
(0.378318 0.338368 0)
(0.347616 0.295158 0)
(0.320633 0.250916 0)
(0.29767 0.206305 0)
(0.278891 0.161747 0)
(0.264419 0.117523 0)
(0.254358 0.0738219 0)
(0.248754 0.0308662 0)
(0.247628 -0.0110596 0)
(0.251056 -0.0516954 0)
(0.259369 -0.0910111 0)
(0.272435 -0.128604 0)
(0.290182 -0.163931 0)
(0.312372 -0.19636 0)
(0.338603 -0.225213 0)
(0.36834 -0.249858 0)
(0.400932 -0.269796 0)
(0.435661 -0.284728 0)
(0.47178 -0.294592 0)
(0.508572 -0.299563 0)
(0.545383 -0.300028 0)
(0.581656 -0.296538 0)
(0.616948 -0.289749 0)
(0.65094 -0.280361 0)
(0.683424 -0.26907 0)
(0.714301 -0.256523 0)
(0.743557 -0.243287 0)
(0.771248 -0.229836 0)
(0.797478 -0.216545 0)
(0.822385 -0.203685 0)
(0.846122 -0.191438 0)
(0.868849 -0.179901 0)
(0.890721 -0.169104 0)
(0.911879 -0.159021 0)
(0.932453 -0.149582 0)
(0.952553 -0.14069 0)
(0.97227 -0.132229 0)
(0.991674 -0.124073 0)
(1.01081 -0.116096 0)
(1.02971 -0.108172 0)
(1.04838 -0.100175 0)
(1.06678 -0.0919876 0)
(1.0849 -0.0834972 0)
(1.10269 -0.0746015 0)
(1.12007 -0.0652094 0)
(1.13698 -0.0552443 0)
(1.15333 -0.0446465 0)
(1.16901 -0.0333735 0)
(1.18394 -0.0213956 0)
(1.19802 -0.00869732 0)
(1.21113 0.00470635 0)
(1.22315 0.0187682 0)
(1.23393 0.0334021 0)
(1.2434 0.0485044 0)
(1.25153 0.0639787 0)
(1.25842 0.0797637 0)
(1.26416 0.0958207 0)
(1.26887 0.112129 0)
(1.27211 0.128468 0)
(1.27376 0.144806 0)
(1.27116 0.159845 0)
(-0.0191239 -0.339876 0)
(-0.0844719 -0.214967 0)
(-0.174438 -0.0464167 0)
(-0.280121 0.11091 0)
(-0.401089 0.250871 0)
(-0.533371 0.368302 0)
(-0.669888 0.458015 0)
(-0.801966 0.51487 0)
(-0.920903 0.535543 0)
(-1.0199 0.519745 0)
(-1.09512 0.4705 0)
(-1.14549 0.393363 0)
(-1.17192 0.295135 0)
(-1.17606 0.183056 0)
(-1.1605 0.0629945 0)
(-1.12728 -0.0586381 0)
(-1.07857 -0.176879 0)
(-1.01571 -0.287715 0)
(-0.939971 -0.387838 0)
(-0.852363 -0.474503 0)
(-0.753712 -0.545391 0)
(-0.644786 -0.598593 0)
(-0.526424 -0.632704 0)
(-0.399662 -0.646906 0)
(-0.265816 -0.640879 0)
(-0.127048 -0.614664 0)
(0.0155134 -0.567169 0)
(0.157879 -0.497788 0)
(0.290276 -0.412826 0)
(0.403236 -0.321071 0)
(0.490982 -0.232405 0)
(0.552454 -0.155724 0)
(0.588805 -0.0954193 0)
(0.599843 -0.047891 0)
(0.582717 -0.000821466 0)
(0.52719 0.0683322 0)
(0.419473 0.183829 0)
(0.246576 0.366308 0)
(0.0130865 0.610806 0)
(-0.218967 0.846725 0)
(-0.397568 1.00964 0)
(-0.512264 1.08183 0)
(-0.576415 1.07917 0)
(-0.610753 1.02937 0)
(-0.632436 0.956666 0)
(-0.65113 0.875705 0)
(-0.670388 0.792897 0)
(-0.690681 0.710223 0)
(-0.711379 0.628088 0)
(-0.731451 0.546598 0)
(-0.749659 0.465932 0)
(-0.764758 0.386446 0)
(-0.775732 0.308667 0)
(-0.781858 0.233197 0)
(-0.78272 0.160597 0)
(-0.77802 0.0914698 0)
(-0.768029 0.0262093 0)
(-0.752508 -0.0352761 0)
(-0.731712 -0.0926786 0)
(-0.705636 -0.145849 0)
(-0.674527 -0.194669 0)
(-0.638768 -0.239085 0)
(-0.598849 -0.279157 0)
(-0.555293 -0.315095 0)
(-0.508576 -0.347235 0)
(-0.459081 -0.375985 0)
(-0.407098 -0.401743 0)
(-0.352835 -0.424852 0)
(-0.296454 -0.44552 0)
(-0.238133 -0.463808 0)
(-0.178092 -0.479753 0)
(-0.116557 -0.493293 0)
(-0.0538732 -0.504283 0)
(0.00950693 -0.512509 0)
(0.073136 -0.517575 0)
(0.136588 -0.519402 0)
(0.199398 -0.5178 0)
(0.261094 -0.512644 0)
(0.321197 -0.503918 0)
(0.379262 -0.491735 0)
(0.434883 -0.476326 0)
(0.487715 -0.458025 0)
(0.537478 -0.437244 0)
(0.583969 -0.414439 0)
(0.627054 -0.390075 0)
(0.666664 -0.364605 0)
(0.702789 -0.338448 0)
(0.735462 -0.311976 0)
(0.764757 -0.285512 0)
(0.790776 -0.259325 0)
(0.813644 -0.233637 0)
(0.833502 -0.208627 0)
(0.850506 -0.18443 0)
(0.86482 -0.161149 0)
(0.876609 -0.138847 0)
(0.886029 -0.117566 0)
(0.893213 -0.0973278 0)
(0.898257 -0.0781466 0)
(0.90122 -0.0600353 0)
(0.90214 -0.0429933 0)
(0.901062 -0.0269808 0)
(0.898078 -0.0118694 0)
(0.893318 0.00264591 0)
(0.886891 0.0171871 0)
(0.87878 0.0328652 0)
(0.868732 0.0514272 0)
(0.856185 0.0753152 0)
(0.840331 0.107429 0)
(0.820379 0.150366 0)
(0.796001 0.205133 0)
(0.767736 0.269748 0)
(0.73703 0.338482 0)
(0.705702 0.402527 0)
(0.675022 0.452386 0)
(0.645132 0.481172 0)
(0.615306 0.486997 0)
(0.584839 0.472816 0)
(0.553763 0.444111 0)
(0.522955 0.406314 0)
(0.493599 0.363359 0)
(0.466678 0.317615 0)
(0.442818 0.270473 0)
(0.422386 0.222776 0)
(0.405596 0.175022 0)
(0.392601 0.127509 0)
(0.383535 0.0804284 0)
(0.378461 0.033974 0)
(0.377363 -0.0115726 0)
(0.380301 -0.0559555 0)
(0.387602 -0.099023 0)
(0.399141 -0.140334 0)
(0.414831 -0.179244 0)
(0.434426 -0.214995 0)
(0.457531 -0.246788 0)
(0.483623 -0.27389 0)
(0.512079 -0.295729 0)
(0.542222 -0.311972 0)
(0.573368 -0.322562 0)
(0.604873 -0.327717 0)
(0.636169 -0.327897 0)
(0.666794 -0.323742 0)
(0.696397 -0.316006 0)
(0.724749 -0.305488 0)
(0.751727 -0.292971 0)
(0.777301 -0.279177 0)
(0.801519 -0.264734 0)
(0.824481 -0.25016 0)
(0.846327 -0.235857 0)
(0.867215 -0.222115 0)
(0.887309 -0.209117 0)
(0.906771 -0.19696 0)
(0.925747 -0.185662 0)
(0.944367 -0.175185 0)
(0.962741 -0.165443 0)
(0.980956 -0.156322 0)
(0.999079 -0.147688 0)
(1.01715 -0.139399 0)
(1.0352 -0.131309 0)
(1.05324 -0.123274 0)
(1.07123 -0.115155 0)
(1.08916 -0.106818 0)
(1.10698 -0.0981384 0)
(1.12461 -0.0890022 0)
(1.14199 -0.0793083 0)
(1.15903 -0.0689701 0)
(1.17562 -0.0579185 0)
(1.19165 -0.0461045 0)
(1.20702 -0.0334989 0)
(1.22159 -0.0200883 0)
(1.23526 -0.00587615 0)
(1.24791 0.00910387 0)
(1.25939 0.024787 0)
(1.26956 0.0410628 0)
(1.27825 0.0577869 0)
(1.28534 0.0748041 0)
(1.29077 0.0919807 0)
(1.29466 0.109278 0)
(1.297 0.126655 0)
(1.29813 0.144342 0)
(1.2969 0.161827 0)
(-0.0371107 -0.285075 0)
(-0.131425 -0.135818 0)
(-0.242989 0.0435899 0)
(-0.367878 0.21226 0)
(-0.504219 0.361 0)
(-0.645769 0.482197 0)
(-0.784337 0.568744 0)
(-0.911068 0.615319 0)
(-1.01855 0.619999 0)
(-1.10225 0.584816 0)
(-1.16071 0.515115 0)
(-1.19473 0.418166 0)
(-1.20641 0.301705 0)
(-1.19816 0.17338 0)
(-1.17293 0.0392408 0)
(-1.13323 -0.0949329 0)
(-1.08068 -0.224336 0)
(-1.01666 -0.345232 0)
(-0.942294 -0.454565 0)
(-0.858372 -0.549823 0)
(-0.765431 -0.628826 0)
(-0.66395 -0.689679 0)
(-0.554465 -0.730933 0)
(-0.437469 -0.751728 0)
(-0.313481 -0.751621 0)
(-0.183258 -0.729911 0)
(-0.0479439 -0.685684 0)
(0.0919941 -0.613682 0)
(0.22844 -0.517843 0)
(0.349524 -0.408446 0)
(0.446426 -0.298651 0)
(0.514311 -0.199673 0)
(0.550774 -0.116003 0)
(0.553646 -0.0424332 0)
(0.517718 0.0375889 0)
(0.435209 0.14818 0)
(0.297892 0.312375 0)
(0.104352 0.539718 0)
(-0.110448 0.790529 0)
(-0.289392 0.991603 0)
(-0.41057 1.10641 0)
(-0.47946 1.13745 0)
(-0.513787 1.10854 0)
(-0.531214 1.04629 0)
(-0.543358 0.969748 0)
(-0.555574 0.888742 0)
(-0.569424 0.806885 0)
(-0.5848 0.724953 0)
(-0.600815 0.642822 0)
(-0.61612 0.560302 0)
(-0.629238 0.477501 0)
(-0.638926 0.394938 0)
(-0.644422 0.313447 0)
(-0.64537 0.233962 0)
(-0.641607 0.157251 0)
(-0.633199 0.0840326 0)
(-0.620329 0.0146485 0)
(-0.602919 -0.0509975 0)
(-0.580973 -0.112531 0)
(-0.554338 -0.169728 0)
(-0.523135 -0.22236 0)
(-0.487666 -0.270252 0)
(-0.448396 -0.313378 0)
(-0.405856 -0.351949 0)
(-0.360524 -0.386369 0)
(-0.312751 -0.417139 0)
(-0.262725 -0.444735 0)
(-0.210539 -0.469556 0)
(-0.156307 -0.491853 0)
(-0.10011 -0.511643 0)
(-0.0421595 -0.52893 0)
(0.0171859 -0.54352 0)
(0.0774929 -0.555087 0)
(0.13828 -0.56351 0)
(0.199093 -0.56855 0)
(0.259464 -0.569962 0)
(0.31891 -0.567536 0)
(0.376962 -0.561169 0)
(0.433166 -0.550865 0)
(0.487107 -0.536764 0)
(0.538419 -0.519141 0)
(0.586806 -0.498387 0)
(0.632043 -0.474974 0)
(0.673981 -0.449416 0)
(0.712536 -0.422235 0)
(0.747683 -0.39393 0)
(0.779445 -0.36496 0)
(0.807884 -0.335729 0)
(0.833088 -0.306584 0)
(0.855168 -0.277812 0)
(0.87425 -0.249649 0)
(0.89047 -0.222284 0)
(0.903973 -0.195859 0)
(0.914908 -0.170481 0)
(0.923433 -0.146216 0)
(0.9297 -0.123092 0)
(0.933851 -0.10111 0)
(0.935998 -0.0802544 0)
(0.936214 -0.0605065 0)
(0.934531 -0.041851 0)
(0.930968 -0.0242611 0)
(0.925574 -0.0076444 0)
(0.918423 0.00828379 0)
(0.909651 0.0241738 0)
(0.899361 0.0412328 0)
(0.887598 0.0613513 0)
(0.874297 0.0871111 0)
(0.85932 0.121436 0)
(0.842577 0.16674 0)
(0.824214 0.223639 0)
(0.804741 0.289699 0)
(0.784941 0.358954 0)
(0.765502 0.422824 0)
(0.746508 0.472447 0)
(0.727246 0.501555 0)
(0.706635 0.508352 0)
(0.683997 0.495306 0)
(0.659546 0.46722 0)
(0.634287 0.429095 0)
(0.609514 0.384862 0)
(0.586324 0.337147 0)
(0.565469 0.287604 0)
(0.547434 0.237255 0)
(0.532532 0.186698 0)
(0.520971 0.136274 0)
(0.512909 0.0861898 0)
(0.508421 0.0366378 0)
(0.507481 -0.0121052 0)
(0.51012 -0.0597714 0)
(0.516615 -0.106147 0)
(0.526801 -0.150712 0)
(0.540553 -0.192722 0)
(0.557588 -0.231304 0)
(0.577495 -0.265551 0)
(0.599756 -0.29464 0)
(0.623779 -0.317943 0)
(0.648947 -0.33511 0)
(0.674657 -0.346107 0)
(0.700367 -0.351205 0)
(0.725624 -0.350943 0)
(0.750083 -0.346054 0)
(0.77351 -0.337388 0)
(0.795782 -0.325833 0)
(0.816871 -0.312251 0)
(0.836827 -0.297429 0)
(0.855758 -0.282043 0)
(0.873811 -0.266642 0)
(0.891154 -0.251645 0)
(0.907962 -0.237347 0)
(0.924401 -0.22393 0)
(0.940624 -0.211476 0)
(0.956762 -0.199991 0)
(0.972923 -0.189415 0)
(0.989188 -0.179645 0)
(1.00562 -0.170549 0)
(1.02225 -0.161974 0)
(1.03909 -0.153762 0)
(1.05616 -0.14575 0)
(1.07342 -0.137781 0)
(1.09085 -0.1297 0)
(1.10841 -0.121362 0)
(1.12602 -0.11263 0)
(1.14361 -0.103378 0)
(1.1611 -0.0934938 0)
(1.17837 -0.0828809 0)
(1.19531 -0.071461 0)
(1.21179 -0.0591772 0)
(1.22767 -0.0459966 0)
(1.24281 -0.0319085 0)
(1.25707 -0.0169207 0)
(1.27032 -0.00106171 0)
(1.28243 0.0156105 0)
(1.29326 0.0330068 0)
(1.30265 0.0510048 0)
(1.31043 0.0694478 0)
(1.31639 0.0881483 0)
(1.32042 0.106954 0)
(1.32239 0.125743 0)
(1.32264 0.144688 0)
(1.32071 0.163633 0)
(-0.0507519 -0.206869 0)
(-0.166788 -0.0414399 0)
(-0.294927 0.148144 0)
(-0.432909 0.324959 0)
(-0.577049 0.477972 0)
(-0.72004 0.597323 0)
(-0.853285 0.674988 0)
(-0.968754 0.706482 0)
(-1.06087 0.691989 0)
(-1.12725 0.636021 0)
(-1.1684 0.545991 0)
(-1.18658 0.4305 0)
(-1.18474 0.297804 0)
(-1.16607 0.155665 0)
(-1.13354 0.00991051 0)
(-1.08956 -0.134415 0)
(-1.0354 -0.272757 0)
(-0.972335 -0.401556 0)
(-0.90138 -0.518038 0)
(-0.823114 -0.619983 0)
(-0.737837 -0.705369 0)
(-0.645984 -0.772277 0)
(-0.548295 -0.819253 0)
(-0.445408 -0.845665 0)
(-0.337324 -0.851379 0)
(-0.223284 -0.835726 0)
(-0.103237 -0.796929 0)
(0.0243544 -0.728902 0)
(0.15676 -0.628191 0)
(0.280961 -0.504139 0)
(0.383738 -0.37187 0)
(0.455399 -0.245375 0)
(0.48968 -0.130808 0)
(0.482117 -0.0232298 0)
(0.428815 0.0953033 0)
(0.32704 0.248122 0)
(0.175102 0.453502 0)
(-0.0108895 0.701694 0)
(-0.183927 0.93257 0)
(-0.310183 1.09261 0)
(-0.385433 1.16631 0)
(-0.421934 1.16771 0)
(-0.436477 1.12266 0)
(-0.442332 1.05425 0)
(-0.446929 0.976888 0)
(-0.453255 0.89708 0)
(-0.461954 0.816734 0)
(-0.47248 0.735768 0)
(-0.483526 0.65355 0)
(-0.493418 0.569679 0)
(-0.500633 0.484399 0)
(-0.504198 0.398624 0)
(-0.503778 0.313625 0)
(-0.499461 0.230647 0)
(-0.491322 0.150582 0)
(-0.479736 0.0740803 0)
(-0.464607 0.00132977 0)
(-0.44599 -0.0678038 0)
(-0.423565 -0.132907 0)
(-0.396983 -0.193683 0)
(-0.366238 -0.249766 0)
(-0.331572 -0.300818 0)
(-0.293436 -0.346682 0)
(-0.25236 -0.387569 0)
(-0.208821 -0.423949 0)
(-0.163204 -0.45648 0)
(-0.11558 -0.485766 0)
(-0.0658428 -0.512304 0)
(-0.0139651 -0.536342 0)
(0.0399872 -0.557696 0)
(0.0956604 -0.576188 0)
(0.152617 -0.591627 0)
(0.210398 -0.603762 0)
(0.268492 -0.612341 0)
(0.326366 -0.617108 0)
(0.383505 -0.617839 0)
(0.439414 -0.614348 0)
(0.493625 -0.606538 0)
(0.545707 -0.594443 0)
(0.595286 -0.578245 0)
(0.64205 -0.558273 0)
(0.685764 -0.53498 0)
(0.726272 -0.508896 0)
(0.763484 -0.480594 0)
(0.797376 -0.450646 0)
(0.82797 -0.419591 0)
(0.855323 -0.387918 0)
(0.87952 -0.356054 0)
(0.90066 -0.324362 0)
(0.918859 -0.293143 0)
(0.934237 -0.262639 0)
(0.946921 -0.233043 0)
(0.957043 -0.204504 0)
(0.964737 -0.177132 0)
(0.970142 -0.150995 0)
(0.973402 -0.126121 0)
(0.974657 -0.102497 0)
(0.974036 -0.080083 0)
(0.97163 -0.0588246 0)
(0.967485 -0.0386762 0)
(0.961618 -0.0196058 0)
(0.954037 -0.0015434 0)
(0.944787 0.0157507 0)
(0.933999 0.0328888 0)
(0.921883 0.0510512 0)
(0.908753 0.0721251 0)
(0.89499 0.0986951 0)
(0.88103 0.133653 0)
(0.867362 0.179326 0)
(0.854503 0.236226 0)
(0.842919 0.301882 0)
(0.83286 0.37048 0)
(0.824125 0.433841 0)
(0.815874 0.483629 0)
(0.806728 0.513891 0)
(0.795282 0.522641 0)
(0.780761 0.511702 0)
(0.763353 0.485168 0)
(0.74404 0.44761 0)
(0.724129 0.402921 0)
(0.704824 0.353936 0)
(0.68704 0.30256 0)
(0.671416 0.250007 0)
(0.658384 0.197011 0)
(0.648231 0.143994 0)
(0.641162 0.091215 0)
(0.63728 0.0388901 0)
(0.63656 -0.0126932 0)
(0.638993 -0.063242 0)
(0.644785 -0.112485 0)
(0.653693 -0.159814 0)
(0.665525 -0.204391 0)
(0.67994 -0.245243 0)
(0.696497 -0.281373 0)
(0.71468 -0.311895 0)
(0.733942 -0.336152 0)
(0.75374 -0.353801 0)
(0.773581 -0.364847 0)
(0.79305 -0.369631 0)
(0.811833 -0.368777 0)
(0.829725 -0.36311 0)
(0.846627 -0.353567 0)
(0.862535 -0.341118 0)
(0.877522 -0.32669 0)
(0.891719 -0.311117 0)
(0.905294 -0.295106 0)
(0.918432 -0.279226 0)
(0.931325 -0.2639 0)
(0.94415 -0.249415 0)
(0.957068 -0.23594 0)
(0.970212 -0.223538 0)
(0.983687 -0.212192 0)
(0.997567 -0.201822 0)
(1.0119 -0.192303 0)
(1.02672 -0.183483 0)
(1.04202 -0.175195 0)
(1.05779 -0.167266 0)
(1.07402 -0.159521 0)
(1.09066 -0.15179 0)
(1.10768 -0.143909 0)
(1.12502 -0.13572 0)
(1.14259 -0.127075 0)
(1.16032 -0.117834 0)
(1.17809 -0.107873 0)
(1.19577 -0.0970848 0)
(1.21323 -0.0853791 0)
(1.23031 -0.0726908 0)
(1.24685 -0.0589814 0)
(1.26268 -0.0442393 0)
(1.27763 -0.0284769 0)
(1.29156 -0.0117269 0)
(1.3043 0.00594576 0)
(1.31572 0.0244567 0)
(1.32568 0.0436891 0)
(1.33403 0.0635165 0)
(1.34061 0.0837824 0)
(1.34522 0.104314 0)
(1.34762 0.124912 0)
(1.34789 0.145575 0)
(1.34558 0.166104 0)
(-0.0597506 -0.113839 0)
(-0.189714 0.0638507 0)
(-0.326858 0.261595 0)
(-0.470499 0.443056 0)
(-0.614939 0.595629 0)
(-0.752415 0.708009 0)
(-0.874641 0.772186 0)
(-0.974832 0.785223 0)
(-1.04922 0.74975 0)
(-1.09736 0.672747 0)
(-1.12149 0.563459 0)
(-1.12527 0.431467 0)
(-1.11219 0.285116 0)
(-1.08595 0.131944 0)
(-1.04891 -0.0230473 0)
(-1.00296 -0.175381 0)
(-0.949249 -0.320633 0)
(-0.889083 -0.455356 0)
(-0.823471 -0.577099 0)
(-0.752638 -0.684021 0)
(-0.676305 -0.774187 0)
(-0.594676 -0.845344 0)
(-0.509084 -0.89577 0)
(-0.421301 -0.925245 0)
(-0.33197 -0.934651 0)
(-0.239719 -0.924186 0)
(-0.141951 -0.891332 0)
(-0.0368674 -0.830763 0)
(0.0782467 -0.731524 0)
(0.193983 -0.597474 0)
(0.294178 -0.443943 0)
(0.365178 -0.288135 0)
(0.397522 -0.139162 0)
(0.384692 0.00660257 0)
(0.323136 0.16486 0)
(0.214824 0.355994 0)
(0.0674924 0.589087 0)
(-0.0882069 0.83419 0)
(-0.214242 1.03496 0)
(-0.294992 1.15692 0)
(-0.335266 1.19884 0)
(-0.348705 1.18029 0)
(-0.349173 1.12602 0)
(-0.346056 1.05526 0)
(-0.344043 0.978816 0)
(-0.344796 0.900979 0)
(-0.348343 0.822441 0)
(-0.35368 0.742378 0)
(-0.359141 0.659745 0)
(-0.362938 0.574138 0)
(-0.36376 0.486179 0)
(-0.361082 0.397333 0)
(-0.35503 0.309316 0)
(-0.346068 0.223548 0)
(-0.334389 0.14092 0)
(-0.320362 0.0620111 0)
(-0.303695 -0.0131326 0)
(-0.284648 -0.0849962 0)
(-0.262314 -0.15311 0)
(-0.236226 -0.217076 0)
(-0.20628 -0.276307 0)
(-0.172727 -0.330233 0)
(-0.136113 -0.37853 0)
(-0.0969344 -0.421441 0)
(-0.0555538 -0.459561 0)
(-0.0121864 -0.493766 0)
(0.03319 -0.524782 0)
(0.0805812 -0.553068 0)
(0.130019 -0.578749 0)
(0.18143 -0.601643 0)
(0.234568 -0.621417 0)
(0.288977 -0.63773 0)
(0.344087 -0.650274 0)
(0.399297 -0.658797 0)
(0.454015 -0.663063 0)
(0.507682 -0.662864 0)
(0.559789 -0.658042 0)
(0.609876 -0.648539 0)
(0.657549 -0.634434 0)
(0.702485 -0.615963 0)
(0.74444 -0.593521 0)
(0.783255 -0.567622 0)
(0.818848 -0.538861 0)
(0.851203 -0.507862 0)
(0.880352 -0.475236 0)
(0.906365 -0.441554 0)
(0.929329 -0.407324 0)
(0.949345 -0.372985 0)
(0.966518 -0.338908 0)
(0.980957 -0.305399 0)
(0.992773 -0.272704 0)
(1.00208 -0.241018 0)
(1.00899 -0.210492 0)
(1.01362 -0.181239 0)
(1.0161 -0.153329 0)
(1.01655 -0.126796 0)
(1.0151 -0.101626 0)
(1.01189 -0.0777615 0)
(1.00703 -0.0551199 0)
(1.0006 -0.033618 0)
(0.992632 -0.0131985 0)
(0.983116 0.00620014 0)
(0.972089 0.0247679 0)
(0.959651 0.0430309 0)
(0.946081 0.0620364 0)
(0.931881 0.0835395 0)
(0.917779 0.110009 0)
(0.904678 0.14426 0)
(0.893548 0.188612 0)
(0.885245 0.243693 0)
(0.880276 0.307321 0)
(0.878553 0.374135 0)
(0.879243 0.4365 0)
(0.880803 0.486533 0)
(0.881299 0.518404 0)
(0.878979 0.529762 0)
(0.87285 0.521708 0)
(0.862923 0.497593 0)
(0.850039 0.461521 0)
(0.835443 0.417264 0)
(0.8204 0.367788 0)
(0.805967 0.315213 0)
(0.792944 0.260963 0)
(0.7819 0.20594 0)
(0.773225 0.150685 0)
(0.76719 0.0955341 0)
(0.763935 0.0407533 0)
(0.763444 -0.0133327 0)
(0.765668 -0.0663778 0)
(0.770723 -0.118036 0)
(0.778277 -0.167608 0)
(0.78805 -0.21417 0)
(0.799637 -0.256669 0)
(0.812563 -0.294048 0)
(0.826331 -0.325391 0)
(0.840448 -0.350045 0)
(0.854475 -0.367705 0)
(0.868051 -0.378439 0)
(0.880912 -0.382668 0)
(0.892904 -0.381104 0)
(0.903979 -0.37466 0)
(0.914181 -0.364353 0)
(0.92363 -0.351215 0)
(0.9325 -0.336219 0)
(0.940998 -0.32023 0)
(0.949343 -0.303971 0)
(0.95775 -0.288007 0)
(0.966419 -0.272754 0)
(0.975519 -0.258479 0)
(0.985191 -0.245326 0)
(0.995538 -0.233333 0)
(1.00663 -0.222456 0)
(1.01849 -0.21259 0)
(1.03114 -0.203591 0)
(1.04456 -0.195289 0)
(1.05874 -0.187506 0)
(1.07364 -0.180058 0)
(1.08922 -0.172765 0)
(1.10544 -0.165448 0)
(1.12225 -0.157934 0)
(1.13957 -0.150052 0)
(1.15733 -0.141641 0)
(1.17541 -0.132545 0)
(1.19369 -0.122625 0)
(1.21201 -0.111758 0)
(1.23021 -0.0998417 0)
(1.2481 -0.0868009 0)
(1.26549 -0.0725907 0)
(1.28217 -0.0571991 0)
(1.29796 -0.0406445 0)
(1.31268 -0.0229689 0)
(1.32614 -0.00423616 0)
(1.3382 0.0154549 0)
(1.34869 0.0359762 0)
(1.35748 0.0571919 0)
(1.36447 0.0789714 0)
(1.36954 0.101181 0)
(1.37246 0.123638 0)
(1.3732 0.14626 0)
(1.37124 0.16876 0)
(-0.0626224 -0.0135014 0)
(-0.198373 0.175516 0)
(-0.337251 0.378171 0)
(-0.478984 0.560442 0)
(-0.616779 0.708336 0)
(-0.742934 0.809641 0)
(-0.849835 0.856995 0)
(-0.931999 0.849471 0)
(-0.987366 0.792364 0)
(-1.0174 0.695149 0)
(-1.02603 0.568665 0)
(-1.01805 0.422972 0)
(-0.996875 0.265959 0)
(-0.965958 0.104578 0)
(-0.926659 -0.0574928 0)
(-0.880443 -0.216009 0)
(-0.828298 -0.366353 0)
(-0.772173 -0.505044 0)
(-0.713625 -0.630169 0)
(-0.652542 -0.740695 0)
(-0.587369 -0.834847 0)
(-0.517085 -0.909419 0)
(-0.443103 -0.9615 0)
(-0.368857 -0.990908 0)
(-0.297221 -1.00021 0)
(-0.227836 -0.991869 0)
(-0.156603 -0.964292 0)
(-0.0792514 -0.910758 0)
(0.00851332 -0.818718 0)
(0.104837 -0.680999 0)
(0.194403 -0.510558 0)
(0.260699 -0.327313 0)
(0.291401 -0.143633 0)
(0.277195 0.0408455 0)
(0.215144 0.236592 0)
(0.112896 0.458204 0)
(-0.0124325 0.70285 0)
(-0.128131 0.931851 0)
(-0.210272 1.10147 0)
(-0.254064 1.19209 0)
(-0.267972 1.21111 0)
(-0.264457 1.17997 0)
(-0.254156 1.1211 0)
(-0.243494 1.05035 0)
(-0.235384 0.975895 0)
(-0.230618 0.900447 0)
(-0.228721 0.823732 0)
(-0.228343 0.744304 0)
(-0.227684 0.660893 0)
(-0.225109 0.573317 0)
(-0.219708 0.482744 0)
(-0.211477 0.39123 0)
(-0.200986 0.300889 0)
(-0.188815 0.213237 0)
(-0.174967 0.129232 0)
(-0.159282 0.0492911 0)
(-0.141531 -0.027529 0)
(-0.122486 -0.101501 0)
(-0.100515 -0.172242 0)
(-0.0751319 -0.23919 0)
(-0.0461578 -0.301463 0)
(-0.0136585 -0.358248 0)
(0.0218838 -0.409009 0)
(0.0596512 -0.453836 0)
(0.0991245 -0.49353 0)
(0.140167 -0.529172 0)
(0.182883 -0.561721 0)
(0.227557 -0.591687 0)
(0.274362 -0.619086 0)
(0.323219 -0.643543 0)
(0.373789 -0.664547 0)
(0.425526 -0.68163 0)
(0.47777 -0.69443 0)
(0.529841 -0.702684 0)
(0.581094 -0.706188 0)
(0.630947 -0.70478 0)
(0.678892 -0.698353 0)
(0.724497 -0.686906 0)
(0.767418 -0.67058 0)
(0.8074 -0.649683 0)
(0.844284 -0.62468 0)
(0.877996 -0.596153 0)
(0.908539 -0.564755 0)
(0.935967 -0.531153 0)
(0.960371 -0.495987 0)
(0.981858 -0.459845 0)
(1.00054 -0.42324 0)
(1.01651 -0.386614 0)
(1.02989 -0.350337 0)
(1.04076 -0.314714 0)
(1.04922 -0.27999 0)
(1.05535 -0.246362 0)
(1.05926 -0.213983 0)
(1.06104 -0.182967 0)
(1.0608 -0.15339 0)
(1.05865 -0.125291 0)
(1.05472 -0.0986641 0)
(1.04913 -0.0734503 0)
(1.04202 -0.0495479 0)
(1.0335 -0.0268389 0)
(1.02364 -0.00522991 0)
(1.01244 0.0153481 0)
(0.999935 0.0350518 0)
(0.986204 0.0542942 0)
(0.971539 0.0739224 0)
(0.956535 0.095457 0)
(0.942136 0.121144 0)
(0.929582 0.153659 0)
(0.920239 0.195346 0)
(0.915301 0.247095 0)
(0.915429 0.307238 0)
(0.92042 0.371105 0)
(0.929079 0.431749 0)
(0.939375 0.481752 0)
(0.948916 0.515312 0)
(0.955569 0.529626 0)
(0.958018 0.525027 0)
(0.95598 0.504086 0)
(0.950055 0.470373 0)
(0.941355 0.427449 0)
(0.931131 0.378317 0)
(0.920533 0.325267 0)
(0.910496 0.269921 0)
(0.901726 0.213365 0)
(0.894724 0.156288 0)
(0.889835 0.0991344 0)
(0.887244 0.0422499 0)
(0.886942 -0.0139718 0)
(0.888848 -0.0690966 0)
(0.892989 -0.122678 0)
(0.898941 -0.173925 0)
(0.906342 -0.221839 0)
(0.91473 -0.265312 0)
(0.92362 -0.303266 0)
(0.932548 -0.334795 0)
(0.941109 -0.359288 0)
(0.948988 -0.376505 0)
(0.955978 -0.386599 0)
(0.961987 -0.390081 0)
(0.967033 -0.387753 0)
(0.971231 -0.380604 0)
(0.974768 -0.369716 0)
(0.977885 -0.356163 0)
(0.980848 -0.340945 0)
(0.983925 -0.324934 0)
(0.987374 -0.308846 0)
(0.991423 -0.293231 0)
(0.996264 -0.278475 0)
(1.00204 -0.264818 0)
(1.00887 -0.252369 0)
(1.0168 -0.241134 0)
(1.02585 -0.231038 0)
(1.03601 -0.221955 0)
(1.04726 -0.213722 0)
(1.05955 -0.20616 0)
(1.07283 -0.199085 0)
(1.08707 -0.192311 0)
(1.10222 -0.185655 0)
(1.11824 -0.178933 0)
(1.13507 -0.17196 0)
(1.15262 -0.164553 0)
(1.17082 -0.15653 0)
(1.18951 -0.147718 0)
(1.20855 -0.137955 0)
(1.22775 -0.1271 0)
(1.24691 -0.115037 0)
(1.26581 -0.101682 0)
(1.28422 -0.0869829 0)
(1.30192 -0.0709278 0)
(1.31869 -0.0535423 0)
(1.33431 -0.0348813 0)
(1.3486 -0.0150195 0)
(1.36139 0.00593595 0)
(1.3725 0.0278536 0)
(1.38177 0.0505599 0)
(1.38911 0.0739023 0)
(1.39444 0.0977572 0)
(1.39765 0.121981 0)
(1.39877 0.146506 0)
(1.39735 0.171103 0)
(-0.0594233 0.0898026 0)
(-0.193147 0.287325 0)
(-0.326334 0.491536 0)
(-0.458935 0.671358 0)
(-0.583953 0.811242 0)
(-0.694054 0.898538 0)
(-0.782425 0.926985 0)
(-0.844885 0.898025 0)
(-0.881104 0.819865 0)
(-0.894524 0.704465 0)
(-0.890544 0.56384 0)
(-0.87443 0.407846 0)
(-0.848747 0.24337 0)
(-0.816142 0.0761992 0)
(-0.77656 -0.0917625 0)
(-0.730785 -0.255422 0)
(-0.679652 -0.409388 0)
(-0.626562 -0.549734 0)
(-0.57487 -0.675512 0)
(-0.524952 -0.787636 0)
(-0.473703 -0.885268 0)
(-0.417611 -0.963779 0)
(-0.356593 -1.01754 0)
(-0.294769 -1.04495 0)
(-0.237794 -1.05003 0)
(-0.188538 -1.03903 0)
(-0.143972 -1.01356 0)
(-0.0968114 -0.966276 0)
(-0.0406281 -0.882976 0)
(0.0283192 -0.748542 0)
(0.100747 -0.567144 0)
(0.158837 -0.360132 0)
(0.186853 -0.14508 0)
(0.173507 0.0745632 0)
(0.118069 0.301649 0)
(0.0332009 0.543643 0)
(-0.0597485 0.786802 0)
(-0.135149 0.995511 0)
(-0.179613 1.13778 0)
(-0.19423 1.20459 0)
(-0.188155 1.20812 0)
(-0.171724 1.16972 0)
(-0.152709 1.10932 0)
(-0.135381 1.04006 0)
(-0.121435 0.968193 0)
(-0.11103 0.895264 0)
(-0.103355 0.820245 0)
(-0.0969614 0.741271 0)
(-0.0902093 0.657059 0)
(-0.0818458 0.56782 0)
(-0.0714715 0.475349 0)
(-0.05957 0.38228 0)
(-0.0469338 0.291047 0)
(-0.0337156 0.203136 0)
(-0.01911 0.11898 0)
(-0.00160982 0.0379069 0)
(0.0182096 -0.0414954 0)
(0.0387216 -0.117892 0)
(0.0616324 -0.191282 0)
(0.0874239 -0.261132 0)
(0.11621 -0.32628 0)
(0.147694 -0.38554 0)
(0.181363 -0.438269 0)
(0.216752 -0.484617 0)
(0.253578 -0.525569 0)
(0.29186 -0.56249 0)
(0.331867 -0.596519 0)
(0.37393 -0.62818 0)
(0.418213 -0.657323 0)
(0.464567 -0.683339 0)
(0.512538 -0.705499 0)
(0.561462 -0.723195 0)
(0.610586 -0.736019 0)
(0.659172 -0.743727 0)
(0.706554 -0.746172 0)
(0.752156 -0.743258 0)
(0.7955 -0.73495 0)
(0.836208 -0.721323 0)
(0.874007 -0.702598 0)
(0.90873 -0.679166 0)
(0.940314 -0.651567 0)
(0.968782 -0.620452 0)
(0.99422 -0.586521 0)
(1.01675 -0.550472 0)
(1.03651 -0.512958 0)
(1.05363 -0.474566 0)
(1.06823 -0.435804 0)
(1.0804 -0.397105 0)
(1.09023 -0.358828 0)
(1.09778 -0.321273 0)
(1.10313 -0.284685 0)
(1.10634 -0.249262 0)
(1.10748 -0.21516 0)
(1.10664 -0.182498 0)
(1.1039 -0.151359 0)
(1.09938 -0.121789 0)
(1.09317 -0.0937936 0)
(1.08542 -0.0673241 0)
(1.07627 -0.0422739 0)
(1.06585 -0.0185011 0)
(1.05427 0.00412099 0)
(1.04162 0.0256831 0)
(1.0279 0.0463437 0)
(1.01319 0.0663955 0)
(0.997754 0.0864629 0)
(0.982188 0.107766 0)
(0.967519 0.132237 0)
(0.95518 0.16233 0)
(0.946826 0.200389 0)
(0.943977 0.247617 0)
(0.947554 0.302997 0)
(0.957461 0.362727 0)
(0.972408 0.420704 0)
(0.990111 0.470047 0)
(1.00783 0.504995 0)
(1.02306 0.522281 0)
(1.03408 0.521451 0)
(1.04023 0.504265 0)
(1.04177 0.473687 0)
(1.03959 0.432963 0)
(1.03484 0.38504 0)
(1.0287 0.332304 0)
(1.02219 0.27655 0)
(1.01611 0.219046 0)
(1.01109 0.160651 0)
(1.00752 0.101951 0)
(1.00564 0.0433996 0)
(1.00545 -0.0145092 0)
(1.00684 -0.0712217 0)
(1.00976 -0.126166 0)
(1.01372 -0.17846 0)
(1.0183 -0.227047 0)
(1.02301 -0.270798 0)
(1.02738 -0.308651 0)
(1.03103 -0.339751 0)
(1.03366 -0.363565 0)
(1.03511 -0.379947 0)
(1.03534 -0.389148 0)
(1.03443 -0.391777 0)
(1.03259 -0.388717 0)
(1.03009 -0.381024 0)
(1.02724 -0.369819 0)
(1.0244 -0.356198 0)
(1.02191 -0.341163 0)
(1.02006 -0.325569 0)
(1.01915 -0.310105 0)
(1.01939 -0.295285 0)
(1.02095 -0.281455 0)
(1.02393 -0.268813 0)
(1.0284 -0.257427 0)
(1.03434 -0.247268 0)
(1.04174 -0.238233 0)
(1.05054 -0.230175 0)
(1.06068 -0.222925 0)
(1.07209 -0.216301 0)
(1.08472 -0.210123 0)
(1.09852 -0.204211 0)
(1.11347 -0.19838 0)
(1.12952 -0.192441 0)
(1.14661 -0.186194 0)
(1.16465 -0.179435 0)
(1.18352 -0.171958 0)
(1.20306 -0.16356 0)
(1.22307 -0.154058 0)
(1.24333 -0.143289 0)
(1.2636 -0.131125 0)
(1.28363 -0.117473 0)
(1.30317 -0.102279 0)
(1.32197 -0.0855337 0)
(1.33979 -0.0672693 0)
(1.3564 -0.0475578 0)
(1.37159 -0.0264946 0)
(1.38518 -0.00418758 0)
(1.39701 0.0192213 0)
(1.4069 0.0435422 0)
(1.4147 0.0685745 0)
(1.42035 0.094157 0)
(1.42378 0.12014 0)
(1.4251 0.146462 0)
(1.42404 0.173034 0)
(-0.0517266 0.189568 0)
(-0.175309 0.392249 0)
(-0.295475 0.595705 0)
(-0.412435 0.770651 0)
(-0.519463 0.900271 0)
(-0.609772 0.971866 0)
(-0.67747 0.980628 0)
(-0.719758 0.930716 0)
(-0.738116 0.83344 0)
(-0.737824 0.703057 0)
(-0.725164 0.552108 0)
(-0.704794 0.389256 0)
(-0.678211 0.21985 0)
(-0.646579 0.0477795 0)
(-0.608588 -0.12609 0)
(-0.564238 -0.294962 0)
(-0.513424 -0.451917 0)
(-0.461017 -0.591458 0)
(-0.413308 -0.713805 0)
(-0.372823 -0.823557 0)
(-0.335956 -0.922707 0)
(-0.296489 -1.00561 0)
(-0.251501 -1.06266 0)
(-0.203684 -1.08863 0)
(-0.159667 -1.08709 0)
(-0.126082 -1.06818 0)
(-0.104208 -1.03935 0)
(-0.0869251 -0.995999 0)
(-0.0634775 -0.921051 0)
(-0.0262099 -0.79494 0)
(0.0234436 -0.609883 0)
(0.070232 -0.385409 0)
(0.0950456 -0.14448 0)
(0.0852164 0.10272 0)
(0.0429009 0.352883 0)
(-0.0171372 0.604824 0)
(-0.0752871 0.840122 0)
(-0.114375 1.02919 0)
(-0.128018 1.14961 0)
(-0.119972 1.19946 0)
(-0.0986549 1.19338 0)
(-0.0721154 1.15164 0)
(-0.0458044 1.09184 0)
(-0.0224398 1.02499 0)
(-0.00280408 0.955979 0)
(0.0133722 0.885528 0)
(0.0270401 0.812104 0)
(0.0395234 0.733641 0)
(0.0521369 0.648975 0)
(0.0657077 0.558761 0)
(0.0802352 0.465411 0)
(0.0951362 0.372022 0)
(0.110033 0.281002 0)
(0.125491 0.193262 0)
(0.142762 0.108131 0)
(0.161687 0.024674 0)
(0.181057 -0.0568221 0)
(0.201484 -0.13531 0)
(0.224517 -0.210994 0)
(0.250061 -0.283225 0)
(0.278049 -0.350612 0)
(0.308107 -0.411755 0)
(0.339744 -0.465907 0)
(0.372588 -0.513365 0)
(0.406579 -0.555369 0)
(0.441993 -0.593537 0)
(0.479295 -0.629135 0)
(0.518864 -0.662603 0)
(0.560772 -0.693542 0)
(0.6047 -0.721056 0)
(0.650011 -0.744193 0)
(0.695902 -0.762231 0)
(0.741547 -0.774755 0)
(0.786194 -0.781576 0)
(0.829198 -0.782628 0)
(0.870033 -0.777904 0)
(0.908288 -0.767459 0)
(0.943667 -0.751458 0)
(0.975992 -0.730214 0)
(1.0052 -0.704208 0)
(1.03134 -0.67406 0)
(1.05453 -0.640476 0)
(1.07494 -0.604193 0)
(1.09273 -0.565919 0)
(1.10808 -0.526303 0)
(1.12112 -0.485913 0)
(1.13195 -0.445237 0)
(1.14064 -0.404688 0)
(1.14724 -0.364613 0)
(1.15179 -0.325305 0)
(1.15432 -0.287007 0)
(1.15486 -0.249924 0)
(1.15349 -0.214218 0)
(1.15025 -0.180017 0)
(1.14523 -0.147413 0)
(1.13853 -0.116463 0)
(1.13025 -0.0871867 0)
(1.12053 -0.0595512 0)
(1.10952 -0.0334573 0)
(1.09737 -0.00875644 0)
(1.08426 0.0146918 0)
(1.07032 0.0370287 0)
(1.05559 0.0584322 0)
(1.04013 0.079097 0)
(1.02419 0.09944 0)
(1.00827 0.120357 0)
(0.993386 0.143403 0)
(0.980998 0.170726 0)
(0.972924 0.204587 0)
(0.970956 0.246475 0)
(0.976339 0.29606 0)
(0.989265 0.350513 0)
(1.0086 0.404715 0)
(1.03206 0.452455 0)
(1.05672 0.48811 0)
(1.07975 0.508011 0)
(1.09902 0.510949 0)
(1.1134 0.497857 0)
(1.12275 0.471022 0)
(1.12763 0.433276 0)
(1.129 0.387403 0)
(1.12797 0.335808 0)
(1.12558 0.280408 0)
(1.1227 0.222642 0)
(1.12001 0.16355 0)
(1.11798 0.103879 0)
(1.11687 0.044222 0)
(1.11668 -0.0148066 0)
(1.1173 -0.0725094 0)
(1.11863 -0.128171 0)
(1.12014 -0.180825 0)
(1.1214 -0.229378 0)
(1.12193 -0.272714 0)
(1.12135 -0.309826 0)
(1.11937 -0.339948 0)
(1.11583 -0.362652 0)
(1.11075 -0.377907 0)
(1.10426 -0.386073 0)
(1.09664 -0.387852 0)
(1.08825 -0.384199 0)
(1.07949 -0.376215 0)
(1.07082 -0.365039 0)
(1.06265 -0.351763 0)
(1.05538 -0.33736 0)
(1.04933 -0.322649 0)
(1.04478 -0.308269 0)
(1.0419 -0.294681 0)
(1.04083 -0.282181 0)
(1.04161 -0.270913 0)
(1.04423 -0.260904 0)
(1.04865 -0.252088 0)
(1.05479 -0.244341 0)
(1.06254 -0.237507 0)
(1.07183 -0.23142 0)
(1.08259 -0.22591 0)
(1.09478 -0.220809 0)
(1.10837 -0.215945 0)
(1.12334 -0.211133 0)
(1.13965 -0.206171 0)
(1.15722 -0.200837 0)
(1.17596 -0.194894 0)
(1.19569 -0.188102 0)
(1.21622 -0.180228 0)
(1.23731 -0.171062 0)
(1.2587 -0.160423 0)
(1.28011 -0.148174 0)
(1.30128 -0.13422 0)
(1.32193 -0.11851 0)
(1.34181 -0.10104 0)
(1.36066 -0.0818509 0)
(1.37824 -0.06103 0)
(1.39435 -0.0386925 0)
(1.40879 -0.014968 0)
(1.4214 0.00999347 0)
(1.432 0.0360129 0)
(1.44044 0.0628455 0)
(1.44661 0.0902804 0)
(1.45044 0.118119 0)
(1.45202 0.146246 0)
(1.45124 0.17465 0)
(-0.0404368 0.278038 0)
(-0.146404 0.48415 0)
(-0.246865 0.685365 0)
(-0.342627 0.853882 0)
(-0.427399 0.972115 0)
(-0.495178 1.02762 0)
(-0.541187 1.01734 0)
(-0.564114 0.94842 0)
(-0.567064 0.835257 0)
(-0.55638 0.69385 0)
(-0.538096 0.536207 0)
(-0.515222 0.368791 0)
(-0.48833 0.195386 0)
(-0.457435 0.0186548 0)
(-0.422897 -0.160289 0)
(-0.383099 -0.334797 0)
(-0.335263 -0.495452 0)
(-0.284259 -0.633186 0)
(-0.238649 -0.748282 0)
(-0.204082 -0.850391 0)
(-0.178501 -0.946915 0)
(-0.154595 -1.03268 0)
(-0.127029 -1.09395 0)
(-0.0959653 -1.12068 0)
(-0.0662072 -1.11348 0)
(-0.0454071 -1.08354 0)
(-0.040115 -1.04478 0)
(-0.0480139 -1.00006 0)
(-0.0564894 -0.933031 0)
(-0.051733 -0.817703 0)
(-0.0284042 -0.637551 0)
(0.00394529 -0.404442 0)
(0.0251165 -0.145127 0)
(0.0214888 0.121431 0)
(-0.00330995 0.385792 0)
(-0.0358991 0.640017 0)
(-0.0618314 0.865315 0)
(-0.0704791 1.03766 0)
(-0.0598334 1.14206 0)
(-0.0343662 1.18098 0)
(-0.00123373 1.16985 0)
(0.0334861 1.12721 0)
(0.0661133 1.06916 0)
(0.0951072 1.00513 0)
(0.120319 0.938972 0)
(0.142234 0.870873 0)
(0.16178 0.798988 0)
(0.179999 0.721222 0)
(0.197737 0.636617 0)
(0.215364 0.54622 0)
(0.232673 0.452845 0)
(0.249374 0.35963 0)
(0.265653 0.268545 0)
(0.282346 0.179898 0)
(0.300527 0.093073 0)
(0.320224 0.00802668 0)
(0.340278 -0.074341 0)
(0.361834 -0.154023 0)
(0.385651 -0.231336 0)
(0.41134 -0.30527 0)
(0.438621 -0.374165 0)
(0.467048 -0.436478 0)
(0.496247 -0.491501 0)
(0.526142 -0.539742 0)
(0.557049 -0.582727 0)
(0.589572 -0.622281 0)
(0.624329 -0.659666 0)
(0.66164 -0.695101 0)
(0.701353 -0.727842 0)
(0.742873 -0.75668 0)
(0.785341 -0.780472 0)
(0.82783 -0.798451 0)
(0.869494 -0.810252 0)
(0.909624 -0.815788 0)
(0.947659 -0.8151 0)
(0.983169 -0.808284 0)
(1.01584 -0.795495 0)
(1.0455 -0.776997 0)
(1.07208 -0.753203 0)
(1.09564 -0.724685 0)
(1.11633 -0.692132 0)
(1.13437 -0.656296 0)
(1.14997 -0.617926 0)
(1.16335 -0.577717 0)
(1.17468 -0.536289 0)
(1.18405 -0.494178 0)
(1.19153 -0.451839 0)
(1.19714 -0.409661 0)
(1.2009 -0.367977 0)
(1.20278 -0.327073 0)
(1.2028 -0.287198 0)
(1.20096 -0.248564 0)
(1.19731 -0.21135 0)
(1.19188 -0.175698 0)
(1.18476 -0.141713 0)
(1.17605 -0.109465 0)
(1.16586 -0.0789909 0)
(1.15432 -0.0502747 0)
(1.1416 -0.0232327 0)
(1.12786 0.0022648 0)
(1.11336 0.0263577 0)
(1.09825 0.0492609 0)
(1.08263 0.0711699 0)
(1.06659 0.0922259 0)
(1.05031 0.112679 0)
(1.03423 0.133121 0)
(1.0192 0.154704 0)
(1.00661 0.179196 0)
(0.99829 0.20867 0)
(0.996195 0.244797 0)
(1.00189 0.287876 0)
(1.01597 0.336073 0)
(1.03767 0.385352 0)
(1.06493 0.430323 0)
(1.09487 0.465665 0)
(1.12445 0.487444 0)
(1.15117 0.493786 0)
(1.17343 0.484813 0)
(1.19059 0.462089 0)
(1.20282 0.427942 0)
(1.21079 0.384886 0)
(1.21543 0.335254 0)
(1.21771 0.281025 0)
(1.2185 0.223778 0)
(1.2185 0.164728 0)
(1.21822 0.104798 0)
(1.21792 0.0447336 0)
(1.21763 -0.0147162 0)
(1.21724 -0.0726989 0)
(1.21662 -0.128349 0)
(1.21527 -0.18063 0)
(1.21278 -0.228441 0)
(1.20877 -0.270709 0)
(1.20296 -0.306518 0)
(1.1952 -0.335216 0)
(1.18551 -0.356503 0)
(1.17408 -0.37047 0)
(1.16123 -0.377587 0)
(1.1474 -0.378641 0)
(1.13308 -0.374641 0)
(1.11882 -0.366709 0)
(1.10515 -0.355976 0)
(1.09254 -0.343499 0)
(1.08139 -0.3302 0)
(1.07202 -0.316834 0)
(1.06466 -0.303974 0)
(1.05945 -0.292016 0)
(1.05645 -0.281191 0)
(1.05564 -0.271592 0)
(1.05694 -0.263202 0)
(1.06025 -0.255928 0)
(1.06545 -0.249636 0)
(1.07242 -0.244176 0)
(1.08109 -0.239399 0)
(1.09139 -0.23516 0)
(1.10333 -0.23131 0)
(1.11689 -0.227684 0)
(1.13208 -0.224089 0)
(1.14883 -0.220297 0)
(1.16707 -0.216048 0)
(1.18663 -0.211064 0)
(1.20731 -0.205062 0)
(1.22886 -0.19778 0)
(1.25099 -0.188984 0)
(1.27343 -0.178484 0)
(1.29588 -0.16614 0)
(1.31806 -0.151862 0)
(1.3397 -0.135607 0)
(1.36054 -0.117382 0)
(1.38033 -0.0972354 0)
(1.39884 -0.0752675 0)
(1.41583 -0.0516164 0)
(1.43111 -0.0264344 0)
(1.44451 0.000123793 0)
(1.45588 0.0278748 0)
(1.46507 0.0565588 0)
(1.47194 0.0859241 0)
(1.4764 0.115723 0)
(1.4785 0.145752 0)
(1.47816 0.175953 0)
(-0.0260279 0.348541 0)
(-0.108054 0.557645 0)
(-0.183343 0.756015 0)
(-0.253458 0.91741 0)
(-0.31269 1.0243 0)
(-0.356193 1.06475 0)
(-0.38052 1.03759 0)
(-0.385741 0.952951 0)
(-0.375851 0.82772 0)
(-0.356826 0.678606 0)
(-0.333244 0.516098 0)
(-0.305995 0.344804 0)
(-0.27534 0.168994 0)
(-0.241771 -0.00821838 0)
(-0.212429 -0.188799 0)
(-0.18108 -0.368575 0)
(-0.141608 -0.535029 0)
(-0.097615 -0.673021 0)
(-0.0573087 -0.780253 0)
(-0.0281411 -0.871346 0)
(-0.0103846 -0.961096 0)
(0.00213188 -1.04669 0)
(0.0150723 -1.11104 0)
(0.0294805 -1.13945 0)
(0.0428176 -1.12902 0)
(0.0500887 -1.08903 0)
(0.0436427 -1.03606 0)
(0.0184808 -0.98223 0)
(-0.017166 -0.918939 0)
(-0.0442688 -0.817175 0)
(-0.0483157 -0.649278 0)
(-0.0330418 -0.417396 0)
(-0.0164284 -0.149391 0)
(-0.0120761 0.127948 0)
(-0.0178362 0.398771 0)
(-0.024769 0.651062 0)
(-0.0234189 0.866701 0)
(-0.00804077 1.02677 0)
(0.0213857 1.12009 0)
(0.0603214 1.15208 0)
(0.102826 1.13858 0)
(0.144315 1.09711 0)
(0.18223 1.04179 0)
(0.216049 0.980822 0)
(0.246163 0.917434 0)
(0.273255 0.851511 0)
(0.298091 0.781166 0)
(0.321315 0.704414 0)
(0.343311 0.620519 0)
(0.36411 0.530765 0)
(0.38355 0.438018 0)
(0.401799 0.345162 0)
(0.41948 0.253854 0)
(0.437556 0.164465 0)
(0.456985 0.0768519 0)
(0.477641 -0.00894949 0)
(0.498605 -0.0921926 0)
(0.521211 -0.173168 0)
(0.545508 -0.251836 0)
(0.570905 -0.326889 0)
(0.596933 -0.396548 0)
(0.623157 -0.459316 0)
(0.649436 -0.514698 0)
(0.676103 -0.563524 0)
(0.703916 -0.607607 0)
(0.733779 -0.648854 0)
(0.766343 -0.688334 0)
(0.801697 -0.725865 0)
(0.839323 -0.760283 0)
(0.878286 -0.790088 0)
(0.917515 -0.814039 0)
(0.956031 -0.831424 0)
(0.993049 -0.842007 0)
(1.02799 -0.845843 0)
(1.06042 -0.843096 0)
(1.09006 -0.833969 0)
(1.11674 -0.818717 0)
(1.14039 -0.797705 0)
(1.1611 -0.771447 0)
(1.17904 -0.740599 0)
(1.19448 -0.705906 0)
(1.20769 -0.668137 0)
(1.21894 -0.628023 0)
(1.22841 -0.586222 0)
(1.23623 -0.543303 0)
(1.24247 -0.499752 0)
(1.2471 -0.455987 0)
(1.2501 -0.412372 0)
(1.25142 -0.369231 0)
(1.251 -0.326853 0)
(1.24881 -0.285495 0)
(1.24485 -0.245389 0)
(1.23912 -0.206733 0)
(1.23168 -0.16969 0)
(1.22261 -0.134387 0)
(1.21202 -0.100912 0)
(1.20002 -0.069316 0)
(1.18677 -0.0395993 0)
(1.17243 -0.0117028 0)
(1.15722 0.0144579 0)
(1.14141 0.0390357 0)
(1.1252 0.0623042 0)
(1.10874 0.0844756 0)
(1.09217 0.105682 0)
(1.07565 0.126063 0)
(1.05951 0.145958 0)
(1.04444 0.166139 0)
(1.03161 0.18795 0)
(1.02273 0.213174 0)
(1.01979 0.243514 0)
(1.02459 0.279762 0)
(1.03813 0.321004 0)
(1.06019 0.364321 0)
(1.08913 0.405279 0)
(1.12231 0.439052 0)
(1.15669 0.461639 0)
(1.18951 0.470647 0)
(1.21874 0.46546 0)
(1.24323 0.446912 0)
(1.26268 0.416755 0)
(1.27738 0.377141 0)
(1.28799 0.330238 0)
(1.2953 0.27801 0)
(1.30011 0.222128 0)
(1.30309 0.163957 0)
(1.30472 0.104591 0)
(1.30529 0.0449364 0)
(1.30484 -0.0141205 0)
(1.30326 -0.0715764 0)
(1.30045 -0.126426 0)
(1.29597 -0.177588 0)
(1.28952 -0.223982 0)
(1.28085 -0.264611 0)
(1.26983 -0.298666 0)
(1.25648 -0.325628 0)
(1.24101 -0.34533 0)
(1.22376 -0.357989 0)
(1.20524 -0.364175 0)
(1.18602 -0.364745 0)
(1.16674 -0.360738 0)
(1.14801 -0.353271 0)
(1.13042 -0.343435 0)
(1.11444 -0.332225 0)
(1.10047 -0.320484 0)
(1.08878 -0.308886 0)
(1.07953 -0.297922 0)
(1.07279 -0.287914 0)
(1.06854 -0.279026 0)
(1.06669 -0.2713 0)
(1.06711 -0.264683 0)
(1.06965 -0.259071 0)
(1.07416 -0.254336 0)
(1.08055 -0.250354 0)
(1.08874 -0.24701 0)
(1.09875 -0.244191 0)
(1.11058 -0.241768 0)
(1.12427 -0.239574 0)
(1.13982 -0.237388 0)
(1.15714 -0.234939 0)
(1.1761 -0.231914 0)
(1.1965 -0.227982 0)
(1.21806 -0.222823 0)
(1.24049 -0.216149 0)
(1.2635 -0.207715 0)
(1.28679 -0.197336 0)
(1.31007 -0.184876 0)
(1.33308 -0.170257 0)
(1.35556 -0.153445 0)
(1.37726 -0.134454 0)
(1.39791 -0.113342 0)
(1.41729 -0.0902155 0)
(1.43514 -0.0652263 0)
(1.45125 -0.0385531 0)
(1.46546 -0.010376 0)
(1.4776 0.0191093 0)
(1.48754 0.0496491 0)
(1.49517 0.0809535 0)
(1.50039 0.112747 0)
(1.50323 0.144756 0)
(1.50358 0.176801 0)
(-0.00894148 0.395373 0)
(-0.0620708 0.609207 0)
(-0.108231 0.804156 0)
(-0.149526 0.95845 0)
(-0.180856 1.05509 0)
(-0.199087 1.08276 0)
(-0.202217 1.04204 0)
(-0.191402 0.945738 0)
(-0.170572 0.812062 0)
(-0.144125 0.657835 0)
(-0.114981 0.492278 0)
(-0.0834698 0.32073 0)
(-0.0476428 0.149486 0)
(-0.0113592 -0.0234623 0)
(0.012602 -0.204681 0)
(0.0375148 -0.389919 0)
(0.0692333 -0.564785 0)
(0.103122 -0.705615 0)
(0.132877 -0.806746 0)
(0.152868 -0.88728 0)
(0.162659 -0.968875 0)
(0.166471 -1.05166 0)
(0.168209 -1.1162 0)
(0.168427 -1.14419 0)
(0.165457 -1.13111 0)
(0.157295 -1.08432 0)
(0.139744 -1.01847 0)
(0.105263 -0.950006 0)
(0.0528851 -0.882368 0)
(-0.0016372 -0.792868 0)
(-0.0341212 -0.644805 0)
(-0.0372714 -0.425619 0)
(-0.025418 -0.158931 0)
(-0.0133693 0.12168 0)
(-0.00239507 0.394167 0)
(0.0118223 0.642784 0)
(0.0347333 0.850032 0)
(0.0692641 1.00014 0)
(0.11391 1.08597 0)
(0.163606 1.11469 0)
(0.213217 1.10155 0)
(0.259625 1.06264 0)
(0.301611 1.01056 0)
(0.339411 0.952648 0)
(0.373776 0.8918 0)
(0.405456 0.827888 0)
(0.434992 0.759182 0)
(0.462634 0.683882 0)
(0.488366 0.601424 0)
(0.512011 0.513118 0)
(0.533565 0.421597 0)
(0.553554 0.32944 0)
(0.572826 0.238245 0)
(0.592331 0.14854 0)
(0.612883 0.0602068 0)
(0.63436 -0.0264598 0)
(0.656006 -0.110649 0)
(0.679161 -0.192698 0)
(0.703246 -0.272165 0)
(0.72755 -0.347586 0)
(0.75153 -0.417221 0)
(0.774897 -0.479806 0)
(0.797881 -0.53522 0)
(0.821309 -0.584684 0)
(0.846355 -0.630217 0)
(0.874075 -0.673595 0)
(0.904924 -0.715449 0)
(0.938559 -0.755042 0)
(0.973989 -0.790772 0)
(1.00995 -0.820954 0)
(1.04526 -0.844396 0)
(1.07902 -0.860562 0)
(1.1106 -0.869419 0)
(1.13963 -0.871185 0)
(1.16587 -0.866145 0)
(1.18921 -0.854596 0)
(1.20961 -0.836888 0)
(1.22718 -0.813484 0)
(1.24211 -0.784993 0)
(1.25472 -0.752137 0)
(1.26535 -0.715689 0)
(1.2743 -0.676401 0)
(1.28182 -0.634951 0)
(1.28805 -0.591928 0)
(1.29304 -0.547832 0)
(1.29674 -0.503094 0)
(1.29908 -0.458098 0)
(1.29995 -0.41319 0)
(1.29923 -0.368694 0)
(1.29684 -0.324911 0)
(1.29272 -0.28212 0)
(1.28684 -0.240577 0)
(1.27922 -0.20051 0)
(1.2699 -0.16211 0)
(1.25898 -0.125528 0)
(1.24657 -0.0908773 0)
(1.23282 -0.0582254 0)
(1.2179 -0.0275839 0)
(1.20199 0.00106751 0)
(1.18537 0.0277613 0)
(1.16829 0.0526876 0)
(1.15099 0.0761332 0)
(1.13368 0.0983319 0)
(1.11658 0.119437 0)
(1.09982 0.139541 0)
(1.08367 0.158803 0)
(1.06861 0.177668 0)
(1.05558 0.197064 0)
(1.04604 0.218407 0)
(1.04186 0.243279 0)
(1.04493 0.272774 0)
(1.05661 0.306741 0)
(1.07722 0.343323 0)
(1.10571 0.37912 0)
(1.1399 0.409989 0)
(1.17695 0.432087 0)
(1.21399 0.442706 0)
(1.24868 0.440616 0)
(1.27941 0.425964 0)
(1.30539 0.3999 0)
(1.32645 0.364139 0)
(1.34291 0.320596 0)
(1.35531 0.271144 0)
(1.36426 0.217479 0)
(1.37034 0.161073 0)
(1.37399 0.103167 0)
(1.37548 0.0448185 0)
(1.37485 -0.0129539 0)
(1.37202 -0.0690215 0)
(1.36695 -0.12227 0)
(1.35935 -0.171605 0)
(1.34905 -0.215991 0)
(1.33597 -0.254523 0)
(1.32015 -0.28651 0)
(1.30179 -0.311566 0)
(1.28128 -0.329659 0)
(1.25913 -0.341121 0)
(1.23598 -0.346611 0)
(1.21254 -0.347032 0)
(1.18952 -0.343427 0)
(1.1676 -0.336872 0)
(1.14735 -0.32839 0)
(1.12923 -0.318883 0)
(1.11357 -0.309098 0)
(1.10057 -0.299609 0)
(1.09032 -0.290818 0)
(1.08278 -0.28297 0)
(1.07788 -0.276167 0)
(1.07544 -0.270408 0)
(1.0753 -0.265624 0)
(1.07728 -0.261715 0)
(1.08126 -0.258585 0)
(1.08716 -0.256155 0)
(1.09499 -0.254356 0)
(1.10479 -0.25311 0)
(1.11663 -0.252294 0)
(1.13056 -0.251717 0)
(1.14654 -0.25111 0)
(1.16445 -0.250134 0)
(1.18408 -0.248412 0)
(1.20517 -0.245564 0)
(1.2274 -0.241241 0)
(1.25046 -0.235149 0)
(1.27407 -0.227053 0)
(1.29795 -0.216779 0)
(1.32187 -0.204208 0)
(1.34558 -0.189267 0)
(1.36883 -0.171926 0)
(1.39136 -0.152197 0)
(1.41292 -0.130139 0)
(1.43321 -0.105862 0)
(1.45199 -0.0795284 0)
(1.46899 -0.0513407 0)
(1.48403 -0.0215127 0)
(1.49694 0.009731 0)
(1.5076 0.0421382 0)
(1.51591 0.0753692 0)
(1.52183 0.109132 0)
(1.52539 0.143126 0)
(1.52653 0.177052 0)
(0.0115711 0.416671 0)
(-0.0103298 0.634593 0)
(-0.0255906 0.827337 0)
(-0.0360984 0.97509 0)
(-0.0379976 1.06355 0)
(-0.0305045 1.08213 0)
(-0.0129541 1.03262 0)
(0.0127253 0.92912 0)
(0.0433691 0.790682 0)
(0.0770435 0.633547 0)
(0.111852 0.46672 0)
(0.146732 0.297956 0)
(0.185928 0.132737 0)
(0.222122 -0.0394729 0)
(0.246014 -0.220386 0)
(0.269468 -0.407976 0)
(0.295147 -0.586601 0)
(0.31762 -0.727756 0)
(0.332694 -0.823249 0)
(0.339158 -0.895119 0)
(0.338942 -0.969858 0)
(0.334707 -1.04938 0)
(0.327377 -1.11233 0)
(0.316028 -1.13786 0)
(0.29906 -1.12076 0)
(0.275702 -1.06847 0)
(0.245552 -0.993501 0)
(0.204057 -0.91114 0)
(0.144964 -0.832239 0)
(0.0744398 -0.746951 0)
(0.0159696 -0.621516 0)
(-0.00877366 -0.425916 0)
(-0.00433966 -0.170993 0)
(0.0133512 0.106271 0)
(0.0379489 0.375775 0)
(0.0694987 0.618768 0)
(0.110153 0.818297 0)
(0.16004 0.96099 0)
(0.216111 1.04266 0)
(0.273475 1.07101 0)
(0.328155 1.06024 0)
(0.37819 1.02488 0)
(0.423317 0.976327 0)
(0.46432 0.92136 0)
(0.502197 0.862812 0)
(0.537732 0.80075 0)
(0.571294 0.733747 0)
(0.602827 0.660262 0)
(0.632007 0.579824 0)
(0.658522 0.493573 0)
(0.682458 0.403753 0)
(0.704467 0.312644 0)
(0.725411 0.221817 0)
(0.746201 0.131895 0)
(0.767714 0.0429262 0)
(0.789728 -0.0444498 0)
(0.811622 -0.129337 0)
(0.834454 -0.211967 0)
(0.857338 -0.291555 0)
(0.879554 -0.366599 0)
(0.900659 -0.435559 0)
(0.920684 -0.497577 0)
(0.94035 -0.55303 0)
(0.960965 -0.603507 0)
(0.983955 -0.651038 0)
(1.01024 -0.696983 0)
(1.03979 -0.741289 0)
(1.07166 -0.782591 0)
(1.10439 -0.818948 0)
(1.13654 -0.848683 0)
(1.16697 -0.870834 0)
(1.19502 -0.885155 0)
(1.22035 -0.891852 0)
(1.24283 -0.891298 0)
(1.26244 -0.883871 0)
(1.27923 -0.869943 0)
(1.29334 -0.849947 0)
(1.30499 -0.824439 0)
(1.31454 -0.794105 0)
(1.32239 -0.759706 0)
(1.32891 -0.722 0)
(1.3344 -0.681675 0)
(1.33902 -0.63932 0)
(1.3428 -0.59543 0)
(1.34566 -0.55043 0)
(1.34747 -0.5047 0)
(1.34805 -0.458598 0)
(1.34722 -0.412471 0)
(1.34483 -0.366656 0)
(1.34076 -0.321481 0)
(1.33493 -0.277255 0)
(1.3273 -0.234271 0)
(1.31791 -0.192788 0)
(1.30679 -0.153032 0)
(1.29407 -0.115188 0)
(1.27987 -0.0793957 0)
(1.26438 -0.0457382 0)
(1.24778 -0.0142457 0)
(1.23031 0.0150483 0)
(1.21228 0.0421611 0)
(1.19392 0.0673114 0)
(1.1755 0.0907634 0)
(1.1573 0.112772 0)
(1.13958 0.13353 0)
(1.12251 0.153131 0)
(1.10629 0.171635 0)
(1.09127 0.189244 0)
(1.07811 0.206514 0)
(1.06797 0.224467 0)
(1.06244 0.24444 0)
(1.06337 0.267626 0)
(1.07232 0.294419 0)
(1.09007 0.323879 0)
(1.11625 0.353637 0)
(1.14924 0.380368 0)
(1.18661 0.400614 0)
(1.22562 0.41158 0)
(1.26374 0.411605 0)
(1.29904 0.400242 0)
(1.33024 0.378055 0)
(1.35673 0.346285 0)
(1.37842 0.306528 0)
(1.39551 0.260486 0)
(1.4084 0.20981 0)
(1.41748 0.156021 0)
(1.42313 0.100469 0)
(1.42554 0.044342 0)
(1.42479 -0.0112419 0)
(1.42082 -0.0650768 0)
(1.41372 -0.115982 0)
(1.40335 -0.162877 0)
(1.3897 -0.204785 0)
(1.37286 -0.240892 0)
(1.35306 -0.27063 0)
(1.33067 -0.293743 0)
(1.30623 -0.310324 0)
(1.28041 -0.320812 0)
(1.25398 -0.325931 0)
(1.22774 -0.326601 0)
(1.20243 -0.323832 0)
(1.17874 -0.318628 0)
(1.15719 -0.311909 0)
(1.13817 -0.304464 0)
(1.12193 -0.296925 0)
(1.10857 -0.289764 0)
(1.09807 -0.283291 0)
(1.09033 -0.277679 0)
(1.0852 -0.272983 0)
(1.08246 -0.269175 0)
(1.08193 -0.266191 0)
(1.08345 -0.263964 0)
(1.08694 -0.262451 0)
(1.0924 -0.261635 0)
(1.09991 -0.261499 0)
(1.10958 -0.261985 0)
(1.12149 -0.262955 0)
(1.13569 -0.26416 0)
(1.15208 -0.265252 0)
(1.17046 -0.265812 0)
(1.19056 -0.265399 0)
(1.21205 -0.263601 0)
(1.23462 -0.260069 0)
(1.25799 -0.254527 0)
(1.28192 -0.246769 0)
(1.30623 -0.236641 0)
(1.33071 -0.22403 0)
(1.35514 -0.208857 0)
(1.37927 -0.191076 0)
(1.40283 -0.170683 0)
(1.42548 -0.147726 0)
(1.44691 -0.122309 0)
(1.46678 -0.0946091 0)
(1.48482 -0.0648599 0)
(1.50077 -0.0333179 0)
(1.51448 -0.00023838 0)
(1.52579 0.0340913 0)
(1.53467 0.0692815 0)
(1.54109 0.105001 0)
(1.54513 0.140939 0)
(1.54686 0.176734 0)
(0.0346974 0.40177 0)
(0.0453964 0.63921 0)
(0.0595734 0.824455 0)
(0.080859 0.966508 0)
(0.109464 1.04912 0)
(0.143619 1.06254 0)
(0.182096 1.00904 0)
(0.222707 0.902404 0)
(0.263199 0.762519 0)
(0.303095 0.604616 0)
(0.34127 0.438174 0)
(0.376857 0.271421 0)
(0.413234 0.10633 0)
(0.447687 -0.0641382 0)
(0.47426 -0.240997 0)
(0.500908 -0.42727 0)
(0.524399 -0.604145 0)
(0.536379 -0.739937 0)
(0.535327 -0.827531 0)
(0.526553 -0.892467 0)
(0.515957 -0.963232 0)
(0.504665 -1.04054 0)
(0.489703 -1.10078 0)
(0.468198 -1.12197 0)
(0.439005 -1.09927 0)
(0.402263 -1.04135 0)
(0.359481 -0.96026 0)
(0.310436 -0.86806 0)
(0.249257 -0.777028 0)
(0.17368 -0.688368 0)
(0.0988772 -0.579036 0)
(0.0516552 -0.413487 0)
(0.0434535 -0.182417 0)
(0.0636397 0.0838348 0)
(0.0992235 0.346101 0)
(0.144497 0.581929 0)
(0.198888 0.77451 0)
(0.260329 0.912364 0)
(0.324814 0.992728 0)
(0.387795 1.02295 0)
(0.446201 1.0159 0)
(0.498941 0.984729 0)
(0.546432 0.939839 0)
(0.589857 0.88768 0)
(0.63042 0.831185 0)
(0.668952 0.77076 0)
(0.705739 0.705395 0)
(0.740551 0.633854 0)
(0.772872 0.555717 0)
(0.802273 0.471851 0)
(0.828794 0.384063 0)
(0.853003 0.29432 0)
(0.875671 0.204151 0)
(0.897723 0.114314 0)
(0.919971 0.0251147 0)
(0.941875 -0.0624883 0)
(0.963347 -0.147608 0)
(0.984874 -0.230172 0)
(1.00555 -0.309176 0)
(1.02483 -0.383222 0)
(1.04256 -0.451133 0)
(1.05926 -0.512593 0)
(1.07615 -0.568496 0)
(1.09487 -0.620637 0)
(1.11676 -0.67075 0)
(1.14224 -0.71946 0)
(1.17054 -0.765886 0)
(1.20008 -0.808108 0)
(1.22912 -0.844087 0)
(1.25625 -0.872404 0)
(1.28066 -0.892495 0)
(1.30206 -0.904466 0)
(1.32044 -0.908745 0)
(1.33595 -0.905809 0)
(1.34876 -0.89609 0)
(1.35906 -0.88001 0)
(1.36714 -0.858078 0)
(1.3734 -0.83093 0)
(1.37828 -0.799303 0)
(1.38223 -0.763951 0)
(1.38561 -0.725558 0)
(1.38861 -0.684699 0)
(1.39125 -0.641841 0)
(1.39339 -0.597375 0)
(1.39484 -0.551657 0)
(1.39533 -0.505036 0)
(1.39461 -0.45787 0)
(1.39245 -0.410521 0)
(1.38868 -0.363359 0)
(1.38315 -0.316748 0)
(1.37578 -0.27104 0)
(1.36654 -0.226567 0)
(1.35544 -0.18363 0)
(1.34257 -0.142494 0)
(1.32806 -0.103381 0)
(1.31206 -0.0664612 0)
(1.29479 -0.0318342 0)
(1.27646 0.000432472 0)
(1.25742 0.0302516 0)
(1.23792 0.0576858 0)
(1.21822 0.0829383 0)
(1.19862 0.106243 0)
(1.17945 0.127868 0)
(1.16099 0.148046 0)
(1.14349 0.166911 0)
(1.1271 0.184494 0)
(1.11207 0.200845 0)
(1.09882 0.216232 0)
(1.08819 0.231299 0)
(1.08144 0.247069 0)
(1.08019 0.264656 0)
(1.08603 0.284765 0)
(1.10007 0.307158 0)
(1.12251 0.330399 0)
(1.1524 0.352038 0)
(1.18786 0.369182 0)
(1.22645 0.379183 0)
(1.26568 0.380158 0)
(1.30342 0.371213 0)
(1.33803 0.352391 0)
(1.36848 0.324463 0)
(1.39426 0.288662 0)
(1.41523 0.246454 0)
(1.43146 0.199379 0)
(1.44319 0.148943 0)
(1.45062 0.0965491 0)
(1.45393 0.0434676 0)
(1.4532 -0.00912427 0)
(1.44844 -0.0599974 0)
(1.43982 -0.107946 0)
(1.42735 -0.151919 0)
(1.41119 -0.191003 0)
(1.3916 -0.224482 0)
(1.36894 -0.251907 0)
(1.34378 -0.273149 0)
(1.3168 -0.28842 0)
(1.2888 -0.298241 0)
(1.26065 -0.30337 0)
(1.23318 -0.304705 0)
(1.20713 -0.303185 0)
(1.18312 -0.299706 0)
(1.16159 -0.29506 0)
(1.14283 -0.289908 0)
(1.12696 -0.284762 0)
(1.11399 -0.27999 0)
(1.10381 -0.275827 0)
(1.09625 -0.272386 0)
(1.09112 -0.269692 0)
(1.08819 -0.267719 0)
(1.08729 -0.266434 0)
(1.08833 -0.26583 0)
(1.09131 -0.265938 0)
(1.09632 -0.26681 0)
(1.10352 -0.26847 0)
(1.11307 -0.270853 0)
(1.12508 -0.273765 0)
(1.13949 -0.276866 0)
(1.15613 -0.279704 0)
(1.17473 -0.281779 0)
(1.19494 -0.282611 0)
(1.21644 -0.281794 0)
(1.23898 -0.279015 0)
(1.26237 -0.274047 0)
(1.28649 -0.266716 0)
(1.31122 -0.256879 0)
(1.33641 -0.244406 0)
(1.36183 -0.229179 0)
(1.3872 -0.211111 0)
(1.41215 -0.190159 0)
(1.43628 -0.166349 0)
(1.45917 -0.139784 0)
(1.48042 -0.110656 0)
(1.49969 -0.0792381 0)
(1.51668 -0.0458445 0)
(1.53122 -0.0107919 0)
(1.54317 0.0255802 0)
(1.55247 0.0628435 0)
(1.55916 0.100581 0)
(1.56336 0.138461 0)
(1.56529 0.1761 0)
(0.0562759 0.351971 0)
(0.1011 0.619893 0)
(0.14349 0.796535 0)
(0.195953 0.932005 0)
(0.255633 1.01094 0)
(0.317311 1.0232 0)
(0.377143 0.97064 0)
(0.43252 0.866044 0)
(0.48229 0.72793 0)
(0.527325 0.571395 0)
(0.567837 0.406473 0)
(0.603857 0.240209 0)
(0.639132 0.0747367 0)
(0.672999 -0.0923621 0)
(0.702556 -0.265261 0)
(0.732579 -0.447701 0)
(0.75238 -0.616399 0)
(0.751339 -0.740525 0)
(0.73273 -0.818383 0)
(0.709359 -0.8793 0)
(0.690326 -0.949947 0)
(0.673812 -1.02627 0)
(0.652348 -1.08235 0)
(0.621269 -1.09727 0)
(0.580543 -1.06789 0)
(0.532034 -1.00419 0)
(0.478153 -0.9188 0)
(0.42131 -0.821288 0)
(0.359262 -0.72098 0)
(0.285964 -0.624994 0)
(0.205978 -0.523689 0)
(0.141861 -0.38614 0)
(0.117138 -0.187815 0)
(0.133906 0.0572452 0)
(0.176289 0.307792 0)
(0.231629 0.535317 0)
(0.296335 0.721908 0)
(0.366447 0.856883 0)
(0.437279 0.937954 0)
(0.504578 0.971637 0)
(0.565897 0.96931 0)
(0.620743 0.942804 0)
(0.669992 0.901703 0)
(0.715121 0.852257 0)
(0.757516 0.797611 0)
(0.798096 0.738601 0)
(0.837165 0.674696 0)
(0.874452 0.605007 0)
(0.909363 0.529176 0)
(0.941372 0.447806 0)
(0.970377 0.362282 0)
(0.996745 0.274269 0)
(1.02107 0.185225 0)
(1.04419 0.0959944 0)
(1.06674 0.00710105 0)
(1.08803 -0.0800973 0)
(1.10831 -0.164776 0)
(1.12771 -0.246567 0)
(1.14551 -0.324387 0)
(1.16152 -0.397089 0)
(1.17605 -0.463989 0)
(1.19013 -0.525349 0)
(1.20539 -0.582446 0)
(1.22344 -0.63697 0)
(1.24509 -0.689981 0)
(1.26989 -0.741141 0)
(1.29628 -0.788782 0)
(1.32226 -0.830708 0)
(1.34612 -0.865111 0)
(1.36684 -0.891072 0)
(1.38414 -0.90852 0)
(1.39815 -0.917886 0)
(1.40921 -0.91974 0)
(1.41766 -0.914593 0)
(1.42382 -0.902884 0)
(1.42805 -0.885077 0)
(1.43077 -0.86175 0)
(1.43249 -0.833601 0)
(1.43374 -0.80137 0)
(1.43493 -0.765732 0)
(1.4363 -0.727235 0)
(1.43784 -0.686292 0)
(1.43939 -0.643234 0)
(1.44063 -0.598365 0)
(1.44124 -0.552001 0)
(1.44086 -0.504493 0)
(1.43922 -0.456219 0)
(1.43604 -0.407582 0)
(1.43112 -0.358991 0)
(1.42433 -0.310855 0)
(1.41556 -0.263576 0)
(1.40478 -0.217531 0)
(1.39204 -0.17307 0)
(1.37743 -0.130502 0)
(1.3611 -0.0900913 0)
(1.34325 -0.0520363 0)
(1.32412 -0.0164674 0)
(1.30401 0.0164862 0)
(1.2833 0.0467334 0)
(1.26225 0.0743933 0)
(1.24112 0.0996258 0)
(1.22026 0.122642 0)
(1.20001 0.143711 0)
(1.18069 0.163101 0)
(1.16258 0.181 0)
(1.14587 0.197469 0)
(1.13072 0.212495 0)
(1.11739 0.226147 0)
(1.1064 0.238762 0)
(1.09866 0.251027 0)
(1.09546 0.263861 0)
(1.09826 0.278063 0)
(1.1083 0.293858 0)
(1.1262 0.310565 0)
(1.15162 0.326568 0)
(1.18329 0.339645 0)
(1.21927 0.34749 0)
(1.25728 0.348216 0)
(1.29515 0.340658 0)
(1.33106 0.324454 0)
(1.36364 0.299946 0)
(1.392 0.267996 0)
(1.41564 0.229798 0)
(1.43437 0.186716 0)
(1.44815 0.140174 0)
(1.45708 0.091558 0)
(1.46125 0.0421595 0)
(1.46075 -0.00682819 0)
(1.45564 -0.0541907 0)
(1.44615 -0.098731 0)
(1.43244 -0.139443 0)
(1.41478 -0.175489 0)
(1.39359 -0.206255 0)
(1.3694 -0.231416 0)
(1.34291 -0.250966 0)
(1.31495 -0.265215 0)
(1.28641 -0.274732 0)
(1.25819 -0.280268 0)
(1.2311 -0.282655 0)
(1.20581 -0.282718 0)
(1.18281 -0.281217 0)
(1.16244 -0.278803 0)
(1.14485 -0.276003 0)
(1.13005 -0.273218 0)
(1.11795 -0.270732 0)
(1.10839 -0.268714 0)
(1.10115 -0.267246 0)
(1.09603 -0.266349 0)
(1.09285 -0.266027 0)
(1.09148 -0.266305 0)
(1.09194 -0.267261 0)
(1.09434 -0.269013 0)
(1.09887 -0.271673 0)
(1.10577 -0.275276 0)
(1.1152 -0.279708 0)
(1.12721 -0.28467 0)
(1.14165 -0.289698 0)
(1.15826 -0.294234 0)
(1.17666 -0.297726 0)
(1.19654 -0.299702 0)
(1.21764 -0.299816 0)
(1.23985 -0.297834 0)
(1.26315 -0.293587 0)
(1.28753 -0.286921 0)
(1.31295 -0.277664 0)
(1.33926 -0.265621 0)
(1.36618 -0.250593 0)
(1.3933 -0.232418 0)
(1.42014 -0.211002 0)
(1.44616 -0.186348 0)
(1.47086 -0.158568 0)
(1.49373 -0.127886 0)
(1.51439 -0.0946296 0)
(1.53252 -0.0591897 0)
(1.54792 -0.0219617 0)
(1.56048 0.0166494 0)
(1.57013 0.0561762 0)
(1.57693 0.0960886 0)
(1.58103 0.136 0)
(1.58277 0.175511 0)
(0.0692646 0.273262 0)
(0.149147 0.571418 0)
(0.220495 0.745363 0)
(0.30211 0.871768 0)
(0.392365 0.947896 0)
(0.48263 0.962776 0)
(0.56584 0.916118 0)
(0.638211 0.818583 0)
(0.699135 0.686441 0)
(0.750554 0.534526 0)
(0.794334 0.373276 0)
(0.832227 0.209609 0)
(0.868178 0.0465885 0)
(0.902238 -0.118496 0)
(0.933906 -0.289985 0)
(0.962761 -0.466021 0)
(0.972103 -0.619903 0)
(0.953067 -0.727245 0)
(0.916814 -0.795875 0)
(0.882761 -0.857553 0)
(0.859543 -0.932197 0)
(0.839898 -1.00795 0)
(0.812248 -1.05765 0)
(0.771453 -1.06403 0)
(0.719318 -1.02721 0)
(0.660034 -0.958244 0)
(0.597013 -0.869987 0)
(0.53326 -0.770923 0)
(0.469893 -0.666434 0)
(0.402127 -0.563329 0)
(0.326529 -0.462439 0)
(0.255257 -0.34514 0)
(0.214298 -0.182213 0)
(0.220608 0.0316991 0)
(0.264085 0.26446 0)
(0.325854 0.48186 0)
(0.398051 0.662809 0)
(0.474791 0.796166 0)
(0.550713 0.879357 0)
(0.621682 0.917656 0)
(0.685595 0.920849 0)
(0.742306 0.899475 0)
(0.792965 0.862387 0)
(0.839247 0.815697 0)
(0.882705 0.762822 0)
(0.924392 0.705069 0)
(0.964716 0.642421 0)
(1.00348 0.574375 0)
(1.04012 0.500681 0)
(1.07406 0.421753 0)
(1.10504 0.338628 0)
(1.13316 0.252687 0)
(1.15879 0.165265 0)
(1.1826 0.0772252 0)
(1.20496 -0.0106613 0)
(1.22518 -0.0967686 0)
(1.24376 -0.180321 0)
(1.26067 -0.260738 0)
(1.27558 -0.337038 0)
(1.28877 -0.408447 0)
(1.30107 -0.474814 0)
(1.31393 -0.536873 0)
(1.32899 -0.595978 0)
(1.34737 -0.653299 0)
(1.36894 -0.708906 0)
(1.39228 -0.761486 0)
(1.41523 -0.808884 0)
(1.43581 -0.84905 0)
(1.45281 -0.880744 0)
(1.46587 -0.903685 0)
(1.47527 -0.918258 0)
(1.48158 -0.9251 0)
(1.48536 -0.924807 0)
(1.48709 -0.917851 0)
(1.48721 -0.90466 0)
(1.48617 -0.885742 0)
(1.48454 -0.861741 0)
(1.48293 -0.833374 0)
(1.48183 -0.801307 0)
(1.48153 -0.76605 0)
(1.48202 -0.727944 0)
(1.48305 -0.687228 0)
(1.48422 -0.64412 0)
(1.48511 -0.598879 0)
(1.4853 -0.551831 0)
(1.48442 -0.50336 0)
(1.48215 -0.453885 0)
(1.47824 -0.403851 0)
(1.47243 -0.353713 0)
(1.46458 -0.303929 0)
(1.45456 -0.25495 0)
(1.44235 -0.207213 0)
(1.42798 -0.16112 0)
(1.4116 -0.117036 0)
(1.39338 -0.0752677 0)
(1.37357 -0.0360479 0)
(1.35246 0.000435393 0)
(1.33047 0.0339852 0)
(1.30796 0.0645876 0)
(1.28521 0.0923666 0)
(1.26255 0.117453 0)
(1.24032 0.140043 0)
(1.21887 0.1604 0)
(1.19855 0.178818 0)
(1.17967 0.19554 0)
(1.16245 0.210688 0)
(1.14703 0.22426 0)
(1.13355 0.236225 0)
(1.12229 0.246696 0)
(1.11382 0.256062 0)
(1.10907 0.264987 0)
(1.10921 0.274206 0)
(1.11546 0.28418 0)
(1.12863 0.294762 0)
(1.14889 0.305047 0)
(1.17554 0.313492 0)
(1.20718 0.318267 0)
(1.24193 0.317668 0)
(1.27777 0.310445 0)
(1.31283 0.295971 0)
(1.34556 0.274242 0)
(1.37478 0.24578 0)
(1.3997 0.211488 0)
(1.41984 0.172515 0)
(1.43495 0.130138 0)
(1.44497 0.0856651 0)
(1.4499 0.0403493 0)
(1.44982 -0.00463889 0)
(1.44481 -0.0481349 0)
(1.43515 -0.0889853 0)
(1.42108 -0.126249 0)
(1.40301 -0.159178 0)
(1.38146 -0.187278 0)
(1.35714 -0.210344 0)
(1.33086 -0.22848 0)
(1.30355 -0.242059 0)
(1.27611 -0.251655 0)
(1.24942 -0.257958 0)
(1.22417 -0.261687 0)
(1.20091 -0.263527 0)
(1.18 -0.264084 0)
(1.1616 -0.263867 0)
(1.14575 -0.263287 0)
(1.13238 -0.262653 0)
(1.12132 -0.262185 0)
(1.11239 -0.262019 0)
(1.10539 -0.262229 0)
(1.10012 -0.262861 0)
(1.0965 -0.263977 0)
(1.0945 -0.265689 0)
(1.09425 -0.268174 0)
(1.09599 -0.271629 0)
(1.10002 -0.276204 0)
(1.10658 -0.281895 0)
(1.11581 -0.288482 0)
(1.12764 -0.295518 0)
(1.14179 -0.3024 0)
(1.1579 -0.308496 0)
(1.17561 -0.313259 0)
(1.19468 -0.316305 0)
(1.21505 -0.317405 0)
(1.23682 -0.316425 0)
(1.26016 -0.313236 0)
(1.28518 -0.30765 0)
(1.31183 -0.299397 0)
(1.33989 -0.288151 0)
(1.36891 -0.273589 0)
(1.39832 -0.255451 0)
(1.42746 -0.233596 0)
(1.45567 -0.208022 0)
(1.48233 -0.178875 0)
(1.50692 -0.146436 0)
(1.52899 -0.111114 0)
(1.54823 -0.0733879 0)
(1.56445 -0.033745 0)
(1.57757 0.00733128 0)
(1.58751 0.0493424 0)
(1.59437 0.0916383 0)
(1.59828 0.133753 0)
(1.59965 0.175254 0)
(0.0660601 0.176424 0)
(0.178711 0.490642 0)
(0.281929 0.670964 0)
(0.392211 0.78782 0)
(0.511574 0.860118 0)
(0.6308 0.879972 0)
(0.739792 0.843725 0)
(0.832753 0.758259 0)
(0.908671 0.636976 0)
(0.969916 0.493657 0)
(1.01981 0.338789 0)
(1.0616 0.179639 0)
(1.09888 0.0193115 0)
(1.13264 -0.144473 0)
(1.16299 -0.313082 0)
(1.18172 -0.476524 0)
(1.17103 -0.608979 0)
(1.13058 -0.698302 0)
(1.08133 -0.762812 0)
(1.04476 -0.831818 0)
(1.02281 -0.913014 0)
(1.001 -0.986291 0)
(0.965903 -1.02631 0)
(0.914341 -1.02196 0)
(0.85079 -0.977515 0)
(0.781649 -0.904625 0)
(0.711449 -0.815239 0)
(0.642799 -0.717208 0)
(0.577871 -0.613505 0)
(0.515352 -0.507345 0)
(0.449525 -0.40346 0)
(0.381667 -0.296449 0)
(0.330617 -0.163834 0)
(0.321734 0.0130587 0)
(0.358991 0.220351 0)
(0.422672 0.424116 0)
(0.499729 0.598825 0)
(0.581654 0.731184 0)
(0.662064 0.8174 0)
(0.736634 0.861162 0)
(0.803319 0.870561 0)
(0.862074 0.854844 0)
(0.914154 0.822155 0)
(0.961346 0.778474 0)
(1.00534 0.727488 0)
(1.04736 0.670983 0)
(1.08798 0.609465 0)
(1.12716 0.542842 0)
(1.16447 0.471044 0)
(1.19935 0.394392 0)
(1.23141 0.313678 0)
(1.26053 0.230038 0)
(1.28683 0.144646 0)
(1.31081 0.0583446 0)
(1.33258 -0.02785 0)
(1.35146 -0.112218 0)
(1.36827 -0.19409 0)
(1.38296 -0.272808 0)
(1.39573 -0.347632 0)
(1.40731 -0.418204 0)
(1.41893 -0.484824 0)
(1.43212 -0.548416 0)
(1.44805 -0.609985 0)
(1.46686 -0.669788 0)
(1.48732 -0.726829 0)
(1.50726 -0.779121 0)
(1.52453 -0.824529 0)
(1.5377 -0.86159 0)
(1.54639 -0.889831 0)
(1.55102 -0.909566 0)
(1.55236 -0.921471 0)
(1.55123 -0.926213 0)
(1.5483 -0.924303 0)
(1.54408 -0.916138 0)
(1.53911 -0.90215 0)
(1.53398 -0.882909 0)
(1.52936 -0.8591 0)
(1.52584 -0.831379 0)
(1.52379 -0.800222 0)
(1.5232 -0.765885 0)
(1.52374 -0.728479 0)
(1.52491 -0.688101 0)
(1.52618 -0.644927 0)
(1.52708 -0.599242 0)
(1.52721 -0.551421 0)
(1.5262 -0.501892 0)
(1.52373 -0.451115 0)
(1.51948 -0.399563 0)
(1.51316 -0.34773 0)
(1.50454 -0.296123 0)
(1.49347 -0.24526 0)
(1.4799 -0.195646 0)
(1.4639 -0.147759 0)
(1.44564 -0.102027 0)
(1.42536 -0.0588035 0)
(1.40336 -0.0183762 0)
(1.38008 0.0189811 0)
(1.356 0.0530658 0)
(1.33147 0.0839488 0)
(1.30683 0.111728 0)
(1.28246 0.136533 0)
(1.25871 0.158554 0)
(1.23592 0.178049 0)
(1.21446 0.195325 0)
(1.19465 0.210678 0)
(1.17674 0.224302 0)
(1.16087 0.236253 0)
(1.14713 0.246484 0)
(1.13562 0.254979 0)
(1.12664 0.261898 0)
(1.12075 0.267649 0)
(1.1188 0.272809 0)
(1.12181 0.277893 0)
(1.13062 0.283075 0)
(1.14569 0.28798 0)
(1.16679 0.291674 0)
(1.19306 0.292844 0)
(1.22308 0.290099 0)
(1.25514 0.282272 0)
(1.28748 0.268619 0)
(1.3185 0.248901 0)
(1.34689 0.223358 0)
(1.37164 0.192617 0)
(1.39204 0.157592 0)
(1.40765 0.119376 0)
(1.41825 0.0791392 0)
(1.42377 0.0380491 0)
(1.42423 -0.00278336 0)
(1.41971 -0.0422708 0)
(1.41051 -0.0793384 0)
(1.39693 -0.113136 0)
(1.3795 -0.143031 0)
(1.35886 -0.168654 0)
(1.33582 -0.189916 0)
(1.31128 -0.206996 0)
(1.28615 -0.220281 0)
(1.26131 -0.230294 0)
(1.23748 -0.237615 0)
(1.21521 -0.242818 0)
(1.19488 -0.246432 0)
(1.17667 -0.248917 0)
(1.16063 -0.250663 0)
(1.1467 -0.251986 0)
(1.13474 -0.253138 0)
(1.1246 -0.254304 0)
(1.11608 -0.255613 0)
(1.10903 -0.257158 0)
(1.10336 -0.259038 0)
(1.09905 -0.261399 0)
(1.09624 -0.264456 0)
(1.09518 -0.268486 0)
(1.09622 -0.273748 0)
(1.09971 -0.280373 0)
(1.10586 -0.28826 0)
(1.11471 -0.297021 0)
(1.12601 -0.306037 0)
(1.1394 -0.314594 0)
(1.15446 -0.322053 0)
(1.17093 -0.327971 0)
(1.1888 -0.33213 0)
(1.20831 -0.334463 0)
(1.2298 -0.334915 0)
(1.25362 -0.33333 0)
(1.27989 -0.329389 0)
(1.30847 -0.322631 0)
(1.33891 -0.312534 0)
(1.37054 -0.298622 0)
(1.40255 -0.280548 0)
(1.43413 -0.258151 0)
(1.46451 -0.231466 0)
(1.493 -0.200711 0)
(1.51909 -0.16626 0)
(1.54235 -0.128617 0)
(1.56251 -0.0883649 0)
(1.57941 -0.0460921 0)
(1.59298 -0.00233506 0)
(1.6032 0.0423427 0)
(1.61017 0.0872168 0)
(1.61399 0.131727 0)
(1.61508 0.175394 0)
(0.0400083 0.0798502 0)
(0.176197 0.37968 0)
(0.314349 0.569143 0)
(0.457712 0.681346 0)
(0.606213 0.749654 0)
(0.752903 0.774727 0)
(0.88796 0.751401 0)
(1.00413 0.682052 0)
(1.09896 0.576206 0)
(1.17422 0.445565 0)
(1.23365 0.30013 0)
(1.28081 0.147741 0)
(1.31931 -0.00822369 0)
(1.35101 -0.16839 0)
(1.37225 -0.328031 0)
(1.36932 -0.470928 0)
(1.33249 -0.579268 0)
(1.27569 -0.656506 0)
(1.22614 -0.726805 0)
(1.19789 -0.808732 0)
(1.18058 -0.894721 0)
(1.15453 -0.9604 0)
(1.10888 -0.986808 0)
(1.04499 -0.970431 0)
(0.970384 -0.919192 0)
(0.892846 -0.844511 0)
(0.817511 -0.756345 0)
(0.746479 -0.661309 0)
(0.681083 -0.561655 0)
(0.622254 -0.457541 0)
(0.566649 -0.352156 0)
(0.509526 -0.248175 0)
(0.458092 -0.135566 0)
(0.435491 0.00580942 0)
(0.459672 0.180746 0)
(0.519138 0.365268 0)
(0.597679 0.531504 0)
(0.683343 0.662523 0)
(0.767962 0.752112 0)
(0.846492 0.801893 0)
(0.916578 0.818114 0)
(0.978017 0.808666 0)
(1.03199 0.780953 0)
(1.0803 0.740775 0)
(1.12473 0.692045 0)
(1.16666 0.636996 0)
(1.20688 0.576642 0)
(1.2456 0.511322 0)
(1.28256 0.441204 0)
(1.3173 0.366627 0)
(1.34941 0.288241 0)
(1.37861 0.207 0)
(1.40486 0.123911 0)
(1.42848 0.0397714 0)
(1.44933 -0.0441999 0)
(1.46701 -0.126436 0)
(1.48243 -0.206392 0)
(1.49579 -0.283471 0)
(1.50771 -0.357233 0)
(1.51923 -0.427678 0)
(1.53166 -0.495318 0)
(1.54609 -0.560853 0)
(1.56274 -0.624513 0)
(1.58057 -0.6855 0)
(1.59751 -0.742028 0)
(1.61134 -0.792009 0)
(1.62054 -0.833879 0)
(1.62473 -0.867032 0)
(1.62444 -0.891718 0)
(1.62069 -0.908624 0)
(1.61453 -0.918467 0)
(1.6068 -0.921788 0)
(1.59816 -0.918959 0)
(1.58915 -0.910329 0)
(1.58041 -0.896375 0)
(1.57264 -0.877735 0)
(1.56657 -0.855058 0)
(1.56264 -0.828801 0)
(1.56086 -0.799128 0)
(1.56085 -0.765999 0)
(1.56198 -0.729348 0)
(1.56364 -0.689239 0)
(1.56532 -0.645908 0)
(1.56664 -0.599717 0)
(1.56726 -0.551092 0)
(1.56681 -0.500475 0)
(1.56486 -0.448321 0)
(1.56098 -0.395108 0)
(1.55472 -0.341365 0)
(1.54574 -0.287664 0)
(1.53382 -0.234614 0)
(1.51891 -0.182828 0)
(1.50113 -0.132884 0)
(1.48071 -0.0852922 0)
(1.45799 -0.0404711 0)
(1.43342 0.00120769 0)
(1.4076 0.0393823 0)
(1.38103 0.0739585 0)
(1.35411 0.105018 0)
(1.32727 0.132654 0)
(1.30091 0.157015 0)
(1.27541 0.178299 0)
(1.25111 0.196768 0)
(1.22834 0.21274 0)
(1.20744 0.226545 0)
(1.18866 0.23845 0)
(1.17217 0.248594 0)
(1.15802 0.256976 0)
(1.14622 0.263535 0)
(1.13686 0.268285 0)
(1.1302 0.271422 0)
(1.12676 0.273331 0)
(1.12726 0.274464 0)
(1.13244 0.27513 0)
(1.14284 0.275301 0)
(1.15857 0.274517 0)
(1.17918 0.271947 0)
(1.20372 0.266576 0)
(1.23087 0.257432 0)
(1.25912 0.243793 0)
(1.28696 0.225298 0)
(1.31307 0.201985 0)
(1.33633 0.174252 0)
(1.3559 0.142781 0)
(1.37119 0.10846 0)
(1.38184 0.0722926 0)
(1.3877 0.0353209 0)
(1.38873 -0.001431 0)
(1.385 -0.036979 0)
(1.37678 -0.0703664 0)
(1.36448 -0.100867 0)
(1.3487 -0.127981 0)
(1.33016 -0.151463 0)
(1.30972 -0.171309 0)
(1.28825 -0.18772 0)
(1.2666 -0.20104 0)
(1.24546 -0.211686 0)
(1.22538 -0.220096 0)
(1.20672 -0.226692 0)
(1.18968 -0.231859 0)
(1.1743 -0.235939 0)
(1.16055 -0.239235 0)
(1.14832 -0.24201 0)
(1.13748 -0.244486 0)
(1.12788 -0.246842 0)
(1.11941 -0.249224 0)
(1.11198 -0.251771 0)
(1.1056 -0.254655 0)
(1.1004 -0.258124 0)
(1.09664 -0.262504 0)
(1.09471 -0.268153 0)
(1.09502 -0.275343 0)
(1.0979 -0.284124 0)
(1.10348 -0.294224 0)
(1.11161 -0.305049 0)
(1.1219 -0.315822 0)
(1.1339 -0.325792 0)
(1.14729 -0.334427 0)
(1.16206 -0.341504 0)
(1.17855 -0.347039 0)
(1.19734 -0.351113 0)
(1.21903 -0.353675 0)
(1.244 -0.35441 0)
(1.27226 -0.352737 0)
(1.30338 -0.347909 0)
(1.33662 -0.339175 0)
(1.37101 -0.325916 0)
(1.40554 -0.307747 0)
(1.43926 -0.284548 0)
(1.47135 -0.256447 0)
(1.50117 -0.223784 0)
(1.52824 -0.187053 0)
(1.55223 -0.146866 0)
(1.57293 -0.103903 0)
(1.59023 -0.0588376 0)
(1.60413 -0.01228 0)
(1.61461 0.0351523 0)
(1.6218 0.0827154 0)
(1.62577 0.129755 0)
(1.62691 0.175747 0)
(-0.0154032 0.0106566 0)
(0.128345 0.249906 0)
(0.3014 0.433131 0)
(0.485914 0.547491 0)
(0.668731 0.61663 0)
(0.842113 0.647568 0)
(1.00026 0.637514 0)
(1.13784 0.586198 0)
(1.25184 0.499216 0)
(1.34276 0.385347 0)
(1.41313 0.25376 0)
(1.46575 0.112556 0)
(1.50546 -0.0353076 0)
(1.53081 -0.185836 0)
(1.53236 -0.326836 0)
(1.50153 -0.443999 0)
(1.44643 -0.534438 0)
(1.39274 -0.613496 0)
(1.3612 -0.699705 0)
(1.34803 -0.79353 0)
(1.33199 -0.876203 0)
(1.29557 -0.927 0)
(1.23535 -0.936837 0)
(1.15828 -0.909051 0)
(1.07409 -0.853291 0)
(0.990641 -0.779539 0)
(0.912605 -0.695221 0)
(0.841597 -0.605053 0)
(0.777745 -0.511078 0)
(0.721939 -0.412659 0)
(0.674047 -0.309926 0)
(0.629514 -0.206876 0)
(0.586371 -0.104122 0)
(0.557572 0.010302 0)
(0.566246 0.150929 0)
(0.614701 0.309896 0)
(0.689745 0.463255 0)
(0.776717 0.590985 0)
(0.864921 0.683384 0)
(0.947821 0.739291 0)
(1.02221 0.762794 0)
(1.08739 0.760271 0)
(1.14423 0.738276 0)
(1.19441 0.702334 0)
(1.23973 0.656494 0)
(1.28171 0.603372 0)
(1.32137 0.544452 0)
(1.35916 0.4805 0)
(1.39508 0.411972 0)
(1.42887 0.339316 0)
(1.46016 0.263142 0)
(1.48865 0.184283 0)
(1.51425 0.103597 0)
(1.53714 0.0218397 0)
(1.55699 -0.0597003 0)
(1.57388 -0.139763 0)
(1.58869 -0.21793 0)
(1.60184 -0.293758 0)
(1.6142 -0.36706 0)
(1.6268 -0.438004 0)
(1.64054 -0.506947 0)
(1.6556 -0.573948 0)
(1.67104 -0.638263 0)
(1.68493 -0.698285 0)
(1.69513 -0.752054 0)
(1.70016 -0.798024 0)
(1.69969 -0.835544 0)
(1.69442 -0.864824 0)
(1.68557 -0.886551 0)
(1.6744 -0.901455 0)
(1.66193 -0.910085 0)
(1.64888 -0.912783 0)
(1.63586 -0.909816 0)
(1.62348 -0.90156 0)
(1.61249 -0.888583 0)
(1.60371 -0.871534 0)
(1.59771 -0.850869 0)
(1.59458 -0.826675 0)
(1.59385 -0.798735 0)
(1.59479 -0.766785 0)
(1.5967 -0.73075 0)
(1.5991 -0.69082 0)
(1.60174 -0.64736 0)
(1.60437 -0.600789 0)
(1.60664 -0.551498 0)
(1.60802 -0.49985 0)
(1.60783 -0.446235 0)
(1.60534 -0.391121 0)
(1.5999 -0.335089 0)
(1.59099 -0.278824 0)
(1.57835 -0.223088 0)
(1.56194 -0.168654 0)
(1.54197 -0.116241 0)
(1.51881 -0.0664638 0)
(1.49299 -0.0198511 0)
(1.46518 0.0231158 0)
(1.43614 0.0620858 0)
(1.4064 0.0970832 0)
(1.3765 0.12817 0)
(1.34693 0.155472 0)
(1.31816 0.179174 0)
(1.29056 0.199506 0)
(1.26446 0.216748 0)
(1.24017 0.231228 0)
(1.21799 0.243302 0)
(1.19817 0.253299 0)
(1.18088 0.261443 0)
(1.16616 0.267811 0)
(1.15399 0.27237 0)
(1.1443 0.275068 0)
(1.13714 0.275952 0)
(1.13272 0.27523 0)
(1.13147 0.273229 0)
(1.13391 0.270271 0)
(1.14053 0.266505 0)
(1.15158 0.261797 0)
(1.16692 0.255706 0)
(1.18598 0.247577 0)
(1.20782 0.236697 0)
(1.23125 0.222458 0)
(1.25499 0.204485 0)
(1.2778 0.182701 0)
(1.29858 0.157328 0)
(1.31643 0.128851 0)
(1.33069 0.097959 0)
(1.34091 0.0654765 0)
(1.34685 0.0323031 0)
(1.34843 -0.000654121 0)
(1.3457 -0.0325426 0)
(1.33895 -0.0625612 0)
(1.32864 -0.0901315 0)
(1.31541 -0.114887 0)
(1.30001 -0.136674 0)
(1.28323 -0.155522 0)
(1.26582 -0.171595 0)
(1.24843 -0.185138 0)
(1.23154 -0.196437 0)
(1.21549 -0.205786 0)
(1.20046 -0.213475 0)
(1.18651 -0.219782 0)
(1.17361 -0.224973 0)
(1.16171 -0.229307 0)
(1.15069 -0.233022 0)
(1.14047 -0.236337 0)
(1.13097 -0.239447 0)
(1.12213 -0.242535 0)
(1.11399 -0.245803 0)
(1.10667 -0.249516 0)
(1.10043 -0.254032 0)
(1.09567 -0.259777 0)
(1.09286 -0.267151 0)
(1.0924 -0.276377 0)
(1.09456 -0.287341 0)
(1.09926 -0.29954 0)
(1.10618 -0.312171 0)
(1.1148 -0.324366 0)
(1.12472 -0.335465 0)
(1.13588 -0.345193 0)
(1.14866 -0.35365 0)
(1.16385 -0.361108 0)
(1.18238 -0.367714 0)
(1.20495 -0.373255 0)
(1.23182 -0.377078 0)
(1.26266 -0.378208 0)
(1.29665 -0.375555 0)
(1.33266 -0.368152 0)
(1.36947 -0.355311 0)
(1.40591 -0.336693 0)
(1.441 -0.3123 0)
(1.47398 -0.282417 0)
(1.5043 -0.24754 0)
(1.5316 -0.208302 0)
(1.55567 -0.165425 0)
(1.57641 -0.119673 0)
(1.59378 -0.0717871 0)
(1.60782 -0.0224358 0)
(1.61857 0.0277272 0)
(1.62612 0.0779643 0)
(1.63056 0.127553 0)
(1.63216 0.175941 0)
(-0.092023 0.0372335 0)
(0.0282805 0.120442 0)
(0.224559 0.26161 0)
(0.452984 0.380609 0)
(0.679172 0.462163 0)
(0.88588 0.505781 0)
(1.06823 0.510422 0)
(1.22482 0.476554 0)
(1.35493 0.408413 0)
(1.45893 0.313071 0)
(1.53801 0.198642 0)
(1.59511 0.0721035 0)
(1.631 -0.0604787 0)
(1.63911 -0.189702 0)
(1.61646 -0.304613 0)
(1.57226 -0.402454 0)
(1.52893 -0.492727 0)
(1.50617 -0.588345 0)
(1.50237 -0.690168 0)
(1.49722 -0.783754 0)
(1.47063 -0.850849 0)
(1.41589 -0.881079 0)
(1.33871 -0.874698 0)
(1.24993 -0.838752 0)
(1.15943 -0.782096 0)
(1.07366 -0.712198 0)
(0.99584 -0.634 0)
(0.92695 -0.550365 0)
(0.866505 -0.46289 0)
(0.814368 -0.371556 0)
(0.771635 -0.275173 0)
(0.737028 -0.175294 0)
(0.705956 -0.07662 0)
(0.680361 0.022002 0)
(0.67771 0.133369 0)
(0.71078 0.263014 0)
(0.776158 0.397699 0)
(0.860225 0.518171 0)
(0.95012 0.611404 0)
(1.03715 0.672768 0)
(1.11658 0.703672 0)
(1.1867 0.708662 0)
(1.24775 0.693225 0)
(1.30108 0.662444 0)
(1.34837 0.620377 0)
(1.3912 0.569919 0)
(1.43078 0.512962 0)
(1.46782 0.450678 0)
(1.50262 0.383835 0)
(1.53515 0.313053 0)
(1.56522 0.238986 0)
(1.59261 0.162408 0)
(1.61726 0.0840571 0)
(1.6393 0.00464946 0)
(1.6584 -0.0745862 0)
(1.67502 -0.152729 0)
(1.68992 -0.229476 0)
(1.70365 -0.304527 0)
(1.71697 -0.377799 0)
(1.73052 -0.449325 0)
(1.74431 -0.518928 0)
(1.75744 -0.585823 0)
(1.76815 -0.648521 0)
(1.77446 -0.705231 0)
(1.77508 -0.754517 0)
(1.76983 -0.795767 0)
(1.7596 -0.829194 0)
(1.74582 -0.855473 0)
(1.72989 -0.875317 0)
(1.71292 -0.889241 0)
(1.69571 -0.89754 0)
(1.67884 -0.90041 0)
(1.66293 -0.89812 0)
(1.64872 -0.891155 0)
(1.6371 -0.880154 0)
(1.62882 -0.865614 0)
(1.62407 -0.847581 0)
(1.62237 -0.825655 0)
(1.62284 -0.799328 0)
(1.62472 -0.768356 0)
(1.62765 -0.732895 0)
(1.6316 -0.693357 0)
(1.6366 -0.650174 0)
(1.64239 -0.603652 0)
(1.64834 -0.553972 0)
(1.65346 -0.501309 0)
(1.65661 -0.445957 0)
(1.65667 -0.38841 0)
(1.65272 -0.329383 0)
(1.64413 -0.269767 0)
(1.63062 -0.210561 0)
(1.61224 -0.152771 0)
(1.58936 -0.0973008 0)
(1.56254 -0.0449221 0)
(1.53264 0.00370455 0)
(1.5006 0.0479831 0)
(1.46728 0.0877423 0)
(1.43338 0.123021 0)
(1.3996 0.153913 0)
(1.36655 0.180605 0)
(1.3347 0.203348 0)
(1.30447 0.222431 0)
(1.27616 0.238171 0)
(1.25004 0.250919 0)
(1.22635 0.261052 0)
(1.20529 0.268942 0)
(1.18702 0.274888 0)
(1.17158 0.279058 0)
(1.15891 0.281484 0)
(1.14888 0.282117 0)
(1.14138 0.280927 0)
(1.13637 0.277983 0)
(1.13402 0.27348 0)
(1.13461 0.267672 0)
(1.13848 0.260769 0)
(1.14587 0.252818 0)
(1.15679 0.243657 0)
(1.17096 0.232931 0)
(1.18777 0.220184 0)
(1.20635 0.204973 0)
(1.22569 0.186984 0)
(1.24472 0.166102 0)
(1.26246 0.142438 0)
(1.27805 0.116324 0)
(1.29081 0.0882735 0)
(1.30025 0.058946 0)
(1.3061 0.0290861 0)
(1.30824 -0.000543036 0)
(1.30674 -0.0292467 0)
(1.30191 -0.0563992 0)
(1.29422 -0.0815668 0)
(1.28427 -0.104484 0)
(1.27272 -0.125035 0)
(1.26019 -0.143221 0)
(1.24721 -0.15912 0)
(1.2342 -0.172862 0)
(1.22142 -0.184608 0)
(1.20903 -0.19454 0)
(1.1971 -0.20286 0)
(1.18562 -0.209785 0)
(1.17455 -0.215548 0)
(1.16385 -0.220391 0)
(1.15346 -0.224553 0)
(1.14335 -0.228268 0)
(1.1335 -0.23176 0)
(1.12397 -0.235263 0)
(1.11489 -0.239055 0)
(1.10651 -0.243506 0)
(1.0992 -0.249076 0)
(1.09345 -0.256264 0)
(1.08975 -0.265455 0)
(1.08845 -0.276739 0)
(1.08961 -0.289771 0)
(1.09296 -0.303793 0)
(1.09799 -0.317841 0)
(1.10419 -0.331088 0)
(1.11136 -0.343132 0)
(1.11986 -0.354103 0)
(1.13064 -0.364485 0)
(1.14492 -0.374732 0)
(1.16385 -0.384874 0)
(1.18805 -0.394306 0)
(1.21738 -0.401854 0)
(1.25102 -0.406055 0)
(1.28769 -0.405499 0)
(1.3259 -0.399095 0)
(1.36425 -0.3862 0)
(1.40156 -0.366632 0)
(1.43692 -0.340594 0)
(1.46972 -0.308575 0)
(1.49956 -0.271246 0)
(1.52624 -0.22938 0)
(1.5497 -0.183796 0)
(1.56994 -0.135317 0)
(1.58702 -0.0847251 0)
(1.60102 -0.0327245 0)
(1.61201 0.0200114 0)
(1.62005 0.0727716 0)
(1.62525 0.124797 0)
(1.62777 0.175529 0)
(0.138408 0.0190503 0)
(0.122092 -0.00567326 0)
(0.205532 0.0563287 0)
(0.392893 0.157919 0)
(0.620105 0.254716 0)
(0.845454 0.325472 0)
(1.04948 0.359152 0)
(1.22545 0.35287 0)
(1.37151 0.310292 0)
(1.48715 0.238511 0)
(1.57371 0.145737 0)
(1.63191 0.0405133 0)
(1.6582 -0.0690393 0)
(1.65605 -0.175135 0)
(1.63953 -0.275837 0)
(1.62752 -0.376582 0)
(1.63187 -0.483006 0)
(1.64682 -0.591953 0)
(1.65336 -0.690949 0)
(1.6339 -0.765958 0)
(1.58269 -0.80877 0)
(1.50558 -0.818898 0)
(1.41384 -0.801218 0)
(1.31831 -0.762523 0)
(1.22655 -0.709052 0)
(1.1426 -0.645481 0)
(1.06797 -0.574812 0)
(1.00293 -0.498719 0)
(0.946987 -0.418273 0)
(0.899456 -0.334098 0)
(0.860927 -0.245572 0)
(0.832515 -0.152226 0)
(0.811733 -0.0574725 0)
(0.795213 0.0338424 0)
(0.789553 0.126111 0)
(0.808464 0.228624 0)
(0.85914 0.340139 0)
(0.934497 0.447792 0)
(1.02213 0.537876 0)
(1.11145 0.60252 0)
(1.19567 0.64001 0)
(1.27151 0.652613 0)
(1.33812 0.644401 0)
(1.39618 0.619743 0)
(1.44703 0.582495 0)
(1.49216 0.535683 0)
(1.53288 0.481496 0)
(1.57013 0.421457 0)
(1.60447 0.356637 0)
(1.63615 0.287864 0)
(1.66523 0.215891 0)
(1.69164 0.141489 0)
(1.71546 0.065339 0)
(1.7368 -0.0118891 0)
(1.75545 -0.0891308 0)
(1.77209 -0.165722 0)
(1.78729 -0.241405 0)
(1.80144 -0.315907 0)
(1.81487 -0.388991 0)
(1.82739 -0.460242 0)
(1.83806 -0.528791 0)
(1.8453 -0.593246 0)
(1.84742 -0.652007 0)
(1.84342 -0.703818 0)
(1.83339 -0.748168 0)
(1.81843 -0.785292 0)
(1.80012 -0.815832 0)
(1.77994 -0.840439 0)
(1.75901 -0.859552 0)
(1.73808 -0.873402 0)
(1.71774 -0.882123 0)
(1.69856 -0.8859 0)
(1.68125 -0.885123 0)
(1.66675 -0.880404 0)
(1.65597 -0.872301 0)
(1.64929 -0.860889 0)
(1.64625 -0.845624 0)
(1.64586 -0.825726 0)
(1.64728 -0.800744 0)
(1.65033 -0.770822 0)
(1.65542 -0.736487 0)
(1.66302 -0.698232 0)
(1.67311 -0.656244 0)
(1.68493 -0.610406 0)
(1.69711 -0.560512 0)
(1.70794 -0.506516 0)
(1.71573 -0.448699 0)
(1.71901 -0.387714 0)
(1.71673 -0.324543 0)
(1.70824 -0.260397 0)
(1.69335 -0.196607 0)
(1.67228 -0.134478 0)
(1.64555 -0.0751653 0)
(1.6141 -0.0196571 0)
(1.57898 0.0312354 0)
(1.54145 0.0769493 0)
(1.50255 0.117458 0)
(1.46326 0.152809 0)
(1.42447 0.183189 0)
(1.38691 0.208889 0)
(1.35113 0.23026 0)
(1.31756 0.247681 0)
(1.28649 0.261536 0)
(1.25811 0.272217 0)
(1.23259 0.280127 0)
(1.21006 0.285666 0)
(1.19062 0.28919 0)
(1.17428 0.290947 0)
(1.16098 0.291053 0)
(1.15053 0.289504 0)
(1.14273 0.286254 0)
(1.1374 0.281292 0)
(1.13446 0.274697 0)
(1.13397 0.266634 0)
(1.13608 0.257288 0)
(1.14094 0.246782 0)
(1.14859 0.235115 0)
(1.1589 0.222148 0)
(1.1715 0.207638 0)
(1.18579 0.191316 0)
(1.20103 0.172963 0)
(1.21639 0.152481 0)
(1.23104 0.12993 0)
(1.24423 0.105538 0)
(1.25534 0.079687 0)
(1.2639 0.0528845 0)
(1.26962 0.0257179 0)
(1.27243 -0.00121016 0)
(1.27241 -0.0273701 0)
(1.26985 -0.0522964 0)
(1.26517 -0.0756598 0)
(1.25884 -0.0972379 0)
(1.2513 -0.116896 0)
(1.24295 -0.134566 0)
(1.23408 -0.150235 0)
(1.22488 -0.163936 0)
(1.21548 -0.175747 0)
(1.20593 -0.185788 0)
(1.19624 -0.194221 0)
(1.18643 -0.201241 0)
(1.17646 -0.207072 0)
(1.16633 -0.211958 0)
(1.15605 -0.216154 0)
(1.14563 -0.219915 0)
(1.13515 -0.223507 0)
(1.12475 -0.227226 0)
(1.11466 -0.231439 0)
(1.10522 -0.236614 0)
(1.09691 -0.243296 0)
(1.09022 -0.252 0)
(1.0856 -0.263021 0)
(1.08323 -0.276235 0)
(1.08296 -0.291019 0)
(1.08428 -0.306395 0)
(1.08661 -0.321367 0)
(1.08958 -0.335336 0)
(1.09343 -0.348359 0)
(1.09911 -0.361078 0)
(1.10814 -0.374313 0)
(1.12214 -0.388501 0)
(1.14223 -0.403267 0)
(1.16862 -0.417356 0)
(1.20061 -0.428939 0)
(1.23676 -0.436081 0)
(1.27536 -0.437168 0)
(1.3147 -0.431143 0)
(1.35336 -0.417554 0)
(1.39026 -0.396475 0)
(1.42466 -0.368369 0)
(1.45616 -0.333945 0)
(1.48455 -0.294047 0)
(1.50982 -0.249569 0)
(1.53204 -0.201403 0)
(1.55131 -0.150407 0)
(1.56777 -0.0973738 0)
(1.58155 -0.0430115 0)
(1.59271 0.0120035 0)
(1.6013 0.066989 0)
(1.60747 0.121191 0)
(1.61121 0.174067 0)
(1.06438 -0.0139117 0)
(1.01162 -0.00370849 0)
(0.943978 0.0232876 0)
(0.893755 0.0619589 0)
(0.901754 0.110851 0)
(0.974592 0.160802 0)
(1.08919 0.196768 0)
(1.21845 0.207297 0)
(1.3427 0.188423 0)
(1.45006 0.1423 0)
(1.53347 0.0750496 0)
(1.59211 -0.00568551 0)
(1.6353 -0.0940915 0)
(1.67184 -0.188708 0)
(1.71057 -0.290698 0)
(1.75243 -0.399179 0)
(1.78752 -0.5072 0)
(1.80084 -0.60374 0)
(1.78159 -0.678845 0)
(1.7288 -0.727283 0)
(1.65006 -0.748871 0)
(1.55655 -0.746755 0)
(1.45864 -0.725385 0)
(1.36372 -0.689087 0)
(1.27594 -0.641403 0)
(1.19711 -0.584999 0)
(1.12764 -0.521778 0)
(1.06737 -0.452969 0)
(1.01608 -0.379383 0)
(0.973284 -0.30182 0)
(0.938922 -0.220619 0)
(0.91429 -0.135179 0)
(0.899869 -0.0465202 0)
(0.892656 0.0404874 0)
(0.891015 0.123153 0)
(0.902313 0.20665 0)
(0.938181 0.295991 0)
(1.00029 0.387026 0)
(1.08065 0.469358 0)
(1.16861 0.533751 0)
(1.25561 0.575666 0)
(1.33647 0.594866 0)
(1.40887 0.593689 0)
(1.47249 0.575506 0)
(1.52807 0.543734 0)
(1.57685 0.501331 0)
(1.62006 0.450641 0)
(1.65877 0.393433 0)
(1.69374 0.331031 0)
(1.72547 0.264459 0)
(1.75425 0.194595 0)
(1.78021 0.122254 0)
(1.80357 0.0481002 0)
(1.82448 -0.027236 0)
(1.84279 -0.10284 0)
(1.85926 -0.178158 0)
(1.8741 -0.252856 0)
(1.88729 -0.326498 0)
(1.89848 -0.398476 0)
(1.90671 -0.467847 0)
(1.91059 -0.533312 0)
(1.90877 -0.593469 0)
(1.9006 -0.647262 0)
(1.8865 -0.694292 0)
(1.86772 -0.734805 0)
(1.84592 -0.76938 0)
(1.82255 -0.798565 0)
(1.79864 -0.82269 0)
(1.77485 -0.841894 0)
(1.75169 -0.856258 0)
(1.72971 -0.865921 0)
(1.70959 -0.871189 0)
(1.69225 -0.872622 0)
(1.67874 -0.870854 0)
(1.66971 -0.866094 0)
(1.66485 -0.857754 0)
(1.66308 -0.844771 0)
(1.66341 -0.82642 0)
(1.66586 -0.80283 0)
(1.67141 -0.774755 0)
(1.68123 -0.742877 0)
(1.69571 -0.707288 0)
(1.71402 -0.667463 0)
(1.73429 -0.622623 0)
(1.75412 -0.572185 0)
(1.77114 -0.516057 0)
(1.78334 -0.454722 0)
(1.78926 -0.389172 0)
(1.78793 -0.320766 0)
(1.77889 -0.25109 0)
(1.7621 -0.181822 0)
(1.73789 -0.114581 0)
(1.70698 -0.0507879 0)
(1.67041 0.00835893 0)
(1.62948 0.061786 0)
(1.5857 0.109112 0)
(1.54037 0.150291 0)
(1.49481 0.185467 0)
(1.45017 0.214972 0)
(1.40733 0.23925 0)
(1.36696 0.258802 0)
(1.3295 0.274134 0)
(1.29523 0.285727 0)
(1.26427 0.294034 0)
(1.23671 0.299491 0)
(1.21257 0.302522 0)
(1.19186 0.303514 0)
(1.17456 0.302773 0)
(1.16054 0.300487 0)
(1.14962 0.296715 0)
(1.14154 0.29143 0)
(1.136 0.284591 0)
(1.1328 0.276202 0)
(1.13179 0.266344 0)
(1.13295 0.255148 0)
(1.1363 0.242742 0)
(1.14186 0.229198 0)
(1.14953 0.2145 0)
(1.15909 0.198556 0)
(1.17015 0.181228 0)
(1.18218 0.162396 0)
(1.19456 0.142001 0)
(1.20664 0.120091 0)
(1.21782 0.0968358 0)
(1.22755 0.0725207 0)
(1.23544 0.0475295 0)
(1.24125 0.0223047 0)
(1.2449 -0.0027012 0)
(1.24651 -0.0270869 0)
(1.24628 -0.0504874 0)
(1.24449 -0.0726139 0)
(1.24141 -0.0932348 0)
(1.23727 -0.11217 0)
(1.23224 -0.129291 0)
(1.22645 -0.144526 0)
(1.21996 -0.15786 0)
(1.21283 -0.16934 0)
(1.20509 -0.179067 0)
(1.19677 -0.187191 0)
(1.18786 -0.193905 0)
(1.17839 -0.199434 0)
(1.16839 -0.204032 0)
(1.15789 -0.207971 0)
(1.14699 -0.211539 0)
(1.1358 -0.215047 0)
(1.12456 -0.218858 0)
(1.11356 -0.223425 0)
(1.10322 -0.229299 0)
(1.09404 -0.237073 0)
(1.08649 -0.247223 0)
(1.08087 -0.25988 0)
(1.07715 -0.274657 0)
(1.07492 -0.290664 0)
(1.07354 -0.306785 0)
(1.07245 -0.322156 0)
(1.07164 -0.336605 0)
(1.07192 -0.35079 0)
(1.07494 -0.365887 0)
(1.08277 -0.38291 0)
(1.09716 -0.401994 0)
(1.11892 -0.422064 0)
(1.14764 -0.441041 0)
(1.1819 -0.456429 0)
(1.21974 -0.465951 0)
(1.25914 -0.467972 0)
(1.29835 -0.461633 0)
(1.33604 -0.446785 0)
(1.37136 -0.423813 0)
(1.40379 -0.39345 0)
(1.43315 -0.356612 0)
(1.45942 -0.314286 0)
(1.48274 -0.267454 0)
(1.50328 -0.217053 0)
(1.52125 -0.163951 0)
(1.53684 -0.10893 0)
(1.55023 -0.0526708 0)
(1.5615 0.00417797 0)
(1.57063 0.0609409 0)
(1.57788 0.116893 0)
(1.58298 0.171523 0)
(1.61538 0.0470711 0)
(1.57935 0.0633479 0)
(1.53932 0.0926796 0)
(1.5019 0.127261 0)
(1.47395 0.154851 0)
(1.46264 0.168969 0)
(1.4737 0.16904 0)
(1.50781 0.155249 0)
(1.55957 0.126525 0)
(1.6193 0.0821197 0)
(1.68042 0.0231393 0)
(1.74328 -0.0489573 0)
(1.80519 -0.133636 0)
(1.86256 -0.228455 0)
(1.90969 -0.328584 0)
(1.93778 -0.426709 0)
(1.93812 -0.51455 0)
(1.9068 -0.5856 0)
(1.84675 -0.636619 0)
(1.76577 -0.667303 0)
(1.67312 -0.679116 0)
(1.57688 -0.674244 0)
(1.48288 -0.655018 0)
(1.39463 -0.623671 0)
(1.31396 -0.582226 0)
(1.24163 -0.532442 0)
(1.17778 -0.475799 0)
(1.12234 -0.413451 0)
(1.07531 -0.346206 0)
(1.03666 -0.274794 0)
(1.00624 -0.200034 0)
(0.984623 -0.122137 0)
(0.973387 -0.0409681 0)
(0.972338 0.0411008 0)
(0.977671 0.119261 0)
(0.989134 0.19263 0)
(1.01504 0.265283 0)
(1.06245 0.33907 0)
(1.13043 0.40959 0)
(1.21161 0.469346 0)
(1.29732 0.512397 0)
(1.38078 0.53621 0)
(1.45799 0.541158 0)
(1.52722 0.529302 0)
(1.5883 0.503332 0)
(1.64187 0.465912 0)
(1.68893 0.419363 0)
(1.73048 0.36558 0)
(1.76738 0.306065 0)
(1.80028 0.242009 0)
(1.82964 0.17442 0)
(1.85577 0.104191 0)
(1.87899 0.0320086 0)
(1.89944 -0.0414869 0)
(1.91708 -0.115473 0)
(1.9324 -0.18934 0)
(1.94515 -0.262532 0)
(1.95484 -0.334312 0)
(1.96062 -0.403703 0)
(1.9614 -0.469524 0)
(1.95624 -0.530584 0)
(1.94489 -0.58601 0)
(1.92796 -0.635483 0)
(1.9068 -0.679205 0)
(1.88296 -0.717632 0)
(1.85775 -0.751175 0)
(1.83206 -0.780042 0)
(1.80641 -0.804286 0)
(1.78124 -0.823947 0)
(1.75705 -0.839151 0)
(1.73453 -0.850156 0)
(1.71456 -0.85744 0)
(1.69823 -0.861662 0)
(1.68644 -0.86323 0)
(1.67922 -0.8617 0)
(1.67553 -0.85583 0)
(1.67421 -0.844537 0)
(1.67532 -0.827835 0)
(1.68045 -0.806756 0)
(1.69165 -0.782341 0)
(1.70993 -0.754701 0)
(1.73443 -0.722851 0)
(1.76268 -0.685271 0)
(1.79149 -0.640653 0)
(1.81776 -0.588392 0)
(1.83901 -0.528713 0)
(1.8535 -0.462558 0)
(1.86016 -0.391369 0)
(1.85841 -0.316888 0)
(1.84804 -0.241012 0)
(1.82913 -0.165708 0)
(1.80208 -0.0928608 0)
(1.76754 -0.0241574 0)
(1.72644 0.038976 0)
(1.68028 0.0953075 0)
(1.63061 0.144453 0)
(1.57903 0.186321 0)
(1.52717 0.221178 0)
(1.47643 0.249525 0)
(1.42793 0.272003 0)
(1.38251 0.289305 0)
(1.34071 0.302111 0)
(1.30282 0.311036 0)
(1.26895 0.316627 0)
(1.23908 0.319369 0)
(1.21315 0.319707 0)
(1.19105 0.318044 0)
(1.17268 0.314721 0)
(1.15788 0.309974 0)
(1.14642 0.303923 0)
(1.13801 0.296579 0)
(1.13232 0.287905 0)
(1.12903 0.277868 0)
(1.12788 0.266482 0)
(1.1287 0.253817 0)
(1.13138 0.239966 0)
(1.13585 0.225012 0)
(1.14201 0.208998 0)
(1.14971 0.191917 0)
(1.15866 0.173726 0)
(1.16849 0.154381 0)
(1.17877 0.133872 0)
(1.18901 0.112256 0)
(1.19873 0.0896695 0)
(1.20753 0.0663333 0)
(1.21509 0.0425346 0)
(1.22123 0.0186021 0)
(1.2259 -0.00512314 0)
(1.22912 -0.0283129 0)
(1.23096 -0.0506458 0)
(1.23154 -0.0718345 0)
(1.23092 -0.0916251 0)
(1.22917 -0.109809 0)
(1.22635 -0.126232 0)
(1.22249 -0.140807 0)
(1.21764 -0.153511 0)
(1.21185 -0.164386 0)
(1.20513 -0.17353 0)
(1.19752 -0.181088 0)
(1.18904 -0.187254 0)
(1.17972 -0.19226 0)
(1.16962 -0.196374 0)
(1.15882 -0.199892 0)
(1.14742 -0.203137 0)
(1.13562 -0.206473 0)
(1.12369 -0.210329 0)
(1.11197 -0.215231 0)
(1.1009 -0.221785 0)
(1.09094 -0.230582 0)
(1.08246 -0.241992 0)
(1.07555 -0.25593 0)
(1.06994 -0.271739 0)
(1.06505 -0.288327 0)
(1.06019 -0.304598 0)
(1.05505 -0.320018 0)
(1.05014 -0.33502 0)
(1.04698 -0.350932 0)
(1.04788 -0.369348 0)
(1.05522 -0.391183 0)
(1.0706 -0.415933 0)
(1.09421 -0.441585 0)
(1.12489 -0.465196 0)
(1.16058 -0.483742 0)
(1.19894 -0.494824 0)
(1.23787 -0.49698 0)
(1.27573 -0.489684 0)
(1.31142 -0.473146 0)
(1.34431 -0.44807 0)
(1.37414 -0.415429 0)
(1.4009 -0.376311 0)
(1.42474 -0.331807 0)
(1.44588 -0.282953 0)
(1.46461 -0.230706 0)
(1.48117 -0.175924 0)
(1.49579 -0.11936 0)
(1.50867 -0.0616658 0)
(1.51993 -0.00346426 0)
(1.52951 0.0545805 0)
(1.53776 0.111813 0)
(1.54418 0.167769 0)
(1.76371 0.0540925 0)
(1.75891 0.0712594 0)
(1.75836 0.0986443 0)
(1.76701 0.131113 0)
(1.78471 0.158463 0)
(1.80758 0.172528 0)
(1.83349 0.169924 0)
(1.86326 0.150413 0)
(1.89791 0.11503 0)
(1.9377 0.0651966 0)
(1.98045 0.00161692 0)
(2.01922 -0.0749267 0)
(2.04968 -0.160732 0)
(2.0669 -0.249984 0)
(2.06536 -0.336769 0)
(2.04131 -0.415808 0)
(1.99458 -0.483193 0)
(1.92866 -0.536702 0)
(1.84918 -0.575516 0)
(1.76211 -0.599675 0)
(1.67246 -0.609682 0)
(1.58397 -0.606348 0)
(1.49921 -0.59077 0)
(1.41987 -0.56428 0)
(1.347 -0.528325 0)
(1.28123 -0.48432 0)
(1.22289 -0.433545 0)
(1.17215 -0.377108 0)
(1.12914 -0.315874 0)
(1.09414 -0.250522 0)
(1.06726 -0.181873 0)
(1.04855 -0.110809 0)
(1.03904 -0.0375389 0)
(1.04048 0.0375306 0)
(1.05113 0.11117 0)
(1.06708 0.179363 0)
(1.09013 0.242036 0)
(1.12634 0.301747 0)
(1.17989 0.35891 0)
(1.24906 0.410077 0)
(1.32788 0.450281 0)
(1.40956 0.475804 0)
(1.48878 0.485218 0)
(1.56227 0.479037 0)
(1.62856 0.45891 0)
(1.68739 0.426928 0)
(1.73917 0.385177 0)
(1.78463 0.335527 0)
(1.82454 0.27956 0)
(1.85956 0.218595 0)
(1.89023 0.153761 0)
(1.91694 0.0860454 0)
(1.94005 0.0161899 0)
(1.95962 -0.0551255 0)
(1.97563 -0.127004 0)
(1.98814 -0.198644 0)
(1.9966 -0.269225 0)
(2.00034 -0.337774 0)
(1.99864 -0.403225 0)
(1.99101 -0.46458 0)
(1.97756 -0.521131 0)
(1.95908 -0.572612 0)
(1.93687 -0.61915 0)
(1.91232 -0.661051 0)
(1.88653 -0.698562 0)
(1.86017 -0.731762 0)
(1.83362 -0.760618 0)
(1.80722 -0.785128 0)
(1.78145 -0.805418 0)
(1.75701 -0.821751 0)
(1.73475 -0.834534 0)
(1.71571 -0.844382 0)
(1.70098 -0.851871 0)
(1.69098 -0.856853 0)
(1.6849 -0.858093 0)
(1.68142 -0.854121 0)
(1.68046 -0.844675 0)
(1.68411 -0.831065 0)
(1.6955 -0.814916 0)
(1.71655 -0.796564 0)
(1.74644 -0.774545 0)
(1.78196 -0.746385 0)
(1.81888 -0.709812 0)
(1.85327 -0.663571 0)
(1.88223 -0.6076 0)
(1.904 -0.542798 0)
(1.91764 -0.470692 0)
(1.92279 -0.393138 0)
(1.91934 -0.312132 0)
(1.9073 -0.22974 0)
(1.8868 -0.148085 0)
(1.85806 -0.0692209 0)
(1.82126 0.00496668 0)
(1.77721 0.0726624 0)
(1.72731 0.132534 0)
(1.67306 0.183935 0)
(1.61626 0.226758 0)
(1.55878 0.261354 0)
(1.50231 0.288396 0)
(1.44825 0.308754 0)
(1.39767 0.323364 0)
(1.35128 0.333132 0)
(1.30947 0.338861 0)
(1.27236 0.341233 0)
(1.23992 0.340818 0)
(1.21198 0.338097 0)
(1.18834 0.333491 0)
(1.16879 0.327353 0)
(1.15311 0.319951 0)
(1.14103 0.311445 0)
(1.13223 0.30189 0)
(1.12636 0.291264 0)
(1.12303 0.279521 0)
(1.12191 0.266634 0)
(1.12272 0.252616 0)
(1.12523 0.237516 0)
(1.12929 0.221398 0)
(1.13475 0.204319 0)
(1.14147 0.186314 0)
(1.14923 0.167397 0)
(1.15776 0.147576 0)
(1.16675 0.126879 0)
(1.17586 0.105373 0)
(1.18475 0.0831754 0)
(1.1931 0.0604572 0)
(1.20069 0.037435 0)
(1.20735 0.0143625 0)
(1.21297 -0.00847547 0)
(1.21749 -0.0307734 0)
(1.22085 -0.0522209 0)
(1.22302 -0.0725298 0)
(1.22398 -0.0914447 0)
(1.22372 -0.10876 0)
(1.22224 -0.124331 0)
(1.21958 -0.138076 0)
(1.21577 -0.149979 0)
(1.21084 -0.160077 0)
(1.2048 -0.168466 0)
(1.19768 -0.175289 0)
(1.18949 -0.180742 0)
(1.18027 -0.185069 0)
(1.17009 -0.188559 0)
(1.15905 -0.19154 0)
(1.1473 -0.194377 0)
(1.13507 -0.197483 0)
(1.12264 -0.201351 0)
(1.11036 -0.206559 0)
(1.09864 -0.213737 0)
(1.08784 -0.223421 0)
(1.07815 -0.235823 0)
(1.06945 -0.250611 0)
(1.06126 -0.26688 0)
(1.05286 -0.283434 0)
(1.04372 -0.299371 0)
(1.03393 -0.314697 0)
(1.02466 -0.330605 0)
(1.01823 -0.3491 0)
(1.0175 -0.371998 0)
(1.02492 -0.399766 0)
(1.0416 -0.430918 0)
(1.06693 -0.462333 0)
(1.09897 -0.490251 0)
(1.13514 -0.511315 0)
(1.17292 -0.523216 0)
(1.21028 -0.524839 0)
(1.2458 -0.516079 0)
(1.27868 -0.497535 0)
(1.30852 -0.470213 0)
(1.33528 -0.435301 0)
(1.35911 -0.39402 0)
(1.38027 -0.347536 0)
(1.39907 -0.296917 0)
(1.41584 -0.243122 0)
(1.43087 -0.186984 0)
(1.44441 -0.129215 0)
(1.45665 -0.0704235 0)
(1.46774 -0.0112137 0)
(1.47762 0.0477589 0)
(1.48669 0.105911 0)
(1.49426 0.162832 0)
(1.75862 0.0526434 0)
(1.76447 0.0674171 0)
(1.77632 0.0874546 0)
(1.79854 0.109801 0)
(1.83289 0.128599 0)
(1.87652 0.138128 0)
(1.92421 0.134417 0)
(1.97139 0.115504 0)
(2.0151 0.0810852 0)
(2.05325 0.0321349 0)
(2.08263 -0.0287372 0)
(2.10061 -0.0978735 0)
(2.10465 -0.171181 0)
(2.09266 -0.244792 0)
(2.06392 -0.315149 0)
(2.01954 -0.37937 0)
(1.9621 -0.435171 0)
(1.89486 -0.480818 0)
(1.82114 -0.515146 0)
(1.74384 -0.537522 0)
(1.66538 -0.547797 0)
(1.58782 -0.546283 0)
(1.51291 -0.533705 0)
(1.44208 -0.511097 0)
(1.37641 -0.479652 0)
(1.3167 -0.440584 0)
(1.26349 -0.395019 0)
(1.21715 -0.343971 0)
(1.17794 -0.288325 0)
(1.14619 -0.228795 0)
(1.12228 -0.166086 0)
(1.10628 -0.101204 0)
(1.09839 -0.035037 0)
(1.1002 0.0322939 0)
(1.11253 0.0997131 0)
(1.13249 0.163747 0)
(1.15775 0.221436 0)
(1.18964 0.272661 0)
(1.23213 0.318791 0)
(1.2876 0.359825 0)
(1.35453 0.393588 0)
(1.42855 0.417092 0)
(1.5046 0.428117 0)
(1.57851 0.425861 0)
(1.64755 0.410781 0)
(1.71031 0.38413 0)
(1.76633 0.347505 0)
(1.81574 0.30255 0)
(1.85894 0.250796 0)
(1.89643 0.193603 0)
(1.92864 0.132193 0)
(1.95595 0.0676397 0)
(1.97863 0.000780297 0)
(1.99659 -0.0675915 0)
(2.00982 -0.136409 0)
(2.01814 -0.204697 0)
(2.02109 -0.271498 0)
(2.01837 -0.335849 0)
(2.00992 -0.396909 0)
(1.99615 -0.454091 0)
(1.97794 -0.507143 0)
(1.95648 -0.556088 0)
(1.9329 -0.601049 0)
(1.90801 -0.642083 0)
(1.88224 -0.679129 0)
(1.85586 -0.71208 0)
(1.82914 -0.740902 0)
(1.80256 -0.765723 0)
(1.77681 -0.786832 0)
(1.75275 -0.804622 0)
(1.73137 -0.819623 0)
(1.71376 -0.832472 0)
(1.70069 -0.84337 0)
(1.69181 -0.851347 0)
(1.68576 -0.854656 0)
(1.6821 -0.852566 0)
(1.68313 -0.84652 0)
(1.69316 -0.838937 0)
(1.71535 -0.830722 0)
(1.74914 -0.820015 0)
(1.79041 -0.803147 0)
(1.83356 -0.77658 0)
(1.87369 -0.738254 0)
(1.90759 -0.687842 0)
(1.93369 -0.626312 0)
(1.95155 -0.555348 0)
(1.96127 -0.476933 0)
(1.9631 -0.393119 0)
(1.95728 -0.305939 0)
(1.94391 -0.217442 0)
(1.92306 -0.129713 0)
(1.89445 -0.0448495 0)
(1.85785 0.0351704 0)
(1.81358 0.108027 0)
(1.76267 0.172064 0)
(1.7064 0.226348 0)
(1.64663 0.270645 0)
(1.58534 0.305316 0)
(1.5245 0.331174 0)
(1.46582 0.349323 0)
(1.41067 0.360975 0)
(1.36 0.36731 0)
(1.31439 0.369376 0)
(1.27406 0.368048 0)
(1.23897 0.364022 0)
(1.20894 0.357849 0)
(1.18369 0.349978 0)
(1.16292 0.340769 0)
(1.14633 0.330502 0)
(1.13359 0.31936 0)
(1.12435 0.307427 0)
(1.11824 0.294706 0)
(1.11486 0.281151 0)
(1.11381 0.266712 0)
(1.11474 0.25136 0)
(1.11737 0.235099 0)
(1.12145 0.217959 0)
(1.12678 0.199984 0)
(1.13319 0.181214 0)
(1.14049 0.161684 0)
(1.14847 0.141433 0)
(1.15689 0.120508 0)
(1.16552 0.0989829 0)
(1.17409 0.0769644 0)
(1.18237 0.0545967 0)
(1.19016 0.0320635 0)
(1.19728 0.00959027 0)
(1.20358 -0.0125559 0)
(1.20891 -0.0340797 0)
(1.21315 -0.0546869 0)
(1.21624 -0.0741067 0)
(1.21811 -0.0921055 0)
(1.21875 -0.108499 0)
(1.21816 -0.123157 0)
(1.21636 -0.136008 0)
(1.21335 -0.147031 0)
(1.20912 -0.156261 0)
(1.20368 -0.163786 0)
(1.19702 -0.169754 0)
(1.18915 -0.174372 0)
(1.18012 -0.177905 0)
(1.17001 -0.180672 0)
(1.15894 -0.183035 0)
(1.14709 -0.185399 0)
(1.13465 -0.188224 0)
(1.12192 -0.192045 0)
(1.10919 -0.19747 0)
(1.09678 -0.205111 0)
(1.08489 -0.215404 0)
(1.07351 -0.228363 0)
(1.06231 -0.243407 0)
(1.05066 -0.259448 0)
(1.03787 -0.275335 0)
(1.02368 -0.290569 0)
(1.00877 -0.305902 0)
(0.99514 -0.32339 0)
(0.985817 -0.345616 0)
(0.984026 -0.374292 0)
(0.991964 -0.409023 0)
(1.00998 -0.447039 0)
(1.03658 -0.484065 0)
(1.06912 -0.515691 0)
(1.10471 -0.538481 0)
(1.14084 -0.550434 0)
(1.17569 -0.550914 0)
(1.20813 -0.540288 0)
(1.23763 -0.519536 0)
(1.26404 -0.489933 0)
(1.28749 -0.45284 0)
(1.30825 -0.409574 0)
(1.32666 -0.361348 0)
(1.34307 -0.309241 0)
(1.35785 -0.2542 0)
(1.37129 -0.197025 0)
(1.38368 -0.13838 0)
(1.39522 -0.0788264 0)
(1.40605 -0.0189499 0)
(1.4161 0.040604 0)
(1.42582 0.0993168 0)
(1.4343 0.156832 0)
(1.75005 0.05009 0)
(1.75696 0.06111 0)
(1.76879 0.074639 0)
(1.78832 0.0888278 0)
(1.81724 0.0998555 0)
(1.85453 0.103645 0)
(1.89683 0.097174 0)
(1.93986 0.0787766 0)
(1.97939 0.0480764 0)
(2.01169 0.00631472 0)
(2.03485 -0.0443704 0)
(2.04656 -0.101703 0)
(2.0453 -0.163069 0)
(2.03062 -0.225601 0)
(2.00308 -0.286371 0)
(1.964 -0.342617 0)
(1.9151 -0.392025 0)
(1.85832 -0.432825 0)
(1.79567 -0.463812 0)
(1.72915 -0.484312 0)
(1.66076 -0.494123 0)
(1.59235 -0.493466 0)
(1.52562 -0.482912 0)
(1.46201 -0.46329 0)
(1.40266 -0.435571 0)
(1.34843 -0.400769 0)
(1.29995 -0.35986 0)
(1.25769 -0.313749 0)
(1.22202 -0.263277 0)
(1.19325 -0.209204 0)
(1.17181 -0.152212 0)
(1.158 -0.093156 0)
(1.15178 -0.0331506 0)
(1.15376 0.0271405 0)
(1.16538 0.0873824 0)
(1.1861 0.145908 0)
(1.21377 0.199816 0)
(1.24629 0.246806 0)
(1.28421 0.286506 0)
(1.32975 0.319552 0)
(1.38419 0.345969 0)
(1.44652 0.364674 0)
(1.51383 0.374108 0)
(1.58258 0.373086 0)
(1.64962 0.361217 0)
(1.71267 0.338896 0)
(1.77033 0.307059 0)
(1.82195 0.266931 0)
(1.86733 0.219823 0)
(1.90654 0.167018 0)
(1.93976 0.109744 0)
(1.96719 0.0491525 0)
(1.98893 -0.0138195 0)
(2.00487 -0.0782896 0)
(2.01509 -0.143057 0)
(2.01952 -0.207129 0)
(2.0182 -0.269617 0)
(2.01141 -0.329769 0)
(1.99976 -0.387051 0)
(1.98412 -0.441166 0)
(1.96546 -0.491988 0)
(1.94461 -0.539437 0)
(1.92208 -0.583381 0)
(1.89813 -0.623627 0)
(1.87294 -0.660012 0)
(1.84679 -0.692494 0)
(1.82018 -0.721201 0)
(1.79382 -0.746431 0)
(1.76858 -0.768594 0)
(1.74539 -0.788158 0)
(1.72524 -0.805708 0)
(1.70907 -0.821702 0)
(1.69704 -0.835654 0)
(1.68808 -0.845843 0)
(1.68129 -0.85095 0)
(1.67871 -0.852203 0)
(1.6856 -0.852866 0)
(1.70676 -0.854903 0)
(1.74233 -0.856372 0)
(1.78722 -0.852217 0)
(1.83413 -0.837229 0)
(1.87693 -0.808325 0)
(1.91222 -0.76497 0)
(1.93899 -0.708379 0)
(1.95759 -0.64054 0)
(1.96878 -0.563593 0)
(1.97322 -0.479604 0)
(1.97133 -0.390535 0)
(1.96332 -0.298287 0)
(1.94933 -0.204745 0)
(1.92928 -0.111817 0)
(1.90265 -0.021422 0)
(1.86878 0.064329 0)
(1.82739 0.142691 0)
(1.77881 0.211517 0)
(1.72391 0.269489 0)
(1.66429 0.316076 0)
(1.60195 0.351511 0)
(1.53901 0.376669 0)
(1.4775 0.392854 0)
(1.4191 0.401565 0)
(1.36511 0.404298 0)
(1.31632 0.402402 0)
(1.27315 0.396999 0)
(1.23566 0.388969 0)
(1.20368 0.378978 0)
(1.17691 0.367524 0)
(1.15499 0.354987 0)
(1.13752 0.341649 0)
(1.12415 0.327699 0)
(1.11447 0.313238 0)
(1.1081 0.298283 0)
(1.10461 0.282796 0)
(1.10361 0.266714 0)
(1.1047 0.249979 0)
(1.10753 0.232557 0)
(1.11182 0.214441 0)
(1.11733 0.195643 0)
(1.12382 0.176192 0)
(1.13112 0.15612 0)
(1.13904 0.135473 0)
(1.14737 0.114307 0)
(1.15591 0.0926993 0)
(1.16447 0.0707559 0)
(1.17284 0.048615 0)
(1.18081 0.0264527 0)
(1.18822 0.00448445 0)
(1.19488 -0.0170335 0)
(1.20064 -0.037824 0)
(1.20539 -0.0576197 0)
(1.20905 -0.0761783 0)
(1.21159 -0.0932917 0)
(1.21297 -0.108793 0)
(1.21319 -0.122557 0)
(1.21221 -0.134509 0)
(1.21 -0.144622 0)
(1.20652 -0.152924 0)
(1.20174 -0.159509 0)
(1.19566 -0.164538 0)
(1.18828 -0.168239 0)
(1.17966 -0.170907 0)
(1.16989 -0.172888 0)
(1.15909 -0.174575 0)
(1.1474 -0.176402 0)
(1.13499 -0.178858 0)
(1.12207 -0.182501 0)
(1.10885 -0.187939 0)
(1.09549 -0.195731 0)
(1.08204 -0.206179 0)
(1.06828 -0.219093 0)
(1.05372 -0.233678 0)
(1.03768 -0.248769 0)
(1.01965 -0.263443 0)
(0.999805 -0.277814 0)
(0.979582 -0.293553 0)
(0.961794 -0.313594 0)
(0.950098 -0.340864 0)
(0.947775 -0.376557 0)
(0.956452 -0.419008 0)
(0.975547 -0.463987 0)
(1.00271 -0.506158 0)
(1.0348 -0.540722 0)
(1.06881 -0.564424 0)
(1.10238 -0.575756 0)
(1.134 -0.574633 0)
(1.16286 -0.561902 0)
(1.18868 -0.538886 0)
(1.2115 -0.507083 0)
(1.23158 -0.46798 0)
(1.24927 -0.42296 0)
(1.26496 -0.373257 0)
(1.27902 -0.319948 0)
(1.29182 -0.263957 0)
(1.30369 -0.20605 0)
(1.3149 -0.146839 0)
(1.32565 -0.0868419 0)
(1.33612 -0.0266155 0)
(1.3462 0.0332074 0)
(1.35639 0.0921578 0)
(1.36556 0.149929 0)
(1.75068 0.0449174 0)
(1.7584 0.0533047 0)
(1.77002 0.0627562 0)
(1.78715 0.0718842 0)
(1.81065 0.0779911 0)
(1.83987 0.0781164 0)
(1.8727 0.0700273 0)
(1.90629 0.0525639 0)
(1.93757 0.0255552 0)
(1.9638 -0.0104503 0)
(1.98253 -0.0543508 0)
(1.99182 -0.104281 0)
(1.99054 -0.157759 0)
(1.97833 -0.212124 0)
(1.95539 -0.264817 0)
(1.92244 -0.313565 0)
(1.88065 -0.35649 0)
(1.83152 -0.392113 0)
(1.77674 -0.419366 0)
(1.71814 -0.437594 0)
(1.6575 -0.44654 0)
(1.59654 -0.446307 0)
(1.53678 -0.437299 0)
(1.47954 -0.420147 0)
(1.4259 -0.395628 0)
(1.3767 -0.364581 0)
(1.33262 -0.327853 0)
(1.29416 -0.286256 0)
(1.26174 -0.240569 0)
(1.23572 -0.191545 0)
(1.21644 -0.139901 0)
(1.20429 -0.0864006 0)
(1.19939 -0.0320156 0)
(1.20187 0.0222979 0)
(1.21243 0.0758919 0)
(1.23151 0.127967 0)
(1.25876 0.176983 0)
(1.29212 0.220649 0)
(1.3297 0.257162 0)
(1.37125 0.285957 0)
(1.4176 0.307248 0)
(1.46932 0.321154 0)
(1.52578 0.327332 0)
(1.58522 0.325186 0)
(1.64531 0.314263 0)
(1.70383 0.294511 0)
(1.75894 0.266327 0)
(1.80937 0.230464 0)
(1.85433 0.187898 0)
(1.89337 0.139706 0)
(1.92631 0.0870231 0)
(1.95305 0.0309831 0)
(1.97368 -0.0274406 0)
(1.98812 -0.087377 0)
(1.99663 -0.147653 0)
(1.99944 -0.207397 0)
(1.997 -0.265882 0)
(1.98995 -0.322546 0)
(1.97903 -0.37699 0)
(1.96494 -0.428913 0)
(1.94821 -0.478035 0)
(1.92916 -0.52406 0)
(1.90793 -0.566696 0)
(1.88474 -0.605743 0)
(1.85993 -0.641158 0)
(1.83406 -0.673064 0)
(1.80785 -0.701732 0)
(1.78212 -0.727563 0)
(1.75776 -0.751011 0)
(1.73566 -0.772568 0)
(1.71669 -0.792762 0)
(1.7014 -0.811623 0)
(1.68924 -0.827865 0)
(1.67915 -0.839732 0)
(1.67236 -0.847765 0)
(1.67444 -0.855773 0)
(1.69205 -0.867283 0)
(1.72677 -0.88096 0)
(1.77285 -0.890391 0)
(1.82095 -0.888182 0)
(1.86337 -0.86985 0)
(1.89662 -0.834699 0)
(1.92072 -0.784459 0)
(1.93725 -0.721609 0)
(1.94778 -0.648445 0)
(1.95319 -0.566904 0)
(1.95371 -0.478732 0)
(1.94926 -0.385673 0)
(1.93976 -0.289536 0)
(1.9253 -0.192131 0)
(1.90608 -0.0951389 0)
(1.88197 -0.000166441 0)
(1.85185 0.0906854 0)
(1.81521 0.174414 0)
(1.77152 0.248414 0)
(1.72097 0.310833 0)
(1.66466 0.360657 0)
(1.60429 0.397813 0)
(1.54201 0.42309 0)
(1.48002 0.437911 0)
(1.42031 0.444035 0)
(1.36448 0.44329 0)
(1.31365 0.437369 0)
(1.26846 0.427699 0)
(1.22914 0.415402 0)
(1.19562 0.401306 0)
(1.16762 0.386004 0)
(1.14475 0.369913 0)
(1.12658 0.353321 0)
(1.1127 0.336419 0)
(1.10266 0.319306 0)
(1.09606 0.302004 0)
(1.09247 0.284477 0)
(1.09147 0.266657 0)
(1.09267 0.248464 0)
(1.0957 0.229836 0)
(1.10023 0.210728 0)
(1.10598 0.191123 0)
(1.1127 0.171023 0)
(1.12019 0.150449 0)
(1.12825 0.129439 0)
(1.13668 0.108047 0)
(1.14531 0.0863552 0)
(1.15395 0.0644687 0)
(1.16241 0.0425265 0)
(1.17052 0.0207021 0)
(1.1781 -0.000795367 0)
(1.185 -0.021728 0)
(1.1911 -0.0418434 0)
(1.19631 -0.0609031 0)
(1.20057 -0.0786878 0)
(1.20385 -0.0950023 0)
(1.20607 -0.10968 0)
(1.20719 -0.12259 0)
(1.20714 -0.133647 0)
(1.20584 -0.142821 0)
(1.20323 -0.150151 0)
(1.19928 -0.155745 0)
(1.19399 -0.159788 0)
(1.18739 -0.162535 0)
(1.17952 -0.164299 0)
(1.17044 -0.165447 0)
(1.16022 -0.166385 0)
(1.14893 -0.167561 0)
(1.13666 -0.169473 0)
(1.12349 -0.172683 0)
(1.1095 -0.177777 0)
(1.0947 -0.185239 0)
(1.07898 -0.195231 0)
(1.06198 -0.207374 0)
(1.04312 -0.220732 0)
(1.0218 -0.2342 0)
(0.997815 -0.247273 0)
(0.971958 -0.260889 0)
(0.946471 -0.277743 0)
(0.924956 -0.301549 0)
(0.911463 -0.335237 0)
(0.90901 -0.379016 0)
(0.918393 -0.429622 0)
(0.938063 -0.481332 0)
(0.96496 -0.527971 0)
(0.995656 -0.564644 0)
(1.02721 -0.588513 0)
(1.05756 -0.598682 0)
(1.08548 -0.595654 0)
(1.11049 -0.580718 0)
(1.1325 -0.555493 0)
(1.15173 -0.521646 0)
(1.1685 -0.480751 0)
(1.18322 -0.434226 0)
(1.19628 -0.383315 0)
(1.20808 -0.329078 0)
(1.21898 -0.272414 0)
(1.2293 -0.21405 0)
(1.23931 -0.154555 0)
(1.24923 -0.0943973 0)
(1.25923 -0.0341056 0)
(1.26921 0.0257053 0)
(1.27968 0.0845981 0)
(1.28929 0.14232 0)
(1.7522 0.0402552 0)
(1.76055 0.0463657 0)
(1.77212 0.0526402 0)
(1.78782 0.0579654 0)
(1.80807 0.0604125 0)
(1.83226 0.0578529 0)
(1.85886 0.0486091 0)
(1.88573 0.0317565 0)
(1.91063 0.00705602 0)
(1.93132 -0.0250989 0)
(1.94585 -0.0636683 0)
(1.95262 -0.106957 0)
(1.95058 -0.152979 0)
(1.93925 -0.199689 0)
(1.91866 -0.245093 0)
(1.88938 -0.287313 0)
(1.85236 -0.324693 0)
(1.80889 -0.355882 0)
(1.76038 -0.379882 0)
(1.70839 -0.396065 0)
(1.65445 -0.404145 0)
(1.60002 -0.404147 0)
(1.54647 -0.396358 0)
(1.49497 -0.381266 0)
(1.44653 -0.359497 0)
(1.40196 -0.331752 0)
(1.36193 -0.298766 0)
(1.32697 -0.26127 0)
(1.29753 -0.219985 0)
(1.27397 -0.175621 0)
(1.25663 -0.128897 0)
(1.24583 -0.08057 0)
(1.24179 -0.0314743 0)
(1.24465 0.017523 0)
(1.25461 0.0655154 0)
(1.27173 0.111609 0)
(1.29646 0.154991 0)
(1.32816 0.194366 0)
(1.36513 0.228041 0)
(1.40567 0.254637 0)
(1.4489 0.273545 0)
(1.49471 0.284754 0)
(1.54307 0.288426 0)
(1.59351 0.284626 0)
(1.64497 0.273339 0)
(1.69603 0.254609 0)
(1.7452 0.228669 0)
(1.79115 0.195993 0)
(1.83284 0.157262 0)
(1.86952 0.113307 0)
(1.90068 0.0651002 0)
(1.9261 0.0136356 0)
(1.94581 -0.0402682 0)
(1.95982 -0.0957699 0)
(1.96842 -0.151849 0)
(1.97196 -0.20776 0)
(1.97093 -0.262874 0)
(1.96583 -0.316659 0)
(1.95711 -0.36865 0)
(1.94508 -0.418408 0)
(1.92995 -0.465517 0)
(1.91189 -0.509626 0)
(1.89121 -0.550509 0)
(1.86834 -0.588112 0)
(1.84391 -0.62253 0)
(1.81861 -0.653975 0)
(1.79316 -0.682779 0)
(1.76838 -0.709379 0)
(1.74506 -0.734224 0)
(1.72393 -0.757774 0)
(1.70561 -0.78036 0)
(1.69014 -0.801409 0)
(1.67669 -0.819229 0)
(1.66562 -0.833401 0)
(1.66179 -0.847503 0)
(1.67332 -0.866792 0)
(1.70419 -0.891643 0)
(1.74892 -0.914842 0)
(1.79595 -0.926307 0)
(1.83546 -0.919491 0)
(1.86384 -0.893475 0)
(1.88271 -0.850883 0)
(1.89553 -0.794986 0)
(1.90493 -0.728185 0)
(1.91176 -0.651968 0)
(1.91555 -0.567504 0)
(1.91527 -0.476143 0)
(1.91003 -0.379616 0)
(1.89938 -0.279961 0)
(1.88357 -0.179254 0)
(1.86351 -0.0791848 0)
(1.84004 0.0191227 0)
(1.81216 0.113906 0)
(1.77968 0.202229 0)
(1.74132 0.281214 0)
(1.69653 0.348436 0)
(1.6456 0.402252 0)
(1.5897 0.442085 0)
(1.53066 0.468454 0)
(1.47065 0.48276 0)
(1.41183 0.486941 0)
(1.35603 0.483136 0)
(1.30466 0.473394 0)
(1.25864 0.459491 0)
(1.2184 0.44284 0)
(1.18401 0.424485 0)
(1.15529 0.405159 0)
(1.13186 0.385349 0)
(1.11329 0.365368 0)
(1.09913 0.345406 0)
(1.08891 0.325554 0)
(1.0822 0.305831 0)
(1.07856 0.286194 0)
(1.07758 0.266567 0)
(1.07887 0.246855 0)
(1.08204 0.22697 0)
(1.08675 0.20684 0)
(1.09271 0.186417 0)
(1.09964 0.165678 0)
(1.10733 0.144623 0)
(1.11555 0.123275 0)
(1.12412 0.101685 0)
(1.13286 0.0799263 0)
(1.14161 0.0581048 0)
(1.15018 0.0363561 0)
(1.15844 0.0148461 0)
(1.16624 -0.00623071 0)
(1.17347 -0.0266543 0)
(1.18004 -0.0461952 0)
(1.18589 -0.0646331 0)
(1.19093 -0.081755 0)
(1.19511 -0.0973602 0)
(1.19831 -0.111271 0)
(1.20045 -0.123346 0)
(1.20143 -0.133503 0)
(1.20117 -0.141724 0)
(1.19963 -0.14807 0)
(1.1968 -0.152674 0)
(1.19267 -0.155738 0)
(1.18724 -0.157528 0)
(1.18052 -0.15836 0)
(1.17247 -0.158599 0)
(1.16306 -0.158648 0)
(1.15224 -0.158951 0)
(1.13997 -0.160007 0)
(1.12621 -0.162372 0)
(1.1109 -0.166601 0)
(1.09393 -0.173104 0)
(1.07507 -0.181914 0)
(1.05389 -0.192508 0)
(1.02983 -0.203903 0)
(1.00249 -0.215205 0)
(0.972104 -0.226522 0)
(0.940163 -0.239782 0)
(0.909738 -0.258739 0)
(0.88508 -0.287669 0)
(0.870345 -0.329071 0)
(0.867974 -0.381727 0)
(0.877797 -0.440576 0)
(0.897372 -0.498522 0)
(0.923142 -0.548841 0)
(0.951609 -0.58683 0)
(0.980039 -0.610243 0)
(1.00668 -0.618869 0)
(1.03066 -0.613779 0)
(1.05171 -0.596661 0)
(1.06994 -0.569367 0)
(1.08567 -0.533684 0)
(1.09927 -0.49124 0)
(1.11115 -0.443469 0)
(1.12172 -0.391608 0)
(1.13137 -0.336702 0)
(1.14045 -0.279615 0)
(1.14926 -0.221043 0)
(1.15807 -0.161512 0)
(1.16712 -0.101449 0)
(1.17658 -0.0413439 0)
(1.18632 0.0182101 0)
(1.19688 0.0767876 0)
(1.20671 0.13419 0)
(1.75298 0.0345314 0)
(1.76149 0.0387296 0)
(1.77261 0.0425371 0)
(1.78689 0.045061 0)
(1.80447 0.0448953 0)
(1.8248 0.0404997 0)
(1.8467 0.0306078 0)
(1.86849 0.014482 0)
(1.8884 -0.00802928 0)
(1.90465 -0.0365539 0)
(1.91564 -0.070223 0)
(1.92004 -0.107768 0)
(1.91695 -0.14764 0)
(1.90596 -0.188141 0)
(1.88709 -0.227548 0)
(1.86079 -0.264227 0)
(1.82781 -0.296747 0)
(1.78918 -0.323946 0)
(1.74609 -0.34495 0)
(1.69984 -0.359183 0)
(1.65174 -0.366352 0)
(1.60307 -0.366422 0)
(1.55503 -0.359586 0)
(1.50868 -0.346218 0)
(1.46494 -0.326823 0)
(1.42458 -0.301991 0)
(1.38826 -0.272356 0)
(1.35651 -0.238577 0)
(1.32976 -0.201317 0)
(1.30841 -0.161244 0)
(1.29277 -0.119038 0)
(1.28313 -0.0754422 0)
(1.27965 -0.031246 0)
(1.28256 0.0128102 0)
(1.29203 0.0558989 0)
(1.30772 0.0969824 0)
(1.3298 0.135225 0)
(1.35826 0.169846 0)
(1.39246 0.199845 0)
(1.43107 0.224052 0)
(1.47258 0.241488 0)
(1.51584 0.251631 0)
(1.56019 0.254397 0)
(1.60516 0.249945 0)
(1.65022 0.238519 0)
(1.69467 0.220398 0)
(1.7376 0.195919 0)
(1.7781 0.165517 0)
(1.81529 0.129745 0)
(1.84847 0.0892777 0)
(1.87706 0.0449066 0)
(1.90086 -0.00259076 0)
(1.91974 -0.0525935 0)
(1.93371 -0.104259 0)
(1.9429 -0.156717 0)
(1.94751 -0.209283 0)
(1.94781 -0.261325 0)
(1.94401 -0.312265 0)
(1.93632 -0.361566 0)
(1.92493 -0.408752 0)
(1.91011 -0.45344 0)
(1.89222 -0.49538 0)
(1.8718 -0.534476 0)
(1.84945 -0.570766 0)
(1.82578 -0.604373 0)
(1.80142 -0.635519 0)
(1.77702 -0.664569 0)
(1.75329 -0.691971 0)
(1.73085 -0.718119 0)
(1.71018 -0.743372 0)
(1.69157 -0.767757 0)
(1.6748 -0.790245 0)
(1.65977 -0.809771 0)
(1.64984 -0.828749 0)
(1.65337 -0.853486 0)
(1.67725 -0.887207 0)
(1.71789 -0.923369 0)
(1.76203 -0.949087 0)
(1.79691 -0.954688 0)
(1.81825 -0.938596 0)
(1.82976 -0.904807 0)
(1.8377 -0.857946 0)
(1.84618 -0.800532 0)
(1.85587 -0.733138 0)
(1.86504 -0.655767 0)
(1.87123 -0.568945 0)
(1.87235 -0.474079 0)
(1.86709 -0.373336 0)
(1.85497 -0.269384 0)
(1.83652 -0.164989 0)
(1.81349 -0.062159 0)
(1.78733 0.038443 0)
(1.75837 0.135671 0)
(1.72718 0.227126 0)
(1.69232 0.310056 0)
(1.65266 0.381652 0)
(1.60761 0.439621 0)
(1.5575 0.482729 0)
(1.50356 0.511023 0)
(1.44765 0.525693 0)
(1.39181 0.528726 0)
(1.338 0.522489 0)
(1.28782 0.509366 0)
(1.24239 0.491488 0)
(1.20239 0.470594 0)
(1.16805 0.44799 0)
(1.13932 0.424589 0)
(1.11588 0.400986 0)
(1.09735 0.377545 0)
(1.08326 0.354467 0)
(1.07313 0.331839 0)
(1.06653 0.309666 0)
(1.063 0.287894 0)
(1.06213 0.266432 0)
(1.06354 0.245172 0)
(1.06684 0.224004 0)
(1.0717 0.202832 0)
(1.07781 0.181582 0)
(1.08491 0.160204 0)
(1.09274 0.138677 0)
(1.1011 0.117007 0)
(1.1098 0.0952305 0)
(1.11866 0.0734119 0)
(1.12755 0.0516473 0)
(1.13631 0.0300632 0)
(1.14482 0.00881258 0)
(1.15299 -0.011926 0)
(1.16073 -0.0319466 0)
(1.16796 -0.0510316 0)
(1.17461 -0.068961 0)
(1.18057 -0.0855101 0)
(1.18575 -0.100463 0)
(1.19001 -0.113635 0)
(1.19325 -0.124894 0)
(1.19541 -0.134174 0)
(1.19644 -0.141486 0)
(1.19633 -0.14691 0)
(1.19505 -0.150587 0)
(1.19254 -0.152713 0)
(1.18873 -0.153536 0)
(1.18348 -0.153354 0)
(1.17662 -0.15251 0)
(1.16799 -0.151395 0)
(1.15741 -0.15045 0)
(1.14469 -0.150178 0)
(1.1297 -0.151131 0)
(1.11229 -0.153845 0)
(1.09227 -0.158671 0)
(1.06936 -0.165539 0)
(1.04314 -0.173841 0)
(1.01317 -0.182647 0)
(0.979338 -0.191436 0)
(0.942417 -0.201108 0)
(0.904643 -0.214699 0)
(0.869851 -0.236952 0)
(0.842724 -0.272388 0)
(0.827205 -0.322603 0)
(0.824925 -0.384594 0)
(0.834724 -0.451462 0)
(0.853449 -0.514973 0)
(0.877283 -0.56817 0)
(0.902831 -0.606781 0)
(0.92765 -0.629271 0)
(0.950316 -0.636122 0)
(0.970235 -0.628942 0)
(0.987353 -0.609752 0)
(1.00191 -0.580584 0)
(1.01428 -0.543305 0)
(1.02487 -0.499565 0)
(1.03409 -0.450801 0)
(1.04232 -0.398236 0)
(1.04994 -0.342894 0)
(1.05728 -0.285611 0)
(1.06463 -0.227047 0)
(1.07226 -0.167697 0)
(1.08038 -0.107948 0)
(1.08923 -0.0482473 0)
(1.09861 0.0108407 0)
(1.10911 0.0688777 0)
(1.11894 0.125717 0)
(1.75322 0.028983 0)
(1.76155 0.0316036 0)
(1.77197 0.0335028 0)
(1.78479 0.0339676 0)
(1.79999 0.0319495 0)
(1.81707 0.0263227 0)
(1.83509 0.0161446 0)
(1.85275 0.000857692 0)
(1.86861 -0.0196506 0)
(1.88123 -0.0450798 0)
(1.8893 -0.0747304 0)
(1.89175 -0.107561 0)
(1.88785 -0.142269 0)
(1.87723 -0.177424 0)
(1.85988 -0.211591 0)
(1.83613 -0.243414 0)
(1.80659 -0.271685 0)
(1.7721 -0.295394 0)
(1.73367 -0.313759 0)
(1.69239 -0.326242 0)
(1.64941 -0.332545 0)
(1.60582 -0.332599 0)
(1.56267 -0.326527 0)
(1.52093 -0.314619 0)
(1.48143 -0.297285 0)
(1.4449 -0.275025 0)
(1.41195 -0.248391 0)
(1.38311 -0.217971 0)
(1.35881 -0.184376 0)
(1.33942 -0.148229 0)
(1.32527 -0.110169 0)
(1.3166 -0.0708901 0)
(1.31355 -0.031145 0)
(1.31629 0.00835877 0)
(1.32506 0.046934 0)
(1.33953 0.0836491 0)
(1.35955 0.117594 0)
(1.38493 0.147997 0)
(1.41544 0.174168 0)
(1.45044 0.195373 0)
(1.48892 0.210859 0)
(1.52961 0.220006 0)
(1.5714 0.222464 0)
(1.61338 0.218175 0)
(1.65486 0.207305 0)
(1.69522 0.190159 0)
(1.73387 0.167134 0)
(1.7702 0.138691 0)
(1.80362 0.105362 0)
(1.8336 0.067755 0)
(1.85972 0.0265356 0)
(1.88173 -0.0176927 0)
(1.8994 -0.0643868 0)
(1.91266 -0.112692 0)
(1.92145 -0.161856 0)
(1.92585 -0.211212 0)
(1.92597 -0.260134 0)
(1.92194 -0.308053 0)
(1.91399 -0.354473 0)
(1.90242 -0.398991 0)
(1.88763 -0.441322 0)
(1.87014 -0.481303 0)
(1.85046 -0.518881 0)
(1.82912 -0.554081 0)
(1.80659 -0.587002 0)
(1.78338 -0.61789 0)
(1.76007 -0.647158 0)
(1.73723 -0.675204 0)
(1.71517 -0.702303 0)
(1.6941 -0.728691 0)
(1.67422 -0.75418 0)
(1.65568 -0.77791 0)
(1.6404 -0.800817 0)
(1.63531 -0.828697 0)
(1.64939 -0.867818 0)
(1.68288 -0.914655 0)
(1.72253 -0.954593 0)
(1.75196 -0.973557 0)
(1.76476 -0.968056 0)
(1.76665 -0.943752 0)
(1.76775 -0.907621 0)
(1.77454 -0.862677 0)
(1.78747 -0.808068 0)
(1.80301 -0.741839 0)
(1.81677 -0.663139 0)
(1.82541 -0.572831 0)
(1.82708 -0.473078 0)
(1.82096 -0.366786 0)
(1.8069 -0.257366 0)
(1.78565 -0.148394 0)
(1.75892 -0.0423686 0)
(1.72825 0.0601545 0)
(1.6957 0.15856 0)
(1.66285 0.251356 0)
(1.62888 0.336471 0)
(1.59256 0.411144 0)
(1.55262 0.472616 0)
(1.50851 0.518964 0)
(1.46066 0.5496 0)
(1.41031 0.565308 0)
(1.35921 0.567945 0)
(1.3092 0.559984 0)
(1.26191 0.544069 0)
(1.21862 0.522659 0)
(1.18017 0.49782 0)
(1.14697 0.471144 0)
(1.1191 0.443758 0)
(1.09637 0.416402 0)
(1.07843 0.389517 0)
(1.06486 0.363334 0)
(1.0552 0.337944 0)
(1.04899 0.31334 0)
(1.04581 0.289453 0)
(1.04523 0.266174 0)
(1.04688 0.243377 0)
(1.05039 0.220933 0)
(1.05543 0.198723 0)
(1.0617 0.176647 0)
(1.06894 0.154634 0)
(1.07691 0.13264 0)
(1.08541 0.110649 0)
(1.09425 0.0886806 0)
(1.10329 0.0667837 0)
(1.11238 0.0450417 0)
(1.12141 0.0235668 0)
(1.1303 0.00249614 0)
(1.13897 -0.0180034 0)
(1.14734 -0.0377303 0)
(1.15534 -0.0564634 0)
(1.16286 -0.0739663 0)
(1.16978 -0.0899981 0)
(1.17598 -0.10434 0)
(1.18137 -0.116823 0)
(1.18591 -0.127341 0)
(1.18958 -0.135859 0)
(1.19235 -0.142398 0)
(1.19419 -0.147028 0)
(1.19497 -0.149861 0)
(1.19451 -0.15105 0)
(1.19255 -0.150803 0)
(1.18881 -0.149384 0)
(1.18296 -0.14712 0)
(1.17469 -0.144398 0)
(1.16371 -0.141673 0)
(1.14979 -0.139464 0)
(1.13271 -0.138343 0)
(1.1123 -0.138843 0)
(1.08837 -0.141272 0)
(1.06064 -0.145494 0)
(1.02877 -0.150872 0)
(0.992503 -0.15664 0)
(0.952081 -0.162802 0)
(0.908868 -0.171208 0)
(0.865839 -0.186051 0)
(0.827452 -0.212898 0)
(0.798548 -0.256116 0)
(0.78256 -0.315947 0)
(0.780175 -0.387379 0)
(0.789345 -0.461789 0)
(0.806443 -0.530109 0)
(0.82762 -0.585446 0)
(0.849714 -0.624126 0)
(0.870601 -0.645377 0)
(0.889158 -0.650357 0)
(0.90502 -0.641152 0)
(0.918297 -0.620065 0)
(0.929324 -0.589256 0)
(0.938506 -0.550633 0)
(0.946254 -0.505852 0)
(0.952961 -0.456338 0)
(0.958997 -0.403299 0)
(0.964703 -0.347734 0)
(0.970391 -0.290452 0)
(0.976337 -0.232086 0)
(0.982786 -0.173101 0)
(0.989956 -0.113854 0)
(0.998095 -0.0547494 0)
(1.00702 0.00368787 0)
(1.01731 0.0610011 0)
(1.02697 0.117065 0)
(1.75297 0.0234537 0)
(1.76093 0.0247858 0)
(1.77054 0.0252152 0)
(1.78195 0.0241713 0)
(1.79505 0.0208576 0)
(1.80939 0.0144433 0)
(1.82421 0.00422985 0)
(1.83847 -0.0101983 0)
(1.85102 -0.0289171 0)
(1.86068 -0.0516532 0)
(1.86639 -0.0778206 0)
(1.8673 -0.106553 0)
(1.86277 -0.136783 0)
(1.85248 -0.167338 0)
(1.83642 -0.19702 0)
(1.81484 -0.22468 0)
(1.78824 -0.249275 0)
(1.75733 -0.269924 0)
(1.72295 -0.285933 0)
(1.68601 -0.296815 0)
(1.64751 -0.302285 0)
(1.6084 -0.30225 0)
(1.5696 -0.296786 0)
(1.53197 -0.286115 0)
(1.49627 -0.270576 0)
(1.46319 -0.25059 0)
(1.4333 -0.22664 0)
(1.4071 -0.199253 0)
(1.385 -0.168984 0)
(1.36737 -0.136414 0)
(1.3545 -0.10214 0)
(1.34663 -0.0668038 0)
(1.3439 -0.0311021 0)
(1.34641 0.00428647 0)
(1.35433 0.038732 0)
(1.36749 0.0714522 0)
(1.38569 0.10163 0)
(1.40859 0.128494 0)
(1.43583 0.151369 0)
(1.46698 0.169679 0)
(1.50144 0.182908 0)
(1.53837 0.190606 0)
(1.57679 0.192439 0)
(1.61573 0.188245 0)
(1.6543 0.178053 0)
(1.69177 0.162062 0)
(1.7275 0.140602 0)
(1.76094 0.114097 0)
(1.7916 0.0830429 0)
(1.81906 0.0480084 0)
(1.84296 0.00958399 0)
(1.86306 -0.0317098 0)
(1.87912 -0.0753047 0)
(1.891 -0.120416 0)
(1.89864 -0.166376 0)
(1.90208 -0.212564 0)
(1.90144 -0.25841 0)
(1.89694 -0.303414 0)
(1.88886 -0.347152 0)
(1.87757 -0.389292 0)
(1.86347 -0.429595 0)
(1.84699 -0.467906 0)
(1.82853 -0.504147 0)
(1.80845 -0.538314 0)
(1.78713 -0.570524 0)
(1.76504 -0.601086 0)
(1.74267 -0.630401 0)
(1.72026 -0.658713 0)
(1.69781 -0.686172 0)
(1.67549 -0.713048 0)
(1.6539 -0.73933 0)
(1.63443 -0.765265 0)
(1.62173 -0.794735 0)
(1.62461 -0.835411 0)
(1.64769 -0.888768 0)
(1.68087 -0.941519 0)
(1.70475 -0.974715 0)
(1.70847 -0.980488 0)
(1.69823 -0.965526 0)
(1.68898 -0.94059 0)
(1.69121 -0.910378 0)
(1.70563 -0.872353 0)
(1.72634 -0.821568 0)
(1.74639 -0.754997 0)
(1.76093 -0.672739 0)
(1.76783 -0.577132 0)
(1.76679 -0.471432 0)
(1.75818 -0.359101 0)
(1.74236 -0.243901 0)
(1.71986 -0.129845 0)
(1.69132 -0.0199351 0)
(1.65774 0.08484 0)
(1.62224 0.183882 0)
(1.58712 0.276612 0)
(1.55274 0.362068 0)
(1.51836 0.438067 0)
(1.48253 0.501757 0)
(1.44407 0.550673 0)
(1.40263 0.583548 0)
(1.35876 0.60061 0)
(1.31371 0.603412 0)
(1.269 0.594382 0)
(1.22618 0.576311 0)
(1.18653 0.551923 0)
(1.15099 0.523585 0)
(1.12011 0.493168 0)
(1.0941 0.462033 0)
(1.07288 0.431085 0)
(1.0562 0.400869 0)
(1.0437 0.37167 0)
(1.03494 0.343593 0)
(1.0295 0.316627 0)
(1.02696 0.290689 0)
(1.02692 0.265651 0)
(1.029 0.241367 0)
(1.03286 0.217686 0)
(1.03819 0.194467 0)
(1.0447 0.171588 0)
(1.05215 0.148954 0)
(1.0603 0.126496 0)
(1.06897 0.104179 0)
(1.07801 0.0820018 0)
(1.08726 0.059997 0)
(1.09662 0.0382317 0)
(1.10599 0.0167999 0)
(1.11533 -0.00417741 0)
(1.12456 -0.0245339 0)
(1.13361 -0.0440577 0)
(1.14238 -0.0625115 0)
(1.15075 -0.0796437 0)
(1.15863 -0.0952179 0)
(1.16596 -0.109042 0)
(1.17275 -0.120982 0)
(1.17902 -0.13096 0)
(1.18474 -0.138934 0)
(1.18985 -0.144889 0)
(1.19413 -0.148833 0)
(1.19728 -0.150807 0)
(1.19892 -0.150907 0)
(1.19861 -0.149298 0)
(1.19589 -0.14623 0)
(1.19035 -0.142034 0)
(1.1816 -0.137125 0)
(1.16932 -0.13199 0)
(1.15326 -0.127194 0)
(1.13322 -0.123341 0)
(1.10906 -0.120975 0)
(1.0806 -0.120382 0)
(1.04764 -0.121383 0)
(1.00991 -0.123371 0)
(0.967385 -0.125854 0)
(0.920699 -0.12951 0)
(0.871827 -0.137262 0)
(0.824415 -0.154432 0)
(0.783347 -0.187152 0)
(0.753315 -0.239196 0)
(0.737004 -0.309082 0)
(0.734133 -0.389726 0)
(0.741967 -0.471022 0)
(0.756676 -0.543397 0)
(0.774578 -0.600251 0)
(0.792824 -0.638605 0)
(0.809593 -0.658445 0)
(0.824003 -0.661561 0)
(0.83587 -0.650467 0)
(0.845424 -0.627698 0)
(0.853064 -0.5955 0)
(0.859215 -0.555795 0)
(0.864278 -0.510224 0)
(0.868624 -0.460193 0)
(0.872589 -0.406889 0)
(0.876487 -0.351291 0)
(0.880598 -0.294187 0)
(0.885178 -0.236181 0)
(0.89046 -0.177716 0)
(0.896651 -0.119127 0)
(0.904011 -0.0607812 0)
(0.912366 -0.00316707 0)
(0.922343 0.0532725 0)
(0.931644 0.108385 0)
(1.75234 0.0181653 0)
(1.75982 0.0184751 0)
(1.76857 0.0177932 0)
(1.77865 0.015665 0)
(1.78991 0.0114798 0)
(1.80194 0.00462017 0)
(1.8141 -0.0054275 0)
(1.82557 -0.0189664 0)
(1.8354 -0.0360305 0)
(1.84265 -0.0563829 0)
(1.84645 -0.0795291 0)
(1.8461 -0.104753 0)
(1.84108 -0.131172 0)
(1.83111 -0.157804 0)
(1.81618 -0.183636 0)
(1.79649 -0.207693 0)
(1.77244 -0.229083 0)
(1.74463 -0.247045 0)
(1.71376 -0.260969 0)
(1.68061 -0.270414 0)
(1.64604 -0.275112 0)
(1.61088 -0.274955 0)
(1.57594 -0.269986 0)
(1.54198 -0.260378 0)
(1.5097 -0.246408 0)
(1.47972 -0.228437 0)
(1.45258 -0.206889 0)
(1.42876 -0.182235 0)
(1.40864 -0.154979 0)
(1.39256 -0.125658 0)
(1.38081 -0.0948267 0)
(1.37361 -0.0630784 0)
(1.37108 -0.0310515 0)
(1.3733 0.00062179 0)
(1.38039 0.0313479 0)
(1.3922 0.0604344 0)
(1.40858 0.0871785 0)
(1.42923 0.110903 0)
(1.45373 0.130973 0)
(1.48159 0.146835 0)
(1.51229 0.158042 0)
(1.54522 0.164251 0)
(1.57966 0.165218 0)
(1.61482 0.160811 0)
(1.64991 0.151027 0)
(1.68417 0.135993 0)
(1.71695 0.115959 0)
(1.74764 0.0912758 0)
(1.77577 0.0623782 0)
(1.80088 0.0297818 0)
(1.82268 -0.0059861 0)
(1.84094 -0.0444867 0)
(1.85544 -0.0851031 0)
(1.86603 -0.127176 0)
(1.87271 -0.170112 0)
(1.87554 -0.213355 0)
(1.87467 -0.2564 0)
(1.87033 -0.298802 0)
(1.86279 -0.340184 0)
(1.85237 -0.380234 0)
(1.83936 -0.418715 0)
(1.8241 -0.455456 0)
(1.80686 -0.490363 0)
(1.78796 -0.523445 0)
(1.76777 -0.554875 0)
(1.74667 -0.584972 0)
(1.72488 -0.613988 0)
(1.70223 -0.641964 0)
(1.67864 -0.669134 0)
(1.65478 -0.69618 0)
(1.63219 -0.723813 0)
(1.61393 -0.754134 0)
(1.60649 -0.793533 0)
(1.61681 -0.847913 0)
(1.64064 -0.909593 0)
(1.65888 -0.957101 0)
(1.65438 -0.975186 0)
(1.63008 -0.968732 0)
(1.60552 -0.953462 0)
(1.59786 -0.938368 0)
(1.60983 -0.919877 0)
(1.63301 -0.8888 0)
(1.65687 -0.838562 0)
(1.67438 -0.767948 0)
(1.68291 -0.679659 0)
(1.68289 -0.577901 0)
(1.67599 -0.466712 0)
(1.66378 -0.349517 0)
(1.647 -0.229723 0)
(1.62563 -0.111123 0)
(1.59893 0.00293755 0)
(1.56652 0.110547 0)
(1.53164 0.210454 0)
(1.49657 0.302636 0)
(1.46278 0.387247 0)
(1.4304 0.46304 0)
(1.39836 0.527519 0)
(1.36532 0.57798 0)
(1.33041 0.612581 0)
(1.29359 0.630953 0)
(1.25552 0.634223 0)
(1.21734 0.624636 0)
(1.18033 0.60501 0)
(1.14571 0.578241 0)
(1.1144 0.54694 0)
(1.08703 0.513236 0)
(1.06391 0.478714 0)
(1.04508 0.444456 0)
(1.03039 0.411128 0)
(1.01955 0.379085 0)
(1.01219 0.348465 0)
(1.00793 0.319261 0)
(1.00638 0.291381 0)
(1.00715 0.26468 0)
(1.00991 0.238991 0)
(1.01432 0.214143 0)
(1.0201 0.189971 0)
(1.02698 0.166331 0)
(1.03472 0.143103 0)
(1.04314 0.120197 0)
(1.05205 0.097555 0)
(1.06132 0.0751563 0)
(1.07083 0.0530157 0)
(1.08049 0.0311802 0)
(1.09024 0.00972436 0)
(1.10006 -0.0112386 0)
(1.10985 -0.0315267 0)
(1.11953 -0.0509097 0)
(1.12903 -0.0691425 0)
(1.13827 -0.0859896 0)
(1.14728 -0.101255 0)
(1.15611 -0.114791 0)
(1.16485 -0.126479 0)
(1.17347 -0.136209 0)
(1.18183 -0.143865 0)
(1.18962 -0.149331 0)
(1.19641 -0.152518 0)
(1.20166 -0.153394 0)
(1.20478 -0.152016 0)
(1.20524 -0.148547 0)
(1.20252 -0.14326 0)
(1.19619 -0.13653 0)
(1.18589 -0.128821 0)
(1.17134 -0.12068 0)
(1.15234 -0.112725 0)
(1.12874 -0.105602 0)
(1.10043 -0.0998675 0)
(1.06731 -0.0957826 0)
(1.02919 -0.0931489 0)
(0.985906 -0.0914561 0)
(0.937641 -0.0906 0)
(0.885461 -0.0920774 0)
(0.831933 -0.0999592 0)
(0.781263 -0.120584 0)
(0.738507 -0.160304 0)
(0.707905 -0.221878 0)
(0.691232 -0.301856 0)
(0.687332 -0.391188 0)
(0.693055 -0.478609 0)
(0.704647 -0.554349 0)
(0.718752 -0.612253 0)
(0.732865 -0.650047 0)
(0.745418 -0.668428 0)
(0.755702 -0.669766 0)
(0.763658 -0.656965 0)
(0.769602 -0.632751 0)
(0.773982 -0.599425 0)
(0.777231 -0.558898 0)
(0.779733 -0.512782 0)
(0.781829 -0.462457 0)
(0.783823 -0.409087 0)
(0.785992 -0.35363 0)
(0.788586 -0.296855 0)
(0.791835 -0.23935 0)
(0.79596 -0.181537 0)
(0.801154 -0.123733 0)
(0.807686 -0.0662791 0)
(0.815368 -0.00963559 0)
(0.82492 0.0457988 0)
(0.833715 0.099814 0)
(1.75142 0.013183 0)
(1.75834 0.0126875 0)
(1.76624 0.0111726 0)
(1.7751 0.00827796 0)
(1.78474 0.00353171 0)
(1.7948 -0.00352695 0)
(1.80475 -0.0132734 0)
(1.81391 -0.0259208 0)
(1.82151 -0.0414761 0)
(1.82679 -0.0597265 0)
(1.82905 -0.0802505 0)
(1.8277 -0.102447 0)
(1.82232 -0.125578 0)
(1.81267 -0.148819 0)
(1.79875 -0.171319 0)
(1.7807 -0.192249 0)
(1.75887 -0.210849 0)
(1.73376 -0.226457 0)
(1.70595 -0.238537 0)
(1.67612 -0.246695 0)
(1.64501 -0.250679 0)
(1.61333 -0.250378 0)
(1.58181 -0.245813 0)
(1.55113 -0.237117 0)
(1.52191 -0.224522 0)
(1.49472 -0.208338 0)
(1.47005 -0.188937 0)
(1.44836 -0.166741 0)
(1.43 -0.142209 0)
(1.41531 -0.115831 0)
(1.40453 -0.0881226 0)
(1.39787 -0.0596283 0)
(1.39545 -0.0309345 0)
(1.39733 -0.00262342 0)
(1.4036 0.0247558 0)
(1.41412 0.0505792 0)
(1.42875 0.0742201 0)
(1.44722 0.0950907 0)
(1.46919 0.112638 0)
(1.49417 0.126363 0)
(1.52165 0.13585 0)
(1.55106 0.140784 0)
(1.58179 0.140959 0)
(1.61319 0.136272 0)
(1.64462 0.126729 0)
(1.67543 0.112438 0)
(1.70499 0.0936076 0)
(1.73276 0.0705316 0)
(1.75823 0.0435929 0)
(1.78102 0.0132387 0)
(1.80083 -0.0200998 0)
(1.81743 -0.0560196 0)
(1.83061 -0.0939169 0)
(1.84026 -0.133234 0)
(1.84637 -0.173442 0)
(1.849 -0.214041 0)
(1.84828 -0.254575 0)
(1.8444 -0.294634 0)
(1.83757 -0.33386 0)
(1.82803 -0.371953 0)
(1.81603 -0.408674 0)
(1.80182 -0.443852 0)
(1.78567 -0.47741 0)
(1.76787 -0.509387 0)
(1.74871 -0.539957 0)
(1.72834 -0.569314 0)
(1.70656 -0.597471 0)
(1.68305 -0.624453 0)
(1.65817 -0.651018 0)
(1.63358 -0.678658 0)
(1.61186 -0.709108 0)
(1.59697 -0.746221 0)
(1.59475 -0.79679 0)
(1.60615 -0.860709 0)
(1.6173 -0.920077 0)
(1.60658 -0.95186 0)
(1.56854 -0.953438 0)
(1.52359 -0.944203 0)
(1.49833 -0.941547 0)
(1.5017 -0.943789 0)
(1.52368 -0.936561 0)
(1.54912 -0.907462 0)
(1.56762 -0.852554 0)
(1.57534 -0.77465 0)
(1.57298 -0.679387 0)
(1.56332 -0.572317 0)
(1.5494 -0.45757 0)
(1.53346 -0.337923 0)
(1.51645 -0.215832 0)
(1.49791 -0.0943087 0)
(1.47613 0.0233191 0)
(1.44889 0.134009 0)
(1.41886 0.235367 0)
(1.38751 0.327382 0)
(1.35691 0.410907 0)
(1.32801 0.485671 0)
(1.30042 0.54985 0)
(1.27306 0.600851 0)
(1.24494 0.63649 0)
(1.2156 0.655881 0)
(1.18522 0.659693 0)
(1.15451 0.649894 0)
(1.12446 0.629225 0)
(1.09606 0.600658 0)
(1.07019 0.566979 0)
(1.04746 0.530523 0)
(1.02827 0.49308 0)
(1.01273 0.455902 0)
(1.00079 0.419782 0)
(0.992256 0.385157 0)
(0.986832 0.352209 0)
(0.984191 0.32095 0)
(0.98399 0.291284 0)
(0.985892 0.263055 0)
(0.989578 0.236079 0)
(0.994754 0.210162 0)
(1.00115 0.185118 0)
(1.00854 0.160782 0)
(1.0167 0.137008 0)
(1.02546 0.113685 0)
(1.03468 0.0907346 0)
(1.04423 0.0681149 0)
(1.05402 0.0458182 0)
(1.06401 0.0238685 0)
(1.07416 0.00232776 0)
(1.08443 -0.0186777 0)
(1.09473 -0.0389456 0)
(1.10502 -0.0582492 0)
(1.1153 -0.0763768 0)
(1.12568 -0.0931506 0)
(1.13629 -0.108422 0)
(1.14726 -0.12204 0)
(1.15855 -0.133816 0)
(1.16995 -0.143516 0)
(1.18102 -0.150881 0)
(1.19114 -0.155674 0)
(1.19964 -0.157732 0)
(1.20585 -0.157001 0)
(1.20912 -0.153563 0)
(1.20893 -0.147631 0)
(1.20486 -0.139543 0)
(1.19655 -0.12974 0)
(1.18375 -0.118747 0)
(1.16625 -0.107167 0)
(1.14392 -0.0956676 0)
(1.11667 -0.0849317 0)
(1.08442 -0.0755212 0)
(1.04708 -0.0676657 0)
(1.00446 -0.0611528 0)
(0.956466 -0.0556336 0)
(0.903467 -0.0515326 0)
(0.846955 -0.0513055 0)
(0.790087 -0.0601922 0)
(0.737477 -0.0853419 0)
(0.694051 -0.132918 0)
(0.663317 -0.204298 0)
(0.646062 -0.293991 0)
(0.640453 -0.391238 0)
(0.643244 -0.48399 0)
(0.65102 -0.562526 0)
(0.660876 -0.621189 0)
(0.670643 -0.658343 0)
(0.678935 -0.675318 0)
(0.685134 -0.67502 0)
(0.689254 -0.660716 0)
(0.691677 -0.635304 0)
(0.692886 -0.601113 0)
(0.693315 -0.560019 0)
(0.69333 -0.513597 0)
(0.693243 -0.463194 0)
(0.693326 -0.409947 0)
(0.693816 -0.354794 0)
(0.694929 -0.298489 0)
(0.696868 -0.241608 0)
(0.699838 -0.184561 0)
(0.704018 -0.127652 0)
(0.70968 -0.0712022 0)
(0.716615 -0.0156437 0)
(0.725626 0.0386808 0)
(0.733786 0.0914771 0)
(1.75029 0.00854269 0)
(1.75664 0.00742796 0)
(1.76371 0.00530628 0)
(1.77145 0.00189294 0)
(1.77968 -0.0031769 0)
(1.78807 -0.0102477 0)
(1.79616 -0.0195918 0)
(1.80341 -0.0313559 0)
(1.80918 -0.0455233 0)
(1.81286 -0.0619003 0)
(1.81387 -0.0801254 0)
(1.81173 -0.0996912 0)
(1.8061 -0.119977 0)
(1.79678 -0.14029 0)
(1.78375 -0.15991 0)
(1.76715 -0.178132 0)
(1.74727 -0.194303 0)
(1.72451 -0.20785 0)
(1.69938 -0.218304 0)
(1.67247 -0.225313 0)
(1.6444 -0.228648 0)
(1.61581 -0.228198 0)
(1.58733 -0.223967 0)
(1.55956 -0.216062 0)
(1.53307 -0.204676 0)
(1.50837 -0.190078 0)
(1.48592 -0.172597 0)
(1.46613 -0.15261 0)
(1.44935 -0.130534 0)
(1.43587 -0.106818 0)
(1.42593 -0.0819351 0)
(1.41971 -0.0563863 0)
(1.41734 -0.0307069 0)
(1.41885 -0.00543412 0)
(1.4243 0.0189266 0)
(1.4336 0.0418179 0)
(1.44658 0.0626777 0)
(1.46301 0.0809807 0)
(1.48258 0.0962417 0)
(1.50488 0.108027 0)
(1.52944 0.115969 0)
(1.55574 0.119782 0)
(1.58322 0.119273 0)
(1.6113 0.114348 0)
(1.63941 0.105011 0)
(1.66699 0.0913557 0)
(1.6935 0.0735631 0)
(1.71845 0.0518939 0)
(1.74139 0.0266855 0)
(1.76197 -0.00168982 0)
(1.77992 -0.0328983 0)
(1.79499 -0.0664954 0)
(1.80698 -0.10196 0)
(1.81579 -0.138803 0)
(1.8214 -0.17655 0)
(1.82385 -0.214748 0)
(1.82323 -0.252979 0)
(1.8197 -0.290862 0)
(1.81341 -0.328062 0)
(1.80458 -0.36429 0)
(1.79341 -0.399317 0)
(1.78016 -0.43299 0)
(1.76505 -0.465243 0)
(1.74831 -0.496096 0)
(1.73 -0.525608 0)
(1.70991 -0.553751 0)
(1.68766 -0.580435 0)
(1.66328 -0.606116 0)
(1.63814 -0.632492 0)
(1.61477 -0.661876 0)
(1.59581 -0.696669 0)
(1.58427 -0.741339 0)
(1.58233 -0.800198 0)
(1.58331 -0.864645 0)
(1.56748 -0.910051 0)
(1.51932 -0.921079 0)
(1.45173 -0.913663 0)
(1.39976 -0.916668 0)
(1.38536 -0.937328 0)
(1.40098 -0.957315 0)
(1.42605 -0.955207 0)
(1.44503 -0.921518 0)
(1.45177 -0.858056 0)
(1.44658 -0.771873 0)
(1.43271 -0.670602 0)
(1.41405 -0.560199 0)
(1.39402 -0.444307 0)
(1.37496 -0.324763 0)
(1.35791 -0.202859 0)
(1.34251 -0.0805493 0)
(1.32638 0.0392698 0)
(1.30622 0.152614 0)
(1.28365 0.255822 0)
(1.259 0.348357 0)
(1.23428 0.431205 0)
(1.21084 0.504822 0)
(1.18894 0.568143 0)
(1.16799 0.61895 0)
(1.14713 0.654983 0)
(1.12572 0.675003 0)
(1.10363 0.679278 0)
(1.08117 0.669469 0)
(1.05898 0.648168 0)
(1.03784 0.618342 0)
(1.01846 0.582874 0)
(1.00142 0.544251 0)
(0.987117 0.504428 0)
(0.97574 0.464808 0)
(0.967313 0.426305 0)
(0.961727 0.389444 0)
(0.958779 0.354459 0)
(0.958211 0.321388 0)
(0.959742 0.290144 0)
(0.963084 0.260565 0)
(0.967962 0.232452 0)
(0.974117 0.205595 0)
(0.981315 0.179789 0)
(0.989349 0.154843 0)
(0.998039 0.130593 0)
(1.00723 0.106906 0)
(1.01681 0.0836806 0)
(1.02669 0.0608495 0)
(1.03681 0.0383812 0)
(1.04715 0.0162842 0)
(1.05767 -0.00537692 0)
(1.06835 -0.0264567 0)
(1.07915 -0.0467655 0)
(1.09017 -0.0661362 0)
(1.10159 -0.0844323 0)
(1.11365 -0.101522 0)
(1.1265 -0.117223 0)
(1.14008 -0.131262 0)
(1.15406 -0.143269 0)
(1.16783 -0.152827 0)
(1.18064 -0.159543 0)
(1.19168 -0.163124 0)
(1.20019 -0.163416 0)
(1.20554 -0.160431 0)
(1.20723 -0.154335 0)
(1.20489 -0.145435 0)
(1.19825 -0.134142 0)
(1.18712 -0.120955 0)
(1.17134 -0.106445 0)
(1.15078 -0.0912524 0)
(1.12535 -0.0760764 0)
(1.09497 -0.0616052 0)
(1.05956 -0.0483753 0)
(1.01899 -0.0365946 0)
(0.973083 -0.0261029 0)
(0.921726 -0.0167831 0)
(0.865437 -0.00966472 0)
(0.806099 -0.00829569 0)
(0.747406 -0.0190578 0)
(0.694303 -0.049615 0)
(0.651235 -0.105514 0)
(0.620676 -0.186481 0)
(0.602457 -0.285099 0)
(0.594348 -0.389291 0)
(0.593349 -0.486602 0)
(0.596622 -0.567519 0)
(0.601805 -0.626832 0)
(0.607041 -0.663412 0)
(0.611037 -0.679119 0)
(0.613183 -0.677361 0)
(0.613517 -0.661771 0)
(0.612466 -0.635408 0)
(0.610545 -0.600609 0)
(0.608185 -0.559197 0)
(0.60573 -0.512698 0)
(0.603469 -0.462424 0)
(0.601646 -0.409485 0)
(0.600465 -0.354796 0)
(0.600105 -0.299098 0)
(0.600734 -0.242959 0)
(0.602538 -0.186781 0)
(0.605679 -0.130861 0)
(0.610427 -0.0755056 0)
(0.616545 -0.0211214 0)
(0.624912 0.0320116 0)
(0.632333 0.0834843 0)
(1.74905 0.00426787 0)
(1.75483 0.00268945 0)
(1.76111 0.000141383 0)
(1.76784 -0.00359922 0)
(1.77483 -0.00881525 0)
(1.78179 -0.0157637 0)
(1.78833 -0.0246414 0)
(1.79399 -0.0355438 0)
(1.79826 -0.0484357 0)
(1.80064 -0.0631406 0)
(1.80065 -0.0793459 0)
(1.79789 -0.09662 0)
(1.7921 -0.114438 0)
(1.7831 -0.132213 0)
(1.77089 -0.149334 0)
(1.75558 -0.165201 0)
(1.7374 -0.179252 0)
(1.71671 -0.190993 0)
(1.69394 -0.200013 0)
(1.66959 -0.206001 0)
(1.64421 -0.208747 0)
(1.61835 -0.208148 0)
(1.59256 -0.204196 0)
(1.56739 -0.196977 0)
(1.54333 -0.186655 0)
(1.52086 -0.173465 0)
(1.50039 -0.157698 0)
(1.48231 -0.139693 0)
(1.46692 -0.119827 0)
(1.4545 -0.0985123 0)
(1.44528 -0.0761822 0)
(1.43942 -0.0532946 0)
(1.43703 -0.0303372 0)
(1.43815 -0.00780455 0)
(1.4428 0.0138368 0)
(1.45094 0.0340889 0)
(1.46237 0.0524512 0)
(1.4769 0.068453 0)
(1.49425 0.0816619 0)
(1.51406 0.0916949 0)
(1.53591 0.0982289 0)
(1.55934 0.101012 0)
(1.58385 0.0998721 0)
(1.60894 0.0947202 0)
(1.63407 0.0855536 0)
(1.65876 0.0724512 0)
(1.68251 0.0555686 0)
(1.70489 0.0351366 0)
(1.72551 0.0114474 0)
(1.74404 -0.0151977 0)
(1.76023 -0.0444953 0)
(1.77384 -0.0759994 0)
(1.78467 -0.10927 0)
(1.79263 -0.143872 0)
(1.79769 -0.179378 0)
(1.79987 -0.215379 0)
(1.79925 -0.25149 0)
(1.79595 -0.28736 0)
(1.79011 -0.322674 0)
(1.78191 -0.357161 0)
(1.77156 -0.390611 0)
(1.75927 -0.422874 0)
(1.74518 -0.453851 0)
(1.72932 -0.483444 0)
(1.71147 -0.511526 0)
(1.6913 -0.537959 0)
(1.66875 -0.562938 0)
(1.64478 -0.587782 0)
(1.62161 -0.615072 0)
(1.60142 -0.647238 0)
(1.58509 -0.68635 0)
(1.57267 -0.735979 0)
(1.56135 -0.795901 0)
(1.53858 -0.849695 0)
(1.48505 -0.87278 0)
(1.39881 -0.866136 0)
(1.31315 -0.864786 0)
(1.26829 -0.895203 0)
(1.269 -0.942746 0)
(1.29078 -0.974145 0)
(1.3103 -0.969294 0)
(1.3172 -0.926451 0)
(1.31063 -0.853466 0)
(1.29383 -0.760172 0)
(1.27097 -0.654867 0)
(1.24588 -0.543198 0)
(1.22162 -0.428111 0)
(1.20029 -0.310559 0)
(1.18307 -0.190808 0)
(1.16998 -0.0696742 0)
(1.15823 0.0506022 0)
(1.14466 0.165543 0)
(1.12987 0.270428 0)
(1.11316 0.363866 0)
(1.09597 0.446531 0)
(1.07962 0.519235 0)
(1.06469 0.581551 0)
(1.05103 0.631737 0)
(1.03803 0.667665 0)
(1.02506 0.687935 0)
(1.01177 0.692519 0)
(0.998186 0.682801 0)
(0.98462 0.661189 0)
(0.97157 0.630587 0)
(0.959576 0.593903 0)
(0.949122 0.553717 0)
(0.940575 0.512103 0)
(0.934159 0.470584 0)
(0.929962 0.430183 0)
(0.927955 0.391505 0)
(0.92802 0.354842 0)
(0.929979 0.320266 0)
(0.93362 0.287704 0)
(0.938719 0.256995 0)
(0.945049 0.227935 0)
(0.9524 0.200299 0)
(0.960574 0.173864 0)
(0.969399 0.148423 0)
(0.978726 0.123789 0)
(0.988436 0.0998076 0)
(0.998447 0.0763498 0)
(1.00871 0.0533238 0)
(1.01919 0.0306825 0)
(1.02987 0.00843317 0)
(1.04074 -0.0133575 0)
(1.05184 -0.034568 0)
(1.06331 -0.0550908 0)
(1.07546 -0.0748529 0)
(1.08859 -0.093754 0)
(1.10287 -0.111587 0)
(1.11817 -0.127985 0)
(1.134 -0.142434 0)
(1.14962 -0.154352 0)
(1.16414 -0.163195 0)
(1.17665 -0.168547 0)
(1.18641 -0.170174 0)
(1.19281 -0.168035 0)
(1.19544 -0.162263 0)
(1.19405 -0.153139 0)
(1.18849 -0.141051 0)
(1.17866 -0.126461 0)
(1.16449 -0.109893 0)
(1.14589 -0.091926 0)
(1.12277 -0.0732046 0)
(1.09506 -0.0544305 0)
(1.06264 -0.0363128 0)
(1.02534 -0.0194115 0)
(0.982881 -0.00383749 0)
(0.934987 0.0106246 0)
(0.881657 0.0237891 0)
(0.82376 0.0337517 0)
(0.763614 0.0357318 0)
(0.705156 0.02223 0)
(0.653117 -0.0143807 0)
(0.611441 -0.078575 0)
(0.58125 -0.16835 0)
(0.561549 -0.2747 0)
(0.550069 -0.384713 0)
(0.544383 -0.485868 0)
(0.542441 -0.56892 0)
(0.542501 -0.628961 0)
(0.542991 -0.665172 0)
(0.542631 -0.679825 0)
(0.540729 -0.676809 0)
(0.537287 -0.660148 0)
(0.53276 -0.633075 0)
(0.527692 -0.597918 0)
(0.522519 -0.556429 0)
(0.517557 -0.510078 0)
(0.51307 -0.460139 0)
(0.50928 -0.407688 0)
(0.506372 -0.35362 0)
(0.504501 -0.29866 0)
(0.503789 -0.243376 0)
(0.504397 -0.188169 0)
(0.506463 -0.133329 0)
(0.510249 -0.0791446 0)
(0.515484 -0.0260043 0)
(0.523118 0.0258735 0)
(0.52972 0.0759273 0)
(1.74778 0.000360068 0)
(1.753 -0.00155326 0)
(1.75855 -0.00438278 0)
(1.76437 -0.00830268 0)
(1.77028 -0.0135315 0)
(1.77601 -0.0202614 0)
(1.78124 -0.028632 0)
(1.78558 -0.0386999 0)
(1.78862 -0.0504175 0)
(1.78994 -0.0636229 0)
(1.78915 -0.078044 0)
(1.78593 -0.0933108 0)
(1.78005 -0.108977 0)
(1.77138 -0.124544 0)
(1.75991 -0.139492 0)
(1.74574 -0.153308 0)
(1.72907 -0.165509 0)
(1.71021 -0.175668 0)
(1.68952 -0.183426 0)
(1.66743 -0.188507 0)
(1.64443 -0.190725 0)
(1.62098 -0.189981 0)
(1.59759 -0.186264 0)
(1.57472 -0.179643 0)
(1.55283 -0.170259 0)
(1.53235 -0.158319 0)
(1.51365 -0.144082 0)
(1.49707 -0.127852 0)
(1.48291 -0.109974 0)
(1.47143 -0.0908201 0)
(1.46282 -0.0707903 0)
(1.45723 -0.0503029 0)
(1.45478 -0.0298011 0)
(1.45549 -0.00973751 0)
(1.45938 0.0094571 0)
(1.4664 0.0273359 0)
(1.47638 0.0434527 0)
(1.48916 0.0573869 0)
(1.50446 0.0687533 0)
(1.52197 0.0772113 0)
(1.54132 0.0824739 0)
(1.5621 0.0843178 0)
(1.58388 0.0825895 0)
(1.6062 0.077209 0)
(1.62859 0.0681702 0)
(1.65061 0.055539 0)
(1.67183 0.0394507 0)
(1.69184 0.0201094 0)
(1.7103 -0.00223896 0)
(1.72693 -0.0273598 0)
(1.74147 -0.0549254 0)
(1.75367 -0.0845479 0)
(1.76339 -0.115843 0)
(1.77052 -0.14842 0)
(1.77503 -0.181894 0)
(1.77693 -0.215895 0)
(1.77629 -0.25007 0)
(1.77319 -0.284096 0)
(1.76778 -0.31768 0)
(1.76021 -0.350572 0)
(1.75066 -0.382566 0)
(1.73925 -0.413475 0)
(1.72596 -0.443087 0)
(1.71063 -0.471155 0)
(1.69303 -0.497481 0)
(1.6732 -0.522144 0)
(1.65189 -0.546003 0)
(1.63084 -0.571187 0)
(1.61182 -0.600292 0)
(1.59469 -0.634621 0)
(1.57695 -0.67501 0)
(1.55515 -0.723351 0)
(1.52265 -0.774666 0)
(1.46502 -0.808028 0)
(1.36923 -0.806614 0)
(1.25182 -0.793637 0)
(1.16317 -0.817057 0)
(1.13448 -0.884512 0)
(1.14664 -0.954382 0)
(1.16599 -0.988044 0)
(1.17424 -0.974702 0)
(1.16801 -0.921495 0)
(1.1503 -0.840374 0)
(1.12533 -0.742114 0)
(1.09695 -0.634744 0)
(1.06824 -0.523337 0)
(1.04162 -0.410216 0)
(1.01886 -0.295696 0)
(1.00132 -0.179253 0)
(0.989206 -0.0606823 0)
(0.979905 0.0584474 0)
(0.971068 0.173562 0)
(0.962837 0.279283 0)
(0.953771 0.37339 0)
(0.944591 0.45602 0)
(0.936175 0.528005 0)
(0.929125 0.589315 0)
(0.923515 0.638647 0)
(0.918964 0.674112 0)
(0.91491 0.694304 0)
(0.910891 0.699023 0)
(0.906681 0.689436 0)
(0.902314 0.667768 0)
(0.898019 0.636817 0)
(0.89413 0.599463 0)
(0.891004 0.558318 0)
(0.888949 0.515525 0)
(0.888195 0.472696 0)
(0.888874 0.430935 0)
(0.891024 0.39092 0)
(0.894609 0.352997 0)
(0.899531 0.317277 0)
(0.905653 0.283706 0)
(0.912818 0.252134 0)
(0.920862 0.222351 0)
(0.929622 0.194128 0)
(0.938948 0.167228 0)
(0.948705 0.141428 0)
(0.958784 0.116522 0)
(0.969107 0.0923272 0)
(0.979628 0.0686921 0)
(0.99032 0.0455095 0)
(1.00116 0.0227272 0)
(1.01216 0.000340398 0)
(1.02342 -0.0216287 0)
(1.03515 -0.0431569 0)
(1.04773 -0.0642464 0)
(1.06153 -0.0848418 0)
(1.07668 -0.104715 0)
(1.09296 -0.123408 0)
(1.10974 -0.140266 0)
(1.12612 -0.154552 0)
(1.14112 -0.165588 0)
(1.15386 -0.172858 0)
(1.16362 -0.176065 0)
(1.16992 -0.175129 0)
(1.17249 -0.170159 0)
(1.1712 -0.161414 0)
(1.16601 -0.149255 0)
(1.15694 -0.134108 0)
(1.14401 -0.116443 0)
(1.12722 -0.0967676 0)
(1.10651 -0.0756443 0)
(1.08181 -0.0537069 0)
(1.05295 -0.0316502 0)
(1.01968 -0.0101298 0)
(0.981656 0.0104901 0)
(0.938557 0.0300571 0)
(0.890145 0.0485446 0)
(0.836627 0.0652411 0)
(0.779226 0.0773763 0)
(0.720624 0.0791443 0)
(0.66473 0.0623843 0)
(0.615673 0.0194322 0)
(0.576233 -0.0524856 0)
(0.546462 -0.14972 0)
(0.524656 -0.262238 0)
(0.508883 -0.376828 0)
(0.497568 -0.481177 0)
(0.489625 -0.566282 0)
(0.484019 -0.62731 0)
(0.479462 -0.663505 0)
(0.474625 -0.677402 0)
(0.468637 -0.673358 0)
(0.461386 -0.655836 0)
(0.453322 -0.628281 0)
(0.445025 -0.593006 0)
(0.43695 -0.551673 0)
(0.429392 -0.505686 0)
(0.422572 -0.456284 0)
(0.41669 -0.404515 0)
(0.411928 -0.351242 0)
(0.408439 -0.297163 0)
(0.406306 -0.24284 0)
(0.40566 -0.188692 0)
(0.406604 -0.135013 0)
(0.409383 -0.0820697 0)
(0.413677 -0.0302315 0)
(0.420504 0.0203388 0)
(0.426243 0.0688779 0)
(1.74654 -0.00318794 0)
(1.75124 -0.0053292 0)
(1.75612 -0.00832421 0)
(1.76112 -0.0123086 0)
(1.76608 -0.0174513 0)
(1.77076 -0.0238947 0)
(1.77489 -0.0317355 0)
(1.77814 -0.0410021 0)
(1.78016 -0.0516383 0)
(1.78062 -0.0634955 0)
(1.7792 -0.0763349 0)
(1.77563 -0.0898381 0)
(1.76972 -0.103623 0)
(1.76138 -0.117265 0)
(1.75059 -0.130319 0)
(1.73745 -0.142346 0)
(1.72212 -0.15293 0)
(1.70488 -0.161701 0)
(1.68603 -0.168347 0)
(1.66594 -0.172626 0)
(1.64504 -0.17437 0)
(1.62374 -0.173489 0)
(1.60247 -0.16997 0)
(1.58165 -0.16387 0)
(1.5617 -0.155313 0)
(1.54298 -0.144481 0)
(1.52585 -0.131607 0)
(1.51061 -0.116965 0)
(1.49754 -0.100868 0)
(1.48686 -0.0836563 0)
(1.47876 -0.0656956 0)
(1.47339 -0.0473688 0)
(1.47084 -0.0290778 0)
(1.47113 -0.0112366 0)
(1.47427 0.00575766 0)
(1.48023 0.0215034 0)
(1.48886 0.0356025 0)
(1.49999 0.0476777 0)
(1.51339 0.057386 0)
(1.52879 0.0644246 0)
(1.54584 0.0685385 0)
(1.5642 0.0695288 0)
(1.58347 0.0672582 0)
(1.60324 0.0616541 0)
(1.62311 0.0527087 0)
(1.64267 0.0404781 0)
(1.66154 0.0250822 0)
(1.67936 0.00669799 0)
(1.69582 -0.0144819 0)
(1.71068 -0.0382418 0)
(1.72365 -0.064256 0)
(1.73454 -0.0921954 0)
(1.74321 -0.121717 0)
(1.74955 -0.15247 0)
(1.75353 -0.184109 0)
(1.75515 -0.216296 0)
(1.75446 -0.248712 0)
(1.75155 -0.281059 0)
(1.74653 -0.313069 0)
(1.73954 -0.344499 0)
(1.73065 -0.375107 0)
(1.71987 -0.404613 0)
(1.70709 -0.432697 0)
(1.69224 -0.459105 0)
(1.67557 -0.483862 0)
(1.6579 -0.507549 0)
(1.64058 -0.531587 0)
(1.62477 -0.55803 0)
(1.60973 -0.588072 0)
(1.59148 -0.620982 0)
(1.56427 -0.65648 0)
(1.52261 -0.695212 0)
(1.45876 -0.728671 0)
(1.36009 -0.735906 0)
(1.22416 -0.714946 0)
(1.08807 -0.713282 0)
(1.01023 -0.778482 0)
(0.998857 -0.883833 0)
(1.01434 -0.966365 0)
(1.02452 -0.994515 0)
(1.0199 -0.970518 0)
(1.00264 -0.90833 0)
(0.977322 -0.821473 0)
(0.947788 -0.720368 0)
(0.916885 -0.612413 0)
(0.886774 -0.502168 0)
(0.859223 -0.391541 0)
(0.83569 -0.280419 0)
(0.817692 -0.167693 0)
(0.805506 -0.0523952 0)
(0.796918 0.0643456 0)
(0.79082 0.178108 0)
(0.787414 0.283337 0)
(0.784911 0.377282 0)
(0.783347 0.459533 0)
(0.783017 0.530714 0)
(0.784268 0.590948 0)
(0.787201 0.639239 0)
(0.791549 0.673957 0)
(0.796803 0.693788 0)
(0.802416 0.698471 0)
(0.807966 0.689023 0)
(0.813227 0.667506 0)
(0.818173 0.636588 0)
(0.822928 0.599076 0)
(0.827701 0.557562 0)
(0.832724 0.514212 0)
(0.838206 0.470682 0)
(0.844306 0.428135 0)
(0.851117 0.387306 0)
(0.858674 0.348589 0)
(0.866957 0.312131 0)
(0.875907 0.277904 0)
(0.885436 0.24577 0)
(0.895444 0.215527 0)
(0.905824 0.186939 0)
(0.916475 0.159764 0)
(0.927309 0.133763 0)
(0.938264 0.108709 0)
(0.949301 0.0843987 0)
(0.960396 0.0606669 0)
(0.971531 0.0374014 0)
(0.982721 0.0145282 0)
(0.994111 -0.00802983 0)
(1.00599 -0.0303636 0)
(1.01878 -0.0525574 0)
(1.03284 -0.0746074 0)
(1.04828 -0.0962727 0)
(1.06473 -0.117014 0)
(1.08141 -0.136054 0)
(1.09734 -0.152536 0)
(1.11152 -0.165682 0)
(1.12316 -0.174912 0)
(1.13168 -0.179884 0)
(1.1368 -0.180484 0)
(1.13837 -0.17679 0)
(1.1364 -0.169023 0)
(1.13094 -0.157507 0)
(1.12211 -0.142629 0)
(1.10998 -0.124814 0)
(1.09461 -0.104506 0)
(1.07603 -0.0821815 0)
(1.0542 -0.0583577 0)
(1.02897 -0.0336079 0)
(1.00003 -0.00854179 0)
(0.967027 0.0163263 0)
(0.929616 0.0405091 0)
(0.887445 0.0638092 0)
(0.840314 0.0859862 0)
(0.788665 0.105729 0)
(0.73409 0.119321 0)
(0.679476 0.120048 0)
(0.628413 0.0994929 0)
(0.583913 0.0508002 0)
(0.547254 -0.0275175 0)
(0.517803 -0.130317 0)
(0.493256 -0.247121 0)
(0.472282 -0.364932 0)
(0.454352 -0.471865 0)
(0.4395 -0.559073 0)
(0.427514 -0.621525 0)
(0.417459 -0.658219 0)
(0.407925 -0.671768 0)
(0.397755 -0.666962 0)
(0.38662 -0.648783 0)
(0.374902 -0.620955 0)
(0.363213 -0.585796 0)
(0.352063 -0.544852 0)
(0.341744 -0.499434 0)
(0.332433 -0.450744 0)
(0.324289 -0.399836 0)
(0.317495 -0.347558 0)
(0.312217 -0.294552 0)
(0.308524 -0.241344 0)
(0.306528 -0.188354 0)
(0.306278 -0.135901 0)
(0.30801 -0.0842475 0)
(0.311326 -0.0337523 0)
(0.317308 0.0154654 0)
(0.322181 0.0623898 0)
(1.74541 -0.00639214 0)
(1.7496 -0.00867251 0)
(1.75387 -0.0117406 0)
(1.75815 -0.0157014 0)
(1.76229 -0.0206847 0)
(1.76607 -0.026795 0)
(1.76927 -0.034097 0)
(1.77161 -0.0425987 0)
(1.7728 -0.0522386 0)
(1.77256 -0.06288 0)
(1.77064 -0.0743125 0)
(1.76681 -0.0862601 0)
(1.76093 -0.0983945 0)
(1.75292 -0.110352 0)
(1.74276 -0.121751 0)
(1.73054 -0.132214 0)
(1.71642 -0.141383 0)
(1.70061 -0.148936 0)
(1.68339 -0.154603 0)
(1.66508 -0.158171 0)
(1.64604 -0.15949 0)
(1.62664 -0.158481 0)
(1.60726 -0.155129 0)
(1.58827 -0.149484 0)
(1.57004 -0.141655 0)
(1.55289 -0.131805 0)
(1.53715 -0.120143 0)
(1.5231 -0.106918 0)
(1.51098 -0.092414 0)
(1.501 -0.0769435 0)
(1.49333 -0.0608399 0)
(1.4881 -0.0444539 0)
(1.48541 -0.0281511 0)
(1.48528 -0.0123072 0)
(1.4877 0.00270974 0)
(1.49266 0.016539 0)
(1.5 0.0288251 0)
(1.5096 0.039229 0)
(1.52125 0.0474446 0)
(1.53469 0.0532023 0)
(1.54963 0.0562755 0)
(1.56576 0.0564875 0)
(1.58272 0.0537156 0)
(1.60016 0.0478938 0)
(1.61771 0.0390132 0)
(1.635 0.0271231 0)
(1.6517 0.0123289 0)
(1.6675 -0.00522503 0)
(1.68213 -0.0253898 0)
(1.69531 -0.0479271 0)
(1.70683 -0.072559 0)
(1.71649 -0.0989945 0)
(1.72415 -0.126926 0)
(1.72974 -0.15604 0)
(1.7332 -0.186024 0)
(1.73454 -0.216573 0)
(1.73379 -0.247398 0)
(1.73102 -0.278225 0)
(1.72631 -0.308791 0)
(1.71972 -0.338827 0)
(1.71124 -0.368028 0)
(1.70087 -0.396066 0)
(1.68875 -0.422686 0)
(1.67538 -0.447898 0)
(1.66175 -0.472142 0)
(1.64905 -0.496287 0)
(1.63785 -0.52143 0)
(1.62672 -0.54814 0)
(1.61103 -0.575216 0)
(1.58346 -0.600293 0)
(1.53708 -0.623274 0)
(1.46681 -0.644524 0)
(1.36597 -0.653596 0)
(1.22598 -0.634184 0)
(1.05778 -0.605093 0)
(0.918038 -0.635152 0)
(0.859116 -0.752392 0)
(0.859171 -0.888459 0)
(0.869769 -0.973387 0)
(0.867701 -0.991814 0)
(0.851551 -0.958034 0)
(0.826437 -0.889489 0)
(0.79681 -0.799327 0)
(0.765471 -0.697032 0)
(0.734155 -0.589388 0)
(0.704088 -0.480653 0)
(0.676449 -0.372577 0)
(0.652542 -0.264796 0)
(0.633956 -0.155733 0)
(0.621002 -0.043938 0)
(0.611992 0.0695252 0)
(0.607211 0.180486 0)
(0.607178 0.283694 0)
(0.610076 0.376264 0)
(0.6154 0.457376 0)
(0.622864 0.527345 0)
(0.632457 0.586248 0)
(0.644147 0.63325 0)
(0.657664 0.66694 0)
(0.672489 0.686148 0)
(0.687985 0.69063 0)
(0.703543 0.681315 0)
(0.718705 0.660125 0)
(0.733204 0.629588 0)
(0.746957 0.592399 0)
(0.760022 0.551086 0)
(0.772541 0.507789 0)
(0.784688 0.464174 0)
(0.796632 0.421433 0)
(0.80851 0.380338 0)
(0.820417 0.341323 0)
(0.832406 0.304567 0)
(0.844489 0.27007 0)
(0.856652 0.237709 0)
(0.868857 0.207294 0)
(0.881056 0.178592 0)
(0.893204 0.151353 0)
(0.905265 0.125326 0)
(0.917218 0.100268 0)
(0.929049 0.0759682 0)
(0.940747 0.0522576 0)
(0.952335 0.0289969 0)
(0.963962 0.00602775 0)
(0.975991 -0.016867 0)
(0.988839 -0.0398684 0)
(1.00285 -0.0630175 0)
(1.01801 -0.0860705 0)
(1.03382 -0.108429 0)
(1.04939 -0.129234 0)
(1.06368 -0.147556 0)
(1.07579 -0.162575 0)
(1.08509 -0.173691 0)
(1.09127 -0.180544 0)
(1.09423 -0.182988 0)
(1.09402 -0.181041 0)
(1.09076 -0.174855 0)
(1.08457 -0.164682 0)
(1.07555 -0.150854 0)
(1.06383 -0.133748 0)
(1.04948 -0.113769 0)
(1.03258 -0.0913322 0)
(1.01316 -0.0668645 0)
(0.991125 -0.0408042 0)
(0.966261 -0.0136339 0)
(0.938216 0.0141622 0)
(0.906655 0.0419778 0)
(0.871216 0.0693752 0)
(0.831492 0.096102 0)
(0.787414 0.121545 0)
(0.739708 0.14367 0)
(0.690253 0.157895 0)
(0.641893 0.156948 0)
(0.597575 0.132636 0)
(0.558988 0.0791664 0)
(0.525873 -0.00376323 0)
(0.496714 -0.109863 0)
(0.468963 -0.228795 0)
(0.441985 -0.348327 0)
(0.416429 -0.457197 0)
(0.393592 -0.546631 0)
(0.374276 -0.611104 0)
(0.358049 -0.64901 0)
(0.343445 -0.662769 0)
(0.328921 -0.657535 0)
(0.313787 -0.638891 0)
(0.298255 -0.610955 0)
(0.282939 -0.576115 0)
(0.268435 -0.535798 0)
(0.255089 -0.49117 0)
(0.24307 -0.443368 0)
(0.232479 -0.39346 0)
(0.223449 -0.342317 0)
(0.216139 -0.290556 0)
(0.210667 -0.238666 0)
(0.207167 -0.187032 0)
(0.205641 -0.13595 0)
(0.206297 -0.085674 0)
(0.208624 -0.0365537 0)
(0.213789 0.0112702 0)
(0.21785 0.056504 0)
(1.74444 -0.00927168 0)
(1.74817 -0.0116181 0)
(1.75189 -0.0146857 0)
(1.75553 -0.0185549 0)
(1.75894 -0.0233248 0)
(1.76196 -0.0290714 0)
(1.76437 -0.0358357 0)
(1.76595 -0.0436107 0)
(1.76646 -0.0523324 0)
(1.76567 -0.0618748 0)
(1.76336 -0.0720519 0)
(1.75935 -0.0826234 0)
(1.75353 -0.0933057 0)
(1.74584 -0.103785 0)
(1.73627 -0.113735 0)
(1.72489 -0.122829 0)
(1.71184 -0.130757 0)
(1.69731 -0.137242 0)
(1.68155 -0.142046 0)
(1.66482 -0.144983 0)
(1.64744 -0.145923 0)
(1.62973 -0.144794 0)
(1.61203 -0.141582 0)
(1.59467 -0.136333 0)
(1.57796 -0.129143 0)
(1.56222 -0.12016 0)
(1.54771 -0.109573 0)
(1.5347 -0.0976086 0)
(1.52341 -0.0845267 0)
(1.51402 -0.0706125 0)
(1.5067 -0.0561718 0)
(1.50157 -0.0415254 0)
(1.49871 -0.0270065 0)
(1.49814 -0.0129565 0)
(1.49987 0.000286219 0)
(1.50387 0.0123953 0)
(1.51001 0.023052 0)
(1.51819 0.0319526 0)
(1.5282 0.0388233 0)
(1.53983 0.0434239 0)
(1.55282 0.0455531 0)
(1.56689 0.0450536 0)
(1.58173 0.0418164 0)
(1.59702 0.0357816 0)
(1.61243 0.0269405 0)
(1.62764 0.0153368 0)
(1.64234 0.0010591 0)
(1.65628 -0.0157865 0)
(1.66919 -0.0350466 0)
(1.68082 -0.0564975 0)
(1.69097 -0.0799007 0)
(1.69947 -0.104995 0)
(1.7062 -0.131505 0)
(1.71106 -0.15915 0)
(1.71402 -0.187647 0)
(1.71507 -0.21672 0)
(1.71421 -0.246101 0)
(1.71147 -0.275521 0)
(1.70688 -0.304703 0)
(1.70047 -0.333353 0)
(1.69235 -0.361189 0)
(1.68286 -0.388026 0)
(1.67275 -0.413918 0)
(1.66317 -0.439225 0)
(1.65519 -0.464455 0)
(1.64889 -0.489852 0)
(1.6422 -0.514908 0)
(1.63008 -0.537825 0)
(1.60486 -0.55544 0)
(1.55848 -0.56542 0)
(1.48548 -0.569314 0)
(1.38276 -0.567617 0)
(1.24516 -0.549393 0)
(1.06898 -0.507786 0)
(0.880596 -0.486658 0)
(0.751077 -0.566939 0)
(0.710995 -0.73697 0)
(0.713192 -0.892417 0)
(0.713497 -0.972345 0)
(0.699252 -0.980484 0)
(0.674112 -0.9395 0)
(0.643894 -0.867438 0)
(0.612125 -0.776073 0)
(0.58055 -0.673857 0)
(0.549926 -0.567035 0)
(0.520567 -0.459783 0)
(0.493126 -0.353907 0)
(0.468972 -0.248997 0)
(0.449714 -0.143183 0)
(0.435753 -0.0348507 0)
(0.425955 0.0746485 0)
(0.421945 0.181496 0)
(0.424523 0.281167 0)
(0.432017 0.371017 0)
(0.443542 0.449997 0)
(0.458362 0.518098 0)
(0.476118 0.575225 0)
(0.496578 0.620579 0)
(0.519371 0.652921 0)
(0.5439 0.671242 0)
(0.569397 0.675365 0)
(0.595073 0.666174 0)
(0.620247 0.645473 0)
(0.644432 0.615637 0)
(0.667352 0.579224 0)
(0.688918 0.538654 0)
(0.709176 0.496004 0)
(0.72826 0.45291 0)
(0.746335 0.410566 0)
(0.763571 0.369762 0)
(0.780114 0.330959 0)
(0.79608 0.294365 0)
(0.811549 0.260004 0)
(0.826574 0.227775 0)
(0.84118 0.1975 0)
(0.855382 0.168952 0)
(0.86919 0.141876 0)
(0.882615 0.116017 0)
(0.895661 0.0911321 0)
(0.908328 0.0670102 0)
(0.920652 0.0434547 0)
(0.932783 0.0202327 0)
(0.945086 -0.00296141 0)
(0.957994 -0.0264176 0)
(0.971741 -0.0502205 0)
(0.986187 -0.0741273 0)
(1.00068 -0.097513 0)
(1.01425 -0.119489 0)
(1.02589 -0.139119 0)
(1.03486 -0.155613 0)
(1.04079 -0.168408 0)
(1.04368 -0.177162 0)
(1.04371 -0.181693 0)
(1.04111 -0.181938 0)
(1.03609 -0.177928 0)
(1.02879 -0.169793 0)
(1.01929 -0.157763 0)
(1.00766 -0.14215 0)
(0.993979 -0.123324 0)
(0.978311 -0.101678 0)
(0.960728 -0.0776032 0)
(0.941251 -0.0514705 0)
(0.919773 -0.023617 0)
(0.896057 0.00558271 0)
(0.869799 0.0356144 0)
(0.840728 0.0659308 0)
(0.808407 0.0961381 0)
(0.772513 0.125808 0)
(0.733188 0.153846 0)
(0.691439 0.177484 0)
(0.64929 0.191455 0)
(0.609288 0.188313 0)
(0.57346 0.16053 0)
(0.542054 0.103639 0)
(0.513324 0.0184883 0)
(0.484605 -0.08824 0)
(0.453484 -0.206848 0)
(0.419916 -0.326364 0)
(0.385757 -0.436369 0)
(0.353697 -0.528129 0)
(0.325801 -0.59535 0)
(0.302408 -0.635405 0)
(0.282129 -0.650151 0)
(0.262959 -0.644945 0)
(0.243686 -0.626036 0)
(0.224195 -0.598102 0)
(0.205006 -0.563708 0)
(0.186785 -0.524215 0)
(0.170004 -0.480621 0)
(0.154922 -0.433942 0)
(0.141629 -0.385205 0)
(0.130165 -0.335287 0)
(0.120609 -0.284832 0)
(0.113096 -0.234355 0)
(0.107792 -0.184244 0)
(0.104777 -0.13478 0)
(0.104326 -0.0861369 0)
(0.105711 -0.0385535 0)
(0.110266 0.00771291 0)
(0.113656 0.0512999 0)
(1.74369 -0.0118504 0)
(1.74701 -0.0142035 0)
(1.75022 -0.0172121 0)
(1.75329 -0.0209376 0)
(1.75609 -0.0254554 0)
(1.75845 -0.0308197 0)
(1.7602 -0.037054 0)
(1.76114 -0.0441409 0)
(1.76109 -0.0520157 0)
(1.75985 -0.0605626 0)
(1.75724 -0.0696163 0)
(1.75313 -0.0789666 0)
(1.7474 -0.0883676 0)
(1.74002 -0.0975483 0)
(1.731 -0.106226 0)
(1.72039 -0.114118 0)
(1.70831 -0.120958 0)
(1.69493 -0.126503 0)
(1.68046 -0.130546 0)
(1.66514 -0.132925 0)
(1.64924 -0.133526 0)
(1.63305 -0.132284 0)
(1.61685 -0.129189 0)
(1.60093 -0.124281 0)
(1.58559 -0.117651 0)
(1.57108 -0.10943 0)
(1.55767 -0.0997917 0)
(1.54557 -0.0889452 0)
(1.53499 -0.0771273 0)
(1.52611 -0.0646 0)
(1.51907 -0.0516439 0)
(1.51398 -0.0385529 0)
(1.51092 -0.0256312 0)
(1.50992 -0.0131896 0)
(1.51097 -0.0015369 0)
(1.51405 0.00902937 0)
(1.51906 0.0182221 0)
(1.5259 0.0257702 0)
(1.53439 0.0314287 0)
(1.54434 0.0349834 0)
(1.55553 0.0362552 0)
(1.5677 0.0351048 0)
(1.58058 0.0314352 0)
(1.59388 0.0251927 0)
(1.60732 0.0163697 0)
(1.62061 0.00500447 0)
(1.63348 -0.00884028 0)
(1.64569 -0.0250729 0)
(1.657 -0.0435298 0)
(1.66718 -0.064023 0)
(1.67605 -0.0863386 0)
(1.68347 -0.110242 0)
(1.6893 -0.135486 0)
(1.69347 -0.161816 0)
(1.69592 -0.188973 0)
(1.69661 -0.216698 0)
(1.69553 -0.244729 0)
(1.69268 -0.272801 0)
(1.68815 -0.300658 0)
(1.68217 -0.328098 0)
(1.67528 -0.35505 0)
(1.66837 -0.381652 0)
(1.66257 -0.408217 0)
(1.6587 -0.434981 0)
(1.65636 -0.461594 0)
(1.65298 -0.4866 0)
(1.64336 -0.507313 0)
(1.62018 -0.520137 0)
(1.57568 -0.521624 0)
(1.50402 -0.511206 0)
(1.40272 -0.492429 0)
(1.27024 -0.465301 0)
(1.10166 -0.420055 0)
(0.898698 -0.364622 0)
(0.704556 -0.369627 0)
(0.594117 -0.511817 0)
(0.565366 -0.726692 0)
(0.560919 -0.890736 0)
(0.548912 -0.962441 0)
(0.524189 -0.962099 0)
(0.492199 -0.916827 0)
(0.458239 -0.843648 0)
(0.42489 -0.752769 0)
(0.393263 -0.651711 0)
(0.36331 -0.546145 0)
(0.334547 -0.440304 0)
(0.307324 -0.33626 0)
(0.283171 -0.233578 0)
(0.26345 -0.130305 0)
(0.248879 -0.0252743 0)
(0.23882 0.079656 0)
(0.235957 0.181265 0)
(0.241125 0.276097 0)
(0.252901 0.361981 0)
(0.27018 0.437797 0)
(0.291968 0.503237 0)
(0.317651 0.557995 0)
(0.34679 0.601236 0)
(0.378854 0.631864 0)
(0.413095 0.649025 0)
(0.448584 0.652642 0)
(0.484338 0.643578 0)
(0.519471 0.623523 0)
(0.553296 0.594693 0)
(0.585364 0.559481 0)
(0.615451 0.520168 0)
(0.643515 0.478727 0)
(0.669643 0.436739 0)
(0.693991 0.395368 0)
(0.716751 0.355405 0)
(0.73811 0.317325 0)
(0.758238 0.281357 0)
(0.777276 0.24755 0)
(0.795339 0.215823 0)
(0.812514 0.186012 0)
(0.828874 0.157896 0)
(0.844478 0.13123 0)
(0.859361 0.105765 0)
(0.873547 0.0812673 0)
(0.887088 0.0575004 0)
(0.900135 0.0341788 0)
(0.913007 0.0109352 0)
(0.926101 -0.0125991 0)
(0.939542 -0.036559 0)
(0.953015 -0.0607025 0)
(0.965739 -0.0844117 0)
(0.976685 -0.106827 0)
(0.984938 -0.127084 0)
(0.989987 -0.144494 0)
(0.991802 -0.158601 0)
(0.990717 -0.169123 0)
(0.987215 -0.175861 0)
(0.981726 -0.178648 0)
(0.974535 -0.17735 0)
(0.965771 -0.171915 0)
(0.955463 -0.162408 0)
(0.943611 -0.149034 0)
(0.930228 -0.132106 0)
(0.915362 -0.11201 0)
(0.899093 -0.0891414 0)
(0.881503 -0.0638635 0)
(0.862619 -0.0364751 0)
(0.842324 -0.00727123 0)
(0.820412 0.0234341 0)
(0.796744 0.0551709 0)
(0.771009 0.0874736 0)
(0.742839 0.119919 0)
(0.712081 0.151814 0)
(0.679146 0.181532 0)
(0.645279 0.205645 0)
(0.612465 0.218464 0)
(0.58271 0.212792 0)
(0.556914 0.182166 0)
(0.533861 0.123565 0)
(0.510344 0.0388721 0)
(0.48265 -0.0655415 0)
(0.44846 -0.181095 0)
(0.408123 -0.298522 0)
(0.364575 -0.408547 0)
(0.321964 -0.502563 0)
(0.283905 -0.573315 0)
(0.251922 -0.616699 0)
(0.225 -0.633505 0)
(0.200697 -0.628991 0)
(0.177083 -0.610109 0)
(0.153513 -0.582287 0)
(0.130314 -0.548362 0)
(0.108121 -0.509764 0)
(0.0874599 -0.467388 0)
(0.0687316 -0.422098 0)
(0.052154 -0.3748 0)
(0.0378063 -0.326331 0)
(0.0257416 -0.277341 0)
(0.0160322 -0.228366 0)
(0.00877498 -0.179836 0)
(0.00405245 -0.132084 0)
(0.00210764 -0.0853278 0)
(0.00220372 -0.0398048 0)
(0.00649858 0.00499578 0)
(0.00946538 0.0468744 0)
(1.74324 -0.0141472 0)
(1.74617 -0.0164586 0)
(1.74893 -0.019363 0)
(1.7515 -0.0229062 0)
(1.75376 -0.0271453 0)
(1.75555 -0.0321187 0)
(1.75674 -0.0378368 0)
(1.75717 -0.0442751 0)
(1.75666 -0.0513693 0)
(1.75506 -0.0590132 0)
(1.75223 -0.0670595 0)
(1.74805 -0.0753235 0)
(1.74245 -0.0835909 0)
(1.73538 -0.0916266 0)
(1.72686 -0.0991852 0)
(1.71695 -0.106022 0)
(1.70576 -0.111905 0)
(1.69341 -0.116623 0)
(1.68011 -0.119995 0)
(1.66605 -0.121879 0)
(1.65148 -0.122173 0)
(1.63663 -0.120824 0)
(1.62177 -0.117823 0)
(1.60714 -0.113209 0)
(1.593 -0.107062 0)
(1.57958 -0.0995072 0)
(1.56712 -0.0907033 0)
(1.55581 -0.0808426 0)
(1.54585 -0.0701439 0)
(1.53739 -0.058848 0)
(1.53056 -0.0472132 0)
(1.52547 -0.0355094 0)
(1.52219 -0.0240145 0)
(1.52074 -0.0130115 0)
(1.52114 -0.00278251 0)
(1.52334 0.00640054 0)
(1.52729 0.014278 0)
(1.53287 0.0206085 0)
(1.53994 0.0251725 0)
(1.54834 0.027779 0)
(1.55785 0.0282694 0)
(1.56827 0.0265207 0)
(1.57934 0.022447 0)
(1.59081 0.0160007 0)
(1.60243 0.00717599 0)
(1.61394 -0.00400101 0)
(1.62511 -0.0174874 0)
(1.63572 -0.0331784 0)
(1.64554 -0.0509322 0)
(1.65436 -0.0705824 0)
(1.66204 -0.0919364 0)
(1.66842 -0.114782 0)
(1.67339 -0.138893 0)
(1.67686 -0.164032 0)
(1.67875 -0.189956 0)
(1.67903 -0.216419 0)
(1.67773 -0.24319 0)
(1.67502 -0.270073 0)
(1.67124 -0.296958 0)
(1.66702 -0.323882 0)
(1.66324 -0.351044 0)
(1.66074 -0.378692 0)
(1.65979 -0.406809 0)
(1.65936 -0.434636 0)
(1.65648 -0.460187 0)
(1.64613 -0.48017 0)
(1.6219 -0.49057 0)
(1.57744 -0.487621 0)
(1.50794 -0.469239 0)
(1.41121 -0.437172 0)
(1.2873 -0.395721 0)
(1.13412 -0.343132 0)
(0.944713 -0.273414 0)
(0.727103 -0.214727 0)
(0.541855 -0.262319 0)
(0.451848 -0.467659 0)
(0.422971 -0.714678 0)
(0.405706 -0.880413 0)
(0.381522 -0.944215 0)
(0.348029 -0.937912 0)
(0.309974 -0.890504 0)
(0.271822 -0.81771 0)
(0.235676 -0.728355 0)
(0.202455 -0.62897 0)
(0.171455 -0.524702 0)
(0.141877 -0.419965 0)
(0.114325 -0.317298 0)
(0.0904196 -0.216524 0)
(0.0716838 -0.11581 0)
(0.0584229 -0.0147194 0)
(0.0498465 0.0844357 0)
(0.0496089 0.179664 0)
(0.0581445 0.268548 0)
(0.0744602 0.349403 0)
(0.0973985 0.421072 0)
(0.12594 0.482979 0)
(0.159382 0.534699 0)
(0.197101 0.575293 0)
(0.238364 0.603808 0)
(0.282225 0.619544 0)
(0.327564 0.622535 0)
(0.373202 0.61362 0)
(0.418069 0.594377 0)
(0.461305 0.566848 0)
(0.502316 0.533239 0)
(0.540761 0.495661 0)
(0.576519 0.45596 0)
(0.609632 0.415627 0)
(0.640246 0.375777 0)
(0.668564 0.337183 0)
(0.694805 0.300322 0)
(0.719185 0.265438 0)
(0.741898 0.232599 0)
(0.763112 0.201743 0)
(0.782973 0.172723 0)
(0.801597 0.145333 0)
(0.819069 0.119349 0)
(0.835448 0.0945364 0)
(0.850804 0.0706453 0)
(0.865288 0.0473653 0)
(0.879167 0.0243001 0)
(0.892742 0.00104996 0)
(0.90602 -0.0225588 0)
(0.918493 -0.046296 0)
(0.929262 -0.0695739 0)
(0.93729 -0.0916204 0)
(0.941796 -0.11171 0)
(0.942538 -0.129333 0)
(0.939836 -0.144207 0)
(0.934386 -0.156165 0)
(0.926967 -0.165024 0)
(0.918199 -0.170514 0)
(0.908439 -0.172311 0)
(0.897798 -0.170125 0)
(0.886244 -0.163805 0)
(0.873705 -0.153382 0)
(0.860137 -0.139074 0)
(0.845558 -0.12123 0)
(0.830044 -0.100267 0)
(0.813699 -0.0765922 0)
(0.796622 -0.0505419 0)
(0.778823 -0.0223565 0)
(0.760266 0.00772627 0)
(0.74084 0.0394016 0)
(0.720471 0.0722721 0)
(0.698883 0.105935 0)
(0.675875 0.139866 0)
(0.651542 0.173042 0)
(0.626569 0.203314 0)
(0.60234 0.226756 0)
(0.580607 0.237585 0)
(0.562619 0.229254 0)
(0.548039 0.19666 0)
(0.534299 0.138271 0)
(0.517009 0.0567493 0)
(0.4915 -0.0422587 0)
(0.455227 -0.151755 0)
(0.408623 -0.264569 0)
(0.355364 -0.372975 0)
(0.300973 -0.46877 0)
(0.25088 -0.543721 0)
(0.20835 -0.591839 0)
(0.173291 -0.612173 0)
(0.143026 -0.609348 0)
(0.114724 -0.590953 0)
(0.0869541 -0.563423 0)
(0.0596701 -0.530048 0)
(0.033371 -0.492387 0)
(0.0086964 -0.451309 0)
(-0.0138071 -0.407585 0)
(-0.0338178 -0.362033 0)
(-0.0511509 -0.315404 0)
(-0.0657166 -0.2683 0)
(-0.0774759 -0.221216 0)
(-0.0863985 -0.174566 0)
(-0.0924642 -0.128696 0)
(-0.0955906 -0.0838852 0)
(-0.0960053 -0.0401319 0)
(-0.0941151 0.00297445 0)
(-0.0916899 0.043717 0)
(1.74313 -0.0161914 0)
(1.74571 -0.0184188 0)
(1.74808 -0.0211795 0)
(1.75021 -0.0245075 0)
(1.752 -0.0284467 0)
(1.75331 -0.0330236 0)
(1.75403 -0.0382395 0)
(1.75402 -0.0440653 0)
(1.75314 -0.0504389 0)
(1.75126 -0.0572628 0)
(1.74827 -0.064405 0)
(1.74407 -0.0717026 0)
(1.73861 -0.0789676 0)
(1.73185 -0.0859949 0)
(1.72381 -0.0925705 0)
(1.71454 -0.0984812 0)
(1.70414 -0.103524 0)
(1.69273 -0.107513 0)
(1.68047 -0.110292 0)
(1.66754 -0.111734 0)
(1.65414 -0.111752 0)
(1.64048 -0.110299 0)
(1.62679 -0.107369 0)
(1.61329 -0.102999 0)
(1.6002 -0.0972679 0)
(1.58774 -0.0902898 0)
(1.5761 -0.082214 0)
(1.56548 -0.0732189 0)
(1.55603 -0.0635072 0)
(1.54791 -0.0533016 0)
(1.54124 -0.0428399 0)
(1.53611 -0.0323706 0)
(1.53258 -0.022148 0)
(1.5307 -0.0124298 0)
(1.53046 -0.00347306 0)
(1.53184 0.00447231 0)
(1.53478 0.0111708 0)
(1.53918 0.0164071 0)
(1.54493 0.0199845 0)
(1.55188 0.0217328 0)
(1.55985 0.0215119 0)
(1.56864 0.0192137 0)
(1.57804 0.0147634 0)
(1.58783 0.00811997 0)
(1.59776 -0.000724383 0)
(1.60764 -0.0117622 0)
(1.61724 -0.0249412 0)
(1.62634 -0.0401632 0)
(1.63476 -0.0573061 0)
(1.64232 -0.0762185 0)
(1.64886 -0.0967239 0)
(1.65425 -0.118626 0)
(1.65839 -0.141713 0)
(1.66119 -0.165767 0)
(1.66266 -0.190576 0)
(1.66288 -0.215959 0)
(1.66209 -0.241788 0)
(1.66069 -0.268036 0)
(1.65924 -0.294787 0)
(1.65833 -0.322213 0)
(1.65822 -0.350399 0)
(1.65833 -0.379046 0)
(1.65683 -0.407103 0)
(1.65042 -0.432449 0)
(1.63456 -0.4518 0)
(1.60419 -0.461161 0)
(1.55496 -0.4568 0)
(1.48435 -0.436161 0)
(1.39173 -0.398993 0)
(1.27789 -0.348352 0)
(1.14333 -0.287047 0)
(0.982802 -0.21067 0)
(0.786091 -0.120653 0)
(0.568063 -0.0698319 0)
(0.404211 -0.169729 0)
(0.328703 -0.428027 0)
(0.288248 -0.694724 0)
(0.254118 -0.859837 0)
(0.218114 -0.918167 0)
(0.176786 -0.908193 0)
(0.1322 -0.859807 0)
(0.0876893 -0.788003 0)
(0.0455454 -0.700451 0)
(0.00715576 -0.602834 0)
(-0.0270486 -0.500192 0)
(-0.0572206 -0.396749 0)
(-0.0837681 -0.295341 0)
(-0.105747 -0.196506 0)
(-0.122607 -0.0994804 0)
(-0.133029 -0.00455893 0)
(-0.13796 0.0876755 0)
(-0.134665 0.175907 0)
(-0.122408 0.258248 0)
(-0.101529 0.333301 0)
(-0.073088 0.399979 0)
(-0.0378082 0.457692 0)
(0.00354948 0.505558 0)
(0.0498392 0.542861 0)
(0.100197 0.568836 0)
(0.15349 0.582932 0)
(0.208403 0.585224 0)
(0.263566 0.576521 0)
(0.317761 0.558273 0)
(0.369996 0.532333 0)
(0.419558 0.500703 0)
(0.466017 0.465304 0)
(0.509186 0.427828 0)
(0.549067 0.389656 0)
(0.585791 0.351836 0)
(0.619568 0.315105 0)
(0.650641 0.279933 0)
(0.67926 0.24657 0)
(0.705665 0.215097 0)
(0.730069 0.185474 0)
(0.752655 0.157575 0)
(0.773563 0.131223 0)
(0.7929 0.106217 0)
(0.810767 0.082317 0)
(0.827316 0.0592183 0)
(0.842753 0.0365379 0)
(0.857245 0.0138909 0)
(0.87065 -0.00889279 0)
(0.882316 -0.0316084 0)
(0.891233 -0.0537182 0)
(0.896404 -0.0745809 0)
(0.897218 -0.0936679 0)
(0.893706 -0.110703 0)
(0.886522 -0.125635 0)
(0.876691 -0.138471 0)
(0.865254 -0.149091 0)
(0.852992 -0.157158 0)
(0.84032 -0.16216 0)
(0.827341 -0.163555 0)
(0.81398 -0.160924 0)
(0.80012 -0.154076 0)
(0.785691 -0.143073 0)
(0.770702 -0.128186 0)
(0.755237 -0.109814 0)
(0.739426 -0.0884019 0)
(0.723408 -0.0643519 0)
(0.707288 -0.0379683 0)
(0.691093 -0.00946487 0)
(0.674832 0.0209533 0)
(0.658543 0.0530106 0)
(0.642156 0.0863736 0)
(0.625544 0.120645 0)
(0.60873 0.155131 0)
(0.592086 0.188455 0)
(0.576522 0.218023 0)
(0.563408 0.239631 0)
(0.554065 0.247754 0)
(0.54885 0.236849 0)
(0.546238 0.203333 0)
(0.542568 0.147077 0)
(0.532632 0.0712808 0)
(0.510955 -0.0193604 0)
(0.474436 -0.119641 0)
(0.423096 -0.224814 0)
(0.360716 -0.329222 0)
(0.293801 -0.425581 0)
(0.229721 -0.504967 0)
(0.174116 -0.559279 0)
(0.128653 -0.585079 0)
(0.0910204 -0.585475 0)
(0.0574547 -0.568443 0)
(0.0252913 -0.541524 0)
(-0.00612917 -0.508668 0)
(-0.0365355 -0.47193 0)
(-0.065318 -0.432274 0)
(-0.0918581 -0.390376 0)
(-0.115692 -0.34689 0)
(-0.136525 -0.302457 0)
(-0.154189 -0.257623 0)
(-0.168618 -0.212833 0)
(-0.179794 -0.168474 0)
(-0.1877 -0.124871 0)
(-0.192263 -0.0821285 0)
(-0.194029 -0.0400412 0)
(-0.193901 0.00143982 0)
(-0.19156 0.0407952 0)
(1.74346 -0.0180228 0)
(1.74573 -0.020143 0)
(1.74775 -0.0227388 0)
(1.7495 -0.0258357 0)
(1.75088 -0.029469 0)
(1.75178 -0.0336563 0)
(1.7521 -0.0383906 0)
(1.75173 -0.0436399 0)
(1.75055 -0.049345 0)
(1.74845 -0.0554177 0)
(1.74535 -0.0617404 0)
(1.74116 -0.068169 0)
(1.73584 -0.0745384 0)
(1.72937 -0.0806686 0)
(1.72177 -0.086372 0)
(1.71308 -0.0914615 0)
(1.70338 -0.0957584 0)
(1.69279 -0.0991002 0)
(1.68145 -0.101347 0)
(1.6695 -0.10239 0)
(1.65713 -0.102151 0)
(1.64452 -0.100591 0)
(1.63187 -0.0977091 0)
(1.61937 -0.0935415 0)
(1.60723 -0.0881628 0)
(1.59562 -0.0816819 0)
(1.58472 -0.0742391 0)
(1.57471 -0.0660013 0)
(1.56572 -0.0571576 0)
(1.5579 -0.0479144 0)
(1.55134 -0.0384914 0)
(1.54615 -0.0291178 0)
(1.54237 -0.0200277 0)
(1.54005 -0.0114562 0)
(1.53918 -0.00363775 0)
(1.53976 0.00319743 0)
(1.54173 0.00883522 0)
(1.54502 0.0130835 0)
(1.54953 0.0157663 0)
(1.55512 0.0167321 0)
(1.56164 0.0158581 0)
(1.56893 0.013051 0)
(1.57679 0.00824665 0)
(1.58501 0.00140986 0)
(1.59339 -0.00747797 0)
(1.60175 -0.0184074 0)
(1.60989 -0.0313209 0)
(1.6176 -0.0461372 0)
(1.62473 -0.0627453 0)
(1.63112 -0.0810067 0)
(1.63666 -0.100761 0)
(1.64124 -0.12183 0)
(1.64484 -0.144037 0)
(1.6475 -0.167216 0)
(1.64936 -0.19124 0)
(1.65065 -0.216038 0)
(1.65168 -0.241607 0)
(1.65272 -0.267985 0)
(1.65377 -0.295182 0)
(1.65424 -0.323005 0)
(1.65264 -0.35083 0)
(1.64632 -0.377396 0)
(1.63181 -0.40072 0)
(1.60528 -0.418076 0)
(1.56323 -0.42616 0)
(1.50345 -0.42177 0)
(1.42599 -0.402622 0)
(1.33306 -0.36764 0)
(1.22734 -0.317379 0)
(1.11021 -0.254006 0)
(0.979537 -0.176478 0)
(0.824907 -0.07923 0)
(0.633622 0.0266788 0)
(0.436231 0.0596385 0)
(0.303168 -0.09251 0)
(0.231544 -0.384928 0)
(0.170061 -0.661575 0)
(0.115457 -0.828167 0)
(0.0671557 -0.885332 0)
(0.0177211 -0.873573 0)
(-0.0343751 -0.824172 0)
(-0.0862129 -0.753066 0)
(-0.134799 -0.667751 0)
(-0.17833 -0.573395 0)
(-0.216264 -0.474636 0)
(-0.248462 -0.374825 0)
(-0.275464 -0.276521 0)
(-0.296815 -0.180997 0)
(-0.312859 -0.0882785 0)
(-0.321474 0.00131623 0)
(-0.322931 0.0873959 0)
(-0.315305 0.168925 0)
(-0.298139 0.244632 0)
(-0.271909 0.313363 0)
(-0.237503 0.374318 0)
(-0.19563 0.426899 0)
(-0.147022 0.470303 0)
(-0.0925104 0.50399 0)
(-0.0333283 0.527311 0)
(0.0291345 0.539465 0)
(0.0931691 0.541007 0)
(0.157312 0.532631 0)
(0.220242 0.515581 0)
(0.280875 0.491513 0)
(0.33842 0.462211 0)
(0.392378 0.429391 0)
(0.442511 0.394576 0)
(0.488788 0.35902 0)
(0.531324 0.323689 0)
(0.570331 0.289273 0)
(0.606066 0.256222 0)
(0.638806 0.224785 0)
(0.66882 0.195057 0)
(0.696347 0.167021 0)
(0.721587 0.140581 0)
(0.744698 0.115592 0)
(0.765822 0.0918557 0)
(0.785104 0.0691053 0)
(0.802687 0.0470124 0)
(0.818594 0.0252562 0)
(0.832551 0.00369455 0)
(0.843765 -0.0174592 0)
(0.851181 -0.0377497 0)
(0.85389 -0.0566898 0)
(0.851481 -0.073982 0)
(0.844243 -0.0896148 0)
(0.833111 -0.103799 0)
(0.819356 -0.116758 0)
(0.804206 -0.128493 0)
(0.788544 -0.138655 0)
(0.772816 -0.146598 0)
(0.757122 -0.151549 0)
(0.741378 -0.152824 0)
(0.725475 -0.149975 0)
(0.709365 -0.142851 0)
(0.693095 -0.13158 0)
(0.676791 -0.116496 0)
(0.660628 -0.0980333 0)
(0.644786 -0.0766407 0)
(0.62943 -0.0526972 0)
(0.614664 -0.0264752 0)
(0.600568 0.00181816 0)
(0.587183 0.0319778 0)
(0.57465 0.0637749 0)
(0.56296 0.0969105 0)
(0.552185 0.130911 0)
(0.542597 0.16487 0)
(0.534824 0.197084 0)
(0.529888 0.224656 0)
(0.528966 0.243382 0)
(0.532758 0.248308 0)
(0.540679 0.235096 0)
(0.5502 0.201667 0)
(0.556926 0.149115 0)
(0.555271 0.0810536 0)
(0.53947 0.00153332 0)
(0.505443 -0.0864082 0)
(0.452273 -0.180475 0)
(0.382907 -0.277589 0)
(0.303961 -0.372171 0)
(0.224413 -0.455335 0)
(0.152771 -0.516986 0)
(0.0936441 -0.550533 0)
(0.046219 -0.556424 0)
(0.00604616 -0.542072 0)
(-0.0310726 -0.516281 0)
(-0.0667147 -0.484257 0)
(-0.101166 -0.448543 0)
(-0.133988 -0.410329 0)
(-0.164543 -0.370292 0)
(-0.192269 -0.328992 0)
(-0.216761 -0.286956 0)
(-0.237766 -0.244642 0)
(-0.255176 -0.20243 0)
(-0.268973 -0.160651 0)
(-0.27914 -0.119538 0)
(-0.285607 -0.0790362 0)
(-0.288932 -0.0389576 0)
(-0.289901 0.000438415 0)
(-0.287639 0.0375642 0)
(1.74431 -0.0195475 0)
(1.7463 -0.0215206 0)
(1.74802 -0.0239147 0)
(1.74943 -0.0267517 0)
(1.75046 -0.0300662 0)
(1.75101 -0.0338711 0)
(1.751 -0.0381519 0)
(1.75032 -0.0428723 0)
(1.7489 -0.0479745 0)
(1.74662 -0.0533768 0)
(1.74342 -0.0589726 0)
(1.73925 -0.0646338 0)
(1.73406 -0.0702141 0)
(1.72784 -0.0755549 0)
(1.72062 -0.080491 0)
(1.71244 -0.0848575 0)
(1.70337 -0.0884971 0)
(1.69353 -0.0912666 0)
(1.68303 -0.0930437 0)
(1.67201 -0.0937315 0)
(1.66064 -0.0932638 0)
(1.64908 -0.0916069 0)
(1.63749 -0.0887624 0)
(1.62604 -0.0847669 0)
(1.61489 -0.0796913 0)
(1.60419 -0.0736389 0)
(1.59409 -0.0667423 0)
(1.58473 -0.0591592 0)
(1.57623 -0.0510675 0)
(1.56871 -0.0426605 0)
(1.56226 -0.0341428 0)
(1.55696 -0.0257278 0)
(1.55289 -0.0176317 0)
(1.55007 -0.0100689 0)
(1.54853 -0.00325486 0)
(1.54826 0.00259576 0)
(1.54923 0.00728804 0)
(1.55139 0.0106503 0)
(1.55465 0.0125249 0)
(1.5589 0.0127774 0)
(1.56402 0.0113014 0)
(1.56985 0.00801982 0)
(1.57623 0.00288133 0)
(1.58298 -0.00415291 0)
(1.58993 -0.0131045 0)
(1.59689 -0.023954 0)
(1.6037 -0.0366565 0)
(1.6102 -0.0511417 0)
(1.61628 -0.0673131 0)
(1.62183 -0.0850534 0)
(1.62682 -0.104232 0)
(1.63124 -0.124718 0)
(1.63515 -0.146392 0)
(1.63863 -0.169157 0)
(1.64176 -0.192942 0)
(1.6445 -0.217679 0)
(1.64657 -0.243252 0)
(1.64723 -0.269408 0)
(1.64505 -0.295625 0)
(1.63779 -0.320975 0)
(1.6224 -0.344081 0)
(1.59552 -0.363228 0)
(1.55419 -0.376493 0)
(1.49642 -0.381741 0)
(1.42184 -0.376837 0)
(1.33261 -0.360318 0)
(1.23371 -0.331572 0)
(1.13085 -0.29006 0)
(1.02731 -0.234945 0)
(0.922331 -0.164671 0)
(0.807509 -0.0739664 0)
(0.66709 0.0428016 0)
(0.498517 0.156795 0)
(0.344448 0.163403 0)
(0.248909 -0.0273895 0)
(0.170681 -0.331979 0)
(0.081284 -0.611612 0)
(-0.000264566 -0.784329 0)
(-0.0660894 -0.84388 0)
(-0.125497 -0.83173 0)
(-0.185457 -0.78205 0)
(-0.245488 -0.712517 0)
(-0.302493 -0.63061 0)
(-0.353944 -0.540779 0)
(-0.398517 -0.446796 0)
(-0.435623 -0.351794 0)
(-0.465386 -0.258133 0)
(-0.487157 -0.167201 0)
(-0.501678 -0.0797283 0)
(-0.507385 0.00381731 0)
(-0.504549 0.0832148 0)
(-0.491891 0.15772 0)
(-0.46921 0.226494 0)
(-0.436939 0.288684 0)
(-0.395774 0.343654 0)
(-0.34643 0.390734 0)
(-0.289865 0.429179 0)
(-0.227219 0.458577 0)
(-0.159642 0.478708 0)
(-0.0886586 0.489323 0)
(-0.0161218 0.490413 0)
(0.0562574 0.482443 0)
(0.127122 0.466816 0)
(0.195368 0.444889 0)
(0.260154 0.418229 0)
(0.320937 0.388339 0)
(0.377438 0.356564 0)
(0.429598 0.32402 0)
(0.477515 0.291581 0)
(0.521395 0.259879 0)
(0.5615 0.229336 0)
(0.598119 0.200198 0)
(0.631527 0.172576 0)
(0.661972 0.146478 0)
(0.689662 0.12184 0)
(0.714772 0.0985305 0)
(0.737443 0.0763513 0)
(0.757747 0.055062 0)
(0.775577 0.0344508 0)
(0.790503 0.0144571 0)
(0.801665 -0.00469492 0)
(0.808081 -0.0226466 0)
(0.808979 -0.0390787 0)
(0.804183 -0.0539286 0)
(0.794215 -0.0674445 0)
(0.780199 -0.0800926 0)
(0.763538 -0.0923215 0)
(0.745519 -0.104292 0)
(0.727032 -0.11572 0)
(0.708504 -0.12591 0)
(0.69002 -0.133942 0)
(0.671519 -0.138915 0)
(0.652949 -0.140133 0)
(0.634348 -0.137208 0)
(0.61586 -0.130066 0)
(0.597705 -0.1189 0)
(0.580141 -0.104072 0)
(0.563419 -0.0860166 0)
(0.547759 -0.0651587 0)
(0.533333 -0.0418517 0)
(0.520272 -0.016359 0)
(0.508704 0.0111143 0)
(0.498738 0.0403795 0)
(0.490554 0.0712161 0)
(0.484288 0.1033 0)
(0.480215 0.136028 0)
(0.478835 0.168273 0)
(0.480929 0.198088 0)
(0.487464 0.222477 0)
(0.499225 0.237515 0)
(0.516189 0.239052 0)
(0.536895 0.22401 0)
(0.558099 0.191681 0)
(0.575061 0.144132 0)
(0.582229 0.0852104 0)
(0.574063 0.0185281 0)
(0.545753 -0.0545453 0)
(0.495005 -0.13401 0)
(0.422919 -0.219695 0)
(0.334805 -0.308669 0)
(0.240008 -0.393362 0)
(0.149655 -0.462545 0)
(0.0725153 -0.506119 0)
(0.0112294 -0.520311 0)
(-0.0382389 -0.510765 0)
(-0.081559 -0.487489 0)
(-0.121763 -0.456782 0)
(-0.160201 -0.4222 0)
(-0.19691 -0.38544 0)
(-0.23136 -0.347306 0)
(-0.262928 -0.3083 0)
(-0.291099 -0.268834 0)
(-0.315529 -0.229261 0)
(-0.336066 -0.189865 0)
(-0.352665 -0.150884 0)
(-0.365228 -0.112482 0)
(-0.373536 -0.0745911 0)
(-0.378025 -0.0370911 0)
(-0.379621 -0.000348432 0)
(-0.377467 0.0341255 0)
(1.74584 -0.0212042 0)
(1.74757 -0.0230318 0)
(1.74901 -0.0252146 0)
(1.75012 -0.0277721 0)
(1.75082 -0.0307416 0)
(1.75104 -0.0341366 0)
(1.75072 -0.0379435 0)
(1.74977 -0.042129 0)
(1.74812 -0.0466397 0)
(1.74569 -0.0513995 0)
(1.74243 -0.0563114 0)
(1.7383 -0.0612604 0)
(1.73327 -0.0661173 0)
(1.72737 -0.0707423 0)
(1.72061 -0.0749903 0)
(1.71305 -0.0787164 0)
(1.70479 -0.0817818 0)
(1.6959 -0.0840599 0)
(1.68651 -0.0854411 0)
(1.67674 -0.0858381 0)
(1.6667 -0.0851896 0)
(1.65653 -0.0834637 0)
(1.64634 -0.0806604 0)
(1.63624 -0.0768129 0)
(1.62636 -0.0719874 0)
(1.6168 -0.0662826 0)
(1.60766 -0.0598258 0)
(1.59905 -0.0527701 0)
(1.59108 -0.0452874 0)
(1.58384 -0.0375633 0)
(1.57744 -0.0297929 0)
(1.57195 -0.02218 0)
(1.56744 -0.0149289 0)
(1.56397 -0.00823971 0)
(1.56158 -0.00231158 0)
(1.5603 0.00265885 0)
(1.56011 0.00649784 0)
(1.56099 0.00905284 0)
(1.56287 0.0101834 0)
(1.56567 0.00977033 0)
(1.5693 0.00772401 0)
(1.57363 0.00398414 0)
(1.57852 -0.00149332 0)
(1.58383 -0.00875023 0)
(1.58942 -0.0177986 0)
(1.59513 -0.0286272 0)
(1.60084 -0.0412068 0)
(1.60645 -0.0554877 0)
(1.61188 -0.0714012 0)
(1.61708 -0.0888627 0)
(1.62199 -0.107775 0)
(1.62656 -0.128031 0)
(1.63062 -0.149505 0)
(1.63386 -0.172043 0)
(1.63574 -0.195426 0)
(1.63535 -0.219328 0)
(1.6313 -0.243237 0)
(1.62165 -0.266378 0)
(1.60393 -0.287657 0)
(1.5753 -0.305707 0)
(1.53301 -0.319101 0)
(1.47507 -0.326621 0)
(1.40072 -0.327299 0)
(1.31084 -0.320313 0)
(1.20872 -0.305373 0)
(1.10102 -0.283112 0)
(0.996332 -0.253814 0)
(0.900724 -0.215301 0)
(0.814462 -0.162679 0)
(0.732048 -0.0887397 0)
(0.640395 0.0147523 0)
(0.525503 0.147079 0)
(0.398637 0.256606 0)
(0.303674 0.234692 0)
(0.245465 0.0307691 0)
(0.158668 -0.263885 0)
(0.0344917 -0.54056 0)
(-0.0843084 -0.720301 0)
(-0.176185 -0.790615 0)
(-0.249824 -0.783277 0)
(-0.318174 -0.734435 0)
(-0.385877 -0.66603 0)
(-0.451202 -0.587277 0)
(-0.510968 -0.50231 0)
(-0.562987 -0.414153 0)
(-0.606074 -0.32543 0)
(-0.639866 -0.238187 0)
(-0.663533 -0.153684 0)
(-0.677655 -0.0728932 0)
(-0.68115 0.003534 0)
(-0.674394 0.075468 0)
(-0.656814 0.142382 0)
(-0.628519 0.203716 0)
(-0.590021 0.258891 0)
(-0.542025 0.307372 0)
(-0.485426 0.348608 0)
(-0.421338 0.382086 0)
(-0.351038 0.407419 0)
(-0.275954 0.424347 0)
(-0.197651 0.432878 0)
(-0.117685 0.433548 0)
(-0.0379254 0.426679 0)
(0.0398678 0.41264 0)
(0.114751 0.393091 0)
(0.185881 0.369339 0)
(0.25267 0.342672 0)
(0.314808 0.314252 0)
(0.372208 0.285054 0)
(0.424946 0.25585 0)
(0.473209 0.22721 0)
(0.517252 0.199523 0)
(0.55735 0.173033 0)
(0.593772 0.147863 0)
(0.626756 0.124049 0)
(0.656489 0.101548 0)
(0.683086 0.0802641 0)
(0.706531 0.0600746 0)
(0.726599 0.0408998 0)
(0.742774 0.0227871 0)
(0.754269 0.00595111 0)
(0.760218 -0.0093132 0)
(0.760131 -0.022878 0)
(0.754088 -0.0348844 0)
(0.742809 -0.0457975 0)
(0.727501 -0.056285 0)
(0.70954 -0.0669819 0)
(0.690117 -0.078215 0)
(0.670001 -0.089825 0)
(0.649519 -0.101175 0)
(0.628715 -0.111326 0)
(0.607554 -0.119267 0)
(0.586073 -0.124127 0)
(0.564441 -0.125295 0)
(0.54295 -0.12247 0)
(0.521973 -0.11564 0)
(0.501905 -0.105018 0)
(0.483123 -0.0909555 0)
(0.465945 -0.0738557 0)
(0.450617 -0.0540895 0)
(0.437315 -0.0319887 0)
(0.426233 -0.00786017 0)
(0.417547 0.0181182 0)
(0.411451 0.0457783 0)
(0.408184 0.0748564 0)
(0.408042 0.104951 0)
(0.411473 0.135315 0)
(0.419101 0.164651 0)
(0.431698 0.190904 0)
(0.44997 0.211194 0)
(0.474161 0.222088 0)
(0.503517 0.220364 0)
(0.535855 0.204129 0)
(0.567519 0.173775 0)
(0.593821 0.132038 0)
(0.609695 0.0828964 0)
(0.610219 0.0296495 0)
(0.590592 -0.0271497 0)
(0.547232 -0.0892464 0)
(0.478812 -0.159138 0)
(0.387786 -0.237183 0)
(0.281624 -0.318719 0)
(0.172275 -0.393334 0)
(0.0726705 -0.448308 0)
(-0.00838994 -0.474051 0)
(-0.0720751 -0.472792 0)
(-0.124641 -0.454239 0)
(-0.170802 -0.425989 0)
(-0.213555 -0.392948 0)
(-0.254007 -0.357717 0)
(-0.292102 -0.321494 0)
(-0.327307 -0.284835 0)
(-0.359029 -0.248069 0)
(-0.386809 -0.211429 0)
(-0.410404 -0.175086 0)
(-0.429681 -0.139192 0)
(-0.444396 -0.103893 0)
(-0.454155 -0.0691462 0)
(-0.459389 -0.0347835 0)
(-0.461419 -0.00103334 0)
(-0.459577 0.0307778 0)
(1.74801 -0.0219255 0)
(1.74954 -0.0236048 0)
(1.75076 -0.025605 0)
(1.75164 -0.027953 0)
(1.7521 -0.0306681 0)
(1.7521 -0.0337407 0)
(1.7516 -0.0371524 0)
(1.75054 -0.0408792 0)
(1.74886 -0.0448797 0)
(1.74653 -0.0490896 0)
(1.74352 -0.0534249 0)
(1.73981 -0.057786 0)
(1.73541 -0.0620603 0)
(1.73033 -0.066125 0)
(1.72461 -0.0698511 0)
(1.71831 -0.0731077 0)
(1.71147 -0.0757674 0)
(1.70417 -0.0777106 0)
(1.69646 -0.0788316 0)
(1.68842 -0.0790427 0)
(1.68011 -0.0782803 0)
(1.67158 -0.0765086 0)
(1.66291 -0.073724 0)
(1.65416 -0.0699569 0)
(1.6454 -0.0652733 0)
(1.63673 -0.0597728 0)
(1.62824 -0.0535862 0)
(1.62003 -0.0468697 0)
(1.61222 -0.0397968 0)
(1.60493 -0.0325505 0)
(1.59826 -0.0253212 0)
(1.5923 -0.0183039 0)
(1.58713 -0.0116953 0)
(1.58282 -0.00569348 0)
(1.57946 -0.00049494 0)
(1.57706 0.00372408 0)
(1.57564 0.00681548 0)
(1.57516 0.00864436 0)
(1.5756 0.00908492 0)
(1.5769 0.00803624 0)
(1.57897 0.00542704 0)
(1.58173 0.00120754 0)
(1.58509 -0.00466527 0)
(1.58892 -0.0122227 0)
(1.59309 -0.0214746 0)
(1.59746 -0.0324213 0)
(1.60188 -0.0450457 0)
(1.6062 -0.0593097 0)
(1.61025 -0.0751484 0)
(1.61379 -0.0924603 0)
(1.61645 -0.111097 0)
(1.61772 -0.130851 0)
(1.61689 -0.151438 0)
(1.61297 -0.172483 0)
(1.60465 -0.193486 0)
(1.59032 -0.213786 0)
(1.56804 -0.23253 0)
(1.53569 -0.248655 0)
(1.49118 -0.260956 0)
(1.43276 -0.268277 0)
(1.3595 -0.269828 0)
(1.27162 -0.265371 0)
(1.17064 -0.255125 0)
(1.0599 -0.239934 0)
(0.94606 -0.221907 0)
(0.839267 -0.203458 0)
(0.7483 -0.183528 0)
(0.674699 -0.15522 0)
(0.613453 -0.107996 0)
(0.555405 -0.0306063 0)
(0.488825 0.0843049 0)
(0.4091 0.221775 0)
(0.338449 0.316137 0)
(0.3073 0.274657 0)
(0.287748 0.0836402 0)
(0.205414 -0.178308 0)
(0.0504384 -0.438547 0)
(-0.117681 -0.629596 0)
(-0.250976 -0.720061 0)
(-0.349535 -0.725541 0)
(-0.430106 -0.681038 0)
(-0.50508 -0.614049 0)
(-0.577485 -0.538007 0)
(-0.644985 -0.457994 0)
(-0.704533 -0.376391 0)
(-0.753995 -0.295083 0)
(-0.792371 -0.215683 0)
(-0.81865 -0.139261 0)
(-0.833212 -0.0667416 0)
(-0.835361 0.00125563 0)
(-0.825563 0.0647296 0)
(-0.803801 0.123319 0)
(-0.770485 0.176654 0)
(-0.72631 0.224346 0)
(-0.672147 0.265993 0)
(-0.609071 0.301182 0)
(-0.538347 0.329538 0)
(-0.46141 0.350788 0)
(-0.379848 0.364815 0)
(-0.295331 0.371656 0)
(-0.209594 0.371651 0)
(-0.124014 0.365558 0)
(-0.0402413 0.353865 0)
(0.0400933 0.336873 0)
(0.116514 0.31623 0)
(0.188361 0.293012 0)
(0.255282 0.268195 0)
(0.317152 0.242611 0)
(0.374013 0.21693 0)
(0.426016 0.191654 0)
(0.473383 0.167142 0)
(0.516351 0.14363 0)
(0.555137 0.121259 0)
(0.589899 0.100098 0)
(0.620693 0.0801712 0)
(0.647421 0.0614979 0)
(0.669779 0.0441353 0)
(0.687265 0.0282189 0)
(0.699254 0.0139523 0)
(0.70522 0.00152608 0)
(0.705047 -0.00907718 0)
(0.699112 -0.0181668 0)
(0.688282 -0.0263352 0)
(0.673718 -0.0343488 0)
(0.656596 -0.0429381 0)
(0.637831 -0.0525509 0)
(0.617924 -0.0631828 0)
(0.597017 -0.0743584 0)
(0.575067 -0.0852592 0)
(0.55205 -0.0949197 0)
(0.528089 -0.102415 0)
(0.503491 -0.106997 0)
(0.478712 -0.108161 0)
(0.454299 -0.105666 0)
(0.430839 -0.0995187 0)
(0.408885 -0.089917 0)
(0.388912 -0.0771627 0)
(0.371321 -0.0616072 0)
(0.356405 -0.0436054 0)
(0.344313 -0.0234149 0)
(0.335389 -0.0012338 0)
(0.329891 0.0225677 0)
(0.328063 0.0478155 0)
(0.330218 0.0742299 0)
(0.336784 0.101318 0)
(0.348285 0.128226 0)
(0.365325 0.153582 0)
(0.388473 0.175384 0)
(0.418016 0.191046 0)
(0.453581 0.197766 0)
(0.493734 0.193244 0)
(0.535776 0.176588 0)
(0.575927 0.148953 0)
(0.609875 0.113412 0)
(0.633377 0.0739108 0)
(0.642509 0.0335721 0)
(0.633256 -0.00718541 0)
(0.601557 -0.050859 0)
(0.544031 -0.101681 0)
(0.459519 -0.163056 0)
(0.35127 -0.234285 0)
(0.228569 -0.308233 0)
(0.105587 -0.372453 0)
(-0.00187316 -0.412711 0)
(-0.0872839 -0.424193 0)
(-0.155399 -0.414202 0)
(-0.211577 -0.390919 0)
(-0.260596 -0.360651 0)
(-0.305338 -0.327361 0)
(-0.346935 -0.293102 0)
(-0.385417 -0.258785 0)
(-0.420323 -0.224781 0)
(-0.451112 -0.191241 0)
(-0.477415 -0.158224 0)
(-0.499002 -0.125794 0)
(-0.51551 -0.0940564 0)
(-0.526427 -0.0629584 0)
(-0.532216 -0.032171 0)
(-0.534658 -0.0015432 0)
(-0.533394 0.0278216 0)
(1.7522 -0.023914 0)
(1.7538 -0.0252419 0)
(1.75514 -0.0268149 0)
(1.75617 -0.0287734 0)
(1.75687 -0.0311484 0)
(1.75721 -0.0338897 0)
(1.75716 -0.0369491 0)
(1.75666 -0.040293 0)
(1.75568 -0.0438808 0)
(1.75418 -0.0476544 0)
(1.75214 -0.0515397 0)
(1.74951 -0.0554486 0)
(1.74629 -0.0592793 0)
(1.74244 -0.0629179 0)
(1.73796 -0.0662415 0)
(1.73283 -0.0691227 0)
(1.72703 -0.0714346 0)
(1.72058 -0.0730568 0)
(1.71347 -0.0738818 0)
(1.70572 -0.0738218 0)
(1.69739 -0.0728145 0)
(1.68852 -0.0708289 0)
(1.67921 -0.0678691 0)
(1.66956 -0.0639761 0)
(1.65972 -0.0592278 0)
(1.64983 -0.0537362 0)
(1.64006 -0.047643 0)
(1.63059 -0.041113 0)
(1.6216 -0.0343233 0)
(1.61323 -0.0274521 0)
(1.60563 -0.0206768 0)
(1.59887 -0.014178 0)
(1.59303 -0.00814297 0)
(1.58814 -0.00275746 0)
(1.58421 0.00179818 0)
(1.58122 0.00536851 0)
(1.57912 0.00782209 0)
(1.57788 0.00903346 0)
(1.57741 0.00888921 0)
(1.57764 0.00729988 0)
(1.57848 0.00419918 0)
(1.57981 -0.000453951 0)
(1.58148 -0.0066788 0)
(1.58329 -0.014479 0)
(1.58503 -0.0238554 0)
(1.58643 -0.034801 0)
(1.58721 -0.0472784 0)
(1.58698 -0.0612072 0)
(1.58527 -0.0764506 0)
(1.58149 -0.0928036 0)
(1.57493 -0.109983 0)
(1.56469 -0.127621 0)
(1.5497 -0.145255 0)
(1.52871 -0.162315 0)
(1.50026 -0.178116 0)
(1.46281 -0.191855 0)
(1.41488 -0.202642 0)
(1.35528 -0.209551 0)
(1.28339 -0.21174 0)
(1.19942 -0.208676 0)
(1.10448 -0.200359 0)
(1.00044 -0.18736 0)
(0.890125 -0.171051 0)
(0.778672 -0.154575 0)
(0.675321 -0.142769 0)
(0.590188 -0.137696 0)
(0.525981 -0.132847 0)
(0.477151 -0.114972 0)
(0.436478 -0.0703526 0)
(0.397397 0.0112652 0)
(0.35509 0.130301 0)
(0.318852 0.259044 0)
(0.311215 0.330999 0)
(0.340129 0.281302 0)
(0.36158 0.122738 0)
(0.305161 -0.0851496 0)
(0.144828 -0.304177 0)
(-0.0728725 -0.498792 0)
(-0.266788 -0.617161 0)
(-0.411048 -0.64935 0)
(-0.516939 -0.61947 0)
(-0.603179 -0.557842 0)
(-0.681527 -0.484504 0)
(-0.754583 -0.40865 0)
(-0.820252 -0.333565 0)
(-0.875585 -0.260483 0)
(-0.918609 -0.19021 0)
(-0.947912 -0.123323 0)
(-0.963569 -0.0604922 0)
(-0.965199 -0.00216881 0)
(-0.953343 0.0518334 0)
(-0.928416 0.101322 0)
(-0.8911 0.146076 0)
(-0.842308 0.185843 0)
(-0.783124 0.220354 0)
(-0.714811 0.249335 0)
(-0.638791 0.272547 0)
(-0.556634 0.289816 0)
(-0.470021 0.301072 0)
(-0.380691 0.306402 0)
(-0.290327 0.306123 0)
(-0.200565 0.300703 0)
(-0.112609 0.290879 0)
(-0.0277658 0.277092 0)
(0.0526722 0.259689 0)
(0.128503 0.240062 0)
(0.19923 0.219031 0)
(0.26466 0.197279 0)
(0.324761 0.175371 0)
(0.379604 0.153745 0)
(0.429314 0.13273 0)
(0.474006 0.112569 0)
(0.513746 0.0934478 0)
(0.548501 0.0755217 0)
(0.578119 0.0589436 0)
(0.602339 0.0438823 0)
(0.620843 0.0305202 0)
(0.633375 0.0190118 0)
(0.639885 0.0094112 0)
(0.640659 0.00158319 0)
(0.636407 -0.00487954 0)
(0.628037 -0.0105697 0)
(0.616525 -0.0162088 0)
(0.602687 -0.0224862 0)
(0.587017 -0.0298751 0)
(0.56964 -0.0385101 0)
(0.550435 -0.0481496 0)
(0.529227 -0.0582344 0)
(0.505969 -0.0680062 0)
(0.480841 -0.0766406 0)
(0.454248 -0.0833672 0)
(0.426781 -0.0875621 0)
(0.399142 -0.0887948 0)
(0.372085 -0.0868537 0)
(0.346364 -0.08174 0)
(0.322656 -0.073618 0)
(0.301543 -0.0627017 0)
(0.283509 -0.0492576 0)
(0.26898 -0.0335953 0)
(0.258294 -0.0159534 0)
(0.251764 0.00344999 0)
(0.249603 0.0242191 0)
(0.252271 0.0461565 0)
(0.260142 0.0689438 0)
(0.273664 0.0920272 0)
(0.293313 0.114519 0)
(0.319517 0.13509 0)
(0.352498 0.151929 0)
(0.392032 0.162879 0)
(0.437137 0.165815 0)
(0.485831 0.15927 0)
(0.535123 0.143103 0)
(0.581328 0.118881 0)
(0.620657 0.0896539 0)
(0.649764 0.0590846 0)
(0.665899 0.0301319 0)
(0.666482 0.00359448 0)
(0.648115 -0.0229437 0)
(0.606847 -0.0540735 0)
(0.538824 -0.0949296 0)
(0.442303 -0.148408 0)
(0.320532 -0.212042 0)
(0.183681 -0.277064 0)
(0.0482268 -0.330091 0)
(-0.0672835 -0.357544 0)
(-0.160525 -0.361332 0)
(-0.235307 -0.347716 0)
(-0.296633 -0.323496 0)
(-0.349029 -0.293941 0)
(-0.395473 -0.262398 0)
(-0.437397 -0.230651 0)
(-0.475126 -0.199501 0)
(-0.508408 -0.16921 0)
(-0.536904 -0.139782 0)
(-0.560368 -0.111158 0)
(-0.578408 -0.0833439 0)
(-0.590397 -0.0562386 0)
(-0.596657 -0.0292823 0)
(-0.599341 -0.00177406 0)
(-0.598683 0.0254797 0)
(1.76629 -0.024513 0)
(1.76867 -0.0260169 0)
(1.77059 -0.0274606 0)
(1.77204 -0.0291369 0)
(1.77306 -0.0311835 0)
(1.77366 -0.0336012 0)
(1.77372 -0.0363552 0)
(1.77315 -0.0394017 0)
(1.77183 -0.0426827 0)
(1.76968 -0.0461262 0)
(1.7666 -0.0496486 0)
(1.7625 -0.0531543 0)
(1.75728 -0.0565365 0)
(1.75088 -0.0596793 0)
(1.74325 -0.0624616 0)
(1.73435 -0.0647616 0)
(1.72418 -0.0664626 0)
(1.71279 -0.0674592 0)
(1.70026 -0.0676637 0)
(1.6867 -0.0670118 0)
(1.67228 -0.0654678 0)
(1.65721 -0.063028 0)
(1.64173 -0.0597224 0)
(1.62612 -0.0556144 0)
(1.61065 -0.0507988 0)
(1.59562 -0.0453969 0)
(1.58131 -0.0395524 0)
(1.56797 -0.033424 0)
(1.55583 -0.0271715 0)
(1.54507 -0.0209419 0)
(1.5358 -0.0148815 0)
(1.52808 -0.00913805 0)
(1.52188 -0.00387905 0)
(1.51707 0.000732101 0)
(1.51353 0.00455042 0)
(1.51113 0.00744295 0)
(1.5097 0.00928324 0)
(1.50904 0.00995317 0)
(1.50896 0.00935181 0)
(1.50924 0.00740568 0)
(1.50968 0.00407112 0)
(1.50998 -0.000675443 0)
(1.50981 -0.00684479 0)
(1.50878 -0.01441 0)
(1.50646 -0.0233205 0)
(1.50241 -0.033507 0)
(1.49615 -0.044869 0)
(1.48714 -0.0572596 0)
(1.47481 -0.0704733 0)
(1.45851 -0.0842319 0)
(1.43749 -0.0981702 0)
(1.41088 -0.111822 0)
(1.37766 -0.124615 0)
(1.33673 -0.135882 0)
(1.28702 -0.144909 0)
(1.2277 -0.151003 0)
(1.15842 -0.153573 0)
(1.07955 -0.152184 0)
(0.992326 -0.146612 0)
(0.898778 -0.13692 0)
(0.801349 -0.123528 0)
(0.70252 -0.107482 0)
(0.60545 -0.0916515 0)
(0.516196 -0.0820172 0)
(0.442854 -0.084233 0)
(0.387875 -0.0950385 0)
(0.345088 -0.100837 0)
(0.30866 -0.0865203 0)
(0.277343 -0.0414105 0)
(0.252229 0.0398311 0)
(0.238694 0.149069 0)
(0.251123 0.254258 0)
(0.302753 0.300145 0)
(0.381782 0.250774 0)
(0.441327 0.131951 0)
(0.427826 -0.00846176 0)
(0.305205 -0.15916 0)
(0.0775282 -0.325639 0)
(-0.181751 -0.464066 0)
(-0.397222 -0.533463 0)
(-0.55683 -0.534785 0)
(-0.673281 -0.491734 0)
(-0.764746 -0.42737 0)
(-0.843063 -0.356942 0)
(-0.912183 -0.287928 0)
(-0.971118 -0.22289 0)
(-1.01761 -0.162308 0)
(-1.04965 -0.106033 0)
(-1.06669 -0.0540991 0)
(-1.06848 -0.00655451 0)
(-1.05552 0.0370723 0)
(-1.02856 0.0767841 0)
(-0.988503 0.112463 0)
(-0.936469 0.143983 0)
(-0.873736 0.171196 0)
(-0.80173 0.193938 0)
(-0.722005 0.212064 0)
(-0.636218 0.225477 0)
(-0.546105 0.234153 0)
(-0.453433 0.238168 0)
(-0.359912 0.237747 0)
(-0.267097 0.233289 0)
(-0.17638 0.225297 0)
(-0.0887711 0.214327 0)
(-0.0053485 0.200577 0)
(0.07308 0.184621 0)
(0.146349 0.16749 0)
(0.213998 0.149754 0)
(0.275833 0.131881 0)
(0.331745 0.114263 0)
(0.381671 0.0972292 0)
(0.425554 0.0810642 0)
(0.463322 0.0660259 0)
(0.494901 0.0523459 0)
(0.520259 0.0402188 0)
(0.539471 0.0297814 0)
(0.552783 0.0210809 0)
(0.560664 0.0140479 0)
(0.563789 0.00847133 0)
(0.562974 0.00399366 0)
(0.559046 0.000143457 0)
(0.552676 -0.00359099 0)
(0.544254 -0.00771232 0)
(0.533858 -0.0126385 0)
(0.52128 -0.0185961 0)
(0.50615 -0.0255823 0)
(0.488127 -0.033373 0)
(0.467055 -0.0415474 0)
(0.443052 -0.0495418 0)
(0.416527 -0.0567195 0)
(0.388129 -0.0624566 0)
(0.358657 -0.0662118 0)
(0.329002 -0.0675888 0)
(0.300071 -0.0663912 0)
(0.272714 -0.062618 0)
(0.247679 -0.056323 0)
(0.225738 -0.0476426 0)
(0.207505 -0.0368057 0)
(0.193495 -0.0240546 0)
(0.184187 -0.00966902 0)
(0.180005 0.00604339 0)
(0.181256 0.0228949 0)
(0.18841 0.0406276 0)
(0.201859 0.0588816 0)
(0.221999 0.0771052 0)
(0.249156 0.0944644 0)
(0.283478 0.109781 0)
(0.324774 0.121549 0)
(0.372303 0.128101 0)
(0.424557 0.12796 0)
(0.479164 0.120336 0)
(0.532999 0.105595 0)
(0.582565 0.085451 0)
(0.624549 0.0627038 0)
(0.656336 0.0405116 0)
(0.676232 0.021395 0)
(0.683163 0.00620697 0)
(0.675758 -0.00666466 0)
(0.651392 -0.0210415 0)
(0.605881 -0.0419196 0)
(0.534324 -0.0738855 0)
(0.433431 -0.118409 0)
(0.30494 -0.171901 0)
(0.158583 -0.225478 0)
(0.0131857 -0.266255 0)
(-0.113488 -0.286038 0)
(-0.218381 -0.287217 0)
(-0.30375 -0.274504 0)
(-0.37331 -0.253176 0)
(-0.431011 -0.227364 0)
(-0.479956 -0.199874 0)
(-0.522084 -0.172404 0)
(-0.558295 -0.145782 0)
(-0.588917 -0.120238 0)
(-0.614053 -0.0956531 0)
(-0.633466 -0.0718737 0)
(-0.646411 -0.0487514 0)
(-0.652865 -0.0257257 0)
(-0.655258 -0.00156947 0)
(-0.654858 0.0236522 0)
(1.78193 -0.0268512 0)
(1.78091 -0.0284107 0)
(1.7787 -0.0300401 0)
(1.77516 -0.0316995 0)
(1.77042 -0.0334093 0)
(1.76455 -0.0352342 0)
(1.75747 -0.037219 0)
(1.74907 -0.0393591 0)
(1.73926 -0.0416164 0)
(1.72797 -0.0439387 0)
(1.71512 -0.0462622 0)
(1.70065 -0.0485114 0)
(1.68453 -0.0505995 0)
(1.66677 -0.0524335 0)
(1.64742 -0.0539182 0)
(1.62656 -0.0549615 0)
(1.60434 -0.0554801 0)
(1.58094 -0.0554041 0)
(1.55662 -0.0546827 0)
(1.53166 -0.0532876 0)
(1.5064 -0.051216 0)
(1.48121 -0.0484913 0)
(1.45646 -0.0451625 0)
(1.43254 -0.0413025 0)
(1.40983 -0.0370044 0)
(1.38867 -0.0323756 0)
(1.36937 -0.0275383 0)
(1.35217 -0.0226264 0)
(1.33729 -0.0177587 0)
(1.32484 -0.013012 0)
(1.31492 -0.00846239 0)
(1.30745 -0.00417038 0)
(1.30217 -0.000224972 0)
(1.2989 0.00322646 0)
(1.29739 0.00604624 0)
(1.29731 0.00811579 0)
(1.29829 0.0093365 0)
(1.29994 0.00961144 0)
(1.30183 0.00880408 0)
(1.30357 0.00681653 0)
(1.30476 0.00371887 0)
(1.30484 -0.000369643 0)
(1.30331 -0.00544764 0)
(1.29972 -0.011551 0)
(1.29361 -0.0186707 0)
(1.28455 -0.0267532 0)
(1.27207 -0.0356988 0)
(1.25567 -0.0453394 0)
(1.23474 -0.0554182 0)
(1.20861 -0.0655719 0)
(1.17648 -0.0753244 0)
(1.13754 -0.0841011 0)
(1.09104 -0.0912741 0)
(1.03647 -0.0962379 0)
(0.97378 -0.0985104 0)
(0.903482 -0.0978292 0)
(0.82681 -0.0942034 0)
(0.745749 -0.0878784 0)
(0.662971 -0.0791973 0)
(0.581436 -0.0684015 0)
(0.503698 -0.0557395 0)
(0.43185 -0.0427497 0)
(0.368687 -0.0341838 0)
(0.316969 -0.0363059 0)
(0.274856 -0.049844 0)
(0.236077 -0.0660345 0)
(0.196786 -0.0721061 0)
(0.15975 -0.0578926 0)
(0.132116 -0.0169273 0)
(0.123935 0.0513502 0)
(0.142815 0.136278 0)
(0.200222 0.209095 0)
(0.297277 0.230571 0)
(0.409955 0.185917 0)
(0.497359 0.105244 0)
(0.525571 0.0260974 0)
(0.46887 -0.0491278 0)
(0.306592 -0.145389 0)
(0.0445565 -0.267169 0)
(-0.240148 -0.361516 0)
(-0.482184 -0.401066 0)
(-0.667758 -0.392428 0)
(-0.804296 -0.352476 0)
(-0.905766 -0.29771 0)
(-0.984205 -0.239714 0)
(-1.04608 -0.184441 0)
(-1.09355 -0.134007 0)
(-1.12641 -0.0885354 0)
(-1.1441 -0.0477336 0)
(-1.14626 -0.0112135 0)
(-1.13302 0.0218135 0)
(-1.10506 0.0515221 0)
(-1.06352 0.0779217 0)
(-1.00964 0.101043 0)
(-0.944844 0.120862 0)
(-0.870695 0.137315 0)
(-0.788838 0.150328 0)
(-0.700994 0.15986 0)
(-0.608938 0.165916 0)
(-0.514457 0.168558 0)
(-0.419264 0.167927 0)
(-0.324923 0.16429 0)
(-0.232851 0.158041 0)
(-0.144165 0.149656 0)
(-0.059815 0.1394 0)
(0.0191757 0.12742 0)
(0.092474 0.114462 0)
(0.159616 0.101206 0)
(0.220104 0.0880157 0)
(0.27369 0.0752368 0)
(0.320278 0.063156 0)
(0.359917 0.0520255 0)
(0.392797 0.0420404 0)
(0.419259 0.0333242 0)
(0.439794 0.0259209 0)
(0.45503 0.019798 0)
(0.465691 0.0148534 0)
(0.472541 0.0109273 0)
(0.476314 0.0078072 0)
(0.477634 0.00524 0)
(0.476947 0.00293747 0)
(0.474451 0.000584521 0)
(0.470051 -0.00210995 0)
(0.463446 -0.00535862 0)
(0.454212 -0.00930514 0)
(0.441888 -0.013983 0)
(0.426105 -0.0192921 0)
(0.406701 -0.0249998 0)
(0.383788 -0.0307556 0)
(0.357799 -0.0361202 0)
(0.32945 -0.0406269 0)
(0.299666 -0.0438259 0)
(0.269517 -0.0453593 0)
(0.240062 -0.0450423 0)
(0.212292 -0.0428082 0)
(0.187061 -0.0385737 0)
(0.165214 -0.0325023 0)
(0.147446 -0.0248255 0)
(0.134422 -0.0157037 0)
(0.126782 -0.00530718 0)
(0.125033 0.00613238 0)
(0.129551 0.0183789 0)
(0.140811 0.0311902 0)
(0.159183 0.0442437 0)
(0.184956 0.0570549 0)
(0.218246 0.0689241 0)
(0.258877 0.0789101 0)
(0.306222 0.0858774 0)
(0.35902 0.0886575 0)
(0.415258 0.0863463 0)
(0.472165 0.078677 0)
(0.526436 0.0663274 0)
(0.574691 0.0509745 0)
(0.614082 0.0349915 0)
(0.642873 0.0208353 0)
(0.660703 0.0103195 0)
(0.668286 0.00398125 0)
(0.666544 0.000706502 0)
(0.655344 -0.00223757 0)
(0.632217 -0.00866764 0)
(0.592248 -0.0222237 0)
(0.528911 -0.0454341 0)
(0.43638 -0.0784783 0)
(0.313672 -0.11803 0)
(0.168668 -0.156985 0)
(0.0181248 -0.186638 0)
(-0.120074 -0.201451 0)
(-0.239806 -0.203232 0)
(-0.34035 -0.194945 0)
(-0.423109 -0.179866 0)
(-0.490617 -0.160805 0)
(-0.545577 -0.139946 0)
(-0.590203 -0.118711 0)
(-0.626173 -0.0978365 0)
(-0.65475 -0.077537 0)
(-0.67658 -0.0578891 0)
(-0.69134 -0.0392067 0)
(-0.698621 -0.0213734 0)
(-0.700598 -0.00233265 0)
(-0.699998 0.0204943 0)
(1.64805 -0.0211107 0)
(1.63073 -0.0196036 0)
(1.613 -0.0195221 0)
(1.59467 -0.0202529 0)
(1.57571 -0.021283 0)
(1.55604 -0.0224719 0)
(1.53559 -0.0237954 0)
(1.51424 -0.0252103 0)
(1.49188 -0.0266576 0)
(1.46842 -0.0280835 0)
(1.44376 -0.0294373 0)
(1.41785 -0.0306658 0)
(1.39067 -0.0317123 0)
(1.36228 -0.0325201 0)
(1.33277 -0.0330352 0)
(1.30229 -0.0332101 0)
(1.27107 -0.0330063 0)
(1.23938 -0.032398 0)
(1.20756 -0.0313735 0)
(1.17596 -0.0299371 0)
(1.14496 -0.0281088 0)
(1.11497 -0.0259241 0)
(1.08636 -0.0234315 0)
(1.05948 -0.020691 0)
(1.03465 -0.0177715 0)
(1.01213 -0.0147481 0)
(0.99212 -0.0116986 0)
(0.974759 -0.00871311 0)
(0.960137 -0.00590813 0)
(0.948375 -0.00337044 0)
(0.939715 -0.00104191 0)
(0.934061 0.00111588 0)
(0.931239 0.00308437 0)
(0.930851 0.00479338 0)
(0.932475 0.00615315 0)
(0.935635 0.00708458 0)
(0.93983 0.00752592 0)
(0.944525 0.00742562 0)
(0.949054 0.00669703 0)
(0.952669 0.00517525 0)
(0.95517 0.00270958 0)
(0.957102 -0.000628523 0)
(0.957849 -0.00463943 0)
(0.956598 -0.00922481 0)
(0.952529 -0.0143415 0)
(0.944774 -0.0199127 0)
(0.932438 -0.0258037 0)
(0.914648 -0.0318095 0)
(0.89061 -0.0376416 0)
(0.859701 -0.0429332 0)
(0.821573 -0.0472661 0)
(0.776267 -0.0502203 0)
(0.7243 -0.0514416 0)
(0.666712 -0.0507118 0)
(0.605027 -0.0480098 0)
(0.541137 -0.0435613 0)
(0.477176 -0.0378566 0)
(0.415464 -0.0315436 0)
(0.358457 -0.0251053 0)
(0.308487 -0.0186324 0)
(0.267327 -0.0123652 0)
(0.235652 -0.00786344 0)
(0.211809 -0.00802364 0)
(0.190082 -0.0147836 0)
(0.162313 -0.02655 0)
(0.124247 -0.0375611 0)
(0.0797934 -0.0405675 0)
(0.0407023 -0.0296689 0)
(0.0191427 -0.00111658 0)
(0.0274375 0.0419579 0)
(0.073489 0.0935101 0)
(0.162584 0.132071 0)
(0.284802 0.134928 0)
(0.408909 0.099673 0)
(0.500467 0.049927 0)
(0.54501 0.0130793 0)
(0.542228 -0.00566431 0)
(0.481372 -0.0291095 0)
(0.334795 -0.0825708 0)
(0.0927679 -0.161685 0)
(-0.193643 -0.220652 0)
(-0.45886 -0.243154 0)
(-0.68011 -0.234935 0)
(-0.852883 -0.207585 0)
(-0.98128 -0.171987 0)
(-1.07236 -0.134778 0)
(-1.1335 -0.0993065 0)
(-1.17103 -0.0669005 0)
(-1.18983 -0.0380835 0)
(-1.19305 -0.0130049 0)
(-1.18289 0.00853219 0)
(-1.15723 0.0270803 0)
(-1.11712 0.0432562 0)
(-1.06405 0.0573018 0)
(-0.999657 0.0692716 0)
(-0.925669 0.0791541 0)
(-0.84386 0.0869195 0)
(-0.756048 0.0925407 0)
(-0.664074 0.0960163 0)
(-0.569772 0.0973897 0)
(-0.474924 0.0967347 0)
(-0.381194 0.0941777 0)
(-0.290049 0.0900084 0)
(-0.202805 0.0846177 0)
(-0.120527 0.0781982 0)
(-0.0441947 0.0709039 0)
(0.0250786 0.0628739 0)
(0.087436 0.0547859 0)
(0.142528 0.0470563 0)
(0.190216 0.0398426 0)
(0.230705 0.0332148 0)
(0.264434 0.0272621 0)
(0.29199 0.0220373 0)
(0.314061 0.0175541 0)
(0.331383 0.0137943 0)
(0.344701 0.0107138 0)
(0.354727 0.00824857 0)
(0.362105 0.00631182 0)
(0.367376 0.00479549 0)
(0.370951 0.00356857 0)
(0.373071 0.00248062 0)
(0.373823 0.00136994 0)
(0.373128 0.000108441 0)
(0.370699 -0.00139371 0)
(0.366037 -0.00322825 0)
(0.358633 -0.00545394 0)
(0.348017 -0.00806632 0)
(0.333828 -0.0110001 0)
(0.315928 -0.0141253 0)
(0.294482 -0.0172316 0)
(0.269964 -0.0200714 0)
(0.243197 -0.0223759 0)
(0.215289 -0.0238695 0)
(0.187446 -0.0243275 0)
(0.160938 -0.023547 0)
(0.13692 -0.0214805 0)
(0.116402 -0.0182293 0)
(0.100219 -0.01388 0)
(0.0890828 -0.00855988 0)
(0.0835421 -0.00246449 0)
(0.0840481 0.00420249 0)
(0.0911482 0.0113462 0)
(0.105327 0.0187582 0)
(0.126852 0.0261763 0)
(0.15581 0.0332435 0)
(0.192003 0.0394765 0)
(0.234801 0.0442652 0)
(0.282992 0.0469285 0)
(0.334653 0.0468512 0)
(0.387131 0.0436959 0)
(0.437238 0.0376298 0)
(0.481714 0.029445 0)
(0.517896 0.020464 0)
(0.54438 0.012213 0)
(0.561374 0.00598957 0)
(0.570538 0.00249225 0)
(0.57435 0.00161621 0)
(0.575163 0.00244897 0)
(0.574237 0.00347011 0)
(0.571044 0.00291349 0)
(0.562506 -0.000447208 0)
(0.542416 -0.0076259 0)
(0.502817 -0.0196109 0)
(0.436598 -0.0371185 0)
(0.3405 -0.0591714 0)
(0.218077 -0.0824289 0)
(0.0799769 -0.102036 0)
(-0.058244 -0.112992 0)
(-0.186502 -0.115963 0)
(-0.300676 -0.112669 0)
(-0.399003 -0.104978 0)
(-0.481333 -0.0946504 0)
(-0.548337 -0.0829875 0)
(-0.601266 -0.0707875 0)
(-0.641829 -0.0583985 0)
(-0.671829 -0.0459699 0)
(-0.69214 -0.033861 0)
(-0.702406 -0.0218582 0)
(-0.704228 -0.00654795 0)
(-0.703251 0.0175336 0)
(1.13584 -0.0116727 0)
(1.11875 -0.0101813 0)
(1.10119 -0.00828793 0)
(1.08365 -0.00718246 0)
(1.06566 -0.00664978 0)
(1.04671 -0.00650199 0)
(1.02656 -0.00662716 0)
(1.00511 -0.00692565 0)
(0.982339 -0.00731042 0)
(0.958244 -0.0077153 0)
(0.932888 -0.00809069 0)
(0.906395 -0.00839729 0)
(0.878945 -0.00860333 0)
(0.850771 -0.00868443 0)
(0.82215 -0.00862372 0)
(0.793402 -0.00841197 0)
(0.764875 -0.00804746 0)
(0.736935 -0.00753571 0)
(0.709956 -0.00688871 0)
(0.6843 -0.00612393 0)
(0.660311 -0.00526287 0)
(0.638298 -0.0043297 0)
(0.618525 -0.00334997 0)
(0.601207 -0.00235002 0)
(0.586497 -0.00135641 0)
(0.574485 -0.000393617 0)
(0.565195 0.000512214 0)
(0.558567 0.00130803 0)
(0.554423 0.0018961 0)
(0.552436 0.00221888 0)
(0.552138 0.00240938 0)
(0.553418 0.00253074 0)
(0.556167 0.00261376 0)
(0.560269 0.00268252 0)
(0.565554 0.00272347 0)
(0.571753 0.00270509 0)
(0.578516 0.00260608 0)
(0.585454 0.00243948 0)
(0.592152 0.00217294 0)
(0.598008 0.00156233 0)
(0.601885 0.000269842 0)
(0.602159 -0.00163962 0)
(0.598392 -0.00381385 0)
(0.590124 -0.00602748 0)
(0.577026 -0.0081753 0)
(0.558904 -0.0101562 0)
(0.535691 -0.0118547 0)
(0.507511 -0.0131435 0)
(0.474736 -0.0138932 0)
(0.438029 -0.0139961 0)
(0.398366 -0.0133976 0)
(0.357015 -0.012123 0)
(0.31547 -0.0102845 0)
(0.275339 -0.00806721 0)
(0.238183 -0.00570934 0)
(0.205282 -0.00349641 0)
(0.17738 -0.0017332 0)
(0.154563 -0.000623689 0)
(0.136461 -0.000111027 0)
(0.122713 0.000111368 0)
(0.113216 0.000307322 0)
(0.10748 0.000328511 0)
(0.103252 -0.000480137 0)
(0.0958629 -0.00293637 0)
(0.0798063 -0.00725043 0)
(0.0515726 -0.0121477 0)
(0.0125382 -0.0152511 0)
(-0.0250722 -0.013419 0)
(-0.0440565 -0.00558303 0)
(-0.0307672 0.00720734 0)
(0.023483 0.0236693 0)
(0.118466 0.0342202 0)
(0.235274 0.0311398 0)
(0.338521 0.0165441 0)
(0.399304 0.00172783 0)
(0.418342 -0.00351103 0)
(0.418705 0.000790162 0)
(0.414065 0.00623847 0)
(0.393949 0.00369389 0)
(0.331631 -0.0122224 0)
(0.204106 -0.0420339 0)
(0.0136592 -0.0725922 0)
(-0.203289 -0.0862705 0)
(-0.413492 -0.0858534 0)
(-0.602416 -0.0773205 0)
(-0.761264 -0.0649761 0)
(-0.886975 -0.0515273 0)
(-0.979744 -0.0385003 0)
(-1.04129 -0.0267247 0)
(-1.07482 -0.0166461 0)
(-1.08312 -0.00851824 0)
(-1.07266 -0.00194939 0)
(-1.04599 0.00370054 0)
(-1.00523 0.00864782 0)
(-0.952376 0.0129387 0)
(-0.889367 0.016572 0)
(-0.818145 0.0195309 0)
(-0.740677 0.0217917 0)
(-0.65893 0.0233403 0)
(-0.57486 0.0241865 0)
(-0.490363 0.0243489 0)
(-0.407173 0.0238665 0)
(-0.326829 0.0228773 0)
(-0.250754 0.0215108 0)
(-0.180035 0.0197114 0)
(-0.115117 0.017726 0)
(-0.0567751 0.0155198 0)
(-0.00564924 0.0131821 0)
(0.0384335 0.0110663 0)
(0.0760776 0.00923468 0)
(0.107599 0.00760948 0)
(0.133597 0.006183 0)
(0.154705 0.00495497 0)
(0.171586 0.00392425 0)
(0.184904 0.00308483 0)
(0.195292 0.00242674 0)
(0.203337 0.00193274 0)
(0.209557 0.00158056 0)
(0.214376 0.00134179 0)
(0.218109 0.00117705 0)
(0.220936 0.0010503 0)
(0.222918 0.000936178 0)
(0.223986 0.000809975 0)
(0.223998 0.000641554 0)
(0.222762 0.000395817 0)
(0.22 3.67355e-05 0)
(0.215397 -0.000459937 0)
(0.208636 -0.00111759 0)
(0.199469 -0.00194767 0)
(0.187741 -0.0029116 0)
(0.17341 -0.00397747 0)
(0.156689 -0.00508617 0)
(0.138062 -0.00610678 0)
(0.118148 -0.00688908 0)
(0.097808 -0.00731926 0)
(0.0781115 -0.00740419 0)
(0.0602052 -0.00709695 0)
(0.0451966 -0.00636583 0)
(0.0341152 -0.00525226 0)
(0.0278292 -0.00384248 0)
(0.0270338 -0.00223624 0)
(0.0322342 -0.000410058 0)
(0.0437941 0.00152911 0)
(0.0618689 0.0034771 0)
(0.0863259 0.00531145 0)
(0.116646 0.00688232 0)
(0.151814 0.00802055 0)
(0.190239 0.00856658 0)
(0.22976 0.00841936 0)
(0.26782 0.00758952 0)
(0.301825 0.00622551 0)
(0.329654 0.00458906 0)
(0.350147 0.00298781 0)
(0.363392 0.00170151 0)
(0.370676 0.000932937 0)
(0.374121 0.000776739 0)
(0.376065 0.0011848 0)
(0.378355 0.00196544 0)
(0.3818 0.00287873 0)
(0.386001 0.00378955 0)
(0.38941 0.0045574 0)
(0.389905 0.00489911 0)
(0.385079 0.00424331 0)
(0.371434 0.00170203 0)
(0.344952 -0.00337171 0)
(0.302013 -0.0107609 0)
(0.240694 -0.0191074 0)
(0.162265 -0.0267433 0)
(0.0715916 -0.032405 0)
(-0.0247784 -0.0353112 0)
(-0.120473 -0.0358028 0)
(-0.211496 -0.0344523 0)
(-0.294868 -0.031659 0)
(-0.368622 -0.0276976 0)
(-0.43191 -0.0226937 0)
(-0.484611 -0.0166842 0)
(-0.525384 -0.00970276 0)
(-0.549457 -0.00142884 0)
(-0.553517 0.0101887 0)
(-0.548353 0.0274123 0)
(0.225678 0.0138985 3.55959e-18)
(0.266901 0.019539 -3.30994e-18)
(0.316049 0.024934 0)
(0.363016 0.0304562 0)
(0.397339 0.0352737 5.58883e-18)
(0.408306 0.0360157 -5.14893e-18)
(0.391138 0.0337423 -4.57763e-18)
(0.337872 0.0315809 -3.70245e-18)
(0.239263 0.0288953 0)
(0.0959729 0.0223576 -5.26928e-19)
(-0.0630796 0.0105987 -1.58631e-18)
(-0.196031 -0.0030084 -6.03268e-18)
(-0.280526 -0.0144665 0)
(-0.305152 -0.0206984 -6.8769e-18)
(-0.271148 -0.0216392 0)
(-0.186498 -0.0179928 0)
(-0.0657461 -0.00930423 0)
(0.0723783 0.00288821 -2.68995e-20)
(0.20645 0.0168006 0)
(0.322777 0.0296868 0)
(0.416672 0.0403737 0)
(0.486694 0.049009 -8.67746e-18)
(0.546988 0.0549419 6.45602e-18)
(0.575002 0.0629709 7.55303e-18)
(0.655585 0.0313213 1.84429e-18)
(0.412174 0.0168871 0)
(0.428957 0.0157605 1.5424e-20)
(0.459953 0.0171563 -2.81049e-18)
(0.498974 0.0252789 -5.44023e-18)
(0.535262 0.0413383 5.27163e-18)
(0.548269 0.0590714 7.01337e-21)
(0.509882 0.0736669 -4.22385e-18)
(0.39996 0.0842014 5.13149e-20)
(0.222496 0.0865975 0)
(0.0177993 0.0739694 0)
(-0.152196 0.0463516 1.44626e-18)
(-0.264904 0.013973 5.78074e-18)
(-0.317718 -0.015839 0)
(-0.313838 -0.0377378 1.38431e-17)
(-0.254379 -0.0504242 -4.77707e-18)
(-0.144171 -0.0530766 1.65324e-18)
(0.00111497 -0.0441892 0)
(0.158259 -0.0253341 8.26979e-18)
(0.30829 -0.00282094 0)
(0.436547 0.0186194 -5.47392e-18)
(0.538116 0.0364649 4.98657e-18)
(0.612781 0.0496388 8.21731e-18)
(0.674485 0.0597336 -6.10336e-18)
(0.707794 0.0645911 5.18213e-21)
(0.77898 0.0798137 -1.7288e-18)
(0.613298 0.0413646 0)
(0.597934 0.0319027 5.41708e-18)
(0.592314 0.0227858 2.65053e-18)
(0.596843 0.0229438 5.26394e-18)
(0.606114 0.0398396 -5.25294e-18)
(0.593196 0.0714635 -1.63507e-20)
(0.521614 0.106766 4.06536e-18)
(0.376852 0.134338 6.19933e-20)
(0.186575 0.143221 0)
(0.00485491 0.125726 -7.07936e-20)
(-0.131001 0.087534 0)
(-0.21994 0.0418831 0)
(-0.261191 -0.00187308 0)
(-0.251112 -0.0381635 -7.15211e-18)
(-0.187569 -0.0637562 4.77947e-18)
(-0.075319 -0.0744455 -1.58509e-18)
(0.0725948 -0.068932 0)
(0.237025 -0.0494955 6.6844e-21)
(0.399304 -0.022175 0)
(0.543802 0.00650053 1.08335e-17)
(0.663293 0.0319568 -5.06274e-18)
(0.755137 0.0517633 -2.77212e-20)
(0.831352 0.0663978 0)
(0.877151 0.0760779 -3.82821e-18)
(0.961329 0.0814669 0)
(0.81988 0.0767318 0)
(0.777522 0.0641578 -1.29426e-20)
(0.733212 0.047595 0)
(0.69108 0.0387561 2.55953e-18)
(0.656102 0.0526522 0)
(0.609955 0.0929266 4.53466e-18)
(0.518615 0.144796 0)
(0.371682 0.186159 5.72203e-18)
(0.203015 0.198278 0)
(0.0535635 0.173538 6.70004e-20)
(-0.062978 0.124379 0)
(-0.144443 0.0666458 0)
(-0.182899 0.010404 0)
(-0.171856 -0.0385151 -7.64558e-18)
(-0.109361 -0.0761404 0)
(0.000462043 -0.0954267 0)
(0.144652 -0.0942876 0)
(0.305216 -0.0743702 -1.35354e-20)
(0.465478 -0.0433175 0)
(0.611573 -0.00926221 -5.19537e-18)
(0.736943 0.021937 0)
(0.838292 0.0470603 -8.34976e-18)
(0.925174 0.0657857 0)
(0.982726 0.0785256 0)
(1.07669 0.084431 0)
(1.00032 0.114309 0)
(0.947071 0.105074 -2.31712e-18)
(0.879411 0.0877663 0)
(0.800263 0.0732552 -9.04534e-22)
(0.720401 0.0816337 0)
(0.639687 0.124638 0)
(0.53711 0.187124 3.46841e-18)
(0.402721 0.236974 -5.07549e-18)
(0.259921 0.248576 0)
(0.131572 0.216827 3.74635e-19)
(0.0233097 0.159144 -2.19363e-18)
(-0.0544997 0.091354 3.80045e-18)
(-0.0908226 0.0231233 0)
(-0.0803993 -0.0386895 -2.97644e-19)
(-0.0210229 -0.0873419 0)
(0.0845077 -0.114928 -1.61672e-18)
(0.22202 -0.118038 0)
(0.375206 -0.0984946 -3.36805e-18)
(0.528294 -0.0650164 0)
(0.668795 -0.0270827 0)
(0.791366 0.00834575 -4.7203e-18)
(0.893463 0.037462 0)
(0.984215 0.0595024 0)
(1.04783 0.0746173 0)
(1.15145 0.0830519 0)
(1.13288 0.146366 0)
(1.08281 0.145407 0)
(1.00878 0.13403 0)
(0.909529 0.120235 -4.47684e-18)
(0.798633 0.124498 -2.19793e-18)
(0.691101 0.16503 3.92467e-18)
(0.582108 0.230563 -3.21845e-18)
(0.461992 0.28373 4.46273e-18)
(0.339316 0.29402 0)
(0.224171 0.257976 -3.44101e-19)
(0.122529 0.193737 2.05852e-18)
(0.0482158 0.116822 2.35845e-19)
(0.0132306 0.0366911 0)
(0.0225515 -0.0377346 3.79888e-18)
(0.0778604 -0.096962 0)
(0.17626 -0.132781 1.49957e-18)
(0.305181 -0.139955 0)
(0.449025 -0.120883 0)
(0.592749 -0.0852418 -4.26862e-18)
(0.724859 -0.0438784 0)
(0.840743 -0.00489421 9.10864e-18)
(0.938393 0.0273019 3.9261e-18)
(1.02699 0.0517108 0)
(1.09056 0.0682301 -3.65211e-18)
(1.19698 0.078595 1.57537e-18)
(1.21674 0.168539 0)
(1.17919 0.179366 0)
(1.1119 0.179407 0)
(1.00989 0.172573 2.03078e-18)
(0.88526 0.176182 2.01104e-18)
(0.761276 0.211545 -1.85036e-18)
(0.648256 0.273953 0)
(0.539342 0.326617 -1.35274e-19)
(0.431354 0.335878 0)
(0.326298 0.297092 0)
(0.231301 0.227108 0)
(0.16172 0.14149 -3.71012e-18)
(0.128962 0.0507577 0)
(0.135971 -0.0350136 3.82452e-18)
(0.184802 -0.105057 0)
(0.274405 -0.148594 0)
(0.393127 -0.159785 0)
(0.525986 -0.141366 0)
(0.658831 -0.103894 8.10529e-18)
(0.781167 -0.0595155 0)
(0.888937 -0.0174036 -4.40094e-18)
(0.980357 0.0174308 -3.83798e-18)
(1.0643 0.043775 2.9475e-18)
(1.12501 0.0612581 3.6106e-18)
(1.22873 0.0728483 -1.56931e-18)
(1.26482 0.181029 1.77478e-18)
(1.2418 0.20426 0)
(1.18949 0.218911 1.75051e-18)
(1.09799 0.224011 -1.78582e-18)
(0.97442 0.231197 0)
(0.84419 0.261543 -1.64469e-18)
(0.729002 0.317278 -2.51652e-18)
(0.627902 0.366628 -1.75852e-18)
(0.531246 0.374656 0)
(0.4355 0.333863 8.32001e-19)
(0.347627 0.259006 -2.32796e-18)
(0.282935 0.165834 0)
(0.251944 0.0653258 0)
(0.256114 -0.0313946 0)
(0.297726 -0.111281 0)
(0.37743 -0.162174 0)
(0.484606 -0.177351 0)
(0.605059 -0.159731 0)
(0.725706 -0.120758 -3.86759e-18)
(0.837163 -0.0737966 0)
(0.935962 -0.0289834 0)
(1.02047 0.00812225 -3.67221e-18)
(1.09898 0.0361196 -2.90118e-18)
(1.15612 0.0543821 0)
(1.25499 0.0668957 -1.52371e-18)
(1.29419 0.18734 -1.73196e-18)
(1.28163 0.220578 -1.61757e-18)
(1.24581 0.249815 -1.65472e-18)
(1.17232 0.269687 1.6607e-18)
(1.0609 0.284675 1.5634e-18)
(0.933697 0.312337 0)
(0.818906 0.360255 2.3571e-18)
(0.723373 0.404249 1.37952e-18)
(0.636098 0.410452 3.29957e-19)
(0.549607 0.368077 -7.77638e-19)
(0.469295 0.289067 2.17108e-18)
(0.409331 0.189035 0)
(0.379581 0.0797632 0)
(0.380591 -0.0266765 3.67569e-18)
(0.414595 -0.115597 2.19386e-18)
(0.483652 -0.173471 -7.77088e-19)
(0.578255 -0.192537 0)
(0.685154 -0.17584 2.55015e-18)
(0.792515 -0.135705 0)
(0.892184 -0.0866171 0)
(0.981346 -0.0395597 -4.03445e-18)
(1.05851 -0.000560631 3.60572e-18)
(1.13135 0.0288193 0)
(1.18477 0.0477437 0)
(1.2784 0.0610055 7.66184e-19)
(1.31768 0.191371 -1.57072e-18)
(1.30956 0.230887 1.57346e-18)
(1.28673 0.271986 0)
(1.23312 0.306916 0)
(1.14076 0.332912 -2.84134e-18)
(1.02441 0.361292 0)
(0.913564 0.402152 9.70249e-19)
(0.82273 0.439637 -7.20213e-19)
(0.743591 0.443289 -3.11172e-19)
(0.666328 0.399502 -9.76243e-19)
(0.593843 0.316904 0)
(0.538422 0.21081 -3.52791e-18)
(0.509431 0.0939807 0)
(0.507075 -0.0209658 -3.49078e-18)
(0.533369 -0.118094 2.14931e-20)
(0.591378 -0.182487 -1.55628e-20)
(0.672691 -0.205273 0)
(0.765157 -0.189591 -4.49399e-20)
(0.858389 -0.148631 -3.46007e-18)
(0.945583 -0.097889 0)
(1.02462 -0.0490682 3.95455e-18)
(1.09416 -0.00857499 3.44928e-18)
(1.16121 0.0219021 0)
(1.2109 0.0413667 0)
(1.29949 0.0552264 7.40831e-19)
(1.34134 0.19543 1.54428e-18)
(1.33339 0.238158 0)
(1.31814 0.287114 -1.33643e-18)
(1.28203 0.335041 0)
(1.21153 0.373515 1.30422e-18)
(1.11194 0.406061 0)
(1.0092 0.441993 -9.17239e-19)
(0.923451 0.472785 -6.53251e-20)
(0.851599 0.473181 6.79897e-20)
(0.78335 0.427955 9.22781e-19)
(0.718804 0.3424 0)
(0.667807 0.231192 -3.1072e-20)
(0.639221 0.107917 0)
(0.633413 -0.0144146 0)
(0.652128 -0.118902 -2.01801e-18)
(0.698982 -0.189264 7.26778e-19)
(0.766565 -0.215524 0)
(0.843975 -0.200917 -2.33802e-18)
(0.922486 -0.159466 3.37074e-18)
(0.996756 -0.107557 3.77786e-18)
(1.06539 -0.0574693 0)
(1.12717 -0.0158956 -3.40484e-18)
(1.18842 0.0153813 0)
(1.23443 0.035248 0)
(1.3183 0.049561 0)
(1.36659 0.200069 0)
(1.35726 0.244533 1.29161e-18)
(1.3448 0.297572 1.30391e-18)
(1.32145 0.35491 0)
(1.2721 0.405389 0)
(1.19287 0.444779 0)
(1.10243 0.478637 0)
(1.02319 0.503493 -6.01293e-20)
(0.958154 0.500145 -6.47951e-20)
(0.898492 0.453365 0)
(0.841834 0.3655 0)
(0.795228 0.250127 1.47012e-20)
(0.766878 0.121453 0)
(0.757675 -0.00718272 0)
(0.769136 -0.118163 0)
(0.804961 -0.193872 0)
(0.8586 -0.223287 0)
(0.920563 -0.209784 0)
(0.984011 -0.168177 3.18549e-18)
(1.04516 -0.115594 -3.71346e-18)
(1.10334 -0.0647445 0)
(1.15737 -0.0225091 0)
(1.21293 0.00926573 0)
(1.25534 0.0293833 0)
(1.33486 0.0440069 0)
(1.39311 0.204976 0)
(1.3827 0.251044 -8.65873e-20)
(1.37003 0.305565 -1.11214e-18)
(1.35411 0.368279 -1.04135e-18)
(1.32257 0.428595 0)
(1.26483 0.476195 8.28477e-19)
(1.19023 0.510893 0)
(1.11966 0.531356 -3.87293e-19)
(1.06144 0.524204 0)
(1.0098 0.475735 0)
(0.960788 0.38612 0)
(0.918591 0.267577 5.75114e-20)
(0.890501 0.134552 0)
(0.87815 0.000592662 0)
(0.882863 -0.116033 0)
(0.90795 -0.196396 0)
(0.947599 -0.228581 -3.3424e-19)
(0.993938 -0.216186 1.06498e-18)
(1.04224 -0.174759 -3.13232e-18)
(1.09033 -0.122005 0)
(1.13821 -0.0708983 3.54584e-18)
(1.18469 -0.0284171 3.17585e-18)
(1.23478 0.00355769 0)
(1.27375 0.0237679 1.54095e-18)
(1.3493 0.0385637 0)
(1.42048 0.209765 0)
(1.40984 0.257939 -1.16134e-18)
(1.39574 0.31272 1.09277e-18)
(1.38263 0.377258 1.95163e-18)
(1.36398 0.444132 0)
(1.32644 0.499772 -1.5216e-18)
(1.27001 0.537695 0)
(1.21061 0.555822 0)
(1.15977 0.545336 0)
(1.11563 0.495135 0)
(1.07383 0.404235 0)
(1.03604 0.283476 2.80196e-18)
(1.00841 0.147094 0)
(0.993378 0.00874002 -2.809e-18)
(0.991997 -0.112665 0)
(1.00673 -0.196924 5.75326e-19)
(1.03245 -0.231438 3.2781e-19)
(1.06319 -0.220145 -2.08675e-18)
(1.09652 -0.179245 0)
(1.13189 -0.126825 0)
(1.16986 -0.07596 -3.51841e-18)
(1.20915 -0.0336366 -5.69401e-20)
(1.25409 -0.00174889 0)
(1.28982 0.0183957 -2.55916e-20)
(1.36177 0.0332324 6.71614e-19)
(1.4483 0.214223 0)
(1.43814 0.265076 4.76317e-19)
(1.4227 0.319991 0)
(1.4092 0.383872 -9.16321e-19)
(1.39803 0.453651 0)
(1.37738 0.515735 7.39097e-20)
(1.33978 0.558284 4.6161e-19)
(1.2939 0.576254 -2.27163e-19)
(1.25156 0.563435 0)
(1.21461 0.511681 4.43024e-19)
(1.17951 0.419914 0)
(1.14607 0.297742 0)
(1.11925 0.158887 0)
(1.1022 0.0170557 2.74564e-18)
(1.09544 -0.108212 0)
(1.10018 -0.195536 -5.6522e-19)
(1.11213 -0.231903 0)
(1.12751 -0.221713 2.04863e-18)
(1.14633 -0.181701 -1.45625e-18)
(1.16957 -0.130121 1.67101e-18)
(1.19824 -0.0799827 1.68427e-18)
(1.23084 -0.0382005 -5.64678e-20)
(1.27102 -0.00666891 0)
(1.30379 0.0132576 -1.5049e-18)
(1.37252 0.0280144 -1.32868e-18)
(1.47582 0.218224 0)
(1.46666 0.272145 -4.67753e-19)
(1.45067 0.327721 3.90494e-19)
(1.43527 0.389731 0)
(1.42675 0.459124 6.49806e-19)
(1.41824 0.525012 1.16134e-18)
(1.3983 0.572357 -5.33023e-20)
(1.36757 0.592033 2.20907e-19)
(1.33525 0.578274 0)
(1.30564 0.525474 -4.29267e-19)
(1.27681 0.433265 0)
(1.24762 0.310373 0)
(1.22207 0.169895 0)
(1.20373 0.0254212 0)
(1.19225 -0.102789 0)
(1.18731 -0.192296 0)
(1.18569 -0.230031 0)
(1.18617 -0.220974 -1.07269e-21)
(1.19123 -0.182233 1.44979e-18)
(1.20321 -0.131995 -1.66528e-18)
(1.22337 -0.0830424 -3.32667e-18)
(1.24992 -0.0421563 -3.02168e-18)
(1.28583 -0.0112257 -2.3631e-18)
(1.31593 0.00834147 0)
(1.38177 0.0229107 6.57473e-19)
(1.50193 0.221627 0)
(1.49413 0.278773 0)
(1.47868 0.335773 -3.84059e-19)
(1.46139 0.395838 3.11509e-19)
(1.45205 0.462486 -6.4202e-19)
(1.45043 0.529084 -5.37668e-19)
(1.44519 0.580159 -3.89417e-19)
(1.43008 0.602705 1.61721e-19)
(1.40932 0.589528 0)
(1.3877 0.536523 -3.59062e-19)
(1.36502 0.444391 0)
(1.34009 0.3214 0)
(1.31633 0.180008 0)
(1.29734 0.0336951 0)
(1.2816 -0.0964749 0)
(1.26715 -0.187249 -3.22724e-19)
(1.25227 -0.225896 0)
(1.23861 -0.218051 3.59653e-21)
(1.23096 -0.180986 1.40718e-18)
(1.23278 -0.132575 0)
(1.2454 -0.085235 1.64581e-18)
(1.26663 -0.0455635 0)
(1.29876 -0.0154495 2.35982e-18)
(1.32651 0.00363267 0)
(1.38977 0.0179213 0)
(1.52562 0.224316 3.13316e-19)
(1.5193 0.28463 0)
(1.50533 0.343721 0)
(1.48716 0.402547 -3.07384e-19)
(1.47532 0.465302 2.37821e-19)
(1.47578 0.529729 -2.01279e-19)
(1.48096 0.582503 -1.47124e-19)
(1.48041 0.608117 -1.59028e-19)
(1.47234 0.596837 -6.0867e-20)
(1.45979 0.544707 3.50845e-19)
(1.44358 0.453329 0)
(1.42316 0.330826 -8.40745e-19)
(1.40172 0.1891 0)
(1.38257 0.0417879 0)
(1.36269 -0.0892889 0)
(1.33877 -0.18042 3.21949e-19)
(1.31113 -0.219599 0)
(1.28438 -0.213114 -2.04386e-18)
(1.26539 -0.178144 -1.41046e-18)
(1.25838 -0.13202 -1.57864e-18)
(1.26452 -0.086672 -1.58673e-18)
(1.28121 -0.0484899 0)
(1.3101 -0.0193754 0)
(1.33581 -0.000884924 0)
(1.39675 0.0130454 3.11074e-19)
(1.54649 0.226322 -3.09243e-19)
(1.54135 0.289562 0)
(1.52926 0.351097 0)
(1.51156 0.409696 0)
(1.49714 0.468559 -2.35667e-19)
(1.49618 0.528711 3.022e-20)
(1.50695 0.580675 1.45948e-19)
(1.51835 0.608542 0)
(1.52313 0.599935 5.99521e-20)
(1.52076 0.549793 0)
(1.51183 0.459995 4.83384e-19)
(1.49647 0.338597 1.11913e-19)
(1.47794 0.197154 0)
(1.45882 0.0497286 0)
(1.43459 -0.0811832 0)
(1.40126 -0.171841 0)
(1.36165 -0.211287 0)
(1.32327 -0.206383 5.09578e-19)
(1.29459 -0.17393 0)
(1.28021 -0.130506 1.5846e-18)
(1.28103 -0.0874751 2.78733e-20)
(1.29396 -0.051008 0)
(1.32011 -0.0230404 0)
(1.34407 -0.00522756 0)
(1.4029 0.00828155 -3.11034e-19)
(1.56496 0.227908 0)
(1.56022 0.293707 0)
(1.54966 0.357627 -1.62345e-19)
(1.53336 0.416867 0)
(1.51735 0.472632 0)
(1.51313 0.52748 1.68868e-19)
(1.52497 0.576231 0)
(1.54452 0.604721 0)
(1.56102 0.598806 0)
(1.56949 0.55153 0)
(1.56883 0.464197 -8.87211e-20)
(1.55939 0.344596 1.26273e-18)
(1.54432 0.204143 0)
(1.52519 0.0575768 0)
(1.49625 -0.0720981 0)
(1.45377 -0.161578 1.13839e-20)
(1.40344 -0.201172 -3.03531e-19)
(1.35526 -0.19813 5.27112e-19)
(1.31876 -0.168595 0)
(1.29859 -0.128226 0)
(1.29523 -0.0877697 3.10932e-18)
(1.30516 -0.0531904 1.38341e-18)
(1.32904 -0.0264813 0)
(1.3515 -0.00941037 0)
(1.40839 0.00362814 3.00321e-19)
(1.58191 0.22951 0)
(1.57651 0.297494 4.94753e-20)
(1.56641 0.363387 1.6032e-19)
(1.55159 0.423689 1.13209e-19)
(1.53521 0.477431 0)
(1.52747 0.52698 -1.12469e-19)
(1.53702 0.570731 0)
(1.56034 0.597798 5.83637e-20)
(1.58605 0.59379 0)
(1.60509 0.549788 0)
(1.6135 0.465714 -5.24013e-19)
(1.61088 0.348675 -5.61447e-19)
(1.59978 0.210058 0)
(1.58041 0.0654308 0)
(1.54652 -0.0619884 0)
(1.49568 -0.149774 -1.15147e-20)
(1.4364 -0.189543 3.07368e-19)
(1.3806 -0.188679 5.52716e-19)
(1.33831 -0.162414 0)
(1.31392 -0.125374 0)
(1.30747 -0.0876785 -1.54827e-18)
(1.31509 -0.0551059 -1.3867e-18)
(1.3371 -0.0297318 0)
(1.35828 -0.0134463 -6.68312e-19)
(1.41335 -0.000916339 -5.14289e-21)
(1.59792 0.231545 0)
(1.59097 0.301487 -3.30332e-20)
(1.57996 0.368782 0)
(1.56587 0.430045 -1.1197e-19)
(1.54987 0.482654 0)
(1.53937 0.52762 1.11999e-19)
(1.54478 0.565472 0)
(1.56782 0.589151 2.60035e-22)
(1.59914 0.585645 0)
(1.62722 0.544695 0)
(1.64479 0.464395 1.42065e-19)
(1.64958 0.350697 0)
(1.64271 0.214905 0)
(1.62292 0.0733411 0)
(1.5844 -0.0509233 5.27148e-20)
(1.52671 -0.13669 1.48449e-19)
(1.46077 -0.176772 0)
(1.39976 -0.178389 1.26324e-20)
(1.35372 -0.155668 7.03739e-19)
(1.32662 -0.12214 0)
(1.31807 -0.087315 7.54765e-19)
(1.32399 -0.0568155 0)
(1.34447 -0.0328212 0)
(1.36452 -0.0173458 6.6893e-19)
(1.41786 -0.00535322 -2.95611e-19)
(1.61254 0.234203 0)
(1.60377 0.306134 2.73806e-21)
(1.59083 0.374361 0)
(1.57625 0.436121 0)
(1.56067 0.488034 0)
(1.54847 0.529386 0)
(1.54936 0.561307 3.42546e-20)
(1.56909 0.580144 -5.87533e-20)
(1.6021 0.575473 0)
(1.63649 0.536762 0)
(1.66217 0.460333 0)
(1.67425 0.350654 -8.95169e-20)
(1.67156 0.218707 0)
(1.65162 0.0812838 -8.98778e-20)
(1.60951 -0.0391052 -5.35721e-20)
(1.54715 -0.122706 -1.512e-19)
(1.4772 -0.163287 0)
(1.41346 -0.167632 -5.82067e-19)
(1.36562 -0.148626 -7.12318e-19)
(1.33715 -0.118696 0)
(1.32735 -0.0867791 -1.50783e-18)
(1.33205 -0.0583713 -6.66057e-19)
(1.35125 -0.0357734 0)
(1.37031 -0.0211164 0)
(1.42198 -0.00968366 0)
(1.62409 0.237347 3.35502e-20)
(1.61405 0.311555 -1.82758e-20)
(1.59897 0.380551 0)
(1.58291 0.442276 0)
(1.56723 0.49347 0)
(1.55416 0.532043 -1.952e-20)
(1.55121 0.558605 -3.42534e-20)
(1.56602 0.571871 3.20513e-20)
(1.59724 0.564503 0)
(1.63457 0.526849 0)
(1.66629 0.453968 -7.57114e-22)
(1.68468 0.348758 8.86225e-20)
(1.68591 0.221558 0)
(1.66633 0.0892185 8.77735e-20)
(1.62231 -0.0268357 -5.96144e-20)
(1.5579 -0.108276 -1.49477e-19)
(1.48667 -0.149538 0)
(1.42254 -0.156766 3.11316e-19)
(1.37463 -0.141533 0)
(1.34592 -0.115191 0)
(1.33554 -0.0861522 7.53345e-19)
(1.3394 -0.0598141 6.6855e-19)
(1.35753 -0.038607 0)
(1.37567 -0.0247635 -3.21293e-19)
(1.42572 -0.013909 1.41062e-19)
(1.62991 0.240539 -3.32741e-20)
(1.61987 0.317459 0)
(1.60349 0.387438 -3.22921e-20)
(1.58572 0.448816 0)
(1.56934 0.499015 0)
(1.55585 0.535315 1.94344e-20)
(1.55017 0.557348 1.25562e-20)
(1.55986 0.565011 -3.21538e-20)
(1.58692 0.553859 0)
(1.62389 0.515988 0)
(1.65892 0.445999 7.56846e-22)
(1.68201 0.345398 0)
(1.68669 0.223583 0)
(1.66825 0.0968679 -2.87014e-20)
(1.62427 -0.0145574 2.40837e-21)
(1.56038 -0.0938824 1.52948e-19)
(1.49042 -0.135953 0)
(1.42794 -0.146104 -3.16784e-19)
(1.38135 -0.134588 3.67952e-19)
(1.35327 -0.111738 0)
(1.34282 -0.0854941 -3.70425e-19)
(1.34611 -0.0611731 0)
(1.3633 -0.0413353 0)
(1.3806 -0.0282911 3.21955e-19)
(1.42909 -0.0180322 -2.10904e-19)
(1.62702 0.243192 0)
(1.61866 0.323244 -3.15134e-20)
(1.60265 0.394705 3.20495e-20)
(1.58396 0.455804 0)
(1.56674 0.504743 0)
(1.55299 0.538955 0)
(1.54573 0.55724 -1.25402e-20)
(1.55113 0.559763 0)
(1.57302 0.544305 -2.31606e-20)
(1.60708 0.505132 0)
(1.64266 0.4372 0)
(1.66849 0.34103 2.14451e-20)
(1.67597 0.2249 0)
(1.65942 0.10412 5.88066e-20)
(1.61736 -0.0026156 6.00095e-20)
(1.55632 -0.0799647 -5.74111e-20)
(1.48977 -0.122917 0)
(1.43051 -0.135917 0)
(1.38628 -0.127956 -3.7294e-19)
(1.35944 -0.108427 0)
(1.34925 -0.0848501 1.88228e-19)
(1.35216 -0.0624689 0)
(1.36854 -0.0439682 0)
(1.38505 -0.0317021 0)
(1.43204 -0.0220565 6.97322e-20)
(1.61276 0.244658 0)
(1.60769 0.328098 3.13787e-20)
(1.59413 0.401672 0)
(1.57619 0.462978 0)
(1.55877 0.510675 0)
(1.54503 0.54285 0)
(1.53719 0.557991 0)
(1.53968 0.556083 0)
(1.55667 0.536326 2.3277e-20)
(1.58645 0.495105 0)
(1.62036 0.428356 0)
(1.64706 0.336134 -2.14461e-20)
(1.65662 0.225596 0)
(1.64259 0.110708 -3.01594e-20)
(1.60401 0.00853818 0)
(1.54757 -0.0669308 5.88108e-20)
(1.48594 -0.110732 0)
(1.43099 -0.126404 0)
(1.38977 -0.121754 0)
(1.36456 -0.105325 0)
(1.35486 -0.0842559 1.8574e-19)
(1.3575 -0.0637207 0)
(1.37316 -0.0465136 0)
(1.38894 -0.0350008 0)
(1.43453 -0.0259777 0)
(1.58741 0.244632 0)
(1.58674 0.331298 -5.31945e-20)
(1.57732 0.407332 0)
(1.56199 0.469415 0)
(1.54559 0.516196 0)
(1.5324 0.546494 -4.67679e-21)
(1.52481 0.559008 0)
(1.52584 0.553538 1.21008e-20)
(1.53918 0.53005 0)
(1.56469 0.486619 0)
(1.59583 0.42039 0)
(1.62204 0.331404 4.94603e-20)
(1.63294 0.225877 0)
(1.62164 0.116359 0)
(1.58727 0.0182888 0)
(1.53624 -0.0555214 8.45319e-20)
(1.48017 -0.100049 -9.30704e-20)
(1.42991 -0.11803 -1.01169e-19)
(1.39194 -0.116261 0)
(1.36848 -0.102557 -2.12746e-19)
(1.35936 -0.0837234 -2.00745e-19)
(1.36185 -0.0648633 0)
(1.3769 -0.0488452 0)
(1.39204 -0.0380467 -8.44291e-20)
(1.43642 -0.0296059 0)
(1.55159 0.242887 0)
(1.55596 0.332456 5.33258e-20)
(1.55194 0.411156 0)
(1.54095 0.474633 0)
(1.52707 0.521054 0)
(1.51529 0.549782 -8.31145e-21)
(1.50868 0.560076 8.83721e-21)
(1.50958 0.551762 -3.86906e-20)
(1.52077 0.525178 0)
(1.54281 0.47962 0)
(1.57094 0.413447 0)
(1.59591 0.326993 -1.71807e-19)
(1.60763 0.225768 0)
(1.59906 0.120978 0)
(1.5692 0.0265475 0)
(1.52392 -0.045756 -2.76607e-19)
(1.47356 -0.0908824 9.4891e-20)
(1.42796 -0.110819 3.13727e-19)
(1.39312 -0.11151 0)
(1.37132 -0.10016 6.43781e-19)
(1.36277 -0.0832895 -1.99811e-19)
(1.36515 -0.0659312 3.487e-19)
(1.3797 -0.050994 0)
(1.39431 -0.0408654 8.45777e-20)
(1.43769 -0.0329613 0)
(1.50459 0.239508 0)
(1.5143 0.331623 -1.43185e-19)
(1.5166 0.413071 1.09651e-19)
(1.51149 0.478467 -7.64018e-20)
(1.50179 0.52514 0)
(1.49258 0.552663 -1.94715e-20)
(1.48777 0.560985 -8.84081e-21)
(1.4896 0.550239 2.66287e-20)
(1.50004 0.521034 0)
(1.51973 0.473537 1.14582e-19)
(1.54524 0.4072 0)
(1.5688 0.322816 1.22647e-19)
(1.58112 0.225388 0)
(1.57534 0.124893 0)
(1.55023 0.0338261 -4.04025e-19)
(1.51084 -0.0370371 1.94542e-19)
(1.46624 -0.0826125 0)
(1.42522 -0.104233 -2.14412e-19)
(1.39342 -0.107113 0)
(1.37324 -0.0979162 -4.33538e-19)
(1.36526 -0.0828842 8.08175e-19)
(1.36759 -0.066962 -3.50796e-19)
(1.38172 -0.0530807 0)
(1.39589 -0.0436075 0)
(1.43843 -0.0362511 -1.44534e-19)
(1.44731 0.234572 0)
(1.46221 0.328719 1.44743e-19)
(1.47117 0.412756 -3.57852e-19)
(1.473 0.480413 7.66572e-20)
(1.46901 0.527959 1.02274e-19)
(1.46374 0.554771 -5.6534e-21)
(1.46169 0.561421 1.78538e-20)
(1.46543 0.548586 0)
(1.47645 0.517199 0)
(1.49513 0.468055 -1.15192e-19)
(1.51891 0.4015 0)
(1.54139 0.318838 0)
(1.55435 0.224735 0)
(1.55139 0.128089 -3.97147e-19)
(1.53102 0.0401002 3.99377e-19)
(1.49741 -0.0293599 0)
(1.45833 -0.0752283 0)
(1.42167 -0.0982741 0)
(1.39274 -0.103085 0)
(1.37411 -0.095843 0)
(1.36672 -0.0825244 -1.21675e-18)
(1.36907 -0.0679711 0)
(1.3829 -0.0551193 0)
(1.39672 -0.0462857 0)
(1.43859 -0.0394903 1.45029e-19)
(1.38091 0.228254 0)
(1.40059 0.323842 0)
(1.41606 0.410115 2.50177e-19)
(1.42534 0.480157 0)
(1.42825 0.529105 1.1294e-20)
(1.42828 0.555777 -4.75587e-21)
(1.43007 0.561144 1.18447e-21)
(1.43667 0.546548 0)
(1.44944 0.513366 -2.26388e-19)
(1.46849 0.462889 0)
(1.49169 0.396162 0)
(1.51378 0.314972 -3.75565e-19)
(1.52769 0.223772 0)
(1.52759 0.130557 8.35499e-19)
(1.51182 0.0453887 0)
(1.48369 -0.0226805 0)
(1.44978 -0.0686723 0)
(1.41716 -0.0928886 -9.56491e-19)
(1.39092 -0.0993868 0)
(1.37379 -0.0939184 8.90338e-19)
(1.36704 -0.0822021 1.63228e-18)
(1.3695 -0.0689591 0)
(1.38314 -0.0571144 0)
(1.39674 -0.0489082 0)
(1.43815 -0.0426849 0)
(1.30664 0.220791 0)
(1.33053 0.317213 -3.97316e-19)
(1.35206 0.405233 3.02927e-19)
(1.3688 0.47755 -2.11011e-19)
(1.37935 0.528254 1.00987e-20)
(1.38586 0.555342 -5.08687e-20)
(1.3926 0.559884 -1.92035e-20)
(1.40302 0.54387 0)
(1.41858 0.509233 2.27709e-19)
(1.43924 0.457725 0)
(1.46306 0.390942 0)
(1.48567 0.311075 7.9411e-19)
(1.50099 0.222444 0)
(1.50387 0.132308 4.27375e-20)
(1.49253 0.0497447 1.03235e-18)
(1.46951 -0.0169264 0)
(1.44039 -0.0628704 0)
(1.41151 -0.0880225 9.70789e-19)
(1.38781 -0.0959891 0)
(1.37214 -0.0921335 -8.99358e-19)
(1.36608 -0.0819201 -1.35417e-21)
(1.36877 -0.0699352 0)
(1.3824 -0.059077 0)
(1.39589 -0.0514878 0)
(1.43706 -0.0458444 -2.84555e-19)
(1.2257 0.212421 -5.36169e-19)
(1.25323 0.309104 4.07295e-19)
(1.28015 0.398304 -3.08984e-19)
(1.30399 0.472592 2.142e-19)
(1.32247 0.525198 -3.96715e-19)
(1.33633 0.553164 9.49861e-20)
(1.34907 0.557364 0)
(1.36424 0.540302 1.7342e-19)
(1.38354 0.504528 0)
(1.40688 0.452274 0)
(1.43248 0.385584 0)
(1.45653 0.306977 -4.1897e-19)
(1.47386 0.22068 0)
(1.47988 0.13335 -4.80193e-19)
(1.47281 0.0532305 -1.02507e-18)
(1.45456 -0.0120202 0)
(1.42988 -0.0577496 0)
(1.4045 -0.0836279 1.03596e-18)
(1.38321 -0.0928667 0)
(1.36903 -0.0904811 9.15989e-19)
(1.36377 -0.0816825 -8.26996e-19)
(1.36684 -0.0709088 -1.39967e-18)
(1.3806 -0.0610184 0)
(1.39415 -0.0540377 0)
(1.43532 -0.0489785 1.98285e-21)
(1.13923 0.203371 5.54627e-19)
(1.1698 0.299792 0)
(1.20141 0.389587 0)
(1.23174 0.465402 0)
(1.25802 0.51985 5.63273e-19)
(1.27977 0.549014 -1.0499e-19)
(1.2994 0.553326 5.56419e-20)
(1.32021 0.535611 -1.75058e-19)
(1.34408 0.499019 0)
(1.37105 0.446286 -3.86858e-19)
(1.39941 0.379858 0)
(1.4258 0.302514 -9.95782e-19)
(1.44573 0.218403 0)
(1.45512 0.133688 0)
(1.45223 0.055904 0)
(1.43848 -0.00788696 -1.21018e-18)
(1.41796 -0.0532484 0)
(1.39589 -0.0796653 -1.05079e-18)
(1.37698 -0.0900046 0)
(1.36435 -0.0889616 -9.24857e-19)
(1.36002 -0.081498 0)
(1.36364 -0.0718928 1.40839e-18)
(1.37773 -0.0629518 0)
(1.39149 -0.0565724 0)
(1.43288 -0.0520978 2.84706e-19)
(1.04823 0.193849 0)
(1.0813 0.289546 0)
(1.11687 0.379367 0)
(1.15296 0.456184 -5.26486e-19)
(1.18666 0.512238 1.12172e-20)
(1.21647 0.542753 1.06615e-19)
(1.24364 0.54756 -1.21453e-19)
(1.27089 0.529589 -2.105e-19)
(1.30012 0.492507 0)
(1.3315 0.43956 3.90755e-19)
(1.36346 0.373572 -9.77629e-19)
(1.39298 0.297537 -7.31571e-20)
(1.41607 0.215538 0)
(1.42909 0.133322 1.19419e-18)
(1.43033 0.0578117 -1.23192e-18)
(1.4209 -0.00446772 1.20058e-18)
(1.40436 -0.0493173 -1.22196e-18)
(1.38553 -0.0761011 -2.23666e-18)
(1.36901 -0.087391 0)
(1.35803 -0.0875789 -1.88898e-18)
(1.35481 -0.0813786 -1.67893e-18)
(1.35915 -0.0729017 0)
(1.37376 -0.0648917 1.07998e-18)
(1.38788 -0.0591072 6.56164e-19)
(1.42975 -0.0552128 2.82643e-19)
(0.953581 0.184046 1.35669e-18)
(0.988648 0.278612 0)
(1.02752 0.367927 0)
(1.06861 0.445181 5.41236e-19)
(1.10915 0.502476 7.64643e-21)
(1.14692 0.534328 -1.0799e-19)
(1.18202 0.539908 1.42653e-19)
(1.21635 0.522054 2.1355e-19)
(1.25164 0.484818 -7.14484e-19)
(1.28812 0.431926 0)
(1.32439 0.366565 9.8786e-19)
(1.3577 0.291924 -7.10538e-20)
(1.38444 0.21202 0)
(1.40134 0.132246 -1.19607e-18)
(1.40676 0.0589888 1.2288e-18)
(1.40154 -0.00171847 0)
(1.3889 -0.0459258 1.2411e-18)
(1.37329 -0.072925 4.58857e-18)
(1.35923 -0.0850265 0)
(1.35005 -0.0863429 3.82717e-18)
(1.3481 -0.081339 3.38626e-18)
(1.35337 -0.0739519 0)
(1.36869 -0.0668533 -1.08541e-18)
(1.38333 -0.0616575 -6.59007e-19)
(1.42593 -0.0583347 -5.66264e-19)
(0.856036 0.174136 -1.42096e-18)
(0.892644 0.267212 0)
(0.934208 0.355529 0)
(0.979577 0.43265 0)
(1.0263 0.490727 -6.61975e-19)
(1.07171 0.523759 1.10475e-19)
(1.11488 0.530269 -7.80214e-20)
(1.15679 0.512856 0)
(1.19872 0.475799 7.25684e-19)
(1.2409 0.423239 9.8084e-19)
(1.28207 0.358707 0)
(1.31971 0.285571 -6.8894e-20)
(1.35054 0.207792 0)
(1.37156 0.130451 -1.34081e-18)
(1.38122 0.0594574 0)
(1.38021 0.000390188 -2.71263e-18)
(1.37142 -0.0430547 0)
(1.35909 -0.0701322 -2.3527e-18)
(1.3476 -0.0829219 0)
(1.34038 -0.0852692 -1.93857e-18)
(1.33991 -0.0813968 3.5933e-21)
(1.34629 -0.0750607 0)
(1.36253 -0.0688525 1.08391e-18)
(1.37785 -0.0642395 -6.56003e-19)
(1.42141 -0.0614744 8.49016e-19)
(0.756226 0.164274 0)
(0.793971 0.25554 1.22789e-18)
(0.837706 0.342403 0)
(0.886701 0.418837 0)
(0.938938 0.477184 3.43389e-19)
(0.991532 0.511123 0)
(1.04271 0.518602 0)
(1.09247 0.501882 0)
(1.14153 0.465322 0)
(1.18992 0.413376 5.78354e-20)
(1.23649 0.349891 0)
(1.27891 0.278396 -6.66461e-20)
(1.31419 0.202807 0)
(1.33956 0.127924 2.76069e-18)
(1.35357 0.0592281 0)
(1.35678 0.00187385 2.70503e-18)
(1.35188 -0.0406902 0)
(1.3429 -0.0677142 0)
(1.33413 -0.0810809 0)
(1.32905 -0.0843726 0)
(1.33025 -0.0815702 4.61686e-21)
(1.33795 -0.0762462 0)
(1.35529 -0.0709055 -1.08931e-18)
(1.37145 -0.0668693 6.58761e-19)
(1.41621 -0.0646428 -1.13365e-18)
(0.654656 0.154596 0)
(0.693196 0.243759 -2.58805e-18)
(0.738667 0.328745 0)
(0.790737 0.403961 0)
(0.847866 0.462046 0)
(0.907123 0.496532 0)
(0.966075 0.504914 0)
(1.02381 0.489062 0)
(1.08031 0.453283 0)
(1.13532 0.402236 -1.07496e-18)
(1.18771 0.340025 -1.29357e-18)
(1.23529 0.270329 1.336e-18)
(1.27533 0.19702 0)
(1.30526 0.124649 -1.42289e-18)
(1.32372 0.0583028 -2.96177e-18)
(1.33123 0.00273995 0)
(1.33028 -0.0388344 0)
(1.32476 -0.0656882 0)
(1.31886 -0.0795226 0)
(1.3161 -0.0836732 0)
(1.31917 -0.0818796 5.54279e-21)
(1.32838 -0.0775272 0)
(1.34702 -0.0730287 0)
(1.36417 -0.0695632 -1.31442e-18)
(1.41036 -0.0678506 5.68215e-19)
(0.551727 0.145216 1.74237e-18)
(0.590796 0.232002 2.73651e-18)
(0.63766 0.314707 0)
(0.692366 0.388207 0)
(0.753841 0.445496 0)
(0.819227 0.480121 -1.71594e-19)
(0.885617 0.48925 0)
(0.951263 0.474366 0)
(1.01539 0.439609 0)
(1.07733 0.389734 0)
(1.13587 0.329034 1.31838e-18)
(1.18894 0.26131 0)
(1.23399 0.190395 0)
(1.26867 0.120609 0)
(1.2917 0.0566781 2.97571e-18)
(1.30357 0.00298847 0)
(1.30666 -0.0374941 0)
(1.30473 -0.0640723 -2.66226e-18)
(1.30186 -0.0782725 0)
(1.3016 -0.0831943 0)
(1.30673 -0.0823453 -1.76191e-18)
(1.31763 -0.0789223 -2.90069e-18)
(1.33775 -0.0752385 0)
(1.35603 -0.0723375 1.31962e-18)
(1.40387 -0.0711079 0)
(0.447772 0.136217 -1.85808e-18)
(0.487184 0.22036 -1.44935e-18)
(0.535193 0.300399 0)
(0.59221 0.371719 0)
(0.657582 0.427697 7.16498e-19)
(0.728588 0.462026 1.78417e-19)
(0.802008 0.471686 -3.39024e-19)
(0.875378 0.457798 0)
(0.947165 0.424257 0)
(1.01623 0.375808 0)
(1.08117 0.316856 1.46616e-18)
(1.13998 0.251291 3.14316e-18)
(1.19026 0.182899 0)
(1.22985 0.115787 0)
(1.25756 0.0543462 0)
(1.27388 0.00261341 0)
(1.28111 -0.03668 0)
(1.28286 -0.0628695 -5.02851e-20)
(1.28319 -0.0773368 2.39929e-18)
(1.28562 -0.0829521 0)
(1.293 -0.0829877 0)
(1.30578 -0.0804507 2.91812e-18)
(1.32755 -0.0775512 0)
(1.3471 -0.0752088 0)
(1.39678 -0.0744248 0)
(0.343094 0.127651 -1.94698e-18)
(0.382754 0.20889 3.01241e-18)
(0.431751 0.285886 -2.17483e-18)
(0.49086 0.354601 0)
(0.559773 0.408781 -3.65589e-20)
(0.635937 0.442376 -1.15313e-19)
(0.715945 0.452313 7.45977e-19)
(0.796746 0.439391 0)
(0.876104 0.407212 0)
(0.952361 0.360415 0)
(1.02386 0.303442 -1.50234e-18)
(1.0886 0.240228 -6.53202e-18)
(1.14429 0.1745 0)
(1.18892 0.110164 0)
(1.22141 0.0512969 3.33436e-18)
(1.24228 0.00160565 0)
(1.25373 -0.0364027 0)
(1.25931 -0.0620996 2.73394e-18)
(1.26299 -0.0767414 -2.42531e-18)
(1.26828 -0.0829725 0)
(1.27809 -0.0838296 -3.61939e-18)
(1.29292 -0.082132 -2.94381e-18)
(1.31649 -0.0799834 0)
(1.33744 -0.0781939 0)
(1.38916 -0.0778105 0)
(0.238012 0.119531 2.1003e-18)
(0.27793 0.197605 -3.22748e-18)
(0.327831 0.271189 6.05252e-20)
(0.388909 0.336917 0)
(0.461086 0.388845 -4.59474e-20)
(0.541994 0.42129 1.20975e-19)
(0.628136 0.43123 -8.65936e-19)
(0.715995 0.419202 0)
(0.802714 0.388485 0)
(0.886113 0.343536 0)
(0.964245 0.288761 0)
(1.03503 0.228089 6.91034e-18)
(1.09625 0.165175 0)
(1.14603 0.103724 0)
(1.1834 0.0475183 9.14785e-20)
(1.20889 -4.61416e-05 3.29658e-18)
(1.22467 -0.0366767 0)
(1.23419 -0.0617884 0)
(1.24138 -0.0765167 -5.02225e-18)
(1.2497 -0.0832809 0)
(1.2621 -0.084893 3.64514e-18)
(1.27913 -0.0839854 2.96021e-18)
(1.30466 -0.0825513 0)
(1.32712 -0.0813097 1.32555e-18)
(1.38104 -0.0812736 -5.73783e-19)
(0.132858 0.111826 0)
(0.173229 0.186482 0)
(0.223991 0.256296 2.41685e-18)
(0.286976 0.318698 -1.46491e-18)
(0.362198 0.367963 -1.44549e-18)
(0.447476 0.398871 3.2071e-20)
(0.539292 0.408542 -4.68848e-20)
(0.633776 0.397308 9.75676e-19)
(0.727544 0.368111 2.65402e-18)
(0.817928 0.325173 -3.1689e-18)
(0.902661 0.272795 3.51209e-18)
(0.979532 0.214853 -3.60236e-18)
(1.04637 0.154901 0)
(1.10138 0.0964502 3.72095e-18)
(1.14369 0.0429974 8.54998e-20)
(1.17388 -0.00235561 -3.32516e-18)
(1.19408 -0.0375204 0)
(1.20767 -0.0619563 -5.76431e-18)
(1.2185 -0.0766843 5.07194e-18)
(1.23001 -0.0838994 0)
(1.24516 -0.0861998 -3.70298e-18)
(1.26455 -0.0860308 2.98894e-18)
(1.29216 -0.0852716 0)
(1.31623 -0.0845734 -1.32953e-18)
(1.3725 -0.0848217 1.15082e-18)
(0.0276356 0.104513 0)
(0.0692913 0.175476 0)
(0.12087 0.241162 0)
(0.18574 0.299956 1.56917e-18)
(0.263805 0.346183 1.4168e-18)
(0.353102 0.375212 -3.39799e-20)
(0.450123 0.384354 1.1542e-18)
(0.550751 0.373796 -1.02318e-18)
(0.651171 0.346146 9.37385e-20)
(0.748283 0.305348 -9.48252e-20)
(0.839495 0.255542 -3.63273e-18)
(0.92243 0.200505 -3.90811e-18)
(0.994898 0.143665 0)
(1.05518 0.0883284 -3.79552e-18)
(1.1025 0.03772 -3.64687e-18)
(1.13745 -0.00533908 0)
(1.16216 -0.0389543 0)
(1.17993 -0.0626266 5.78885e-18)
(1.19454 -0.077262 -5.2245e-18)
(1.20939 -0.0848524 4.46267e-18)
(1.22744 -0.0877751 3.7264e-18)
(1.2493 -0.0882895 -3.00359e-18)
(1.27912 -0.0881612 0)
(1.3049 -0.0880028 0)
(1.36361 -0.0884606 -5.76912e-19)
(-0.0757504 0.0973766 0)
(-0.0326499 0.164342 -3.53704e-18)
(0.0191054 0.225963 0)
(0.0859364 0.280694 0)
(0.166636 0.32354 -7.24522e-20)
(0.259595 0.350396 0)
(0.361338 0.358772 -6.37436e-19)
(0.467584 0.348766 -2.34884e-18)
(0.574189 0.322662 -6.09409e-18)
(0.677688 0.284099 3.53297e-18)
(0.775171 0.237015 0)
(0.864069 0.185043 4.03674e-18)
(0.942139 0.131455 0)
(1.0077 0.079345 4.05073e-18)
(1.06006 0.0316701 3.86499e-18)
(1.09983 -0.00901604 -3.61339e-18)
(1.12914 -0.0410023 0)
(1.15119 -0.0638267 -5.98574e-18)
(1.16972 -0.0782806 5.25086e-18)
(1.18804 -0.0861697 -4.495e-18)
(1.20912 -0.0896439 3.78275e-18)
(1.23357 -0.0907817 0)
(1.26566 -0.0912361 0)
(1.29323 -0.0916149 0)
(1.35444 -0.0921916 5.76857e-19)
(-0.176377 0.0905777 0)
(-0.13167 0.153268 3.45248e-18)
(-0.0797203 0.210488 0)
(-0.0116111 0.260995 0)
(0.0714402 0.300101 -7.0303e-19)
(0.167685 0.324507 1.49862e-19)
(0.273637 0.331903 0)
(0.384937 0.322328 2.48739e-18)
(0.497202 0.297744 3.25636e-18)
(0.606672 0.261481 3.8783e-18)
(0.710144 0.217239 0)
(0.804841 0.168473 4.35548e-18)
(0.888431 0.118266 0)
(0.959254 0.0694869 -8.3794e-18)
(1.01666 0.0248293 -7.95081e-18)
(1.06131 -0.0134103 -3.7852e-18)
(1.09528 -0.043693 0)
(1.12174 -0.0655889 1.21374e-17)
(1.1443 -0.0797804 5.38493e-18)
(1.16621 -0.0878829 0)
(1.19042 -0.091832 1.71229e-20)
(1.21754 -0.0935278 0)
(1.25195 -0.0945111 0)
(1.28136 -0.0954202 1.34066e-18)
(1.34488 -0.0960013 -5.77398e-19)
(-0.272611 0.0836969 0)
(-0.227365 0.142128 3.07374e-18)
(-0.175221 0.194855 0)
(-0.105692 0.240721 0)
(-0.0209555 0.275938 0)
(0.0780816 0.29766 -3.88493e-19)
(0.187705 0.303856 0)
(0.303461 0.294598 -2.8346e-18)
(0.420812 0.271489 0)
(0.535782 0.237559 -4.08001e-18)
(0.644903 0.196251 0)
(0.745177 0.150808 7.37538e-20)
(0.834162 0.104094 0)
(0.910191 0.0587394 4.34465e-18)
(0.972646 0.0171746 8.25823e-18)
(1.02222 -0.0185511 -1.07644e-19)
(1.06094 -0.0470608 0)
(1.09189 -0.0679502 -6.16334e-18)
(1.11858 -0.0817956 -5.42337e-18)
(1.14417 -0.0900196 4.64371e-18)
(1.17157 -0.0943628 1.66027e-20)
(1.20139 -0.096542 0)
(1.23803 -0.0979876 0)
(1.26918 -0.0993958 -1.3411e-18)
(1.33423 -0.0998136 -1.14588e-18)
(-0.362734 0.076794 0)
(-0.318336 0.130944 -5.88332e-18)
(-0.266305 0.179043 0)
(-0.195828 0.220027 0)
(-0.109649 0.251014 5.17905e-19)
(-0.00850738 0.269987 2.43193e-19)
(0.104195 0.274757 0)
(0.22379 0.265697 6.1544e-18)
(0.345618 0.244001 0)
(0.465578 0.212404 4.46422e-18)
(0.579965 0.17409 0)
(0.685555 0.132061 -9.67343e-18)
(0.779778 0.0889333 0)
(0.86094 0.0470826 0)
(0.928439 0.00867532 -4.26283e-18)
(0.982962 -0.0244771 -9.75239e-20)
(1.0265 -0.0511483 0)
(1.06202 -0.0709507 6.36353e-18)
(1.0929 -0.0843721 0)
(1.1222 -0.0926167 -9.35696e-18)
(1.15274 -0.0972513 -7.74559e-18)
(1.18501 -0.0998024 -3.0839e-18)
(1.22326 -0.101592 -2.27844e-18)
(1.25539 -0.103374 0)
(1.3197 -0.103342 1.13957e-18)
(-0.445764 0.0701805 0)
(-0.403403 0.119884 2.82474e-18)
(-0.351859 0.163089 0)
(-0.281154 0.19898 0)
(-0.194113 0.22559 -7.52125e-20)
(-0.0913668 0.241356 7.69956e-19)
(0.0237217 0.244862 0)
(0.146537 0.235761 -3.36071e-18)
(0.272218 0.215383 0)
(0.39664 0.186091 -4.74207e-18)
(0.51589 0.150798 0)
(0.626517 0.112247 -5.82126e-20)
(0.725806 0.0727765 0)
(0.812021 0.0344914 4.81634e-18)
(0.884551 -0.000705264 0)
(0.94406 -0.0312309 1.62984e-17)
(0.99246 -0.0559984 0)
(1.03257 -0.0746269 -6.44356e-18)
(1.06755 -0.0875021 -5.6394e-18)
(1.10029 -0.0956438 9.42985e-18)
(1.13327 -0.100406 7.77512e-18)
(1.1666 -0.103081 3.07571e-18)
(1.20427 -0.104913 2.26571e-18)
(1.23481 -0.10669 0)
(1.29434 -0.105799 -1.11239e-18)
(-0.521173 0.0641852 0)
(-0.481675 0.109125 0)
(-0.431129 0.1471 -1.89768e-18)
(-0.360957 0.177697 0)
(-0.273671 0.199794 3.19667e-19)
(-0.169918 0.212133 -7.83801e-19)
(-0.0531043 0.214088 0)
(0.0722715 0.204905 0)
(0.201223 0.185741 0)
(0.32959 0.158687 5.18238e-18)
(0.453309 0.126404 5.44565e-18)
(0.5687 0.091363 -4.98795e-20)
(0.672888 0.055592 0)
(0.764077 0.0209151 5.08577e-18)
(0.841619 -0.0110277 0)
(0.906107 -0.0388725 7.70176e-20)
(0.959283 -0.0616539 0)
(1.00363 -0.0789828 6.63116e-18)
(1.04193 -0.0911049 5.64367e-18)
(1.07632 -0.0988249 2.20424e-20)
(1.1086 -0.103215 1.25045e-20)
(1.13878 -0.105377 0)
(1.17139 -0.106653 -4.50099e-18)
(1.19627 -0.107846 0)
(1.24759 -0.10588 2.18254e-18)
(-0.588542 0.0591187 0)
(-0.55258 0.0988523 -2.37888e-18)
(-0.503647 0.131276 9.27102e-20)
(-0.43474 0.156361 0)
(-0.347767 0.173759 -7.839e-19)
(-0.2436 0.182568 0)
(-0.125696 0.182522 0)
(0.00162091 0.173188 0)
(0.133322 0.155152 0)
(0.265162 0.130246 -5.56657e-18)
(0.393006 0.100939 4.10306e-20)
(0.512925 0.0694224 5.78401e-18)
(0.621867 0.0373844 0)
(0.717934 0.0063592 -1.04731e-17)
(0.800347 -0.0222723 0)
(0.869422 -0.0473382 -8.6594e-18)
(0.926325 -0.0679378 7.72448e-18)
(0.972716 -0.0836259 -6.6867e-18)
(1.01028 -0.094337 5.6738e-18)
(1.04033 -0.100658 -9.4184e-18)
(1.06524 -0.103639 -7.7095e-18)
(1.08649 -0.10449 0)
(1.1103 -0.104806 4.4468e-18)
(1.12728 -0.105231 -2.60312e-18)
(1.17063 -0.102459 -2.1444e-18)
(-0.647234 0.0550555 0)
(-0.615782 0.0889546 1.03024e-19)
(-0.569117 0.115616 3.54798e-18)
(-0.502114 0.134976 -2.14454e-18)
(-0.415924 0.147517 0)
(-0.311858 0.152679 0)
(-0.193352 0.150439 0)
(-0.0646133 0.140701 0)
(0.0694659 0.123713 0)
(0.204385 0.10081 0)
(0.33605 0.0743528 2.98882e-20)
(0.460227 0.0462803 0)
(0.573556 0.0179286 0)
(0.673799 -0.00942836 -1.10251e-17)
(0.759579 -0.0345842 0)
(0.830207 -0.0564137 0)
(0.885549 -0.0739298 -7.79355e-18)
(0.926273 -0.0865678 0)
(0.953912 -0.0942734 -1.12705e-17)
(0.971729 -0.0979281 9.3778e-18)
(0.984533 -0.0988935 7.67415e-18)
(0.995263 -0.0984314 0)
(1.01095 -0.0981345 0)
(1.0211 -0.0981589 5.16631e-18)
(1.05915 -0.0952968 1.05741e-18)
(-0.695375 0.0517583 0)
(-0.670228 0.0803062 2.26509e-18)
(-0.626487 0.101446 -1.74772e-18)
(-0.562015 0.114894 7.43078e-20)
(-0.477028 0.122263 0)
(-0.37349 0.123331 1.14082e-18)
(-0.254749 0.118328 0)
(-0.125044 0.10744 0)
(0.010988 0.0910581 0)
(0.148446 0.0703148 0)
(0.282986 0.0470447 -6.73849e-18)
(0.409761 0.0228374 0)
(0.524558 -0.00131182 0)
(0.624117 -0.0242688 -4.21007e-20)
(0.705844 -0.0448548 0)
(0.76811 -0.0619535 0)
(0.810937 -0.0747562 0)
(0.836373 -0.0828562 6.76847e-18)
(0.848944 -0.086948 -2.01967e-20)
(0.8541 -0.0882011 -9.47672e-18)
(0.857334 -0.0878911 -7.76357e-18)
(0.861091 -0.0868851 0)
(0.872262 -0.0865954 0)
(0.877514 -0.0865545 1.61388e-20)
(0.915255 -0.0852139 -1.10414e-18)
(-0.704366 0.0532884 0)
(-0.694328 0.0749843 0)
(-0.660134 0.0882475 -3.29548e-18)
(-0.603297 0.0944563 2.08871e-18)
(-0.523341 0.095845 0)
(-0.423401 0.0925283 -1.15641e-18)
(-0.306787 0.0849063 0)
(-0.178022 0.0733171 0)
(-0.0422579 0.0581558 0)
(0.0931579 0.0394905 7.22533e-18)
(0.222788 0.0195531 -7.21195e-18)
(0.341562 0.00011227 1.37971e-17)
(0.444755 -0.0180588 0)
(0.529147 -0.034111 1.15625e-17)
(0.593031 -0.0473515 0)
(0.636541 -0.0573673 0)
(0.661925 -0.0641802 0)
(0.674318 -0.0680991 1.73411e-20)
(0.677761 -0.0697157 5.50529e-18)
(0.676307 -0.0697816 -1.17963e-20)
(0.674724 -0.0692006 1.12105e-17)
(0.674778 -0.0684317 -5.84009e-18)
(0.683178 -0.0686659 0)
(0.685594 -0.06792 -4.88739e-18)
(0.719556 -0.07606 1.01148e-18)
(-0.566252 0.0447373 0)
(-0.603142 0.0484386 0)
(-0.590096 0.0516836 3.39705e-18)
(-0.552978 0.0503861 0)
(-0.49171 0.0467525 6.4085e-19)
(-0.410348 0.0410933 0)
(-0.312687 0.033765 3.10122e-18)
(-0.203586 0.0250523 0)
(-0.0882763 0.0149896 0)
(0.0278002 0.00389382 -1.0269e-20)
(0.138813 -0.00801883 7.85825e-18)
(0.240756 -0.019313 -1.49014e-17)
(0.329755 -0.0295188 0)
(0.403113 -0.0382514 0)
(0.459271 -0.0452328 0)
(0.49812 -0.0503574 0)
(0.521218 -0.053745 0)
(0.530957 -0.0554919 -1.38694e-17)
(0.532861 -0.056038 0)
(0.531919 -0.0560604 4.88353e-18)
(0.53236 -0.0560371 -7.97361e-18)
(0.534889 -0.0564584 1.24712e-17)
(0.54673 -0.0569722 0)
(0.547195 -0.0599616 1.18456e-20)
(0.592895 -0.0314939 0)
)
;

boundaryField
{
    inlet
    {
        type            fixedValue;
        value           uniform (1.7 0 0);
    }
    outlet
    {
        type            zeroGradient;
    }
    upperWall
    {
        type            noSlip;
    }
    lowerWall
    {
        type            noSlip;
    }
    frontAndBack
    {
        type            empty;
    }
}


// ************************************************************************* //
