/*--------------------------------*- C++ -*----------------------------------*\
| =========                 |                                                 |
| \\      /  F ield         | OpenFOAM: The Open Source CFD Toolbox           |
|  \\    /   O peration     | Version:  2406                                  |
|   \\  /    A nd           | Website:  www.openfoam.com                      |
|    \\/     M anipulation  |                                                 |
\*---------------------------------------------------------------------------*/
FoamFile
{
    version     2.0;
    format      ascii;
    arch        "LSB;label=32;scalar=64";
    class       volScalarField;
    location    "1.47";
    object      nut;
}
// * * * * * * * * * * * * * * * * * * * * * * * * * * * * * * * * * * * * * //

dimensions      [0 2 -1 0 0 0 0];

internalField   nonuniform List<scalar> 
12225
(
7.69938e-05
7.1251e-05
6.75212e-05
6.40424e-05
6.06484e-05
5.74584e-05
5.44914e-05
5.17108e-05
4.90922e-05
4.66246e-05
4.43061e-05
4.21195e-05
4.00489e-05
3.80924e-05
3.62337e-05
3.45195e-05
3.27307e-05
3.10383e-05
2.51028e-06
3.50241e-06
4.3757e-06
5.34044e-06
6.09317e-06
6.62907e-06
7.02024e-06
7.30108e-06
7.48671e-06
7.59504e-06
7.64348e-06
7.65307e-06
7.63383e-06
7.59289e-06
7.54129e-06
7.47498e-06
7.43611e-06
7.30557e-06
1.89616e-07
6.3446e-07
9.3686e-07
1.00016e-06
9.29913e-07
7.87353e-07
6.03998e-07
4.03148e-07
2.11642e-07
1.20874e-07
2.57483e-07
4.39465e-07
6.08824e-07
7.59133e-07
8.90372e-07
1.00327e-06
1.09414e-06
1.15677e-06
3.29184e-07
3.71962e-07
4.6635e-07
5.66507e-07
6.37695e-07
6.73681e-07
6.85422e-07
6.82046e-07
6.67906e-07
6.45919e-07
6.1905e-07
5.90014e-07
5.60768e-07
5.33273e-07
5.10573e-07
4.97633e-07
5.02004e-07
5.29652e-07
2.48167e-07
2.75101e-07
2.57513e-07
2.36521e-07
2.17651e-07
2.0372e-07
1.96551e-07
1.94981e-07
1.96927e-07
2.01148e-07
2.07209e-07
2.15151e-07
2.25347e-07
2.38501e-07
2.55755e-07
2.78519e-07
3.07942e-07
3.45283e-07
1.80954e-07
2.0448e-07
1.98528e-07
1.94319e-07
1.95427e-07
1.97524e-07
1.9707e-07
1.93867e-07
1.8877e-07
1.82706e-07
1.76666e-07
1.71662e-07
1.68554e-07
1.68006e-07
1.70592e-07
1.76827e-07
1.86928e-07
2.032e-07
1.37674e-07
1.65144e-07
1.73033e-07
1.75053e-07
1.75898e-07
1.73775e-07
1.67492e-07
1.58563e-07
1.48939e-07
1.39917e-07
1.32263e-07
1.2644e-07
1.22701e-07
1.21166e-07
1.21918e-07
1.25112e-07
1.30727e-07
1.41102e-07
1.07869e-07
1.35229e-07
1.4861e-07
1.52007e-07
1.51798e-07
1.49549e-07
1.45196e-07
1.39472e-07
1.33426e-07
1.27699e-07
1.22554e-07
1.18095e-07
1.14365e-07
1.11376e-07
1.09149e-07
1.07807e-07
1.07432e-07
1.1015e-07
8.55627e-08
1.11734e-07
1.28504e-07
1.35007e-07
1.36786e-07
1.36244e-07
1.33524e-07
1.2886e-07
1.23e-07
1.16614e-07
1.10093e-07
1.03629e-07
9.73131e-08
9.11749e-08
8.52488e-08
7.97098e-08
7.4902e-08
7.30166e-08
6.79631e-08
9.36142e-08
1.12898e-07
1.22303e-07
1.25818e-07
1.26032e-07
1.23681e-07
1.19189e-07
1.13296e-07
1.06691e-07
9.9755e-08
9.26039e-08
8.52096e-08
7.74787e-08
6.93255e-08
6.08e-08
5.22305e-08
4.56212e-08
5.35889e-08
7.96076e-08
1.00709e-07
1.12287e-07
1.17235e-07
1.18169e-07
1.16332e-07
1.12338e-07
1.06826e-07
1.00362e-07
9.32571e-08
8.55812e-08
7.72722e-08
6.82055e-08
5.8239e-08
4.72704e-08
3.52918e-08
2.34483e-08
4.16002e-08
6.88226e-08
9.1331e-08
1.04569e-07
1.10806e-07
1.12535e-07
1.11259e-07
1.07735e-07
1.02552e-07
9.62207e-08
8.90608e-08
8.11891e-08
7.25966e-08
6.32176e-08
5.29731e-08
4.1815e-08
2.978e-08
1.75311e-08
3.16283e-08
6.07876e-08
8.4433e-08
9.89431e-08
1.06261e-07
1.08724e-07
1.07965e-07
1.0488e-07
1.00084e-07
9.40781e-08
8.72157e-08
7.96797e-08
7.15516e-08
6.2894e-08
5.38343e-08
4.46753e-08
3.61987e-08
2.98505e-08
2.38555e-08
5.5324e-08
7.98173e-08
9.52626e-08
1.03418e-07
1.06509e-07
1.06243e-07
1.03624e-07
9.93041e-08
9.37999e-08
8.75001e-08
8.06623e-08
7.34726e-08
6.61326e-08
5.8952e-08
5.24227e-08
4.7435e-08
4.46464e-08
1.9324e-08
5.24242e-08
7.73656e-08
9.34364e-08
1.02189e-07
1.05789e-07
1.05979e-07
1.03829e-07
1.00034e-07
9.51294e-08
8.95461e-08
8.36048e-08
7.75691e-08
7.17178e-08
6.64119e-08
6.20908e-08
5.94227e-08
5.84536e-08
1.956e-08
5.21571e-08
7.70592e-08
9.34392e-08
1.02542e-07
1.06508e-07
1.07091e-07
1.0539e-07
1.02121e-07
9.78478e-08
9.30317e-08
8.80309e-08
8.31413e-08
7.86504e-08
7.48804e-08
7.21427e-08
7.08995e-08
7.08841e-08
2.44167e-08
5.45537e-08
7.89485e-08
9.53117e-08
1.04501e-07
1.08667e-07
1.09554e-07
1.08241e-07
1.05452e-07
1.01775e-07
9.76875e-08
9.35539e-08
8.96652e-08
8.62779e-08
8.36471e-08
8.19664e-08
8.15625e-08
8.20181e-08
3.23068e-08
5.95739e-08
8.30935e-08
9.91073e-08
1.08115e-07
1.12314e-07
1.13403e-07
1.12387e-07
1.09982e-07
1.06796e-07
1.03316e-07
9.98996e-08
9.68083e-08
9.4249e-08
9.24132e-08
9.14052e-08
9.14668e-08
9.21026e-08
4.22663e-08
6.72324e-08
8.9654e-08
1.04952e-07
1.13484e-07
1.17542e-07
1.18711e-07
1.17882e-07
1.15748e-07
1.12926e-07
1.09893e-07
1.06983e-07
1.0443e-07
1.02401e-07
1.01035e-07
1.00377e-07
1.00631e-07
1.01264e-07
5.41658e-08
7.77118e-08
9.8874e-08
1.13038e-07
1.20817e-07
1.24569e-07
1.25646e-07
1.248e-07
1.2275e-07
1.20146e-07
1.17441e-07
1.14909e-07
1.12725e-07
1.11012e-07
1.09861e-07
1.09274e-07
1.09423e-07
1.09776e-07
6.84012e-08
9.14716e-08
1.11095e-07
1.23587e-07
1.3039e-07
1.33805e-07
1.34701e-07
1.33614e-07
1.31317e-07
1.28544e-07
1.25785e-07
1.23314e-07
1.21278e-07
1.19751e-07
1.18782e-07
1.18334e-07
1.18552e-07
1.18837e-07
8.58258e-08
1.09403e-07
1.26946e-07
1.37008e-07
1.42433e-07
1.45377e-07
1.4614e-07
1.45007e-07
1.42671e-07
1.39774e-07
1.36739e-07
1.33832e-07
1.31224e-07
1.2901e-07
1.27262e-07
1.25964e-07
1.25321e-07
1.24827e-07
1.07934e-07
1.32776e-07
1.47531e-07
1.54915e-07
1.5857e-07
1.59944e-07
1.59183e-07
1.5702e-07
1.54391e-07
1.51837e-07
1.49547e-07
1.47558e-07
1.45848e-07
1.44368e-07
1.43094e-07
1.41956e-07
1.4118e-07
1.40163e-07
1.37531e-07
1.62654e-07
1.72658e-07
1.79048e-07
1.83891e-07
1.85407e-07
1.82598e-07
1.76924e-07
1.70206e-07
1.63611e-07
1.57744e-07
1.52848e-07
1.48923e-07
1.45824e-07
1.43393e-07
1.41454e-07
1.40186e-07
1.39115e-07
1.80616e-07
2.02095e-07
1.99049e-07
1.9945e-07
2.04807e-07
2.10993e-07
2.14543e-07
2.15082e-07
2.13255e-07
2.09773e-07
2.05321e-07
2.00481e-07
1.95574e-07
1.90662e-07
1.85725e-07
1.80749e-07
1.76116e-07
1.71245e-07
2.4767e-07
2.73126e-07
2.59312e-07
2.42643e-07
2.27334e-07
2.16431e-07
2.11616e-07
2.11585e-07
2.14213e-07
2.18172e-07
2.22787e-07
2.27649e-07
2.32333e-07
2.36329e-07
2.39055e-07
2.4031e-07
2.40767e-07
2.40846e-07
3.28429e-07
3.70712e-07
4.69493e-07
5.7184e-07
6.4306e-07
6.77722e-07
6.87242e-07
6.8117e-07
6.64241e-07
6.39632e-07
6.10301e-07
5.78763e-07
5.46444e-07
5.13903e-07
4.80388e-07
4.45527e-07
4.07029e-07
3.72594e-07
1.89038e-07
6.31127e-07
9.32837e-07
9.95128e-07
9.25075e-07
7.84543e-07
6.05312e-07
4.1069e-07
2.25973e-07
1.22155e-07
2.26263e-07
3.88703e-07
5.39274e-07
6.68583e-07
7.77624e-07
8.66599e-07
9.47577e-07
1.01002e-06
2.50951e-06
3.49554e-06
4.35848e-06
5.30674e-06
6.03752e-06
6.54685e-06
6.90743e-06
7.15408e-06
7.30233e-06
7.37012e-06
7.37561e-06
7.33683e-06
7.26457e-06
7.16616e-06
7.04221e-06
6.90848e-06
6.72445e-06
6.60952e-06
7.699e-05
7.12474e-05
6.75212e-05
6.4053e-05
6.06772e-05
5.75127e-05
5.45777e-05
5.18352e-05
4.92603e-05
4.68423e-05
4.45758e-05
4.24471e-05
4.04405e-05
3.85444e-05
3.67594e-05
3.50416e-05
3.35255e-05
3.20509e-05
4.93792e-06
3.77307e-06
4.43708e-06
9.24691e-06
1.42064e-05
1.84567e-05
2.20037e-05
2.46233e-05
2.6157e-05
2.6251e-05
2.44532e-05
2.09669e-05
1.63913e-05
1.16029e-05
7.50489e-06
4.73807e-06
4.30928e-06
6.30174e-06
8.44522e-06
9.57629e-06
9.84106e-06
8.85751e-06
6.12499e-06
4.23122e-06
8.25348e-06
1.52317e-05
2.25185e-05
2.92562e-05
3.51758e-05
4.01076e-05
4.40672e-05
4.7151e-05
4.94677e-05
5.11257e-05
5.22246e-05
5.28461e-05
5.30621e-05
5.29377e-05
5.25476e-05
5.19231e-05
5.10664e-05
4.99949e-05
4.87173e-05
4.72357e-05
4.55459e-05
4.36431e-05
4.15276e-05
3.91964e-05
3.66524e-05
3.3909e-05
3.09901e-05
2.79304e-05
2.47738e-05
2.15712e-05
1.83776e-05
1.52497e-05
1.22446e-05
9.42729e-06
6.89798e-06
4.85337e-06
3.72515e-06
3.98529e-06
5.20134e-06
6.7093e-06
8.22499e-06
9.6567e-06
1.09763e-05
1.21777e-05
1.32634e-05
1.42393e-05
1.51108e-05
1.58815e-05
1.65503e-05
1.71118e-05
1.75523e-05
1.78573e-05
1.80296e-05
1.80717e-05
1.79851e-05
1.77781e-05
1.74699e-05
1.70947e-05
1.67038e-05
1.6365e-05
1.61569e-05
1.61505e-05
1.63679e-05
1.6727e-05
1.70393e-05
1.70133e-05
1.62759e-05
1.45265e-05
1.17629e-05
8.69752e-06
7.08056e-06
8.24001e-06
1.11007e-05
1.42542e-05
1.71481e-05
1.95787e-05
2.1515e-05
2.29776e-05
2.40024e-05
2.46287e-05
2.48903e-05
2.48343e-05
2.44933e-05
2.38668e-05
2.29641e-05
2.17987e-05
2.0386e-05
1.87452e-05
1.68999e-05
1.48801e-05
1.27253e-05
1.04891e-05
8.25339e-06
6.17006e-06
4.58393e-06
4.17256e-06
5.21001e-06
7.02344e-06
9.08361e-06
1.11742e-05
1.32042e-05
1.51293e-05
1.69249e-05
1.85768e-05
2.0077e-05
2.14209e-05
2.26057e-05
2.3626e-05
2.44722e-05
2.51207e-05
2.55364e-05
2.57155e-05
2.5671e-05
2.54046e-05
2.4921e-05
2.42314e-05
2.33541e-05
2.23145e-05
2.11443e-05
1.98801e-05
1.85606e-05
1.72251e-05
1.59103e-05
1.46483e-05
1.34633e-05
1.23662e-05
1.13519e-05
1.0399e-05
9.47748e-06
8.55902e-06
7.62759e-06
6.68481e-06
5.75246e-06
4.86585e-06
4.06465e-06
3.39824e-06
2.94913e-06
2.81124e-06
3.01918e-06
3.55049e-06
4.31891e-06
5.20548e-06
6.07932e-06
6.8094e-06
7.28511e-06
7.4287e-06
7.17191e-06
6.47844e-06
5.37859e-06
4.08009e-06
3.1979e-06
3.53517e-06
4.80556e-06
6.22347e-06
7.59853e-06
9.0562e-06
4.08273e-06
1.26057e-06
6.64864e-06
1.05005e-05
1.17932e-05
1.1133e-05
9.43107e-06
7.63564e-06
6.47323e-06
6.58592e-06
8.03078e-06
9.99224e-06
1.12429e-05
1.0912e-05
8.99327e-06
6.21077e-06
3.68442e-06
3.39734e-06
3.84095e-06
2.32013e-06
1.4021e-06
7.01513e-06
1.38508e-05
1.93935e-05
2.24803e-05
2.32183e-05
2.20068e-05
1.96224e-05
1.67138e-05
1.37865e-05
1.11472e-05
8.92154e-06
7.1263e-06
5.72581e-06
4.66342e-06
3.88496e-06
3.34373e-06
3.00231e-06
2.81621e-06
2.75024e-06
2.79139e-06
2.91044e-06
3.08961e-06
3.31723e-06
3.58498e-06
3.88552e-06
4.20801e-06
4.5389e-06
4.86199e-06
5.15892e-06
5.41086e-06
5.60096e-06
5.71675e-06
5.75192e-06
5.70694e-06
5.58862e-06
5.40886e-06
5.18272e-06
4.92512e-06
4.64749e-06
4.37577e-06
4.10092e-06
3.84106e-06
3.60214e-06
3.38969e-06
3.20787e-06
3.06006e-06
2.94851e-06
2.87501e-06
2.84193e-06
2.85367e-06
2.91804e-06
3.04616e-06
3.24514e-06
3.52045e-06
3.87173e-06
4.28735e-06
4.74871e-06
5.21753e-06
5.64559e-06
5.98519e-06
6.19336e-06
6.23984e-06
6.1184e-06
5.86335e-06
5.51985e-06
5.11227e-06
4.59627e-06
3.88053e-06
3.24534e-06
3.98806e-06
6.64023e-06
9.80142e-06
1.17976e-05
1.19724e-05
1.09126e-05
9.29097e-06
7.49302e-06
5.74683e-06
4.18941e-06
2.87204e-06
1.79298e-06
9.26425e-07
2.68959e-07
4.35513e-07
9.98146e-07
1.53485e-06
2.041e-06
2.51868e-06
2.96965e-06
3.39346e-06
3.78763e-06
4.14855e-06
4.4724e-06
4.75535e-06
4.99432e-06
5.18739e-06
5.32491e-06
5.40444e-06
5.44403e-06
5.44261e-06
5.40109e-06
5.33279e-06
5.24737e-06
5.15513e-06
5.06572e-06
4.98782e-06
4.92885e-06
4.89509e-06
4.89333e-06
4.93483e-06
5.0374e-06
5.2155e-06
5.4854e-06
5.86851e-06
6.35774e-06
6.93645e-06
7.57994e-06
8.25813e-06
8.93084e-06
9.55319e-06
1.00802e-05
1.0471e-05
1.06934e-05
1.07269e-05
1.0565e-05
1.02166e-05
9.70619e-06
9.07234e-06
8.36455e-06
7.63647e-06
6.93668e-06
6.29941e-06
5.7385e-06
5.24804e-06
4.80751e-06
4.39052e-06
3.97585e-06
3.55436e-06
3.12383e-06
2.68992e-06
2.3069e-06
2.05317e-06
1.98533e-06
2.07583e-06
2.17343e-06
2.12653e-06
1.8811e-06
1.51185e-06
1.28025e-06
1.62139e-06
2.51567e-06
3.57121e-06
4.43246e-06
4.80667e-06
4.61835e-06
4.0164e-06
3.26413e-06
2.66306e-06
2.15567e-06
1.83643e-06
5.41525e-06
9.40898e-06
1.07798e-05
1.03905e-05
8.94689e-06
7.03779e-06
5.21254e-06
3.979e-06
3.43938e-06
3.66583e-06
4.68517e-06
6.1949e-06
7.28238e-06
7.06459e-06
5.38379e-06
2.92048e-06
1.22191e-06
1.40499e-06
4.24776e-06
1.05994e-05
1.70883e-05
2.02924e-05
2.00852e-05
1.76827e-05
1.42142e-05
1.06229e-05
7.51409e-06
5.1266e-06
3.44763e-06
2.33483e-06
1.61186e-06
1.14036e-06
8.76039e-07
8.63639e-07
1.06729e-06
1.37394e-06
1.71313e-06
2.05649e-06
2.36538e-06
2.6364e-06
2.87643e-06
3.09918e-06
3.32062e-06
3.55625e-06
3.81769e-06
4.10835e-06
4.4218e-06
4.74336e-06
5.05235e-06
5.32552e-06
5.54102e-06
5.68193e-06
5.73851e-06
5.70892e-06
5.59887e-06
5.42026e-06
5.18909e-06
4.92138e-06
4.61889e-06
4.30362e-06
3.99046e-06
3.67422e-06
3.36754e-06
3.07683e-06
2.80525e-06
2.55501e-06
2.32784e-06
2.12537e-06
1.94955e-06
1.80276e-06
1.68776e-06
1.60738e-06
1.56345e-06
1.54991e-06
1.55697e-06
1.57966e-06
1.61737e-06
1.68617e-06
1.82615e-06
2.05605e-06
2.33229e-06
2.57325e-06
2.70621e-06
2.69789e-06
2.56592e-06
2.37478e-06
2.36845e-06
3.13383e-06
5.02788e-06
7.64763e-06
1.00452e-05
1.08444e-05
9.68437e-06
7.69232e-06
5.77869e-06
4.28176e-06
3.35314e-06
2.93331e-06
2.81954e-06
2.82341e-06
2.84925e-06
2.87965e-06
2.9261e-06
3.00093e-06
3.12374e-06
3.28394e-06
3.47083e-06
3.67902e-06
3.90474e-06
4.14283e-06
4.38576e-06
4.62418e-06
4.84761e-06
5.04758e-06
5.2123e-06
5.32752e-06
5.38612e-06
5.39699e-06
5.36496e-06
5.28088e-06
5.15205e-06
4.98934e-06
4.80201e-06
4.59915e-06
4.38917e-06
4.17978e-06
3.97817e-06
3.79163e-06
3.62808e-06
3.49558e-06
3.40129e-06
3.34833e-06
3.3221e-06
3.30762e-06
3.32402e-06
3.39658e-06
3.55007e-06
3.80516e-06
4.17741e-06
4.66959e-06
5.26711e-06
5.93675e-06
6.62973e-06
7.28833e-06
7.85415e-06
8.27658e-06
8.51991e-06
8.56789e-06
8.42538e-06
8.11756e-06
7.68688e-06
7.18616e-06
6.6666e-06
6.16461e-06
5.69468e-06
5.25147e-06
4.81682e-06
4.36656e-06
3.88149e-06
3.3435e-06
2.75513e-06
2.16412e-06
1.64184e-06
1.32642e-06
1.26126e-06
1.18941e-06
8.72317e-07
5.23512e-07
1.14458e-06
2.19318e-06
3.15782e-06
3.76318e-06
3.83965e-06
3.47694e-06
2.96048e-06
2.53591e-06
2.31168e-06
2.25271e-06
2.1665e-06
2.23164e-06
9.7393e-06
1.11755e-05
9.73735e-06
7.85044e-06
5.98548e-06
4.23716e-06
2.7354e-06
1.61563e-06
1.27077e-06
1.75315e-06
2.49649e-06
3.60893e-06
4.94927e-06
5.86481e-06
5.75008e-06
4.82603e-06
4.37871e-06
6.88189e-06
1.26457e-05
1.76615e-05
1.87919e-05
1.67782e-05
1.32086e-05
9.41735e-06
6.26738e-06
4.09538e-06
2.83979e-06
2.23776e-06
1.97405e-06
1.83033e-06
1.74726e-06
1.75752e-06
1.88865e-06
2.11959e-06
2.39969e-06
2.68808e-06
2.95271e-06
3.17833e-06
3.36305e-06
3.50756e-06
3.61689e-06
3.70328e-06
3.7853e-06
3.88533e-06
4.02475e-06
4.21712e-06
4.46265e-06
4.74683e-06
5.04358e-06
5.32145e-06
5.55015e-06
5.70602e-06
5.77522e-06
5.75402e-06
5.64835e-06
5.47123e-06
5.23937e-06
4.96591e-06
4.65627e-06
4.33052e-06
4.00802e-06
3.68364e-06
3.36924e-06
3.07047e-06
2.78997e-06
2.52928e-06
2.28951e-06
2.07179e-06
1.87758e-06
1.70869e-06
1.56635e-06
1.44969e-06
1.35539e-06
1.28141e-06
1.23036e-06
1.20325e-06
1.18774e-06
1.15219e-06
1.05579e-06
8.77158e-07
6.47043e-07
4.78307e-07
5.39005e-07
8.06012e-07
1.26164e-06
2.04406e-06
3.31529e-06
5.10709e-06
7.15515e-06
8.82547e-06
9.24972e-06
8.08085e-06
6.24593e-06
4.75419e-06
3.83845e-06
3.43395e-06
3.31675e-06
3.2974e-06
3.29288e-06
3.29151e-06
3.30134e-06
3.33478e-06
3.39106e-06
3.46793e-06
3.55244e-06
3.65303e-06
3.77501e-06
3.9208e-06
4.09107e-06
4.28337e-06
4.49049e-06
4.70279e-06
4.90978e-06
5.09877e-06
5.24954e-06
5.35135e-06
5.40502e-06
5.41164e-06
5.36291e-06
5.26201e-06
5.11634e-06
4.93508e-06
4.72762e-06
4.50311e-06
4.26999e-06
4.03572e-06
3.80687e-06
3.58955e-06
3.38963e-06
3.21166e-06
3.05634e-06
2.91993e-06
2.80006e-06
2.69908e-06
2.61778e-06
2.55459e-06
2.51427e-06
2.50597e-06
2.54503e-06
2.65238e-06
2.85389e-06
3.17504e-06
3.63062e-06
4.21372e-06
4.89166e-06
5.61107e-06
6.30848e-06
6.92113e-06
7.39529e-06
7.6922e-06
7.79322e-06
7.70461e-06
7.45797e-06
7.10166e-06
6.68529e-06
6.24547e-06
5.80047e-06
5.35105e-06
4.89012e-06
4.40686e-06
3.8772e-06
3.29505e-06
2.67766e-06
2.06529e-06
1.56261e-06
1.27474e-06
1.15349e-06
1.25655e-06
1.79235e-06
2.53891e-06
3.12336e-06
3.34418e-06
3.25622e-06
3.06915e-06
2.9476e-06
2.92777e-06
2.94755e-06
2.99407e-06
2.91543e-06
5.48873e-06
1.27428e-05
1.09931e-05
7.4767e-06
4.97615e-06
3.3499e-06
2.1211e-06
1.11857e-06
2.93921e-07
3.54454e-07
1.21184e-06
2.08156e-06
3.17116e-06
4.65469e-06
6.26663e-06
7.20315e-06
7.14316e-06
8.36711e-06
1.37354e-05
1.78537e-05
1.75522e-05
1.44916e-05
1.04879e-05
6.82846e-06
4.21458e-06
2.73696e-06
2.11542e-06
1.94233e-06
1.89972e-06
1.87245e-06
1.87869e-06
1.96653e-06
2.1543e-06
2.42412e-06
2.74012e-06
3.06808e-06
3.3815e-06
3.66342e-06
3.89686e-06
4.07364e-06
4.19015e-06
4.24845e-06
4.25867e-06
4.24027e-06
4.22171e-06
4.23679e-06
4.31622e-06
4.4763e-06
4.71067e-06
4.99112e-06
5.27672e-06
5.52542e-06
5.7033e-06
5.79002e-06
5.77914e-06
5.67717e-06
5.49769e-06
5.26051e-06
4.97058e-06
4.64615e-06
4.31695e-06
3.98442e-06
3.65569e-06
3.33901e-06
3.03888e-06
2.75745e-06
2.49561e-06
2.25359e-06
2.03152e-06
1.82974e-06
1.64896e-06
1.49023e-06
1.35462e-06
1.24307e-06
1.15597e-06
1.09132e-06
1.04322e-06
1.00379e-06
9.62219e-07
8.97451e-07
7.76131e-07
5.69626e-07
2.71203e-07
1.74231e-07
7.28274e-07
1.56334e-06
2.77475e-06
4.36918e-06
6.13363e-06
7.58805e-06
8.128e-06
7.43843e-06
5.92012e-06
4.52273e-06
3.74068e-06
3.40713e-06
3.30971e-06
3.29348e-06
3.30362e-06
3.33477e-06
3.38943e-06
3.46084e-06
3.54199e-06
3.6178e-06
3.69634e-06
3.76859e-06
3.84241e-06
3.93062e-06
4.03982e-06
4.17297e-06
4.33013e-06
4.51072e-06
4.70798e-06
4.903e-06
5.07539e-06
5.21219e-06
5.3063e-06
5.35419e-06
5.34764e-06
5.28687e-06
5.1754e-06
5.01996e-06
4.82938e-06
4.61327e-06
4.38122e-06
4.14215e-06
3.90397e-06
3.67338e-06
3.45586e-06
3.25549e-06
3.07463e-06
2.91371e-06
2.77198e-06
2.64897e-06
2.5442e-06
2.45587e-06
2.3815e-06
2.31726e-06
2.26102e-06
2.21424e-06
2.18256e-06
2.17735e-06
2.21755e-06
2.32961e-06
2.54563e-06
2.89588e-06
3.39449e-06
4.02685e-06
4.7479e-06
5.49087e-06
6.18018e-06
6.74521e-06
7.13348e-06
7.32117e-06
7.31669e-06
7.15397e-06
6.87815e-06
6.53124e-06
6.14342e-06
5.73208e-06
5.30848e-06
4.87728e-06
4.43179e-06
3.96134e-06
3.46206e-06
2.96117e-06
2.55178e-06
2.37514e-06
2.47036e-06
2.78588e-06
3.18784e-06
3.47466e-06
3.54102e-06
3.4452e-06
3.33668e-06
3.28632e-06
3.2787e-06
3.26644e-06
3.31724e-06
3.19892e-06
9.69491e-06
1.39858e-05
9.26834e-06
4.90117e-06
2.7082e-06
1.68062e-06
9.62881e-07
3.65834e-07
1.88028e-07
6.90067e-07
1.40355e-06
2.2326e-06
3.31219e-06
4.85565e-06
6.79362e-06
8.09482e-06
8.74196e-06
1.28155e-05
1.76832e-05
1.72007e-05
1.34895e-05
9.18931e-06
5.58522e-06
3.24572e-06
2.10308e-06
1.73727e-06
1.69274e-06
1.70356e-06
1.69995e-06
1.70431e-06
1.75841e-06
1.89399e-06
2.12179e-06
2.43267e-06
2.79485e-06
3.18166e-06
3.56434e-06
3.91897e-06
4.22411e-06
4.46265e-06
4.62265e-06
4.69894e-06
4.69548e-06
4.62794e-06
4.52548e-06
4.43007e-06
4.39014e-06
4.44585e-06
4.61066e-06
4.86262e-06
5.15329e-06
5.42661e-06
5.63492e-06
5.74895e-06
5.75834e-06
5.66789e-06
5.49509e-06
5.25131e-06
4.94598e-06
4.61848e-06
4.28183e-06
3.94191e-06
3.6091e-06
3.29026e-06
2.98948e-06
2.70862e-06
2.44805e-06
2.20728e-06
1.98543e-06
1.78177e-06
1.596e-06
1.42849e-06
1.28024e-06
1.15293e-06
1.04869e-06
9.68618e-07
9.10121e-07
8.65195e-07
8.21022e-07
7.6196e-07
6.68123e-07
5.07878e-07
2.37821e-07
1.95983e-07
8.82874e-07
1.90397e-06
3.27397e-06
4.85888e-06
6.32305e-06
7.18805e-06
7.07736e-06
6.06622e-06
4.72947e-06
3.75251e-06
3.33096e-06
3.19392e-06
3.16723e-06
3.18757e-06
3.24367e-06
3.32964e-06
3.4316e-06
3.53309e-06
3.62887e-06
3.70739e-06
3.76851e-06
3.81951e-06
3.86577e-06
3.92406e-06
4.00675e-06
4.12283e-06
4.27379e-06
4.45061e-06
4.63905e-06
4.82544e-06
4.98971e-06
5.12223e-06
5.21142e-06
5.24836e-06
5.22972e-06
5.15597e-06
5.03145e-06
4.8635e-06
4.66145e-06
4.43556e-06
4.19607e-06
3.95244e-06
3.71287e-06
3.48403e-06
3.27097e-06
3.0771e-06
2.90411e-06
2.75187e-06
2.61885e-06
2.50308e-06
2.40298e-06
2.31744e-06
2.24575e-06
2.18716e-06
2.13956e-06
2.09984e-06
2.06591e-06
2.03604e-06
2.01179e-06
2.00117e-06
2.02118e-06
2.0984e-06
2.26741e-06
2.56443e-06
3.0121e-06
3.60195e-06
4.28909e-06
5.00249e-06
5.66315e-06
6.20256e-06
6.57651e-06
6.77101e-06
6.79888e-06
6.6897e-06
6.47875e-06
6.19985e-06
5.88326e-06
5.55547e-06
5.24037e-06
4.95231e-06
4.67342e-06
4.36944e-06
4.03008e-06
3.74379e-06
3.65916e-06
3.7734e-06
3.93239e-06
3.99617e-06
3.9156e-06
3.74332e-06
3.57893e-06
3.48846e-06
3.46301e-06
3.4269e-06
3.49947e-06
3.37531e-06
1.42556e-05
1.35903e-05
6.82502e-06
2.81839e-06
1.40955e-06
9.02111e-07
4.42443e-07
4.3608e-08
3.47043e-07
8.09419e-07
1.46883e-06
2.24137e-06
3.26152e-06
4.84466e-06
6.84927e-06
8.04878e-06
1.03167e-05
1.58992e-05
1.7188e-05
1.34785e-05
8.92224e-06
5.19609e-06
2.8607e-06
1.78551e-06
1.48165e-06
1.47269e-06
1.50174e-06
1.48854e-06
1.424e-06
1.32441e-06
1.23416e-06
1.23402e-06
1.39796e-06
1.72829e-06
2.16336e-06
2.64872e-06
3.14188e-06
3.6114e-06
4.03104e-06
4.38004e-06
4.64098e-06
4.8011e-06
4.85557e-06
4.81173e-06
4.69307e-06
4.5416e-06
4.4161e-06
4.37929e-06
4.472e-06
4.68959e-06
4.98248e-06
5.28137e-06
5.5233e-06
5.6688e-06
5.70176e-06
5.62939e-06
5.46001e-06
5.20102e-06
4.89462e-06
4.56638e-06
4.22415e-06
3.88108e-06
3.547e-06
3.22832e-06
2.92884e-06
2.65025e-06
2.39265e-06
2.15504e-06
1.93578e-06
1.73307e-06
1.54551e-06
1.37256e-06
1.215e-06
1.07515e-06
9.56784e-07
8.63803e-07
7.97493e-07
7.53842e-07
7.22783e-07
6.88452e-07
6.27077e-07
5.05891e-07
3.22881e-07
4.54468e-07
1.15202e-06
2.22308e-06
3.57173e-06
4.98937e-06
6.12538e-06
6.59034e-06
6.19004e-06
5.15434e-06
4.04897e-06
3.34391e-06
3.0756e-06
3.00298e-06
2.99977e-06
3.04226e-06
3.12068e-06
3.21738e-06
3.31686e-06
3.40674e-06
3.48833e-06
3.56509e-06
3.63817e-06
3.70531e-06
3.76078e-06
3.82454e-06
3.90802e-06
4.0198e-06
4.16512e-06
4.33915e-06
4.5221e-06
4.69895e-06
4.85768e-06
4.98243e-06
5.06113e-06
5.08591e-06
5.05371e-06
4.96599e-06
4.82793e-06
4.64763e-06
4.43514e-06
4.20144e-06
3.95741e-06
3.71302e-06
3.47669e-06
3.25494e-06
3.05224e-06
2.87105e-06
2.71198e-06
2.57413e-06
2.45562e-06
2.35429e-06
2.26799e-06
2.19472e-06
2.13279e-06
2.08129e-06
2.03973e-06
2.00698e-06
1.98205e-06
1.96338e-06
1.94804e-06
1.93286e-06
1.91698e-06
1.90653e-06
1.91825e-06
1.97923e-06
2.1234e-06
2.38476e-06
2.7836e-06
3.31007e-06
3.9199e-06
4.54675e-06
5.12163e-06
5.58979e-06
5.92013e-06
6.10607e-06
6.16066e-06
6.10967e-06
5.98498e-06
5.81871e-06
5.64046e-06
5.48289e-06
5.37416e-06
5.29393e-06
5.16496e-06
4.92639e-06
4.6664e-06
4.53505e-06
4.48289e-06
4.36651e-06
4.15159e-06
3.90103e-06
3.69912e-06
3.58458e-06
3.54609e-06
3.50376e-06
3.56472e-06
3.458e-06
1.84234e-05
1.18742e-05
4.4556e-06
1.53706e-06
9.03929e-07
7.70773e-07
5.74301e-07
4.13854e-07
4.41402e-07
8.00531e-07
1.394e-06
2.06467e-06
3.02129e-06
4.6241e-06
6.23136e-06
7.56388e-06
1.21974e-05
1.61804e-05
1.38801e-05
9.27184e-06
5.32672e-06
2.80731e-06
1.63159e-06
1.30226e-06
1.31766e-06
1.40075e-06
1.44934e-06
1.42615e-06
1.30714e-06
1.07785e-06
7.44803e-07
3.81808e-07
4.59202e-07
9.68681e-07
1.54905e-06
2.14191e-06
2.70929e-06
3.23421e-06
3.70256e-06
4.10163e-06
4.41832e-06
4.63907e-06
4.75285e-06
4.75692e-06
4.66334e-06
4.50505e-06
4.3395e-06
4.24196e-06
4.27794e-06
4.46641e-06
4.76349e-06
5.09026e-06
5.36866e-06
5.55078e-06
5.61387e-06
5.55481e-06
5.37722e-06
5.12097e-06
4.82177e-06
4.49226e-06
4.14922e-06
3.80679e-06
3.47455e-06
3.15866e-06
2.86265e-06
2.58803e-06
2.33483e-06
2.10188e-06
1.88718e-06
1.68827e-06
1.50278e-06
1.32915e-06
1.16731e-06
1.01928e-06
8.89492e-07
7.84081e-07
7.08716e-07
6.64671e-07
6.45191e-07
6.34346e-07
6.07981e-07
5.46433e-07
5.12326e-07
7.77465e-07
1.46859e-06
2.49833e-06
3.73371e-06
4.94493e-06
5.80933e-06
6.02301e-06
5.50083e-06
4.52663e-06
3.60406e-06
3.06372e-06
2.86732e-06
2.82891e-06
2.85244e-06
2.91354e-06
3.0024e-06
3.09942e-06
3.19395e-06
3.27886e-06
3.35474e-06
3.42391e-06
3.48571e-06
3.54917e-06
3.61209e-06
3.68205e-06
3.77236e-06
3.88849e-06
4.02838e-06
4.18818e-06
4.36193e-06
4.53235e-06
4.68218e-06
4.79544e-06
4.86025e-06
4.86975e-06
4.8219e-06
4.71902e-06
4.56718e-06
4.3753e-06
4.15422e-06
3.91567e-06
3.67117e-06
3.43114e-06
3.20409e-06
2.99622e-06
2.81127e-06
2.65061e-06
2.51364e-06
2.39833e-06
2.30178e-06
2.22094e-06
2.15301e-06
2.09562e-06
2.04692e-06
2.00572e-06
1.97136e-06
1.94343e-06
1.92156e-06
1.90594e-06
1.89598e-06
1.88998e-06
1.88416e-06
1.8735e-06
1.8556e-06
1.83629e-06
1.83283e-06
1.87162e-06
1.98334e-06
2.19744e-06
2.53109e-06
2.97437e-06
3.48735e-06
4.01354e-06
4.4983e-06
4.90201e-06
5.20547e-06
5.40889e-06
5.52677e-06
5.58145e-06
5.59856e-06
5.60613e-06
5.63234e-06
5.68864e-06
5.7279e-06
5.64079e-06
5.37646e-06
5.0595e-06
4.80625e-06
4.55103e-06
4.24133e-06
3.93447e-06
3.70981e-06
3.58685e-06
3.54166e-06
3.50215e-06
3.54976e-06
3.44945e-06
2.18975e-05
9.42863e-06
2.61606e-06
9.18446e-07
9.79138e-07
1.16745e-06
1.06559e-06
7.14528e-07
5.18639e-07
7.82376e-07
1.28424e-06
1.84464e-06
2.78284e-06
4.03842e-06
5.05452e-06
7.89123e-06
1.32899e-05
1.38328e-05
9.89153e-06
5.73933e-06
2.93344e-06
1.5495e-06
1.14809e-06
1.19861e-06
1.38289e-06
1.57147e-06
1.70027e-06
1.71738e-06
1.58726e-06
1.30355e-06
8.8843e-07
4.05887e-07
4.0762e-07
9.79329e-07
1.59823e-06
2.20307e-06
2.76978e-06
3.28112e-06
3.72427e-06
4.08882e-06
4.36674e-06
4.55199e-06
4.6403e-06
4.6311e-06
4.53154e-06
4.3641e-06
4.17572e-06
4.0415e-06
4.0398e-06
4.20921e-06
4.51299e-06
4.86765e-06
5.18628e-06
5.40288e-06
5.48525e-06
5.42921e-06
5.26212e-06
5.02169e-06
4.72734e-06
4.40076e-06
4.06127e-06
3.72309e-06
3.39587e-06
3.08554e-06
2.79534e-06
2.52657e-06
2.27915e-06
2.05195e-06
1.84296e-06
1.64952e-06
1.46872e-06
1.29809e-06
1.13654e-06
9.8524e-07
8.48254e-07
7.32452e-07
6.46147e-07
5.95635e-07
5.79954e-07
5.87199e-07
5.98961e-07
6.14292e-07
7.14272e-07
1.06825e-06
1.75033e-06
2.70831e-06
3.80883e-06
4.82964e-06
5.48663e-06
5.54331e-06
4.97893e-06
4.07851e-06
3.27897e-06
2.8323e-06
2.67045e-06
2.63867e-06
2.67069e-06
2.74147e-06
2.83527e-06
2.93584e-06
3.03212e-06
3.12296e-06
3.20715e-06
3.29018e-06
3.35924e-06
3.40902e-06
3.458e-06
3.51818e-06
3.59913e-06
3.70788e-06
3.84541e-06
4.00476e-06
4.17276e-06
4.3325e-06
4.46768e-06
4.56378e-06
4.61023e-06
4.60127e-06
4.5359e-06
4.41743e-06
4.25274e-06
4.05152e-06
3.82533e-06
3.58657e-06
3.34736e-06
3.11846e-06
2.90837e-06
2.72273e-06
2.56416e-06
2.43255e-06
2.32562e-06
2.23975e-06
2.17086e-06
2.11501e-06
2.0689e-06
2.02995e-06
1.99634e-06
1.96699e-06
1.94138e-06
1.91922e-06
1.90025e-06
1.88472e-06
1.87271e-06
1.86452e-06
1.85948e-06
1.85474e-06
1.84446e-06
1.82165e-06
1.78337e-06
1.73686e-06
1.70083e-06
1.70113e-06
1.76627e-06
1.92422e-06
2.19167e-06
2.55941e-06
2.99234e-06
3.44491e-06
3.87715e-06
4.26329e-06
4.59285e-06
4.86735e-06
5.09611e-06
5.29352e-06
5.47696e-06
5.65776e-06
5.81778e-06
5.8804e-06
5.73942e-06
5.39462e-06
4.99111e-06
4.61419e-06
4.24075e-06
3.89134e-06
3.63332e-06
3.48994e-06
3.43604e-06
3.40118e-06
3.44695e-06
3.35503e-06
2.45418e-05
6.8465e-06
1.3765e-06
8.18375e-07
1.42112e-06
1.73016e-06
1.53341e-06
9.95288e-07
7.59971e-07
9.77497e-07
1.35223e-06
1.80014e-06
2.41724e-06
2.87126e-06
4.35085e-06
9.15556e-06
1.24615e-05
1.03683e-05
6.31625e-06
3.16959e-06
1.48981e-06
9.59358e-07
1.03647e-06
1.33006e-06
1.65935e-06
1.91917e-06
2.02943e-06
1.94561e-06
1.66904e-06
1.23402e-06
6.89632e-07
1.12423e-07
6.00347e-07
1.22923e-06
1.86038e-06
2.45905e-06
3.02151e-06
3.5331e-06
3.97743e-06
4.33536e-06
4.58802e-06
4.72287e-06
4.7385e-06
4.64733e-06
4.47152e-06
4.24093e-06
4.00052e-06
3.82308e-06
3.78866e-06
3.94467e-06
4.25788e-06
4.63539e-06
4.98282e-06
5.21645e-06
5.31311e-06
5.27395e-06
5.13123e-06
4.90261e-06
4.61632e-06
4.29712e-06
3.96496e-06
3.63439e-06
3.3151e-06
3.01287e-06
2.73067e-06
2.46953e-06
2.22923e-06
2.00871e-06
1.80617e-06
1.61915e-06
1.44466e-06
1.27975e-06
1.12242e-06
9.72758e-07
8.33857e-07
7.12075e-07
6.16289e-07
5.5579e-07
5.36388e-07
5.559e-07
6.0741e-07
7.01536e-07
9.02687e-07
1.31152e-06
1.97606e-06
2.85697e-06
3.83043e-06
4.69218e-06
5.19619e-06
5.15703e-06
4.58737e-06
3.7531e-06
3.02996e-06
2.62663e-06
2.48218e-06
2.46078e-06
2.49536e-06
2.56103e-06
2.64359e-06
2.73196e-06
2.81801e-06
2.89796e-06
2.9721e-06
3.04643e-06
3.11891e-06
3.1823e-06
3.24357e-06
3.31698e-06
3.40785e-06
3.52103e-06
3.65598e-06
3.80634e-06
3.96003e-06
4.10152e-06
4.21542e-06
4.28875e-06
4.31259e-06
4.28263e-06
4.19906e-06
4.06604e-06
3.89109e-06
3.68442e-06
3.45813e-06
3.22522e-06
2.99834e-06
2.78856e-06
2.60418e-06
2.44993e-06
2.3268e-06
2.23254e-06
2.16266e-06
2.11168e-06
2.07417e-06
2.04551e-06
2.02215e-06
2.00165e-06
1.9825e-06
1.96396e-06
1.94595e-06
1.92874e-06
1.91241e-06
1.89714e-06
1.88284e-06
1.86968e-06
1.85794e-06
1.8473e-06
1.83578e-06
1.81812e-06
1.78587e-06
1.73106e-06
1.65299e-06
1.56298e-06
1.48276e-06
1.43927e-06
1.46266e-06
1.58335e-06
1.81732e-06
2.15256e-06
2.5562e-06
2.99154e-06
3.42889e-06
3.84862e-06
4.23988e-06
4.5983e-06
4.92449e-06
5.22128e-06
5.48297e-06
5.67031e-06
5.69514e-06
5.4798e-06
5.07194e-06
4.61427e-06
4.18584e-06
3.80341e-06
3.50334e-06
3.31539e-06
3.23247e-06
3.19248e-06
3.23672e-06
3.16269e-06
2.63475e-05
4.5944e-06
5.82332e-07
1.08712e-06
1.96979e-06
2.22836e-06
1.93172e-06
1.35009e-06
1.18e-06
1.40023e-06
1.66159e-06
1.78508e-06
1.57889e-06
1.97951e-06
5.26857e-06
9.71398e-06
1.01311e-05
6.93859e-06
3.53622e-06
1.46542e-06
7.17601e-07
7.75005e-07
1.14964e-06
1.59574e-06
1.95839e-06
2.13199e-06
2.07037e-06
1.79162e-06
1.35682e-06
8.46206e-07
4.30692e-07
6.26637e-07
1.15462e-06
1.71318e-06
2.27007e-06
2.80638e-06
3.31685e-06
3.79514e-06
4.22993e-06
4.59962e-06
4.87144e-06
5.01167e-06
4.99895e-06
4.84014e-06
4.56885e-06
4.2355e-06
3.90163e-06
3.65336e-06
3.57425e-06
3.71023e-06
4.02617e-06
4.40909e-06
4.76027e-06
5.0087e-06
5.12438e-06
5.11224e-06
4.98475e-06
4.76919e-06
4.49448e-06
4.18615e-06
3.86455e-06
3.54446e-06
3.23557e-06
2.94355e-06
2.67113e-06
2.41911e-06
2.18711e-06
1.97411e-06
1.77855e-06
1.59839e-06
1.43097e-06
1.27334e-06
1.12302e-06
9.79109e-07
8.436e-07
7.21886e-07
6.22281e-07
5.54692e-07
5.29401e-07
5.55236e-07
6.39084e-07
7.95608e-07
1.06531e-06
1.50615e-06
2.14793e-06
2.95618e-06
3.81929e-06
4.55441e-06
4.94937e-06
4.8558e-06
4.30034e-06
3.51932e-06
2.83763e-06
2.44635e-06
2.30476e-06
2.28999e-06
2.32975e-06
2.39561e-06
2.47431e-06
2.55652e-06
2.63516e-06
2.70731e-06
2.77687e-06
2.85249e-06
2.92826e-06
2.99534e-06
3.0593e-06
3.13413e-06
3.22399e-06
3.33237e-06
3.45739e-06
3.59172e-06
3.72357e-06
3.83905e-06
3.92486e-06
3.97036e-06
3.96869e-06
3.91711e-06
3.81681e-06
3.67247e-06
3.49182e-06
3.28525e-06
3.06518e-06
2.84512e-06
2.63836e-06
2.45631e-06
2.30688e-06
2.19333e-06
2.11415e-06
2.06407e-06
2.03584e-06
2.022e-06
2.01613e-06
2.01341e-06
2.01065e-06
2.00597e-06
1.99855e-06
1.98825e-06
1.97549e-06
1.96107e-06
1.94571e-06
1.92981e-06
1.91348e-06
1.89629e-06
1.87841e-06
1.85953e-06
1.83917e-06
1.81581e-06
1.78522e-06
1.73944e-06
1.66891e-06
1.56828e-06
1.44267e-06
1.30944e-06
1.19475e-06
1.13055e-06
1.1537e-06
1.29447e-06
1.55569e-06
1.91275e-06
2.33173e-06
2.78158e-06
3.2373e-06
3.67942e-06
4.09372e-06
4.47177e-06
4.80823e-06
5.08639e-06
5.25414e-06
5.22795e-06
4.96746e-06
4.54734e-06
4.09542e-06
3.68662e-06
3.35079e-06
3.10866e-06
2.97089e-06
2.89894e-06
2.92237e-06
2.86234e-06
2.73731e-05
2.96128e-06
2.65651e-07
1.461e-06
2.43454e-06
2.58979e-06
2.30101e-06
1.8285e-06
1.70103e-06
1.91366e-06
1.9939e-06
1.71837e-06
1.31498e-06
2.77901e-06
6.61356e-06
8.86798e-06
7.3046e-06
4.07843e-06
1.58482e-06
5.30929e-07
5.05358e-07
8.52006e-07
1.37078e-06
1.83195e-06
2.08681e-06
2.08082e-06
1.84734e-06
1.47836e-06
1.101e-06
8.94669e-07
1.01753e-06
1.38459e-06
1.83317e-06
2.30765e-06
2.77607e-06
3.23223e-06
3.66376e-06
4.0714e-06
4.4561e-06
4.80825e-06
5.09401e-06
5.26233e-06
5.26579e-06
5.0903e-06
4.76015e-06
4.33971e-06
3.90864e-06
3.57743e-06
3.4476e-06
3.54976e-06
3.84013e-06
4.20888e-06
4.54935e-06
4.80672e-06
4.9388e-06
4.94074e-06
4.82847e-06
4.62772e-06
4.36698e-06
4.07203e-06
3.76346e-06
3.45607e-06
3.1595e-06
2.87926e-06
2.61792e-06
2.37611e-06
2.15333e-06
1.94855e-06
1.76042e-06
1.58733e-06
1.42721e-06
1.27755e-06
1.1358e-06
1.00051e-06
8.72663e-07
7.56677e-07
6.60117e-07
5.92276e-07
5.64048e-07
5.90225e-07
6.89746e-07
8.82467e-07
1.19311e-06
1.65138e-06
2.2702e-06
3.01549e-06
3.78784e-06
4.42634e-06
4.74803e-06
4.63017e-06
4.10086e-06
3.36284e-06
2.69779e-06
2.29284e-06
2.1393e-06
2.12681e-06
2.17334e-06
2.24272e-06
2.3204e-06
2.39848e-06
2.47205e-06
2.54019e-06
2.60784e-06
2.68373e-06
2.75911e-06
2.82506e-06
2.88803e-06
2.96026e-06
3.04423e-06
3.14142e-06
3.24849e-06
3.35792e-06
3.45927e-06
3.54122e-06
3.59354e-06
3.60843e-06
3.58126e-06
3.5106e-06
3.39809e-06
3.24824e-06
3.06837e-06
2.86856e-06
2.6614e-06
2.46111e-06
2.28201e-06
2.13612e-06
2.03067e-06
1.96638e-06
1.93784e-06
1.93571e-06
1.94975e-06
1.97109e-06
1.99315e-06
2.01178e-06
2.02477e-06
2.03129e-06
2.03143e-06
2.02578e-06
2.01528e-06
2.00112e-06
1.98452e-06
1.96637e-06
1.94717e-06
1.92613e-06
1.90357e-06
1.87893e-06
1.85127e-06
1.8197e-06
1.78296e-06
1.73793e-06
1.67829e-06
1.5953e-06
1.48217e-06
1.34016e-06
1.1825e-06
1.03408e-06
9.29124e-07
9.079e-07
1.00236e-06
1.21513e-06
1.52352e-06
1.89849e-06
2.31295e-06
2.74241e-06
3.16518e-06
3.56439e-06
3.93001e-06
4.25343e-06
4.50967e-06
4.64118e-06
4.58124e-06
4.32117e-06
3.93933e-06
3.53913e-06
3.18477e-06
2.90149e-06
2.70433e-06
2.57701e-06
2.55065e-06
2.48161e-06
2.76901e-05
2.1105e-06
8.81506e-07
1.78641e-06
2.69452e-06
2.7827e-06
2.57933e-06
2.38568e-06
2.30273e-06
2.43946e-06
2.42095e-06
2.14868e-06
2.23043e-06
4.36646e-06
6.99883e-06
7.07747e-06
4.68363e-06
2.01394e-06
7.02043e-07
6.74262e-07
7.21886e-07
1.09673e-06
1.61042e-06
1.96994e-06
2.06965e-06
1.93602e-06
1.67518e-06
1.42529e-06
1.32072e-06
1.42826e-06
1.69519e-06
2.05454e-06
2.43931e-06
2.84571e-06
3.24503e-06
3.63609e-06
3.99904e-06
4.33331e-06
4.64955e-06
4.95759e-06
5.23561e-06
5.4271e-06
5.46177e-06
5.30182e-06
4.94594e-06
4.46937e-06
3.97978e-06
3.58907e-06
3.4139e-06
3.47921e-06
3.72047e-06
4.04838e-06
4.36949e-06
4.61705e-06
4.75319e-06
4.76706e-06
4.66931e-06
4.48373e-06
4.23807e-06
3.95799e-06
3.66399e-06
3.37078e-06
3.0878e-06
2.82039e-06
2.57097e-06
2.34006e-06
2.12711e-06
1.93107e-06
1.75075e-06
1.5849e-06
1.43208e-06
1.29041e-06
1.15777e-06
1.03254e-06
9.14977e-07
8.08525e-07
7.19958e-07
6.57666e-07
6.30828e-07
6.5381e-07
7.51811e-07
9.53843e-07
1.2813e-06
1.74606e-06
2.34471e-06
3.03977e-06
3.74203e-06
4.31116e-06
4.58919e-06
4.4707e-06
3.97762e-06
3.2781e-06
2.61459e-06
2.17381e-06
1.9874e-06
1.96637e-06
2.01835e-06
2.0947e-06
2.1762e-06
2.25517e-06
2.32808e-06
2.39472e-06
2.46061e-06
2.53509e-06
2.60744e-06
2.6692e-06
2.72733e-06
2.79165e-06
2.86283e-06
2.94042e-06
3.02027e-06
3.09571e-06
3.15888e-06
3.20215e-06
3.21904e-06
3.20485e-06
3.15675e-06
3.07384e-06
2.95715e-06
2.80997e-06
2.63834e-06
2.45161e-06
2.26274e-06
2.08749e-06
1.94229e-06
1.84032e-06
1.78722e-06
1.77905e-06
1.80442e-06
1.84931e-06
1.90128e-06
1.95139e-06
1.99426e-06
2.02732e-06
2.04988e-06
2.06238e-06
2.06586e-06
2.06153e-06
2.05069e-06
2.03479e-06
2.01537e-06
1.99354e-06
1.97023e-06
1.94464e-06
1.91729e-06
1.8881e-06
1.856e-06
1.81961e-06
1.7777e-06
1.72923e-06
1.67231e-06
1.60273e-06
1.51398e-06
1.40022e-06
1.26145e-06
1.10823e-06
9.63378e-07
8.60225e-07
8.34935e-07
9.0903e-07
1.07803e-06
1.32311e-06
1.62423e-06
1.96203e-06
2.31676e-06
2.6698e-06
3.00763e-06
3.32255e-06
3.60358e-06
3.81988e-06
3.91729e-06
3.85023e-06
3.62721e-06
3.31335e-06
2.98515e-06
2.69077e-06
2.45579e-06
2.27691e-06
2.18897e-06
2.08593e-06
2.73853e-05
2.12506e-06
1.54754e-06
1.99028e-06
2.68109e-06
2.75655e-06
2.58072e-06
2.64999e-06
2.75683e-06
2.88137e-06
2.83657e-06
2.7109e-06
3.46262e-06
5.36212e-06
6.29552e-06
5.05781e-06
2.73219e-06
1.26685e-06
1.23632e-06
1.1705e-06
1.13091e-06
1.46224e-06
1.87273e-06
2.09711e-06
2.09527e-06
1.95242e-06
1.79357e-06
1.72923e-06
1.81512e-06
2.03583e-06
2.32767e-06
2.6498e-06
2.95927e-06
3.28807e-06
3.61596e-06
3.9497e-06
4.25974e-06
4.53262e-06
4.78348e-06
5.04217e-06
5.30246e-06
5.50692e-06
5.55879e-06
5.41193e-06
5.06359e-06
4.56707e-06
4.04831e-06
3.63949e-06
3.44285e-06
3.47258e-06
3.65951e-06
3.92737e-06
4.20746e-06
4.43845e-06
4.57477e-06
4.59758e-06
4.51271e-06
4.34151e-06
4.11084e-06
3.84599e-06
3.56724e-06
3.28897e-06
3.02031e-06
2.76633e-06
2.52929e-06
2.30964e-06
2.10683e-06
1.91984e-06
1.74761e-06
1.58916e-06
1.44353e-06
1.30957e-06
1.18581e-06
1.07084e-06
9.64491e-07
8.69247e-07
7.90873e-07
7.36813e-07
7.1417e-07
7.33413e-07
8.18861e-07
1.00779e-06
1.32954e-06
1.78959e-06
2.37079e-06
3.02908e-06
3.68179e-06
4.20621e-06
4.46549e-06
4.36614e-06
3.91996e-06
3.26131e-06
2.5949e-06
2.10198e-06
1.85562e-06
1.80467e-06
1.85396e-06
1.93836e-06
2.0286e-06
2.1138e-06
2.18999e-06
2.25717e-06
2.32153e-06
2.39331e-06
2.46059e-06
2.51526e-06
2.5642e-06
2.61445e-06
2.66499e-06
2.71406e-06
2.75783e-06
2.792e-06
2.81274e-06
2.81705e-06
2.80259e-06
2.76725e-06
2.70889e-06
2.62552e-06
2.51586e-06
2.38049e-06
2.22329e-06
2.05294e-06
1.88388e-06
1.73561e-06
1.62889e-06
1.57832e-06
1.58512e-06
1.63673e-06
1.71401e-06
1.79924e-06
1.88002e-06
1.94939e-06
2.00447e-06
2.04489e-06
2.07163e-06
2.08623e-06
2.09037e-06
2.08561e-06
2.07333e-06
2.05486e-06
2.03181e-06
2.00561e-06
1.97725e-06
1.94636e-06
1.91316e-06
1.87856e-06
1.84209e-06
1.80266e-06
1.75875e-06
1.70908e-06
1.65299e-06
1.58981e-06
1.51746e-06
1.43209e-06
1.32995e-06
1.21139e-06
1.08509e-06
9.69883e-07
8.91861e-07
8.74917e-07
9.28635e-07
1.04677e-06
1.21729e-06
1.42862e-06
1.66884e-06
1.9246e-06
2.18389e-06
2.43944e-06
2.68636e-06
2.91138e-06
3.08231e-06
3.15477e-06
3.10041e-06
2.9312e-06
2.69363e-06
2.4384e-06
2.20474e-06
2.00295e-06
1.87146e-06
1.73137e-06
2.66949e-05
2.84096e-06
2.32564e-06
2.1222e-06
2.40167e-06
2.44974e-06
2.24518e-06
2.37584e-06
2.66686e-06
2.86444e-06
2.93655e-06
3.27504e-06
4.35907e-06
5.35789e-06
5.03181e-06
3.46091e-06
2.0744e-06
1.91506e-06
1.91647e-06
1.69951e-06
1.66468e-06
1.9357e-06
2.22241e-06
2.34325e-06
2.30932e-06
2.2156e-06
2.15806e-06
2.20194e-06
2.36482e-06
2.60909e-06
2.86779e-06
3.10191e-06
3.31521e-06
3.54519e-06
3.80808e-06
4.10276e-06
4.38998e-06
4.63772e-06
4.85462e-06
5.07252e-06
5.30188e-06
5.49445e-06
5.56117e-06
5.42345e-06
5.08474e-06
4.59775e-06
4.08291e-06
3.69095e-06
3.5067e-06
3.50853e-06
3.63098e-06
3.82984e-06
4.06334e-06
4.27395e-06
4.40778e-06
4.43703e-06
4.3626e-06
4.20386e-06
3.98697e-06
3.73685e-06
3.47331e-06
3.21021e-06
2.95617e-06
2.7159e-06
2.49143e-06
2.28316e-06
2.09057e-06
1.91274e-06
1.74873e-06
1.59776e-06
1.45924e-06
1.33258e-06
1.217e-06
1.11158e-06
1.01601e-06
9.31941e-07
8.63885e-07
8.18256e-07
8.00638e-07
8.17204e-07
8.86225e-07
1.04693e-06
1.34195e-06
1.78334e-06
2.34662e-06
2.97966e-06
3.60187e-06
4.10376e-06
4.36564e-06
4.30264e-06
3.91534e-06
3.30654e-06
2.6444e-06
2.09543e-06
1.7629e-06
1.64835e-06
1.67413e-06
1.75962e-06
1.85923e-06
1.9539e-06
2.0368e-06
2.10714e-06
2.17111e-06
2.23942e-06
2.29962e-06
2.34385e-06
2.3785e-06
2.40784e-06
2.42974e-06
2.4423e-06
2.44373e-06
2.43386e-06
2.41431e-06
2.38744e-06
2.35463e-06
2.31484e-06
2.26413e-06
2.19657e-06
2.10612e-06
1.98916e-06
1.84716e-06
1.68944e-06
1.53506e-06
1.41176e-06
1.34793e-06
1.35741e-06
1.42988e-06
1.53931e-06
1.65974e-06
1.77343e-06
1.87121e-06
1.94995e-06
2.00993e-06
2.05298e-06
2.0813e-06
2.09698e-06
2.10176e-06
2.09706e-06
2.08404e-06
2.06371e-06
2.03735e-06
2.00664e-06
1.97279e-06
1.9359e-06
1.8956e-06
1.85372e-06
1.8107e-06
1.76649e-06
1.72026e-06
1.67077e-06
1.61705e-06
1.55897e-06
1.49683e-06
1.43028e-06
1.35766e-06
1.27696e-06
1.18868e-06
1.09873e-06
1.01933e-06
9.65927e-07
9.50681e-07
9.77188e-07
1.04152e-06
1.13735e-06
1.25867e-06
1.3991e-06
1.55216e-06
1.71386e-06
1.8834e-06
2.05776e-06
2.22266e-06
2.34911e-06
2.40394e-06
2.36911e-06
2.25358e-06
2.08538e-06
1.90003e-06
1.71602e-06
1.57666e-06
1.42153e-06
2.56645e-05
3.89561e-06
3.2301e-06
2.39261e-06
1.98658e-06
1.91439e-06
1.71403e-06
1.70205e-06
2.05569e-06
2.44316e-06
2.90445e-06
3.66836e-06
4.5039e-06
4.69231e-06
3.94405e-06
2.9616e-06
2.68617e-06
2.72955e-06
2.5387e-06
2.28761e-06
2.29001e-06
2.5033e-06
2.68914e-06
2.74192e-06
2.6941e-06
2.62435e-06
2.59755e-06
2.65094e-06
2.78636e-06
2.95487e-06
3.09475e-06
3.22428e-06
3.41246e-06
3.62593e-06
3.88078e-06
4.17558e-06
4.46159e-06
4.68775e-06
4.87039e-06
5.05055e-06
5.24858e-06
5.41921e-06
5.48457e-06
5.35878e-06
5.02561e-06
4.55081e-06
4.07334e-06
3.73709e-06
3.58622e-06
3.56158e-06
3.61314e-06
3.74092e-06
3.93087e-06
4.12426e-06
4.2555e-06
4.28855e-06
4.22113e-06
4.07192e-06
3.86686e-06
3.63042e-06
3.38168e-06
3.13369e-06
2.89437e-06
2.6679e-06
2.45604e-06
2.2591e-06
2.07665e-06
1.90791e-06
1.75208e-06
1.60854e-06
1.47695e-06
1.35713e-06
1.24884e-06
1.15173e-06
1.06562e-06
9.91515e-07
9.32679e-07
8.94341e-07
8.81148e-07
8.96213e-07
9.50023e-07
1.07595e-06
1.32681e-06
1.73228e-06
2.27147e-06
2.88609e-06
3.49364e-06
3.99242e-06
4.27552e-06
4.26438e-06
3.94901e-06
3.40413e-06
2.76378e-06
2.17229e-06
1.74236e-06
1.52451e-06
1.48746e-06
1.55197e-06
1.65257e-06
1.75536e-06
1.84639e-06
1.92176e-06
1.98601e-06
2.04948e-06
2.10007e-06
2.12999e-06
2.14498e-06
2.1469e-06
2.13361e-06
2.10492e-06
2.06321e-06
2.01455e-06
1.96745e-06
1.92977e-06
1.9047e-06
1.88818e-06
1.86943e-06
1.83444e-06
1.77028e-06
1.66909e-06
1.53178e-06
1.37188e-06
1.21899e-06
1.11682e-06
1.10435e-06
1.18453e-06
1.32311e-06
1.48003e-06
1.62869e-06
1.75658e-06
1.86034e-06
1.94138e-06
2.00281e-06
2.0478e-06
2.07886e-06
2.09773e-06
2.10559e-06
2.10329e-06
2.0915e-06
2.07088e-06
2.0424e-06
2.00762e-06
1.96824e-06
1.92481e-06
1.87636e-06
1.82535e-06
1.77307e-06
1.72054e-06
1.6683e-06
1.61622e-06
1.56371e-06
1.51033e-06
1.45637e-06
1.40268e-06
1.3497e-06
1.29664e-06
1.24195e-06
1.18494e-06
1.12773e-06
1.07568e-06
1.03558e-06
1.01265e-06
1.00864e-06
1.02226e-06
1.0509e-06
1.09159e-06
1.1418e-06
1.20126e-06
1.27339e-06
1.3625e-06
1.4669e-06
1.57324e-06
1.65807e-06
1.6974e-06
1.67892e-06
1.606e-06
1.49698e-06
1.3657e-06
1.2544e-06
1.11621e-06
2.42199e-05
5.07523e-06
4.23138e-06
2.96586e-06
1.79075e-06
1.29006e-06
1.19534e-06
1.07469e-06
1.3725e-06
2.01441e-06
2.81639e-06
3.64145e-06
4.16339e-06
4.1284e-06
3.74919e-06
3.55284e-06
3.57494e-06
3.44999e-06
3.14679e-06
2.93236e-06
2.96836e-06
3.12894e-06
3.23265e-06
3.22575e-06
3.14696e-06
3.06305e-06
3.01763e-06
3.03264e-06
3.11197e-06
3.21802e-06
3.27966e-06
3.31588e-06
3.44497e-06
3.6478e-06
3.91146e-06
4.20688e-06
4.49093e-06
4.69921e-06
4.84034e-06
4.97597e-06
5.14012e-06
5.29631e-06
5.35066e-06
5.21832e-06
4.88712e-06
4.44044e-06
4.03171e-06
3.77954e-06
3.66492e-06
3.60248e-06
3.57993e-06
3.64694e-06
3.8071e-06
3.99102e-06
4.12009e-06
4.15334e-06
4.08855e-06
3.94537e-06
3.74995e-06
3.52608e-06
3.29171e-06
3.05874e-06
2.83415e-06
2.62149e-06
2.42219e-06
2.23646e-06
2.06395e-06
1.90405e-06
1.75616e-06
1.61983e-06
1.49487e-06
1.38134e-06
1.27942e-06
1.18917e-06
1.1107e-06
1.04467e-06
9.93274e-07
9.60502e-07
9.50323e-07
9.64353e-07
1.00645e-06
1.099e-06
1.29523e-06
1.64607e-06
2.14812e-06
2.74385e-06
3.3471e-06
3.85853e-06
4.1789e-06
4.23365e-06
4.00356e-06
3.53935e-06
2.94485e-06
2.33996e-06
1.82914e-06
1.48526e-06
1.33219e-06
1.32945e-06
1.40509e-06
1.50438e-06
1.59917e-06
1.67801e-06
1.74118e-06
1.79727e-06
1.83524e-06
1.84703e-06
1.83763e-06
1.80738e-06
1.75602e-06
1.68762e-06
1.61183e-06
1.54385e-06
1.50073e-06
1.49363e-06
1.52002e-06
1.5627e-06
1.59692e-06
1.59895e-06
1.55146e-06
1.44645e-06
1.28851e-06
1.10024e-06
9.29873e-07
8.49802e-07
9.06942e-07
1.06598e-06
1.25994e-06
1.44565e-06
1.60515e-06
1.73489e-06
1.83795e-06
1.91938e-06
1.98371e-06
2.03398e-06
2.07179e-06
2.09773e-06
2.11194e-06
2.11454e-06
2.10578e-06
2.08613e-06
2.05645e-06
2.0183e-06
1.97364e-06
1.92368e-06
1.86687e-06
1.80588e-06
1.74272e-06
1.67904e-06
1.61665e-06
1.55701e-06
1.50094e-06
1.44867e-06
1.40027e-06
1.35611e-06
1.31673e-06
1.28208e-06
1.25077e-06
1.22025e-06
1.18794e-06
1.15258e-06
1.11479e-06
1.07645e-06
1.03971e-06
1.00612e-06
9.7624e-07
9.49439e-07
9.24334e-07
9.00848e-07
8.83103e-07
8.7966e-07
8.98411e-07
9.39381e-07
9.91856e-07
1.03799e-06
1.06081e-06
1.05029e-06
1.00886e-06
9.39626e-07
8.76193e-07
7.80294e-07
2.24063e-05
6.28378e-06
5.2713e-06
3.76471e-06
2.13272e-06
9.23777e-07
8.29256e-07
8.9051e-07
1.13968e-06
1.85818e-06
2.75774e-06
3.58029e-06
4.129e-06
4.36948e-06
4.45319e-06
4.48824e-06
4.38718e-06
4.09321e-06
3.75946e-06
3.6023e-06
3.65214e-06
3.76214e-06
3.79882e-06
3.73664e-06
3.61552e-06
3.48675e-06
3.38694e-06
3.3357e-06
3.34979e-06
3.42736e-06
3.5159e-06
3.55888e-06
3.61585e-06
3.72437e-06
3.92586e-06
4.17279e-06
4.41842e-06
4.60095e-06
4.72152e-06
4.83637e-06
4.98056e-06
5.11724e-06
5.15399e-06
5.00843e-06
4.68206e-06
4.28634e-06
3.98032e-06
3.82274e-06
3.72366e-06
3.60424e-06
3.51275e-06
3.54226e-06
3.6938e-06
3.87672e-06
4.00219e-06
4.03047e-06
3.96333e-06
3.82279e-06
3.6352e-06
3.42317e-06
3.20303e-06
2.98514e-06
2.77534e-06
2.57647e-06
2.3896e-06
2.21487e-06
2.052e-06
1.90057e-06
1.7602e-06
1.63062e-06
1.5118e-06
1.40394e-06
1.3074e-06
1.22256e-06
1.14978e-06
1.08962e-06
1.04355e-06
1.01439e-06
1.00547e-06
1.01798e-06
1.05176e-06
1.11755e-06
1.25836e-06
1.53898e-06
1.98485e-06
2.552e-06
3.15326e-06
3.68752e-06
4.05782e-06
4.1906e-06
4.05837e-06
3.69184e-06
3.16911e-06
2.58751e-06
2.037e-06
1.58788e-06
1.28799e-06
1.15174e-06
1.14486e-06
1.20618e-06
1.28668e-06
1.35957e-06
1.41587e-06
1.45982e-06
1.48146e-06
1.47167e-06
1.43468e-06
1.37119e-06
1.28591e-06
1.19183e-06
1.11196e-06
1.07612e-06
1.10647e-06
1.19887e-06
1.32292e-06
1.43976e-06
1.51614e-06
1.52882e-06
1.4647e-06
1.32119e-06
1.1095e-06
8.62904e-07
6.56697e-07
6.16907e-07
7.71514e-07
1.00198e-06
1.22719e-06
1.41962e-06
1.57557e-06
1.70063e-06
1.80262e-06
1.88797e-06
1.96046e-06
2.02135e-06
2.07029e-06
2.10626e-06
2.12842e-06
2.13642e-06
2.13052e-06
2.11139e-06
2.08022e-06
2.03876e-06
1.98915e-06
1.93343e-06
1.86939e-06
1.79954e-06
1.7263e-06
1.65139e-06
1.57726e-06
1.50659e-06
1.44191e-06
1.38511e-06
1.33711e-06
1.29813e-06
1.26791e-06
1.24571e-06
1.22986e-06
1.21736e-06
1.20422e-06
1.18638e-06
1.16072e-06
1.12562e-06
1.08107e-06
1.02836e-06
9.69449e-07
9.06019e-07
8.38502e-07
7.66573e-07
6.91617e-07
6.19438e-07
5.5991e-07
5.22276e-07
5.09171e-07
5.14218e-07
5.25507e-07
5.30732e-07
5.24546e-07
5.01771e-07
4.87089e-07
4.44725e-07
2.02825e-05
7.48423e-06
6.27882e-06
4.59561e-06
2.76344e-06
1.1327e-06
7.52865e-07
1.20181e-06
1.67136e-06
2.3987e-06
3.31643e-06
4.21133e-06
4.90668e-06
5.32473e-06
5.47378e-06
5.38319e-06
5.08556e-06
4.68357e-06
4.36393e-06
4.24975e-06
4.2988e-06
4.36458e-06
4.34348e-06
4.22379e-06
4.04864e-06
3.85764e-06
3.68384e-06
3.55061e-06
3.48432e-06
3.5075e-06
3.58182e-06
3.63429e-06
3.67425e-06
3.74209e-06
3.88301e-06
4.07422e-06
4.2741e-06
4.42349e-06
4.52538e-06
4.62982e-06
4.76459e-06
4.88714e-06
4.90241e-06
4.73891e-06
4.42989e-06
4.12108e-06
3.94444e-06
3.86141e-06
3.73643e-06
3.54397e-06
3.40475e-06
3.43222e-06
3.59733e-06
3.78328e-06
3.90005e-06
3.91687e-06
3.84267e-06
3.70229e-06
3.52164e-06
3.32144e-06
3.1158e-06
2.91324e-06
2.71835e-06
2.53322e-06
2.35859e-06
2.19454e-06
2.0409e-06
1.89744e-06
1.76402e-06
1.64056e-06
1.52718e-06
1.42418e-06
1.33202e-06
1.25121e-06
1.18227e-06
1.12578e-06
1.08278e-06
1.05525e-06
1.04576e-06
1.0556e-06
1.08302e-06
1.1301e-06
1.22384e-06
1.42759e-06
1.79649e-06
2.31601e-06
2.90703e-06
3.46607e-06
3.89369e-06
4.11364e-06
4.09001e-06
3.83661e-06
3.40989e-06
2.88768e-06
2.34646e-06
1.84787e-06
1.43635e-06
1.14185e-06
9.76759e-07
9.23593e-07
9.37748e-07
9.74082e-07
1.00581e-06
1.02636e-06
1.025e-06
9.89586e-07
9.24006e-07
8.33469e-07
7.36275e-07
6.70416e-07
6.8709e-07
8.07822e-07
1.00088e-06
1.21667e-06
1.41205e-06
1.55393e-06
1.61912e-06
1.59372e-06
1.47228e-06
1.25859e-06
9.69437e-07
6.44139e-07
3.90365e-07
4.48021e-07
7.1194e-07
9.80177e-07
1.20653e-06
1.38786e-06
1.53341e-06
1.65481e-06
1.76118e-06
1.85731e-06
1.94396e-06
2.01937e-06
2.08088e-06
2.12617e-06
2.15398e-06
2.16423e-06
2.15784e-06
2.13628e-06
2.10142e-06
2.05564e-06
2.00138e-06
1.94098e-06
1.87226e-06
1.79682e-06
1.71735e-06
1.63493e-06
1.55186e-06
1.47112e-06
1.39636e-06
1.33119e-06
1.27833e-06
1.23899e-06
1.21283e-06
1.19819e-06
1.19234e-06
1.19156e-06
1.19131e-06
1.18672e-06
1.17328e-06
1.1475e-06
1.10744e-06
1.05301e-06
9.85809e-07
9.08546e-07
8.23773e-07
7.33139e-07
6.38201e-07
5.42614e-07
4.53474e-07
3.79572e-07
3.26956e-07
2.95556e-07
2.80742e-07
2.7655e-07
2.80876e-07
2.87781e-07
3.16095e-07
3.26496e-07
1.79783e-05
8.66766e-06
7.20996e-06
5.29573e-06
3.28314e-06
1.44657e-06
1.002e-06
1.89864e-06
2.7755e-06
3.67531e-06
4.62718e-06
5.51041e-06
6.16345e-06
6.48244e-06
6.45529e-06
6.14986e-06
5.68467e-06
5.22779e-06
4.92991e-06
4.84281e-06
4.88297e-06
4.9102e-06
4.83781e-06
4.65924e-06
4.41433e-06
4.14716e-06
3.89439e-06
3.68509e-06
3.55445e-06
3.52826e-06
3.56805e-06
3.60671e-06
3.64082e-06
3.69165e-06
3.7719e-06
3.89855e-06
4.04485e-06
4.16312e-06
4.25583e-06
4.36313e-06
4.49951e-06
4.61103e-06
4.60048e-06
4.42218e-06
4.16244e-06
3.986e-06
3.93627e-06
3.87069e-06
3.67253e-06
3.41045e-06
3.26642e-06
3.33258e-06
3.52517e-06
3.70967e-06
3.80897e-06
3.80772e-06
3.72318e-06
3.58208e-06
3.40878e-06
3.22117e-06
3.0307e-06
2.84388e-06
2.664e-06
2.49247e-06
2.32977e-06
2.17599e-06
2.03106e-06
1.89498e-06
1.7678e-06
1.64968e-06
1.54088e-06
1.4418e-06
1.35295e-06
1.27488e-06
1.20813e-06
1.1533e-06
1.11124e-06
1.08338e-06
1.07166e-06
1.07738e-06
1.09878e-06
1.1335e-06
1.19348e-06
1.32646e-06
1.60334e-06
2.04987e-06
2.6108e-06
3.18549e-06
3.66979e-06
3.981e-06
4.07338e-06
3.94551e-06
3.6352e-06
3.20335e-06
2.71491e-06
2.22519e-06
1.77435e-06
1.38811e-06
1.08094e-06
8.58014e-07
7.13396e-07
6.27483e-07
5.73089e-07
5.29754e-07
4.8072e-07
4.04847e-07
3.09314e-07
2.40376e-07
3.0719e-07
5.01644e-07
7.52421e-07
1.02497e-06
1.29392e-06
1.53214e-06
1.71203e-06
1.81042e-06
1.81214e-06
1.71052e-06
1.50672e-06
1.21056e-06
8.43293e-07
4.41438e-07
1.35616e-07
4.02339e-07
7.18886e-07
9.78385e-07
1.18218e-06
1.34448e-06
1.4818e-06
1.60685e-06
1.72589e-06
1.83908e-06
1.94268e-06
2.03169e-06
2.10178e-06
2.15035e-06
2.17682e-06
2.18229e-06
2.16901e-06
2.13975e-06
2.09737e-06
2.04488e-06
1.98553e-06
1.92184e-06
1.85172e-06
1.77552e-06
1.69614e-06
1.61347e-06
1.52882e-06
1.44446e-06
1.36393e-06
1.29177e-06
1.23237e-06
1.18879e-06
1.16182e-06
1.14986e-06
1.1494e-06
1.15578e-06
1.16376e-06
1.1681e-06
1.16396e-06
1.14732e-06
1.1154e-06
1.06707e-06
1.00312e-06
9.26165e-07
8.3989e-07
7.48147e-07
6.54911e-07
5.65647e-07
4.88921e-07
4.35181e-07
4.10581e-07
4.10959e-07
4.25471e-07
4.44584e-07
4.65119e-07
4.83849e-07
5.11706e-07
5.28771e-07
1.57692e-05
9.81271e-06
8.05869e-06
5.80782e-06
3.49887e-06
1.42727e-06
1.35666e-06
2.79659e-06
4.08628e-06
5.20024e-06
6.18077e-06
6.96597e-06
7.44519e-06
7.54697e-06
7.29084e-06
6.78188e-06
6.20155e-06
5.71511e-06
5.4298e-06
5.3523e-06
5.37321e-06
5.36041e-06
5.2395e-06
5.00674e-06
4.70071e-06
4.36803e-06
4.04929e-06
3.78147e-06
3.60437e-06
3.53531e-06
3.53064e-06
3.53784e-06
3.53705e-06
3.54273e-06
3.55219e-06
3.61922e-06
3.72419e-06
3.82514e-06
3.92346e-06
4.04832e-06
4.19653e-06
4.29556e-06
4.25426e-06
4.08278e-06
3.93056e-06
3.91543e-06
3.93525e-06
3.80614e-06
3.50768e-06
3.21471e-06
3.12732e-06
3.26321e-06
3.48022e-06
3.64995e-06
3.7215e-06
3.69742e-06
3.60175e-06
3.46113e-06
3.29684e-06
3.12324e-06
2.94884e-06
2.77814e-06
2.61325e-06
2.45506e-06
2.30386e-06
2.15979e-06
2.02296e-06
1.89356e-06
1.77187e-06
1.65822e-06
1.55305e-06
1.45685e-06
1.37019e-06
1.29362e-06
1.22764e-06
1.17278e-06
1.12979e-06
1.09979e-06
1.08435e-06
1.08459e-06
1.09923e-06
1.125e-06
1.16391e-06
1.24287e-06
1.42672e-06
1.77622e-06
2.27755e-06
2.84583e-06
3.37488e-06
3.77337e-06
3.98365e-06
3.98909e-06
3.81044e-06
3.49321e-06
3.0917e-06
2.6562e-06
2.226e-06
1.82769e-06
1.47628e-06
1.17704e-06
9.27628e-07
7.21449e-07
5.52762e-07
4.20807e-07
3.30322e-07
3.05819e-07
3.86977e-07
5.5235e-07
7.6817e-07
1.01382e-06
1.27473e-06
1.53487e-06
1.77221e-06
1.95953e-06
2.07034e-06
2.08548e-06
1.99609e-06
1.80266e-06
1.51348e-06
1.14569e-06
7.27809e-07
3.01918e-07
1.48229e-07
4.7949e-07
7.59307e-07
9.7681e-07
1.14828e-06
1.2947e-06
1.43299e-06
1.57143e-06
1.70958e-06
1.8412e-06
1.95809e-06
2.05312e-06
2.12184e-06
2.1629e-06
2.17752e-06
2.16874e-06
2.14059e-06
2.09729e-06
2.04282e-06
1.98086e-06
1.91521e-06
1.84911e-06
1.78038e-06
1.70844e-06
1.63618e-06
1.56228e-06
1.48649e-06
1.40939e-06
1.33309e-06
1.26159e-06
1.19997e-06
1.15292e-06
1.12311e-06
1.11026e-06
1.11122e-06
1.12095e-06
1.13366e-06
1.14369e-06
1.14605e-06
1.1367e-06
1.11271e-06
1.07261e-06
1.01666e-06
9.47054e-07
8.67684e-07
7.83525e-07
7.00248e-07
6.24668e-07
5.65448e-07
5.31665e-07
5.27654e-07
5.48617e-07
5.83637e-07
6.22095e-07
6.58172e-07
6.87795e-07
7.15859e-07
7.35192e-07
1.4009e-05
1.07328e-05
8.76941e-06
6.1701e-06
3.4515e-06
9.80108e-07
1.76403e-06
3.7474e-06
5.3831e-06
6.65195e-06
7.62004e-06
8.26929e-06
8.54623e-06
8.42877e-06
7.95664e-06
7.30046e-06
6.64287e-06
6.12736e-06
5.83722e-06
5.74282e-06
5.73026e-06
5.68e-06
5.52259e-06
5.25109e-06
4.89968e-06
4.51505e-06
4.14238e-06
3.82421e-06
3.59815e-06
3.47149e-06
3.40313e-06
3.34951e-06
3.2786e-06
3.21887e-06
3.18031e-06
3.22185e-06
3.31664e-06
3.42455e-06
3.54854e-06
3.70717e-06
3.87058e-06
3.94505e-06
3.87833e-06
3.77396e-06
3.79471e-06
3.90209e-06
3.88012e-06
3.6202e-06
3.24367e-06
2.99933e-06
3.02818e-06
3.23631e-06
3.45592e-06
3.59307e-06
3.62884e-06
3.58091e-06
3.47644e-06
3.33941e-06
3.18677e-06
3.0289e-06
2.87141e-06
2.71703e-06
2.56694e-06
2.42163e-06
2.28135e-06
2.14635e-06
2.01693e-06
1.89347e-06
1.77646e-06
1.66641e-06
1.56389e-06
1.46951e-06
1.3839e-06
1.30764e-06
1.24118e-06
1.18494e-06
1.1395e-06
1.10585e-06
1.08537e-06
1.07908e-06
1.08603e-06
1.10365e-06
1.12992e-06
1.1747e-06
1.2814e-06
1.5224e-06
1.93176e-06
2.45967e-06
3.00784e-06
3.47799e-06
3.79929e-06
3.93892e-06
3.90073e-06
3.7151e-06
3.42554e-06
3.07679e-06
2.70733e-06
2.34629e-06
2.0131e-06
1.7186e-06
1.46742e-06
1.26301e-06
1.11293e-06
1.02474e-06
9.93616e-07
1.02267e-06
1.11639e-06
1.26294e-06
1.4486e-06
1.65851e-06
1.87726e-06
2.08542e-06
2.25703e-06
2.36317e-06
2.37987e-06
2.29463e-06
2.10723e-06
1.8267e-06
1.46956e-06
1.06276e-06
6.51562e-07
3.38318e-07
3.71713e-07
5.97988e-07
8.03272e-07
9.68759e-07
1.11247e-06
1.25428e-06
1.40481e-06
1.56325e-06
1.7204e-06
1.86397e-06
1.98301e-06
2.07046e-06
2.12376e-06
2.14416e-06
2.13555e-06
2.10322e-06
2.05288e-06
1.98999e-06
1.91935e-06
1.84524e-06
1.77196e-06
1.70335e-06
1.63746e-06
1.57336e-06
1.51406e-06
1.4574e-06
1.40141e-06
1.34437e-06
1.28581e-06
1.22763e-06
1.17399e-06
1.13008e-06
1.10022e-06
1.08614e-06
1.08632e-06
1.09651e-06
1.1111e-06
1.1243e-06
1.13101e-06
1.1272e-06
1.11004e-06
1.07802e-06
1.03122e-06
9.71491e-07
9.02496e-07
8.29356e-07
7.58151e-07
6.95648e-07
6.49119e-07
6.25131e-07
6.26684e-07
6.50736e-07
6.89375e-07
7.33422e-07
7.76025e-07
8.12013e-07
8.41676e-07
8.63859e-07
1.27128e-05
1.08599e-05
9.07593e-06
6.43499e-06
3.40834e-06
8.301e-07
2.64336e-06
4.84562e-06
6.62454e-06
7.93082e-06
8.81906e-06
9.32183e-06
9.41925e-06
9.10041e-06
8.47853e-06
7.72849e-06
7.00669e-06
6.45354e-06
6.13061e-06
5.996e-06
5.9423e-06
5.85979e-06
5.67984e-06
5.38768e-06
5.00863e-06
4.5857e-06
4.16475e-06
3.78855e-06
3.49009e-06
3.27422e-06
3.11029e-06
2.96873e-06
2.82657e-06
2.71614e-06
2.67292e-06
2.73372e-06
2.8509e-06
2.99087e-06
3.16284e-06
3.36624e-06
3.52875e-06
3.56354e-06
3.52258e-06
3.58507e-06
3.77494e-06
3.86996e-06
3.69089e-06
3.29491e-06
2.93068e-06
2.8342e-06
2.99926e-06
3.24545e-06
3.43563e-06
3.52533e-06
3.52307e-06
3.45502e-06
3.34698e-06
3.21802e-06
3.08002e-06
2.93946e-06
2.79945e-06
2.66131e-06
2.52559e-06
2.39257e-06
2.26255e-06
2.13591e-06
2.01315e-06
1.89488e-06
1.78174e-06
1.67442e-06
1.57362e-06
1.48003e-06
1.39438e-06
1.31728e-06
1.24919e-06
1.19046e-06
1.14145e-06
1.103e-06
1.07644e-06
1.06263e-06
1.06118e-06
1.07045e-06
1.08782e-06
1.11388e-06
1.16916e-06
1.31156e-06
1.60628e-06
2.05421e-06
2.58273e-06
3.09467e-06
3.50776e-06
3.77251e-06
3.87497e-06
3.82973e-06
3.66841e-06
3.42877e-06
3.14684e-06
2.8528e-06
2.56931e-06
2.31151e-06
2.08894e-06
1.91045e-06
1.78656e-06
1.72151e-06
1.70565e-06
1.74e-06
1.82469e-06
1.94847e-06
2.09975e-06
2.2654e-06
2.42938e-06
2.56939e-06
2.65717e-06
2.66555e-06
2.57766e-06
2.39145e-06
2.11722e-06
1.77277e-06
1.38317e-06
9.87716e-07
6.55402e-07
5.02537e-07
5.68219e-07
7.08564e-07
8.41308e-07
9.63865e-07
1.0941e-06
1.24451e-06
1.41434e-06
1.59145e-06
1.7586e-06
1.8998e-06
2.00426e-06
2.06752e-06
2.09061e-06
2.07828e-06
2.03719e-06
1.97458e-06
1.89732e-06
1.81147e-06
1.72216e-06
1.6339e-06
1.5513e-06
1.47884e-06
1.41541e-06
1.3604e-06
1.31746e-06
1.28429e-06
1.2574e-06
1.23259e-06
1.20595e-06
1.17592e-06
1.14403e-06
1.11439e-06
1.09197e-06
1.08039e-06
1.08044e-06
1.08988e-06
1.10435e-06
1.11866e-06
1.12793e-06
1.1282e-06
1.11671e-06
1.092e-06
1.05407e-06
1.00451e-06
9.46572e-07
8.84963e-07
8.25335e-07
7.73665e-07
7.35636e-07
7.15743e-07
7.15958e-07
7.34597e-07
7.66646e-07
8.05373e-07
8.44598e-07
8.79081e-07
9.06437e-07
9.27851e-07
1.10981e-05
9.39976e-06
8.81253e-06
7.45331e-06
5.57479e-06
4.07688e-06
4.66389e-06
6.41094e-06
8.01247e-06
9.13138e-06
9.78902e-06
1.01267e-05
1.00484e-05
9.59036e-06
8.88834e-06
8.06896e-06
7.29214e-06
6.69137e-06
6.31507e-06
6.12179e-06
6.01604e-06
5.8993e-06
5.70377e-06
5.4047e-06
5.0143e-06
4.56637e-06
4.10171e-06
3.65944e-06
3.26948e-06
2.94228e-06
2.66495e-06
2.41836e-06
2.21111e-06
2.09316e-06
2.09849e-06
2.21236e-06
2.37389e-06
2.56915e-06
2.80722e-06
3.03784e-06
3.16083e-06
3.18882e-06
3.30345e-06
3.57508e-06
3.78252e-06
3.69584e-06
3.31907e-06
2.88182e-06
2.67442e-06
2.78168e-06
3.03612e-06
3.26476e-06
3.39802e-06
3.43482e-06
3.39966e-06
3.31951e-06
3.21494e-06
3.09886e-06
2.97816e-06
2.85601e-06
2.73361e-06
2.61135e-06
2.48941e-06
2.36801e-06
2.24755e-06
2.12858e-06
2.01179e-06
1.89796e-06
1.78792e-06
1.6825e-06
1.58252e-06
1.48877e-06
1.40203e-06
1.323e-06
1.25222e-06
1.18999e-06
1.13656e-06
1.09254e-06
1.05912e-06
1.03714e-06
1.02673e-06
1.0272e-06
1.03655e-06
1.05224e-06
1.07985e-06
1.1518e-06
1.33234e-06
1.66752e-06
2.13021e-06
2.63998e-06
3.11039e-06
3.47742e-06
3.70904e-06
3.80271e-06
3.77651e-06
3.65916e-06
3.48209e-06
3.27432e-06
3.05959e-06
2.85522e-06
2.6739e-06
2.52766e-06
2.42769e-06
2.37639e-06
2.36367e-06
2.39061e-06
2.45497e-06
2.54659e-06
2.65502e-06
2.76732e-06
2.86535e-06
2.92403e-06
2.91564e-06
2.81969e-06
2.63114e-06
2.36075e-06
2.02867e-06
1.65949e-06
1.28535e-06
9.55968e-07
7.4122e-07
6.83832e-07
7.29997e-07
8.04087e-07
8.84813e-07
9.8444e-07
1.1172e-06
1.28405e-06
1.47116e-06
1.65618e-06
1.81671e-06
1.93658e-06
2.00826e-06
2.03197e-06
2.01327e-06
1.96036e-06
1.88211e-06
1.78678e-06
1.6815e-06
1.57208e-06
1.46327e-06
1.35936e-06
1.26509e-06
1.18576e-06
1.122e-06
1.07449e-06
1.04861e-06
1.04284e-06
1.05236e-06
1.07009e-06
1.08794e-06
1.09985e-06
1.10353e-06
1.10065e-06
1.09557e-06
1.0931e-06
1.0964e-06
1.10589e-06
1.11944e-06
1.13338e-06
1.1436e-06
1.1465e-06
1.13944e-06
1.12099e-06
1.09104e-06
1.05087e-06
1.00325e-06
9.52209e-07
9.02578e-07
8.59328e-07
8.26841e-07
8.08238e-07
8.04767e-07
8.15406e-07
8.3701e-07
8.65012e-07
8.94615e-07
9.21373e-07
9.41915e-07
9.58167e-07
8.51054e-06
5.55433e-06
7.86158e-06
9.67728e-06
1.06556e-05
1.07508e-05
1.02171e-05
9.74276e-06
9.89991e-06
1.04452e-05
1.07063e-05
1.06601e-05
1.04301e-05
9.9393e-06
9.19869e-06
8.332e-06
7.50768e-06
6.85123e-06
6.4067e-06
6.13891e-06
5.968e-06
5.80864e-06
5.59605e-06
5.29729e-06
4.91049e-06
4.45579e-06
3.96404e-06
3.46742e-06
2.99247e-06
2.55612e-06
2.16357e-06
1.8103e-06
1.55631e-06
1.47136e-06
1.55066e-06
1.72316e-06
1.94474e-06
2.2194e-06
2.50636e-06
2.69884e-06
2.78973e-06
2.96718e-06
3.32606e-06
3.63489e-06
3.62998e-06
3.28356e-06
2.80978e-06
2.52643e-06
2.58638e-06
2.84259e-06
3.09678e-06
3.26037e-06
3.32555e-06
3.31594e-06
3.25943e-06
3.17756e-06
3.08362e-06
2.98443e-06
2.88277e-06
2.77939e-06
2.67428e-06
2.5673e-06
2.45845e-06
2.348e-06
2.23645e-06
2.12451e-06
2.01302e-06
1.90295e-06
1.79527e-06
1.69096e-06
1.59097e-06
1.49618e-06
1.40742e-06
1.32548e-06
1.25099e-06
1.18433e-06
1.1257e-06
1.07554e-06
1.0348e-06
1.00417e-06
9.84464e-07
9.75893e-07
9.77134e-07
9.85427e-07
1.00008e-06
1.03327e-06
1.12639e-06
1.33995e-06
1.69685e-06
2.15345e-06
2.63305e-06
3.06405e-06
3.39865e-06
3.61671e-06
3.72095e-06
3.72881e-06
3.66465e-06
3.55399e-06
3.41942e-06
3.27885e-06
3.14674e-06
3.03677e-06
2.96024e-06
2.91853e-06
2.90282e-06
2.91483e-06
2.95134e-06
3.00401e-06
3.06303e-06
3.11417e-06
3.13662e-06
3.10479e-06
2.99666e-06
2.80414e-06
2.53696e-06
2.21732e-06
1.87104e-06
1.52504e-06
1.21404e-06
9.84342e-07
8.69089e-07
8.46846e-07
8.65078e-07
8.98831e-07
9.56441e-07
1.0548e-06
1.2002e-06
1.38171e-06
1.57441e-06
1.74913e-06
1.88236e-06
1.96158e-06
1.98511e-06
1.95896e-06
1.89302e-06
1.79807e-06
1.68398e-06
1.55889e-06
1.42903e-06
1.29899e-06
1.17222e-06
1.05194e-06
9.42464e-07
8.49981e-07
7.78641e-07
7.33006e-07
7.22848e-07
7.48664e-07
8.02724e-07
8.72642e-07
9.44757e-07
1.00827e-06
1.05713e-06
1.09034e-06
1.11099e-06
1.12425e-06
1.13515e-06
1.14679e-06
1.15972e-06
1.17242e-06
1.18218e-06
1.18615e-06
1.18201e-06
1.16835e-06
1.14492e-06
1.11268e-06
1.07384e-06
1.03165e-06
9.90043e-07
9.53015e-07
9.23972e-07
9.05198e-07
8.97531e-07
9.00261e-07
9.11299e-07
9.27542e-07
9.45488e-07
9.6174e-07
9.72904e-07
9.81227e-07
1.09815e-05
4.62079e-06
6.94252e-06
1.00608e-05
1.30833e-05
1.5702e-05
1.72516e-05
1.70926e-05
1.53866e-05
1.32875e-05
1.2113e-05
1.1497e-05
1.09005e-05
1.01863e-05
9.35286e-06
8.47268e-06
7.64181e-06
6.94909e-06
6.43482e-06
6.08079e-06
5.82934e-06
5.61218e-06
5.37162e-06
5.07114e-06
4.69749e-06
4.25683e-06
3.7675e-06
3.25247e-06
2.73392e-06
2.22941e-06
1.74939e-06
1.31594e-06
1.03449e-06
9.75167e-07
1.09357e-06
1.31612e-06
1.62595e-06
1.96571e-06
2.21283e-06
2.36212e-06
2.62134e-06
3.0753e-06
3.4599e-06
3.50038e-06
3.16728e-06
2.67559e-06
2.36038e-06
2.40827e-06
2.67513e-06
2.94612e-06
3.12563e-06
3.20559e-06
3.21109e-06
3.17127e-06
3.10812e-06
3.03471e-06
2.95715e-06
2.87741e-06
2.79547e-06
2.71062e-06
2.62219e-06
2.52977e-06
2.43333e-06
2.33317e-06
2.22989e-06
2.12434e-06
2.01749e-06
1.91046e-06
1.80439e-06
1.70041e-06
1.59959e-06
1.50291e-06
1.41128e-06
1.32554e-06
1.24643e-06
1.17445e-06
1.10993e-06
1.0532e-06
1.00482e-06
9.6533e-07
9.36026e-07
9.18138e-07
9.11039e-07
9.12436e-07
9.20084e-07
9.36099e-07
9.78623e-07
1.09225e-06
1.32573e-06
1.68275e-06
2.11521e-06
2.55697e-06
2.9515e-06
3.26351e-06
3.47979e-06
3.60437e-06
3.65192e-06
3.64176e-06
3.59303e-06
3.52245e-06
3.44478e-06
3.37418e-06
3.32147e-06
3.2875e-06
3.26602e-06
3.25999e-06
3.26621e-06
3.27763e-06
3.28372e-06
3.26817e-06
3.20945e-06
3.08682e-06
2.89051e-06
2.62841e-06
2.32332e-06
2.00277e-06
1.69112e-06
1.41162e-06
1.19293e-06
1.05945e-06
1.0035e-06
9.8838e-07
9.89597e-07
1.0119e-06
1.07283e-06
1.18436e-06
1.34373e-06
1.53015e-06
1.71073e-06
1.85384e-06
1.93971e-06
1.96302e-06
1.92952e-06
1.8508e-06
1.73989e-06
1.60864e-06
1.46652e-06
1.32038e-06
1.17473e-06
1.03207e-06
8.93534e-07
7.5982e-07
6.32796e-07
5.1723e-07
4.21362e-07
3.61604e-07
3.66703e-07
4.39856e-07
5.54528e-07
6.85292e-07
8.14293e-07
9.29577e-07
1.02398e-06
1.09497e-06
1.14432e-06
1.17684e-06
1.19844e-06
1.21424e-06
1.22728e-06
1.23836e-06
1.24653e-06
1.25003e-06
1.24707e-06
1.23638e-06
1.21759e-06
1.19129e-06
1.15914e-06
1.12365e-06
1.08791e-06
1.05507e-06
1.02781e-06
1.00791e-06
9.96029e-07
9.91666e-07
9.93349e-07
9.98894e-07
1.00573e-06
1.0114e-06
1.01278e-06
1.01244e-06
2.29382e-05
1.854e-05
1.64353e-05
1.57413e-05
1.5985e-05
1.73826e-05
1.94218e-05
2.1152e-05
2.1776e-05
2.06614e-05
1.76101e-05
1.42904e-05
1.21913e-05
1.08543e-05
9.66087e-06
8.56759e-06
7.64773e-06
6.92339e-06
6.37599e-06
5.96822e-06
5.652e-06
5.37667e-06
5.098e-06
4.78438e-06
4.41908e-06
3.99934e-06
3.53328e-06
3.03583e-06
2.52327e-06
2.01069e-06
1.51648e-06
1.07898e-06
7.74413e-07
6.49409e-07
7.50046e-07
1.05889e-06
1.42855e-06
1.69957e-06
1.91079e-06
2.30755e-06
2.89192e-06
3.33345e-06
3.37379e-06
3.01622e-06
2.5017e-06
2.18822e-06
2.2631e-06
2.55129e-06
2.8281e-06
3.00576e-06
3.08373e-06
3.09126e-06
3.05896e-06
3.00868e-06
2.95248e-06
2.89523e-06
2.83765e-06
2.77862e-06
2.71654e-06
2.64997e-06
2.57786e-06
2.49968e-06
2.41531e-06
2.32509e-06
2.22967e-06
2.12998e-06
2.02717e-06
1.92247e-06
1.81721e-06
1.71267e-06
1.61009e-06
1.51059e-06
1.41515e-06
1.32468e-06
1.24001e-06
1.1618e-06
1.09056e-06
1.02674e-06
9.70535e-07
9.22312e-07
8.83704e-07
8.56682e-07
8.41587e-07
8.36784e-07
8.39793e-07
8.49199e-07
8.70044e-07
9.24137e-07
1.05328e-06
1.29208e-06
1.63282e-06
2.0307e-06
2.43175e-06
2.79202e-06
3.08491e-06
3.30088e-06
3.4434e-06
3.52351e-06
3.555e-06
3.55174e-06
3.52752e-06
3.49594e-06
3.46705e-06
3.442e-06
3.41678e-06
3.39468e-06
3.37224e-06
3.34249e-06
3.29369e-06
3.20943e-06
3.07282e-06
2.87488e-06
2.62207e-06
2.3362e-06
2.04539e-06
1.77317e-06
1.53528e-06
1.34597e-06
1.21993e-06
1.15653e-06
1.13114e-06
1.12014e-06
1.12397e-06
1.15851e-06
1.23722e-06
1.3648e-06
1.53174e-06
1.70951e-06
1.86048e-06
1.95522e-06
1.98173e-06
1.94384e-06
1.85459e-06
1.72979e-06
1.58401e-06
1.4288e-06
1.2723e-06
1.11962e-06
9.73355e-07
8.34118e-07
7.00872e-07
5.71358e-07
4.42981e-07
3.13739e-07
1.81914e-07
4.53498e-08
1.06666e-07
2.65872e-07
4.31629e-07
5.98663e-07
7.59256e-07
9.05145e-07
1.0294e-06
1.12796e-06
1.2005e-06
1.25019e-06
1.28238e-06
1.30285e-06
1.31621e-06
1.32517e-06
1.33053e-06
1.33179e-06
1.32789e-06
1.31789e-06
1.30136e-06
1.27862e-06
1.25081e-06
1.2198e-06
1.18792e-06
1.15763e-06
1.13105e-06
1.10961e-06
1.09388e-06
1.08355e-06
1.07754e-06
1.07425e-06
1.07174e-06
1.06822e-06
1.06086e-06
1.0525e-06
2.51271e-05
2.20435e-05
1.90647e-05
1.70319e-05
1.576e-05
1.54358e-05
1.60047e-05
1.70173e-05
1.80829e-05
1.89168e-05
1.91949e-05
1.78127e-05
1.45259e-05
1.13449e-05
9.36632e-06
8.07271e-06
7.04811e-06
6.22853e-06
5.61804e-06
5.18098e-06
4.8554e-06
4.5818e-06
4.31623e-06
4.03123e-06
3.71262e-06
3.35632e-06
2.96648e-06
2.55127e-06
2.12001e-06
1.69018e-06
1.28425e-06
9.09408e-07
5.64913e-07
3.1571e-07
5.14748e-07
8.64213e-07
1.11893e-06
1.40242e-06
1.92199e-06
2.53302e-06
2.91367e-06
2.88453e-06
2.49931e-06
2.0129e-06
1.77452e-06
1.91525e-06
2.21183e-06
2.46363e-06
2.61246e-06
2.67072e-06
2.67039e-06
2.64065e-06
2.60086e-06
2.56083e-06
2.52377e-06
2.48925e-06
2.45536e-06
2.4198e-06
2.38052e-06
2.33587e-06
2.2847e-06
2.22635e-06
2.16064e-06
2.08782e-06
2.0085e-06
1.92359e-06
1.83422e-06
1.74165e-06
1.64719e-06
1.55218e-06
1.45786e-06
1.36537e-06
1.27572e-06
1.18979e-06
1.10836e-06
1.03215e-06
9.61819e-07
8.97957e-07
8.40482e-07
7.89629e-07
7.4691e-07
7.14512e-07
6.93717e-07
6.84148e-07
6.83772e-07
6.90238e-07
7.03347e-07
7.29683e-07
7.89212e-07
9.1292e-07
1.12048e-06
1.40092e-06
1.72055e-06
2.04134e-06
2.33284e-06
2.57667e-06
2.76591e-06
2.90198e-06
2.99094e-06
3.04132e-06
3.06359e-06
3.06809e-06
3.06214e-06
3.04592e-06
3.01864e-06
2.98297e-06
2.93586e-06
2.87102e-06
2.77872e-06
2.64845e-06
2.47466e-06
2.26267e-06
2.0301e-06
1.80082e-06
1.59521e-06
1.42399e-06
1.29096e-06
1.20022e-06
1.15305e-06
1.13668e-06
1.13188e-06
1.13466e-06
1.15748e-06
1.21201e-06
1.3031e-06
1.43073e-06
1.58087e-06
1.72151e-06
1.81806e-06
1.85057e-06
1.81796e-06
1.73215e-06
1.61007e-06
1.46799e-06
1.31896e-06
1.17231e-06
1.03408e-06
9.07608e-07
7.94257e-07
6.93879e-07
6.05235e-07
5.26382e-07
4.55876e-07
3.96151e-07
3.5342e-07
3.32995e-07
3.44879e-07
4.00678e-07
4.93729e-07
6.11771e-07
7.41042e-07
8.69086e-07
9.85687e-07
1.08363e-06
1.1594e-06
1.21328e-06
1.24843e-06
1.26954e-06
1.28122e-06
1.28693e-06
1.2886e-06
1.28674e-06
1.28109e-06
1.27108e-06
1.25636e-06
1.23702e-06
1.21374e-06
1.18772e-06
1.16055e-06
1.13394e-06
1.10943e-06
1.08813e-06
1.07052e-06
1.05645e-06
1.04523e-06
1.03576e-06
1.02667e-06
1.01676e-06
1.00367e-06
9.90044e-07
1.06127e-05
1.03438e-05
9.72177e-06
9.16425e-06
8.97659e-06
9.32292e-06
1.0134e-05
1.11446e-05
1.21793e-05
1.32315e-05
1.43756e-05
1.55405e-05
1.57235e-05
1.40655e-05
1.14218e-05
9.09654e-06
7.52906e-06
6.48868e-06
5.72157e-06
5.12758e-06
4.6702e-06
4.31044e-06
4.00241e-06
3.70718e-06
3.39987e-06
3.06926e-06
2.71383e-06
2.33628e-06
1.94589e-06
1.55724e-06
1.16487e-06
7.51927e-07
3.22543e-07
1.4427e-07
4.7644e-07
7.96557e-07
1.30077e-06
1.98663e-06
2.59229e-06
2.85697e-06
2.68765e-06
2.2029e-06
1.70666e-06
1.57254e-06
1.82461e-06
2.15876e-06
2.40439e-06
2.53405e-06
2.57419e-06
2.56159e-06
2.52622e-06
2.48675e-06
2.45207e-06
2.42457e-06
2.4032e-06
2.38539e-06
2.36824e-06
2.34896e-06
2.32512e-06
2.29477e-06
2.2565e-06
2.20943e-06
2.15325e-06
2.08813e-06
2.01469e-06
1.93392e-06
1.84705e-06
1.75548e-06
1.6607e-06
1.56419e-06
1.46735e-06
1.37148e-06
1.2777e-06
1.18698e-06
1.10015e-06
1.01795e-06
9.41251e-07
8.70789e-07
8.06504e-07
7.4874e-07
6.98822e-07
6.58765e-07
6.3056e-07
6.15307e-07
6.11858e-07
6.17535e-07
6.30317e-07
6.51274e-07
6.87945e-07
7.57492e-07
8.81807e-07
1.07159e-06
1.31617e-06
1.58994e-06
1.86461e-06
2.11742e-06
2.33397e-06
2.50759e-06
2.63747e-06
2.72736e-06
2.78385e-06
2.81336e-06
2.82194e-06
2.8086e-06
2.77608e-06
2.72561e-06
2.65464e-06
2.55839e-06
2.4315e-06
2.27207e-06
2.08588e-06
1.88787e-06
1.6985e-06
1.53602e-06
1.40965e-06
1.31863e-06
1.25928e-06
1.23064e-06
1.2276e-06
1.23601e-06
1.24775e-06
1.2723e-06
1.32271e-06
1.4022e-06
1.51129e-06
1.64741e-06
1.7897e-06
1.90114e-06
1.95091e-06
1.92936e-06
1.84603e-06
1.71987e-06
1.57065e-06
1.41465e-06
1.26361e-06
1.12526e-06
1.00418e-06
9.02434e-07
8.20091e-07
7.5562e-07
7.06249e-07
6.68467e-07
6.39685e-07
6.21629e-07
6.15283e-07
6.16742e-07
6.27669e-07
6.58386e-07
7.12275e-07
7.90584e-07
8.87938e-07
9.94582e-07
1.09959e-06
1.19344e-06
1.26978e-06
1.32613e-06
1.3635e-06
1.38528e-06
1.39573e-06
1.39867e-06
1.3967e-06
1.39112e-06
1.3822e-06
1.36974e-06
1.35344e-06
1.33329e-06
1.3097e-06
1.28354e-06
1.25601e-06
1.22846e-06
1.20214e-06
1.17803e-06
1.1566e-06
1.13783e-06
1.12122e-06
1.10595e-06
1.09089e-06
1.07515e-06
1.05647e-06
1.03746e-06
1.8559e-06
1.83772e-06
1.57618e-06
1.51832e-06
2.08428e-06
2.94944e-06
3.84266e-06
4.70035e-06
5.54232e-06
6.45262e-06
7.57999e-06
9.06603e-06
1.07462e-05
1.19489e-05
1.19868e-05
1.08333e-05
9.10703e-06
7.48227e-06
6.26017e-06
5.40736e-06
4.789e-06
4.30305e-06
3.89293e-06
3.52544e-06
3.17793e-06
2.83478e-06
2.48715e-06
2.13426e-06
1.77795e-06
1.41101e-06
1.02101e-06
6.29113e-07
3.131e-07
4.40184e-07
9.55928e-07
1.63236e-06
2.2969e-06
2.72289e-06
2.75051e-06
2.38101e-06
1.80078e-06
1.38059e-06
1.46754e-06
1.84558e-06
2.19003e-06
2.40297e-06
2.49325e-06
2.50039e-06
2.46435e-06
2.41442e-06
2.36771e-06
2.33172e-06
2.30797e-06
2.29485e-06
2.28939e-06
2.28818e-06
2.28782e-06
2.28507e-06
2.27708e-06
2.26148e-06
2.23649e-06
2.20097e-06
2.15441e-06
2.09691e-06
2.02911e-06
1.95208e-06
1.86719e-06
1.77601e-06
1.68022e-06
1.58148e-06
1.48139e-06
1.3814e-06
1.28279e-06
1.18664e-06
1.09385e-06
1.00521e-06
9.21685e-07
8.43954e-07
7.72328e-07
7.07406e-07
6.50441e-07
6.03082e-07
5.677e-07
5.46676e-07
5.40245e-07
5.45908e-07
5.60298e-07
5.81786e-07
6.12311e-07
6.58913e-07
7.34069e-07
8.50966e-07
1.01428e-06
1.21545e-06
1.43675e-06
1.65848e-06
1.86394e-06
2.0414e-06
2.18472e-06
2.29263e-06
2.36706e-06
2.41137e-06
2.42935e-06
2.41895e-06
2.38346e-06
2.32344e-06
2.23821e-06
2.1271e-06
1.99202e-06
1.84003e-06
1.68404e-06
1.54053e-06
1.42448e-06
1.34393e-06
1.29689e-06
1.27485e-06
1.27179e-06
1.28584e-06
1.31042e-06
1.3367e-06
1.36929e-06
1.42327e-06
1.50356e-06
1.60551e-06
1.72914e-06
1.86844e-06
1.99427e-06
2.06781e-06
2.06685e-06
1.99433e-06
1.86957e-06
1.71605e-06
1.55386e-06
1.39747e-06
1.2563e-06
1.13594e-06
1.03894e-06
9.65289e-07
9.12902e-07
8.78243e-07
8.56935e-07
8.44372e-07
8.37639e-07
8.38853e-07
8.48364e-07
8.60374e-07
8.74657e-07
9.00342e-07
9.39862e-07
9.97026e-07
1.07126e-06
1.15739e-06
1.24715e-06
1.33149e-06
1.40301e-06
1.45741e-06
1.49384e-06
1.51427e-06
1.52224e-06
1.52152e-06
1.51511e-06
1.5049e-06
1.49169e-06
1.47557e-06
1.4564e-06
1.4341e-06
1.40887e-06
1.38129e-06
1.35223e-06
1.32275e-06
1.29387e-06
1.26643e-06
1.24089e-06
1.21734e-06
1.19547e-06
1.17464e-06
1.15396e-06
1.13272e-06
1.10885e-06
1.08466e-06
9.30008e-07
1.08236e-06
1.19311e-06
1.35056e-06
1.55384e-06
1.7634e-06
1.95371e-06
2.12322e-06
2.31811e-06
2.66152e-06
3.23249e-06
4.06752e-06
5.19294e-06
6.59008e-06
8.0242e-06
9.01691e-06
9.21654e-06
8.66109e-06
7.66759e-06
6.57891e-06
5.60773e-06
4.82127e-06
4.19881e-06
3.69165e-06
3.25568e-06
2.86038e-06
2.48957e-06
2.13581e-06
1.79018e-06
1.45818e-06
1.1985e-06
1.14941e-06
1.40481e-06
1.88033e-06
2.40089e-06
2.77046e-06
2.82527e-06
2.50557e-06
1.90096e-06
1.28251e-06
1.14503e-06
1.54035e-06
1.98497e-06
2.28866e-06
2.43799e-06
2.47139e-06
2.43619e-06
2.37156e-06
2.30342e-06
2.24569e-06
2.20386e-06
2.1786e-06
2.1682e-06
2.16984e-06
2.18019e-06
2.19557e-06
2.21221e-06
2.22639e-06
2.23472e-06
2.23428e-06
2.22289e-06
2.19906e-06
2.16211e-06
2.11208e-06
2.04964e-06
1.97594e-06
1.89253e-06
1.80119e-06
1.70379e-06
1.60223e-06
1.49829e-06
1.39363e-06
1.28969e-06
1.18769e-06
1.0886e-06
9.93302e-07
9.02785e-07
8.17562e-07
7.38293e-07
6.66044e-07
6.02034e-07
5.47567e-07
5.05193e-07
4.78239e-07
4.68608e-07
4.74688e-07
4.92011e-07
5.16356e-07
5.46293e-07
5.83951e-07
6.3486e-07
7.06925e-07
8.07259e-07
9.37618e-07
1.09217e-06
1.25931e-06
1.4254e-06
1.57823e-06
1.70912e-06
1.81319e-06
1.88846e-06
1.9355e-06
1.95386e-06
1.94301e-06
1.90545e-06
1.84278e-06
1.75765e-06
1.65495e-06
1.54301e-06
1.43335e-06
1.33893e-06
1.27109e-06
1.23623e-06
1.23251e-06
1.2499e-06
1.27758e-06
1.31227e-06
1.3539e-06
1.39783e-06
1.44412e-06
1.50694e-06
1.59698e-06
1.70672e-06
1.82834e-06
1.96362e-06
2.10014e-06
2.20061e-06
2.22925e-06
2.17672e-06
2.05919e-06
1.90355e-06
1.73474e-06
1.57067e-06
1.42251e-06
1.2967e-06
1.19631e-06
1.12165e-06
1.07061e-06
1.03939e-06
1.02347e-06
1.01822e-06
1.01931e-06
1.0245e-06
1.03656e-06
1.05575e-06
1.07507e-06
1.09354e-06
1.12041e-06
1.15643e-06
1.20506e-06
1.26688e-06
1.33915e-06
1.41611e-06
1.49035e-06
1.55482e-06
1.60462e-06
1.63781e-06
1.65522e-06
1.65965e-06
1.65457e-06
1.64317e-06
1.62771e-06
1.60941e-06
1.58869e-06
1.56554e-06
1.53988e-06
1.51178e-06
1.48157e-06
1.44989e-06
1.41754e-06
1.38534e-06
1.35401e-06
1.32402e-06
1.29553e-06
1.26836e-06
1.24207e-06
1.21594e-06
1.18941e-06
1.16063e-06
1.13136e-06
6.13967e-07
7.54215e-07
9.07265e-07
1.06634e-06
1.21464e-06
1.34959e-06
1.48139e-06
1.61861e-06
1.75881e-06
1.89867e-06
2.08429e-06
2.39168e-06
2.84125e-06
3.36093e-06
3.98064e-06
4.84552e-06
5.85352e-06
6.67369e-06
7.06755e-06
7.00686e-06
6.60701e-06
6.02365e-06
5.38472e-06
4.76881e-06
4.2123e-06
3.72716e-06
3.31685e-06
2.98364e-06
2.74526e-06
2.64262e-06
2.68932e-06
2.8509e-06
3.0343e-06
3.11679e-06
2.97811e-06
2.55479e-06
1.88316e-06
1.1417e-06
8.46262e-07
1.30278e-06
1.84647e-06
2.22955e-06
2.43174e-06
2.49061e-06
2.45744e-06
2.37816e-06
2.28566e-06
2.19949e-06
2.12904e-06
2.07758e-06
2.04532e-06
2.03112e-06
2.0331e-06
2.04868e-06
2.07458e-06
2.10685e-06
2.14115e-06
2.17307e-06
2.19847e-06
2.21384e-06
2.21648e-06
2.20459e-06
2.17731e-06
2.13462e-06
2.07723e-06
2.00645e-06
1.924e-06
1.83188e-06
1.73224e-06
1.6272e-06
1.51879e-06
1.40886e-06
1.29906e-06
1.19074e-06
1.085e-06
9.82864e-07
8.85089e-07
7.92243e-07
7.05223e-07
6.2546e-07
5.5406e-07
4.92407e-07
4.43166e-07
4.1032e-07
3.97454e-07
4.04542e-07
4.26796e-07
4.57625e-07
4.92421e-07
5.30084e-07
5.72527e-07
6.23523e-07
6.87428e-07
7.67472e-07
8.63783e-07
9.72329e-07
1.08569e-06
1.19533e-06
1.29363e-06
1.37469e-06
1.43446e-06
1.47085e-06
1.48177e-06
1.46819e-06
1.43212e-06
1.3773e-06
1.30994e-06
1.23862e-06
1.17359e-06
1.12503e-06
1.10129e-06
1.10701e-06
1.1407e-06
1.1931e-06
1.25104e-06
1.30728e-06
1.36416e-06
1.42406e-06
1.48656e-06
1.56125e-06
1.66396e-06
1.79186e-06
1.92685e-06
2.06415e-06
2.20662e-06
2.33221e-06
2.39821e-06
2.37768e-06
2.27686e-06
2.12363e-06
1.94884e-06
1.77547e-06
1.61713e-06
1.48098e-06
1.37051e-06
1.28674e-06
1.22839e-06
1.19211e-06
1.17345e-06
1.16777e-06
1.17084e-06
1.17902e-06
1.19089e-06
1.20982e-06
1.23621e-06
1.26169e-06
1.28464e-06
1.31516e-06
1.35274e-06
1.40002e-06
1.45736e-06
1.52274e-06
1.5918e-06
1.65849e-06
1.71666e-06
1.76153e-06
1.79071e-06
1.8044e-06
1.80478e-06
1.79503e-06
1.77837e-06
1.7573e-06
1.73341e-06
1.70742e-06
1.67948e-06
1.64956e-06
1.61762e-06
1.58387e-06
1.54872e-06
1.51276e-06
1.47666e-06
1.44103e-06
1.40633e-06
1.37275e-06
1.34024e-06
1.3085e-06
1.27698e-06
1.24522e-06
1.21164e-06
1.17727e-06
3.56119e-07
4.41752e-07
5.43951e-07
6.70362e-07
8.21247e-07
9.96674e-07
1.1884e-06
1.38099e-06
1.55803e-06
1.70737e-06
1.83129e-06
1.96167e-06
2.17165e-06
2.49699e-06
2.81943e-06
3.00297e-06
3.12401e-06
3.41821e-06
3.94976e-06
4.53629e-06
4.98617e-06
5.21788e-06
5.24081e-06
5.10797e-06
4.88142e-06
4.61546e-06
4.34977e-06
4.10911e-06
3.91056e-06
3.73651e-06
3.54662e-06
3.27646e-06
2.85894e-06
2.26102e-06
1.50507e-06
7.1842e-07
6.14804e-07
1.28393e-06
1.88125e-06
2.28754e-06
2.50338e-06
2.56659e-06
2.52737e-06
2.43259e-06
2.31763e-06
2.2046e-06
2.10485e-06
2.02291e-06
1.96006e-06
1.91656e-06
1.89241e-06
1.88739e-06
1.90053e-06
1.92973e-06
1.97161e-06
2.02166e-06
2.07469e-06
2.12537e-06
2.16873e-06
2.20057e-06
2.2177e-06
2.218e-06
2.20044e-06
2.16497e-06
2.11237e-06
2.04409e-06
1.96208e-06
1.86859e-06
1.76605e-06
1.65685e-06
1.54332e-06
1.42754e-06
1.31137e-06
1.1963e-06
1.08363e-06
9.74429e-07
8.69248e-07
7.68736e-07
6.74153e-07
5.86668e-07
5.07411e-07
4.38107e-07
3.81699e-07
3.42891e-07
3.26983e-07
3.35749e-07
3.64366e-07
4.04221e-07
4.47897e-07
4.91489e-07
5.34418e-07
5.78256e-07
6.2544e-07
6.78177e-07
7.37469e-07
8.02428e-07
8.70236e-07
9.36789e-07
9.97366e-07
1.04729e-06
1.08306e-06
1.10176e-06
1.10246e-06
1.08638e-06
1.05642e-06
1.01823e-06
9.79426e-07
9.48698e-07
9.34306e-07
9.42705e-07
9.77366e-07
1.0372e-06
1.11465e-06
1.19677e-06
1.27277e-06
1.34265e-06
1.41398e-06
1.49113e-06
1.57965e-06
1.69522e-06
1.84449e-06
2.00696e-06
2.1612e-06
2.31021e-06
2.45432e-06
2.55994e-06
2.58379e-06
2.51303e-06
2.37002e-06
2.19116e-06
2.00716e-06
1.8362e-06
1.68654e-06
1.56161e-06
1.46286e-06
1.39026e-06
1.34181e-06
1.31375e-06
1.30153e-06
1.30075e-06
1.30766e-06
1.31925e-06
1.33482e-06
1.35824e-06
1.39036e-06
1.42136e-06
1.44891e-06
1.48426e-06
1.52595e-06
1.57596e-06
1.63403e-06
1.69802e-06
1.76402e-06
1.82679e-06
1.8809e-06
1.92197e-06
1.94761e-06
1.95771e-06
1.9541e-06
1.93975e-06
1.91787e-06
1.89116e-06
1.86149e-06
1.82987e-06
1.79665e-06
1.76185e-06
1.72544e-06
1.68748e-06
1.64824e-06
1.60815e-06
1.56773e-06
1.52752e-06
1.48792e-06
1.44918e-06
1.41132e-06
1.37417e-06
1.33731e-06
1.30038e-06
1.26208e-06
1.22257e-06
2.45334e-07
3.00309e-07
3.72357e-07
4.76731e-07
6.12322e-07
7.75056e-07
9.56008e-07
1.14529e-06
1.33342e-06
1.51121e-06
1.66978e-06
1.80377e-06
1.92257e-06
2.07557e-06
2.3232e-06
2.62482e-06
2.83889e-06
2.86295e-06
2.7238e-06
2.55862e-06
2.51259e-06
2.6186e-06
2.79631e-06
2.95272e-06
3.03664e-06
3.03341e-06
2.94538e-06
2.78337e-06
2.53834e-06
2.18256e-06
1.7072e-06
1.11578e-06
4.3091e-07
3.70551e-07
1.08845e-06
1.71699e-06
2.20011e-06
2.51498e-06
2.66943e-06
2.6938e-06
2.62884e-06
2.51417e-06
2.3808e-06
2.24861e-06
2.12781e-06
2.02214e-06
1.9323e-06
1.85842e-06
1.80121e-06
1.76216e-06
1.74308e-06
1.74531e-06
1.76889e-06
1.81198e-06
1.87076e-06
1.93982e-06
2.01285e-06
2.08342e-06
2.14567e-06
2.19472e-06
2.2269e-06
2.23979e-06
2.2322e-06
2.20401e-06
2.15607e-06
2.08999e-06
2.00793e-06
1.91247e-06
1.80632e-06
1.69225e-06
1.57288e-06
1.45061e-06
1.3275e-06
1.20524e-06
1.08539e-06
9.68753e-07
8.56046e-07
7.48316e-07
6.46421e-07
5.51128e-07
4.63664e-07
3.85963e-07
3.21396e-07
2.75842e-07
2.5705e-07
2.68732e-07
3.04916e-07
3.54539e-07
4.08328e-07
4.60742e-07
5.09471e-07
5.54486e-07
5.97e-07
6.38477e-07
6.79862e-07
7.21188e-07
7.61549e-07
7.99185e-07
8.31631e-07
8.56331e-07
8.71232e-07
8.74885e-07
8.67613e-07
8.50957e-07
8.28966e-07
8.07657e-07
7.94143e-07
7.95473e-07
8.17448e-07
8.63574e-07
9.3373e-07
1.02243e-06
1.11842e-06
1.20911e-06
1.28984e-06
1.36821e-06
1.455e-06
1.55688e-06
1.68545e-06
1.85404e-06
2.05035e-06
2.23958e-06
2.40648e-06
2.56303e-06
2.70175e-06
2.77789e-06
2.7539e-06
2.63469e-06
2.45716e-06
2.26201e-06
2.07609e-06
1.91098e-06
1.76972e-06
1.65305e-06
1.56157e-06
1.49511e-06
1.45163e-06
1.42732e-06
1.41771e-06
1.41869e-06
1.42692e-06
1.43992e-06
1.45749e-06
1.48385e-06
1.52062e-06
1.55661e-06
1.58872e-06
1.62946e-06
1.67657e-06
1.73153e-06
1.79345e-06
1.85976e-06
1.92647e-06
1.98864e-06
2.04127e-06
2.08033e-06
2.10357e-06
2.11084e-06
2.10382e-06
2.08535e-06
2.05866e-06
2.0266e-06
1.9913e-06
1.95401e-06
1.9153e-06
1.8753e-06
1.83401e-06
1.79142e-06
1.74769e-06
1.70313e-06
1.65814e-06
1.61319e-06
1.56864e-06
1.52476e-06
1.48163e-06
1.43918e-06
1.39712e-06
1.35513e-06
1.31228e-06
1.26765e-06
1.82163e-07
2.15306e-07
2.67652e-07
3.53821e-07
4.7012e-07
6.12863e-07
7.74574e-07
9.46229e-07
1.11987e-06
1.29019e-06
1.45348e-06
1.60517e-06
1.73801e-06
1.85088e-06
1.9692e-06
2.14143e-06
2.38415e-06
2.64141e-06
2.82461e-06
2.87525e-06
2.78827e-06
2.59939e-06
2.35971e-06
2.11376e-06
1.88784e-06
1.6917e-06
1.53045e-06
1.41134e-06
1.35796e-06
1.40859e-06
1.59038e-06
1.87562e-06
2.19604e-06
2.48833e-06
2.70886e-06
2.83543e-06
2.8668e-06
2.8184e-06
2.71468e-06
2.58121e-06
2.43871e-06
2.30051e-06
2.17296e-06
2.05761e-06
1.95372e-06
1.86032e-06
1.7774e-06
1.70631e-06
1.64975e-06
1.61132e-06
1.59477e-06
1.60302e-06
1.63695e-06
1.69471e-06
1.77166e-06
1.86111e-06
1.95544e-06
2.04711e-06
2.12938e-06
2.19673e-06
2.24498e-06
2.27135e-06
2.2744e-06
2.25389e-06
2.2107e-06
2.14659e-06
2.064e-06
1.96584e-06
1.85524e-06
1.73537e-06
1.60926e-06
1.47968e-06
1.34892e-06
1.21902e-06
1.09129e-06
9.66934e-07
8.47102e-07
7.32516e-07
6.23512e-07
5.20693e-07
4.25039e-07
3.38288e-07
2.63935e-07
2.09439e-07
1.87377e-07
2.04757e-07
2.50805e-07
3.10073e-07
3.72728e-07
4.33434e-07
4.89463e-07
5.39811e-07
5.84621e-07
6.24609e-07
6.60521e-07
6.9275e-07
7.21143e-07
7.45014e-07
7.63335e-07
7.7498e-07
7.78755e-07
7.74553e-07
7.63151e-07
7.46898e-07
7.30069e-07
7.18197e-07
7.17422e-07
7.33819e-07
7.72463e-07
8.35668e-07
9.20673e-07
1.01844e-06
1.11617e-06
1.20487e-06
1.28778e-06
1.37864e-06
1.48989e-06
1.63129e-06
1.81637e-06
2.04445e-06
2.28075e-06
2.48603e-06
2.65947e-06
2.81906e-06
2.94411e-06
2.98183e-06
2.90672e-06
2.74298e-06
2.53882e-06
2.33492e-06
2.15154e-06
1.99313e-06
1.8584e-06
1.74662e-06
1.65854e-06
1.59445e-06
1.55254e-06
1.52912e-06
1.51979e-06
1.52068e-06
1.5288e-06
1.54205e-06
1.5606e-06
1.58886e-06
1.62956e-06
1.67014e-06
1.70671e-06
1.75302e-06
1.80613e-06
1.86714e-06
1.9346e-06
2.00546e-06
2.07546e-06
2.13959e-06
2.19301e-06
2.23192e-06
2.25422e-06
2.25981e-06
2.25032e-06
2.22854e-06
2.19774e-06
2.16091e-06
2.12038e-06
2.07767e-06
2.03354e-06
1.9883e-06
1.94196e-06
1.89454e-06
1.84611e-06
1.79691e-06
1.74726e-06
1.69754e-06
1.6481e-06
1.59921e-06
1.55101e-06
1.50347e-06
1.45645e-06
1.40962e-06
1.36245e-06
1.31281e-06
1.1832e-07
1.42521e-07
1.88456e-07
2.66508e-07
3.70293e-07
4.96682e-07
6.39878e-07
7.9278e-07
9.48894e-07
1.1036e-06
1.25426e-06
1.39934e-06
1.5358e-06
1.65761e-06
1.7616e-06
1.85815e-06
1.97332e-06
2.13146e-06
2.3305e-06
2.53867e-06
2.7159e-06
2.83571e-06
2.8927e-06
2.89864e-06
2.87482e-06
2.8444e-06
2.82538e-06
2.82921e-06
2.85729e-06
2.90572e-06
2.95965e-06
3.00178e-06
3.01578e-06
2.99181e-06
2.92807e-06
2.83052e-06
2.71032e-06
2.57982e-06
2.44917e-06
2.32458e-06
2.20834e-06
2.10002e-06
1.99798e-06
1.90063e-06
1.80726e-06
1.71835e-06
1.63567e-06
1.56229e-06
1.50256e-06
1.46191e-06
1.44603e-06
1.45948e-06
1.50397e-06
1.57732e-06
1.67371e-06
1.78497e-06
1.90216e-06
2.01669e-06
2.12096e-06
2.20871e-06
2.27511e-06
2.31677e-06
2.33181e-06
2.31979e-06
2.28157e-06
2.21911e-06
2.1352e-06
2.03323e-06
1.91687e-06
1.78981e-06
1.65562e-06
1.51754e-06
1.37804e-06
1.23926e-06
1.10321e-06
9.71337e-07
8.44539e-07
7.23158e-07
6.07483e-07
4.97817e-07
3.94641e-07
2.98959e-07
2.13309e-07
1.45504e-07
1.17789e-07
1.46921e-07
2.06469e-07
2.7448e-07
3.43072e-07
4.08869e-07
4.69969e-07
5.25291e-07
5.74409e-07
6.17365e-07
6.54413e-07
6.85791e-07
7.11606e-07
7.3174e-07
7.45812e-07
7.53097e-07
7.53032e-07
7.4582e-07
7.32464e-07
7.15443e-07
6.98454e-07
6.86336e-07
6.8525e-07
7.02436e-07
7.44168e-07
8.11929e-07
8.99671e-07
9.95325e-07
1.08721e-06
1.17304e-06
1.2644e-06
1.37915e-06
1.53078e-06
1.73075e-06
1.98486e-06
2.26916e-06
2.53183e-06
2.74171e-06
2.91665e-06
3.07416e-06
3.17654e-06
3.16826e-06
3.04113e-06
2.83797e-06
2.61431e-06
2.40717e-06
2.22868e-06
2.07656e-06
1.94626e-06
1.83659e-06
1.74906e-06
1.68472e-06
1.64216e-06
1.61781e-06
1.60738e-06
1.60716e-06
1.61439e-06
1.62729e-06
1.64618e-06
1.67561e-06
1.71968e-06
1.76455e-06
1.80546e-06
1.85726e-06
1.91649e-06
1.98394e-06
2.05769e-06
2.1343e-06
2.2091e-06
2.27691e-06
2.33287e-06
2.37324e-06
2.39603e-06
2.40118e-06
2.39032e-06
2.36625e-06
2.33225e-06
2.29145e-06
2.24635e-06
2.19871e-06
2.1495e-06
2.09917e-06
2.04787e-06
1.99561e-06
1.94248e-06
1.88864e-06
1.83436e-06
1.77997e-06
1.7258e-06
1.67212e-06
1.6191e-06
1.56678e-06
1.51509e-06
1.46372e-06
1.41255e-06
1.3581e-06
6.91079e-08
8.85904e-08
1.34258e-07
2.08641e-07
3.03422e-07
4.16622e-07
5.44146e-07
6.80637e-07
8.20786e-07
9.60431e-07
1.09683e-06
1.22857e-06
1.35473e-06
1.47331e-06
1.58064e-06
1.67402e-06
1.75653e-06
1.83905e-06
1.93577e-06
2.05536e-06
2.1948e-06
2.34132e-06
2.47964e-06
2.59855e-06
2.69323e-06
2.76362e-06
2.81205e-06
2.84246e-06
2.85987e-06
2.86057e-06
2.83937e-06
2.79716e-06
2.73562e-06
2.65875e-06
2.57193e-06
2.48055e-06
2.38873e-06
2.29866e-06
2.21073e-06
2.12409e-06
2.03748e-06
1.94979e-06
1.86052e-06
1.76985e-06
1.6787e-06
1.58874e-06
1.50253e-06
1.42393e-06
1.35844e-06
1.31325e-06
1.29628e-06
1.31407e-06
1.36917e-06
1.45886e-06
1.57603e-06
1.71113e-06
1.85403e-06
1.99504e-06
2.12545e-06
2.23778e-06
2.32606e-06
2.38595e-06
2.41492e-06
2.41221e-06
2.37878e-06
2.31695e-06
2.23006e-06
2.12221e-06
1.99779e-06
1.86122e-06
1.7169e-06
1.5679e-06
1.41764e-06
1.26919e-06
1.12451e-06
9.84738e-07
8.50621e-07
7.22584e-07
6.00827e-07
4.85392e-07
3.76267e-07
2.73532e-07
1.77696e-07
9.18543e-08
4.90381e-08
1.04616e-07
1.78801e-07
2.52334e-07
3.22936e-07
3.89722e-07
4.51979e-07
5.09087e-07
5.60575e-07
6.06124e-07
6.4554e-07
6.78787e-07
7.05911e-07
7.26832e-07
7.41014e-07
7.47642e-07
7.46399e-07
7.37403e-07
7.21599e-07
7.00866e-07
6.78253e-07
6.5877e-07
6.50235e-07
6.62338e-07
7.02179e-07
7.68673e-07
8.51971e-07
9.39515e-07
1.02492e-06
1.11501e-06
1.2286e-06
1.38532e-06
1.59815e-06
1.87361e-06
2.19869e-06
2.52551e-06
2.79712e-06
3.00131e-06
3.17395e-06
3.32364e-06
3.39441e-06
3.33457e-06
3.15652e-06
2.91941e-06
2.68208e-06
2.47539e-06
2.30295e-06
2.15647e-06
2.02906e-06
1.91965e-06
1.83078e-06
1.76442e-06
1.71967e-06
1.69316e-06
1.68079e-06
1.67892e-06
1.68495e-06
1.69723e-06
1.71609e-06
1.74611e-06
1.79313e-06
1.8421e-06
1.88727e-06
1.94431e-06
2.00948e-06
2.0833e-06
2.16351e-06
2.24629e-06
2.32664e-06
2.39914e-06
2.45877e-06
2.50182e-06
2.52631e-06
2.53218e-06
2.52108e-06
2.49579e-06
2.45963e-06
2.41581e-06
2.36699e-06
2.31509e-06
2.26133e-06
2.20631e-06
2.15031e-06
2.09341e-06
2.0357e-06
1.97735e-06
1.91858e-06
1.85972e-06
1.80105e-06
1.74287e-06
1.68536e-06
1.62861e-06
1.57263e-06
1.51707e-06
1.46228e-06
1.40327e-06
2.62771e-08
5.16323e-08
1.03475e-07
1.75168e-07
2.61425e-07
3.62162e-07
4.74876e-07
5.9573e-07
7.20571e-07
8.45905e-07
9.69132e-07
1.08852e-06
1.203e-06
1.31184e-06
1.41407e-06
1.50803e-06
1.59203e-06
1.66627e-06
1.73422e-06
1.80178e-06
1.87439e-06
1.95428e-06
2.0395e-06
2.12505e-06
2.2048e-06
2.2736e-06
2.32818e-06
2.36712e-06
2.39294e-06
2.40099e-06
2.39453e-06
2.37657e-06
2.34914e-06
2.31409e-06
2.27289e-06
2.22626e-06
2.17429e-06
2.11675e-06
2.05332e-06
1.98383e-06
1.90843e-06
1.8276e-06
1.74208e-06
1.65282e-06
1.56097e-06
1.46815e-06
1.3769e-06
1.29136e-06
1.21805e-06
1.16603e-06
1.14578e-06
1.16626e-06
1.23134e-06
1.33823e-06
1.47889e-06
1.64263e-06
1.81784e-06
1.99297e-06
2.15717e-06
2.30085e-06
2.41622e-06
2.49767e-06
2.54198e-06
2.54835e-06
2.51809e-06
2.45422e-06
2.36099e-06
2.24345e-06
2.10709e-06
1.95699e-06
1.79808e-06
1.63531e-06
1.47264e-06
1.31319e-06
1.15841e-06
1.00963e-06
8.67687e-07
7.33032e-07
6.05805e-07
4.85932e-07
3.73209e-07
2.67401e-07
1.68353e-07
7.65794e-08
2.48443e-08
9.81499e-08
1.74454e-07
2.46846e-07
3.15139e-07
3.79305e-07
4.39219e-07
4.94638e-07
5.4522e-07
5.90584e-07
6.30426e-07
6.64586e-07
6.92896e-07
7.14815e-07
7.29343e-07
7.35682e-07
7.33386e-07
7.22323e-07
7.02931e-07
6.76435e-07
6.45711e-07
6.16691e-07
5.99166e-07
6.04359e-07
6.38208e-07
6.96451e-07
7.68475e-07
8.46454e-07
9.32976e-07
1.04363e-06
1.20098e-06
1.42285e-06
1.71633e-06
2.07337e-06
2.45758e-06
2.8054e-06
3.06793e-06
3.25872e-06
3.42645e-06
3.56216e-06
3.59342e-06
3.47882e-06
3.25248e-06
2.98655e-06
2.73995e-06
2.53615e-06
2.37051e-06
2.22947e-06
2.1043e-06
1.99424e-06
1.90296e-06
1.83352e-06
1.78563e-06
1.75627e-06
1.74142e-06
1.73748e-06
1.74198e-06
1.7534e-06
1.77179e-06
1.80178e-06
1.85182e-06
1.90442e-06
1.95377e-06
2.01566e-06
2.08641e-06
2.16629e-06
2.25276e-06
2.34172e-06
2.42785e-06
2.50547e-06
2.56945e-06
2.61598e-06
2.64308e-06
2.65067e-06
2.64038e-06
2.61495e-06
2.5777e-06
2.53188e-06
2.48027e-06
2.42497e-06
2.36734e-06
2.30818e-06
2.24789e-06
2.18667e-06
2.12466e-06
2.06204e-06
1.99904e-06
1.93595e-06
1.87309e-06
1.81073e-06
1.7491e-06
1.68831e-06
1.62845e-06
1.5691e-06
1.51113e-06
1.44786e-06
1.11263e-08
4.40199e-08
9.58095e-08
1.61274e-07
2.38179e-07
3.27028e-07
4.26132e-07
5.32634e-07
6.43231e-07
7.54992e-07
8.65592e-07
9.73306e-07
1.07691e-06
1.17558e-06
1.26889e-06
1.35662e-06
1.43838e-06
1.51354e-06
1.58184e-06
1.64409e-06
1.70214e-06
1.7582e-06
1.81379e-06
1.86914e-06
1.92309e-06
1.9739e-06
2.01961e-06
2.05892e-06
2.09116e-06
2.11377e-06
2.12859e-06
2.13527e-06
2.13321e-06
2.12221e-06
2.10209e-06
2.07271e-06
2.0341e-06
1.9865e-06
1.93034e-06
1.86627e-06
1.79502e-06
1.71736e-06
1.63397e-06
1.54551e-06
1.45269e-06
1.35675e-06
1.26e-06
1.16675e-06
1.08411e-06
1.02257e-06
9.95308e-07
1.01508e-06
1.08927e-06
1.21678e-06
1.38908e-06
1.59321e-06
1.8141e-06
2.03618e-06
2.24474e-06
2.42718e-06
2.57378e-06
2.67799e-06
2.73648e-06
2.74899e-06
2.71778e-06
2.64691e-06
2.54182e-06
2.40897e-06
2.25395e-06
2.08399e-06
1.90626e-06
1.72636e-06
1.54824e-06
1.37456e-06
1.2073e-06
1.0479e-06
8.97203e-07
7.55624e-07
6.23276e-07
5.00107e-07
3.86078e-07
2.81506e-07
1.88064e-07
1.13308e-07
8.78954e-08
1.29147e-07
1.92041e-07
2.56858e-07
3.19379e-07
3.78533e-07
4.33966e-07
4.85457e-07
5.32747e-07
5.75576e-07
6.1375e-07
6.47058e-07
6.74987e-07
6.96446e-07
7.10394e-07
7.15998e-07
7.12475e-07
6.99238e-07
6.76009e-07
6.4343e-07
6.04287e-07
5.64954e-07
5.35612e-07
5.26928e-07
5.4393e-07
5.84005e-07
6.42702e-07
7.21075e-07
8.29617e-07
9.87609e-07
1.21532e-06
1.52285e-06
1.90424e-06
2.33232e-06
2.75214e-06
3.09608e-06
3.33376e-06
3.50681e-06
3.66802e-06
3.78381e-06
3.76965e-06
3.59967e-06
3.32874e-06
3.0384e-06
2.78565e-06
2.58643e-06
2.42849e-06
2.29344e-06
2.17079e-06
2.06004e-06
1.96596e-06
1.89292e-06
1.84161e-06
1.80941e-06
1.792e-06
1.78566e-06
1.78798e-06
1.79759e-06
1.81443e-06
1.84425e-06
1.89703e-06
1.95221e-06
2.00569e-06
2.07185e-06
2.14778e-06
2.23333e-06
2.32578e-06
2.42074e-06
2.51262e-06
2.5955e-06
2.66413e-06
2.71464e-06
2.74501e-06
2.75512e-06
2.74654e-06
2.72197e-06
2.68467e-06
2.6379e-06
2.5845e-06
2.52668e-06
2.46597e-06
2.40333e-06
2.33931e-06
2.27422e-06
2.20828e-06
2.14171e-06
2.07478e-06
2.00779e-06
1.94107e-06
1.87491e-06
1.80955e-06
1.74514e-06
1.68183e-06
1.61913e-06
1.55841e-06
1.49124e-06
4.14941e-08
6.17572e-08
1.04351e-07
1.60784e-07
2.2782e-07
3.05365e-07
3.91969e-07
4.8537e-07
5.82879e-07
6.82022e-07
7.80733e-07
8.77397e-07
9.70799e-07
1.06006e-06
1.14463e-06
1.22438e-06
1.29946e-06
1.3701e-06
1.43642e-06
1.49852e-06
1.55666e-06
1.61141e-06
1.66347e-06
1.7134e-06
1.76138e-06
1.80712e-06
1.85001e-06
1.88999e-06
1.92476e-06
1.95272e-06
1.97376e-06
1.9867e-06
1.99085e-06
1.98573e-06
1.97099e-06
1.94655e-06
1.91257e-06
1.86943e-06
1.81765e-06
1.75784e-06
1.69056e-06
1.61629e-06
1.53533e-06
1.44797e-06
1.35465e-06
1.25638e-06
1.15523e-06
1.05495e-06
9.61863e-07
8.86437e-07
8.45025e-07
8.58738e-07
9.44983e-07
1.10662e-06
1.33114e-06
1.59773e-06
1.88315e-06
2.16514e-06
2.42461e-06
2.64694e-06
2.82217e-06
2.94444e-06
3.01151e-06
3.02443e-06
2.98655e-06
2.90299e-06
2.77982e-06
2.62347e-06
2.44333e-06
2.24867e-06
2.04779e-06
1.84586e-06
1.64732e-06
1.45549e-06
1.27266e-06
1.10031e-06
9.39225e-07
7.89747e-07
6.51929e-07
5.25769e-07
4.11497e-07
3.10154e-07
2.25021e-07
1.65127e-07
1.46964e-07
1.72863e-07
2.2137e-07
2.76414e-07
3.31647e-07
3.84772e-07
4.34908e-07
4.81649e-07
5.24779e-07
5.64189e-07
5.99754e-07
6.31175e-07
6.57506e-07
6.77684e-07
6.9077e-07
6.95659e-07
6.91128e-07
6.75839e-07
6.4869e-07
6.09614e-07
5.60627e-07
5.06585e-07
4.55138e-07
4.16093e-07
4.00838e-07
4.20799e-07
4.83698e-07
5.93627e-07
7.58504e-07
9.93222e-07
1.31028e-06
1.70777e-06
2.16483e-06
2.63872e-06
3.06468e-06
3.3809e-06
3.58239e-06
3.73701e-06
3.89105e-06
3.9821e-06
3.91954e-06
3.69628e-06
3.38517e-06
3.07405e-06
2.81721e-06
2.62389e-06
2.47489e-06
2.34718e-06
2.2283e-06
2.11754e-06
2.02073e-06
1.94381e-06
1.8888e-06
1.85366e-06
1.83377e-06
1.82543e-06
1.82541e-06
1.83207e-06
1.84621e-06
1.87512e-06
1.92829e-06
1.98527e-06
2.04258e-06
2.11244e-06
2.19323e-06
2.28415e-06
2.38241e-06
2.48326e-06
2.58079e-06
2.66895e-06
2.74236e-06
2.79714e-06
2.83123e-06
2.84448e-06
2.8384e-06
2.81557e-06
2.77919e-06
2.73246e-06
2.67824e-06
2.61883e-06
2.55588e-06
2.49049e-06
2.42336e-06
2.35492e-06
2.2855e-06
2.21539e-06
2.1449e-06
2.07438e-06
2.00416e-06
1.93458e-06
1.8659e-06
1.7983e-06
1.73198e-06
1.66637e-06
1.60339e-06
1.53271e-06
6.76753e-08
8.47331e-08
1.19766e-07
1.67684e-07
2.25538e-07
2.92856e-07
3.68295e-07
4.4998e-07
5.35681e-07
6.23284e-07
7.10964e-07
7.97233e-07
8.80944e-07
9.61251e-07
1.0376e-06
1.10974e-06
1.17776e-06
1.24199e-06
1.30287e-06
1.36085e-06
1.41628e-06
1.4695e-06
1.52075e-06
1.57019e-06
1.61778e-06
1.66325e-06
1.70639e-06
1.74737e-06
1.78303e-06
1.8129e-06
1.83624e-06
1.85208e-06
1.85967e-06
1.85841e-06
1.8479e-06
1.82801e-06
1.79882e-06
1.7606e-06
1.7137e-06
1.65853e-06
1.59542e-06
1.52464e-06
1.44638e-06
1.36095e-06
1.26889e-06
1.17104e-06
1.06851e-06
9.62756e-07
8.56685e-07
7.58626e-07
6.90816e-07
6.96197e-07
8.15781e-07
1.04789e-06
1.35833e-06
1.70889e-06
2.06615e-06
2.40328e-06
2.7011e-06
2.94776e-06
3.13704e-06
3.26605e-06
3.33449e-06
3.34428e-06
3.2986e-06
3.20104e-06
3.05713e-06
2.87636e-06
2.66975e-06
2.44864e-06
2.2205e-06
1.99217e-06
1.76916e-06
1.55552e-06
1.35388e-06
1.16584e-06
9.92156e-07
8.33057e-07
6.88496e-07
5.58435e-07
4.43219e-07
3.44196e-07
2.64903e-07
2.12574e-07
1.95784e-07
2.13067e-07
2.5096e-07
2.97225e-07
3.45397e-07
3.9257e-07
4.37467e-07
4.79536e-07
5.18596e-07
5.54604e-07
5.87478e-07
6.16614e-07
6.41117e-07
6.60181e-07
6.72685e-07
6.77114e-07
6.7151e-07
6.53652e-07
6.21581e-07
5.74152e-07
5.11305e-07
4.34145e-07
3.45913e-07
2.56498e-07
1.97833e-07
2.29706e-07
3.51885e-07
5.34452e-07
7.80015e-07
1.10233e-06
1.50555e-06
1.97571e-06
2.48044e-06
2.9679e-06
3.37085e-06
3.64007e-06
3.79973e-06
3.93878e-06
4.08615e-06
4.14992e-06
4.03987e-06
3.76829e-06
3.4221e-06
3.09312e-06
2.83346e-06
2.64703e-06
2.50842e-06
2.39001e-06
2.27689e-06
2.16747e-06
2.06838e-06
1.98669e-06
1.92692e-06
1.88787e-06
1.865e-06
1.85496e-06
1.85278e-06
1.85683e-06
1.86818e-06
1.89468e-06
1.94575e-06
2.00348e-06
2.06353e-06
2.13645e-06
2.22206e-06
2.31807e-06
2.42224e-06
2.52902e-06
2.6322e-06
2.72564e-06
2.80391e-06
2.86314e-06
2.90128e-06
2.91818e-06
2.91522e-06
2.89491e-06
2.8603e-06
2.81454e-06
2.76045e-06
2.70035e-06
2.63599e-06
2.56861e-06
2.49902e-06
2.4278e-06
2.3554e-06
2.28218e-06
2.20854e-06
2.13487e-06
2.06154e-06
1.98893e-06
1.91734e-06
1.84696e-06
1.77809e-06
1.71003e-06
1.64526e-06
1.5715e-06
9.03253e-08
1.06455e-07
1.36608e-07
1.77776e-07
2.27802e-07
2.8624e-07
3.5192e-07
4.23285e-07
4.98471e-07
5.75671e-07
6.53273e-07
7.29924e-07
8.04552e-07
8.76361e-07
9.44826e-07
1.0097e-06
1.071e-06
1.12898e-06
1.18408e-06
1.23682e-06
1.28772e-06
1.33724e-06
1.38569e-06
1.43316e-06
1.47955e-06
1.52464e-06
1.56833e-06
1.60989e-06
1.64685e-06
1.67906e-06
1.70541e-06
1.72485e-06
1.73654e-06
1.73977e-06
1.73404e-06
1.71909e-06
1.69489e-06
1.66155e-06
1.61931e-06
1.56845e-06
1.50929e-06
1.44221e-06
1.36779e-06
1.28673e-06
1.19961e-06
1.1062e-06
1.00471e-06
8.9163e-07
7.63831e-07
6.26735e-07
5.19023e-07
5.44337e-07
7.64467e-07
1.11268e-06
1.51834e-06
1.93416e-06
2.32641e-06
2.67366e-06
2.96602e-06
3.20186e-06
3.38279e-06
3.50963e-06
3.58245e-06
3.60083e-06
3.56247e-06
3.46624e-06
3.31742e-06
3.12537e-06
2.90316e-06
2.6608e-06
2.40823e-06
2.1544e-06
1.90644e-06
1.66956e-06
1.44719e-06
1.24134e-06
1.05292e-06
8.82154e-07
7.28906e-07
5.93023e-07
4.74755e-07
3.75339e-07
2.9785e-07
2.47656e-07
2.29607e-07
2.41067e-07
2.71611e-07
3.11081e-07
3.53328e-07
3.95255e-07
4.35418e-07
4.73238e-07
5.08583e-07
5.41475e-07
5.71665e-07
5.98554e-07
6.2161e-07
6.39936e-07
6.52037e-07
6.55729e-07
6.48267e-07
6.26794e-07
5.88773e-07
5.32231e-07
4.56152e-07
3.61362e-07
2.51172e-07
1.30455e-07
3.127e-08
1.61674e-07
3.50134e-07
5.97385e-07
9.1837e-07
1.31753e-06
1.78514e-06
2.29726e-06
2.81581e-06
3.28556e-06
3.64151e-06
3.8513e-06
3.96965e-06
4.09907e-06
4.24187e-06
4.27954e-06
4.12771e-06
3.81599e-06
3.44076e-06
3.09638e-06
2.83443e-06
2.65547e-06
2.52871e-06
2.42165e-06
2.31636e-06
2.21021e-06
2.10979e-06
2.02297e-06
1.95717e-06
1.91183e-06
1.88506e-06
1.87205e-06
1.86755e-06
1.87108e-06
1.8823e-06
1.90695e-06
1.95448e-06
2.00938e-06
2.06902e-06
2.1432e-06
2.2338e-06
2.33437e-06
2.44495e-06
2.55786e-06
2.66683e-06
2.76563e-06
2.84882e-06
2.91264e-06
2.9551e-06
2.97601e-06
2.97671e-06
2.95956e-06
2.92749e-06
2.88351e-06
2.83039e-06
2.77044e-06
2.70547e-06
2.63682e-06
2.56543e-06
2.49202e-06
2.41715e-06
2.34129e-06
2.26491e-06
2.18848e-06
2.11243e-06
2.03717e-06
1.96308e-06
1.89035e-06
1.81936e-06
1.74931e-06
1.68324e-06
1.60686e-06
1.10003e-07
1.25804e-07
1.52674e-07
1.88686e-07
2.32297e-07
2.83222e-07
3.40511e-07
4.02888e-07
4.68798e-07
5.36697e-07
6.05169e-07
6.72994e-07
7.39179e-07
8.02982e-07
8.63914e-07
9.21742e-07
9.76487e-07
1.02839e-06
1.07787e-06
1.12547e-06
1.17175e-06
1.21724e-06
1.26236e-06
1.3073e-06
1.35204e-06
1.39642e-06
1.4405e-06
1.48246e-06
1.52119e-06
1.55595e-06
1.58545e-06
1.60859e-06
1.62437e-06
1.63197e-06
1.63076e-06
1.62037e-06
1.60065e-06
1.57165e-06
1.53355e-06
1.48678e-06
1.43199e-06
1.37016e-06
1.30238e-06
1.22928e-06
1.14996e-06
1.06077e-06
9.54525e-07
8.21243e-07
6.52267e-07
4.5528e-07
3.28736e-07
5.02587e-07
8.72176e-07
1.29876e-06
1.7245e-06
2.11259e-06
2.44283e-06
2.71274e-06
2.93282e-06
3.11802e-06
3.27889e-06
3.41653e-06
3.52617e-06
3.59593e-06
3.613e-06
3.56693e-06
3.45656e-06
3.29168e-06
3.0821e-06
2.83997e-06
2.5784e-06
2.30942e-06
2.04293e-06
1.78634e-06
1.54472e-06
1.32114e-06
1.11719e-06
9.33382e-07
7.69656e-07
6.25783e-07
5.01829e-07
3.98725e-07
3.18951e-07
2.6669e-07
2.45296e-07
2.51913e-07
2.77207e-07
3.11715e-07
3.4935e-07
3.86926e-07
4.22977e-07
4.56993e-07
4.88925e-07
5.18768e-07
5.46268e-07
5.71231e-07
5.93149e-07
6.10822e-07
6.22221e-07
6.24669e-07
6.1539e-07
5.92141e-07
5.53942e-07
5.02205e-07
4.41711e-07
3.78992e-07
3.16608e-07
2.50131e-07
1.90424e-07
2.34394e-07
4.40513e-07
7.54381e-07
1.14832e-06
1.60519e-06
2.10568e-06
2.62443e-06
3.12484e-06
3.55203e-06
3.84493e-06
3.99065e-06
4.07389e-06
4.20198e-06
4.34469e-06
4.36259e-06
4.18054e-06
3.84069e-06
3.44386e-06
3.08633e-06
2.82192e-06
2.65041e-06
2.53633e-06
2.44235e-06
2.34742e-06
2.24663e-06
2.14546e-06
2.05465e-06
1.9852e-06
1.93537e-06
1.90072e-06
1.87463e-06
1.85677e-06
1.84747e-06
1.85046e-06
1.87498e-06
1.92726e-06
1.98733e-06
2.05367e-06
2.13695e-06
2.23029e-06
2.3344e-06
2.45139e-06
2.57024e-06
2.68504e-06
2.78923e-06
2.87741e-06
2.94597e-06
2.99293e-06
3.01817e-06
3.02295e-06
3.00951e-06
2.98061e-06
2.9391e-06
2.88768e-06
2.82862e-06
2.76376e-06
2.69451e-06
2.62196e-06
2.54692e-06
2.47007e-06
2.39202e-06
2.31332e-06
2.23452e-06
2.15613e-06
2.0786e-06
2.00238e-06
1.92771e-06
1.85503e-06
1.78345e-06
1.71657e-06
1.63807e-06
1.27199e-07
1.42792e-07
1.67254e-07
1.99274e-07
2.37676e-07
2.82329e-07
3.32491e-07
3.87132e-07
4.44956e-07
5.04643e-07
5.6495e-07
6.2478e-07
6.83219e-07
7.39577e-07
7.93398e-07
8.44474e-07
8.92842e-07
9.38764e-07
9.82684e-07
1.02518e-06
1.06687e-06
1.10838e-06
1.15019e-06
1.19258e-06
1.23567e-06
1.27938e-06
1.32353e-06
1.36614e-06
1.40663e-06
1.44377e-06
1.47626e-06
1.50286e-06
1.52244e-06
1.53403e-06
1.5369e-06
1.53057e-06
1.51485e-06
1.48982e-06
1.45595e-06
1.41415e-06
1.36565e-06
1.31168e-06
1.25261e-06
1.18672e-06
1.10891e-06
1.01017e-06
8.78308e-07
7.00891e-07
4.71388e-07
2.18156e-07
2.7657e-07
6.31438e-07
1.01358e-06
1.36595e-06
1.65268e-06
1.85694e-06
1.98859e-06
2.08065e-06
2.17426e-06
2.30168e-06
2.47459e-06
2.68292e-06
2.90739e-06
3.11747e-06
3.27781e-06
3.36269e-06
3.36493e-06
3.28755e-06
3.13899e-06
2.93478e-06
2.69249e-06
2.42883e-06
2.15803e-06
1.89119e-06
1.63624e-06
1.39833e-06
1.1804e-06
9.83825e-07
8.08959e-07
6.55692e-07
5.23974e-07
4.14413e-07
3.28962e-07
2.71188e-07
2.44248e-07
2.45796e-07
2.66825e-07
2.9758e-07
3.31603e-07
3.65534e-07
3.97931e-07
4.28376e-07
4.56936e-07
4.83644e-07
5.08643e-07
5.31923e-07
5.52829e-07
5.69909e-07
5.81205e-07
5.84981e-07
5.80599e-07
5.69324e-07
5.54477e-07
5.39033e-07
5.19918e-07
4.83853e-07
4.10908e-07
2.85301e-07
1.35681e-07
2.65831e-07
5.97372e-07
9.98714e-07
1.44592e-06
1.92276e-06
2.41439e-06
2.90306e-06
3.35841e-06
3.72704e-06
3.95018e-06
4.0333e-06
4.09178e-06
4.22826e-06
4.37882e-06
4.39019e-06
4.19655e-06
3.84543e-06
3.43654e-06
3.06813e-06
2.80008e-06
2.63499e-06
2.53399e-06
2.45374e-06
2.36949e-06
2.27699e-06
2.17995e-06
2.08434e-06
1.99977e-06
1.9287e-06
1.87463e-06
1.83484e-06
1.80761e-06
1.7903e-06
1.79033e-06
1.81441e-06
1.86476e-06
1.92481e-06
1.99678e-06
2.08471e-06
2.18392e-06
2.3074e-06
2.43782e-06
2.56563e-06
2.68711e-06
2.79724e-06
2.89057e-06
2.96382e-06
3.01541e-06
3.04521e-06
3.0544e-06
3.04508e-06
3.01983e-06
2.98137e-06
2.93225e-06
2.8747e-06
2.81057e-06
2.74133e-06
2.66816e-06
2.59201e-06
2.51367e-06
2.43385e-06
2.35322e-06
2.27241e-06
2.19202e-06
2.11258e-06
2.03458e-06
1.95834e-06
1.88438e-06
1.81172e-06
1.74451e-06
1.66441e-06
1.42463e-07
1.57809e-07
1.80335e-07
2.09121e-07
2.43201e-07
2.82548e-07
3.2659e-07
3.74499e-07
4.25195e-07
4.77554e-07
5.30488e-07
5.83016e-07
6.34302e-07
6.83705e-07
7.30804e-07
7.75413e-07
8.17588e-07
8.57621e-07
8.95999e-07
9.33359e-07
9.70421e-07
1.0079e-06
1.04635e-06
1.0862e-06
1.12766e-06
1.17088e-06
1.21491e-06
1.25851e-06
1.3008e-06
1.34042e-06
1.37593e-06
1.40595e-06
1.42918e-06
1.44453e-06
1.45118e-06
1.44867e-06
1.43696e-06
1.4165e-06
1.38821e-06
1.35324e-06
1.31232e-06
1.26481e-06
1.20749e-06
1.13389e-06
1.03451e-06
8.98715e-07
7.17987e-07
4.89902e-07
2.22156e-07
8.25766e-08
3.67132e-07
6.23793e-07
8.12785e-07
9.00022e-07
8.63468e-07
7.10115e-07
4.94155e-07
3.69413e-07
5.21948e-07
8.12101e-07
1.13934e-06
1.48947e-06
1.87474e-06
2.27471e-06
2.62661e-06
2.8945e-06
3.06136e-06
3.1182e-06
3.07175e-06
2.93971e-06
2.74397e-06
2.50648e-06
2.24677e-06
1.98065e-06
1.71984e-06
1.47242e-06
1.24339e-06
1.03548e-06
8.49885e-07
6.8688e-07
5.46476e-07
4.29048e-07
3.36077e-07
2.70682e-07
2.36302e-07
2.31738e-07
2.48371e-07
2.75681e-07
3.06449e-07
3.36998e-07
3.65863e-07
3.92769e-07
4.17867e-07
4.41536e-07
4.64285e-07
4.86224e-07
5.06906e-07
5.25701e-07
5.42554e-07
5.58623e-07
5.76064e-07
5.9588e-07
6.13533e-07
6.15673e-07
5.827e-07
4.96578e-07
3.50448e-07
1.81208e-07
2.68573e-07
5.84281e-07
9.61753e-07
1.37123e-06
1.79819e-06
2.23233e-06
2.66625e-06
3.09107e-06
3.4797e-06
3.77431e-06
3.92255e-06
3.95375e-06
3.99919e-06
4.15364e-06
4.32595e-06
4.35341e-06
4.17563e-06
3.83618e-06
3.42768e-06
3.05084e-06
2.77618e-06
2.61467e-06
2.52562e-06
2.45879e-06
2.3863e-06
2.30049e-06
2.20079e-06
2.09535e-06
1.99528e-06
1.90797e-06
1.84028e-06
1.79145e-06
1.75965e-06
1.74117e-06
1.74186e-06
1.76284e-06
1.80667e-06
1.8653e-06
1.94076e-06
2.03194e-06
2.14339e-06
2.27361e-06
2.40682e-06
2.54236e-06
2.67322e-06
2.78994e-06
2.88816e-06
2.96704e-06
3.02353e-06
3.05796e-06
3.07181e-06
3.06689e-06
3.04566e-06
3.01066e-06
2.9643e-06
2.90876e-06
2.84587e-06
2.77714e-06
2.70384e-06
2.62701e-06
2.54759e-06
2.46639e-06
2.38418e-06
2.3017e-06
2.21961e-06
2.13855e-06
2.05909e-06
1.98162e-06
1.90673e-06
1.83341e-06
1.76635e-06
1.68524e-06
1.56132e-07
1.71237e-07
1.92221e-07
2.18429e-07
2.49009e-07
2.84004e-07
3.22965e-07
3.6521e-07
4.0982e-07
4.55818e-07
5.02244e-07
5.48218e-07
5.9298e-07
6.35942e-07
6.76717e-07
7.15148e-07
7.51318e-07
7.85554e-07
8.18403e-07
8.50582e-07
8.82923e-07
9.1625e-07
9.51277e-07
9.88563e-07
1.02842e-06
1.0709e-06
1.11481e-06
1.15938e-06
1.20342e-06
1.24543e-06
1.28384e-06
1.31709e-06
1.34378e-06
1.36275e-06
1.37328e-06
1.37509e-06
1.36843e-06
1.35386e-06
1.33176e-06
1.30154e-06
1.26069e-06
1.20411e-06
1.12438e-06
1.0135e-06
8.66124e-07
6.83646e-07
4.77436e-07
2.7087e-07
1.21545e-07
1.85924e-07
3.52577e-07
5.64842e-07
8.33985e-07
1.16144e-06
1.53094e-06
1.90812e-06
2.25216e-06
2.52495e-06
2.69738e-06
2.75846e-06
2.71542e-06
2.60827e-06
2.51553e-06
2.50865e-06
2.61437e-06
2.78528e-06
2.95153e-06
3.05194e-06
3.06119e-06
2.97929e-06
2.82066e-06
2.60602e-06
2.35673e-06
2.09152e-06
1.8251e-06
1.56812e-06
1.32757e-06
1.10765e-06
9.10465e-07
7.36845e-07
5.86992e-07
4.61162e-07
3.60381e-07
2.87025e-07
2.44084e-07
2.31213e-07
2.41088e-07
2.63201e-07
2.89616e-07
3.16186e-07
3.41228e-07
3.64445e-07
3.86106e-07
4.0701e-07
4.28043e-07
4.49962e-07
4.7368e-07
5.00671e-07
5.32818e-07
5.70956e-07
6.12011e-07
6.46584e-07
6.60814e-07
6.44716e-07
6.05214e-07
5.79081e-07
6.25725e-07
7.73766e-07
9.98686e-07
1.26696e-06
1.55827e-06
1.86266e-06
2.17636e-06
2.50205e-06
2.84256e-06
3.18122e-06
3.47212e-06
3.6557e-06
3.70576e-06
3.69235e-06
3.75327e-06
3.95237e-06
4.16779e-06
4.24555e-06
4.12112e-06
3.82363e-06
3.43197e-06
3.04914e-06
2.76222e-06
2.59721e-06
2.51615e-06
2.46328e-06
2.40357e-06
2.3255e-06
2.22891e-06
2.11893e-06
2.00426e-06
1.89624e-06
1.80396e-06
1.7331e-06
1.68634e-06
1.6617e-06
1.66323e-06
1.68768e-06
1.73503e-06
1.80081e-06
1.88474e-06
1.9841e-06
2.10266e-06
2.23206e-06
2.37005e-06
2.51138e-06
2.64691e-06
2.76929e-06
2.87426e-06
2.95703e-06
3.01788e-06
3.05761e-06
3.07617e-06
3.07582e-06
3.05883e-06
3.02757e-06
2.98431e-06
2.93113e-06
2.86985e-06
2.80202e-06
2.72897e-06
2.65185e-06
2.57169e-06
2.48942e-06
2.40593e-06
2.32204e-06
2.23852e-06
2.15608e-06
2.07541e-06
1.99696e-06
1.92147e-06
1.84787e-06
1.78139e-06
1.69989e-06
1.68432e-07
1.82966e-07
2.02338e-07
2.26083e-07
2.53408e-07
2.84415e-07
3.1877e-07
3.55921e-07
3.95083e-07
4.35387e-07
4.75962e-07
5.15992e-07
5.5477e-07
5.91742e-07
6.26547e-07
6.59047e-07
6.89356e-07
7.17844e-07
7.45126e-07
7.72031e-07
7.99518e-07
8.28553e-07
8.60035e-07
8.94726e-07
9.33142e-07
9.74922e-07
1.01922e-06
1.06518e-06
1.11138e-06
1.15617e-06
1.19782e-06
1.23469e-06
1.26533e-06
1.28867e-06
1.30406e-06
1.31111e-06
1.30936e-06
1.29762e-06
1.27326e-06
1.23167e-06
1.16649e-06
1.07128e-06
9.42676e-07
7.84817e-07
6.13491e-07
4.58442e-07
3.64839e-07
3.95291e-07
6.02198e-07
1.00086e-06
1.58026e-06
2.30418e-06
3.11964e-06
3.94618e-06
4.66722e-06
5.18571e-06
5.48201e-06
5.59439e-06
5.56951e-06
5.43947e-06
5.21785e-06
4.92222e-06
4.56457e-06
4.20756e-06
3.91722e-06
3.72603e-06
3.61947e-06
3.54572e-06
3.45462e-06
3.31633e-06
3.12325e-06
2.88322e-06
2.61128e-06
2.32373e-06
2.03486e-06
1.75573e-06
1.49405e-06
1.25461e-06
1.04e-06
8.51292e-07
6.88722e-07
5.52288e-07
4.42289e-07
3.59616e-07
3.05248e-07
2.78262e-07
2.73647e-07
2.83421e-07
3.00237e-07
3.19443e-07
3.38724e-07
3.57226e-07
3.75246e-07
3.9389e-07
4.14776e-07
4.40049e-07
4.72315e-07
5.1393e-07
5.65514e-07
6.24704e-07
6.87362e-07
7.53074e-07
8.32033e-07
9.43664e-07
1.10164e-06
1.30016e-06
1.51784e-06
1.73118e-06
1.92454e-06
2.09319e-06
2.24181e-06
2.38267e-06
2.5352e-06
2.71406e-06
2.91477e-06
3.11325e-06
3.26566e-06
3.32351e-06
3.28602e-06
3.25091e-06
3.35848e-06
3.61745e-06
3.89629e-06
4.06611e-06
4.04275e-06
3.82591e-06
3.47224e-06
3.08657e-06
2.77671e-06
2.59518e-06
2.51763e-06
2.47778e-06
2.43077e-06
2.36023e-06
2.26381e-06
2.14678e-06
2.01766e-06
1.88691e-06
1.76525e-06
1.66226e-06
1.58548e-06
1.53777e-06
1.52558e-06
1.54622e-06
1.59681e-06
1.6729e-06
1.77247e-06
1.89166e-06
2.02875e-06
2.17436e-06
2.32346e-06
2.47017e-06
2.60931e-06
2.73691e-06
2.84764e-06
2.93633e-06
3.002e-06
3.04451e-06
3.06849e-06
3.07289e-06
3.06024e-06
3.03287e-06
2.99291e-06
2.94233e-06
2.88293e-06
2.81627e-06
2.74375e-06
2.66661e-06
2.58598e-06
2.5029e-06
2.41836e-06
2.33326e-06
2.24849e-06
2.16485e-06
2.08312e-06
2.00388e-06
1.928e-06
1.85444e-06
1.78901e-06
1.7078e-06
1.81828e-07
1.96252e-07
2.1461e-07
2.36625e-07
2.61521e-07
2.89387e-07
3.19921e-07
3.52671e-07
3.87003e-07
4.22186e-07
4.57449e-07
4.92046e-07
5.2531e-07
5.56717e-07
5.85912e-07
6.12759e-07
6.3738e-07
6.60178e-07
6.81835e-07
7.0329e-07
7.2566e-07
7.50132e-07
7.77804e-07
8.0958e-07
8.46042e-07
8.86742e-07
9.3119e-07
9.78285e-07
1.02649e-06
1.07407e-06
1.11918e-06
1.16008e-06
1.19517e-06
1.22293e-06
1.24168e-06
1.24917e-06
1.2421e-06
1.21586e-06
1.1649e-06
1.08424e-06
9.72264e-07
8.34765e-07
6.89193e-07
5.67628e-07
5.16945e-07
5.94341e-07
8.55724e-07
1.34244e-06
2.07067e-06
3.02042e-06
4.13429e-06
5.33671e-06
6.52611e-06
7.51477e-06
8.08272e-06
8.17532e-06
7.94784e-06
7.60295e-06
7.26156e-06
6.95693e-06
6.67784e-06
6.39164e-06
6.06541e-06
5.72404e-06
5.38844e-06
5.08331e-06
4.81985e-06
4.58249e-06
4.34576e-06
4.08743e-06
3.79746e-06
3.47815e-06
3.13955e-06
2.79454e-06
2.45538e-06
2.13204e-06
1.83162e-06
1.55854e-06
1.31508e-06
1.10197e-06
9.18926e-07
7.65133e-07
6.39566e-07
5.41101e-07
4.68321e-07
4.19018e-07
3.89712e-07
3.75843e-07
3.72823e-07
3.76698e-07
3.85061e-07
3.96816e-07
4.1243e-07
4.33819e-07
4.64154e-07
5.07635e-07
5.68838e-07
6.51969e-07
7.6091e-07
9.00481e-07
1.07734e-06
1.29718e-06
1.55763e-06
1.84318e-06
2.1278e-06
2.38351e-06
2.58873e-06
2.7327e-06
2.81549e-06
2.84597e-06
2.83933e-06
2.81825e-06
2.80591e-06
2.8133e-06
2.84079e-06
2.87126e-06
2.86937e-06
2.80338e-06
2.69452e-06
2.65536e-06
2.80995e-06
3.12932e-06
3.50775e-06
3.82066e-06
3.9589e-06
3.87185e-06
3.58371e-06
3.19821e-06
2.84911e-06
2.63159e-06
2.54475e-06
2.50813e-06
2.46799e-06
2.40268e-06
2.30707e-06
2.18457e-06
2.04275e-06
1.89136e-06
1.74116e-06
1.60339e-06
1.48947e-06
1.40813e-06
1.37074e-06
1.37926e-06
1.43005e-06
1.51721e-06
1.63497e-06
1.77484e-06
1.92994e-06
2.09218e-06
2.25516e-06
2.41299e-06
2.55992e-06
2.69204e-06
2.80715e-06
2.9028e-06
2.97544e-06
3.024e-06
3.05015e-06
3.05898e-06
3.05087e-06
3.02746e-06
2.99088e-06
2.94304e-06
2.88567e-06
2.82036e-06
2.74856e-06
2.67159e-06
2.59068e-06
2.50696e-06
2.42151e-06
2.33534e-06
2.24941e-06
2.16464e-06
2.08192e-06
2.00195e-06
1.92582e-06
1.85254e-06
1.78854e-06
1.70822e-06
1.89875e-07
2.03336e-07
2.20063e-07
2.39915e-07
2.62339e-07
2.87487e-07
3.14956e-07
3.44186e-07
3.745e-07
4.05225e-07
4.35688e-07
4.65213e-07
4.93191e-07
5.19146e-07
5.42752e-07
5.63887e-07
5.82699e-07
5.99641e-07
6.15478e-07
6.31272e-07
6.48311e-07
6.68079e-07
6.92013e-07
7.21274e-07
7.56253e-07
7.96855e-07
8.42505e-07
8.91932e-07
9.43428e-07
9.94951e-07
1.04419e-06
1.08858e-06
1.12514e-06
1.15034e-06
1.15998e-06
1.14927e-06
1.11355e-06
1.04979e-06
9.59071e-07
8.49804e-07
7.41164e-07
6.65292e-07
6.66625e-07
7.97074e-07
1.10854e-06
1.64397e-06
2.4271e-06
3.45446e-06
4.69084e-06
6.06787e-06
7.49989e-06
8.89508e-06
1.00564e-05
1.06166e-05
1.03628e-05
9.54324e-06
8.61711e-06
7.88285e-06
7.40421e-06
7.1209e-06
6.95118e-06
6.81332e-06
6.67593e-06
6.53501e-06
6.37406e-06
6.19033e-06
5.98188e-06
5.73985e-06
5.45675e-06
5.12914e-06
4.76071e-06
4.36186e-06
3.94689e-06
3.53076e-06
3.12667e-06
2.74494e-06
2.39267e-06
2.07407e-06
1.79105e-06
1.54379e-06
1.33122e-06
1.15154e-06
1.00246e-06
8.8144e-07
7.85759e-07
7.12531e-07
6.58831e-07
6.21931e-07
5.99332e-07
5.89305e-07
5.91233e-07
6.05739e-07
6.35054e-07
6.83057e-07
7.5494e-07
8.56776e-07
9.94911e-07
1.17544e-06
1.40337e-06
1.68039e-06
2.00087e-06
2.34797e-06
2.69373e-06
3.00523e-06
3.25392e-06
3.4229e-06
3.50887e-06
3.51905e-06
3.46644e-06
3.36555e-06
3.23214e-06
3.08389e-06
2.93156e-06
2.7835e-06
2.64016e-06
2.49377e-06
2.32908e-06
2.13905e-06
1.97167e-06
1.94155e-06
2.12708e-06
2.50274e-06
3.01126e-06
3.52566e-06
3.89606e-06
3.9999e-06
3.81605e-06
3.43675e-06
3.02454e-06
2.73755e-06
2.61136e-06
2.55782e-06
2.51741e-06
2.45606e-06
2.36156e-06
2.23465e-06
2.08195e-06
1.91248e-06
1.73654e-06
1.56571e-06
1.41336e-06
1.29315e-06
1.22243e-06
1.21105e-06
1.25736e-06
1.3532e-06
1.48754e-06
1.64665e-06
1.82006e-06
1.9985e-06
2.17472e-06
2.34289e-06
2.49822e-06
2.6371e-06
2.75673e-06
2.85619e-06
2.9352e-06
2.99236e-06
3.02453e-06
3.03595e-06
3.03152e-06
3.01222e-06
2.97911e-06
2.93405e-06
2.87878e-06
2.81491e-06
2.74393e-06
2.66724e-06
2.58615e-06
2.50188e-06
2.41561e-06
2.32841e-06
2.24136e-06
2.15544e-06
2.07169e-06
1.99095e-06
1.91454e-06
1.84153e-06
1.77905e-06
1.69996e-06
2.12041e-07
2.25306e-07
2.40742e-07
2.58213e-07
2.77361e-07
2.98802e-07
3.22495e-07
3.48157e-07
3.74916e-07
4.01933e-07
4.28496e-07
4.53905e-07
4.77528e-07
4.98847e-07
5.17484e-07
5.33279e-07
5.46364e-07
5.57192e-07
5.66585e-07
5.75789e-07
5.86378e-07
6.00036e-07
6.18603e-07
6.4359e-07
6.75678e-07
7.15012e-07
7.60715e-07
8.11045e-07
8.63476e-07
9.14757e-07
9.60982e-07
9.97694e-07
1.02012e-06
1.02373e-06
1.00521e-06
9.6413e-07
9.05013e-07
8.39863e-07
7.90274e-07
7.88115e-07
8.73676e-07
1.0915e-06
1.48459e-06
2.08629e-06
2.9118e-06
3.95298e-06
5.17818e-06
6.53658e-06
7.96311e-06
9.38475e-06
1.07387e-05
1.1901e-05
1.2469e-05
1.19929e-05
1.06768e-05
9.19805e-06
8.03695e-06
7.34924e-06
7.05021e-06
6.96259e-06
6.95353e-06
6.9464e-06
6.94049e-06
6.94749e-06
6.95482e-06
6.94193e-06
6.87889e-06
6.73827e-06
6.50927e-06
6.19532e-06
5.81083e-06
5.37622e-06
4.91404e-06
4.4453e-06
3.98734e-06
3.55322e-06
3.15175e-06
2.78808e-06
2.46457e-06
2.18147e-06
1.93751e-06
1.73047e-06
1.55757e-06
1.41582e-06
1.30227e-06
1.21418e-06
1.14932e-06
1.10594e-06
1.08273e-06
1.08001e-06
1.0987e-06
1.14106e-06
1.21082e-06
1.31282e-06
1.45263e-06
1.63581e-06
1.86685e-06
2.14735e-06
2.47326e-06
2.83139e-06
3.19731e-06
3.53771e-06
3.81824e-06
4.01365e-06
4.11454e-06
4.12712e-06
4.06714e-06
3.95237e-06
3.79755e-06
3.61253e-06
3.40454e-06
3.17652e-06
2.93045e-06
2.66392e-06
2.37365e-06
2.06354e-06
1.74242e-06
1.44367e-06
1.24627e-06
1.2276e-06
1.39103e-06
1.77907e-06
2.42336e-06
3.19355e-06
3.86676e-06
4.23744e-06
4.21915e-06
3.87357e-06
3.37591e-06
2.96486e-06
2.74564e-06
2.64125e-06
2.58373e-06
2.52082e-06
2.42728e-06
2.29746e-06
2.1359e-06
1.95105e-06
1.75283e-06
1.55248e-06
1.36366e-06
1.2029e-06
1.09276e-06
1.05343e-06
1.08937e-06
1.19067e-06
1.33959e-06
1.51631e-06
1.7066e-06
1.89971e-06
2.08796e-06
2.26571e-06
2.42863e-06
2.57367e-06
2.69874e-06
2.80261e-06
2.88485e-06
2.94693e-06
2.98852e-06
3.00606e-06
3.00398e-06
2.98805e-06
2.95848e-06
2.91623e-06
2.86308e-06
2.80067e-06
2.73055e-06
2.65417e-06
2.57293e-06
2.48815e-06
2.40106e-06
2.31283e-06
2.22458e-06
2.13739e-06
2.05236e-06
1.97048e-06
1.8933e-06
1.82e-06
1.75874e-06
1.68157e-06
2.10976e-07
2.25024e-07
2.41512e-07
2.59922e-07
2.78949e-07
2.98614e-07
3.18747e-07
3.39941e-07
3.62027e-07
3.84204e-07
4.05728e-07
4.25928e-07
4.44347e-07
4.60475e-07
4.73842e-07
4.84191e-07
4.91664e-07
4.96717e-07
5.00093e-07
5.03064e-07
5.0757e-07
5.15679e-07
5.29455e-07
5.5043e-07
5.7942e-07
6.16007e-07
6.58431e-07
7.0378e-07
7.483e-07
7.87841e-07
8.18461e-07
8.37254e-07
8.4349e-07
8.40058e-07
8.3512e-07
8.43617e-07
8.88102e-07
9.98293e-07
1.20914e-06
1.55731e-06
2.07546e-06
2.78463e-06
3.68698e-06
4.76165e-06
5.96531e-06
7.23814e-06
8.5145e-06
9.73642e-06
1.08626e-05
1.18763e-05
1.27635e-05
1.32694e-05
1.28314e-05
1.14891e-05
9.97135e-06
8.66142e-06
7.75334e-06
7.35185e-06
7.29037e-06
7.33639e-06
7.36852e-06
7.35984e-06
7.33995e-06
7.34788e-06
7.401e-06
7.47918e-06
7.52977e-06
7.5024e-06
7.36697e-06
7.1197e-06
6.7746e-06
6.35506e-06
5.88943e-06
5.40434e-06
4.9218e-06
4.45882e-06
4.02699e-06
3.63345e-06
3.28207e-06
2.97412e-06
2.70898e-06
2.48481e-06
2.29914e-06
2.14919e-06
2.03229e-06
1.94616e-06
1.88908e-06
1.8596e-06
1.85746e-06
1.88334e-06
1.93851e-06
2.02532e-06
2.14689e-06
2.30652e-06
2.50704e-06
2.74962e-06
3.03201e-06
3.34598e-06
3.67459e-06
3.99128e-06
4.26324e-06
4.46012e-06
4.56437e-06
4.57676e-06
4.51325e-06
4.3959e-06
4.24415e-06
4.06993e-06
3.87713e-06
3.66461e-06
3.42893e-06
3.16379e-06
2.86247e-06
2.51518e-06
2.1258e-06
1.71146e-06
1.3204e-06
1.04228e-06
9.35936e-07
8.92524e-07
8.14499e-07
9.98999e-07
1.74734e-06
2.79791e-06
3.81662e-06
4.54059e-06
4.7995e-06
4.5758e-06
4.01015e-06
3.41739e-06
3.02089e-06
2.79886e-06
2.68147e-06
2.5977e-06
2.50048e-06
2.36949e-06
2.20248e-06
2.00581e-06
1.78904e-06
1.56327e-06
1.34164e-06
1.14147e-06
9.88077e-07
9.12656e-07
9.31216e-07
1.03443e-06
1.19608e-06
1.38876e-06
1.59416e-06
1.80018e-06
1.99896e-06
2.18515e-06
2.35491e-06
2.50561e-06
2.63549e-06
2.74377e-06
2.8303e-06
2.89532e-06
2.94051e-06
2.96663e-06
2.97037e-06
2.95589e-06
2.92978e-06
2.89047e-06
2.83946e-06
2.77853e-06
2.70926e-06
2.63319e-06
2.5518e-06
2.46645e-06
2.37846e-06
2.28902e-06
2.19929e-06
2.1104e-06
2.02354e-06
1.93994e-06
1.86143e-06
1.78799e-06
1.72951e-06
1.65874e-06
2.54387e-07
2.62606e-07
2.72737e-07
2.88058e-07
3.0731e-07
3.28962e-07
3.51181e-07
3.72356e-07
3.92941e-07
4.12888e-07
4.31392e-07
4.474e-07
4.60508e-07
4.70482e-07
4.76934e-07
4.7944e-07
4.7787e-07
4.72732e-07
4.65067e-07
4.56163e-07
4.47696e-07
4.42031e-07
4.41533e-07
4.48287e-07
4.63548e-07
4.87303e-07
5.18485e-07
5.55562e-07
5.97418e-07
6.44328e-07
6.98959e-07
7.67339e-07
8.59719e-07
9.9111e-07
1.18132e-06
1.45425e-06
1.83627e-06
2.35304e-06
3.0249e-06
3.86087e-06
4.85301e-06
5.97242e-06
7.16895e-06
8.37501e-06
9.51377e-06
1.05114e-05
1.13131e-05
1.19003e-05
1.23014e-05
1.25968e-05
1.27761e-05
1.24193e-05
1.14001e-05
1.04279e-05
9.59045e-06
8.75592e-06
8.15691e-06
7.93202e-06
7.93691e-06
7.97632e-06
7.96004e-06
7.9017e-06
7.83174e-06
7.79532e-06
7.82158e-06
7.89674e-06
7.9852e-06
8.0329e-06
7.98629e-06
7.82342e-06
7.5459e-06
7.176e-06
6.74513e-06
6.28153e-06
5.80917e-06
5.34904e-06
4.91523e-06
4.5172e-06
4.16096e-06
3.84947e-06
3.58336e-06
3.36176e-06
3.18277e-06
3.04402e-06
2.94307e-06
2.87777e-06
2.84616e-06
2.84676e-06
2.87926e-06
2.94298e-06
3.0376e-06
3.16298e-06
3.31864e-06
3.50325e-06
3.7139e-06
3.94487e-06
4.18583e-06
4.42001e-06
4.62409e-06
4.77204e-06
4.84363e-06
4.83364e-06
4.75465e-06
4.63019e-06
4.48355e-06
4.32947e-06
4.17204e-06
4.00694e-06
3.8255e-06
3.61924e-06
3.37866e-06
3.09396e-06
2.75921e-06
2.37799e-06
1.97384e-06
1.60664e-06
1.38122e-06
1.35607e-06
1.40326e-06
1.30619e-06
9.26367e-07
3.86376e-07
1.01976e-06
2.27876e-06
3.59724e-06
4.71963e-06
5.4084e-06
5.51631e-06
5.03789e-06
4.27143e-06
3.60419e-06
3.15046e-06
2.87655e-06
2.71137e-06
2.58234e-06
2.44292e-06
2.27317e-06
2.07045e-06
1.84099e-06
1.59518e-06
1.34566e-06
1.10934e-06
9.11146e-07
7.91261e-07
7.82787e-07
8.8379e-07
1.05679e-06
1.26428e-06
1.48341e-06
1.70101e-06
1.9092e-06
2.10298e-06
2.27894e-06
2.43485e-06
2.56932e-06
2.68168e-06
2.77191e-06
2.84074e-06
2.8889e-06
2.91816e-06
2.92947e-06
2.91974e-06
2.8942e-06
2.85789e-06
2.80907e-06
2.7495e-06
2.68092e-06
2.60489e-06
2.523e-06
2.43671e-06
2.34741e-06
2.2564e-06
2.165e-06
2.07457e-06
1.98663e-06
1.90308e-06
1.82637e-06
1.75909e-06
1.71239e-06
1.66268e-06
3.70552e-07
3.89339e-07
3.96007e-07
3.99099e-07
4.03781e-07
4.11882e-07
4.22796e-07
4.33714e-07
4.43209e-07
4.51419e-07
4.5844e-07
4.64116e-07
4.67095e-07
4.66623e-07
4.62522e-07
4.54961e-07
4.44185e-07
4.30253e-07
4.13932e-07
3.96703e-07
3.80708e-07
3.69674e-07
3.69094e-07
3.85576e-07
4.2503e-07
4.91285e-07
5.86512e-07
7.12947e-07
8.74373e-07
1.07685e-06
1.32891e-06
1.64148e-06
2.0276e-06
2.50169e-06
3.07831e-06
3.77006e-06
4.58434e-06
5.51939e-06
6.56009e-06
7.67488e-06
8.81492e-06
9.91643e-06
1.09062e-05
1.17094e-05
1.22594e-05
1.25101e-05
1.24502e-05
1.21175e-05
1.16201e-05
1.11301e-05
1.05593e-05
9.73459e-06
9.29042e-06
9.30697e-06
9.10885e-06
8.65787e-06
8.27637e-06
8.1368e-06
8.15622e-06
8.19156e-06
8.19581e-06
8.16633e-06
8.11968e-06
8.09116e-06
8.09439e-06
8.15911e-06
8.27253e-06
8.36021e-06
8.36226e-06
8.25924e-06
8.06084e-06
7.76778e-06
7.40042e-06
6.98545e-06
6.5512e-06
6.12391e-06
5.71746e-06
5.34305e-06
5.00899e-06
4.7197e-06
4.47714e-06
4.28128e-06
4.13052e-06
4.02245e-06
3.95434e-06
3.9233e-06
3.92642e-06
3.96134e-06
4.02514e-06
4.11383e-06
4.22315e-06
4.34822e-06
4.48328e-06
4.62147e-06
4.7544e-06
4.87151e-06
4.95945e-06
5.003e-06
4.98913e-06
4.91367e-06
4.78683e-06
4.63145e-06
4.47315e-06
4.32925e-06
4.20407e-06
4.09043e-06
3.97477e-06
3.84215e-06
3.68088e-06
3.48458e-06
3.23762e-06
2.94105e-06
2.60649e-06
2.26235e-06
1.96939e-06
1.82096e-06
1.86776e-06
2.02213e-06
2.10861e-06
1.97272e-06
1.52849e-06
7.62533e-07
2.72434e-07
1.56991e-06
3.02035e-06
4.4573e-06
5.65425e-06
6.36281e-06
6.36993e-06
5.70312e-06
4.78744e-06
3.9898e-06
3.39681e-06
3.00026e-06
2.73701e-06
2.53452e-06
2.34139e-06
2.13099e-06
1.89541e-06
1.63834e-06
1.36949e-06
1.10391e-06
8.63735e-07
6.92948e-07
6.45805e-07
7.40768e-07
9.25818e-07
1.14845e-06
1.38082e-06
1.60906e-06
1.82556e-06
2.02575e-06
2.20675e-06
2.36667e-06
2.50447e-06
2.61975e-06
2.71265e-06
2.78377e-06
2.83437e-06
2.86545e-06
2.87897e-06
2.87539e-06
2.85226e-06
2.81696e-06
2.77025e-06
2.71197e-06
2.64415e-06
2.56847e-06
2.48679e-06
2.40091e-06
2.31252e-06
2.22332e-06
2.13508e-06
2.04975e-06
1.9697e-06
1.89829e-06
1.84003e-06
1.80285e-06
1.7983e-06
1.81865e-06
5.32126e-07
5.39337e-07
5.35941e-07
5.1469e-07
4.81012e-07
4.44506e-07
4.10875e-07
3.83856e-07
3.6433e-07
3.53712e-07
3.54141e-07
3.67553e-07
3.92937e-07
4.28703e-07
4.74155e-07
5.29128e-07
5.94273e-07
6.70575e-07
7.60014e-07
8.65185e-07
9.88999e-07
1.13482e-06
1.30623e-06
1.50699e-06
1.7412e-06
2.01325e-06
2.32791e-06
2.6904e-06
3.10646e-06
3.5824e-06
4.12493e-06
4.74077e-06
5.4357e-06
6.21297e-06
7.07092e-06
8.00011e-06
8.98034e-06
9.97867e-06
1.09491e-05
1.18351e-05
1.25741e-05
1.31042e-05
1.33712e-05
1.33345e-05
1.29732e-05
1.22905e-05
1.13168e-05
1.01199e-05
8.86038e-06
7.70812e-06
6.66981e-06
6.14689e-06
6.59259e-06
7.29998e-06
7.50562e-06
7.38485e-06
7.36997e-06
7.57527e-06
7.84179e-06
8.02858e-06
8.11432e-06
8.12443e-06
8.11923e-06
8.09825e-06
8.09127e-06
8.15635e-06
8.27697e-06
8.39607e-06
8.46886e-06
8.45154e-06
8.318e-06
8.08098e-06
7.77968e-06
7.44678e-06
7.08286e-06
6.71708e-06
6.3613e-06
6.03249e-06
5.74227e-06
5.49569e-06
5.29594e-06
5.14311e-06
5.03488e-06
4.96778e-06
4.93751e-06
4.93914e-06
4.96696e-06
5.01546e-06
5.07785e-06
5.14572e-06
5.21074e-06
5.26448e-06
5.29821e-06
5.303e-06
5.27001e-06
5.19168e-06
5.06388e-06
4.88943e-06
4.68152e-06
4.46311e-06
4.26085e-06
4.09532e-06
3.97358e-06
3.88811e-06
3.82145e-06
3.75282e-06
3.66466e-06
3.5462e-06
3.39305e-06
3.19058e-06
2.93115e-06
2.65179e-06
2.3797e-06
2.1696e-06
2.09933e-06
2.20812e-06
2.43519e-06
2.64783e-06
2.71165e-06
2.53474e-06
2.08435e-06
1.37826e-06
4.56559e-07
6.51754e-07
1.96917e-06
3.44888e-06
4.98483e-06
6.36641e-06
7.2868e-06
7.41838e-06
6.7668e-06
5.76748e-06
4.78749e-06
3.9582e-06
3.31929e-06
2.85272e-06
2.50383e-06
2.21479e-06
1.94403e-06
1.67041e-06
1.3883e-06
1.10363e-06
8.31923e-07
6.11879e-07
5.16452e-07
6.00753e-07
7.97346e-07
1.03253e-06
1.27461e-06
1.51006e-06
1.73196e-06
1.93644e-06
2.12111e-06
2.28451e-06
2.42585e-06
2.54499e-06
2.64219e-06
2.71806e-06
2.77361e-06
2.81012e-06
2.82855e-06
2.83076e-06
2.81579e-06
2.7836e-06
2.74138e-06
2.68754e-06
2.62438e-06
2.55425e-06
2.47958e-06
2.40286e-06
2.32656e-06
2.2535e-06
2.18718e-06
2.13219e-06
2.09473e-06
2.08293e-06
2.10671e-06
2.17725e-06
2.30732e-06
2.48384e-06
1.64785e-06
1.87017e-06
2.11261e-06
2.35914e-06
2.59533e-06
2.82218e-06
3.04129e-06
3.25245e-06
3.45448e-06
3.64738e-06
3.8334e-06
4.0138e-06
4.19011e-06
4.3632e-06
4.53354e-06
4.70307e-06
4.87386e-06
5.04752e-06
5.22611e-06
5.41206e-06
5.60862e-06
5.81952e-06
6.04903e-06
6.30216e-06
6.58459e-06
6.90267e-06
7.26327e-06
7.67348e-06
8.1401e-06
8.6687e-06
9.26229e-06
9.91947e-06
1.06323e-05
1.13839e-05
1.2147e-05
1.28834e-05
1.35452e-05
1.40786e-05
1.44293e-05
1.45489e-05
1.44019e-05
1.39699e-05
1.32545e-05
1.22754e-05
1.1067e-05
9.66641e-06
8.10507e-06
6.42648e-06
4.75678e-06
3.24913e-06
2.15663e-06
2.32951e-06
4.04574e-06
5.86698e-06
6.5106e-06
6.03404e-06
5.41673e-06
5.50763e-06
6.15767e-06
6.82311e-06
7.24528e-06
7.43599e-06
7.49739e-06
7.53986e-06
7.62697e-06
7.76934e-06
7.95294e-06
8.14345e-06
8.28924e-06
8.34249e-06
8.28196e-06
8.12933e-06
7.89648e-06
7.59829e-06
7.27801e-06
6.9742e-06
6.68754e-06
6.42725e-06
6.20268e-06
6.01733e-06
5.87639e-06
5.77837e-06
5.71799e-06
5.68876e-06
5.68314e-06
5.69273e-06
5.70912e-06
5.72405e-06
5.72747e-06
5.71045e-06
5.66671e-06
5.59002e-06
5.47466e-06
5.31612e-06
5.11486e-06
4.87645e-06
4.61279e-06
4.34224e-06
4.08756e-06
3.86977e-06
3.70223e-06
3.587e-06
3.51375e-06
3.46303e-06
3.41298e-06
3.34549e-06
3.24842e-06
3.113e-06
2.93009e-06
2.69667e-06
2.46068e-06
2.26293e-06
2.13933e-06
2.15672e-06
2.34138e-06
2.64086e-06
2.95072e-06
3.16097e-06
3.18966e-06
3.00569e-06
2.63644e-06
2.15218e-06
1.63686e-06
1.19521e-06
1.11211e-06
1.77984e-06
3.04043e-06
4.66024e-06
6.37352e-06
7.78881e-06
8.46815e-06
8.26314e-06
7.46393e-06
6.44506e-06
5.40079e-06
4.43558e-06
3.60729e-06
2.92458e-06
2.36704e-06
1.90249e-06
1.49891e-06
1.13145e-06
7.84448e-07
4.5296e-07
1.61438e-07
2.19767e-07
5.109e-07
8.10524e-07
1.09713e-06
1.36492e-06
1.61159e-06
1.83596e-06
2.03727e-06
2.2151e-06
2.36944e-06
2.50051e-06
2.60881e-06
2.69528e-06
2.761e-06
2.80703e-06
2.83459e-06
2.84574e-06
2.84142e-06
2.82159e-06
2.79215e-06
2.75884e-06
2.72114e-06
2.68268e-06
2.64883e-06
2.62541e-06
2.61841e-06
2.63422e-06
2.67904e-06
2.75791e-06
2.87379e-06
3.02574e-06
3.2129e-06
3.41929e-06
3.67199e-06
3.86238e-06
9.80748e-06
9.9285e-06
1.00273e-05
1.00998e-05
1.01527e-05
1.01989e-05
1.02427e-05
1.02842e-05
1.03245e-05
1.0367e-05
1.04132e-05
1.04638e-05
1.052e-05
1.05838e-05
1.06589e-05
1.07482e-05
1.08536e-05
1.09776e-05
1.11233e-05
1.12937e-05
1.14918e-05
1.17207e-05
1.19838e-05
1.2284e-05
1.26236e-05
1.30041e-05
1.34249e-05
1.38827e-05
1.43705e-05
1.48759e-05
1.53799e-05
1.58564e-05
1.62716e-05
1.65858e-05
1.67555e-05
1.67379e-05
1.64959e-05
1.60034e-05
1.52509e-05
1.42477e-05
1.30241e-05
1.16292e-05
1.0124e-05
8.57177e-06
7.0214e-06
5.492e-06
3.96863e-06
2.44699e-06
1.02811e-06
4.61735e-07
8.63971e-07
1.2624e-06
3.33683e-06
6.73716e-06
9.50382e-06
1.03681e-05
9.33916e-06
7.11343e-06
4.57074e-06
2.53055e-06
1.84661e-06
2.44259e-06
3.27275e-06
3.99554e-06
4.64161e-06
5.24246e-06
5.78936e-06
6.25684e-06
6.61889e-06
6.86823e-06
7.00059e-06
7.0124e-06
6.91813e-06
6.74992e-06
6.5662e-06
6.37072e-06
6.18745e-06
6.0383e-06
5.92983e-06
5.85279e-06
5.80889e-06
5.79034e-06
5.78739e-06
5.79144e-06
5.79446e-06
5.78943e-06
5.77058e-06
5.73173e-06
5.66881e-06
5.58019e-06
5.46421e-06
5.31992e-06
5.14807e-06
4.95311e-06
4.74335e-06
4.52714e-06
4.31451e-06
4.1163e-06
3.93963e-06
3.78632e-06
3.65517e-06
3.54121e-06
3.43646e-06
3.3327e-06
3.22272e-06
3.09929e-06
2.95632e-06
2.79224e-06
2.61668e-06
2.46129e-06
2.3725e-06
2.36536e-06
2.47803e-06
2.72314e-06
3.06355e-06
3.43193e-06
3.75502e-06
3.97874e-06
4.09168e-06
4.13229e-06
4.16013e-06
4.20158e-06
4.22406e-06
4.16111e-06
3.93912e-06
3.52291e-06
2.97041e-06
2.59257e-06
3.07135e-06
4.53935e-06
6.37733e-06
7.97307e-06
8.92532e-06
9.20217e-06
8.99012e-06
8.45516e-06
7.73374e-06
6.92095e-06
6.09136e-06
5.29483e-06
4.56098e-06
3.90549e-06
3.33583e-06
2.85501e-06
2.46486e-06
2.16585e-06
1.95776e-06
1.83217e-06
1.78441e-06
1.80547e-06
1.87585e-06
1.97671e-06
2.09255e-06
2.21207e-06
2.3277e-06
2.43471e-06
2.53062e-06
2.61474e-06
2.68734e-06
2.74966e-06
2.80433e-06
2.85484e-06
2.90388e-06
2.95438e-06
3.01003e-06
3.07919e-06
3.16457e-06
3.2675e-06
3.39007e-06
3.5336e-06
3.6974e-06
3.87942e-06
4.07608e-06
4.2823e-06
4.49225e-06
4.69826e-06
4.89631e-06
5.06784e-06
5.25121e-06
5.36446e-06
4.58955e-05
4.55387e-05
4.52996e-05
4.50827e-05
4.48912e-05
4.47247e-05
4.458e-05
4.44568e-05
4.43561e-05
4.42761e-05
4.42141e-05
4.41683e-05
4.4135e-05
4.41091e-05
4.40831e-05
4.40486e-05
4.39968e-05
4.39175e-05
4.3799e-05
4.36287e-05
4.33928e-05
4.30763e-05
4.26632e-05
4.21368e-05
4.14795e-05
4.06734e-05
3.97008e-05
3.85449e-05
3.71908e-05
3.56271e-05
3.38474e-05
3.18527e-05
2.96531e-05
2.727e-05
2.47369e-05
2.20994e-05
1.94135e-05
1.67429e-05
1.4154e-05
1.17114e-05
9.47206e-06
7.47794e-06
5.75022e-06
4.29229e-06
3.09676e-06
2.15922e-06
1.55166e-06
1.56628e-06
2.2935e-06
3.35894e-06
4.36183e-06
4.92287e-06
4.62638e-06
3.66808e-06
4.80525e-06
9.08233e-06
1.42679e-05
1.91422e-05
2.3185e-05
2.62091e-05
2.82453e-05
2.94003e-05
2.97875e-05
2.95509e-05
2.87725e-05
2.74572e-05
2.56542e-05
2.34418e-05
2.09168e-05
1.81868e-05
1.53616e-05
1.25475e-05
9.83832e-06
7.3211e-06
5.09811e-06
3.35022e-06
2.46522e-06
2.75557e-06
3.63659e-06
4.58819e-06
5.44002e-06
6.14588e-06
6.70311e-06
7.12303e-06
7.42153e-06
7.61557e-06
7.72192e-06
7.75789e-06
7.73933e-06
7.68105e-06
7.59727e-06
7.50126e-06
7.40491e-06
7.31927e-06
7.24918e-06
7.19547e-06
7.1532e-06
7.10814e-06
7.03878e-06
6.92167e-06
6.73298e-06
6.45413e-06
6.07715e-06
5.60715e-06
5.06071e-06
4.46523e-06
3.85865e-06
3.28844e-06
2.81412e-06
2.51268e-06
2.46332e-06
2.74206e-06
3.38393e-06
4.36997e-06
5.6627e-06
7.20642e-06
8.91472e-06
1.06676e-05
1.23241e-05
1.37496e-05
1.4849e-05
1.5593e-05
1.60211e-05
1.62159e-05
1.6262e-05
1.62013e-05
1.59817e-05
1.54782e-05
1.45333e-05
1.30131e-05
1.08989e-05
8.35792e-06
5.83529e-06
4.34309e-06
5.11426e-06
7.41542e-06
1.00642e-05
1.26332e-05
1.49639e-05
1.70001e-05
1.87237e-05
2.0134e-05
2.12391e-05
2.20514e-05
2.25863e-05
2.28613e-05
2.2897e-05
2.27182e-05
2.23376e-05
2.17657e-05
2.10182e-05
2.01116e-05
1.90628e-05
1.78894e-05
1.66092e-05
1.524e-05
1.37998e-05
1.23064e-05
1.07777e-05
9.23235e-06
7.68971e-06
6.1706e-06
4.70521e-06
3.34639e-06
2.22815e-06
1.73317e-06
2.18403e-06
3.11038e-06
4.13206e-06
5.12607e-06
6.04864e-06
6.8799e-06
7.60928e-06
8.2305e-06
8.74201e-06
9.13817e-06
9.4382e-06
9.57424e-06
9.82357e-06
9.38613e-06
1.75635e-05
2.08376e-05
2.21915e-05
2.19707e-05
2.00276e-05
1.63481e-05
1.11549e-05
5.49814e-06
6.1873e-06
1.36489e-05
2.21774e-05
3.0828e-05
3.93325e-05
4.76004e-05
5.56306e-05
6.34761e-05
7.12082e-05
7.88782e-05
8.64227e-05
9.3664e-05
9.99069e-05
0.000104545
0.000105485
0.000103821
9.66475e-05
2.26241e-06
8.68021e-07
2.07958e-06
3.78756e-06
5.30236e-06
6.60722e-06
7.58517e-06
8.2549e-06
8.68763e-06
9.07374e-06
9.52109e-06
1.01231e-05
1.09148e-05
1.1894e-05
1.30327e-05
1.42935e-05
1.56404e-05
1.70488e-05
1.85089e-05
2.00255e-05
2.16827e-05
2.33326e-05
2.46337e-05
2.60986e-05
2.27714e-05
4.17685e-06
4.76736e-06
5.19916e-06
5.9051e-06
6.65005e-06
7.34554e-06
7.86735e-06
8.11007e-06
8.15734e-06
8.07273e-06
7.94806e-06
7.9052e-06
8.03689e-06
8.41207e-06
9.06984e-06
1.00208e-05
1.12596e-05
1.2787e-05
1.46326e-05
1.68268e-05
1.92107e-05
2.17435e-05
2.40085e-05
2.62623e-05
2.65171e-05
5.52981e-06
5.78232e-06
6.18883e-06
6.66302e-06
7.26446e-06
7.7785e-06
8.16907e-06
8.30564e-06
8.16961e-06
7.82191e-06
7.35502e-06
6.86753e-06
6.42899e-06
6.09051e-06
5.89188e-06
5.86858e-06
6.06103e-06
6.5248e-06
7.33555e-06
8.63896e-06
1.07121e-05
1.37379e-05
1.72353e-05
2.09089e-05
2.23197e-05
6.05051e-06
6.19134e-06
6.67662e-06
7.05359e-06
7.56302e-06
7.99059e-06
8.23602e-06
8.25851e-06
8.03498e-06
7.61314e-06
7.07313e-06
6.49764e-06
5.94266e-06
5.44295e-06
5.01984e-06
4.68866e-06
4.46562e-06
4.37598e-06
4.45841e-06
4.78128e-06
5.58359e-06
7.49431e-06
1.08166e-05
1.5175e-05
1.82904e-05
6.35406e-06
6.41497e-06
6.90124e-06
7.25798e-06
7.64773e-06
7.99542e-06
8.14631e-06
8.07154e-06
7.76346e-06
7.27316e-06
6.68107e-06
6.06469e-06
5.47569e-06
4.94316e-06
4.48183e-06
4.09985e-06
3.80387e-06
3.60154e-06
3.50063e-06
3.50173e-06
3.60954e-06
4.10482e-06
5.96303e-06
9.74894e-06
1.41787e-05
6.43826e-06
6.49653e-06
6.88874e-06
7.23904e-06
7.56415e-06
7.82193e-06
7.88936e-06
7.73134e-06
7.35724e-06
6.82355e-06
6.20922e-06
5.58628e-06
5.00195e-06
4.48135e-06
4.03615e-06
3.67264e-06
3.39671e-06
3.21293e-06
3.11753e-06
3.09177e-06
3.09485e-06
3.08182e-06
3.50751e-06
5.49162e-06
1.01772e-05
6.36175e-06
6.42082e-06
6.74077e-06
7.05242e-06
7.31224e-06
7.48835e-06
7.48174e-06
7.26017e-06
6.84438e-06
6.2937e-06
5.68352e-06
5.07952e-06
4.52342e-06
4.03619e-06
3.62709e-06
3.30178e-06
3.06691e-06
2.92806e-06
2.87719e-06
2.8789e-06
2.89479e-06
2.83537e-06
2.8094e-06
3.02667e-06
6.71147e-06
6.15835e-06
6.1952e-06
6.45078e-06
6.71021e-06
6.90189e-06
7.00349e-06
6.93986e-06
6.68168e-06
6.25404e-06
5.71584e-06
5.13712e-06
4.57636e-06
4.06913e-06
3.63201e-06
3.27224e-06
2.99556e-06
2.80954e-06
2.72054e-06
2.71953e-06
2.76025e-06
2.79117e-06
2.74536e-06
2.65935e-06
2.30447e-06
4.11797e-06
5.79996e-06
5.81507e-06
6.00739e-06
6.20776e-06
6.33882e-06
6.38616e-06
6.29278e-06
6.02992e-06
5.62138e-06
5.12316e-06
4.59913e-06
4.1003e-06
3.65591e-06
3.27839e-06
2.97358e-06
2.74816e-06
2.61143e-06
2.57047e-06
2.61567e-06
2.69654e-06
2.74587e-06
2.70359e-06
2.6142e-06
2.28478e-06
2.48711e-06
5.2505e-06
5.2522e-06
5.39262e-06
5.54639e-06
5.64272e-06
5.6698e-06
5.58064e-06
5.34494e-06
4.98272e-06
4.54634e-06
4.09366e-06
3.66845e-06
3.29381e-06
2.9786e-06
2.72819e-06
2.55118e-06
2.45964e-06
2.46223e-06
2.54861e-06
2.66631e-06
2.73882e-06
2.69568e-06
2.59613e-06
2.3177e-06
1.68102e-06
4.52892e-06
4.51387e-06
4.62149e-06
4.75864e-06
4.85912e-06
4.90506e-06
4.85205e-06
4.6684e-06
4.3712e-06
4.00992e-06
3.63713e-06
3.28969e-06
2.98489e-06
2.72879e-06
2.52748e-06
2.39257e-06
2.33979e-06
2.38042e-06
2.50367e-06
2.65433e-06
2.75067e-06
2.71148e-06
2.58523e-06
2.33785e-06
1.38838e-06
3.73768e-06
3.68484e-06
3.77165e-06
3.92103e-06
4.0592e-06
4.15297e-06
4.15575e-06
4.03645e-06
3.8118e-06
3.52957e-06
3.23742e-06
2.9653e-06
2.72494e-06
2.52062e-06
2.36036e-06
2.25985e-06
2.23905e-06
2.31252e-06
2.46941e-06
2.65026e-06
2.76854e-06
2.73776e-06
2.57674e-06
2.35686e-06
1.30086e-06
3.00197e-06
2.89003e-06
2.95663e-06
3.1305e-06
3.31912e-06
3.46932e-06
3.53018e-06
3.47364e-06
3.31852e-06
3.11143e-06
2.89455e-06
2.69037e-06
2.50542e-06
2.34327e-06
2.21512e-06
2.14144e-06
2.14669e-06
2.24895e-06
2.43745e-06
2.64713e-06
2.78499e-06
2.76505e-06
2.56977e-06
2.3685e-06
1.27474e-06
2.37678e-06
2.21232e-06
2.26019e-06
2.45847e-06
2.69251e-06
2.88968e-06
2.99636e-06
2.99033e-06
2.89443e-06
2.75352e-06
2.60266e-06
2.45609e-06
2.31573e-06
2.18563e-06
2.08118e-06
2.02796e-06
2.05483e-06
2.18343e-06
2.40298e-06
2.64159e-06
2.79742e-06
2.78803e-06
2.56339e-06
2.36462e-06
1.26977e-06
1.82063e-06
1.64871e-06
1.70321e-06
1.93138e-06
2.20121e-06
2.42644e-06
2.55809e-06
2.58462e-06
2.53435e-06
2.44848e-06
2.35256e-06
2.25205e-06
2.14525e-06
2.03794e-06
1.95027e-06
1.91287e-06
1.95867e-06
2.11294e-06
2.36468e-06
2.63383e-06
2.80741e-06
2.80707e-06
2.55875e-06
2.34502e-06
1.27127e-06
1.27255e-06
1.16311e-06
1.28334e-06
1.55893e-06
1.84995e-06
2.07646e-06
2.20728e-06
2.24694e-06
2.22865e-06
2.18648e-06
2.13402e-06
2.06812e-06
1.98491e-06
1.89287e-06
1.81704e-06
1.79262e-06
1.85631e-06
2.03738e-06
2.32419e-06
2.62683e-06
2.81941e-06
2.82506e-06
2.55832e-06
2.31584e-06
1.26976e-06
7.85103e-07
8.27462e-07
1.06039e-06
1.36563e-06
1.63729e-06
1.827e-06
1.92922e-06
1.96445e-06
1.9665e-06
1.95748e-06
1.9374e-06
1.89581e-06
1.82814e-06
1.746e-06
1.67901e-06
1.66625e-06
1.74818e-06
1.95891e-06
2.28519e-06
2.62513e-06
2.83921e-06
2.84725e-06
2.56531e-06
2.28565e-06
1.26061e-06
6.90626e-07
8.57312e-07
1.1043e-06
1.35051e-06
1.54118e-06
1.65486e-06
1.70589e-06
1.72438e-06
1.73788e-06
1.75245e-06
1.75473e-06
1.72903e-06
1.67116e-06
1.59568e-06
1.53607e-06
1.5347e-06
1.63635e-06
1.8811e-06
2.25229e-06
2.63349e-06
2.87134e-06
2.8823e-06
2.58525e-06
2.26307e-06
1.24422e-06
1.01838e-06
1.14738e-06
1.30297e-06
1.43362e-06
1.50986e-06
1.52911e-06
1.51994e-06
1.51625e-06
1.5346e-06
1.56409e-06
1.58033e-06
1.56443e-06
1.51287e-06
1.44246e-06
1.38972e-06
1.40006e-06
1.52389e-06
1.80819e-06
2.22987e-06
2.6556e-06
2.91846e-06
2.93161e-06
2.61901e-06
2.25315e-06
1.22394e-06
1.35024e-06
1.42645e-06
1.4934e-06
1.51781e-06
1.48929e-06
1.42325e-06
1.3592e-06
1.33301e-06
1.3506e-06
1.38725e-06
1.41104e-06
1.40119e-06
1.35427e-06
1.28833e-06
1.2423e-06
1.2649e-06
1.41425e-06
1.74429e-06
2.22129e-06
2.69329e-06
2.98057e-06
2.99146e-06
2.66246e-06
2.2557e-06
1.20323e-06
1.56184e-06
1.60215e-06
1.60708e-06
1.55667e-06
1.4535e-06
1.32578e-06
1.21921e-06
1.17135e-06
1.18223e-06
1.21929e-06
1.24624e-06
1.24054e-06
1.19771e-06
1.13595e-06
1.09624e-06
1.13173e-06
1.31082e-06
1.69278e-06
2.22838e-06
2.74622e-06
3.05434e-06
3.05674e-06
2.70844e-06
2.26502e-06
1.18341e-06
1.66525e-06
1.68211e-06
1.64806e-06
1.55264e-06
1.40551e-06
1.23982e-06
1.1021e-06
1.03133e-06
1.02856e-06
1.06009e-06
1.08728e-06
1.08496e-06
1.04607e-06
9.87958e-07
9.53688e-07
1.00277e-06
1.21647e-06
1.65571e-06
2.25139e-06
2.8123e-06
3.13423e-06
3.11843e-06
2.7454e-06
2.26955e-06
1.16206e-06
1.70822e-06
1.70769e-06
1.65024e-06
1.53141e-06
1.36247e-06
1.17542e-06
1.01333e-06
9.15943e-07
8.91513e-07
9.11695e-07
9.36784e-07
9.3735e-07
9.02069e-07
8.46491e-07
8.1627e-07
8.80104e-07
1.134e-06
1.63441e-06
2.28964e-06
2.88865e-06
3.21417e-06
3.16689e-06
2.76041e-06
2.25402e-06
1.13254e-06
1.73589e-06
1.72029e-06
1.64852e-06
1.5183e-06
1.3403e-06
1.1411e-06
9.58014e-07
8.29864e-07
7.75359e-07
7.77668e-07
7.97875e-07
8.00498e-07
7.67941e-07
7.12993e-07
6.84844e-07
7.65667e-07
1.06653e-06
1.63071e-06
2.34314e-06
2.97229e-06
3.28782e-06
3.19383e-06
2.7426e-06
2.20239e-06
1.08463e-06
1.77681e-06
1.74712e-06
1.66499e-06
1.52908e-06
1.34725e-06
1.13947e-06
9.37448e-07
7.76735e-07
6.85093e-07
6.62049e-07
6.73556e-07
6.76776e-07
6.45538e-07
5.88606e-07
5.59911e-07
6.61271e-07
1.0161e-06
1.64478e-06
2.40946e-06
3.05611e-06
3.34357e-06
3.1875e-06
2.68219e-06
2.10085e-06
1.00598e-06
1.83428e-06
1.79144e-06
1.70107e-06
1.5619e-06
1.37775e-06
1.16387e-06
9.46084e-07
7.55226e-07
6.23733e-07
5.6841e-07
5.66545e-07
5.68563e-07
5.37224e-07
4.75468e-07
4.43161e-07
5.69487e-07
9.80815e-07
1.66906e-06
2.47921e-06
3.13304e-06
3.37764e-06
3.14312e-06
2.57218e-06
1.94007e-06
8.87751e-07
1.71647e-06
1.66785e-06
1.58024e-06
1.45213e-06
1.28426e-06
1.08685e-06
8.78858e-07
6.84317e-07
5.32523e-07
4.49581e-07
4.30315e-07
4.28098e-07
3.97984e-07
3.35449e-07
3.02091e-07
4.48908e-07
8.72042e-07
1.53963e-06
2.30126e-06
2.88235e-06
3.04735e-06
2.75383e-06
2.17543e-06
1.54973e-06
6.5129e-07
1.79159e-06
1.73372e-06
1.63956e-06
1.50748e-06
1.33612e-06
1.13372e-06
9.15987e-07
7.04175e-07
5.25295e-07
4.09804e-07
3.68355e-07
3.59104e-07
3.25663e-07
2.53558e-07
2.14982e-07
4.07021e-07
8.78789e-07
1.58694e-06
2.37077e-06
2.92889e-06
3.02273e-06
2.6378e-06
1.99468e-06
1.30462e-06
4.65816e-07
1.86693e-06
1.79962e-06
1.69882e-06
1.56263e-06
1.38782e-06
1.18116e-06
9.55884e-07
7.31335e-07
5.31736e-07
3.87522e-07
3.2173e-07
3.03714e-07
2.67157e-07
1.83715e-07
1.38381e-07
3.85023e-07
8.95872e-07
1.6375e-06
2.43518e-06
2.95888e-06
2.97193e-06
2.49048e-06
1.78054e-06
1.01227e-06
2.50622e-07
1.94191e-06
1.86525e-06
1.75781e-06
1.61731e-06
1.43923e-06
1.22897e-06
9.98038e-07
7.64178e-07
5.48932e-07
3.80564e-07
2.89347e-07
2.60249e-07
2.21328e-07
1.27242e-07
8.23984e-08
3.86326e-07
9.26923e-07
1.6972e-06
2.50034e-06
2.97674e-06
2.90047e-06
2.32603e-06
1.56026e-06
7.02403e-07
2.0735e-07
2.01569e-06
1.92956e-06
1.81539e-06
1.6705e-06
1.48941e-06
1.27609e-06
1.04111e-06
8.00557e-07
5.73719e-07
3.86224e-07
2.71057e-07
2.29363e-07
1.90512e-07
9.65541e-08
8.39999e-08
4.07982e-07
9.68449e-07
1.76179e-06
2.56126e-06
2.98036e-06
2.81443e-06
2.16572e-06
1.38535e-06
5.22639e-07
5.37794e-07
2.08851e-06
1.9928e-06
1.87194e-06
1.72272e-06
1.53882e-06
1.32318e-06
1.08536e-06
8.39917e-07
6.04253e-07
4.01743e-07
2.65706e-07
2.11165e-07
1.76183e-07
1.04831e-07
1.34101e-07
4.45305e-07
1.01929e-06
1.83167e-06
2.62015e-06
2.9773e-06
2.73339e-06
2.05484e-06
1.35451e-06
7.52498e-07
9.64913e-07
2.16119e-06
2.05596e-06
1.92855e-06
1.77513e-06
1.58867e-06
1.37123e-06
1.1313e-06
8.82042e-07
6.39265e-07
4.24645e-07
2.71131e-07
2.04525e-07
1.76726e-07
1.38266e-07
1.93696e-07
4.92996e-07
1.07835e-06
1.90738e-06
2.68023e-06
2.97818e-06
2.68338e-06
2.04971e-06
1.55337e-06
1.26756e-06
1.45895e-06
2.2344e-06
2.11992e-06
1.98622e-06
1.82876e-06
1.63987e-06
1.42098e-06
1.17941e-06
9.26936e-07
6.78014e-07
4.53087e-07
2.84738e-07
2.06896e-07
1.8714e-07
1.77666e-07
2.51764e-07
5.47227e-07
1.1459e-06
1.99153e-06
2.74806e-06
2.99855e-06
2.69613e-06
2.19644e-06
1.96683e-06
1.90049e-06
2.01093e-06
2.30839e-06
2.18516e-06
2.04555e-06
1.88427e-06
1.69312e-06
1.47282e-06
1.22993e-06
9.74571e-07
7.20018e-07
4.8578e-07
3.0407e-07
2.14824e-07
2.01304e-07
2.14484e-07
3.05483e-07
6.06364e-07
1.22396e-06
2.08882e-06
2.83286e-06
3.05642e-06
2.79987e-06
2.50266e-06
2.52385e-06
2.59781e-06
2.61177e-06
2.38291e-06
2.25163e-06
2.10664e-06
1.94181e-06
1.7486e-06
1.52706e-06
1.28302e-06
1.02488e-06
7.64974e-07
5.2186e-07
3.2701e-07
2.24566e-07
2.13715e-07
2.45006e-07
3.54605e-07
6.71561e-07
1.31697e-06
2.20618e-06
2.94548e-06
3.16871e-06
3.00938e-06
2.94078e-06
3.16683e-06
3.33542e-06
3.25131e-06
2.45723e-06
2.31881e-06
2.16912e-06
2.00114e-06
1.80613e-06
1.58372e-06
1.3385e-06
1.07777e-06
8.1272e-07
5.60639e-07
3.51526e-07
2.32251e-07
2.19791e-07
2.67789e-07
4.01358e-07
7.4743e-07
1.43214e-06
2.352e-06
3.09609e-06
3.34678e-06
3.32163e-06
3.47203e-06
3.85901e-06
4.09662e-06
3.91873e-06
2.53035e-06
2.38587e-06
2.23228e-06
2.06166e-06
1.86518e-06
1.64217e-06
1.39607e-06
1.13313e-06
8.63057e-07
6.01148e-07
3.75266e-07
2.34016e-07
2.1629e-07
2.84188e-07
4.51632e-07
8.42668e-07
1.57907e-06
2.5344e-06
3.29146e-06
3.59347e-06
3.72021e-06
4.0618e-06
4.57524e-06
4.86707e-06
4.60278e-06
2.60104e-06
2.45172e-06
2.29516e-06
2.12251e-06
1.92501e-06
1.70185e-06
1.45547e-06
1.19081e-06
9.15329e-07
6.41668e-07
3.95736e-07
2.27403e-07
2.03301e-07
3.00318e-07
5.16272e-07
9.69977e-07
1.76817e-06
2.75866e-06
3.53276e-06
3.90325e-06
4.18313e-06
4.68271e-06
5.29622e-06
5.63353e-06
5.29212e-06
2.66802e-06
2.51521e-06
2.35667e-06
2.18267e-06
1.98475e-06
1.76215e-06
1.51632e-06
1.25016e-06
9.6791e-07
6.79985e-07
4.12254e-07
2.15543e-07
1.88579e-07
3.29215e-07
6.11697e-07
1.14465e-06
2.00783e-06
3.0246e-06
3.81483e-06
4.26463e-06
4.68839e-06
5.3132e-06
6.00582e-06
6.38359e-06
5.97562e-06
2.73e-06
2.57515e-06
2.41566e-06
2.24099e-06
2.04344e-06
1.82249e-06
1.57798e-06
1.30958e-06
1.01844e-06
7.15603e-07
4.30136e-07
2.1347e-07
1.94156e-07
3.93453e-07
7.60034e-07
1.38178e-06
2.30087e-06
3.32482e-06
4.12707e-06
4.66346e-06
5.21646e-06
5.93579e-06
6.68996e-06
7.10572e-06
6.64265e-06
2.78571e-06
2.63035e-06
2.4709e-06
2.29634e-06
2.1003e-06
1.8822e-06
1.63888e-06
1.3664e-06
1.06608e-06
7.54147e-07
4.63881e-07
2.50327e-07
2.6542e-07
5.32111e-07
9.8939e-07
1.69266e-06
2.64135e-06
3.64434e-06
4.45543e-06
5.08546e-06
5.75061e-06
6.5358e-06
7.33608e-06
7.78947e-06
7.28337e-06
2.83395e-06
2.67966e-06
2.52121e-06
2.34766e-06
2.15433e-06
1.93946e-06
1.69582e-06
1.41895e-06
1.11647e-06
8.10896e-07
5.38202e-07
3.77636e-07
4.73909e-07
8.04612e-07
1.33136e-06
2.08079e-06
3.01266e-06
3.96177e-06
4.78479e-06
5.51767e-06
6.27651e-06
7.1006e-06
7.93301e-06
8.42559e-06
7.88904e-06
2.87359e-06
2.72207e-06
2.56558e-06
2.39383e-06
2.20368e-06
1.99104e-06
1.7465e-06
1.47275e-06
1.18663e-06
9.14483e-07
7.11422e-07
6.88667e-07
8.95299e-07
1.26989e-06
1.8107e-06
2.53756e-06
3.38728e-06
4.25163e-06
5.10115e-06
5.94894e-06
6.78169e-06
7.61918e-06
8.47089e-06
9.00626e-06
8.45225e-06
2.90368e-06
2.75681e-06
2.60288e-06
2.4328e-06
2.24517e-06
2.03459e-06
1.79663e-06
1.54669e-06
1.31036e-06
1.13453e-06
1.10588e-06
1.27317e-06
1.57557e-06
1.95251e-06
2.42946e-06
3.03892e-06
3.72901e-06
4.48772e-06
5.39331e-06
6.36974e-06
7.25481e-06
8.08199e-06
8.94098e-06
9.52503e-06
8.96717e-06
2.92356e-06
2.78312e-06
2.63098e-06
2.46127e-06
2.27666e-06
2.07525e-06
1.86611e-06
1.67929e-06
1.56774e-06
1.60677e-06
1.82383e-06
2.15229e-06
2.49893e-06
2.82105e-06
3.15685e-06
3.5455e-06
3.9975e-06
4.64768e-06
5.65448e-06
6.77156e-06
7.68513e-06
8.48055e-06
9.33545e-06
9.97675e-06
9.42964e-06
2.93251e-06
2.7994e-06
2.64694e-06
2.47859e-06
2.30621e-06
2.13647e-06
1.99949e-06
1.96166e-06
2.10212e-06
2.42595e-06
2.84514e-06
3.2548e-06
3.57782e-06
3.78647e-06
3.91207e-06
3.99813e-06
4.15461e-06
4.719e-06
5.884e-06
7.14649e-06
8.06189e-06
8.80654e-06
9.64647e-06
1.03571e-05
9.83721e-06
2.92962e-06
2.80448e-06
2.65249e-06
2.49658e-06
2.36104e-06
2.27143e-06
2.3029e-06
2.54549e-06
2.99173e-06
3.52791e-06
4.03489e-06
4.43369e-06
4.67249e-06
4.72283e-06
4.59515e-06
4.3414e-06
4.18292e-06
4.70755e-06
6.08794e-06
7.48566e-06
8.37323e-06
9.05157e-06
9.86485e-06
1.06617e-05
1.01891e-05
2.917e-06
2.80584e-06
2.66644e-06
2.5514e-06
2.50855e-06
2.60983e-06
2.94205e-06
3.49122e-06
4.13028e-06
4.72649e-06
5.20148e-06
5.5162e-06
5.63524e-06
5.51545e-06
5.1364e-06
4.55331e-06
4.10502e-06
4.64677e-06
6.27743e-06
7.77499e-06
8.60372e-06
9.21085e-06
9.98201e-06
1.0886e-05
1.04853e-05
2.91711e-06
2.83827e-06
2.74589e-06
2.74655e-06
2.92819e-06
3.34535e-06
3.9614e-06
4.65484e-06
5.2968e-06
5.81043e-06
6.1701e-06
6.36454e-06
6.35815e-06
6.08657e-06
5.49907e-06
4.6622e-06
4.0123e-06
4.61959e-06
6.47127e-06
7.99213e-06
8.73198e-06
9.27446e-06
9.98615e-06
1.10233e-05
1.07309e-05
3.00783e-06
3.01153e-06
3.07249e-06
3.34437e-06
3.84764e-06
4.49569e-06
5.17696e-06
5.79526e-06
6.28915e-06
6.64071e-06
6.85565e-06
6.92798e-06
6.80914e-06
6.41879e-06
5.71099e-06
4.81083e-06
4.15268e-06
4.81381e-06
6.71384e-06
8.11891e-06
8.73266e-06
9.21825e-06
9.86375e-06
1.10708e-05
1.09382e-05
3.48415e-06
3.69325e-06
4.03483e-06
4.58168e-06
5.21791e-06
5.82323e-06
6.3444e-06
6.75957e-06
7.06018e-06
7.25165e-06
7.34098e-06
7.31166e-06
7.10869e-06
6.67155e-06
6.04309e-06
5.4233e-06
5.06879e-06
5.62389e-06
7.12087e-06
8.1715e-06
8.59239e-06
9.00804e-06
9.62383e-06
1.10092e-05
1.12861e-05
4.96203e-06
5.30047e-06
5.73301e-06
6.25718e-06
6.73516e-06
7.12268e-06
7.4349e-06
7.68573e-06
7.86934e-06
7.97555e-06
7.99684e-06
7.92084e-06
7.72849e-06
7.44461e-06
7.23268e-06
7.27494e-06
7.51766e-06
7.7287e-06
8.02103e-06
8.24537e-06
8.31856e-06
8.57128e-06
9.30924e-06
1.0867e-05
1.20617e-05
7.46645e-06
7.57811e-06
7.8267e-06
8.1733e-06
8.49052e-06
8.72344e-06
8.93188e-06
9.14444e-06
9.34564e-06
9.51843e-06
9.654e-06
9.7487e-06
9.85641e-06
1.00879e-05
1.06223e-05
1.15146e-05
1.2293e-05
1.18409e-05
1.01992e-05
8.69347e-06
8.00794e-06
7.76226e-06
9.13848e-06
1.014e-05
1.51742e-05
9.94236e-06
9.48151e-06
9.40611e-06
9.58279e-06
9.81323e-06
1.00572e-05
1.03257e-05
1.05812e-05
1.07991e-05
1.09959e-05
1.12148e-05
1.15163e-05
1.19394e-05
1.2537e-05
1.33542e-05
1.42927e-05
1.49626e-05
1.47536e-05
1.32653e-05
1.07839e-05
8.68801e-06
6.99322e-06
8.81742e-06
1.08286e-05
1.4821e-05
1.8605e-05
2.09976e-05
2.36821e-05
2.58356e-05
2.74061e-05
2.85883e-05
2.94434e-05
3.0006e-05
3.03981e-05
3.08363e-05
3.15959e-05
3.29543e-05
3.51391e-05
3.83259e-05
4.25631e-05
4.75491e-05
5.23798e-05
5.53793e-05
5.36194e-05
4.42079e-05
3.0308e-05
1.57062e-05
1.65088e-05
7.70354e-06
4.83098e-05
)
;

boundaryField
{
    inlet
    {
        type            calculated;
        value           nonuniform List<scalar> 
30
(
5.84727e-29
1.95791e-30
1.63181e-31
3.05699e-31
2.22972e-31
1.58885e-31
1.19076e-31
9.25459e-32
7.31761e-32
5.8177e-32
4.60785e-32
3.60221e-32
2.75497e-32
2.06266e-32
1.6065e-32
1.58445e-32
2.01204e-32
2.69091e-32
3.52965e-32
4.52798e-32
5.731e-32
7.22439e-32
9.15556e-32
1.18042e-31
1.57837e-31
2.21945e-31
3.04598e-31
1.62413e-31
1.9571e-30
5.84712e-29
)
;
    }
    outlet
    {
        type            calculated;
        value           nonuniform List<scalar> 
57
(
2.68312e-29
6.16492e-30
7.17402e-30
6.02414e-30
4.94768e-30
3.86712e-30
2.82457e-30
1.92015e-30
1.23388e-30
7.87936e-31
5.56451e-31
4.73989e-31
4.50748e-31
4.36477e-31
4.21775e-31
4.06724e-31
3.90888e-31
3.73503e-31
3.54411e-31
3.33993e-31
3.12735e-31
2.90806e-31
2.67688e-31
2.41939e-31
2.11174e-31
1.72686e-31
1.25638e-31
8.14803e-32
1.02062e-31
1.79246e-31
2.8563e-31
4.1758e-31
5.74344e-31
7.5467e-31
9.56305e-31
1.17613e-30
1.41051e-30
1.65548e-30
1.90696e-30
2.16083e-30
2.41307e-30
2.65984e-30
2.89758e-30
3.12313e-30
3.33379e-30
3.52741e-30
3.7024e-30
3.85776e-30
3.99303e-30
4.10798e-30
4.20404e-30
4.2847e-30
4.408e-30
4.65767e-30
5.63291e-30
5.35245e-30
1.57438e-29
)
;
    }
    upperWall
    {
        type            nutkWallFunction;
        blending        stepwise;
        value           nonuniform List<scalar> 
223
(
3.24032e-06
2.64733e-06
2.31445e-06
2.00031e-06
1.68154e-06
1.37701e-06
1.09134e-06
8.20396e-07
5.61558e-07
3.14372e-07
7.92184e-08
0
0
0
0
0
0
0
0
0
0
0
0
0
0
0
0
0
0
0
0
0
0
0
0
0
0
0
0
0
0
0
0
0
0
0
0
0
0
0
0
0
0
0
0
0
0
0
0
0
0
0
0
0
0
0
0
0
0
0
0
0
0
0
0
0
0
0
0
0
0
0
0
0
0
0
0
0
0
0
0
0
0
0
0
0
0
0
0
0
0
0
0
0
0
0
0
0
0
0
0
0
0
0
0
0
0
0
0
0
0
0
0
0
0
0
0
0
0
0
0
0
0
0
0
0
0
0
0
0
0
0
0
0
0
0
0
0
0
0
0
0
0
0
0
0
0
0
0
0
0
0
0
0
0
0
0
0
0
0
0
0
0
0
0
0
0
0
0
0
0
0
0
0
0
0
0
0
0
0
0
0
0
0
0
0
0
0
0
0
0
0
0
0
0
0
0
0
0
0
0
0
0
0
0
0
0
0
0
0
0
0
0
)
;
    }
    lowerWall
    {
        type            nutkWallFunction;
        blending        stepwise;
        value           nonuniform List<scalar> 
250
(
3.24084e-06
2.64784e-06
2.31446e-06
1.99874e-06
1.67711e-06
1.36847e-06
1.07742e-06
7.998e-07
5.3301e-07
2.76465e-07
3.10893e-08
0
0
0
0
0
0
0
0
0
0
0
0
0
0
0
0
0
0
0
0
0
0
0
0
0
0
0
0
0
0
0
0
0
0
0
0
0
0
0
0
0
0
0
0
0
0
0
0
0
0
0
0
0
0
0
0
0
0
0
0
0
0
0
0
7.51434e-08
6.28433e-07
1.04043e-06
1.33347e-06
1.52689e-06
1.63601e-06
1.67389e-06
1.65209e-06
1.58362e-06
1.47388e-06
1.32301e-06
1.13376e-06
9.07297e-07
6.43554e-07
3.41167e-07
0
0
0
0
0
0
0
0
0
0
0
0
0
0
0
0
0
0
0
0
0
0
0
0
0
0
0
0
0
0
0
0
0
0
0
0
0
0
0
0
0
0
0
0
0
0
0
0
0
0
0
0
0
0
0
0
0
0
0
0
0
0
0
0
0
0
0
0
0
0
0
0
0
0
0
0
0
0
0
0
0
0
0
0
0
0
0
0
0
0
0
0
0
0
0
0
0
0
0
0
0
0
0
0
0
0
0
0
0
0
0
0
0
0
0
0
0
0
0
0
0
0
0
0
0
0
0
0
0
0
0
0
0
0
0
0
0
0
0
0
0
0
0
0
0
0
0
0
0
0
0
0
0
0
0
9.82638e-09
1.18597e-07
0
0
0
)
;
    }
    frontAndBack
    {
        type            empty;
    }
}


// ************************************************************************* //
