/*--------------------------------*- C++ -*----------------------------------*\
| =========                 |                                                 |
| \\      /  F ield         | OpenFOAM: The Open Source CFD Toolbox           |
|  \\    /   O peration     | Version:  2406                                  |
|   \\  /    A nd           | Website:  www.openfoam.com                      |
|    \\/     M anipulation  |                                                 |
\*---------------------------------------------------------------------------*/
FoamFile
{
    version     2.0;
    format      ascii;
    arch        "LSB;label=32;scalar=64";
    class       surfaceScalarField;
    location    "0.25";
    object      phi;
}
// * * * * * * * * * * * * * * * * * * * * * * * * * * * * * * * * * * * * * //

dimensions      [0 3 -1 0 0 0 0];

oriented        oriented;

internalField   nonuniform List<scalar> 
24170
(
1.38658e-06
5.2749e-08
1.32774e-06
5.88479e-08
1.27692e-06
5.08149e-08
1.23348e-06
4.34426e-08
1.19601e-06
3.74679e-08
1.16355e-06
3.24603e-08
1.13516e-06
2.8388e-08
1.10991e-06
2.52528e-08
1.08695e-06
2.29589e-08
1.06556e-06
2.13955e-08
1.04502e-06
2.05379e-08
1.02471e-06
2.0305e-08
1.00416e-06
2.05495e-08
9.82977e-07
2.11861e-08
9.60763e-07
2.22136e-08
9.37239e-07
2.35248e-08
9.11536e-07
2.57024e-08
2.52796e-08
8.86257e-07
1.47049e-06
2.15899e-08
1.49184e-06
3.74956e-08
1.50293e-06
3.97256e-08
1.5068e-06
3.9574e-08
1.50527e-06
3.89963e-08
1.50001e-06
3.77204e-08
1.49237e-06
3.60342e-08
1.48323e-06
3.43861e-08
1.47318e-06
3.30175e-08
1.46255e-06
3.20203e-08
1.45163e-06
3.14611e-08
1.44055e-06
3.13841e-08
1.42931e-06
3.17889e-08
1.41782e-06
3.26709e-08
1.40598e-06
3.406e-08
1.39351e-06
3.5996e-08
1.38064e-06
3.85732e-08
4.19132e-08
1.364e-06
1.44768e-06
1.32408e-08
1.45714e-06
2.80429e-08
1.46518e-06
3.16838e-08
1.47248e-06
3.22694e-08
1.47894e-06
3.2538e-08
1.4843e-06
3.23601e-08
1.48857e-06
3.17618e-08
1.49187e-06
3.109e-08
1.49429e-06
3.0598e-08
1.49592e-06
3.03931e-08
1.49684e-06
3.05328e-08
1.49716e-06
3.10648e-08
1.49693e-06
3.20188e-08
1.49618e-06
3.34191e-08
1.49494e-06
3.53089e-08
1.49317e-06
3.77587e-08
1.49087e-06
4.08752e-08
4.47738e-08
1.48801e-06
1.44343e-06
9.14078e-09
1.44924e-06
2.22411e-08
1.4538e-06
2.7118e-08
1.45758e-06
2.84882e-08
1.46101e-06
2.91075e-08
1.46406e-06
2.93092e-08
1.46671e-06
2.91133e-08
1.46901e-06
2.87896e-08
1.47102e-06
2.85928e-08
1.47276e-06
2.86472e-08
1.47429e-06
2.90093e-08
1.47563e-06
2.97199e-08
1.47684e-06
3.08105e-08
1.47795e-06
3.23078e-08
1.47901e-06
3.42461e-08
1.48011e-06
3.66677e-08
1.48134e-06
3.96424e-08
4.31444e-08
1.48297e-06
1.44165e-06
6.82637e-09
1.44607e-06
1.78164e-08
1.45005e-06
2.31391e-08
1.45337e-06
2.51688e-08
1.45633e-06
2.61507e-08
1.45893e-06
2.67074e-08
1.46113e-06
2.69143e-08
1.46296e-06
2.69574e-08
1.46449e-06
2.70589e-08
1.46579e-06
2.73522e-08
1.4669e-06
2.78989e-08
1.46788e-06
2.8736e-08
1.4688e-06
2.98918e-08
1.46972e-06
3.13874e-08
1.47073e-06
3.3241e-08
1.47193e-06
3.54633e-08
1.4735e-06
3.80771e-08
4.10044e-08
1.47564e-06
1.4408e-06
5.36351e-09
1.44415e-06
1.44662e-08
1.44759e-06
1.97002e-08
1.45061e-06
2.21454e-08
1.45334e-06
2.34192e-08
1.45582e-06
2.42309e-08
1.458e-06
2.47321e-08
1.4599e-06
2.50597e-08
1.46156e-06
2.53939e-08
1.46305e-06
2.58637e-08
1.46442e-06
2.65338e-08
1.46571e-06
2.74372e-08
1.46701e-06
2.85949e-08
1.46838e-06
3.00182e-08
1.46991e-06
3.17094e-08
1.47172e-06
3.36567e-08
1.47395e-06
3.58484e-08
3.819e-08
1.47676e-06
1.44036e-06
4.34002e-09
1.44291e-06
1.19157e-08
1.44582e-06
1.6783e-08
1.44856e-06
1.94086e-08
1.4511e-06
2.08782e-08
1.45348e-06
2.18529e-08
1.45567e-06
2.25419e-08
1.45767e-06
2.30633e-08
1.4595e-06
2.35583e-08
1.46123e-06
2.41406e-08
1.46289e-06
2.48719e-08
1.46454e-06
2.578e-08
1.46626e-06
2.68773e-08
1.46812e-06
2.81645e-08
1.47019e-06
2.96315e-08
1.4726e-06
3.12526e-08
1.47545e-06
3.29985e-08
3.47792e-08
1.47886e-06
1.4401e-06
3.57195e-09
1.4421e-06
9.91606e-09
1.44459e-06
1.42915e-08
1.44709e-06
1.69094e-08
1.44949e-06
1.84781e-08
1.4518e-06
1.95482e-08
1.45399e-06
2.03506e-08
1.45605e-06
2.09962e-08
1.45802e-06
2.1594e-08
1.45992e-06
2.22372e-08
1.46181e-06
2.29798e-08
1.46375e-06
2.38442e-08
1.46579e-06
2.4835e-08
1.46801e-06
2.5945e-08
1.47049e-06
2.71556e-08
1.47331e-06
2.84341e-08
1.47656e-06
2.97421e-08
3.09979e-08
1.48034e-06
1.43994e-06
2.96182e-09
1.44157e-06
8.28548e-09
1.44374e-06
1.21293e-08
1.44603e-06
1.4611e-08
1.44832e-06
1.61919e-08
1.45057e-06
1.73008e-08
1.45276e-06
1.81579e-08
1.45489e-06
1.88684e-08
1.45697e-06
1.95172e-08
1.45903e-06
2.01769e-08
1.46111e-06
2.08916e-08
1.46328e-06
2.16779e-08
1.46558e-06
2.25349e-08
1.46808e-06
2.34495e-08
1.47083e-06
2.43986e-08
1.47392e-06
2.53475e-08
1.47741e-06
2.62566e-08
2.7059e-08
1.48134e-06
1.43984e-06
2.4527e-09
1.44123e-06
6.90257e-09
1.44314e-06
1.02137e-08
1.44528e-06
1.24762e-08
1.44747e-06
1.39959e-08
1.44968e-06
1.50924e-08
1.45188e-06
1.5957e-08
1.45406e-06
1.66852e-08
1.45624e-06
1.73435e-08
1.45843e-06
1.79862e-08
1.46067e-06
1.86463e-08
1.46302e-06
1.93348e-08
1.46551e-06
2.00462e-08
1.46819e-06
2.07644e-08
1.47113e-06
2.14644e-08
1.47436e-06
2.21135e-08
1.47794e-06
2.26745e-08
2.30953e-08
1.48191e-06
1.43978e-06
2.00946e-09
1.44099e-06
5.68579e-09
1.44273e-06
8.47579e-09
1.44474e-06
1.04669e-08
1.44687e-06
1.18676e-08
1.44905e-06
1.29085e-08
1.45127e-06
1.37437e-08
1.4535e-06
1.44544e-08
1.45575e-06
1.50916e-08
1.45804e-06
1.56934e-08
1.46041e-06
1.62825e-08
1.46288e-06
1.6864e-08
1.46549e-06
1.74294e-08
1.4683e-06
1.79613e-08
1.47132e-06
1.84355e-08
1.47462e-06
1.88228e-08
1.4782e-06
1.90912e-08
1.92023e-08
1.48209e-06
1.43973e-06
1.60903e-09
1.44084e-06
4.57831e-09
1.44246e-06
6.86012e-09
1.44438e-06
8.5477e-09
1.44646e-06
9.78664e-09
1.44863e-06
1.07376e-08
1.45086e-06
1.15154e-08
1.45313e-06
1.21834e-08
1.45544e-06
1.27781e-08
1.45781e-06
1.3324e-08
1.46026e-06
1.38341e-08
1.46281e-06
1.43083e-08
1.46551e-06
1.47361e-08
1.46837e-06
1.51e-08
1.47143e-06
1.53782e-08
1.4747e-06
1.5546e-08
1.47822e-06
1.55773e-08
1.5446e-08
1.48197e-06
1.43971e-06
1.2352e-09
1.44075e-06
3.53884e-09
1.44228e-06
5.32217e-09
1.44415e-06
6.68618e-09
1.4462e-06
7.73358e-09
1.44837e-06
8.56911e-09
1.45061e-06
9.26972e-09
1.45292e-06
9.87829e-09
1.45528e-06
1.04176e-08
1.4577e-06
1.09005e-08
1.46021e-06
1.1331e-08
1.46281e-06
1.17047e-08
1.46554e-06
1.20096e-08
1.46841e-06
1.22291e-08
1.47144e-06
1.23444e-08
1.47465e-06
1.23355e-08
1.47805e-06
1.21823e-08
1.1869e-08
1.48162e-06
1.43969e-06
8.75745e-10
1.4407e-06
2.53569e-09
1.44219e-06
3.82532e-09
1.44403e-06
4.85317e-09
1.44607e-06
5.68975e-09
1.44825e-06
6.39302e-09
1.45051e-06
7.00388e-09
1.45285e-06
7.54404e-09
1.45524e-06
8.02273e-09
1.4577e-06
8.44213e-09
1.46023e-06
8.79877e-09
1.46285e-06
9.08395e-09
1.46558e-06
9.28488e-09
1.46842e-06
9.38642e-09
1.47139e-06
9.37262e-09
1.4745e-06
9.22834e-09
1.47774e-06
8.93894e-09
8.49704e-09
1.48111e-06
1.43969e-06
5.20675e-10
1.44068e-06
1.54266e-09
1.44217e-06
2.33786e-09
1.444e-06
3.02162e-09
1.44605e-06
3.63678e-09
1.44825e-06
4.19909e-09
1.45054e-06
4.71477e-09
1.4529e-06
5.18422e-09
1.45532e-06
5.60344e-09
1.45779e-06
5.96481e-09
1.46033e-06
6.25797e-09
1.46295e-06
6.47057e-09
1.46564e-06
6.58921e-09
1.46843e-06
6.60028e-09
1.47131e-06
6.49079e-09
1.47429e-06
6.2499e-09
1.47736e-06
5.86774e-09
5.34355e-09
1.48051e-06
1.43969e-06
1.61053e-10
1.4407e-06
5.36008e-10
1.44221e-06
8.30371e-10
1.44406e-06
1.16545e-09
1.44614e-06
1.5563e-09
1.44837e-06
1.9766e-09
1.45068e-06
2.39824e-09
1.45307e-06
2.80072e-09
1.4555e-06
3.16725e-09
1.45799e-06
3.48093e-09
1.46052e-06
3.72488e-09
1.46311e-06
3.88353e-09
1.46575e-06
3.94302e-09
1.46846e-06
3.89135e-09
1.47123e-06
3.71795e-09
1.47407e-06
3.41601e-09
1.47696e-06
2.97951e-09
2.41269e-09
1.47989e-06
1.43971e-06
-2.12048e-10
1.44075e-06
-5.07967e-10
1.44231e-06
-7.26643e-10
1.44421e-06
-7.41674e-10
1.44634e-06
-5.70591e-10
1.4486e-06
-2.85971e-10
1.45095e-06
4.89355e-11
1.45336e-06
3.93658e-10
1.45581e-06
7.19256e-10
1.45829e-06
9.9968e-10
1.4608e-06
1.21172e-09
1.46335e-06
1.33683e-09
1.46593e-06
1.36085e-09
1.46855e-06
1.27377e-09
1.4712e-06
1.06604e-09
1.47388e-06
7.35207e-10
1.47658e-06
2.77932e-10
-2.97641e-10
1.47929e-06
1.43973e-06
-6.08722e-10
1.44084e-06
-1.61564e-09
1.44248e-06
-2.36526e-09
1.44446e-06
-2.72758e-09
1.44666e-06
-2.76363e-09
1.44897e-06
-2.60112e-09
1.45136e-06
-2.33983e-09
1.45379e-06
-2.0385e-09
1.45625e-06
-1.73759e-09
1.45872e-06
-1.47254e-09
1.4612e-06
-1.27284e-09
1.4637e-06
-1.15963e-09
1.46621e-06
-1.14711e-09
1.46873e-06
-1.24457e-09
1.47125e-06
-1.45818e-09
1.47378e-06
-1.78929e-09
1.47629e-06
-2.23811e-09
-2.79393e-09
1.47879e-06
1.43977e-06
-1.04129e-09
1.44097e-06
-2.81891e-09
1.44273e-06
-4.12264e-09
1.44482e-06
-4.82263e-09
1.4471e-06
-5.04369e-09
1.44948e-06
-4.98256e-09
1.45192e-06
-4.77628e-09
1.45438e-06
-4.49897e-09
1.45684e-06
-4.20222e-09
1.4593e-06
-3.93166e-09
1.46175e-06
-3.72304e-09
1.46419e-06
-3.59963e-09
1.46662e-06
-3.57535e-09
1.46904e-06
-3.65839e-09
1.47143e-06
-3.85296e-09
1.4738e-06
-4.15884e-09
1.47614e-06
-4.57408e-09
-5.08607e-09
1.47843e-06
1.43982e-06
-1.52601e-09
1.44116e-06
-4.15924e-09
1.44308e-06
-6.04389e-09
1.44532e-06
-7.06049e-09
1.44771e-06
-7.43283e-09
1.45017e-06
-7.44538e-09
1.45266e-06
-7.27023e-09
1.45516e-06
-6.99249e-09
1.45763e-06
-6.6753e-09
1.46007e-06
-6.37578e-09
1.46249e-06
-6.13574e-09
1.46487e-06
-5.97972e-09
1.46721e-06
-5.92099e-09
1.46952e-06
-5.96662e-09
1.47179e-06
-6.11938e-09
1.47401e-06
-6.37759e-09
1.47617e-06
-6.73784e-09
-7.18608e-09
1.47827e-06
1.43989e-06
-2.08597e-09
1.44143e-06
-5.69356e-09
1.44357e-06
-8.18505e-09
1.44599e-06
-9.47817e-09
1.44851e-06
-9.95434e-09
1.45107e-06
-1.00063e-08
1.45363e-06
-9.83265e-09
1.45616e-06
-9.52439e-09
1.45865e-06
-9.15838e-09
1.46108e-06
-8.80471e-09
1.46345e-06
-8.51023e-09
1.46577e-06
-8.29944e-09
1.46803e-06
-8.18443e-09
1.47024e-06
-8.17115e-09
1.47238e-06
-8.26119e-09
1.47445e-06
-8.45166e-09
1.47645e-06
-8.73826e-09
-9.10657e-09
1.47837e-06
1.44e-06
-2.75626e-09
1.44181e-06
-7.5033e-09
1.44424e-06
-1.06152e-08
1.44688e-06
-1.21148e-08
1.44956e-06
-1.26333e-08
1.45224e-06
-1.26849e-08
1.45488e-06
-1.24762e-08
1.45746e-06
-1.21001e-08
1.45995e-06
-1.16526e-08
1.46236e-06
-1.12179e-08
1.4647e-06
-1.08459e-08
1.46696e-06
-1.05591e-08
1.46914e-06
-1.03677e-08
1.47125e-06
-1.02764e-08
1.47327e-06
-1.02854e-08
1.47521e-06
-1.0391e-08
1.47706e-06
-1.0588e-08
-1.08605e-08
1.47882e-06
1.44017e-06
-3.59367e-09
1.44238e-06
-9.7094e-09
1.44518e-06
-1.34169e-08
1.44807e-06
-1.50081e-08
1.45093e-06
-1.54955e-08
1.45375e-06
-1.55037e-08
1.45649e-06
-1.52157e-08
1.45912e-06
-1.47277e-08
1.46163e-06
-1.41622e-08
1.46403e-06
-1.36178e-08
1.46633e-06
-1.31436e-08
1.46853e-06
-1.27588e-08
1.47063e-06
-1.24714e-08
1.47264e-06
-1.22838e-08
1.47455e-06
-1.21946e-08
1.47636e-06
-1.21995e-08
1.47806e-06
-1.22945e-08
-1.24663e-08
1.47967e-06
1.44044e-06
-4.69544e-09
1.44322e-06
-1.24929e-08
1.44649e-06
-1.66854e-08
1.44967e-06
-1.81942e-08
1.45275e-06
-1.85683e-08
1.45572e-06
-1.84818e-08
1.45857e-06
-1.80582e-08
1.46125e-06
-1.7409e-08
1.46378e-06
-1.66908e-08
1.46617e-06
-1.60106e-08
1.46844e-06
-1.54124e-08
1.47059e-06
-1.49102e-08
1.47263e-06
-1.45088e-08
1.47455e-06
-1.42078e-08
1.47636e-06
-1.40034e-08
1.47805e-06
-1.38911e-08
1.47962e-06
-1.38676e-08
-1.3917e-08
1.48107e-06
1.44088e-06
-6.24512e-09
1.44449e-06
-1.61012e-08
1.44832e-06
-2.05154e-08
1.45185e-06
-2.17207e-08
1.45518e-06
-2.19009e-08
1.45834e-06
-2.16456e-08
1.46129e-06
-2.10009e-08
1.464e-06
-2.01251e-08
1.46652e-06
-1.92125e-08
1.46888e-06
-1.83683e-08
1.4711e-06
-1.7625e-08
1.47318e-06
-1.69903e-08
1.47513e-06
-1.64636e-08
1.47696e-06
-1.60382e-08
1.47866e-06
-1.57064e-08
1.48024e-06
-1.54643e-08
1.48168e-06
-1.5315e-08
-1.52526e-08
1.48302e-06
1.44174e-06
-8.65425e-09
1.44645e-06
-2.08079e-08
1.45086e-06
-2.49246e-08
1.45474e-06
-2.55977e-08
1.45836e-06
-2.55305e-08
1.46174e-06
-2.50251e-08
1.46482e-06
-2.40729e-08
1.46761e-06
-2.29143e-08
1.47017e-06
-2.17731e-08
1.47254e-06
-2.07403e-08
1.47475e-06
-1.98358e-08
1.47682e-06
-1.90613e-08
1.47876e-06
-1.84068e-08
1.48058e-06
-1.78544e-08
1.48226e-06
-1.73886e-08
1.48381e-06
-1.70091e-08
1.48521e-06
-1.672e-08
-1.65365e-08
1.4865e-06
1.44354e-06
-1.2857e-08
1.44964e-06
-2.69126e-08
1.45467e-06
-2.99492e-08
1.45904e-06
-2.99685e-08
1.46317e-06
-2.96673e-08
1.46704e-06
-2.88905e-08
1.4706e-06
-2.76374e-08
1.47392e-06
-2.62264e-08
1.47702e-06
-2.48786e-08
1.47994e-06
-2.36637e-08
1.4827e-06
-2.25967e-08
1.48532e-06
-2.16789e-08
1.4878e-06
-2.08877e-08
1.49014e-06
-2.01871e-08
1.49229e-06
-1.95467e-08
1.49427e-06
-1.89837e-08
1.49605e-06
-1.85041e-08
-1.82037e-08
1.49772e-06
1.44778e-06
-2.13e-08
1.4575e-06
-3.66408e-08
1.46595e-06
-3.83975e-08
1.47378e-06
-3.77959e-08
1.48088e-06
-3.67685e-08
1.48701e-06
-3.50215e-08
1.49219e-06
-3.28174e-08
1.49654e-06
-3.05767e-08
1.50017e-06
-2.85087e-08
1.50318e-06
-2.66664e-08
1.50565e-06
-2.50703e-08
1.50769e-06
-2.37191e-08
1.50936e-06
-2.25595e-08
1.51069e-06
-2.15136e-08
1.51165e-06
-2.05049e-08
1.5122e-06
-1.9533e-08
1.51223e-06
-1.85381e-08
-1.82639e-08
1.51229e-06
1.47049e-06
-5.24524e-08
1.49205e-06
-5.82064e-08
1.50355e-06
-4.98975e-08
1.50803e-06
-4.22772e-08
1.50732e-06
-3.60576e-08
1.50309e-06
-3.07861e-08
1.49668e-06
-2.64108e-08
1.48902e-06
-2.29131e-08
1.48068e-06
-2.01729e-08
1.47206e-06
-1.80447e-08
1.46345e-06
-1.64612e-08
1.45506e-06
-1.53286e-08
1.44697e-06
-1.44732e-08
1.43919e-06
-1.37354e-08
1.43166e-06
-1.29715e-08
1.4242e-06
-1.20673e-08
1.41591e-06
-1.0248e-08
-9.69978e-09
1.40734e-06
1.38688e-06
1.32867e-06
1.27878e-06
1.2365e-06
1.20044e-06
1.16966e-06
1.14325e-06
1.12033e-06
1.10016e-06
1.08211e-06
1.06565e-06
1.05032e-06
1.03585e-06
1.02212e-06
1.00914e-06
9.97077e-07
9.86829e-07
9.7713e-07
1.20405e-08
-1.20405e-08
7.34001e-08
-6.13595e-08
1.57086e-07
-8.36858e-08
2.28268e-07
-7.11821e-08
2.71329e-07
-4.30614e-08
2.84825e-07
-1.34958e-08
2.73131e-07
1.16943e-08
2.41958e-07
3.11732e-08
1.9912e-07
4.28377e-08
1.51372e-07
4.77482e-08
1.0323e-07
4.8142e-08
5.68949e-08
4.63349e-08
1.26437e-08
4.42512e-08
-3.047e-08
4.31137e-08
-7.35147e-08
4.30448e-08
-1.16371e-07
4.28563e-08
-1.56836e-07
4.04647e-08
-1.90891e-07
3.40557e-08
-2.14188e-07
2.32966e-08
-2.23544e-07
9.35643e-09
-2.15439e-07
-8.10565e-09
-1.92978e-07
-2.24605e-08
-1.58682e-07
-3.42967e-08
-1.19417e-07
-3.9265e-08
-8.72681e-08
-3.21486e-08
-7.06882e-08
-1.65799e-08
-7.04021e-08
-2.86084e-10
-7.94024e-08
9.0003e-09
-8.44898e-08
5.08743e-09
-7.73154e-08
-7.1744e-09
-5.84233e-08
-1.88921e-08
-2.55877e-08
-3.28357e-08
2.10028e-08
-4.65905e-08
7.96567e-08
-5.86539e-08
1.43743e-07
-6.40861e-08
2.03559e-07
-5.98162e-08
2.49505e-07
-4.59458e-08
2.76966e-07
-2.74616e-08
2.8963e-07
-1.26635e-08
2.97165e-07
-7.5354e-09
3.07392e-07
-1.02269e-08
3.20629e-07
-1.32365e-08
3.25737e-07
-5.10796e-09
3.05616e-07
2.01208e-08
2.38396e-07
6.722e-08
1.15174e-07
1.23222e-07
-5.69764e-08
1.72151e-07
-2.52289e-07
1.95312e-07
-4.45726e-07
1.93437e-07
-6.21757e-07
1.76031e-07
-7.72652e-07
1.50895e-07
-8.96059e-07
1.23407e-07
-9.92798e-07
9.67387e-08
-1.06526e-06
7.24598e-08
-1.11642e-06
5.11587e-08
-1.14936e-06
3.29446e-08
-1.16711e-06
1.77477e-08
-1.17272e-06
5.61446e-09
-1.16919e-06
-3.53076e-09
-1.15893e-06
-1.02637e-08
-1.14332e-06
-1.56075e-08
-1.12333e-06
-1.99957e-08
-1.09962e-06
-2.37052e-08
-1.07266e-06
-2.69578e-08
-1.04272e-06
-2.99431e-08
-1.0099e-06
-3.28221e-08
-9.74171e-07
-3.57261e-08
-9.35416e-07
-3.87549e-08
-8.93442e-07
-4.19748e-08
-8.48025e-07
-4.54168e-08
-7.9895e-07
-4.90751e-08
-7.46044e-07
-5.29054e-08
-6.89218e-07
-5.68266e-08
-6.28493e-07
-6.07246e-08
-5.64032e-07
-6.44612e-08
-4.96143e-07
-6.78886e-08
-4.25285e-07
-7.0858e-08
-3.52043e-07
-7.32427e-08
-2.77097e-07
-7.49452e-08
-2.01216e-07
-7.58812e-08
-1.25195e-07
-7.60216e-08
-4.99565e-08
-7.52381e-08
2.32422e-08
-7.31987e-08
9.3342e-08
-7.00998e-08
1.59954e-07
-6.66123e-08
2.22718e-07
-6.27639e-08
2.81276e-07
-5.85583e-08
3.35356e-07
-5.40798e-08
3.84772e-07
-4.94153e-08
4.29411e-07
-4.46398e-08
4.69228e-07
-3.98162e-08
5.04221e-07
-3.49938e-08
5.34429e-07
-3.02078e-08
5.59908e-07
-2.54785e-08
5.80728e-07
-2.08204e-08
5.96994e-07
-1.6266e-08
6.08755e-07
-1.17604e-08
6.15592e-07
-6.83724e-09
6.16727e-07
-1.13501e-09
6.12049e-07
4.67811e-09
6.02295e-07
9.75322e-09
5.88315e-07
1.39806e-08
5.7089e-07
1.74246e-08
5.50768e-07
2.01227e-08
5.28641e-07
2.21268e-08
5.05139e-07
2.35015e-08
4.80826e-07
2.43136e-08
4.56194e-07
2.46316e-08
4.31668e-07
2.45262e-08
4.07599e-07
2.40685e-08
3.84271e-07
2.33283e-08
3.619e-07
2.23713e-08
3.40642e-07
2.12577e-08
3.20602e-07
2.00398e-08
3.0184e-07
1.87617e-08
2.84382e-07
1.74585e-08
2.68225e-07
1.61569e-08
2.53349e-07
1.48761e-08
2.3972e-07
1.3629e-08
2.27296e-07
1.24238e-08
2.16031e-07
1.12654e-08
2.05874e-07
1.01564e-08
1.96776e-07
9.09825e-09
1.88685e-07
8.09165e-09
1.81547e-07
7.13717e-09
1.75312e-07
6.2353e-09
1.69925e-07
5.38659e-09
1.65334e-07
4.59158e-09
1.61483e-07
3.85074e-09
1.58319e-07
3.16444e-09
1.55786e-07
2.53286e-09
1.5383e-07
1.9559e-09
1.52397e-07
1.43324e-09
1.51432e-07
9.64371e-10
1.50884e-07
5.48325e-10
1.50705e-07
1.78862e-10
1.50833e-07
-1.28349e-10
1.51217e-07
-3.83172e-10
1.51825e-07
-6.08682e-10
1.52619e-07
-7.93749e-10
1.53569e-07
-9.49763e-10
1.54644e-07
-1.07541e-09
1.55816e-07
-1.17159e-09
1.57057e-07
-1.24084e-09
1.58342e-07
-1.28567e-09
1.59651e-07
-1.30858e-09
1.60963e-07
-1.31211e-09
1.62262e-07
-1.29868e-09
1.63532e-07
-1.27064e-09
1.64762e-07
-1.23012e-09
1.65941e-07
-1.17901e-09
1.6706e-07
-1.119e-09
1.68112e-07
-1.05149e-09
1.6909e-07
-9.77667e-10
1.69988e-07
-8.98412e-10
1.70802e-07
-8.14354e-10
1.71528e-07
-7.25802e-10
1.72161e-07
-6.3275e-10
1.72696e-07
-5.34842e-10
1.73127e-07
-4.31288e-10
1.73448e-07
-3.20974e-10
1.73651e-07
-2.03089e-10
1.73725e-07
-7.37151e-11
1.73673e-07
5.2003e-11
1.73488e-07
1.85335e-10
1.73163e-07
3.24273e-10
1.72691e-07
4.72656e-10
1.72058e-07
6.32844e-10
1.71251e-07
8.07093e-10
1.70253e-07
9.97784e-10
1.69045e-07
1.20755e-09
1.67606e-07
1.43958e-09
1.65909e-07
1.69725e-09
1.63922e-07
1.98638e-09
1.61614e-07
2.30787e-09
1.58928e-07
2.68579e-09
1.55863e-07
3.06514e-09
1.522e-07
3.66381e-09
1.48514e-07
3.68535e-09
5.99941e-09
1.42515e-07
4.11155e-08
-5.31561e-08
1.43141e-07
-1.63385e-07
2.46904e-07
-1.87448e-07
3.25045e-07
-1.49324e-07
3.7147e-07
-8.94863e-08
3.8888e-07
-3.09058e-08
3.84892e-07
1.5682e-08
3.63464e-07
5.26016e-08
3.30291e-07
7.60104e-08
2.89595e-07
8.84446e-08
2.4524e-07
9.24973e-08
2.00334e-07
9.12402e-08
1.56896e-07
8.76894e-08
1.15785e-07
8.42247e-08
7.70199e-08
8.181e-08
4.02886e-08
7.95875e-08
5.42832e-09
7.5325e-08
-2.68719e-08
6.63559e-08
-5.44715e-08
5.08962e-08
-7.44058e-08
2.92907e-08
-8.74238e-08
4.91234e-09
-9.10128e-08
-1.88714e-08
-8.33826e-08
-4.19268e-08
-6.63833e-08
-5.62643e-08
-4.25596e-08
-5.59723e-08
-2.0217e-08
-3.89225e-08
-1.61157e-09
-1.88915e-08
1.79981e-08
-1.06094e-08
3.92852e-08
-1.61997e-08
6.14854e-08
-2.93745e-08
9.09659e-08
-4.83727e-08
1.28096e-07
-6.99655e-08
1.72326e-07
-9.08213e-08
2.21583e-07
-1.0791e-07
2.73898e-07
-1.16401e-07
3.24761e-07
-1.1068e-07
3.67742e-07
-8.89261e-08
3.98222e-07
-5.79419e-08
4.16832e-07
-3.12732e-08
4.28252e-07
-1.89554e-08
4.30929e-07
-1.29048e-08
4.07431e-07
1.02615e-08
3.2094e-07
8.13835e-08
1.44632e-07
1.96429e-07
-1.03738e-07
3.1559e-07
-3.72395e-07
3.91879e-07
-6.17531e-07
4.17287e-07
-8.21813e-07
3.99594e-07
-9.81789e-07
3.53413e-07
-1.10033e-06
2.94569e-07
-1.18396e-06
2.34528e-07
-1.24021e-06
1.79662e-07
-1.27592e-06
1.32443e-07
-1.29652e-06
9.30574e-08
-1.30603e-06
6.06679e-08
-1.30732e-06
3.42344e-08
-1.30212e-06
1.25486e-08
-1.29166e-06
-4.84643e-09
-1.27588e-06
-1.93065e-08
-1.25484e-06
-3.13036e-08
-1.22924e-06
-4.1205e-08
-1.19975e-06
-4.94874e-08
-1.16687e-06
-5.65876e-08
-1.13093e-06
-6.28942e-08
-1.09213e-06
-6.87488e-08
-1.0505e-06
-7.44429e-08
-1.00602e-06
-8.02137e-08
-9.58532e-07
-8.62401e-08
-9.07868e-07
-9.26391e-08
-8.53823e-07
-9.94622e-08
-7.96206e-07
-1.06691e-07
-7.34876e-07
-1.14236e-07
-6.69767e-07
-1.21935e-07
-6.00931e-07
-1.29561e-07
-5.28554e-07
-1.36839e-07
-4.52969e-07
-1.43473e-07
-3.74674e-07
-1.49153e-07
-2.94298e-07
-1.53618e-07
-2.12572e-07
-1.56671e-07
-1.30273e-07
-1.5818e-07
-4.82962e-08
-1.57998e-07
3.22008e-08
-1.55735e-07
1.10497e-07
-1.51495e-07
1.86237e-07
-1.4584e-07
2.58727e-07
-1.39103e-07
3.27441e-07
-1.31478e-07
3.92026e-07
-1.23143e-07
4.52235e-07
-1.14289e-07
5.0791e-07
-1.0509e-07
5.58963e-07
-9.56935e-08
6.05368e-07
-8.62212e-08
6.47141e-07
-7.67667e-08
6.84331e-07
-6.73979e-08
7.17016e-07
-5.81626e-08
7.45287e-07
-4.90923e-08
7.692e-07
-4.01785e-08
7.88805e-07
-3.13656e-08
8.04642e-07
-2.26739e-08
8.17688e-07
-1.41815e-08
8.2818e-07
-5.81365e-09
8.35547e-07
2.38612e-09
8.39302e-07
1.02256e-08
8.39181e-07
1.7546e-08
8.3507e-07
2.42333e-08
8.27006e-07
3.01911e-08
8.15163e-07
3.53439e-08
7.99836e-07
3.96411e-08
7.81409e-07
4.3058e-08
7.60339e-07
4.55964e-08
7.37125e-07
4.72832e-08
7.12285e-07
4.81676e-08
6.8634e-07
4.83166e-08
6.59787e-07
4.78106e-08
6.33089e-07
4.67384e-08
6.06658e-07
4.5192e-08
5.80854e-07
4.32628e-08
5.55973e-07
4.1038e-08
5.32251e-07
3.85978e-08
5.09866e-07
3.60141e-08
4.88941e-07
3.33491e-08
4.6955e-07
3.06557e-08
4.51729e-07
2.79775e-08
4.35478e-07
2.53496e-08
4.2077e-07
2.27998e-08
4.07558e-07
2.03492e-08
3.9578e-07
1.80136e-08
3.85362e-07
1.58044e-08
3.76224e-07
1.37292e-08
3.68282e-07
1.1793e-08
3.61448e-07
9.9982e-09
3.55636e-07
8.3455e-09
3.50757e-07
6.83395e-09
3.46729e-07
5.46128e-09
3.4347e-07
4.22408e-09
3.409e-07
3.11768e-09
3.38943e-07
2.1359e-09
3.37538e-07
1.27681e-09
3.36624e-07
5.31139e-10
3.36138e-07
-1.22439e-10
3.36008e-07
-6.63955e-10
3.36183e-07
-1.12499e-09
3.36609e-07
-1.50098e-09
3.37238e-07
-1.8005e-09
3.38028e-07
-2.03152e-09
3.38944e-07
-2.20099e-09
3.39951e-07
-2.31572e-09
3.41021e-07
-2.38223e-09
3.42129e-07
-2.40665e-09
3.43253e-07
-2.39459e-09
3.44374e-07
-2.35116e-09
3.45476e-07
-2.28085e-09
3.46544e-07
-2.18764e-09
3.47568e-07
-2.0749e-09
3.48535e-07
-1.94542e-09
3.49438e-07
-1.80145e-09
3.50269e-07
-1.64465e-09
3.51019e-07
-1.47614e-09
3.51683e-07
-1.2965e-09
3.52254e-07
-1.10588e-09
3.52727e-07
-9.04294e-10
3.53098e-07
-6.91832e-10
3.53364e-07
-4.69702e-10
3.53528e-07
-2.37071e-10
3.53575e-07
4.22973e-12
3.53498e-07
2.62357e-10
3.53283e-07
5.40128e-10
3.52914e-07
8.40866e-10
3.52379e-07
1.16832e-09
3.51659e-07
1.52663e-09
3.50737e-07
1.92059e-09
3.49588e-07
2.35585e-09
3.48189e-07
2.8392e-09
3.46507e-07
3.37866e-09
3.44509e-07
3.98475e-09
3.42149e-07
4.66814e-09
3.39383e-07
5.45143e-09
3.36114e-07
6.33359e-09
3.32344e-07
7.43398e-09
3.27465e-07
8.56485e-09
1.10358e-08
3.22428e-07
8.34916e-08
-1.36648e-07
2.08688e-07
-2.88582e-07
3.056e-07
-2.8436e-07
3.64088e-07
-2.07812e-07
3.90598e-07
-1.15996e-07
3.92752e-07
-3.30597e-08
3.75886e-07
3.2548e-08
3.46235e-07
8.22524e-08
3.08276e-07
1.1397e-07
2.65513e-07
1.31207e-07
2.20882e-07
1.37128e-07
1.77035e-07
1.35087e-07
1.36641e-07
1.28084e-07
1.02295e-07
1.1857e-07
7.63407e-08
1.07764e-07
6.03678e-08
9.55604e-08
5.43027e-08
8.13902e-08
5.6191e-08
6.44675e-08
6.24256e-08
4.46616e-08
7.01102e-08
2.16061e-08
7.69683e-08
-1.94577e-09
8.06988e-08
-2.26019e-08
8.19167e-08
-4.31447e-08
8.39413e-08
-5.8289e-08
9.40954e-08
-6.61264e-08
1.18289e-07
-6.31164e-08
1.52613e-07
-5.32151e-08
1.89794e-07
-4.77908e-08
2.24649e-07
-5.10546e-08
2.578e-07
-6.25256e-08
2.89975e-07
-8.05468e-08
3.21636e-07
-1.01626e-07
3.52661e-07
-1.21847e-07
3.82956e-07
-1.38206e-07
4.12642e-07
-1.46087e-07
4.40085e-07
-1.38122e-07
4.61709e-07
-1.1055e-07
4.74749e-07
-7.09818e-08
4.78572e-07
-3.50963e-08
4.67557e-07
-7.94023e-09
4.15919e-07
3.87333e-08
2.77902e-07
1.48278e-07
3.96457e-08
3.1964e-07
-2.48481e-07
4.84556e-07
-5.18007e-07
5.85116e-07
-7.36252e-07
6.10123e-07
-8.95277e-07
5.76312e-07
-1.00304e-06
5.0736e-07
-1.07408e-06
4.24447e-07
-1.12178e-06
3.42271e-07
-1.1554e-06
2.68149e-07
-1.17991e-06
2.04168e-07
-1.19726e-06
1.498e-07
-1.20793e-06
1.03721e-07
-1.2119e-06
6.46397e-08
-1.20923e-06
3.15616e-08
-1.20035e-06
3.67686e-09
-1.18546e-06
-1.97375e-08
-1.16535e-06
-3.94178e-08
-1.14079e-06
-5.58612e-08
-1.11241e-06
-6.95854e-08
-1.08075e-06
-8.11539e-08
-1.04621e-06
-9.11293e-08
-1.00906e-06
-1.00043e-07
-9.69433e-07
-1.08373e-07
-9.27342e-07
-1.16534e-07
-8.82696e-07
-1.2486e-07
-8.35328e-07
-1.33607e-07
-7.85027e-07
-1.4294e-07
-7.3156e-07
-1.5293e-07
-6.74703e-07
-1.63548e-07
-6.14278e-07
-1.7466e-07
-5.50192e-07
-1.86022e-07
-4.82463e-07
-1.9729e-07
-4.11263e-07
-2.08038e-07
-3.36915e-07
-2.17821e-07
-2.59929e-07
-2.26139e-07
-1.80924e-07
-2.32623e-07
-1.00587e-07
-2.37009e-07
-1.98902e-08
-2.38877e-07
6.00063e-08
-2.37895e-07
1.38414e-07
-2.34143e-07
2.14874e-07
-2.27955e-07
2.88691e-07
-2.19656e-07
3.59236e-07
-2.09648e-07
4.26047e-07
-1.98289e-07
4.8881e-07
-1.85905e-07
5.47318e-07
-1.72798e-07
6.0146e-07
-1.59232e-07
6.51196e-07
-1.45429e-07
6.96545e-07
-1.3157e-07
7.37569e-07
-1.17792e-07
7.74369e-07
-1.04198e-07
8.07069e-07
-9.08618e-08
8.35813e-07
-7.78368e-08
8.6078e-07
-6.51459e-08
8.82186e-07
-5.27714e-08
9.00223e-07
-4.07107e-08
9.15076e-07
-2.90344e-08
9.271e-07
-1.78382e-08
9.36657e-07
-7.17031e-09
9.43924e-07
2.95841e-09
9.48967e-07
1.25031e-08
9.5179e-07
2.14098e-08
9.52341e-07
2.96404e-08
9.50534e-07
3.71509e-08
9.46283e-07
4.38919e-08
9.3953e-07
4.98115e-08
9.30265e-07
5.48615e-08
9.18545e-07
5.90033e-08
9.04499e-07
6.22135e-08
8.88328e-07
6.44874e-08
8.70297e-07
6.58417e-08
8.50721e-07
6.63144e-08
8.29949e-07
6.59635e-08
8.08349e-07
6.48636e-08
7.86284e-07
6.31022e-08
7.64107e-07
6.07751e-08
7.42139e-07
5.7982e-08
7.20666e-07
5.48222e-08
6.99931e-07
5.13913e-08
6.8013e-07
4.77782e-08
6.61416e-07
4.40632e-08
6.43899e-07
4.03168e-08
6.27649e-07
3.65997e-08
6.127e-07
3.2962e-08
5.9906e-07
2.94447e-08
5.86709e-07
2.60798e-08
5.75611e-07
2.28915e-08
5.65712e-07
1.98971e-08
5.56949e-07
1.71083e-08
5.49252e-07
1.45315e-08
5.42544e-07
1.21691e-08
5.36748e-07
1.00197e-08
5.31786e-07
8.07935e-09
5.27581e-07
6.34136e-09
5.2406e-07
4.79788e-09
5.21153e-07
3.43814e-09
5.18781e-07
2.24973e-09
5.16891e-07
1.22616e-09
5.15417e-07
3.48415e-10
5.14309e-07
-3.93314e-10
5.13518e-07
-1.00922e-09
5.12997e-07
-1.51068e-09
5.12705e-07
-1.9088e-09
5.12604e-07
-2.21457e-09
5.1266e-07
-2.43851e-09
5.12844e-07
-2.59045e-09
5.13129e-07
-2.67935e-09
5.13491e-07
-2.71333e-09
5.1391e-07
-2.69962e-09
5.14367e-07
-2.64459e-09
5.14846e-07
-2.55374e-09
5.15332e-07
-2.4317e-09
5.15813e-07
-2.28227e-09
5.16276e-07
-2.10842e-09
5.16713e-07
-1.91237e-09
5.17112e-07
-1.69562e-09
5.17465e-07
-1.45905e-09
5.17764e-07
-1.20313e-09
5.18e-07
-9.28096e-10
5.18164e-07
-6.34031e-10
5.18247e-07
-3.19719e-10
5.18234e-07
1.69196e-11
5.18116e-07
3.80233e-10
5.17882e-07
7.74974e-10
5.17517e-07
1.2058e-09
5.17007e-07
1.67819e-09
5.16335e-07
2.1984e-09
5.15482e-07
2.77369e-09
5.14425e-07
3.41265e-09
5.13139e-07
4.1255e-09
5.11593e-07
4.92455e-09
5.09753e-07
5.82475e-09
5.07576e-07
6.84499e-09
5.05019e-07
8.00886e-09
5.02e-07
9.3519e-09
4.98517e-07
1.09173e-08
4.94274e-07
1.2808e-08
1.50778e-08
4.90232e-07
1.19145e-07
-2.55792e-07
2.34018e-07
-4.03455e-07
2.95032e-07
-3.45375e-07
3.16021e-07
-2.28801e-07
3.12298e-07
-1.12272e-07
2.92408e-07
-1.317e-08
2.60617e-07
6.43386e-08
2.21276e-07
1.21594e-07
1.76152e-07
1.59093e-07
1.27258e-07
1.80101e-07
7.64328e-08
1.87954e-07
2.61899e-08
1.8533e-07
-2.01811e-08
1.74455e-07
-5.82609e-08
1.5665e-07
-8.34367e-08
1.3294e-07
-9.25555e-08
1.04679e-07
-8.45653e-08
7.34e-08
-6.06415e-08
4.05437e-08
-2.55946e-08
9.61465e-09
1.90722e-08
-2.30606e-08
6.82974e-08
-5.11709e-08
1.18718e-07
-7.30221e-08
1.64016e-07
-8.84435e-08
2.03083e-07
-9.73554e-08
2.3731e-07
-1.00354e-07
2.72594e-07
-9.84004e-08
3.13344e-07
-9.39654e-08
3.57242e-07
-9.16887e-08
4.00055e-07
-9.38673e-08
4.38596e-07
-1.01066e-07
4.70768e-07
-1.12719e-07
4.95354e-07
-1.26213e-07
5.12371e-07
-1.38863e-07
5.23452e-07
-1.49287e-07
5.30559e-07
-1.53194e-07
5.33586e-07
-1.41149e-07
5.30337e-07
-1.07302e-07
5.18434e-07
-5.90782e-08
4.90672e-07
-7.33491e-09
4.19759e-07
6.29729e-08
2.60682e-07
1.97811e-07
2.07505e-09
4.06885e-07
-2.91039e-07
6.12754e-07
-5.44748e-07
7.38265e-07
-7.29692e-07
7.70059e-07
-8.48974e-07
7.29406e-07
-9.20224e-07
6.47562e-07
-9.63786e-07
5.50923e-07
-9.9505e-07
4.55711e-07
-1.02176e-06
3.6898e-07
-1.04576e-06
2.92151e-07
-1.06604e-06
2.24447e-07
-1.08099e-06
1.64749e-07
-1.08945e-06
1.1218e-07
-1.09097e-06
6.61664e-08
-1.08569e-06
2.62775e-08
-1.07403e-06
-7.98695e-09
-1.05659e-06
-3.71721e-08
-1.03423e-06
-6.17762e-08
-1.00775e-06
-8.23492e-08
-9.77812e-07
-9.95185e-08
-9.44991e-07
-1.13975e-07
-9.09689e-07
-1.26432e-07
-8.72156e-07
-1.37576e-07
-8.32494e-07
-1.48035e-07
-7.9068e-07
-1.58348e-07
-7.46584e-07
-1.68956e-07
-7.00006e-07
-1.80186e-07
-6.50691e-07
-1.92254e-07
-5.98368e-07
-2.05253e-07
-5.42772e-07
-2.19145e-07
-4.83685e-07
-2.33748e-07
-4.20974e-07
-2.48732e-07
-3.54631e-07
-2.63632e-07
-2.84812e-07
-2.77857e-07
-2.11826e-07
-2.90807e-07
-1.36168e-07
-3.01797e-07
-5.84985e-08
-3.10293e-07
2.01241e-08
-3.15631e-07
9.86442e-08
-3.17397e-07
1.7632e-07
-3.15571e-07
2.52444e-07
-3.10267e-07
3.26277e-07
-3.01787e-07
3.97195e-07
-2.90574e-07
4.64675e-07
-2.77128e-07
5.28326e-07
-2.6194e-07
5.87884e-07
-2.45463e-07
6.43192e-07
-2.28105e-07
6.94176e-07
-2.10216e-07
7.40831e-07
-1.92084e-07
7.83202e-07
-1.73941e-07
8.21374e-07
-1.55964e-07
8.55463e-07
-1.38288e-07
8.85612e-07
-1.2101e-07
9.11977e-07
-1.04201e-07
9.34735e-07
-8.7904e-08
9.54105e-07
-7.21412e-08
9.7034e-07
-5.6946e-08
9.83683e-07
-4.23779e-08
9.94345e-07
-2.85002e-08
1.00255e-06
-1.53714e-08
1.00855e-06
-3.04465e-09
1.01261e-06
8.4437e-09
1.01496e-06
1.9063e-08
1.01579e-06
2.88075e-08
1.01526e-06
3.76769e-08
1.01348e-06
4.56744e-08
1.01049e-06
5.28024e-08
1.00629e-06
5.90603e-08
1.00085e-06
6.4443e-08
9.94123e-07
6.89415e-08
9.86064e-07
7.25464e-08
9.76654e-07
7.52513e-08
9.65911e-07
7.70578e-08
9.53895e-07
7.79798e-08
9.40712e-07
7.8046e-08
9.26513e-07
7.73015e-08
9.1148e-07
7.58078e-08
8.95822e-07
7.36403e-08
8.79758e-07
7.08857e-08
8.63511e-07
6.76381e-08
8.47294e-07
6.39952e-08
8.31304e-07
6.0054e-08
8.15713e-07
5.59079e-08
8.00669e-07
5.16437e-08
7.86291e-07
4.734e-08
7.7267e-07
4.30656e-08
7.5987e-07
3.88794e-08
7.47931e-07
3.48301e-08
7.36872e-07
3.09564e-08
7.26692e-07
2.72884e-08
7.17376e-07
2.38475e-08
7.08897e-07
2.06479e-08
7.0122e-07
1.76976e-08
6.943e-07
1.49989e-08
6.88092e-07
1.25497e-08
6.82545e-07
1.03441e-08
6.7761e-07
8.37327e-09
6.73234e-07
6.62547e-09
6.69372e-07
5.08875e-09
6.65972e-07
3.74853e-09
6.62988e-07
2.59045e-09
6.60378e-07
1.60039e-09
6.58104e-07
7.63699e-10
6.56129e-07
6.60978e-11
6.54421e-07
-5.06225e-10
6.52948e-07
-9.66239e-10
6.51684e-07
-1.32601e-09
6.50602e-07
-1.59698e-09
6.49678e-07
-1.78964e-09
6.48892e-07
-1.91345e-09
6.48224e-07
-1.97682e-09
6.47657e-07
-1.98707e-09
6.47176e-07
-1.95047e-09
6.46766e-07
-1.87225e-09
6.46414e-07
-1.75662e-09
6.46109e-07
-1.60689e-09
6.45839e-07
-1.4255e-09
6.45594e-07
-1.21396e-09
6.45364e-07
-9.73321e-10
6.4514e-07
-7.03938e-10
6.44911e-07
-4.05255e-10
6.44667e-07
-7.53608e-11
6.44395e-07
2.88295e-10
6.44086e-07
6.89622e-10
6.43727e-07
1.13376e-09
6.43306e-07
1.62633e-09
6.42811e-07
2.17398e-09
6.42225e-07
2.78445e-09
6.41531e-07
3.46683e-09
6.40712e-07
4.23186e-09
6.39745e-07
5.09229e-09
6.38606e-07
6.06351e-09
6.37268e-07
7.16372e-09
6.35696e-07
8.41685e-09
6.33857e-07
9.84713e-09
6.31704e-07
1.15052e-08
6.29236e-07
1.33853e-08
6.26337e-07
1.57074e-08
1.79835e-08
6.23431e-07
1.26984e-07
-3.82776e-07
2.01083e-07
-4.77554e-07
2.15821e-07
-3.60113e-07
2.03029e-07
-2.1601e-07
1.76882e-07
-8.61246e-08
1.42017e-07
2.1695e-08
9.93532e-08
1.07002e-07
4.95674e-08
1.7138e-07
-7.48396e-09
2.16145e-07
-7.01874e-08
2.42804e-07
-1.35238e-07
2.53005e-07
-1.98757e-07
2.48849e-07
-2.55741e-07
2.31438e-07
-3.01212e-07
2.02121e-07
-3.31217e-07
1.62945e-07
-3.43077e-07
1.16539e-07
-3.35891e-07
6.62146e-08
-3.0924e-07
1.3893e-08
-2.62762e-07
-3.68634e-08
-2.0115e-07
-8.46727e-08
-1.26366e-07
-1.25955e-07
-4.09758e-08
-1.58412e-07
5.0811e-08
-1.8023e-07
1.44142e-07
-1.90686e-07
2.33981e-07
-1.90193e-07
3.17831e-07
-1.8225e-07
3.94332e-07
-1.70467e-07
4.62086e-07
-1.59442e-07
5.19386e-07
-1.51167e-07
5.64727e-07
-1.46408e-07
5.96563e-07
-1.44555e-07
6.14043e-07
-1.43692e-07
6.18633e-07
-1.43453e-07
6.14052e-07
-1.44706e-07
6.032e-07
-1.42341e-07
5.85703e-07
-1.23653e-07
5.58816e-07
-8.04147e-08
5.16063e-07
-1.63249e-08
4.35546e-07
7.31819e-08
2.76903e-07
2.21616e-07
2.2898e-08
4.51815e-07
-2.63942e-07
6.93725e-07
-5.0371e-07
8.52522e-07
-6.67704e-07
9.02259e-07
-7.63664e-07
8.66019e-07
-8.14963e-07
7.80705e-07
-8.452e-07
6.77799e-07
-8.69883e-07
5.75606e-07
-8.95143e-07
4.8097e-07
-9.20858e-07
3.94695e-07
-9.44539e-07
3.15833e-07
-9.63677e-07
2.43584e-07
-9.7657e-07
1.77643e-07
-9.82351e-07
1.17961e-07
-9.80844e-07
6.4659e-08
-9.72348e-07
1.77822e-08
-9.57356e-07
-2.29788e-08
-9.3668e-07
-5.78481e-08
-9.11227e-07
-8.72298e-08
-8.81873e-07
-1.11703e-07
-8.49391e-07
-1.32001e-07
-8.14396e-07
-1.4897e-07
-7.77323e-07
-1.63504e-07
-7.38423e-07
-1.76476e-07
-6.97778e-07
-1.88679e-07
-6.55333e-07
-2.00794e-07
-6.10924e-07
-2.13364e-07
-5.64314e-07
-2.26796e-07
-5.15217e-07
-2.41351e-07
-4.63328e-07
-2.57143e-07
-4.08347e-07
-2.74125e-07
-3.50022e-07
-2.92073e-07
-2.88191e-07
-3.10563e-07
-2.22829e-07
-3.28994e-07
-1.5409e-07
-3.46596e-07
-8.21796e-08
-3.62718e-07
-7.86344e-09
-3.76113e-07
6.79492e-08
-3.86105e-07
1.44349e-07
-3.92031e-07
2.20513e-07
-3.93562e-07
2.95559e-07
-3.90616e-07
3.6869e-07
-3.83398e-07
4.39229e-07
-3.72326e-07
5.06617e-07
-3.57962e-07
5.70416e-07
-3.40928e-07
6.3032e-07
-3.21843e-07
6.86134e-07
-3.01278e-07
7.37762e-07
-2.79733e-07
7.85177e-07
-2.57631e-07
8.28409e-07
-2.35316e-07
8.67527e-07
-2.13058e-07
9.02628e-07
-1.91065e-07
9.33833e-07
-1.69492e-07
9.61277e-07
-1.48455e-07
9.85115e-07
-1.28039e-07
1.00552e-06
-1.08306e-07
1.02268e-06
-8.93026e-08
1.03681e-06
-7.10763e-08
1.04811e-06
-5.36838e-08
1.0568e-06
-3.71877e-08
1.06308e-06
-2.16475e-08
1.06715e-06
-7.11728e-09
1.06924e-06
6.3566e-09
1.06957e-06
1.87307e-08
1.06838e-06
2.99999e-08
1.06589e-06
4.01669e-08
1.06232e-06
4.92415e-08
1.05788e-06
5.72445e-08
1.05273e-06
6.4205e-08
1.04702e-06
7.01566e-08
1.04083e-06
7.51348e-08
1.0342e-06
7.91733e-08
1.02715e-06
8.23035e-08
1.01965e-06
8.45539e-08
1.01168e-06
8.5952e-08
1.0032e-06
8.65272e-08
9.94186e-07
8.63135e-08
9.84641e-07
8.53525e-08
9.74586e-07
8.36952e-08
9.64069e-07
8.14027e-08
9.53161e-07
7.8546e-08
9.41952e-07
7.52038e-08
9.30546e-07
7.14603e-08
9.19052e-07
6.74025e-08
9.07578e-07
6.31169e-08
8.96232e-07
5.86868e-08
8.85107e-07
5.41902e-08
8.74289e-07
4.96979e-08
8.63847e-07
4.52721e-08
8.53837e-07
4.0966e-08
8.44302e-07
3.68237e-08
8.35269e-07
3.288e-08
8.26756e-07
2.91611e-08
8.18768e-07
2.56854e-08
8.11303e-07
2.24642e-08
8.0435e-07
1.95026e-08
7.97894e-07
1.68005e-08
7.91914e-07
1.43533e-08
7.86387e-07
1.21527e-08
7.81287e-07
1.01882e-08
7.76589e-07
8.44715e-09
7.72264e-07
6.91518e-09
7.68286e-07
5.57768e-09
7.64631e-07
4.41954e-09
7.61271e-07
3.42551e-09
7.58184e-07
2.58061e-09
7.55348e-07
1.87032e-09
7.52741e-07
1.28086e-09
7.50345e-07
7.99384e-10
7.48141e-07
4.14027e-10
7.46113e-07
1.13993e-10
7.44247e-07
-1.10391e-10
7.42528e-07
-2.6765e-10
7.40942e-07
-3.65177e-10
7.39479e-07
-4.09238e-10
7.38128e-07
-4.04993e-10
7.36877e-07
-3.56548e-10
7.35719e-07
-2.67142e-10
7.34644e-07
-1.38552e-10
7.33643e-07
2.74944e-11
7.32708e-07
2.30717e-10
7.31831e-07
4.71631e-10
7.31004e-07
7.51923e-10
7.30218e-07
1.07439e-09
7.29464e-07
1.44307e-09
7.28735e-07
1.86319e-09
7.2802e-07
2.34088e-09
7.27311e-07
2.8834e-09
7.26596e-07
3.49935e-09
7.25864e-07
4.19884e-09
7.25102e-07
4.9938e-09
7.24296e-07
5.89833e-09
7.2343e-07
6.92936e-09
7.22487e-07
8.10663e-09
7.21449e-07
9.45569e-09
7.20295e-07
1.10009e-08
7.19006e-07
1.27935e-08
7.17575e-07
1.48165e-08
7.15983e-07
1.73e-08
1.96883e-08
7.14278e-07
1.03545e-07
-4.86321e-07
1.26027e-07
-5.00036e-07
1.08002e-07
-3.42087e-07
7.71248e-08
-1.85132e-07
3.7256e-08
-4.62558e-08
-1.30495e-08
7.20005e-08
-7.39978e-08
1.6795e-07
-1.43827e-07
2.41209e-07
-2.20787e-07
2.93105e-07
-3.01865e-07
3.23882e-07
-3.82782e-07
3.33921e-07
-4.58048e-07
3.24116e-07
-5.2232e-07
2.9571e-07
-5.71229e-07
2.5103e-07
-6.01669e-07
1.93386e-07
-6.11598e-07
1.26467e-07
-5.99755e-07
5.43713e-08
-5.66831e-07
-1.90309e-08
-5.1369e-07
-9.00039e-08
-4.4318e-07
-1.55183e-07
-3.57443e-07
-2.11693e-07
-2.58653e-07
-2.57202e-07
-1.49015e-07
-2.89868e-07
-3.09485e-08
-3.08753e-07
9.18503e-08
-3.12992e-07
2.13872e-07
-3.04271e-07
3.29194e-07
-2.85789e-07
4.31956e-07
-2.62204e-07
5.17493e-07
-2.36704e-07
5.82569e-07
-2.11484e-07
6.25194e-07
-1.8718e-07
6.45893e-07
-1.64391e-07
6.48953e-07
-1.46513e-07
6.40001e-07
-1.35755e-07
6.21203e-07
-1.23543e-07
5.90211e-07
-9.26617e-08
5.4173e-07
-3.19336e-08
4.59957e-07
6.5448e-08
3.14015e-07
2.19125e-07
8.03656e-08
4.55265e-07
-1.94055e-07
7.26236e-07
-4.26545e-07
9.26215e-07
-5.81988e-07
1.00797e-06
-6.6808e-07
9.88351e-07
-7.10275e-07
9.08214e-07
-7.34199e-07
8.04629e-07
-7.55941e-07
6.99541e-07
-7.81039e-07
6.00704e-07
-8.08516e-07
5.08448e-07
-8.35215e-07
4.21393e-07
-8.58177e-07
3.38795e-07
-8.75327e-07
2.60734e-07
-8.85442e-07
1.87758e-07
-8.87988e-07
1.20507e-07
-8.82966e-07
5.96364e-08
-8.70754e-07
5.57028e-09
-8.51998e-07
-4.17348e-08
-8.2762e-07
-8.22264e-08
-7.98608e-07
-1.16242e-07
-7.65923e-07
-1.44388e-07
-7.30407e-07
-1.67516e-07
-6.92724e-07
-1.86653e-07
-6.53322e-07
-2.02906e-07
-6.12439e-07
-2.17358e-07
-5.7013e-07
-2.30989e-07
-5.26301e-07
-2.44622e-07
-4.80759e-07
-2.58906e-07
-4.33243e-07
-2.74311e-07
-3.83453e-07
-2.91142e-07
-3.31074e-07
-3.09521e-07
-2.75804e-07
-3.29395e-07
-2.17381e-07
-3.50496e-07
-1.55634e-07
-3.7231e-07
-9.04999e-08
-3.94128e-07
-2.21468e-08
-4.14949e-07
4.864e-08
-4.33505e-07
1.21423e-07
-4.48897e-07
1.95328e-07
-4.6001e-07
2.69441e-07
-4.66144e-07
3.42827e-07
-4.66948e-07
4.1463e-07
-4.6242e-07
4.84109e-07
-4.52877e-07
5.50661e-07
-4.38878e-07
6.13825e-07
-4.21125e-07
6.73275e-07
-4.00379e-07
7.28809e-07
-3.77377e-07
7.80323e-07
-3.52792e-07
8.27791e-07
-3.27201e-07
8.71242e-07
-3.01082e-07
9.10742e-07
-2.74815e-07
9.46379e-07
-2.48695e-07
9.7826e-07
-2.22945e-07
1.0065e-06
-1.97732e-07
1.03123e-06
-1.73181e-07
1.05257e-06
-1.49386e-07
1.07069e-06
-1.26421e-07
1.08574e-06
-1.04348e-07
1.09789e-06
-8.32263e-08
1.10732e-06
-6.31181e-08
1.11422e-06
-4.40903e-08
1.11878e-06
-2.62055e-08
1.12118e-06
-9.51572e-09
1.12161e-06
5.92981e-09
1.12026e-06
2.00753e-08
1.11735e-06
3.29134e-08
1.11307e-06
4.44459e-08
1.10763e-06
5.46801e-08
1.10124e-06
6.36363e-08
1.0941e-06
7.13471e-08
1.0864e-06
7.78558e-08
1.07832e-06
8.32148e-08
1.07001e-06
8.7483e-08
1.06159e-06
9.07227e-08
1.05314e-06
9.29971e-08
1.04473e-06
9.43687e-08
1.03636e-06
9.4898e-08
1.02803e-06
9.46439e-08
1.01971e-06
9.36643e-08
1.01139e-06
9.20182e-08
1.00303e-06
8.97663e-08
9.94601e-07
8.6973e-08
9.86099e-07
8.37062e-08
9.77522e-07
8.00372e-08
9.68884e-07
7.604e-08
9.60211e-07
7.17898e-08
9.51537e-07
6.73611e-08
9.42901e-07
6.28257e-08
9.34348e-07
5.82516e-08
9.25919e-07
5.37008e-08
9.17656e-07
4.92285e-08
9.09597e-07
4.48827e-08
9.01774e-07
4.0703e-08
8.94214e-07
3.67216e-08
8.86937e-07
3.29626e-08
8.79958e-07
2.94432e-08
8.73286e-07
2.6174e-08
8.66927e-07
2.31597e-08
8.6088e-07
2.04001e-08
8.55142e-07
1.78908e-08
8.49706e-07
1.56241e-08
8.44564e-07
1.35896e-08
8.39704e-07
1.17749e-08
8.35115e-07
1.01666e-08
8.30784e-07
8.75016e-09
8.26699e-07
7.51084e-09
8.22846e-07
6.43371e-09
8.19212e-07
5.50417e-09
8.15785e-07
4.70811e-09
8.12552e-07
4.03219e-09
8.09502e-07
3.46397e-09
8.06624e-07
2.99198e-09
8.03908e-07
2.60587e-09
8.01344e-07
2.29639e-09
7.98923e-07
2.05542e-09
7.96638e-07
1.87604e-09
7.94481e-07
1.75242e-09
7.92444e-07
1.67984e-09
7.90522e-07
1.65462e-09
7.8871e-07
1.67422e-09
7.87e-07
1.7369e-09
7.85389e-07
1.84204e-09
7.8387e-07
1.99004e-09
7.8244e-07
2.18246e-09
7.81092e-07
2.42203e-09
7.79823e-07
2.71268e-09
7.78626e-07
3.05949e-09
7.77499e-07
3.46871e-09
7.76434e-07
3.9478e-09
7.75428e-07
4.5056e-09
7.74474e-07
5.15252e-09
7.73567e-07
5.90085e-09
7.72701e-07
6.76498e-09
7.71868e-07
7.762e-09
7.71063e-07
8.91165e-09
7.7028e-07
1.02386e-08
7.69514e-07
1.17669e-08
7.68766e-07
1.35413e-08
7.68026e-07
1.55563e-08
7.67337e-07
1.79892e-08
2.04553e-08
7.6657e-07
5.95117e-08
-5.45833e-07
4.01426e-08
-4.80667e-07
3.34954e-09
-3.05294e-07
-4.35635e-08
-1.38219e-07
-1.0434e-07
1.45203e-08
-1.77012e-07
1.44673e-07
-2.60442e-07
2.5138e-07
-3.52399e-07
3.33166e-07
-4.48933e-07
3.89639e-07
-5.44998e-07
4.19947e-07
-6.34928e-07
4.23851e-07
-7.13082e-07
4.0227e-07
-7.74874e-07
3.57502e-07
-8.17145e-07
2.93301e-07
-8.38071e-07
2.14312e-07
-8.37014e-07
1.2541e-07
-8.14469e-07
3.18262e-08
-7.71782e-07
-6.17176e-08
-7.10906e-07
-1.5088e-07
-6.33708e-07
-2.32381e-07
-5.41968e-07
-3.03433e-07
-4.37467e-07
-3.61703e-07
-3.21961e-07
-4.05374e-07
-1.97427e-07
-4.33287e-07
-6.55925e-08
-4.44826e-07
6.99982e-08
-4.39862e-07
2.03518e-07
-4.19309e-07
3.27213e-07
-3.85899e-07
4.33701e-07
-3.43193e-07
5.17039e-07
-2.94822e-07
5.74034e-07
-2.44175e-07
6.0617e-07
-1.96527e-07
6.18897e-07
-1.5924e-07
6.16369e-07
-1.33227e-07
5.97405e-07
-1.04578e-07
5.57163e-07
-5.24199e-08
4.84431e-07
4.07982e-08
3.57271e-07
1.92608e-07
1.53952e-07
4.22443e-07
-1.0094e-07
7.10158e-07
-3.29557e-07
9.54853e-07
-4.8571e-07
1.08237e-06
-5.71294e-07
1.09355e-06
-6.10949e-07
1.02801e-06
-6.31595e-07
9.28861e-07
-6.50903e-07
8.23937e-07
-6.7512e-07
7.23757e-07
-7.03208e-07
6.28792e-07
-7.31702e-07
5.36942e-07
-7.57343e-07
4.47034e-07
-7.77798e-07
3.59251e-07
-7.91607e-07
2.74543e-07
-7.9797e-07
1.94121e-07
-7.96638e-07
1.19174e-07
-7.8775e-07
5.07483e-08
-7.71711e-07
-1.04683e-08
-7.49269e-07
-6.41765e-08
-7.2138e-07
-1.10115e-07
-6.89093e-07
-1.48529e-07
-6.53429e-07
-1.80052e-07
-6.15277e-07
-2.05668e-07
-5.75313e-07
-2.26618e-07
-5.33956e-07
-2.44263e-07
-4.91385e-07
-2.59929e-07
-4.47581e-07
-2.74793e-07
-4.02382e-07
-2.89821e-07
-3.55545e-07
-3.05743e-07
-3.06796e-07
-3.23061e-07
-2.55832e-07
-3.42105e-07
-2.02366e-07
-3.62987e-07
-1.46128e-07
-3.85634e-07
-8.68987e-08
-4.09725e-07
-2.4595e-08
-4.34614e-07
4.06781e-08
-4.59401e-07
1.08582e-07
-4.82853e-07
1.78653e-07
-5.03576e-07
2.50055e-07
-5.20299e-07
3.2192e-07
-5.31875e-07
3.93318e-07
-5.37542e-07
4.63351e-07
-5.3698e-07
5.31229e-07
-5.30298e-07
5.96313e-07
-5.17961e-07
6.58128e-07
-5.00693e-07
7.16353e-07
-4.7935e-07
7.70801e-07
-4.54827e-07
8.21392e-07
-4.27968e-07
8.68124e-07
-3.99525e-07
9.11048e-07
-3.70125e-07
9.50245e-07
-3.40279e-07
9.85811e-07
-3.10381e-07
1.01785e-06
-2.80731e-07
1.04645e-06
-2.51554e-07
1.07174e-06
-2.23016e-07
1.0938e-06
-1.95244e-07
1.11275e-06
-1.68337e-07
1.12871e-06
-1.42377e-07
1.1418e-06
-1.17436e-07
1.15215e-06
-9.35834e-08
1.15993e-06
-7.0892e-08
1.16527e-06
-4.94337e-08
1.16834e-06
-2.92782e-08
1.16931e-06
-1.0483e-08
1.16834e-06
6.89594e-09
1.16563e-06
2.27898e-08
1.16135e-06
3.71901e-08
1.1557e-06
5.00972e-08
1.14886e-06
6.15188e-08
1.14102e-06
7.14762e-08
1.13237e-06
8.00045e-08
1.12307e-06
8.71512e-08
1.11331e-06
9.29748e-08
1.10325e-06
9.75436e-08
1.09304e-06
1.00933e-07
1.08281e-06
1.03226e-07
1.07267e-06
1.04505e-07
1.06271e-06
1.04858e-07
1.05299e-06
1.04368e-07
1.04353e-06
1.03119e-07
1.03436e-06
1.01193e-07
1.02546e-06
9.86666e-08
1.01681e-06
9.56177e-08
1.0084e-06
9.21207e-08
1.00019e-06
8.82492e-08
9.92153e-07
8.40752e-08
9.84273e-07
7.96694e-08
9.76534e-07
7.51e-08
9.68928e-07
7.04325e-08
9.61451e-07
6.57284e-08
9.54107e-07
6.10445e-08
9.46904e-07
5.6432e-08
9.39851e-07
5.19358e-08
9.32959e-07
4.75944e-08
9.26241e-07
4.34394e-08
9.19708e-07
3.94956e-08
9.1337e-07
3.57815e-08
9.07235e-07
3.23093e-08
9.01309e-07
2.90859e-08
8.95596e-07
2.61132e-08
8.90098e-07
2.33888e-08
8.84815e-07
2.09071e-08
8.79745e-07
1.86594e-08
8.74885e-07
1.6635e-08
8.7023e-07
1.48215e-08
8.65774e-07
1.32056e-08
8.61512e-07
1.1773e-08
8.57436e-07
1.05096e-08
8.53539e-07
9.4009e-09
8.49814e-07
8.43307e-09
8.46254e-07
7.59273e-09
8.42851e-07
6.86727e-09
8.39598e-07
6.24499e-09
8.36488e-07
5.71519e-09
8.33516e-07
5.26821e-09
8.30676e-07
4.89551e-09
8.27963e-07
4.58966e-09
8.25371e-07
4.34436e-09
8.22896e-07
4.15442e-09
8.20535e-07
4.01574e-09
8.18284e-07
3.92529e-09
8.1614e-07
3.8811e-09
8.141e-07
3.88224e-09
8.12161e-07
3.9289e-09
8.10321e-07
4.02239e-09
8.08578e-07
4.16523e-09
8.06929e-07
4.36109e-09
8.05374e-07
4.61485e-09
8.0391e-07
4.93258e-09
8.02536e-07
5.3216e-09
8.01251e-07
5.79063e-09
8.00054e-07
6.34992e-09
7.98943e-07
7.01147e-09
7.97919e-07
7.78929e-09
7.96981e-07
8.69971e-09
7.96131e-07
9.76144e-09
7.95373e-07
1.0997e-08
7.94711e-07
1.24293e-08
7.94158e-07
1.40942e-08
7.93713e-07
1.60006e-08
7.93442e-07
1.8261e-08
2.06791e-08
7.93218e-07
6.39295e-09
-5.52226e-07
-3.73489e-08
-4.36925e-07
-9.49263e-08
-2.47717e-07
-1.66637e-07
-6.65088e-08
-2.50488e-07
9.83711e-08
-3.46403e-07
2.40589e-07
-4.50984e-07
3.55961e-07
-5.60299e-07
4.4248e-07
-6.68658e-07
4.97998e-07
-7.69802e-07
5.21091e-07
-8.57856e-07
5.11905e-07
-9.28162e-07
4.72576e-07
-9.77775e-07
4.07115e-07
-1.00541e-06
3.20932e-07
-1.01123e-06
2.20139e-07
-9.96231e-07
1.10408e-07
-9.6211e-07
-2.29511e-09
-9.10536e-07
-1.13292e-07
-8.43087e-07
-2.18328e-07
-7.61191e-07
-3.14277e-07
-6.66177e-07
-3.98447e-07
-5.59363e-07
-4.68517e-07
-4.42155e-07
-5.22582e-07
-3.16161e-07
-5.59281e-07
-1.83205e-07
-5.77782e-07
-4.54825e-08
-5.77585e-07
9.3299e-08
-5.5809e-07
2.25629e-07
-5.1823e-07
3.42643e-07
-4.60206e-07
4.36838e-07
-3.89018e-07
5.04987e-07
-3.12324e-07
5.49195e-07
-2.40735e-07
5.73193e-07
-1.83238e-07
5.76737e-07
-1.36771e-07
5.5518e-07
-8.30212e-08
5.00007e-07
2.75373e-09
3.95992e-07
1.44813e-07
2.26888e-07
3.61712e-07
4.93614e-12
6.49327e-07
-2.22617e-07
9.3278e-07
-3.8413e-07
1.11637e-06
-4.75638e-07
1.17388e-06
-5.17207e-07
1.13512e-06
-5.3601e-07
1.04681e-06
-5.51974e-07
9.44825e-07
-5.73376e-07
8.45339e-07
-6.00005e-07
7.50386e-07
-6.28356e-07
6.57143e-07
-6.54897e-07
5.63483e-07
-6.77087e-07
4.69223e-07
-6.93335e-07
3.75498e-07
-7.02748e-07
2.83957e-07
-7.04867e-07
1.96239e-07
-6.99623e-07
1.13931e-07
-6.87162e-07
3.82866e-08
-6.67774e-07
-2.98559e-08
-6.42187e-07
-8.97639e-08
-6.11366e-07
-1.40936e-07
-5.76412e-07
-1.83483e-07
-5.38418e-07
-2.18045e-07
-4.98335e-07
-2.45751e-07
-4.56855e-07
-2.68099e-07
-4.14345e-07
-2.86772e-07
-3.70877e-07
-3.03397e-07
-3.26301e-07
-3.1937e-07
-2.80329e-07
-3.35794e-07
-2.32619e-07
-3.53453e-07
-1.82863e-07
-3.72817e-07
-1.30768e-07
-3.94201e-07
-7.60988e-08
-4.17656e-07
-1.8691e-08
-4.43042e-07
4.15687e-08
-4.69985e-07
1.04638e-07
-4.97683e-07
1.7026e-07
-5.25024e-07
2.37978e-07
-5.50571e-07
3.07135e-07
-5.72733e-07
3.76857e-07
-5.9002e-07
4.46205e-07
-6.01223e-07
5.14257e-07
-6.05594e-07
5.8019e-07
-6.02913e-07
6.43341e-07
-5.93448e-07
7.03232e-07
-5.77852e-07
7.59563e-07
-5.57024e-07
8.12191e-07
-5.31978e-07
8.61086e-07
-5.03722e-07
9.063e-07
-4.73183e-07
9.47933e-07
-4.41157e-07
9.86103e-07
-4.08295e-07
1.02093e-06
-3.75107e-07
1.05253e-06
-3.41978e-07
1.08099e-06
-3.09195e-07
1.10641e-06
-2.76969e-07
1.12885e-06
-2.45458e-07
1.14839e-06
-2.14784e-07
1.1651e-06
-1.85048e-07
1.17906e-06
-1.56338e-07
1.19036e-06
-1.28736e-07
1.1991e-06
-1.02326e-07
1.2054e-06
-7.71892e-08
1.20938e-06
-5.34103e-08
1.21117e-06
-3.10692e-08
1.21092e-06
-1.02327e-08
1.20878e-06
9.03222e-09
1.20493e-06
2.66405e-08
1.19953e-06
4.25839e-08
1.19278e-06
5.68572e-08
1.18483e-06
6.94662e-08
1.17587e-06
8.04335e-08
1.16608e-06
8.97975e-08
1.15562e-06
9.76114e-08
1.14465e-06
1.03941e-07
1.13333e-06
1.08862e-07
1.1218e-06
1.12463e-07
1.11019e-06
1.14834e-07
1.09863e-06
1.16075e-07
1.0872e-06
1.16287e-07
1.07599e-06
1.15572e-07
1.06508e-06
1.14032e-07
1.05451e-06
1.11767e-07
1.0443e-06
1.08873e-07
1.03447e-06
1.05444e-07
1.02503e-06
1.01566e-07
1.01595e-06
9.73258e-08
1.00722e-06
9.2801e-08
9.98828e-07
8.80664e-08
9.90736e-07
8.31919e-08
9.82926e-07
7.8242e-08
9.75379e-07
7.32762e-08
9.68075e-07
6.83481e-08
9.61001e-07
6.35057e-08
9.54146e-07
5.87906e-08
9.47502e-07
5.42384e-08
9.41064e-07
4.98783e-08
9.34826e-07
4.57332e-08
9.28787e-07
4.18205e-08
9.22945e-07
3.81516e-08
9.17297e-07
3.47333e-08
9.11843e-07
3.15674e-08
9.0658e-07
2.86522e-08
9.01505e-07
2.59822e-08
8.96614e-07
2.35496e-08
8.91905e-07
2.13442e-08
8.87373e-07
1.93541e-08
8.83012e-07
1.75664e-08
8.78818e-07
1.59675e-08
8.74784e-07
1.45432e-08
8.70905e-07
1.32794e-08
8.67176e-07
1.21624e-08
8.6359e-07
1.11787e-08
8.60142e-07
1.03156e-08
8.56826e-07
9.56117e-09
8.53636e-07
8.90444e-09
8.50569e-07
8.3354e-09
8.4762e-07
7.84512e-09
8.44783e-07
7.42575e-09
8.42057e-07
7.07054e-09
8.39438e-07
6.77384e-09
8.36922e-07
6.53113e-09
8.34509e-07
6.33896e-09
8.32195e-07
6.19497e-09
8.29979e-07
6.09791e-09
8.27861e-07
6.04765e-09
8.25838e-07
6.04519e-09
8.2391e-07
6.09271e-09
8.22078e-07
6.19358e-09
8.2034e-07
6.35234e-09
8.18698e-07
6.57476e-09
8.17152e-07
6.86783e-09
8.15703e-07
7.23991e-09
8.14352e-07
7.70082e-09
8.13101e-07
8.26197e-09
8.11954e-07
8.93655e-09
8.10914e-07
9.73972e-09
8.09987e-07
1.06887e-08
8.0918e-07
1.18032e-08
8.08505e-07
1.31044e-08
8.0798e-07
1.46198e-08
8.07615e-07
1.63654e-08
8.07471e-07
1.84055e-08
2.06564e-08
8.07493e-07
-3.54586e-08
-5.16767e-07
-1.05303e-07
-3.67081e-07
-1.88767e-07
-1.64253e-07
-2.84561e-07
2.92851e-08
-3.91501e-07
2.05311e-07
-5.06746e-07
3.55835e-07
-6.26414e-07
4.75629e-07
-7.44609e-07
5.60675e-07
-8.54665e-07
6.08055e-07
-9.50414e-07
6.16839e-07
-1.02716e-06
5.88648e-07
-1.08218e-06
5.27598e-07
-1.11474e-06
4.39672e-07
-1.12556e-06
3.31753e-07
-1.11641e-06
2.10997e-07
-1.08926e-06
8.32509e-08
-1.04596e-06
-4.559e-08
-9.88208e-07
-1.71046e-07
-9.17213e-07
-2.89323e-07
-8.33967e-07
-3.97523e-07
-7.39281e-07
-4.93133e-07
-6.33935e-07
-5.73863e-07
-5.18854e-07
-6.37662e-07
-3.95237e-07
-6.82898e-07
-2.646e-07
-7.0842e-07
-1.28893e-07
-7.13292e-07
9.41809e-09
-6.96401e-07
1.45144e-07
-6.53955e-07
2.68804e-07
-5.83866e-07
3.72053e-07
-4.92267e-07
4.50914e-07
-3.91185e-07
5.05421e-07
-2.95242e-07
5.35057e-07
-2.12873e-07
5.35888e-07
-1.37602e-07
5.02178e-07
-4.93114e-08
4.23018e-07
8.19139e-08
2.87611e-07
2.8022e-07
9.57202e-08
5.53603e-07
-1.13621e-07
8.58668e-07
-2.80267e-07
1.09943e-06
-3.81395e-07
1.21749e-06
-4.28525e-07
1.22101e-06
-4.46811e-07
1.1534e-06
-4.58356e-07
1.05835e-06
-4.7455e-07
9.61019e-07
-4.97079e-07
8.67868e-07
-5.22896e-07
7.76202e-07
-5.4825e-07
6.82498e-07
-5.70338e-07
5.85571e-07
-5.87455e-07
4.86341e-07
-5.98675e-07
3.86718e-07
-6.03524e-07
2.88806e-07
-6.01746e-07
1.94462e-07
-5.93239e-07
1.05424e-07
-5.78022e-07
2.30689e-08
-5.56146e-07
-5.17314e-08
-5.28313e-07
-1.17597e-07
-4.95426e-07
-1.73823e-07
-4.58596e-07
-2.20313e-07
-4.18994e-07
-2.57648e-07
-3.77655e-07
-2.87089e-07
-3.35334e-07
-3.10421e-07
-2.92376e-07
-3.2973e-07
-2.48733e-07
-3.47041e-07
-2.04085e-07
-3.64017e-07
-1.57991e-07
-3.81887e-07
-1.09975e-07
-4.01469e-07
-5.96562e-08
-4.23136e-07
-6.74966e-09
-4.47107e-07
4.89359e-08
-4.73341e-07
1.07444e-07
-5.0155e-07
1.68678e-07
-5.31219e-07
2.32422e-07
-5.61427e-07
2.98241e-07
-5.90843e-07
3.65478e-07
-6.17808e-07
4.3329e-07
-6.40545e-07
5.0071e-07
-6.57441e-07
5.66774e-07
-6.67287e-07
6.30619e-07
-6.69439e-07
6.9156e-07
-6.63854e-07
7.49125e-07
-6.51013e-07
8.03051e-07
-6.31778e-07
8.53255e-07
-6.07228e-07
8.99787e-07
-5.7851e-07
9.42784e-07
-5.46718e-07
9.82421e-07
-5.1282e-07
1.01888e-06
-4.77618e-07
1.05233e-06
-4.41746e-07
1.08291e-06
-4.05683e-07
1.11071e-06
-3.69781e-07
1.13581e-06
-3.34298e-07
1.15827e-06
-2.9942e-07
1.1781e-06
-2.6529e-07
1.19534e-06
-2.32026e-07
1.21002e-06
-1.99729e-07
1.22218e-06
-1.68497e-07
1.23187e-06
-1.38426e-07
1.23916e-06
-1.09614e-07
1.24413e-06
-8.21594e-08
1.24688e-06
-5.61624e-08
1.24753e-06
-3.17167e-08
1.2462e-06
-8.90351e-09
1.24303e-06
1.2197e-08
1.23819e-06
3.14803e-08
1.23184e-06
4.8939e-08
1.22414e-06
6.456e-08
1.21526e-06
7.83456e-08
1.20537e-06
9.03178e-08
1.19465e-06
1.00517e-07
1.18326e-06
1.09002e-07
1.17136e-06
1.15845e-07
1.15909e-06
1.21133e-07
1.14659e-06
1.24962e-07
1.13399e-06
1.27436e-07
1.12139e-06
1.28668e-07
1.10891e-06
1.2877e-07
1.09662e-06
1.27859e-07
1.08461e-06
1.26051e-07
1.07291e-06
1.2346e-07
1.06159e-06
1.20196e-07
1.05067e-06
1.16365e-07
1.04017e-06
1.1207e-07
1.03009e-06
1.07403e-07
1.02043e-06
1.02455e-07
1.01119e-06
9.73067e-08
1.00235e-06
9.2033e-08
9.93892e-07
8.6702e-08
9.85793e-07
8.13749e-08
9.78036e-07
7.61058e-08
9.70599e-07
7.0942e-08
9.63466e-07
6.59239e-08
9.56619e-07
6.10854e-08
9.50043e-07
5.64542e-08
9.43725e-07
5.20515e-08
9.37652e-07
4.7893e-08
9.31815e-07
4.39891e-08
9.26203e-07
4.03454e-08
9.20807e-07
3.6963e-08
9.1562e-07
3.38395e-08
9.10633e-07
3.09692e-08
9.05839e-07
2.83439e-08
9.0123e-07
2.59533e-08
8.96798e-07
2.37853e-08
8.92538e-07
2.18271e-08
8.8844e-07
2.00647e-08
8.84499e-07
1.84841e-08
8.80708e-07
1.70709e-08
8.77059e-07
1.58111e-08
8.73547e-07
1.46911e-08
8.70165e-07
1.36978e-08
8.66907e-07
1.28191e-08
8.63768e-07
1.20436e-08
8.60742e-07
1.13608e-08
8.57826e-07
1.07614e-08
8.55015e-07
1.02369e-08
8.52305e-07
9.78024e-09
8.49694e-07
9.38521e-09
8.47178e-07
9.04679e-09
8.44756e-07
8.76106e-09
8.42426e-07
8.52521e-09
8.40186e-07
8.33756e-09
8.38036e-07
8.19754e-09
8.35976e-07
8.10576e-09
8.34004e-07
8.06397e-09
8.32123e-07
8.07511e-09
8.30332e-07
8.1433e-09
8.28633e-07
8.27385e-09
8.27027e-07
8.4733e-09
8.25518e-07
8.74947e-09
8.24107e-07
9.11156e-09
8.22799e-07
9.57018e-09
8.21598e-07
1.01375e-08
8.2051e-07
1.08273e-08
8.19544e-07
1.1655e-08
8.18709e-07
1.26378e-08
8.1802e-07
1.37939e-08
8.17495e-07
1.51447e-08
8.17154e-07
1.67061e-08
8.17045e-07
1.85141e-08
2.05323e-08
8.1717e-07
-7.08771e-08
-4.4589e-07
-1.65571e-07
-2.72387e-07
-2.72282e-07
-5.75424e-08
-3.89153e-07
1.46156e-07
-5.13837e-07
3.29995e-07
-6.42234e-07
4.84232e-07
-7.68763e-07
6.02159e-07
-8.86626e-07
6.78538e-07
-9.89313e-07
7.10742e-07
-1.07188e-06
6.99409e-07
-1.13164e-06
6.48404e-07
-1.16812e-06
5.64083e-07
-1.18265e-06
4.54199e-07
-1.17748e-06
3.26587e-07
-1.15523e-06
1.88738e-07
-1.11851e-06
4.65321e-08
-1.06899e-06
-9.511e-08
-1.00823e-06
-2.31803e-07
-9.37194e-07
-3.6036e-07
-8.56464e-07
-4.78252e-07
-7.66354e-07
-5.83243e-07
-6.67119e-07
-6.73098e-07
-5.59199e-07
-7.45582e-07
-4.43328e-07
-7.9877e-07
-3.20464e-07
-8.31283e-07
-1.91749e-07
-8.42008e-07
-5.89455e-08
-8.29204e-07
7.57493e-08
-7.8865e-07
2.04559e-07
-7.12676e-07
3.17439e-07
-6.05147e-07
4.06673e-07
-4.80419e-07
4.67322e-07
-3.55891e-07
4.95031e-07
-2.40582e-07
4.85296e-07
-1.27867e-07
4.32047e-07
3.93806e-09
3.2858e-07
1.85381e-07
1.74101e-07
4.34699e-07
-1.15952e-08
7.39299e-07
-1.77753e-07
1.02483e-06
-2.88788e-07
1.21046e-06
-3.44307e-07
1.27301e-06
-3.64107e-07
1.24081e-06
-3.70976e-07
1.16027e-06
-3.79832e-07
1.06721e-06
-3.95423e-07
9.7661e-07
-4.15991e-07
8.88435e-07
-4.37819e-07
7.9803e-07
-4.57761e-07
7.0244e-07
-4.73858e-07
6.01668e-07
-4.85102e-07
4.97585e-07
-4.91035e-07
3.92651e-07
-4.91454e-07
2.89225e-07
-4.86253e-07
1.89261e-07
-4.75231e-07
9.44019e-08
-4.58154e-07
5.9924e-09
-4.35011e-07
-7.48746e-08
-4.06217e-07
-1.4639e-07
-3.72544e-07
-2.07496e-07
-3.35041e-07
-2.57816e-07
-2.94907e-07
-2.97781e-07
-2.53235e-07
-3.28762e-07
-2.10842e-07
-3.52814e-07
-1.68089e-07
-3.72482e-07
-1.24864e-07
-3.90267e-07
-8.06884e-08
-4.08193e-07
-3.49241e-08
-4.27652e-07
1.30492e-08
-4.49442e-07
6.36853e-08
-4.73772e-07
1.17191e-07
-5.00613e-07
1.73628e-07
-5.29779e-07
2.32934e-07
-5.60855e-07
2.94849e-07
-5.93134e-07
3.58913e-07
-6.25491e-07
4.24441e-07
-6.5637e-07
4.90542e-07
-6.83909e-07
5.56199e-07
-7.06202e-07
6.20373e-07
-7.21615e-07
6.82135e-07
-7.29049e-07
7.40758e-07
-7.28063e-07
7.9577e-07
-7.18867e-07
8.4695e-07
-7.02193e-07
8.9429e-07
-6.79118e-07
9.37943e-07
-6.50881e-07
9.78153e-07
-6.18721e-07
1.01521e-06
-5.83771e-07
1.04938e-06
-5.46989e-07
1.0809e-06
-5.09138e-07
1.10994e-06
-4.70794e-07
1.13664e-06
-4.32377e-07
1.16104e-06
-3.94184e-07
1.18317e-06
-3.56431e-07
1.20303e-06
-3.19276e-07
1.22059e-06
-2.82849e-07
1.23583e-06
-2.47263e-07
1.24873e-06
-2.12629e-07
1.25929e-06
-1.79058e-07
1.26753e-06
-1.46665e-07
1.27348e-06
-1.15571e-07
1.27722e-06
-8.58953e-08
1.27882e-06
-5.7759e-08
1.27837e-06
-3.12743e-08
1.27601e-06
-6.53537e-09
1.27186e-06
1.63459e-08
1.26607e-06
3.7263e-08
1.25881e-06
5.62009e-08
1.25023e-06
7.31397e-08
1.2405e-06
8.80776e-08
1.22978e-06
1.01036e-07
1.21824e-06
1.12056e-07
1.20605e-06
1.212e-07
1.19334e-06
1.28549e-07
1.18028e-06
1.34197e-07
1.16699e-06
1.3825e-07
1.1536e-06
1.40826e-07
1.14022e-06
1.42048e-07
1.12695e-06
1.42043e-07
1.11386e-06
1.40941e-07
1.10105e-06
1.3887e-07
1.08855e-06
1.35957e-07
1.07642e-06
1.32324e-07
1.0647e-06
1.2809e-07
1.0534e-06
1.23366e-07
1.04255e-06
1.18256e-07
1.03214e-06
1.12858e-07
1.02219e-06
1.0726e-07
1.01268e-06
1.01544e-07
1.0036e-06
9.57822e-08
9.94935e-07
9.00389e-08
9.8667e-07
8.43704e-08
9.78787e-07
7.88253e-08
9.71266e-07
7.34446e-08
9.64089e-07
6.82621e-08
9.57239e-07
6.33047e-08
9.50697e-07
5.85931e-08
9.44448e-07
5.41419e-08
9.38477e-07
4.99606e-08
9.32768e-07
4.60539e-08
9.27309e-07
4.2422e-08
9.22087e-07
3.90617e-08
9.1709e-07
3.59668e-08
9.12305e-07
3.31282e-08
9.07723e-07
3.05353e-08
9.03333e-07
2.81754e-08
8.99125e-07
2.60352e-08
8.95089e-07
2.41004e-08
8.91217e-07
2.23564e-08
8.87499e-07
2.07885e-08
8.83928e-07
1.93823e-08
8.80495e-07
1.81238e-08
8.77194e-07
1.69993e-08
8.74017e-07
1.59963e-08
8.70958e-07
1.51028e-08
8.6801e-07
1.43079e-08
8.6517e-07
1.36017e-08
8.62432e-07
1.29753e-08
8.59791e-07
1.24208e-08
8.57245e-07
1.19317e-08
8.54789e-07
1.15022e-08
8.52422e-07
1.1128e-08
8.50142e-07
1.08057e-08
8.47946e-07
1.0533e-08
8.45835e-07
1.0309e-08
8.43807e-07
1.01336e-08
8.41863e-07
1.00081e-08
8.40003e-07
9.93491e-09
8.38229e-07
9.9176e-09
8.36542e-07
9.9609e-09
8.34944e-07
1.00707e-08
8.33439e-07
1.02543e-08
8.32031e-07
1.05199e-08
8.30724e-07
1.08773e-08
8.29524e-07
1.13375e-08
8.28439e-07
1.19127e-08
8.27477e-07
1.26166e-08
8.26651e-07
1.34637e-08
8.25976e-07
1.44694e-08
8.2547e-07
1.565e-08
8.25158e-07
1.70186e-08
8.25076e-07
1.85957e-08
2.03604e-08
8.25248e-07
-9.82651e-08
-3.47625e-07
-2.14311e-07
-1.56341e-07
-3.3907e-07
6.72165e-08
-4.7155e-07
2.78637e-07
-6.07217e-07
4.65662e-07
-7.40976e-07
6.17991e-07
-8.66093e-07
7.27275e-07
-9.75692e-07
7.88138e-07
-1.06428e-06
7.99327e-07
-1.12875e-06
7.63883e-07
-1.16866e-06
6.88314e-07
-1.18568e-06
5.81098e-07
-1.18279e-06
4.51311e-07
-1.16341e-06
3.07208e-07
-1.13059e-06
1.55918e-07
-1.08701e-06
2.94793e-09
-1.03418e-06
-1.47935e-07
-9.73315e-07
-2.92668e-07
-9.05177e-07
-4.28499e-07
-8.30061e-07
-5.53368e-07
-7.47879e-07
-6.65426e-07
-6.58497e-07
-7.6248e-07
-5.62106e-07
-8.41973e-07
-4.59252e-07
-9.01623e-07
-3.50497e-07
-9.40039e-07
-2.36067e-07
-9.56437e-07
-1.1626e-07
-9.49011e-07
8.65639e-09
-9.13566e-07
1.3533e-07
-8.3935e-07
2.5242e-07
-7.22237e-07
3.47169e-07
-5.75167e-07
4.0935e-07
-4.18073e-07
4.31998e-07
-2.63231e-07
4.10894e-07
-1.06763e-07
3.42032e-07
7.28003e-08
2.26057e-07
3.01355e-07
7.30592e-08
5.87697e-07
-8.23405e-08
8.94699e-07
-1.99228e-07
1.14171e-06
-2.64127e-07
1.27536e-06
-2.87946e-07
1.29683e-06
-2.91315e-07
1.24418e-06
-2.91774e-07
1.16073e-06
-2.97906e-07
1.07334e-06
-3.10362e-07
9.89066e-07
-3.26081e-07
9.04154e-07
-3.41674e-07
8.13623e-07
-3.54749e-07
7.15515e-07
-3.64011e-07
6.10929e-07
-3.68909e-07
5.02483e-07
-3.69339e-07
3.93082e-07
-3.65384e-07
2.8527e-07
-3.57062e-07
1.80938e-07
-3.44195e-07
8.15355e-08
-3.26209e-07
-1.19938e-08
-3.02987e-07
-9.80966e-08
-2.7462e-07
-1.74757e-07
-2.41667e-07
-2.40449e-07
-2.05008e-07
-2.94475e-07
-1.65799e-07
-3.36991e-07
-1.25136e-07
-3.69424e-07
-8.38178e-08
-3.94132e-07
-4.21056e-08
-4.14194e-07
2.09782e-10
-4.32582e-07
4.3678e-08
-4.51661e-07
8.89903e-08
-4.72964e-07
1.36757e-07
-4.97209e-07
1.87448e-07
-5.24463e-07
2.41286e-07
-5.54451e-07
2.98231e-07
-5.86724e-07
3.58019e-07
-6.20643e-07
4.20156e-07
-6.55271e-07
4.83912e-07
-6.89247e-07
5.48329e-07
-7.20788e-07
6.12297e-07
-7.47877e-07
6.74669e-07
-7.68573e-07
7.34407e-07
-7.81354e-07
7.90712e-07
-7.85353e-07
8.43083e-07
-7.80434e-07
8.9133e-07
-7.67114e-07
9.35527e-07
-7.4639e-07
9.75941e-07
-7.19532e-07
1.01295e-06
-6.87889e-07
1.04697e-06
-6.52741e-07
1.07839e-06
-6.15196e-07
1.10755e-06
-5.76145e-07
1.13467e-06
-5.36263e-07
1.15991e-06
-4.96032e-07
1.18332e-06
-4.55787e-07
1.2049e-06
-4.1576e-07
1.22459e-06
-3.76121e-07
1.24231e-06
-3.37003e-07
1.25799e-06
-2.98528e-07
1.27155e-06
-2.60818e-07
1.28292e-06
-2.23998e-07
1.29206e-06
-1.88204e-07
1.29898e-06
-1.53579e-07
1.30368e-06
-1.2027e-07
1.30621e-06
-8.84258e-08
1.30664e-06
-5.8194e-08
1.30507e-06
-2.97076e-08
1.30162e-06
-3.08226e-09
1.29643e-06
2.15375e-08
1.28964e-06
4.40476e-08
1.28142e-06
6.44239e-08
1.27192e-06
8.26394e-08
1.26131e-06
9.86896e-08
1.24975e-06
1.12595e-07
1.23741e-06
1.24401e-07
1.22443e-06
1.34174e-07
1.21098e-06
1.42e-07
1.1972e-06
1.47982e-07
1.18321e-06
1.52239e-07
1.16914e-06
1.54897e-07
1.15509e-06
1.56093e-07
1.14117e-06
1.55967e-07
1.12745e-06
1.5466e-07
1.11401e-06
1.52313e-07
1.1009e-06
1.49067e-07
1.08816e-06
1.45055e-07
1.07585e-06
1.40405e-07
1.06398e-06
1.35239e-07
1.05256e-06
1.29671e-07
1.04162e-06
1.23804e-07
1.03114e-06
1.17736e-07
1.02113e-06
1.11553e-07
1.01158e-06
1.05331e-07
1.00248e-06
9.91396e-08
9.93815e-07
9.30373e-08
9.85565e-07
8.70746e-08
9.77716e-07
8.12938e-08
9.70249e-07
7.57293e-08
9.63146e-07
7.04082e-08
9.56388e-07
6.53512e-08
9.49957e-07
6.05725e-08
9.43837e-07
5.60809e-08
9.3801e-07
5.18806e-08
9.32461e-07
4.79711e-08
9.27174e-07
4.43486e-08
9.22135e-07
4.10059e-08
9.1733e-07
3.79335e-08
9.12745e-07
3.512e-08
9.08368e-07
3.25522e-08
9.04187e-07
3.0216e-08
9.00191e-07
2.80966e-08
8.96369e-07
2.61788e-08
8.9271e-07
2.44473e-08
8.89205e-07
2.28872e-08
8.85845e-07
2.14839e-08
8.82621e-07
2.02231e-08
8.79526e-07
1.90918e-08
8.76551e-07
1.80774e-08
8.73691e-07
1.71683e-08
8.70938e-07
1.63541e-08
8.68288e-07
1.56252e-08
8.65736e-07
1.49733e-08
8.63277e-07
1.43911e-08
8.60907e-07
1.38722e-08
8.58623e-07
1.34118e-08
8.56423e-07
1.30057e-08
8.54305e-07
1.26512e-08
8.52267e-07
1.23466e-08
8.50309e-07
1.20914e-08
8.48431e-07
1.18862e-08
8.46633e-07
1.17328e-08
8.44917e-07
1.1634e-08
8.43284e-07
1.15939e-08
8.41737e-07
1.16177e-08
8.40279e-07
1.17118e-08
8.38916e-07
1.18836e-08
8.37651e-07
1.21418e-08
8.36492e-07
1.24962e-08
8.35448e-07
1.29574e-08
8.34527e-07
1.35372e-08
8.33743e-07
1.42479e-08
8.3311e-07
1.51018e-08
8.32649e-07
1.61116e-08
8.32381e-07
1.72867e-08
8.32337e-07
1.86394e-08
2.01535e-08
8.32544e-07
-1.17443e-07
-2.30182e-07
-2.48165e-07
-2.56199e-08
-3.85383e-07
2.04435e-07
-5.25853e-07
4.19106e-07
-6.64969e-07
6.04778e-07
-7.96338e-07
7.4936e-07
-9.12737e-07
8.43674e-07
-1.00781e-06
8.83215e-07
-1.07757e-06
8.69084e-07
-1.12109e-06
8.07401e-07
-1.14029e-06
7.07511e-07
-1.1389e-06
5.79716e-07
-1.12126e-06
4.3367e-07
-1.09126e-06
2.77204e-07
-1.05195e-06
1.16607e-07
-1.00477e-06
-4.4229e-08
-9.51217e-07
-2.0149e-07
-8.9235e-07
-3.51536e-07
-8.28961e-07
-4.91887e-07
-7.61223e-07
-6.21107e-07
-6.88649e-07
-7.38e-07
-6.10712e-07
-8.40416e-07
-5.27595e-07
-9.2509e-07
-4.40275e-07
-9.88943e-07
-3.49683e-07
-1.03063e-06
-2.55706e-07
-1.05041e-06
-1.56931e-07
-1.04779e-06
-5.19793e-08
-1.01852e-06
5.98146e-08
-9.51144e-07
1.6994e-07
-8.32363e-07
2.62444e-07
-6.67671e-07
3.22962e-07
-4.7859e-07
3.41929e-07
-2.82198e-07
3.15446e-07
-8.02798e-08
2.42047e-07
1.46199e-07
1.29022e-07
4.14381e-07
-2.79896e-09
7.19518e-07
-1.16677e-07
1.00858e-06
-1.88498e-07
1.21353e-06
-2.1802e-07
1.30488e-06
-2.20235e-07
1.29905e-06
-2.12928e-07
1.23687e-06
-2.08142e-07
1.15595e-06
-2.09914e-07
1.07511e-06
-2.16816e-07
9.95968e-07
-2.25636e-07
9.12973e-07
-2.3368e-07
8.21668e-07
-2.39144e-07
7.20979e-07
-2.41203e-07
6.12988e-07
-2.39649e-07
5.00929e-07
-2.34762e-07
3.88195e-07
-2.26932e-07
2.77439e-07
-2.16152e-07
1.70159e-07
-2.02071e-07
6.74544e-08
-1.83756e-07
-3.03094e-08
-1.61167e-07
-1.20685e-07
-1.34171e-07
-2.01753e-07
-1.0327e-07
-2.7135e-07
-6.89318e-08
-3.28814e-07
-3.20045e-08
-3.73918e-07
6.53705e-09
-4.07966e-07
4.59234e-08
-4.33519e-07
8.58507e-08
-4.54121e-07
1.26599e-07
-4.7333e-07
1.68845e-07
-4.93906e-07
2.13369e-07
-5.17488e-07
2.60803e-07
-5.44643e-07
3.11516e-07
-5.75176e-07
3.65576e-07
-6.08511e-07
4.22758e-07
-6.43906e-07
4.8257e-07
-6.80455e-07
5.44249e-07
-7.16951e-07
6.06782e-07
-7.51779e-07
6.68959e-07
-7.82965e-07
7.29503e-07
-8.08421e-07
7.87237e-07
-8.26307e-07
8.41242e-07
-8.35359e-07
8.90957e-07
-8.35067e-07
9.36196e-07
-8.25673e-07
9.77103e-07
-8.08021e-07
1.01406e-06
-7.83348e-07
1.04759e-06
-7.53064e-07
1.07827e-06
-7.18566e-07
1.10662e-06
-6.81097e-07
1.1331e-06
-6.41674e-07
1.15802e-06
-6.01063e-07
1.18156e-06
-5.59803e-07
1.20379e-06
-5.18256e-07
1.22466e-06
-4.76659e-07
1.24407e-06
-4.35178e-07
1.2619e-06
-3.93945e-07
1.27798e-06
-3.53082e-07
1.29217e-06
-3.12716e-07
1.30434e-06
-2.72988e-07
1.31439e-06
-2.34053e-07
1.32227e-06
-1.96079e-07
1.32793e-06
-1.59245e-07
1.33139e-06
-1.23732e-07
1.33269e-06
-8.97248e-08
1.3319e-06
-5.74008e-08
1.32911e-06
-2.69182e-08
1.32445e-06
1.57718e-09
1.31808e-06
2.79074e-08
1.31015e-06
5.19773e-08
1.30082e-06
7.37507e-08
1.29027e-06
9.31945e-08
1.27866e-06
1.10303e-07
1.26615e-06
1.251e-07
1.25292e-06
1.37634e-07
1.23911e-06
1.47978e-07
1.22489e-06
1.56227e-07
1.21037e-06
1.62496e-07
1.1957e-06
1.6691e-07
1.18099e-06
1.69611e-07
1.16634e-06
1.70745e-07
1.15184e-06
1.70465e-07
1.13757e-06
1.68925e-07
1.12361e-06
1.66278e-07
1.11e-06
1.62676e-07
1.09679e-06
1.58262e-07
1.08402e-06
1.53177e-07
1.07171e-06
1.4755e-07
1.05987e-06
1.41504e-07
1.04853e-06
1.35151e-07
1.03767e-06
1.28592e-07
1.02731e-06
1.2192e-07
1.01742e-06
1.15217e-07
1.00801e-06
1.08554e-07
9.99049e-07
1.01994e-07
9.90535e-07
9.55882e-08
9.82448e-07
8.93815e-08
9.74768e-07
8.3409e-08
9.67478e-07
7.76984e-08
9.60559e-07
7.22704e-08
9.53992e-07
6.71393e-08
9.47759e-07
6.23137e-08
9.41842e-07
5.7797e-08
9.36225e-07
5.35885e-08
9.3089e-07
4.96837e-08
9.25821e-07
4.60747e-08
9.21003e-07
4.27515e-08
9.16421e-07
3.97017e-08
9.12062e-07
3.69117e-08
9.07911e-07
3.43667e-08
9.03957e-07
3.20511e-08
9.00186e-07
2.99491e-08
8.96589e-07
2.80449e-08
8.93153e-07
2.63227e-08
8.8987e-07
2.47673e-08
8.86729e-07
2.33641e-08
8.83722e-07
2.20991e-08
8.8084e-07
2.09592e-08
8.78076e-07
1.99322e-08
8.75423e-07
1.90071e-08
8.72875e-07
1.81735e-08
8.70425e-07
1.74226e-08
8.6807e-07
1.67464e-08
8.65804e-07
1.61379e-08
8.63625e-07
1.55916e-08
8.61528e-07
1.51027e-08
8.59511e-07
1.46678e-08
8.57573e-07
1.42845e-08
8.55713e-07
1.39517e-08
8.5393e-07
1.36693e-08
8.52224e-07
1.34383e-08
8.50597e-07
1.32609e-08
8.49051e-07
1.31404e-08
8.47587e-07
1.30811e-08
8.46211e-07
1.30884e-08
8.44925e-07
1.3169e-08
8.43737e-07
1.33302e-08
8.42653e-07
1.35806e-08
8.41681e-07
1.39293e-08
8.40832e-07
1.43863e-08
8.40118e-07
1.49616e-08
8.39555e-07
1.56653e-08
8.39159e-07
1.65069e-08
8.38953e-07
1.74928e-08
8.38962e-07
1.86305e-08
1.99061e-08
8.3921e-07
-1.2832e-07
-1.01861e-07
-2.66356e-07
1.12416e-07
-4.07866e-07
3.45944e-07
-5.48926e-07
5.60166e-07
-6.8403e-07
7.39882e-07
-8.06013e-07
8.71344e-07
-9.07642e-07
9.45302e-07
-9.83562e-07
9.59135e-07
-1.03178e-06
9.17302e-07
-1.054e-06
8.29617e-07
-1.05467e-06
7.08183e-07
-1.03922e-06
5.64266e-07
-1.01223e-06
4.06679e-07
-9.76929e-07
2.41906e-07
-9.34998e-07
7.46764e-08
-8.86973e-07
-9.22534e-08
-8.34067e-07
-2.54396e-07
-7.77864e-07
-4.07739e-07
-7.19829e-07
-5.49922e-07
-6.60325e-07
-6.80611e-07
-5.98252e-07
-8.00073e-07
-5.32168e-07
-9.065e-07
-4.61954e-07
-9.95304e-07
-3.89396e-07
-1.0615e-06
-3.16903e-07
-1.10312e-06
-2.45311e-07
-1.12201e-06
-1.72444e-07
-1.12065e-06
-9.45153e-08
-1.09645e-06
-8.19328e-09
-1.03747e-06
8.38166e-08
-9.24373e-07
1.66553e-07
-7.50407e-07
2.22421e-07
-5.34459e-07
2.40311e-07
-3.00087e-07
2.14483e-07
-5.44522e-08
1.46924e-07
2.13758e-07
5.03315e-08
5.10973e-07
-4.81378e-08
8.17987e-07
-1.19965e-07
1.0804e-06
-1.5428e-07
1.24785e-06
-1.57536e-07
1.30814e-06
-1.44604e-07
1.28611e-06
-1.29142e-07
1.22141e-06
-1.18633e-07
1.14544e-06
-1.14284e-07
1.07076e-06
-1.13919e-07
9.95603e-07
-1.14679e-07
9.13733e-07
-1.14767e-07
8.21756e-07
-1.12694e-07
7.18906e-07
-1.08087e-07
6.08381e-07
-1.01055e-07
4.93898e-07
-9.21552e-08
3.79295e-07
-8.18902e-08
2.67174e-07
-6.99222e-08
1.58191e-07
-5.47779e-08
5.23101e-08
-3.58745e-08
-4.92128e-08
-1.34081e-08
-1.43152e-07
1.2184e-08
-2.27345e-07
4.13556e-08
-3.00521e-07
7.32299e-08
-3.60688e-07
1.06995e-07
-4.07683e-07
1.41987e-07
-4.42958e-07
1.77944e-07
-4.69475e-07
2.14973e-07
-4.9115e-07
2.53534e-07
-5.11892e-07
2.94323e-07
-5.34695e-07
3.38031e-07
-5.61196e-07
3.85141e-07
-5.91753e-07
4.3582e-07
-6.25855e-07
4.89901e-07
-6.62593e-07
5.46909e-07
-7.00914e-07
6.06074e-07
-7.3962e-07
6.66347e-07
-7.77224e-07
7.26447e-07
-8.11879e-07
7.84978e-07
-8.41496e-07
8.40611e-07
-8.64054e-07
8.9228e-07
-8.77976e-07
9.39323e-07
-8.82401e-07
9.81525e-07
-8.77269e-07
1.01908e-06
-8.63224e-07
1.05247e-06
-8.4141e-07
1.08236e-06
-8.13245e-07
1.1095e-06
-7.80202e-07
1.13457e-06
-7.43638e-07
1.15816e-06
-7.04684e-07
1.18068e-06
-6.64192e-07
1.20236e-06
-6.22748e-07
1.22328e-06
-5.80723e-07
1.24337e-06
-5.38344e-07
1.26247e-06
-4.95758e-07
1.28037e-06
-4.53081e-07
1.29685e-06
-4.10426e-07
1.3117e-06
-3.67924e-07
1.3247e-06
-3.25725e-07
1.33572e-06
-2.84002e-07
1.34462e-06
-2.42949e-07
1.35131e-06
-2.02775e-07
1.35577e-06
-1.63699e-07
1.35798e-06
-1.25945e-07
1.35799e-06
-8.97367e-08
1.35588e-06
-5.52863e-08
1.35174e-06
-2.27812e-08
1.34572e-06
7.5937e-09
1.338e-06
3.56275e-08
1.32874e-06
6.12381e-08
1.31812e-06
8.43731e-08
1.30632e-06
1.04995e-07
1.29352e-06
1.23101e-07
1.2799e-06
1.38718e-07
1.26563e-06
1.51903e-07
1.25087e-06
1.62739e-07
1.23577e-06
1.71333e-07
1.22045e-06
1.7781e-07
1.20505e-06
1.82311e-07
1.18967e-06
1.84987e-07
1.17442e-06
1.86e-07
1.15937e-06
1.85513e-07
1.1446e-06
1.83693e-07
1.13018e-06
1.80705e-07
1.11614e-06
1.7671e-07
1.10254e-06
1.71865e-07
1.0894e-06
1.66316e-07
1.07675e-06
1.60203e-07
1.0646e-06
1.53655e-07
1.05295e-06
1.46793e-07
1.04182e-06
1.39723e-07
1.0312e-06
1.32543e-07
1.02108e-06
1.25338e-07
1.01145e-06
1.18185e-07
1.00229e-06
1.11147e-07
9.93604e-07
1.0428e-07
9.85357e-07
9.76276e-08
9.77538e-07
9.12279e-08
9.70128e-07
8.51087e-08
9.63107e-07
7.92911e-08
9.56457e-07
7.37894e-08
9.50159e-07
6.86119e-08
9.44194e-07
6.3762e-08
9.38545e-07
5.92383e-08
9.33192e-07
5.50357e-08
9.28121e-07
5.1146e-08
9.23315e-07
4.75582e-08
9.18757e-07
4.42595e-08
9.14433e-07
4.12355e-08
9.10329e-07
3.84707e-08
9.06431e-07
3.59489e-08
9.02726e-07
3.36535e-08
8.99203e-07
3.15681e-08
8.9585e-07
2.96762e-08
8.92655e-07
2.79619e-08
8.89609e-07
2.641e-08
8.86703e-07
2.50057e-08
8.83926e-07
2.37355e-08
8.81272e-07
2.25864e-08
8.78733e-07
2.15466e-08
8.76301e-07
2.06055e-08
8.7397e-07
1.97531e-08
8.71736e-07
1.89811e-08
8.69592e-07
1.82818e-08
8.67534e-07
1.76488e-08
8.6556e-07
1.70769e-08
8.63666e-07
1.65618e-08
8.6185e-07
1.61007e-08
8.6011e-07
1.56914e-08
8.58446e-07
1.53333e-08
8.56858e-07
1.50265e-08
8.55347e-07
1.47725e-08
8.53913e-07
1.45737e-08
8.52561e-07
1.44336e-08
8.51293e-07
1.43566e-08
8.50113e-07
1.43482e-08
8.49029e-07
1.44147e-08
8.48046e-07
1.45634e-08
8.47173e-07
1.48019e-08
8.46421e-07
1.51384e-08
8.45802e-07
1.55811e-08
8.45329e-07
1.61381e-08
8.4502e-07
1.68162e-08
8.44893e-07
1.76199e-08
8.44969e-07
1.85537e-08
1.96059e-08
8.4527e-07
-1.30454e-07
2.85929e-08
-2.67739e-07
2.49701e-07
-4.05694e-07
4.83899e-07
-5.3997e-07
6.94442e-07
-6.64223e-07
8.64136e-07
-7.70897e-07
9.78018e-07
-8.53233e-07
1.02764e-06
-9.07491e-07
1.01339e-06
-9.34339e-07
9.44149e-07
-9.38439e-07
8.33717e-07
-9.26297e-07
6.96042e-07
-9.03615e-07
5.41584e-07
-8.73637e-07
3.76701e-07
-8.37884e-07
2.06153e-07
-7.9608e-07
3.28729e-08
-7.48011e-07
-1.40323e-07
-6.9518e-07
-3.07227e-07
-6.40261e-07
-4.62658e-07
-5.86402e-07
-6.0378e-07
-5.3499e-07
-7.32023e-07
-4.84293e-07
-8.50769e-07
-4.31084e-07
-9.59709e-07
-3.73793e-07
-1.05259e-06
-3.14347e-07
-1.12095e-06
-2.57055e-07
-1.16042e-06
-2.05337e-07
-1.17372e-06
-1.58359e-07
-1.16763e-06
-1.10491e-07
-1.14431e-06
-5.51306e-08
-1.09283e-06
1.07867e-08
-9.9029e-07
7.70221e-08
-8.16642e-07
1.2571e-07
-5.83146e-07
1.43039e-07
-3.17417e-07
1.22036e-07
-3.34494e-08
6.80674e-08
2.67727e-07
-2.24017e-09
5.81281e-07
-6.36167e-08
8.79364e-07
-9.80074e-08
1.1148e-06
-1.02699e-07
1.25254e-06
-8.65523e-08
1.29199e-06
-6.23307e-08
1.26189e-06
-3.96027e-08
1.19868e-06
-2.26193e-08
1.12845e-06
-1.10377e-08
1.05918e-06
-2.709e-09
9.87274e-07
4.41775e-09
9.06606e-07
1.2361e-08
8.13813e-07
2.13858e-08
7.09881e-07
3.17847e-08
5.97982e-07
4.33663e-08
4.82316e-07
5.57654e-08
3.66896e-07
6.90697e-08
2.5387e-07
8.38607e-08
1.434e-07
1.00863e-07
3.53076e-08
1.19853e-07
-6.82027e-08
1.41042e-07
-1.64341e-07
1.64856e-07
-2.51159e-07
1.90874e-07
-3.26539e-07
2.188e-07
-3.88615e-07
2.48214e-07
-4.37097e-07
2.78865e-07
-4.73609e-07
3.10835e-07
-5.01445e-07
3.44549e-07
-5.24864e-07
3.80672e-07
-5.48015e-07
4.19919e-07
-5.73942e-07
4.62831e-07
-6.04108e-07
5.09619e-07
-6.38541e-07
5.6013e-07
-6.76366e-07
6.13873e-07
-7.16336e-07
6.70059e-07
-7.571e-07
7.27618e-07
-7.97179e-07
7.85228e-07
-8.34834e-07
8.41411e-07
-8.68062e-07
8.94707e-07
-8.94792e-07
9.43897e-07
-9.13244e-07
9.8819e-07
-9.22269e-07
1.02731e-06
-9.21522e-07
1.06147e-06
-9.11425e-07
1.09123e-06
-8.9299e-07
1.11741e-06
-8.6759e-07
1.1409e-06
-8.3673e-07
1.16255e-06
-8.01853e-07
1.1831e-06
-7.64188e-07
1.20308e-06
-7.24666e-07
1.22279e-06
-6.83907e-07
1.24232e-06
-6.42277e-07
1.26157e-06
-5.99969e-07
1.28031e-06
-5.57088e-07
1.29827e-06
-5.13719e-07
1.31515e-06
-4.69959e-07
1.33066e-06
-4.25934e-07
1.34454e-06
-3.81803e-07
1.35657e-06
-3.37754e-07
1.36656e-06
-2.94e-07
1.37439e-06
-2.50779e-07
1.37996e-06
-2.08343e-07
1.38322e-06
-1.66958e-07
1.38417e-06
-1.26892e-07
1.38285e-06
-8.84127e-08
1.37933e-06
-5.17701e-08
1.37374e-06
-1.71878e-08
1.36623e-06
1.50992e-08
1.357e-06
4.48563e-08
1.34623e-06
7.20064e-08
1.33413e-06
9.64799e-08
1.32088e-06
1.18237e-07
1.30671e-06
1.37278e-07
1.29179e-06
1.53638e-07
1.2763e-06
1.67386e-07
1.26043e-06
1.78618e-07
1.2443e-06
1.87457e-07
1.22807e-06
1.94044e-07
1.21184e-06
1.98534e-07
1.19574e-06
2.01094e-07
1.17984e-06
2.019e-07
1.16422e-06
2.01129e-07
1.14895e-06
1.98961e-07
1.13409e-06
1.95571e-07
1.11967e-06
1.91132e-07
1.10572e-06
1.85808e-07
1.09228e-06
1.79756e-07
1.07936e-06
1.73123e-07
1.06697e-06
1.66046e-07
1.05512e-06
1.58648e-07
1.0438e-06
1.51044e-07
1.033e-06
1.43335e-07
1.02273e-06
1.35611e-07
1.01296e-06
1.2795e-07
1.00369e-06
1.20418e-07
9.94901e-07
1.13073e-07
9.86568e-07
1.0596e-07
9.78677e-07
9.91189e-08
9.71209e-07
9.2577e-08
9.64144e-07
8.63559e-08
9.57463e-07
8.04702e-08
9.51147e-07
7.4928e-08
9.45177e-07
6.97323e-08
9.39534e-07
6.48814e-08
9.342e-07
6.03696e-08
9.29158e-07
5.61881e-08
9.24391e-07
5.23254e-08
9.19882e-07
4.8768e-08
9.15617e-07
4.55007e-08
9.1158e-07
4.25074e-08
9.07758e-07
3.97711e-08
9.04137e-07
3.72747e-08
9.00704e-07
3.50009e-08
8.97448e-07
3.29326e-08
8.94356e-07
3.10534e-08
8.91419e-07
2.93471e-08
8.88626e-07
2.77986e-08
8.85968e-07
2.63934e-08
8.83437e-07
2.5118e-08
8.81023e-07
2.39601e-08
8.78721e-07
2.29081e-08
8.76522e-07
2.19517e-08
8.74422e-07
2.10816e-08
8.72414e-07
2.02897e-08
8.70493e-07
1.95689e-08
8.68657e-07
1.89131e-08
8.66901e-07
1.83176e-08
8.65224e-07
1.77785e-08
8.63622e-07
1.72933e-08
8.62095e-07
1.68602e-08
8.60643e-07
1.64788e-08
8.59265e-07
1.61496e-08
8.57965e-07
1.58742e-08
8.56743e-07
1.56551e-08
8.55604e-07
1.54958e-08
8.54552e-07
1.54006e-08
8.53592e-07
1.53749e-08
8.52731e-07
1.54243e-08
8.51977e-07
1.55553e-08
8.51341e-07
1.57745e-08
8.50834e-07
1.60885e-08
8.50469e-07
1.65034e-08
8.5026e-07
1.70244e-08
8.50226e-07
1.76544e-08
8.50384e-07
1.83959e-08
1.92397e-08
8.5075e-07
-1.23611e-07
1.52203e-07
-2.52302e-07
3.78393e-07
-3.79419e-07
6.11016e-07
-5.00147e-07
8.15169e-07
-6.07678e-07
9.71667e-07
-6.94588e-07
1.06493e-06
-7.55235e-07
1.08828e-06
-7.88192e-07
1.04635e-06
-7.97137e-07
9.53094e-07
-7.89128e-07
8.25708e-07
-7.71137e-07
6.7805e-07
-7.47384e-07
5.17832e-07
-7.18922e-07
3.48238e-07
-6.85497e-07
1.72728e-07
-6.45237e-07
-7.38729e-09
-5.97636e-07
-1.87924e-07
-5.43995e-07
-3.60868e-07
-4.87995e-07
-5.18658e-07
-4.35318e-07
-6.56458e-07
-3.8979e-07
-7.7755e-07
-3.49977e-07
-8.90583e-07
-3.10706e-07
-9.98981e-07
-2.67813e-07
-1.09549e-06
-2.21733e-07
-1.16703e-06
-1.77361e-07
-1.20479e-06
-1.4096e-07
-1.21013e-06
-1.15442e-07
-1.19315e-06
-9.63652e-08
-1.16339e-06
-7.35777e-08
-1.11561e-06
-3.93813e-08
-1.02449e-06
5.40764e-09
-8.61431e-07
4.41933e-08
-6.21932e-07
6.11593e-08
-3.34383e-07
4.90576e-08
-2.13477e-08
1.43855e-08
3.02399e-07
-2.56703e-08
6.21336e-07
-5.22522e-08
9.05946e-07
-5.57565e-08
1.1183e-06
-3.78259e-08
1.23461e-06
-7.19536e-09
1.26136e-06
2.62702e-08
1.22843e-06
5.58491e-08
1.1691e-06
7.97735e-08
1.10453e-06
9.91773e-08
1.03978e-06
1.15952e-07
9.70499e-07
1.31518e-07
8.91041e-07
1.46539e-07
7.98792e-07
1.61589e-07
6.94831e-07
1.76751e-07
5.8282e-07
1.91881e-07
4.67185e-07
2.07041e-07
3.51736e-07
2.22685e-07
2.38226e-07
2.39086e-07
1.26999e-07
2.56845e-07
1.75486e-08
2.75702e-07
-8.70599e-08
2.96026e-07
-1.84665e-07
3.17872e-07
-2.73006e-07
3.40885e-07
-3.49552e-07
3.64815e-07
-4.12545e-07
3.8963e-07
-4.61912e-07
4.15601e-07
-4.99579e-07
4.43331e-07
-5.29175e-07
4.73654e-07
-5.55188e-07
5.07432e-07
-5.81793e-07
5.45313e-07
-6.11823e-07
5.87558e-07
-6.46352e-07
6.33981e-07
-6.84965e-07
6.84015e-07
-7.264e-07
7.3679e-07
-7.69111e-07
7.91186e-07
-8.11496e-07
8.45849e-07
-8.51841e-07
8.99254e-07
-8.8824e-07
9.49854e-07
-9.18662e-07
9.96299e-07
-9.41237e-07
1.03767e-06
-9.54614e-07
1.0736e-06
-9.58204e-07
1.1043e-06
-9.52217e-07
1.13039e-06
-9.37519e-07
1.1528e-06
-9.154e-07
1.17256e-06
-8.87352e-07
1.1907e-06
-8.54867e-07
1.2081e-06
-8.19255e-07
1.22543e-06
-7.81517e-07
1.24307e-06
-7.42304e-07
1.26112e-06
-7.01954e-07
1.27944e-06
-6.60599e-07
1.29775e-06
-6.1828e-07
1.31569e-06
-5.7503e-07
1.33289e-06
-5.3092e-07
1.34901e-06
-4.86071e-07
1.36372e-06
-4.40649e-07
1.37677e-06
-3.94851e-07
1.38792e-06
-3.48907e-07
1.39699e-06
-3.03069e-07
1.40383e-06
-2.57614e-07
1.40832e-06
-2.12839e-07
1.41042e-06
-1.69056e-07
1.41011e-06
-1.26584e-07
1.40744e-06
-8.5739e-08
1.40248e-06
-4.68127e-08
1.39537e-06
-1.00732e-08
1.38629e-06
2.41805e-08
1.37544e-06
5.57057e-08
1.36303e-06
8.44133e-08
1.34929e-06
1.10218e-07
1.33445e-06
1.33079e-07
1.31873e-06
1.53e-07
1.30234e-06
1.70029e-07
1.28547e-06
1.84248e-07
1.26832e-06
1.95773e-07
1.25103e-06
2.04745e-07
1.23375e-06
2.11325e-07
1.2166e-06
2.15688e-07
1.19967e-06
2.1802e-07
1.18306e-06
2.18513e-07
1.16682e-06
2.1736e-07
1.15103e-06
2.14754e-07
1.13572e-06
2.10882e-07
1.12093e-06
2.05927e-07
1.10667e-06
2.00064e-07
1.09297e-06
1.93457e-07
1.07983e-06
1.86259e-07
1.06727e-06
1.78614e-07
1.05526e-06
1.70649e-07
1.04382e-06
1.62485e-07
1.03294e-06
1.54224e-07
1.02259e-06
1.4596e-07
1.01276e-06
1.37773e-07
1.00345e-06
1.29733e-07
9.94624e-07
1.21896e-07
9.86273e-07
1.14312e-07
9.78374e-07
1.07017e-07
9.70909e-07
1.00042e-07
9.63857e-07
9.3408e-08
9.57198e-07
8.7129e-08
9.50913e-07
8.12132e-08
9.44982e-07
7.56633e-08
9.39386e-07
7.04769e-08
9.34108e-07
6.56481e-08
9.29128e-07
6.11674e-08
9.24431e-07
5.70226e-08
9.2e-07
5.31994e-08
9.15818e-07
4.96822e-08
9.11872e-07
4.6454e-08
9.08145e-07
4.34973e-08
9.04626e-07
4.07941e-08
9.013e-07
3.83266e-08
8.98156e-07
3.60769e-08
8.95181e-07
3.40279e-08
8.92366e-07
3.21629e-08
8.89698e-07
3.04659e-08
8.8717e-07
2.8922e-08
8.84771e-07
2.75169e-08
8.82493e-07
2.62376e-08
8.80329e-07
2.5072e-08
8.78272e-07
2.40091e-08
8.76314e-07
2.3039e-08
8.74451e-07
2.21527e-08
8.72678e-07
2.13426e-08
8.70989e-07
2.0602e-08
8.69381e-07
1.99254e-08
8.67851e-07
1.93081e-08
8.66398e-07
1.87468e-08
8.65019e-07
1.82392e-08
8.63714e-07
1.77838e-08
8.62483e-07
1.73804e-08
8.61328e-07
1.70296e-08
8.6025e-07
1.67331e-08
8.59252e-07
1.64932e-08
8.5834e-07
1.63133e-08
8.57517e-07
1.61975e-08
8.56791e-07
1.61503e-08
8.56169e-07
1.61769e-08
8.55661e-07
1.62824e-08
8.55278e-07
1.6472e-08
8.55031e-07
1.67504e-08
8.54934e-07
1.71213e-08
8.55002e-07
1.75864e-08
8.55251e-07
1.81473e-08
1.87968e-08
8.55693e-07
-1.08527e-07
2.60731e-07
-2.21252e-07
4.91117e-07
-3.30919e-07
7.20683e-07
-4.32247e-07
9.16497e-07
-5.18513e-07
1.05793e-06
-5.8309e-07
1.12951e-06
-6.22098e-07
1.12729e-06
-6.36684e-07
1.06094e-06
-6.32903e-07
9.49313e-07
-6.18513e-07
8.11318e-07
-5.98993e-07
6.58531e-07
-5.76061e-07
4.94899e-07
-5.49188e-07
3.21366e-07
-5.1778e-07
1.4132e-07
-4.80148e-07
-4.50193e-08
-4.35389e-07
-2.32683e-07
-3.83233e-07
-4.13024e-07
-3.26792e-07
-5.75099e-07
-2.73704e-07
-7.09546e-07
-2.30988e-07
-8.20266e-07
-1.99125e-07
-9.22446e-07
-1.72417e-07
-1.02569e-06
-1.44496e-07
-1.12341e-06
-1.13371e-07
-1.19815e-06
-8.2352e-08
-1.23581e-06
-5.82717e-08
-1.23421e-06
-4.79298e-08
-1.20349e-06
-5.18005e-08
-1.15952e-06
-5.981e-08
-1.1076e-06
-5.73583e-08
-1.02694e-06
-3.88764e-08
-8.79913e-07
-1.29652e-08
-6.47843e-07
4.2954e-09
-3.51643e-07
2.79489e-09
-1.98472e-08
-9.92708e-09
3.15121e-07
-2.081e-08
6.32219e-07
-1.80584e-08
9.03194e-07
2.66698e-09
1.09757e-06
3.78745e-08
1.1994e-06
7.97414e-08
1.21949e-06
1.20692e-07
1.18748e-06
1.56714e-07
1.13308e-06
1.87509e-07
1.07374e-06
2.14473e-07
1.01282e-06
2.38975e-07
9.45997e-07
2.61731e-07
8.68285e-07
2.83055e-07
7.77468e-07
3.03059e-07
6.74827e-07
3.21871e-07
5.64009e-07
3.39689e-07
4.49367e-07
3.57044e-07
3.34381e-07
3.74534e-07
2.20736e-07
3.92788e-07
1.08746e-07
4.11483e-07
-1.14667e-09
4.30598e-07
-1.06175e-07
4.50087e-07
-2.04154e-07
4.69762e-07
-2.9268e-07
4.89372e-07
-3.69162e-07
5.08962e-07
-4.32134e-07
5.28985e-07
-4.81935e-07
5.50297e-07
-5.20891e-07
5.74038e-07
-5.52917e-07
6.014e-07
-5.8255e-07
6.33317e-07
-6.13709e-07
6.70214e-07
-6.48721e-07
7.11923e-07
-6.88061e-07
7.57766e-07
-7.30807e-07
8.06719e-07
-7.75353e-07
8.5754e-07
-8.19932e-07
9.08811e-07
-8.62767e-07
9.58979e-07
-9.02009e-07
1.00645e-06
-9.35708e-07
1.04978e-06
-9.61997e-07
1.08795e-06
-9.79409e-07
1.12051e-06
-9.87172e-07
1.14762e-06
-9.85316e-07
1.16997e-06
-9.74562e-07
1.18855e-06
-9.56104e-07
1.20454e-06
-9.31383e-07
1.21908e-06
-9.01898e-07
1.23323e-06
-8.69016e-07
1.24779e-06
-8.33808e-07
1.26322e-06
-7.96948e-07
1.27965e-06
-7.58736e-07
1.29691e-06
-7.19216e-07
1.31464e-06
-6.78329e-07
1.3324e-06
-6.36038e-07
1.34975e-06
-5.9238e-07
1.36631e-06
-5.47475e-07
1.38173e-06
-5.01498e-07
1.39574e-06
-4.54655e-07
1.40806e-06
-4.07177e-07
1.41847e-06
-3.59315e-07
1.42675e-06
-3.11347e-07
1.43272e-06
-2.63585e-07
1.43625e-06
-2.1637e-07
1.43727e-06
-1.7007e-07
1.43575e-06
-1.25065e-07
1.43173e-06
-8.17239e-08
1.42531e-06
-4.03887e-08
1.41662e-06
-1.38943e-09
1.4059e-06
3.49033e-08
1.39335e-06
6.82565e-08
1.37921e-06
9.8553e-08
1.36373e-06
1.25694e-07
1.34718e-06
1.49636e-07
1.32979e-06
1.70391e-07
1.3118e-06
1.88017e-07
1.29343e-06
2.02618e-07
1.27487e-06
2.1433e-07
1.2563e-06
2.23317e-07
1.23786e-06
2.29766e-07
1.21967e-06
2.33875e-07
1.20184e-06
2.35853e-07
1.18444e-06
2.3591e-07
1.16755e-06
2.34259e-07
1.15119e-06
2.31107e-07
1.13542e-06
2.26657e-07
1.12024e-06
2.21101e-07
1.10568e-06
2.14622e-07
1.09175e-06
2.07394e-07
1.07843e-06
1.99575e-07
1.06573e-06
1.91314e-07
1.05364e-06
1.82743e-07
1.04214e-06
1.73985e-07
1.03122e-06
1.65145e-07
1.02086e-06
1.56319e-07
1.01104e-06
1.47589e-07
1.00175e-06
1.39024e-07
9.92962e-07
1.30684e-07
9.84657e-07
1.22617e-07
9.76814e-07
1.14861e-07
9.69411e-07
1.07445e-07
9.62429e-07
1.00391e-07
9.55845e-07
9.37125e-08
9.49641e-07
8.74178e-08
9.43795e-07
8.15087e-08
9.3829e-07
7.59824e-08
9.33106e-07
7.08322e-08
9.28225e-07
6.6048e-08
9.23631e-07
6.1617e-08
9.19306e-07
5.75242e-08
9.15235e-07
5.37534e-08
9.11402e-07
5.02867e-08
9.07793e-07
4.7106e-08
9.04395e-07
4.41927e-08
9.01193e-07
4.15281e-08
8.98176e-07
3.90939e-08
8.95332e-07
3.68721e-08
8.9265e-07
3.48455e-08
8.90118e-07
3.29973e-08
8.87728e-07
3.13121e-08
8.8547e-07
2.97749e-08
8.83335e-07
2.83721e-08
8.81317e-07
2.70909e-08
8.79406e-07
2.59197e-08
8.77597e-07
2.48478e-08
8.75884e-07
2.38659e-08
8.74261e-07
2.29655e-08
8.72724e-07
2.21392e-08
8.71269e-07
2.13807e-08
8.69892e-07
2.06849e-08
8.68591e-07
2.00476e-08
8.67365e-07
1.94655e-08
8.66212e-07
1.89366e-08
8.65133e-07
1.84597e-08
8.64128e-07
1.80345e-08
8.63199e-07
1.76617e-08
8.6235e-07
1.73428e-08
8.61583e-07
1.70801e-08
8.60904e-07
1.68764e-08
8.60319e-07
1.67353e-08
8.59835e-07
1.66605e-08
8.59462e-07
1.66561e-08
8.59208e-07
1.6726e-08
8.59084e-07
1.68735e-08
8.59104e-07
1.71014e-08
8.5928e-07
1.74107e-08
8.59626e-07
1.78018e-08
1.82701e-08
8.60152e-07
-8.62716e-08
3.47003e-07
-1.76605e-07
5.8145e-07
-2.63174e-07
8.07252e-07
-3.40442e-07
9.93766e-07
-4.02439e-07
1.11993e-06
-4.43995e-07
1.17106e-06
-4.63259e-07
1.14656e-06
-4.63316e-07
1.06099e-06
-4.50881e-07
9.36878e-07
-4.32283e-07
7.9272e-07
-4.10205e-07
6.36453e-07
-3.84416e-07
4.69109e-07
-3.55097e-07
2.92047e-07
-3.23249e-07
1.09472e-07
-2.89208e-07
-7.90603e-08
-2.51223e-07
-2.70668e-07
-2.06169e-07
-4.58078e-07
-1.5497e-07
-6.26297e-07
-1.05247e-07
-7.5927e-07
-6.57333e-08
-8.59779e-07
-3.92676e-08
-9.48912e-07
-2.14523e-08
-1.0435e-06
-5.71455e-09
-1.13915e-06
1.11566e-08
-1.21502e-06
2.77473e-08
-1.2524e-06
3.92947e-08
-1.24575e-06
3.87333e-08
-1.20293e-06
2.01997e-08
-1.14099e-06
-1.21997e-08
-1.07521e-06
-4.10659e-08
-9.98072e-07
-5.00728e-08
-8.70906e-07
-4.00429e-08
-6.57873e-07
-2.45982e-08
-3.67088e-07
-1.362e-08
-3.08254e-08
-5.03894e-09
3.0654e-07
8.84134e-09
6.18339e-07
3.48783e-08
8.77157e-07
7.44499e-08
1.058e-06
1.2311e-07
1.15074e-06
1.73636e-07
1.16897e-06
2.20597e-07
1.14052e-06
2.62164e-07
1.09151e-06
2.99158e-07
1.03674e-06
3.32982e-07
9.78992e-07
3.64447e-07
9.14532e-07
3.93698e-07
8.39033e-07
4.20572e-07
7.50594e-07
4.44973e-07
6.50426e-07
4.67092e-07
5.41889e-07
4.87484e-07
4.28975e-07
5.06941e-07
3.14924e-07
5.26129e-07
2.01549e-07
5.45408e-07
8.9466e-08
5.64593e-07
-2.0331e-08
5.83334e-07
-1.24917e-07
6.01295e-07
-2.22115e-07
6.18137e-07
-3.09522e-07
6.33833e-07
-3.84859e-07
6.48864e-07
-4.47165e-07
6.64243e-07
-4.97315e-07
6.81403e-07
-5.38051e-07
7.01935e-07
-5.73448e-07
7.2721e-07
-6.07826e-07
7.58012e-07
-6.44511e-07
7.94336e-07
-6.85044e-07
8.35455e-07
-7.2918e-07
8.80166e-07
-7.75518e-07
9.2703e-07
-8.22217e-07
9.74506e-07
-8.67408e-07
1.02099e-06
-9.0925e-07
1.06486e-06
-9.45884e-07
1.10466e-06
-9.75506e-07
1.13928e-06
-9.96615e-07
1.16819e-06
-1.00832e-06
1.19153e-06
-1.01051e-06
1.21e-06
-1.00378e-06
1.22467e-06
-9.89236e-07
1.23681e-06
-9.68238e-07
1.24768e-06
-9.42254e-07
1.25846e-06
-9.12679e-07
1.27009e-06
-8.80643e-07
1.28314e-06
-8.46858e-07
1.29777e-06
-8.11581e-07
1.31377e-06
-7.74739e-07
1.3307e-06
-7.36141e-07
1.34802e-06
-6.9565e-07
1.36525e-06
-6.5327e-07
1.382e-06
-6.0913e-07
1.39795e-06
-5.63426e-07
1.41283e-06
-5.16375e-07
1.42636e-06
-4.6819e-07
1.43827e-06
-4.19088e-07
1.44827e-06
-3.69312e-07
1.45608e-06
-3.19153e-07
1.46145e-06
-2.68959e-07
1.46421e-06
-2.1913e-07
1.46425e-06
-1.7011e-07
1.46155e-06
-1.22359e-07
1.45614e-06
-7.63217e-08
1.44816e-06
-3.2402e-08
1.43778e-06
8.98662e-09
1.42527e-06
4.74095e-08
1.41088e-06
8.26532e-08
1.39486e-06
1.14566e-07
1.37752e-06
1.4304e-07
1.35912e-06
1.68033e-07
1.33995e-06
1.89565e-07
1.32025e-06
2.07712e-07
1.30027e-06
2.22597e-07
1.28022e-06
2.34384e-07
1.26027e-06
2.43264e-07
1.24059e-06
2.4945e-07
1.22129e-06
2.5317e-07
1.20249e-06
2.54657e-07
1.18425e-06
2.54146e-07
1.16664e-06
2.5187e-07
1.1497e-06
2.48055e-07
1.13344e-06
2.42916e-07
1.11788e-06
2.36659e-07
1.10302e-06
2.29478e-07
1.08887e-06
2.21551e-07
1.0754e-06
2.13046e-07
1.0626e-06
2.04112e-07
1.05045e-06
1.94888e-07
1.03894e-06
1.85496e-07
1.02804e-06
1.76045e-07
1.01773e-06
1.66631e-07
1.00798e-06
1.57337e-07
9.98775e-07
1.48232e-07
9.90084e-07
1.39375e-07
9.81885e-07
1.30815e-07
9.74156e-07
1.2259e-07
9.66874e-07
1.14727e-07
9.60015e-07
1.07249e-07
9.5356e-07
1.00168e-07
9.47485e-07
9.34923e-08
9.41772e-07
8.72221e-08
9.364e-07
8.13543e-08
9.3135e-07
7.58815e-08
9.26605e-07
7.07928e-08
9.22148e-07
6.60747e-08
9.1796e-07
6.17116e-08
9.14027e-07
5.76861e-08
9.10334e-07
5.39801e-08
9.06865e-07
5.05746e-08
9.03608e-07
4.74502e-08
9.00548e-07
4.45877e-08
8.97674e-07
4.1968e-08
8.94974e-07
3.95724e-08
8.92436e-07
3.73831e-08
8.90051e-07
3.53829e-08
8.87808e-07
3.35553e-08
8.85697e-07
3.18851e-08
8.83712e-07
3.03578e-08
8.81842e-07
2.89601e-08
8.80082e-07
2.76798e-08
8.78425e-07
2.65056e-08
8.76863e-07
2.54273e-08
8.75393e-07
2.4436e-08
8.74008e-07
2.35236e-08
8.72706e-07
2.26831e-08
8.71482e-07
2.19086e-08
8.70334e-07
2.11953e-08
8.69261e-07
2.05391e-08
8.6826e-07
1.99371e-08
8.67333e-07
1.93873e-08
8.66479e-07
1.88885e-08
8.657e-07
1.84406e-08
8.64999e-07
1.80441e-08
8.64379e-07
1.77002e-08
8.63844e-07
1.74107e-08
8.63401e-07
1.71782e-08
8.63057e-07
1.70052e-08
8.62818e-07
1.68947e-08
8.62695e-07
1.68494e-08
8.62697e-07
1.68717e-08
8.62835e-07
1.69635e-08
8.6312e-07
1.71253e-08
8.63565e-07
1.73569e-08
1.76556e-08
8.64179e-07
-5.77701e-08
4.04773e-07
-1.20877e-07
6.44557e-07
-1.80067e-07
8.66442e-07
-2.29945e-07
1.04364e-06
-2.66031e-07
1.15602e-06
-2.85065e-07
1.19009e-06
-2.86922e-07
1.14841e-06
-2.75229e-07
1.0493e-06
-2.55403e-07
9.17053e-07
-2.31196e-07
7.68512e-07
-2.02894e-07
6.08151e-07
-1.70904e-07
4.37119e-07
-1.37422e-07
2.58565e-07
-1.05454e-07
7.75041e-08
-7.5824e-08
-1.08691e-07
-4.57477e-08
-3.00745e-07
-1.00108e-08
-4.93815e-07
3.16144e-08
-6.67923e-07
7.26032e-08
-8.00258e-07
1.0475e-07
-8.91927e-07
1.24842e-07
-9.69003e-07
1.35937e-07
-1.0546e-06
1.42988e-07
-1.1462e-06
1.48321e-07
-1.22036e-06
1.51023e-07
-1.2551e-06
1.48727e-07
-1.24346e-06
1.37524e-07
-1.19173e-06
1.1092e-07
-1.11438e-06
6.54143e-08
-1.0297e-06
1.20686e-08
-9.44726e-07
-2.53392e-08
-8.33499e-07
-3.31222e-08
-6.5009e-07
-2.08141e-08
-3.79396e-07
-1.76748e-10
-5.14627e-08
2.53889e-08
2.80974e-07
5.90997e-08
5.84628e-07
1.03767e-07
8.3249e-07
1.58074e-07
1.00369e-06
2.16564e-07
1.09225e-06
2.7324e-07
1.11229e-06
3.24729e-07
1.08903e-06
3.70839e-07
1.0454e-06
4.13062e-07
9.94518e-07
4.52728e-07
9.39326e-07
4.90222e-07
8.77038e-07
5.25217e-07
8.04038e-07
5.57166e-07
7.18645e-07
5.85785e-07
6.21807e-07
6.11276e-07
5.16398e-07
6.34305e-07
4.05946e-07
6.55695e-07
2.93534e-07
6.76115e-07
1.81129e-07
6.95882e-07
6.96985e-08
7.14702e-07
-3.91509e-08
7.31974e-07
-1.42189e-07
7.47306e-07
-2.37447e-07
7.60498e-07
-3.22714e-07
7.71906e-07
-3.96266e-07
7.82526e-07
-4.57785e-07
7.93925e-07
-5.08714e-07
8.08001e-07
-5.52127e-07
8.26577e-07
-5.92024e-07
8.50912e-07
-6.32161e-07
8.81346e-07
-6.74945e-07
9.17254e-07
-7.20952e-07
9.57311e-07
-7.69238e-07
9.9986e-07
-8.18067e-07
1.04317e-06
-8.65532e-07
1.08556e-06
-9.09795e-07
1.12539e-06
-9.49082e-07
1.1612e-06
-9.81693e-07
1.19186e-06
-1.00616e-06
1.2168e-06
-1.02155e-06
1.23612e-06
-1.02764e-06
1.25053e-06
-1.02492e-06
1.26117e-06
-1.01442e-06
1.26937e-06
-9.9743e-07
1.27647e-06
-9.75341e-07
1.28375e-06
-9.49536e-07
1.29227e-06
-9.21198e-07
1.30272e-06
-8.91092e-07
1.31531e-06
-8.59448e-07
1.32979e-06
-8.26063e-07
1.34562e-06
-7.90568e-07
1.36218e-06
-7.52701e-07
1.37896e-06
-7.12429e-07
1.39561e-06
-6.69917e-07
1.41189e-06
-6.25412e-07
1.42761e-06
-5.79145e-07
1.44252e-06
-5.31286e-07
1.4563e-06
-4.81969e-07
1.46855e-06
-4.31338e-07
1.47884e-06
-3.79603e-07
1.48676e-06
-3.27072e-07
1.49196e-06
-2.74157e-07
1.49418e-06
-2.21357e-07
1.49331e-06
-1.69234e-07
1.48932e-06
-1.18368e-07
1.4823e-06
-6.93025e-08
1.47243e-06
-2.2538e-08
1.46001e-06
2.14063e-08
1.44535e-06
6.20722e-08
1.42874e-06
9.9258e-08
1.41052e-06
1.32786e-07
1.39101e-06
1.6255e-07
1.37053e-06
1.88519e-07
1.34936e-06
2.1073e-07
1.32779e-06
2.29281e-07
1.30607e-06
2.44321e-07
1.28441e-06
2.56044e-07
1.263e-06
2.6467e-07
1.24201e-06
2.70446e-07
1.22155e-06
2.73627e-07
1.20173e-06
2.74476e-07
1.18262e-06
2.73255e-07
1.16427e-06
2.70218e-07
1.14672e-06
2.65611e-07
1.12997e-06
2.59666e-07
1.11402e-06
2.52602e-07
1.09888e-06
2.44621e-07
1.08452e-06
2.35912e-07
1.07092e-06
2.26645e-07
1.05806e-06
2.16976e-07
1.0459e-06
2.07045e-07
1.03442e-06
1.96975e-07
1.02359e-06
1.86877e-07
1.01337e-06
1.76846e-07
1.00375e-06
1.66964e-07
9.94676e-07
1.57301e-07
9.86137e-07
1.47915e-07
9.781e-07
1.38852e-07
9.7054e-07
1.3015e-07
9.6343e-07
1.21837e-07
9.56748e-07
1.13932e-07
9.50469e-07
1.06447e-07
9.44572e-07
9.93895e-08
9.39035e-07
9.27588e-08
9.33839e-07
8.65507e-08
9.28963e-07
8.07568e-08
9.24391e-07
7.53653e-08
9.20104e-07
7.0362e-08
9.16085e-07
6.57303e-08
9.12319e-07
6.14522e-08
9.0879e-07
5.75087e-08
9.05485e-07
5.388e-08
9.02389e-07
5.05462e-08
8.99489e-07
4.74871e-08
8.96774e-07
4.46832e-08
8.94231e-07
4.21151e-08
8.9185e-07
3.97642e-08
8.89621e-07
3.76127e-08
8.87532e-07
3.56436e-08
8.85576e-07
3.3841e-08
8.83744e-07
3.21898e-08
8.82028e-07
3.06761e-08
8.80421e-07
2.9287e-08
8.78916e-07
2.80108e-08
8.77507e-07
2.68366e-08
8.76188e-07
2.57547e-08
8.74955e-07
2.47564e-08
8.73804e-07
2.38342e-08
8.72731e-07
2.29815e-08
8.71734e-07
2.21925e-08
8.70811e-07
2.14626e-08
8.6996e-07
2.07881e-08
8.69181e-07
2.01662e-08
8.68474e-07
1.95948e-08
8.67842e-07
1.9073e-08
8.67286e-07
1.86001e-08
8.66809e-07
1.81767e-08
8.66417e-07
1.78035e-08
8.66113e-07
1.74819e-08
8.65905e-07
1.72136e-08
8.65799e-07
1.70006e-08
8.65803e-07
1.68446e-08
8.65928e-07
1.67471e-08
8.66182e-07
1.67094e-08
8.66576e-07
1.67315e-08
8.6712e-07
1.68129e-08
1.69523e-08
8.67823e-07
-2.33681e-08
4.28141e-07
-5.7344e-08
6.78533e-07
-8.62183e-08
8.95316e-07
-1.0663e-07
1.06406e-06
-1.16051e-07
1.16544e-06
-1.1336e-07
1.1874e-06
-9.9598e-08
1.13465e-06
-7.7728e-08
1.02743e-06
-5.09526e-08
8.90278e-07
-2.09998e-08
7.3856e-07
1.17938e-08
5.75357e-07
4.85185e-08
4.00395e-07
8.42636e-08
2.2282e-07
1.17579e-07
4.41885e-08
1.47006e-07
-1.38118e-07
1.7417e-07
-3.27908e-07
2.03727e-07
-5.23372e-07
2.34918e-07
-6.99114e-07
2.62622e-07
-8.27963e-07
2.82259e-07
-9.11563e-07
2.92809e-07
-9.79553e-07
2.96817e-07
-1.05861e-06
2.96922e-07
-1.1463e-06
2.93386e-07
-1.21682e-06
2.84634e-07
-1.24635e-06
2.69212e-07
-1.22804e-06
2.46264e-07
-1.16878e-06
2.12744e-07
-1.08086e-06
1.62812e-07
-9.79768e-07
9.77044e-08
-8.79619e-07
3.72928e-08
-7.73087e-07
6.93505e-09
-6.19732e-07
1.12905e-08
-3.83752e-07
3.83218e-08
-7.84941e-08
7.72361e-08
2.4206e-07
1.26582e-07
5.35282e-07
1.85531e-07
7.73541e-07
2.50595e-07
9.3863e-07
3.16034e-07
1.02681e-06
3.77055e-07
1.05127e-06
4.3187e-07
1.03421e-06
4.81401e-07
9.95869e-07
5.2759e-07
9.48329e-07
5.71767e-07
8.95149e-07
6.14086e-07
8.34719e-07
6.539e-07
7.64224e-07
6.90376e-07
6.82169e-07
7.23007e-07
5.89176e-07
7.51854e-07
4.8755e-07
7.77469e-07
3.80332e-07
8.00574e-07
2.70429e-07
8.21778e-07
1.59924e-07
8.41322e-07
5.01553e-08
8.58665e-07
-5.64943e-08
8.73352e-07
-1.56875e-07
8.85181e-07
-2.49276e-07
8.94335e-07
-3.31868e-07
9.01666e-07
-4.03596e-07
9.08692e-07
-4.64812e-07
9.17429e-07
-5.17451e-07
9.30008e-07
-5.64706e-07
9.4814e-07
-6.10156e-07
9.72607e-07
-6.56628e-07
1.00305e-06
-7.05384e-07
1.03814e-06
-7.56045e-07
1.07606e-06
-8.07159e-07
1.11489e-06
-8.56893e-07
1.15281e-06
-9.03452e-07
1.18817e-06
-9.45162e-07
1.21955e-06
-9.80457e-07
1.24583e-06
-1.00797e-06
1.26644e-06
-1.02677e-06
1.28146e-06
-1.03657e-06
1.29161e-06
-1.03779e-06
1.29806e-06
-1.03138e-06
1.3022e-06
-1.01857e-06
1.30544e-06
-1.00066e-06
1.30908e-06
-9.78986e-07
1.31429e-06
-9.54747e-07
1.32188e-06
-9.28786e-07
1.33213e-06
-9.01345e-07
1.34478e-06
-8.72095e-07
1.35917e-06
-8.40458e-07
1.37461e-06
-8.06002e-07
1.39057e-06
-7.68657e-07
1.4068e-06
-7.28666e-07
1.42327e-06
-6.8638e-07
1.43991e-06
-6.42061e-07
1.45658e-06
-5.9581e-07
1.47289e-06
-5.47597e-07
1.4883e-06
-4.97374e-07
1.50214e-06
-4.4518e-07
1.51375e-06
-3.91211e-07
1.52252e-06
-3.35845e-07
1.52798e-06
-2.79622e-07
1.52984e-06
-2.23207e-07
1.52794e-06
-1.67339e-07
1.52233e-06
-1.12761e-07
1.51319e-06
-6.01616e-08
1.50083e-06
-1.01746e-08
1.48567e-06
3.65647e-08
1.46812e-06
7.96239e-08
1.44859e-06
1.1879e-07
1.42749e-06
1.53886e-07
1.40521e-06
1.84825e-07
1.38212e-06
2.1161e-07
1.35854e-06
2.34309e-07
1.33476e-06
2.5306e-07
1.31104e-06
2.68048e-07
1.28758e-06
2.79501e-07
1.26457e-06
2.87676e-07
1.24217e-06
2.9285e-07
1.22048e-06
2.95312e-07
1.19961e-06
2.95353e-07
1.1796e-06
2.93261e-07
1.16051e-06
2.89314e-07
1.14234e-06
2.83777e-07
1.12511e-06
2.76899e-07
1.10879e-06
2.68913e-07
1.09338e-06
2.60032e-07
1.07885e-06
2.50449e-07
1.06515e-06
2.40343e-07
1.05225e-06
2.29872e-07
1.04012e-06
2.19176e-07
1.02872e-06
2.08381e-07
1.018e-06
1.97597e-07
1.00793e-06
1.86917e-07
9.98467e-07
1.76423e-07
9.89585e-07
1.66183e-07
9.81248e-07
1.56252e-07
9.73423e-07
1.46677e-07
9.66081e-07
1.37492e-07
9.59193e-07
1.28724e-07
9.52734e-07
1.20391e-07
9.46679e-07
1.12503e-07
9.41003e-07
1.05065e-07
9.35685e-07
9.80765e-08
9.30705e-07
9.15315e-08
9.26041e-07
8.54204e-08
9.21676e-07
7.97304e-08
9.17592e-07
7.44463e-08
9.13771e-07
6.95505e-08
9.10199e-07
6.50242e-08
9.06861e-07
6.08474e-08
9.03741e-07
5.69997e-08
9.00827e-07
5.34603e-08
8.98106e-07
5.02085e-08
8.95565e-07
4.72239e-08
8.93194e-07
4.44864e-08
8.90981e-07
4.1977e-08
8.88916e-07
3.9677e-08
8.86991e-07
3.7569e-08
8.85196e-07
3.56363e-08
8.83522e-07
3.38633e-08
8.81963e-07
3.22356e-08
8.8051e-07
3.07396e-08
8.79158e-07
2.93628e-08
8.77901e-07
2.8094e-08
8.76732e-07
2.69228e-08
8.75649e-07
2.58399e-08
8.74646e-07
2.4837e-08
8.73721e-07
2.39069e-08
8.7287e-07
2.30433e-08
8.72092e-07
2.22407e-08
8.71385e-07
2.14947e-08
8.7075e-07
2.08016e-08
8.70186e-07
2.01587e-08
8.69695e-07
1.95641e-08
8.69279e-07
1.90164e-08
8.6894e-07
1.8515e-08
8.68684e-07
1.806e-08
8.68514e-07
1.76518e-08
8.68436e-07
1.72911e-08
8.68458e-07
1.6979e-08
8.68586e-07
1.67164e-08
8.68829e-07
1.65042e-08
8.69195e-07
1.6343e-08
8.69694e-07
1.62325e-08
8.70335e-07
1.61719e-08
1.61611e-08
8.71127e-07
1.5733e-08
4.12408e-07
1.04665e-08
6.838e-07
1.29931e-08
8.9279e-07
2.31022e-08
1.05395e-06
4.07767e-08
1.14776e-06
6.49609e-08
1.16322e-06
9.39013e-08
1.10571e-06
1.25971e-07
9.95361e-07
1.60332e-07
8.55917e-07
1.9697e-07
7.01922e-07
2.35393e-07
5.36934e-07
2.72564e-07
3.63224e-07
3.07778e-07
1.87607e-07
3.40625e-07
1.13413e-08
3.69423e-07
-1.66915e-07
3.96369e-07
-3.54854e-07
4.22429e-07
-5.49433e-07
4.44216e-07
-7.209e-07
4.57831e-07
-8.41577e-07
4.62948e-07
-9.16681e-07
4.62562e-07
-9.79167e-07
4.59508e-07
-1.05555e-06
4.53664e-07
-1.14046e-06
4.42702e-07
-1.20586e-06
4.24314e-07
-1.22796e-06
3.97529e-07
-1.20125e-06
3.6313e-07
-1.13438e-06
3.21791e-07
-1.03952e-06
2.70161e-07
-9.28138e-07
2.03844e-07
-8.13302e-07
1.3163e-07
-7.00873e-07
8.02322e-08
-5.68334e-07
7.0256e-08
-3.73775e-07
9.75805e-08
-1.05819e-07
1.45711e-07
1.93929e-07
2.06693e-07
4.74301e-07
2.76187e-07
7.04047e-07
3.49025e-07
8.65793e-07
4.19468e-07
9.56371e-07
4.83636e-07
9.87102e-07
5.40802e-07
9.77047e-07
5.92605e-07
9.44065e-07
6.41327e-07
8.99607e-07
6.88417e-07
8.4806e-07
7.34024e-07
7.89112e-07
7.77379e-07
7.20869e-07
8.17452e-07
6.42096e-07
8.53497e-07
5.53131e-07
8.85315e-07
4.55732e-07
9.13187e-07
3.5246e-07
9.3761e-07
2.46006e-07
9.59014e-07
1.3852e-07
9.77483e-07
3.16861e-08
9.92558e-07
-7.1569e-08
1.00411e-06
-1.68424e-07
1.01232e-06
-2.57493e-07
1.01791e-06
-3.37458e-07
1.02225e-06
-4.07933e-07
1.02728e-06
-4.69845e-07
1.03525e-06
-5.25414e-07
1.04814e-06
-5.77604e-07
1.06716e-06
-6.29174e-07
1.09228e-06
-6.81747e-07
1.12233e-06
-7.35434e-07
1.15543e-06
-7.89144e-07
1.1895e-06
-8.41232e-07
1.22263e-06
-8.90019e-07
1.25315e-06
-9.3397e-07
1.27967e-06
-9.71688e-07
1.30117e-06
-1.00195e-06
1.3171e-06
-1.0239e-06
1.32754e-06
-1.03722e-06
1.33322e-06
-1.04225e-06
1.33533e-06
-1.03991e-06
1.33531e-06
-1.03135e-06
1.33457e-06
-1.01782e-06
1.33445e-06
-1.00054e-06
1.33615e-06
-9.8069e-07
1.34059e-06
-9.59191e-07
1.34817e-06
-9.36365e-07
1.35863e-06
-9.11804e-07
1.37123e-06
-8.84695e-07
1.38516e-06
-8.54383e-07
1.39991e-06
-8.20751e-07
1.41542e-06
-7.84175e-07
1.43195e-06
-7.45192e-07
1.44971e-06
-7.04145e-07
1.46868e-06
-6.61026e-07
1.48842e-06
-6.1555e-07
1.50817e-06
-5.67345e-07
1.52695e-06
-5.16155e-07
1.54374e-06
-4.61972e-07
1.55761e-06
-4.05078e-07
1.56779e-06
-3.46024e-07
1.57373e-06
-2.85569e-07
1.57513e-06
-2.24609e-07
1.5719e-06
-1.64107e-07
1.56415e-06
-1.05012e-07
1.5522e-06
-4.82049e-08
1.5365e-06
5.52055e-09
1.51765e-06
5.54168e-08
1.49618e-06
1.01092e-07
1.47267e-06
1.42298e-07
1.44768e-06
1.78881e-07
1.4217e-06
2.10809e-07
1.39516e-06
2.38143e-07
1.36845e-06
2.6102e-07
1.34187e-06
2.7964e-07
1.31567e-06
2.94245e-07
1.29006e-06
3.05112e-07
1.2652e-06
3.12541e-07
1.2412e-06
3.16845e-07
1.21817e-06
3.18344e-07
1.19617e-06
3.17359e-07
1.17523e-06
3.14201e-07
1.15537e-06
3.09169e-07
1.1366e-06
3.02547e-07
1.1189e-06
2.94598e-07
1.10225e-06
2.85567e-07
1.0866e-06
2.75677e-07
1.07193e-06
2.65127e-07
1.05817e-06
2.541e-07
1.04529e-06
2.42756e-07
1.03322e-06
2.31237e-07
1.02194e-06
2.19668e-07
1.01138e-06
2.08157e-07
1.0015e-06
1.96796e-07
9.92255e-07
1.85665e-07
9.83609e-07
1.74828e-07
9.75521e-07
1.6434e-07
9.67955e-07
1.54243e-07
9.60878e-07
1.4457e-07
9.54258e-07
1.35344e-07
9.48067e-07
1.26582e-07
9.42277e-07
1.18293e-07
9.36864e-07
1.10478e-07
9.31804e-07
1.03136e-07
9.27076e-07
9.62597e-08
9.22658e-07
8.98375e-08
9.18533e-07
8.38554e-08
9.14683e-07
7.82971e-08
9.11089e-07
7.31439e-08
9.07737e-07
6.8376e-08
9.04612e-07
6.39726e-08
9.017e-07
5.99123e-08
8.98987e-07
5.61735e-08
8.9646e-07
5.27348e-08
8.94109e-07
4.9575e-08
8.91922e-07
4.66736e-08
8.89889e-07
4.40105e-08
8.87999e-07
4.15667e-08
8.86244e-07
3.9324e-08
8.84615e-07
3.72652e-08
8.83104e-07
3.53741e-08
8.81704e-07
3.36357e-08
8.80408e-07
3.20357e-08
8.7921e-07
3.05612e-08
8.78103e-07
2.92003e-08
8.77084e-07
2.79421e-08
8.76147e-07
2.67766e-08
8.75289e-07
2.56949e-08
8.74507e-07
2.46892e-08
8.73798e-07
2.37525e-08
8.7316e-07
2.28786e-08
8.72592e-07
2.20624e-08
8.72094e-07
2.12996e-08
8.71667e-07
2.05865e-08
8.7131e-07
1.99205e-08
8.71027e-07
1.92995e-08
8.7082e-07
1.8722e-08
8.70693e-07
1.81872e-08
8.7065e-07
1.76946e-08
8.70697e-07
1.72443e-08
8.70839e-07
1.68363e-08
8.71085e-07
1.64711e-08
8.7144e-07
1.61488e-08
8.71914e-07
1.58695e-08
8.72513e-07
1.56327e-08
8.73248e-07
1.54375e-08
1.52846e-08
8.74124e-07
5.50599e-08
3.57348e-07
7.97004e-08
6.59159e-07
1.12055e-07
8.60435e-07
1.52857e-07
1.01314e-06
1.98267e-07
1.10235e-06
2.44593e-07
1.11689e-06
2.8925e-07
1.06105e-06
3.31567e-07
9.53044e-07
3.72544e-07
8.1494e-07
4.13287e-07
6.61179e-07
4.53151e-07
4.97069e-07
4.90325e-07
3.2605e-07
5.25026e-07
1.52906e-07
5.5737e-07
-2.10025e-08
5.87754e-07
-1.97299e-07
6.16862e-07
-3.83962e-07
6.40554e-07
-5.73126e-07
6.52329e-07
-7.32675e-07
6.50608e-07
-8.39856e-07
6.40892e-07
-9.06966e-07
6.30518e-07
-9.68792e-07
6.21828e-07
-1.04686e-06
6.11068e-07
-1.1297e-06
5.93143e-07
-1.18794e-06
5.65576e-07
-1.20039e-06
5.28624e-07
-1.1643e-06
4.84181e-07
-1.08994e-06
4.34965e-07
-9.90308e-07
3.81452e-07
-8.74625e-07
3.19217e-07
-7.51067e-07
2.47341e-07
-6.28997e-07
1.83244e-07
-5.04237e-07
1.55191e-07
-3.45722e-07
1.74375e-07
-1.25003e-07
2.26004e-07
1.423e-07
2.94681e-07
4.05623e-07
3.71725e-07
6.27003e-07
4.50334e-07
7.87183e-07
5.24665e-07
8.82041e-07
5.91364e-07
9.20402e-07
6.50267e-07
9.18144e-07
7.03396e-07
8.90936e-07
7.53281e-07
8.49722e-07
8.01603e-07
7.99738e-07
8.48713e-07
7.42002e-07
8.93931e-07
6.75651e-07
9.36165e-07
5.99861e-07
9.74471e-07
5.14826e-07
1.00834e-06
4.21859e-07
1.03772e-06
3.23085e-07
1.06279e-06
2.20934e-07
1.08379e-06
1.17522e-07
1.10073e-06
1.47467e-08
1.11341e-06
-8.42494e-08
1.12215e-06
-1.77166e-07
1.12766e-06
-2.62996e-07
1.13115e-06
-3.4095e-07
1.13441e-06
-4.112e-07
1.13961e-06
-4.75041e-07
1.14883e-06
-5.3463e-07
1.16351e-06
-5.92282e-07
1.18394e-06
-6.49614e-07
1.20921e-06
-7.07009e-07
1.23747e-06
-7.637e-07
1.26662e-06
-8.18293e-07
1.29468e-06
-8.69291e-07
1.32001e-06
-9.15348e-07
1.34131e-06
-9.55274e-07
1.35766e-06
-9.88038e-07
1.36859e-06
-1.01288e-06
1.37421e-06
-1.02952e-06
1.37525e-06
-1.03825e-06
1.37291e-06
-1.03991e-06
1.36863e-06
-1.03563e-06
1.36385e-06
-1.02657e-06
1.35987e-06
-1.01385e-06
1.3579e-06
-9.9857e-07
1.35893e-06
-9.81714e-07
1.36348e-06
-9.63741e-07
1.37137e-06
-9.44256e-07
1.38179e-06
-9.22229e-07
1.39382e-06
-8.96722e-07
1.40696e-06
-8.67527e-07
1.42142e-06
-8.35209e-07
1.43785e-06
-8.00608e-07
1.45689e-06
-7.64229e-07
1.47868e-06
-7.2594e-07
1.50274e-06
-6.85078e-07
1.52797e-06
-6.40785e-07
1.55299e-06
-5.92364e-07
1.57634e-06
-5.39503e-07
1.5967e-06
-4.82334e-07
1.61301e-06
-4.21392e-07
1.62451e-06
-3.57516e-07
1.63068e-06
-2.91745e-07
1.6313e-06
-2.25228e-07
1.62634e-06
-1.59149e-07
1.61601e-06
-9.46788e-08
1.60071e-06
-3.29038e-08
1.58104e-06
2.51943e-08
1.55767e-06
7.87804e-08
1.53134e-06
1.27424e-07
1.50281e-06
1.70825e-07
1.47283e-06
2.08867e-07
1.44205e-06
2.4159e-07
1.41103e-06
2.69154e-07
1.38025e-06
2.91802e-07
1.35006e-06
3.09836e-07
1.32071e-06
3.23592e-07
1.2924e-06
3.3342e-07
1.26526e-06
3.39681e-07
1.23937e-06
3.42734e-07
1.21478e-06
3.42935e-07
1.19151e-06
3.40631e-07
1.16956e-06
3.36153e-07
1.14891e-06
3.29819e-07
1.12953e-06
3.21925e-07
1.11138e-06
3.12746e-07
1.09442e-06
3.02533e-07
1.07858e-06
2.91516e-07
1.0638e-06
2.799e-07
1.05004e-06
2.67867e-07
1.03721e-06
2.55579e-07
1.02527e-06
2.43177e-07
1.01416e-06
2.30785e-07
1.00381e-06
2.18507e-07
9.94169e-07
2.06434e-07
9.85193e-07
1.94641e-07
9.76831e-07
1.8319e-07
9.69039e-07
1.72132e-07
9.61778e-07
1.61504e-07
9.5501e-07
1.51338e-07
9.48701e-07
1.41654e-07
9.42818e-07
1.32465e-07
9.37334e-07
1.23777e-07
9.32221e-07
1.15591e-07
9.27455e-07
1.07902e-07
9.23014e-07
1.00701e-07
9.18875e-07
9.39759e-08
9.1502e-07
8.77102e-08
9.11431e-07
8.18864e-08
9.0809e-07
7.64846e-08
9.04983e-07
7.14839e-08
9.02093e-07
6.68624e-08
8.99407e-07
6.25979e-08
8.96913e-07
5.86679e-08
8.94597e-07
5.50502e-08
8.9245e-07
5.17227e-08
8.90459e-07
4.86643e-08
8.88615e-07
4.58543e-08
8.86909e-07
4.3273e-08
8.85331e-07
4.09016e-08
8.83874e-07
3.87222e-08
8.8253e-07
3.67181e-08
8.81292e-07
3.48736e-08
8.80154e-07
3.3174e-08
8.79109e-07
3.16057e-08
8.78153e-07
3.01564e-08
8.77281e-07
2.88143e-08
8.76488e-07
2.75692e-08
8.75772e-07
2.64114e-08
8.75129e-07
2.53325e-08
8.74556e-07
2.43249e-08
8.74053e-07
2.33817e-08
8.73618e-07
2.24972e-08
8.73251e-07
2.16664e-08
8.72953e-07
2.08849e-08
8.72724e-07
2.01493e-08
8.72567e-07
1.94567e-08
8.72484e-07
1.88049e-08
8.72479e-07
1.81923e-08
8.72556e-07
1.76177e-08
8.7272e-07
1.70803e-08
8.72977e-07
1.65796e-08
8.73333e-07
1.61154e-08
8.73794e-07
1.56872e-08
8.74369e-07
1.52947e-08
8.75064e-07
1.49374e-08
8.75888e-07
1.46141e-08
1.43259e-08
8.76846e-07
8.64785e-08
2.70869e-07
1.45044e-07
6.00594e-07
2.05793e-07
7.99686e-07
2.76693e-07
9.42244e-07
3.5069e-07
1.02836e-06
4.20615e-07
1.04697e-06
4.82517e-07
9.99151e-07
5.36177e-07
8.99384e-07
5.84012e-07
7.67105e-07
6.28367e-07
6.16824e-07
6.6967e-07
4.55766e-07
7.07563e-07
2.88157e-07
7.42458e-07
1.18011e-07
7.75163e-07
-5.37073e-08
8.07238e-07
-2.29374e-07
8.36501e-07
-4.13226e-07
8.53697e-07
-5.90322e-07
8.51442e-07
-7.3042e-07
8.33093e-07
-8.21507e-07
8.10566e-07
-8.84438e-07
7.93607e-07
-9.51834e-07
7.81683e-07
-1.03494e-06
7.66701e-07
-1.11471e-06
7.41508e-07
-1.16274e-06
7.04351e-07
-1.16324e-06
6.57525e-07
-1.11747e-06
6.04396e-07
-1.03681e-06
5.48357e-07
-9.34269e-07
4.92191e-07
-8.18459e-07
4.34652e-07
-6.93528e-07
3.71049e-07
-5.65394e-07
3.06266e-07
-4.39454e-07
2.63833e-07
-3.03289e-07
2.67394e-07
-1.28564e-07
3.14396e-07
9.52977e-08
3.8604e-07
3.3398e-07
4.68063e-07
5.44981e-07
5.51201e-07
7.04045e-07
6.29038e-07
8.04203e-07
6.98278e-07
8.51162e-07
7.58852e-07
8.5757e-07
8.12849e-07
8.36939e-07
8.62933e-07
7.99638e-07
9.11059e-07
7.51612e-07
9.57931e-07
6.95129e-07
1.00316e-06
6.30423e-07
1.04577e-06
5.57252e-07
1.08473e-06
4.75861e-07
1.11931e-06
3.87283e-07
1.14912e-06
2.93274e-07
1.17409e-06
1.95963e-07
1.19432e-06
9.72938e-08
1.20981e-06
-7.4998e-10
1.22077e-06
-9.5202e-08
1.22796e-06
-1.84354e-07
1.23253e-06
-2.67566e-07
1.23608e-06
-3.44501e-07
1.24056e-06
-4.15688e-07
1.24798e-06
-4.82459e-07
1.25984e-06
-5.46489e-07
1.27665e-06
-6.09088e-07
1.29769e-06
-6.70663e-07
1.32133e-06
-7.30646e-07
1.34551e-06
-7.87878e-07
1.3683e-06
-8.41087e-07
1.38816e-06
-8.89151e-07
1.40394e-06
-9.31122e-07
1.41485e-06
-9.66183e-07
1.42054e-06
-9.93727e-07
1.42117e-06
-1.01352e-06
1.41748e-06
-1.02583e-06
1.41065e-06
-1.03142e-06
1.40209e-06
-1.03136e-06
1.39325e-06
-1.02678e-06
1.38538e-06
-1.0187e-06
1.37963e-06
-1.0081e-06
1.37701e-06
-9.95951e-07
1.37818e-06
-9.82891e-07
1.38311e-06
-9.68667e-07
1.39097e-06
-9.52119e-07
1.40072e-06
-9.31974e-07
1.41184e-06
-9.07846e-07
1.42482e-06
-8.80509e-07
1.44086e-06
-8.51249e-07
1.46113e-06
-8.20869e-07
1.48602e-06
-7.89122e-07
1.51491e-06
-7.54829e-07
1.54628e-06
-7.16452e-07
1.57819e-06
-6.72691e-07
1.60867e-06
-6.22843e-07
1.63603e-06
-5.66873e-07
1.65901e-06
-5.05313e-07
1.67671e-06
-4.39091e-07
1.68857e-06
-3.69375e-07
1.69428e-06
-2.97456e-07
1.69372e-06
-2.24667e-07
1.68693e-06
-1.52353e-07
1.67411e-06
-8.18603e-08
1.65564e-06
-1.44368e-08
1.63209e-06
4.87424e-08
1.60418e-06
1.06698e-07
1.57275e-06
1.58845e-07
1.53877e-06
2.04807e-07
1.50317e-06
2.4447e-07
1.46682e-06
2.77943e-07
1.43047e-06
3.055e-07
1.39474e-06
3.27531e-07
1.36009e-06
3.44489e-07
1.32683e-06
3.56848e-07
1.29517e-06
3.65078e-07
1.26522e-06
3.69631e-07
1.23702e-06
3.70935e-07
1.21057e-06
3.69393e-07
1.18581e-06
3.65383e-07
1.16271e-06
3.59257e-07
1.14118e-06
3.51343e-07
1.12117e-06
3.41944e-07
1.10257e-06
3.31341e-07
1.08532e-06
3.19787e-07
1.06932e-06
3.07511e-07
1.0545e-06
2.94718e-07
1.04078e-06
2.81589e-07
1.02808e-06
2.68283e-07
1.01631e-06
2.54939e-07
1.00542e-06
2.41675e-07
9.95339e-07
2.28592e-07
9.85997e-07
2.15777e-07
9.77338e-07
2.033e-07
9.6931e-07
1.91218e-07
9.61863e-07
1.79578e-07
9.54953e-07
1.68415e-07
9.48537e-07
1.57753e-07
9.4258e-07
1.47611e-07
9.37046e-07
1.37998e-07
9.31905e-07
1.28918e-07
9.27129e-07
1.20368e-07
9.2269e-07
1.1234e-07
9.18567e-07
1.04825e-07
9.14737e-07
9.78061e-08
9.1118e-07
9.12672e-08
9.07878e-07
8.51885e-08
9.04813e-07
7.95489e-08
9.01971e-07
7.43261e-08
8.99336e-07
6.94971e-08
8.96896e-07
6.50387e-08
8.94636e-07
6.09275e-08
8.92546e-07
5.71403e-08
8.90614e-07
5.36544e-08
8.88831e-07
5.04478e-08
8.87186e-07
4.74992e-08
8.85671e-07
4.47882e-08
8.84277e-07
4.22953e-08
8.82997e-07
4.00022e-08
8.81824e-07
3.78914e-08
8.8075e-07
3.59468e-08
8.79771e-07
3.4153e-08
8.78881e-07
3.24961e-08
8.78075e-07
3.09628e-08
8.77348e-07
2.95412e-08
8.76697e-07
2.82202e-08
8.76118e-07
2.69898e-08
8.7561e-07
2.58408e-08
8.7517e-07
2.47651e-08
8.74796e-07
2.37553e-08
8.74489e-07
2.28049e-08
8.74247e-07
2.19082e-08
8.74071e-07
2.10603e-08
8.73964e-07
2.02571e-08
8.73925e-07
1.94949e-08
8.73959e-07
1.87708e-08
8.74069e-07
1.80826e-08
8.74259e-07
1.74283e-08
8.74532e-07
1.68064e-08
8.74896e-07
1.6216e-08
8.75355e-07
1.56561e-08
8.75917e-07
1.51258e-08
8.76587e-07
1.46247e-08
8.77372e-07
1.41518e-08
8.7828e-07
1.37062e-08
1.32889e-08
8.79317e-07
1.01759e-07
1.6911e-07
1.96022e-07
5.06331e-07
2.8676e-07
7.08948e-07
3.86707e-07
8.42297e-07
4.89545e-07
9.25518e-07
5.85271e-07
9.51243e-07
6.67742e-07
9.16679e-07
7.36097e-07
8.31029e-07
7.93254e-07
7.09948e-07
8.42738e-07
5.67341e-07
8.86655e-07
4.11848e-07
9.25953e-07
2.48859e-07
9.61479e-07
8.24849e-08
9.94792e-07
-8.70203e-08
1.02647e-06
-2.61054e-07
1.0497e-06
-4.36454e-07
1.05255e-06
-5.93169e-07
1.03167e-06
-7.09539e-07
9.9817e-07
-7.88009e-07
9.68633e-07
-8.54901e-07
9.50595e-07
-9.33796e-07
9.37593e-07
-1.02194e-06
9.1771e-07
-1.09483e-06
8.83815e-07
-1.12885e-06
8.36217e-07
-1.11564e-06
7.79576e-07
-1.06083e-06
7.18905e-07
-9.76136e-07
6.5782e-07
-8.73183e-07
5.99281e-07
-7.5992e-07
5.44785e-07
-6.39033e-07
4.91294e-07
-5.11903e-07
4.35741e-07
-3.83901e-07
3.89107e-07
-2.56655e-07
3.76048e-07
-1.15505e-07
4.09577e-07
6.17689e-08
4.7749e-07
2.66067e-07
5.61306e-07
4.61165e-07
6.47954e-07
6.17396e-07
7.29424e-07
7.22734e-07
8.01809e-07
7.78777e-07
8.64667e-07
7.94712e-07
9.19828e-07
7.81778e-07
9.6991e-07
7.49555e-07
1.0171e-06
7.04425e-07
1.06251e-06
6.49714e-07
1.1062e-06
5.86732e-07
1.1475e-06
5.15951e-07
1.1855e-06
4.37867e-07
1.21937e-06
3.53414e-07
1.24857e-06
2.64075e-07
1.27287e-06
1.71662e-07
1.29229e-06
7.78719e-08
1.30697e-06
-1.54299e-08
1.31745e-06
-1.05686e-07
1.32486e-06
-1.9176e-07
1.33058e-06
-2.73286e-07
1.3363e-06
-3.50225e-07
1.34379e-06
-4.23174e-07
1.35444e-06
-4.93112e-07
1.36883e-06
-5.60875e-07
1.38643e-06
-6.26684e-07
1.40579e-06
-6.90023e-07
1.42505e-06
-7.49908e-07
1.44245e-06
-8.05284e-07
1.45664e-06
-8.55273e-07
1.46666e-06
-8.99176e-07
1.47195e-06
-9.36403e-07
1.47227e-06
-9.66509e-07
1.46788e-06
-9.89331e-07
1.45948e-06
-1.00513e-06
1.44823e-06
-1.01458e-06
1.4355e-06
-1.01869e-06
1.42266e-06
-1.01853e-06
1.41095e-06
-1.01506e-06
1.4014e-06
-1.00916e-06
1.39501e-06
-1.0017e-06
1.39253e-06
-9.9347e-07
1.39411e-06
-9.84471e-07
1.39902e-06
-9.73583e-07
1.40612e-06
-9.5921e-07
1.41479e-06
-9.40652e-07
1.42578e-06
-9.18835e-07
1.4409e-06
-8.95626e-07
1.46198e-06
-8.72329e-07
1.48976e-06
-8.48646e-07
1.52338e-06
-8.22746e-07
1.56073e-06
-7.92176e-07
1.59912e-06
-7.54847e-07
1.63603e-06
-7.09599e-07
1.66946e-06
-6.56271e-07
1.69806e-06
-5.95474e-07
1.72104e-06
-5.28291e-07
1.73798e-06
-4.56035e-07
1.74871e-06
-3.80104e-07
1.75316e-06
-3.01901e-07
1.7513e-06
-2.22809e-07
1.74315e-06
-1.4421e-07
1.7288e-06
-6.75056e-08
1.70838e-06
5.98458e-09
1.68229e-06
7.48342e-08
1.65111e-06
1.37877e-07
1.6157e-06
1.94257e-07
1.57706e-06
2.43439e-07
1.53631e-06
2.85228e-07
1.49451e-06
3.1974e-07
1.45266e-06
3.47345e-07
1.41161e-06
3.68589e-07
1.37198e-06
3.84114e-07
1.33424e-06
3.94587e-07
1.29867e-06
4.00653e-07
1.26539e-06
4.02908e-07
1.23444e-06
4.01889e-07
1.20576e-06
3.98073e-07
1.17926e-06
3.91884e-07
1.15481e-06
3.83699e-07
1.1323e-06
3.73859e-07
1.11157e-06
3.6267e-07
1.09251e-06
3.50407e-07
1.07497e-06
3.3732e-07
1.05885e-06
3.2363e-07
1.04404e-06
3.09537e-07
1.03041e-06
2.95212e-07
1.01789e-06
2.8081e-07
1.00637e-06
2.6646e-07
9.95765e-07
2.52276e-07
9.86005e-07
2.38352e-07
9.77016e-07
2.24767e-07
9.6873e-07
2.11586e-07
9.61089e-07
1.9886e-07
9.54036e-07
1.86631e-07
9.47523e-07
1.74928e-07
9.41505e-07
1.63771e-07
9.35941e-07
1.53175e-07
9.30795e-07
1.43144e-07
9.26034e-07
1.33679e-07
9.21627e-07
1.24774e-07
9.17548e-07
1.16419e-07
9.13773e-07
1.086e-07
9.10279e-07
1.01301e-07
9.07045e-07
9.45009e-08
9.04054e-07
8.818e-08
9.01287e-07
8.23152e-08
8.9873e-07
7.68829e-08
8.96369e-07
7.18588e-08
8.94189e-07
6.72185e-08
8.92179e-07
6.29376e-08
8.90327e-07
5.89922e-08
8.88623e-07
5.53586e-08
8.87056e-07
5.20141e-08
8.85619e-07
4.89366e-08
8.84302e-07
4.6105e-08
8.83098e-07
4.34994e-08
8.82e-07
4.11006e-08
8.81e-07
3.88908e-08
8.80094e-07
3.6853e-08
8.79276e-07
3.49716e-08
8.7854e-07
3.32319e-08
8.77882e-07
3.16203e-08
8.77299e-07
3.01241e-08
8.76788e-07
2.87319e-08
8.76345e-07
2.7433e-08
8.75968e-07
2.62177e-08
8.75655e-07
2.50774e-08
8.75407e-07
2.4004e-08
8.75221e-07
2.29905e-08
8.75099e-07
2.20306e-08
8.7504e-07
2.11188e-08
8.75047e-07
2.02502e-08
8.75121e-07
1.94207e-08
8.75265e-07
1.86266e-08
8.75483e-07
1.7865e-08
8.75778e-07
1.71333e-08
8.76155e-07
1.64297e-08
8.76618e-07
1.57523e-08
8.77175e-07
1.50999e-08
8.77829e-07
1.44712e-08
8.78589e-07
1.38654e-08
8.79459e-07
1.32814e-08
8.80447e-07
1.27184e-08
1.21773e-08
8.81558e-07
9.2033e-08
7.70772e-08
2.18436e-07
3.79928e-07
3.45197e-07
5.82187e-07
4.75512e-07
7.11982e-07
6.06397e-07
7.94634e-07
7.28699e-07
8.2894e-07
8.34788e-07
8.1059e-07
9.22182e-07
7.43635e-07
9.92987e-07
6.39144e-07
1.05111e-06
5.09213e-07
1.09996e-06
3.62999e-07
1.14156e-06
2.07267e-07
1.17748e-06
4.65574e-08
1.20937e-06
-1.18904e-07
1.23429e-06
-2.85974e-07
1.24152e-06
-4.43689e-07
1.22247e-06
-5.74116e-07
1.18339e-06
-6.70459e-07
1.14284e-06
-7.47465e-07
1.11605e-06
-8.28104e-07
1.10221e-06
-9.19961e-07
1.0879e-06
-1.00762e-06
1.06026e-06
-1.0672e-06
1.0152e-06
-1.08379e-06
9.56358e-07
-1.05679e-06
8.90468e-07
-9.94941e-07
8.2361e-07
-9.09278e-07
7.59477e-07
-8.09051e-07
7.00139e-07
-7.00582e-07
6.47555e-07
-5.86448e-07
6.01776e-07
-4.66124e-07
5.58928e-07
-3.41053e-07
5.19007e-07
-2.16734e-07
4.9668e-07
-9.31776e-08
5.12438e-07
4.60106e-08
5.68425e-07
2.1008e-07
6.48776e-07
3.80814e-07
7.36965e-07
5.29207e-07
8.22061e-07
6.37638e-07
8.9852e-07
7.02318e-07
9.64895e-07
7.28337e-07
1.02237e-06
7.24308e-07
1.07325e-06
6.98667e-07
1.11982e-06
6.57854e-07
1.16357e-06
6.05964e-07
1.20506e-06
5.4525e-07
1.24407e-06
4.7694e-07
1.28e-06
4.01932e-07
1.31219e-06
3.2123e-07
1.3401e-06
2.36161e-07
1.36351e-06
1.48255e-07
1.38246e-06
5.89258e-08
1.39722e-06
-3.0191e-08
1.40858e-06
-1.1705e-07
1.41778e-06
-2.00957e-07
1.42616e-06
-2.81671e-07
1.43516e-06
-3.59218e-07
1.44592e-06
-4.33934e-07
1.45893e-06
-5.06127e-07
1.47377e-06
-5.75717e-07
1.48921e-06
-6.42123e-07
1.50365e-06
-7.04463e-07
1.51561e-06
-7.61871e-07
1.52402e-06
-8.13694e-07
1.52821e-06
-8.59463e-07
1.52784e-06
-8.98802e-07
1.52285e-06
-9.31416e-07
1.51355e-06
-9.5721e-07
1.50065e-06
-9.76429e-07
1.48522e-06
-9.89695e-07
1.46855e-06
-9.97905e-07
1.45193e-06
-1.00207e-06
1.43652e-06
-1.00311e-06
1.42328e-06
-1.00183e-06
1.41311e-06
-9.98985e-07
1.40679e-06
-9.95387e-07
1.40469e-06
-9.91368e-07
1.40628e-06
-9.86061e-07
1.41037e-06
-9.77669e-07
1.4162e-06
-9.65036e-07
1.4246e-06
-9.49059e-07
1.43802e-06
-9.32251e-07
1.45908e-06
-9.16692e-07
1.48896e-06
-9.02204e-07
1.52652e-06
-8.86203e-07
1.56881e-06
-8.65039e-07
1.61224e-06
-8.35604e-07
1.65362e-06
-7.96226e-07
1.69073e-06
-7.46716e-07
1.72238e-06
-6.87917e-07
1.7481e-06
-6.21193e-07
1.76786e-06
-5.48056e-07
1.78182e-06
-4.69991e-07
1.79012e-06
-3.88407e-07
1.79287e-06
-3.04645e-07
1.79006e-06
-2.20004e-07
1.78162e-06
-1.3577e-07
1.76739e-06
-5.32756e-08
1.74714e-06
2.62372e-08
1.72094e-06
1.01033e-07
1.68908e-06
1.69733e-07
1.65219e-06
2.31153e-07
1.61115e-06
2.84473e-07
1.5671e-06
3.29281e-07
1.52126e-06
3.65581e-07
1.47485e-06
3.93751e-07
1.42898e-06
4.14457e-07
1.38457e-06
4.28532e-07
1.34228e-06
4.36876e-07
1.30256e-06
4.40368e-07
1.26566e-06
4.39812e-07
1.23163e-06
4.35913e-07
1.20044e-06
4.29267e-07
1.17195e-06
4.20379e-07
1.14597e-06
4.0967e-07
1.12233e-06
3.97502e-07
1.10082e-06
3.84183e-07
1.08124e-06
3.69982e-07
1.06343e-06
3.55136e-07
1.04721e-06
3.39853e-07
1.03243e-06
3.24315e-07
1.01895e-06
3.08685e-07
1.00667e-06
2.93099e-07
9.95447e-07
2.77679e-07
9.85198e-07
2.62525e-07
9.75827e-07
2.47723e-07
9.67251e-07
2.33342e-07
9.59397e-07
2.1944e-07
9.52196e-07
2.06061e-07
9.45589e-07
1.93238e-07
9.39521e-07
1.80995e-07
9.33945e-07
1.69348e-07
9.28816e-07
1.58304e-07
9.24097e-07
1.47864e-07
9.19751e-07
1.38025e-07
9.15748e-07
1.28777e-07
9.12059e-07
1.20108e-07
9.0866e-07
1.11999e-07
9.05527e-07
1.04433e-07
9.02641e-07
9.73873e-08
8.99982e-07
9.08389e-08
8.97534e-07
8.47636e-08
8.95281e-07
7.91361e-08
8.93209e-07
7.39309e-08
8.91305e-07
6.91224e-08
8.89557e-07
6.46852e-08
8.87955e-07
6.05942e-08
8.86489e-07
5.68251e-08
8.85149e-07
5.33542e-08
8.83926e-07
5.01588e-08
8.82814e-07
4.72171e-08
8.81805e-07
4.45085e-08
8.80892e-07
4.20133e-08
8.8007e-07
3.97129e-08
8.79333e-07
3.75901e-08
8.78676e-07
3.56284e-08
8.78095e-07
3.38128e-08
8.77587e-07
3.21291e-08
8.77147e-07
3.05642e-08
8.76772e-07
2.9106e-08
8.76462e-07
2.77434e-08
8.76213e-07
2.64663e-08
8.76025e-07
2.52653e-08
8.75897e-07
2.4132e-08
8.75829e-07
2.30588e-08
8.75821e-07
2.20388e-08
8.75874e-07
2.10658e-08
8.7599e-07
2.01346e-08
8.7617e-07
1.92401e-08
8.76418e-07
1.83784e-08
8.76737e-07
1.75459e-08
8.77131e-07
1.67395e-08
8.77604e-07
1.59565e-08
8.78162e-07
1.5195e-08
8.78808e-07
1.4453e-08
8.7955e-07
1.37292e-08
8.80393e-07
1.30223e-08
8.81344e-07
1.23313e-08
8.82407e-07
1.16554e-08
1.09949e-08
8.83589e-07
4.795e-08
2.91271e-08
1.98301e-07
2.29578e-07
3.6769e-07
4.12798e-07
5.34193e-07
5.45478e-07
6.93738e-07
6.35089e-07
8.41058e-07
6.8162e-07
9.70268e-07
6.8138e-07
1.07832e-06
6.35581e-07
1.16591e-06
5.51553e-07
1.23612e-06
4.39005e-07
1.29224e-06
3.06882e-07
1.33685e-06
1.62657e-07
1.37245e-06
1.09576e-08
1.39805e-06
-1.44512e-07
1.40657e-06
-2.94494e-07
1.38966e-06
-4.26778e-07
1.35016e-06
-5.34614e-07
1.30508e-06
-6.2538e-07
1.27304e-06
-7.15423e-07
1.25847e-06
-8.13532e-07
1.24926e-06
-9.10749e-07
1.22893e-06
-9.87295e-07
1.18875e-06
-1.02702e-06
1.13013e-06
-1.02517e-06
1.06019e-06
-9.86842e-07
9.86755e-07
-9.21511e-07
9.15802e-07
-8.38325e-07
8.50657e-07
-7.43905e-07
7.92528e-07
-6.42452e-07
7.42328e-07
-5.36249e-07
7.01404e-07
-4.25199e-07
6.6874e-07
-3.0839e-07
6.40824e-07
-1.88818e-07
6.20051e-07
-7.24045e-08
6.22548e-07
4.35132e-08
6.61082e-07
1.71545e-07
7.30665e-07
3.11231e-07
8.15965e-07
4.43907e-07
9.03236e-07
5.50368e-07
9.84191e-07
6.21363e-07
1.05547e-06
6.57059e-07
1.11701e-06
6.62764e-07
1.17047e-06
6.45212e-07
1.21792e-06
6.10408e-07
1.26107e-06
5.6281e-07
1.30094e-06
5.05381e-07
1.33784e-06
4.40036e-07
1.37163e-06
3.6814e-07
1.40197e-06
2.90895e-07
1.42853e-06
2.09597e-07
1.45121e-06
1.25574e-07
1.47016e-06
3.99817e-08
1.48574e-06
-4.57682e-08
1.49879e-06
-1.30105e-07
1.51039e-06
-2.12552e-07
1.52154e-06
-2.92821e-07
1.53306e-06
-3.70745e-07
1.54527e-06
-4.46142e-07
1.55775e-06
-5.18608e-07
1.56948e-06
-5.87442e-07
1.57917e-06
-6.51813e-07
1.58571e-06
-7.11006e-07
1.58839e-06
-7.64551e-07
1.58686e-06
-8.12168e-07
1.58104e-06
-8.53642e-07
1.57103e-06
-8.88794e-07
1.55719e-06
-9.17573e-07
1.54019e-06
-9.40205e-07
1.521e-06
-9.57244e-07
1.5008e-06
-9.69494e-07
1.48076e-06
-9.77868e-07
1.46195e-06
-9.83255e-07
1.44525e-06
-9.86414e-07
1.43144e-06
-9.8802e-07
1.42127e-06
-9.88818e-07
1.41527e-06
-9.89381e-07
1.41319e-06
-9.8929e-07
1.41394e-06
-9.86809e-07
1.41655e-06
-9.80284e-07
1.42178e-06
-9.70267e-07
1.43254e-06
-9.59815e-07
1.45237e-06
-9.5208e-07
1.48303e-06
-9.47354e-07
1.52313e-06
-9.42306e-07
1.56871e-06
-9.31784e-07
1.61503e-06
-9.11351e-07
1.65817e-06
-8.78745e-07
1.69583e-06
-8.3389e-07
1.72721e-06
-7.7809e-07
1.75244e-06
-7.13153e-07
1.77209e-06
-6.4084e-07
1.78671e-06
-5.62678e-07
1.79671e-06
-4.79988e-07
1.80229e-06
-3.93984e-07
1.8035e-06
-3.05857e-07
1.8003e-06
-2.16808e-07
1.79254e-06
-1.28004e-07
1.77986e-06
-4.05988e-08
1.7619e-06
4.41965e-08
1.73825e-06
1.24686e-07
1.70876e-06
1.99222e-07
1.6736e-06
2.66307e-07
1.63335e-06
3.24725e-07
1.58894e-06
3.7369e-07
1.5416e-06
4.12922e-07
1.49269e-06
4.42662e-07
1.44356e-06
4.63586e-07
1.39542e-06
4.76672e-07
1.34924e-06
4.83051e-07
1.30573e-06
4.83877e-07
1.26532e-06
4.80223e-07
1.22821e-06
4.73028e-07
1.1944e-06
4.63073e-07
1.16379e-06
4.50992e-07
1.13617e-06
4.3729e-07
1.1113e-06
4.22369e-07
1.08893e-06
4.06551e-07
1.06881e-06
3.90101e-07
1.05071e-06
3.73242e-07
1.0344e-06
3.56161e-07
1.0197e-06
3.3902e-07
1.00642e-06
3.21958e-07
9.94427e-07
3.05095e-07
9.83573e-07
2.88533e-07
9.7374e-07
2.72358e-07
9.6482e-07
2.56642e-07
9.5672e-07
2.41442e-07
9.49356e-07
2.26805e-07
9.42652e-07
2.12765e-07
9.36543e-07
1.99347e-07
9.3097e-07
1.86568e-07
9.25881e-07
1.74437e-07
9.2123e-07
1.62955e-07
9.16975e-07
1.52119e-07
9.1308e-07
1.4192e-07
9.09513e-07
1.32345e-07
9.06245e-07
1.23376e-07
9.03249e-07
1.14995e-07
9.00504e-07
1.07179e-07
8.97987e-07
9.99036e-08
8.95682e-07
9.31445e-08
8.9357e-07
8.68751e-08
8.91637e-07
8.10687e-08
8.8987e-07
7.56982e-08
8.88256e-07
7.07368e-08
8.86783e-07
6.61579e-08
8.85442e-07
6.19355e-08
8.84223e-07
5.80444e-08
8.83117e-07
5.446e-08
8.82117e-07
5.11589e-08
8.81215e-07
4.81186e-08
8.80406e-07
4.53178e-08
8.79683e-07
4.27363e-08
8.79041e-07
4.03549e-08
8.78475e-07
3.81558e-08
8.77982e-07
3.61222e-08
8.77556e-07
3.42382e-08
8.77196e-07
3.24895e-08
8.76898e-07
3.08623e-08
8.7666e-07
2.93441e-08
8.7648e-07
2.79233e-08
8.76357e-07
2.65892e-08
8.7629e-07
2.53322e-08
8.76279e-07
2.41431e-08
8.76324e-07
2.30139e-08
8.76426e-07
2.19372e-08
8.76585e-07
2.09063e-08
8.76804e-07
1.99153e-08
8.77086e-07
1.89588e-08
8.77432e-07
1.80321e-08
8.77847e-07
1.71313e-08
8.78334e-07
1.62526e-08
8.78897e-07
1.5393e-08
8.79542e-07
1.455e-08
8.80274e-07
1.37215e-08
8.81097e-07
1.29055e-08
8.82019e-07
1.21009e-08
8.83044e-07
1.13064e-08
8.84178e-07
1.05213e-08
9.7455e-09
8.85427e-07
-3.16574e-08
6.07845e-08
1.23979e-07
7.39417e-08
3.33938e-07
2.02839e-07
5.43387e-07
3.36029e-07
7.38272e-07
4.40204e-07
9.12838e-07
5.07054e-07
1.06421e-06
5.30008e-07
1.19132e-06
5.08471e-07
1.29492e-06
4.47953e-07
1.37716e-06
3.56761e-07
1.44054e-06
2.43505e-07
1.48751e-06
1.15694e-07
1.51837e-06
-1.9905e-08
1.52885e-06
-1.54998e-07
1.5147e-06
-2.80341e-07
1.48001e-06
-3.9209e-07
1.44028e-06
-4.94876e-07
1.41304e-06
-5.98146e-07
1.40368e-06
-7.06058e-07
1.40116e-06
-8.11012e-07
1.38803e-06
-8.97627e-07
1.3531e-06
-9.52357e-07
1.29587e-06
-9.69794e-07
1.22332e-06
-9.52624e-07
1.14446e-06
-9.07973e-07
1.06664e-06
-8.437e-07
9.94559e-07
-7.66241e-07
9.30547e-07
-6.79893e-07
8.75253e-07
-5.87159e-07
8.28641e-07
-4.89637e-07
7.91505e-07
-3.88063e-07
7.64913e-07
-2.81798e-07
7.47183e-07
-1.71089e-07
7.35434e-07
-6.0655e-08
7.3457e-07
4.43774e-08
7.57596e-07
1.48519e-07
8.10602e-07
2.58225e-07
8.86131e-07
3.68378e-07
9.71173e-07
4.65325e-07
1.055e-06
5.3754e-07
1.13155e-06
5.80509e-07
1.19873e-06
5.9558e-07
1.25691e-06
5.87032e-07
1.30755e-06
5.59768e-07
1.35227e-06
5.18086e-07
1.39236e-06
4.65297e-07
1.42857e-06
4.03822e-07
1.46125e-06
3.35457e-07
1.49048e-06
2.6167e-07
1.51624e-06
1.83834e-07
1.53863e-06
1.03185e-07
1.55788e-06
2.07332e-08
1.57438e-06
-6.22672e-08
1.58884e-06
-1.44566e-07
1.60194e-06
-2.25654e-07
1.61415e-06
-3.05027e-07
1.62553e-06
-3.82132e-07
1.63567e-06
-4.56278e-07
1.64371e-06
-5.26653e-07
1.64873e-06
-5.92462e-07
1.65003e-06
-6.53108e-07
1.64728e-06
-7.08258e-07
1.64047e-06
-7.57745e-07
1.62975e-06
-8.01444e-07
1.61533e-06
-8.39227e-07
1.59759e-06
-8.71055e-07
1.57714e-06
-8.97117e-07
1.55483e-06
-9.17898e-07
1.5317e-06
-9.34113e-07
1.50878e-06
-9.46577e-07
1.48702e-06
-9.56104e-07
1.46721e-06
-9.63444e-07
1.45004e-06
-9.69247e-07
1.43619e-06
-9.74165e-07
1.42623e-06
-9.7886e-07
1.42024e-06
-9.83391e-07
1.41737e-06
-9.86417e-07
1.4165e-06
-9.85942e-07
1.41806e-06
-9.81841e-07
1.42514e-06
-9.77354e-07
1.44223e-06
-9.76901e-07
1.47195e-06
-9.81805e-07
1.51284e-06
-9.8824e-07
1.55981e-06
-9.89271e-07
1.60672e-06
-9.78695e-07
1.64886e-06
-9.53495e-07
1.68401e-06
-9.13893e-07
1.71208e-06
-8.61963e-07
1.73416e-06
-8.0017e-07
1.75155e-06
-7.30537e-07
1.7652e-06
-6.54491e-07
1.77558e-06
-5.73062e-07
1.78276e-06
-4.87171e-07
1.78659e-06
-3.97813e-07
1.78687e-06
-3.06139e-07
1.78348e-06
-2.13416e-07
1.77637e-06
-1.20896e-07
1.76544e-06
-2.96612e-08
1.75032e-06
5.93142e-08
1.73043e-06
1.44572e-07
1.70522e-06
2.24439e-07
1.67431e-06
2.97211e-07
1.63775e-06
3.61283e-07
1.59606e-06
4.15383e-07
1.55021e-06
4.58776e-07
1.5015e-06
4.91366e-07
1.45142e-06
5.13671e-07
1.4014e-06
5.2669e-07
1.35272e-06
5.31729e-07
1.30639e-06
5.30207e-07
1.26311e-06
5.23503e-07
1.22329e-06
5.12852e-07
1.18708e-06
4.99287e-07
1.15443e-06
4.83634e-07
1.12519e-06
4.66532e-07
1.0991e-06
4.4846e-07
1.07587e-06
4.2978e-07
1.05521e-06
4.10765e-07
1.03682e-06
3.91625e-07
1.02046e-06
3.72528e-07
1.00587e-06
3.5361e-07
9.92842e-07
3.34982e-07
9.81196e-07
3.1674e-07
9.70767e-07
2.98962e-07
9.61412e-07
2.81713e-07
9.53007e-07
2.65047e-07
9.45445e-07
2.49005e-07
9.3863e-07
2.3362e-07
9.32479e-07
2.18915e-07
9.26921e-07
2.04905e-07
9.21892e-07
1.91597e-07
9.17335e-07
1.78993e-07
9.13203e-07
1.67087e-07
9.09451e-07
1.55871e-07
9.06043e-07
1.45329e-07
9.02943e-07
1.35444e-07
9.00124e-07
1.26195e-07
8.97559e-07
1.1756e-07
8.95224e-07
1.09513e-07
8.931e-07
1.02028e-07
8.91167e-07
9.5077e-08
8.8941e-07
8.86321e-08
8.87814e-07
8.26647e-08
8.86366e-07
7.71463e-08
8.85054e-07
7.20488e-08
8.83868e-07
6.73444e-08
8.82797e-07
6.30061e-08
8.81834e-07
5.90076e-08
8.8097e-07
5.53237e-08
8.80199e-07
5.19302e-08
8.79514e-07
4.88038e-08
8.78909e-07
4.59226e-08
8.78379e-07
4.32658e-08
8.7792e-07
4.08138e-08
8.77528e-07
3.85481e-08
8.77199e-07
3.64513e-08
8.7693e-07
3.45075e-08
8.76718e-07
3.27013e-08
8.76561e-07
3.10189e-08
8.76458e-07
2.94472e-08
8.76407e-07
2.79742e-08
8.76408e-07
2.65887e-08
8.76459e-07
2.52806e-08
8.76562e-07
2.40403e-08
8.76717e-07
2.28593e-08
8.76924e-07
2.17298e-08
8.77186e-07
2.06445e-08
8.77504e-07
1.9597e-08
8.77882e-07
1.85815e-08
8.78321e-07
1.75929e-08
8.78826e-07
1.66265e-08
8.794e-07
1.56782e-08
8.80048e-07
1.47448e-08
8.80775e-07
1.3823e-08
8.81586e-07
1.29106e-08
8.82486e-07
1.20055e-08
8.83481e-07
1.11061e-08
8.84576e-07
1.02113e-08
8.85777e-07
9.32057e-09
8.43288e-09
8.87089e-07
7.43949e-08
-1.36104e-08
1.46388e-07
1.94888e-09
2.96991e-07
5.22357e-08
4.97763e-07
1.35257e-07
7.08064e-07
2.29903e-07
9.05249e-07
3.09869e-07
1.07937e-06
3.55889e-07
1.22668e-06
3.61163e-07
1.34664e-06
3.27991e-07
1.44051e-06
2.62887e-07
1.51033e-06
1.73682e-07
1.55667e-06
6.93622e-08
1.57746e-06
-4.0694e-08
1.57456e-06
-1.52107e-07
1.55653e-06
-2.62304e-07
1.5379e-06
-3.73464e-07
1.53131e-06
-4.88282e-07
1.5378e-06
-6.04639e-07
1.54552e-06
-7.1378e-07
1.5384e-06
-8.0389e-07
1.50641e-06
-8.65639e-07
1.44948e-06
-8.95428e-07
1.37479e-06
-8.95095e-07
1.2918e-06
-8.69636e-07
1.20867e-06
-8.24841e-07
1.13076e-06
-7.6579e-07
1.06085e-06
-6.96332e-07
1.00006e-06
-6.1911e-07
9.48658e-07
-5.35753e-07
9.06368e-07
-4.47347e-07
8.73193e-07
-3.54888e-07
8.50286e-07
-2.5889e-07
8.38432e-07
-1.59235e-07
8.35424e-07
-5.76465e-08
8.39157e-07
4.06441e-08
8.55087e-07
1.32589e-07
8.92215e-07
2.21097e-07
9.52303e-07
3.0829e-07
1.02824e-06
3.89388e-07
1.10993e-06
4.55846e-07
1.18932e-06
5.01128e-07
1.26185e-06
5.23046e-07
1.32595e-06
5.22926e-07
1.38186e-06
5.03861e-07
1.4306e-06
4.69345e-07
1.47335e-06
4.22551e-07
1.51108e-06
3.66094e-07
1.54447e-06
3.02064e-07
1.57396e-06
2.32176e-07
1.59986e-06
1.5794e-07
1.62242e-06
8.06239e-08
1.64193e-06
1.22716e-09
1.65873e-06
-7.90728e-08
1.67326e-06
-1.59093e-07
1.68571e-06
-2.38107e-07
1.69599e-06
-3.15301e-07
1.70365e-06
-3.89796e-07
1.70808e-06
-4.60708e-07
1.70871e-06
-5.27287e-07
1.70528e-06
-5.89028e-07
1.69784e-06
-6.45666e-07
1.68665e-06
-6.97065e-07
1.672e-06
-7.43096e-07
1.65417e-06
-7.83615e-07
1.63349e-06
-8.18553e-07
1.61049e-06
-8.48052e-07
1.5859e-06
-8.72523e-07
1.5606e-06
-8.92601e-07
1.5355e-06
-9.0901e-07
1.51139e-06
-9.22472e-07
1.48898e-06
-9.33695e-07
1.46889e-06
-9.4335e-07
1.45169e-06
-9.52051e-07
1.43795e-06
-9.60422e-07
1.42795e-06
-9.68855e-07
1.4212e-06
-9.76645e-07
1.41664e-06
-9.81861e-07
1.41424e-06
-9.83541e-07
1.41687e-06
-9.84468e-07
1.4297e-06
-9.90187e-07
1.45656e-06
-1.00376e-06
1.4963e-06
-1.02154e-06
1.54279e-06
-1.03474e-06
1.58831e-06
-1.03478e-06
1.62715e-06
-1.01754e-06
1.65734e-06
-9.83685e-07
1.67994e-06
-9.36489e-07
1.69736e-06
-8.79385e-07
1.71186e-06
-8.14669e-07
1.72473e-06
-7.43405e-07
1.73621e-06
-6.65978e-07
1.74586e-06
-5.82709e-07
1.75291e-06
-4.94221e-07
1.75664e-06
-4.01539e-07
1.75654e-06
-3.06038e-07
1.75246e-06
-2.0934e-07
1.74468e-06
-1.13119e-07
1.73364e-06
-1.86157e-08
1.71948e-06
7.3467e-08
1.70192e-06
1.62134e-07
1.68032e-06
2.46039e-07
1.65395e-06
3.2358e-07
1.62228e-06
3.92959e-07
1.5852e-06
4.52459e-07
1.54319e-06
5.00786e-07
1.49723e-06
5.37326e-07
1.44867e-06
5.6223e-07
1.39903e-06
5.76338e-07
1.34976e-06
5.80996e-07
1.30215e-06
5.7782e-07
1.25717e-06
5.68481e-07
1.21549e-06
5.54534e-07
1.17745e-06
5.37318e-07
1.14318e-06
5.17911e-07
1.11257e-06
4.97141e-07
1.08541e-06
4.75614e-07
1.06143e-06
4.53764e-07
1.0403e-06
4.31897e-07
1.0217e-06
4.10224e-07
1.00533e-06
3.88898e-07
9.90911e-07
3.68029e-07
9.78194e-07
3.47699e-07
9.66961e-07
3.27973e-07
9.57021e-07
3.08902e-07
9.4821e-07
2.90525e-07
9.40384e-07
2.72872e-07
9.33422e-07
2.55967e-07
9.27216e-07
2.39825e-07
9.21676e-07
2.24455e-07
9.16723e-07
2.09858e-07
9.12287e-07
1.96033e-07
9.0831e-07
1.8297e-07
9.04739e-07
1.70658e-07
9.0153e-07
1.5908e-07
8.98644e-07
1.48215e-07
8.96045e-07
1.38042e-07
8.93705e-07
1.28535e-07
8.91597e-07
1.19668e-07
8.89698e-07
1.11412e-07
8.87987e-07
1.03739e-07
8.86448e-07
9.66167e-08
8.85063e-07
9.00167e-08
8.8382e-07
8.39081e-08
8.82705e-07
7.8261e-08
8.81708e-07
7.30458e-08
8.80819e-07
6.82335e-08
8.80029e-07
6.3796e-08
8.7933e-07
5.97062e-08
8.78716e-07
5.59379e-08
8.7818e-07
5.24662e-08
8.77717e-07
4.92672e-08
8.77321e-07
4.63183e-08
8.76989e-07
4.35981e-08
8.76716e-07
4.10865e-08
8.765e-07
3.87645e-08
8.76337e-07
3.66144e-08
8.76225e-07
3.46195e-08
8.76162e-07
3.27642e-08
8.76146e-07
3.10343e-08
8.76177e-07
2.94162e-08
8.76254e-07
2.78974e-08
8.76376e-07
2.64665e-08
8.76544e-07
2.51127e-08
8.76758e-07
2.38263e-08
8.77019e-07
2.25982e-08
8.77329e-07
2.142e-08
8.77689e-07
2.02843e-08
8.78102e-07
1.9184e-08
8.78571e-07
1.81129e-08
8.79098e-07
1.70654e-08
8.79688e-07
1.60364e-08
8.80345e-07
1.50216e-08
8.81073e-07
1.4017e-08
8.81876e-07
1.30193e-08
8.82761e-07
1.20258e-08
8.83733e-07
1.10342e-08
8.84796e-07
1.00429e-08
8.85956e-07
9.05062e-09
8.8722e-07
8.05726e-09
7.06072e-09
8.88592e-07
8.34466e-07
3.81798e-08
7.7797e-07
5.8445e-08
7.3296e-07
9.72458e-08
7.26202e-07
1.42015e-07
7.71536e-07
1.8457e-07
8.60842e-07
2.20563e-07
9.7275e-07
2.43981e-07
1.08664e-06
2.47268e-07
1.18914e-06
2.25496e-07
1.27354e-06
1.78483e-07
1.33672e-06
1.1051e-07
1.37985e-06
2.6224e-08
1.40668e-06
-6.75234e-08
1.42633e-06
-1.71755e-07
1.44695e-06
-2.82921e-07
1.47231e-06
-3.98828e-07
1.49813e-06
-5.14103e-07
1.5139e-06
-6.20405e-07
1.50908e-06
-7.08959e-07
1.47881e-06
-7.73625e-07
1.42543e-06
-8.12259e-07
1.35607e-06
-8.26061e-07
1.27908e-06
-8.18113e-07
1.20154e-06
-7.92089e-07
1.12816e-06
-7.51464e-07
1.06154e-06
-6.99174e-07
1.00278e-06
-6.37564e-07
9.52141e-07
-5.68475e-07
9.09677e-07
-4.9329e-07
8.75337e-07
-4.13006e-07
8.48998e-07
-3.28549e-07
8.31069e-07
-2.40962e-07
8.22795e-07
-1.50961e-07
8.24334e-07
-5.91854e-08
8.3317e-07
3.18087e-08
8.48331e-07
1.17429e-07
8.73955e-07
1.95472e-07
9.1488e-07
2.67364e-07
9.70956e-07
3.33312e-07
1.03698e-06
3.89823e-07
1.10621e-06
4.31896e-07
1.17323e-06
4.56023e-07
1.23487e-06
4.61292e-07
1.28986e-06
4.48875e-07
1.33816e-06
4.21044e-07
1.38033e-06
3.80381e-07
1.41709e-06
3.29332e-07
1.44912e-06
2.70036e-07
1.47695e-06
2.04343e-07
1.501e-06
1.33884e-07
1.52161e-06
6.00217e-08
1.53899e-06
-1.61606e-08
1.55338e-06
-9.34563e-08
1.56486e-06
-1.70578e-07
1.57333e-06
-2.46571e-07
1.57848e-06
-3.20454e-07
1.58e-06
-3.91315e-07
1.57772e-06
-4.58427e-07
1.57173e-06
-5.21299e-07
1.56234e-06
-5.79636e-07
1.54991e-06
-6.33239e-07
1.53475e-06
-6.81902e-07
1.51707e-06
-7.25413e-07
1.4971e-06
-7.63649e-07
1.47523e-06
-7.96684e-07
1.45202e-06
-8.24842e-07
1.42816e-06
-8.48666e-07
1.40436e-06
-8.68798e-07
1.38123e-06
-8.85877e-07
1.3593e-06
-9.00544e-07
1.33908e-06
-9.13472e-07
1.32104e-06
-9.25312e-07
1.30563e-06
-9.36644e-07
1.29318e-06
-9.4797e-07
1.28356e-06
-9.5924e-07
1.27604e-06
-9.69125e-07
1.27021e-06
-9.76026e-07
1.26799e-06
-9.81325e-07
1.27425e-06
-9.90721e-07
1.29371e-06
-1.00965e-06
1.32644e-06
-1.03649e-06
1.36651e-06
-1.06161e-06
1.40535e-06
-1.07357e-06
1.43655e-06
-1.06598e-06
1.45837e-06
-1.03936e-06
1.473e-06
-9.98315e-07
1.48419e-06
-9.47681e-07
1.49506e-06
-8.9026e-07
1.50707e-06
-8.26673e-07
1.52003e-06
-7.56371e-07
1.53281e-06
-6.7875e-07
1.54391e-06
-5.93817e-07
1.55204e-06
-5.02344e-07
1.55621e-06
-4.05715e-07
1.55587e-06
-3.05699e-07
1.55092e-06
-2.04392e-07
1.54185e-06
-1.04045e-07
1.52952e-06
-6.28604e-09
1.5148e-06
8.81889e-08
1.49815e-06
1.78785e-07
1.47945e-06
2.6474e-07
1.45804e-06
3.4499e-07
1.43306e-06
4.17937e-07
1.40385e-06
4.81671e-07
1.3702e-06
5.34426e-07
1.33252e-06
5.75012e-07
1.29168e-06
6.03068e-07
1.24892e-06
6.19099e-07
1.20559e-06
6.24326e-07
1.16298e-06
6.20433e-07
1.12216e-06
6.09294e-07
1.08396e-06
5.92743e-07
1.04886e-06
5.7241e-07
1.01713e-06
5.49641e-07
9.88796e-07
5.25479e-07
9.63724e-07
5.00686e-07
9.41691e-07
4.75796e-07
9.22419e-07
4.51169e-07
9.05608e-07
4.27036e-07
8.90962e-07
4.03543e-07
8.78207e-07
3.80784e-07
8.67091e-07
3.58814e-07
8.57394e-07
3.3767e-07
8.48923e-07
3.17374e-07
8.41509e-07
2.97938e-07
8.3501e-07
2.79371e-07
8.29303e-07
2.61674e-07
8.24283e-07
2.44846e-07
8.1986e-07
2.28878e-07
8.15956e-07
2.13762e-07
8.12507e-07
1.99483e-07
8.09454e-07
1.86023e-07
8.0675e-07
1.73362e-07
8.04352e-07
1.61477e-07
8.02225e-07
1.50343e-07
8.00336e-07
1.39931e-07
7.98659e-07
1.30212e-07
7.9717e-07
1.21157e-07
7.95849e-07
1.12734e-07
7.94678e-07
1.0491e-07
7.93641e-07
9.76538e-08
7.92724e-07
9.0933e-08
7.91917e-07
8.47157e-08
7.91208e-07
7.89702e-08
7.90588e-07
7.36658e-08
7.90049e-07
6.87724e-08
7.89584e-07
6.42609e-08
7.89187e-07
6.01033e-08
7.88852e-07
5.62727e-08
7.88575e-07
5.27436e-08
7.8835e-07
4.94914e-08
7.88176e-07
4.6493e-08
7.88047e-07
4.37265e-08
7.87963e-07
4.11713e-08
7.87919e-07
3.8808e-08
7.87915e-07
3.66185e-08
7.87949e-07
3.45857e-08
7.88019e-07
3.26939e-08
7.88125e-07
3.09281e-08
7.88267e-07
2.92746e-08
7.88444e-07
2.77206e-08
7.88656e-07
2.62542e-08
7.88904e-07
2.48645e-08
7.89189e-07
2.35412e-08
7.89513e-07
2.22749e-08
7.89876e-07
2.1057e-08
7.90281e-07
1.98794e-08
7.9073e-07
1.87349e-08
7.91226e-07
1.76169e-08
7.91772e-07
1.65194e-08
7.92371e-07
1.54369e-08
7.93028e-07
1.43647e-08
7.93747e-07
1.32985e-08
7.94531e-07
1.22348e-08
7.95386e-07
1.11706e-08
7.96317e-07
1.01035e-08
7.97328e-07
9.03177e-09
7.98425e-07
7.95398e-09
7.99612e-07
6.87047e-09
5.77802e-09
8.00894e-07
1.32964e-06
7.25403e-08
1.29119e-06
9.68973e-08
1.25437e-06
1.34062e-07
1.22189e-06
1.74503e-07
1.2001e-06
2.06358e-07
1.19749e-06
2.23173e-07
1.2179e-06
2.23569e-07
1.25769e-06
2.07476e-07
1.30863e-06
1.74553e-07
1.36208e-06
1.25039e-07
1.41306e-06
5.95252e-08
1.46131e-06
-2.20236e-08
1.50899e-06
-1.15202e-07
1.55436e-06
-2.17122e-07
1.59447e-06
-3.23031e-07
1.62316e-06
-4.27525e-07
1.63317e-06
-5.24111e-07
1.61943e-06
-6.06665e-07
1.5816e-06
-6.71132e-07
1.52396e-06
-7.15979e-07
1.45327e-06
-7.41574e-07
1.37651e-06
-7.493e-07
1.29933e-06
-7.40931e-07
1.22559e-06
-7.18344e-07
1.15754e-06
-6.8342e-07
1.09634e-06
-6.37976e-07
1.04247e-06
-5.83694e-07
9.9607e-07
-5.22071e-07
9.57196e-07
-4.54416e-07
9.25996e-07
-3.81807e-07
9.0259e-07
-3.05142e-07
8.87096e-07
-2.25468e-07
8.80201e-07
-1.44067e-07
8.82956e-07
-6.19404e-08
8.9478e-07
1.99854e-08
9.13275e-07
9.89331e-08
9.37878e-07
1.7087e-07
9.71181e-07
2.34061e-07
1.01566e-06
2.88836e-07
1.07059e-06
3.34894e-07
1.13223e-06
3.70255e-07
1.19587e-06
3.9238e-07
1.25758e-06
3.99587e-07
1.31482e-06
3.91628e-07
1.3664e-06
3.69463e-07
1.41202e-06
3.34769e-07
1.45186e-06
2.89491e-07
1.48633e-06
2.35563e-07
1.51587e-06
1.74799e-07
1.54088e-06
1.0888e-07
1.56161e-06
3.92905e-08
1.57825e-06
-3.28028e-08
1.59092e-06
-1.06123e-07
1.59963e-06
-1.79293e-07
1.60433e-06
-2.51266e-07
1.60498e-06
-3.21104e-07
1.60172e-06
-3.88054e-07
1.59486e-06
-4.51569e-07
1.58481e-06
-5.11253e-07
1.57195e-06
-5.66774e-07
1.55652e-06
-6.1781e-07
1.53869e-06
-6.64067e-07
1.51864e-06
-7.05363e-07
1.4967e-06
-7.4171e-07
1.47337e-06
-7.73354e-07
1.44926e-06
-8.00735e-07
1.42499e-06
-8.24401e-07
1.40111e-06
-8.44914e-07
1.37806e-06
-8.62826e-07
1.35627e-06
-8.78756e-07
1.3362e-06
-8.93396e-07
1.31825e-06
-9.07361e-07
1.30272e-06
-9.21122e-07
1.2897e-06
-9.34945e-07
1.27878e-06
-9.48321e-07
1.26947e-06
-9.59812e-07
1.26282e-06
-9.69384e-07
1.26307e-06
-9.81576e-07
1.27588e-06
-1.00353e-06
1.30318e-06
-1.03695e-06
1.33976e-06
-1.07308e-06
1.37587e-06
-1.09772e-06
1.40336e-06
-1.10106e-06
1.41991e-06
-1.08253e-06
1.42875e-06
-1.0482e-06
1.4354e-06
-1.00496e-06
1.44431e-06
-9.56594e-07
1.45729e-06
-9.03244e-07
1.4737e-06
-8.43075e-07
1.49149e-06
-7.74164e-07
1.50835e-06
-6.95612e-07
1.52232e-06
-6.07784e-07
1.53203e-06
-5.1205e-07
1.53665e-06
-4.10339e-07
1.53579e-06
-3.04836e-07
1.52941e-06
-1.98014e-07
1.51792e-06
-9.25557e-08
1.50221e-06
9.42141e-09
1.48363e-06
1.06774e-07
1.46349e-06
1.98917e-07
1.44257e-06
2.85669e-07
1.42072e-06
3.66836e-07
1.39715e-06
4.41506e-07
1.37082e-06
5.08001e-07
1.34093e-06
5.64317e-07
1.30723e-06
6.08716e-07
1.27008e-06
6.40212e-07
1.23039e-06
6.5879e-07
1.18936e-06
6.65362e-07
1.14827e-06
6.61524e-07
1.1083e-06
6.49256e-07
1.07043e-06
6.30613e-07
1.03534e-06
6.07507e-07
1.00341e-06
5.81565e-07
9.74816e-07
5.54074e-07
9.49513e-07
5.25988e-07
9.27333e-07
4.97976e-07
9.08026e-07
4.70476e-07
8.91301e-07
4.4376e-07
8.76859e-07
4.17986e-07
8.6441e-07
3.93233e-07
8.53687e-07
3.69538e-07
8.4445e-07
3.46907e-07
8.36489e-07
3.25335e-07
8.29621e-07
3.04806e-07
8.2369e-07
2.85302e-07
8.18561e-07
2.66803e-07
8.14121e-07
2.49286e-07
8.10272e-07
2.32727e-07
8.06933e-07
2.17101e-07
8.04033e-07
2.02382e-07
8.01514e-07
1.88543e-07
7.99323e-07
1.75553e-07
7.97418e-07
1.63382e-07
7.95762e-07
1.51999e-07
7.94323e-07
1.4137e-07
7.93074e-07
1.31461e-07
7.91992e-07
1.2224e-07
7.91056e-07
1.1367e-07
7.90249e-07
1.05717e-07
7.89556e-07
9.83463e-08
7.88965e-07
9.15241e-08
7.88464e-07
8.52165e-08
7.88044e-07
7.93905e-08
7.87696e-07
7.40139e-08
7.87413e-07
6.90555e-08
7.87188e-07
6.44854e-08
7.87017e-07
6.02746e-08
7.86894e-07
5.63955e-08
7.86816e-07
5.28219e-08
7.86778e-07
4.95287e-08
7.86779e-07
4.64922e-08
7.86816e-07
4.36901e-08
7.86885e-07
4.11014e-08
7.86987e-07
3.87062e-08
7.8712e-07
3.6486e-08
7.87282e-07
3.44235e-08
7.87473e-07
3.25025e-08
7.87693e-07
3.07079e-08
7.87943e-07
2.90255e-08
7.88221e-07
2.74423e-08
7.88529e-07
2.5946e-08
7.88868e-07
2.45254e-08
7.89239e-07
2.31699e-08
7.89645e-07
2.18698e-08
7.90085e-07
2.06161e-08
7.90564e-07
1.94005e-08
7.91084e-07
1.82153e-08
7.91647e-07
1.70535e-08
7.92258e-07
1.59089e-08
7.92919e-07
1.47756e-08
7.93635e-07
1.36486e-08
7.9441e-07
1.25233e-08
7.95249e-07
1.13959e-08
7.96157e-07
1.02632e-08
7.97138e-07
9.12261e-09
7.98197e-07
7.97239e-09
7.9934e-07
6.81102e-09
8.00571e-07
5.63923e-09
4.45259e-09
8.01897e-07
1.48255e-06
7.80014e-08
1.47926e-06
1.00187e-07
1.48249e-06
1.30828e-07
1.49185e-06
1.65149e-07
1.50439e-06
1.93819e-07
1.51875e-06
2.0881e-07
1.53613e-06
2.06186e-07
1.5584e-06
1.85209e-07
1.58622e-06
1.46732e-07
1.61908e-06
9.21813e-08
1.65435e-06
2.42558e-08
1.68885e-06
-5.65259e-08
1.7185e-06
-1.44857e-07
1.739e-06
-2.37619e-07
1.74584e-06
-3.29867e-07
1.73509e-06
-4.16781e-07
1.70524e-06
-4.9426e-07
1.65791e-06
-5.59337e-07
1.59713e-06
-6.10351e-07
1.52786e-06
-6.46702e-07
1.45472e-06
-6.68439e-07
1.3814e-06
-6.75984e-07
1.31053e-06
-6.70052e-07
1.24382e-06
-6.51642e-07
1.18241e-06
-6.22003e-07
1.12697e-06
-5.82536e-07
1.07793e-06
-5.34659e-07
1.03557e-06
-4.79709e-07
1.00007e-06
-4.18915e-07
9.71652e-07
-3.53392e-07
9.50616e-07
-2.84106e-07
9.37159e-07
-2.12012e-07
9.31489e-07
-1.38396e-07
9.34268e-07
-6.47198e-08
9.46161e-07
8.09287e-09
9.66165e-07
7.89287e-08
9.92189e-07
1.44846e-07
1.02349e-06
2.02755e-07
1.06114e-06
2.51187e-07
1.10613e-06
2.89906e-07
1.15774e-06
3.18645e-07
1.21356e-06
3.36565e-07
1.27048e-06
3.42661e-07
1.32575e-06
3.36364e-07
1.37736e-06
3.17847e-07
1.42417e-06
2.8796e-07
1.46565e-06
2.48013e-07
1.50168e-06
1.99532e-07
1.53236e-06
1.44115e-07
1.55786e-06
8.33812e-08
1.57834e-06
1.881e-08
1.59397e-06
-4.84302e-08
1.60487e-06
-1.17024e-07
1.61122e-06
-1.85642e-07
1.61324e-06
-2.53283e-07
1.61125e-06
-3.1912e-07
1.60568e-06
-3.82481e-07
1.59693e-06
-4.42816e-07
1.58531e-06
-4.99635e-07
1.57102e-06
-5.52485e-07
1.5542e-06
-6.00989e-07
1.53504e-06
-6.44907e-07
1.51387e-06
-6.84195e-07
1.49118e-06
-7.19016e-07
1.46753e-06
-7.49699e-07
1.44347e-06
-7.76678e-07
1.41949e-06
-8.00419e-07
1.39596e-06
-8.21389e-07
1.37325e-06
-8.40116e-07
1.35176e-06
-8.5726e-07
1.33187e-06
-8.7351e-07
1.31386e-06
-8.89355e-07
1.29783e-06
-9.05089e-07
1.28363e-06
-9.20745e-07
1.27095e-06
-9.35641e-07
1.26026e-06
-9.49118e-07
1.25465e-06
-9.63778e-07
1.25988e-06
-9.86802e-07
1.2799e-06
-1.02355e-06
1.31146e-06
-1.06851e-06
1.34439e-06
-1.10601e-06
1.36839e-06
-1.12172e-06
1.37964e-06
-1.11231e-06
1.38196e-06
-1.08485e-06
1.38284e-06
-1.04909e-06
1.38859e-06
-1.01071e-06
1.40165e-06
-9.69651e-07
1.42085e-06
-9.22444e-07
1.44313e-06
-8.6536e-07
1.46522e-06
-7.96252e-07
1.48453e-06
-7.14922e-07
1.49942e-06
-6.22676e-07
1.50905e-06
-5.21672e-07
1.51305e-06
-4.1434e-07
1.51133e-06
-3.03119e-07
1.50391e-06
-1.90595e-07
1.49092e-06
-7.95665e-08
1.47285e-06
2.74968e-08
1.45093e-06
1.28691e-07
1.42696e-06
2.2289e-07
1.4025e-06
3.10128e-07
1.37832e-06
3.91013e-07
1.35419e-06
4.65636e-07
1.32914e-06
5.33048e-07
1.30203e-06
5.91436e-07
1.272e-06
6.38745e-07
1.23882e-06
6.73384e-07
1.20291e-06
6.94705e-07
1.16514e-06
7.03134e-07
1.12665e-06
7.00015e-07
1.08862e-06
6.87288e-07
1.05208e-06
6.67145e-07
1.01786e-06
6.41733e-07
9.86479e-07
6.12945e-07
9.58228e-07
5.82325e-07
9.33172e-07
5.51044e-07
9.11218e-07
5.1993e-07
8.92165e-07
4.89529e-07
8.75749e-07
4.60176e-07
8.61682e-07
4.32052e-07
8.49675e-07
4.0524e-07
8.39454e-07
3.79759e-07
8.30767e-07
3.55594e-07
8.23392e-07
3.3271e-07
8.17134e-07
3.11063e-07
8.11827e-07
2.9061e-07
8.07327e-07
2.71303e-07
8.03512e-07
2.53101e-07
8.0028e-07
2.35959e-07
7.97543e-07
2.19838e-07
7.95227e-07
2.04698e-07
7.93272e-07
1.90498e-07
7.91623e-07
1.77202e-07
7.90237e-07
1.64768e-07
7.89076e-07
1.5316e-07
7.88108e-07
1.42337e-07
7.87306e-07
1.32263e-07
7.86648e-07
1.22898e-07
7.86113e-07
1.14204e-07
7.85685e-07
1.06145e-07
7.8535e-07
9.86813e-08
7.85096e-07
9.17784e-08
7.84912e-07
8.54004e-08
7.8479e-07
7.95127e-08
7.84722e-07
7.40819e-08
7.84702e-07
6.90757e-08
7.84724e-07
6.44631e-08
7.84784e-07
6.02144e-08
7.84879e-07
5.63013e-08
7.85004e-07
5.26968e-08
7.85157e-07
4.93754e-08
7.85336e-07
4.63128e-08
7.8554e-07
4.34864e-08
7.85767e-07
4.08746e-08
7.86016e-07
3.84573e-08
7.86286e-07
3.62157e-08
7.86578e-07
3.4132e-08
7.8689e-07
3.21898e-08
7.87225e-07
3.03737e-08
7.87581e-07
2.86692e-08
7.8796e-07
2.70631e-08
7.88363e-07
2.55427e-08
7.88792e-07
2.40966e-08
7.89248e-07
2.2714e-08
7.89733e-07
2.13847e-08
7.9025e-07
2.00995e-08
7.90801e-07
1.88497e-08
7.91388e-07
1.76275e-08
7.92017e-07
1.64254e-08
7.92689e-07
1.52369e-08
7.93408e-07
1.40557e-08
7.9418e-07
1.28766e-08
7.95009e-07
1.16947e-08
7.95899e-07
1.0506e-08
7.96855e-07
9.30693e-09
7.97883e-07
8.0949e-09
7.98987e-07
6.86805e-09
8.00173e-07
5.62483e-09
8.01446e-07
4.36641e-09
3.08707e-09
8.02812e-07
1.48709e-06
7.38785e-08
1.49564e-06
9.16417e-08
1.51241e-06
1.14052e-07
1.53914e-06
1.38424e-07
1.57402e-06
1.5894e-07
1.6132e-06
1.69627e-07
1.65301e-06
1.66371e-07
1.69105e-06
1.4717e-07
1.72601e-06
1.11774e-07
1.75664e-06
6.15526e-08
1.78147e-06
-5.68261e-10
1.79725e-06
-7.23143e-08
1.80236e-06
-1.49967e-07
1.79468e-06
-2.29932e-07
1.77323e-06
-3.08422e-07
1.73846e-06
-3.82004e-07
1.69215e-06
-4.47952e-07
1.63701e-06
-5.04198e-07
1.57596e-06
-5.49303e-07
1.51164e-06
-5.82386e-07
1.44624e-06
-6.03035e-07
1.38151e-06
-6.11249e-07
1.31887e-06
-6.0742e-07
1.25953e-06
-5.92294e-07
1.20442e-06
-5.66893e-07
1.15428e-06
-5.324e-07
1.10967e-06
-4.90049e-07
1.071e-06
-4.4104e-07
1.03859e-06
-3.865e-07
1.01269e-06
-3.27499e-07
9.93631e-07
-2.65044e-07
9.81709e-07
-2.0009e-07
9.77073e-07
-1.3376e-07
9.79864e-07
-6.75107e-08
9.90595e-07
-2.63756e-09
1.00949e-06
6.00327e-08
1.03545e-06
1.18883e-07
1.06669e-06
1.71519e-07
1.10212e-06
2.15758e-07
1.14167e-06
2.5035e-07
1.18543e-06
2.7489e-07
1.23274e-06
2.89257e-07
1.28211e-06
2.93292e-07
1.33161e-06
2.86858e-07
1.3794e-06
2.7006e-07
1.42398e-06
2.43377e-07
1.46434e-06
2.07655e-07
1.49987e-06
1.64006e-07
1.53025e-06
1.13733e-07
1.55537e-06
5.82599e-08
1.5753e-06
-1.11997e-09
1.59022e-06
-6.33521e-08
1.60031e-06
-1.2711e-07
1.60587e-06
-1.912e-07
1.60727e-06
-2.54683e-07
1.60489e-06
-3.16746e-07
1.59908e-06
-3.76673e-07
1.59009e-06
-4.33822e-07
1.57808e-06
-4.87627e-07
1.56323e-06
-5.37637e-07
1.5458e-06
-5.83555e-07
1.52616e-06
-6.25271e-07
1.50482e-06
-6.62851e-07
1.4823e-06
-6.96502e-07
1.45913e-06
-7.26522e-07
1.43571e-06
-7.53259e-07
1.41238e-06
-7.77088e-07
1.38943e-06
-7.9844e-07
1.36719e-06
-8.17883e-07
1.34605e-06
-8.36111e-07
1.32624e-06
-8.53706e-07
1.30784e-06
-8.7095e-07
1.29075e-06
-8.87998e-07
1.27488e-06
-9.04882e-07
1.26055e-06
-9.21313e-07
1.24978e-06
-9.38348e-07
1.24746e-06
-9.61452e-07
1.25888e-06
-9.98223e-07
1.2836e-06
-1.04828e-06
1.31252e-06
-1.09742e-06
1.33334e-06
-1.12683e-06
1.33964e-06
-1.12802e-06
1.33476e-06
-1.10743e-06
1.32816e-06
-1.07825e-06
1.32863e-06
-1.04956e-06
1.33982e-06
-1.02191e-06
1.36021e-06
-9.90032e-07
1.38553e-06
-9.47764e-07
1.41136e-06
-8.91192e-07
1.43443e-06
-8.19321e-07
1.45286e-06
-7.33359e-07
1.46591e-06
-6.35726e-07
1.47349e-06
-5.29248e-07
1.47579e-06
-4.16641e-07
1.47303e-06
-3.00356e-07
1.46523e-06
-1.82798e-07
1.4522e-06
-6.65382e-08
1.43384e-06
4.58541e-08
1.41085e-06
1.51685e-07
1.38483e-06
2.48913e-07
1.3577e-06
3.37256e-07
1.33103e-06
4.17685e-07
1.30542e-06
4.9124e-07
1.28046e-06
5.58015e-07
1.25504e-06
6.16854e-07
1.22801e-06
6.65769e-07
1.19863e-06
7.02765e-07
1.16676e-06
7.26573e-07
1.13287e-06
7.37031e-07
1.09781e-06
7.35072e-07
1.06264e-06
7.22459e-07
1.02838e-06
7.01403e-07
9.95905e-07
6.74207e-07
9.65852e-07
6.42998e-07
9.38612e-07
6.09564e-07
9.14357e-07
5.75299e-07
8.93077e-07
5.4121e-07
8.74634e-07
5.07972e-07
8.58808e-07
4.76002e-07
8.45338e-07
4.45523e-07
8.33947e-07
4.16632e-07
8.24363e-07
3.89343e-07
8.16336e-07
3.63622e-07
8.09636e-07
3.39409e-07
8.04064e-07
3.16636e-07
7.99444e-07
2.9523e-07
7.95626e-07
2.75121e-07
7.92484e-07
2.56243e-07
7.89909e-07
2.38534e-07
7.87811e-07
2.21937e-07
7.86113e-07
2.06396e-07
7.84751e-07
1.91861e-07
7.83671e-07
1.78281e-07
7.82828e-07
1.65611e-07
7.82184e-07
1.53803e-07
7.81707e-07
1.42814e-07
7.81371e-07
1.32599e-07
7.81153e-07
1.23116e-07
7.81034e-07
1.14323e-07
7.80999e-07
1.0618e-07
7.81033e-07
9.86468e-08
7.81127e-07
9.1685e-08
7.8127e-07
8.52574e-08
7.81454e-07
7.9328e-08
7.81674e-07
7.38619e-08
7.81924e-07
6.88258e-08
7.82199e-07
6.41878e-08
7.82497e-07
5.99173e-08
7.82813e-07
5.59853e-08
7.83145e-07
5.23642e-08
7.83493e-07
4.90279e-08
7.83854e-07
4.59519e-08
7.84227e-07
4.31128e-08
7.84613e-07
4.0489e-08
7.8501e-07
3.80599e-08
7.8542e-07
3.58063e-08
7.85841e-07
3.37103e-08
7.86276e-07
3.17552e-08
7.86724e-07
2.99253e-08
7.87188e-07
2.82059e-08
7.87667e-07
2.65834e-08
7.88165e-07
2.50452e-08
7.88682e-07
2.35793e-08
7.89221e-07
2.21747e-08
7.89785e-07
2.08211e-08
7.90375e-07
1.9509e-08
7.90996e-07
1.82293e-08
7.91649e-07
1.69739e-08
7.92339e-07
1.57352e-08
7.9307e-07
1.4506e-08
7.93846e-07
1.32802e-08
7.94671e-07
1.20518e-08
7.95549e-07
1.0816e-08
7.96487e-07
9.5683e-09
7.97489e-07
8.30513e-09
7.9856e-07
7.02365e-09
7.99706e-07
5.72196e-09
8.00932e-07
4.39849e-09
8.02244e-07
3.05488e-09
1.68411e-09
8.03647e-07
1.48068e-06
6.88401e-08
1.48961e-06
8.27057e-08
1.50492e-06
9.87454e-08
1.52834e-06
1.15e-07
1.55963e-06
1.27654e-07
1.59664e-06
1.32611e-07
1.63619e-06
1.26828e-07
1.67476e-06
1.08601e-07
1.70907e-06
7.74627e-08
1.73646e-06
3.41581e-08
1.75537e-06
-1.94798e-08
1.76429e-06
-8.12315e-08
1.76238e-06
-1.48051e-07
1.74927e-06
-2.16831e-07
1.7255e-06
-2.84647e-07
1.69222e-06
-3.48727e-07
1.65097e-06
-4.06701e-07
1.60342e-06
-4.56648e-07
1.55124e-06
-4.97123e-07
1.49603e-06
-5.27173e-07
1.4393e-06
-5.46304e-07
1.38248e-06
-5.54437e-07
1.32692e-06
-5.51856e-07
1.27379e-06
-5.39162e-07
1.22409e-06
-5.1719e-07
1.17861e-06
-4.86924e-07
1.13798e-06
-4.49418e-07
1.10267e-06
-4.05729e-07
1.07305e-06
-3.56883e-07
1.04943e-06
-3.03882e-07
1.0321e-06
-2.47707e-07
1.02133e-06
-1.89327e-07
1.01736e-06
-1.29783e-07
1.02019e-06
-7.03414e-08
1.02988e-06
-1.23315e-08
1.04669e-06
4.32219e-08
1.07047e-06
9.51023e-08
1.1002e-06
1.41792e-07
1.13434e-06
1.81614e-07
1.17164e-06
2.13056e-07
1.21135e-06
2.35177e-07
1.25298e-06
2.47623e-07
1.29587e-06
2.50405e-07
1.33902e-06
2.43704e-07
1.38126e-06
2.27827e-07
1.42138e-06
2.03254e-07
1.45837e-06
1.70662e-07
1.49146e-06
1.30921e-07
1.5201e-06
8.50919e-08
1.54402e-06
3.43348e-08
1.56322e-06
-2.03178e-08
1.57777e-06
-7.7902e-08
1.58779e-06
-1.37131e-07
1.59353e-06
-1.96931e-07
1.59522e-06
-2.5638e-07
1.59311e-06
-3.14638e-07
1.5874e-06
-3.70958e-07
1.57827e-06
-4.24695e-07
1.56598e-06
-4.75334e-07
1.55086e-06
-5.22518e-07
1.53336e-06
-5.66049e-07
1.51397e-06
-6.05881e-07
1.4932e-06
-6.42085e-07
1.47151e-06
-6.74812e-07
1.44927e-06
-7.04277e-07
1.42676e-06
-7.30748e-07
1.40423e-06
-7.5456e-07
1.38196e-06
-7.76168e-07
1.36026e-06
-7.96184e-07
1.33938e-06
-8.15239e-07
1.31937e-06
-8.33693e-07
1.30007e-06
-8.51648e-07
1.28145e-06
-8.69378e-07
1.2639e-06
-8.87331e-07
1.24883e-06
-9.06241e-07
1.23983e-06
-9.29354e-07
1.24227e-06
-9.63891e-07
1.25843e-06
-1.01438e-06
1.28193e-06
-1.07177e-06
1.29972e-06
-1.11521e-06
1.30193e-06
-1.12904e-06
1.28973e-06
-1.11581e-06
1.27382e-06
-1.09152e-06
1.26616e-06
-1.07059e-06
1.27265e-06
-1.05605e-06
1.29185e-06
-1.04111e-06
1.31826e-06
-1.01644e-06
1.34606e-06
-9.75563e-07
1.37109e-06
-9.16229e-07
1.39118e-06
-8.39412e-07
1.40564e-06
-7.4782e-07
1.41467e-06
-6.44753e-07
1.41884e-06
-5.33419e-07
1.41878e-06
-4.16577e-07
1.41492e-06
-2.96498e-07
1.40734e-06
-1.75214e-07
1.39558e-06
-5.47807e-08
1.379e-06
6.24323e-08
1.35755e-06
1.73132e-07
1.3322e-06
2.74268e-07
1.30468e-06
3.64775e-07
1.27694e-06
4.45427e-07
1.25034e-06
5.1784e-07
1.2252e-06
5.83153e-07
1.20089e-06
6.41168e-07
1.17628e-06
6.90378e-07
1.15034e-06
7.28704e-07
1.1225e-06
7.54406e-07
1.0928e-06
7.66734e-07
1.06175e-06
7.66124e-07
1.03018e-06
7.54031e-07
9.9901e-07
7.32571e-07
9.69105e-07
7.04113e-07
9.41148e-07
6.70955e-07
9.15611e-07
6.35101e-07
8.92752e-07
5.98158e-07
8.72646e-07
5.61317e-07
8.55223e-07
5.25395e-07
8.40319e-07
4.90906e-07
8.27709e-07
4.58132e-07
8.17143e-07
4.27198e-07
8.08365e-07
3.98121e-07
8.0113e-07
3.70857e-07
7.95212e-07
3.45326e-07
7.90411e-07
3.21437e-07
7.86549e-07
2.99092e-07
7.83473e-07
2.78196e-07
7.81054e-07
2.58663e-07
7.79179e-07
2.40408e-07
7.77757e-07
2.23359e-07
7.76709e-07
2.07444e-07
7.7597e-07
1.926e-07
7.75485e-07
1.78767e-07
7.75208e-07
1.65888e-07
7.75103e-07
1.53909e-07
7.75136e-07
1.42781e-07
7.75282e-07
1.32453e-07
7.7552e-07
1.22878e-07
7.75831e-07
1.14012e-07
7.762e-07
1.05811e-07
7.76615e-07
9.82316e-08
7.77066e-07
9.12339e-08
7.77545e-07
8.47786e-08
7.78045e-07
7.88283e-08
7.7856e-07
7.33468e-08
7.79086e-07
6.82996e-08
7.7962e-07
6.36538e-08
7.80159e-07
5.93783e-08
7.80701e-07
5.54431e-08
7.81245e-07
5.18202e-08
7.8179e-07
4.84831e-08
7.82335e-07
4.54066e-08
7.82881e-07
4.25672e-08
7.83427e-07
3.99427e-08
7.83975e-07
3.75124e-08
7.84524e-07
3.52568e-08
7.85077e-07
3.31578e-08
7.85634e-07
3.11984e-08
7.86196e-07
2.93626e-08
7.86766e-07
2.76357e-08
7.87346e-07
2.60039e-08
7.87937e-07
2.44541e-08
7.88542e-07
2.29744e-08
7.89163e-07
2.15534e-08
7.89804e-07
2.01807e-08
7.90466e-07
1.88463e-08
7.91155e-07
1.75412e-08
7.91872e-07
1.62568e-08
7.92622e-07
1.49851e-08
7.93409e-07
1.3719e-08
7.94237e-07
1.24517e-08
7.95112e-07
1.11772e-08
7.96038e-07
9.89019e-09
7.9702e-07
8.58608e-09
7.98064e-07
7.26106e-09
7.99176e-07
5.91213e-09
8.0036e-07
4.53736e-09
8.01624e-07
3.13513e-09
8.02971e-07
1.70761e-09
2.46529e-10
8.04408e-07
1.48259e-06
6.30102e-08
1.49162e-06
7.36784e-08
1.50524e-06
8.51195e-08
1.52447e-06
9.57703e-08
1.54917e-06
1.02954e-07
1.57807e-06
1.03715e-07
1.60912e-06
9.57774e-08
1.63986e-06
7.7864e-08
1.66769e-06
4.96258e-08
1.69031e-06
1.1542e-08
1.70598e-06
-3.51501e-08
1.71335e-06
-8.8606e-08
1.71174e-06
-1.46441e-07
1.70102e-06
-2.06102e-07
1.68148e-06
-2.65109e-07
1.65384e-06
-3.21084e-07
1.61907e-06
-3.71941e-07
1.5784e-06
-4.15969e-07
1.53314e-06
-4.51866e-07
1.48471e-06
-4.78742e-07
1.43451e-06
-4.96106e-07
1.3839e-06
-5.03825e-07
1.33412e-06
-5.02082e-07
1.2863e-06
-4.91336e-07
1.24136e-06
-4.72256e-07
1.20009e-06
-4.45654e-07
1.1631e-06
-4.12428e-07
1.13088e-06
-3.73507e-07
1.10382e-06
-3.29822e-07
1.08225e-06
-2.82307e-07
1.06643e-06
-2.31891e-07
1.05662e-06
-1.79513e-07
1.053e-06
-1.26168e-07
1.05565e-06
-7.29919e-08
1.0645e-06
-2.11752e-08
1.07948e-06
2.82407e-08
1.1005e-06
7.40788e-08
1.12719e-06
1.15107e-07
1.15864e-06
1.50164e-07
1.19359e-06
1.78107e-07
1.2308e-06
1.9797e-07
1.26926e-06
2.09154e-07
1.30821e-06
2.11463e-07
1.34689e-06
2.0502e-07
1.38455e-06
1.90167e-07
1.4204e-06
1.67409e-07
1.45367e-06
1.37387e-07
1.48372e-06
1.00875e-07
1.51002e-06
5.87851e-08
1.53228e-06
1.20738e-08
1.55039e-06
-3.84196e-08
1.56422e-06
-9.17406e-08
1.57381e-06
-1.46716e-07
1.57923e-06
-2.02357e-07
1.58063e-06
-2.57776e-07
1.57816e-06
-3.12171e-07
1.57206e-06
-3.64852e-07
1.56261e-06
-4.15251e-07
1.55022e-06
-4.62939e-07
1.53532e-06
-5.07623e-07
1.5184e-06
-5.49129e-07
1.49991e-06
-5.87388e-07
1.48024e-06
-6.22412e-07
1.45971e-06
-6.54282e-07
1.43857e-06
-6.83147e-07
1.41707e-06
-7.09242e-07
1.39542e-06
-7.3291e-07
1.37388e-06
-7.54634e-07
1.35269e-06
-7.74989e-07
1.33186e-06
-7.94414e-07
1.3112e-06
-8.13027e-07
1.29055e-06
-8.31004e-07
1.27033e-06
-8.49154e-07
1.25177e-06
-8.68767e-07
1.23745e-06
-8.91925e-07
1.23173e-06
-9.23638e-07
1.23836e-06
-9.70521e-07
1.2546e-06
-1.03062e-06
1.26883e-06
-1.086e-06
1.26808e-06
-1.11446e-06
1.24935e-06
-1.11031e-06
1.2228e-06
-1.08926e-06
1.20377e-06
-1.0725e-06
1.20192e-06
-1.06874e-06
1.21695e-06
-1.07108e-06
1.24226e-06
-1.06641e-06
1.27035e-06
-1.04453e-06
1.29591e-06
-1.00112e-06
1.31626e-06
-9.36581e-07
1.33066e-06
-8.53809e-07
1.33947e-06
-7.5663e-07
1.34355e-06
-6.48839e-07
1.34388e-06
-5.33748e-07
1.3413e-06
-4.13998e-07
1.33639e-06
-2.91589e-07
1.32928e-06
-1.68104e-07
1.31947e-06
-4.49683e-08
1.30594e-06
7.59605e-08
1.28797e-06
1.91107e-07
1.2657e-06
2.96538e-07
1.24032e-06
3.90159e-07
1.21368e-06
4.72067e-07
1.18755e-06
5.43963e-07
1.16294e-06
6.07761e-07
1.13983e-06
6.64284e-07
1.11742e-06
7.1279e-07
1.09467e-06
7.5145e-07
1.07078e-06
7.78302e-07
1.0454e-06
7.9211e-07
1.01872e-06
7.92802e-07
9.91301e-07
7.81452e-07
9.63893e-07
7.59978e-07
9.37277e-07
7.30728e-07
9.12133e-07
6.96099e-07
8.88972e-07
6.58263e-07
8.68114e-07
6.19016e-07
8.49706e-07
5.79725e-07
8.33748e-07
5.41353e-07
8.20132e-07
5.04521e-07
8.08682e-07
4.69582e-07
7.99183e-07
4.36698e-07
7.91403e-07
4.05901e-07
7.85115e-07
3.77145e-07
7.80103e-07
3.50338e-07
7.76172e-07
3.25368e-07
7.73148e-07
3.02115e-07
7.7088e-07
2.80464e-07
7.69238e-07
2.60305e-07
7.68109e-07
2.41537e-07
7.67402e-07
2.24066e-07
7.67037e-07
2.07809e-07
7.66949e-07
1.92688e-07
7.67084e-07
1.78632e-07
7.67396e-07
1.65576e-07
7.67848e-07
1.53458e-07
7.68409e-07
1.4222e-07
7.69053e-07
1.31808e-07
7.6976e-07
1.22171e-07
7.70514e-07
1.13259e-07
7.71299e-07
1.05026e-07
7.72105e-07
9.74254e-08
7.72923e-07
9.04158e-08
7.73746e-07
8.39558e-08
7.74568e-07
7.80063e-08
7.75385e-07
7.25299e-08
7.76193e-07
6.74912e-08
7.76991e-07
6.28561e-08
7.77776e-07
5.85929e-08
7.78548e-07
5.46709e-08
7.79307e-07
5.10616e-08
7.80052e-07
4.7738e-08
7.80784e-07
4.46745e-08
7.81504e-07
4.18474e-08
7.82213e-07
3.9234e-08
7.82912e-07
3.68135e-08
7.83602e-07
3.45662e-08
7.84286e-07
3.24737e-08
7.84966e-07
3.05188e-08
7.85643e-07
2.86855e-08
7.8632e-07
2.69588e-08
7.86999e-07
2.53246e-08
7.87683e-07
2.377e-08
7.88375e-07
2.22826e-08
7.89077e-07
2.0851e-08
7.89794e-07
1.94645e-08
7.90527e-07
1.81129e-08
7.91281e-07
1.6787e-08
7.9206e-07
1.54779e-08
7.92868e-07
1.41775e-08
7.93709e-07
1.28782e-08
7.94587e-07
1.15729e-08
7.95509e-07
1.02555e-08
7.96479e-07
8.92033e-09
7.97502e-07
7.5625e-09
7.98585e-07
6.17802e-09
7.99734e-07
4.76373e-09
8.00954e-07
3.31763e-09
8.02251e-07
1.83809e-09
8.0363e-07
3.27851e-10
-1.22262e-09
8.05099e-07
1.48546e-06
5.64046e-08
1.49477e-06
6.43748e-08
1.50761e-06
7.22744e-08
1.52453e-06
7.88492e-08
1.54533e-06
8.21553e-08
1.56902e-06
8.00319e-08
1.59406e-06
7.07349e-08
1.61866e-06
5.32602e-08
1.64094e-06
2.73441e-08
1.6591e-06
-6.61224e-09
1.67162e-06
-4.7674e-08
1.67736e-06
-9.43441e-08
1.67561e-06
-1.4469e-07
1.6661e-06
-1.96592e-07
1.64895e-06
-2.47956e-07
1.62465e-06
-2.96787e-07
1.59401e-06
-3.41303e-07
1.55806e-06
-3.80013e-07
1.51794e-06
-4.1175e-07
1.47489e-06
-4.35693e-07
1.43014e-06
-4.51354e-07
1.38488e-06
-4.5856e-07
1.34021e-06
-4.57414e-07
1.29713e-06
-4.48261e-07
1.25651e-06
-4.31637e-07
1.21908e-06
-4.08218e-07
1.18542e-06
-3.78771e-07
1.15603e-06
-3.44114e-07
1.13129e-06
-3.0509e-07
1.11155e-06
-2.62559e-07
1.09705e-06
-2.17397e-07
1.08803e-06
-1.7049e-07
1.08463e-06
-1.22769e-07
1.08691e-06
-7.52755e-08
1.09483e-06
-2.9094e-08
1.10825e-06
1.48189e-08
1.12691e-06
5.54219e-08
1.15045e-06
9.1571e-08
1.17835e-06
1.22263e-07
1.20981e-06
1.4664e-07
1.24382e-06
1.63967e-07
1.27928e-06
1.73693e-07
1.31521e-06
1.75528e-07
1.35077e-06
1.69462e-07
1.38521e-06
1.55727e-07
1.41787e-06
1.34753e-07
1.44814e-06
1.07112e-07
1.47551e-06
7.35096e-08
1.49953e-06
3.4763e-08
1.51991e-06
-8.31037e-09
1.53647e-06
-5.49783e-08
1.54901e-06
-1.04283e-07
1.5575e-06
-1.55207e-07
1.562e-06
-2.06855e-07
1.56264e-06
-2.58418e-07
1.55965e-06
-3.09178e-07
1.55332e-06
-3.58524e-07
1.54403e-06
-4.05952e-07
1.53216e-06
-4.51073e-07
1.51813e-06
-4.93597e-07
1.50233e-06
-5.33327e-07
1.48509e-06
-5.7015e-07
1.46671e-06
-6.04027e-07
1.44742e-06
-6.34992e-07
1.42744e-06
-6.63168e-07
1.40699e-06
-6.88788e-07
1.38628e-06
-7.12199e-07
1.36548e-06
-7.33838e-07
1.34461e-06
-7.54124e-07
1.32345e-06
-7.73249e-07
1.30172e-06
-7.91292e-07
1.27965e-06
-8.08935e-07
1.25841e-06
-8.27916e-07
1.24013e-06
-8.50483e-07
1.22796e-06
-8.79763e-07
1.2255e-06
-9.21177e-07
1.23292e-06
-9.77937e-07
1.2421e-06
-1.0398e-06
1.23909e-06
-1.083e-06
1.21564e-06
-1.09101e-06
1.17841e-06
-1.07307e-06
1.14504e-06
-1.05589e-06
1.13051e-06
-1.05797e-06
1.13765e-06
-1.07588e-06
1.15935e-06
-1.09279e-06
1.18616e-06
-1.09322e-06
1.21118e-06
-1.06955e-06
1.23099e-06
-1.02093e-06
1.2446e-06
-9.50199e-07
1.25242e-06
-8.61627e-07
1.25542e-06
-7.59631e-07
1.25477e-06
-6.48185e-07
1.25156e-06
-5.30536e-07
1.24669e-06
-4.09135e-07
1.24082e-06
-2.85718e-07
1.23417e-06
-1.61447e-07
1.22627e-06
-3.70723e-08
1.21604e-06
8.61875e-08
1.20232e-06
2.04834e-07
1.18453e-06
3.14321e-07
1.16317e-06
4.11517e-07
1.13967e-06
4.9557e-07
1.11581e-06
5.67826e-07
1.09299e-06
6.30584e-07
1.07174e-06
6.85526e-07
1.05176e-06
7.32778e-07
1.03219e-06
7.71012e-07
1.0122e-06
7.98298e-07
9.91215e-07
8.13091e-07
9.69143e-07
8.14874e-07
9.4627e-07
8.04324e-07
9.23148e-07
7.831e-07
9.00428e-07
7.53448e-07
8.78733e-07
7.17794e-07
8.58571e-07
6.78425e-07
8.40297e-07
6.37289e-07
8.24111e-07
5.95911e-07
8.10072e-07
5.55392e-07
7.98131e-07
5.16462e-07
7.88163e-07
4.7955e-07
7.79994e-07
4.44867e-07
7.73427e-07
4.12468e-07
7.68258e-07
3.82314e-07
7.6429e-07
3.54306e-07
7.61341e-07
3.28317e-07
7.59245e-07
3.04211e-07
7.57857e-07
2.81853e-07
7.5705e-07
2.61112e-07
7.56716e-07
2.4187e-07
7.56764e-07
2.24018e-07
7.57116e-07
2.07457e-07
7.57708e-07
1.92096e-07
7.58487e-07
1.77853e-07
7.59408e-07
1.64654e-07
7.60436e-07
1.5243e-07
7.61541e-07
1.41115e-07
7.62698e-07
1.30651e-07
7.63887e-07
1.20981e-07
7.65094e-07
1.12052e-07
7.66306e-07
1.03814e-07
7.67512e-07
9.62192e-08
7.68705e-07
8.92227e-08
7.69879e-07
8.27818e-08
7.7103e-07
7.68556e-08
7.72154e-07
7.14058e-08
7.73249e-07
6.63956e-08
7.74315e-07
6.17903e-08
7.75351e-07
5.75572e-08
7.76357e-07
5.36653e-08
7.77333e-07
5.00855e-08
7.78281e-07
4.67901e-08
7.79202e-07
4.37536e-08
7.80097e-07
4.09516e-08
7.8097e-07
3.83615e-08
7.81821e-07
3.59621e-08
7.82654e-07
3.37335e-08
7.83471e-07
3.16572e-08
7.84273e-07
2.9716e-08
7.85065e-07
2.78936e-08
7.85849e-07
2.61749e-08
7.86628e-07
2.45458e-08
7.87405e-07
2.29932e-08
7.88183e-07
2.15045e-08
7.88966e-07
2.00683e-08
7.89756e-07
1.86736e-08
7.90559e-07
1.73102e-08
7.91378e-07
1.59684e-08
7.92216e-07
1.46393e-08
7.9308e-07
1.33144e-08
7.93972e-07
1.19859e-08
7.94898e-07
1.06466e-08
7.95864e-07
9.28977e-09
7.96875e-07
7.90962e-09
7.97936e-07
6.50098e-09
7.99055e-07
5.05959e-09
8.00236e-07
3.58213e-09
8.01487e-07
2.0665e-09
8.02814e-07
5.11102e-10
8.04223e-07
-1.08076e-09
-2.71997e-09
8.0572e-07
1.4873e-06
4.94475e-08
1.49652e-06
5.51515e-08
1.50853e-06
6.02714e-08
1.52359e-06
6.37881e-08
1.54149e-06
6.42564e-08
1.56143e-06
6.00913e-08
1.58219e-06
4.99751e-08
1.60233e-06
3.31199e-08
1.62035e-06
9.31867e-09
1.63485e-06
-2.11131e-08
1.64458e-06
-5.74004e-08
1.64854e-06
-9.8302e-08
1.6461e-06
-1.42247e-07
1.637e-06
-1.87496e-07
1.62134e-06
-2.32298e-07
1.59952e-06
-2.74966e-07
1.57219e-06
-3.1397e-07
1.54018e-06
-3.48005e-07
1.50447e-06
-3.76037e-07
1.46609e-06
-3.97315e-07
1.42611e-06
-4.11372e-07
1.38556e-06
-4.18012e-07
1.34542e-06
-4.1728e-07
1.30659e-06
-4.09432e-07
1.26986e-06
-3.94901e-07
1.23589e-06
-3.74251e-07
1.20526e-06
-3.48141e-07
1.17844e-06
-3.17293e-07
1.15581e-06
-2.82464e-07
1.1377e-06
-2.44445e-07
1.12435e-06
-2.0405e-07
1.11598e-06
-1.62112e-07
1.1127e-06
-1.1949e-07
1.11455e-06
-7.71267e-08
1.12147e-06
-3.60204e-08
1.13336e-06
2.92919e-09
1.14994e-06
3.88412e-08
1.17079e-06
7.07228e-08
1.19541e-06
9.76444e-08
1.2232e-06
1.18854e-07
1.25341e-06
1.3375e-07
1.28521e-06
1.41896e-07
1.3177e-06
1.4304e-07
1.35003e-06
1.37133e-07
1.38143e-06
1.24329e-07
1.41122e-06
1.04959e-07
1.43883e-06
7.95057e-08
1.46375e-06
4.85914e-08
1.48558e-06
1.29289e-08
1.50408e-06
-2.6809e-08
1.51902e-06
-6.9916e-08
1.53022e-06
-1.15491e-07
1.53768e-06
-1.62667e-07
1.54148e-06
-2.1065e-07
1.54178e-06
-2.58716e-07
1.53882e-06
-3.0622e-07
1.5329e-06
-3.52601e-07
1.52433e-06
-3.97389e-07
1.51346e-06
-4.40202e-07
1.50061e-06
-4.80741e-07
1.48607e-06
-5.18789e-07
1.47012e-06
-5.54203e-07
1.45301e-06
-5.86913e-07
1.43494e-06
-6.16931e-07
1.41615e-06
-6.4437e-07
1.3968e-06
-6.69446e-07
1.37705e-06
-6.92442e-07
1.35686e-06
-7.13649e-07
1.336e-06
-7.33266e-07
1.31413e-06
-7.51378e-07
1.29126e-06
-7.68425e-07
1.26836e-06
-7.86029e-07
1.24735e-06
-8.06909e-07
1.23069e-06
-8.33822e-07
1.22093e-06
-8.70008e-07
1.21929e-06
-9.19533e-07
1.22151e-06
-9.8016e-07
1.21573e-06
-1.03401e-06
1.18969e-06
-1.05696e-06
1.14366e-06
-1.04498e-06
1.09429e-06
-1.0237e-06
1.06244e-06
-1.02404e-06
1.05695e-06
-1.05249e-06
1.07191e-06
-1.09083e-06
1.09572e-06
-1.11661e-06
1.1193e-06
-1.1168e-06
1.13804e-06
-1.08829e-06
1.1506e-06
-1.03348e-06
1.15726e-06
-9.56854e-07
1.15896e-06
-8.63328e-07
1.15688e-06
-7.57557e-07
1.15224e-06
-6.43539e-07
1.14611e-06
-5.24407e-07
1.13938e-06
-4.02411e-07
1.13271e-06
-2.79044e-07
1.12635e-06
-1.55091e-07
1.11997e-06
-3.06922e-08
1.1126e-06
9.35622e-08
1.10294e-06
2.14496e-07
1.08998e-06
3.27273e-07
1.07359e-06
4.27908e-07
1.05462e-06
5.14544e-07
1.03455e-06
5.87891e-07
1.01487e-06
6.50263e-07
9.96477e-07
7.03923e-07
9.79469e-07
7.49786e-07
9.63338e-07
7.87143e-07
9.47336e-07
8.14301e-07
9.30835e-07
8.29592e-07
9.13535e-07
8.32174e-07
8.95497e-07
8.22362e-07
8.77064e-07
8.01534e-07
8.58731e-07
7.71781e-07
8.41025e-07
7.355e-07
8.24416e-07
6.95034e-07
8.09263e-07
6.52443e-07
7.95795e-07
6.09379e-07
7.84121e-07
5.67067e-07
7.74243e-07
5.2634e-07
7.66087e-07
4.87707e-07
7.59524e-07
4.51429e-07
7.54397e-07
4.17596e-07
7.50532e-07
3.86178e-07
7.47759e-07
3.57079e-07
7.45913e-07
3.30163e-07
7.44842e-07
3.05282e-07
7.44412e-07
2.82283e-07
7.44505e-07
2.6102e-07
7.45017e-07
2.41358e-07
7.45861e-07
2.23174e-07
7.46965e-07
2.06353e-07
7.48266e-07
1.90795e-07
7.49713e-07
1.76406e-07
7.51264e-07
1.63103e-07
7.52886e-07
1.50808e-07
7.54549e-07
1.39452e-07
7.56231e-07
1.28969e-07
7.57915e-07
1.19298e-07
7.59585e-07
1.10382e-07
7.61232e-07
1.02168e-07
7.62846e-07
9.46054e-08
7.6442e-07
8.7648e-08
7.65952e-07
8.12506e-08
7.67436e-07
7.53711e-08
7.68872e-07
6.99697e-08
7.70259e-07
6.50088e-08
7.71597e-07
6.04528e-08
7.72886e-07
5.62683e-08
7.74127e-07
5.24237e-08
7.75323e-07
4.88893e-08
7.76476e-07
4.56374e-08
7.77588e-07
4.26419e-08
7.78661e-07
3.98783e-08
7.79699e-07
3.73237e-08
7.80704e-07
3.49569e-08
7.8168e-07
3.27577e-08
7.82629e-07
3.07077e-08
7.83556e-07
2.87894e-08
7.84463e-07
2.69866e-08
7.85354e-07
2.52841e-08
7.86232e-07
2.36676e-08
7.87101e-07
2.2124e-08
7.87965e-07
2.06408e-08
7.88827e-07
1.92062e-08
7.89691e-07
1.78092e-08
7.90562e-07
1.64393e-08
7.91444e-07
1.5087e-08
7.9234e-07
1.37428e-08
7.93256e-07
1.23981e-08
7.94197e-07
1.10449e-08
7.95168e-07
9.67553e-09
7.96175e-07
8.28316e-09
7.97223e-07
6.86155e-09
7.98319e-07
5.40525e-09
7.99469e-07
3.90973e-09
8.00679e-07
2.37141e-09
8.01958e-07
7.88136e-10
8.0331e-07
-8.41649e-10
8.04744e-07
-2.51428e-09
-4.24184e-09
8.06266e-07
1.48834e-06
4.24555e-08
1.4972e-06
4.62915e-08
1.50823e-06
4.92336e-08
1.52156e-06
5.04574e-08
1.53695e-06
4.88675e-08
1.55375e-06
4.32914e-08
1.57099e-06
3.27419e-08
1.5875e-06
1.66115e-08
1.60207e-06
-5.25717e-09
1.61356e-06
-3.26032e-08
1.62093e-06
-6.47677e-08
1.62336e-06
-1.00735e-07
1.62033e-06
-1.39219e-07
1.61162e-06
-1.78782e-07
1.59727e-06
-2.17946e-07
1.57758e-06
-2.55281e-07
1.55309e-06
-2.89474e-07
1.52448e-06
-3.19396e-07
1.49257e-06
-3.44131e-07
1.45826e-06
-3.63001e-07
1.42245e-06
-3.75568e-07
1.38606e-06
-3.81621e-07
1.34995e-06
-3.81166e-07
1.31491e-06
-3.74393e-07
1.28166e-06
-3.6165e-07
1.25082e-06
-3.43413e-07
1.22293e-06
-3.2025e-07
1.19843e-06
-2.92797e-07
1.17771e-06
-2.61737e-07
1.16105e-06
-2.27789e-07
1.14871e-06
-1.91705e-07
1.14085e-06
-1.5426e-07
1.13761e-06
-1.16249e-07
1.13901e-06
-7.85184e-08
1.14496e-06
-4.19724e-08
1.15535e-06
-7.46195e-09
1.16995e-06
2.42382e-08
1.18839e-06
5.22867e-08
1.21017e-06
7.58668e-08
1.23472e-06
9.43025e-08
1.26141e-06
1.07059e-07
1.28955e-06
1.13755e-07
1.31841e-06
1.14177e-07
1.34726e-06
1.08281e-07
1.3754e-06
9.61864e-08
1.4022e-06
7.81637e-08
1.42708e-06
5.46249e-08
1.44957e-06
2.61043e-08
1.46931e-06
-6.81726e-09
1.48607e-06
-4.3568e-08
1.4996e-06
-8.34439e-08
1.50977e-06
-1.2566e-07
1.51657e-06
-1.69468e-07
1.52008e-06
-2.14161e-07
1.52045e-06
-2.59084e-07
1.51788e-06
-3.03647e-07
1.51261e-06
-3.4733e-07
1.5049e-06
-3.89685e-07
1.49504e-06
-4.3034e-07
1.4833e-06
-4.68997e-07
1.46993e-06
-5.05427e-07
1.4552e-06
-5.39469e-07
1.43932e-06
-5.71034e-07
1.42251e-06
-6.00118e-07
1.40495e-06
-6.26806e-07
1.38674e-06
-6.51235e-07
1.36783e-06
-6.73533e-07
1.34797e-06
-6.93794e-07
1.32681e-06
-7.12104e-07
1.30421e-06
-7.28782e-07
1.28085e-06
-7.45058e-07
1.25841e-06
-7.63589e-07
1.23904e-06
-7.87538e-07
1.22442e-06
-8.19207e-07
1.21524e-06
-8.60828e-07
1.20949e-06
-9.13779e-07
1.19919e-06
-9.69868e-07
1.17168e-06
-1.0065e-06
1.12032e-06
-1.0056e-06
1.05595e-06
-9.80614e-07
1.00288e-06
-9.70628e-07
9.78931e-07
-1.00009e-06
9.82783e-07
-1.05634e-06
1.00137e-06
-1.10942e-06
1.02251e-06
-1.13774e-06
1.03973e-06
-1.13402e-06
1.05102e-06
-1.09958e-06
1.05651e-06
-1.03897e-06
1.05704e-06
-9.57387e-07
1.05367e-06
-8.59961e-07
1.04754e-06
-7.51421e-07
1.03976e-06
-6.35767e-07
1.03139e-06
-5.16032e-07
1.02326e-06
-3.94281e-07
1.01598e-06
-2.71764e-07
1.0098e-06
-1.48908e-07
1.00447e-06
-2.53628e-08
9.99241e-07
9.87885e-08
9.92947e-07
2.2079e-07
9.84435e-07
3.35786e-07
9.7313e-07
4.39213e-07
9.59336e-07
5.28339e-07
9.44089e-07
6.03137e-07
9.28679e-07
6.65673e-07
9.14114e-07
7.18489e-07
9.00794e-07
7.63106e-07
8.8852e-07
7.99417e-07
8.76739e-07
8.26082e-07
8.64859e-07
8.41472e-07
8.52483e-07
8.44551e-07
8.39498e-07
8.35347e-07
8.26059e-07
8.14972e-07
8.12499e-07
7.85342e-07
7.99226e-07
7.48773e-07
7.86642e-07
7.07618e-07
7.75082e-07
6.64002e-07
7.64786e-07
6.19675e-07
7.55893e-07
5.7596e-07
7.48449e-07
5.33783e-07
7.42428e-07
4.93728e-07
7.37748e-07
4.56109e-07
7.34293e-07
4.21052e-07
7.31925e-07
3.88546e-07
7.30503e-07
3.585e-07
7.29888e-07
3.30779e-07
7.29946e-07
3.05224e-07
7.30557e-07
2.81671e-07
7.31616e-07
2.59961e-07
7.33028e-07
2.39946e-07
7.34713e-07
2.21488e-07
7.36604e-07
2.04463e-07
7.38643e-07
1.88756e-07
7.40782e-07
1.74266e-07
7.42984e-07
1.60901e-07
7.45215e-07
1.48577e-07
7.47451e-07
1.37217e-07
7.4967e-07
1.26749e-07
7.51857e-07
1.1711e-07
7.54e-07
1.08239e-07
7.56089e-07
1.00079e-07
7.58116e-07
9.25778e-08
7.60078e-07
8.56862e-08
7.61971e-07
7.93576e-08
7.63793e-07
7.35487e-08
7.65545e-07
6.82183e-08
7.67226e-07
6.33278e-08
7.68838e-07
5.8841e-08
7.70382e-07
5.47238e-08
7.71862e-07
5.09439e-08
7.7328e-07
4.74716e-08
7.74638e-07
4.42785e-08
7.75942e-07
4.13383e-08
7.77194e-07
3.86265e-08
7.78398e-07
3.61199e-08
7.79557e-07
3.37973e-08
7.80677e-07
3.16384e-08
7.8176e-07
2.96248e-08
7.8281e-07
2.77389e-08
7.83832e-07
2.59645e-08
7.8483e-07
2.42864e-08
7.85807e-07
2.26904e-08
7.86768e-07
2.11632e-08
7.87717e-07
1.96922e-08
7.88657e-07
1.82657e-08
7.89594e-07
1.68725e-08
7.90531e-07
1.55021e-08
7.91473e-07
1.41447e-08
7.92425e-07
1.27907e-08
7.93392e-07
1.14312e-08
7.94379e-07
1.00579e-08
7.95392e-07
8.66303e-09
7.96436e-07
7.23922e-09
7.97517e-07
5.77995e-09
7.98643e-07
4.27941e-09
7.9982e-07
2.73272e-09
8.01055e-07
1.13603e-09
8.02356e-07
-5.12875e-10
8.0373e-07
-2.21574e-09
8.05185e-07
-3.96854e-09
-5.7844e-09
8.06727e-07
1.48874e-06
3.56246e-08
1.49709e-06
3.7938e-08
1.50714e-06
3.91856e-08
1.51889e-06
3.87018e-08
1.53212e-06
3.56451e-08
1.54627e-06
2.91403e-08
1.56056e-06
1.84486e-08
1.57406e-06
3.11212e-09
1.58579e-06
-1.69837e-08
1.59479e-06
-4.16085e-08
1.60023e-06
-7.02064e-08
1.60143e-06
-1.01937e-07
1.59795e-06
-1.35737e-07
1.58957e-06
-1.70406e-07
1.57633e-06
-2.04701e-07
1.55846e-06
-2.3741e-07
1.53639e-06
-2.6741e-07
1.51072e-06
-2.93718e-07
1.48212e-06
-3.1553e-07
1.45135e-06
-3.32235e-07
1.41921e-06
-3.43427e-07
1.38648e-06
-3.48895e-07
1.35393e-06
-3.48616e-07
1.32227e-06
-3.4273e-07
1.29214e-06
-3.3152e-07
1.26411e-06
-3.15389e-07
1.23869e-06
-2.94827e-07
1.21629e-06
-2.70398e-07
1.19727e-06
-2.42714e-07
1.18191e-06
-2.12429e-07
1.17044e-06
-1.80233e-07
1.16302e-06
-1.46841e-07
1.15975e-06
-1.12985e-07
1.16067e-06
-7.9431e-08
1.16568e-06
-4.69865e-08
1.17466e-06
-1.64425e-08
1.1874e-06
1.14944e-08
1.20359e-06
3.6104e-08
1.22277e-06
5.66814e-08
1.24445e-06
7.26266e-08
1.26804e-06
8.34672e-08
1.29293e-06
8.88619e-08
1.3185e-06
8.86151e-08
1.3441e-06
8.26807e-08
1.36913e-06
7.11545e-08
1.39303e-06
5.42667e-08
1.41528e-06
3.23728e-08
1.43546e-06
5.92502e-09
1.45326e-06
-2.4617e-08
1.4684e-06
-5.87136e-08
1.48067e-06
-9.57091e-08
1.48994e-06
-1.34932e-07
1.4962e-06
-1.75725e-07
1.49949e-06
-2.17454e-07
1.49994e-06
-2.59529e-07
1.4977e-06
-3.01408e-07
1.49297e-06
-3.42609e-07
1.486e-06
-3.82712e-07
1.47702e-06
-4.2136e-07
1.46628e-06
-4.58258e-07
1.45403e-06
-4.9317e-07
1.44048e-06
-5.25922e-07
1.42585e-06
-5.5641e-07
1.41033e-06
-5.84597e-07
1.39401e-06
-6.10486e-07
1.37683e-06
-6.34051e-07
1.35853e-06
-6.55232e-07
1.33876e-06
-6.74025e-07
1.31735e-06
-6.90695e-07
1.29474e-06
-7.06173e-07
1.27229e-06
-7.22607e-07
1.25188e-06
-7.4318e-07
1.23476e-06
-7.70419e-07
1.22071e-06
-8.05156e-07
1.20789e-06
-8.48013e-07
1.19148e-06
-8.97366e-07
1.1617e-06
-9.4009e-07
1.10828e-06
-9.53081e-07
1.03314e-06
-9.30457e-07
9.57757e-07
-9.0523e-07
9.09073e-07
-9.21944e-07
8.95661e-07
-9.86678e-07
9.05627e-07
-1.06631e-06
9.2298e-07
-1.12677e-06
9.38124e-07
-1.15289e-06
9.47833e-07
-1.14372e-06
9.52003e-07
-1.10375e-06
9.51432e-07
-1.0384e-06
9.4704e-07
-9.52995e-07
9.39757e-07
-8.52678e-07
9.30576e-07
-7.4224e-07
9.20519e-07
-6.2571e-07
9.10543e-07
-5.06056e-07
9.01438e-07
-3.85176e-07
8.93739e-07
-2.64065e-07
8.8763e-07
-1.42799e-07
8.82934e-07
-2.06669e-08
8.79142e-07
1.02581e-07
8.75359e-07
2.24572e-07
8.70536e-07
3.40608e-07
8.63909e-07
4.45841e-07
8.55352e-07
5.36896e-07
8.45411e-07
6.13078e-07
8.35023e-07
6.7606e-07
8.25093e-07
7.28419e-07
8.16148e-07
7.72051e-07
8.08223e-07
8.07342e-07
8.00973e-07
8.33331e-07
7.9391e-07
8.48535e-07
7.86614e-07
8.51847e-07
7.78861e-07
8.43099e-07
7.70651e-07
8.23182e-07
7.62161e-07
7.93833e-07
7.53672e-07
7.57262e-07
7.45499e-07
7.15791e-07
7.37932e-07
6.71569e-07
7.31202e-07
6.26405e-07
7.25463e-07
5.81699e-07
7.20795e-07
5.38451e-07
7.17214e-07
4.97309e-07
7.14681e-07
4.58642e-07
7.13123e-07
4.2261e-07
7.12443e-07
3.89226e-07
7.12531e-07
3.58412e-07
7.13275e-07
3.30034e-07
7.14568e-07
3.03931e-07
7.16308e-07
2.79931e-07
7.18403e-07
2.57867e-07
7.20771e-07
2.37578e-07
7.23342e-07
2.18917e-07
7.26056e-07
2.01749e-07
7.28862e-07
1.8595e-07
7.31717e-07
1.71411e-07
7.34588e-07
1.58031e-07
7.37444e-07
1.4572e-07
7.40265e-07
1.34396e-07
7.43032e-07
1.23983e-07
7.45731e-07
1.14411e-07
7.48352e-07
1.05617e-07
7.50889e-07
9.75427e-08
7.53335e-07
9.01319e-08
7.55687e-07
8.33336e-08
7.57945e-07
7.70999e-08
7.60108e-07
7.13859e-08
7.62176e-07
6.61494e-08
7.64153e-07
6.1351e-08
7.66041e-07
5.69536e-08
7.67842e-07
5.29225e-08
7.69561e-07
4.92252e-08
7.71201e-07
4.58314e-08
7.72767e-07
4.27126e-08
7.74263e-07
3.98423e-08
7.75694e-07
3.71957e-08
7.77064e-07
3.47498e-08
7.78378e-07
3.24832e-08
7.79641e-07
3.03756e-08
7.80857e-07
2.84087e-08
7.82031e-07
2.65648e-08
7.83167e-07
2.48279e-08
7.84271e-07
2.31827e-08
7.85346e-07
2.1615e-08
7.86398e-07
2.01117e-08
7.8743e-07
1.866e-08
7.88448e-07
1.72483e-08
7.89455e-07
1.58654e-08
7.90456e-07
1.45006e-08
7.91457e-07
1.31438e-08
7.92462e-07
1.17855e-08
7.93477e-07
1.04165e-08
7.94507e-07
9.02825e-09
7.95557e-07
7.61251e-09
7.96635e-07
6.1617e-09
7.97746e-07
4.66884e-09
7.98897e-07
3.12771e-09
8.00097e-07
1.53299e-09
8.01353e-07
-1.19432e-10
8.02672e-07
-1.83202e-09
8.04063e-07
-3.60693e-09
8.05534e-07
-5.43959e-09
-7.3443e-09
8.07094e-07
1.48864e-06
2.90787e-08
1.49641e-06
3.01671e-08
1.50549e-06
3.01083e-08
1.51582e-06
2.83668e-08
1.52718e-06
2.42909e-08
1.53909e-06
1.72209e-08
1.55094e-06
6.60474e-09
1.56195e-06
-7.89609e-09
1.57132e-06
-2.63559e-08
1.57828e-06
-4.85665e-08
1.58213e-06
-7.40572e-08
1.58232e-06
-1.02125e-07
1.57846e-06
-1.31883e-07
1.57038e-06
-1.62329e-07
1.5581e-06
-1.92415e-07
1.5418e-06
-2.21109e-07
1.52184e-06
-2.47449e-07
1.4987e-06
-2.70582e-07
1.47297e-06
-2.89803e-07
1.4453e-06
-3.04567e-07
1.41638e-06
-3.145e-07
1.38688e-06
-3.194e-07
1.35749e-06
-3.19222e-07
1.32883e-06
-3.14071e-07
1.30149e-06
-3.04179e-07
1.27599e-06
-2.89887e-07
1.25278e-06
-2.71621e-07
1.23226e-06
-2.49881e-07
1.21477e-06
-2.25216e-07
1.20056e-06
-1.98219e-07
1.18984e-06
-1.6952e-07
1.18278e-06
-1.39774e-07
1.17945e-06
-1.09657e-07
1.17988e-06
-7.98591e-08
1.18399e-06
-5.11024e-08
1.19166e-06
-2.41084e-08
1.20268e-06
4.67287e-10
1.21679e-06
2.2002e-08
1.23358e-06
3.98877e-08
1.25262e-06
5.3589e-08
1.2734e-06
6.26902e-08
1.29537e-06
6.68893e-08
1.31797e-06
6.60082e-08
1.34066e-06
5.99973e-08
1.36288e-06
4.89324e-08
1.38414e-06
3.30102e-08
1.40398e-06
1.25316e-08
1.42204e-06
-1.21341e-08
1.43802e-06
-4.05952e-08
1.45163e-06
-7.23291e-08
1.46269e-06
-1.06765e-07
1.47107e-06
-1.43319e-07
1.47676e-06
-1.81409e-07
1.47977e-06
-2.2047e-07
1.48021e-06
-2.59966e-07
1.47821e-06
-2.99406e-07
1.47394e-06
-3.38344e-07
1.46762e-06
-3.76387e-07
1.45945e-06
-4.13194e-07
1.44967e-06
-4.48474e-07
1.43849e-06
-4.81991e-07
1.42613e-06
-5.13562e-07
1.41277e-06
-5.43053e-07
1.39852e-06
-5.70345e-07
1.38332e-06
-5.95284e-07
1.36693e-06
-6.17664e-07
1.34904e-06
-6.37344e-07
1.32951e-06
-6.54494e-07
1.30869e-06
-6.69871e-07
1.28763e-06
-6.85113e-07
1.26785e-06
-7.02829e-07
1.25031e-06
-7.25638e-07
1.23419e-06
-7.54304e-07
1.21688e-06
-7.87842e-07
1.19449e-06
-8.25618e-07
1.16074e-06
-8.63619e-07
1.10634e-06
-8.85695e-07
1.02613e-06
-8.72871e-07
9.3221e-07
-8.36533e-07
8.54473e-07
-8.27493e-07
8.15719e-07
-8.8319e-07
8.11518e-07
-9.82476e-07
8.22853e-07
-1.07764e-06
8.35226e-07
-1.13914e-06
8.42978e-07
-1.16064e-06
8.45462e-07
-1.14621e-06
8.4353e-07
-1.10182e-06
8.38107e-07
-1.03298e-06
8.29957e-07
-9.44845e-07
8.19823e-07
-8.42543e-07
8.08528e-07
-7.30946e-07
7.96962e-07
-6.14144e-07
7.85975e-07
-4.9507e-07
7.76275e-07
-3.75476e-07
7.68302e-07
-2.56093e-07
7.6216e-07
-1.36657e-07
7.5772e-07
-1.62272e-08
7.54724e-07
1.05577e-07
7.52641e-07
2.26655e-07
7.50689e-07
3.42561e-07
7.48106e-07
4.48424e-07
7.44485e-07
5.40516e-07
7.39926e-07
6.17637e-07
7.34943e-07
6.81044e-07
7.30193e-07
7.33169e-07
7.26177e-07
7.76067e-07
7.23059e-07
8.1046e-07
7.20672e-07
8.35718e-07
7.18649e-07
8.50559e-07
7.16598e-07
8.53898e-07
7.14233e-07
8.45464e-07
7.11432e-07
8.25983e-07
7.08235e-07
7.9703e-07
7.04797e-07
7.60699e-07
7.01338e-07
7.1925e-07
6.98087e-07
6.7482e-07
6.9525e-07
6.29242e-07
6.92984e-07
5.83966e-07
6.91391e-07
5.40043e-07
6.90522e-07
4.98178e-07
6.90379e-07
4.58785e-07
6.90931e-07
4.22058e-07
6.92118e-07
3.88038e-07
6.93869e-07
3.56662e-07
6.96102e-07
3.27801e-07
6.98735e-07
3.01298e-07
7.01689e-07
2.76977e-07
7.04889e-07
2.54666e-07
7.0827e-07
2.34197e-07
7.11773e-07
2.15415e-07
7.15346e-07
1.98175e-07
7.18948e-07
1.82348e-07
7.22542e-07
1.67817e-07
7.26099e-07
1.54474e-07
7.29595e-07
1.42224e-07
7.33012e-07
1.30979e-07
7.36334e-07
1.2066e-07
7.39552e-07
1.11193e-07
7.42658e-07
1.02512e-07
7.45645e-07
9.4555e-08
7.48512e-07
8.72648e-08
7.51258e-07
8.05883e-08
7.53882e-07
7.4476e-08
7.56386e-07
6.88818e-08
7.58773e-07
6.37625e-08
7.61046e-07
5.90779e-08
7.63209e-07
5.47904e-08
7.65267e-07
5.08646e-08
7.67225e-07
4.72677e-08
7.69087e-07
4.39692e-08
7.70859e-07
4.09402e-08
7.72547e-07
3.81544e-08
7.74156e-07
3.55867e-08
7.75692e-07
3.32142e-08
7.77159e-07
3.10154e-08
7.78565e-07
2.89703e-08
7.79913e-07
2.70603e-08
7.8121e-07
2.52682e-08
7.8246e-07
2.35779e-08
7.83668e-07
2.19741e-08
7.8484e-07
2.0443e-08
7.85981e-07
1.89711e-08
7.87095e-07
1.75461e-08
7.88187e-07
1.6156e-08
7.89263e-07
1.47899e-08
7.90326e-07
1.34368e-08
7.91383e-07
1.20868e-08
7.92439e-07
1.07299e-08
7.93499e-07
9.35691e-09
7.94568e-07
7.95886e-09
7.95653e-07
6.52724e-09
7.96761e-07
5.05405e-09
7.97898e-07
3.53186e-09
7.99072e-07
1.95392e-09
8.0029e-07
3.14468e-10
8.01562e-07
-1.39104e-09
8.02895e-07
-3.16559e-09
8.043e-07
-5.01183e-09
8.05785e-07
-6.92452e-09
-8.91969e-09
8.07361e-07
1.48816e-06
2.28953e-08
1.49531e-06
2.30112e-08
1.50346e-06
2.19587e-08
1.51252e-06
1.93085e-08
1.52226e-06
1.45525e-08
1.53229e-06
7.1896e-09
1.54208e-06
-3.1897e-09
1.55102e-06
-1.68324e-08
1.55844e-06
-3.37768e-08
1.56371e-06
-5.3834e-08
1.56625e-06
-7.66011e-08
1.56561e-06
-1.01486e-07
1.56148e-06
-1.27745e-07
1.55368e-06
-1.54535e-07
1.54224e-06
-1.8097e-07
1.5273e-06
-2.06171e-07
1.50916e-06
-2.29312e-07
1.48823e-06
-2.49656e-07
1.46501e-06
-2.66583e-07
1.44006e-06
-2.79611e-07
1.41396e-06
-2.884e-07
1.38731e-06
-2.92756e-07
1.36072e-06
-2.92626e-07
1.33473e-06
-2.88086e-07
1.30988e-06
-2.79328e-07
1.28664e-06
-2.66642e-07
1.26542e-06
-2.50402e-07
1.24658e-06
-2.31049e-07
1.23045e-06
-2.09078e-07
1.21725e-06
-1.85025e-07
1.2072e-06
-1.59464e-07
1.20042e-06
-1.32993e-07
1.19699e-06
-1.06232e-07
1.19694e-06
-7.98069e-08
1.2002e-06
-5.43635e-08
1.20664e-06
-3.05504e-08
1.21609e-06
-8.9761e-09
1.22828e-06
9.80886e-09
1.24289e-06
2.52794e-08
1.25951e-06
3.69631e-08
1.27771e-06
4.44883e-08
1.29702e-06
4.75877e-08
1.31692e-06
4.61003e-08
1.33694e-06
3.99762e-08
1.3566e-06
2.92774e-08
1.37544e-06
1.41693e-08
1.39307e-06
-5.10159e-09
1.40917e-06
-2.8235e-08
1.42344e-06
-5.4857e-08
1.43561e-06
-8.44982e-08
1.44551e-06
-1.16665e-07
1.45303e-06
-1.50845e-07
1.45814e-06
-1.86521e-07
1.46086e-06
-2.23187e-07
1.46126e-06
-2.60363e-07
1.45945e-06
-2.97599e-07
1.4556e-06
-3.34487e-07
1.44987e-06
-3.70659e-07
1.44246e-06
-4.05791e-07
1.43359e-06
-4.39604e-07
1.42347e-06
-4.71865e-07
1.41227e-06
-5.02366e-07
1.40012e-06
-5.30898e-07
1.38697e-06
-5.57202e-07
1.37266e-06
-5.80966e-07
1.35692e-06
-6.01932e-07
1.33972e-06
-6.20138e-07
1.32141e-06
-6.36187e-07
1.3029e-06
-6.51359e-07
1.28532e-06
-6.67531e-07
1.26922e-06
-6.86736e-07
1.25345e-06
-7.09864e-07
1.23466e-06
-7.35511e-07
1.20843e-06
-7.6161e-07
1.17017e-06
-7.87357e-07
1.1138e-06
-8.07252e-07
1.0324e-06
-8.043e-07
9.2782e-07
-7.68286e-07
8.22589e-07
-7.31302e-07
7.50495e-07
-7.55398e-07
7.23428e-07
-8.56124e-07
7.24492e-07
-9.8354e-07
7.32915e-07
-1.08606e-06
7.38393e-07
-1.14462e-06
7.38812e-07
-1.16106e-06
7.34993e-07
-1.14239e-06
7.2807e-07
-1.0949e-06
7.18854e-07
-1.02376e-06
7.0792e-07
-9.33911e-07
6.95826e-07
-8.30449e-07
6.83218e-07
-7.18337e-07
6.70815e-07
-6.01741e-07
6.59321e-07
-4.83576e-07
6.49326e-07
-3.65481e-07
6.41159e-07
-2.47926e-07
6.34843e-07
-1.30341e-07
6.30322e-07
-1.17054e-08
6.27612e-07
1.08287e-07
6.26593e-07
2.27673e-07
6.26825e-07
3.42329e-07
6.27669e-07
4.4758e-07
6.28556e-07
5.39629e-07
6.29215e-07
6.16979e-07
6.29734e-07
6.80524e-07
6.30453e-07
7.3245e-07
6.31738e-07
7.74781e-07
6.33791e-07
8.08407e-07
6.36563e-07
8.32947e-07
6.39797e-07
8.47324e-07
6.4315e-07
8.50545e-07
6.46306e-07
8.42309e-07
6.49052e-07
8.23237e-07
6.51309e-07
7.94773e-07
6.53116e-07
7.58893e-07
6.54592e-07
7.17773e-07
6.55902e-07
6.7351e-07
6.57214e-07
6.27931e-07
6.58677e-07
5.82502e-07
6.60409e-07
5.38312e-07
6.62484e-07
4.96102e-07
6.64944e-07
4.56325e-07
6.67793e-07
4.19209e-07
6.71014e-07
3.84818e-07
6.74569e-07
3.53107e-07
6.7841e-07
3.2396e-07
6.82483e-07
2.97225e-07
6.86733e-07
2.72727e-07
6.91107e-07
2.50292e-07
6.95556e-07
2.29749e-07
7.00033e-07
2.10937e-07
7.04502e-07
1.93707e-07
7.08927e-07
1.77923e-07
7.13281e-07
1.63463e-07
7.17541e-07
1.50214e-07
7.2169e-07
1.38076e-07
7.25712e-07
1.26957e-07
7.29597e-07
1.16774e-07
7.33339e-07
1.07452e-07
7.36932e-07
9.89194e-08
7.40373e-07
9.11136e-08
7.43662e-07
8.39752e-08
7.46801e-07
7.74495e-08
7.49791e-07
7.14858e-08
7.52637e-07
6.60367e-08
7.55341e-07
6.10583e-08
7.57909e-07
5.65097e-08
7.60347e-07
5.23526e-08
7.6266e-07
4.85514e-08
7.64855e-07
4.50729e-08
7.66938e-07
4.18864e-08
7.68915e-07
3.89631e-08
7.70793e-07
3.62762e-08
7.72579e-07
3.38011e-08
7.74278e-07
3.15147e-08
7.75898e-07
2.93957e-08
7.77444e-07
2.74241e-08
7.78923e-07
2.55816e-08
7.8034e-07
2.38509e-08
7.81702e-07
2.22163e-08
7.83013e-07
2.06626e-08
7.8428e-07
1.9176e-08
7.85508e-07
1.77433e-08
7.86702e-07
1.63521e-08
7.87867e-07
1.49906e-08
7.89009e-07
1.36478e-08
7.90133e-07
1.23129e-08
7.91245e-07
1.09755e-08
7.92349e-07
9.62593e-09
7.93451e-07
8.25446e-09
7.94558e-07
6.85192e-09
7.95676e-07
5.40944e-09
7.96811e-07
3.91855e-09
7.97972e-07
2.37127e-09
7.99165e-07
7.60346e-10
8.004e-07
-9.2052e-10
8.01686e-07
-2.6767e-09
8.03032e-07
-4.5118e-09
8.0445e-07
-6.42919e-09
8.05948e-07
-8.42285e-09
-1.05116e-08
8.0754e-07
1.4874e-06
1.7117e-08
1.49394e-06
1.64735e-08
1.50122e-06
1.468e-08
1.50913e-06
1.1393e-08
1.51747e-06
6.21415e-09
1.5259e-06
-1.23644e-09
1.53397e-06
-1.12626e-08
1.54118e-06
-2.40408e-08
1.54698e-06
-3.95797e-08
1.55085e-06
-5.77069e-08
1.55233e-06
-7.80746e-08
1.55102e-06
-1.0018e-07
1.54667e-06
-1.23395e-07
1.53915e-06
-1.47009e-07
1.52844e-06
-1.70268e-07
1.5147e-06
-1.92424e-07
1.49815e-06
-2.12767e-07
1.47916e-06
-2.30659e-07
1.45813e-06
-2.45558e-07
1.43556e-06
-2.57036e-07
1.41194e-06
-2.64787e-07
1.38782e-06
-2.68631e-07
1.3637e-06
-2.68509e-07
1.34009e-06
-2.64477e-07
1.31746e-06
-2.56695e-07
1.29623e-06
-2.45412e-07
1.27678e-06
-2.30957e-07
1.25946e-06
-2.13721e-07
1.24453e-06
-1.94149e-07
1.23223e-06
-1.72727e-07
1.22274e-06
-1.49975e-07
1.21619e-06
-1.2644e-07
1.21264e-06
-1.02686e-07
1.21212e-06
-7.92842e-08
1.21457e-06
-5.68136e-08
1.21987e-06
-3.58532e-08
1.22786e-06
-1.69601e-08
1.2383e-06
-6.34125e-10
1.25091e-06
1.26675e-08
1.26534e-06
2.2534e-08
1.2812e-06
2.86311e-08
1.29807e-06
3.07205e-08
1.31551e-06
2.86566e-08
1.33309e-06
2.23926e-08
1.35039e-06
1.19771e-08
1.36702e-06
-2.45611e-09
1.38263e-06
-2.07093e-08
1.3969e-06
-4.25119e-08
1.40956e-06
-6.75138e-08
1.42037e-06
-9.53129e-08
1.42919e-06
-1.25476e-07
1.43589e-06
-1.5755e-07
1.44045e-06
-1.91076e-07
1.44286e-06
-2.25601e-07
1.44319e-06
-2.60693e-07
1.44154e-06
-2.95945e-07
1.43803e-06
-3.30982e-07
1.43284e-06
-3.65464e-07
1.42614e-06
-3.99092e-07
1.41813e-06
-4.31597e-07
1.40899e-06
-4.6273e-07
1.39885e-06
-4.9222e-07
1.3877e-06
-5.19745e-07
1.37542e-06
-5.4493e-07
1.36191e-06
-5.67455e-07
1.34724e-06
-5.87258e-07
1.33188e-06
-6.04779e-07
1.31669e-06
-6.21001e-07
1.30252e-06
-6.37191e-07
1.28946e-06
-6.54469e-07
1.27593e-06
-6.73208e-07
1.25819e-06
-6.92118e-07
1.23107e-06
-7.08391e-07
1.18986e-06
-7.204e-07
1.13072e-06
-7.28216e-07
1.04892e-06
-7.25452e-07
9.4117e-07
-6.96553e-07
8.17453e-07
-6.44568e-07
7.09507e-07
-6.23356e-07
6.48535e-07
-6.94427e-07
6.31315e-07
-8.38903e-07
6.33035e-07
-9.85261e-07
6.35844e-07
-1.08887e-06
6.34086e-07
-1.14286e-06
6.27947e-07
-1.15492e-06
6.18812e-07
-1.13325e-06
6.07781e-07
-1.08387e-06
5.95533e-07
-1.01151e-06
5.82504e-07
-9.20882e-07
5.69091e-07
-8.17037e-07
5.55765e-07
-7.05011e-07
5.43037e-07
-5.89013e-07
5.3141e-07
-4.71949e-07
5.21309e-07
-3.5538e-07
5.12948e-07
-2.39564e-07
5.06295e-07
-1.23688e-07
5.01435e-07
-6.84493e-09
4.98706e-07
1.11016e-07
4.98393e-07
2.27986e-07
5.00396e-07
3.40326e-07
5.04231e-07
4.43745e-07
5.09242e-07
5.34618e-07
5.14861e-07
6.1136e-07
5.20798e-07
6.74587e-07
5.27066e-07
7.26182e-07
5.33848e-07
7.67999e-07
5.4131e-07
8.00945e-07
5.49465e-07
8.24793e-07
5.5814e-07
8.38649e-07
5.67035e-07
8.4165e-07
5.75817e-07
8.33526e-07
5.84207e-07
8.14847e-07
5.92023e-07
7.86956e-07
5.99198e-07
7.51718e-07
6.05758e-07
7.11213e-07
6.11798e-07
6.67471e-07
6.17443e-07
6.22286e-07
6.22828e-07
5.77117e-07
6.28075e-07
5.33065e-07
6.33282e-07
4.90896e-07
6.38517e-07
4.5109e-07
6.43824e-07
4.13902e-07
6.49219e-07
3.79422e-07
6.54703e-07
3.47623e-07
6.60259e-07
3.18404e-07
6.65863e-07
2.9162e-07
6.71486e-07
2.67104e-07
6.77096e-07
2.44682e-07
6.82663e-07
2.24182e-07
6.88157e-07
2.05443e-07
6.93553e-07
1.88311e-07
6.98827e-07
1.72649e-07
7.03961e-07
1.58328e-07
7.0894e-07
1.45235e-07
7.13752e-07
1.33264e-07
7.18387e-07
1.22321e-07
7.22841e-07
1.1232e-07
7.2711e-07
1.03183e-07
7.31192e-07
9.48374e-08
7.35088e-07
8.72177e-08
7.388e-07
8.02633e-08
7.42331e-07
7.39182e-08
7.45686e-07
6.81305e-08
7.48871e-07
6.28523e-08
7.5189e-07
5.80387e-08
7.54752e-07
5.36484e-08
7.57462e-07
4.96425e-08
7.60028e-07
4.59852e-08
7.62457e-07
4.26433e-08
7.64758e-07
3.95856e-08
7.66938e-07
3.67835e-08
7.69004e-07
3.42103e-08
7.70964e-07
3.18413e-08
7.72825e-07
2.96537e-08
7.74594e-07
2.76261e-08
7.76279e-07
2.57391e-08
7.77887e-07
2.39742e-08
7.79423e-07
2.23147e-08
7.80894e-07
2.07447e-08
7.82307e-07
1.92495e-08
7.83668e-07
1.78154e-08
7.84982e-07
1.64293e-08
7.86255e-07
1.5079e-08
7.87493e-07
1.37529e-08
7.88701e-07
1.24399e-08
7.89884e-07
1.11292e-08
7.91049e-07
9.81051e-09
7.92202e-07
8.47379e-09
7.93347e-07
7.10925e-09
7.94491e-07
5.70738e-09
7.95642e-07
4.25889e-09
7.96806e-07
2.7548e-09
7.9799e-07
1.1866e-09
7.99204e-07
-4.53602e-10
8.00457e-07
-2.1729e-09
8.01758e-07
-3.97774e-09
8.03118e-07
-5.87246e-09
8.04551e-07
-7.86158e-09
8.06066e-07
-9.93817e-09
-1.21256e-08
8.0768e-07
1.48647e-06
1.17625e-08
1.4924e-06
1.05386e-08
1.49888e-06
8.20786e-09
1.50577e-06
4.49655e-09
1.51289e-06
-9.07585e-10
1.51995e-06
-8.29274e-09
1.52657e-06
-1.78848e-08
1.53234e-06
-2.98046e-08
1.5368e-06
-4.40393e-08
1.53952e-06
-6.04295e-08
1.54012e-06
-7.86728e-08
1.53828e-06
-9.83394e-08
1.53378e-06
-1.18897e-07
1.52651e-06
-1.39741e-07
1.51647e-06
-1.60232e-07
1.50378e-06
-1.79728e-07
1.48863e-06
-1.9762e-07
1.47133e-06
-2.13354e-07
1.45223e-06
-2.26458e-07
1.43174e-06
-2.36554e-07
1.41032e-06
-2.43367e-07
1.38843e-06
-2.46733e-07
1.36651e-06
-2.4659e-07
1.34501e-06
-2.4298e-07
1.32435e-06
-2.36038e-07
1.30492e-06
-2.2598e-07
1.28706e-06
-2.13095e-07
1.27107e-06
-1.97733e-07
1.25722e-06
-1.80293e-07
1.2457e-06
-1.61216e-07
1.2367e-06
-1.40973e-07
1.23033e-06
-1.20063e-07
1.22664e-06
-9.89993e-08
1.22566e-06
-7.83031e-08
1.22734e-06
-5.84959e-08
1.23158e-06
-4.00946e-08
1.23822e-06
-2.35998e-08
1.24706e-06
-9.47171e-09
1.25784e-06
1.88325e-09
1.27027e-06
1.01094e-08
1.28399e-06
1.49101e-08
1.29864e-06
1.60702e-08
1.31384e-06
1.34599e-08
1.3292e-06
7.03284e-09
1.34435e-06
-3.17657e-09
1.35895e-06
-1.70618e-08
1.37269e-06
-3.44496e-08
1.38527e-06
-5.50905e-08
1.39644e-06
-7.86779e-08
1.40599e-06
-1.04861e-07
1.41377e-06
-1.33259e-07
1.41969e-06
-1.63469e-07
1.42369e-06
-1.95083e-07
1.42579e-06
-2.27698e-07
1.42602e-06
-2.60925e-07
1.42447e-06
-2.94396e-07
1.42127e-06
-3.27773e-07
1.41655e-06
-3.60746e-07
1.41049e-06
-3.93033e-07
1.40325e-06
-4.2436e-07
1.39495e-06
-4.54427e-07
1.38562e-06
-4.82889e-07
1.37524e-06
-5.09363e-07
1.36384e-06
-5.33534e-07
1.3517e-06
-5.55311e-07
1.33944e-06
-5.75001e-07
1.32796e-06
-5.93299e-07
1.31791e-06
-6.10948e-07
1.30893e-06
-6.28211e-07
1.29895e-06
-6.44493e-07
1.28391e-06
-6.58168e-07
1.2583e-06
-6.66504e-07
1.2168e-06
-6.66894e-07
1.15596e-06
-6.59562e-07
1.07348e-06
-6.45738e-07
9.66369e-07
-6.18337e-07
8.35717e-07
-5.65901e-07
7.00132e-07
-5.08983e-07
5.97586e-07
-5.2081e-07
5.49614e-07
-6.46455e-07
5.3817e-07
-8.27459e-07
5.36855e-07
-9.83946e-07
5.33043e-07
-1.08506e-06
5.24615e-07
-1.13444e-06
5.12818e-07
-1.14312e-06
4.99108e-07
-1.11954e-06
4.84503e-07
-1.06926e-06
4.69626e-07
-9.96636e-07
4.54848e-07
-9.06104e-07
4.40455e-07
-8.02644e-07
4.26738e-07
-6.91294e-07
4.1396e-07
-5.76235e-07
4.02359e-07
-4.60348e-07
3.9219e-07
-3.4521e-07
3.83564e-07
-2.30939e-07
3.76464e-07
-1.16588e-07
3.71189e-07
-1.57037e-09
3.68428e-07
1.13776e-07
3.68816e-07
2.27599e-07
3.72521e-07
3.36621e-07
3.79171e-07
4.37096e-07
3.88053e-07
5.25735e-07
3.98379e-07
6.01034e-07
4.09552e-07
6.63414e-07
4.21299e-07
7.14435e-07
4.33618e-07
7.55681e-07
4.46603e-07
7.87959e-07
4.60282e-07
8.11114e-07
4.74526e-07
8.24405e-07
4.89063e-07
8.27113e-07
5.03544e-07
8.19045e-07
5.17631e-07
8.00761e-07
5.31057e-07
7.7353e-07
5.4366e-07
7.39115e-07
5.5538e-07
6.99492e-07
5.66244e-07
6.56607e-07
5.76335e-07
6.12194e-07
5.85768e-07
5.67684e-07
5.94664e-07
5.2417e-07
6.03135e-07
4.82425e-07
6.11278e-07
4.42947e-07
6.19166e-07
4.06014e-07
6.2685e-07
3.71737e-07
6.34365e-07
3.40109e-07
6.41726e-07
3.11043e-07
6.48939e-07
2.84407e-07
6.56e-07
2.60043e-07
6.62902e-07
2.3778e-07
6.69632e-07
2.17452e-07
6.76179e-07
1.98896e-07
6.82531e-07
1.81959e-07
6.88677e-07
1.66503e-07
6.94609e-07
1.52397e-07
7.0032e-07
1.39524e-07
7.05804e-07
1.2778e-07
7.11061e-07
1.17065e-07
7.16087e-07
1.07294e-07
7.20886e-07
9.83845e-08
7.25459e-07
9.02647e-08
7.29809e-07
8.2867e-08
7.33943e-07
7.61296e-08
7.37866e-07
6.99955e-08
7.41584e-07
6.44122e-08
7.45105e-07
5.93309e-08
7.48438e-07
5.47063e-08
7.5159e-07
5.04966e-08
7.54569e-07
4.66628e-08
7.57386e-07
4.31689e-08
7.60048e-07
3.99814e-08
7.62564e-07
3.70692e-08
7.64943e-07
3.44039e-08
7.67195e-07
3.19587e-08
7.69327e-07
2.97092e-08
7.71348e-07
2.76327e-08
7.73266e-07
2.57082e-08
7.75089e-07
2.39163e-08
7.76824e-07
2.22391e-08
7.78479e-07
2.06598e-08
7.8006e-07
1.91631e-08
7.81575e-07
1.77345e-08
7.8303e-07
1.63604e-08
7.84432e-07
1.5028e-08
7.85785e-07
1.37254e-08
7.87097e-07
1.2441e-08
7.88373e-07
1.11638e-08
7.89619e-07
9.88316e-09
7.90841e-07
8.58861e-09
7.92045e-07
7.27004e-09
7.93237e-07
5.91746e-09
7.94423e-07
4.52103e-09
7.95611e-07
3.07101e-09
7.96808e-07
1.55792e-09
7.98022e-07
-2.73436e-11
7.99262e-07
-1.69351e-09
8.00537e-07
-3.44879e-09
8.0186e-07
-5.30079e-09
8.03243e-07
-7.25478e-09
8.04698e-07
-9.31709e-09
8.0624e-07
-1.14798e-08
-1.37732e-08
8.07888e-07
1.48544e-06
6.83386e-09
1.4908e-06
5.17878e-09
1.49653e-06
2.47567e-09
1.50252e-06
-1.4927e-09
1.50859e-06
-6.97031e-09
1.51447e-06
-1.41782e-08
1.51987e-06
-2.32813e-08
1.52442e-06
-3.43589e-08
1.52777e-06
-4.73823e-08
1.52954e-06
-6.22035e-08
1.52942e-06
-7.85579e-08
1.52716e-06
-9.60762e-08
1.52257e-06
-1.14304e-07
1.51555e-06
-1.32726e-07
1.50612e-06
-1.50795e-07
1.49435e-06
-1.67963e-07
1.48044e-06
-1.83704e-07
1.46462e-06
-1.97538e-07
1.44722e-06
-2.09054e-07
1.42858e-06
-2.17917e-07
1.4091e-06
-2.23885e-07
1.38917e-06
-2.26805e-07
1.3692e-06
-2.2662e-07
1.34958e-06
-2.2336e-07
1.33068e-06
-2.17139e-07
1.31285e-06
-2.08148e-07
1.2964e-06
-1.96643e-07
1.2816e-06
-1.82935e-07
1.26869e-06
-1.67385e-07
1.25787e-06
-1.50392e-07
1.24928e-06
-1.32385e-07
1.24303e-06
-1.13818e-07
1.23919e-06
-9.51567e-08
1.23776e-06
-7.68772e-08
1.23872e-06
-5.94516e-08
1.24197e-06
-4.33437e-08
1.24737e-06
-2.90003e-08
1.25473e-06
-1.68378e-08
1.26384e-06
-7.22633e-09
1.27444e-06
-4.81013e-10
1.28621e-06
3.13984e-09
1.29883e-06
3.44446e-09
1.31198e-06
3.11449e-10
1.32531e-06
-6.30165e-09
1.33851e-06
-1.63732e-08
1.35126e-06
-2.9812e-08
1.36327e-06
-4.64598e-08
1.37428e-06
-6.60967e-08
1.38405e-06
-8.8455e-08
1.39242e-06
-1.13226e-07
1.39923e-06
-1.40071e-07
1.4044e-06
-1.68635e-07
1.40787e-06
-1.98554e-07
1.40964e-06
-2.29469e-07
1.40974e-06
-2.61032e-07
1.40826e-06
-2.92915e-07
1.4053e-06
-3.2481e-07
1.40098e-06
-3.56431e-07
1.39544e-06
-3.87493e-07
1.38878e-06
-4.17695e-07
1.38106e-06
-4.46704e-07
1.37235e-06
-4.74183e-07
1.36288e-06
-4.99888e-07
1.35312e-06
-5.23775e-07
1.34389e-06
-5.46085e-07
1.33613e-06
-5.67243e-07
1.33033e-06
-5.87498e-07
1.32574e-06
-6.0636e-07
1.3198e-06
-6.22268e-07
1.30812e-06
-6.3281e-07
1.28515e-06
-6.35198e-07
1.24543e-06
-6.26791e-07
1.18521e-06
-6.06672e-07
1.10304e-06
-5.7739e-07
9.97949e-07
-5.40647e-07
8.68469e-07
-4.88857e-07
7.20611e-07
-4.18043e-07
5.81439e-07
-3.69811e-07
4.90347e-07
-4.29718e-07
4.53713e-07
-6.09821e-07
4.43505e-07
-8.17251e-07
4.37043e-07
-9.77484e-07
4.26777e-07
-1.0748e-06
4.12524e-07
-1.12018e-06
3.95775e-07
-1.12637e-06
3.77891e-07
-1.10166e-06
3.59875e-07
-1.05125e-06
3.42389e-07
-9.7915e-07
3.25844e-07
-8.89559e-07
3.10471e-07
-7.87271e-07
2.96379e-07
-6.77202e-07
2.83554e-07
-5.6341e-07
2.71938e-07
-4.48732e-07
2.6157e-07
-3.34842e-07
2.52526e-07
-2.21894e-07
2.44994e-07
-1.09056e-07
2.39539e-07
3.88498e-09
2.37112e-07
1.16202e-07
2.38557e-07
2.26155e-07
2.44222e-07
3.30956e-07
2.53743e-07
4.27575e-07
2.66379e-07
5.13099e-07
2.8119e-07
5.86222e-07
2.97366e-07
6.47239e-07
3.14421e-07
6.9738e-07
3.32199e-07
7.37902e-07
3.50716e-07
7.69443e-07
3.69976e-07
7.91854e-07
3.89859e-07
8.04522e-07
4.10091e-07
8.06881e-07
4.30298e-07
7.98837e-07
4.50089e-07
7.80971e-07
4.6912e-07
7.54499e-07
4.87146e-07
7.21088e-07
5.04034e-07
6.82605e-07
5.19746e-07
6.40895e-07
5.34325e-07
5.97615e-07
5.47864e-07
5.54145e-07
5.60481e-07
5.11553e-07
5.72298e-07
4.70607e-07
5.83434e-07
4.31812e-07
5.93988e-07
3.9546e-07
6.04044e-07
3.61682e-07
6.13665e-07
3.30487e-07
6.22901e-07
3.01808e-07
6.31784e-07
2.75525e-07
6.40337e-07
2.5149e-07
6.48575e-07
2.29542e-07
6.56507e-07
2.0952e-07
6.64138e-07
1.91265e-07
6.71471e-07
1.74626e-07
6.78509e-07
1.59464e-07
6.85254e-07
1.45652e-07
6.91708e-07
1.3307e-07
6.97875e-07
1.21613e-07
7.03758e-07
1.11182e-07
7.09362e-07
1.0169e-07
7.14693e-07
9.30535e-08
7.19758e-07
8.52e-08
7.24563e-07
7.80611e-08
7.29118e-07
7.15745e-08
7.33431e-07
6.56825e-08
7.37512e-07
6.0332e-08
7.41369e-07
5.54739e-08
7.45012e-07
5.10626e-08
7.48453e-07
4.70561e-08
7.51701e-07
4.34151e-08
7.54766e-07
4.01037e-08
7.57659e-07
3.70883e-08
7.6039e-07
3.43382e-08
7.62969e-07
3.18247e-08
7.65406e-07
2.95215e-08
7.67711e-07
2.74043e-08
7.69893e-07
2.54508e-08
7.71961e-07
2.36403e-08
7.73924e-07
2.19537e-08
7.75789e-07
2.03734e-08
7.77566e-07
1.88831e-08
7.79261e-07
1.74677e-08
7.80883e-07
1.6113e-08
7.82437e-07
1.48059e-08
7.83932e-07
1.35338e-08
7.85372e-07
1.22849e-08
7.86765e-07
1.1048e-08
7.88117e-07
9.81206e-09
7.89434e-07
8.56655e-09
7.90721e-07
7.30106e-09
7.91986e-07
6.00535e-09
7.93234e-07
4.6692e-09
7.94473e-07
3.28242e-09
7.95709e-07
1.83485e-09
7.9695e-07
3.16547e-10
7.98205e-07
-1.28236e-09
7.99483e-07
-2.97177e-09
8.00796e-07
-4.76108e-09
8.02154e-07
-6.65921e-09
8.03572e-07
-8.67275e-09
8.05065e-07
-1.08104e-08
8.06649e-07
-1.30637e-08
-1.54717e-08
8.08348e-07
1.4844e-06
2.32135e-09
1.48922e-06
3.5987e-10
1.49428e-06
-2.58158e-09
1.49946e-06
-6.67498e-09
1.5046e-06
-1.2112e-08
1.50948e-06
-1.90607e-08
1.51384e-06
-2.76402e-08
1.51738e-06
-3.7899e-08
1.5198e-06
-4.97966e-08
1.52079e-06
-6.3196e-08
1.52009e-06
-7.78643e-08
1.5175e-06
-9.34823e-08
1.51286e-06
-1.0966e-07
1.50609e-06
-1.25956e-07
1.49719e-06
-1.41903e-07
1.48626e-06
-1.57028e-07
1.47343e-06
-1.70878e-07
1.45893e-06
-1.83038e-07
1.44303e-06
-1.93146e-07
1.42602e-06
-2.00911e-07
1.40825e-06
-2.06116e-07
1.39007e-06
-2.08624e-07
1.37183e-06
-2.0838e-07
1.35388e-06
-2.05407e-07
1.33654e-06
-1.99805e-07
1.32014e-06
-1.91741e-07
1.30494e-06
-1.81443e-07
1.29119e-06
-1.69191e-07
1.27912e-06
-1.55312e-07
1.26889e-06
-1.40167e-07
1.26066e-06
-1.24146e-07
1.2545e-06
-1.07663e-07
1.25049e-06
-9.11438e-08
1.24863e-06
-7.50193e-08
1.2489e-06
-5.97193e-08
1.25122e-06
-4.56625e-08
1.25547e-06
-3.32492e-08
1.26148e-06
-2.28525e-08
1.26906e-06
-1.48056e-08
1.27797e-06
-9.39343e-09
1.28796e-06
-6.84689e-09
1.29874e-06
-7.33551e-09
1.31002e-06
-1.09672e-08
1.3215e-06
-1.77846e-08
1.3329e-06
-2.77729e-08
1.34394e-06
-4.08481e-08
1.35435e-06
-5.68704e-08
1.3639e-06
-7.56476e-08
1.37238e-06
-9.69426e-08
1.37964e-06
-1.20482e-07
1.38554e-06
-1.45967e-07
1.38998e-06
-1.73081e-07
1.39293e-06
-2.01502e-07
1.39437e-06
-2.30909e-07
1.39433e-06
-2.60992e-07
1.39287e-06
-2.91454e-07
1.39007e-06
-3.22008e-07
1.38601e-06
-3.52371e-07
1.38077e-06
-3.82256e-07
1.37445e-06
-4.11374e-07
1.36722e-06
-4.39475e-07
1.35948e-06
-4.66435e-07
1.35191e-06
-4.92317e-07
1.34548e-06
-5.17352e-07
1.34114e-06
-5.41744e-07
1.33918e-06
-5.65277e-07
1.33847e-06
-5.8679e-07
1.33602e-06
-6.03913e-07
1.32719e-06
-6.13433e-07
1.30656e-06
-6.12184e-07
1.2691e-06
-5.97734e-07
1.21117e-06
-5.68868e-07
1.13139e-06
-5.26884e-07
1.0299e-06
-4.75901e-07
9.06021e-07
-4.16771e-07
7.59425e-07
-3.42261e-07
6.01531e-07
-2.60149e-07
4.66955e-07
-2.35235e-07
3.90162e-07
-3.52925e-07
3.60773e-07
-5.80431e-07
3.48104e-07
-8.04583e-07
3.35777e-07
-9.65157e-07
3.19731e-07
-1.05875e-06
3.00398e-07
-1.10085e-06
2.79118e-07
-1.10509e-06
2.57156e-07
-1.0797e-06
2.35559e-07
-1.02965e-06
2.15109e-07
-9.58701e-07
1.96342e-07
-8.70792e-07
1.795e-07
-7.70429e-07
1.64555e-07
-6.62257e-07
1.51299e-07
-5.50154e-07
1.39456e-07
-4.36889e-07
1.28752e-07
-3.24138e-07
1.19235e-07
-2.12376e-07
1.11582e-07
-1.01404e-07
1.06685e-07
8.78193e-09
1.05371e-07
1.17516e-07
1.08484e-07
2.23042e-07
1.16605e-07
3.22835e-07
1.29175e-07
4.15005e-07
1.45522e-07
4.96753e-07
1.64618e-07
5.67126e-07
1.85534e-07
6.26323e-07
2.07661e-07
6.75253e-07
2.30745e-07
7.14818e-07
2.54723e-07
7.45465e-07
2.79552e-07
7.67025e-07
3.05081e-07
7.78993e-07
3.31008e-07
7.80954e-07
3.56919e-07
7.72926e-07
3.82364e-07
7.55525e-07
4.06936e-07
7.29927e-07
4.30319e-07
6.97705e-07
4.52312e-07
6.60612e-07
4.72827e-07
6.2038e-07
4.91868e-07
5.78574e-07
5.09507e-07
5.36506e-07
5.25856e-07
4.95204e-07
5.41046e-07
4.55416e-07
5.55212e-07
4.17646e-07
5.68477e-07
3.82195e-07
5.80951e-07
3.49207e-07
5.92728e-07
3.1871e-07
6.03884e-07
2.90652e-07
6.1448e-07
2.64929e-07
6.24564e-07
2.41406e-07
6.34172e-07
2.19934e-07
6.43335e-07
2.00358e-07
6.52074e-07
1.82525e-07
6.6041e-07
1.6629e-07
6.68357e-07
1.51518e-07
6.75929e-07
1.3808e-07
6.83137e-07
1.25862e-07
6.89994e-07
1.14756e-07
6.9651e-07
1.04666e-07
7.02696e-07
9.55033e-08
7.08564e-07
8.71861e-08
7.14123e-07
7.96404e-08
7.19386e-07
7.2798e-08
7.24364e-07
6.65964e-08
7.29069e-07
6.09778e-08
7.33512e-07
5.58888e-08
7.37706e-07
5.12802e-08
7.41662e-07
4.71064e-08
7.45393e-07
4.33251e-08
7.48911e-07
3.98974e-08
7.52228e-07
3.67871e-08
7.55355e-07
3.39611e-08
7.58304e-07
3.13887e-08
7.61087e-07
2.90414e-08
7.63716e-07
2.68934e-08
7.66199e-07
2.49207e-08
7.68549e-07
2.31013e-08
7.70774e-07
2.14149e-08
7.72885e-07
1.98429e-08
7.7489e-07
1.8368e-08
7.76799e-07
1.69745e-08
7.78619e-07
1.56476e-08
7.80358e-07
1.43735e-08
7.82025e-07
1.31395e-08
7.83625e-07
1.19334e-08
7.85167e-07
1.07436e-08
7.86655e-07
9.55911e-09
7.88098e-07
8.36921e-09
7.89502e-07
7.16338e-09
7.90871e-07
5.93126e-09
7.92214e-07
4.66251e-09
7.93537e-07
3.34669e-09
7.94846e-07
1.97329e-09
7.96149e-07
5.3189e-10
7.97453e-07
-9.88165e-10
7.98769e-07
-2.59785e-09
8.00105e-07
-4.30816e-09
8.01474e-07
-6.12977e-09
8.02888e-07
-8.07314e-09
8.04362e-07
-1.01467e-08
8.05913e-07
-1.23617e-08
8.0756e-07
-1.47106e-08
-1.72416e-08
8.0933e-07
1.48341e-06
-1.79175e-09
1.48772e-06
-3.95531e-09
1.49217e-06
-7.0271e-09
1.49664e-06
-1.11427e-08
1.50098e-06
-1.64521e-08
1.505e-06
-2.30827e-08
1.50848e-06
-3.11193e-08
1.51116e-06
-4.0587e-08
1.51281e-06
-5.14381e-08
1.51316e-06
-6.35455e-08
1.51199e-06
-7.67032e-08
1.50915e-06
-9.06339e-08
1.50449e-06
-1.05001e-07
1.49796e-06
-1.19427e-07
1.48956e-06
-1.33508e-07
1.47937e-06
-1.46837e-07
1.46752e-06
-1.59022e-07
1.45418e-06
-1.69703e-07
1.4396e-06
-1.78565e-07
1.42404e-06
-1.8535e-07
1.40779e-06
-1.89867e-07
1.39116e-06
-1.91992e-07
1.37445e-06
-1.91676e-07
1.35798e-06
-1.88938e-07
1.34204e-06
-1.83863e-07
1.3269e-06
-1.76601e-07
1.31282e-06
-1.67356e-07
1.30001e-06
-1.56381e-07
1.28867e-06
-1.43972e-07
1.27896e-06
-1.30459e-07
1.27101e-06
-1.16197e-07
1.26491e-06
-1.01564e-07
1.26071e-06
-8.69472e-08
1.25843e-06
-7.27407e-08
1.25805e-06
-5.93347e-08
1.2595e-06
-4.71085e-08
1.26267e-06
-3.64231e-08
1.26743e-06
-2.76128e-08
1.2736e-06
-2.09769e-08
1.28098e-06
-1.67715e-08
1.28934e-06
-1.52029e-08
1.29842e-06
-1.64241e-08
1.30799e-06
-2.05326e-08
1.31777e-06
-2.75688e-08
1.32752e-06
-3.75166e-08
1.33697e-06
-5.03033e-08
1.34591e-06
-6.58051e-08
1.35411e-06
-8.38516e-08
1.3614e-06
-1.04232e-07
1.36762e-06
-1.26704e-07
1.37266e-06
-1.51001e-07
1.37642e-06
-1.76843e-07
1.37886e-06
-2.03941e-07
1.37996e-06
-2.32007e-07
1.37972e-06
-2.6076e-07
1.37819e-06
-2.89918e-07
1.37539e-06
-3.19211e-07
1.3714e-06
-3.48378e-07
1.36633e-06
-3.77192e-07
1.36047e-06
-4.05512e-07
1.35434e-06
-4.33351e-07
1.3488e-06
-4.60894e-07
1.34487e-06
-4.88386e-07
1.34337e-06
-5.1585e-07
1.34429e-06
-5.42669e-07
1.34615e-06
-5.67132e-07
1.3456e-06
-5.86244e-07
1.33789e-06
-5.96201e-07
1.31791e-06
-5.93451e-07
1.28139e-06
-5.75664e-07
1.22557e-06
-5.41917e-07
1.14944e-06
-4.92735e-07
1.05352e-06
-4.30964e-07
9.38282e-07
-3.60666e-07
8.02021e-07
-2.8051e-07
6.45134e-07
-1.85375e-07
4.8492e-07
-9.99356e-08
3.61888e-07
-1.12203e-07
2.98754e-07
-2.89791e-07
2.7166e-07
-5.53337e-07
2.54097e-07
-7.8702e-07
2.35923e-07
-9.46983e-07
2.14765e-07
-1.03759e-06
1.9087e-07
-1.07696e-06
1.65239e-07
-1.07946e-06
1.39091e-07
-1.05355e-06
1.13475e-07
-1.00403e-06
8.92414e-08
-9.34468e-07
6.70734e-08
-8.48624e-07
4.73676e-08
-7.50723e-07
3.0137e-08
-6.45026e-07
1.51642e-08
-5.35182e-07
2.13619e-09
-4.23861e-07
-9.12375e-09
-3.12878e-07
-1.81646e-08
-2.03336e-07
-2.46163e-08
-9.4952e-08
-2.76585e-08
1.18241e-08
-2.64123e-08
1.1627e-07
-2.02399e-08
2.1687e-07
-9.47645e-09
3.12071e-07
6.48745e-09
3.99041e-07
2.66183e-08
4.76622e-07
4.98449e-08
5.439e-07
7.52388e-08
6.00929e-07
1.02176e-07
6.48315e-07
1.30378e-07
6.86616e-07
1.59703e-07
7.1614e-07
1.90035e-07
7.36693e-07
2.21164e-07
7.47864e-07
2.52729e-07
7.49389e-07
2.84261e-07
7.41394e-07
3.15254e-07
7.24532e-07
3.4524e-07
6.99941e-07
3.73845e-07
6.691e-07
4.00815e-07
6.33642e-07
4.26018e-07
5.95176e-07
4.49428e-07
5.55164e-07
4.71097e-07
5.14838e-07
4.91131e-07
4.7517e-07
5.09668e-07
4.3688e-07
5.26853e-07
4.00461e-07
5.42832e-07
3.66217e-07
5.57738e-07
3.34302e-07
5.71689e-07
3.04759e-07
5.84787e-07
2.77553e-07
5.97119e-07
2.52597e-07
6.08756e-07
2.29769e-07
6.19756e-07
2.08933e-07
6.3017e-07
1.89944e-07
6.40037e-07
1.72658e-07
6.4939e-07
1.56937e-07
6.5826e-07
1.42648e-07
6.66671e-07
1.2967e-07
6.74644e-07
1.17888e-07
6.822e-07
1.072e-07
6.89358e-07
9.7509e-08
6.96134e-07
8.87277e-08
7.02544e-07
8.07758e-08
7.08604e-07
7.35797e-08
7.14331e-07
6.70717e-08
7.19738e-07
6.11894e-08
7.2484e-07
5.58753e-08
7.29653e-07
5.10762e-08
7.3419e-07
4.67429e-08
7.38466e-07
4.28301e-08
7.42496e-07
3.92956e-08
7.46293e-07
3.61007e-08
7.4987e-07
3.32095e-08
7.53242e-07
3.05891e-08
7.56422e-07
2.82091e-08
7.59422e-07
2.60416e-08
7.62254e-07
2.40609e-08
7.64931e-07
2.22437e-08
7.67464e-07
2.05684e-08
7.69864e-07
1.90152e-08
7.7214e-07
1.75661e-08
7.74304e-07
1.62042e-08
7.76364e-07
1.49144e-08
7.7833e-07
1.36823e-08
7.80208e-07
1.24947e-08
7.82009e-07
1.13392e-08
7.83738e-07
1.02041e-08
7.85403e-07
9.07818e-09
7.87012e-07
7.95068e-09
7.8857e-07
6.81109e-09
7.90084e-07
5.64908e-09
7.91561e-07
4.45431e-09
7.93007e-07
3.21638e-09
7.94429e-07
1.92469e-09
7.95834e-07
5.68612e-10
7.97229e-07
-8.62868e-10
7.98622e-07
-2.38137e-09
8.00023e-07
-3.99879e-09
8.01442e-07
-5.72723e-09
8.02891e-07
-7.5788e-09
8.04383e-07
-9.56569e-09
8.05935e-07
-1.16987e-08
8.07565e-07
-1.39915e-08
8.09295e-07
-1.64401e-08
-1.90981e-08
8.11151e-07
1.48252e-06
-5.52689e-09
1.48638e-06
-7.80657e-09
1.49027e-06
-1.09217e-08
1.49411e-06
-1.49785e-08
1.49775e-06
-2.00945e-08
1.50103e-06
-2.63657e-08
1.50376e-06
-3.3851e-08
1.50573e-06
-4.25586e-08
1.50673e-06
-5.24364e-08
1.50655e-06
-6.33665e-08
1.50502e-06
-7.51664e-08
1.50198e-06
-8.7594e-08
1.49733e-06
-1.00358e-07
1.49104e-06
-1.13132e-07
1.4831e-06
-1.25568e-07
1.47358e-06
-1.37315e-07
1.46259e-06
-1.48032e-07
1.45029e-06
-1.57406e-07
1.43689e-06
-1.65161e-07
1.42261e-06
-1.71072e-07
1.40771e-06
-1.74968e-07
1.39246e-06
-1.7674e-07
1.37712e-06
-1.76342e-07
1.36198e-06
-1.7379e-07
1.34727e-06
-1.69162e-07
1.33326e-06
-1.62589e-07
1.32016e-06
-1.54257e-07
1.30818e-06
-1.44396e-07
1.29748e-06
-1.33275e-07
1.28822e-06
-1.21196e-07
1.2805e-06
-1.08484e-07
1.27442e-06
-9.54853e-08
1.27003e-06
-8.25541e-08
1.26734e-06
-7.00498e-08
1.26633e-06
-5.83281e-08
1.26696e-06
-4.77334e-08
1.26913e-06
-3.8592e-08
1.27272e-06
-3.12051e-08
1.27758e-06
-2.58411e-08
1.28354e-06
-2.27299e-08
1.2904e-06
-2.20567e-08
1.29793e-06
-2.39589e-08
1.30592e-06
-2.8524e-08
1.31414e-06
-3.57878e-08
1.32236e-06
-4.57354e-08
1.33036e-06
-5.83022e-08
1.33793e-06
-7.33774e-08
1.34489e-06
-9.08087e-08
1.35106e-06
-1.10408e-07
1.35632e-06
-1.31958e-07
1.36054e-06
-1.5522e-07
1.36364e-06
-1.79942e-07
1.36556e-06
-2.05861e-07
1.36626e-06
-2.32715e-07
1.36575e-06
-2.60241e-07
1.36401e-06
-2.88187e-07
1.36114e-06
-3.16333e-07
1.35728e-06
-3.44525e-07
1.35282e-06
-3.72723e-07
1.34835e-06
-4.0105e-07
1.34477e-06
-4.29766e-07
1.34297e-06
-4.59096e-07
1.34348e-06
-4.88892e-07
1.34585e-06
-5.18228e-07
1.34822e-06
-5.45035e-07
1.34706e-06
-5.65968e-07
1.33771e-06
-5.76894e-07
1.31555e-06
-5.74049e-07
1.27729e-06
-5.55187e-07
1.22148e-06
-5.19853e-07
1.14825e-06
-4.68691e-07
1.05864e-06
-4.03119e-07
9.53652e-07
-3.25979e-07
8.32448e-07
-2.39461e-07
6.91648e-07
-1.3971e-07
5.32384e-07
-2.61103e-08
3.77847e-07
5.46012e-08
2.71055e-07
-5.41114e-09
2.18117e-07
-2.36853e-07
1.88759e-07
-5.23979e-07
1.64733e-07
-7.62994e-07
1.4075e-07
-9.23001e-07
1.14933e-07
-1.01177e-06
8.68433e-08
-1.04887e-06
5.69073e-08
-1.04953e-06
2.62197e-08
-1.02286e-06
-3.99842e-09
-9.73816e-07
-3.25623e-08
-9.05904e-07
-5.85216e-08
-8.22664e-07
-8.12985e-08
-7.27946e-07
-1.00761e-07
-6.25564e-07
-1.17042e-07
-5.189e-07
-1.30376e-07
-4.10528e-07
-1.4096e-07
-3.02294e-07
-1.48976e-07
-1.9532e-07
-1.54079e-07
-8.98486e-08
-1.55327e-07
1.30721e-08
-1.52246e-07
1.13188e-07
-1.44171e-07
2.08795e-07
-1.3056e-07
2.9846e-07
-1.11881e-07
3.80361e-07
-8.87122e-08
4.53454e-07
-6.19527e-08
5.1714e-07
-3.24711e-08
5.71447e-07
-9.63095e-10
6.16807e-07
3.21881e-08
6.53465e-07
6.67292e-08
6.81599e-07
1.02463e-07
7.00959e-07
1.39096e-07
7.11231e-07
1.76181e-07
7.12303e-07
2.13187e-07
7.04389e-07
2.49551e-07
6.88168e-07
2.84756e-07
6.64736e-07
3.18381e-07
6.35475e-07
3.50133e-07
6.0189e-07
3.79845e-07
5.65464e-07
4.07466e-07
5.27543e-07
4.33035e-07
4.89269e-07
4.56651e-07
4.51553e-07
4.78456e-07
4.15075e-07
4.98606e-07
3.80311e-07
5.17261e-07
3.47561e-07
5.34576e-07
3.16987e-07
5.50689e-07
2.88645e-07
5.65728e-07
2.62515e-07
5.79799e-07
2.38526e-07
5.92996e-07
2.16572e-07
6.05398e-07
1.96531e-07
6.17074e-07
1.78269e-07
6.28079e-07
1.61653e-07
6.38463e-07
1.46553e-07
6.48268e-07
1.32843e-07
6.57529e-07
1.20408e-07
6.66279e-07
1.09138e-07
6.74546e-07
9.8933e-08
6.82356e-07
8.96991e-08
6.89732e-07
8.13514e-08
6.96696e-07
7.38112e-08
7.0327e-07
6.70063e-08
7.09472e-07
6.087e-08
7.1532e-07
5.53406e-08
7.20834e-07
5.03614e-08
7.26031e-07
4.58796e-08
7.30927e-07
4.18465e-08
7.3554e-07
3.82171e-08
7.39886e-07
3.49497e-08
7.43981e-07
3.2006e-08
7.4784e-07
2.93505e-08
7.51478e-07
2.69507e-08
7.5491e-07
2.47768e-08
7.58151e-07
2.28012e-08
7.61213e-07
2.09991e-08
7.64109e-07
1.93474e-08
7.66852e-07
1.78253e-08
7.69454e-07
1.64136e-08
7.71925e-07
1.50948e-08
7.74276e-07
1.38529e-08
7.76518e-07
1.2673e-08
7.78658e-07
1.15417e-08
7.80707e-07
1.04461e-08
7.82672e-07
9.37435e-09
7.84561e-07
8.31523e-09
7.86381e-07
7.25793e-09
7.8814e-07
6.19205e-09
7.89843e-07
5.10736e-09
7.91499e-07
3.99369e-09
7.93112e-07
2.84081e-09
7.9469e-07
1.63832e-09
7.96239e-07
3.7566e-10
7.97766e-07
-9.58313e-10
7.99279e-07
-2.37536e-09
8.00785e-07
-3.88774e-09
8.02295e-07
-5.50825e-09
8.03818e-07
-7.25014e-09
8.05366e-07
-9.12717e-09
8.06953e-07
-1.11532e-08
8.08597e-07
-1.33421e-08
8.10314e-07
-1.57086e-08
8.12132e-07
-1.82582e-08
-2.1036e-08
8.1407e-07
1.48181e-06
-8.90929e-09
1.48524e-06
-1.12336e-08
1.48864e-06
-1.43218e-08
1.49192e-06
-1.82563e-08
1.49495e-06
-2.31293e-08
1.4976e-06
-2.90131e-08
1.49969e-06
-3.59471e-08
1.50106e-06
-4.39273e-08
1.50153e-06
-5.28992e-08
1.50091e-06
-6.27543e-08
1.49908e-06
-7.33299e-08
1.4959e-06
-8.4414e-08
1.49129e-06
-9.57537e-08
1.48523e-06
-1.07066e-07
1.47771e-06
-1.18049e-07
1.46879e-06
-1.28398e-07
1.45858e-06
-1.37819e-07
1.44721e-06
-1.46036e-07
1.43486e-06
-1.52809e-07
1.42172e-06
-1.57939e-07
1.40803e-06
-1.61274e-07
1.39401e-06
-1.62719e-07
1.3799e-06
-1.6223e-07
1.36593e-06
-1.59822e-07
1.35233e-06
-1.55564e-07
1.33932e-06
-1.49578e-07
1.32709e-06
-1.42031e-07
1.31583e-06
-1.33134e-07
1.30569e-06
-1.23134e-07
1.2968e-06
-1.12308e-07
1.28928e-06
-1.00956e-07
1.28318e-06
-8.93944e-08
1.27858e-06
-7.79501e-08
1.27548e-06
-6.6952e-08
1.27388e-06
-5.67247e-08
1.27373e-06
-4.75818e-08
1.27495e-06
-3.9819e-08
1.27746e-06
-3.37081e-08
1.28111e-06
-2.94907e-08
1.28575e-06
-2.73729e-08
1.29121e-06
-2.7521e-08
1.29731e-06
-3.00577e-08
1.30385e-06
-3.50606e-08
1.31062e-06
-4.25612e-08
1.31743e-06
-5.25453e-08
1.32408e-06
-6.49538e-08
1.33039e-06
-7.96864e-08
1.33619e-06
-9.66049e-08
1.34132e-06
-1.15539e-07
1.34566e-06
-1.36292e-07
1.34908e-06
-1.58647e-07
1.35151e-06
-1.82372e-07
1.35288e-06
-2.07232e-07
1.35316e-06
-2.3299e-07
1.35235e-06
-2.59433e-07
1.35056e-06
-2.86392e-07
1.348e-06
-3.13779e-07
1.3451e-06
-3.41622e-07
1.34245e-06
-3.70079e-07
1.34079e-06
-3.99382e-07
1.34066e-06
-4.2964e-07
1.34207e-06
-4.60503e-07
1.34401e-06
-4.90831e-07
1.34423e-06
-5.18453e-07
1.33926e-06
-5.40058e-07
1.32484e-06
-5.51551e-07
1.2971e-06
-5.49158e-07
1.2538e-06
-5.30743e-07
1.19489e-06
-4.96284e-07
1.12208e-06
-4.4704e-07
1.03756e-06
-3.84172e-07
9.42877e-07
-3.08434e-07
8.37701e-07
-2.20803e-07
7.18493e-07
-1.20253e-07
5.79636e-07
-8.53234e-10
4.25702e-07
1.27824e-07
2.87127e-07
1.93176e-07
1.99196e-07
8.25193e-08
1.51371e-07
-1.89027e-07
1.16058e-07
-4.88665e-07
8.41992e-08
-7.31136e-07
5.40293e-08
-8.92831e-07
2.35016e-08
-9.81247e-07
-9.01027e-09
-1.01635e-06
-4.35184e-08
-1.01502e-06
-7.88882e-08
-9.87491e-07
-1.13773e-07
-9.38931e-07
-1.46877e-07
-8.728e-07
-1.77105e-07
-7.92437e-07
-2.03726e-07
-7.01324e-07
-2.26424e-07
-6.02867e-07
-2.45214e-07
-5.0011e-07
-2.60228e-07
-3.95513e-07
-2.71609e-07
-2.90912e-07
-2.79427e-07
-1.87502e-07
-2.83304e-07
-8.59718e-08
-2.82707e-07
1.24752e-08
-2.77006e-07
1.07488e-07
-2.65768e-07
1.97557e-07
-2.48841e-07
2.81534e-07
-2.26675e-07
3.58195e-07
-1.9998e-07
4.26758e-07
-1.696e-07
4.86761e-07
-1.36297e-07
5.38144e-07
-1.0057e-07
5.8108e-07
-6.27628e-08
6.15658e-07
-2.3149e-08
6.41985e-07
1.7887e-08
6.59923e-07
5.98693e-08
6.69249e-07
1.0229e-07
6.69882e-07
1.44548e-07
6.62131e-07
1.86033e-07
6.46683e-07
2.26189e-07
6.24581e-07
2.64564e-07
5.97101e-07
3.00835e-07
5.65619e-07
3.34813e-07
5.31485e-07
3.6643e-07
4.95926e-07
3.95713e-07
4.59987e-07
4.22757e-07
4.24509e-07
4.47704e-07
3.90128e-07
4.70719e-07
3.57296e-07
4.91976e-07
3.26304e-07
5.11643e-07
2.97319e-07
5.29881e-07
2.70408e-07
5.46832e-07
2.45564e-07
5.62627e-07
2.22732e-07
5.77376e-07
2.01823e-07
5.91179e-07
1.82728e-07
6.04119e-07
1.65329e-07
6.16268e-07
1.49503e-07
6.27691e-07
1.3513e-07
6.3844e-07
1.22094e-07
6.48564e-07
1.10285e-07
6.58104e-07
9.95988e-08
6.67096e-07
8.99405e-08
6.75574e-07
8.12208e-08
6.83568e-07
7.33574e-08
6.91105e-07
6.62741e-08
6.98211e-07
5.99006e-08
7.04909e-07
5.41719e-08
7.11222e-07
4.90278e-08
7.17171e-07
4.44124e-08
7.22777e-07
4.0274e-08
7.28059e-07
3.65646e-08
7.33036e-07
3.32397e-08
7.37727e-07
3.02585e-08
7.4215e-07
2.75832e-08
7.46322e-07
2.51789e-08
7.50259e-07
2.30138e-08
7.53977e-07
2.10585e-08
7.57492e-07
1.92865e-08
7.60817e-07
1.76733e-08
7.63968e-07
1.61968e-08
7.66957e-07
1.48367e-08
7.69795e-07
1.35746e-08
7.72496e-07
1.23938e-08
7.7507e-07
1.1279e-08
7.77527e-07
1.0216e-08
7.79877e-07
9.19187e-09
7.82129e-07
8.19455e-09
7.8429e-07
7.21272e-09
7.8637e-07
6.23567e-09
7.88375e-07
5.25308e-09
7.90312e-07
4.25492e-09
7.92188e-07
3.23131e-09
7.94009e-07
2.17236e-09
7.95782e-07
1.06801e-09
7.97512e-07
-9.2119e-11
7.99207e-07
-1.31894e-09
8.00873e-07
-2.62392e-09
8.02516e-07
-4.01918e-09
8.04146e-07
-5.51759e-09
8.05771e-07
-7.13287e-09
8.074e-07
-8.87947e-09
8.09046e-07
-1.07729e-08
8.10721e-07
-1.28284e-08
8.12443e-07
-1.50638e-08
8.14226e-07
-1.74919e-08
8.16105e-07
-2.01374e-08
-2.30087e-08
8.18078e-07
1.48133e-06
-1.19653e-08
1.48437e-06
-1.42753e-08
1.48733e-06
-1.72798e-08
1.49011e-06
-2.10422e-08
1.49262e-06
-2.56352e-08
1.49472e-06
-3.11137e-08
1.49627e-06
-3.75023e-08
1.49713e-06
-4.47882e-08
1.49715e-06
-5.29166e-08
1.49618e-06
-6.17876e-08
1.49411e-06
-7.12563e-08
1.49083e-06
-8.11364e-08
1.48629e-06
-9.1207e-08
1.48044e-06
-1.01222e-07
1.47331e-06
-1.10919e-07
1.46495e-06
-1.20034e-07
1.45544e-06
-1.28308e-07
1.4449e-06
-1.355e-07
1.43349e-06
-1.414e-07
1.42138e-06
-1.4583e-07
1.40877e-06
-1.48657e-07
1.39584e-06
-1.49794e-07
1.38282e-06
-1.49204e-07
1.36989e-06
-1.46899e-07
1.35727e-06
-1.42944e-07
1.34514e-06
-1.37449e-07
1.33368e-06
-1.30569e-07
1.32304e-06
-1.22498e-07
1.31338e-06
-1.13466e-07
1.3048e-06
-1.03727e-07
1.2974e-06
-9.35602e-08
1.29126e-06
-8.32576e-08
1.28643e-06
-7.31203e-08
1.28293e-06
-6.34506e-08
1.28075e-06
-5.4546e-08
1.27986e-06
-4.66928e-08
1.2802e-06
-4.01597e-08
1.28169e-06
-3.51927e-08
1.28421e-06
-3.20092e-08
1.28763e-06
-3.07944e-08
1.29181e-06
-3.16968e-08
1.29657e-06
-3.48258e-08
1.30176e-06
-4.02499e-08
1.3072e-06
-4.79956e-08
1.3127e-06
-5.80484e-08
1.3181e-06
-7.03528e-08
1.32323e-06
-8.48161e-08
1.32794e-06
-1.01311e-07
1.33208e-06
-1.19682e-07
1.33554e-06
-1.39749e-07
1.33821e-06
-1.61317e-07
1.34002e-06
-1.84186e-07
1.34095e-06
-2.08161e-07
1.34104e-06
-2.33077e-07
1.34042e-06
-2.58817e-07
1.33936e-06
-2.85336e-07
1.33825e-06
-3.12669e-07
1.33754e-06
-3.40906e-07
1.33757e-06
-3.70115e-07
1.33835e-06
-4.00163e-07
1.33916e-06
-4.30451e-07
1.33837e-06
-4.59703e-07
1.33343e-06
-4.85892e-07
1.32115e-06
-5.06173e-07
1.29807e-06
-5.16978e-07
1.26134e-06
-5.1482e-07
1.20988e-06
-4.97705e-07
1.14503e-06
-4.65888e-07
1.0699e-06
-4.2116e-07
9.88027e-07
-3.65163e-07
9.01855e-07
-2.98e-07
8.11676e-07
-2.18255e-07
7.14483e-07
-1.2361e-07
6.03377e-07
-9.14746e-09
4.72847e-07
1.29677e-07
3.34162e-07
2.66509e-07
2.20835e-07
3.06503e-07
1.50825e-07
1.52529e-07
1.02964e-07
-1.41166e-07
5.87439e-08
-4.44446e-07
1.68968e-08
-6.89289e-07
-2.15995e-08
-8.54334e-07
-5.82798e-08
-9.44566e-07
-9.57394e-08
-9.78894e-07
-1.34882e-07
-9.75877e-07
-1.75e-07
-9.47373e-07
-2.14652e-07
-8.99278e-07
-2.52411e-07
-8.35042e-07
-2.87105e-07
-7.57742e-07
-3.17889e-07
-6.70541e-07
-3.44255e-07
-5.765e-07
-3.66002e-07
-4.78363e-07
-3.83106e-07
-3.7841e-07
-3.95589e-07
-2.78429e-07
-4.03432e-07
-1.79659e-07
-4.06267e-07
-8.31375e-08
-4.03807e-07
1.00151e-08
-3.95593e-07
9.92737e-08
-3.81491e-07
1.83455e-07
-3.61605e-07
2.61648e-07
-3.36405e-07
3.32995e-07
-3.06533e-07
3.96886e-07
-2.72708e-07
4.52936e-07
-2.35579e-07
5.01015e-07
-1.9564e-07
5.41141e-07
-1.53295e-07
5.73313e-07
-1.08861e-07
5.97551e-07
-6.27396e-08
6.13802e-07
-1.55554e-08
6.22065e-07
3.19702e-08
6.22356e-07
7.91685e-08
6.14932e-07
1.25442e-07
6.00409e-07
1.70207e-07
5.79816e-07
2.12991e-07
5.54317e-07
2.53457e-07
5.25153e-07
2.91402e-07
4.9354e-07
3.26745e-07
4.60583e-07
3.59505e-07
4.27227e-07
3.89775e-07
3.94239e-07
4.17696e-07
3.62207e-07
4.4344e-07
3.31552e-07
4.67189e-07
3.02556e-07
4.89124e-07
2.75384e-07
5.0942e-07
2.50112e-07
5.28237e-07
2.26747e-07
5.45721e-07
2.05248e-07
5.62e-07
1.85543e-07
5.77189e-07
1.67539e-07
5.91388e-07
1.5113e-07
6.04682e-07
1.36208e-07
6.17149e-07
1.22664e-07
6.28853e-07
1.1039e-07
6.39852e-07
9.92852e-08
6.50198e-07
8.92532e-08
6.59934e-07
8.02038e-08
6.69102e-07
7.20528e-08
6.77738e-07
6.47221e-08
6.85873e-07
5.81386e-08
6.93539e-07
5.2235e-08
7.00763e-07
4.69482e-08
7.0757e-07
4.22201e-08
7.13986e-07
3.79962e-08
7.20034e-07
3.42261e-08
7.25736e-07
3.08628e-08
7.31113e-07
2.7863e-08
7.36185e-07
2.51866e-08
7.40971e-07
2.27966e-08
7.45491e-07
2.0659e-08
7.49762e-07
1.87429e-08
7.53801e-07
1.70197e-08
7.57624e-07
1.54634e-08
7.61247e-07
1.40507e-08
7.64684e-07
1.276e-08
7.67948e-07
1.15721e-08
7.71053e-07
1.04695e-08
7.74011e-07
9.43607e-09
7.76833e-07
8.45739e-09
7.79528e-07
7.52013e-09
7.82108e-07
6.61203e-09
7.84581e-07
5.72173e-09
7.86955e-07
4.83858e-09
7.89239e-07
3.95242e-09
7.91438e-07
3.05351e-09
7.93561e-07
2.13237e-09
7.95613e-07
1.17945e-09
7.976e-07
1.85013e-10
7.99529e-07
-8.60946e-10
8.01405e-07
-1.96862e-09
8.03235e-07
-3.14882e-09
8.05024e-07
-4.41314e-09
8.06779e-07
-5.77407e-09
8.08507e-07
-7.24501e-09
8.10214e-07
-8.84054e-09
8.11911e-07
-1.05762e-08
8.13607e-07
-1.24692e-08
8.15315e-07
-1.45359e-08
8.1705e-07
-1.67992e-08
8.18823e-07
-1.92647e-08
8.20676e-07
-2.19899e-08
-2.48996e-08
8.22566e-07
1.48113e-06
-1.4721e-08
1.48382e-06
-1.69687e-08
1.48639e-06
-1.98441e-08
1.48874e-06
-2.3395e-08
1.49079e-06
-2.76806e-08
1.49242e-06
-3.27435e-08
1.49351e-06
-3.8597e-08
1.49394e-06
-4.52219e-08
1.49359e-06
-5.25644e-08
1.49234e-06
-6.05331e-08
1.49008e-06
-6.89986e-08
1.48674e-06
-7.77966e-08
1.48227e-06
-8.67339e-08
1.47664e-06
-9.55953e-08
1.46987e-06
-1.04152e-07
1.46201e-06
-1.12172e-07
1.45313e-06
-1.19429e-07
1.44334e-06
-1.25711e-07
1.43277e-06
-1.3083e-07
1.42157e-06
-1.34629e-07
1.4099e-06
-1.3699e-07
1.39794e-06
-1.37834e-07
1.38587e-06
-1.3713e-07
1.37386e-06
-1.3489e-07
1.36209e-06
-1.31174e-07
1.35073e-06
-1.26085e-07
1.33993e-06
-1.19767e-07
1.32983e-06
-1.12401e-07
1.32056e-06
-1.04198e-07
1.31223e-06
-9.53982e-08
1.30493e-06
-8.62588e-08
1.29873e-06
-7.70522e-08
1.29366e-06
-6.80573e-08
1.28977e-06
-5.95536e-08
1.28704e-06
-5.18151e-08
1.28545e-06
-4.5104e-08
1.28495e-06
-3.96655e-08
1.28548e-06
-3.57225e-08
1.28695e-06
-3.34715e-08
1.28923e-06
-3.30784e-08
1.29221e-06
-3.46756e-08
1.29574e-06
-3.83602e-08
1.29968e-06
-4.41917e-08
1.30388e-06
-5.2192e-08
1.30818e-06
-6.23453e-08
1.31242e-06
-7.45993e-08
1.31648e-06
-8.88681e-08
1.3202e-06
-1.05036e-07
1.32348e-06
-1.22965e-07
1.32623e-06
-1.425e-07
1.3284e-06
-1.63486e-07
1.32999e-06
-1.85774e-07
1.33107e-06
-2.09244e-07
1.33181e-06
-2.3381e-07
1.33241e-06
-2.5942e-07
1.33311e-06
-2.86039e-07
1.33403e-06
-3.13586e-07
1.33498e-06
-3.41855e-07
1.33525e-06
-3.70382e-07
1.33339e-06
-3.98303e-07
1.32721e-06
-4.24272e-07
1.31406e-06
-4.46553e-07
1.29124e-06
-4.63078e-07
1.25637e-06
-4.71298e-07
1.20786e-06
-4.68467e-07
1.14595e-06
-4.52911e-07
1.07334e-06
-4.25092e-07
9.94441e-07
-3.86993e-07
9.13671e-07
-3.4039e-07
8.33947e-07
-2.8544e-07
7.56018e-07
-2.20071e-07
6.77799e-07
-1.40036e-07
5.93671e-07
-3.94817e-08
4.95009e-07
8.95139e-08
3.79653e-07
2.45034e-07
2.65648e-07
3.80514e-07
1.82435e-07
3.89716e-07
1.28838e-07
2.06126e-07
7.83358e-08
-9.06635e-08
2.23338e-08
-3.88444e-07
-3.3383e-08
-6.33572e-07
-8.35053e-08
-8.04212e-07
-1.28201e-07
-8.9987e-07
-1.71257e-07
-9.35838e-07
-2.15171e-07
-9.31964e-07
-2.60028e-07
-9.02516e-07
-3.045e-07
-8.54806e-07
-3.47003e-07
-7.92539e-07
-3.8623e-07
-7.18516e-07
-4.21231e-07
-6.35539e-07
-4.51371e-07
-5.46361e-07
-4.76263e-07
-4.5347e-07
-4.95711e-07
-3.58962e-07
-5.09595e-07
-2.64545e-07
-5.178e-07
-1.71454e-07
-5.20071e-07
-8.08665e-08
-5.1624e-07
6.18334e-09
-5.06108e-07
8.91421e-08
-4.89735e-07
1.67082e-07
-4.67368e-07
2.39281e-07
-4.39472e-07
3.05098e-07
-4.06631e-07
3.64045e-07
-3.69486e-07
4.15791e-07
-3.28643e-07
4.60172e-07
-2.84628e-07
4.97126e-07
-2.37921e-07
5.26606e-07
-1.88968e-07
5.48597e-07
-1.38245e-07
5.6308e-07
-8.63234e-08
5.70143e-07
-3.39984e-08
5.70031e-07
1.78279e-08
5.63106e-07
6.84657e-08
5.49771e-07
1.1742e-07
5.30862e-07
1.64208e-07
5.07529e-07
2.08487e-07
4.80874e-07
2.50048e-07
4.5198e-07
2.88801e-07
4.21829e-07
3.24761e-07
3.91267e-07
3.58016e-07
3.60984e-07
3.88708e-07
3.31515e-07
4.17011e-07
3.0325e-07
4.43112e-07
2.76455e-07
4.67203e-07
2.51293e-07
4.8947e-07
2.27845e-07
5.10085e-07
2.06131e-07
5.29208e-07
1.86125e-07
5.46982e-07
1.67769e-07
5.63534e-07
1.50986e-07
5.78978e-07
1.35686e-07
5.93413e-07
1.21774e-07
6.06926e-07
1.09151e-07
6.19593e-07
9.77231e-08
6.31481e-07
8.73968e-08
6.4265e-07
7.80842e-08
6.53152e-07
6.97017e-08
6.63034e-07
6.21711e-08
6.72337e-07
5.5419e-08
6.81099e-07
4.93767e-08
6.89354e-07
4.398e-08
6.97133e-07
3.91688e-08
7.04466e-07
3.48871e-08
7.1138e-07
3.10828e-08
7.17899e-07
2.77068e-08
7.24048e-07
2.47136e-08
7.2985e-07
2.2061e-08
7.35327e-07
1.97101e-08
7.40498e-07
1.7625e-08
7.45385e-07
1.57727e-08
7.50005e-07
1.41229e-08
7.54376e-07
1.26482e-08
7.58516e-07
1.13235e-08
7.6244e-07
1.01263e-08
7.66164e-07
9.03603e-09
7.69702e-07
8.03438e-09
7.73067e-07
7.10472e-09
7.76271e-07
6.23201e-09
7.79326e-07
5.40259e-09
7.82242e-07
4.60397e-09
7.85029e-07
3.82473e-09
7.87696e-07
3.05436e-09
7.90252e-07
2.28292e-09
7.92704e-07
1.50097e-09
7.95058e-07
6.99223e-10
7.97322e-07
-1.31632e-10
7.99502e-07
-1.0006e-09
8.01603e-07
-1.91661e-09
8.03632e-07
-2.88906e-09
8.05591e-07
-3.92802e-09
8.07486e-07
-5.04418e-09
8.09322e-07
-6.24908e-09
8.11104e-07
-7.5553e-09
8.12835e-07
-8.97658e-09
8.14523e-07
-1.05281e-08
8.16173e-07
-1.22263e-08
8.17794e-07
-1.40901e-08
8.19394e-07
-1.61362e-08
8.20989e-07
-1.83937e-08
8.2258e-07
-2.08558e-08
8.24216e-07
-2.36266e-08
-2.64891e-08
8.25806e-07
1.4813e-06
-1.72049e-08
1.48368e-06
-1.93505e-08
1.4859e-06
-2.20599e-08
1.48787e-06
-2.53676e-08
1.48951e-06
-2.93259e-08
1.49074e-06
-3.39685e-08
1.49144e-06
-3.92995e-08
1.49152e-06
-4.52954e-08
1.49086e-06
-5.19046e-08
1.48937e-06
-5.9044e-08
1.48697e-06
-6.65974e-08
1.48359e-06
-7.44196e-08
1.4792e-06
-8.23404e-08
1.47377e-06
-9.0171e-08
1.46733e-06
-9.77107e-08
1.45991e-06
-1.04755e-07
1.45159e-06
-1.11104e-07
1.44245e-06
-1.16571e-07
1.43261e-06
-1.20989e-07
1.4222e-06
-1.24218e-07
1.41136e-06
-1.26154e-07
1.40025e-06
-1.26726e-07
1.38903e-06
-1.25907e-07
1.37785e-06
-1.23709e-07
1.36686e-06
-1.20188e-07
1.35621e-06
-1.15439e-07
1.34604e-06
-1.09596e-07
1.33647e-06
-1.02826e-07
1.3276e-06
-9.53291e-08
1.31953e-06
-8.73282e-08
1.31234e-06
-7.9066e-08
1.30608e-06
-7.07979e-08
1.30081e-06
-6.27853e-08
1.29655e-06
-5.52895e-08
1.2933e-06
-4.85652e-08
1.29105e-06
-4.28546e-08
1.28976e-06
-3.83826e-08
1.28939e-06
-3.53525e-08
1.28986e-06
-3.39417e-08
1.29108e-06
-3.42993e-08
1.29295e-06
-3.65432e-08
1.29535e-06
-4.07588e-08
1.29816e-06
-4.69982e-08
1.30124e-06
-5.52795e-08
1.30449e-06
-6.55878e-08
1.30776e-06
-7.78765e-08
1.31097e-06
-9.20713e-08
1.31401e-06
-1.08076e-07
1.31682e-06
-1.25778e-07
1.31938e-06
-1.45062e-07
1.32171e-06
-1.65812e-07
1.32385e-06
-1.87921e-07
1.32589e-06
-2.11284e-07
1.32786e-06
-2.35779e-07
1.32967e-06
-2.61226e-07
1.33095e-06
-2.87321e-07
1.33092e-06
-3.13559e-07
1.32824e-06
-3.39169e-07
1.32093e-06
-3.63075e-07
1.30656e-06
-3.83929e-07
1.28259e-06
-4.0031e-07
1.24698e-06
-4.10942e-07
1.19844e-06
-4.14538e-07
1.1367e-06
-4.09557e-07
1.06329e-06
-3.95049e-07
9.82335e-07
-3.71961e-07
8.99751e-07
-3.42507e-07
8.20651e-07
-3.07894e-07
7.4747e-07
-2.67208e-07
6.80077e-07
-2.18047e-07
6.16622e-07
-1.56616e-07
5.53329e-07
-7.67434e-08
4.83253e-07
3.05948e-08
3.99152e-07
1.73615e-07
3.05304e-07
3.38881e-07
2.23533e-07
4.62285e-07
1.7281e-07
4.40439e-07
1.35229e-07
2.43708e-07
8.3558e-08
-3.89931e-08
1.42636e-08
-3.19149e-07
-5.99614e-08
-5.59347e-07
-1.26726e-07
-7.37448e-07
-1.83295e-07
-8.43301e-07
-2.33886e-07
-8.85247e-07
-2.83117e-07
-8.82733e-07
-3.32736e-07
-8.52896e-07
-3.82039e-07
-8.05503e-07
-4.29408e-07
-7.4517e-07
-4.73327e-07
-6.74596e-07
-5.12673e-07
-5.96193e-07
-5.46671e-07
-5.12364e-07
-5.74802e-07
-4.2534e-07
-5.96737e-07
-3.37027e-07
-6.12258e-07
-2.49023e-07
-6.212e-07
-1.62512e-07
-6.23399e-07
-7.86672e-08
-6.18771e-07
1.55537e-09
-6.07303e-07
7.76742e-08
-5.89172e-07
1.48951e-07
-5.64708e-07
2.14817e-07
-5.34383e-07
2.74773e-07
-4.98763e-07
3.28425e-07
-4.58461e-07
3.7549e-07
-4.14083e-07
4.15795e-07
-3.66204e-07
4.49247e-07
-3.15389e-07
4.7579e-07
-2.62205e-07
4.95413e-07
-2.07274e-07
5.08149e-07
-1.51259e-07
5.14128e-07
-9.48552e-08
5.13628e-07
-3.88852e-08
5.07136e-07
1.57198e-08
4.95166e-07
6.83666e-08
4.78215e-07
1.18694e-07
4.57201e-07
1.66356e-07
4.33212e-07
2.1114e-07
4.07196e-07
2.52952e-07
3.80017e-07
2.918e-07
3.52419e-07
3.2777e-07
3.25015e-07
3.61e-07
2.98284e-07
3.91665e-07
2.72585e-07
4.19956e-07
2.48164e-07
4.4607e-07
2.25179e-07
4.702e-07
2.03715e-07
4.92529e-07
1.83803e-07
5.13226e-07
1.65428e-07
5.32446e-07
1.48549e-07
5.50328e-07
1.33104e-07
5.66996e-07
1.19019e-07
5.82559e-07
1.06211e-07
5.97114e-07
9.45962e-08
6.10746e-07
8.40907e-08
6.23531e-07
7.46118e-08
6.35535e-07
6.60803e-08
6.46816e-07
5.84204e-08
6.57427e-07
5.15607e-08
6.67412e-07
4.54335e-08
6.76814e-07
3.9975e-08
6.85669e-07
3.51248e-08
6.94011e-07
3.08263e-08
7.01872e-07
2.70264e-08
7.0928e-07
2.3675e-08
7.16262e-07
2.07251e-08
7.22843e-07
1.81325e-08
7.29047e-07
1.58564e-08
7.34898e-07
1.38591e-08
7.40418e-07
1.21057e-08
7.45626e-07
1.05644e-08
7.50543e-07
9.20586e-09
7.55188e-07
8.00342e-09
7.59578e-07
6.93306e-09
7.63731e-07
5.97319e-09
7.67663e-07
5.1044e-09
7.71388e-07
4.30924e-09
7.7492e-07
3.57223e-09
7.78273e-07
2.87935e-09
7.81458e-07
2.21785e-09
7.84486e-07
1.57621e-09
7.87366e-07
9.43989e-10
7.90109e-07
3.11354e-10
7.92724e-07
-3.31299e-10
7.95217e-07
-9.92194e-10
7.97595e-07
-1.67948e-09
7.99865e-07
-2.40121e-09
8.0203e-07
-3.16567e-09
8.04095e-07
-3.98145e-09
8.06063e-07
-4.85746e-09
8.07938e-07
-5.80316e-09
8.09723e-07
-6.82882e-09
8.1142e-07
-7.94561e-09
8.1303e-07
-9.16592e-09
8.14557e-07
-1.05035e-08
8.16003e-07
-1.19739e-08
8.17371e-07
-1.3594e-08
8.18665e-07
-1.53842e-08
8.1989e-07
-1.73615e-08
8.21058e-07
-1.95615e-08
8.22165e-07
-2.19629e-08
8.23262e-07
-2.4724e-08
-2.7447e-08
8.2422e-07
1.4819e-06
-1.94413e-08
1.48401e-06
-2.14578e-08
1.48592e-06
-2.3968e-08
1.48756e-06
-2.70061e-08
1.48886e-06
-3.06239e-08
1.48973e-06
-3.48461e-08
1.4901e-06
-3.96677e-08
1.48987e-06
-4.50632e-08
1.48895e-06
-5.09846e-08
1.48726e-06
-5.73562e-08
1.48474e-06
-6.40739e-08
1.48133e-06
-7.1009e-08
1.477e-06
-7.80118e-08
1.47174e-06
-8.49165e-08
1.46558e-06
-9.15473e-08
1.45855e-06
-9.77245e-08
1.45072e-06
-1.03272e-07
1.44217e-06
-1.08026e-07
1.43302e-06
-1.11836e-07
1.42338e-06
-1.1458e-07
1.41339e-06
-1.16161e-07
1.40318e-06
-1.16515e-07
1.39289e-06
-1.15612e-07
1.38264e-06
-1.13464e-07
1.37257e-06
-1.10116e-07
1.36278e-06
-1.05655e-07
1.35339e-06
-1.00204e-07
1.34449e-06
-9.39202e-08
1.33615e-06
-8.69925e-08
1.32846e-06
-7.96344e-08
1.32147e-06
-7.20787e-08
1.31524e-06
-6.4571e-08
1.30982e-06
-5.73618e-08
1.30523e-06
-5.07003e-08
1.30149e-06
-4.48274e-08
1.29861e-06
-3.99701e-08
1.29656e-06
-3.63368e-08
1.29532e-06
-3.41138e-08
1.29484e-06
-3.34622e-08
1.29506e-06
-3.45161e-08
1.2959e-06
-3.73807e-08
1.29727e-06
-4.21321e-08
1.29909e-06
-4.88162e-08
1.30126e-06
-5.745e-08
1.30369e-06
-6.80218e-08
1.30631e-06
-8.04933e-08
1.30904e-06
-9.48025e-08
1.31183e-06
-1.10867e-07
1.31464e-06
-1.28584e-07
1.31741e-06
-1.47837e-07
1.32008e-06
-1.6848e-07
1.32249e-06
-1.90331e-07
1.32435e-06
-2.13146e-07
1.32515e-06
-2.36573e-07
1.32403e-06
-2.6011e-07
1.31976e-06
-2.8305e-07
1.31065e-06
-3.04453e-07
1.29465e-06
-3.23168e-07
1.2695e-06
-3.37925e-07
1.23313e-06
-3.47558e-07
1.18415e-06
-3.51329e-07
1.12218e-06
-3.48973e-07
1.04793e-06
-3.40289e-07
9.63827e-07
-3.25452e-07
8.75241e-07
-3.06463e-07
7.89899e-07
-2.86619e-07
7.14152e-07
-2.6676e-07
6.49624e-07
-2.43366e-07
5.93818e-07
-2.11402e-07
5.43111e-07
-1.6734e-07
4.94346e-07
-1.07851e-07
4.43693e-07
-2.60911e-08
3.85489e-07
8.87994e-08
3.1788e-07
2.41223e-07
2.51383e-07
4.05379e-07
2.06834e-07
5.06834e-07
1.89127e-07
4.58146e-07
1.70284e-07
2.62551e-07
1.22734e-07
8.55682e-09
4.25779e-08
-2.38993e-07
-5.37401e-08
-4.63029e-07
-1.44398e-07
-6.4679e-07
-2.19534e-07
-7.68165e-07
-2.81722e-07
-8.23059e-07
-3.37766e-07
-8.26689e-07
-3.92235e-07
-7.98427e-07
-4.46115e-07
-7.51623e-07
-4.9824e-07
-6.93045e-07
-5.46933e-07
-6.25903e-07
-5.90805e-07
-5.52322e-07
-6.2887e-07
-4.74298e-07
-6.60459e-07
-3.93751e-07
-6.85126e-07
-3.1236e-07
-7.02584e-07
-2.31566e-07
-7.1264e-07
-1.52456e-07
-7.15196e-07
-7.61117e-08
-7.10242e-07
-3.3982e-09
-6.97885e-07
6.53174e-08
-6.78385e-07
1.29451e-07
-6.52129e-07
1.88561e-07
-6.19616e-07
2.4226e-07
-5.81426e-07
2.90235e-07
-5.38187e-07
3.3225e-07
-4.90541e-07
3.68149e-07
-4.39136e-07
3.97842e-07
-3.84632e-07
4.21285e-07
-3.27705e-07
4.38486e-07
-2.69069e-07
4.49513e-07
-2.0947e-07
4.5453e-07
-1.49666e-07
4.53823e-07
-9.03716e-08
4.47842e-07
-3.23807e-08
4.37176e-07
2.3499e-08
4.22335e-07
7.68457e-08
4.03855e-07
1.27426e-07
3.82632e-07
1.75011e-07
3.59611e-07
2.19504e-07
3.35524e-07
2.60907e-07
3.11016e-07
2.99299e-07
2.86623e-07
3.34816e-07
2.62768e-07
3.67627e-07
2.39773e-07
3.97926e-07
2.17865e-07
4.25912e-07
1.97193e-07
4.51781e-07
1.77846e-07
4.75723e-07
1.5986e-07
4.97915e-07
1.43236e-07
5.18519e-07
1.27945e-07
5.37683e-07
1.13941e-07
5.55538e-07
1.01164e-07
5.72201e-07
8.95474e-08
5.87777e-07
7.90204e-08
6.02357e-07
6.95108e-08
6.16021e-07
6.09471e-08
6.28842e-07
5.32601e-08
6.40879e-07
4.63827e-08
6.52189e-07
4.02508e-08
6.6282e-07
3.48034e-08
6.72813e-07
2.99818e-08
6.82207e-07
2.573e-08
6.91039e-07
2.19948e-08
6.99339e-07
1.87262e-08
7.07138e-07
1.58765e-08
7.14463e-07
1.34002e-08
7.21341e-07
1.12544e-08
7.27798e-07
9.39948e-09
7.33858e-07
7.7987e-09
7.39546e-07
6.41826e-09
7.44883e-07
5.22725e-09
7.49892e-07
4.19703e-09
7.54593e-07
3.30179e-09
7.59008e-07
2.51865e-09
7.63154e-07
1.8271e-09
7.67049e-07
1.20885e-09
7.70711e-07
6.47643e-10
7.74154e-07
1.28719e-10
7.77395e-07
-3.60942e-10
7.80445e-07
-8.32441e-10
7.83317e-07
-1.29582e-09
7.86021e-07
-1.76034e-09
7.88567e-07
-2.23446e-09
7.90962e-07
-2.72605e-09
7.93212e-07
-3.24264e-09
7.95324e-07
-3.79161e-09
7.97303e-07
-4.38016e-09
7.99153e-07
-5.01556e-09
8.00877e-07
-5.7054e-09
8.02477e-07
-6.45773e-09
8.03955e-07
-7.28117e-09
8.05312e-07
-8.1852e-09
8.06547e-07
-9.18032e-09
8.07659e-07
-1.02784e-08
8.08648e-07
-1.14927e-08
8.09513e-07
-1.28388e-08
8.10253e-07
-1.43337e-08
8.10868e-07
-1.5999e-08
8.11358e-07
-1.78524e-08
8.11732e-07
-1.99352e-08
8.11985e-07
-2.22157e-08
8.12161e-07
-2.49002e-08
-2.74276e-08
8.12142e-07
1.48309e-06
-2.14557e-08
1.48495e-06
-2.33147e-08
1.48657e-06
-2.55939e-08
1.4879e-06
-2.83352e-08
1.48888e-06
-3.1601e-08
1.48944e-06
-3.54042e-08
1.4895e-06
-3.973e-08
1.48899e-06
-4.45529e-08
1.48783e-06
-4.98301e-08
1.48597e-06
-5.54936e-08
1.48335e-06
-6.14515e-08
1.47993e-06
-6.7592e-08
1.47571e-06
-7.37855e-08
1.47068e-06
-7.98885e-08
1.46488e-06
-8.57478e-08
1.45836e-06
-9.12059e-08
1.45119e-06
-9.61069e-08
1.44347e-06
-1.00302e-07
1.43529e-06
-1.03654e-07
1.42675e-06
-1.06044e-07
1.41797e-06
-1.07378e-07
1.40904e-06
-1.07588e-07
1.40007e-06
-1.06637e-07
1.39113e-06
-1.04527e-07
1.38231e-06
-1.01296e-07
1.37368e-06
-9.70227e-08
1.3653e-06
-9.18245e-08
1.35723e-06
-8.58552e-08
1.34954e-06
-7.93016e-08
1.34228e-06
-7.23764e-08
1.33552e-06
-6.53118e-08
1.3293e-06
-5.83514e-08
1.32368e-06
-5.17419e-08
1.3187e-06
-4.57259e-08
1.31441e-06
-4.0535e-08
1.31083e-06
-3.63842e-08
1.30796e-06
-3.34684e-08
1.3058e-06
-3.19585e-08
1.30434e-06
-3.20004e-08
1.30354e-06
-3.37135e-08
1.30335e-06
-3.71902e-08
1.30371e-06
-4.24957e-08
1.30456e-06
-4.96679e-08
1.30583e-06
-5.87166e-08
1.30743e-06
-6.96228e-08
1.30927e-06
-8.23369e-08
1.31125e-06
-9.67764e-08
1.3132e-06
-1.12821e-07
1.31492e-06
-1.30306e-07
1.3161e-06
-1.49014e-07
1.31628e-06
-1.68659e-07
1.31482e-06
-1.88874e-07
1.31086e-06
-2.09184e-07
1.30327e-06
-2.28985e-07
1.29068e-06
-2.47519e-07
1.27149e-06
-2.63862e-07
1.244e-06
-2.76959e-07
1.20654e-06
-2.8571e-07
1.15777e-06
-2.89157e-07
1.097e-06
-2.86786e-07
1.02445e-06
-2.78773e-07
9.41251e-07
-2.65777e-07
8.49966e-07
-2.49004e-07
7.56292e-07
-2.31778e-07
6.69591e-07
-2.19762e-07
5.9831e-07
-2.15338e-07
5.43872e-07
-2.12321e-07
5.00932e-07
-2.00427e-07
4.62901e-07
-1.73371e-07
4.25663e-07
-1.30102e-07
3.87038e-07
-6.92254e-08
3.44831e-07
1.61158e-08
2.97712e-07
1.35919e-07
2.50148e-07
2.88787e-07
2.16131e-07
4.39396e-07
2.10745e-07
5.1222e-07
2.25371e-07
4.4352e-07
2.27756e-07
2.60165e-07
1.91786e-07
4.45268e-08
1.10447e-07
-1.57653e-07
-5.25475e-09
-3.47327e-07
-1.2615e-07
-5.25894e-07
-2.29365e-07
-6.6495e-07
-3.10975e-07
-7.41449e-07
-3.7799e-07
-7.59674e-07
-4.38418e-07
-7.38e-07
-4.96537e-07
-6.93504e-07
-5.52855e-07
-6.36727e-07
-6.06021e-07
-5.72738e-07
-6.54395e-07
-5.03948e-07
-6.96672e-07
-4.32021e-07
-7.31947e-07
-3.58476e-07
-7.59621e-07
-2.84686e-07
-7.79328e-07
-2.11859e-07
-7.90853e-07
-1.40931e-07
-7.94137e-07
-7.28279e-08
-7.89241e-07
-8.29397e-09
-7.76356e-07
5.24322e-08
-7.55815e-07
1.0891e-07
-7.28066e-07
1.60812e-07
-6.93656e-07
2.0785e-07
-6.53203e-07
2.49782e-07
-6.07381e-07
2.86429e-07
-5.56896e-07
3.17664e-07
-5.02472e-07
3.43418e-07
-4.44852e-07
3.63666e-07
-3.84802e-07
3.78436e-07
-3.23106e-07
3.87817e-07
-2.60561e-07
3.91985e-07
-1.97956e-07
3.91218e-07
-1.36024e-07
3.8591e-07
-7.54278e-08
3.76579e-07
-1.68909e-08
3.63798e-07
3.89722e-08
3.47992e-07
9.19843e-08
3.2962e-07
1.41937e-07
3.09658e-07
1.88723e-07
2.88738e-07
2.32336e-07
2.67403e-07
2.72847e-07
2.46111e-07
3.10385e-07
2.25231e-07
3.45114e-07
2.05044e-07
3.77224e-07
1.85755e-07
4.06913e-07
1.67504e-07
4.34379e-07
1.5038e-07
4.59815e-07
1.34425e-07
4.834e-07
1.19651e-07
5.05301e-07
1.06044e-07
5.25669e-07
9.35725e-08
5.4464e-07
8.21933e-08
5.62333e-07
7.18541e-08
5.78855e-07
6.24982e-08
5.94299e-07
5.40665e-08
6.08747e-07
4.64994e-08
6.22269e-07
3.97381e-08
6.34927e-07
3.37247e-08
6.46775e-07
2.84031e-08
6.57859e-07
2.37189e-08
6.68223e-07
1.96185e-08
6.77903e-07
1.60494e-08
6.86937e-07
1.29612e-08
6.95357e-07
1.03058e-08
7.03196e-07
8.03748e-09
7.10486e-07
6.11074e-09
7.17256e-07
4.48374e-09
7.23538e-07
3.11798e-09
7.29359e-07
1.97736e-09
7.34749e-07
1.02801e-09
7.39738e-07
2.38733e-10
7.44352e-07
-4.17409e-10
7.48618e-07
-9.63958e-10
7.52559e-07
-1.42272e-09
7.562e-07
-1.81317e-09
7.59561e-07
-2.15228e-09
7.62663e-07
-2.45485e-09
7.65526e-07
-2.73365e-09
7.68165e-07
-2.9998e-09
7.70595e-07
-3.26318e-09
7.72832e-07
-3.53242e-09
7.74887e-07
-3.8151e-09
7.7677e-07
-4.11805e-09
7.78492e-07
-4.44753e-09
7.80059e-07
-4.8095e-09
7.81477e-07
-5.20978e-09
7.82751e-07
-5.65414e-09
7.83884e-07
-6.14849e-09
7.84877e-07
-6.69913e-09
7.85733e-07
-7.31281e-09
7.86448e-07
-7.99698e-09
7.87023e-07
-8.75995e-09
7.87454e-07
-9.61116e-09
7.87737e-07
-1.05614e-08
7.87868e-07
-1.16233e-08
7.8784e-07
-1.28115e-08
7.8765e-07
-1.41431e-08
7.87291e-07
-1.564e-08
7.86759e-07
-1.73213e-08
7.86057e-07
-1.92324e-08
7.85183e-07
-2.13422e-08
7.84164e-07
-2.38808e-08
-2.62199e-08
7.82956e-07
1.48483e-06
-2.32704e-08
1.4865e-06
-2.49793e-08
1.4879e-06
-2.6994e-08
1.48899e-06
-2.94218e-08
1.48972e-06
-3.23364e-08
1.49005e-06
-3.57345e-08
1.48992e-06
-3.9597e-08
1.48927e-06
-4.39039e-08
1.48806e-06
-4.86178e-08
1.48624e-06
-5.36786e-08
1.4838e-06
-5.90066e-08
1.48071e-06
-6.45058e-08
1.47699e-06
-7.00632e-08
1.47265e-06
-7.55518e-08
1.46774e-06
-8.08329e-08
1.46229e-06
-8.57606e-08
1.45637e-06
-9.01864e-08
1.45003e-06
-9.39645e-08
1.44334e-06
-9.69575e-08
1.43634e-06
-9.90432e-08
1.42908e-06
-1.00121e-07
1.42161e-06
-1.00117e-07
1.41397e-06
-9.89937e-08
1.40619e-06
-9.67503e-08
1.39832e-06
-9.34281e-08
1.39041e-06
-8.91112e-08
1.38251e-06
-8.39249e-08
1.37469e-06
-7.80316e-08
1.36701e-06
-7.16257e-08
1.35956e-06
-6.49257e-08
1.35241e-06
-5.81662e-08
1.34565e-06
-5.15892e-08
1.33935e-06
-4.54362e-08
1.33356e-06
-3.99404e-08
1.32835e-06
-3.53206e-08
1.32374e-06
-3.17769e-08
1.31976e-06
-2.94864e-08
1.3164e-06
-2.86017e-08
1.31365e-06
-2.92494e-08
1.31146e-06
-3.15296e-08
1.30979e-06
-3.55146e-08
1.30854e-06
-4.12481e-08
1.30762e-06
-4.8743e-08
1.30688e-06
-5.79783e-08
1.30615e-06
-6.8894e-08
1.3052e-06
-8.13849e-08
1.30372e-06
-9.52937e-08
1.3013e-06
-1.10404e-07
1.29742e-06
-1.26431e-07
1.29143e-06
-1.43019e-07
1.2825e-06
-1.59735e-07
1.26969e-06
-1.7606e-07
1.25189e-06
-1.9139e-07
1.22794e-06
-2.05032e-07
1.19663e-06
-2.16211e-07
1.15686e-06
-2.24092e-07
1.10774e-06
-2.27835e-07
1.04874e-06
-2.26714e-07
9.79903e-07
-2.20318e-07
9.019e-07
-2.08783e-07
8.15944e-07
-1.92817e-07
7.24007e-07
-1.7384e-07
6.30696e-07
-1.55693e-07
5.45428e-07
-1.46509e-07
4.78717e-07
-1.53051e-07
4.33073e-07
-1.69694e-07
4.01148e-07
-1.80396e-07
3.73607e-07
-1.72887e-07
3.45381e-07
-1.45145e-07
3.15263e-07
-9.99832e-08
2.82983e-07
-3.69453e-08
2.48852e-07
5.02465e-08
2.16152e-07
1.68619e-07
1.93792e-07
3.11147e-07
1.95792e-07
4.37396e-07
2.28139e-07
4.79872e-07
2.72058e-07
3.99601e-07
2.963e-07
2.35923e-07
2.79239e-07
6.15879e-08
2.1032e-07
-8.87342e-08
8.9951e-08
-2.26958e-07
-5.87888e-08
-3.77155e-07
-1.99108e-07
-5.24631e-07
-3.12091e-07
-6.28466e-07
-3.99444e-07
-6.72321e-07
-4.7059e-07
-6.66854e-07
-5.34035e-07
-6.30059e-07
-5.93914e-07
-5.76849e-07
-6.50652e-07
-5.15999e-07
-7.02958e-07
-4.51642e-07
-7.49242e-07
-3.85737e-07
-7.88235e-07
-3.19483e-07
-8.1908e-07
-2.53841e-07
-8.41271e-07
-1.89667e-07
-8.54551e-07
-1.27652e-07
-8.58884e-07
-6.84949e-08
-8.54389e-07
-1.27898e-08
-8.41323e-07
3.93666e-08
-8.201e-07
8.76871e-08
-7.91235e-07
1.31948e-07
-7.55336e-07
1.7195e-07
-7.1308e-07
2.07526e-07
-6.65199e-07
2.38548e-07
-6.12463e-07
2.64929e-07
-5.55669e-07
2.86624e-07
-4.95632e-07
3.03628e-07
-4.33178e-07
3.15982e-07
-3.69142e-07
3.23782e-07
-3.04354e-07
3.27197e-07
-2.39611e-07
3.26476e-07
-1.75659e-07
3.21957e-07
-1.13137e-07
3.14056e-07
-5.26246e-08
3.03286e-07
5.30443e-09
2.90063e-07
6.02509e-08
2.74674e-07
1.12138e-07
2.57771e-07
1.60829e-07
2.40047e-07
2.06306e-07
2.21926e-07
2.48628e-07
2.03789e-07
2.87913e-07
1.85947e-07
3.24317e-07
1.68639e-07
3.58024e-07
1.52048e-07
3.89227e-07
1.36302e-07
4.1812e-07
1.21486e-07
4.44894e-07
1.07652e-07
4.69723e-07
9.4821e-08
4.92772e-07
8.2995e-08
5.14186e-07
7.21586e-08
5.34095e-07
6.22845e-08
5.52612e-07
5.33368e-08
5.69837e-07
4.52735e-08
5.85854e-07
3.80486e-08
6.0074e-07
3.16139e-08
6.14558e-07
2.59203e-08
6.27365e-07
2.09174e-08
6.39214e-07
1.65546e-08
6.5015e-07
1.27819e-08
6.6022e-07
9.54864e-09
6.69467e-07
6.80286e-09
6.77934e-07
4.49408e-09
6.85667e-07
2.57249e-09
6.92713e-07
9.91754e-10
6.99113e-07
-2.89135e-10
7.04906e-07
-1.30907e-09
7.10132e-07
-2.10811e-09
7.14833e-07
-2.72351e-09
7.19049e-07
-3.18868e-09
7.22821e-07
-3.53321e-09
7.26188e-07
-3.78361e-09
7.29187e-07
-3.96294e-09
7.31854e-07
-4.09056e-09
7.34224e-07
-4.18285e-09
7.36325e-07
-4.25365e-09
7.38185e-07
-4.31453e-09
7.39827e-07
-4.37514e-09
7.4127e-07
-4.44357e-09
7.42534e-07
-4.5267e-09
7.43632e-07
-4.63037e-09
7.44576e-07
-4.75964e-09
7.45377e-07
-4.91894e-09
7.46042e-07
-5.11235e-09
7.46576e-07
-5.34376e-09
7.46984e-07
-5.61706e-09
7.47266e-07
-5.93627e-09
7.47423e-07
-6.30566e-09
7.47454e-07
-6.72993e-09
7.47355e-07
-7.21433e-09
7.47123e-07
-7.76486e-09
7.46752e-07
-8.3884e-09
7.46233e-07
-9.093e-09
7.4556e-07
-9.88809e-09
7.44722e-07
-1.07849e-08
7.43707e-07
-1.1797e-08
7.42505e-07
-1.29406e-08
7.41102e-07
-1.4237e-08
7.39488e-07
-1.57074e-08
7.37653e-07
-1.73977e-08
7.35606e-07
-1.92947e-08
7.33335e-07
-2.16102e-08
-2.38257e-08
7.30941e-07
1.48832e-06
-2.50995e-08
1.49e-06
-2.66558e-08
1.49144e-06
-2.84321e-08
1.49263e-06
-3.06103e-08
1.49353e-06
-3.32434e-08
1.49411e-06
-3.63077e-08
1.4943e-06
-3.97924e-08
1.49408e-06
-4.3685e-08
1.49342e-06
-4.79491e-08
1.49226e-06
-5.2526e-08
1.4906e-06
-5.73408e-08
1.48839e-06
-6.23019e-08
1.48563e-06
-6.73009e-08
1.48229e-06
-7.22135e-08
1.47836e-06
-7.69034e-08
1.47383e-06
-8.12259e-08
1.46868e-06
-8.50339e-08
1.4629e-06
-8.81839e-08
1.45648e-06
-9.05429e-08
1.44943e-06
-9.19966e-08
1.44177e-06
-9.24559e-08
1.43352e-06
-9.18643e-08
1.42473e-06
-9.02025e-08
1.41547e-06
-8.74919e-08
1.40584e-06
-8.37956e-08
1.39594e-06
-7.92172e-08
1.38591e-06
-7.38968e-08
1.37589e-06
-6.8006e-08
1.366e-06
-6.17406e-08
1.35639e-06
-5.5313e-08
1.34717e-06
-4.89446e-08
1.33844e-06
-4.28579e-08
1.33027e-06
-3.727e-08
1.32272e-06
-3.23869e-08
1.31579e-06
-2.83984e-08
1.30949e-06
-2.54749e-08
1.30377e-06
-2.37645e-08
1.29856e-06
-2.33914e-08
1.29377e-06
-2.44538e-08
1.28926e-06
-2.70228e-08
1.28488e-06
-3.11394e-08
1.28045e-06
-3.68119e-08
1.27572e-06
-4.40119e-08
1.27041e-06
-5.26687e-08
1.26418e-06
-6.2663e-08
1.25661e-06
-7.38213e-08
1.24723e-06
-8.5909e-08
1.23545e-06
-9.86265e-08
1.22062e-06
-1.11606e-07
1.20201e-06
-1.24409e-07
1.17881e-06
-1.36535e-07
1.15018e-06
-1.47424e-07
1.11528e-06
-1.56485e-07
1.07336e-06
-1.63121e-07
1.02392e-06
-1.66765e-07
9.66735e-07
-1.66908e-07
9.02044e-07
-1.63144e-07
8.30581e-07
-1.55251e-07
7.5352e-07
-1.43257e-07
6.72189e-07
-1.27452e-07
5.87906e-07
-1.08534e-07
5.03339e-07
-8.92728e-08
4.25534e-07
-7.78881e-08
3.64656e-07
-8.56312e-08
3.24497e-07
-1.12892e-07
2.98036e-07
-1.43233e-07
2.75357e-07
-1.57716e-07
2.5137e-07
-1.489e-07
2.25655e-07
-1.19429e-07
1.99369e-07
-7.36972e-08
1.73924e-07
-1.15004e-08
1.51867e-07
7.23029e-08
1.39627e-07
1.80859e-07
1.47548e-07
3.03227e-07
1.86004e-07
3.9894e-07
2.51211e-07
4.14665e-07
3.1881e-07
3.32002e-07
3.62241e-07
1.92492e-07
3.66331e-07
5.74981e-08
3.21707e-07
-4.411e-08
2.19924e-07
-1.25176e-07
6.51666e-08
-2.22397e-07
-1.09443e-07
-3.50021e-07
-2.65018e-07
-4.72892e-07
-3.87775e-07
-5.49563e-07
-4.8188e-07
-5.72748e-07
-5.57396e-07
-5.54543e-07
-6.2287e-07
-5.11375e-07
-6.827e-07
-4.56168e-07
-7.37798e-07
-3.96544e-07
-7.87175e-07
-3.3636e-07
-8.29384e-07
-2.77275e-07
-8.63225e-07
-2.19999e-07
-8.87934e-07
-1.64958e-07
-9.03134e-07
-1.12451e-07
-9.08761e-07
-6.28687e-08
-9.04975e-07
-1.6575e-08
-8.92086e-07
2.6477e-08
-8.7059e-07
6.61915e-08
-8.41077e-07
1.02435e-07
-8.04213e-07
1.35086e-07
-7.60737e-07
1.64049e-07
-7.11438e-07
1.89249e-07
-6.57147e-07
2.10638e-07
-5.98716e-07
2.28193e-07
-5.37012e-07
2.41924e-07
-4.72907e-07
2.51877e-07
-4.07266e-07
2.58141e-07
-3.40932e-07
2.60862e-07
-2.74703e-07
2.60248e-07
-2.09315e-07
2.56568e-07
-1.45408e-07
2.50149e-07
-8.34796e-08
2.41358e-07
-2.41021e-08
2.30685e-07
3.23708e-08
2.18201e-07
8.5772e-08
2.0437e-07
1.35991e-07
1.89827e-07
1.82993e-07
1.74924e-07
2.26819e-07
1.59963e-07
2.6757e-07
1.45196e-07
3.05388e-07
1.30821e-07
3.40442e-07
1.16994e-07
3.7291e-07
1.03834e-07
4.02968e-07
9.14272e-08
4.30788e-07
7.98318e-08
4.56525e-07
6.90841e-08
4.80319e-07
5.92014e-08
5.02292e-07
5.01852e-08
5.22552e-07
4.20245e-08
5.41192e-07
3.46972e-08
5.58293e-07
2.81722e-08
5.7393e-07
2.24115e-08
5.88172e-07
1.73719e-08
6.01085e-07
1.30071e-08
6.12737e-07
9.26598e-09
6.23196e-07
6.09521e-09
6.32536e-07
3.44193e-09
6.40828e-07
1.25704e-09
6.48136e-07
-5.04919e-10
6.54523e-07
-1.89344e-09
6.60057e-07
-2.96185e-09
6.64809e-07
-3.76022e-09
6.68856e-07
-4.33557e-09
6.72277e-07
-4.72976e-09
6.75147e-07
-4.97853e-09
6.77537e-07
-5.11343e-09
6.7951e-07
-5.16177e-09
6.81124e-07
-5.1468e-09
6.82428e-07
-5.08828e-09
6.83468e-07
-5.00281e-09
6.84281e-07
-4.90382e-09
6.84901e-07
-4.8021e-09
6.85353e-07
-4.70628e-09
6.85662e-07
-4.62321e-09
6.85845e-07
-4.55831e-09
6.85917e-07
-4.51587e-09
6.8589e-07
-4.49935e-09
6.85771e-07
-4.51159e-09
6.85567e-07
-4.55497e-09
6.85279e-07
-4.63157e-09
6.8491e-07
-4.74339e-09
6.84459e-07
-4.89242e-09
6.83923e-07
-5.08087e-09
6.83298e-07
-5.31116e-09
6.82578e-07
-5.5861e-09
6.81757e-07
-5.90898e-09
6.80827e-07
-6.2837e-09
6.79776e-07
-6.71484e-09
6.78596e-07
-7.20788e-09
6.77272e-07
-7.76936e-09
6.75791e-07
-8.4071e-09
6.74137e-07
-9.13063e-09
6.72292e-07
-9.95166e-09
6.70236e-07
-1.08846e-08
6.67947e-07
-1.19487e-08
6.65407e-07
-1.3167e-08
6.62589e-07
-1.45792e-08
6.59507e-07
-1.62127e-08
6.56097e-07
-1.82003e-08
-2.03935e-08
6.52664e-07
1.50022e-06
-2.76043e-08
1.50236e-06
-2.87869e-08
1.50413e-06
-3.02097e-08
1.50561e-06
-3.20914e-08
1.50675e-06
-3.43756e-08
1.50745e-06
-3.70114e-08
1.50765e-06
-3.99925e-08
1.50727e-06
-4.32996e-08
1.5062e-06
-4.68873e-08
1.50437e-06
-5.06949e-08
1.50168e-06
-5.46483e-08
1.49804e-06
-5.8659e-08
1.49336e-06
-6.26239e-08
1.48757e-06
-6.64277e-08
1.48062e-06
-6.99471e-08
1.47245e-06
-7.30553e-08
1.46304e-06
-7.56276e-08
1.4524e-06
-7.75481e-08
1.44058e-06
-7.87162e-08
1.42763e-06
-7.90532e-08
1.41369e-06
-7.85082e-08
1.39888e-06
-7.70619e-08
1.38341e-06
-7.47295e-08
1.36748e-06
-7.15607e-08
1.35132e-06
-6.76386e-08
1.33518e-06
-6.30756e-08
1.31929e-06
-5.8009e-08
1.30388e-06
-5.25951e-08
1.28915e-06
-4.7003e-08
1.27524e-06
-4.14084e-08
1.26228e-06
-3.59885e-08
1.25034e-06
-3.09167e-08
1.23943e-06
-2.63587e-08
1.22951e-06
-2.2469e-08
1.2205e-06
-1.93885e-08
1.21227e-06
-1.72416e-08
1.20464e-06
-1.61349e-08
1.1974e-06
-1.61541e-08
1.19031e-06
-1.73631e-08
1.18309e-06
-1.98005e-08
1.17543e-06
-2.34769e-08
1.16699e-06
-2.83713e-08
1.1574e-06
-3.44266e-08
1.14628e-06
-4.15437e-08
1.13319e-06
-4.9575e-08
1.11769e-06
-5.83169e-08
1.09928e-06
-6.75023e-08
1.07745e-06
-7.67956e-08
1.05164e-06
-8.57928e-08
1.02126e-06
-9.40314e-08
9.85737e-07
-1.01014e-07
9.44562e-07
-1.0625e-07
8.97381e-07
-1.09305e-07
8.44122e-07
-1.09862e-07
7.85106e-07
-1.0775e-07
7.21141e-07
-1.02943e-07
6.53525e-07
-9.55285e-08
5.83923e-07
-8.56484e-08
5.1398e-07
-7.3314e-08
4.44855e-07
-5.83266e-08
3.77787e-07
-4.14664e-08
3.16528e-07
-2.80132e-08
2.67231e-07
-2.85916e-08
2.32085e-07
-5.04845e-08
2.054e-07
-8.62073e-08
1.80249e-07
-1.18082e-07
1.53925e-07
-1.31392e-07
1.27197e-07
-1.22172e-07
1.01517e-07
-9.37494e-08
7.86436e-08
-5.08243e-08
6.25731e-08
4.57014e-09
5.72746e-08
7.76014e-08
7.10765e-08
1.67057e-07
1.1145e-07
2.62853e-07
1.83024e-07
3.27366e-07
2.73704e-07
3.23986e-07
3.5766e-07
2.48046e-07
4.13944e-07
1.36208e-07
4.35351e-07
3.60905e-08
4.17681e-07
-2.64399e-08
3.51992e-07
-5.9487e-08
2.27652e-07
-9.80568e-08
5.10882e-08
-1.73457e-07
-1.40811e-07
-2.80992e-07
-3.11035e-07
-3.7934e-07
-4.47055e-07
-4.36728e-07
-5.52128e-07
-4.4947e-07
-6.34678e-07
-4.28825e-07
-7.02776e-07
-3.8807e-07
-7.61687e-07
-3.37633e-07
-8.1337e-07
-2.84677e-07
-8.57678e-07
-2.32966e-07
-8.93669e-07
-1.84009e-07
-9.20423e-07
-1.38204e-07
-9.37371e-07
-9.55033e-08
-9.44342e-07
-5.58983e-08
-9.41504e-07
-1.94126e-08
-9.29116e-07
1.40887e-08
-9.07765e-07
4.48409e-08
-8.781e-07
7.27695e-08
-8.40836e-07
9.78224e-08
-7.9676e-07
1.19973e-07
-7.46713e-07
1.39202e-07
-6.91567e-07
1.55492e-07
-6.32218e-07
1.68843e-07
-5.69565e-07
1.79271e-07
-5.04506e-07
1.86818e-07
-4.37921e-07
1.91556e-07
-3.70657e-07
1.93599e-07
-3.03507e-07
1.93098e-07
-2.3719e-07
1.90251e-07
-1.72349e-07
1.85309e-07
-1.09552e-07
1.78561e-07
-4.90817e-08
1.70215e-07
8.50103e-09
1.60618e-07
6.30132e-08
1.49858e-07
1.14399e-07
1.38442e-07
1.62574e-07
1.26748e-07
2.0754e-07
1.14997e-07
2.49357e-07
1.03379e-07
2.88127e-07
9.2051e-08
3.23974e-07
8.11472e-08
3.57029e-07
7.07791e-08
3.87421e-07
6.10351e-08
4.15272e-07
5.19815e-08
4.40691e-07
4.36644e-08
4.63782e-07
3.61105e-08
4.84639e-07
2.93287e-08
5.03352e-07
2.33111e-08
5.20014e-07
1.8035e-08
5.34722e-07
1.34641e-08
5.47582e-07
9.55142e-09
5.58711e-07
6.24334e-09
5.68231e-07
3.4873e-09
5.76268e-07
1.22891e-09
5.82944e-07
-5.80647e-10
5.88383e-07
-1.99739e-09
5.9272e-07
-3.07987e-09
5.96098e-07
-3.88293e-09
5.98659e-07
-4.45421e-09
6.00531e-07
-4.8343e-09
6.01831e-07
-5.05965e-09
6.02658e-07
-5.16294e-09
6.03101e-07
-5.17249e-09
6.03234e-07
-5.11191e-09
6.03122e-07
-5.00112e-09
6.02817e-07
-4.85691e-09
6.02363e-07
-4.69318e-09
6.01796e-07
-4.52132e-09
6.01144e-07
-4.35053e-09
6.00428e-07
-4.18794e-09
5.99665e-07
-4.03891e-09
5.98866e-07
-3.90746e-09
5.9804e-07
-3.79656e-09
5.9719e-07
-3.70834e-09
5.96318e-07
-3.64438e-09
5.95425e-07
-3.60583e-09
5.94507e-07
-3.59361e-09
5.9356e-07
-3.60845e-09
5.9258e-07
-3.65108e-09
5.91558e-07
-3.72226e-09
5.90489e-07
-3.82294e-09
5.89362e-07
-3.95428e-09
5.88169e-07
-4.11779e-09
5.86898e-07
-4.31529e-09
5.85538e-07
-4.5491e-09
5.84077e-07
-4.822e-09
5.82499e-07
-5.13739e-09
5.80791e-07
-5.49934e-09
5.78934e-07
-5.91283e-09
5.76911e-07
-6.38381e-09
5.747e-07
-6.91965e-09
5.72277e-07
-7.52937e-09
5.69618e-07
-8.22479e-09
5.66689e-07
-9.02027e-09
5.63462e-07
-9.93978e-09
5.59887e-07
-1.10046e-08
5.5598e-07
-1.2305e-08
5.51593e-07
-1.38142e-08
-1.61171e-08
5.47317e-07
1.51234e-06
-2.76533e-08
1.51129e-06
-2.77346e-08
1.5093e-06
-2.82206e-08
1.50642e-06
-2.9219e-08
1.50259e-06
-3.05403e-08
1.49773e-06
-3.21553e-08
1.4918e-06
-3.40561e-08
1.4847e-06
-3.61982e-08
1.47633e-06
-3.85245e-08
1.46661e-06
-4.09772e-08
1.45546e-06
-4.34928e-08
1.4428e-06
-4.59977e-08
1.42858e-06
-4.84084e-08
1.41279e-06
-5.06353e-08
1.39543e-06
-5.25864e-08
1.37655e-06
-5.41713e-08
1.35622e-06
-5.53064e-08
1.3346e-06
-5.59195e-08
1.31183e-06
-5.59553e-08
1.28816e-06
-5.53791e-08
1.26383e-06
-5.41796e-08
1.23914e-06
-5.23702e-08
1.2144e-06
-4.99884e-08
1.18993e-06
-4.70944e-08
1.16606e-06
-4.37674e-08
1.14309e-06
-4.01019e-08
1.12128e-06
-3.62033e-08
1.10087e-06
-3.21836e-08
1.08202e-06
-2.81572e-08
1.06485e-06
-2.42379e-08
1.0494e-06
-2.05357e-08
1.03564e-06
-1.71553e-08
1.02348e-06
-1.41941e-08
1.01275e-06
-1.17421e-08
1.00324e-06
-9.88023e-09
9.94679e-07
-8.68066e-09
9.8675e-07
-8.20575e-09
9.79103e-07
-8.50713e-09
9.71363e-07
-9.62333e-09
9.6314e-07
-1.15768e-08
9.54032e-07
-1.43691e-08
9.43636e-07
-1.79754e-08
9.31545e-07
-2.23357e-08
9.17348e-07
-2.73465e-08
9.00624e-07
-3.28508e-08
8.80937e-07
-3.86304e-08
8.57838e-07
-4.44033e-08
8.30873e-07
-4.98306e-08
7.99616e-07
-5.45356e-08
7.6372e-07
-5.81358e-08
7.22994e-07
-6.02875e-08
6.77482e-07
-6.07384e-08
6.27559e-07
-5.93809e-08
5.73987e-07
-5.62902e-08
5.17965e-07
-5.1728e-08
4.61103e-07
-4.6081e-08
4.05261e-07
-3.96861e-08
3.52148e-07
-3.25358e-08
3.02886e-07
-2.4052e-08
2.58416e-07
-1.38567e-08
2.20676e-07
-3.7259e-09
1.91595e-07
1.06725e-09
1.68758e-07
-5.75397e-09
1.4503e-07
-2.6757e-08
1.14748e-07
-5.59253e-08
7.91146e-08
-8.24488e-08
4.25902e-08
-9.48677e-08
9.97033e-09
-8.95525e-08
-1.5674e-08
-6.81051e-08
-3.34587e-08
-3.30396e-08
-3.73174e-08
8.42885e-09
-2.22436e-08
6.25276e-08
1.62402e-08
1.28573e-07
8.66074e-08
1.92486e-07
1.84834e-07
2.29139e-07
2.92994e-07
2.15826e-07
3.86348e-07
1.54692e-07
4.48764e-07
7.3792e-08
4.77444e-07
7.41026e-09
4.75731e-07
-2.47267e-08
4.44335e-07
-2.80905e-08
3.73273e-07
-2.69951e-08
2.47915e-07
-4.8099e-08
7.01123e-08
-1.03189e-07
-1.29009e-07
-1.80219e-07
-3.14001e-07
-2.51737e-07
-4.69689e-07
-2.93781e-07
-5.93742e-07
-3.04772e-07
-6.90269e-07
-2.91544e-07
-7.65944e-07
-2.61958e-07
-8.26268e-07
-2.24353e-07
-8.74669e-07
-1.84565e-07
-9.12751e-07
-1.45927e-07
-9.40964e-07
-1.09991e-07
-9.59228e-07
-7.72391e-08
-9.67408e-07
-4.77181e-08
-9.65702e-07
-2.11182e-08
-9.54097e-07
2.48288e-09
-9.33256e-07
2.40005e-08
-9.03869e-07
4.33821e-08
-8.66681e-07
6.06346e-08
-8.22524e-07
7.58161e-08
-7.72276e-07
8.89546e-08
-7.16846e-07
1.00062e-07
-6.57151e-07
1.09148e-07
-5.94112e-07
1.16232e-07
-5.2864e-07
1.21345e-07
-4.61616e-07
1.24533e-07
-3.93891e-07
1.25873e-07
-3.26257e-07
1.25464e-07
-2.59434e-07
1.23428e-07
-1.94053e-07
1.19927e-07
-1.30666e-07
1.15174e-07
-6.97488e-08
1.09298e-07
-1.16555e-08
1.02525e-07
4.33149e-08
9.48871e-08
9.50383e-08
8.67186e-08
1.43384e-07
7.84021e-08
1.88247e-07
7.01346e-08
2.296e-07
6.20258e-08
2.67468e-07
5.4183e-08
3.01904e-07
4.67109e-08
3.32983e-07
3.97001e-08
3.60797e-07
3.32217e-08
3.85453e-07
2.73253e-08
4.07078e-07
2.20392e-08
4.25817e-07
1.73713e-08
4.41835e-07
1.3311e-08
4.55314e-07
9.83225e-09
4.66453e-07
6.89614e-09
4.75463e-07
4.45403e-09
4.82564e-07
2.45042e-09
4.87981e-07
8.26248e-10
4.91934e-07
-4.66183e-10
4.9465e-07
-1.48696e-09
4.96342e-07
-2.27244e-09
4.97204e-07
-2.85924e-09
4.97403e-07
-3.27912e-09
4.97082e-07
-3.56201e-09
4.96361e-07
-3.73362e-09
4.95342e-07
-3.81534e-09
4.94109e-07
-3.8259e-09
4.92728e-07
-3.78191e-09
4.91253e-07
-3.69775e-09
4.89726e-07
-3.58537e-09
4.8818e-07
-3.45482e-09
4.86638e-07
-3.31459e-09
4.85116e-07
-3.17165e-09
4.83627e-07
-3.03161e-09
4.82175e-07
-2.8989e-09
4.80764e-07
-2.77679e-09
4.79392e-07
-2.66761e-09
4.78058e-07
-2.57298e-09
4.76755e-07
-2.49399e-09
4.75478e-07
-2.43137e-09
4.7422e-07
-2.38557e-09
4.72971e-07
-2.35692e-09
4.71723e-07
-2.34565e-09
4.70466e-07
-2.35199e-09
4.69191e-07
-2.3762e-09
4.67888e-07
-2.4186e-09
4.66545e-07
-2.47971e-09
4.6515e-07
-2.5602e-09
4.63694e-07
-2.66098e-09
4.62162e-07
-2.78323e-09
4.60541e-07
-2.92842e-09
4.58817e-07
-3.09833e-09
4.56975e-07
-3.29516e-09
4.54997e-07
-3.52152e-09
4.52865e-07
-3.7806e-09
4.50557e-07
-4.07619e-09
4.48051e-07
-4.41307e-09
4.45318e-07
-4.79686e-09
4.42329e-07
-5.23597e-09
4.39047e-07
-5.73747e-09
4.35433e-07
-6.32584e-09
4.31413e-07
-6.98503e-09
4.26989e-07
-7.88133e-09
4.21852e-07
-8.67714e-09
-1.12288e-08
4.16964e-07
1.3939e-06
-1.42074e-08
1.37957e-06
-1.34071e-08
1.36501e-06
-1.3666e-08
1.35006e-06
-1.42701e-08
1.33455e-06
-1.50232e-08
1.31838e-06
-1.59888e-08
1.30147e-06
-1.71496e-08
1.28371e-06
-1.8434e-08
1.26496e-06
-1.97766e-08
1.24511e-06
-2.11265e-08
1.22406e-06
-2.24378e-08
1.20172e-06
-2.36629e-08
1.17807e-06
-2.4754e-08
1.1531e-06
-2.56646e-08
1.12686e-06
-2.63523e-08
1.09947e-06
-2.67802e-08
1.07108e-06
-2.69197e-08
1.04192e-06
-2.67518e-08
1.01223e-06
-2.62689e-08
9.82327e-07
-2.54754e-08
9.52535e-07
-2.43874e-08
9.23196e-07
-2.3032e-08
8.94653e-07
-2.14454e-08
8.6723e-07
-1.96714e-08
8.41222e-07
-1.77587e-08
8.1688e-07
-1.57597e-08
7.94404e-07
-1.37281e-08
7.73939e-07
-1.17179e-08
7.55564e-07
-9.7826e-09
7.393e-07
-7.97417e-09
7.25107e-07
-6.34248e-09
7.12887e-07
-4.93487e-09
7.02488e-07
-3.79536e-09
6.9371e-07
-2.96406e-09
6.86306e-07
-2.47593e-09
6.79984e-07
-2.35954e-09
6.74414e-07
-2.63556e-09
6.69223e-07
-3.31544e-09
6.63998e-07
-4.39898e-09
6.58293e-07
-5.87161e-09
6.51625e-07
-7.70105e-09
6.43483e-07
-9.8339e-09
6.3334e-07
-1.21923e-08
6.20666e-07
-1.46719e-08
6.04956e-07
-1.71408e-08
5.85767e-07
-1.94419e-08
5.62765e-07
-2.14009e-08
5.35774e-07
-2.28398e-08
5.04835e-07
-2.35966e-08
4.70246e-07
-2.35473e-08
4.32586e-07
-2.26275e-08
3.92702e-07
-2.08546e-08
3.51681e-07
-1.83599e-08
3.10815e-07
-1.54241e-08
2.71546e-07
-1.24587e-08
2.35313e-07
-9.84833e-09
2.03308e-07
-7.68022e-09
1.7632e-07
-5.54773e-09
1.54905e-07
-2.63757e-09
1.39913e-07
1.13572e-09
1.31155e-07
5.03214e-09
1.26e-07
6.22228e-09
1.18143e-07
2.10261e-09
9.83845e-08
-6.99838e-09
6.31791e-08
-2.07199e-08
1.6289e-08
-3.55586e-08
-3.25982e-08
-4.59806e-08
-7.43291e-08
-4.78216e-08
-1.03516e-07
-3.89186e-08
-1.16406e-07
-2.01496e-08
-1.10484e-07
2.50704e-09
-7.98578e-08
3.19016e-08
-1.82661e-08
6.69811e-08
7.54151e-08
9.88046e-08
1.91327e-07
1.13227e-07
3.07685e-07
9.94682e-08
4.01342e-07
6.10348e-08
4.58251e-07
1.68829e-08
4.77488e-07
-1.18272e-08
4.71309e-07
-1.85477e-08
4.54276e-07
-1.1057e-08
4.2832e-07
-1.03958e-09
3.79015e-07
1.20577e-09
2.85111e-07
-9.28471e-09
1.38238e-07
-3.33452e-08
-4.5133e-08
-6.83664e-08
-2.34921e-07
-1.03993e-07
-4.088e-07
-1.30893e-07
-5.57073e-07
-1.43271e-07
-6.78155e-07
-1.40876e-07
-7.73139e-07
-1.29369e-07
-8.44913e-07
-1.12791e-07
-8.96965e-07
-9.38748e-08
-9.32638e-07
-7.43184e-08
-9.54751e-07
-5.51256e-08
-9.65509e-07
-3.69599e-08
-9.66351e-07
-2.0277e-08
-9.58037e-07
-5.83077e-09
-9.40347e-07
6.31093e-09
-9.13487e-07
1.65212e-08
-8.78306e-07
2.54541e-08
-8.35762e-07
3.32719e-08
-7.86823e-07
4.00163e-08
-7.32464e-07
4.57017e-08
-6.73653e-07
5.0337e-08
-6.11353e-07
5.39324e-08
-5.4651e-07
5.65023e-08
-4.80047e-07
5.80696e-08
-4.12844e-07
5.86708e-08
-3.45737e-07
5.83563e-08
-2.79506e-07
5.71973e-08
-2.14873e-07
5.52946e-08
-1.52418e-07
5.27192e-08
-9.2743e-08
4.96226e-08
-3.6366e-08
4.61477e-08
1.62365e-08
4.22846e-08
6.48317e-08
3.81234e-08
1.09428e-07
3.38056e-08
1.4981e-07
2.97532e-08
1.85946e-07
2.58899e-08
2.17895e-07
2.22338e-08
2.45781e-07
1.88243e-08
2.69787e-07
1.56946e-08
2.90143e-07
1.28654e-08
3.07123e-07
1.03454e-08
3.21031e-07
8.1316e-09
3.32189e-07
6.21247e-09
3.40931e-07
4.56942e-09
3.47584e-07
3.17962e-09
3.52462e-07
2.01743e-09
3.55858e-07
1.0582e-09
3.58017e-07
2.91361e-10
3.59149e-07
-3.05766e-10
3.59442e-07
-7.5878e-10
3.59057e-07
-1.10223e-09
3.58142e-07
-1.35699e-09
3.56822e-07
-1.53958e-09
3.55206e-07
-1.66315e-09
3.53383e-07
-1.73902e-09
3.51426e-07
-1.7766e-09
3.49394e-07
-1.78346e-09
3.47334e-07
-1.76615e-09
3.45283e-07
-1.73043e-09
3.43267e-07
-1.68136e-09
3.41304e-07
-1.62319e-09
3.39409e-07
-1.55961e-09
3.37588e-07
-1.4938e-09
3.35845e-07
-1.4284e-09
3.34179e-07
-1.36553e-09
3.32587e-07
-1.30685e-09
3.31064e-07
-1.2535e-09
3.29602e-07
-1.20628e-09
3.28195e-07
-1.16571e-09
3.26833e-07
-1.13214e-09
3.25508e-07
-1.10581e-09
3.24209e-07
-1.08688e-09
3.22928e-07
-1.07548e-09
3.21654e-07
-1.07171e-09
3.20377e-07
-1.07568e-09
3.19089e-07
-1.08752e-09
3.17777e-07
-1.1074e-09
3.16433e-07
-1.13556e-09
3.15045e-07
-1.17235e-09
3.13603e-07
-1.21818e-09
3.12093e-07
-1.27361e-09
3.10504e-07
-1.33932e-09
3.08822e-07
-1.41613e-09
3.07032e-07
-1.50502e-09
3.05117e-07
-1.60713e-09
3.0306e-07
-1.72386e-09
3.00841e-07
-1.85683e-09
2.98436e-07
-2.00819e-09
2.95819e-07
-2.18002e-09
2.92961e-07
-2.37727e-09
2.89822e-07
-2.59868e-09
2.86367e-07
-2.87098e-09
2.82511e-07
-3.12894e-09
2.78258e-07
-3.62869e-09
2.73053e-07
-3.47209e-09
-5.80143e-09
2.67626e-07
9.62922e-07
9.49515e-07
9.35849e-07
9.21579e-07
9.06556e-07
8.90567e-07
8.73417e-07
8.54983e-07
8.35207e-07
8.1408e-07
7.91643e-07
7.6798e-07
7.43226e-07
7.17561e-07
6.91209e-07
6.64429e-07
6.37509e-07
6.10757e-07
5.84488e-07
5.59013e-07
5.34625e-07
5.11593e-07
4.90148e-07
4.70477e-07
4.52718e-07
4.36958e-07
4.2323e-07
4.11512e-07
4.0173e-07
3.93755e-07
3.87413e-07
3.82478e-07
3.78683e-07
3.75719e-07
3.73243e-07
3.70883e-07
3.68248e-07
3.64932e-07
3.60533e-07
3.54662e-07
3.46961e-07
3.37127e-07
3.24934e-07
3.10262e-07
2.93122e-07
2.7368e-07
2.52279e-07
2.29439e-07
2.05842e-07
1.82295e-07
1.59668e-07
1.38813e-07
1.20453e-07
1.05029e-07
9.25703e-08
8.2722e-08
7.50418e-08
6.9494e-08
6.68565e-08
6.79922e-08
7.30243e-08
7.92466e-08
8.13492e-08
7.43508e-08
5.36309e-08
1.80723e-08
-2.79083e-08
-7.57299e-08
-1.14649e-07
-1.34798e-07
-1.32291e-07
-1.00389e-07
-3.34083e-08
6.53962e-08
1.78624e-07
2.78092e-07
3.39127e-07
3.5601e-07
3.44182e-07
3.25635e-07
3.14578e-07
3.13538e-07
3.14744e-07
3.05459e-07
2.72114e-07
2.03747e-07
9.97544e-08
-3.11382e-08
-1.74409e-07
-3.15285e-07
-4.44654e-07
-5.57445e-07
-6.5132e-07
-7.25639e-07
-7.80764e-07
-8.17724e-07
-8.38001e-07
-8.43832e-07
-8.37521e-07
-8.21e-07
-7.95546e-07
-7.62274e-07
-7.22257e-07
-6.76556e-07
-6.26219e-07
-5.72286e-07
-5.15784e-07
-4.57714e-07
-3.99044e-07
-3.40687e-07
-2.8349e-07
-2.28195e-07
-1.75476e-07
-1.25854e-07
-7.9706e-08
-3.74214e-08
7.02027e-10
3.45076e-08
6.42609e-08
9.01508e-08
1.12385e-07
1.31209e-07
1.46903e-07
1.59769e-07
1.70114e-07
1.78246e-07
1.84458e-07
1.89028e-07
1.92207e-07
1.94225e-07
1.95283e-07
1.95574e-07
1.95269e-07
1.9451e-07
1.93408e-07
1.92051e-07
1.90511e-07
1.88848e-07
1.87109e-07
1.85332e-07
1.83549e-07
1.81783e-07
1.80052e-07
1.78371e-07
1.76748e-07
1.75188e-07
1.73694e-07
1.72266e-07
1.709e-07
1.69593e-07
1.6834e-07
1.67134e-07
1.65968e-07
1.64836e-07
1.6373e-07
1.62643e-07
1.61568e-07
1.60496e-07
1.5942e-07
1.58333e-07
1.57225e-07
1.5609e-07
1.54917e-07
1.53699e-07
1.52426e-07
1.51086e-07
1.4967e-07
1.48165e-07
1.46558e-07
1.44834e-07
1.42977e-07
1.40969e-07
1.38789e-07
1.36412e-07
1.33813e-07
1.30942e-07
1.27813e-07
1.24185e-07
1.20713e-07
1.14911e-07
1.77877e-07
-3.53623e-08
2.08707e-07
-3.08303e-08
2.34516e-07
-2.58083e-08
2.56445e-07
-2.19292e-08
2.75352e-07
-1.89077e-08
2.91701e-07
-1.63485e-08
3.05869e-07
-1.41677e-08
3.18213e-07
-1.23439e-08
3.29039e-07
-1.08265e-08
3.386e-07
-9.56065e-09
3.47101e-07
-8.50144e-09
3.54712e-07
-7.6112e-09
3.6157e-07
-6.85795e-09
3.67786e-07
-6.21564e-09
3.7345e-07
-5.66393e-09
3.78637e-07
-5.18729e-09
3.83413e-07
-4.77589e-09
3.87835e-07
-4.42234e-09
3.91965e-07
-4.1298e-09
3.95856e-07
-3.89115e-09
3.99598e-07
-3.74126e-09
4.03251e-07
-3.65337e-09
4.07239e-07
-3.9882e-09
4.06982e-07
2.57028e-10
-2.28895e-08
3.4639e-07
-5.93243e-08
3.6886e-07
-5.32997e-08
3.89528e-07
-4.64765e-08
4.07876e-07
-4.02767e-08
4.23787e-07
-3.48196e-08
4.37401e-07
-2.99616e-08
4.48941e-07
-2.57084e-08
4.58649e-07
-2.20516e-08
4.66754e-07
-1.89316e-08
4.73475e-07
-1.62814e-08
4.79011e-07
-1.40374e-08
4.83535e-07
-1.21357e-08
4.87195e-07
-1.05172e-08
4.90111e-07
-9.13178e-09
4.92386e-07
-7.93878e-09
4.94105e-07
-6.90672e-09
4.95343e-07
-6.01379e-09
4.96168e-07
-5.24785e-09
4.96643e-07
-4.60402e-09
4.96853e-07
-4.10138e-09
4.96819e-07
-3.70775e-09
4.96816e-07
-3.65005e-09
4.96342e-07
-3.51361e-09
4.96911e-07
-3.1264e-10
-2.75435e-08
5.07744e-07
-7.68367e-08
5.23898e-07
-6.94529e-08
5.3934e-07
-6.19192e-08
5.53609e-07
-5.45456e-08
5.66388e-07
-4.75981e-08
5.77679e-07
-4.12531e-08
5.87588e-07
-3.56173e-08
5.96217e-07
-3.06806e-08
6.03659e-07
-2.6374e-08
6.10007e-07
-2.26286e-08
6.15346e-07
-1.9377e-08
6.19757e-07
-1.65461e-08
6.23305e-07
-1.40659e-08
6.26051e-07
-1.18778e-08
6.28049e-07
-9.93628e-09
6.2935e-07
-8.20772e-09
6.30007e-07
-6.67068e-09
6.30076e-07
-5.31696e-09
6.29617e-07
-4.14554e-09
6.28707e-07
-3.19135e-09
6.27417e-07
-2.41787e-09
6.25868e-07
-2.10071e-09
6.24206e-07
-1.85201e-09
6.23197e-07
6.9636e-10
-2.86444e-08
6.33953e-07
-8.73589e-08
6.43526e-07
-7.90255e-08
6.52908e-07
-7.1301e-08
6.61885e-07
-6.35225e-08
6.70168e-07
-5.5881e-08
6.77715e-07
-4.88007e-08
6.84574e-07
-4.24764e-08
6.90782e-07
-3.68883e-08
6.96364e-07
-3.19561e-08
7.01344e-07
-2.76087e-08
7.05742e-07
-2.37746e-08
7.09567e-07
-2.03718e-08
7.12821e-07
-1.73195e-08
7.15494e-07
-1.45509e-08
7.17573e-07
-1.20156e-08
7.19046e-07
-9.68021e-09
7.19903e-07
-7.52761e-09
7.20145e-07
-5.55925e-09
7.19788e-07
-3.78859e-09
7.18864e-07
-2.26773e-09
7.17441e-07
-9.94561e-10
7.1555e-07
-2.09946e-10
7.13635e-07
6.35488e-11
7.11764e-07
2.56696e-09
-2.68166e-08
7.1885e-07
-9.19314e-08
7.23199e-07
-8.33747e-08
7.27728e-07
-7.58297e-08
7.32429e-07
-6.82232e-08
7.37098e-07
-6.05505e-08
7.41643e-07
-5.33452e-08
7.46042e-07
-4.68758e-08
7.50278e-07
-4.11243e-08
7.54327e-07
-3.60051e-08
7.58168e-07
-3.14495e-08
7.61781e-07
-2.73877e-08
7.65144e-07
-2.37342e-08
7.68226e-07
-2.04018e-08
7.70991e-07
-1.73163e-08
7.73398e-07
-1.44221e-08
7.754e-07
-1.16824e-08
7.76953e-07
-9.08042e-09
7.78016e-07
-6.62192e-09
7.78559e-07
-4.33175e-09
7.78562e-07
-2.27128e-09
7.78055e-07
-4.86811e-10
7.77001e-07
8.43292e-10
7.75856e-07
1.20874e-09
7.74715e-07
3.70845e-09
-2.43653e-08
7.66863e-07
-9.22239e-08
7.67637e-07
-8.41493e-08
7.68874e-07
-7.70661e-08
7.70658e-07
-7.00071e-08
7.72886e-07
-6.27792e-08
7.75432e-07
-5.58911e-08
7.78217e-07
-4.96604e-08
7.81181e-07
-4.40881e-08
7.84266e-07
-3.90903e-08
7.87419e-07
-3.46026e-08
7.90592e-07
-3.05605e-08
7.93738e-07
-2.68808e-08
7.96811e-07
-2.34746e-08
7.9976e-07
-2.0265e-08
8.02531e-07
-1.71936e-08
8.05071e-07
-1.42224e-08
8.07326e-07
-1.13355e-08
8.09245e-07
-8.54101e-09
8.10786e-07
-5.87249e-09
8.11909e-07
-3.39427e-09
8.12624e-07
-1.20186e-09
8.1286e-07
6.07262e-10
8.12997e-07
1.07218e-09
8.13197e-07
3.50806e-09
-2.23834e-08
7.90961e-07
-8.99671e-08
7.89644e-07
-8.28324e-08
7.88974e-07
-7.63961e-08
7.89023e-07
-7.00559e-08
7.89767e-07
-6.35232e-08
7.91077e-07
-5.72014e-08
7.92843e-07
-5.14265e-08
7.94986e-07
-4.62307e-08
7.97433e-07
-4.1538e-08
8.00118e-07
-3.7287e-08
8.02976e-07
-3.34189e-08
8.0595e-07
-2.98549e-08
8.08983e-07
-2.6507e-08
8.12015e-07
-2.32974e-08
8.14989e-07
-2.01674e-08
8.17846e-07
-1.70796e-08
8.20532e-07
-1.40209e-08
8.22995e-07
-1.1004e-08
8.25194e-07
-8.07191e-09
8.27093e-07
-5.293e-09
8.287e-07
-2.80903e-09
8.29964e-07
-6.56862e-10
8.31159e-07
-1.22661e-10
8.32562e-07
2.10497e-09
-2.13105e-08
8.03925e-07
-8.63988e-08
8.01466e-07
-8.03732e-08
7.99753e-07
-7.46833e-08
7.98799e-07
-6.91023e-08
7.98625e-07
-6.33485e-08
7.99125e-07
-5.77011e-08
8.00181e-07
-5.2483e-08
8.0171e-07
-4.77596e-08
8.0364e-07
-4.34675e-08
8.05899e-07
-3.95462e-08
8.0842e-07
-3.59403e-08
8.11141e-07
-3.25755e-08
8.13999e-07
-2.93652e-08
8.16933e-07
-2.62313e-08
8.1988e-07
-2.3115e-08
8.22781e-07
-1.99804e-08
8.25578e-07
-1.6818e-08
8.28221e-07
-1.36463e-08
8.30667e-07
-1.05187e-08
8.32885e-07
-7.51054e-09
8.34877e-07
-4.80164e-09
8.36627e-07
-2.40628e-09
8.3831e-07
-1.80618e-09
8.40279e-07
1.36505e-10
-2.08962e-08
8.12934e-07
-8.21635e-08
8.09783e-07
-7.72224e-08
8.0742e-07
-7.23196e-08
8.05806e-07
-6.74881e-08
8.04974e-07
-6.25166e-08
8.04852e-07
-5.75798e-08
8.05334e-07
-5.29646e-08
8.06336e-07
-4.87615e-08
8.0779e-07
-4.49218e-08
8.09629e-07
-4.13851e-08
8.11785e-07
-3.80964e-08
8.14194e-07
-3.49842e-08
8.16792e-07
-3.19632e-08
8.19515e-07
-2.89548e-08
8.223e-07
-2.58998e-08
8.25084e-07
-2.2764e-08
8.27807e-07
-1.95413e-08
8.30417e-07
-1.62563e-08
8.32871e-07
-1.29729e-08
8.35136e-07
-9.77577e-09
8.3721e-07
-6.87509e-09
8.39089e-07
-4.2857e-09
8.40877e-07
-3.59385e-09
8.42926e-07
-1.91211e-09
-2.07638e-08
8.20617e-07
-7.75322e-08
8.16966e-07
-7.35719e-08
8.14106e-07
-6.94594e-08
8.11977e-07
-6.53586e-08
8.10606e-07
-6.11459e-08
8.09952e-07
-5.69258e-08
8.09924e-07
-5.29368e-08
8.10445e-07
-4.92824e-08
8.11452e-07
-4.59288e-08
8.12882e-07
-4.28147e-08
8.14668e-07
-3.98832e-08
8.16748e-07
-3.70635e-08
8.19056e-07
-3.42711e-08
8.21527e-07
-3.14261e-08
8.24096e-07
-2.8469e-08
8.26698e-07
-2.53663e-08
8.29273e-07
-2.21159e-08
8.31765e-07
-1.87483e-08
8.34129e-07
-1.53373e-08
8.36332e-07
-1.19784e-08
8.38363e-07
-8.90616e-09
8.40227e-07
-6.1496e-09
8.41968e-07
-5.33511e-09
8.43908e-07
-3.85238e-09
-2.07148e-08
8.27635e-07
-7.26237e-08
8.23592e-07
-6.95286e-08
8.20317e-07
-6.61846e-08
8.17754e-07
-6.27949e-08
8.15919e-07
-5.93117e-08
8.14794e-07
-5.58001e-08
8.14306e-07
-5.24487e-08
8.14385e-07
-4.93617e-08
8.14974e-07
-4.65176e-08
8.16014e-07
-4.38549e-08
8.17443e-07
-4.13122e-08
8.19197e-07
-3.88177e-08
8.21212e-07
-3.62862e-08
8.23423e-07
-3.36365e-08
8.25762e-07
-3.0808e-08
8.28163e-07
-2.7768e-08
8.30565e-07
-2.45175e-08
8.3291e-07
-2.10931e-08
8.35151e-07
-1.75781e-08
8.37252e-07
-1.40794e-08
8.39197e-07
-1.08516e-08
8.40993e-07
-7.94513e-09
8.4264e-07
-6.98282e-09
8.4442e-07
-5.63195e-09
-2.06747e-08
8.34097e-07
-6.75108e-08
8.29746e-07
-6.5178e-08
8.26126e-07
-6.25641e-08
8.23194e-07
-5.98629e-08
8.20961e-07
-5.70791e-08
8.1942e-07
-5.42592e-08
8.18519e-07
-5.15475e-08
8.18196e-07
-4.90391e-08
8.18399e-07
-4.67208e-08
8.19075e-07
-4.45306e-08
8.20165e-07
-4.24019e-08
8.21607e-07
-4.02594e-08
8.23337e-07
-3.80164e-08
8.2529e-07
-3.55897e-08
8.27399e-07
-3.29169e-08
8.29597e-07
-2.99656e-08
8.31819e-07
-2.67399e-08
8.34008e-07
-2.32821e-08
8.36115e-07
-1.96847e-08
8.38101e-07
-1.60659e-08
8.39946e-07
-1.26968e-08
8.41654e-07
-9.65295e-09
8.43195e-07
-8.52369e-09
8.44806e-07
-7.24327e-09
-2.06122e-08
8.40012e-07
-6.22533e-08
8.3543e-07
-6.05959e-08
8.3153e-07
-5.86642e-08
8.28291e-07
-5.66237e-08
8.2572e-07
-5.45086e-08
8.23819e-07
-5.23583e-08
8.22552e-07
-5.02803e-08
8.21868e-07
-4.83548e-08
8.21719e-07
-4.6572e-08
8.22058e-07
-4.48693e-08
8.22829e-07
-4.31736e-08
8.23975e-07
-4.14049e-08
8.25432e-07
-3.94736e-08
8.27136e-07
-3.72936e-08
8.2902e-07
-3.48003e-08
8.31015e-07
-3.19614e-08
8.33058e-07
-2.87832e-08
8.3509e-07
-2.53135e-08
8.37059e-07
-2.16536e-08
8.38926e-07
-1.79332e-08
8.40666e-07
-1.44364e-08
8.42278e-07
-1.12653e-08
8.4371e-07
-9.95511e-09
8.45159e-07
-8.69251e-09
-2.05098e-08
8.454e-07
-5.69038e-08
8.40652e-07
-5.58476e-08
8.36534e-07
-5.45465e-08
8.33044e-07
-5.31335e-08
8.30191e-07
-5.16556e-08
8.27982e-07
-5.01491e-08
8.26394e-07
-4.86924e-08
8.25387e-07
-4.73478e-08
8.2492e-07
-4.61046e-08
8.24949e-07
-4.48985e-08
8.25425e-07
-4.36498e-08
8.26292e-07
-4.22719e-08
8.2749e-07
-4.06711e-08
8.28954e-07
-3.8758e-08
8.30619e-07
-3.64652e-08
8.32417e-07
-3.37594e-08
8.34283e-07
-3.06493e-08
8.36158e-07
-2.71879e-08
8.37988e-07
-2.34843e-08
8.39735e-07
-1.96796e-08
8.41367e-07
-1.60683e-08
8.4288e-07
-1.27785e-08
8.44202e-07
-1.12776e-08
8.45499e-07
-9.98899e-09
-2.03561e-08
8.50296e-07
-5.15064e-08
8.45436e-07
-5.09874e-08
8.41154e-07
-5.02648e-08
8.37463e-07
-4.94427e-08
8.34377e-07
-4.85695e-08
8.31907e-07
-4.76785e-08
8.3004e-07
-4.68258e-08
8.28747e-07
-4.6055e-08
8.27993e-07
-4.53506e-08
8.2774e-07
-4.46456e-08
8.27943e-07
-4.38528e-08
8.2855e-07
-4.28784e-08
8.29502e-07
-4.16233e-08
8.30738e-07
-3.99937e-08
8.32192e-07
-3.79191e-08
8.33797e-07
-3.5365e-08
8.3549e-07
-3.23416e-08
8.37209e-07
-2.89067e-08
8.38901e-07
-2.5177e-08
8.40526e-07
-2.13044e-08
8.42049e-07
-1.75914e-08
8.43461e-07
-1.41907e-08
8.44677e-07
-1.24928e-08
8.4583e-07
-1.1142e-08
-2.01437e-08
8.54742e-07
-4.60967e-08
8.49813e-07
-4.60584e-08
8.45413e-07
-4.58643e-08
8.41565e-07
-4.55946e-08
8.38288e-07
-4.52926e-08
8.35597e-07
-4.4988e-08
8.3349e-07
-4.47188e-08
8.31946e-07
-4.45106e-08
8.30935e-07
-4.43402e-08
8.30426e-07
-4.41363e-08
8.30378e-07
-4.38044e-08
8.30742e-07
-4.32423e-08
8.31463e-07
-4.23443e-08
8.32481e-07
-4.10119e-08
8.33732e-07
-3.91706e-08
8.35151e-07
-3.67842e-08
8.36674e-07
-3.38641e-08
8.3824e-07
-3.04724e-08
8.39795e-07
-2.67329e-08
8.41299e-07
-2.28076e-08
8.42713e-07
-1.90054e-08
8.44023e-07
-1.55012e-08
8.45133e-07
-1.36025e-08
8.46151e-07
-1.21601e-08
-1.98678e-08
8.58784e-07
-4.07012e-08
8.53819e-07
-4.10938e-08
8.49336e-07
-4.13815e-08
8.45367e-07
-4.16255e-08
8.41936e-07
-4.18616e-08
8.39062e-07
-4.21137e-08
8.36748e-07
-4.24054e-08
8.34983e-07
-4.27454e-08
8.33744e-07
-4.31011e-08
8.33003e-07
-4.33953e-08
8.32724e-07
-4.35256e-08
8.32863e-07
-4.3381e-08
8.33367e-07
-4.28485e-08
8.34179e-07
-4.18238e-08
8.35237e-07
-4.02282e-08
8.36476e-07
-3.80231e-08
8.37833e-07
-3.52209e-08
8.39248e-07
-3.18876e-08
8.40668e-07
-2.81534e-08
8.42051e-07
-2.41899e-08
8.43356e-07
-2.03103e-08
8.44564e-07
-1.67096e-08
8.45571e-07
-1.4609e-08
8.46461e-07
-1.30508e-08
-1.95255e-08
8.62462e-07
-3.53395e-08
8.57487e-07
-3.61187e-08
8.5295e-07
-3.68453e-08
8.4889e-07
-3.75656e-08
8.45336e-07
-3.83071e-08
8.42309e-07
-3.90868e-08
8.3982e-07
-3.99159e-08
8.37862e-07
-4.07878e-08
8.3642e-07
-4.1659e-08
8.3547e-07
-4.24454e-08
8.34981e-07
-4.30364e-08
8.34911e-07
-4.33116e-08
8.35213e-07
-4.31499e-08
8.3583e-07
-4.24408e-08
8.36702e-07
-4.11007e-08
8.37768e-07
-3.90885e-08
8.38964e-07
-3.64169e-08
8.40232e-07
-3.31555e-08
8.41519e-07
-2.94404e-08
8.42781e-07
-2.54521e-08
8.43977e-07
-2.15066e-08
8.45084e-07
-1.78165e-08
8.4599e-07
-1.55148e-08
8.4676e-07
-1.38211e-08
-1.91157e-08
8.65812e-07
-3.0025e-08
8.60845e-07
-3.11519e-08
8.56278e-07
-3.22785e-08
8.52153e-07
-3.34399e-08
8.48501e-07
-3.46553e-08
8.45349e-07
-3.59344e-08
8.4271e-07
-3.72772e-08
8.40585e-07
-3.86631e-08
8.38964e-07
-4.00376e-08
8.37826e-07
-4.13081e-08
8.37146e-07
-4.23556e-08
8.36884e-07
-4.30502e-08
8.36996e-07
-4.32621e-08
8.3743e-07
-4.28739e-08
8.38126e-07
-4.17969e-08
8.39024e-07
-3.99871e-08
8.40064e-07
-3.7457e-08
8.41188e-07
-3.42795e-08
8.42344e-07
-3.05961e-08
8.43488e-07
-2.65956e-08
8.44576e-07
-2.25954e-08
8.45582e-07
-1.88226e-08
8.4639e-07
-1.63225e-08
8.47046e-07
-1.44774e-08
-1.86389e-08
8.68866e-07
-2.47669e-08
8.63922e-07
-2.62073e-08
8.59342e-07
-2.7699e-08
8.55171e-07
-2.92689e-08
8.51444e-07
-3.09285e-08
8.4819e-07
-3.26801e-08
8.45426e-07
-3.45131e-08
8.43157e-07
-3.63945e-08
8.41378e-07
-3.82584e-08
8.40073e-07
-4.00032e-08
8.39219e-07
-4.15011e-08
8.38781e-07
-4.26124e-08
8.38717e-07
-4.31983e-08
8.38977e-07
-4.31341e-08
8.39506e-07
-4.23255e-08
8.40244e-07
-4.07254e-08
8.41133e-07
-3.8346e-08
8.42117e-07
-3.52629e-08
8.43144e-07
-3.16228e-08
8.4417e-07
-2.76217e-08
8.45152e-07
-2.35776e-08
8.46059e-07
-1.97291e-08
8.46771e-07
-1.70352e-08
8.47319e-07
-1.50251e-08
-1.80965e-08
8.71651e-07
-1.9571e-08
8.66738e-07
-2.12951e-08
8.6216e-07
-2.31211e-08
8.57961e-07
-2.50697e-08
8.54179e-07
-2.71458e-08
8.50843e-07
-2.93443e-08
8.47975e-07
-3.16449e-08
8.45583e-07
-3.4003e-08
8.43666e-07
-3.63415e-08
8.42212e-07
-3.85495e-08
8.41201e-07
-4.04897e-08
8.40602e-07
-4.20129e-08
8.40374e-07
-4.29711e-08
8.40472e-07
-4.32318e-08
8.40842e-07
-4.2695e-08
8.41426e-07
-4.13102e-08
8.42169e-07
-3.90889e-08
8.43016e-07
-3.61095e-08
8.43916e-07
-3.2523e-08
8.44827e-07
-2.85323e-08
8.45704e-07
-2.44546e-08
8.46512e-07
-2.05376e-08
8.47133e-07
-1.76559e-08
8.47578e-07
-1.54697e-08
-1.74911e-08
8.74188e-07
-1.44414e-08
8.69316e-07
-1.64231e-08
8.64751e-07
-1.85563e-08
8.60538e-07
-2.08568e-08
8.56716e-07
-2.33239e-08
8.53317e-07
-2.59453e-08
8.50363e-07
-2.86918e-08
8.47868e-07
-3.15078e-08
8.45832e-07
-3.43054e-08
8.44247e-07
-3.6964e-08
8.43094e-07
-3.93371e-08
8.42347e-07
-4.12657e-08
8.41968e-07
-4.25924e-08
8.41913e-07
-4.31769e-08
8.42132e-07
-4.29134e-08
8.42569e-07
-4.17477e-08
8.43171e-07
-3.96907e-08
8.43884e-07
-3.68228e-08
8.4466e-07
-3.32994e-08
8.45457e-07
-2.93291e-08
8.46231e-07
-2.52281e-08
8.46943e-07
-2.12498e-08
8.47475e-07
-1.8188e-08
8.47821e-07
-1.58159e-08
-1.68263e-08
8.76497e-07
-9.38033e-09
8.71671e-07
-1.15972e-08
8.67129e-07
-1.40138e-08
8.62914e-07
-1.66422e-08
8.59067e-07
-1.9477e-08
8.55621e-07
-2.24991e-08
8.526e-07
-2.56707e-08
8.50019e-07
-2.8926e-08
8.4788e-07
-3.21669e-08
8.46179e-07
-3.52628e-08
8.449e-07
-3.8058e-08
8.44018e-07
-4.03837e-08
8.43499e-07
-4.20734e-08
8.43301e-07
-4.29789e-08
8.43376e-07
-4.29884e-08
8.43672e-07
-4.2044e-08
8.44137e-07
-4.01558e-08
8.44721e-07
-3.74062e-08
8.45376e-07
-3.39543e-08
8.4606e-07
-3.0014e-08
8.46732e-07
-2.58998e-08
8.4735e-07
-2.18675e-08
8.47797e-07
-1.86352e-08
8.48049e-07
-1.60681e-08
-1.61066e-08
8.78598e-07
-4.38938e-09
8.73823e-07
-6.82213e-09
8.6931e-07
-9.50131e-09
8.65105e-07
-1.24364e-08
8.61246e-07
-1.56178e-08
8.57767e-07
-1.90201e-08
8.54693e-07
-2.25971e-08
8.52041e-07
-2.62737e-08
8.49815e-07
-2.99416e-08
8.48013e-07
-3.34607e-08
8.46621e-07
-3.66658e-08
8.45616e-07
-3.9379e-08
8.44968e-07
-4.14247e-08
8.44635e-07
-4.26467e-08
8.44574e-07
-4.29272e-08
8.44735e-07
-4.22048e-08
8.45068e-07
-4.04887e-08
8.45525e-07
-3.78629e-08
8.46061e-07
-3.44902e-08
8.46636e-07
-3.05889e-08
8.47207e-07
-2.64715e-08
8.47733e-07
-2.23929e-08
8.48099e-07
-1.90013e-08
8.48261e-07
-1.62302e-08
-1.53375e-08
8.80507e-07
5.30721e-10
8.75786e-07
-2.10123e-09
8.7131e-07
-5.02515e-09
8.67122e-07
-8.24835e-09
8.63261e-07
-1.17573e-08
8.59762e-07
-1.55208e-08
8.5665e-07
-1.94847e-08
8.53941e-07
-2.35649e-08
8.51643e-07
-2.76435e-08
8.49753e-07
-3.1571e-08
8.4826e-07
-3.51732e-08
8.47144e-07
-3.8263e-08
8.46376e-07
-4.06561e-08
8.45917e-07
-4.21885e-08
8.45727e-07
-4.27366e-08
8.45758e-07
-4.22355e-08
8.45962e-07
-4.06934e-08
8.46295e-07
-3.8196e-08
8.46715e-07
-3.49095e-08
8.47182e-07
-3.10558e-08
8.47655e-07
-2.6945e-08
8.4809e-07
-2.28279e-08
8.48379e-07
-1.92906e-08
8.48455e-07
-1.63057e-08
-1.45256e-08
8.8224e-07
5.38016e-09
8.77576e-07
2.56279e-09
8.73141e-07
-5.9042e-10
8.68978e-07
-4.08539e-09
8.65126e-07
-7.90507e-09
8.61617e-07
-1.20124e-08
8.58479e-07
-1.63458e-08
8.55726e-07
-2.08124e-08
8.53368e-07
-2.52854e-08
8.51403e-07
-2.96062e-08
8.49822e-07
-3.35916e-08
8.48605e-07
-3.7046e-08
8.47725e-07
-3.97765e-08
8.47148e-07
-4.16118e-08
8.46835e-07
-4.24227e-08
8.4674e-07
-4.21409e-08
8.4682e-07
-4.07737e-08
8.47033e-07
-3.84084e-08
8.47337e-07
-3.52142e-08
8.47698e-07
-3.14162e-08
8.48075e-07
-2.7322e-08
8.48422e-07
-2.31748e-08
8.48639e-07
-1.95074e-08
8.4863e-07
-1.62972e-08
-1.36784e-08
8.83812e-07
1.01601e-08
8.79206e-07
7.16867e-09
8.74817e-07
3.79875e-09
8.70685e-07
4.61392e-11
8.6685e-07
-4.0692e-09
8.63342e-07
-8.50468e-09
8.60187e-07
-1.31913e-08
8.57403e-07
-1.8028e-08
8.54997e-07
-2.28792e-08
8.52968e-07
-2.75776e-08
8.51308e-07
-3.19317e-08
8.5e-07
-3.57376e-08
8.49018e-07
-3.87945e-08
8.4833e-07
-4.09239e-08
8.47899e-07
-4.19914e-08
8.47683e-07
-4.19255e-08
8.47642e-07
-4.07329e-08
8.47736e-07
-3.85024e-08
8.47928e-07
-3.54062e-08
8.48184e-07
-3.16718e-08
8.48466e-07
-2.76038e-08
8.48728e-07
-2.34368e-08
8.4887e-07
-1.96498e-08
8.48796e-07
-1.62225e-08
-1.27807e-08
7.96651e-07
1.44037e-08
7.92555e-07
1.12642e-08
7.88646e-07
7.70776e-09
7.84959e-07
3.73286e-09
7.81528e-07
-6.37439e-10
7.78379e-07
-5.35611e-09
7.75535e-07
-1.03477e-08
7.73012e-07
-1.55041e-08
7.70814e-07
-2.06821e-08
7.68943e-07
-2.57067e-08
7.67391e-07
-3.03795e-08
7.66143e-07
-3.44898e-08
7.65179e-07
-3.78298e-08
7.6447e-07
-4.02152e-08
7.63986e-07
-4.15071e-08
7.63692e-07
-4.16317e-08
7.63554e-07
-4.0595e-08
7.63539e-07
-3.84876e-08
7.63616e-07
-3.54834e-08
7.63759e-07
-3.1814e-08
7.63928e-07
-2.77737e-08
7.64103e-07
-2.36113e-08
7.6413e-07
-1.96771e-08
7.64102e-07
-1.61939e-08
-1.17908e-08
7.97707e-07
1.85931e-08
7.9366e-07
1.53117e-08
7.89792e-07
1.15758e-08
7.86138e-07
7.38622e-09
7.82731e-07
2.76987e-09
7.79596e-07
-2.22127e-09
7.76755e-07
-7.50641e-09
7.74221e-07
-1.29701e-08
7.72001e-07
-1.84618e-08
7.70094e-07
-2.37996e-08
7.68492e-07
-2.87784e-08
7.67184e-07
-3.31809e-08
7.66147e-07
-3.67934e-08
7.65358e-07
-3.94258e-08
7.64786e-07
-4.09354e-08
7.644e-07
-4.1246e-08
7.64169e-07
-4.03635e-08
7.64061e-07
-3.83801e-08
7.6405e-07
-3.54715e-08
7.64109e-07
-3.18731e-08
7.64203e-07
-2.78681e-08
7.64312e-07
-2.37204e-08
7.64282e-07
-1.9647e-08
7.64211e-07
-1.61228e-08
-1.07608e-08
7.98675e-07
2.27296e-08
7.94676e-07
1.93114e-08
7.9085e-07
1.54016e-08
7.87232e-07
1.10038e-08
7.83853e-07
6.149e-09
7.80737e-07
8.94678e-10
7.77904e-07
-4.67297e-09
7.75366e-07
-1.0432e-08
7.73128e-07
-1.62246e-08
7.71191e-07
-2.18622e-08
7.69546e-07
-2.71338e-08
7.68182e-07
-3.18163e-08
7.67078e-07
-3.56899e-08
7.66212e-07
-3.85597e-08
7.65556e-07
-4.02794e-08
7.65081e-07
-4.0771e-08
7.64758e-07
-4.00403e-08
7.64559e-07
-3.81813e-08
7.64459e-07
-3.53716e-08
7.64436e-07
-3.18501e-08
7.64457e-07
-2.78889e-08
7.64501e-07
-2.37643e-08
7.64422e-07
-1.95682e-08
7.64298e-07
-1.59988e-08
-9.71647e-09
7.99561e-07
2.68154e-08
7.95609e-07
2.32637e-08
7.91826e-07
1.91841e-08
7.88247e-07
1.45833e-08
7.84899e-07
9.49682e-09
7.81806e-07
3.98748e-09
7.78986e-07
-1.85234e-09
7.76449e-07
-7.89511e-09
7.742e-07
-1.39759e-08
7.72238e-07
-1.99e-08
7.70555e-07
-2.5451e-08
7.69139e-07
-3.04005e-08
7.67973e-07
-3.45234e-08
7.67034e-07
-3.76205e-08
7.66296e-07
-3.95421e-08
7.65734e-07
-4.02089e-08
7.65321e-07
-3.96272e-08
7.65032e-07
-3.78926e-08
7.64846e-07
-3.51849e-08
7.64741e-07
-3.17458e-08
7.64689e-07
-2.78369e-08
7.6467e-07
-2.37445e-08
7.64544e-07
-1.94421e-08
7.64373e-07
-1.58278e-08
-8.65786e-09
8.00371e-07
3.08528e-08
7.96465e-07
2.71697e-08
7.92726e-07
2.29229e-08
7.89186e-07
1.8123e-08
7.85873e-07
1.28106e-08
7.82806e-07
7.05377e-09
7.80003e-07
9.51031e-10
7.77472e-07
-5.36425e-09
7.75217e-07
-1.17207e-08
7.73235e-07
-1.79179e-08
7.71519e-07
-2.37348e-08
7.70056e-07
-2.89382e-08
7.68831e-07
-3.32983e-08
7.67822e-07
-3.66117e-08
7.67007e-07
-3.87266e-08
7.6636e-07
-3.95624e-08
7.65859e-07
-3.91261e-08
7.65482e-07
-3.75155e-08
7.6521e-07
-3.49123e-08
7.65025e-07
-3.15611e-08
7.64901e-07
-2.7713e-08
7.6482e-07
-2.36629e-08
7.64648e-07
-1.92704e-08
7.64435e-07
-1.56149e-08
-7.58574e-09
8.01108e-07
3.48444e-08
7.97247e-07
3.10309e-08
7.93551e-07
2.66182e-08
7.90053e-07
2.16218e-08
7.86775e-07
1.60882e-08
7.83738e-07
1.00906e-08
7.80956e-07
3.7332e-09
7.78436e-07
-2.84388e-09
7.76179e-07
-9.46375e-09
7.74182e-07
-1.59207e-08
7.72437e-07
-2.199e-08
7.70933e-07
-2.7434e-08
7.69653e-07
-3.20187e-08
7.68579e-07
-3.55373e-08
7.67688e-07
-3.78361e-08
7.6696e-07
-3.88339e-08
7.66372e-07
-3.85389e-08
7.65908e-07
-3.70514e-08
7.65551e-07
-3.4555e-08
7.65287e-07
-3.1297e-08
7.65092e-07
-2.75184e-08
7.6495e-07
-2.35208e-08
7.64735e-07
-1.9055e-08
7.64485e-07
-1.53654e-08
-6.50125e-09
8.01771e-07
3.87934e-08
7.97953e-07
3.48492e-08
7.94301e-07
3.02704e-08
7.90844e-07
2.50785e-08
7.87605e-07
1.93273e-08
7.84601e-07
1.30949e-08
7.81844e-07
6.49027e-09
7.79338e-07
-3.38862e-10
7.77085e-07
-7.21012e-09
7.75078e-07
-1.39139e-08
7.7331e-07
-2.0222e-08
7.71769e-07
-2.5893e-08
7.7044e-07
-3.06892e-08
7.69303e-07
-3.44012e-08
7.68341e-07
-3.68738e-08
7.67533e-07
-3.80261e-08
7.66862e-07
-3.78676e-08
7.66312e-07
-3.65014e-08
7.65871e-07
-3.41137e-08
7.65528e-07
-3.09541e-08
7.65263e-07
-2.72537e-08
7.65062e-07
-2.33197e-08
7.64805e-07
-1.87976e-08
7.64524e-07
-1.50842e-08
-5.40566e-09
8.02356e-07
4.27032e-08
7.98579e-07
3.86266e-08
7.9497e-07
3.38795e-08
7.91556e-07
2.84918e-08
7.88358e-07
2.25253e-08
7.85391e-07
1.60626e-08
7.82663e-07
9.2174e-09
7.8018e-07
2.14504e-09
7.77935e-07
-4.96588e-09
7.75925e-07
-1.19036e-08
7.7414e-07
-1.84369e-08
7.72568e-07
-2.43211e-08
7.71194e-07
-2.93151e-08
7.70001e-07
-3.32077e-08
7.6897e-07
-3.58432e-08
7.68085e-07
-3.71411e-08
7.67331e-07
-3.71134e-08
7.66696e-07
-3.58665e-08
7.66171e-07
-3.35889e-08
7.6575e-07
-3.05326e-08
7.65415e-07
-2.69192e-08
7.65156e-07
-2.30606e-08
7.64858e-07
-1.84999e-08
7.6455e-07
-1.4776e-08
-4.30015e-09
8.02854e-07
4.65768e-08
7.99116e-07
4.2364e-08
7.95551e-07
3.74444e-08
7.92184e-07
3.18587e-08
7.89032e-07
2.56778e-08
7.86106e-07
1.89882e-08
7.83416e-07
1.19077e-08
7.80961e-07
4.60026e-09
7.78734e-07
-2.7392e-09
7.76728e-07
-9.89795e-09
7.74934e-07
-1.66426e-08
7.73338e-07
-2.27251e-08
7.71925e-07
-2.79022e-08
7.70679e-07
-3.19613e-08
7.69583e-07
-3.47471e-08
7.68622e-07
-3.61806e-08
7.67786e-07
-3.62769e-08
7.67065e-07
-3.51461e-08
7.66456e-07
-3.29797e-08
7.65955e-07
-3.00316e-08
7.6555e-07
-2.65144e-08
7.65233e-07
-2.27437e-08
7.64897e-07
-1.8163e-08
7.64566e-07
-1.44452e-08
-3.1855e-09
8.03255e-07
5.0416e-08
7.99558e-07
4.60608e-08
7.96041e-07
4.09616e-08
7.92726e-07
3.51736e-08
7.89626e-07
2.87779e-08
7.86751e-07
2.18628e-08
7.84108e-07
1.45512e-08
7.81692e-07
7.0162e-09
7.79494e-07
-5.40915e-10
7.77503e-07
-7.90729e-09
7.75709e-07
-1.48483e-08
7.74096e-07
-2.11129e-08
7.7265e-07
-2.64562e-08
7.71355e-07
-3.06656e-08
7.70195e-07
-3.35871e-08
7.69158e-07
-3.51444e-08
7.68238e-07
-3.53565e-08
7.6743e-07
-3.43378e-08
7.66733e-07
-3.22832e-08
7.6615e-07
-2.94485e-08
7.65673e-07
-2.60372e-08
7.65297e-07
-2.23679e-08
7.64921e-07
-1.77874e-08
7.64572e-07
-1.40958e-08
-2.06156e-09
8.03556e-07
5.42201e-08
7.99904e-07
4.97132e-08
7.96442e-07
4.44236e-08
7.93189e-07
3.8427e-08
7.90152e-07
3.18144e-08
7.87341e-07
2.46735e-08
7.84759e-07
1.71335e-08
7.82397e-07
9.37855e-09
7.80241e-07
1.61508e-09
7.78278e-07
-5.94428e-09
7.76494e-07
-1.30647e-08
7.74874e-07
-1.94924e-08
7.73399e-07
-2.4982e-08
7.72056e-07
-2.93222e-08
7.70831e-07
-3.2362e-08
7.69715e-07
-3.40286e-08
7.68705e-07
-3.43467e-08
7.67803e-07
-3.34355e-08
7.67013e-07
-3.14934e-08
7.66343e-07
-2.87777e-08
7.65789e-07
-2.54831e-08
7.65351e-07
-2.19303e-08
7.64936e-07
-1.73722e-08
7.64571e-07
-1.37309e-08
-9.26711e-10
8.03774e-07
5.79858e-08
8.00174e-07
5.3313e-08
7.9678e-07
4.78183e-08
7.93602e-07
4.16048e-08
7.90645e-07
3.47712e-08
7.87916e-07
2.74022e-08
7.85414e-07
1.96359e-08
7.83123e-07
1.16692e-08
7.81026e-07
3.71229e-09
7.79105e-07
-4.02306e-09
7.77342e-07
-1.13023e-08
7.7572e-07
-1.78698e-08
7.74219e-07
-2.34812e-08
7.72825e-07
-2.79285e-08
7.71528e-07
-3.10651e-08
7.70324e-07
-3.28241e-08
7.69214e-07
-3.32367e-08
7.68206e-07
-3.24279e-08
7.67313e-07
-3.05995e-08
7.66545e-07
-2.80098e-08
7.65906e-07
-2.48444e-08
7.65401e-07
-2.14253e-08
7.64943e-07
-1.69145e-08
7.64566e-07
-1.33532e-08
2.23492e-10
8.03959e-07
6.17066e-08
8.00425e-07
5.68473e-08
7.97115e-07
5.11283e-08
7.94032e-07
4.46881e-08
7.91175e-07
3.76278e-08
7.88551e-07
3.00266e-08
7.8615e-07
2.20361e-08
7.83952e-07
1.3868e-08
7.8193e-07
5.7336e-09
7.80064e-07
-2.15668e-09
7.7833e-07
-9.56863e-09
7.76707e-07
-1.62464e-08
7.75175e-07
-2.19491e-08
7.7372e-07
-2.64739e-08
7.72337e-07
-2.96817e-08
7.71026e-07
-3.15131e-08
7.69797e-07
-3.20076e-08
7.68665e-07
-3.12963e-08
7.6765e-07
-2.95844e-08
7.6677e-07
-2.713e-08
7.66035e-07
-2.41092e-08
7.65454e-07
-2.08442e-08
7.64949e-07
-1.64097e-08
7.64559e-07
-1.29627e-08
1.39258e-09
8.0422e-07
6.53745e-08
8.00767e-07
6.02996e-08
7.97563e-07
5.43331e-08
7.94595e-07
4.76556e-08
7.91862e-07
4.03612e-08
7.89366e-07
3.25227e-08
7.8709e-07
2.43119e-08
7.85002e-07
1.59561e-08
7.8307e-07
7.66547e-09
7.81266e-07
-3.52339e-10
7.7956e-07
-7.86327e-09
7.77928e-07
-1.46141e-08
7.76349e-07
-2.03699e-08
7.74811e-07
-2.49367e-08
7.73315e-07
-2.81853e-08
7.71869e-07
-3.00668e-08
7.70491e-07
-3.06304e-08
7.69209e-07
-3.00134e-08
7.68048e-07
-2.84238e-08
7.67036e-07
-2.61177e-08
7.66188e-07
-2.32613e-08
7.65518e-07
-2.01743e-08
7.64958e-07
-1.58502e-08
7.64554e-07
-1.2558e-08
2.58424e-09
8.04739e-07
6.89835e-08
8.01386e-07
6.36529e-08
7.98305e-07
5.74134e-08
7.95472e-07
5.04887e-08
7.92882e-07
4.29515e-08
7.90534e-07
3.48708e-08
7.88399e-07
2.6447e-08
7.86432e-07
1.79231e-08
7.84593e-07
9.50471e-09
7.82845e-07
1.39526e-09
7.81153e-07
-6.17165e-09
7.79489e-07
-1.29492e-08
7.77831e-07
-1.87123e-08
7.76173e-07
-2.32793e-08
7.74523e-07
-2.65352e-08
7.729e-07
-2.84435e-08
7.71334e-07
-2.90648e-08
7.69864e-07
-2.85425e-08
7.68526e-07
-2.70858e-08
7.67354e-07
-2.49466e-08
7.66373e-07
-2.22796e-08
7.65598e-07
-1.93999e-08
7.64975e-07
-1.52266e-08
7.64553e-07
-1.21362e-08
3.80377e-09
8.05778e-07
7.25351e-08
8.02535e-07
6.68959e-08
7.9959e-07
6.03586e-08
7.96899e-07
5.31795e-08
7.94461e-07
4.539e-08
7.92267e-07
3.70642e-08
7.90273e-07
2.84408e-08
7.8842e-07
1.97762e-08
7.86658e-07
1.12673e-08
7.84941e-07
3.11208e-09
7.83228e-07
-4.4582e-09
7.81486e-07
-1.12075e-08
7.79699e-07
-1.69252e-08
7.77866e-07
-2.14469e-08
7.76006e-07
-2.46752e-08
7.74152e-07
-2.65892e-08
7.72348e-07
-2.72612e-08
7.70646e-07
-2.68398e-08
7.69093e-07
-2.55333e-08
7.67733e-07
-2.35863e-08
7.66594e-07
-2.11407e-08
7.65697e-07
-1.85031e-08
7.64999e-07
-1.45285e-08
7.64557e-07
-1.16943e-08
5.05772e-09
8.07642e-07
7.60446e-08
8.04506e-07
7.00311e-08
8.01688e-07
6.31771e-08
7.99127e-07
5.57403e-08
7.96827e-07
4.76896e-08
7.94772e-07
3.91201e-08
7.92894e-07
3.03189e-08
7.9112e-07
2.15498e-08
7.8939e-07
1.29969e-08
7.87651e-07
4.85133e-09
7.85854e-07
-2.66146e-09
7.83968e-07
-9.32138e-09
7.81981e-07
-1.49382e-08
7.79904e-07
-1.93691e-08
7.77767e-07
-2.25384e-08
7.7562e-07
-2.44423e-08
7.73524e-07
-2.51654e-08
7.71544e-07
-2.48595e-08
7.6974e-07
-2.37291e-08
7.68161e-07
-2.20075e-08
7.66842e-07
-1.98224e-08
7.65806e-07
-1.74669e-08
7.65025e-07
-1.37469e-08
7.64561e-07
-1.12307e-08
6.353e-09
8.10571e-07
7.95434e-08
8.07522e-07
7.30807e-08
8.04796e-07
6.5903e-08
8.02325e-07
5.82108e-08
8.00123e-07
4.98915e-08
7.98156e-07
4.10871e-08
7.96336e-07
3.21395e-08
7.94575e-07
2.33108e-08
7.92803e-07
1.47684e-08
7.9096e-07
6.69489e-09
7.88994e-07
-6.95829e-10
7.86878e-07
-7.20473e-09
7.84607e-07
-1.26681e-08
7.82207e-07
-1.69692e-08
7.79726e-07
-2.00564e-08
7.77228e-07
-2.19448e-08
7.74793e-07
-2.273e-08
7.72497e-07
-2.25642e-08
7.70413e-07
-2.16448e-08
7.68595e-07
-2.01893e-08
7.67082e-07
-1.83099e-08
7.65896e-07
-1.62806e-08
7.65027e-07
-1.28778e-08
7.64545e-07
-1.0749e-08
7.69551e-09
8.14552e-07
8.30694e-08
8.11549e-07
7.60836e-08
8.08858e-07
6.85939e-08
8.06416e-07
6.06535e-08
8.04244e-07
5.2063e-08
8.02288e-07
4.30432e-08
8.00437e-07
3.39906e-08
7.98594e-07
2.51541e-08
7.96681e-07
1.66809e-08
7.94633e-07
8.74332e-09
7.92401e-07
1.53575e-09
7.89964e-07
-4.76778e-09
7.87332e-07
-1.00364e-08
7.84546e-07
-1.41823e-08
7.81669e-07
-1.71794e-08
7.78785e-07
-1.90611e-08
7.75987e-07
-1.9932e-08
7.73364e-07
-1.99411e-08
7.70994e-07
-1.9275e-08
7.68936e-07
-1.81311e-08
7.67232e-07
-1.66058e-08
7.65897e-07
-1.49462e-08
7.64948e-07
-1.1928e-08
7.64459e-07
-1.02605e-08
9.08827e-09
8.19e-07
8.66359e-08
8.16008e-07
7.90754e-08
8.13295e-07
7.13072e-08
8.10818e-07
6.31307e-08
8.08605e-07
5.4276e-08
8.06573e-07
4.50747e-08
8.04596e-07
3.5968e-08
8.0257e-07
2.71793e-08
8.00418e-07
1.88333e-08
7.98073e-07
1.10881e-08
7.95495e-07
4.11383e-09
7.92675e-07
-1.94773e-09
7.89639e-07
-7.00006e-09
7.86443e-07
-1.09866e-08
7.83169e-07
-1.39052e-08
7.79913e-07
-1.58055e-08
7.76779e-07
-1.67976e-08
7.73861e-07
-1.70234e-08
7.71242e-07
-1.66555e-08
7.68978e-07
-1.58673e-08
7.67113e-07
-1.47407e-08
7.65653e-07
-1.34869e-08
7.64645e-07
-1.09198e-08
7.64172e-07
-9.78705e-09
1.0531e-08
8.22274e-07
9.01676e-08
8.19315e-07
8.20347e-08
8.16579e-07
7.40428e-08
8.14063e-07
6.56472e-08
8.11785e-07
5.65542e-08
8.09634e-07
4.72252e-08
8.07478e-07
3.81243e-08
8.05218e-07
2.94391e-08
8.0278e-07
2.12715e-08
8.00107e-07
1.37607e-08
7.97173e-07
7.04819e-09
7.93986e-07
1.23972e-09
7.90587e-07
-3.60119e-09
7.87049e-07
-7.4486e-09
7.83464e-07
-1.03201e-08
7.79936e-07
-1.22775e-08
7.7657e-07
-1.34321e-08
7.73461e-07
-1.39147e-08
7.70688e-07
-1.3882e-08
7.68301e-07
-1.34807e-08
7.66343e-07
-1.27823e-08
7.64806e-07
-1.19503e-08
7.63777e-07
-9.89067e-09
7.63344e-07
-9.35418e-09
1.20306e-08
8.20995e-07
9.3393e-08
8.18252e-07
8.47775e-08
8.15665e-07
7.66297e-08
8.1327e-07
6.80423e-08
8.11054e-07
5.87696e-08
8.08886e-07
4.93933e-08
8.06642e-07
4.03683e-08
8.04239e-07
3.1842e-08
8.01616e-07
2.38947e-08
7.98734e-07
1.6643e-08
7.95586e-07
1.01958e-08
7.92199e-07
4.62726e-09
7.88628e-07
-3.06225e-11
7.84954e-07
-3.77481e-09
7.81274e-07
-6.63939e-09
7.77688e-07
-8.69153e-09
7.74295e-07
-1.00392e-08
7.7118e-07
-1.07996e-08
7.68411e-07
-1.11135e-08
7.6603e-07
-1.10997e-08
7.64073e-07
-1.08254e-08
7.62515e-07
-1.03918e-08
7.61492e-07
-8.86781e-09
7.61093e-07
-8.9549e-09
1.36422e-08
8.09839e-07
9.5696e-08
8.07811e-07
8.68051e-08
8.05864e-07
7.85767e-08
8.04057e-07
6.98495e-08
8.02319e-07
6.05081e-08
8.00509e-07
5.12031e-08
7.98533e-07
4.23442e-08
7.96333e-07
3.40418e-08
7.9387e-07
2.63582e-08
7.91127e-07
1.93855e-08
7.88121e-07
1.32018e-08
7.84895e-07
7.85355e-09
7.81513e-07
3.35163e-09
7.78054e-07
-3.16662e-10
7.7461e-07
-3.195e-09
7.7127e-07
-5.35149e-09
7.68117e-07
-6.8866e-09
7.6522e-07
-7.90244e-09
7.62631e-07
-8.52463e-09
7.60376e-07
-8.84409e-09
7.58482e-07
-8.93159e-09
7.56897e-07
-8.80682e-09
7.55819e-07
-7.79018e-09
7.55314e-07
-8.44947e-09
1.55246e-08
7.8258e-07
9.60717e-08
7.82147e-07
8.72383e-08
7.81714e-07
7.90104e-08
7.8132e-07
7.02426e-08
7.80813e-07
6.10153e-08
7.80062e-07
5.19546e-08
7.79014e-07
4.33922e-08
7.77642e-07
3.54133e-08
7.75933e-07
2.80673e-08
7.73897e-07
2.14218e-08
7.71568e-07
1.55302e-08
7.69002e-07
1.04195e-08
7.66266e-07
6.08812e-09
7.63432e-07
2.51709e-09
7.60577e-07
-3.3952e-10
7.57773e-07
-2.54735e-09
7.55084e-07
-4.19754e-09
7.52556e-07
-5.37505e-09
7.50224e-07
-6.19284e-09
7.48094e-07
-6.71411e-09
7.46184e-07
-7.02126e-09
7.44414e-07
-7.03629e-09
7.4305e-07
-6.42632e-09
7.42102e-07
-7.50161e-09
1.78686e-08
7.33735e-07
9.32776e-08
7.36045e-07
8.49281e-08
7.38265e-07
7.6791e-08
7.40353e-07
6.81539e-08
7.42062e-07
5.93065e-08
7.43286e-07
5.0731e-08
7.44018e-07
4.26603e-08
7.44261e-07
3.51699e-08
7.44028e-07
2.83008e-08
7.4335e-07
2.20999e-08
7.42276e-07
1.66032e-08
7.40868e-07
1.18277e-08
7.39189e-07
7.76771e-09
7.37302e-07
4.40375e-09
7.35268e-07
1.69401e-09
7.33143e-07
-4.21417e-10
7.30971e-07
-2.02594e-09
7.28783e-07
-3.18754e-09
7.26602e-07
-4.01145e-09
7.24426e-07
-4.53783e-09
7.22273e-07
-4.86853e-09
7.20065e-07
-4.82806e-09
7.18136e-07
-4.4978e-09
7.16444e-07
-5.80899e-09
2.06063e-08
6.598e-07
8.61422e-08
6.66029e-07
7.86989e-08
6.72062e-07
7.07578e-08
6.77705e-07
6.25108e-08
6.82625e-07
5.43865e-08
6.86747e-07
4.66089e-08
6.90099e-07
3.93085e-08
6.92707e-07
3.2562e-08
6.94602e-07
2.64063e-08
6.9583e-07
2.08721e-08
6.96447e-07
1.59853e-08
6.96516e-07
1.17587e-08
6.96097e-07
8.18719e-09
6.95249e-07
5.25197e-09
6.94028e-07
2.91426e-09
6.92489e-07
1.11792e-09
6.9068e-07
-2.16807e-10
6.8864e-07
-1.14798e-09
6.86408e-07
-1.77909e-09
6.84007e-07
-2.13642e-09
6.81479e-07
-2.34071e-09
6.78789e-07
-2.13855e-09
6.76304e-07
-2.01224e-09
6.73958e-07
-3.4628e-09
2.31735e-08
5.59645e-07
7.3814e-08
5.70809e-07
6.75355e-08
5.8162e-07
5.99467e-08
5.9167e-07
5.24604e-08
6.0058e-07
4.54767e-08
6.08292e-07
3.88969e-08
6.14843e-07
3.27569e-08
6.20271e-07
2.71345e-08
6.24616e-07
2.20613e-08
6.27935e-07
1.75535e-08
6.30294e-07
1.36262e-08
6.31768e-07
1.0284e-08
6.32439e-07
7.51634e-09
6.32393e-07
5.29781e-09
6.31723e-07
3.58498e-09
6.30521e-07
2.31908e-09
6.28878e-07
1.42634e-09
6.26882e-07
8.47961e-10
6.24607e-07
4.96634e-10
6.22118e-07
3.52342e-10
6.19479e-07
2.9832e-10
6.16716e-07
6.24335e-10
6.14123e-07
5.80834e-10
6.11658e-07
-9.9787e-10
2.46533e-08
4.34993e-07
5.57853e-08
4.51916e-07
5.0612e-08
4.68114e-07
4.37486e-08
4.82959e-07
3.76156e-08
4.96089e-07
3.2347e-08
5.07451e-07
2.75346e-08
5.17087e-07
2.31211e-08
5.25059e-07
1.91625e-08
5.31449e-07
1.56713e-08
5.36363e-07
1.26392e-08
5.39931e-07
1.00583e-08
5.423e-07
7.91549e-09
5.43627e-07
6.1889e-09
5.44079e-07
4.84652e-09
5.43817e-07
3.8465e-09
5.42997e-07
3.13932e-09
5.41753e-07
2.66977e-09
5.40207e-07
2.39445e-09
5.38446e-07
2.25702e-09
5.36555e-07
2.24422e-09
5.34578e-07
2.27525e-09
5.32612e-07
2.59025e-09
5.30658e-07
2.53413e-09
5.29304e-07
3.56516e-10
2.32045e-08
2.90819e-07
3.25919e-08
3.13004e-07
2.84276e-08
3.33328e-07
2.34245e-08
3.51208e-07
1.97353e-08
3.66573e-07
1.69819e-08
3.79517e-07
1.45903e-08
3.90197e-07
1.24419e-08
3.98805e-07
1.05542e-08
4.05559e-07
8.91697e-09
4.10691e-07
7.50771e-09
4.14436e-07
6.3128e-09
4.17029e-07
5.32271e-09
4.18691e-07
4.52692e-09
4.19627e-07
3.91056e-09
4.20019e-07
3.45463e-09
4.20022e-07
3.13619e-09
4.19762e-07
2.92977e-09
4.19343e-07
2.81382e-09
4.18834e-07
2.76592e-09
4.18313e-07
2.76553e-09
4.17771e-07
2.8168e-09
4.17443e-07
2.91879e-09
4.16763e-07
3.21365e-09
4.16864e-07
2.55094e-10
1.86092e-08
1.47503e-07
1.75931e-07
1.99355e-07
2.1909e-07
2.36072e-07
2.50663e-07
2.63104e-07
2.73659e-07
2.82576e-07
2.90083e-07
2.96396e-07
3.01719e-07
3.06246e-07
3.10156e-07
3.13611e-07
3.16747e-07
3.19677e-07
3.22491e-07
3.25257e-07
3.28022e-07
3.30839e-07
3.33758e-07
3.36971e-07
3.37226e-07
)
;

boundaryField
{
    inlet
    {
        type            calculated;
        value           nonuniform List<scalar> 
30
(
-1.43933e-06
-1.43933e-06
-1.43933e-06
-1.43933e-06
-1.43933e-06
-1.43933e-06
-1.43933e-06
-1.43933e-06
-1.43933e-06
-1.43933e-06
-1.43933e-06
-1.43933e-06
-1.43933e-06
-1.43933e-06
-1.43933e-06
-1.43933e-06
-1.43933e-06
-1.43933e-06
-1.43933e-06
-1.43933e-06
-1.43933e-06
-1.43933e-06
-1.43933e-06
-1.43933e-06
-1.43933e-06
-1.43933e-06
-1.43933e-06
-1.43933e-06
-1.43933e-06
-1.43933e-06
)
;
    }
    outlet
    {
        type            calculated;
        value           nonuniform List<scalar> 
57
(
4.29872e-07
5.01565e-07
6.24298e-07
7.09936e-07
7.72263e-07
8.11215e-07
8.31489e-07
8.39865e-07
8.42793e-07
8.43859e-07
8.4438e-07
8.44744e-07
8.45056e-07
8.45345e-07
8.45617e-07
8.45875e-07
8.46119e-07
8.4635e-07
8.46569e-07
8.46777e-07
8.46972e-07
8.47156e-07
8.4733e-07
8.47492e-07
8.47643e-07
8.47783e-07
8.47898e-07
7.63112e-07
7.63181e-07
7.63254e-07
7.63314e-07
7.63363e-07
7.63401e-07
7.63428e-07
7.63445e-07
7.63451e-07
7.63448e-07
7.63436e-07
7.63415e-07
7.6339e-07
7.63362e-07
7.63333e-07
7.63303e-07
7.63266e-07
7.63203e-07
7.63066e-07
7.62729e-07
7.61845e-07
7.59481e-07
7.53432e-07
7.39758e-07
7.13706e-07
6.7139e-07
6.10178e-07
5.30753e-07
4.2146e-07
3.55836e-07
)
;
    }
    upperWall
    {
        type            calculated;
        value           uniform 0;
    }
    lowerWall
    {
        type            calculated;
        value           uniform 0;
    }
    frontAndBack
    {
        type            empty;
    }
}


// ************************************************************************* //
