/*--------------------------------*- C++ -*----------------------------------*\
| =========                 |                                                 |
| \\      /  F ield         | OpenFOAM: The Open Source CFD Toolbox           |
|  \\    /   O peration     | Version:  2406                                  |
|   \\  /    A nd           | Website:  www.openfoam.com                      |
|    \\/     M anipulation  |                                                 |
\*---------------------------------------------------------------------------*/
FoamFile
{
    version     2.0;
    format      ascii;
    arch        "LSB;label=32;scalar=64";
    class       volVectorField;
    location    "1.3";
    object      U;
}
// * * * * * * * * * * * * * * * * * * * * * * * * * * * * * * * * * * * * * //

dimensions      [0 1 -1 0 0 0 0];

internalField   nonuniform List<vector> 
12225
(
(1.46502 0.0498803 0)
(1.40867 0.0612961 0)
(1.35536 0.0523266 0)
(1.30469 0.0414614 0)
(1.26043 0.0324092 0)
(1.22305 0.0252857 0)
(1.19085 0.0198301 0)
(1.16152 0.0157963 0)
(1.13423 0.0129098 0)
(1.10848 0.0109086 0)
(1.08379 0.00959569 0)
(1.0597 0.00883824 0)
(1.03585 0.00855073 0)
(1.01194 0.00866265 0)
(0.987611 0.0091921 0)
(0.962757 0.00982918 0)
(0.936622 0.0119177 0)
(0.909043 0.00695553 0)
(1.51361 0.00992061 0)
(1.54424 0.0183032 0)
(1.5638 0.0198791 0)
(1.57086 0.0207272 0)
(1.57017 0.0218545 0)
(1.56527 0.0227567 0)
(1.55769 0.0234441 0)
(1.54823 0.0241893 0)
(1.5376 0.0250875 0)
(1.5263 0.0261187 0)
(1.51459 0.0272783 0)
(1.50256 0.0286007 0)
(1.49025 0.0301364 0)
(1.47764 0.0319417 0)
(1.46468 0.0340688 0)
(1.45125 0.0365871 0)
(1.43713 0.0394832 0)
(1.42276 0.0431524 0)
(1.50184 0.00901515 0)
(1.51194 0.0191627 0)
(1.52331 0.0230025 0)
(1.53227 0.0250588 0)
(1.5392 0.0267031 0)
(1.54511 0.0278038 0)
(1.55017 0.0284656 0)
(1.55425 0.0290118 0)
(1.55737 0.0296334 0)
(1.55968 0.0303954 0)
(1.56127 0.0313481 0)
(1.56219 0.0325598 0)
(1.56247 0.0341063 0)
(1.56215 0.0360624 0)
(1.56123 0.0385083 0)
(1.55972 0.0415258 0)
(1.55751 0.0452222 0)
(1.55473 0.049687 0)
(1.50093 0.00651327 0)
(1.50622 0.0149318 0)
(1.51271 0.0183082 0)
(1.51783 0.0195806 0)
(1.52152 0.0204299 0)
(1.52468 0.0211204 0)
(1.52769 0.0217086 0)
(1.53046 0.0223734 0)
(1.53294 0.0232537 0)
(1.53518 0.0243995 0)
(1.53723 0.0258329 0)
(1.53911 0.027588 0)
(1.54083 0.0297125 0)
(1.54238 0.0322639 0)
(1.5438 0.035311 0)
(1.5451 0.0389411 0)
(1.54632 0.043285 0)
(1.54752 0.0484745 0)
(1.50052 0.00467561 0)
(1.50397 0.0116988 0)
(1.50889 0.0154176 0)
(1.51333 0.0173581 0)
(1.5167 0.0188366 0)
(1.51945 0.0201707 0)
(1.52193 0.0213557 0)
(1.52413 0.0224795 0)
(1.52602 0.02367 0)
(1.52764 0.0250074 0)
(1.52908 0.0265385 0)
(1.53036 0.0283113 0)
(1.53153 0.0303839 0)
(1.53262 0.0328213 0)
(1.53368 0.0356964 0)
(1.53476 0.0390891 0)
(1.53597 0.0431131 0)
(1.5374 0.0478187 0)
(1.50033 0.0035596 0)
(1.50273 0.00951863 0)
(1.50655 0.013302 0)
(1.5104 0.0155326 0)
(1.51359 0.0171384 0)
(1.51626 0.0185029 0)
(1.51867 0.0196958 0)
(1.52088 0.0208067 0)
(1.52285 0.0219653 0)
(1.52461 0.0232699 0)
(1.52621 0.02478 0)
(1.5277 0.026543 0)
(1.52911 0.0286085 0)
(1.5305 0.0310281 0)
(1.53191 0.0338544 0)
(1.53342 0.0371372 0)
(1.53513 0.0409403 0)
(1.53712 0.0452525 0)
(1.50023 0.00283655 0)
(1.502 0.00785572 0)
(1.505 0.0113949 0)
(1.5083 0.013666 0)
(1.51126 0.0153088 0)
(1.51385 0.016712 0)
(1.51623 0.0179943 0)
(1.51849 0.0192298 0)
(1.52058 0.020515 0)
(1.52253 0.0219318 0)
(1.52437 0.0235323 0)
(1.52615 0.0253544 0)
(1.52792 0.0274344 0)
(1.52972 0.0298087 0)
(1.53161 0.0325113 0)
(1.53367 0.0355686 0)
(1.53597 0.0390094 0)
(1.53862 0.0427984 0)
(1.50018 0.0023182 0)
(1.50154 0.00654212 0)
(1.50397 0.00974783 0)
(1.50683 0.0119805 0)
(1.50958 0.0136536 0)
(1.5121 0.0150924 0)
(1.51447 0.0164248 0)
(1.51676 0.0177132 0)
(1.51894 0.0190297 0)
(1.52104 0.0204445 0)
(1.52307 0.0220076 0)
(1.52509 0.0237541 0)
(1.52714 0.0257134 0)
(1.52927 0.0279108 0)
(1.53154 0.030366 0)
(1.53401 0.0330876 0)
(1.53677 0.0360809 0)
(1.53988 0.0392971 0)
(1.50014 0.00191928 0)
(1.50125 0.00548151 0)
(1.50328 0.0083302 0)
(1.5058 0.0104476 0)
(1.50837 0.0120885 0)
(1.51082 0.013504 0)
(1.51319 0.0148198 0)
(1.5155 0.0160976 0)
(1.51777 0.0173965 0)
(1.51999 0.018775 0)
(1.5222 0.0202769 0)
(1.52442 0.0219307 0)
(1.52672 0.0237556 0)
(1.52912 0.0257645 0)
(1.53168 0.0279627 0)
(1.53447 0.0303439 0)
(1.53754 0.0328955 0)
(1.54094 0.0355632 0)
(1.50012 0.00159544 0)
(1.50106 0.00459505 0)
(1.50281 0.00708265 0)
(1.50508 0.00902599 0)
(1.5075 0.0105817 0)
(1.5099 0.0119368 0)
(1.51226 0.0132046 0)
(1.51461 0.0144433 0)
(1.51696 0.0157 0)
(1.5193 0.0170189 0)
(1.52165 0.0184338 0)
(1.52405 0.0199648 0)
(1.52653 0.0216224 0)
(1.52915 0.0234094 0)
(1.53193 0.0253208 0)
(1.53493 0.0273411 0)
(1.5382 0.0294474 0)
(1.54177 0.0315869 0)
(1.50011 0.00132003 0)
(1.50093 0.00382587 0)
(1.5025 0.00595847 0)
(1.50458 0.00769169 0)
(1.50689 0.00912394 0)
(1.50924 0.0103898 0)
(1.51161 0.0115826 0)
(1.51401 0.0127532 0)
(1.51642 0.0139378 0)
(1.51885 0.0151685 0)
(1.52133 0.0164691 0)
(1.52386 0.0178528 0)
(1.5265 0.0193228 0)
(1.52926 0.0208748 0)
(1.5322 0.0224966 0)
(1.53533 0.0241669 0)
(1.53871 0.0258576 0)
(1.54234 0.02752 0)
(1.5001 0.00107601 0)
(1.50085 0.00313484 0)
(1.50229 0.0049214 0)
(1.50425 0.00642236 0)
(1.50648 0.00770151 0)
(1.5088 0.00885253 0)
(1.51119 0.00994693 0)
(1.51362 0.0110258 0)
(1.51609 0.0121161 0)
(1.51861 0.0132394 0)
(1.52117 0.0144108 0)
(1.52382 0.0156362 0)
(1.52656 0.016913 0)
(1.52943 0.0182308 0)
(1.53245 0.0195729 0)
(1.53566 0.0209147 0)
(1.53908 0.0222261 0)
(1.5427 0.0234642 0)
(1.50009 0.000851871 0)
(1.5008 0.00249407 0)
(1.50216 0.00394207 0)
(1.50405 0.00519654 0)
(1.50622 0.00630047 0)
(1.50854 0.00731629 0)
(1.51094 0.00829445 0)
(1.51341 0.00926495 0)
(1.51593 0.0102458 0)
(1.51851 0.0112494 0)
(1.52116 0.0122826 0)
(1.52388 0.0133449 0)
(1.52669 0.0144285 0)
(1.52962 0.0155193 0)
(1.53269 0.0165975 0)
(1.53591 0.0176379 0)
(1.53931 0.0186104 0)
(1.54287 0.0194787 0)
(1.50009 0.000639341 0)
(1.50077 0.00188262 0)
(1.5021 0.00299637 0)
(1.50394 0.00399481 0)
(1.5061 0.00490791 0)
(1.50842 0.0057736 0)
(1.51084 0.00662269 0)
(1.51335 0.00747332 0)
(1.51592 0.00833481 0)
(1.51855 0.00921149 0)
(1.52125 0.0101029 0)
(1.52402 0.011003 0)
(1.52688 0.0119 0)
(1.52984 0.0127773 0)
(1.53291 0.0136138 0)
(1.53611 0.0143847 0)
(1.53945 0.0150613 0)
(1.54291 0.0156138 0)
(1.50009 0.000431966 0)
(1.50076 0.00128376 0)
(1.50208 0.00206389 0)
(1.50392 0.00279946 0)
(1.50608 0.00351136 0)
(1.50842 0.00421693 0)
(1.51088 0.00492862 0)
(1.51343 0.00565257 0)
(1.51604 0.00638978 0)
(1.51872 0.00713732 0)
(1.52145 0.00788841 0)
(1.52425 0.00863226 0)
(1.52713 0.00935413 0)
(1.53009 0.0100357 0)
(1.53313 0.0106556 0)
(1.53628 0.0111902 0)
(1.53953 0.0116132 0)
(1.54286 0.0119006 0)
(1.50009 0.00022428 0)
(1.50077 0.00068306 0)
(1.50211 0.00112637 0)
(1.50398 0.00159389 0)
(1.50617 0.0020986 0)
(1.50855 0.0026387 0)
(1.51105 0.00320891 0)
(1.51363 0.00380366 0)
(1.51629 0.00441606 0)
(1.519 0.00503658 0)
(1.52176 0.00565291 0)
(1.52457 0.00625025 0)
(1.52744 0.00681156 0)
(1.53038 0.00731768 0)
(1.53338 0.00774759 0)
(1.53645 0.00807935 0)
(1.53958 0.00828922 0)
(1.54277 0.00835841 0)
(1.50009 1.11125e-05 0)
(1.5008 6.67954e-05 0)
(1.50219 0.0001662 0)
(1.50412 0.000361717 0)
(1.50637 0.000657322 0)
(1.50881 0.001031 0)
(1.51135 0.00145969 0)
(1.51398 0.00192663 0)
(1.51667 0.00241757 0)
(1.5194 0.00291689 0)
(1.52218 0.00340728 0)
(1.52499 0.00387062 0)
(1.52785 0.00428825 0)
(1.53074 0.00464071 0)
(1.53368 0.0049077 0)
(1.53665 0.00506915 0)
(1.53967 0.00510395 0)
(1.5427 0.00499781 0)
(1.5001 -0.000213107 0)
(1.50085 -0.000579597 0)
(1.50232 -0.000835037 0)
(1.50434 -0.000913964 0)
(1.50668 -0.000825215 0)
(1.50919 -0.000614595 0)
(1.51179 -0.000323672 0)
(1.51447 2.04359e-05 0)
(1.51719 0.000396765 0)
(1.51995 0.000783856 0)
(1.52273 0.00115978 0)
(1.52554 0.00150369 0)
(1.52836 0.00179588 0)
(1.53121 0.00201699 0)
(1.53407 0.00214779 0)
(1.53694 0.00217002 0)
(1.53983 0.00206505 0)
(1.5427 0.00182226 0)
(1.5001 -0.000454844 0)
(1.50093 -0.00127288 0)
(1.50251 -0.00189788 0)
(1.50466 -0.00225121 0)
(1.50712 -0.00236223 0)
(1.50972 -0.00230701 0)
(1.51239 -0.00214657 0)
(1.51512 -0.00191701 0)
(1.51788 -0.00164531 0)
(1.52066 -0.00135877 0)
(1.52345 -0.00108367 0)
(1.52623 -0.000843012 0)
(1.52902 -0.000657102 0)
(1.53181 -0.000544942 0)
(1.53459 -0.000524702 0)
(1.53735 -0.000612902 0)
(1.54011 -0.000825896 0)
(1.54283 -0.00117122 0)
(1.50012 -0.000722316 0)
(1.50103 -0.00203393 0)
(1.50277 -0.00304653 0)
(1.50511 -0.00366987 0)
(1.50772 -0.00396767 0)
(1.51043 -0.00405569 0)
(1.51318 -0.00401489 0)
(1.51596 -0.00388831 0)
(1.51877 -0.00370868 0)
(1.52157 -0.00350928 0)
(1.52435 -0.00332022 0)
(1.52712 -0.00316577 0)
(1.52986 -0.00306624 0)
(1.53259 -0.00304016 0)
(1.53528 -0.00310492 0)
(1.53794 -0.00327569 0)
(1.54057 -0.00356693 0)
(1.54314 -0.00398387 0)
(1.50013 -0.00102701 0)
(1.50118 -0.00289062 0)
(1.50315 -0.00431048 0)
(1.50573 -0.00519186 0)
(1.50852 -0.00565658 0)
(1.51135 -0.00587152 0)
(1.51419 -0.00593546 0)
(1.51704 -0.00589588 0)
(1.51989 -0.00579212 0)
(1.52271 -0.00566459 0)
(1.52549 -0.00554671 0)
(1.52824 -0.00546282 0)
(1.53094 -0.00543226 0)
(1.5336 -0.00547259 0)
(1.53621 -0.00560002 0)
(1.53877 -0.00582835 0)
(1.54126 -0.0061705 0)
(1.54369 -0.0066299 0)
(1.50016 -0.00138591 0)
(1.50139 -0.00388195 0)
(1.50368 -0.00572596 0)
(1.50656 -0.0068399 0)
(1.50958 -0.00744371 0)
(1.51255 -0.00776719 0)
(1.51549 -0.00791942 0)
(1.51842 -0.00794782 0)
(1.52131 -0.00789955 0)
(1.52415 -0.00782343 0)
(1.52693 -0.0077561 0)
(1.52965 -0.0077218 0)
(1.53231 -0.0077393 0)
(1.53491 -0.00782562 0)
(1.53744 -0.00799625 0)
(1.5399 -0.00826389 0)
(1.54228 -0.00864004 0)
(1.54457 -0.00912649 0)
(1.5002 -0.00182557 0)
(1.50171 -0.00506449 0)
(1.50443 -0.00733939 0)
(1.50771 -0.00863792 0)
(1.51098 -0.00933919 0)
(1.5141 -0.00974627 0)
(1.51715 -0.00996842 0)
(1.52017 -0.0100502 0)
(1.52312 -0.0100471 0)
(1.52598 -0.0100133 0)
(1.52875 -0.00998401 0)
(1.53145 -0.00998049 0)
(1.53407 -0.0100203 0)
(1.53661 -0.0101203 0)
(1.53906 -0.0102964 0)
(1.54142 -0.0105619 0)
(1.54368 -0.0109291 0)
(1.54585 -0.0114 0)
(1.50025 -0.00239018 0)
(1.50219 -0.00651666 0)
(1.50551 -0.00920952 0)
(1.50929 -0.0106263 0)
(1.51284 -0.0113736 0)
(1.51612 -0.0118176 0)
(1.51929 -0.0120573 0)
(1.5224 -0.0121463 0)
(1.5254 -0.0121606 0)
(1.52829 -0.0121606 0)
(1.53107 -0.0121755 0)
(1.53375 -0.0122194 0)
(1.53635 -0.0123048 0)
(1.53884 -0.0124447 0)
(1.54123 -0.0126523 0)
(1.5435 -0.0129392 0)
(1.54566 -0.0133177 0)
(1.5477 -0.0137902 0)
(1.50035 -0.00316473 0)
(1.50294 -0.00833416 0)
(1.50712 -0.0113666 0)
(1.5115 -0.0128343 0)
(1.51535 -0.0136326 0)
(1.5188 -0.0141223 0)
(1.5221 -0.0143516 0)
(1.52529 -0.0143875 0)
(1.52832 -0.0143359 0)
(1.5312 -0.0142691 0)
(1.53396 -0.0142167 0)
(1.53661 -0.0141929 0)
(1.53916 -0.0142113 0)
(1.5416 -0.0142861 0)
(1.54391 -0.0144304 0)
(1.5461 -0.0146573 0)
(1.54815 -0.014981 0)
(1.55009 -0.0154053 0)
(1.50054 -0.00433719 0)
(1.50419 -0.0106839 0)
(1.50952 -0.0137577 0)
(1.51454 -0.0150402 0)
(1.51864 -0.0158189 0)
(1.52227 -0.0163896 0)
(1.52573 -0.0167249 0)
(1.52905 -0.0168882 0)
(1.53215 -0.0169809 0)
(1.53508 -0.0170527 0)
(1.53788 -0.0171137 0)
(1.54058 -0.017169 0)
(1.54317 -0.0172285 0)
(1.54565 -0.0173052 0)
(1.54799 -0.017414 0)
(1.55019 -0.0175763 0)
(1.55226 -0.0178176 0)
(1.55418 -0.0181512 0)
(1.50095 -0.0062357 0)
(1.50647 -0.0141006 0)
(1.51338 -0.0169428 0)
(1.51911 -0.0176595 0)
(1.52357 -0.0179074 0)
(1.52764 -0.0179312 0)
(1.53166 -0.0177648 0)
(1.53556 -0.0175627 0)
(1.53927 -0.0174378 0)
(1.54284 -0.0174062 0)
(1.5463 -0.0174478 0)
(1.54966 -0.0175465 0)
(1.5529 -0.017691 0)
(1.55599 -0.0178727 0)
(1.5589 -0.0180868 0)
(1.56162 -0.018358 0)
(1.56412 -0.0187247 0)
(1.56643 -0.0192922 0)
(1.50187 -0.00879743 0)
(1.51217 -0.0185244 0)
(1.52391 -0.0219548 0)
(1.53339 -0.0235717 0)
(1.54097 -0.0247263 0)
(1.54767 -0.0252703 0)
(1.55367 -0.0252876 0)
(1.55884 -0.0250814 0)
(1.56323 -0.0248211 0)
(1.56698 -0.0245378 0)
(1.57022 -0.024235 0)
(1.573 -0.0239252 0)
(1.57535 -0.0236161 0)
(1.57732 -0.0233045 0)
(1.57888 -0.0229687 0)
(1.58004 -0.0226294 0)
(1.58068 -0.0222773 0)
(1.58101 -0.0223079 0)
(1.51357 -0.00973989 0)
(1.54426 -0.017774 0)
(1.56413 -0.0190107 0)
(1.57176 -0.0195097 0)
(1.5719 -0.020266 0)
(1.56809 -0.0207586 0)
(1.56185 -0.0209732 0)
(1.55402 -0.0211668 0)
(1.54531 -0.0214232 0)
(1.53628 -0.0216955 0)
(1.52721 -0.0219382 0)
(1.51825 -0.0221352 0)
(1.50949 -0.0222783 0)
(1.50098 -0.022343 0)
(1.49269 -0.0222899 0)
(1.48465 -0.0220236 0)
(1.47616 -0.0213804 0)
(1.46777 -0.0203959 0)
(1.46514 -0.0497865 0)
(1.40935 -0.0610529 0)
(1.35703 -0.0519564 0)
(1.30773 -0.0409699 0)
(1.26517 -0.0317883 0)
(1.22986 -0.024512 0)
(1.20009 -0.0188628 0)
(1.1737 -0.01459 0)
(1.14981 -0.0114136 0)
(1.12802 -0.00905861 0)
(1.10794 -0.00730658 0)
(1.08924 -0.00599888 0)
(1.0717 -0.00501265 0)
(1.05518 -0.00425325 0)
(1.03973 -0.00356492 0)
(1.02517 -0.00302718 0)
(1.01266 -0.00119861 0)
(1.00053 -0.00446879 0)
(-0.00387774 0.000570023 0)
(0.0186489 -0.00759861 0)
(0.0709216 -0.0126432 0)
(0.120643 -0.00749628 0)
(0.150982 0.00278783 0)
(0.154542 0.0127404 0)
(0.131356 0.0201491 0)
(0.0898451 0.0230237 0)
(0.0403936 0.0218233 0)
(-0.00825006 0.0183507 0)
(-0.0508684 0.0146424 0)
(-0.0862302 0.0118584 0)
(-0.116032 0.0104277 0)
(-0.142353 0.0101665 0)
(-0.166867 0.0105333 0)
(-0.189558 0.0104675 0)
(-0.209016 0.00858449 0)
(-0.222809 0.00378889 0)
(-0.226924 -0.0038076 0)
(-0.217412 -0.0113737 0)
(-0.195736 -0.0173306 0)
(-0.163271 -0.0213456 0)
(-0.122419 -0.0235374 0)
(-0.0757852 -0.024011 0)
(-0.0260797 -0.022598 0)
(0.0230351 -0.0193293 0)
(0.0676102 -0.0147681 0)
(0.103366 -0.00977215 0)
(0.127066 -0.00505821 0)
(0.138966 -0.00133406 0)
(0.141852 0.00104756 0)
(0.14051 0.0015902 0)
(0.138714 0.000253269 0)
(0.140034 -0.00212236 0)
(0.147316 -0.00441908 0)
(0.161586 -0.00607308 0)
(0.181468 -0.00656211 0)
(0.203931 -0.00573796 0)
(0.225464 -0.00418423 0)
(0.243823 -0.00300871 0)
(0.25927 -0.0030861 0)
(0.27388 -0.00455242 0)
(0.289356 -0.00691593 0)
(0.305612 -0.00938793 0)
(0.319844 -0.0108151 0)
(0.325429 -0.0108395 0)
(0.312768 -0.00798283 0)
(0.267249 0.00253465 0)
(0.174645 0.0249183 0)
(0.0336332 0.052662 0)
(-0.139412 0.0719803 0)
(-0.319811 0.0802084 0)
(-0.493933 0.0798509 0)
(-0.652164 0.0738504 0)
(-0.789347 0.0647422 0)
(-0.903612 0.054362 0)
(-0.995122 0.0438777 0)
(-1.06515 0.0339732 0)
(-1.11543 0.0250499 0)
(-1.14791 0.0173335 0)
(-1.16468 0.0109744 0)
(-1.16765 0.00602506 0)
(-1.16051 0.00219055 0)
(-1.14495 -0.00100746 0)
(-1.12207 -0.00379048 0)
(-1.09276 -0.00625436 0)
(-1.05776 -0.00845372 0)
(-1.01771 -0.0104275 0)
(-0.973142 -0.0122052 0)
(-0.924559 -0.0138089 0)
(-0.872408 -0.0152532 0)
(-0.817113 -0.0165461 0)
(-0.759092 -0.0176895 0)
(-0.698761 -0.0186807 0)
(-0.63655 -0.0195138 0)
(-0.572904 -0.020181 0)
(-0.508284 -0.0206742 0)
(-0.443166 -0.0209855 0)
(-0.378034 -0.0211068 0)
(-0.313378 -0.0210285 0)
(-0.249689 -0.0207395 0)
(-0.187442 -0.0202251 0)
(-0.127083 -0.019469 0)
(-0.0689881 -0.0184436 0)
(-0.0136052 -0.0170869 0)
(0.0386253 -0.0154904 0)
(0.0875635 -0.0139081 0)
(0.132937 -0.0123685 0)
(0.174618 -0.0108495 0)
(0.212539 -0.00934867 0)
(0.246647 -0.00786941 0)
(0.276913 -0.00641677 0)
(0.303332 -0.00499536 0)
(0.325913 -0.00360695 0)
(0.344675 -0.00224665 0)
(0.359626 -0.000890849 0)
(0.370739 0.000521976 0)
(0.377911 0.00204832 0)
(0.380909 0.0035465 0)
(0.379988 0.00464822 0)
(0.376095 0.005141 0)
(0.369926 0.00512535 0)
(0.362099 0.00478268 0)
(0.353145 0.00425322 0)
(0.343509 0.00363228 0)
(0.333583 0.00297715 0)
(0.323715 0.00232179 0)
(0.314224 0.00168705 0)
(0.305404 0.00108213 0)
(0.297562 0.000504482 0)
(0.291064 -5.22342e-05 0)
(0.286326 -0.000632347 0)
(0.283779 -0.00136638 0)
(0.284041 -0.00236704 0)
(0.287746 -0.00354553 0)
(0.295061 -0.0047071 0)
(0.305371 -0.0055928 0)
(0.317058 -0.00594037 0)
(0.327585 -0.00562856 0)
(0.333842 -0.00471323 0)
(0.333093 -0.0030709 0)
(0.322659 8.24622e-06 0)
(0.299434 0.0053482 0)
(0.260697 0.0129742 0)
(0.205236 0.0216155 0)
(0.135061 0.0289304 0)
(0.0557269 0.0334093 0)
(-0.0256093 0.0345919 0)
(-0.102894 0.0333366 0)
(-0.172814 0.0305784 0)
(-0.233367 0.0269448 0)
(-0.283611 0.0228717 0)
(-0.32327 0.0186583 0)
(-0.352436 0.0144946 0)
(-0.371421 0.0105257 0)
(-0.380797 0.00690506 0)
(-0.381378 0.00361293 0)
(-0.374321 0.0006173 0)
(-0.360103 -0.00218513 0)
(-0.339255 -0.0048094 0)
(-0.312306 -0.00723746 0)
(-0.279836 -0.00943956 0)
(-0.242493 -0.0113807 0)
(-0.200987 -0.0130226 0)
(-0.15608 -0.0143146 0)
(-0.108588 -0.0152123 0)
(-0.0593896 -0.0156639 0)
(-0.00938248 -0.0156193 0)
(0.040579 -0.0151973 0)
(0.0896815 -0.0145316 0)
(0.137178 -0.0136458 0)
(0.182436 -0.0125636 0)
(0.224903 -0.0113063 0)
(0.264097 -0.0098906 0)
(0.299598 -0.00832382 0)
(0.33102 -0.0065984 0)
(0.35799 -0.00469469 0)
(0.380125 -0.00260251 0)
(0.397041 -0.000358471 0)
(0.408374 0.00190889 0)
(0.413864 0.00387556 0)
(0.413937 0.0051745 0)
(0.409626 0.00575375 0)
(0.401683 0.00582331 0)
(0.390836 0.00558617 0)
(0.37775 0.00517059 0)
(0.363042 0.00466251 0)
(0.347285 0.00412352 0)
(0.330999 0.00359881 0)
(0.314644 0.00311903 0)
(0.298614 0.00270029 0)
(0.283237 0.002345 0)
(0.268772 0.00204559 0)
(0.255404 0.00179267 0)
(0.243237 0.0015809 0)
(0.232247 0.00142881 0)
(0.222403 0.00133372 0)
(0.213084 0.0014888 0)
(0.205614 0.00145639 0)
(0.192498 0.00409492 0)
(0.000902041 -0.00829416 0)
(0.0620744 -0.0534966 0)
(0.142147 -0.0701074 0)
(0.208709 -0.0539228 0)
(0.247664 -0.022044 0)
(0.257334 0.0110499 0)
(0.242095 0.0380554 0)
(0.205684 0.054973 0)
(0.155649 0.061208 0)
(0.100357 0.0589531 0)
(0.0469876 0.0519924 0)
(-0.000272935 0.0440424 0)
(-0.0407527 0.0376717 0)
(-0.0754989 0.0332577 0)
(-0.104812 0.0297075 0)
(-0.127218 0.0254424 0)
(-0.140683 0.0189516 0)
(-0.144698 0.0096885 0)
(-0.138564 -0.00101557 0)
(-0.123439 -0.0130933 0)
(-0.0980578 -0.025834 0)
(-0.0631393 -0.0380436 0)
(-0.0205248 -0.0486948 0)
(0.027011 -0.0565537 0)
(0.0767371 -0.0601538 0)
(0.12608 -0.0583378 0)
(0.172642 -0.0506388 0)
(0.214134 -0.0379687 0)
(0.248173 -0.0230252 0)
(0.273162 -0.00957637 0)
(0.288822 -0.000651453 0)
(0.296626 0.00237115 0)
(0.300055 -0.000330215 0)
(0.302809 -0.00715699 0)
(0.307308 -0.0156505 0)
(0.315169 -0.0235886 0)
(0.327198 -0.0289493 0)
(0.342999 -0.0303411 0)
(0.361053 -0.0279639 0)
(0.379465 -0.0239565 0)
(0.397037 -0.0210149 0)
(0.413438 -0.0202031 0)
(0.427041 -0.0196392 0)
(0.432131 -0.0160115 0)
(0.414979 -0.00544659 0)
(0.349854 0.0210171 0)
(0.210149 0.0733866 0)
(-0.00373866 0.142467 0)
(-0.249454 0.196834 0)
(-0.488588 0.226536 0)
(-0.701765 0.231843 0)
(-0.879411 0.218473 0)
(-1.02016 0.193992 0)
(-1.12686 0.164589 0)
(-1.20448 0.134416 0)
(-1.25852 0.10581 0)
(-1.29398 0.0798127 0)
(-1.31499 0.0567167 0)
(-1.3248 0.0364489 0)
(-1.3258 0.0188668 0)
(-1.31957 0.00382326 0)
(-1.30725 -0.0088636 0)
(-1.28753 -0.0196158 0)
(-1.26074 -0.0289331 0)
(-1.22754 -0.0371247 0)
(-1.18857 -0.0443803 0)
(-1.14445 -0.0508328 0)
(-1.09571 -0.0565839 0)
(-1.04283 -0.0617125 0)
(-0.986246 -0.0662762 0)
(-0.926357 -0.0703128 0)
(-0.863549 -0.0738412 0)
(-0.798206 -0.0768646 0)
(-0.730719 -0.0793747 0)
(-0.661491 -0.0813557 0)
(-0.590946 -0.082789 0)
(-0.519522 -0.0836571 0)
(-0.447673 -0.0839474 0)
(-0.375863 -0.0836545 0)
(-0.304566 -0.0827839 0)
(-0.23426 -0.0813531 0)
(-0.165417 -0.0793877 0)
(-0.0984602 -0.0769089 0)
(-0.0337451 -0.0738571 0)
(0.0284287 -0.0701277 0)
(0.0879043 -0.0659688 0)
(0.144381 -0.0616611 0)
(0.197532 -0.0572156 0)
(0.247216 -0.0526391 0)
(0.293348 -0.0479631 0)
(0.335877 -0.0432216 0)
(0.374786 -0.0384448 0)
(0.410075 -0.0336555 0)
(0.441764 -0.0288667 0)
(0.469879 -0.0240809 0)
(0.49445 -0.0192928 0)
(0.515534 -0.0144932 0)
(0.53333 -0.00968655 0)
(0.548366 -0.00497274 0)
(0.56087 -0.000578156 0)
(0.57032 0.00331198 0)
(0.57636 0.00660758 0)
(0.579064 0.00927049 0)
(0.578611 0.011288 0)
(0.575248 0.0126845 0)
(0.569283 0.0134942 0)
(0.561077 0.0137471 0)
(0.551049 0.0134662 0)
(0.539678 0.0126529 0)
(0.527543 0.0112705 0)
(0.515338 0.00925045 0)
(0.503895 0.00649657 0)
(0.494183 0.00289453 0)
(0.487117 -0.00146479 0)
(0.483183 -0.00616687 0)
(0.482476 -0.0104835 0)
(0.484467 -0.0132923 0)
(0.487481 -0.0132268 0)
(0.488179 -0.00911758 0)
(0.48119 -0.000336874 0)
(0.459051 0.0133431 0)
(0.41446 0.0318726 0)
(0.343823 0.0542249 0)
(0.249336 0.0772421 0)
(0.13932 0.0960554 0)
(0.0269551 0.105981 0)
(-0.0744935 0.105733 0)
(-0.161083 0.0987121 0)
(-0.232067 0.0876203 0)
(-0.288208 0.0746001 0)
(-0.330966 0.0610015 0)
(-0.362006 0.0475912 0)
(-0.382912 0.0347667 0)
(-0.39501 0.0227253 0)
(-0.399343 0.0115064 0)
(-0.396756 0.00103951 0)
(-0.387693 -0.00860638 0)
(-0.371634 -0.0175341 0)
(-0.348952 -0.0258546 0)
(-0.320024 -0.0335769 0)
(-0.285295 -0.0406604 0)
(-0.245286 -0.0470367 0)
(-0.200617 -0.0526001 0)
(-0.151968 -0.0573005 0)
(-0.100057 -0.0610468 0)
(-0.0456801 -0.0637286 0)
(0.0104277 -0.0651873 0)
(0.0674502 -0.0654488 0)
(0.12459 -0.064702 0)
(0.181072 -0.0630655 0)
(0.236195 -0.0606257 0)
(0.28935 -0.0574738 0)
(0.340016 -0.053698 0)
(0.387761 -0.0493777 0)
(0.43223 -0.0445767 0)
(0.473136 -0.0393416 0)
(0.510268 -0.0337059 0)
(0.543512 -0.027698 0)
(0.572869 -0.0213499 0)
(0.598512 -0.0147129 0)
(0.620672 -0.00794429 0)
(0.638931 -0.00135964 0)
(0.652205 0.0047012 0)
(0.659923 0.0100156 0)
(0.661941 0.0144837 0)
(0.65827 0.0180697 0)
(0.649131 0.0207734 0)
(0.634942 0.0226132 0)
(0.616297 0.0236336 0)
(0.593951 0.0239014 0)
(0.568786 0.0235003 0)
(0.541768 0.0225296 0)
(0.513882 0.0211091 0)
(0.486059 0.019386 0)
(0.459098 0.0175321 0)
(0.433576 0.0157369 0)
(0.409906 0.0141705 0)
(0.387904 0.0130412 0)
(0.368491 0.0124674 0)
(0.347059 0.0129195 0)
(0.0189016 -0.0411576 0)
(0.114667 -0.130355 0)
(0.205711 -0.143496 0)
(0.267616 -0.103949 0)
(0.296193 -0.0454592 0)
(0.296874 0.0119396 0)
(0.274882 0.0575873 0)
(0.235556 0.0878632 0)
(0.184869 0.102342 0)
(0.128301 0.103587 0)
(0.0702127 0.0962229 0)
(0.013163 0.0855911 0)
(-0.0425412 0.075998 0)
(-0.0960877 0.068308 0)
(-0.143608 0.0597757 0)
(-0.181236 0.0476582 0)
(-0.206197 0.0310758 0)
(-0.21648 0.0110321 0)
(-0.2112 -0.0101791 0)
(-0.189476 -0.0330496 0)
(-0.152369 -0.0554833 0)
(-0.100934 -0.0749486 0)
(-0.0376224 -0.0899437 0)
(0.0342008 -0.0990855 0)
(0.110281 -0.101932 0)
(0.185544 -0.0980837 0)
(0.255568 -0.0878354 0)
(0.31746 -0.0720632 0)
(0.36975 -0.0525512 0)
(0.411749 -0.0324675 0)
(0.443096 -0.0156077 0)
(0.463863 -0.00512049 0)
(0.475152 -0.00213827 0)
(0.478946 -0.00570377 0)
(0.477622 -0.0136932 0)
(0.4737 -0.023348 0)
(0.469546 -0.0317443 0)
(0.466962 -0.0364424 0)
(0.466909 -0.0366947 0)
(0.469455 -0.0341919 0)
(0.473349 -0.0313828 0)
(0.474808 -0.0281651 0)
(0.464551 -0.019541 0)
(0.419472 0.00734788 0)
(0.304479 0.069063 0)
(0.100797 0.168421 0)
(-0.161925 0.272963 0)
(-0.423293 0.348735 0)
(-0.650346 0.385098 0)
(-0.830559 0.385783 0)
(-0.964678 0.359821 0)
(-1.06084 0.317626 0)
(-1.12962 0.268691 0)
(-1.17993 0.219633 0)
(-1.21777 0.17411 0)
(-1.24634 0.133559 0)
(-1.26697 0.0980955 0)
(-1.27999 0.0672325 0)
(-1.28532 0.0402925 0)
(-1.28304 0.016652 0)
(-1.27323 -0.0042293 0)
(-1.25615 -0.0228121 0)
(-1.2323 -0.0393526 0)
(-1.20227 -0.0540273 0)
(-1.16661 -0.0670616 0)
(-1.12583 -0.0786658 0)
(-1.08044 -0.0890197 0)
(-1.03089 -0.0982725 0)
(-0.977578 -0.106543 0)
(-0.920892 -0.113918 0)
(-0.861178 -0.120451 0)
(-0.79878 -0.126168 0)
(-0.734046 -0.131067 0)
(-0.66734 -0.135129 0)
(-0.599045 -0.13832 0)
(-0.52957 -0.140603 0)
(-0.459342 -0.141946 0)
(-0.388806 -0.142327 0)
(-0.318422 -0.141741 0)
(-0.248662 -0.140213 0)
(-0.179989 -0.137793 0)
(-0.112836 -0.134541 0)
(-0.0475863 -0.13044 0)
(0.0154257 -0.125359 0)
(0.0760215 -0.119422 0)
(0.134052 -0.112991 0)
(0.189162 -0.106221 0)
(0.241159 -0.0991731 0)
(0.289936 -0.0919156 0)
(0.335442 -0.084521 0)
(0.377678 -0.0770554 0)
(0.416677 -0.0695741 0)
(0.452504 -0.0621205 0)
(0.485251 -0.0547227 0)
(0.515032 -0.0473914 0)
(0.541989 -0.0401296 0)
(0.566281 -0.032976 0)
(0.588056 -0.0260579 0)
(0.607421 -0.0195319 0)
(0.624461 -0.0134432 0)
(0.639338 -0.00773855 0)
(0.652273 -0.00239301 0)
(0.663153 0.00255493 0)
(0.671763 0.00704765 0)
(0.678027 0.0110287 0)
(0.681876 0.0144375 0)
(0.683265 0.0172033 0)
(0.682203 0.0192369 0)
(0.678777 0.0204213 0)
(0.67317 0.020604 0)
(0.665643 0.0196005 0)
(0.656485 0.0172255 0)
(0.645996 0.0133749 0)
(0.634478 0.00816225 0)
(0.622222 0.00203399 0)
(0.609515 -0.00393238 0)
(0.596003 -0.00772545 0)
(0.579814 -0.00644263 0)
(0.556802 0.00319556 0)
(0.52088 0.0235531 0)
(0.465658 0.0545024 0)
(0.387429 0.0927371 0)
(0.288681 0.131848 0)
(0.179022 0.163805 0)
(0.0716633 0.181993 0)
(-0.0211712 0.18356 0)
(-0.0965422 0.172327 0)
(-0.156978 0.153735 0)
(-0.205018 0.131826 0)
(-0.243147 0.109197 0)
(-0.273081 0.0872358 0)
(-0.295801 0.0665327 0)
(-0.311773 0.0471853 0)
(-0.321208 0.0291101 0)
(-0.324232 0.0121914 0)
(-0.320729 -0.0039023 0)
(-0.310569 -0.0191165 0)
(-0.294019 -0.0334786 0)
(-0.271305 -0.0469805 0)
(-0.242713 -0.0595686 0)
(-0.208604 -0.0711547 0)
(-0.169371 -0.0816125 0)
(-0.125588 -0.0907295 0)
(-0.0779065 -0.098453 0)
(-0.0269979 -0.10459 0)
(0.0265283 -0.108885 0)
(0.081762 -0.111372 0)
(0.137951 -0.112132 0)
(0.194343 -0.111283 0)
(0.250216 -0.108969 0)
(0.304922 -0.105346 0)
(0.357908 -0.100581 0)
(0.408731 -0.0948446 0)
(0.457052 -0.08829 0)
(0.502635 -0.0810497 0)
(0.545338 -0.0732315 0)
(0.585098 -0.0649338 0)
(0.621909 -0.0562733 0)
(0.655791 -0.0474071 0)
(0.686758 -0.0385121 0)
(0.71483 -0.0296644 0)
(0.740089 -0.020763 0)
(0.762613 -0.0116668 0)
(0.782096 -0.00241022 0)
(0.797732 0.00676488 0)
(0.808863 0.0155918 0)
(0.814872 0.0238034 0)
(0.815213 0.0311421 0)
(0.809517 0.0373724 0)
(0.797655 0.0422976 0)
(0.77979 0.0457788 0)
(0.756378 0.0477505 0)
(0.728155 0.0482371 0)
(0.696083 0.0473697 0)
(0.661291 0.0453912 0)
(0.624958 0.0426542 0)
(0.588342 0.0395624 0)
(0.552196 0.0366233 0)
(0.518496 0.0341811 0)
(0.48333 0.0329978 0)
(0.045975 -0.109593 0)
(0.150802 -0.222628 0)
(0.227125 -0.207815 0)
(0.263338 -0.134654 0)
(0.268013 -0.0502791 0)
(0.251232 0.0262038 0)
(0.218925 0.0863912 0)
(0.174149 0.127086 0)
(0.119931 0.148174 0)
(0.0588603 0.153044 0)
(-0.00918238 0.147039 0)
(-0.0849789 0.137972 0)
(-0.164769 0.129359 0)
(-0.24275 0.118826 0)
(-0.311454 0.102822 0)
(-0.365156 0.079598 0)
(-0.400143 0.0494641 0)
(-0.414054 0.0138628 0)
(-0.40642 -0.0248052 0)
(-0.379127 -0.0641214 0)
(-0.333042 -0.101132 0)
(-0.270104 -0.133299 0)
(-0.192408 -0.15839 0)
(-0.102371 -0.17468 0)
(-0.00269529 -0.180556 0)
(0.103006 -0.175312 0)
(0.209622 -0.159372 0)
(0.311284 -0.134295 0)
(0.402793 -0.103642 0)
(0.48 -0.0718229 0)
(0.540335 -0.0433953 0)
(0.582781 -0.0219765 0)
(0.607753 -0.00932848 0)
(0.616995 -0.00510505 0)
(0.613402 -0.00746195 0)
(0.600614 -0.0137892 0)
(0.582423 -0.021127 0)
(0.562177 -0.0265774 0)
(0.542489 -0.028609 0)
(0.524705 -0.0277079 0)
(0.506907 -0.0239442 0)
(0.478771 -0.0110056 0)
(0.412156 0.0290526 0)
(0.269578 0.116983 0)
(0.036373 0.253351 0)
(-0.238231 0.389494 0)
(-0.489397 0.484379 0)
(-0.689265 0.526653 0)
(-0.833777 0.522118 0)
(-0.932198 0.484885 0)
(-0.999132 0.429413 0)
(-1.04792 0.367222 0)
(-1.08738 0.30577 0)
(-1.12143 0.248695 0)
(-1.1507 0.197116 0)
(-1.17443 0.15092 0)
(-1.19161 0.109591 0)
(-1.20158 0.0725701 0)
(-1.20406 0.03943 0)
(-1.19917 0.00978669 0)
(-1.18715 -0.0167959 0)
(-1.16836 -0.0406799 0)
(-1.1433 -0.0621159 0)
(-1.11249 -0.0813106 0)
(-1.07646 -0.0984788 0)
(-1.03569 -0.113838 0)
(-0.990644 -0.127594 0)
(-0.941728 -0.139928 0)
(-0.889312 -0.15099 0)
(-0.833729 -0.160889 0)
(-0.77529 -0.169688 0)
(-0.714302 -0.177413 0)
(-0.651085 -0.184051 0)
(-0.585979 -0.189563 0)
(-0.519352 -0.193894 0)
(-0.451602 -0.196985 0)
(-0.383154 -0.198785 0)
(-0.314453 -0.199263 0)
(-0.245974 -0.198418 0)
(-0.178193 -0.19629 0)
(-0.111555 -0.192953 0)
(-0.0465096 -0.188385 0)
(0.0165002 -0.182485 0)
(0.0772085 -0.175321 0)
(0.135477 -0.167243 0)
(0.19098 -0.158484 0)
(0.243501 -0.149201 0)
(0.292894 -0.139535 0)
(0.339077 -0.129615 0)
(0.382025 -0.119556 0)
(0.421758 -0.10946 0)
(0.458334 -0.0994116 0)
(0.491845 -0.0894773 0)
(0.522407 -0.0797086 0)
(0.550164 -0.0701443 0)
(0.575283 -0.0608181 0)
(0.597957 -0.0517718 0)
(0.618379 -0.0430636 0)
(0.636707 -0.0347541 0)
(0.653055 -0.0269021 0)
(0.667503 -0.0195793 0)
(0.680134 -0.0128258 0)
(0.691124 -0.00662045 0)
(0.700722 -0.000920386 0)
(0.70902 0.00429279 0)
(0.716053 0.00903484 0)
(0.721787 0.013296 0)
(0.726089 0.0170141 0)
(0.728713 0.0200627 0)
(0.729306 0.0222554 0)
(0.727451 0.0233727 0)
(0.722732 0.0232081 0)
(0.714838 0.0216277 0)
(0.703618 0.0186426 0)
(0.688974 0.0146987 0)
(0.67054 0.0111926 0)
(0.647161 0.0109647 0)
(0.616461 0.0182441 0)
(0.574847 0.0375388 0)
(0.518312 0.0714176 0)
(0.444347 0.118077 0)
(0.354664 0.170234 0)
(0.256811 0.216838 0)
(0.162053 0.247275 0)
(0.0797931 0.256146 0)
(0.0130249 0.245333 0)
(-0.0408726 0.221918 0)
(-0.085835 0.193415 0)
(-0.123924 0.163737 0)
(-0.1562 0.134799 0)
(-0.182848 0.10731 0)
(-0.203753 0.0813691 0)
(-0.218712 0.0568163 0)
(-0.227502 0.0334852 0)
(-0.23007 0.011301 0)
(-0.226454 -0.00984052 0)
(-0.216682 -0.0301443 0)
(-0.20086 -0.049454 0)
(-0.179171 -0.0677754 0)
(-0.151845 -0.0849731 0)
(-0.119232 -0.100876 0)
(-0.0816364 -0.115262 0)
(-0.0395047 -0.127957 0)
(0.00653401 -0.138614 0)
(0.0557507 -0.146982 0)
(0.107311 -0.152975 0)
(0.160486 -0.156538 0)
(0.214515 -0.157733 0)
(0.268656 -0.156701 0)
(0.32221 -0.153645 0)
(0.374563 -0.148803 0)
(0.4252 -0.142436 0)
(0.473722 -0.134805 0)
(0.519835 -0.126156 0)
(0.563355 -0.11671 0)
(0.604193 -0.106656 0)
(0.642348 -0.0961531 0)
(0.677882 -0.0853331 0)
(0.710887 -0.0743131 0)
(0.741436 -0.0632014 0)
(0.769557 -0.0520908 0)
(0.795258 -0.0410488 0)
(0.818604 -0.030083 0)
(0.839789 -0.0190942 0)
(0.859063 -0.00793972 0)
(0.876283 0.00340596 0)
(0.891016 0.0148629 0)
(0.902643 0.0262572 0)
(0.910351 0.0373033 0)
(0.913231 0.0476273 0)
(0.910403 0.056811 0)
(0.90116 0.0644537 0)
(0.885095 0.0702359 0)
(0.862187 0.0739728 0)
(0.832859 0.0756436 0)
(0.797925 0.0754126 0)
(0.75869 0.073591 0)
(0.71628 0.070715 0)
(0.673602 0.0672691 0)
(0.6272 0.0639101 0)
(0.0623357 -0.200722 0)
(0.150368 -0.301671 0)
(0.192326 -0.238362 0)
(0.193997 -0.132099 0)
(0.173956 -0.0303537 0)
(0.1432 0.0565898 0)
(0.104809 0.124365 0)
(0.0553957 0.171523 0)
(-0.00576902 0.198345 0)
(-0.078778 0.209409 0)
(-0.165375 0.211546 0)
(-0.262567 0.20909 0)
(-0.361415 0.201004 0)
(-0.451986 0.183691 0)
(-0.526271 0.155023 0)
(-0.579449 0.115358 0)
(-0.609312 0.0668154 0)
(-0.615459 0.0123466 0)
(-0.599331 -0.0446999 0)
(-0.56325 -0.100626 0)
(-0.508869 -0.15266 0)
(-0.43811 -0.198201 0)
(-0.352895 -0.234854 0)
(-0.255239 -0.260575 0)
(-0.147293 -0.273814 0)
(-0.0311853 -0.273228 0)
(0.0906393 -0.257868 0)
(0.213467 -0.229285 0)
(0.331057 -0.190132 0)
(0.437505 -0.145366 0)
(0.527438 -0.100715 0)
(0.596878 -0.0614423 0)
(0.643663 -0.0310892 0)
(0.667749 -0.0109712 0)
(0.671456 -0.000555308 0)
(0.659073 0.00210719 0)
(0.635568 5.881e-05 0)
(0.605365 -0.0030883 0)
(0.572103 -0.00476773 0)
(0.537375 -0.00338372 0)
(0.493303 0.00861082 0)
(0.414177 0.0523615 0)
(0.263366 0.153046 0)
(0.0245043 0.313556 0)
(-0.247152 0.476751 0)
(-0.484355 0.59085 0)
(-0.66246 0.641456 0)
(-0.782583 0.637003 0)
(-0.859241 0.594855 0)
(-0.910165 0.532936 0)
(-0.949269 0.464357 0)
(-0.984046 0.39645 0)
(-1.01667 0.332269 0)
(-1.04646 0.272599 0)
(-1.07189 0.217401 0)
(-1.09167 0.166474 0)
(-1.10495 0.119642 0)
(-1.11128 0.0767273 0)
(-1.1106 0.0375923 0)
(-1.103 0.00207203 0)
(-1.08877 -0.0301526 0)
(-1.06827 -0.0592791 0)
(-1.04194 -0.085523 0)
(-1.01029 -0.109098 0)
(-0.973815 -0.130233 0)
(-0.932989 -0.149171 0)
(-0.888246 -0.166152 0)
(-0.839964 -0.181398 0)
(-0.788473 -0.195095 0)
(-0.73406 -0.207377 0)
(-0.676992 -0.218321 0)
(-0.617535 -0.227945 0)
(-0.555975 -0.236221 0)
(-0.492625 -0.243085 0)
(-0.427836 -0.248456 0)
(-0.361999 -0.252246 0)
(-0.295541 -0.254395 0)
(-0.228906 -0.254865 0)
(-0.162592 -0.253659 0)
(-0.0970276 -0.250845 0)
(-0.032734 -0.246369 0)
(0.029762 -0.240127 0)
(0.0901832 -0.232268 0)
(0.148291 -0.223084 0)
(0.203767 -0.212816 0)
(0.256384 -0.201678 0)
(0.305969 -0.189881 0)
(0.352407 -0.177617 0)
(0.395644 -0.165064 0)
(0.435673 -0.152375 0)
(0.472534 -0.139686 0)
(0.506301 -0.127108 0)
(0.537078 -0.114733 0)
(0.564994 -0.102631 0)
(0.590198 -0.0908593 0)
(0.612861 -0.0794637 0)
(0.633159 -0.0684918 0)
(0.65127 -0.0580013 0)
(0.667351 -0.0480546 0)
(0.681541 -0.0386996 0)
(0.693966 -0.0299586 0)
(0.704741 -0.02184 0)
(0.713962 -0.0143663 0)
(0.721721 -0.00755906 0)
(0.728152 -0.00141085 0)
(0.733435 0.00411528 0)
(0.737728 0.0090847 0)
(0.741126 0.0135755 0)
(0.743585 0.0176494 0)
(0.744855 0.0213098 0)
(0.744457 0.0244622 0)
(0.741746 0.0269022 0)
(0.736019 0.0283798 0)
(0.726567 0.0288157 0)
(0.712555 0.0287715 0)
(0.692739 0.0300907 0)
(0.665211 0.0363411 0)
(0.627472 0.0524706 0)
(0.577077 0.0830618 0)
(0.512858 0.129453 0)
(0.436365 0.187081 0)
(0.352896 0.245196 0)
(0.270711 0.290415 0)
(0.197545 0.312773 0)
(0.136661 0.310455 0)
(0.0864626 0.289438 0)
(0.0434693 0.258665 0)
(0.00536279 0.224672 0)
(-0.028355 0.190566 0)
(-0.0575412 0.157482 0)
(-0.0817696 0.125658 0)
(-0.100793 0.095042 0)
(-0.114274 0.0656381 0)
(-0.122074 0.0374528 0)
(-0.124159 0.0104084 0)
(-0.120659 -0.0155467 0)
(-0.111525 -0.0406415 0)
(-0.0967718 -0.0645315 0)
(-0.0765558 -0.0873981 0)
(-0.0509013 -0.109022 0)
(-0.0200462 -0.129153 0)
(0.0157394 -0.147328 0)
(0.0558233 -0.163312 0)
(0.0995337 -0.176761 0)
(0.146229 -0.187386 0)
(0.19519 -0.195008 0)
(0.245658 -0.199571 0)
(0.296866 -0.201137 0)
(0.348081 -0.199883 0)
(0.398633 -0.196072 0)
(0.447944 -0.190024 0)
(0.495542 -0.18209 0)
(0.541068 -0.172621 0)
(0.584277 -0.161954 0)
(0.625023 -0.150387 0)
(0.66325 -0.13818 0)
(0.698976 -0.125548 0)
(0.732269 -0.11267 0)
(0.763229 -0.0996874 0)
(0.791959 -0.0867068 0)
(0.818551 -0.0737874 0)
(0.843075 -0.0609488 0)
(0.865569 -0.0481951 0)
(0.886058 -0.0355284 0)
(0.904609 -0.0229175 0)
(0.921389 -0.0102697 0)
(0.936577 0.00252392 0)
(0.950213 0.0155468 0)
(0.962138 0.0288155 0)
(0.97191 0.0422202 0)
(0.978755 0.0554918 0)
(0.981618 0.0682071 0)
(0.979302 0.0798398 0)
(0.970666 0.0898445 0)
(0.954863 0.0977467 0)
(0.931477 0.103232 0)
(0.90082 0.106176 0)
(0.863323 0.106744 0)
(0.821753 0.10527 0)
(0.772734 0.101845 0)
(0.0592685 -0.28961 0)
(0.115925 -0.344567 0)
(0.12094 -0.233036 0)
(0.0986133 -0.108532 0)
(0.0650925 -1.88577e-05 0)
(0.0269569 0.0922419 0)
(-0.0235556 0.166669 0)
(-0.0866339 0.221805 0)
(-0.164116 0.259087 0)
(-0.257132 0.282304 0)
(-0.363031 0.294644 0)
(-0.472871 0.295123 0)
(-0.575387 0.280798 0)
(-0.661418 0.249933 0)
(-0.72559 0.203442 0)
(-0.765893 0.144274 0)
(-0.782493 0.0761882 0)
(-0.776703 0.00337312 0)
(-0.750887 -0.0703277 0)
(-0.706798 -0.14149 0)
(-0.646064 -0.207345 0)
(-0.570273 -0.265355 0)
(-0.480962 -0.313172 0)
(-0.379721 -0.348626 0)
(-0.268362 -0.369719 0)
(-0.148875 -0.374886 0)
(-0.0232287 -0.3634 0)
(0.106029 -0.333836 0)
(0.233302 -0.289334 0)
(0.351676 -0.234235 0)
(0.454926 -0.175036 0)
(0.538129 -0.118114 0)
(0.598258 -0.0684316 0)
(0.634417 -0.0291291 0)
(0.648139 -0.00166947 0)
(0.642804 0.0143912 0)
(0.622802 0.0219847 0)
(0.59247 0.0249845 0)
(0.554651 0.0272377 0)
(0.504815 0.037765 0)
(0.4241 0.0777182 0)
(0.280467 0.176376 0)
(0.0531176 0.345331 0)
(-0.209858 0.530878 0)
(-0.436729 0.666808 0)
(-0.601933 0.731903 0)
(-0.708579 0.734417 0)
(-0.773442 0.694399 0)
(-0.815584 0.632001 0)
(-0.848963 0.561618 0)
(-0.880302 0.490717 0)
(-0.91095 0.422041 0)
(-0.939801 0.356273 0)
(-0.965267 0.293598 0)
(-0.986055 0.234216 0)
(-1.00127 0.178339 0)
(-1.01036 0.126141 0)
(-1.01296 0.0777052 0)
(-1.00911 0.033065 0)
(-0.998827 -0.00783303 0)
(-0.982387 -0.0451937 0)
(-0.960108 -0.0791215 0)
(-0.932421 -0.109777 0)
(-0.899815 -0.137358 0)
(-0.862787 -0.1621 0)
(-0.821807 -0.184275 0)
(-0.777294 -0.204167 0)
(-0.729598 -0.222047 0)
(-0.679005 -0.238143 0)
(-0.625754 -0.252618 0)
(-0.570061 -0.265558 0)
(-0.512146 -0.27697 0)
(-0.452258 -0.286801 0)
(-0.390689 -0.294951 0)
(-0.327778 -0.301315 0)
(-0.263916 -0.30577 0)
(-0.199531 -0.308244 0)
(-0.13508 -0.3087 0)
(-0.0710297 -0.307115 0)
(-0.00796192 -0.303407 0)
(0.053576 -0.297458 0)
(0.113327 -0.289507 0)
(0.170922 -0.279784 0)
(0.226033 -0.26852 0)
(0.278404 -0.255967 0)
(0.327838 -0.242387 0)
(0.374195 -0.22804 0)
(0.417391 -0.213168 0)
(0.457396 -0.19799 0)
(0.49423 -0.1827 0)
(0.527949 -0.167463 0)
(0.558646 -0.152418 0)
(0.586437 -0.137676 0)
(0.611462 -0.123326 0)
(0.633875 -0.109439 0)
(0.653843 -0.0960724 0)
(0.67154 -0.0832752 0)
(0.687137 -0.0710949 0)
(0.70079 -0.0595726 0)
(0.712636 -0.0487394 0)
(0.7228 -0.0386161 0)
(0.731394 -0.0292167 0)
(0.738521 -0.020547 0)
(0.744278 -0.0126043 0)
(0.74874 -0.00538637 0)
(0.751974 0.00111496 0)
(0.754076 0.00694056 0)
(0.755139 0.0121917 0)
(0.755229 0.0170224 0)
(0.754322 0.0215964 0)
(0.752239 0.0260115 0)
(0.74859 0.0302413 0)
(0.742743 0.0341943 0)
(0.733762 0.0379957 0)
(0.72029 0.0425234 0)
(0.700454 0.0500246 0)
(0.671984 0.0643537 0)
(0.632751 0.0902338 0)
(0.581729 0.131179 0)
(0.520049 0.186555 0)
(0.451533 0.24938 0)
(0.382127 0.307159 0)
(0.31795 0.346738 0)
(0.26258 0.360719 0)
(0.215763 0.35058 0)
(0.174968 0.324048 0)
(0.138038 0.289617 0)
(0.10422 0.252644 0)
(0.0738324 0.21539 0)
(0.0475643 0.178706 0)
(0.0257345 0.142762 0)
(0.00869719 0.107758 0)
(-0.00312494 0.0739867 0)
(-0.00988275 0.0413852 0)
(-0.0113994 0.00991634 0)
(-0.00792499 -0.0204985 0)
(0.000877972 -0.0498984 0)
(0.0150495 -0.0782946 0)
(0.0340796 -0.105529 0)
(0.0581495 -0.131354 0)
(0.0870194 -0.155432 0)
(0.120361 -0.177316 0)
(0.157765 -0.196555 0)
(0.198665 -0.212737 0)
(0.242389 -0.225512 0)
(0.288205 -0.234657 0)
(0.335354 -0.240102 0)
(0.383084 -0.241931 0)
(0.430691 -0.240368 0)
(0.477545 -0.235747 0)
(0.523118 -0.228474 0)
(0.56699 -0.218992 0)
(0.608859 -0.207748 0)
(0.648528 -0.195164 0)
(0.685899 -0.181617 0)
(0.720955 -0.16743 0)
(0.753742 -0.152864 0)
(0.784349 -0.138125 0)
(0.812881 -0.123363 0)
(0.839448 -0.108679 0)
(0.864147 -0.0941276 0)
(0.88706 -0.0797228 0)
(0.908255 -0.065446 0)
(0.927776 -0.0512604 0)
(0.945638 -0.0371251 0)
(0.961834 -0.0230074 0)
(0.976378 -0.0088788 0)
(0.989349 0.00530022 0)
(1.00087 0.0196159 0)
(1.01105 0.0341701 0)
(1.01987 0.0490283 0)
(1.02702 0.0641429 0)
(1.03179 0.079282 0)
(1.03309 0.0940044 0)
(1.02955 0.107692 0)
(1.01979 0.119651 0)
(1.00282 0.129222 0)
(0.977724 0.135926 0)
(0.946028 0.139632 0)
(0.904014 0.139562 0)
(0.0421638 -0.357086 0)
(0.0657992 -0.349745 0)
(0.0448552 -0.210624 0)
(0.0119937 -0.0802331 0)
(-0.0302151 0.0356864 0)
(-0.0863414 0.136167 0)
(-0.155901 0.219952 0)
(-0.239521 0.287063 0)
(-0.338204 0.337606 0)
(-0.449073 0.371576 0)
(-0.563999 0.387398 0)
(-0.672066 0.382131 0)
(-0.764045 0.3544 0)
(-0.834538 0.305659 0)
(-0.881738 0.23974 0)
(-0.906104 0.161451 0)
(-0.909255 0.0753286 0)
(-0.892901 -0.0139085 0)
(-0.859239 -0.102476 0)
(-0.809669 -0.187181 0)
(-0.745561 -0.265356 0)
(-0.668092 -0.334586 0)
(-0.578294 -0.392602 0)
(-0.477196 -0.437212 0)
(-0.365991 -0.46627 0)
(-0.246194 -0.477783 0)
(-0.120005 -0.470312 0)
(0.01088 -0.442011 0)
(0.142368 -0.393028 0)
(0.266896 -0.327874 0)
(0.376423 -0.253681 0)
(0.464994 -0.178588 0)
(0.529547 -0.109571 0)
(0.570091 -0.0516815 0)
(0.588997 -0.00767844 0)
(0.589535 0.0222352 0)
(0.575105 0.0404846 0)
(0.548056 0.052172 0)
(0.505412 0.0666589 0)
(0.433716 0.103086 0)
(0.307983 0.191192 0)
(0.105326 0.352882 0)
(-0.143436 0.552658 0)
(-0.36371 0.712865 0)
(-0.523664 0.799666 0)
(-0.624872 0.816896 0)
(-0.684188 0.785111 0)
(-0.721151 0.726593 0)
(-0.750066 0.657369 0)
(-0.777734 0.585744 0)
(-0.805485 0.514678 0)
(-0.832262 0.444907 0)
(-0.856581 0.376752 0)
(-0.87722 0.310651 0)
(-0.893267 0.247109 0)
(-0.904042 0.186574 0)
(-0.909103 0.129388 0)
(-0.9081 0.0758335 0)
(-0.901149 0.026093 0)
(-0.88822 -0.0198399 0)
(-0.869597 -0.0619915 0)
(-0.845546 -0.100385 0)
(-0.816493 -0.135124 0)
(-0.782925 -0.166378 0)
(-0.745345 -0.194391 0)
(-0.704226 -0.219471 0)
(-0.659973 -0.241957 0)
(-0.612904 -0.262182 0)
(-0.563258 -0.280429 0)
(-0.511211 -0.296892 0)
(-0.456921 -0.311662 0)
(-0.400559 -0.324729 0)
(-0.342338 -0.336008 0)
(-0.28254 -0.345354 0)
(-0.221496 -0.352626 0)
(-0.159626 -0.357675 0)
(-0.0973189 -0.360431 0)
(-0.0351304 -0.360737 0)
(0.0263215 -0.35843 0)
(0.0865869 -0.353492 0)
(0.14532 -0.346117 0)
(0.202087 -0.336479 0)
(0.256538 -0.324799 0)
(0.308379 -0.311349 0)
(0.357383 -0.296432 0)
(0.403384 -0.280361 0)
(0.446274 -0.263441 0)
(0.486 -0.245961 0)
(0.522561 -0.228181 0)
(0.555998 -0.21033 0)
(0.586388 -0.1926 0)
(0.613837 -0.175153 0)
(0.638475 -0.158119 0)
(0.660447 -0.141601 0)
(0.679913 -0.125679 0)
(0.69704 -0.110416 0)
(0.711998 -0.0958605 0)
(0.724952 -0.0820533 0)
(0.736058 -0.0690255 0)
(0.745455 -0.0567972 0)
(0.75327 -0.0453775 0)
(0.759613 -0.0347665 0)
(0.76458 -0.0249601 0)
(0.768254 -0.0159501 0)
(0.770703 -0.00772317 0)
(0.771976 -0.000257146 0)
(0.772112 0.00649532 0)
(0.771141 0.0126364 0)
(0.769089 0.018331 0)
(0.765971 0.0237872 0)
(0.761751 0.0292104 0)
(0.756258 0.0347674 0)
(0.749053 0.0406602 0)
(0.739276 0.0474095 0)
(0.725524 0.0563343 0)
(0.705892 0.0699942 0)
(0.678336 0.092134 0)
(0.641414 0.126657 0)
(0.595215 0.175513 0)
(0.542011 0.236157 0)
(0.486022 0.300161 0)
(0.432061 0.354944 0)
(0.383624 0.388964 0)
(0.341532 0.397263 0)
(0.304285 0.382958 0)
(0.269952 0.353791 0)
(0.23774 0.317243 0)
(0.207985 0.277888 0)
(0.181377 0.237796 0)
(0.158537 0.19787 0)
(0.139662 0.15839 0)
(0.125086 0.119683 0)
(0.115021 0.0819967 0)
(0.109484 0.0453273 0)
(0.108414 0.00972865 0)
(0.111722 -0.0248164 0)
(0.119694 -0.0582031 0)
(0.132421 -0.0907714 0)
(0.149834 -0.122126 0)
(0.171951 -0.151951 0)
(0.198601 -0.179818 0)
(0.229459 -0.205186 0)
(0.264084 -0.227489 0)
(0.30191 -0.246211 0)
(0.342274 -0.26094 0)
(0.384458 -0.27142 0)
(0.427724 -0.27758 0)
(0.47136 -0.279534 0)
(0.514708 -0.277563 0)
(0.557201 -0.272075 0)
(0.598374 -0.26357 0)
(0.637877 -0.252583 0)
(0.675473 -0.239652 0)
(0.711027 -0.225283 0)
(0.744494 -0.209924 0)
(0.775902 -0.193951 0)
(0.805329 -0.177666 0)
(0.832884 -0.161294 0)
(0.858686 -0.144994 0)
(0.882851 -0.128859 0)
(0.905477 -0.112932 0)
(0.926642 -0.0972098 0)
(0.9464 -0.0816615 0)
(0.964784 -0.0662375 0)
(0.981807 -0.0508776 0)
(0.997464 -0.0355174 0)
(1.01172 -0.0201025 0)
(1.02453 -0.00460702 0)
(1.03583 0.0109631 0)
(1.04563 0.0266286 0)
(1.05405 0.0424535 0)
(1.06121 0.0585479 0)
(1.06717 0.0750115 0)
(1.0717 0.0918294 0)
(1.07414 0.108759 0)
(1.07331 0.125271 0)
(1.06785 0.140588 0)
(1.05592 0.153771 0)
(1.03754 0.164175 0)
(1.00852 0.170152 0)
(0.0204345 -0.393437 0)
(0.0150861 -0.330455 0)
(-0.0219354 -0.181501 0)
(-0.0667905 -0.0424933 0)
(-0.125964 0.0842749 0)
(-0.200881 0.195294 0)
(-0.290844 0.291283 0)
(-0.394749 0.370619 0)
(-0.509237 0.430439 0)
(-0.626802 0.467141 0)
(-0.737496 0.477208 0)
(-0.832538 0.458956 0)
(-0.906721 0.413953 0)
(-0.958375 0.346483 0)
(-0.988119 0.262183 0)
(-0.997461 0.166786 0)
(-0.988571 0.0650548 0)
(-0.963223 -0.0381848 0)
(-0.923614 -0.139366 0)
(-0.870969 -0.23555 0)
(-0.806414 -0.324281 0)
(-0.730752 -0.403338 0)
(-0.644536 -0.470573 0)
(-0.548183 -0.523805 0)
(-0.442144 -0.560789 0)
(-0.327209 -0.579256 0)
(-0.204725 -0.576873 0)
(-0.0766002 -0.551532 0)
(0.0553227 -0.500703 0)
(0.184542 -0.426384 0)
(0.300819 -0.336484 0)
(0.395771 -0.241705 0)
(0.465061 -0.152359 0)
(0.508895 -0.076002 0)
(0.53055 -0.0165426 0)
(0.534306 0.0261221 0)
(0.522344 0.0559129 0)
(0.492703 0.0821293 0)
(0.435769 0.12121 0)
(0.333137 0.199371 0)
(0.163926 0.343857 0)
(-0.0620003 0.545147 0)
(-0.276063 0.728556 0)
(-0.435669 0.843236 0)
(-0.537018 0.882853 0)
(-0.594907 0.865454 0)
(-0.628705 0.814696 0)
(-0.653453 0.749028 0)
(-0.676821 0.678539 0)
(-0.700744 0.607027 0)
(-0.724484 0.535407 0)
(-0.746692 0.46398 0)
(-0.766158 0.393209 0)
(-0.781921 0.323732 0)
(-0.793254 0.256227 0)
(-0.799615 0.191311 0)
(-0.800652 0.129481 0)
(-0.796126 0.0712019 0)
(-0.786179 0.016784 0)
(-0.770784 -0.0338038 0)
(-0.750173 -0.0803735 0)
(-0.724555 -0.122885 0)
(-0.694333 -0.16137 0)
(-0.659992 -0.195963 0)
(-0.622042 -0.226911 0)
(-0.580967 -0.254562 0)
(-0.537164 -0.279328 0)
(-0.490918 -0.301619 0)
(-0.442404 -0.321785 0)
(-0.391723 -0.340056 0)
(-0.338963 -0.356522 0)
(-0.284242 -0.371151 0)
(-0.227737 -0.383803 0)
(-0.169735 -0.394277 0)
(-0.110557 -0.402425 0)
(-0.05067 -0.407991 0)
(0.0093342 -0.410776 0)
(0.068905 -0.410516 0)
(0.12765 -0.407306 0)
(0.185072 -0.401197 0)
(0.240736 -0.392309 0)
(0.294251 -0.380848 0)
(0.345294 -0.367092 0)
(0.393606 -0.351363 0)
(0.438992 -0.334016 0)
(0.481326 -0.315414 0)
(0.520534 -0.295912 0)
(0.5566 -0.27584 0)
(0.589549 -0.255494 0)
(0.619444 -0.235134 0)
(0.646382 -0.214978 0)
(0.67048 -0.195206 0)
(0.691875 -0.175965 0)
(0.710717 -0.157367 0)
(0.727166 -0.139499 0)
(0.741387 -0.122428 0)
(0.753546 -0.106202 0)
(0.763804 -0.0908554 0)
(0.772315 -0.0764095 0)
(0.779219 -0.0628725 0)
(0.784646 -0.0502408 0)
(0.788706 -0.0385019 0)
(0.791493 -0.0276382 0)
(0.793082 -0.0176277 0)
(0.793532 -0.00844262 0)
(0.79288 -4.74629e-05 0)
(0.791149 0.00761685 0)
(0.788352 0.0146609 0)
(0.784492 0.0212537 0)
(0.779574 0.0276135 0)
(0.773579 0.0339977 0)
(0.766401 0.0407168 0)
(0.757722 0.0482487 0)
(0.746855 0.0575091 0)
(0.732662 0.0702191 0)
(0.713655 0.0891162 0)
(0.688399 0.117623 0)
(0.656193 0.158665 0)
(0.617768 0.212726 0)
(0.575548 0.275873 0)
(0.533041 0.33915 0)
(0.493404 0.390761 0)
(0.458057 0.420875 0)
(0.426367 0.426064 0)
(0.396702 0.409859 0)
(0.367965 0.379388 0)
(0.340279 0.341321 0)
(0.314472 0.29989 0)
(0.291382 0.257219 0)
(0.27158 0.214343 0)
(0.255332 0.17177 0)
(0.242835 0.12984 0)
(0.234188 0.0887566 0)
(0.2295 0.0485885 0)
(0.228804 0.00937229 0)
(0.232054 -0.0288405 0)
(0.239553 -0.0660687 0)
(0.251416 -0.102391 0)
(0.26761 -0.137523 0)
(0.288089 -0.17104 0)
(0.312678 -0.20239 0)
(0.341057 -0.230924 0)
(0.372781 -0.255973 0)
(0.407289 -0.276933 0)
(0.443936 -0.293334 0)
(0.482032 -0.304894 0)
(0.520887 -0.311549 0)
(0.559846 -0.313453 0)
(0.598326 -0.310952 0)
(0.63584 -0.304538 0)
(0.672007 -0.294801 0)
(0.706564 -0.282371 0)
(0.73935 -0.267875 0)
(0.770305 -0.251893 0)
(0.799443 -0.234936 0)
(0.826838 -0.217426 0)
(0.852605 -0.199693 0)
(0.876873 -0.181976 0)
(0.899773 -0.16443 0)
(0.92142 -0.147137 0)
(0.941908 -0.130122 0)
(0.961301 -0.113362 0)
(0.979636 -0.0968032 0)
(0.996919 -0.0803757 0)
(1.01313 -0.0640044 0)
(1.02825 -0.0476163 0)
(1.04221 -0.0311438 0)
(1.05497 -0.0145308 0)
(1.06643 0.00224448 0)
(1.07649 0.019166 0)
(1.08506 0.0362061 0)
(1.09214 0.0533649 0)
(1.09787 0.0707129 0)
(1.10245 0.0883853 0)
(1.10599 0.106497 0)
(1.10825 0.124991 0)
(1.1086 0.143509 0)
(1.10549 0.161253 0)
(1.09819 0.17745 0)
(1.08266 0.190054 0)
(0.000674705 -0.396943 0)
(-0.0302093 -0.29899 0)
(-0.0818196 -0.141174 0)
(-0.143376 0.00919323 0)
(-0.22056 0.147569 0)
(-0.313782 0.271221 0)
(-0.420907 0.378764 0)
(-0.537702 0.466029 0)
(-0.656861 0.52757 0)
(-0.769145 0.558369 0)
(-0.866169 0.555769 0)
(-0.942698 0.520714 0)
(-0.99698 0.45749 0)
(-1.02965 0.372237 0)
(-1.04256 0.271487 0)
(-1.03778 0.161414 0)
(-1.01799 0.0468874 0)
(-0.985341 -0.0676299 0)
(-0.941629 -0.178795 0)
(-0.887963 -0.284015 0)
(-0.825263 -0.381112 0)
(-0.754093 -0.468136 0)
(-0.674692 -0.54315 0)
(-0.58707 -0.604068 0)
(-0.491141 -0.648614 0)
(-0.386877 -0.674335 0)
(-0.274521 -0.678455 0)
(-0.154892 -0.657793 0)
(-0.0294534 -0.609779 0)
(0.0991809 -0.530379 0)
(0.221289 -0.427169 0)
(0.325403 -0.312834 0)
(0.404049 -0.201695 0)
(0.455067 -0.104954 0)
(0.481108 -0.028505 0)
(0.485658 0.0287877 0)
(0.469293 0.0744932 0)
(0.427453 0.123525 0)
(0.34785 0.198066 0)
(0.213792 0.324556 0)
(0.0209972 0.513641 0)
(-0.182309 0.713405 0)
(-0.342909 0.858914 0)
(-0.44779 0.928107 0)
(-0.507208 0.931868 0)
(-0.539327 0.893467 0)
(-0.559998 0.834017 0)
(-0.578345 0.766467 0)
(-0.597446 0.696264 0)
(-0.617139 0.624806 0)
(-0.636243 0.552298 0)
(-0.65351 0.479021 0)
(-0.667881 0.405577 0)
(-0.678556 0.332782 0)
(-0.685002 0.261501 0)
(-0.686878 0.192542 0)
(-0.683948 0.126526 0)
(-0.676153 0.0640061 0)
(-0.663534 0.00532477 0)
(-0.646112 -0.0494687 0)
(-0.623945 -0.100084 0)
(-0.597176 -0.146385 0)
(-0.566157 -0.188311 0)
(-0.531372 -0.225932 0)
(-0.493352 -0.25949 0)
(-0.4526 -0.289378 0)
(-0.409515 -0.316101 0)
(-0.364351 -0.340171 0)
(-0.317221 -0.362031 0)
(-0.268133 -0.381958 0)
(-0.217085 -0.400019 0)
(-0.164145 -0.416154 0)
(-0.109455 -0.43017 0)
(-0.0533089 -0.441745 0)
(0.0038018 -0.450617 0)
(0.0613608 -0.456347 0)
(0.118884 -0.458851 0)
(0.17584 -0.458028 0)
(0.231716 -0.453853 0)
(0.286029 -0.446389 0)
(0.338358 -0.435815 0)
(0.388344 -0.422387 0)
(0.435701 -0.406436 0)
(0.480212 -0.388341 0)
(0.52173 -0.368513 0)
(0.560169 -0.347363 0)
(0.595501 -0.325292 0)
(0.627743 -0.302667 0)
(0.65695 -0.279816 0)
(0.683208 -0.257024 0)
(0.706625 -0.234529 0)
(0.727329 -0.212527 0)
(0.745458 -0.191175 0)
(0.761163 -0.170593 0)
(0.7746 -0.150875 0)
(0.785926 -0.132088 0)
(0.795303 -0.114278 0)
(0.802886 -0.0974746 0)
(0.808823 -0.0816926 0)
(0.813256 -0.0669304 0)
(0.816312 -0.0531728 0)
(0.818106 -0.0403936 0)
(0.818734 -0.0285583 0)
(0.818269 -0.0176272 0)
(0.816767 -0.00755763 0)
(0.814258 0.00169902 0)
(0.810756 0.0102132 0)
(0.806271 0.0181038 0)
(0.800803 0.0255429 0)
(0.794355 0.0327588 0)
(0.786909 0.0400498 0)
(0.778378 0.047836 0)
(0.768522 0.0568009 0)
(0.756849 0.0681413 0)
(0.742599 0.0838278 0)
(0.724859 0.106629 0)
(0.702902 0.139588 0)
(0.676654 0.18479 0)
(0.647103 0.241645 0)
(0.616287 0.305432 0)
(0.586609 0.367247 0)
(0.559685 0.416304 0)
(0.535525 0.444135 0)
(0.512816 0.448095 0)
(0.490112 0.431508 0)
(0.466912 0.400712 0)
(0.443822 0.361727 0)
(0.421913 0.318633 0)
(0.402114 0.273728 0)
(0.385019 0.228263 0)
(0.370966 0.182941 0)
(0.360151 0.138154 0)
(0.352746 0.0941033 0)
(0.348941 0.0508574 0)
(0.348778 0.00845064 0)
(0.352196 -0.0330375 0)
(0.359487 -0.0736629 0)
(0.370727 -0.113393 0)
(0.385879 -0.151918 0)
(0.404856 -0.188726 0)
(0.427446 -0.223155 0)
(0.453308 -0.254449 0)
(0.481981 -0.281843 0)
(0.51291 -0.304653 0)
(0.545476 -0.322363 0)
(0.579036 -0.33468 0)
(0.612967 -0.341561 0)
(0.6467 -0.343211 0)
(0.679749 -0.340048 0)
(0.71173 -0.332654 0)
(0.742368 -0.32171 0)
(0.771498 -0.307936 0)
(0.799053 -0.292039 0)
(0.82505 -0.274666 0)
(0.84957 -0.256379 0)
(0.872737 -0.237634 0)
(0.894696 -0.218779 0)
(0.915598 -0.200053 0)
(0.935578 -0.181601 0)
(0.954746 -0.163485 0)
(0.973178 -0.145706 0)
(0.990913 -0.128214 0)
(1.00796 -0.110931 0)
(1.02428 -0.093763 0)
(1.03984 -0.076616 0)
(1.05455 -0.0594037 0)
(1.06833 -0.0420534 0)
(1.08109 -0.0245054 0)
(1.09274 -0.00671661 0)
(1.10318 0.0113213 0)
(1.11228 0.029585 0)
(1.11992 0.0480129 0)
(1.12602 0.0665472 0)
(1.13065 0.0851895 0)
(1.13404 0.104039 0)
(1.13647 0.123242 0)
(1.13813 0.142884 0)
(1.1385 0.162686 0)
(1.13722 0.18226 0)
(1.13128 0.19992 0)
(-0.0148386 -0.374533 0)
(-0.0684645 -0.254453 0)
(-0.13575 -0.0863179 0)
(-0.214986 0.0750156 0)
(-0.308456 0.224953 0)
(-0.415888 0.359903 0)
(-0.532982 0.475122 0)
(-0.652704 0.563982 0)
(-0.766143 0.619835 0)
(-0.864936 0.638356 0)
(-0.943436 0.619186 0)
(-0.999466 0.565953 0)
(-1.03362 0.484985 0)
(-1.04805 0.383589 0)
(-1.04556 0.268761 0)
(-1.02883 0.146818 0)
(-1.00062 0.0224875 0)
(-0.963033 -0.100553 0)
(-0.917161 -0.219188 0)
(-0.864074 -0.331052 0)
(-0.804606 -0.434227 0)
(-0.739232 -0.527066 0)
(-0.668074 -0.607894 0)
(-0.591052 -0.6748 0)
(-0.507981 -0.725631 0)
(-0.418476 -0.758008 0)
(-0.321833 -0.769072 0)
(-0.217298 -0.755116 0)
(-0.105375 -0.712127 0)
(0.0136295 -0.634603 0)
(0.134351 -0.523784 0)
(0.244431 -0.393255 0)
(0.332796 -0.260715 0)
(0.393497 -0.141406 0)
(0.425685 -0.0434964 0)
(0.429603 0.0339987 0)
(0.40488 0.102348 0)
(0.347138 0.181575 0)
(0.245612 0.296359 0)
(0.0917528 0.465577 0)
(-0.0911516 0.669174 0)
(-0.249896 0.842824 0)
(-0.35924 0.94687 0)
(-0.422205 0.979267 0)
(-0.454054 0.959254 0)
(-0.470913 0.909706 0)
(-0.483605 0.847169 0)
(-0.496825 0.77984 0)
(-0.511318 0.710265 0)
(-0.526198 0.638696 0)
(-0.540197 0.565092 0)
(-0.552114 0.489804 0)
(-0.56102 0.413628 0)
(-0.566341 0.337624 0)
(-0.567811 0.262878 0)
(-0.565335 0.190351 0)
(-0.558763 0.120733 0)
(-0.548187 0.0545667 0)
(-0.53343 -0.00785177 0)
(-0.514562 -0.0664173 0)
(-0.491441 -0.120733 0)
(-0.464089 -0.17054 0)
(-0.432773 -0.215648 0)
(-0.397967 -0.25602 0)
(-0.36023 -0.29188 0)
(-0.320106 -0.323676 0)
(-0.278021 -0.352031 0)
(-0.234194 -0.377592 0)
(-0.188659 -0.400925 0)
(-0.141367 -0.422384 0)
(-0.0922093 -0.441994 0)
(-0.0411857 -0.459629 0)
(0.0114967 -0.474971 0)
(0.0655193 -0.487438 0)
(0.120387 -0.496759 0)
(0.175565 -0.502625 0)
(0.230485 -0.504817 0)
(0.284573 -0.503218 0)
(0.337303 -0.49785 0)
(0.388208 -0.488833 0)
(0.43689 -0.476394 0)
(0.483034 -0.46085 0)
(0.526401 -0.442594 0)
(0.56683 -0.422065 0)
(0.604227 -0.399726 0)
(0.638561 -0.37604 0)
(0.669846 -0.351442 0)
(0.698138 -0.326335 0)
(0.723518 -0.30107 0)
(0.746091 -0.27595 0)
(0.765974 -0.251229 0)
(0.783298 -0.227111 0)
(0.7982 -0.203762 0)
(0.810822 -0.181307 0)
(0.821312 -0.159842 0)
(0.829819 -0.139436 0)
(0.836493 -0.120133 0)
(0.841482 -0.101961 0)
(0.844927 -0.0849263 0)
(0.846966 -0.0690216 0)
(0.847726 -0.0542218 0)
(0.847323 -0.0404881 0)
(0.845857 -0.0277698 0)
(0.843406 -0.0160082 0)
(0.84003 -0.00514245 0)
(0.835758 0.00489176 0)
(0.830604 0.0141766 0)
(0.824572 0.0228369 0)
(0.817663 0.0310437 0)
(0.809884 0.0390333 0)
(0.801226 0.0471383 0)
(0.791634 0.0558578 0)
(0.780954 0.0660052 0)
(0.768904 0.0789274 0)
(0.755099 0.0966836 0)
(0.739184 0.121955 0)
(0.721049 0.157429 0)
(0.701087 0.204594 0)
(0.68033 0.262232 0)
(0.660266 0.325338 0)
(0.642231 0.385392 0)
(0.626616 0.432599 0)
(0.612501 0.45948 0)
(0.59822 0.463669 0)
(0.582462 0.447929 0)
(0.565028 0.417732 0)
(0.546733 0.378535 0)
(0.528763 0.334359 0)
(0.512143 0.287728 0)
(0.497574 0.240142 0)
(0.485506 0.192465 0)
(0.476245 0.145158 0)
(0.470035 0.0984437 0)
(0.467099 0.0524049 0)
(0.467488 0.00709915 0)
(0.471144 -0.0373622 0)
(0.478335 -0.0810378 0)
(0.489067 -0.123829 0)
(0.503261 -0.165357 0)
(0.520769 -0.205027 0)
(0.541321 -0.242077 0)
(0.564534 -0.275653 0)
(0.589929 -0.304905 0)
(0.616956 -0.329097 0)
(0.645036 -0.347684 0)
(0.673596 -0.360383 0)
(0.702103 -0.367188 0)
(0.730099 -0.368368 0)
(0.757219 -0.364422 0)
(0.783203 -0.356019 0)
(0.8079 -0.34393 0)
(0.831257 -0.328958 0)
(0.853308 -0.31188 0)
(0.874152 -0.293398 0)
(0.893938 -0.274111 0)
(0.912837 -0.254496 0)
(0.931025 -0.234902 0)
(0.948664 -0.215559 0)
(0.965885 -0.196588 0)
(0.982781 -0.178024 0)
(0.999398 -0.159832 0)
(1.01574 -0.141932 0)
(1.03176 -0.124217 0)
(1.0474 -0.106567 0)
(1.06255 -0.0888682 0)
(1.07709 -0.07102 0)
(1.0909 -0.0529431 0)
(1.10383 -0.0345812 0)
(1.11576 -0.015898 0)
(1.12659 0.0031197 0)
(1.1362 0.0224618 0)
(1.14447 0.0420832 0)
(1.15129 0.0618969 0)
(1.15656 0.0817971 0)
(1.16029 0.101717 0)
(1.16268 0.121681 0)
(1.16412 0.141838 0)
(1.16482 0.162255 0)
(1.16515 0.183018 0)
(1.16363 0.203271 0)
(-0.0263719 -0.332435 0)
(-0.0993309 -0.195071 0)
(-0.181929 -0.0188045 0)
(-0.275589 0.152562 0)
(-0.381252 0.312721 0)
(-0.496503 0.455333 0)
(-0.615298 0.572784 0)
(-0.729254 0.656869 0)
(-0.8298 0.701204 0)
(-0.910527 0.703417 0)
(-0.96844 0.665836 0)
(-1.00383 0.594485 0)
(-1.01925 0.49726 0)
(-1.01818 0.382214 0)
(-1.00387 0.256331 0)
(-0.97907 0.12552 0)
(-0.945742 -0.0061246 0)
(-0.905395 -0.135514 0)
(-0.858964 -0.259602 0)
(-0.807555 -0.376094 0)
(-0.752082 -0.48331 0)
(-0.69296 -0.579934 0)
(-0.630139 -0.664547 0)
(-0.563537 -0.735338 0)
(-0.493338 -0.790277 0)
(-0.419627 -0.827375 0)
(-0.341559 -0.844298 0)
(-0.257174 -0.837408 0)
(-0.164549 -0.801188 0)
(-0.0631224 -0.729492 0)
(0.0460558 -0.618209 0)
(0.153464 -0.476854 0)
(0.245715 -0.325545 0)
(0.313034 -0.182852 0)
(0.350361 -0.0595925 0)
(0.354373 0.0435029 0)
(0.32305 0.140443 0)
(0.253044 0.254094 0)
(0.138723 0.406633 0)
(-0.0130378 0.601109 0)
(-0.162143 0.793351 0)
(-0.273832 0.933034 0)
(-0.340986 1.00099 0)
(-0.373878 1.00698 0)
(-0.38756 0.972774 0)
(-0.394268 0.918241 0)
(-0.40061 0.855419 0)
(-0.408635 0.789115 0)
(-0.418015 0.720187 0)
(-0.427577 0.64832 0)
(-0.436007 0.573411 0)
(-0.442185 0.495982 0)
(-0.445387 0.417116 0)
(-0.445331 0.338173 0)
(-0.442013 0.260452 0)
(-0.435542 0.184967 0)
(-0.425791 0.112418 0)
(-0.412928 0.0432811 0)
(-0.396628 -0.0223521 0)
(-0.376989 -0.0842327 0)
(-0.353528 -0.141876 0)
(-0.326193 -0.194906 0)
(-0.295152 -0.242965 0)
(-0.260848 -0.28584 0)
(-0.223847 -0.32374 0)
(-0.184714 -0.357148 0)
(-0.143947 -0.386832 0)
(-0.10175 -0.413621 0)
(-0.0580365 -0.438259 0)
(-0.0126501 -0.46119 0)
(0.0345611 -0.482341 0)
(0.083579 -0.501385 0)
(0.13418 -0.51786 0)
(0.185994 -0.531229 0)
(0.238505 -0.541001 0)
(0.291094 -0.546805 0)
(0.343138 -0.548437 0)
(0.394044 -0.545825 0)
(0.443285 -0.539034 0)
(0.490418 -0.528247 0)
(0.53509 -0.513762 0)
(0.577042 -0.495965 0)
(0.6161 -0.475315 0)
(0.652167 -0.452311 0)
(0.685214 -0.42747 0)
(0.715263 -0.401295 0)
(0.742377 -0.374255 0)
(0.766643 -0.346774 0)
(0.788167 -0.319221 0)
(0.807067 -0.29191 0)
(0.823462 -0.265101 0)
(0.83748 -0.239004 0)
(0.849248 -0.213787 0)
(0.858896 -0.18958 0)
(0.866559 -0.16648 0)
(0.872371 -0.144557 0)
(0.87647 -0.123856 0)
(0.878992 -0.104401 0)
(0.880072 -0.0861957 0)
(0.87984 -0.069227 0)
(0.878422 -0.0534631 0)
(0.875934 -0.0388555 0)
(0.872479 -0.0253391 0)
(0.868144 -0.012838 0)
(0.863 -0.00127147 0)
(0.857077 0.0094426 0)
(0.850401 0.0194018 0)
(0.84297 0.0287361 0)
(0.834789 0.0376133 0)
(0.825865 0.0462719 0)
(0.816209 0.055063 0)
(0.805812 0.0645295 0)
(0.794623 0.0755448 0)
(0.782566 0.0894963 0)
(0.769589 0.108408 0)
(0.75579 0.134796 0)
(0.74154 0.17105 0)
(0.72756 0.218296 0)
(0.714853 0.275074 0)
(0.704415 0.336482 0)
(0.696731 0.394591 0)
(0.69128 0.440507 0)
(0.686501 0.467423 0)
(0.680468 0.472916 0)
(0.67187 0.45901 0)
(0.660567 0.430292 0)
(0.647396 0.39169 0)
(0.633582 0.347166 0)
(0.620248 0.29944 0)
(0.608246 0.250237 0)
(0.598174 0.200586 0)
(0.59046 0.151053 0)
(0.585425 0.101922 0)
(0.583331 0.0533267 0)
(0.584256 0.00536726 0)
(0.588139 -0.0418002 0)
(0.595225 -0.0882134 0)
(0.60543 -0.133705 0)
(0.618608 -0.17782 0)
(0.63453 -0.219878 0)
(0.652855 -0.259026 0)
(0.67315 -0.294332 0)
(0.694917 -0.32489 0)
(0.71763 -0.349934 0)
(0.740768 -0.368923 0)
(0.763848 -0.381604 0)
(0.786455 -0.388027 0)
(0.808265 -0.388535 0)
(0.829054 -0.383714 0)
(0.848705 -0.37432 0)
(0.867199 -0.361206 0)
(0.884606 -0.345248 0)
(0.901064 -0.327278 0)
(0.916757 -0.308038 0)
(0.931895 -0.288149 0)
(0.946694 -0.26809 0)
(0.961351 -0.248199 0)
(0.976027 -0.22868 0)
(0.990838 -0.209618 0)
(1.00584 -0.191007 0)
(1.02104 -0.172773 0)
(1.03639 -0.154796 0)
(1.05179 -0.136936 0)
(1.06711 -0.119048 0)
(1.0822 -0.101 0)
(1.09687 -0.0826805 0)
(1.11096 -0.064005 0)
(1.12428 -0.0449202 0)
(1.13667 -0.0254007 0)
(1.14799 -0.00544827 0)
(1.15811 0.0149091 0)
(1.16693 0.035628 0)
(1.17436 0.0566326 0)
(1.18032 0.0778105 0)
(1.18473 0.099018 0)
(1.18755 0.120122 0)
(1.189 0.141096 0)
(1.18937 0.161989 0)
(1.18931 0.183039 0)
(1.18852 0.204056 0)
(-0.0346184 -0.274679 0)
(-0.122187 -0.124446 0)
(-0.216773 0.0590809 0)
(-0.319968 0.238658 0)
(-0.431717 0.405848 0)
(-0.547792 0.551414 0)
(-0.661005 0.665522 0)
(-0.762899 0.739447 0)
(-0.846201 0.768151 0)
(-0.906726 0.751833 0)
(-0.944023 0.695606 0)
(-0.960731 0.607647 0)
(-0.961075 0.496923 0)
(-0.949164 0.371497 0)
(-0.9276 0.237573 0)
(-0.89836 0.100263 0)
(-0.862326 -0.037031 0)
(-0.820641 -0.171282 0)
(-0.774399 -0.299261 0)
(-0.72516 -0.418661 0)
(-0.674261 -0.528131 0)
(-0.622051 -0.626882 0)
(-0.567883 -0.71377 0)
(-0.511142 -0.78675 0)
(-0.452309 -0.843487 0)
(-0.392713 -0.882399 0)
(-0.332783 -0.902445 0)
(-0.27044 -0.901161 0)
(-0.201544 -0.872643 0)
(-0.122733 -0.808457 0)
(-0.0332376 -0.702485 0)
(0.0622682 -0.55686 0)
(0.150857 -0.39129 0)
(0.219528 -0.227186 0)
(0.259283 -0.0775051 0)
(0.263502 0.0557013 0)
(0.228735 0.185454 0)
(0.15362 0.333523 0)
(0.040521 0.514829 0)
(-0.0876784 0.712893 0)
(-0.195288 0.882265 0)
(-0.265102 0.989499 0)
(-0.299672 1.02966 0)
(-0.311121 1.01836 0)
(-0.31201 0.976644 0)
(-0.310781 0.920713 0)
(-0.311127 0.858973 0)
(-0.313629 0.793988 0)
(-0.317444 0.725628 0)
(-0.321266 0.653299 0)
(-0.323813 0.576966 0)
(-0.324117 0.497425 0)
(-0.321696 0.416109 0)
(-0.316544 0.334673 0)
(-0.308907 0.254572 0)
(-0.298999 0.176802 0)
(-0.286679 0.102033 0)
(-0.272062 0.0306525 0)
(-0.254746 -0.0376141 0)
(-0.234751 -0.102255 0)
(-0.211383 -0.162818 0)
(-0.184523 -0.218783 0)
(-0.154247 -0.269568 0)
(-0.121027 -0.314753 0)
(-0.0853958 -0.354502 0)
(-0.0478041 -0.389349 0)
(-0.00866027 -0.420237 0)
(0.0318544 -0.44818 0)
(0.0737478 -0.47406 0)
(0.117211 -0.498332 0)
(0.162406 -0.520938 0)
(0.209355 -0.5414 0)
(0.257821 -0.559036 0)
(0.307339 -0.573136 0)
(0.357297 -0.583132 0)
(0.407019 -0.588632 0)
(0.455844 -0.589442 0)
(0.503173 -0.585545 0)
(0.548505 -0.577078 0)
(0.591445 -0.564307 0)
(0.631707 -0.547608 0)
(0.669105 -0.527448 0)
(0.703542 -0.504351 0)
(0.734998 -0.478879 0)
(0.763511 -0.451591 0)
(0.789157 -0.423023 0)
(0.812042 -0.39367 0)
(0.832281 -0.363966 0)
(0.849995 -0.334288 0)
(0.865304 -0.304952 0)
(0.878324 -0.276217 0)
(0.889169 -0.248296 0)
(0.89795 -0.221355 0)
(0.904781 -0.195526 0)
(0.909777 -0.170908 0)
(0.913057 -0.147574 0)
(0.914741 -0.125568 0)
(0.914955 -0.104915 0)
(0.913825 -0.0856186 0)
(0.911473 -0.0676612 0)
(0.908021 -0.0510072 0)
(0.903587 -0.035601 0)
(0.898276 -0.021367 0)
(0.892186 -0.00821474 0)
(0.885394 0.00395462 0)
(0.877952 0.0152422 0)
(0.869891 0.0257681 0)
(0.861215 0.0356667 0)
(0.851929 0.045103 0)
(0.842048 0.0543095 0)
(0.831601 0.0636364 0)
(0.820627 0.0736328 0)
(0.809183 0.0851713 0)
(0.797372 0.0995992 0)
(0.785415 0.118823 0)
(0.77375 0.145155 0)
(0.763096 0.18074 0)
(0.754406 0.22653 0)
(0.748663 0.281107 0)
(0.746518 0.339954 0)
(0.747854 0.395864 0)
(0.751517 0.440757 0)
(0.755489 0.468284 0)
(0.757605 0.475784 0)
(0.756429 0.464475 0)
(0.751692 0.438056 0)
(0.744112 0.400898 0)
(0.734871 0.356826 0)
(0.725168 0.308689 0)
(0.715996 0.258415 0)
(0.70811 0.207216 0)
(0.702064 0.1558 0)
(0.698263 0.104549 0)
(0.697021 0.0536672 0)
(0.698446 0.00331707 0)
(0.702481 -0.0462792 0)
(0.709342 -0.0951053 0)
(0.718853 -0.142909 0)
(0.730787 -0.189152 0)
(0.744829 -0.23307 0)
(0.760562 -0.273737 0)
(0.777513 -0.310169 0)
(0.795183 -0.341436 0)
(0.813091 -0.366776 0)
(0.830796 -0.385682 0)
(0.847935 -0.397955 0)
(0.864229 -0.40372 0)
(0.879507 -0.403402 0)
(0.893703 -0.397674 0)
(0.90685 -0.387376 0)
(0.919072 -0.373433 0)
(0.930561 -0.356778 0)
(0.941557 -0.338283 0)
(0.952324 -0.318712 0)
(0.963128 -0.298687 0)
(0.974216 -0.278674 0)
(0.985791 -0.25898 0)
(0.998002 -0.239765 0)
(1.01093 -0.221066 0)
(1.02458 -0.202825 0)
(1.0389 -0.184918 0)
(1.05376 -0.167183 0)
(1.06901 -0.149445 0)
(1.08444 -0.131535 0)
(1.09984 -0.113306 0)
(1.11497 -0.0946378 0)
(1.12962 -0.0754486 0)
(1.14356 -0.0556941 0)
(1.15658 -0.0353632 0)
(1.16853 -0.0144732 0)
(1.17924 0.00692109 0)
(1.1886 0.0287487 0)
(1.19653 0.0509132 0)
(1.20298 0.0733069 0)
(1.20791 0.0957913 0)
(1.21127 0.118186 0)
(1.21308 0.140327 0)
(1.21344 0.162095 0)
(1.21285 0.183584 0)
(1.21141 0.204789 0)
(-0.0398148 -0.206485 0)
(-0.136572 -0.0466091 0)
(-0.237231 0.143106 0)
(-0.344184 0.328563 0)
(-0.455559 0.498969 0)
(-0.566007 0.64274 0)
(-0.667929 0.748636 0)
(-0.753564 0.808341 0)
(-0.817379 0.818929 0)
(-0.857613 0.783583 0)
(-0.876417 0.710203 0)
(-0.878504 0.608636 0)
(-0.868878 0.487973 0)
(-0.851044 0.355269 0)
(-0.826056 0.215586 0)
(-0.794951 0.0733278 0)
(-0.757639 -0.0688286 0)
(-0.715097 -0.207131 0)
(-0.668613 -0.337795 0)
(-0.620814 -0.458332 0)
(-0.574212 -0.567983 0)
(-0.529564 -0.667127 0)
(-0.48529 -0.755323 0)
(-0.439177 -0.829926 0)
(-0.390907 -0.887236 0)
(-0.342844 -0.925211 0)
(-0.297921 -0.94442 0)
(-0.256066 -0.945208 0)
(-0.212494 -0.923172 0)
(-0.160347 -0.868116 0)
(-0.0954174 -0.769735 0)
(-0.0194603 -0.626679 0)
(0.0583943 -0.45184 0)
(0.123593 -0.269436 0)
(0.162705 -0.094457 0)
(0.166492 0.0700994 0)
(0.131944 0.232508 0)
(0.060543 0.409894 0)
(-0.0358476 0.605915 0)
(-0.129414 0.794036 0)
(-0.197012 0.938289 0)
(-0.232419 1.0188 0)
(-0.242367 1.03942 0)
(-0.238111 1.01785 0)
(-0.229157 0.973011 0)
(-0.220933 0.917718 0)
(-0.215261 0.857724 0)
(-0.211915 0.794143 0)
(-0.209811 0.726262 0)
(-0.207642 0.653385 0)
(-0.204246 0.575647 0)
(-0.198861 0.494169 0)
(-0.191264 0.410756 0)
(-0.181728 0.327344 0)
(-0.170737 0.245497 0)
(-0.158389 0.166224 0)
(-0.144202 0.0901992 0)
(-0.128022 0.0175476 0)
(-0.110068 -0.0526195 0)
(-0.0900232 -0.119564 0)
(-0.067028 -0.182751 0)
(-0.0409394 -0.241476 0)
(-0.0116608 -0.294922 0)
(0.0204728 -0.342482 0)
(0.0547233 -0.38403 0)
(0.0905785 -0.420208 0)
(0.127721 -0.452145 0)
(0.166072 -0.481139 0)
(0.205826 -0.508223 0)
(0.247234 -0.53388 0)
(0.290441 -0.557936 0)
(0.335364 -0.579726 0)
(0.381647 -0.598362 0)
(0.428713 -0.612985 0)
(0.475856 -0.622937 0)
(0.522347 -0.62782 0)
(0.567514 -0.627489 0)
(0.61079 -0.622009 0)
(0.651732 -0.61161 0)
(0.690024 -0.596656 0)
(0.725467 -0.577612 0)
(0.75797 -0.555025 0)
(0.787524 -0.529487 0)
(0.814188 -0.50161 0)
(0.838065 -0.47199 0)
(0.859282 -0.441185 0)
(0.877977 -0.409697 0)
(0.894282 -0.377964 0)
(0.90832 -0.346357 0)
(0.920202 -0.315186 0)
(0.930028 -0.284706 0)
(0.937892 -0.255125 0)
(0.943884 -0.226609 0)
(0.948092 -0.199291 0)
(0.950612 -0.173272 0)
(0.951543 -0.148628 0)
(0.950992 -0.125409 0)
(0.94907 -0.103641 0)
(0.945893 -0.0833276 0)
(0.941581 -0.0644526 0)
(0.936251 -0.046978 0)
(0.93002 -0.0308438 0)
(0.922999 -0.0159679 0)
(0.915295 -0.00224821 0)
(0.90699 0.0104265 0)
(0.898164 0.0221807 0)
(0.888854 0.0331572 0)
(0.87908 0.0434984 0)
(0.868853 0.0533682 0)
(0.858195 0.0629873 0)
(0.847149 0.0726866 0)
(0.8358 0.0829878 0)
(0.824292 0.0947144 0)
(0.812871 0.109117 0)
(0.801962 0.127934 0)
(0.792243 0.153257 0)
(0.784671 0.187027 0)
(0.780368 0.230145 0)
(0.780331 0.281422 0)
(0.785023 0.336906 0)
(0.793981 0.390204 0)
(0.805658 0.434013 0)
(0.817726 0.462334 0)
(0.8278 0.472201 0)
(0.834219 0.464024 0)
(0.836459 0.440606 0)
(0.835004 0.405702 0)
(0.830906 0.362904 0)
(0.825369 0.315103 0)
(0.819486 0.264389 0)
(0.814145 0.212162 0)
(0.810018 0.159292 0)
(0.807601 0.106288 0)
(0.807263 0.0534514 0)
(0.809146 0.00102793 0)
(0.813199 -0.0506693 0)
(0.819613 -0.101532 0)
(0.828122 -0.151205 0)
(0.838424 -0.199059 0)
(0.850124 -0.244254 0)
(0.862749 -0.285817 0)
(0.875809 -0.32274 0)
(0.888836 -0.35411 0)
(0.901418 -0.379203 0)
(0.913229 -0.397575 0)
(0.924039 -0.409104 0)
(0.933728 -0.414 0)
(0.942289 -0.412779 0)
(0.949819 -0.406199 0)
(0.956507 -0.395173 0)
(0.962617 -0.380686 0)
(0.96846 -0.363711 0)
(0.974368 -0.34514 0)
(0.980675 -0.325737 0)
(0.98769 -0.306109 0)
(0.995673 -0.286683 0)
(1.00482 -0.267717 0)
(1.01523 -0.249309 0)
(1.02694 -0.231433 0)
(1.03988 -0.213968 0)
(1.05391 -0.196734 0)
(1.06884 -0.179525 0)
(1.08442 -0.162134 0)
(1.10039 -0.144371 0)
(1.11646 -0.12608 0)
(1.13235 -0.107141 0)
(1.14779 -0.08748 0)
(1.16253 -0.0670662 0)
(1.17634 -0.04591 0)
(1.18902 -0.0240537 0)
(1.20041 -0.00156816 0)
(1.21037 0.0214402 0)
(1.21878 0.0448364 0)
(1.22561 0.0684775 0)
(1.23086 0.0922208 0)
(1.23453 0.115897 0)
(1.23664 0.139312 0)
(1.23717 0.162249 0)
(1.2364 0.184611 0)
(1.23435 0.206266 0)
(-0.0414476 -0.133206 0)
(-0.141319 0.0343929 0)
(-0.24195 0.228727 0)
(-0.346495 0.417145 0)
(-0.451397 0.587026 0)
(-0.550768 0.724859 0)
(-0.637204 0.818786 0)
(-0.704132 0.861705 0)
(-0.748085 0.853427 0)
(-0.769895 0.800389 0)
(-0.774084 0.712934 0)
(-0.766583 0.601606 0)
(-0.751918 0.474462 0)
(-0.732044 0.336849 0)
(-0.706577 0.192773 0)
(-0.675633 0.0459393 0)
(-0.638257 -0.101388 0)
(-0.595183 -0.243776 0)
(-0.547658 -0.376462 0)
(-0.499429 -0.496258 0)
(-0.45506 -0.603141 0)
(-0.416955 -0.699785 0)
(-0.383204 -0.787757 0)
(-0.349415 -0.864076 0)
(-0.312899 -0.922498 0)
(-0.275337 -0.958593 0)
(-0.2417 -0.973377 0)
(-0.215818 -0.971055 0)
(-0.195347 -0.951565 0)
(-0.171385 -0.905193 0)
(-0.134864 -0.8171 0)
(-0.0836634 -0.679988 0)
(-0.0231857 -0.501689 0)
(0.0336653 -0.304226 0)
(0.0702616 -0.106923 0)
(0.0742131 0.0852224 0)
(0.0440643 0.275434 0)
(-0.0143746 0.47302 0)
(-0.0831625 0.671084 0)
(-0.140576 0.844358 0)
(-0.173483 0.966299 0)
(-0.181753 1.02693 0)
(-0.173141 1.03499 0)
(-0.156923 1.00818 0)
(-0.139805 0.962955 0)
(-0.125034 0.909417 0)
(-0.113277 0.851463 0)
(-0.103897 0.789317 0)
(-0.0957698 0.721945 0)
(-0.0877227 0.648677 0)
(-0.078824 0.56988 0)
(-0.0685747 0.487027 0)
(-0.0570334 0.402308 0)
(-0.0447074 0.317977 0)
(-0.0319991 0.235709 0)
(-0.0185713 0.156294 0)
(-0.00236883 0.0795558 0)
(0.016498 0.00493517 0)
(0.0356994 -0.0675376 0)
(0.0564148 -0.13678 0)
(0.0796178 -0.202438 0)
(0.105357 -0.263689 0)
(0.133515 -0.319415 0)
(0.163808 -0.368901 0)
(0.195832 -0.411977 0)
(0.229243 -0.449318 0)
(0.263888 -0.482263 0)
(0.299851 -0.512327 0)
(0.337391 -0.540682 0)
(0.376756 -0.567783 0)
(0.418 -0.593294 0)
(0.460881 -0.616315 0)
(0.504865 -0.63574 0)
(0.549227 -0.650572 0)
(0.593173 -0.660111 0)
(0.635953 -0.663994 0)
(0.676929 -0.662164 0)
(0.715609 -0.654794 0)
(0.751649 -0.642229 0)
(0.784842 -0.624937 0)
(0.815101 -0.603477 0)
(0.842439 -0.578471 0)
(0.86694 -0.550571 0)
(0.888742 -0.520427 0)
(0.908003 -0.488658 0)
(0.92489 -0.455828 0)
(0.939554 -0.422433 0)
(0.952129 -0.388899 0)
(0.962723 -0.355584 0)
(0.971426 -0.322784 0)
(0.978309 -0.290746 0)
(0.983437 -0.259671 0)
(0.986871 -0.229726 0)
(0.988677 -0.201044 0)
(0.988927 -0.173734 0)
(0.987701 -0.147875 0)
(0.985091 -0.123525 0)
(0.981199 -0.100716 0)
(0.976135 -0.0794563 0)
(0.970014 -0.0597304 0)
(0.962952 -0.0415007 0)
(0.955066 -0.0247057 0)
(0.946474 -0.00925924 0)
(0.937285 0.00494638 0)
(0.927608 0.0180305 0)
(0.917529 0.0301462 0)
(0.907104 0.0414532 0)
(0.896368 0.0521067 0)
(0.885349 0.0622727 0)
(0.874074 0.0721576 0)
(0.862602 0.0820608 0)
(0.851046 0.0924512 0)
(0.839611 0.104068 0)
(0.828643 0.118026 0)
(0.8187 0.135871 0)
(0.810614 0.159462 0)
(0.805494 0.190563 0)
(0.80458 0.230086 0)
(0.808919 0.277169 0)
(0.818932 0.328534 0)
(0.834022 0.378664 0)
(0.852476 0.421035 0)
(0.871796 0.449979 0)
(0.889405 0.462241 0)
(0.903381 0.457461 0)
(0.912866 0.43756 0)
(0.918016 0.40562 0)
(0.919663 0.364895 0)
(0.918918 0.318214 0)
(0.9169 0.267771 0)
(0.91458 0.215129 0)
(0.912729 0.161329 0)
(0.911924 0.107035 0)
(0.912584 0.0526725 0)
(0.914882 -0.00141118 0)
(0.91878 -0.0547899 0)
(0.924447 -0.107226 0)
(0.931544 -0.158246 0)
(0.939712 -0.207128 0)
(0.948502 -0.252972 0)
(0.957423 -0.294782 0)
(0.966006 -0.331568 0)
(0.97385 -0.362466 0)
(0.98065 -0.386827 0)
(0.986213 -0.40429 0)
(0.990463 -0.414826 0)
(0.993446 -0.418743 0)
(0.995322 -0.416645 0)
(0.996352 -0.40937 0)
(0.996879 -0.397895 0)
(0.997297 -0.383246 0)
(0.998022 -0.366416 0)
(0.999468 -0.348296 0)
(1.00202 -0.32963 0)
(1.00601 -0.31098 0)
(1.01168 -0.292716 0)
(1.0192 -0.275022 0)
(1.0286 -0.257919 0)
(1.03983 -0.2413 0)
(1.05273 -0.224974 0)
(1.06708 -0.208705 0)
(1.08258 -0.192245 0)
(1.09891 -0.175361 0)
(1.11574 -0.157854 0)
(1.13274 -0.139565 0)
(1.14959 -0.120384 0)
(1.16598 -0.100251 0)
(1.18164 -0.0791536 0)
(1.19632 -0.0571298 0)
(1.2098 -0.0342487 0)
(1.2219 -0.0106078 0)
(1.23249 0.013661 0)
(1.24143 0.0383941 0)
(1.24866 0.0633931 0)
(1.25416 0.0884745 0)
(1.25797 0.113458 0)
(1.26017 0.138154 0)
(1.26077 0.16234 0)
(1.25994 0.185832 0)
(1.25759 0.208354 0)
(-0.0390784 -0.0599241 0)
(-0.135912 0.114242 0)
(-0.230809 0.310952 0)
(-0.32708 0.499527 0)
(-0.420122 0.665631 0)
(-0.504082 0.794345 0)
(-0.572251 0.873914 0)
(-0.619626 0.899143 0)
(-0.645006 0.873042 0)
(-0.651644 0.805219 0)
(-0.645622 0.707637 0)
(-0.632794 0.59028 0)
(-0.616214 0.459265 0)
(-0.595969 0.317975 0)
(-0.570887 0.169633 0)
(-0.540521 0.0176466 0)
(-0.504454 -0.135152 0)
(-0.462851 -0.282065 0)
(-0.415712 -0.417003 0)
(-0.366796 -0.534998 0)
(-0.322581 -0.636016 0)
(-0.288247 -0.725927 0)
(-0.263194 -0.810351 0)
(-0.241849 -0.887415 0)
(-0.21879 -0.948115 0)
(-0.193157 -0.983754 0)
(-0.169361 -0.993084 0)
(-0.154293 -0.98286 0)
(-0.151034 -0.959671 0)
(-0.152788 -0.918495 0)
(-0.14622 -0.842056 0)
(-0.122741 -0.714979 0)
(-0.0842786 -0.538638 0)
(-0.0412812 -0.331811 0)
(-0.00933644 -0.116204 0)
(-0.00386039 0.0973197 0)
(-0.024564 0.307584 0)
(-0.0618925 0.515104 0)
(-0.100193 0.708914 0)
(-0.124917 0.867284 0)
(-0.129637 0.971718 0)
(-0.117065 1.01877 0)
(-0.0944164 1.01967 0)
(-0.0687677 0.991113 0)
(-0.0445816 0.947241 0)
(-0.023623 0.896104 0)
(-0.00583737 0.84038 0)
(0.00958066 0.779759 0)
(0.0236434 0.71307 0)
(0.0373116 0.639777 0)
(0.0512609 0.560488 0)
(0.0657758 0.477022 0)
(0.0806744 0.391927 0)
(0.0955813 0.307658 0)
(0.110621 0.225672 0)
(0.126674 0.145936 0)
(0.144574 0.0678661 0)
(0.163621 -0.00900506 0)
(0.182819 -0.0834429 0)
(0.203658 -0.154581 0)
(0.22664 -0.222217 0)
(0.25164 -0.285399 0)
(0.278487 -0.342891 0)
(0.306866 -0.393797 0)
(0.33647 -0.437996 0)
(0.367163 -0.476309 0)
(0.399059 -0.510266 0)
(0.432471 -0.541551 0)
(0.467762 -0.571373 0)
(0.505125 -0.600054 0)
(0.544428 -0.627012 0)
(0.585178 -0.651084 0)
(0.626617 -0.670967 0)
(0.667868 -0.685581 0)
(0.708088 -0.694245 0)
(0.746557 -0.696692 0)
(0.782731 -0.692993 0)
(0.816244 -0.683453 0)
(0.84689 -0.668542 0)
(0.874597 -0.648833 0)
(0.899405 -0.624973 0)
(0.921434 -0.597648 0)
(0.94086 -0.567555 0)
(0.957885 -0.535366 0)
(0.972708 -0.501701 0)
(0.985511 -0.467114 0)
(0.996441 -0.432078 0)
(1.00561 -0.396997 0)
(1.01309 -0.362205 0)
(1.01894 -0.327982 0)
(1.02318 -0.294564 0)
(1.02586 -0.262148 0)
(1.02699 -0.230901 0)
(1.02662 -0.200965 0)
(1.0248 -0.172455 0)
(1.0216 -0.145463 0)
(1.01709 -0.120054 0)
(1.01137 -0.0962694 0)
(1.00455 -0.0741248 0)
(0.996749 -0.0536093 0)
(0.988077 -0.0346871 0)
(0.978657 -0.0172965 0)
(0.968614 -0.00134915 0)
(0.958064 0.0132594 0)
(0.947135 0.0266627 0)
(0.935918 0.0390353 0)
(0.924491 0.0505512 0)
(0.912914 0.0613815 0)
(0.901227 0.0716978 0)
(0.88947 0.0816939 0)
(0.877712 0.0916321 0)
(0.86608 0.101914 0)
(0.854812 0.113173 0)
(0.844307 0.126367 0)
(0.835191 0.14283 0)
(0.828377 0.164189 0)
(0.825052 0.192038 0)
(0.826529 0.22732 0)
(0.83393 0.269531 0)
(0.847734 0.3161 0)
(0.867392 0.362418 0)
(0.891212 0.402768 0)
(0.916674 0.431855 0)
(0.94108 0.446211 0)
(0.962255 0.444794 0)
(0.978978 0.428681 0)
(0.991015 0.400245 0)
(0.998882 0.362301 0)
(1.0035 0.317512 0)
(1.00593 0.268094 0)
(1.00714 0.215733 0)
(1.00797 0.161636 0)
(1.00905 0.106633 0)
(1.01082 0.0512947 0)
(1.0135 -0.00390975 0)
(1.01705 -0.058431 0)
(1.02164 -0.111872 0)
(1.02688 -0.163628 0)
(1.03237 -0.212893 0)
(1.03768 -0.258727 0)
(1.04233 -0.300144 0)
(1.04592 -0.336208 0)
(1.04817 -0.366134 0)
(1.0489 -0.389371 0)
(1.04806 -0.405659 0)
(1.04576 -0.415073 0)
(1.04218 -0.418016 0)
(1.03767 -0.415185 0)
(1.03265 -0.407487 0)
(1.02759 -0.395947 0)
(1.023 -0.381613 0)
(1.01939 -0.365474 0)
(1.01724 -0.348398 0)
(1.01695 -0.331081 0)
(1.01884 -0.314017 0)
(1.02313 -0.297492 0)
(1.02991 -0.281594 0)
(1.03911 -0.266245 0)
(1.05059 -0.251251 0)
(1.06406 -0.23635 0)
(1.07921 -0.221253 0)
(1.09566 -0.205682 0)
(1.11302 -0.18939 0)
(1.13092 -0.172179 0)
(1.14898 -0.153902 0)
(1.16687 -0.134464 0)
(1.18425 -0.113827 0)
(1.20085 -0.0920014 0)
(1.2164 -0.0690516 0)
(1.23068 -0.0450809 0)
(1.2435 -0.0202159 0)
(1.25471 0.00538927 0)
(1.26419 0.0315488 0)
(1.27185 0.0580207 0)
(1.27765 0.0845685 0)
(1.28161 0.110967 0)
(1.28382 0.137008 0)
(1.28436 0.162473 0)
(1.2834 0.187171 0)
(1.28085 0.210793 0)
(-0.0328833 0.00897308 0)
(-0.121083 0.188158 0)
(-0.204865 0.385032 0)
(-0.287573 0.571367 0)
(-0.364271 0.731202 0)
(-0.429625 0.848802 0)
(-0.478061 0.913148 0)
(-0.506395 0.921463 0)
(-0.515556 0.880073 0)
(-0.510486 0.801217 0)
(-0.497532 0.697322 0)
(-0.48115 0.576606 0)
(-0.462341 0.442737 0)
(-0.439583 0.297604 0)
(-0.412063 0.144997 0)
(-0.380524 -0.0108956 0)
(-0.347686 -0.1676 0)
(-0.311357 -0.318747 0)
(-0.269298 -0.457143 0)
(-0.223695 -0.574366 0)
(-0.181317 -0.668448 0)
(-0.149545 -0.748139 0)
(-0.130225 -0.824776 0)
(-0.118663 -0.899713 0)
(-0.108358 -0.962307 0)
(-0.0961345 -0.999347 0)
(-0.0837024 -1.00522 0)
(-0.0771734 -0.985537 0)
(-0.0841689 -0.952351 0)
(-0.10479 -0.909689 0)
(-0.125887 -0.842949 0)
(-0.131522 -0.729802 0)
(-0.117068 -0.562171 0)
(-0.090855 -0.353593 0)
(-0.0669063 -0.12723 0)
(-0.0579162 0.101419 0)
(-0.0643496 0.32373 0)
(-0.0783758 0.534684 0)
(-0.0887051 0.721892 0)
(-0.0864549 0.867531 0)
(-0.0693665 0.959488 0)
(-0.0411116 0.99832 0)
(-0.00770327 0.996132 0)
(0.0255853 0.96796 0)
(0.0560055 0.926335 0)
(0.0828104 0.877837 0)
(0.106457 0.824355 0)
(0.127717 0.765307 0)
(0.147381 0.699568 0)
(0.166111 0.626714 0)
(0.184308 0.547567 0)
(0.202094 0.464177 0)
(0.219338 0.379243 0)
(0.236032 0.295066 0)
(0.252668 0.212646 0)
(0.270087 0.131734 0)
(0.288846 0.0521408 0)
(0.308476 -0.0256455 0)
(0.3283 -0.10073 0)
(0.349747 -0.172979 0)
(0.372767 -0.241944 0)
(0.397099 -0.306403 0)
(0.422476 -0.36498 0)
(0.448632 -0.416766 0)
(0.475478 -0.461747 0)
(0.503197 -0.500929 0)
(0.532234 -0.536026 0)
(0.563132 -0.568797 0)
(0.596292 -0.600343 0)
(0.631745 -0.630723 0)
(0.669064 -0.659032 0)
(0.707446 -0.683838 0)
(0.745899 -0.703705 0)
(0.783442 -0.717555 0)
(0.819249 -0.724817 0)
(0.852712 -0.725379 0)
(0.883446 -0.719475 0)
(0.911258 -0.707558 0)
(0.936109 -0.690218 0)
(0.958079 -0.668123 0)
(0.977334 -0.641991 0)
(0.994098 -0.612556 0)
(1.00862 -0.580537 0)
(1.02114 -0.546605 0)
(1.03189 -0.511361 0)
(1.04101 -0.475326 0)
(1.04864 -0.438939 0)
(1.05484 -0.402569 0)
(1.05962 -0.366522 0)
(1.06299 -0.331062 0)
(1.06494 -0.296416 0)
(1.06546 -0.262782 0)
(1.06455 -0.230335 0)
(1.06222 -0.199227 0)
(1.05851 -0.169587 0)
(1.05347 -0.14152 0)
(1.04719 -0.115108 0)
(1.03976 -0.0904012 0)
(1.03128 -0.067426 0)
(1.02188 -0.0461776 0)
(1.01168 -0.0266234 0)
(1.00081 -0.00870165 0)
(0.9894 0.0076726 0)
(0.977589 0.0225993 0)
(0.965501 0.0362347 0)
(0.95324 0.04876 0)
(0.940907 0.0603633 0)
(0.928581 0.0712322 0)
(0.916324 0.0815479 0)
(0.904188 0.0914958 0)
(0.892248 0.101303 0)
(0.880636 0.1113 0)
(0.869594 0.122004 0)
(0.85953 0.134207 0)
(0.851088 0.149027 0)
(0.845194 0.167858 0)
(0.843049 0.192122 0)
(0.845998 0.222781 0)
(0.855228 0.259665 0)
(0.871345 0.300887 0)
(0.893973 0.34274 0)
(0.9216 0.380343 0)
(0.951825 0.408854 0)
(0.981933 0.424712 0)
(1.00956 0.42632 0)
(1.03312 0.413984 0)
(1.05198 0.389358 0)
(1.06627 0.354748 0)
(1.07663 0.312551 0)
(1.08395 0.264914 0)
(1.08913 0.21359 0)
(1.093 0.159925 0)
(1.0962 0.10491 0)
(1.09921 0.0492691 0)
(1.10223 -0.00638669 0)
(1.10527 -0.0613863 0)
(1.10847 -0.115156 0)
(1.11144 -0.166957 0)
(1.1138 -0.215916 0)
(1.11515 -0.261081 0)
(1.11511 -0.301509 0)
(1.1134 -0.336347 0)
(1.10988 -0.364911 0)
(1.10452 -0.386756 0)
(1.09743 -0.401732 0)
(1.08886 -0.41002 0)
(1.07918 -0.412125 0)
(1.06888 -0.408826 0)
(1.05853 -0.401087 0)
(1.04873 -0.389962 0)
(1.04008 -0.376499 0)
(1.03316 -0.361661 0)
(1.02846 -0.34626 0)
(1.02638 -0.330919 0)
(1.02722 -0.316036 0)
(1.0311 -0.301785 0)
(1.038 -0.288135 0)
(1.04775 -0.274899 0)
(1.06006 -0.261795 0)
(1.07456 -0.248495 0)
(1.09082 -0.234674 0)
(1.10842 -0.220038 0)
(1.12692 -0.204347 0)
(1.14592 -0.187416 0)
(1.16505 -0.169117 0)
(1.18394 -0.149381 0)
(1.20228 -0.128192 0)
(1.21978 -0.105585 0)
(1.23616 -0.0816504 0)
(1.2512 -0.0565219 0)
(1.26469 -0.0303634 0)
(1.27649 -0.0033533 0)
(1.28648 0.0242977 0)
(1.29457 0.0523255 0)
(1.3007 0.0804459 0)
(1.30488 0.108386 0)
(1.30716 0.135891 0)
(1.30763 0.162719 0)
(1.3065 0.188675 0)
(1.30374 0.213475 0)
(-0.0239006 0.0692667 0)
(-0.0981865 0.2515 0)
(-0.166001 0.446831 0)
(-0.230728 0.629026 0)
(-0.28759 0.781009 0)
(-0.332221 0.88681 0)
(-0.360542 0.936617 0)
(-0.371179 0.930239 0)
(-0.366598 0.876952 0)
(-0.35224 0.790632 0)
(-0.3334 0.682925 0)
(-0.312374 0.559533 0)
(-0.288444 0.422212 0)
(-0.259625 0.273518 0)
(-0.226379 0.119622 0)
(-0.192632 -0.0356835 0)
(-0.164608 -0.192646 0)
(-0.136033 -0.346876 0)
(-0.103156 -0.490391 0)
(-0.0662502 -0.609467 0)
(-0.0309172 -0.698292 0)
(-0.00452396 -0.767333 0)
(0.0096687 -0.833837 0)
(0.0145485 -0.903744 0)
(0.0155892 -0.966138 0)
(0.0161024 -1.00443 0)
(0.0160786 -1.00915 0)
(0.0126913 -0.982355 0)
(-0.000879714 -0.936315 0)
(-0.0316267 -0.884097 0)
(-0.0735071 -0.821127 0)
(-0.106684 -0.72282 0)
(-0.117063 -0.570059 0)
(-0.108146 -0.368326 0)
(-0.0919309 -0.140154 0)
(-0.0789738 0.0961135 0)
(-0.0713496 0.323794 0)
(-0.0646931 0.53394 0)
(-0.0522172 0.714148 0)
(-0.0292804 0.850327 0)
(0.00401848 0.93453 0)
(0.0439757 0.968659 0)
(0.0856934 0.96565 0)
(0.125289 0.939388 0)
(0.161105 0.900641 0)
(0.19311 0.854897 0)
(0.22199 0.803647 0)
(0.248457 0.746274 0)
(0.273066 0.68178 0)
(0.296158 0.609879 0)
(0.317894 0.531519 0)
(0.338318 0.448825 0)
(0.357483 0.364411 0)
(0.375749 0.280333 0)
(0.3938 0.197506 0)
(0.412444 0.116042 0)
(0.432216 0.035987 0)
(0.452502 -0.0423162 0)
(0.472918 -0.118139 0)
(0.494706 -0.191377 0)
(0.517417 -0.261242 0)
(0.540653 -0.326367 0)
(0.56411 -0.385393 0)
(0.58766 -0.437547 0)
(0.611504 -0.483039 0)
(0.636201 -0.52311 0)
(0.662519 -0.559602 0)
(0.691155 -0.594197 0)
(0.72241 -0.627712 0)
(0.756013 -0.659799 0)
(0.791149 -0.689182 0)
(0.826692 -0.714215 0)
(0.861476 -0.733436 0)
(0.894515 -0.745893 0)
(0.925108 -0.751212 0)
(0.952845 -0.749492 0)
(0.977558 -0.741145 0)
(0.999262 -0.726767 0)
(1.0181 -0.70705 0)
(1.03429 -0.682736 0)
(1.04811 -0.65459 0)
(1.05989 -0.623369 0)
(1.0699 -0.589786 0)
(1.07841 -0.554485 0)
(1.08562 -0.518024 0)
(1.09163 -0.480873 0)
(1.09651 -0.443421 0)
(1.10025 -0.405999 0)
(1.1028 -0.368887 0)
(1.1041 -0.332336 0)
(1.1041 -0.296571 0)
(1.10275 -0.261801 0)
(1.10002 -0.228214 0)
(1.09591 -0.19598 0)
(1.09045 -0.165249 0)
(1.08369 -0.136145 0)
(1.07571 -0.108765 0)
(1.06662 -0.0831774 0)
(1.05654 -0.0594172 0)
(1.04558 -0.0374883 0)
(1.03389 -0.0173613 0)
(1.02162 0.00102416 0)
(1.00889 0.0177415 0)
(0.995878 0.0329044 0)
(0.98269 0.0466805 0)
(0.96945 0.0592534 0)
(0.956277 0.0708229 0)
(0.943268 0.0815921 0)
(0.930507 0.0917542 0)
(0.91806 0.101493 0)
(0.906006 0.111006 0)
(0.894472 0.120558 0)
(0.883684 0.130554 0)
(0.874028 0.14162 0)
(0.866118 0.154664 0)
(0.86084 0.170846 0)
(0.859354 0.191411 0)
(0.862984 0.217307 0)
(0.872964 0.248641 0)
(0.890043 0.284139 0)
(0.914088 0.320954 0)
(0.943881 0.355049 0)
(0.977272 0.382123 0)
(1.01165 0.398669 0)
(1.04455 0.402688 0)
(1.07411 0.393827 0)
(1.09929 0.373052 0)
(1.1198 0.342119 0)
(1.13594 0.303079 0)
(1.14833 0.257926 0)
(1.15773 0.208407 0)
(1.16488 0.155962 0)
(1.17037 0.101726 0)
(1.17469 0.0465685 0)
(1.17804 -0.00876764 0)
(1.18044 -0.0634835 0)
(1.18202 -0.116817 0)
(1.18243 -0.16792 0)
(1.18135 -0.215875 0)
(1.1785 -0.259754 0)
(1.17364 -0.298682 0)
(1.16663 -0.331904 0)
(1.1575 -0.358842 0)
(1.14636 -0.37916 0)
(1.13347 -0.392817 0)
(1.11925 -0.400105 0)
(1.10423 -0.401626 0)
(1.08903 -0.398233 0)
(1.07436 -0.390932 0)
(1.06092 -0.380782 0)
(1.04936 -0.368803 0)
(1.0403 -0.3559 0)
(1.03422 -0.342808 0)
(1.03149 -0.33004 0)
(1.03229 -0.31787 0)
(1.03665 -0.306332 0)
(1.04441 -0.295265 0)
(1.05527 -0.28437 0)
(1.0688 -0.273285 0)
(1.08455 -0.261638 0)
(1.10204 -0.249092 0)
(1.1208 -0.235361 0)
(1.1404 -0.220226 0)
(1.16044 -0.203526 0)
(1.18055 -0.185159 0)
(1.2004 -0.165079 0)
(1.21964 -0.14329 0)
(1.23799 -0.119851 0)
(1.25517 -0.0948753 0)
(1.27092 -0.0685255 0)
(1.28503 -0.0410006 0)
(1.29736 -0.0125165 0)
(1.30779 0.0166863 0)
(1.31623 0.0463297 0)
(1.32265 0.0760889 0)
(1.32704 0.105656 0)
(1.32944 0.134734 0)
(1.32992 0.163037 0)
(1.32867 0.190339 0)
(1.32572 0.216367 0)
(-0.0130314 0.116274 0)
(-0.0689407 0.30055 0)
(-0.116806 0.492974 0)
(-0.160184 0.669678 0)
(-0.194684 0.81316 0)
(-0.217331 0.907719 0)
(-0.225754 0.944945 0)
(-0.220105 0.926945 0)
(-0.203498 0.865093 0)
(-0.180787 0.773862 0)
(-0.155683 0.663556 0)
(-0.128703 0.537837 0)
(-0.0987029 0.398159 0)
(-0.0651901 0.249961 0)
(-0.0272875 0.100686 0)
(0.00579029 -0.0523862 0)
(0.0302036 -0.208119 0)
(0.0542212 -0.365356 0)
(0.0799441 -0.514314 0)
(0.107073 -0.636019 0)
(0.1314 -0.721021 0)
(0.147926 -0.781229 0)
(0.154595 -0.838472 0)
(0.153389 -0.90251 0)
(0.147808 -0.962646 0)
(0.139699 -1.00001 0)
(0.128775 -1.00316 0)
(0.114089 -0.972161 0)
(0.0931471 -0.91616 0)
(0.0589888 -0.85002 0)
(0.00711813 -0.781919 0)
(-0.04812 -0.695032 0)
(-0.0829961 -0.561388 0)
(-0.0911341 -0.373843 0)
(-0.0820256 -0.151115 0)
(-0.0661293 0.083406 0)
(-0.0474817 0.310278 0)
(-0.0250037 0.517142 0)
(0.00431201 0.691577 0)
(0.0424649 0.820608 0)
(0.088088 0.899197 0)
(0.137143 0.931638 0)
(0.185142 0.929858 0)
(0.229554 0.90646 0)
(0.269727 0.870826 0)
(0.306149 0.827792 0)
(0.339597 0.778721 0)
(0.370655 0.723146 0)
(0.399615 0.660244 0)
(0.426545 0.589853 0)
(0.45141 0.512951 0)
(0.474226 0.431579 0)
(0.495253 0.34814 0)
(0.515095 0.264534 0)
(0.534494 0.181767 0)
(0.554216 0.100104 0)
(0.574699 0.0195596 0)
(0.595307 -0.0593232 0)
(0.6161 -0.135784 0)
(0.637702 -0.209585 0)
(0.659467 -0.279736 0)
(0.680958 -0.344859 0)
(0.701949 -0.403747 0)
(0.722554 -0.455893 0)
(0.743338 -0.50182 0)
(0.765231 -0.54299 0)
(0.789236 -0.58125 0)
(0.816018 -0.618007 0)
(0.845586 -0.653594 0)
(0.877219 -0.687159 0)
(0.909689 -0.717083 0)
(0.941619 -0.74163 0)
(0.971808 -0.759463 0)
(0.999412 -0.769885 0)
(1.02397 -0.772794 0)
(1.04535 -0.768523 0)
(1.06364 -0.757656 0)
(1.07905 -0.740902 0)
(1.0919 -0.719025 0)
(1.10254 -0.692811 0)
(1.11135 -0.663041 0)
(1.11867 -0.630464 0)
(1.12481 -0.595759 0)
(1.13 -0.559511 0)
(1.13436 -0.522211 0)
(1.13794 -0.484261 0)
(1.1407 -0.445998 0)
(1.14253 -0.407712 0)
(1.14332 -0.369667 0)
(1.14294 -0.332111 0)
(1.14131 -0.29528 0)
(1.13832 -0.259402 0)
(1.13396 -0.224688 0)
(1.1282 -0.191337 0)
(1.12107 -0.159523 0)
(1.11265 -0.129392 0)
(1.10301 -0.101064 0)
(1.09227 -0.0746227 0)
(1.08058 -0.050116 0)
(1.06806 -0.0275561 0)
(1.05488 -0.00691612 0)
(1.0412 0.0118552 0)
(1.02718 0.0288282 0)
(1.01298 0.044142 0)
(0.998716 0.0579617 0)
(0.984532 0.0704741 0)
(0.970554 0.0818879 0)
(0.9569 0.0924194 0)
(0.943669 0.102276 0)
(0.930944 0.111645 0)
(0.918808 0.120705 0)
(0.907377 0.129667 0)
(0.896849 0.138833 0)
(0.887564 0.148678 0)
(0.88007 0.159906 0)
(0.875171 0.173457 0)
(0.873939 0.190388 0)
(0.877632 0.211596 0)
(0.887485 0.237385 0)
(0.90437 0.266998 0)
(0.928417 0.298359 0)
(0.958767 0.328258 0)
(0.993622 0.353007 0)
(1.0306 0.3693 0)
(1.06724 0.37491 0)
(1.10151 0.368964 0)
(1.13202 0.35181 0)
(1.15808 0.324655 0)
(1.17959 0.28915 0)
(1.19688 0.247061 0)
(1.21045 0.200062 0)
(1.2209 0.149625 0)
(1.22873 0.0969906 0)
(1.23437 0.043158 0)
(1.23802 -0.0110166 0)
(1.2397 -0.0646119 0)
(1.23955 -0.116699 0)
(1.2373 -0.166356 0)
(1.23276 -0.212657 0)
(1.2258 -0.254721 0)
(1.21634 -0.291755 0)
(1.20442 -0.323098 0)
(1.19019 -0.348272 0)
(1.17393 -0.367046 0)
(1.15604 -0.379495 0)
(1.13709 -0.386019 0)
(1.11775 -0.387316 0)
(1.0988 -0.384298 0)
(1.08104 -0.377986 0)
(1.06523 -0.369416 0)
(1.05206 -0.359547 0)
(1.04212 -0.349202 0)
(1.03585 -0.338998 0)
(1.03351 -0.329315 0)
(1.03518 -0.320269 0)
(1.04074 -0.311739 0)
(1.04986 -0.30343 0)
(1.06212 -0.294945 0)
(1.077 -0.285871 0)
(1.094 -0.275821 0)
(1.11262 -0.264475 0)
(1.13243 -0.251578 0)
(1.15301 -0.236942 0)
(1.17401 -0.220432 0)
(1.19507 -0.201968 0)
(1.21585 -0.181516 0)
(1.23601 -0.159095 0)
(1.25524 -0.13478 0)
(1.27322 -0.108703 0)
(1.28969 -0.0810593 0)
(1.30441 -0.0520863 0)
(1.31722 -0.0220421 0)
(1.328 0.0087929 0)
(1.33668 0.0401206 0)
(1.34324 0.0715709 0)
(1.3477 0.102811 0)
(1.35013 0.133517 0)
(1.35059 0.163372 0)
(1.34924 0.192107 0)
(1.34615 0.21943 0)
(-0.000417895 0.146338 0)
(-0.0351958 0.332327 0)
(-0.0604465 0.520999 0)
(-0.0802576 0.691265 0)
(-0.0907288 0.826362 0)
(-0.0906857 0.911272 0)
(-0.0795573 0.9389 0)
(-0.0586646 0.912929 0)
(-0.030997 0.845768 0)
(-1.31262e-05 0.751755 0)
(0.0320869 0.639972 0)
(0.0657743 0.512744 0)
(0.10158 0.37244 0)
(0.138559 0.226594 0)
(0.177025 0.0797845 0)
(0.208296 -0.0715049 0)
(0.230382 -0.224662 0)
(0.251915 -0.381572 0)
(0.273138 -0.53192 0)
(0.291156 -0.653442 0)
(0.302739 -0.734163 0)
(0.306529 -0.78697 0)
(0.303578 -0.837001 0)
(0.295999 -0.896361 0)
(0.285019 -0.953943 0)
(0.270381 -0.988963 0)
(0.250996 -0.988873 0)
(0.226105 -0.953878 0)
(0.195888 -0.891677 0)
(0.15809 -0.814184 0)
(0.105997 -0.734074 0)
(0.0406899 -0.650144 0)
(-0.0159557 -0.536561 0)
(-0.0428319 -0.370918 0)
(-0.0419664 -0.161411 0)
(-0.025436 0.0653895 0)
(0.000689941 0.287797 0)
(0.034499 0.489467 0)
(0.0766598 0.657375 0)
(0.126607 0.780872 0)
(0.181292 0.856494 0)
(0.236622 0.889281 0)
(0.289063 0.890097 0)
(0.337088 0.870121 0)
(0.380719 0.837683 0)
(0.420756 0.797266 0)
(0.458015 0.750318 0)
(0.492958 0.696628 0)
(0.525674 0.635603 0)
(0.556013 0.567181 0)
(0.583788 0.492288 0)
(0.608992 0.412748 0)
(0.631984 0.330692 0)
(0.653439 0.247884 0)
(0.674068 0.16539 0)
(0.694647 0.0835803 0)
(0.715596 0.00264621 0)
(0.736211 -0.0764962 0)
(0.75676 -0.153182 0)
(0.77737 -0.226986 0)
(0.797377 -0.296801 0)
(0.816425 -0.36135 0)
(0.834504 -0.419703 0)
(0.852067 -0.471726 0)
(0.87006 -0.518274 0)
(0.889689 -0.560942 0)
(0.911978 -0.601378 0)
(0.937308 -0.640483 0)
(0.965184 -0.677955 0)
(0.994374 -0.712431 0)
(1.02331 -0.742082 0)
(1.05056 -0.76527 0)
(1.07506 -0.780957 0)
(1.0963 -0.7888 0)
(1.11414 -0.789006 0)
(1.12876 -0.782125 0)
(1.1405 -0.768871 0)
(1.14976 -0.750022 0)
(1.15698 -0.726376 0)
(1.16262 -0.698727 0)
(1.16708 -0.667843 0)
(1.17074 -0.634427 0)
(1.17385 -0.599088 0)
(1.17657 -0.562325 0)
(1.1789 -0.524538 0)
(1.18078 -0.486057 0)
(1.18203 -0.447165 0)
(1.18248 -0.408128 0)
(1.18193 -0.369206 0)
(1.18022 -0.330659 0)
(1.17719 -0.292751 0)
(1.17276 -0.255737 0)
(1.16688 -0.219866 0)
(1.15955 -0.185367 0)
(1.1508 -0.152446 0)
(1.14071 -0.121277 0)
(1.12939 -0.0920021 0)
(1.11698 -0.0647231 0)
(1.10363 -0.0395025 0)
(1.08951 -0.0163584 0)
(1.0748 0.00472958 0)
(1.05969 0.0237955 0)
(1.04435 0.0409392 0)
(1.02894 0.0563081 0)
(1.0136 0.0700665 0)
(0.998478 0.0824052 0)
(0.983707 0.0935393 0)
(0.969419 0.103696 0)
(0.955727 0.113096 0)
(0.942729 0.121937 0)
(0.930512 0.13039 0)
(0.919179 0.138625 0)
(0.908894 0.14686 0)
(0.899939 0.155438 0)
(0.892773 0.164879 0)
(0.88809 0.175915 0)
(0.886834 0.189411 0)
(0.890154 0.206179 0)
(0.899236 0.226638 0)
(0.915029 0.25043 0)
(0.937897 0.276139 0)
(0.96735 0.301325 0)
(1.002 0.322948 0)
(1.03979 0.338033 0)
(1.07842 0.3443 0)
(1.11576 0.340516 0)
(1.15019 0.326518 0)
(1.18066 0.302995 0)
(1.2067 0.271183 0)
(1.22827 0.232568 0)
(1.24562 0.188681 0)
(1.25911 0.14097 0)
(1.26913 0.0907259 0)
(1.27601 0.0390434 0)
(1.27991 -0.0131182 0)
(1.28088 -0.06475 0)
(1.27907 -0.11481 0)
(1.27434 -0.162341 0)
(1.26666 -0.206439 0)
(1.25605 -0.246278 0)
(1.2426 -0.281141 0)
(1.22648 -0.310451 0)
(1.20799 -0.333824 0)
(1.18755 -0.351137 0)
(1.16571 -0.362583 0)
(1.14318 -0.368676 0)
(1.1208 -0.370195 0)
(1.09945 -0.368085 0)
(1.07998 -0.36335 0)
(1.06317 -0.356966 0)
(1.0497 -0.349802 0)
(1.04009 -0.34256 0)
(1.03468 -0.335718 0)
(1.03362 -0.329485 0)
(1.03681 -0.323803 0)
(1.04398 -0.318394 0)
(1.05466 -0.312842 0)
(1.06834 -0.306688 0)
(1.08447 -0.299503 0)
(1.10254 -0.29093 0)
(1.12211 -0.280689 0)
(1.14282 -0.26857 0)
(1.16431 -0.254414 0)
(1.18625 -0.2381 0)
(1.20831 -0.21955 0)
(1.23012 -0.19873 0)
(1.25132 -0.17566 0)
(1.27154 -0.150425 0)
(1.29044 -0.123178 0)
(1.30769 -0.0941426 0)
(1.32304 -0.0636042 0)
(1.33631 -0.0318796 0)
(1.34736 0.000711577 0)
(1.35614 0.0338235 0)
(1.36266 0.0670444 0)
(1.36698 0.100006 0)
(1.3692 0.132365 0)
(1.36943 0.16379 0)
(1.36784 0.193991 0)
(1.36454 0.22265 0)
(0.0136745 0.156147 0)
(0.00111564 0.345866 0)
(-0.00081317 0.529327 0)
(0.00412539 0.692604 0)
(0.0186396 0.820048 0)
(0.0419322 0.897617 0)
(0.0727555 0.919047 0)
(0.108899 0.888625 0)
(0.147807 0.818821 0)
(0.187399 0.723416 0)
(0.22665 0.610856 0)
(0.265958 0.483311 0)
(0.30438 0.344068 0)
(0.340328 0.199843 0)
(0.375363 0.05316 0)
(0.405285 -0.0949905 0)
(0.427576 -0.243784 0)
(0.449792 -0.398027 0)
(0.468848 -0.54589 0)
(0.478638 -0.662651 0)
(0.476851 -0.736622 0)
(0.466797 -0.783004 0)
(0.453851 -0.828736 0)
(0.440586 -0.885589 0)
(0.425382 -0.940815 0)
(0.405322 -0.972447 0)
(0.378772 -0.967785 0)
(0.345425 -0.927914 0)
(0.306309 -0.861121 0)
(0.262663 -0.777043 0)
(0.211475 -0.68654 0)
(0.147794 -0.596522 0)
(0.0803764 -0.495536 0)
(0.0334539 -0.356825 0)
(0.0206888 -0.169606 0)
(0.0354995 0.0450583 0)
(0.0671919 0.258788 0)
(0.109895 0.453156 0)
(0.161568 0.614656 0)
(0.219741 0.733982 0)
(0.280637 0.80864 0)
(0.34028 0.8433 0)
(0.395889 0.847543 0)
(0.446602 0.831263 0)
(0.49288 0.802 0)
(0.53571 0.764066 0)
(0.57594 0.719126 0)
(0.613975 0.667308 0)
(0.649783 0.608285 0)
(0.683074 0.542087 0)
(0.713546 0.469527 0)
(0.741131 0.392152 0)
(0.766158 0.311794 0)
(0.789232 0.230085 0)
(0.811011 0.14816 0)
(0.832283 0.0665482 0)
(0.853323 -0.0143225 0)
(0.873405 -0.0932801 0)
(0.892934 -0.169684 0)
(0.911728 -0.242908 0)
(0.929266 -0.311847 0)
(0.945419 -0.37545 0)
(0.960503 -0.433165 0)
(0.975355 -0.485268 0)
(0.991218 -0.532876 0)
(1.00936 -0.577521 0)
(1.03051 -0.620398 0)
(1.05451 -0.661697 0)
(1.08023 -0.700439 0)
(1.10601 -0.73489 0)
(1.13018 -0.76324 0)
(1.15147 -0.784172 0)
(1.16924 -0.797086 0)
(1.18336 -0.802035 0)
(1.1941 -0.799509 0)
(1.20193 -0.790217 0)
(1.20738 -0.774939 0)
(1.21099 -0.754472 0)
(1.21329 -0.729606 0)
(1.21476 -0.701114 0)
(1.21584 -0.669712 0)
(1.21683 -0.63602 0)
(1.21791 -0.600537 0)
(1.21908 -0.563647 0)
(1.2202 -0.525652 0)
(1.22105 -0.486813 0)
(1.22136 -0.447378 0)
(1.22086 -0.407608 0)
(1.2193 -0.367781 0)
(1.21648 -0.328189 0)
(1.21224 -0.289131 0)
(1.20648 -0.250908 0)
(1.19916 -0.213807 0)
(1.19028 -0.178097 0)
(1.17991 -0.144019 0)
(1.16813 -0.11178 0)
(1.15509 -0.0815442 0)
(1.14094 -0.0534353 0)
(1.12587 -0.0275279 0)
(1.11008 -0.00384761 0)
(1.09377 0.017608 0)
(1.07717 0.0368817 0)
(1.06047 0.0541044 0)
(1.04381 0.0694225 0)
(1.02736 0.0830059 0)
(1.01128 0.0950508 0)
(0.995703 0.105778 0)
(0.980772 0.115423 0)
(0.966609 0.12422 0)
(0.953321 0.132379 0)
(0.941 0.140073 0)
(0.929738 0.147449 0)
(0.919664 0.154664 0)
(0.910995 0.161948 0)
(0.904094 0.169668 0)
(0.899526 0.178361 0)
(0.898087 0.18871 0)
(0.900776 0.201409 0)
(0.908684 0.216924 0)
(0.922774 0.235176 0)
(0.943583 0.255276 0)
(0.970954 0.275464 0)
(1.00392 0.293344 0)
(1.04082 0.306366 0)
(1.07961 0.312352 0)
(1.11821 0.309875 0)
(1.15486 0.298389 0)
(1.18826 0.278139 0)
(1.21759 0.249956 0)
(1.24248 0.21502 0)
(1.26287 0.17467 0)
(1.27888 0.130269 0)
(1.29074 0.083106 0)
(1.29866 0.0343204 0)
(1.30277 -0.0150648 0)
(1.30315 -0.0639901 0)
(1.29996 -0.111356 0)
(1.2932 -0.156209 0)
(1.28298 -0.197678 0)
(1.26946 -0.234995 0)
(1.25287 -0.267508 0)
(1.23351 -0.294716 0)
(1.21181 -0.316331 0)
(1.18833 -0.332348 0)
(1.16378 -0.343084 0)
(1.13903 -0.349158 0)
(1.11503 -0.351405 0)
(1.09271 -0.350764 0)
(1.07295 -0.348183 0)
(1.05649 -0.344536 0)
(1.04392 -0.340573 0)
(1.03566 -0.336849 0)
(1.03193 -0.333671 0)
(1.03271 -0.331063 0)
(1.03775 -0.328785 0)
(1.04661 -0.326419 0)
(1.05876 -0.323467 0)
(1.07363 -0.319456 0)
(1.09073 -0.313992 0)
(1.10962 -0.306778 0)
(1.12997 -0.297595 0)
(1.15151 -0.286267 0)
(1.17394 -0.272647 0)
(1.19695 -0.2566 0)
(1.22019 -0.238025 0)
(1.24325 -0.216865 0)
(1.2657 -0.193132 0)
(1.2871 -0.166918 0)
(1.30705 -0.1384 0)
(1.32519 -0.107842 0)
(1.34123 -0.0755806 0)
(1.35495 -0.0419969 0)
(1.36623 -0.00748116 0)
(1.37501 0.0275648 0)
(1.38133 0.0626882 0)
(1.38527 0.0974611 0)
(1.38699 0.131515 0)
(1.38668 0.164511 0)
(1.38454 0.196157 0)
(1.38077 0.226133 0)
(0.0268704 0.142902 0)
(0.0376977 0.342135 0)
(0.057504 0.517979 0)
(0.0875157 0.67332 0)
(0.127727 0.793721 0)
(0.175134 0.86618 0)
(0.226384 0.884809 0)
(0.278228 0.853515 0)
(0.328359 0.783853 0)
(0.375892 0.688761 0)
(0.421152 0.576459 0)
(0.464589 0.449991 0)
(0.50457 0.312896 0)
(0.540283 0.170396 0)
(0.573719 0.0262447 0)
(0.601718 -0.117673 0)
(0.624865 -0.263072 0)
(0.647944 -0.413921 0)
(0.663699 -0.555342 0)
(0.663372 -0.662479 0)
(0.646999 -0.727478 0)
(0.623482 -0.769211 0)
(0.602193 -0.814428 0)
(0.585061 -0.871331 0)
(0.566879 -0.924194 0)
(0.541984 -0.951047 0)
(0.508524 -0.940659 0)
(0.467509 -0.895386 0)
(0.420863 -0.824509 0)
(0.371104 -0.737014 0)
(0.319004 -0.640664 0)
(0.26037 -0.543461 0)
(0.194119 -0.44524 0)
(0.135328 -0.327879 0)
(0.10624 -0.169781 0)
(0.114358 0.0241845 0)
(0.148302 0.225234 0)
(0.196549 0.410689 0)
(0.254529 0.566065 0)
(0.318266 0.682431 0)
(0.383391 0.757355 0)
(0.446075 0.794809 0)
(0.504016 0.802972 0)
(0.556744 0.790548 0)
(0.604971 0.764432 0)
(0.649805 0.728869 0)
(0.692143 0.685812 0)
(0.732401 0.635774 0)
(0.770524 0.578724 0)
(0.806164 0.514797 0)
(0.838945 0.444694 0)
(0.868708 0.369686 0)
(0.895658 0.291324 0)
(0.920246 0.211111 0)
(0.943026 0.130214 0)
(0.964709 0.0492839 0)
(0.985371 -0.0309552 0)
(1.00434 -0.109157 0)
(1.0222 -0.184704 0)
(1.03862 -0.256823 0)
(1.05338 -0.324541 0)
(1.06669 -0.387126 0)
(1.07925 -0.444441 0)
(1.09219 -0.497108 0)
(1.10686 -0.546323 0)
(1.12424 -0.593281 0)
(1.14448 -0.638474 0)
(1.16667 -0.681298 0)
(1.18915 -0.720233 0)
(1.21008 -0.753449 0)
(1.22801 -0.77944 0)
(1.24216 -0.797391 0)
(1.25239 -0.807197 0)
(1.25907 -0.809271 0)
(1.2628 -0.804302 0)
(1.26425 -0.793064 0)
(1.26408 -0.776337 0)
(1.26291 -0.754891 0)
(1.26128 -0.729481 0)
(1.2597 -0.700822 0)
(1.25854 -0.669539 0)
(1.25799 -0.636118 0)
(1.25805 -0.600916 0)
(1.25854 -0.564186 0)
(1.25915 -0.526141 0)
(1.25952 -0.486995 0)
(1.2593 -0.446993 0)
(1.25816 -0.406419 0)
(1.25581 -0.365587 0)
(1.25205 -0.324836 0)
(1.24671 -0.284514 0)
(1.2397 -0.244969 0)
(1.23098 -0.206535 0)
(1.22057 -0.169524 0)
(1.20855 -0.134219 0)
(1.19504 -0.100858 0)
(1.1802 -0.0696365 0)
(1.16423 -0.0406962 0)
(1.14735 -0.0141251 0)
(1.1298 0.0100367 0)
(1.11183 0.031772 0)
(1.09368 0.0511716 0)
(1.07553 0.0683703 0)
(1.05757 0.0835222 0)
(1.03997 0.0968075 0)
(1.0229 0.10843 0)
(1.00649 0.118618 0)
(0.990898 0.127615 0)
(0.976242 0.135666 0)
(0.962636 0.142994 0)
(0.950175 0.149783 0)
(0.938942 0.156172 0)
(0.929034 0.162278 0)
(0.920607 0.168249 0)
(0.913927 0.174322 0)
(0.909425 0.180869 0)
(0.907736 0.188398 0)
(0.90969 0.197475 0)
(0.916242 0.208549 0)
(0.928305 0.221716 0)
(0.946512 0.236481 0)
(0.970969 0.251648 0)
(1.0011 0.26542 0)
(1.03564 0.275714 0)
(1.07289 0.28058 0)
(1.11095 0.278552 0)
(1.14804 0.268838 0)
(1.18269 0.251338 0)
(1.21384 0.22652 0)
(1.24081 0.195257 0)
(1.26327 0.158665 0)
(1.2811 0.117973 0)
(1.29432 0.07441 0)
(1.30304 0.0291062 0)
(1.30735 -0.0169004 0)
(1.30732 -0.062536 0)
(1.30314 -0.106699 0)
(1.29493 -0.148463 0)
(1.28291 -0.187002 0)
(1.26736 -0.221601 0)
(1.24861 -0.251667 0)
(1.22709 -0.27678 0)
(1.20335 -0.296757 0)
(1.1781 -0.311723 0)
(1.15221 -0.322121 0)
(1.12668 -0.328649 0)
(1.10252 -0.332154 0)
(1.08066 -0.333521 0)
(1.06194 -0.333592 0)
(1.04698 -0.333115 0)
(1.03627 -0.332689 0)
(1.03008 -0.332707 0)
(1.02849 -0.33329 0)
(1.0313 -0.334267 0)
(1.03815 -0.335237 0)
(1.04848 -0.335678 0)
(1.06175 -0.335068 0)
(1.07745 -0.332976 0)
(1.09519 -0.329092 0)
(1.11469 -0.3232 0)
(1.13575 -0.315129 0)
(1.15819 -0.304713 0)
(1.18175 -0.291771 0)
(1.20609 -0.27612 0)
(1.23078 -0.257603 0)
(1.25534 -0.236128 0)
(1.27924 -0.211695 0)
(1.30198 -0.184407 0)
(1.32309 -0.154478 0)
(1.34218 -0.122225 0)
(1.35892 -0.0880491 0)
(1.37309 -0.0524046 0)
(1.38457 -0.0157571 0)
(1.39331 0.0214233 0)
(1.39933 0.0586329 0)
(1.40275 0.095368 0)
(1.40377 0.131216 0)
(1.40264 0.16582 0)
(1.39963 0.198888 0)
(1.39504 0.230123 0)
(0.034761 0.11012 0)
(0.0697861 0.319014 0)
(0.110541 0.487419 0)
(0.165014 0.632899 0)
(0.231162 0.746503 0)
(0.303373 0.816001 0)
(0.375967 0.835196 0)
(0.44455 0.806725 0)
(0.506874 0.740373 0)
(0.562887 0.647883 0)
(0.613896 0.537653 0)
(0.66078 0.414015 0)
(0.702503 0.280632 0)
(0.739114 0.142086 0)
(0.771768 0.00189085 0)
(0.798555 -0.138594 0)
(0.822432 -0.281969 0)
(0.844157 -0.4279 0)
(0.85223 -0.558138 0)
(0.837875 -0.651214 0)
(0.806212 -0.706629 0)
(0.772002 -0.747119 0)
(0.746332 -0.796126 0)
(0.727935 -0.855055 0)
(0.707474 -0.904744 0)
(0.677517 -0.924898 0)
(0.6368 -0.907547 0)
(0.588121 -0.856866 0)
(0.534873 -0.782656 0)
(0.479982 -0.693857 0)
(0.425967 -0.596058 0)
(0.371873 -0.494584 0)
(0.31341 -0.394167 0)
(0.254276 -0.288576 0)
(0.212896 -0.158259 0)
(0.208691 0.00727622 0)
(0.239377 0.190144 0)
(0.28971 0.364747 0)
(0.351362 0.513804 0)
(0.418733 0.627743 0)
(0.486834 0.703644 0)
(0.551849 0.744438 0)
(0.61169 0.756854 0)
(0.666046 0.748446 0)
(0.715728 0.725528 0)
(0.761911 0.69232 0)
(0.805561 0.65108 0)
(0.847167 0.602722 0)
(0.886733 0.547537 0)
(0.923941 0.485799 0)
(0.958387 0.418137 0)
(0.989825 0.345597 0)
(1.0183 0.269488 0)
(1.04405 0.191178 0)
(1.06748 0.111808 0)
(1.08919 0.032129 0)
(1.10904 -0.0468382 0)
(1.12658 -0.123719 0)
(1.14245 -0.197898 0)
(1.15645 -0.268582 0)
(1.16873 -0.335019 0)
(1.17987 -0.396836 0)
(1.19087 -0.454257 0)
(1.20298 -0.508075 0)
(1.21729 -0.559281 0)
(1.23417 -0.608446 0)
(1.25295 -0.655228 0)
(1.27205 -0.698352 0)
(1.2896 -0.736072 0)
(1.304 -0.766813 0)
(1.31436 -0.789614 0)
(1.32055 -0.804239 0)
(1.32301 -0.811023 0)
(1.32249 -0.810621 0)
(1.31981 -0.803795 0)
(1.31575 -0.791297 0)
(1.31101 -0.773854 0)
(1.30622 -0.752181 0)
(1.30192 -0.726976 0)
(1.29855 -0.698857 0)
(1.29637 -0.668297 0)
(1.29536 -0.635607 0)
(1.2953 -0.600974 0)
(1.29579 -0.564536 0)
(1.29639 -0.526448 0)
(1.29663 -0.486924 0)
(1.29613 -0.44624 0)
(1.29453 -0.404725 0)
(1.29157 -0.362747 0)
(1.28702 -0.320695 0)
(1.28071 -0.278967 0)
(1.27254 -0.237961 0)
(1.26247 -0.198065 0)
(1.25054 -0.159639 0)
(1.23684 -0.123011 0)
(1.22152 -0.0884595 0)
(1.2048 -0.0562097 0)
(1.18691 -0.0264265 0)
(1.16811 0.000784824 0)
(1.1487 0.0253536 0)
(1.12898 0.0472953 0)
(1.10917 0.0667281 0)
(1.08949 0.0837901 0)
(1.07017 0.0986506 0)
(1.05137 0.111505 0)
(1.03326 0.122569 0)
(1.016 0.132081 0)
(0.999722 0.140291 0)
(0.984547 0.147455 0)
(0.970592 0.153811 0)
(0.957951 0.159556 0)
(0.946699 0.164833 0)
(0.936907 0.169742 0)
(0.928677 0.174375 0)
(0.922186 0.178869 0)
(0.917736 0.18346 0)
(0.915803 0.188501 0)
(0.917037 0.194422 0)
(0.922231 0.20162 0)
(0.932196 0.210277 0)
(0.947585 0.22017 0)
(0.968678 0.230539 0)
(0.995208 0.240107 0)
(1.02632 0.247261 0)
(1.06065 0.250352 0)
(1.09657 0.248003 0)
(1.13241 0.239315 0)
(1.16665 0.223944 0)
(1.19808 0.202066 0)
(1.2258 0.174271 0)
(1.24922 0.141442 0)
(1.26802 0.104637 0)
(1.28203 0.0649726 0)
(1.29126 0.0235231 0)
(1.29572 -0.0187 0)
(1.29548 -0.0606479 0)
(1.29074 -0.101267 0)
(1.2817 -0.139678 0)
(1.26867 -0.175106 0)
(1.252 -0.206886 0)
(1.23211 -0.234491 0)
(1.20954 -0.257592 0)
(1.18497 -0.276135 0)
(1.15928 -0.290381 0)
(1.13347 -0.300877 0)
(1.10859 -0.308355 0)
(1.08566 -0.313615 0)
(1.06554 -0.317433 0)
(1.04891 -0.32051 0)
(1.03629 -0.323446 0)
(1.028 -0.326689 0)
(1.02419 -0.330457 0)
(1.02479 -0.334681 0)
(1.02948 -0.339011 0)
(1.03777 -0.342919 0)
(1.04913 -0.345838 0)
(1.06304 -0.34729 0)
(1.07916 -0.346948 0)
(1.09728 -0.344609 0)
(1.11732 -0.340133 0)
(1.13919 -0.333361 0)
(1.16275 -0.324079 0)
(1.18773 -0.31202 0)
(1.21368 -0.296908 0)
(1.24008 -0.278513 0)
(1.26631 -0.256704 0)
(1.29176 -0.231477 0)
(1.31586 -0.202968 0)
(1.3381 -0.171447 0)
(1.35806 -0.137298 0)
(1.37543 -0.100999 0)
(1.39 -0.0630823 0)
(1.40164 -0.0240931 0)
(1.41031 0.015427 0)
(1.41604 0.0549232 0)
(1.41894 0.0938074 0)
(1.41923 0.131607 0)
(1.41718 0.167923 0)
(1.41312 0.202446 0)
(1.40745 0.234903 0)
(0.0319671 0.0644693 0)
(0.0896771 0.275273 0)
(0.151944 0.438188 0)
(0.230051 0.571831 0)
(0.321748 0.677981 0)
(0.41928 0.746197 0)
(0.514605 0.769083 0)
(0.601894 0.747147 0)
(0.678495 0.687787 0)
(0.744662 0.601115 0)
(0.802289 0.495563 0)
(0.852971 0.376558 0)
(0.896907 0.248168 0)
(0.934629 0.114533 0)
(0.966945 -0.0216851 0)
(0.993373 -0.159368 0)
(1.01661 -0.299692 0)
(1.03174 -0.436402 0)
(1.02526 -0.550089 0)
(0.993286 -0.626973 0)
(0.948663 -0.675732 0)
(0.910099 -0.720534 0)
(0.885781 -0.777108 0)
(0.86833 -0.83805 0)
(0.844935 -0.882263 0)
(0.808499 -0.893426 0)
(0.759684 -0.868102 0)
(0.703236 -0.812513 0)
(0.644033 -0.736293 0)
(0.585323 -0.647867 0)
(0.529581 -0.551922 0)
(0.478172 -0.450883 0)
(0.42847 -0.34864 0)
(0.377537 -0.246903 0)
(0.333372 -0.135979 0)
(0.316317 -0.000542822 0)
(0.337537 0.157765 0)
(0.385522 0.317827 0)
(0.448259 0.459426 0)
(0.517788 0.570887 0)
(0.588143 0.648036 0)
(0.655237 0.692453 0)
(0.716934 0.709371 0)
(0.772868 0.7052 0)
(0.82381 0.685673 0)
(0.870945 0.65496 0)
(0.915307 0.615597 0)
(0.957501 0.568892 0)
(0.99766 0.515473 0)
(1.03556 0.455795 0)
(1.07084 0.390478 0)
(1.10319 0.320416 0)
(1.13252 0.246729 0)
(1.15886 0.170649 0)
(1.1825 0.0932615 0)
(1.20384 0.0153948 0)
(1.22257 -0.0617329 0)
(1.2387 -0.136853 0)
(1.25277 -0.209352 0)
(1.26489 -0.278536 0)
(1.27554 -0.34392 0)
(1.2856 -0.405445 0)
(1.29617 -0.463537 0)
(1.3083 -0.518888 0)
(1.32244 -0.571968 0)
(1.33812 -0.622548 0)
(1.35391 -0.66955 0)
(1.36796 -0.711371 0)
(1.37865 -0.746459 0)
(1.38505 -0.773796 0)
(1.38705 -0.793064 0)
(1.38518 -0.804535 0)
(1.38032 -0.808827 0)
(1.37345 -0.806676 0)
(1.36546 -0.798798 0)
(1.35713 -0.78586 0)
(1.34913 -0.768517 0)
(1.34206 -0.747424 0)
(1.33645 -0.723186 0)
(1.33259 -0.696262 0)
(1.3305 -0.666912 0)
(1.32991 -0.635235 0)
(1.33034 -0.601266 0)
(1.33123 -0.565076 0)
(1.33207 -0.526827 0)
(1.33238 -0.486777 0)
(1.33181 -0.445262 0)
(1.33 -0.402663 0)
(1.32667 -0.359393 0)
(1.32158 -0.315885 0)
(1.31451 -0.272586 0)
(1.30533 -0.229948 0)
(1.29399 -0.18842 0)
(1.28053 -0.148425 0)
(1.26509 -0.110344 0)
(1.24786 -0.0745044 0)
(1.2291 -0.041166 0)
(1.20911 -0.010522 0)
(1.18823 0.017292 0)
(1.16683 0.0421981 0)
(1.1452 0.0642717 0)
(1.12361 0.0836312 0)
(1.10231 0.100431 0)
(1.08153 0.114863 0)
(1.06147 0.127141 0)
(1.04229 0.1375 0)
(1.02414 0.146191 0)
(1.00714 0.153474 0)
(0.991431 0.159613 0)
(0.977101 0.164861 0)
(0.964245 0.169429 0)
(0.95293 0.173475 0)
(0.943206 0.177097 0)
(0.935131 0.180356 0)
(0.928805 0.183321 0)
(0.924416 0.186122 0)
(0.922289 0.188979 0)
(0.9229 0.192195 0)
(0.926865 0.196088 0)
(0.934861 0.200865 0)
(0.947496 0.206471 0)
(0.965133 0.212465 0)
(0.987733 0.217988 0)
(1.01477 0.221854 0)
(1.04523 0.222752 0)
(1.0778 0.219478 0)
(1.11099 0.211138 0)
(1.14336 0.197256 0)
(1.17364 0.177795 0)
(1.20079 0.153106 0)
(1.22407 0.123845 0)
(1.24296 0.0908854 0)
(1.25716 0.0551981 0)
(1.26654 0.0177566 0)
(1.27107 -0.0204925 0)
(1.27078 -0.0585602 0)
(1.26587 -0.0954759 0)
(1.25658 -0.130421 0)
(1.24327 -0.162675 0)
(1.22633 -0.191632 0)
(1.20627 -0.216847 0)
(1.18373 -0.238114 0)
(1.15956 -0.255519 0)
(1.13474 -0.26945 0)
(1.11035 -0.28051 0)
(1.08743 -0.289397 0)
(1.06688 -0.296797 0)
(1.04941 -0.303335 0)
(1.03554 -0.309561 0)
(1.02563 -0.315934 0)
(1.01989 -0.322755 0)
(1.01836 -0.330074 0)
(1.02083 -0.337639 0)
(1.02691 -0.344951 0)
(1.0361 -0.351406 0)
(1.0479 -0.356467 0)
(1.06198 -0.359771 0)
(1.0782 -0.361134 0)
(1.0966 -0.360467 0)
(1.11726 -0.357656 0)
(1.14018 -0.352485 0)
(1.16516 -0.344616 0)
(1.19183 -0.333641 0)
(1.2196 -0.319163 0)
(1.24778 -0.300877 0)
(1.27565 -0.278631 0)
(1.30251 -0.252446 0)
(1.32776 -0.22252 0)
(1.35089 -0.189198 0)
(1.3715 -0.152949 0)
(1.38931 -0.114335 0)
(1.40412 -0.0739706 0)
(1.41585 -0.0324697 0)
(1.42446 0.0095589 0)
(1.42995 0.0515114 0)
(1.43248 0.0927205 0)
(1.43219 0.132647 0)
(1.42937 0.170832 0)
(1.42434 0.206921 0)
(1.41758 0.24064 0)
(0.012754 0.0184989 0)
(0.087679 0.212725 0)
(0.173175 0.369109 0)
(0.276039 0.491084 0)
(0.392959 0.589 0)
(0.51542 0.656593 0)
(0.634185 0.685446 0)
(0.742094 0.673262 0)
(0.835565 0.624479 0)
(0.914488 0.547146 0)
(0.980819 0.44924 0)
(1.03679 0.336821 0)
(1.08375 0.214467 0)
(1.12262 0.0863679 0)
(1.15455 -0.0451359 0)
(1.17967 -0.178855 0)
(1.19721 -0.312147 0)
(1.19726 -0.43348 0)
(1.17012 -0.52715 0)
(1.12199 -0.590638 0)
(1.07294 -0.64011 0)
(1.03978 -0.695524 0)
(1.02193 -0.760663 0)
(1.00515 -0.82037 0)
(0.976087 -0.855296 0)
(0.930749 -0.855346 0)
(0.872864 -0.821852 0)
(0.808934 -0.762557 0)
(0.744695 -0.68625 0)
(0.683595 -0.599992 0)
(0.627399 -0.507881 0)
(0.577713 -0.411062 0)
(0.534531 -0.310783 0)
(0.494411 -0.210373 0)
(0.456617 -0.109376 0)
(0.433132 0.00203677 0)
(0.441805 0.132621 0)
(0.482 0.273144 0)
(0.542352 0.404573 0)
(0.612368 0.51258 0)
(0.684409 0.590736 0)
(0.753612 0.638804 0)
(0.817443 0.660411 0)
(0.87526 0.660772 0)
(0.927648 0.644985 0)
(0.975715 0.617091 0)
(1.02054 0.579844 0)
(1.06285 0.534907 0)
(1.10295 0.483247 0)
(1.14077 0.425537 0)
(1.17604 0.362457 0)
(1.20849 0.294826 0)
(1.23791 0.223639 0)
(1.26423 0.150005 0)
(1.28761 0.0749215 0)
(1.30831 -0.000742857 0)
(1.32598 -0.0756657 0)
(1.34098 -0.148785 0)
(1.35385 -0.219552 0)
(1.36497 -0.287429 0)
(1.37506 -0.352166 0)
(1.38508 -0.413885 0)
(1.39593 -0.472961 0)
(1.40805 -0.529665 0)
(1.42105 -0.583745 0)
(1.43367 -0.63424 0)
(1.44418 -0.679695 0)
(1.45101 -0.71865 0)
(1.45329 -0.750107 0)
(1.45098 -0.77373 0)
(1.44474 -0.78975 0)
(1.43555 -0.798748 0)
(1.42453 -0.801421 0)
(1.41266 -0.798441 0)
(1.40078 -0.790407 0)
(1.3896 -0.777889 0)
(1.37976 -0.761481 0)
(1.37183 -0.741765 0)
(1.36622 -0.719188 0)
(1.36297 -0.693965 0)
(1.36179 -0.666092 0)
(1.36212 -0.635473 0)
(1.3633 -0.602064 0)
(1.36475 -0.565961 0)
(1.366 -0.527398 0)
(1.36667 -0.486707 0)
(1.36643 -0.444267 0)
(1.36489 -0.400484 0)
(1.36171 -0.35579 0)
(1.35653 -0.310647 0)
(1.34905 -0.265555 0)
(1.33908 -0.221038 0)
(1.32655 -0.177627 0)
(1.31152 -0.135831 0)
(1.29417 -0.0961057 0)
(1.27478 -0.0588358 0)
(1.25368 -0.0243278 0)
(1.23128 0.00719359 0)
(1.20805 0.0355448 0)
(1.18439 0.0607255 0)
(1.16061 0.0828277 0)
(1.13704 0.101984 0)
(1.11396 0.118374 0)
(1.09161 0.132218 0)
(1.07019 0.143758 0)
(1.04987 0.153251 0)
(1.03079 0.160965 0)
(1.01306 0.167174 0)
(0.99679 0.172151 0)
(0.982068 0.176159 0)
(0.968973 0.179427 0)
(0.95756 0.182129 0)
(0.947865 0.184375 0)
(0.93991 0.186215 0)
(0.933732 0.187678 0)
(0.929425 0.188818 0)
(0.927179 0.189749 0)
(0.927309 0.190662 0)
(0.930258 0.191787 0)
(0.936551 0.193313 0)
(0.946702 0.195273 0)
(0.961088 0.19744 0)
(0.979804 0.199274 0)
(1.00257 0.199949 0)
(1.02869 0.198477 0)
(1.05716 0.193879 0)
(1.08672 0.185347 0)
(1.11609 0.172367 0)
(1.14405 0.154767 0)
(1.16951 0.132717 0)
(1.19165 0.106677 0)
(1.20981 0.0773314 0)
(1.2236 0.045489 0)
(1.23278 0.011998 0)
(1.23724 -0.0222903 0)
(1.237 -0.0564763 0)
(1.23223 -0.0896938 0)
(1.22318 -0.121194 0)
(1.2102 -0.150322 0)
(1.19375 -0.176551 0)
(1.1744 -0.199555 0)
(1.15293 -0.219271 0)
(1.13029 -0.235926 0)
(1.10754 -0.249985 0)
(1.08572 -0.262035 0)
(1.06574 -0.272663 0)
(1.0483 -0.282394 0)
(1.03393 -0.291691 0)
(1.02296 -0.300974 0)
(1.01567 -0.310591 0)
(1.01218 -0.320714 0)
(1.01245 -0.33123 0)
(1.01622 -0.34172 0)
(1.02304 -0.351574 0)
(1.03246 -0.360184 0)
(1.04415 -0.367126 0)
(1.058 -0.372214 0)
(1.07418 -0.375422 0)
(1.09292 -0.376727 0)
(1.11443 -0.375959 0)
(1.13867 -0.372745 0)
(1.16533 -0.366549 0)
(1.19382 -0.35678 0)
(1.22337 -0.342918 0)
(1.25314 -0.32461 0)
(1.28231 -0.301723 0)
(1.31017 -0.274348 0)
(1.33611 -0.242773 0)
(1.35968 -0.207445 0)
(1.38053 -0.168927 0)
(1.39845 -0.127866 0)
(1.41329 -0.0849462 0)
(1.425 -0.0408495 0)
(1.43354 0.00377708 0)
(1.43892 0.0482767 0)
(1.44128 0.0919251 0)
(1.44074 0.134122 0)
(1.4375 0.174338 0)
(1.43187 0.212153 0)
(1.42432 0.247262 0)
(-0.0298836 -0.0115597 0)
(0.0525682 0.140346 0)
(0.163732 0.27776 0)
(0.295702 0.388985 0)
(0.439355 0.479642 0)
(0.585528 0.546818 0)
(0.726123 0.582718 0)
(0.854299 0.582597 0)
(0.965833 0.547629 0)
(1.05968 0.48334 0)
(1.13715 0.396614 0)
(1.20051 0.293571 0)
(1.25152 0.17943 0)
(1.29141 0.0586809 0)
(1.32209 -0.0665573 0)
(1.34179 -0.193022 0)
(1.34483 -0.31273 0)
(1.3225 -0.413645 0)
(1.27661 -0.489707 0)
(1.22434 -0.549358 0)
(1.18596 -0.609412 0)
(1.16725 -0.678363 0)
(1.15607 -0.747615 0)
(1.13535 -0.799598 0)
(1.096 -0.821108 0)
(1.0393 -0.809144 0)
(0.972102 -0.768677 0)
(0.901883 -0.707722 0)
(0.83423 -0.633587 0)
(0.772289 -0.551495 0)
(0.717204 -0.464608 0)
(0.669695 -0.373931 0)
(0.630775 -0.27925 0)
(0.599358 -0.182124 0)
(0.571946 -0.0858653 0)
(0.550967 0.0109956 0)
(0.550457 0.11719 0)
(0.579115 0.234707 0)
(0.632563 0.351821 0)
(0.700316 0.453925 0)
(0.772938 0.531969 0)
(0.844149 0.583289 0)
(0.910518 0.609608 0)
(0.970804 0.614803 0)
(1.02521 0.603215 0)
(1.07463 0.578642 0)
(1.12014 0.543948 0)
(1.16254 0.501085 0)
(1.20234 0.451338 0)
(1.23964 0.395619 0)
(1.27434 0.334724 0)
(1.30625 0.269474 0)
(1.33516 0.200792 0)
(1.36097 0.129688 0)
(1.3838 0.0570681 0)
(1.40376 -0.0161892 0)
(1.42063 -0.0888119 0)
(1.43498 -0.159969 0)
(1.44737 -0.229185 0)
(1.45832 -0.296081 0)
(1.46861 -0.36054 0)
(1.47895 -0.422641 0)
(1.48968 -0.482413 0)
(1.50043 -0.539494 0)
(1.51005 -0.592966 0)
(1.51699 -0.641499 0)
(1.51986 -0.683765 0)
(1.51792 -0.718854 0)
(1.51129 -0.746459 0)
(1.50073 -0.766803 0)
(1.48737 -0.780423 0)
(1.47237 -0.787965 0)
(1.4568 -0.79004 0)
(1.44152 -0.787178 0)
(1.42727 -0.779856 0)
(1.41468 -0.768586 0)
(1.4044 -0.753914 0)
(1.39692 -0.73629 0)
(1.39237 -0.715895 0)
(1.39045 -0.692617 0)
(1.39053 -0.666199 0)
(1.39185 -0.636458 0)
(1.39383 -0.603412 0)
(1.39604 -0.567279 0)
(1.39818 -0.528386 0)
(1.39996 -0.487091 0)
(1.40095 -0.443749 0)
(1.40065 -0.398728 0)
(1.39848 -0.352445 0)
(1.39391 -0.305395 0)
(1.38648 -0.258155 0)
(1.37593 -0.21136 0)
(1.36219 -0.165671 0)
(1.34535 -0.121718 0)
(1.32571 -0.080056 0)
(1.30365 -0.041148 0)
(1.27969 -0.00536329 0)
(1.25439 0.0270229 0)
(1.22831 0.0558614 0)
(1.2019 0.0812225 0)
(1.17557 0.103209 0)
(1.14968 0.121989 0)
(1.12455 0.137782 0)
(1.10043 0.150843 0)
(1.07751 0.161449 0)
(1.05595 0.169889 0)
(1.03587 0.176451 0)
(1.01737 0.181425 0)
(1.00052 0.185094 0)
(0.985398 0.187731 0)
(0.97205 0.189579 0)
(0.960521 0.19083 0)
(0.950828 0.191611 0)
(0.942966 0.191977 0)
(0.936928 0.191942 0)
(0.932728 0.191511 0)
(0.930447 0.19072 0)
(0.930259 0.189666 0)
(0.932444 0.188493 0)
(0.937373 0.187348 0)
(0.945444 0.186298 0)
(0.956989 0.185246 0)
(0.972163 0.183875 0)
(0.990849 0.181643 0)
(1.01261 0.177848 0)
(1.03669 0.171739 0)
(1.06212 0.162646 0)
(1.0878 0.150085 0)
(1.11262 0.133825 0)
(1.13557 0.113912 0)
(1.15577 0.0906477 0)
(1.17255 0.0645457 0)
(1.1854 0.0362532 0)
(1.19404 0.00647905 0)
(1.19829 -0.0240416 0)
(1.19814 -0.054515 0)
(1.19372 -0.0841852 0)
(1.18526 -0.112384 0)
(1.17311 -0.138546 0)
(1.15778 -0.162264 0)
(1.13995 -0.183357 0)
(1.12048 -0.201912 0)
(1.10037 -0.218254 0)
(1.08063 -0.232849 0)
(1.06214 -0.246179 0)
(1.04559 -0.258666 0)
(1.03145 -0.270664 0)
(1.02005 -0.282514 0)
(1.01165 -0.294562 0)
(1.00648 -0.307079 0)
(1.00464 -0.320116 0)
(1.00604 -0.333396 0)
(1.01037 -0.346351 0)
(1.01721 -0.358312 0)
(1.02623 -0.368759 0)
(1.03734 -0.377462 0)
(1.05074 -0.384452 0)
(1.06687 -0.389833 0)
(1.08616 -0.393552 0)
(1.10878 -0.395265 0)
(1.13456 -0.394336 0)
(1.16295 -0.389967 0)
(1.19312 -0.381379 0)
(1.22411 -0.367962 0)
(1.25495 -0.349374 0)
(1.2848 -0.325559 0)
(1.31298 -0.29672 0)
(1.33895 -0.263271 0)
(1.36235 -0.22577 0)
(1.38293 -0.18488 0)
(1.40055 -0.141321 0)
(1.41514 -0.0958374 0)
(1.42667 -0.0491545 0)
(1.43514 -0.00195225 0)
(1.44054 0.0450757 0)
(1.443 0.0911773 0)
(1.44257 0.135704 0)
(1.4394 0.178064 0)
(1.43371 0.217757 0)
(1.42592 0.254435 0)
(-0.0773173 0.0278347 0)
(-0.0151425 0.0644645 0)
(0.11156 0.161581 0)
(0.274447 0.263535 0)
(0.449568 0.352873 0)
(0.62214 0.42253 0)
(0.784063 0.465604 0)
(0.930452 0.477041 0)
(1.05829 0.456284 0)
(1.16636 0.40678 0)
(1.25524 0.333881 0)
(1.32647 0.243278 0)
(1.38133 0.140391 0)
(1.42186 0.0295871 0)
(1.44797 -0.0850828 0)
(1.45412 -0.19664 0)
(1.43615 -0.296114 0)
(1.3967 -0.378512 0)
(1.35053 -0.448547 0)
(1.31659 -0.51789 0)
(1.30242 -0.593694 0)
(1.29787 -0.670347 0)
(1.28509 -0.733559 0)
(1.25215 -0.770621 0)
(1.198 -0.776627 0)
(1.12913 -0.754125 0)
(1.05413 -0.709523 0)
(0.980089 -0.649662 0)
(0.911458 -0.579917 0)
(0.850488 -0.50375 0)
(0.797847 -0.423225 0)
(0.753503 -0.339377 0)
(0.71804 -0.252055 0)
(0.692108 -0.161218 0)
(0.673792 -0.0694789 0)
(0.660763 0.0198171 0)
(0.658504 0.109492 0)
(0.676824 0.205251 0)
(0.719748 0.304535 0)
(0.781301 0.396929 0)
(0.852082 0.472417 0)
(0.924361 0.525792 0)
(0.993304 0.556467 0)
(1.05663 0.566677 0)
(1.11385 0.559783 0)
(1.16547 0.539159 0)
(1.21236 0.507635 0)
(1.25538 0.467354 0)
(1.29517 0.419865 0)
(1.33203 0.366321 0)
(1.36606 0.307669 0)
(1.3972 0.244787 0)
(1.42535 0.178579 0)
(1.45045 0.109982 0)
(1.47263 0.0398251 0)
(1.49195 -0.0310385 0)
(1.50829 -0.101485 0)
(1.52239 -0.170867 0)
(1.53472 -0.238776 0)
(1.54579 -0.304915 0)
(1.55612 -0.369116 0)
(1.56589 -0.431161 0)
(1.57467 -0.490541 0)
(1.58142 -0.546327 0)
(1.5848 -0.597294 0)
(1.58367 -0.642266 0)
(1.57753 -0.680459 0)
(1.56669 -0.711637 0)
(1.55207 -0.736029 0)
(1.53486 -0.754124 0)
(1.51625 -0.766491 0)
(1.49731 -0.773667 0)
(1.47893 -0.776109 0)
(1.46181 -0.774206 0)
(1.4466 -0.768377 0)
(1.43394 -0.75912 0)
(1.42444 -0.746896 0)
(1.41839 -0.73189 0)
(1.4155 -0.713896 0)
(1.41507 -0.692472 0)
(1.41629 -0.66726 0)
(1.41857 -0.638194 0)
(1.42165 -0.605493 0)
(1.42543 -0.569507 0)
(1.42973 -0.530558 0)
(1.43413 -0.488894 0)
(1.43793 -0.444726 0)
(1.44026 -0.398329 0)
(1.44021 -0.350108 0)
(1.43698 -0.300636 0)
(1.42998 -0.250635 0)
(1.4189 -0.200924 0)
(1.40368 -0.152357 0)
(1.38456 -0.105733 0)
(1.36195 -0.0617364 0)
(1.33647 -0.0209384 0)
(1.30884 0.0162294 0)
(1.27983 0.049453 0)
(1.2501 0.078713 0)
(1.22023 0.104095 0)
(1.19071 0.125754 0)
(1.16199 0.143915 0)
(1.13439 0.158853 0)
(1.10816 0.170876 0)
(1.0835 0.180304 0)
(1.06054 0.187461 0)
(1.03936 0.192665 0)
(1.02001 0.196222 0)
(1.00256 0.198427 0)
(0.98701 0.199559 0)
(0.973404 0.199871 0)
(0.961752 0.19957 0)
(0.95205 0.198801 0)
(0.94427 0.197637 0)
(0.938368 0.19609 0)
(0.934303 0.19414 0)
(0.932069 0.191774 0)
(0.931722 0.189016 0)
(0.933403 0.185934 0)
(0.937335 0.18262 0)
(0.94379 0.17914 0)
(0.953024 0.175464 0)
(0.965192 0.171423 0)
(0.98027 0.166682 0)
(0.997989 0.160769 0)
(1.01783 0.153147 0)
(1.03906 0.143297 0)
(1.0608 0.13081 0)
(1.0821 0.115451 0)
(1.10204 0.0971959 0)
(1.11981 0.0762326 0)
(1.13472 0.0529289 0)
(1.14627 0.0277805 0)
(1.15411 0.00135818 0)
(1.15803 -0.0257204 0)
(1.15798 -0.0527713 0)
(1.15403 -0.0791533 0)
(1.14641 -0.104303 0)
(1.1355 -0.127782 0)
(1.12186 -0.149334 0)
(1.10624 -0.168931 0)
(1.08954 -0.18677 0)
(1.07266 -0.203194 0)
(1.05645 -0.21858 0)
(1.04151 -0.233248 0)
(1.02828 -0.247442 0)
(1.01703 -0.2614 0)
(1.008 -0.275415 0)
(1.00147 -0.289818 0)
(0.997679 -0.304824 0)
(0.99673 -0.320351 0)
(0.998496 -0.335947 0)
(1.00265 -0.350922 0)
(1.00883 -0.364632 0)
(1.01691 -0.376737 0)
(1.02711 -0.387277 0)
(1.04 -0.396494 0)
(1.05623 -0.404533 0)
(1.07628 -0.411177 0)
(1.1002 -0.415764 0)
(1.12755 -0.417307 0)
(1.15745 -0.414729 0)
(1.18883 -0.407102 0)
(1.22058 -0.393803 0)
(1.2517 -0.374574 0)
(1.28139 -0.349499 0)
(1.30905 -0.318934 0)
(1.33428 -0.283434 0)
(1.35685 -0.243677 0)
(1.37661 -0.20041 0)
(1.39352 -0.154414 0)
(1.40756 -0.106471 0)
(1.41875 -0.0573281 0)
(1.42712 -0.0076845 0)
(1.43265 0.0417473 0)
(1.43543 0.09021 0)
(1.43549 0.137026 0)
(1.43289 0.181558 0)
(1.42776 0.223228 0)
(1.42039 0.261641 0)
(0.100797 0.0233416 0)
(0.0973547 -0.00776793 0)
(0.136874 0.0226382 0)
(0.256585 0.098062 0)
(0.422686 0.186957 0)
(0.604837 0.268894 0)
(0.782974 0.328955 0)
(0.946382 0.358537 0)
(1.09013 0.355818 0)
(1.21214 0.323628 0)
(1.31208 0.266977 0)
(1.39043 0.191579 0)
(1.44878 0.103006 0)
(1.48719 0.00672982 0)
(1.50227 -0.0912214 0)
(1.49392 -0.183769 0)
(1.46927 -0.267695 0)
(1.44213 -0.346265 0)
(1.42689 -0.426333 0)
(1.42727 -0.51067 0)
(1.43269 -0.593318 0)
(1.42667 -0.662816 0)
(1.39799 -0.709103 0)
(1.34544 -0.727832 0)
(1.27543 -0.720389 0)
(1.19696 -0.691514 0)
(1.11794 -0.646746 0)
(1.04366 -0.590844 0)
(0.976909 -0.527243 0)
(0.918803 -0.458094 0)
(0.86961 -0.384672 0)
(0.829095 -0.307868 0)
(0.797211 -0.228102 0)
(0.774786 -0.145177 0)
(0.762051 -0.0599757 0)
(0.756931 0.0239688 0)
(0.758759 0.104436 0)
(0.772241 0.18427 0)
(0.804721 0.265797 0)
(0.85665 0.345062 0)
(0.921909 0.414339 0)
(0.992791 0.467244 0)
(1.0632 0.500971 0)
(1.1295 0.515819 0)
(1.19012 0.513853 0)
(1.24484 0.49775 0)
(1.29415 0.470093 0)
(1.33879 0.433059 0)
(1.37942 0.38837 0)
(1.4165 0.337377 0)
(1.45031 0.281184 0)
(1.48099 0.22076 0)
(1.50856 0.15703 0)
(1.53308 0.0908942 0)
(1.55471 0.0231263 0)
(1.57348 -0.0454479 0)
(1.58948 -0.113887 0)
(1.60337 -0.181649 0)
(1.61544 -0.248327 0)
(1.62596 -0.313551 0)
(1.63492 -0.376882 0)
(1.64184 -0.437666 0)
(1.64577 -0.494955 0)
(1.64562 -0.547627 0)
(1.64057 -0.594671 0)
(1.63044 -0.635449 0)
(1.61577 -0.669802 0)
(1.59758 -0.697956 0)
(1.57709 -0.720337 0)
(1.55546 -0.73741 0)
(1.5337 -0.749619 0)
(1.51264 -0.757348 0)
(1.49299 -0.76092 0)
(1.47534 -0.760664 0)
(1.46036 -0.757014 0)
(1.44874 -0.750445 0)
(1.44091 -0.741187 0)
(1.43674 -0.728988 0)
(1.43548 -0.713224 0)
(1.43622 -0.693328 0)
(1.43843 -0.669143 0)
(1.44213 -0.640928 0)
(1.44758 -0.609099 0)
(1.45487 -0.573942 0)
(1.46359 -0.535522 0)
(1.47283 -0.493775 0)
(1.48131 -0.448689 0)
(1.48763 -0.400463 0)
(1.49054 -0.349579 0)
(1.48904 -0.296793 0)
(1.48247 -0.243074 0)
(1.47055 -0.189513 0)
(1.45335 -0.137219 0)
(1.43123 -0.087209 0)
(1.40482 -0.0403503 0)
(1.37502 0.00266066 0)
(1.34275 0.0413047 0)
(1.30901 0.0753816 0)
(1.27461 0.104935 0)
(1.24033 0.130105 0)
(1.2068 0.151133 0)
(1.17452 0.168335 0)
(1.14386 0.182066 0)
(1.11508 0.192703 0)
(1.08832 0.200626 0)
(1.0637 0.206203 0)
(1.04124 0.209784 0)
(1.02095 0.211695 0)
(1.00282 0.212243 0)
(0.986823 0.211712 0)
(0.972951 0.210359 0)
(0.961175 0.2084 0)
(0.951463 0.205996 0)
(0.943763 0.203237 0)
(0.938004 0.200146 0)
(0.934103 0.196698 0)
(0.931989 0.19285 0)
(0.931629 0.188578 0)
(0.93305 0.18389 0)
(0.936345 0.178823 0)
(0.941664 0.173417 0)
(0.94917 0.167671 0)
(0.958982 0.161498 0)
(0.971105 0.154704 0)
(0.985382 0.146992 0)
(1.00146 0.137995 0)
(1.01881 0.127343 0)
(1.03675 0.11472 0)
(1.05452 0.0999245 0)
(1.07134 0.0829067 0)
(1.08649 0.0637764 0)
(1.09932 0.0427886 0)
(1.10936 0.0203098 0)
(1.11625 -0.00320146 0)
(1.11974 -0.027241 0)
(1.11975 -0.0512439 0)
(1.11635 -0.0746988 0)
(1.10978 -0.0971804 0)
(1.10047 -0.118403 0)
(1.08902 -0.138261 0)
(1.07616 -0.156837 0)
(1.06267 -0.174355 0)
(1.04927 -0.191089 0)
(1.03649 -0.207269 0)
(1.0247 -0.223047 0)
(1.0141 -0.238558 0)
(1.0049 -0.254012 0)
(0.997375 -0.26974 0)
(0.991863 -0.286086 0)
(0.988661 -0.303188 0)
(0.987854 -0.320791 0)
(0.989256 -0.338262 0)
(0.992529 -0.354851 0)
(0.997452 -0.37005 0)
(1.00418 -0.383812 0)
(1.01331 -0.396479 0)
(1.02574 -0.40844 0)
(1.04227 -0.419725 0)
(1.06328 -0.429772 0)
(1.08852 -0.437473 0)
(1.11716 -0.441451 0)
(1.14804 -0.440391 0)
(1.17987 -0.43331 0)
(1.21147 -0.419673 0)
(1.2419 -0.399387 0)
(1.27048 -0.372727 0)
(1.29676 -0.340229 0)
(1.32051 -0.302591 0)
(1.34161 -0.260594 0)
(1.36005 -0.215056 0)
(1.37586 -0.166797 0)
(1.3891 -0.116612 0)
(1.39981 -0.0652517 0)
(1.40804 -0.0134153 0)
(1.41375 0.0381794 0)
(1.41701 0.088791 0)
(1.41783 0.137737 0)
(1.4162 0.184354 0)
(1.41215 0.227999 0)
(1.40583 0.268248 0)
(0.877955 -0.00884309 0)
(0.832741 -0.00277544 0)
(0.774152 0.0158707 0)
(0.718138 0.0433328 0)
(0.699384 0.0837427 0)
(0.740121 0.135714 0)
(0.83175 0.187188 0)
(0.950713 0.224091 0)
(1.07583 0.23759 0)
(1.1928 0.225133 0)
(1.29343 0.188605 0)
(1.37393 0.132335 0)
(1.43295 0.0623012 0)
(1.46966 -0.0154739 0)
(1.48796 -0.0959814 0)
(1.49611 -0.177046 0)
(1.50505 -0.260163 0)
(1.52178 -0.347371 0)
(1.5438 -0.436776 0)
(1.55995 -0.521393 0)
(1.55736 -0.592201 0)
(1.52879 -0.642281 0)
(1.47527 -0.668909 0)
(1.40376 -0.673167 0)
(1.32316 -0.658353 0)
(1.24123 -0.628401 0)
(1.16331 -0.586884 0)
(1.09239 -0.536611 0)
(1.02977 -0.479637 0)
(0.975793 -0.417397 0)
(0.930488 -0.350847 0)
(0.893759 -0.280739 0)
(0.865442 -0.207803 0)
(0.845848 -0.132423 0)
(0.835915 -0.0548391 0)
(0.835588 0.0231034 0)
(0.842819 0.0979071 0)
(0.856933 0.168407 0)
(0.883007 0.236544 0)
(0.925169 0.302645 0)
(0.982098 0.363062 0)
(1.04836 0.412483 0)
(1.1178 0.446985 0)
(1.18568 0.465141 0)
(1.2492 0.467563 0)
(1.30721 0.455987 0)
(1.35955 0.432516 0)
(1.40662 0.399173 0)
(1.44897 0.357715 0)
(1.48711 0.30961 0)
(1.52144 0.256085 0)
(1.55224 0.198198 0)
(1.57967 0.136921 0)
(1.6039 0.0731558 0)
(1.62514 0.00764657 0)
(1.6434 -0.0588222 0)
(1.6589 -0.125413 0)
(1.67205 -0.191577 0)
(1.68288 -0.256793 0)
(1.69121 -0.320461 0)
(1.69654 -0.381811 0)
(1.69804 -0.439897 0)
(1.69491 -0.493707 0)
(1.68668 -0.542383 0)
(1.67345 -0.585412 0)
(1.65595 -0.622683 0)
(1.63527 -0.654388 0)
(1.61255 -0.680858 0)
(1.58886 -0.70244 0)
(1.56509 -0.719465 0)
(1.54201 -0.732251 0)
(1.52028 -0.741082 0)
(1.50049 -0.746227 0)
(1.48328 -0.748045 0)
(1.46939 -0.747015 0)
(1.45947 -0.743475 0)
(1.45357 -0.737218 0)
(1.451 -0.727475 0)
(1.45075 -0.713427 0)
(1.45231 -0.694794 0)
(1.45604 -0.671927 0)
(1.46273 -0.645403 0)
(1.47293 -0.615528 0)
(1.48635 -0.582135 0)
(1.50181 -0.544745 0)
(1.51753 -0.502896 0)
(1.53155 -0.456426 0)
(1.54209 -0.405612 0)
(1.54774 -0.351169 0)
(1.54753 -0.294151 0)
(1.54091 -0.235843 0)
(1.52771 -0.177636 0)
(1.50812 -0.120918 0)
(1.48264 -0.066943 0)
(1.4521 -0.0167771 0)
(1.41745 0.0287412 0)
(1.37994 0.0690142 0)
(1.34076 0.10396 0)
(1.30097 0.133649 0)
(1.26158 0.158334 0)
(1.22338 0.178389 0)
(1.18698 0.194256 0)
(1.15279 0.206404 0)
(1.12108 0.215306 0)
(1.09196 0.221412 0)
(1.06549 0.225143 0)
(1.04163 0.226883 0)
(1.02033 0.226981 0)
(1.0015 0.22575 0)
(0.985056 0.223476 0)
(0.97093 0.220415 0)
(0.959049 0.216784 0)
(0.949343 0.212752 0)
(0.941734 0.208422 0)
(0.936124 0.203831 0)
(0.932405 0.198959 0)
(0.930459 0.193753 0)
(0.930191 0.188158 0)
(0.931539 0.18214 0)
(0.934499 0.175693 0)
(0.939115 0.168826 0)
(0.945462 0.161537 0)
(0.953603 0.153782 0)
(0.963544 0.145451 0)
(0.975183 0.136359 0)
(0.98828 0.126272 0)
(1.00245 0.114934 0)
(1.01719 0.102118 0)
(1.03189 0.0876681 0)
(1.04592 0.0715346 0)
(1.05867 0.053784 0)
(1.06958 0.0345908 0)
(1.0782 0.0142293 0)
(1.08417 -0.00693565 0)
(1.08726 -0.0285007 0)
(1.0874 -0.0500235 0)
(1.08467 -0.0711276 0)
(1.07936 -0.0915304 0)
(1.07189 -0.111082 0)
(1.06283 -0.129776 0)
(1.05278 -0.147733 0)
(1.04232 -0.165129 0)
(1.03188 -0.182124 0)
(1.02175 -0.198808 0)
(1.01209 -0.215234 0)
(1.00304 -0.231522 0)
(0.994839 -0.247952 0)
(0.987885 -0.264935 0)
(0.982616 -0.282817 0)
(0.979336 -0.301608 0)
(0.978052 -0.320839 0)
(0.978492 -0.339716 0)
(0.980339 -0.357517 0)
(0.983578 -0.373988 0)
(0.988725 -0.389453 0)
(0.996781 -0.404545 0)
(1.00889 -0.419675 0)
(1.02587 -0.434584 0)
(1.04783 -0.44821 0)
(1.07412 -0.458932 0)
(1.10353 -0.46501 0)
(1.13462 -0.464995 0)
(1.16599 -0.457962 0)
(1.19652 -0.443556 0)
(1.22539 -0.42191 0)
(1.25208 -0.393511 0)
(1.27634 -0.359069 0)
(1.29807 -0.319407 0)
(1.31728 -0.275386 0)
(1.33408 -0.227869 0)
(1.34854 -0.177692 0)
(1.36079 -0.125646 0)
(1.37091 -0.072462 0)
(1.37895 -0.0188263 0)
(1.38488 0.0345512 0)
(1.38874 0.0869493 0)
(1.39052 0.137699 0)
(1.39013 0.186132 0)
(1.38754 0.231561 0)
(1.38272 0.273538 0)
(1.39708 0.0479212 0)
(1.35926 0.0587773 0)
(1.3146 0.0792967 0)
(1.26727 0.106756 0)
(1.2226 0.133343 0)
(1.18903 0.153232 0)
(1.17692 0.165577 0)
(1.19262 0.170798 0)
(1.23389 0.166914 0)
(1.29146 0.150524 0)
(1.35462 0.119504 0)
(1.41429 0.0742456 0)
(1.46559 0.0173298 0)
(1.51207 -0.0482666 0)
(1.55581 -0.121395 0)
(1.59806 -0.201341 0)
(1.63766 -0.286314 0)
(1.6691 -0.371985 0)
(1.68397 -0.451759 0)
(1.67508 -0.519046 0)
(1.64027 -0.569394 0)
(1.58302 -0.601199 0)
(1.51028 -0.615123 0)
(1.42973 -0.613071 0)
(1.34786 -0.597343 0)
(1.26921 -0.57017 0)
(1.19649 -0.533529 0)
(1.13106 -0.489102 0)
(1.0735 -0.438285 0)
(1.02394 -0.382232 0)
(0.982413 -0.321863 0)
(0.948996 -0.257911 0)
(0.923748 -0.191134 0)
(0.906715 -0.122352 0)
(0.898467 -0.0520753 0)
(0.900042 0.0190619 0)
(0.910826 0.0887323 0)
(0.928044 0.153897 0)
(0.95254 0.213863 0)
(0.987772 0.269539 0)
(1.03566 0.32046 0)
(1.09437 0.363902 0)
(1.15947 0.396486 0)
(1.22622 0.415905 0)
(1.29095 0.421497 0)
(1.35146 0.413925 0)
(1.40677 0.394593 0)
(1.45669 0.365162 0)
(1.50146 0.327264 0)
(1.54144 0.282371 0)
(1.57705 0.231774 0)
(1.60861 0.1766 0)
(1.63638 0.11788 0)
(1.66058 0.0565399 0)
(1.68144 -0.00667966 0)
(1.69894 -0.0709995 0)
(1.71329 -0.135579 0)
(1.72456 -0.199758 0)
(1.73246 -0.262816 0)
(1.73654 -0.323923 0)
(1.73621 -0.382163 0)
(1.73099 -0.436635 0)
(1.72072 -0.486611 0)
(1.70574 -0.531655 0)
(1.68684 -0.571648 0)
(1.66505 -0.6067 0)
(1.64138 -0.637019 0)
(1.61675 -0.662831 0)
(1.59191 -0.684358 0)
(1.56752 -0.701852 0)
(1.54425 -0.715582 0)
(1.5227 -0.725799 0)
(1.50347 -0.732792 0)
(1.4873 -0.737002 0)
(1.475 -0.738874 0)
(1.46693 -0.738376 0)
(1.46255 -0.734719 0)
(1.46081 -0.726832 0)
(1.46114 -0.714223 0)
(1.46418 -0.697319 0)
(1.4714 -0.676963 0)
(1.48394 -0.653592 0)
(1.50175 -0.62682 0)
(1.52336 -0.595647 0)
(1.5464 -0.559002 0)
(1.56829 -0.516223 0)
(1.58674 -0.467282 0)
(1.6 -0.412778 0)
(1.60692 -0.353794 0)
(1.6068 -0.291733 0)
(1.59932 -0.228176 0)
(1.58446 -0.164776 0)
(1.56248 -0.103161 0)
(1.53392 -0.044811 0)
(1.49955 0.00901861 0)
(1.46045 0.0572583 0)
(1.418 0.0993754 0)
(1.3735 0.135231 0)
(1.32829 0.16496 0)
(1.28361 0.188946 0)
(1.24046 0.207721 0)
(1.19959 0.221891 0)
(1.16152 0.232078 0)
(1.12655 0.238875 0)
(1.09479 0.242828 0)
(1.06624 0.244422 0)
(1.04082 0.244083 0)
(1.01838 0.242182 0)
(0.998783 0.239039 0)
(0.98186 0.234936 0)
(0.967472 0.230121 0)
(0.955491 0.224806 0)
(0.945802 0.219156 0)
(0.938294 0.213283 0)
(0.932845 0.207234 0)
(0.929324 0.200999 0)
(0.927587 0.194525 0)
(0.927496 0.187744 0)
(0.928932 0.180595 0)
(0.931816 0.173037 0)
(0.936109 0.165049 0)
(0.941807 0.156615 0)
(0.948915 0.147702 0)
(0.957412 0.138244 0)
(0.967212 0.128129 0)
(0.978141 0.117209 0)
(0.989916 0.105317 0)
(1.00215 0.0922997 0)
(1.01439 0.0780511 0)
(1.02613 0.0625334 0)
(1.03687 0.0457915 0)
(1.04614 0.0279554 0)
(1.05356 0.00924194 0)
(1.05879 -0.0100656 0)
(1.06165 -0.0296616 0)
(1.0621 -0.0492349 0)
(1.06026 -0.0685359 0)
(1.05638 -0.0873982 0)
(1.05083 -0.105756 0)
(1.04403 -0.123638 0)
(1.03638 -0.141139 0)
(1.02823 -0.158359 0)
(1.01979 -0.175355 0)
(1.01118 -0.192139 0)
(1.00249 -0.208755 0)
(0.993925 -0.225397 0)
(0.985854 -0.242461 0)
(0.978786 -0.260425 0)
(0.973202 -0.279573 0)
(0.969333 -0.299718 0)
(0.967052 -0.320165 0)
(0.966009 -0.340034 0)
(0.965983 -0.358762 0)
(0.967257 -0.376467 0)
(0.970761 -0.393877 0)
(0.977857 -0.411819 0)
(0.98982 -0.430543 0)
(1.00729 -0.449307 0)
(1.02999 -0.466442 0)
(1.05683 -0.479829 0)
(1.08626 -0.487474 0)
(1.11667 -0.487929 0)
(1.1467 -0.480442 0)
(1.17534 -0.464909 0)
(1.20197 -0.441712 0)
(1.22625 -0.411543 0)
(1.2481 -0.375259 0)
(1.26754 -0.333777 0)
(1.2847 -0.288014 0)
(1.29974 -0.238849 0)
(1.3128 -0.187118 0)
(1.32402 -0.133594 0)
(1.3335 -0.078988 0)
(1.34131 -0.0239684 0)
(1.34741 0.0307719 0)
(1.35184 0.0845508 0)
(1.35461 0.136738 0)
(1.35555 0.186676 0)
(1.35461 0.233648 0)
(1.35152 0.2772 0)
(1.54965 0.0570623 0)
(1.54167 0.071063 0)
(1.53396 0.0935516 0)
(1.53002 0.122664 0)
(1.53041 0.151788 0)
(1.53286 0.173642 0)
(1.53644 0.183745 0)
(1.54349 0.180833 0)
(1.55746 0.165354 0)
(1.5801 0.138137 0)
(1.61049 0.10005 0)
(1.64614 0.0519412 0)
(1.68568 -0.00587892 0)
(1.72487 -0.0732065 0)
(1.76024 -0.14801 0)
(1.78775 -0.226558 0)
(1.80218 -0.304289 0)
(1.79842 -0.376384 0)
(1.77353 -0.438658 0)
(1.72829 -0.488336 0)
(1.66669 -0.524279 0)
(1.59431 -0.546563 0)
(1.51662 -0.555906 0)
(1.43811 -0.553282 0)
(1.36199 -0.539773 0)
(1.29034 -0.516532 0)
(1.22447 -0.484765 0)
(1.16511 -0.445676 0)
(1.11268 -0.400403 0)
(1.06742 -0.349978 0)
(1.02949 -0.295318 0)
(0.999057 -0.237202 0)
(0.976378 -0.176347 0)
(0.961568 -0.113645 0)
(0.954731 -0.050023 0)
(0.956747 0.0139896 0)
(0.968458 0.0774426 0)
(0.987928 0.137777 0)
(1.01349 0.192614 0)
(1.04573 0.241352 0)
(1.08658 0.284281 0)
(1.1368 0.320856 0)
(1.1947 0.349341 0)
(1.25694 0.367747 0)
(1.31996 0.374788 0)
(1.38093 0.370209 0)
(1.43801 0.354613 0)
(1.4903 0.329118 0)
(1.53747 0.29505 0)
(1.57957 0.253757 0)
(1.61683 0.206502 0)
(1.6495 0.15444 0)
(1.67781 0.0986434 0)
(1.70201 0.0400755 0)
(1.72223 -0.020484 0)
(1.73838 -0.0822259 0)
(1.7506 -0.144204 0)
(1.75867 -0.205603 0)
(1.76226 -0.265563 0)
(1.76106 -0.323207 0)
(1.75489 -0.37773 0)
(1.74386 -0.428496 0)
(1.72846 -0.475105 0)
(1.70948 -0.517393 0)
(1.68781 -0.555365 0)
(1.66431 -0.589098 0)
(1.63972 -0.618695 0)
(1.61464 -0.644284 0)
(1.58968 -0.66605 0)
(1.56545 -0.684243 0)
(1.54257 -0.699124 0)
(1.52165 -0.71095 0)
(1.5034 -0.720087 0)
(1.48867 -0.727033 0)
(1.4781 -0.731991 0)
(1.47151 -0.734319 0)
(1.46786 -0.732753 0)
(1.46642 -0.726488 0)
(1.468 -0.715963 0)
(1.47478 -0.702396 0)
(1.48876 -0.686542 0)
(1.51024 -0.667861 0)
(1.53744 -0.644718 0)
(1.56725 -0.615238 0)
(1.59632 -0.5781 0)
(1.62187 -0.532897 0)
(1.64195 -0.480087 0)
(1.65539 -0.420769 0)
(1.66157 -0.35643 0)
(1.66023 -0.28876 0)
(1.6513 -0.219536 0)
(1.63485 -0.150577 0)
(1.61111 -0.0836865 0)
(1.58041 -0.0205397 0)
(1.54328 0.0374377 0)
(1.50083 0.0889211 0)
(1.45436 0.13328 0)
(1.40531 0.170284 0)
(1.35522 0.200126 0)
(1.30554 0.223314 0)
(1.25752 0.240561 0)
(1.21212 0.252675 0)
(1.16998 0.26047 0)
(1.13151 0.264707 0)
(1.09687 0.266058 0)
(1.06602 0.265099 0)
(1.03884 0.262314 0)
(1.01514 0.258102 0)
(0.994672 0.252792 0)
(0.977209 0.246661 0)
(0.962533 0.239943 0)
(0.95045 0.232834 0)
(0.940791 0.225492 0)
(0.933404 0.218023 0)
(0.928139 0.210481 0)
(0.924841 0.202862 0)
(0.923348 0.19512 0)
(0.923493 0.18718 0)
(0.925121 0.178965 0)
(0.928098 0.17041 0)
(0.932323 0.161467 0)
(0.937726 0.152102 0)
(0.944253 0.142282 0)
(0.951849 0.131961 0)
(0.960425 0.121071 0)
(0.969838 0.109521 0)
(0.979874 0.0972117 0)
(0.990245 0.0840473 0)
(1.0006 0.0699621 0)
(1.01056 0.0549358 0)
(1.01973 0.0390049 0)
(1.02772 0.0222725 0)
(1.03422 0.0049042 0)
(1.03896 -0.0128966 0)
(1.04182 -0.0309174 0)
(1.04277 -0.0489553 0)
(1.04192 -0.0668536 0)
(1.03945 -0.0845152 0)
(1.03559 -0.101909 0)
(1.03058 -0.11906 0)
(1.02465 -0.136022 0)
(1.01793 -0.152833 0)
(1.01051 -0.169491 0)
(1.00245 -0.186 0)
(0.993899 -0.202468 0)
(0.985151 -0.219215 0)
(0.976711 -0.236754 0)
(0.969161 -0.25558 0)
(0.962932 -0.275832 0)
(0.958098 -0.297068 0)
(0.954368 -0.318389 0)
(0.951358 -0.338933 0)
(0.949039 -0.358445 0)
(0.948089 -0.377528 0)
(0.949891 -0.39731 0)
(0.956107 -0.418675 0)
(0.967994 -0.441498 0)
(0.985866 -0.464367 0)
(1.00896 -0.484935 0)
(1.03574 -0.500634 0)
(1.06441 -0.509348 0)
(1.09332 -0.509763 0)
(1.12121 -0.501402 0)
(1.14727 -0.484461 0)
(1.17109 -0.459577 0)
(1.19254 -0.42763 0)
(1.21165 -0.389599 0)
(1.22859 -0.346469 0)
(1.24354 -0.299184 0)
(1.25671 -0.248629 0)
(1.26827 -0.195622 0)
(1.27838 -0.140912 0)
(1.28715 -0.0851749 0)
(1.29464 -0.0290594 0)
(1.30083 0.0267538 0)
(1.30574 0.0816146 0)
(1.30943 0.134947 0)
(1.31168 0.186124 0)
(1.31245 0.234421 0)
(1.31124 0.279389 0)
(1.54938 0.0566748 0)
(1.55295 0.0702236 0)
(1.56024 0.0890183 0)
(1.57461 0.111857 0)
(1.59817 0.135057 0)
(1.62978 0.153949 0)
(1.66575 0.164212 0)
(1.70238 0.162784 0)
(1.73775 0.148298 0)
(1.77142 0.120915 0)
(1.80342 0.0817408 0)
(1.83373 0.0319998 0)
(1.8593 -0.026785 0)
(1.8772 -0.0922266 0)
(1.8849 -0.160852 0)
(1.87964 -0.229091 0)
(1.85958 -0.29363 0)
(1.82445 -0.351768 0)
(1.77588 -0.401551 0)
(1.71683 -0.441739 0)
(1.65076 -0.471678 0)
(1.58088 -0.491128 0)
(1.50988 -0.500128 0)
(1.43978 -0.49896 0)
(1.37221 -0.488158 0)
(1.30838 -0.468487 0)
(1.24928 -0.440885 0)
(1.19563 -0.406372 0)
(1.14796 -0.365959 0)
(1.10667 -0.320597 0)
(1.07205 -0.271166 0)
(1.04433 -0.218471 0)
(1.02383 -0.163234 0)
(1.0108 -0.106264 0)
(1.00525 -0.0485865 0)
(1.00746 0.00894353 0)
(1.01846 0.0657978 0)
(1.0379 0.120601 0)
(1.06423 0.171116 0)
(1.09605 0.215501 0)
(1.13334 0.253115 0)
(1.17695 0.283935 0)
(1.22702 0.307601 0)
(1.28222 0.323199 0)
(1.3402 0.329712 0)
(1.39839 0.326523 0)
(1.45461 0.313623 0)
(1.50732 0.291553 0)
(1.55562 0.261211 0)
(1.59906 0.223682 0)
(1.6375 0.180093 0)
(1.67097 0.131557 0)
(1.69956 0.0791478 0)
(1.7234 0.0238454 0)
(1.74251 -0.0334848 0)
(1.75676 -0.091967 0)
(1.7662 -0.150575 0)
(1.7707 -0.208429 0)
(1.77018 -0.264689 0)
(1.76472 -0.318609 0)
(1.75463 -0.369601 0)
(1.74048 -0.417255 0)
(1.72296 -0.461334 0)
(1.70281 -0.501715 0)
(1.6807 -0.538342 0)
(1.65719 -0.571198 0)
(1.6328 -0.600326 0)
(1.60805 -0.625849 0)
(1.58353 -0.647987 0)
(1.55988 -0.667017 0)
(1.53774 -0.683201 0)
(1.51775 -0.696839 0)
(1.50075 -0.7084 0)
(1.48756 -0.718296 0)
(1.47842 -0.726196 0)
(1.47247 -0.730812 0)
(1.46879 -0.730967 0)
(1.46813 -0.726947 0)
(1.4733 -0.720399 0)
(1.48737 -0.712651 0)
(1.51125 -0.703178 0)
(1.54283 -0.689621 0)
(1.57807 -0.669067 0)
(1.61268 -0.639349 0)
(1.64337 -0.599624 0)
(1.66815 -0.550253 0)
(1.68607 -0.492397 0)
(1.69683 -0.42764 0)
(1.70042 -0.357743 0)
(1.69694 -0.284517 0)
(1.68645 -0.209787 0)
(1.66907 -0.135402 0)
(1.64483 -0.0632094 0)
(1.6136 0.00501581 0)
(1.57569 0.0675163 0)
(1.53194 0.122762 0)
(1.48342 0.169838 0)
(1.43158 0.208397 0)
(1.37806 0.238622 0)
(1.32451 0.261112 0)
(1.27241 0.276757 0)
(1.22298 0.28659 0)
(1.17707 0.291659 0)
(1.13524 0.292932 0)
(1.09773 0.291254 0)
(1.06455 0.287325 0)
(1.03557 0.281709 0)
(1.01053 0.274849 0)
(0.989148 0.267091 0)
(0.971115 0.258706 0)
(0.95614 0.249913 0)
(0.943962 0.240887 0)
(0.934353 0.231764 0)
(0.927112 0.222642 0)
(0.922055 0.213568 0)
(0.919006 0.204542 0)
(0.917784 0.19552 0)
(0.918206 0.186429 0)
(0.920093 0.177184 0)
(0.923278 0.167703 0)
(0.927617 0.157918 0)
(0.932988 0.147779 0)
(0.939293 0.137242 0)
(0.946439 0.126268 0)
(0.954324 0.114809 0)
(0.962817 0.102811 0)
(0.971743 0.0902144 0)
(0.980883 0.0769654 0)
(0.989971 0.0630297 0)
(0.998713 0.0484034 0)
(1.0068 0.0331236 0)
(1.01395 0.0172724 0)
(1.0199 0.000969075 0)
(1.02447 -0.0156477 0)
(1.02754 -0.0324361 0)
(1.02909 -0.0492653 0)
(1.02915 -0.0660316 0)
(1.0278 -0.0826694 0)
(1.02512 -0.0991562 0)
(1.02121 -0.115505 0)
(1.01614 -0.13174 0)
(1.00997 -0.147866 0)
(1.00273 -0.163877 0)
(0.994501 -0.179826 0)
(0.985511 -0.195935 0)
(0.976189 -0.212667 0)
(0.967122 -0.230619 0)
(0.958875 -0.250221 0)
(0.951731 -0.271381 0)
(0.945547 -0.293377 0)
(0.939881 -0.315175 0)
(0.934403 -0.336088 0)
(0.929396 -0.356339 0)
(0.926022 -0.377093 0)
(0.926114 -0.399808 0)
(0.931522 -0.425218 0)
(0.943323 -0.452577 0)
(0.961358 -0.47964 0)
(0.984336 -0.503374 0)
(1.01035 -0.520885 0)
(1.03745 -0.530095 0)
(1.06406 -0.529964 0)
(1.08912 -0.520366 0)
(1.11207 -0.501818 0)
(1.1327 -0.475199 0)
(1.15105 -0.441545 0)
(1.16728 -0.401923 0)
(1.18162 -0.357356 0)
(1.1943 -0.308799 0)
(1.20557 -0.257125 0)
(1.21561 -0.203126 0)
(1.22457 -0.147519 0)
(1.23259 -0.0909443 0)
(1.23974 -0.0340254 0)
(1.24596 0.0225657 0)
(1.25127 0.0782013 0)
(1.25578 0.132369 0)
(1.25925 0.184484 0)
(1.26168 0.233837 0)
(1.2623 0.279989 0)
(1.5399 0.0550388 0)
(1.54462 0.0660617 0)
(1.55297 0.0800511 0)
(1.56738 0.0961585 0)
(1.58998 0.112003 0)
(1.62122 0.124401 0)
(1.65944 0.130275 0)
(1.70152 0.127151 0)
(1.74391 0.113449 0)
(1.78347 0.0886105 0)
(1.8176 0.0530428 0)
(1.84417 0.00832235 0)
(1.86186 -0.0430278 0)
(1.86904 -0.0987145 0)
(1.86466 -0.156358 0)
(1.84833 -0.213547 0)
(1.82049 -0.268056 0)
(1.7824 -0.317868 0)
(1.73587 -0.361319 0)
(1.68285 -0.397127 0)
(1.62525 -0.424397 0)
(1.56483 -0.442606 0)
(1.50318 -0.451568 0)
(1.44177 -0.451406 0)
(1.38195 -0.442528 0)
(1.32492 -0.425574 0)
(1.27169 -0.401341 0)
(1.22306 -0.370708 0)
(1.17967 -0.334564 0)
(1.14198 -0.293767 0)
(1.11036 -0.249133 0)
(1.08512 -0.201444 0)
(1.06653 -0.15144 0)
(1.05488 -0.0998722 0)
(1.0503 -0.0476616 0)
(1.05278 0.00420079 0)
(1.06285 0.055003 0)
(1.08072 0.103922 0)
(1.10598 0.149608 0)
(1.13726 0.190283 0)
(1.17315 0.224502 0)
(1.21316 0.251621 0)
(1.25737 0.271503 0)
(1.30555 0.284001 0)
(1.35674 0.288773 0)
(1.40936 0.28545 0)
(1.4616 0.273872 0)
(1.51184 0.254223 0)
(1.55881 0.227018 0)
(1.60165 0.193025 0)
(1.63981 0.153154 0)
(1.673 0.108389 0)
(1.70107 0.0597545 0)
(1.72397 0.00822919 0)
(1.74164 -0.0453294 0)
(1.75402 -0.0999831 0)
(1.76121 -0.154742 0)
(1.7633 -0.208782 0)
(1.76052 -0.26138 0)
(1.75329 -0.311939 0)
(1.74211 -0.359999 0)
(1.72757 -0.40522 0)
(1.71023 -0.447351 0)
(1.69059 -0.486204 0)
(1.6691 -0.521658 0)
(1.6462 -0.553683 0)
(1.62241 -0.582353 0)
(1.59831 -0.607848 0)
(1.57451 -0.630428 0)
(1.55168 -0.650379 0)
(1.53045 -0.667973 0)
(1.51154 -0.6836 0)
(1.49583 -0.697767 0)
(1.48392 -0.710534 0)
(1.47535 -0.720853 0)
(1.46911 -0.727234 0)
(1.46556 -0.729577 0)
(1.46789 -0.729841 0)
(1.48035 -0.730199 0)
(1.50482 -0.730483 0)
(1.53903 -0.727634 0)
(1.5778 -0.717431 0)
(1.61569 -0.696612 0)
(1.64888 -0.663838 0)
(1.6755 -0.619463 0)
(1.69513 -0.56482 0)
(1.70797 -0.501629 0)
(1.71439 -0.431694 0)
(1.71464 -0.356803 0)
(1.70888 -0.278722 0)
(1.6972 -0.199209 0)
(1.67968 -0.120031 0)
(1.65614 -0.0429575 0)
(1.62626 0.0302576 0)
(1.58984 0.0974957 0)
(1.54735 0.156923 0)
(1.49941 0.207295 0)
(1.44728 0.248025 0)
(1.39258 0.279167 0)
(1.33704 0.301339 0)
(1.28237 0.315575 0)
(1.23005 0.323135 0)
(1.1812 0.325325 0)
(1.13656 0.32337 0)
(1.09655 0.318329 0)
(1.06127 0.311069 0)
(1.03062 0.302268 0)
(1.00433 0.292435 0)
(0.98208 0.281947 0)
(0.963512 0.271078 0)
(0.948271 0.26003 0)
(0.936032 0.248953 0)
(0.926509 0.237959 0)
(0.919452 0.227122 0)
(0.914641 0.216479 0)
(0.911871 0.206023 0)
(0.910947 0.195711 0)
(0.911675 0.185469 0)
(0.913863 0.17521 0)
(0.917326 0.164841 0)
(0.921893 0.154281 0)
(0.927412 0.143462 0)
(0.933749 0.132331 0)
(0.940782 0.120845 0)
(0.948393 0.108962 0)
(0.95645 0.096647 0)
(0.964803 0.0838633 0)
(0.973272 0.0705843 0)
(0.981649 0.0567979 0)
(0.989707 0.0425141 0)
(0.997213 0.0277691 0)
(1.00394 0.0126254 0)
(1.0097 -0.00282998 0)
(1.01432 -0.0185024 0)
(1.0177 -0.0342902 0)
(1.01975 -0.0500974 0)
(1.02043 -0.0658441 0)
(1.01971 -0.0814801 0)
(1.0176 -0.09699 0)
(1.01409 -0.112385 0)
(1.0092 -0.127681 0)
(1.00293 -0.142885 0)
(0.995325 -0.158027 0)
(0.986531 -0.173249 0)
(0.976866 -0.188912 0)
(0.966847 -0.205604 0)
(0.957074 -0.223939 0)
(0.947992 -0.244188 0)
(0.939657 -0.265969 0)
(0.931689 -0.288299 0)
(0.92356 -0.310142 0)
(0.915117 -0.331172 0)
(0.907079 -0.35224 0)
(0.901146 -0.375098 0)
(0.899554 -0.401387 0)
(0.904191 -0.43143 0)
(0.915779 -0.463611 0)
(0.933594 -0.49476 0)
(0.955835 -0.52123 0)
(0.980318 -0.539971 0)
(1.00509 -0.549117 0)
(1.02874 -0.548013 0)
(1.05047 -0.536931 0)
(1.06995 -0.516699 0)
(1.08718 -0.488403 0)
(1.10232 -0.453195 0)
(1.11564 -0.412194 0)
(1.12738 -0.366438 0)
(1.13783 -0.316875 0)
(1.14721 -0.264355 0)
(1.15574 -0.209643 0)
(1.16355 -0.15342 0)
(1.17078 -0.0962939 0)
(1.17753 -0.0388564 0)
(1.18372 0.018234 0)
(1.18936 0.0743596 0)
(1.19458 0.129071 0)
(1.19913 0.18183 0)
(1.20308 0.231953 0)
(1.20543 0.279015 0)
(1.54036 0.0515705 0)
(1.5458 0.0606493 0)
(1.55423 0.0713985 0)
(1.56715 0.0830555 0)
(1.58584 0.0938447 0)
(1.61064 0.101395 0)
(1.64079 0.103451 0)
(1.6745 0.0982793 0)
(1.70935 0.0847731 0)
(1.7426 0.0625011 0)
(1.77151 0.0318605 0)
(1.79395 -0.00596258 0)
(1.80849 -0.0496519 0)
(1.81381 -0.0975034 0)
(1.80935 -0.147471 0)
(1.79514 -0.197439 0)
(1.77167 -0.245331 0)
(1.73983 -0.289293 0)
(1.70074 -0.327812 0)
(1.6557 -0.359713 0)
(1.60611 -0.384162 0)
(1.55343 -0.400652 0)
(1.49911 -0.40898 0)
(1.44454 -0.409222 0)
(1.39103 -0.401694 0)
(1.33972 -0.386911 0)
(1.29161 -0.36553 0)
(1.24748 -0.338286 0)
(1.20799 -0.305949 0)
(1.17362 -0.269286 0)
(1.14477 -0.229049 0)
(1.12177 -0.185974 0)
(1.10488 -0.140788 0)
(1.09437 -0.0942294 0)
(1.09041 -0.0471222 0)
(1.09303 -0.000367904 0)
(1.10239 0.0451953 0)
(1.11851 0.0887125 0)
(1.14143 0.129312 0)
(1.17065 0.165864 0)
(1.2049 0.197028 0)
(1.24288 0.221706 0)
(1.28373 0.239325 0)
(1.32702 0.249731 0)
(1.37227 0.252919 0)
(1.41874 0.248892 0)
(1.46535 0.237684 0)
(1.51088 0.219453 0)
(1.55416 0.194545 0)
(1.59419 0.163503 0)
(1.63021 0.127028 0)
(1.66169 0.0859419 0)
(1.68826 0.0411525 0)
(1.70976 -0.0064445 0)
(1.7261 -0.0560621 0)
(1.7373 -0.106783 0)
(1.74351 -0.157734 0)
(1.74495 -0.208188 0)
(1.74197 -0.257507 0)
(1.735 -0.305157 0)
(1.72445 -0.350691 0)
(1.71076 -0.393742 0)
(1.6943 -0.434015 0)
(1.67547 -0.471306 0)
(1.65472 -0.505518 0)
(1.63255 -0.536675 0)
(1.60953 -0.564905 0)
(1.58626 -0.590423 0)
(1.56336 -0.613501 0)
(1.54145 -0.634423 0)
(1.52117 -0.65351 0)
(1.50332 -0.671237 0)
(1.48866 -0.687976 0)
(1.47726 -0.703166 0)
(1.46823 -0.715271 0)
(1.46145 -0.723607 0)
(1.45989 -0.730092 0)
(1.46887 -0.737891 0)
(1.49175 -0.747745 0)
(1.52648 -0.756152 0)
(1.56669 -0.757335 0)
(1.60546 -0.746574 0)
(1.63838 -0.721925 0)
(1.66399 -0.683865 0)
(1.68272 -0.634062 0)
(1.69553 -0.574424 0)
(1.70311 -0.506718 0)
(1.70575 -0.432582 0)
(1.7034 -0.353644 0)
(1.69595 -0.271592 0)
(1.68343 -0.188154 0)
(1.66597 -0.105019 0)
(1.64357 -0.0237815 0)
(1.6159 0.0538884 0)
(1.58247 0.125693 0)
(1.5432 0.189487 0)
(1.49822 0.243658 0)
(1.44836 0.287236 0)
(1.39496 0.320009 0)
(1.33975 0.342496 0)
(1.28452 0.355795 0)
(1.23097 0.361359 0)
(1.18047 0.360763 0)
(1.13404 0.355512 0)
(1.09227 0.34693 0)
(1.05541 0.336094 0)
(1.02345 0.323833 0)
(0.996165 0.310756 0)
(0.973229 0.29729 0)
(0.954254 0.283722 0)
(0.938845 0.270247 0)
(0.926626 0.256991 0)
(0.917258 0.244036 0)
(0.910446 0.231428 0)
(0.905932 0.219182 0)
(0.903485 0.207279 0)
(0.902894 0.195668 0)
(0.903955 0.184275 0)
(0.90647 0.173007 0)
(0.910247 0.161767 0)
(0.915103 0.150462 0)
(0.920869 0.139015 0)
(0.927392 0.127359 0)
(0.93453 0.115444 0)
(0.94215 0.10323 0)
(0.950118 0.0906846 0)
(0.958292 0.0777861 0)
(0.966515 0.0645218 0)
(0.974615 0.0508929 0)
(0.98241 0.0369163 0)
(0.989714 0.0226256 0)
(0.99634 0.0080738 0)
(1.00211 -0.00666872 0)
(1.00687 -0.0215245 0)
(1.01048 -0.0364089 0)
(1.0128 -0.0512422 0)
(1.01375 -0.0659624 0)
(1.01324 -0.0805369 0)
(1.01123 -0.0949647 0)
(1.00768 -0.109265 0)
(1.00256 -0.123462 0)
(0.995891 -0.137587 0)
(0.987727 -0.151733 0)
(0.978279 -0.16616 0)
(0.967944 -0.181365 0)
(0.957266 -0.198017 0)
(0.946767 -0.216661 0)
(0.936687 -0.237326 0)
(0.926803 -0.259311 0)
(0.916536 -0.281459 0)
(0.905377 -0.302905 0)
(0.893492 -0.323885 0)
(0.882142 -0.345994 0)
(0.873581 -0.371523 0)
(0.870341 -0.402072 0)
(0.874178 -0.437253 0)
(0.88531 -0.474376 0)
(0.902408 -0.509326 0)
(0.923237 -0.537987 0)
(0.945473 -0.557357 0)
(0.967267 -0.565939 0)
(0.987464 -0.563546 0)
(1.00553 -0.550853 0)
(1.02137 -0.528966 0)
(1.03513 -0.499132 0)
(1.04708 -0.462575 0)
(1.05752 -0.420436 0)
(1.06675 -0.373748 0)
(1.07502 -0.323441 0)
(1.08257 -0.270339 0)
(1.0896 -0.215176 0)
(1.09627 -0.158598 0)
(1.1027 -0.101182 0)
(1.10899 -0.0434926 0)
(1.11509 0.0138327 0)
(1.12094 0.0701776 0)
(1.12676 0.125157 0)
(1.13225 0.178276 0)
(1.13757 0.228886 0)
(1.14145 0.276568 0)
(1.54267 0.0481428 0)
(1.54902 0.0554799 0)
(1.55796 0.0636766 0)
(1.57044 0.0720245 0)
(1.58715 0.0791732 0)
(1.60819 0.0833641 0)
(1.63289 0.0828955 0)
(1.65996 0.0764453 0)
(1.6877 0.063186 0)
(1.71419 0.0428413 0)
(1.73746 0.0156529 0)
(1.75578 -0.0177023 0)
(1.76762 -0.0561494 0)
(1.77193 -0.0980646 0)
(1.76813 -0.141643 0)
(1.75608 -0.185105 0)
(1.73599 -0.226773 0)
(1.70845 -0.265133 0)
(1.67434 -0.298887 0)
(1.63477 -0.326986 0)
(1.59094 -0.348654 0)
(1.54418 -0.363395 0)
(1.49576 -0.370983 0)
(1.44695 -0.371434 0)
(1.39892 -0.364979 0)
(1.3527 -0.352023 0)
(1.30921 -0.333103 0)
(1.2692 -0.308839 0)
(1.23328 -0.2799 0)
(1.20197 -0.246969 0)
(1.17565 -0.210738 0)
(1.15467 -0.171895 0)
(1.1393 -0.131129 0)
(1.12976 -0.0891547 0)
(1.12621 -0.0467464 0)
(1.12872 -0.00470634 0)
(1.1374 0.0361915 0)
(1.15207 0.0750499 0)
(1.1726 0.111025 0)
(1.19887 0.143337 0)
(1.23027 0.171096 0)
(1.26571 0.193352 0)
(1.30402 0.209326 0)
(1.34419 0.218579 0)
(1.38549 0.220992 0)
(1.42727 0.216646 0)
(1.46887 0.205724 0)
(1.50948 0.188488 0)
(1.54827 0.165296 0)
(1.58441 0.136614 0)
(1.61721 0.103025 0)
(1.64605 0.0652206 0)
(1.67055 0.0239732 0)
(1.69049 -0.0199708 0)
(1.70573 -0.0659302 0)
(1.7163 -0.113036 0)
(1.72228 -0.160529 0)
(1.72389 -0.207743 0)
(1.72138 -0.254076 0)
(1.71506 -0.299002 0)
(1.70523 -0.342069 0)
(1.69223 -0.382908 0)
(1.67643 -0.421247 0)
(1.65828 -0.456927 0)
(1.63828 -0.489909 0)
(1.61696 -0.520257 0)
(1.59489 -0.548112 0)
(1.57259 -0.573691 0)
(1.55065 -0.597275 0)
(1.52966 -0.619171 0)
(1.51026 -0.639767 0)
(1.49321 -0.659546 0)
(1.47894 -0.678495 0)
(1.46702 -0.695446 0)
(1.45695 -0.709201 0)
(1.45093 -0.721103 0)
(1.45476 -0.735089 0)
(1.47362 -0.753442 0)
(1.50652 -0.772914 0)
(1.5461 -0.786099 0)
(1.58362 -0.786299 0)
(1.61383 -0.770711 0)
(1.63594 -0.740093 0)
(1.65173 -0.696715 0)
(1.66325 -0.64274 0)
(1.67156 -0.579739 0)
(1.67665 -0.508931 0)
(1.67787 -0.431575 0)
(1.67451 -0.349191 0)
(1.66608 -0.263573 0)
(1.65254 -0.176646 0)
(1.63435 -0.0901983 0)
(1.61217 -0.00564008 0)
(1.58582 0.0755902 0)
(1.55509 0.15131 0)
(1.5195 0.219222 0)
(1.47865 0.277353 0)
(1.43279 0.324275 0)
(1.38279 0.359369 0)
(1.33007 0.382906 0)
(1.27639 0.39593 0)
(1.22351 0.400012 0)
(1.17302 0.396961 0)
(1.12613 0.388576 0)
(1.08365 0.376468 0)
(1.04604 0.361966 0)
(1.01338 0.346093 0)
(0.985555 0.329588 0)
(0.962263 0.312956 0)
(0.943125 0.29652 0)
(0.92773 0.280475 0)
(0.915671 0.264929 0)
(0.906571 0.249935 0)
(0.900097 0.235508 0)
(0.895956 0.221634 0)
(0.893895 0.208275 0)
(0.893683 0.195368 0)
(0.89511 0.182828 0)
(0.897974 0.170558 0)
(0.902083 0.158457 0)
(0.907253 0.146425 0)
(0.913308 0.134373 0)
(0.920086 0.122228 0)
(0.927438 0.10993 0)
(0.93522 0.0974356 0)
(0.943296 0.0847126 0)
(0.951524 0.071743 0)
(0.959761 0.0585214 0)
(0.967853 0.0450554 0)
(0.97564 0.0313663 0)
(0.982956 0.0174908 0)
(0.989627 0.00348137 0)
(0.995477 -0.0105935 0)
(1.00034 -0.0246612 0)
(1.00405 -0.0386477 0)
(1.00646 -0.0524889 0)
(1.00746 -0.0661422 0)
(1.00696 -0.0795938 0)
(1.00487 -0.0928571 0)
(1.00113 -0.105962 0)
(0.995711 -0.118951 0)
(0.988603 -0.1319 0)
(0.979918 -0.14499 0)
(0.969921 -0.158607 0)
(0.959041 -0.173359 0)
(0.947782 -0.189928 0)
(0.936495 -0.208702 0)
(0.925147 -0.229405 0)
(0.913242 -0.251047 0)
(0.90008 -0.272432 0)
(0.885313 -0.293078 0)
(0.869562 -0.313966 0)
(0.854697 -0.337497 0)
(0.843493 -0.366368 0)
(0.838634 -0.401851 0)
(0.84156 -0.442549 0)
(0.851885 -0.484555 0)
(0.867701 -0.522878 0)
(0.886457 -0.553136 0)
(0.90582 -0.572574 0)
(0.924145 -0.580195 0)
(0.940559 -0.576319 0)
(0.954792 -0.562002 0)
(0.966943 -0.538581 0)
(0.977282 -0.507407 0)
(0.986132 -0.46974 0)
(0.993809 -0.426715 0)
(1.0006 -0.37935 0)
(1.00678 -0.328549 0)
(1.01256 -0.275113 0)
(1.01814 -0.219742 0)
(1.02366 -0.163052 0)
(1.02926 -0.10559 0)
(1.03505 -0.0478977 0)
(1.04099 0.00941788 0)
(1.04696 0.0657338 0)
(1.05325 0.120725 0)
(1.05954 0.17394 0)
(1.06606 0.224766 0)
(1.07128 0.272782 0)
(1.54449 0.0436982 0)
(1.55137 0.0494893 0)
(1.5605 0.0555867 0)
(1.57248 0.0613578 0)
(1.58772 0.0657651 0)
(1.60619 0.0674971 0)
(1.62731 0.0652568 0)
(1.65002 0.0580072 0)
(1.67298 0.0450973 0)
(1.69465 0.0263012 0)
(1.71355 0.00181271 0)
(1.72823 -0.0277459 0)
(1.73746 -0.061405 0)
(1.74032 -0.0978734 0)
(1.73625 -0.135744 0)
(1.72504 -0.173577 0)
(1.70688 -0.20995 0)
(1.68225 -0.243535 0)
(1.65186 -0.273171 0)
(1.61664 -0.29792 0)
(1.57762 -0.317082 0)
(1.53592 -0.330196 0)
(1.49267 -0.337031 0)
(1.44895 -0.337565 0)
(1.4058 -0.331964 0)
(1.36415 -0.320547 0)
(1.32484 -0.303753 0)
(1.28857 -0.282111 0)
(1.25592 -0.2562 0)
(1.22739 -0.226632 0)
(1.20339 -0.194036 0)
(1.18422 -0.159054 0)
(1.17018 -0.122334 0)
(1.16146 -0.0845434 0)
(1.15821 -0.0464124 0)
(1.16046 -0.00868823 0)
(1.16832 0.0279424 0)
(1.18167 0.0626781 0)
(1.20018 0.0946775 0)
(1.22364 0.1232 0)
(1.25169 0.147579 0)
(1.28373 0.167155 0)
(1.31885 0.181299 0)
(1.35601 0.189513 0)
(1.39423 0.191526 0)
(1.43269 0.187295 0)
(1.47066 0.176961 0)
(1.50748 0.160798 0)
(1.54251 0.139177 0)
(1.57514 0.112551 0)
(1.6048 0.0814532 0)
(1.631 0.0464988 0)
(1.65339 0.00833848 0)
(1.67172 -0.0324133 0)
(1.68582 -0.0751114 0)
(1.69565 -0.118964 0)
(1.70124 -0.163291 0)
(1.70272 -0.207468 0)
(1.70027 -0.250926 0)
(1.69414 -0.293168 0)
(1.68461 -0.333778 0)
(1.67204 -0.372432 0)
(1.65684 -0.408907 0)
(1.63948 -0.443089 0)
(1.62043 -0.47496 0)
(1.60017 -0.504578 0)
(1.57916 -0.532077 0)
(1.55787 -0.557691 0)
(1.53686 -0.581733 0)
(1.51667 -0.604539 0)
(1.49788 -0.626536 0)
(1.48105 -0.648057 0)
(1.46625 -0.668607 0)
(1.45303 -0.686928 0)
(1.4426 -0.703415 0)
(1.44024 -0.722019 0)
(1.45274 -0.74691 0)
(1.48126 -0.776276 0)
(1.51824 -0.801538 0)
(1.55286 -0.813413 0)
(1.57843 -0.807649 0)
(1.59487 -0.785384 0)
(1.60594 -0.749925 0)
(1.61531 -0.703894 0)
(1.62449 -0.648452 0)
(1.6329 -0.583986 0)
(1.63892 -0.511003 0)
(1.64087 -0.430604 0)
(1.63754 -0.344512 0)
(1.62829 -0.25492 0)
(1.61317 -0.164247 0)
(1.59308 -0.0746385 0)
(1.56929 0.0125946 0)
(1.54211 0.0963821 0)
(1.51225 0.17494 0)
(1.47915 0.246129 0)
(1.4421 0.307795 0)
(1.40073 0.358086 0)
(1.35529 0.395889 0)
(1.30669 0.421082 0)
(1.25638 0.434506 0)
(1.20602 0.437732 0)
(1.15724 0.432733 0)
(1.11141 0.42157 0)
(1.06952 0.406146 0)
(1.03219 0.388064 0)
(0.999672 0.368572 0)
(0.971943 0.348575 0)
(0.948783 0.328683 0)
(0.929853 0.309276 0)
(0.91475 0.290566 0)
(0.903063 0.272653 0)
(0.894396 0.255565 0)
(0.888391 0.239288 0)
(0.884731 0.223776 0)
(0.88314 0.208966 0)
(0.883374 0.194774 0)
(0.885214 0.181104 0)
(0.888458 0.167851 0)
(0.892916 0.154904 0)
(0.898405 0.142159 0)
(0.904756 0.129521 0)
(0.911804 0.116906 0)
(0.919398 0.104249 0)
(0.927394 0.0915003 0)
(0.935651 0.0786265 0)
(0.94403 0.06561 0)
(0.952393 0.0524482 0)
(0.960592 0.0391538 0)
(0.968474 0.025754 0)
(0.97588 0.0122912 0)
(0.982636 -0.0011758 0)
(0.98857 -0.0145793 0)
(0.993511 -0.0278511 0)
(0.997301 -0.0409279 0)
(0.999794 -0.0537605 0)
(1.00086 -0.0663213 0)
(1.00038 -0.078609 0)
(0.998249 -0.090647 0)
(0.99438 -0.10248 0)
(0.988721 -0.114183 0)
(0.981298 -0.125896 0)
(0.972254 -0.137904 0)
(0.961888 -0.150706 0)
(0.950607 -0.164975 0)
(0.938784 -0.181321 0)
(0.926526 -0.199896 0)
(0.913498 -0.220102 0)
(0.898984 -0.240744 0)
(0.882286 -0.260773 0)
(0.863364 -0.280303 0)
(0.843405 -0.301213 0)
(0.824918 -0.326696 0)
(0.811101 -0.359646 0)
(0.804618 -0.400676 0)
(0.806439 -0.447115 0)
(0.815526 -0.493783 0)
(0.829476 -0.534963 0)
(0.845563 -0.566229 0)
(0.861558 -0.585259 0)
(0.876079 -0.591642 0)
(0.888541 -0.586209 0)
(0.898908 -0.570355 0)
(0.907428 -0.545584 0)
(0.91445 -0.513305 0)
(0.92032 -0.474776 0)
(0.925353 -0.431115 0)
(0.929825 -0.383313 0)
(0.933984 -0.332253 0)
(0.938049 -0.278709 0)
(0.942201 -0.223354 0)
(0.946591 -0.166773 0)
(0.951343 -0.109492 0)
(0.956585 -0.0520244 0)
(0.962287 0.00504933 0)
(0.968297 0.0611076 0)
(0.97494 0.115871 0)
(0.981874 0.168936 0)
(0.989433 0.219725 0)
(0.995816 0.267803 0)
(1.54585 0.0390848 0)
(1.55292 0.0435135 0)
(1.56189 0.0478742 0)
(1.57317 0.0516186 0)
(1.58696 0.0539337 0)
(1.60315 0.0538263 0)
(1.62127 0.0503093 0)
(1.64046 0.0425821 0)
(1.6596 0.0301413 0)
(1.67747 0.0128245 0)
(1.69283 -0.00918004 0)
(1.70451 -0.0353731 0)
(1.7115 -0.0649627 0)
(1.71301 -0.0969206 0)
(1.70857 -0.130062 0)
(1.69802 -0.163142 0)
(1.68148 -0.194938 0)
(1.65933 -0.224315 0)
(1.63214 -0.250282 0)
(1.6007 -0.272024 0)
(1.56587 -0.288914 0)
(1.52861 -0.300525 0)
(1.48989 -0.306624 0)
(1.45068 -0.307161 0)
(1.41187 -0.302246 0)
(1.37432 -0.292133 0)
(1.33878 -0.277185 0)
(1.30588 -0.257852 0)
(1.27621 -0.23464 0)
(1.25022 -0.208095 0)
(1.2283 -0.178789 0)
(1.21077 -0.147314 0)
(1.19789 -0.114278 0)
(1.18986 -0.0803022 0)
(1.18681 -0.0460543 0)
(1.18874 -0.0122373 0)
(1.19573 0.0205082 0)
(1.20772 0.0514934 0)
(1.22439 0.0799692 0)
(1.24544 0.105226 0)
(1.27047 0.126639 0)
(1.29901 0.143672 0)
(1.33046 0.155861 0)
(1.36404 0.16282 0)
(1.39889 0.164283 0)
(1.43414 0.160142 0)
(1.469 0.150448 0)
(1.50276 0.135403 0)
(1.53482 0.115328 0)
(1.56461 0.0906341 0)
(1.59166 0.0618112 0)
(1.61555 0.0294134 0)
(1.63597 -0.00598504 0)
(1.65267 -0.0438551 0)
(1.6655 -0.0835439 0)
(1.67435 -0.124367 0)
(1.67926 -0.165708 0)
(1.68031 -0.206995 0)
(1.6777 -0.247712 0)
(1.67165 -0.287413 0)
(1.66248 -0.325731 0)
(1.65054 -0.362383 0)
(1.63621 -0.397175 0)
(1.61989 -0.430001 0)
(1.60198 -0.460835 0)
(1.58285 -0.489722 0)
(1.56289 -0.516812 0)
(1.54256 -0.542386 0)
(1.52235 -0.566776 0)
(1.50269 -0.590318 0)
(1.48399 -0.613399 0)
(1.46658 -0.636127 0)
(1.45044 -0.657773 0)
(1.43613 -0.677992 0)
(1.42753 -0.699773 0)
(1.43198 -0.728632 0)
(1.45345 -0.765514 0)
(1.48583 -0.802063 0)
(1.51637 -0.826094 0)
(1.53599 -0.830806 0)
(1.54478 -0.817448 0)
(1.54901 -0.790982 0)
(1.5548 -0.755012 0)
(1.56439 -0.710183 0)
(1.57639 -0.655505 0)
(1.58777 -0.590215 0)
(1.59569 -0.514702 0)
(1.59827 -0.430489 0)
(1.59452 -0.339843 0)
(1.58408 -0.245502 0)
(1.56717 -0.150479 0)
(1.54485 -0.0574142 0)
(1.51834 0.0323277 0)
(1.48876 0.117904 0)
(1.45783 0.198071 0)
(1.42544 0.271229 0)
(1.39097 0.335389 0)
(1.35362 0.38846 0)
(1.31301 0.428859 0)
(1.26942 0.455972 0)
(1.22379 0.470292 0)
(1.17749 0.473249 0)
(1.13202 0.466871 0)
(1.08878 0.453411 0)
(1.04885 0.435037 0)
(1.013 0.413623 0)
(0.981599 0.390659 0)
(0.954765 0.367238 0)
(0.932368 0.344102 0)
(0.914133 0.321708 0)
(0.899699 0.300305 0)
(0.888673 0.279998 0)
(0.880663 0.260799 0)
(0.875302 0.242667 0)
(0.872263 0.225527 0)
(0.871255 0.209286 0)
(0.872024 0.193838 0)
(0.874346 0.17907 0)
(0.878017 0.164864 0)
(0.882852 0.1511 0)
(0.888674 0.137666 0)
(0.895319 0.124461 0)
(0.90263 0.111395 0)
(0.91046 0.0983959 0)
(0.918665 0.0854106 0)
(0.92711 0.0724028 0)
(0.935657 0.059355 0)
(0.94417 0.0462671 0)
(0.952506 0.033156 0)
(0.960518 0.0200548 0)
(0.968048 0.00701271 0)
(0.974934 -0.00590697 0)
(0.98101 -0.0186391 0)
(0.986114 -0.0311202 0)
(0.990087 -0.0432938 0)
(0.992773 -0.0551177 0)
(0.994019 -0.0665701 0)
(0.993677 -0.0776558 0)
(0.991616 -0.0884104 0)
(0.987735 -0.0989051 0)
(0.981993 -0.109264 0)
(0.974443 -0.119708 0)
(0.965253 -0.130621 0)
(0.954704 -0.142579 0)
(0.943101 -0.156248 0)
(0.930604 -0.172088 0)
(0.917028 -0.189967 0)
(0.901762 -0.208998 0)
(0.883968 -0.227923 0)
(0.863097 -0.246047 0)
(0.839555 -0.264281 0)
(0.815164 -0.285497 0)
(0.793041 -0.313588 0)
(0.776674 -0.351367 0)
(0.768517 -0.39845 0)
(0.768956 -0.450691 0)
(0.776328 -0.501674 0)
(0.787859 -0.545159 0)
(0.800782 -0.576904 0)
(0.813059 -0.59516 0)
(0.823591 -0.60015 0)
(0.832057 -0.593191 0)
(0.838613 -0.575955 0)
(0.843617 -0.550058 0)
(0.847455 -0.516921 0)
(0.850478 -0.47778 0)
(0.852983 -0.433719 0)
(0.855229 -0.385707 0)
(0.857448 -0.334602 0)
(0.859845 -0.281159 0)
(0.862598 -0.226024 0)
(0.865854 -0.169758 0)
(0.869741 -0.112862 0)
(0.874393 -0.0558312 0)
(0.879789 0.000782525 0)
(0.885766 0.0563721 0)
(0.892646 0.11069 0)
(0.900093 0.163378 0)
(0.908531 0.213895 0)
(0.915896 0.261776 0)
(1.54679 0.0343103 0)
(1.55383 0.0375703 0)
(1.56247 0.0405194 0)
(1.57295 0.0426869 0)
(1.58535 0.0434255 0)
(1.59953 0.0419731 0)
(1.61507 0.0375777 0)
(1.63127 0.029627 0)
(1.64721 0.0177378 0)
(1.66192 0.00179378 0)
(1.67435 -0.0180431 0)
(1.68356 -0.0413595 0)
(1.6887 -0.0674833 0)
(1.68914 -0.0955484 0)
(1.68446 -0.12456 0)
(1.67451 -0.153477 0)
(1.65937 -0.181273 0)
(1.63935 -0.206983 0)
(1.61493 -0.229749 0)
(1.58676 -0.248847 0)
(1.55558 -0.263717 0)
(1.52221 -0.273963 0)
(1.48749 -0.279359 0)
(1.45226 -0.279838 0)
(1.41732 -0.275474 0)
(1.38343 -0.266469 0)
(1.35126 -0.253125 0)
(1.32142 -0.235826 0)
(1.29443 -0.215018 0)
(1.27074 -0.191186 0)
(1.2507 -0.16485 0)
(1.23464 -0.136554 0)
(1.22278 -0.106861 0)
(1.21532 -0.0763478 0)
(1.21238 -0.0456272 0)
(1.21397 -0.015345 0)
(1.2201 0.0138984 0)
(1.23074 0.0414863 0)
(1.24562 0.0667683 0)
(1.26445 0.0891151 0)
(1.28684 0.10795 0)
(1.3123 0.122777 0)
(1.3403 0.133193 0)
(1.37025 0.138891 0)
(1.40146 0.139668 0)
(1.4332 0.135427 0)
(1.46476 0.126192 0)
(1.49545 0.112109 0)
(1.52464 0.0934351 0)
(1.55179 0.0705199 0)
(1.57644 0.0437956 0)
(1.59819 0.0137564 0)
(1.61677 -0.0190908 0)
(1.63193 -0.0542665 0)
(1.64353 -0.0911503 0)
(1.65148 -0.129153 0)
(1.6558 -0.167721 0)
(1.65661 -0.206339 0)
(1.65406 -0.244544 0)
(1.64839 -0.281936 0)
(1.63987 -0.318179 0)
(1.62881 -0.35301 0)
(1.61552 -0.386243 0)
(1.60033 -0.417769 0)
(1.58353 -0.447552 0)
(1.56546 -0.475648 0)
(1.54646 -0.502252 0)
(1.52697 -0.527674 0)
(1.50732 -0.552207 0)
(1.48771 -0.57613 0)
(1.46841 -0.599795 0)
(1.44974 -0.623228 0)
(1.43225 -0.646102 0)
(1.41836 -0.670016 0)
(1.41434 -0.700359 0)
(1.42646 -0.741239 0)
(1.45191 -0.786886 0)
(1.47746 -0.823023 0)
(1.49058 -0.838822 0)
(1.49003 -0.834497 0)
(1.48464 -0.817202 0)
(1.48412 -0.792615 0)
(1.49228 -0.761123 0)
(1.50675 -0.719765 0)
(1.52258 -0.665771 0)
(1.53541 -0.598436 0)
(1.54267 -0.519069 0)
(1.54346 -0.430117 0)
(1.53775 -0.334432 0)
(1.52571 -0.235099 0)
(1.5077 -0.135479 0)
(1.48427 -0.03859 0)
(1.45602 0.0538995 0)
(1.42458 0.140972 0)
(1.39231 0.221813 0)
(1.35982 0.295618 0)
(1.32698 0.360926 0)
(1.29298 0.415723 0)
(1.25702 0.45811 0)
(1.21879 0.486987 0)
(1.17867 0.502403 0)
(1.13759 0.505511 0)
(1.09679 0.498271 0)
(1.05754 0.483035 0)
(1.02092 0.462171 0)
(0.987761 0.437801 0)
(0.958555 0.411647 0)
(0.933513 0.385003 0)
(0.912614 0.358755 0)
(0.895663 0.333458 0)
(0.882362 0.309415 0)
(0.87236 0.286749 0)
(0.865289 0.265469 0)
(0.860795 0.245513 0)
(0.858552 0.226781 0)
(0.858268 0.209151 0)
(0.859686 0.192494 0)
(0.86258 0.176675 0)
(0.86675 0.161561 0)
(0.872012 0.147023 0)
(0.8782 0.132937 0)
(0.885156 0.119195 0)
(0.892735 0.105703 0)
(0.900796 0.0923835 0)
(0.909205 0.0791785 0)
(0.917833 0.0660507 0)
(0.926549 0.0529824 0)
(0.935224 0.0399758 0)
(0.943724 0.0270519 0)
(0.951909 0.0142491 0)
(0.95963 0.00162041 0)
(0.966737 -0.0107689 0)
(0.973072 -0.022853 0)
(0.978473 -0.034567 0)
(0.982768 -0.0458527 0)
(0.985779 -0.0566653 0)
(0.987324 -0.0669838 0)
(0.987235 -0.0768227 0)
(0.985371 -0.0862409 0)
(0.981642 -0.095351 0)
(0.976027 -0.104338 0)
(0.96859 -0.113499 0)
(0.959476 -0.123286 0)
(0.948871 -0.134298 0)
(0.936893 -0.147118 0)
(0.923431 -0.161996 0)
(0.908012 -0.178518 0)
(0.889829 -0.1956 0)
(0.86806 -0.212095 0)
(0.842452 -0.227872 0)
(0.813956 -0.244802 0)
(0.785055 -0.266774 0)
(0.759383 -0.298216 0)
(0.740541 -0.341532 0)
(0.730607 -0.395032 0)
(0.729323 -0.45298 0)
(0.734489 -0.507849 0)
(0.743111 -0.55311 0)
(0.752497 -0.584896 0)
(0.760844 -0.602131 0)
(0.767323 -0.605681 0)
(0.771838 -0.597302 0)
(0.774692 -0.578886 0)
(0.776311 -0.552104 0)
(0.777099 -0.518358 0)
(0.777394 -0.478841 0)
(0.777474 -0.434604 0)
(0.777577 -0.386588 0)
(0.777916 -0.335638 0)
(0.778687 -0.282487 0)
(0.780061 -0.227761 0)
(0.782185 -0.171998 0)
(0.785191 -0.11568 0)
(0.789217 -0.0592812 0)
(0.794245 -0.00332794 0)
(0.800111 0.0515973 0)
(0.807121 0.10527 0)
(0.814955 0.157372 0)
(0.824124 0.207396 0)
(0.832314 0.254838 0)
(1.54736 0.0295463 0)
(1.55424 0.0318243 0)
(1.56242 0.033635 0)
(1.57207 0.0345789 0)
(1.58319 0.0341365 0)
(1.5956 0.0317183 0)
(1.60893 0.0267505 0)
(1.62261 0.0187669 0)
(1.63589 0.00747697 0)
(1.64796 -0.00719547 0)
(1.65798 -0.0251085 0)
(1.66515 -0.0458971 0)
(1.66878 -0.0689985 0)
(1.66833 -0.0936903 0)
(1.66347 -0.119145 0)
(1.65405 -0.144484 0)
(1.64013 -0.168832 0)
(1.62195 -0.191358 0)
(1.59994 -0.211314 0)
(1.57462 -0.228071 0)
(1.54663 -0.241129 0)
(1.51667 -0.25013 0)
(1.48547 -0.254861 0)
(1.45376 -0.255243 0)
(1.42226 -0.251325 0)
(1.39164 -0.243265 0)
(1.3625 -0.231318 0)
(1.33541 -0.215814 0)
(1.31084 -0.197144 0)
(1.28922 -0.175744 0)
(1.27088 -0.152083 0)
(1.25611 -0.126659 0)
(1.24515 -0.0999925 0)
(1.23817 -0.0726156 0)
(1.23527 -0.0450884 0)
(1.23649 -0.0179988 0)
(1.24178 0.00808824 0)
(1.25114 0.0326195 0)
(1.26431 0.0550191 0)
(1.28105 0.0747316 0)
(1.301 0.0912506 0)
(1.3237 0.10413 0)
(1.34867 0.113001 0)
(1.37534 0.117589 0)
(1.40315 0.117719 0)
(1.43149 0.113315 0)
(1.45973 0.104401 0)
(1.48727 0.0911017 0)
(1.51354 0.073632 0)
(1.53804 0.0522929 0)
(1.56032 0.0274629 0)
(1.58001 -0.000430627 0)
(1.59685 -0.0309693 0)
(1.61061 -0.0636803 0)
(1.62114 -0.0980172 0)
(1.62837 -0.133461 0)
(1.63231 -0.169514 0)
(1.63306 -0.205713 0)
(1.63076 -0.241639 0)
(1.6256 -0.276921 0)
(1.6178 -0.311246 0)
(1.60762 -0.344366 0)
(1.59531 -0.376097 0)
(1.58113 -0.406328 0)
(1.56535 -0.43503 0)
(1.54825 -0.462286 0)
(1.53015 -0.48832 0)
(1.51131 -0.513393 0)
(1.4918 -0.537692 0)
(1.47165 -0.561492 0)
(1.45122 -0.585276 0)
(1.43128 -0.609368 0)
(1.41351 -0.634576 0)
(1.40222 -0.664752 0)
(1.40395 -0.705763 0)
(1.41994 -0.756507 0)
(1.43926 -0.803423 0)
(1.44613 -0.830854 0)
(1.43541 -0.835478 0)
(1.41717 -0.826339 0)
(1.40611 -0.812922 0)
(1.4093 -0.796518 0)
(1.42385 -0.771751 0)
(1.44229 -0.732751 0)
(1.45803 -0.676997 0)
(1.46753 -0.605481 0)
(1.46997 -0.521143 0)
(1.46609 -0.427369 0)
(1.45697 -0.327261 0)
(1.44333 -0.223783 0)
(1.42546 -0.120164 0)
(1.40308 -0.0195162 0)
(1.37575 0.0759867 0)
(1.34505 0.164685 0)
(1.31322 0.245877 0)
(1.28151 0.319487 0)
(1.2505 0.384791 0)
(1.21972 0.44017 0)
(1.18831 0.483673 0)
(1.15562 0.513833 0)
(1.12154 0.530246 0)
(1.08653 0.53371 0)
(1.05147 0.526003 0)
(1.01741 0.509474 0)
(0.985331 0.486617 0)
(0.956044 0.459744 0)
(0.9301 0.43079 0)
(0.90779 0.401235 0)
(0.889183 0.37212 0)
(0.874173 0.344106 0)
(0.862537 0.317563 0)
(0.853983 0.292646 0)
(0.848186 0.26937 0)
(0.844823 0.247665 0)
(0.843587 0.227408 0)
(0.844196 0.208457 0)
(0.846401 0.190656 0)
(0.849981 0.173851 0)
(0.854741 0.157891 0)
(0.860505 0.142633 0)
(0.867116 0.127944 0)
(0.874429 0.113708 0)
(0.882307 0.0998236 0)
(0.890623 0.086209 0)
(0.899256 0.0728032 0)
(0.908087 0.0595668 0)
(0.916999 0.0464825 0)
(0.925874 0.0335543 0)
(0.934589 0.0208062 0)
(0.943017 0.00828105 0)
(0.951023 -0.00396181 0)
(0.958462 -0.0158542 0)
(0.965175 -0.0273225 0)
(0.970989 -0.0382921 0)
(0.975711 -0.0486951 0)
(0.979144 -0.0584823 0)
(0.981094 -0.0676392 0)
(0.981396 -0.0762011 0)
(0.979922 -0.0842619 0)
(0.976595 -0.0919806 0)
(0.971391 -0.0995944 0)
(0.96433 -0.107446 0)
(0.955454 -0.116009 0)
(0.944772 -0.125839 0)
(0.932155 -0.137385 0)
(0.917221 -0.150671 0)
(0.899275 -0.165052 0)
(0.877442 -0.179384 0)
(0.851063 -0.192816 0)
(0.820301 -0.205967 0)
(0.786708 -0.221775 0)
(0.753386 -0.245097 0)
(0.724347 -0.28066 0)
(0.703107 -0.330123 0)
(0.691231 -0.390234 0)
(0.687834 -0.453662 0)
(0.690319 -0.511959 0)
(0.695626 -0.558532 0)
(0.70122 -0.590036 0)
(0.705543 -0.606116 0)
(0.707996 -0.608261 0)
(0.708658 -0.598619 0)
(0.707935 -0.579243 0)
(0.706297 -0.55182 0)
(0.70415 -0.517704 0)
(0.701815 -0.478036 0)
(0.699548 -0.43383 0)
(0.697569 -0.386007 0)
(0.696074 -0.335395 0)
(0.695249 -0.282713 0)
(0.69526 -0.228571 0)
(0.696252 -0.173488 0)
(0.698362 -0.117926 0)
(0.701729 -0.0623408 0)
(0.706337 -0.00723047 0)
(0.712014 0.0468515 0)
(0.719054 0.0996961 0)
(0.727158 0.151015 0)
(0.736922 0.200339 0)
(0.745801 0.247115 0)
(1.54762 0.0248895 0)
(1.55423 0.0263494 0)
(1.56191 0.0272474 0)
(1.57074 0.0272474 0)
(1.58067 0.025931 0)
(1.59152 0.022839 0)
(1.60297 0.0175321 0)
(1.61452 0.00965593 0)
(1.62557 -0.00100591 0)
(1.63545 -0.0144988 0)
(1.64346 -0.0306881 0)
(1.64894 -0.0492594 0)
(1.65133 -0.0697374 0)
(1.65017 -0.0915147 0)
(1.64519 -0.113892 0)
(1.63624 -0.136125 0)
(1.6234 -0.157465 0)
(1.60684 -0.1772 0)
(1.58692 -0.194687 0)
(1.56409 -0.209374 0)
(1.53889 -0.220818 0)
(1.51193 -0.228697 0)
(1.48383 -0.232808 0)
(1.45525 -0.233071 0)
(1.4268 -0.229512 0)
(1.3991 -0.222262 0)
(1.37268 -0.211533 0)
(1.34806 -0.197613 0)
(1.32567 -0.180846 0)
(1.3059 -0.161621 0)
(1.28907 -0.140364 0)
(1.27547 -0.11753 0)
(1.26529 -0.0935952 0)
(1.2587 -0.0690513 0)
(1.2558 -0.0444099 0)
(1.25661 -0.0202056 0)
(1.26111 0.00303809 0)
(1.26925 0.0248221 0)
(1.28083 0.0446327 0)
(1.2956 0.0619742 0)
(1.31327 0.0763997 0)
(1.33343 0.0875169 0)
(1.35563 0.0949989 0)
(1.37938 0.0985976 0)
(1.40416 0.0981526 0)
(1.42941 0.093595 0)
(1.4546 0.084946 0)
(1.47921 0.0723136 0)
(1.50272 0.055886 0)
(1.52469 0.0359288 0)
(1.54471 0.0127706 0)
(1.56245 -0.0132288 0)
(1.57765 -0.0417116 0)
(1.59011 -0.0722133 0)
(1.59965 -0.104263 0)
(1.60622 -0.137399 0)
(1.60982 -0.171176 0)
(1.61052 -0.205174 0)
(1.60843 -0.239009 0)
(1.60371 -0.272339 0)
(1.59654 -0.304871 0)
(1.58713 -0.336365 0)
(1.57569 -0.366645 0)
(1.56245 -0.395603 0)
(1.54763 -0.42322 0)
(1.53146 -0.44959 0)
(1.51411 -0.474893 0)
(1.49558 -0.499263 0)
(1.47573 -0.522823 0)
(1.45466 -0.546059 0)
(1.43323 -0.569891 0)
(1.41299 -0.595324 0)
(1.39667 -0.624602 0)
(1.38909 -0.662899 0)
(1.39387 -0.713456 0)
(1.40489 -0.76748 0)
(1.40591 -0.806435 0)
(1.38576 -0.820264 0)
(1.35216 -0.817345 0)
(1.3251 -0.812696 0)
(1.31796 -0.811313 0)
(1.32898 -0.805792 0)
(1.34782 -0.785698 0)
(1.36478 -0.745307 0)
(1.37462 -0.684735 0)
(1.37627 -0.607562 0)
(1.37102 -0.518275 0)
(1.36097 -0.420745 0)
(1.34798 -0.31784 0)
(1.33306 -0.211954 0)
(1.31639 -0.105724 0)
(1.29702 -0.00203777 0)
(1.27335 0.096369 0)
(1.24645 0.186933 0)
(1.21783 0.268676 0)
(1.18901 0.341905 0)
(1.16111 0.406584 0)
(1.13419 0.461681 0)
(1.10765 0.50546 0)
(1.08077 0.53629 0)
(1.05314 0.553403 0)
(1.02484 0.557232 0)
(0.996372 0.54931 0)
(0.968494 0.531896 0)
(0.942023 0.507525 0)
(0.917681 0.478642 0)
(0.896013 0.447346 0)
(0.877356 0.415286 0)
(0.861848 0.383644 0)
(0.849465 0.353193 0)
(0.840064 0.324375 0)
(0.833422 0.297387 0)
(0.829274 0.272264 0)
(0.827341 0.248932 0)
(0.827351 0.227259 0)
(0.829047 0.207081 0)
(0.832196 0.188224 0)
(0.836592 0.170514 0)
(0.842051 0.153782 0)
(0.84841 0.137872 0)
(0.855523 0.12264 0)
(0.863256 0.10796 0)
(0.87149 0.0937237 0)
(0.880112 0.0798444 0)
(0.889015 0.0662574 0)
(0.898096 0.0529216 0)
(0.907254 0.0398197 0)
(0.916386 0.0269582 0)
(0.925385 0.0143649 0)
(0.934136 0.00208723 0)
(0.942515 -0.0098078 0)
(0.950375 -0.02124 0)
(0.957552 -0.0321201 0)
(0.963859 -0.0423593 0)
(0.969097 -0.0518817 0)
(0.973072 -0.0606418 0)
(0.975608 -0.0686423 0)
(0.976555 -0.0759457 0)
(0.975789 -0.0826774 0)
(0.973208 -0.089025 0)
(0.968715 -0.0952449 0)
(0.962203 -0.101683 0)
(0.953536 -0.108782 0)
(0.942495 -0.117013 0)
(0.928712 -0.126676 0)
(0.911598 -0.137603 0)
(0.890358 -0.149018 0)
(0.864193 -0.159863 0)
(0.832733 -0.169755 0)
(0.79663 -0.180203 0)
(0.758036 -0.195255 0)
(0.72057 -0.220619 0)
(0.688434 -0.261035 0)
(0.664865 -0.317096 0)
(0.650825 -0.383835 0)
(0.644894 -0.452417 0)
(0.644255 -0.513701 0)
(0.645924 -0.561218 0)
(0.647576 -0.592236 0)
(0.647869 -0.607123 0)
(0.646379 -0.607958 0)
(0.643307 -0.597234 0)
(0.639129 -0.57712 0)
(0.634338 -0.549286 0)
(0.629338 -0.515024 0)
(0.624438 -0.475417 0)
(0.619876 -0.431441 0)
(0.615852 -0.383996 0)
(0.612552 -0.333897 0)
(0.610148 -0.281853 0)
(0.608801 -0.228461 0)
(0.608659 -0.174222 0)
(0.609858 -0.119583 0)
(0.612534 -0.0649778 0)
(0.616671 -0.0108767 0)
(0.622089 0.0421989 0)
(0.629068 0.0940444 0)
(0.637335 0.144396 0)
(0.647576 0.192824 0)
(0.657034 0.238715 0)
(1.54764 0.020395 0)
(1.55392 0.021183 0)
(1.56106 0.0213589 0)
(1.56909 0.0206411 0)
(1.57794 0.018692 0)
(1.58743 0.015152 0)
(1.59725 0.00968369 0)
(1.60701 0.00201835 0)
(1.61619 -0.00800047 0)
(1.62424 -0.0203945 0)
(1.63058 -0.0350353 0)
(1.63467 -0.0516507 0)
(1.63604 -0.0698349 0)
(1.63432 -0.0890727 0)
(1.62926 -0.108772 0)
(1.62077 -0.128302 0)
(1.60887 -0.147022 0)
(1.59374 -0.164323 0)
(1.57565 -0.179644 0)
(1.55501 -0.192505 0)
(1.53226 -0.202513 0)
(1.50794 -0.20938 0)
(1.48259 -0.212918 0)
(1.45677 -0.213047 0)
(1.43104 -0.209781 0)
(1.40594 -0.203225 0)
(1.38195 -0.193561 0)
(1.35954 -0.181037 0)
(1.3391 -0.165961 0)
(1.321 -0.148679 0)
(1.30553 -0.129578 0)
(1.29294 -0.109073 0)
(1.28344 -0.0875991 0)
(1.27717 -0.0656098 0)
(1.27423 -0.0435708 0)
(1.27464 -0.0219679 0)
(1.27836 -0.00128252 0)
(1.28535 0.0180314 0)
(1.29544 0.0355147 0)
(1.3084 0.0507262 0)
(1.32396 0.0632678 0)
(1.34176 0.0727918 0)
(1.36142 0.0790101 0)
(1.38248 0.0817026 0)
(1.40449 0.0807251 0)
(1.42696 0.0760135 0)
(1.44939 0.0675832 0)
(1.47133 0.0555263 0)
(1.49233 0.0400086 0)
(1.51197 0.0212639 0)
(1.5299 -0.000425593 0)
(1.54582 -0.0247636 0)
(1.55949 -0.0514004 0)
(1.57069 -0.0799211 0)
(1.57928 -0.109914 0)
(1.5852 -0.140967 0)
(1.58844 -0.172679 0)
(1.58904 -0.20467 0)
(1.58709 -0.236588 0)
(1.58273 -0.268115 0)
(1.57611 -0.298976 0)
(1.5674 -0.328942 0)
(1.55679 -0.357841 0)
(1.54445 -0.385569 0)
(1.53057 -0.412096 0)
(1.51521 -0.437468 0)
(1.49834 -0.461744 0)
(1.47973 -0.484951 0)
(1.4593 -0.507367 0)
(1.43767 -0.530006 0)
(1.41636 -0.554412 0)
(1.39737 -0.582287 0)
(1.38337 -0.616818 0)
(1.37746 -0.662568 0)
(1.37796 -0.717444 0)
(1.37241 -0.765525 0)
(1.34502 -0.789359 0)
(1.29608 -0.791059 0)
(1.24758 -0.790481 0)
(1.22266 -0.800991 0)
(1.22482 -0.815879 0)
(1.24143 -0.818785 0)
(1.25843 -0.79843 0)
(1.26795 -0.752726 0)
(1.26805 -0.685565 0)
(1.26017 -0.602792 0)
(1.24699 -0.509729 0)
(1.23119 -0.410169 0)
(1.21481 -0.306416 0)
(1.19899 -0.200081 0)
(1.18393 -0.0929851 0)
(1.16837 0.0124834 0)
(1.14969 0.113186 0)
(1.12857 0.205631 0)
(1.10547 0.28827 0)
(1.08172 0.361361 0)
(1.05862 0.425313 0)
(1.0367 0.479687 0)
(1.01572 0.523134 0)
(0.995124 0.554071 0)
(0.974384 0.571515 0)
(0.953317 0.575595 0)
(0.932108 0.567588 0)
(0.911223 0.549607 0)
(0.891252 0.524163 0)
(0.872783 0.493763 0)
(0.856303 0.460625 0)
(0.842153 0.426527 0)
(0.830516 0.392777 0)
(0.821436 0.360249 0)
(0.814847 0.329458 0)
(0.810599 0.300653 0)
(0.808496 0.273891 0)
(0.808316 0.249106 0)
(0.809831 0.226163 0)
(0.812823 0.204887 0)
(0.817089 0.185086 0)
(0.822442 0.16657 0)
(0.828719 0.149156 0)
(0.835773 0.132673 0)
(0.843474 0.116966 0)
(0.851706 0.101899 0)
(0.860363 0.0873566 0)
(0.869351 0.0732461 0)
(0.878581 0.0594991 0)
(0.887968 0.0460727 0)
(0.897428 0.0329499 0)
(0.906876 0.0201388 0)
(0.916222 0.0076717 0)
(0.925369 -0.00439414 0)
(0.934193 -0.0159781 0)
(0.942546 -0.0269813 0)
(0.950264 -0.0372985 0)
(0.957172 -0.046832 0)
(0.963096 -0.0555084 0)
(0.967869 -0.0632942 0)
(0.971334 -0.0702077 0)
(0.973325 -0.0763236 0)
(0.973663 -0.08177 0)
(0.972133 -0.0867246 0)
(0.968482 -0.0914231 0)
(0.962414 -0.0961776 0)
(0.953585 -0.101378 0)
(0.941577 -0.10741 0)
(0.92586 -0.114451 0)
(0.905758 -0.122215 0)
(0.880516 -0.1299 0)
(0.849532 -0.136677 0)
(0.812803 -0.142765 0)
(0.771487 -0.150653 0)
(0.728274 -0.165472 0)
(0.687142 -0.193599 0)
(0.652265 -0.239482 0)
(0.626416 -0.302384 0)
(0.609941 -0.375582 0)
(0.601031 -0.448926 0)
(0.596854 -0.512811 0)
(0.594631 -0.561027 0)
(0.592267 -0.591468 0)
(0.588584 -0.605202 0)
(0.583264 -0.604856 0)
(0.576577 -0.593233 0)
(0.569043 -0.572592 0)
(0.561173 -0.544563 0)
(0.55337 -0.510362 0)
(0.54593 -0.471012 0)
(0.539083 -0.427451 0)
(0.533022 -0.380561 0)
(0.527922 -0.331146 0)
(0.523942 -0.279906 0)
(0.521236 -0.227425 0)
(0.519949 -0.17419 0)
(0.520217 -0.12063 0)
(0.522171 -0.0671606 0)
(0.52579 -0.0142207 0)
(0.530886 0.0376977 0)
(0.537727 0.088384 0)
(0.546071 0.137592 0)
(0.556691 0.184934 0)
(0.566648 0.229725 0)
(1.54747 0.0161062 0)
(1.55339 0.0163509 0)
(1.55999 0.0159636 0)
(1.56728 0.0147101 0)
(1.57514 0.0123174 0)
(1.58342 0.00850283 0)
(1.59185 0.00300633 0)
(1.60008 -0.00437333 0)
(1.60769 -0.0137481 0)
(1.61421 -0.025118 0)
(1.61917 -0.0383638 0)
(1.62211 -0.0532462 0)
(1.62266 -0.0694167 0)
(1.62049 -0.086437 0)
(1.61541 -0.103804 0)
(1.60734 -0.120978 0)
(1.59629 -0.137412 0)
(1.58241 -0.15258 0)
(1.56594 -0.165998 0)
(1.54722 -0.177244 0)
(1.52664 -0.185975 0)
(1.50465 -0.191932 0)
(1.48173 -0.194945 0)
(1.45837 -0.194934 0)
(1.43506 -0.191905 0)
(1.41227 -0.185944 0)
(1.39046 -0.177209 0)
(1.37002 -0.165917 0)
(1.35133 -0.15234 0)
(1.33471 -0.136791 0)
(1.32045 -0.11962 0)
(1.30877 -0.101204 0)
(1.29985 -0.0819425 0)
(1.29384 -0.0622509 0)
(1.29082 -0.0425547 0)
(1.29081 -0.0232946 0)
(1.29379 -0.00491062 0)
(1.2997 0.0121829 0)
(1.3084 0.027574 0)
(1.31967 0.0408708 0)
(1.33329 0.0517175 0)
(1.34893 0.0598048 0)
(1.36624 0.0648772 0)
(1.38484 0.0667396 0)
(1.4043 0.0652635 0)
(1.42421 0.0603905 0)
(1.44412 0.0521319 0)
(1.46362 0.0405672 0)
(1.4823 0.0258417 0)
(1.4998 0.00816016 0)
(1.5158 -0.0122397 0)
(1.53003 -0.0351016 0)
(1.54226 -0.0600846 0)
(1.55227 -0.0868328 0)
(1.55995 -0.11498 0)
(1.56524 -0.144156 0)
(1.5681 -0.174001 0)
(1.56857 -0.204169 0)
(1.56674 -0.234337 0)
(1.56269 -0.26421 0)
(1.55658 -0.293527 0)
(1.54853 -0.322072 0)
(1.53872 -0.349672 0)
(1.52725 -0.376204 0)
(1.51417 -0.401576 0)
(1.4994 -0.42573 0)
(1.48273 -0.448618 0)
(1.46401 -0.470349 0)
(1.44361 -0.491665 0)
(1.42279 -0.514241 0)
(1.40324 -0.540007 0)
(1.38622 -0.570803 0)
(1.37271 -0.609677 0)
(1.36231 -0.658709 0)
(1.34814 -0.709667 0)
(1.31519 -0.743152 0)
(1.25454 -0.749951 0)
(1.18214 -0.74803 0)
(1.13054 -0.762984 0)
(1.11569 -0.796022 0)
(1.126 -0.825407 0)
(1.14185 -0.830828 0)
(1.15105 -0.805395 0)
(1.15004 -0.75236 0)
(1.14002 -0.678787 0)
(1.1238 -0.591704 0)
(1.1044 -0.496515 0)
(1.0844 -0.396591 0)
(1.06563 -0.293605 0)
(1.04921 -0.188421 0)
(1.03551 -0.0819945 0)
(1.02328 0.0237972 0)
(1.00936 0.125763 0)
(0.994413 0.219671 0)
(0.977876 0.303291 0)
(0.960608 0.37651 0)
(0.943746 0.439878 0)
(0.927983 0.493408 0)
(0.913413 0.53618 0)
(0.89968 0.566799 0)
(0.886302 0.584228 0)
(0.872945 0.588394 0)
(0.859545 0.580349 0)
(0.846292 0.562044 0)
(0.833544 0.535917 0)
(0.821717 0.504479 0)
(0.811204 0.470012 0)
(0.802313 0.434384 0)
(0.795248 0.398999 0)
(0.790102 0.364817 0)
(0.786877 0.332423 0)
(0.785496 0.302115 0)
(0.785835 0.273979 0)
(0.787736 0.247966 0)
(0.791028 0.223943 0)
(0.795537 0.201728 0)
(0.801098 0.181122 0)
(0.807557 0.161921 0)
(0.814774 0.143929 0)
(0.822627 0.126964 0)
(0.831005 0.110859 0)
(0.839811 0.09547 0)
(0.84896 0.0806729 0)
(0.858375 0.0663692 0)
(0.867988 0.0524861 0)
(0.877735 0.0389787 0)
(0.887554 0.0258296 0)
(0.89738 0.0130497 0)
(0.90714 0.000678962 0)
(0.916746 -0.0112105 0)
(0.926082 -0.0225192 0)
(0.93502 -0.0331337 0)
(0.943431 -0.0429433 0)
(0.951184 -0.0518528 0)
(0.958142 -0.0597934 0)
(0.964146 -0.0667303 0)
(0.968992 -0.0726678 0)
(0.972417 -0.0776521 0)
(0.974086 -0.0817715 0)
(0.973598 -0.0851601 0)
(0.970505 -0.0880135 0)
(0.964328 -0.0906095 0)
(0.954575 -0.0933012 0)
(0.94073 -0.0964248 0)
(0.922226 -0.100093 0)
(0.898435 -0.103975 0)
(0.868744 -0.107345 0)
(0.832814 -0.109702 0)
(0.791028 -0.111966 0)
(0.745014 -0.117637 0)
(0.697882 -0.132847 0)
(0.653775 -0.164404 0)
(0.616595 -0.216165 0)
(0.588501 -0.285891 0)
(0.569271 -0.365197 0)
(0.556917 -0.442873 0)
(0.548804 -0.50906 0)
(0.542472 -0.557858 0)
(0.536058 -0.587746 0)
(0.528481 -0.600426 0)
(0.519451 -0.599042 0)
(0.509253 -0.586692 0)
(0.498434 -0.565712 0)
(0.487522 -0.537681 0)
(0.476923 -0.503733 0)
(0.466928 -0.464826 0)
(0.457767 -0.421861 0)
(0.449637 -0.3757 0)
(0.442712 -0.327135 0)
(0.437139 -0.276857 0)
(0.43306 -0.225445 0)
(0.430612 -0.17337 0)
(0.429926 -0.121043 0)
(0.431125 -0.0688553 0)
(0.434186 -0.0172203 0)
(0.43891 0.0333977 0)
(0.445554 0.08277 0)
(0.453914 0.130663 0)
(0.464844 0.176735 0)
(0.475253 0.220215 0)
(1.5472 0.012046 0)
(1.55274 0.0118582 0)
(1.55882 0.0110403 0)
(1.5654 0.00939806 0)
(1.57238 0.00671038 0)
(1.57959 0.00275419 0)
(1.58681 -0.00267008 0)
(1.59374 -0.00971235 0)
(1.60002 -0.0184488 0)
(1.60527 -0.0288655 0)
(1.60908 -0.0408498 0)
(1.61108 -0.0541903 0)
(1.61096 -0.0685866 0)
(1.60845 -0.0836631 0)
(1.60339 -0.0989895 0)
(1.59571 -0.114104 0)
(1.58543 -0.128538 0)
(1.57267 -0.141836 0)
(1.55763 -0.15358 0)
(1.54061 -0.163402 0)
(1.52194 -0.170998 0)
(1.50202 -0.176139 0)
(1.48125 -0.17867 0)
(1.46007 -0.178517 0)
(1.43892 -0.17568 0)
(1.4182 -0.170231 0)
(1.39833 -0.162306 0)
(1.37966 -0.152097 0)
(1.36253 -0.139848 0)
(1.34724 -0.125841 0)
(1.33404 -0.110392 0)
(1.32315 -0.0938467 0)
(1.31473 -0.0765695 0)
(1.30892 -0.0589408 0)
(1.30579 -0.0413498 0)
(1.30537 -0.0241949 0)
(1.30763 -0.00787888 0)
(1.31252 0.00721962 0)
(1.31991 0.0207301 0)
(1.32963 0.0323046 0)
(1.34145 0.0416244 0)
(1.3551 0.0484143 0)
(1.37026 0.0524472 0)
(1.38659 0.0535499 0)
(1.40372 0.0516081 0)
(1.42128 0.046569 0)
(1.43887 0.0384412 0)
(1.45612 0.0272948 0)
(1.47267 0.0132585 0)
(1.4882 -0.00349394 0)
(1.50243 -0.0227716 0)
(1.51509 -0.0443152 0)
(1.52595 -0.0678272 0)
(1.53486 -0.0929935 0)
(1.54168 -0.119487 0)
(1.54634 -0.146977 0)
(1.54884 -0.175137 0)
(1.54917 -0.203654 0)
(1.54742 -0.232231 0)
(1.54366 -0.260595 0)
(1.53801 -0.2885 0)
(1.53059 -0.315733 0)
(1.5215 -0.342099 0)
(1.51076 -0.367413 0)
(1.49829 -0.391491 0)
(1.48394 -0.4142 0)
(1.46765 -0.43555 0)
(1.44968 -0.45599 0)
(1.43098 -0.476834 0)
(1.41282 -0.500055 0)
(1.39572 -0.527197 0)
(1.37877 -0.559425 0)
(1.3602 -0.598779 0)
(1.33622 -0.644107 0)
(1.29701 -0.682426 0)
(1.2297 -0.69623 0)
(1.13732 -0.690786 0)
(1.05223 -0.699176 0)
(1.00858 -0.741561 0)
(1.00531 -0.797978 0)
(1.01776 -0.835445 0)
(1.0266 -0.83739 0)
(1.02514 -0.804399 0)
(1.01395 -0.744326 0)
(0.995874 -0.665846 0)
(0.973878 -0.576143 0)
(0.950569 -0.480295 0)
(0.928039 -0.381201 0)
(0.907848 -0.28002 0)
(0.891103 -0.177024 0)
(0.878229 -0.0724239 0)
(0.868051 0.0324568 0)
(0.857811 0.134501 0)
(0.848284 0.229017 0)
(0.838204 0.313242 0)
(0.827901 0.38657 0)
(0.818088 0.449448 0)
(0.809361 0.502131 0)
(0.801948 0.54405 0)
(0.795669 0.574064 0)
(0.790119 0.591196 0)
(0.784892 0.595279 0)
(0.779741 0.587203 0)
(0.774619 0.568764 0)
(0.769652 0.542296 0)
(0.765074 0.510274 0)
(0.761157 0.474988 0)
(0.758152 0.438356 0)
(0.756258 0.401844 0)
(0.755602 0.366478 0)
(0.756241 0.332902 0)
(0.758167 0.301456 0)
(0.761327 0.272263 0)
(0.76563 0.24529 0)
(0.770965 0.220414 0)
(0.777213 0.197455 0)
(0.784253 0.176208 0)
(0.791969 0.156464 0)
(0.800253 0.138017 0)
(0.80901 0.120673 0)
(0.818154 0.104259 0)
(0.827611 0.0886207 0)
(0.837318 0.0736264 0)
(0.84722 0.0591714 0)
(0.857274 0.0451779 0)
(0.867439 0.0315977 0)
(0.877677 0.0184141 0)
(0.887939 0.0056438 0)
(0.898177 -0.00666064 0)
(0.908316 -0.0184121 0)
(0.918284 -0.0295031 0)
(0.928016 -0.0398219 0)
(0.937444 -0.0492604 0)
(0.94647 -0.0577163 0)
(0.954936 -0.0650947 0)
(0.96259 -0.0713131 0)
(0.969074 -0.0763124 0)
(0.973933 -0.0800704 0)
(0.97663 -0.082615 0)
(0.976583 -0.0840387 0)
(0.973207 -0.0845198 0)
(0.965942 -0.0843386 0)
(0.954272 -0.0838574 0)
(0.937713 -0.0834099 0)
(0.915777 -0.0830914 0)
(0.887965 -0.082582 0)
(0.853854 -0.0812976 0)
(0.813365 -0.0791444 0)
(0.767232 -0.0777968 0)
(0.71747 -0.0817563 0)
(0.667466 -0.0980069 0)
(0.621293 -0.13351 0)
(0.582334 -0.191273 0)
(0.552023 -0.267502 0)
(0.529682 -0.352378 0)
(0.513387 -0.433938 0)
(0.500921 -0.502227 0)
(0.490254 -0.551629 0)
(0.479754 -0.581095 0)
(0.468366 -0.592874 0)
(0.455737 -0.590596 0)
(0.44211 -0.577666 0)
(0.42804 -0.556508 0)
(0.414082 -0.528643 0)
(0.400654 -0.495119 0)
(0.388056 -0.45683 0)
(0.376521 -0.414645 0)
(0.366255 -0.369404 0)
(0.357442 -0.321871 0)
(0.350226 -0.272717 0)
(0.344738 -0.222518 0)
(0.341101 -0.171743 0)
(0.339437 -0.12079 0)
(0.339853 -0.0700267 0)
(0.342326 -0.0198381 0)
(0.346648 0.0293361 0)
(0.353065 0.0772396 0)
(0.361409 0.123646 0)
(0.372613 0.168268 0)
(0.383464 0.210229 0)
(1.54687 0.00822529 0)
(1.55204 0.00770096 0)
(1.55761 0.00656309 0)
(1.56354 0.00465094 0)
(1.56972 0.00178518 0)
(1.57601 -0.00220985 0)
(1.58219 -0.00748706 0)
(1.58801 -0.0141569 0)
(1.59316 -0.022269 0)
(1.59734 -0.0317985 0)
(1.60019 -0.042639 0)
(1.60143 -0.0546034 0)
(1.60077 -0.0674308 0)
(1.59801 -0.0807977 0)
(1.593 -0.0943348 0)
(1.58569 -0.107645 0)
(1.57611 -0.120326 0)
(1.56435 -0.131983 0)
(1.55059 -0.142254 0)
(1.53507 -0.150816 0)
(1.5181 -0.157405 0)
(1.50001 -0.161813 0)
(1.48115 -0.163906 0)
(1.46192 -0.163611 0)
(1.44268 -0.160928 0)
(1.42381 -0.155916 0)
(1.40567 -0.148696 0)
(1.38858 -0.139439 0)
(1.37284 -0.128363 0)
(1.35873 -0.115724 0)
(1.34647 -0.101809 0)
(1.33627 -0.0869328 0)
(1.32828 -0.07143 0)
(1.32261 -0.0556487 0)
(1.31935 -0.0399449 0)
(1.31851 -0.0246808 0)
(1.32009 -0.0102204 0)
(1.32401 0.00308625 0)
(1.33019 0.0149073 0)
(1.33846 0.0249321 0)
(1.34861 0.0328754 0)
(1.36042 0.0384919 0)
(1.37361 0.04158 0)
(1.38786 0.0419859 0)
(1.40286 0.0396082 0)
(1.41825 0.0343993 0)
(1.43372 0.0263667 0)
(1.4489 0.0155724 0)
(1.4635 0.00212853 0)
(1.47721 -0.013824 0)
(1.48979 -0.0321098 0)
(1.50098 -0.0524845 0)
(1.51058 -0.0746901 0)
(1.51844 -0.0984466 0)
(1.52444 -0.123461 0)
(1.52852 -0.149438 0)
(1.53065 -0.176083 0)
(1.53083 -0.203111 0)
(1.52913 -0.23025 0)
(1.52562 -0.257247 0)
(1.52039 -0.283863 0)
(1.5135 -0.309865 0)
(1.50498 -0.33501 0)
(1.49478 -0.359043 0)
(1.48289 -0.381751 0)
(1.46937 -0.403078 0)
(1.45461 -0.423288 0)
(1.43932 -0.44321 0)
(1.42428 -0.464317 0)
(1.40942 -0.487984 0)
(1.39268 -0.514502 0)
(1.37037 -0.544045 0)
(1.33851 -0.577672 0)
(1.29165 -0.611511 0)
(1.22004 -0.630567 0)
(1.11677 -0.624908 0)
(1.00012 -0.61839 0)
(0.915224 -0.652883 0)
(0.885432 -0.728889 0)
(0.889191 -0.803187 0)
(0.896955 -0.841237 0)
(0.895442 -0.836177 0)
(0.883707 -0.79578 0)
(0.864678 -0.730378 0)
(0.841344 -0.648829 0)
(0.816078 -0.557955 0)
(0.790794 -0.462463 0)
(0.767062 -0.364905 0)
(0.746167 -0.266072 0)
(0.729182 -0.165773 0)
(0.716669 -0.0636675 0)
(0.707403 0.039397 0)
(0.699611 0.140313 0)
(0.694287 0.234289 0)
(0.689937 0.318311 0)
(0.686402 0.391341 0)
(0.683871 0.45359 0)
(0.682651 0.505357 0)
(0.68292 0.546295 0)
(0.684569 0.575496 0)
(0.687244 0.592109 0)
(0.690497 0.595962 0)
(0.693935 0.587847 0)
(0.697305 0.56943 0)
(0.700521 0.542932 0)
(0.703635 0.510749 0)
(0.706786 0.475143 0)
(0.710151 0.438035 0)
(0.713907 0.400923 0)
(0.718198 0.364871 0)
(0.723125 0.330566 0)
(0.728744 0.298389 0)
(0.735065 0.268491 0)
(0.742066 0.240864 0)
(0.7497 0.215397 0)
(0.757903 0.191917 0)
(0.766603 0.170222 0)
(0.775728 0.150097 0)
(0.785207 0.131333 0)
(0.794975 0.11373 0)
(0.804976 0.0971052 0)
(0.815163 0.081298 0)
(0.825499 0.0661697 0)
(0.835956 0.0516079 0)
(0.846515 0.0375295 0)
(0.857161 0.0238844 0)
(0.867874 0.0106594 0)
(0.878636 -0.00212172 0)
(0.889432 -0.0144003 0)
(0.900255 -0.0260921 0)
(0.91112 -0.0371002 0)
(0.922026 -0.047314 0)
(0.932913 -0.0565994 0)
(0.943608 -0.064794 0)
(0.953797 -0.0717149 0)
(0.963019 -0.0771818 0)
(0.970703 -0.0810474 0)
(0.976209 -0.083226 0)
(0.978872 -0.0837135 0)
(0.978053 -0.0826062 0)
(0.973173 -0.0801157 0)
(0.963729 -0.0765718 0)
(0.949298 -0.072384 0)
(0.929517 -0.067914 0)
(0.904031 -0.063265 0)
(0.872486 -0.0581474 0)
(0.834621 -0.0521452 0)
(0.790573 -0.0456254 0)
(0.741344 -0.0410624 0)
(0.689238 -0.0439029 0)
(0.637764 -0.061782 0)
(0.590669 -0.101508 0)
(0.55056 -0.165024 0)
(0.518077 -0.247089 0)
(0.492245 -0.336799 0)
(0.471464 -0.421769 0)
(0.454162 -0.492061 0)
(0.438866 -0.542233 0)
(0.42419 -0.571526 0)
(0.409043 -0.582611 0)
(0.39291 -0.579582 0)
(0.375918 -0.566189 0)
(0.358602 -0.544978 0)
(0.341548 -0.517425 0)
(0.32522 -0.484478 0)
(0.309944 -0.446966 0)
(0.295955 -0.405727 0)
(0.283459 -0.36159 0)
(0.272654 -0.315288 0)
(0.2637 -0.267459 0)
(0.256735 -0.218648 0)
(0.251863 -0.169316 0)
(0.249194 -0.119861 0)
(0.248804 -0.0706513 0)
(0.250681 -0.0220504 0)
(0.254605 0.0255311 0)
(0.260799 0.0718068 0)
(0.269132 0.116555 0)
(0.280606 0.159555 0)
(0.291922 0.199793 0)
(1.54656 0.00464675 0)
(1.55137 0.00386801 0)
(1.55645 0.00250179 0)
(1.56179 0.000415477 0)
(1.56725 -0.00253574 0)
(1.57272 -0.00649062 0)
(1.578 -0.0115661 0)
(1.58287 -0.0178425 0)
(1.58708 -0.025349 0)
(1.59035 -0.0340528 0)
(1.59242 -0.0438541 0)
(1.59302 -0.0545865 0)
(1.59194 -0.0660219 0)
(1.58899 -0.0778808 0)
(1.58407 -0.0898444 0)
(1.57712 -0.101571 0)
(1.56817 -0.112712 0)
(1.55731 -0.122926 0)
(1.54468 -0.131899 0)
(1.53051 -0.139348 0)
(1.51505 -0.14504 0)
(1.49859 -0.148793 0)
(1.48144 -0.150485 0)
(1.46394 -0.150051 0)
(1.44641 -0.147488 0)
(1.42919 -0.14285 0)
(1.41259 -0.136241 0)
(1.39691 -0.127817 0)
(1.38241 -0.117773 0)
(1.36935 -0.106343 0)
(1.35792 -0.093789 0)
(1.34832 -0.0803987 0)
(1.34068 -0.0664783 0)
(1.33511 -0.0523473 0)
(1.33169 -0.0383317 0)
(1.33044 -0.0247612 0)
(1.33135 -0.0119661 0)
(1.33436 -0.00026641 0)
(1.3394 0.010038 0)
(1.34631 0.0186678 0)
(1.35493 0.0253691 0)
(1.36504 0.0299231 0)
(1.3764 0.0321507 0)
(1.38874 0.0319158 0)
(1.40177 0.0291284 0)
(1.41519 0.0237467 0)
(1.42869 0.0157776 0)
(1.44198 0.00527619 0)
(1.45478 -0.00766625 0)
(1.46682 -0.0229297 0)
(1.47787 -0.0403368 0)
(1.48769 -0.0596803 0)
(1.49612 -0.0807287 0)
(1.503 -0.103232 0)
(1.50822 -0.126928 0)
(1.51174 -0.151552 0)
(1.5135 -0.176838 0)
(1.51353 -0.202527 0)
(1.51185 -0.22837 0)
(1.50851 -0.254121 0)
(1.50356 -0.279531 0)
(1.49704 -0.30434 0)
(1.48897 -0.328275 0)
(1.47947 -0.351105 0)
(1.46882 -0.372739 0)
(1.45759 -0.393335 0)
(1.44641 -0.413344 0)
(1.43565 -0.433511 0)
(1.42458 -0.454555 0)
(1.41043 -0.476352 0)
(1.38831 -0.497779 0)
(1.35278 -0.518674 0)
(1.29948 -0.539874 0)
(1.22329 -0.555811 0)
(1.11662 -0.552664 0)
(0.981254 -0.533387 0)
(0.851968 -0.54138 0)
(0.778003 -0.615008 0)
(0.761054 -0.723169 0)
(0.764654 -0.806709 0)
(0.763262 -0.839917 0)
(0.751207 -0.827294 0)
(0.731299 -0.781267 0)
(0.707016 -0.712594 0)
(0.680721 -0.629544 0)
(0.653993 -0.538498 0)
(0.628034 -0.443933 0)
(0.603928 -0.348219 0)
(0.582758 -0.251918 0)
(0.565586 -0.154448 0)
(0.553063 -0.0550434 0)
(0.543971 0.0454806 0)
(0.537691 0.144086 0)
(0.535597 0.236246 0)
(0.536188 0.31898 0)
(0.538942 0.390988 0)
(0.543556 0.452208 0)
(0.549973 0.50284 0)
(0.5582 0.54262 0)
(0.568088 0.570815 0)
(0.579276 0.586723 0)
(0.591258 0.590224 0)
(0.60351 0.582067 0)
(0.615601 0.563814 0)
(0.62725 0.537569 0)
(0.638335 0.505627 0)
(0.648863 0.470181 0)
(0.658931 0.433119 0)
(0.66868 0.395933 0)
(0.678262 0.359704 0)
(0.687811 0.325144 0)
(0.697434 0.292664 0)
(0.707203 0.262443 0)
(0.717161 0.234494 0)
(0.727321 0.208724 0)
(0.737678 0.184971 0)
(0.748212 0.163039 0)
(0.758894 0.142716 0)
(0.769695 0.123789 0)
(0.780586 0.106057 0)
(0.791541 0.0893319 0)
(0.802544 0.0734446 0)
(0.813586 0.0582492 0)
(0.82467 0.0436269 0)
(0.835797 0.0294921 0)
(0.846975 0.015796 0)
(0.858217 0.00252455 0)
(0.869572 -0.010308 0)
(0.881106 -0.0226597 0)
(0.89291 -0.0344637 0)
(0.90504 -0.0456157 0)
(0.917447 -0.0559503 0)
(0.929919 -0.0652318 0)
(0.942056 -0.0731697 0)
(0.953301 -0.0794583 0)
(0.962994 -0.0838259 0)
(0.970445 -0.0860784 0)
(0.974986 -0.0861259 0)
(0.976011 -0.0839965 0)
(0.972996 -0.0798425 0)
(0.965503 -0.0739433 0)
(0.953179 -0.0666991 0)
(0.935736 -0.0585734 0)
(0.912924 -0.0499455 0)
(0.884496 -0.0409155 0)
(0.850205 -0.0312536 0)
(0.809905 -0.0207743 0)
(0.763877 -0.0102904 0)
(0.713354 -0.0030352 0)
(0.660806 -0.00534625 0)
(0.609602 -0.0252645 0)
(0.562997 -0.0691312 0)
(0.522521 -0.137699 0)
(0.487973 -0.224533 0)
(0.45827 -0.318105 0)
(0.432398 -0.405963 0)
(0.409657 -0.478241 0)
(0.389293 -0.529495 0)
(0.370231 -0.559001 0)
(0.351305 -0.569678 0)
(0.331736 -0.566054 0)
(0.311442 -0.552276 0)
(0.290875 -0.531087 0)
(0.270648 -0.503958 0)
(0.251308 -0.47174 0)
(0.233244 -0.435165 0)
(0.216707 -0.395017 0)
(0.201886 -0.352115 0)
(0.188959 -0.307184 0)
(0.178106 -0.260857 0)
(0.169527 -0.213641 0)
(0.163332 -0.165965 0)
(0.159623 -0.118189 0)
(0.158435 -0.0707039 0)
(0.159745 -0.0238578 0)
(0.163324 0.0219702 0)
(0.169349 0.0664568 0)
(0.177716 0.109372 0)
(0.189493 0.150596 0)
(0.201318 0.188925 0)
(1.54632 0.00130645 0)
(1.55078 0.000343442 0)
(1.55542 -0.00117462 0)
(1.56021 -0.00335666 0)
(1.56504 -0.00632034 0)
(1.56978 -0.010175 0)
(1.57428 -0.0150098 0)
(1.57834 -0.0208819 0)
(1.58174 -0.0278047 0)
(1.58427 -0.0357405 0)
(1.58568 -0.0445959 0)
(1.58577 -0.0542222 0)
(1.58435 -0.0644193 0)
(1.58128 -0.0749441 0)
(1.57645 -0.0855208 0)
(1.56985 -0.0958535 0)
(1.56148 -0.10564 0)
(1.55143 -0.114585 0)
(1.53983 -0.122412 0)
(1.52687 -0.128876 0)
(1.51275 -0.133771 0)
(1.49775 -0.136937 0)
(1.48212 -0.138263 0)
(1.46616 -0.137693 0)
(1.45017 -0.135222 0)
(1.43443 -0.130899 0)
(1.41921 -0.124817 0)
(1.40479 -0.117118 0)
(1.39139 -0.107979 0)
(1.37925 -0.0976127 0)
(1.36855 -0.0862611 0)
(1.35946 -0.0741873 0)
(1.35211 -0.0616729 0)
(1.3466 -0.0490111 0)
(1.34299 -0.0365015 0)
(1.34133 -0.0244446 0)
(1.34159 -0.0131408 0)
(1.34374 -0.00288133 0)
(1.3477 0.00606138 0)
(1.35335 0.0134351 0)
(1.36054 0.0190147 0)
(1.36907 0.0226049 0)
(1.37875 0.0240468 0)
(1.38933 0.0232204 0)
(1.40054 0.0200465 0)
(1.41214 0.0144887 0)
(1.42384 0.00655471 0)
(1.43538 -0.00370964 0)
(1.44652 -0.0162334 0)
(1.45702 -0.030894 0)
(1.46664 -0.0475346 0)
(1.4752 -0.0659715 0)
(1.48253 -0.0859976 0)
(1.48849 -0.107389 0)
(1.49298 -0.129913 0)
(1.49595 -0.153329 0)
(1.49734 -0.177397 0)
(1.49717 -0.201878 0)
(1.49542 -0.226532 0)
(1.49214 -0.251117 0)
(1.48737 -0.275382 0)
(1.48124 -0.29909 0)
(1.47401 -0.322053 0)
(1.46617 -0.344204 0)
(1.45843 -0.365638 0)
(1.4514 -0.386554 0)
(1.44513 -0.407058 0)
(1.43831 -0.426945 0)
(1.42763 -0.445389 0)
(1.40772 -0.460672 0)
(1.37231 -0.471158 0)
(1.31634 -0.477556 0)
(1.23672 -0.481088 0)
(1.12953 -0.475367 0)
(0.990179 -0.451169 0)
(0.831174 -0.428904 0)
(0.70225 -0.468069 0)
(0.644184 -0.587057 0)
(0.63379 -0.719861 0)
(0.631121 -0.804762 0)
(0.61927 -0.830938 0)
(0.598237 -0.812192 0)
(0.572315 -0.762786 0)
(0.544573 -0.6927 0)
(0.516652 -0.609429 0)
(0.48944 -0.518949 0)
(0.463451 -0.425608 0)
(0.439317 -0.331746 0)
(0.418032 -0.23781 0)
(0.400701 -0.142968 0)
(0.388033 -0.0463252 0)
(0.378898 0.0511013 0)
(0.373846 0.146337 0)
(0.374527 0.235422 0)
(0.379543 0.315706 0)
(0.388129 0.3858 0)
(0.399602 0.445402 0)
(0.413574 0.494525 0)
(0.429831 0.532882 0)
(0.448107 0.559856 0)
(0.467965 0.574883 0)
(0.488807 0.577931 0)
(0.509977 0.56974 0)
(0.530878 0.551793 0)
(0.551055 0.526071 0)
(0.570227 0.49475 0)
(0.588279 0.459923 0)
(0.605226 0.42341 0)
(0.621172 0.386667 0)
(0.636264 0.350767 0)
(0.650662 0.316431 0)
(0.664515 0.284087 0)
(0.677952 0.253936 0)
(0.691073 0.226014 0)
(0.70395 0.200247 0)
(0.716634 0.176486 0)
(0.729157 0.154545 0)
(0.741536 0.13422 0)
(0.753783 0.115299 0)
(0.765904 0.0975796 0)
(0.777911 0.0808705 0)
(0.789817 0.0649971 0)
(0.801642 0.0498082 0)
(0.813408 0.0351826 0)
(0.825143 0.0210326 0)
(0.836897 0.00729881 0)
(0.848775 -0.00605942 0)
(0.860915 -0.0190579 0)
(0.873456 -0.0316709 0)
(0.886475 -0.043804 0)
(0.899891 -0.0552596 0)
(0.913415 -0.0657281 0)
(0.926556 -0.0748169 0)
(0.938679 -0.0821094 0)
(0.949101 -0.0872308 0)
(0.957164 -0.0899016 0)
(0.962291 -0.0899666 0)
(0.964003 -0.0874012 0)
(0.961917 -0.0823065 0)
(0.955723 -0.0749036 0)
(0.945169 -0.0655298 0)
(0.930047 -0.0546269 0)
(0.910174 -0.0426822 0)
(0.885344 -0.030088 0)
(0.855277 -0.0169765 0)
(0.81967 -0.00312279 0)
(0.778476 0.0115122 0)
(0.732305 0.0255181 0)
(0.68276 0.0348213 0)
(0.632353 0.0324269 0)
(0.583899 0.0102079 0)
(0.539489 -0.0372964 0)
(0.499634 -0.109678 0)
(0.463245 -0.199749 0)
(0.429334 -0.295922 0)
(0.397705 -0.386035 0)
(0.368753 -0.460328 0)
(0.342654 -0.513117 0)
(0.318789 -0.543387 0)
(0.295932 -0.554069 0)
(0.272944 -0.55005 0)
(0.249414 -0.535946 0)
(0.225625 -0.514799 0)
(0.202175 -0.488148 0)
(0.179691 -0.456779 0)
(0.158655 -0.421311 0)
(0.139408 -0.382427 0)
(0.122163 -0.340891 0)
(0.107039 -0.297422 0)
(0.0941509 -0.252671 0)
(0.0837317 -0.207174 0)
(0.0759828 -0.161361 0)
(0.0710738 -0.115532 0)
(0.0690637 -0.0700316 0)
(0.0699376 -0.0252175 0)
(0.0733419 0.0186323 0)
(0.0793458 0.0611536 0)
(0.0878539 0.102049 0)
(0.100019 0.141374 0)
(0.112391 0.177657 0)
(1.54622 -0.00180554 0)
(1.55034 -0.00289297 0)
(1.55456 -0.00449925 0)
(1.55886 -0.00671375 0)
(1.56312 -0.00963212 0)
(1.56723 -0.013341 0)
(1.57105 -0.0179077 0)
(1.57442 -0.0233714 0)
(1.57715 -0.0297343 0)
(1.57904 -0.0369557 0)
(1.57991 -0.0449483 0)
(1.57959 -0.053579 0)
(1.5779 -0.0626715 0)
(1.57475 -0.0720134 0)
(1.57005 -0.0813649 0)
(1.56378 -0.090469 0)
(1.55595 -0.0990626 0)
(1.54664 -0.106888 0)
(1.53596 -0.113705 0)
(1.52407 -0.119298 0)
(1.51117 -0.123484 0)
(1.49747 -0.126122 0)
(1.48321 -0.127115 0)
(1.46864 -0.126411 0)
(1.45402 -0.124007 0)
(1.4396 -0.119946 0)
(1.42562 -0.114315 0)
(1.41231 -0.107241 0)
(1.39989 -0.098889 0)
(1.38856 -0.0894539 0)
(1.3785 -0.0791583 0)
(1.36984 -0.0682455 0)
(1.36271 -0.0569748 0)
(1.35722 -0.0456163 0)
(1.35341 -0.0344456 0)
(1.35133 -0.0237382 0)
(1.35096 -0.0137668 0)
(1.35229 -0.00479706 0)
(1.35523 0.00292342 0)
(1.35969 0.00916619 0)
(1.36554 0.0137317 0)
(1.37262 0.016446 0)
(1.38074 0.0171688 0)
(1.38968 0.0157947 0)
(1.39923 0.0122546 0)
(1.40914 0.00651811 0)
(1.41919 -0.00140748 0)
(1.42912 -0.0114915 0)
(1.43873 -0.0236603 0)
(1.44779 -0.0378007 0)
(1.4561 -0.0537751 0)
(1.46348 -0.0714182 0)
(1.46978 -0.0905446 0)
(1.47487 -0.110953 0)
(1.47865 -0.132433 0)
(1.48107 -0.154765 0)
(1.48206 -0.177727 0)
(1.48161 -0.201096 0)
(1.47975 -0.224647 0)
(1.47655 -0.248169 0)
(1.47224 -0.271487 0)
(1.46722 -0.294498 0)
(1.46208 -0.317197 0)
(1.45755 -0.339657 0)
(1.45411 -0.361882 0)
(1.45147 -0.383529 0)
(1.44789 -0.403606 0)
(1.43977 -0.420398 0)
(1.42178 -0.431622 0)
(1.3878 -0.434924 0)
(1.33254 -0.429501 0)
(1.25298 -0.417638 0)
(1.14759 -0.400708 0)
(1.01294 -0.372305 0)
(0.847688 -0.33177 0)
(0.676656 -0.320217 0)
(0.559123 -0.404102 0)
(0.514817 -0.566333 0)
(0.503034 -0.714165 0)
(0.49087 -0.795651 0)
(0.469379 -0.815143 0)
(0.441098 -0.792339 0)
(0.41041 -0.741517 0)
(0.379819 -0.671522 0)
(0.350537 -0.589143 0)
(0.322928 -0.499854 0)
(0.296865 -0.407983 0)
(0.272689 -0.315965 0)
(0.251422 -0.224122 0)
(0.234134 -0.13152 0)
(0.221506 -0.0376235 0)
(0.212792 0.0561694 0)
(0.209379 0.147083 0)
(0.21292 0.231997 0)
(0.222195 0.308771 0)
(0.23631 0.376055 0)
(0.254359 0.433354 0)
(0.275711 0.480476 0)
(0.299942 0.517058 0)
(0.326622 0.542556 0)
(0.355178 0.55653 0)
(0.384884 0.559044 0)
(0.414939 0.550848 0)
(0.444592 0.533354 0)
(0.473234 0.50842 0)
(0.500447 0.478083 0)
(0.526007 0.444309 0)
(0.549855 0.408824 0)
(0.572054 0.373021 0)
(0.592746 0.337941 0)
(0.612108 0.304296 0)
(0.630324 0.272523 0)
(0.64757 0.242838 0)
(0.663998 0.215297 0)
(0.679736 0.189844 0)
(0.694884 0.166349 0)
(0.709524 0.144639 0)
(0.723719 0.124516 0)
(0.73752 0.105778 0)
(0.750973 0.0882206 0)
(0.764118 0.0716529 0)
(0.776997 0.0558987 0)
(0.789648 0.0408064 0)
(0.802121 0.0262496 0)
(0.8145 0.0121197 0)
(0.826932 -0.00168415 0)
(0.839603 -0.0152407 0)
(0.852661 -0.0285658 0)
(0.866141 -0.0415706 0)
(0.879876 -0.0540248 0)
(0.893472 -0.0655555 0)
(0.906356 -0.0756939 0)
(0.917882 -0.0839505 0)
(0.927427 -0.0898911 0)
(0.934473 -0.0931898 0)
(0.938629 -0.0936528 0)
(0.939625 -0.0912173 0)
(0.937275 -0.0859357 0)
(0.931439 -0.0779612 0)
(0.922 -0.067546 0)
(0.908842 -0.0550455 0)
(0.891828 -0.0409066 0)
(0.870765 -0.0255955 0)
(0.845336 -0.00946153 0)
(0.815171 0.00749838 0)
(0.780067 0.0253422 0)
(0.74022 0.0435982 0)
(0.696538 0.0602216 0)
(0.650776 0.0705607 0)
(0.605241 0.0674062 0)
(0.561993 0.0430713 0)
(0.52164 -0.00703099 0)
(0.483452 -0.0814233 0)
(0.445606 -0.172714 0)
(0.407283 -0.269878 0)
(0.369221 -0.361411 0)
(0.333098 -0.437709 0)
(0.300287 -0.492607 0)
(0.270885 -0.524402 0)
(0.243719 -0.53569 0)
(0.217223 -0.531586 0)
(0.190508 -0.517235 0)
(0.163564 -0.496134 0)
(0.136915 -0.469954 0)
(0.111237 -0.439468 0)
(0.0870581 -0.405219 0)
(0.0648101 -0.367793 0)
(0.0448305 -0.327845 0)
(0.0273085 -0.286073 0)
(0.0123906 -0.243082 0)
(0.000251225 -0.199435 0)
(-0.00898456 -0.155622 0)
(-0.0151536 -0.111997 0)
(-0.0182436 -0.0686744 0)
(-0.0180051 -0.0261565 0)
(-0.0148315 0.0154238 0)
(-0.00879468 0.055768 0)
(1.28765e-05 0.0946018 0)
(0.0128699 0.131869 0)
(0.0258527 0.166071 0)
(1.5463 -0.00469665 0)
(1.55011 -0.00585825 0)
(1.55396 -0.00750091 0)
(1.55781 -0.00969774 0)
(1.56156 -0.0125269 0)
(1.56512 -0.0160571 0)
(1.56836 -0.0203388 0)
(1.57113 -0.0253973 0)
(1.57328 -0.0312264 0)
(1.57465 -0.037784 0)
(1.57507 -0.0449888 0)
(1.57441 -0.0527212 0)
(1.57253 -0.0608255 0)
(1.56934 -0.0691156 0)
(1.56477 -0.077382 0)
(1.55881 -0.0854006 0)
(1.55149 -0.0929418 0)
(1.54285 -0.0997803 0)
(1.53301 -0.105704 0)
(1.52211 -0.110524 0)
(1.51029 -0.11408 0)
(1.49777 -0.116244 0)
(1.48473 -0.116931 0)
(1.4714 -0.116094 0)
(1.45801 -0.113733 0)
(1.44475 -0.109885 0)
(1.43187 -0.104632 0)
(1.41955 -0.0980928 0)
(1.40799 -0.0904184 0)
(1.39736 -0.081791 0)
(1.38783 -0.0724171 0)
(1.37953 -0.0625222 0)
(1.37257 -0.0523466 0)
(1.36705 -0.0421399 0)
(1.36302 -0.0321559 0)
(1.36052 -0.0226482 0)
(1.35955 -0.0138656 0)
(1.36009 -0.00604897 0)
(1.36207 0.000574608 0)
(1.36542 0.00579903 0)
(1.37003 0.00944601 0)
(1.37574 0.011362 0)
(1.38241 0.0114238 0)
(1.38985 0.00953938 0)
(1.39786 0.00564994 0)
(1.40622 -0.000268751 0)
(1.41473 -0.00821773 0)
(1.42319 -0.0181641 0)
(1.43138 -0.0300342 0)
(1.4391 -0.0437308 0)
(1.44619 -0.0591284 0)
(1.45246 -0.0760778 0)
(1.45779 -0.0944112 0)
(1.46204 -0.113946 0)
(1.46514 -0.134487 0)
(1.46701 -0.155836 0)
(1.46762 -0.177791 0)
(1.46703 -0.200167 0)
(1.46536 -0.222802 0)
(1.46291 -0.245594 0)
(1.4601 -0.268518 0)
(1.45751 -0.291624 0)
(1.45565 -0.314952 0)
(1.45464 -0.338345 0)
(1.45374 -0.361155 0)
(1.45088 -0.381932 0)
(1.44248 -0.398347 0)
(1.42377 -0.407554 0)
(1.38962 -0.406819 0)
(1.33559 -0.394405 0)
(1.25896 -0.37109 0)
(1.15889 -0.340274 0)
(1.03417 -0.302416 0)
(0.8801 -0.252405 0)
(0.698822 -0.202675 0)
(0.528784 -0.215888 0)
(0.428784 -0.350893 0)
(0.390702 -0.54769 0)
(0.370909 -0.702596 0)
(0.34844 -0.779275 0)
(0.31874 -0.793619 0)
(0.284237 -0.768381 0)
(0.248854 -0.717398 0)
(0.214787 -0.648464 0)
(0.183274 -0.567614 0)
(0.154132 -0.479742 0)
(0.126811 -0.389267 0)
(0.102009 -0.298904 0)
(0.0807584 -0.209037 0)
(0.0643344 -0.118805 0)
(0.052986 -0.0283382 0)
(0.0458977 0.0607007 0)
(0.0452707 0.146212 0)
(0.0522901 0.226003 0)
(0.0660431 0.298353 0)
(0.0856131 0.361966 0)
(0.110046 0.416239 0)
(0.138604 0.460811 0)
(0.170696 0.49521 0)
(0.205697 0.518949 0)
(0.242857 0.5317 0)
(0.281294 0.533625 0)
(0.320054 0.525479 0)
(0.358246 0.5086 0)
(0.395131 0.484716 0)
(0.430176 0.455708 0)
(0.463066 0.423396 0)
(0.493681 0.389387 0)
(0.522049 0.35499 0)
(0.548301 0.321193 0)
(0.572626 0.288686 0)
(0.595239 0.257903 0)
(0.616351 0.229069 0)
(0.636161 0.202258 0)
(0.654842 0.177431 0)
(0.672544 0.154477 0)
(0.689392 0.133238 0)
(0.705491 0.113529 0)
(0.720929 0.0951543 0)
(0.735782 0.0779178 0)
(0.750111 0.0616322 0)
(0.763976 0.0461245 0)
(0.777447 0.0312353 0)
(0.790636 0.0168084 0)
(0.803716 0.00268588 0)
(0.816876 -0.0112639 0)
(0.830208 -0.0250854 0)
(0.843639 -0.0386847 0)
(0.856869 -0.0518022 0)
(0.869397 -0.064028 0)
(0.880619 -0.0748661 0)
(0.88996 -0.0838173 0)
(0.896971 -0.09045 0)
(0.901374 -0.0944405 0)
(0.903049 -0.0955834 0)
(0.901979 -0.0937825 0)
(0.898192 -0.0890339 0)
(0.89172 -0.0814135 0)
(0.88257 -0.0710737 0)
(0.870714 -0.0582511 0)
(0.856073 -0.0432691 0)
(0.838484 -0.0265142 0)
(0.817645 -0.00837226 0)
(0.793193 0.0109269 0)
(0.76483 0.0312181 0)
(0.732479 0.0522881 0)
(0.69652 0.073257 0)
(0.658064 0.0915315 0)
(0.618905 0.10204 0)
(0.580942 0.0977153 0)
(0.545144 0.0717363 0)
(0.510722 0.0206346 0)
(0.475374 -0.053493 0)
(0.436786 -0.143546 0)
(0.394167 -0.239677 0)
(0.349139 -0.331452 0)
(0.304748 -0.409567 0)
(0.263879 -0.467199 0)
(0.227755 -0.501513 0)
(0.195536 -0.514292 0)
(0.165244 -0.510615 0)
(0.135328 -0.49619 0)
(0.105319 -0.475139 0)
(0.0755718 -0.449408 0)
(0.0467214 -0.419831 0)
(0.019384 -0.386882 0)
(-0.00585173 -0.351035 0)
(-0.0285664 -0.312917 0)
(-0.0484863 -0.27316 0)
(-0.0654147 -0.232303 0)
(-0.0792234 -0.190866 0)
(-0.0897972 -0.1493 0)
(-0.0969686 -0.107967 0)
(-0.100831 -0.0670711 0)
(-0.10131 -0.0269088 0)
(-0.0984828 0.0122804 0)
(-0.0925398 0.0502883 0)
(-0.0834256 0.0869157 0)
(-0.0706939 0.121899 0)
(-0.057136 0.154219 0)
(1.54665 -0.00738408 0)
(1.55017 -0.00857359 0)
(1.55367 -0.0102055 0)
(1.55712 -0.0123396 0)
(1.56042 -0.0150408 0)
(1.5635 -0.0183641 0)
(1.56622 -0.022347 0)
(1.56848 -0.0270045 0)
(1.57015 -0.0323249 0)
(1.57108 -0.0382657 0)
(1.57114 -0.0447516 0)
(1.5702 -0.0516743 0)
(1.56818 -0.0588959 0)
(1.56498 -0.0662522 0)
(1.56056 -0.0735594 0)
(1.55491 -0.0806208 0)
(1.54805 -0.087235 0)
(1.54003 -0.0932037 0)
(1.53095 -0.0983399 0)
(1.52092 -0.102475 0)
(1.51008 -0.105467 0)
(1.4986 -0.107203 0)
(1.48664 -0.107606 0)
(1.47441 -0.106635 0)
(1.46209 -0.10429 0)
(1.44988 -0.100609 0)
(1.43795 -0.0956685 0)
(1.4265 -0.0895787 0)
(1.41569 -0.0824827 0)
(1.40569 -0.0745507 0)
(1.39662 -0.0659759 0)
(1.38862 -0.0569689 0)
(1.38179 -0.0477532 0)
(1.37621 -0.0385603 0)
(1.37195 -0.029625 0)
(1.36903 -0.0211812 0)
(1.36747 -0.013457 0)
(1.36725 -0.00667141 0)
(1.36832 -0.00103099 0)
(1.37062 0.00327703 0)
(1.37406 0.0060919 0)
(1.37851 0.00727974 0)
(1.38383 0.00673297 0)
(1.38987 0.00437284 0)
(1.39645 0.000151279 0)
(1.40339 -0.00595815 0)
(1.41049 -0.013953 0)
(1.41757 -0.0237951 0)
(1.42445 -0.0354219 0)
(1.43094 -0.0487432 0)
(1.43688 -0.0636444 0)
(1.44214 -0.0799894 0)
(1.44658 -0.0976251 0)
(1.4501 -0.116386 0)
(1.45265 -0.136101 0)
(1.45423 -0.156606 0)
(1.4549 -0.177757 0)
(1.45484 -0.199448 0)
(1.45433 -0.221629 0)
(1.45371 -0.244309 0)
(1.45327 -0.267516 0)
(1.45309 -0.291199 0)
(1.45266 -0.315028 0)
(1.45068 -0.338167 0)
(1.44483 -0.359033 0)
(1.43186 -0.375196 0)
(1.40797 -0.383657 0)
(1.36957 -0.381518 0)
(1.31407 -0.366651 0)
(1.2401 -0.338489 0)
(1.14733 -0.29902 0)
(1.03583 -0.251262 0)
(0.902636 -0.193707 0)
(0.740388 -0.124674 0)
(0.555319 -0.0741416 0)
(0.398812 -0.122853 0)
(0.316273 -0.305604 0)
(0.274899 -0.525436 0)
(0.242495 -0.683155 0)
(0.209657 -0.756051 0)
(0.172834 -0.766867 0)
(0.132451 -0.740209 0)
(0.0913946 -0.689639 0)
(0.0520062 -0.622155 0)
(0.0158819 -0.543014 0)
(-0.0164883 -0.457033 0)
(-0.0452267 -0.368139 0)
(-0.0699855 -0.279466 0)
(-0.0903492 -0.191791 0)
(-0.105652 -0.10479 0)
(-0.114917 -0.0194332 0)
(-0.118942 0.0636284 0)
(-0.116032 0.143091 0)
(-0.105252 0.217188 0)
(-0.0870459 0.284445 0)
(-0.0621281 0.343729 0)
(-0.0313636 0.394381 0)
(0.00440243 0.435759 0)
(0.0442654 0.46747 0)
(0.087428 0.489131 0)
(0.132983 0.500527 0)
(0.179873 0.501847 0)
(0.226997 0.493837 0)
(0.273351 0.477753 0)
(0.31809 0.455179 0)
(0.360597 0.427827 0)
(0.400486 0.397357 0)
(0.437587 0.365236 0)
(0.4719 0.33267 0)
(0.503546 0.300584 0)
(0.532721 0.26963 0)
(0.55966 0.240229 0)
(0.584606 0.212612 0)
(0.607794 0.186863 0)
(0.629436 0.162964 0)
(0.649723 0.14082 0)
(0.668817 0.120291 0)
(0.686856 0.101208 0)
(0.703954 0.0833888 0)
(0.720201 0.0666504 0)
(0.735677 0.0508129 0)
(0.750471 0.0356942 0)
(0.764713 0.0210997 0)
(0.778577 0.00682804 0)
(0.79219 -0.00727741 0)
(0.805525 -0.0212651 0)
(0.818343 -0.0350232 0)
(0.830202 -0.0482764 0)
(0.840532 -0.0606219 0)
(0.848778 -0.0716039 0)
(0.854535 -0.0807903 0)
(0.857625 -0.0878236 0)
(0.85809 -0.0924337 0)
(0.856122 -0.0944276 0)
(0.851969 -0.0936725 0)
(0.845858 -0.0900882 0)
(0.837949 -0.083649 0)
(0.828329 -0.0743917 0)
(0.817021 -0.0624259 0)
(0.803995 -0.0479396 0)
(0.789148 -0.0311868 0)
(0.77226 -0.0124698 0)
(0.753033 0.0079126 0)
(0.731154 0.0296582 0)
(0.706428 0.0524852 0)
(0.678904 0.0759229 0)
(0.649162 0.0986271 0)
(0.618446 0.117517 0)
(0.588393 0.127377 0)
(0.560272 0.121684 0)
(0.533951 0.0948348 0)
(0.50725 0.0446185 0)
(0.476312 -0.0266741 0)
(0.438256 -0.11269 0)
(0.392086 -0.205274 0)
(0.339997 -0.29557 0)
(0.286312 -0.374897 0)
(0.235693 -0.435765 0)
(0.191066 -0.473803 0)
(0.152468 -0.489339 0)
(0.117706 -0.486953 0)
(0.0844345 -0.472835 0)
(0.0514569 -0.45194 0)
(0.0187481 -0.426645 0)
(-0.0131469 -0.397876 0)
(-0.0435371 -0.366239 0)
(-0.0717887 -0.332168 0)
(-0.0973769 -0.296141 0)
(-0.119925 -0.258668 0)
(-0.139163 -0.220239 0)
(-0.154918 -0.181308 0)
(-0.167064 -0.142269 0)
(-0.175504 -0.103473 0)
(-0.180219 -0.0652229 0)
(-0.181314 -0.0276377 0)
(-0.1788 0.00901095 0)
(-0.172791 0.0445408 0)
(-0.163187 0.0787962 0)
(-0.150536 0.111598 0)
(-0.136085 0.142334 0)
(1.54733 -0.00990036 0)
(1.55059 -0.0110898 0)
(1.55378 -0.0126819 0)
(1.55687 -0.0147263 0)
(1.55978 -0.0172783 0)
(1.56242 -0.0203818 0)
(1.56471 -0.0240628 0)
(1.56654 -0.028328 0)
(1.56779 -0.0331626 0)
(1.56835 -0.0385256 0)
(1.5681 -0.0443478 0)
(1.56696 -0.0505322 0)
(1.56482 -0.0569559 0)
(1.56164 -0.0634742 0)
(1.55737 -0.0699248 0)
(1.552 -0.0761341 0)
(1.54556 -0.0819241 0)
(1.53809 -0.087119 0)
(1.52967 -0.0915526 0)
(1.52041 -0.0950749 0)
(1.51043 -0.097558 0)
(1.49987 -0.0989018 0)
(1.4889 -0.0990373 0)
(1.47766 -0.0979299 0)
(1.46633 -0.0955808 0)
(1.45508 -0.0920271 0)
(1.44407 -0.087341 0)
(1.43345 -0.0816275 0)
(1.42338 -0.0750213 0)
(1.41397 -0.0676831 0)
(1.40537 -0.0597949 0)
(1.39766 -0.0515548 0)
(1.39095 -0.0431723 0)
(1.38531 -0.0348634 0)
(1.3808 -0.0268469 0)
(1.37746 -0.0193401 0)
(1.37531 -0.0125536 0)
(1.37433 -0.00668782 0)
(1.37451 -0.00193027 0)
(1.37578 0.00154861 0)
(1.37809 0.00360422 0)
(1.38132 0.00412085 0)
(1.38537 0.00300677 0)
(1.39009 0.000197569 0)
(1.39534 -0.00435058 0)
(1.40094 -0.0106583 0)
(1.40674 -0.0187158 0)
(1.41256 -0.0284903 0)
(1.41825 -0.0399234 0)
(1.42364 -0.0529333 0)
(1.42862 -0.0674166 0)
(1.43306 -0.0832529 0)
(1.43689 -0.100311 0)
(1.44007 -0.118456 0)
(1.44262 -0.137564 0)
(1.44461 -0.15753 0)
(1.44618 -0.178281 0)
(1.44745 -0.199771 0)
(1.44847 -0.221959 0)
(1.44908 -0.24476 0)
(1.44869 -0.26794 0)
(1.44613 -0.290982 0)
(1.43954 -0.312944 0)
(1.42647 -0.33236 0)
(1.40423 -0.347171 0)
(1.37021 -0.354805 0)
(1.32257 -0.352653 0)
(1.26088 -0.338676 0)
(1.18611 -0.311682 0)
(1.09952 -0.271725 0)
(1.00158 -0.220565 0)
(0.890865 -0.15902 0)
(0.761007 -0.0837683 0)
(0.601844 0.000613352 0)
(0.428709 0.0440018 0)
(0.298277 -0.04493 0)
(0.227614 -0.262854 0)
(0.17424 -0.494575 0)
(0.125435 -0.654636 0)
(0.0814851 -0.726577 0)
(0.0376981 -0.735662 0)
(-0.00881777 -0.708075 0)
(-0.0562028 -0.657558 0)
(-0.101307 -0.591744 0)
(-0.142225 -0.515319 0)
(-0.178192 -0.432782 0)
(-0.209071 -0.347382 0)
(-0.234766 -0.261933 0)
(-0.255037 -0.177635 0)
(-0.269805 -0.0947741 0)
(-0.277854 -0.0142902 0)
(-0.279102 0.0632751 0)
(-0.272388 0.136847 0)
(-0.257261 0.205069 0)
(-0.234151 0.266805 0)
(-0.203746 0.321138 0)
(-0.1669 0.367412 0)
(-0.124425 0.405124 0)
(-0.0771335 0.433914 0)
(-0.0260944 0.453449 0)
(0.0275484 0.463288 0)
(0.0824395 0.463999 0)
(0.13741 0.456253 0)
(0.191373 0.441158 0)
(0.243416 0.420149 0)
(0.292858 0.394759 0)
(0.339267 0.366472 0)
(0.382436 0.336606 0)
(0.42234 0.306254 0)
(0.459092 0.276261 0)
(0.492892 0.247235 0)
(0.523986 0.219575 0)
(0.55264 0.193511 0)
(0.579116 0.169137 0)
(0.603658 0.14645 0)
(0.626483 0.125376 0)
(0.64778 0.105795 0)
(0.667701 0.0875597 0)
(0.68637 0.0705086 0)
(0.703891 0.0544711 0)
(0.720368 0.03926 0)
(0.735929 0.0246619 0)
(0.750706 0.0104584 0)
(0.764708 -0.00349751 0)
(0.777729 -0.0172234 0)
(0.78936 -0.0305852 0)
(0.799051 -0.0433191 0)
(0.806247 -0.0550857 0)
(0.810539 -0.0655409 0)
(0.811782 -0.0743936 0)
(0.810121 -0.0814232 0)
(0.805937 -0.0864599 0)
(0.799728 -0.0893465 0)
(0.791977 -0.0899137 0)
(0.783061 -0.0879826 0)
(0.773221 -0.0833924 0)
(0.762573 -0.0760367 0)
(0.751147 -0.0658897 0)
(0.738924 -0.0530153 0)
(0.725858 -0.0375508 0)
(0.711846 -0.0196922 0)
(0.696685 0.000315284 0)
(0.680167 0.0221777 0)
(0.662123 0.0455525 0)
(0.642482 0.070023 0)
(0.621486 0.0947883 0)
(0.599908 0.11806 0)
(0.57902 0.136459 0)
(0.560121 0.144951 0)
(0.543673 0.137889 0)
(0.528356 0.11105 0)
(0.510837 0.0635018 0)
(0.486314 -0.00221541 0)
(0.45078 -0.0811453 0)
(0.402793 -0.167156 0)
(0.3445 -0.253508 0)
(0.281053 -0.332683 0)
(0.218914 -0.396848 0)
(0.163334 -0.439845 0)
(0.116136 -0.459836 0)
(0.0755328 -0.460136 0)
(0.038373 -0.447078 0)
(0.00229688 -0.426558 0)
(-0.0332643 -0.401656 0)
(-0.0679966 -0.373765 0)
(-0.101251 -0.343488 0)
(-0.132345 -0.311219 0)
(-0.160685 -0.277357 0)
(-0.185812 -0.242322 0)
(-0.207389 -0.206525 0)
(-0.225182 -0.170352 0)
(-0.239028 -0.134142 0)
(-0.248834 -0.0981852 0)
(-0.254525 -0.0627648 0)
(-0.256293 -0.0280972 0)
(-0.254091 0.00579909 0)
(-0.247998 0.0386316 0)
(-0.238199 0.0704081 0)
(-0.225672 0.101069 0)
(-0.210528 0.130032 0)
(1.54844 -0.0121525 0)
(1.55145 -0.0132968 0)
(1.55436 -0.0148042 0)
(1.55714 -0.0167187 0)
(1.5597 -0.0190935 0)
(1.56197 -0.0219651 0)
(1.56388 -0.025349 0)
(1.56533 -0.0292438 0)
(1.56622 -0.0336305 0)
(1.56647 -0.0384687 0)
(1.56597 -0.0436942 0)
(1.56464 -0.0492192 0)
(1.56242 -0.0549339 0)
(1.55924 -0.0607099 0)
(1.5551 -0.0664032 0)
(1.54998 -0.0718601 0)
(1.54392 -0.0769225 0)
(1.53695 -0.0814343 0)
(1.52916 -0.0852477 0)
(1.52065 -0.088229 0)
(1.51153 -0.0902644 0)
(1.50193 -0.0912639 0)
(1.492 -0.0911658 0)
(1.48186 -0.089939 0)
(1.47166 -0.0875847 0)
(1.46153 -0.0841373 0)
(1.4516 -0.079664 0)
(1.44197 -0.0742634 0)
(1.43277 -0.068063 0)
(1.42409 -0.0612161 0)
(1.41602 -0.0538967 0)
(1.40867 -0.0462945 0)
(1.4021 -0.0386092 0)
(1.3964 -0.0310455 0)
(1.39161 -0.0238101 0)
(1.3878 -0.0171073 0)
(1.38498 -0.0111335 0)
(1.38318 -0.00607301 0)
(1.38238 -0.0020981 0)
(1.38257 0.000635857 0)
(1.3837 0.00199966 0)
(1.38569 0.00189568 0)
(1.38845 0.000248971 0)
(1.39187 -0.00299585 0)
(1.39582 -0.00787356 0)
(1.40017 -0.0143953 0)
(1.40477 -0.0225521 0)
(1.40947 -0.0323142 0)
(1.41416 -0.0436304 0)
(1.41872 -0.0564312 0)
(1.42305 -0.0706314 0)
(1.42709 -0.0861353 0)
(1.43081 -0.102843 0)
(1.43418 -0.120659 0)
(1.43717 -0.13949 0)
(1.43973 -0.159246 0)
(1.44167 -0.179817 0)
(1.4426 -0.20104 0)
(1.44178 -0.222647 0)
(1.43806 -0.244191 0)
(1.42973 -0.264977 0)
(1.41466 -0.284034 0)
(1.39055 -0.300142 0)
(1.35532 -0.311851 0)
(1.30755 -0.317444 0)
(1.24694 -0.315097 0)
(1.17494 -0.303354 0)
(1.09489 -0.281275 0)
(1.01054 -0.24798 0)
(0.923842 -0.202677 0)
(0.833868 -0.144782 0)
(0.735093 -0.0720123 0)
(0.616202 0.0192795 0)
(0.471877 0.114524 0)
(0.331008 0.141555 0)
(0.237469 0.0175122 0)
(0.171421 -0.217076 0)
(0.0994652 -0.451903 0)
(0.0290586 -0.615604 0)
(-0.0301091 -0.689964 0)
(-0.0831173 -0.698874 0)
(-0.136159 -0.670348 0)
(-0.189961 -0.620587 0)
(-0.241876 -0.557312 0)
(-0.289379 -0.484736 0)
(-0.331006 -0.406468 0)
(-0.3661 -0.32555 0)
(-0.39435 -0.244417 0)
(-0.41538 -0.164531 0)
(-0.429335 -0.086766 0)
(-0.435386 -0.0118466 0)
(-0.433344 0.059686 0)
(-0.422532 0.126974 0)
(-0.402759 0.189026 0)
(-0.374431 0.244969 0)
(-0.338219 0.294046 0)
(-0.294955 0.335638 0)
(-0.245579 0.369241 0)
(-0.191143 0.394574 0)
(-0.132705 0.411582 0)
(-0.071577 0.420191 0)
(-0.00927256 0.420559 0)
(0.0528482 0.413186 0)
(0.113689 0.399287 0)
(0.17232 0.380084 0)
(0.228026 0.35693 0)
(0.280342 0.331125 0)
(0.329033 0.303832 0)
(0.374058 0.276022 0)
(0.415517 0.248455 0)
(0.453607 0.221685 0)
(0.488582 0.196086 0)
(0.520718 0.171878 0)
(0.550293 0.149166 0)
(0.577566 0.127961 0)
(0.602767 0.108212 0)
(0.626085 0.0898272 0)
(0.647677 0.0726842 0)
(0.667665 0.0566388 0)
(0.68616 0.0415197 0)
(0.703254 0.0271277 0)
(0.718988 0.0132665 0)
(0.733217 -0.000168108 0)
(0.745537 -0.0131327 0)
(0.755422 -0.0254841 0)
(0.762321 -0.0370124 0)
(0.765806 -0.0474979 0)
(0.765707 -0.0567651 0)
(0.762181 -0.064711 0)
(0.755689 -0.0712903 0)
(0.746899 -0.076462 0)
(0.736532 -0.0801272 0)
(0.725221 -0.0820916 0)
(0.713431 -0.0820753 0)
(0.701434 -0.0797662 0)
(0.689352 -0.0748894 0)
(0.677214 -0.0672641 0)
(0.66501 -0.0568258 0)
(0.652727 -0.0436214 0)
(0.640345 -0.0277668 0)
(0.627813 -0.00942805 0)
(0.61507 0.011163 0)
(0.602049 0.0336964 0)
(0.588764 0.0577764 0)
(0.57534 0.0828074 0)
(0.562244 0.107663 0)
(0.550365 0.130218 0)
(0.540835 0.147014 0)
(0.534453 0.153514 0)
(0.53081 0.145236 0)
(0.527573 0.119427 0)
(0.520502 0.0762382 0)
(0.504237 0.0183722 0)
(0.473813 -0.0505662 0)
(0.426948 -0.12667 0)
(0.364885 -0.205781 0)
(0.292649 -0.282307 0)
(0.217928 -0.34886 0)
(0.148604 -0.397684 0)
(0.0894409 -0.424137 0)
(0.0403193 -0.429194 0)
(-0.00220811 -0.418421 0)
(-0.0419218 -0.398888 0)
(-0.0802936 -0.374655 0)
(-0.117628 -0.347642 0)
(-0.153492 -0.318705 0)
(-0.187207 -0.288267 0)
(-0.218113 -0.256654 0)
(-0.245673 -0.22419 0)
(-0.269483 -0.191201 0)
(-0.289254 -0.157999 0)
(-0.304778 -0.124856 0)
(-0.315958 -0.0920083 0)
(-0.322707 -0.0596737 0)
(-0.325126 -0.02807 0)
(-0.323263 0.0027693 0)
(-0.31731 0.0327514 0)
(-0.307592 0.0619909 0)
(-0.295089 0.0904364 0)
(-0.279439 0.117199 0)
(1.55011 -0.0145248 0)
(1.5529 -0.0156182 0)
(1.55556 -0.0170235 0)
(1.55804 -0.0187804 0)
(1.56027 -0.0209428 0)
(1.5622 -0.023545 0)
(1.56376 -0.0265998 0)
(1.56487 -0.0301044 0)
(1.56545 -0.0340391 0)
(1.56542 -0.0383641 0)
(1.5647 -0.0430191 0)
(1.56324 -0.0479241 0)
(1.56097 -0.0529816 0)
(1.55788 -0.0580777 0)
(1.55394 -0.0630858 0)
(1.5492 -0.0678706 0)
(1.54367 -0.0722929 0)
(1.53742 -0.0762147 0)
(1.53053 -0.0795042 0)
(1.5231 -0.0820407 0)
(1.51522 -0.0837193 0)
(1.50699 -0.0844551 0)
(1.49852 -0.0841869 0)
(1.4899 -0.0828808 0)
(1.4812 -0.0805328 0)
(1.47252 -0.0771708 0)
(1.46392 -0.0728557 0)
(1.45547 -0.0676808 0)
(1.44725 -0.0617703 0)
(1.43933 -0.0552751 0)
(1.43179 -0.0483681 0)
(1.42471 -0.0412372 0)
(1.41818 -0.0340788 0)
(1.41228 -0.0270926 0)
(1.40708 -0.0204787 0)
(1.40264 -0.0144334 0)
(1.39901 -0.00914258 0)
(1.39623 -0.00477803 0)
(1.39433 -0.00149799 0)
(1.39331 0.000557283 0)
(1.39315 0.00127613 0)
(1.3938 0.000579156 0)
(1.39521 -0.00159569 0)
(1.3973 -0.00528888 0)
(1.39996 -0.010523 0)
(1.40308 -0.0173065 0)
(1.40654 -0.0256315 0)
(1.41022 -0.0354741 0)
(1.41402 -0.0467948 0)
(1.41782 -0.0595382 0)
(1.42152 -0.0736341 0)
(1.42499 -0.0889973 0)
(1.42806 -0.105526 0)
(1.43048 -0.123094 0)
(1.43186 -0.14154 0)
(1.43164 -0.160645 0)
(1.42898 -0.180101 0)
(1.42276 -0.199472 0)
(1.4115 -0.218159 0)
(1.39343 -0.235378 0)
(1.36656 -0.25019 0)
(1.32902 -0.261623 0)
(1.27944 -0.268796 0)
(1.2173 -0.270898 0)
(1.1433 -0.267143 0)
(1.06002 -0.25705 0)
(0.972448 -0.240627 0)
(0.886771 -0.217461 0)
(0.807055 -0.185409 0)
(0.733237 -0.140839 0)
(0.660919 -0.0794675 0)
(0.58059 0.00371265 0)
(0.48164 0.109406 0)
(0.368699 0.205027 0)
(0.27596 0.209478 0)
(0.221219 0.0670998 0)
(0.157722 -0.163657 0)
(0.0630936 -0.393546 0)
(-0.037046 -0.560677 0)
(-0.119314 -0.642326 0)
(-0.186073 -0.655813 0)
(-0.246775 -0.628192 0)
(-0.306631 -0.579021 0)
(-0.365027 -0.517962 0)
(-0.419243 -0.449328 0)
(-0.467059 -0.376062 0)
(-0.507193 -0.300701 0)
(-0.538989 -0.225313 0)
(-0.561883 -0.151324 0)
(-0.575856 -0.0797518 0)
(-0.580414 -0.0113655 0)
(-0.575471 0.0533636 0)
(-0.560805 0.113781 0)
(-0.536489 0.16917 0)
(-0.503021 0.218859 0)
(-0.461146 0.262245 0)
(-0.411793 0.29883 0)
(-0.35603 0.328228 0)
(-0.29504 0.350187 0)
(-0.230096 0.364627 0)
(-0.162553 0.371645 0)
(-0.0937708 0.371735 0)
(-0.0252883 0.365271 0)
(0.0415232 0.352737 0)
(0.105876 0.335552 0)
(0.167042 0.314863 0)
(0.224532 0.291788 0)
(0.27809 0.267331 0)
(0.327657 0.242337 0)
(0.373317 0.217477 0)
(0.415257 0.193246 0)
(0.453724 0.169985 0)
(0.488995 0.147908 0)
(0.521344 0.127125 0)
(0.551022 0.107667 0)
(0.578245 0.0895137 0)
(0.603188 0.0725985 0)
(0.625979 0.0568231 0)
(0.6467 0.0420589 0)
(0.66537 0.0281573 0)
(0.681898 0.0149869 0)
(0.695996 0.00251344 0)
(0.707114 -0.00915479 0)
(0.714751 -0.0199034 0)
(0.7185 -0.0296244 0)
(0.718183 -0.0382582 0)
(0.713925 -0.0458203 0)
(0.706167 -0.0524018 0)
(0.695606 -0.0581288 0)
(0.683066 -0.0630887 0)
(0.669346 -0.067251 0)
(0.6551 -0.0704207 0)
(0.640777 -0.0722485 0)
(0.626639 -0.0722975 0)
(0.612815 -0.0701369 0)
(0.599372 -0.0654254 0)
(0.586359 -0.0579605 0)
(0.573832 -0.0476753 0)
(0.561862 -0.0346235 0)
(0.55054 -0.0189286 0)
(0.539917 -0.000751415 0)
(0.530093 0.0196498 0)
(0.521215 0.041945 0)
(0.513475 0.0656548 0)
(0.507229 0.0899956 0)
(0.503109 0.113582 0)
(0.501989 0.134124 0)
(0.504682 0.14834 0)
(0.511328 0.152427 0)
(0.520665 0.143148 0)
(0.529631 0.119161 0)
(0.533593 0.081614 0)
(0.527092 0.0332804 0)
(0.504672 -0.0233335 0)
(0.462974 -0.0863588 0)
(0.401606 -0.154317 0)
(0.324121 -0.224301 0)
(0.237992 -0.290576 0)
(0.153043 -0.344857 0)
(0.0777856 -0.379639 0)
(0.0156517 -0.392133 0)
(-0.0354446 -0.385841 0)
(-0.0804695 -0.368663 0)
(-0.122219 -0.345646 0)
(-0.162106 -0.31966 0)
(-0.200299 -0.292071 0)
(-0.23633 -0.263471 0)
(-0.269543 -0.234163 0)
(-0.299329 -0.204383 0)
(-0.325206 -0.174358 0)
(-0.346825 -0.144315 0)
(-0.363937 -0.114456 0)
(-0.376411 -0.084955 0)
(-0.384173 -0.0559392 0)
(-0.387345 -0.027568 0)
(-0.385995 3.81804e-05 0)
(-0.380327 0.0270571 0)
(-0.37074 0.0536282 0)
(-0.358082 0.0796309 0)
(-0.342009 0.103868 0)
(1.55236 -0.0160991 0)
(1.55498 -0.0171303 0)
(1.55744 -0.0184482 0)
(1.55969 -0.0200964 0)
(1.56167 -0.022111 0)
(1.56335 -0.0245034 0)
(1.56467 -0.0272791 0)
(1.56557 -0.0304405 0)
(1.56601 -0.0339749 0)
(1.56591 -0.0378493 0)
(1.56524 -0.0420115 0)
(1.56395 -0.0463929 0)
(1.56203 -0.0509092 0)
(1.55946 -0.0554616 0)
(1.55625 -0.059939 0)
(1.55244 -0.0642214 0)
(1.54804 -0.0681832 0)
(1.54311 -0.0716967 0)
(1.53769 -0.074637 0)
(1.53183 -0.0768856 0)
(1.52557 -0.078336 0)
(1.51893 -0.0788985 0)
(1.51197 -0.0785054 0)
(1.50471 -0.0771162 0)
(1.49718 -0.0747217 0)
(1.48943 -0.0713474 0)
(1.48152 -0.067055 0)
(1.47351 -0.0619417 0)
(1.46549 -0.0561379 0)
(1.45755 -0.0498016 0)
(1.44981 -0.0431124 0)
(1.44238 -0.0362621 0)
(1.43536 -0.0294462 0)
(1.42885 -0.0228606 0)
(1.42295 -0.0167 0)
(1.41772 -0.0111534 0)
(1.4132 -0.00639944 0)
(1.40946 -0.00260553 0)
(1.40651 7.9267e-05 0)
(1.40437 0.00153255 0)
(1.40299 0.00166191 0)
(1.40236 0.000400987 0)
(1.40244 -0.00230429 0)
(1.40315 -0.00647153 0)
(1.40439 -0.0121062 0)
(1.40603 -0.0192118 0)
(1.40792 -0.0277759 0)
(1.40992 -0.0377698 0)
(1.41183 -0.0491468 0)
(1.41342 -0.0618362 0)
(1.41439 -0.0757374 0)
(1.41436 -0.0907108 0)
(1.41284 -0.106569 0)
(1.40915 -0.123065 0)
(1.40247 -0.139882 0)
(1.39179 -0.156612 0)
(1.37588 -0.172746 0)
(1.35337 -0.187651 0)
(1.3228 -0.200571 0)
(1.28272 -0.210674 0)
(1.23195 -0.217175 0)
(1.16979 -0.219529 0)
(1.09637 -0.217532 0)
(1.01285 -0.211277 0)
(0.921957 -0.20131 0)
(0.829081 -0.188965 0)
(0.74192 -0.175414 0)
(0.666679 -0.15902 0)
(0.604062 -0.134082 0)
(0.550094 -0.0929571 0)
(0.497902 -0.028439 0)
(0.438527 0.0645732 0)
(0.36709 0.17678 0)
(0.29925 0.262378 0)
(0.262035 0.24657 0)
(0.246574 0.106408 0)
(0.192927 -0.101006 0)
(0.0810298 -0.312779 0)
(-0.0556293 -0.482944 0)
(-0.173532 -0.57884 0)
(-0.264306 -0.603704 0)
(-0.337714 -0.580837 0)
(-0.404373 -0.533129 0)
(-0.468368 -0.474002 0)
(-0.528589 -0.40921 0)
(-0.582472 -0.341405 0)
(-0.627932 -0.27247 0)
(-0.663734 -0.204007 0)
(-0.689064 -0.137211 0)
(-0.703744 -0.0730301 0)
(-0.707506 -0.0122488 0)
(-0.700398 0.0448223 0)
(-0.682544 0.0977034 0)
(-0.654276 0.145891 0)
(-0.61626 0.188892 0)
(-0.569379 0.226256 0)
(-0.514691 0.257601 0)
(-0.453392 0.282629 0)
(-0.386801 0.301165 0)
(-0.316325 0.3132 0)
(-0.243427 0.318858 0)
(-0.169569 0.318526 0)
(-0.0960017 0.312825 0)
(-0.0240863 0.302217 0)
(0.0449599 0.287221 0)
(0.110667 0.269173 0)
(0.172496 0.249016 0)
(0.230168 0.227597 0)
(0.283598 0.205638 0)
(0.332843 0.183715 0)
(0.378067 0.162262 0)
(0.419495 0.141588 0)
(0.457374 0.121899 0)
(0.491945 0.103315 0)
(0.523415 0.0858931 0)
(0.551943 0.0696399 0)
(0.577623 0.0545255 0)
(0.600471 0.0404948 0)
(0.620403 0.0274863 0)
(0.637206 0.0154656 0)
(0.650521 0.00446999 0)
(0.659842 -0.00538209 0)
(0.664881 -0.0140546 0)
(0.665527 -0.0215738 0)
(0.661926 -0.0280452 0)
(0.654484 -0.0336511 0)
(0.643843 -0.0386333 0)
(0.630784 -0.0432411 0)
(0.616112 -0.0476533 0)
(0.600528 -0.0518974 0)
(0.584554 -0.0558037 0)
(0.568524 -0.0590134 0)
(0.552635 -0.0610424 0)
(0.537025 -0.061375 0)
(0.521835 -0.0595538 0)
(0.507241 -0.0552423 0)
(0.493448 -0.0482517 0)
(0.48069 -0.0385383 0)
(0.46917 -0.0261445 0)
(0.459121 -0.0112133 0)
(0.450792 0.00605609 0)
(0.444418 0.0253895 0)
(0.440323 0.0464152 0)
(0.438876 0.0685612 0)
(0.440597 0.0908882 0)
(0.446153 0.111873 0)
(0.456223 0.129263 0)
(0.471132 0.140189 0)
(0.490315 0.141721 0)
(0.511813 0.131836 0)
(0.532139 0.110326 0)
(0.546661 0.0789797 0)
(0.550381 0.0407218 0)
(0.538278 -0.00232113 0)
(0.506052 -0.0499926 0)
(0.45149 -0.103049 0)
(0.375527 -0.161543 0)
(0.283353 -0.222558 0)
(0.184481 -0.279166 0)
(0.0901693 -0.322396 0)
(0.00928803 -0.3451 0)
(-0.0560589 -0.34688 0)
(-0.110533 -0.334605 0)
(-0.158028 -0.314278 0)
(-0.201397 -0.289935 0)
(-0.241998 -0.263848 0)
(-0.280061 -0.23708 0)
(-0.315223 -0.210078 0)
(-0.346923 -0.183042 0)
(-0.37463 -0.156104 0)
(-0.397927 -0.129388 0)
(-0.416509 -0.103008 0)
(-0.430211 -0.077059 0)
(-0.438968 -0.0515909 0)
(-0.44293 -0.0266638 0)
(-0.442196 -0.00232109 0)
(-0.436874 0.02159 0)
(-0.427245 0.0452337 0)
(-0.414183 0.0685093 0)
(-0.397719 0.0901538 0)
(1.55645 -0.0187347 0)
(1.55912 -0.0195191 0)
(1.56165 -0.0205294 0)
(1.56398 -0.0219065 0)
(1.5661 -0.023693 0)
(1.56797 -0.0258604 0)
(1.56956 -0.0283849 0)
(1.57081 -0.0312578 0)
(1.57167 -0.0344644 0)
(1.57211 -0.0379752 0)
(1.57208 -0.0417457 0)
(1.57153 -0.0457173 0)
(1.57043 -0.0498159 0)
(1.56874 -0.053952 0)
(1.56643 -0.0580221 0)
(1.56345 -0.0619105 0)
(1.55977 -0.0654929 0)
(1.55538 -0.0686406 0)
(1.55022 -0.0712249 0)
(1.5443 -0.0731238 0)
(1.53758 -0.0742281 0)
(1.5301 -0.0744481 0)
(1.52187 -0.0737202 0)
(1.51296 -0.0720118 0)
(1.50345 -0.069326 0)
(1.49348 -0.0657032 0)
(1.48318 -0.061221 0)
(1.47273 -0.0559921 0)
(1.46231 -0.0501595 0)
(1.45211 -0.0438904 0)
(1.4423 -0.0373683 0)
(1.43306 -0.0307826 0)
(1.42453 -0.0243181 0)
(1.41681 -0.0181543 0)
(1.40995 -0.0124675 0)
(1.40399 -0.00743037 0)
(1.39891 -0.0032075 0)
(1.3947 4.5065e-05 0)
(1.39128 0.00219249 0)
(1.38859 0.00312806 0)
(1.38657 0.00276489 0)
(1.3851 0.00103912 0)
(1.38407 -0.00206281 0)
(1.38334 -0.00654806 0)
(1.38271 -0.0124055 0)
(1.38195 -0.0196127 0)
(1.38081 -0.0281379 0)
(1.37899 -0.0379255 0)
(1.37615 -0.0488872 0)
(1.37184 -0.0608931 0)
(1.36556 -0.0737638 0)
(1.35671 -0.0872641 0)
(1.34456 -0.101098 0)
(1.3283 -0.114905 0)
(1.30702 -0.128255 0)
(1.27969 -0.140645 0)
(1.24527 -0.1515 0)
(1.20279 -0.160186 0)
(1.15144 -0.166034 0)
(1.0908 -0.168438 0)
(1.02093 -0.167007 0)
(0.942496 -0.161738 0)
(0.856813 -0.15308 0)
(0.766176 -0.142192 0)
(0.675057 -0.131535 0)
(0.590892 -0.124362 0)
(0.520961 -0.121162 0)
(0.46674 -0.11602 0)
(0.423804 -0.0986187 0)
(0.38677 -0.0590916 0)
(0.350712 0.00936093 0)
(0.311846 0.106778 0)
(0.276014 0.213874 0)
(0.261672 0.28098 0)
(0.280028 0.2529 0)
(0.302274 0.130323 0)
(0.27208 -0.0362414 0)
(0.16329 -0.211201 0)
(-0.00421241 -0.374127 0)
(-0.170753 -0.48663 0)
(-0.302902 -0.532993 0)
(-0.402353 -0.524311 0)
(-0.481875 -0.482904 0)
(-0.552085 -0.426711 0)
(-0.616875 -0.365309 0)
(-0.675504 -0.302742 0)
(-0.725678 -0.24066 0)
(-0.765428 -0.180037 0)
(-0.793489 -0.121604 0)
(-0.809441 -0.0660115 0)
(-0.81312 -0.0138454 0)
(-0.80466 0.0347101 0)
(-0.784487 0.0793909 0)
(-0.753168 0.119859 0)
(-0.711553 0.155776 0)
(-0.660679 0.186828 0)
(-0.601746 0.212746 0)
(-0.536084 0.233328 0)
(-0.465127 0.24847 0)
(-0.390371 0.258185 0)
(-0.313337 0.262617 0)
(-0.2355 0.262098 0)
(-0.158236 0.257101 0)
(-0.0826316 0.2482 0)
(-0.00977445 0.235818 0)
(0.0594072 0.220541 0)
(0.124652 0.203422 0)
(0.185592 0.18519 0)
(0.242093 0.166435 0)
(0.29416 0.147644 0)
(0.341896 0.129191 0)
(0.385455 0.111357 0)
(0.425001 0.0943421 0)
(0.460673 0.0782882 0)
(0.492558 0.0632887 0)
(0.52067 0.0494042 0)
(0.544947 0.0366763 0)
(0.565243 0.0251422 0)
(0.581348 0.0148472 0)
(0.593031 0.005849 0)
(0.600098 -0.00180346 0)
(0.60261 -0.00817687 0)
(0.60083 -0.0134289 0)
(0.595202 -0.0177837 0)
(0.586314 -0.0215206 0)
(0.574846 -0.0249495 0)
(0.561485 -0.0283626 0)
(0.54684 -0.0319693 0)
(0.53137 -0.0358308 0)
(0.515362 -0.0398224 0)
(0.498973 -0.0436403 0)
(0.482301 -0.0468487 0)
(0.465469 -0.0489522 0)
(0.448684 -0.0494728 0)
(0.432252 -0.048006 0)
(0.41657 -0.0442697 0)
(0.402049 -0.038091 0)
(0.38914 -0.0294109 0)
(0.378237 -0.0182663 0)
(0.369756 -0.00485343 0)
(0.364112 0.0106404 0)
(0.361683 0.0279253 0)
(0.362913 0.0465749 0)
(0.368288 0.0659442 0)
(0.378359 0.085021 0)
(0.393656 0.102301 0)
(0.414487 0.115765 0)
(0.4406 0.123101 0)
(0.470774 0.122259 0)
(0.502562 0.112231 0)
(0.532388 0.0936536 0)
(0.556023 0.0687388 0)
(0.56918 0.0403089 0)
(0.567827 0.0103185 0)
(0.547918 -0.0216343 0)
(0.506096 -0.0576519 0)
(0.440596 -0.100203 0)
(0.352764 -0.149582 0)
(0.248627 -0.201886 0)
(0.138743 -0.249242 0)
(0.035137 -0.282809 0)
(-0.0519035 -0.295975 0)
(-0.123185 -0.292637 0)
(-0.182369 -0.278232 0)
(-0.233055 -0.257571 0)
(-0.277999 -0.233993 0)
(-0.318727 -0.20941 0)
(-0.355772 -0.184765 0)
(-0.389057 -0.160459 0)
(-0.418241 -0.136632 0)
(-0.442933 -0.113322 0)
(-0.462798 -0.0905387 0)
(-0.477623 -0.0682798 0)
(-0.48734 -0.0465008 0)
(-0.492093 -0.0251657 0)
(-0.49197 -0.00427764 0)
(-0.486879 0.0162499 0)
(-0.476896 0.0366085 0)
(-0.463131 0.0569352 0)
(-0.446325 0.076225 0)
(1.56921 -0.0202457 0)
(1.57246 -0.0212149 0)
(1.57538 -0.0221427 0)
(1.57793 -0.0233047 0)
(1.58015 -0.0248366 0)
(1.58204 -0.0267528 0)
(1.58352 -0.0290392 0)
(1.58448 -0.0316755 0)
(1.58481 -0.0346302 0)
(1.58443 -0.0378596 0)
(1.58323 -0.041309 0)
(1.58109 -0.0449109 0)
(1.57791 -0.0485842 0)
(1.57359 -0.0522343 0)
(1.56804 -0.0557549 0)
(1.56117 -0.059031 0)
(1.55293 -0.0619424 0)
(1.54329 -0.0643686 0)
(1.53225 -0.0661948 0)
(1.51985 -0.0673181 0)
(1.50619 -0.0676536 0)
(1.49139 -0.0671405 0)
(1.47564 -0.0657462 0)
(1.45917 -0.0634703 0)
(1.44224 -0.0603449 0)
(1.42515 -0.056435 0)
(1.40821 -0.0518353 0)
(1.39171 -0.0466665 0)
(1.37595 -0.0410699 0)
(1.3612 -0.0352022 0)
(1.34766 -0.0292287 0)
(1.33552 -0.0233106 0)
(1.3249 -0.017594 0)
(1.31583 -0.0122213 0)
(1.30829 -0.00733109 0)
(1.30219 -0.00306765 0)
(1.29736 0.000427995 0)
(1.29362 0.00302598 0)
(1.29078 0.00460992 0)
(1.28863 0.00507329 0)
(1.28694 0.00433821 0)
(1.28551 0.00236901 0)
(1.28403 -0.000818958 0)
(1.2822 -0.00522511 0)
(1.27965 -0.0108185 0)
(1.27601 -0.0175403 0)
(1.27088 -0.0253136 0)
(1.26383 -0.0340375 0)
(1.25439 -0.0435757 0)
(1.2421 -0.0537497 0)
(1.2264 -0.0643312 0)
(1.20673 -0.0750354 0)
(1.18243 -0.0855155 0)
(1.1528 -0.0953618 0)
(1.11713 -0.104109 0)
(1.07472 -0.111261 0)
(1.02507 -0.116325 0)
(0.967985 -0.11885 0)
(0.90372 -0.118468 0)
(0.833095 -0.114949 0)
(0.757425 -0.108291 0)
(0.678333 -0.0988442 0)
(0.597694 -0.0876453 0)
(0.518389 -0.0773135 0)
(0.445663 -0.0724627 0)
(0.385497 -0.0763664 0)
(0.338928 -0.0850839 0)
(0.301257 -0.0876404 0)
(0.268473 -0.0727214 0)
(0.239668 -0.0325909 0)
(0.216139 0.0359133 0)
(0.202202 0.12631 0)
(0.208621 0.214958 0)
(0.247505 0.25892 0)
(0.313264 0.225575 0)
(0.369857 0.130083 0)
(0.372676 0.0133682 0)
(0.29385 -0.107436 0)
(0.130506 -0.236296 0)
(-0.0783674 -0.354527 0)
(-0.268595 -0.426418 0)
(-0.417096 -0.444082 0)
(-0.528202 -0.420739 0)
(-0.614365 -0.374572 0)
(-0.686019 -0.319047 0)
(-0.748176 -0.261915 0)
(-0.801287 -0.206529 0)
(-0.843855 -0.15402 0)
(-0.874277 -0.104667 0)
(-0.891648 -0.0585777 0)
(-0.895774 -0.0159286 0)
(-0.886765 0.0233191 0)
(-0.865212 0.0592141 0)
(-0.831904 0.0915308 0)
(-0.787849 0.120059 0)
(-0.734222 0.14461 0)
(-0.67235 0.165016 0)
(-0.603668 0.181154 0)
(-0.529696 0.192966 0)
(-0.451994 0.20048 0)
(-0.372115 0.20382 0)
(-0.291546 0.203232 0)
(-0.211652 0.199087 0)
(-0.133571 0.191849 0)
(-0.0582097 0.18195 0)
(0.013486 0.169704 0)
(0.0810201 0.155696 0)
(0.144162 0.14075 0)
(0.202595 0.125353 0)
(0.256198 0.109902 0)
(0.304927 0.0947249 0)
(0.348781 0.0800868 0)
(0.387768 0.066206 0)
(0.421878 0.0532646 0)
(0.451078 0.0414136 0)
(0.47533 0.0307749 0)
(0.494609 0.0214381 0)
(0.508951 0.0134534 0)
(0.518486 0.00681977 0)
(0.52348 0.00147254 0)
(0.524362 -0.00273572 0)
(0.521689 -0.00603179 0)
(0.516046 -0.00867162 0)
(0.508023 -0.0109293 0)
(0.498159 -0.0130832 0)
(0.486898 -0.0153862 0)
(0.474552 -0.0180237 0)
(0.461287 -0.0210734 0)
(0.447151 -0.0244763 0)
(0.432134 -0.0280346 0)
(0.416239 -0.0314356 0)
(0.399562 -0.0342926 0)
(0.382323 -0.036194 0)
(0.364886 -0.0367541 0)
(0.347738 -0.0356593 0)
(0.331458 -0.032671 0)
(0.316683 -0.0276207 0)
(0.304053 -0.0204391 0)
(0.294125 -0.0112189 0)
(0.287571 -0.000105079 0)
(0.284971 0.0127079 0)
(0.286781 0.0269305 0)
(0.293525 0.0421175 0)
(0.305717 0.0576132 0)
(0.323796 0.0724498 0)
(0.348009 0.0852921 0)
(0.378202 0.0944946 0)
(0.413537 0.0983618 0)
(0.452246 0.0956366 0)
(0.491563 0.0860729 0)
(0.527987 0.0707829 0)
(0.557823 0.052048 0)
(0.577744 0.0325049 0)
(0.585007 0.0139251 0)
(0.577076 -0.00400724 0)
(0.551004 -0.0236908 0)
(0.503765 -0.0486356 0)
(0.433158 -0.0814679 0)
(0.339708 -0.121644 0)
(0.228676 -0.164428 0)
(0.110157 -0.20226 0)
(-0.00191094 -0.22669 0)
(-0.0981148 -0.23512 0)
(-0.178397 -0.230858 0)
(-0.245076 -0.217878 0)
(-0.300979 -0.199859 0)
(-0.348638 -0.179395 0)
(-0.389864 -0.158129 0)
(-0.425685 -0.136991 0)
(-0.456521 -0.11642 0)
(-0.482438 -0.0965694 0)
(-0.503333 -0.0774454 0)
(-0.51907 -0.0589853 0)
(-0.529593 -0.0410497 0)
(-0.535004 -0.0234818 0)
(-0.53534 -0.00620929 0)
(-0.530261 0.0107761 0)
(-0.5196 0.0276137 0)
(-0.50481 0.0448219 0)
(-0.487664 0.0621283 0)
(1.58123 -0.0230359 0)
(1.58118 -0.0240926 0)
(1.58013 -0.0252246 0)
(1.57797 -0.0264091 0)
(1.57481 -0.0276785 0)
(1.57072 -0.0291042 0)
(1.56562 -0.0307395 0)
(1.55939 -0.0325945 0)
(1.55196 -0.0346506 0)
(1.54319 -0.0368764 0)
(1.53301 -0.0392298 0)
(1.5213 -0.0416551 0)
(1.50798 -0.0440833 0)
(1.493 -0.046434 0)
(1.47633 -0.0486186 0)
(1.45797 -0.0505436 0)
(1.43796 -0.0521149 0)
(1.41639 -0.0532429 0)
(1.39342 -0.0538476 0)
(1.36923 -0.053864 0)
(1.34409 -0.0532464 0)
(1.31829 -0.0519722 0)
(1.29218 -0.0500431 0)
(1.26612 -0.0474863 0)
(1.24052 -0.0443526 0)
(1.21576 -0.0407141 0)
(1.19222 -0.036661 0)
(1.17023 -0.0322971 0)
(1.15009 -0.0277347 0)
(1.13204 -0.0230941 0)
(1.11625 -0.018501 0)
(1.10282 -0.014066 0)
(1.09179 -0.00986513 0)
(1.08313 -0.00597373 0)
(1.07665 -0.00244869 0)
(1.07209 0.000619437 0)
(1.06918 0.00310125 0)
(1.06762 0.00489036 0)
(1.06703 0.00588879 0)
(1.06699 0.00598067 0)
(1.06713 0.00507068 0)
(1.06706 0.00317941 0)
(1.06637 0.000387919 0)
(1.06453 -0.00325129 0)
(1.06115 -0.00772784 0)
(1.05578 -0.0130162 0)
(1.04801 -0.019056 0)
(1.03741 -0.0257499 0)
(1.02356 -0.0329547 0)
(1.00599 -0.04047 0)
(0.984175 -0.0480294 0)
(0.957593 -0.0552994 0)
(0.925707 -0.0618884 0)
(0.888056 -0.0673728 0)
(0.844351 -0.0713401 0)
(0.79459 -0.073448 0)
(0.739167 -0.0734817 0)
(0.678959 -0.0713842 0)
(0.615381 -0.0672327 0)
(0.550308 -0.0611582 0)
(0.485772 -0.0532855 0)
(0.423582 -0.0440229 0)
(0.365527 -0.0351384 0)
(0.313992 -0.030683 0)
(0.270784 -0.034873 0)
(0.234114 -0.0469029 0)
(0.199314 -0.0591735 0)
(0.164197 -0.0616531 0)
(0.131519 -0.0469028 0)
(0.107303 -0.0103643 0)
(0.0998893 0.0472528 0)
(0.115333 0.11781 0)
(0.1626 0.179445 0)
(0.244113 0.201123 0)
(0.342309 0.167988 0)
(0.423132 0.10027 0)
(0.456517 0.0308129 0)
(0.423714 -0.0319674 0)
(0.311409 -0.103795 0)
(0.119138 -0.194257 0)
(-0.112961 -0.276851 0)
(-0.325574 -0.321515 0)
(-0.496838 -0.326699 0)
(-0.627206 -0.303166 0)
(-0.724928 -0.263287 0)
(-0.799637 -0.217187 0)
(-0.85776 -0.17096 0)
(-0.90222 -0.127432 0)
(-0.933677 -0.0874658 0)
(-0.951804 -0.0511428 0)
(-0.956505 -0.0182671 0)
(-0.947672 0.0116271 0)
(-0.925596 0.0385658 0)
(-0.891326 0.0625611 0)
(-0.845973 0.083557 0)
(-0.790819 0.1015 0)
(-0.72729 0.116318 0)
(-0.656903 0.127951 0)
(-0.581235 0.13638 0)
(-0.501887 0.141638 0)
(-0.420441 0.14381 0)
(-0.338405 0.143062 0)
(-0.257146 0.139664 0)
(-0.177873 0.133948 0)
(-0.101486 0.126319 0)
(-0.0289006 0.117137 0)
(0.0389702 0.106422 0)
(0.102081 0.0949881 0)
(0.159854 0.0833144 0)
(0.211941 0.0717146 0)
(0.25814 0.0604816 0)
(0.298353 0.0498628 0)
(0.332587 0.0400731 0)
(0.360942 0.0312821 0)
(0.383627 0.0236022 0)
(0.400967 0.0170821 0)
(0.413401 0.0117051 0)
(0.421463 0.00739637 0)
(0.425752 0.0040345 0)
(0.426899 0.00146361 0)
(0.425507 -0.000499606 0)
(0.422109 -0.00203368 0)
(0.417141 -0.0033237 0)
(0.410925 -0.0045581 0)
(0.403653 -0.00591018 0)
(0.395386 -0.00751958 0)
(0.386075 -0.00947136 0)
(0.375596 -0.011776 0)
(0.363812 -0.014358 0)
(0.350642 -0.017058 0)
(0.336118 -0.019646 0)
(0.320422 -0.0218402 0)
(0.303908 -0.0233471 0)
(0.287064 -0.023894 0)
(0.270505 -0.0232383 0)
(0.254942 -0.0211685 0)
(0.241141 -0.0175925 0)
(0.229839 -0.0125216 0)
(0.22178 -0.00590661 0)
(0.217841 0.00231675 0)
(0.218644 0.0117084 0)
(0.224757 0.0220209 0)
(0.236738 0.0328927 0)
(0.255033 0.0437483 0)
(0.279868 0.0537786 0)
(0.311119 0.0619353 0)
(0.348116 0.0670283 0)
(0.389435 0.0679738 0)
(0.432794 0.0641763 0)
(0.475175 0.0559129 0)
(0.513246 0.0444839 0)
(0.544 0.0319353 0)
(0.565332 0.020368 0)
(0.576211 0.0110817 0)
(0.5762 0.00387294 0)
(0.564382 -0.00335362 0)
(0.538458 -0.013614 0)
(0.494862 -0.0298666 0)
(0.42972 -0.0534632 0)
(0.341282 -0.082993 0)
(0.232479 -0.114235 0)
(0.112254 -0.141193 0)
(-0.00625464 -0.158532 0)
(-0.112883 -0.164927 0)
(-0.205025 -0.162581 0)
(-0.282962 -0.153891 0)
(-0.347974 -0.141162 0)
(-0.401886 -0.126206 0)
(-0.446441 -0.110334 0)
(-0.483015 -0.094355 0)
(-0.512589 -0.0787023 0)
(-0.535802 -0.0635573 0)
(-0.553025 -0.0489454 0)
(-0.564496 -0.0347711 0)
(-0.570456 -0.0208876 0)
(-0.571076 -0.00725679 0)
(-0.566037 0.00591541 0)
(-0.554791 0.0185597 0)
(-0.538795 0.0318701 0)
(-0.520985 0.0474671 0)
(1.455 -0.0185102 0)
(1.44 -0.0168799 0)
(1.42477 -0.0165586 0)
(1.40915 -0.016991 0)
(1.3931 -0.0177256 0)
(1.37658 -0.0186492 0)
(1.35947 -0.0197509 0)
(1.34166 -0.0210007 0)
(1.32302 -0.0223548 0)
(1.3034 -0.0237729 0)
(1.28267 -0.0252164 0)
(1.26071 -0.0266416 0)
(1.23743 -0.0279987 0)
(1.21278 -0.0292331 0)
(1.18676 -0.0302885 0)
(1.15941 -0.0311091 0)
(1.13085 -0.0316431 0)
(1.10125 -0.0318456 0)
(1.07084 -0.0316824 0)
(1.03992 -0.0311321 0)
(1.00882 -0.0301878 0)
(0.977914 -0.0288583 0)
(0.947597 -0.027167 0)
(0.918262 -0.0251506 0)
(0.890289 -0.0228569 0)
(0.864029 -0.0203419 0)
(0.839785 -0.0176677 0)
(0.817806 -0.0149002 0)
(0.79828 -0.0121066 0)
(0.781325 -0.00935517 0)
(0.766997 -0.00672199 0)
(0.755298 -0.00430243 0)
(0.746232 -0.00215851 0)
(0.739873 -0.000232829 0)
(0.736049 0.00148644 0)
(0.734461 0.00295861 0)
(0.734676 0.00411683 0)
(0.736255 0.00489303 0)
(0.738724 0.0052286 0)
(0.741537 0.0050524 0)
(0.744082 0.00425608 0)
(0.745931 0.00273461 0)
(0.747191 0.000487818 0)
(0.747595 -0.00234388 0)
(0.746472 -0.00564489 0)
(0.743169 -0.00935509 0)
(0.737031 -0.0134061 0)
(0.72741 -0.0176879 0)
(0.71369 -0.0220451 0)
(0.695329 -0.026272 0)
(0.67191 -0.0301163 0)
(0.643209 -0.0332963 0)
(0.609263 -0.0355307 0)
(0.570425 -0.0365792 0)
(0.527397 -0.0362885 0)
(0.481221 -0.0346355 0)
(0.433221 -0.0317649 0)
(0.384943 -0.0279879 0)
(0.338121 -0.0236765 0)
(0.294598 -0.0190625 0)
(0.256104 -0.0142394 0)
(0.223908 -0.00971296 0)
(0.198304 -0.00707939 0)
(0.177514 -0.00859342 0)
(0.156806 -0.0153024 0)
(0.130343 -0.0252413 0)
(0.0956723 -0.0336569 0)
(0.0571276 -0.0341667 0)
(0.02453 -0.0230604 0)
(0.0076109 0.00245124 0)
(0.0164555 0.0386776 0)
(0.0573782 0.0813023 0)
(0.134151 0.113922 0)
(0.239871 0.118238 0)
(0.349892 0.0905538 0)
(0.434285 0.0484373 0)
(0.477602 0.014256 0)
(0.479593 -0.00475297 0)
(0.43675 -0.0224654 0)
(0.333251 -0.0579259 0)
(0.156803 -0.114351 0)
(-0.0695073 -0.166981 0)
(-0.293563 -0.193684 0)
(-0.489616 -0.195323 0)
(-0.648516 -0.178935 0)
(-0.770509 -0.152929 0)
(-0.85962 -0.12334 0)
(-0.921227 -0.0936733 0)
(-0.960595 -0.0656939 0)
(-0.981957 -0.0402473 0)
(-0.988459 -0.0176562 0)
(-0.982089 0.00206135 0)
(-0.962874 0.0191177 0)
(-0.930513 0.0339184 0)
(-0.886411 0.0467266 0)
(-0.832052 0.0575965 0)
(-0.769024 0.0665097 0)
(-0.698967 0.0734388 0)
(-0.623556 0.0783795 0)
(-0.544482 0.0813514 0)
(-0.463415 0.0823899 0)
(-0.381932 0.0815883 0)
(-0.301494 0.0791255 0)
(-0.223416 0.0752074 0)
(-0.148787 0.0701529 0)
(-0.0786506 0.0643203 0)
(-0.0140921 0.0576809 0)
(0.0442898 0.050519 0)
(0.0964707 0.0434028 0)
(0.142048 0.0366298 0)
(0.180987 0.030347 0)
(0.213486 0.0246445 0)
(0.239943 0.0195997 0)
(0.260886 0.0152478 0)
(0.27694 0.0115832 0)
(0.288778 0.00856703 0)
(0.297078 0.00613955 0)
(0.302493 0.00422896 0)
(0.305612 0.00275742 0)
(0.306952 0.00163934 0)
(0.306937 0.000779088 0)
(0.305896 9.34749e-05 0)
(0.304033 -0.000505465 0)
(0.301417 -0.00111033 0)
(0.298021 -0.0018049 0)
(0.293722 -0.00265604 0)
(0.288322 -0.00370394 0)
(0.281596 -0.00495422 0)
(0.27334 -0.00637462 0)
(0.263435 -0.00789024 0)
(0.2519 -0.00938036 0)
(0.23892 -0.0106933 0)
(0.224875 -0.0116663 0)
(0.210333 -0.0121159 0)
(0.196005 -0.0118547 0)
(0.18267 -0.010769 0)
(0.17116 -0.00880655 0)
(0.162386 -0.00593084 0)
(0.157234 -0.00211263 0)
(0.156307 0.00259399 0)
(0.160241 0.00796601 0)
(0.16981 0.0138125 0)
(0.185468 0.0198521 0)
(0.207434 0.025677 0)
(0.235583 0.0307499 0)
(0.269289 0.0344273 0)
(0.307266 0.0360586 0)
(0.347487 0.0351711 0)
(0.387287 0.0317015 0)
(0.423744 0.0261626 0)
(0.454303 0.0196068 0)
(0.477436 0.0133372 0)
(0.492995 0.00846622 0)
(0.502012 0.00549098 0)
(0.505908 0.00402713 0)
(0.50553 0.00287509 0)
(0.500171 0.000601496 0)
(0.486913 -0.00412601 0)
(0.460432 -0.0124295 0)
(0.415114 -0.0248657 0)
(0.347331 -0.0410086 0)
(0.257611 -0.0588464 0)
(0.151721 -0.075278 0)
(0.0389752 -0.0871523 0)
(-0.0700074 -0.0924058 0)
(-0.169979 -0.0923725 0)
(-0.258709 -0.0883886 0)
(-0.335378 -0.0817103 0)
(-0.400102 -0.073457 0)
(-0.453483 -0.0644051 0)
(-0.496372 -0.0550531 0)
(-0.529669 -0.0456946 0)
(-0.554185 -0.0364769 0)
(-0.570665 -0.0274216 0)
(-0.579922 -0.0184662 0)
(-0.582926 -0.00963785 0)
(-0.579945 -0.00124008 0)
(-0.569972 0.00678893 0)
(-0.552752 0.0167826 0)
(-0.53282 0.0327857 0)
(0.988777 -0.0101536 0)
(0.974113 -0.00858169 0)
(0.959345 -0.00676035 0)
(0.944842 -0.00570132 0)
(0.93012 -0.00519072 0)
(0.914662 -0.00505602 0)
(0.898186 -0.00519669 0)
(0.880556 -0.00552358 0)
(0.861669 -0.00595913 0)
(0.841454 -0.00644435 0)
(0.819885 -0.00693428 0)
(0.796988 -0.0073917 0)
(0.772845 -0.00778454 0)
(0.747585 -0.00808571 0)
(0.721389 -0.00827343 0)
(0.694484 -0.00833177 0)
(0.667142 -0.00825112 0)
(0.639667 -0.00802866 0)
(0.612388 -0.00766834 0)
(0.585647 -0.00718045 0)
(0.559786 -0.00658061 0)
(0.535132 -0.00588843 0)
(0.511989 -0.00512582 0)
(0.490628 -0.00431542 0)
(0.471275 -0.00347924 0)
(0.454113 -0.00263788 0)
(0.439272 -0.00181037 0)
(0.42683 -0.00101402 0)
(0.416813 -0.000264899 0)
(0.409189 0.000415762 0)
(0.403857 0.000985839 0)
(0.400632 0.00137837 0)
(0.399202 0.00157882 0)
(0.399195 0.00171908 0)
(0.400482 0.00181484 0)
(0.402934 0.00187601 0)
(0.406387 0.00190859 0)
(0.410619 0.0018975 0)
(0.415343 0.00183287 0)
(0.420211 0.0016819 0)
(0.42475 0.00130923 0)
(0.428205 0.000505691 0)
(0.429482 -0.00073898 0)
(0.427971 -0.00219816 0)
(0.423345 -0.00368133 0)
(0.415327 -0.00510772 0)
(0.403752 -0.00641581 0)
(0.388554 -0.00753246 0)
(0.369805 -0.00837678 0)
(0.347749 -0.00886827 0)
(0.322835 -0.00894172 0)
(0.29572 -0.00856558 0)
(0.267263 -0.00775731 0)
(0.238475 -0.00658891 0)
(0.210449 -0.00518176 0)
(0.184236 -0.00369832 0)
(0.160695 -0.00233075 0)
(0.14034 -0.00126035 0)
(0.123316 -0.000569538 0)
(0.109573 -0.00016861 0)
(0.0991202 0.000134536 0)
(0.0919744 0.000395412 0)
(0.087465 0.000323277 0)
(0.0833216 -0.000694539 0)
(0.0755123 -0.0032167 0)
(0.0596502 -0.00705766 0)
(0.0337529 -0.0111927 0)
(-0.000225699 -0.012988 0)
(-0.0311511 -0.0110048 0)
(-0.0451905 -0.00382096 0)
(-0.0317051 0.00677092 0)
(0.0164179 0.0199731 0)
(0.0982086 0.0286334 0)
(0.198483 0.0265297 0)
(0.289062 0.0149542 0)
(0.345273 0.00259824 0)
(0.365249 -0.00268915 0)
(0.365715 -0.000205315 0)
(0.360342 0.0040667 0)
(0.344518 0.00295647 0)
(0.301015 -0.00739074 0)
(0.211687 -0.0273587 0)
(0.0737704 -0.0509578 0)
(-0.0956128 -0.0657926 0)
(-0.268023 -0.069368 0)
(-0.428598 -0.0653515 0)
(-0.568078 -0.0570266 0)
(-0.681936 -0.046768 0)
(-0.768881 -0.0361382 0)
(-0.829416 -0.0260807 0)
(-0.865336 -0.0171715 0)
(-0.879038 -0.00972996 0)
(-0.874617 -0.00362148 0)
(-0.855452 0.00152817 0)
(-0.823422 0.00599939 0)
(-0.780399 0.00984949 0)
(-0.728202 0.0130772 0)
(-0.668645 0.0156711 0)
(-0.603548 0.0176243 0)
(-0.534741 0.0189328 0)
(-0.464026 0.0195984 0)
(-0.393109 0.0196523 0)
(-0.323553 0.0191614 0)
(-0.256715 0.0182121 0)
(-0.193708 0.0169319 0)
(-0.135525 0.0154209 0)
(-0.0827731 0.0137365 0)
(-0.0357989 0.0118842 0)
(0.00489918 0.0100165 0)
(0.0395667 0.00837287 0)
(0.0686472 0.00694845 0)
(0.0925411 0.00569624 0)
(0.111801 0.00460297 0)
(0.127006 0.00366082 0)
(0.138747 0.00286313 0)
(0.147594 0.00220282 0)
(0.154084 0.00167092 0)
(0.158701 0.00125576 0)
(0.161866 0.000942302 0)
(0.163932 0.000712854 0)
(0.165179 0.000550055 0)
(0.165802 0.000434623 0)
(0.165916 0.000347347 0)
(0.165579 0.000265161 0)
(0.164759 0.000164102 0)
(0.163355 2.25247e-05 0)
(0.161217 -0.000179257 0)
(0.158169 -0.000457439 0)
(0.15403 -0.000817559 0)
(0.148655 -0.00125441 0)
(0.141965 -0.00175563 0)
(0.133984 -0.00229228 0)
(0.124872 -0.0028078 0)
(0.114929 -0.00323638 0)
(0.104632 -0.00353933 0)
(0.0946125 -0.00365754 0)
(0.0856374 -0.00351131 0)
(0.0785441 -0.00303702 0)
(0.0741966 -0.00229882 0)
(0.0733647 -0.00137371 0)
(0.0767829 -0.000149637 0)
(0.0850524 0.00125697 0)
(0.098512 0.00273773 0)
(0.117176 0.00416683 0)
(0.140632 0.00538959 0)
(0.16794 0.00624033 0)
(0.197585 0.00657932 0)
(0.227563 0.00634378 0)
(0.255653 0.00559133 0)
(0.279855 0.00450707 0)
(0.298891 0.00336207 0)
(0.312535 0.00244017 0)
(0.321624 0.00195615 0)
(0.327674 0.00198325 0)
(0.332241 0.00242027 0)
(0.336282 0.0030804 0)
(0.339681 0.0037078 0)
(0.341065 0.00412327 0)
(0.33864 0.0038627 0)
(0.329904 0.00237192 0)
(0.311942 -0.000877196 0)
(0.282111 -0.00599517 0)
(0.238809 -0.0123203 0)
(0.182149 -0.0185196 0)
(0.114495 -0.0234596 0)
(0.0400333 -0.0266698 0)
(-0.0366698 -0.0280866 0)
(-0.111603 -0.0281054 0)
(-0.182321 -0.0271059 0)
(-0.247067 -0.0253742 0)
(-0.304773 -0.0231279 0)
(-0.354835 -0.0205136 0)
(-0.396852 -0.0176026 0)
(-0.430519 -0.0143823 0)
(-0.455786 -0.0107705 0)
(-0.472824 -0.00670898 0)
(-0.481078 -0.00220381 0)
(-0.47835 0.00309403 0)
(-0.463251 0.0107993 0)
(-0.443285 0.0227411 0)
(0.200701 0.0123181 3.35453e-18)
(0.221861 0.0180987 -3.07568e-18)
(0.237599 0.0217311 0)
(0.247159 0.023536 0)
(0.255248 0.0244763 4.73848e-18)
(0.260297 0.0245251 -4.3524e-18)
(0.256503 0.0229076 -3.96199e-18)
(0.236092 0.0209192 -3.49408e-18)
(0.190268 0.0192781 0)
(0.116402 0.0164439 -2.13514e-18)
(0.0262243 0.0109139 1.17124e-18)
(-0.0554029 0.00345797 6.85445e-19)
(-0.109425 -0.00335236 0)
(-0.128208 -0.00769395 -2.45186e-19)
(-0.112333 -0.0084092 0)
(-0.067597 -0.00616124 0)
(-0.00100846 -0.00116684 0)
(0.0781544 0.0060277 -1.13106e-20)
(0.161635 0.0143816 0)
(0.243261 0.0230377 0)
(0.321135 0.0312876 0)
(0.389891 0.0394161 -6.81417e-18)
(0.46372 0.0458657 5.28255e-18)
(0.503529 0.0561526 6.17019e-18)
(0.619792 0.0277216 1.80645e-18)
(0.336641 0.0189967 0)
(0.337468 0.0252017 1.15722e-20)
(0.342139 0.0287096 -2.64148e-18)
(0.348474 0.0303947 -4.8643e-18)
(0.358351 0.0330333 4.50262e-18)
(0.366758 0.0382502 1.2586e-20)
(0.359157 0.0447499 -3.74807e-18)
(0.316648 0.0514863 1.83986e-20)
(0.228193 0.0558596 0)
(0.107475 0.0522667 0)
(-0.00772765 0.0380924 -1.13041e-18)
(-0.0864853 0.0181397 -6.68198e-19)
(-0.123762 -0.000763128 0)
(-0.122478 -0.0151284 5.4283e-19)
(-0.087024 -0.0224779 4.42407e-19)
(-0.0223051 -0.0235839 -1.63645e-18)
(0.0617474 -0.018386 0)
(0.155669 -0.00892404 7.319e-18)
(0.252011 0.00283896 0)
(0.344178 0.0151169 -4.12616e-18)
(0.430066 0.0268593 3.82028e-18)
(0.504934 0.0370542 6.48364e-18)
(0.58203 0.0469823 -4.99986e-18)
(0.628934 0.0525373 2.5225e-20)
(0.739297 0.0716064 -1.69268e-18)
(0.456378 0.0368546 0)
(0.434427 0.0396241 5.45249e-18)
(0.41783 0.038231 2.5631e-18)
(0.407314 0.034337 4.77559e-18)
(0.407574 0.033704 -4.46185e-18)
(0.411139 0.04193 7.7113e-21)
(0.394027 0.0586896 3.67359e-18)
(0.332796 0.0778397 1.51664e-20)
(0.227174 0.090309 0)
(0.108566 0.086614 -1.79642e-18)
(0.0136892 0.0656683 0)
(-0.0454639 0.0369408 0)
(-0.0715587 0.00898129 0)
(-0.0650779 -0.013926 -2.99901e-19)
(-0.0268532 -0.0282383 -4.39644e-19)
(0.03926 -0.0336823 1.55751e-18)
(0.126046 -0.0309132 0)
(0.225422 -0.0217312 -4.50954e-21)
(0.330096 -0.00847241 0)
(0.433345 0.00658734 8.14248e-18)
(0.532401 0.0216718 -3.8485e-18)
(0.621633 0.0354718 -2.23834e-20)
(0.713155 0.0480426 0)
(0.774108 0.0579814 -3.14171e-18)
(0.903634 0.0674955 0)
(0.584325 0.0648668 0)
(0.539908 0.0640785 -1.508e-20)
(0.4993 0.0577588 0)
(0.463139 0.0463525 2.29116e-18)
(0.439887 0.0389473 0)
(0.428645 0.0475375 4.03687e-18)
(0.404943 0.0734597 0)
(0.341793 0.104619 5.97802e-18)
(0.244213 0.123969 0)
(0.146434 0.11904 1.67467e-18)
(0.0715749 0.0912614 0)
(0.021506 0.054336 0)
(-0.00180898 0.0181904 0)
(0.00531244 -0.0120751 -4.86604e-19)
(0.0427718 -0.0333922 0)
(0.106264 -0.0438878 0)
(0.189689 -0.0438864 0)
(0.286013 -0.0354212 -1.50272e-20)
(0.388707 -0.0214593 0)
(0.491811 -0.00475452 -3.92311e-18)
(0.593006 0.0124455 0)
(0.687006 0.0286317 -6.50945e-18)
(0.785145 0.0432323 0)
(0.855175 0.0552652 0)
(0.995658 0.0641876 0)
(0.720961 0.101609 0)
(0.660589 0.098562 -2.27383e-18)
(0.601118 0.0888942 0)
(0.541734 0.071174 -1.36509e-20)
(0.490305 0.054879 0)
(0.454695 0.0588543 0)
(0.421565 0.0898915 3.38579e-18)
(0.364774 0.130616 -5.60603e-18)
(0.285251 0.154799 0)
(0.207867 0.147776 -1.40065e-18)
(0.145103 0.114674 6.49078e-19)
(0.0998308 0.0712255 -6.56381e-21)
(0.0782942 0.0276557 0)
(0.0845972 -0.00961819 -1.01658e-19)
(0.118817 -0.0376625 0)
(0.177572 -0.0529719 1.28883e-18)
(0.255456 -0.0558465 0)
(0.346021 -0.0486904 -3.12109e-18)
(0.443258 -0.0348129 0)
(0.541705 -0.0173927 0)
(0.639431 0.00090878 -3.58386e-18)
(0.731582 0.0183291 0)
(0.82961 0.0340172 0)
(0.901263 0.0467273 0)
(1.04713 0.0565551 0)
(0.853741 0.141515 0)
(0.787518 0.138867 0)
(0.716838 0.128025 0)
(0.640908 0.106861 -3.8923e-18)
(0.564797 0.0829798 -1.92771e-18)
(0.501499 0.0785102 3.66159e-18)
(0.454411 0.108071 -3.22644e-18)
(0.404498 0.153609 5.24468e-18)
(0.343217 0.18107 0)
(0.281656 0.173037 1.31624e-18)
(0.226998 0.136679 -6.0982e-19)
(0.185467 0.088168 7.65162e-20)
(0.16525 0.0379404 0)
(0.169971 -0.00666329 2.21875e-19)
(0.19985 -0.0408538 0)
(0.252658 -0.0607449 -1.22144e-18)
(0.32374 -0.0665433 0)
(0.407281 -0.0608386 0)
(0.497724 -0.0472349 -3.41401e-18)
(0.589947 -0.0293365 0)
(0.682189 -0.010219 6.9225e-18)
(0.76984 0.00804134 3.03364e-18)
(0.86418 0.0243757 0)
(0.933612 0.0372189 -2.92597e-18)
(1.07707 0.0473502 1.54432e-18)
(0.968855 0.17784 0)
(0.90809 0.17952 0)
(0.83575 0.170745 0)
(0.751717 0.149675 1.75925e-18)
(0.658824 0.121539 1.76399e-18)
(0.570718 0.107601 -1.7228e-18)
(0.505534 0.129242 0)
(0.457806 0.173731 -4.76537e-20)
(0.410978 0.203017 0)
(0.361938 0.195376 0)
(0.314179 0.157203 0)
(0.276135 0.104486 -6.64791e-20)
(0.256881 0.0483009 0)
(0.25954 -0.00291373 2.96609e-19)
(0.284377 -0.0427842 0)
(0.330322 -0.0670867 0)
(0.393714 -0.0758505 0)
(0.469451 -0.0717475 0)
(0.552417 -0.0586225 6.54553e-18)
(0.637775 -0.040472 0)
(0.723857 -0.0207598 -3.34871e-18)
(0.806252 -0.00188336 -2.96001e-18)
(0.89581 0.0149086 2.34398e-18)
(0.962004 0.0277432 2.87307e-18)
(1.09994 0.0378221 -1.52359e-18)
(1.0579 0.205485 1.70767e-18)
(1.01138 0.215165 0)
(0.946925 0.212225 1.5757e-18)
(0.864082 0.195142 -1.55782e-18)
(0.764255 0.16707 0)
(0.658863 0.145534 -1.55956e-18)
(0.574195 0.155202 -2.77377e-18)
(0.521602 0.192699 -2.31019e-18)
(0.483797 0.221488 0)
(0.445195 0.214915 -9.84859e-19)
(0.404251 0.175979 3.55448e-19)
(0.369742 0.119894 0)
(0.351176 0.0585963 0)
(0.351428 0.00158576 0)
(0.370749 -0.0434646 0)
(0.40922 -0.0719749 0)
(0.46436 -0.0837258 0)
(0.531831 -0.0813601 0)
(0.606924 -0.0688993 -3.14979e-18)
(0.685063 -0.0506985 0)
(0.764666 -0.0305878 0)
(0.841516 -0.0112805 -2.82603e-18)
(0.925973 0.00582919 -2.29856e-18)
(0.988666 0.0185582 0)
(1.12038 0.0284996 -1.4593e-18)
(1.12009 0.222657 -1.63403e-18)
(1.09133 0.242128 -1.49445e-18)
(1.04177 0.24816 -1.46806e-18)
(0.968724 0.238728 1.43324e-18)
(0.871959 0.21512 1.3994e-18)
(0.759355 0.18991 0)
(0.658203 0.186984 2.59668e-18)
(0.594458 0.212625 2.08114e-18)
(0.559122 0.237496 1.50523e-18)
(0.528774 0.231664 9.39484e-19)
(0.49484 0.192824 -3.38015e-19)
(0.464171 0.134297 0)
(0.44617 0.068721 0)
(0.443741 0.0067401 3.28315e-19)
(0.457273 -0.0429472 -3.86178e-20)
(0.488001 -0.0754336 4.91384e-19)
(0.5347 -0.0901791 0)
(0.593757 -0.0896738 2.54398e-18)
(0.660815 -0.0780497 0)
(0.731557 -0.0599908 0)
(0.804514 -0.0396717 -3.08071e-18)
(0.87568 -0.0201083 2.76896e-18)
(0.954929 -0.00281459 0)
(1.01402 0.00973838 0)
(1.13943 0.0194801 7.31653e-19)
(1.16091 0.230927 -1.47601e-18)
(1.1477 0.259375 1.4353e-18)
(1.11565 0.275721 0)
(1.0585 0.276558 0)
(0.973408 0.26118 -2.54347e-18)
(0.864085 0.237063 0)
(0.753588 0.224119 1.14327e-18)
(0.67597 0.235386 -1.02408e-18)
(0.636262 0.252438 -1.44384e-18)
(0.61078 0.245866 8.18125e-19)
(0.583592 0.20755 0)
(0.557177 0.147518 -1.70582e-19)
(0.539834 0.0786232 0)
(0.534603 0.0124761 -3.17407e-19)
(0.542327 -0.0413181 -8.55401e-21)
(0.565439 -0.0775445 1.96065e-21)
(0.603895 -0.0952716 0)
(0.654673 -0.0967205 -2.21282e-20)
(0.713716 -0.0860797 -2.88467e-18)
(0.777 -0.0683393 0)
(0.843236 -0.047996 3.01784e-18)
(0.908659 -0.0283458 2.64426e-18)
(0.98268 -0.0110008 0)
(1.03814 0.00131509 0)
(1.1573 0.0107943 6.98615e-19)
(1.1887 0.233828 1.44957e-18)
(1.18512 0.268448 0)
(1.16843 0.29417 -1.21261e-18)
(1.12941 0.306127 0)
(1.06186 0.301476 1.17096e-18)
(0.964911 0.282927 0)
(0.854526 0.264585 -1.06564e-18)
(0.765248 0.262007 -3.51555e-20)
(0.715894 0.268039 1.28045e-18)
(0.690491 0.25822 -7.87251e-19)
(0.668552 0.220086 0)
(0.646512 0.159334 1.70564e-20)
(0.630066 0.0881345 0)
(0.622174 0.0186666 0)
(0.624468 -0.0387154 4.46501e-20)
(0.640539 -0.0784455 -4.64905e-19)
(0.671304 -0.0991063 0)
(0.714147 -0.102557 -2.38948e-18)
(0.765302 -0.093011 2.81969e-18)
(0.821137 -0.0757481 2.95859e-18)
(0.880641 -0.0555601 0)
(0.940325 -0.03599 -2.60218e-18)
(1.00916 -0.0187271 0)
(1.061 -0.00670576 0)
(1.17403 0.00244511 0)
(1.21096 0.234891 0)
(1.21057 0.272426 1.20967e-18)
(1.20383 0.304817 1.18103e-18)
(1.18102 0.32673 0)
(1.13318 0.333549 0)
(1.05493 0.32384 0)
(0.954093 0.305305 0)
(0.859644 0.292111 -3.3161e-20)
(0.798987 0.28581 -1.22795e-18)
(0.768595 0.269931 0)
(0.748832 0.230752 0)
(0.730393 0.169633 3.40753e-20)
(0.714981 0.0970083 0)
(0.704907 0.0250929 0)
(0.702622 -0.0353493 0)
(0.712646 -0.0783258 0)
(0.736508 -0.101813 0)
(0.771846 -0.10725 0)
(0.815271 -0.0988702 2.70757e-18)
(0.8637 -0.0822278 -2.90708e-18)
(0.916513 -0.0623709 0)
(0.970519 -0.0430464 0)
(1.03425 -0.0259989 0)
(1.08255 -0.0143268 0)
(1.1896 -0.00557143 0)
(1.23221 0.236309 0)
(1.23064 0.274479 -6.21878e-20)
(1.22766 0.310301 -1.05471e-18)
(1.21607 0.339427 -9.93596e-19)
(1.18627 0.356567 0)
(1.12942 0.357183 8.99833e-19)
(1.04553 0.342935 0)
(0.954508 0.3239 -7.48236e-19)
(0.885356 0.306369 0)
(0.846663 0.282396 0)
(0.825077 0.240374 0)
(0.808262 0.178618 4.90229e-20)
(0.79356 0.105176 0)
(0.781957 0.0315433 0)
(0.776304 -0.0314756 0)
(0.781502 -0.0774 0)
(0.799276 -0.103522 -8.46014e-19)
(0.827484 -0.11086 1.13068e-18)
(0.863306 -0.103682 -2.66343e-18)
(0.904396 -0.0877929 0)
(0.950616 -0.0684427 2.72106e-18)
(0.999071 -0.0495284 2.41922e-18)
(1.05786 -0.0328277 0)
(1.1027 -0.0215562 1.16774e-18)
(1.20398 -0.0132625 0)
(1.25408 0.238802 0)
(1.24964 0.2768 -1.11877e-18)
(1.24574 0.313511 1.04102e-18)
(1.23932 0.346516 1.90133e-18)
(1.2229 0.3713 0)
(1.18635 0.381769 -1.6904e-18)
(1.12348 0.374673 0)
(1.04405 0.354714 0)
(0.972695 0.329057 0)
(0.925806 0.296592 0)
(0.899094 0.250066 0)
(0.881182 0.186864 5.24195e-20)
(0.866243 0.112741 0)
(0.853588 0.0378474 -6.9663e-20)
(0.845751 -0.0273356 0)
(0.847196 -0.0758552 -5.2238e-19)
(0.85947 -0.104333 8.32778e-19)
(0.880754 -0.113428 -2.22807e-18)
(0.90905 -0.107467 0)
(0.942906 -0.0924637 0)
(0.982709 -0.0737984 -2.69119e-18)
(1.02582 -0.055457 -3.8731e-20)
(1.07988 -0.0392301 0)
(1.12141 -0.0284062 -2.16423e-20)
(1.21714 -0.0206364 6.05554e-19)
(1.27649 0.242251 0)
(1.26934 0.280331 4.86774e-19)
(1.26227 0.316668 0)
(1.25594 0.350692 -9.13694e-19)
(1.24686 0.379736 0)
(1.22639 0.397914 3.6652e-20)
(1.18482 0.398837 7.03298e-19)
(1.12274 0.381852 -6.12805e-19)
(1.05674 0.352115 0)
(1.00532 0.312533 -3.30116e-19)
(0.972518 0.260716 0)
(0.951205 0.195112 0)
(0.934751 0.119991 0)
(0.92107 0.0439698 6.87308e-20)
(0.911711 -0.0230649 0)
(0.909942 -0.0737915 5.15494e-19)
(0.916893 -0.104286 0)
(0.931263 -0.114968 2.20531e-18)
(0.952094 -0.110245 -1.26831e-18)
(0.978906 -0.0962694 1.33266e-18)
(1.01257 -0.0784706 1.29489e-18)
(1.05063 -0.0608611 -3.78976e-20)
(1.10024 -0.0452272 0)
(1.13864 -0.0348919 -1.12773e-18)
(1.22907 -0.0277026 -1.18884e-18)
(1.29883 0.246331 0)
(1.28974 0.285127 -4.80304e-19)
(1.27922 0.320943 4.21789e-19)
(1.27002 0.354247 0)
(1.26273 0.384409 7.62624e-19)
(1.25239 0.407177 1.46897e-18)
(1.22902 0.415114 -2.47359e-20)
(1.18655 0.403297 5.91789e-19)
(1.13242 0.37331 0)
(1.0823 0.329203 3.18626e-19)
(1.04534 0.272509 0)
(1.01991 0.203908 0)
(1.00096 0.127294 0)
(0.98585 0.0500399 0)
(0.974885 -0.0186442 0)
(0.969754 -0.0711959 0)
(0.971155 -0.103363 0)
(0.978507 -0.115481 6.48702e-21)
(0.992004 -0.112041 1.25865e-18)
(1.0121 -0.0992534 -1.32313e-18)
(1.04003 -0.0825044 -2.55358e-18)
(1.07342 -0.0657773 -2.28306e-18)
(1.1189 -0.0508438 -1.80201e-18)
(1.15438 -0.0410308 0)
(1.2398 -0.0344706 5.83981e-19)
(1.32034 0.250794 0)
(1.31001 0.290856 0)
(1.29678 0.326599 -4.16485e-19)
(1.28385 0.358606 3.71512e-19)
(1.27458 0.387684 -7.55107e-19)
(1.26838 0.411828 -7.08428e-19)
(1.25786 0.424448 -6.47195e-19)
(1.23374 0.418143 5.56103e-19)
(1.19532 0.39066 0)
(1.15243 0.344968 3.47043e-19)
(1.11537 0.284822 0)
(1.0871 0.213307 0)
(1.06553 0.134871 0)
(1.04851 0.0562346 0)
(1.0353 -0.0139422 0)
(1.02618 -0.0679694 6.52935e-19)
(1.02161 -0.101512 0)
(1.0219 -0.114971 9.86499e-21)
(1.02837 -0.112903 1.24083e-18)
(1.04224 -0.101478 0)
(1.06498 -0.0859573 1.26117e-18)
(1.09417 -0.0702488 0)
(1.13588 -0.0561078 1.79257e-18)
(1.16867 -0.0468415 0)
(1.24938 -0.0409504 0)
(1.34032 0.255493 3.73701e-19)
(1.32914 0.297147 0)
(1.31415 0.333383 0)
(1.298 0.364302 -3.67341e-19)
(1.28509 0.391246 3.33402e-19)
(1.2784 0.414212 -3.20657e-19)
(1.2747 0.428652 -3.00797e-19)
(1.26494 0.426672 -5.46491e-19)
(1.24283 0.402969 4.63432e-19)
(1.21142 0.358182 -3.37849e-19)
(1.17887 0.296517 0)
(1.15053 0.22285 1.84755e-19)
(1.12729 0.142663 0)
(1.10819 0.0626678 0)
(1.09204 -0.00880023 0)
(1.07824 -0.0639936 -6.50299e-19)
(1.06741 -0.0986959 0)
(1.06084 -0.113474 -2.21881e-18)
(1.06085 -0.112908 -1.23791e-18)
(1.0692 -0.103027 -1.27285e-18)
(1.0874 -0.0888984 -1.22315e-18)
(1.1129 -0.0743242 0)
(1.15123 -0.0610483 0)
(1.18157 -0.0523436 0)
(1.25785 -0.0471523 2.68727e-19)
(1.35819 0.260363 -3.68623e-19)
(1.34631 0.303735 0)
(1.33025 0.34088 0)
(1.31189 0.371243 0)
(1.29537 0.395946 -3.30341e-19)
(1.28559 0.416213 1.34989e-20)
(1.28346 0.429859 2.9865e-19)
(1.28268 0.430115 0)
(1.27459 0.410042 -4.56163e-19)
(1.25634 0.367708 0)
(1.23196 0.306394 -3.09011e-19)
(1.20676 0.231782 6.11104e-20)
(1.18357 0.150372 0)
(1.1628 0.0693155 0)
(1.14339 -0.00312718 0)
(1.12465 -0.0592062 0)
(1.10769 -0.0949328 0)
(1.09486 -0.111076 5.50126e-19)
(1.08926 -0.112166 0)
(1.09297 -0.104003 1.27151e-18)
(1.10736 -0.0914053 1.51182e-20)
(1.12971 -0.078054 0)
(1.16505 -0.0656946 0)
(1.19317 -0.057556 0)
(1.26531 -0.0530864 -2.67857e-19)
(1.37367 0.26545 0)
(1.36096 0.310509 0)
(1.34415 0.348747 -2.74929e-19)
(1.32452 0.379055 0)
(1.30528 0.401936 0)
(1.29169 0.418989 3.02933e-19)
(1.2876 0.429989 0)
(1.29052 0.430203 0)
(1.2923 0.412582 0)
(1.28629 0.373173 0)
(1.27189 0.313594 -5.26348e-20)
(1.25246 0.239349 -5.37038e-19)
(1.23128 0.157577 0)
(1.20979 0.0760202 0)
(1.18746 0.00304639 0)
(1.16411 -0.0536486 4.32563e-19)
(1.14173 -0.0903258 -5.1087e-19)
(1.12368 -0.107922 5.68267e-19)
(1.1136 -0.110825 0)
(1.11366 -0.104525 0)
(1.125 -0.0935588 2.39516e-18)
(1.14473 -0.0814882 1.04226e-18)
(1.17745 -0.0700743 0)
(1.20355 -0.0624969 0)
(1.27182 -0.0587625 2.5407e-19)
(1.38679 0.270931 0)
(1.37287 0.317514 1.12549e-19)
(1.35525 0.356803 2.71439e-19)
(1.3349 0.387346 2.53536e-19)
(1.31403 0.408959 0)
(1.29717 0.422987 -2.77448e-19)
(1.28951 0.430412 0)
(1.29203 0.428695 2.7129e-19)
(1.29899 0.411862 0)
(1.30236 0.374941 0)
(1.29775 0.317797 5.54317e-19)
(1.28551 0.245033 2.95873e-19)
(1.26799 0.163881 0)
(1.24698 0.0825513 0)
(1.22265 0.00957123 0)
(1.19572 -0.0474769 -4.35449e-19)
(1.1692 -0.0850656 5.14152e-19)
(1.14732 -0.104209 5.92072e-19)
(1.13406 -0.109053 0)
(1.13149 -0.104715 0)
(1.14052 -0.0954378 -1.19084e-18)
(1.15812 -0.0846732 -1.04129e-18)
(1.18854 -0.0742127 0)
(1.21282 -0.0671831 -4.87788e-19)
(1.27747 -0.0641904 -6.27383e-21)
(1.39763 0.277068 0)
(1.38202 0.324922 -2.13743e-20)
(1.36327 0.365042 0)
(1.34236 0.395854 -2.50607e-19)
(1.32069 0.416627 0)
(1.30163 0.42814 2.75297e-19)
(1.29033 0.431839 0)
(1.29008 0.426998 4.57996e-21)
(1.29816 0.409339 0)
(1.30717 0.3739 0)
(1.31047 0.319216 -2.01002e-19)
(1.30542 0.248649 0)
(1.29254 0.169009 0)
(1.2732 0.0886621 0)
(1.24821 0.0162097 -2.46958e-19)
(1.21923 -0.0409435 5.23337e-19)
(1.19025 -0.0794102 0)
(1.16613 -0.100166 1.23082e-20)
(1.151 -0.107024 6.30151e-19)
(1.14678 -0.104691 0)
(1.15416 -0.0971138 5.84115e-19)
(1.17004 -0.0876498 0)
(1.19845 -0.0781316 0)
(1.22107 -0.0716297 4.87341e-19)
(1.28234 -0.0693792 -2.46995e-19)
(1.40606 0.284087 0)
(1.38836 0.332952 -1.55801e-19)
(1.3681 0.37358 0)
(1.3465 0.404476 0)
(1.32449 0.4246 0)
(1.3043 0.434128 0)
(1.29019 0.434428 1.36214e-19)
(1.28642 0.425977 -2.74503e-19)
(1.2929 0.406287 0)
(1.30405 0.371171 0)
(1.31255 0.318473 0)
(1.31352 0.250361 2.43894e-19)
(1.30542 0.172867 0)
(1.28869 0.0941443 2.5798e-19)
(1.26446 0.0226858 2.49747e-19)
(1.23517 -0.0343496 -5.29239e-19)
(1.20549 -0.073644 0)
(1.18069 -0.0960239 -6.13493e-19)
(1.1649 -0.104904 -6.33766e-19)
(1.15987 -0.104557 0)
(1.16614 -0.098647 -1.16522e-18)
(1.18065 -0.0904519 -5.01103e-19)
(1.20728 -0.0818494 0)
(1.2284 -0.07585 0)
(1.28648 -0.0743373 0)
(1.41135 0.292038 -1.28173e-20)
(1.39159 0.341749 6.62561e-20)
(1.36961 0.382561 0)
(1.3471 0.41323 0)
(1.32492 0.432662 0)
(1.3044 0.440576 -1.22408e-19)
(1.28864 0.437983 -1.35463e-19)
(1.28175 0.425969 1.43312e-19)
(1.28537 0.403563 0)
(1.29607 0.367765 0)
(1.30711 0.316355 -1.40701e-19)
(1.31238 0.250575 -2.42076e-19)
(1.30855 0.175538 0)
(1.29497 0.0988704 -2.53997e-19)
(1.27272 0.0287476 -3.1698e-19)
(1.24467 -0.0279857 -3.12249e-19)
(1.21587 -0.0680309 0)
(1.19174 -0.091987 3.2346e-19)
(1.17627 -0.102829 0)
(1.17109 -0.104395 0)
(1.17667 -0.100085 5.81416e-19)
(1.1901 -0.0931064 5.01618e-19)
(1.21515 -0.0853814 0)
(1.23488 -0.0798565 -2.33381e-19)
(1.28997 -0.0790728 1.14613e-19)
(1.41223 0.300715 1.26916e-20)
(1.39098 0.35128 0)
(1.36745 0.392059 2.34719e-20)
(1.34397 0.422172 0)
(1.32163 0.440712 0)
(1.30132 0.447173 1.21506e-19)
(1.28498 0.442164 6.76218e-20)
(1.27598 0.426928 -1.42924e-19)
(1.27668 0.401588 0)
(1.28552 0.364408 0)
(1.29704 0.313571 1.40526e-19)
(1.30487 0.249762 0)
(1.3045 0.177204 0)
(1.29422 0.102794 -1.60254e-19)
(1.27478 0.0342063 1.4242e-19)
(1.24918 -0.0220822 3.163e-19)
(1.22248 -0.0627819 0)
(1.20001 -0.0882126 -3.26451e-19)
(1.18559 -0.1009 3.28682e-19)
(1.18073 -0.104267 0)
(1.18595 -0.101462 -2.87496e-19)
(1.19851 -0.0956341 0)
(1.22214 -0.0887408 0)
(1.2406 -0.0836592 2.33573e-19)
(1.29285 -0.0835945 -1.70614e-19)
(1.40701 0.309681 0)
(1.38538 0.361288 -5.4086e-22)
(1.36099 0.401993 -2.32786e-20)
(1.3368 0.431302 0)
(1.31443 0.448689 0)
(1.29464 0.453687 0)
(1.27859 0.4466 -6.72704e-20)
(1.26864 0.428581 0)
(1.26713 0.400417 -8.05058e-20)
(1.27375 0.361483 0)
(1.28452 0.310627 0)
(1.29352 0.248329 8.37464e-20)
(1.29574 0.178064 0)
(1.28864 0.105925 2.46225e-19)
(1.27247 0.0389572 1.71442e-19)
(1.25009 -0.0167944 -9.13861e-20)
(1.22631 -0.058047 0)
(1.20617 -0.0848141 0)
(1.19326 -0.0991918 -3.30944e-19)
(1.18905 -0.104216 0)
(1.19411 -0.102803 1.44954e-19)
(1.20596 -0.0980508 0)
(1.22832 -0.0919383 0)
(1.24559 -0.0872648 0)
(1.29515 -0.087909 5.60118e-20)
(1.39388 0.318301 0)
(1.37333 0.371294 5.37026e-22)
(1.34923 0.41211 0)
(1.32504 0.440549 0)
(1.30296 0.456573 0)
(1.28401 0.459998 0)
(1.26891 0.451018 0)
(1.2591 0.430617 0)
(1.25645 0.399911 8.04136e-20)
(1.26129 0.359124 0)
(1.27088 0.307831 0)
(1.28022 0.246576 -8.3615e-20)
(1.2843 0.178286 0)
(1.28009 0.108278 -8.6822e-20)
(1.26737 0.0429047 0)
(1.24862 -0.0122452 9.2497e-20)
(1.2282 -0.0539262 0)
(1.21074 -0.0818602 0)
(1.19959 -0.0977457 0)
(1.19622 -0.104267 0)
(1.20128 -0.104127 1.43753e-19)
(1.21256 -0.100369 0)
(1.23374 -0.094978 0)
(1.24993 -0.0906844 0)
(1.2969 -0.0920112 0)
(1.3731 0.325682 0)
(1.35497 0.380292 -1.21467e-20)
(1.33244 0.421474 0)
(1.3092 0.449164 0)
(1.28798 0.4638 0)
(1.27022 0.465625 2.95718e-20)
(1.25652 0.454918 0)
(1.24767 0.432539 4.29382e-20)
(1.24493 0.399728 0)
(1.24881 0.357272 0)
(1.25749 0.305377 0)
(1.26685 0.244782 1.05255e-19)
(1.27227 0.178065 0)
(1.27055 0.109888 0)
(1.26106 0.0459492 0)
(1.24582 -0.00860685 1.14731e-19)
(1.22869 -0.0505893 -1.06316e-19)
(1.21389 -0.0794691 -1.00067e-19)
(1.20455 -0.0966148 0)
(1.20207 -0.104413 -1.73679e-19)
(1.20724 -0.105371 -1.55261e-19)
(1.21808 -0.102491 0)
(1.23824 -0.0977187 0)
(1.25345 -0.0937867 -6.06799e-20)
(1.29808 -0.0956928 0)
(1.34486 0.331374 0)
(1.33031 0.387832 1.21115e-20)
(1.31058 0.42972 0)
(1.28933 0.456925 0)
(1.26967 0.470281 0)
(1.25351 0.470539 2.91539e-20)
(1.24159 0.458225 7.53415e-20)
(1.2343 0.434168 -1.31499e-19)
(1.23237 0.39963 0)
(1.23617 0.355737 0)
(1.24443 0.303193 0)
(1.25386 0.242987 -3.293e-19)
(1.26036 0.177495 0)
(1.26079 0.110854 0)
(1.25425 0.0481853 0)
(1.24232 -0.00578544 -3.58869e-19)
(1.22833 -0.0479598 1.07281e-19)
(1.21606 -0.0775989 3.06755e-19)
(1.20842 -0.0957874 0)
(1.20682 -0.104662 5.2431e-19)
(1.21215 -0.106558 -1.54952e-19)
(1.22263 -0.104442 2.60242e-19)
(1.24189 -0.100194 0)
(1.25623 -0.0966001 6.07375e-20)
(1.2987 -0.098998 0)
(1.30801 0.335552 0)
(1.29803 0.394047 -4.52025e-20)
(1.28232 0.436976 1.60399e-20)
(1.2642 0.463993 1.15279e-20)
(1.24699 0.47622 0)
(1.23305 0.474935 5.85545e-20)
(1.22336 0.461033 -7.52398e-20)
(1.2182 0.435426 8.85878e-20)
(1.21782 0.39938 0)
(1.22237 0.354231 2.21622e-19)
(1.23086 0.301058 0)
(1.24067 0.2411 2.24192e-19)
(1.24828 0.176621 0)
(1.25075 0.111331 0)
(1.24703 0.0498323 -5.05167e-19)
(1.23829 -0.00354714 2.45657e-19)
(1.22733 -0.0458221 0)
(1.21751 -0.0760798 -2.07624e-19)
(1.21154 -0.095166 0)
(1.21084 -0.104996 -3.51805e-19)
(1.21637 -0.107739 6.23352e-19)
(1.22657 -0.106325 -2.61131e-19)
(1.24497 -0.102553 0)
(1.25851 -0.0992732 0)
(1.29888 -0.102141 -1.09299e-19)
(1.26272 0.337977 0)
(1.25798 0.398578 4.53674e-20)
(1.24729 0.442833 -6.17982e-20)
(1.23342 0.47 -1.15295e-20)
(1.21966 0.481338 -6.98145e-20)
(1.20865 0.478616 7.29965e-22)
(1.20175 0.463181 1.58134e-19)
(1.19921 0.436131 0)
(1.20104 0.398769 0)
(1.20709 0.352552 -2.21891e-19)
(1.2165 0.29883 0)
(1.22716 0.239055 0)
(1.23606 0.175434 0)
(1.24057 0.111337 -5.18586e-19)
(1.23955 0.0509119 5.02073e-19)
(1.23383 -0.00187154 0)
(1.22576 -0.0441597 0)
(1.21829 -0.0749088 0)
(1.21395 -0.0947582 0)
(1.21416 -0.105427 0)
(1.21993 -0.108928 -9.37754e-19)
(1.2299 -0.10815 0)
(1.24747 -0.104803 0)
(1.26026 -0.101813 0)
(1.29861 -0.105126 1.09599e-19)
(1.20947 0.338566 0)
(1.21032 0.401206 0)
(1.20539 0.446983 4.59374e-20)
(1.19674 0.474626 0)
(1.1874 0.485373 2.5016e-21)
(1.18016 0.4814 1.44962e-21)
(1.17663 0.464534 4.71692e-21)
(1.17725 0.436152 0)
(1.18185 0.39764 -4.5046e-19)
(1.19007 0.350535 0)
(1.20108 0.296371 0)
(1.21308 0.236765 -5.29567e-19)
(1.22356 0.173899 0)
(1.23017 0.110872 1.06096e-18)
(1.23179 0.0514484 0)
(1.22895 -0.000727658 0)
(1.22362 -0.042944 0)
(1.2184 -0.0740649 -8.98177e-19)
(1.21564 -0.094552 0)
(1.21677 -0.10595 7.21393e-19)
(1.22282 -0.110122 1.25539e-18)
(1.23261 -0.109916 0)
(1.2494 -0.106943 0)
(1.2615 -0.104221 0)
(1.29785 -0.107951 0)
(1.14896 0.337352 0)
(1.15547 0.401832 -1.47141e-19)
(1.15675 0.449201 7.00479e-20)
(1.15409 0.477587 1.72353e-21)
(1.15007 0.488057 1.59942e-21)
(1.14741 0.483078 1.24252e-19)
(1.14793 0.46494 -1.63651e-19)
(1.15223 0.435356 0)
(1.16013 0.39585 4.51835e-19)
(1.17111 0.348029 0)
(1.18432 0.293545 0)
(1.19819 0.234138 1.08712e-18)
(1.21057 0.171973 0)
(1.21942 0.109936 2.5865e-20)
(1.22364 0.0514648 1.14124e-18)
(1.22359 -8.58246e-05 0)
(1.22087 -0.04215 0)
(1.21781 -0.0735315 9.04498e-19)
(1.21661 -0.094541 0)
(1.21866 -0.106565 -7.25252e-19)
(1.22502 -0.111325 9.72448e-23)
(1.23469 -0.111626 0)
(1.25072 -0.108974 0)
(1.2622 -0.106502 0)
(1.29659 -0.110613 -2.07545e-19)
(1.08202 0.334433 -2.50505e-19)
(1.09405 0.400447 1.4937e-19)
(1.10172 0.449349 -7.08432e-20)
(1.10559 0.478655 -1.7383e-21)
(1.10764 0.489142 1.98472e-19)
(1.11034 0.483437 -2.45535e-19)
(1.11558 0.464235 0)
(1.12411 0.433611 4.32074e-19)
(1.1358 0.393271 0)
(1.15007 0.344898 0)
(1.16602 0.290228 0)
(1.18224 0.231082 -5.58046e-19)
(1.19687 0.169609 0)
(1.20812 0.108519 -5.68036e-19)
(1.21497 0.0509757 -1.13742e-18)
(1.21763 7.69057e-05 0)
(1.21744 -0.0417561 0)
(1.21648 -0.0732951 9.4849e-19)
(1.21682 -0.0947187 0)
(1.21983 -0.10727 7.37754e-19)
(1.22653 -0.112534 -6.33665e-19)
(1.2361 -0.113279 -1.03848e-18)
(1.25141 -0.110897 0)
(1.26234 -0.108661 0)
(1.29481 -0.113108 4.24176e-21)
(1.00949 0.329946 2.56485e-19)
(1.02678 0.397112 0)
(1.04082 0.447371 0)
(1.0515 0.477671 0)
(1.0602 0.488422 -2.67154e-19)
(1.06896 0.482277 2.61096e-19)
(1.07956 0.462254 3.67198e-19)
(1.09287 0.430782 -4.34965e-19)
(1.10883 0.389781 0)
(1.12686 0.341026 -5.64165e-19)
(1.14603 0.286312 0)
(1.16505 0.227514 -1.22304e-18)
(1.18226 0.166757 0)
(1.1961 0.106605 0)
(1.20563 0.0499884 0)
(1.21097 -0.000222367 -1.21112e-18)
(1.21327 -0.0417468 0)
(1.21438 -0.0733453 -9.54683e-19)
(1.21626 -0.0950803 0)
(1.22024 -0.108062 -7.41538e-19)
(1.22731 -0.11375 0)
(1.23683 -0.114874 1.0433e-18)
(1.25143 -0.112712 0)
(1.26192 -0.110699 0)
(1.29246 -0.11543 2.04908e-19)
(0.932231 0.324042 0)
(0.95443 0.391933 0)
(0.97465 0.443281 0)
(0.992256 0.474544 -1.7805e-20)
(1.00798 0.485734 -2.99179e-21)
(1.02335 0.479421 -2.63955e-19)
(1.0399 0.458841 -7.55736e-19)
(1.05852 0.426742 -4.74519e-19)
(1.07922 0.385271 0)
(1.10144 0.336308 5.68063e-19)
(1.12426 0.281701 -1.24552e-18)
(1.14646 0.223355 -5.05505e-20)
(1.16658 0.163367 0)
(1.18321 0.104174 1.28513e-18)
(1.1955 0.0485047 -1.26911e-18)
(1.20353 -0.000972733 1.2067e-18)
(1.20829 -0.042111 -1.1519e-18)
(1.21147 -0.0736745 -1.99777e-18)
(1.2149 -0.0956215 0)
(1.21986 -0.108938 -1.51024e-18)
(1.22732 -0.114971 -1.28382e-18)
(1.23683 -0.116411 0)
(1.25077 -0.114422 7.84888e-19)
(1.26093 -0.112622 4.76527e-19)
(1.2895 -0.117571 1.97393e-19)
(0.851035 0.316876 6.29004e-19)
(0.877785 0.385044 0)
(0.903908 0.437138 0)
(0.928372 0.469242 1.81453e-20)
(0.951335 0.480972 -5.27228e-21)
(0.97372 0.474724 2.87697e-19)
(0.996713 0.453854 7.94729e-19)
(1.02111 0.421369 4.7968e-19)
(1.04698 0.379637 -1.13934e-18)
(1.07379 0.330653 0)
(1.10064 0.276312 1.25463e-18)
(1.12639 0.218539 -4.98954e-20)
(1.14969 0.159395 0)
(1.16931 0.101205 -1.28765e-18)
(1.18447 0.0465216 1.26867e-18)
(1.19522 -0.00216794 0)
(1.20246 -0.0428411 1.15951e-18)
(1.2077 -0.0742762 4.05771e-18)
(1.21269 -0.0963375 0)
(1.21865 -0.109896 3.04619e-18)
(1.22653 -0.116193 2.58264e-18)
(1.23606 -0.117889 0)
(1.24939 -0.116029 -7.88834e-19)
(1.25934 -0.11443 -4.78878e-19)
(1.28588 -0.119522 -3.92479e-19)
(0.766658 0.30859 -6.51992e-19)
(0.797604 0.376582 0)
(0.829299 0.429034 0)
(0.860444 0.461779 0)
(0.890693 0.474075 3.05708e-19)
(0.92035 0.468081 -2.92555e-19)
(0.950163 0.447174 -4.11078e-19)
(0.980756 0.414555 0)
(1.01218 0.372784 1.15275e-18)
(1.04394 0.323975 1.29984e-18)
(1.07516 0.270071 0)
(1.10476 0.213003 -4.91614e-20)
(1.13152 0.154797 0)
(1.15432 0.0976757 -1.38466e-18)
(1.17246 0.0440332 0)
(1.18598 -0.00380581 -2.6266e-18)
(1.1957 -0.0439331 0)
(1.20303 -0.0751459 -2.05979e-18)
(1.20959 -0.0972232 0)
(1.21656 -0.110929 -1.53609e-18)
(1.22488 -0.117415 2.60859e-21)
(1.2345 -0.119309 0)
(1.24729 -0.11754 7.84983e-19)
(1.25715 -0.116125 -4.79338e-19)
(1.28153 -0.121266 5.77074e-19)
(0.679804 0.299311 0)
(0.71462 0.366681 4.51631e-19)
(0.751539 0.419074 0)
(0.789108 0.452205 0)
(0.826562 0.465025 -1.60292e-19)
(0.863604 0.459421 0)
(0.900492 0.438709 0)
(0.937598 0.406205 0)
(0.974909 0.364629 0)
(1.01193 0.3162 4.7102e-20)
(1.04783 0.262911 0)
(1.08157 0.206694 -4.83296e-20)
(1.11202 0.149536 0)
(1.13817 0.093564 2.82592e-18)
(1.1594 0.0410312 0)
(1.17575 -0.00588479 2.62525e-18)
(1.18799 -0.0453812 0)
(1.19741 -0.076277 0)
(1.20555 -0.0982724 0)
(1.21355 -0.112033 0)
(1.22234 -0.118636 2.88706e-21)
(1.23213 -0.120675 0)
(1.24444 -0.118958 -7.89214e-19)
(1.25433 -0.1177 4.81944e-19)
(1.27633 -0.122781 -7.59716e-19)
(0.591141 0.289145 0)
(0.629535 0.355461 -9.35486e-19)
(0.671337 0.407369 0)
(0.715024 0.440592 0)
(0.759501 0.453842 0)
(0.803907 0.448713 0)
(0.847999 0.428395 0)
(0.89184 0.396247 0)
(0.935295 0.355099 0)
(0.977844 0.307265 -1.38252e-18)
(1.01867 0.254776 -1.49229e-18)
(1.05679 0.199566 1.47091e-18)
(1.09114 0.143578 0)
(1.12081 0.08885 -1.44334e-18)
(1.14523 0.0375076 -2.88291e-18)
(1.16448 -0.00840462 0)
(1.17926 -0.0471816 0)
(1.1908 -0.0776637 0)
(1.20053 -0.0994784 0)
(1.20957 -0.113204 0)
(1.21888 -0.119858 3.09612e-21)
(1.22894 -0.121992 0)
(1.24085 -0.120288 0)
(1.25083 -0.119143 -9.67853e-19)
(1.27013 -0.124039 3.7789e-19)
(0.50131 0.278177 7.52495e-19)
(0.543036 0.343025 9.62192e-19)
(0.589395 0.394026 0)
(0.638867 0.42703 0)
(0.690101 0.440571 0)
(0.741736 0.435958 7.50383e-19)
(0.793039 0.4162 0)
(0.843734 0.38463 0)
(0.893509 0.34414 0)
(0.94179 0.297114 0)
(0.987758 0.245618 1.51372e-18)
(1.03045 0.191578 0)
(1.06889 0.136892 0)
(1.10221 0.0835155 0)
(1.12993 0.0334554 2.89545e-18)
(1.15213 -0.0113659 0)
(1.16949 -0.049331 0)
(1.18315 -0.0792993 -2.24154e-18)
(1.19447 -0.100834 0)
(1.20458 -0.114439 0)
(1.21449 -0.121084 -1.328e-18)
(1.22492 -0.123267 -2.12547e-18)
(1.2365 -0.121531 0)
(1.24654 -0.120427 9.7363e-19)
(1.26274 -0.125 0)
(0.410951 0.266468 -7.93468e-19)
(0.455797 0.329455 -4.99066e-19)
(0.506403 0.379143 0)
(0.561312 0.411615 0)
(0.618975 0.425286 -4.64818e-19)
(0.677602 0.421187 -7.73464e-19)
(0.736011 0.402118 -1.09149e-18)
(0.793572 0.371325 0)
(0.84976 0.331714 0)
(0.903909 0.285709 0)
(0.955175 0.235399 1.63234e-18)
(1.00261 0.182697 3.29985e-18)
(1.04527 0.129455 0)
(1.08237 0.0775459 0)
(1.11347 0.0288687 0)
(1.13867 -0.0147669 0)
(1.15862 -0.0518225 0)
(1.17442 -0.0811751 -3.47059e-20)
(1.18733 -0.102333 1.93134e-18)
(1.19856 -0.115739 0)
(1.20917 -0.122326 0)
(1.2201 -0.124506 2.13744e-18)
(1.23134 -0.122674 0)
(1.2413 -0.12151 0)
(1.25389 -0.125614 0)
(0.320717 0.254061 -7.90677e-19)
(0.3685 0.314817 9.65617e-19)
(0.423054 0.362811 -4.03371e-19)
(0.483034 0.394453 0)
(0.546744 0.408075 -3.8856e-20)
(0.612042 0.404459 8.78621e-19)
(0.677348 0.386173 2.29187e-18)
(0.741685 0.356329 0)
(0.804292 0.3178 0)
(0.864375 0.273022 0)
(0.921037 0.224091 -1.66278e-18)
(0.973324 0.172898 -6.7915e-18)
(1.02032 0.121247 0)
(1.06129 0.0709302 0)
(1.09584 0.0237445 3.15294e-18)
(1.12407 -0.0186049 0)
(1.14664 -0.0546507 0)
(1.16457 -0.0832836 2.2983e-18)
(1.1791 -0.103971 -1.9412e-18)
(1.1915 -0.11711 0)
(1.20297 -0.123594 -2.70492e-18)
(1.21448 -0.125708 -2.14674e-18)
(1.22525 -0.12369 0)
(1.23481 -0.122327 0)
(1.24323 -0.125821 0)
(0.231288 0.240982 8.41819e-19)
(0.281845 0.299165 -1.0223e-18)
(0.340039 0.345116 5.31834e-20)
(0.404707 0.375652 0)
(0.474032 0.389042 -4.29687e-20)
(0.545601 0.385852 -9.125e-19)
(0.617505 0.368412 -2.45649e-18)
(0.688434 0.339659 0)
(0.757378 0.302395 0)
(0.823389 0.25904 0)
(0.885488 0.211676 0)
(0.942693 0.162165 7.08608e-18)
(0.9941 0.112256 0)
(1.039 0.0636613 0)
(1.07704 0.0180818 6.68487e-20)
(1.10833 -0.0228756 3.05409e-18)
(1.13352 -0.0578074 0)
(1.15357 -0.0856168 0)
(1.16975 -0.105749 -3.98326e-18)
(1.18346 -0.118568 0)
(1.19593 -0.124901 2.71997e-18)
(1.208 -0.126855 2.15945e-18)
(1.21798 -0.124519 0)
(1.22664 -0.122788 9.95946e-19)
(1.23034 -0.125552 -3.48979e-19)
(0.14336 0.227247 0)
(0.196553 0.282546 0)
(0.258051 0.326143 3.9328e-19)
(0.326993 0.355328 2.05527e-19)
(0.401453 0.368306 1.27676e-18)
(0.478831 0.365467 -1.03928e-18)
(0.556951 0.348903 -4.31094e-20)
(0.634204 0.321355 1.56853e-18)
(0.709323 0.285517 3.45701e-18)
(0.781183 0.243764 -3.65348e-18)
(0.848698 0.198148 3.74153e-18)
(0.910836 0.150489 -3.65699e-18)
(0.966682 0.102474 0)
(1.01555 0.0557365 3.52247e-18)
(1.05709 0.0118822 6.34364e-20)
(1.09145 -0.0275732 -3.07468e-18)
(1.11925 -0.0612824 0)
(1.14144 -0.0881695 -4.83142e-18)
(1.15932 -0.107677 4.00288e-18)
(1.17451 -0.120131 0)
(1.18808 -0.126247 -2.74793e-18)
(1.20048 -0.127896 2.16993e-18)
(1.2091 -0.125062 0)
(1.21618 -0.122781 -1.00325e-18)
(1.21472 -0.124734 6.97537e-19)
(0.0576025 0.212869 0)
(0.113368 0.265005 0)
(0.177779 0.305984 0)
(0.25054 0.333607 -2.17346e-19)
(0.329607 0.345997 -1.44195e-18)
(0.412273 0.343418 1.08808e-18)
(0.496162 0.327734 2.83721e-18)
(0.579393 0.301472 -1.62783e-18)
(0.660451 0.267195 8.38585e-20)
(0.738013 0.227209 -8.24833e-20)
(0.810864 0.183512 -3.83882e-18)
(0.877898 0.13787 -3.89785e-18)
(0.938171 0.0919019 0)
(0.990993 0.0471575 -3.57532e-18)
(1.03604 0.00515008 -3.38043e-18)
(1.07347 -0.0326901 0)
(1.10386 -0.0650673 0)
(1.12818 -0.0909437 4.85122e-18)
(1.14792 -0.109777 -4.09667e-18)
(1.16477 -0.121819 3.39627e-18)
(1.17936 -0.127601 2.76326e-18)
(1.19152 -0.128725 -2.18331e-18)
(1.19788 -0.125169 0)
(1.20262 -0.12217 0)
(1.19578 -0.123292 -3.48791e-19)
(-0.0252486 0.197869 0)
(0.0330466 0.246644 -8.88548e-19)
(0.0998868 0.284748 0)
(0.17597 0.310628 0)
(0.259065 0.322258 -5.19716e-20)
(0.346453 0.319837 0)
(0.435606 0.305009 -1.50693e-18)
(0.52441 0.280084 -3.5618e-18)
(0.611105 0.247478 -7.66668e-18)
(0.69416 0.209402 3.97099e-18)
(0.772209 0.167783 0)
(0.844052 0.124316 3.99396e-18)
(0.908696 0.0805446 0)
(0.965439 0.0379295 3.76578e-18)
(1.01397 -0.00210842 3.54111e-18)
(1.05443 -0.038217 -3.28492e-18)
(1.08737 -0.0691572 0)
(1.11389 -0.0939541 -4.98274e-18)
(1.13569 -0.112081 4.11519e-18)
(1.15428 -0.123631 -3.41327e-18)
(1.16942 -0.128866 2.78965e-18)
(1.18026 -0.129152 0)
(1.18321 -0.124636 0)
(1.18492 -0.120813 0)
(1.17279 -0.121153 3.42196e-19)
(-0.104067 0.182269 0)
(-0.0435279 0.227439 9.31668e-19)
(0.0249615 0.262632 0)
(0.103855 0.286543 0)
(0.190365 0.297242 8.92021e-19)
(0.281874 0.294864 1.35258e-18)
(0.375746 0.280844 0)
(0.469665 0.257277 3.72398e-18)
(0.56164 0.226423 4.03119e-18)
(0.649923 0.190381 4.2696e-18)
(0.73298 0.150984 0)
(0.809495 0.109843 4.24436e-18)
(0.878413 0.0684135 0)
(0.939009 0.0280608 -7.73022e-18)
(0.990967 -0.00988365 -7.23792e-18)
(1.03439 -0.044144 -3.41028e-18)
(1.06988 -0.073557 0)
(1.09875 -0.0972363 1.00504e-17)
(1.12282 -0.114613 4.19858e-18)
(1.14282 -0.125488 0)
(1.15732 -0.129818 4.77258e-21)
(1.16518 -0.128877 0)
(1.16344 -0.123206 0)
(1.16175 -0.118564 1.03654e-18)
(1.14481 -0.118245 -3.45856e-19)
(-0.178176 0.166127 0)
(-0.115897 0.207555 7.23458e-19)
(-0.0463164 0.23972 0)
(0.0346961 0.261548 0)
(0.123998 0.271112 0)
(0.219006 0.268649 -2.91475e-18)
(0.317023 0.255361 0)
(0.415566 0.233146 -4.06667e-18)
(0.512423 0.2041 0)
(0.605622 0.170194 -4.43753e-18)
(0.693447 0.133149 0)
(0.774453 0.0944745 6.24638e-20)
(0.847509 0.0555239 0)
(0.911859 0.0175632 3.97424e-18)
(0.967154 -0.018163 7.45643e-18)
(1.01347 -0.0504617 -8.25781e-20)
(1.05156 -0.0782891 0)
(1.08305 -0.100835 -5.06494e-18)
(1.10922 -0.117328 -4.21339e-18)
(1.12935 -0.127136 3.49252e-18)
(1.14097 -0.130032 4.23748e-21)
(1.14372 -0.127467 0)
(1.1363 -0.120587 0)
(1.13142 -0.115288 -1.04651e-18)
(1.11058 -0.114486 -6.88933e-19)
(-0.246685 0.149497 0)
(-0.183606 0.187203 -1.34889e-18)
(-0.113472 0.216277 0)
(-0.0310316 0.235752 0)
(0.0603921 0.244043 -1.19167e-18)
(0.158286 0.241344 1.5775e-18)
(0.259865 0.228691 0)
(0.362518 0.207792 8.64173e-18)
(0.463827 0.180584 0)
(0.561593 0.148896 4.76225e-18)
(0.653906 0.114317 0)
(0.739182 0.0782357 -9.20834e-18)
(0.816208 0.0418934 0)
(0.884175 0.00645137 0)
(0.942679 -0.0269328 -3.81945e-18)
(0.991848 -0.0571807 -7.51868e-20)
(1.03275 -0.0834076 0)
(1.06684 -0.104738 5.16408e-18)
(1.09375 -0.119943 0)
(1.11104 -0.127987 -7.02359e-18)
(1.11657 -0.128819 -5.68922e-18)
(1.11222 -0.124391 -2.23644e-18)
(1.09895 -0.116496 -1.64322e-18)
(1.09183 -0.110868 0)
(1.0684 -0.109779 6.96548e-19)
(-0.308988 0.132574 0)
(-0.246256 0.166625 6.27302e-19)
(-0.176203 0.192484 0)
(-0.0929541 0.209323 0)
(-7.5656e-05 0.216204 -4.92748e-20)
(0.100117 0.213098 3.55132e-18)
(0.20468 0.200961 0)
(0.310925 0.181319 -4.61068e-18)
(0.416238 0.155956 0)
(0.518194 0.126548 -4.98332e-18)
(0.614681 0.0945319 0)
(0.703975 0.0611601 -5.06166e-20)
(0.784766 0.0275477 0)
(0.856173 -0.0052498 4.31213e-18)
(0.917766 -0.036182 0)
(0.969869 -0.0643444 1.44108e-17)
(1.01362 -0.088928 0)
(1.04881 -0.10863 -5.16682e-18)
(1.07261 -0.121649 -4.31202e-18)
(1.0824 -0.126989 7.07649e-18)
(1.07859 -0.125295 5.73474e-18)
(1.06628 -0.119127 2.2567e-18)
(1.04824 -0.110716 1.65966e-18)
(1.04047 -0.105194 0)
(1.01605 -0.103984 -7.06732e-19)
(-0.364856 0.115638 0)
(-0.303621 0.146057 0)
(-0.234183 0.168529 1.50991e-19)
(-0.150785 0.182529 0)
(-0.0570382 0.187686 -1.47951e-18)
(0.0448734 0.184057 -3.82592e-18)
(0.151873 0.172296 0)
(0.261196 0.153826 0)
(0.370061 0.130292 0)
(0.475811 0.103206 5.34069e-18)
(0.576133 0.0738328 5.26373e-18)
(0.66916 0.0432724 -4.39651e-20)
(0.753478 0.0125054 0)
(0.828141 -0.0175325 4.50105e-18)
(0.892759 -0.0459455 0)
(0.947631 -0.0719632 5.91808e-20)
(0.992356 -0.0944436 0)
(1.02357 -0.111349 5.23508e-18)
(1.03783 -0.120846 4.32305e-18)
(1.03547 -0.122752 1.13085e-20)
(1.02087 -0.118622 4.75158e-21)
(1.00173 -0.111332 0)
(0.981185 -0.103135 -3.3598e-18)
(0.974558 -0.0981526 0)
(0.950901 -0.0968967 1.43632e-18)
(-0.41427 0.0990349 0)
(-0.355572 0.125753 -3.84447e-19)
(-0.287212 0.144614 5.54075e-20)
(-0.204267 0.155495 0)
(-0.110159 0.158672 2.99583e-18)
(-0.00707788 0.15431 0)
(0.10186 0.142802 0)
(0.213767 0.125411 0)
(0.325739 0.103682 0)
(0.434883 0.0789569 -5.62957e-18)
(0.538691 0.0523073 3.82896e-20)
(0.63515 0.0246657 5.27616e-18)
(0.722723 -0.00313925 0)
(0.800319 -0.0303203 -9.16496e-18)
(0.86714 -0.0560788 0)
(0.921862 -0.0793491 -7.43896e-18)
(0.9606 -0.0981773 6.29787e-18)
(0.979374 -0.110495 -5.24241e-18)
(0.978334 -0.115501 4.39338e-18)
(0.962378 -0.114115 -7.25471e-18)
(0.938725 -0.108377 -5.89829e-18)
(0.915671 -0.100942 0)
(0.895321 -0.093713 3.40345e-18)
(0.891194 -0.0896048 -2.20773e-18)
(0.870103 -0.0882575 -1.47278e-18)
(-0.457155 0.0830872 0)
(-0.401987 0.105886 5.94577e-20)
(-0.335109 0.12089 -4.68852e-19)
(-0.253136 0.128388 1.81924e-18)
(-0.159065 0.129363 0)
(-0.0552607 0.124015 0)
(0.0551624 0.112631 0)
(0.169192 0.0961929 0)
(0.283831 0.0761861 0)
(0.395935 0.0537924 0)
(0.502743 0.0298729 2.92199e-20)
(0.601955 0.00519647 0)
(0.69154 -0.0195112 0)
(0.769424 -0.0434284 -9.49544e-18)
(0.832886 -0.0654139 0)
(0.87788 -0.083801 0)
(0.900528 -0.0967977 -6.3042e-18)
(0.901242 -0.103568 0)
(0.88483 -0.10449 -8.94395e-18)
(0.858634 -0.100942 7.42408e-18)
(0.830166 -0.094804 6.03712e-18)
(0.806706 -0.0881584 0)
(0.788699 -0.0823993 0)
(0.787558 -0.0793603 4.46927e-18)
(0.770837 -0.0779063 7.49866e-19)
(-0.492619 0.0684967 0)
(-0.4424 0.0872259 3.36345e-19)
(-0.377397 0.0980581 2.61445e-19)
(-0.2969 0.101729 3.15509e-20)
(-0.203226 0.0999833 0)
(-0.0991493 0.0931252 4.80888e-18)
(0.0122096 0.0815881 0)
(0.127656 0.0662134 0)
(0.243937 0.048207 0)
(0.357421 0.028513 0)
(0.464681 0.00778766 -6.14012e-18)
(0.562485 -0.0132595 0)
(0.64744 -0.0338094 0)
(0.715909 -0.0527694 -3.44564e-20)
(0.764295 -0.0687481 0)
(0.789905 -0.0804755 0)
(0.793692 -0.0874698 0)
(0.779707 -0.0898613 5.50371e-18)
(0.754092 -0.0883329 -1.72463e-20)
(0.723859 -0.0840893 -7.70128e-18)
(0.695405 -0.0785812 -6.25163e-18)
(0.674513 -0.0732997 0)
(0.66019 -0.0691037 0)
(0.661754 -0.0671402 1.38689e-20)
(0.651665 -0.0662416 -8.04307e-19)
(-0.507607 0.0574122 0)
(-0.470017 0.0707996 0)
(-0.410033 0.0759146 5.74943e-19)
(-0.333708 0.0751962 -1.9347e-18)
(-0.242491 0.0705666 0)
(-0.140077 0.0623829 -4.98461e-18)
(-0.0301698 0.0510383 0)
(0.0823518 0.0367643 0)
(0.193512 0.0209904 0)
(0.299294 0.00478132 6.72129e-18)
(0.39564 -0.0112378 -6.37597e-18)
(0.478913 -0.0263665 1.18443e-17)
(0.54584 -0.0399109 0)
(0.593924 -0.0512471 9.72224e-18)
(0.622831 -0.0599762 0)
(0.634707 -0.0657879 0)
(0.629744 -0.0684306 0)
(0.611117 -0.0682128 2.20958e-20)
(0.584411 -0.0658077 4.6315e-18)
(0.555711 -0.0621086 -1.72045e-20)
(0.530303 -0.0580713 9.32756e-18)
(0.512733 -0.0546097 -4.83488e-18)
(0.501607 -0.0521146 0)
(0.504419 -0.0509968 -4.40979e-18)
(0.500099 -0.0550148 7.6517e-19)
(-0.433501 0.0354551 0)
(-0.424678 0.0355138 0)
(-0.383187 0.035035 -5.92236e-19)
(-0.324426 0.0314907 0)
(-0.250701 0.0263381 -3.49378e-18)
(-0.166287 0.0198075 0)
(-0.0748122 0.0119928 6.64792e-18)
(0.0199086 0.00320188 0)
(0.113586 -0.00639971 0)
(0.202961 -0.0159175 -7.92417e-21)
(0.284654 -0.0249261 6.85516e-18)
(0.355615 -0.0330269 -1.26515e-17)
(0.413082 -0.0398772 0)
(0.454727 -0.0452536 0)
(0.478686 -0.0489159 0)
(0.484391 -0.0503864 0)
(0.476171 -0.0499765 0)
(0.458343 -0.0483066 -1.18506e-17)
(0.43567 -0.0459713 0)
(0.412883 -0.0435303 4.14362e-18)
(0.393989 -0.04149 -6.67122e-18)
(0.382509 -0.0400919 1.03388e-17)
(0.376371 -0.0395389 0)
(0.381015 -0.0401729 -3.95092e-21)
(0.38727 -0.0239813 0)
)
;

boundaryField
{
    inlet
    {
        type            fixedValue;
        value           uniform (1.5 0 0);
    }
    outlet
    {
        type            zeroGradient;
    }
    upperWall
    {
        type            noSlip;
    }
    lowerWall
    {
        type            noSlip;
    }
    frontAndBack
    {
        type            empty;
    }
}


// ************************************************************************* //
