/*--------------------------------*- C++ -*----------------------------------*\
| =========                 |                                                 |
| \\      /  F ield         | OpenFOAM: The Open Source CFD Toolbox           |
|  \\    /   O peration     | Version:  2406                                  |
|   \\  /    A nd           | Website:  www.openfoam.com                      |
|    \\/     M anipulation  |                                                 |
\*---------------------------------------------------------------------------*/
FoamFile
{
    version     2.0;
    format      ascii;
    arch        "LSB;label=32;scalar=64";
    class       volScalarField;
    location    "0.63";
    object      nut;
}
// * * * * * * * * * * * * * * * * * * * * * * * * * * * * * * * * * * * * * //

dimensions      [0 2 -1 0 0 0 0];

internalField   nonuniform List<scalar> 
12225
(
6.79403e-05
6.28487e-05
5.95567e-05
5.64967e-05
5.35215e-05
5.07352e-05
4.81583e-05
4.57479e-05
4.3475e-05
4.13332e-05
3.9318e-05
3.74208e-05
3.56312e-05
3.39432e-05
3.23407e-05
3.08521e-05
2.93243e-05
2.77246e-05
2.22408e-06
3.10916e-06
3.88891e-06
4.74014e-06
5.39272e-06
5.84713e-06
6.17007e-06
6.40155e-06
6.55575e-06
6.64716e-06
6.69174e-06
6.70214e-06
6.68828e-06
6.65863e-06
6.62595e-06
6.59537e-06
6.6027e-06
6.60438e-06
1.78637e-07
5.77084e-07
8.36001e-07
8.7851e-07
8.03985e-07
6.68419e-07
5.02183e-07
3.31482e-07
1.94201e-07
1.81804e-07
3.03319e-07
4.52764e-07
5.97669e-07
7.33064e-07
8.59864e-07
9.82182e-07
1.1003e-06
1.21997e-06
2.93907e-07
3.46341e-07
4.37492e-07
5.27956e-07
5.90254e-07
6.19628e-07
6.26573e-07
6.20418e-07
6.05456e-07
5.83973e-07
5.57888e-07
5.2888e-07
4.98448e-07
4.68487e-07
4.42575e-07
4.26972e-07
4.33513e-07
4.70197e-07
2.17666e-07
2.5484e-07
2.50939e-07
2.40364e-07
2.29768e-07
2.222e-07
2.19461e-07
2.21194e-07
2.26053e-07
2.3296e-07
2.41223e-07
2.5058e-07
2.61404e-07
2.7494e-07
2.93664e-07
3.20803e-07
3.60571e-07
4.13678e-07
1.54925e-07
1.8906e-07
1.969e-07
2.02602e-07
2.11012e-07
2.19803e-07
2.26438e-07
2.31038e-07
2.3449e-07
2.37503e-07
2.40739e-07
2.45037e-07
2.51479e-07
2.61482e-07
2.765e-07
2.9805e-07
3.27665e-07
3.65017e-07
1.14114e-07
1.51333e-07
1.71655e-07
1.83723e-07
1.92581e-07
1.98212e-07
2.00276e-07
2.00328e-07
2.00215e-07
2.01131e-07
2.0379e-07
2.08775e-07
2.16751e-07
2.28425e-07
2.44334e-07
2.65243e-07
2.9145e-07
3.22935e-07
8.5725e-08
1.22548e-07
1.4742e-07
1.61175e-07
1.69787e-07
1.75957e-07
1.80389e-07
1.83998e-07
1.87819e-07
1.92521e-07
1.98479e-07
2.0602e-07
2.15525e-07
2.2729e-07
2.41894e-07
2.59593e-07
2.801e-07
3.03899e-07
6.44109e-08
1.00081e-07
1.27285e-07
1.43664e-07
1.54197e-07
1.62022e-07
1.68016e-07
1.72719e-07
1.76909e-07
1.81301e-07
1.86421e-07
1.92687e-07
2.00447e-07
2.10043e-07
2.21811e-07
2.35736e-07
2.5148e-07
2.70001e-07
4.77827e-08
8.30858e-08
1.11538e-07
1.29845e-07
1.41612e-07
1.49898e-07
1.56027e-07
1.60751e-07
1.64878e-07
1.69142e-07
1.74063e-07
1.7999e-07
1.87161e-07
1.95773e-07
2.05785e-07
2.1722e-07
2.29663e-07
2.44212e-07
3.47898e-08
7.05272e-08
9.92846e-08
1.18464e-07
1.30811e-07
1.3921e-07
1.45304e-07
1.50001e-07
1.54039e-07
1.5803e-07
1.62411e-07
1.67463e-07
1.73362e-07
1.8021e-07
1.87996e-07
1.96748e-07
2.06045e-07
2.17176e-07
2.53153e-08
6.16733e-08
8.99862e-08
1.09252e-07
1.21712e-07
1.29973e-07
1.35766e-07
1.40076e-07
1.43597e-07
1.46887e-07
1.50359e-07
1.5429e-07
1.58843e-07
1.64106e-07
1.70074e-07
1.76762e-07
1.8376e-07
1.92414e-07
2.0252e-08
5.60808e-08
8.32903e-08
1.0203e-07
1.1414e-07
1.21928e-07
1.2711e-07
1.30723e-07
1.3346e-07
1.35857e-07
1.38312e-07
1.41091e-07
1.44346e-07
1.48152e-07
1.525e-07
1.57414e-07
1.62515e-07
1.6916e-07
2.05775e-08
5.34305e-08
7.89139e-08
9.66194e-08
1.07946e-07
1.14941e-07
1.19263e-07
1.21959e-07
1.2372e-07
1.25068e-07
1.26393e-07
1.27958e-07
1.29916e-07
1.32346e-07
1.35256e-07
1.38682e-07
1.42287e-07
1.47395e-07
2.51365e-08
5.3377e-08
7.66152e-08
9.2865e-08
1.03031e-07
1.0895e-07
1.12197e-07
1.1379e-07
1.14407e-07
1.14567e-07
1.14669e-07
1.14983e-07
1.15673e-07
1.16834e-07
1.18489e-07
1.2069e-07
1.23128e-07
1.27069e-07
3.18523e-08
5.55039e-08
7.61729e-08
9.06256e-08
9.93079e-08
1.03903e-07
1.05893e-07
1.06227e-07
1.05556e-07
1.04414e-07
1.03217e-07
1.0225e-07
1.01693e-07
1.01662e-07
1.02204e-07
1.03383e-07
1.04918e-07
1.07996e-07
3.96281e-08
5.9451e-08
7.74256e-08
8.98029e-08
9.67267e-08
9.9799e-08
1.00388e-07
9.93326e-08
9.72535e-08
9.47054e-08
9.21322e-08
8.98367e-08
8.80217e-08
8.68358e-08
8.63616e-08
8.66785e-08
8.75302e-08
9.00116e-08
4.81592e-08
6.5006e-08
8.02874e-08
9.0345e-08
9.52764e-08
9.66795e-08
9.57695e-08
9.32299e-08
8.96431e-08
8.55942e-08
8.1554e-08
7.78442e-08
7.47032e-08
7.23341e-08
7.08764e-08
7.04391e-08
7.07899e-08
7.29216e-08
5.75169e-08
7.21379e-08
8.47584e-08
9.22553e-08
9.50062e-08
9.46599e-08
9.22037e-08
8.81253e-08
8.29766e-08
7.73684e-08
7.17745e-08
6.65209e-08
6.18924e-08
5.8184e-08
5.56456e-08
5.44645e-08
5.44528e-08
5.6487e-08
6.80023e-08
8.10343e-08
9.09557e-08
9.5636e-08
9.61071e-08
9.40284e-08
9.0022e-08
8.43697e-08
7.76413e-08
7.04719e-08
6.32929e-08
5.63843e-08
5.00467e-08
4.46805e-08
4.07337e-08
3.86197e-08
3.8307e-08
4.05506e-08
8.0141e-08
9.21522e-08
9.91409e-08
1.00691e-07
9.8921e-08
9.53193e-08
8.99186e-08
8.2776e-08
7.45196e-08
6.58081e-08
5.70134e-08
4.83382e-08
4.00227e-08
3.24642e-08
2.63062e-08
2.25352e-08
2.1869e-08
2.50194e-08
9.47702e-08
1.06311e-07
1.09856e-07
1.07875e-07
1.03878e-07
9.89545e-08
9.24963e-08
8.4404e-08
7.52908e-08
6.56882e-08
5.58224e-08
4.57961e-08
3.57346e-08
2.58061e-08
1.62377e-08
7.62748e-09
4.76096e-09
1.1857e-08
1.13253e-07
1.2468e-07
1.24145e-07
1.18829e-07
1.12785e-07
1.06066e-07
9.78309e-08
8.84814e-08
7.88571e-08
6.93509e-08
5.99908e-08
5.07455e-08
4.16711e-08
3.29422e-08
2.49375e-08
1.8524e-08
1.54257e-08
1.73518e-08
1.38079e-07
1.48313e-07
1.42183e-07
1.35548e-07
1.30479e-07
1.2392e-07
1.14184e-07
1.0247e-07
9.03322e-08
7.85907e-08
6.76031e-08
5.75765e-08
4.8701e-08
4.12226e-08
3.54777e-08
3.18406e-08
3.04978e-08
3.15909e-08
1.74511e-07
1.79812e-07
1.61628e-07
1.50214e-07
1.4551e-07
1.42453e-07
1.37783e-07
1.31419e-07
1.23975e-07
1.15883e-07
1.07524e-07
9.93278e-08
9.16753e-08
8.48787e-08
7.91879e-08
7.48203e-08
7.17618e-08
7.00844e-08
2.32059e-07
2.38185e-07
2.11136e-07
1.87582e-07
1.67961e-07
1.53776e-07
1.46753e-07
1.45675e-07
1.48367e-07
1.534e-07
1.59831e-07
1.66921e-07
1.74001e-07
1.80464e-07
1.85704e-07
1.89533e-07
1.92079e-07
1.94314e-07
3.03615e-07
3.22037e-07
3.99043e-07
4.87358e-07
5.50148e-07
5.80728e-07
5.89524e-07
5.8541e-07
5.72094e-07
5.51728e-07
5.26446e-07
4.98118e-07
4.67936e-07
4.36587e-07
4.03578e-07
3.68757e-07
3.29303e-07
2.92295e-07
1.75537e-07
5.6461e-07
8.26934e-07
8.69549e-07
7.90321e-07
6.45353e-07
4.652e-07
2.73339e-07
1.00812e-07
1.25851e-07
3.0643e-07
4.82232e-07
6.40327e-07
7.78902e-07
8.9914e-07
1.00171e-06
1.0949e-06
1.17228e-06
2.22511e-06
3.11515e-06
3.91853e-06
4.80112e-06
5.48726e-06
5.97656e-06
6.33476e-06
6.60312e-06
6.79242e-06
6.91578e-06
6.98732e-06
7.01726e-06
7.01165e-06
6.97576e-06
6.90966e-06
6.8264e-06
6.69207e-06
6.61662e-06
6.79506e-05
6.28392e-05
5.95123e-05
5.64009e-05
5.33613e-05
5.05008e-05
4.78435e-05
4.53444e-05
4.2977e-05
4.07388e-05
3.86271e-05
3.66348e-05
3.47548e-05
3.29786e-05
3.13064e-05
2.97009e-05
2.82783e-05
2.6895e-05
2.04641e-06
2.11605e-06
1.9771e-06
5.26474e-06
9.28572e-06
1.3041e-05
1.64142e-05
1.93343e-05
2.16449e-05
2.3218e-05
2.41042e-05
2.42159e-05
2.33299e-05
2.14213e-05
1.85698e-05
1.50052e-05
1.12015e-05
7.80672e-06
5.15523e-06
3.09293e-06
1.47854e-06
1.40464e-06
3.47891e-06
6.14697e-06
8.30401e-06
9.71646e-06
1.04731e-05
1.05791e-05
1.00027e-05
8.47643e-06
5.93112e-06
4.25511e-06
7.04603e-06
1.24219e-05
1.82569e-05
2.38116e-05
2.8831e-05
3.31461e-05
3.67227e-05
3.95905e-05
4.18098e-05
4.34533e-05
4.45907e-05
4.52785e-05
4.55674e-05
4.54946e-05
4.5138e-05
4.4535e-05
4.36711e-05
4.25686e-05
4.1248e-05
3.97238e-05
3.8013e-05
3.61311e-05
3.40935e-05
3.19156e-05
2.96141e-05
2.72073e-05
2.47157e-05
2.21626e-05
1.95739e-05
1.69784e-05
1.44077e-05
1.18965e-05
9.48549e-06
7.22981e-06
5.22937e-06
3.72683e-06
3.226e-06
3.91427e-06
5.2089e-06
6.6632e-06
8.11433e-06
9.50689e-06
1.08206e-05
1.20461e-05
1.31742e-05
1.41893e-05
1.50656e-05
1.57718e-05
1.62658e-05
1.65289e-05
1.65628e-05
1.63828e-05
1.60249e-05
1.55506e-05
1.50513e-05
1.46349e-05
1.4406e-05
1.44244e-05
1.46337e-05
1.48416e-05
1.47524e-05
1.40192e-05
1.23937e-05
9.91815e-06
7.28064e-06
5.96666e-06
7.00114e-06
9.41064e-06
1.20459e-05
1.44352e-05
1.64203e-05
1.79764e-05
1.912e-05
1.98787e-05
2.02839e-05
2.03691e-05
2.0178e-05
1.97258e-05
1.90147e-05
1.80611e-05
1.68825e-05
1.55005e-05
1.39416e-05
1.22377e-05
1.04276e-05
8.55994e-06
6.70299e-06
4.97182e-06
3.60957e-06
3.13691e-06
3.83163e-06
5.1703e-06
6.70328e-06
8.25218e-06
9.7478e-06
1.11597e-05
1.24733e-05
1.36812e-05
1.47795e-05
1.57662e-05
1.66402e-05
1.73994e-05
1.8039e-05
1.85515e-05
1.89205e-05
1.91349e-05
1.92008e-05
1.91259e-05
1.89125e-05
1.85647e-05
1.809e-05
1.74993e-05
1.68071e-05
1.60305e-05
1.51891e-05
1.43034e-05
1.33941e-05
1.248e-05
1.15772e-05
1.06974e-05
9.84788e-06
9.03248e-06
8.25436e-06
7.51824e-06
6.83455e-06
6.21969e-06
5.69388e-06
5.2816e-06
5.00548e-06
4.88912e-06
4.93099e-06
5.12611e-06
5.46171e-06
5.90813e-06
6.42122e-06
6.94615e-06
7.42238e-06
7.79131e-06
8.00429e-06
8.02301e-06
7.81981e-06
7.37789e-06
6.69205e-06
5.78745e-06
4.70427e-06
3.51623e-06
2.42733e-06
1.84221e-06
1.86883e-06
6.43147e-07
4.14503e-06
6.99205e-06
8.55584e-06
8.80366e-06
8.13767e-06
7.05748e-06
5.96404e-06
5.14858e-06
4.767e-06
5.03063e-06
6.0005e-06
7.51829e-06
9.19057e-06
1.04374e-05
1.07631e-05
1.00599e-05
8.50549e-06
6.45566e-06
4.55097e-06
3.37062e-06
3.65657e-06
4.87368e-06
5.27662e-06
4.20709e-06
2.30647e-06
9.13245e-07
3.79102e-06
8.22949e-06
1.31253e-05
1.70199e-05
1.91823e-05
1.97182e-05
1.88778e-05
1.71359e-05
1.49078e-05
1.25529e-05
1.03229e-05
8.35845e-06
6.71585e-06
5.39892e-06
4.38331e-06
3.63599e-06
3.12349e-06
2.82188e-06
2.6931e-06
2.68341e-06
2.78211e-06
2.94619e-06
3.14543e-06
3.36049e-06
3.57853e-06
3.79111e-06
3.99217e-06
4.17665e-06
4.33971e-06
4.47644e-06
4.58195e-06
4.65181e-06
4.68268e-06
4.67288e-06
4.62275e-06
4.53493e-06
4.4145e-06
4.26819e-06
4.10329e-06
3.92843e-06
3.74502e-06
3.56438e-06
3.38939e-06
3.22598e-06
3.07946e-06
2.95536e-06
2.86022e-06
2.80358e-06
2.80015e-06
2.86962e-06
3.02964e-06
3.28506e-06
3.64241e-06
4.09797e-06
4.62696e-06
5.14429e-06
5.55397e-06
5.77539e-06
5.76304e-06
5.5313e-06
5.15868e-06
4.71518e-06
4.19965e-06
3.54612e-06
3.01795e-06
3.71732e-06
5.96494e-06
8.5073e-06
1.00465e-05
1.01284e-05
9.21221e-06
7.85514e-06
6.35858e-06
4.9068e-06
3.60962e-06
2.5068e-06
1.59507e-06
8.55612e-07
2.94973e-07
4.14391e-07
9.24199e-07
1.41791e-06
1.87913e-06
2.30769e-06
2.70292e-06
3.06205e-06
3.38075e-06
3.6558e-06
3.88348e-06
4.06236e-06
4.19352e-06
4.27641e-06
4.31358e-06
4.31782e-06
4.29939e-06
4.26227e-06
4.21717e-06
4.17245e-06
4.13512e-06
4.11092e-06
4.10428e-06
4.11847e-06
4.15587e-06
4.21856e-06
4.30936e-06
4.43375e-06
4.59904e-06
4.80892e-06
5.07383e-06
5.39852e-06
5.77387e-06
6.18398e-06
6.61195e-06
7.04033e-06
7.44804e-06
7.81315e-06
8.11462e-06
8.3338e-06
8.45627e-06
8.47346e-06
8.3839e-06
8.19385e-06
7.91682e-06
7.57198e-06
7.18141e-06
6.76651e-06
6.34519e-06
5.92973e-06
5.5268e-06
5.13968e-06
4.76908e-06
4.41621e-06
4.0806e-06
3.77022e-06
3.50008e-06
3.26945e-06
3.083e-06
2.94127e-06
2.82984e-06
2.72148e-06
2.58934e-06
2.41981e-06
2.21691e-06
2.01168e-06
1.87606e-06
1.90035e-06
2.11243e-06
2.44164e-06
2.73651e-06
2.85181e-06
2.81254e-06
2.65696e-06
7.35701e-07
3.2651e-06
6.49698e-06
7.94022e-06
8.03511e-06
7.26938e-06
6.0589e-06
4.74804e-06
3.5605e-06
2.60124e-06
1.97904e-06
1.72626e-06
1.89378e-06
2.48575e-06
3.57121e-06
5.11313e-06
6.73522e-06
7.83739e-06
7.88609e-06
6.72557e-06
4.81869e-06
2.83002e-06
1.95505e-06
2.75024e-06
2.80298e-06
1.31519e-06
2.21444e-06
6.68765e-06
1.18203e-05
1.57346e-05
1.73267e-05
1.67775e-05
1.4804e-05
1.2098e-05
9.25057e-06
6.68413e-06
4.61793e-06
3.10669e-06
2.09437e-06
1.46218e-06
1.07122e-06
8.12162e-07
6.57146e-07
6.66675e-07
8.50456e-07
1.13676e-06
1.48248e-06
1.82844e-06
2.16058e-06
2.47376e-06
2.76733e-06
3.04156e-06
3.29761e-06
3.53643e-06
3.75823e-06
3.96197e-06
4.14509e-06
4.3035e-06
4.43204e-06
4.5252e-06
4.5781e-06
4.58738e-06
4.5519e-06
4.47299e-06
4.3546e-06
4.20266e-06
4.02354e-06
3.82305e-06
3.60603e-06
3.38109e-06
3.15196e-06
2.92718e-06
2.71364e-06
2.51804e-06
2.34687e-06
2.20602e-06
2.10036e-06
2.03319e-06
2.00372e-06
1.99868e-06
1.98215e-06
1.91329e-06
1.7905e-06
1.7145e-06
1.82774e-06
2.09887e-06
2.35402e-06
2.46456e-06
2.4186e-06
2.30822e-06
2.36464e-06
3.05062e-06
4.67193e-06
6.89751e-06
8.849e-06
9.38893e-06
8.33621e-06
6.6267e-06
4.97651e-06
3.66078e-06
2.7882e-06
2.32067e-06
2.12121e-06
2.04975e-06
2.02858e-06
2.03882e-06
2.08815e-06
2.18888e-06
2.34858e-06
2.54477e-06
2.76698e-06
3.00561e-06
3.25177e-06
3.49583e-06
3.72454e-06
3.92845e-06
4.09742e-06
4.22375e-06
4.30034e-06
4.3185e-06
4.29312e-06
4.23245e-06
4.13666e-06
4.01335e-06
3.87292e-06
3.72385e-06
3.57306e-06
3.42624e-06
3.28795e-06
3.16184e-06
3.05118e-06
2.95949e-06
2.89083e-06
2.84927e-06
2.83785e-06
2.85522e-06
2.89016e-06
2.9413e-06
3.02208e-06
3.1465e-06
3.32529e-06
3.56459e-06
3.86728e-06
4.22918e-06
4.63883e-06
5.07776e-06
5.52171e-06
5.94304e-06
6.31389e-06
6.60956e-06
6.81154e-06
6.9095e-06
6.90204e-06
6.79611e-06
6.60513e-06
6.34582e-06
6.03474e-06
5.68578e-06
5.3084e-06
4.9084e-06
4.48704e-06
4.04099e-06
3.58335e-06
3.13197e-06
2.70551e-06
2.32413e-06
2.00535e-06
1.74283e-06
1.50859e-06
1.29922e-06
1.19011e-06
1.3039e-06
1.64056e-06
2.06359e-06
2.43275e-06
2.65759e-06
2.68406e-06
2.52529e-06
2.31379e-06
2.0364e-06
1.57634e-06
6.55425e-06
8.28575e-06
7.7236e-06
6.35547e-06
4.87939e-06
3.56854e-06
2.567e-06
1.90531e-06
1.4729e-06
1.09134e-06
6.47033e-07
1.70001e-07
3.4018e-07
8.62891e-07
1.6775e-06
2.93191e-06
4.34935e-06
5.28012e-06
5.17988e-06
4.08459e-06
2.40757e-06
8.67414e-07
4.71086e-07
1.51654e-06
3.71475e-06
7.91231e-06
1.26573e-05
1.53408e-05
1.5286e-05
1.33787e-05
1.05776e-05
7.67689e-06
5.21052e-06
3.43733e-06
2.38772e-06
1.92011e-06
1.77424e-06
1.72029e-06
1.66121e-06
1.59638e-06
1.56177e-06
1.59038e-06
1.68797e-06
1.83836e-06
2.01972e-06
2.21515e-06
2.4197e-06
2.62935e-06
2.8379e-06
3.04183e-06
3.23959e-06
3.43116e-06
3.61712e-06
3.79767e-06
3.97164e-06
4.13578e-06
4.28461e-06
4.41102e-06
4.50723e-06
4.56615e-06
4.58256e-06
4.55408e-06
4.4813e-06
4.36752e-06
4.21896e-06
4.04304e-06
3.83735e-06
3.61537e-06
3.38201e-06
3.14235e-06
2.90404e-06
2.6737e-06
2.45863e-06
2.26691e-06
2.10646e-06
1.98256e-06
1.89435e-06
1.83383e-06
1.79033e-06
1.75574e-06
1.7139e-06
1.61903e-06
1.4043e-06
1.04416e-06
6.10064e-07
4.12952e-07
7.72258e-07
1.32746e-06
2.10332e-06
3.25147e-06
4.82724e-06
6.59958e-06
7.98318e-06
8.20429e-06
7.0555e-06
5.40953e-06
4.0844e-06
3.23983e-06
2.81953e-06
2.64654e-06
2.56701e-06
2.51185e-06
2.47033e-06
2.45279e-06
2.46747e-06
2.51239e-06
2.58545e-06
2.68382e-06
2.81054e-06
2.9667e-06
3.14935e-06
3.35121e-06
3.56589e-06
3.77536e-06
3.96888e-06
4.13324e-06
4.253e-06
4.3183e-06
4.33204e-06
4.3032e-06
4.23013e-06
4.11899e-06
3.97925e-06
3.82057e-06
3.65144e-06
3.47883e-06
3.3082e-06
3.14367e-06
2.9882e-06
2.84406e-06
2.71329e-06
2.598e-06
2.49949e-06
2.41663e-06
2.34615e-06
2.28694e-06
2.24119e-06
2.20986e-06
2.19475e-06
2.20126e-06
2.23624e-06
2.30877e-06
2.42982e-06
2.61052e-06
2.85957e-06
3.17981e-06
3.56527e-06
3.99988e-06
4.45854e-06
4.91012e-06
5.32163e-06
5.66266e-06
5.90966e-06
6.04906e-06
6.07844e-06
6.00506e-06
5.8428e-06
5.60772e-06
5.31496e-06
4.97622e-06
4.59574e-06
4.17293e-06
3.70981e-06
3.22062e-06
2.73349e-06
2.28283e-06
1.90695e-06
1.63158e-06
1.47617e-06
1.48644e-06
1.68629e-06
1.99729e-06
2.29513e-06
2.4853e-06
2.5341e-06
2.46765e-06
2.34188e-06
2.25677e-06
2.16074e-06
3.81308e-06
8.8884e-06
8.49671e-06
6.16283e-06
3.99106e-06
2.53423e-06
1.83699e-06
1.78576e-06
1.97386e-06
2.08302e-06
2.01488e-06
1.78218e-06
1.45782e-06
1.15605e-06
9.59162e-07
8.80212e-07
1.15508e-06
2.05714e-06
3.19447e-06
3.95128e-06
4.06638e-06
3.71132e-06
3.25755e-06
3.19524e-06
5.14638e-06
8.83102e-06
1.25947e-05
1.41512e-05
1.319e-05
1.07434e-05
7.82733e-06
5.20597e-06
3.3032e-06
2.22412e-06
1.82376e-06
1.78903e-06
1.85202e-06
1.90433e-06
1.93727e-06
1.97356e-06
2.03116e-06
2.11369e-06
2.21901e-06
2.34072e-06
2.47475e-06
2.61504e-06
2.75886e-06
2.90404e-06
3.04859e-06
3.18981e-06
3.32597e-06
3.45714e-06
3.58527e-06
3.71362e-06
3.8453e-06
3.98164e-06
4.1206e-06
4.25622e-06
4.37926e-06
4.4788e-06
4.54434e-06
4.56762e-06
4.54448e-06
4.47469e-06
4.36168e-06
4.21268e-06
4.03268e-06
3.82103e-06
3.59676e-06
3.36003e-06
3.11721e-06
2.87369e-06
2.63444e-06
2.40531e-06
2.19375e-06
2.00867e-06
1.85888e-06
1.74963e-06
1.67826e-06
1.63195e-06
1.59104e-06
1.53505e-06
1.44624e-06
1.29671e-06
1.03862e-06
6.37249e-07
9.49961e-08
6.01116e-07
1.50464e-06
2.69672e-06
4.18938e-06
5.79127e-06
7.04334e-06
7.3851e-06
6.56978e-06
5.10212e-06
3.8517e-06
3.14171e-06
2.81349e-06
2.68439e-06
2.62515e-06
2.59112e-06
2.5808e-06
2.597e-06
2.63445e-06
2.68684e-06
2.74628e-06
2.80911e-06
2.88073e-06
2.97053e-06
3.08485e-06
3.22858e-06
3.39655e-06
3.58634e-06
3.78185e-06
3.96749e-06
4.12181e-06
4.23158e-06
4.29057e-06
4.30285e-06
4.26493e-06
4.18189e-06
4.06153e-06
3.91327e-06
3.74681e-06
3.57086e-06
3.39263e-06
3.21769e-06
3.05006e-06
2.89248e-06
2.74679e-06
2.61421e-06
2.4954e-06
2.39024e-06
2.29766e-06
2.21633e-06
2.14559e-06
2.08521e-06
2.03499e-06
1.99429e-06
1.9614e-06
1.93635e-06
1.92107e-06
1.91968e-06
1.93897e-06
1.98894e-06
2.08225e-06
2.23255e-06
2.45116e-06
2.74245e-06
3.09981e-06
3.50407e-06
3.92572e-06
4.33012e-06
4.68401e-06
4.96128e-06
5.14636e-06
5.23469e-06
5.23041e-06
5.14285e-06
4.98323e-06
4.76245e-06
4.49216e-06
4.18235e-06
3.83125e-06
3.44212e-06
3.03718e-06
2.65952e-06
2.3638e-06
2.19405e-06
2.16515e-06
2.25931e-06
2.41747e-06
2.55772e-06
2.6219e-06
2.59976e-06
2.52808e-06
2.44234e-06
2.39897e-06
2.34573e-06
6.79392e-06
9.88718e-06
7.18916e-06
3.97025e-06
2.01835e-06
1.43475e-06
1.69543e-06
2.14145e-06
2.49359e-06
2.66398e-06
2.64196e-06
2.46021e-06
2.18409e-06
1.91053e-06
1.7313e-06
1.6607e-06
1.68675e-06
1.99598e-06
2.84878e-06
3.97767e-06
4.91818e-06
5.35627e-06
5.27368e-06
5.98288e-06
9.40867e-06
1.26479e-05
1.33151e-05
1.17388e-05
9.07355e-06
6.23163e-06
3.9042e-06
2.41259e-06
1.74147e-06
1.61356e-06
1.69791e-06
1.82118e-06
1.93946e-06
2.05908e-06
2.1886e-06
2.32475e-06
2.45963e-06
2.58747e-06
2.7104e-06
2.82922e-06
2.94751e-06
3.06607e-06
3.18531e-06
3.30309e-06
3.41568e-06
3.519e-06
3.61026e-06
3.68935e-06
3.75961e-06
3.82763e-06
3.90163e-06
3.98865e-06
4.09135e-06
4.20599e-06
4.32241e-06
4.42633e-06
4.50291e-06
4.53931e-06
4.5285e-06
4.46806e-06
4.36221e-06
4.21378e-06
4.02338e-06
3.80947e-06
3.57988e-06
3.33838e-06
3.09213e-06
2.84542e-06
2.60149e-06
2.36381e-06
2.13757e-06
1.9307e-06
1.75356e-06
1.61645e-06
1.52441e-06
1.47125e-06
1.43776e-06
1.39732e-06
1.32491e-06
1.19844e-06
9.88772e-07
6.49553e-07
1.8511e-07
6.8513e-07
1.74635e-06
3.11239e-06
4.63614e-06
5.97646e-06
6.65702e-06
6.35215e-06
5.24474e-06
3.97258e-06
3.12867e-06
2.76051e-06
2.61495e-06
2.559e-06
2.54287e-06
2.55993e-06
2.60698e-06
2.67417e-06
2.74812e-06
2.81766e-06
2.87881e-06
2.93008e-06
2.97728e-06
3.03579e-06
3.1136e-06
3.22406e-06
3.37046e-06
3.54394e-06
3.73464e-06
3.91254e-06
4.06254e-06
4.17059e-06
4.23086e-06
4.23699e-06
4.19083e-06
4.09834e-06
3.9684e-06
3.81131e-06
3.63741e-06
3.45592e-06
3.27435e-06
3.09829e-06
2.93154e-06
2.77646e-06
2.63429e-06
2.50559e-06
2.39037e-06
2.28812e-06
2.19769e-06
2.11758e-06
2.04663e-06
1.98424e-06
1.93027e-06
1.88488e-06
1.84815e-06
1.81912e-06
1.79636e-06
1.77908e-06
1.76659e-06
1.75957e-06
1.76129e-06
1.7787e-06
1.82261e-06
1.90655e-06
2.04392e-06
2.24365e-06
2.50545e-06
2.81719e-06
3.15635e-06
3.49495e-06
3.80554e-06
4.06603e-06
4.26189e-06
4.38599e-06
4.43745e-06
4.41995e-06
4.34088e-06
4.21046e-06
4.04012e-06
3.83771e-06
3.60591e-06
3.35226e-06
3.10551e-06
2.91218e-06
2.8094e-06
2.79282e-06
2.81881e-06
2.83401e-06
2.80468e-06
2.72855e-06
2.63559e-06
2.54423e-06
2.50679e-06
2.43659e-06
1.0305e-05
9.57735e-06
5.09413e-06
2.20993e-06
1.43348e-06
1.64982e-06
2.06288e-06
2.48109e-06
2.79692e-06
2.95971e-06
2.96467e-06
2.82897e-06
2.58373e-06
2.32361e-06
2.1532e-06
2.10184e-06
2.14958e-06
2.39224e-06
3.08254e-06
4.26308e-06
5.56077e-06
6.30701e-06
6.46929e-06
8.83393e-06
1.25056e-05
1.31602e-05
1.11851e-05
8.32793e-06
5.51231e-06
3.33332e-06
2.04545e-06
1.54488e-06
1.4929e-06
1.6022e-06
1.75154e-06
1.9118e-06
2.07927e-06
2.24608e-06
2.39992e-06
2.53224e-06
2.64332e-06
2.73976e-06
2.83397e-06
2.9336e-06
3.04513e-06
3.16952e-06
3.30366e-06
3.44117e-06
3.57303e-06
3.69015e-06
3.78529e-06
3.85498e-06
3.90117e-06
3.93182e-06
3.95986e-06
3.99974e-06
4.0623e-06
4.15e-06
4.25494e-06
4.3608e-06
4.44862e-06
4.50033e-06
4.50484e-06
4.45883e-06
4.36125e-06
4.20924e-06
4.01533e-06
3.80034e-06
3.56489e-06
3.3181e-06
3.06753e-06
2.81786e-06
2.57151e-06
2.32976e-06
2.09458e-06
1.87085e-06
1.66787e-06
1.49897e-06
1.3774e-06
1.30812e-06
1.2798e-06
1.26606e-06
1.23525e-06
1.15735e-06
1.00136e-06
7.38963e-07
5.09696e-07
9.82407e-07
2.04088e-06
3.38296e-06
4.74545e-06
5.75041e-06
6.01502e-06
5.42594e-06
4.32651e-06
3.31142e-06
2.73882e-06
2.51817e-06
2.43337e-06
2.4095e-06
2.42698e-06
2.48023e-06
2.55697e-06
2.63848e-06
2.7154e-06
2.78533e-06
2.84683e-06
2.89687e-06
2.93659e-06
2.98659e-06
3.06286e-06
3.16155e-06
3.29799e-06
3.45931e-06
3.64269e-06
3.81697e-06
3.96585e-06
4.07387e-06
4.1296e-06
4.12946e-06
4.07537e-06
3.97427e-06
3.8361e-06
3.67213e-06
3.49343e-06
3.30968e-06
3.12853e-06
2.9554e-06
2.79366e-06
2.64506e-06
2.51019e-06
2.3889e-06
2.28056e-06
2.18417e-06
2.09848e-06
2.02221e-06
1.95435e-06
1.89423e-06
1.84135e-06
1.79549e-06
1.75681e-06
1.72549e-06
1.70101e-06
1.68278e-06
1.67002e-06
1.66099e-06
1.65354e-06
1.64595e-06
1.63848e-06
1.63505e-06
1.64406e-06
1.67758e-06
1.74912e-06
1.87012e-06
2.04582e-06
2.27205e-06
2.53512e-06
2.81508e-06
3.09034e-06
3.34152e-06
3.55395e-06
3.71866e-06
3.8324e-06
3.89705e-06
3.91743e-06
3.89843e-06
3.84169e-06
3.74064e-06
3.5942e-06
3.42634e-06
3.27985e-06
3.17922e-06
3.10757e-06
3.03125e-06
2.93194e-06
2.81277e-06
2.70011e-06
2.59909e-06
2.56513e-06
2.47578e-06
1.34418e-05
8.06415e-06
3.14954e-06
1.63979e-06
1.68585e-06
1.94448e-06
2.28721e-06
2.62885e-06
2.88515e-06
3.01923e-06
3.036e-06
2.94453e-06
2.75302e-06
2.52231e-06
2.35269e-06
2.27513e-06
2.27639e-06
2.45286e-06
3.04458e-06
4.22479e-06
5.65801e-06
6.42151e-06
7.2861e-06
1.1021e-05
1.30862e-05
1.13602e-05
8.35012e-06
5.45986e-06
3.26611e-06
1.99301e-06
1.5048e-06
1.44277e-06
1.54013e-06
1.69089e-06
1.85883e-06
2.02631e-06
2.17674e-06
2.29654e-06
2.38032e-06
2.432e-06
2.46438e-06
2.49617e-06
2.54731e-06
2.63061e-06
2.75293e-06
2.91102e-06
3.09389e-06
3.2881e-06
3.47811e-06
3.64917e-06
3.78894e-06
3.88938e-06
3.94886e-06
3.97399e-06
3.97981e-06
3.98697e-06
4.01541e-06
4.07665e-06
4.1687e-06
4.27572e-06
4.37554e-06
4.44462e-06
4.46936e-06
4.43887e-06
4.34381e-06
4.19339e-06
4.00628e-06
3.78974e-06
3.55076e-06
3.29967e-06
3.0447e-06
2.79159e-06
2.54323e-06
2.30003e-06
2.06135e-06
1.82824e-06
1.60645e-06
1.4084e-06
1.25194e-06
1.15366e-06
1.11648e-06
1.12152e-06
1.13379e-06
1.11328e-06
1.02466e-06
8.71756e-07
8.51967e-07
1.35641e-06
2.33691e-06
3.53981e-06
4.66966e-06
5.37593e-06
5.37854e-06
4.68746e-06
3.69032e-06
2.88027e-06
2.46562e-06
2.31696e-06
2.26787e-06
2.26965e-06
2.31045e-06
2.37688e-06
2.45724e-06
2.53995e-06
2.61656e-06
2.68693e-06
2.75241e-06
2.80706e-06
2.84914e-06
2.88618e-06
2.95563e-06
3.05544e-06
3.18659e-06
3.34485e-06
3.51665e-06
3.689e-06
3.83542e-06
3.9394e-06
3.98964e-06
3.98236e-06
3.92039e-06
3.81158e-06
3.66691e-06
3.49857e-06
3.31829e-06
3.1361e-06
2.95955e-06
2.79366e-06
2.64114e-06
2.50296e-06
2.37895e-06
2.26829e-06
2.16986e-06
2.08239e-06
2.00454e-06
1.93505e-06
1.87284e-06
1.8171e-06
1.76726e-06
1.72291e-06
1.68396e-06
1.65057e-06
1.62277e-06
1.60026e-06
1.58325e-06
1.57133e-06
1.56344e-06
1.55736e-06
1.54982e-06
1.53743e-06
1.51854e-06
1.49538e-06
1.47535e-06
1.47079e-06
1.49703e-06
1.56901e-06
1.6966e-06
1.88035e-06
2.11067e-06
2.37092e-06
2.64209e-06
2.90674e-06
3.15122e-06
3.36671e-06
3.54866e-06
3.69391e-06
3.79607e-06
3.84126e-06
3.81258e-06
3.70912e-06
3.56106e-06
3.4102e-06
3.27193e-06
3.13419e-06
2.9892e-06
2.84389e-06
2.72148e-06
2.61745e-06
2.58491e-06
2.48422e-06
1.57848e-05
5.94853e-06
2.10825e-06
1.76458e-06
1.89999e-06
2.09912e-06
2.37263e-06
2.64849e-06
2.84891e-06
2.93492e-06
2.93111e-06
2.86225e-06
2.72955e-06
2.55575e-06
2.40271e-06
2.28059e-06
2.19027e-06
2.246e-06
2.71304e-06
3.87106e-06
5.23477e-06
5.87034e-06
8.10996e-06
1.1811e-05
1.16898e-05
8.83348e-06
5.83792e-06
3.51671e-06
2.12772e-06
1.5609e-06
1.45482e-06
1.52439e-06
1.65476e-06
1.80005e-06
1.93392e-06
2.03814e-06
2.10157e-06
2.12073e-06
2.10033e-06
2.05326e-06
2.0008e-06
1.97375e-06
2.0003e-06
2.09604e-06
2.26146e-06
2.48172e-06
2.73419e-06
2.99843e-06
3.25527e-06
3.48773e-06
3.68123e-06
3.82485e-06
3.91369e-06
3.9516e-06
3.95307e-06
3.9419e-06
3.94525e-06
3.98391e-06
4.06357e-06
4.17106e-06
4.28424e-06
4.37268e-06
4.41614e-06
4.39249e-06
4.30567e-06
4.16742e-06
3.98679e-06
3.77139e-06
3.53205e-06
3.27917e-06
3.02155e-06
2.76584e-06
2.51597e-06
2.27277e-06
2.03453e-06
1.79915e-06
1.56793e-06
1.34928e-06
1.16057e-06
1.02517e-06
9.61484e-07
9.66658e-07
1.01113e-06
1.05037e-06
1.048e-06
1.02815e-06
1.17015e-06
1.69943e-06
2.58235e-06
3.61324e-06
4.5152e-06
4.98728e-06
4.83143e-06
4.1226e-06
3.23066e-06
2.56003e-06
2.23302e-06
2.11686e-06
2.08782e-06
2.10916e-06
2.16711e-06
2.24594e-06
2.32982e-06
2.41102e-06
2.48662e-06
2.55806e-06
2.62791e-06
2.68491e-06
2.73294e-06
2.77425e-06
2.8276e-06
2.91694e-06
3.03947e-06
3.19567e-06
3.36595e-06
3.53325e-06
3.67423e-06
3.77114e-06
3.81334e-06
3.79772e-06
3.72793e-06
3.61266e-06
3.46378e-06
3.29422e-06
3.11621e-06
2.93982e-06
2.77231e-06
2.61795e-06
2.47855e-06
2.35421e-06
2.24397e-06
2.14651e-06
2.06037e-06
1.98415e-06
1.91649e-06
1.85614e-06
1.80198e-06
1.75311e-06
1.70878e-06
1.66843e-06
1.6317e-06
1.59853e-06
1.569e-06
1.54283e-06
1.52008e-06
1.501e-06
1.48569e-06
1.47386e-06
1.46426e-06
1.45432e-06
1.44028e-06
1.41832e-06
1.38686e-06
1.34897e-06
1.31382e-06
1.29624e-06
1.31416e-06
1.38372e-06
1.51358e-06
1.70184e-06
1.93763e-06
2.20533e-06
2.48855e-06
2.77264e-06
3.04566e-06
3.29712e-06
3.51462e-06
3.67946e-06
3.76632e-06
3.75558e-06
3.65422e-06
3.49947e-06
3.32943e-06
3.15787e-06
2.98833e-06
2.82985e-06
2.70324e-06
2.59965e-06
2.56756e-06
2.46371e-06
1.71934e-05
4.07382e-06
2.04263e-06
2.00016e-06
2.07238e-06
2.20452e-06
2.44606e-06
2.7028e-06
2.85215e-06
2.86831e-06
2.80781e-06
2.71369e-06
2.60329e-06
2.49206e-06
2.36963e-06
2.19408e-06
1.98079e-06
1.86682e-06
2.20054e-06
3.29617e-06
4.35939e-06
5.19325e-06
8.77801e-06
1.11491e-05
9.40664e-06
6.42001e-06
3.93445e-06
2.35355e-06
1.65413e-06
1.49381e-06
1.53603e-06
1.63797e-06
1.74629e-06
1.83402e-06
1.88795e-06
1.90404e-06
1.88171e-06
1.82093e-06
1.72538e-06
1.60916e-06
1.50146e-06
1.4521e-06
1.50103e-06
1.65669e-06
1.89538e-06
2.18476e-06
2.49516e-06
2.8069e-06
3.10366e-06
3.37034e-06
3.59273e-06
3.75914e-06
3.86295e-06
3.90594e-06
3.90132e-06
3.87392e-06
3.85534e-06
3.87375e-06
3.94255e-06
4.05088e-06
4.17583e-06
4.27991e-06
4.33302e-06
4.32401e-06
4.25408e-06
4.12853e-06
3.95395e-06
3.74217e-06
3.50501e-06
3.25319e-06
2.99568e-06
2.73957e-06
2.48968e-06
2.24791e-06
2.01289e-06
1.78108e-06
1.54999e-06
1.32288e-06
1.11281e-06
9.43066e-07
8.41511e-07
8.25527e-07
8.84136e-07
9.79689e-07
1.07718e-06
1.19642e-06
1.45848e-06
1.99265e-06
2.77452e-06
3.63916e-06
4.34483e-06
4.64149e-06
4.39096e-06
3.69603e-06
2.88945e-06
2.30477e-06
2.02584e-06
1.93238e-06
1.9183e-06
1.94682e-06
2.00415e-06
2.07999e-06
2.16313e-06
2.24487e-06
2.31885e-06
2.38529e-06
2.45046e-06
2.50638e-06
2.5532e-06
2.60323e-06
2.66525e-06
2.75647e-06
2.8801e-06
3.0322e-06
3.19735e-06
3.35579e-06
3.4863e-06
3.57217e-06
3.60375e-06
3.57881e-06
3.50167e-06
3.38172e-06
3.23142e-06
3.0642e-06
2.89251e-06
2.72623e-06
2.57194e-06
2.43292e-06
2.30992e-06
2.20207e-06
2.10787e-06
2.02567e-06
1.95399e-06
1.89146e-06
1.83676e-06
1.7886e-06
1.74573e-06
1.70699e-06
1.67136e-06
1.63801e-06
1.60627e-06
1.57584e-06
1.54665e-06
1.5186e-06
1.49147e-06
1.46558e-06
1.44116e-06
1.41873e-06
1.3986e-06
1.38068e-06
1.36397e-06
1.3462e-06
1.32427e-06
1.2958e-06
1.26149e-06
1.22729e-06
1.20501e-06
1.21048e-06
1.2593e-06
1.36166e-06
1.51934e-06
1.72647e-06
1.97244e-06
2.24475e-06
2.53072e-06
2.81763e-06
3.09084e-06
3.33017e-06
3.50743e-06
3.59222e-06
3.56958e-06
3.45657e-06
3.29339e-06
3.11406e-06
2.93684e-06
2.77386e-06
2.64467e-06
2.54086e-06
2.50789e-06
2.40742e-06
1.75911e-05
3.26516e-06
2.53819e-06
2.38414e-06
2.33368e-06
2.41565e-06
2.67861e-06
2.92267e-06
3.00611e-06
2.95097e-06
2.8254e-06
2.65686e-06
2.51279e-06
2.43878e-06
2.32905e-06
2.09788e-06
1.74708e-06
1.41793e-06
1.6161e-06
2.53719e-06
3.18e-06
5.02572e-06
8.89491e-06
9.47566e-06
7.04361e-06
4.43314e-06
2.62899e-06
1.7515e-06
1.52691e-06
1.55097e-06
1.62994e-06
1.70352e-06
1.74965e-06
1.76618e-06
1.76206e-06
1.74209e-06
1.69733e-06
1.61201e-06
1.48175e-06
1.33073e-06
1.21366e-06
1.20902e-06
1.34292e-06
1.58063e-06
1.87248e-06
2.1887e-06
2.50965e-06
2.82451e-06
3.12247e-06
3.39003e-06
3.61186e-06
3.77393e-06
3.86716e-06
3.89258e-06
3.86405e-06
3.80869e-06
3.76165e-06
3.75621e-06
3.8132e-06
3.92164e-06
4.05e-06
4.16593e-06
4.23353e-06
4.24496e-06
4.19104e-06
4.07534e-06
3.90794e-06
3.70143e-06
3.46843e-06
3.22011e-06
2.9656e-06
2.71202e-06
2.46457e-06
2.22611e-06
1.9965e-06
1.77242e-06
1.54941e-06
1.32638e-06
1.11103e-06
9.22365e-07
7.88367e-07
7.38613e-07
7.89005e-07
9.25086e-07
1.11609e-06
1.35919e-06
1.71136e-06
2.24096e-06
2.9293e-06
3.64722e-06
4.19227e-06
4.36012e-06
4.05391e-06
3.38277e-06
2.63705e-06
2.09933e-06
1.84265e-06
1.76218e-06
1.75918e-06
1.79417e-06
1.85306e-06
1.92643e-06
2.00454e-06
2.08008e-06
2.149e-06
2.2135e-06
2.27986e-06
2.33909e-06
2.38966e-06
2.44262e-06
2.50823e-06
2.59852e-06
2.71817e-06
2.86209e-06
3.01562e-06
3.15934e-06
3.27408e-06
3.34507e-06
3.36405e-06
3.32959e-06
3.24642e-06
3.12418e-06
2.97561e-06
2.8144e-06
2.65297e-06
2.50074e-06
2.3633e-06
2.24271e-06
2.13855e-06
2.04925e-06
1.97301e-06
1.9083e-06
1.85382e-06
1.80833e-06
1.77045e-06
1.73865e-06
1.71129e-06
1.68676e-06
1.66364e-06
1.64072e-06
1.61708e-06
1.59214e-06
1.56567e-06
1.5376e-06
1.50774e-06
1.47642e-06
1.44382e-06
1.41061e-06
1.37759e-06
1.34572e-06
1.31607e-06
1.2894e-06
1.26567e-06
1.24387e-06
1.22267e-06
1.20205e-06
1.18518e-06
1.17938e-06
1.19519e-06
1.24362e-06
1.33278e-06
1.46583e-06
1.64106e-06
1.85315e-06
2.09462e-06
2.35629e-06
2.62627e-06
2.88719e-06
3.1131e-06
3.27083e-06
3.3314e-06
3.28877e-06
3.16765e-06
3.00664e-06
2.83707e-06
2.6773e-06
2.54722e-06
2.44139e-06
2.40418e-06
2.30921e-06
1.70366e-05
3.70711e-06
3.37219e-06
3.00293e-06
2.77991e-06
2.83561e-06
3.09983e-06
3.29201e-06
3.29874e-06
3.1826e-06
3.00855e-06
2.79241e-06
2.60339e-06
2.49141e-06
2.35391e-06
2.07315e-06
1.59349e-06
1.06847e-06
1.06442e-06
1.63453e-06
2.06742e-06
5.39836e-06
8.26823e-06
7.42287e-06
4.98271e-06
2.96431e-06
1.87008e-06
1.55489e-06
1.56558e-06
1.63102e-06
1.67926e-06
1.69592e-06
1.69183e-06
1.69131e-06
1.70481e-06
1.70948e-06
1.66586e-06
1.5541e-06
1.39698e-06
1.26503e-06
1.24097e-06
1.36391e-06
1.58493e-06
1.85931e-06
2.13928e-06
2.42248e-06
2.70547e-06
2.98641e-06
3.25923e-06
3.50981e-06
3.71848e-06
3.86662e-06
3.94045e-06
3.93784e-06
3.87164e-06
3.77412e-06
3.68977e-06
3.65487e-06
3.69063e-06
3.79229e-06
3.9227e-06
4.0468e-06
4.13281e-06
4.15806e-06
4.11579e-06
4.00987e-06
3.85036e-06
3.65033e-06
3.42307e-06
3.18027e-06
2.93129e-06
2.68317e-06
2.44105e-06
2.20834e-06
1.9861e-06
1.7724e-06
1.56278e-06
1.35372e-06
1.14853e-06
9.61661e-07
8.16838e-07
7.41628e-07
7.66072e-07
9.10027e-07
1.16182e-06
1.49761e-06
1.91928e-06
2.44689e-06
3.05905e-06
3.65605e-06
4.07453e-06
4.15015e-06
3.81362e-06
3.16788e-06
2.46156e-06
1.94014e-06
1.68317e-06
1.60631e-06
1.61132e-06
1.65221e-06
1.71241e-06
1.78314e-06
1.85673e-06
1.92765e-06
1.99397e-06
2.05838e-06
2.12655e-06
2.18729e-06
2.23915e-06
2.29321e-06
2.35898e-06
2.44571e-06
2.55689e-06
2.68672e-06
2.8215e-06
2.9441e-06
3.03835e-06
3.09196e-06
3.09799e-06
3.05529e-06
2.96841e-06
2.84676e-06
2.70311e-06
2.55127e-06
2.40351e-06
2.26857e-06
2.15081e-06
2.0509e-06
1.96745e-06
1.89854e-06
1.84262e-06
1.7986e-06
1.76547e-06
1.74192e-06
1.72613e-06
1.71591e-06
1.70888e-06
1.70279e-06
1.69575e-06
1.68623e-06
1.67317e-06
1.65588e-06
1.63409e-06
1.60781e-06
1.57689e-06
1.54168e-06
1.50241e-06
1.45972e-06
1.41456e-06
1.36816e-06
1.32224e-06
1.27903e-06
1.24098e-06
1.21023e-06
1.18798e-06
1.17438e-06
1.16914e-06
1.17283e-06
1.18795e-06
1.21907e-06
1.2719e-06
1.35166e-06
1.46183e-06
1.60366e-06
1.77636e-06
1.97721e-06
2.20075e-06
2.43633e-06
2.66481e-06
2.85719e-06
2.98025e-06
3.01132e-06
2.95347e-06
2.83412e-06
2.68809e-06
2.5405e-06
2.41365e-06
2.30591e-06
2.26113e-06
2.16959e-06
1.60113e-05
4.95832e-06
4.48417e-06
3.87288e-06
3.46817e-06
3.46329e-06
3.67085e-06
3.77124e-06
3.67827e-06
3.47854e-06
3.26049e-06
3.04837e-06
2.84923e-06
2.67232e-06
2.46691e-06
2.11979e-06
1.62549e-06
1.18757e-06
1.06333e-06
8.34635e-07
1.9928e-06
5.72314e-06
7.01773e-06
5.48571e-06
3.40777e-06
2.07599e-06
1.6252e-06
1.60883e-06
1.66201e-06
1.68998e-06
1.68571e-06
1.67059e-06
1.68034e-06
1.72972e-06
1.7836e-06
1.78334e-06
1.69933e-06
1.56154e-06
1.45187e-06
1.45688e-06
1.59422e-06
1.81286e-06
2.0406e-06
2.2825e-06
2.51263e-06
2.73172e-06
2.95363e-06
3.1831e-06
3.41898e-06
3.6485e-06
3.84784e-06
3.99026e-06
4.04953e-06
4.01881e-06
3.91662e-06
3.77643e-06
3.6481e-06
3.57872e-06
3.58947e-06
3.67549e-06
3.80505e-06
3.93493e-06
4.02852e-06
4.06358e-06
4.03137e-06
3.93459e-06
3.78327e-06
3.59073e-06
3.37063e-06
3.1351e-06
2.89374e-06
2.65358e-06
2.41958e-06
2.19517e-06
1.98227e-06
1.78053e-06
1.58689e-06
1.39744e-06
1.21269e-06
1.04332e-06
9.0907e-07
8.30064e-07
8.29701e-07
9.47744e-07
1.21113e-06
1.5987e-06
2.07213e-06
2.60649e-06
3.16672e-06
3.67291e-06
3.99733e-06
4.0106e-06
3.66211e-06
3.0421e-06
2.35993e-06
1.83153e-06
1.55144e-06
1.46447e-06
1.47299e-06
1.52005e-06
1.58361e-06
1.6544e-06
1.72634e-06
1.79531e-06
1.86025e-06
1.92443e-06
1.99312e-06
2.0534e-06
2.10445e-06
2.15717e-06
2.21923e-06
2.29759e-06
2.39393e-06
2.5023e-06
2.6113e-06
2.70768e-06
2.77911e-06
2.81568e-06
2.81095e-06
2.76309e-06
2.67564e-06
2.55747e-06
2.42135e-06
2.2814e-06
2.14983e-06
2.03453e-06
1.93841e-06
1.86081e-06
1.79975e-06
1.75361e-06
1.7216e-06
1.70316e-06
1.69722e-06
1.70174e-06
1.71376e-06
1.72987e-06
1.74672e-06
1.76141e-06
1.77175e-06
1.77626e-06
1.77406e-06
1.76473e-06
1.74822e-06
1.72474e-06
1.69437e-06
1.65732e-06
1.6139e-06
1.5645e-06
1.51002e-06
1.45162e-06
1.39103e-06
1.33074e-06
1.27406e-06
1.22487e-06
1.18699e-06
1.16325e-06
1.15472e-06
1.16065e-06
1.17925e-06
1.20905e-06
1.24991e-06
1.30332e-06
1.37197e-06
1.45899e-06
1.56741e-06
1.69979e-06
1.8573e-06
2.03751e-06
2.23078e-06
2.41721e-06
2.56776e-06
2.65331e-06
2.65951e-06
2.59532e-06
2.48733e-06
2.36232e-06
2.24544e-06
2.13918e-06
2.0863e-06
1.99517e-06
1.47255e-05
6.62593e-06
5.8883e-06
4.98798e-06
4.39194e-06
4.26965e-06
4.38266e-06
4.38682e-06
4.18872e-06
3.87547e-06
3.56233e-06
3.30573e-06
3.09907e-06
2.90782e-06
2.69335e-06
2.41698e-06
2.15623e-06
2.01798e-06
1.80182e-06
6.42908e-07
2.8553e-06
5.52902e-06
5.58073e-06
3.95731e-06
2.46497e-06
1.82605e-06
1.74114e-06
1.76607e-06
1.76598e-06
1.7371e-06
1.70726e-06
1.71756e-06
1.78643e-06
1.87627e-06
1.91808e-06
1.87362e-06
1.77037e-06
1.69248e-06
1.7202e-06
1.85783e-06
2.05814e-06
2.27577e-06
2.4765e-06
2.64686e-06
2.81607e-06
2.97517e-06
3.14199e-06
3.32769e-06
3.53465e-06
3.75329e-06
3.948e-06
4.08663e-06
4.14107e-06
4.09571e-06
3.96513e-06
3.78952e-06
3.62235e-06
3.51795e-06
3.50495e-06
3.57632e-06
3.69783e-06
3.82619e-06
3.92345e-06
3.96487e-06
3.94037e-06
3.85179e-06
3.70874e-06
3.52452e-06
3.3129e-06
3.08621e-06
2.85422e-06
2.62403e-06
2.4004e-06
2.18659e-06
1.98482e-06
1.79597e-06
1.61883e-06
1.45052e-06
1.29027e-06
1.14545e-06
1.03229e-06
9.65259e-07
9.54717e-07
1.03474e-06
1.26492e-06
1.65844e-06
2.16245e-06
2.71161e-06
3.24652e-06
3.69468e-06
3.95693e-06
3.934e-06
3.58888e-06
2.99708e-06
2.33176e-06
1.78163e-06
1.4559e-06
1.33821e-06
1.34054e-06
1.3926e-06
1.46211e-06
1.53646e-06
1.60975e-06
1.67866e-06
1.74278e-06
1.80608e-06
1.8738e-06
1.93229e-06
1.98039e-06
2.0287e-06
2.08239e-06
2.14622e-06
2.22038e-06
2.3002e-06
2.37842e-06
2.44708e-06
2.49778e-06
2.52179e-06
2.5115e-06
2.46299e-06
2.37814e-06
2.26534e-06
2.13799e-06
2.01111e-06
1.89712e-06
1.80286e-06
1.72963e-06
1.67567e-06
1.63914e-06
1.61944e-06
1.61669e-06
1.63032e-06
1.65814e-06
1.69621e-06
1.73963e-06
1.78345e-06
1.82348e-06
1.85667e-06
1.88117e-06
1.89612e-06
1.90141e-06
1.89736e-06
1.88453e-06
1.86346e-06
1.83463e-06
1.79824e-06
1.75443e-06
1.70316e-06
1.64495e-06
1.5805e-06
1.51107e-06
1.43875e-06
1.36661e-06
1.29878e-06
1.24011e-06
1.19546e-06
1.16844e-06
1.1604e-06
1.16999e-06
1.19381e-06
1.22789e-06
1.26912e-06
1.31624e-06
1.36992e-06
1.43265e-06
1.50842e-06
1.60212e-06
1.71768e-06
1.8546e-06
2.00386e-06
2.14598e-06
2.25464e-06
2.30727e-06
2.29657e-06
2.23438e-06
2.14142e-06
2.0426e-06
1.94392e-06
1.88621e-06
1.79468e-06
1.33323e-05
8.4298e-06
7.46131e-06
6.3047e-06
5.47288e-06
5.16167e-06
5.16845e-06
5.1375e-06
4.9207e-06
4.55548e-06
4.14735e-06
3.79292e-06
3.54365e-06
3.391e-06
3.29773e-06
3.21796e-06
3.15521e-06
2.96945e-06
2.26787e-06
1.43876e-06
3.53643e-06
4.93122e-06
4.3782e-06
3.07891e-06
2.25627e-06
2.03604e-06
1.9978e-06
1.94946e-06
1.87921e-06
1.81864e-06
1.80917e-06
1.8752e-06
1.98443e-06
2.06744e-06
2.07328e-06
2.01487e-06
1.95947e-06
1.97681e-06
2.08228e-06
2.22945e-06
2.37643e-06
2.51331e-06
2.67354e-06
2.81058e-06
2.95172e-06
3.10129e-06
3.25355e-06
3.41892e-06
3.60318e-06
3.80482e-06
3.99705e-06
4.13454e-06
4.18609e-06
4.13522e-06
3.98879e-06
3.7878e-06
3.59392e-06
3.46596e-06
3.4338e-06
3.49012e-06
3.60083e-06
3.72312e-06
3.81926e-06
3.86364e-06
3.84477e-06
3.7634e-06
3.62855e-06
3.45326e-06
3.25126e-06
3.03481e-06
2.8137e-06
2.595e-06
2.38338e-06
2.18188e-06
1.99265e-06
1.81723e-06
1.65589e-06
1.50738e-06
1.37086e-06
1.25096e-06
1.16037e-06
1.11071e-06
1.10331e-06
1.1538e-06
1.32685e-06
1.68197e-06
2.18797e-06
2.75317e-06
3.28676e-06
3.70985e-06
3.94157e-06
3.90704e-06
3.58e-06
3.02217e-06
2.37467e-06
1.79924e-06
1.41123e-06
1.23597e-06
1.21278e-06
1.26261e-06
1.33781e-06
1.41804e-06
1.49521e-06
1.56593e-06
1.63036e-06
1.69322e-06
1.75831e-06
1.81361e-06
1.85612e-06
1.89592e-06
1.93552e-06
1.97778e-06
2.0228e-06
2.06939e-06
2.11659e-06
2.16238e-06
2.2008e-06
2.22152e-06
2.21322e-06
2.1685e-06
2.0877e-06
1.97981e-06
1.86026e-06
1.74601e-06
1.64983e-06
1.57717e-06
1.52757e-06
1.49881e-06
1.49011e-06
1.50224e-06
1.53553e-06
1.58782e-06
1.65399e-06
1.72701e-06
1.79967e-06
1.86597e-06
1.92177e-06
1.96491e-06
1.99484e-06
2.01211e-06
2.01793e-06
2.01371e-06
2.00085e-06
1.98047e-06
1.95331e-06
1.91978e-06
1.87979e-06
1.83278e-06
1.77868e-06
1.71736e-06
1.64908e-06
1.57489e-06
1.49684e-06
1.41823e-06
1.34356e-06
1.27814e-06
1.22722e-06
1.19465e-06
1.18177e-06
1.18693e-06
1.20608e-06
1.23415e-06
1.26661e-06
1.30053e-06
1.3352e-06
1.37249e-06
1.41698e-06
1.47509e-06
1.55229e-06
1.64888e-06
1.75631e-06
1.85673e-06
1.92846e-06
1.95549e-06
1.93582e-06
1.87922e-06
1.80534e-06
1.72121e-06
1.66467e-06
1.57544e-06
1.2355e-05
1.01338e-05
9.02425e-06
7.64401e-06
6.50294e-06
5.88231e-06
5.7279e-06
5.72883e-06
5.65929e-06
5.45243e-06
5.13504e-06
4.77801e-06
4.4708e-06
4.28282e-06
4.20624e-06
4.13399e-06
3.92638e-06
3.37213e-06
2.37358e-06
2.32784e-06
3.79495e-06
4.35168e-06
3.75186e-06
2.95882e-06
2.55962e-06
2.40457e-06
2.27911e-06
2.14456e-06
2.03004e-06
1.97617e-06
2.00838e-06
2.1131e-06
2.22377e-06
2.27591e-06
2.25682e-06
2.21119e-06
2.20282e-06
2.25188e-06
2.34253e-06
2.44657e-06
2.55115e-06
2.66473e-06
2.79745e-06
2.92157e-06
3.04167e-06
3.1758e-06
3.32075e-06
3.47318e-06
3.64018e-06
3.8195e-06
3.99753e-06
4.13339e-06
4.18499e-06
4.12845e-06
3.97177e-06
3.75813e-06
3.5524e-06
3.41422e-06
3.37113e-06
3.41405e-06
3.51133e-06
3.62397e-06
3.7159e-06
3.76089e-06
3.74607e-06
3.67103e-06
3.54414e-06
3.37816e-06
3.18662e-06
2.98157e-06
2.77258e-06
2.56655e-06
2.36803e-06
2.17987e-06
2.00404e-06
1.84219e-06
1.69548e-06
1.56407e-06
1.44777e-06
1.34942e-06
1.2783e-06
1.24469e-06
1.24699e-06
1.28346e-06
1.39934e-06
1.68228e-06
2.15377e-06
2.72466e-06
3.27328e-06
3.70144e-06
3.93363e-06
3.91181e-06
3.61842e-06
3.10386e-06
2.48225e-06
1.88954e-06
1.43617e-06
1.17778e-06
1.09784e-06
1.12693e-06
1.20114e-06
1.28651e-06
1.369e-06
1.4433e-06
1.50917e-06
1.57188e-06
1.63301e-06
1.68246e-06
1.71585e-06
1.74193e-06
1.76093e-06
1.77492e-06
1.7864e-06
1.80075e-06
1.8252e-06
1.86237e-06
1.90451e-06
1.93491e-06
1.93577e-06
1.89623e-06
1.81683e-06
1.70965e-06
1.59427e-06
1.49058e-06
1.41144e-06
1.36024e-06
1.3349e-06
1.33374e-06
1.35781e-06
1.40859e-06
1.48441e-06
1.57882e-06
1.682e-06
1.78356e-06
1.87496e-06
1.95071e-06
2.0084e-06
2.0481e-06
2.0715e-06
2.08103e-06
2.07936e-06
2.06896e-06
2.0519e-06
2.0298e-06
2.00368e-06
1.97413e-06
1.94104e-06
1.90347e-06
1.86092e-06
1.81242e-06
1.75697e-06
1.6941e-06
1.62412e-06
1.54861e-06
1.47056e-06
1.3944e-06
1.32542e-06
1.26885e-06
1.22863e-06
1.20621e-06
1.20016e-06
1.20666e-06
1.22066e-06
1.23717e-06
1.25248e-06
1.26506e-06
1.27649e-06
1.29183e-06
1.31828e-06
1.36174e-06
1.4225e-06
1.49255e-06
1.55674e-06
1.59844e-06
1.60757e-06
1.58332e-06
1.53673e-06
1.47243e-06
1.42354e-06
1.34179e-06
1.2366e-05
1.1445e-05
1.02582e-05
8.67945e-06
7.14613e-06
6.02573e-06
5.51967e-06
5.4949e-06
5.68079e-06
5.86944e-06
5.94626e-06
5.86317e-06
5.63207e-06
5.3188e-06
4.98865e-06
4.63349e-06
4.10353e-06
3.31688e-06
2.61308e-06
3.02735e-06
3.96196e-06
4.21229e-06
3.82061e-06
3.34845e-06
3.02955e-06
2.78798e-06
2.56499e-06
2.37109e-06
2.24503e-06
2.21727e-06
2.28275e-06
2.39585e-06
2.49271e-06
2.52331e-06
2.49767e-06
2.46103e-06
2.45969e-06
2.49115e-06
2.53706e-06
2.59784e-06
2.67564e-06
2.7903e-06
2.92396e-06
3.03806e-06
3.14695e-06
3.25299e-06
3.36716e-06
3.49021e-06
3.63166e-06
3.79404e-06
3.95819e-06
4.08512e-06
4.13139e-06
4.07037e-06
3.90936e-06
3.69415e-06
3.49143e-06
3.35652e-06
3.30998e-06
3.34131e-06
3.42433e-06
3.52607e-06
3.61271e-06
3.65733e-06
3.64557e-06
3.57606e-06
3.45673e-06
3.30014e-06
3.11958e-06
2.92677e-06
2.73085e-06
2.53836e-06
2.35358e-06
2.1792e-06
2.01699e-06
1.86849e-06
1.73515e-06
1.61794e-06
1.51744e-06
1.43568e-06
1.37919e-06
1.35709e-06
1.36921e-06
1.40423e-06
1.47901e-06
1.67622e-06
2.07439e-06
2.6261e-06
3.19341e-06
3.65008e-06
3.91167e-06
3.92713e-06
3.68451e-06
3.22562e-06
2.64298e-06
2.04978e-06
1.54482e-06
1.19419e-06
1.02156e-06
9.95017e-07
1.04917e-06
1.13224e-06
1.21815e-06
1.29607e-06
1.36361e-06
1.42482e-06
1.4802e-06
1.52032e-06
1.54018e-06
1.54666e-06
1.53885e-06
1.52042e-06
1.50028e-06
1.49434e-06
1.5182e-06
1.57318e-06
1.64075e-06
1.69228e-06
1.70347e-06
1.66325e-06
1.57645e-06
1.46159e-06
1.34444e-06
1.24807e-06
1.18439e-06
1.15398e-06
1.15388e-06
1.18429e-06
1.24782e-06
1.34391e-06
1.46496e-06
1.59759e-06
1.72712e-06
1.84158e-06
1.93374e-06
2.00113e-06
2.04489e-06
2.06829e-06
2.07543e-06
2.07034e-06
2.05651e-06
2.03677e-06
2.0133e-06
1.98777e-06
1.9614e-06
1.93509e-06
1.90907e-06
1.88238e-06
1.85468e-06
1.82473e-06
1.79061e-06
1.75035e-06
1.70227e-06
1.64552e-06
1.58069e-06
1.51e-06
1.43732e-06
1.36765e-06
1.30611e-06
1.25676e-06
1.22151e-06
1.19966e-06
1.18826e-06
1.18289e-06
1.17883e-06
1.17216e-06
1.16114e-06
1.14745e-06
1.13653e-06
1.13569e-06
1.1504e-06
1.1805e-06
1.21885e-06
1.25335e-06
1.27241e-06
1.26883e-06
1.24534e-06
1.202e-06
1.1651e-06
1.09616e-06
1.33763e-05
1.21027e-05
1.09067e-05
9.07749e-06
7.09512e-06
5.31916e-06
4.10695e-06
3.73785e-06
4.12546e-06
4.85878e-06
5.60198e-06
6.14381e-06
6.35603e-06
6.19872e-06
5.72589e-06
5.04023e-06
4.23918e-06
3.51141e-06
3.27569e-06
3.81214e-06
4.47345e-06
4.63978e-06
4.34563e-06
3.90661e-06
3.50665e-06
3.1587e-06
2.86124e-06
2.6395e-06
2.52277e-06
2.51835e-06
2.59593e-06
2.694e-06
2.76138e-06
2.76878e-06
2.73008e-06
2.68294e-06
2.66142e-06
2.67516e-06
2.7083e-06
2.75466e-06
2.81284e-06
2.88685e-06
2.98138e-06
3.0714e-06
3.16559e-06
3.26558e-06
3.36656e-06
3.47068e-06
3.59002e-06
3.73112e-06
3.87824e-06
3.99263e-06
4.02975e-06
3.96274e-06
3.80161e-06
3.59572e-06
3.40993e-06
3.28902e-06
3.24368e-06
3.26457e-06
3.33434e-06
3.4268e-06
3.50943e-06
3.5539e-06
3.54462e-06
3.47978e-06
3.3674e-06
3.22002e-06
3.0507e-06
2.87066e-06
2.68847e-06
2.51007e-06
2.33936e-06
2.17873e-06
2.02981e-06
1.89399e-06
1.77268e-06
1.66715e-06
1.57838e-06
1.50811e-06
1.46106e-06
1.44506e-06
1.46277e-06
1.50188e-06
1.55599e-06
1.67703e-06
1.97258e-06
2.46741e-06
3.04003e-06
3.53722e-06
3.85236e-06
3.92915e-06
3.75606e-06
3.36784e-06
2.84032e-06
2.26812e-06
1.73747e-06
1.31155e-06
1.02978e-06
9.02387e-07
8.96511e-07
9.54962e-07
1.03392e-06
1.11081e-06
1.17732e-06
1.23419e-06
1.28042e-06
1.30693e-06
1.30827e-06
1.28955e-06
1.25117e-06
1.20301e-06
1.16717e-06
1.17409e-06
1.24029e-06
1.34837e-06
1.45758e-06
1.52863e-06
1.53801e-06
1.48148e-06
1.37277e-06
1.23932e-06
1.11356e-06
1.02061e-06
9.69908e-07
9.59262e-07
9.86689e-07
1.05507e-06
1.1656e-06
1.30996e-06
1.47056e-06
1.62706e-06
1.76293e-06
1.86872e-06
1.94208e-06
1.98587e-06
2.00566e-06
2.00764e-06
1.9973e-06
1.97887e-06
1.95532e-06
1.92867e-06
1.90037e-06
1.87163e-06
1.84359e-06
1.81762e-06
1.79483e-06
1.77473e-06
1.758e-06
1.74428e-06
1.73167e-06
1.71758e-06
1.69874e-06
1.67194e-06
1.63475e-06
1.58628e-06
1.52761e-06
1.46179e-06
1.39334e-06
1.32732e-06
1.26809e-06
1.21827e-06
1.17828e-06
1.14631e-06
1.11899e-06
1.0922e-06
1.06232e-06
1.0279e-06
9.91019e-07
9.57291e-07
9.33609e-07
9.24489e-07
9.29321e-07
9.41999e-07
9.53705e-07
9.55777e-07
9.45707e-07
9.19233e-07
8.94783e-07
8.41675e-07
1.50662e-05
1.16459e-05
1.05585e-05
8.66367e-06
6.46816e-06
4.40432e-06
2.66107e-06
1.12196e-06
6.74506e-07
2.15254e-06
3.688e-06
5.06522e-06
6.05663e-06
6.49947e-06
6.3683e-06
5.78405e-06
5.02285e-06
4.45857e-06
4.48547e-06
4.96238e-06
5.39794e-06
5.41204e-06
5.01073e-06
4.46902e-06
3.95573e-06
3.51722e-06
3.17062e-06
2.94144e-06
2.8391e-06
2.8467e-06
2.91776e-06
2.9915e-06
3.02245e-06
2.9968e-06
2.92891e-06
2.8525e-06
2.79608e-06
2.78212e-06
2.80425e-06
2.83914e-06
2.87752e-06
2.93067e-06
3.00087e-06
3.08686e-06
3.16784e-06
3.25378e-06
3.33527e-06
3.41673e-06
3.51303e-06
3.63196e-06
3.75917e-06
3.85737e-06
3.88234e-06
3.80915e-06
3.65341e-06
3.46815e-06
3.31059e-06
3.20894e-06
3.1652e-06
3.17673e-06
3.23726e-06
3.32528e-06
3.40703e-06
3.45215e-06
3.44462e-06
3.38333e-06
3.27704e-06
3.13858e-06
2.98065e-06
2.81379e-06
2.64574e-06
2.48171e-06
2.32504e-06
2.1778e-06
2.04142e-06
1.91718e-06
1.80641e-06
1.71039e-06
1.63012e-06
1.56703e-06
1.52471e-06
1.5097e-06
1.527e-06
1.56876e-06
1.61734e-06
1.68758e-06
1.87418e-06
2.27052e-06
2.81604e-06
3.34897e-06
3.73262e-06
3.89213e-06
3.80825e-06
3.50785e-06
3.05358e-06
2.52548e-06
1.99926e-06
1.53255e-06
1.16369e-06
9.16557e-07
7.97522e-07
7.82118e-07
8.23792e-07
8.83133e-07
9.3881e-07
9.84464e-07
1.01582e-06
1.02333e-06
1.00091e-06
9.53407e-07
8.87779e-07
8.30939e-07
8.30527e-07
9.222e-07
1.08524e-06
1.26175e-06
1.39873e-06
1.4636e-06
1.44499e-06
1.35073e-06
1.20513e-06
1.04381e-06
9.03645e-07
8.09518e-07
7.67845e-07
7.76235e-07
8.36676e-07
9.52369e-07
1.11483e-06
1.30139e-06
1.48439e-06
1.64122e-06
1.7595e-06
1.83717e-06
1.87959e-06
1.89558e-06
1.89407e-06
1.88216e-06
1.86445e-06
1.84334e-06
1.81976e-06
1.79391e-06
1.7659e-06
1.73612e-06
1.70559e-06
1.67602e-06
1.64983e-06
1.62726e-06
1.61067e-06
1.6018e-06
1.60028e-06
1.6044e-06
1.61073e-06
1.61457e-06
1.61085e-06
1.59523e-06
1.56504e-06
1.51996e-06
1.46208e-06
1.39546e-06
1.3251e-06
1.2558e-06
1.19106e-06
1.13246e-06
1.0795e-06
1.02989e-06
9.80339e-07
9.27901e-07
8.71758e-07
8.14478e-07
7.61613e-07
7.19267e-07
6.90971e-07
6.75755e-07
6.68928e-07
6.63566e-07
6.55434e-07
6.38031e-07
6.22525e-07
5.84723e-07
1.69784e-05
9.93112e-06
8.96554e-06
7.22688e-06
5.65448e-06
4.88303e-06
4.80728e-06
4.76225e-06
4.33498e-06
3.56984e-06
3.16476e-06
3.86828e-06
5.15565e-06
6.24906e-06
6.79121e-06
6.76147e-06
6.39691e-06
6.04954e-06
6.07658e-06
6.35048e-06
6.49457e-06
6.23794e-06
5.66083e-06
4.98783e-06
4.36794e-06
3.85857e-06
3.48547e-06
3.25861e-06
3.16481e-06
3.16941e-06
3.22005e-06
3.26213e-06
3.25724e-06
3.19627e-06
3.09533e-06
2.98799e-06
2.90535e-06
2.86615e-06
2.8647e-06
2.87591e-06
2.89153e-06
2.93422e-06
2.99497e-06
3.07164e-06
3.13813e-06
3.20471e-06
3.26311e-06
3.32093e-06
3.39418e-06
3.49122e-06
3.59888e-06
3.68054e-06
3.69268e-06
3.61546e-06
3.47335e-06
3.32009e-06
3.19665e-06
3.11209e-06
3.06729e-06
3.073e-06
3.13256e-06
3.22361e-06
3.30804e-06
3.35392e-06
3.34666e-06
3.2874e-06
3.18635e-06
3.05664e-06
2.91039e-06
2.75712e-06
2.6035e-06
2.45386e-06
2.31092e-06
2.17638e-06
2.05148e-06
1.93739e-06
1.83541e-06
1.74684e-06
1.67256e-06
1.61349e-06
1.57217e-06
1.55406e-06
1.56525e-06
1.60375e-06
1.65214e-06
1.69871e-06
1.79728e-06
2.06736e-06
2.5385e-06
3.08109e-06
3.53326e-06
3.79012e-06
3.81403e-06
3.61986e-06
3.2583e-06
2.79766e-06
2.30536e-06
1.83509e-06
1.42295e-06
1.09065e-06
8.50798e-07
7.07448e-07
6.48599e-07
6.43555e-07
6.58795e-07
6.74338e-07
6.78201e-07
6.57496e-07
6.04997e-07
5.30714e-07
4.68349e-07
4.9725e-07
6.60777e-07
9.0192e-07
1.14769e-06
1.34493e-06
1.46027e-06
1.47922e-06
1.40504e-06
1.2569e-06
1.06716e-06
8.75314e-07
7.1753e-07
6.1561e-07
5.76462e-07
6.05803e-07
7.11185e-07
8.8388e-07
1.09375e-06
1.30338e-06
1.48217e-06
1.6136e-06
1.69582e-06
1.73751e-06
1.75185e-06
1.75145e-06
1.74527e-06
1.73794e-06
1.7305e-06
1.72187e-06
1.71022e-06
1.69387e-06
1.67178e-06
1.64378e-06
1.61083e-06
1.5749e-06
1.53943e-06
1.5053e-06
1.47619e-06
1.4565e-06
1.44847e-06
1.45305e-06
1.46869e-06
1.49118e-06
1.51428e-06
1.53092e-06
1.53462e-06
1.52089e-06
1.48795e-06
1.43697e-06
1.37154e-06
1.29666e-06
1.21756e-06
1.13861e-06
1.06248e-06
9.89836e-07
9.19422e-07
8.48846e-07
7.76036e-07
7.00934e-07
6.26466e-07
5.57855e-07
5.00398e-07
4.56877e-07
4.26612e-07
4.05616e-07
3.90203e-07
3.73801e-07
3.62004e-07
3.36551e-07
1.8687e-05
7.22574e-06
6.47595e-06
5.11405e-06
4.64785e-06
5.55875e-06
6.79531e-06
7.69736e-06
8.00739e-06
7.62028e-06
6.78064e-06
6.07221e-06
6.01054e-06
6.55492e-06
7.26643e-06
7.75047e-06
7.86362e-06
7.77806e-06
7.68409e-06
7.6881e-06
7.4891e-06
6.9738e-06
6.2401e-06
5.44333e-06
4.73216e-06
4.17547e-06
3.78968e-06
3.56463e-06
3.46902e-06
3.45802e-06
3.47958e-06
3.4853e-06
3.4437e-06
3.34806e-06
3.21555e-06
3.07886e-06
2.97063e-06
2.90725e-06
2.88235e-06
2.87525e-06
2.88038e-06
2.91644e-06
2.96858e-06
3.02444e-06
3.06735e-06
3.10714e-06
3.13949e-06
3.17412e-06
3.22656e-06
3.30515e-06
3.3972e-06
3.46476e-06
3.46568e-06
3.3902e-06
3.2732e-06
3.16035e-06
3.06768e-06
2.9914e-06
2.94439e-06
2.95393e-06
3.02512e-06
3.12692e-06
3.21556e-06
3.26031e-06
3.25083e-06
3.19197e-06
3.09567e-06
2.97503e-06
2.84111e-06
2.70198e-06
2.56302e-06
2.42759e-06
2.29778e-06
2.17498e-06
2.06027e-06
1.95471e-06
1.85961e-06
1.77633e-06
1.70581e-06
1.64848e-06
1.60573e-06
1.58171e-06
1.58268e-06
1.61118e-06
1.65605e-06
1.6959e-06
1.74288e-06
1.89049e-06
2.24032e-06
2.74482e-06
3.24429e-06
3.60024e-06
3.7454e-06
3.67513e-06
3.42622e-06
3.05618e-06
2.62545e-06
2.18507e-06
1.7714e-06
1.40644e-06
1.1011e-06
8.58636e-07
6.76563e-07
5.46518e-07
4.54253e-07
3.83366e-07
3.16917e-07
2.34289e-07
1.22765e-07
1.04746e-07
3.1096e-07
5.80965e-07
8.76191e-07
1.15891e-06
1.3896e-06
1.53641e-06
1.58215e-06
1.52617e-06
1.38296e-06
1.17965e-06
9.51991e-07
7.36638e-07
5.61036e-07
4.39974e-07
3.92515e-07
4.54282e-07
6.244e-07
8.54339e-07
1.09113e-06
1.29394e-06
1.44055e-06
1.52866e-06
1.57081e-06
1.5859e-06
1.59132e-06
1.59838e-06
1.61132e-06
1.62897e-06
1.64729e-06
1.66168e-06
1.66838e-06
1.66507e-06
1.65074e-06
1.62555e-06
1.59069e-06
1.54841e-06
1.50222e-06
1.45315e-06
1.40485e-06
1.36346e-06
1.33354e-06
1.31941e-06
1.32316e-06
1.34357e-06
1.37579e-06
1.41205e-06
1.44334e-06
1.46122e-06
1.45951e-06
1.4352e-06
1.38864e-06
1.32301e-06
1.24333e-06
1.15521e-06
1.06369e-06
9.72365e-07
8.828e-07
7.94627e-07
7.06346e-07
6.16756e-07
5.26401e-07
4.38172e-07
3.56606e-07
2.86157e-07
2.2977e-07
1.87729e-07
1.59374e-07
1.40391e-07
1.32187e-07
1.22913e-07
1.99158e-05
4.19821e-06
3.84276e-06
3.18342e-06
3.57594e-06
5.02543e-06
6.72421e-06
8.05733e-06
8.88409e-06
9.18202e-06
9.09018e-06
8.92059e-06
8.85727e-06
8.80413e-06
8.73519e-06
8.84259e-06
9.09311e-06
9.20793e-06
9.0187e-06
8.72333e-06
8.25545e-06
7.57607e-06
6.71212e-06
5.81681e-06
5.04336e-06
4.45772e-06
4.0642e-06
3.83579e-06
3.72914e-06
3.69496e-06
3.68399e-06
3.65403e-06
3.57868e-06
3.45353e-06
3.29575e-06
3.1364e-06
3.00619e-06
2.92146e-06
2.87739e-06
2.85477e-06
2.84677e-06
2.86643e-06
2.89804e-06
2.92393e-06
2.93681e-06
2.94663e-06
2.95388e-06
2.96863e-06
3.00567e-06
3.07388e-06
3.15801e-06
3.21528e-06
3.2089e-06
3.14588e-06
3.06618e-06
2.99264e-06
2.91636e-06
2.83903e-06
2.7975e-06
2.82859e-06
2.92492e-06
3.04108e-06
3.13106e-06
3.17034e-06
3.15568e-06
3.09622e-06
3.00514e-06
2.89468e-06
2.77418e-06
2.64992e-06
2.52579e-06
2.40419e-06
2.28667e-06
2.17441e-06
2.06841e-06
1.96971e-06
1.87954e-06
1.79936e-06
1.73035e-06
1.67283e-06
1.62715e-06
1.59581e-06
1.58442e-06
1.59792e-06
1.63195e-06
1.66891e-06
1.6964e-06
1.75738e-06
1.96462e-06
2.37144e-06
2.87195e-06
3.3084e-06
3.57669e-06
3.64315e-06
3.52527e-06
3.26804e-06
2.92469e-06
2.54376e-06
2.16265e-06
1.80634e-06
1.48885e-06
1.21568e-06
9.8624e-07
7.96242e-07
6.41321e-07
5.20326e-07
4.36093e-07
4.00092e-07
4.42544e-07
5.77666e-07
7.88651e-07
1.04488e-06
1.30701e-06
1.53229e-06
1.68374e-06
1.73861e-06
1.69173e-06
1.55379e-06
1.34765e-06
1.10447e-06
8.58042e-07
6.35128e-07
4.45712e-07
2.87943e-07
2.1306e-07
3.46115e-07
5.93362e-07
8.57726e-07
1.08689e-06
1.25149e-06
1.34722e-06
1.39041e-06
1.40693e-06
1.42053e-06
1.44559e-06
1.48566e-06
1.53626e-06
1.58931e-06
1.63668e-06
1.67226e-06
1.69269e-06
1.69697e-06
1.68576e-06
1.66056e-06
1.6234e-06
1.5768e-06
1.52391e-06
1.4648e-06
1.40159e-06
1.33997e-06
1.2849e-06
1.24275e-06
1.21935e-06
1.21801e-06
1.23801e-06
1.27398e-06
1.31691e-06
1.35622e-06
1.382e-06
1.38683e-06
1.3668e-06
1.32169e-06
1.2544e-06
1.16994e-06
1.07421e-06
9.72766e-07
8.69815e-07
7.6762e-07
6.6659e-07
5.66107e-07
4.65821e-07
3.66719e-07
2.71392e-07
1.83285e-07
1.05909e-07
4.4028e-08
3.6364e-08
7.53935e-08
1.13682e-07
1.43032e-07
2.06482e-05
2.58988e-06
2.35298e-06
2.47597e-06
2.99793e-06
4.07882e-06
5.73769e-06
7.13305e-06
7.93575e-06
8.28981e-06
8.66559e-06
9.42442e-06
1.04761e-05
1.13318e-05
1.14952e-05
1.09603e-05
1.03906e-05
1.02518e-05
9.93068e-06
9.38953e-06
8.79781e-06
8.00534e-06
7.0559e-06
6.10466e-06
5.29676e-06
4.69396e-06
4.29215e-06
4.05386e-06
3.92932e-06
3.86832e-06
3.82524e-06
3.76324e-06
3.65996e-06
3.51224e-06
3.33593e-06
3.15896e-06
3.00927e-06
2.90292e-06
2.83644e-06
2.7923e-06
2.763e-06
2.75589e-06
2.75903e-06
2.74808e-06
2.72906e-06
2.71183e-06
2.69937e-06
2.70112e-06
2.73356e-06
2.80484e-06
2.88956e-06
2.93964e-06
2.93437e-06
2.89934e-06
2.86149e-06
2.81017e-06
2.73095e-06
2.65455e-06
2.64067e-06
2.71481e-06
2.84291e-06
2.96841e-06
3.05186e-06
3.08018e-06
3.05837e-06
2.99896e-06
2.91496e-06
2.81668e-06
2.71108e-06
2.6024e-06
2.49313e-06
2.38481e-06
2.27857e-06
2.1755e-06
2.07665e-06
1.98309e-06
1.89603e-06
1.81691e-06
1.74714e-06
1.68743e-06
1.63761e-06
1.59861e-06
1.5744e-06
1.57061e-06
1.58755e-06
1.61642e-06
1.6401e-06
1.66024e-06
1.74719e-06
2.01055e-06
2.4457e-06
2.9178e-06
3.29151e-06
3.4962e-06
3.52207e-06
3.39688e-06
3.16433e-06
2.86917e-06
2.5492e-06
2.2324e-06
1.93713e-06
1.67375e-06
1.44699e-06
1.25903e-06
1.11335e-06
1.01564e-06
9.68253e-07
9.73218e-07
1.04096e-06
1.17275e-06
1.35613e-06
1.56243e-06
1.75101e-06
1.88166e-06
1.92649e-06
1.87589e-06
1.73759e-06
1.53169e-06
1.28566e-06
1.02984e-06
7.90703e-07
5.80518e-07
3.89147e-07
1.88691e-07
6.21472e-08
3.32809e-07
6.21049e-07
8.75553e-07
1.05987e-06
1.16465e-06
1.20838e-06
1.22461e-06
1.24531e-06
1.28918e-06
1.35894e-06
1.44577e-06
1.53617e-06
1.61754e-06
1.68106e-06
1.72242e-06
1.74118e-06
1.7395e-06
1.72089e-06
1.68902e-06
1.64711e-06
1.59816e-06
1.54512e-06
1.48654e-06
1.42203e-06
1.35466e-06
1.28686e-06
1.22411e-06
1.17373e-06
1.14291e-06
1.13625e-06
1.15357e-06
1.18923e-06
1.23347e-06
1.2748e-06
1.30254e-06
1.30868e-06
1.28887e-06
1.24263e-06
1.17273e-06
1.08425e-06
9.83292e-07
8.75784e-07
7.66422e-07
6.58159e-07
5.52429e-07
4.50111e-07
3.52968e-07
2.65314e-07
1.96167e-07
1.60682e-07
1.66913e-07
1.99414e-07
2.3813e-07
2.762e-07
3.07203e-07
2.04229e-05
4.8254e-06
3.42116e-06
3.37292e-06
3.42989e-06
4.06101e-06
5.2641e-06
6.56774e-06
7.21846e-06
7.30245e-06
7.56784e-06
8.59472e-06
1.0198e-05
1.18266e-05
1.29736e-05
1.32161e-05
1.24288e-05
1.13066e-05
1.05338e-05
9.82488e-06
9.11648e-06
8.2489e-06
7.26595e-06
6.30265e-06
5.48446e-06
4.87193e-06
4.45967e-06
4.20636e-06
4.06007e-06
3.97161e-06
3.899e-06
3.80981e-06
3.68461e-06
3.52032e-06
3.33008e-06
3.13751e-06
2.96724e-06
2.83487e-06
2.73886e-06
2.66462e-06
2.6071e-06
2.56334e-06
2.52972e-06
2.48162e-06
2.4365e-06
2.40129e-06
2.37803e-06
2.37877e-06
2.42446e-06
2.51309e-06
2.60107e-06
2.64745e-06
2.65977e-06
2.66498e-06
2.65322e-06
2.5952e-06
2.50662e-06
2.45691e-06
2.50317e-06
2.63213e-06
2.7833e-06
2.90385e-06
2.97067e-06
2.98419e-06
2.95599e-06
2.89958e-06
2.82593e-06
2.74236e-06
2.65314e-06
2.56056e-06
2.46591e-06
2.37011e-06
2.27407e-06
2.17884e-06
2.08561e-06
1.99558e-06
1.90997e-06
1.83013e-06
1.75758e-06
1.69352e-06
1.63811e-06
1.59121e-06
1.55482e-06
1.53324e-06
1.53003e-06
1.54407e-06
1.56408e-06
1.57441e-06
1.59383e-06
1.71381e-06
2.01888e-06
2.45664e-06
2.89102e-06
3.21545e-06
3.38531e-06
3.40403e-06
3.301e-06
3.11423e-06
2.87992e-06
2.62773e-06
2.37948e-06
2.14982e-06
1.94804e-06
1.78085e-06
1.65513e-06
1.57725e-06
1.54641e-06
1.56166e-06
1.62848e-06
1.74095e-06
1.88004e-06
2.01341e-06
2.10352e-06
2.12094e-06
2.05333e-06
1.90647e-06
1.699e-06
1.45582e-06
1.20341e-06
9.65911e-07
7.58268e-07
5.77654e-07
4.02265e-07
2.16192e-07
1.81422e-07
4.24258e-07
6.86002e-07
8.86088e-07
9.99608e-07
1.04195e-06
1.05357e-06
1.07652e-06
1.13563e-06
1.23324e-06
1.35547e-06
1.48221e-06
1.59503e-06
1.6816e-06
1.73657e-06
1.7604e-06
1.75727e-06
1.73325e-06
1.69482e-06
1.64778e-06
1.59668e-06
1.54529e-06
1.49687e-06
1.44891e-06
1.39886e-06
1.34628e-06
1.28877e-06
1.22744e-06
1.16735e-06
1.11654e-06
1.08362e-06
1.07439e-06
1.08922e-06
1.12249e-06
1.16428e-06
1.20298e-06
1.22794e-06
1.2312e-06
1.20855e-06
1.15958e-06
1.08718e-06
9.96567e-07
8.94112e-07
7.86125e-07
6.77978e-07
5.73832e-07
4.77204e-07
3.92334e-07
3.25826e-07
2.86544e-07
2.80161e-07
3.01382e-07
3.3792e-07
3.78376e-07
4.17624e-07
4.51466e-07
1.81139e-05
9.11412e-06
5.83176e-06
4.32932e-06
3.64785e-06
3.9616e-06
4.8395e-06
6.04029e-06
6.71909e-06
6.96038e-06
7.37103e-06
8.35734e-06
9.80585e-06
1.12507e-05
1.23989e-05
1.31688e-05
1.34478e-05
1.28473e-05
1.13718e-05
1.00772e-05
9.23549e-06
8.34324e-06
7.35288e-06
6.40459e-06
5.59743e-06
4.98238e-06
4.55816e-06
4.28669e-06
4.1174e-06
4.00291e-06
3.90435e-06
3.79271e-06
3.65059e-06
3.47419e-06
3.27309e-06
3.06599e-06
2.87363e-06
2.71054e-06
2.57763e-06
2.46479e-06
2.36798e-06
2.28071e-06
2.20463e-06
2.12712e-06
2.06724e-06
2.02498e-06
2.00383e-06
2.02563e-06
2.10665e-06
2.21588e-06
2.30179e-06
2.35616e-06
2.40402e-06
2.43686e-06
2.41344e-06
2.33275e-06
2.26454e-06
2.28958e-06
2.417e-06
2.58715e-06
2.73694e-06
2.83502e-06
2.8783e-06
2.87782e-06
2.84765e-06
2.79922e-06
2.73984e-06
2.67338e-06
2.60157e-06
2.52513e-06
2.44452e-06
2.36033e-06
2.27337e-06
2.18475e-06
2.09577e-06
2.0078e-06
1.92218e-06
1.84018e-06
1.76326e-06
1.69291e-06
1.63001e-06
1.57445e-06
1.5264e-06
1.48781e-06
1.46378e-06
1.4584e-06
1.46793e-06
1.47748e-06
1.4772e-06
1.50467e-06
1.65712e-06
1.98446e-06
2.40804e-06
2.80681e-06
3.10032e-06
3.26071e-06
3.29645e-06
3.2339e-06
3.10435e-06
2.93679e-06
2.75483e-06
2.57606e-06
2.41312e-06
2.27575e-06
2.17254e-06
2.10959e-06
2.0844e-06
2.09493e-06
2.14208e-06
2.21264e-06
2.28186e-06
2.31826e-06
2.29474e-06
2.19892e-06
2.03598e-06
1.82397e-06
1.58614e-06
1.34522e-06
1.1209e-06
9.26916e-07
7.65037e-07
6.20566e-07
4.72578e-07
3.42952e-07
3.70201e-07
5.62314e-07
7.56818e-07
8.75791e-07
9.16128e-07
9.19463e-07
9.37858e-07
1.00395e-06
1.12144e-06
1.27285e-06
1.4313e-06
1.57113e-06
1.67499e-06
1.73582e-06
1.75509e-06
1.73944e-06
1.69774e-06
1.63907e-06
1.57181e-06
1.50294e-06
1.43793e-06
1.38142e-06
1.3378e-06
1.30481e-06
1.27922e-06
1.2583e-06
1.23432e-06
1.20173e-06
1.15957e-06
1.11239e-06
1.06924e-06
1.04014e-06
1.03194e-06
1.04548e-06
1.07542e-06
1.11224e-06
1.14501e-06
1.1638e-06
1.1614e-06
1.13417e-06
1.08217e-06
1.00866e-06
9.19197e-07
8.20539e-07
7.19624e-07
6.22915e-07
5.36347e-07
4.65782e-07
4.17176e-07
3.94984e-07
3.99002e-07
4.23151e-07
4.58939e-07
4.98443e-07
5.36902e-07
5.71616e-07
1.59421e-05
1.4585e-05
1.02999e-05
6.66541e-06
4.05977e-06
2.8928e-06
3.84052e-06
5.34545e-06
6.44829e-06
7.17732e-06
7.67224e-06
8.32091e-06
9.34692e-06
1.0401e-05
1.11316e-05
1.15533e-05
1.19037e-05
1.2338e-05
1.20841e-05
1.0504e-05
9.08782e-06
8.20892e-06
7.31308e-06
6.41216e-06
5.62865e-06
5.01793e-06
4.58233e-06
4.29083e-06
4.09807e-06
3.9596e-06
3.83896e-06
3.70944e-06
3.55483e-06
3.37019e-06
3.16133e-06
2.94175e-06
2.72762e-06
2.53164e-06
2.35704e-06
2.19805e-06
2.05099e-06
1.91672e-06
1.80343e-06
1.70913e-06
1.64282e-06
1.6021e-06
1.60572e-06
1.68027e-06
1.80487e-06
1.9213e-06
2.01025e-06
2.09539e-06
2.16883e-06
2.18058e-06
2.11752e-06
2.04799e-06
2.06797e-06
2.20192e-06
2.39004e-06
2.56216e-06
2.6825e-06
2.74715e-06
2.76802e-06
2.7602e-06
2.73548e-06
2.70084e-06
2.65933e-06
2.61165e-06
2.5576e-06
2.49687e-06
2.42949e-06
2.35588e-06
2.27691e-06
2.19374e-06
2.1078e-06
2.0206e-06
1.93363e-06
1.84825e-06
1.76577e-06
1.68769e-06
1.61556e-06
1.54999e-06
1.49036e-06
1.436e-06
1.39157e-06
1.36448e-06
1.35675e-06
1.36025e-06
1.36044e-06
1.3562e-06
1.3975e-06
1.57279e-06
1.90127e-06
2.29915e-06
2.66685e-06
2.9441e-06
3.11214e-06
3.17922e-06
3.16657e-06
3.09874e-06
2.99844e-06
2.88432e-06
2.77099e-06
2.66993e-06
2.5902e-06
2.53727e-06
2.50825e-06
2.49995e-06
2.50762e-06
2.51244e-06
2.4898e-06
2.41789e-06
2.28722e-06
2.10411e-06
1.88666e-06
1.65678e-06
1.43377e-06
1.23199e-06
1.06084e-06
9.22646e-07
8.07891e-07
6.96046e-07
5.77508e-07
5.02165e-07
5.5931e-07
7.01626e-07
8.12772e-07
8.5104e-07
8.47193e-07
8.58391e-07
9.22878e-07
1.04707e-06
1.21486e-06
1.39576e-06
1.55606e-06
1.67128e-06
1.73134e-06
1.73847e-06
1.70213e-06
1.63432e-06
1.54675e-06
1.4495e-06
1.35097e-06
1.25798e-06
1.17618e-06
1.11104e-06
1.06854e-06
1.04839e-06
1.04872e-06
1.06682e-06
1.091e-06
1.10886e-06
1.11136e-06
1.09603e-06
1.06801e-06
1.03779e-06
1.01666e-06
1.01208e-06
1.0252e-06
1.05115e-06
1.08133e-06
1.10604e-06
1.11671e-06
1.10733e-06
1.07528e-06
1.02137e-06
9.49474e-07
8.65637e-07
7.77128e-07
6.91533e-07
6.16091e-07
5.5718e-07
5.19568e-07
5.05154e-07
5.12007e-07
5.34913e-07
5.67531e-07
6.03897e-07
6.39557e-07
6.72769e-07
1.8774e-05
1.9314e-05
1.43904e-05
1.01961e-05
7.37281e-06
5.95869e-06
6.02133e-06
6.94035e-06
7.69398e-06
7.80894e-06
7.50519e-06
7.50279e-06
8.07342e-06
8.76673e-06
9.19902e-06
9.33165e-06
9.33492e-06
9.59314e-06
1.01844e-05
1.01625e-05
8.98929e-06
7.82419e-06
7.02434e-06
6.29095e-06
5.58601e-06
4.99256e-06
4.54761e-06
4.23624e-06
4.02058e-06
3.86013e-06
3.72069e-06
3.57699e-06
3.41316e-06
3.22284e-06
3.00838e-06
2.77844e-06
2.54465e-06
2.31758e-06
2.10207e-06
1.89573e-06
1.69837e-06
1.5241e-06
1.38532e-06
1.27844e-06
1.20438e-06
1.18118e-06
1.24476e-06
1.37837e-06
1.51593e-06
1.63457e-06
1.75946e-06
1.87663e-06
1.92381e-06
1.88109e-06
1.82117e-06
1.85216e-06
2.0033e-06
2.2088e-06
2.39418e-06
2.5244e-06
2.59843e-06
2.63096e-06
2.63875e-06
2.63394e-06
2.6228e-06
2.60706e-06
2.586e-06
2.55806e-06
2.52183e-06
2.47643e-06
2.42164e-06
2.35787e-06
2.28603e-06
2.20738e-06
2.12343e-06
2.03585e-06
1.9463e-06
1.85632e-06
1.76721e-06
1.68035e-06
1.59755e-06
1.5205e-06
1.44864e-06
1.38033e-06
1.31818e-06
1.26988e-06
1.24166e-06
1.23209e-06
1.23165e-06
1.22797e-06
1.22775e-06
1.28459e-06
1.47006e-06
1.7839e-06
2.15035e-06
2.4904e-06
2.75774e-06
2.93775e-06
3.03625e-06
3.06898e-06
3.05444e-06
3.01004e-06
2.95047e-06
2.88746e-06
2.83009e-06
2.78299e-06
2.7428e-06
2.7032e-06
2.65425e-06
2.57782e-06
2.45925e-06
2.29453e-06
2.09302e-06
1.87345e-06
1.65631e-06
1.45753e-06
1.28629e-06
1.14648e-06
1.03792e-06
9.53819e-07
8.77468e-07
7.89814e-07
6.99609e-07
6.6854e-07
7.33818e-07
8.22468e-07
8.60433e-07
8.54596e-07
8.6034e-07
9.167e-07
1.03048e-06
1.19472e-06
1.38473e-06
1.55992e-06
1.68468e-06
1.74248e-06
1.73514e-06
1.67515e-06
1.57834e-06
1.45938e-06
1.32996e-06
1.19872e-06
1.07204e-06
9.55119e-07
8.53065e-07
7.72609e-07
7.2337e-07
7.0977e-07
7.33949e-07
7.93623e-07
8.72581e-07
9.5175e-07
1.0147e-06
1.05144e-06
1.06108e-06
1.05105e-06
1.0336e-06
1.02069e-06
1.01966e-06
1.03153e-06
1.05195e-06
1.07358e-06
1.08845e-06
1.0897e-06
1.07291e-06
1.03673e-06
9.8295e-07
9.16059e-07
8.42496e-07
7.69676e-07
7.04984e-07
6.54741e-07
6.23137e-07
6.11341e-07
6.17372e-07
6.36965e-07
6.65061e-07
6.96896e-07
7.28329e-07
7.58116e-07
2.17177e-05
2.02421e-05
1.58861e-05
1.20413e-05
9.78728e-06
8.67076e-06
8.03436e-06
7.48766e-06
6.6868e-06
5.67634e-06
5.00659e-06
5.15241e-06
5.72403e-06
6.14276e-06
6.2625e-06
6.2123e-06
6.13327e-06
6.16151e-06
6.51658e-06
7.10948e-06
7.29435e-06
6.73289e-06
5.9653e-06
5.3831e-06
4.88807e-06
4.42109e-06
4.02399e-06
3.72352e-06
3.50684e-06
3.34352e-06
3.20367e-06
3.06451e-06
2.91137e-06
2.73727e-06
2.54181e-06
2.32936e-06
2.10712e-06
1.8824e-06
1.65921e-06
1.43902e-06
1.22722e-06
1.04316e-06
8.88758e-07
7.61715e-07
6.93217e-07
7.37852e-07
8.71427e-07
1.01113e-06
1.13703e-06
1.27699e-06
1.40968e-06
1.46955e-06
1.44135e-06
1.40292e-06
1.46078e-06
1.63043e-06
1.83757e-06
2.01348e-06
2.13209e-06
2.19832e-06
2.22965e-06
2.2435e-06
2.25148e-06
2.2587e-06
2.26556e-06
2.27002e-06
2.26934e-06
2.26104e-06
2.24328e-06
2.21503e-06
2.17598e-06
2.12647e-06
2.06735e-06
1.99983e-06
1.92537e-06
1.84556e-06
1.76206e-06
1.67643e-06
1.58997e-06
1.50387e-06
1.41981e-06
1.33968e-06
1.26347e-06
1.19032e-06
1.12114e-06
1.06075e-06
1.01621e-06
9.91953e-07
9.84837e-07
9.85512e-07
9.85887e-07
9.96467e-07
1.06101e-06
1.22603e-06
1.48328e-06
1.77798e-06
2.05573e-06
2.28386e-06
2.45068e-06
2.55844e-06
2.61643e-06
2.63621e-06
2.62883e-06
2.60385e-06
2.56782e-06
2.52381e-06
2.46652e-06
2.38954e-06
2.28572e-06
2.14881e-06
1.981e-06
1.79374e-06
1.60402e-06
1.42831e-06
1.27766e-06
1.15628e-06
1.06341e-06
9.95998e-07
9.48626e-07
9.10228e-07
8.63525e-07
7.99164e-07
7.43126e-07
7.45664e-07
7.98443e-07
8.36873e-07
8.40839e-07
8.50782e-07
9.00254e-07
9.88407e-07
1.11518e-06
1.27616e-06
1.43828e-06
1.55802e-06
1.60979e-06
1.59202e-06
1.51828e-06
1.4069e-06
1.27449e-06
1.13353e-06
9.92183e-07
8.55158e-07
7.24876e-07
6.027e-07
4.90322e-07
3.92285e-07
3.21395e-07
2.98673e-07
3.40748e-07
4.38872e-07
5.63995e-07
6.92111e-07
8.05191e-07
8.90348e-07
9.42082e-07
9.63189e-07
9.63166e-07
9.54384e-07
9.47503e-07
9.48288e-07
9.57043e-07
9.70076e-07
9.81773e-07
9.86386e-07
9.79353e-07
9.58188e-07
9.22916e-07
8.76046e-07
8.22119e-07
7.66953e-07
7.16679e-07
6.76682e-07
6.50583e-07
6.39562e-07
6.42352e-07
6.55937e-07
6.7656e-07
7.00621e-07
7.24635e-07
7.47525e-07
9.81108e-06
1.04402e-05
9.83208e-06
8.46534e-06
7.20314e-06
6.10149e-06
4.98768e-06
3.87608e-06
3.03368e-06
2.97768e-06
3.64113e-06
4.37099e-06
4.80988e-06
4.92256e-06
4.81831e-06
4.64508e-06
4.53041e-06
4.49714e-06
4.64367e-06
5.03788e-06
5.56827e-06
5.8782e-06
5.6338e-06
5.1113e-06
4.64927e-06
4.27045e-06
3.92527e-06
3.62199e-06
3.37789e-06
3.18725e-06
3.02874e-06
2.87975e-06
2.72355e-06
2.55075e-06
2.35831e-06
2.14798e-06
1.92401e-06
1.69121e-06
1.45439e-06
1.21837e-06
9.87281e-07
7.67716e-07
5.54032e-07
3.79363e-07
3.72606e-07
5.18371e-07
6.71967e-07
8.20539e-07
9.90677e-07
1.14023e-06
1.19976e-06
1.17128e-06
1.15687e-06
1.26615e-06
1.48233e-06
1.71173e-06
1.89061e-06
2.00279e-06
2.06062e-06
2.08622e-06
2.09956e-06
2.11321e-06
2.13211e-06
2.15585e-06
2.18121e-06
2.20416e-06
2.2209e-06
2.22835e-06
2.22438e-06
2.20772e-06
2.17796e-06
2.13539e-06
2.0809e-06
2.01579e-06
1.94161e-06
1.8601e-06
1.77304e-06
1.68219e-06
1.58904e-06
1.49494e-06
1.4015e-06
1.3103e-06
1.22203e-06
1.13758e-06
1.05749e-06
9.8344e-07
9.2099e-07
8.78485e-07
8.58857e-07
8.56954e-07
8.64155e-07
8.76007e-07
9.03959e-07
9.80281e-07
1.13299e-06
1.35282e-06
1.60136e-06
1.83965e-06
2.04243e-06
2.1987e-06
2.30739e-06
2.37272e-06
2.40102e-06
2.39849e-06
2.36916e-06
2.31499e-06
2.23113e-06
2.11673e-06
1.97359e-06
1.80876e-06
1.63538e-06
1.46924e-06
1.32402e-06
1.20759e-06
1.12119e-06
1.06144e-06
1.02344e-06
1.002e-06
9.89397e-07
9.72128e-07
9.35231e-07
8.82476e-07
8.5247e-07
8.75227e-07
9.16124e-07
9.36252e-07
9.58137e-07
1.01661e-06
1.10296e-06
1.20795e-06
1.34492e-06
1.5013e-06
1.62887e-06
1.68672e-06
1.66498e-06
1.5778e-06
1.44805e-06
1.29691e-06
1.13977e-06
9.86158e-07
8.41017e-07
7.06169e-07
5.81384e-07
4.65067e-07
3.54631e-07
2.46749e-07
1.38179e-07
3.82763e-08
1.16897e-07
2.5951e-07
4.16212e-07
5.75517e-07
7.24121e-07
8.48123e-07
9.37831e-07
9.90927e-07
1.01296e-06
1.01495e-06
1.00909e-06
1.00454e-06
1.00535e-06
1.01087e-06
1.01755e-06
1.02076e-06
1.01625e-06
1.00107e-06
9.74259e-07
9.37019e-07
8.92555e-07
8.45518e-07
8.01161e-07
7.64351e-07
7.3861e-07
7.25456e-07
7.24303e-07
7.32943e-07
7.48306e-07
7.67308e-07
7.86689e-07
8.05197e-07
2.14892e-06
2.67977e-06
2.76309e-06
2.30075e-06
1.62606e-06
1.03719e-06
1.29722e-06
2.04832e-06
2.80162e-06
3.42372e-06
3.84363e-06
4.04964e-06
4.08775e-06
4.03381e-06
3.95038e-06
3.86803e-06
3.81673e-06
3.78816e-06
3.77257e-06
3.90774e-06
4.15452e-06
4.47423e-06
4.75276e-06
4.71995e-06
4.41855e-06
4.06983e-06
3.76975e-06
3.50676e-06
3.26808e-06
3.05621e-06
2.87033e-06
2.70072e-06
2.53427e-06
2.36017e-06
2.17242e-06
1.96939e-06
1.75224e-06
1.52425e-06
1.29078e-06
1.05319e-06
8.07989e-07
5.52243e-07
2.90954e-07
7.95665e-08
1.98793e-07
3.61534e-07
5.39126e-07
7.33336e-07
8.75809e-07
9.12637e-07
8.84955e-07
9.31578e-07
1.13188e-06
1.40424e-06
1.64725e-06
1.81508e-06
1.90622e-06
1.94185e-06
1.94903e-06
1.95036e-06
1.95959e-06
1.98186e-06
2.0162e-06
2.05839e-06
2.10306e-06
2.14495e-06
2.17949e-06
2.20308e-06
2.21319e-06
2.2083e-06
2.18786e-06
2.1521e-06
2.10193e-06
2.03875e-06
1.96427e-06
1.88038e-06
1.78907e-06
1.69225e-06
1.59165e-06
1.48899e-06
1.38594e-06
1.28326e-06
1.18224e-06
1.08529e-06
9.94139e-07
9.08649e-07
8.31728e-07
7.71736e-07
7.36953e-07
7.2771e-07
7.36805e-07
7.56682e-07
7.85534e-07
8.32031e-07
9.14132e-07
1.04456e-06
1.21619e-06
1.40607e-06
1.58925e-06
1.74732e-06
1.86995e-06
1.95323e-06
1.99741e-06
2.00482e-06
1.97766e-06
1.91808e-06
1.82553e-06
1.7067e-06
1.57164e-06
1.4332e-06
1.30494e-06
1.19782e-06
1.11761e-06
1.06422e-06
1.03363e-06
1.0209e-06
1.02159e-06
1.03042e-06
1.03784e-06
1.02953e-06
9.97018e-07
9.58951e-07
9.55571e-07
9.90833e-07
1.02744e-06
1.06504e-06
1.13887e-06
1.24161e-06
1.34251e-06
1.45347e-06
1.5928e-06
1.72583e-06
1.79661e-06
1.77987e-06
1.68645e-06
1.54367e-06
1.37861e-06
1.21091e-06
1.05231e-06
9.08782e-07
7.82795e-07
6.74858e-07
5.84366e-07
5.09763e-07
4.48376e-07
3.97535e-07
3.59552e-07
3.38546e-07
3.39786e-07
3.79889e-07
4.65642e-07
5.86525e-07
7.23323e-07
8.54818e-07
9.63544e-07
1.03944e-06
1.08138e-06
1.0961e-06
1.09457e-06
1.08746e-06
1.08173e-06
1.07966e-06
1.07985e-06
1.07904e-06
1.07361e-06
1.06064e-06
1.0386e-06
1.00773e-06
9.70044e-07
9.2899e-07
8.88816e-07
8.53734e-07
8.27074e-07
8.10651e-07
8.0453e-07
8.07294e-07
8.16556e-07
8.29708e-07
8.43781e-07
8.57132e-07
8.95745e-07
1.33167e-06
1.74962e-06
2.0088e-06
2.22588e-06
2.46537e-06
2.71863e-06
2.94522e-06
3.11363e-06
3.21728e-06
3.27238e-06
3.30577e-06
3.33735e-06
3.3719e-06
3.40483e-06
3.42631e-06
3.43969e-06
3.45934e-06
3.43498e-06
3.40122e-06
3.49833e-06
3.60723e-06
3.69797e-06
3.85141e-06
3.92249e-06
3.80843e-06
3.58385e-06
3.34683e-06
3.1317e-06
2.93451e-06
2.74759e-06
2.56664e-06
2.38767e-06
2.20606e-06
2.01764e-06
1.81983e-06
1.61292e-06
1.39968e-06
1.18051e-06
9.53125e-07
7.20271e-07
4.9243e-07
2.86197e-07
1.12136e-07
1.60441e-07
3.64688e-07
5.4492e-07
6.30308e-07
6.11263e-07
6.06904e-07
7.87138e-07
1.10162e-06
1.41289e-06
1.64691e-06
1.78466e-06
1.84001e-06
1.84184e-06
1.82071e-06
1.80077e-06
1.79652e-06
1.81349e-06
1.85072e-06
1.90353e-06
1.96565e-06
2.03052e-06
2.09198e-06
2.1448e-06
2.18485e-06
2.20921e-06
2.21612e-06
2.20488e-06
2.17569e-06
2.12948e-06
2.06776e-06
1.9924e-06
1.90553e-06
1.80934e-06
1.70596e-06
1.59738e-06
1.48578e-06
1.37274e-06
1.25869e-06
1.1453e-06
1.03585e-06
9.32575e-07
8.35788e-07
7.46957e-07
6.72014e-07
6.21444e-07
6.02505e-07
6.11435e-07
6.37801e-07
6.74074e-07
7.19225e-07
7.77853e-07
8.57014e-07
9.60171e-07
1.08232e-06
1.21113e-06
1.33207e-06
1.43275e-06
1.50513e-06
1.54569e-06
1.5541e-06
1.53177e-06
1.48174e-06
1.40764e-06
1.31953e-06
1.22807e-06
1.14394e-06
1.07581e-06
1.02839e-06
1.00159e-06
9.92256e-07
9.96925e-07
1.01306e-06
1.03757e-06
1.06391e-06
1.08025e-06
1.07386e-06
1.04697e-06
1.03034e-06
1.05388e-06
1.10266e-06
1.15962e-06
1.25174e-06
1.38402e-06
1.50833e-06
1.6092e-06
1.7243e-06
1.8552e-06
1.94324e-06
1.94082e-06
1.84802e-06
1.69523e-06
1.51707e-06
1.3391e-06
1.17589e-06
1.03411e-06
9.1608e-07
8.21916e-07
7.50351e-07
6.98989e-07
6.6406e-07
6.40282e-07
6.22912e-07
6.12922e-07
6.08714e-07
6.07876e-07
6.19898e-07
6.56222e-07
7.24002e-07
8.20503e-07
9.3097e-07
1.036e-06
1.11947e-06
1.17322e-06
1.19806e-06
1.20152e-06
1.19365e-06
1.18289e-06
1.1738e-06
1.16703e-06
1.16069e-06
1.15191e-06
1.13803e-06
1.11731e-06
1.08941e-06
1.05543e-06
1.0178e-06
9.79812e-07
9.4498e-07
9.16328e-07
8.95814e-07
8.84019e-07
8.80222e-07
8.82701e-07
8.89326e-07
8.97507e-07
9.05101e-07
7.69814e-07
1.03882e-06
1.33972e-06
1.6366e-06
1.90603e-06
2.12481e-06
2.2803e-06
2.38354e-06
2.46217e-06
2.54116e-06
2.62956e-06
2.7224e-06
2.80914e-06
2.88132e-06
2.93721e-06
2.97851e-06
3.00764e-06
3.03972e-06
3.06943e-06
3.05152e-06
3.04682e-06
3.15242e-06
3.22059e-06
3.17664e-06
3.1652e-06
3.21454e-06
3.21501e-06
3.11955e-06
2.96155e-06
2.78424e-06
2.60816e-06
2.43599e-06
2.26428e-06
2.08943e-06
1.90899e-06
1.72237e-06
1.53108e-06
1.33578e-06
1.13443e-06
9.28132e-07
7.25602e-07
5.40278e-07
4.02245e-07
3.65099e-07
4.17267e-07
4.48184e-07
3.82662e-07
2.88335e-07
4.67797e-07
8.429e-07
1.22121e-06
1.52148e-06
1.71321e-06
1.80028e-06
1.80756e-06
1.76791e-06
1.71221e-06
1.6639e-06
1.63736e-06
1.63886e-06
1.66859e-06
1.72268e-06
1.79486e-06
1.87768e-06
1.96352e-06
2.04531e-06
2.11705e-06
2.17409e-06
2.21313e-06
2.23214e-06
2.23027e-06
2.20764e-06
2.1652e-06
2.10458e-06
2.02782e-06
1.93732e-06
1.83556e-06
1.72492e-06
1.60783e-06
1.48679e-06
1.36303e-06
1.23753e-06
1.1126e-06
9.91083e-07
8.74871e-07
7.65775e-07
6.65564e-07
5.78263e-07
5.13516e-07
4.84073e-07
4.93715e-07
5.31183e-07
5.81486e-07
6.3648e-07
6.9497e-07
7.58874e-07
8.29986e-07
9.07795e-07
9.88442e-07
1.06532e-06
1.13104e-06
1.17977e-06
1.20832e-06
1.21573e-06
1.20313e-06
1.17236e-06
1.12847e-06
1.07924e-06
1.03207e-06
9.93383e-07
9.67065e-07
9.53875e-07
9.52611e-07
9.62374e-07
9.83373e-07
1.01505e-06
1.05304e-06
1.08751e-06
1.1052e-06
1.09901e-06
1.08425e-06
1.09636e-06
1.14894e-06
1.22585e-06
1.33754e-06
1.50185e-06
1.67258e-06
1.79476e-06
1.89179e-06
2.00892e-06
2.11337e-06
2.13619e-06
2.05476e-06
1.89676e-06
1.70539e-06
1.51465e-06
1.34319e-06
1.19816e-06
1.08084e-06
9.90284e-07
9.24461e-07
8.80433e-07
8.54409e-07
8.41654e-07
8.36502e-07
8.34731e-07
8.38223e-07
8.43979e-07
8.47687e-07
8.55735e-07
8.76275e-07
9.16723e-07
9.81425e-07
1.06529e-06
1.15477e-06
1.23384e-06
1.29054e-06
1.32063e-06
1.32751e-06
1.31918e-06
1.30418e-06
1.28854e-06
1.27465e-06
1.26193e-06
1.2483e-06
1.23141e-06
1.20949e-06
1.18183e-06
1.14891e-06
1.11238e-06
1.07472e-06
1.0388e-06
1.00726e-06
9.82057e-07
9.64123e-07
9.53286e-07
9.4843e-07
9.47894e-07
9.49559e-07
9.50718e-07
6.48415e-07
8.3129e-07
1.04996e-06
1.27265e-06
1.46817e-06
1.62888e-06
1.76209e-06
1.87971e-06
1.9905e-06
2.09711e-06
2.1975e-06
2.28855e-06
2.36821e-06
2.43573e-06
2.49162e-06
2.53899e-06
2.5806e-06
2.61598e-06
2.65459e-06
2.68811e-06
2.6912e-06
2.72107e-06
2.84436e-06
2.93397e-06
2.87049e-06
2.73516e-06
2.65562e-06
2.63752e-06
2.61363e-06
2.54435e-06
2.43083e-06
2.28888e-06
2.13172e-06
1.96621e-06
1.79517e-06
1.62012e-06
1.44094e-06
1.25786e-06
1.07854e-06
9.1651e-07
7.8238e-07
6.84471e-07
6.10344e-07
5.18041e-07
3.52972e-07
8.30387e-08
2.8706e-07
7.17582e-07
1.13335e-06
1.47499e-06
1.70784e-06
1.82619e-06
1.84739e-06
1.80112e-06
1.71922e-06
1.6289e-06
1.55e-06
1.49525e-06
1.47173e-06
1.48214e-06
1.52541e-06
1.59695e-06
1.68946e-06
1.79414e-06
1.90207e-06
2.00517e-06
2.09676e-06
2.17169e-06
2.22628e-06
2.25817e-06
2.26625e-06
2.25049e-06
2.21183e-06
2.15198e-06
2.07326e-06
1.97836e-06
1.87012e-06
1.75139e-06
1.62517e-06
1.49371e-06
1.35848e-06
1.22177e-06
1.08611e-06
9.52937e-07
8.23921e-07
7.01581e-07
5.88646e-07
4.89058e-07
4.11547e-07
3.72019e-07
3.82781e-07
4.34661e-07
5.05625e-07
5.7959e-07
6.50098e-07
7.16487e-07
7.79949e-07
8.41138e-07
8.99187e-07
9.51794e-07
9.96069e-07
1.0295e-06
1.0505e-06
1.05844e-06
1.05393e-06
1.03797e-06
1.01499e-06
9.89246e-07
9.64661e-07
9.44249e-07
9.29827e-07
9.22648e-07
9.24702e-07
9.39123e-07
9.6813e-07
1.0095e-06
1.05466e-06
1.09054e-06
1.10608e-06
1.10442e-06
1.11258e-06
1.16181e-06
1.25388e-06
1.38679e-06
1.57938e-06
1.80528e-06
1.98391e-06
2.09054e-06
2.18734e-06
2.2982e-06
2.35469e-06
2.29954e-06
2.14462e-06
1.93974e-06
1.7312e-06
1.54506e-06
1.38993e-06
1.26563e-06
1.16963e-06
1.09934e-06
1.05196e-06
1.02406e-06
1.01168e-06
1.01016e-06
1.01426e-06
1.02075e-06
1.0325e-06
1.04576e-06
1.05523e-06
1.06611e-06
1.0847e-06
1.11616e-06
1.16531e-06
1.23118e-06
1.30567e-06
1.37607e-06
1.43023e-06
1.46127e-06
1.4693e-06
1.45993e-06
1.44096e-06
1.4191e-06
1.39808e-06
1.37855e-06
1.35919e-06
1.338e-06
1.31322e-06
1.28386e-06
1.25e-06
1.2127e-06
1.17381e-06
1.13562e-06
1.10043e-06
1.07011e-06
1.04575e-06
1.02759e-06
1.01504e-06
1.00685e-06
1.00145e-06
9.95524e-07
5.63593e-07
7.01321e-07
8.60694e-07
1.02514e-06
1.18128e-06
1.32433e-06
1.45284e-06
1.56654e-06
1.66763e-06
1.76013e-06
1.84703e-06
1.92873e-06
2.00393e-06
2.07121e-06
2.12985e-06
2.18097e-06
2.22857e-06
2.27234e-06
2.3105e-06
2.35056e-06
2.38364e-06
2.39706e-06
2.4401e-06
2.56487e-06
2.69186e-06
2.69595e-06
2.56376e-06
2.38185e-06
2.23469e-06
2.14178e-06
2.07495e-06
2.00293e-06
1.91078e-06
1.79683e-06
1.66556e-06
1.5221e-06
1.37052e-06
1.21818e-06
1.07645e-06
9.46539e-07
8.13509e-07
6.60949e-07
4.8342e-07
3.59586e-07
5.0739e-07
8.53721e-07
1.23069e-06
1.55764e-06
1.79182e-06
1.91867e-06
1.94681e-06
1.89944e-06
1.80488e-06
1.68908e-06
1.57198e-06
1.46716e-06
1.38379e-06
1.32892e-06
1.30851e-06
1.32652e-06
1.38296e-06
1.47276e-06
1.58693e-06
1.71485e-06
1.84622e-06
1.97214e-06
2.08533e-06
2.18008e-06
2.25214e-06
2.2986e-06
2.31786e-06
2.30963e-06
2.27481e-06
2.21529e-06
2.13372e-06
2.03323e-06
1.91719e-06
1.7892e-06
1.6524e-06
1.50904e-06
1.36201e-06
1.2145e-06
1.06815e-06
9.23833e-07
7.82942e-07
6.47598e-07
5.20677e-07
4.06484e-07
3.14144e-07
2.64021e-07
2.78356e-07
3.46126e-07
4.36895e-07
5.30719e-07
6.1853e-07
6.97306e-07
7.66978e-07
8.28397e-07
8.82128e-07
9.28058e-07
9.65617e-07
9.94149e-07
1.01314e-06
1.02221e-06
1.02132e-06
1.01121e-06
9.94081e-07
9.7199e-07
9.47346e-07
9.22777e-07
9.01434e-07
8.87612e-07
8.86881e-07
9.04236e-07
9.40146e-07
9.87629e-07
1.03387e-06
1.06626e-06
1.08133e-06
1.09487e-06
1.13993e-06
1.23884e-06
1.39234e-06
1.61008e-06
1.88555e-06
2.14247e-06
2.30218e-06
2.39231e-06
2.49225e-06
2.58033e-06
2.56899e-06
2.43281e-06
2.21798e-06
1.98606e-06
1.77688e-06
1.60405e-06
1.46627e-06
1.35847e-06
1.27678e-06
1.2187e-06
1.18165e-06
1.16234e-06
1.15696e-06
1.16116e-06
1.1701e-06
1.18139e-06
1.19877e-06
1.21796e-06
1.233e-06
1.24867e-06
1.27069e-06
1.30243e-06
1.34752e-06
1.40564e-06
1.4713e-06
1.53469e-06
1.58509e-06
1.615e-06
1.62261e-06
1.61162e-06
1.58882e-06
1.56109e-06
1.53307e-06
1.50653e-06
1.48093e-06
1.45463e-06
1.4259e-06
1.39359e-06
1.3574e-06
1.31797e-06
1.27666e-06
1.23532e-06
1.19592e-06
1.16017e-06
1.12927e-06
1.10373e-06
1.08335e-06
1.06726e-06
1.05442e-06
1.04093e-06
5.14046e-07
6.155e-07
7.32042e-07
8.56672e-07
9.81403e-07
1.09945e-06
1.20711e-06
1.30412e-06
1.39299e-06
1.47676e-06
1.55677e-06
1.63243e-06
1.70253e-06
1.76643e-06
1.82409e-06
1.87618e-06
1.92522e-06
1.97234e-06
2.01482e-06
2.05448e-06
2.09614e-06
2.12897e-06
2.14931e-06
2.19303e-06
2.30305e-06
2.44835e-06
2.53815e-06
2.514e-06
2.3856e-06
2.20239e-06
2.01348e-06
1.84547e-06
1.70203e-06
1.57487e-06
1.45406e-06
1.33295e-06
1.21087e-06
1.09113e-06
9.78619e-07
8.83696e-07
8.32014e-07
8.74675e-07
1.03563e-06
1.28238e-06
1.55556e-06
1.80044e-06
1.97885e-06
2.07303e-06
2.08446e-06
2.02853e-06
1.927e-06
1.80125e-06
1.66802e-06
1.53823e-06
1.41827e-06
1.3126e-06
1.22654e-06
1.16794e-06
1.14653e-06
1.1701e-06
1.2399e-06
1.34929e-06
1.48679e-06
1.63988e-06
1.79723e-06
1.94924e-06
2.08784e-06
2.20635e-06
2.29941e-06
2.36314e-06
2.39527e-06
2.39517e-06
2.36383e-06
2.30347e-06
2.2173e-06
2.1091e-06
1.98316e-06
1.8435e-06
1.69345e-06
1.53694e-06
1.37806e-06
1.21924e-06
1.06177e-06
9.06772e-07
7.5528e-07
6.0854e-07
4.68409e-07
3.38035e-07
2.25301e-07
1.58065e-07
1.84096e-07
2.73402e-07
3.79141e-07
4.8477e-07
5.83852e-07
6.73393e-07
7.52275e-07
8.2043e-07
8.78174e-07
9.25829e-07
9.63658e-07
9.91938e-07
1.01055e-06
1.01902e-06
1.01666e-06
1.00401e-06
9.82196e-07
9.53095e-07
9.19366e-07
8.84705e-07
8.54319e-07
8.35126e-07
8.34429e-07
8.56051e-07
8.96042e-07
9.42864e-07
9.83512e-07
1.01179e-06
1.03585e-06
1.08184e-06
1.18183e-06
1.35063e-06
1.59225e-06
1.90651e-06
2.24134e-06
2.49278e-06
2.61836e-06
2.69997e-06
2.79989e-06
2.84374e-06
2.75125e-06
2.53984e-06
2.282e-06
2.03954e-06
1.83914e-06
1.68118e-06
1.55706e-06
1.45984e-06
1.3862e-06
1.33451e-06
1.30272e-06
1.28772e-06
1.28584e-06
1.29291e-06
1.30438e-06
1.31866e-06
1.34021e-06
1.36436e-06
1.38453e-06
1.4054e-06
1.43281e-06
1.46906e-06
1.51663e-06
1.57454e-06
1.63789e-06
1.6984e-06
1.74668e-06
1.77554e-06
1.78239e-06
1.7697e-06
1.74341e-06
1.71029e-06
1.67563e-06
1.64212e-06
1.61003e-06
1.57813e-06
1.54479e-06
1.50872e-06
1.46934e-06
1.42692e-06
1.38244e-06
1.33738e-06
1.29342e-06
1.25215e-06
1.21477e-06
1.18197e-06
1.15386e-06
1.12986e-06
1.10945e-06
1.08813e-06
4.4965e-07
5.28032e-07
6.18367e-07
7.1656e-07
8.17043e-07
9.14511e-07
1.0062e-06
1.09154e-06
1.1713e-06
1.24668e-06
1.31852e-06
1.38689e-06
1.45141e-06
1.51177e-06
1.56783e-06
1.61999e-06
1.6696e-06
1.71734e-06
1.76264e-06
1.80455e-06
1.84595e-06
1.88738e-06
1.92072e-06
1.94455e-06
1.98203e-06
2.06546e-06
2.19507e-06
2.32667e-06
2.40831e-06
2.41484e-06
2.35174e-06
2.24144e-06
2.1092e-06
1.97509e-06
1.85243e-06
1.75069e-06
1.67693e-06
1.63792e-06
1.63927e-06
1.6832e-06
1.77038e-06
1.89226e-06
2.02546e-06
2.1431e-06
2.22196e-06
2.24821e-06
2.21986e-06
2.14504e-06
2.03756e-06
1.91204e-06
1.78022e-06
1.64934e-06
1.52254e-06
1.40048e-06
1.28358e-06
1.17432e-06
1.0794e-06
1.01082e-06
9.84083e-07
1.01161e-06
1.09527e-06
1.22594e-06
1.38956e-06
1.57218e-06
1.76153e-06
1.94672e-06
2.11791e-06
2.26647e-06
2.38529e-06
2.46922e-06
2.51529e-06
2.52284e-06
2.49322e-06
2.42937e-06
2.33529e-06
2.21591e-06
2.07607e-06
1.92044e-06
1.75444e-06
1.58359e-06
1.41136e-06
1.23978e-06
1.07065e-06
9.05275e-07
7.44486e-07
5.88882e-07
4.3911e-07
2.9606e-07
1.61676e-07
5.51784e-08
1.16302e-07
2.30951e-07
3.44073e-07
4.51693e-07
5.51985e-07
6.43508e-07
7.25201e-07
7.96401e-07
8.56765e-07
9.06264e-07
9.4514e-07
9.73605e-07
9.9141e-07
9.97869e-07
9.92316e-07
9.75381e-07
9.48162e-07
9.12609e-07
8.71712e-07
8.30066e-07
7.94367e-07
7.72869e-07
7.7244e-07
7.93666e-07
8.28666e-07
8.65859e-07
8.98599e-07
9.31733e-07
9.84333e-07
1.08656e-06
1.26438e-06
1.52677e-06
1.87153e-06
2.26804e-06
2.62397e-06
2.83886e-06
2.92904e-06
3.01253e-06
3.10042e-06
3.07905e-06
2.90053e-06
2.62528e-06
2.34033e-06
2.09839e-06
1.91024e-06
1.76503e-06
1.65009e-06
1.55869e-06
1.48892e-06
1.44018e-06
1.41081e-06
1.39779e-06
1.39757e-06
1.40606e-06
1.4189e-06
1.43521e-06
1.46004e-06
1.48849e-06
1.51342e-06
1.53946e-06
1.57286e-06
1.61536e-06
1.66865e-06
1.73089e-06
1.79682e-06
1.85853e-06
1.90738e-06
1.93657e-06
1.94334e-06
1.9295e-06
1.90037e-06
1.86261e-06
1.82194e-06
1.78181e-06
1.74326e-06
1.70557e-06
1.66728e-06
1.62701e-06
1.58396e-06
1.53808e-06
1.49002e-06
1.44097e-06
1.39236e-06
1.34564e-06
1.30201e-06
1.26225e-06
1.22671e-06
1.19502e-06
1.16716e-06
1.13796e-06
4.00621e-07
4.61821e-07
5.32109e-07
6.08874e-07
6.88771e-07
7.68337e-07
8.45431e-07
9.19036e-07
9.8905e-07
1.05599e-06
1.1204e-06
1.1824e-06
1.24169e-06
1.29798e-06
1.35109e-06
1.40144e-06
1.45002e-06
1.49682e-06
1.54201e-06
1.58565e-06
1.62786e-06
1.67032e-06
1.71253e-06
1.74825e-06
1.7757e-06
1.80742e-06
1.86425e-06
1.95711e-06
2.07467e-06
2.19069e-06
2.28133e-06
2.33556e-06
2.35519e-06
2.35e-06
2.33269e-06
2.31474e-06
2.30457e-06
2.30677e-06
2.32225e-06
2.34498e-06
2.36771e-06
2.38082e-06
2.37395e-06
2.34042e-06
2.27872e-06
2.19251e-06
2.08896e-06
1.97607e-06
1.86035e-06
1.74554e-06
1.63251e-06
1.52011e-06
1.40633e-06
1.28955e-06
1.16996e-06
1.05109e-06
9.41869e-07
8.58162e-07
8.21446e-07
8.50168e-07
9.4807e-07
1.10397e-06
1.3014e-06
1.52443e-06
1.75819e-06
1.98846e-06
2.20193e-06
2.38714e-06
2.53516e-06
2.63997e-06
2.69855e-06
2.7108e-06
2.67899e-06
2.607e-06
2.50009e-06
2.36367e-06
2.20385e-06
2.02785e-06
1.84319e-06
1.65493e-06
1.46631e-06
1.28007e-06
1.09835e-06
9.2258e-07
7.53615e-07
5.91934e-07
4.37905e-07
2.92128e-07
1.56553e-07
5.33105e-08
1.19325e-07
2.30538e-07
3.38441e-07
4.40065e-07
5.34489e-07
6.20957e-07
6.98718e-07
7.67061e-07
8.25441e-07
8.73622e-07
9.11629e-07
9.39233e-07
9.55845e-07
9.6052e-07
9.53125e-07
9.33998e-07
9.04024e-07
8.64881e-07
8.19579e-07
7.73122e-07
7.32643e-07
7.05912e-07
6.97654e-07
7.06084e-07
7.24612e-07
7.49063e-07
7.84249e-07
8.45353e-07
9.55872e-07
1.14195e-06
1.41984e-06
1.78867e-06
2.22778e-06
2.67235e-06
3.00884e-06
3.16816e-06
3.23372e-06
3.32528e-06
3.38265e-06
3.2803e-06
3.01846e-06
2.69264e-06
2.39293e-06
2.15754e-06
1.98181e-06
1.84655e-06
1.7374e-06
1.64892e-06
1.58075e-06
1.53315e-06
1.50474e-06
1.49253e-06
1.49307e-06
1.50229e-06
1.51603e-06
1.53388e-06
1.56142e-06
1.59375e-06
1.62321e-06
1.65427e-06
1.6937e-06
1.74296e-06
1.80328e-06
1.87211e-06
1.94355e-06
2.00946e-06
2.06133e-06
2.09261e-06
2.10049e-06
2.08648e-06
2.05553e-06
2.01415e-06
1.96839e-06
1.92232e-06
1.87768e-06
1.8343e-06
1.79097e-06
1.74632e-06
1.69938e-06
1.64984e-06
1.59807e-06
1.545e-06
1.49185e-06
1.43993e-06
1.3904e-06
1.34413e-06
1.30161e-06
1.26264e-06
1.22768e-06
1.19077e-06
3.5214e-07
4.00312e-07
4.55899e-07
5.17153e-07
5.81953e-07
6.47882e-07
7.13222e-07
7.769e-07
8.38475e-07
8.98016e-07
9.55757e-07
1.01175e-06
1.06584e-06
1.11786e-06
1.16771e-06
1.21573e-06
1.26259e-06
1.30818e-06
1.35249e-06
1.39591e-06
1.43844e-06
1.48035e-06
1.52295e-06
1.56561e-06
1.60421e-06
1.63625e-06
1.66665e-06
1.70634e-06
1.76484e-06
1.84354e-06
1.93485e-06
2.02702e-06
2.10996e-06
2.17827e-06
2.2308e-06
2.26849e-06
2.2934e-06
2.30852e-06
2.31645e-06
2.30985e-06
2.28753e-06
2.24895e-06
2.19472e-06
2.12735e-06
2.05052e-06
1.96808e-06
1.88305e-06
1.79695e-06
1.7097e-06
1.62001e-06
1.52596e-06
1.4255e-06
1.31689e-06
1.1993e-06
1.07364e-06
9.43909e-07
8.1896e-07
7.15341e-07
6.59996e-07
6.83831e-07
7.99767e-07
9.94617e-07
1.24539e-06
1.52939e-06
1.825e-06
2.11207e-06
2.37329e-06
2.59543e-06
2.7695e-06
2.8903e-06
2.95595e-06
2.96759e-06
2.92849e-06
2.84335e-06
2.71739e-06
2.55757e-06
2.37272e-06
2.17278e-06
1.96517e-06
1.75494e-06
1.54645e-06
1.34308e-06
1.14726e-06
9.60557e-07
7.84003e-07
6.18376e-07
4.64745e-07
3.25747e-07
2.10122e-07
1.49144e-07
1.82189e-07
2.65487e-07
3.58196e-07
4.48844e-07
5.34057e-07
6.12457e-07
6.83211e-07
7.45673e-07
7.99388e-07
8.4414e-07
8.7969e-07
9.05513e-07
9.20633e-07
9.2419e-07
9.15963e-07
8.95846e-07
8.64196e-07
8.22206e-07
7.72508e-07
7.19502e-07
6.68862e-07
6.25972e-07
5.94291e-07
5.75833e-07
5.7467e-07
6.00471e-07
6.67786e-07
7.92847e-07
9.93096e-07
1.28416e-06
1.6698e-06
2.13547e-06
2.63907e-06
3.08971e-06
3.37298e-06
3.47266e-06
3.53132e-06
3.62932e-06
3.63615e-06
3.44483e-06
3.10751e-06
2.74329e-06
2.4371e-06
2.21101e-06
2.04689e-06
1.91968e-06
1.81461e-06
1.72778e-06
1.66025e-06
1.613e-06
1.58483e-06
1.57287e-06
1.57382e-06
1.58365e-06
1.59828e-06
1.61743e-06
1.64727e-06
1.68323e-06
1.71708e-06
1.75297e-06
1.79824e-06
1.85415e-06
1.92171e-06
1.99787e-06
2.07614e-06
2.14792e-06
2.20453e-06
2.23939e-06
2.24965e-06
2.23663e-06
2.20504e-06
2.16129e-06
2.11161e-06
2.06057e-06
2.01052e-06
1.96183e-06
1.91362e-06
1.86462e-06
1.81377e-06
1.76056e-06
1.70514e-06
1.64819e-06
1.59074e-06
1.534e-06
1.47906e-06
1.42683e-06
1.37793e-06
1.33224e-06
1.2907e-06
1.24642e-06
3.09174e-07
3.47639e-07
3.92313e-07
4.41865e-07
4.94853e-07
5.49623e-07
6.04943e-07
6.59891e-07
7.13895e-07
7.66743e-07
8.18439e-07
8.68964e-07
9.18218e-07
9.6607e-07
1.01243e-06
1.05759e-06
1.10201e-06
1.14556e-06
1.18831e-06
1.23052e-06
1.27236e-06
1.31383e-06
1.35527e-06
1.39747e-06
1.44025e-06
1.48128e-06
1.51823e-06
1.55182e-06
1.58621e-06
1.62647e-06
1.6754e-06
1.73214e-06
1.7928e-06
1.85229e-06
1.90578e-06
1.94967e-06
1.98214e-06
2.00492e-06
2.01654e-06
2.01345e-06
1.99846e-06
1.97311e-06
1.93908e-06
1.8981e-06
1.85143e-06
1.79965e-06
1.74266e-06
1.67983e-06
1.61024e-06
1.53286e-06
1.44662e-06
1.35042e-06
1.24336e-06
1.12521e-06
9.96877e-07
8.60781e-07
7.2162e-07
5.90481e-07
4.9835e-07
5.10021e-07
6.67693e-07
9.38113e-07
1.27415e-06
1.63932e-06
2.00346e-06
2.34228e-06
2.63861e-06
2.88224e-06
3.06812e-06
3.19406e-06
3.26005e-06
3.26807e-06
3.22069e-06
3.12126e-06
2.97489e-06
2.79066e-06
2.58026e-06
2.35408e-06
2.11973e-06
1.88404e-06
1.65261e-06
1.42957e-06
1.21774e-06
1.01897e-06
8.34523e-07
6.65596e-07
5.14099e-07
3.84316e-07
2.86569e-07
2.40634e-07
2.58101e-07
3.17647e-07
3.92896e-07
4.70639e-07
5.4545e-07
6.14973e-07
6.7801e-07
7.33882e-07
7.82229e-07
8.22858e-07
8.5537e-07
8.78936e-07
8.92403e-07
8.95046e-07
8.86141e-07
8.65027e-07
8.31352e-07
7.85506e-07
7.28867e-07
6.63524e-07
5.91777e-07
5.16805e-07
4.45921e-07
3.95788e-07
3.93337e-07
4.6123e-07
6.0513e-07
8.27042e-07
1.13402e-06
1.53065e-06
2.00901e-06
2.5424e-06
3.07108e-06
3.48817e-06
3.69654e-06
3.747e-06
3.81729e-06
3.91257e-06
3.8527e-06
3.57235e-06
3.16982e-06
2.77683e-06
2.4691e-06
2.25353e-06
2.10068e-06
1.98106e-06
1.87987e-06
1.7946e-06
1.72758e-06
1.68047e-06
1.65228e-06
1.64036e-06
1.64164e-06
1.65212e-06
1.66757e-06
1.68785e-06
1.71991e-06
1.75944e-06
1.79759e-06
1.83809e-06
1.88882e-06
1.95097e-06
2.02538e-06
2.10871e-06
2.19402e-06
2.27226e-06
2.33442e-06
2.37382e-06
2.38748e-06
2.37657e-06
2.34557e-06
2.30078e-06
2.24851e-06
2.1937e-06
2.13917e-06
2.08582e-06
2.03314e-06
1.98001e-06
1.9254e-06
1.86865e-06
1.80974e-06
1.74916e-06
1.68777e-06
1.62665e-06
1.56687e-06
1.50931e-06
1.4547e-06
1.40297e-06
1.3555e-06
1.30434e-06
2.69764e-07
3.0067e-07
3.36991e-07
3.77636e-07
4.21552e-07
4.67607e-07
5.14916e-07
5.62677e-07
6.10253e-07
6.57281e-07
7.03616e-07
7.49187e-07
7.9391e-07
8.37695e-07
8.80492e-07
9.22561e-07
9.64232e-07
1.00536e-06
1.04611e-06
1.08666e-06
1.12706e-06
1.16747e-06
1.2079e-06
1.24855e-06
1.28993e-06
1.33213e-06
1.3742e-06
1.41463e-06
1.45276e-06
1.48935e-06
1.52606e-06
1.56425e-06
1.60419e-06
1.64479e-06
1.68413e-06
1.72008e-06
1.75113e-06
1.77734e-06
1.79492e-06
1.80396e-06
1.80542e-06
1.79912e-06
1.78512e-06
1.76339e-06
1.73376e-06
1.69602e-06
1.64994e-06
1.59536e-06
1.53207e-06
1.45975e-06
1.37787e-06
1.2859e-06
1.18359e-06
1.07094e-06
9.47537e-07
8.11282e-07
6.5788e-07
4.85413e-07
3.24154e-07
3.44602e-07
6.23839e-07
1.01377e-06
1.44448e-06
1.87473e-06
2.27357e-06
2.62176e-06
2.91155e-06
3.14308e-06
3.31917e-06
3.44132e-06
3.5099e-06
3.52421e-06
3.48224e-06
3.38204e-06
3.2288e-06
3.03196e-06
2.80426e-06
2.55577e-06
2.29658e-06
2.03582e-06
1.78078e-06
1.53681e-06
1.30756e-06
1.09539e-06
9.01953e-07
7.28784e-07
5.78212e-07
4.54722e-07
3.6662e-07
3.24662e-07
3.31427e-07
3.73417e-07
4.32759e-07
4.976e-07
5.618e-07
6.22323e-07
6.77623e-07
7.2693e-07
7.69934e-07
8.0637e-07
8.35714e-07
8.56878e-07
8.68834e-07
8.70589e-07
8.60851e-07
8.38183e-07
8.01284e-07
7.49184e-07
6.81055e-07
5.96024e-07
4.94158e-07
3.79362e-07
2.64919e-07
1.92182e-07
2.41937e-07
4.07159e-07
6.53559e-07
9.79205e-07
1.38502e-06
1.86548e-06
2.40471e-06
2.9685e-06
3.48393e-06
3.83662e-06
3.96293e-06
3.9859e-06
4.08187e-06
4.16163e-06
4.02659e-06
3.664e-06
3.207e-06
2.79202e-06
2.48545e-06
2.28127e-06
2.14035e-06
2.02917e-06
1.93277e-06
1.84973e-06
1.78362e-06
1.73692e-06
1.70904e-06
1.69755e-06
1.69931e-06
1.71024e-06
1.72609e-06
1.74716e-06
1.78118e-06
1.82395e-06
1.86623e-06
1.91102e-06
1.96671e-06
2.03454e-06
2.11518e-06
2.20509e-06
2.29703e-06
2.38156e-06
2.44942e-06
2.49376e-06
2.51149e-06
2.50359e-06
2.47433e-06
2.42984e-06
2.3764e-06
2.31914e-06
2.26128e-06
2.20414e-06
2.14758e-06
2.09074e-06
2.03264e-06
1.97259e-06
1.91044e-06
1.84653e-06
1.7816e-06
1.71661e-06
1.65256e-06
1.59034e-06
1.53075e-06
1.4737e-06
1.42106e-06
1.3636e-06
2.3372e-07
2.58845e-07
2.88864e-07
3.22803e-07
3.5981e-07
3.99084e-07
4.39974e-07
4.81785e-07
5.23888e-07
5.65855e-07
6.07466e-07
6.48602e-07
6.89184e-07
7.29149e-07
7.68482e-07
8.07407e-07
8.46175e-07
8.84666e-07
9.23071e-07
9.61528e-07
1.00005e-06
1.03878e-06
1.07779e-06
1.11707e-06
1.15672e-06
1.19702e-06
1.23816e-06
1.27987e-06
1.3215e-06
1.36239e-06
1.40226e-06
1.44121e-06
1.47943e-06
1.51682e-06
1.55285e-06
1.58674e-06
1.6181e-06
1.64617e-06
1.66762e-06
1.68276e-06
1.69082e-06
1.69117e-06
1.68343e-06
1.6673e-06
1.6426e-06
1.60936e-06
1.56767e-06
1.51762e-06
1.45919e-06
1.39232e-06
1.31703e-06
1.23365e-06
1.14246e-06
1.04234e-06
9.28629e-07
7.91132e-07
6.14176e-07
3.80927e-07
1.05539e-07
3.38282e-07
7.77446e-07
1.24894e-06
1.70859e-06
2.11986e-06
2.46314e-06
2.73812e-06
2.95762e-06
3.13814e-06
3.29113e-06
3.41861e-06
3.51628e-06
3.57378e-06
3.57805e-06
3.51934e-06
3.39655e-06
3.21946e-06
2.99805e-06
2.74468e-06
2.4728e-06
2.19474e-06
1.92053e-06
1.65772e-06
1.41158e-06
1.18558e-06
9.82035e-07
8.02863e-07
6.50463e-07
5.28681e-07
4.43257e-07
3.99643e-07
3.96961e-07
4.25069e-07
4.70637e-07
5.23449e-07
5.77378e-07
6.29071e-07
6.76784e-07
7.19698e-07
7.5748e-07
7.89806e-07
8.15952e-07
8.34846e-07
8.45423e-07
8.46147e-07
8.34991e-07
8.09651e-07
7.67838e-07
7.07438e-07
6.26967e-07
5.2692e-07
4.11124e-07
2.85258e-07
1.51064e-07
3.91761e-08
2.15907e-07
4.81958e-07
8.24546e-07
1.23951e-06
1.71689e-06
2.24488e-06
2.80679e-06
3.36551e-06
3.83715e-06
4.10664e-06
4.1582e-06
4.18136e-06
4.31019e-06
4.3633e-06
4.15436e-06
3.7217e-06
3.22049e-06
2.78794e-06
2.48379e-06
2.292e-06
2.16453e-06
2.06356e-06
1.97349e-06
1.89372e-06
1.82911e-06
1.78321e-06
1.75616e-06
1.74586e-06
1.74877e-06
1.76032e-06
1.77604e-06
1.79723e-06
1.83216e-06
1.87713e-06
1.92305e-06
1.97164e-06
2.03172e-06
2.10478e-06
2.19102e-06
2.2869e-06
2.38485e-06
2.47515e-06
2.54843e-06
2.59772e-06
2.61986e-06
2.61566e-06
2.58916e-06
2.54622e-06
2.493e-06
2.43469e-06
2.37475e-06
2.31484e-06
2.25519e-06
2.19519e-06
2.13399e-06
2.07096e-06
2.00588e-06
1.93898e-06
1.87091e-06
1.80254e-06
1.73482e-06
1.66861e-06
1.60476e-06
1.54314e-06
1.48612e-06
1.423e-06
2.00692e-07
2.21371e-07
2.46624e-07
2.75522e-07
3.07295e-07
3.41352e-07
3.77184e-07
4.14179e-07
4.51727e-07
4.89379e-07
5.2687e-07
5.64058e-07
6.00862e-07
6.37243e-07
6.73218e-07
7.08993e-07
7.44782e-07
7.80497e-07
8.16335e-07
8.52436e-07
8.8879e-07
9.25511e-07
9.62661e-07
1.00027e-06
1.03833e-06
1.07689e-06
1.11609e-06
1.15604e-06
1.19673e-06
1.23791e-06
1.27923e-06
1.32027e-06
1.36068e-06
1.40001e-06
1.43766e-06
1.47317e-06
1.50677e-06
1.53648e-06
1.56034e-06
1.57805e-06
1.58881e-06
1.59209e-06
1.58755e-06
1.57493e-06
1.55419e-06
1.52537e-06
1.48859e-06
1.44397e-06
1.39183e-06
1.33284e-06
1.26808e-06
1.19836e-06
1.12243e-06
1.03448e-06
9.22132e-07
7.66909e-07
5.49335e-07
2.641e-07
1.91021e-07
6.00001e-07
1.05257e-06
1.47546e-06
1.82066e-06
2.06633e-06
2.22366e-06
2.32796e-06
2.4209e-06
2.53482e-06
2.68336e-06
2.86046e-06
3.04987e-06
3.22409e-06
3.35051e-06
3.4043e-06
3.37778e-06
3.27419e-06
3.102e-06
2.8769e-06
2.61672e-06
2.3384e-06
2.05632e-06
1.78167e-06
1.52253e-06
1.28431e-06
1.07061e-06
8.83988e-07
7.26931e-07
6.02527e-07
5.14496e-07
4.65348e-07
4.52819e-07
4.68561e-07
5.01769e-07
5.43425e-07
5.87576e-07
6.30743e-07
6.71079e-07
7.07774e-07
7.40429e-07
7.68678e-07
7.91658e-07
8.08366e-07
8.17374e-07
8.16558e-07
8.0334e-07
7.75181e-07
7.30272e-07
6.68658e-07
5.93486e-07
5.09918e-07
4.19101e-07
3.10817e-07
1.64389e-07
5.12037e-08
3.28074e-07
6.84057e-07
1.10465e-06
1.5743e-06
2.07923e-06
2.61077e-06
3.15869e-06
3.68523e-06
4.09383e-06
4.2738e-06
4.26963e-06
4.32048e-06
4.48326e-06
4.50548e-06
4.2343e-06
3.74816e-06
3.21254e-06
2.76505e-06
2.46348e-06
2.28501e-06
2.17287e-06
2.08429e-06
2.0024e-06
1.92688e-06
1.864e-06
1.81865e-06
1.79195e-06
1.7824e-06
1.78627e-06
1.79882e-06
1.81511e-06
1.83665e-06
1.87177e-06
1.91776e-06
1.96651e-06
2.01817e-06
2.08215e-06
2.16041e-06
2.25182e-06
2.35336e-06
2.45681e-06
2.55234e-06
2.63058e-06
2.68464e-06
2.71134e-06
2.71135e-06
2.68846e-06
2.64822e-06
2.59655e-06
2.53857e-06
2.47784e-06
2.41627e-06
2.3544e-06
2.29189e-06
2.22809e-06
2.16246e-06
2.09477e-06
2.02524e-06
1.95443e-06
1.88315e-06
1.81231e-06
1.74275e-06
1.67535e-06
1.60992e-06
1.54933e-06
1.4812e-06
1.70246e-07
1.87574e-07
2.09316e-07
2.34528e-07
2.62439e-07
2.92572e-07
3.24495e-07
3.57644e-07
3.91439e-07
4.25435e-07
4.59356e-07
4.93049e-07
5.26442e-07
5.59518e-07
5.92316e-07
6.25025e-07
6.57846e-07
6.90764e-07
7.23939e-07
7.57501e-07
7.91451e-07
8.25888e-07
8.60859e-07
8.964e-07
9.32538e-07
9.69295e-07
1.00671e-06
1.04483e-06
1.08373e-06
1.1234e-06
1.16372e-06
1.20443e-06
1.24513e-06
1.28524e-06
1.32413e-06
1.36151e-06
1.39712e-06
1.42838e-06
1.45457e-06
1.475e-06
1.48892e-06
1.49578e-06
1.49518e-06
1.48687e-06
1.47074e-06
1.44684e-06
1.41544e-06
1.37716e-06
1.33319e-06
1.28509e-06
1.23379e-06
1.17759e-06
1.10972e-06
1.01698e-06
8.81719e-07
6.89362e-07
4.4957e-07
2.98336e-07
5.10271e-07
8.56899e-07
1.1641e-06
1.35563e-06
1.39718e-06
1.30585e-06
1.14793e-06
1.01937e-06
1.00834e-06
1.14057e-06
1.38095e-06
1.69002e-06
2.04743e-06
2.41903e-06
2.74348e-06
2.98409e-06
3.12284e-06
3.15201e-06
3.07902e-06
2.92236e-06
2.70477e-06
2.449e-06
2.17522e-06
1.89968e-06
1.63443e-06
1.38782e-06
1.1654e-06
9.70907e-07
8.07151e-07
6.76749e-07
5.82112e-07
5.24197e-07
5.00344e-07
5.03508e-07
5.24521e-07
5.55185e-07
5.89661e-07
6.24364e-07
6.5737e-07
6.87833e-07
7.15372e-07
7.39485e-07
7.59336e-07
7.73833e-07
7.81259e-07
7.79486e-07
7.66684e-07
7.42337e-07
7.08239e-07
6.67907e-07
6.21942e-07
5.61481e-07
4.68698e-07
3.29958e-07
1.86506e-07
3.05895e-07
6.34371e-07
1.03439e-06
1.47434e-06
1.93704e-06
2.41368e-06
2.90471e-06
3.40853e-06
3.88569e-06
4.22361e-06
4.31769e-06
4.28257e-06
4.38367e-06
4.57948e-06
4.57767e-06
4.26634e-06
3.74748e-06
3.1874e-06
2.72627e-06
2.42619e-06
2.26132e-06
2.16604e-06
2.09202e-06
2.02018e-06
1.95004e-06
1.88852e-06
1.84231e-06
1.8146e-06
1.80447e-06
1.80802e-06
1.82104e-06
1.83857e-06
1.86277e-06
1.89869e-06
1.94488e-06
1.99477e-06
2.04801e-06
2.11531e-06
2.19966e-06
2.2958e-06
2.40323e-06
2.51198e-06
2.61238e-06
2.69521e-06
2.75382e-06
2.78514e-06
2.78978e-06
2.77124e-06
2.73472e-06
2.68582e-06
2.62944e-06
2.56916e-06
2.50705e-06
2.44387e-06
2.37958e-06
2.31372e-06
2.2459e-06
2.17597e-06
2.10415e-06
2.03098e-06
1.95722e-06
1.88377e-06
1.81145e-06
1.74116e-06
1.67264e-06
1.60927e-06
1.53684e-06
1.42041e-07
1.5695e-07
1.76243e-07
1.98897e-07
2.24075e-07
2.51347e-07
2.8031e-07
3.10435e-07
3.4117e-07
3.72092e-07
4.02934e-07
4.33548e-07
4.63871e-07
4.93909e-07
5.23725e-07
5.53503e-07
5.83428e-07
6.13536e-07
6.44013e-07
6.74959e-07
7.06378e-07
7.3837e-07
7.70973e-07
8.0422e-07
8.3815e-07
8.72809e-07
9.08247e-07
9.44521e-07
9.8169e-07
1.01978e-06
1.05878e-06
1.09853e-06
1.13873e-06
1.17887e-06
1.21847e-06
1.25737e-06
1.29422e-06
1.32724e-06
1.35591e-06
1.37924e-06
1.39645e-06
1.40692e-06
1.41017e-06
1.40592e-06
1.39416e-06
1.3752e-06
1.3499e-06
1.31959e-06
1.2857e-06
1.24845e-06
1.20491e-06
1.14717e-06
1.06235e-06
9.36414e-07
7.63521e-07
5.65478e-07
4.36167e-07
5.12365e-07
7.12181e-07
8.86263e-07
9.55204e-07
9.03412e-07
8.10262e-07
8.36228e-07
1.02633e-06
1.25967e-06
1.43761e-06
1.52775e-06
1.54009e-06
1.53194e-06
1.60786e-06
1.8323e-06
2.16063e-06
2.49729e-06
2.77052e-06
2.93341e-06
2.97518e-06
2.90702e-06
2.75141e-06
2.53474e-06
2.28228e-06
2.01537e-06
1.75045e-06
1.49931e-06
1.26995e-06
1.06759e-06
8.95701e-07
7.56763e-07
6.52429e-07
5.82875e-07
5.45543e-07
5.34598e-07
5.42253e-07
5.61015e-07
5.85129e-07
6.10867e-07
6.3623e-07
6.60279e-07
6.82642e-07
7.02723e-07
7.19844e-07
7.33103e-07
7.41422e-07
7.44266e-07
7.4245e-07
7.38e-07
7.31366e-07
7.16296e-07
6.78701e-07
6.06611e-07
5.12247e-07
4.66167e-07
5.73949e-07
8.26001e-07
1.15157e-06
1.51063e-06
1.8858e-06
2.27041e-06
2.66615e-06
3.08395e-06
3.52838e-06
3.94307e-06
4.19373e-06
4.21084e-06
4.1779e-06
4.34679e-06
4.57696e-06
4.57176e-06
4.25276e-06
3.72659e-06
3.15295e-06
2.67829e-06
2.37648e-06
2.22409e-06
2.14671e-06
2.0886e-06
2.0284e-06
1.9651e-06
1.90608e-06
1.85973e-06
1.82789e-06
1.81034e-06
1.8048e-06
1.80903e-06
1.82134e-06
1.84563e-06
1.88464e-06
1.93847e-06
1.99478e-06
2.05486e-06
2.13195e-06
2.2202e-06
2.32132e-06
2.43554e-06
2.5497e-06
2.65475e-06
2.7419e-06
2.80494e-06
2.84098e-06
2.8506e-06
2.83706e-06
2.80515e-06
2.76008e-06
2.70647e-06
2.64778e-06
2.58616e-06
2.52257e-06
2.4572e-06
2.38985e-06
2.32028e-06
2.24847e-06
2.17469e-06
2.09949e-06
2.02364e-06
1.94803e-06
1.87347e-06
1.80091e-06
1.72998e-06
1.66461e-06
1.58856e-06
1.1575e-07
1.29098e-07
1.46901e-07
1.67984e-07
1.91386e-07
2.1668e-07
2.43466e-07
2.71245e-07
2.99504e-07
3.27852e-07
3.56044e-07
3.83944e-07
4.11505e-07
4.38752e-07
4.65764e-07
4.92719e-07
5.19837e-07
5.47174e-07
5.749e-07
6.03139e-07
6.31905e-07
6.61288e-07
6.9133e-07
7.22072e-07
7.53562e-07
7.85862e-07
8.19049e-07
8.53219e-07
8.88469e-07
9.24883e-07
9.62502e-07
1.00125e-06
1.04085e-06
1.08094e-06
1.12124e-06
1.16133e-06
1.19931e-06
1.23429e-06
1.26534e-06
1.2914e-06
1.31164e-06
1.32536e-06
1.33212e-06
1.33179e-06
1.32471e-06
1.31168e-06
1.29372e-06
1.27132e-06
1.24306e-06
1.20404e-06
1.1453e-06
1.05581e-06
9.28366e-07
7.69843e-07
6.15412e-07
5.38436e-07
5.99584e-07
7.75458e-07
1.0338e-06
1.37628e-06
1.82372e-06
2.36223e-06
2.90209e-06
3.34042e-06
3.62746e-06
3.76418e-06
3.77453e-06
3.68378e-06
3.50435e-06
3.25278e-06
2.95073e-06
2.68397e-06
2.55554e-06
2.5965e-06
2.74357e-06
2.8913e-06
2.96877e-06
2.94931e-06
2.8369e-06
2.65129e-06
2.41721e-06
2.15806e-06
1.89315e-06
1.63697e-06
1.39962e-06
1.18772e-06
1.00543e-06
8.552e-07
7.38225e-07
6.54222e-07
6.00862e-07
5.73426e-07
5.65489e-07
5.70388e-07
5.82592e-07
5.98305e-07
6.15402e-07
6.32894e-07
6.50307e-07
6.67285e-07
6.83798e-07
7.00067e-07
7.16847e-07
7.35558e-07
7.56975e-07
7.78124e-07
7.9047e-07
7.8568e-07
7.70659e-07
7.80731e-07
8.64422e-07
1.0364e-06
1.26762e-06
1.52108e-06
1.77392e-06
2.01958e-06
2.26257e-06
2.51547e-06
2.801e-06
3.14025e-06
3.51508e-06
3.83196e-06
3.96066e-06
3.9079e-06
3.92469e-06
4.18421e-06
4.45754e-06
4.48397e-06
4.20026e-06
3.69765e-06
3.12302e-06
2.63324e-06
2.32335e-06
2.17988e-06
2.11831e-06
2.07686e-06
2.03246e-06
1.97607e-06
1.91401e-06
1.8564e-06
1.81049e-06
1.78089e-06
1.76621e-06
1.76478e-06
1.77506e-06
1.7974e-06
1.83951e-06
1.89678e-06
1.95533e-06
2.0237e-06
2.10835e-06
2.20404e-06
2.32306e-06
2.4482e-06
2.56858e-06
2.67882e-06
2.77073e-06
2.83823e-06
2.87905e-06
2.89403e-06
2.88604e-06
2.85948e-06
2.81913e-06
2.76926e-06
2.71314e-06
2.65293e-06
2.58974e-06
2.52397e-06
2.45565e-06
2.38475e-06
2.3114e-06
2.23595e-06
2.15902e-06
2.08142e-06
2.00403e-06
1.92769e-06
1.85342e-06
1.78069e-06
1.71406e-06
1.63512e-06
9.10608e-08
1.03743e-07
1.21013e-07
1.41436e-07
1.63887e-07
1.87926e-07
2.1316e-07
2.39137e-07
2.654e-07
2.91601e-07
3.17522e-07
3.4305e-07
3.68155e-07
3.92877e-07
4.17318e-07
4.41637e-07
4.66047e-07
4.90719e-07
5.15786e-07
5.41346e-07
5.67436e-07
5.94148e-07
6.21527e-07
6.49627e-07
6.7851e-07
7.08258e-07
7.38976e-07
7.70799e-07
8.03882e-07
8.38388e-07
8.74438e-07
9.12017e-07
9.50956e-07
9.9099e-07
1.03199e-06
1.0728e-06
1.112e-06
1.14879e-06
1.18199e-06
1.21055e-06
1.23359e-06
1.25047e-06
1.26096e-06
1.26519e-06
1.26355e-06
1.2561e-06
1.24163e-06
1.21642e-06
1.17365e-06
1.10446e-06
1.00221e-06
8.70023e-07
7.30289e-07
6.30806e-07
6.34342e-07
7.90555e-07
1.13743e-06
1.69613e-06
2.44638e-06
3.35041e-06
4.32737e-06
5.17657e-06
5.68166e-06
5.80317e-06
5.66718e-06
5.42356e-06
5.16597e-06
4.92799e-06
4.70374e-06
4.46207e-06
4.16728e-06
3.84877e-06
3.5592e-06
3.36092e-06
3.2798e-06
3.27135e-06
3.26551e-06
3.20974e-06
3.08366e-06
2.89186e-06
2.65161e-06
2.3837e-06
2.10719e-06
1.83735e-06
1.58519e-06
1.35802e-06
1.16028e-06
9.94265e-07
8.60696e-07
7.58857e-07
6.86491e-07
6.3971e-07
6.13317e-07
6.01676e-07
5.99758e-07
6.03959e-07
6.12061e-07
6.23125e-07
6.36777e-07
6.53451e-07
6.74387e-07
7.01317e-07
7.3602e-07
7.78982e-07
8.28143e-07
8.8118e-07
9.43669e-07
1.0357e-06
1.1812e-06
1.38359e-06
1.61908e-06
1.8536e-06
2.06002e-06
2.22489e-06
2.34865e-06
2.44281e-06
2.52849e-06
2.63875e-06
2.80701e-06
3.04577e-06
3.31687e-06
3.5102e-06
3.51849e-06
3.42556e-06
3.52847e-06
3.88149e-06
4.21554e-06
4.31832e-06
4.1233e-06
3.68193e-06
3.12076e-06
2.61131e-06
2.28142e-06
2.13824e-06
2.08867e-06
2.06368e-06
2.03028e-06
1.97618e-06
1.91093e-06
1.84461e-06
1.78673e-06
1.74462e-06
1.72121e-06
1.7151e-06
1.72172e-06
1.74418e-06
1.78905e-06
1.84101e-06
1.90265e-06
1.97964e-06
2.07134e-06
2.18182e-06
2.30992e-06
2.43994e-06
2.56845e-06
2.68584e-06
2.78166e-06
2.85377e-06
2.90015e-06
2.92082e-06
2.9188e-06
2.89819e-06
2.86324e-06
2.81785e-06
2.76508e-06
2.70703e-06
2.64491e-06
2.57931e-06
2.5105e-06
2.43865e-06
2.36405e-06
2.2872e-06
2.2088e-06
2.1297e-06
2.05086e-06
1.97313e-06
1.8976e-06
1.82368e-06
1.75647e-06
1.67541e-06
6.79289e-08
8.10056e-08
9.87403e-08
1.19322e-07
1.41486e-07
1.64804e-07
1.88928e-07
2.13489e-07
2.38104e-07
2.62476e-07
2.86418e-07
3.09839e-07
3.32719e-07
3.55104e-07
3.77101e-07
3.98884e-07
4.20639e-07
4.42567e-07
4.64864e-07
4.87624e-07
5.10875e-07
5.3472e-07
5.5922e-07
5.84444e-07
6.10478e-07
6.37423e-07
6.65411e-07
6.94616e-07
7.2526e-07
7.576e-07
7.91837e-07
8.28049e-07
8.66194e-07
9.06246e-07
9.47764e-07
9.893e-07
1.02999e-06
1.0687e-06
1.10423e-06
1.13553e-06
1.16175e-06
1.18235e-06
1.1969e-06
1.20481e-06
1.20452e-06
1.1927e-06
1.16373e-06
1.11041e-06
1.02702e-06
9.15136e-07
7.91252e-07
6.92293e-07
6.72863e-07
7.95766e-07
1.12869e-06
1.72764e-06
2.60167e-06
3.6982e-06
4.94324e-06
6.25063e-06
7.36645e-06
7.88107e-06
7.65223e-06
6.97267e-06
6.23218e-06
5.64621e-06
5.25842e-06
5.03011e-06
4.89992e-06
4.79201e-06
4.6662e-06
4.51801e-06
4.34681e-06
4.18188e-06
4.05386e-06
3.9584e-06
3.86466e-06
3.73748e-06
3.55703e-06
3.32267e-06
3.04672e-06
2.74685e-06
2.4407e-06
2.14297e-06
1.86457e-06
1.61277e-06
1.39176e-06
1.20344e-06
1.04796e-06
9.2407e-07
8.29361e-07
7.60353e-07
7.12734e-07
6.81874e-07
6.63626e-07
6.54879e-07
6.53728e-07
6.5954e-07
6.72701e-07
6.95022e-07
7.2943e-07
7.79442e-07
8.48668e-07
9.41074e-07
1.06338e-06
1.22706e-06
1.44272e-06
1.70652e-06
1.99338e-06
2.26616e-06
2.49164e-06
2.65081e-06
2.7401e-06
2.76717e-06
2.746e-06
2.69551e-06
2.64343e-06
2.62532e-06
2.6729e-06
2.79539e-06
2.94076e-06
2.99597e-06
2.89521e-06
2.80057e-06
2.99863e-06
3.43096e-06
3.852e-06
4.08749e-06
4.04719e-06
3.71389e-06
3.1839e-06
2.64475e-06
2.27409e-06
2.11569e-06
2.07132e-06
2.05915e-06
2.03581e-06
1.98765e-06
1.91969e-06
1.84144e-06
1.76438e-06
1.69972e-06
1.65522e-06
1.63328e-06
1.63264e-06
1.65861e-06
1.7003e-06
1.75533e-06
1.83121e-06
1.92129e-06
2.02574e-06
2.14855e-06
2.28091e-06
2.41842e-06
2.55375e-06
2.6758e-06
2.77765e-06
2.855e-06
2.90495e-06
2.9319e-06
2.93642e-06
2.92211e-06
2.89303e-06
2.85264e-06
2.80376e-06
2.74842e-06
2.68788e-06
2.62292e-06
2.554e-06
2.4815e-06
2.40592e-06
2.32788e-06
2.24819e-06
2.1678e-06
2.08773e-06
2.00891e-06
1.93253e-06
1.85792e-06
1.79082e-06
1.70845e-06
4.69258e-08
6.18249e-08
8.10021e-08
1.02338e-07
1.24609e-07
1.47495e-07
1.70765e-07
1.9417e-07
2.17405e-07
2.40216e-07
2.62452e-07
2.84038e-07
3.04962e-07
3.25274e-07
3.45088e-07
3.6458e-07
3.83959e-07
4.0341e-07
4.23128e-07
4.43227e-07
4.63717e-07
4.84704e-07
5.06269e-07
5.28511e-07
5.51539e-07
5.75478e-07
6.00491e-07
6.26795e-07
6.54687e-07
6.84525e-07
7.16643e-07
7.51243e-07
7.88421e-07
8.28236e-07
8.69749e-07
9.12011e-07
9.54085e-07
9.94718e-07
1.03268e-06
1.06676e-06
1.0957e-06
1.11799e-06
1.13141e-06
1.13257e-06
1.11667e-06
1.07826e-06
1.01351e-06
9.24599e-07
8.25327e-07
7.45348e-07
7.29228e-07
8.33536e-07
1.12787e-06
1.67886e-06
2.52012e-06
3.63811e-06
4.96626e-06
6.40735e-06
7.88588e-06
9.20383e-06
9.80847e-06
9.28706e-06
8.01833e-06
6.7037e-06
5.72996e-06
5.16697e-06
4.92019e-06
4.85284e-06
4.86046e-06
4.86705e-06
4.85931e-06
4.84833e-06
4.82816e-06
4.80049e-06
4.76173e-06
4.69799e-06
4.59296e-06
4.43111e-06
4.20648e-06
3.92559e-06
3.60385e-06
3.26015e-06
2.91264e-06
2.57632e-06
2.26216e-06
1.97736e-06
1.72589e-06
1.50924e-06
1.32702e-06
1.17753e-06
1.05811e-06
9.65408e-07
8.95654e-07
8.45162e-07
8.10877e-07
7.90611e-07
7.83699e-07
7.90751e-07
8.14314e-07
8.59206e-07
9.32093e-07
1.04085e-06
1.19383e-06
1.39901e-06
1.66095e-06
1.97369e-06
2.3138e-06
2.64212e-06
2.91643e-06
3.10677e-06
3.20346e-06
3.21497e-06
3.1593e-06
3.05546e-06
2.91924e-06
2.76539e-06
2.61547e-06
2.49514e-06
2.43062e-06
2.42192e-06
2.41813e-06
2.32667e-06
2.13672e-06
2.07569e-06
2.35807e-06
2.84593e-06
3.37558e-06
3.8138e-06
4.00732e-06
3.84246e-06
3.36702e-06
2.7852e-06
2.34206e-06
2.13973e-06
2.0809e-06
2.07017e-06
2.05207e-06
2.00676e-06
1.93453e-06
1.84364e-06
1.74547e-06
1.65265e-06
1.57662e-06
1.52591e-06
1.50409e-06
1.51527e-06
1.55033e-06
1.61881e-06
1.70983e-06
1.81873e-06
1.94545e-06
2.08756e-06
2.23542e-06
2.38292e-06
2.52327e-06
2.65008e-06
2.75822e-06
2.84141e-06
2.89817e-06
2.92984e-06
2.93986e-06
2.93238e-06
2.90937e-06
2.87426e-06
2.82959e-06
2.77729e-06
2.71869e-06
2.65469e-06
2.58593e-06
2.51303e-06
2.43665e-06
2.35756e-06
2.27672e-06
2.19516e-06
2.11402e-06
2.0343e-06
1.95736e-06
1.88252e-06
1.81618e-06
1.73341e-06
3.1859e-08
4.94195e-08
7.00938e-08
9.19866e-08
1.14143e-07
1.36427e-07
1.58768e-07
1.81022e-07
2.02919e-07
2.24221e-07
2.44791e-07
2.64566e-07
2.83532e-07
3.01732e-07
3.19274e-07
3.36326e-07
3.53102e-07
3.69817e-07
3.86688e-07
4.03859e-07
4.21307e-07
4.39113e-07
4.57386e-07
4.76273e-07
4.9592e-07
5.16479e-07
5.38132e-07
5.6115e-07
5.85915e-07
6.12898e-07
6.4259e-07
6.75427e-07
7.11779e-07
7.51314e-07
7.93195e-07
8.36672e-07
8.80454e-07
9.22953e-07
9.62241e-07
9.95916e-07
1.02097e-06
1.0337e-06
1.02999e-06
1.00622e-06
9.61303e-07
8.99851e-07
8.35891e-07
7.95204e-07
8.14779e-07
9.4235e-07
1.23679e-06
1.75528e-06
2.53057e-06
3.55939e-06
4.80352e-06
6.19471e-06
7.64182e-06
9.07816e-06
1.04267e-05
1.12107e-05
1.07118e-05
9.18374e-06
7.54839e-06
6.25213e-06
5.46647e-06
5.1764e-06
5.15446e-06
5.20557e-06
5.24784e-06
5.24826e-06
5.21872e-06
5.19981e-06
5.2176e-06
5.27651e-06
5.33895e-06
5.35762e-06
5.30142e-06
5.15614e-06
4.92389e-06
4.61969e-06
4.26547e-06
3.88468e-06
3.4985e-06
3.12382e-06
2.7728e-06
2.45327e-06
2.1695e-06
1.92298e-06
1.71321e-06
1.53834e-06
1.39569e-06
1.28212e-06
1.19451e-06
1.13032e-06
1.08784e-06
1.06661e-06
1.0683e-06
1.09642e-06
1.15725e-06
1.25919e-06
1.41104e-06
1.62e-06
1.88926e-06
2.21423e-06
2.5771e-06
2.94348e-06
3.26747e-06
3.50624e-06
3.63571e-06
3.65709e-06
3.59096e-06
3.465e-06
3.30326e-06
3.12067e-06
2.92348e-06
2.71614e-06
2.50652e-06
2.30785e-06
2.12983e-06
1.96962e-06
1.79472e-06
1.55422e-06
1.31826e-06
1.34589e-06
1.67286e-06
2.15462e-06
2.80391e-06
3.51695e-06
4.03088e-06
4.11507e-06
3.74046e-06
3.10348e-06
2.53921e-06
2.24174e-06
2.12993e-06
2.10178e-06
2.08296e-06
2.03874e-06
1.96241e-06
1.85995e-06
1.74194e-06
1.62114e-06
1.51074e-06
1.42399e-06
1.36992e-06
1.35885e-06
1.39103e-06
1.46549e-06
1.56916e-06
1.69884e-06
1.84746e-06
2.00766e-06
2.17085e-06
2.33008e-06
2.47899e-06
2.61112e-06
2.72308e-06
2.81237e-06
2.87765e-06
2.91661e-06
2.9327e-06
2.92981e-06
2.91319e-06
2.88344e-06
2.8431e-06
2.79402e-06
2.73754e-06
2.67469e-06
2.6063e-06
2.53314e-06
2.45607e-06
2.37603e-06
2.29409e-06
2.2114e-06
2.12922e-06
2.04869e-06
1.97137e-06
1.89663e-06
1.83166e-06
1.74947e-06
3.50323e-08
5.04278e-08
7.001e-08
9.08415e-08
1.11721e-07
1.32541e-07
1.5337e-07
1.74139e-07
1.94561e-07
2.14385e-07
2.33474e-07
2.51766e-07
2.69232e-07
2.85889e-07
3.01822e-07
3.1718e-07
3.32155e-07
3.46909e-07
3.61522e-07
3.76147e-07
3.90827e-07
4.05624e-07
4.20653e-07
4.36077e-07
4.52095e-07
4.68912e-07
4.86719e-07
5.05794e-07
5.26634e-07
5.49914e-07
5.76299e-07
6.0647e-07
6.40764e-07
6.78688e-07
7.1956e-07
7.61969e-07
8.03777e-07
8.42209e-07
8.73919e-07
8.95315e-07
9.03248e-07
8.96216e-07
8.7616e-07
8.50671e-07
8.34994e-07
8.53068e-07
9.37792e-07
1.13138e-06
1.48191e-06
2.03074e-06
2.79703e-06
3.76917e-06
4.90512e-06
6.14086e-06
7.40545e-06
8.63466e-06
9.79059e-06
1.08947e-05
1.17487e-05
1.15617e-05
1.02381e-05
8.80484e-06
7.48941e-06
6.41406e-06
5.89216e-06
5.8086e-06
5.85564e-06
5.88782e-06
5.87672e-06
5.81872e-06
5.72736e-06
5.65176e-06
5.63686e-06
5.70606e-06
5.8203e-06
5.90929e-06
5.91791e-06
5.81908e-06
5.6118e-06
5.31376e-06
4.95155e-06
4.55303e-06
4.14327e-06
3.74188e-06
3.36304e-06
3.01604e-06
2.70615e-06
2.43557e-06
2.2043e-06
2.01092e-06
1.85322e-06
1.72877e-06
1.63564e-06
1.57272e-06
1.53983e-06
1.5391e-06
1.57449e-06
1.65176e-06
1.77792e-06
1.9591e-06
2.19822e-06
2.49274e-06
2.83141e-06
3.19002e-06
3.5297e-06
3.80364e-06
3.97306e-06
4.02334e-06
3.96813e-06
3.83859e-06
3.66754e-06
3.47865e-06
3.28335e-06
3.08231e-06
2.86943e-06
2.63998e-06
2.39054e-06
2.11785e-06
1.81752e-06
1.49384e-06
1.14253e-06
7.99215e-07
6.90141e-07
8.98334e-07
1.10528e-06
1.41384e-06
2.15559e-06
3.18514e-06
4.08873e-06
4.52635e-06
4.35402e-06
3.68898e-06
2.95067e-06
2.47653e-06
2.24911e-06
2.16695e-06
2.13185e-06
2.08471e-06
2.0046e-06
1.89217e-06
1.75676e-06
1.6108e-06
1.46815e-06
1.34492e-06
1.25583e-06
1.21871e-06
1.23973e-06
1.31363e-06
1.42982e-06
1.57761e-06
1.74486e-06
1.92129e-06
2.09778e-06
2.26714e-06
2.42345e-06
2.56146e-06
2.6781e-06
2.77139e-06
2.84215e-06
2.89025e-06
2.91499e-06
2.91851e-06
2.90525e-06
2.88084e-06
2.84486e-06
2.79904e-06
2.74477e-06
2.68317e-06
2.61523e-06
2.5419e-06
2.46419e-06
2.3832e-06
2.30014e-06
2.21628e-06
2.133e-06
2.05159e-06
1.97388e-06
1.8994e-06
1.83632e-06
1.7557e-06
5.22763e-08
6.38851e-08
8.08674e-08
9.99044e-08
1.192e-07
1.38492e-07
1.57994e-07
1.77753e-07
1.97521e-07
2.17021e-07
2.36036e-07
2.54357e-07
2.71768e-07
2.88077e-07
3.03158e-07
3.16957e-07
3.29565e-07
3.41215e-07
3.52073e-07
3.62241e-07
3.71759e-07
3.80894e-07
3.90019e-07
3.99442e-07
4.09416e-07
4.20195e-07
4.32081e-07
4.45389e-07
4.60618e-07
4.78662e-07
5.00441e-07
5.26455e-07
5.565e-07
5.89971e-07
6.2556e-07
6.61214e-07
6.94582e-07
7.23531e-07
7.47019e-07
7.66265e-07
7.86087e-07
8.16231e-07
8.72493e-07
9.77643e-07
1.16187e-06
1.46113e-06
1.91126e-06
2.53843e-06
3.34943e-06
4.32472e-06
5.41664e-06
6.55395e-06
7.65311e-06
8.6366e-06
9.45577e-06
1.01102e-05
1.06822e-05
1.12584e-05
1.13579e-05
1.04472e-05
9.53536e-06
8.79661e-06
7.76119e-06
6.84913e-06
6.42191e-06
6.35395e-06
6.38548e-06
6.40058e-06
6.3703e-06
6.28882e-06
6.19255e-06
6.10747e-06
6.06533e-06
6.11013e-06
6.22883e-06
6.35486e-06
6.4168e-06
6.3694e-06
6.20308e-06
5.93373e-06
5.58774e-06
5.19431e-06
4.78198e-06
4.37255e-06
3.98245e-06
3.62289e-06
3.3007e-06
3.01944e-06
2.78029e-06
2.58289e-06
2.42606e-06
2.30855e-06
2.2297e-06
2.18954e-06
2.18941e-06
2.2324e-06
2.32131e-06
2.45879e-06
2.64567e-06
2.87934e-06
3.15228e-06
3.44976e-06
3.74649e-06
4.00563e-06
4.1859e-06
4.25798e-06
4.2203e-06
4.09934e-06
3.93333e-06
3.75361e-06
3.57619e-06
3.40351e-06
3.22915e-06
3.04194e-06
2.83067e-06
2.58494e-06
2.2935e-06
1.94466e-06
1.53822e-06
1.09682e-06
7.15687e-07
6.93895e-07
9.99881e-07
1.17755e-06
1.00971e-06
7.63455e-07
1.45505e-06
2.75936e-06
4.05217e-06
4.94558e-06
5.15833e-06
4.6121e-06
3.70582e-06
2.96057e-06
2.51448e-06
2.30074e-06
2.20813e-06
2.14362e-06
2.05858e-06
1.93915e-06
1.78986e-06
1.62249e-06
1.45146e-06
1.29426e-06
1.16988e-06
1.1025e-06
1.1058e-06
1.17716e-06
1.30225e-06
1.46408e-06
1.64593e-06
1.83514e-06
2.02201e-06
2.19932e-06
2.36154e-06
2.50437e-06
2.62542e-06
2.72332e-06
2.79824e-06
2.85114e-06
2.88391e-06
2.8966e-06
2.88912e-06
2.86706e-06
2.83528e-06
2.79276e-06
2.74071e-06
2.68042e-06
2.61298e-06
2.53949e-06
2.46114e-06
2.37918e-06
2.29492e-06
2.20976e-06
2.12518e-06
2.04263e-06
1.96423e-06
1.88978e-06
1.82879e-06
1.75048e-06
1.05988e-07
1.14803e-07
1.29469e-07
1.48238e-07
1.69573e-07
1.92638e-07
2.16939e-07
2.42086e-07
2.67613e-07
2.93006e-07
3.17671e-07
3.4094e-07
3.62136e-07
3.80653e-07
3.96026e-07
4.0797e-07
4.16408e-07
4.21522e-07
4.23714e-07
4.23834e-07
4.22326e-07
4.19142e-07
4.14829e-07
4.10207e-07
4.06097e-07
4.02929e-07
4.00736e-07
4.00496e-07
4.03493e-07
4.10608e-07
4.22811e-07
4.40779e-07
4.65036e-07
4.96012e-07
5.34021e-07
5.79955e-07
6.3596e-07
7.06243e-07
7.9793e-07
9.21837e-07
1.09302e-06
1.33087e-06
1.65819e-06
2.09892e-06
2.67394e-06
3.39546e-06
4.26069e-06
5.24661e-06
6.30767e-06
7.3775e-06
8.37508e-06
9.21446e-06
9.81926e-06
1.01432e-05
1.01918e-05
1.00574e-05
9.96489e-06
9.93951e-06
9.35828e-06
8.71214e-06
8.79257e-06
8.53716e-06
7.69231e-06
6.88365e-06
6.48737e-06
6.43585e-06
6.50326e-06
6.55937e-06
6.57123e-06
6.55294e-06
6.5197e-06
6.45714e-06
6.408e-06
6.4381e-06
6.55224e-06
6.68938e-06
6.77579e-06
6.77139e-06
6.65533e-06
6.42959e-06
6.11654e-06
5.74748e-06
5.35436e-06
4.95788e-06
4.57693e-06
4.22455e-06
3.90948e-06
3.63711e-06
3.41025e-06
3.22996e-06
3.09623e-06
3.00852e-06
2.96628e-06
2.96907e-06
3.01697e-06
3.10816e-06
3.2388e-06
3.40302e-06
3.5925e-06
3.79607e-06
3.9984e-06
4.17779e-06
4.30594e-06
4.35461e-06
4.31015e-06
4.18619e-06
4.01908e-06
3.84727e-06
3.69343e-06
3.56073e-06
3.43927e-06
3.31466e-06
3.17189e-06
2.99812e-06
2.78503e-06
2.51626e-06
2.18314e-06
1.7846e-06
1.35395e-06
1.01565e-06
1.03438e-06
1.39297e-06
1.73549e-06
1.79113e-06
1.41978e-06
6.4452e-07
7.35126e-07
2.16995e-06
3.73099e-06
5.08899e-06
5.89335e-06
5.80294e-06
4.92824e-06
3.89459e-06
3.10746e-06
2.61979e-06
2.3654e-06
2.2289e-06
2.12026e-06
1.9934e-06
1.83584e-06
1.65307e-06
1.45863e-06
1.271e-06
1.11233e-06
1.01189e-06
9.92448e-07
1.05657e-06
1.18642e-06
1.35828e-06
1.55095e-06
1.74975e-06
1.9444e-06
2.12776e-06
2.29475e-06
2.44181e-06
2.56683e-06
2.66877e-06
2.748e-06
2.80527e-06
2.84234e-06
2.86131e-06
2.86276e-06
2.84516e-06
2.8149e-06
2.77563e-06
2.72592e-06
2.667e-06
2.60007e-06
2.5264e-06
2.44732e-06
2.36423e-06
2.27854e-06
2.19173e-06
2.10538e-06
2.02107e-06
1.94128e-06
1.86624e-06
1.80718e-06
1.73237e-06
3.01609e-07
3.23239e-07
3.39488e-07
3.52734e-07
3.67036e-07
3.83648e-07
4.0144e-07
4.18863e-07
4.34796e-07
4.48502e-07
4.59369e-07
4.66855e-07
4.70532e-07
4.7016e-07
4.65712e-07
4.5738e-07
4.45543e-07
4.3084e-07
4.14039e-07
3.95565e-07
3.77358e-07
3.60487e-07
3.45404e-07
3.33217e-07
3.25524e-07
3.24057e-07
3.30588e-07
3.46647e-07
3.73766e-07
4.13388e-07
4.67181e-07
5.37733e-07
6.28337e-07
7.42847e-07
8.86052e-07
1.06388e-06
1.28355e-06
1.55367e-06
1.88418e-06
2.28615e-06
2.77111e-06
3.34981e-06
4.02994e-06
4.81278e-06
5.68901e-06
6.63492e-06
7.61013e-06
8.55852e-06
9.4125e-06
1.01e-05
1.05522e-05
1.07115e-05
1.0543e-05
1.00479e-05
9.27718e-06
8.41436e-06
7.74395e-06
7.10593e-06
6.33805e-06
6.52677e-06
7.3534e-06
7.4447e-06
6.85672e-06
6.31405e-06
6.13396e-06
6.21755e-06
6.38441e-06
6.53411e-06
6.64728e-06
6.71516e-06
6.72116e-06
6.6683e-06
6.61462e-06
6.63246e-06
6.73735e-06
6.88663e-06
7.00924e-06
7.03996e-06
6.95114e-06
6.76218e-06
6.49964e-06
6.17298e-06
5.81768e-06
5.4527e-06
5.10181e-06
4.77851e-06
4.49338e-06
4.25349e-06
4.06287e-06
3.9233e-06
3.83438e-06
3.79394e-06
3.79811e-06
3.84125e-06
3.91634e-06
4.01379e-06
4.12192e-06
4.22831e-06
4.32034e-06
4.38452e-06
4.40582e-06
4.36895e-06
4.26479e-06
4.10068e-06
3.90458e-06
3.71553e-06
3.56354e-06
3.45701e-06
3.38485e-06
3.32558e-06
3.25815e-06
3.16659e-06
3.03783e-06
2.86864e-06
2.64452e-06
2.35232e-06
2.00621e-06
1.63533e-06
1.3494e-06
1.3538e-06
1.69268e-06
2.12644e-06
2.4024e-06
2.35096e-06
1.90373e-06
1.08631e-06
7.16107e-08
1.40897e-06
2.99466e-06
4.63519e-06
6.0518e-06
6.81538e-06
6.52875e-06
5.4835e-06
4.35323e-06
3.44085e-06
2.82094e-06
2.45036e-06
2.22562e-06
2.0537e-06
1.88121e-06
1.68926e-06
1.4805e-06
1.26984e-06
1.08003e-06
9.4397e-07
8.95767e-07
9.47717e-07
1.07991e-06
1.25991e-06
1.46156e-06
1.66826e-06
1.86924e-06
2.05746e-06
2.22825e-06
2.37857e-06
2.50668e-06
2.61185e-06
2.69434e-06
2.75508e-06
2.79563e-06
2.81754e-06
2.82328e-06
2.81312e-06
2.78559e-06
2.74711e-06
2.69971e-06
2.64218e-06
2.57568e-06
2.50166e-06
2.42165e-06
2.33723e-06
2.24996e-06
2.16148e-06
2.07358e-06
1.98827e-06
1.90842e-06
1.83551e-06
1.78247e-06
1.72297e-06
3.92543e-07
3.64207e-07
3.24166e-07
2.63929e-07
1.8999e-07
1.15291e-07
7.76992e-08
1.29239e-07
2.09091e-07
2.94005e-07
3.79899e-07
4.65165e-07
5.48788e-07
6.30091e-07
7.08665e-07
7.84335e-07
8.57107e-07
9.27061e-07
9.94516e-07
1.06018e-06
1.12597e-06
1.19357e-06
1.26425e-06
1.33933e-06
1.41994e-06
1.5065e-06
1.60124e-06
1.70851e-06
1.83339e-06
1.97915e-06
2.15014e-06
2.35121e-06
2.58702e-06
2.86227e-06
3.18164e-06
3.54974e-06
3.97117e-06
4.45037e-06
4.99144e-06
5.59723e-06
6.2679e-06
6.99856e-06
7.77632e-06
8.57756e-06
9.36635e-06
1.00951e-05
1.07083e-05
1.11481e-05
1.13623e-05
1.13111e-05
1.09716e-05
1.03387e-05
9.42703e-06
8.26229e-06
6.9323e-06
5.60394e-06
4.41526e-06
3.27817e-06
2.81421e-06
3.97082e-06
5.741e-06
6.45908e-06
5.96867e-06
5.30775e-06
5.24679e-06
5.61704e-06
6.02579e-06
6.30412e-06
6.45511e-06
6.5221e-06
6.53643e-06
6.50788e-06
6.48944e-06
6.54234e-06
6.67938e-06
6.86354e-06
7.02785e-06
7.10937e-06
7.08535e-06
6.95308e-06
6.72432e-06
6.44379e-06
6.15028e-06
5.84046e-06
5.54098e-06
5.2651e-06
5.02741e-06
4.83563e-06
4.69292e-06
4.59904e-06
4.54953e-06
4.53671e-06
4.55023e-06
4.57833e-06
4.60817e-06
4.62591e-06
4.61862e-06
4.57578e-06
4.48823e-06
4.34915e-06
4.15733e-06
3.92208e-06
3.66855e-06
3.43135e-06
3.24297e-06
3.12074e-06
3.06072e-06
3.04176e-06
3.03543e-06
3.01568e-06
2.96628e-06
2.87616e-06
2.74378e-06
2.56399e-06
2.31795e-06
2.03111e-06
1.73883e-06
1.52137e-06
1.53694e-06
1.84908e-06
2.30958e-06
2.71027e-06
2.88304e-06
2.73105e-06
2.24651e-06
1.49468e-06
5.58708e-07
5.59985e-07
1.87193e-06
3.42868e-06
5.15045e-06
6.7477e-06
7.6752e-06
7.4929e-06
6.48813e-06
5.27544e-06
4.16757e-06
3.29048e-06
2.67024e-06
2.25297e-06
1.95623e-06
1.71092e-06
1.47935e-06
1.25219e-06
1.04128e-06
8.76913e-07
8.02115e-07
8.40605e-07
9.73142e-07
1.1583e-06
1.36562e-06
1.57717e-06
1.78185e-06
1.97288e-06
2.14606e-06
2.2988e-06
2.42968e-06
2.53823e-06
2.62473e-06
2.68996e-06
2.73527e-06
2.76233e-06
2.77273e-06
2.76842e-06
2.7485e-06
2.71229e-06
2.66675e-06
2.61136e-06
2.54606e-06
2.47306e-06
2.39448e-06
2.31247e-06
2.22914e-06
2.14679e-06
2.06808e-06
1.99638e-06
1.93566e-06
1.89158e-06
1.87608e-06
1.88487e-06
1.92461e-06
2.19845e-06
2.49324e-06
2.78768e-06
3.07061e-06
3.34273e-06
3.60408e-06
3.85264e-06
4.08695e-06
4.3066e-06
4.51149e-06
4.7016e-06
4.8771e-06
5.03844e-06
5.18637e-06
5.32169e-06
5.44564e-06
5.55928e-06
5.66059e-06
5.75139e-06
5.83441e-06
5.91185e-06
5.98687e-06
6.06404e-06
6.14828e-06
6.24118e-06
6.33954e-06
6.44588e-06
6.56223e-06
6.6928e-06
6.84238e-06
7.01597e-06
7.21902e-06
7.45739e-06
7.73711e-06
8.06379e-06
8.44186e-06
8.87316e-06
9.35517e-06
9.87877e-06
1.04262e-05
1.09698e-05
1.14716e-05
1.18863e-05
1.21646e-05
1.22599e-05
1.21343e-05
1.17645e-05
1.1146e-05
1.02956e-05
9.24929e-06
8.05066e-06
6.73501e-06
5.31631e-06
3.80891e-06
2.2501e-06
7.3213e-07
3.06411e-07
6.81869e-07
2.54375e-06
5.84593e-06
8.19336e-06
8.12884e-06
6.42394e-06
4.60958e-06
3.97659e-06
4.42447e-06
5.05822e-06
5.48247e-06
5.68824e-06
5.77793e-06
5.86971e-06
6.00339e-06
6.18884e-06
6.4189e-06
6.66046e-06
6.87214e-06
7.01415e-06
7.05347e-06
6.97569e-06
6.79921e-06
6.57271e-06
6.29644e-06
6.0159e-06
5.76286e-06
5.5367e-06
5.34541e-06
5.19185e-06
5.07622e-06
4.99495e-06
4.93801e-06
4.89353e-06
4.84934e-06
4.79365e-06
4.71526e-06
4.6054e-06
4.45876e-06
4.27243e-06
4.04727e-06
3.79108e-06
3.51996e-06
3.25804e-06
3.03e-06
2.85318e-06
2.738e-06
2.68102e-06
2.66628e-06
2.66945e-06
2.66597e-06
2.63589e-06
2.56712e-06
2.45446e-06
2.29303e-06
2.07218e-06
1.81944e-06
1.5907e-06
1.44894e-06
1.51568e-06
1.84123e-06
2.32151e-06
2.79722e-06
3.12157e-06
3.1897e-06
2.97112e-06
2.52628e-06
1.98459e-06
1.48884e-06
1.14137e-06
1.1152e-06
1.73899e-06
3.04327e-06
4.85462e-06
6.79647e-06
8.23769e-06
8.62384e-06
8.04516e-06
6.98024e-06
5.77417e-06
4.61583e-06
3.61142e-06
2.79584e-06
2.15463e-06
1.64958e-06
1.23828e-06
8.88492e-07
5.88817e-07
3.78351e-07
3.80166e-07
5.77375e-07
8.40603e-07
1.11064e-06
1.36877e-06
1.60804e-06
1.82548e-06
2.01957e-06
2.18951e-06
2.33507e-06
2.45656e-06
2.55469e-06
2.6305e-06
2.68552e-06
2.72158e-06
2.74046e-06
2.74385e-06
2.73298e-06
2.70676e-06
2.6696e-06
2.6274e-06
2.57928e-06
2.52686e-06
2.47365e-06
2.42366e-06
2.38101e-06
2.3506e-06
2.3383e-06
2.35089e-06
2.39599e-06
2.48043e-06
2.61764e-06
2.7872e-06
9.86347e-06
1.00496e-05
1.02141e-05
1.03456e-05
1.04517e-05
1.05433e-05
1.0622e-05
1.06868e-05
1.07373e-05
1.0774e-05
1.07973e-05
1.08075e-05
1.08055e-05
1.07925e-05
1.07702e-05
1.07407e-05
1.07065e-05
1.06692e-05
1.0634e-05
1.06047e-05
1.05813e-05
1.05646e-05
1.05563e-05
1.0558e-05
1.05701e-05
1.05942e-05
1.0639e-05
1.07105e-05
1.08117e-05
1.09448e-05
1.11117e-05
1.13143e-05
1.15535e-05
1.18287e-05
1.2137e-05
1.24713e-05
1.28197e-05
1.3164e-05
1.34787e-05
1.37317e-05
1.3886e-05
1.39025e-05
1.37447e-05
1.33839e-05
1.28042e-05
1.20063e-05
1.10096e-05
9.85144e-06
8.58467e-06
7.27389e-06
5.98331e-06
4.7563e-06
3.58164e-06
2.42419e-06
1.28645e-06
7.5457e-07
1.60494e-06
2.0876e-06
1.5254e-06
1.41484e-06
4.4967e-06
8.79382e-06
1.18556e-05
1.24103e-05
1.0859e-05
8.19157e-06
5.31531e-06
2.84511e-06
1.19814e-06
1.11257e-06
1.92667e-06
2.70953e-06
3.42412e-06
4.08633e-06
4.68775e-06
5.20195e-06
5.60218e-06
5.87204e-06
6.01518e-06
6.04706e-06
5.98173e-06
5.83503e-06
5.63071e-06
5.4274e-06
5.23573e-06
5.07213e-06
4.94716e-06
4.8541e-06
4.78496e-06
4.73304e-06
4.68559e-06
4.63273e-06
4.56657e-06
4.48148e-06
4.37459e-06
4.24524e-06
4.09434e-06
3.92532e-06
3.74508e-06
3.56348e-06
3.39114e-06
3.23649e-06
3.10148e-06
2.98715e-06
2.88906e-06
2.80124e-06
2.7182e-06
2.63376e-06
2.53982e-06
2.42597e-06
2.28905e-06
2.12525e-06
1.93329e-06
1.73991e-06
1.59774e-06
1.55824e-06
1.68729e-06
2.01002e-06
2.46651e-06
2.95656e-06
3.37503e-06
3.63991e-06
3.73241e-06
3.72266e-06
3.72573e-06
3.7904e-06
3.85231e-06
3.81456e-06
3.61226e-06
3.20612e-06
2.63995e-06
2.35292e-06
3.23315e-06
5.12506e-06
7.15282e-06
8.61357e-06
9.24645e-06
9.19307e-06
8.68583e-06
7.91082e-06
7.01027e-06
6.08649e-06
5.20697e-06
4.40935e-06
3.71123e-06
3.11878e-06
2.63318e-06
2.2543e-06
1.98104e-06
1.80972e-06
1.72472e-06
1.72086e-06
1.77711e-06
1.87066e-06
1.98265e-06
2.09949e-06
2.21224e-06
2.31557e-06
2.40668e-06
2.48456e-06
2.54966e-06
2.60325e-06
2.64716e-06
2.6838e-06
2.71564e-06
2.74516e-06
2.77562e-06
2.81109e-06
2.85745e-06
2.91596e-06
2.98954e-06
3.08177e-06
3.19505e-06
3.3313e-06
3.49163e-06
3.67601e-06
3.88412e-06
4.11181e-06
4.35751e-06
4.64475e-06
3.8256e-05
3.76669e-05
3.71608e-05
3.66556e-05
3.61581e-05
3.56698e-05
3.51898e-05
3.47216e-05
3.42709e-05
3.38426e-05
3.34414e-05
3.30718e-05
3.2738e-05
3.24435e-05
3.21912e-05
3.19828e-05
3.18196e-05
3.17008e-05
3.16222e-05
3.15792e-05
3.15689e-05
3.1586e-05
3.16233e-05
3.16727e-05
3.17252e-05
3.17685e-05
3.17855e-05
3.17602e-05
3.16798e-05
3.15287e-05
3.12907e-05
3.09483e-05
3.0484e-05
2.988e-05
2.91196e-05
2.81881e-05
2.70744e-05
2.57728e-05
2.42849e-05
2.2622e-05
2.08058e-05
1.88694e-05
1.68565e-05
1.48189e-05
1.28138e-05
1.08991e-05
9.12805e-06
7.54307e-06
6.17177e-06
5.0271e-06
4.10229e-06
3.36971e-06
2.80927e-06
2.50703e-06
2.66621e-06
3.51373e-06
4.95516e-06
6.57481e-06
7.85991e-06
8.38186e-06
7.74274e-06
5.93008e-06
5.56363e-06
9.33529e-06
1.46174e-05
1.95378e-05
2.35743e-05
2.65477e-05
2.85214e-05
2.96208e-05
2.99702e-05
2.9714e-05
2.89368e-05
2.76477e-05
2.58897e-05
2.37323e-05
2.12638e-05
1.85862e-05
1.58071e-05
1.30297e-05
1.0348e-05
7.84379e-06
5.60596e-06
3.72697e-06
2.45097e-06
2.18421e-06
2.76646e-06
3.56581e-06
4.30986e-06
4.92496e-06
5.40158e-06
5.7524e-06
5.9963e-06
6.15448e-06
6.24828e-06
6.29769e-06
6.32106e-06
6.33446e-06
6.35011e-06
6.37433e-06
6.40518e-06
6.42989e-06
6.42777e-06
6.37198e-06
6.23578e-06
5.99976e-06
5.65246e-06
5.19643e-06
4.64487e-06
4.02769e-06
3.38189e-06
2.74344e-06
2.16014e-06
1.69406e-06
1.42952e-06
1.49943e-06
1.98325e-06
2.84728e-06
4.04542e-06
5.5295e-06
7.21375e-06
8.96116e-06
1.05982e-05
1.19552e-05
1.29185e-05
1.34723e-05
1.37027e-05
1.37542e-05
1.37527e-05
1.37334e-05
1.36107e-05
1.31934e-05
1.22571e-05
1.06525e-05
8.42498e-06
5.96092e-06
4.2663e-06
4.81434e-06
7.10347e-06
9.79515e-06
1.23875e-05
1.47079e-05
1.66979e-05
1.83451e-05
1.96563e-05
2.06467e-05
2.1335e-05
2.17427e-05
2.1889e-05
2.1804e-05
2.15134e-05
2.1026e-05
2.03578e-05
1.95266e-05
1.85505e-05
1.74481e-05
1.62379e-05
1.49385e-05
1.35677e-05
1.21434e-05
1.06827e-05
9.2027e-06
7.72094e-06
6.25652e-06
4.83586e-06
3.50418e-06
2.3648e-06
1.73154e-06
2.01252e-06
2.872e-06
3.87812e-06
4.87946e-06
5.82336e-06
6.68525e-06
7.45185e-06
8.10845e-06
8.66408e-06
9.04426e-06
9.50634e-06
9.29732e-06
3.83383e-06
6.7152e-06
9.74227e-06
1.22417e-05
1.3799e-05
1.41886e-05
1.32412e-05
1.08657e-05
7.14597e-06
3.16615e-06
6.08628e-06
1.32427e-05
2.13809e-05
2.99475e-05
3.86293e-05
4.72017e-05
5.55001e-05
6.33973e-05
7.0724e-05
7.72741e-05
8.25376e-05
8.6155e-05
8.67533e-05
8.53273e-05
8.03357e-05
3.94252e-06
3.08715e-06
1.98873e-06
9.40248e-07
8.49264e-07
2.04256e-06
3.31566e-06
4.50322e-06
5.56755e-06
6.48297e-06
7.30463e-06
8.09515e-06
8.92441e-06
9.85816e-06
1.09361e-05
1.21678e-05
1.35346e-05
1.50012e-05
1.65295e-05
1.80782e-05
1.96747e-05
2.11835e-05
2.23276e-05
2.35204e-05
2.08835e-05
3.17653e-06
3.06096e-06
3.10566e-06
3.25737e-06
3.47437e-06
3.871e-06
4.44534e-06
5.06595e-06
5.64085e-06
6.1105e-06
6.48511e-06
6.77589e-06
7.03337e-06
7.3471e-06
7.81639e-06
8.53539e-06
9.57448e-06
1.09738e-05
1.27537e-05
1.49029e-05
1.71997e-05
1.95285e-05
2.15454e-05
2.34273e-05
2.37404e-05
3.88637e-06
3.92445e-06
3.97143e-06
4.03153e-06
4.19864e-06
4.49357e-06
4.939e-06
5.43153e-06
5.90759e-06
6.26885e-06
6.45392e-06
6.48284e-06
6.38523e-06
6.21825e-06
6.04671e-06
5.94258e-06
5.9883e-06
6.28369e-06
6.94538e-06
8.11979e-06
1.00048e-05
1.26537e-05
1.56116e-05
1.86154e-05
1.98215e-05
4.30184e-06
4.21787e-06
4.31228e-06
4.36687e-06
4.54258e-06
4.81997e-06
5.22801e-06
5.66604e-06
6.06099e-06
6.3499e-06
6.48214e-06
6.45603e-06
6.29151e-06
6.03054e-06
5.71833e-06
5.39976e-06
5.11979e-06
4.92861e-06
4.89074e-06
5.10213e-06
5.78892e-06
7.42233e-06
1.01408e-05
1.36104e-05
1.61854e-05
4.5141e-06
4.357e-06
4.50057e-06
4.58597e-06
4.7764e-06
5.05202e-06
5.40623e-06
5.80068e-06
6.14108e-06
6.37506e-06
6.45552e-06
6.3793e-06
6.16876e-06
5.86366e-06
5.50539e-06
5.13213e-06
4.7776e-06
4.47089e-06
4.23951e-06
4.11037e-06
4.12519e-06
4.56464e-06
6.08701e-06
8.98872e-06
1.25049e-05
4.60278e-06
4.47584e-06
4.5919e-06
4.70102e-06
4.88644e-06
5.16375e-06
5.49287e-06
5.843e-06
6.1368e-06
6.31892e-06
6.35087e-06
6.23239e-06
5.98824e-06
5.65751e-06
5.28028e-06
4.89268e-06
4.52604e-06
4.20501e-06
3.94513e-06
3.75559e-06
3.62376e-06
3.54934e-06
3.95078e-06
5.48196e-06
9.01953e-06
4.592e-06
4.52913e-06
4.62377e-06
4.73775e-06
4.91867e-06
5.18357e-06
5.49208e-06
5.8045e-06
6.05341e-06
6.18684e-06
6.17457e-06
6.01995e-06
5.74959e-06
5.40179e-06
5.01508e-06
4.62399e-06
4.25869e-06
3.94387e-06
3.69219e-06
3.50171e-06
3.36415e-06
3.20972e-06
3.14757e-06
3.43306e-06
6.11549e-06
4.51498e-06
4.48712e-06
4.58228e-06
4.69906e-06
4.87238e-06
5.12229e-06
5.40828e-06
5.68458e-06
5.89098e-06
5.98087e-06
5.93152e-06
5.74983e-06
5.4635e-06
5.10945e-06
4.72409e-06
4.34007e-06
3.98634e-06
3.68755e-06
3.45651e-06
3.28225e-06
3.14989e-06
3.00964e-06
2.86338e-06
2.57469e-06
4.02537e-06
4.38438e-06
4.36647e-06
4.46277e-06
4.5829e-06
4.74927e-06
4.98209e-06
5.24317e-06
5.48481e-06
5.65253e-06
5.70589e-06
5.62861e-06
5.43052e-06
5.13942e-06
4.79014e-06
4.41648e-06
4.04901e-06
3.71581e-06
3.44136e-06
3.23861e-06
3.09148e-06
2.96999e-06
2.83493e-06
2.70278e-06
2.30404e-06
2.71812e-06
4.19077e-06
4.17795e-06
4.27111e-06
4.39162e-06
4.55035e-06
4.76455e-06
4.9991e-06
5.20826e-06
5.34304e-06
5.36884e-06
5.27458e-06
5.07193e-06
4.78769e-06
4.45396e-06
4.10153e-06
3.75892e-06
3.4537e-06
3.21079e-06
3.0426e-06
2.92914e-06
2.82782e-06
2.69088e-06
2.5582e-06
2.21154e-06
1.9914e-06
3.92476e-06
3.91781e-06
4.00705e-06
4.12545e-06
4.27545e-06
4.47059e-06
4.67922e-06
4.86018e-06
4.9701e-06
4.97919e-06
4.88008e-06
4.68501e-06
4.41879e-06
4.11028e-06
3.78711e-06
3.4759e-06
3.20426e-06
2.99837e-06
2.86996e-06
2.79417e-06
2.71902e-06
2.58564e-06
2.42721e-06
2.15059e-06
1.61408e-06
3.58985e-06
3.58401e-06
3.668e-06
3.78287e-06
3.92405e-06
4.10196e-06
4.28868e-06
4.44879e-06
4.54425e-06
4.54883e-06
4.45725e-06
4.28126e-06
4.04293e-06
3.76757e-06
3.47976e-06
3.20454e-06
2.97027e-06
2.80517e-06
2.72053e-06
2.6853e-06
2.63879e-06
2.51596e-06
2.32506e-06
2.08848e-06
1.41642e-06
3.20097e-06
3.18523e-06
3.25816e-06
3.3667e-06
3.49958e-06
3.66447e-06
3.83679e-06
3.98623e-06
4.07918e-06
4.09162e-06
4.0191e-06
3.87203e-06
3.66942e-06
3.43296e-06
3.18441e-06
2.9478e-06
2.75301e-06
2.63112e-06
2.59302e-06
2.60046e-06
2.58331e-06
2.47457e-06
2.25691e-06
2.0282e-06
1.3043e-06
2.77727e-06
2.74004e-06
2.79224e-06
2.88902e-06
3.0137e-06
3.17119e-06
3.33875e-06
3.48895e-06
3.59119e-06
3.62256e-06
3.57853e-06
3.46778e-06
3.30613e-06
3.11192e-06
2.90441e-06
2.70722e-06
2.5527e-06
2.47547e-06
2.4857e-06
2.537e-06
2.54903e-06
2.45449e-06
2.21851e-06
1.97807e-06
1.23401e-06
2.33522e-06
2.27102e-06
2.29342e-06
2.37167e-06
2.4874e-06
2.64298e-06
2.81527e-06
2.97665e-06
3.09793e-06
3.15655e-06
3.1474e-06
3.07732e-06
2.95918e-06
2.80823e-06
2.64161e-06
2.48321e-06
2.36879e-06
2.33704e-06
2.39658e-06
2.49177e-06
2.53189e-06
2.44973e-06
2.20178e-06
1.94179e-06
1.18673e-06
1.88519e-06
1.79786e-06
1.78694e-06
1.84173e-06
1.94768e-06
2.10561e-06
2.28996e-06
2.47007e-06
2.61665e-06
2.70709e-06
2.73562e-06
2.7074e-06
2.6327e-06
2.524e-06
2.39663e-06
2.27538e-06
2.20034e-06
2.21445e-06
2.32341e-06
2.46112e-06
2.52688e-06
2.45389e-06
2.1973e-06
1.91713e-06
1.15343e-06
1.4331e-06
1.33347e-06
1.29276e-06
1.32318e-06
1.42025e-06
1.58448e-06
1.78599e-06
1.98876e-06
2.16261e-06
2.28523e-06
2.35054e-06
2.36245e-06
2.32895e-06
2.25996e-06
2.16916e-06
2.08286e-06
2.04626e-06
2.10617e-06
2.26355e-06
2.44066e-06
2.52783e-06
2.45927e-06
2.19484e-06
1.89713e-06
1.12764e-06
9.85784e-07
8.86078e-07
8.23355e-07
8.32261e-07
9.25033e-07
1.10189e-06
1.32464e-06
1.55015e-06
1.74836e-06
1.89901e-06
1.99678e-06
2.04466e-06
2.04858e-06
2.01579e-06
1.95836e-06
1.90464e-06
1.90544e-06
2.01042e-06
2.21369e-06
2.42512e-06
2.52749e-06
2.45725e-06
2.18382e-06
1.87172e-06
1.10244e-06
5.58161e-07
4.68415e-07
3.87911e-07
3.77165e-07
4.81466e-07
6.8495e-07
9.30097e-07
1.17103e-06
1.38387e-06
1.55357e-06
1.6764e-06
1.75436e-06
1.79101e-06
1.79049e-06
1.76312e-06
1.73973e-06
1.77678e-06
1.92505e-06
2.16974e-06
2.40833e-06
2.51798e-06
2.43895e-06
2.15397e-06
1.82953e-06
1.06964e-06
2.13065e-07
1.7771e-07
1.06331e-07
4.50815e-08
1.94988e-07
4.08189e-07
6.43456e-07
8.71337e-07
1.07756e-06
1.2516e-06
1.38945e-06
1.49053e-06
1.55492e-06
1.58278e-06
1.58237e-06
1.58729e-06
1.65905e-06
1.84721e-06
2.12668e-06
2.38358e-06
2.49164e-06
2.3964e-06
2.09664e-06
1.75994e-06
1.02035e-06
3.23464e-07
3.87198e-07
4.15153e-07
4.08675e-07
3.97593e-07
4.31596e-07
5.33072e-07
6.77757e-07
8.38178e-07
9.94581e-07
1.13475e-06
1.25133e-06
1.33861e-06
1.39136e-06
1.41527e-06
1.44669e-06
1.5507e-06
1.7731e-06
2.07859e-06
2.34411e-06
2.44204e-06
2.32397e-06
2.00624e-06
1.65511e-06
9.46428e-07
6.15271e-07
6.90602e-07
7.3116e-07
7.28338e-07
6.91005e-07
6.40214e-07
6.04103e-07
6.1185e-07
6.76494e-07
7.84543e-07
9.10791e-07
1.03458e-06
1.14032e-06
1.21505e-06
1.26121e-06
1.31732e-06
1.44958e-06
1.69794e-06
2.01928e-06
2.28438e-06
2.36549e-06
2.21988e-06
1.88169e-06
1.51181e-06
8.42368e-07
8.72754e-07
9.54505e-07
9.98889e-07
9.95709e-07
9.46535e-07
8.60315e-07
7.52895e-07
6.53054e-07
6.01104e-07
6.2634e-07
7.16911e-07
8.38272e-07
9.5846e-07
1.05297e-06
1.11978e-06
1.19825e-06
1.35242e-06
1.61612e-06
1.94363e-06
2.20248e-06
2.26371e-06
2.08819e-06
1.72778e-06
1.33294e-06
7.07535e-07
1.08645e-06
1.17213e-06
1.21781e-06
1.21345e-06
1.15717e-06
1.05266e-06
9.09409e-07
7.48393e-07
6.04574e-07
5.28215e-07
5.54851e-07
6.61001e-07
7.91926e-07
9.04754e-07
9.90871e-07
1.08789e-06
1.25421e-06
1.52128e-06
1.84922e-06
2.10254e-06
2.14618e-06
1.94127e-06
1.55718e-06
1.12925e-06
5.50296e-07
1.2637e-06
1.34985e-06
1.39479e-06
1.38891e-06
1.32812e-06
1.21355e-06
1.05204e-06
8.59625e-07
6.60579e-07
4.95205e-07
4.30472e-07
5.01945e-07
6.3979e-07
7.70306e-07
8.74421e-07
9.83882e-07
1.14881e-06
1.40813e-06
1.73853e-06
1.9952e-06
2.02831e-06
1.79784e-06
1.39057e-06
9.22608e-07
4.01456e-07
1.40962e-06
1.49222e-06
1.53416e-06
1.52624e-06
1.46313e-06
1.34447e-06
1.1754e-06
9.68492e-07
7.40406e-07
5.16721e-07
3.54783e-07
3.61767e-07
5.01566e-07
6.49893e-07
7.70017e-07
8.83073e-07
1.03152e-06
1.27916e-06
1.62743e-06
1.90409e-06
1.93459e-06
1.68047e-06
1.2521e-06
7.49692e-07
3.53492e-07
1.37832e-06
1.44765e-06
1.48179e-06
1.47288e-06
1.41517e-06
1.30739e-06
1.15317e-06
9.61492e-07
7.43368e-07
5.13719e-07
3.02885e-07
2.20768e-07
3.40413e-07
4.90378e-07
6.09314e-07
7.02782e-07
8.09719e-07
1.03618e-06
1.39567e-06
1.67653e-06
1.70178e-06
1.45116e-06
1.04966e-06
5.90253e-07
4.25902e-07
1.47378e-06
1.53672e-06
1.56637e-06
1.55513e-06
1.49627e-06
1.38809e-06
1.2338e-06
1.04048e-06
8.1688e-07
5.73863e-07
3.28264e-07
1.47483e-07
2.42685e-07
4.09551e-07
5.33041e-07
6.04185e-07
6.80603e-07
9.49733e-07
1.38693e-06
1.69856e-06
1.71098e-06
1.4337e-06
1.02199e-06
5.93683e-07
6.0899e-07
1.5576e-06
1.61234e-06
1.63623e-06
1.62199e-06
1.56224e-06
1.4547e-06
1.30163e-06
1.10894e-06
8.84094e-07
6.36072e-07
3.75956e-07
1.27775e-07
1.55596e-07
3.39513e-07
4.58111e-07
4.91754e-07
5.53895e-07
9.29459e-07
1.45423e-06
1.77776e-06
1.76118e-06
1.44902e-06
1.02958e-06
6.5883e-07
8.07555e-07
1.63354e-06
1.67874e-06
1.69608e-06
1.67837e-06
1.61759e-06
1.5108e-06
1.3599e-06
1.16971e-06
9.46886e-07
6.99355e-07
4.35782e-07
1.67909e-07
8.27699e-08
2.78007e-07
3.77951e-07
3.61152e-07
4.80064e-07
1.01947e-06
1.6062e-06
1.90987e-06
1.84576e-06
1.49019e-06
1.06356e-06
7.59222e-07
1.00892e-06
1.70394e-06
1.73801e-06
1.74773e-06
1.72579e-06
1.6635e-06
1.55746e-06
1.40941e-06
1.22315e-06
1.0049e-06
7.61851e-07
5.00907e-07
2.34097e-07
6.37419e-08
2.23461e-07
2.85922e-07
2.26202e-07
5.46383e-07
1.22557e-06
1.82591e-06
2.078e-06
1.95318e-06
1.54918e-06
1.11901e-06
8.81729e-07
1.20917e-06
1.77142e-06
1.79249e-06
1.79324e-06
1.76613e-06
1.70182e-06
1.59661e-06
1.45179e-06
1.27074e-06
1.0594e-06
8.23914e-07
5.68902e-07
3.08004e-07
1.18635e-07
1.75996e-07
1.7869e-07
2.02495e-07
7.67678e-07
1.51972e-06
2.08879e-06
2.26726e-06
2.07716e-06
1.62652e-06
1.20328e-06
1.03156e-06
1.41279e-06
1.83867e-06
1.84487e-06
1.8352e-06
1.80183e-06
1.73481e-06
1.63024e-06
1.48901e-06
1.31439e-06
1.11206e-06
8.86369e-07
6.38976e-07
3.84946e-07
1.89965e-07
1.43664e-07
9.24178e-08
3.92889e-07
1.0878e-06
1.8669e-06
2.37103e-06
2.46644e-06
2.2145e-06
1.72868e-06
1.33518e-06
1.2264e-06
1.63032e-06
1.9082e-06
1.89794e-06
1.87644e-06
1.83561e-06
1.76508e-06
1.66081e-06
1.52348e-06
1.35638e-06
1.16476e-06
9.5025e-07
7.11239e-07
4.64455e-07
2.66326e-07
1.56358e-07
2.0069e-07
6.79738e-07
1.46551e-06
2.23792e-06
2.65433e-06
2.66936e-06
2.36625e-06
1.86882e-06
1.54029e-06
1.48847e-06
1.87588e-06
1.98202e-06
1.95419e-06
1.91967e-06
1.87027e-06
1.79537e-06
1.69099e-06
1.55766e-06
1.39894e-06
1.21921e-06
1.0164e-06
7.86174e-07
5.47503e-07
3.49816e-07
2.39346e-07
4.17572e-07
1.02088e-06
1.87553e-06
2.6095e-06
2.92637e-06
2.87345e-06
2.53752e-06
2.06539e-06
1.84159e-06
1.83683e-06
2.16449e-06
2.06134e-06
2.01544e-06
1.96713e-06
1.90824e-06
1.82814e-06
1.72306e-06
1.59368e-06
1.44393e-06
1.27661e-06
1.08535e-06
8.64538e-07
6.36062e-07
4.47156e-07
3.85585e-07
6.8959e-07
1.40209e-06
2.29745e-06
2.96271e-06
3.1799e-06
3.07881e-06
2.73562e-06
2.34408e-06
2.25425e-06
2.28296e-06
2.5092e-06
2.14646e-06
2.08267e-06
2.02028e-06
1.95123e-06
1.86517e-06
1.75874e-06
1.63316e-06
1.49263e-06
1.3375e-06
1.1573e-06
9.4742e-07
7.3342e-07
5.68835e-07
5.89261e-07
1.00983e-06
1.81047e-06
2.71172e-06
3.2823e-06
3.41146e-06
3.28691e-06
2.97091e-06
2.71827e-06
2.77602e-06
2.82727e-06
2.91841e-06
2.23682e-06
2.1559e-06
2.07965e-06
2.00011e-06
1.90746e-06
1.79908e-06
1.67705e-06
1.54555e-06
1.4017e-06
1.23229e-06
1.03645e-06
8.44943e-07
7.27605e-07
8.49505e-07
1.37169e-06
2.23077e-06
3.09897e-06
3.55654e-06
3.62002e-06
3.50011e-06
3.25493e-06
3.17977e-06
3.38833e-06
3.45902e-06
3.39406e-06
2.33109e-06
2.23434e-06
2.14486e-06
2.05481e-06
1.95509e-06
1.84426e-06
1.72548e-06
1.60231e-06
1.46841e-06
1.3105e-06
1.13421e-06
9.78805e-07
9.35325e-07
1.16413e-06
1.76493e-06
2.64517e-06
3.44043e-06
3.77712e-06
3.80569e-06
3.72221e-06
3.59485e-06
3.71846e-06
4.06892e-06
4.15987e-06
3.93105e-06
2.42736e-06
2.31649e-06
2.21478e-06
2.11441e-06
2.00738e-06
1.89376e-06
1.7778e-06
1.66168e-06
1.53646e-06
1.39252e-06
1.24488e-06
1.14575e-06
1.19949e-06
1.52691e-06
2.1754e-06
3.03398e-06
3.71875e-06
3.93896e-06
3.96891e-06
3.95828e-06
3.99195e-06
4.31698e-06
4.79087e-06
4.90562e-06
4.51812e-06
2.52339e-06
2.40036e-06
2.28764e-06
2.17738e-06
2.06298e-06
1.9464e-06
1.83258e-06
1.72177e-06
1.60471e-06
1.47983e-06
1.37493e-06
1.35706e-06
1.52097e-06
1.92681e-06
2.58564e-06
3.37666e-06
3.91887e-06
4.03967e-06
4.11036e-06
4.21382e-06
4.43984e-06
4.9479e-06
5.52411e-06
5.66947e-06
5.13943e-06
2.61676e-06
2.48375e-06
2.36136e-06
2.24171e-06
2.12011e-06
2.00047e-06
1.88771e-06
1.78028e-06
1.6725e-06
1.57542e-06
1.53332e-06
1.62088e-06
1.89323e-06
2.34809e-06
2.97582e-06
3.65294e-06
4.02893e-06
4.07891e-06
4.23135e-06
4.49333e-06
4.92484e-06
5.58404e-06
6.24093e-06
6.42533e-06
5.77657e-06
2.70512e-06
2.56437e-06
2.43363e-06
2.30518e-06
2.17672e-06
2.05386e-06
1.94054e-06
1.83501e-06
1.74017e-06
1.68459e-06
1.73014e-06
1.93866e-06
2.30268e-06
2.77111e-06
3.32483e-06
3.84406e-06
4.041e-06
4.05773e-06
4.33455e-06
4.79858e-06
5.42866e-06
6.20002e-06
6.91711e-06
7.1496e-06
6.41062e-06
2.78627e-06
2.64007e-06
2.50218e-06
2.3655e-06
2.23066e-06
2.1041e-06
1.98828e-06
1.88443e-06
1.81e-06
1.81574e-06
1.97356e-06
2.30309e-06
2.72964e-06
3.1732e-06
3.61133e-06
3.93406e-06
3.95174e-06
3.97819e-06
4.42472e-06
5.12735e-06
5.93103e-06
6.77402e-06
7.53272e-06
7.82273e-06
7.024e-06
2.85829e-06
2.70895e-06
2.5649e-06
2.42051e-06
2.27969e-06
2.14856e-06
2.02841e-06
1.92862e-06
1.88765e-06
1.98016e-06
2.26594e-06
2.69808e-06
3.14972e-06
3.52982e-06
3.81462e-06
3.91105e-06
3.76295e-06
3.8437e-06
4.50914e-06
5.4731e-06
6.41201e-06
7.28858e-06
8.07266e-06
8.42987e-06
7.60172e-06
2.91964e-06
2.76944e-06
2.61986e-06
2.46818e-06
2.32158e-06
2.18464e-06
2.05965e-06
1.97096e-06
1.98454e-06
2.19007e-06
2.60114e-06
3.10021e-06
3.53528e-06
3.81578e-06
3.91536e-06
3.76872e-06
3.48242e-06
3.66119e-06
4.59799e-06
5.82563e-06
6.85342e-06
7.73085e-06
8.5263e-06
8.96086e-06
8.13222e-06
2.96917e-06
2.82036e-06
2.66536e-06
2.50654e-06
2.35411e-06
2.21052e-06
2.0839e-06
2.02205e-06
2.12058e-06
2.45535e-06
2.96426e-06
3.48137e-06
3.85705e-06
4.00692e-06
3.89707e-06
3.50991e-06
3.12702e-06
3.44618e-06
4.70486e-06
6.17229e-06
7.23935e-06
8.09212e-06
8.88644e-06
9.40958e-06
8.60766e-06
3.00631e-06
2.86096e-06
2.6998e-06
2.5337e-06
2.37569e-06
2.2276e-06
2.11149e-06
2.10749e-06
2.32584e-06
2.781e-06
3.33493e-06
3.81296e-06
4.08759e-06
4.08112e-06
3.75165e-06
3.15069e-06
2.7274e-06
3.23048e-06
4.84558e-06
6.49827e-06
7.5552e-06
8.36635e-06
9.14754e-06
9.77268e-06
9.02386e-06
3.03111e-06
2.89048e-06
2.72114e-06
2.5483e-06
2.38851e-06
2.24792e-06
2.1747e-06
2.2805e-06
2.63987e-06
3.16951e-06
3.69586e-06
4.07464e-06
4.20831e-06
4.024e-06
3.48439e-06
2.74129e-06
2.34306e-06
3.07474e-06
5.03498e-06
6.78343e-06
7.78467e-06
8.54791e-06
9.30352e-06
1.00481e-05
9.37957e-06
3.04451e-06
2.90866e-06
2.72977e-06
2.55726e-06
2.41355e-06
2.31893e-06
2.35889e-06
2.63343e-06
3.11063e-06
3.63344e-06
4.05269e-06
4.27466e-06
4.22802e-06
3.84625e-06
3.13229e-06
2.38074e-06
2.08678e-06
3.08473e-06
5.28594e-06
6.99934e-06
7.90494e-06
8.62783e-06
9.34612e-06
1.02334e-05
9.6805e-06
3.05151e-06
2.9246e-06
2.74821e-06
2.60807e-06
2.53887e-06
2.58814e-06
2.84117e-06
3.29058e-06
3.80197e-06
4.22711e-06
4.47653e-06
4.4977e-06
4.23448e-06
3.64362e-06
2.84022e-06
2.27731e-06
2.214e-06
3.43455e-06
5.61858e-06
7.11895e-06
7.88626e-06
8.58757e-06
9.26556e-06
1.03282e-05
9.94867e-06
3.11407e-06
3.02943e-06
2.91731e-06
2.91292e-06
3.06149e-06
3.38617e-06
3.86386e-06
4.38629e-06
4.82853e-06
5.10774e-06
5.17871e-06
4.99895e-06
4.52406e-06
3.78506e-06
3.09358e-06
2.9296e-06
3.27071e-06
4.41366e-06
6.08906e-06
7.14279e-06
7.70366e-06
8.38576e-06
9.0634e-06
1.03189e-05
1.0362e-05
3.569e-06
3.61878e-06
3.73971e-06
4.05907e-06
4.52773e-06
5.07278e-06
5.61796e-06
6.08676e-06
6.42403e-06
6.59336e-06
6.55931e-06
6.28058e-06
5.75048e-06
5.11813e-06
4.80653e-06
5.15037e-06
5.87974e-06
6.47791e-06
6.90925e-06
7.13836e-06
7.34601e-06
7.93694e-06
8.76816e-06
1.02235e-05
1.12277e-05
5.49492e-06
5.71116e-06
6.10445e-06
6.68445e-06
7.30871e-06
7.86698e-06
8.31245e-06
8.66215e-06
8.90743e-06
9.02207e-06
8.98666e-06
8.80843e-06
8.55546e-06
8.4099e-06
8.66153e-06
9.46344e-06
1.03055e-05
1.00866e-05
8.7027e-06
7.3843e-06
6.87415e-06
7.07428e-06
8.54895e-06
9.70729e-06
1.41233e-05
8.89158e-06
8.71861e-06
8.91225e-06
9.34252e-06
9.78547e-06
1.01996e-05
1.05948e-05
1.09355e-05
1.11602e-05
1.1244e-05
1.12088e-05
1.11157e-05
1.10641e-05
1.12002e-05
1.16784e-05
1.2428e-05
1.30246e-05
1.28046e-05
1.13401e-05
8.95452e-06
7.08992e-06
5.99907e-06
8.1371e-06
1.02242e-05
1.40923e-05
1.87081e-05
2.14161e-05
2.44788e-05
2.70616e-05
2.9081e-05
3.06462e-05
3.18071e-05
3.25541e-05
3.29223e-05
3.29973e-05
3.28919e-05
3.27555e-05
3.28297e-05
3.35034e-05
3.51852e-05
3.79358e-05
4.11351e-05
4.33e-05
4.16494e-05
3.34138e-05
2.17434e-05
1.05069e-05
1.30452e-05
8.30386e-06
4.36395e-05
)
;

boundaryField
{
    inlet
    {
        type            calculated;
        value           nonuniform List<scalar> 
30
(
5.16071e-29
1.73683e-30
1.52664e-31
2.72964e-31
1.96106e-31
1.36861e-31
9.96472e-32
7.45209e-32
5.60129e-32
4.16817e-32
3.03686e-32
2.17467e-32
1.66477e-32
1.66804e-32
2.06501e-32
2.62248e-32
3.25149e-32
3.93856e-32
4.69803e-32
5.5616e-32
6.58066e-32
7.83654e-32
9.46312e-32
1.17098e-31
1.51187e-31
2.06909e-31
2.80867e-31
1.55165e-31
1.73741e-30
5.16103e-29
)
;
    }
    outlet
    {
        type            calculated;
        value           nonuniform List<scalar> 
57
(
2.23236e-29
5.69014e-30
6.46568e-30
5.39032e-30
4.41423e-30
3.43976e-30
2.52258e-30
1.75554e-30
1.19558e-30
8.35741e-31
6.26996e-31
5.12247e-31
4.47754e-31
4.07855e-31
3.79954e-31
3.58304e-31
3.40046e-31
3.23272e-31
3.06171e-31
2.86722e-31
2.62814e-31
2.32753e-31
1.96336e-31
1.57886e-31
1.36987e-31
1.66375e-31
2.30992e-31
3.08085e-31
3.88114e-31
4.65839e-31
5.41436e-31
6.14892e-31
6.884e-31
7.66121e-31
8.53511e-31
9.56367e-31
1.07977e-30
1.22712e-30
1.39937e-30
1.59487e-30
1.80964e-30
2.03801e-30
2.2733e-30
2.50862e-30
2.73752e-30
2.95445e-30
3.15508e-30
3.33637e-30
3.49657e-30
3.63494e-30
3.75303e-30
3.85743e-30
4.00517e-30
4.28623e-30
5.18984e-30
5.03658e-30
1.41876e-29
)
;
    }
    upperWall
    {
        type            nutkWallFunction;
        blending        stepwise;
        value           nonuniform List<scalar> 
223
(
1.98031e-06
1.44079e-06
1.13559e-06
8.4504e-07
5.48361e-07
2.62791e-07
0
0
0
0
0
0
0
0
0
0
0
0
0
0
0
0
0
0
0
0
0
0
0
0
0
0
0
0
0
0
0
0
0
0
0
0
0
0
0
0
0
0
0
0
0
0
0
0
0
0
0
0
0
0
0
0
0
0
0
0
0
0
0
0
0
0
0
0
0
0
0
0
0
0
0
0
0
0
0
0
0
0
0
0
0
0
0
0
0
0
0
0
0
0
0
0
0
0
0
0
0
0
0
0
0
0
0
0
0
0
0
0
0
0
0
0
0
0
0
0
0
0
0
0
0
0
0
0
0
0
0
0
0
0
0
0
0
0
0
0
0
0
0
0
0
0
0
0
0
0
0
0
0
0
0
0
0
0
0
0
0
0
0
0
0
0
0
0
0
0
0
0
0
0
0
0
0
0
0
0
0
0
0
0
0
0
0
0
0
0
0
0
0
0
0
0
0
0
0
0
0
0
0
0
0
0
0
0
0
0
0
0
0
0
0
0
0
)
;
    }
    lowerWall
    {
        type            nutkWallFunction;
        blending        stepwise;
        value           nonuniform List<scalar> 
250
(
1.97887e-06
1.44217e-06
1.14217e-06
8.59645e-07
5.73419e-07
3.00419e-07
4.55272e-08
0
0
0
0
0
0
0
0
0
0
0
0
0
0
0
0
0
0
0
0
0
0
0
0
0
0
0
0
0
0
0
0
0
0
0
0
0
0
0
0
0
0
0
0
0
0
0
0
0
0
0
0
0
0
0
0
0
0
0
0
0
0
0
0
0
0
0
0
0
0
0
0
0
0
0
0
0
0
0
0
1.6948e-07
2.93163e-07
3.45024e-07
3.31956e-07
2.67919e-07
1.59454e-07
3.65298e-09
0
0
0
0
0
0
0
0
0
0
0
0
0
0
0
0
0
0
0
0
0
0
0
0
0
0
0
0
0
0
0
0
0
0
0
0
0
0
0
0
0
0
0
0
0
0
0
0
0
0
0
0
0
0
0
0
0
0
0
0
0
0
0
0
0
0
0
0
0
0
0
0
0
0
0
0
0
0
0
0
0
0
0
0
0
0
0
0
0
0
0
0
0
0
0
0
0
0
0
0
0
0
0
0
0
0
0
0
0
0
0
0
0
0
0
0
0
0
0
0
0
0
0
0
0
0
0
0
0
0
0
0
0
0
0
0
0
0
0
0
0
0
0
0
0
0
0
0
0
0
0
0
0
0
0
0
)
;
    }
    frontAndBack
    {
        type            empty;
    }
}


// ************************************************************************* //
