/*--------------------------------*- C++ -*----------------------------------*\
| =========                 |                                                 |
| \\      /  F ield         | OpenFOAM: The Open Source CFD Toolbox           |
|  \\    /   O peration     | Version:  2406                                  |
|   \\  /    A nd           | Website:  www.openfoam.com                      |
|    \\/     M anipulation  |                                                 |
\*---------------------------------------------------------------------------*/
FoamFile
{
    version     2.0;
    format      ascii;
    arch        "LSB;label=32;scalar=64";
    class       surfaceScalarField;
    location    "0.49";
    object      phi;
}
// * * * * * * * * * * * * * * * * * * * * * * * * * * * * * * * * * * * * * //

dimensions      [0 3 -1 0 0 0 0];

oriented        oriented;

internalField   nonuniform List<scalar> 
24170
(
1.22255e-06
4.74509e-08
1.16957e-06
5.29801e-08
1.12375e-06
4.58184e-08
1.08448e-06
3.92742e-08
1.05041e-06
3.40654e-08
1.02058e-06
2.98285e-08
9.93947e-07
2.66353e-08
9.69501e-07
2.44463e-08
9.46522e-07
2.29794e-08
9.24499e-07
2.2022e-08
9.03039e-07
2.14609e-08
8.81802e-07
2.12371e-08
8.60486e-07
2.13156e-08
8.38817e-07
2.16693e-08
8.16518e-07
2.22989e-08
7.93426e-07
2.30915e-08
7.68911e-07
2.45153e-08
2.34708e-08
7.4544e-07
1.29792e-06
1.95356e-08
1.31678e-06
3.41189e-08
1.32627e-06
3.63299e-08
1.32915e-06
3.63892e-08
1.32711e-06
3.61031e-08
1.32168e-06
3.52589e-08
1.31416e-06
3.41622e-08
1.30539e-06
3.32113e-08
1.29584e-06
3.2528e-08
1.28576e-06
3.21009e-08
1.27529e-06
3.19302e-08
1.26449e-06
3.2038e-08
1.25336e-06
3.24492e-08
1.24184e-06
3.31854e-08
1.22987e-06
3.42702e-08
1.21725e-06
3.5712e-08
1.20423e-06
3.75348e-08
3.97795e-08
1.18792e-06
1.27751e-06
1.20209e-08
1.28604e-06
2.55978e-08
1.29326e-06
2.91081e-08
1.29976e-06
2.98831e-08
1.30545e-06
3.04118e-08
1.31012e-06
3.05938e-08
1.31381e-06
3.04675e-08
1.31669e-06
3.03375e-08
1.31884e-06
3.03786e-08
1.32032e-06
3.06224e-08
1.32117e-06
3.10783e-08
1.32143e-06
3.17735e-08
1.32114e-06
3.27422e-08
1.32031e-06
3.40183e-08
1.31894e-06
3.56371e-08
1.31701e-06
3.76447e-08
1.31444e-06
4.01039e-08
4.31133e-08
1.3111e-06
1.27366e-06
8.36178e-09
1.27885e-06
2.04048e-08
1.2829e-06
2.50564e-08
1.28622e-06
2.65649e-08
1.28921e-06
2.74272e-08
1.29185e-06
2.79531e-08
1.29415e-06
2.8165e-08
1.29619e-06
2.82945e-08
1.29804e-06
2.8535e-08
1.2997e-06
2.89555e-08
1.3012e-06
2.95777e-08
1.30255e-06
3.0427e-08
1.30376e-06
3.15341e-08
1.30485e-06
3.29295e-08
1.30584e-06
3.46444e-08
1.30677e-06
3.67129e-08
1.30769e-06
3.91904e-08
4.2072e-08
1.30873e-06
1.27206e-06
6.29698e-09
1.27601e-06
1.64552e-08
1.27953e-06
2.15391e-08
1.28242e-06
2.36721e-08
1.28497e-06
2.48828e-08
1.28718e-06
2.57375e-08
1.28905e-06
2.63026e-08
1.29061e-06
2.67346e-08
1.29193e-06
2.7209e-08
1.29307e-06
2.7817e-08
1.29406e-06
2.85937e-08
1.29492e-06
2.95639e-08
1.2957e-06
3.07541e-08
1.29644e-06
3.21882e-08
1.2972e-06
3.3887e-08
1.29805e-06
3.5865e-08
1.29909e-06
3.81486e-08
4.06915e-08
1.30047e-06
1.2713e-06
4.99263e-09
1.27429e-06
1.347e-08
1.27733e-06
1.84967e-08
1.27998e-06
2.1025e-08
1.28235e-06
2.25137e-08
1.28448e-06
2.3604e-08
1.28635e-06
2.44293e-08
1.28799e-06
2.51034e-08
1.28942e-06
2.57714e-08
1.29071e-06
2.65301e-08
1.29188e-06
2.74236e-08
1.29297e-06
2.84761e-08
1.29402e-06
2.97075e-08
1.29507e-06
3.11333e-08
1.29619e-06
3.27627e-08
1.29747e-06
3.45941e-08
1.29898e-06
3.6629e-08
3.88049e-08
1.30087e-06
1.27091e-06
4.08097e-09
1.27318e-06
1.11986e-08
1.27577e-06
1.5912e-08
1.27818e-06
1.86178e-08
1.2804e-06
2.02935e-08
1.28246e-06
2.15347e-08
1.28437e-06
2.25267e-08
1.2861e-06
2.33679e-08
1.2877e-06
2.41735e-08
1.2892e-06
2.50331e-08
1.29063e-06
2.59931e-08
1.29203e-06
2.70752e-08
1.29344e-06
2.82929e-08
1.29492e-06
2.96527e-08
1.29653e-06
3.11537e-08
1.29834e-06
3.27834e-08
1.30044e-06
3.45283e-08
3.63257e-08
1.30292e-06
1.27068e-06
3.39688e-09
1.27247e-06
9.41633e-09
1.27468e-06
1.36994e-08
1.27689e-06
1.64091e-08
1.279e-06
1.81812e-08
1.28102e-06
1.95112e-08
1.28295e-06
2.06039e-08
1.28476e-06
2.15531e-08
1.28649e-06
2.24491e-08
1.28815e-06
2.33674e-08
1.28979e-06
2.43512e-08
1.29145e-06
2.54194e-08
1.29316e-06
2.65791e-08
1.29499e-06
2.78297e-08
1.29698e-06
2.91628e-08
1.2992e-06
3.0559e-08
1.30173e-06
3.19958e-08
3.34128e-08
1.30465e-06
1.27054e-06
2.85271e-09
1.272e-06
7.95991e-09
1.27393e-06
1.17728e-08
1.27597e-06
1.43667e-08
1.278e-06
1.6154e-08
1.27999e-06
1.752e-08
1.28193e-06
1.86609e-08
1.28382e-06
1.96669e-08
1.28566e-06
2.06094e-08
1.28748e-06
2.15487e-08
1.28931e-06
2.25215e-08
1.29118e-06
2.35428e-08
1.29315e-06
2.46149e-08
1.29524e-06
2.57318e-08
1.29753e-06
2.68798e-08
1.30005e-06
2.80363e-08
1.30287e-06
2.91754e-08
3.0245e-08
1.30604e-06
1.27046e-06
2.3973e-09
1.27169e-06
6.7205e-09
1.27341e-06
1.00582e-08
1.27532e-06
1.24581e-08
1.27728e-06
1.41916e-08
1.27925e-06
1.55459e-08
1.28122e-06
1.66919e-08
1.28318e-06
1.77127e-08
1.28512e-06
1.86652e-08
1.28708e-06
1.95951e-08
1.28907e-06
2.05311e-08
1.29112e-06
2.14838e-08
1.29329e-06
2.24512e-08
1.2956e-06
2.34237e-08
1.29809e-06
2.43849e-08
1.30082e-06
2.53116e-08
1.30381e-06
2.61777e-08
2.69403e-08
1.30712e-06
1.2704e-06
1.99911e-09
1.27149e-06
5.62503e-09
1.27306e-06
8.49429e-09
1.27487e-06
1.06498e-08
1.27678e-06
1.22745e-08
1.27875e-06
1.35762e-08
1.28075e-06
1.46928e-08
1.28277e-06
1.5696e-08
1.2848e-06
1.66299e-08
1.28687e-06
1.75275e-08
1.28899e-06
1.84088e-08
1.2912e-06
1.92795e-08
1.29351e-06
2.01347e-08
1.29598e-06
2.09624e-08
1.29862e-06
2.17454e-08
1.30147e-06
2.24616e-08
1.30456e-06
2.30872e-08
2.35885e-08
1.30791e-06
1.27036e-06
1.63746e-09
1.27136e-06
4.62267e-09
1.27283e-06
7.03144e-09
1.27457e-06
8.91019e-09
1.27646e-06
1.0385e-08
1.27843e-06
1.16008e-08
1.28046e-06
1.2661e-08
1.28254e-06
1.36221e-08
1.28465e-06
1.45163e-08
1.28681e-06
1.53652e-08
1.28904e-06
1.61807e-08
1.29136e-06
1.69637e-08
1.29378e-06
1.77069e-08
1.29635e-06
1.83973e-08
1.29908e-06
1.9018e-08
1.30199e-06
1.95492e-08
1.30511e-06
1.99703e-08
2.02563e-08
1.30844e-06
1.27034e-06
1.29785e-09
1.27129e-06
3.67653e-09
1.27269e-06
5.63008e-09
1.27439e-06
7.21082e-09
1.27627e-06
8.50594e-09
1.27826e-06
9.61029e-09
1.28032e-06
1.05938e-08
1.28245e-06
1.14954e-08
1.28463e-06
1.23356e-08
1.28687e-06
1.3126e-08
1.28918e-06
1.38708e-08
1.29158e-06
1.45668e-08
1.29408e-06
1.52045e-08
1.29671e-06
1.57705e-08
1.29947e-06
1.62493e-08
1.3024e-06
1.66239e-08
1.30549e-06
1.68771e-08
1.69917e-08
1.30876e-06
1.27033e-06
9.69364e-10
1.27125e-06
2.75833e-09
1.27262e-06
4.25769e-09
1.2743e-06
5.52587e-09
1.27619e-06
6.62092e-09
1.2782e-06
7.59586e-09
1.28031e-06
8.48866e-09
1.28248e-06
9.31975e-09
1.28472e-06
1.0098e-08
1.28702e-06
1.08259e-08
1.28939e-06
1.15006e-08
1.29184e-06
1.21149e-08
1.29439e-06
1.26579e-08
1.29704e-06
1.31164e-08
1.29982e-06
1.34762e-08
1.30272e-06
1.37234e-08
1.30575e-06
1.38442e-08
1.38283e-08
1.30891e-06
1.27033e-06
6.43098e-10
1.27124e-06
1.8448e-09
1.27261e-06
2.88614e-09
1.27431e-06
3.83148e-09
1.27621e-06
4.7139e-09
1.27826e-06
5.54858e-09
1.28041e-06
6.34273e-09
1.28263e-06
7.09806e-09
1.28491e-06
7.81196e-09
1.28726e-06
8.47823e-09
1.28967e-06
9.0879e-09
1.29216e-06
9.63e-09
1.29472e-06
1.00923e-08
1.29738e-06
1.04621e-08
1.30013e-06
1.07269e-08
1.30298e-06
1.08756e-08
1.30592e-06
1.08976e-08
1.0788e-08
1.30896e-06
1.27033e-06
3.11059e-10
1.27126e-06
9.14892e-10
1.27266e-06
1.48945e-09
1.27439e-06
2.10478e-09
1.27633e-06
2.76889e-09
1.27842e-06
3.45927e-09
1.28061e-06
4.15258e-09
1.28288e-06
4.83213e-09
1.2852e-06
5.48415e-09
1.28759e-06
6.09424e-09
1.29003e-06
6.64751e-09
1.29253e-06
7.12968e-09
1.29509e-06
7.52749e-09
1.29773e-06
7.82881e-09
1.30043e-06
8.02275e-09
1.30321e-06
8.10058e-09
1.30605e-06
8.05472e-09
7.88429e-09
1.30895e-06
1.27035e-06
-3.46865e-11
1.27131e-06
-5.24613e-11
1.27276e-06
4.15523e-11
1.27454e-06
3.22713e-10
1.27654e-06
7.69623e-10
1.27868e-06
1.31826e-09
1.28092e-06
1.91398e-09
1.28323e-06
2.52253e-09
1.2856e-06
3.11953e-09
1.28801e-06
3.68258e-09
1.29046e-06
4.1911e-09
1.29297e-06
4.62781e-09
1.29551e-06
4.97868e-09
1.29811e-06
5.23211e-09
1.30076e-06
5.37867e-09
1.30344e-06
5.41169e-09
1.30617e-06
5.32597e-09
5.12392e-09
1.30893e-06
1.27037e-06
-4.02871e-10
1.2714e-06
-1.08062e-09
1.27292e-06
-1.48577e-09
1.27479e-06
-1.53896e-09
1.27686e-06
-1.30079e-09
1.27906e-06
-8.84837e-10
1.28135e-06
-3.78321e-10
1.28371e-06
1.68511e-10
1.2861e-06
7.21382e-10
1.28854e-06
1.24976e-09
1.291e-06
1.72749e-09
1.29349e-06
2.13473e-09
1.29601e-06
2.45692e-09
1.29856e-06
2.68302e-09
1.30114e-06
2.80475e-09
1.30373e-06
2.81711e-09
1.30634e-06
2.71678e-09
2.50858e-09
1.30896e-06
1.2704e-06
-8.04561e-10
1.27152e-06
-2.19777e-09
1.27316e-06
-3.12518e-09
1.27513e-06
-3.50657e-09
1.27729e-06
-3.46001e-09
1.27956e-06
-3.16121e-09
1.28191e-06
-2.7306e-09
1.28431e-06
-2.23178e-09
1.28674e-06
-1.7084e-09
1.28919e-06
-1.19962e-09
1.29166e-06
-7.3698e-10
1.29413e-06
-3.4227e-10
1.29662e-06
-3.02324e-11
1.29912e-06
1.88588e-10
1.30161e-06
3.06802e-10
1.30411e-06
3.20676e-10
1.3066e-06
2.28349e-10
3.63444e-11
1.30907e-06
1.27045e-06
-1.25425e-09
1.27169e-06
-3.44073e-09
1.27348e-06
-4.91642e-09
1.27559e-06
-5.60923e-09
1.27785e-06
-5.72648e-09
1.28021e-06
-5.52291e-09
1.28263e-06
-5.1502e-09
1.28508e-06
-4.68125e-09
1.28754e-06
-4.16923e-09
1.29001e-06
-3.66272e-09
1.29247e-06
-3.19815e-09
1.29493e-06
-2.7984e-09
1.29737e-06
-2.478e-09
1.29981e-06
-2.24706e-09
1.30223e-06
-2.11236e-09
1.30463e-06
-2.07675e-09
1.30699e-06
-2.14108e-09
-2.2976e-09
1.30933e-06
1.27052e-06
-1.77251e-09
1.27194e-06
-4.86015e-09
1.27393e-06
-6.90895e-09
1.2762e-06
-7.87891e-09
1.27859e-06
-8.11951e-09
1.28105e-06
-7.98314e-09
1.28355e-06
-7.64524e-09
1.28605e-06
-7.18316e-09
1.28854e-06
-6.66119e-09
1.29102e-06
-6.1382e-09
1.29347e-06
-5.65418e-09
1.29591e-06
-5.23172e-09
1.29831e-06
-4.88468e-09
1.30069e-06
-4.62288e-09
1.30303e-06
-4.45274e-09
1.30533e-06
-4.3766e-09
1.30758e-06
-4.39483e-09
-4.49948e-09
1.30979e-06
1.27062e-06
-2.39073e-09
1.27229e-06
-6.52868e-09
1.27454e-06
-9.16388e-09
1.27701e-06
-1.03493e-08
1.27955e-06
-1.06595e-08
1.28213e-06
-1.05572e-08
1.28471e-06
-1.02248e-08
1.28726e-06
-9.74056e-09
1.28979e-06
-9.18399e-09
1.29227e-06
-8.6247e-09
1.29472e-06
-8.1037e-09
1.29713e-06
-7.64145e-09
1.2995e-06
-7.25061e-09
1.30182e-06
-6.94068e-09
1.30408e-06
-6.71788e-09
1.30629e-06
-6.5844e-09
1.30843e-06
-6.54038e-09
-6.57666e-09
1.31051e-06
1.27077e-06
-3.1598e-09
1.27279e-06
-8.55445e-09
1.27539e-06
-1.17544e-08
1.27809e-06
-1.30523e-08
1.2808e-06
-1.33674e-08
1.2835e-06
-1.32625e-08
1.28618e-06
-1.28994e-08
1.28879e-06
-1.23583e-08
1.29135e-06
-1.17401e-08
1.29385e-06
-1.11236e-08
1.29629e-06
-1.05472e-08
1.29868e-06
-1.00274e-08
1.301e-06
-9.57531e-09
1.30326e-06
-9.20011e-09
1.30545e-06
-8.90781e-09
1.30757e-06
-8.701e-09
1.30961e-06
-8.5812e-09
-8.54187e-09
1.31157e-06
1.27101e-06
-4.16704e-09
1.27355e-06
-1.10997e-08
1.27656e-06
-1.4765e-08
1.27953e-06
-1.60188e-08
1.28243e-06
-1.62648e-08
1.28528e-06
-1.61128e-08
1.28805e-06
-1.5672e-08
1.29073e-06
-1.50355e-08
1.29332e-06
-1.43311e-08
1.29583e-06
-1.36402e-08
1.29828e-06
-1.29926e-08
1.30065e-06
-1.23995e-08
1.30295e-06
-1.18702e-08
1.30516e-06
-1.14131e-08
1.30729e-06
-1.10339e-08
1.30932e-06
-1.07365e-08
1.31126e-06
-1.05237e-08
-1.03871e-08
1.31311e-06
1.27141e-06
-5.57711e-09
1.2747e-06
-1.43876e-08
1.27821e-06
-1.82798e-08
1.28148e-06
-1.92882e-08
1.28461e-06
-1.93916e-08
1.28762e-06
-1.91267e-08
1.29049e-06
-1.85358e-08
1.2932e-06
-1.77529e-08
1.29581e-06
-1.69341e-08
1.29832e-06
-1.61513e-08
1.30074e-06
-1.54188e-08
1.30309e-06
-1.47406e-08
1.30534e-06
-1.4123e-08
1.3075e-06
-1.35722e-08
1.30956e-06
-1.30928e-08
1.31151e-06
-1.26908e-08
1.31336e-06
-1.2375e-08
-1.21463e-08
1.31512e-06
1.27218e-06
-7.75713e-09
1.27646e-06
-1.86675e-08
1.2805e-06
-2.23156e-08
1.28408e-06
-2.28684e-08
1.28746e-06
-2.27779e-08
1.29066e-06
-2.23268e-08
1.29364e-06
-2.15123e-08
1.29643e-06
-2.05435e-08
1.29909e-06
-1.95937e-08
1.30165e-06
-1.87093e-08
1.30411e-06
-1.78849e-08
1.30649e-06
-1.71168e-08
1.30877e-06
-1.64063e-08
1.31096e-06
-1.57553e-08
1.31303e-06
-1.51657e-08
1.31499e-06
-1.46478e-08
1.31682e-06
-1.42121e-08
-1.38796e-08
1.31856e-06
1.27378e-06
-1.15415e-08
1.27933e-06
-2.42155e-08
1.28394e-06
-2.69188e-08
1.28797e-06
-2.69065e-08
1.29183e-06
-2.66322e-08
1.29547e-06
-2.5972e-08
1.2989e-06
-2.49407e-08
1.30218e-06
-2.38232e-08
1.30536e-06
-2.27767e-08
1.30846e-06
-2.18085e-08
1.31148e-06
-2.08964e-08
1.31439e-06
-2.00318e-08
1.31719e-06
-1.921e-08
1.31986e-06
-1.84264e-08
1.32238e-06
-1.76764e-08
1.32472e-06
-1.69878e-08
1.32688e-06
-1.63736e-08
-1.59302e-08
1.32893e-06
1.27763e-06
-1.91687e-08
1.28646e-06
-3.30495e-08
1.29415e-06
-3.46075e-08
1.30126e-06
-3.40162e-08
1.3077e-06
-3.30683e-08
1.31325e-06
-3.15312e-08
1.318e-06
-2.9685e-08
1.32209e-06
-2.79132e-08
1.32564e-06
-2.6327e-08
1.32872e-06
-2.48884e-08
1.33139e-06
-2.35623e-08
1.33369e-06
-2.23317e-08
1.33565e-06
-2.11775e-08
1.3373e-06
-2.00736e-08
1.3386e-06
-1.89815e-08
1.33953e-06
-1.79139e-08
1.33998e-06
-1.68253e-08
-1.63891e-08
1.34044e-06
1.29788e-06
-4.70463e-08
1.31695e-06
-5.21197e-08
1.32689e-06
-4.45487e-08
1.33049e-06
-3.76196e-08
1.32945e-06
-3.20279e-08
1.3253e-06
-2.73806e-08
1.31934e-06
-2.37211e-08
1.31244e-06
-2.10178e-08
1.30511e-06
-1.89952e-08
1.29763e-06
-1.74085e-08
1.29018e-06
-1.61161e-08
1.28288e-06
-1.50307e-08
1.27579e-06
-1.40848e-08
1.26893e-06
-1.32116e-08
1.26226e-06
-1.23166e-08
1.25566e-06
-1.13072e-08
1.24834e-06
-9.50446e-09
-8.82269e-09
1.24077e-06
1.22295e-06
1.17083e-06
1.12629e-06
1.08867e-06
1.05664e-06
1.02926e-06
1.00554e-06
9.84518e-07
9.65523e-07
9.48115e-07
9.31999e-07
9.16968e-07
9.02883e-07
8.89672e-07
8.77355e-07
8.66048e-07
8.56543e-07
8.47721e-07
4.20801e-09
-4.20801e-09
4.79333e-08
-4.37253e-08
1.11601e-07
-6.3668e-08
1.6323e-07
-5.16291e-08
1.86973e-07
-2.37427e-08
1.79807e-07
7.1658e-09
1.47406e-07
3.2401e-08
9.82464e-08
4.91599e-08
4.23966e-08
5.58498e-08
-1.23543e-08
5.47509e-08
-6.15838e-08
4.92295e-08
-1.04257e-07
4.26734e-08
-1.4161e-07
3.73533e-08
-1.75674e-07
3.40633e-08
-2.07628e-07
3.1954e-08
-2.36844e-07
2.92163e-08
-2.60909e-07
2.40647e-08
-2.76221e-07
1.53124e-08
-2.78046e-07
1.82479e-09
-2.65878e-07
-1.21683e-08
-2.41093e-07
-2.47846e-08
-2.05904e-07
-3.51892e-08
-1.62392e-07
-4.35122e-08
-1.128e-07
-4.95913e-08
-5.98908e-08
-5.29094e-08
-7.85647e-09
-5.20344e-08
3.85799e-08
-4.64364e-08
7.59506e-08
-3.73706e-08
1.0315e-07
-2.71998e-08
1.21056e-07
-1.79052e-08
1.31687e-07
-1.06316e-08
1.37986e-07
-6.29865e-09
1.43048e-07
-5.06236e-09
1.4954e-07
-6.49186e-09
1.59213e-07
-9.67337e-09
1.72526e-07
-1.33122e-08
1.88464e-07
-1.59383e-08
2.04838e-07
-1.63739e-08
2.19358e-07
-1.45204e-08
2.31119e-07
-1.17613e-08
2.41256e-07
-1.01361e-08
2.52025e-07
-1.07695e-08
2.6492e-07
-1.28948e-08
2.7925e-07
-1.43299e-08
2.9225e-07
-1.30006e-08
2.97518e-07
-5.26768e-09
2.85549e-07
1.19686e-08
2.42123e-07
4.34262e-08
1.56536e-07
8.55873e-08
2.84589e-08
1.28077e-07
-1.29206e-07
1.57665e-07
-2.97101e-07
1.67894e-07
-4.59822e-07
1.62721e-07
-6.07681e-07
1.47859e-07
-7.35636e-07
1.27955e-07
-8.41936e-07
1.063e-07
-9.26838e-07
8.49016e-08
-9.91653e-07
6.48154e-08
-1.03814e-06
4.64874e-08
-1.06821e-06
3.00644e-08
-1.08385e-06
1.56477e-08
-1.08742e-06
3.56612e-09
-1.08133e-06
-6.08779e-09
-1.06753e-06
-1.37973e-08
-1.04712e-06
-2.04136e-08
-1.02088e-06
-2.62377e-08
-9.89462e-07
-3.14205e-08
-9.534e-07
-3.60621e-08
-9.13164e-07
-4.02357e-08
-8.6917e-07
-4.39938e-08
-8.218e-07
-4.73704e-08
-7.71416e-07
-5.03838e-08
-7.18378e-07
-5.30383e-08
-6.6305e-07
-5.53281e-08
-6.05809e-07
-5.72408e-08
-5.47048e-07
-5.87608e-08
-4.87176e-07
-5.98725e-08
-4.26613e-07
-6.05623e-08
-3.65792e-07
-6.08216e-08
-3.05144e-07
-6.06477e-08
-2.45101e-07
-6.00429e-08
-1.86088e-07
-5.90129e-08
-1.28528e-07
-5.75602e-08
-7.28384e-08
-5.56896e-08
-1.94773e-08
-5.3361e-08
3.10347e-08
-5.0512e-08
7.83782e-08
-4.73435e-08
1.22509e-07
-4.41308e-08
1.63317e-07
-4.08084e-08
2.00692e-07
-3.73742e-08
2.34536e-07
-3.3844e-08
2.64764e-07
-3.02285e-08
2.9129e-07
-2.65264e-08
3.14014e-07
-2.27231e-08
3.32804e-07
-1.87907e-08
3.47501e-07
-1.46965e-08
3.57902e-07
-1.04014e-08
3.63831e-07
-5.92926e-09
3.65385e-07
-1.5534e-09
3.63263e-07
2.1213e-09
3.58476e-07
4.78783e-09
3.51931e-07
6.54494e-09
3.44418e-07
7.51278e-09
3.36692e-07
7.7259e-09
3.29497e-07
7.19501e-09
3.23582e-07
5.91508e-09
3.19636e-07
3.94595e-09
3.1815e-07
1.48637e-09
3.19138e-07
-9.88767e-10
3.21742e-07
-2.60352e-09
3.23997e-07
-2.25494e-09
3.23381e-07
6.15664e-10
3.17282e-07
6.09868e-09
3.03092e-07
1.41909e-08
2.78567e-07
2.45246e-08
2.42404e-07
3.6163e-08
1.9488e-07
4.75236e-08
1.38098e-07
5.67826e-08
7.55084e-08
6.25894e-08
1.16953e-08
6.38131e-08
-4.93368e-08
6.10321e-08
-1.049e-07
5.55629e-08
-1.53441e-07
4.85414e-08
-1.94101e-07
4.06596e-08
-2.26471e-07
3.23702e-08
-2.5045e-07
2.39792e-08
-2.66188e-07
1.57375e-08
-2.74062e-07
7.87395e-09
-2.74712e-07
6.50471e-10
-2.68887e-07
-5.82494e-09
-2.57188e-07
-1.16994e-08
-2.40193e-07
-1.69943e-08
-2.18517e-07
-2.16763e-08
-1.92819e-07
-2.5698e-08
-1.63784e-07
-2.90356e-08
-1.32117e-07
-3.16669e-08
-9.85236e-08
-3.35931e-08
-6.37116e-08
-3.48119e-08
-2.83809e-08
-3.53308e-08
6.82566e-09
-3.52065e-08
4.13701e-08
-3.45444e-08
7.48529e-08
-3.34828e-08
1.06961e-07
-3.21085e-08
1.37466e-07
-3.05044e-08
1.66212e-07
-2.87464e-08
1.93113e-07
-2.6901e-08
2.18137e-07
-2.50234e-08
2.41293e-07
-2.31564e-08
2.62624e-07
-2.13308e-08
2.82189e-07
-1.95655e-08
3.00058e-07
-1.78687e-08
3.16296e-07
-1.62384e-08
3.30958e-07
-1.46614e-08
3.4407e-07
-1.31121e-08
3.5562e-07
-1.15497e-08
3.65537e-07
-9.91704e-09
3.73681e-07
-8.14464e-09
3.7984e-07
-6.15881e-09
3.8375e-07
-3.90953e-09
3.85241e-07
-1.49163e-09
3.84414e-07
8.27325e-10
3.81486e-07
2.92752e-09
3.76655e-07
4.83113e-09
3.70074e-07
6.58155e-09
3.61894e-07
8.17988e-09
3.52278e-07
9.61629e-09
3.41406e-07
1.0872e-08
3.29483e-07
1.19227e-08
3.16734e-07
1.27484e-08
3.03396e-07
1.33384e-08
2.89701e-07
1.36947e-08
2.75868e-07
1.3833e-08
2.62086e-07
1.3782e-08
2.48503e-07
1.35831e-08
2.35221e-07
1.32824e-08
2.22278e-07
1.29425e-08
2.09719e-07
1.25593e-08
1.97367e-07
1.23522e-08
1.85723e-07
1.16437e-08
1.3165e-08
1.72558e-07
2.58239e-08
-3.00319e-08
1.05993e-07
-1.23894e-07
1.91141e-07
-1.48816e-07
2.53203e-07
-1.13691e-07
2.83904e-07
-5.44438e-08
2.87093e-07
3.97664e-09
2.64673e-07
5.48209e-08
2.23007e-07
9.0826e-08
1.68066e-07
1.10791e-07
1.06831e-07
1.15985e-07
4.58562e-08
1.10205e-07
-1.02951e-08
9.88248e-08
-5.98275e-08
8.68857e-08
-1.02886e-07
7.71222e-08
-1.39466e-07
6.85337e-08
-1.68302e-07
5.80517e-08
-1.87258e-07
4.30207e-08
-1.947e-07
2.27544e-08
-1.93691e-07
8.16712e-10
-1.80684e-07
-2.51757e-08
-1.57342e-07
-4.81266e-08
-1.24052e-07
-6.84791e-08
-8.19023e-08
-8.5662e-08
-3.30899e-08
-9.84037e-08
1.96616e-08
-1.05661e-07
7.37471e-08
-1.0612e-07
1.26639e-07
-9.93281e-08
1.75354e-07
-8.6086e-08
2.16839e-07
-6.8685e-08
2.49062e-07
-5.01282e-08
2.71973e-07
-3.35425e-08
2.86944e-07
-2.12697e-08
2.96328e-07
-1.44455e-08
3.02683e-07
-1.28474e-08
3.08298e-07
-1.52883e-08
3.15014e-07
-2.00283e-08
3.23923e-07
-2.48475e-08
3.35022e-07
-2.74724e-08
3.47315e-07
-2.68138e-08
3.59657e-07
-2.41027e-08
3.71706e-07
-2.21859e-08
3.83689e-07
-2.27521e-08
3.94194e-07
-2.33999e-08
3.97412e-07
-1.7548e-08
3.79351e-07
5.061e-09
3.16846e-07
5.72373e-08
1.8765e-07
1.41165e-07
-5.25611e-09
2.36332e-07
-2.31432e-07
3.11763e-07
-4.54475e-07
3.5112e-07
-6.53107e-07
3.56297e-07
-8.19173e-07
3.3396e-07
-9.50975e-07
2.94524e-07
-1.05083e-06
2.47712e-07
-1.12329e-06
2.00416e-07
-1.17353e-06
1.56536e-07
-1.20632e-06
1.17696e-07
-1.22565e-06
8.41413e-08
-1.23459e-06
5.54275e-08
-1.23546e-06
3.09346e-08
-1.22964e-06
9.83405e-09
-1.21797e-06
-8.10716e-09
-1.20006e-06
-2.39954e-08
-1.17579e-06
-3.80654e-08
-1.14571e-06
-5.04934e-08
-1.11041e-06
-6.15404e-08
-1.07041e-06
-7.14212e-08
-1.02617e-06
-8.03031e-08
-9.78091e-07
-8.83141e-08
-9.26539e-07
-9.55459e-08
-8.71852e-07
-1.02057e-07
-8.1436e-07
-1.07876e-07
-7.54394e-07
-1.13004e-07
-6.92295e-07
-1.17427e-07
-6.2842e-07
-1.21115e-07
-5.63145e-07
-1.24036e-07
-4.96861e-07
-1.26156e-07
-4.29975e-07
-1.27448e-07
-3.62903e-07
-1.27894e-07
-2.96066e-07
-1.27485e-07
-2.29883e-07
-1.26225e-07
-1.64771e-07
-1.24125e-07
-1.01117e-07
-1.21214e-07
-3.93735e-08
-1.17433e-07
2.00638e-08
-1.12798e-07
7.69029e-08
-1.07351e-07
1.31004e-07
-1.01445e-07
1.82094e-07
-9.52203e-08
2.30002e-07
-8.87173e-08
2.74621e-07
-8.19926e-08
3.15883e-07
-7.5106e-08
3.53761e-07
-6.81069e-08
3.88265e-07
-6.10299e-08
4.19434e-07
-5.38927e-08
4.47344e-07
-4.67008e-08
4.72111e-07
-3.94634e-08
4.93934e-07
-3.22239e-08
5.13081e-07
-2.50768e-08
5.29597e-07
-1.80692e-08
5.42855e-07
-1.11366e-08
5.51925e-07
-4.28225e-09
5.56262e-07
2.20845e-09
5.55868e-07
7.90674e-09
5.51188e-07
1.2406e-08
5.43125e-07
1.5258e-08
5.3302e-07
1.60195e-08
5.22474e-07
1.44921e-08
5.12876e-07
1.10849e-08
5.04703e-07
7.18355e-09
4.96981e-07
5.11901e-09
4.86929e-07
7.79712e-09
4.69761e-07
1.77836e-08
4.39919e-07
3.59404e-08
3.93243e-07
6.08665e-08
3.28761e-07
8.90074e-08
2.49542e-07
1.15382e-07
1.62051e-07
1.35014e-07
7.41467e-08
1.44687e-07
-6.94545e-09
1.43682e-07
-7.73274e-08
1.34195e-07
-1.36287e-07
1.19992e-07
-1.8418e-07
1.03456e-07
-2.21765e-07
8.61264e-08
-2.49973e-07
6.88677e-08
-2.6973e-07
5.21273e-08
-2.81873e-07
3.61219e-08
-2.87124e-07
2.09879e-08
-2.861e-07
6.85067e-09
-2.78983e-07
-6.46712e-09
-2.65837e-07
-1.89709e-08
-2.47024e-07
-3.05124e-08
-2.23039e-07
-4.09788e-08
-1.94441e-07
-5.02742e-08
-1.61859e-07
-5.82803e-08
-1.25956e-07
-6.4939e-08
-8.74237e-08
-7.01987e-08
-4.69644e-08
-7.40524e-08
-5.31062e-09
-7.64657e-08
3.68718e-08
-7.75132e-08
7.89875e-08
-7.73222e-08
1.20541e-07
-7.60975e-08
1.61093e-07
-7.4035e-08
2.00298e-07
-7.13136e-08
2.37895e-07
-6.81014e-08
2.73701e-07
-6.45522e-08
3.07601e-07
-6.08014e-08
3.3954e-07
-5.69621e-08
3.69507e-07
-5.31242e-08
3.9753e-07
-4.93534e-08
4.23658e-07
-4.56931e-08
4.47954e-07
-4.21651e-08
4.70487e-07
-3.87711e-08
4.91318e-07
-3.54922e-08
5.10494e-07
-3.22885e-08
5.28045e-07
-2.91008e-08
5.43989e-07
-2.58614e-08
5.58361e-07
-2.25168e-08
5.71256e-07
-1.90534e-08
5.8285e-07
-1.55039e-08
5.9326e-07
-1.19015e-08
6.02297e-07
-8.2096e-09
6.09595e-07
-4.37014e-09
6.14823e-07
-3.96854e-10
6.17731e-07
3.67349e-09
6.18106e-07
7.8052e-09
6.15757e-07
1.19652e-08
6.10539e-07
1.60902e-08
6.02365e-07
2.00959e-08
5.91225e-07
2.38888e-08
5.77193e-07
2.73701e-08
5.60445e-07
3.04426e-08
5.41258e-07
3.30199e-08
5.20004e-07
3.50364e-08
4.97129e-07
3.64586e-08
4.73123e-07
3.72877e-08
4.48491e-07
3.75744e-08
4.23701e-07
3.73501e-08
3.99216e-07
3.68367e-08
3.75105e-07
3.57552e-08
3.58506e-08
3.52419e-07
6.09565e-08
-9.09884e-08
1.67359e-07
-2.30297e-07
2.54091e-07
-2.35548e-07
3.06213e-07
-1.65813e-07
3.2687e-07
-7.51014e-08
3.23098e-07
7.74888e-09
2.97906e-07
8.00124e-08
2.57983e-07
1.30749e-07
2.07591e-07
1.61183e-07
1.51118e-07
1.72459e-07
9.28085e-08
1.68514e-07
3.63006e-08
1.55333e-07
-1.61432e-08
1.39329e-07
-6.34167e-08
1.24396e-07
-1.0359e-07
1.08707e-07
-1.34447e-07
8.89089e-08
-1.54668e-07
6.32413e-08
-1.64666e-07
3.27521e-08
-1.65484e-07
1.63507e-09
-1.54372e-07
-3.62883e-08
-1.30834e-07
-7.16645e-08
-9.4217e-08
-1.05096e-07
-4.58583e-08
-1.34021e-07
1.17805e-08
-1.56043e-07
7.56711e-08
-1.69551e-07
1.42661e-07
-1.7311e-07
2.09758e-07
-1.66425e-07
2.73941e-07
-1.50269e-07
3.32004e-07
-1.26748e-07
3.80985e-07
-9.91096e-08
4.18744e-07
-7.13006e-08
4.44535e-07
-4.70613e-08
4.59112e-07
-2.90226e-08
4.6443e-07
-1.81651e-08
4.6312e-07
-1.39788e-08
4.58007e-07
-1.49152e-08
4.51715e-07
-1.85554e-08
4.46232e-07
-2.19892e-08
4.42657e-07
-2.32385e-08
4.41299e-07
-2.27449e-08
4.41512e-07
-2.23996e-08
4.40412e-07
-2.16518e-08
4.28493e-07
-1.14805e-08
3.8433e-07
2.66147e-08
2.76761e-07
1.1263e-07
9.0598e-08
2.43401e-07
-1.48192e-07
3.79955e-07
-3.9052e-07
4.7866e-07
-6.0305e-07
5.24293e-07
-7.72829e-07
5.209e-07
-8.99139e-07
4.82608e-07
-9.89478e-07
4.24299e-07
-1.0536e-06
3.58643e-07
-1.09994e-06
2.94051e-07
-1.13428e-06
2.34761e-07
-1.15985e-06
1.82107e-07
-1.17806e-06
1.35903e-07
-1.18933e-06
9.54102e-08
-1.19371e-06
5.98142e-08
-1.19122e-06
2.84424e-08
-1.18213e-06
7.37811e-10
-1.16642e-06
-2.38177e-08
-1.14466e-06
-4.57467e-08
-1.11741e-06
-6.53238e-08
-1.08509e-06
-8.28088e-08
-1.04816e-06
-9.84668e-08
-1.00704e-06
-1.12542e-07
-9.62104e-07
-1.25243e-07
-9.13682e-07
-1.36736e-07
-8.62086e-07
-1.47142e-07
-8.07609e-07
-1.56535e-07
-7.5054e-07
-1.64944e-07
-6.91182e-07
-1.72363e-07
-6.29852e-07
-1.78757e-07
-5.66889e-07
-1.84078e-07
-5.02657e-07
-1.88269e-07
-4.37536e-07
-1.91277e-07
-3.71927e-07
-1.93058e-07
-3.06238e-07
-1.93582e-07
-2.40883e-07
-1.9284e-07
-1.76274e-07
-1.90835e-07
-1.12795e-07
-1.87604e-07
-5.08587e-08
-1.8315e-07
9.20767e-09
-1.77499e-07
6.69645e-08
-1.70555e-07
1.22323e-07
-1.62709e-07
1.75046e-07
-1.54169e-07
2.24903e-07
-1.45077e-07
2.71748e-07
-1.35562e-07
3.15496e-07
-1.25741e-07
3.56112e-07
-1.15723e-07
3.9361e-07
-1.05604e-07
4.28048e-07
-9.54676e-08
4.59536e-07
-8.53808e-08
4.88239e-07
-7.54039e-08
5.14373e-07
-6.55979e-08
5.38189e-07
-5.60395e-08
5.5993e-07
-4.68178e-08
5.79829e-07
-3.79685e-08
5.98084e-07
-2.93918e-08
6.14653e-07
-2.08513e-08
6.2893e-07
-1.20677e-08
6.39869e-07
-3.03309e-09
6.46525e-07
5.75066e-09
6.48355e-07
1.34279e-08
6.45252e-07
1.91223e-08
6.3742e-07
2.23239e-08
6.25075e-07
2.34302e-08
6.0801e-07
2.42483e-08
5.8503e-07
2.80995e-08
5.53654e-07
3.91729e-08
5.10567e-07
6.08705e-08
4.52912e-07
9.35954e-08
3.80308e-07
1.3347e-07
2.9625e-07
1.73066e-07
2.07647e-07
2.03985e-07
1.22318e-07
2.20343e-07
4.61761e-08
2.20829e-07
-1.84775e-08
2.08335e-07
-7.23362e-08
1.88054e-07
-1.16931e-07
1.64587e-07
-1.53625e-07
1.4015e-07
-1.83337e-07
1.15838e-07
-2.06571e-07
9.21016e-08
-2.23542e-07
6.90985e-08
-2.34307e-07
4.68871e-08
-2.38883e-07
2.55634e-08
-2.37335e-07
5.30313e-09
-2.29701e-07
-1.41014e-08
-2.16248e-07
-3.2424e-08
-1.97305e-07
-4.94555e-08
-1.73328e-07
-6.49559e-08
-1.44785e-07
-7.8817e-08
-1.12285e-07
-9.07801e-08
-7.64533e-08
-1.00771e-07
-3.79417e-08
-1.0871e-07
2.53963e-09
-1.14534e-07
4.4309e-08
-1.18235e-07
8.67094e-08
-1.19914e-07
1.29186e-07
-1.19799e-07
1.71242e-07
-1.18153e-07
2.12452e-07
-1.15246e-07
2.52484e-07
-1.11346e-07
2.91089e-07
-1.06706e-07
3.28096e-07
-1.01559e-07
3.63402e-07
-9.61075e-08
3.9696e-07
-9.05201e-08
4.28768e-07
-8.49313e-08
4.58855e-07
-7.94406e-08
4.87276e-07
-7.41147e-08
5.14102e-07
-6.89905e-08
5.39408e-07
-6.40771e-08
5.63274e-07
-5.93589e-08
5.85783e-07
-5.47974e-08
6.07018e-07
-5.03353e-08
6.27062e-07
-4.59058e-08
6.45994e-07
-4.14489e-08
6.63872e-07
-3.69309e-08
6.80715e-07
-3.23474e-08
6.96513e-07
-2.76992e-08
7.11263e-07
-2.29593e-08
7.24964e-07
-1.80714e-08
7.37522e-07
-1.29548e-08
7.48696e-07
-7.50085e-09
7.58174e-07
-1.67252e-09
7.6564e-07
4.4988e-09
7.70767e-07
1.09633e-08
7.73187e-07
1.76763e-08
7.72518e-07
2.45577e-08
7.68399e-07
3.14888e-08
7.60525e-07
3.83165e-08
7.48689e-07
4.48568e-08
7.32818e-07
5.09066e-08
7.13015e-07
5.62616e-08
6.89571e-07
6.07326e-08
6.62969e-07
6.41759e-08
6.33849e-07
6.64705e-08
6.03026e-07
6.76596e-08
5.71167e-07
6.76145e-08
6.67367e-08
5.4028e-07
9.5432e-08
-1.8642e-07
2.02927e-07
-3.37792e-07
2.66798e-07
-2.99419e-07
2.92618e-07
-1.91633e-07
2.9354e-07
-7.60238e-08
2.76078e-07
2.52111e-08
2.45787e-07
1.10303e-07
2.04906e-07
1.7163e-07
1.55723e-07
2.10367e-07
1.00839e-07
2.27343e-07
4.22368e-08
2.27116e-07
-1.91811e-08
2.16751e-07
-8.18899e-08
2.02038e-07
-1.42666e-07
1.85172e-07
-1.9779e-07
1.63832e-07
-2.44224e-07
1.35342e-07
-2.79787e-07
9.88046e-08
-3.02245e-07
5.52097e-08
-3.06614e-07
6.00457e-09
-2.94817e-07
-4.80857e-08
-2.64649e-07
-1.01833e-07
-2.17454e-07
-1.52291e-07
-1.55069e-07
-1.96405e-07
-7.97012e-08
-2.3141e-07
5.78996e-09
-2.55043e-07
9.79505e-08
-2.65271e-07
1.92635e-07
-2.61109e-07
2.85345e-07
-2.42979e-07
3.71351e-07
-2.12753e-07
4.46189e-07
-1.73948e-07
5.06254e-07
-1.31366e-07
5.49377e-07
-9.01844e-08
5.75156e-07
-5.48018e-08
5.84973e-07
-2.79819e-08
5.81668e-07
-1.06735e-08
5.68926e-07
-2.17308e-09
5.50539e-07
-1.683e-10
5.29808e-07
-1.25855e-09
5.09254e-07
-2.68409e-09
4.90435e-07
-3.92639e-09
4.71822e-07
-3.78607e-09
4.43308e-07
6.86142e-09
3.79611e-07
5.22167e-08
2.47288e-07
1.58938e-07
3.58077e-08
3.2411e-07
-2.15046e-07
4.94254e-07
-4.49699e-07
6.14608e-07
-6.38663e-07
6.67624e-07
-7.75851e-07
6.61481e-07
-8.6924e-07
6.14288e-07
-9.31946e-07
5.45314e-07
-9.76628e-07
4.68981e-07
-1.01191e-06
3.93923e-07
-1.04187e-06
3.24014e-07
-1.06744e-06
2.60325e-07
-1.08805e-06
2.02721e-07
-1.10287e-06
1.50721e-07
-1.11128e-06
1.03826e-07
-1.11307e-06
6.16039e-08
-1.10829e-06
2.36595e-08
-1.09716e-06
-1.03894e-08
-1.07998e-06
-4.10034e-08
-1.05722e-06
-6.85031e-08
-1.02936e-06
-9.31854e-08
-9.96827e-07
-1.1534e-07
-9.60034e-07
-1.35259e-07
-9.19355e-07
-1.53221e-07
-8.75122e-07
-1.69476e-07
-8.27629e-07
-1.84229e-07
-7.77144e-07
-1.97627e-07
-7.23925e-07
-2.09754e-07
-6.68231e-07
-2.20637e-07
-6.10341e-07
-2.30253e-07
-5.50555e-07
-2.38543e-07
-4.89203e-07
-2.45431e-07
-4.2664e-07
-2.50832e-07
-3.63244e-07
-2.54673e-07
-2.99416e-07
-2.56885e-07
-2.35566e-07
-2.57433e-07
-1.72107e-07
-2.56299e-07
-1.09438e-07
-2.53503e-07
-4.79602e-08
-2.49082e-07
1.18484e-08
-2.42959e-07
6.95174e-08
-2.35168e-07
1.24957e-07
-2.25995e-07
1.77923e-07
-2.15675e-07
2.28175e-07
-2.04421e-07
2.75534e-07
-1.92436e-07
3.19882e-07
-1.79911e-07
3.61159e-07
-1.67017e-07
3.99345e-07
-1.53909e-07
4.34465e-07
-1.40724e-07
4.66579e-07
-1.27581e-07
4.95784e-07
-1.14587e-07
5.22225e-07
-1.01844e-07
5.46085e-07
-8.94586e-08
5.67585e-07
-7.75392e-08
5.86954e-07
-6.61867e-08
6.04431e-07
-5.54451e-08
6.20283e-07
-4.52444e-08
6.34807e-07
-3.53752e-08
6.48247e-07
-2.55079e-08
6.60506e-07
-1.52918e-08
6.70834e-07
-4.57691e-09
6.77951e-07
6.31114e-09
6.80406e-07
1.66663e-08
6.76759e-07
2.59711e-08
6.65563e-07
3.4627e-08
6.45244e-07
4.45664e-08
6.14038e-07
5.93063e-08
5.70238e-07
8.29727e-08
5.12937e-07
1.18172e-07
4.43051e-07
1.63481e-07
3.64177e-07
2.12344e-07
2.82363e-07
2.5488e-07
2.0421e-07
2.82138e-07
1.34421e-07
2.90132e-07
7.43936e-08
2.80857e-07
2.29265e-08
2.59802e-07
-2.17538e-08
2.32734e-07
-6.0709e-08
2.03542e-07
-9.43752e-08
1.73816e-07
-1.22728e-07
1.44191e-07
-1.45528e-07
1.14901e-07
-1.62505e-07
8.60758e-08
-1.73459e-07
5.78411e-08
-1.78283e-07
3.03876e-08
-1.77149e-07
4.16866e-09
-1.70075e-07
-2.1175e-08
-1.57315e-07
-4.51842e-08
-1.3913e-07
-6.76408e-08
-1.15972e-07
-8.81139e-08
-8.83355e-08
-1.06453e-07
-5.67165e-08
-1.22399e-07
-2.17634e-08
-1.35724e-07
1.58574e-08
-1.46331e-07
5.53677e-08
-1.54044e-07
9.60727e-08
-1.5894e-07
1.37369e-07
-1.6121e-07
1.78696e-07
-1.61126e-07
2.19563e-07
-1.59019e-07
2.59561e-07
-1.55244e-07
2.98375e-07
-1.5016e-07
3.35776e-07
-1.44107e-07
3.71613e-07
-1.37396e-07
4.05804e-07
-1.30298e-07
4.38321e-07
-1.23038e-07
4.69181e-07
-1.15791e-07
4.98431e-07
-1.08691e-07
5.26142e-07
-1.01825e-07
5.52397e-07
-9.52453e-08
5.77287e-07
-8.89675e-08
6.00908e-07
-8.29797e-08
6.23356e-07
-7.72453e-08
6.4473e-07
-7.17095e-08
6.65133e-07
-6.63086e-08
6.84665e-07
-6.09813e-08
7.03412e-07
-5.56779e-08
7.21425e-07
-5.03595e-08
7.3871e-07
-4.49851e-08
7.55252e-07
-3.95008e-08
7.71025e-07
-3.38444e-08
7.86029e-07
-2.79584e-08
8.00314e-07
-2.17861e-08
8.13897e-07
-1.52561e-08
8.26672e-07
-8.27618e-09
8.38425e-07
-7.89523e-10
8.48883e-07
7.21848e-09
8.57694e-07
1.57464e-08
8.64413e-07
2.477e-08
8.68512e-07
3.4218e-08
8.69408e-07
4.39603e-08
8.66517e-07
5.37979e-08
8.59317e-07
6.34614e-08
8.47431e-07
7.26189e-08
8.30703e-07
8.09031e-08
8.09238e-07
8.79356e-08
7.83517e-07
9.33806e-08
7.54086e-07
9.70458e-08
9.80183e-08
7.22804e-07
1.11489e-07
-2.9791e-07
1.93755e-07
-4.20057e-07
2.20647e-07
-3.2631e-07
2.17193e-07
-1.88179e-07
1.99171e-07
-5.80018e-08
1.71597e-07
5.27848e-08
1.37256e-07
1.44644e-07
9.4831e-08
2.14055e-07
4.3939e-08
2.61259e-07
-1.50602e-08
2.86342e-07
-8.22166e-08
2.94272e-07
-1.57186e-07
2.9172e-07
-2.36858e-07
2.8171e-07
-3.15078e-07
2.63392e-07
-3.85367e-07
2.3412e-07
-4.42343e-07
1.92319e-07
-4.81826e-07
1.38288e-07
-5.00581e-07
7.39647e-08
-4.9749e-07
2.9134e-09
-4.74512e-07
-7.10641e-08
-4.33155e-07
-1.4319e-07
-3.75286e-07
-2.10159e-07
-3.0275e-07
-2.68941e-07
-2.17343e-07
-3.16818e-07
-1.21025e-07
-3.51361e-07
-1.58814e-08
-3.70414e-07
9.49654e-08
-3.71956e-07
2.07202e-07
-3.55216e-07
3.15336e-07
-3.20888e-07
4.13554e-07
-2.72166e-07
4.96556e-07
-2.14368e-07
5.60415e-07
-1.54043e-07
6.03122e-07
-9.7509e-08
6.24859e-07
-4.97193e-08
6.27961e-07
-1.37752e-08
6.16306e-07
9.48226e-09
5.94191e-07
2.19461e-08
5.65618e-07
2.73145e-08
5.34123e-07
2.88112e-08
5.00818e-07
2.9379e-08
4.58211e-07
3.88205e-08
3.83388e-07
8.16845e-08
2.44114e-07
1.91491e-07
2.85146e-08
3.74537e-07
-2.20096e-07
5.72721e-07
-4.43147e-07
7.17305e-07
-6.12915e-07
7.84375e-07
-7.2811e-07
7.8282e-07
-8.01171e-07
7.34541e-07
-8.48513e-07
6.6163e-07
-8.83456e-07
5.80257e-07
-9.13652e-07
4.99177e-07
-9.41685e-07
4.21956e-07
-9.67242e-07
3.49571e-07
-9.89056e-07
2.82139e-07
-1.00595e-06
2.1961e-07
-1.01714e-06
1.61914e-07
-1.02224e-06
1.08923e-07
-1.02114e-06
6.05126e-08
-1.01398e-06
1.64929e-08
-1.0009e-06
-2.34628e-08
-9.82274e-07
-5.96337e-08
-9.58499e-07
-9.22779e-08
-9.30009e-07
-1.21675e-07
-8.97222e-07
-1.48127e-07
-8.60527e-07
-1.71954e-07
-8.2027e-07
-1.93479e-07
-7.76745e-07
-2.13e-07
-7.30207e-07
-2.30767e-07
-6.80878e-07
-2.46955e-07
-6.28978e-07
-2.61655e-07
-5.74731e-07
-2.74883e-07
-5.18394e-07
-2.86591e-07
-4.60251e-07
-2.96686e-07
-4.00622e-07
-3.05059e-07
-3.39864e-07
-3.1159e-07
-2.78351e-07
-3.16186e-07
-2.16486e-07
-3.1875e-07
-1.54666e-07
-3.19252e-07
-9.32885e-08
-3.17677e-07
-3.27895e-08
-3.14002e-07
2.62499e-08
-3.08122e-07
8.34213e-08
-3.0013e-07
1.38536e-07
-2.90283e-07
1.91327e-07
-2.78785e-07
2.41536e-07
-2.65885e-07
2.88962e-07
-2.51846e-07
3.33456e-07
-2.3693e-07
3.74929e-07
-2.21383e-07
4.13342e-07
-2.0543e-07
4.48701e-07
-1.89269e-07
4.81051e-07
-1.73074e-07
5.10462e-07
-1.56992e-07
5.37028e-07
-1.41153e-07
5.60864e-07
-1.2568e-07
5.82102e-07
-1.10696e-07
6.00892e-07
-9.63288e-08
6.17401e-07
-8.26961e-08
6.31827e-07
-6.98711e-08
6.44411e-07
-5.78284e-08
6.5544e-07
-4.64037e-08
6.65215e-07
-3.52837e-08
6.73969e-07
-2.40458e-08
6.81651e-07
-1.22582e-08
6.87581e-07
3.80959e-10
6.90275e-07
1.39724e-08
6.87551e-07
2.86949e-08
6.76804e-07
4.53744e-08
6.554e-07
6.597e-08
6.2125e-07
9.34563e-08
5.73548e-07
1.30674e-07
5.13485e-07
1.78235e-07
4.44535e-07
2.32431e-07
3.71942e-07
2.84937e-07
3.01302e-07
3.2552e-07
2.36732e-07
3.46707e-07
1.79717e-07
3.47147e-07
1.29501e-07
3.31073e-07
8.45027e-08
3.04801e-07
4.36934e-08
2.73543e-07
7.00572e-09
2.4023e-07
-2.52474e-08
2.06069e-07
-5.26263e-08
1.7157e-07
-7.47618e-08
1.37037e-07
-9.13755e-08
1.0269e-07
-1.02278e-07
6.87431e-08
-1.07328e-07
3.54383e-08
-1.06741e-07
3.5815e-09
-1.0048e-07
-2.7436e-08
-8.88054e-08
-5.68589e-08
-7.17359e-08
-8.47102e-08
-4.98526e-08
-1.09997e-07
-2.35412e-08
-1.32765e-07
6.73993e-09
-1.5268e-07
4.03159e-08
-1.693e-07
7.63834e-08
-1.82399e-07
1.14275e-07
-1.91935e-07
1.53332e-07
-1.97998e-07
1.92931e-07
-2.00808e-07
2.32505e-07
-2.00701e-07
2.7157e-07
-1.98084e-07
3.09732e-07
-1.93406e-07
3.46692e-07
-1.8712e-07
3.82241e-07
-1.79656e-07
4.16252e-07
-1.71406e-07
4.48661e-07
-1.62707e-07
4.7946e-07
-1.53837e-07
5.08683e-07
-1.45014e-07
5.36391e-07
-1.36399e-07
5.62666e-07
-1.28101e-07
5.87603e-07
-1.20182e-07
6.113e-07
-1.12665e-07
6.33861e-07
-1.0554e-07
6.55387e-07
-9.87713e-08
6.7598e-07
-9.23026e-08
6.95739e-07
-8.60673e-08
7.14753e-07
-7.99959e-08
7.33098e-07
-7.40228e-08
7.50826e-07
-6.80871e-08
7.67968e-07
-6.21269e-08
7.84539e-07
-5.60726e-08
8.00542e-07
-4.9847e-08
8.15958e-07
-4.3374e-08
8.30757e-07
-3.65854e-08
8.44922e-07
-2.94208e-08
8.58469e-07
-2.18241e-08
8.71416e-07
-1.37364e-08
8.83734e-07
-5.09921e-09
8.95353e-07
4.12728e-09
9.06149e-07
1.39739e-08
9.15905e-07
2.4462e-08
9.24278e-07
3.55875e-08
9.30775e-07
4.73004e-08
9.34762e-07
5.9475e-08
9.35499e-07
7.18815e-08
9.32238e-07
8.41639e-08
9.24311e-07
9.5863e-08
9.11335e-07
1.06356e-07
8.93047e-07
1.15334e-07
1.20991e-07
8.70074e-07
1.03413e-07
-4.01323e-07
1.4635e-07
-4.62994e-07
1.41835e-07
-3.21796e-07
1.21036e-07
-1.67379e-07
9.26329e-08
-2.95991e-08
5.74513e-08
8.79665e-08
1.51324e-08
1.86963e-07
-3.67736e-08
2.65961e-07
-9.80061e-08
3.22491e-07
-1.7047e-07
3.58806e-07
-2.54586e-07
3.78388e-07
-3.46795e-07
3.83929e-07
-4.3975e-07
3.74666e-07
-5.24634e-07
3.48276e-07
-5.93926e-07
3.03412e-07
-6.42675e-07
2.41068e-07
-6.6877e-07
1.64383e-07
-6.72345e-07
7.75395e-08
-6.55425e-07
-1.40067e-08
-6.20451e-07
-1.06038e-07
-5.6923e-07
-1.94411e-07
-5.0341e-07
-2.75979e-07
-4.24481e-07
-3.47871e-07
-3.33856e-07
-4.07443e-07
-2.32988e-07
-4.52229e-07
-1.23549e-07
-4.79853e-07
-7.44017e-09
-4.88064e-07
1.1227e-07
-4.74926e-07
2.30063e-07
-4.3868e-07
3.39485e-07
-3.81588e-07
4.34251e-07
-3.09134e-07
5.09551e-07
-2.29343e-07
5.62854e-07
-1.50812e-07
5.94064e-07
-8.09292e-08
6.05121e-07
-2.48327e-08
5.99254e-07
1.53493e-08
5.80232e-07
4.09683e-08
5.51778e-07
5.57686e-08
5.16135e-07
6.44543e-08
4.69108e-07
7.64057e-08
3.93655e-07
1.14274e-07
2.6166e-07
2.13679e-07
5.68395e-08
3.96312e-07
-1.8315e-07
6.14526e-07
-3.97103e-07
7.86675e-07
-5.55601e-07
8.75804e-07
-6.5865e-07
8.87424e-07
-7.20797e-07
8.44967e-07
-7.59686e-07
7.7343e-07
-7.88897e-07
6.90841e-07
-8.15446e-07
6.06806e-07
-8.4122e-07
5.24952e-07
-8.65522e-07
4.46257e-07
-8.86995e-07
3.71044e-07
-9.0447e-07
2.99614e-07
-9.17132e-07
2.32273e-07
-9.24478e-07
1.69259e-07
-9.26229e-07
1.10674e-07
-9.22302e-07
5.65864e-08
-9.12775e-07
6.96554e-09
-8.9779e-07
-3.84483e-08
-8.77672e-07
-7.97514e-08
-8.52805e-07
-1.17144e-07
-8.23606e-07
-1.50875e-07
-7.90485e-07
-1.81248e-07
-7.53819e-07
-2.0862e-07
-7.13931e-07
-2.33367e-07
-6.71078e-07
-2.55853e-07
-6.25466e-07
-2.76379e-07
-5.77269e-07
-2.95152e-07
-5.26657e-07
-3.12267e-07
-4.73822e-07
-3.27718e-07
-4.18994e-07
-3.41418e-07
-3.62456e-07
-3.53224e-07
-3.04524e-07
-3.62991e-07
-2.45561e-07
-3.70553e-07
-1.85944e-07
-3.75803e-07
-1.26066e-07
-3.78628e-07
-6.63041e-08
-3.79014e-07
-7.19132e-09
-3.7679e-07
5.07038e-08
-3.71898e-07
1.07025e-07
-3.64443e-07
1.61509e-07
-3.54615e-07
2.13828e-07
-3.42602e-07
2.63703e-07
-3.28661e-07
3.10908e-07
-3.13089e-07
3.55265e-07
-2.96203e-07
3.96652e-07
-2.78317e-07
4.35001e-07
-2.59732e-07
4.70292e-07
-2.40721e-07
5.02553e-07
-2.2153e-07
5.31845e-07
-2.02366e-07
5.58258e-07
-1.83405e-07
5.81899e-07
-1.64794e-07
6.0288e-07
-1.46661e-07
6.2131e-07
-1.29127e-07
6.37299e-07
-1.12318e-07
6.50959e-07
-9.63559e-08
6.62427e-07
-8.13395e-08
6.71893e-07
-6.72944e-08
6.79611e-07
-5.41213e-08
6.85881e-07
-4.15539e-08
6.9098e-07
-2.91445e-08
6.95007e-07
-1.62847e-08
6.97622e-07
-2.23479e-09
6.97717e-07
1.38781e-08
6.93249e-07
3.31623e-08
6.81491e-07
5.71329e-08
6.59674e-07
8.77866e-08
6.25928e-07
1.27203e-07
5.80196e-07
1.76406e-07
5.24709e-07
2.33722e-07
4.63617e-07
2.93523e-07
4.01757e-07
3.46797e-07
3.43063e-07
3.84214e-07
2.89454e-07
4.00317e-07
2.40897e-07
3.95705e-07
1.96443e-07
3.75527e-07
1.55292e-07
3.45951e-07
1.17273e-07
3.11562e-07
8.2718e-08
2.74785e-07
5.21435e-08
2.36644e-07
2.60568e-08
1.97656e-07
4.88308e-09
1.58211e-07
-1.11066e-08
1.18679e-07
-2.17936e-08
7.94301e-08
-2.71147e-08
4.07594e-08
-2.69852e-08
3.45193e-09
-2.14756e-08
-3.29456e-08
-1.06393e-08
-6.76952e-08
4.75228e-09
-1.00102e-07
2.50901e-08
-1.30335e-07
4.9746e-08
-1.5742e-07
7.80905e-08
-1.81025e-07
1.09538e-07
-2.00748e-07
1.43453e-07
-2.16313e-07
1.7915e-07
-2.27633e-07
2.15958e-07
-2.34805e-07
2.53244e-07
-2.38095e-07
2.90449e-07
-2.37905e-07
3.271e-07
-2.34735e-07
3.62824e-07
-2.2913e-07
3.97346e-07
-2.21642e-07
4.30483e-07
-2.12794e-07
4.62132e-07
-2.03055e-07
4.92253e-07
-1.92828e-07
5.2086e-07
-1.82443e-07
5.48002e-07
-1.72156e-07
5.73755e-07
-1.62153e-07
5.98214e-07
-1.52559e-07
6.21478e-07
-1.43446e-07
6.43654e-07
-1.3484e-07
6.64845e-07
-1.26732e-07
6.85155e-07
-1.19081e-07
7.04681e-07
-1.11828e-07
7.23514e-07
-1.04901e-07
7.41738e-07
-9.82199e-08
7.5942e-07
-9.17044e-08
7.76608e-07
-8.5275e-08
7.93331e-07
-7.88504e-08
8.09604e-07
-7.23457e-08
8.2543e-07
-6.56731e-08
8.40803e-07
-5.87465e-08
8.55702e-07
-5.1484e-08
8.70091e-07
-4.381e-08
8.83925e-07
-3.56583e-08
8.97161e-07
-2.69725e-08
9.09767e-07
-1.77053e-08
9.21715e-07
-7.82059e-09
9.32986e-07
2.70248e-09
9.43574e-07
1.38739e-08
9.53462e-07
2.57e-08
9.6258e-07
3.81822e-08
9.70748e-07
5.13077e-08
9.77605e-07
6.50237e-08
9.82584e-07
7.91856e-08
9.849e-07
9.35463e-08
9.83682e-07
1.07574e-07
9.77999e-07
1.21017e-07
1.32014e-07
9.66977e-07
7.70357e-08
-4.78359e-07
8.30708e-08
-4.69029e-07
6.21551e-08
-3.0088e-07
3.28322e-08
-1.38057e-07
-5.0307e-09
8.26376e-09
-5.29261e-08
1.35862e-07
-1.10464e-07
2.44502e-07
-1.78093e-07
3.3359e-07
-2.5768e-07
4.02078e-07
-3.49187e-07
4.50313e-07
-4.49045e-07
4.78246e-07
-5.49462e-07
4.84346e-07
-6.40993e-07
4.66196e-07
-7.15654e-07
4.22937e-07
-7.68737e-07
3.56494e-07
-7.98927e-07
2.71259e-07
-8.07456e-07
1.72911e-07
-7.96502e-07
6.65852e-08
-7.68399e-07
-4.21092e-08
-7.2504e-07
-1.49397e-07
-6.67871e-07
-2.5158e-07
-5.98129e-07
-3.45721e-07
-5.16864e-07
-4.29135e-07
-4.25033e-07
-4.99274e-07
-3.23626e-07
-5.53636e-07
-2.13804e-07
-5.89676e-07
-9.70727e-08
-6.04795e-07
2.45428e-08
-5.96541e-07
1.46835e-07
-5.60972e-07
2.62638e-07
-4.97392e-07
3.64225e-07
-4.10721e-07
4.45486e-07
-3.10605e-07
5.03525e-07
-2.0885e-07
5.38799e-07
-1.16203e-07
5.53949e-07
-3.99825e-08
5.52317e-07
1.69807e-08
5.37191e-07
5.6094e-08
5.10526e-07
8.2434e-08
4.69781e-07
1.05199e-07
4.02909e-07
1.43278e-07
2.87477e-07
2.29705e-07
1.04985e-07
3.96171e-07
-1.20254e-07
6.2155e-07
-3.27462e-07
8.21735e-07
-4.81407e-07
9.40619e-07
-5.79828e-07
9.74225e-07
-6.37033e-07
9.44629e-07
-6.71131e-07
8.79065e-07
-6.9605e-07
7.98348e-07
-7.18972e-07
7.13763e-07
-7.41781e-07
6.29616e-07
-7.63842e-07
5.47012e-07
-7.83912e-07
4.66328e-07
-8.00902e-07
3.88034e-07
-8.13992e-07
3.12704e-07
-8.22586e-07
2.40867e-07
-8.26277e-07
1.7295e-07
-8.24838e-07
1.09235e-07
-8.18181e-07
4.99293e-08
-8.06334e-07
-4.88143e-09
-7.8946e-07
-5.53217e-08
-7.67852e-07
-1.0136e-07
-7.41881e-07
-1.43116e-07
-7.11962e-07
-1.80794e-07
-6.7851e-07
-2.147e-07
-6.41896e-07
-2.45233e-07
-6.02419e-07
-2.72845e-07
-5.60293e-07
-2.97979e-07
-5.15662e-07
-3.2101e-07
-4.68635e-07
-3.42179e-07
-4.19325e-07
-3.61576e-07
-3.67884e-07
-3.79159e-07
-3.14521e-07
-3.94782e-07
-2.59525e-07
-4.0822e-07
-2.0322e-07
-4.19296e-07
-1.45985e-07
-4.27788e-07
-8.81861e-08
-4.33602e-07
-3.02763e-08
-4.36538e-07
2.71646e-08
-4.36455e-07
8.36519e-08
-4.33277e-07
1.3886e-07
-4.27106e-07
1.9244e-07
-4.18023e-07
2.44029e-07
-4.06204e-07
2.93325e-07
-3.91897e-07
3.40073e-07
-3.75409e-07
3.84072e-07
-3.57088e-07
4.25172e-07
-3.37304e-07
4.63279e-07
-3.16424e-07
4.98345e-07
-2.94798e-07
5.3037e-07
-2.72746e-07
5.59393e-07
-2.50552e-07
5.85487e-07
-2.2846e-07
6.08752e-07
-2.06671e-07
6.29308e-07
-1.85349e-07
6.47274e-07
-1.64627e-07
6.62761e-07
-1.44615e-07
6.75862e-07
-1.25419e-07
6.86654e-07
-1.07148e-07
6.95222e-07
-8.99072e-08
7.01692e-07
-7.3765e-08
7.06266e-07
-5.86955e-08
7.09219e-07
-4.45064e-08
7.1084e-07
-3.07659e-08
7.11296e-07
-1.67408e-08
7.10396e-07
-1.33448e-09
7.07314e-07
1.69607e-08
7.00422e-07
4.00536e-08
6.87471e-07
7.0084e-08
6.662e-07
1.09058e-07
6.35246e-07
1.58156e-07
5.94959e-07
2.16693e-07
5.47623e-07
2.81058e-07
4.96816e-07
3.4433e-07
4.46114e-07
3.97498e-07
3.97857e-07
4.32471e-07
3.52737e-07
4.45436e-07
3.10385e-07
4.38057e-07
2.70318e-07
4.15594e-07
2.32518e-07
3.83751e-07
1.97424e-07
3.46656e-07
1.65619e-07
3.06591e-07
1.37584e-07
2.64679e-07
1.13655e-07
2.21585e-07
9.4064e-08
1.77801e-07
7.90016e-08
1.33742e-07
6.86448e-08
8.97869e-08
6.31071e-08
4.62971e-08
6.26536e-08
3.90544e-09
6.70033e-08
-3.72953e-08
7.60677e-08
-7.67596e-08
8.9945e-08
-1.13979e-07
1.08146e-07
-1.48536e-07
1.30439e-07
-1.79713e-07
1.5633e-07
-2.06915e-07
1.85233e-07
-2.29651e-07
2.16502e-07
-2.47582e-07
2.49457e-07
-2.60589e-07
2.83431e-07
-2.68779e-07
3.17802e-07
-2.72466e-07
3.52029e-07
-2.72132e-07
3.85664e-07
-2.6837e-07
4.18363e-07
-2.6183e-07
4.49885e-07
-2.53163e-07
4.80075e-07
-2.42984e-07
5.08861e-07
-2.31841e-07
5.3623e-07
-2.20197e-07
5.62217e-07
-2.0843e-07
5.8689e-07
-1.96828e-07
6.10337e-07
-1.856e-07
6.3266e-07
-1.74883e-07
6.53967e-07
-1.64753e-07
6.74365e-07
-1.55238e-07
6.93959e-07
-1.46325e-07
7.12847e-07
-1.37969e-07
7.31123e-07
-1.30104e-07
7.48871e-07
-1.22649e-07
7.66162e-07
-1.15511e-07
7.83055e-07
-1.08598e-07
7.99592e-07
-1.01812e-07
8.15797e-07
-9.5056e-08
8.31682e-07
-8.82306e-08
8.47245e-07
-8.12354e-08
8.62471e-07
-7.39726e-08
8.77336e-07
-6.63491e-08
8.91805e-07
-5.82788e-08
9.05832e-07
-4.96855e-08
9.19364e-07
-4.05041e-08
9.3234e-07
-3.06813e-08
9.44695e-07
-2.01757e-08
9.56358e-07
-8.9604e-09
9.67264e-07
2.9671e-09
9.77378e-07
1.55865e-08
9.86698e-07
2.88617e-08
9.95258e-07
4.27482e-08
1.00308e-06
5.72039e-08
1.01009e-06
7.21719e-08
1.01604e-06
8.75952e-08
1.0204e-06
1.03221e-07
1.02238e-06
1.1903e-07
1.33825e-07
1.02057e-06
4.14931e-08
-5.19852e-07
2.14331e-08
-4.48969e-07
-9.03812e-09
-2.70409e-07
-4.91402e-08
-9.79544e-08
-1.00601e-07
5.97248e-08
-1.64342e-07
1.99603e-07
-2.39844e-07
3.20004e-07
-3.27177e-07
4.20923e-07
-4.25295e-07
5.00196e-07
-5.30039e-07
5.55056e-07
-6.3384e-07
5.82048e-07
-7.27648e-07
5.78154e-07
-8.03993e-07
5.42542e-07
-8.5881e-07
4.77754e-07
-8.91447e-07
3.89131e-07
-9.03432e-07
2.83244e-07
-8.97227e-07
1.66706e-07
-8.7509e-07
4.44487e-08
-8.38968e-07
-7.82319e-08
-7.90435e-07
-1.9793e-07
-7.30708e-07
-3.11306e-07
-6.60703e-07
-4.15726e-07
-5.81086e-07
-5.08752e-07
-4.92369e-07
-5.87991e-07
-3.95018e-07
-6.50986e-07
-2.89562e-07
-6.95132e-07
-1.7678e-07
-7.17578e-07
-5.81876e-08
-7.15133e-07
6.40771e-08
-6.83237e-07
1.83923e-07
-6.17238e-07
2.92321e-07
-5.19119e-07
3.81031e-07
-3.99315e-07
4.4539e-07
-2.7321e-07
4.85072e-07
-1.55885e-07
5.03041e-07
-5.79513e-08
5.03331e-07
1.66906e-08
4.88961e-07
7.04639e-08
4.5891e-07
1.12485e-07
4.05019e-07
1.59091e-07
3.10567e-07
2.3773e-07
1.57608e-07
3.82665e-07
-4.50843e-08
5.98863e-07
-2.44691e-07
8.21157e-07
-3.97977e-07
9.7502e-07
-4.96866e-07
1.03951e-06
-5.5318e-07
1.03054e-06
-5.84637e-07
9.76087e-07
-6.05809e-07
9.00238e-07
-6.24694e-07
8.17233e-07
-6.43795e-07
7.32864e-07
-6.62805e-07
6.48625e-07
-6.80629e-07
5.64836e-07
-6.96217e-07
4.81916e-07
-7.08726e-07
4.00543e-07
-7.17516e-07
3.21494e-07
-7.22127e-07
2.45477e-07
-7.22246e-07
1.73069e-07
-7.17718e-07
1.04707e-07
-7.08471e-07
4.0682e-08
-6.94479e-07
-1.8874e-08
-6.75881e-07
-7.39197e-08
-6.5293e-07
-1.2431e-07
-6.25983e-07
-1.70062e-07
-5.95463e-07
-2.11315e-07
-5.61799e-07
-2.48364e-07
-5.25371e-07
-2.81661e-07
-4.86462e-07
-3.11754e-07
-4.45237e-07
-3.39204e-07
-4.01765e-07
-3.64483e-07
-3.56062e-07
-3.87882e-07
-3.08173e-07
-4.09466e-07
-2.58202e-07
-4.2913e-07
-2.0633e-07
-4.46654e-07
-1.52865e-07
-4.61685e-07
-9.81391e-08
-4.74022e-07
-4.25787e-08
-4.83348e-07
1.32692e-08
-4.8945e-07
6.88725e-08
-4.92141e-07
1.23808e-07
-4.9139e-07
1.77707e-07
-4.87177e-07
2.30155e-07
-4.79554e-07
2.80785e-07
-4.68653e-07
3.29271e-07
-4.5469e-07
3.75335e-07
-4.37961e-07
4.18752e-07
-4.18827e-07
4.59354e-07
-3.9769e-07
4.97026e-07
-3.74975e-07
5.31703e-07
-3.511e-07
5.63365e-07
-3.2646e-07
5.9203e-07
-3.01412e-07
6.17751e-07
-2.76272e-07
6.40603e-07
-2.51312e-07
6.60689e-07
-2.26757e-07
6.78127e-07
-2.02787e-07
6.93043e-07
-1.79542e-07
7.05554e-07
-1.57126e-07
7.15755e-07
-1.3562e-07
7.23711e-07
-1.15105e-07
7.29471e-07
-9.56669e-08
7.33098e-07
-7.73922e-08
7.34719e-07
-6.03163e-08
7.34548e-07
-4.43349e-08
7.32861e-07
-2.90788e-08
7.29886e-07
-1.37658e-08
7.25597e-07
2.95418e-09
7.19488e-07
2.30692e-08
7.10449e-07
4.90927e-08
6.969e-07
8.3633e-08
6.77264e-07
1.28695e-07
6.5066e-07
1.8476e-07
6.17493e-07
2.4986e-07
5.79526e-07
3.19025e-07
5.39266e-07
3.84591e-07
4.98946e-07
4.37818e-07
4.59755e-07
4.71661e-07
4.21845e-07
4.83347e-07
3.84984e-07
4.74918e-07
3.49219e-07
4.51359e-07
3.15048e-07
4.17922e-07
2.83202e-07
3.78502e-07
2.54347e-07
3.35446e-07
2.28938e-07
2.90088e-07
2.07244e-07
2.43279e-07
1.89412e-07
1.95634e-07
1.75529e-07
1.47624e-07
1.65694e-07
9.96221e-08
1.60023e-07
5.19677e-08
1.58787e-07
5.14112e-09
1.61918e-07
-4.04262e-08
1.69441e-07
-8.42818e-08
1.81329e-07
-1.25867e-07
1.97333e-07
-1.64541e-07
2.17153e-07
-1.99533e-07
2.40344e-07
-2.30106e-07
2.66348e-07
-2.55655e-07
2.94539e-07
-2.75772e-07
3.24256e-07
-2.90307e-07
3.54857e-07
-2.99379e-07
3.8575e-07
-3.03359e-07
4.16429e-07
-3.0281e-07
4.46485e-07
-2.98426e-07
4.75616e-07
-2.90961e-07
5.0362e-07
-2.81167e-07
5.30383e-07
-2.69748e-07
5.55865e-07
-2.57323e-07
5.80082e-07
-2.44414e-07
6.03091e-07
-2.31439e-07
6.24976e-07
-2.18714e-07
6.45838e-07
-2.06462e-07
6.65784e-07
-1.94829e-07
6.84923e-07
-1.83892e-07
7.03362e-07
-1.73677e-07
7.21201e-07
-1.64165e-07
7.38534e-07
-1.55302e-07
7.55445e-07
-1.47015e-07
7.72008e-07
-1.39211e-07
7.88284e-07
-1.31787e-07
8.0432e-07
-1.24634e-07
8.2015e-07
-1.17641e-07
8.3579e-07
-1.10696e-07
8.51244e-07
-1.03685e-07
8.66503e-07
-9.64943e-08
8.81546e-07
-8.90159e-08
8.96343e-07
-8.11456e-08
9.10851e-07
-7.2787e-08
9.25019e-07
-6.38532e-08
9.38784e-07
-5.42697e-08
9.5208e-07
-4.39769e-08
9.64835e-07
-3.29304e-08
9.76974e-07
-2.10994e-08
9.8841e-07
-8.46959e-09
9.99049e-07
4.94733e-09
1.0088e-06
1.9109e-08
1.01761e-06
3.39424e-08
1.02546e-06
4.93552e-08
1.03239e-06
6.52398e-08
1.03846e-06
8.15241e-08
1.04361e-06
9.80674e-08
1.04768e-06
1.14958e-07
1.31722e-07
1.04979e-06
3.24825e-09
-5.231e-07
-3.16008e-08
-4.1412e-07
-7.57865e-08
-2.26223e-07
-1.30944e-07
-4.2797e-08
-1.98435e-07
1.27216e-07
-2.78781e-07
2.79949e-07
-3.7169e-07
4.12913e-07
-4.74593e-07
5.23826e-07
-5.82489e-07
6.08092e-07
-6.87823e-07
6.6039e-07
-7.82166e-07
6.76391e-07
-8.58689e-07
6.54676e-07
-9.13859e-07
5.97712e-07
-9.47389e-07
5.11284e-07
-9.61084e-07
4.02826e-07
-9.57462e-07
2.79622e-07
-9.38957e-07
1.48202e-07
-9.08122e-07
1.36132e-08
-8.66275e-07
-1.20078e-07
-8.14993e-07
-2.49212e-07
-7.55265e-07
-3.71035e-07
-6.87774e-07
-4.83217e-07
-6.12937e-07
-5.83589e-07
-5.30984e-07
-6.69945e-07
-4.42011e-07
-7.39959e-07
-3.45995e-07
-7.91148e-07
-2.42867e-07
-8.20706e-07
-1.33082e-07
-8.24918e-07
-1.76115e-08
-7.98707e-07
1.00633e-07
-7.35483e-07
2.13292e-07
-6.31778e-07
3.10177e-07
-4.962e-07
3.83779e-07
-3.46812e-07
4.31192e-07
-2.03298e-07
4.54048e-07
-8.08069e-08
4.55419e-07
1.53194e-08
4.3771e-07
8.81728e-08
3.97523e-07
1.52672e-07
3.23931e-07
2.32683e-07
2.02174e-07
3.59487e-07
2.96386e-08
5.552e-07
-1.57233e-07
7.85735e-07
-3.10285e-07
9.74209e-07
-4.12501e-07
1.07724e-06
-4.7074e-07
1.09775e-06
-5.01172e-07
1.06097e-06
-5.18912e-07
9.93826e-07
-5.33274e-07
9.146e-07
-5.47866e-07
8.31824e-07
-5.62975e-07
7.47974e-07
-5.77705e-07
6.63354e-07
-5.90998e-07
5.7813e-07
-6.01952e-07
4.92869e-07
-6.09878e-07
4.08469e-07
-6.14313e-07
3.2593e-07
-6.14986e-07
2.46151e-07
-6.11716e-07
1.69799e-07
-6.04397e-07
9.73882e-08
-5.9293e-07
2.9215e-08
-5.77185e-07
-3.46194e-08
-5.57224e-07
-9.38809e-08
-5.33242e-07
-1.48292e-07
-5.05568e-07
-1.97736e-07
-4.74641e-07
-2.42242e-07
-4.40928e-07
-2.82077e-07
-4.0484e-07
-3.17748e-07
-3.6666e-07
-3.49935e-07
-3.26514e-07
-3.79349e-07
-2.84392e-07
-4.06605e-07
-2.402e-07
-4.32074e-07
-1.93884e-07
-4.55781e-07
-1.45505e-07
-4.77509e-07
-9.52045e-08
-4.96954e-07
-4.33116e-08
-5.13578e-07
9.69565e-09
-5.27029e-07
6.32781e-08
-5.36931e-07
1.1692e-07
-5.43092e-07
1.70179e-07
-5.454e-07
2.22589e-07
-5.438e-07
2.73721e-07
-5.38309e-07
3.23188e-07
-5.2902e-07
3.70645e-07
-5.1611e-07
4.15797e-07
-4.99842e-07
4.58403e-07
-4.80567e-07
4.98278e-07
-4.58702e-07
5.35294e-07
-4.34707e-07
5.69377e-07
-4.09058e-07
6.00495e-07
-3.82219e-07
6.28659e-07
-3.54624e-07
6.53909e-07
-3.26662e-07
6.76308e-07
-2.98671e-07
6.95937e-07
-2.70941e-07
7.12891e-07
-2.43711e-07
7.27278e-07
-2.17174e-07
7.39216e-07
-1.9148e-07
7.48823e-07
-1.66733e-07
7.562e-07
-1.42997e-07
7.61417e-07
-1.20321e-07
7.64506e-07
-9.87559e-08
7.65485e-07
-7.83718e-08
7.64404e-07
-5.92347e-08
7.61391e-07
-4.13221e-08
7.56677e-07
-2.43653e-08
7.50535e-07
-7.62305e-09
7.4313e-07
1.03593e-08
7.34335e-07
3.18635e-08
7.2362e-07
5.98075e-08
7.10105e-07
9.71484e-08
6.92851e-07
1.45949e-07
6.71319e-07
2.06292e-07
6.45741e-07
2.75438e-07
6.17145e-07
3.4762e-07
5.8692e-07
4.14816e-07
5.56154e-07
4.68584e-07
5.25255e-07
5.0256e-07
4.94142e-07
5.1446e-07
4.62791e-07
5.06269e-07
4.3161e-07
4.8254e-07
4.01384e-07
4.48148e-07
3.72983e-07
4.06902e-07
3.4711e-07
3.61319e-07
3.24213e-07
3.12985e-07
3.04545e-07
2.62947e-07
2.88249e-07
2.1193e-07
2.75429e-07
1.60445e-07
2.66185e-07
1.08866e-07
2.60626e-07
5.75268e-08
2.58917e-07
6.84974e-09
2.61111e-07
-4.26203e-08
2.67257e-07
-9.04271e-08
2.77321e-07
-1.35932e-07
2.91131e-07
-1.78351e-07
3.08399e-07
-2.16801e-07
3.2871e-07
-2.50417e-07
3.51539e-07
-2.78484e-07
3.76289e-07
-3.00522e-07
4.0234e-07
-3.16357e-07
4.2909e-07
-3.2613e-07
4.56001e-07
-3.30269e-07
4.82617e-07
-3.29427e-07
5.08589e-07
-3.24398e-07
5.33669e-07
-3.16041e-07
5.57707e-07
-3.05205e-07
5.80634e-07
-2.92675e-07
6.02448e-07
-2.79137e-07
6.23195e-07
-2.65161e-07
6.42953e-07
-2.51197e-07
6.61819e-07
-2.3758e-07
6.79902e-07
-2.24545e-07
6.97311e-07
-2.12238e-07
7.14154e-07
-2.00735e-07
7.30531e-07
-1.90054e-07
7.46535e-07
-1.80169e-07
7.62251e-07
-1.71018e-07
7.7775e-07
-1.62514e-07
7.93092e-07
-1.54554e-07
8.08327e-07
-1.47021e-07
8.23488e-07
-1.39795e-07
8.38596e-07
-1.32749e-07
8.53658e-07
-1.25758e-07
8.68667e-07
-1.18694e-07
8.83608e-07
-1.11435e-07
8.98452e-07
-1.03859e-07
9.13159e-07
-9.58532e-08
9.27682e-07
-8.73103e-08
9.41964e-07
-7.81345e-08
9.55935e-07
-6.82414e-08
9.69521e-07
-5.75624e-08
9.82637e-07
-4.60468e-08
9.952e-07
-3.36626e-08
1.00713e-06
-2.03943e-08
1.01832e-06
-6.24519e-09
1.02867e-06
8.75439e-09
1.03807e-06
2.45415e-08
1.04641e-06
4.10201e-08
1.05359e-06
5.80565e-08
1.0596e-06
7.55167e-08
1.06444e-06
9.32246e-08
1.06823e-06
1.11174e-07
1.29196e-07
1.07075e-06
-2.56477e-08
-4.97452e-07
-7.75779e-08
-3.6219e-07
-1.38899e-07
-1.64902e-07
-2.10015e-07
2.8319e-08
-2.93644e-07
2.10845e-07
-3.89003e-07
3.75308e-07
-4.94008e-07
5.17918e-07
-6.03282e-07
6.331e-07
-7.0923e-07
7.1404e-07
-8.03692e-07
7.54852e-07
-8.80144e-07
7.52843e-07
-9.35209e-07
7.09741e-07
-9.68731e-07
6.31233e-07
-9.82671e-07
5.25224e-07
-9.79879e-07
4.00034e-07
-9.63278e-07
2.63021e-07
-9.35276e-07
1.202e-07
-8.98045e-07
-2.36178e-08
-8.52896e-07
-1.65228e-07
-8.00963e-07
-3.01145e-07
-7.43083e-07
-4.28915e-07
-6.79792e-07
-5.46508e-07
-6.11393e-07
-6.51989e-07
-5.38082e-07
-7.43255e-07
-4.59975e-07
-8.18066e-07
-3.76889e-07
-8.74234e-07
-2.88155e-07
-9.09439e-07
-1.92838e-07
-9.20236e-07
-9.06189e-08
-9.00926e-07
1.77518e-08
-8.43853e-07
1.27413e-07
-7.41439e-07
2.27855e-07
-5.96642e-07
3.09048e-07
-4.28004e-07
3.65055e-07
-2.59304e-07
3.9407e-07
-1.09822e-07
3.97114e-07
1.22752e-08
3.74707e-07
1.1058e-07
3.22266e-07
2.05114e-07
2.30137e-07
3.24812e-07
9.20102e-08
4.97614e-07
-7.37091e-08
7.20919e-07
-2.2301e-07
9.35036e-07
-3.28883e-07
1.08008e-06
-3.90776e-07
1.13913e-06
-4.21602e-07
1.12857e-06
-4.36357e-07
1.07573e-06
-4.45786e-07
1.00326e-06
-4.55021e-07
9.23835e-07
-4.65264e-07
8.42067e-07
-4.7595e-07
7.5866e-07
-4.86037e-07
6.73441e-07
-4.94519e-07
5.86611e-07
-5.00616e-07
4.98967e-07
-5.0385e-07
4.11702e-07
-5.03996e-07
3.26076e-07
-5.00987e-07
2.43142e-07
-4.94759e-07
1.63571e-07
-4.85151e-07
8.77797e-08
-4.72023e-07
1.60874e-08
-4.55053e-07
-5.15898e-08
-4.34241e-07
-1.14692e-07
-4.09679e-07
-1.72855e-07
-3.81636e-07
-2.25779e-07
-3.50563e-07
-2.73315e-07
-3.16987e-07
-3.15653e-07
-2.81384e-07
-3.53351e-07
-2.44056e-07
-3.87263e-07
-2.05096e-07
-4.18309e-07
-1.64424e-07
-4.47277e-07
-1.21858e-07
-4.7464e-07
-7.72236e-08
-5.00415e-07
-3.05029e-08
-5.2423e-07
1.80942e-08
-5.45552e-07
6.8181e-08
-5.63665e-07
1.19222e-07
-5.78071e-07
1.70698e-07
-5.88407e-07
2.22063e-07
-5.94458e-07
2.72798e-07
-5.96134e-07
3.22429e-07
-5.93431e-07
3.70537e-07
-5.86417e-07
4.16752e-07
-5.75236e-07
4.60764e-07
-5.60121e-07
5.02316e-07
-5.41394e-07
5.41215e-07
-5.19466e-07
5.77327e-07
-4.94814e-07
6.10573e-07
-4.67953e-07
6.40922e-07
-4.39407e-07
6.68383e-07
-4.09679e-07
6.92993e-07
-3.79235e-07
7.14814e-07
-3.48483e-07
7.3392e-07
-3.17777e-07
7.50391e-07
-2.87412e-07
7.64315e-07
-2.57635e-07
7.75785e-07
-2.28644e-07
7.849e-07
-2.00595e-07
7.91764e-07
-1.73597e-07
7.96478e-07
-1.47711e-07
7.99119e-07
-1.22962e-07
7.99723e-07
-9.93606e-08
7.9829e-07
-7.69382e-08
7.94808e-07
-5.57531e-08
7.89322e-07
-3.58358e-08
7.81991e-07
-1.7035e-08
7.73097e-07
1.27098e-09
7.62974e-07
2.04824e-08
7.51882e-07
4.29561e-08
7.39871e-07
7.18179e-08
7.26732e-07
1.10287e-07
7.12092e-07
1.60589e-07
6.95648e-07
2.22737e-07
6.77386e-07
2.937e-07
6.57615e-07
3.67391e-07
6.3674e-07
4.35692e-07
6.14926e-07
4.90397e-07
5.91999e-07
5.25487e-07
5.67705e-07
5.38754e-07
5.42125e-07
5.31849e-07
5.15851e-07
5.08814e-07
4.89814e-07
4.74185e-07
4.64962e-07
4.31754e-07
4.42046e-07
3.84235e-07
4.21566e-07
3.33466e-07
4.03829e-07
2.80683e-07
3.89028e-07
2.26731e-07
3.77291e-07
1.72182e-07
3.68713e-07
1.17444e-07
3.63381e-07
6.28587e-08
3.61401e-07
8.83002e-09
3.62855e-07
-4.40751e-08
3.67792e-07
-9.53639e-08
3.76175e-07
-1.44315e-07
3.87851e-07
-1.90027e-07
4.02543e-07
-2.31493e-07
4.19856e-07
-2.6773e-07
4.39296e-07
-2.97924e-07
4.60309e-07
-3.21535e-07
4.82328e-07
-3.38376e-07
5.04815e-07
-3.48618e-07
5.27304e-07
-3.52758e-07
5.49416e-07
-3.51539e-07
5.70875e-07
-3.45857e-07
5.91504e-07
-3.3667e-07
6.11214e-07
-3.24915e-07
6.29989e-07
-3.11449e-07
6.47865e-07
-2.97014e-07
6.64919e-07
-2.82215e-07
6.81246e-07
-2.67524e-07
6.96956e-07
-2.53289e-07
7.12157e-07
-2.39746e-07
7.26957e-07
-2.27038e-07
7.41456e-07
-2.15234e-07
7.55745e-07
-2.04344e-07
7.69905e-07
-1.94329e-07
7.84003e-07
-1.85116e-07
7.98097e-07
-1.76609e-07
8.12232e-07
-1.68689e-07
8.26439e-07
-1.61228e-07
8.40737e-07
-1.54093e-07
8.55133e-07
-1.47146e-07
8.69623e-07
-1.40248e-07
8.84192e-07
-1.33264e-07
8.98816e-07
-1.26059e-07
9.13459e-07
-1.18503e-07
9.28079e-07
-1.10472e-07
9.42619e-07
-1.01851e-07
9.57016e-07
-9.25316e-08
9.71195e-07
-8.24206e-08
9.85072e-07
-7.14387e-08
9.98551e-07
-5.95263e-08
1.01153e-06
-4.66457e-08
1.02392e-06
-3.27809e-08
1.03561e-06
-1.7935e-08
1.0465e-06
-2.13529e-09
1.05648e-06
1.45626e-08
1.06542e-06
3.20754e-08
1.0732e-06
5.02828e-08
1.07967e-06
6.9046e-08
1.08472e-06
8.81704e-08
1.08836e-06
1.07536e-07
1.26982e-07
1.09057e-06
-4.99895e-08
-4.47463e-07
-1.18321e-07
-2.93858e-07
-1.95116e-07
-8.81076e-08
-2.81618e-07
1.1482e-07
-3.78012e-07
3.07239e-07
-4.82975e-07
4.80272e-07
-5.91968e-07
6.26911e-07
-6.97792e-07
7.38925e-07
-7.92428e-07
8.08676e-07
-8.69222e-07
8.31646e-07
-9.24513e-07
8.08134e-07
-9.57954e-07
7.43183e-07
-9.71675e-07
6.44954e-07
-9.6896e-07
5.22509e-07
-9.53152e-07
3.84226e-07
-9.27165e-07
2.37034e-07
-8.93226e-07
8.6261e-08
-8.52422e-07
-6.44214e-08
-8.06096e-07
-2.11554e-07
-7.55234e-07
-3.52007e-07
-7.0057e-07
-4.83578e-07
-6.42476e-07
-6.04603e-07
-5.81069e-07
-7.13396e-07
-5.16576e-07
-8.07748e-07
-4.4951e-07
-8.85132e-07
-3.80242e-07
-9.43502e-07
-3.08176e-07
-9.81505e-07
-2.31373e-07
-9.97039e-07
-1.47494e-07
-9.84805e-07
-5.56444e-08
-9.35703e-07
4.25328e-08
-8.39617e-07
1.38947e-07
-6.93056e-07
2.22068e-07
-5.11125e-07
2.83177e-07
-3.20413e-07
3.17363e-07
-1.44009e-07
3.22673e-07
6.96522e-09
2.96721e-07
1.36532e-07
2.34787e-07
2.67048e-07
1.32234e-07
4.27365e-07
-4.096e-09
6.33943e-07
-1.41998e-07
8.58821e-07
-2.48674e-07
1.04171e-06
-3.14434e-07
1.14584e-06
-3.46776e-07
1.17147e-06
-3.59253e-07
1.14105e-06
-3.63616e-07
1.08009e-06
-3.66711e-07
1.00635e-06
-3.71024e-07
9.28148e-07
-3.7658e-07
8.47622e-07
-3.82464e-07
7.64545e-07
-3.87588e-07
6.78565e-07
-3.91024e-07
5.90047e-07
-3.92182e-07
5.00125e-07
-3.90827e-07
4.10347e-07
-3.86964e-07
3.22212e-07
-3.80678e-07
2.36856e-07
-3.72018e-07
1.54912e-07
-3.60623e-07
7.63838e-08
-3.46372e-07
1.83705e-09
-3.28743e-07
-6.92185e-08
-3.07615e-07
-1.35821e-07
-2.82988e-07
-1.97482e-07
-2.55052e-07
-2.53715e-07
-2.24237e-07
-3.04129e-07
-1.91105e-07
-3.48785e-07
-1.56209e-07
-3.88247e-07
-1.19909e-07
-4.23563e-07
-8.22742e-08
-4.55944e-07
-4.31052e-08
-4.86446e-07
-2.1146e-09
-5.1563e-07
4.09072e-08
-5.43437e-07
8.59496e-08
-5.69272e-07
1.32744e-07
-5.92346e-07
1.809e-07
-6.11821e-07
2.29871e-07
-6.27041e-07
2.79056e-07
-6.37592e-07
3.27872e-07
-6.43273e-07
3.75782e-07
-6.44044e-07
4.22313e-07
-6.39963e-07
4.67064e-07
-6.31168e-07
5.09698e-07
-6.1787e-07
5.49945e-07
-6.00368e-07
5.87605e-07
-5.79054e-07
6.2254e-07
-5.54401e-07
6.54676e-07
-5.26949e-07
6.83987e-07
-4.97265e-07
7.10493e-07
-4.65913e-07
7.3424e-07
-4.33426e-07
7.55292e-07
-4.00287e-07
7.73726e-07
-3.66916e-07
7.8962e-07
-3.33671e-07
8.03053e-07
-3.00845e-07
8.14101e-07
-2.68683e-07
8.22837e-07
-2.3738e-07
8.29336e-07
-2.07094e-07
8.33681e-07
-1.77941e-07
8.35957e-07
-1.49988e-07
8.36246e-07
-1.2325e-07
8.34597e-07
-9.77112e-08
8.31011e-07
-7.33529e-08
8.25453e-07
-5.01948e-08
8.17901e-07
-2.8284e-08
8.08434e-07
-7.56808e-09
7.97305e-07
1.24001e-08
7.84958e-07
3.28296e-08
7.71968e-07
5.59462e-08
7.58906e-07
8.488e-08
7.46175e-07
1.23018e-07
7.33926e-07
1.72838e-07
7.22079e-07
2.34583e-07
7.10427e-07
3.05353e-07
6.98683e-07
3.79135e-07
6.86444e-07
4.47931e-07
6.73125e-07
5.03717e-07
6.58047e-07
5.40565e-07
6.40739e-07
5.56061e-07
6.21253e-07
5.51335e-07
6.00216e-07
5.29851e-07
5.78606e-07
4.95795e-07
5.5743e-07
4.52929e-07
5.37516e-07
4.0415e-07
5.19454e-07
3.51527e-07
5.03639e-07
2.96498e-07
4.90326e-07
2.40044e-07
4.79676e-07
1.82832e-07
4.71794e-07
1.25327e-07
4.66757e-07
6.78956e-08
4.64641e-07
1.09463e-08
4.65514e-07
-4.49481e-08
4.69396e-07
-9.92464e-08
4.76227e-07
-1.51145e-07
4.85837e-07
-1.99638e-07
4.97946e-07
-2.43602e-07
5.12169e-07
-2.81953e-07
5.28041e-07
-3.13796e-07
5.45061e-07
-3.38556e-07
5.62733e-07
-3.56048e-07
5.80607e-07
-3.66492e-07
5.98309e-07
-3.70459e-07
6.15557e-07
-3.68787e-07
6.32167e-07
-3.62467e-07
6.48045e-07
-3.52548e-07
6.63172e-07
-3.40042e-07
6.77587e-07
-3.25864e-07
6.91367e-07
-3.10794e-07
7.04614e-07
-2.95462e-07
7.17438e-07
-2.80349e-07
7.29952e-07
-2.65804e-07
7.42263e-07
-2.52056e-07
7.54468e-07
-2.39243e-07
7.66654e-07
-2.2742e-07
7.78897e-07
-2.16587e-07
7.91259e-07
-2.06691e-07
8.03791e-07
-1.97648e-07
8.16529e-07
-1.89347e-07
8.29498e-07
-1.81658e-07
8.42712e-07
-1.74442e-07
8.56175e-07
-1.67556e-07
8.69881e-07
-1.60851e-07
8.83816e-07
-1.54183e-07
8.9796e-07
-1.47408e-07
9.12285e-07
-1.40383e-07
9.26752e-07
-1.3297e-07
9.41313e-07
-1.25034e-07
9.55911e-07
-1.16449e-07
9.70473e-07
-1.07093e-07
9.84913e-07
-9.68612e-08
9.99136e-07
-8.56614e-08
1.01303e-06
-7.34225e-08
1.02649e-06
-6.00985e-08
1.03937e-06
-4.56699e-08
1.05158e-06
-3.01418e-08
1.06299e-06
-1.3542e-08
1.07348e-06
4.07215e-09
1.08294e-06
2.26158e-08
1.09125e-06
4.19741e-08
1.09827e-06
6.20206e-08
1.10386e-06
8.25844e-08
1.10788e-06
1.03512e-07
1.24636e-07
1.11023e-06
-6.87829e-08
-3.7868e-07
-1.51462e-07
-2.11179e-07
-2.40866e-07
1.29649e-09
-3.38346e-07
2.123e-07
-4.42294e-07
4.11187e-07
-5.49791e-07
5.87769e-07
-6.54762e-07
7.31882e-07
-7.49591e-07
8.33753e-07
-8.27349e-07
8.86434e-07
-8.83721e-07
8.88018e-07
-9.17823e-07
8.42235e-07
-9.3172e-07
7.5708e-07
-9.29139e-07
6.42374e-07
-9.14046e-07
5.07416e-07
-8.8957e-07
3.59751e-07
-8.58012e-07
2.05475e-07
-8.20706e-07
4.89553e-08
-7.7837e-07
-1.06758e-07
-7.32268e-07
-2.57656e-07
-6.83633e-07
-4.00642e-07
-6.33362e-07
-5.33849e-07
-5.81608e-07
-6.56356e-07
-5.27921e-07
-7.67083e-07
-4.72102e-07
-8.63567e-07
-4.14996e-07
-9.42238e-07
-3.58154e-07
-1.00034e-06
-3.02222e-07
-1.03744e-06
-2.45354e-07
-1.05391e-06
-1.83428e-07
-1.04673e-06
-1.12777e-07
-1.00635e-06
-3.24612e-08
-9.19933e-07
5.27061e-08
-7.78224e-07
1.31577e-07
-5.89996e-07
1.93134e-07
-3.81971e-07
2.29821e-07
-1.80695e-07
2.36464e-07
3.21875e-10
2.0841e-07
1.64585e-07
1.42692e-07
3.32766e-07
4.18432e-08
5.28214e-07
-7.48383e-08
7.50625e-07
-1.75888e-07
9.59871e-07
-2.43409e-07
1.10923e-06
-2.77558e-07
1.17999e-06
-2.88571e-07
1.18248e-06
-2.88137e-07
1.14062e-06
-2.84597e-07
1.07655e-06
-2.81976e-07
1.00373e-06
-2.8122e-07
9.27392e-07
-2.81772e-07
8.48174e-07
-2.82572e-07
7.65345e-07
-2.82559e-07
6.78552e-07
-2.80944e-07
5.88432e-07
-2.77337e-07
4.96518e-07
-2.7172e-07
4.04729e-07
-2.64294e-07
3.14786e-07
-2.55269e-07
2.27831e-07
-2.44648e-07
1.44291e-07
-2.32191e-07
6.39268e-08
-2.17046e-07
-1.33079e-08
-1.99063e-07
-8.72022e-08
-1.77974e-07
-1.5691e-07
-1.53688e-07
-2.21767e-07
-1.26342e-07
-2.8106e-07
-9.63511e-08
-3.34121e-07
-6.4214e-08
-3.80922e-07
-3.04125e-08
-4.22049e-07
4.71855e-09
-4.58694e-07
4.11046e-08
-4.9233e-07
7.89046e-08
-5.24246e-07
1.18395e-07
-5.5512e-07
1.59788e-07
-5.8483e-07
2.03106e-07
-6.1259e-07
2.48077e-07
-6.37317e-07
2.94217e-07
-6.57961e-07
3.40914e-07
-6.73739e-07
3.87527e-07
-6.84206e-07
4.33453e-07
-6.89199e-07
4.78157e-07
-6.88748e-07
5.21192e-07
-6.82998e-07
5.62191e-07
-6.72166e-07
6.00867e-07
-6.56545e-07
6.37008e-07
-6.3651e-07
6.70478e-07
-6.12524e-07
7.01208e-07
-5.85131e-07
7.29186e-07
-5.54928e-07
7.54449e-07
-5.22528e-07
7.77062e-07
-4.88525e-07
7.97105e-07
-4.53469e-07
8.14664e-07
-4.17846e-07
8.29821e-07
-3.82074e-07
8.42651e-07
-3.46501e-07
8.53222e-07
-3.11416e-07
8.61594e-07
-2.77054e-07
8.67817e-07
-2.43604e-07
8.71944e-07
-2.11221e-07
8.74027e-07
-1.80025e-07
8.74133e-07
-1.50093e-07
8.72333e-07
-1.2145e-07
8.6869e-07
-9.4068e-08
8.63226e-07
-6.78892e-08
8.55911e-07
-4.288e-08
8.46694e-07
-1.90665e-08
8.35582e-07
3.54372e-09
8.2277e-07
2.52121e-08
8.08733e-07
4.68667e-08
7.94249e-07
7.04302e-08
7.8029e-07
9.88394e-08
7.67791e-07
1.35516e-07
7.57408e-07
1.83222e-07
7.49341e-07
2.42649e-07
7.43312e-07
3.11382e-07
7.38616e-07
3.83831e-07
7.34226e-07
4.52321e-07
7.28933e-07
5.0901e-07
7.21591e-07
5.47907e-07
7.11444e-07
5.66208e-07
6.98382e-07
5.64397e-07
6.82942e-07
5.45291e-07
6.66068e-07
5.12669e-07
6.48796e-07
4.70201e-07
6.32036e-07
4.2091e-07
6.16488e-07
3.67076e-07
6.02647e-07
3.10339e-07
5.90847e-07
2.51843e-07
5.81302e-07
1.92378e-07
5.74142e-07
1.32486e-07
5.69452e-07
7.25862e-08
5.67287e-07
1.31113e-08
5.67683e-07
-4.53446e-08
5.70613e-07
-1.02177e-07
5.75967e-07
-1.56499e-07
5.83537e-07
-2.07208e-07
5.93022e-07
-2.53087e-07
6.04041e-07
-2.92971e-07
6.16164e-07
-3.25919e-07
6.28955e-07
-3.51346e-07
6.42007e-07
-3.691e-07
6.54976e-07
-3.79462e-07
6.67605e-07
-3.83088e-07
6.79726e-07
-3.80908e-07
6.91262e-07
-3.74003e-07
7.02209e-07
-3.63495e-07
7.12623e-07
-3.50456e-07
7.22598e-07
-3.35839e-07
7.32248e-07
-3.20444e-07
7.41695e-07
-3.04908e-07
7.51056e-07
-2.8971e-07
7.6044e-07
-2.75188e-07
7.69943e-07
-2.6156e-07
7.79648e-07
-2.48947e-07
7.89622e-07
-2.37394e-07
7.99918e-07
-2.26883e-07
8.10578e-07
-2.17351e-07
8.21628e-07
-2.08697e-07
8.33081e-07
-2.008e-07
8.44944e-07
-1.9352e-07
8.57211e-07
-1.8671e-07
8.69874e-07
-1.80219e-07
8.82919e-07
-1.73897e-07
8.9633e-07
-1.67594e-07
9.10086e-07
-1.61163e-07
9.24159e-07
-1.54457e-07
9.38515e-07
-1.47325e-07
9.53104e-07
-1.39623e-07
9.67861e-07
-1.31205e-07
9.82703e-07
-1.21936e-07
9.97532e-07
-1.1169e-07
1.01223e-06
-1.0036e-07
1.02667e-06
-8.78615e-08
1.04071e-06
-7.41373e-08
1.0542e-06
-5.91629e-08
1.06701e-06
-4.29458e-08
1.07898e-06
-2.55203e-08
1.09e-06
-6.94777e-09
1.09994e-06
1.26797e-08
1.10868e-06
3.3238e-08
1.11611e-06
5.45887e-08
1.12212e-06
7.65745e-08
1.12659e-06
9.90438e-08
1.21875e-07
1.12935e-06
-8.18409e-08
-2.96839e-07
-1.74533e-07
-1.18487e-07
-2.7219e-07
9.89541e-08
-3.74656e-07
3.14766e-07
-4.79756e-07
5.16287e-07
-5.82964e-07
6.90977e-07
-6.77594e-07
8.26511e-07
-7.56665e-07
9.12824e-07
-8.15059e-07
9.44828e-07
-8.50954e-07
9.23914e-07
-8.65972e-07
8.57252e-07
-8.64077e-07
7.55185e-07
-8.49859e-07
6.28155e-07
-8.27065e-07
4.84622e-07
-7.97908e-07
3.30594e-07
-7.63667e-07
1.71235e-07
-7.24729e-07
1.00171e-08
-6.81639e-07
-1.49848e-07
-6.35871e-07
-3.03423e-07
-5.89404e-07
-4.47109e-07
-5.43915e-07
-5.79339e-07
-4.99637e-07
-7.00634e-07
-4.55184e-07
-8.11537e-07
-4.09021e-07
-9.0973e-07
-3.61416e-07
-9.89843e-07
-3.14898e-07
-1.04686e-06
-2.72353e-07
-1.07998e-06
-2.33853e-07
-1.09241e-06
-1.94934e-07
-1.08565e-06
-1.48761e-07
-1.05253e-06
-9.14729e-08
-9.77221e-07
-2.3712e-08
-8.45984e-07
4.54114e-08
-6.59119e-07
1.03036e-07
-4.39596e-07
1.39179e-07
-2.16838e-07
1.45895e-07
-6.39442e-09
1.18112e-07
1.92369e-07
5.60741e-08
3.94804e-07
-3.01409e-08
6.14429e-07
-1.16352e-07
8.36836e-07
-1.80464e-07
1.02398e-06
-2.15052e-07
1.14382e-06
-2.25027e-07
1.18996e-06
-2.20382e-07
1.17784e-06
-2.10168e-07
1.1304e-06
-1.99899e-07
1.06628e-06
-1.91719e-07
9.9555e-07
-1.85706e-07
9.21378e-07
-1.81026e-07
8.43495e-07
-1.76609e-07
7.60928e-07
-1.71504e-07
6.73447e-07
-1.65101e-07
5.82029e-07
-1.57206e-07
4.88624e-07
-1.47994e-07
3.95517e-07
-1.3784e-07
3.04632e-07
-1.2692e-07
2.16911e-07
-1.15042e-07
1.32414e-07
-1.01577e-07
5.04613e-08
-8.58001e-08
-2.90846e-08
-6.76155e-08
-1.05387e-07
-4.67519e-08
-1.77773e-07
-2.29586e-08
-2.45561e-07
3.68906e-09
-3.07708e-07
3.28642e-08
-3.63296e-07
6.39403e-08
-4.11999e-07
9.639e-08
-4.54499e-07
1.29953e-07
-4.92257e-07
1.64685e-07
-5.27062e-07
2.00862e-07
-5.60423e-07
2.38794e-07
-5.93053e-07
2.78642e-07
-6.24678e-07
3.20308e-07
-6.54256e-07
3.63413e-07
-6.80421e-07
4.07375e-07
-7.01923e-07
4.51526e-07
-7.17889e-07
4.95201e-07
-7.27881e-07
5.37809e-07
-7.31807e-07
5.78854e-07
-7.29793e-07
6.17937e-07
-7.22081e-07
6.54751e-07
-7.08981e-07
6.89078e-07
-6.90872e-07
7.2078e-07
-6.68211e-07
7.49794e-07
-6.41539e-07
7.76129e-07
-6.11465e-07
7.99841e-07
-5.7864e-07
8.21023e-07
-5.43709e-07
8.39781e-07
-5.07283e-07
8.56222e-07
-4.6991e-07
8.70439e-07
-4.32064e-07
8.8251e-07
-3.94144e-07
8.92495e-07
-3.56485e-07
9.00439e-07
-3.1936e-07
9.06378e-07
-2.82993e-07
9.10342e-07
-2.47568e-07
9.12356e-07
-2.13235e-07
9.12448e-07
-1.80117e-07
9.10659e-07
-1.48304e-07
9.07046e-07
-1.17838e-07
9.01678e-07
-8.86998e-08
8.94604e-07
-6.08148e-08
8.85824e-07
-3.41e-08
8.75288e-07
-8.53113e-09
8.62973e-07
1.58592e-08
8.49002e-07
3.91827e-08
8.33807e-07
6.20621e-08
8.18238e-07
8.59993e-08
8.03515e-07
1.13562e-07
7.90993e-07
1.48038e-07
7.81801e-07
1.92415e-07
7.765e-07
2.4795e-07
7.74904e-07
3.12978e-07
7.76097e-07
3.82637e-07
7.7862e-07
4.49799e-07
7.80764e-07
5.06866e-07
7.80937e-07
5.47734e-07
7.78038e-07
5.69107e-07
7.71688e-07
5.70747e-07
7.62225e-07
5.54753e-07
7.50478e-07
5.24417e-07
7.37462e-07
4.83217e-07
7.24145e-07
4.34227e-07
7.11326e-07
3.79895e-07
6.9961e-07
3.22055e-07
6.89424e-07
2.6203e-07
6.81049e-07
2.00752e-07
6.74662e-07
1.38873e-07
6.7036e-07
7.68881e-08
6.68188e-07
1.52838e-08
6.68142e-07
-4.52992e-08
6.70136e-07
-1.04171e-07
6.73997e-07
-1.60359e-07
6.79465e-07
-2.12676e-07
6.86211e-07
-2.59833e-07
6.93861e-07
-3.00621e-07
7.0203e-07
-3.34089e-07
7.10362e-07
-3.59678e-07
7.18558e-07
-3.77296e-07
7.26402e-07
-3.87305e-07
7.33768e-07
-3.90453e-07
7.40615e-07
-3.87756e-07
7.46982e-07
-3.80369e-07
7.52959e-07
-3.69473e-07
7.58675e-07
-3.56172e-07
7.64271e-07
-3.41435e-07
7.69892e-07
-3.26065e-07
7.7567e-07
-3.10686e-07
7.81721e-07
-2.95761e-07
7.8814e-07
-2.81607e-07
7.95006e-07
-2.68426e-07
8.02378e-07
-2.56319e-07
8.10297e-07
-2.45314e-07
8.18792e-07
-2.35378e-07
8.27875e-07
-2.26434e-07
8.37547e-07
-2.1837e-07
8.47801e-07
-2.11054e-07
8.58621e-07
-2.0434e-07
8.69992e-07
-1.98081e-07
8.81898e-07
-1.92125e-07
8.94327e-07
-1.86326e-07
9.07269e-07
-1.80536e-07
9.2071e-07
-1.74605e-07
9.34632e-07
-1.68378e-07
9.49001e-07
-1.61695e-07
9.63766e-07
-1.54388e-07
9.7885e-07
-1.4629e-07
9.94156e-07
-1.37242e-07
1.00956e-06
-1.27094e-07
1.02492e-06
-1.1572e-07
1.04008e-06
-1.0302e-07
1.05487e-06
-8.89255e-08
1.06911e-06
-7.34068e-08
1.08264e-06
-5.6474e-08
1.09529e-06
-3.8172e-08
1.10692e-06
-1.85727e-08
1.11737e-06
2.22257e-09
1.12653e-06
2.40788e-08
1.13429e-06
4.68334e-08
1.14055e-06
7.03105e-08
1.14526e-06
9.43384e-08
1.18819e-07
1.14831e-06
-8.91671e-08
-2.07672e-07
-1.86004e-07
-2.16501e-08
-2.85886e-07
1.98836e-07
-3.8735e-07
4.1623e-07
-4.87359e-07
6.16296e-07
-5.80579e-07
7.84198e-07
-6.60479e-07
9.06411e-07
-7.2132e-07
9.73665e-07
-7.60081e-07
9.83589e-07
-7.77398e-07
9.41231e-07
-7.77032e-07
8.56887e-07
-7.64127e-07
7.4228e-07
-7.43171e-07
6.072e-07
-7.16951e-07
4.58401e-07
-6.86552e-07
3.00196e-07
-6.52123e-07
1.36806e-07
-6.13007e-07
-2.9099e-08
-5.69462e-07
-1.93393e-07
-5.2312e-07
-3.49766e-07
-4.77144e-07
-4.93084e-07
-4.34897e-07
-6.21586e-07
-3.97659e-07
-7.37872e-07
-3.63424e-07
-8.45772e-07
-3.2869e-07
-9.44463e-07
-2.91799e-07
-1.02673e-06
-2.54845e-07
-1.08382e-06
-2.22542e-07
-1.11228e-06
-1.98378e-07
-1.11657e-06
-1.80194e-07
-1.10383e-06
-1.59735e-07
-1.07298e-06
-1.28277e-07
-1.00868e-06
-8.33907e-08
-8.9087e-07
-3.02852e-08
-7.12225e-07
1.97099e-08
-4.89591e-07
5.30834e-08
-2.50211e-07
5.98868e-08
-1.31978e-08
3.60472e-08
2.16208e-07
-1.46286e-08
4.4548e-07
-7.6547e-08
6.76347e-07
-1.29575e-07
8.89864e-07
-1.60908e-07
1.05531e-06
-1.69176e-07
1.15209e-06
-1.60841e-07
1.18163e-06
-1.44362e-07
1.16136e-06
-1.26234e-07
1.11227e-06
-1.09866e-07
1.04991e-06
-9.62109e-08
9.81895e-07
-8.4877e-08
9.10044e-07
-7.49705e-08
8.33588e-07
-6.55454e-08
7.51503e-07
-5.58495e-08
6.63751e-07
-4.54768e-08
5.71656e-07
-3.44177e-08
4.77565e-07
-2.29576e-08
3.84057e-07
-1.12591e-08
2.92934e-07
9.02236e-10
2.0475e-07
1.43955e-08
1.1892e-07
2.97695e-08
3.50873e-08
4.70272e-08
-4.63424e-08
6.60407e-08
-1.244e-07
8.71388e-08
-1.98872e-07
1.10539e-07
-2.68961e-07
1.3616e-07
-3.33329e-07
1.637e-07
-3.90836e-07
1.92813e-07
-4.41112e-07
2.23196e-07
-4.84882e-07
2.54755e-07
-5.23816e-07
2.87648e-07
-5.59954e-07
3.22177e-07
-5.94953e-07
3.58599e-07
-6.29474e-07
3.96942e-07
-6.63022e-07
4.36934e-07
-6.94248e-07
4.78032e-07
-7.2152e-07
5.19547e-07
-7.43438e-07
5.60763e-07
-7.59105e-07
6.01032e-07
-7.6815e-07
6.39816e-07
-7.70591e-07
6.7669e-07
-7.66668e-07
7.11338e-07
-7.56728e-07
7.43536e-07
-7.41179e-07
7.7315e-07
-7.20487e-07
8.00131e-07
-6.95191e-07
8.24501e-07
-6.65909e-07
8.46347e-07
-6.33311e-07
8.65793e-07
-5.98086e-07
8.8298e-07
-5.60896e-07
8.98042e-07
-5.22345e-07
9.11094e-07
-4.82962e-07
9.22223e-07
-4.43192e-07
9.31484e-07
-4.03406e-07
9.3891e-07
-3.63911e-07
9.44514e-07
-3.24964e-07
9.48301e-07
-2.86781e-07
9.50276e-07
-2.49542e-07
9.50439e-07
-2.13398e-07
9.48799e-07
-1.78477e-07
9.45375e-07
-1.4488e-07
9.40208e-07
-1.12672e-07
9.33368e-07
-8.18591e-08
9.24926e-07
-5.23727e-08
9.14924e-07
-2.40985e-08
9.03354e-07
3.03871e-09
8.90194e-07
2.90197e-08
8.75503e-07
5.38737e-08
8.59625e-07
7.79395e-08
8.43369e-07
1.02256e-07
8.2804e-07
1.28891e-07
8.1526e-07
1.60818e-07
8.06566e-07
2.01109e-07
8.02938e-07
2.51578e-07
8.04453e-07
3.11464e-07
8.10203e-07
3.76887e-07
8.18507e-07
4.41495e-07
8.27291e-07
4.98083e-07
8.3456e-07
5.40464e-07
8.38828e-07
5.64839e-07
8.39369e-07
5.70207e-07
8.36231e-07
5.57891e-07
8.30045e-07
5.30603e-07
8.21734e-07
4.91528e-07
8.12272e-07
4.43688e-07
8.02532e-07
3.89635e-07
7.93214e-07
3.31372e-07
7.84843e-07
2.70401e-07
7.77781e-07
2.07814e-07
7.72253e-07
1.444e-07
7.68381e-07
8.07602e-08
7.662e-07
1.7465e-08
7.65672e-07
-4.47706e-08
7.66648e-07
-1.05147e-07
7.6889e-07
-1.62602e-07
7.72092e-07
-2.15877e-07
7.75901e-07
-2.63642e-07
7.79964e-07
-3.04684e-07
7.83956e-07
-3.38081e-07
7.87619e-07
-3.63342e-07
7.90783e-07
-3.8046e-07
7.93372e-07
-3.89895e-07
7.95404e-07
-3.92485e-07
7.96974e-07
-3.89325e-07
7.98231e-07
-3.81627e-07
7.99359e-07
-3.706e-07
8.00547e-07
-3.5736e-07
8.01978e-07
-3.42866e-07
8.0381e-07
-3.27897e-07
8.06176e-07
-3.13052e-07
8.09178e-07
-2.98762e-07
8.12889e-07
-2.85319e-07
8.17362e-07
-2.72898e-07
8.22624e-07
-2.61581e-07
8.28689e-07
-2.51378e-07
8.35553e-07
-2.42242e-07
8.43201e-07
-2.34081e-07
8.51608e-07
-2.26777e-07
8.60746e-07
-2.20192e-07
8.70589e-07
-2.14184e-07
8.81118e-07
-2.08609e-07
8.92324e-07
-2.0333e-07
9.04206e-07
-1.98208e-07
9.16771e-07
-1.93101e-07
9.3002e-07
-1.87854e-07
9.43942e-07
-1.823e-07
9.58504e-07
-1.76256e-07
9.73642e-07
-1.69526e-07
9.89261e-07
-1.6191e-07
1.00524e-06
-1.53217e-07
1.02141e-06
-1.43271e-07
1.03762e-06
-1.31924e-07
1.05366e-06
-1.19062e-07
1.06934e-06
-1.04609e-07
1.08447e-06
-8.85323e-08
1.09884e-06
-7.08456e-08
1.11227e-06
-5.1605e-08
1.1246e-06
-3.09e-08
1.13567e-06
-8.84493e-09
1.14533e-06
1.44148e-08
1.15346e-06
3.87005e-08
1.15997e-06
6.38024e-08
1.1648e-06
8.95079e-08
1.15667e-07
1.16795e-06
-9.0083e-08
-1.17589e-07
-1.85235e-07
7.3502e-08
-2.81093e-07
2.94694e-07
-3.75687e-07
5.10824e-07
-4.65182e-07
7.05791e-07
-5.44075e-07
8.63091e-07
-6.06572e-07
9.68908e-07
-6.48535e-07
1.01563e-06
-6.69125e-07
1.00418e-06
-6.71174e-07
9.43279e-07
-6.59895e-07
8.45607e-07
-6.40624e-07
7.2301e-07
-6.16949e-07
5.83524e-07
-5.90357e-07
4.31808e-07
-5.60994e-07
2.70833e-07
-5.2791e-07
1.03722e-07
-4.90078e-07
-6.69313e-08
-4.47207e-07
-2.36264e-07
-4.0042e-07
-3.96552e-07
-3.53557e-07
-5.39947e-07
-3.1204e-07
-6.63104e-07
-2.79322e-07
-7.7059e-07
-2.53982e-07
-8.71112e-07
-2.31084e-07
-9.67362e-07
-2.06545e-07
-1.05127e-06
-1.80424e-07
-1.10994e-06
-1.57161e-07
-1.13555e-06
-1.42931e-07
-1.1308e-06
-1.40209e-07
-1.10656e-06
-1.42796e-07
-1.0704e-06
-1.38567e-07
-1.01291e-06
-1.19252e-07
-9.10185e-07
-8.62248e-08
-7.45252e-07
-4.92371e-08
-5.26578e-07
-2.11186e-08
-2.7833e-07
-1.35285e-08
-2.07879e-08
-2.91651e-08
2.31845e-07
-6.09144e-08
4.77229e-07
-9.4905e-08
7.10338e-07
-1.17345e-07
9.12304e-07
-1.21652e-07
1.05962e-06
-1.09577e-07
1.14002e-06
-8.74299e-08
1.15948e-06
-6.1769e-08
1.1357e-06
-3.6968e-08
1.08747e-06
-1.49762e-08
1.02792e-06
4.01215e-09
9.62907e-07
2.05865e-08
8.9347e-07
3.55537e-08
8.18621e-07
4.96714e-08
7.37385e-07
6.34852e-08
6.49938e-07
7.72578e-08
5.57883e-07
9.09811e-08
4.63841e-07
1.04578e-07
3.70461e-07
1.18246e-07
2.79265e-07
1.32514e-07
1.90482e-07
1.47722e-07
1.03712e-07
1.64121e-07
1.86881e-08
1.81633e-07
-6.38546e-08
2.00622e-07
-1.43389e-07
2.21428e-07
-2.19678e-07
2.44101e-07
-2.91633e-07
2.68469e-07
-3.57697e-07
2.94249e-07
-4.16617e-07
3.21207e-07
-4.68069e-07
3.49272e-07
-5.12947e-07
3.78602e-07
-5.53146e-07
4.0953e-07
-5.90882e-07
4.42393e-07
-6.27816e-07
4.77331e-07
-6.64412e-07
5.14151e-07
-6.99841e-07
5.52329e-07
-7.32426e-07
5.91134e-07
-7.60325e-07
6.29775e-07
-7.82079e-07
6.67536e-07
-7.96866e-07
7.03832e-07
-8.04446e-07
7.38224e-07
-8.04982e-07
7.70396e-07
-7.9884e-07
8.00141e-07
-7.86473e-07
8.27339e-07
-7.68377e-07
8.51957e-07
-7.45105e-07
8.74041e-07
-7.17276e-07
8.93706e-07
-6.85574e-07
9.11114e-07
-6.50719e-07
9.26444e-07
-6.13416e-07
9.39871e-07
-5.74322e-07
9.51535e-07
-5.3401e-07
9.61538e-07
-4.92965e-07
9.69936e-07
-4.51589e-07
9.76745e-07
-4.10215e-07
9.81956e-07
-3.69122e-07
9.85544e-07
-3.28552e-07
9.87477e-07
-2.88715e-07
9.87732e-07
-2.49797e-07
9.8629e-07
-2.11957e-07
9.83146e-07
-1.75333e-07
9.78307e-07
-1.4004e-07
9.71803e-07
-1.06168e-07
9.63701e-07
-7.37567e-08
9.54089e-07
-4.27608e-08
9.43053e-07
-1.30626e-08
9.30652e-07
1.54394e-08
9.16896e-07
4.27762e-08
9.01806e-07
6.89631e-08
8.8563e-07
9.4116e-08
8.69048e-07
1.18838e-07
8.53305e-07
1.44634e-07
8.4012e-07
1.74003e-07
8.31324e-07
2.09904e-07
8.28317e-07
2.54584e-07
8.31571e-07
3.0821e-07
8.40409e-07
3.68048e-07
8.53147e-07
4.28757e-07
8.67512e-07
4.83718e-07
8.81186e-07
5.2679e-07
8.92295e-07
5.5373e-07
8.99715e-07
5.62787e-07
9.03135e-07
5.54471e-07
9.02902e-07
5.30836e-07
8.9977e-07
4.9466e-07
8.94652e-07
4.48806e-07
8.8844e-07
3.95847e-07
8.81904e-07
3.37909e-07
8.75649e-07
2.76656e-07
8.70114e-07
2.1335e-07
8.65576e-07
1.48938e-07
8.62181e-07
8.41556e-08
8.59959e-07
1.96868e-08
8.58844e-07
-4.36552e-08
8.58637e-07
-1.0494e-07
8.59051e-07
-1.63016e-07
8.59742e-07
-2.16568e-07
8.60361e-07
-2.64261e-07
8.60593e-07
-3.04917e-07
8.60201e-07
-3.37689e-07
8.59045e-07
-3.62185e-07
8.57096e-07
-3.78511e-07
8.54431e-07
-3.8723e-07
8.51215e-07
-3.89269e-07
8.47672e-07
-3.85782e-07
8.44057e-07
-3.78013e-07
8.40631e-07
-3.67174e-07
8.3763e-07
-3.54359e-07
8.35259e-07
-3.40495e-07
8.33678e-07
-3.26316e-07
8.33003e-07
-3.12377e-07
8.33312e-07
-2.99071e-07
8.34646e-07
-2.86654e-07
8.37023e-07
-2.75275e-07
8.40438e-07
-2.64997e-07
8.4487e-07
-2.5581e-07
8.50283e-07
-2.47655e-07
8.56636e-07
-2.40434e-07
8.63883e-07
-2.34024e-07
8.71985e-07
-2.28294e-07
8.80914e-07
-2.23113e-07
8.90665e-07
-2.1836e-07
9.01246e-07
-2.13912e-07
9.12684e-07
-2.09646e-07
9.25005e-07
-2.05422e-07
9.38225e-07
-2.01074e-07
9.52334e-07
-1.9641e-07
9.67286e-07
-1.91208e-07
9.82994e-07
-1.85233e-07
9.99329e-07
-1.78245e-07
1.01613e-06
-1.70017e-07
1.0332e-06
-1.60347e-07
1.05035e-06
-1.49069e-07
1.06735e-06
-1.36061e-07
1.08399e-06
-1.21245e-07
1.10004e-06
-1.04589e-07
1.11531e-06
-8.61119e-08
1.12958e-06
-6.58807e-08
1.14269e-06
-4.40025e-08
1.15445e-06
-2.06097e-08
1.16473e-06
4.13947e-09
1.17337e-06
3.00578e-08
1.18026e-06
5.69091e-08
1.18533e-06
8.44439e-08
1.12415e-07
1.18858e-06
-8.44239e-08
-3.31649e-08
-1.72103e-07
1.61181e-07
-2.58448e-07
3.81039e-07
-3.40952e-07
5.93328e-07
-4.15525e-07
7.80364e-07
-4.77073e-07
9.2464e-07
-5.20973e-07
1.01281e-06
-5.44862e-07
1.03952e-06
-5.49894e-07
1.00921e-06
-5.40432e-07
9.33817e-07
-5.2209e-07
8.27266e-07
-4.99349e-07
7.00268e-07
-4.74287e-07
5.58462e-07
-4.47062e-07
4.04584e-07
-4.18034e-07
2.41804e-07
-3.85427e-07
7.11155e-08
-3.50481e-07
-1.01877e-07
-3.11249e-07
-2.75496e-07
-2.67253e-07
-4.40548e-07
-2.21568e-07
-5.85632e-07
-1.80799e-07
-7.03873e-07
-1.50629e-07
-8.00759e-07
-1.31356e-07
-8.90385e-07
-1.18143e-07
-9.80575e-07
-1.05563e-07
-1.06385e-06
-9.15998e-08
-1.1239e-06
-7.85728e-08
-1.14857e-06
-7.2315e-08
-1.13706e-06
-7.91047e-08
-1.09977e-06
-9.84672e-08
-1.05103e-06
-1.18956e-07
-9.9242e-07
-1.26425e-07
-9.02716e-07
-1.1602e-07
-7.55657e-07
-9.46818e-08
-5.47916e-07
-7.42659e-08
-2.98746e-07
-6.43426e-08
-3.07112e-08
-6.7619e-08
2.35121e-07
-7.82662e-08
4.87876e-07
-8.62253e-08
7.18297e-07
-8.30552e-08
9.09134e-07
-6.63308e-08
1.0429e-06
-3.89538e-08
1.11264e-06
-6.31986e-09
1.12685e-06
2.66663e-08
1.10271e-06
5.71722e-08
1.05697e-06
8.43251e-08
1.00077e-06
1.08336e-07
9.38896e-07
1.29819e-07
8.71986e-07
1.49421e-07
7.9902e-07
1.67655e-07
7.19151e-07
1.84869e-07
6.32724e-07
2.01248e-07
5.41504e-07
2.1691e-07
4.48179e-07
2.321e-07
3.55271e-07
2.47258e-07
2.64108e-07
2.62863e-07
1.74877e-07
2.79187e-07
8.73886e-08
2.96491e-07
1.38351e-09
3.14701e-07
-8.20645e-08
3.34142e-07
-1.62829e-07
3.54928e-07
-2.40464e-07
3.76921e-07
-3.13627e-07
3.99885e-07
-3.80662e-07
4.23635e-07
-4.40366e-07
4.48166e-07
-4.926e-07
4.73724e-07
-5.38504e-07
5.00759e-07
-5.8018e-07
5.29764e-07
-6.19887e-07
5.61042e-07
-6.59095e-07
5.94515e-07
-6.97886e-07
6.29682e-07
-7.35007e-07
6.65734e-07
-7.68479e-07
7.01762e-07
-7.96352e-07
7.36931e-07
-8.17249e-07
7.70589e-07
-8.30523e-07
8.02273e-07
-8.36131e-07
8.31689e-07
-8.34398e-07
8.58663e-07
-8.25813e-07
8.83112e-07
-8.10922e-07
9.05036e-07
-7.90301e-07
9.24512e-07
-7.64581e-07
9.41687e-07
-7.34451e-07
9.56763e-07
-7.0065e-07
9.69967e-07
-6.63923e-07
9.81516e-07
-6.24966e-07
9.91588e-07
-5.84394e-07
1.0003e-06
-5.42724e-07
1.00771e-06
-5.00378e-07
1.01383e-06
-4.57703e-07
1.0186e-06
-4.14991e-07
1.02198e-06
-3.72498e-07
1.02389e-06
-3.30458e-07
1.02426e-06
-2.89086e-07
1.02304e-06
-2.4858e-07
1.02021e-06
-2.09122e-07
1.01574e-06
-1.70866e-07
1.00965e-06
-1.33949e-07
1.00196e-06
-9.84832e-08
9.92747e-07
-6.45414e-08
9.82102e-07
-3.21158e-08
9.70158e-07
-1.11904e-09
9.57048e-07
2.85493e-08
9.42829e-07
5.69961e-08
9.27529e-07
8.42626e-08
9.11313e-07
1.10332e-07
8.94697e-07
1.35454e-07
8.78752e-07
1.60578e-07
8.65131e-07
1.87625e-07
8.558e-07
2.19236e-07
8.52508e-07
2.57876e-07
8.56191e-07
3.04527e-07
8.66582e-07
3.57657e-07
8.82221e-07
4.13119e-07
9.00832e-07
4.65106e-07
9.19895e-07
5.07727e-07
9.37198e-07
5.36428e-07
9.51207e-07
5.48778e-07
9.61197e-07
5.4448e-07
9.67166e-07
5.24868e-07
9.69614e-07
4.92212e-07
9.69314e-07
4.49106e-07
9.67112e-07
3.9805e-07
9.63794e-07
3.41227e-07
9.60017e-07
2.80433e-07
9.56274e-07
2.17093e-07
9.52887e-07
1.52324e-07
9.50025e-07
8.70181e-08
9.47718e-07
2.1994e-08
9.45881e-07
-4.18178e-08
9.44285e-07
-1.03345e-07
9.42617e-07
-1.61347e-07
9.4053e-07
-2.14482e-07
9.37708e-07
-2.61439e-07
9.33909e-07
-3.01118e-07
9.29005e-07
-3.32785e-07
9.22995e-07
-3.56175e-07
9.16003e-07
-3.71519e-07
9.08261e-07
-3.79488e-07
9.00072e-07
-3.8108e-07
8.91779e-07
-3.77489e-07
8.83723e-07
-3.69957e-07
8.76219e-07
-3.5967e-07
8.69533e-07
-3.47673e-07
8.63868e-07
-3.34829e-07
8.59367e-07
-3.21815e-07
8.56116e-07
-3.09127e-07
8.54158e-07
-2.97112e-07
8.53494e-07
-2.8599e-07
8.54104e-07
-2.75885e-07
8.55945e-07
-2.66838e-07
8.58964e-07
-2.58829e-07
8.63096e-07
-2.51788e-07
8.68279e-07
-2.45616e-07
8.74455e-07
-2.402e-07
8.81589e-07
-2.35427e-07
8.89669e-07
-2.31194e-07
8.98717e-07
-2.27407e-07
9.08775e-07
-2.2397e-07
9.19899e-07
-2.2077e-07
9.32136e-07
-2.17659e-07
9.45504e-07
-2.14443e-07
9.59979e-07
-2.10884e-07
9.75483e-07
-2.06712e-07
9.91887e-07
-2.01637e-07
1.00902e-06
-1.95379e-07
1.02668e-06
-1.87679e-07
1.04465e-06
-1.78318e-07
1.06271e-06
-1.67123e-07
1.08062e-06
-1.53968e-07
1.09815e-06
-1.38779e-07
1.11509e-06
-1.21529e-07
1.13122e-06
-1.02241e-07
1.14633e-06
-8.09909e-08
1.16023e-06
-5.78998e-08
1.17274e-06
-3.31212e-08
1.18371e-06
-6.82893e-09
1.19299e-06
2.07784e-08
1.20044e-06
4.94527e-08
1.20597e-06
7.89194e-08
1.08854e-07
1.20953e-06
-7.28655e-08
3.97006e-08
-1.4782e-07
2.36135e-07
-2.1979e-07
4.53009e-07
-2.8587e-07
6.59408e-07
-3.42188e-07
8.36681e-07
-3.84557e-07
9.67009e-07
-4.09851e-07
1.0381e-06
-4.17392e-07
1.04706e-06
-4.09745e-07
1.00157e-06
-3.91748e-07
9.1582e-07
-3.68231e-07
8.03749e-07
-3.41969e-07
6.74006e-07
-3.13446e-07
5.2994e-07
-2.82512e-07
3.7365e-07
-2.50191e-07
2.09482e-07
-2.19081e-07
4.0006e-08
-1.87365e-07
-1.33594e-07
-1.54858e-07
-3.08003e-07
-1.17994e-07
-4.77412e-07
-7.83571e-08
-6.25269e-07
-4.2099e-08
-7.40131e-07
-1.58201e-08
-8.27038e-07
-1.29259e-09
-9.04912e-07
5.19064e-09
-9.87059e-07
8.72319e-09
-1.06738e-06
1.18038e-08
-1.12698e-06
1.36952e-08
-1.15047e-06
1.10714e-08
-1.13443e-06
-2.09825e-09
-1.0866e-06
-3.07992e-08
-1.02233e-06
-6.95038e-08
-9.53715e-07
-1.01636e-07
-8.70584e-07
-1.14444e-07
-7.42849e-07
-1.09486e-07
-5.52874e-07
-9.66836e-08
-3.11549e-07
-8.40972e-08
-4.32976e-08
-7.50984e-08
2.26122e-07
-6.67617e-08
4.79539e-07
-5.33287e-08
7.04864e-07
-3.04848e-08
8.8629e-07
1.96093e-09
1.01045e-06
4.0697e-08
1.0739e-06
8.12424e-08
1.0863e-06
1.20048e-07
1.06391e-06
1.55361e-07
1.02165e-06
1.86981e-07
9.69146e-07
2.1541e-07
9.10468e-07
2.41243e-07
8.46154e-07
2.64926e-07
7.75336e-07
2.86732e-07
6.97345e-07
3.06832e-07
6.12625e-07
3.25393e-07
5.22943e-07
3.42716e-07
4.30856e-07
3.59322e-07
3.38665e-07
3.75792e-07
2.47638e-07
3.9257e-07
1.58099e-07
4.10001e-07
6.99569e-08
4.28043e-07
-1.66584e-08
4.46869e-07
-1.0089e-07
4.66583e-07
-1.82544e-07
4.87064e-07
-2.60945e-07
5.08022e-07
-3.34585e-07
5.29221e-07
-4.0186e-07
5.50645e-07
-4.6179e-07
5.72593e-07
-5.14549e-07
5.95657e-07
-5.61568e-07
6.20552e-07
-6.05075e-07
6.47842e-07
-6.47177e-07
6.77664e-07
-6.88917e-07
7.09607e-07
-7.29829e-07
7.42805e-07
-7.68205e-07
7.76186e-07
-8.0186e-07
8.08739e-07
-8.28905e-07
8.39682e-07
-8.48192e-07
8.68506e-07
-8.59347e-07
8.94934e-07
-8.62559e-07
9.18847e-07
-8.58311e-07
9.40228e-07
-8.47195e-07
9.59133e-07
-8.29827e-07
9.75684e-07
-8.06852e-07
9.90069e-07
-7.78966e-07
1.00253e-06
-7.46916e-07
1.01336e-06
-7.11474e-07
1.02281e-06
-6.73373e-07
1.03111e-06
-6.33264e-07
1.0384e-06
-5.91683e-07
1.04474e-06
-5.49064e-07
1.05011e-06
-5.05751e-07
1.05444e-06
-4.62035e-07
1.05763e-06
-4.18176e-07
1.05955e-06
-3.74417e-07
1.06008e-06
-3.30998e-07
1.05915e-06
-2.8815e-07
1.05667e-06
-2.461e-07
1.0526e-06
-2.05056e-07
1.04694e-06
-1.65204e-07
1.0397e-06
-1.26706e-07
1.03092e-06
-8.97021e-08
1.02067e-06
-5.42916e-08
1.00906e-06
-2.05084e-08
9.96271e-07
1.16703e-08
9.8249e-07
4.23304e-08
9.67837e-07
7.16497e-08
9.52385e-07
9.9714e-08
9.36252e-07
1.26465e-07
9.19794e-07
1.51913e-07
9.03847e-07
1.76525e-07
8.89859e-07
2.01612e-07
8.79759e-07
2.29336e-07
8.75511e-07
2.62124e-07
8.78488e-07
3.0155e-07
8.88944e-07
3.47201e-07
9.05846e-07
3.96217e-07
9.27127e-07
4.43825e-07
9.50233e-07
4.8462e-07
9.72711e-07
5.1395e-07
9.92653e-07
5.28836e-07
1.00891e-06
5.28226e-07
1.02107e-06
5.1271e-07
1.0293e-06
4.83973e-07
1.03417e-06
4.44237e-07
1.03639e-06
3.9583e-07
1.0367e-06
3.40917e-07
1.03576e-06
2.81375e-07
1.03408e-06
2.18772e-07
1.03202e-06
1.54386e-07
1.02976e-06
8.92808e-08
1.02733e-06
2.44227e-08
1.02464e-06
-3.91302e-08
1.02146e-06
-1.00166e-07
1.01749e-06
-1.57371e-07
1.01241e-06
-2.09401e-07
1.00598e-06
-2.5501e-07
9.98065e-07
-2.93207e-07
9.88678e-07
-3.23397e-07
9.77965e-07
-3.45463e-07
9.66208e-07
-3.59762e-07
9.53782e-07
-3.67062e-07
9.41117e-07
-3.68415e-07
9.28647e-07
-3.65019e-07
9.16777e-07
-3.58087e-07
9.05849e-07
-3.48742e-07
8.96126e-07
-3.3795e-07
8.87793e-07
-3.26496e-07
8.80955e-07
-3.14977e-07
8.75656e-07
-3.03829e-07
8.71894e-07
-2.93349e-07
8.69628e-07
-2.83724e-07
8.68797e-07
-2.75054e-07
8.69324e-07
-2.67366e-07
8.71127e-07
-2.60631e-07
8.7412e-07
-2.54781e-07
8.7823e-07
-2.49726e-07
8.83405e-07
-2.45376e-07
8.89631e-07
-2.41653e-07
8.9693e-07
-2.38494e-07
9.05366e-07
-2.35842e-07
9.15021e-07
-2.33625e-07
9.25978e-07
-2.31727e-07
9.38288e-07
-2.29969e-07
9.51953e-07
-2.28107e-07
9.66906e-07
-2.25838e-07
9.83022e-07
-2.22828e-07
1.00012e-06
-2.18738e-07
1.018e-06
-2.13253e-07
1.03642e-06
-2.06099e-07
1.05515e-06
-1.97053e-07
1.07397e-06
-1.85943e-07
1.09265e-06
-1.72649e-07
1.11097e-06
-1.57098e-07
1.12871e-06
-1.39265e-07
1.14564e-06
-1.19174e-07
1.16155e-06
-9.69034e-08
1.17624e-06
-7.2586e-08
1.18951e-06
-4.63949e-08
1.20121e-06
-1.8527e-08
1.21119e-06
1.08006e-08
1.21931e-06
4.13285e-08
1.22547e-06
7.2761e-08
1.04743e-07
1.22958e-06
-5.62252e-08
9.59258e-08
-1.1423e-07
2.9414e-07
-1.67919e-07
5.06698e-07
-2.14217e-07
7.05707e-07
-2.49939e-07
8.72403e-07
-2.72196e-07
9.89267e-07
-2.79558e-07
1.04546e-06
-2.726e-07
1.0401e-06
-2.54439e-07
9.83404e-07
-2.29292e-07
8.90673e-07
-2.00541e-07
7.74998e-07
-1.69435e-07
6.429e-07
-1.36023e-07
4.96528e-07
-1.00964e-07
3.3859e-07
-6.73433e-08
1.75862e-07
-3.64117e-08
9.07444e-09
-8.6169e-09
-1.61389e-07
1.8464e-08
-3.35084e-07
4.73098e-08
-5.06257e-07
7.85961e-08
-6.56556e-07
1.06539e-07
-7.68074e-07
1.25488e-07
-8.45988e-07
1.33964e-07
-9.13389e-07
1.3476e-07
-9.87854e-07
1.31671e-07
-1.0643e-06
1.26371e-07
-1.12168e-06
1.18205e-07
-1.1423e-06
1.05633e-07
-1.12186e-06
8.58374e-08
-1.0668e-06
5.32982e-08
-9.89795e-07
5.62344e-09
-9.0604e-07
-4.55126e-08
-8.19448e-07
-8.03238e-08
-7.08038e-07
-9.16026e-08
-5.41595e-07
-8.60454e-08
-3.17106e-07
-7.15341e-08
-5.78088e-08
-5.27794e-08
2.07368e-07
-2.99239e-08
4.56684e-07
-6.27015e-10
6.75567e-07
3.66183e-08
8.49045e-07
8.07127e-08
9.66357e-07
1.28023e-07
1.02659e-06
1.7453e-07
1.0398e-06
2.17706e-07
1.02073e-06
2.5679e-07
9.82569e-07
2.92118e-07
9.33818e-07
3.24338e-07
8.78247e-07
3.53958e-07
8.16534e-07
3.81226e-07
7.48068e-07
4.06204e-07
6.72367e-07
4.28922e-07
5.89907e-07
4.49549e-07
5.02315e-07
4.68529e-07
4.11877e-07
4.86528e-07
3.20666e-07
5.04181e-07
2.29985e-07
5.21928e-07
1.40352e-07
5.40069e-07
5.18162e-08
5.58666e-07
-3.52559e-08
5.77763e-07
-1.19987e-07
5.97279e-07
-2.02059e-07
6.16885e-07
-2.80551e-07
6.36246e-07
-3.53945e-07
6.55238e-07
-4.20853e-07
6.7411e-07
-4.80662e-07
6.93507e-07
-5.33946e-07
7.14335e-07
-5.82396e-07
7.37456e-07
-6.28196e-07
7.63328e-07
-6.73049e-07
7.91753e-07
-7.17343e-07
8.21895e-07
-7.5997e-07
8.52536e-07
-7.98846e-07
8.82442e-07
-8.31766e-07
9.10636e-07
-8.57099e-07
9.36508e-07
-8.74064e-07
9.59777e-07
-8.82616e-07
9.80387e-07
-8.83169e-07
9.98411e-07
-8.76335e-07
1.01399e-06
-8.62773e-07
1.02731e-06
-8.4315e-07
1.03862e-06
-8.18163e-07
1.04822e-06
-7.8856e-07
1.05643e-06
-7.55126e-07
1.06358e-06
-7.18626e-07
1.06994e-06
-6.79739e-07
1.0757e-06
-6.39019e-07
1.08091e-06
-5.96892e-07
1.08553e-06
-5.53686e-07
1.08945e-06
-5.09669e-07
1.0925e-06
-4.65087e-07
1.09451e-06
-4.20184e-07
1.09531e-06
-3.75213e-07
1.09474e-06
-3.30435e-07
1.0927e-06
-2.86112e-07
1.08911e-06
-2.42508e-07
1.08393e-06
-1.99869e-07
1.07714e-06
-1.58419e-07
1.06879e-06
-1.18357e-07
1.05894e-06
-7.98485e-08
1.04766e-06
-4.3019e-08
1.03511e-06
-7.94932e-09
1.02147e-06
2.53042e-08
1.00699e-06
5.68143e-08
9.91845e-07
8.67918e-08
9.76188e-07
1.15372e-07
9.60128e-07
1.42525e-07
9.43899e-07
1.68141e-07
9.28094e-07
1.9233e-07
9.1387e-07
2.15836e-07
9.02959e-07
2.40247e-07
8.97361e-07
2.67722e-07
8.98776e-07
3.00135e-07
9.07993e-07
3.37984e-07
9.24543e-07
3.79668e-07
9.46772e-07
4.21596e-07
9.72291e-07
4.59101e-07
9.98554e-07
4.87687e-07
1.02336e-06
5.04026e-07
1.04517e-06
5.0642e-07
1.06314e-06
4.94739e-07
1.07707e-06
4.70039e-07
1.08722e-06
4.3409e-07
1.0941e-06
3.88953e-07
1.09832e-06
3.36692e-07
1.10049e-06
2.79204e-07
1.10111e-06
2.18155e-07
1.10053e-06
1.54969e-07
1.09894e-06
9.08716e-08
1.09637e-06
2.6986e-08
1.09275e-06
-3.55069e-08
1.08786e-06
-9.52772e-08
1.08145e-06
-1.50963e-07
1.0733e-06
-2.0125e-07
1.06327e-06
-2.44983e-07
1.05137e-06
-2.81306e-07
1.03776e-06
-3.09782e-07
1.02274e-06
-3.30442e-07
1.00674e-06
-3.43765e-07
9.90272e-07
-3.50593e-07
9.73858e-07
-3.52e-07
9.57997e-07
-3.49158e-07
9.4312e-07
-3.4321e-07
9.29565e-07
-3.35187e-07
9.17568e-07
-3.25954e-07
9.07269e-07
-3.16197e-07
8.98724e-07
-3.06432e-07
8.91925e-07
-2.9703e-07
8.8682e-07
-2.88244e-07
8.83327e-07
-2.80232e-07
8.8135e-07
-2.73077e-07
8.80784e-07
-2.66799e-07
8.81524e-07
-2.61371e-07
8.83479e-07
-2.56736e-07
8.86583e-07
-2.5283e-07
8.90808e-07
-2.49601e-07
8.9618e-07
-2.47025e-07
9.02775e-07
-2.45088e-07
9.10702e-07
-2.4377e-07
9.20082e-07
-2.43005e-07
9.31004e-07
-2.4265e-07
9.43502e-07
-2.42467e-07
9.57528e-07
-2.42133e-07
9.7296e-07
-2.4127e-07
9.89613e-07
-2.39481e-07
1.00727e-06
-2.36393e-07
1.02569e-06
-2.3168e-07
1.04467e-06
-2.25073e-07
1.06397e-06
-2.16358e-07
1.0834e-06
-2.05372e-07
1.10275e-06
-1.91992e-07
1.12179e-06
-1.76139e-07
1.1403e-06
-1.57777e-07
1.15805e-06
-1.36921e-07
1.17479e-06
-1.13646e-07
1.1903e-06
-8.80918e-08
1.20436e-06
-6.04549e-08
1.21679e-06
-3.09653e-08
1.22747e-06
1.29267e-10
1.23625e-06
3.25447e-08
1.24305e-06
6.59567e-08
1.00003e-07
1.24779e-06
-3.58769e-08
1.31803e-07
-7.37044e-08
3.31967e-07
-1.06367e-07
5.3936e-07
-1.30519e-07
7.29859e-07
-1.44121e-07
8.86005e-07
-1.45813e-07
9.90959e-07
-1.36096e-07
1.03575e-06
-1.16074e-07
1.02008e-06
-8.87717e-08
9.56102e-07
-5.7187e-08
8.59088e-07
-2.33296e-08
7.41141e-07
1.20747e-08
6.07496e-07
4.94223e-08
4.59181e-07
8.63527e-08
3.0166e-07
1.21144e-07
1.41071e-07
1.52535e-07
-2.23166e-08
1.78522e-07
-1.87376e-07
2.01755e-07
-3.58317e-07
2.25166e-07
-5.29668e-07
2.47119e-07
-6.78509e-07
2.63946e-07
-7.849e-07
2.72641e-07
-8.54683e-07
2.73364e-07
-9.14111e-07
2.68505e-07
-9.82995e-07
2.60075e-07
-1.05587e-06
2.48278e-07
-1.10988e-06
2.32e-07
-1.12602e-06
2.10213e-07
-1.10008e-06
1.82452e-07
-1.03904e-06
1.46481e-07
-9.53823e-07
9.75941e-08
-8.57153e-07
3.77763e-08
-7.5963e-07
-1.55535e-08
-6.54708e-07
-4.3927e-08
-5.13222e-07
-4.62702e-08
-3.14763e-07
-3.14092e-08
-7.26698e-08
-6.35494e-09
1.82313e-07
2.65679e-08
4.23761e-07
6.74186e-08
6.34717e-07
1.15553e-07
8.0091e-07
1.68255e-07
9.13655e-07
2.21544e-07
9.73303e-07
2.72158e-07
9.89183e-07
3.18498e-07
9.74393e-07
3.60471e-07
9.40595e-07
3.98751e-07
8.95538e-07
4.34063e-07
8.42935e-07
4.66844e-07
7.83753e-07
4.97193e-07
7.17719e-07
5.25013e-07
6.44548e-07
5.50218e-07
5.64701e-07
5.72951e-07
4.79582e-07
5.93681e-07
3.91148e-07
6.13084e-07
3.01262e-07
6.31801e-07
2.11268e-07
6.50315e-07
1.21837e-07
6.68952e-07
3.318e-08
6.8769e-07
-5.39942e-08
7.06458e-07
-1.38754e-07
7.25036e-07
-2.20638e-07
7.4304e-07
-2.98555e-07
7.60221e-07
-3.71126e-07
7.7669e-07
-4.37321e-07
7.93024e-07
-4.96996e-07
8.10193e-07
-5.51116e-07
8.29292e-07
-6.01494e-07
8.51116e-07
-6.50021e-07
8.75788e-07
-6.97721e-07
9.02629e-07
-7.44183e-07
9.30361e-07
-7.87703e-07
9.57537e-07
-8.26023e-07
9.82941e-07
-8.5717e-07
1.0058e-06
-8.79958e-07
1.02579e-06
-8.94053e-07
1.04291e-06
-8.99732e-07
1.05733e-06
-8.9759e-07
1.06931e-06
-8.88314e-07
1.07913e-06
-8.72594e-07
1.0871e-06
-8.51125e-07
1.09358e-06
-8.24645e-07
1.09897e-06
-7.93941e-07
1.10364e-06
-7.59797e-07
1.10793e-06
-7.22918e-07
1.11206e-06
-6.83869e-07
1.1161e-06
-6.43058e-07
1.11998e-06
-6.00774e-07
1.12353e-06
-5.57241e-07
1.12654e-06
-5.1267e-07
1.12874e-06
-4.67289e-07
1.12991e-06
-4.21353e-07
1.12984e-06
-3.75145e-07
1.12837e-06
-3.28963e-07
1.12537e-06
-2.83115e-07
1.12077e-06
-2.37905e-07
1.11452e-06
-1.93624e-07
1.10665e-06
-1.50543e-07
1.09719e-06
-1.08902e-07
1.08624e-06
-6.89003e-08
1.07391e-06
-3.06868e-08
1.06036e-06
5.59961e-09
1.04583e-06
3.98341e-08
1.03057e-06
7.20804e-08
1.01482e-06
1.02535e-07
9.98824e-07
1.31371e-07
9.82718e-07
1.58631e-07
9.66671e-07
1.84188e-07
9.51065e-07
2.07937e-07
9.36739e-07
2.30161e-07
9.25114e-07
2.51872e-07
9.18048e-07
2.74789e-07
9.1739e-07
3.00793e-07
9.24376e-07
3.30998e-07
9.39142e-07
3.64902e-07
9.60605e-07
4.00133e-07
9.86737e-07
4.32969e-07
1.01509e-06
4.59337e-07
1.0433e-06
4.75808e-07
1.06952e-06
4.80208e-07
1.09249e-06
4.71766e-07
1.11162e-06
4.50911e-07
1.1268e-06
4.18905e-07
1.13829e-06
3.77468e-07
1.1465e-06
3.28481e-07
1.15192e-06
2.7379e-07
1.15496e-06
2.15105e-07
1.15597e-06
1.53963e-07
1.15511e-06
9.17295e-08
1.15243e-06
2.96689e-08
1.14786e-06
-3.09366e-08
1.14126e-06
-8.86776e-08
1.13247e-06
-1.42174e-07
1.12139e-06
-1.90168e-07
1.10802e-06
-2.31615e-07
1.09253e-06
-2.6581e-07
1.07522e-06
-2.92475e-07
1.05656e-06
-3.11784e-07
1.03711e-06
-3.24318e-07
1.01748e-06
-3.30964e-07
9.98263e-07
-3.32779e-07
9.79974e-07
-3.30868e-07
9.63035e-07
-3.26272e-07
9.4775e-07
-3.19901e-07
9.34298e-07
-3.12502e-07
9.2276e-07
-3.04658e-07
9.13132e-07
-2.96803e-07
9.0535e-07
-2.89249e-07
8.99319e-07
-2.82213e-07
8.94921e-07
-2.75834e-07
8.92032e-07
-2.70188e-07
8.90532e-07
-2.65298e-07
8.9031e-07
-2.6115e-07
8.91285e-07
-2.57711e-07
8.93419e-07
-2.54963e-07
8.96731e-07
-2.52914e-07
9.01305e-07
-2.51599e-07
9.07276e-07
-2.51059e-07
9.14801e-07
-2.51295e-07
9.24015e-07
-2.52218e-07
9.34988e-07
-2.53622e-07
9.477e-07
-2.55178e-07
9.62035e-07
-2.56469e-07
9.77808e-07
-2.57042e-07
9.9479e-07
-2.56463e-07
1.01275e-06
-2.54357e-07
1.03149e-06
-2.50416e-07
1.05081e-06
-2.44397e-07
1.07056e-06
-2.361e-07
1.09054e-06
-2.25359e-07
1.11058e-06
-2.1203e-07
1.13044e-06
-1.96002e-07
1.14987e-06
-1.77209e-07
1.1686e-06
-1.55643e-07
1.18632e-06
-1.31372e-07
1.20277e-06
-1.04544e-07
1.2177e-06
-7.53849e-08
1.23091e-06
-4.41728e-08
1.24225e-06
-1.12056e-08
1.2516e-06
2.31889e-08
1.25891e-06
5.86447e-08
9.4774e-08
1.26414e-06
-1.16152e-08
1.43418e-07
-2.91632e-08
3.49515e-07
-3.91728e-08
5.4937e-07
-3.97718e-08
7.30458e-07
-3.04597e-08
8.76693e-07
-1.1991e-08
9.7249e-07
1.50784e-08
1.00868e-06
4.76045e-08
9.87551e-07
8.36536e-08
9.20053e-07
1.21725e-07
8.21016e-07
1.61003e-07
7.01864e-07
2.00825e-07
5.67673e-07
2.39509e-07
4.20497e-07
2.75901e-07
2.65268e-07
3.09571e-07
1.07401e-07
3.39269e-07
-5.2015e-08
3.64482e-07
-2.12588e-07
3.86943e-07
-3.80779e-07
4.06523e-07
-5.49248e-07
4.20012e-07
-6.91998e-07
4.24946e-07
-7.89835e-07
4.22115e-07
-8.51851e-07
4.14595e-07
-9.06592e-07
4.04644e-07
-9.73044e-07
3.91929e-07
-1.04315e-06
3.74688e-07
-1.09264e-06
3.5146e-07
-1.10279e-06
3.21738e-07
-1.07035e-06
2.86149e-07
-1.00345e-06
2.4528e-07
-9.12955e-07
1.96811e-07
-8.08685e-07
1.37762e-07
-7.00581e-07
7.5506e-08
-5.92452e-07
3.04904e-08
-4.68206e-07
1.63545e-08
-3.00627e-07
2.85622e-08
-8.48775e-08
5.75471e-08
1.53329e-07
9.80337e-08
3.83274e-07
1.47549e-07
5.85201e-07
2.0339e-07
7.4507e-07
2.61901e-07
8.55144e-07
3.19212e-07
9.15992e-07
3.7265e-07
9.35745e-07
4.21251e-07
9.25793e-07
4.65347e-07
8.965e-07
5.05822e-07
8.55063e-07
5.43475e-07
8.05282e-07
5.78718e-07
7.4851e-07
6.11576e-07
6.84861e-07
6.41853e-07
6.14271e-07
6.69372e-07
5.37182e-07
6.94198e-07
4.54756e-07
7.16723e-07
3.68623e-07
7.37546e-07
2.80438e-07
7.57269e-07
1.91545e-07
7.76371e-07
1.02735e-07
7.95115e-07
1.44354e-08
8.13415e-07
-7.22941e-08
8.31161e-07
-1.565e-07
8.48085e-07
-2.37562e-07
8.63896e-07
-3.14366e-07
8.78574e-07
-3.85805e-07
8.92554e-07
-4.51302e-07
9.06742e-07
-5.11184e-07
9.22316e-07
-5.6669e-07
9.40327e-07
-6.19505e-07
9.61232e-07
-6.70925e-07
9.84609e-07
-7.21099e-07
1.00924e-06
-7.68819e-07
1.03355e-06
-8.1201e-07
1.05608e-06
-8.48551e-07
1.07586e-06
-8.76947e-07
1.09247e-06
-8.96572e-07
1.10595e-06
-9.07531e-07
1.11657e-06
-9.10357e-07
1.12473e-06
-9.05743e-07
1.13081e-06
-8.94395e-07
1.13522e-06
-8.77005e-07
1.13838e-06
-8.54287e-07
1.14074e-06
-8.27009e-07
1.14277e-06
-7.95965e-07
1.14485e-06
-7.61882e-07
1.14727e-06
-7.25333e-07
1.1501e-06
-6.86699e-07
1.15325e-06
-6.46209e-07
1.15649e-06
-6.04017e-07
1.15952e-06
-5.60273e-07
1.16202e-06
-5.15168e-07
1.16368e-06
-4.68951e-07
1.16425e-06
-4.21917e-07
1.1635e-06
-3.74393e-07
1.16126e-06
-3.26724e-07
1.1574e-06
-2.79263e-07
1.15186e-06
-2.32363e-07
1.1446e-06
-1.86363e-07
1.13565e-06
-1.41587e-07
1.12507e-06
-9.83244e-08
1.11298e-06
-5.68095e-08
1.09952e-06
-1.72291e-08
1.08491e-06
2.02101e-08
1.06939e-06
5.53505e-08
1.05324e-06
8.82382e-08
1.03675e-06
1.19022e-07
1.02022e-06
1.47895e-07
1.00388e-06
1.74977e-07
9.87862e-07
2.00204e-07
9.72411e-07
2.23388e-07
9.58072e-07
2.44501e-07
9.459e-07
2.64043e-07
9.37468e-07
2.83221e-07
9.34577e-07
3.03684e-07
9.38738e-07
3.26837e-07
9.5063e-07
3.5301e-07
9.69803e-07
3.80959e-07
9.94759e-07
4.08014e-07
1.02333e-06
4.30764e-07
1.0532e-06
4.45945e-07
1.08227e-06
4.51128e-07
1.109e-06
4.45038e-07
1.13239e-06
4.27526e-07
1.15196e-06
3.99335e-07
1.16764e-06
3.61788e-07
1.1796e-06
3.16515e-07
1.18815e-06
2.65241e-07
1.1936e-06
2.09658e-07
1.1962e-06
1.51359e-07
1.19611e-06
9.18169e-08
1.19338e-06
3.23991e-08
1.18799e-06
-2.55435e-08
1.17988e-06
-8.05663e-08
1.16901e-06
-1.31302e-07
1.15541e-06
-1.76568e-07
1.13924e-06
-2.15451e-07
1.12083e-06
-2.47399e-07
1.10065e-06
-2.72292e-07
1.07929e-06
-2.90427e-07
1.05743e-06
-3.02456e-07
1.03574e-06
-3.09267e-07
1.01482e-06
-3.11861e-07
9.9518e-07
-3.11232e-07
9.77197e-07
-3.08289e-07
9.61102e-07
-3.03806e-07
9.47003e-07
-2.98404e-07
9.34909e-07
-2.92565e-07
9.24756e-07
-2.8665e-07
9.16433e-07
-2.80926e-07
9.09808e-07
-2.75588e-07
9.04741e-07
-2.70767e-07
9.01096e-07
-2.66543e-07
8.98751e-07
-2.62953e-07
8.9761e-07
-2.60009e-07
8.97623e-07
-2.57725e-07
8.98803e-07
-2.56143e-07
9.01234e-07
-2.55345e-07
9.0507e-07
-2.55435e-07
9.10503e-07
-2.56492e-07
9.17715e-07
-2.58507e-07
9.26824e-07
-2.61328e-07
9.37845e-07
-2.64644e-07
9.50681e-07
-2.68014e-07
9.65142e-07
-2.7093e-07
9.80996e-07
-2.72896e-07
9.98017e-07
-2.73484e-07
1.01602e-06
-2.72359e-07
1.03487e-06
-2.69263e-07
1.05445e-06
-2.63982e-07
1.07467e-06
-2.56314e-07
1.09536e-06
-2.46054e-07
1.11633e-06
-2.33002e-07
1.13731e-06
-2.16981e-07
1.15798e-06
-1.97874e-07
1.17798e-06
-1.75642e-07
1.19695e-06
-1.50344e-07
1.21456e-06
-1.22149e-07
1.2305e-06
-9.13265e-08
1.24454e-06
-5.82184e-08
1.25653e-06
-2.31943e-08
1.26636e-06
1.3356e-08
1.274e-06
5.10095e-08
8.93154e-08
1.27946e-06
1.19699e-08
1.31448e-07
1.59436e-08
3.45542e-07
2.9e-08
5.36314e-07
5.26118e-08
7.06846e-07
8.56007e-08
8.43704e-07
1.2547e-07
9.32621e-07
1.69088e-07
9.65059e-07
2.14132e-07
9.42506e-07
2.58937e-07
8.75248e-07
3.02928e-07
7.77025e-07
3.46111e-07
6.58681e-07
3.87996e-07
5.25788e-07
4.27136e-07
3.81357e-07
4.62694e-07
2.29709e-07
4.95106e-07
7.49895e-08
5.23639e-07
-8.05478e-08
5.49233e-07
-2.38182e-07
5.71933e-07
-4.03478e-07
5.87706e-07
-5.65021e-07
5.91688e-07
-6.9598e-07
5.83833e-07
-7.81979e-07
5.69569e-07
-8.37588e-07
5.54892e-07
-8.91915e-07
5.41195e-07
-9.59347e-07
5.25191e-07
-1.02715e-06
5.03006e-07
-1.07046e-06
4.73113e-07
-1.0729e-06
4.36122e-07
-1.03336e-06
3.9364e-07
-9.60971e-07
3.47637e-07
-8.66952e-07
2.98546e-07
-7.59593e-07
2.43555e-07
-6.4559e-07
1.82471e-07
-5.31368e-07
1.28051e-07
-4.13786e-07
1.00019e-07
-2.72595e-07
1.0529e-07
-9.01479e-08
1.35264e-07
1.23355e-07
1.80471e-07
3.38066e-07
2.3565e-07
5.30023e-07
2.96572e-07
6.84147e-07
3.58955e-07
7.9276e-07
4.19022e-07
8.55926e-07
4.74471e-07
8.80295e-07
5.24705e-07
8.75559e-07
5.703e-07
8.50905e-07
6.12278e-07
8.13084e-07
6.51514e-07
7.66047e-07
6.8846e-07
7.11564e-07
7.23144e-07
6.50176e-07
7.55342e-07
5.82074e-07
7.84812e-07
5.07711e-07
8.11518e-07
4.2805e-07
8.35712e-07
3.44429e-07
8.57846e-07
2.58305e-07
8.78407e-07
1.70984e-07
8.97807e-07
8.33354e-08
9.16222e-07
-3.97928e-09
9.33556e-07
-8.9629e-08
9.4973e-07
-1.72673e-07
9.64561e-07
-2.52394e-07
9.77992e-07
-3.27796e-07
9.90326e-07
-3.98139e-07
1.00233e-06
-4.63308e-07
1.01514e-06
-5.2399e-07
1.0299e-06
-5.81454e-07
1.04733e-06
-6.36935e-07
1.06729e-06
-6.90882e-07
1.08872e-06
-7.4253e-07
1.11001e-06
-7.90108e-07
1.12953e-06
-8.31534e-07
1.14613e-06
-8.65145e-07
1.15927e-06
-8.90089e-07
1.169e-06
-9.06296e-07
1.17568e-06
-9.14213e-07
1.17983e-06
-9.1451e-07
1.18199e-06
-9.07899e-07
1.18265e-06
-8.95061e-07
1.18233e-06
-8.76677e-07
1.18151e-06
-8.53476e-07
1.18075e-06
-8.2624e-07
1.18049e-06
-7.95714e-07
1.18109e-06
-7.62481e-07
1.18265e-06
-7.26893e-07
1.18506e-06
-6.89102e-07
1.18801e-06
-6.49159e-07
1.19111e-06
-6.07123e-07
1.19397e-06
-5.63134e-07
1.19622e-06
-5.17418e-07
1.19755e-06
-4.70276e-07
1.19768e-06
-4.22052e-07
1.19641e-06
-3.73117e-07
1.19354e-06
-3.23858e-07
1.18895e-06
-2.74672e-07
1.18255e-06
-2.25963e-07
1.17432e-06
-1.7813e-07
1.16428e-06
-1.31555e-07
1.15255e-06
-8.65854e-08
1.13924e-06
-4.35025e-08
1.12456e-06
-2.55345e-09
1.10879e-06
3.59883e-08
1.09216e-06
7.19761e-08
1.07498e-06
1.0542e-07
1.05759e-06
1.36414e-07
1.04033e-06
1.65146e-07
1.02351e-06
1.918e-07
1.0073e-06
2.16411e-07
9.91871e-07
2.38822e-07
9.77526e-07
2.58845e-07
9.64973e-07
2.76597e-07
9.55411e-07
2.92783e-07
9.50421e-07
3.08673e-07
9.51583e-07
3.25676e-07
9.5996e-07
3.44633e-07
9.75697e-07
3.65222e-07
9.97905e-07
3.85805e-07
1.02488e-06
4.03793e-07
1.05449e-06
4.16334e-07
1.08463e-06
4.20986e-07
1.11351e-06
4.16155e-07
1.13982e-06
4.01218e-07
1.16272e-06
3.76431e-07
1.18181e-06
3.42701e-07
1.19697e-06
3.01354e-07
1.20829e-06
2.53928e-07
1.21591e-06
2.02032e-07
1.22001e-06
1.47255e-07
1.22072e-06
9.11133e-08
1.21808e-06
3.50368e-08
1.21213e-06
-1.95908e-08
1.20289e-06
-7.13323e-08
1.19046e-06
-1.18865e-07
1.175e-06
-1.61107e-07
1.15683e-06
-1.97285e-07
1.13644e-06
-2.27007e-07
1.11444e-06
-2.50291e-07
1.09154e-06
-2.67529e-07
1.06848e-06
-2.79395e-07
1.04594e-06
-2.86733e-07
1.02452e-06
-2.90435e-07
1.00464e-06
-2.91358e-07
9.86612e-07
-2.90257e-07
9.70567e-07
-2.87761e-07
9.56537e-07
-2.84373e-07
9.44461e-07
-2.80489e-07
9.34224e-07
-2.76413e-07
9.25682e-07
-2.72384e-07
9.18684e-07
-2.6859e-07
9.13083e-07
-2.65167e-07
9.0875e-07
-2.6221e-07
9.05582e-07
-2.59784e-07
9.03518e-07
-2.57945e-07
9.02562e-07
-2.56768e-07
9.02795e-07
-2.56376e-07
9.04382e-07
-2.56932e-07
9.07544e-07
-2.58597e-07
9.1251e-07
-2.61458e-07
9.19454e-07
-2.65451e-07
9.28439e-07
-2.70313e-07
9.39394e-07
-2.75599e-07
9.52134e-07
-2.80754e-07
9.66419e-07
-2.85215e-07
9.82022e-07
-2.88499e-07
9.98784e-07
-2.90247e-07
1.01663e-06
-2.90204e-07
1.03554e-06
-2.8817e-07
1.05549e-06
-2.83938e-07
1.07643e-06
-2.77254e-07
1.0982e-06
-2.6782e-07
1.12052e-06
-2.55328e-07
1.14305e-06
-2.39507e-07
1.16534e-06
-2.2017e-07
1.18696e-06
-1.97255e-07
1.20744e-06
-1.70831e-07
1.2264e-06
-1.41105e-07
1.24348e-06
-1.0841e-07
1.25844e-06
-7.31706e-08
1.27109e-06
-3.58458e-08
1.28135e-06
3.09922e-09
1.28918e-06
4.31728e-08
8.38413e-08
1.29466e-06
3.28202e-08
9.86278e-08
5.83177e-08
3.20044e-07
9.35019e-08
5.01129e-07
1.41505e-07
6.58843e-07
1.98714e-07
7.86495e-07
2.60287e-07
8.71048e-07
3.21758e-07
9.03588e-07
3.80014e-07
8.84251e-07
4.33865e-07
8.21397e-07
4.83689e-07
7.27201e-07
5.30316e-07
6.12055e-07
5.73814e-07
4.8229e-07
6.13434e-07
3.41737e-07
6.48866e-07
1.94277e-07
6.80251e-07
4.36039e-08
7.08177e-07
-1.08473e-07
7.34086e-07
-2.64091e-07
7.55235e-07
-4.24628e-07
7.64e-07
-5.73786e-07
7.5572e-07
-6.877e-07
7.34682e-07
-7.60941e-07
7.11075e-07
-8.1398e-07
6.9212e-07
-8.7296e-07
6.76559e-07
-9.43787e-07
6.57767e-07
-1.00835e-06
6.30418e-07
-1.04311e-06
5.93557e-07
-1.03604e-06
5.49348e-07
-9.89155e-07
5.00693e-07
-9.12316e-07
4.50212e-07
-8.16471e-07
3.99854e-07
-7.09235e-07
3.48954e-07
-5.94689e-07
2.94738e-07
-4.77152e-07
2.40789e-07
-3.59837e-07
2.03053e-07
-2.3486e-07
1.97323e-07
-8.44182e-08
2.23087e-07
9.75914e-08
2.69411e-07
2.91743e-07
3.27637e-07
4.71797e-07
3.91731e-07
6.20053e-07
4.56749e-07
7.27742e-07
5.18863e-07
7.93813e-07
5.75921e-07
8.23237e-07
6.27463e-07
8.24016e-07
6.74161e-07
8.04207e-07
7.17106e-07
7.70139e-07
7.57254e-07
7.25898e-07
7.95149e-07
6.73669e-07
8.30897e-07
6.14428e-07
8.64312e-07
5.48659e-07
8.95133e-07
4.7689e-07
9.23231e-07
3.99952e-07
9.48696e-07
3.18964e-07
9.71795e-07
2.35206e-07
9.92865e-07
1.49914e-07
1.01221e-06
6.39861e-08
1.02994e-06
-2.17045e-08
1.046e-06
-1.05685e-07
1.06041e-06
-1.87084e-07
1.07319e-06
-2.6518e-07
1.08461e-06
-3.39211e-07
1.09528e-06
-4.08815e-07
1.10622e-06
-4.74244e-07
1.11854e-06
-5.36312e-07
1.13308e-06
-5.95989e-07
1.14991e-06
-6.53765e-07
1.16818e-06
-7.09157e-07
1.18635e-06
-7.60704e-07
1.20273e-06
-8.06484e-07
1.21601e-06
-8.4481e-07
1.22556e-06
-8.74704e-07
1.23143e-06
-8.9596e-07
1.23407e-06
-9.08935e-07
1.23412e-06
-9.14259e-07
1.23224e-06
-9.12627e-07
1.22904e-06
-9.04704e-07
1.22511e-06
-8.91129e-07
1.22101e-06
-8.72578e-07
1.21733e-06
-8.49793e-07
1.21461e-06
-8.23526e-07
1.21328e-06
-7.94378e-07
1.21347e-06
-7.62678e-07
1.21507e-06
-7.28485e-07
1.21768e-06
-6.9172e-07
1.22085e-06
-6.52321e-07
1.22407e-06
-6.10352e-07
1.22695e-06
-5.66014e-07
1.22914e-06
-5.19605e-07
1.23034e-06
-4.71477e-07
1.23029e-06
-4.22002e-07
1.22875e-06
-3.7157e-07
1.22549e-06
-3.20597e-07
1.22034e-06
-2.69526e-07
1.2132e-06
-2.18822e-07
1.20403e-06
-1.68965e-07
1.1929e-06
-1.20419e-07
1.17991e-06
-7.35957e-08
1.16525e-06
-2.88459e-08
1.1492e-06
1.34927e-08
1.13208e-06
5.31091e-08
1.11417e-06
8.989e-08
1.09579e-06
1.23804e-07
1.0773e-06
1.54897e-07
1.05911e-06
1.83338e-07
1.04156e-06
2.0935e-07
1.0249e-06
2.33075e-07
1.00927e-06
2.54453e-07
9.94834e-07
2.73276e-07
9.82003e-07
2.89428e-07
9.71586e-07
3.03199e-07
9.64828e-07
3.15432e-07
9.63179e-07
3.27325e-07
9.6788e-07
3.39931e-07
9.79533e-07
3.5357e-07
9.97842e-07
3.67496e-07
1.02165e-06
3.79986e-07
1.04921e-06
3.88778e-07
1.07854e-06
3.91654e-07
1.10778e-06
3.86908e-07
1.13541e-06
3.73595e-07
1.16028e-06
3.51558e-07
1.18168e-06
3.21305e-07
1.1992e-06
2.83834e-07
1.21268e-06
2.40447e-07
1.2221e-06
1.92607e-07
1.22753e-06
1.41829e-07
1.22903e-06
8.96139e-08
1.22666e-06
3.7402e-08
1.2205e-06
-1.34264e-08
1.21065e-06
-6.14851e-08
1.19732e-06
-1.05532e-07
1.18082e-06
-1.4461e-07
1.16163e-06
-1.78097e-07
1.14038e-06
-2.05752e-07
1.11779e-06
-2.27702e-07
1.09464e-06
-2.44383e-07
1.07169e-06
-2.5644e-07
1.04957e-06
-2.64618e-07
1.0288e-06
-2.69666e-07
1.00972e-06
-2.72276e-07
9.9251e-07
-2.73047e-07
9.77225e-07
-2.72475e-07
9.63814e-07
-2.70962e-07
9.52163e-07
-2.68838e-07
9.42126e-07
-2.66376e-07
9.33546e-07
-2.63804e-07
9.26272e-07
-2.61316e-07
9.20173e-07
-2.59067e-07
9.15144e-07
-2.57181e-07
9.11122e-07
-2.55762e-07
9.08102e-07
-2.54925e-07
9.0616e-07
-2.54826e-07
9.05462e-07
-2.55678e-07
9.0625e-07
-2.5772e-07
9.08795e-07
-2.61142e-07
9.13331e-07
-2.65994e-07
9.1998e-07
-2.72099e-07
9.28711e-07
-2.79044e-07
9.39354e-07
-2.86242e-07
9.51659e-07
-2.93059e-07
9.65391e-07
-2.98947e-07
9.80409e-07
-3.03516e-07
9.96697e-07
-3.06534e-07
1.01434e-06
-3.07849e-07
1.03346e-06
-3.07288e-07
1.05411e-06
-3.04587e-07
1.07621e-06
-2.9936e-07
1.09954e-06
-2.91147e-07
1.1237e-06
-2.79484e-07
1.14818e-06
-2.63986e-07
1.17242e-06
-2.44414e-07
1.19587e-06
-2.20701e-07
1.218e-06
-1.92962e-07
1.23836e-06
-1.61473e-07
1.25661e-06
-1.26653e-07
1.27246e-06
-8.90238e-08
1.28576e-06
-4.91434e-08
1.29642e-06
-7.56039e-09
1.30443e-06
3.51599e-08
7.84144e-08
1.30986e-06
4.38988e-08
5.4729e-08
9.14503e-08
2.72493e-07
1.48881e-07
4.43699e-07
2.20893e-07
5.86831e-07
3.02504e-07
7.04884e-07
3.86645e-07
7.86907e-07
4.67193e-07
8.2304e-07
5.40322e-07
8.11122e-07
6.04844e-07
7.56875e-07
6.61666e-07
6.70378e-07
7.12344e-07
5.61376e-07
7.57813e-07
4.36822e-07
7.98251e-07
3.01299e-07
8.33659e-07
1.58869e-07
8.64588e-07
1.26747e-08
8.92314e-07
-1.362e-07
9.16855e-07
-2.88632e-07
9.31674e-07
-4.39447e-07
9.27883e-07
-5.69994e-07
9.04704e-07
-6.64522e-07
8.72479e-07
-7.28716e-07
8.44414e-07
-7.85915e-07
8.25425e-07
-8.53971e-07
8.09541e-07
-9.27902e-07
7.87331e-07
-9.86145e-07
7.53618e-07
-1.0094e-06
7.09054e-07
-9.91475e-07
6.57564e-07
-9.37664e-07
6.03326e-07
-8.58077e-07
5.49347e-07
-7.62493e-07
4.97798e-07
-6.57686e-07
4.49698e-07
-5.46589e-07
4.03306e-07
-4.30761e-07
3.56993e-07
-3.13523e-07
3.17883e-07
-1.95749e-07
3.01917e-07
-6.84524e-08
3.1847e-07
8.10381e-08
3.61383e-07
2.48829e-07
4.19905e-07
4.13275e-07
4.8563e-07
5.54328e-07
5.52522e-07
6.6085e-07
6.16418e-07
7.29918e-07
6.75062e-07
7.64592e-07
7.27928e-07
7.71151e-07
7.75637e-07
7.56499e-07
8.19282e-07
7.26494e-07
8.59886e-07
6.85294e-07
8.98113e-07
6.35443e-07
9.34199e-07
5.78342e-07
9.68062e-07
5.14796e-07
9.99478e-07
4.45474e-07
1.02826e-06
3.71166e-07
1.05438e-06
2.9285e-07
1.07792e-06
2.11666e-07
1.09908e-06
1.28752e-07
1.11806e-06
4.50037e-08
1.13491e-06
-3.85541e-08
1.14969e-06
-1.20461e-07
1.16258e-06
-1.99979e-07
1.17387e-06
-2.76464e-07
1.18408e-06
-3.49429e-07
1.19409e-06
-4.18816e-07
1.20488e-06
-4.85035e-07
1.21727e-06
-5.4871e-07
1.23148e-06
-6.10191e-07
1.24681e-06
-6.691e-07
1.26187e-06
-7.24211e-07
1.27497e-06
-7.73809e-07
1.28478e-06
-8.16294e-07
1.29063e-06
-8.50661e-07
1.29257e-06
-8.76636e-07
1.29111e-06
-8.94505e-07
1.28702e-06
-9.04842e-07
1.28106e-06
-9.08306e-07
1.27397e-06
-9.05535e-07
1.26639e-06
-8.97126e-07
1.25895e-06
-8.83687e-07
1.25228e-06
-8.65901e-07
1.24699e-06
-8.44503e-07
1.24358e-06
-8.20119e-07
1.24227e-06
-7.93072e-07
1.24293e-06
-7.63332e-07
1.2451e-06
-7.30659e-07
1.24822e-06
-6.94839e-07
1.25174e-06
-6.5584e-07
1.25522e-06
-6.13838e-07
1.25835e-06
-5.69136e-07
1.26082e-06
-5.2208e-07
1.26236e-06
-4.73012e-07
1.26263e-06
-4.22273e-07
1.2613e-06
-3.70238e-07
1.25804e-06
-3.17345e-07
1.25262e-06
-2.641e-07
1.24487e-06
-2.11073e-07
1.23477e-06
-1.58863e-07
1.22239e-06
-1.08046e-07
1.20793e-06
-5.9129e-08
1.19164e-06
-1.25627e-08
1.17393e-06
3.12086e-08
1.15515e-06
7.18911e-08
1.13564e-06
1.09395e-07
1.11578e-06
1.43665e-07
1.09595e-06
1.74727e-07
1.07656e-06
2.02726e-07
1.05801e-06
2.27903e-07
1.0406e-06
2.50487e-07
1.0245e-06
2.70552e-07
1.00981e-06
2.87964e-07
9.96715e-07
3.02523e-07
9.85677e-07
3.14237e-07
9.77558e-07
3.23551e-07
9.73535e-07
3.31348e-07
9.74819e-07
3.38646e-07
9.82271e-07
3.46118e-07
9.96076e-07
3.53691e-07
1.01563e-06
3.60431e-07
1.03966e-06
3.6475e-07
1.06648e-06
3.64833e-07
1.09432e-06
3.59066e-07
1.12156e-06
3.46355e-07
1.14688e-06
3.26244e-07
1.16928e-06
2.98901e-07
1.18811e-06
2.65e-07
1.20298e-06
2.25579e-07
1.21369e-06
1.81903e-07
1.22016e-06
1.35355e-07
1.22242e-06
8.73595e-08
1.2205e-06
3.93189e-08
1.2145e-06
-7.43054e-09
1.20462e-06
-5.15991e-08
1.19115e-06
-9.20653e-08
1.17456e-06
-1.28019e-07
1.15545e-06
-1.58992e-07
1.13457e-06
-1.84866e-07
1.1127e-06
-2.05831e-07
1.09062e-06
-2.22309e-07
1.06904e-06
-2.34857e-07
1.0485e-06
-2.44078e-07
1.02939e-06
-2.50554e-07
1.01193e-06
-2.54813e-07
9.96188e-07
-2.57308e-07
9.82141e-07
-2.58428e-07
9.69682e-07
-2.58503e-07
9.58667e-07
-2.57824e-07
9.48943e-07
-2.56651e-07
9.40363e-07
-2.55224e-07
9.32799e-07
-2.53753e-07
9.26155e-07
-2.52423e-07
9.20368e-07
-2.51395e-07
9.15434e-07
-2.50828e-07
9.11421e-07
-2.50912e-07
9.08489e-07
-2.51895e-07
9.0689e-07
-2.54079e-07
9.06926e-07
-2.57756e-07
9.08888e-07
-2.63104e-07
9.12965e-07
-2.70071e-07
9.19185e-07
-2.78319e-07
9.27403e-07
-2.87262e-07
9.37363e-07
-2.96202e-07
9.4881e-07
-3.04506e-07
9.616e-07
-3.11737e-07
9.7577e-07
-3.17686e-07
9.91519e-07
-3.22283e-07
1.00912e-06
-3.25453e-07
1.02881e-06
-3.26972e-07
1.05063e-06
-3.26409e-07
1.07442e-06
-3.23149e-07
1.09977e-06
-3.16501e-07
1.12611e-06
-3.05823e-07
1.15276e-06
-2.90635e-07
1.17903e-06
-2.7068e-07
1.20426e-06
-2.45938e-07
1.22791e-06
-2.16613e-07
1.24953e-06
-1.83087e-07
1.26876e-06
-1.45886e-07
1.28537e-06
-1.05637e-07
1.29923e-06
-6.29948e-08
1.31026e-06
-1.85921e-08
1.31848e-06
2.69386e-08
7.29529e-08
1.32394e-06
3.79474e-08
1.67815e-08
1.05832e-07
2.04608e-07
1.88185e-07
3.61346e-07
2.84515e-07
4.90501e-07
3.90081e-07
5.99319e-07
4.97041e-07
6.79947e-07
5.98e-07
7.2208e-07
6.88162e-07
7.2096e-07
7.6587e-07
6.79167e-07
8.32002e-07
6.04246e-07
8.88522e-07
5.04856e-07
9.37194e-07
3.8815e-07
9.79071e-07
2.59421e-07
1.01471e-06
1.23231e-07
1.04509e-06
-1.77024e-08
1.07099e-06
-1.62101e-07
1.08901e-06
-3.06651e-07
1.09011e-06
-4.4055e-07
1.06889e-06
-5.48774e-07
1.0322e-06
-6.27837e-07
9.95612e-07
-6.92124e-07
9.70554e-07
-7.60857e-07
9.55297e-07
-8.38714e-07
9.38692e-07
-9.11297e-07
9.10758e-07
-9.58211e-07
8.6865e-07
-9.67289e-07
8.15577e-07
-9.38402e-07
7.57075e-07
-8.79162e-07
6.98118e-07
-7.99121e-07
6.41867e-07
-7.06242e-07
5.90061e-07
-6.0588e-07
5.43988e-07
-5.00516e-07
5.03675e-07
-3.90448e-07
4.66944e-07
-2.76793e-07
4.34029e-07
-1.62835e-07
4.13979e-07
-4.84019e-08
4.20004e-07
7.50132e-08
4.54768e-07
2.14065e-07
5.09933e-07
3.5811e-07
5.75406e-07
4.88855e-07
6.43481e-07
5.92775e-07
7.09124e-07
6.64275e-07
7.69628e-07
7.04088e-07
8.24166e-07
7.16613e-07
8.73158e-07
7.07507e-07
9.17606e-07
6.82046e-07
9.58561e-07
6.44339e-07
9.968e-07
5.97204e-07
1.03272e-06
5.42419e-07
1.0664e-06
4.81123e-07
1.09769e-06
4.14177e-07
1.12644e-06
3.42415e-07
1.15254e-06
2.66754e-07
1.17597e-06
1.88236e-07
1.19683e-06
1.07893e-07
1.21525e-06
2.65857e-08
1.23125e-06
-5.45563e-08
1.24505e-06
-1.34263e-07
1.25701e-06
-2.11935e-07
1.2676e-06
-2.87058e-07
1.27754e-06
-3.59371e-07
1.28768e-06
-4.28952e-07
1.29872e-06
-4.96077e-07
1.31088e-06
-5.60867e-07
1.32359e-06
-6.22908e-07
1.33561e-06
-6.81114e-07
1.34537e-06
-7.33968e-07
1.35158e-06
-7.8002e-07
1.35361e-06
-8.18328e-07
1.35156e-06
-8.48608e-07
1.34602e-06
-8.71103e-07
1.33785e-06
-8.86332e-07
1.32791e-06
-8.94898e-07
1.31699e-06
-8.9739e-07
1.30582e-06
-8.94366e-07
1.29506e-06
-8.86367e-07
1.28537e-06
-8.73997e-07
1.27742e-06
-8.57951e-07
1.2718e-06
-8.38879e-07
1.26881e-06
-8.17127e-07
1.26833e-06
-7.92596e-07
1.26987e-06
-7.64871e-07
1.27276e-06
-7.33546e-07
1.2764e-06
-6.9848e-07
1.28039e-06
-6.59833e-07
1.28449e-06
-6.1794e-07
1.2885e-06
-5.7314e-07
1.29212e-06
-5.257e-07
1.29494e-06
-4.75834e-07
1.29645e-06
-4.23783e-07
1.2961e-06
-3.69894e-07
1.29341e-06
-3.14655e-07
1.28802e-06
-2.58703e-07
1.27972e-06
-2.02777e-07
1.26852e-06
-1.47661e-07
1.25456e-06
-9.40917e-08
1.23815e-06
-4.27182e-08
1.21972e-06
5.87292e-09
1.19977e-06
5.11554e-08
1.17876e-06
9.28973e-08
1.15714e-06
1.31016e-07
1.13533e-06
1.65474e-07
1.11375e-06
1.9631e-07
1.09281e-06
2.23665e-07
1.07293e-06
2.47789e-07
1.05444e-06
2.68978e-07
1.03756e-06
2.87431e-07
1.02237e-06
3.03152e-07
1.00892e-06
3.15973e-07
9.97397e-07
3.25758e-07
9.88296e-07
3.32652e-07
9.82445e-07
3.37199e-07
9.80862e-07
3.40229e-07
9.8446e-07
3.42521e-07
9.93728e-07
3.44422e-07
1.00853e-06
3.45629e-07
1.02808e-06
3.45202e-07
1.05109e-06
3.41823e-07
1.07602e-06
3.34137e-07
1.10131e-06
3.21066e-07
1.12555e-06
3.01997e-07
1.14761e-06
2.76841e-07
1.16663e-06
2.45986e-07
1.182e-06
2.10205e-07
1.19337e-06
1.70535e-07
1.20054e-06
1.28185e-07
1.20345e-06
8.44512e-08
1.20212e-06
4.06481e-08
1.19666e-06
-1.97321e-09
1.18733e-06
-4.22672e-08
1.17454e-06
-7.92708e-08
1.15885e-06
-1.12332e-07
1.14098e-06
-1.41119e-07
1.1217e-06
-1.65589e-07
1.1018e-06
-1.85935e-07
1.082e-06
-2.02504e-07
1.06286e-06
-2.15717e-07
1.04479e-06
-2.26014e-07
1.02805e-06
-2.3381e-07
1.01273e-06
-2.39489e-07
9.9881e-07
-2.43391e-07
9.86211e-07
-2.4583e-07
9.74802e-07
-2.47094e-07
9.64439e-07
-2.47461e-07
9.54987e-07
-2.472e-07
9.46332e-07
-2.46568e-07
9.38387e-07
-2.45808e-07
9.31103e-07
-2.45139e-07
9.24479e-07
-2.4477e-07
9.18579e-07
-2.44928e-07
9.13555e-07
-2.45888e-07
9.09653e-07
-2.47993e-07
9.07194e-07
-2.51619e-07
9.06512e-07
-2.57074e-07
9.07867e-07
-2.64459e-07
9.11356e-07
-2.73561e-07
9.16881e-07
-2.83844e-07
9.24189e-07
-2.9457e-07
9.32995e-07
-3.05008e-07
9.43129e-07
-3.1464e-07
9.54648e-07
-3.23256e-07
9.67851e-07
-3.30889e-07
9.8319e-07
-3.37623e-07
1.0011e-06
-3.43367e-07
1.02184e-06
-3.47711e-07
1.04535e-06
-3.49919e-07
1.07126e-06
-3.49052e-07
1.09891e-06
-3.44151e-07
1.1275e-06
-3.34422e-07
1.15621e-06
-3.19341e-07
1.18423e-06
-2.98704e-07
1.2109e-06
-2.72603e-07
1.23566e-06
-2.41376e-07
1.25812e-06
-2.05543e-07
1.27798e-06
-1.65751e-07
1.29508e-06
-1.22728e-07
1.3093e-06
-7.72173e-08
1.32063e-06
-2.99219e-08
1.32909e-06
1.84724e-08
6.73036e-08
1.33474e-06
8.56124e-09
8.22028e-09
9.13711e-08
1.21798e-07
2.03281e-07
2.49436e-07
3.26655e-07
3.67128e-07
4.55709e-07
4.70264e-07
5.84064e-07
5.51591e-07
7.04842e-07
6.01302e-07
8.12904e-07
6.12899e-07
9.05859e-07
5.86211e-07
9.83902e-07
5.26204e-07
1.04878e-06
4.3998e-07
1.10257e-06
3.34357e-07
1.14679e-06
2.15197e-07
1.18254e-06
8.74856e-08
1.21089e-06
-4.60474e-08
1.23008e-06
-1.81293e-07
1.2336e-06
-3.1017e-07
1.21517e-06
-4.22119e-07
1.17843e-06
-5.12036e-07
1.13802e-06
-5.87433e-07
1.10882e-06
-6.62917e-07
1.0936e-06
-7.45641e-07
1.08208e-06
-8.27195e-07
1.06099e-06
-8.90199e-07
1.0235e-06
-9.20723e-07
9.70946e-07
-9.14738e-07
9.09218e-07
-8.76673e-07
8.44788e-07
-8.14732e-07
7.8259e-07
-7.36922e-07
7.25488e-07
-6.4914e-07
6.74691e-07
-5.55083e-07
6.30898e-07
-4.56723e-07
5.94834e-07
-3.54384e-07
5.65878e-07
-2.47837e-07
5.42106e-07
-1.39062e-07
5.25313e-07
-3.1609e-08
5.24862e-07
7.54641e-08
5.49332e-07
1.89595e-07
5.97015e-07
3.10427e-07
6.59274e-07
4.26596e-07
7.27174e-07
5.24875e-07
7.943e-07
5.97149e-07
8.56987e-07
6.414e-07
9.13771e-07
6.59829e-07
9.64657e-07
6.56621e-07
1.01042e-06
6.36279e-07
1.05207e-06
6.02695e-07
1.09044e-06
5.58828e-07
1.12611e-06
5.06757e-07
1.1593e-06
4.47928e-07
1.19005e-06
3.83429e-07
1.21826e-06
3.14199e-07
1.24385e-06
2.41165e-07
1.26678e-06
1.65312e-07
1.28709e-06
8.75815e-08
1.30488e-06
8.7947e-09
1.32025e-06
-6.99221e-08
1.33352e-06
-1.47538e-07
1.34516e-06
-2.23571e-07
1.35573e-06
-2.9763e-07
1.3659e-06
-3.69547e-07
1.37624e-06
-4.39284e-07
1.38686e-06
-5.06705e-07
1.39728e-06
-5.71284e-07
1.40637e-06
-6.31993e-07
1.41274e-06
-6.87485e-07
1.41526e-06
-7.3649e-07
1.41342e-06
-7.78182e-07
1.40741e-06
-8.12317e-07
1.39792e-06
-8.39115e-07
1.38585e-06
-8.59039e-07
1.37214e-06
-8.72615e-07
1.35761e-06
-8.80367e-07
1.34302e-06
-8.82801e-07
1.32906e-06
-8.80412e-07
1.31642e-06
-8.73721e-07
1.30578e-06
-8.63356e-07
1.2978e-06
-8.49977e-07
1.29291e-06
-8.33988e-07
1.29105e-06
-8.15269e-07
1.29169e-06
-7.93235e-07
1.29407e-06
-7.67252e-07
1.29757e-06
-7.37045e-07
1.30188e-06
-7.02792e-07
1.30696e-06
-6.6491e-07
1.31277e-06
-6.23753e-07
1.3191e-06
-5.79467e-07
1.32544e-06
-5.32033e-07
1.33102e-06
-4.81422e-07
1.335e-06
-4.27761e-07
1.33653e-06
-3.71424e-07
1.33493e-06
-3.13054e-07
1.32974e-06
-2.5351e-07
1.32076e-06
-1.93797e-07
1.30805e-06
-1.34954e-07
1.2919e-06
-7.79435e-08
1.2728e-06
-2.36132e-08
1.25139e-06
2.72837e-08
1.22833e-06
7.42162e-08
1.20422e-06
1.17001e-07
1.17966e-06
1.55574e-07
1.15517e-06
1.89965e-07
1.13121e-06
2.20274e-07
1.10819e-06
2.46681e-07
1.08653e-06
2.69457e-07
1.06656e-06
2.88947e-07
1.04853e-06
3.05462e-07
1.03252e-06
3.19154e-07
1.01853e-06
3.29968e-07
1.00654e-06
3.37749e-07
9.96732e-07
3.42456e-07
9.89583e-07
3.44349e-07
9.85813e-07
3.43999e-07
9.86218e-07
3.42115e-07
9.91403e-07
3.39237e-07
1.00154e-06
3.35488e-07
1.01628e-06
3.30468e-07
1.03474e-06
3.23361e-07
1.05571e-06
3.13165e-07
1.07782e-06
2.98957e-07
1.09972e-06
2.80099e-07
1.12021e-06
2.56347e-07
1.13833e-06
2.27871e-07
1.15333e-06
1.952e-07
1.16472e-06
1.59145e-07
1.17219e-06
1.20715e-07
1.1756e-06
8.10403e-08
1.17495e-06
4.12962e-08
1.17038e-06
2.60128e-09
1.16219e-06
-3.40768e-08
1.15087e-06
-6.79559e-08
1.13707e-06
-9.85317e-08
1.12152e-06
-1.25563e-07
1.10495e-06
-1.49025e-07
1.08807e-06
-1.6905e-07
1.07143e-06
-1.85863e-07
1.05544e-06
-1.99732e-07
1.04036e-06
-2.10937e-07
1.02631e-06
-2.19759e-07
1.01329e-06
-2.26468e-07
1.00124e-06
-2.31335e-07
9.90035e-07
-2.34629e-07
9.79569e-07
-2.36628e-07
9.69722e-07
-2.37614e-07
9.60397e-07
-2.37875e-07
9.51527e-07
-2.37698e-07
9.43077e-07
-2.37358e-07
9.35057e-07
-2.37119e-07
9.27532e-07
-2.37246e-07
9.20645e-07
-2.38041e-07
9.14628e-07
-2.39871e-07
9.098e-07
-2.43165e-07
9.0652e-07
-2.4834e-07
9.05108e-07
-2.55662e-07
9.05738e-07
-2.65089e-07
9.08378e-07
-2.762e-07
9.12796e-07
-2.88262e-07
9.18679e-07
-3.00453e-07
9.25804e-07
-3.12133e-07
9.34205e-07
-3.23041e-07
9.44245e-07
-3.33296e-07
9.56544e-07
-3.43189e-07
9.7179e-07
-3.52869e-07
9.90492e-07
-3.62068e-07
1.01279e-06
-3.70008e-07
1.03838e-06
-3.75511e-07
1.06658e-06
-3.77254e-07
1.09647e-06
-3.74037e-07
1.12703e-06
-3.64982e-07
1.15731e-06
-3.49622e-07
1.18649e-06
-3.27887e-07
1.21393e-06
-3.00045e-07
1.23917e-06
-2.66611e-07
1.26188e-06
-2.28257e-07
1.28188e-06
-1.85753e-07
1.29907e-06
-1.39916e-07
1.31341e-06
-9.15573e-08
1.32492e-06
-4.14292e-08
1.33364e-06
9.74934e-09
6.13109e-08
1.33964e-06
-4.79262e-08
5.61464e-08
4.0604e-08
3.32677e-08
1.81378e-07
1.08662e-07
3.35541e-07
2.12964e-07
4.91438e-07
3.14367e-07
6.41592e-07
4.01437e-07
7.80689e-07
4.62205e-07
9.05067e-07
4.8852e-07
1.01261e-06
4.78665e-07
1.10297e-06
4.35852e-07
1.17723e-06
3.65718e-07
1.23701e-06
2.74575e-07
1.28373e-06
1.68474e-07
1.31855e-06
5.26709e-08
1.34075e-06
-6.82551e-08
1.34596e-06
-1.86499e-07
1.33037e-06
-2.94575e-07
1.29753e-06
-3.89286e-07
1.2606e-06
-4.751e-07
1.2342e-06
-5.61035e-07
1.22273e-06
-6.51449e-07
1.21704e-06
-7.39953e-07
1.20271e-06
-8.12864e-07
1.17041e-06
-8.57894e-07
1.11961e-06
-8.6993e-07
1.05599e-06
-8.51117e-07
9.86995e-07
-8.07677e-07
9.18863e-07
-7.46601e-07
8.55618e-07
-6.73678e-07
7.99334e-07
-5.92856e-07
7.50727e-07
-5.06475e-07
7.09914e-07
-4.1591e-07
6.77348e-07
-3.21818e-07
6.53567e-07
-2.24056e-07
6.37604e-07
-1.23099e-07
6.27938e-07
-2.19428e-08
6.27445e-07
7.59566e-08
6.44038e-07
1.73002e-07
6.81914e-07
2.72552e-07
7.37327e-07
3.71183e-07
8.0241e-07
4.59791e-07
8.69782e-07
5.29777e-07
9.34471e-07
5.76711e-07
9.93948e-07
6.00352e-07
1.04748e-06
6.03089e-07
1.0954e-06
5.88358e-07
1.1385e-06
5.59593e-07
1.17763e-06
5.19702e-07
1.21345e-06
4.70941e-07
1.24637e-06
4.15006e-07
1.27659e-06
3.53205e-07
1.30417e-06
2.86619e-07
1.3291e-06
2.16234e-07
1.35139e-06
1.43021e-07
1.37111e-06
6.78629e-08
1.38836e-06
-8.45123e-09
1.40331e-06
-8.48734e-08
1.41635e-06
-1.60581e-07
1.42794e-06
-2.35159e-07
1.43856e-06
-3.08249e-07
1.44857e-06
-3.79561e-07
1.458e-06
-4.48711e-07
1.46633e-06
-5.15037e-07
1.47258e-06
-5.77527e-07
1.47556e-06
-6.3498e-07
1.47439e-06
-6.8631e-07
1.46874e-06
-7.30838e-07
1.45893e-06
-7.68381e-07
1.44576e-06
-7.99143e-07
1.43016e-06
-8.23517e-07
1.41306e-06
-8.41938e-07
1.39529e-06
-8.5484e-07
1.3776e-06
-8.62675e-07
1.36069e-06
-8.65897e-07
1.34525e-06
-8.64969e-07
1.33196e-06
-8.60436e-07
1.32155e-06
-8.52939e-07
1.31454e-06
-8.42967e-07
1.311e-06
-8.30454e-07
1.31042e-06
-8.14684e-07
1.31195e-06
-7.94764e-07
1.31494e-06
-7.70251e-07
1.31928e-06
-7.41378e-07
1.32522e-06
-7.08732e-07
1.33305e-06
-6.72747e-07
1.34272e-06
-6.33413e-07
1.35359e-06
-5.90342e-07
1.36462e-06
-5.4306e-07
1.37451e-06
-4.91311e-07
1.38198e-06
-4.3523e-07
1.38594e-06
-3.75384e-07
1.38559e-06
-3.12705e-07
1.38046e-06
-2.48385e-07
1.37042e-06
-1.83756e-07
1.35564e-06
-1.20171e-07
1.33657e-06
-5.88725e-08
1.31391e-06
-9.55948e-10
1.28853e-06
5.2666e-08
1.26126e-06
1.01479e-07
1.23296e-06
1.45304e-07
1.2044e-06
1.84135e-07
1.17625e-06
2.1812e-07
1.14904e-06
2.47482e-07
1.12322e-06
2.72498e-07
1.09917e-06
2.93505e-07
1.07722e-06
3.109e-07
1.0576e-06
3.25084e-07
1.0404e-06
3.36349e-07
1.02558e-06
3.44789e-07
1.01301e-06
3.5032e-07
1.00264e-06
3.52831e-07
9.94605e-07
3.5238e-07
9.89315e-07
3.4929e-07
9.87331e-07
3.44099e-07
9.89204e-07
3.37364e-07
9.95257e-07
3.29435e-07
1.00543e-06
3.20299e-07
1.01922e-06
3.0957e-07
1.03576e-06
2.96619e-07
1.05396e-06
2.80759e-07
1.07263e-06
2.61434e-07
1.09062e-06
2.3835e-07
1.10696e-06
2.11533e-07
1.12084e-06
1.81318e-07
1.13168e-06
1.48309e-07
1.13908e-06
1.13313e-07
1.14285e-06
7.72687e-08
1.14298e-06
4.11672e-08
1.13963e-06
5.95008e-09
1.13316e-06
-2.75997e-08
1.12407e-06
-5.88707e-08
1.11301e-06
-8.74683e-08
1.10063e-06
-1.13184e-07
1.08755e-06
-1.35952e-07
1.0743e-06
-1.558e-07
1.06126e-06
-1.72819e-07
1.04867e-06
-1.87137e-07
1.03664e-06
-1.98911e-07
1.0252e-06
-2.08323e-07
1.01432e-06
-2.15581e-07
1.0039e-06
-2.20917e-07
9.93857e-07
-2.24587e-07
9.841e-07
-2.26871e-07
9.74554e-07
-2.28068e-07
9.65174e-07
-2.28494e-07
9.55943e-07
-2.28467e-07
9.46887e-07
-2.28301e-07
9.38074e-07
-2.28306e-07
9.29637e-07
-2.2881e-07
9.2179e-07
-2.30194e-07
9.14833e-07
-2.32913e-07
9.09127e-07
-2.37459e-07
9.05028e-07
-2.44241e-07
9.02784e-07
-2.53418e-07
9.0244e-07
-2.64746e-07
9.03815e-07
-2.77575e-07
9.0658e-07
-2.91027e-07
9.10444e-07
-3.04317e-07
9.15371e-07
-3.17059e-07
9.21722e-07
-3.29392e-07
9.30248e-07
-3.41821e-07
9.41892e-07
-3.54834e-07
9.5749e-07
-3.68467e-07
9.7747e-07
-3.82048e-07
1.0017e-06
-3.94235e-07
1.0295e-06
-4.03313e-07
1.05984e-06
-4.0759e-07
1.09151e-06
-4.05713e-07
1.12338e-06
-3.96846e-07
1.15444e-06
-3.80686e-07
1.18394e-06
-3.57387e-07
1.21133e-06
-3.27441e-07
1.23628e-06
-2.91558e-07
1.25859e-06
-2.50567e-07
1.27819e-06
-2.05348e-07
1.29506e-06
-1.56784e-07
1.30923e-06
-1.0573e-07
1.32076e-06
-5.29583e-08
1.32971e-06
7.94207e-10
5.48606e-08
1.33616e-06
6.34208e-08
-7.27437e-09
1.01085e-07
-4.39631e-09
1.87653e-07
2.20936e-08
3.23936e-07
7.66812e-08
4.84069e-07
1.54234e-07
6.47759e-07
2.37748e-07
8.03155e-07
3.06809e-07
9.4367e-07
3.48005e-07
1.06586e-06
3.5648e-07
1.16854e-06
3.33165e-07
1.25206e-06
2.82197e-07
1.31749e-06
2.09153e-07
1.36581e-06
1.2015e-07
1.39641e-06
2.20736e-08
1.40721e-06
-7.90557e-08
1.39869e-06
-1.77982e-07
1.37711e-06
-2.72993e-07
1.35452e-06
-3.66697e-07
1.34227e-06
-4.62847e-07
1.34224e-06
-5.61002e-07
1.34492e-06
-6.54134e-07
1.33652e-06
-7.31548e-07
1.30788e-06
-7.84229e-07
1.25826e-06
-8.08276e-07
1.19329e-06
-8.04954e-07
1.12085e-06
-7.78681e-07
1.04796e-06
-7.34783e-07
9.79369e-07
-6.78013e-07
9.17665e-07
-6.11974e-07
8.63931e-07
-5.39122e-07
8.18453e-07
-4.60997e-07
7.81125e-07
-3.78583e-07
7.51979e-07
-2.92671e-07
7.31666e-07
-2.03743e-07
7.20571e-07
-1.12004e-07
7.17437e-07
-1.8809e-08
7.21115e-07
7.22789e-08
7.35005e-07
1.59112e-07
7.64493e-07
2.43064e-07
8.10811e-07
3.24864e-07
8.69737e-07
4.00866e-07
9.34721e-07
4.64793e-07
9.99991e-07
5.11442e-07
1.0618e-06
5.38546e-07
1.11834e-06
5.46545e-07
1.1692e-06
5.37497e-07
1.21473e-06
5.14061e-07
1.25559e-06
4.78842e-07
1.29244e-06
4.34091e-07
1.32581e-06
3.81641e-07
1.35604e-06
3.22972e-07
1.38335e-06
2.59306e-07
1.40788e-06
1.91713e-07
1.4297e-06
1.21193e-07
1.44895e-06
4.86126e-08
1.46576e-06
-2.52558e-08
1.48036e-06
-9.94746e-08
1.49311e-06
-1.73329e-07
1.50431e-06
-2.46364e-07
1.51415e-06
-3.18086e-07
1.5225e-06
-3.87908e-07
1.52883e-06
-4.55042e-07
1.53228e-06
-5.18492e-07
1.53195e-06
-5.77189e-07
1.5272e-06
-6.30233e-07
1.51798e-06
-6.77091e-07
1.50478e-06
-7.17634e-07
1.48843e-06
-7.52031e-07
1.46987e-06
-7.80584e-07
1.44997e-06
-8.03618e-07
1.4295e-06
-8.21471e-07
1.40918e-06
-8.34521e-07
1.3897e-06
-8.43196e-07
1.37174e-06
-8.4793e-07
1.35596e-06
-8.49193e-07
1.34309e-06
-8.47568e-07
1.33378e-06
-8.43624e-07
1.32825e-06
-8.37437e-07
1.32606e-06
-8.28266e-07
1.32633e-06
-8.14952e-07
1.32838e-06
-7.96818e-07
1.3323e-06
-7.74165e-07
1.3388e-06
-7.47883e-07
1.34868e-06
-7.18607e-07
1.36209e-06
-6.86161e-07
1.37831e-06
-6.49636e-07
1.39587e-06
-6.079e-07
1.41294e-06
-5.60125e-07
1.42771e-06
-5.06086e-07
1.43869e-06
-4.46208e-07
1.44476e-06
-3.81452e-07
1.4452e-06
-3.1315e-07
1.43967e-06
-2.4285e-07
1.42812e-06
-1.72207e-07
1.41084e-06
-1.02891e-07
1.38837e-06
-3.6403e-08
1.36159e-06
2.58192e-08
1.3315e-06
8.27572e-08
1.29917e-06
1.33814e-07
1.2657e-06
1.78775e-07
1.23211e-06
2.17721e-07
1.19928e-06
2.50951e-07
1.16788e-06
2.7888e-07
1.13842e-06
3.01957e-07
1.11128e-06
3.20646e-07
1.08675e-06
3.35433e-07
1.06503e-06
3.46806e-07
1.0462e-06
3.5518e-07
1.03019e-06
3.60798e-07
1.01681e-06
3.63699e-07
1.00584e-06
3.63796e-07
9.97185e-07
3.61038e-07
9.90924e-07
3.55551e-07
9.87346e-07
3.47677e-07
9.86831e-07
3.37879e-07
9.89693e-07
3.26573e-07
9.96023e-07
3.13968e-07
1.0056e-06
2.99999e-07
1.01786e-06
2.84358e-07
1.032e-06
2.66618e-07
1.04706e-06
2.4637e-07
1.06206e-06
2.2335e-07
1.07608e-06
1.97515e-07
1.08833e-06
1.69067e-07
1.0982e-06
1.38437e-07
1.10528e-06
1.06238e-07
1.10934e-06
7.32076e-08
1.11038e-06
4.01305e-08
1.10857e-06
7.75404e-09
1.10428e-06
-2.33058e-08
1.09797e-06
-5.25647e-08
1.09018e-06
-7.96808e-08
1.08142e-06
-1.04424e-07
1.07212e-06
-1.26649e-07
1.0626e-06
-1.46276e-07
1.05306e-06
-1.63282e-07
1.04362e-06
-1.77697e-07
1.03431e-06
-1.896e-07
1.02511e-06
-1.99122e-07
1.01597e-06
-2.0644e-07
1.00682e-06
-2.11773e-07
9.97616e-07
-2.1538e-07
9.88299e-07
-2.17553e-07
9.78846e-07
-2.18615e-07
9.69261e-07
-2.18909e-07
9.59581e-07
-2.18787e-07
9.49881e-07
-2.18601e-07
9.40288e-07
-2.18713e-07
9.30992e-07
-2.19514e-07
9.22261e-07
-2.21464e-07
9.14435e-07
-2.25086e-07
9.07874e-07
-2.30898e-07
9.02877e-07
-2.39244e-07
8.99571e-07
-2.50111e-07
8.97844e-07
-2.63019e-07
8.97383e-07
-2.77115e-07
8.97838e-07
-2.91482e-07
8.99062e-07
-3.05542e-07
9.01345e-07
-3.19342e-07
9.05486e-07
-3.33533e-07
9.12653e-07
-3.48989e-07
9.24047e-07
-3.66227e-07
9.40488e-07
-3.84908e-07
9.62133e-07
-4.03692e-07
9.88414e-07
-4.20516e-07
1.01822e-06
-4.33116e-07
1.05015e-06
-4.39527e-07
1.08284e-06
-4.38401e-07
1.11509e-06
-4.29088e-07
1.14596e-06
-4.11562e-07
1.17484e-06
-3.86261e-07
1.20132e-06
-3.53928e-07
1.22523e-06
-3.15467e-07
1.24651e-06
-2.71846e-07
1.26519e-06
-2.2403e-07
1.28136e-06
-1.72949e-07
1.29509e-06
-1.19466e-07
1.30648e-06
-6.43478e-08
1.31561e-06
-8.33342e-09
4.79157e-08
1.32255e-06
7.0448e-07
3.36854e-08
6.56064e-07
4.40202e-08
6.08779e-07
6.93786e-08
5.82451e-07
1.03009e-07
5.96516e-07
1.40169e-07
6.55328e-07
1.78935e-07
7.46431e-07
2.15706e-07
8.51353e-07
2.43083e-07
9.54986e-07
2.52847e-07
1.04811e-06
2.40041e-07
1.12615e-06
2.04155e-07
1.18732e-06
1.47983e-07
1.23076e-06
7.6709e-08
1.25662e-06
-3.78354e-09
1.26835e-06
-9.07833e-08
1.273e-06
-1.82632e-07
1.27893e-06
-2.78926e-07
1.2911e-06
-3.78872e-07
1.30708e-06
-4.78825e-07
1.31788e-06
-5.718e-07
1.31342e-06
-6.4967e-07
1.2881e-06
-7.0623e-07
1.24277e-06
-7.38898e-07
1.18295e-06
-7.48461e-07
1.11577e-06
-7.37771e-07
1.0475e-06
-7.1041e-07
9.82524e-07
-6.69809e-07
9.23344e-07
-6.18834e-07
8.71079e-07
-5.59708e-07
8.26066e-07
-4.94109e-07
7.8834e-07
-4.23271e-07
7.57852e-07
-3.48094e-07
7.34543e-07
-2.69363e-07
7.18702e-07
-1.87902e-07
7.1107e-07
-1.04373e-07
7.11679e-07
-1.94173e-08
7.19017e-07
6.49404e-08
7.32725e-07
1.45405e-07
7.554e-07
2.20388e-07
7.89855e-07
2.90409e-07
8.35766e-07
3.54954e-07
8.89577e-07
4.10982e-07
9.46594e-07
4.54425e-07
1.00283e-06
4.82308e-07
1.05574e-06
4.9364e-07
1.1041e-06
4.8914e-07
1.14763e-06
4.7053e-07
1.18657e-06
4.39896e-07
1.22138e-06
3.9928e-07
1.25252e-06
3.50503e-07
1.28038e-06
2.95117e-07
1.30524e-06
2.3444e-07
1.32733e-06
1.6962e-07
1.34682e-06
1.01704e-07
1.36386e-06
3.15757e-08
1.37859e-06
-3.99897e-08
1.39122e-06
-1.12103e-07
1.40193e-06
-1.84041e-07
1.41075e-06
-2.55184e-07
1.41748e-06
-3.24815e-07
1.42166e-06
-3.92084e-07
1.42265e-06
-4.56036e-07
1.41988e-06
-5.15719e-07
1.41305e-06
-5.70364e-07
1.40233e-06
-6.19509e-07
1.38825e-06
-6.63015e-07
1.37159e-06
-7.00968e-07
1.35311e-06
-7.33555e-07
1.33352e-06
-7.60991e-07
1.31342e-06
-7.8352e-07
1.2934e-06
-8.01447e-07
1.27404e-06
-8.15166e-07
1.25596e-06
-8.25111e-07
1.23974e-06
-8.3171e-07
1.22601e-06
-8.35463e-07
1.21541e-06
-8.36967e-07
1.20832e-06
-8.3654e-07
1.20453e-06
-8.33641e-07
1.20322e-06
-8.26958e-07
1.20372e-06
-8.15453e-07
1.20623e-06
-7.99329e-07
1.21189e-06
-7.79826e-07
1.22201e-06
-7.58002e-07
1.23709e-06
-7.33692e-07
1.25639e-06
-7.05458e-07
1.27811e-06
-6.71353e-07
1.30001e-06
-6.29798e-07
1.31997e-06
-5.80087e-07
1.33632e-06
-5.22434e-07
1.34789e-06
-4.57783e-07
1.35398e-06
-3.87542e-07
1.35421e-06
-3.13377e-07
1.34842e-06
-2.37065e-07
1.33667e-06
-1.60452e-07
1.31918e-06
-8.54009e-08
1.2964e-06
-1.36202e-08
1.26899e-06
5.32293e-08
1.23793e-06
1.13812e-07
1.20436e-06
1.67381e-07
1.1695e-06
2.13639e-07
1.1345e-06
2.52722e-07
1.10037e-06
2.85077e-07
1.06792e-06
3.11335e-07
1.0377e-06
3.32172e-07
1.01011e-06
3.48243e-07
9.85372e-07
3.60166e-07
9.63649e-07
3.68529e-07
9.44979e-07
3.7385e-07
9.29278e-07
3.76498e-07
9.16338e-07
3.76639e-07
9.05874e-07
3.74259e-07
8.97628e-07
3.69284e-07
8.91457e-07
3.61722e-07
8.87383e-07
3.51751e-07
8.85559e-07
3.39703e-07
8.86177e-07
3.25955e-07
8.89348e-07
3.10797e-07
8.95006e-07
2.94342e-07
9.02858e-07
2.76506e-07
9.12406e-07
2.5707e-07
9.22999e-07
2.35777e-07
9.33914e-07
2.12434e-07
9.4444e-07
1.86989e-07
9.53938e-07
1.59568e-07
9.61893e-07
1.30481e-07
9.67945e-07
1.00187e-07
9.71903e-07
6.92492e-08
9.73759e-07
3.82744e-08
9.73669e-07
7.84442e-09
9.71904e-07
-2.15415e-08
9.688e-07
-4.94599e-08
9.64687e-07
-7.55678e-08
9.5985e-07
-9.9587e-08
9.54503e-07
-1.21302e-07
9.48787e-07
-1.4056e-07
9.42781e-07
-1.57276e-07
9.36515e-07
-1.71431e-07
9.29991e-07
-1.83075e-07
9.23187e-07
-1.92318e-07
9.16075e-07
-1.99328e-07
9.08624e-07
-2.04322e-07
9.00812e-07
-2.07568e-07
8.92631e-07
-2.09373e-07
8.84095e-07
-2.1008e-07
8.75246e-07
-2.1006e-07
8.66152e-07
-2.09693e-07
8.56918e-07
-2.09367e-07
8.47692e-07
-2.09487e-07
8.38681e-07
-2.10502e-07
8.30148e-07
-2.12932e-07
8.22401e-07
-2.17339e-07
8.15726e-07
-2.24223e-07
8.10299e-07
-2.33817e-07
8.06099e-07
-2.45911e-07
8.0289e-07
-2.59811e-07
8.00325e-07
-2.74549e-07
7.98156e-07
-2.89312e-07
7.96497e-07
-3.03882e-07
7.95996e-07
-3.18842e-07
7.97816e-07
-3.35352e-07
8.03348e-07
-3.54521e-07
8.13775e-07
-3.76653e-07
8.2965e-07
-4.00783e-07
8.50713e-07
-4.24755e-07
8.75991e-07
-4.45795e-07
9.04094e-07
-4.61218e-07
9.33541e-07
-4.68975e-07
9.63021e-07
-4.67881e-07
9.91513e-07
-4.5758e-07
1.01832e-06
-4.38366e-07
1.04302e-06
-4.10964e-07
1.06543e-06
-3.76339e-07
1.08552e-06
-3.35551e-07
1.10334e-06
-2.89666e-07
1.11901e-06
-2.39704e-07
1.13267e-06
-1.86611e-07
1.14445e-06
-1.31243e-07
1.15445e-06
-7.43453e-08
1.16275e-06
-1.66402e-08
4.12214e-08
1.16945e-06
1.15552e-06
6.6086e-08
1.11664e-06
8.29044e-08
1.07575e-06
1.10262e-07
1.03494e-06
1.43822e-07
9.99382e-07
1.75729e-07
9.78464e-07
1.99854e-07
9.80438e-07
2.13733e-07
1.00673e-06
2.16791e-07
1.05152e-06
2.08059e-07
1.10561e-06
1.85945e-07
1.16039e-06
1.49377e-07
1.20958e-06
9.87909e-08
1.25131e-06
3.49858e-08
1.28767e-06
-4.01422e-08
1.32163e-06
-1.24752e-07
1.35475e-06
-2.15752e-07
1.38593e-06
-3.10107e-07
1.41044e-06
-4.03375e-07
1.42133e-06
-4.89723e-07
1.41285e-06
-5.63316e-07
1.38321e-06
-6.20033e-07
1.33515e-06
-6.58166e-07
1.27426e-06
-6.7801e-07
1.20684e-06
-6.81038e-07
1.13826e-06
-6.69195e-07
1.07235e-06
-6.445e-07
1.01141e-06
-6.08866e-07
9.56614e-07
-5.64036e-07
9.08449e-07
-5.11543e-07
8.67051e-07
-4.52711e-07
8.32447e-07
-3.88667e-07
8.04699e-07
-3.20346e-07
7.83883e-07
-2.48547e-07
7.70131e-07
-1.7415e-07
7.63927e-07
-9.81692e-08
7.65909e-07
-2.13992e-08
7.75583e-07
5.52662e-08
7.91542e-07
1.29445e-07
8.13692e-07
1.98238e-07
8.43726e-07
2.60375e-07
8.8295e-07
3.1573e-07
9.30424e-07
3.63509e-07
9.83189e-07
4.0166e-07
1.03768e-06
4.2782e-07
1.09089e-06
4.40427e-07
1.14087e-06
4.39163e-07
1.18662e-06
4.24773e-07
1.22788e-06
3.98641e-07
1.26475e-06
3.62405e-07
1.29755e-06
3.17704e-07
1.32662e-06
2.66051e-07
1.35227e-06
2.08791e-07
1.37476e-06
1.47132e-07
1.39429e-06
8.21682e-08
1.41104e-06
1.48241e-08
1.42515e-06
-5.40924e-08
1.4367e-06
-1.23654e-07
1.44568e-06
-1.93024e-07
1.45189e-06
-2.61391e-07
1.45495e-06
-3.27875e-07
1.45443e-06
-3.91566e-07
1.45001e-06
-4.51617e-07
1.44165e-06
-5.07353e-07
1.42963e-06
-5.58347e-07
1.41453e-06
-6.04413e-07
1.39705e-06
-6.45532e-07
1.37785e-06
-6.81765e-07
1.3575e-06
-7.13213e-07
1.33654e-06
-7.40029e-07
1.31548e-06
-7.62456e-07
1.29487e-06
-7.80841e-07
1.27531e-06
-7.95609e-07
1.25739e-06
-8.07189e-07
1.2417e-06
-8.16015e-07
1.22887e-06
-8.22631e-07
1.21943e-06
-8.27536e-07
1.21343e-06
-8.30538e-07
1.21019e-06
-8.304e-07
1.20895e-06
-8.25714e-07
1.20989e-06
-8.16395e-07
1.21455e-06
-8.03986e-07
1.22491e-06
-7.90194e-07
1.24202e-06
-7.75102e-07
1.26506e-06
-7.5674e-07
1.29174e-06
-7.32133e-07
1.31911e-06
-6.98726e-07
1.34453e-06
-6.55222e-07
1.36609e-06
-6.0164e-07
1.38261e-06
-5.38961e-07
1.39353e-06
-4.68703e-07
1.39862e-06
-3.92623e-07
1.39779e-06
-3.12555e-07
1.39107e-06
-2.30342e-07
1.37848e-06
-1.47863e-07
1.36009e-06
-6.70061e-08
1.33608e-06
1.03873e-08
1.30694e-06
8.23639e-08
1.27349e-06
1.47268e-07
1.23683e-06
2.04039e-07
1.19828e-06
2.5219e-07
1.15919e-06
2.91807e-07
1.12084e-06
3.23434e-07
1.08426e-06
3.47914e-07
1.05023e-06
3.662e-07
1.01926e-06
3.79213e-07
9.9164e-07
3.87786e-07
9.67512e-07
3.92658e-07
9.46894e-07
3.94468e-07
9.29685e-07
3.93707e-07
9.15656e-07
3.90669e-07
9.04475e-07
3.85439e-07
8.95784e-07
3.77975e-07
8.8928e-07
3.68226e-07
8.84786e-07
3.56245e-07
8.82264e-07
3.42225e-07
8.81765e-07
3.26453e-07
8.83349e-07
3.09213e-07
8.86991e-07
2.907e-07
8.92522e-07
2.70975e-07
8.99614e-07
2.49979e-07
9.078e-07
2.27591e-07
9.1653e-07
2.03704e-07
9.25233e-07
1.78286e-07
9.33379e-07
1.51423e-07
9.40527e-07
1.23333e-07
9.46365e-07
9.43489e-08
9.50729e-07
6.4885e-08
9.53603e-07
3.53999e-08
9.55093e-07
6.35471e-09
9.55367e-07
-2.1815e-08
9.54609e-07
-4.8702e-08
9.52984e-07
-7.39434e-08
9.50621e-07
-9.72239e-08
9.47608e-07
-1.18289e-07
9.44001e-07
-1.36953e-07
9.39833e-07
-1.53107e-07
9.35117e-07
-1.66716e-07
9.29856e-07
-1.77814e-07
9.24043e-07
-1.86505e-07
9.17667e-07
-1.92951e-07
9.10719e-07
-1.97375e-07
9.03202e-07
-2.00052e-07
8.95137e-07
-2.01307e-07
8.86562e-07
-2.01505e-07
8.77541e-07
-2.01039e-07
8.68166e-07
-2.00318e-07
8.58558e-07
-1.9976e-07
8.48882e-07
-1.99811e-07
8.39349e-07
-2.00969e-07
8.30219e-07
-2.03801e-07
8.2176e-07
-2.0888e-07
8.14183e-07
-2.16646e-07
8.07547e-07
-2.27181e-07
8.01702e-07
-2.40066e-07
7.96322e-07
-2.54431e-07
7.91078e-07
-2.69305e-07
7.85904e-07
-2.84139e-07
7.81267e-07
-2.99245e-07
7.78272e-07
-3.15847e-07
7.78497e-07
-3.35577e-07
7.83555e-07
-3.59579e-07
7.94541e-07
-3.8764e-07
8.11646e-07
-4.17888e-07
8.3411e-07
-4.47219e-07
8.60503e-07
-4.72188e-07
8.89141e-07
-4.89857e-07
9.18443e-07
-4.98276e-07
9.47139e-07
-4.96578e-07
9.74347e-07
-4.84788e-07
9.99538e-07
-4.63557e-07
1.02246e-06
-4.33891e-07
1.04308e-06
-3.96954e-07
1.06146e-06
-3.53935e-07
1.07777e-06
-3.05969e-07
1.09217e-06
-2.54106e-07
1.10485e-06
-1.9929e-07
1.11596e-06
-1.42356e-07
1.12563e-06
-8.40142e-08
1.13395e-06
-2.49633e-08
3.41557e-08
1.14102e-06
1.3041e-06
7.30938e-08
1.29628e-06
9.07222e-08
1.29077e-06
1.15774e-07
1.28809e-06
1.46498e-07
1.28668e-06
1.77141e-07
1.28562e-06
2.00916e-07
1.28648e-06
2.12868e-07
1.29248e-06
2.10787e-07
1.30612e-06
1.94418e-07
1.3277e-06
1.64372e-07
1.35548e-06
1.21597e-07
1.38732e-06
6.69482e-08
1.42112e-06
1.18067e-09
1.45475e-06
-7.3766e-08
1.48517e-06
-1.5517e-07
1.50892e-06
-2.39505e-07
1.52153e-06
-3.22722e-07
1.5187e-06
-4.00536e-07
1.49803e-06
-4.69059e-07
1.4602e-06
-5.2548e-07
1.40849e-06
-5.68322e-07
1.34754e-06
-5.97216e-07
1.282e-06
-6.12476e-07
1.21573e-06
-6.14767e-07
1.1515e-06
-6.04969e-07
1.09114e-06
-5.84132e-07
1.03572e-06
-5.53448e-07
9.85866e-07
-5.14185e-07
9.41921e-07
-4.67598e-07
9.04068e-07
-4.14858e-07
8.72429e-07
-3.57028e-07
8.47152e-07
-2.95069e-07
8.2843e-07
-2.29825e-07
8.16422e-07
-1.62141e-07
8.11333e-07
-9.30802e-08
8.13682e-07
-2.37482e-08
8.23805e-07
4.51433e-08
8.40914e-07
1.12336e-07
8.63752e-07
1.75401e-07
8.92079e-07
2.32048e-07
9.2668e-07
2.81129e-07
9.6795e-07
3.22239e-07
1.01487e-06
3.54742e-07
1.0652e-06
3.77491e-07
1.11633e-06
3.89296e-07
1.16602e-06
3.8947e-07
1.21273e-06
3.78064e-07
1.25559e-06
3.55777e-07
1.29427e-06
3.23726e-07
1.32875e-06
2.83224e-07
1.35919e-06
2.35614e-07
1.3858e-06
1.82184e-07
1.40878e-06
1.24144e-07
1.42833e-06
6.26235e-08
1.44456e-06
-1.40772e-09
1.45755e-06
-6.7082e-08
1.46727e-06
-1.33375e-07
1.47359e-06
-1.99346e-07
1.4763e-06
-2.64094e-07
1.47517e-06
-3.26747e-07
1.47013e-06
-3.86525e-07
1.46131e-06
-4.42803e-07
1.44911e-06
-4.95145e-07
1.43405e-06
-5.43288e-07
1.41673e-06
-5.87093e-07
1.39769e-06
-6.26491e-07
1.37739e-06
-6.61469e-07
1.35628e-06
-6.921e-07
1.33481e-06
-7.18567e-07
1.31352e-06
-7.41167e-07
1.29297e-06
-7.60292e-07
1.27374e-06
-7.76376e-07
1.25639e-06
-7.89838e-07
1.24152e-06
-8.0114e-07
1.22972e-06
-8.10833e-07
1.22128e-06
-8.19102e-07
1.2158e-06
-8.25057e-07
1.21248e-06
-8.27079e-07
1.21135e-06
-8.24583e-07
1.21415e-06
-8.19197e-07
1.22362e-06
-8.13451e-07
1.24149e-06
-8.08068e-07
1.26709e-06
-8.00697e-07
1.29747e-06
-7.87127e-07
1.32886e-06
-7.63523e-07
1.35799e-06
-7.27849e-07
1.38274e-06
-6.79972e-07
1.40213e-06
-6.21031e-07
1.41591e-06
-5.52742e-07
1.42417e-06
-4.76964e-07
1.42709e-06
-3.95541e-07
1.4248e-06
-3.10266e-07
1.41737e-06
-2.22912e-07
1.40476e-06
-1.35249e-07
1.38679e-06
-4.90401e-08
1.36332e-06
3.3854e-08
1.33449e-06
1.11194e-07
1.30079e-06
1.80972e-07
1.26311e-06
2.4172e-07
1.22269e-06
2.92613e-07
1.18096e-06
3.33533e-07
1.1394e-06
3.64995e-07
1.09932e-06
3.87989e-07
1.06178e-06
4.0374e-07
1.02751e-06
4.1349e-07
9.96925e-07
4.18367e-07
9.70244e-07
4.19339e-07
9.475e-07
4.17212e-07
9.28589e-07
4.12618e-07
9.13278e-07
4.0598e-07
9.01217e-07
3.975e-07
8.91992e-07
3.87201e-07
8.85193e-07
3.75025e-07
8.80491e-07
3.60947e-07
8.77674e-07
3.45042e-07
8.76644e-07
3.27484e-07
8.77359e-07
3.08498e-07
8.79774e-07
2.88285e-07
8.83773e-07
2.66975e-07
8.89141e-07
2.44611e-07
8.95558e-07
2.21174e-07
9.02632e-07
1.96631e-07
9.09936e-07
1.70981e-07
9.17063e-07
1.44296e-07
9.23663e-07
1.16733e-07
9.2948e-07
8.85319e-08
9.34362e-07
6.00034e-08
9.38255e-07
3.15072e-08
9.41174e-07
3.43595e-09
9.4316e-07
-2.38016e-08
9.4426e-07
-4.98014e-08
9.4451e-07
-7.41939e-08
9.43943e-07
-9.66572e-08
9.42587e-07
-1.16932e-07
9.40465e-07
-1.34831e-07
9.37596e-07
-1.50239e-07
9.33994e-07
-1.63114e-07
9.29662e-07
-1.73483e-07
9.24601e-07
-1.81443e-07
9.18809e-07
-1.87159e-07
9.12293e-07
-1.90859e-07
9.05073e-07
-1.92832e-07
8.97184e-07
-1.93418e-07
8.88678e-07
-1.92999e-07
8.79628e-07
-1.91989e-07
8.70125e-07
-1.90815e-07
8.6029e-07
-1.89924e-07
8.50276e-07
-1.89797e-07
8.40277e-07
-1.90971e-07
8.30517e-07
-1.9404e-07
8.21198e-07
-1.99562e-07
8.12433e-07
-2.07881e-07
8.0416e-07
-2.18909e-07
7.96124e-07
-2.32029e-07
7.87969e-07
-2.46276e-07
7.79479e-07
-2.60815e-07
7.70879e-07
-2.75539e-07
7.63077e-07
-2.91443e-07
7.57668e-07
-3.10438e-07
7.56596e-07
-3.34506e-07
7.61548e-07
-3.64531e-07
7.73344e-07
-3.99436e-07
7.91661e-07
-4.36205e-07
8.15195e-07
-4.70752e-07
8.42115e-07
-4.99109e-07
8.70554e-07
-5.18295e-07
8.98938e-07
-5.2666e-07
9.26132e-07
-5.23772e-07
9.51441e-07
-5.10097e-07
9.74523e-07
-4.86639e-07
9.95293e-07
-4.54661e-07
1.01383e-06
-4.15491e-07
1.03031e-06
-3.70411e-07
1.04494e-06
-3.20599e-07
1.05795e-06
-2.67115e-07
1.06954e-06
-2.10885e-07
1.0799e-06
-1.52711e-07
1.08915e-06
-9.32633e-08
1.09739e-06
-3.32035e-08
2.68328e-08
1.10471e-06
1.31108e-06
7.0736e-08
1.31583e-06
8.59775e-08
1.32571e-06
1.05898e-07
1.34265e-06
1.2955e-07
1.36635e-06
1.53445e-07
1.39438e-06
1.72889e-07
1.42375e-06
1.83497e-07
1.45248e-06
1.82052e-07
1.48003e-06
1.66871e-07
1.50663e-06
1.37777e-07
1.53254e-06
9.56876e-08
1.55705e-06
4.24345e-08
1.57804e-06
-1.98065e-08
1.59295e-06
-8.86758e-08
1.59924e-06
-1.61461e-07
1.59454e-06
-2.34807e-07
1.57722e-06
-3.05407e-07
1.54706e-06
-3.70371e-07
1.5054e-06
-4.27403e-07
1.45479e-06
-4.74869e-07
1.39821e-06
-5.11738e-07
1.33846e-06
-5.37471e-07
1.27788e-06
-5.51894e-07
1.21826e-06
-5.55147e-07
1.16096e-06
-5.47669e-07
1.10701e-06
-5.30183e-07
1.05719e-06
-5.03626e-07
1.01207e-06
-4.69064e-07
9.72068e-07
-4.27597e-07
9.37494e-07
-3.80283e-07
9.08582e-07
-3.28116e-07
8.8554e-07
-2.72027e-07
8.68599e-07
-2.12885e-07
8.57983e-07
-1.51525e-07
8.53821e-07
-8.89185e-08
8.56302e-07
-2.62291e-08
8.65833e-07
3.5612e-08
8.82439e-07
9.57302e-08
9.05228e-07
1.52612e-07
9.33027e-07
2.04249e-07
9.65312e-07
2.48845e-07
1.00216e-06
2.85388e-07
1.04347e-06
3.13439e-07
1.08833e-06
3.32623e-07
1.13518e-06
3.42454e-07
1.18215e-06
3.42491e-07
1.22762e-06
3.32596e-07
1.27035e-06
3.13047e-07
1.30957e-06
2.8451e-07
1.34487e-06
2.47926e-07
1.3761e-06
2.04384e-07
1.40326e-06
1.55023e-07
1.42641e-06
1.00989e-07
1.44563e-06
4.34054e-08
1.46096e-06
-1.67403e-08
1.47242e-06
-7.85436e-08
1.47997e-06
-1.40919e-07
1.48354e-06
-2.02922e-07
1.48315e-06
-2.63696e-07
1.47888e-06
-3.2248e-07
1.471e-06
-3.78649e-07
1.45991e-06
-4.31715e-07
1.44609e-06
-4.81319e-07
1.42999e-06
-5.27193e-07
1.41205e-06
-5.69148e-07
1.39263e-06
-6.07069e-07
1.37211e-06
-6.40951e-07
1.35093e-06
-6.70922e-07
1.32959e-06
-6.97225e-07
1.30862e-06
-7.20196e-07
1.28857e-06
-7.40242e-07
1.26999e-06
-7.57793e-07
1.25341e-06
-7.73266e-07
1.23943e-06
-7.87159e-07
1.2285e-06
-7.99903e-07
1.22054e-06
-8.11141e-07
1.21488e-06
-8.1939e-07
1.21129e-06
-8.23498e-07
1.21147e-06
-8.24761e-07
1.21876e-06
-8.26485e-07
1.23585e-06
-8.30544e-07
1.26243e-06
-8.3464e-07
1.29495e-06
-8.33221e-07
1.32859e-06
-8.20765e-07
1.35931e-06
-7.9425e-07
1.38491e-06
-7.53442e-07
1.40476e-06
-6.99819e-07
1.41913e-06
-6.35411e-07
1.42857e-06
-5.62176e-07
1.43347e-06
-4.81866e-07
1.43407e-06
-3.96136e-07
1.43045e-06
-3.06651e-07
1.42266e-06
-2.15119e-07
1.41062e-06
-1.2321e-07
1.3941e-06
-3.25182e-08
1.37271e-06
5.52357e-08
1.34618e-06
1.37731e-07
1.31452e-06
2.12628e-07
1.27823e-06
2.78008e-07
1.23828e-06
3.32564e-07
1.19602e-06
3.7579e-07
1.15301e-06
4.08005e-07
1.11079e-06
4.30214e-07
1.07068e-06
4.43849e-07
1.0337e-06
4.50475e-07
1.00049e-06
4.51572e-07
9.71415e-07
4.48415e-07
9.46583e-07
4.42044e-07
9.25929e-07
4.33272e-07
9.09242e-07
4.22668e-07
8.9618e-07
4.10562e-07
8.86313e-07
3.97067e-07
8.79178e-07
3.8216e-07
8.74344e-07
3.65781e-07
8.71468e-07
3.47918e-07
8.70312e-07
3.2864e-07
8.70724e-07
3.08086e-07
8.72595e-07
2.86414e-07
8.75809e-07
2.63761e-07
8.80207e-07
2.40213e-07
8.85568e-07
2.15813e-07
8.91619e-07
1.90579e-07
8.98058e-07
1.64542e-07
9.04584e-07
1.3777e-07
9.10926e-07
1.1039e-07
9.16867e-07
8.25915e-08
9.22247e-07
5.46237e-08
9.26959e-07
2.67947e-08
9.30929e-07
-5.34148e-10
9.34101e-07
-2.69733e-08
9.36435e-07
-5.21353e-08
9.37909e-07
-7.56685e-08
9.38521e-07
-9.72686e-08
9.38278e-07
-1.16689e-07
9.37195e-07
-1.33748e-07
9.35283e-07
-1.48326e-07
9.32544e-07
-1.60375e-07
9.28979e-07
-1.69918e-07
9.24587e-07
-1.77051e-07
9.19373e-07
-1.81945e-07
9.13352e-07
-1.84838e-07
9.06551e-07
-1.8603e-07
8.99006e-07
-1.85872e-07
8.90763e-07
-1.84757e-07
8.81879e-07
-1.83105e-07
8.72424e-07
-1.8136e-07
8.6249e-07
-1.7999e-07
8.52196e-07
-1.79503e-07
8.41694e-07
-1.80469e-07
8.31145e-07
-1.83491e-07
8.20673e-07
-1.8909e-07
8.10286e-07
-1.97494e-07
7.9982e-07
-2.08443e-07
7.88963e-07
-2.21172e-07
7.77411e-07
-2.34725e-07
7.65161e-07
-2.48564e-07
7.52827e-07
-2.63206e-07
7.41828e-07
-2.80444e-07
7.34235e-07
-3.02845e-07
7.32246e-07
-3.32516e-07
7.37427e-07
-3.69712e-07
7.50141e-07
-4.1215e-07
7.69456e-07
-4.55519e-07
7.93549e-07
-4.94845e-07
8.20298e-07
-5.25858e-07
8.4778e-07
-5.45777e-07
8.74537e-07
-5.53417e-07
8.99632e-07
-5.48867e-07
9.22577e-07
-5.33042e-07
9.43214e-07
-5.07276e-07
9.616e-07
-4.73047e-07
9.77912e-07
-4.31804e-07
9.92389e-07
-3.84888e-07
1.00529e-06
-3.33498e-07
1.01686e-06
-2.78686e-07
1.02732e-06
-2.21351e-07
1.03687e-06
-1.62257e-07
1.04564e-06
-1.02033e-07
1.05373e-06
-4.12938e-08
1.93369e-08
1.06123e-06
1.3037e-06
6.75042e-08
1.30952e-06
8.01616e-08
1.3199e-06
9.5515e-08
1.33676e-06
1.12685e-07
1.3609e-06
1.29305e-07
1.39159e-06
1.42206e-07
1.42676e-06
1.48324e-07
1.46364e-06
1.45167e-07
1.49946e-06
1.31051e-07
1.53193e-06
1.05308e-07
1.55926e-06
6.83577e-08
1.58005e-06
2.16436e-08
1.59298e-06
-3.27315e-08
1.597e-06
-9.26971e-08
1.59115e-06
-1.55606e-07
1.57514e-06
-2.18803e-07
1.54948e-06
-2.79744e-07
1.51529e-06
-3.36186e-07
1.47415e-06
-3.86259e-07
1.42776e-06
-4.28478e-07
1.37778e-06
-4.61758e-07
1.32571e-06
-4.85401e-07
1.27289e-06
-4.99077e-07
1.22054e-06
-5.02798e-07
1.16976e-06
-4.96885e-07
1.1215e-06
-4.81925e-07
1.07658e-06
-4.58704e-07
1.03564e-06
-4.28123e-07
9.99176e-07
-3.91136e-07
9.67578e-07
-3.48685e-07
9.41144e-07
-3.01682e-07
9.20118e-07
-2.51001e-07
9.0473e-07
-1.97496e-07
8.95208e-07
-1.42003e-07
8.91713e-07
-8.54235e-08
8.94296e-07
-2.88122e-08
9.03093e-07
2.68155e-08
9.18302e-07
8.05205e-08
9.39704e-07
1.3121e-07
9.66405e-07
1.77548e-07
9.97284e-07
2.17965e-07
1.03157e-06
2.51101e-07
1.06888e-06
2.76132e-07
1.10881e-06
2.92696e-07
1.15061e-06
3.00647e-07
1.1932e-06
2.99907e-07
1.2353e-06
2.90495e-07
1.27573e-06
2.72614e-07
1.31354e-06
2.46703e-07
1.34803e-06
2.1343e-07
1.37878e-06
1.7364e-07
1.40552e-06
1.28281e-07
1.42813e-06
7.83816e-08
1.44654e-06
2.49948e-08
1.46075e-06
-3.09568e-08
1.47078e-06
-8.85726e-08
1.47667e-06
-1.46803e-07
1.47852e-06
-2.04776e-07
1.47655e-06
-2.61721e-07
1.47104e-06
-3.1697e-07
1.46235e-06
-3.6996e-07
1.45086e-06
-4.20228e-07
1.43693e-06
-4.67392e-07
1.4209e-06
-5.11157e-07
1.40307e-06
-5.51325e-07
1.38383e-06
-5.8782e-07
1.36357e-06
-6.207e-07
1.3428e-06
-6.5015e-07
1.32201e-06
-6.76433e-07
1.3017e-06
-6.99888e-07
1.28239e-06
-7.20928e-07
1.26457e-06
-7.39979e-07
1.24878e-06
-7.57473e-07
1.23551e-06
-7.73888e-07
1.22497e-06
-7.89359e-07
1.21676e-06
-8.02933e-07
1.21051e-06
-8.13144e-07
1.20753e-06
-8.20513e-07
1.21143e-06
-8.28667e-07
1.226e-06
-8.41051e-07
1.2517e-06
-8.56246e-07
1.28463e-06
-8.67569e-07
1.31875e-06
-8.67339e-07
1.34909e-06
-8.51104e-07
1.37336e-06
-8.18522e-07
1.39159e-06
-7.71677e-07
1.40488e-06
-7.131e-07
1.41426e-06
-6.44792e-07
1.42028e-06
-5.68199e-07
1.423e-06
-4.84586e-07
1.42222e-06
-3.95358e-07
1.41776e-06
-3.0219e-07
1.4096e-06
-2.06959e-07
1.39789e-06
-1.11495e-07
1.38266e-06
-1.72882e-08
1.3636e-06
7.42881e-08
1.3402e-06
1.61131e-07
1.31203e-06
2.40803e-07
1.27903e-06
3.11008e-07
1.24171e-06
3.69887e-07
1.20112e-06
4.1638e-07
1.15872e-06
4.50405e-07
1.11613e-06
4.72804e-07
1.07489e-06
4.85087e-07
1.03628e-06
4.89084e-07
1.00122e-06
4.86634e-07
9.70261e-07
4.79372e-07
9.43662e-07
4.68643e-07
9.21442e-07
4.55491e-07
9.03445e-07
4.40665e-07
8.89368e-07
4.24639e-07
8.78801e-07
4.07635e-07
8.71269e-07
3.89692e-07
8.66293e-07
3.70757e-07
8.63447e-07
3.50764e-07
8.62386e-07
3.29701e-07
8.62857e-07
3.07615e-07
8.64673e-07
2.84598e-07
8.67683e-07
2.60751e-07
8.71737e-07
2.36159e-07
8.76664e-07
2.10887e-07
8.82263e-07
1.8498e-07
8.88315e-07
1.5849e-07
8.94592e-07
1.31493e-07
9.00875e-07
1.04107e-07
9.06967e-07
7.6499e-08
9.12697e-07
4.88938e-08
9.17918e-07
2.15743e-08
9.22505e-07
-5.12184e-09
9.26365e-07
-3.08327e-08
9.29434e-07
-5.52044e-08
9.31681e-07
-7.79157e-08
9.33097e-07
-9.86846e-08
9.33682e-07
-1.17274e-07
9.33434e-07
-1.335e-07
9.32346e-07
-1.47238e-07
9.30407e-07
-1.58437e-07
9.2761e-07
-1.67121e-07
9.23956e-07
-1.73397e-07
9.19454e-07
-1.77443e-07
9.14119e-07
-1.79503e-07
9.07969e-07
-1.7988e-07
9.01017e-07
-1.78921e-07
8.93276e-07
-1.77016e-07
8.84759e-07
-1.74588e-07
8.75487e-07
-1.72088e-07
8.65501e-07
-1.70003e-07
8.54867e-07
-1.68869e-07
8.43678e-07
-1.6928e-07
8.32029e-07
-1.71842e-07
8.1996e-07
-1.77021e-07
8.07395e-07
-1.84928e-07
7.94107e-07
-1.95155e-07
7.79791e-07
-2.06857e-07
7.64284e-07
-2.19217e-07
7.47889e-07
-2.3217e-07
7.31691e-07
-2.47008e-07
7.17639e-07
-2.66392e-07
7.08217e-07
-2.93423e-07
7.05708e-07
-3.30007e-07
7.11354e-07
-3.75358e-07
7.24911e-07
-4.25706e-07
7.44822e-07
-4.75431e-07
7.68841e-07
-5.18864e-07
7.94695e-07
-5.51712e-07
8.20531e-07
-5.71613e-07
8.45082e-07
-5.77969e-07
8.67641e-07
-5.71426e-07
8.87927e-07
-5.53327e-07
9.05941e-07
-5.25291e-07
9.21851e-07
-4.88956e-07
9.35904e-07
-4.45856e-07
9.48378e-07
-3.97362e-07
9.59552e-07
-3.44672e-07
9.69687e-07
-2.88821e-07
9.79013e-07
-2.30677e-07
9.87719e-07
-1.70963e-07
9.95953e-07
-1.10266e-07
1.00382e-06
-4.91581e-08
1.17609e-08
1.01139e-06
1.30476e-06
6.36164e-08
1.31087e-06
7.40507e-08
1.32042e-06
8.59642e-08
1.33461e-06
9.84985e-08
1.35403e-06
1.09887e-07
1.37844e-06
1.17794e-07
1.40681e-06
1.19956e-07
1.43739e-06
1.14578e-07
1.46799e-06
1.00458e-07
1.49622e-06
7.70758e-08
1.51993e-06
4.46499e-08
1.53747e-06
4.10487e-09
1.54781e-06
-4.30788e-08
1.55015e-06
-9.50303e-08
1.54411e-06
-1.49574e-07
1.52984e-06
-2.04527e-07
1.50786e-06
-2.5777e-07
1.47902e-06
-3.0734e-07
1.44431e-06
-3.51547e-07
1.40485e-06
-3.89024e-07
1.36184e-06
-4.18745e-07
1.31648e-06
-4.40037e-07
1.26996e-06
-4.52558e-07
1.22343e-06
-4.56274e-07
1.17797e-06
-4.51422e-07
1.13451e-06
-4.38466e-07
1.09385e-06
-4.18046e-07
1.05665e-06
-3.90919e-07
1.02341e-06
-3.579e-07
9.9455e-07
-3.19823e-07
9.70384e-07
-2.77517e-07
9.51183e-07
-2.318e-07
9.3717e-07
-1.83484e-07
9.28547e-07
-1.3338e-07
9.25478e-07
-8.2354e-08
9.28025e-07
-3.13591e-08
9.36176e-07
1.86641e-08
9.49942e-07
6.67544e-08
9.69286e-07
1.11866e-07
9.93843e-07
1.52991e-07
1.02277e-06
1.89035e-07
1.05503e-06
2.18846e-07
1.08971e-06
2.41451e-07
1.12616e-06
2.5625e-07
1.1638e-06
2.63006e-07
1.20197e-06
2.61729e-07
1.2399e-06
2.52574e-07
1.27669e-06
2.35817e-07
1.31153e-06
2.11867e-07
1.34368e-06
1.81276e-07
1.37259e-06
1.4473e-07
1.39785e-06
1.03025e-07
1.41918e-06
5.70539e-08
1.43644e-06
7.72815e-09
1.44963e-06
-4.41481e-08
1.45875e-06
-9.76886e-08
1.4639e-06
-1.51949e-07
1.46525e-06
-2.06133e-07
1.46306e-06
-2.59529e-07
1.45759e-06
-3.11503e-07
1.44914e-06
-3.61504e-07
1.43797e-06
-4.09064e-07
1.42439e-06
-4.53808e-07
1.4087e-06
-4.95465e-07
1.39126e-06
-5.3389e-07
1.3725e-06
-5.69062e-07
1.35289e-06
-6.01081e-07
1.33287e-06
-6.30131e-07
1.31289e-06
-6.56457e-07
1.29341e-06
-6.80405e-07
1.27489e-06
-7.02406e-07
1.25779e-06
-7.22885e-07
1.24257e-06
-7.42255e-07
1.22957e-06
-7.60889e-07
1.21874e-06
-7.78526e-07
1.20976e-06
-7.93946e-07
1.2034e-06
-8.06789e-07
1.20305e-06
-8.20168e-07
1.21339e-06
-8.39004e-07
1.23621e-06
-8.63868e-07
1.26776e-06
-8.87798e-07
1.30081e-06
-9.00619e-07
1.32915e-06
-8.95678e-07
1.35035e-06
-8.72311e-07
1.3654e-06
-8.33571e-07
1.37658e-06
-7.82854e-07
1.38567e-06
-7.22187e-07
1.39324e-06
-6.52364e-07
1.39888e-06
-5.7384e-07
1.40173e-06
-4.87432e-07
1.40094e-06
-3.94573e-07
1.39602e-06
-2.97266e-07
1.38697e-06
-1.9791e-07
1.37434e-06
-9.88648e-08
1.35876e-06
-1.70994e-09
1.34047e-06
9.25791e-08
1.31915e-06
1.82446e-07
1.29419e-06
2.65769e-07
1.26502e-06
3.4018e-07
1.23153e-06
4.03374e-07
1.19425e-06
4.53656e-07
1.1543e-06
4.90357e-07
1.11317e-06
5.1394e-07
1.07245e-06
5.25805e-07
1.03361e-06
5.27926e-07
9.97792e-07
5.22447e-07
9.6579e-07
5.11374e-07
9.38033e-07
4.964e-07
9.1467e-07
4.78854e-07
8.95632e-07
4.59703e-07
8.80683e-07
4.39588e-07
8.69459e-07
4.18858e-07
8.61514e-07
3.97638e-07
8.56364e-07
3.75907e-07
8.53543e-07
3.53584e-07
8.52645e-07
3.30599e-07
8.53337e-07
3.06923e-07
8.55362e-07
2.82573e-07
8.58518e-07
2.57595e-07
8.62632e-07
2.32045e-07
8.67542e-07
2.05978e-07
8.73075e-07
1.79446e-07
8.79053e-07
1.52513e-07
8.85288e-07
1.25259e-07
8.91592e-07
9.78026e-08
8.97784e-07
7.03066e-08
9.03695e-07
4.29833e-08
9.09171e-07
1.60985e-08
9.14088e-07
-1.00396e-08
9.18361e-07
-3.51059e-08
9.21939e-07
-5.87818e-08
9.24794e-07
-8.07706e-08
9.26909e-07
-1.00799e-07
9.28264e-07
-1.1863e-07
9.28835e-07
-1.34071e-07
9.28598e-07
-1.47001e-07
9.27535e-07
-1.57374e-07
9.25645e-07
-1.65231e-07
9.22931e-07
-1.70683e-07
9.194e-07
-1.73911e-07
9.15045e-07
-1.75149e-07
9.09843e-07
-1.74678e-07
9.03753e-07
-1.72831e-07
8.96721e-07
-1.69983e-07
8.88688e-07
-1.66555e-07
8.79611e-07
-1.63011e-07
8.69465e-07
-1.59857e-07
8.5826e-07
-1.57664e-07
8.46032e-07
-1.57053e-07
8.32816e-07
-1.58625e-07
8.1859e-07
-1.62795e-07
8.03228e-07
-1.69566e-07
7.8649e-07
-1.78417e-07
7.68151e-07
-1.88518e-07
7.48265e-07
-1.99331e-07
7.27524e-07
-2.11428e-07
7.07528e-07
-2.27012e-07
6.90736e-07
-2.496e-07
6.79921e-07
-2.82608e-07
6.77247e-07
-3.27333e-07
6.83445e-07
-3.81556e-07
6.97585e-07
-4.39846e-07
7.17552e-07
-4.95398e-07
7.40819e-07
-5.42131e-07
7.65105e-07
-5.75999e-07
7.88725e-07
-5.95233e-07
8.1065e-07
-5.99894e-07
8.30402e-07
-5.91178e-07
8.47884e-07
-5.70809e-07
8.63226e-07
-5.40633e-07
8.76671e-07
-5.02402e-07
8.88508e-07
-4.57693e-07
8.99033e-07
-4.07887e-07
9.0853e-07
-3.5417e-07
9.17262e-07
-2.97552e-07
9.25457e-07
-2.38872e-07
9.33304e-07
-1.7881e-07
9.40953e-07
-1.17916e-07
9.48511e-07
-5.67161e-08
4.20472e-09
9.56067e-07
1.30769e-06
5.88512e-08
1.31444e-06
6.7303e-08
1.32395e-06
7.64483e-08
1.33694e-06
8.55102e-08
1.3537e-06
9.31308e-08
1.37394e-06
9.7551e-08
1.39686e-06
9.70339e-08
1.42125e-06
9.01925e-08
1.44558e-06
7.61235e-08
1.4682e-06
5.44612e-08
1.48746e-06
2.53919e-08
1.50193e-06
-1.03673e-08
1.51054e-06
-5.16949e-08
1.51256e-06
-9.70459e-08
1.50761e-06
-1.44627e-07
1.49567e-06
-1.92587e-07
1.47702e-06
-2.3912e-07
1.45222e-06
-2.8254e-07
1.42205e-06
-3.21377e-07
1.38745e-06
-3.54425e-07
1.34947e-06
-3.80759e-07
1.30918e-06
-3.99752e-07
1.26769e-06
-4.11061e-07
1.22602e-06
-4.14608e-07
1.18515e-06
-4.10552e-07
1.14594e-06
-3.99255e-07
1.10913e-06
-3.81235e-07
1.07533e-06
-3.57125e-07
1.04506e-06
-3.27627e-07
1.01872e-06
-2.93479e-07
9.96632e-07
-2.55431e-07
9.79076e-07
-2.14244e-07
9.66275e-07
-1.70682e-07
9.5841e-07
-1.25515e-07
9.55617e-07
-7.95604e-08
9.57963e-07
-3.37057e-08
9.65439e-07
1.11883e-08
9.77938e-07
5.42551e-08
9.95305e-07
9.44992e-08
1.01733e-06
1.30971e-07
1.04355e-06
1.62812e-07
1.07321e-06
1.89181e-07
1.10538e-06
2.09281e-07
1.13915e-06
2.22478e-07
1.17376e-06
2.28401e-07
1.20854e-06
2.26949e-07
1.24287e-06
2.18243e-07
1.27612e-06
2.02563e-07
1.30767e-06
1.80318e-07
1.33693e-06
1.5202e-07
1.36338e-06
1.18281e-07
1.3866e-06
7.98004e-08
1.4063e-06
3.73529e-08
1.42232e-06
-8.29164e-09
1.4346e-06
-5.64298e-08
1.44312e-06
-1.06202e-07
1.44794e-06
-1.56773e-07
1.44921e-06
-2.07406e-07
1.44711e-06
-2.57427e-07
1.44184e-06
-3.06234e-07
1.43364e-06
-3.53302e-07
1.42277e-06
-3.98198e-07
1.40956e-06
-4.40592e-07
1.39436e-06
-4.80263e-07
1.37757e-06
-5.17105e-07
1.35963e-06
-5.51118e-07
1.34093e-06
-5.82386e-07
1.32187e-06
-6.11063e-07
1.3028e-06
-6.37393e-07
1.28415e-06
-6.61757e-07
1.26635e-06
-6.846e-07
1.24976e-06
-7.06299e-07
1.23471e-06
-7.27209e-07
1.22138e-06
-7.47554e-07
1.20968e-06
-7.66831e-07
1.20006e-06
-7.84317e-07
1.19515e-06
-8.0188e-07
1.19993e-06
-8.24953e-07
1.21783e-06
-8.569e-07
1.24615e-06
-8.92192e-07
1.27682e-06
-9.18469e-07
1.302e-06
-9.25797e-07
1.31878e-06
-9.12453e-07
1.32925e-06
-8.82787e-07
1.33742e-06
-8.41742e-07
1.34614e-06
-7.91574e-07
1.356e-06
-7.32046e-07
1.36586e-06
-6.62217e-07
1.37389e-06
-5.81871e-07
1.37843e-06
-4.91973e-07
1.3783e-06
-3.94447e-07
1.37292e-06
-2.9188e-07
1.36237e-06
-1.87365e-07
1.34751e-06
-8.40007e-08
1.32953e-06
1.62643e-08
1.30952e-06
1.12592e-07
1.28789e-06
2.04071e-07
1.26431e-06
2.89348e-07
1.238e-06
3.66495e-07
1.20827e-06
4.33103e-07
1.17499e-06
4.86942e-07
1.13868e-06
5.26661e-07
1.10048e-06
5.5214e-07
1.06183e-06
5.64456e-07
1.02422e-06
5.65541e-07
9.88931e-07
5.57732e-07
9.56945e-07
5.4336e-07
9.28873e-07
5.24472e-07
9.05013e-07
5.02714e-07
8.85407e-07
4.79309e-07
8.69906e-07
4.55089e-07
8.58216e-07
4.30549e-07
8.49939e-07
4.05915e-07
8.44624e-07
3.81222e-07
8.41807e-07
3.56401e-07
8.41054e-07
3.31352e-07
8.41988e-07
3.05989e-07
8.44298e-07
2.80264e-07
8.47731e-07
2.54161e-07
8.52081e-07
2.27694e-07
8.57167e-07
2.00892e-07
8.62819e-07
1.73795e-07
8.6887e-07
1.46462e-07
8.75153e-07
1.18975e-07
8.81504e-07
9.14521e-08
8.87762e-07
6.40486e-08
8.93779e-07
3.69663e-08
8.99428e-07
1.04499e-08
9.04613e-07
-1.52252e-08
9.09275e-07
-3.97674e-08
9.13373e-07
-6.28797e-08
9.16874e-07
-8.42715e-08
9.1974e-07
-1.03666e-07
9.21929e-07
-1.20819e-07
9.23406e-07
-1.35548e-07
9.2415e-07
-1.47745e-07
9.2416e-07
-1.57384e-07
9.2344e-07
-1.64511e-07
9.21987e-07
-1.6923e-07
9.1977e-07
-1.71695e-07
9.16723e-07
-1.72101e-07
9.1274e-07
-1.70696e-07
9.0769e-07
-1.67781e-07
9.01429e-07
-1.63722e-07
8.9382e-07
-1.58946e-07
8.84748e-07
-1.53939e-07
8.74136e-07
-1.49246e-07
8.61949e-07
-1.45477e-07
8.48183e-07
-1.43286e-07
8.32836e-07
-1.43279e-07
8.15858e-07
-1.45818e-07
7.97109e-07
-1.50817e-07
7.76391e-07
-1.57699e-07
7.53619e-07
-1.65745e-07
7.29134e-07
-1.74846e-07
7.04069e-07
-1.86364e-07
6.80551e-07
-2.03494e-07
6.61473e-07
-2.30522e-07
6.49726e-07
-2.70861e-07
6.47145e-07
-3.24752e-07
6.53804e-07
-3.88215e-07
6.68106e-07
-4.54149e-07
6.87509e-07
-5.14801e-07
7.09368e-07
-5.63991e-07
7.31518e-07
-5.98149e-07
7.52501e-07
-6.16216e-07
7.71535e-07
-6.18928e-07
7.88352e-07
-6.07995e-07
8.03006e-07
-5.85463e-07
8.15718e-07
-5.53344e-07
8.26776e-07
-5.13461e-07
8.36487e-07
-4.67404e-07
8.45148e-07
-4.16547e-07
8.53037e-07
-3.62059e-07
8.60409e-07
-3.04924e-07
8.67488e-07
-2.45951e-07
8.74461e-07
-1.85784e-07
8.81481e-07
-1.24936e-07
8.88656e-07
-6.38912e-08
-3.229e-09
8.9609e-07
1.30998e-06
5.35189e-08
1.31708e-06
6.02062e-08
1.32646e-06
6.70602e-08
1.33858e-06
7.33922e-08
1.35357e-06
7.81387e-08
1.37115e-06
7.99697e-08
1.39063e-06
7.75563e-08
1.41101e-06
6.98151e-08
1.43109e-06
5.604e-08
1.4496e-06
3.59572e-08
1.46525e-06
9.73902e-09
1.47692e-06
-2.20346e-08
1.48366e-06
-5.84372e-08
1.4848e-06
-9.81813e-08
1.47995e-06
-1.39781e-07
1.46905e-06
-1.81687e-07
1.4523e-06
-2.22374e-07
1.43017e-06
-2.60406e-07
1.4033e-06
-2.94509e-07
1.3725e-06
-3.23617e-07
1.33864e-06
-3.46904e-07
1.30267e-06
-3.63787e-07
1.26554e-06
-3.73931e-07
1.22817e-06
-3.77229e-07
1.19139e-06
-3.73782e-07
1.15601e-06
-3.63866e-07
1.12268e-06
-3.47908e-07
1.09199e-06
-3.26438e-07
1.06443e-06
-3.00064e-07
1.04039e-06
-2.69438e-07
1.0202e-06
-2.3524e-07
1.00412e-06
-1.98171e-07
9.92386e-07
-1.58944e-07
9.85154e-07
-1.18284e-07
9.82543e-07
-7.69492e-08
9.846e-07
-3.57628e-08
9.91322e-07
4.46712e-09
1.00261e-06
4.29701e-08
1.01824e-06
7.88683e-08
1.03793e-06
1.11276e-07
1.06134e-06
1.39403e-07
1.08797e-06
1.62553e-07
1.11714e-06
1.80115e-07
1.14804e-06
1.91578e-07
1.17985e-06
1.96585e-07
1.21183e-06
1.94969e-07
1.24331e-06
1.8676e-07
1.27371e-06
1.72169e-07
1.30248e-06
1.51546e-07
1.32914e-06
1.25356e-07
1.35327e-06
9.41505e-08
1.37451e-06
5.85619e-08
1.39258e-06
1.9281e-08
1.40733e-06
-2.30346e-08
1.41863e-06
-6.77346e-08
1.42644e-06
-1.14012e-07
1.4308e-06
-1.61126e-07
1.43179e-06
-2.08396e-07
1.42956e-06
-2.55201e-07
1.42431e-06
-3.00988e-07
1.4163e-06
-3.45284e-07
1.4058e-06
-3.87704e-07
1.39317e-06
-4.27957e-07
1.37875e-06
-4.65848e-07
1.36292e-06
-5.01274e-07
1.34602e-06
-5.34219e-07
1.32837e-06
-5.64738e-07
1.31029e-06
-5.92975e-07
1.2921e-06
-6.1921e-07
1.27421e-06
-6.4386e-07
1.25692e-06
-6.67314e-07
1.24047e-06
-6.89849e-07
1.22505e-06
-7.11789e-07
1.21084e-06
-7.33342e-07
1.19822e-06
-7.54214e-07
1.18903e-06
-7.75124e-07
1.18769e-06
-8.00546e-07
1.19892e-06
-8.36179e-07
1.22205e-06
-8.8003e-07
1.24912e-06
-9.19258e-07
1.2704e-06
-9.39755e-07
1.28171e-06
-9.37106e-07
1.28609e-06
-9.16828e-07
1.28976e-06
-8.86463e-07
1.29723e-06
-8.49213e-07
1.30922e-06
-8.03562e-07
1.3236e-06
-7.4643e-07
1.33734e-06
-6.75953e-07
1.34785e-06
-5.92383e-07
1.3535e-06
-4.97618e-07
1.35342e-06
-3.94373e-07
1.3473e-06
-2.85758e-07
1.33528e-06
-1.75343e-07
1.31808e-06
-6.68017e-08
1.29702e-06
3.73254e-08
1.27382e-06
1.3579e-07
1.24989e-06
2.28004e-07
1.22562e-06
3.13618e-07
1.20048e-06
3.91638e-07
1.17351e-06
4.60064e-07
1.144e-06
5.16458e-07
1.1118e-06
5.5886e-07
1.07748e-06
5.86462e-07
1.04212e-06
5.99814e-07
1.00705e-06
6.00607e-07
9.73576e-07
5.91209e-07
9.4276e-07
5.74176e-07
9.15361e-07
5.51871e-07
8.91815e-07
5.26259e-07
8.72287e-07
4.98838e-07
8.56722e-07
4.70654e-07
8.44908e-07
4.42363e-07
8.36515e-07
4.14307e-07
8.31143e-07
3.86594e-07
8.28358e-07
3.59186e-07
8.27733e-07
3.31977e-07
8.28876e-07
3.04847e-07
8.31444e-07
2.77695e-07
8.35153e-07
2.50453e-07
8.39761e-07
2.23086e-07
8.45067e-07
1.95586e-07
8.50891e-07
1.67971e-07
8.57069e-07
1.40284e-07
8.63447e-07
1.12597e-07
8.69884e-07
8.50157e-08
8.76245e-07
5.76869e-08
8.82417e-07
3.07948e-08
8.88308e-07
4.55849e-09
8.93858e-07
-2.07746e-08
8.99019e-07
-4.49289e-08
9.03749e-07
-6.76093e-08
9.07995e-07
-8.85179e-08
9.11705e-07
-1.07376e-07
9.1484e-07
-1.23954e-07
9.17385e-07
-1.38093e-07
9.19349e-07
-1.4971e-07
9.20747e-07
-1.58781e-07
9.21566e-07
-1.6533e-07
9.21748e-07
-1.69412e-07
9.21171e-07
-1.71118e-07
9.19658e-07
-1.70589e-07
9.1699e-07
-1.68028e-07
9.12932e-07
-1.63722e-07
9.07255e-07
-1.58044e-07
8.99756e-07
-1.51447e-07
8.90278e-07
-1.4446e-07
8.78712e-07
-1.3768e-07
8.65005e-07
-1.3177e-07
8.49143e-07
-1.27424e-07
8.31115e-07
-1.2525e-07
8.10869e-07
-1.25571e-07
7.88287e-07
-1.28235e-07
7.63254e-07
-1.32666e-07
7.35872e-07
-1.38363e-07
7.06819e-07
-1.45793e-07
6.77697e-07
-1.57242e-07
6.51128e-07
-1.76925e-07
6.30316e-07
-2.09709e-07
6.18062e-07
-2.58607e-07
6.15683e-07
-3.22372e-07
6.22538e-07
-3.95071e-07
6.36463e-07
-4.68074e-07
6.54666e-07
-5.33003e-07
6.74539e-07
-5.83863e-07
6.94115e-07
-6.17725e-07
7.12185e-07
-6.34286e-07
7.28197e-07
-6.3494e-07
7.4206e-07
-6.21857e-07
7.53939e-07
-5.97343e-07
7.64117e-07
-5.63522e-07
7.72902e-07
-5.22245e-07
7.80597e-07
-4.75099e-07
7.87488e-07
-4.23438e-07
7.93842e-07
-3.68413e-07
7.99901e-07
-3.10983e-07
8.05881e-07
-2.51931e-07
8.11967e-07
-1.9187e-07
8.18315e-07
-1.31284e-07
8.25037e-07
-7.06128e-08
-1.04404e-08
8.32248e-07
1.31165e-06
4.79109e-08
1.31878e-06
5.30684e-08
1.32781e-06
5.80348e-08
1.33899e-06
6.22127e-08
1.35237e-06
6.47562e-08
1.36769e-06
6.46481e-08
1.38438e-06
6.08731e-08
1.4016e-06
5.25929e-08
1.41838e-06
3.9261e-08
1.43366e-06
2.06724e-08
1.44642e-06
-3.01685e-09
1.45572e-06
-3.13328e-08
1.46076e-06
-6.34808e-08
1.46098e-06
-9.83977e-08
1.45605e-06
-1.34854e-07
1.44591e-06
-1.71547e-07
1.43072e-06
-2.07181e-07
1.41083e-06
-2.40524e-07
1.3868e-06
-2.70474e-07
1.35928e-06
-2.96096e-07
1.32903e-06
-3.16653e-07
1.29685e-06
-3.31614e-07
1.26358e-06
-3.40657e-07
1.23001e-06
-3.43656e-07
1.19689e-06
-3.40668e-07
1.16494e-06
-3.31909e-07
1.13475e-06
-3.17725e-07
1.10688e-06
-2.98569e-07
1.08178e-06
-2.74965e-07
1.05984e-06
-2.47493e-07
1.04137e-06
-2.16767e-07
1.02662e-06
-1.83428e-07
1.01582e-06
-1.4814e-07
1.00911e-06
-1.11578e-07
1.00661e-06
-7.44442e-08
1.00834e-06
-3.74914e-08
1.01428e-06
-1.4747e-09
1.02435e-06
3.28995e-08
1.03835e-06
6.48634e-08
1.05599e-06
9.36376e-08
1.07689e-06
1.18502e-07
1.10062e-06
1.38824e-07
1.12666e-06
1.54074e-07
1.1544e-06
1.63838e-07
1.18316e-06
1.67827e-07
1.21224e-06
1.6589e-07
1.24098e-06
1.58023e-07
1.26877e-06
1.44374e-07
1.2951e-06
1.25223e-07
1.31949e-06
1.00963e-07
1.34156e-06
7.20812e-08
1.36098e-06
3.91436e-08
1.3775e-06
2.76284e-09
1.39096e-06
-3.64977e-08
1.40123e-06
-7.80045e-08
1.40825e-06
-1.21036e-07
1.41206e-06
-1.64931e-07
1.41274e-06
-2.09075e-07
1.41044e-06
-2.52905e-07
1.40538e-06
-2.95922e-07
1.39779e-06
-3.37698e-07
1.38797e-06
-3.77878e-07
1.3762e-06
-4.16192e-07
1.3628e-06
-4.52446e-07
1.34805e-06
-4.86525e-07
1.33222e-06
-5.18393e-07
1.31559e-06
-5.481e-07
1.29842e-06
-5.75808e-07
1.28104e-06
-6.01833e-07
1.26373e-06
-6.26552e-07
1.24664e-06
-6.50219e-07
1.22984e-06
-6.73048e-07
1.21357e-06
-6.95522e-07
1.19837e-06
-7.1814e-07
1.18556e-06
-7.41406e-07
1.17849e-06
-7.68053e-07
1.18209e-06
-8.04146e-07
1.19808e-06
-8.52165e-07
1.22013e-06
-9.02081e-07
1.23709e-06
-9.3622e-07
1.24235e-06
-9.4502e-07
1.23897e-06
-9.3372e-07
1.23576e-06
-9.13617e-07
1.23979e-06
-8.90495e-07
1.25238e-06
-8.61798e-07
1.27022e-06
-8.21403e-07
1.28864e-06
-7.64853e-07
1.30394e-06
-6.91257e-07
1.31412e-06
-6.02555e-07
1.31849e-06
-5.01993e-07
1.31707e-06
-3.92954e-07
1.30999e-06
-2.78678e-07
1.29732e-06
-1.62667e-07
1.27923e-06
-4.87169e-08
1.25655e-06
6.0003e-08
1.23107e-06
1.61273e-07
1.20482e-06
2.54254e-07
1.17907e-06
3.39371e-07
1.15395e-06
4.16756e-07
1.12872e-06
4.85296e-07
1.10236e-06
5.42815e-07
1.0742e-06
5.87019e-07
1.04421e-06
6.16456e-07
1.01298e-06
6.31045e-07
9.81524e-07
6.3206e-07
9.51005e-07
6.21728e-07
9.22485e-07
6.02697e-07
8.96789e-07
5.77566e-07
8.74461e-07
5.48587e-07
8.55769e-07
5.17529e-07
8.40759e-07
4.85664e-07
8.29301e-07
4.53821e-07
8.21141e-07
4.22466e-07
8.15942e-07
3.91793e-07
8.13318e-07
3.6181e-07
8.12871e-07
3.32424e-07
8.14221e-07
3.03497e-07
8.17021e-07
2.74894e-07
8.20971e-07
2.46504e-07
8.25812e-07
2.18244e-07
8.31329e-07
1.9007e-07
8.37334e-07
1.61965e-07
8.43669e-07
1.33949e-07
8.50194e-07
1.06072e-07
8.56785e-07
7.84243e-08
8.6334e-07
5.11321e-08
8.69777e-07
2.43579e-08
8.7604e-07
-1.70409e-09
8.82083e-07
-2.68182e-08
8.87859e-07
-5.07042e-08
8.93309e-07
-7.30596e-08
8.9838e-07
-9.35891e-08
9.03042e-07
-1.12037e-07
9.073e-07
-1.28212e-07
9.11187e-07
-1.41981e-07
9.14733e-07
-1.53255e-07
9.17917e-07
-1.61965e-07
9.20643e-07
-1.68056e-07
9.22726e-07
-1.71494e-07
9.23902e-07
-1.72294e-07
9.23861e-07
-1.70547e-07
9.22274e-07
-1.66441e-07
9.18829e-07
-1.60277e-07
9.13249e-07
-1.52465e-07
9.05312e-07
-1.4351e-07
8.94851e-07
-1.33999e-07
8.81764e-07
-1.24593e-07
8.66006e-07
-1.16012e-07
8.47573e-07
-1.08991e-07
8.26465e-07
-1.04143e-07
8.02646e-07
-1.01752e-07
7.76038e-07
-1.01627e-07
7.46631e-07
-1.03259e-07
7.1475e-07
-1.06483e-07
6.81441e-07
-1.12483e-07
6.48773e-07
-1.24575e-07
6.19789e-07
-1.4794e-07
5.97832e-07
-1.87753e-07
5.85403e-07
-2.46178e-07
5.8316e-07
-3.2013e-07
5.89791e-07
-4.01702e-07
6.02734e-07
-4.81017e-07
6.19136e-07
-5.49405e-07
6.36546e-07
-6.01274e-07
6.5324e-07
-6.34418e-07
6.68245e-07
-6.49291e-07
6.81204e-07
-6.479e-07
6.92162e-07
-6.32815e-07
7.01364e-07
-6.06545e-07
7.09125e-07
-5.71283e-07
7.15757e-07
-5.28877e-07
7.21546e-07
-4.80889e-07
7.26761e-07
-4.28653e-07
7.31648e-07
-3.733e-07
7.36437e-07
-3.15772e-07
7.41333e-07
-2.56827e-07
7.46519e-07
-1.97056e-07
7.52155e-07
-1.3692e-07
7.58358e-07
-7.68154e-08
-1.73353e-08
7.65253e-07
1.31281e-06
4.22192e-08
1.31981e-06
4.60706e-08
1.32835e-06
4.94951e-08
1.33858e-06
5.19812e-08
1.35049e-06
5.28497e-08
1.36382e-06
5.13133e-08
1.3781e-06
4.65935e-08
1.39265e-06
3.8046e-08
1.40666e-06
2.52526e-08
1.41926e-06
8.06639e-09
1.42962e-06
-1.33731e-08
1.43695e-06
-3.86634e-08
1.4406e-06
-6.7129e-08
1.44009e-06
-9.78869e-08
1.43514e-06
-1.29908e-07
1.42569e-06
-1.62093e-07
1.41184e-06
-1.93338e-07
1.39391e-06
-2.22589e-07
1.37233e-06
-2.48894e-07
1.34766e-06
-2.71434e-07
1.32057e-06
-2.89554e-07
1.29172e-06
-3.02772e-07
1.26185e-06
-3.10784e-07
1.23165e-06
-3.13456e-07
1.2018e-06
-3.10814e-07
1.17291e-06
-3.03024e-07
1.14556e-06
-2.90373e-07
1.12024e-06
-2.73245e-07
1.09737e-06
-2.52097e-07
1.07732e-06
-2.27446e-07
1.0604e-06
-1.99843e-07
1.04684e-06
-1.69876e-07
1.03686e-06
-1.38155e-07
1.03059e-06
-1.05308e-07
1.02813e-06
-7.19833e-08
1.0295e-06
-3.88662e-08
1.03468e-06
-6.65274e-09
1.04358e-06
2.4004e-08
1.05602e-06
5.24204e-08
1.07174e-06
7.79134e-08
1.0904e-06
9.98486e-08
1.11156e-06
1.1766e-07
1.13477e-06
1.3087e-07
1.15949e-06
1.39112e-07
1.18518e-06
1.42136e-07
1.21126e-06
1.39816e-07
1.23713e-06
1.32149e-07
1.26225e-06
1.19253e-07
1.28611e-06
1.01362e-07
1.30827e-06
7.88084e-08
1.32833e-06
5.20166e-08
1.34599e-06
2.1484e-08
1.36103e-06
-1.2272e-08
1.37328e-06
-4.87484e-08
1.38261e-06
-8.73331e-08
1.38897e-06
-1.27399e-07
1.3924e-06
-1.68358e-07
1.39298e-06
-2.09655e-07
1.39085e-06
-2.50781e-07
1.38621e-06
-2.91279e-07
1.37926e-06
-3.30754e-07
1.37026e-06
-3.68872e-07
1.35943e-06
-4.05369e-07
1.34704e-06
-4.40051e-07
1.33331e-06
-4.72795e-07
1.31848e-06
-5.0356e-07
1.30278e-06
-5.32403e-07
1.28647e-06
-5.59503e-07
1.26978e-06
-5.85143e-07
1.2528e-06
-6.09563e-07
1.23547e-06
-6.32889e-07
1.21791e-06
-6.55494e-07
1.20073e-06
-6.78336e-07
1.18512e-06
-7.02532e-07
1.17344e-06
-7.29724e-07
1.16971e-06
-7.64329e-07
1.17717e-06
-8.11607e-07
1.19247e-06
-8.67464e-07
1.20464e-06
-9.14246e-07
1.20392e-06
-9.35501e-07
1.19145e-06
-9.32551e-07
1.17825e-06
-9.20527e-07
1.17528e-06
-9.10645e-07
1.1856e-06
-9.00813e-07
1.20483e-06
-8.81033e-07
1.22616e-06
-8.42733e-07
1.24428e-06
-7.82965e-07
1.25658e-06
-7.0356e-07
1.26266e-06
-6.08637e-07
1.26323e-06
-5.02565e-07
1.25923e-06
-3.8895e-07
1.2512e-06
-2.70645e-07
1.23903e-06
-1.50502e-07
1.22225e-06
-3.19354e-08
1.20079e-06
8.14638e-08
1.17582e-06
1.8624e-07
1.14934e-06
2.80733e-07
1.12319e-06
3.65523e-07
1.09829e-06
4.41652e-07
1.07448e-06
5.09106e-07
1.05089e-06
5.66408e-07
1.02659e-06
6.11319e-07
1.00109e-06
6.41954e-07
9.74509e-07
6.57629e-07
9.47462e-07
6.59107e-07
9.20858e-07
6.48332e-07
8.95647e-07
6.27907e-07
8.72648e-07
6.00565e-07
8.52453e-07
5.68782e-07
8.3541e-07
5.34572e-07
8.21649e-07
4.99425e-07
8.11123e-07
4.64347e-07
8.03654e-07
4.29936e-07
7.98971e-07
3.96476e-07
7.96748e-07
3.64034e-07
7.96632e-07
3.3254e-07
7.98272e-07
3.01856e-07
8.01341e-07
2.71826e-07
8.05541e-07
2.42303e-07
8.10617e-07
2.13169e-07
8.16349e-07
1.84337e-07
8.22557e-07
1.55758e-07
8.29087e-07
1.27419e-07
8.35812e-07
9.93462e-08
8.42632e-07
7.16043e-08
8.4947e-07
4.42941e-08
8.56274e-07
1.75538e-08
8.63006e-07
-8.43539e-09
8.69617e-07
-3.34299e-08
8.76054e-07
-5.71404e-08
8.8227e-07
-7.92763e-08
8.8826e-07
-9.95791e-08
8.94065e-07
-1.17842e-07
8.99755e-07
-1.33901e-07
9.05376e-07
-1.47602e-07
9.10899e-07
-1.58777e-07
9.16175e-07
-1.67242e-07
9.20939e-07
-1.7282e-07
9.24831e-07
-1.75387e-07
9.27446e-07
-1.74909e-07
9.28373e-07
-1.71473e-07
9.27231e-07
-1.653e-07
9.23698e-07
-1.56744e-07
9.1751e-07
-1.46277e-07
9.08471e-07
-1.34471e-07
8.96446e-07
-1.21974e-07
8.81361e-07
-1.09508e-07
8.63194e-07
-9.78459e-08
8.41959e-07
-8.77555e-08
8.17664e-07
-7.98481e-08
7.90286e-07
-7.43737e-08
7.59788e-07
-7.1129e-08
7.26275e-07
-6.97467e-08
6.90316e-07
-7.0523e-08
6.53337e-07
-7.55041e-08
6.17852e-07
-8.90903e-08
5.87202e-07
-1.1729e-07
5.6467e-07
-1.65221e-07
5.52257e-07
-2.33765e-07
5.49911e-07
-3.17783e-07
5.55777e-07
-4.07567e-07
5.67112e-07
-4.92352e-07
5.81176e-07
-5.63469e-07
5.95757e-07
-6.15855e-07
6.09371e-07
-6.48033e-07
6.2125e-07
-6.61169e-07
6.31184e-07
-6.57834e-07
6.39318e-07
-6.40949e-07
6.45952e-07
-6.13179e-07
6.51412e-07
-5.76743e-07
6.55999e-07
-5.33464e-07
6.5998e-07
-4.8487e-07
6.63597e-07
-4.3227e-07
6.67077e-07
-3.76779e-07
6.70631e-07
-3.19326e-07
6.74457e-07
-2.60653e-07
6.78731e-07
-2.0133e-07
6.83619e-07
-1.41808e-07
6.89242e-07
-8.24378e-08
-2.38265e-08
6.95733e-07
1.31355e-06
3.65759e-08
1.32029e-06
3.9327e-08
1.32829e-06
4.15016e-08
1.3376e-06
4.26659e-08
1.34818e-06
4.22713e-08
1.35979e-06
3.9703e-08
1.37202e-06
3.4362e-08
1.38431e-06
2.5755e-08
1.396e-06
1.3565e-08
1.40638e-06
-2.30688e-09
1.41474e-06
-2.17356e-08
1.42044e-06
-4.43672e-08
1.42294e-06
-6.96311e-08
1.42184e-06
-9.6785e-08
1.4169e-06
-1.24964e-07
1.40804e-06
-1.53237e-07
1.39537e-06
-1.80665e-07
1.37912e-06
-2.06344e-07
1.35968e-06
-2.2945e-07
1.33751e-06
-2.49266e-07
1.31317e-06
-2.65213e-07
1.28726e-06
-2.76857e-07
1.26038e-06
-2.83913e-07
1.23318e-06
-2.86247e-07
1.20622e-06
-2.83862e-07
1.18009e-06
-2.76888e-07
1.15528e-06
-2.65562e-07
1.13225e-06
-2.50214e-07
1.11139e-06
-2.31245e-07
1.09306e-06
-2.09111e-07
1.07753e-06
-1.84314e-07
1.06504e-06
-1.57385e-07
1.05577e-06
-1.28887e-07
1.04986e-06
-9.94004e-08
1.0474e-06
-6.95201e-08
1.0484e-06
-3.98707e-08
1.05284e-06
-1.10898e-08
1.06063e-06
1.62201e-08
1.0716e-06
4.14481e-08
1.08552e-06
6.39889e-08
1.10209e-06
8.32808e-08
1.12092e-06
9.88257e-08
1.14159e-06
1.10202e-07
1.16363e-06
1.17079e-07
1.18653e-06
1.19232e-07
1.2098e-06
1.16546e-07
1.23293e-06
1.09016e-07
1.25544e-06
9.67429e-08
1.27688e-06
7.99277e-08
1.29683e-06
5.88601e-08
1.31493e-06
3.39114e-08
1.3309e-06
5.51098e-09
1.34454e-06
-2.59107e-08
1.35567e-06
-5.98772e-08
1.36417e-06
-9.58295e-08
1.36999e-06
-1.33221e-07
1.37315e-06
-1.71524e-07
1.37374e-06
-2.10237e-07
1.37185e-06
-2.48898e-07
1.36766e-06
-2.87085e-07
1.36134e-06
-3.2443e-07
1.35308e-06
-3.60618e-07
1.34311e-06
-3.95392e-07
1.33161e-06
-4.2856e-07
1.31882e-06
-4.59997e-07
1.30492e-06
-4.89666e-07
1.29013e-06
-5.17615e-07
1.27461e-06
-5.4398e-07
1.25839e-06
-5.68923e-07
1.24136e-06
-5.92534e-07
1.22347e-06
-6.15002e-07
1.20519e-06
-6.37212e-07
1.1877e-06
-6.60843e-07
1.17282e-06
-6.87651e-07
1.16328e-06
-7.20186e-07
1.1622e-06
-7.63249e-07
1.16908e-06
-8.18484e-07
1.17543e-06
-8.73816e-07
1.16928e-06
-9.08094e-07
1.14751e-06
-9.13733e-07
1.12131e-06
-9.06351e-07
1.10657e-06
-9.05789e-07
1.11039e-06
-9.14467e-07
1.12824e-06
-9.18654e-07
1.15066e-06
-9.0346e-07
1.17001e-06
-8.62081e-07
1.18262e-06
-7.95572e-07
1.18806e-06
-7.09002e-07
1.18763e-06
-6.08211e-07
1.18314e-06
-4.98068e-07
1.17609e-06
-3.81902e-07
1.16727e-06
-2.61827e-07
1.15649e-06
-1.39716e-07
1.14274e-06
-1.81889e-08
1.12507e-06
9.91286e-08
1.10367e-06
2.07646e-07
1.0799e-06
3.04504e-07
1.05564e-06
3.89777e-07
1.03239e-06
4.64906e-07
1.01064e-06
5.30856e-07
9.89975e-07
5.87072e-07
9.69559e-07
6.31735e-07
9.48683e-07
6.6283e-07
9.2709e-07
6.79221e-07
9.05026e-07
6.81171e-07
8.83097e-07
6.70262e-07
8.62063e-07
6.48941e-07
8.42657e-07
6.19971e-07
8.25465e-07
5.85974e-07
8.10876e-07
5.49161e-07
7.99084e-07
5.11217e-07
7.90114e-07
4.73318e-07
7.83859e-07
4.36191e-07
7.80117e-07
4.00217e-07
7.78626e-07
3.65525e-07
7.79087e-07
3.32079e-07
7.81193e-07
2.9975e-07
7.84648e-07
2.68371e-07
7.89178e-07
2.37773e-07
7.94542e-07
2.07804e-07
8.00536e-07
1.78343e-07
8.06986e-07
1.49307e-07
8.13754e-07
1.20651e-07
8.20729e-07
9.23704e-08
8.27834e-07
6.44992e-08
8.35016e-07
3.71123e-08
8.42238e-07
1.03319e-08
8.49462e-07
-1.56587e-08
8.56641e-07
-4.0609e-08
8.6375e-07
-6.42497e-08
8.70819e-07
-8.6345e-08
8.77938e-07
-1.06698e-07
8.85223e-07
-1.25127e-07
8.92741e-07
-1.41419e-07
9.00438e-07
-1.55299e-07
9.08101e-07
-1.66441e-07
9.1537e-07
-1.7451e-07
9.2178e-07
-1.7923e-07
9.26833e-07
-1.8044e-07
9.30051e-07
-1.78127e-07
9.31016e-07
-1.72438e-07
9.29389e-07
-1.63673e-07
9.24909e-07
-1.52264e-07
9.17383e-07
-1.38752e-07
9.06675e-07
-1.23762e-07
8.92695e-07
-1.07995e-07
8.75401e-07
-9.22136e-08
8.5479e-07
-7.72344e-08
8.30878e-07
-6.3844e-08
8.03668e-07
-5.26382e-08
7.73124e-07
-4.38292e-08
7.39232e-07
-3.72377e-08
7.02211e-07
-3.27251e-08
6.6288e-07
-3.11928e-08
6.23064e-07
-3.56881e-08
5.85666e-07
-5.16916e-08
5.54163e-07
-8.57874e-08
5.31553e-07
-1.42611e-07
5.19182e-07
-2.21395e-07
5.16333e-07
-3.14934e-07
5.20813e-07
-4.12047e-07
5.29925e-07
-5.01465e-07
5.41187e-07
-5.7473e-07
5.52661e-07
-6.27329e-07
5.63079e-07
-6.58452e-07
5.71822e-07
-6.69912e-07
5.78787e-07
-6.64798e-07
5.84183e-07
-6.46346e-07
5.88344e-07
-6.17339e-07
5.91597e-07
-5.79996e-07
5.94225e-07
-5.36092e-07
5.9647e-07
-4.87115e-07
5.9855e-07
-4.34349e-07
6.00667e-07
-3.78897e-07
6.03016e-07
-3.21676e-07
6.05782e-07
-2.63419e-07
6.09134e-07
-2.04682e-07
6.1324e-07
-1.45914e-07
6.18226e-07
-8.74239e-08
-2.98353e-08
6.24235e-07
1.31394e-06
3.10739e-08
1.32036e-06
3.2909e-08
1.32778e-06
3.40793e-08
1.33623e-06
3.42192e-08
1.34562e-06
3.28841e-08
1.35573e-06
2.95908e-08
1.36621e-06
2.38773e-08
1.3766e-06
1.53669e-08
1.38634e-06
3.82267e-09
1.39485e-06
-1.08193e-08
1.40156e-06
-2.8438e-08
1.40591e-06
-4.87219e-08
1.40747e-06
-7.11868e-08
1.40589e-06
-9.5205e-08
1.40097e-06
-1.20045e-07
1.39265e-06
-1.44918e-07
1.381e-06
-1.6902e-07
1.36624e-06
-1.91576e-07
1.34866e-06
-2.11871e-07
1.32867e-06
-2.29281e-07
1.30675e-06
-2.43293e-07
1.28341e-06
-2.53518e-07
1.25919e-06
-2.59694e-07
1.23464e-06
-2.6169e-07
1.21027e-06
-2.59495e-07
1.18659e-06
-2.53209e-07
1.16406e-06
-2.43031e-07
1.14309e-06
-2.29247e-07
1.12405e-06
-2.12206e-07
1.10726e-06
-1.92318e-07
1.09298e-06
-1.70034e-07
1.08143e-06
-1.45838e-07
1.07279e-06
-1.20246e-07
1.06718e-06
-9.37899e-08
1.06468e-06
-6.70183e-08
1.06531e-06
-4.04984e-08
1.06903e-06
-1.48122e-08
1.07576e-06
9.48515e-09
1.08537e-06
3.18461e-08
1.09762e-06
5.17345e-08
1.11225e-06
6.86482e-08
1.12893e-06
8.21467e-08
1.14728e-06
9.18581e-08
1.16687e-06
9.749e-08
1.18726e-06
9.88402e-08
1.208e-06
9.58026e-08
1.22865e-06
8.83683e-08
1.24877e-06
7.66224e-08
1.26796e-06
6.07372e-08
1.28585e-06
4.09677e-08
1.30212e-06
1.76394e-08
1.31652e-06
-8.88636e-09
1.32885e-06
-3.82344e-08
1.33892e-06
-6.99489e-08
1.34663e-06
-1.03539e-07
1.35193e-06
-1.38521e-07
1.35482e-06
-1.74421e-07
1.35537e-06
-2.10786e-07
1.35367e-06
-2.47194e-07
1.34984e-06
-2.83258e-07
1.34404e-06
-3.18633e-07
1.33645e-06
-3.53023e-07
1.32724e-06
-3.8618e-07
1.31659e-06
-4.17915e-07
1.3047e-06
-4.48105e-07
1.29173e-06
-4.76693e-07
1.27778e-06
-5.0367e-07
1.26286e-06
-5.29058e-07
1.24682e-06
-5.52883e-07
1.22952e-06
-5.75234e-07
1.21122e-06
-5.96703e-07
1.19295e-06
-6.18939e-07
1.1763e-06
-6.44196e-07
1.16305e-06
-6.74401e-07
1.15508e-06
-7.12216e-07
1.15301e-06
-7.61177e-07
1.15198e-06
-8.17452e-07
1.14065e-06
-8.62492e-07
1.11092e-06
-8.7836e-07
1.07018e-06
-8.72989e-07
1.03838e-06
-8.74555e-07
1.02985e-06
-8.9726e-07
1.04242e-06
-9.27039e-07
1.06407e-06
-9.40304e-07
1.0838e-06
-9.23183e-07
1.09609e-06
-8.74375e-07
1.1001e-06
-7.99579e-07
1.0974e-06
-7.063e-07
1.09033e-06
-6.01148e-07
1.08111e-06
-4.88845e-07
1.07136e-06
-3.72155e-07
1.06195e-06
-2.52411e-07
1.05271e-06
-1.30483e-07
1.04249e-06
-7.96156e-09
1.02975e-06
1.11862e-07
1.01377e-06
2.23633e-07
9.95024e-07
3.23247e-07
9.74984e-07
4.09817e-07
9.5525e-07
4.8464e-07
9.36809e-07
5.49297e-07
9.1976e-07
6.04121e-07
9.03571e-07
6.47924e-07
8.87553e-07
6.78849e-07
8.71251e-07
6.95523e-07
8.54614e-07
6.97808e-07
8.37955e-07
6.8692e-07
8.2181e-07
6.65087e-07
8.06771e-07
6.35009e-07
7.93367e-07
5.99379e-07
7.81986e-07
5.60542e-07
7.72859e-07
5.20344e-07
7.66069e-07
4.80108e-07
7.61573e-07
4.40686e-07
7.59238e-07
4.02553e-07
7.58863e-07
3.659e-07
7.6021e-07
3.30732e-07
7.63022e-07
2.96938e-07
7.67046e-07
2.64347e-07
7.72043e-07
2.32777e-07
7.77798e-07
2.02049e-07
7.84126e-07
1.72015e-07
7.90875e-07
1.42559e-07
7.97924e-07
1.13602e-07
8.05187e-07
8.51071e-08
8.12609e-07
5.7078e-08
8.2015e-07
2.95707e-08
8.27779e-07
2.70294e-09
8.35464e-07
-2.3344e-08
8.43206e-07
-4.8351e-08
8.5108e-07
-7.21231e-08
8.59234e-07
-9.44993e-08
8.67834e-07
-1.15298e-07
8.76962e-07
-1.34255e-07
8.86529e-07
-1.50986e-07
8.96239e-07
-1.6501e-07
9.05625e-07
-1.75827e-07
9.1412e-07
-1.83005e-07
9.21145e-07
-1.86256e-07
9.2618e-07
-1.85475e-07
9.28799e-07
-1.80746e-07
9.28685e-07
-1.72324e-07
9.25618e-07
-1.60605e-07
9.19449e-07
-1.46095e-07
9.10077e-07
-1.2938e-07
8.97428e-07
-1.11113e-07
8.81448e-07
-9.20145e-08
8.62103e-07
-7.28695e-08
8.39384e-07
-5.45153e-08
8.1329e-07
-3.77493e-08
7.83798e-07
-2.31461e-08
7.50842e-07
-1.08741e-08
7.14396e-07
-7.91692e-10
6.74762e-07
6.90933e-09
6.33015e-07
1.05537e-08
5.91374e-07
5.95389e-09
5.53085e-07
-1.34027e-08
5.21561e-07
-5.42642e-08
4.99264e-07
-1.20314e-07
4.86802e-07
-2.08932e-07
4.82922e-07
-3.11054e-07
4.85347e-07
-4.14471e-07
4.91645e-07
-5.07763e-07
4.99695e-07
-5.82779e-07
5.07844e-07
-6.35478e-07
5.14993e-07
-6.65601e-07
5.20614e-07
-6.75534e-07
5.24663e-07
-6.68847e-07
5.2739e-07
-6.49073e-07
5.29144e-07
-6.19094e-07
5.30249e-07
-5.81101e-07
5.30969e-07
-5.36812e-07
5.31521e-07
-4.87667e-07
5.32098e-07
-4.34926e-07
5.32881e-07
-3.7968e-07
5.34042e-07
-3.22838e-07
5.35753e-07
-2.65129e-07
5.38173e-07
-2.07103e-07
5.41468e-07
-1.49209e-07
5.45764e-07
-9.17207e-08
-3.52903e-08
5.51219e-07
1.31406e-06
2.57752e-08
1.32011e-06
2.68571e-08
1.32696e-06
2.7229e-08
1.33459e-06
2.65849e-08
1.34291e-06
2.45636e-08
1.35172e-06
2.07837e-08
1.36071e-06
1.48877e-08
1.36949e-06
6.58878e-09
1.3776e-06
-4.28713e-09
1.38455e-06
-1.77756e-08
1.38987e-06
-3.37576e-08
1.39311e-06
-5.19601e-08
1.39389e-06
-7.1968e-08
1.39194e-06
-9.32476e-08
1.38707e-06
-1.15177e-07
1.37923e-06
-1.37085e-07
1.3685e-06
-1.58283e-07
1.35502e-06
-1.78103e-07
1.33908e-06
-1.95927e-07
1.32101e-06
-2.11211e-07
1.30122e-06
-2.23502e-07
1.28016e-06
-2.32452e-07
1.25829e-06
-2.37823e-07
1.23608e-06
-2.39489e-07
1.21402e-06
-2.3743e-07
1.19254e-06
-2.31725e-07
1.17205e-06
-2.22543e-07
1.15293e-06
-2.1013e-07
1.13552e-06
-1.94797e-07
1.12011e-06
-1.76908e-07
1.10695e-06
-1.56871e-07
1.09624e-06
-1.35127e-07
1.08814e-06
-1.12147e-07
1.08277e-06
-8.84199e-08
1.0802e-06
-6.44486e-08
1.08045e-06
-4.0749e-08
1.08349e-06
-1.785e-08
1.08924e-06
3.73806e-09
1.09756e-06
2.35213e-08
1.10827e-06
4.10239e-08
1.12112e-06
5.57978e-08
1.13582e-06
6.74509e-08
1.15202e-06
7.56537e-08
1.16936e-06
8.0147e-08
1.18745e-06
8.07505e-08
1.20589e-06
7.73681e-08
1.22427e-06
6.99884e-08
1.24221e-06
5.86826e-08
1.25935e-06
4.36004e-08
1.27535e-06
2.49654e-08
1.28993e-06
3.05974e-09
1.30286e-06
-2.18179e-08
1.31394e-06
-4.93151e-08
1.323e-06
-7.90141e-08
1.32995e-06
-1.10486e-07
1.33473e-06
-1.43299e-07
1.33734e-06
-1.77028e-07
1.33781e-06
-2.11264e-07
1.33624e-06
-2.4562e-07
1.33272e-06
-2.79741e-07
1.3274e-06
-3.13308e-07
1.32041e-06
-3.46038e-07
1.31193e-06
-3.77696e-07
1.30211e-06
-4.08095e-07
1.2911e-06
-4.37093e-07
1.27897e-06
-4.64568e-07
1.2657e-06
-4.90401e-07
1.25115e-06
-5.14506e-07
1.23517e-06
-5.36901e-07
1.21789e-06
-5.57957e-07
1.2001e-06
-5.78907e-07
1.18314e-06
-6.01986e-07
1.16828e-06
-6.29331e-07
1.1561e-06
-6.62223e-07
1.14652e-06
-7.02637e-07
1.13709e-06
-7.51747e-07
1.1198e-06
-8.00159e-07
1.08413e-06
-8.26821e-07
1.03026e-06
-8.24497e-07
9.77396e-07
-8.20121e-07
9.49054e-07
-8.46213e-07
9.50492e-07
-8.98698e-07
9.68692e-07
-9.4524e-07
9.88163e-07
-9.59775e-07
1.00032e-06
-9.35344e-07
1.00328e-06
-8.77329e-07
9.98577e-07
-7.94878e-07
9.88836e-07
-6.96559e-07
9.766e-07
-5.88912e-07
9.63927e-07
-4.76171e-07
9.52261e-07
-3.6049e-07
9.42396e-07
-2.42546e-07
9.34298e-07
-1.22385e-07
9.26948e-07
-6.11429e-10
9.18766e-07
1.20045e-07
9.08469e-07
2.3393e-07
8.95763e-07
3.35953e-07
8.81431e-07
4.24149e-07
8.66799e-07
4.99272e-07
8.52996e-07
5.631e-07
8.40495e-07
6.16622e-07
8.29111e-07
6.59307e-07
8.18323e-07
6.89637e-07
8.07631e-07
7.06215e-07
7.96793e-07
7.08645e-07
7.8588e-07
6.97834e-07
7.75196e-07
6.7577e-07
7.65169e-07
6.45037e-07
7.56227e-07
6.08321e-07
7.48724e-07
5.68044e-07
7.42901e-07
5.26167e-07
7.3888e-07
4.8413e-07
7.36673e-07
4.42893e-07
7.36208e-07
4.03017e-07
7.37349e-07
3.6476e-07
7.39915e-07
3.28166e-07
7.43707e-07
2.93146e-07
7.48518e-07
2.59537e-07
7.54149e-07
2.27145e-07
7.60421e-07
1.95777e-07
7.67177e-07
1.65259e-07
7.7429e-07
1.35445e-07
7.81668e-07
1.06224e-07
7.89249e-07
7.75262e-08
7.96994e-07
4.93333e-08
8.04871e-07
2.16932e-08
8.12866e-07
-5.29176e-09
8.21008e-07
-3.14864e-08
8.29419e-07
-5.67622e-08
8.3831e-07
-8.10135e-08
8.47891e-07
-1.04081e-07
8.5825e-07
-1.25658e-07
8.69248e-07
-1.45253e-07
8.80497e-07
-1.62235e-07
8.91423e-07
-1.75935e-07
9.01368e-07
-1.85772e-07
9.097e-07
-1.91337e-07
9.15887e-07
-1.92443e-07
9.19529e-07
-1.89118e-07
9.20364e-07
-1.81581e-07
9.18237e-07
-1.70197e-07
9.13071e-07
-1.55439e-07
9.04828e-07
-1.37852e-07
8.9348e-07
-1.18032e-07
8.78994e-07
-9.66268e-08
8.61328e-07
-7.43492e-08
8.40444e-07
-5.19855e-08
8.16301e-07
-3.0372e-08
7.88828e-07
-1.02765e-08
7.57909e-07
7.77299e-09
7.23412e-07
2.36235e-08
6.85337e-07
3.7283e-08
6.4416e-07
4.80861e-08
6.01248e-07
5.34663e-08
5.591e-07
4.81015e-08
5.21085e-07
2.4612e-08
4.90368e-07
-2.35471e-08
4.68664e-07
-9.86094e-08
4.5583e-07
-1.96098e-07
4.50297e-07
-3.05521e-07
4.49972e-07
-4.14147e-07
4.52879e-07
-5.1067e-07
4.57332e-07
-5.87232e-07
4.61959e-07
-6.40105e-07
4.65775e-07
-6.69417e-07
4.68283e-07
-6.78042e-07
4.6945e-07
-6.70014e-07
4.69542e-07
-6.49165e-07
4.68917e-07
-6.18468e-07
4.67891e-07
-5.80076e-07
4.6671e-07
-5.35631e-07
4.65573e-07
-4.86529e-07
4.64652e-07
-4.34006e-07
4.64108e-07
-3.79135e-07
4.64088e-07
-3.22818e-07
4.64741e-07
-2.65782e-07
4.66216e-07
-2.08578e-07
4.68671e-07
-1.51663e-07
4.72226e-07
-9.52758e-08
-4.01255e-08
4.77061e-07
1.31397e-06
2.0719e-08
1.31964e-06
2.11897e-08
1.32593e-06
2.09362e-08
1.33281e-06
1.9703e-08
1.34018e-06
1.71965e-08
1.34785e-06
1.31148e-08
1.35556e-06
7.18056e-09
1.36297e-06
-8.2328e-10
1.3697e-06
-1.10224e-08
1.37536e-06
-2.34287e-08
1.37953e-06
-3.7927e-08
1.38184e-06
-5.42763e-08
1.38199e-06
-7.21187e-08
1.37974e-06
-9.09974e-08
1.37495e-06
-1.10382e-07
1.36756e-06
-1.29697e-07
1.35763e-06
-1.48353e-07
1.3453e-06
-1.65775e-07
1.3308e-06
-1.81426e-07
1.31442e-06
-1.94831e-07
1.29651e-06
-2.05591e-07
1.27746e-06
-2.13397e-07
1.25767e-06
-2.18034e-07
1.23756e-06
-2.19382e-07
1.21755e-06
-2.17418e-07
1.19803e-06
-2.12203e-07
1.17937e-06
-2.03883e-07
1.16191e-06
-1.92673e-07
1.14596e-06
-1.78848e-07
1.13179e-06
-1.62735e-07
1.11962e-06
-1.44703e-07
1.10964e-06
-1.25154e-07
1.10201e-06
-1.04517e-07
1.09683e-06
-8.32406e-08
1.09417e-06
-6.17865e-08
1.09405e-06
-4.06243e-08
1.09643e-06
-2.0233e-08
1.10125e-06
-1.08066e-09
1.10838e-06
1.63866e-08
1.11767e-06
3.17423e-08
1.12887e-06
4.45885e-08
1.14175e-06
5.45757e-08
1.15599e-06
6.14109e-08
1.17128e-06
6.48639e-08
1.18725e-06
6.4774e-08
1.20357e-06
6.10546e-08
1.21986e-06
5.36932e-08
1.23579e-06
4.27504e-08
1.25104e-06
2.83581e-08
1.26529e-06
1.07106e-08
1.27831e-06
-9.95587e-09
1.28987e-06
-3.33803e-08
1.29978e-06
-5.92266e-08
1.30789e-06
-8.71276e-08
1.31411e-06
-1.16704e-07
1.31838e-06
-1.4757e-07
1.3207e-06
-1.79343e-07
1.32109e-06
-2.11652e-07
1.31961e-06
-2.44147e-07
1.31637e-06
-2.765e-07
1.31148e-06
-3.08414e-07
1.30507e-06
-3.39626e-07
1.29728e-06
-3.69906e-07
1.28823e-06
-3.99051e-07
1.278e-06
-4.26861e-07
1.26655e-06
-4.53119e-07
1.25378e-06
-4.77628e-07
1.23959e-06
-5.00323e-07
1.22414e-06
-5.21444e-07
1.208e-06
-5.41817e-07
1.19221e-06
-5.63118e-07
1.17762e-06
-5.87401e-07
1.164e-06
-6.15704e-07
1.14988e-06
-6.48108e-07
1.133e-06
-6.85754e-07
1.10862e-06
-7.27372e-07
1.06795e-06
-7.59491e-07
1.00505e-06
-7.63912e-07
9.3135e-07
-7.50802e-07
8.75787e-07
-7.64558e-07
8.57299e-07
-8.27724e-07
8.67231e-07
-9.0863e-07
8.85214e-07
-9.63223e-07
8.97564e-07
-9.72125e-07
9.00253e-07
-9.38032e-07
8.94484e-07
-8.7156e-07
8.82966e-07
-7.83359e-07
8.68352e-07
-6.81946e-07
8.52839e-07
-5.73399e-07
8.38092e-07
-4.61425e-07
8.25279e-07
-3.47677e-07
8.15072e-07
-2.32338e-07
8.07514e-07
-1.14828e-07
8.01925e-07
4.97741e-09
7.97069e-07
1.24901e-07
7.9161e-07
2.39389e-07
7.84757e-07
3.42806e-07
7.7662e-07
4.32286e-07
7.68001e-07
5.0789e-07
7.59851e-07
5.7125e-07
7.5277e-07
6.23703e-07
7.46834e-07
6.65243e-07
7.4172e-07
6.94751e-07
7.3698e-07
7.10955e-07
7.32275e-07
7.1335e-07
7.27488e-07
7.02621e-07
7.2272e-07
6.80537e-07
7.18222e-07
6.49535e-07
7.143e-07
6.12243e-07
7.11245e-07
5.711e-07
7.09283e-07
5.28128e-07
7.08557e-07
4.84856e-07
7.09124e-07
4.42327e-07
7.10965e-07
4.01177e-07
7.14002e-07
3.61722e-07
7.18117e-07
3.24051e-07
7.23163e-07
2.88099e-07
7.28987e-07
2.53713e-07
7.35433e-07
2.20699e-07
7.4236e-07
1.88851e-07
7.49646e-07
1.57973e-07
7.57199e-07
1.27892e-07
7.64956e-07
9.84673e-08
7.72876e-07
6.96061e-08
7.80929e-07
4.128e-08
7.89109e-07
1.35138e-08
7.97475e-07
-1.36583e-08
8.06197e-07
-4.02079e-08
8.15535e-07
-6.61006e-08
8.25739e-07
-9.12171e-08
8.36886e-07
-1.15227e-07
8.48775e-07
-1.37547e-07
8.60926e-07
-1.57404e-07
8.72671e-07
-1.7398e-07
8.83295e-07
-1.86559e-07
8.92152e-07
-1.94629e-07
8.98739e-07
-1.97924e-07
9.02715e-07
-1.96418e-07
9.03885e-07
-1.90288e-07
9.02172e-07
-1.79868e-07
8.97572e-07
-1.65597e-07
8.90118e-07
-1.47985e-07
8.79844e-07
-1.27579e-07
8.66767e-07
-1.04954e-07
8.50869e-07
-8.07281e-08
8.32096e-07
-5.55765e-08
8.10361e-07
-3.02501e-08
7.85525e-07
-5.53688e-09
7.57428e-07
1.78207e-08
7.25892e-07
3.93094e-08
6.90771e-07
5.8744e-08
6.52156e-07
7.5898e-08
6.10738e-07
8.95046e-08
5.6818e-07
9.60241e-08
5.27155e-07
8.91268e-08
4.90786e-07
6.09811e-08
4.61676e-07
5.56273e-09
4.40706e-07
-7.76394e-08
4.27094e-07
-1.82486e-07
4.19225e-07
-2.97652e-07
4.15438e-07
-4.10361e-07
4.14364e-07
-5.09596e-07
4.14821e-07
-5.87689e-07
4.15708e-07
-6.40992e-07
4.16107e-07
-6.69816e-07
4.15485e-07
-6.7742e-07
4.1377e-07
-6.68299e-07
4.11219e-07
-6.46614e-07
4.08194e-07
-6.15443e-07
4.05007e-07
-5.76889e-07
4.01891e-07
-5.32515e-07
3.99028e-07
-4.83667e-07
3.9658e-07
-4.31558e-07
3.94686e-07
-3.77241e-07
3.93469e-07
-3.21601e-07
3.93051e-07
-2.65364e-07
3.93561e-07
-2.09087e-07
3.95142e-07
-1.53244e-07
3.97901e-07
-9.80351e-08
-4.42763e-08
4.02052e-07
1.31375e-06
1.59276e-08
1.31903e-06
1.59103e-08
1.32479e-06
1.5176e-08
1.33098e-06
1.35122e-08
1.3375e-06
1.068e-08
1.34418e-06
6.43958e-09
1.35078e-06
5.76109e-10
1.35703e-06
-7.0737e-09
1.36261e-06
-1.65979e-08
1.36717e-06
-2.79899e-08
1.37038e-06
-4.11397e-08
1.37194e-06
-5.58331e-08
1.37158e-06
-7.17595e-08
1.36911e-06
-8.85262e-08
1.3644e-06
-1.05678e-07
1.35743e-06
-1.22722e-07
1.34822e-06
-1.3915e-07
1.33691e-06
-1.54465e-07
1.32369e-06
-1.68202e-07
1.3088e-06
-1.79945e-07
1.29256e-06
-1.89345e-07
1.27528e-06
-1.96125e-07
1.25734e-06
-2.00093e-07
1.2391e-06
-2.01138e-07
1.22092e-06
-1.99235e-07
1.20315e-06
-1.94433e-07
1.18612e-06
-1.86859e-07
1.17015e-06
-1.767e-07
1.15551e-06
-1.64205e-07
1.14244e-06
-1.49666e-07
1.13115e-06
-1.33418e-07
1.12182e-06
-1.15827e-07
1.11459e-06
-9.72868e-08
1.10956e-06
-7.82072e-08
1.10679e-06
-5.90113e-08
1.10629e-06
-4.01275e-08
1.10805e-06
-2.19897e-08
1.11199e-06
-5.02554e-09
1.11802e-06
1.03604e-08
1.12598e-06
2.37841e-08
1.13567e-06
3.48929e-08
1.14687e-06
4.33742e-08
1.15932e-06
4.89675e-08
1.17271e-06
5.14682e-08
1.18675e-06
5.07335e-08
1.20112e-06
4.66854e-08
1.2155e-06
3.93116e-08
1.22959e-06
2.8665e-08
1.24309e-06
1.48609e-08
1.25573e-06
-1.93477e-09
1.2673e-06
-2.15247e-08
1.27758e-06
-4.36624e-08
1.2864e-06
-6.80432e-08
1.29362e-06
-9.43448e-08
1.29914e-06
-1.22229e-07
1.30292e-06
-1.5135e-07
1.30494e-06
-1.81365e-07
1.30523e-06
-2.11937e-07
1.30383e-06
-2.42748e-07
1.30083e-06
-2.73498e-07
1.29633e-06
-3.03913e-07
1.29044e-06
-3.33738e-07
1.28327e-06
-3.62735e-07
1.27487e-06
-3.90655e-07
1.26525e-06
-4.17236e-07
1.25435e-06
-4.42223e-07
1.24221e-06
-4.65485e-07
1.22905e-06
-4.87169e-07
1.21543e-06
-5.07822e-07
1.20208e-06
-5.28465e-07
1.18942e-06
-5.50454e-07
1.17662e-06
-5.74608e-07
1.16119e-06
-6.0027e-07
1.13974e-06
-6.26655e-07
1.1087e-06
-6.54719e-07
1.06267e-06
-6.81338e-07
9.94516e-07
-6.91341e-07
9.05838e-07
-6.75234e-07
8.20319e-07
-6.65282e-07
7.70955e-07
-7.15194e-07
7.63807e-07
-8.20576e-07
7.7708e-07
-9.21903e-07
7.8948e-07
-9.75622e-07
7.92583e-07
-9.75229e-07
7.86592e-07
-9.32041e-07
7.74293e-07
-8.59262e-07
7.58378e-07
-7.67444e-07
7.40978e-07
-6.64545e-07
7.23758e-07
-5.5618e-07
7.07988e-07
-4.45655e-07
6.94575e-07
-3.34264e-07
6.84054e-07
-2.21818e-07
6.76517e-07
-1.07291e-07
6.71657e-07
9.83807e-09
6.68801e-07
1.27757e-07
6.66935e-07
2.41255e-07
6.65111e-07
3.4463e-07
6.62915e-07
4.34482e-07
6.60564e-07
5.1024e-07
6.58621e-07
5.73194e-07
6.57589e-07
6.24735e-07
6.57651e-07
6.65181e-07
6.5864e-07
6.93763e-07
6.60183e-07
7.09412e-07
6.61902e-07
7.11631e-07
6.63546e-07
7.00977e-07
6.65042e-07
6.79042e-07
6.66469e-07
6.48108e-07
6.68004e-07
6.10708e-07
6.69856e-07
5.69248e-07
6.72217e-07
5.25766e-07
6.75235e-07
4.81838e-07
6.78996e-07
4.38566e-07
6.83529e-07
3.96644e-07
6.88809e-07
3.56442e-07
6.94776e-07
3.18085e-07
7.01338e-07
2.81537e-07
7.08391e-07
2.4666e-07
7.15828e-07
2.13262e-07
7.23549e-07
1.81129e-07
7.31475e-07
1.50047e-07
7.39549e-07
1.19819e-07
7.47732e-07
9.02843e-08
7.55997e-07
6.13416e-08
7.64341e-07
3.29352e-08
7.72846e-07
5.00916e-09
7.81719e-07
-2.25318e-08
7.91264e-07
-4.97522e-08
8.01746e-07
-7.65824e-08
8.13218e-07
-1.0269e-07
8.25412e-07
-1.27421e-07
8.3776e-07
-1.49896e-07
8.49535e-07
-1.69179e-07
8.60008e-07
-1.84454e-07
8.68575e-07
-1.95126e-07
8.74808e-07
-2.00862e-07
8.78453e-07
-2.01569e-07
8.79398e-07
-1.97362e-07
8.77629e-07
-1.88519e-07
8.73197e-07
-1.75436e-07
8.66185e-07
-1.58585e-07
8.56682e-07
-1.38481e-07
8.44755e-07
-1.15652e-07
8.30436e-07
-9.06355e-08
8.13701e-07
-6.39925e-08
7.94458e-07
-3.63334e-08
7.72542e-07
-8.33445e-09
7.47752e-07
1.9253e-08
7.19885e-07
4.56878e-08
6.88718e-07
7.0476e-08
6.54103e-07
9.33592e-08
6.16249e-07
1.13752e-07
5.76088e-07
1.29666e-07
5.35508e-07
1.36604e-07
4.97147e-07
1.27488e-07
4.63644e-07
9.44842e-08
4.36712e-07
3.24949e-08
4.16419e-07
-5.73461e-08
4.01535e-07
-1.67602e-07
3.90627e-07
-2.86744e-07
3.82652e-07
-4.02386e-07
3.76967e-07
-5.03911e-07
3.72963e-07
-5.83685e-07
3.69827e-07
-6.37856e-07
3.66673e-07
-6.66662e-07
3.62866e-07
-6.73612e-07
3.5823e-07
-6.63663e-07
3.52983e-07
-6.41367e-07
3.47487e-07
-6.09947e-07
3.42064e-07
-5.71465e-07
3.36937e-07
-5.27389e-07
3.32277e-07
-4.79006e-07
3.28229e-07
-4.2751e-07
3.2492e-07
-3.73932e-07
3.22456e-07
-3.19137e-07
3.20931e-07
-2.6384e-07
3.20443e-07
-2.08599e-07
3.2111e-07
-1.53911e-07
3.23025e-07
-9.99495e-08
-4.76647e-08
3.26413e-07
1.31347e-06
1.14107e-08
1.31837e-06
1.10117e-08
1.32363e-06
9.91744e-09
1.32919e-06
7.95204e-09
1.33495e-06
4.92045e-09
1.34075e-06
6.32283e-10
1.34641e-06
-5.07855e-09
1.35167e-06
-1.23342e-08
1.35626e-06
-2.1193e-08
1.35991e-06
-3.16356e-08
1.36233e-06
-4.35569e-08
1.36326e-06
-5.67659e-08
1.36249e-06
-7.09915e-08
1.35986e-06
-8.58942e-08
1.35526e-06
-1.01082e-07
1.34867e-06
-1.1613e-07
1.34012e-06
-1.30601e-07
1.32972e-06
-1.44063e-07
1.31763e-06
-1.56112e-07
1.30407e-06
-1.66385e-07
1.2893e-06
-1.74575e-07
1.27361e-06
-1.80436e-07
1.25732e-06
-1.83796e-07
1.24073e-06
-1.84555e-07
1.22418e-06
-1.82685e-07
1.20798e-06
-1.78229e-07
1.19242e-06
-1.71296e-07
1.17777e-06
-1.62056e-07
1.16429e-06
-1.50728e-07
1.15221e-06
-1.37579e-07
1.1417e-06
-1.22914e-07
1.13294e-06
-1.07067e-07
1.12605e-06
-9.0396e-08
1.12112e-06
-7.32794e-08
1.11822e-06
-5.61042e-08
1.11735e-06
-3.92621e-08
1.11851e-06
-2.31467e-08
1.12163e-06
-8.14677e-09
1.12662e-06
5.36903e-09
1.13335e-06
1.70544e-08
1.14165e-06
2.6596e-08
1.15131e-06
3.37145e-08
1.1621e-06
3.8178e-08
1.17376e-06
3.9805e-08
1.18603e-06
3.84689e-08
1.19861e-06
3.40998e-08
1.21124e-06
2.66869e-08
1.22362e-06
1.6277e-08
1.23552e-06
2.96976e-09
1.24668e-06
-1.30993e-08
1.25691e-06
-3.17506e-08
1.266e-06
-5.27519e-08
1.27379e-06
-7.58369e-08
1.28016e-06
-1.00719e-07
1.28503e-06
-1.27096e-07
1.28834e-06
-1.54657e-07
1.29007e-06
-1.83095e-07
1.29023e-06
-2.12105e-07
1.28888e-06
-2.41398e-07
1.28609e-06
-2.70699e-07
1.28192e-06
-2.99744e-07
1.27646e-06
-3.28277e-07
1.26976e-06
-3.56036e-07
1.26185e-06
-3.82749e-07
1.25279e-06
-4.08173e-07
1.24274e-06
-4.32173e-07
1.23209e-06
-4.54836e-07
1.22143e-06
-4.76515e-07
1.21133e-06
-4.97717e-07
1.20176e-06
-5.18895e-07
1.1914e-06
-5.40094e-07
1.1771e-06
-5.60306e-07
1.15443e-06
-5.77601e-07
1.11928e-06
-5.91506e-07
1.0682e-06
-6.0364e-07
9.9648e-07
-6.09617e-07
9.00581e-07
-5.95441e-07
7.9155e-07
-5.66204e-07
7.0384e-07
-5.77572e-07
6.66082e-07
-6.77436e-07
6.67015e-07
-8.2151e-07
6.77769e-07
-9.32657e-07
6.8167e-07
-9.79522e-07
6.75974e-07
-9.69533e-07
6.63395e-07
-9.19462e-07
6.46909e-07
-8.42775e-07
6.28578e-07
-7.49113e-07
6.0988e-07
-6.45847e-07
5.91991e-07
-5.38291e-07
5.75841e-07
-4.29504e-07
5.62122e-07
-3.20545e-07
5.51254e-07
-2.1095e-07
5.43369e-07
-9.94055e-08
5.38527e-07
1.46797e-08
5.3669e-07
1.29594e-07
5.3735e-07
2.40595e-07
5.39635e-07
3.42345e-07
5.42799e-07
4.31317e-07
5.46536e-07
5.06504e-07
5.50946e-07
5.68784e-07
5.56294e-07
6.19387e-07
5.62732e-07
6.58743e-07
5.7016e-07
6.86334e-07
5.78265e-07
7.01307e-07
5.86645e-07
7.03251e-07
5.94949e-07
6.92673e-07
6.02956e-07
6.71035e-07
6.10592e-07
6.40473e-07
6.17901e-07
6.03398e-07
6.25005e-07
5.62144e-07
6.32047e-07
5.18724e-07
6.39166e-07
4.74719e-07
6.46467e-07
4.31265e-07
6.54016e-07
3.89096e-07
6.61838e-07
3.4862e-07
6.69923e-07
3.1e-07
6.78233e-07
2.73226e-07
6.86715e-07
2.38178e-07
6.95309e-07
2.04668e-07
7.03963e-07
1.72476e-07
7.12638e-07
1.41373e-07
7.21305e-07
1.11152e-07
7.2994e-07
8.16485e-08
7.3855e-07
5.27318e-08
7.47223e-07
2.42625e-08
7.56192e-07
-3.96044e-09
7.65787e-07
-3.2126e-08
7.76267e-07
-6.02321e-08
7.87644e-07
-8.79595e-08
7.99577e-07
-1.14622e-07
8.11432e-07
-1.39276e-07
8.22459e-07
-1.60923e-07
8.31974e-07
-1.78694e-07
8.39471e-07
-1.9195e-07
8.44647e-07
-2.00302e-07
8.47366e-07
-2.03581e-07
8.47603e-07
-2.01806e-07
8.45398e-07
-1.95158e-07
8.40828e-07
-1.83949e-07
8.33988e-07
-1.68596e-07
8.24985e-07
-1.49582e-07
8.13919e-07
-1.27415e-07
8.00867e-07
-1.02601e-07
7.85861e-07
-7.56297e-08
7.6886e-07
-4.69911e-08
7.49732e-07
-1.72055e-08
7.28279e-07
1.31183e-08
7.04293e-07
4.3239e-08
6.77528e-07
7.24536e-08
6.4771e-07
1.00293e-07
6.14738e-07
1.26331e-07
5.78991e-07
1.495e-07
5.41631e-07
1.67026e-07
5.04646e-07
1.73588e-07
4.70411e-07
1.61723e-07
4.40822e-07
1.24073e-07
4.16511e-07
5.6806e-08
3.96793e-07
-3.76283e-08
3.80177e-07
-1.50987e-07
3.65573e-07
-2.7214e-07
3.5268e-07
-3.89493e-07
3.41684e-07
-4.92915e-07
3.3264e-07
-5.7464e-07
3.25087e-07
-6.30303e-07
3.18163e-07
-6.59738e-07
3.11064e-07
-6.66514e-07
3.03433e-07
-6.56032e-07
2.95396e-07
-6.3333e-07
2.87314e-07
-6.01865e-07
2.79527e-07
-5.63679e-07
2.72272e-07
-5.20133e-07
2.65703e-07
-4.72438e-07
2.59947e-07
-4.21754e-07
2.55115e-07
-3.691e-07
2.51306e-07
-3.15328e-07
2.48601e-07
-2.61135e-07
2.47062e-07
-2.07059e-07
2.46762e-07
-1.53612e-07
2.47754e-07
-1.00941e-07
-5.02475e-08
2.50336e-07
1.31318e-06
7.16908e-09
1.31771e-06
6.47953e-09
1.3225e-06
5.12642e-09
1.32749e-06
2.96408e-09
1.33257e-06
-1.66331e-10
1.33762e-06
-4.41611e-09
1.34246e-06
-9.91387e-09
1.34687e-06
-1.67495e-08
1.35064e-06
-2.49589e-08
1.35352e-06
-3.45135e-08
1.35527e-06
-4.53135e-08
1.35569e-06
-5.71879e-08
1.3546e-06
-6.98989e-08
1.35186e-06
-8.31519e-08
1.34739e-06
-9.66076e-08
1.34115e-06
-1.09899e-07
1.3332e-06
-1.22646e-07
1.32361e-06
-1.34476e-07
1.31254e-06
-1.45036e-07
1.30016e-06
-1.54008e-07
1.2867e-06
-1.6112e-07
1.27243e-06
-1.66158e-07
1.2576e-06
-1.68966e-07
1.24249e-06
-1.69453e-07
1.2274e-06
-1.67594e-07
1.2126e-06
-1.63425e-07
1.19835e-06
-1.57043e-07
1.18489e-06
-1.48599e-07
1.17245e-06
-1.38293e-07
1.16124e-06
-1.26367e-07
1.15143e-06
-1.13099e-07
1.14315e-06
-9.87963e-08
1.13655e-06
-8.37879e-08
1.13169e-06
-6.84198e-08
1.12863e-06
-5.3048e-08
1.1274e-06
-3.80312e-08
1.12798e-06
-2.37273e-08
1.13032e-06
-1.04893e-08
1.13435e-06
1.34708e-09
1.13993e-06
1.14685e-08
1.14693e-06
1.95953e-08
1.15517e-06
2.54787e-08
1.16443e-06
2.89122e-08
1.1745e-06
2.97355e-08
1.18514e-06
2.78363e-08
1.19608e-06
2.31534e-08
1.20709e-06
1.56779e-08
1.21792e-06
5.45031e-09
1.22833e-06
-7.44688e-09
1.23813e-06
-2.28965e-08
1.24711e-06
-4.07274e-08
1.25509e-06
-6.0732e-08
1.26193e-06
-8.26751e-08
1.26751e-06
-1.06301e-07
1.27175e-06
-1.31338e-07
1.2746e-06
-1.57509e-07
1.27604e-06
-1.84535e-07
1.27608e-06
-2.12142e-07
1.27474e-06
-2.40061e-07
1.27207e-06
-2.68032e-07
1.26813e-06
-2.95797e-07
1.26295e-06
-3.23102e-07
1.25662e-06
-3.49704e-07
1.24929e-06
-3.75418e-07
1.24128e-06
-4.00166e-07
1.23314e-06
-4.2403e-07
1.22552e-06
-4.4722e-07
1.21887e-06
-4.69862e-07
1.21281e-06
-4.91659e-07
1.20557e-06
-5.11651e-07
1.19361e-06
-5.28135e-07
1.17204e-06
-5.38733e-07
1.13598e-06
-5.41544e-07
1.08212e-06
-5.37642e-07
1.00799e-06
-5.29517e-07
9.10226e-07
-5.11851e-07
7.90092e-07
-4.75307e-07
6.68934e-07
-4.45046e-07
5.87671e-07
-4.96309e-07
5.61907e-07
-6.51672e-07
5.65128e-07
-8.24731e-07
5.6919e-07
-9.3672e-07
5.64226e-07
-9.74558e-07
5.5144e-07
-9.56747e-07
5.34321e-07
-9.02342e-07
5.15311e-07
-8.23765e-07
4.95757e-07
-7.2956e-07
4.76584e-07
-6.26674e-07
4.58568e-07
-5.20274e-07
4.42338e-07
-4.13275e-07
4.28403e-07
-3.0661e-07
4.17113e-07
-1.9966e-07
4.08685e-07
-9.09772e-08
4.03552e-07
1.98128e-08
4.02284e-07
1.30862e-07
4.0487e-07
2.38009e-07
4.106e-07
3.36615e-07
4.18548e-07
4.23369e-07
4.28003e-07
4.97049e-07
4.38645e-07
5.58142e-07
4.50451e-07
6.07581e-07
4.63451e-07
6.45743e-07
4.77533e-07
6.72253e-07
4.9239e-07
6.8645e-07
5.07593e-07
6.88048e-07
5.22704e-07
6.77562e-07
5.37373e-07
6.56366e-07
5.51388e-07
6.26458e-07
5.64673e-07
5.90114e-07
5.77255e-07
5.49562e-07
5.89226e-07
5.06752e-07
6.00706e-07
4.63239e-07
6.11809e-07
4.20162e-07
6.22629e-07
3.78275e-07
6.33234e-07
3.38015e-07
6.43659e-07
2.99575e-07
6.53916e-07
2.62969e-07
6.64002e-07
2.28092e-07
6.73906e-07
1.94764e-07
6.8362e-07
1.62762e-07
6.93134e-07
1.31858e-07
7.02438e-07
1.01848e-07
7.11545e-07
7.25417e-08
7.20549e-07
4.37274e-08
7.29687e-07
1.5124e-08
7.39294e-07
-1.35666e-08
7.49604e-07
-4.24369e-08
7.6057e-07
-7.11974e-08
7.71776e-07
-9.9166e-08
7.82544e-07
-1.25391e-07
7.92142e-07
-1.48874e-07
7.99981e-07
-1.68763e-07
8.05714e-07
-1.84426e-07
8.09208e-07
-1.95445e-07
8.10477e-07
-2.0157e-07
8.09589e-07
-2.02693e-07
8.06625e-07
-1.98843e-07
8.01663e-07
-1.90195e-07
7.94779e-07
-1.77065e-07
7.86061e-07
-1.59878e-07
7.75607e-07
-1.39128e-07
7.63515e-07
-1.15324e-07
7.49865e-07
-8.89506e-08
7.34684e-07
-6.04486e-08
7.17923e-07
-3.02304e-08
6.99438e-07
1.28015e-09
6.79057e-07
3.34987e-08
6.5657e-07
6.57263e-08
6.31684e-07
9.734e-08
6.04136e-07
1.27842e-07
5.73934e-07
1.56533e-07
5.41656e-07
1.81778e-07
5.08633e-07
2.00048e-07
4.76786e-07
2.05436e-07
4.47992e-07
1.90517e-07
4.23215e-07
1.48851e-07
4.01958e-07
7.80633e-08
3.82792e-07
-1.84625e-08
3.64122e-07
-1.32317e-07
3.45278e-07
-2.53296e-07
3.26758e-07
-3.70974e-07
3.09662e-07
-4.75818e-07
2.94841e-07
-5.5982e-07
2.82309e-07
-6.1777e-07
2.71271e-07
-6.48701e-07
2.60706e-07
-6.55949e-07
2.49975e-07
-6.45301e-07
2.39038e-07
-6.22393e-07
2.28221e-07
-5.91047e-07
2.17894e-07
-5.53352e-07
2.08331e-07
-5.10571e-07
1.99694e-07
-4.63801e-07
1.92084e-07
-4.14144e-07
1.85582e-07
-3.62597e-07
1.80285e-07
-3.10031e-07
1.7628e-07
-2.5713e-07
1.73604e-07
-2.04384e-07
1.72281e-07
-1.52289e-07
1.72284e-07
-1.00944e-07
-5.19173e-08
1.73954e-07
1.31293e-06
3.1968e-09
1.31711e-06
2.2948e-09
1.32147e-06
7.67058e-10
1.32594e-06
-1.50657e-09
1.33043e-06
-4.6556e-09
1.33482e-06
-8.80094e-09
1.33895e-06
-1.40416e-08
1.34264e-06
-2.04425e-08
1.3457e-06
-2.80227e-08
1.34794e-06
-3.67473e-08
1.34914e-06
-4.6522e-08
1.34915e-06
-5.71933e-08
1.3478e-06
-6.8552e-08
1.34499e-06
-8.03407e-08
1.34065e-06
-9.22651e-08
1.33476e-06
-1.04006e-07
1.32735e-06
-1.15234e-07
1.31849e-06
-1.25624e-07
1.30833e-06
-1.34868e-07
1.29701e-06
-1.42687e-07
1.28473e-06
-1.48842e-07
1.27171e-06
-1.53142e-07
1.25819e-06
-1.55448e-07
1.24442e-06
-1.55679e-07
1.23064e-06
-1.5381e-07
1.21709e-06
-1.49875e-07
1.204e-06
-1.4396e-07
1.19161e-06
-1.36203e-07
1.1801e-06
-1.26785e-07
1.16966e-06
-1.15928e-07
1.16045e-06
-1.03888e-07
1.1526e-06
-9.09477e-08
1.14622e-06
-7.74101e-08
1.1414e-06
-6.35937e-08
1.13818e-06
-4.98261e-08
1.13658e-06
-3.64366e-08
1.13661e-06
-2.37519e-08
1.13821e-06
-1.20923e-08
1.14132e-06
-1.76342e-09
1.14584e-06
6.95122e-09
1.15163e-06
1.37995e-08
1.15855e-06
1.85615e-08
1.16641e-06
2.1054e-08
1.17501e-06
2.11352e-08
1.18414e-06
1.87069e-08
1.19357e-06
1.37162e-08
1.2031e-06
6.15566e-09
1.21249e-06
-3.94107e-09
1.22155e-06
-1.65053e-08
1.23008e-06
-3.14253e-08
1.23789e-06
-4.85449e-08
1.24484e-06
-6.76801e-08
1.25079e-06
-8.86209e-08
1.25562e-06
-1.11138e-07
1.25927e-06
-1.34987e-07
1.26168e-06
-1.59918e-07
1.26282e-06
-1.85676e-07
1.26269e-06
-2.12008e-07
1.26129e-06
-2.38664e-07
1.25866e-06
-2.65398e-07
1.25484e-06
-2.91984e-07
1.24998e-06
-3.18233e-07
1.24431e-06
-3.44034e-07
1.23828e-06
-3.69395e-07
1.23254e-06
-3.94424e-07
1.22773e-06
-4.19221e-07
1.22413e-06
-4.4362e-07
1.22108e-06
-4.66807e-07
1.21646e-06
-4.87041e-07
1.20659e-06
-5.01781e-07
1.18662e-06
-5.08165e-07
1.15159e-06
-5.03699e-07
1.09786e-06
-4.87815e-07
1.02371e-06
-4.63496e-07
9.27508e-07
-4.33314e-07
8.07089e-07
-3.91432e-07
6.69337e-07
-3.37556e-07
5.45469e-07
-3.21177e-07
4.75854e-07
-4.26694e-07
4.57996e-07
-6.33813e-07
4.57831e-07
-8.24566e-07
4.53458e-07
-9.32347e-07
4.40732e-07
-9.61832e-07
4.22551e-07
-9.38566e-07
4.0214e-07
-8.81932e-07
3.81345e-07
-8.0297e-07
3.60988e-07
-7.09203e-07
3.416e-07
-6.07287e-07
3.23615e-07
-5.02289e-07
3.07356e-07
-3.97015e-07
2.93131e-07
-2.92385e-07
2.81308e-07
-1.87837e-07
2.72354e-07
-8.20237e-08
2.67078e-07
2.50889e-08
2.66505e-07
1.31435e-07
2.70952e-07
2.33562e-07
2.79838e-07
3.27729e-07
2.92158e-07
4.11049e-07
3.06945e-07
4.82263e-07
3.23564e-07
5.41523e-07
3.4173e-07
5.89414e-07
3.61318e-07
6.26155e-07
3.82139e-07
6.51432e-07
4.03843e-07
6.64746e-07
4.25943e-07
6.65948e-07
4.47915e-07
6.55591e-07
4.69295e-07
6.34985e-07
4.8975e-07
6.06003e-07
5.09091e-07
5.70773e-07
5.27262e-07
5.31392e-07
5.443e-07
4.89714e-07
5.60299e-07
4.4724e-07
5.75376e-07
4.05085e-07
5.89647e-07
3.64004e-07
6.03211e-07
3.24451e-07
6.16147e-07
2.86639e-07
6.28511e-07
2.50604e-07
6.40347e-07
2.16256e-07
6.5169e-07
1.83421e-07
6.6256e-07
1.51891e-07
6.72971e-07
1.21448e-07
6.82947e-07
9.1871e-08
6.92589e-07
6.28998e-08
7.02118e-07
3.41984e-08
7.11843e-07
5.39892e-09
7.21965e-07
-2.36878e-08
7.32358e-07
-5.28306e-08
7.42538e-07
-8.13768e-08
7.51795e-07
-1.08423e-07
7.5945e-07
-1.33045e-07
7.65055e-07
-1.54479e-07
7.6846e-07
-1.72167e-07
7.69746e-07
-1.85712e-07
7.69097e-07
-1.94797e-07
7.66691e-07
-1.99164e-07
7.62645e-07
-1.98647e-07
7.5702e-07
-1.93218e-07
7.49854e-07
-1.83029e-07
7.41192e-07
-1.68403e-07
7.31105e-07
-1.49791e-07
7.19688e-07
-1.27712e-07
7.07046e-07
-1.02681e-07
6.93257e-07
-7.51621e-08
6.78349e-07
-4.55406e-08
6.62274e-07
-1.41557e-08
6.44933e-07
1.8621e-08
6.26185e-07
5.22469e-08
6.0581e-07
8.61015e-08
5.8352e-07
1.1963e-07
5.59135e-07
1.52227e-07
5.32831e-07
1.82836e-07
5.0538e-07
2.09229e-07
4.78182e-07
2.27246e-07
4.52898e-07
2.30719e-07
4.30702e-07
2.12714e-07
4.11497e-07
1.68055e-07
3.93754e-07
9.58062e-08
3.75299e-07
-7.16068e-12
3.54492e-07
-1.1151e-07
3.31066e-07
-2.2987e-07
3.0629e-07
-3.46198e-07
2.82233e-07
-4.51762e-07
2.60709e-07
-5.38295e-07
2.42403e-07
-5.99465e-07
2.2672e-07
-6.33017e-07
2.12406e-07
-6.41635e-07
1.98434e-07
-6.31328e-07
1.84488e-07
-6.08448e-07
1.70793e-07
-5.77352e-07
1.57731e-07
-5.40289e-07
1.45628e-07
-4.98468e-07
1.34694e-07
-4.52867e-07
1.25024e-07
-4.04473e-07
1.16672e-07
-3.54246e-07
1.097e-07
-3.03059e-07
1.04193e-07
-2.51623e-07
1.00222e-07
-2.00412e-07
9.78168e-08
-1.49883e-07
9.68133e-08
-9.99402e-08
-5.24279e-08
9.73238e-08
1.31278e-06
-5.16664e-10
1.31664e-06
-1.56422e-09
1.32061e-06
-3.19602e-09
1.32461e-06
-5.51093e-09
1.32857e-06
-8.61522e-09
1.33238e-06
-1.26055e-08
1.33589e-06
-1.75579e-08
1.33897e-06
-2.35177e-08
1.34144e-06
-3.04917e-08
1.34313e-06
-3.84408e-08
1.34388e-06
-4.72767e-08
1.34355e-06
-5.68611e-08
1.34201e-06
-6.70091e-08
1.33916e-06
-7.74952e-08
1.33496e-06
-8.80628e-08
1.32939e-06
-9.84338e-08
1.32248e-06
-1.08321e-07
1.31429e-06
-1.1744e-07
1.30494e-06
-1.25521e-07
1.29458e-06
-1.32319e-07
1.28335e-06
-1.37621e-07
1.27147e-06
-1.41259e-07
1.25913e-06
-1.43108e-07
1.24655e-06
-1.43095e-07
1.23394e-06
-1.41199e-07
1.22151e-06
-1.37449e-07
1.20947e-06
-1.31925e-07
1.19802e-06
-1.24752e-07
1.18734e-06
-1.16099e-07
1.17758e-06
-1.0617e-07
1.16889e-06
-9.52012e-08
1.1614e-06
-8.34552e-08
1.1552e-06
-7.12125e-08
1.15038e-06
-5.87674e-08
1.14697e-06
-4.64218e-08
1.14501e-06
-3.44791e-08
1.1445e-06
-2.32383e-08
1.1454e-06
-1.29907e-08
1.14765e-06
-4.01436e-09
1.15117e-06
3.43403e-09
1.15584e-06
9.12631e-09
1.16153e-06
1.28685e-08
1.16809e-06
1.44985e-08
1.17533e-06
1.38922e-08
1.18307e-06
1.09646e-08
1.19112e-06
5.67046e-09
1.19927e-06
-1.99697e-09
1.20734e-06
-1.2011e-08
1.21514e-06
-2.43066e-08
1.2225e-06
-3.87777e-08
1.22924e-06
-5.52862e-08
1.23522e-06
-7.36668e-08
1.24033e-06
-9.37301e-08
1.24446e-06
-1.15269e-07
1.24754e-06
-1.38061e-07
1.2495e-06
-1.61878e-07
1.25031e-06
-1.86487e-07
1.24996e-06
-2.11657e-07
1.24847e-06
-2.37172e-07
1.24591e-06
-2.62846e-07
1.24248e-06
-2.8855e-07
1.23849e-06
-3.14243e-07
1.23444e-06
-3.39986e-07
1.23094e-06
-3.65889e-07
1.22845e-06
-3.91938e-07
1.22696e-06
-4.17734e-07
1.22549e-06
-4.42151e-07
1.22175e-06
-4.63066e-07
1.21216e-06
-4.77443e-07
1.19234e-06
-4.81962e-07
1.15799e-06
-4.73823e-07
1.10584e-06
-4.51544e-07
1.03431e-06
-4.16285e-07
9.42851e-07
-3.72038e-07
8.29525e-07
-3.19988e-07
6.92971e-07
-2.54878e-07
5.46246e-07
-1.9083e-07
4.28473e-07
-2.03404e-07
3.70964e-07
-3.69185e-07
3.54537e-07
-6.17386e-07
3.46989e-07
-8.17018e-07
3.34175e-07
-9.19533e-07
3.15026e-07
-9.42684e-07
2.92445e-07
-9.15985e-07
2.69036e-07
-8.58523e-07
2.46304e-07
-7.80237e-07
2.24834e-07
-6.87733e-07
2.04935e-07
-5.87388e-07
1.86744e-07
-4.84099e-07
1.70318e-07
-3.80589e-07
1.55762e-07
-2.7783e-07
1.4343e-07
-1.75505e-07
1.34211e-07
-7.28046e-08
1.29476e-07
2.98239e-08
1.30221e-07
1.3069e-07
1.36865e-07
2.26918e-07
1.48922e-07
3.15672e-07
1.65389e-07
3.94582e-07
1.85183e-07
4.62468e-07
2.07487e-07
5.19219e-07
2.31826e-07
5.65076e-07
2.57918e-07
6.00062e-07
2.85456e-07
6.23894e-07
3.13998e-07
6.36204e-07
3.42972e-07
6.36973e-07
3.7176e-07
6.26803e-07
3.99795e-07
6.06951e-07
4.26636e-07
5.79162e-07
4.52e-07
5.45408e-07
4.75754e-07
5.07638e-07
4.97883e-07
4.67585e-07
5.18457e-07
4.26666e-07
5.37589e-07
3.85953e-07
5.55408e-07
3.46185e-07
5.7204e-07
3.07819e-07
5.876e-07
2.71079e-07
6.02188e-07
2.36017e-07
6.15884e-07
2.02559e-07
6.28752e-07
1.70553e-07
6.40835e-07
1.39808e-07
6.52182e-07
1.10102e-07
6.62895e-07
8.11574e-08
6.73178e-07
5.26171e-08
6.83293e-07
2.40836e-08
6.9338e-07
-4.68844e-09
7.03239e-07
-3.35463e-08
7.12307e-07
-6.18987e-08
7.19862e-07
-8.89324e-08
7.25297e-07
-1.13859e-07
7.28327e-07
-1.36075e-07
7.29025e-07
-1.55177e-07
7.27706e-07
-1.70848e-07
7.24745e-07
-1.82751e-07
7.20438e-07
-1.9049e-07
7.14946e-07
-1.93671e-07
7.08315e-07
-1.92015e-07
7.00538e-07
-1.85441e-07
6.91612e-07
-1.74104e-07
6.81574e-07
-1.58364e-07
6.70502e-07
-1.3872e-07
6.58508e-07
-1.15717e-07
6.45704e-07
-8.98771e-08
6.32174e-07
-6.16325e-08
6.1795e-07
-3.13158e-08
6.03004e-07
7.8972e-10
5.87292e-07
3.43335e-08
5.707e-07
6.88383e-08
5.53019e-07
1.03783e-07
5.34034e-07
1.38616e-07
5.13713e-07
1.72548e-07
4.92433e-07
2.04116e-07
4.71119e-07
2.30543e-07
4.51107e-07
2.47258e-07
4.33621e-07
2.48205e-07
4.18986e-07
2.27349e-07
4.0605e-07
1.80991e-07
3.92331e-07
1.09526e-07
3.75e-07
1.73238e-08
3.52321e-07
-8.88302e-08
3.24299e-07
-2.01849e-07
2.92836e-07
-3.14735e-07
2.60961e-07
-4.19887e-07
2.31617e-07
-5.08951e-07
2.06452e-07
-5.74299e-07
1.85313e-07
-6.11879e-07
1.66793e-07
-6.23115e-07
1.49368e-07
-6.13902e-07
1.32297e-07
-5.91377e-07
1.15608e-07
-5.60664e-07
9.96471e-08
-5.24328e-07
8.47816e-08
-4.83602e-07
7.12749e-08
-4.3936e-07
5.92832e-08
-3.92482e-07
4.88615e-08
-3.43824e-07
4.0038e-08
-2.94236e-07
3.28665e-08
-2.44451e-07
2.74227e-08
-1.94968e-07
2.35919e-08
-1.46053e-07
2.13768e-08
-9.77251e-08
-5.15306e-08
2.04795e-08
1.3128e-06
-3.98474e-09
1.31635e-06
-5.121e-09
1.31996e-06
-6.79809e-09
1.32354e-06
-9.09715e-09
1.32703e-06
-1.21061e-08
1.33033e-06
-1.5903e-08
1.33332e-06
-2.05456e-08
1.33586e-06
-2.60642e-08
1.33783e-06
-3.24565e-08
1.33907e-06
-3.96815e-08
1.33945e-06
-4.76565e-08
1.33885e-06
-5.62568e-08
1.33715e-06
-6.53186e-08
1.3343e-06
-7.46438e-08
1.33025e-06
-8.40073e-08
1.32498e-06
-9.31661e-08
1.31853e-06
-1.01869e-07
1.31095e-06
-1.09865e-07
1.30235e-06
-1.16917e-07
1.29284e-06
-1.22809e-07
1.28257e-06
-1.27351e-07
1.2717e-06
-1.30393e-07
1.26042e-06
-1.31823e-07
1.2489e-06
-1.31577e-07
1.23733e-06
-1.29634e-07
1.22591e-06
-1.26023e-07
1.2148e-06
-1.20818e-07
1.20419e-06
-1.14136e-07
1.19422e-06
-1.06133e-07
1.18505e-06
-9.70017e-08
1.17681e-06
-8.69614e-08
1.16961e-06
-7.62564e-08
1.16355e-06
-6.51481e-08
1.15869e-06
-5.39096e-08
1.15509e-06
-4.28202e-08
1.15277e-06
-3.21599e-08
1.15174e-06
-2.22038e-08
1.15196e-06
-1.32178e-08
1.1534e-06
-5.45413e-09
1.15598e-06
8.54052e-10
1.15961e-06
5.50019e-09
1.16417e-06
8.31259e-09
1.16951e-06
9.14967e-09
1.1755e-06
7.9038e-09
1.18196e-06
4.50244e-09
1.18873e-06
-1.09266e-09
1.19562e-06
-8.8888e-09
1.20247e-06
-1.88596e-08
1.2091e-06
-3.09412e-08
1.21536e-06
-4.50379e-08
1.2211e-06
-6.1025e-08
1.22619e-06
-7.87524e-08
1.23051e-06
-9.8048e-08
1.23396e-06
-1.18723e-07
1.23647e-06
-1.40576e-07
1.238e-06
-1.63404e-07
1.23852e-06
-1.87009e-07
1.23808e-06
-2.11213e-07
1.23678e-06
-2.35877e-07
1.23486e-06
-2.6092e-07
1.23264e-06
-2.86331e-07
1.23055e-06
-3.12157e-07
1.22898e-06
-3.38417e-07
1.22803e-06
-3.6494e-07
1.22722e-06
-3.9112e-07
1.22516e-06
-4.15684e-07
1.21952e-06
-4.36511e-07
1.20709e-06
-4.50628e-07
1.18432e-06
-4.54679e-07
1.14813e-06
-4.45774e-07
1.09642e-06
-4.22113e-07
1.0283e-06
-3.8342e-07
9.43787e-07
-3.31773e-07
8.42108e-07
-2.70359e-07
7.19726e-07
-1.97607e-07
5.75891e-07
-1.11043e-07
4.29822e-07
-4.47608e-08
3.24626e-07
-9.82081e-08
2.75341e-07
-3.199e-07
2.53732e-07
-5.95777e-07
2.36464e-07
-7.99749e-07
2.15708e-07
-8.98778e-07
1.90968e-07
-9.17944e-07
1.64152e-07
-8.89168e-07
1.37261e-07
-8.31633e-07
1.11576e-07
-7.54552e-07
8.77714e-08
-6.63929e-07
6.61129e-08
-5.65729e-07
4.65872e-08
-4.64573e-07
2.91637e-08
-3.63165e-07
1.39745e-08
-2.6264e-07
1.74708e-09
-1.63278e-07
-6.48828e-09
-6.45692e-08
-9.41176e-09
3.27473e-08
-6.18726e-09
1.27466e-07
3.45928e-09
2.17272e-07
1.90867e-08
3.00044e-07
3.9736e-08
3.73933e-07
6.43596e-08
4.37844e-07
9.21044e-08
4.91474e-07
1.22408e-07
5.34772e-07
1.54868e-07
5.67602e-07
1.89017e-07
5.89745e-07
2.24295e-07
6.00926e-07
2.60017e-07
6.01251e-07
2.95469e-07
5.91352e-07
3.29989e-07
5.72431e-07
3.63048e-07
5.46102e-07
3.94284e-07
5.14173e-07
4.23499e-07
4.78423e-07
4.50636e-07
4.40448e-07
4.75737e-07
4.01565e-07
4.9891e-07
3.62781e-07
5.20292e-07
3.24803e-07
5.40032e-07
2.88078e-07
5.58274e-07
2.52837e-07
5.75147e-07
2.19144e-07
5.90758e-07
1.86949e-07
6.05186e-07
1.56125e-07
6.18512e-07
1.26482e-07
6.30851e-07
9.7763e-08
6.42383e-07
6.96259e-08
6.53306e-07
4.16934e-08
6.63685e-07
1.37044e-08
6.73241e-07
-1.42444e-08
6.81348e-07
-4.16529e-08
6.87274e-07
-6.78245e-08
6.90493e-07
-9.21513e-08
6.90884e-07
-1.1425e-07
6.88743e-07
-1.33934e-07
6.84615e-07
-1.51048e-07
6.79068e-07
-1.65302e-07
6.72525e-07
-1.76209e-07
6.65203e-07
-1.83167e-07
6.57146e-07
-1.85615e-07
6.4832e-07
-1.83189e-07
6.38686e-07
-1.75807e-07
6.28251e-07
-1.63669e-07
6.17085e-07
-1.47198e-07
6.05301e-07
-1.26935e-07
5.93033e-07
-1.03449e-07
5.80402e-07
-7.72462e-08
5.67492e-07
-4.8723e-08
5.54346e-07
-1.817e-08
5.40981e-07
1.41556e-08
5.27378e-07
4.79359e-08
5.13454e-07
8.2762e-08
4.9906e-07
1.18178e-07
4.84112e-07
1.53563e-07
4.68772e-07
1.87887e-07
4.5361e-07
2.19278e-07
4.39623e-07
2.4453e-07
4.27939e-07
2.58942e-07
4.19198e-07
2.56946e-07
4.12833e-07
2.33714e-07
4.06732e-07
1.87092e-07
3.97628e-07
1.18629e-07
3.82163e-07
3.27892e-08
3.58356e-07
-6.50229e-08
3.26236e-07
-1.69729e-07
2.8806e-07
-2.76558e-07
2.47681e-07
-3.79509e-07
2.09286e-07
-4.70555e-07
1.75838e-07
-5.40852e-07
1.48044e-07
-5.84085e-07
1.24567e-07
-5.99639e-07
1.03335e-07
-5.9267e-07
8.2995e-08
-5.71037e-07
6.32073e-08
-5.40876e-07
4.4185e-08
-5.05306e-07
2.63214e-08
-4.65739e-07
1.0001e-08
-4.2304e-07
-4.5255e-09
-3.77955e-07
-1.71264e-08
-3.31223e-07
-2.7764e-08
-2.83598e-07
-3.64547e-08
-2.35761e-07
-4.32531e-08
-1.8817e-07
-4.84499e-08
-1.40856e-07
-5.20776e-08
-9.40974e-08
-4.92913e-08
-5.43169e-08
1.31302e-06
-7.22253e-09
1.3163e-06
-8.39968e-09
1.31958e-06
-1.0073e-08
1.32279e-06
-1.2309e-08
1.32586e-06
-1.51825e-08
1.32872e-06
-1.87573e-08
1.33125e-06
-2.30763e-08
1.33334e-06
-2.81584e-08
1.33488e-06
-3.39946e-08
1.33574e-06
-4.05435e-08
1.33582e-06
-4.77282e-08
1.335e-06
-5.54362e-08
1.3332e-06
-6.35217e-08
1.33036e-06
-7.18101e-08
1.32646e-06
-8.01034e-08
1.32148e-06
-8.81877e-08
1.31546e-06
-9.58414e-08
1.30843e-06
-1.02844e-07
1.3005e-06
-1.08984e-07
1.29176e-06
-1.14069e-07
1.28234e-06
-1.1793e-07
1.27238e-06
-1.20432e-07
1.26203e-06
-1.21475e-07
1.25145e-06
-1.21001e-07
1.24081e-06
-1.18993e-07
1.23027e-06
-1.1548e-07
1.21998e-06
-1.10532e-07
1.2101e-06
-1.04257e-07
1.20078e-06
-9.68044e-08
1.19213e-06
-8.83531e-08
1.18428e-06
-7.91105e-08
1.17733e-06
-6.93057e-08
1.17136e-06
-5.91835e-08
1.16645e-06
-4.89988e-08
1.16264e-06
-3.90116e-08
1.15996e-06
-2.94815e-08
1.15842e-06
-2.06631e-08
1.158e-06
-1.28002e-08
1.15867e-06
-6.12223e-09
1.16037e-06
-8.40807e-10
1.16301e-06
2.85705e-09
1.1665e-06
4.81883e-09
1.17073e-06
4.92323e-09
1.17556e-06
3.07853e-09
1.18083e-06
-7.75738e-10
1.18641e-06
-6.67267e-09
1.19214e-06
-1.46163e-08
1.19786e-06
-2.45777e-08
1.20342e-06
-3.64974e-08
1.20867e-06
-5.02888e-08
1.21348e-06
-6.58385e-08
1.21774e-06
-8.30104e-08
1.22134e-06
-1.01651e-07
1.22421e-06
-1.21594e-07
1.22631e-06
-1.42673e-07
1.22763e-06
-1.64728e-07
1.22825e-06
-1.87624e-07
1.22829e-06
-2.11255e-07
1.22797e-06
-2.35555e-07
1.22753e-06
-2.60478e-07
1.22716e-06
-2.85962e-07
1.22685e-06
-3.11844e-07
1.22615e-06
-3.37725e-07
1.22402e-06
-3.62807e-07
1.21869e-06
-3.85794e-07
1.20786e-06
-4.04844e-07
1.18888e-06
-4.17538e-07
1.15932e-06
-4.21061e-07
1.1175e-06
-4.1286e-07
1.06302e-06
-3.91291e-07
9.96486e-07
-3.55584e-07
9.18792e-07
-3.05726e-07
8.29915e-07
-2.42896e-07
7.27145e-07
-1.67589e-07
6.04952e-07
-7.54135e-08
4.64003e-07
2.99053e-08
3.29437e-07
8.98061e-08
2.4023e-07
-9.00192e-09
1.92791e-07
-2.72461e-07
1.60353e-07
-5.6334e-07
1.31648e-07
-7.71044e-07
1.02969e-07
-8.70098e-07
7.27873e-08
-8.87762e-07
4.11533e-08
-8.57534e-07
9.46558e-09
-7.99946e-07
-2.03583e-08
-7.24728e-07
-4.74156e-08
-6.36871e-07
-7.13804e-08
-5.41764e-07
-9.2301e-08
-4.43652e-07
-1.10245e-07
-3.45222e-07
-1.24922e-07
-2.47963e-07
-1.35929e-07
-1.5227e-07
-1.42407e-07
-5.80913e-08
-1.43155e-07
3.34953e-08
-1.37641e-07
1.21951e-07
-1.25552e-07
2.05183e-07
-1.07087e-07
2.8158e-07
-8.29106e-08
3.49756e-07
-5.39356e-08
4.08869e-07
-2.10143e-08
4.58553e-07
1.51162e-08
4.98641e-07
5.37964e-08
5.28922e-07
9.43894e-08
5.49152e-07
1.36211e-07
5.59105e-07
1.78445e-07
5.59016e-07
2.2029e-07
5.49506e-07
2.61009e-07
5.31712e-07
3.00001e-07
5.0711e-07
3.36843e-07
4.77331e-07
3.71288e-07
4.43978e-07
4.03241e-07
4.08495e-07
4.32723e-07
3.72083e-07
4.59832e-07
3.35671e-07
4.84713e-07
2.99922e-07
5.07529e-07
2.65262e-07
5.28442e-07
2.31924e-07
5.47595e-07
1.9999e-07
5.65112e-07
1.69433e-07
5.81104e-07
1.40132e-07
5.95703e-07
1.11883e-07
6.0907e-07
8.43966e-08
6.21338e-07
5.73576e-08
6.32481e-07
3.05508e-08
6.42143e-07
4.0418e-09
6.49651e-07
-2.17521e-08
6.54278e-07
-4.62801e-08
6.55581e-07
-6.91269e-08
6.53588e-07
-9.0159e-08
6.48788e-07
-1.0945e-07
6.41923e-07
-1.2707e-07
6.33735e-07
-1.42859e-07
6.24763e-07
-1.5633e-07
6.15287e-07
-1.66733e-07
6.05376e-07
-1.73256e-07
5.94996e-07
-1.75235e-07
5.84103e-07
-1.72296e-07
5.72704e-07
-1.64409e-07
5.60875e-07
-1.5184e-07
5.48741e-07
-1.35064e-07
5.36457e-07
-1.14651e-07
5.24173e-07
-9.11652e-08
5.12012e-07
-6.5086e-08
5.00063e-07
-3.6774e-08
4.88385e-07
-6.49208e-09
4.77027e-07
2.55138e-08
4.65998e-07
5.89654e-08
4.55255e-07
9.35048e-08
4.44761e-07
1.28671e-07
4.34607e-07
1.63717e-07
4.25155e-07
1.97339e-07
4.17117e-07
2.27316e-07
4.1144e-07
2.50208e-07
4.08896e-07
2.61485e-07
4.0946e-07
2.56383e-07
4.11734e-07
2.31439e-07
4.12848e-07
1.85977e-07
4.08995e-07
1.22482e-07
3.96439e-07
4.53459e-08
3.72797e-07
-4.13813e-08
3.37791e-07
-1.34723e-07
2.93588e-07
-2.32355e-07
2.4451e-07
-3.30431e-07
1.95927e-07
-4.21971e-07
1.52465e-07
-4.9739e-07
1.16285e-07
-5.47905e-07
8.66207e-08
-5.69974e-07
6.09501e-08
-5.66999e-07
3.71122e-08
-5.47199e-07
1.41708e-08
-5.17935e-07
-7.94634e-09
-4.83188e-07
-2.88814e-08
-4.44804e-07
-4.82003e-08
-4.03721e-07
-6.55633e-08
-3.60592e-07
-8.07563e-08
-3.1603e-07
-9.36888e-08
-2.70666e-07
-1.04369e-07
-2.2508e-07
-1.1295e-07
-1.7959e-07
-1.19598e-07
-1.34207e-07
-1.24347e-07
-8.9349e-08
-4.66147e-08
-1.27023e-07
1.31354e-06
-1.02488e-08
1.31656e-06
-1.14255e-08
1.31954e-06
-1.30537e-08
1.32242e-06
-1.51873e-08
1.32513e-06
-1.78932e-08
1.3276e-06
-2.12244e-08
1.32974e-06
-2.52117e-08
1.33144e-06
-2.98647e-08
1.33262e-06
-3.51704e-08
1.33316e-06
-4.1088e-08
1.33298e-06
-4.75461e-08
1.33199e-06
-5.44427e-08
1.33011e-06
-6.16482e-08
1.32731e-06
-6.90075e-08
1.32355e-06
-7.63458e-08
1.31884e-06
-8.34737e-08
1.31319e-06
-9.0195e-08
1.30666e-06
-9.63136e-08
1.29932e-06
-1.01642e-07
1.29126e-06
-1.06007e-07
1.28259e-06
-1.09259e-07
1.27343e-06
-1.11276e-07
1.26393e-06
-1.11969e-07
1.25421e-06
-1.11285e-07
1.24443e-06
-1.09211e-07
1.23472e-06
-1.05772e-07
1.22522e-06
-1.01033e-07
1.21606e-06
-9.50975e-08
1.20736e-06
-8.81044e-08
1.19923e-06
-8.02234e-08
1.19177e-06
-7.16513e-08
1.18507e-06
-6.26059e-08
1.17921e-06
-5.33196e-08
1.17424e-06
-4.40335e-08
1.17022e-06
-3.49922e-08
1.16718e-06
-2.64394e-08
1.16513e-06
-1.8613e-08
1.16407e-06
-1.17385e-08
1.16397e-06
-6.02579e-09
1.1648e-06
-1.66718e-09
1.16649e-06
1.16856e-09
1.16896e-06
2.34716e-09
1.17212e-06
1.7676e-09
1.17584e-06
-6.45898e-10
1.18001e-06
-4.94351e-09
1.18449e-06
-1.11508e-08
1.18914e-06
-1.9266e-08
1.19382e-06
-2.92607e-08
1.1984e-06
-4.10816e-08
1.20277e-06
-5.46515e-08
1.2068e-06
-6.98715e-08
1.21041e-06
-8.66256e-08
1.21355e-06
-1.04787e-07
1.21618e-06
-1.24224e-07
1.21832e-06
-1.44813e-07
1.22003e-06
-1.66439e-07
1.2214e-06
-1.88995e-07
1.22252e-06
-2.12372e-07
1.22339e-06
-2.36422e-07
1.22382e-06
-2.60909e-07
1.22329e-06
-2.85433e-07
1.2208e-06
-3.09352e-07
1.21479e-06
-3.31715e-07
1.20326e-06
-3.51283e-07
1.18408e-06
-3.66608e-07
1.1553e-06
-3.76066e-07
1.11559e-06
-3.77824e-07
1.06467e-06
-3.70143e-07
1.00379e-06
-3.51986e-07
9.35459e-07
-3.22956e-07
8.62139e-07
-2.82265e-07
7.8478e-07
-2.28367e-07
7.01328e-07
-1.59444e-07
6.05716e-07
-7.19771e-08
4.91214e-07
3.90878e-08
3.64103e-07
1.57017e-07
2.53813e-07
2.00095e-07
1.81638e-07
6.31732e-08
1.29635e-07
-2.20458e-07
8.17108e-08
-5.15415e-07
3.9046e-08
-7.28379e-07
9.45789e-10
-8.31998e-07
-3.56242e-08
-8.51192e-07
-7.25811e-08
-8.20577e-07
-1.09273e-07
-7.63253e-07
-1.44198e-07
-6.89803e-07
-1.75715e-07
-6.05354e-07
-2.03222e-07
-5.14257e-07
-2.26642e-07
-4.20233e-07
-2.46002e-07
-3.25861e-07
-2.61107e-07
-2.32858e-07
-2.71563e-07
-1.41814e-07
-2.76498e-07
-5.31566e-08
-2.75133e-07
3.21299e-08
-2.66788e-07
1.13607e-07
-2.51371e-07
1.89766e-07
-2.29213e-07
2.59422e-07
-2.01023e-07
3.21566e-07
-1.67639e-07
3.75486e-07
-1.2983e-07
4.20744e-07
-8.82521e-08
4.57064e-07
-4.35999e-08
4.8427e-07
3.18064e-09
5.02372e-07
5.12389e-08
5.11046e-07
9.96192e-08
5.10636e-07
1.47463e-07
5.01663e-07
1.9397e-07
4.85205e-07
2.38493e-07
4.62587e-07
2.80564e-07
4.35259e-07
3.199e-07
4.04642e-07
3.56378e-07
3.72017e-07
3.9e-07
3.38461e-07
4.20857e-07
3.04815e-07
4.49091e-07
2.71687e-07
4.74872e-07
2.39482e-07
4.98365e-07
2.08431e-07
5.19726e-07
1.7863e-07
5.39098e-07
1.5006e-07
5.56631e-07
1.226e-07
5.72463e-07
9.60505e-08
5.86665e-07
7.01947e-08
5.99122e-07
4.49013e-08
6.09418e-07
2.02545e-08
6.16854e-07
-3.39422e-09
6.20732e-07
-2.56298e-08
6.20692e-07
-4.62402e-08
6.16895e-07
-6.53302e-08
6.09973e-07
-8.32371e-08
6.00809e-07
-1.00285e-07
5.90256e-07
-1.16517e-07
5.78938e-07
-1.31542e-07
5.6719e-07
-1.44581e-07
5.55117e-07
-1.5466e-07
5.42721e-07
-1.6086e-07
5.29997e-07
-1.62511e-07
5.16995e-07
-1.59294e-07
5.03828e-07
-1.51242e-07
4.90662e-07
-1.38674e-07
4.77685e-07
-1.22086e-07
4.65079e-07
-1.02045e-07
4.53003e-07
-7.90897e-08
4.41579e-07
-5.36622e-08
4.30894e-07
-2.6089e-08
4.2103e-07
3.37251e-09
4.12061e-07
3.44831e-08
4.04035e-07
6.69905e-08
3.9699e-07
1.0055e-07
3.91031e-07
1.34631e-07
3.86431e-07
1.68317e-07
3.83715e-07
2.00055e-07
3.83634e-07
2.27397e-07
3.86937e-07
2.46904e-07
3.9392e-07
2.54502e-07
4.0387e-07
2.46433e-07
4.14714e-07
2.20596e-07
4.23115e-07
1.77576e-07
4.25047e-07
1.2055e-07
4.16603e-07
5.37897e-08
3.94929e-07
-1.97075e-08
3.59115e-07
-9.89086e-08
3.1066e-07
-1.839e-07
2.53695e-07
-2.73466e-07
1.94362e-07
-3.62638e-07
1.3908e-07
-4.42108e-07
9.21815e-08
-5.01006e-07
5.43478e-08
-5.32141e-07
2.30139e-08
-5.35666e-07
-4.91832e-09
-5.19267e-07
-3.11907e-08
-4.91662e-07
-5.6386e-08
-4.57993e-07
-8.03551e-08
-4.20835e-07
-1.02687e-07
-3.8139e-07
-1.22978e-07
-3.40301e-07
-1.40944e-07
-2.98064e-07
-1.56433e-07
-2.55177e-07
-1.69403e-07
-2.12111e-07
-1.79896e-07
-1.69097e-07
-1.87952e-07
-1.2615e-07
-1.93575e-07
-8.37264e-08
-4.34808e-08
-1.96709e-07
1.31441e-06
-1.30795e-08
1.31721e-06
-1.42256e-08
1.31992e-06
-1.57709e-08
1.3225e-06
-1.77682e-08
1.32489e-06
-2.02822e-08
1.32702e-06
-2.33551e-08
1.32882e-06
-2.7006e-08
1.33019e-06
-3.12381e-08
1.33106e-06
-3.60366e-08
1.33133e-06
-4.13619e-08
1.33093e-06
-4.71476e-08
1.32979e-06
-5.3302e-08
1.32785e-06
-5.97091e-08
1.32508e-06
-6.6232e-08
1.32145e-06
-7.27158e-08
1.31697e-06
-7.89936e-08
1.31166e-06
-8.48917e-08
1.30559e-06
-9.02368e-08
1.29881e-06
-9.48616e-08
1.29141e-06
-9.8612e-08
1.28351e-06
-1.01352e-07
1.2752e-06
-1.0297e-07
1.26661e-06
-1.03382e-07
1.25786e-06
-1.02537e-07
1.24907e-06
-1.00417e-07
1.24034e-06
-9.70437e-08
1.23178e-06
-9.24739e-08
1.22349e-06
-8.68037e-08
1.21555e-06
-8.01647e-08
1.20805e-06
-7.2721e-08
1.20106e-06
-6.46644e-08
1.19466e-06
-5.62078e-08
1.18892e-06
-4.75782e-08
1.1839e-06
-3.90088e-08
1.17964e-06
-3.07348e-08
1.17619e-06
-2.29891e-08
1.17357e-06
-1.5997e-08
1.1718e-06
-9.9698e-09
1.17088e-06
-5.10121e-09
1.17078e-06
-1.56792e-09
1.17147e-06
4.79818e-10
1.17289e-06
9.28409e-10
1.17496e-06
-3.0484e-10
1.17759e-06
-3.28027e-09
1.18069e-06
-8.03495e-09
1.18412e-06
-1.45847e-08
1.18778e-06
-2.29248e-08
1.19155e-06
-3.30306e-08
1.19532e-06
-4.48571e-08
1.19901e-06
-5.83401e-08
1.20254e-06
-7.33985e-08
1.20585e-06
-8.99365e-08
1.20891e-06
-1.07847e-07
1.2117e-06
-1.2701e-07
1.21418e-06
-1.47295e-07
1.21628e-06
-1.68542e-07
1.21783e-06
-1.90547e-07
1.21848e-06
-2.13024e-07
1.21762e-06
-2.35558e-07
1.21426e-06
-2.57553e-07
1.20703e-06
-2.782e-07
1.19416e-06
-2.96484e-07
1.17372e-06
-3.11269e-07
1.14391e-06
-3.21473e-07
1.1035e-06
-3.26196e-07
1.05209e-06
-3.2466e-07
9.90489e-07
-3.16224e-07
9.21192e-07
-3.00846e-07
8.48355e-07
-2.79149e-07
7.76296e-07
-2.50897e-07
7.0728e-07
-2.13249e-07
6.40091e-07
-1.61178e-07
5.69521e-07
-8.88738e-08
4.87436e-07
1.01087e-08
3.89777e-07
1.36747e-07
2.89378e-07
2.57416e-07
2.11579e-07
2.77894e-07
1.55006e-07
1.19746e-07
9.42935e-08
-1.59745e-07
2.63718e-08
-4.47494e-07
-3.58569e-08
-6.66151e-07
-8.74875e-08
-7.80368e-07
-1.32246e-07
-8.06434e-07
-1.75057e-07
-7.77766e-07
-2.17374e-07
-7.20937e-07
-2.57918e-07
-6.49259e-07
-2.94832e-07
-5.6844e-07
-3.26991e-07
-4.82099e-07
-3.53945e-07
-3.93278e-07
-3.75492e-07
-3.04315e-07
-3.91467e-07
-2.16884e-07
-4.01484e-07
-1.31797e-07
-4.0493e-07
-4.97105e-08
-4.01252e-07
2.84516e-08
-3.90046e-07
1.02401e-07
-3.71367e-07
1.71087e-07
-3.456e-07
2.33656e-07
-3.13394e-07
2.8936e-07
-2.75522e-07
3.37613e-07
-2.32772e-07
3.77993e-07
-1.85934e-07
4.10227e-07
-1.35805e-07
4.34141e-07
-8.31845e-08
4.49751e-07
-2.92301e-08
4.57092e-07
2.48762e-08
4.5653e-07
7.81739e-08
4.48365e-07
1.29932e-07
4.33446e-07
1.79468e-07
4.13052e-07
2.26285e-07
3.88442e-07
2.70077e-07
3.6085e-07
3.10699e-07
3.31396e-07
3.48135e-07
3.01025e-07
3.82465e-07
2.70485e-07
4.13823e-07
2.40329e-07
4.42371e-07
2.10934e-07
4.68279e-07
1.82523e-07
4.91714e-07
1.55195e-07
5.12833e-07
1.28941e-07
5.31753e-07
1.0368e-07
5.48482e-07
7.9322e-08
5.62822e-07
5.58547e-08
5.74307e-07
3.34165e-08
5.82259e-07
1.23019e-08
5.86055e-07
-7.18993e-09
5.85449e-07
-2.5024e-08
5.80711e-07
-4.15025e-08
5.72563e-07
-5.71815e-08
5.61941e-07
-7.26154e-08
5.49729e-07
-8.80735e-08
5.36565e-07
-1.03352e-07
5.22796e-07
-1.17773e-07
5.0856e-07
-1.30345e-07
4.93912e-07
-1.40012e-07
4.7892e-07
-1.45868e-07
4.63721e-07
-1.47312e-07
4.4852e-07
-1.44092e-07
4.3356e-07
-1.36282e-07
4.19094e-07
-1.24208e-07
4.05363e-07
-1.08355e-07
3.92562e-07
-8.92446e-08
3.80852e-07
-6.73793e-08
3.70348e-07
-4.31585e-08
3.61165e-07
-1.69058e-08
3.53412e-07
1.11255e-08
3.47184e-07
4.07111e-08
3.4259e-07
7.15841e-08
3.39776e-07
1.03365e-07
3.38994e-07
1.35413e-07
3.40665e-07
1.66646e-07
3.4538e-07
1.9534e-07
3.53785e-07
2.18991e-07
3.66295e-07
2.34395e-07
3.82657e-07
2.3814e-07
4.01549e-07
2.27542e-07
4.20422e-07
2.01722e-07
4.35766e-07
1.62233e-07
4.43671e-07
1.12645e-07
4.40397e-07
5.70641e-08
4.22764e-07
-2.07502e-09
3.89024e-07
-6.51687e-08
3.39446e-07
-1.34322e-07
2.77071e-07
-2.11091e-07
2.07862e-07
-2.93429e-07
1.3959e-07
-3.73836e-07
7.92503e-08
-4.40667e-07
3.0192e-08
-4.83082e-07
-9.16413e-09
-4.96309e-07
-4.24607e-08
-4.8597e-07
-7.25122e-08
-4.61611e-07
-1.00821e-07
-4.29684e-07
-1.27732e-07
-3.93924e-07
-1.52985e-07
-3.56137e-07
-1.76155e-07
-3.17131e-07
-1.96877e-07
-2.77342e-07
-2.14899e-07
-2.37154e-07
-2.3007e-07
-1.9694e-07
-2.42302e-07
-1.56865e-07
-2.51603e-07
-1.1685e-07
-2.5808e-07
-7.72496e-08
-3.96004e-08
-2.6196e-07
1.31576e-06
-1.57337e-08
1.31836e-06
-1.68178e-08
1.32083e-06
-1.82443e-08
1.32313e-06
-2.00722e-08
1.32522e-06
-2.23736e-08
1.32705e-06
-2.51775e-08
1.32853e-06
-2.84905e-08
1.32961e-06
-3.23123e-08
1.3302e-06
-3.66279e-08
1.33024e-06
-4.13997e-08
1.32966e-06
-4.65678e-08
1.3284e-06
-5.20511e-08
1.32644e-06
-5.77486e-08
1.32375e-06
-6.35408e-08
1.32033e-06
-6.92927e-08
1.31619e-06
-7.48578e-08
1.31138e-06
-8.00826e-08
1.30596e-06
-8.48114e-08
1.29999e-06
-8.88919e-08
1.29356e-06
-9.21797e-08
1.28675e-06
-9.45445e-08
1.27965e-06
-9.58745e-08
1.27235e-06
-9.60825e-08
1.26493e-06
-9.51105e-08
1.25745e-06
-9.29345e-08
1.24997e-06
-8.95679e-08
1.24256e-06
-8.50642e-08
1.23527e-06
-7.95174e-08
1.22817e-06
-7.30602e-08
1.22131e-06
-6.58599e-08
1.21476e-06
-5.81128e-08
1.20858e-06
-5.00357e-08
1.20286e-06
-4.18563e-08
1.19766e-06
-3.38053e-08
1.19304e-06
-2.61118e-08
1.18905e-06
-1.90014e-08
1.18574e-06
-1.26891e-08
1.18314e-06
-7.37352e-09
1.18128e-06
-3.23654e-09
1.18016e-06
-4.43744e-10
1.17976e-06
8.77491e-10
1.18005e-06
6.32875e-10
1.18099e-06
-1.24623e-09
1.18251e-06
-4.79802e-09
1.18452e-06
-1.00445e-08
1.18693e-06
-1.69918e-08
1.18964e-06
-2.56322e-08
1.19255e-06
-3.59415e-08
1.19557e-06
-4.78772e-08
1.1986e-06
-6.13769e-08
1.20156e-06
-7.63544e-08
1.20432e-06
-9.26965e-08
1.20673e-06
-1.10257e-07
1.20857e-06
-1.28847e-07
1.2095e-06
-1.48227e-07
1.20904e-06
-1.68086e-07
1.20652e-06
-1.88018e-07
1.20099e-06
-2.075e-07
1.19129e-06
-2.25856e-07
1.17599e-06
-2.42253e-07
1.15352e-06
-2.55727e-07
1.12232e-06
-2.65289e-07
1.08117e-06
-2.70121e-07
1.02947e-06
-2.69771e-07
9.67482e-07
-2.64206e-07
8.96576e-07
-2.53754e-07
8.19811e-07
-2.39459e-07
7.42355e-07
-2.23389e-07
6.70157e-07
-2.06952e-07
6.06867e-07
-1.87608e-07
5.51801e-07
-1.58183e-07
5.00404e-07
-1.0978e-07
4.457e-07
-3.41702e-08
3.80961e-07
7.48475e-08
3.08036e-07
2.09672e-07
2.44184e-07
3.21268e-07
2.03054e-07
3.19024e-07
1.63439e-07
1.59361e-07
9.57325e-08
-9.20389e-08
4.95537e-09
-3.56716e-07
-8.43089e-08
-5.76886e-07
-1.56432e-07
-7.08245e-07
-2.13527e-07
-7.49339e-07
-2.63549e-07
-7.27744e-07
-3.11446e-07
-6.7304e-07
-3.57556e-07
-6.03148e-07
-4.00136e-07
-5.2586e-07
-4.37533e-07
-4.44702e-07
-4.68772e-07
-3.62039e-07
-4.9332e-07
-2.79767e-07
-5.10884e-07
-1.9932e-07
-5.21078e-07
-1.21602e-07
-5.23582e-07
-4.72074e-08
-5.17972e-07
2.28418e-08
-5.04195e-07
8.86243e-08
-4.82445e-07
1.49337e-07
-4.53174e-07
2.04385e-07
-4.17037e-07
2.53223e-07
-3.74819e-07
2.95395e-07
-3.27378e-07
3.30552e-07
-2.75615e-07
3.58464e-07
-2.20474e-07
3.79e-07
-1.62903e-07
3.9218e-07
-1.0394e-07
3.98129e-07
-4.4688e-08
3.97278e-07
1.35279e-08
3.90149e-07
6.98608e-08
3.77114e-07
1.23781e-07
3.59132e-07
1.74768e-07
3.37455e-07
2.22492e-07
3.13125e-07
2.66792e-07
2.87096e-07
3.07632e-07
2.60185e-07
3.45073e-07
2.33045e-07
3.79234e-07
2.06168e-07
4.10272e-07
1.79896e-07
4.38351e-07
1.54444e-07
4.63616e-07
1.2993e-07
4.86145e-07
1.06412e-07
5.05879e-07
8.39454e-08
5.22556e-07
6.26447e-08
5.357e-07
4.27105e-08
5.44723e-07
2.43935e-08
5.49147e-07
7.87792e-09
5.48871e-07
-6.91393e-09
5.44273e-07
-2.04253e-08
5.36104e-07
-3.33335e-08
5.25264e-07
-4.63415e-08
5.12557e-07
-5.99087e-08
4.9854e-07
-7.40564e-08
4.83509e-07
-8.83214e-08
4.67597e-07
-1.01861e-07
4.50899e-07
-1.13648e-07
4.33569e-07
-1.22681e-07
4.15852e-07
-1.28152e-07
3.9808e-07
-1.2954e-07
3.80623e-07
-1.26635e-07
3.6385e-07
-1.19509e-07
3.48088e-07
-1.08447e-07
3.33627e-07
-9.38934e-08
3.20682e-07
-7.62994e-08
3.09411e-07
-5.61086e-08
2.99947e-07
-3.36946e-08
2.92452e-07
-9.41085e-09
2.87057e-07
1.65203e-08
2.83903e-07
4.38655e-08
2.83173e-07
7.23139e-08
2.85121e-07
1.01417e-07
2.90109e-07
1.30425e-07
2.9861e-07
1.58145e-07
3.11147e-07
1.82803e-07
3.28119e-07
2.02019e-07
3.49503e-07
2.13011e-07
3.74508e-07
2.13136e-07
4.01331e-07
2.00718e-07
4.27198e-07
1.75855e-07
4.48708e-07
1.40723e-07
4.62325e-07
9.90279e-08
4.64767e-07
5.46223e-08
4.5298e-07
9.71164e-09
4.24499e-07
-3.66872e-08
3.78108e-07
-8.79305e-08
3.14896e-07
-1.4788e-07
2.39255e-07
-2.17789e-07
1.58915e-07
-2.93496e-07
8.30667e-08
-3.64818e-07
1.88152e-08
-4.18831e-07
-3.24095e-08
-4.45085e-07
-7.37618e-08
-4.44618e-07
-1.0904e-07
-4.26332e-07
-1.40956e-07
-3.97769e-07
-1.70788e-07
-3.64092e-07
-1.98754e-07
-3.28171e-07
-2.24557e-07
-2.91327e-07
-2.47785e-07
-2.54114e-07
-2.68093e-07
-2.16846e-07
-2.85236e-07
-1.79798e-07
-2.99052e-07
-1.43048e-07
-3.09552e-07
-1.0635e-07
-3.17035e-07
-6.97663e-08
-3.46786e-08
-3.21957e-07
1.31762e-06
-1.82318e-08
1.32005e-06
-1.92532e-08
1.32233e-06
-2.05238e-08
1.32442e-06
-2.21585e-08
1.32628e-06
-2.42374e-08
1.32788e-06
-2.67717e-08
1.32915e-06
-2.97612e-08
1.33004e-06
-3.32065e-08
1.33051e-06
-3.70936e-08
1.3305e-06
-4.13879e-08
1.32997e-06
-4.60371e-08
1.32889e-06
-5.09714e-08
1.32724e-06
-5.6103e-08
1.32503e-06
-6.13267e-08
1.32226e-06
-6.65212e-08
1.31895e-06
-7.15522e-08
1.31514e-06
-7.62754e-08
1.31087e-06
-8.05411e-08
1.30618e-06
-8.41983e-08
1.3011e-06
-8.71015e-08
1.29567e-06
-8.91164e-08
1.28993e-06
-9.0127e-08
1.28389e-06
-9.00429e-08
1.27758e-06
-8.88054e-08
1.27104e-06
-8.63935e-08
1.2643e-06
-8.28277e-08
1.25741e-06
-7.81718e-08
1.25042e-06
-7.25322e-08
1.24342e-06
-6.60546e-08
1.23647e-06
-5.89182e-08
1.22969e-06
-5.1328e-08
1.22316e-06
-4.35053e-08
1.21698e-06
-3.56754e-08
1.21123e-06
-2.80595e-08
1.20599e-06
-2.08739e-08
1.20132e-06
-1.43308e-08
1.19726e-06
-8.63034e-09
1.19385e-06
-3.96289e-09
1.19112e-06
-5.00762e-10
1.18906e-06
1.61596e-09
1.18766e-06
2.27671e-09
1.18689e-06
1.39949e-09
1.18673e-06
-1.07916e-09
1.18709e-06
-5.1605e-09
1.18789e-06
-1.08481e-08
1.18903e-06
-1.81309e-08
1.19038e-06
-2.69858e-08
1.19181e-06
-3.73704e-08
1.19315e-06
-4.92178e-08
1.19421e-06
-6.24288e-08
1.19472e-06
-7.68638e-08
1.19435e-06
-9.23347e-08
1.19269e-06
-1.08598e-07
1.18919e-06
-1.25345e-07
1.18317e-06
-1.422e-07
1.17379e-06
-1.58706e-07
1.16008e-06
-1.74316e-07
1.14097e-06
-1.8839e-07
1.11531e-06
-2.00193e-07
1.08198e-06
-2.08926e-07
1.04006e-06
-2.13803e-07
9.88969e-07
-2.14201e-07
9.28709e-07
-2.0986e-07
8.59953e-07
-2.01016e-07
7.84194e-07
-1.88446e-07
7.04296e-07
-1.73856e-07
6.25421e-07
-1.60584e-07
5.54423e-07
-1.52392e-07
4.96224e-07
-1.48752e-07
4.50409e-07
-1.41793e-07
4.12161e-07
-1.19936e-07
3.75395e-07
-7.30136e-08
3.348e-07
6.42501e-09
2.89199e-07
1.20448e-07
2.4763e-07
2.51241e-07
2.26131e-07
3.42767e-07
2.23006e-07
3.22149e-07
2.04278e-07
1.78089e-07
1.39735e-07
-2.74955e-08
3.02972e-08
-2.47279e-07
-9.1901e-08
-4.54688e-07
-1.95575e-07
-6.04571e-07
-2.74259e-07
-6.70654e-07
-3.36127e-07
-6.65875e-07
-3.90561e-07
-6.18607e-07
-4.41753e-07
-5.51956e-07
-4.89524e-07
-4.7809e-07
-5.32102e-07
-4.02124e-07
-5.67901e-07
-3.2624e-07
-5.95923e-07
-2.51744e-07
-6.15625e-07
-1.79618e-07
-6.26617e-07
-1.10611e-07
-6.28799e-07
-4.5025e-08
-6.21808e-07
1.58502e-08
-6.05934e-07
7.27507e-08
-5.81507e-07
1.2491e-07
-5.49081e-07
1.71959e-07
-5.09383e-07
2.13524e-07
-4.63266e-07
2.49278e-07
-4.11675e-07
2.78962e-07
-3.55616e-07
3.02404e-07
-2.9614e-07
3.19524e-07
-2.34325e-07
3.30365e-07
-1.71282e-07
3.35086e-07
-1.08051e-07
3.34047e-07
-4.57023e-08
3.278e-07
1.45922e-08
3.16819e-07
7.2155e-08
3.01569e-07
1.26643e-07
2.82968e-07
1.77696e-07
2.62072e-07
2.25129e-07
2.39664e-07
2.6888e-07
2.16433e-07
3.08986e-07
1.92939e-07
3.4554e-07
1.69613e-07
3.78661e-07
1.46775e-07
4.08438e-07
1.24667e-07
4.34883e-07
1.03485e-07
4.57871e-07
8.34241e-08
4.77113e-07
6.4703e-08
4.92199e-07
4.75583e-08
5.02711e-07
3.21989e-08
5.08406e-07
1.86985e-08
5.09383e-07
6.90125e-09
5.06121e-07
-3.65223e-09
4.9935e-07
-1.36539e-08
4.89833e-07
-2.3817e-08
4.78185e-07
-3.46936e-08
4.64778e-07
-4.65015e-08
4.49776e-07
-5.90546e-08
4.33253e-07
-7.17985e-08
4.15315e-07
-8.39221e-08
3.96174e-07
-9.45068e-08
3.76173e-07
-1.02681e-07
3.55764e-07
-1.07743e-07
3.3546e-07
-1.09236e-07
3.15774e-07
-1.06948e-07
2.97184e-07
-1.0092e-07
2.80113e-07
-9.1375e-08
2.64895e-07
-7.86752e-08
2.51791e-07
-6.31955e-08
2.40976e-07
-4.5294e-08
2.32593e-07
-2.53111e-08
2.26934e-07
-3.75214e-09
2.24117e-07
1.93369e-08
2.24345e-07
4.36383e-08
2.27871e-07
6.87877e-08
2.35017e-07
9.42708e-08
2.46166e-07
1.19275e-07
2.61726e-07
1.42585e-07
2.82017e-07
1.62512e-07
3.07081e-07
1.76955e-07
3.36425e-07
1.83667e-07
3.68784e-07
1.80777e-07
4.02041e-07
1.67461e-07
4.33407e-07
1.44489e-07
4.59814e-07
1.14315e-07
4.78324e-07
8.05186e-08
4.863e-07
4.66461e-08
4.81251e-07
1.47603e-08
4.60561e-07
-1.5997e-08
4.21888e-07
-4.92571e-08
3.64099e-07
-9.00905e-08
2.88743e-07
-1.42433e-07
2.01344e-07
-2.06096e-07
1.1114e-07
-2.74615e-07
2.8486e-08
-3.36176e-07
-3.9778e-08
-3.76821e-07
-9.41231e-08
-3.90273e-07
-1.38189e-07
-3.82266e-07
-1.75676e-07
-3.60282e-07
-2.09157e-07
-3.30611e-07
-2.39853e-07
-2.97475e-07
-2.68006e-07
-2.63174e-07
-2.93386e-07
-2.28734e-07
-3.1567e-07
-1.94563e-07
-3.34586e-07
-1.60882e-07
-3.49913e-07
-1.2772e-07
-3.6161e-07
-9.46534e-08
-3.7014e-07
-6.1236e-08
-2.85798e-08
-3.76239e-07
1.32109e-06
-2.07609e-08
1.32354e-06
-2.17053e-08
1.32584e-06
-2.28293e-08
1.328e-06
-2.43124e-08
1.32997e-06
-2.62129e-08
1.33172e-06
-2.85216e-08
1.3332e-06
-3.12431e-08
1.33438e-06
-3.43819e-08
1.33521e-06
-3.79218e-08
1.33565e-06
-4.18277e-08
1.33566e-06
-4.60488e-08
1.33521e-06
-5.05185e-08
1.33425e-06
-5.51515e-08
1.33277e-06
-5.98449e-08
1.33073e-06
-6.44788e-08
1.3281e-06
-6.89199e-08
1.32485e-06
-7.30245e-08
1.32095e-06
-7.66442e-08
1.31638e-06
-7.96315e-08
1.31113e-06
-8.18473e-08
1.30518e-06
-8.31682e-08
1.29855e-06
-8.34943e-08
1.29126e-06
-8.27556e-08
1.28337e-06
-8.09183e-08
1.27497e-06
-7.79881e-08
1.26615e-06
-7.40118e-08
1.25706e-06
-6.90767e-08
1.24783e-06
-6.33074e-08
1.23864e-06
-5.68603e-08
1.22964e-06
-4.99174e-08
1.22099e-06
-4.26785e-08
1.21283e-06
-3.53514e-08
1.2053e-06
-2.81369e-08
1.19846e-06
-2.12232e-08
1.19238e-06
-1.47913e-08
1.18707e-06
-9.02196e-09
1.18253e-06
-4.08834e-09
1.17872e-06
-1.60335e-10
1.17561e-06
2.61402e-09
1.17312e-06
4.10331e-09
1.1712e-06
4.20042e-09
1.16975e-06
2.84298e-09
1.16868e-06
-1.52002e-12
1.16783e-06
-4.31423e-09
1.16705e-06
-1.00672e-08
1.16615e-06
-1.72282e-08
1.1649e-06
-2.57437e-08
1.16307e-06
-3.55349e-08
1.16034e-06
-4.64883e-08
1.15636e-06
-5.84472e-08
1.1507e-06
-7.12048e-08
1.14286e-06
-8.44976e-08
1.13226e-06
-9.80003e-08
1.11824e-06
-1.11323e-07
1.10005e-06
-1.2401e-07
1.07689e-06
-1.35546e-07
1.04795e-06
-1.45372e-07
1.01247e-06
-1.5291e-07
9.69869e-07
-1.57594e-07
9.19856e-07
-1.58912e-07
8.62529e-07
-1.56476e-07
7.98463e-07
-1.50135e-07
7.28678e-07
-1.40075e-07
6.54607e-07
-1.26945e-07
5.78472e-07
-1.12312e-07
5.04385e-07
-9.97693e-08
4.38659e-07
-9.48576e-08
3.86603e-07
-1.00336e-07
3.48062e-07
-1.10212e-07
3.17914e-07
-1.11645e-07
2.9058e-07
-9.26016e-08
2.62582e-07
-4.50148e-08
2.34304e-07
3.47024e-08
2.11323e-07
1.43429e-07
2.06055e-07
2.5651e-07
2.27345e-07
3.21477e-07
2.60135e-07
2.89359e-07
2.67502e-07
1.70723e-07
2.20063e-07
1.99431e-08
1.0982e-07
-1.37036e-07
-4.08299e-08
-3.04038e-07
-1.8642e-07
-4.58981e-07
-3.01443e-07
-5.55631e-07
-3.86702e-07
-5.80617e-07
-4.53234e-07
-5.52074e-07
-5.10464e-07
-4.94726e-07
-5.62503e-07
-4.26051e-07
-6.09299e-07
-3.55328e-07
-6.49241e-07
-2.86297e-07
-6.80797e-07
-2.20189e-07
-7.02979e-07
-1.57437e-07
-7.15348e-07
-9.82414e-08
-7.17531e-07
-4.28418e-08
-7.09872e-07
8.19136e-09
-6.92511e-07
5.53895e-08
-6.66e-07
9.83995e-08
-6.31026e-07
1.36984e-07
-5.88416e-07
1.70915e-07
-5.39121e-07
1.99982e-07
-4.84178e-07
2.24019e-07
-4.24689e-07
2.42915e-07
-3.61792e-07
2.56627e-07
-2.96637e-07
2.6521e-07
-2.30381e-07
2.6883e-07
-1.6412e-07
2.67786e-07
-9.87942e-08
2.62474e-07
-3.54005e-08
2.53425e-07
2.51325e-08
2.41036e-07
8.23708e-08
2.25729e-07
1.3608e-07
2.08362e-07
1.86023e-07
1.89722e-07
2.32086e-07
1.7037e-07
2.74234e-07
1.50791e-07
3.12467e-07
1.3138e-07
3.46768e-07
1.12475e-07
3.77057e-07
9.43779e-08
4.03169e-07
7.73736e-08
4.24868e-07
6.17249e-08
4.41915e-07
4.76559e-08
4.54171e-07
3.53018e-08
4.61707e-07
2.46632e-08
4.6485e-07
1.55551e-08
4.64158e-07
7.59416e-09
4.60259e-07
2.46139e-10
4.53706e-07
-7.10046e-09
4.44841e-07
-1.4952e-08
4.33785e-07
-2.36379e-08
4.20512e-07
-3.32283e-08
4.04978e-07
-4.35207e-08
3.87244e-07
-5.40643e-08
3.67536e-07
-6.42141e-08
3.46251e-07
-7.32217e-08
3.23921e-07
-8.0351e-08
3.01161e-07
-8.49836e-08
2.78613e-07
-8.66871e-08
2.56907e-07
-8.52427e-08
2.3662e-07
-8.06333e-08
2.18275e-07
-7.30299e-08
2.02291e-07
-6.26914e-08
1.88995e-07
-4.98994e-08
1.78619e-07
-3.49177e-08
1.71306e-07
-1.79984e-08
1.67611e-07
-5.65047e-11
1.67529e-07
1.94188e-08
1.7134e-07
3.98268e-08
1.79335e-07
6.07931e-08
1.91829e-07
8.17768e-08
2.0913e-07
1.01974e-07
2.31468e-07
1.20247e-07
2.58866e-07
1.35114e-07
2.90967e-07
1.44853e-07
3.26844e-07
1.4779e-07
3.64876e-07
1.42746e-07
4.02795e-07
1.29542e-07
4.37937e-07
1.09346e-07
4.67634e-07
8.46183e-08
4.89564e-07
5.85885e-08
5.01875e-07
3.4335e-08
5.02949e-07
1.36862e-08
4.90802e-07
-3.8499e-09
4.62935e-07
-2.13904e-08
4.16731e-07
-4.38861e-08
3.50671e-07
-7.63733e-08
2.66267e-07
-1.21693e-07
1.69516e-07
-1.77864e-07
7.06229e-08
-2.37283e-07
-1.87756e-08
-2.87422e-07
-9.26476e-08
-3.16401e-07
-1.5202e-07
-3.22894e-07
-2.00146e-07
-3.12156e-07
-2.40433e-07
-2.90323e-07
-2.75393e-07
-2.62515e-07
-3.06392e-07
-2.32175e-07
-3.33912e-07
-2.01213e-07
-3.57983e-07
-1.70492e-07
-3.78481e-07
-1.40384e-07
-3.95172e-07
-1.11029e-07
-4.0789e-07
-8.1936e-08
-4.17177e-07
-5.19482e-08
-2.15239e-08
-4.24233e-07
1.332e-06
-2.38376e-08
1.33478e-06
-2.44829e-08
1.33729e-06
-2.53378e-08
1.33959e-06
-2.66081e-08
1.34163e-06
-2.8252e-08
1.34334e-06
-3.02346e-08
1.34466e-06
-3.25631e-08
1.34551e-06
-3.52333e-08
1.34581e-06
-3.82183e-08
1.34546e-06
-4.14777e-08
1.34437e-06
-4.49588e-08
1.34244e-06
-4.8594e-08
1.33959e-06
-5.22999e-08
1.33572e-06
-5.59781e-08
1.33076e-06
-5.95175e-08
1.32464e-06
-6.2798e-08
1.31731e-06
-6.56944e-08
1.30875e-06
-6.8082e-08
1.29896e-06
-6.98432e-08
1.28799e-06
-7.08738e-08
1.27591e-06
-7.10897e-08
1.26285e-06
-7.04324e-08
1.24896e-06
-6.88735e-08
1.23446e-06
-6.64175e-08
1.21958e-06
-6.3102e-08
1.20456e-06
-5.89964e-08
1.18968e-06
-5.41992e-08
1.17521e-06
-4.88334e-08
1.16139e-06
-4.30408e-08
1.14845e-06
-3.69766e-08
1.13658e-06
-3.08059e-08
1.12592e-06
-2.46958e-08
1.11658e-06
-1.87947e-08
1.10858e-06
-1.32283e-08
1.10191e-06
-8.11919e-09
1.09649e-06
-3.59582e-09
1.09216e-06
2.38318e-10
1.08878e-06
3.21766e-09
1.08618e-06
5.21463e-09
1.08418e-06
6.10886e-09
1.08258e-06
5.79558e-09
1.0812e-06
4.22733e-09
1.07978e-06
1.41761e-09
1.07805e-06
-2.58363e-09
1.07571e-06
-7.72713e-09
1.07244e-06
-1.39609e-08
1.06791e-06
-2.12125e-08
1.06176e-06
-2.93845e-08
1.05361e-06
-3.83413e-08
1.04306e-06
-4.79e-08
1.02968e-06
-5.78213e-08
1.01298e-06
-6.78015e-08
9.92454e-07
-7.74708e-08
9.67531e-07
-8.64003e-08
9.37645e-07
-9.41235e-08
9.02273e-07
-1.00174e-07
8.61035e-07
-1.04134e-07
8.1381e-07
-1.05685e-07
7.60849e-07
-1.04633e-07
7.02847e-07
-1.0091e-07
6.40929e-07
-9.45586e-08
5.7651e-07
-8.57152e-08
5.11073e-07
-7.46389e-08
4.46239e-07
-6.211e-08
3.84609e-07
-5.06816e-08
3.30448e-07
-4.56082e-08
2.87488e-07
-5.18986e-08
2.55002e-07
-6.785e-08
2.2821e-07
-8.3419e-08
2.02976e-07
-8.64106e-08
1.7818e-07
-6.78064e-08
1.55926e-07
-2.27604e-08
1.42916e-07
4.77129e-08
1.47124e-07
1.3922e-07
1.78683e-07
2.24951e-07
2.36933e-07
2.63227e-07
2.993e-07
2.26991e-07
3.33157e-07
1.36866e-07
3.14607e-07
3.84936e-08
2.2967e-07
-5.20989e-08
7.88373e-08
-1.53206e-07
-1.023e-07
-2.77843e-07
-2.66672e-07
-3.91259e-07
-3.94578e-07
-4.52711e-07
-4.89353e-07
-4.57299e-07
-5.61446e-07
-4.22633e-07
-6.20273e-07
-3.67225e-07
-6.70624e-07
-3.04977e-07
-7.13364e-07
-2.43556e-07
-7.47523e-07
-1.8603e-07
-7.71878e-07
-1.33082e-07
-7.85667e-07
-8.44531e-08
-7.88502e-07
-4.00064e-08
-7.80623e-07
3.12581e-10
-7.62407e-07
3.71733e-08
-7.34535e-07
7.05275e-08
-6.97803e-07
1.00252e-07
-6.53139e-07
1.26251e-07
-6.01585e-07
1.48429e-07
-5.44264e-07
1.66698e-07
-4.82348e-07
1.81e-07
-4.1704e-07
1.91319e-07
-3.49535e-07
1.97705e-07
-2.81004e-07
2.00299e-07
-2.12562e-07
1.99343e-07
-1.45185e-07
1.95097e-07
-7.97336e-08
1.87974e-07
-1.70781e-08
1.78381e-07
4.21046e-08
1.66547e-07
9.75696e-08
1.52897e-07
1.4906e-07
1.38231e-07
1.96323e-07
1.23108e-07
2.39174e-07
1.0794e-07
2.77463e-07
9.30908e-08
3.11054e-07
7.88839e-08
3.39825e-07
6.56064e-08
3.63706e-07
5.34927e-08
3.82725e-07
4.27057e-08
3.97061e-07
3.33196e-08
4.07064e-07
2.52996e-08
4.13224e-07
1.85029e-08
4.16093e-07
1.26862e-08
4.16169e-07
7.5181e-09
4.13791e-07
2.62392e-09
4.09054e-07
-2.36338e-09
4.01872e-07
-7.76991e-09
3.92054e-07
-1.38194e-08
3.79416e-07
-2.05912e-08
3.63897e-07
-2.80013e-08
3.45621e-07
-3.57884e-08
3.24924e-07
-4.35167e-08
3.0233e-07
-5.06276e-08
2.785e-07
-5.65217e-08
2.54164e-07
-6.06474e-08
2.30063e-07
-6.25861e-08
2.0691e-07
-6.20891e-08
1.85368e-07
-5.90918e-08
1.66047e-07
-5.37086e-08
1.49457e-07
-4.61016e-08
1.36039e-07
-3.64809e-08
1.2607e-07
-2.49487e-08
1.19946e-07
-1.18745e-08
1.18206e-07
1.6829e-09
1.20848e-07
1.67767e-08
1.28186e-07
3.24889e-08
1.40494e-07
4.84857e-08
1.58013e-07
6.42578e-08
1.809e-07
7.90865e-08
2.09144e-07
9.20038e-08
2.4244e-07
1.01818e-07
2.80052e-07
1.07241e-07
3.20693e-07
1.07149e-07
3.62493e-07
1.00945e-07
4.03119e-07
8.89167e-08
4.40046e-07
7.24191e-08
4.70938e-07
5.3727e-08
4.93998e-07
3.55282e-08
5.08142e-07
2.01905e-08
5.12828e-07
9.00083e-09
5.07415e-07
1.56297e-09
4.90458e-07
-4.43327e-09
4.59367e-07
-1.27951e-08
4.10749e-07
-2.77555e-08
3.42168e-07
-5.3112e-08
2.54156e-07
-8.98517e-08
1.51984e-07
-1.35111e-07
4.6328e-08
-1.81766e-07
-5.04817e-08
-2.19591e-07
-1.32473e-07
-2.40903e-07
-1.99627e-07
-2.45001e-07
-2.54166e-07
-2.35785e-07
-2.9886e-07
-2.17821e-07
-3.36142e-07
-1.94893e-07
-3.67674e-07
-1.69681e-07
-3.94382e-07
-1.43784e-07
-4.16715e-07
-1.18051e-07
-4.34736e-07
-9.30079e-08
-4.48252e-07
-6.84204e-08
-4.57818e-07
-4.23823e-08
-1.39427e-08
-4.65399e-07
1.34107e-06
-2.44681e-08
1.34074e-06
-2.41533e-08
1.33963e-06
-2.42222e-08
1.33779e-06
-2.4767e-08
1.33516e-06
-2.56221e-08
1.33169e-06
-2.67689e-08
1.32734e-06
-2.82086e-08
1.32201e-06
-2.99097e-08
1.31562e-06
-3.18302e-08
1.30807e-06
-3.39278e-08
1.29927e-06
-3.61547e-08
1.28913e-06
-3.84519e-08
1.27758e-06
-4.07493e-08
1.26457e-06
-4.29679e-08
1.25007e-06
-4.50218e-08
1.23409e-06
-4.68217e-08
1.21668e-06
-4.82791e-08
1.19791e-06
-4.93111e-08
1.17791e-06
-4.98451e-08
1.15686e-06
-4.98242e-08
1.13498e-06
-4.92105e-08
1.11254e-06
-4.79884e-08
1.08983e-06
-4.6165e-08
1.06718e-06
-4.37705e-08
1.04494e-06
-4.08556e-08
1.02343e-06
-3.74889e-08
1.00298e-06
-3.37533e-08
9.83892e-07
-2.97423e-08
9.66407e-07
-2.55563e-08
9.50729e-07
-2.1299e-08
9.37002e-07
-1.70788e-08
9.25314e-07
-1.30071e-08
9.15693e-07
-9.17386e-09
9.08098e-07
-5.63297e-09
9.02374e-07
-2.39591e-09
8.98302e-07
4.76248e-10
8.95654e-07
2.88635e-09
8.94155e-07
4.71668e-09
8.93486e-07
5.8834e-09
8.9331e-07
6.28488e-09
8.93301e-07
5.80454e-09
8.93132e-07
4.39635e-09
8.92438e-07
2.11242e-09
8.908e-07
-9.46157e-10
8.87869e-07
-4.79595e-09
8.83285e-07
-9.37659e-09
8.76698e-07
-1.46261e-08
8.67759e-07
-2.04451e-08
8.56104e-07
-2.6687e-08
8.41352e-07
-3.31472e-08
8.2309e-07
-3.95594e-08
8.0089e-07
-4.56023e-08
7.74337e-07
-5.09171e-08
7.43077e-07
-5.51403e-08
7.069e-07
-5.79464e-08
6.65824e-07
-5.90987e-08
6.20188e-07
-5.84978e-08
5.70715e-07
-5.6212e-08
5.18545e-07
-5.2463e-08
4.65175e-07
-4.75402e-08
4.1226e-07
-4.16434e-08
3.61325e-07
-3.47804e-08
3.13694e-07
-2.7008e-08
2.70873e-07
-1.92888e-08
2.34622e-07
-1.44306e-08
2.05394e-07
-1.63804e-08
1.80539e-07
-2.70436e-08
1.5573e-07
-4.3041e-08
1.28702e-07
-5.63911e-08
1.00603e-07
-5.83115e-08
7.51482e-08
-4.23516e-08
6.08274e-08
-8.43953e-09
6.63599e-08
4.21804e-08
9.79954e-08
1.07585e-07
1.60447e-07
1.625e-07
2.44571e-07
1.79103e-07
3.25584e-07
1.45978e-07
3.78144e-07
8.4306e-08
3.8854e-07
2.80971e-08
3.46187e-07
-9.74555e-09
2.39216e-07
-4.62351e-08
6.86318e-08
-1.07259e-07
-1.2959e-07
-1.93037e-07
-3.1143e-07
-2.70871e-07
-4.58363e-07
-3.10366e-07
-5.69362e-07
-3.11634e-07
-6.51861e-07
-2.84726e-07
-7.1418e-07
-2.42658e-07
-7.62081e-07
-1.95656e-07
-7.98384e-07
-1.49726e-07
-8.23896e-07
-1.0757e-07
-8.38517e-07
-6.98323e-08
-8.41999e-07
-3.65247e-08
-8.34344e-07
-7.34243e-09
-8.15878e-07
1.87078e-08
-7.87381e-07
4.20304e-08
-7.49713e-07
6.25841e-08
-7.03891e-07
8.04285e-08
-6.51035e-07
9.55726e-08
-5.92333e-07
1.07996e-07
-5.29011e-07
1.17678e-07
-4.62316e-07
1.24623e-07
-3.93485e-07
1.28875e-07
-3.23726e-07
1.3054e-07
-2.54126e-07
1.29744e-07
-1.85742e-07
1.26714e-07
-1.19435e-07
1.21666e-07
-5.60024e-08
1.14948e-07
3.72366e-09
1.0682e-07
5.92007e-08
9.74199e-08
1.10301e-07
8.71303e-08
1.56623e-07
7.67858e-08
1.97912e-07
6.66518e-08
2.34043e-07
5.69595e-08
2.65027e-07
4.79003e-08
2.91001e-07
3.96319e-08
3.12234e-07
3.22601e-08
3.29105e-07
2.58339e-08
3.42081e-07
2.03438e-08
3.51656e-07
1.57253e-08
3.58299e-07
1.18595e-08
3.62387e-07
8.59796e-09
3.64157e-07
5.7487e-09
3.63695e-07
3.08583e-09
3.60908e-07
4.23723e-10
3.55615e-07
-2.47752e-09
3.47575e-07
-5.77906e-09
3.36568e-07
-9.58467e-09
3.22478e-07
-1.39112e-08
3.05354e-07
-1.86647e-08
2.85457e-07
-2.36189e-08
2.63276e-07
-2.84469e-08
2.39498e-07
-3.27444e-08
2.14946e-07
-3.60946e-08
1.90476e-07
-3.8116e-08
1.66924e-07
-3.85379e-08
1.45077e-07
-3.72443e-08
1.25609e-07
-3.42412e-08
1.09087e-07
-2.95791e-08
9.60031e-08
-2.3397e-08
8.69129e-08
-1.58585e-08
8.23356e-08
-7.2973e-09
8.24383e-08
1.58023e-09
8.76083e-08
1.16067e-08
9.81039e-08
2.19933e-08
1.14139e-07
3.24503e-08
1.35836e-07
4.25608e-08
1.63158e-07
5.17647e-08
1.95815e-07
5.93472e-08
2.3315e-07
6.44824e-08
2.74036e-07
6.63554e-08
3.16811e-07
6.43743e-08
3.59328e-07
5.84287e-08
3.99146e-07
4.90982e-08
4.33886e-07
3.76799e-08
4.61659e-07
2.59538e-08
4.81447e-07
1.57399e-08
4.9323e-07
8.40715e-09
4.97747e-07
4.48368e-09
4.95858e-07
3.45289e-09
4.87664e-07
3.76015e-09
4.7184e-07
3.02891e-09
4.44834e-07
-7.49632e-10
4.02362e-07
-1.06393e-08
3.40329e-07
-2.78186e-08
2.57436e-07
-5.22189e-08
1.57399e-07
-8.17286e-08
4.99477e-08
-1.1214e-07
-5.32204e-08
-1.37735e-07
-1.44703e-07
-1.53519e-07
-2.22351e-07
-1.58136e-07
-2.86448e-07
-1.53724e-07
-3.38584e-07
-1.42757e-07
-3.80725e-07
-1.2754e-07
-4.14621e-07
-1.09889e-07
-4.41689e-07
-9.09823e-08
-4.62941e-07
-7.1756e-08
-4.78669e-07
-5.26923e-08
-4.89087e-07
-3.19641e-08
-6.2936e-09
-4.96737e-07
1.22889e-06
-1.25907e-08
1.21632e-06
-1.15763e-08
1.20365e-06
-1.15532e-08
1.19075e-06
-1.18726e-08
1.17748e-06
-1.2355e-08
1.16377e-06
-1.30591e-08
1.14954e-06
-1.39714e-08
1.13466e-06
-1.50296e-08
1.11901e-06
-1.61787e-08
1.10245e-06
-1.73765e-08
1.08488e-06
-1.85844e-08
1.06619e-06
-1.97609e-08
1.04631e-06
-2.08624e-08
1.02518e-06
-2.18442e-08
1.00282e-06
-2.26627e-08
9.79279e-07
-2.32774e-08
9.54653e-07
-2.36524e-08
9.29101e-07
-2.37592e-08
9.02834e-07
-2.35787e-08
8.76112e-07
-2.3102e-08
8.49233e-07
-2.23312e-08
8.22524e-07
-2.12793e-08
7.96327e-07
-1.99689e-08
7.70988e-07
-1.84306e-08
7.46833e-07
-1.67011e-08
7.24165e-07
-1.48208e-08
7.03245e-07
-1.2833e-08
6.84284e-07
-1.0782e-08
6.67441e-07
-8.71308e-09
6.52815e-07
-6.67284e-09
6.40451e-07
-4.71441e-09
6.30357e-07
-2.91321e-09
6.22535e-07
-1.35234e-09
6.16981e-07
-7.91125e-11
6.13583e-07
1.0027e-09
6.12066e-07
1.99276e-09
6.12107e-07
2.8459e-09
6.13314e-07
3.50905e-09
6.1527e-07
3.92729e-09
6.1751e-07
4.04506e-09
6.19573e-07
3.7416e-09
6.21176e-07
2.79309e-09
6.22232e-07
1.05719e-09
6.22519e-07
-1.2332e-09
6.21525e-07
-3.80217e-09
6.18707e-07
-6.55827e-09
6.13528e-07
-9.44749e-09
6.05466e-07
-1.23829e-08
5.94029e-07
-1.52501e-08
5.78791e-07
-1.79089e-08
5.59431e-07
-2.01996e-08
5.35786e-07
-2.1957e-08
5.07899e-07
-2.30305e-08
4.76065e-07
-2.33062e-08
4.40848e-07
-2.27298e-08
4.0308e-07
-2.13304e-08
3.63829e-07
-1.92465e-08
3.24357e-07
-1.67402e-08
2.86044e-07
-1.41506e-08
2.50251e-07
-1.17467e-08
2.1815e-07
-9.54276e-09
1.90646e-07
-7.27576e-09
1.68375e-07
-4.73727e-09
1.5145e-07
-2.36413e-09
1.38502e-07
-1.48227e-09
1.25723e-07
-3.60157e-09
1.08186e-07
-9.50645e-09
8.32588e-08
-1.81139e-08
5.27435e-08
-2.58758e-08
2.20305e-08
-2.75984e-08
4.58828e-10
-2.07799e-08
-4.38357e-09
-3.59714e-09
1.38085e-08
2.39883e-08
6.62044e-08
5.51889e-08
1.481e-07
8.06042e-08
2.43477e-07
8.37255e-08
3.27112e-07
6.23431e-08
3.81029e-07
3.03889e-08
4.02818e-07
6.30881e-09
3.95411e-07
-2.33904e-09
3.53037e-07
-3.86069e-09
2.58855e-07
-1.30769e-08
1.04821e-07
-3.90025e-08
-8.71769e-08
-7.88734e-08
-2.79362e-07
-1.1818e-07
-4.46853e-07
-1.44144e-07
-5.82592e-07
-1.48987e-07
-6.86637e-07
-1.38613e-07
-7.62352e-07
-1.19941e-07
-8.14454e-07
-9.76242e-08
-8.47539e-07
-7.44847e-08
-8.65341e-07
-5.20297e-08
-8.70662e-07
-3.12037e-08
-8.65342e-07
-1.2663e-08
-8.49454e-07
2.8199e-09
-8.22809e-07
1.5385e-08
-7.86367e-07
2.6143e-08
-7.41336e-07
3.53974e-08
-6.88979e-07
4.32154e-08
-6.30589e-07
4.96057e-08
-5.67477e-07
5.45666e-08
-5.00959e-07
5.81047e-08
-4.32332e-07
6.02481e-08
-3.62846e-07
6.10532e-08
-2.9371e-07
6.06076e-08
-2.25987e-07
5.89912e-08
-1.60675e-07
5.63542e-08
-9.86181e-08
5.28915e-08
-4.07264e-08
4.89288e-08
1.24285e-08
4.4265e-08
6.03146e-08
3.92442e-08
1.0302e-07
3.408e-08
1.40427e-07
2.92448e-08
1.72614e-07
2.47725e-08
1.99842e-07
2.06732e-08
2.2248e-07
1.69939e-08
2.40973e-07
1.37669e-08
2.55804e-07
1.10023e-08
2.67462e-07
8.68573e-09
2.76406e-07
6.78127e-09
2.83035e-07
5.23127e-09
2.87669e-07
3.96345e-09
2.90531e-07
2.88682e-09
2.91719e-07
1.89822e-09
2.91213e-07
9.29636e-10
2.88854e-07
-1.18876e-10
2.84334e-07
-1.25946e-09
2.77337e-07
-2.58732e-09
2.67575e-07
-4.14867e-09
2.54855e-07
-5.94529e-09
2.39162e-07
-7.92612e-09
2.20729e-07
-1.00137e-08
2.00052e-07
-1.20667e-08
1.77867e-07
-1.39098e-08
1.55097e-07
-1.53468e-08
1.32733e-07
-1.61735e-08
1.11814e-07
-1.63249e-08
9.32042e-08
-1.56316e-08
7.76278e-08
-1.40028e-08
6.57272e-08
-1.14964e-08
5.80612e-08
-8.19245e-09
5.5167e-08
-4.40309e-09
5.67604e-08
-1.32037e-11
6.37243e-08
4.64276e-09
7.62126e-08
9.50504e-09
9.43121e-08
1.43508e-08
1.17941e-07
1.89314e-08
1.46769e-07
2.29376e-08
1.80111e-07
2.60049e-08
2.16841e-07
2.7752e-08
2.55337e-07
2.78601e-08
2.93529e-07
2.61823e-08
3.29109e-07
2.2848e-08
3.59902e-07
1.83056e-08
3.84317e-07
1.32648e-08
4.0173e-07
8.5407e-09
4.12612e-07
4.85766e-09
4.18344e-07
2.67503e-09
4.20754e-07
2.07393e-09
4.21481e-07
2.72571e-09
4.21333e-07
3.90843e-09
4.19706e-07
4.65645e-09
4.14711e-07
4.24483e-09
4.0212e-07
1.95169e-09
3.76557e-07
-2.255e-09
3.32999e-07
-8.66145e-09
2.68815e-07
-1.75444e-08
1.85502e-07
-2.88276e-08
8.90964e-08
-4.13294e-08
-1.07186e-08
-5.37042e-08
-1.05757e-07
-6.30971e-08
-1.9115e-07
-6.83314e-08
-2.64938e-07
-6.89695e-08
-3.26658e-07
-6.582e-08
-3.76599e-07
-5.99484e-08
-4.15576e-07
-5.20052e-08
-4.44894e-07
-4.24373e-08
-4.6592e-07
-3.1667e-08
-4.7919e-07
-1.86936e-08
7.5842e-10
-4.86242e-07
8.3513e-07
8.23554e-07
8.12e-07
8.00128e-07
7.87773e-07
7.74714e-07
7.60742e-07
7.45713e-07
7.29534e-07
7.12157e-07
6.93573e-07
6.73812e-07
6.5295e-07
6.31106e-07
6.08443e-07
5.85165e-07
5.61513e-07
5.37754e-07
5.14175e-07
4.91073e-07
4.68742e-07
4.47463e-07
4.27494e-07
4.09063e-07
3.92362e-07
3.77541e-07
3.64708e-07
3.53926e-07
3.45213e-07
3.3854e-07
3.33826e-07
3.30913e-07
3.29561e-07
3.29481e-07
3.30484e-07
3.32477e-07
3.35323e-07
3.38832e-07
3.42759e-07
3.46804e-07
3.50546e-07
3.53339e-07
3.54396e-07
3.53163e-07
3.49361e-07
3.42802e-07
3.33355e-07
3.20972e-07
3.05722e-07
2.87813e-07
2.67613e-07
2.45657e-07
2.22626e-07
1.9932e-07
1.7659e-07
1.5526e-07
1.36013e-07
1.19273e-07
1.05122e-07
9.33756e-08
8.38328e-08
7.6557e-08
7.18198e-08
6.94556e-08
6.79734e-08
6.43718e-08
5.48654e-08
3.67515e-08
1.08757e-08
-1.67227e-08
-3.75027e-08
-4.10998e-08
-1.71115e-08
3.80774e-08
1.18682e-07
2.02407e-07
2.6475e-07
2.95139e-07
3.01448e-07
2.99109e-07
2.95248e-07
2.82171e-07
2.43169e-07
1.64295e-07
4.61151e-08
-9.80289e-08
-2.47016e-07
-3.85629e-07
-5.05569e-07
-6.03193e-07
-6.77678e-07
-7.29708e-07
-7.60912e-07
-7.73575e-07
-7.70755e-07
-7.5537e-07
-7.29227e-07
-6.93829e-07
-6.50614e-07
-6.01008e-07
-5.46441e-07
-4.88337e-07
-4.28089e-07
-3.67036e-07
-3.06428e-07
-2.47437e-07
-1.91083e-07
-1.38191e-07
-8.92622e-08
-4.49973e-08
-5.75311e-09
2.83269e-08
5.75717e-08
8.23442e-08
1.03017e-07
1.20011e-07
1.33778e-07
1.44781e-07
1.53466e-07
1.60248e-07
1.65479e-07
1.69442e-07
1.72329e-07
1.74227e-07
1.75157e-07
1.75038e-07
1.73779e-07
1.71191e-07
1.67043e-07
1.61097e-07
1.53171e-07
1.43158e-07
1.31091e-07
1.17181e-07
1.01834e-07
8.56607e-08
6.93358e-08
5.37043e-08
3.97015e-08
2.82051e-08
2.00126e-08
1.56095e-08
1.55963e-08
2.02391e-08
2.97441e-08
4.40949e-08
6.30263e-08
8.59639e-08
1.11969e-07
1.39721e-07
1.67581e-07
1.93763e-07
2.16611e-07
2.34917e-07
2.48182e-07
2.56722e-07
2.6158e-07
2.64255e-07
2.66329e-07
2.69055e-07
2.72963e-07
2.7762e-07
2.81864e-07
2.83816e-07
2.81561e-07
2.729e-07
2.55355e-07
2.26528e-07
1.85198e-07
1.31494e-07
6.83969e-08
6.5536e-11
-6.8904e-08
-1.34724e-07
-1.94672e-07
-2.46678e-07
-2.89115e-07
-3.20782e-07
-3.39475e-07
-3.38717e-07
1.96912e-07
-2.43536e-08
2.17245e-07
-2.03335e-08
2.3858e-07
-2.13351e-08
2.64159e-07
-2.55786e-08
2.90676e-07
-2.65169e-08
3.08907e-07
-1.82308e-08
3.10366e-07
-1.45986e-09
2.89407e-07
2.09594e-08
2.39938e-07
4.94691e-08
1.55218e-07
8.47197e-08
4.00103e-08
1.15208e-07
-7.17213e-08
1.11732e-07
-1.563e-07
8.45782e-08
-1.97649e-07
4.13498e-08
-1.9334e-07
-4.3097e-09
-1.47199e-07
-4.61407e-08
-7.00527e-08
-7.71462e-08
2.22358e-08
-9.22885e-08
1.1161e-07
-8.93737e-08
1.87011e-07
-7.54013e-08
2.44341e-07
-5.73305e-08
2.84039e-07
-3.96978e-08
3.10859e-07
-2.68196e-08
3.23953e-07
-1.30941e-08
-2.92268e-08
3.51413e-07
-2.33473e-08
3.53631e-07
-2.25522e-08
3.6256e-07
-3.02635e-08
3.80948e-07
-4.39663e-08
4.06001e-07
-5.15702e-08
4.25776e-07
-3.8006e-08
4.21819e-07
2.49721e-09
3.755e-07
6.72785e-08
2.75552e-07
1.49417e-07
1.30538e-07
2.29734e-07
-1.60179e-08
2.61764e-07
-1.32216e-07
2.27929e-07
-1.99834e-07
1.52196e-07
-2.18931e-07
6.04472e-08
-1.93152e-07
-3.00883e-08
-1.27078e-07
-1.12215e-07
-3.00877e-08
-1.74136e-07
7.55671e-08
-1.97943e-07
1.76393e-07
-1.90199e-07
2.60091e-07
-1.591e-07
3.22094e-07
-1.19333e-07
3.63768e-07
-8.13717e-08
3.89643e-07
-5.26944e-08
4.05463e-07
-2.89137e-08
-4.44156e-08
5.19123e-07
-2.19003e-09
4.98405e-07
-1.83364e-09
4.82313e-07
-1.4172e-08
4.75788e-07
-3.74415e-08
4.80059e-07
-5.58405e-08
4.82988e-07
-4.0936e-08
4.5834e-07
2.71456e-08
3.83109e-07
1.4251e-07
2.56005e-07
2.7652e-07
1.06814e-07
3.78925e-07
-2.32141e-08
3.91792e-07
-1.16929e-07
3.21644e-07
-1.69847e-07
2.05115e-07
-1.81786e-07
7.23861e-08
-1.51182e-07
-6.06923e-08
-8.17672e-08
-1.81631e-07
1.4293e-08
-2.70196e-07
1.24971e-07
-3.08621e-07
2.33292e-07
-2.98521e-07
3.27127e-07
-2.52935e-07
4.00002e-07
-1.92208e-07
4.51228e-07
-1.32597e-07
4.84678e-07
-8.61445e-08
5.05849e-07
-5.00846e-08
-6.01874e-08
6.89485e-07
3.1129e-08
6.50914e-07
3.67379e-08
6.09854e-07
2.68878e-08
5.71297e-07
1.11573e-09
5.40913e-07
-2.54564e-08
5.14004e-07
-1.40272e-08
4.67593e-07
7.35561e-08
3.79044e-07
2.31059e-07
2.52896e-07
4.02668e-07
1.20693e-07
5.11128e-07
1.00909e-08
5.02394e-07
-7.1118e-08
4.02853e-07
-1.19549e-07
2.53545e-07
-1.30209e-07
8.30459e-08
-9.96566e-08
-9.12442e-08
-3.15963e-08
-2.49691e-07
6.08917e-08
-3.62684e-07
1.68315e-07
-4.16044e-07
2.7483e-07
-4.05036e-07
3.69414e-07
-3.4752e-07
4.45893e-07
-2.68687e-07
5.02756e-07
-1.8946e-07
5.42476e-07
-1.25865e-07
5.69514e-07
-7.7122e-08
-7.72771e-08
8.36929e-07
6.42737e-08
7.92996e-07
8.06713e-08
7.38458e-07
8.14257e-08
6.75952e-07
6.36217e-08
6.12548e-07
3.79472e-08
5.51981e-07
4.654e-08
4.83279e-07
1.42258e-07
3.89858e-07
3.2448e-07
2.74754e-07
5.17773e-07
1.60633e-07
6.25249e-07
6.20485e-08
6.00978e-07
-1.25265e-08
4.77428e-07
-5.9136e-08
3.00155e-07
-6.95356e-08
9.34454e-08
-3.96256e-08
-1.21154e-07
2.20317e-08
-3.11348e-07
1.11229e-07
-4.51881e-07
2.12893e-07
-5.17708e-07
3.14005e-07
-5.06148e-07
4.04492e-07
-4.38006e-07
4.78964e-07
-3.43159e-07
5.36315e-07
-2.46812e-07
5.78436e-07
-1.67985e-07
6.09786e-07
-1.08472e-07
-9.66098e-08
9.43064e-07
8.81862e-08
9.0435e-07
1.19386e-07
8.48508e-07
1.37267e-07
7.75135e-07
1.36995e-07
6.89424e-07
1.23658e-07
6.01398e-07
1.34566e-07
5.14044e-07
2.29613e-07
4.19313e-07
4.19211e-07
3.16257e-07
6.20828e-07
2.16184e-07
7.25322e-07
1.2743e-07
6.89732e-07
5.62415e-08
5.48617e-07
1.21143e-08
3.44282e-07
2.28636e-09
1.03273e-07
2.45652e-08
-1.43433e-07
8.30956e-08
-3.69879e-07
1.65866e-07
-5.34651e-07
2.60382e-07
-6.12224e-07
3.54486e-07
-6.00252e-07
4.38783e-07
-5.22303e-07
5.08428e-07
-4.12805e-07
5.62742e-07
-3.01126e-07
6.03445e-07
-2.08688e-07
6.35354e-07
-1.40381e-07
-1.16481e-07
1.00779e-06
1.00969e-07
9.79995e-07
1.47181e-07
9.31531e-07
1.85731e-07
8.58463e-07
2.10063e-07
7.63471e-07
2.1865e-07
6.59167e-07
2.3887e-07
5.58904e-07
3.29876e-07
4.64008e-07
5.14107e-07
3.70756e-07
7.1408e-07
2.80769e-07
8.15309e-07
1.98227e-07
7.72274e-07
1.30443e-07
6.16402e-07
8.6639e-08
3.88086e-07
7.40941e-08
1.15818e-07
9.6508e-08
-1.65847e-07
1.49062e-07
-4.22433e-07
2.24136e-07
-6.09725e-07
3.10437e-07
-6.98525e-07
3.96474e-07
-6.86289e-07
4.7352e-07
-5.99349e-07
5.37185e-07
-4.76469e-07
5.87007e-07
-3.50948e-07
6.24529e-07
-2.4621e-07
6.54475e-07
-1.70327e-07
-1.3525e-07
1.04379e-06
1.06971e-07
1.02609e-06
1.64873e-07
9.88855e-07
2.22969e-07
9.24465e-07
2.74453e-07
8.31547e-07
3.11567e-07
7.21661e-07
3.48756e-07
6.14309e-07
4.37228e-07
5.19523e-07
6.08894e-07
4.33603e-07
8.00001e-07
3.51652e-07
8.97259e-07
2.74918e-07
8.49009e-07
2.11208e-07
6.80111e-07
1.6934e-07
4.29954e-07
1.55634e-07
1.29524e-07
1.73271e-07
-1.83483e-07
2.18661e-07
-4.67824e-07
2.85183e-07
-6.76247e-07
3.62383e-07
-7.75726e-07
4.39487e-07
-7.63392e-07
5.08492e-07
-6.68355e-07
5.65495e-07
-5.33472e-07
6.10182e-07
-3.95635e-07
6.43904e-07
-2.79932e-07
6.70905e-07
-1.97327e-07
-1.52138e-07
1.06624e-06
1.11486e-07
1.05407e-06
1.77045e-07
1.02687e-06
2.50164e-07
9.74792e-07
3.26532e-07
8.9175e-07
3.94609e-07
7.8523e-07
4.55276e-07
6.76398e-07
5.4606e-07
5.82202e-07
7.03089e-07
5.01764e-07
8.80439e-07
4.26782e-07
9.7224e-07
3.55834e-07
9.19957e-07
2.96177e-07
7.39767e-07
2.56018e-07
4.70114e-07
2.40698e-07
1.44843e-07
2.53047e-07
-1.95832e-07
2.90736e-07
-5.05512e-07
3.48087e-07
-7.33598e-07
4.15494e-07
-8.43132e-07
4.82975e-07
-8.30873e-07
5.43322e-07
-7.28702e-07
5.93164e-07
-5.83314e-07
6.32325e-07
-4.34796e-07
6.61974e-07
-3.09581e-07
6.85734e-07
-2.21087e-07
-1.66916e-07
1.08502e-06
1.17043e-07
1.07405e-06
1.88014e-07
1.05308e-06
2.71133e-07
1.01276e-06
3.66851e-07
9.43426e-07
4.63943e-07
8.46788e-07
5.51914e-07
7.41665e-07
6.51183e-07
6.49218e-07
7.95536e-07
5.73121e-07
9.56536e-07
5.04426e-07
1.04094e-06
4.39294e-07
9.85089e-07
3.83596e-07
7.95465e-07
3.4482e-07
5.0889e-07
3.27553e-07
1.6211e-07
3.34425e-07
-2.02704e-07
3.64145e-07
-5.35233e-07
4.11926e-07
-7.81379e-07
4.69034e-07
-9.0024e-07
5.26374e-07
-8.88214e-07
5.77609e-07
-7.79937e-07
6.19937e-07
-6.25643e-07
6.5332e-07
-4.68179e-07
6.78742e-07
-3.35003e-07
6.99186e-07
-2.41531e-07
-1.79564e-07
1.10371e-06
1.23565e-07
1.09194e-06
1.9978e-07
1.07351e-06
2.89561e-07
1.04207e-06
3.98295e-07
9.86903e-07
5.19107e-07
9.04054e-07
6.34764e-07
8.07104e-07
7.48133e-07
7.1824e-07
8.844e-07
6.45988e-07
1.02879e-06
5.83005e-07
1.10392e-06
5.23653e-07
1.04444e-06
4.71856e-07
8.47263e-07
4.34192e-07
5.46554e-07
4.14763e-07
1.81539e-07
4.16119e-07
-2.0406e-07
4.37807e-07
-5.56921e-07
4.75814e-07
-8.19386e-07
5.22293e-07
-9.46718e-07
5.69137e-07
-9.35058e-07
6.10964e-07
-8.21764e-07
6.45573e-07
-6.60251e-07
6.73048e-07
-4.95653e-07
6.94176e-07
-3.56132e-07
7.11313e-07
-2.58668e-07
-1.90129e-07
1.12267e-06
1.30238e-07
1.11e-06
2.12452e-07
1.0919e-06
3.07662e-07
1.06594e-06
4.24262e-07
1.02313e-06
5.61908e-07
9.55564e-07
7.02334e-07
8.70207e-07
8.3349e-07
7.87187e-07
9.67419e-07
7.18886e-07
1.09709e-06
6.61103e-07
1.1617e-06
6.07368e-07
1.09818e-06
5.59434e-07
8.95197e-07
5.22741e-07
5.83246e-07
5.01051e-07
2.03229e-07
4.9697e-07
-1.99979e-07
5.10722e-07
-5.70672e-07
5.3892e-07
-8.47584e-07
5.74596e-07
-9.82394e-07
6.10743e-07
-9.71205e-07
6.43022e-07
-8.54042e-07
6.6985e-07
-6.8708e-07
6.91411e-07
-5.17215e-07
7.08267e-07
-3.72988e-07
7.22164e-07
-2.72565e-07
-1.98687e-07
1.14184e-06
1.36708e-07
1.12875e-06
2.25543e-07
1.11012e-06
3.2629e-07
1.08679e-06
4.47592e-07
1.05339e-06
5.95313e-07
1.00058e-06
7.5514e-07
9.28955e-07
9.05118e-07
8.54125e-07
1.04225e-06
7.90436e-07
1.16078e-06
7.37464e-07
1.21467e-06
6.89046e-07
1.14659e-06
6.44924e-07
9.39319e-07
6.09178e-07
6.18992e-07
5.85255e-07
2.27152e-07
5.75937e-07
-1.90661e-07
5.81984e-07
-5.76718e-07
6.00475e-07
-8.66076e-07
6.25314e-07
-1.00723e-06
6.5071e-07
-9.96602e-07
6.73454e-07
-8.76786e-07
6.92584e-07
-7.0621e-07
7.08344e-07
-5.32974e-07
7.21033e-07
-3.85678e-07
7.31808e-07
-2.8334e-07
-2.0533e-07
1.16153e-06
1.43133e-07
1.1483e-06
2.38768e-07
1.129e-06
3.456e-07
1.10633e-06
4.70261e-07
1.07905e-06
6.22589e-07
1.039e-06
7.95187e-07
9.81842e-07
9.6228e-07
9.17262e-07
1.10683e-06
8.59287e-07
1.21875e-06
8.10974e-07
1.26299e-06
7.67486e-07
1.19008e-06
7.27062e-07
9.79743e-07
6.92311e-07
6.53743e-07
6.66321e-07
2.53142e-07
6.52099e-07
-1.7644e-07
6.50786e-07
-5.75405e-07
6.59777e-07
-8.75067e-07
6.73861e-07
-1.02132e-06
6.88598e-07
-1.01134e-06
7.01974e-07
-8.90162e-07
7.1363e-07
-7.17866e-07
7.23811e-07
-5.43155e-07
7.3252e-07
-3.94387e-07
7.40342e-07
-2.91161e-07
-2.10171e-07
1.182e-06
1.49707e-07
1.16868e-06
2.52088e-07
1.14879e-06
3.65496e-07
1.12561e-06
4.93434e-07
1.10147e-06
6.46733e-07
1.07124e-06
8.25418e-07
1.02791e-06
1.00561e-06
9.75012e-07
1.15973e-06
9.24097e-07
1.26967e-06
8.80612e-07
1.30647e-06
8.41685e-07
1.22901e-06
8.04767e-07
1.01666e-06
7.71087e-07
6.87423e-07
7.43314e-07
2.80916e-07
7.24656e-07
-1.57782e-07
7.1642e-07
-5.67169e-07
7.16188e-07
-8.74836e-07
7.19704e-07
-1.02483e-06
7.24015e-07
-1.01565e-06
7.28347e-07
-8.94494e-07
7.32886e-07
-7.22404e-07
7.37815e-07
-5.48084e-07
7.42799e-07
-3.99371e-07
7.47873e-07
-2.96235e-07
-2.1333e-07
1.20291e-06
1.56324e-07
1.18958e-06
2.65416e-07
1.16935e-06
3.85731e-07
1.1452e-06
5.17578e-07
1.12184e-06
6.70095e-07
1.0981e-06
8.49163e-07
1.06677e-06
1.03694e-06
1.0261e-06
1.2004e-06
9.83564e-07
1.3122e-06
9.45412e-07
1.34462e-06
9.10815e-07
1.26361e-06
8.77173e-07
1.0503e-06
8.44641e-07
7.19955e-07
8.15481e-07
3.10075e-07
7.92941e-07
-1.35243e-07
7.78265e-07
-5.52492e-07
7.69129e-07
-8.65701e-07
7.62357e-07
-1.01806e-06
7.56626e-07
-1.00992e-06
7.52393e-07
-8.90262e-07
7.503e-07
-7.20312e-07
7.5039e-07
-5.48174e-07
7.51959e-07
-4.0094e-07
7.54521e-07
-2.98797e-07
-2.14937e-07
1.22327e-06
1.62639e-07
1.21021e-06
2.78469e-07
1.19007e-06
4.05877e-07
1.16509e-06
5.42552e-07
1.14103e-06
6.94156e-07
1.1206e-06
8.69598e-07
1.09856e-06
1.05898e-06
1.06963e-06
1.22932e-06
1.03649e-06
1.34534e-06
1.00444e-06
1.37668e-06
9.7418e-07
1.29386e-06
9.43638e-07
1.08085e-06
9.12354e-07
7.51239e-07
8.82267e-07
3.40162e-07
8.5643e-07
-1.09406e-07
8.35782e-07
-5.31844e-07
8.18072e-07
-8.47991e-07
8.01393e-07
-1.00138e-06
7.86161e-07
-9.94686e-07
7.73995e-07
-8.78096e-07
7.65869e-07
-7.12187e-07
7.61606e-07
-5.4391e-07
7.60109e-07
-3.99443e-07
7.60409e-07
-2.99097e-07
-2.15119e-07
1.24204e-06
1.68395e-07
1.22956e-06
2.90947e-07
1.21e-06
4.25437e-07
1.18477e-06
5.67786e-07
1.15946e-06
7.19463e-07
1.13978e-06
8.89278e-07
1.12389e-06
1.07486e-06
1.10523e-06
1.24799e-06
1.0819e-06
1.36867e-06
1.05677e-06
1.40181e-06
1.03116e-06
1.31947e-06
1.00371e-06
1.10829e-06
9.73846e-07
7.81107e-07
9.43313e-07
3.70695e-07
9.14731e-07
-8.08236e-08
8.88489e-07
-5.05603e-07
8.62531e-07
-8.22033e-07
8.36445e-07
-9.75295e-07
8.12422e-07
-9.70663e-07
7.93103e-07
-8.58776e-07
7.7964e-07
-6.98723e-07
7.71557e-07
-5.35827e-07
7.67364e-07
-3.9525e-07
7.65654e-07
-2.97386e-07
-2.14001e-07
1.25884e-06
1.73703e-07
1.24693e-06
3.02855e-07
1.22823e-06
4.44139e-07
1.20341e-06
5.92605e-07
1.17706e-06
7.45807e-07
1.15649e-06
9.09845e-07
1.14369e-06
1.08767e-06
1.13299e-06
1.25868e-06
1.11911e-06
1.38256e-06
1.10159e-06
1.41932e-06
1.08117e-06
1.33989e-06
1.05706e-06
1.13241e-06
1.02891e-06
8.09259e-07
9.98397e-07
4.01204e-07
9.675e-07
-4.9926e-08
9.3592e-07
-4.74022e-07
9.02059e-07
-7.88172e-07
8.67223e-07
-9.40458e-07
8.35302e-07
-9.38742e-07
8.0974e-07
-8.33214e-07
7.91703e-07
-6.80686e-07
7.80361e-07
-5.24485e-07
7.73846e-07
-3.88734e-07
7.70367e-07
-2.93908e-07
-2.11696e-07
1.27412e-06
1.79041e-07
1.26231e-06
3.14669e-07
1.24423e-06
4.62214e-07
1.2202e-06
6.16637e-07
1.1934e-06
7.72603e-07
1.17125e-06
9.32e-07
1.15897e-06
1.09995e-06
1.15349e-06
1.26417e-06
1.14786e-06
1.38819e-06
1.13822e-06
1.42895e-06
1.12362e-06
1.35449e-06
1.10332e-06
1.15271e-06
1.07734e-06
8.35241e-07
1.04729e-06
4.31254e-07
1.01434e-06
-1.6975e-08
9.77582e-07
-4.37264e-07
9.36261e-07
-7.46851e-07
8.93532e-07
-8.9773e-07
8.54788e-07
-8.99998e-07
8.24001e-07
-8.02428e-07
8.02193e-07
-6.58878e-07
7.8815e-07
-5.10443e-07
7.79669e-07
-3.80253e-07
7.74644e-07
-2.88883e-07
-2.08305e-07
1.28873e-06
1.84968e-07
1.27625e-06
3.27148e-07
1.25807e-06
4.80397e-07
1.23464e-06
6.40063e-07
1.2079e-06
7.99344e-07
1.18418e-06
9.5572e-07
1.17067e-06
1.11345e-06
1.16762e-06
1.26722e-06
1.16834e-06
1.38747e-06
1.16623e-06
1.43106e-06
1.15795e-06
1.36277e-06
1.1421e-06
1.16855e-06
1.11886e-06
8.58484e-07
1.08965e-06
4.60463e-07
1.05475e-06
1.79279e-08
1.01297e-06
-3.95493e-07
9.64828e-07
-6.98705e-07
9.15305e-07
-8.48207e-07
8.70974e-07
-8.55666e-07
8.36045e-07
-7.67499e-07
8.11268e-07
-6.34102e-07
7.9506e-07
-4.94234e-07
7.84941e-07
-3.70135e-07
7.78564e-07
-2.82505e-07
-2.03917e-07
1.30305e-06
1.91773e-07
1.2893e-06
3.40902e-07
1.27012e-06
4.99579e-07
1.24662e-06
6.63559e-07
1.22006e-06
8.25902e-07
1.19515e-06
9.80635e-07
1.17952e-06
1.12909e-06
1.17647e-06
1.27026e-06
1.18117e-06
1.38278e-06
1.18553e-06
1.42671e-06
1.18368e-06
1.36461e-06
1.17289e-06
1.17935e-06
1.15298e-06
8.78398e-07
1.12489e-06
4.88552e-07
1.08808e-06
5.47331e-08
1.04163e-06
-3.49039e-07
9.87595e-07
-6.44671e-07
9.32622e-07
-7.93234e-07
8.84058e-07
-8.07101e-07
8.46083e-07
-7.29524e-07
8.19107e-07
-6.07126e-07
8.01218e-07
-4.76345e-07
7.89751e-07
-3.58668e-07
7.82185e-07
-2.74939e-07
-1.98605e-07
1.3164e-06
1.99309e-07
1.3013e-06
3.56006e-07
1.28057e-06
5.2031e-07
1.25621e-06
6.87914e-07
1.22957e-06
8.52546e-07
1.20385e-06
1.00636e-06
1.1859e-06
1.14703e-06
1.18113e-06
1.27503e-06
1.18734e-06
1.37657e-06
1.19645e-06
1.41759e-06
1.20057e-06
1.3605e-06
1.19513e-06
1.18478e-06
1.17897e-06
8.94554e-07
1.15221e-06
5.15319e-07
1.1137e-06
9.32407e-08
1.06325e-06
-2.98587e-07
1.00461e-06
-5.8603e-07
9.45727e-07
-7.34354e-07
8.94328e-07
-7.55703e-07
8.54362e-07
-6.89559e-07
8.25885e-07
-5.78649e-07
8.06738e-07
-4.57199e-07
7.94165e-07
-3.46094e-07
7.85544e-07
-2.66317e-07
-1.92434e-07
1.327e-06
2.07053e-07
1.31112e-06
3.71889e-07
1.289e-06
5.42428e-07
1.26336e-06
7.13551e-07
1.23622e-06
8.79685e-07
1.20993e-06
1.03265e-06
1.18994e-06
1.16702e-06
1.1825e-06
1.28247e-06
1.18806e-06
1.37101e-06
1.19983e-06
1.40583e-06
1.20877e-06
1.35156e-06
1.20844e-06
1.18511e-06
1.19616e-06
9.06838e-07
1.1709e-06
5.40577e-07
1.13119e-06
1.32955e-07
1.07783e-06
-2.45227e-07
1.01616e-06
-5.24359e-07
9.55013e-07
-6.73211e-07
9.02139e-07
-7.02828e-07
8.61136e-07
-6.48556e-07
8.31757e-07
-5.49269e-07
8.11704e-07
-4.37145e-07
7.98222e-07
-3.32613e-07
7.88655e-07
-2.5675e-07
-1.85461e-07
1.3324e-06
2.14284e-07
1.31678e-06
3.8751e-07
1.29419e-06
5.65025e-07
1.26755e-06
7.40187e-07
1.23975e-06
9.07491e-07
1.21303e-06
1.05936e-06
1.19151e-06
1.18854e-06
1.18119e-06
1.2928e-06
1.18456e-06
1.36764e-06
1.19685e-06
1.39353e-06
1.209e-06
1.33941e-06
1.21301e-06
1.1811e-06
1.20438e-06
9.15471e-07
1.1808e-06
5.64152e-07
1.14066e-06
1.73095e-07
1.08578e-06
-1.90341e-07
1.0228e-06
-4.6138e-07
9.60994e-07
-6.11407e-07
9.0787e-07
-6.49704e-07
8.66643e-07
-6.0733e-07
8.3685e-07
-5.19476e-07
8.16166e-07
-4.16462e-07
8.01932e-07
-3.18379e-07
7.91509e-07
-2.46326e-07
-1.77741e-07
1.33018e-06
2.20266e-07
1.31604e-06
4.01651e-07
1.29439e-06
5.86674e-07
1.26778e-06
7.66799e-07
1.23966e-06
9.35611e-07
1.21277e-06
1.08626e-06
1.19033e-06
1.21098e-06
1.17748e-06
1.30564e-06
1.17788e-06
1.36724e-06
1.18894e-06
1.38248e-06
1.20248e-06
1.32587e-06
1.20961e-06
1.17396e-06
1.20412e-06
9.20966e-07
1.18239e-06
5.85879e-07
1.14276e-06
2.12723e-07
1.08788e-06
-1.35457e-07
1.02527e-06
-3.98767e-07
9.64237e-07
-5.50378e-07
9.11892e-07
-5.97359e-07
8.71089e-07
-5.66526e-07
8.41254e-07
-4.89642e-07
8.20147e-07
-3.95355e-07
8.05283e-07
-3.03514e-07
7.94079e-07
-2.35122e-07
-1.69332e-07
1.3184e-06
2.24425e-07
1.3068e-06
4.13247e-07
1.28762e-06
6.05849e-07
1.26256e-06
7.91862e-07
1.23509e-06
9.63086e-07
1.20854e-06
1.1128e-06
1.18589e-06
1.23363e-06
1.17131e-06
1.32022e-06
1.16874e-06
1.36981e-06
1.17742e-06
1.37379e-06
1.19071e-06
1.31258e-06
1.19958e-06
1.16509e-06
1.19653e-06
9.24017e-07
1.1768e-06
6.05606e-07
1.13864e-06
2.50887e-07
1.08518e-06
-8.20016e-08
1.02438e-06
-3.37968e-07
9.65309e-07
-4.91302e-07
9.14546e-07
-5.46596e-07
8.74644e-07
-5.26624e-07
8.4503e-07
-4.60027e-07
8.23647e-07
-3.73972e-07
8.0824e-07
-2.88108e-07
7.96334e-07
-2.23216e-07
-1.60278e-07
1.16771e-06
2.26164e-07
1.16021e-06
4.20746e-07
1.14622e-06
6.19834e-07
1.12635e-06
8.11734e-07
1.10329e-06
9.86145e-07
1.08041e-06
1.13568e-06
1.06049e-06
1.25355e-06
1.04666e-06
1.33405e-06
1.04225e-06
1.37422e-06
1.04771e-06
1.36834e-06
1.05848e-06
1.30181e-06
1.06692e-06
1.15666e-06
1.06564e-06
9.2529e-07
1.04963e-06
6.21618e-07
1.01716e-06
2.83359e-07
9.71238e-07
-3.60834e-08
9.19038e-07
-2.85767e-07
8.68289e-07
-4.40554e-07
8.24434e-07
-5.02741e-07
7.89558e-07
-4.91749e-07
7.6323e-07
-4.33699e-07
7.43845e-07
-3.54587e-07
7.29538e-07
-2.738e-07
7.18376e-07
-2.12054e-07
-1.51494e-07
1.14136e-06
2.25819e-07
1.13707e-06
4.25034e-07
1.12702e-06
6.29888e-07
1.1109e-06
8.27849e-07
1.09065e-06
1.0064e-06
1.06962e-06
1.15671e-06
1.05088e-06
1.27228e-06
1.03724e-06
1.3477e-06
1.03159e-06
1.37986e-06
1.03498e-06
1.36496e-06
1.04413e-06
1.29266e-06
1.05222e-06
1.14857e-06
1.05181e-06
9.25701e-07
1.03743e-06
6.35995e-07
1.00722e-06
3.13572e-07
9.64093e-07
7.03992e-09
9.14946e-07
-2.36619e-07
8.66948e-07
-3.92556e-07
8.25065e-07
-4.60858e-07
7.91272e-07
-4.57955e-07
7.65305e-07
-4.07732e-07
7.45817e-07
-3.351e-07
7.31182e-07
-2.59165e-07
7.19568e-07
-2.0044e-07
-1.42301e-07
1.10712e-06
2.2341e-07
1.10614e-06
4.26013e-07
1.10045e-06
6.35576e-07
1.08899e-06
8.39312e-07
1.07268e-06
1.02272e-06
1.05451e-06
1.17488e-06
1.03776e-06
1.28903e-06
1.02514e-06
1.36031e-06
1.01916e-06
1.38584e-06
1.02104e-06
1.36308e-06
1.02856e-06
1.28514e-06
1.03592e-06
1.14121e-06
1.03601e-06
9.25612e-07
1.02324e-06
6.48769e-07
9.95598e-07
3.41212e-07
9.5573e-07
4.69082e-08
9.10005e-07
-1.90895e-07
8.6496e-07
-3.47511e-07
8.2513e-07
-4.21029e-07
7.92446e-07
-4.25271e-07
7.66861e-07
-3.82147e-07
7.47307e-07
-3.15546e-07
7.32397e-07
-2.44255e-07
7.20388e-07
-1.88431e-07
-1.32776e-07
1.06564e-06
2.18994e-07
1.06789e-06
4.23769e-07
1.06666e-06
6.36805e-07
1.06037e-06
8.45596e-07
1.04895e-06
1.03414e-06
1.03466e-06
1.18917e-06
1.02077e-06
1.30292e-06
1.01004e-06
1.37105e-06
1.00467e-06
1.39121e-06
1.00587e-06
1.36188e-06
1.01216e-06
1.27885e-06
1.01875e-06
1.13462e-06
1.01916e-06
9.25194e-07
1.00797e-06
6.59964e-07
9.8306e-07
3.66121e-07
9.46671e-07
8.32969e-08
9.04503e-07
-1.48726e-07
8.62438e-07
-3.05446e-07
8.24634e-07
-3.83225e-07
7.93036e-07
-3.93672e-07
7.67842e-07
-3.56953e-07
7.4826e-07
-2.95964e-07
7.33135e-07
-2.2913e-07
7.20809e-07
-1.76104e-07
-1.22989e-07
1.01771e-06
2.12672e-07
1.02299e-06
4.18491e-07
1.02608e-06
6.33719e-07
1.02515e-06
8.46528e-07
1.01925e-06
1.04004e-06
1.00975e-06
1.19867e-06
9.996e-07
1.31307e-06
9.91598e-07
1.37905e-06
9.87787e-07
1.39502e-06
9.89243e-07
1.36042e-06
9.94958e-07
1.27314e-06
1.00106e-06
1.12852e-06
1.00185e-06
9.24402e-07
9.92253e-07
6.69559e-07
9.70127e-07
3.88248e-07
9.37258e-07
1.16166e-07
8.98594e-07
-1.10063e-07
8.59405e-07
-2.66256e-07
8.2353e-07
-3.4735e-07
7.92971e-07
-3.63113e-07
7.68175e-07
-3.32157e-07
7.48615e-07
-2.76404e-07
7.33346e-07
-2.13861e-07
7.20792e-07
-1.6355e-07
-1.13015e-07
9.64162e-07
2.04578e-07
9.72237e-07
4.10417e-07
9.79351e-07
6.26604e-07
9.83668e-07
8.42211e-07
9.83612e-07
1.0401e-06
9.79596e-07
1.20268e-06
9.74004e-07
1.31866e-06
9.69544e-07
1.38351e-06
9.68174e-07
1.39639e-06
9.70844e-07
1.35775e-06
9.76809e-07
1.26717e-06
9.82934e-07
1.1224e-06
9.84335e-07
9.23002e-07
9.76419e-07
6.77474e-07
9.57067e-07
4.07601e-07
9.27624e-07
1.45609e-07
8.92297e-07
-7.47361e-08
8.55804e-07
-2.29763e-07
8.21735e-07
-3.13282e-07
7.92167e-07
-3.33545e-07
7.67788e-07
-3.07779e-07
7.48313e-07
-2.56929e-07
7.32984e-07
-1.98532e-07
7.20304e-07
-1.5087e-07
-1.0294e-07
9.05799e-07
1.94869e-07
9.16408e-07
3.99807e-07
9.27194e-07
6.15818e-07
9.36466e-07
8.32939e-07
9.42286e-07
1.03428e-06
9.44203e-07
1.20077e-06
9.43856e-07
1.31901e-06
9.43684e-07
1.38368e-06
9.45563e-07
1.39451e-06
9.50344e-07
1.35297e-06
9.57424e-07
1.26009e-06
9.64228e-07
1.11559e-06
9.66615e-07
9.20615e-07
9.60523e-07
6.83566e-07
9.4391e-07
4.24213e-07
9.17733e-07
1.71786e-07
8.85524e-07
-4.25265e-08
8.51527e-07
-1.95766e-07
8.19145e-07
-2.80899e-07
7.90538e-07
-3.04938e-07
7.66614e-07
-2.83855e-07
7.47304e-07
-2.37619e-07
7.32011e-07
-1.83239e-07
7.19317e-07
-1.38176e-07
-9.28549e-08
8.4339e-07
1.83726e-07
8.56261e-07
3.86937e-07
8.70338e-07
6.01741e-07
8.84168e-07
8.1911e-07
8.95677e-07
1.02277e-06
9.03728e-07
1.19271e-06
9.09143e-07
1.31359e-06
9.13908e-07
1.37892e-06
9.19755e-07
1.38867e-06
9.27453e-07
1.34527e-06
9.36474e-07
1.25107e-06
9.44656e-07
1.10741e-06
9.48485e-07
9.16786e-07
9.44412e-07
6.87639e-07
9.30512e-07
4.38112e-07
9.07427e-07
1.94871e-07
8.78119e-07
-1.32179e-08
8.46438e-07
-1.64086e-07
8.15653e-07
-2.50114e-07
7.88007e-07
-2.77291e-07
7.64599e-07
-2.60448e-07
7.45549e-07
-2.18569e-07
7.304e-07
-1.6809e-07
7.17811e-07
-1.25587e-07
-8.28544e-08
7.77635e-07
1.71344e-07
7.92492e-07
3.7208e-07
8.09483e-07
5.8475e-07
8.27426e-07
8.01167e-07
8.44295e-07
1.0059e-06
8.58469e-07
1.17854e-06
8.69975e-07
1.30208e-06
8.80204e-07
1.36869e-06
8.90637e-07
1.37823e-06
9.0195e-07
1.33396e-06
9.13656e-07
1.23936e-06
9.23887e-07
1.09718e-06
9.29638e-07
9.11035e-07
9.27812e-07
6.89466e-07
9.16624e-07
4.493e-07
8.96483e-07
2.15012e-07
8.69897e-07
1.33684e-08
8.404e-07
-1.34589e-07
8.11165e-07
-2.20879e-07
7.84512e-07
-2.50638e-07
7.61704e-07
-2.3764e-07
7.43025e-07
-1.9989e-07
7.28136e-07
-1.532e-07
7.15774e-07
-1.13226e-07
-7.30353e-08
7.09158e-07
1.57919e-07
7.25728e-07
3.55509e-07
7.45272e-07
5.65206e-07
7.66881e-07
7.79558e-07
7.88699e-07
9.8408e-07
8.0882e-07
1.15842e-06
8.26568e-07
1.28434e-06
8.42652e-07
1.3526e-06
8.58182e-07
1.3627e-06
8.73701e-07
1.31844e-06
8.88729e-07
1.22434e-06
9.01614e-07
1.0843e-06
9.09746e-07
9.02903e-07
9.1041e-07
6.88802e-07
9.01965e-07
4.57745e-07
8.84667e-07
2.32309e-07
8.60681e-07
3.73549e-08
8.3329e-07
-1.07198e-07
8.05603e-07
-1.93193e-07
7.80008e-07
-2.25043e-07
7.57906e-07
-2.15538e-07
7.3972e-07
-1.81704e-07
7.25211e-07
-1.38692e-07
7.13203e-07
-1.01218e-07
-6.34954e-08
6.38506e-07
1.43648e-07
6.56522e-07
3.37494e-07
6.78282e-07
5.43446e-07
7.03134e-07
7.54706e-07
7.2946e-07
9.57754e-07
7.55244e-07
1.13263e-06
7.79228e-07
1.26035e-06
8.01417e-07
1.33041e-06
8.22448e-07
1.34167e-06
8.42656e-07
1.29823e-06
8.61539e-07
1.20545e-06
8.77596e-07
1.06824e-06
8.88522e-07
8.91977e-07
8.91916e-07
6.85409e-07
8.86278e-07
4.63382e-07
8.71774e-07
2.46814e-07
8.50325e-07
5.88039e-08
8.25018e-07
-8.18915e-08
7.98919e-07
-1.67093e-07
7.74471e-07
-2.00595e-07
7.53194e-07
-1.94261e-07
7.3563e-07
-1.6414e-07
7.21627e-07
-1.24689e-07
7.10099e-07
-8.96895e-08
-5.43313e-08
5.66147e-07
1.28719e-07
5.85352e-07
3.18289e-07
6.09019e-07
5.19779e-07
6.3673e-07
7.26995e-07
6.67136e-07
9.27348e-07
6.98236e-07
1.10153e-06
7.2833e-07
1.23026e-06
7.56743e-07
1.302e-06
7.83564e-07
1.31485e-06
8.08846e-07
1.27295e-06
8.32018e-07
1.18228e-06
8.51677e-07
1.04858e-06
8.65754e-07
8.779e-07
8.72103e-07
6.79061e-07
8.69361e-07
4.66124e-07
8.5765e-07
2.58525e-07
8.38729e-07
7.77249e-08
8.15529e-07
-5.86917e-08
7.91088e-07
-1.42652e-07
7.67898e-07
-1.77406e-07
7.47575e-07
-1.73938e-07
7.30766e-07
-1.47331e-07
7.17395e-07
-1.11318e-07
7.06473e-07
-7.87669e-08
-4.56371e-08
4.92466e-07
1.13315e-07
5.12623e-07
2.98132e-07
5.37925e-07
4.94477e-07
5.6816e-07
6.9676e-07
6.02252e-07
8.93257e-07
6.38305e-07
1.06548e-06
6.74296e-07
1.19427e-06
7.08936e-07
1.26736e-06
7.41727e-07
1.28206e-06
7.72372e-07
1.24231e-06
8.00174e-07
1.15448e-06
8.23786e-07
1.02497e-06
8.41314e-07
8.60372e-07
8.50823e-07
6.69552e-07
8.51079e-07
4.65868e-07
8.42199e-07
2.67405e-07
8.25836e-07
9.40886e-08
8.04799e-07
-3.76551e-08
7.8211e-07
-1.19963e-07
7.60301e-07
-1.55597e-07
7.41067e-07
-1.54704e-07
7.25148e-07
-1.31412e-07
7.12533e-07
-9.87027e-08
7.0234e-07
-6.85733e-08
-3.75029e-08
4.17766e-07
9.76e-08
4.3867e-07
2.77228e-07
4.65383e-07
4.67764e-07
4.97862e-07
6.64281e-07
5.353e-07
8.55818e-07
5.75952e-07
1.02483e-06
6.17578e-07
1.15264e-06
6.58351e-07
1.22659e-06
6.97192e-07
1.24322e-06
7.33395e-07
1.20611e-06
7.66087e-07
1.12179e-06
7.93928e-07
9.97127e-07
8.15154e-07
8.39146e-07
8.28003e-07
6.56703e-07
8.31367e-07
4.62504e-07
8.25381e-07
2.73391e-07
8.11632e-07
1.07837e-07
7.92839e-07
-1.88618e-08
7.72009e-07
-9.91332e-08
7.51711e-07
-1.35299e-07
7.33704e-07
-1.36698e-07
7.18809e-07
-1.16516e-07
7.07071e-07
-8.69647e-08
6.97725e-07
-5.92279e-08
-3.0013e-08
3.42286e-07
8.17274e-08
3.6377e-07
2.55744e-07
3.91726e-07
4.39808e-07
4.26233e-07
6.29774e-07
4.6674e-07
8.15311e-07
5.11669e-07
9.79901e-07
5.58641e-07
1.10567e-06
6.05382e-07
1.17985e-06
6.50257e-07
1.19834e-06
6.92125e-07
1.16424e-06
7.2989e-07
1.08402e-06
7.62169e-07
9.64847e-07
7.87291e-07
8.14024e-07
8.03638e-07
6.40356e-07
8.10216e-07
4.55926e-07
8.07198e-07
2.76409e-07
7.96139e-07
1.18896e-07
7.79685e-07
-2.40736e-09
7.60833e-07
-8.02814e-08
7.42178e-07
-1.16644e-07
7.25534e-07
-1.20054e-07
7.1179e-07
-1.02772e-07
7.01044e-07
-7.62184e-08
6.92661e-07
-5.08448e-08
-2.32442e-08
2.66222e-07
6.58417e-08
2.8817e-07
2.33796e-07
3.17264e-07
4.10715e-07
3.53642e-07
5.93395e-07
3.97008e-07
7.71945e-07
4.45935e-07
9.30974e-07
4.97959e-07
1.05365e-06
5.50447e-07
1.12736e-06
6.0126e-07
1.14753e-06
6.48819e-07
1.11668e-06
6.91762e-07
1.04108e-06
7.28629e-07
9.27981e-07
7.578e-07
7.84853e-07
7.77773e-07
6.20382e-07
7.87664e-07
4.46035e-07
7.87695e-07
2.76378e-07
7.79408e-07
1.27184e-07
7.65393e-07
1.16071e-08
7.48639e-07
-6.35277e-08
7.3176e-07
-9.97637e-08
7.16612e-07
-1.04906e-07
7.04144e-07
-9.03041e-08
6.94498e-07
-6.65724e-08
6.87185e-07
-4.35319e-08
-1.72646e-08
1.89768e-07
5.00268e-08
2.12117e-07
2.11448e-07
2.42309e-07
3.80523e-07
2.80459e-07
5.55245e-07
3.26533e-07
7.25871e-07
3.7922e-07
8.78286e-07
4.36008e-07
9.96858e-07
4.93985e-07
1.06938e-06
5.5057e-07
1.09095e-06
6.03763e-07
1.06349e-06
6.51922e-07
9.92918e-07
6.93466e-07
8.86437e-07
7.26794e-07
7.51525e-07
7.50497e-07
5.96679e-07
7.63788e-07
4.32745e-07
7.66945e-07
2.7322e-07
7.61509e-07
1.3262e-07
7.50039e-07
2.30778e-08
7.35504e-07
-4.89929e-08
7.20531e-07
-8.47905e-08
7.07007e-07
-9.13825e-08
6.95932e-07
-7.9229e-08
6.87487e-07
-5.81269e-08
6.81345e-07
-3.739e-08
-1.21313e-08
1.13135e-07
3.42158e-08
1.359e-07
1.88682e-07
1.67208e-07
3.49215e-07
2.07071e-07
5.15382e-07
2.5575e-07
6.77192e-07
3.11995e-07
8.22041e-07
3.73265e-07
9.35588e-07
4.36441e-07
1.00621e-06
4.98574e-07
1.02881e-06
5.57275e-07
1.00478e-06
6.10617e-07
9.39576e-07
6.56871e-07
8.40183e-07
6.94422e-07
7.13974e-07
7.21928e-07
5.69172e-07
7.38691e-07
4.15982e-07
7.45047e-07
2.66864e-07
7.42545e-07
1.35121e-07
7.33723e-07
3.19005e-08
7.21524e-07
-3.67938e-08
7.08583e-07
-7.18503e-08
6.96807e-07
-7.9606e-08
6.87232e-07
-6.96546e-08
6.80077e-07
-5.09712e-08
6.75197e-07
-3.25104e-08
-7.88813e-09
3.64787e-08
1.82166e-08
5.99262e-08
1.65235e-07
9.23754e-08
3.16766e-07
1.33912e-07
4.73846e-07
1.85121e-07
6.25982e-07
2.44739e-07
7.62423e-07
3.10212e-07
8.70116e-07
3.78273e-07
9.38145e-07
4.45677e-07
9.6141e-07
5.09697e-07
9.40763e-07
5.68125e-07
8.81148e-07
6.19066e-07
7.89241e-07
6.60862e-07
6.72179e-07
6.92216e-07
5.37818e-07
7.12504e-07
3.95694e-07
7.22122e-07
2.57247e-07
7.22636e-07
1.34607e-07
7.16564e-07
3.79724e-08
7.06818e-07
-2.70479e-08
6.9603e-07
-6.10626e-08
6.86112e-07
-6.9688e-08
6.78134e-07
-6.16761e-08
6.72344e-07
-4.51819e-08
6.68806e-07
-2.8972e-08
-4.5592e-09
-3.83814e-08
2.28108e-09
-1.43449e-08
1.41198e-07
1.8323e-08
2.84098e-07
6.14742e-08
4.30695e-07
1.15141e-07
5.72315e-07
1.77945e-07
6.9962e-07
2.47331e-07
8.00729e-07
3.19939e-07
8.65537e-07
3.92293e-07
8.89056e-07
4.61386e-07
8.7167e-07
5.24745e-07
8.17789e-07
5.80297e-07
7.33689e-07
6.26317e-07
6.26159e-07
6.61533e-07
5.02603e-07
6.85382e-07
3.71845e-07
6.98317e-07
2.44312e-07
7.01923e-07
1.31e-07
6.98701e-07
4.11951e-08
6.91521e-07
-1.98685e-08
6.82998e-07
-5.25395e-08
6.7504e-07
-6.17294e-08
6.68737e-07
-5.53739e-08
6.64376e-07
-4.08202e-08
6.62235e-07
-2.68313e-08
-2.1356e-09
-1.11434e-07
-1.33084e-08
-8.73994e-08
1.17164e-07
-5.37276e-08
2.50426e-07
-9.00879e-09
3.85976e-07
4.63393e-08
5.16967e-07
1.12123e-07
6.33836e-07
1.85111e-07
7.27741e-07
2.61899e-07
7.88749e-07
3.38844e-07
8.12111e-07
4.12714e-07
7.97801e-07
4.80796e-07
7.49707e-07
5.40834e-07
6.73651e-07
5.91019e-07
5.75975e-07
6.30081e-07
4.6354e-07
6.5751e-07
3.44417e-07
6.73809e-07
2.28012e-07
6.80582e-07
1.24227e-07
6.80305e-07
4.14726e-08
6.75798e-07
-1.53623e-08
6.6964e-07
-4.63815e-08
6.63726e-07
-5.58146e-08
6.59154e-07
-5.08025e-08
6.56251e-07
-3.79172e-08
6.555e-07
-2.608e-08
-5.36891e-10
-1.81829e-07
-2.81877e-08
-1.57866e-07
9.32003e-08
-1.23724e-07
2.16284e-07
-7.80072e-08
3.4026e-07
-2.00297e-08
4.5899e-07
4.78037e-08
5.66002e-07
1.24039e-07
6.51506e-07
2.04611e-07
7.08177e-07
2.85752e-07
7.3097e-07
3.6406e-07
7.19493e-07
4.36614e-07
6.77153e-07
5.00971e-07
6.09294e-07
5.55223e-07
5.21723e-07
5.98092e-07
4.20672e-07
6.29104e-07
3.13404e-07
6.48809e-07
2.08307e-07
6.58822e-07
1.14215e-07
6.6158e-07
3.8714e-08
6.59843e-07
-1.36245e-08
6.56129e-07
-4.26676e-08
6.52305e-07
-5.19906e-08
6.49449e-07
-4.79467e-08
6.47939e-07
-3.64071e-08
6.48366e-07
-2.65075e-08
4.89237e-10
-2.48454e-07
-4.1694e-08
-2.25084e-07
6.98301e-08
-1.90698e-07
1.81899e-07
-1.43982e-07
2.93543e-07
-8.48764e-08
3.99884e-07
-1.43172e-08
4.95443e-07
6.45975e-08
5.72591e-07
1.48524e-07
6.24251e-07
2.33439e-07
6.46055e-07
3.15816e-07
6.37115e-07
3.92554e-07
6.00415e-07
4.61027e-07
5.40822e-07
5.1922e-07
4.6353e-07
5.65835e-07
3.74057e-07
6.00426e-07
2.78813e-07
6.23577e-07
1.85157e-07
6.36899e-07
1.00892e-07
6.4277e-07
3.28433e-08
6.43861e-07
-1.47159e-08
6.42598e-07
-4.1404e-08
6.40766e-07
-5.01591e-08
6.3936e-07
-4.65407e-08
6.38837e-07
-3.5884e-08
6.39722e-07
-2.73926e-08
1.5388e-09
-3.1043e-07
-5.32212e-08
-2.88081e-07
4.74808e-08
-2.53823e-07
1.47641e-07
-2.0652e-07
2.4624e-07
-1.46296e-07
3.3966e-07
-7.41142e-08
4.23262e-07
7.23698e-09
4.9124e-07
9.40818e-08
5.37406e-07
1.82324e-07
5.57813e-07
2.68379e-07
5.5106e-07
3.48992e-07
5.19802e-07
4.21354e-07
4.6846e-07
4.83345e-07
4.01539e-07
5.33637e-07
3.23766e-07
5.718e-07
2.4065e-07
5.98433e-07
1.58523e-07
6.1511e-07
8.42153e-08
6.24099e-07
2.38543e-08
6.27921e-07
-1.85378e-08
6.28779e-07
-4.22621e-08
6.28275e-07
-4.96546e-08
6.27309e-07
-4.55748e-08
6.26561e-07
-3.51362e-08
6.26427e-07
-2.72585e-08
3.50021e-09
-3.67001e-07
-6.24593e-08
-3.46118e-07
2.65974e-08
-3.12477e-07
1.14e-07
-2.65076e-07
1.98839e-07
-2.04154e-07
2.78738e-07
-1.30813e-07
3.49921e-07
-4.74453e-08
4.07872e-07
4.16962e-08
4.48264e-07
1.32834e-07
4.66675e-07
2.2217e-07
4.61724e-07
3.06341e-07
4.35631e-07
3.8236e-07
3.9244e-07
4.48001e-07
3.35898e-07
5.019e-07
2.69867e-07
5.43621e-07
1.98929e-07
5.73723e-07
1.28421e-07
5.93636e-07
6.43021e-08
6.05378e-07
1.21128e-08
6.11081e-07
-2.42408e-08
6.12546e-07
-4.37278e-08
6.1132e-07
-4.8428e-08
6.08618e-07
-4.28727e-08
6.05712e-07
-3.22304e-08
6.03056e-07
-2.46023e-08
6.84023e-09
-4.1779e-07
-6.89026e-08
-3.98752e-07
7.55912e-09
-3.66244e-07
8.14924e-08
-3.19236e-07
1.51831e-07
-2.58076e-07
2.17579e-07
-1.84002e-07
2.75847e-07
-9.95334e-08
3.23403e-07
-8.24799e-09
3.56979e-07
8.54252e-08
3.73002e-07
1.7766e-07
3.6949e-07
2.65095e-07
3.48196e-07
3.44558e-07
3.12977e-07
4.1371e-07
2.66746e-07
4.71115e-07
2.12462e-07
5.16231e-07
1.53813e-07
5.49368e-07
9.52842e-08
5.7152e-07
4.21497e-08
5.8408e-07
-4.47325e-10
5.88653e-07
-2.88131e-08
5.87218e-07
-4.22931e-08
5.82162e-07
-4.33719e-08
5.75662e-07
-3.6373e-08
5.69596e-07
-2.61643e-08
5.6437e-07
-1.93764e-08
1.08947e-08
-4.62484e-07
-7.18179e-08
-4.45735e-07
-9.18909e-09
-4.14857e-07
5.06145e-08
-3.68691e-07
1.05665e-07
-3.07724e-07
1.56611e-07
-2.33319e-07
2.01442e-07
-1.48029e-07
2.38113e-07
-5.52058e-08
2.64156e-07
4.06495e-08
2.77146e-07
1.35491e-07
2.74648e-07
2.25911e-07
2.57776e-07
3.08541e-07
2.30347e-07
3.80838e-07
1.94449e-07
4.41083e-07
1.52217e-07
4.8825e-07
1.06646e-07
5.21942e-07
6.15924e-08
5.42434e-07
2.1658e-08
5.50869e-07
-8.88313e-09
5.49631e-07
-2.7575e-08
5.42217e-07
-3.48785e-08
5.32197e-07
-3.3352e-08
5.22261e-07
-2.64372e-08
5.14086e-07
-1.79896e-08
5.07652e-07
-1.29421e-08
1.43213e-08
-4.99343e-07
-6.92111e-08
-4.85954e-07
-2.25781e-08
-4.57372e-07
2.20319e-08
-4.12606e-07
6.08989e-08
-3.52291e-07
9.62961e-08
-2.7798e-07
1.27132e-07
-1.92229e-07
1.52362e-07
-9.83935e-08
1.7032e-07
-7.49249e-10
1.79502e-07
9.62683e-08
1.77631e-07
1.8885e-07
1.65194e-07
2.73264e-07
1.45934e-07
3.46407e-07
1.21305e-07
4.05863e-07
9.27621e-08
4.49913e-07
6.25953e-08
4.77903e-07
3.36021e-08
4.90653e-07
8.90792e-09
4.90872e-07
-9.1017e-09
4.82719e-07
-1.94217e-08
4.70567e-07
-2.27264e-08
4.57931e-07
-2.07164e-08
4.47064e-07
-1.557e-08
4.38842e-07
-9.76819e-09
4.33233e-07
-7.33266e-09
1.51854e-08
-5.02813e-07
-5.26403e-08
-4.99617e-07
-2.57737e-08
-4.78722e-07
1.13639e-09
-4.40204e-07
2.23814e-08
-3.84307e-07
4.03984e-08
-3.13125e-07
5.595e-08
-2.29318e-07
6.85547e-08
-1.36396e-07
7.73986e-08
-3.88879e-08
8.19935e-08
5.7125e-08
8.16181e-08
1.46341e-07
7.59784e-08
2.25157e-07
6.71178e-08
2.90455e-07
5.60067e-08
3.40122e-07
4.30947e-08
3.73339e-07
2.93782e-08
3.90868e-07
1.60731e-08
3.95506e-07
4.27052e-09
3.90837e-07
-4.43263e-09
3.80303e-07
-8.88841e-09
3.67462e-07
-9.88554e-09
3.55263e-07
-8.51649e-09
3.45593e-07
-5.90013e-09
3.3875e-07
-2.92521e-09
3.34653e-07
-3.23579e-09
1.32419e-08
-3.91357e-07
-4.17131e-07
-4.15995e-07
-3.93613e-07
-3.53215e-07
-2.97265e-07
-2.2871e-07
-1.51312e-07
-6.93181e-08
1.22999e-08
8.82783e-08
1.55396e-07
2.11403e-07
2.54498e-07
2.83876e-07
2.99949e-07
3.04219e-07
2.99787e-07
2.90898e-07
2.81013e-07
2.72496e-07
2.66596e-07
2.63671e-07
2.60435e-07
)
;

boundaryField
{
    inlet
    {
        type            calculated;
        value           nonuniform List<scalar> 
30
(
-1.27e-06
-1.27e-06
-1.27e-06
-1.27e-06
-1.27e-06
-1.27e-06
-1.27e-06
-1.27e-06
-1.27e-06
-1.27e-06
-1.27e-06
-1.27e-06
-1.27e-06
-1.27e-06
-1.27e-06
-1.27e-06
-1.27e-06
-1.27e-06
-1.27e-06
-1.27e-06
-1.27e-06
-1.27e-06
-1.27e-06
-1.27e-06
-1.27e-06
-1.27e-06
-1.27e-06
-1.27e-06
-1.27e-06
-1.27e-06
)
;
    }
    outlet
    {
        type            calculated;
        value           nonuniform List<scalar> 
57
(
3.5318e-07
4.20652e-07
5.2162e-07
5.86603e-07
6.29118e-07
6.55225e-07
6.73245e-07
6.87792e-07
7.00512e-07
7.11834e-07
7.21879e-07
7.30721e-07
7.38452e-07
7.45182e-07
7.51032e-07
7.56128e-07
7.60591e-07
7.64536e-07
7.68062e-07
7.71254e-07
7.74175e-07
7.76873e-07
7.79373e-07
7.81682e-07
7.83789e-07
7.8567e-07
7.8728e-07
7.09592e-07
7.10375e-07
7.10863e-07
7.11021e-07
7.10819e-07
7.10229e-07
7.09232e-07
7.0781e-07
7.05955e-07
7.03663e-07
7.00935e-07
6.97778e-07
6.94206e-07
6.90235e-07
6.85892e-07
6.81205e-07
6.76212e-07
6.70954e-07
6.65477e-07
6.59811e-07
6.53901e-07
6.4734e-07
6.38673e-07
6.24465e-07
5.99716e-07
5.60316e-07
5.04225e-07
4.32369e-07
3.36596e-07
2.73677e-07
)
;
    }
    upperWall
    {
        type            calculated;
        value           uniform 0;
    }
    lowerWall
    {
        type            calculated;
        value           uniform 0;
    }
    frontAndBack
    {
        type            empty;
    }
}


// ************************************************************************* //
