/*--------------------------------*- C++ -*----------------------------------*\
| =========                 |                                                 |
| \\      /  F ield         | OpenFOAM: The Open Source CFD Toolbox           |
|  \\    /   O peration     | Version:  2406                                  |
|   \\  /    A nd           | Website:  www.openfoam.com                      |
|    \\/     M anipulation  |                                                 |
\*---------------------------------------------------------------------------*/
FoamFile
{
    version     2.0;
    format      ascii;
    arch        "LSB;label=32;scalar=64";
    class       volScalarField;
    location    "0.6";
    object      p;
}
// * * * * * * * * * * * * * * * * * * * * * * * * * * * * * * * * * * * * * //

dimensions      [0 2 -2 0 0 0 0];

internalField   nonuniform List<scalar> 
12225
(
-0.0873574
-0.134065
-0.160341
-0.167897
-0.172744
-0.179472
-0.186262
-0.191788
-0.196201
-0.199924
-0.203057
-0.205641
-0.20785
-0.209743
-0.211212
-0.212043
-0.21213
-0.210287
-0.0958733
-0.124502
-0.149022
-0.161018
-0.168871
-0.177043
-0.184913
-0.19149
-0.196853
-0.201417
-0.205389
-0.20885
-0.211885
-0.214522
-0.216679
-0.218264
-0.218895
-0.218382
-0.114234
-0.132388
-0.152655
-0.165105
-0.17274
-0.179652
-0.186404
-0.19233
-0.197308
-0.201621
-0.205489
-0.208994
-0.212179
-0.215073
-0.217657
-0.219853
-0.221504
-0.222288
-0.127718
-0.138239
-0.153009
-0.164109
-0.171426
-0.17781
-0.184213
-0.190188
-0.195456
-0.200158
-0.204494
-0.208564
-0.212416
-0.216101
-0.219667
-0.223158
-0.22665
-0.230351
-0.137152
-0.143556
-0.15455
-0.164584
-0.172025
-0.178378
-0.184596
-0.190507
-0.195853
-0.200699
-0.205225
-0.209556
-0.213765
-0.217932
-0.222157
-0.226574
-0.231378
-0.23691
-0.144109
-0.148444
-0.156806
-0.16552
-0.172604
-0.178647
-0.184455
-0.190076
-0.19533
-0.200222
-0.204891
-0.209462
-0.214021
-0.218664
-0.223511
-0.228728
-0.234526
-0.241223
-0.149426
-0.152599
-0.159071
-0.166489
-0.173068
-0.178855
-0.184412
-0.189874
-0.195119
-0.200118
-0.204961
-0.209764
-0.214619
-0.219627
-0.224913
-0.230634
-0.236977
-0.244192
-0.153543
-0.155996
-0.161154
-0.167499
-0.173567
-0.179113
-0.184459
-0.189748
-0.194911
-0.199913
-0.204818
-0.209724
-0.214727
-0.219924
-0.225429
-0.231378
-0.237921
-0.245242
-0.156736
-0.158717
-0.162966
-0.16846
-0.174034
-0.179317
-0.184456
-0.189569
-0.194627
-0.199599
-0.204525
-0.209487
-0.214569
-0.219855
-0.225441
-0.231434
-0.237941
-0.245082
-0.159183
-0.160847
-0.164456
-0.169288
-0.174414
-0.179436
-0.184384
-0.189336
-0.19428
-0.199188
-0.204085
-0.209031
-0.214095
-0.219349
-0.224865
-0.230724
-0.236996
-0.243754
-0.161008
-0.162451
-0.165605
-0.169931
-0.174676
-0.179454
-0.184223
-0.189021
-0.193837
-0.19865
-0.203468
-0.208336
-0.213308
-0.218439
-0.223784
-0.229396
-0.235317
-0.241584
-0.162296
-0.163582
-0.166413
-0.170359
-0.174793
-0.179353
-0.183955
-0.188604
-0.193286
-0.197977
-0.20268
-0.207423
-0.212245
-0.217185
-0.222281
-0.227565
-0.233058
-0.238771
-0.163104
-0.164283
-0.166886
-0.170555
-0.174745
-0.179119
-0.18357
-0.188078
-0.19262
-0.197174
-0.201734
-0.206314
-0.21094
-0.215638
-0.220432
-0.225338
-0.230363
-0.2355
-0.163473
-0.164581
-0.167033
-0.170512
-0.174523
-0.178747
-0.183065
-0.187439
-0.191843
-0.196249
-0.200644
-0.205034
-0.209433
-0.213857
-0.218318
-0.222821
-0.227363
-0.231927
-0.163431
-0.164499
-0.166864
-0.170229
-0.174122
-0.178234
-0.18244
-0.186694
-0.190963
-0.195216
-0.199434
-0.203617
-0.20777
-0.2119
-0.216013
-0.220105
-0.224167
-0.228179
-0.162992
-0.164047
-0.166385
-0.169707
-0.173543
-0.177584
-0.181702
-0.18585
-0.189992
-0.194092
-0.198129
-0.202095
-0.205993
-0.209822
-0.213583
-0.217269
-0.220868
-0.224358
-0.162161
-0.163232
-0.165602
-0.168953
-0.172794
-0.176804
-0.180861
-0.184921
-0.188946
-0.192899
-0.196754
-0.200503
-0.204143
-0.207673
-0.21109
-0.214384
-0.217544
-0.220547
-0.160931
-0.162048
-0.164516
-0.167975
-0.171885
-0.175909
-0.179932
-0.183922
-0.187845
-0.19166
-0.195339
-0.198873
-0.202261
-0.2055
-0.208585
-0.211507
-0.214257
-0.216812
-0.159284
-0.160486
-0.16313
-0.166786
-0.170834
-0.174913
-0.17893
-0.182875
-0.186713
-0.190401
-0.193912
-0.197239
-0.200384
-0.203344
-0.206115
-0.208689
-0.211059
-0.213206
-0.157188
-0.158523
-0.161442
-0.165403
-0.169663
-0.173839
-0.177879
-0.181801
-0.185575
-0.189149
-0.192501
-0.195632
-0.198546
-0.201242
-0.203718
-0.205969
-0.20799
-0.209768
-0.154591
-0.156126
-0.159455
-0.163851
-0.168402
-0.172711
-0.1768
-0.180727
-0.184456
-0.18793
-0.191135
-0.194081
-0.19678
-0.199231
-0.201434
-0.203387
-0.205089
-0.206533
-0.151415
-0.15325
-0.157176
-0.16217
-0.167085
-0.171557
-0.175725
-0.179687
-0.18339
-0.186773
-0.189837
-0.192608
-0.195105
-0.197329
-0.199281
-0.200964
-0.20238
-0.203525
-0.147547
-0.149834
-0.154631
-0.160417
-0.165752
-0.170401
-0.17468
-0.178714
-0.182416
-0.185721
-0.188654
-0.191261
-0.193566
-0.195573
-0.197288
-0.198714
-0.199861
-0.20073
-0.14281
-0.145801
-0.151877
-0.158683
-0.164463
-0.169278
-0.17369
-0.177818
-0.181524
-0.184757
-0.187578
-0.190049
-0.192197
-0.194028
-0.195545
-0.196756
-0.19767
-0.198293
-0.136938
-0.141076
-0.149008
-0.157061
-0.163286
-0.168295
-0.172897
-0.17713
-0.180803
-0.183912
-0.186572
-0.18887
-0.190833
-0.192471
-0.193787
-0.194785
-0.195475
-0.195874
-0.129493
-0.135685
-0.146219
-0.155545
-0.162071
-0.167332
-0.172285
-0.17676
-0.180498
-0.183566
-0.186138
-0.188316
-0.190139
-0.191618
-0.192756
-0.19355
-0.194006
-0.194137
-0.119644
-0.129939
-0.144222
-0.154575
-0.160936
-0.166187
-0.171288
-0.175798
-0.179452
-0.182408
-0.184878
-0.186968
-0.188717
-0.190139
-0.19122
-0.191922
-0.192245
-0.192221
-0.105823
-0.12374
-0.143481
-0.155133
-0.161766
-0.167503
-0.172917
-0.177355
-0.180719
-0.183325
-0.185431
-0.187161
-0.188591
-0.18974
-0.190564
-0.190929
-0.190727
-0.189811
-0.0871886
-0.115586
-0.13954
-0.150671
-0.15745
-0.164379
-0.170849
-0.175889
-0.179615
-0.182485
-0.184769
-0.186652
-0.1883
-0.189752
-0.190962
-0.191713
-0.191752
-0.189516
-0.0783751
-0.124806
-0.150453
-0.157091
-0.160817
-0.166255
-0.171605
-0.175566
-0.17833
-0.180372
-0.181852
-0.183009
-0.184177
-0.18543
-0.18671
-0.188136
-0.189559
-0.192217
-0.258121
-0.258568
-0.257619
-0.255074
-0.25418
-0.255913
-0.257891
-0.256307
-0.249189
-0.236899
-0.220893
-0.202678
-0.183452
-0.163907
-0.144319
-0.126442
-0.111162
-0.0993788
-0.0918548
-0.0886791
-0.0886577
-0.0898903
-0.0918728
-0.0968161
-0.107824
-0.124729
-0.141881
-0.150571
-0.145307
-0.123277
-0.0929232
-0.0669444
-0.0552676
-0.057561
-0.0666955
-0.0766227
-0.0851859
-0.0930855
-0.103983
-0.122912
-0.154109
-0.199601
-0.262196
-0.345851
-0.452755
-0.577279
-0.709156
-0.83802
-0.955364
-1.05495
-1.13315
-1.18867
-1.22163
-1.23294
-1.22386
-1.19491
-1.14739
-1.08409
-1.00766
-0.920475
-0.82462
-0.721986
-0.614491
-0.504021
-0.392305
-0.280932
-0.171373
-0.0649928
0.0369533
0.133322
0.223108
0.305474
0.379782
0.445592
0.502689
0.551133
0.591243
0.623574
0.64877
0.667417
0.680119
0.687738
0.691093
0.690953
0.688025
0.682943
0.676265
0.668468
0.659953
0.651042
0.641976
0.632946
0.624001
0.615158
0.606591
0.598455
0.590817
0.583726
0.577205
0.571268
0.565917
0.561146
0.556955
0.553359
0.550411
0.54823
0.54701
0.546917
0.548027
0.550284
0.553193
0.55573
0.556444
0.553974
0.546731
0.532926
0.510703
0.478382
0.435272
0.382038
0.322046
0.258418
0.194879
0.13537
0.0828904
0.0393669
0.00586502
-0.0171832
-0.029799
-0.0323175
-0.0249582
-0.00809291
0.0173438
0.0502719
0.0894839
0.133623
0.181206
0.230681
0.280478
0.329096
0.375201
0.417729
0.45588
0.489189
0.517156
0.539711
0.557028
0.569471
0.577531
0.581777
0.582803
0.581193
0.577489
0.572161
0.565612
0.558188
0.549936
0.540986
0.531714
0.522329
0.512976
0.503762
0.494759
0.486012
0.477539
0.46934
0.461399
0.453689
0.446174
0.438796
0.431487
0.424174
0.416809
0.409401
0.402037
0.394894
0.38824
0.382382
0.377757
0.374186
-0.258306
-0.259057
-0.25925
-0.259214
-0.261
-0.264443
-0.266385
-0.263524
-0.254724
-0.24082
-0.223457
-0.204276
-0.184572
-0.165402
-0.147846
-0.131372
-0.116264
-0.103249
-0.0938227
-0.0890123
-0.0877306
-0.0876907
-0.0887544
-0.0942028
-0.107014
-0.126949
-0.147795
-0.15939
-0.154574
-0.132068
-0.100281
-0.0723515
-0.0589259
-0.0602991
-0.0691451
-0.0785388
-0.0864225
-0.0942662
-0.104321
-0.120108
-0.147777
-0.195051
-0.266219
-0.361753
-0.480826
-0.615017
-0.75286
-0.883906
-1.00039
-1.09725
-1.17175
-1.2229
-1.25087
-1.25663
-1.24163
-1.20805
-1.15795
-1.09297
-1.01522
-0.926898
-0.830096
-0.726776
-0.618833
-0.508079
-0.396196
-0.284739
-0.175147
-0.068756
0.0331966
0.129583
0.219409
0.30184
0.376232
0.44215
0.499389
0.547998
0.588305
0.620944
0.646516
0.665488
0.678535
0.686469
0.690092
0.690172
0.687415
0.682461
0.675869
0.668122
0.659627
0.650709
0.641594
0.632379
0.6232
0.614296
0.605807
0.597768
0.590217
0.583199
0.576743
0.570865
0.56557
0.560856
0.556722
0.553183
0.550289
0.548147
0.546887
0.546708
0.547828
0.550211
0.55334
0.556143
0.556921
0.554253
0.546814
0.533574
0.512546
0.480871
0.436556
0.380175
0.316516
0.249389
0.18356
0.122999
0.070406
0.0273801
-0.00527273
-0.0272615
-0.0386834
-0.0399064
-0.031434
-0.0139162
0.0119279
0.0451538
0.0846064
0.128957
0.17674
0.226405
0.276393
0.325222
0.371607
0.414552
0.453197
0.486902
0.515262
0.538183
0.55583
0.568559
0.576862
0.581307
0.582494
0.58101
0.577389
0.572071
0.565348
0.557422
0.54873
0.53972
0.530506
0.521188
0.511909
0.502779
0.493872
0.485233
0.476877
0.468794
0.46096
0.453342
0.445902
0.438586
0.431327
0.424051
0.416706
0.409293
0.401889
0.394666
0.387888
0.381871
0.377033
0.373389
-0.25794
-0.258965
-0.262769
-0.269215
-0.276719
-0.282437
-0.283261
-0.277522
-0.265514
-0.248722
-0.228991
-0.208035
-0.187267
-0.16775
-0.150272
-0.135242
-0.12261
-0.111776
-0.102613
-0.0954597
-0.0905551
-0.0880775
-0.0887799
-0.094856
-0.108892
-0.130485
-0.152752
-0.165848
-0.161395
-0.139925
-0.108642
-0.0808175
-0.0674158
-0.0686625
-0.076357
-0.0832058
-0.0879741
-0.0945042
-0.105276
-0.126282
-0.166916
-0.236129
-0.333438
-0.451723
-0.582829
-0.717626
-0.847899
-0.967286
-1.07126
-1.1568
-1.22204
-1.26607
-1.28871
-1.29044
-1.27235
-1.23602
-1.18337
-1.11626
-1.03672
-0.946835
-0.848678
-0.744226
-0.635357
-0.523836
-0.411293
-0.299233
-0.189049
-0.0820444
0.0205661
0.117662
0.208244
0.291464
0.366656
0.43336
0.491354
0.540679
0.581698
0.615013
0.64114
0.660582
0.674076
0.682416
0.686401
0.686798
0.684318
0.679601
0.67321
0.665628
0.657257
0.648419
0.639361
0.630261
0.621277
0.612536
0.604119
0.596135
0.588678
0.581781
0.575461
0.569733
0.564598
0.560049
0.556083
0.55271
0.549981
0.548012
0.546966
0.54707
0.548522
0.551239
0.554698
0.558027
0.55954
0.557301
0.549877
0.535489
0.511445
0.474676
0.423697
0.360766
0.291473
0.222093
0.156848
0.0984837
0.048656
0.00830436
-0.0220831
-0.0422804
-0.0523097
-0.0526742
-0.0435166
-0.025432
0.000875154
0.034505
0.0743496
0.119111
0.167333
0.217472
0.267971
0.317368
0.364397
0.407954
0.447142
0.481317
0.510099
0.533399
0.551382
0.56441
0.572977
0.577653
0.579033
0.577691
0.57415
0.568866
0.562211
0.554493
0.546009
0.536984
0.527672
0.51833
0.509089
0.500047
0.491278
0.482816
0.474665
0.466808
0.459218
0.45186
0.444686
0.437629
0.430602
0.423508
0.416278
0.408903
0.40146
0.394122
0.387155
0.380852
0.375635
0.37133
-0.256686
-0.259899
-0.270596
-0.28478
-0.296228
-0.301739
-0.300079
-0.291324
-0.276608
-0.257465
-0.235629
-0.21275
-0.190257
-0.169309
-0.150853
-0.135332
-0.122909
-0.113693
-0.107039
-0.101754
-0.0972464
-0.0938246
-0.0932722
-0.0983502
-0.111119
-0.1303
-0.149547
-0.160167
-0.156045
-0.13691
-0.109456
-0.0859627
-0.0761113
-0.0786893
-0.084776
-0.0888704
-0.0928778
-0.101718
-0.123607
-0.169009
-0.241483
-0.338462
-0.452977
-0.576925
-0.703892
-0.8286
-0.94656
-1.05383
-1.147
-1.22335
-1.28091
-1.31855
-1.33589
-1.3333
-1.31175
-1.27249
-1.21721
-1.14779
-1.06622
-0.974588
-0.874922
-0.769198
-0.659275
-0.546869
-0.433553
-0.320766
-0.209843
-0.102032
0.00148294
0.099592
0.191285
0.275685
0.352084
0.419977
0.479104
0.529507
0.571607
0.605891
0.632787
0.652925
0.667055
0.675975
0.680488
0.681364
0.679315
0.674985
0.668938
0.661661
0.653556
0.644952
0.6361
0.62719
0.618374
0.60979
0.601557
0.593762
0.586459
0.579695
0.573511
0.567925
0.562948
0.558587
0.554854
0.551777
0.549417
0.547872
0.547278
0.547801
0.549578
0.552571
0.55639
0.559838
0.561467
0.559068
0.550231
0.531932
0.500853
0.45505
0.395778
0.327574
0.25703
0.189271
0.127002
0.0719011
0.0250574
-0.0128098
-0.0412348
-0.0599045
-0.0686735
-0.0684176
-0.0587346
-0.0402123
-0.0135356
0.0204355
0.0606415
0.105818
0.154519
0.205207
0.256345
0.306464
0.354229
0.398473
0.438272
0.472972
0.502212
0.525917
0.544264
0.557622
0.566494
0.571453
0.573094
0.571986
0.56865
0.563531
0.557002
0.549386
0.540989
0.532081
0.522876
0.513549
0.504276
0.495198
0.486416
0.477993
0.46996
0.462311
0.455016
0.44802
0.44125
0.434614
0.428002
0.421302
0.414428
0.407352
0.400128
0.3929
0.385915
0.379424
0.373898
0.368992
-0.255822
-0.263581
-0.282232
-0.300105
-0.311744
-0.316321
-0.313811
-0.30441
-0.289144
-0.26921
-0.246269
-0.221889
-0.197492
-0.174322
-0.15353
-0.135919
-0.121942
-0.111818
-0.105237
-0.101596
-0.0994657
-0.0977275
-0.096756
-0.0989417
-0.106831
-0.119886
-0.133137
-0.139554
-0.13501
-0.119806
-0.0995398
-0.0840676
-0.080375
-0.0850403
-0.0906487
-0.0949605
-0.103724
-0.127319
-0.176173
-0.251708
-0.348532
-0.459312
-0.577553
-0.698479
-0.818698
-0.935052
-1.04424
-1.1429
-1.22797
-1.29688
-1.34777
-1.37947
-1.39157
-1.38454
-1.35913
-1.3165
-1.25822
-1.18612
-1.10218
-1.00848
-0.907039
-0.799838
-0.688704
-0.575308
-0.461153
-0.347598
-0.235892
-0.127215
-0.0227016
0.0765592
0.169545
0.25534
0.333174
0.402483
0.462987
0.514797
0.55823
0.593647
0.621546
0.642596
0.657558
0.667239
0.672447
0.673954
0.67248
0.66867
0.663092
0.656233
0.6485
0.640223
0.631665
0.623029
0.614484
0.606167
0.598185
0.590621
0.583542
0.576998
0.571018
0.565625
0.560838
0.55667
0.553143
0.550293
0.548186
0.546919
0.546614
0.547409
0.549401
0.552531
0.556375
0.559838
0.561115
0.557473
0.545453
0.52126
0.482101
0.42821
0.363447
0.293424
0.223731
0.158041
0.0982629
0.0456446
0.00107656
-0.0348063
-0.0615631
-0.0789091
-0.0868143
-0.0857309
-0.0755034
-0.0566084
-0.0296485
0.00457447
0.045052
0.0905374
0.13962
0.19083
0.242591
0.293387
0.341825
0.3867
0.42706
0.462248
0.491913
0.515997
0.53469
0.548374
0.557558
0.562817
0.564744
0.563905
0.560813
0.555918
0.549604
0.542202
0.534006
0.525268
0.516205
0.507003
0.497812
0.488752
0.479933
0.471438
0.463329
0.455645
0.448394
0.441554
0.43506
0.428812
0.422683
0.416535
0.410249
0.40376
0.397083
0.390315
0.383665
0.377325
0.371825
0.3666
-0.256049
-0.270081
-0.291789
-0.309125
-0.321169
-0.32722
-0.326982
-0.319632
-0.306254
-0.287457
-0.264784
-0.239509
-0.213073
-0.187022
-0.162728
-0.141426
-0.123966
-0.110878
-0.10227
-0.0977705
-0.0961945
-0.0957605
-0.0950532
-0.0944929
-0.0960944
-0.100786
-0.106191
-0.107944
-0.103412
-0.0933421
-0.0818534
-0.0756284
-0.0782562
-0.0857619
-0.0937748
-0.104491
-0.12898
-0.178783
-0.254915
-0.351508
-0.460819
-0.576633
-0.694873
-0.812873
-0.928391
-1.03889
-1.14149
-1.23327
-1.31151
-1.37395
-1.41887
-1.44512
-1.45235
-1.44105
-1.4118
-1.3657
-1.30428
-1.22932
-1.14283
-1.04687
-0.943504
-0.8347
-0.722275
-0.607855
-0.49287
-0.378581
-0.266134
-0.156618
-0.0510976
0.0493635
0.14373
0.23103
0.310424
0.381309
0.443447
0.496885
0.541786
0.578508
0.607595
0.629728
0.645683
0.656276
0.662321
0.664599
0.663832
0.660669
0.655681
0.649359
0.642111
0.634276
0.626123
0.617866
0.609676
0.601691
0.594023
0.586757
0.579958
0.573674
0.567939
0.562777
0.55821
0.554258
0.550942
0.5483
0.546388
0.545295
0.545126
0.545989
0.547945
0.550899
0.554388
0.557268
0.557426
0.5516
0.535671
0.505794
0.460273
0.401049
0.333181
0.26245
0.193604
0.129486
0.0716161
0.0209833
-0.0217005
-0.0558934
-0.0811956
-0.0974071
-0.104687
-0.102744
-0.0920443
-0.0729276
-0.0458997
-0.0116353
0.0289336
0.0745952
0.123972
0.175571
0.227804
0.279112
0.328054
0.37339
0.414151
0.449681
0.479643
0.503996
0.522947
0.536892
0.546349
0.551895
0.554119
0.553581
0.550788
0.546184
0.540152
0.533017
0.525066
0.516543
0.507662
0.498601
0.489515
0.480531
0.471749
0.463254
0.455107
0.447356
0.440033
0.433151
0.426695
0.420608
0.414789
0.40911
0.403439
0.397674
0.39178
0.385798
0.379884
0.374163
0.369198
0.36416
-0.255642
-0.272998
-0.293553
-0.311572
-0.326877
-0.337112
-0.341719
-0.340566
-0.332631
-0.318341
-0.297982
-0.272778
-0.244168
-0.213953
-0.184088
-0.156521
-0.132996
-0.114549
-0.101584
-0.0938676
-0.0904828
-0.0895451
-0.0887769
-0.0867743
-0.0838158
-0.081339
-0.0795077
-0.0768744
-0.0724316
-0.067015
-0.0632583
-0.0646143
-0.0718282
-0.0833194
-0.0981222
-0.123508
-0.172549
-0.247876
-0.344076
-0.453288
-0.56894
-0.686891
-0.804698
-0.920556
-1.0326
-1.13858
-1.23599
-1.32224
-1.39494
-1.452
-1.49181
-1.51328
-1.5161
-1.50081
-1.46785
-1.41829
-1.35364
-1.27571
-1.18651
-1.08814
-0.982694
-0.872178
-0.758404
-0.642958
-0.527198
-0.412275
-0.299213
-0.188981
-0.0825615
0.0190194
0.114717
0.203492
0.284473
0.357078
0.421003
0.476123
0.522578
0.56073
0.591128
0.61447
0.631542
0.643169
0.650174
0.653343
0.653401
0.651003
0.64672
0.641045
0.634392
0.627103
0.619452
0.611663
0.603911
0.596338
0.589057
0.582152
0.57569
0.569718
0.564272
0.559379
0.555061
0.551341
0.548239
0.545787
0.544031
0.543037
0.542881
0.543639
0.545326
0.547798
0.550528
0.552264
0.550669
0.542165
0.522471
0.488101
0.438262
0.375831
0.306315
0.235406
0.167314
0.104434
0.0480499
-0.00100155
-0.0421
-0.0747956
-0.0988027
-0.113979
-0.12041
-0.118056
-0.107117
-0.0879385
-0.0609554
-0.0267798
0.0137091
0.059366
0.108837
0.160608
0.213067
0.264617
0.313784
0.359305
0.400207
0.435843
0.465892
0.490336
0.509403
0.523504
0.533161
0.538955
0.541464
0.54124
0.538777
0.534508
0.528805
0.521987
0.514328
0.506064
0.497399
0.488511
0.479553
0.470653
0.461917
0.453437
0.445285
0.437509
0.430144
0.423209
0.41671
0.410629
0.404922
0.399513
0.394303
0.389197
0.384133
0.379103
0.374206
0.36949
0.36552
0.361303
-0.249971
-0.266539
-0.287001
-0.309213
-0.330732
-0.350616
-0.365742
-0.374889
-0.376384
-0.369354
-0.353498
-0.329345
-0.298301
-0.262555
-0.224775
-0.187808
-0.154357
-0.126584
-0.105913
-0.0922259
-0.0845471
-0.0809502
-0.0789163
-0.0760603
-0.0715652
-0.0656483
-0.059514
-0.0538577
-0.0495506
-0.047554
-0.0489154
-0.0546595
-0.0654787
-0.0825411
-0.108787
-0.155715
-0.228761
-0.323888
-0.433359
-0.550041
-0.669217
-0.78829
-0.905686
-1.01999
-1.12953
-1.23228
-1.32594
-1.40813
-1.47661
-1.52943
-1.56505
-1.58243
-1.5814
-1.56245
-1.52594
-1.47299
-1.4051
-1.32411
-1.23207
-1.13114
-1.02347
-0.911118
-0.795908
-0.679412
-0.562916
-0.44746
-0.333927
-0.223149
-0.116005
-0.0134785
0.0833848
0.173537
0.256127
0.33047
0.396125
0.452922
0.500961
0.54059
0.572367
0.596993
0.615266
0.628019
0.636081
0.640243
0.641232
0.639704
0.636232
0.631311
0.625356
0.618714
0.611664
0.604435
0.597206
0.590122
0.583296
0.576815
0.570745
0.565135
0.56002
0.555428
0.551382
0.547902
0.545008
0.542723
0.541081
0.540124
0.539899
0.540439
0.541704
0.543479
0.545153
0.545373
0.541672
0.530412
0.507479
0.469869
0.417432
0.353499
0.283597
0.213131
0.145922
0.084134
0.0289599
-0.0188217
-0.0586452
-0.090132
-0.113081
-0.127413
-0.133199
-0.130551
-0.119521
-0.100413
-0.073596
-0.0396463
0.000610178
0.0460702
0.0953911
0.147045
0.199401
0.250839
0.299864
0.34521
0.385911
0.42134
0.451204
0.475509
0.494508
0.508624
0.518385
0.524365
0.527131
0.527217
0.525098
0.521189
0.515846
0.509371
0.502026
0.494036
0.4856
0.476889
0.468056
0.459236
0.450543
0.442075
0.433914
0.42612
0.418736
0.411785
0.405276
0.399204
0.393553
0.388293
0.383382
0.378769
0.374415
0.370295
0.366473
0.362938
0.360203
0.35725
-0.235931
-0.251881
-0.276423
-0.306435
-0.339522
-0.37337
-0.40436
-0.429117
-0.444334
-0.447717
-0.43816
-0.41565
-0.381506
-0.338473
-0.290101
-0.240319
-0.193
-0.151536
-0.118412
-0.0946094
-0.079442
-0.0706646
-0.0655968
-0.0616076
-0.0568174
-0.0510022
-0.044315
-0.0384641
-0.0356035
-0.0365644
-0.0407966
-0.0483755
-0.0623331
-0.0868659
-0.129278
-0.197655
-0.289927
-0.398856
-0.516726
-0.637956
-0.759374
-0.879311
-0.996633
-1.11014
-1.21831
-1.3192
-1.41058
-1.49011
-1.55563
-1.60524
-1.63746
-1.65137
-1.64694
-1.62464
-1.58481
-1.5286
-1.45754
-1.3735
-1.27857
-1.17499
-1.06497
-0.950655
-0.833907
-0.716299
-0.599066
-0.483139
-0.369253
-0.258101
-0.150446
-0.0472002
0.0506449
0.142076
0.226125
0.302053
0.369327
0.427716
0.477286
0.518374
0.551532
0.57747
0.59699
0.610931
0.620125
0.625363
0.627374
0.626811
0.624249
0.62018
0.615023
0.609124
0.602767
0.596185
0.589559
0.583038
0.576736
0.57074
0.565118
0.559916
0.555172
0.550913
0.54716
0.543932
0.541241
0.539104
0.537539
0.536569
0.536209
0.536446
0.537183
0.538128
0.538589
0.537141
0.531308
0.517589
0.492224
0.452701
0.399262
0.33528
0.265984
0.196416
0.13018
0.0693949
0.0152694
-0.0314314
-0.070202
-0.100744
-0.122916
-0.136671
-0.142064
-0.139229
-0.128214
-0.109282
-0.0827439
-0.0491491
-0.00929139
0.0357512
0.0846409
0.135841
0.18771
0.238617
0.287071
0.331817
0.371917
0.406776
0.436137
0.460041
0.47876
0.49273
0.502479
0.508568
0.511544
0.511916
0.510133
0.506585
0.501604
0.495474
0.488441
0.480718
0.472497
0.463948
0.455225
0.446465
0.437792
0.429312
0.421122
0.413293
0.405882
0.398923
0.392433
0.386412
0.380853
0.375744
0.371074
0.366836
0.363031
0.359659
0.356782
0.354365
0.352828
0.351266
-0.217677
-0.235902
-0.266895
-0.30854
-0.358213
-0.411976
-0.464461
-0.509831
-0.542612
-0.558861
-0.556702
-0.535769
-0.497357
-0.444906
-0.383001
-0.316806
-0.251545
-0.19198
-0.141822
-0.10317
-0.0761622
-0.0589859
-0.0485672
-0.0422406
-0.037573
-0.033292
-0.0291753
-0.0265772
-0.0274845
-0.0315669
-0.0370576
-0.0452878
-0.0634574
-0.0975354
-0.157261
-0.243356
-0.349583
-0.467693
-0.590966
-0.715263
-0.838429
-0.959329
-1.0771
-1.19071
-1.29869
-1.39906
-1.48947
-1.56751
-1.63098
-1.6781
-1.70747
-1.71833
-1.71091
-1.68557
-1.64273
-1.58353
-1.50953
-1.42261
-1.32492
-1.21874
-1.10638
-0.990049
-0.871695
-0.752913
-0.634915
-0.51854
-0.40439
-0.293017
-0.185046
-0.0812684
0.0173512
0.109814
0.195108
0.272397
0.341091
0.40091
0.451889
0.494349
0.528839
0.556071
0.576848
0.592011
0.602389
0.60877
0.61188
0.612368
0.610804
0.60768
0.603413
0.598349
0.592775
0.586923
0.580981
0.575096
0.569384
0.563933
0.558811
0.554065
0.549731
0.545835
0.542397
0.539429
0.53694
0.534935
0.533421
0.532397
0.53185
0.531723
0.531866
0.531925
0.531146
0.528091
0.520382
0.504792
0.47799
0.43786
0.384772
0.321853
0.253893
0.185599
0.120472
0.0606878
0.00751755
-0.0382728
-0.0762204
-0.106068
-0.127697
-0.141064
-0.146217
-0.143292
-0.132374
-0.113694
-0.0875291
-0.0544111
-0.0151223
0.0292678
0.0774206
0.127795
0.17875
0.228666
0.276074
0.319756
0.358818
0.392716
0.421238
0.444459
0.462675
0.476327
0.485936
0.492042
0.495165
0.495779
0.4943
0.491084
0.486438
0.480623
0.473867
0.466373
0.458326
0.449895
0.441236
0.432494
0.4238
0.415274
0.407023
0.399133
0.391674
0.384695
0.378226
0.372279
0.366852
0.361939
0.357535
0.35365
0.350306
0.347533
0.345402
0.343891
0.34332
0.342979
-0.203681
-0.224847
-0.264912
-0.322278
-0.39344
-0.472503
-0.551426
-0.621413
-0.674467
-0.704867
-0.710162
-0.689992
-0.645748
-0.581681
-0.503468
-0.417541
-0.330533
-0.248712
-0.177245
-0.119441
-0.0763309
-0.0468337
-0.0283529
-0.0177826
-0.0126588
-0.010706
-0.0112737
-0.0147372
-0.020822
-0.0274104
-0.0330682
-0.0429918
-0.0663377
-0.112492
-0.187497
-0.287203
-0.403254
-0.527583
-0.65462
-0.78127
-0.906032
-1.02815
-1.147
-1.26163
-1.37051
-1.47143
-1.56179
-1.639
-1.7009
-1.74584
-1.77265
-1.7808
-1.77082
-1.74285
-1.69743
-1.63569
-1.55918
-1.46979
-1.36967
-1.26116
-1.14664
-1.02841
-0.908519
-0.788592
-0.669847
-0.553061
-0.438723
-0.327239
-0.219111
-0.115011
-0.0158388
0.0773843
0.163625
0.241991
0.311844
0.372865
0.425066
0.468756
0.504482
0.532952
0.554965
0.571358
0.582953
0.590529
0.594803
0.596417
0.595934
0.593841
0.59055
0.586408
0.581701
0.576662
0.571479
0.5663
0.561243
0.556397
0.551827
0.547582
0.543696
0.540195
0.537093
0.534399
0.532114
0.530235
0.528753
0.527649
0.526881
0.526359
0.525887
0.525069
0.523131
0.518679
0.509516
0.492756
0.465482
0.425861
0.374213
0.313278
0.247343
0.180779
0.117012
0.0583062
0.00603452
-0.0389881
-0.0762884
-0.105613
-0.12685
-0.139956
-0.144979
-0.142057
-0.131309
-0.112948
-0.0872427
-0.0547268
-0.0161896
0.027293
0.0743772
0.123524
0.173108
0.221543
0.267406
0.309542
0.347121
0.379662
0.407005
0.429264
0.446753
0.459914
0.469248
0.475268
0.478455
0.479241
0.478002
0.475058
0.470683
0.465116
0.458567
0.451229
0.443282
0.434896
0.426232
0.417443
0.40867
0.400046
0.391689
0.383704
0.376172
0.369157
0.362703
0.356834
0.351559
0.346877
0.342783
0.339281
0.336394
0.334151
0.332623
0.331806
0.331923
0.332466
-0.200537
-0.225642
-0.277148
-0.353538
-0.45026
-0.55877
-0.66754
-0.764315
-0.838421
-0.882522
-0.894001
-0.873039
-0.821301
-0.743862
-0.647424
-0.539522
-0.428047
-0.320806
-0.224646
-0.144315
-0.0818507
-0.0369409
-0.00787916
0.00850661
0.0148861
0.0140612
0.008043
-0.00151754
-0.0116395
-0.0190826
-0.0247814
-0.0379242
-0.068332
-0.127006
-0.214944
-0.325048
-0.448221
-0.57707
-0.707
-0.835665
-0.962057
-1.08575
-1.20629
-1.32272
-1.43325
-1.53533
-1.62601
-1.70257
-1.76297
-1.80584
-1.8303
-1.83606
-1.82404
-1.79397
-1.74654
-1.68284
-1.60436
-1.51302
-1.41101
-1.30067
-1.18443
-1.06467
-0.943521
-0.822668
-0.703305
-0.586181
-0.471722
-0.360231
-0.252084
-0.147865
-0.04841
0.0452709
0.132129
0.21124
0.281936
0.343878
0.397066
0.441803
0.47863
0.508249
0.531453
0.549065
0.561893
0.570702
0.576195
0.579001
0.579673
0.578689
0.576458
0.57332
0.569561
0.565413
0.561063
0.556661
0.552323
0.548138
0.544173
0.540474
0.537076
0.534
0.53126
0.528856
0.526784
0.525031
0.523576
0.522381
0.521383
0.520461
0.519395
0.517766
0.514818
0.509255
0.499106
0.481845
0.454932
0.416742
0.367454
0.309347
0.246151
0.181866
0.11983
0.0623975
0.0110775
-0.0332185
-0.0699642
-0.0988813
-0.119846
-0.132801
-0.137793
-0.134958
-0.124448
-0.106477
-0.0813291
-0.049561
-0.0119854
0.0303032
0.0759548
0.123443
0.171177
0.217626
0.261443
0.301555
0.337217
0.368021
0.393866
0.4149
0.43145
0.443948
0.45287
0.458687
0.461834
0.462695
0.461599
0.458827
0.454621
0.449195
0.442743
0.435451
0.427495
0.419049
0.410282
0.401356
0.392426
0.383636
0.37512
0.366999
0.359367
0.352302
0.345858
0.340073
0.334965
0.330539
0.32679
0.323714
0.321316
0.319608
0.318634
0.318387
0.319
0.320112
-0.21351
-0.243668
-0.30797
-0.405596
-0.530527
-0.670738
-0.810337
-0.933283
-1.02649
-1.0817
-1.09685
-1.07315
-1.0126
-0.92101
-0.805914
-0.675581
-0.538773
-0.404699
-0.282085
-0.177464
-0.0940906
-0.0324852
0.00831076
0.0310691
0.0390327
0.0359348
0.0258681
0.0134899
0.00291869
-0.00345098
-0.00981565
-0.0268504
-0.0664032
-0.137017
-0.235908
-0.354261
-0.482975
-0.615427
-0.747815
-0.878384
-1.00654
-1.13214
-1.25482
-1.37346
-1.48596
-1.58929
-1.68021
-1.75597
-1.81478
-1.85568
-1.8781
-1.88207
-1.8684
-1.83674
-1.78784
-1.72277
-1.64296
-1.55034
-1.44711
-1.33567
-1.21845
-1.09784
-0.975891
-0.854395
-0.734603
-0.617297
-0.502862
-0.391513
-0.283529
-0.179415
-0.0799572
0.0138522
0.100965
0.180451
0.251637
0.314181
0.368084
0.413652
0.451419
0.482079
0.506409
0.525212
0.539277
0.549347
0.556105
0.560161
0.562055
0.562254
0.561158
0.559102
0.556369
0.553187
0.549743
0.546185
0.542629
0.539165
0.535856
0.53275
0.529879
0.527264
0.524912
0.52282
0.520977
0.519361
0.51794
0.516662
0.515444
0.514149
0.512541
0.510208
0.506438
0.500069
0.489381
0.472203
0.446344
0.410331
0.364166
0.309636
0.249888
0.188511
0.128704
0.0728903
0.0227161
-0.0207787
-0.0569761
-0.0855382
-0.106302
-0.119182
-0.124219
-0.121545
-0.11135
-0.0938631
-0.0694031
-0.0385691
-0.00221105
0.0385525
0.0823698
0.127741
0.173133
0.217097
0.258383
0.296023
0.329369
0.358094
0.382154
0.401729
0.417147
0.428821
0.43719
0.442674
0.445655
0.446462
0.445376
0.442637
0.438455
0.433021
0.426517
0.419122
0.411015
0.402373
0.393377
0.384202
0.375016
0.365979
0.35724
0.348935
0.341173
0.334045
0.327615
0.321929
0.317011
0.312871
0.309505
0.306898
0.305037
0.303907
0.30351
0.303814
0.304867
0.306378
-0.245101
-0.280256
-0.357862
-0.477733
-0.631713
-0.803296
-0.971478
-1.11662
-1.22421
-1.28627
-1.30218
-1.27411
-1.20425
-1.09897
-0.966442
-0.815197
-0.654226
-0.49379
-0.344683
-0.215644
-0.111389
-0.0331757
0.0194978
0.0487968
0.0588306
0.0551123
0.0444095
0.0334331
0.0257879
0.0217644
0.014346
-0.00791618
-0.0577137
-0.139653
-0.248113
-0.373423
-0.506831
-0.642443
-0.777119
-0.909603
-1.03966
-1.16735
-1.29229
-1.41317
-1.52746
-1.63177
-1.72262
-1.79738
-1.8546
-1.89374
-1.91451
-1.91715
-1.90227
-1.8695
-1.81969
-1.7539
-1.67357
-1.58055
-1.47696
-1.3652
-1.24768
-1.12675
-1.00453
-0.882855
-0.763026
-0.645841
-0.531669
-0.420674
-0.313073
-0.209323
-0.110172
-0.0165929
0.0703839
0.149845
0.221137
0.283937
0.338263
0.384426
0.422956
0.454534
0.479913
0.499872
0.515168
0.526517
0.534575
0.539932
0.54311
0.54456
0.544671
0.543772
0.542139
0.539997
0.53753
0.534884
0.532174
0.529488
0.52689
0.524423
0.522123
0.520006
0.518074
0.516321
0.51473
0.513272
0.511905
0.510566
0.509161
0.507543
0.505475
0.502568
0.498179
0.491297
0.480463
0.463844
0.439563
0.406283
0.363824
0.313499
0.257871
0.200075
0.143106
0.0893956
0.0407092
-0.00177106
-0.037305
-0.0654648
-0.0860247
-0.0988593
-0.103993
-0.101555
-0.0917718
-0.0748984
-0.0513073
-0.021651
0.0131761
0.0520335
0.0935796
0.136362
0.178925
0.219929
0.258242
0.293014
0.323702
0.350061
0.3721
0.390018
0.404137
0.414838
0.42251
0.427518
0.430183
0.430777
0.429532
0.426648
0.422304
0.416674
0.409931
0.402251
0.393816
0.384815
0.375439
0.365879
0.356321
0.346941
0.337904
0.329358
0.321436
0.314233
0.307826
0.302266
0.297578
0.293773
0.29084
0.288758
0.287494
0.287006
0.287253
0.288165
0.289716
0.291627
-0.292552
-0.332136
-0.422837
-0.564591
-0.746341
-0.946142
-1.13753
-1.29824
-1.41403
-1.47863
-1.49318
-1.46013
-1.38138
-1.26382
-1.11634
-0.947312
-0.765023
-0.580141
-0.405641
-0.252991
-0.128664
-0.0343771
0.0304535
0.0676326
0.0809322
0.0795186
0.0716311
0.0646533
0.0610989
0.0590729
0.0497882
0.0201237
-0.0405678
-0.13334
-0.250491
-0.382041
-0.519734
-0.658331
-0.795253
-0.929677
-1.06165
-1.19136
-1.31837
-1.4411
-1.55669
-1.6615
-1.75198
-1.82578
-1.88176
-1.91965
-1.93936
-1.94122
-1.92552
-1.89216
-1.84202
-1.77604
-1.69564
-1.60268
-1.49933
-1.38794
-1.27084
-1.15034
-1.02855
-0.907298
-0.787936
-0.671279
-0.557695
-0.447336
-0.340398
-0.237317
-0.138826
-0.0458722
0.0405458
0.119557
0.190551
0.253249
0.307694
0.354208
0.393318
0.425684
0.452031
0.4731
0.489614
0.502254
0.511643
0.518347
0.522863
0.525627
0.527014
0.527344
0.526884
0.525854
0.524434
0.522768
0.520969
0.519121
0.517288
0.515513
0.513829
0.51225
0.510774
0.509393
0.508085
0.506816
0.505536
0.504176
0.502635
0.500764
0.498337
0.494998
0.490189
0.483056
0.472391
0.456675
0.434327
0.404136
0.365776
0.320133
0.269209
0.215656
0.162192
0.111184
0.0644736
0.0233726
-0.011246
-0.0388444
-0.0591161
-0.0718815
-0.0771403
-0.0750124
-0.0657619
-0.0496776
-0.0271938
0.000979369
0.0339065
0.0704365
0.109257
0.148984
0.188269
0.225893
0.26086
0.292445
0.32021
0.343987
0.363827
0.379936
0.392617
0.402206
0.409038
0.413414
0.41559
0.415784
0.414176
0.410932
0.406208
0.400161
0.39296
0.384782
0.375819
0.366271
0.356344
0.346246
0.336183
0.32635
0.316929
0.308084
0.299964
0.292674
0.286302
0.280901
0.276497
0.273092
0.270668
0.26919
0.268606
0.268847
0.269836
0.271462
0.27364
0.276079
-0.34799
-0.391661
-0.494759
-0.65663
-0.86283
-1.08546
-1.29296
-1.46207
-1.58075
-1.64525
-1.65802
-1.62049
-1.53358
-1.40515
-1.24549
-1.06266
-0.863079
-0.65673
-0.458594
-0.283449
-0.140038
-0.0303628
0.0469249
0.0936462
0.114001
0.117492
0.114553
0.112185
0.112045
0.110338
0.0964952
0.0576004
-0.0144284
-0.117713
-0.242929
-0.380285
-0.522079
-0.663655
-0.802881
-0.93925
-1.07304
-1.2045
-1.33313
-1.45716
-1.57355
-1.67853
-1.76865
-1.8417
-1.89684
-1.93389
-1.95277
-1.95394
-1.93751
-1.90387
-1.85375
-1.788
-1.70803
-1.61575
-1.51332
-1.40304
-1.28716
-1.16787
-1.04724
-0.927087
-0.808768
-0.69312
-0.580529
-0.471161
-0.365232
-0.263189
-0.165762
-0.0738723
0.0115327
0.0896475
0.159932
0.222162
0.276422
0.323047
0.362556
0.395581
0.42281
0.444942
0.462656
0.476591
0.487337
0.495426
0.501332
0.50547
0.5082
0.509828
0.510613
0.510768
0.510467
0.509851
0.509028
0.508081
0.50707
0.506042
0.505025
0.504028
0.503051
0.502081
0.501094
0.500053
0.498904
0.497574
0.495962
0.493923
0.491247
0.487624
0.482579
0.475414
0.46515
0.450561
0.430336
0.403403
0.369338
0.328667
0.282884
0.234149
0.184845
0.137197
0.0930541
0.0538216
0.0204939
-0.0062764
-0.0260911
-0.0387069
-0.0440903
-0.0423466
-0.0337728
-0.0186934
0.00239536
0.028733
0.0593576
0.0931284
0.128786
0.16504
0.200663
0.234576
0.265922
0.294099
0.318769
0.339829
0.357356
0.371554
0.382687
0.391044
0.396893
0.400469
0.401966
0.401545
0.399346
0.395502
0.39015
0.383441
0.37554
0.366634
0.356922
0.346621
0.335956
0.325153
0.314439
0.304031
0.294131
0.284921
0.276561
0.269172
0.262847
0.257642
0.25358
0.250656
0.248836
0.248067
0.248272
0.249358
0.251213
0.253695
0.256667
0.25983
-0.400129
-0.448259
-0.562704
-0.74173
-0.96768
-1.20698
-1.424
-1.59628
-1.71518
-1.77944
-1.79176
-1.75088
-1.6562
-1.51722
-1.34703
-1.15403
-0.941799
-0.718041
-0.498909
-0.302757
-0.141161
-0.0168022
0.0728309
0.130793
0.16096
0.171711
0.174952
0.176794
0.178365
0.174286
0.153298
0.103581
0.0201525
-0.0931789
-0.226003
-0.369019
-0.514889
-0.659391
-0.800773
-0.938834
-1.07403
-1.20668
-1.33621
-1.46076
-1.57721
-1.68186
-1.7714
-1.8438
-1.89831
-1.93482
-1.95329
-1.95425
-1.93762
-1.90412
-1.85438
-1.78926
-1.71024
-1.61925
-1.51844
-1.41003
-1.29613
-1.17882
-1.06009
-0.941716
-0.825052
-0.710945
-0.59981
-0.49186
-0.387359
-0.286792
-0.190894
-0.100551
-0.0166426
0.0601166
0.129275
0.190682
0.244463
0.290967
0.330698
0.364255
0.392281
0.415425
0.434315
0.449547
0.461669
0.471179
0.478523
0.484093
0.48823
0.491227
0.493331
0.494745
0.495639
0.496144
0.496367
0.496387
0.496262
0.49604
0.495742
0.495378
0.494945
0.494432
0.493811
0.493046
0.492081
0.490844
0.489235
0.487121
0.484314
0.480547
0.475431
0.468408
0.458707
0.445361
0.42731
0.403633
0.373863
0.338249
0.297845
0.254342
0.209753
0.166089
0.125132
0.0883245
0.0567494
0.0311602
0.0120448
-0.000288314
-0.00576611
-0.0044731
0.00326917
0.0171062
0.0364894
0.0606276
0.0885569
0.119174
0.151298
0.18375
0.215439
0.245429
0.272998
0.297662
0.319169
0.337462
0.352632
0.364861
0.374371
0.381387
0.386113
0.388716
0.38933
0.388066
0.385028
0.380326
0.374085
0.366452
0.357599
0.347719
0.337027
0.325757
0.314152
0.302464
0.290942
0.279828
0.269343
0.259693
0.251047
0.243544
0.237279
0.232312
0.228659
0.226303
0.225195
0.225256
0.226385
0.228459
0.231335
0.234838
0.238797
0.242904
-0.436773
-0.4908
-0.615223
-0.807568
-1.04813
-1.29877
-1.52116
-1.69434
-1.81327
-1.87829
-1.89191
-1.84918
-1.7471
-1.59751
-1.41716
-1.21626
-0.995811
-0.759794
-0.523919
-0.309403
-0.130878
0.00764964
0.109123
0.17829
0.219462
0.239752
0.249421
0.254664
0.256104
0.247167
0.217017
0.155884
0.0613667
-0.060882
-0.200992
-0.349324
-0.498997
-0.646217
-0.789534
-0.928957
-1.06507
-1.19821
-1.32782
-1.45206
-1.56788
-1.67175
-1.76056
-1.83239
-1.88655
-1.92291
-1.94137
-1.94235
-1.92581
-1.89271
-1.84366
-1.77958
-1.70204
-1.61298
-1.5145
-1.40868
-1.29749
-1.18288
-1.06675
-0.950819
-0.836422
-0.724413
-0.615247
-0.509205
-0.406625
-0.308044
-0.2142
-0.125931
-0.0440249
0.0309147
0.0985413
0.158782
0.211805
0.257968
0.297753
0.331718
0.360455
0.384555
0.404594
0.421118
0.434631
0.445595
0.454424
0.461484
0.467097
0.471536
0.475036
0.47779
0.479955
0.48166
0.483004
0.484061
0.484892
0.485539
0.486019
0.486341
0.486506
0.4865
0.486298
0.485862
0.485141
0.484065
0.482541
0.480448
0.477624
0.473846
0.468801
0.462056
0.45302
0.44095
0.425015
0.404453
0.378801
0.348119
0.313106
0.275032
0.235529
0.196345
0.159127
0.125287
0.0959468
0.071931
0.0538008
0.0419226
0.0364102
0.037203
0.043969
0.0563357
0.0737232
0.0953381
0.120246
0.147408
0.175744
0.204201
0.231825
0.257822
0.281596
0.302764
0.321143
0.336705
0.349538
0.359789
0.367626
0.373212
0.37668
0.378135
0.377656
0.375314
0.371184
0.365361
0.357965
0.349145
0.339079
0.327972
0.316058
0.303587
0.290828
0.27806
0.265559
0.253594
0.242412
0.232237
0.223257
0.215629
0.209442
0.204759
0.201588
0.199898
0.199619
0.200648
0.202854
0.206081
0.210154
0.214869
0.220021
0.225301
-0.446752
-0.511411
-0.642843
-0.84398
-1.0942
-1.35246
-1.57865
-1.7526
-1.87186
-1.93782
-1.95358
-1.9109
-1.80302
-1.64511
-1.45567
-1.24831
-1.02289
-0.779575
-0.532209
-0.303415
-0.110563
0.0406211
0.153013
0.232536
0.284341
0.314327
0.330718
0.338657
0.338662
0.323583
0.283793
0.211859
0.107373
-0.0230624
-0.169521
-0.322563
-0.475668
-0.625323
-0.770275
-0.910658
-1.04712
-1.18005
-1.30893
-1.43204
-1.54656
-1.6492
-1.73707
-1.80834
-1.86222
-1.8985
-1.91699
-1.91807
-1.9019
-1.86951
-1.82151
-1.75897
-1.6835
-1.59704
-1.50158
-1.39903
-1.2912
-1.17993
-1.06703
-0.954157
-0.842621
-0.733277
-0.626632
-0.523049
-0.422954
-0.326935
-0.235725
-0.15009
-0.0707023
0.00196018
0.067664
0.126415
0.178419
0.224032
0.263709
0.297959
0.327316
0.352312
0.373467
0.391274
0.406191
0.41864
0.429002
0.437615
0.444775
0.450737
0.455717
0.459896
0.463421
0.466411
0.468957
0.471131
0.472994
0.474577
0.475898
0.476968
0.477788
0.478345
0.478618
0.478571
0.478158
0.477315
0.475958
0.473983
0.471251
0.467581
0.462729
0.456365
0.44805
0.43723
0.423276
0.405583
0.383733
0.357675
0.327841
0.295144
0.260862
0.226451
0.193368
0.162935
0.136255
0.114182
0.0973213
0.0860818
0.0806135
0.0808807
0.0865593
0.0972769
0.112451
0.131319
0.153004
0.176557
0.201011
0.225442
0.249032
0.271118
0.291215
0.309024
0.324408
0.337354
0.347927
0.35623
0.362374
0.366454
0.36854
0.368678
0.366901
0.363249
0.357778
0.350576
0.341762
0.331489
0.319945
0.307349
0.293952
0.28003
0.265881
0.251815
0.238144
0.225168
0.213164
0.20238
0.193021
0.185257
0.179179
0.17484
0.172241
0.17133
0.172014
0.174163
0.177614
0.182177
0.187642
0.193777
0.200343
0.207026
-0.427941
-0.503988
-0.639785
-0.845276
-1.1008
-1.36463
-1.59545
-1.77215
-1.89326
-1.96137
-1.97874
-1.93545
-1.82498
-1.65996
-1.46387
-1.25264
-1.02476
-0.777492
-0.523117
-0.284926
-0.0820255
0.0786685
0.199812
0.287746
0.348472
0.387423
0.410188
0.420365
0.418504
0.3974
0.34901
0.267903
0.155181
0.018047
-0.133514
-0.290392
-0.446335
-0.597982
-0.744161
-0.88504
-1.02128
-1.15329
-1.28065
-1.40184
-1.51433
-1.61518
-1.70172
-1.77213
-1.82555
-1.86162
-1.88023
-1.88157
-1.86608
-1.83474
-1.78824
-1.72778
-1.65502
-1.57181
-1.48
-1.3813
-1.27739
-1.16999
-1.06086
-0.951605
-0.843493
-0.737385
-0.633845
-0.533329
-0.436347
-0.343528
-0.25557
-0.173144
-0.096789
-0.0268441
0.0365688
0.0935268
0.144264
0.189127
0.228533
0.262938
0.292816
0.31864
0.340871
0.359947
0.37628
0.390249
0.402198
0.412432
0.421221
0.428796
0.435352
0.441054
0.446036
0.450405
0.454244
0.457627
0.460603
0.463195
0.465428
0.467313
0.46885
0.470031
0.470838
0.471243
0.471204
0.470666
0.469559
0.467792
0.465252
0.461796
0.457237
0.451331
0.443761
0.434129
0.421975
0.406843
0.388386
0.366502
0.341443
0.313841
0.284658
0.255064
0.226295
0.199532
0.175809
0.15596
0.140605
0.130169
0.124829
0.124577
0.129118
0.138099
0.150964
0.167008
0.185436
0.205399
0.22605
0.246593
0.266338
0.284737
0.301401
0.316091
0.3287
0.339206
0.347644
0.354065
0.358518
0.361035
0.361627
0.360291
0.357024
0.351843
0.344796
0.335966
0.325474
0.313479
0.300178
0.285807
0.270639
0.254982
0.239172
0.223561
0.208501
0.194335
0.181374
0.169892
0.160115
0.15222
0.146298
0.142388
0.140476
0.140485
0.142293
0.145739
0.150624
0.156725
0.163796
0.171571
0.179781
0.188106
-0.387392
-0.464871
-0.603722
-0.809191
-1.06543
-1.33268
-1.56881
-1.75039
-1.8748
-1.94517
-1.96356
-1.91923
-1.80655
-1.63857
-1.44127
-1.23048
-1.00291
-0.754456
-0.497223
-0.255071
-0.0476127
0.118024
0.244541
0.338431
0.405832
0.451642
0.479768
0.491901
0.488604
0.462724
0.407875
0.320154
0.201729
0.0601401
-0.0948155
-0.254317
-0.412254
-0.565284
-0.71219
-0.853066
-0.988517
-1.11895
-1.24407
-1.36259
-1.47235
-1.57075
-1.6554
-1.72454
-1.77721
-1.81297
-1.83171
-1.83349
-1.81896
-1.78905
-1.74455
-1.68676
-1.61731
-1.53793
-1.45027
-1.35586
-1.25627
-1.15316
-1.04827
-0.94313
-0.838982
-0.736689
-0.636873
-0.540082
-0.446896
-0.357951
-0.273882
-0.195237
-0.122408
-0.055596
0.00518112
0.0600591
0.109288
0.153195
0.192157
0.226576
0.256865
0.283438
0.306697
0.327027
0.34479
0.36032
0.37392
0.385857
0.39637
0.405662
0.413905
0.421243
0.427793
0.433649
0.43889
0.443581
0.447754
0.45144
0.454662
0.457433
0.459755
0.461624
0.463029
0.463948
0.46435
0.464189
0.463407
0.461932
0.459674
0.456521
0.452337
0.446945
0.440123
0.431597
0.421046
0.408143
0.392625
0.374384
0.353558
0.330577
0.306143
0.281163
0.256646
0.233604
0.212958
0.195486
0.181786
0.172275
0.16715
0.166429
0.169865
0.177136
0.187735
0.201035
0.216335
0.232894
0.249984
0.26693
0.283157
0.298215
0.311789
0.323683
0.333795
0.342087
0.348548
0.353176
0.355962
0.356877
0.355882
0.352934
0.348004
0.341096
0.332251
0.32155
0.309117
0.295114
0.279749
0.26328
0.246011
0.228292
0.210509
0.193066
0.176371
0.160814
0.146749
0.134481
0.124254
0.11625
0.110557
0.10719
0.106114
0.107222
0.110354
0.11531
0.121853
0.129721
0.13863
0.148283
0.15838
0.168586
-0.335915
-0.400284
-0.537336
-0.737673
-0.989121
-1.25639
-1.49741
-1.68573
-1.81547
-1.88899
-1.90812
-1.86192
-1.74812
-1.58225
-1.39008
-1.18428
-0.959663
-0.712789
-0.457111
-0.21677
-0.0106055
0.154988
0.282952
0.379733
0.451218
0.501584
0.533545
0.547377
0.543548
0.514834
0.456391
0.365345
0.244414
0.101106
-0.0551198
-0.215694
-0.374532
-0.528173
-0.675219
-0.815586
-0.949743
-1.07807
-1.20036
-1.3156
-1.422
-1.51735
-1.59955
-1.66693
-1.71853
-1.75379
-1.77261
-1.77496
-1.76167
-1.73357
-1.69156
-1.63697
-1.57132
-1.49617
-1.41296
-1.32309
-1.22808
-1.12961
-1.02934
-0.92879
-0.829135
-0.731248
-0.63581
-0.543443
-0.454765
-0.370382
-0.29083
-0.216515
-0.147675
-0.0843838
-0.02657
0.0259455
0.0734171
0.116149
0.154474
0.188744
0.219317
0.246548
0.270784
0.292355
0.31157
0.328713
0.344041
0.357782
0.370134
0.381269
0.391329
0.400434
0.408682
0.416152
0.422918
0.42902
0.434491
0.439363
0.443658
0.447391
0.450569
0.453194
0.455261
0.456759
0.457665
0.457948
0.457563
0.456455
0.454554
0.45178
0.448033
0.443193
0.437109
0.429602
0.420459
0.409462
0.396428
0.38127
0.364069
0.345112
0.324905
0.304132
0.283589
0.264108
0.246478
0.231388
0.21939
0.210876
0.206046
0.204944
0.20738
0.213069
0.221572
0.232348
0.244793
0.258276
0.272179
0.285938
0.299078
0.311228
0.322125
0.331596
0.339531
0.345859
0.350524
0.353469
0.354628
0.353922
0.351267
0.346591
0.339848
0.331032
0.320178
0.307364
0.292709
0.276382
0.258606
0.239667
0.219917
0.199762
0.179652
0.160061
0.141461
0.1243
0.108978
0.0958324
0.085133
0.0770566
0.0716871
0.0690045
0.0689495
0.0713737
0.0760717
0.0827948
0.09126
0.10116
0.112171
0.123963
0.136201
0.148537
-0.286458
-0.326147
-0.448572
-0.637921
-0.879426
-1.142
-1.38509
-1.57972
-1.71575
-1.79299
-1.81212
-1.76414
-1.65262
-1.49553
-1.31485
-1.11765
-0.897988
-0.655494
-0.406122
-0.173519
0.0256379
0.186477
0.312179
0.408809
0.481759
0.53446
0.568612
0.583873
0.58022
0.550782
0.491815
0.401008
0.281042
0.139041
-0.016014
-0.175805
-0.334199
-0.487497
-0.634003
-0.773344
-0.90578
-1.0316
-1.15068
-1.26222
-1.36481
-1.45664
-1.53589
-1.60108
-1.65124
-1.68576
-1.70457
-1.70762
-1.69578
-1.66982
-1.63069
-1.57964
-1.51805
-1.44728
-1.36859
-1.28335
-1.1931
-1.09952
-1.00426
-0.908744
-0.814112
-0.72124
-0.630861
-0.543637
-0.460181
-0.381028
-0.306585
-0.237105
-0.172682
-0.113278
-0.0587515
-0.00889401
0.0365471
0.0778523
0.115319
0.149254
0.179965
0.207756
0.232916
0.255719
0.27642
0.295246
0.312403
0.32807
0.342402
0.355529
0.367563
0.378591
0.388688
0.397924
0.406346
0.413979
0.42086
0.42702
0.432479
0.437256
0.441364
0.444813
0.447608
0.449747
0.451219
0.452006
0.45208
0.451402
0.449923
0.447586
0.444325
0.440059
0.434695
0.428121
0.420208
0.410822
0.399851
0.387241
0.373047
0.357472
0.340875
0.323766
0.306757
0.29051
0.275675
0.262841
0.252491
0.244979
0.240515
0.239145
0.240736
0.245052
0.251723
0.260298
0.270266
0.281097
0.292276
0.303334
0.313879
0.3236
0.332269
0.339714
0.345806
0.350434
0.353494
0.354877
0.354466
0.352138
0.347773
0.341276
0.332591
0.321701
0.308629
0.293444
0.27626
0.257252
0.23667
0.214846
0.192194
0.169196
0.146387
0.124319
0.103539
0.0845604
0.067831
0.0537235
0.0425309
0.0344269
0.0294845
0.0276426
0.0288108
0.0327944
0.0393316
0.0481154
0.0588052
0.0710404
0.0844507
0.0986659
0.11332
0.128044
-0.249366
-0.259927
-0.348661
-0.519563
-0.747997
-1.00093
-1.24055
-1.43736
-1.57746
-1.6574
-1.67659
-1.63032
-1.52783
-1.38682
-1.22192
-1.03479
-0.821312
-0.586322
-0.348375
-0.129166
0.0580399
0.210289
0.330803
0.424823
0.496976
0.550025
0.584942
0.601091
0.597815
0.569487
0.512703
0.425442
0.309834
0.17225
0.021013
-0.135879
-0.292225
-0.444023
-0.589179
-0.726942
-0.857282
-0.980335
-1.09599
-1.20364
-1.3022
-1.39021
-1.46618
-1.52882
-1.57723
-1.61084
-1.62954
-1.63335
-1.62309
-1.59944
-1.56333
-1.5159
-1.45835
-1.39183
-1.31757
-1.23697
-1.15161
-1.0632
-0.973313
-0.883294
-0.794225
-0.706988
-0.622343
-0.540959
-0.463396
-0.390081
-0.321277
-0.257087
-0.19748
-0.142324
-0.0914263
-0.0445569
-0.00146313
0.0381207
0.0744675
0.10785
0.138535
0.166777
0.19281
0.21685
0.239089
0.259693
0.278808
0.296556
0.31304
0.328343
0.342535
0.355669
0.367803
0.378973
0.389194
0.398497
0.406914
0.41447
0.42119
0.427097
0.432213
0.436557
0.440143
0.442981
0.445076
0.446422
0.447009
0.446813
0.445805
0.44395
0.441206
0.437527
0.432858
0.427138
0.420298
0.412268
0.402991
0.392449
0.380692
0.367871
0.35425
0.340205
0.326201
0.312753
0.300384
0.289577
0.280742
0.274193
0.270133
0.268609
0.269539
0.272733
0.277891
0.284641
0.292562
0.301214
0.310172
0.319047
0.327512
0.335297
0.342186
0.347999
0.352576
0.355765
0.357414
0.357367
0.355458
0.351525
0.345423
0.337038
0.326299
0.313173
0.297665
0.279826
0.259769
0.237684
0.213866
0.188712
0.162723
0.136477
0.110605
0.0857511
0.0625428
0.0415564
0.0232896
0.00814654
-0.00355889
-0.0116509
-0.0160722
-0.0169262
-0.0143403
-0.0085574
9.68271e-05
0.0112473
0.024485
0.0393838
0.0555163
0.0724649
0.0898273
0.107208
-0.227519
-0.209839
-0.252688
-0.396774
-0.610133
-0.849781
-1.07961
-1.27223
-1.41192
-1.49269
-1.51289
-1.47386
-1.38768
-1.26696
-1.11785
-0.93974
-0.733418
-0.509848
-0.288583
-0.0874806
0.0842346
0.225328
0.338731
0.428503
0.498218
0.550029
0.584483
0.600757
0.597788
0.571637
0.518958
0.437811
0.329513
0.199297
0.0545738
-0.0971178
-0.249574
-0.398481
-0.541303
-0.676841
-0.8047
-0.924794
-1.03696
-1.14072
-1.23522
-1.31935
-1.39189
-1.4518
-1.49828
-1.53086
-1.54933
-1.55387
-1.54514
-1.52376
-1.49056
-1.44654
-1.39272
-1.3302
-1.26021
-1.18427
-1.104
-1.02107
-0.936963
-0.852909
-0.769945
-0.688948
-0.610676
-0.53576
-0.464673
-0.397713
-0.335001
-0.276508
-0.222097
-0.171566
-0.124678
-0.0811789
-0.0408049
-0.00328871
0.0316338
0.0642151
0.0946886
0.123263
0.15012
0.175412
0.199263
0.221771
0.243009
0.263033
0.281882
0.299586
0.316161
0.331632
0.346015
0.359298
0.371492
0.382623
0.392712
0.401784
0.409868
0.416996
0.423197
0.428503
0.432941
0.436534
0.439301
0.441254
0.442396
0.442723
0.442223
0.44088
0.438673
0.435581
0.431578
0.426641
0.420741
0.413853
0.405964
0.397083
0.387268
0.37664
0.3654
0.353833
0.342288
0.331165
0.320874
0.311808
0.304304
0.298635
0.294988
0.293412
0.293862
0.296192
0.300165
0.30548
0.311793
0.318745
0.325984
0.333187
0.340071
0.34639
0.351926
0.356477
0.359848
0.361845
0.362271
0.360925
0.3576
0.352103
0.344264
0.333947
0.321057
0.305531
0.287349
0.266543
0.243232
0.217645
0.190142
0.161217
0.131479
0.101619
0.0723746
0.044486
0.0186577
-0.00447345
-0.0243672
-0.0405936
-0.0528237
-0.0608762
-0.0647089
-0.0644632
-0.0603052
-0.0525227
-0.0415076
-0.0277088
-0.0116137
0.00627479
0.0254589
0.0454615
0.065836
0.0861525
-0.216579
-0.167118
-0.175946
-0.291605
-0.485068
-0.706585
-0.92042
-1.10258
-1.23693
-1.31644
-1.34033
-1.31491
-1.24847
-1.14536
-1.00692
-0.83531
-0.638454
-0.431484
-0.231693
-0.0517433
0.102768
0.231559
0.336867
0.421472
0.487783
0.537321
0.570385
0.586156
0.583278
0.559408
0.511755
0.438209
0.339352
0.219016
0.0833741
-0.0607335
-0.207255
-0.35164
-0.49092
-0.623416
-0.748316
-0.865246
-0.973914
-1.07388
-1.16448
-1.24483
-1.31401
-1.37116
-1.41565
-1.44707
-1.4652
-1.4703
-1.46289
-1.44348
-1.41282
-1.37179
-1.32133
-1.26255
-1.19681
-1.12568
-1.0508
-0.97372
-0.895791
-0.818159
-0.741815
-0.667617
-0.596287
-0.52838
-0.464256
-0.404082
-0.347851
-0.295431
-0.246605
-0.201111
-0.158669
-0.118983
-0.0817578
-0.0467019
-0.0135428
0.0179633
0.0480242
0.0768077
0.104441
0.131012
0.156572
0.181139
0.204706
0.227245
0.248723
0.269098
0.28834
0.306421
0.323284
0.338899
0.35327
0.366402
0.378313
0.389029
0.398587
0.407028
0.414393
0.420728
0.426075
0.430472
0.433955
0.436551
0.438283
0.439161
0.439193
0.438379
0.436717
0.434203
0.430835
0.426613
0.421539
0.415619
0.408868
0.401319
0.393037
0.384128
0.374755
0.365137
0.355545
0.346287
0.337687
0.330058
0.323679
0.318779
0.315528
0.313977
0.314108
0.315813
0.318908
0.323154
0.328276
0.333978
0.339968
0.345972
0.351733
0.357012
0.361577
0.365199
0.367646
0.368683
0.368069
0.365558
0.360909
0.3539
0.344333
0.332047
0.316908
0.298813
0.277703
0.253602
0.22665
0.197142
0.165536
0.132448
0.0986154
0.0648559
0.0320169
0.000929038
-0.0276329
-0.0529812
-0.0745419
-0.0918672
-0.104619
-0.112614
-0.115821
-0.114412
-0.108588
-0.0986738
-0.0851221
-0.068456
-0.0492456
-0.0280809
-0.00554262
0.0178185
0.0415001
0.0650259
-0.224788
-0.139248
-0.13599
-0.237522
-0.409859
-0.605625
-0.793771
-0.956091
-1.07871
-1.15851
-1.19116
-1.17875
-1.1227
-1.02441
-0.88838
-0.723288
-0.541508
-0.357001
-0.18189
-0.023979
0.113383
0.229916
0.326857
0.405816
0.468191
0.514892
0.546008
0.560664
0.557941
0.536079
0.493477
0.427947
0.339499
0.230688
0.106224
-0.0280641
-0.166531
-0.304561
-0.438835
-0.567221
-0.688475
-0.801883
-0.906959
-1.00322
-1.09009
-1.16687
-1.23282
-1.2873
-1.32978
-1.35995
-1.37756
-1.38297
-1.37652
-1.35867
-1.3301
-1.29161
-1.2442
-1.18911
-1.12781
-1.06185
-0.992752
-0.921904
-0.850524
-0.779699
-0.710397
-0.643448
-0.57951
-0.519034
-0.462258
-0.409227
-0.359832
-0.313862
-0.271043
-0.231061
-0.193576
-0.158227
-0.124655
-0.0925187
-0.0615186
-0.0314065
-0.00199167
0.026859
0.0552219
0.0831192
0.110522
0.137358
0.163518
0.188879
0.213312
0.236704
0.258966
0.279961
0.299587
0.3178
0.334576
0.349905
0.363802
0.376301
0.387446
0.397292
0.405897
0.413323
0.419629
0.424872
0.429104
0.432372
0.434715
0.436162
0.436736
0.436455
0.435333
0.433381
0.430613
0.427048
0.422706
0.417613
0.411806
0.405332
0.398262
0.390695
0.382768
0.374658
0.36658
0.358778
0.35151
0.345026
0.339564
0.335318
0.332428
0.330952
0.330892
0.33217
0.334649
0.338143
0.342434
0.34728
0.352437
0.357657
0.362695
0.367302
0.371226
0.374207
0.37598
0.376275
0.374806
0.371284
0.365425
0.35697
0.34569
0.331384
0.313877
0.29302
0.268724
0.241013
0.210074
0.176294
0.140256
0.10272
0.0645654
0.0267386
-0.00980695
-0.0441592
-0.0754854
-0.10306
-0.126287
-0.144708
-0.157979
-0.165914
-0.168496
-0.165916
-0.158408
-0.146317
-0.130148
-0.110489
-0.087993
-0.0633392
-0.0372014
-0.0102185
0.0170372
0.0440278
-0.198904
-0.137736
-0.132583
-0.226105
-0.387792
-0.566385
-0.732174
-0.874282
-0.986747
-1.05889
-1.08625
-1.06628
-1.00204
-0.899643
-0.767549
-0.615904
-0.455251
-0.295215
-0.143466
-0.00510782
0.117232
0.222774
0.311832
0.385144
0.443409
0.487066
0.516054
0.529683
0.526916
0.50661
0.468038
0.409657
0.331159
0.234056
0.121633
-0.00150837
-0.130404
-0.260597
-0.38858
-0.511862
-0.628797
-0.738333
-0.839748
-0.932449
-1.01586
-1.08937
-1.15239
-1.2044
-1.24495
-1.27381
-1.29077
-1.2962
-1.29035
-1.27366
-1.24679
-1.2106
-1.16619
-1.1149
-1.0582
-0.997545
-0.934275
-0.869619
-0.804712
-0.740604
-0.678242
-0.618412
-0.561696
-0.508454
-0.458833
-0.412796
-0.37017
-0.330694
-0.294041
-0.259828
-0.22763
-0.196993
-0.167472
-0.138661
-0.110214
-0.0818607
-0.0534027
-0.0247191
0.00423395
0.0334225
0.062736
0.0919945
0.120971
0.149416
0.177091
0.203819
0.229356
0.253482
0.276077
0.297056
0.316367
0.333993
0.349953
0.364287
0.377054
0.388326
0.398181
0.406698
0.413958
0.420037
0.425007
0.428931
0.431865
0.433858
0.434948
0.435168
0.434544
0.433103
0.430868
0.42787
0.424142
0.419724
0.414661
0.409015
0.402858
0.396287
0.389423
0.382417
0.375447
0.368714
0.362428
0.356801
0.352035
0.348301
0.345711
0.344336
0.344189
0.34522
0.347328
0.350372
0.354172
0.358528
0.363222
0.36802
0.372676
0.376928
0.380499
0.383104
0.384448
0.384224
0.382108
0.377771
0.370889
0.36116
0.348309
0.332079
0.312235
0.288576
0.260998
0.229549
0.194501
0.156363
0.115869
0.0739316
0.0315691
-0.0101581
-0.0502094
-0.0876125
-0.121497
-0.151115
-0.175861
-0.19528
-0.209031
-0.21692
-0.218933
-0.215275
-0.206206
-0.192077
-0.173432
-0.150911
-0.125233
-0.0971661
-0.0674736
-0.036887
-0.00605542
0.0244105
-0.211235
-0.188221
-0.199388
-0.277414
-0.406528
-0.552029
-0.690672
-0.810587
-0.901005
-0.95294
-0.963277
-0.93305
-0.867188
-0.772094
-0.654963
-0.523524
-0.385367
-0.247343
-0.115139
0.00706911
0.116715
0.212583
0.294371
0.362237
0.416425
0.457041
0.483874
0.496379
0.493663
0.474809
0.439533
0.387104
0.31726
0.230869
0.130155
0.0185357
-0.0999137
-0.221158
-0.341722
-0.458901
-0.570745
-0.67589
-0.773372
-0.86245
-0.942489
-1.0129
-1.07316
-1.12283
-1.16153
-1.18903
-1.20528
-1.21056
-1.20512
-1.18943
-1.16423
-1.13046
-1.08931
-1.04209
-0.990142
-0.934757
-0.877137
-0.818426
-0.759723
-0.702058
-0.646338
-0.593289
-0.543428
-0.497051
-0.454253
-0.414962
-0.378979
-0.346005
-0.315648
-0.287431
-0.260813
-0.23523
-0.210143
-0.185073
-0.159613
-0.133436
-0.106303
-0.078065
-0.0486845
-0.0182383
0.0130775
0.0449579
0.0770216
0.108861
0.14015
0.170536
0.199604
0.227113
0.252887
0.276794
0.298762
0.318774
0.336854
0.353057
0.367462
0.380161
0.391256
0.400849
0.409042
0.415932
0.421612
0.426163
0.429659
0.432164
0.433734
0.434414
0.434243
0.433258
0.431494
0.428987
0.425781
0.421921
0.417465
0.412475
0.407029
0.40122
0.39516
0.388982
0.382839
0.376903
0.371352
0.366368
0.362128
0.358784
0.356438
0.35517
0.355003
0.355911
0.357824
0.36063
0.36418
0.368298
0.372779
0.377394
0.381893
0.385998
0.389416
0.39184
0.392946
0.392389
0.389809
0.384832
0.377096
0.366252
0.351968
0.333916
0.311786
0.285327
0.254428
0.219196
0.180017
0.137557
0.0927148
0.0465551
0.000223147
-0.0451268
-0.0883906
-0.128557
-0.164736
-0.196174
-0.222266
-0.242561
-0.256724
-0.264563
-0.266067
-0.261449
-0.250986
-0.235021
-0.21412
-0.188959
-0.160312
-0.129017
-0.0959234
-0.0618545
-0.0275385
0.00632928
-0.222577
-0.223678
-0.245439
-0.307512
-0.405232
-0.517778
-0.625878
-0.716637
-0.78295
-0.819162
-0.823363
-0.795827
-0.739394
-0.658703
-0.559368
-0.447449
-0.328952
-0.209437
-0.0936786
0.0146197
0.112951
0.199871
0.274702
0.337201
0.387291
0.424854
0.449564
0.460938
0.458347
0.441099
0.408957
0.361633
0.299191
0.222324
0.132634
0.0326155
-0.0746068
-0.18567
-0.297397
-0.40709
-0.512621
-0.61239
-0.705208
-0.790163
-0.866522
-0.933662
-0.991069
-1.03833
-1.07513
-1.10123
-1.11672
-1.12185
-1.1169
-1.10243
-1.07926
-1.04839
-1.01096
-0.96816
-0.921166
-0.871117
-0.819129
-0.766314
-0.713756
-0.662459
-0.613283
-0.566906
-0.523797
-0.484222
-0.448265
-0.415852
-0.386776
-0.360695
-0.337133
-0.315491
-0.295102
-0.275287
-0.255407
-0.234882
-0.213197
-0.189911
-0.164673
-0.137261
-0.107607
-0.0758247
-0.0422102
-0.00723672
0.0284937
0.064428
0.100039
0.134674
0.167868
0.1993
0.228707
0.255916
0.280845
0.303483
0.323867
0.342079
0.358224
0.372423
0.384807
0.395508
0.404654
0.412365
0.418756
0.42393
0.427978
0.430983
0.433015
0.434133
0.43439
0.433832
0.432503
0.430448
0.427714
0.424353
0.420424
0.415994
0.411141
0.405953
0.400536
0.39501
0.389513
0.384194
0.379213
0.374733
0.370909
0.36788
0.36575
0.364598
0.364461
0.365333
0.367166
0.369873
0.373327
0.377367
0.381798
0.386393
0.390893
0.395009
0.398434
0.400837
0.401867
0.401141
0.398255
0.392791
0.384333
0.372473
0.356801
0.336903
0.312392
0.282977
0.248567
0.209371
0.165926
0.119077
0.069897
0.0195957
-0.0305715
-0.0793765
-0.125671
-0.168422
-0.206732
-0.239852
-0.267183
-0.288282
-0.302824
-0.310616
-0.311661
-0.30617
-0.294434
-0.276778
-0.253772
-0.226111
-0.194608
-0.160161
-0.123702
-0.0861453
-0.0483056
-0.0109808
-0.236141
-0.247488
-0.272097
-0.32107
-0.394122
-0.478737
-0.560746
-0.630475
-0.681685
-0.70955
-0.711342
-0.686685
-0.637713
-0.568273
-0.482906
-0.386431
-0.283719
-0.17939
-0.0774962
0.0187201
0.106917
0.18558
0.253817
0.311128
0.357204
0.39178
0.414482
0.424842
0.422385
0.406662
0.377458
0.334664
0.278624
0.210073
0.130297
0.0411993
-0.0548389
-0.155164
-0.257092
-0.358146
-0.456207
-0.54956
-0.636852
-0.71702
-0.78922
-0.852764
-0.907115
-0.951842
-0.986661
-1.0114
-1.02626
-1.03144
-1.02731
-1.01452
-0.993889
-0.966362
-0.932942
-0.89466
-0.852551
-0.807677
-0.761131
-0.714014
-0.66739
-0.622223
-0.57933
-0.539357
-0.502764
-0.469833
-0.440676
-0.415254
-0.393359
-0.374597
-0.358384
-0.343998
-0.330656
-0.317571
-0.30398
-0.289144
-0.272348
-0.252938
-0.230366
-0.204266
-0.174511
-0.141244
-0.10489
-0.0661587
-0.0259139
0.0150648
0.055832
0.0955573
0.13368
0.169723
0.203335
0.234315
0.262576
0.288122
0.311023
0.331397
0.34939
0.365164
0.378886
0.390722
0.400833
0.409367
0.416464
0.422248
0.426832
0.430315
0.432784
0.434313
0.434967
0.434801
0.433869
0.432221
0.429907
0.426984
0.423513
0.41956
0.415202
0.410526
0.405632
0.40063
0.395646
0.390816
0.386284
0.382202
0.378711
0.375939
0.373993
0.372959
0.372883
0.373776
0.375609
0.378313
0.381778
0.385856
0.390356
0.395053
0.399681
0.403945
0.407522
0.410062
0.411182
0.410457
0.407435
0.401645
0.392607
0.379833
0.362821
0.341059
0.314082
0.281576
0.243515
0.200244
0.152487
0.101285
0.0478806
-0.00638681
-0.0601747
-0.112203
-0.161298
-0.20642
-0.246675
-0.281324
-0.309778
-0.331606
-0.346491
-0.354242
-0.354874
-0.348594
-0.335706
-0.316511
-0.291575
-0.261599
-0.227416
-0.189974
-0.150271
-0.109313
-0.067997
-0.0272406
-0.245464
-0.260443
-0.285273
-0.325914
-0.382544
-0.447563
-0.511015
-0.5648
-0.603313
-0.622667
-0.620772
-0.597457
-0.554263
-0.493958
-0.420003
-0.336258
-0.246732
-0.155285
-0.065352
0.0202352
0.0993236
0.170397
0.232452
0.284826
0.327055
0.358774
0.379587
0.389056
0.386773
0.372484
0.346047
0.307423
0.257053
0.195734
0.124625
0.0452943
-0.0403543
-0.130209
-0.222089
-0.313875
-0.403631
-0.489676
-0.570607
-0.645276
-0.712751
-0.772291
-0.823317
-0.86537
-0.898198
-0.921723
-0.93617
-0.941744
-0.938864
-0.928154
-0.910354
-0.886272
-0.856773
-0.822771
-0.785244
-0.745233
-0.70382
-0.662082
-0.621037
-0.581605
-0.544577
-0.510607
-0.480193
-0.45368
-0.431256
-0.412935
-0.398514
-0.387533
-0.379312
-0.373041
-0.367849
-0.36283
-0.357026
-0.349417
-0.338954
-0.324637
-0.305629
-0.281365
-0.251638
-0.216627
-0.176917
-0.133526
-0.087642
-0.0405297
0.00648302
0.0524335
0.0965001
0.13802
0.176561
0.21189
0.243928
0.272716
0.298377
0.321083
0.341039
0.358459
0.373561
0.386552
0.397631
0.406981
0.414767
0.42114
0.426234
0.430167
0.433042
0.434948
0.435961
0.436148
0.435569
0.43428
0.432336
0.429796
0.42672
0.423177
0.41924
0.414992
0.410529
0.405953
0.401382
0.396941
0.392765
0.388994
0.385765
0.383199
0.381409
0.380483
0.380481
0.381425
0.383303
0.386062
0.389606
0.393797
0.398453
0.403348
0.408215
0.412753
0.416625
0.419461
0.420842
0.420298
0.417319
0.411371
0.401896
0.388311
0.370002
0.346354
0.316832
0.281134
0.239337
0.191966
0.13996
0.0845532
0.0271443
-0.030824
-0.0879484
-0.142919
-0.194553
-0.241812
-0.283814
-0.319833
-0.349293
-0.371774
-0.386968
-0.394685
-0.394956
-0.387973
-0.374059
-0.353489
-0.326815
-0.294735
-0.258093
-0.217868
-0.175114
-0.130915
-0.0862486
-0.0421606
-0.251256
-0.267504
-0.291311
-0.325633
-0.370254
-0.420306
-0.468712
-0.509246
-0.537428
-0.550255
-0.545971
-0.52416
-0.485756
-0.432828
-0.368174
-0.294971
-0.216524
-0.136044
-0.0564463
0.0197965
0.0907237
0.154869
0.211182
0.258914
0.29751
0.326537
0.345589
0.354274
0.352239
0.339333
0.315504
0.280762
0.235536
0.180602
0.117047
0.046251
-0.0301703
-0.110455
-0.192791
-0.275401
-0.35661
-0.434896
-0.508924
-0.577553
-0.639837
-0.695008
-0.742467
-0.781766
-0.81269
-0.835157
-0.84938
-0.855556
-0.854068
-0.84545
-0.830319
-0.809373
-0.783392
-0.753251
-0.719909
-0.684386
-0.647717
-0.610921
-0.574961
-0.540725
-0.509017
-0.480541
-0.455886
-0.435512
-0.419723
-0.408604
-0.401953
-0.399274
-0.399854
-0.402856
-0.407329
-0.412165
-0.416055
-0.417512
-0.414985
-0.407022
-0.392442
-0.37047
-0.340828
-0.30374
-0.259947
-0.210854
-0.158179
-0.103724
-0.0490489
0.00450214
0.0557411
0.103803
0.148153
0.188527
0.224874
0.257294
0.285989
0.311214
0.333253
0.35239
0.368906
0.383062
0.395103
0.405248
0.413698
0.420629
0.426199
0.430545
0.433787
0.436029
0.437359
0.437854
0.437583
0.436605
0.434982
0.432772
0.430037
0.426842
0.423261
0.419372
0.415265
0.411037
0.406798
0.402666
0.398769
0.39524
0.392211
0.389805
0.388136
0.387299
0.387362
0.388363
0.390304
0.393148
0.396813
0.401174
0.406054
0.411231
0.41644
0.421374
0.425687
0.428982
0.4308
0.43062
0.427867
0.42193
0.412157
0.397853
0.378286
0.352734
0.320612
0.281666
0.236125
0.184731
0.128644
0.069285
0.00817819
-0.053161
-0.113295
-0.170901
-0.224798
-0.273958
-0.31751
-0.354743
-0.385096
-0.408157
-0.423629
-0.431322
-0.431283
-0.423687
-0.408874
-0.387092
-0.358879
-0.324921
-0.286065
-0.243307
-0.197742
-0.150523
-0.102694
-0.0554403
-0.254645
-0.27074
-0.292517
-0.321329
-0.356633
-0.395185
-0.432071
-0.462545
-0.482942
-0.490735
-0.484412
-0.463564
-0.428883
-0.381986
-0.325097
-0.26078
-0.191746
-0.120678
-0.0500627
0.0179406
0.0815579
0.139402
0.190424
0.233836
0.269039
0.29556
0.312992
0.320986
0.319251
0.307682
0.286294
0.255154
0.214658
0.165507
0.10868
0.0454064
-0.0228937
-0.0946894
-0.168416
-0.242541
-0.315613
-0.386298
-0.453392
-0.515845
-0.572759
-0.623397
-0.667189
-0.703731
-0.732735
-0.754137
-0.768067
-0.774688
-0.774318
-0.767395
-0.754459
-0.736155
-0.713237
-0.686551
-0.657011
-0.625566
-0.59317
-0.560766
-0.529274
-0.499584
-0.472552
-0.448981
-0.429602
-0.415039
-0.405746
-0.401897
-0.40333
-0.409598
-0.420063
-0.433896
-0.449974
-0.466779
-0.482401
-0.494679
-0.501452
-0.500806
-0.491257
-0.471875
-0.442347
-0.402915
-0.354465
-0.298926
-0.238467
-0.175312
-0.111445
-0.0488177
0.0109627
0.0667727
0.117935
0.164149
0.205406
0.241895
0.273928
0.301872
0.326114
0.347034
0.36499
0.380311
0.393295
0.404207
0.413283
0.42073
0.426732
0.431447
0.435011
0.437544
0.439145
0.439902
0.43989
0.439175
0.437821
0.435889
0.43344
0.430538
0.427254
0.423663
0.419848
0.415902
0.411927
0.408037
0.404353
0.401004
0.398119
0.395824
0.394235
0.393453
0.393561
0.394608
0.396615
0.399558
0.403373
0.407945
0.413107
0.418645
0.424294
0.429748
0.434648
0.438567
0.441001
0.441367
0.439016
0.433246
0.4233
0.408362
0.387572
0.360108
0.325365
0.283181
0.233979
0.178741
0.118848
0.0558785
-0.00855315
-0.0728903
-0.135683
-0.19561
-0.251496
-0.302324
-0.347236
-0.385536
-0.416674
-0.440249
-0.45597
-0.463649
-0.463354
-0.455234
-0.439644
-0.416811
-0.387254
-0.351648
-0.310832
-0.265811
-0.217709
-0.167735
-0.116988
-0.0667917
-0.255592
-0.270786
-0.290163
-0.314283
-0.342426
-0.372266
-0.400294
-0.422874
-0.43706
-0.440796
-0.43287
-0.41292
-0.381433
-0.33963
-0.289275
-0.232461
-0.171442
-0.108472
-0.0456756
0.0150624
0.0721479
0.124289
0.170471
0.209901
0.241964
0.266176
0.282138
0.289527
0.28811
0.277818
0.258703
0.230881
0.194729
0.15087
0.100158
0.0436681
-0.0173604
-0.0815836
-0.147622
-0.21412
-0.279791
-0.343449
-0.404022
-0.460565
-0.512262
-0.558439
-0.598585
-0.632311
-0.659263
-0.679374
-0.692696
-0.699366
-0.699656
-0.693962
-0.682791
-0.66676
-0.646574
-0.623011
-0.596888
-0.56905
-0.540361
-0.511702
-0.483978
-0.458111
-0.435047
-0.415729
-0.40108
-0.391937
-0.388934
-0.39238
-0.402259
-0.418326
-0.440097
-0.466652
-0.496429
-0.527167
-0.556091
-0.580271
-0.596996
-0.604028
-0.599718
-0.58308
-0.553794
-0.512067
-0.459036
-0.396853
-0.327923
-0.254949
-0.180617
-0.107564
-0.0379048
0.0268732
0.0858868
0.138777
0.185581
0.226601
0.262287
0.293151
0.319714
0.342474
0.361885
0.378357
0.392252
0.403888
0.413542
0.421456
0.427838
0.43287
0.436706
0.439479
0.441302
0.44227
0.442467
0.441964
0.440829
0.439122
0.436907
0.434246
0.431204
0.427854
0.424274
0.42055
0.41678
0.41307
0.409538
0.406311
0.403515
0.401278
0.399723
0.39896
0.399083
0.400158
0.402222
0.40527
0.409253
0.414069
0.419566
0.425536
0.431723
0.43782
0.443451
0.448157
0.451378
0.452458
0.450667
0.445202
0.43519
0.419687
0.397711
0.368353
0.33102
0.285686
0.233005
0.174208
0.110875
0.0447057
-0.0226331
-0.0895729
-0.154667
-0.216603
-0.274212
-0.326487
-0.372581
-0.411809
-0.443634
-0.467662
-0.483609
-0.491287
-0.490789
-0.482232
-0.465982
-0.442251
-0.41154
-0.374509
-0.331987
-0.284984
-0.23464
-0.182208
-0.128827
-0.0759582
-0.254914
-0.268829
-0.285769
-0.305858
-0.328322
-0.351379
-0.37246
-0.388824
-0.398149
-0.398766
-0.389676
-0.370552
-0.341741
-0.304202
-0.259357
-0.208926
-0.154779
-0.0988138
-0.0428449
0.0114813
0.0627388
0.109739
0.151517
0.187304
0.216487
0.238588
0.253221
0.260091
0.259005
0.249921
0.232914
0.208131
0.175938
0.136897
0.0917571
0.0414489
-0.012955
-0.0702886
-0.129343
-0.188917
-0.247861
-0.305105
-0.35968
-0.410732
-0.457519
-0.499432
-0.535995
-0.566802
-0.591527
-0.61011
-0.622554
-0.628991
-0.629678
-0.624981
-0.615369
-0.601395
-0.583676
-0.562881
-0.539718
-0.514933
-0.489317
-0.46371
-0.439016
-0.416215
-0.396364
-0.380591
-0.370054
-0.365845
-0.368823
-0.379538
-0.398318
-0.425265
-0.459962
-0.501082
-0.546193
-0.591969
-0.634703
-0.670844
-0.697353
-0.711865
-0.71271
-0.698932
-0.670217
-0.626808
-0.569915
-0.501413
-0.423982
-0.34082
-0.255356
-0.17095
-0.090358
-0.0155649
0.0522445
0.112598
0.165562
0.211558
0.251198
0.28517
0.314157
0.338796
0.359661
0.377255
0.392016
0.404321
0.414494
0.422812
0.429515
0.434805
0.438857
0.441816
0.443807
0.444936
0.445291
0.44495
0.443983
0.442453
0.440422
0.43795
0.435099
0.431938
0.428538
0.424982
0.42136
0.417774
0.414338
0.411175
0.408414
0.406184
0.404615
0.403829
0.403932
0.40501
0.407115
0.410264
0.414423
0.41951
0.425385
0.431856
0.438676
0.445534
0.452037
0.45768
0.461839
0.463778
0.462673
0.457618
0.447622
0.431619
0.408505
0.37731
0.337486
0.289184
0.233309
0.171331
0.105
0.0360904
-0.0337124
-0.102852
-0.169895
-0.233536
-0.292615
-0.346127
-0.393236
-0.433266
-0.465689
-0.490117
-0.506274
-0.513969
-0.51332
-0.504412
-0.487614
-0.463132
-0.431446
-0.393204
-0.349226
-0.300522
-0.24824
-0.193666
-0.137966
-0.0827287
-0.252864
-0.265338
-0.279938
-0.29656
-0.31444
-0.332169
-0.34783
-0.359347
-0.364892
-0.363109
-0.353182
-0.334836
-0.308339
-0.27445
-0.234318
-0.189357
-0.141128
-0.0912348
-0.0412347
0.00743482
0.053503
0.0958852
0.133681
0.166155
0.192716
0.212901
0.226344
0.232774
0.232027
0.224082
0.209029
0.187025
0.158424
0.123741
0.0836407
0.0389387
-0.00943336
-0.060464
-0.113102
-0.166294
-0.21902
-0.270321
-0.319323
-0.365243
-0.407408
-0.445254
-0.478313
-0.506199
-0.5287
-0.545722
-0.557251
-0.563413
-0.564438
-0.560644
-0.552431
-0.540265
-0.524664
-0.506196
-0.485473
-0.463158
-0.439977
-0.416737
-0.394342
-0.373835
-0.35641
-0.343403
-0.33625
-0.336338
-0.344837
-0.362749
-0.390975
-0.429937
-0.478954
-0.535794
-0.596802
-0.657574
-0.713709
-0.761293
-0.79714
-0.81884
-0.824741
-0.813922
-0.786151
-0.741794
-0.681897
-0.607873
-0.52272
-0.42988
-0.33339
-0.237346
-0.145261
-0.0597571
0.017557
0.0860074
0.145644
0.196995
0.240845
0.278077
0.30956
0.336094
0.358389
0.377058
0.392623
0.405528
0.416148
0.424801
0.431756
0.43724
0.441446
0.444534
0.446639
0.447876
0.448339
0.448111
0.447264
0.445863
0.443968
0.441637
0.43893
0.435909
0.432641
0.429202
0.425676
0.422162
0.418769
0.415618
0.412838
0.410563
0.408931
0.408076
0.408119
0.409165
0.411287
0.414522
0.418858
0.424232
0.430524
0.43756
0.445101
0.452833
0.460333
0.467041
0.472256
0.475155
0.474821
0.470243
0.460324
0.443881
0.419707
0.386788
0.344658
0.29367
0.234983
0.170286
0.101453
0.0302956
-0.0415171
-0.112454
-0.181101
-0.246159
-0.306466
-0.36102
-0.408991
-0.449708
-0.482651
-0.507437
-0.523795
-0.531537
-0.530783
-0.521611
-0.504373
-0.479277
-0.446785
-0.407536
-0.362345
-0.312215
-0.258301
-0.201912
-0.144228
-0.0869484
-0.249862
-0.260875
-0.273316
-0.286966
-0.301114
-0.314625
-0.326033
-0.33375
-0.336342
-0.332724
-0.322233
-0.304645
-0.280171
-0.249419
-0.213329
-0.173071
-0.129954
-0.0853408
-0.0405677
0.00311046
0.0445645
0.0828117
0.11702
0.1465
0.17069
0.189149
0.201533
0.207595
0.207194
0.200322
0.187076
0.167619
0.142282
0.111535
0.0759768
0.0363266
-0.00659848
-0.0519138
-0.0987
-0.146034
-0.193018
-0.238802
-0.282602
-0.323713
-0.361523
-0.395515
-0.425258
-0.450412
-0.470821
-0.486355
-0.497
-0.502861
-0.504124
-0.50105
-0.493968
-0.483264
-0.469371
-0.452771
-0.433989
-0.413609
-0.392284
-0.37077
-0.349969
-0.330984
-0.31515
-0.304029
-0.299363
-0.302885
-0.316249
-0.341218
-0.379363
-0.431148
-0.495126
-0.567813
-0.644398
-0.71973
-0.788966
-0.847901
-0.893134
-0.922103
-0.933078
-0.925183
-0.898381
-0.853212
-0.790618
-0.711928
-0.620163
-0.518665
-0.411873
-0.304538
-0.200964
-0.104506
-0.0173193
0.0596171
0.126267
0.183232
0.231464
0.272048
0.306054
0.334465
0.35814
0.377813
0.394102
0.407524
0.418508
0.427416
0.434548
0.440156
0.444451
0.447607
0.449771
0.451063
0.451585
0.451423
0.45065
0.449333
0.447531
0.445299
0.442693
0.439769
0.436589
0.433221
0.429746
0.426256
0.422857
0.419667
0.416815
0.414442
0.412694
0.411717
0.411653
0.412624
0.414728
0.418025
0.422528
0.4282
0.434944
0.442604
0.450948
0.459649
0.468242
0.4761
0.48244
0.486348
0.486816
0.482743
0.472942
0.456132
0.431019
0.396568
0.352416
0.299126
0.2381
0.171212
0.100414
0.0275176
-0.0458478
-0.118188
-0.188106
-0.254303
-0.315613
-0.37103
-0.419723
-0.461027
-0.494425
-0.519537
-0.536092
-0.543909
-0.543109
-0.533759
-0.516185
-0.490605
-0.457468
-0.417408
-0.371234
-0.319948
-0.264706
-0.20683
-0.147507
-0.0885278
-0.246178
-0.255771
-0.266254
-0.277357
-0.288442
-0.29858
-0.306631
-0.31137
-0.311674
-0.306677
-0.295847
-0.279004
-0.25632
-0.228293
-0.195698
-0.15951
-0.120832
-0.0808209
-0.0406303
-0.00135512
0.0360033
0.0705594
0.101551
0.128339
0.150397
0.167311
0.178761
0.184521
0.184471
0.178609
0.167035
0.149913
0.127549
0.100369
0.0689117
0.0338135
-0.00420524
-0.0443674
-0.0858649
-0.127886
-0.169637
-0.210366
-0.249376
-0.28604
-0.319809
-0.350223
-0.376881
-0.399493
-0.4179
-0.431971
-0.44169
-0.447135
-0.448452
-0.445851
-0.439603
-0.430025
-0.417479
-0.402362
-0.385112
-0.366217
-0.346242
-0.325874
-0.305996
-0.287759
-0.272614
-0.262344
-0.25901
-0.264793
-0.282141
-0.313859
-0.362054
-0.426783
-0.505534
-0.593728
-0.685813
-0.776089
-0.859159
-0.930274
-0.985572
-1.02217
-1.0382
-1.03288
-1.00643
-0.959708
-0.89402
-0.811008
-0.713348
-0.604142
-0.487998
-0.370129
-0.255537
-0.148331
-0.0512872
0.034221
0.107998
0.170671
0.223339
0.267282
0.30378
0.334004
0.358976
0.37956
0.396475
0.410315
0.42157
0.430644
0.437872
0.44353
0.447846
0.451008
0.453173
0.454469
0.455001
0.454859
0.454119
0.452846
0.451098
0.448927
0.446384
0.44352
0.44039
0.437055
0.43359
0.430081
0.426629
0.423349
0.420373
0.417845
0.415923
0.414769
0.41454
0.415385
0.417426
0.420752
0.425408
0.431383
0.438607
0.446938
0.456147
0.46588
0.475618
0.484657
0.492126
0.497028
0.498275
0.494697
0.485047
0.46797
0.442104
0.406408
0.360627
0.305522
0.242709
0.174205
0.102005
0.0278861
-0.0465767
-0.119931
-0.190796
-0.25787
-0.319974
-0.376092
-0.425389
-0.467197
-0.500999
-0.526414
-0.543176
-0.551104
-0.550318
-0.540872
-0.523062
-0.497122
-0.463493
-0.422807
-0.375874
-0.323695
-0.267423
-0.20839
-0.147778
-0.0874471
-0.242042
-0.250301
-0.259036
-0.267967
-0.276527
-0.283955
-0.28935
-0.291757
-0.290296
-0.28428
-0.273285
-0.25717
-0.236084
-0.210439
-0.180881
-0.148227
-0.11341
-0.0774193
-0.0412492
-0.00585688
0.0278714
0.059141
0.0872591
0.111637
0.131789
0.147329
0.157963
0.163482
0.163786
0.158875
0.14885
0.133869
0.114216
0.0902769
0.0625333
0.0315507
-0.00203569
-0.0375423
-0.0742585
-0.111468
-0.148472
-0.184603
-0.219241
-0.25183
-0.281881
-0.308973
-0.332734
-0.352935
-0.369398
-0.382009
-0.390746
-0.395662
-0.396871
-0.394544
-0.388901
-0.380199
-0.368728
-0.354801
-0.338757
-0.320979
-0.301923
-0.282192
-0.262617
-0.244339
-0.228871
-0.218181
-0.214673
-0.221199
-0.24141
-0.279264
-0.33708
-0.414244
-0.507413
-0.611467
-0.720226
-0.827025
-0.925415
-1.00977
-1.07564
-1.11989
-1.14062
-1.13725
-1.11024
-1.06099
-0.991488
-0.903827
-0.800335
-0.683971
-0.559319
-0.431815
-0.306989
-0.18962
-0.0831065
0.0107356
0.0914934
0.159774
0.216786
0.263994
0.302878
0.334801
0.360951
0.382326
0.399749
0.413897
0.425319
0.434465
0.441702
0.447331
0.451598
0.454704
0.456814
0.458062
0.458558
0.458394
0.457648
0.456383
0.454654
0.452512
0.450001
0.447165
0.444052
0.440717
0.437226
0.433659
0.43011
0.426692
0.423537
0.420797
0.418639
0.417241
0.416784
0.417442
0.419368
0.422684
0.427469
0.433743
0.44146
0.450489
0.46059
0.471369
0.482241
0.492421
0.500955
0.506772
0.508723
0.505603
0.496142
0.478944
0.452595
0.416053
0.369149
0.312812
0.248829
0.179322
0.106292
0.0314674
-0.043644
-0.117633
-0.189131
-0.256829
-0.319531
-0.376206
-0.426006
-0.468257
-0.502431
-0.528146
-0.545131
-0.553212
-0.552503
-0.543043
-0.525096
-0.498916
-0.464941
-0.42381
-0.376334
-0.323516
-0.266509
-0.206642
-0.145091
-0.0837582
-0.237639
-0.244667
-0.251858
-0.258935
-0.265408
-0.270646
-0.27393
-0.27451
-0.271696
-0.264944
-0.25392
-0.238519
-0.21887
-0.195322
-0.168418
-0.138846
-0.1074
-0.0749273
-0.0422886
-0.0103199
0.0201951
0.0485455
0.0741051
0.0963368
0.114794
0.12912
0.139046
0.144384
0.145044
0.141031
0.132441
0.119427
0.102248
0.0812565
0.0568826
0.0296292
5.7707e-05
-0.0312298
-0.0636082
-0.096447
-0.129129
-0.161062
-0.191699
-0.220543
-0.247155
-0.271146
-0.2922
-0.310117
-0.324716
-0.335894
-0.343626
-0.347946
-0.348943
-0.346752
-0.341549
-0.333536
-0.322933
-0.309967
-0.294879
-0.277933
-0.259466
-0.239955
-0.220108
-0.200958
-0.183987
-0.171298
-0.165739
-0.171216
-0.192927
-0.235896
-0.302444
-0.391469
-0.499576
-0.621243
-0.74882
-0.873848
-0.98839
-1.08591
-1.16172
-1.2128
-1.23755
-1.2356
-1.20757
-1.15546
-1.08171
-0.988909
-0.879385
-0.756153
-0.623692
-0.487488
-0.353407
-0.226759
-0.111498
-0.0098755
0.0774496
0.151023
0.212131
0.262393
0.303478
0.336932
0.364102
0.386121
0.403919
0.418251
0.429729
0.438846
0.446003
0.451524
0.455672
0.458659
0.460657
0.461808
0.462224
0.462
0.461211
0.459922
0.458184
0.456043
0.453538
0.450705
0.447584
0.444221
0.440675
0.437013
0.433326
0.429721
0.426334
0.42332
0.420859
0.419147
0.41839
0.418791
0.420539
0.423794
0.42867
0.435219
0.443415
0.453129
0.464096
0.47587
0.487795
0.499007
0.50848
0.515079
0.517619
0.514904
0.505686
0.488572
0.462112
0.425243
0.377839
0.32094
0.256456
0.186576
0.113293
0.0382706
-0.0370505
-0.111307
-0.183141
-0.25123
-0.314355
-0.371459
-0.421676
-0.46432
-0.498852
-0.524875
-0.542114
-0.550393
-0.549828
-0.540438
-0.522451
-0.496145
-0.461969
-0.420567
-0.372761
-0.319556
-0.2621
-0.201719
-0.139574
-0.0775838
-0.23311
-0.239021
-0.244854
-0.250354
-0.255096
-0.258559
-0.260164
-0.259317
-0.255474
-0.248209
-0.237261
-0.222554
-0.204205
-0.182513
-0.157937
-0.131062
-0.102566
-0.0731776
-0.043642
-0.0146909
0.0129836
0.0387473
0.0620364
0.0823635
0.0993209
0.112583
0.121904
0.127113
0.128133
0.124968
0.117712
0.106508
0.0915935
0.0732872
0.0519756
0.0281063
0.0021764
-0.0252827
-0.0537201
-0.0825805
-0.111319
-0.139414
-0.166379
-0.191774
-0.215203
-0.236313
-0.254852
-0.270612
-0.283432
-0.293219
-0.299944
-0.303628
-0.304336
-0.302176
-0.297284
-0.289813
-0.279918
-0.267751
-0.25345
-0.237161
-0.219068
-0.199453
-0.178784
-0.157849
-0.137993
-0.12144
-0.111731
-0.11425
-0.135873
-0.182666
-0.257008
-0.358053
-0.483001
-0.624768
-0.772855
-0.916405
-1.04603
-1.15486
-1.23864
-1.2951
-1.32312
-1.32249
-1.29385
-1.2395
-1.1617
-1.06381
-0.948383
-0.818689
-0.679147
-0.535245
-0.393049
-0.25825
-0.135249
-0.0266851
0.0665379
0.144881
0.209675
0.262667
0.305686
0.340445
0.368442
0.390936
0.408959
0.423344
0.434761
0.443747
0.450733
0.456067
0.460026
0.462832
0.464667
0.465674
0.465969
0.465647
0.464785
0.463445
0.461674
0.459513
0.456993
0.454144
0.450995
0.447585
0.443956
0.44017
0.436306
0.432469
0.428793
0.42544
0.422603
0.420497
0.419356
0.419417
0.420907
0.424027
0.428929
0.435696
0.444314
0.454644
0.466386
0.479037
0.491872
0.503959
0.514198
0.521407
0.524397
0.522027
0.513136
0.496381
0.470288
0.433734
0.386564
0.329849
0.265567
0.19595
0.122975
0.0482493
-0.0268571
-0.101025
-0.172912
-0.241182
-0.30458
-0.362017
-0.412596
-0.455604
-0.490483
-0.516825
-0.534347
-0.542877
-0.542523
-0.53329
-0.515359
-0.489044
-0.454807
-0.413309
-0.365382
-0.312036
-0.254412
-0.193828
-0.131427
-0.0691143
-0.228568
-0.233474
-0.238121
-0.242279
-0.245585
-0.247606
-0.247872
-0.245912
-0.241297
-0.233693
-0.222898
-0.208863
-0.191695
-0.171652
-0.149127
-0.124621
-0.0987128
-0.0720317
-0.0452251
-0.0189332
0.00623312
0.0297094
0.0509897
0.0696339
0.0852722
0.0976082
0.106419
0.111549
0.112931
0.110572
0.104557
0.0950228
0.0821851
0.0663318
0.0478097
0.0270179
0.00439709
-0.0195832
-0.0444369
-0.0696745
-0.0948154
-0.119399
-0.142996
-0.165215
-0.185699
-0.204145
-0.220331
-0.234057
-0.245183
-0.253627
-0.259353
-0.262373
-0.262736
-0.260524
-0.255842
-0.248802
-0.23951
-0.228049
-0.214468
-0.198777
-0.180955
-0.160983
-0.138943
-0.115242
-0.090998
-0.06865
-0.0527919
-0.0505088
-0.0703871
-0.119796
-0.201349
-0.315718
-0.46014
-0.623748
-0.792227
-0.952428
-1.09427
-1.21144
-1.30079
-1.36106
-1.39173
-1.39269
-1.36442
-1.30882
-1.22794
-1.1257
-1.00507
-0.869639
-0.723927
-0.573459
-0.424437
-0.28281
-0.15331
-0.0388879
0.0593392
0.141741
0.209665
0.264951
0.309562
0.345352
0.373951
0.396732
0.41482
0.429121
0.440359
0.449112
0.455841
0.460911
0.464614
0.467184
0.468804
0.469624
0.469761
0.469311
0.468349
0.466934
0.465111
0.462914
0.460366
0.457489
0.454302
0.450828
0.447098
0.44316
0.439084
0.434969
0.430946
0.427185
0.423888
0.421295
0.419667
0.41928
0.420402
0.423279
0.428102
0.434982
0.443913
0.454738
0.467112
0.480473
0.494036
0.506807
0.517621
0.52525
0.528538
0.526455
0.518003
0.50195
0.476802
0.441318
0.39521
0.339484
0.276127
0.207398
0.13527
0.0613039
-0.0131875
-0.0869291
-0.158597
-0.22684
-0.29037
-0.348061
-0.398975
-0.442354
-0.477603
-0.504287
-0.522127
-0.530957
-0.530884
-0.521897
-0.504124
-0.477917
-0.443763
-0.402342
-0.354502
-0.301253
-0.243735
-0.18325
-0.120916
-0.0586031
-0.224098
-0.228107
-0.231723
-0.234741
-0.236853
-0.2377
-0.2369
-0.234076
-0.228889
-0.221081
-0.210497
-0.197108
-0.181016
-0.162446
-0.141735
-0.119313
-0.0956803
-0.0713796
-0.0469743
-0.023025
-7.0695e-05
0.021387
0.0408956
0.0580591
0.0725434
0.0840801
0.092467
0.0975643
0.0993141
0.0977208
0.0928666
0.0848767
0.0739485
0.0603416
0.0443674
0.0263815
0.00677488
-0.0140371
-0.0356256
-0.0575588
-0.0794126
-0.100781
-0.121286
-0.140577
-0.158335
-0.174312
-0.188294
-0.200106
-0.209626
-0.216777
-0.221522
-0.223864
-0.22384
-0.221514
-0.216968
-0.210288
-0.201546
-0.190776
-0.177937
-0.162876
-0.145295
-0.124764
-0.100861
-0.0735073
-0.0435705
-0.0139012
0.00961602
0.018306
0.00156496
-0.0494689
-0.138141
-0.26796
-0.433716
-0.618858
-0.805338
-0.978715
-1.12934
-1.25208
-1.34505
-1.40794
-1.44078
-1.4435
-1.41629
-1.36046
-1.27778
-1.17237
-1.04758
-0.907432
-0.756647
-0.600879
-0.446448
-0.299469
-0.164891
-0.0458799
0.0562802
0.141876
0.212253
0.269311
0.315111
0.351617
0.38057
0.403438
0.421428
0.435509
0.446454
0.454877
0.461264
0.466
0.469387
0.471666
0.473028
0.473622
0.473569
0.472964
0.47188
0.470374
0.468487
0.466244
0.463662
0.460753
0.457521
0.453975
0.450131
0.44602
0.4417
0.43726
0.432829
0.428578
0.424723
0.421526
0.419281
0.418305
0.418916
0.421406
0.426006
0.432855
0.441946
0.453101
0.465932
0.479827
0.493943
0.507206
0.518385
0.526228
0.52966
0.527811
0.519927
0.504965
0.481417
0.447842
0.403697
0.349807
0.288101
0.22086
0.150073
0.0772921
0.00378579
-0.0692193
-0.140419
-0.208444
-0.271964
-0.329812
-0.381007
-0.424755
-0.460419
-0.487525
-0.505767
-0.514982
-0.515275
-0.50663
-0.489122
-0.463144
-0.42922
-0.388049
-0.340499
-0.287582
-0.230432
-0.17033
-0.108372
-0.0463597
-0.219767
-0.222979
-0.2257
-0.227751
-0.228871
-0.228762
-0.227112
-0.22362
-0.21802
-0.210111
-0.199778
-0.187009
-0.171899
-0.154647
-0.135545
-0.114964
-0.093336
-0.0711311
-0.0488401
-0.0269543
-0.00594887
0.0137311
0.0316816
0.0475478
0.0610288
0.0718823
0.079926
0.0850346
0.0871553
0.0862946
0.0825279
0.0759713
0.066804
0.0552603
0.0416195
0.0261985
0.00934453
-0.00857508
-0.0271815
-0.0460939
-0.0649383
-0.0833575
-0.101016
-0.117602
-0.132842
-0.146521
-0.158443
-0.168457
-0.176455
-0.182365
-0.186151
-0.187811
-0.187371
-0.184885
-0.180426
-0.17407
-0.165872
-0.155825
-0.143793
-0.129432
-0.112119
-0.0909609
-0.0649797
-0.0335739
0.00260588
0.040147
0.0720547
0.088295
0.0756504
0.0240433
-0.0721933
-0.219097
-0.405771
-0.609599
-0.809979
-0.992652
-1.14915
-1.27552
-1.37088
-1.43567
-1.47031
-1.47473
-1.44889
-1.39353
-1.31008
-1.20262
-1.07481
-0.931077
-0.776433
-0.616732
-0.458402
-0.307649
-0.169528
-0.0473236
0.0575785
0.145399
0.217468
0.275715
0.32226
0.359145
0.388192
0.410946
0.428677
0.442408
0.452953
0.460958
0.46693
0.471269
0.474287
0.476231
0.477296
0.477633
0.477363
0.476582
0.47536
0.473752
0.471793
0.469502
0.466888
0.46395
0.460676
0.457058
0.453091
0.44879
0.444195
0.439382
0.43447
0.429633
0.425102
0.421164
0.418151
0.416429
0.416368
0.418309
0.422526
0.429178
0.438264
0.449582
0.462702
0.476922
0.491394
0.50498
0.516361
0.524227
0.527609
0.525951
0.518764
0.505292
0.484018
0.453225
0.41198
0.360791
0.301453
0.236264
0.16726
0.0960375
0.0238469
-0.0481376
-0.118642
-0.186287
-0.249691
-0.307639
-0.35908
-0.403182
-0.439286
-0.46688
-0.485624
-0.495343
-0.496113
-0.487925
-0.470803
-0.445187
-0.411643
-0.370888
-0.323829
-0.271462
-0.214925
-0.155473
-0.0941745
-0.0327421
-0.215624
-0.218133
-0.22008
-0.221311
-0.221605
-0.220716
-0.21839
-0.214386
-0.208496
-0.200565
-0.190509
-0.178331
-0.16412
-0.148052
-0.130381
-0.11143
-0.0915718
-0.0712147
-0.0507866
-0.0307182
-0.0114282
0.00668896
0.0232736
0.0380083
0.0506229
0.0608993
0.0686733
0.0738331
0.0763306
0.0761734
0.0734302
0.0682086
0.0606708
0.0510281
0.0395307
0.0264614
0.0121281
-0.00314399
-0.0190203
-0.0351645
-0.051247
-0.0669539
-0.0819859
-0.0960697
-0.10898
-0.120516
-0.130511
-0.138835
-0.145392
-0.150115
-0.152969
-0.153949
-0.153077
-0.150405
-0.146004
-0.139952
-0.132295
-0.122988
-0.111805
-0.0982346
-0.0813708
-0.0599094
-0.0323541
0.00246368
0.0441277
0.088821
0.129028
0.153287
0.145356
0.0943996
-0.00991671
-0.173191
-0.377361
-0.594908
-0.804434
-0.992968
-1.15326
-1.28215
-1.37931
-1.44562
-1.48176
-1.48761
-1.46309
-1.4085
-1.32491
-1.21624
-1.08643
-0.940232
-0.782987
-0.620773
-0.460108
-0.307214
-0.167141
-0.0431941
0.0632037
0.152231
0.225194
0.284019
0.33085
0.367773
0.396659
0.419104
0.436428
0.449693
0.459747
0.467258
0.472754
0.476643
0.479249
0.480822
0.48156
0.481615
0.481109
0.480136
0.478767
0.477052
0.475021
0.472687
0.470051
0.467094
0.463789
0.460104
0.456014
0.451509
0.446608
0.441365
0.435892
0.430367
0.425038
0.420227
0.416311
0.413708
0.412838
0.414092
0.417782
0.424089
0.433015
0.444322
0.457522
0.471932
0.486602
0.500368
0.511831
0.519583
0.522713
0.521105
0.514714
0.503059
0.484664
0.457475
0.420042
0.372411
0.316143
0.25353
0.186689
0.117327
0.046711
-0.0240218
-0.0936327
-0.160749
-0.223953
-0.282046
-0.333786
-0.378318
-0.414937
-0.443097
-0.462426
-0.472717
-0.474017
-0.466351
-0.449724
-0.424601
-0.391591
-0.351392
-0.305021
-0.2534
-0.197695
-0.139134
-0.0787479
-0.018148
-0.211705
-0.213596
-0.214874
-0.21541
-0.215017
-0.213491
-0.210628
-0.206236
-0.200152
-0.192259
-0.182497
-0.170879
-0.157491
-0.142489
-0.126097
-0.108592
-0.0902991
-0.0715736
-0.0527884
-0.0343208
-0.0165395
0.000206617
0.0155977
0.0293503
0.0412226
0.0510184
0.0585903
0.0638383
0.0667187
0.0672398
0.0654639
0.0614904
0.0554659
0.0475804
0.0380583
0.0271513
0.0151328
0.00229039
-0.0110799
-0.024681
-0.038223
-0.051427
-0.0640283
-0.0757979
-0.0865386
-0.0960749
-0.104265
-0.110999
-0.116191
-0.119782
-0.121737
-0.122049
-0.120741
-0.117863
-0.113487
-0.107687
-0.100499
-0.091864
-0.0815405
-0.0689762
-0.0531614
-0.0325453
-0.0051224
0.0309993
0.0758837
0.125947
0.173728
0.205626
0.202773
0.153512
0.0420993
-0.133239
-0.348654
-0.573671
-0.787667
-0.979262
-1.14202
-1.273
-1.37191
-1.43967
-1.477
-1.48381
-1.46032
-1.40647
-1.32301
-1.21373
-1.08278
-0.935195
-0.776607
-0.613323
-0.4519
-0.298496
-0.158054
-0.0338029
0.0728566
0.162085
0.235152
0.293957
0.340632
0.377267
0.405755
0.427719
0.444507
0.457209
0.466698
0.473659
0.478631
0.482035
0.484198
0.485374
0.485763
0.48552
0.484766
0.483593
0.482073
0.480251
0.478156
0.475794
0.473151
0.470193
0.466873
0.463134
0.458924
0.454204
0.448961
0.443235
0.43713
0.430835
0.424627
0.418866
0.413978
0.410426
0.408679
0.409166
0.412232
0.418089
0.426718
0.437852
0.451009
0.465491
0.480303
0.494164
0.505553
0.513019
0.515753
0.51401
0.50839
0.498715
0.48362
0.460702
0.427898
0.384636
0.332109
0.272558
0.208193
0.140914
0.0720165
0.00266698
-0.0659681
-0.132481
-0.195465
-0.253597
-0.305646
-0.350657
-0.38786
-0.416666
-0.436656
-0.447591
-0.449503
-0.442465
-0.426484
-0.402028
-0.369705
-0.330271
-0.284688
-0.233975
-0.179267
-0.1218
-0.0625435
-0.00300773
-0.20804
-0.209388
-0.210089
-0.210035
-0.209069
-0.207023
-0.203733
-0.19905
-0.192846
-0.185032
-0.175572
-0.164486
-0.151853
-0.137815
-0.122566
-0.106349
-0.0894446
-0.0721628
-0.0548284
-0.0377715
-0.0213163
-0.00577097
0.00858062
0.0214858
0.0327281
0.0421313
0.0495629
0.0549337
0.0582043
0.0593831
0.0585266
0.0557257
0.0511127
0.0448584
0.0371634
0.0282519
0.018366
0.00776023
-0.00330311
-0.014561
-0.025757
-0.0366431
-0.0469924
-0.0566119
-0.0653277
-0.0729936
-0.0794922
-0.0847296
-0.0886328
-0.0911484
-0.0922437
-0.0919088
-0.0901582
-0.0870306
-0.0825831
-0.0768793
-0.0699729
-0.0618805
-0.0525191
-0.0415531
-0.0281309
-0.0105763
0.0137635
0.0477692
0.0924539
0.145416
0.199194
0.237185
0.239664
0.192975
0.0789482
-0.100463
-0.318858
-0.544583
-0.758562
-0.950683
-1.11479
-1.24768
-1.34859
-1.41809
-1.45669
-1.46437
-1.44183
-1.38868
-1.30556
-1.19616
-1.06486
-0.916926
-0.758219
-0.595291
-0.434643
-0.282305
-0.142999
-0.0197984
0.0859696
0.174463
0.246907
0.305144
0.351261
0.387322
0.415208
0.436548
0.4527
0.464771
0.473644
0.480017
0.484439
0.487336
0.48904
0.489807
0.489838
0.489288
0.48828
0.486906
0.485236
0.483316
0.48117
0.478798
0.47617
0.473234
0.469919
0.466142
0.461815
0.456866
0.451259
0.44502
0.438257
0.431178
0.424092
0.417396
0.411557
0.40708
0.404468
0.404184
0.406604
0.41194
0.420171
0.431066
0.44415
0.458671
0.473562
0.487416
0.498587
0.5056
0.507802
0.505816
0.500772
0.493015
0.481348
0.463104
0.435567
0.397401
0.349264
0.293224
0.231571
0.166506
0.0993007
0.0313939
-0.0361799
-0.102009
-0.164688
-0.222845
-0.275219
-0.32076
-0.358628
-0.388172
-0.408913
-0.420582
-0.4232
-0.416888
-0.401672
-0.378017
-0.346554
-0.308065
-0.26349
-0.213857
-0.160289
-0.10402
-0.0460315
0.0122167
-0.204651
-0.205523
-0.205731
-0.205179
-0.203735
-0.201263
-0.197637
-0.192738
-0.186468
-0.178764
-0.169606
-0.159019
-0.147079
-0.133912
-0.119688
-0.10462
-0.0889513
-0.0729495
-0.056898
-0.0410848
-0.0257945
-0.0112986
0.00215124
0.0143299
0.0250435
0.0341339
0.0414814
0.0470065
0.0506738
0.0524924
0.0525128
0.0508177
0.0475259
0.042791
0.0367919
0.0297277
0.0218127
0.013272
0.00433835
-0.00475426
-0.0137753
-0.0225079
-0.0307633
-0.038373
-0.0451917
-0.0511024
-0.0560105
-0.05984
-0.0625294
-0.0640291
-0.0643003
-0.0633172
-0.0610688
-0.057564
-0.0528401
-0.0469799
-0.0401429
-0.0325915
-0.0246415
-0.0164227
-0.00739763
0.00428539
0.0221413
0.0502748
0.091176
0.144225
0.200885
0.241681
0.249017
0.206664
0.0985494
-0.0740634
-0.286144
-0.506207
-0.715973
-0.906131
-1.07042
-1.20502
-1.30851
-1.38062
-1.42125
-1.43051
-1.40934
-1.35702
-1.27449
-1.16545
-1.03452
-0.887191
-0.729398
-0.568196
-0.409748
-0.259915
-0.123092
-0.00214005
0.10173
0.188681
0.259878
0.317084
0.362312
0.397566
0.424694
0.445307
0.460759
0.472158
0.480392
0.486166
0.490031
0.492419
0.493662
0.49402
0.493692
0.492837
0.491577
0.490006
0.488194
0.48619
0.484012
0.481648
0.479055
0.476161
0.472869
0.469061
0.46462
0.459445
0.453484
0.446758
0.439385
0.431591
0.423713
0.416182
0.409499
0.4042
0.400816
0.399835
0.401657
0.40648
0.41434
0.425026
0.438042
0.452594
0.46753
0.481309
0.492168
0.498616
0.500181
0.4978
0.493081
0.486955
0.478472
0.464903
0.442975
0.410499
0.367392
0.315326
0.256556
0.193681
0.128321
0.0617957
-0.00474122
-0.069931
-0.132349
-0.190585
-0.243331
-0.289461
-0.328063
-0.358421
-0.38001
-0.392517
-0.395943
-0.390455
-0.376105
-0.353364
-0.322877
-0.28544
-0.241993
-0.193568
-0.141295
-0.0863437
-0.0297565
0.0270127
-0.201519
-0.201977
-0.201761
-0.200785
-0.198935
-0.196113
-0.192223
-0.187174
-0.180887
-0.173318
-0.16446
-0.154346
-0.143045
-0.130671
-0.117373
-0.103335
-0.0887683
-0.0739049
-0.0589898
-0.044274
-0.030006
-0.0164247
-0.00375277
0.0078089
0.0180862
0.0269364
0.0342519
0.039961
0.0440332
0.0464787
0.0473418
0.046696
0.044648
0.0413352
0.0369171
0.0315699
0.0254824
0.0188534
0.0118912
0.0048081
-0.00218983
-0.00891853
-0.0152164
-0.0209411
-0.0259784
-0.0302386
-0.0336503
-0.0361533
-0.037692
-0.0382093
-0.0376454
-0.0359427
-0.0330569
-0.0289791
-0.023772
-0.0176262
-0.0109322
-0.00433313
0.0013541
0.00548652
0.0083115
0.0119438
0.0207774
0.0402634
0.0748917
0.125544
0.181216
0.220575
0.2285
0.193216
0.101284
-0.0527402
-0.249046
-0.458058
-0.660126
-0.846539
-1.0104
-1.1469
-1.25339
-1.32876
-1.37214
-1.38351
-1.36388
-1.31272
-1.23143
-1.12365
-0.994138
-0.848507
-0.692988
-0.534442
-0.379262
-0.233004
-0.0997789
0.0179535
0.119125
0.203901
0.273371
0.329197
0.37329
0.407576
0.433845
0.453675
0.468401
0.479121
0.486722
0.491909
0.495233
0.497128
0.497926
0.497887
0.497214
0.496063
0.494558
0.4928
0.490861
0.488788
0.48659
0.484246
0.481699
0.478855
0.475588
0.471756
0.467214
0.461846
0.455588
0.448459
0.440585
0.43221
0.423692
0.415489
0.40813
0.402175
0.398178
0.396649
0.397989
0.402436
0.41005
0.420617
0.433637
0.448266
0.463246
0.476908
0.487395
0.493241
0.494136
0.491274
0.486667
0.481654
0.475714
0.466325
0.449893
0.423437
0.385948
0.338404
0.282837
0.222301
0.158705
0.0934365
0.0277685
-0.0369308
-0.0992181
-0.157648
-0.210861
-0.257665
-0.297077
-0.328325
-0.350846
-0.364281
-0.368613
-0.36403
-0.350628
-0.32888
-0.299443
-0.263124
-0.220869
-0.173714
-0.122781
-0.0691994
-0.0141363
0.0411722
-0.198755
-0.198853
-0.198288
-0.196949
-0.194739
-0.191607
-0.187495
-0.182329
-0.176048
-0.168624
-0.160059
-0.150387
-0.139675
-0.128022
-0.11556
-0.102448
-0.0888682
-0.0750193
-0.061113
-0.0473663
-0.0339955
-0.0212099
-0.00920628
0.00183597
0.0117596
0.0204349
0.0277645
0.0336818
0.0381626
0.0412218
0.0428967
0.0432501
0.0423777
0.0404022
0.0374653
0.0337221
0.0293372
0.0244843
0.0193525
0.0141401
0.00902925
0.00417726
-0.000277252
-0.00422149
-0.0075703
-0.0102593
-0.0122362
-0.0134497
-0.0138406
-0.0133366
-0.0118572
-0.00932961
-0.00571928
-0.0010711
0.00444165
0.0104623
0.0163802
0.0212703
0.0239649
0.023433
0.0196514
0.0148481
0.0140175
0.0239637
0.0513732
0.0963017
0.147981
0.181627
0.184918
0.157839
0.0898527
-0.0354365
-0.207524
-0.399642
-0.591489
-0.772479
-0.935072
-1.07342
-1.18355
-1.26302
-1.31007
-1.32431
-1.30687
-1.2576
-1.17831
-1.07274
-0.945785
-0.803196
-0.651297
-0.496732
-0.34577
-0.203819
-0.074803
0.039092
0.137014
0.219194
0.286623
0.340849
0.383665
0.416898
0.442268
0.461306
0.475318
0.485387
0.49239
0.497027
0.499848
0.501285
0.50167
0.501263
0.500265
0.498834
0.497103
0.495178
0.493126
0.490988
0.488771
0.486443
0.483932
0.481128
0.477885
0.47404
0.469432
0.463929
0.457462
0.450049
0.441825
0.433044
0.424081
0.415415
0.407594
0.401198
0.396802
0.394935
0.396003
0.400278
0.407826
0.418433
0.431579
0.446346
0.461368
0.474866
0.484953
0.490238
0.490549
0.487236
0.482566
0.478052
0.473747
0.467565
0.455977
0.435463
0.404013
0.361572
0.30987
0.25196
0.190062
0.125855
0.0607976
-0.00366427
-0.0660455
-0.124858
-0.17869
-0.226288
-0.266606
-0.298823
-0.322343
-0.33678
-0.342096
-0.338464
-0.326059
-0.305347
-0.276991
-0.241811
-0.200758
-0.154874
-0.105255
-0.0530377
0.000457368
0.0542849
-0.196095
-0.195899
-0.195073
-0.193462
-0.190979
-0.187614
-0.183336
-0.178088
-0.171832
-0.164556
-0.156272
-0.147014
-0.136844
-0.12585
-0.114149
-0.101876
-0.0891874
-0.0762527
-0.0632525
-0.0503722
-0.0377979
-0.0257109
-0.0142844
-0.00367839
0.00596432
0.0145258
0.0219178
0.0280781
0.0329866
0.0366613
0.0391289
0.0404436
0.0406915
0.0399817
0.0384396
0.0362009
0.0334081
0.0302107
0.0267865
0.0233239
0.0199832
0.0169038
0.014203
0.0119684
0.0102609
0.00912202
0.00858531
0.00868714
0.00947472
0.0110055
0.0133348
0.0164887
0.020426
0.0250003
0.0299384
0.034829
0.039068
0.0417444
0.0415889
0.0372625
0.0283026
0.016633
0.00757973
0.00929899
0.0292765
0.0682402
0.112694
0.136857
0.133482
0.112838
0.0700163
-0.0194122
-0.160364
-0.331436
-0.51111
-0.685999
-0.847236
-0.987793
-1.10221
-1.18664
-1.23839
-1.25653
-1.2422
-1.19575
-1.11933
-1.01686
-0.893389
-0.754783
-0.60739
-0.457696
-0.311709
-0.174555
-0.0500129
0.0597775
0.154217
0.233606
0.298857
0.351402
0.392902
0.425076
0.449567
0.467851
0.481201
0.490678
0.497144
0.501293
0.50367
0.504702
0.504722
0.503986
0.502694
0.501018
0.499095
0.497017
0.494854
0.492646
0.490395
0.488064
0.485572
0.482795
0.479576
0.475735
0.471098
0.465528
0.458952
0.451395
0.442993
0.434009
0.424827
0.415937
0.4079
0.401313
0.396766
0.394803
0.395847
0.400183
0.407871
0.418688
0.432063
0.446992
0.462003
0.475262
0.484919
0.489713
0.489602
0.485973
0.48107
0.476578
0.47297
0.468723
0.460794
0.445618
0.420381
0.383684
0.33679
0.281972
0.221864
0.158552
0.0938048
0.0292512
-0.03353
-0.0929856
-0.147645
-0.196196
-0.237539
-0.27081
-0.295389
-0.310876
-0.317158
-0.31456
-0.303171
-0.283493
-0.256204
-0.222134
-0.182244
-0.137576
-0.0891848
-0.0382614
0.0137501
0.0661363
-0.194002
-0.193506
-0.192372
-0.190425
-0.187671
-0.184133
-0.179754
-0.17447
-0.168262
-0.161139
-0.153122
-0.144248
-0.134575
-0.124185
-0.113179
-0.101676
-0.0898056
-0.0777118
-0.0655442
-0.0534573
-0.0416065
-0.0301453
-0.0192234
-0.00898452
0.000439921
0.00894127
0.0164361
0.0228768
0.0282494
0.0325655
0.0358321
0.0380983
0.0394413
0.039958
0.0397602
0.0389628
0.0376778
0.0360456
0.0342461
0.0324545
0.03082
0.0294691
0.0284979
0.0279674
0.0279042
0.0283076
0.0291605
0.0304435
0.0321454
0.0342647
0.0367982
0.0397147
0.042923
0.046253
0.049471
0.0523081
0.0544112
0.0551332
0.0532365
0.0469967
0.035292
0.0195342
0.00534531
0.0018775
0.0167644
0.0508793
0.0876497
0.101112
0.0900937
0.0736845
0.0517254
-0.00112655
-0.10651
-0.25406
-0.421265
-0.590812
-0.75153
-0.895042
-1.01457
-1.1049
-1.16236
-1.18547
-1.1752
-1.13241
-1.0596
-0.960893
-0.841496
-0.707377
-0.564886
-0.420343
-0.279526
-0.147287
-0.0271875
0.0786638
0.169651
0.246244
0.309345
0.360262
0.400509
0.431694
0.45538
0.472991
0.485764
0.494735
0.500753
0.504497
0.506507
0.507207
0.506924
0.505914
0.504391
0.502523
0.500431
0.498212
0.495942
0.493658
0.491365
0.48902
0.486534
0.483775
0.480572
0.47674
0.472104
0.466527
0.459943
0.452378
0.443974
0.434992
0.42582
0.41695
0.408953
0.402429
0.397975
0.39616
0.397408
0.402011
0.41001
0.421147
0.434779
0.449808
0.464688
0.477579
0.486743
0.491095
0.490711
0.486918
0.481767
0.477047
0.473354
0.469741
0.463898
0.452772
0.433369
0.403165
0.362258
0.311511
0.253599
0.19112
0.126341
0.0612668
-0.00231887
-0.0627525
-0.118497
-0.16819
-0.210691
-0.245105
-0.270796
-0.287366
-0.294708
-0.293073
-0.282659
-0.263969
-0.237689
-0.204653
-0.165839
-0.122282
-0.0749952
-0.0252012
0.0255651
0.0765702
-0.191988
-0.191633
-0.190313
-0.187889
-0.184706
-0.180903
-0.176379
-0.171042
-0.16488
-0.157913
-0.150165
-0.141671
-0.132489
-0.122691
-0.112368
-0.101615
-0.090542
-0.0792614
-0.067892
-0.0565558
-0.0453772
-0.0344823
-0.0239985
-0.0140556
-0.00478054
0.00372451
0.0113783
0.0181482
0.0240215
0.0289774
0.0330279
0.0362186
0.0386157
0.0403065
0.0413963
0.041983
0.0421569
0.0420572
0.0418202
0.0416069
0.0415804
0.041857
0.0424979
0.0435119
0.0448582
0.0464579
0.0482141
0.0500344
0.0518492
0.0536197
0.0553311
0.05697
0.0584904
0.0597999
0.0608051
0.0614845
0.0618167
0.0614128
0.0590133
0.0525352
0.0403708
0.0237098
0.00848727
0.00393669
0.0174315
0.0489873
0.0797889
0.0853904
0.0686477
0.05282
0.0432118
0.0182373
-0.0487733
-0.168005
-0.322065
-0.488868
-0.652306
-0.801177
-0.927318
-1.02456
-1.08859
-1.11744
-1.11185
-1.07322
-1.0044
-0.909708
-0.794515
-0.664878
-0.527142
-0.387498
-0.251525
-0.123839
-0.00782332
0.0944951
0.182416
0.256424
0.317467
0.366947
0.406091
0.436419
0.459425
0.476481
0.488791
0.497369
0.503044
0.506487
0.508227
0.508685
0.508191
0.506999
0.505318
0.503305
0.501087
0.49877
0.496425
0.494092
0.491768
0.489407
0.486911
0.484144
0.480935
0.477103
0.47248
0.46694
0.460421
0.452955
0.444683
0.435868
0.426891
0.418247
0.410506
0.404262
0.40009
0.398632
0.400255
0.405254
0.413644
0.425109
0.438926
0.453912
0.468481
0.480849
0.489437
0.493363
0.492803
0.488984
0.483711
0.478625
0.474404
0.470443
0.465133
0.456168
0.441018
0.417119
0.383024
0.338378
0.284107
0.223069
0.158174
0.0921307
0.027191
-0.0347168
-0.0919258
-0.143018
-0.186834
-0.222476
-0.249315
-0.26697
-0.275348
-0.274668
-0.265152
-0.247368
-0.222003
-0.189888
-0.152012
-0.109415
-0.0630741
-0.0141442
0.0357807
0.0855233
-0.189183
-0.189519
-0.188606
-0.186085
-0.182635
-0.178564
-0.173824
-0.16836
-0.162182
-0.155316
-0.147786
-0.139627
-0.130889
-0.121633
-0.11193
-0.101853
-0.0914841
-0.0809077
-0.0702132
-0.0594945
-0.0488507
-0.038388
-0.0282219
-0.0184786
-0.00929578
-0.000754153
0.00707838
0.0141809
0.0205109
0.0260384
0.0307887
0.0347968
0.0381198
0.0408431
0.0430538
0.0448182
0.0462375
0.0474346
0.0485409
0.0496708
0.0509484
0.0524565
0.0542152
0.0561837
0.0582663
0.0603271
0.062214
0.0637897
0.0649626
0.0657088
0.0660758
0.0661543
0.0660136
0.0656476
0.0650343
0.0642941
0.0636208
0.0627206
0.0602855
0.0543294
0.0433996
0.0286419
0.0158672
0.0137419
0.0290203
0.0596225
0.0866934
0.0888025
0.0697872
0.0520332
0.0433913
0.0310368
-0.00620853
-0.0891123
-0.220576
-0.381307
-0.550069
-0.708946
-0.845516
-0.951914
-1.02353
-1.05851
-1.05764
-1.02305
-0.958097
-0.8672
-0.755859
-0.630225
-0.496646
-0.361221
-0.229379
-0.105559
0.00700346
0.106362
0.191812
0.263727
0.322819
0.371135
0.409404
0.439069
0.461564
0.478216
0.490205
0.498525
0.503994
0.507268
0.508871
0.509215
0.508632
0.50735
0.505595
0.503522
0.501262
0.498912
0.496543
0.494188
0.491841
0.489451
0.48692
0.484113
0.480867
0.47701
0.47239
0.466893
0.460467
0.453151
0.445084
0.436524
0.427848
0.419539
0.412162
0.406305
0.402508
0.401521
0.403583
0.408996
0.417744
0.42945
0.443313
0.458091
0.472194
0.483935
0.49192
0.495456
0.494791
0.491025
0.485712
0.480302
0.475499
0.470736
0.464883
0.456229
0.442913
0.423012
0.394533
0.356396
0.308101
0.250725
0.18718
0.120862
0.0546249
-0.00906863
-0.0681733
-0.12106
-0.166483
-0.203532
-0.231602
-0.250356
-0.259722
-0.259947
-0.251153
-0.23414
-0.209551
-0.178196
-0.141062
-0.0992204
-0.0536658
-0.00534123
0.0443003
0.0931586
-0.186957
-0.186175
-0.18486
-0.182522
-0.179397
-0.175535
-0.170937
-0.165637
-0.159669
-0.153056
-0.145822
-0.138003
-0.129647
-0.120807
-0.11154
-0.101907
-0.0919725
-0.0818048
-0.0714776
-0.0610707
-0.0506716
-0.0403768
-0.0302956
-0.0205714
-0.0113996
-0.00282605
0.00503576
0.012214
0.0187207
0.0245343
0.0296589
0.0341167
0.0379574
0.0412784
0.0442051
0.0467456
0.048776
0.0504343
0.0520172
0.0537039
0.0556021
0.0577645
0.0601701
0.0627144
0.0652211
0.0674697
0.0692392
0.0703631
0.0707774
0.0705442
0.0698387
0.0688921
0.0678843
0.0668457
0.0657048
0.0644814
0.0632888
0.0619004
0.0593024
0.0539086
0.0446937
0.0329437
0.0240354
0.0261602
0.0439337
0.0736696
0.0977422
0.0986179
0.0801368
0.0601365
0.0471418
0.0340164
0.00451287
-0.0558301
-0.155482
-0.293435
-0.456253
-0.621652
-0.769852
-0.887923
-0.969137
-1.01139
-1.01568
-0.985367
-0.924301
-0.836874
-0.72881
-0.606397
-0.476018
-0.343741
-0.214919
-0.0938883
0.0162179
0.113502
0.197241
0.267695
0.325741
0.37293
0.410591
0.439812
0.461988
0.478412
0.490248
0.498475
0.503893
0.507144
0.508738
0.50908
0.508484
0.507228
0.505499
0.503455
0.501219
0.498887
0.496525
0.494163
0.491792
0.489359
0.48677
0.483894
0.48058
0.476672
0.472031
0.466556
0.46021
0.453032
0.445166
0.436864
0.428492
0.420517
0.413499
0.40805
0.40481
0.404075
0.406466
0.412183
0.421152
0.432939
0.446685
0.461116
0.474674
0.485788
0.493239
0.496487
0.495806
0.492161
0.486874
0.481162
0.475583
0.470104
0.463423
0.454264
0.441116
0.42253
0.396684
0.361816
0.317588
0.264684
0.204982
0.141118
0.0757781
0.0117587
-0.0484272
-0.102753
-0.149697
-0.188191
-0.217554
-0.237439
-0.247768
-0.248686
-0.240796
-0.224555
-0.200695
-0.17001
-0.133476
-0.0922463
-0.0474222
0.000481221
0.0507891
0.100007
-0.193802
-0.1904
-0.185963
-0.182181
-0.178473
-0.174246
-0.169396
-0.163974
-0.157994
-0.151444
-0.144324
-0.136661
-0.12849
-0.119856
-0.110805
-0.101391
-0.0916688
-0.081702
-0.071558
-0.0613118
-0.0510464
-0.0408514
-0.0308287
-0.0210996
-0.0118029
-0.00321187
0.00467217
0.0118662
0.0183873
0.0242288
0.0293973
0.0339212
0.0378544
0.0412951
0.0443726
0.0472103
0.0498486
0.0521602
0.0542063
0.056258
0.0584604
0.0608489
0.0633826
0.0659384
0.0683277
0.070331
0.071745
0.0724333
0.0723662
0.0716394
0.0704595
0.0690874
0.067736
0.0664759
0.0652629
0.0640722
0.0628833
0.0613447
0.0584944
0.0530872
0.0445883
0.0346672
0.0282587
0.0335363
0.0527123
0.0811022
0.102656
0.102405
0.0848476
0.0653371
0.0504905
0.0330973
-0.000549912
-0.060577
-0.149585
-0.27028
-0.418329
-0.575625
-0.722107
-0.843065
-0.929999
-0.979422
-0.991463
-0.967189
-0.909507
-0.824443
-0.718294
-0.597541
-0.468649
-0.337721
-0.210117
-0.0901479
0.0190661
0.115619
0.198783
0.268783
0.326494
0.373242
0.410461
0.439486
0.461532
0.477861
0.489664
0.497907
0.503376
0.506699
0.508376
0.508802
0.508294
0.507109
0.505432
0.503424
0.501216
0.498903
0.49655
0.494186
0.491801
0.489344
0.486719
0.483801
0.480441
0.476489
0.471813
0.46632
0.45998
0.452843
0.445059
0.436881
0.428675
0.420902
0.414111
0.408895
0.405831
0.405341
0.4079
0.413718
0.422701
0.434387
0.447896
0.461959
0.475067
0.485743
0.492878
0.496011
0.49542
0.49199
0.48692
0.481311
0.475763
0.470193
0.463657
0.454471
0.441104
0.421788
0.39498
0.359736
0.316111
0.264876
0.207578
0.146088
0.0826496
0.0199219
-0.0395023
-0.093507
-0.140473
-0.179245
-0.209079
-0.229588
-0.240714
-0.242629
-0.235815
-0.2204
-0.197078
-0.166809
-0.130579
-0.0896005
-0.0450566
0.00307151
0.0552251
0.106206
0.372637
0.365929
0.357474
0.34647
0.329109
0.302097
0.261813
0.208166
0.147311
0.0899802
0.0469854
0.0270619
0.0330798
0.0647352
0.113459
0.167684
0.216838
0.253175
0.272478
0.273797
0.258365
0.226325
0.182539
0.112911
0.0763262
0.37124
0.36502
0.356979
0.34529
0.327659
0.300272
0.259497
0.205257
0.143799
0.0863341
0.0438854
0.025068
0.0324336
0.0647904
0.113908
0.168415
0.217868
0.25436
0.273724
0.275049
0.259555
0.227589
0.183375
0.11514
0.0593175
0.368699
0.363248
0.356295
0.345469
0.327738
0.299475
0.256861
0.200568
0.138005
0.0805387
0.0389527
0.020931
0.0298822
0.0633664
0.11324
0.168186
0.217867
0.254365
0.273633
0.274832
0.259222
0.22719
0.182823
0.114464
0.0581307
0.366366
0.361604
0.356016
0.34615
0.328247
0.29838
0.253009
0.194243
0.130757
0.0736877
0.0330811
0.0162825
0.0263492
0.0610664
0.111764
0.167298
0.217157
0.253578
0.272684
0.273732
0.258033
0.22598
0.181586
0.113304
0.0579524
0.364527
0.360305
0.356096
0.347349
0.328833
0.296484
0.248018
0.187093
0.122985
0.0663551
0.0266617
0.0110556
0.0222879
0.0581273
0.109751
0.165862
0.215905
0.252267
0.271236
0.272173
0.256441
0.224425
0.180116
0.112013
0.0578068
0.363093
0.359252
0.356088
0.348245
0.328868
0.293839
0.242487
0.179786
0.115203
0.0589444
0.0200983
0.00561911
0.0179888
0.0549399
0.107429
0.164047
0.214233
0.250514
0.269344
0.270184
0.254448
0.222509
0.178362
0.110502
0.0574859
0.361356
0.35785
0.355232
0.347807
0.327554
0.290287
0.236654
0.172647
0.107796
0.0519272
0.0138853
0.000463991
0.0138813
0.051823
0.105028
0.162016
0.212253
0.248403
0.267079
0.267838
0.252134
0.220316
0.176402
0.108866
0.0570313
0.358327
0.355221
0.352749
0.345238
0.324254
0.285557
0.230554
0.165904
0.101123
0.0457636
0.00851753
-0.00394049
0.0103688
0.0490901
0.102781
0.159935
0.210078
0.246013
0.264501
0.265182
0.249541
0.21789
0.174275
0.107158
0.0564715
0.353097
0.350505
0.348009
0.340204
0.318744
0.279536
0.224236
0.159738
0.0954725
0.0408321
0.00441953
-0.00717396
0.00782172
0.0470359
0.100909
0.157964
0.207823
0.243426
0.261669
0.262265
0.246707
0.215265
0.172008
0.105403
0.0558276
0.345247
0.343304
0.340818
0.332761
0.311172
0.272304
0.217771
0.154277
0.0910683
0.0374422
0.00194973
-0.00887885
0.00656063
0.0459211
0.0996162
0.156256
0.205598
0.240722
0.258647
0.259134
0.243673
0.212474
0.169624
0.103615
0.0551126
0.334933
0.333726
0.331359
0.323236
0.30194
0.264114
0.211274
0.149628
0.0880872
0.0358396
0.00139115
-0.00877361
0.00684195
0.0459601
0.0990751
0.154948
0.203507
0.237981
0.255496
0.255841
0.240477
0.209548
0.167145
0.101808
0.054338
0.322672
0.322221
0.320093
0.312145
0.291595
0.255378
0.204951
0.145911
0.0866573
0.0361889
0.00293654
-0.00663854
0.0088521
0.0473143
0.0994258
0.154154
0.201644
0.235278
0.252277
0.252435
0.237159
0.206518
0.164594
0.0999947
0.0535145
0.309056
0.309366
0.307613
0.300109
0.280741
0.246608
0.199109
0.143271
0.0868624
0.038569
0.00667641
-0.00243142
0.0126982
0.0500888
0.10077
0.15397
0.200089
0.232682
0.249047
0.248962
0.233758
0.203414
0.161991
0.0981859
0.052652
0.294567
0.295696
0.294507
0.287742
0.269958
0.238327
0.194116
0.141891
0.0887636
0.0429882
0.0126085
0.00388494
0.0184067
0.0543341
0.103173
0.154465
0.198909
0.230252
0.24586
0.245468
0.230309
0.200266
0.159357
0.0963924
0.0517596
0.279519
0.281613
0.281257
0.275566
0.259737
0.230985
0.190339
0.141982
0.0924222
0.0494132
0.0206614
0.0122501
0.0259385
0.0600523
0.106665
0.155683
0.198155
0.228041
0.242765
0.241995
0.226848
0.1971
0.156711
0.0946239
0.0508453
0.264075
0.267386
0.268206
0.263961
0.250441
0.224913
0.188083
0.143749
0.0979082
0.057799
0.0307292
0.0225579
0.0352164
0.0672094
0.111245
0.157649
0.197864
0.226091
0.239803
0.238583
0.223407
0.193941
0.154071
0.0928891
0.0499164
0.2483
0.25318
0.255573
0.253167
0.242295
0.220307
0.187538
0.147351
0.105286
0.0681067
0.0427049
0.034689
0.0461434
0.0757478
0.116889
0.160365
0.19806
0.224438
0.237014
0.235266
0.220015
0.190811
0.151453
0.0911962
0.0489791
0.232209
0.239083
0.243485
0.243312
0.235403
0.217234
0.188763
0.15285
0.114585
0.0802982
0.0564937
0.0485282
0.0586132
0.0855919
0.123552
0.163816
0.19875
0.223106
0.234429
0.232074
0.216698
0.187732
0.148872
0.0895525
0.0480384
0.215808
0.225143
0.232008
0.234454
0.229786
0.215661
0.191693
0.160193
0.125756
0.0943069
0.071998
0.0639588
0.0725092
0.0966472
0.131164
0.167966
0.199933
0.222113
0.232072
0.229033
0.213478
0.184721
0.146341
0.0879647
0.0470981
0.199113
0.211391
0.221173
0.226607
0.225418
0.215491
0.196174
0.169211
0.138653
0.109999
0.0890831
0.08084
0.0876904
0.108793
0.139636
0.172765
0.201593
0.221466
0.229963
0.226164
0.210375
0.181794
0.143872
0.0864391
0.0461609
0.18217
0.197858
0.210996
0.219771
0.222257
0.216609
0.202001
0.179654
0.153025
0.127149
0.107545
0.0989784
0.103972
0.121873
0.148853
0.178147
0.203706
0.221167
0.228114
0.223483
0.207403
0.178962
0.141473
0.0849811
0.045228
0.165049
0.184592
0.201493
0.213935
0.220265
0.218905
0.208968
0.19123
0.168549
0.145445
0.127099
0.118115
0.121119
0.135701
0.158682
0.184033
0.206237
0.221208
0.226531
0.221
0.204575
0.176237
0.139154
0.0835962
0.0442995
0.14784
0.17166
0.19269
0.209092
0.219406
0.222293
0.216891
0.203652
0.184872
0.164519
0.147396
0.137935
0.13886
0.150061
0.168975
0.190338
0.209148
0.221578
0.225216
0.218724
0.201898
0.173627
0.13692
0.082289
0.0433745
0.130651
0.159142
0.184628
0.205241
0.219652
0.22671
0.225638
0.216684
0.201663
0.183993
0.168058
0.158094
0.156898
0.16473
0.179585
0.196978
0.212397
0.222261
0.224165
0.216655
0.199379
0.171138
0.134778
0.0810639
0.042451
0.113608
0.147135
0.177359
0.202392
0.220986
0.232119
0.235128
0.230162
0.218662
0.203535
0.188731
0.178259
0.174971
0.179501
0.190377
0.203874
0.215941
0.223236
0.223372
0.214795
0.19702
0.168773
0.13273
0.0799251
0.0415262
0.0968522
0.135746
0.170947
0.200563
0.223392
0.238492
0.245315
0.243992
0.235699
0.222906
0.209137
0.198159
0.192851
0.194201
0.201237
0.210952
0.219738
0.224479
0.222823
0.213139
0.194821
0.166535
0.130781
0.0788771
0.0405986
0.0805549
0.125105
0.165478
0.199792
0.226871
0.245818
0.256185
0.258139
0.252692
0.241963
0.229093
0.2176
0.210367
0.208695
0.212073
0.218151
0.223746
0.225965
0.222506
0.211681
0.192783
0.164426
0.128933
0.0779218
0.0396713
0.0656839
0.115809
0.161232
0.200077
0.23117
0.253637
0.267123
0.271858
0.268768
0.259721
0.247547
0.235541
0.22657
0.222191
0.222285
0.225065
0.227728
0.227591
0.222414
0.210477
0.190996
0.162542
0.127276
0.0770995
0.0387925
0.052293
0.107807
0.158085
0.201244
0.236087
0.261763
0.277997
0.28509
0.283936
0.276233
0.264569
0.252046
0.241505
0.234703
0.231856
0.23165
0.231626
0.229296
0.222494
0.209487
0.189426
0.160859
0.125786
0.0764066
0.0379402
0.0397875
0.100741
0.155895
0.203347
0.241862
0.270613
0.289392
0.298575
0.299061
0.292445
0.281128
0.268047
0.256006
0.246919
0.241296
0.238241
0.235623
0.231145
0.222727
0.208637
0.187976
0.159277
0.124376
0.0758009
0.0370713
0.0283699
0.0947377
0.154734
0.206417
0.248494
0.280163
0.301287
0.31231
0.314165
0.308392
0.297262
0.283569
0.270082
0.258833
0.250592
0.24482
0.239699
0.233122
0.2231
0.207919
0.186642
0.157792
0.123047
0.0752828
0.0361922
0.018236
0.089908
0.154653
0.210464
0.255959
0.290373
0.313642
0.326278
0.329258
0.324107
0.313006
0.298644
0.283748
0.270447
0.259733
0.251367
0.243835
0.235209
0.223601
0.207326
0.185417
0.156402
0.121799
0.0748515
0.0353102
0.00958785
0.0863667
0.1557
0.215488
0.264233
0.301204
0.326421
0.340457
0.34434
0.339608
0.328391
0.313298
0.297023
0.281766
0.268707
0.257867
0.248011
0.237388
0.224217
0.206849
0.184297
0.155103
0.120631
0.0745062
0.0344341
0.00261735
0.0842204
0.157917
0.221488
0.273285
0.312615
0.339581
0.354816
0.359401
0.354905
0.343438
0.327555
0.309921
0.292793
0.277506
0.264302
0.252209
0.239644
0.224934
0.206478
0.183275
0.153893
0.119544
0.0742455
0.0335738
-0.00250797
0.0835572
0.16133
0.228444
0.283072
0.324552
0.353068
0.369312
0.374417
0.369995
0.358159
0.34143
0.322454
0.303527
0.286118
0.270656
0.256409
0.241958
0.225738
0.206203
0.182346
0.152767
0.118538
0.0740684
0.0327398
-0.00565412
0.0844401
0.165945
0.236321
0.293536
0.336949
0.36682
0.383893
0.389352
0.384863
0.372553
0.35493
0.334623
0.313964
0.294531
0.276911
0.260592
0.244313
0.226618
0.206015
0.181501
0.151721
0.117614
0.0739736
0.0319422
-0.00672878
0.0869024
0.171746
0.245066
0.304606
0.34973
0.380764
0.398497
0.404163
0.399481
0.386609
0.368051
0.346427
0.324097
0.302729
0.283048
0.26474
0.246693
0.227558
0.205904
0.180736
0.150754
0.116772
0.0739602
0.0311898
-0.00568821
0.0909432
0.178694
0.25461
0.316198
0.362809
0.394821
0.413055
0.418795
0.413814
0.400305
0.38078
0.357855
0.333913
0.310697
0.28905
0.268833
0.24908
0.228546
0.20586
0.180043
0.149863
0.116015
0.0740271
0.0304891
-0.00254206
0.0965242
0.186722
0.264863
0.328212
0.376091
0.408903
0.427493
0.433189
0.427818
0.413613
0.393098
0.368893
0.343397
0.318417
0.294897
0.272853
0.251458
0.229567
0.205872
0.179416
0.149046
0.115345
0.074173
0.0298433
0.00264422
0.103568
0.195738
0.275718
0.340539
0.389471
0.422914
0.441729
0.44728
0.441445
0.426497
0.404981
0.37952
0.352531
0.325872
0.30057
0.276783
0.253811
0.230609
0.20593
0.17885
0.148304
0.114764
0.074396
0.0292519
0.00974942
0.111958
0.205622
0.28705
0.353056
0.402835
0.436757
0.455679
0.460998
0.454639
0.438918
0.4164
0.389717
0.361297
0.333041
0.30605
0.280603
0.256123
0.231659
0.206025
0.178339
0.147637
0.114274
0.074694
0.0287106
0.0185988
0.121539
0.216231
0.298722
0.365633
0.416066
0.450326
0.469254
0.474272
0.467347
0.450834
0.427324
0.399457
0.369674
0.339907
0.31132
0.284299
0.258379
0.232703
0.206146
0.17788
0.147047
0.113878
0.0750636
0.0282115
0.0289683
0.132122
0.227395
0.310579
0.378133
0.429041
0.463516
0.482365
0.487028
0.47951
0.462202
0.437721
0.408718
0.377641
0.34645
0.316362
0.287854
0.260566
0.233728
0.206285
0.177472
0.146537
0.113577
0.0755008
0.0277442
0.0405914
0.143486
0.238926
0.322457
0.390413
0.441638
0.476222
0.494925
0.499196
0.491071
0.472979
0.447558
0.417473
0.385178
0.352654
0.321161
0.291254
0.262668
0.234723
0.206435
0.177111
0.14611
0.113371
0.0759998
0.0272976
0.0531677
0.155387
0.250619
0.334186
0.402329
0.453733
0.488338
0.506845
0.510703
0.501976
0.483121
0.456804
0.425699
0.392266
0.358502
0.325701
0.294485
0.264675
0.235677
0.206589
0.176799
0.145768
0.113261
0.0765533
0.0268619
0.0663741
0.167559
0.262257
0.34559
0.413738
0.465207
0.499765
0.518044
0.521485
0.512171
0.49259
0.465429
0.433373
0.398887
0.363979
0.329971
0.297536
0.266574
0.236581
0.206743
0.176537
0.145513
0.113244
0.0771517
0.0264312
0.0798778
0.179726
0.273619
0.356495
0.424501
0.475945
0.510409
0.528444
0.531479
0.52161
0.501349
0.473406
0.440476
0.405027
0.369074
0.333959
0.300396
0.268355
0.237428
0.206894
0.176325
0.145345
0.113316
0.0777837
0.0260067
0.0933517
0.191608
0.284482
0.36673
0.434486
0.48584
0.520182
0.537976
0.54063
0.530247
0.509365
0.480711
0.44699
0.410673
0.373776
0.337658
0.303056
0.270011
0.238212
0.207042
0.176167
0.145262
0.113473
0.0784353
0.0255989
0.106479
0.20293
0.294631
0.376132
0.443567
0.494795
0.529006
0.546577
0.548889
0.538049
0.516611
0.487325
0.452903
0.415816
0.378079
0.34106
0.30551
0.271536
0.238933
0.20719
0.176065
0.145262
0.113708
0.0790902
0.0252291
0.118759
0.213426
0.303864
0.384551
0.451632
0.502722
0.536815
0.554197
0.556217
0.544984
0.523069
0.493236
0.458207
0.420451
0.381978
0.344159
0.30775
0.272926
0.239593
0.207345
0.176025
0.145344
0.11401
0.0797305
0.0249284
0.129949
0.222842
0.31199
0.391849
0.458578
0.509544
0.54355
0.560792
0.562585
0.551034
0.528724
0.498436
0.462898
0.424574
0.38547
0.346948
0.309769
0.274183
0.240201
0.20752
0.176059
0.145506
0.114367
0.0803385
0.0247365
0.139798
0.230925
0.318844
0.397906
0.464317
0.515199
0.549168
0.566331
0.56797
0.556184
0.53357
0.502923
0.466974
0.428183
0.388545
0.349416
0.311565
0.275315
0.24078
0.207745
0.176186
0.145751
0.114761
0.0808971
0.024702
0.148088
0.237535
0.32423
0.402616
0.468772
0.519634
0.553636
0.570796
0.572364
0.560432
0.537608
0.506699
0.47043
0.431263
0.391187
0.351555
0.313145
0.276348
0.241366
0.208055
0.176426
0.146071
0.115168
0.0813836
0.0248644
0.154659
0.242478
0.328048
0.405903
0.471878
0.522809
0.556925
0.574164
0.575746
0.563753
0.540802
0.509709
0.473206
0.433756
0.393344
0.353317
0.314477
0.277273
0.24197
0.208464
0.176778
0.146453
0.115568
0.0817757
0.0251852
0.159427
0.245606
0.330206
0.407645
0.473544
0.524657
0.558994
0.576417
0.578116
0.566159
0.543165
0.511964
0.475298
0.435638
0.394982
0.354677
0.315552
0.27809
0.242586
0.208954
0.177221
0.146886
0.115972
0.0821293
0.0255616
0.16214
0.246551
0.330425
0.407751
0.47378
0.5251
0.559645
0.577255
0.579117
0.5673
0.544428
0.51333
0.476704
0.437031
0.396364
0.356018
0.31678
0.279155
0.243477
0.209689
0.177842
0.14742
0.11645
0.0827062
0.0264916
0.161566
0.244053
0.328037
0.405978
0.472414
0.523861
0.558496
0.57621
0.57822
0.566614
0.544033
0.513309
0.477177
0.437989
0.397606
0.357391
0.31814
0.280383
0.244505
0.210473
0.178413
0.147829
0.116854
0.0834856
0.0321827
)
;

boundaryField
{
    inlet
    {
        type            zeroGradient;
    }
    outlet
    {
        type            fixedValue;
        value           uniform 0;
    }
    upperWall
    {
        type            zeroGradient;
    }
    lowerWall
    {
        type            zeroGradient;
    }
    frontAndBack
    {
        type            empty;
    }
}


// ************************************************************************* //
