/*--------------------------------*- C++ -*----------------------------------*\
| =========                 |                                                 |
| \\      /  F ield         | OpenFOAM: The Open Source CFD Toolbox           |
|  \\    /   O peration     | Version:  2406                                  |
|   \\  /    A nd           | Website:  www.openfoam.com                      |
|    \\/     M anipulation  |                                                 |
\*---------------------------------------------------------------------------*/
FoamFile
{
    version     2.0;
    format      ascii;
    arch        "LSB;label=32;scalar=64";
    class       surfaceScalarField;
    location    "1.88";
    object      phi;
}
// * * * * * * * * * * * * * * * * * * * * * * * * * * * * * * * * * * * * * //

dimensions      [0 3 -1 0 0 0 0];

oriented        oriented;

internalField   nonuniform List<scalar> 
24170
(
1.22289e-06
4.71084e-08
1.17064e-06
5.22472e-08
1.12595e-06
4.46956e-08
1.08818e-06
3.77647e-08
1.05602e-06
3.21637e-08
1.02851e-06
2.751e-08
1.00465e-06
2.38583e-08
9.83464e-07
2.11885e-08
9.6422e-07
1.92432e-08
9.46417e-07
1.78033e-08
9.29658e-07
1.67596e-08
9.13592e-07
1.60652e-08
8.97885e-07
1.57069e-08
8.82195e-07
1.56903e-08
8.66137e-07
1.60581e-08
8.49388e-07
1.67486e-08
8.31092e-07
1.82967e-08
1.76138e-08
8.13478e-07
1.29785e-06
1.92578e-08
1.31681e-06
3.32872e-08
1.32658e-06
3.49285e-08
1.32995e-06
3.43878e-08
1.32865e-06
3.3473e-08
1.32419e-06
3.19653e-08
1.31789e-06
3.01604e-08
1.31062e-06
2.84594e-08
1.30286e-06
2.69966e-08
1.2949e-06
2.57654e-08
1.28689e-06
2.47711e-08
1.27891e-06
2.4048e-08
1.27097e-06
2.36427e-08
1.26305e-06
2.36099e-08
1.25508e-06
2.40256e-08
1.24686e-06
2.49694e-08
1.23854e-06
2.66223e-08
2.92238e-08
1.22693e-06
1.27759e-06
1.1666e-08
1.28632e-06
2.4555e-08
1.29386e-06
2.73888e-08
1.30078e-06
2.74705e-08
1.30698e-06
2.72727e-08
1.31226e-06
2.66853e-08
1.31668e-06
2.57381e-08
1.32041e-06
2.47341e-08
1.32355e-06
2.38537e-08
1.32618e-06
2.31349e-08
1.32836e-06
2.25945e-08
1.33014e-06
2.22715e-08
1.33156e-06
2.22196e-08
1.33267e-06
2.25012e-08
1.3335e-06
2.31937e-08
1.33407e-06
2.43952e-08
1.33444e-06
2.62521e-08
2.89106e-08
1.33476e-06
1.27375e-06
7.9187e-09
1.27919e-06
1.91126e-08
1.28364e-06
2.29359e-08
1.2875e-06
2.36162e-08
1.29114e-06
2.36304e-08
1.29455e-06
2.32766e-08
1.29772e-06
2.25679e-08
1.30072e-06
2.1731e-08
1.30361e-06
2.0961e-08
1.30642e-06
2.03305e-08
1.30915e-06
1.9866e-08
1.31182e-06
1.96013e-08
1.31446e-06
1.95799e-08
1.31711e-06
1.98493e-08
1.31984e-06
2.04605e-08
1.32277e-06
2.14658e-08
1.32609e-06
2.29299e-08
2.48311e-08
1.33017e-06
1.27214e-06
5.77379e-09
1.27632e-06
1.49333e-08
1.28022e-06
1.90435e-08
1.28362e-06
2.02109e-08
1.28681e-06
2.04424e-08
1.2898e-06
2.02911e-08
1.29255e-06
1.98146e-08
1.29512e-06
1.91635e-08
1.29757e-06
1.85121e-08
1.29994e-06
1.79535e-08
1.30228e-06
1.75258e-08
1.30463e-06
1.72586e-08
1.30702e-06
1.71844e-08
1.30954e-06
1.73334e-08
1.31227e-06
1.77294e-08
1.31535e-06
1.83834e-08
1.31898e-06
1.92995e-08
2.04011e-08
1.32341e-06
1.27138e-06
4.39661e-09
1.27457e-06
1.17396e-08
1.27795e-06
1.56627e-08
1.28106e-06
1.71035e-08
1.284e-06
1.74971e-08
1.28683e-06
1.74693e-08
1.2895e-06
1.71433e-08
1.29204e-06
1.66257e-08
1.29449e-06
1.60583e-08
1.29691e-06
1.55374e-08
1.29932e-06
1.51076e-08
1.30179e-06
1.4794e-08
1.30436e-06
1.46171e-08
1.3071e-06
1.45906e-08
1.31011e-06
1.47167e-08
1.31351e-06
1.49802e-08
1.31746e-06
1.53497e-08
1.57369e-08
1.32213e-06
1.27098e-06
3.41976e-09
1.27343e-06
9.28172e-09
1.27632e-06
1.27762e-08
1.27914e-06
1.42866e-08
1.28187e-06
1.4765e-08
1.28455e-06
1.47901e-08
1.28716e-06
1.45355e-08
1.28969e-06
1.40914e-08
1.29218e-06
1.35681e-08
1.29467e-06
1.30524e-08
1.29719e-06
1.25889e-08
1.29978e-06
1.21976e-08
1.30251e-06
1.18885e-08
1.30544e-06
1.16621e-08
1.30865e-06
1.15063e-08
1.31224e-06
1.13924e-08
1.31631e-06
1.12758e-08
1.10808e-08
1.32097e-06
1.27074e-06
2.67849e-09
1.27269e-06
7.33621e-09
1.27516e-06
1.03e-08
1.27773e-06
1.17208e-08
1.28029e-06
1.22078e-08
1.28284e-06
1.22383e-08
1.28537e-06
1.20045e-08
1.28787e-06
1.15911e-08
1.29036e-06
1.1082e-08
1.29286e-06
1.05487e-08
1.29542e-06
1.00311e-08
1.29807e-06
9.54464e-09
1.30087e-06
9.09157e-09
1.30386e-06
8.66413e-09
1.30713e-06
8.24284e-09
1.31073e-06
7.79494e-09
1.31473e-06
7.27341e-09
6.61819e-09
1.31919e-06
1.27059e-06
2.08544e-09
1.27219e-06
5.74075e-09
1.27434e-06
8.14958e-09
1.27668e-06
9.37627e-09
1.27909e-06
9.80577e-09
1.28152e-06
9.80438e-09
1.28397e-06
9.55471e-09
1.28642e-06
9.13741e-09
1.28889e-06
8.61675e-09
1.29139e-06
8.04826e-09
1.29395e-06
7.46489e-09
1.29662e-06
6.87796e-09
1.29943e-06
6.28508e-09
1.30242e-06
5.6742e-09
1.30564e-06
5.02355e-09
1.30913e-06
4.30225e-09
1.31293e-06
3.46976e-09
2.48424e-09
1.31707e-06
1.2705e-06
1.58969e-09
1.27185e-06
4.3872e-09
1.27375e-06
6.25213e-09
1.2759e-06
7.22204e-09
1.27817e-06
7.5405e-09
1.2805e-06
7.47519e-09
1.28287e-06
7.18298e-09
1.28527e-06
6.73714e-09
1.2877e-06
6.18729e-09
1.29017e-06
5.57453e-09
1.29271e-06
4.92394e-09
1.29535e-06
4.24304e-09
1.2981e-06
3.52688e-09
1.30102e-06
2.76211e-09
1.30411e-06
1.92824e-09
1.30741e-06
9.99449e-10
1.31094e-06
-5.76725e-11
-1.26654e-09
1.31469e-06
1.27043e-06
1.15989e-09
1.27161e-06
3.20293e-09
1.27332e-06
4.54681e-09
1.27532e-06
5.22535e-09
1.27746e-06
5.39353e-09
1.2797e-06
5.23928e-09
1.282e-06
4.88661e-09
1.28434e-06
4.39727e-09
1.28671e-06
3.80867e-09
1.28914e-06
3.14956e-09
1.29163e-06
2.43722e-09
1.29419e-06
1.67576e-09
1.29686e-06
8.59164e-10
1.29965e-06
-2.51929e-11
1.30257e-06
-9.94555e-10
1.30564e-06
-2.06855e-09
1.30885e-06
-3.27155e-09
-4.61295e-09
1.3122e-06
1.27038e-06
7.75423e-10
1.27145e-06
2.13726e-09
1.27301e-06
2.98433e-09
1.27488e-06
3.35487e-09
1.27693e-06
3.3471e-09
1.27908e-06
3.08638e-09
1.28131e-06
2.66246e-09
1.28358e-06
2.12222e-09
1.2859e-06
1.4919e-09
1.28826e-06
7.89819e-10
1.29067e-06
2.62913e-11
1.29314e-06
-7.9754e-10
1.29569e-06
-1.68787e-09
1.29832e-06
-2.65539e-09
1.30104e-06
-3.71348e-09
1.30385e-06
-4.87552e-09
1.30673e-06
-6.15768e-09
-7.55898e-09
1.30968e-06
1.27035e-06
4.218e-10
1.27134e-06
1.15319e-09
1.2728e-06
1.52481e-09
1.27457e-06
1.58163e-09
1.27653e-06
1.38342e-09
1.27861e-06
1.00599e-09
1.28077e-06
5.06017e-10
1.28298e-06
-8.63371e-11
1.28523e-06
-7.55641e-10
1.28751e-06
-1.4925e-09
1.28983e-06
-2.29269e-09
1.29219e-06
-3.15772e-09
1.29459e-06
-4.09363e-09
1.29705e-06
-5.10889e-09
1.29955e-06
-6.21288e-09
1.30209e-06
-7.41344e-09
1.30465e-06
-8.71987e-09
-1.01238e-08
1.30721e-06
1.27033e-06
8.80089e-11
1.27126e-06
2.22156e-10
1.27265e-06
1.35064e-10
1.27436e-06
-1.21267e-10
1.27626e-06
-5.15565e-10
1.27828e-06
-1.01313e-09
1.28037e-06
-1.58846e-09
1.28251e-06
-2.22892e-09
1.28469e-06
-2.92971e-09
1.28688e-06
-3.68943e-09
1.2891e-06
-4.50929e-09
1.29134e-06
-5.39319e-09
1.29359e-06
-6.34693e-09
1.29586e-06
-7.37685e-09
1.29813e-06
-8.48878e-09
1.30041e-06
-9.68601e-09
1.30266e-06
-1.09724e-08
-1.23346e-08
1.30487e-06
1.27032e-06
-2.35169e-10
1.27123e-06
-6.79667e-10
1.27257e-06
-1.214e-09
1.27423e-06
-1.77922e-09
1.27608e-06
-2.36814e-09
1.27805e-06
-2.98295e-09
1.28009e-06
-3.62795e-09
1.28217e-06
-4.3082e-09
1.28427e-06
-5.0293e-09
1.28638e-06
-5.79725e-09
1.28849e-06
-6.61827e-09
1.29059e-06
-7.49853e-09
1.29269e-06
-8.4437e-09
1.29477e-06
-9.45832e-09
1.29683e-06
-1.05454e-08
1.29885e-06
-1.17046e-08
1.30081e-06
-1.29359e-08
-1.42229e-08
1.3027e-06
1.27032e-06
-5.55796e-10
1.27122e-06
-1.57409e-09
1.27255e-06
-2.54971e-09
1.27419e-06
-3.41717e-09
1.27601e-06
-4.19318e-09
1.27795e-06
-4.91655e-09
1.27994e-06
-5.62105e-09
1.28196e-06
-6.32908e-09
1.28399e-06
-7.05632e-09
1.28601e-06
-7.81585e-09
1.28801e-06
-8.61872e-09
1.28998e-06
-9.47335e-09
1.29192e-06
-1.03854e-08
1.29382e-06
-1.13582e-08
1.29567e-06
-1.23924e-08
1.29745e-06
-1.34855e-08
1.29915e-06
-1.46344e-08
-1.58215e-08
1.30075e-06
1.27033e-06
-8.82115e-10
1.27124e-06
-2.48312e-09
1.27259e-06
-3.89977e-09
1.27423e-06
-5.06058e-09
1.27605e-06
-6.01031e-09
1.27796e-06
-6.82805e-09
1.27991e-06
-7.57778e-09
1.28188e-06
-8.29839e-09
1.28384e-06
-9.01512e-09
1.28577e-06
-9.74812e-09
1.28767e-06
-1.05133e-08
1.28952e-06
-1.13212e-08
1.29131e-06
-1.21778e-08
1.29304e-06
-1.30855e-08
1.29469e-06
-1.40436e-08
1.29625e-06
-1.50479e-08
1.29771e-06
-1.60937e-08
-1.71628e-08
1.29905e-06
1.27034e-06
-1.22338e-09
1.27129e-06
-3.43115e-09
1.27268e-06
-5.29428e-09
1.27436e-06
-6.73641e-09
1.27619e-06
-7.8401e-09
1.27809e-06
-8.73269e-09
1.28003e-06
-9.50958e-09
1.28195e-06
-1.02246e-08
1.28385e-06
-1.0912e-08
1.2857e-06
-1.15993e-08
1.28749e-06
-1.23073e-08
1.28922e-06
-1.30486e-08
1.29087e-06
-1.38296e-08
1.29244e-06
-1.4652e-08
1.29391e-06
-1.55146e-08
1.29528e-06
-1.64122e-08
1.29652e-06
-1.73392e-08
-1.82778e-08
1.29764e-06
1.27037e-06
-1.59087e-09
1.27138e-06
-4.4476e-09
1.27286e-06
-6.76795e-09
1.2746e-06
-8.47397e-09
1.27646e-06
-9.7042e-09
1.27837e-06
-1.06468e-08
1.28029e-06
-1.14292e-08
1.28219e-06
-1.21177e-08
1.28403e-06
-1.27549e-08
1.28581e-06
-1.33766e-08
1.28751e-06
-1.40082e-08
1.28912e-06
-1.46644e-08
1.29064e-06
-1.53515e-08
1.29206e-06
-1.60714e-08
1.29337e-06
-1.68224e-08
1.29456e-06
-1.75992e-08
1.29562e-06
-1.83959e-08
-1.91955e-08
1.29653e-06
1.27041e-06
-1.99948e-09
1.27153e-06
-5.57056e-09
1.27313e-06
-8.36268e-09
1.27496e-06
-1.03054e-08
1.27688e-06
-1.16252e-08
1.27882e-06
-1.25877e-08
1.28074e-06
-1.33506e-08
1.28261e-06
-1.39884e-08
1.28441e-06
-1.45528e-08
1.28612e-06
-1.50882e-08
1.28774e-06
-1.56249e-08
1.28925e-06
-1.61786e-08
1.29066e-06
-1.67557e-08
1.29194e-06
-1.7358e-08
1.2931e-06
-1.79842e-08
1.29413e-06
-1.86292e-08
1.29503e-06
-1.92872e-08
-1.99426e-08
1.29577e-06
1.27047e-06
-2.47023e-09
1.27175e-06
-6.85195e-09
1.27352e-06
-1.01301e-08
1.27548e-06
-1.22659e-08
1.27748e-06
-1.36265e-08
1.27947e-06
-1.45739e-08
1.28141e-06
-1.52882e-08
1.28326e-06
-1.58478e-08
1.28503e-06
-1.63148e-08
1.28668e-06
-1.67435e-08
1.28822e-06
-1.71677e-08
1.28965e-06
-1.76028e-08
1.29095e-06
-1.80552e-08
1.29212e-06
-1.8527e-08
1.29315e-06
-1.90172e-08
1.29404e-06
-1.95216e-08
1.29479e-06
-2.00348e-08
-2.05429e-08
1.29539e-06
1.27056e-06
-3.03493e-09
1.27208e-06
-8.36579e-09
1.27408e-06
-1.21336e-08
1.27621e-06
-1.43923e-08
1.27831e-06
-1.57327e-08
1.28037e-06
-1.66258e-08
1.28234e-06
-1.72576e-08
1.28419e-06
-1.77065e-08
1.28593e-06
-1.80494e-08
1.28754e-06
-1.83511e-08
1.28902e-06
-1.86462e-08
1.29036e-06
-1.89485e-08
1.29157e-06
-1.92635e-08
1.29264e-06
-1.95937e-08
1.29356e-06
-1.9939e-08
1.29433e-06
-2.02958e-08
1.29496e-06
-2.066e-08
-2.10183e-08
1.29543e-06
1.27071e-06
-3.74492e-09
1.27257e-06
-1.02216e-08
1.27488e-06
-1.44484e-08
1.27721e-06
-1.67196e-08
1.27944e-06
-1.79688e-08
1.28158e-06
-1.87658e-08
1.2836e-06
-1.92752e-08
1.28547e-06
-1.95764e-08
1.28719e-06
-1.97674e-08
1.28876e-06
-1.99218e-08
1.29019e-06
-2.00717e-08
1.29146e-06
-2.02271e-08
1.29259e-06
-2.03926e-08
1.29357e-06
-2.05712e-08
1.29439e-06
-2.07632e-08
1.29507e-06
-2.09663e-08
1.29558e-06
-2.11786e-08
-2.13904e-08
1.29596e-06
1.27094e-06
-4.68792e-09
1.2733e-06
-1.25828e-08
1.27602e-06
-1.71616e-08
1.27858e-06
-1.92818e-08
1.28097e-06
-2.03605e-08
1.28322e-06
-2.10127e-08
1.28529e-06
-2.13494e-08
1.28718e-06
-2.14627e-08
1.28889e-06
-2.14768e-08
1.29043e-06
-2.14675e-08
1.29182e-06
-2.14585e-08
1.29305e-06
-2.14549e-08
1.29412e-06
-2.14602e-08
1.29502e-06
-2.1477e-08
1.29576e-06
-2.15062e-08
1.29635e-06
-2.15476e-08
1.29677e-06
-2.16014e-08
-2.16578e-08
1.29704e-06
1.27134e-06
-6.02897e-09
1.27443e-06
-1.5674e-08
1.27763e-06
-2.03587e-08
1.28047e-06
-2.2121e-08
1.28306e-06
-2.29507e-08
1.28543e-06
-2.33885e-08
1.28756e-06
-2.34776e-08
1.28945e-06
-2.33509e-08
1.29113e-06
-2.31598e-08
1.29264e-06
-2.29702e-08
1.29397e-06
-2.27908e-08
1.29513e-06
-2.26202e-08
1.29613e-06
-2.24596e-08
1.29697e-06
-2.23099e-08
1.29763e-06
-2.21714e-08
1.29813e-06
-2.20466e-08
1.29847e-06
-2.19424e-08
-2.18587e-08
1.29867e-06
1.27211e-06
-8.13553e-09
1.27618e-06
-1.97454e-08
1.27988e-06
-2.4057e-08
1.283e-06
-2.52436e-08
1.28582e-06
-2.57674e-08
1.28834e-06
-2.59139e-08
1.29054e-06
-2.56817e-08
1.29247e-06
-2.52785e-08
1.29418e-06
-2.48715e-08
1.29571e-06
-2.45003e-08
1.29708e-06
-2.41545e-08
1.29828e-06
-2.38257e-08
1.29933e-06
-2.35102e-08
1.30023e-06
-2.32046e-08
1.30096e-06
-2.29063e-08
1.30154e-06
-2.26229e-08
1.30196e-06
-2.23624e-08
-2.21462e-08
1.30225e-06
1.27371e-06
-1.18414e-08
1.27903e-06
-2.50742e-08
1.28329e-06
-2.83108e-08
1.28686e-06
-2.88187e-08
1.29015e-06
-2.90586e-08
1.29315e-06
-2.89072e-08
1.29585e-06
-2.83805e-08
1.29833e-06
-2.77599e-08
1.30065e-06
-2.71926e-08
1.30283e-06
-2.66772e-08
1.30486e-06
-2.61866e-08
1.30674e-06
-2.57075e-08
1.30846e-06
-2.52299e-08
1.31e-06
-2.47437e-08
1.31133e-06
-2.42397e-08
1.31245e-06
-2.37428e-08
1.31335e-06
-2.3264e-08
-2.29093e-08
1.31412e-06
1.27756e-06
-1.94e-08
1.28621e-06
-3.37238e-08
1.29362e-06
-3.57221e-08
1.30037e-06
-3.55704e-08
1.30637e-06
-3.50543e-08
1.3114e-06
-3.3939e-08
1.31553e-06
-3.25095e-08
1.31891e-06
-3.1144e-08
1.32166e-06
-2.99387e-08
1.32383e-06
-2.88489e-08
1.32548e-06
-2.78385e-08
1.32666e-06
-2.68888e-08
1.32741e-06
-2.59771e-08
1.32774e-06
-2.50733e-08
1.32764e-06
-2.41351e-08
1.32706e-06
-2.31706e-08
1.32593e-06
-2.21299e-08
-2.16955e-08
1.32471e-06
1.29792e-06
-4.73214e-08
1.3169e-06
-5.26989e-08
1.32659e-06
-4.54186e-08
1.32978e-06
-3.87584e-08
1.32814e-06
-3.3417e-08
1.32321e-06
-2.90097e-08
1.3163e-06
-2.55973e-08
1.30829e-06
-2.31318e-08
1.29966e-06
-2.13113e-08
1.29071e-06
-1.98976e-08
1.28163e-06
-1.87531e-08
1.27253e-06
-1.77912e-08
1.26349e-06
-1.69433e-08
1.25456e-06
-1.61415e-08
1.24572e-06
-1.52912e-08
1.23685e-06
-1.42969e-08
1.22721e-06
-1.24903e-08
-1.17161e-08
1.21723e-06
1.22268e-06
1.16998e-06
1.12456e-06
1.0858e-06
1.05239e-06
1.02338e-06
9.97779e-07
9.74647e-07
9.53336e-07
9.33438e-07
9.14685e-07
8.96894e-07
8.7995e-07
8.63809e-07
8.48518e-07
8.34221e-07
8.2173e-07
8.10014e-07
-1.46701e-08
1.46701e-08
-1.14262e-08
-3.24389e-09
2.96637e-08
-4.10899e-08
1.02305e-07
-7.2641e-08
1.85985e-07
-8.368e-08
2.6441e-07
-7.84257e-08
3.30631e-07
-6.62205e-08
3.83622e-07
-5.29907e-08
4.24621e-07
-4.09997e-08
4.54992e-07
-3.03709e-08
4.75354e-07
-2.03619e-08
4.84321e-07
-8.96674e-09
4.78244e-07
6.07695e-09
4.53453e-07
2.47913e-08
4.09212e-07
4.42405e-08
3.47808e-07
6.14042e-08
2.75122e-07
7.26859e-08
2.00512e-07
7.46095e-08
1.347e-07
6.58125e-08
8.5849e-08
4.88509e-08
5.49389e-08
3.09101e-08
3.27719e-08
2.2167e-08
5.27268e-09
2.74992e-08
-2.90904e-08
3.4363e-08
-6.03347e-08
3.12444e-08
-6.90332e-08
8.69844e-09
-5.08942e-08
-1.81389e-08
1.01224e-09
-5.19065e-08
8.04995e-08
-7.94873e-08
1.65135e-07
-8.46352e-08
2.31242e-07
-6.61073e-08
2.67627e-07
-3.63849e-08
2.79791e-07
-1.21641e-08
2.82707e-07
-2.91638e-09
2.87499e-07
-4.79194e-09
2.92609e-07
-5.10937e-09
2.86876e-07
5.73281e-09
2.55485e-07
3.13909e-08
1.86111e-07
6.93744e-08
7.57807e-08
1.1033e-07
-6.81004e-08
1.43881e-07
-2.30381e-07
1.62281e-07
-3.95496e-07
1.65115e-07
-5.52644e-07
1.57147e-07
-6.95142e-07
1.42498e-07
-8.1957e-07
1.24428e-07
-9.24737e-07
1.05167e-07
-1.01079e-06
8.60499e-08
-1.07856e-06
6.77698e-08
-1.12917e-06
5.06183e-08
-1.16388e-06
3.47099e-08
-1.18406e-06
2.01739e-08
-1.19129e-06
7.23213e-09
-1.18774e-06
-3.54731e-09
-1.1754e-06
-1.23435e-08
-1.15536e-06
-2.00396e-08
-1.12839e-06
-2.69744e-08
-1.09511e-06
-3.32753e-08
-1.0561e-06
-3.90062e-08
-1.01189e-06
-4.42109e-08
-9.6297e-07
-4.89233e-08
-9.09802e-07
-5.31681e-08
-8.52843e-07
-5.69594e-08
-7.92545e-07
-6.02976e-08
-7.29376e-07
-6.31691e-08
-6.6383e-07
-6.55462e-08
-5.96438e-07
-6.73916e-08
-5.27773e-07
-6.8665e-08
-4.58442e-07
-6.93312e-08
-3.89073e-07
-6.93686e-08
-3.20304e-07
-6.8769e-08
-2.52769e-07
-6.75354e-08
-1.87084e-07
-6.56845e-08
-1.23821e-07
-6.32634e-08
-6.35992e-08
-6.02219e-08
-6.76278e-09
-5.68364e-08
4.60117e-08
-5.27745e-08
9.46243e-08
-4.86126e-08
1.39088e-07
-4.44632e-08
1.79377e-07
-4.02897e-08
2.155e-07
-3.61231e-08
2.47501e-07
-3.20006e-08
2.75452e-07
-2.79509e-08
2.99441e-07
-2.39892e-08
3.19554e-07
-2.01134e-08
3.35854e-07
-1.62994e-08
3.48347e-07
-1.24929e-08
3.56946e-07
-8.59954e-09
3.61493e-07
-4.54648e-09
3.62124e-07
-6.31788e-10
3.59477e-07
2.64794e-09
3.54392e-07
5.08495e-09
3.47563e-07
6.82847e-09
3.39555e-07
8.00835e-09
3.30871e-07
8.6834e-09
3.21968e-07
8.90314e-09
3.13272e-07
8.69616e-09
3.05213e-07
8.05947e-09
2.98246e-07
6.96701e-09
2.92928e-07
5.31788e-09
2.90064e-07
2.86403e-09
2.90354e-07
-2.90484e-10
2.94733e-07
-4.3791e-09
3.03278e-07
-8.5444e-09
3.14792e-07
-1.15142e-08
3.26602e-07
-1.18104e-08
3.35207e-07
-8.60499e-09
3.36947e-07
-1.73983e-09
3.28312e-07
8.63523e-09
3.05412e-07
2.28996e-08
2.6428e-07
4.11325e-08
2.02365e-07
6.19147e-08
1.22532e-07
7.98333e-08
3.21506e-08
9.03811e-08
-5.99175e-08
9.20682e-08
-1.46497e-07
8.65793e-08
-2.23507e-07
7.70106e-08
-2.88986e-07
6.54785e-08
-3.42259e-07
5.32734e-08
-3.83374e-07
4.11143e-08
-4.12741e-07
2.9367e-08
-4.31005e-07
1.82643e-08
-4.39014e-07
8.00878e-09
-4.37895e-07
-1.11817e-09
-4.28739e-07
-9.15626e-09
-4.12193e-07
-1.65461e-08
-3.88798e-07
-2.33951e-08
-3.59095e-07
-2.9703e-08
-3.23676e-07
-3.54194e-08
-2.832e-07
-4.0476e-08
-2.38396e-07
-4.48037e-08
-1.90071e-07
-4.8325e-08
-1.39095e-07
-5.0976e-08
-8.64145e-08
-5.26805e-08
-3.30345e-08
-5.338e-08
1.99927e-08
-5.30272e-08
7.18418e-08
-5.18491e-08
1.21853e-07
-5.00116e-08
1.6945e-07
-4.75966e-08
2.14156e-07
-4.47059e-08
2.55592e-07
-4.14362e-08
2.93463e-07
-3.78712e-08
3.27534e-07
-3.40707e-08
3.57593e-07
-3.00591e-08
3.83407e-07
-2.58136e-08
4.04656e-07
-2.12493e-08
4.20882e-07
-1.62257e-08
4.31517e-07
-1.06354e-08
4.3612e-07
-4.60303e-09
4.35035e-07
1.08475e-09
4.2912e-07
5.91544e-09
4.19216e-07
9.90372e-09
4.06053e-07
1.3163e-08
3.90338e-07
1.57147e-08
3.72757e-07
1.75816e-08
3.53971e-07
1.87863e-08
3.34606e-07
1.9365e-08
3.15228e-07
1.93773e-08
2.96325e-07
1.89035e-08
2.78288e-07
1.80369e-08
2.61414e-07
1.68741e-08
2.45901e-07
1.55131e-08
2.31837e-07
1.40639e-08
2.19177e-07
1.26593e-08
2.07728e-07
1.14493e-08
1.97159e-07
1.0569e-08
1.87076e-07
1.00827e-08
1.77126e-07
9.95063e-09
1.67092e-07
1.0034e-08
1.56986e-07
1.01059e-08
1.4705e-07
9.93591e-09
1.37774e-07
9.27566e-09
1.29856e-07
7.91842e-09
1.24105e-07
5.75072e-09
1.21336e-07
2.76865e-09
1.22153e-07
-8.17027e-10
1.26614e-07
-4.46094e-09
1.33865e-07
-7.25106e-09
1.41853e-07
-7.98753e-09
-6.14297e-09
1.47996e-07
-2.40704e-09
1.70771e-08
3.7904e-08
-4.3555e-08
1.19004e-07
-1.2219e-07
2.13125e-07
-1.66762e-07
3.01925e-07
-1.7248e-07
3.77818e-07
-1.54318e-07
4.39403e-07
-1.27805e-07
4.88573e-07
-1.02161e-07
5.28136e-07
-8.05634e-08
5.60524e-07
-6.27585e-08
5.8713e-07
-4.69684e-08
6.09349e-07
-3.11854e-08
6.28581e-07
-1.31545e-08
6.42561e-07
1.08109e-08
6.45174e-07
4.16278e-08
6.28881e-07
7.76968e-08
5.87921e-07
1.13646e-07
5.2145e-07
1.41081e-07
4.35026e-07
1.52236e-07
3.39281e-07
1.44595e-07
2.47406e-07
1.22785e-07
1.71472e-07
9.81006e-08
1.16547e-07
8.24245e-08
7.85624e-08
7.23476e-08
5.74359e-08
5.23709e-08
5.5249e-08
1.08854e-08
7.88259e-08
-4.17158e-08
1.29653e-07
-1.02733e-07
1.99987e-07
-1.49821e-07
2.75584e-07
-1.60233e-07
3.38117e-07
-1.28641e-07
3.76715e-07
-7.49823e-08
3.92739e-07
-2.81888e-08
3.9284e-07
-3.01649e-09
3.75028e-07
1.30198e-08
3.21529e-07
4.83892e-08
2.0912e-07
1.18142e-07
3.40748e-08
2.06437e-07
-1.81306e-07
2.84755e-07
-4.04383e-07
3.33408e-07
-6.12357e-07
3.51855e-07
-7.93958e-07
3.43882e-07
-9.45413e-07
3.1657e-07
-1.06665e-06
2.78382e-07
-1.16031e-06
2.36161e-07
-1.23032e-06
1.94437e-07
-1.2808e-06
1.55648e-07
-1.3155e-06
1.20746e-07
-1.33753e-06
8.9805e-08
-1.3494e-06
6.2488e-08
-1.35302e-06
3.83321e-08
-1.34972e-06
1.68667e-08
-1.34023e-06
-2.25472e-09
-1.32414e-06
-1.96357e-08
-1.30089e-06
-3.55969e-08
-1.27078e-06
-5.01506e-08
-1.23433e-06
-6.34249e-08
-1.19207e-06
-7.55373e-08
-1.14449e-06
-8.65783e-08
-1.09208e-06
-9.66205e-08
-1.03528e-06
-1.05723e-07
-9.74521e-07
-1.13931e-07
-9.10212e-07
-1.21268e-07
-8.42777e-07
-1.27733e-07
-7.72649e-07
-1.33297e-07
-7.00293e-07
-1.37902e-07
-6.26211e-07
-1.41474e-07
-5.50945e-07
-1.43931e-07
-4.75075e-07
-1.45201e-07
-3.99206e-07
-1.45238e-07
-3.23945e-07
-1.4403e-07
-2.49896e-07
-1.41584e-07
-1.77647e-07
-1.37934e-07
-1.07761e-07
-1.33149e-07
-4.04903e-08
-1.27493e-07
2.3427e-08
-1.20754e-07
8.3849e-08
-1.13197e-07
1.40556e-07
-1.05319e-07
1.93344e-07
-9.72519e-08
2.42127e-07
-8.90729e-08
2.86884e-07
-8.08801e-08
3.27643e-07
-7.27592e-08
3.64468e-07
-6.47756e-08
3.97449e-07
-5.69706e-08
4.26695e-07
-4.93592e-08
4.52329e-07
-4.19336e-08
4.74521e-07
-3.46847e-08
4.93575e-07
-2.76534e-08
5.09997e-07
-2.09683e-08
5.24102e-07
-1.47374e-08
5.35676e-07
-8.92623e-09
5.44239e-07
-3.47821e-09
5.49492e-07
1.57593e-09
5.51367e-07
6.13361e-09
5.49912e-07
1.01386e-08
5.45279e-07
1.35358e-08
5.37785e-07
1.61896e-08
5.27975e-07
1.78704e-08
5.16687e-07
1.82542e-08
5.0511e-07
1.6895e-08
4.94609e-07
1.33649e-08
4.86684e-07
7.63506e-09
4.82229e-07
7.55597e-11
4.81465e-07
-7.78041e-09
4.83248e-07
-1.32969e-08
4.84152e-07
-1.27147e-08
4.78214e-07
-2.66696e-09
4.56449e-07
2.00253e-08
4.0958e-07
5.55041e-08
3.32084e-07
1.00396e-07
2.25728e-07
1.47488e-07
1.01633e-07
1.8601e-07
-2.30393e-08
2.04505e-07
-1.34566e-07
2.01908e-07
-2.28005e-07
1.85507e-07
-3.0303e-07
1.61604e-07
-3.61001e-07
1.34982e-07
-4.04039e-07
1.08516e-07
-4.34377e-07
8.36122e-08
-4.54015e-07
6.07519e-08
-4.64592e-07
3.99439e-08
-4.67339e-07
2.1011e-08
-4.63208e-07
3.87818e-09
-4.52154e-07
-1.21721e-08
-4.33998e-07
-2.73128e-08
-4.09028e-07
-4.15154e-08
-3.77638e-07
-5.47853e-08
-3.4027e-07
-6.70709e-08
-2.97447e-07
-7.82422e-08
-2.49784e-07
-8.81392e-08
-1.9797e-07
-9.66178e-08
-1.42776e-07
-1.03519e-07
-8.50554e-08
-1.08696e-07
-2.57193e-08
-1.12017e-07
3.42951e-08
-1.13394e-07
9.41761e-08
-1.12908e-07
1.53138e-07
-1.10811e-07
2.10461e-07
-1.07335e-07
2.65561e-07
-1.02696e-07
3.17965e-07
-9.71107e-08
3.67309e-07
-9.07796e-08
4.13311e-07
-8.38732e-08
4.55757e-07
-7.65171e-08
4.94479e-07
-6.87812e-08
5.29351e-07
-6.06852e-08
5.60334e-07
-5.22328e-08
5.87579e-07
-4.34701e-08
6.11456e-07
-3.45125e-08
6.32321e-07
-2.54678e-08
6.49703e-07
-1.62972e-08
6.62588e-07
-6.97042e-09
6.70234e-07
2.25849e-09
6.72281e-07
1.11156e-08
6.68575e-07
1.94204e-08
6.59166e-07
2.69909e-08
6.44319e-07
3.36334e-08
6.24508e-07
3.91759e-08
6.00406e-07
4.34796e-08
5.7286e-07
4.64494e-08
5.42856e-07
4.80406e-08
5.11462e-07
4.82684e-08
4.79747e-07
4.72283e-08
4.48683e-07
4.51278e-08
4.19031e-07
4.23111e-08
3.91241e-07
3.92395e-08
3.65411e-07
3.63989e-08
3.4134e-07
3.41537e-08
3.18676e-07
3.26142e-08
2.97115e-07
3.1595e-08
2.76529e-07
3.06919e-08
2.57086e-07
2.93795e-08
2.39236e-07
2.71256e-08
2.23661e-07
2.34932e-08
2.11384e-07
1.8028e-08
2.03369e-07
1.07838e-08
2.00522e-07
2.02969e-09
2.03184e-07
-7.12352e-09
2.10719e-07
-1.47855e-08
2.20871e-07
-1.81401e-08
-1.60236e-08
2.30752e-07
2.3701e-08
-6.62388e-09
1.05026e-07
-1.2488e-07
2.04772e-07
-2.21936e-07
2.925e-07
-2.5449e-07
3.58589e-07
-2.38569e-07
4.05254e-07
-2.00983e-07
4.38423e-07
-1.60974e-07
4.63809e-07
-1.27547e-07
4.85694e-07
-1.02449e-07
5.06889e-07
-8.39536e-08
5.29102e-07
-6.91818e-08
5.52996e-07
-5.50793e-08
5.78746e-07
-3.89042e-08
6.07135e-07
-1.75785e-08
6.36571e-07
1.21922e-08
6.62752e-07
5.15162e-08
6.76882e-07
9.95152e-08
6.67999e-07
1.49965e-07
6.28486e-07
1.91749e-07
5.59052e-07
2.1403e-07
4.69581e-07
2.12256e-07
3.76936e-07
1.90745e-07
2.99968e-07
1.59393e-07
2.49274e-07
1.23041e-07
2.24884e-07
7.67614e-08
2.20895e-07
1.48741e-08
2.38543e-07
-5.93638e-08
2.73741e-07
-1.37931e-07
3.2273e-07
-1.98811e-07
3.73814e-07
-2.11316e-07
4.11378e-07
-1.66205e-07
4.2616e-07
-8.97639e-08
4.16467e-07
-1.84963e-08
3.73805e-07
3.96452e-08
2.74737e-07
1.12088e-07
1.00958e-07
2.22168e-07
-1.29007e-07
3.48106e-07
-3.71246e-07
4.48676e-07
-5.92152e-07
5.05661e-07
-7.77158e-07
5.18413e-07
-9.22183e-07
4.9688e-07
-1.03123e-06
4.52932e-07
-1.1122e-06
3.9754e-07
-1.173e-06
3.39176e-07
-1.21981e-06
2.82973e-07
-1.25665e-06
2.31277e-07
-1.28565e-06
1.8465e-07
-1.30767e-06
1.42767e-07
-1.32287e-06
1.05005e-07
-1.33112e-06
7.0736e-08
-1.33227e-06
3.94823e-08
-1.3263e-06
1.08978e-08
-1.31317e-06
-1.53814e-08
-1.29315e-06
-3.96565e-08
-1.26667e-06
-6.20803e-08
-1.23409e-06
-8.2731e-08
-1.19581e-06
-1.01702e-07
-1.15226e-06
-1.19087e-07
-1.10386e-06
-1.34978e-07
-1.05102e-06
-1.4946e-07
-9.94137e-07
-1.6261e-07
-9.33578e-07
-1.7449e-07
-8.69713e-07
-1.85133e-07
-8.02912e-07
-1.94534e-07
-7.33565e-07
-2.02644e-07
-6.62096e-07
-2.09371e-07
-5.88978e-07
-2.14592e-07
-5.14734e-07
-2.18174e-07
-4.39937e-07
-2.19999e-07
-3.65188e-07
-2.19986e-07
-2.91106e-07
-2.18112e-07
-2.18278e-07
-2.14412e-07
-1.47255e-07
-2.08957e-07
-7.84778e-08
-2.01925e-07
-1.25027e-08
-1.93468e-07
5.03357e-08
-1.83592e-07
1.09862e-07
-1.72722e-07
1.65853e-07
-1.6131e-07
2.18157e-07
-1.49556e-07
2.66727e-07
-1.37643e-07
3.11584e-07
-1.25737e-07
3.52797e-07
-1.13973e-07
3.90477e-07
-1.02456e-07
4.24766e-07
-9.12595e-08
4.55836e-07
-8.04287e-08
4.83888e-07
-6.99857e-08
5.09151e-07
-5.99476e-08
5.31858e-07
-5.03603e-08
5.5221e-07
-4.13203e-08
5.704e-07
-3.29278e-08
5.86699e-07
-2.5225e-08
6.01408e-07
-1.81876e-08
6.14656e-07
-1.16721e-08
6.26233e-07
-5.44266e-09
6.35697e-07
6.74559e-10
6.42553e-07
6.67983e-09
6.46343e-07
1.23993e-08
6.46756e-07
1.74576e-08
6.43743e-07
2.12669e-08
6.37518e-07
2.31202e-08
6.28496e-07
2.23868e-08
6.17336e-07
1.87946e-08
6.04635e-07
1.2777e-08
5.90541e-07
6.31376e-09
5.73601e-07
3.64245e-09
5.49656e-07
1.12309e-08
5.11332e-07
3.5657e-08
4.50743e-07
8.06141e-08
3.63151e-07
1.43097e-07
2.5148e-07
2.12067e-07
1.2786e-07
2.71108e-07
9.37188e-09
3.04498e-07
-9.08275e-08
3.04705e-07
-1.70901e-07
2.81982e-07
-2.3341e-07
2.48015e-07
-2.82087e-07
2.10281e-07
-3.20086e-07
1.72981e-07
-3.49502e-07
1.37932e-07
-3.71483e-07
1.05594e-07
-3.86553e-07
7.58213e-08
-3.94862e-07
4.82537e-08
-3.96435e-07
2.25835e-08
-3.91335e-07
-1.22154e-09
-3.79462e-07
-2.40457e-08
-3.61028e-07
-4.57459e-08
-3.36241e-07
-6.63024e-08
-3.05368e-07
-8.56587e-08
-2.68743e-07
-1.03696e-07
-2.26807e-07
-1.20178e-07
-1.8011e-07
-1.34836e-07
-1.29287e-07
-1.47441e-07
-7.50646e-08
-1.57741e-07
-1.82944e-08
-1.65466e-07
4.01224e-08
-1.70433e-07
9.9292e-08
-1.72564e-07
1.58421e-07
-1.72037e-07
2.16746e-07
-1.69136e-07
2.73597e-07
-1.64186e-07
3.28432e-07
-1.5753e-07
3.80827e-07
-1.49506e-07
4.30476e-07
-1.40429e-07
4.77174e-07
-1.30571e-07
5.20804e-07
-1.20147e-07
5.61329e-07
-1.09307e-07
5.98781e-07
-9.81371e-08
6.33236e-07
-8.6688e-08
6.64781e-07
-7.5015e-08
6.93483e-07
-6.32147e-08
7.19412e-07
-5.13967e-08
7.4272e-07
-3.96053e-08
7.63532e-07
-2.77817e-08
7.81573e-07
-1.57833e-08
7.96247e-07
-3.55817e-09
8.06887e-07
8.78034e-09
8.1282e-07
2.10584e-08
8.13385e-07
3.30681e-08
8.08035e-07
4.45265e-08
7.96422e-07
5.50927e-08
7.78476e-07
6.4395e-08
7.54448e-07
7.20683e-08
7.24913e-07
7.78034e-08
6.90739e-07
8.14025e-08
6.53032e-07
8.2835e-08
6.13063e-07
8.22799e-08
5.72169e-07
8.0134e-08
5.31609e-07
7.69583e-08
4.92409e-07
7.33543e-08
4.5523e-07
6.97933e-08
4.20352e-07
6.64721e-08
3.8778e-07
6.32642e-08
3.57404e-07
5.97555e-08
3.29181e-07
5.5349e-08
3.03324e-07
4.93504e-08
2.80333e-07
4.10183e-08
2.61247e-07
2.98703e-08
2.47354e-07
1.59228e-08
2.39856e-07
3.73893e-10
2.39136e-07
-1.40649e-08
2.44223e-07
-2.32275e-08
-2.33631e-08
2.51562e-07
5.42112e-08
-6.08351e-08
1.60488e-07
-2.31156e-07
2.48806e-07
-3.10254e-07
3.00062e-07
-3.05747e-07
3.21913e-07
-2.6042e-07
3.28124e-07
-2.07195e-07
3.29717e-07
-1.62567e-07
3.33011e-07
-1.3084e-07
3.40847e-07
-1.10285e-07
3.5426e-07
-9.73662e-08
3.7353e-07
-8.84516e-08
3.9858e-07
-8.01298e-08
4.29133e-07
-6.94569e-08
4.65534e-07
-5.39792e-08
5.08462e-07
-3.07361e-08
5.56897e-07
3.08162e-09
6.06795e-07
4.9617e-08
6.49206e-07
1.07554e-07
6.71275e-07
1.6968e-07
6.62473e-07
2.22832e-07
6.21464e-07
2.53265e-07
5.58319e-07
2.5389e-07
4.90919e-07
2.26793e-07
4.35954e-07
1.78006e-07
4.01311e-07
1.11404e-07
3.85174e-07
3.10113e-08
3.85856e-07
-6.00459e-08
3.99643e-07
-1.51717e-07
4.22429e-07
-2.21597e-07
4.41979e-07
-2.30865e-07
4.43461e-07
-1.67687e-07
4.17721e-07
-6.40242e-08
3.52419e-07
4.68061e-08
2.24441e-07
1.67623e-07
2.11182e-08
3.15411e-07
-2.26074e-07
4.6936e-07
-4.6468e-07
5.86712e-07
-6.64467e-07
6.48463e-07
-8.16649e-07
6.57843e-07
-9.26016e-07
6.2778e-07
-1.00305e-06
5.7391e-07
-1.05922e-06
5.09104e-07
-1.10366e-06
4.41983e-07
-1.14172e-06
3.77238e-07
-1.1755e-06
3.16748e-07
-1.20509e-06
2.60871e-07
-1.22977e-06
2.09334e-07
-1.24871e-06
1.61702e-07
-1.26127e-06
1.17568e-07
-1.26712e-06
7.65822e-08
-1.26615e-06
3.85083e-08
-1.25841e-06
3.16085e-09
-1.24401e-06
-2.97812e-08
-1.22322e-06
-6.04418e-08
-1.19639e-06
-8.89099e-08
-1.16387e-06
-1.15253e-07
-1.12603e-06
-1.39541e-07
-1.08327e-06
-1.61851e-07
-1.03597e-06
-1.82274e-07
-9.84524e-07
-2.00908e-07
-9.2928e-07
-2.17854e-07
-8.70572e-07
-2.33198e-07
-8.08716e-07
-2.46989e-07
-7.44024e-07
-2.59226e-07
-6.7683e-07
-2.69838e-07
-6.07509e-07
-2.78692e-07
-5.36494e-07
-2.85607e-07
-4.64286e-07
-2.90382e-07
-3.91449e-07
-2.92836e-07
-3.18594e-07
-2.92842e-07
-2.46348e-07
-2.90357e-07
-1.75335e-07
-2.85425e-07
-1.06095e-07
-2.78197e-07
-3.91466e-08
-2.68874e-07
2.49207e-08
-2.57535e-07
8.57882e-08
-2.4446e-07
1.43302e-07
-2.30236e-07
1.97243e-07
-2.15251e-07
2.475e-07
-1.99814e-07
2.94058e-07
-1.84201e-07
3.36965e-07
-1.68643e-07
3.7632e-07
-1.53328e-07
4.12261e-07
-1.38396e-07
4.44952e-07
-1.23951e-07
4.74583e-07
-1.1006e-07
5.0137e-07
-9.67725e-08
5.2555e-07
-8.41276e-08
5.47367e-07
-7.21773e-08
5.67038e-07
-6.09906e-08
5.8474e-07
-5.06298e-08
6.00637e-07
-4.11226e-08
6.1491e-07
-3.24609e-08
6.27825e-07
-2.45863e-08
6.39744e-07
-1.73623e-08
6.50952e-07
-1.05336e-08
6.6139e-07
-3.75784e-09
6.70572e-07
3.21759e-09
6.77661e-07
1.03688e-08
6.81646e-07
1.72812e-08
6.81587e-07
2.31792e-08
6.76851e-07
2.71234e-08
6.67168e-07
2.84777e-08
6.52229e-07
2.7716e-08
6.30978e-07
2.75645e-08
6.00774e-07
3.3846e-08
5.57215e-07
5.47901e-08
4.95125e-07
9.77473e-08
4.11545e-07
1.64194e-07
3.09153e-07
2.45488e-07
1.98027e-07
3.23193e-07
9.26517e-08
3.76484e-07
4.3823e-09
3.92767e-07
-6.58153e-08
3.74903e-07
-1.21463e-07
3.3763e-07
-1.66894e-07
2.93446e-07
-2.05007e-07
2.48393e-07
-2.37096e-07
2.05071e-07
-2.63415e-07
1.64251e-07
-2.83784e-07
1.25962e-07
-2.97943e-07
8.99807e-08
-3.05631e-07
5.59413e-08
-3.07108e-07
2.40602e-08
-3.02214e-07
-6.11501e-09
-2.91008e-07
-3.52517e-08
-2.73629e-07
-6.31249e-08
-2.50209e-07
-8.97227e-08
-2.20929e-07
-1.14938e-07
-1.86042e-07
-1.38584e-07
-1.4589e-07
-1.60331e-07
-1.00991e-07
-1.79735e-07
-5.19546e-08
-1.96477e-07
4.91256e-10
-2.10187e-07
5.54179e-08
-2.20393e-07
1.11863e-07
-2.26878e-07
1.68988e-07
-2.29689e-07
2.25989e-07
-2.29038e-07
2.82125e-07
-2.25272e-07
3.36759e-07
-2.1882e-07
3.8938e-07
-2.10151e-07
4.39606e-07
-1.99732e-07
4.87176e-07
-1.87998e-07
5.31932e-07
-1.75327e-07
5.73809e-07
-1.62024e-07
6.12818e-07
-1.48316e-07
6.49043e-07
-1.34362e-07
6.82619e-07
-1.20264e-07
7.13702e-07
-1.06098e-07
7.42412e-07
-9.19245e-08
7.68798e-07
-7.77829e-08
7.92877e-07
-6.36846e-08
8.14716e-07
-4.96203e-08
8.34491e-07
-3.55582e-08
8.52348e-07
-2.14158e-08
8.6821e-07
-7.08111e-09
8.81765e-07
7.50346e-09
8.92499e-07
2.23339e-08
8.99686e-07
3.73394e-08
9.0244e-07
5.2339e-08
8.99818e-07
6.70164e-08
8.90963e-07
8.09242e-08
8.7524e-07
9.35256e-08
8.52374e-07
1.04269e-07
8.2253e-07
1.12678e-07
7.86367e-07
1.18444e-07
7.45018e-07
1.21483e-07
7.00009e-07
1.21967e-07
6.53074e-07
1.20289e-07
6.05905e-07
1.16963e-07
5.5989e-07
1.12487e-07
5.15957e-07
1.07198e-07
4.74553e-07
1.01159e-07
4.35781e-07
9.41213e-08
3.99601e-07
8.55302e-08
3.6601e-07
7.46089e-08
3.3532e-07
6.05611e-08
3.08311e-07
4.29316e-08
2.86438e-07
2.22471e-08
2.71268e-07
1.10504e-09
2.63623e-07
-1.55825e-08
-2.13731e-08
2.61633e-07
8.50635e-08
-1.45899e-07
1.81825e-07
-3.27918e-07
2.26728e-07
-3.55157e-07
2.2761e-07
-3.06629e-07
2.09179e-07
-2.41989e-07
1.89546e-07
-1.87561e-07
1.76698e-07
-1.49718e-07
1.72384e-07
-1.26527e-07
1.76259e-07
-1.1416e-07
1.87847e-07
-1.08954e-07
2.06916e-07
-1.07521e-07
2.33328e-07
-1.06542e-07
2.6678e-07
-1.02909e-07
3.06808e-07
-9.40075e-08
3.53598e-07
-7.75258e-08
4.07846e-07
-5.11667e-08
4.69639e-07
-1.21757e-08
5.35876e-07
4.13168e-08
5.98096e-07
1.0746e-07
6.43497e-07
1.7743e-07
6.61179e-07
2.35584e-07
6.49241e-07
2.65829e-07
6.16553e-07
2.59481e-07
5.77243e-07
2.17315e-07
5.4228e-07
1.46368e-07
5.15304e-07
5.79868e-08
4.96336e-07
-4.10777e-08
4.86587e-07
-1.41968e-07
4.80735e-07
-2.15745e-07
4.63834e-07
-2.13965e-07
4.2095e-07
-1.24803e-07
3.36747e-07
2.01791e-08
1.91688e-07
1.91865e-07
-2.03264e-08
3.79638e-07
-2.65067e-07
5.60151e-07
-4.9027e-07
6.94564e-07
-6.68093e-07
7.64535e-07
-7.94776e-07
7.75146e-07
-8.79706e-07
7.42772e-07
-9.37069e-07
6.85143e-07
-9.79537e-07
6.16378e-07
-1.01551e-06
5.45073e-07
-1.0489e-06
4.75377e-07
-1.08049e-06
4.08826e-07
-1.10952e-06
3.4578e-07
-1.13485e-06
2.86202e-07
-1.15548e-06
2.29962e-07
-1.17068e-06
1.769e-07
-1.17998e-06
1.26871e-07
-1.18313e-06
7.97337e-08
-1.18003e-06
3.54032e-08
-1.17066e-06
-6.20532e-09
-1.15515e-06
-4.52884e-08
-1.13373e-06
-8.18648e-08
-1.10668e-06
-1.15959e-07
-1.07434e-06
-1.47591e-07
-1.03709e-06
-1.76793e-07
-9.95316e-07
-2.03626e-07
-9.49408e-07
-2.28182e-07
-8.99733e-07
-2.50583e-07
-8.46622e-07
-2.70966e-07
-7.90361e-07
-2.89459e-07
-7.31203e-07
-3.06147e-07
-6.69384e-07
-3.21044e-07
-6.05155e-07
-3.34067e-07
-5.38811e-07
-3.45036e-07
-4.70723e-07
-3.53695e-07
-4.01349e-07
-3.59756e-07
-3.31229e-07
-3.62956e-07
-2.60975e-07
-3.63096e-07
-1.91234e-07
-3.60098e-07
-1.22617e-07
-3.54042e-07
-5.57123e-08
-3.45102e-07
8.7865e-09
-3.33373e-07
7.03569e-08
-3.19106e-07
1.28792e-07
-3.02894e-07
1.83836e-07
-2.85281e-07
2.35305e-07
-2.6672e-07
2.83117e-07
-2.47626e-07
3.27272e-07
-2.28356e-07
3.67834e-07
-2.09206e-07
4.04919e-07
-1.90413e-07
4.38679e-07
-1.72156e-07
4.69293e-07
-1.54564e-07
4.96958e-07
-1.37726e-07
5.21886e-07
-1.217e-07
5.44292e-07
-1.06534e-07
5.6439e-07
-9.22748e-08
5.82375e-07
-7.8976e-08
5.98432e-07
-6.66866e-08
6.12741e-07
-5.54315e-08
6.25479e-07
-4.51991e-08
6.36822e-07
-3.59291e-08
6.46957e-07
-2.74971e-08
6.56111e-07
-1.96876e-08
6.64526e-07
-1.21728e-08
6.72279e-07
-4.5359e-09
6.79053e-07
3.59489e-09
6.84053e-07
1.22808e-08
6.86139e-07
2.10934e-08
6.8403e-07
2.92323e-08
6.76375e-07
3.61329e-08
6.61487e-07
4.26043e-08
6.36924e-07
5.21274e-08
5.99389e-07
7.13802e-08
5.45505e-07
1.08674e-07
4.73583e-07
1.69669e-07
3.8594e-07
2.51838e-07
2.90155e-07
3.41273e-07
1.9738e-07
4.15968e-07
1.17359e-07
4.56505e-07
5.31515e-08
4.56974e-07
1.53788e-09
4.26516e-07
-4.21718e-08
3.81339e-07
-8.04096e-08
3.31684e-07
-1.14032e-07
2.82016e-07
-1.42916e-07
2.33955e-07
-1.66661e-07
1.87996e-07
-1.84987e-07
1.44288e-07
-1.97531e-07
1.02524e-07
-2.04504e-07
6.29144e-08
-2.05853e-07
2.54098e-08
-2.01367e-07
-1.06017e-08
-1.91148e-07
-4.54706e-08
-1.75221e-07
-7.90516e-08
-1.53619e-07
-1.11325e-07
-1.26436e-07
-1.4212e-07
-9.37871e-08
-1.71233e-07
-5.60721e-08
-1.98046e-07
-1.3504e-08
-2.22303e-07
3.32199e-08
-2.43201e-07
8.31454e-08
-2.60113e-07
1.35395e-07
-2.72643e-07
1.89119e-07
-2.80602e-07
2.43457e-07
-2.84027e-07
2.97596e-07
-2.83177e-07
3.50809e-07
-2.78486e-07
4.02491e-07
-2.70502e-07
4.52169e-07
-2.59828e-07
4.99502e-07
-2.47066e-07
5.44276e-07
-2.32772e-07
5.8638e-07
-2.17431e-07
6.25791e-07
-2.01435e-07
6.6256e-07
-1.85085e-07
6.96787e-07
-1.68589e-07
7.28607e-07
-1.52084e-07
7.58166e-07
-1.35657e-07
7.85594e-07
-1.19353e-07
8.10995e-07
-1.03184e-07
8.34441e-07
-8.713e-08
8.55965e-07
-7.11444e-08
8.75581e-07
-5.51748e-08
8.93332e-07
-3.9167e-08
9.09312e-07
-2.3061e-08
9.2361e-07
-6.79382e-09
9.36251e-07
9.69224e-09
9.47139e-07
2.64519e-08
9.55955e-07
4.35228e-08
9.62091e-07
6.08806e-08
9.64634e-07
7.83809e-08
9.62449e-07
9.57103e-08
9.54343e-07
1.12375e-07
9.39284e-07
1.27738e-07
9.16633e-07
1.41094e-07
8.86329e-07
1.51787e-07
8.48975e-07
1.59321e-07
8.05807e-07
1.63457e-07
7.58521e-07
1.64249e-07
7.08996e-07
1.62012e-07
6.58998e-07
1.57196e-07
6.09933e-07
1.50224e-07
5.62735e-07
1.41319e-07
5.1787e-07
1.30395e-07
4.75428e-07
1.17051e-07
4.3528e-07
1.00709e-07
3.97309e-07
8.09027e-08
3.61897e-07
5.76594e-08
3.30584e-07
3.24182e-08
3.05843e-07
9.15756e-09
-4.67587e-09
2.89146e-07
9.71827e-08
-2.43081e-07
1.52795e-07
-3.83529e-07
1.44936e-07
-3.47298e-07
1.10436e-07
-2.72129e-07
7.55592e-08
-2.07113e-07
4.92433e-08
-1.61245e-07
3.18892e-08
-1.32364e-07
2.25104e-08
-1.17148e-07
2.10096e-08
-1.12659e-07
2.79454e-08
-1.1589e-07
4.39136e-08
-1.23489e-07
6.92154e-08
-1.31844e-07
1.03742e-07
-1.37435e-07
1.46887e-07
-1.37153e-07
1.97533e-07
-1.28171e-07
2.54973e-07
-1.08607e-07
3.19495e-07
-7.66984e-08
3.9135e-07
-3.05385e-08
4.68225e-07
3.05854e-08
5.4233e-07
1.03325e-07
6.01695e-07
1.76219e-07
6.36377e-07
2.31146e-07
6.44375e-07
2.51483e-07
6.31831e-07
2.29859e-07
6.0741e-07
1.70789e-07
5.77624e-07
8.77724e-08
5.47192e-07
-1.06456e-08
5.20401e-07
-1.15176e-07
4.88497e-07
-1.83841e-07
4.33226e-07
-1.58694e-07
3.36505e-07
-2.80829e-08
1.81764e-07
1.74921e-07
-2.98138e-08
4.03443e-07
-2.64555e-07
6.14378e-07
-4.75014e-07
7.7061e-07
-6.35586e-07
8.55136e-07
-7.44746e-07
8.73695e-07
-8.14278e-07
8.44679e-07
-8.59515e-07
7.88009e-07
-8.93183e-07
7.18811e-07
-9.22837e-07
6.46032e-07
-9.51492e-07
5.73729e-07
-9.79453e-07
5.03338e-07
-1.00592e-06
4.35292e-07
-1.02988e-06
3.69745e-07
-1.05045e-06
3.06765e-07
-1.06686e-06
2.46371e-07
-1.0785e-06
1.88541e-07
-1.08489e-06
1.33263e-07
-1.08571e-06
8.05549e-08
-1.08077e-06
3.0464e-08
-1.06997e-06
-1.70045e-08
-1.05338e-06
-6.18778e-08
-1.03119e-06
-1.04055e-07
-1.00369e-06
-1.43462e-07
-9.71236e-07
-1.80044e-07
-9.34247e-07
-2.13782e-07
-8.93159e-07
-2.44714e-07
-8.48403e-07
-2.72938e-07
-8.00371e-07
-2.98614e-07
-7.49396e-07
-3.21941e-07
-6.95735e-07
-3.4312e-07
-6.39577e-07
-3.62305e-07
-5.81068e-07
-3.79554e-07
-5.20348e-07
-3.94788e-07
-4.57601e-07
-4.07782e-07
-3.93105e-07
-4.18191e-07
-3.27246e-07
-4.25614e-07
-2.60523e-07
-4.2968e-07
-1.93541e-07
-4.30078e-07
-1.26921e-07
-4.26718e-07
-6.13026e-08
-4.19661e-07
2.52636e-09
-4.08931e-07
6.38933e-08
-3.9474e-07
1.22457e-07
-3.7767e-07
1.77914e-07
-3.58351e-07
2.30001e-07
-3.37369e-07
2.78566e-07
-3.15285e-07
3.23545e-07
-2.92605e-07
3.64952e-07
-2.69762e-07
4.02861e-07
-2.47115e-07
4.37396e-07
-2.24948e-07
4.68714e-07
-2.03474e-07
4.96999e-07
-1.82849e-07
5.22451e-07
-1.63177e-07
5.45275e-07
-1.44524e-07
5.65678e-07
-1.26937e-07
5.83853e-07
-1.10451e-07
5.9998e-07
-9.5103e-08
6.14222e-07
-8.09278e-08
6.26735e-07
-6.79451e-08
6.37683e-07
-5.61465e-08
6.47231e-07
-4.54773e-08
6.55546e-07
-3.58118e-08
6.6278e-07
-2.69218e-08
6.69061e-07
-1.8454e-08
6.7447e-07
-9.94492e-09
6.78964e-07
-8.98905e-10
6.8221e-07
9.03496e-09
6.83435e-07
1.98678e-08
6.81334e-07
3.13337e-08
6.73985e-07
4.34818e-08
6.58782e-07
5.7807e-08
6.32566e-07
7.83443e-08
5.9229e-07
1.11655e-07
5.36349e-07
1.64615e-07
4.66135e-07
2.39883e-07
3.86984e-07
3.30989e-07
3.07317e-07
4.2094e-07
2.3545e-07
4.87834e-07
1.75681e-07
5.16275e-07
1.26907e-07
5.05748e-07
8.51208e-08
4.68303e-07
4.78273e-08
4.18633e-07
1.42296e-08
3.65282e-07
-1.55117e-08
3.11757e-07
-4.09785e-08
2.59422e-07
-6.18631e-08
2.08881e-07
-7.79652e-08
1.6039e-07
-8.91279e-08
1.13687e-07
-9.54449e-08
6.92314e-08
-9.66542e-08
2.66191e-08
-9.26917e-08
-1.45643e-08
-8.3601e-08
-5.45613e-08
-6.92775e-08
-9.33751e-08
-4.96469e-08
-1.30956e-07
-2.45986e-08
-1.67169e-07
5.72635e-09
-2.01558e-07
4.11657e-08
-2.33485e-07
8.10222e-08
-2.62159e-07
1.24668e-07
-2.86847e-07
1.71392e-07
-3.06837e-07
2.20369e-07
-3.2162e-07
2.7072e-07
-3.30953e-07
3.21578e-07
-3.34885e-07
3.72138e-07
-3.33738e-07
4.21705e-07
-3.28052e-07
4.69713e-07
-3.1851e-07
5.15741e-07
-3.05857e-07
5.59504e-07
-2.90829e-07
6.0084e-07
-2.74108e-07
6.39688e-07
-2.56279e-07
6.7607e-07
-2.37817e-07
7.10068e-07
-2.19083e-07
7.41806e-07
-2.00326e-07
7.71426e-07
-1.81705e-07
7.99075e-07
-1.63306e-07
8.24879e-07
-1.45157e-07
8.48939e-07
-1.27244e-07
8.71326e-07
-1.09517e-07
8.92089e-07
-9.19066e-08
9.11246e-07
-7.43319e-08
9.28793e-07
-5.67145e-08
9.44712e-07
-3.89801e-08
9.58986e-07
-2.10679e-08
9.71624e-07
-2.94511e-09
9.82675e-07
1.54007e-08
9.92211e-07
3.3987e-08
1.00024e-06
5.28482e-08
1.0066e-06
7.20281e-08
1.01078e-06
9.15301e-08
1.01191e-06
1.11241e-07
1.0088e-06
1.30849e-07
1.0001e-06
1.49791e-07
9.8462e-07
1.6727e-07
9.61585e-07
1.82357e-07
9.30886e-07
1.94155e-07
8.93147e-07
2.01988e-07
8.49635e-07
2.05524e-07
8.02036e-07
2.04795e-07
7.5215e-07
2.0011e-07
7.01599e-07
1.9187e-07
6.51608e-07
1.80387e-07
6.02879e-07
1.65779e-07
5.55588e-07
1.48e-07
5.09487e-07
1.27004e-07
4.64247e-07
1.02899e-07
4.20166e-07
7.64999e-08
3.79268e-07
5.00552e-08
2.90642e-08
3.45528e-07
7.89872e-08
-3.22068e-07
8.15435e-08
-3.86086e-07
3.91895e-08
-3.04944e-07
-7.20178e-09
-2.25738e-07
-4.74964e-08
-1.66818e-07
-8.16116e-08
-1.2713e-07
-1.09409e-07
-1.04567e-07
-1.29435e-07
-9.71218e-08
-1.3997e-07
-1.02125e-07
-1.39631e-07
-1.16229e-07
-1.27596e-07
-1.35523e-07
-1.03638e-07
-1.55802e-07
-6.81044e-08
-1.72969e-07
-2.18267e-08
-1.8343e-07
3.38087e-08
-1.83807e-07
9.70806e-08
-1.71879e-07
1.66566e-07
-1.46184e-07
2.41526e-07
-1.05498e-07
3.21971e-07
-4.98597e-08
4.05345e-07
1.99514e-08
4.84215e-07
9.73479e-08
5.47658e-07
1.67704e-07
5.87275e-07
2.11866e-07
6.01305e-07
2.15828e-07
5.931e-07
1.78994e-07
5.69191e-07
1.11682e-07
5.38504e-07
2.00411e-08
5.03416e-07
-8.00888e-08
4.47971e-07
-1.28395e-07
3.50992e-07
-6.17155e-08
1.95119e-07
1.27791e-07
-1.3231e-08
3.83271e-07
-2.37523e-07
6.27735e-07
-4.35585e-07
8.1244e-07
-5.84259e-07
9.19284e-07
-6.82415e-07
9.53292e-07
-7.42243e-07
9.33522e-07
-7.79284e-07
8.8172e-07
-8.05975e-07
8.14701e-07
-8.29497e-07
7.42333e-07
-8.52635e-07
6.69169e-07
-8.75788e-07
5.96882e-07
-8.98483e-07
5.26033e-07
-9.20037e-07
4.56846e-07
-9.39707e-07
3.89415e-07
-9.56701e-07
3.23758e-07
-9.70209e-07
2.59879e-07
-9.79484e-07
1.97816e-07
-9.83895e-07
1.37674e-07
-9.83013e-07
7.96725e-08
-9.76573e-07
2.40244e-08
-9.64396e-07
-2.91818e-08
-9.46545e-07
-7.97291e-08
-9.23218e-07
-1.27381e-07
-8.94739e-07
-1.71942e-07
-8.61525e-07
-2.13257e-07
-8.24068e-07
-2.51239e-07
-7.82895e-07
-2.85887e-07
-7.38531e-07
-3.17303e-07
-6.91452e-07
-3.45693e-07
-6.42046e-07
-3.71347e-07
-5.90578e-07
-3.94588e-07
-5.37194e-07
-4.15688e-07
-4.81952e-07
-4.34796e-07
-4.24865e-07
-4.51874e-07
-3.6598e-07
-4.66667e-07
-3.05442e-07
-4.7873e-07
-2.43541e-07
-4.87515e-07
-1.80705e-07
-4.92515e-07
-1.17489e-07
-4.93295e-07
-5.44964e-08
-4.8971e-07
7.40679e-09
-4.81564e-07
6.7457e-08
-4.68981e-07
1.25193e-07
-4.52476e-07
1.80209e-07
-4.32686e-07
2.32158e-07
-4.10299e-07
2.80807e-07
-3.86018e-07
3.26028e-07
-3.60506e-07
3.67778e-07
-3.34355e-07
4.06085e-07
-3.0807e-07
4.41036e-07
-2.82066e-07
4.72757e-07
-2.56669e-07
5.01407e-07
-2.32124e-07
5.27166e-07
-2.08608e-07
5.50227e-07
-1.86238e-07
5.7079e-07
-1.65087e-07
5.89049e-07
-1.45196e-07
6.05185e-07
-1.26586e-07
6.19358e-07
-1.09277e-07
6.31712e-07
-9.3282e-08
6.4238e-07
-7.86131e-08
6.51497e-07
-6.52634e-08
6.59207e-07
-5.31866e-08
6.65659e-07
-4.22644e-08
6.71004e-07
-3.22663e-08
6.75368e-07
-2.28184e-08
6.7883e-07
-1.34071e-08
6.81376e-07
-3.44448e-09
6.82799e-07
7.61193e-09
6.8251e-07
2.01562e-08
6.79297e-07
3.45468e-08
6.71155e-07
5.16238e-08
6.55358e-07
7.36042e-08
6.2896e-07
1.04743e-07
5.8983e-07
1.50785e-07
5.37979e-07
2.16467e-07
4.7649e-07
3.01372e-07
4.11285e-07
3.96194e-07
3.4923e-07
4.82995e-07
2.95157e-07
5.41907e-07
2.49877e-07
5.61555e-07
2.11018e-07
5.44607e-07
1.75866e-07
5.03454e-07
1.43486e-07
4.51013e-07
1.13979e-07
3.94789e-07
8.77385e-08
3.37997e-07
6.51562e-08
2.82004e-07
4.65551e-08
2.27482e-07
3.22397e-08
1.74705e-07
2.22363e-08
1.23691e-07
1.66736e-08
7.47941e-08
1.59337e-08
2.73591e-08
1.99744e-08
-1.8605e-08
2.86273e-08
-6.32142e-08
4.19783e-08
-1.06726e-07
6.01745e-08
-1.49152e-07
8.32362e-08
-1.90231e-07
1.11097e-07
-2.29419e-07
1.43543e-07
-2.65931e-07
1.80201e-07
-2.98817e-07
2.20483e-07
-3.27128e-07
2.63655e-07
-3.50009e-07
3.08886e-07
-3.66851e-07
3.55301e-07
-3.77368e-07
4.02051e-07
-3.81635e-07
4.48371e-07
-3.80057e-07
4.93615e-07
-3.73296e-07
5.3728e-07
-3.62176e-07
5.79014e-07
-3.4759e-07
6.18597e-07
-3.30413e-07
6.55932e-07
-3.11442e-07
6.91013e-07
-2.9136e-07
7.23908e-07
-2.70712e-07
7.54732e-07
-2.49907e-07
7.83628e-07
-2.29222e-07
8.10747e-07
-2.08824e-07
8.36232e-07
-1.8879e-07
8.60201e-07
-1.69126e-07
8.82746e-07
-1.49788e-07
9.03925e-07
-1.30697e-07
9.23769e-07
-1.1175e-07
9.42281e-07
-9.28442e-08
9.59446e-07
-7.38792e-08
9.75234e-07
-5.47684e-08
9.89603e-07
-3.54369e-08
1.00249e-06
-1.583e-08
1.01382e-06
4.06814e-09
1.02357e-06
2.4237e-08
1.03178e-06
4.46397e-08
1.03855e-06
6.52551e-08
1.04398e-06
8.61035e-08
1.04798e-06
1.07236e-07
1.05016e-06
1.28671e-07
1.04968e-06
1.50277e-07
1.0453e-06
1.71643e-07
1.03565e-06
1.92012e-07
1.01947e-06
2.10335e-07
9.96001e-07
2.25456e-07
9.65174e-07
2.3635e-07
9.2764e-07
2.42329e-07
8.84625e-07
2.43125e-07
8.37658e-07
2.38837e-07
7.88256e-07
2.29789e-07
7.37648e-07
2.16386e-07
6.866e-07
1.99049e-07
6.35364e-07
1.78239e-07
5.83797e-07
1.54466e-07
5.31738e-07
1.28559e-07
4.79825e-07
1.01968e-07
7.73811e-08
4.31508e-07
3.67313e-08
-3.588e-07
-3.72573e-09
-3.45629e-07
-5.99818e-08
-2.48688e-07
-1.1524e-07
-1.7048e-07
-1.68507e-07
-1.13551e-07
-2.17552e-07
-7.80855e-08
-2.59345e-07
-6.27737e-08
-2.91091e-07
-6.53762e-08
-3.10568e-07
-8.26478e-08
-3.16274e-07
-1.10523e-07
-3.07453e-07
-1.44344e-07
-2.84083e-07
-1.79171e-07
-2.46828e-07
-2.10223e-07
-1.97042e-07
-2.33217e-07
-1.36305e-07
-2.44544e-07
-6.67115e-08
-2.41472e-07
9.48863e-09
-2.22384e-07
9.01876e-08
-1.86197e-07
1.74209e-07
-1.33881e-07
2.60535e-07
-6.63744e-08
3.45652e-07
1.22307e-08
4.22058e-07
9.12975e-08
4.80535e-07
1.5339e-07
5.1463e-07
1.81733e-07
5.22677e-07
1.70947e-07
5.10436e-07
1.23922e-07
4.87756e-07
4.27213e-08
4.48618e-07
-4.09506e-08
3.68625e-07
-4.84018e-08
2.26215e-07
8.06936e-08
2.57298e-08
3.28276e-07
-1.90537e-07
5.99537e-07
-3.80325e-07
8.17523e-07
-5.22176e-07
9.54292e-07
-6.14472e-07
1.01158e-06
-6.68582e-07
1.0074e-06
-6.99714e-07
9.64654e-07
-7.20254e-07
9.02259e-07
-7.37472e-07
8.31919e-07
-7.54466e-07
7.59327e-07
-7.72082e-07
6.86786e-07
-7.90329e-07
6.15129e-07
-8.08897e-07
5.44602e-07
-8.2721e-07
4.75159e-07
-8.44417e-07
4.06622e-07
-8.5949e-07
3.38831e-07
-8.7138e-07
2.71769e-07
-8.79162e-07
2.05598e-07
-8.82109e-07
1.40621e-07
-8.79758e-07
7.7321e-08
-8.71835e-07
1.61014e-08
-8.58171e-07
-4.28455e-08
-8.38862e-07
-9.90383e-08
-8.14124e-07
-1.52119e-07
-7.843e-07
-2.01767e-07
-7.49846e-07
-2.47711e-07
-7.11318e-07
-2.89767e-07
-6.69337e-07
-3.27869e-07
-6.24551e-07
-3.62088e-07
-5.77572e-07
-3.92672e-07
-5.28907e-07
-4.20012e-07
-4.78893e-07
-4.44603e-07
-4.27681e-07
-4.669e-07
-3.75265e-07
-4.87212e-07
-3.21546e-07
-5.05593e-07
-2.66422e-07
-5.21792e-07
-2.09883e-07
-5.35269e-07
-1.5209e-07
-5.45308e-07
-9.33602e-08
-5.51245e-07
-3.42127e-08
-5.52443e-07
2.45404e-08
-5.48463e-07
8.2137e-08
-5.39161e-07
1.38025e-07
-5.2487e-07
1.91677e-07
-5.06128e-07
2.42651e-07
-4.8366e-07
2.90629e-07
-4.58277e-07
3.35406e-07
-4.30795e-07
3.76878e-07
-4.01978e-07
4.15028e-07
-3.72505e-07
4.49904e-07
-3.42946e-07
4.81603e-07
-3.13765e-07
5.10256e-07
-2.85322e-07
5.36021e-07
-2.57889e-07
5.59072e-07
-2.31658e-07
5.7959e-07
-2.06756e-07
5.97763e-07
-1.8326e-07
6.13772e-07
-1.61205e-07
6.27785e-07
-1.406e-07
6.39951e-07
-1.21443e-07
6.50394e-07
-1.03725e-07
6.59221e-07
-8.74404e-08
6.66536e-07
-7.25785e-08
6.72451e-07
-5.91015e-08
6.77097e-07
-4.69096e-08
6.80621e-07
-3.57909e-08
6.83177e-07
-2.53745e-08
6.84884e-07
-1.51135e-08
6.85762e-07
-4.3233e-09
6.85634e-07
7.74043e-09
6.83944e-07
2.18461e-08
6.79559e-07
3.89319e-08
6.70658e-07
6.0525e-08
6.54918e-07
8.93443e-08
6.30136e-07
1.29525e-07
5.95232e-07
1.85688e-07
5.51248e-07
2.60451e-07
5.01679e-07
3.50941e-07
4.51598e-07
4.46276e-07
4.05632e-07
5.28961e-07
3.65866e-07
5.81674e-07
3.31385e-07
5.96036e-07
2.9997e-07
5.76022e-07
2.70198e-07
5.33226e-07
2.42185e-07
4.79027e-07
2.16593e-07
4.20381e-07
1.93971e-07
3.60619e-07
1.74671e-07
3.01304e-07
1.58918e-07
2.43234e-07
1.46817e-07
1.86806e-07
1.38371e-07
1.32137e-07
1.33925e-07
7.92405e-08
1.33367e-07
2.7917e-08
1.36782e-07
-2.20203e-08
1.44338e-07
-7.07697e-08
1.56234e-07
-1.18623e-07
1.72627e-07
-1.65545e-07
1.9357e-07
-2.11173e-07
2.18988e-07
-2.54838e-07
2.48655e-07
-2.95597e-07
2.82173e-07
-3.32336e-07
3.18964e-07
-3.63919e-07
3.58306e-07
-3.89352e-07
3.99386e-07
-4.07931e-07
4.41364e-07
-4.19345e-07
4.83439e-07
-4.23711e-07
5.24913e-07
-4.21531e-07
5.6522e-07
-4.13602e-07
6.03943e-07
-4.00899e-07
6.40816e-07
-3.84463e-07
6.75703e-07
-3.653e-07
7.08578e-07
-3.44317e-07
7.39497e-07
-3.22279e-07
7.68574e-07
-2.99789e-07
7.95956e-07
-2.77289e-07
8.21803e-07
-2.55069e-07
8.46269e-07
-2.33291e-07
8.6949e-07
-2.12011e-07
8.9157e-07
-1.91206e-07
9.12578e-07
-1.70796e-07
9.32549e-07
-1.50667e-07
9.51486e-07
-1.30687e-07
9.69363e-07
-1.10722e-07
9.86134e-07
-9.06503e-08
1.00174e-06
-7.03735e-08
1.01612e-06
-4.98141e-08
1.0292e-06
-2.89163e-08
1.04092e-06
-7.64874e-09
1.05117e-06
1.39821e-08
1.05989e-06
3.59288e-08
1.06703e-06
5.81091e-08
1.07269e-06
8.04419e-08
1.07705e-06
1.02882e-07
1.08027e-06
1.25447e-07
1.08236e-06
1.48186e-07
1.08293e-06
1.71072e-07
1.0811e-06
1.93838e-07
1.07559e-06
2.15846e-07
1.06497e-06
2.36079e-07
1.04803e-06
2.5329e-07
1.0241e-06
2.66262e-07
9.93171e-07
2.74051e-07
9.55875e-07
2.76133e-07
9.13246e-07
2.72418e-07
8.66455e-07
2.63178e-07
8.16555e-07
2.48949e-07
7.64302e-07
2.30492e-07
7.10054e-07
2.08714e-07
6.53879e-07
1.84734e-07
5.95948e-07
1.599e-07
1.34942e-07
5.38387e-07
-1.56161e-08
-3.43184e-07
-7.92039e-08
-2.82041e-07
-1.49033e-07
-1.78858e-07
-2.21196e-07
-9.83166e-08
-2.91913e-07
-4.28336e-08
-3.5683e-07
-1.31685e-08
-4.12282e-07
-7.32255e-09
-4.54936e-07
-2.27222e-08
-4.82378e-07
-5.52049e-08
-4.93142e-07
-9.97594e-08
-4.86652e-07
-1.50834e-07
-4.63199e-07
-2.02624e-07
-4.23829e-07
-2.49594e-07
-3.70215e-07
-2.8683e-07
-3.04495e-07
-3.10264e-07
-2.29097e-07
-3.1687e-07
-1.4666e-07
-3.04822e-07
-5.94235e-08
-2.73433e-07
2.99771e-08
-2.23282e-07
1.19621e-07
-1.56018e-07
2.07405e-07
-7.55533e-08
2.88721e-07
9.98138e-09
3.56656e-07
8.54547e-08
4.03519e-07
1.3487e-07
4.25595e-07
1.48871e-07
4.28755e-07
1.20763e-07
4.16963e-07
5.45128e-08
3.70147e-07
5.86553e-09
2.59486e-07
6.22595e-08
8.01012e-08
2.60078e-07
-1.27214e-07
5.35592e-07
-3.1264e-07
7.84963e-07
-4.52278e-07
9.57161e-07
-5.43104e-07
1.04512e-06
-5.94877e-07
1.06335e-06
-6.22074e-07
1.0346e-06
-6.37237e-07
9.79817e-07
-6.48198e-07
9.1322e-07
-6.58704e-07
8.42425e-07
-6.70255e-07
7.70878e-07
-6.83426e-07
6.99957e-07
-6.9832e-07
6.30023e-07
-7.14557e-07
5.60838e-07
-7.3125e-07
4.91852e-07
-7.47156e-07
4.22528e-07
-7.60921e-07
3.52597e-07
-7.71318e-07
2.82165e-07
-7.77397e-07
2.11677e-07
-7.78518e-07
1.41743e-07
-7.74333e-07
7.31364e-08
-7.64657e-07
6.42451e-09
-7.49421e-07
-5.80807e-08
-7.28731e-07
-1.19729e-07
-7.02778e-07
-1.78072e-07
-6.71856e-07
-2.32689e-07
-6.3638e-07
-2.83186e-07
-5.96899e-07
-3.29247e-07
-5.54066e-07
-3.70702e-07
-5.08622e-07
-4.07533e-07
-4.61322e-07
-4.39972e-07
-4.12842e-07
-4.68492e-07
-3.63658e-07
-4.93787e-07
-3.13997e-07
-5.16561e-07
-2.6385e-07
-5.37359e-07
-2.13039e-07
-5.56404e-07
-1.61339e-07
-5.73492e-07
-1.08582e-07
-5.88026e-07
-5.47676e-08
-5.99122e-07
-2.38639e-10
-6.05774e-07
5.44444e-08
-6.07126e-07
1.08626e-07
-6.02645e-07
1.61719e-07
-5.92254e-07
2.13109e-07
-5.76259e-07
2.62274e-07
-5.55293e-07
3.08809e-07
-5.30195e-07
3.52429e-07
-5.01897e-07
3.92966e-07
-4.71331e-07
4.30348e-07
-4.3936e-07
4.64585e-07
-4.06742e-07
4.95745e-07
-3.74106e-07
5.23939e-07
-3.41959e-07
5.49305e-07
-3.10688e-07
5.71998e-07
-2.80582e-07
5.92183e-07
-2.51843e-07
6.10029e-07
-2.24602e-07
6.25706e-07
-1.98938e-07
6.39382e-07
-1.74881e-07
6.51211e-07
-1.52429e-07
6.61328e-07
-1.3156e-07
6.69845e-07
-1.12242e-07
6.7685e-07
-9.44448e-08
6.82416e-07
-7.81442e-08
6.8662e-07
-6.33056e-08
6.89561e-07
-4.9851e-08
6.91374e-07
-3.76037e-08
6.92223e-07
-2.62239e-08
6.9227e-07
-1.51602e-08
6.91591e-07
-3.64421e-09
6.90056e-07
9.27496e-09
6.87173e-07
2.47291e-08
6.81954e-07
4.41518e-08
6.72909e-07
6.95697e-08
6.58318e-07
1.03935e-07
6.36815e-07
1.51028e-07
6.08164e-07
2.14339e-07
5.73851e-07
2.94764e-07
5.36998e-07
3.87794e-07
5.01294e-07
4.81979e-07
4.69322e-07
5.60933e-07
4.4136e-07
6.09636e-07
4.1582e-07
6.21576e-07
3.90965e-07
6.00876e-07
3.66292e-07
5.579e-07
3.42471e-07
5.02847e-07
3.2043e-07
4.42422e-07
3.00841e-07
3.80208e-07
2.841e-07
3.18045e-07
2.70423e-07
2.56912e-07
2.59919e-07
1.9731e-07
2.52676e-07
1.39379e-07
2.48843e-07
8.30737e-08
2.48544e-07
2.82158e-08
2.51879e-07
-2.53554e-08
2.59009e-07
-7.78992e-08
2.70099e-07
-1.29713e-07
2.85264e-07
-1.80709e-07
3.04534e-07
-2.30443e-07
3.27816e-07
-2.7812e-07
3.54867e-07
-3.22648e-07
3.85275e-07
-3.62743e-07
4.18462e-07
-3.97106e-07
4.53725e-07
-4.24615e-07
4.90287e-07
-4.44492e-07
5.27368e-07
-4.56426e-07
5.6425e-07
-4.60594e-07
6.00334e-07
-4.57615e-07
6.35162e-07
-4.4843e-07
6.68431e-07
-4.34169e-07
6.99982e-07
-4.16014e-07
7.29775e-07
-3.95093e-07
7.57864e-07
-3.72406e-07
7.84369e-07
-3.48785e-07
8.09451e-07
-3.24871e-07
8.33286e-07
-3.01123e-07
8.56044e-07
-2.77828e-07
8.77879e-07
-2.55126e-07
8.98908e-07
-2.3304e-07
9.19211e-07
-2.11508e-07
9.38822e-07
-1.90408e-07
9.57738e-07
-1.69583e-07
9.7592e-07
-1.48869e-07
9.93302e-07
-1.28103e-07
1.0098e-06
-1.07146e-07
1.02531e-06
-8.58846e-08
1.03974e-06
-6.42408e-08
1.05299e-06
-4.21678e-08
1.06498e-06
-1.96448e-08
1.07565e-06
3.31822e-09
1.0849e-06
2.668e-08
1.09265e-06
5.03581e-08
1.09885e-06
7.42369e-08
1.10355e-06
9.81832e-08
1.10692e-06
1.2208e-07
1.10923e-06
1.4587e-07
1.11075e-06
1.69561e-07
1.11143e-06
1.93154e-07
1.1108e-06
2.16481e-07
1.10783e-06
2.39047e-07
1.10115e-06
2.59968e-07
1.08935e-06
2.78061e-07
1.07132e-06
2.92079e-07
1.04649e-06
3.00965e-07
1.01485e-06
3.04054e-07
9.76882e-07
3.0115e-07
9.33314e-07
2.92516e-07
8.84973e-07
2.78833e-07
8.32572e-07
2.61115e-07
7.76667e-07
2.40639e-07
7.17618e-07
2.18948e-07
1.95995e-07
6.56566e-07
-5.73841e-08
-2.858e-07
-1.42484e-07
-1.96942e-07
-2.32936e-07
-8.84057e-08
-3.24246e-07
-7.00642e-09
-4.12786e-07
4.5706e-08
-4.9297e-07
6.70153e-08
-5.61198e-07
6.09053e-08
-6.13512e-07
2.95918e-08
-6.47498e-07
-2.1218e-08
-6.61994e-07
-8.52633e-08
-6.56677e-07
-1.56152e-07
-6.32209e-07
-2.27092e-07
-5.90024e-07
-2.91779e-07
-5.32173e-07
-3.44681e-07
-4.61185e-07
-3.81252e-07
-3.79936e-07
-3.98119e-07
-2.91496e-07
-3.93262e-07
-1.98808e-07
-3.66121e-07
-1.04433e-07
-3.17657e-07
-1.06424e-08
-2.49809e-07
8.00041e-08
-1.662e-07
1.64569e-07
-7.45833e-08
2.37239e-07
1.27846e-08
2.92011e-07
8.00976e-08
3.2723e-07
1.13653e-07
3.46878e-07
1.01115e-07
3.39821e-07
6.15702e-08
2.74854e-07
7.08323e-08
1.35039e-07
2.02074e-07
-5.35292e-08
4.48647e-07
-2.3488e-07
7.16943e-07
-3.75457e-07
9.25539e-07
-4.68428e-07
1.05013e-06
-5.21042e-07
1.09773e-06
-5.46517e-07
1.08883e-06
-5.57503e-07
1.04559e-06
-5.62661e-07
9.84975e-07
-5.66654e-07
9.17213e-07
-5.71742e-07
8.47514e-07
-5.79112e-07
7.78247e-07
-5.89331e-07
7.10176e-07
-6.02298e-07
6.4299e-07
-6.17178e-07
5.75719e-07
-6.32565e-07
5.07239e-07
-6.46814e-07
4.36777e-07
-6.58402e-07
3.64184e-07
-6.66161e-07
2.89924e-07
-6.69372e-07
2.14889e-07
-6.67707e-07
1.40077e-07
-6.6106e-07
6.64893e-08
-6.49403e-07
-5.23183e-09
-6.3274e-07
-7.47438e-08
-6.11142e-07
-1.41327e-07
-5.847e-07
-2.04514e-07
-5.53569e-07
-2.6382e-07
-5.18028e-07
-3.18727e-07
-4.78536e-07
-3.68739e-07
-4.35677e-07
-4.13561e-07
-3.90201e-07
-4.53009e-07
-3.4295e-07
-4.87222e-07
-2.94773e-07
-5.16669e-07
-2.46315e-07
-5.42245e-07
-1.97941e-07
-5.64934e-07
-1.49701e-07
-5.85599e-07
-1.01398e-07
-6.04708e-07
-5.27123e-08
-6.22177e-07
-3.42108e-09
-6.37317e-07
4.64816e-08
-6.49025e-07
9.67424e-08
-6.56035e-07
1.46943e-07
-6.57326e-07
1.96538e-07
-6.5224e-07
2.44927e-07
-6.40643e-07
2.91547e-07
-6.22879e-07
3.35925e-07
-5.99672e-07
3.77707e-07
-5.71977e-07
4.16659e-07
-5.40849e-07
4.5266e-07
-5.07332e-07
4.85679e-07
-4.7238e-07
5.15757e-07
-4.3682e-07
5.42984e-07
-4.01333e-07
5.67483e-07
-3.66457e-07
5.89395e-07
-3.32601e-07
6.08874e-07
-3.00061e-07
6.26074e-07
-2.69043e-07
6.41151e-07
-2.39679e-07
6.54257e-07
-2.12044e-07
6.6554e-07
-1.86164e-07
6.75141e-07
-1.6203e-07
6.83184e-07
-1.39602e-07
6.89768e-07
-1.18826e-07
6.94968e-07
-9.96453e-08
6.98837e-07
-8.20131e-08
7.01419e-07
-6.5888e-08
7.02777e-07
-5.12085e-08
7.03013e-07
-3.78396e-08
7.02282e-07
-2.54933e-08
7.00768e-07
-1.36465e-08
6.98608e-07
-1.48341e-09
6.95764e-07
1.21186e-08
6.91888e-07
2.86049e-08
6.86237e-07
4.98032e-08
6.77736e-07
7.80702e-08
6.65272e-07
1.16399e-07
6.48181e-07
1.68119e-07
6.26767e-07
2.35753e-07
6.02556e-07
3.18975e-07
5.77966e-07
4.12384e-07
5.55317e-07
5.04628e-07
5.35605e-07
5.80646e-07
5.17983e-07
6.27257e-07
5.00597e-07
6.38962e-07
4.82093e-07
6.19381e-07
4.62464e-07
5.77528e-07
4.42695e-07
5.22616e-07
4.23912e-07
4.61206e-07
4.06941e-07
3.97178e-07
3.92289e-07
3.32697e-07
3.80249e-07
2.68953e-07
3.71019e-07
2.0654e-07
3.64757e-07
1.45641e-07
3.61626e-07
8.62045e-08
3.61757e-07
2.80844e-08
3.65243e-07
-2.88409e-08
3.72212e-07
-8.48691e-08
3.82783e-07
-1.40284e-07
3.97011e-07
-1.94937e-07
4.14868e-07
-2.48299e-07
4.36205e-07
-2.99457e-07
4.6073e-07
-3.47173e-07
4.87999e-07
-3.90012e-07
5.1743e-07
-4.26538e-07
5.48343e-07
-4.55528e-07
5.80018e-07
-4.76167e-07
6.11763e-07
-4.88171e-07
6.42976e-07
-4.91808e-07
6.7319e-07
-4.87828e-07
7.02088e-07
-4.77328e-07
7.29504e-07
-4.61585e-07
7.55403e-07
-4.41912e-07
7.79852e-07
-4.19541e-07
8.0299e-07
-3.95545e-07
8.25002e-07
-3.70797e-07
8.46092e-07
-3.45961e-07
8.66457e-07
-3.21488e-07
8.86274e-07
-2.97645e-07
9.0568e-07
-2.74532e-07
9.24767e-07
-2.52127e-07
9.43574e-07
-2.30315e-07
9.62088e-07
-2.08922e-07
9.80251e-07
-1.87747e-07
9.97971e-07
-1.66588e-07
1.01513e-06
-1.45258e-07
1.03158e-06
-1.23598e-07
1.04718e-06
-1.0149e-07
1.0618e-06
-7.88575e-08
1.0753e-06
-5.56662e-08
1.08757e-06
-3.19177e-08
1.09853e-06
-7.64501e-09
1.10812e-06
1.70897e-08
1.11629e-06
4.21938e-08
1.12298e-06
6.75437e-08
1.12817e-06
9.29942e-08
1.13188e-06
1.18369e-07
1.13426e-06
1.43489e-07
1.13561e-06
1.68217e-07
1.13627e-06
1.92493e-07
1.13645e-06
2.16293e-07
1.13599e-06
2.39508e-07
1.13418e-06
2.61781e-07
1.12983e-06
2.82412e-07
1.12152e-06
3.0039e-07
1.1079e-06
3.14583e-07
1.08798e-06
3.23977e-07
1.06123e-06
3.27896e-07
1.02763e-06
3.26122e-07
9.87516e-07
3.18943e-07
9.41512e-07
3.07119e-07
8.90374e-07
2.91777e-07
8.34797e-07
2.74525e-07
2.55241e-07
7.75551e-07
-9.08823e-08
-1.94917e-07
-1.98905e-07
-8.89188e-08
-3.10014e-07
2.27032e-08
-4.20425e-07
1.03404e-07
-5.24935e-07
1.50216e-07
-6.19584e-07
1.61665e-07
-6.98933e-07
1.40254e-07
-7.59501e-07
9.0159e-08
-7.98521e-07
1.78023e-08
-8.15385e-07
-6.83993e-08
-8.10231e-07
-1.61305e-07
-7.84122e-07
-2.53201e-07
-7.38776e-07
-3.37125e-07
-6.76441e-07
-4.07017e-07
-5.99854e-07
-4.57838e-07
-5.12238e-07
-4.85736e-07
-4.17182e-07
-4.88318e-07
-3.18353e-07
-4.64949e-07
-2.19137e-07
-4.16873e-07
-1.21907e-07
-3.47039e-07
-2.82345e-08
-2.59872e-07
5.90588e-08
-1.61877e-07
1.35151e-07
-6.33079e-08
1.97073e-07
1.81758e-08
2.45908e-07
6.48172e-08
2.76053e-07
7.09707e-08
2.60339e-07
7.72841e-08
1.72188e-07
1.58983e-07
1.88608e-08
3.55402e-07
-1.51719e-07
6.19227e-07
-2.93074e-07
8.58298e-07
-3.90256e-07
1.02272e-06
-4.46366e-07
1.10624e-06
-4.72516e-07
1.12388e-06
-4.81027e-07
1.09734e-06
-4.81359e-07
1.04592e-06
-4.79217e-07
9.82833e-07
-4.77697e-07
9.15693e-07
-4.78604e-07
8.48421e-07
-4.83012e-07
7.82655e-07
-4.91212e-07
7.18376e-07
-5.02584e-07
6.54362e-07
-5.157e-07
5.88835e-07
-5.28704e-07
5.20243e-07
-5.39774e-07
4.47847e-07
-5.47503e-07
3.71914e-07
-5.51072e-07
2.93493e-07
-5.50198e-07
2.14015e-07
-5.44962e-07
1.34841e-07
-5.35553e-07
5.70807e-08
-5.21974e-07
-1.88112e-08
-5.04281e-07
-9.2437e-08
-4.82443e-07
-1.63165e-07
-4.56406e-07
-2.3055e-07
-4.26144e-07
-2.94083e-07
-3.91739e-07
-3.53133e-07
-3.53509e-07
-4.06968e-07
-3.11902e-07
-4.55168e-07
-2.67593e-07
-4.97319e-07
-2.21414e-07
-5.33401e-07
-1.74314e-07
-5.63769e-07
-1.27075e-07
-5.89484e-07
-8.02077e-08
-6.11801e-07
-3.38566e-08
-6.3195e-07
1.2114e-08
-6.50678e-07
5.79662e-08
-6.6803e-07
1.03933e-07
-6.83284e-07
1.50074e-07
-6.95166e-07
1.96242e-07
-7.02202e-07
2.42052e-07
-7.03137e-07
2.87005e-07
-6.97193e-07
3.30561e-07
-6.84198e-07
3.72223e-07
-6.64541e-07
4.11591e-07
-6.39039e-07
4.48382e-07
-6.08768e-07
4.82432e-07
-5.74899e-07
5.13678e-07
-5.38578e-07
5.42138e-07
-5.0084e-07
5.67886e-07
-4.62567e-07
5.91032e-07
-4.24479e-07
6.11711e-07
-3.87136e-07
6.30066e-07
-3.50956e-07
6.46243e-07
-3.16238e-07
6.60388e-07
-2.83188e-07
6.7264e-07
-2.51931e-07
6.83132e-07
-2.22536e-07
6.91995e-07
-1.95027e-07
6.99349e-07
-1.69385e-07
7.05307e-07
-1.4556e-07
7.0996e-07
-1.23479e-07
7.13377e-07
-1.03061e-07
7.15595e-07
-8.42314e-08
7.16636e-07
-6.69294e-08
7.16527e-07
-5.1099e-08
7.15329e-07
-3.66414e-08
7.13166e-07
-2.33309e-08
7.10224e-07
-1.07038e-08
7.06689e-07
2.05113e-09
7.02648e-07
1.61596e-08
6.9796e-07
3.32926e-08
6.922e-07
5.55631e-08
6.84736e-07
8.55346e-08
6.74988e-07
1.26148e-07
6.62808e-07
1.80299e-07
6.4879e-07
2.4977e-07
6.34292e-07
3.33473e-07
6.20997e-07
4.25679e-07
6.10073e-07
5.15551e-07
6.01351e-07
5.89368e-07
5.93245e-07
6.35363e-07
5.83736e-07
6.48471e-07
5.71653e-07
6.31463e-07
5.57218e-07
5.91964e-07
5.41574e-07
5.3826e-07
5.2601e-07
4.7677e-07
5.11522e-07
4.11666e-07
4.98775e-07
3.45445e-07
4.88198e-07
2.79529e-07
4.80098e-07
2.1464e-07
4.74711e-07
1.51028e-07
4.72234e-07
8.86817e-08
4.72807e-07
2.75114e-08
4.76515e-07
-3.25483e-08
4.8344e-07
-9.17944e-08
4.93629e-07
-1.50473e-07
5.07056e-07
-2.08364e-07
5.23603e-07
-2.64845e-07
5.43034e-07
-3.18888e-07
5.64986e-07
-3.69125e-07
5.88971e-07
-4.13997e-07
6.14401e-07
-4.51967e-07
6.40632e-07
-4.81758e-07
6.67023e-07
-5.02559e-07
6.93003e-07
-5.14151e-07
7.18118e-07
-5.16923e-07
7.42064e-07
-5.11774e-07
7.64694e-07
-4.99957e-07
7.85997e-07
-4.82888e-07
8.06076e-07
-4.61991e-07
8.25108e-07
-4.38573e-07
8.43318e-07
-4.13755e-07
8.60952e-07
-3.88431e-07
8.78248e-07
-3.63256e-07
8.95417e-07
-3.38658e-07
9.12628e-07
-3.14855e-07
9.2999e-07
-2.91895e-07
9.47551e-07
-2.69689e-07
9.65294e-07
-2.48058e-07
9.83143e-07
-2.2677e-07
1.00097e-06
-2.05577e-07
1.01862e-06
-1.84237e-07
1.0359e-06
-1.62539e-07
1.05262e-06
-1.40316e-07
1.06858e-06
-1.17448e-07
1.08359e-06
-9.38678e-08
1.09748e-06
-6.95614e-08
1.11012e-06
-4.45572e-08
1.1214e-06
-1.89194e-08
1.13123e-06
7.25391e-09
1.13959e-06
3.38362e-08
1.14646e-06
6.06696e-08
1.15187e-06
8.75934e-08
1.1558e-06
1.1443e-07
1.15832e-06
1.4097e-07
1.15955e-06
1.66988e-07
1.15976e-06
1.92286e-07
1.15931e-06
2.16739e-07
1.15853e-06
2.40288e-07
1.15746e-06
2.62857e-07
1.15566e-06
2.84214e-07
1.15219e-06
3.03857e-07
1.14576e-06
3.21016e-07
1.13496e-06
3.34776e-07
1.11857e-06
3.44288e-07
1.09572e-06
3.48964e-07
1.06604e-06
3.48624e-07
1.0296e-06
3.43566e-07
9.86889e-07
3.34484e-07
9.3867e-07
3.22744e-07
3.08303e-07
8.85608e-07
-1.17201e-07
-7.77163e-08
-2.46544e-07
4.04245e-08
-3.76107e-07
1.52266e-07
-5.0367e-07
2.30968e-07
-6.23337e-07
2.69883e-07
-7.29616e-07
2.67943e-07
-8.17368e-07
2.28007e-07
-8.83228e-07
1.56019e-07
-9.25096e-07
5.96695e-08
-9.42697e-07
-5.07976e-08
-9.37152e-07
-1.6685e-07
-9.09909e-07
-2.80444e-07
-8.62703e-07
-3.84331e-07
-7.97505e-07
-4.72216e-07
-7.16681e-07
-5.38661e-07
-6.23257e-07
-5.7916e-07
-5.21044e-07
-5.90531e-07
-4.14447e-07
-5.71546e-07
-3.07889e-07
-5.23431e-07
-2.05008e-07
-4.49919e-07
-1.08056e-07
-3.56825e-07
-1.84741e-08
-2.51458e-07
6.15535e-08
-1.43335e-07
1.31883e-07
-5.21537e-08
1.89747e-07
6.95339e-09
2.1563e-07
4.5087e-08
1.79975e-07
1.1294e-07
7.45697e-08
2.64388e-07
-7.15753e-08
5.01547e-07
-2.08693e-07
7.56344e-07
-3.09473e-07
9.59078e-07
-3.70444e-07
1.08369e-06
-3.99337e-07
1.13513e-06
-4.07319e-07
1.13186e-06
-4.04254e-07
1.09427e-06
-3.96823e-07
1.03849e-06
-3.88974e-07
9.74984e-07
-3.83106e-07
9.09825e-07
-3.80783e-07
8.46098e-07
-3.82772e-07
7.84644e-07
-3.88858e-07
7.24462e-07
-3.97837e-07
6.6334e-07
-4.0783e-07
5.98828e-07
-4.16801e-07
5.29214e-07
-4.2306e-07
4.54106e-07
-4.25576e-07
3.74429e-07
-4.24035e-07
2.91953e-07
-4.18646e-07
2.08625e-07
-4.09836e-07
1.26031e-07
-3.97895e-07
4.51396e-08
-3.82877e-07
-3.38296e-08
-3.64648e-07
-1.10666e-07
-3.4309e-07
-1.84724e-07
-3.18044e-07
-2.55595e-07
-2.89366e-07
-3.22761e-07
-2.56968e-07
-3.85531e-07
-2.21002e-07
-4.42935e-07
-1.81766e-07
-4.94404e-07
-1.39832e-07
-5.39253e-07
-9.58996e-08
-5.77333e-07
-5.09107e-08
-6.08758e-07
-5.68237e-09
-6.34713e-07
3.91333e-08
-6.56617e-07
8.32243e-08
-6.76041e-07
1.26648e-07
-6.94102e-07
1.6963e-07
-7.11011e-07
2.12376e-07
-7.26029e-07
2.54926e-07
-7.37717e-07
2.97114e-07
-7.4439e-07
3.38583e-07
-7.44605e-07
3.78871e-07
-7.37482e-07
4.17505e-07
-7.22832e-07
4.54072e-07
-7.01108e-07
4.88266e-07
-6.73233e-07
5.19898e-07
-6.404e-07
5.48887e-07
-6.03888e-07
5.75239e-07
-5.6493e-07
5.99022e-07
-5.24623e-07
6.20346e-07
-4.83891e-07
6.3934e-07
-4.43474e-07
6.56145e-07
-4.03941e-07
6.70903e-07
-3.65713e-07
6.83751e-07
-3.29086e-07
6.9482e-07
-2.94257e-07
7.04234e-07
-2.61344e-07
7.12108e-07
-2.3041e-07
7.1855e-07
-2.01469e-07
7.23665e-07
-1.745e-07
7.27549e-07
-1.49444e-07
7.30288e-07
-1.26218e-07
7.31945e-07
-1.04718e-07
7.32554e-07
-8.48404e-08
7.32123e-07
-6.64991e-08
7.30652e-07
-4.96277e-08
7.2816e-07
-3.41499e-08
7.2473e-07
-1.99005e-08
7.20524e-07
-6.49741e-09
7.15765e-07
6.80995e-09
7.10661e-07
2.12638e-08
7.05305e-07
3.86485e-08
6.99618e-07
6.12499e-08
6.934e-07
9.17527e-08
6.86525e-07
1.33022e-07
6.7921e-07
1.87614e-07
6.72183e-07
2.56798e-07
6.66564e-07
3.39093e-07
6.63399e-07
4.28844e-07
6.62961e-07
5.15989e-07
6.64236e-07
5.88093e-07
6.65123e-07
6.34476e-07
6.63444e-07
6.5015e-07
6.58043e-07
6.36864e-07
6.49158e-07
6.00849e-07
6.37959e-07
5.49458e-07
6.25832e-07
4.88897e-07
6.13945e-07
4.23553e-07
6.03149e-07
3.5624e-07
5.94044e-07
2.88634e-07
5.87062e-07
2.21622e-07
5.82525e-07
1.55565e-07
5.8067e-07
9.05369e-08
5.81656e-07
2.65257e-08
5.85563e-07
-3.64551e-08
5.92427e-07
-9.86586e-08
6.02212e-07
-1.60258e-07
6.1479e-07
-2.20943e-07
6.29934e-07
-2.79989e-07
6.47304e-07
-3.36258e-07
6.66455e-07
-3.88277e-07
6.86856e-07
-4.34398e-07
7.07921e-07
-4.73032e-07
7.29063e-07
-5.029e-07
7.49748e-07
-5.23244e-07
7.69555e-07
-5.33958e-07
7.8821e-07
-5.35578e-07
8.05601e-07
-5.29166e-07
8.2177e-07
-5.16125e-07
8.36873e-07
-4.97992e-07
8.51153e-07
-4.76271e-07
8.64898e-07
-4.52318e-07
8.78411e-07
-4.27269e-07
8.91987e-07
-4.02007e-07
9.05889e-07
-3.77157e-07
9.20325e-07
-3.53094e-07
9.35438e-07
-3.29968e-07
9.51293e-07
-3.07749e-07
9.67872e-07
-2.86268e-07
9.85083e-07
-2.6527e-07
1.00277e-06
-2.44459e-07
1.02073e-06
-2.23537e-07
1.03873e-06
-2.02231e-07
1.0565e-06
-1.80314e-07
1.0738e-06
-1.57615e-07
1.09037e-06
-1.34023e-07
1.106e-06
-1.09489e-07
1.12046e-06
-8.40243e-08
1.13359e-06
-5.76901e-08
1.14526e-06
-3.05889e-08
1.15537e-06
-2.85686e-09
1.16387e-06
2.53392e-08
1.17075e-06
5.37924e-08
1.17605e-06
8.22884e-08
1.17985e-06
1.10626e-07
1.18223e-06
1.38595e-07
1.18325e-06
1.65967e-07
1.18305e-06
1.9249e-07
1.18185e-06
2.17935e-07
1.18e-06
2.42136e-07
1.17785e-06
2.65012e-07
1.17554e-06
2.86517e-07
1.17287e-06
3.0653e-07
1.16914e-06
3.24749e-07
1.16325e-06
3.40665e-07
1.1539e-06
3.53635e-07
1.13983e-06
3.63034e-07
1.12004e-06
3.68414e-07
1.09395e-06
3.69653e-07
1.06151e-06
3.66932e-07
1.02312e-06
3.61136e-07
3.52167e-07
9.79252e-07
-1.37337e-07
5.96203e-08
-2.81749e-07
1.84837e-07
-4.277e-07
2.98217e-07
-5.68806e-07
3.72074e-07
-6.99063e-07
4.0014e-07
-8.12082e-07
3.80961e-07
-9.02725e-07
3.18651e-07
-9.68328e-07
2.21622e-07
-1.00863e-06
9.9976e-08
-1.02464e-06
-3.47902e-08
-1.01849e-06
-1.73005e-07
-9.92093e-07
-3.06838e-07
-9.46878e-07
-4.29546e-07
-8.83911e-07
-5.35183e-07
-8.04336e-07
-6.18236e-07
-7.09979e-07
-6.73518e-07
-6.03859e-07
-6.9665e-07
-4.90295e-07
-6.8511e-07
-3.74466e-07
-6.3926e-07
-2.6164e-07
-5.62745e-07
-1.56197e-07
-4.62268e-07
-6.03311e-08
-3.47324e-07
2.53397e-08
-2.29006e-07
9.94177e-08
-1.26232e-07
1.51591e-07
-4.52197e-08
1.58024e-07
3.86537e-08
1.02012e-07
1.68952e-07
-6.38213e-09
3.72782e-07
-1.28832e-07
6.23996e-07
-2.28896e-07
8.56409e-07
-2.93946e-07
1.02413e-06
-3.26604e-07
1.11635e-06
-3.35737e-07
1.14427e-06
-3.30874e-07
1.127e-06
-3.1937e-07
1.08277e-06
-3.05949e-07
1.02507e-06
-2.93548e-07
9.62583e-07
-2.84132e-07
9.00409e-07
-2.78919e-07
8.40885e-07
-2.78221e-07
7.83945e-07
-2.81306e-07
7.27547e-07
-2.8657e-07
6.68605e-07
-2.91982e-07
6.0424e-07
-2.95639e-07
5.32871e-07
-2.96216e-07
4.54682e-07
-2.93167e-07
3.7138e-07
-2.86684e-07
2.8547e-07
-2.77409e-07
1.9935e-07
-2.65844e-07
1.14466e-07
-2.52308e-07
3.16043e-08
-2.36425e-07
-4.97129e-08
-2.18022e-07
-1.29069e-07
-1.96933e-07
-2.05813e-07
-1.72967e-07
-2.79561e-07
-1.46056e-07
-3.49671e-07
-1.15923e-07
-4.15664e-07
-8.27029e-08
-4.76155e-07
-4.64439e-08
-5.30663e-07
-7.46155e-09
-5.78235e-07
3.34574e-08
-6.18252e-07
7.55343e-08
-6.50835e-07
1.17838e-07
-6.77016e-07
1.59762e-07
-6.98541e-07
2.01018e-07
-7.17297e-07
2.41579e-07
-7.34663e-07
2.81569e-07
-7.51002e-07
3.2109e-07
-7.65551e-07
3.60096e-07
-7.76723e-07
3.98356e-07
-7.8265e-07
4.35495e-07
-7.81744e-07
4.7108e-07
-7.73067e-07
5.04712e-07
-7.56464e-07
5.36079e-07
-7.32476e-07
5.64988e-07
-7.02142e-07
5.91359e-07
-6.6677e-07
6.15203e-07
-6.27733e-07
6.36601e-07
-5.86328e-07
6.55674e-07
-5.43696e-07
6.72561e-07
-5.00778e-07
6.87409e-07
-4.58321e-07
7.00359e-07
-4.16891e-07
7.11545e-07
-3.769e-07
7.21092e-07
-3.38634e-07
7.29115e-07
-3.0228e-07
7.35719e-07
-2.67949e-07
7.41002e-07
-2.35693e-07
7.45054e-07
-2.05521e-07
7.47959e-07
-1.77405e-07
7.49801e-07
-1.51287e-07
7.50656e-07
-1.27073e-07
7.50585e-07
-1.04647e-07
7.49624e-07
-8.38799e-08
7.47781e-07
-6.46556e-08
7.45038e-07
-4.68845e-08
7.41382e-07
-3.0494e-08
7.36848e-07
-1.53666e-08
7.31562e-07
-1.21144e-09
7.25757e-07
1.26146e-08
7.19739e-07
2.72819e-08
7.13818e-07
4.45696e-08
7.08247e-07
6.68215e-08
7.03226e-07
9.67732e-08
6.9902e-07
1.37228e-07
6.96117e-07
1.90517e-07
6.953e-07
2.57615e-07
6.97464e-07
3.36928e-07
7.03156e-07
4.23153e-07
7.11995e-07
5.07149e-07
7.22382e-07
5.77707e-07
7.31847e-07
6.25011e-07
7.38033e-07
6.43964e-07
7.39659e-07
6.35239e-07
7.36817e-07
6.03691e-07
7.30576e-07
5.557e-07
7.22343e-07
4.97129e-07
7.13425e-07
4.32471e-07
7.04862e-07
3.64804e-07
6.97429e-07
2.96067e-07
6.91695e-07
2.27356e-07
6.88069e-07
1.5919e-07
6.86839e-07
9.17669e-08
6.88189e-07
2.51755e-08
6.92202e-07
-4.04674e-08
6.98868e-07
-1.05324e-07
7.08064e-07
-1.69454e-07
7.19555e-07
-2.32434e-07
7.32997e-07
-2.93431e-07
7.47946e-07
-3.51208e-07
7.63884e-07
-4.04215e-07
7.80247e-07
-4.50762e-07
7.96478e-07
-4.89263e-07
8.1207e-07
-5.18492e-07
8.26629e-07
-5.37803e-07
8.39913e-07
-5.47242e-07
8.51856e-07
-5.4752e-07
8.62557e-07
-5.39868e-07
8.72255e-07
-5.25823e-07
8.81276e-07
-5.07014e-07
8.89998e-07
-4.84992e-07
8.98804e-07
-4.61125e-07
9.08065e-07
-4.36529e-07
9.18107e-07
-4.1205e-07
9.29199e-07
-3.88249e-07
9.41528e-07
-3.65422e-07
9.55185e-07
-3.43626e-07
9.70165e-07
-3.22729e-07
9.86365e-07
-3.02467e-07
1.0036e-06
-2.82503e-07
1.02162e-06
-2.62477e-07
1.04013e-06
-2.42049e-07
1.05882e-06
-2.20924e-07
1.07738e-06
-1.98872e-07
1.09549e-06
-1.7573e-07
1.11288e-06
-1.51408e-07
1.12927e-06
-1.25881e-07
1.14444e-06
-9.91911e-08
1.15818e-06
-7.14358e-08
1.17035e-06
-4.27578e-08
1.18083e-06
-1.33328e-08
1.18954e-06
1.66317e-08
1.19644e-06
4.68876e-08
1.20158e-06
7.71512e-08
1.20504e-06
1.07163e-07
1.20696e-06
1.36681e-07
1.20745e-06
1.65468e-07
1.20666e-06
1.93286e-07
1.20471e-06
2.19885e-07
1.20181e-06
2.45032e-07
1.19827e-06
2.68557e-07
1.1944e-06
2.90383e-07
1.19043e-06
3.10502e-07
1.18628e-06
3.28896e-07
1.1815e-06
3.45451e-07
1.17522e-06
3.59908e-07
1.16636e-06
3.71895e-07
1.15377e-06
3.81009e-07
1.13646e-06
3.86959e-07
1.11383e-06
3.89563e-07
1.08577e-06
3.89201e-07
3.8558e-07
1.05235e-06
-1.48357e-07
2.07977e-07
-3.04663e-07
3.41144e-07
-4.59559e-07
4.53112e-07
-6.07373e-07
5.19888e-07
-7.40435e-07
5.33202e-07
-8.51418e-07
4.91944e-07
-9.35734e-07
4.02967e-07
-9.92713e-07
2.78601e-07
-1.02485e-06
1.3211e-07
-1.0359e-06
-2.37406e-08
-1.02888e-06
-1.80026e-07
-1.00597e-06
-3.29748e-07
-9.67976e-07
-4.67535e-07
-9.14704e-07
-5.88455e-07
-8.45524e-07
-6.87416e-07
-7.6027e-07
-7.58772e-07
-6.60118e-07
-7.96802e-07
-5.47994e-07
-7.97235e-07
-4.28415e-07
-7.58839e-07
-3.07086e-07
-6.84074e-07
-1.90224e-07
-5.79131e-07
-8.36902e-08
-4.53858e-07
8.25644e-09
-3.20953e-07
7.75244e-08
-1.955e-07
1.12302e-07
-7.99969e-08
9.78636e-08
5.30917e-08
3.27724e-08
2.34043e-07
-6.25769e-08
4.68131e-07
-1.53695e-07
7.15114e-07
-2.19193e-07
9.21907e-07
-2.54858e-07
1.05979e-06
-2.65926e-07
1.12742e-06
-2.60592e-07
1.13893e-06
-2.46311e-07
1.11272e-06
-2.28394e-07
1.06485e-06
-2.10243e-07
1.00692e-06
-1.94088e-07
9.46428e-07
-1.81452e-07
8.87773e-07
-1.73116e-07
8.3255e-07
-1.68947e-07
7.79776e-07
-1.67885e-07
7.26485e-07
-1.68226e-07
6.68946e-07
-1.681e-07
6.04114e-07
-1.65967e-07
5.30739e-07
-1.60986e-07
4.497e-07
-1.53131e-07
3.63525e-07
-1.43003e-07
2.75343e-07
-1.31498e-07
1.87845e-07
-1.18867e-07
1.01835e-07
-1.04525e-07
1.72627e-08
-8.80738e-08
-6.61644e-08
-6.96287e-08
-1.47514e-07
-4.89796e-08
-2.26462e-07
-2.58575e-08
-3.02683e-07
3.83221e-11
-3.75567e-07
2.82484e-08
-4.43874e-07
5.93105e-08
-5.07217e-07
9.2851e-08
-5.64204e-07
1.28511e-07
-6.13895e-07
1.65799e-07
-6.5554e-07
2.04076e-07
-6.89112e-07
2.42679e-07
-7.15619e-07
2.81075e-07
-7.36938e-07
3.18982e-07
-7.55204e-07
3.56329e-07
-7.7201e-07
3.93131e-07
-7.87804e-07
4.29345e-07
-8.01764e-07
4.64774e-07
-8.12153e-07
4.9908e-07
-8.16955e-07
5.31841e-07
-8.14505e-07
5.62653e-07
-8.03879e-07
5.91198e-07
-7.85009e-07
6.17283e-07
-7.58561e-07
6.40843e-07
-7.25702e-07
6.61915e-07
-6.87842e-07
6.8061e-07
-6.46428e-07
6.97081e-07
-6.02799e-07
7.11494e-07
-5.58109e-07
7.24016e-07
-5.133e-07
7.348e-07
-4.69105e-07
7.43982e-07
-4.26073e-07
7.51684e-07
-3.84602e-07
7.58013e-07
-3.44962e-07
7.63064e-07
-3.07331e-07
7.66926e-07
-2.7181e-07
7.69676e-07
-2.38443e-07
7.7139e-07
-2.07234e-07
7.72135e-07
-1.78151e-07
7.71981e-07
-1.51133e-07
7.70995e-07
-1.26086e-07
7.69235e-07
-1.02887e-07
7.66746e-07
-8.13901e-08
7.63539e-07
-6.14486e-08
7.59596e-07
-4.29418e-08
7.54885e-07
-2.57829e-08
7.494e-07
-9.88176e-09
7.43222e-07
4.96686e-09
7.36564e-07
1.92722e-08
7.29789e-07
3.40571e-08
7.23375e-07
5.09837e-08
7.17858e-07
7.23384e-08
7.13795e-07
1.00836e-07
7.1179e-07
1.39234e-07
7.12558e-07
1.89749e-07
7.1692e-07
2.53253e-07
7.25596e-07
3.28252e-07
7.38779e-07
4.09971e-07
7.55658e-07
4.9027e-07
7.74254e-07
5.5911e-07
7.91844e-07
6.07421e-07
8.05877e-07
6.29931e-07
8.14844e-07
6.26271e-07
8.18572e-07
5.99963e-07
8.17917e-07
5.56354e-07
8.14219e-07
5.00828e-07
8.08853e-07
4.37837e-07
8.03008e-07
3.70649e-07
7.97621e-07
3.01454e-07
7.93394e-07
2.31584e-07
7.90828e-07
1.61756e-07
7.90269e-07
9.23262e-08
7.9193e-07
2.35149e-08
7.95898e-07
-4.44357e-08
8.02124e-07
-1.1155e-07
8.10402e-07
-1.77733e-07
8.20396e-07
-2.42427e-07
8.31655e-07
-3.0469e-07
8.43652e-07
-3.63204e-07
8.55815e-07
-4.16378e-07
8.67584e-07
-4.62531e-07
8.78457e-07
-5.00136e-07
8.88045e-07
-5.2808e-07
8.9612e-07
-5.45879e-07
9.02649e-07
-5.5377e-07
9.07789e-07
-5.5266e-07
9.11862e-07
-5.43941e-07
9.15301e-07
-5.29262e-07
9.18593e-07
-5.10305e-07
9.22227e-07
-4.88627e-07
9.26667e-07
-4.65565e-07
9.32326e-07
-4.42187e-07
9.39541e-07
-4.19265e-07
9.4856e-07
-3.97268e-07
9.59518e-07
-3.76381e-07
9.7243e-07
-3.56538e-07
9.87188e-07
-3.37488e-07
1.00358e-06
-3.18861e-07
1.02132e-06
-3.00239e-07
1.04005e-06
-2.81208e-07
1.0594e-06
-2.61402e-07
1.079e-06
-2.40523e-07
1.09848e-06
-2.18354e-07
1.11751e-06
-1.94756e-07
1.13577e-06
-1.69666e-07
1.15298e-06
-1.43092e-07
1.16889e-06
-1.15109e-07
1.18331e-06
-8.58505e-08
1.19605e-06
-5.54984e-08
1.20698e-06
-2.42675e-08
1.21602e-06
7.59807e-09
1.22309e-06
3.98176e-08
1.22819e-06
7.20478e-08
1.23139e-06
1.03963e-07
1.23282e-06
1.35255e-07
1.23264e-06
1.65647e-07
1.23104e-06
1.94888e-07
1.22818e-06
2.22741e-07
1.22423e-06
2.48979e-07
1.21939e-06
2.73396e-07
1.21392e-06
2.95853e-07
1.20812e-06
3.16302e-07
1.20223e-06
3.34788e-07
1.19629e-06
3.51392e-07
1.19004e-06
3.66159e-07
1.18289e-06
3.79046e-07
1.17399e-06
3.89905e-07
1.16241e-06
3.98538e-07
1.14729e-06
4.04682e-07
1.12811e-06
4.08382e-07
4.09168e-07
1.10453e-06
-1.52138e-07
3.60115e-07
-3.10123e-07
4.99129e-07
-4.65418e-07
6.08407e-07
-6.10371e-07
6.6484e-07
-7.35409e-07
6.58241e-07
-8.32817e-07
5.89351e-07
-8.9983e-07
4.6998e-07
-9.39297e-07
3.18068e-07
-9.57825e-07
1.50638e-07
-9.61165e-07
-2.04011e-08
-9.5313e-07
-1.8806e-07
-9.35504e-07
-3.47374e-07
-9.08369e-07
-4.9467e-07
-8.70465e-07
-6.2636e-07
-8.19586e-07
-7.38295e-07
-7.53644e-07
-8.24714e-07
-6.71876e-07
-8.7857e-07
-5.75293e-07
-8.93819e-07
-4.66456e-07
-8.67675e-07
-3.49513e-07
-8.01017e-07
-2.30818e-07
-6.97825e-07
-1.1939e-07
-5.65286e-07
-2.57531e-08
-4.1459e-07
3.86801e-08
-2.59933e-07
6.09262e-08
-1.02243e-07
3.86245e-08
7.53934e-08
-2.02466e-08
2.92915e-07
-9.14852e-08
5.3937e-07
-1.50478e-07
7.74107e-07
-1.86033e-07
9.57461e-07
-1.98307e-07
1.07207e-06
-1.93013e-07
1.12212e-06
-1.76939e-07
1.12286e-06
-1.55599e-07
1.09138e-06
-1.32752e-07
1.04201e-06
-1.10821e-07
9.84985e-07
-9.13882e-08
9.26995e-07
-7.55062e-08
8.71891e-07
-6.35386e-08
8.20583e-07
-5.5065e-08
7.71302e-07
-4.89724e-08
7.20393e-07
-4.37699e-08
6.63743e-07
-3.80066e-08
5.98351e-07
-3.06622e-08
5.23394e-07
-2.14306e-08
4.40469e-07
-1.0749e-08
3.52843e-07
6.45968e-10
2.63948e-07
1.28141e-08
1.75677e-07
2.64258e-08
8.82229e-08
4.24647e-08
1.22375e-09
6.03857e-08
-8.40854e-08
7.97328e-08
-1.66861e-07
1.0073e-07
-2.47459e-07
1.23604e-07
-3.25557e-07
1.48336e-07
-4.00299e-07
1.75091e-07
-4.70629e-07
2.03618e-07
-5.35745e-07
2.33962e-07
-5.94547e-07
2.65947e-07
-6.4588e-07
2.99231e-07
-6.88824e-07
3.33337e-07
-7.23218e-07
3.67775e-07
-7.50057e-07
4.02178e-07
-7.71341e-07
4.3635e-07
-7.89377e-07
4.70207e-07
-8.05867e-07
5.03645e-07
-8.21242e-07
5.36436e-07
-8.34554e-07
5.68195e-07
-8.43912e-07
5.98448e-07
-8.47208e-07
6.26724e-07
-8.42781e-07
6.52655e-07
-8.2981e-07
6.76024e-07
-8.08378e-07
6.96772e-07
-7.79309e-07
7.1497e-07
-7.439e-07
7.30779e-07
-7.03651e-07
7.44404e-07
-6.60053e-07
7.56062e-07
-6.14457e-07
7.65957e-07
-5.68004e-07
7.74268e-07
-5.21611e-07
7.81146e-07
-4.75982e-07
7.86714e-07
-4.31642e-07
7.91076e-07
-3.88963e-07
7.94316e-07
-3.48203e-07
7.9651e-07
-3.09525e-07
7.97726e-07
-2.73026e-07
7.98027e-07
-2.38744e-07
7.97473e-07
-2.0668e-07
7.9612e-07
-1.76798e-07
7.94026e-07
-1.49039e-07
7.91249e-07
-1.23309e-07
7.87847e-07
-9.94854e-08
7.83869e-07
-7.7412e-08
7.79341e-07
-5.69202e-08
7.74254e-07
-3.78553e-08
7.68573e-07
-2.01017e-08
7.62264e-07
-3.57299e-09
7.55363e-07
1.1868e-08
7.48042e-07
2.65935e-08
7.40669e-07
4.14298e-08
7.33824e-07
5.78293e-08
7.2825e-07
7.79117e-08
7.24797e-07
1.04289e-07
7.24367e-07
1.39664e-07
7.27885e-07
1.8623e-07
7.36233e-07
2.44905e-07
7.5003e-07
3.14454e-07
7.69254e-07
3.90746e-07
7.92852e-07
4.66672e-07
8.18642e-07
5.33321e-07
8.43744e-07
5.82319e-07
8.65426e-07
6.08249e-07
8.81899e-07
6.09798e-07
8.92643e-07
5.89219e-07
8.98209e-07
5.50789e-07
8.99761e-07
4.99275e-07
8.98652e-07
4.38946e-07
8.96149e-07
3.73152e-07
8.93312e-07
3.04292e-07
8.90958e-07
2.33937e-07
8.89682e-07
1.63033e-07
8.89881e-07
9.21272e-08
8.91799e-07
2.15967e-08
8.95534e-07
-4.81708e-08
9.01001e-07
-1.17018e-07
9.07927e-07
-1.84658e-07
9.1589e-07
-2.50391e-07
9.24367e-07
-3.13167e-07
9.32776e-07
-3.71613e-07
9.40539e-07
-4.24142e-07
9.47137e-07
-4.69129e-07
9.52163e-07
-5.05162e-07
9.55378e-07
-5.31295e-07
9.56752e-07
-5.47252e-07
9.56477e-07
-5.53495e-07
9.54946e-07
-5.51129e-07
9.52699e-07
-5.41694e-07
9.50346e-07
-5.26909e-07
9.48506e-07
-5.08465e-07
9.47758e-07
-4.87879e-07
9.48614e-07
-4.66421e-07
9.51498e-07
-4.45072e-07
9.56731e-07
-4.24498e-07
9.64505e-07
-4.05043e-07
9.7487e-07
-3.86746e-07
9.87728e-07
-3.69395e-07
1.00285e-06
-3.52606e-07
1.01989e-06
-3.35903e-07
1.03845e-06
-3.188e-07
1.0581e-06
-3.00854e-07
1.07839e-06
-2.81697e-07
1.09892e-06
-2.61053e-07
1.1193e-06
-2.38733e-07
1.13918e-06
-2.14635e-07
1.15824e-06
-1.88729e-07
1.17621e-06
-1.61058e-07
1.19283e-06
-1.31729e-07
1.20789e-06
-1.00909e-07
1.22121e-06
-6.88166e-08
1.23264e-06
-3.57041e-08
1.24209e-06
-1.84877e-09
1.24947e-06
3.24404e-08
1.25473e-06
6.67809e-08
1.25791e-06
1.00786e-07
1.25908e-06
1.34087e-07
1.25838e-06
1.66341e-07
1.25603e-06
1.97243e-07
1.25223e-06
2.26539e-07
1.2472e-06
2.54011e-07
1.24113e-06
2.79469e-07
1.23422e-06
3.02761e-07
1.22672e-06
3.238e-07
1.21891e-06
3.42594e-07
1.21105e-06
3.59252e-07
1.20327e-06
3.73942e-07
1.19548e-06
3.86838e-07
1.18733e-06
3.98054e-07
1.17825e-06
4.0762e-07
1.16752e-06
4.15412e-07
1.15451e-06
4.21395e-07
4.25058e-07
1.13862e-06
-1.44798e-07
5.04913e-07
-2.95058e-07
6.49389e-07
-4.40759e-07
7.54108e-07
-5.72027e-07
7.96108e-07
-6.77985e-07
7.64199e-07
-7.51735e-07
6.63101e-07
-7.93923e-07
5.12169e-07
-8.12017e-07
3.36162e-07
-8.15988e-07
1.54609e-07
-8.12289e-07
-2.41005e-08
-8.0367e-07
-1.96679e-07
-7.91025e-07
-3.60019e-07
-7.74343e-07
-5.11352e-07
-7.52193e-07
-6.48509e-07
-7.21399e-07
-7.69089e-07
-6.78498e-07
-8.67615e-07
-6.21732e-07
-9.35336e-07
-5.51275e-07
-9.64275e-07
-4.67944e-07
-9.51006e-07
-3.72875e-07
-8.96087e-07
-2.69521e-07
-8.01179e-07
-1.66207e-07
-6.686e-07
-7.60911e-08
-5.04706e-07
-1.49445e-08
-3.2108e-07
6.80086e-09
-1.23988e-07
-1.04291e-08
9.26234e-08
-5.1143e-08
3.33628e-07
-9.41341e-08
5.82361e-07
-1.23721e-07
8.03694e-07
-1.34514e-07
9.68254e-07
-1.28504e-07
1.06606e-06
-1.10835e-07
1.10445e-06
-8.67665e-08
1.09879e-06
-6.01357e-08
1.06475e-06
-3.34918e-08
1.01536e-06
-8.39449e-09
9.59888e-07
1.40924e-08
9.04508e-07
3.33968e-08
8.52586e-07
4.94669e-08
8.04512e-07
6.28249e-08
7.57944e-07
7.44179e-08
7.088e-07
8.53361e-08
6.52825e-07
9.65118e-08
5.87175e-07
1.08457e-07
5.11449e-07
1.21124e-07
4.27802e-07
1.34146e-07
3.39822e-07
1.47417e-07
2.50677e-07
1.61308e-07
1.61786e-07
1.76625e-07
7.29059e-08
1.93367e-07
-1.55191e-08
2.11111e-07
-1.01829e-07
2.3015e-07
-1.859e-07
2.50721e-07
-2.68029e-07
2.7284e-07
-3.47677e-07
2.96388e-07
-4.23847e-07
3.21285e-07
-4.95525e-07
3.47378e-07
-5.61838e-07
3.74619e-07
-6.21788e-07
4.02916e-07
-6.74177e-07
4.32065e-07
-7.17973e-07
4.61783e-07
-7.52936e-07
4.91807e-07
-7.80081e-07
5.21978e-07
-8.01512e-07
5.52223e-07
-8.19622e-07
5.82446e-07
-8.36089e-07
6.12402e-07
-8.51199e-07
6.41649e-07
-8.63801e-07
6.69596e-07
-8.7186e-07
6.95634e-07
-8.73246e-07
7.19264e-07
-8.66411e-07
7.4018e-07
-8.50726e-07
7.58291e-07
-8.26488e-07
7.73685e-07
-7.94703e-07
7.86576e-07
-7.56791e-07
7.97242e-07
-7.14316e-07
8.05969e-07
-6.6878e-07
8.13023e-07
-6.21511e-07
8.18628e-07
-5.73609e-07
8.22962e-07
-5.25945e-07
8.26161e-07
-4.79182e-07
8.28329e-07
-4.33809e-07
8.29542e-07
-3.90176e-07
8.29862e-07
-3.48523e-07
8.29343e-07
-3.09006e-07
8.28035e-07
-2.71718e-07
8.25986e-07
-2.36696e-07
8.23246e-07
-2.0394e-07
8.19864e-07
-1.73416e-07
8.15889e-07
-1.45064e-07
8.11375e-07
-1.18795e-07
8.06378e-07
-9.44881e-08
8.00952e-07
-7.19861e-08
7.95139e-07
-5.11066e-08
7.88948e-07
-3.16649e-08
7.82355e-07
-1.35089e-08
7.75318e-07
3.46439e-09
7.67834e-07
1.93521e-08
7.60019e-07
3.44081e-08
7.52205e-07
4.92436e-08
7.44995e-07
6.50393e-08
7.39254e-07
8.36534e-08
7.36038e-07
1.07505e-07
7.36497e-07
1.39205e-07
7.41766e-07
1.80961e-07
7.52825e-07
2.33846e-07
7.70277e-07
2.97002e-07
7.94016e-07
3.67008e-07
8.22899e-07
4.37789e-07
8.54689e-07
5.01531e-07
8.86449e-07
5.50558e-07
9.15307e-07
5.79391e-07
9.39187e-07
5.85918e-07
9.57183e-07
5.71223e-07
9.69463e-07
5.38509e-07
9.76918e-07
4.9182e-07
9.8077e-07
4.35093e-07
9.82276e-07
3.71646e-07
9.82556e-07
3.04012e-07
9.8251e-07
2.33983e-07
9.82801e-07
1.62741e-07
9.83878e-07
9.1051e-08
9.86009e-07
1.94655e-08
9.89307e-07
-5.14686e-08
9.93661e-07
-1.21373e-07
9.98751e-07
-1.89747e-07
1.0041e-06
-2.55745e-07
1.00917e-06
-3.18228e-07
1.01336e-06
-3.75803e-07
1.01614e-06
-4.26923e-07
1.01708e-06
-4.70069e-07
1.0159e-06
-5.03988e-07
1.01256e-06
-5.27951e-07
1.00724e-06
-5.41927e-07
1.00036e-06
-5.46622e-07
9.92567e-07
-5.43334e-07
9.84584e-07
-5.33711e-07
9.77173e-07
-5.19498e-07
9.71046e-07
-5.02338e-07
9.66832e-07
-4.83665e-07
9.65053e-07
-4.64642e-07
9.66115e-07
-4.46133e-07
9.70281e-07
-4.28663e-07
9.77651e-07
-4.12412e-07
9.88149e-07
-3.97244e-07
1.00153e-06
-3.82781e-07
1.01743e-06
-3.68504e-07
1.03538e-06
-3.53851e-07
1.05488e-06
-3.38301e-07
1.07544e-06
-3.21412e-07
1.09659e-06
-3.02851e-07
1.11792e-06
-2.82381e-07
1.13904e-06
-2.59857e-07
1.15963e-06
-2.35216e-07
1.17936e-06
-2.08461e-07
1.19796e-06
-1.79663e-07
1.21519e-06
-1.48957e-07
1.23082e-06
-1.1654e-07
1.24467e-06
-8.26642e-08
1.25659e-06
-4.76207e-08
1.26646e-06
-1.17221e-08
1.27421e-06
2.46937e-08
1.27976e-06
6.12218e-08
1.28313e-06
9.74246e-08
1.28432e-06
1.3289e-07
1.28345e-06
1.67216e-07
1.28066e-06
2.00036e-07
1.27616e-06
2.31038e-07
1.2702e-06
2.59972e-07
1.26301e-06
2.86652e-07
1.25483e-06
3.1094e-07
1.24588e-06
3.32749e-07
1.23641e-06
3.52066e-07
1.2267e-06
3.68968e-07
1.21701e-06
3.83625e-07
1.20757e-06
3.96283e-07
1.19842e-06
4.07201e-07
1.18943e-06
4.16609e-07
1.18025e-06
4.24595e-07
1.17042e-06
4.3122e-07
4.36094e-07
1.15939e-06
-1.26333e-07
6.31246e-07
-2.5856e-07
7.81617e-07
-3.8448e-07
8.80027e-07
-4.9252e-07
9.04148e-07
-5.71874e-07
8.43553e-07
-6.18078e-07
7.09306e-07
-6.36184e-07
5.30274e-07
-6.37532e-07
3.3751e-07
-6.326e-07
1.49677e-07
-6.25316e-07
-3.13847e-08
-6.16098e-07
-2.05897e-07
-6.05356e-07
-3.7076e-07
-5.94592e-07
-5.22117e-07
-5.83805e-07
-6.59296e-07
-5.69276e-07
-7.83619e-07
-5.45874e-07
-8.91017e-07
-5.11346e-07
-9.69864e-07
-4.67098e-07
-1.00852e-06
-4.14786e-07
-1.00332e-06
-3.5335e-07
-9.57523e-07
-2.80834e-07
-8.73695e-07
-2.00078e-07
-7.49356e-07
-1.2244e-07
-5.82344e-07
-6.43693e-08
-3.7915e-07
-3.80537e-08
-1.50304e-07
-4.02175e-08
9.47872e-08
-5.73333e-08
3.50744e-07
-7.30722e-08
5.981e-07
-7.74777e-08
8.081e-07
-6.84794e-08
9.59256e-07
-4.83889e-08
1.04597e-06
-2.14072e-08
1.07747e-06
8.66768e-09
1.06872e-06
3.92619e-08
1.03416e-06
6.8857e-08
9.85766e-07
9.65505e-08
9.32194e-07
1.21816e-07
8.79242e-07
1.44477e-07
8.29926e-07
1.64729e-07
7.8426e-07
1.83055e-07
7.39618e-07
2.00072e-07
6.91783e-07
2.16354e-07
6.36543e-07
2.32286e-07
5.71243e-07
2.47955e-07
4.9578e-07
2.63222e-07
4.12534e-07
2.7804e-07
3.25004e-07
2.92744e-07
2.35973e-07
3.08003e-07
1.46526e-07
3.24166e-07
5.67437e-08
3.41337e-07
-3.26906e-08
3.59412e-07
-1.19904e-07
3.78627e-07
-2.05115e-07
3.99027e-07
-2.8843e-07
4.20461e-07
-3.6911e-07
4.42708e-07
-4.46095e-07
4.65606e-07
-5.18423e-07
4.89068e-07
-5.853e-07
5.13079e-07
-6.45799e-07
5.37611e-07
-6.98709e-07
5.62568e-07
-7.4293e-07
5.87847e-07
-7.78214e-07
6.13419e-07
-8.05653e-07
6.39346e-07
-8.27438e-07
6.65668e-07
-8.45944e-07
6.92248e-07
-8.6267e-07
7.18665e-07
-8.77615e-07
7.44239e-07
-8.89375e-07
7.68182e-07
-8.95803e-07
7.89787e-07
-8.94851e-07
8.0857e-07
-8.85195e-07
8.24333e-07
-8.66489e-07
8.37135e-07
-8.3929e-07
8.47226e-07
-8.04793e-07
8.54954e-07
-7.6452e-07
8.60695e-07
-7.20057e-07
8.64797e-07
-6.72882e-07
8.67551e-07
-6.24264e-07
8.69179e-07
-5.75237e-07
8.69843e-07
-5.26609e-07
8.69653e-07
-4.78992e-07
8.6868e-07
-4.32837e-07
8.66975e-07
-3.8847e-07
8.64572e-07
-3.4612e-07
8.61504e-07
-3.05939e-07
8.57805e-07
-2.68019e-07
8.53515e-07
-2.32405e-07
8.48675e-07
-1.991e-07
8.43332e-07
-1.68074e-07
8.37535e-07
-1.39267e-07
8.31334e-07
-1.12594e-07
8.24785e-07
-8.79394e-08
8.17949e-07
-6.51499e-08
8.1088e-07
-4.40381e-08
8.03613e-07
-2.43974e-08
7.96142e-07
-6.03825e-09
7.88438e-07
1.1169e-08
7.80471e-07
2.73189e-08
7.72301e-07
4.25778e-08
7.64191e-07
5.73533e-08
7.567e-07
7.25306e-08
7.50716e-07
8.96374e-08
7.4741e-07
1.10811e-07
7.48113e-07
1.38502e-07
7.54149e-07
1.74925e-07
7.6664e-07
2.21355e-07
7.86259e-07
2.77383e-07
8.12929e-07
3.40338e-07
8.45548e-07
4.0517e-07
8.81948e-07
4.65131e-07
9.19235e-07
5.13271e-07
9.54458e-07
5.44169e-07
9.85292e-07
5.55083e-07
1.01044e-06
5.46075e-07
1.02965e-06
5.19303e-07
1.04345e-06
4.78021e-07
1.05283e-06
4.25712e-07
1.05894e-06
3.65537e-07
1.06287e-06
3.00076e-07
1.06556e-06
2.31291e-07
1.06771e-06
1.60592e-07
1.0698e-06
8.89655e-08
1.07211e-06
1.71506e-08
1.07478e-06
-5.41381e-08
1.07769e-06
-1.24275e-07
1.08048e-06
-1.92541e-07
1.08269e-06
-2.57956e-07
1.08379e-06
-3.19324e-07
1.08325e-06
-3.75263e-07
1.08063e-06
-4.24305e-07
1.07563e-06
-4.65069e-07
1.06814e-06
-4.96503e-07
1.05832e-06
-5.18131e-07
1.0466e-06
-5.30202e-07
1.03364e-06
-5.33665e-07
1.02029e-06
-5.29984e-07
1.00745e-06
-5.20867e-07
9.95966e-07
-5.08017e-07
9.86608e-07
-4.9298e-07
9.80004e-07
-4.7706e-07
9.76648e-07
-4.61287e-07
9.76886e-07
-4.46371e-07
9.80881e-07
-4.32659e-07
9.88601e-07
-4.20132e-07
9.9981e-07
-4.08453e-07
1.01411e-06
-3.97077e-07
1.03098e-06
-3.85372e-07
1.04985e-06
-3.7273e-07
1.07019e-06
-3.58639e-07
1.09149e-06
-3.42705e-07
1.11329e-06
-3.24653e-07
1.13521e-06
-3.04301e-07
1.1569e-06
-2.81547e-07
1.17804e-06
-2.56357e-07
1.19833e-06
-2.28754e-07
1.2175e-06
-1.98828e-07
1.23527e-06
-1.66732e-07
1.25142e-06
-1.32689e-07
1.26574e-06
-9.69865e-08
1.27808e-06
-5.99592e-08
1.28832e-06
-2.19639e-08
1.29639e-06
1.66239e-08
1.30223e-06
5.53816e-08
1.30583e-06
9.38254e-08
1.30721e-06
1.31516e-07
1.3064e-06
1.68019e-07
1.30352e-06
2.02921e-07
1.29871e-06
2.3585e-07
1.29218e-06
2.66499e-07
1.28419e-06
2.94639e-07
1.27501e-06
3.20124e-07
1.26488e-06
3.42876e-07
1.25407e-06
3.62883e-07
1.24283e-06
3.80208e-07
1.23145e-06
3.94997e-07
1.22025e-06
4.07483e-07
1.20949e-06
4.17962e-07
1.19935e-06
4.26756e-07
1.18982e-06
4.34117e-07
1.18079e-06
4.40254e-07
4.44969e-07
1.17192e-06
-9.71328e-08
7.28379e-07
-2.0174e-07
8.86224e-07
-2.99327e-07
9.77614e-07
-3.7799e-07
9.8281e-07
-4.28841e-07
8.94404e-07
-4.50874e-07
7.31338e-07
-4.52641e-07
5.32042e-07
-4.46409e-07
3.31277e-07
-4.3993e-07
1.43199e-07
-4.32876e-07
-3.84395e-08
-4.22593e-07
-2.16179e-07
-4.09335e-07
-3.84019e-07
-3.97886e-07
-5.33565e-07
-3.92074e-07
-6.65108e-07
-3.88692e-07
-7.87e-07
-3.79858e-07
-8.99851e-07
-3.61093e-07
-9.88629e-07
-3.35067e-07
-1.03455e-06
-3.07401e-07
-1.03098e-06
-2.79415e-07
-9.85509e-07
-2.45392e-07
-9.07717e-07
-1.98917e-07
-7.95832e-07
-1.43063e-07
-6.38198e-07
-9.21347e-08
-4.30078e-07
-5.82854e-08
-1.84153e-07
-4.43222e-08
8.0824e-08
-3.89746e-08
3.45397e-07
-3.13556e-08
5.90481e-07
-1.55699e-08
7.92314e-07
8.98016e-09
9.34706e-07
3.98009e-08
1.01515e-06
7.37735e-08
1.0435e-06
1.08353e-07
1.03414e-06
1.41874e-07
1.00064e-06
1.73556e-07
9.54084e-07
2.0315e-07
9.02601e-07
2.30692e-07
8.51699e-07
2.56416e-07
8.04202e-07
2.80647e-07
7.60029e-07
3.0371e-07
7.16556e-07
3.25817e-07
6.69676e-07
3.4702e-07
6.1534e-07
3.67204e-07
5.51059e-07
3.86166e-07
4.76819e-07
4.03826e-07
3.94874e-07
4.20478e-07
3.08352e-07
4.36759e-07
2.19692e-07
4.53298e-07
1.29987e-07
4.7024e-07
3.98015e-08
4.87869e-07
-5.03197e-08
5.06159e-07
-1.38193e-07
5.2529e-07
-2.24247e-07
5.45128e-07
-3.08268e-07
5.65411e-07
-3.89393e-07
5.85883e-07
-4.66568e-07
6.06408e-07
-5.38948e-07
6.26974e-07
-6.05865e-07
6.47617e-07
-6.66443e-07
6.68347e-07
-7.19439e-07
6.8915e-07
-7.63734e-07
7.10091e-07
-7.99155e-07
7.3137e-07
-8.26932e-07
7.53241e-07
-8.4931e-07
7.75811e-07
-8.68514e-07
7.98837e-07
-8.85695e-07
8.21675e-07
-9.00453e-07
8.43409e-07
-9.11109e-07
8.63098e-07
-9.15492e-07
8.80005e-07
-9.11758e-07
8.93733e-07
-8.98922e-07
9.04236e-07
-8.76993e-07
9.11753e-07
-8.46806e-07
9.16687e-07
-8.09727e-07
9.19506e-07
-7.67339e-07
9.20656e-07
-7.21207e-07
9.20513e-07
-6.72739e-07
9.19364e-07
-6.23116e-07
9.17409e-07
-5.73282e-07
9.14774e-07
-5.23974e-07
9.1153e-07
-4.75747e-07
9.07713e-07
-4.2902e-07
9.0334e-07
-3.84098e-07
8.98424e-07
-3.41204e-07
8.9298e-07
-3.00494e-07
8.87028e-07
-2.62068e-07
8.80603e-07
-2.2598e-07
8.73746e-07
-1.92243e-07
8.66506e-07
-1.60833e-07
8.58934e-07
-1.31696e-07
8.51087e-07
-1.04747e-07
8.43024e-07
-7.98757e-08
8.34809e-07
-5.69349e-08
8.26509e-07
-3.5739e-08
8.18181e-07
-1.60686e-08
8.09848e-07
2.29406e-09
8.01505e-07
1.95128e-08
7.93112e-07
3.57111e-08
7.84685e-07
5.10049e-08
7.76402e-07
6.56361e-08
7.68727e-07
8.02059e-08
7.62485e-07
9.58791e-08
7.58858e-07
1.14439e-07
7.5927e-07
1.3809e-07
7.65198e-07
1.68997e-07
7.77925e-07
2.08628e-07
7.98265e-07
2.57043e-07
8.26272e-07
3.12331e-07
8.60995e-07
3.70446e-07
9.0044e-07
4.25687e-07
9.41848e-07
4.71863e-07
9.82273e-07
5.03744e-07
1.0192e-06
5.18152e-07
1.05099e-06
5.1429e-07
1.07694e-06
4.93352e-07
1.09718e-06
4.57778e-07
1.11239e-06
4.10507e-07
1.1235e-06
3.54429e-07
1.1315e-06
2.92077e-07
1.13727e-06
2.25513e-07
1.14153e-06
1.56337e-07
1.14475e-06
8.57465e-08
1.14723e-06
1.46633e-08
1.14912e-06
-5.60284e-08
1.1503e-06
-1.25448e-07
1.15043e-06
-1.92678e-07
1.14911e-06
-2.56636e-07
1.14589e-06
-3.16099e-07
1.14035e-06
-3.69725e-07
1.13219e-06
-4.16145e-07
1.12127e-06
-4.54146e-07
1.10768e-06
-4.82911e-07
1.0918e-06
-5.02255e-07
1.07431e-06
-5.12715e-07
1.05612e-06
-5.15472e-07
1.03824e-06
-5.12103e-07
1.02168e-06
-5.04303e-07
1.00733e-06
-4.93668e-07
9.95939e-07
-4.81593e-07
9.88103e-07
-4.69224e-07
9.84242e-07
-4.57427e-07
9.84599e-07
-4.46727e-07
9.89198e-07
-4.37258e-07
9.97835e-07
-4.28769e-07
1.0101e-06
-4.20717e-07
1.02543e-06
-4.12409e-07
1.04321e-06
-4.03151e-07
1.06283e-06
-3.92351e-07
1.08375e-06
-3.79562e-07
1.10552e-06
-3.64473e-07
1.12775e-06
-3.46882e-07
1.1501e-06
-3.26656e-07
1.17227e-06
-3.03716e-07
1.19395e-06
-2.78031e-07
1.21482e-06
-2.49624e-07
1.23458e-06
-2.18589e-07
1.25293e-06
-1.8509e-07
1.26962e-06
-1.49375e-07
1.28441e-06
-1.11772e-07
1.29712e-06
-7.26697e-08
1.30764e-06
-3.24835e-08
1.3159e-06
8.35911e-09
1.32188e-06
4.94051e-08
1.32558e-06
9.01229e-08
1.32705e-06
1.30049e-07
1.32633e-06
1.68737e-07
1.32349e-06
2.05758e-07
1.31863e-06
2.40707e-07
1.31191e-06
2.73227e-07
1.30351e-06
3.03033e-07
1.29371e-06
3.29932e-07
1.28276e-06
3.53822e-07
1.27095e-06
3.74689e-07
1.25857e-06
3.92594e-07
1.24589e-06
4.07673e-07
1.23324e-06
4.20137e-07
1.22094e-06
4.30263e-07
1.2093e-06
4.38388e-07
1.19859e-06
4.44835e-07
1.18892e-06
4.4992e-07
4.53625e-07
1.18026e-06
-5.77487e-08
7.86127e-07
-1.27504e-07
9.55979e-07
-1.90957e-07
1.04107e-06
-2.37809e-07
1.02966e-06
-2.62618e-07
9.19214e-07
-2.6727e-07
7.3599e-07
-2.60771e-07
5.25543e-07
-2.53078e-07
3.23584e-07
-2.48319e-07
1.38439e-07
-2.43429e-07
-4.33293e-08
-2.32669e-07
-2.26939e-07
-2.15272e-07
-4.01415e-07
-1.98691e-07
-5.50146e-07
-1.91671e-07
-6.72128e-07
-1.94032e-07
-7.8464e-07
-1.96444e-07
-8.97439e-07
-1.90616e-07
-9.94456e-07
-1.77033e-07
-1.04813e-06
-1.6351e-07
-1.04451e-06
-1.57573e-07
-9.91446e-07
-1.57445e-07
-9.07845e-07
-1.50402e-07
-8.02876e-07
-1.25603e-07
-6.62997e-07
-8.70673e-08
-4.68614e-07
-5.01505e-08
-2.2107e-07
-2.24318e-08
5.31053e-08
1.16598e-09
3.21799e-07
2.72161e-08
5.64431e-07
5.88008e-08
7.60729e-07
9.54966e-08
8.9801e-07
1.34813e-07
9.75829e-07
1.74171e-07
1.00414e-06
2.1189e-07
9.96418e-07
2.4721e-07
9.65315e-07
2.80097e-07
9.21196e-07
3.10893e-07
8.71805e-07
3.4012e-07
8.22472e-07
3.68337e-07
7.75984e-07
3.95975e-07
7.32391e-07
4.23195e-07
6.89336e-07
4.49841e-07
6.4303e-07
4.75495e-07
5.89686e-07
4.99627e-07
5.26927e-07
5.21824e-07
4.54621e-07
5.42075e-07
3.74623e-07
5.60849e-07
2.89578e-07
5.78817e-07
2.01724e-07
5.96478e-07
1.12327e-07
6.14308e-07
2.19715e-08
6.32107e-07
-6.81188e-08
6.50266e-07
-1.56353e-07
6.68805e-07
-2.42786e-07
6.87495e-07
-3.26957e-07
7.06033e-07
-4.07931e-07
7.24207e-07
-4.84742e-07
7.41983e-07
-5.56723e-07
7.59441e-07
-6.23324e-07
7.76658e-07
-6.83659e-07
7.93647e-07
-7.36428e-07
8.10459e-07
-7.80545e-07
8.27318e-07
-8.16015e-07
8.44633e-07
-8.44247e-07
8.62794e-07
-8.67471e-07
8.81879e-07
-8.87598e-07
9.01457e-07
-9.05274e-07
9.20632e-07
-9.19628e-07
9.38289e-07
-9.28766e-07
9.53414e-07
-9.30617e-07
9.6534e-07
-9.23685e-07
9.73836e-07
-9.07418e-07
9.79058e-07
-8.82214e-07
9.81426e-07
-8.49175e-07
9.81487e-07
-8.09788e-07
9.79787e-07
-7.65639e-07
9.76803e-07
-7.18224e-07
9.72902e-07
-6.68839e-07
9.68336e-07
-6.1855e-07
9.63257e-07
-5.68203e-07
9.57739e-07
-5.18456e-07
9.51806e-07
-4.69815e-07
9.45457e-07
-4.2267e-07
9.38677e-07
-3.77318e-07
9.31458e-07
-3.33985e-07
9.23802e-07
-2.92838e-07
9.15726e-07
-2.53992e-07
9.07262e-07
-2.17516e-07
8.98458e-07
-1.83439e-07
8.89371e-07
-1.51746e-07
8.80062e-07
-1.22387e-07
8.70598e-07
-9.52824e-08
8.61043e-07
-7.03213e-08
8.51471e-07
-4.73627e-08
8.41957e-07
-2.62252e-08
8.32574e-07
-6.68566e-09
8.23384e-07
1.14847e-08
8.14402e-07
2.84941e-08
8.05602e-07
4.45112e-08
7.9697e-07
5.96369e-08
7.88605e-07
7.40016e-08
7.80846e-07
8.79646e-08
7.74391e-07
1.02335e-07
7.70331e-07
1.18498e-07
7.70086e-07
1.38335e-07
7.75214e-07
1.63869e-07
7.8715e-07
1.96693e-07
8.06891e-07
2.37301e-07
8.34703e-07
2.8452e-07
8.69877e-07
3.35272e-07
9.10681e-07
3.84882e-07
9.54582e-07
4.27962e-07
9.98726e-07
4.59601e-07
1.0405e-06
4.7638e-07
1.07796e-06
4.7683e-07
1.11001e-06
4.61296e-07
1.13637e-06
4.31426e-07
1.15731e-06
3.89563e-07
1.1735e-06
3.38239e-07
1.18573e-06
2.79843e-07
1.19479e-06
2.1646e-07
1.2013e-06
1.49823e-07
1.20574e-06
8.13062e-08
1.2084e-06
1.20034e-08
1.20942e-06
-5.70466e-08
1.2087e-06
-1.24733e-07
1.20601e-06
-1.89983e-07
1.20102e-06
-2.51647e-07
1.19342e-06
-3.085e-07
1.18295e-06
-3.59253e-07
1.16946e-06
-4.02651e-07
1.15299e-06
-4.37675e-07
1.13386e-06
-4.63782e-07
1.1127e-06
-4.811e-07
1.09044e-06
-4.90457e-07
1.06819e-06
-4.93215e-07
1.04707e-06
-4.90986e-07
1.02813e-06
-4.85365e-07
1.01224e-06
-4.77778e-07
1.00008e-06
-4.69429e-07
9.92141e-07
-4.61288e-07
9.8875e-07
-4.54036e-07
9.90005e-07
-4.47982e-07
9.95756e-07
-4.43009e-07
1.00561e-06
-4.38623e-07
1.01898e-06
-4.34091e-07
1.03521e-06
-4.28633e-07
1.05363e-06
-4.21568e-07
1.07367e-06
-4.12394e-07
1.09488e-06
-4.00776e-07
1.11691e-06
-3.86504e-07
1.13947e-06
-3.69434e-07
1.16226e-06
-3.49449e-07
1.18499e-06
-3.26452e-07
1.20735e-06
-3.00382e-07
1.22896e-06
-2.7124e-07
1.24948e-06
-2.39108e-07
1.26856e-06
-2.04164e-07
1.28587e-06
-1.66691e-07
1.30116e-06
-1.27063e-07
1.31422e-06
-8.5734e-08
1.32494e-06
-4.31976e-08
1.33325e-06
5.00335e-11
1.33915e-06
4.35024e-08
1.3427e-06
8.65742e-08
1.34398e-06
1.28764e-07
1.34311e-06
1.69614e-07
1.34016e-06
2.08702e-07
1.33524e-06
2.45628e-07
1.32845e-06
2.80022e-07
1.31992e-06
3.11564e-07
1.30984e-06
3.40006e-07
1.29847e-06
3.65199e-07
1.28606e-06
3.87092e-07
1.27292e-06
4.05733e-07
1.25935e-06
4.21248e-07
1.24565e-06
4.33834e-07
1.23216e-06
4.43752e-07
1.21923e-06
4.51317e-07
1.2072e-06
4.56865e-07
1.19637e-06
4.60757e-07
4.63096e-07
1.1869e-06
-7.66992e-09
7.93797e-07
-4.05179e-08
9.88827e-07
-6.6346e-08
1.0669e-06
-8.11999e-08
1.04452e-06
-8.34111e-08
9.21425e-07
-7.61215e-08
7.28701e-07
-6.52329e-08
5.14654e-07
-5.61766e-08
3.14528e-07
-5.13566e-08
1.33619e-07
-4.69938e-08
-4.76921e-08
-3.66394e-08
-2.37294e-07
-1.85173e-08
-4.19537e-07
2.93355e-10
-5.68957e-07
9.64578e-09
-6.8148e-07
6.63046e-09
-7.81625e-07
-1.6573e-09
-8.89151e-07
-6.38887e-09
-9.89725e-07
-5.0468e-09
-1.04948e-06
-2.22669e-09
-1.04733e-06
-6.82873e-09
-9.86844e-07
-2.56068e-08
-8.89067e-07
-5.17758e-08
-7.76707e-07
-6.41314e-08
-6.50641e-07
-4.88391e-08
-4.83906e-07
-1.54982e-08
-2.54411e-07
2.11533e-08
1.64538e-08
5.85404e-08
2.84412e-07
9.92058e-08
5.23765e-07
1.43528e-07
7.16407e-07
1.89796e-07
8.51742e-07
2.35464e-07
9.30161e-07
2.78639e-07
9.60968e-07
3.18416e-07
9.56641e-07
3.54738e-07
9.28993e-07
3.88134e-07
8.87801e-07
4.19432e-07
8.40506e-07
4.49578e-07
7.92327e-07
4.79432e-07
7.4613e-07
5.09548e-07
7.02276e-07
5.40001e-07
6.58882e-07
5.70371e-07
6.1266e-07
5.99878e-07
5.60179e-07
6.27662e-07
4.99143e-07
6.53122e-07
4.29162e-07
6.76186e-07
3.51559e-07
6.97277e-07
2.68487e-07
7.16995e-07
1.82007e-07
7.35846e-07
9.34751e-08
7.54187e-07
3.63122e-09
7.72029e-07
-8.59618e-08
7.89669e-07
-1.73993e-07
8.07079e-07
-2.60196e-07
8.2403e-07
-3.43908e-07
8.4029e-07
-4.24191e-07
8.55784e-07
-5.00236e-07
8.70624e-07
-5.71562e-07
8.84969e-07
-6.3767e-07
8.9888e-07
-6.9757e-07
9.12341e-07
-7.49889e-07
9.25463e-07
-7.93668e-07
9.38641e-07
-8.29192e-07
9.5245e-07
-8.58056e-07
9.67318e-07
-8.82339e-07
9.83179e-07
-9.03459e-07
9.99339e-07
-9.21434e-07
1.01466e-06
-9.34945e-07
1.0279e-06
-9.4201e-07
1.03811e-06
-9.40831e-07
1.04481e-06
-9.30382e-07
1.048e-06
-9.10605e-07
1.04806e-06
-8.82275e-07
1.04558e-06
-8.46701e-07
1.04122e-06
-8.0542e-07
1.03554e-06
-7.5996e-07
1.029e-06
-7.11689e-07
1.02193e-06
-6.61765e-07
1.0145e-06
-6.11122e-07
1.0068e-06
-5.60503e-07
9.98844e-07
-5.10497e-07
9.90598e-07
-4.6157e-07
9.82025e-07
-4.14097e-07
9.73086e-07
-3.68379e-07
9.63758e-07
-3.24656e-07
9.54037e-07
-2.83117e-07
9.43944e-07
-2.43899e-07
9.33519e-07
-2.07091e-07
9.2282e-07
-1.7274e-07
9.11918e-07
-1.40844e-07
9.00892e-07
-1.11361e-07
8.89822e-07
-8.42119e-08
8.78786e-07
-5.92858e-08
8.67866e-07
-3.64429e-08
8.57145e-07
-1.55039e-08
8.46713e-07
3.74697e-09
8.36657e-07
2.15405e-08
8.27019e-07
3.81318e-08
8.17796e-07
5.3734e-08
8.08969e-07
6.84647e-08
8.00571e-07
8.23994e-08
7.92817e-07
9.57187e-08
7.86233e-07
1.08918e-07
7.81747e-07
1.22984e-07
7.80669e-07
1.39413e-07
7.84548e-07
1.5999e-07
7.94914e-07
1.86327e-07
8.12954e-07
2.19261e-07
8.39191e-07
2.58283e-07
8.73231e-07
3.01233e-07
9.1368e-07
3.44433e-07
9.58309e-07
3.83333e-07
1.00445e-06
4.13464e-07
1.04947e-06
4.31355e-07
1.09124e-06
4.35062e-07
1.12831e-06
4.24224e-07
1.15998e-06
3.99759e-07
1.18614e-06
3.63403e-07
1.20711e-06
3.17268e-07
1.22343e-06
2.63518e-07
1.23571e-06
2.04181e-07
1.24448e-06
1.41052e-07
1.25015e-06
7.56371e-08
1.25299e-06
9.16836e-09
1.25314e-06
-5.71941e-08
1.25056e-06
-1.22161e-07
1.24513e-06
-1.84552e-07
1.23667e-06
-2.43182e-07
1.225e-06
-2.9683e-07
1.21001e-06
-3.44269e-07
1.19175e-06
-3.84384e-07
1.17046e-06
-4.16384e-07
1.14671e-06
-4.40038e-07
1.12141e-06
-4.55799e-07
1.0957e-06
-4.64746e-07
1.07082e-06
-4.68338e-07
1.04796e-06
-4.6812e-07
1.02809e-06
-4.65501e-07
1.012e-06
-4.61681e-07
1.00023e-06
-4.57665e-07
9.93181e-07
-4.54237e-07
9.91023e-07
-4.51878e-07
9.93689e-07
-4.50648e-07
1.00084e-06
-4.50159e-07
1.0119e-06
-4.49681e-07
1.02616e-06
-4.48355e-07
1.04293e-06
-4.454e-07
1.0616e-06
-4.40244e-07
1.08175e-06
-4.32538e-07
1.10306e-06
-4.22084e-07
1.1253e-06
-4.08753e-07
1.14828e-06
-3.92406e-07
1.17171e-06
-3.72885e-07
1.19529e-06
-3.50025e-07
1.2186e-06
-3.23701e-07
1.24124e-06
-2.93872e-07
1.26274e-06
-2.60613e-07
1.28271e-06
-2.24128e-07
1.30076e-06
-1.84745e-07
1.31661e-06
-1.42908e-07
1.33002e-06
-9.91491e-08
1.34087e-06
-5.4047e-08
1.3491e-06
-8.18342e-09
1.35475e-06
3.78613e-08
1.35788e-06
8.344e-08
1.35866e-06
1.27988e-07
1.35725e-06
1.71021e-07
1.35383e-06
2.12121e-07
1.34854e-06
2.50913e-07
1.34151e-06
2.87058e-07
1.33283e-06
3.20242e-07
1.32264e-06
3.502e-07
1.3111e-06
3.76736e-07
1.29844e-06
3.99752e-07
1.28493e-06
4.19248e-07
1.27085e-06
4.35326e-07
1.25651e-06
4.48167e-07
1.24225e-06
4.58015e-07
1.2284e-06
4.65168e-07
1.21531e-06
4.6995e-07
1.20334e-06
4.7273e-07
4.73676e-07
1.19276e-06
5.08521e-08
7.42945e-07
5.47732e-08
9.84906e-07
6.68651e-08
1.0548e-06
8.36344e-08
1.02775e-06
1.02092e-07
9.02967e-07
1.19073e-07
7.1172e-07
1.33159e-07
5.00568e-07
1.4512e-07
3.02566e-07
1.5551e-07
1.23229e-07
1.6623e-07
-5.84116e-08
1.79459e-07
-2.50523e-07
1.95074e-07
-4.35153e-07
2.07959e-07
-5.81841e-07
2.12549e-07
-6.86071e-07
2.08075e-07
-7.77151e-07
1.985e-07
-8.79576e-07
1.88054e-07
-9.79279e-07
1.77834e-07
-1.03925e-06
1.6657e-07
-1.03606e-06
1.51361e-07
-9.71635e-07
1.25892e-07
-8.63598e-07
8.53883e-08
-7.36202e-07
4.22293e-08
-6.07482e-07
2.3773e-08
-4.6545e-07
4.13441e-08
-2.71982e-07
8.14729e-08
-2.3675e-08
1.29248e-07
2.36637e-07
1.81224e-07
4.71789e-07
2.35403e-07
6.62228e-07
2.89076e-07
7.98069e-07
3.39703e-07
8.79535e-07
3.85821e-07
9.14849e-07
4.27083e-07
9.15379e-07
4.63938e-07
8.92138e-07
4.97344e-07
8.54394e-07
5.2852e-07
8.0933e-07
5.5876e-07
7.62087e-07
5.89208e-07
7.15682e-07
6.20591e-07
6.70893e-07
6.53018e-07
6.26455e-07
6.85958e-07
5.7972e-07
7.18424e-07
5.27713e-07
7.49315e-07
4.68252e-07
7.77822e-07
4.00655e-07
8.03676e-07
3.25705e-07
8.27108e-07
2.45055e-07
8.48595e-07
1.60519e-07
8.68571e-07
7.34998e-08
8.87311e-07
-1.51092e-08
9.04914e-07
-1.03565e-07
9.2164e-07
-1.90718e-07
9.37493e-07
-2.76048e-07
9.52333e-07
-3.58749e-07
9.66086e-07
-4.37944e-07
9.78872e-07
-5.13022e-07
9.90939e-07
-5.8363e-07
1.00245e-06
-6.49181e-07
1.01337e-06
-7.08494e-07
1.02366e-06
-7.60171e-07
1.03351e-06
-8.03518e-07
1.04349e-06
-8.39179e-07
1.0543e-06
-8.68858e-07
1.06625e-06
-8.94292e-07
1.07902e-06
-9.1623e-07
1.09162e-06
-9.34034e-07
1.10273e-06
-9.46058e-07
1.11115e-06
-9.50433e-07
1.11613e-06
-9.45807e-07
1.11746e-06
-9.31715e-07
1.11544e-06
-9.08586e-07
1.11067e-06
-8.77503e-07
1.10386e-06
-8.39892e-07
1.0957e-06
-7.97256e-07
1.08673e-06
-7.50991e-07
1.07734e-06
-7.023e-07
1.06776e-06
-6.52179e-07
1.05807e-06
-6.01431e-07
1.04827e-06
-5.50706e-07
1.03831e-06
-5.00538e-07
1.02811e-06
-4.51372e-07
1.0176e-06
-4.03586e-07
1.00672e-06
-3.575e-07
9.95446e-07
-3.13381e-07
9.83776e-07
-2.71448e-07
9.71744e-07
-2.31866e-07
9.59406e-07
-1.94753e-07
9.46838e-07
-1.60172e-07
9.34133e-07
-1.28139e-07
9.21389e-07
-9.86173e-08
9.08706e-07
-7.15296e-08
8.96183e-07
-4.67622e-08
8.8391e-07
-2.41698e-08
8.71978e-07
-3.57207e-09
8.60497e-07
1.52282e-08
8.49563e-07
3.24745e-08
8.3924e-07
4.84543e-08
8.29559e-07
6.34154e-08
8.20509e-07
7.75146e-08
8.12087e-07
9.08214e-08
8.04397e-07
1.03408e-07
7.97788e-07
1.15527e-07
7.92972e-07
1.278e-07
7.91066e-07
1.41319e-07
7.93505e-07
1.57551e-07
8.01829e-07
1.78003e-07
8.17369e-07
2.0372e-07
8.4091e-07
2.34742e-07
8.72409e-07
2.69733e-07
9.10873e-07
3.05969e-07
9.54448e-07
3.39758e-07
1.00073e-06
3.67182e-07
1.04719e-06
3.84893e-07
1.09159e-06
3.90667e-07
1.13221e-06
3.83602e-07
1.16799e-06
3.63982e-07
1.19843e-06
3.32958e-07
1.2235e-06
2.92194e-07
1.24346e-06
2.43567e-07
1.25866e-06
1.88974e-07
1.26952e-06
1.30197e-07
1.27634e-06
6.881e-08
1.27938e-06
6.1306e-09
1.27879e-06
-5.6601e-08
1.2746e-06
-1.17974e-07
1.2668e-06
-1.76749e-07
1.25533e-06
-2.31718e-07
1.24018e-06
-2.81681e-07
1.22141e-06
-3.25492e-07
1.19923e-06
-3.6221e-07
1.17417e-06
-3.91323e-07
1.14707e-06
-4.12933e-07
1.11906e-06
-4.27796e-07
1.09147e-06
-4.37158e-07
1.0656e-06
-4.42459e-07
1.04254e-06
-4.4506e-07
1.02314e-06
-4.4611e-07
1.00804e-06
-4.46573e-07
9.97634e-07
-4.47261e-07
9.92183e-07
-4.48786e-07
9.91711e-07
-4.51406e-07
9.9597e-07
-4.54907e-07
1.00443e-06
-4.58623e-07
1.0164e-06
-4.61645e-07
1.03112e-06
-4.6308e-07
1.04799e-06
-4.62263e-07
1.06656e-06
-4.58819e-07
1.08661e-06
-4.52587e-07
1.10801e-06
-4.43484e-07
1.13065e-06
-4.3139e-07
1.15434e-06
-4.16095e-07
1.17878e-06
-3.97323e-07
1.20354e-06
-3.74793e-07
1.22814e-06
-3.48299e-07
1.25203e-06
-3.17763e-07
1.27469e-06
-2.83272e-07
1.29564e-06
-2.45077e-07
1.31447e-06
-2.03579e-07
1.33087e-06
-1.59308e-07
1.34461e-06
-1.12887e-07
1.35555e-06
-6.49854e-08
1.36364e-06
-1.62755e-08
1.36892e-06
3.25815e-08
1.37149e-06
8.08713e-08
1.37153e-06
1.27943e-07
1.36929e-06
1.73263e-07
1.36502e-06
2.1639e-07
1.35897e-06
2.5697e-07
1.35132e-06
2.94708e-07
1.34222e-06
3.29342e-07
1.33178e-06
3.60638e-07
1.32012e-06
3.88398e-07
1.30738e-06
4.12489e-07
1.29376e-06
4.32863e-07
1.27952e-06
4.49573e-07
1.26492e-06
4.62766e-07
1.25027e-06
4.72661e-07
1.2359e-06
4.79539e-07
1.22214e-06
4.83711e-07
1.20934e-06
4.85536e-07
4.85223e-07
1.19779e-06
1.09666e-07
6.33279e-07
1.55974e-07
9.38598e-07
2.03328e-07
1.00745e-06
2.51289e-07
9.79785e-07
2.91008e-07
8.63249e-07
3.19135e-07
6.83593e-07
3.3834e-07
4.81364e-07
3.5441e-07
2.86496e-07
3.7171e-07
1.05929e-07
3.90893e-07
-7.75948e-08
4.08679e-07
-2.68308e-07
4.2062e-07
-4.47094e-07
4.23024e-07
-5.84246e-07
4.17228e-07
-6.80275e-07
4.07931e-07
-7.67854e-07
3.97599e-07
-8.69244e-07
3.84454e-07
-9.66133e-07
3.6556e-07
-1.02036e-06
3.40023e-07
-1.01053e-06
3.09613e-07
-9.41225e-07
2.75471e-07
-8.29456e-07
2.33009e-07
-6.93741e-07
1.79654e-07
-5.54126e-07
1.33272e-07
-4.19068e-07
1.24138e-07
-2.62849e-07
1.56033e-07
-5.55694e-08
2.08648e-07
1.84022e-07
2.68753e-07
4.11685e-07
3.30639e-07
6.00341e-07
3.9043e-07
7.38278e-07
4.45365e-07
8.24599e-07
4.94168e-07
8.66047e-07
5.36823e-07
8.72724e-07
5.74129e-07
8.54833e-07
6.07354e-07
8.21169e-07
6.38002e-07
7.78682e-07
6.67634e-07
7.32455e-07
6.97642e-07
6.85673e-07
7.28969e-07
6.39566e-07
7.61879e-07
5.93544e-07
7.9591e-07
5.45689e-07
8.3004e-07
4.93583e-07
8.63048e-07
4.35244e-07
8.93925e-07
3.69778e-07
9.22141e-07
2.97489e-07
9.47654e-07
2.19542e-07
9.70718e-07
1.37456e-07
9.91664e-07
5.25531e-08
1.01062e-06
-3.40643e-08
1.02778e-06
-1.20728e-07
1.04342e-06
-2.0636e-07
1.05762e-06
-2.90249e-07
1.0704e-06
-3.71526e-07
1.08189e-06
-4.49433e-07
1.0924e-06
-5.23529e-07
1.10221e-06
-5.93446e-07
1.11138e-06
-6.58351e-07
1.11974e-06
-7.16852e-07
1.12724e-06
-7.67672e-07
1.13427e-06
-8.10542e-07
1.14156e-06
-8.46467e-07
1.14977e-06
-8.77073e-07
1.15901e-06
-9.03526e-07
1.16858e-06
-9.25804e-07
1.17725e-06
-9.42707e-07
1.18368e-06
-9.52489e-07
1.18688e-06
-9.53628e-07
1.18642e-06
-9.4535e-07
1.18247e-06
-9.27767e-07
1.17561e-06
-9.01719e-07
1.16659e-06
-8.68483e-07
1.15618e-06
-8.29488e-07
1.14503e-06
-7.86107e-07
1.13359e-06
-7.39551e-07
1.12213e-06
-6.90832e-07
1.11073e-06
-6.4078e-07
1.09938e-06
-5.90082e-07
1.08799e-06
-5.39317e-07
1.07644e-06
-4.88988e-07
1.06461e-06
-4.39543e-07
1.0524e-06
-3.91381e-07
1.03976e-06
-3.44857e-07
1.02666e-06
-3.00279e-07
1.01312e-06
-2.57904e-07
9.99185e-07
-2.17935e-07
9.84948e-07
-1.80516e-07
9.70509e-07
-1.45733e-07
9.55986e-07
-1.13615e-07
9.41503e-07
-8.4134e-08
9.27184e-07
-5.72113e-08
9.13149e-07
-3.27267e-08
8.99501e-07
-1.05224e-08
8.86353e-07
9.57643e-09
8.73817e-07
2.77645e-08
8.61987e-07
4.43044e-08
8.50949e-07
5.94923e-08
8.40762e-07
7.36021e-08
8.31439e-07
8.68373e-08
8.22964e-07
9.92969e-08
8.15361e-07
1.11012e-07
8.08818e-07
1.2207e-07
8.03818e-07
1.32799e-07
8.01228e-07
1.4391e-07
8.02277e-07
1.56502e-07
8.08409e-07
1.71871e-07
8.21013e-07
1.91116e-07
8.41089e-07
2.14667e-07
8.68943e-07
2.41879e-07
9.0401e-07
2.70902e-07
9.4487e-07
2.98898e-07
9.89467e-07
3.22585e-07
1.03547e-06
3.38893e-07
1.08063e-06
3.45508e-07
1.12307e-06
3.41155e-07
1.16145e-06
3.25606e-07
1.19492e-06
2.99487e-07
1.2231e-06
2.64012e-07
1.24594e-06
2.20734e-07
1.26356e-06
1.71352e-07
1.27619e-06
1.17566e-07
1.28405e-06
6.09439e-08
1.28735e-06
2.83412e-09
1.28624e-06
-5.54895e-08
1.28082e-06
-1.12556e-07
1.27118e-06
-1.67104e-07
1.25738e-06
-2.17923e-07
1.23955e-06
-2.63853e-07
1.21793e-06
-3.03869e-07
1.19298e-06
-3.37259e-07
1.16548e-06
-3.63826e-07
1.13655e-06
-3.84001e-07
1.10752e-06
-3.98768e-07
1.07978e-06
-4.09412e-07
1.05453e-06
-4.17213e-07
1.03272e-06
-4.23245e-07
1.01498e-06
-4.28375e-07
1.00176e-06
-4.33355e-07
9.93349e-07
-4.38847e-07
9.89859e-07
-4.45296e-07
9.91169e-07
-4.52716e-07
9.96857e-07
-4.60594e-07
1.00626e-06
-4.68025e-07
1.01862e-06
-4.74006e-07
1.03328e-06
-4.77745e-07
1.04983e-06
-4.78809e-07
1.06809e-06
-4.77076e-07
1.08805e-06
-4.72554e-07
1.10976e-06
-4.6519e-07
1.13314e-06
-4.54766e-07
1.15794e-06
-4.40898e-07
1.18374e-06
-4.23128e-07
1.20999e-06
-4.01038e-07
1.23604e-06
-3.74347e-07
1.26125e-06
-3.42976e-07
1.28503e-06
-3.07057e-07
1.30688e-06
-2.66926e-07
1.32638e-06
-2.2308e-07
1.34323e-06
-1.76151e-07
1.3572e-06
-1.26857e-07
1.36817e-06
-7.59592e-08
1.3761e-06
-2.42101e-08
1.38103e-06
2.76528e-08
1.38305e-06
7.88522e-08
1.38235e-06
1.28645e-07
1.37919e-06
1.7642e-07
1.3739e-06
2.21687e-07
1.36679e-06
2.64075e-07
1.35818e-06
3.03319e-07
1.3483e-06
3.39221e-07
1.33732e-06
3.71617e-07
1.32536e-06
4.00363e-07
1.31251e-06
4.25338e-07
1.2989e-06
4.46474e-07
1.2847e-06
4.63777e-07
1.27012e-06
4.77343e-07
1.25542e-06
4.87355e-07
1.2409e-06
4.94064e-07
1.22685e-06
4.97761e-07
1.21359e-06
4.98795e-07
4.97401e-07
1.20141e-06
1.56319e-07
4.7696e-07
2.54572e-07
8.40344e-07
3.36823e-07
9.252e-07
4.15109e-07
9.01499e-07
4.78784e-07
7.99574e-07
5.22909e-07
6.39469e-07
5.51945e-07
4.52327e-07
5.74333e-07
2.64109e-07
5.97094e-07
8.31681e-08
6.20935e-07
-1.01436e-07
6.39797e-07
-2.8717e-07
6.44502e-07
-4.518e-07
6.33867e-07
-5.73611e-07
6.17178e-07
-6.63586e-07
6.03751e-07
-7.54427e-07
5.9288e-07
-8.58373e-07
5.766e-07
-9.49854e-07
5.49176e-07
-9.92937e-07
5.10755e-07
-9.72105e-07
4.65446e-07
-8.95915e-07
4.1893e-07
-7.8294e-07
3.73513e-07
-6.48324e-07
3.23671e-07
-5.04284e-07
2.6946e-07
-3.64857e-07
2.34887e-07
-2.28275e-07
2.45286e-07
-6.59693e-08
2.93131e-07
1.36177e-07
3.57264e-07
3.47552e-07
4.25163e-07
5.32442e-07
4.90491e-07
6.7295e-07
5.49779e-07
7.65311e-07
6.01626e-07
8.142e-07
6.46124e-07
8.28225e-07
6.84272e-07
8.16685e-07
7.17546e-07
7.87896e-07
7.47641e-07
7.48587e-07
7.763e-07
7.03796e-07
8.05105e-07
6.56868e-07
8.35219e-07
6.09452e-07
8.67148e-07
5.61615e-07
9.00647e-07
5.1219e-07
9.34839e-07
4.59391e-07
9.68528e-07
4.01555e-07
1.00059e-06
3.37717e-07
1.03025e-06
2.67824e-07
1.05719e-06
1.9261e-07
1.08138e-06
1.13266e-07
1.10294e-06
3.09928e-08
1.12195e-06
-5.30788e-08
1.13866e-06
-1.37437e-07
1.15337e-06
-2.21067e-07
1.16624e-06
-3.0312e-07
1.17746e-06
-3.82751e-07
1.18737e-06
-4.59343e-07
1.19636e-06
-5.32513e-07
1.20458e-06
-6.01674e-07
1.21188e-06
-6.65652e-07
1.218e-06
-7.22971e-07
1.22304e-06
-7.72708e-07
1.22762e-06
-8.1512e-07
1.23258e-06
-8.5143e-07
1.23841e-06
-8.82903e-07
1.24482e-06
-9.0994e-07
1.2508e-06
-9.31778e-07
1.25498e-06
-9.46894e-07
1.25623e-06
-9.53736e-07
1.25393e-06
-9.51328e-07
1.24811e-06
-9.39524e-07
1.23928e-06
-9.18939e-07
1.22824e-06
-8.90683e-07
1.21584e-06
-8.56078e-07
1.20279e-06
-8.16437e-07
1.18961e-06
-7.72929e-07
1.1766e-06
-7.26541e-07
1.16385e-06
-6.78089e-07
1.15133e-06
-6.28259e-07
1.1389e-06
-5.77647e-07
1.12637e-06
-5.26793e-07
1.11359e-06
-4.762e-07
1.10039e-06
-4.26343e-07
1.08667e-06
-3.77665e-07
1.07238e-06
-3.30571e-07
1.05753e-06
-2.8542e-07
1.04214e-06
-2.42518e-07
1.02631e-06
-2.02106e-07
1.01015e-06
-1.6436e-07
9.9381e-07
-1.29389e-07
9.77428e-07
-9.72332e-08
9.61163e-07
-6.78689e-08
9.45167e-07
-4.12155e-08
9.2958e-07
-1.71399e-08
9.14533e-07
4.52542e-09
9.00154e-07
2.39553e-08
8.86546e-07
4.13724e-08
8.73802e-07
5.70485e-08
8.6202e-07
7.1274e-08
8.51282e-07
8.43405e-08
8.41625e-07
9.64941e-08
8.3304e-07
1.07882e-07
8.25506e-07
1.18545e-07
8.19088e-07
1.28489e-07
8.14056e-07
1.37831e-07
8.11008e-07
1.46958e-07
8.10902e-07
1.56608e-07
8.14987e-07
1.67785e-07
8.24598e-07
1.81506e-07
8.40856e-07
1.98408e-07
8.64364e-07
2.18371e-07
8.94974e-07
2.40292e-07
9.31728e-07
2.62143e-07
9.72988e-07
2.81326e-07
1.0167e-06
2.95177e-07
1.06075e-06
3.01464e-07
1.10319e-06
2.98714e-07
1.14248e-06
2.86321e-07
1.1775e-06
2.64466e-07
1.20756e-06
2.33946e-07
1.23233e-06
1.95971e-07
1.25167e-06
1.52003e-07
1.26565e-06
1.03591e-07
1.27437e-06
5.22276e-08
1.27796e-06
-7.63791e-10
1.27659e-06
-5.412e-08
1.2704e-06
-1.06367e-07
1.25955e-06
-1.56252e-07
1.24422e-06
-2.0259e-07
1.22467e-06
-2.44302e-07
1.20135e-06
-2.80544e-07
1.17497e-06
-3.10887e-07
1.14661e-06
-3.35464e-07
1.11758e-06
-3.54972e-07
1.08931e-06
-3.70492e-07
1.06308e-06
-3.83186e-07
1.03991e-06
-3.9404e-07
1.02046e-06
-4.03801e-07
1.00518e-06
-4.13087e-07
9.94334e-07
-4.22514e-07
9.88131e-07
-4.32644e-07
9.86579e-07
-4.43745e-07
9.89415e-07
-4.55552e-07
9.96077e-07
-4.67257e-07
1.00583e-06
-4.7778e-07
1.01799e-06
-4.86164e-07
1.03211e-06
-4.91863e-07
1.04807e-06
-4.94767e-07
1.06599e-06
-4.95003e-07
1.08609e-06
-4.92656e-07
1.10847e-06
-4.87565e-07
1.13298e-06
-4.79277e-07
1.15923e-06
-4.67145e-07
1.1866e-06
-4.50499e-07
1.21436e-06
-4.28797e-07
1.24175e-06
-4.01736e-07
1.26806e-06
-3.69286e-07
1.29268e-06
-3.31678e-07
1.31511e-06
-2.89362e-07
1.33499e-06
-2.42956e-07
1.35203e-06
-1.93196e-07
1.36607e-06
-1.40895e-07
1.37701e-06
-8.68913e-08
1.3848e-06
-3.20023e-08
1.38948e-06
2.29737e-08
1.39112e-06
7.72104e-08
1.38988e-06
1.29881e-07
1.38601e-06
1.80294e-07
1.37982e-06
2.27876e-07
1.37169e-06
2.72202e-07
1.36202e-06
3.12992e-07
1.35115e-06
3.50087e-07
1.33937e-06
3.83402e-07
1.32685e-06
4.1288e-07
1.31372e-06
4.38472e-07
1.30005e-06
4.60137e-07
1.28596e-06
4.7787e-07
1.27157e-06
4.9173e-07
1.25708e-06
5.01849e-07
1.2427e-06
5.08438e-07
1.22871e-06
5.11759e-07
1.21536e-06
5.1214e-07
5.09837e-07
1.20293e-06
1.76407e-07
3.00553e-07
3.33302e-07
6.8345e-07
4.58787e-07
7.99715e-07
5.68394e-07
7.91891e-07
6.57622e-07
7.10346e-07
7.22418e-07
5.74672e-07
7.66901e-07
4.07844e-07
7.99609e-07
2.31401e-07
8.27681e-07
5.50961e-08
8.52228e-07
-1.25984e-07
8.63245e-07
-2.98187e-07
8.52823e-07
-4.41378e-07
8.27945e-07
-5.48732e-07
8.05157e-07
-6.40797e-07
7.92469e-07
-7.41739e-07
7.81703e-07
-8.47607e-07
7.59536e-07
-9.27686e-07
7.2046e-07
-9.53861e-07
6.68162e-07
-9.19808e-07
6.09761e-07
-8.37514e-07
5.51968e-07
-7.25147e-07
5.00372e-07
-5.96729e-07
4.54889e-07
-4.58801e-07
4.08575e-07
-3.18543e-07
3.65855e-07
-1.85555e-07
3.52262e-07
-5.23762e-08
3.82944e-07
1.05495e-07
4.43543e-07
2.86953e-07
5.14804e-07
4.6118e-07
5.853e-07
6.02455e-07
6.49527e-07
7.01084e-07
7.05376e-07
7.58351e-07
7.52751e-07
7.80851e-07
7.92681e-07
7.76754e-07
8.26756e-07
7.53821e-07
8.56791e-07
7.18552e-07
8.84637e-07
6.7595e-07
9.12004e-07
6.29502e-07
9.40237e-07
5.81219e-07
9.70105e-07
5.31748e-07
1.00167e-06
4.80627e-07
1.03433e-06
4.26726e-07
1.06709e-06
3.688e-07
1.09883e-06
3.05975e-07
1.12865e-06
2.38001e-07
1.15598e-06
1.65281e-07
1.18055e-06
8.87012e-08
1.2023e-06
9.23397e-09
1.22128e-06
-7.20491e-08
1.2377e-06
-1.53858e-07
1.25185e-06
-2.35223e-07
1.26398e-06
-3.15251e-07
1.27442e-06
-3.93185e-07
1.28357e-06
-4.68497e-07
1.29172e-06
-5.40664e-07
1.29877e-06
-6.0872e-07
1.30434e-06
-6.71227e-07
1.30829e-06
-7.26912e-07
1.311e-06
-7.75424e-07
1.31337e-06
-8.17483e-07
1.31615e-06
-8.54213e-07
1.31947e-06
-8.8622e-07
1.3226e-06
-9.13075e-07
1.32432e-06
-9.33496e-07
1.32341e-06
-9.45983e-07
1.31912e-06
-9.49453e-07
1.31138e-06
-9.4358e-07
1.30064e-06
-9.28786e-07
1.28772e-06
-9.06021e-07
1.27352e-06
-8.76486e-07
1.25884e-06
-8.41398e-07
1.24425e-06
-8.01847e-07
1.23008e-06
-7.58753e-07
1.21641e-06
-7.12871e-07
1.20316e-06
-6.64843e-07
1.19015e-06
-6.15244e-07
1.17712e-06
-5.6462e-07
1.16384e-06
-5.1351e-07
1.15009e-06
-4.62449e-07
1.13571e-06
-4.11963e-07
1.1206e-06
-3.62558e-07
1.10473e-06
-3.14705e-07
1.08814e-06
-2.68824e-07
1.07089e-06
-2.25273e-07
1.05312e-06
-1.84339e-07
1.035e-06
-1.46231e-07
1.01668e-06
-1.11077e-07
9.98378e-07
-7.89275e-08
9.80269e-07
-4.976e-08
9.62538e-07
-2.34843e-08
9.45352e-07
4.61918e-11
9.28877e-07
2.10003e-08
9.13242e-07
3.95904e-08
8.98539e-07
5.60746e-08
8.84865e-07
7.07229e-08
8.72318e-07
8.38209e-08
8.6099e-07
9.56688e-08
8.5094e-07
1.06544e-07
8.42176e-07
1.16645e-07
8.34665e-07
1.26056e-07
8.28387e-07
1.34767e-07
8.23445e-07
1.42773e-07
8.20182e-07
1.50221e-07
8.19264e-07
1.57527e-07
8.21669e-07
1.6538e-07
8.28567e-07
1.74608e-07
8.41083e-07
1.85892e-07
8.60013e-07
1.99442e-07
8.85566e-07
2.14738e-07
9.17238e-07
2.30472e-07
9.53842e-07
2.44722e-07
9.93696e-07
2.55323e-07
1.03489e-06
2.60269e-07
1.07555e-06
2.58053e-07
1.11404e-06
2.47834e-07
1.14905e-06
2.2945e-07
1.17967e-06
2.03333e-07
1.20527e-06
1.70364e-07
1.22554e-06
1.31735e-07
1.24033e-06
8.88015e-08
1.24964e-06
4.29156e-08
1.25355e-06
-4.6735e-09
1.25218e-06
-5.27481e-08
1.2457e-06
-9.98824e-08
1.23431e-06
-1.44864e-07
1.2183e-06
-1.86577e-07
1.19809e-06
-2.24092e-07
1.17436e-06
-2.56814e-07
1.14809e-06
-2.84627e-07
1.12058e-06
-3.07946e-07
1.09322e-06
-3.27611e-07
1.06735e-06
-3.44622e-07
1.04402e-06
-3.59862e-07
1.02394e-06
-3.73954e-07
1.00749e-06
-3.87352e-07
9.94935e-07
-4.00535e-07
9.86501e-07
-4.1408e-07
9.82329e-07
-4.28472e-07
9.82352e-07
-4.43767e-07
9.86181e-07
-4.59381e-07
9.93164e-07
-4.74239e-07
1.00259e-06
-4.8721e-07
1.01398e-06
-4.97549e-07
1.0272e-06
-5.05086e-07
1.0425e-06
-5.10069e-07
1.06029e-06
-5.12788e-07
1.08088e-06
-5.13243e-07
1.1043e-06
-5.10985e-07
1.13022e-06
-5.05203e-07
1.15801e-06
-4.94937e-07
1.18684e-06
-4.79326e-07
1.21582e-06
-4.57772e-07
1.2441e-06
-4.30024e-07
1.27099e-06
-3.96171e-07
1.2959e-06
-3.5659e-07
1.31841e-06
-3.11873e-07
1.33822e-06
-2.62763e-07
1.35512e-06
-2.10098e-07
1.369e-06
-1.54771e-07
1.37978e-06
-9.76771e-08
1.38746e-06
-3.96752e-08
1.39204e-06
1.83953e-08
1.39357e-06
7.56774e-08
1.39216e-06
1.31287e-07
1.388e-06
1.84459e-07
1.38134e-06
2.3453e-07
1.37256e-06
2.80983e-07
1.36208e-06
3.23476e-07
1.35033e-06
3.61837e-07
1.3377e-06
3.96026e-07
1.32451e-06
4.26078e-07
1.31093e-06
4.52046e-07
1.2971e-06
4.73972e-07
1.28308e-06
4.91893e-07
1.26894e-06
5.05866e-07
1.2548e-06
5.15992e-07
1.2408e-06
5.22436e-07
1.22713e-06
5.25424e-07
1.21403e-06
5.25247e-07
5.22177e-07
1.20169e-06
1.55015e-07
1.45538e-07
3.67276e-07
4.71189e-07
5.50685e-07
6.16306e-07
6.99985e-07
6.42591e-07
8.17518e-07
5.92813e-07
9.04858e-07
4.87333e-07
9.66714e-07
3.45988e-07
1.01069e-06
1.8742e-07
1.0438e-06
2.19907e-08
1.06144e-06
-1.43619e-07
1.05505e-06
-2.91805e-07
1.0276e-06
-4.13925e-07
9.97145e-07
-5.18276e-07
9.79748e-07
-6.23401e-07
9.72878e-07
-7.34869e-07
9.59567e-07
-8.34296e-07
9.26088e-07
-8.94208e-07
8.71522e-07
-8.99296e-07
8.04288e-07
-8.52574e-07
7.3447e-07
-7.67695e-07
6.69027e-07
-6.59704e-07
6.124e-07
-5.40102e-07
5.67606e-07
-4.14008e-07
5.31497e-07
-2.82434e-07
4.9732e-07
-1.51378e-07
4.732e-07
-2.82556e-08
4.81884e-07
9.68105e-08
5.28385e-07
2.40452e-07
5.9692e-07
3.92646e-07
6.70841e-07
5.28534e-07
7.40452e-07
6.31472e-07
8.01623e-07
6.97181e-07
8.53439e-07
7.29034e-07
8.96671e-07
7.33522e-07
9.32883e-07
7.17609e-07
9.63945e-07
6.8749e-07
9.91774e-07
6.48121e-07
1.01816e-06
6.03118e-07
1.04458e-06
5.54802e-07
1.07202e-06
5.04304e-07
1.10087e-06
4.51778e-07
1.13089e-06
3.96708e-07
1.16137e-06
3.38321e-07
1.19138e-06
2.75963e-07
1.22003e-06
2.09347e-07
1.24664e-06
1.38675e-07
1.27077e-06
6.45678e-08
1.29225e-06
-1.22482e-08
1.31104e-06
-9.08405e-08
1.32731e-06
-1.70123e-07
1.34127e-06
-2.49178e-07
1.35318e-06
-3.27165e-07
1.36342e-06
-4.03422e-07
1.37228e-06
-4.77358e-07
1.37973e-06
-5.48115e-07
1.38538e-06
-6.14372e-07
1.38889e-06
-6.74735e-07
1.39044e-06
-7.28464e-07
1.39084e-06
-7.75824e-07
1.39104e-06
-8.17679e-07
1.39148e-06
-8.54657e-07
1.39178e-06
-8.86521e-07
1.39089e-06
-9.12185e-07
1.38763e-06
-9.30232e-07
1.38119e-06
-9.39543e-07
1.37141e-06
-9.39674e-07
1.35874e-06
-9.30908e-07
1.34401e-06
-9.14055e-07
1.32817e-06
-8.9019e-07
1.3121e-06
-8.60414e-07
1.29641e-06
-8.25709e-07
1.28145e-06
-7.86884e-07
1.26729e-06
-7.44591e-07
1.2538e-06
-6.99381e-07
1.24072e-06
-6.51763e-07
1.22773e-06
-6.02251e-07
1.21449e-06
-5.51388e-07
1.20073e-06
-4.99748e-07
1.18621e-06
-4.47926e-07
1.17077e-06
-3.96523e-07
1.15433e-06
-3.46122e-07
1.1369e-06
-2.97272e-07
1.11854e-06
-2.50463e-07
1.09938e-06
-2.06114e-07
1.0796e-06
-1.64559e-07
1.05941e-06
-1.26041e-07
1.03904e-06
-9.07053e-08
1.01872e-06
-5.86099e-08
9.98688e-07
-2.97259e-08
9.7915e-07
-3.94724e-09
9.60325e-07
1.88719e-08
9.42388e-07
3.89375e-08
9.25459e-07
5.65189e-08
9.09639e-07
7.1895e-08
8.9502e-07
8.53417e-08
8.81694e-07
9.71467e-08
8.69751e-07
1.07612e-07
8.59262e-07
1.17033e-07
8.50254e-07
1.25653e-07
8.42699e-07
1.33611e-07
8.36539e-07
1.40927e-07
8.31758e-07
1.47553e-07
8.28492e-07
1.53487e-07
8.27126e-07
1.58893e-07
8.28338e-07
1.64168e-07
8.33051e-07
1.69894e-07
8.42273e-07
1.7667e-07
8.56862e-07
1.84853e-07
8.77278e-07
1.94321e-07
9.0341e-07
2.0434e-07
9.34518e-07
2.13614e-07
9.69337e-07
2.20504e-07
1.00626e-06
2.23342e-07
1.04359e-06
2.20725e-07
1.07971e-06
2.11719e-07
1.11322e-06
1.95934e-07
1.14305e-06
1.73508e-07
1.16839e-06
1.45026e-07
1.18871e-06
1.1141e-07
1.20373e-06
7.37827e-08
1.21333e-06
3.33132e-08
1.21752e-06
-8.86279e-09
1.21637e-06
-5.15925e-08
1.21003e-06
-9.35468e-08
1.19876e-06
-1.33598e-07
1.18296e-06
-1.70773e-07
1.16324e-06
-2.04369e-07
1.14051e-06
-2.34085e-07
1.11597e-06
-2.60085e-07
1.09097e-06
-2.82947e-07
1.06683e-06
-3.03471e-07
1.04461e-06
-3.22407e-07
1.02502e-06
-3.40266e-07
1.0084e-06
-3.57342e-07
9.94978e-07
-3.73926e-07
9.84944e-07
-3.90501e-07
9.78542e-07
-4.07678e-07
9.75912e-07
-4.25842e-07
9.76903e-07
-4.44758e-07
9.81022e-07
-4.635e-07
9.87587e-07
-4.80804e-07
9.96035e-07
-4.95658e-07
1.0062e-06
-5.0771e-07
1.01837e-06
-5.17255e-07
1.03314e-06
-5.2484e-07
1.0511e-06
-5.30747e-07
1.07252e-06
-5.34664e-07
1.09722e-06
-5.35686e-07
1.12457e-06
-5.32559e-07
1.15367e-06
-5.24036e-07
1.18349e-06
-5.09143e-07
1.21305e-06
-4.8733e-07
1.24151e-06
-4.5849e-07
1.26823e-06
-4.22891e-07
1.29273e-06
-3.81091e-07
1.3147e-06
-3.33835e-07
1.33392e-06
-2.81985e-07
1.35029e-06
-2.26464e-07
1.36373e-06
-1.68221e-07
1.37425e-06
-1.08189e-07
1.38181e-06
-4.72408e-08
1.38644e-06
1.37677e-08
1.38815e-06
7.39643e-08
1.387e-06
1.32441e-07
1.38307e-06
1.88384e-07
1.37656e-06
2.41045e-07
1.36774e-06
2.89803e-07
1.35701e-06
3.34211e-07
1.34482e-06
3.74026e-07
1.33164e-06
4.092e-07
1.3179e-06
4.3982e-07
1.3039e-06
4.66041e-07
1.28986e-06
4.8802e-07
1.27586e-06
5.05885e-07
1.26199e-06
5.19744e-07
1.24827e-06
5.29704e-07
1.2348e-06
5.35906e-07
1.22169e-06
5.38537e-07
1.20909e-06
5.37846e-07
5.34107e-07
1.19716e-06
7.88524e-08
6.66858e-08
3.29028e-07
2.21013e-07
5.75402e-07
3.69932e-07
7.77243e-07
4.40751e-07
9.33038e-07
4.37018e-07
1.04783e-06
3.72544e-07
1.12869e-06
2.65123e-07
1.18263e-06
1.33481e-07
1.21132e-06
-6.6958e-09
1.2116e-06
-1.43897e-07
1.18951e-06
-2.69723e-07
1.16263e-06
-3.87045e-07
1.14828e-06
-5.03925e-07
1.14733e-06
-6.22452e-07
1.14336e-06
-7.30901e-07
1.11827e-06
-8.09205e-07
1.06617e-06
-8.42099e-07
9.93895e-07
-8.27024e-07
9.13551e-07
-7.72231e-07
8.35807e-07
-6.89951e-07
7.66937e-07
-5.90834e-07
7.0928e-07
-4.82446e-07
6.64506e-07
-3.69233e-07
6.33503e-07
-2.51431e-07
6.11406e-07
-1.29282e-07
5.93131e-07
-9.97965e-09
5.89468e-07
1.00473e-07
6.16537e-07
2.13383e-07
6.73228e-07
3.35955e-07
7.45152e-07
4.56609e-07
8.18635e-07
5.5799e-07
8.85848e-07
6.29968e-07
9.43794e-07
6.71088e-07
9.9229e-07
6.85026e-07
1.03254e-06
6.77357e-07
1.06634e-06
6.53695e-07
1.0956e-06
6.18853e-07
1.12218e-06
5.7654e-07
1.14765e-06
5.29336e-07
1.17317e-06
4.78779e-07
1.19942e-06
4.25533e-07
1.2265e-06
3.69628e-07
1.25406e-06
3.10754e-07
1.28148e-06
2.48551e-07
1.308e-06
1.82823e-07
1.33298e-06
1.13698e-07
1.35595e-06
4.15926e-08
1.37667e-06
-3.29631e-08
1.39499e-06
-1.09165e-07
1.41097e-06
-1.861e-07
1.42473e-06
-2.62938e-07
1.4365e-06
-3.38937e-07
1.44651e-06
-4.13427e-07
1.45471e-06
-4.85565e-07
1.46073e-06
-5.54136e-07
1.46413e-06
-6.17766e-07
1.46492e-06
-6.75528e-07
1.46382e-06
-7.27362e-07
1.46186e-06
-7.73861e-07
1.45973e-06
-8.15551e-07
1.45733e-06
-8.52256e-07
1.45381e-06
-8.83001e-07
1.44807e-06
-9.06448e-07
1.43932e-06
-9.21481e-07
1.42738e-06
-9.27604e-07
1.41271e-06
-9.25003e-07
1.39618e-06
-9.14382e-07
1.37882e-06
-8.96693e-07
1.36155e-06
-8.72913e-07
1.34502e-06
-8.43893e-07
1.32962e-06
-8.103e-07
1.31537e-06
-7.72641e-07
1.30211e-06
-7.31328e-07
1.28949e-06
-6.86758e-07
1.27709e-06
-6.39367e-07
1.2645e-06
-5.89665e-07
1.25135e-06
-5.38231e-07
1.2373e-06
-4.85705e-07
1.22214e-06
-4.32763e-07
1.20571e-06
-3.80096e-07
1.18797e-06
-3.28379e-07
1.16895e-06
-2.78249e-07
1.14876e-06
-2.30278e-07
1.1276e-06
-1.84951e-07
1.1057e-06
-1.42656e-07
1.08332e-06
-1.03668e-07
1.06077e-06
-6.81524e-08
1.03833e-06
-3.61653e-08
1.01626e-06
-7.66402e-09
9.94859e-07
1.74585e-08
9.74346e-07
3.93841e-08
9.54895e-07
5.83893e-08
9.36634e-07
7.47796e-08
9.19673e-07
8.88558e-08
9.041e-07
1.00915e-07
8.89991e-07
1.11255e-07
8.77425e-07
1.20178e-07
8.6647e-07
1.27988e-07
8.57166e-07
1.34957e-07
8.49501e-07
1.41277e-07
8.43408e-07
1.4702e-07
8.38806e-07
1.52155e-07
8.35683e-07
1.5661e-07
8.3419e-07
1.60387e-07
8.34716e-07
1.63642e-07
8.37897e-07
1.66714e-07
8.4453e-07
1.70037e-07
8.55408e-07
1.73975e-07
8.71109e-07
1.7862e-07
8.91803e-07
1.83647e-07
9.17145e-07
1.88272e-07
9.46287e-07
1.91361e-07
9.77994e-07
1.91635e-07
1.01082e-06
1.87904e-07
1.04327e-06
1.79263e-07
1.074e-06
1.65209e-07
1.10183e-06
1.45677e-07
1.12585e-06
1.21005e-07
1.1454e-06
9.1859e-08
1.16007e-06
5.91141e-08
1.16964e-06
2.37373e-08
1.17405e-06
-1.32641e-08
1.17327e-06
-5.08187e-08
1.16748e-06
-8.77505e-08
1.15697e-06
-1.23092e-07
1.14229e-06
-1.56096e-07
1.12426e-06
-1.86339e-07
1.10396e-06
-2.13782e-07
1.08263e-06
-2.38754e-07
1.0615e-06
-2.61821e-07
1.0416e-06
-2.83571e-07
1.0236e-06
-3.04402e-07
1.00781e-06
-3.24481e-07
9.94383e-07
-3.43912e-07
9.83463e-07
-3.63007e-07
9.75338e-07
-3.82376e-07
9.7033e-07
-4.0267e-07
9.68566e-07
-4.24078e-07
9.69797e-07
-4.45989e-07
9.73437e-07
-4.67141e-07
9.78862e-07
-4.8623e-07
9.85779e-07
-5.02575e-07
9.94444e-07
-5.16375e-07
1.00559e-06
-5.284e-07
1.02008e-06
-5.39335e-07
1.03853e-06
-5.49197e-07
1.061e-06
-5.57129e-07
1.08695e-06
-5.61634e-07
1.11541e-06
-5.61027e-07
1.14524e-06
-5.53859e-07
1.17527e-06
-5.39181e-07
1.20455e-06
-5.16608e-07
1.23232e-06
-4.86256e-07
1.25805e-06
-4.4862e-07
1.2814e-06
-4.04447e-07
1.3022e-06
-3.54627e-07
1.32033e-06
-3.00123e-07
1.33579e-06
-2.41919e-07
1.34856e-06
-1.80992e-07
1.35866e-06
-1.18288e-07
1.3661e-06
-5.46836e-08
1.37088e-06
8.98355e-09
1.37302e-06
7.18315e-08
1.37249e-06
1.32966e-07
1.36932e-06
1.91555e-07
1.36358e-06
2.46789e-07
1.35543e-06
2.97946e-07
1.34519e-06
3.44457e-07
1.33325e-06
3.85962e-07
1.32011e-06
4.2234e-07
1.30626e-06
4.53675e-07
1.29211e-06
4.80184e-07
1.278e-06
5.02136e-07
1.2641e-06
5.19781e-07
1.25052e-06
5.33322e-07
1.2373e-06
5.42923e-07
1.22448e-06
5.48735e-07
1.21208e-06
5.50928e-07
1.20022e-06
5.49712e-07
5.4536e-07
1.18897e-06
1.03065e-07
-3.6379e-08
2.87927e-07
3.6151e-08
5.23984e-07
1.33874e-07
7.49843e-07
2.14892e-07
9.37308e-07
2.49553e-07
1.07976e-06
2.3009e-07
1.17971e-06
1.65173e-07
1.24166e-06
7.15372e-08
1.27046e-06
-3.54987e-08
1.27782e-06
-1.5126e-07
1.28047e-06
-2.72371e-07
1.29032e-06
-3.96892e-07
1.30569e-06
-5.19295e-07
1.31206e-06
-6.28824e-07
1.29343e-06
-7.12269e-07
1.2437e-06
-7.59477e-07
1.16896e-06
-7.67357e-07
1.08175e-06
-7.39816e-07
9.94219e-07
-6.847e-07
9.1458e-07
-6.10312e-07
8.46913e-07
-5.23167e-07
7.92066e-07
-4.27599e-07
7.49662e-07
-3.26829e-07
7.20793e-07
-2.22562e-07
7.05439e-07
-1.13927e-07
6.98147e-07
-2.68778e-09
6.96148e-07
1.02472e-07
7.09946e-07
1.99584e-07
7.49448e-07
2.96453e-07
8.11066e-07
3.94992e-07
8.82925e-07
4.8613e-07
9.54213e-07
5.5868e-07
1.0187e-06
6.06606e-07
1.07408e-06
6.29638e-07
1.12048e-06
6.30959e-07
1.15918e-06
6.14994e-07
1.19194e-06
5.86093e-07
1.22057e-06
5.47909e-07
1.24671e-06
5.03199e-07
1.27167e-06
4.53825e-07
1.29632e-06
4.00875e-07
1.32111e-06
3.44839e-07
1.34604e-06
2.85832e-07
1.37078e-06
2.23809e-07
1.39485e-06
1.58747e-07
1.41775e-06
9.08039e-08
1.43906e-06
2.0279e-08
1.4585e-06
-5.23997e-08
1.47585e-06
-1.26521e-07
1.49106e-06
-2.01307e-07
1.50414e-06
-2.76023e-07
1.51516e-06
-3.49956e-07
1.524e-06
-4.22268e-07
1.53026e-06
-4.91826e-07
1.53347e-06
-5.57346e-07
1.53357e-06
-6.17868e-07
1.5312e-06
-6.73156e-07
1.52742e-06
-7.23576e-07
1.52305e-06
-7.69494e-07
1.51818e-06
-8.10685e-07
1.51213e-06
-8.46206e-07
1.5039e-06
-8.74772e-07
1.49275e-06
-8.95297e-07
1.47855e-06
-9.0728e-07
1.46181e-06
-9.10865e-07
1.44348e-06
-9.06674e-07
1.42465e-06
-8.95552e-07
1.40631e-06
-8.78347e-07
1.38916e-06
-8.55764e-07
1.37358e-06
-8.2831e-07
1.35959e-06
-7.96314e-07
1.34696e-06
-7.60009e-07
1.33526e-06
-7.1963e-07
1.32399e-06
-6.7549e-07
1.31264e-06
-6.28019e-07
1.30074e-06
-5.77763e-07
1.28788e-06
-5.25367e-07
1.27372e-06
-4.7155e-07
1.25804e-06
-4.17081e-07
1.24069e-06
-3.62749e-07
1.22165e-06
-3.09339e-07
1.201e-06
-2.57591e-07
1.17889e-06
-2.08174e-07
1.15559e-06
-1.61653e-07
1.13141e-06
-1.18473e-07
1.10669e-06
-7.89474e-08
1.08179e-06
-4.32552e-08
1.05707e-06
-1.14427e-08
1.03287e-06
1.65328e-08
1.00952e-06
4.08115e-08
9.8724e-07
6.16649e-08
9.66208e-07
7.94206e-08
9.46575e-07
9.44127e-08
9.28452e-07
1.0698e-07
9.11916e-07
1.17451e-07
8.9703e-07
1.26142e-07
8.83846e-07
1.33361e-07
8.72421e-07
1.39414e-07
8.62792e-07
1.44586e-07
8.54961e-07
1.49107e-07
8.48873e-07
1.53108e-07
8.44424e-07
1.56604e-07
8.41514e-07
1.5952e-07
8.40127e-07
1.61774e-07
8.4041e-07
1.6336e-07
8.42716e-07
1.64407e-07
8.47588e-07
1.65165e-07
8.55653e-07
1.6591e-07
8.67471e-07
1.66802e-07
8.8336e-07
1.67758e-07
9.03266e-07
1.68366e-07
9.2671e-07
1.67917e-07
9.5283e-07
1.65515e-07
9.80495e-07
1.60239e-07
1.00845e-06
1.51312e-07
1.03543e-06
1.38221e-07
1.06033e-06
1.20785e-07
1.08217e-06
9.9161e-08
1.10024e-06
7.37888e-08
1.11404e-06
4.53143e-08
1.12326e-06
1.45165e-08
1.12774e-06
-1.7739e-08
1.12742e-06
-5.05057e-08
1.1225e-06
-8.28322e-08
1.1134e-06
-1.1399e-07
1.10081e-06
-1.43499e-07
1.08564e-06
-1.71177e-07
1.069e-06
-1.97134e-07
1.05194e-06
-2.21697e-07
1.03538e-06
-2.45261e-07
1.01992e-06
-2.68108e-07
1.00583e-06
-2.90316e-07
9.93196e-07
-3.11849e-07
9.8211e-07
-3.32826e-07
9.72845e-07
-3.53741e-07
9.65845e-07
-3.75377e-07
9.61508e-07
-3.98332e-07
9.59889e-07
-4.22459e-07
9.60599e-07
-4.467e-07
9.63003e-07
-4.69545e-07
9.66644e-07
-4.8987e-07
9.71626e-07
-5.07556e-07
9.78703e-07
-5.23452e-07
9.88999e-07
-5.38696e-07
1.00351e-06
-5.53849e-07
1.02267e-06
-5.68355e-07
1.04615e-06
-5.8061e-07
1.07301e-06
-5.88489e-07
1.10195e-06
-5.89965e-07
1.13164e-06
-5.83557e-07
1.16095e-06
-5.68489e-07
1.18899e-06
-5.4465e-07
1.21517e-06
-5.12435e-07
1.23913e-06
-4.72578e-07
1.26069e-06
-4.26003e-07
1.27978e-06
-3.73721e-07
1.29642e-06
-3.16765e-07
1.31066e-06
-2.56156e-07
1.32254e-06
-1.92877e-07
1.33212e-06
-1.27859e-07
1.33939e-06
-6.19615e-08
1.34438e-06
3.99733e-09
1.34707e-06
6.91424e-08
1.34742e-06
1.32619e-07
1.34537e-06
1.93607e-07
1.34089e-06
2.51263e-07
1.33405e-06
3.04786e-07
1.32502e-06
3.53489e-07
1.31411e-06
3.96875e-07
1.30175e-06
4.34702e-07
1.28843e-06
4.66986e-07
1.27467e-06
4.93953e-07
1.26086e-06
5.15946e-07
1.24731e-06
5.33333e-07
1.23419e-06
5.4644e-07
1.22158e-06
5.55527e-07
1.20952e-06
5.60802e-07
1.198e-06
5.62449e-07
1.18705e-06
5.60657e-07
5.55696e-07
1.17672e-06
7.51562e-07
2.55375e-08
7.24285e-07
6.34274e-08
7.4416e-07
1.14e-07
8.10671e-07
1.48381e-07
9.0384e-07
1.56384e-07
9.98492e-07
1.35438e-07
1.0779e-06
8.57632e-08
1.13994e-06
9.49682e-09
1.19165e-06
-8.72102e-08
1.2379e-06
-1.9751e-07
1.279e-06
-3.13464e-07
1.30936e-06
-4.27257e-07
1.3196e-06
-5.29535e-07
1.30188e-06
-6.11098e-07
1.25502e-06
-6.65409e-07
1.18544e-06
-6.89902e-07
1.1038e-06
-6.85714e-07
1.02054e-06
-6.56555e-07
9.43111e-07
-6.07274e-07
8.7548e-07
-5.42681e-07
8.19147e-07
-4.66833e-07
7.74223e-07
-3.82675e-07
7.39904e-07
-2.92509e-07
7.16005e-07
-1.98664e-07
7.04126e-07
-1.02048e-07
7.03474e-07
-2.03606e-09
7.08615e-07
9.73315e-08
7.1932e-07
1.88879e-07
7.43257e-07
2.72517e-07
7.85454e-07
3.52794e-07
8.42226e-07
4.29358e-07
9.05124e-07
4.95782e-07
9.66568e-07
5.45162e-07
1.02209e-06
5.74117e-07
1.07003e-06
5.83013e-07
1.11056e-06
5.74473e-07
1.14473e-06
5.51922e-07
1.17397e-06
5.18669e-07
1.1997e-06
4.7746e-07
1.22318e-06
4.30349e-07
1.24534e-06
3.78719e-07
1.26677e-06
3.23404e-07
1.28775e-06
2.64858e-07
1.30824e-06
2.03313e-07
1.32805e-06
1.3894e-07
1.34688e-06
7.19742e-08
1.36446e-06
2.69909e-09
1.38051e-06
-6.84551e-08
1.39481e-06
-1.40817e-07
1.40721e-06
-2.13702e-07
1.41759e-06
-2.86405e-07
1.42575e-06
-3.58121e-07
1.43131e-06
-4.27825e-07
1.43384e-06
-4.94359e-07
1.43329e-06
-5.56792e-07
1.43019e-06
-6.14768e-07
1.42549e-06
-6.68461e-07
1.42e-06
-7.18082e-07
1.41386e-06
-7.63357e-07
1.40655e-06
-8.03372e-07
1.39723e-06
-8.36883e-07
1.38528e-06
-8.62823e-07
1.37065e-06
-8.80666e-07
1.35387e-06
-8.90499e-07
1.33586e-06
-8.92861e-07
1.31769e-06
-8.88498e-07
1.30028e-06
-8.78151e-07
1.28435e-06
-8.6241e-07
1.27024e-06
-8.41654e-07
1.25798e-06
-8.16055e-07
1.24733e-06
-7.85663e-07
1.23785e-06
-7.50528e-07
1.22902e-06
-7.10798e-07
1.22031e-06
-6.66781e-07
1.21123e-06
-6.18939e-07
1.20133e-06
-5.67866e-07
1.19023e-06
-5.14264e-07
1.1776e-06
-4.58919e-07
1.1632e-06
-4.02682e-07
1.1469e-06
-3.46447e-07
1.12867e-06
-2.91116e-07
1.10863e-06
-2.3755e-07
1.08698e-06
-1.86525e-07
1.06402e-06
-1.38694e-07
1.04012e-06
-9.45641e-08
1.01565e-06
-5.44844e-08
9.91037e-07
-1.86399e-08
9.66677e-07
1.2918e-08
9.42956e-07
4.02536e-08
9.2016e-07
6.36073e-08
8.98503e-07
8.33224e-08
8.78165e-07
9.97578e-08
8.59288e-07
1.13291e-07
8.41967e-07
1.24301e-07
8.26263e-07
1.33154e-07
8.12214e-07
1.40191e-07
7.99844e-07
1.45732e-07
7.89178e-07
1.5008e-07
7.8024e-07
1.53524e-07
7.73035e-07
1.56313e-07
7.67523e-07
1.5862e-07
7.63617e-07
1.6051e-07
7.61192e-07
1.61945e-07
7.60142e-07
1.62823e-07
7.60443e-07
1.63058e-07
7.62208e-07
1.62642e-07
7.65704e-07
1.61669e-07
7.71315e-07
1.60299e-07
7.79449e-07
1.58669e-07
7.90417e-07
1.56789e-07
8.04319e-07
1.54464e-07
8.20967e-07
1.5127e-07
8.39872e-07
1.4661e-07
8.60295e-07
1.39816e-07
8.81336e-07
1.30271e-07
9.02033e-07
1.17523e-07
9.2146e-07
1.01358e-07
9.38801e-07
8.18201e-08
9.53395e-07
5.91944e-08
9.64749e-07
3.39604e-08
9.72522e-07
6.74384e-09
9.76526e-07
-2.17431e-08
9.76748e-07
-5.07279e-08
9.73427e-07
-7.95109e-08
9.67033e-07
-1.07596e-07
9.58232e-07
-1.34699e-07
9.47806e-07
-1.60751e-07
9.36536e-07
-1.85863e-07
9.25084e-07
-2.10246e-07
9.13903e-07
-2.34079e-07
9.032e-07
-2.57405e-07
8.93014e-07
-2.8013e-07
8.83377e-07
-3.02212e-07
8.74493e-07
-3.23941e-07
8.66802e-07
-3.4605e-07
8.60842e-07
-3.69418e-07
8.56958e-07
-3.94447e-07
8.55057e-07
-4.20557e-07
8.5464e-07
-4.46283e-07
8.55151e-07
-4.70055e-07
8.56435e-07
-4.91154e-07
8.59029e-07
-5.1015e-07
8.64059e-07
-5.28482e-07
8.7279e-07
-5.47427e-07
8.86064e-07
-5.67122e-07
9.03946e-07
-5.86237e-07
9.25722e-07
-6.02386e-07
9.50171e-07
-6.12938e-07
9.75923e-07
-6.15718e-07
1.00175e-06
-6.09382e-07
1.0267e-06
-5.9344e-07
1.05014e-06
-5.6809e-07
1.0717e-06
-5.33996e-07
1.09121e-06
-4.92092e-07
1.10865e-06
-4.43434e-07
1.12404e-06
-3.89113e-07
1.13747e-06
-3.30201e-07
1.14904e-06
-2.67725e-07
1.15883e-06
-2.02662e-07
1.16689e-06
-1.35919e-07
1.17325e-06
-6.83282e-08
1.17794e-06
-6.85399e-10
1.18092e-06
6.61568e-08
1.18215e-06
1.31395e-07
1.18151e-06
1.94248e-07
1.1789e-06
2.53863e-07
1.1743e-06
3.09394e-07
1.16773e-06
3.60058e-07
1.15937e-06
4.05232e-07
1.14953e-06
4.44541e-07
1.13862e-06
4.77899e-07
1.12709e-06
5.05484e-07
1.11537e-06
5.27665e-07
1.10381e-06
5.44891e-07
1.09265e-06
5.57598e-07
1.08202e-06
5.66156e-07
1.07197e-06
5.70855e-07
1.06249e-06
5.71924e-07
1.05359e-06
5.69557e-07
5.64038e-07
1.04525e-06
1.19994e-06
5.25285e-08
1.1835e-06
7.98599e-08
1.18231e-06
1.15198e-07
1.19551e-06
1.35175e-07
1.22361e-06
1.28287e-07
1.26396e-06
9.50823e-08
1.31104e-06
3.86886e-08
1.35906e-06
-3.85219e-08
1.402e-06
-1.30157e-07
1.43424e-06
-2.29747e-07
1.45008e-06
-3.29307e-07
1.44392e-06
-4.21092e-07
1.4129e-06
-4.98518e-07
1.35879e-06
-5.56988e-07
1.28751e-06
-5.9413e-07
1.20702e-06
-6.09415e-07
1.12497e-06
-6.03662e-07
1.04716e-06
-5.7874e-07
9.77143e-07
-5.3726e-07
9.16622e-07
-4.82161e-07
8.66141e-07
-4.16352e-07
8.25817e-07
-3.42351e-07
7.95393e-07
-2.62086e-07
7.74283e-07
-1.77553e-07
7.63129e-07
-9.08939e-08
7.63602e-07
-2.50869e-09
7.73606e-07
8.73267e-08
7.88681e-07
1.73804e-07
8.09468e-07
2.5173e-07
8.41181e-07
3.21082e-07
8.86407e-07
3.84132e-07
9.41969e-07
4.4022e-07
1.00162e-06
4.85511e-07
1.05965e-06
5.16086e-07
1.11252e-06
5.30145e-07
1.1588e-06
5.28188e-07
1.19854e-06
5.12182e-07
1.23257e-06
4.84639e-07
1.26204e-06
4.47995e-07
1.2881e-06
4.04294e-07
1.31173e-06
3.55088e-07
1.33366e-06
3.01471e-07
1.35434e-06
2.44172e-07
1.37397e-06
1.83683e-07
1.39254e-06
1.20379e-07
1.4099e-06
5.46105e-08
1.42587e-06
-1.32729e-08
1.44019e-06
-8.27773e-08
1.45262e-06
-1.53242e-07
1.46293e-06
-2.24009e-07
1.47084e-06
-2.94321e-07
1.47599e-06
-3.6327e-07
1.47802e-06
-4.29855e-07
1.47691e-06
-4.93247e-07
1.47317e-06
-5.5305e-07
1.46767e-06
-6.09273e-07
1.46116e-06
-6.61952e-07
1.45379e-06
-7.10711e-07
1.44507e-06
-7.54633e-07
1.43423e-06
-7.92526e-07
1.42072e-06
-8.23374e-07
1.40456e-06
-8.46664e-07
1.38635e-06
-8.62455e-07
1.36707e-06
-8.71223e-07
1.34783e-06
-8.73623e-07
1.32963e-06
-8.70293e-07
1.31319e-06
-8.6172e-07
1.29895e-06
-8.48167e-07
1.28696e-06
-8.2966e-07
1.27697e-06
-8.06064e-07
1.26852e-06
-7.77216e-07
1.26106e-06
-7.4307e-07
1.25403e-06
-7.03769e-07
1.2469e-06
-6.59652e-07
1.23918e-06
-6.11214e-07
1.23038e-06
-5.59071e-07
1.22007e-06
-5.03948e-07
1.20783e-06
-4.46683e-07
1.19337e-06
-3.88222e-07
1.17652e-06
-3.29591e-07
1.15725e-06
-2.71847e-07
1.13571e-06
-2.16014e-07
1.11219e-06
-1.63007e-07
1.08709e-06
-1.13586e-07
1.06085e-06
-6.83325e-08
1.034e-06
-2.7632e-08
1.00705e-06
8.31273e-09
9.8051e-07
3.94567e-08
9.54782e-07
6.5982e-08
9.30156e-07
8.82337e-08
9.06878e-07
1.066e-07
8.8514e-07
1.21495e-07
8.6508e-07
1.33351e-07
8.46785e-07
1.42595e-07
8.30303e-07
1.49636e-07
8.1565e-07
1.54844e-07
8.02824e-07
1.58558e-07
7.91822e-07
1.61082e-07
7.82643e-07
1.62702e-07
7.75283e-07
1.63673e-07
7.69712e-07
1.64191e-07
7.65854e-07
1.64368e-07
7.63588e-07
1.64211e-07
7.62771e-07
1.63641e-07
7.63286e-07
1.62543e-07
7.65102e-07
1.60827e-07
7.683e-07
1.58471e-07
7.73081e-07
1.55518e-07
7.79713e-07
1.52037e-07
7.88447e-07
1.48055e-07
7.99427e-07
1.43484e-07
8.12604e-07
1.38093e-07
8.27702e-07
1.31513e-07
8.4422e-07
1.23297e-07
8.61491e-07
1.13e-07
8.78747e-07
1.00267e-07
8.95208e-07
8.48977e-08
9.10148e-07
6.688e-08
9.22948e-07
4.6394e-08
9.33123e-07
2.37854e-08
9.40334e-07
-4.66733e-10
9.44418e-07
-2.58275e-08
9.45424e-07
-5.17333e-08
9.43631e-07
-7.77179e-08
9.39491e-07
-1.03456e-07
9.33552e-07
-1.2876e-07
9.26372e-07
-1.5357e-07
9.18431e-07
-1.77923e-07
9.10074e-07
-2.01889e-07
9.01477e-07
-2.25482e-07
8.92679e-07
-2.48607e-07
8.83693e-07
-2.71144e-07
8.74669e-07
-2.93187e-07
8.6601e-07
-3.15283e-07
8.58331e-07
-3.38372e-07
8.52208e-07
-3.63295e-07
8.47855e-07
-3.90095e-07
8.44975e-07
-4.17677e-07
8.42958e-07
-4.44266e-07
8.41369e-07
-4.68466e-07
8.40429e-07
-4.90215e-07
8.41161e-07
-5.10882e-07
8.45067e-07
-5.32389e-07
8.53496e-07
-5.55855e-07
8.67049e-07
-5.80675e-07
8.85359e-07
-6.04547e-07
9.07282e-07
-6.24309e-07
9.31319e-07
-6.36975e-07
9.5602e-07
-6.40419e-07
9.80226e-07
-6.33588e-07
1.00315e-06
-6.16363e-07
1.02433e-06
-5.89276e-07
1.04358e-06
-5.53242e-07
1.06085e-06
-5.09363e-07
1.07621e-06
-4.58792e-07
1.08977e-06
-4.02669e-07
1.10165e-06
-3.42082e-07
1.11197e-06
-2.78053e-07
1.12085e-06
-2.11535e-07
1.12833e-06
-1.43403e-07
1.13447e-06
-7.44649e-08
1.13928e-06
-5.49588e-09
1.14277e-06
6.26697e-08
1.14486e-06
1.293e-07
1.14544e-06
1.93672e-07
1.14435e-06
2.54953e-07
1.14147e-06
3.12274e-07
1.13674e-06
3.64784e-07
1.13023e-06
4.11743e-07
1.12214e-06
4.52635e-07
1.11279e-06
4.87243e-07
1.10262e-06
5.15659e-07
1.09206e-06
5.38226e-07
1.08151e-06
5.55439e-07
1.07128e-06
5.67826e-07
1.06157e-06
5.75869e-07
1.05246e-06
5.79958e-07
1.04399e-06
5.80398e-07
1.03614e-06
5.77411e-07
5.71309e-07
1.02887e-06
1.33602e-06
5.12619e-08
1.34699e-06
6.88894e-08
1.3715e-06
9.06925e-08
1.40421e-06
1.02465e-07
1.43979e-06
9.27087e-08
1.47539e-06
5.94782e-08
1.50753e-06
6.54686e-09
1.53113e-06
-6.21227e-08
1.5424e-06
-1.41425e-07
1.53792e-06
-2.25264e-07
1.51571e-06
-3.07093e-07
1.47582e-06
-3.8121e-07
1.42068e-06
-4.4337e-07
1.35442e-06
-4.90732e-07
1.28185e-06
-5.21564e-07
1.20748e-06
-5.35045e-07
1.13504e-06
-5.31219e-07
1.06732e-06
-5.1102e-07
1.00624e-06
-4.76175e-07
9.52959e-07
-4.28882e-07
9.08087e-07
-3.7148e-07
8.71948e-07
-3.06212e-07
8.44803e-07
-2.34941e-07
8.26498e-07
-1.59248e-07
8.16741e-07
-8.11369e-08
8.16638e-07
-2.40558e-09
8.27172e-07
7.67919e-08
8.45787e-07
1.5519e-07
8.6902e-07
2.28496e-07
8.97188e-07
2.92914e-07
9.33317e-07
3.48003e-07
9.78742e-07
3.94795e-07
1.03127e-06
4.32987e-07
1.08663e-06
4.60719e-07
1.14072e-06
4.76055e-07
1.19074e-06
4.78167e-07
1.23539e-06
4.67534e-07
1.27449e-06
4.4554e-07
1.30854e-06
4.13948e-07
1.33833e-06
3.74504e-07
1.36469e-06
3.2872e-07
1.38836e-06
2.77802e-07
1.40986e-06
2.2267e-07
1.42952e-06
1.64023e-07
1.44748e-06
1.02422e-07
1.46372e-06
3.83719e-08
1.47811e-06
-2.76595e-08
1.49044e-06
-9.51066e-08
1.50048e-06
-1.63286e-07
1.50798e-06
-2.31506e-07
1.51262e-06
-2.98966e-07
1.51418e-06
-3.64828e-07
1.51271e-06
-4.28388e-07
1.50872e-06
-4.8925e-07
1.50295e-06
-5.47283e-07
1.49601e-06
-6.02331e-07
1.48794e-06
-6.53888e-07
1.47825e-06
-7.01019e-07
1.46622e-06
-7.42602e-07
1.4514e-06
-7.77708e-07
1.43391e-06
-8.0588e-07
1.41442e-06
-8.27179e-07
1.394e-06
-8.4203e-07
1.37378e-06
-8.51004e-07
1.3548e-06
-8.54641e-07
1.33783e-06
-8.53331e-07
1.32336e-06
-8.47248e-07
1.3115e-06
-8.36305e-07
1.30204e-06
-8.20198e-07
1.29452e-06
-7.98548e-07
1.28839e-06
-7.71089e-07
1.2831e-06
-7.37781e-07
1.27815e-06
-6.98812e-07
1.27303e-06
-6.54534e-07
1.26722e-06
-6.05404e-07
1.26013e-06
-5.51987e-07
1.25118e-06
-4.94988e-07
1.23979e-06
-4.35299e-07
1.22556e-06
-3.73992e-07
1.20826e-06
-3.12286e-07
1.18787e-06
-2.51463e-07
1.16462e-06
-1.92766e-07
1.13891e-06
-1.3729e-07
1.11125e-06
-8.5928e-08
1.08226e-06
-3.93462e-08
1.05261e-06
2.01597e-09
1.02299e-06
3.79358e-08
9.93953e-07
6.84947e-08
9.65917e-07
9.40177e-08
9.3923e-07
1.14921e-07
9.14164e-07
1.31666e-07
8.90913e-07
1.44747e-07
8.69602e-07
1.54662e-07
8.50301e-07
1.61896e-07
8.33035e-07
1.66901e-07
8.17794e-07
1.70086e-07
8.04544e-07
1.71808e-07
7.93246e-07
1.7238e-07
7.83867e-07
1.72081e-07
7.7638e-07
1.7116e-07
7.70749e-07
1.69821e-07
7.66913e-07
1.68204e-07
7.64764e-07
1.66359e-07
7.64159e-07
1.64246e-07
7.64939e-07
1.61762e-07
7.66983e-07
1.58784e-07
7.70236e-07
1.55217e-07
7.74739e-07
1.51015e-07
7.80609e-07
1.46168e-07
7.87994e-07
1.40669e-07
7.97008e-07
1.3447e-07
8.0766e-07
1.27441e-07
8.19805e-07
1.19367e-07
8.33133e-07
1.09969e-07
8.4718e-07
9.89527e-08
8.61381e-07
8.60667e-08
8.75122e-07
7.11565e-08
8.87805e-07
5.41969e-08
8.98899e-07
3.53006e-08
9.07976e-07
1.47078e-08
9.14759e-07
-7.25006e-09
9.19138e-07
-3.02064e-08
9.21185e-07
-5.37799e-08
9.21121e-07
-7.76545e-08
9.1925e-07
-1.01585e-07
9.1589e-07
-1.254e-07
9.11327e-07
-1.49007e-07
9.0578e-07
-1.72375e-07
8.99373e-07
-1.95482e-07
8.92149e-07
-2.18258e-07
8.84119e-07
-2.40577e-07
8.75386e-07
-2.62411e-07
8.66276e-07
-2.84077e-07
8.57376e-07
-3.06383e-07
8.49386e-07
-3.30381e-07
8.42795e-07
-3.56704e-07
8.37589e-07
-3.84889e-07
8.33245e-07
-4.13333e-07
8.29118e-07
-4.40138e-07
8.25023e-07
-4.64372e-07
8.2166e-07
-4.86851e-07
8.20551e-07
-5.09774e-07
8.2348e-07
-5.35318e-07
8.31711e-07
-5.64086e-07
8.45454e-07
-5.94418e-07
8.63842e-07
-6.22935e-07
8.85343e-07
-6.4581e-07
9.08283e-07
-6.59915e-07
9.31239e-07
-6.63375e-07
9.5321e-07
-6.55559e-07
9.73608e-07
-6.36762e-07
9.9217e-07
-6.07838e-07
1.00885e-06
-5.69917e-07
1.0237e-06
-5.24222e-07
1.03688e-06
-4.71969e-07
1.04853e-06
-4.14319e-07
1.05881e-06
-3.52359e-07
1.06785e-06
-2.87098e-07
1.07577e-06
-2.19455e-07
1.08264e-06
-1.50269e-07
1.08849e-06
-8.03154e-08
1.09335e-06
-1.03589e-08
1.09725e-06
5.87747e-08
1.10012e-06
1.26425e-07
1.10185e-06
1.91941e-07
1.10227e-06
2.54537e-07
1.10119e-06
3.13351e-07
1.09849e-06
3.67492e-07
1.0941e-06
4.16126e-07
1.08813e-06
4.58605e-07
1.08081e-06
4.94569e-07
1.07247e-06
5.2399e-07
1.06355e-06
5.47148e-07
1.05446e-06
5.64537e-07
1.04553e-06
5.76748e-07
1.03704e-06
5.84361e-07
1.02913e-06
5.87871e-07
1.02185e-06
5.87674e-07
1.01522e-06
5.84048e-07
5.77348e-07
1.00918e-06
1.33891e-06
4.25202e-08
1.35494e-06
5.28618e-08
1.3819e-06
6.37378e-08
1.41686e-06
6.75059e-08
1.45332e-06
5.62424e-08
1.48551e-06
2.72923e-08
1.50954e-06
-1.74836e-08
1.52248e-06
-7.50634e-08
1.52208e-06
-1.41026e-07
1.50723e-06
-2.10419e-07
1.47842e-06
-2.78279e-07
1.43744e-06
-3.40229e-07
1.38686e-06
-3.92787e-07
1.3295e-06
-4.33375e-07
1.26816e-06
-4.60224e-07
1.20548e-06
-4.72363e-07
1.1439e-06
-4.69637e-07
1.08556e-06
-4.52688e-07
1.03222e-06
-4.22833e-07
9.85153e-07
-3.81814e-07
9.45202e-07
-3.31528e-07
9.12855e-07
-2.73866e-07
8.88502e-07
-2.10587e-07
8.72424e-07
-1.4317e-07
8.64408e-07
-7.31213e-08
8.64362e-07
-2.35861e-09
8.73369e-07
6.77844e-08
8.9175e-07
1.36808e-07
9.17101e-07
2.03146e-07
9.46573e-07
2.63442e-07
9.79748e-07
3.14827e-07
1.018e-06
3.5654e-07
1.06201e-06
3.88981e-07
1.11051e-06
4.12223e-07
1.16088e-06
4.25683e-07
1.21036e-06
4.28685e-07
1.25686e-06
4.21035e-07
1.2992e-06
4.03195e-07
1.33702e-06
3.76134e-07
1.37045e-06
3.41068e-07
1.39994e-06
2.99236e-07
1.42597e-06
2.51769e-07
1.449e-06
1.99637e-07
1.46937e-06
1.43654e-07
1.48727e-06
8.45217e-08
1.50274e-06
2.29048e-08
1.51571e-06
-4.0632e-08
1.52607e-06
-1.05468e-07
1.53368e-06
-1.70888e-07
1.53836e-06
-2.36187e-07
1.54005e-06
-3.00659e-07
1.53892e-06
-3.637e-07
1.53544e-06
-4.24905e-07
1.53019e-06
-4.84003e-07
1.52356e-06
-5.40648e-07
1.51543e-06
-5.94202e-07
1.50527e-06
-6.43725e-07
1.49244e-06
-6.8819e-07
1.47663e-06
-7.26797e-07
1.4581e-06
-7.59176e-07
1.43763e-06
-7.85406e-07
1.41631e-06
-8.05865e-07
1.39532e-06
-8.21041e-07
1.37569e-06
-8.31373e-07
1.35822e-06
-8.37167e-07
1.34342e-06
-8.38536e-07
1.33151e-06
-8.35332e-07
1.32233e-06
-8.27131e-07
1.31549e-06
-8.13357e-07
1.31047e-06
-7.93522e-07
1.30677e-06
-7.67395e-07
1.30401e-06
-7.35017e-07
1.30178e-06
-6.96578e-07
1.29956e-06
-6.52314e-07
1.29665e-06
-6.02501e-07
1.29222e-06
-5.47559e-07
1.2854e-06
-4.88159e-07
1.27539e-06
-4.25291e-07
1.26164e-06
-3.60243e-07
1.24388e-06
-2.94523e-07
1.22214e-06
-2.2973e-07
1.19677e-06
-1.67396e-07
1.16832e-06
-1.08839e-07
1.13751e-06
-5.51151e-08
1.10516e-06
-6.99749e-09
1.07219e-06
3.4986e-08
1.03939e-06
7.07388e-08
1.00736e-06
1.00521e-07
9.76615e-07
1.24764e-07
9.47552e-07
1.43984e-07
9.20459e-07
1.58759e-07
8.95524e-07
1.69682e-07
8.72851e-07
1.77334e-07
8.52482e-07
1.82265e-07
8.34406e-07
1.84977e-07
8.18577e-07
1.85914e-07
8.04926e-07
1.85459e-07
7.93374e-07
1.83933e-07
7.83845e-07
1.8161e-07
7.76277e-07
1.78728e-07
7.70616e-07
1.75483e-07
7.66797e-07
1.72023e-07
7.6473e-07
1.68427e-07
7.64286e-07
1.6469e-07
7.65306e-07
1.60741e-07
7.67629e-07
1.56462e-07
7.7112e-07
1.51726e-07
7.75704e-07
1.46431e-07
7.81369e-07
1.40503e-07
7.8815e-07
1.33888e-07
7.96089e-07
1.26531e-07
8.05189e-07
1.18341e-07
8.15369e-07
1.09188e-07
8.26435e-07
9.89028e-08
8.38085e-07
8.73026e-08
8.49923e-07
7.42284e-08
8.61501e-07
5.95792e-08
8.72363e-07
4.33349e-08
8.82097e-07
2.5566e-08
8.90377e-07
6.42829e-09
8.9699e-07
-1.38628e-08
9.01837e-07
-3.50535e-08
9.04928e-07
-5.68708e-08
9.06337e-07
-7.90637e-08
9.06166e-07
-1.01413e-07
9.04516e-07
-1.2375e-07
9.01478e-07
-1.4597e-07
8.97118e-07
-1.68015e-07
8.91468e-07
-1.89832e-07
8.84545e-07
-2.11335e-07
8.76418e-07
-2.3245e-07
8.6732e-07
-2.53313e-07
8.5774e-07
-2.74497e-07
8.48375e-07
-2.97018e-07
8.39889e-07
-3.21895e-07
8.32559e-07
-3.49374e-07
8.26082e-07
-3.78411e-07
8.19748e-07
-4.06999e-07
8.12997e-07
-4.33387e-07
8.06038e-07
-4.57413e-07
8.00127e-07
-4.80941e-07
7.97256e-07
-5.06902e-07
7.99342e-07
-5.37405e-07
8.07387e-07
-5.72131e-07
8.21087e-07
-6.08118e-07
8.39073e-07
-6.40921e-07
8.59512e-07
-6.66249e-07
8.80678e-07
-6.8108e-07
9.01279e-07
-6.83976e-07
9.2053e-07
-6.74809e-07
9.38059e-07
-6.54291e-07
9.5378e-07
-6.23559e-07
9.67762e-07
-5.839e-07
9.80155e-07
-5.36615e-07
9.91136e-07
-4.82949e-07
1.00088e-06
-4.24066e-07
1.00956e-06
-3.61041e-07
1.01733e-06
-2.9486e-07
1.02428e-06
-2.26411e-07
1.03051e-06
-1.56494e-07
1.03604e-06
-8.58515e-08
1.04092e-06
-1.52349e-08
1.04516e-06
5.4536e-08
1.04872e-06
1.2286e-07
1.0515e-06
1.89162e-07
1.05333e-06
2.52709e-07
1.05401e-06
3.12675e-07
1.05334e-06
3.68157e-07
1.0512e-06
4.18262e-07
1.04758e-06
4.62228e-07
1.04259e-06
4.99557e-07
1.0365e-06
5.30086e-07
1.02965e-06
5.54e-07
1.02243e-06
5.71755e-07
1.01521e-06
5.83966e-07
1.00828e-06
5.91286e-07
1.00185e-06
5.94305e-07
9.96006e-07
5.93518e-07
9.90781e-07
5.89273e-07
5.8198e-07
9.86148e-07
1.33239e-06
3.3537e-08
1.34638e-06
3.88802e-08
1.36731e-06
4.2806e-08
1.39389e-06
4.09244e-08
1.42195e-06
2.8177e-08
1.44701e-06
2.2345e-09
1.46564e-06
-3.6107e-08
1.47502e-06
-8.44473e-08
1.47344e-06
-1.39452e-07
1.46034e-06
-1.97319e-07
1.43622e-06
-2.54154e-07
1.40232e-06
-3.06333e-07
1.36035e-06
-3.50816e-07
1.31227e-06
-3.85295e-07
1.26022e-06
-4.08177e-07
1.20643e-06
-4.18567e-07
1.15305e-06
-4.16257e-07
1.10205e-06
-4.01688e-07
1.05506e-06
-3.75843e-07
1.01333e-06
-3.40082e-07
9.77743e-07
-2.95946e-07
9.48887e-07
-2.45009e-07
9.27125e-07
-1.88825e-07
9.12807e-07
-1.28853e-07
9.06106e-07
-6.64202e-08
9.06725e-07
-2.97776e-09
9.14678e-07
5.98314e-08
9.30765e-07
1.20721e-07
9.54919e-07
1.78991e-07
9.85111e-07
2.33251e-07
1.01888e-06
2.81054e-07
1.05517e-06
3.20252e-07
1.09418e-06
3.49971e-07
1.13612e-06
3.70284e-07
1.18035e-06
3.81452e-07
1.22546e-06
3.83582e-07
1.26976e-06
3.76726e-07
1.31185e-06
3.61107e-07
1.35077e-06
3.37219e-07
1.38604e-06
3.05799e-07
1.41755e-06
2.67722e-07
1.44542e-06
2.23901e-07
1.46984e-06
1.75216e-07
1.49102e-06
1.22477e-07
1.50909e-06
6.64536e-08
1.5241e-06
7.88673e-09
1.53611e-06
-5.26345e-08
1.54509e-06
-1.14454e-07
1.55108e-06
-1.76872e-07
1.55415e-06
-2.39259e-07
1.55455e-06
-3.01059e-07
1.55267e-06
-3.61816e-07
1.54888e-06
-4.21116e-07
1.54331e-06
-4.78437e-07
1.53571e-06
-5.33046e-07
1.52554e-06
-5.84031e-07
1.51231e-06
-6.30496e-07
1.49591e-06
-6.71791e-07
1.47676e-06
-7.07644e-07
1.45573e-06
-7.38146e-07
1.43394e-06
-7.63618e-07
1.41253e-06
-7.84452e-07
1.39248e-06
-8.00991e-07
1.37457e-06
-8.1347e-07
1.35937e-06
-8.21968e-07
1.34717e-06
-8.26333e-07
1.33794e-06
-8.26101e-07
1.33137e-06
-8.20558e-07
1.32701e-06
-8.09006e-07
1.32453e-06
-7.91042e-07
1.32373e-06
-7.66592e-07
1.32443e-06
-7.35714e-07
1.32623e-06
-6.98381e-07
1.32838e-06
-6.5446e-07
1.32976e-06
-6.03884e-07
1.32909e-06
-5.46892e-07
1.32513e-06
-4.842e-07
1.31687e-06
-4.17024e-07
1.30363e-06
-3.47002e-07
1.28515e-06
-2.76051e-07
1.26161e-06
-2.06183e-07
1.23349e-06
-1.39281e-07
1.20158e-06
-7.6927e-08
1.16685e-06
-2.03803e-08
1.13043e-06
2.94136e-08
1.09344e-06
7.19808e-08
1.05675e-06
1.07427e-07
1.02112e-06
1.36153e-07
9.87156e-07
1.58727e-07
9.55311e-07
1.75829e-07
9.25883e-07
1.88187e-07
8.99043e-07
1.96522e-07
8.7486e-07
2.01517e-07
8.53331e-07
2.03794e-07
8.34399e-07
2.03909e-07
8.17972e-07
2.02342e-07
8.03934e-07
1.99497e-07
7.92161e-07
1.95706e-07
7.82531e-07
1.9124e-07
7.74939e-07
1.8632e-07
7.69295e-07
1.81127e-07
7.65519e-07
1.75799e-07
7.63524e-07
1.70422e-07
7.63197e-07
1.65017e-07
7.64396e-07
1.59542e-07
7.66959e-07
1.53899e-07
7.70722e-07
1.47963e-07
7.75545e-07
1.41608e-07
7.81328e-07
1.34719e-07
7.88012e-07
1.27204e-07
7.95562e-07
1.18981e-07
8.03938e-07
1.09965e-07
8.13066e-07
1.00059e-07
8.22815e-07
8.91543e-08
8.32979e-07
7.71386e-08
8.43289e-07
6.39185e-08
8.53432e-07
4.94359e-08
8.63086e-07
3.36814e-08
8.71951e-07
1.67008e-08
8.79776e-07
-1.39704e-09
8.86366e-07
-2.04528e-08
8.91576e-07
-4.02637e-08
8.95311e-07
-6.06056e-08
8.97505e-07
-8.1258e-08
8.98119e-07
-1.02027e-07
8.97137e-07
-1.22768e-07
8.94562e-07
-1.43394e-07
8.90403e-07
-1.63855e-07
8.84669e-07
-1.84099e-07
8.774e-07
-2.04066e-07
8.68742e-07
-2.23792e-07
8.59047e-07
-2.43618e-07
8.48911e-07
-2.64361e-07
8.39037e-07
-2.87144e-07
8.29926e-07
-3.12784e-07
8.21556e-07
-3.41004e-07
8.13327e-07
-3.70183e-07
8.04444e-07
-3.98116e-07
7.94585e-07
-4.23528e-07
7.84479e-07
-4.47308e-07
7.75979e-07
-4.7244e-07
7.71454e-07
-5.02377e-07
7.72783e-07
-5.38734e-07
7.80537e-07
-5.79885e-07
7.93834e-07
-6.21415e-07
8.1086e-07
-6.57947e-07
8.296e-07
-6.84989e-07
8.48397e-07
-6.99878e-07
8.6617e-07
-7.01749e-07
8.82373e-07
-6.91012e-07
8.96843e-07
-6.68761e-07
9.09636e-07
-6.36352e-07
9.20911e-07
-5.95175e-07
9.30862e-07
-5.46566e-07
9.39686e-07
-4.91773e-07
9.47572e-07
-4.31951e-07
9.5469e-07
-3.68159e-07
9.61187e-07
-3.01357e-07
9.6718e-07
-2.32404e-07
9.72745e-07
-1.6206e-07
9.77931e-07
-9.10371e-08
9.82768e-07
-2.00725e-08
9.87281e-07
5.00231e-08
9.91442e-07
1.18699e-07
9.95153e-07
1.85451e-07
9.98263e-07
2.496e-07
1.00057e-06
3.10364e-07
1.00187e-06
3.66858e-07
1.00198e-06
4.18157e-07
1.00079e-06
4.63419e-07
9.9832e-07
5.02023e-07
9.94731e-07
5.33676e-07
9.90286e-07
5.58445e-07
9.85321e-07
5.76721e-07
9.80181e-07
5.89106e-07
9.75174e-07
5.96293e-07
9.70526e-07
5.98953e-07
9.66376e-07
5.97668e-07
9.62784e-07
5.92865e-07
5.85017e-07
9.59748e-07
1.331e-06
2.46628e-08
1.34343e-06
2.64498e-08
1.36022e-06
2.60189e-08
1.38054e-06
2.06016e-08
1.40175e-06
6.96793e-09
1.42061e-06
-1.66213e-08
1.43432e-06
-4.98203e-08
1.44072e-06
-9.08436e-08
1.43839e-06
-1.37129e-07
1.42676e-06
-1.85681e-07
1.40596e-06
-2.3336e-07
1.37683e-06
-2.772e-07
1.34067e-06
-3.14659e-07
1.29913e-06
-3.43757e-07
1.25405e-06
-3.63091e-07
1.20731e-06
-3.71832e-07
1.16078e-06
-3.6972e-07
1.11612e-06
-3.57032e-07
1.07478e-06
-3.345e-07
1.03789e-06
-3.0319e-07
1.0063e-06
-2.64362e-07
9.80642e-07
-2.1935e-07
9.61311e-07
-1.69494e-07
9.48595e-07
-1.16136e-07
9.42763e-07
-6.05883e-08
9.43839e-07
-4.05392e-09
9.51482e-07
5.21879e-08
9.65658e-07
1.06545e-07
9.8682e-07
1.57829e-07
1.01475e-06
2.0532e-07
1.04787e-06
2.47932e-07
1.0841e-06
2.84023e-07
1.122e-06
3.12071e-07
1.16101e-06
3.31278e-07
1.2009e-06
3.41558e-07
1.2413e-06
3.43187e-07
1.28148e-06
3.36541e-07
1.32057e-06
3.22022e-07
1.3577e-06
3.00088e-07
1.39221e-06
2.71289e-07
1.42366e-06
2.36267e-07
1.45184e-06
1.95729e-07
1.47664e-06
1.50407e-07
1.49809e-06
1.01028e-07
1.51621e-06
4.83386e-08
1.53106e-06
-6.96158e-09
1.54276e-06
-6.43331e-08
1.5514e-06
-1.23102e-07
1.55715e-06
-1.8262e-07
1.56022e-06
-2.42324e-07
1.56084e-06
-3.01684e-07
1.55917e-06
-3.6015e-07
1.55514e-06
-4.17078e-07
1.5484e-06
-4.71699e-07
1.53853e-06
-5.23178e-07
1.52527e-06
-5.70769e-07
1.50874e-06
-6.13965e-07
1.48952e-06
-6.52567e-07
1.46852e-06
-6.86653e-07
1.44684e-06
-7.16459e-07
1.42549e-06
-7.42268e-07
1.40537e-06
-7.64333e-07
1.38721e-06
-7.82833e-07
1.37158e-06
-7.97844e-07
1.35887e-06
-8.09258e-07
1.3492e-06
-8.16658e-07
1.34239e-06
-8.1929e-07
1.33813e-06
-8.16301e-07
1.33627e-06
-8.07139e-07
1.33691e-06
-7.91684e-07
1.34027e-06
-7.6995e-07
1.34622e-06
-7.4167e-07
1.35403e-06
-7.06186e-07
1.36229e-06
-6.62723e-07
1.36924e-06
-6.10831e-07
1.37306e-06
-5.50714e-07
1.3722e-06
-4.83343e-07
1.36554e-06
-4.10361e-07
1.35243e-06
-3.3389e-07
1.33272e-06
-2.56343e-07
1.30673e-06
-1.802e-07
1.27519e-06
-1.07737e-07
1.2391e-06
-4.08378e-08
1.19974e-06
1.8986e-08
1.15851e-06
7.06424e-08
1.11668e-06
1.13812e-07
1.07534e-06
1.48761e-07
1.03545e-06
1.76049e-07
9.97708e-07
1.96465e-07
9.6263e-07
2.10907e-07
9.30519e-07
2.20298e-07
9.01519e-07
2.25522e-07
8.75652e-07
2.27383e-07
8.52856e-07
2.2659e-07
8.33012e-07
2.23754e-07
8.15967e-07
2.19387e-07
8.0155e-07
2.13914e-07
7.89585e-07
2.07671e-07
7.79901e-07
2.00924e-07
7.72343e-07
1.93878e-07
7.66779e-07
1.8669e-07
7.63099e-07
1.7948e-07
7.61199e-07
1.72322e-07
7.60973e-07
1.65243e-07
7.62297e-07
1.58218e-07
7.65025e-07
1.51171e-07
7.68996e-07
1.43992e-07
7.74053e-07
1.36551e-07
7.80051e-07
1.28721e-07
7.86873e-07
1.20383e-07
7.94422e-07
1.11432e-07
8.02612e-07
1.01775e-07
8.11351e-07
9.13208e-08
8.20518e-07
7.99868e-08
8.29958e-07
6.76987e-08
8.39476e-07
5.44006e-08
8.48849e-07
4.00624e-08
8.57843e-07
2.46883e-08
8.66217e-07
8.32597e-09
8.73748e-07
-8.92754e-09
8.80223e-07
-2.69282e-08
8.85453e-07
-4.54937e-08
8.89276e-07
-6.44287e-08
8.91565e-07
-8.35465e-08
8.92229e-07
-1.02692e-07
8.91217e-07
-1.21756e-07
8.88499e-07
-1.40676e-07
8.84057e-07
-1.59414e-07
8.77894e-07
-1.77936e-07
8.70077e-07
-1.96249e-07
8.60825e-07
-2.14539e-07
8.50578e-07
-2.33371e-07
8.39964e-07
-2.53747e-07
8.29583e-07
-2.76763e-07
8.19668e-07
-3.02869e-07
8.09856e-07
-3.31192e-07
7.99315e-07
-3.59641e-07
7.87302e-07
-3.86104e-07
7.73896e-07
-4.10122e-07
7.60447e-07
-4.33859e-07
7.49383e-07
-4.61377e-07
7.43317e-07
-4.96311e-07
7.43902e-07
-5.39318e-07
7.51147e-07
-5.87131e-07
7.63594e-07
-6.33862e-07
7.79082e-07
-6.73434e-07
7.9555e-07
-7.01457e-07
8.11508e-07
-7.15836e-07
8.26127e-07
-7.16368e-07
8.39103e-07
-7.03988e-07
8.5045e-07
-6.80108e-07
8.60329e-07
-6.46231e-07
8.68951e-07
-6.03798e-07
8.7653e-07
-5.54145e-07
8.83268e-07
-4.98511e-07
8.89351e-07
-4.38035e-07
8.94948e-07
-3.73756e-07
9.00205e-07
-3.06614e-07
9.05238e-07
-2.37437e-07
9.10129e-07
-1.6695e-07
9.1493e-07
-9.58379e-08
9.19677e-07
-2.48195e-08
9.24392e-07
4.53072e-08
9.29058e-07
1.14034e-07
9.33584e-07
1.80925e-07
9.37837e-07
2.45347e-07
9.41634e-07
3.06567e-07
9.44763e-07
3.63729e-07
9.47015e-07
4.15905e-07
9.48231e-07
4.62203e-07
9.48346e-07
5.01908e-07
9.47415e-07
5.34607e-07
9.45609e-07
5.60252e-07
9.43186e-07
5.79143e-07
9.40447e-07
5.91845e-07
9.37679e-07
5.99061e-07
9.35121e-07
6.01511e-07
9.32935e-07
5.99853e-07
9.3121e-07
5.9459e-07
5.86256e-07
9.29971e-07
1.32943e-06
1.61988e-08
1.34043e-06
1.54552e-08
1.3542e-06
1.22404e-08
1.37009e-06
4.71932e-09
1.38624e-06
-9.18425e-09
1.40032e-06
-3.07006e-08
1.41015e-06
-5.96559e-08
1.41402e-06
-9.47077e-08
1.41073e-06
-1.33846e-07
1.39975e-06
-1.74699e-07
1.38116e-06
-2.14762e-07
1.35558e-06
-2.51626e-07
1.32409e-06
-2.83167e-07
1.28802e-06
-3.07682e-07
1.24886e-06
-3.23936e-07
1.2082e-06
-3.31173e-07
1.16759e-06
-3.2911e-07
1.12847e-06
-3.17912e-07
1.0921e-06
-2.98131e-07
1.05952e-06
-2.70604e-07
1.03152e-06
-2.36369e-07
1.00873e-06
-1.96561e-07
9.91587e-07
-1.52347e-07
9.80361e-07
-1.0491e-07
9.75252e-07
-5.54792e-08
9.76415e-07
-5.21722e-09
9.83747e-07
4.48564e-08
9.96847e-07
9.34447e-08
1.01554e-06
1.39136e-07
1.03997e-06
1.80894e-07
1.06987e-06
2.18027e-07
1.10412e-06
2.49775e-07
1.14106e-06
2.75131e-07
1.17921e-06
2.93124e-07
1.21761e-06
3.03161e-07
1.25568e-06
3.05117e-07
1.29301e-06
2.99213e-07
1.32917e-06
2.8586e-07
1.3637e-06
2.65557e-07
1.39614e-06
2.38848e-07
1.42609e-06
2.06315e-07
1.45325e-06
1.68571e-07
1.47742e-06
1.26244e-07
1.49846e-06
7.99816e-08
1.51635e-06
3.04527e-08
1.53114e-06
-2.17519e-08
1.54293e-06
-7.61207e-08
1.55178e-06
-1.31959e-07
1.5578e-06
-1.88639e-07
1.56105e-06
-2.45567e-07
1.56147e-06
-3.0211e-07
1.5589e-06
-3.57577e-07
1.55305e-06
-4.11228e-07
1.54369e-06
-4.62337e-07
1.53081e-06
-5.10298e-07
1.51474e-06
-5.54708e-07
1.49617e-06
-5.95394e-07
1.47598e-06
-6.32375e-07
1.45511e-06
-6.65781e-07
1.43443e-06
-6.95777e-07
1.41469e-06
-7.2253e-07
1.39654e-06
-7.46188e-07
1.38056e-06
-7.66847e-07
1.36719e-06
-7.84475e-07
1.35671e-06
-7.98777e-07
1.34912e-06
-8.09076e-07
1.3443e-06
-8.14463e-07
1.34227e-06
-8.14278e-07
1.34357e-06
-8.08431e-07
1.34893e-06
-7.97051e-07
1.35873e-06
-7.79745e-07
1.37232e-06
-7.55263e-07
1.38801e-06
-7.21879e-07
1.40344e-06
-6.78151e-07
1.41614e-06
-6.23528e-07
1.42399e-06
-5.58562e-07
1.42543e-06
-4.84788e-07
1.41951e-06
-4.04435e-07
1.40576e-06
-3.20148e-07
1.38423e-06
-2.34809e-07
1.35538e-06
-1.51347e-07
1.32007e-06
-7.24296e-08
1.27945e-06
-2.15687e-10
1.23506e-06
6.33728e-08
1.18851e-06
1.17198e-07
1.14128e-06
1.6104e-07
1.09476e-06
1.9528e-07
1.05009e-06
2.20721e-07
1.00812e-06
2.38436e-07
9.69418e-07
2.49605e-07
9.34313e-07
2.55403e-07
9.0292e-07
2.56915e-07
8.75207e-07
2.55096e-07
8.51043e-07
2.50755e-07
8.30233e-07
2.44563e-07
8.12554e-07
2.37067e-07
7.97768e-07
2.28699e-07
7.85641e-07
2.19798e-07
7.75947e-07
2.10617e-07
7.68483e-07
2.01342e-07
7.63068e-07
1.92105e-07
7.59551e-07
1.82997e-07
7.57803e-07
1.7407e-07
7.57706e-07
1.6534e-07
7.59139e-07
1.56784e-07
7.61974e-07
1.48336e-07
7.66068e-07
1.39899e-07
7.71267e-07
1.31352e-07
7.77423e-07
1.22565e-07
7.84392e-07
1.13414e-07
7.92045e-07
1.03779e-07
8.00262e-07
9.35574e-08
8.08925e-07
8.2658e-08
8.17907e-07
7.10052e-08
8.27064e-07
5.85418e-08
8.36232e-07
4.5232e-08
8.45229e-07
3.10659e-08
8.53852e-07
1.60652e-08
8.61888e-07
2.89585e-10
8.69119e-07
-1.61584e-08
8.75328e-07
-3.31374e-08
8.80318e-07
-5.04838e-08
8.83921e-07
-6.80315e-08
8.86004e-07
-8.5629e-08
8.86467e-07
-1.03155e-07
8.85236e-07
-1.20525e-07
8.8225e-07
-1.3769e-07
8.77461e-07
-1.54626e-07
8.7087e-07
-1.71344e-07
8.62579e-07
-1.87958e-07
8.52875e-07
-2.04835e-07
8.42242e-07
-2.22739e-07
8.31254e-07
-2.42759e-07
8.203e-07
-2.65809e-07
8.09278e-07
-2.91846e-07
7.97499e-07
-3.19413e-07
7.84016e-07
-3.46158e-07
7.68307e-07
-3.70395e-07
7.50992e-07
-3.92807e-07
7.34095e-07
-4.16962e-07
7.20549e-07
-4.4783e-07
7.13035e-07
-4.88797e-07
7.12802e-07
-5.39085e-07
7.19229e-07
-5.93557e-07
7.30336e-07
-6.44969e-07
7.43746e-07
-6.86845e-07
7.57473e-07
-7.15184e-07
7.70261e-07
-7.28623e-07
7.81545e-07
-7.27653e-07
7.91237e-07
-7.1368e-07
7.99485e-07
-6.88356e-07
8.06522e-07
-6.53268e-07
8.12581e-07
-6.09857e-07
8.17878e-07
-5.59441e-07
8.22607e-07
-5.0324e-07
8.26949e-07
-4.42377e-07
8.3107e-07
-3.77877e-07
8.35112e-07
-3.10656e-07
8.39191e-07
-2.41516e-07
8.43394e-07
-1.71154e-07
8.47779e-07
-1.00223e-07
8.52385e-07
-2.94258e-08
8.57235e-07
4.04577e-08
8.62314e-07
1.08955e-07
8.67543e-07
1.75695e-07
8.72803e-07
2.40087e-07
8.77932e-07
3.01437e-07
8.82732e-07
3.58929e-07
8.8699e-07
4.11647e-07
8.90515e-07
4.58679e-07
8.93179e-07
4.99244e-07
8.94953e-07
5.32833e-07
8.95912e-07
5.59292e-07
8.9623e-07
5.78826e-07
8.96136e-07
5.91939e-07
8.95879e-07
5.99318e-07
8.95683e-07
6.01707e-07
8.95718e-07
5.99817e-07
8.9609e-07
5.94219e-07
5.85495e-07
8.96851e-07
1.32695e-06
8.43527e-09
1.3365e-06
5.91017e-09
1.3478e-06
9.36047e-10
1.36027e-06
-7.74459e-09
1.37257e-06
-2.14836e-08
1.38296e-06
-4.10965e-08
1.38976e-06
-6.64517e-08
1.39159e-06
-9.65389e-08
1.38752e-06
-1.2978e-07
1.37711e-06
-1.64288e-07
1.3604e-06
-1.98046e-07
1.33785e-06
-2.2908e-07
1.3103e-06
-2.5562e-07
1.27884e-06
-2.76216e-07
1.24469e-06
-2.89795e-07
1.2092e-06
-2.9568e-07
1.17368e-06
-2.93584e-07
1.13936e-06
-2.83594e-07
1.10735e-06
-2.66121e-07
1.07858e-06
-2.41835e-07
1.0538e-06
-2.11588e-07
1.03358e-06
-1.76349e-07
1.01838e-06
-1.37141e-07
1.00848e-06
-9.50087e-08
1.00405e-06
-5.10475e-08
1.00519e-06
-6.35746e-09
1.01195e-06
3.8097e-08
1.0241e-06
8.12863e-08
1.0412e-06
1.22036e-07
1.06291e-06
1.59192e-07
1.08909e-06
1.91847e-07
1.11947e-06
2.19394e-07
1.15327e-06
2.41323e-07
1.18932e-06
2.5708e-07
1.22634e-06
2.66143e-07
1.26328e-06
2.68172e-07
1.29939e-06
2.63099e-07
1.33415e-06
2.51106e-07
1.36715e-06
2.32556e-07
1.39807e-06
2.07922e-07
1.42665e-06
1.77738e-07
1.45265e-06
1.42569e-07
1.4759e-06
1.02997e-07
1.49626e-06
5.96206e-08
1.51366e-06
1.30557e-08
1.52809e-06
-3.61793e-08
1.53951e-06
-8.75461e-08
1.54789e-06
-1.40335e-07
1.55315e-06
-1.93899e-07
1.55517e-06
-2.4759e-07
1.5538e-06
-3.00734e-07
1.54888e-06
-3.52662e-07
1.54041e-06
-4.02754e-07
1.52857e-06
-4.50503e-07
1.51383e-06
-4.95552e-07
1.49682e-06
-5.37703e-07
1.47831e-06
-5.76883e-07
1.45904e-06
-6.13102e-07
1.43967e-06
-6.46416e-07
1.42081e-06
-6.76915e-07
1.40301e-06
-7.04731e-07
1.38683e-06
-7.30002e-07
1.37276e-06
-7.52781e-07
1.36121e-06
-7.72928e-07
1.35239e-06
-7.89953e-07
1.34634e-06
-8.03025e-07
1.34332e-06
-8.11445e-07
1.34425e-06
-8.15208e-07
1.35057e-06
-8.14752e-07
1.36333e-06
-8.09808e-07
1.38215e-06
-7.98567e-07
1.40499e-06
-7.78101e-07
1.42873e-06
-7.45624e-07
1.45015e-06
-6.99568e-07
1.46658e-06
-6.39956e-07
1.47619e-06
-5.68178e-07
1.47794e-06
-4.86538e-07
1.47133e-06
-3.97821e-07
1.45621e-06
-3.05027e-07
1.43273e-06
-2.11327e-07
1.40136e-06
-1.19976e-07
1.36281e-06
-3.38883e-08
1.31824e-06
4.43585e-08
1.26927e-06
1.12347e-07
1.21764e-06
1.68819e-07
1.16517e-06
2.13518e-07
1.11348e-06
2.46964e-07
1.06396e-06
2.70242e-07
1.01763e-06
2.84766e-07
9.75167e-07
2.92069e-07
9.3693e-07
2.9364e-07
9.0303e-07
2.90816e-07
8.7339e-07
2.84736e-07
8.47809e-07
2.76335e-07
8.26017e-07
2.66355e-07
8.07712e-07
2.55372e-07
7.92584e-07
2.43828e-07
7.80333e-07
2.32049e-07
7.70679e-07
2.20271e-07
7.63367e-07
2.08655e-07
7.58169e-07
1.97303e-07
7.54892e-07
1.86274e-07
7.5337e-07
1.75591e-07
7.53464e-07
1.65247e-07
7.55043e-07
1.55205e-07
7.57981e-07
1.45397e-07
7.62149e-07
1.35731e-07
7.6741e-07
1.26091e-07
7.73622e-07
1.16354e-07
7.80642e-07
1.06393e-07
7.88333e-07
9.60885e-08
7.96558e-07
8.53319e-08
8.05185e-07
7.40316e-08
8.14074e-07
6.21157e-08
8.2308e-07
4.95354e-08
8.32045e-07
3.62671e-08
8.40796e-07
2.23152e-08
8.49146e-07
7.7153e-09
8.56897e-07
-7.46162e-09
8.63845e-07
-2.31062e-08
8.69791e-07
-3.90832e-08
8.74554e-07
-5.52474e-08
8.77979e-07
-7.14562e-08
8.7993e-07
-8.758e-08
8.80286e-07
-1.03511e-07
8.78936e-07
-1.19175e-07
8.75779e-07
-1.34533e-07
8.70752e-07
-1.49599e-07
8.63874e-07
-1.64466e-07
8.55298e-07
-1.79383e-07
8.45356e-07
-1.94893e-07
8.34509e-07
-2.11892e-07
8.23173e-07
-2.31423e-07
8.11438e-07
-2.54074e-07
7.98845e-07
-2.79254e-07
7.84463e-07
-3.05031e-07
7.6738e-07
-3.29075e-07
7.47465e-07
-3.5048e-07
7.25983e-07
-3.71325e-07
7.05631e-07
-3.96609e-07
6.8972e-07
-4.31919e-07
6.80811e-07
-4.79888e-07
6.79604e-07
-5.37879e-07
6.84839e-07
-5.98792e-07
6.94122e-07
-6.54252e-07
7.04995e-07
-6.97718e-07
7.15638e-07
-7.25827e-07
7.25059e-07
-7.38044e-07
7.32944e-07
-7.35537e-07
7.39377e-07
-7.20114e-07
7.44608e-07
-6.93587e-07
7.48902e-07
-6.57563e-07
7.52499e-07
-6.13453e-07
7.55602e-07
-5.62544e-07
7.58397e-07
-5.06035e-07
7.61058e-07
-4.45038e-07
7.63742e-07
-3.80562e-07
7.66592e-07
-3.13505e-07
7.69723e-07
-2.44648e-07
7.73227e-07
-1.74658e-07
7.77168e-07
-1.04163e-07
7.81586e-07
-3.38443e-08
7.86502e-07
3.55414e-08
7.91908e-07
1.03549e-07
7.97733e-07
1.69871e-07
8.03872e-07
2.33948e-07
8.10185e-07
2.95124e-07
8.16495e-07
3.52619e-07
8.226e-07
4.05543e-07
8.28296e-07
4.52983e-07
8.33416e-07
4.94123e-07
8.37862e-07
5.28387e-07
8.41626e-07
5.55528e-07
8.44791e-07
5.75662e-07
8.47507e-07
5.89223e-07
8.49966e-07
5.9686e-07
8.52356e-07
5.99317e-07
8.54837e-07
5.97336e-07
8.57517e-07
5.91538e-07
5.82542e-07
8.6047e-07
1.32402e-06
1.48583e-09
1.33218e-06
-2.25588e-09
1.34141e-06
-8.2937e-09
1.35117e-06
-1.75015e-08
1.36045e-06
-3.07682e-08
1.36796e-06
-4.86055e-08
1.3724e-06
-7.08841e-08
1.37268e-06
-9.68233e-08
1.36807e-06
-1.25173e-07
1.3582e-06
-1.54417e-07
1.34308e-06
-1.82919e-07
1.32306e-06
-2.09064e-07
1.29882e-06
-2.31381e-07
1.27125e-06
-2.48644e-07
1.24138e-06
-2.59925e-07
1.21032e-06
-2.6462e-07
1.17919e-06
-2.62452e-07
1.14905e-06
-2.53453e-07
1.12086e-06
-2.37935e-07
1.09546e-06
-2.16436e-07
1.07354e-06
-1.89663e-07
1.05563e-06
-1.58441e-07
1.04215e-06
-1.23664e-07
1.03341e-06
-8.62637e-08
1.02957e-06
-4.72088e-08
1.0307e-06
-7.48954e-09
1.03682e-06
3.19746e-08
1.04786e-06
7.02475e-08
1.06352e-06
1.0638e-07
1.0833e-06
1.39413e-07
1.10673e-06
1.68415e-07
1.13348e-06
1.92637e-07
1.16323e-06
2.11575e-07
1.19542e-06
2.24889e-07
1.22925e-06
2.32313e-07
1.26379e-06
2.33637e-07
1.29813e-06
2.28756e-07
1.33153e-06
2.17707e-07
1.36341e-06
2.00682e-07
1.39332e-06
1.78007e-07
1.42095e-06
1.50105e-07
1.44606e-06
1.17462e-07
1.46846e-06
8.06011e-08
1.48798e-06
4.00926e-08
1.50452e-06
-3.47838e-09
1.51798e-06
-4.96398e-08
1.52824e-06
-9.7805e-08
1.53519e-06
-1.47287e-07
1.53874e-06
-1.9745e-07
1.53882e-06
-2.47671e-07
1.53544e-06
-2.97351e-07
1.52872e-06
-3.45943e-07
1.51895e-06
-3.92987e-07
1.50657e-06
-4.38121e-07
1.4921e-06
-4.81086e-07
1.47611e-06
-5.21713e-07
1.45913e-06
-5.59903e-07
1.44165e-06
-5.95615e-07
1.42411e-06
-6.2888e-07
1.40701e-06
-6.59814e-07
1.39087e-06
-6.88593e-07
1.37622e-06
-7.15354e-07
1.36353e-06
-7.40088e-07
1.35315e-06
-7.62547e-07
1.34534e-06
-7.82145e-07
1.34056e-06
-7.98244e-07
1.34005e-06
-8.1093e-07
1.34594e-06
-8.21101e-07
1.36018e-06
-8.28993e-07
1.38286e-06
-8.32484e-07
1.41154e-06
-8.2725e-07
1.44216e-06
-8.08718e-07
1.47053e-06
-7.73993e-07
1.49347e-06
-7.22514e-07
1.50914e-06
-6.55626e-07
1.51676e-06
-5.758e-07
1.51621e-06
-4.8598e-07
1.50758e-06
-3.89191e-07
1.49098e-06
-2.88431e-07
1.46649e-06
-1.86837e-07
1.43418e-06
-8.7669e-08
1.39431e-06
5.98053e-09
1.34778e-06
9.08914e-08
1.29605e-06
1.64082e-07
1.24095e-06
2.2391e-07
1.18451e-06
2.69963e-07
1.12863e-06
3.02847e-07
1.07495e-06
3.23922e-07
1.02473e-06
3.34987e-07
9.78802e-07
3.37993e-07
9.3763e-07
3.34811e-07
9.01353e-07
3.27093e-07
8.69877e-07
3.16213e-07
8.42954e-07
3.03259e-07
8.20247e-07
2.89062e-07
8.01381e-07
2.74238e-07
7.85975e-07
2.59233e-07
7.73665e-07
2.44358e-07
7.64115e-07
2.29822e-07
7.57018e-07
2.15751e-07
7.52105e-07
2.02216e-07
7.49141e-07
1.89237e-07
7.47927e-07
1.76806e-07
7.48291e-07
1.64883e-07
7.50086e-07
1.5341e-07
7.53178e-07
1.42305e-07
7.57439e-07
1.3147e-07
7.62741e-07
1.20789e-07
7.68955e-07
1.1014e-07
7.75948e-07
9.94e-08
7.83587e-07
8.84497e-08
7.91737e-07
7.71823e-08
8.0026e-07
6.5508e-08
8.09017e-07
5.3359e-08
8.1786e-07
4.06926e-08
8.26634e-07
2.74928e-08
8.35177e-07
1.37723e-08
8.43317e-07
-4.24105e-10
8.5087e-07
-1.50151e-08
8.57652e-07
-2.98881e-08
8.63484e-07
-4.49152e-08
8.68198e-07
-5.99612e-08
8.71633e-07
-7.4891e-08
8.73629e-07
-8.95767e-08
8.74029e-07
-1.03911e-07
8.72683e-07
-1.17828e-07
8.69475e-07
-1.31325e-07
8.64358e-07
-1.44482e-07
8.5739e-07
-1.57498e-07
8.48767e-07
-1.7076e-07
8.38805e-07
-1.84931e-07
8.27843e-07
-2.00929e-07
8.16039e-07
-2.19619e-07
8.03133e-07
-2.41168e-07
7.88354e-07
-2.64475e-07
7.70658e-07
-2.87336e-07
7.49346e-07
-3.07763e-07
7.24814e-07
-3.25948e-07
6.99037e-07
-3.45548e-07
6.75316e-07
-3.72889e-07
6.57177e-07
-4.1378e-07
6.46872e-07
-4.69582e-07
6.44464e-07
-5.35471e-07
6.48105e-07
-6.02433e-07
6.55125e-07
-6.61272e-07
6.63106e-07
-7.05699e-07
6.70448e-07
-7.33169e-07
6.76422e-07
-7.44018e-07
6.80926e-07
-7.40041e-07
6.8418e-07
-7.23368e-07
6.86494e-07
-6.959e-07
6.88149e-07
-6.59218e-07
6.89376e-07
-6.1468e-07
6.90366e-07
-5.63534e-07
6.91293e-07
-5.06962e-07
6.92322e-07
-4.46067e-07
6.93606e-07
-3.81846e-07
6.95284e-07
-3.15183e-07
6.97472e-07
-2.46836e-07
7.00266e-07
-1.77452e-07
7.03735e-07
-1.07631e-07
7.0792e-07
-3.80301e-08
7.1284e-07
3.06222e-08
7.18489e-07
9.78996e-08
7.24809e-07
1.63551e-07
7.31708e-07
2.27049e-07
7.39068e-07
2.87764e-07
7.46737e-07
3.4495e-07
7.5453e-07
3.9775e-07
7.62247e-07
4.45266e-07
7.69697e-07
4.86673e-07
7.76732e-07
5.21352e-07
7.83272e-07
5.48988e-07
7.89315e-07
5.69619e-07
7.94931e-07
5.83607e-07
8.00239e-07
5.91552e-07
8.0538e-07
5.94176e-07
8.10485e-07
5.92231e-07
8.15654e-07
5.8637e-07
5.77227e-07
8.20969e-07
1.3208e-06
-4.62374e-09
1.3277e-06
-9.15713e-09
1.33519e-06
-1.57774e-08
1.34278e-06
-2.50944e-08
1.34971e-06
-3.76926e-08
1.35498e-06
-5.38761e-08
1.35759e-06
-7.35005e-08
1.35671e-06
-9.59415e-08
1.35174e-06
-1.202e-07
1.34237e-06
-1.4505e-07
1.32861e-06
-1.6916e-07
1.31075e-06
-1.91204e-07
1.28933e-06
-2.09961e-07
1.26508e-06
-2.24393e-07
1.23886e-06
-2.33705e-07
1.21161e-06
-2.37364e-07
1.18426e-06
-2.35109e-07
1.15775e-06
-2.26939e-07
1.13291e-06
-2.13092e-07
1.11047e-06
-1.94003e-07
1.09107e-06
-1.70263e-07
1.07521e-06
-1.42577e-07
1.06327e-06
-1.11725e-07
1.05554e-06
-7.85324e-08
1.0522e-06
-4.38651e-08
1.05331e-06
-8.60381e-09
1.05887e-06
2.64142e-08
1.0688e-06
6.03222e-08
1.08291e-06
9.22641e-08
1.10088e-06
1.21449e-07
1.12218e-06
1.47106e-07
1.1463e-06
1.68518e-07
1.17277e-06
1.85108e-07
1.20118e-06
1.96484e-07
1.23106e-06
2.02426e-07
1.26187e-06
2.02832e-07
1.29294e-06
1.97681e-07
1.32362e-06
1.87033e-07
1.35327e-06
1.71033e-07
1.38135e-06
1.49919e-07
1.40745e-06
1.24014e-07
1.43119e-06
9.3713e-08
1.45233e-06
5.94701e-08
1.47061e-06
2.18037e-08
1.48592e-06
-1.87816e-08
1.49812e-06
-6.18394e-08
1.50708e-06
-1.06768e-07
1.51274e-06
-1.52952e-07
1.51511e-06
-1.99817e-07
1.51426e-06
-2.46817e-07
1.51035e-06
-2.93444e-07
1.50365e-06
-3.39245e-07
1.4945e-06
-3.83832e-07
1.48326e-06
-4.26883e-07
1.47032e-06
-4.68145e-07
1.45604e-06
-5.07434e-07
1.44078e-06
-5.44639e-07
1.4249e-06
-5.79735e-07
1.40882e-06
-6.12805e-07
1.39305e-06
-6.44037e-07
1.37808e-06
-6.73628e-07
1.36439e-06
-7.01661e-07
1.35238e-06
-7.28085e-07
1.34251e-06
-7.5267e-07
1.3354e-06
-7.75039e-07
1.33249e-06
-7.95338e-07
1.33646e-06
-8.14894e-07
1.35022e-06
-8.34861e-07
1.37459e-06
-8.53369e-07
1.40684e-06
-8.64732e-07
1.44169e-06
-8.62094e-07
1.47375e-06
-8.40782e-07
1.49937e-06
-7.99608e-07
1.51694e-06
-7.4009e-07
1.52639e-06
-6.65075e-07
1.52833e-06
-5.77743e-07
1.52352e-06
-4.8116e-07
1.51246e-06
-3.78137e-07
1.49534e-06
-2.71313e-07
1.47191e-06
-1.63399e-07
1.44152e-06
-5.72797e-08
1.40366e-06
4.38389e-08
1.35864e-06
1.35911e-07
1.30752e-06
2.15198e-07
1.25201e-06
2.79421e-07
1.19419e-06
3.27785e-07
1.13621e-06
3.6083e-07
1.08001e-06
3.80123e-07
1.02713e-06
3.8786e-07
9.78666e-07
3.86459e-07
9.35231e-07
3.78246e-07
8.97065e-07
3.65259e-07
8.64111e-07
3.49167e-07
8.36113e-07
3.31257e-07
8.12696e-07
3.12478e-07
7.93432e-07
2.93502e-07
7.77882e-07
2.74783e-07
7.65625e-07
2.56616e-07
7.56272e-07
2.39175e-07
7.49473e-07
2.2255e-07
7.44919e-07
2.06769e-07
7.42341e-07
1.91815e-07
7.41508e-07
1.77639e-07
7.42222e-07
1.64169e-07
7.44314e-07
1.51318e-07
7.47636e-07
1.38983e-07
7.52054e-07
1.27051e-07
7.57443e-07
1.154e-07
7.6368e-07
1.03903e-07
7.70642e-07
9.24382e-08
7.78205e-07
8.08862e-08
7.86244e-07
6.91429e-08
7.9463e-07
5.7122e-08
8.0323e-07
4.47597e-08
8.11905e-07
3.20177e-08
8.20512e-07
1.88852e-08
8.28903e-07
5.38137e-09
8.36918e-07
-8.43951e-09
8.44391e-07
-2.24874e-08
8.51151e-07
-3.66481e-08
8.57029e-07
-5.07932e-08
8.6185e-07
-6.47827e-08
8.65431e-07
-7.84718e-08
8.67579e-07
-9.17247e-08
8.68108e-07
-1.0444e-07
8.66861e-07
-1.16582e-07
8.63745e-07
-1.28208e-07
8.58749e-07
-1.39486e-07
8.51962e-07
-1.50711e-07
8.43558e-07
-1.62356e-07
8.33739e-07
-1.75111e-07
8.22614e-07
-1.89804e-07
8.10017e-07
-2.07022e-07
7.95356e-07
-2.26508e-07
7.77656e-07
-2.46774e-07
7.5593e-07
-2.65609e-07
7.29849e-07
-2.81682e-07
7.00444e-07
-2.96543e-07
6.70389e-07
-3.15492e-07
6.43475e-07
-3.45975e-07
6.23247e-07
-3.93553e-07
6.11486e-07
-4.57821e-07
6.07593e-07
-5.31578e-07
6.09245e-07
-6.04084e-07
6.13636e-07
-6.65664e-07
6.1848e-07
-7.10543e-07
6.22417e-07
-7.37106e-07
6.24949e-07
-7.4655e-07
6.26144e-07
-7.41236e-07
6.26317e-07
-7.23542e-07
6.25816e-07
-6.95399e-07
6.24923e-07
-6.58325e-07
6.23856e-07
-6.13613e-07
6.22797e-07
-5.62474e-07
6.21907e-07
-5.06073e-07
6.21345e-07
-4.45505e-07
6.21258e-07
-3.81759e-07
6.2178e-07
-3.15704e-07
6.23027e-07
-2.48084e-07
6.251e-07
-1.79524e-07
6.2807e-07
-1.10601e-07
6.31979e-07
-4.19393e-08
6.36839e-07
2.57627e-08
6.42652e-07
9.20864e-08
6.49371e-07
1.56832e-07
6.56923e-07
2.19497e-07
6.65209e-07
2.79478e-07
6.74103e-07
3.36056e-07
6.83441e-07
3.88412e-07
6.93032e-07
4.35675e-07
7.02676e-07
4.7703e-07
7.12188e-07
5.11839e-07
7.21431e-07
5.39745e-07
7.30326e-07
5.60724e-07
7.38863e-07
5.75069e-07
7.47089e-07
5.83326e-07
7.55083e-07
5.86181e-07
7.6294e-07
5.84375e-07
7.70733e-07
5.78576e-07
5.69412e-07
7.78548e-07
1.3175e-06
-9.92096e-09
1.32327e-06
-1.49291e-08
1.32929e-06
-2.17966e-08
1.33514e-06
-3.09474e-08
1.34021e-06
-4.27625e-08
1.34374e-06
-5.74059e-08
1.34496e-06
-7.47182e-08
1.3432e-06
-9.41857e-08
1.338e-06
-1.15001e-07
1.32912e-06
-1.36168e-07
1.31656e-06
-1.56597e-07
1.30055e-06
-1.75196e-07
1.28154e-06
-1.90948e-07
1.26012e-06
-2.02981e-07
1.23703e-06
-2.10613e-07
1.21305e-06
-2.1338e-07
1.18898e-06
-2.11042e-07
1.16562e-06
-2.03578e-07
1.1437e-06
-1.91171e-07
1.12387e-06
-1.74176e-07
1.1067e-06
-1.53091e-07
1.09265e-06
-1.28521e-07
1.08207e-06
-1.01145e-07
1.07523e-06
-7.16928e-08
1.0723e-06
-4.09363e-08
1.07336e-06
-9.66491e-09
1.0784e-06
2.13686e-08
1.08734e-06
5.13881e-08
1.09999e-06
7.96095e-08
1.11612e-06
1.05318e-07
1.13537e-06
1.27861e-07
1.15724e-06
1.46644e-07
1.18121e-06
1.61142e-07
1.20675e-06
1.70942e-07
1.2334e-06
1.75773e-07
1.26072e-06
1.75509e-07
1.28826e-06
1.70141e-07
1.31555e-06
1.59752e-07
1.34208e-06
1.44499e-07
1.3674e-06
1.24603e-07
1.39106e-06
1.00348e-07
1.4127e-06
7.20747e-08
1.43199e-06
4.01787e-08
1.44869e-06
5.10024e-09
1.46267e-06
-3.27539e-08
1.47376e-06
-7.29358e-08
1.48188e-06
-1.14889e-07
1.48702e-06
-1.58083e-07
1.48921e-06
-2.02011e-07
1.48858e-06
-2.46189e-07
1.4853e-06
-2.90166e-07
1.47959e-06
-3.33531e-07
1.47168e-06
-3.75922e-07
1.46183e-06
-4.1703e-07
1.45029e-06
-4.56611e-07
1.43736e-06
-4.94497e-07
1.42333e-06
-5.30609e-07
1.40857e-06
-5.64979e-07
1.39352e-06
-5.97757e-07
1.37864e-06
-6.29153e-07
1.36432e-06
-6.59308e-07
1.35093e-06
-6.88271e-07
1.33897e-06
-7.16133e-07
1.32929e-06
-7.42988e-07
1.3234e-06
-7.69142e-07
1.32414e-06
-7.96083e-07
1.33527e-06
-8.26021e-07
1.35862e-06
-8.58211e-07
1.39142e-06
-8.86173e-07
1.42706e-06
-9.00374e-07
1.45869e-06
-8.9372e-07
1.48218e-06
-8.64277e-07
1.49663e-06
-8.14055e-07
1.50308e-06
-7.46535e-07
1.50312e-06
-6.65122e-07
1.49814e-06
-5.72765e-07
1.48906e-06
-4.72073e-07
1.47636e-06
-3.6544e-07
1.46012e-06
-2.55079e-07
1.43983e-06
-1.431e-07
1.41429e-06
-3.17454e-08
1.38221e-06
7.59196e-08
1.34287e-06
1.75253e-07
1.29659e-06
2.61476e-07
1.24463e-06
3.31378e-07
1.18898e-06
3.83442e-07
1.13192e-06
4.17888e-07
1.07569e-06
4.36357e-07
1.02215e-06
4.41394e-07
9.72703e-07
4.35909e-07
9.28202e-07
4.22747e-07
8.89057e-07
4.04404e-07
8.55311e-07
3.82912e-07
8.26754e-07
3.59813e-07
8.03019e-07
3.36214e-07
7.83655e-07
3.12866e-07
7.68191e-07
2.90247e-07
7.56167e-07
2.6864e-07
7.47154e-07
2.48188e-07
7.40767e-07
2.28937e-07
7.36665e-07
2.10871e-07
7.34552e-07
1.93928e-07
7.34173e-07
1.78018e-07
7.35309e-07
1.63034e-07
7.37771e-07
1.48856e-07
7.414e-07
1.35355e-07
7.46052e-07
1.22399e-07
7.516e-07
1.09852e-07
7.57923e-07
9.75805e-08
7.64906e-07
8.54551e-08
7.72435e-07
7.33566e-08
7.80397e-07
6.1181e-08
7.88675e-07
4.88438e-08
7.97151e-07
3.6284e-08
8.05702e-07
2.34672e-08
8.142e-07
1.03873e-08
8.2251e-07
-2.92892e-09
8.30487e-07
-1.64167e-08
8.37978e-07
-2.99785e-08
8.44823e-07
-4.34926e-08
8.50846e-07
-5.68163e-08
8.55855e-07
-6.97917e-08
8.59643e-07
-8.22598e-08
8.62005e-07
-9.40867e-08
8.62763e-07
-1.05198e-07
8.61791e-07
-1.1561e-07
8.59031e-07
-1.25448e-07
8.54488e-07
-1.34943e-07
8.48209e-07
-1.44432e-07
8.40241e-07
-1.54388e-07
8.30566e-07
-1.65436e-07
8.18992e-07
-1.78231e-07
8.05035e-07
-1.93065e-07
7.87864e-07
-2.09337e-07
7.6646e-07
-2.25371e-07
7.40064e-07
-2.39213e-07
7.08845e-07
-2.50464e-07
6.74505e-07
-2.62203e-07
6.40353e-07
-2.8134e-07
6.10502e-07
-3.16124e-07
5.88312e-07
-3.71363e-07
5.74977e-07
-4.44486e-07
5.69282e-07
-5.25883e-07
5.68574e-07
-6.03377e-07
5.70053e-07
-6.67142e-07
5.71618e-07
-7.12108e-07
5.72135e-07
-7.37623e-07
5.7129e-07
-7.45705e-07
5.69273e-07
-7.39219e-07
5.66464e-07
-7.20733e-07
5.63232e-07
-6.92166e-07
5.59858e-07
-6.54951e-07
5.56552e-07
-6.10308e-07
5.53486e-07
-5.59408e-07
5.50816e-07
-5.03403e-07
5.4869e-07
-4.43379e-07
5.4725e-07
-3.80319e-07
5.46624e-07
-3.15079e-07
5.4693e-07
-2.48389e-07
5.48267e-07
-1.80862e-07
5.50711e-07
-1.13045e-07
5.543e-07
-4.55278e-08
5.59039e-07
2.10239e-08
5.6494e-07
8.61854e-08
5.71972e-07
1.49799e-07
5.80082e-07
2.11388e-07
5.89192e-07
2.70367e-07
5.99198e-07
3.2605e-07
6.09958e-07
3.77652e-07
6.21294e-07
4.24339e-07
6.33001e-07
4.65323e-07
6.4487e-07
4.9997e-07
6.56715e-07
5.279e-07
6.68395e-07
5.49044e-07
6.79824e-07
5.6364e-07
6.90977e-07
5.72173e-07
7.0187e-07
5.75288e-07
7.12548e-07
5.73697e-07
7.23054e-07
5.6807e-07
5.59e-07
7.33466e-07
1.31422e-06
-1.44602e-08
1.31899e-06
-1.97062e-08
1.32378e-06
-2.65868e-08
1.32823e-06
-3.53931e-08
1.33184e-06
-4.63681e-08
1.33401e-06
-5.95825e-08
1.33416e-06
-7.48677e-08
1.33177e-06
-9.17917e-08
1.32646e-06
-1.09694e-07
1.31805e-06
-1.27759e-07
1.30655e-06
-1.45092e-07
1.29214e-06
-1.60789e-07
1.2752e-06
-1.74005e-07
1.25622e-06
-1.84006e-07
1.23582e-06
-1.90211e-07
1.21466e-06
-1.92218e-07
1.19343e-06
-1.8981e-07
1.17281e-06
-1.82957e-07
1.15343e-06
-1.718e-07
1.13589e-06
-1.56634e-07
1.12068e-06
-1.37879e-07
1.10821e-06
-1.16056e-07
1.09883e-06
-9.17586e-08
1.09276e-06
-6.56309e-08
1.09019e-06
-3.83585e-08
1.09117e-06
-1.06482e-08
1.09572e-06
1.68198e-08
1.10375e-06
4.33553e-08
1.1151e-06
6.82582e-08
1.12954e-06
9.08777e-08
1.14678e-06
1.10623e-07
1.16645e-06
1.26975e-07
1.1881e-06
1.39491e-07
1.21124e-06
1.47806e-07
1.23536e-06
1.51652e-07
1.26e-06
1.50873e-07
1.28471e-06
1.45423e-07
1.30911e-06
1.35358e-07
1.33279e-06
1.20816e-07
1.35539e-06
1.02004e-07
1.37655e-06
7.91845e-08
1.39596e-06
5.26666e-08
1.41333e-06
2.2806e-08
1.42846e-06
-1.00244e-08
1.44118e-06
-4.54756e-08
1.45135e-06
-8.31052e-08
1.45889e-06
-1.22425e-07
1.46377e-06
-1.6297e-07
1.46604e-06
-2.04281e-07
1.46578e-06
-2.45922e-07
1.46309e-06
-2.87477e-07
1.45813e-06
-3.28568e-07
1.45106e-06
-3.68859e-07
1.4421e-06
-4.08066e-07
1.43146e-06
-4.45973e-07
1.41941e-06
-4.82445e-07
1.40625e-06
-5.17448e-07
1.39232e-06
-5.51058e-07
1.37801e-06
-5.83437e-07
1.36359e-06
-6.14738e-07
1.34933e-06
-6.45047e-07
1.33566e-06
-6.74602e-07
1.32352e-06
-7.03991e-07
1.3145e-06
-7.33974e-07
1.31131e-06
-7.65953e-07
1.31795e-06
-8.02722e-07
1.33738e-06
-8.45443e-07
1.36739e-06
-8.88221e-07
1.40018e-06
-9.18971e-07
1.42716e-06
-9.27351e-07
1.44383e-06
-9.10389e-07
1.45061e-06
-8.71059e-07
1.45039e-06
-8.13832e-07
1.44592e-06
-7.42071e-07
1.43878e-06
-6.57979e-07
1.42949e-06
-5.63476e-07
1.41816e-06
-4.60744e-07
1.40492e-06
-3.522e-07
1.38995e-06
-2.40102e-07
1.37309e-06
-1.26244e-07
1.3534e-06
-1.20492e-08
1.32893e-06
1.00381e-07
1.29802e-06
2.06163e-07
1.25991e-06
2.99585e-07
1.21509e-06
3.76201e-07
1.16514e-06
4.33397e-07
1.11228e-06
4.70741e-07
1.05892e-06
4.89719e-07
1.0072e-06
4.93113e-07
9.58811e-07
4.843e-07
9.14891e-07
4.66666e-07
8.76069e-07
4.43226e-07
8.42547e-07
4.16435e-07
8.14215e-07
3.88145e-07
7.9076e-07
3.59669e-07
7.71756e-07
3.3187e-07
7.5673e-07
3.05274e-07
7.45207e-07
2.80163e-07
7.36742e-07
2.56654e-07
7.30926e-07
2.34753e-07
7.27401e-07
2.14396e-07
7.25851e-07
1.95477e-07
7.26006e-07
1.77864e-07
7.27632e-07
1.61408e-07
7.3053e-07
1.45958e-07
7.34529e-07
1.31356e-07
7.3948e-07
1.17447e-07
7.45254e-07
1.04079e-07
7.5173e-07
9.11038e-08
7.588e-07
7.8385e-08
7.66359e-07
6.57979e-08
7.74304e-07
5.32359e-08
7.82534e-07
4.06142e-08
7.90945e-07
2.78731e-08
7.99431e-07
1.4981e-08
8.07882e-07
1.93606e-09
8.1618e-07
-1.12264e-08
8.24194e-07
-2.44307e-08
8.31781e-07
-3.75665e-08
8.38782e-07
-5.04929e-08
8.4501e-07
-6.30444e-08
8.50265e-07
-7.50465e-08
8.54346e-07
-8.63408e-08
8.57075e-07
-9.68164e-08
8.58317e-07
-1.06439e-07
8.57976e-07
-1.1527e-07
8.55988e-07
-1.23461e-07
8.52285e-07
-1.3124e-07
8.46761e-07
-1.38907e-07
8.39232e-07
-1.46859e-07
8.29398e-07
-1.55602e-07
8.1678e-07
-1.65613e-07
8.00667e-07
-1.76953e-07
7.80147e-07
-1.88817e-07
7.54325e-07
-1.99549e-07
7.22805e-07
-2.07693e-07
6.86324e-07
-2.13983e-07
6.47228e-07
-2.23106e-07
6.09334e-07
-2.43446e-07
5.76873e-07
-2.83662e-07
5.52828e-07
-3.47318e-07
5.37747e-07
-4.29405e-07
5.29911e-07
-5.18046e-07
5.26513e-07
-5.99979e-07
5.24874e-07
-6.65503e-07
5.23104e-07
-7.10338e-07
5.2025e-07
-7.34769e-07
5.16124e-07
-7.41579e-07
5.10996e-07
-7.34092e-07
5.05288e-07
-7.15025e-07
4.99383e-07
-6.86261e-07
4.93567e-07
-6.49136e-07
4.88047e-07
-6.04787e-07
4.82992e-07
-5.54353e-07
4.78556e-07
-4.98967e-07
4.74878e-07
-4.39702e-07
4.7209e-07
-3.77531e-07
4.70317e-07
-3.13305e-07
4.6967e-07
-2.47743e-07
4.70251e-07
-1.81443e-07
4.72138e-07
-1.14932e-07
4.75361e-07
-4.87509e-08
4.79923e-07
1.64623e-08
4.85844e-07
8.02636e-08
4.93118e-07
1.42525e-07
5.0171e-07
2.02796e-07
5.11564e-07
2.60514e-07
5.22595e-07
3.15018e-07
5.34682e-07
3.65565e-07
5.47655e-07
4.11366e-07
5.61309e-07
4.51668e-07
5.75417e-07
4.85862e-07
5.89755e-07
5.13563e-07
6.04125e-07
5.34674e-07
6.18378e-07
5.49386e-07
6.32419e-07
5.58133e-07
6.46201e-07
5.61506e-07
6.59719e-07
5.60179e-07
6.72977e-07
5.54812e-07
5.45937e-07
6.8604e-07
1.31106e-06
-1.83087e-08
1.31497e-06
-2.36173e-08
1.31873e-06
-3.03487e-08
1.32204e-06
-3.86991e-08
1.32449e-06
-4.88162e-08
1.32562e-06
-6.07099e-08
1.32496e-06
-7.4209e-08
1.32211e-06
-8.89438e-08
1.31678e-06
-1.04368e-07
1.30883e-06
-1.19809e-07
1.29827e-06
-1.34528e-07
1.28526e-06
-1.47777e-07
1.2701e-06
-1.58851e-07
1.25323e-06
-1.67133e-07
1.23515e-06
-1.7213e-07
1.21642e-06
-1.73494e-07
1.19765e-06
-1.71035e-07
1.17941e-06
-1.64717e-07
1.16226e-06
-1.54653e-07
1.14672e-06
-1.41089e-07
1.13322e-06
-1.24383e-07
1.12215e-06
-1.04986e-07
1.11381e-06
-8.3416e-08
1.10842e-06
-6.02422e-08
1.10613e-06
-3.60728e-08
1.10702e-06
-1.15388e-08
1.1111e-06
1.27455e-08
1.11829e-06
3.6163e-08
1.12846e-06
5.80918e-08
1.14139e-06
7.79495e-08
1.15681e-06
9.52013e-08
1.17441e-06
1.09376e-07
1.19382e-06
1.20078e-07
1.21464e-06
1.26988e-07
1.23642e-06
1.29869e-07
1.25872e-06
1.28572e-07
1.28111e-06
1.23034e-07
1.30319e-06
1.13279e-07
1.32459e-06
9.94125e-08
1.34499e-06
8.16074e-08
1.36408e-06
6.00942e-08
1.38159e-06
3.51525e-08
1.39729e-06
7.10507e-09
1.411e-06
-2.37339e-08
1.42256e-06
-5.70326e-08
1.43183e-06
-9.23718e-08
1.43873e-06
-1.29325e-07
1.44323e-06
-1.67471e-07
1.44534e-06
-2.06397e-07
1.44513e-06
-2.45703e-07
1.44266e-06
-2.8501e-07
1.43806e-06
-3.23973e-07
1.43149e-06
-3.62285e-07
1.42312e-06
-3.99692e-07
1.41315e-06
-4.36006e-07
1.40183e-06
-4.71124e-07
1.38941e-06
-5.05033e-07
1.37615e-06
-5.37796e-07
1.36223e-06
-5.69518e-07
1.34778e-06
-6.00287e-07
1.33308e-06
-6.30346e-07
1.31901e-06
-6.60528e-07
1.30723e-06
-6.92212e-07
1.30017e-06
-7.26914e-07
1.30135e-06
-7.67135e-07
1.31434e-06
-8.15717e-07
1.33827e-06
-8.69365e-07
1.36489e-06
-9.14847e-07
1.38364e-06
-9.37718e-07
1.38951e-06
-9.33216e-07
1.38511e-06
-9.05994e-07
1.37636e-06
-8.62306e-07
1.36756e-06
-8.05036e-07
1.35984e-06
-7.34348e-07
1.35217e-06
-6.50313e-07
1.34306e-06
-5.54367e-07
1.33158e-06
-4.49263e-07
1.31771e-06
-3.38324e-07
1.30225e-06
-2.24641e-07
1.28627e-06
-1.10267e-07
1.26979e-06
4.42879e-09
1.25121e-06
1.18965e-07
1.22826e-06
2.29112e-07
1.19913e-06
3.28712e-07
1.16326e-06
4.12076e-07
1.12144e-06
4.75216e-07
1.07549e-06
5.16684e-07
1.02771e-06
5.37507e-07
9.80322e-07
5.40498e-07
9.35228e-07
5.29393e-07
8.93801e-07
5.08093e-07
8.56886e-07
4.80141e-07
8.2487e-07
4.48451e-07
7.97782e-07
4.15233e-07
7.75408e-07
3.82043e-07
7.57384e-07
3.49894e-07
7.43274e-07
3.19383e-07
7.32622e-07
2.90815e-07
7.24986e-07
2.64289e-07
7.1996e-07
2.39779e-07
7.17177e-07
2.17179e-07
7.16318e-07
1.96336e-07
7.17105e-07
1.77077e-07
7.193e-07
1.59214e-07
7.22697e-07
1.4256e-07
7.27124e-07
1.26929e-07
7.32428e-07
1.12143e-07
7.3848e-07
9.80271e-08
7.45163e-07
8.44207e-08
7.52374e-07
7.11745e-08
7.60015e-07
5.81561e-08
7.67998e-07
4.52536e-08
7.76233e-07
3.23794e-08
7.84633e-07
1.9473e-08
7.93112e-07
6.5022e-09
8.01578e-07
-6.53086e-09
8.09932e-07
-1.95795e-08
8.18054e-07
-3.25527e-08
8.25807e-07
-4.53196e-08
8.3303e-07
-5.77165e-08
8.39549e-07
-6.95637e-08
8.45193e-07
-8.06897e-08
8.49807e-07
-9.09552e-08
8.53264e-07
-1.00273e-07
8.55448e-07
-1.08623e-07
8.56227e-07
-1.16049e-07
8.55423e-07
-1.22656e-07
8.52775e-07
-1.28592e-07
8.47929e-07
-1.34061e-07
8.40435e-07
-1.39366e-07
8.29749e-07
-1.44915e-07
8.1521e-07
-1.51074e-07
7.96041e-07
-1.57783e-07
7.71408e-07
-1.64184e-07
7.40676e-07
-1.68817e-07
7.03885e-07
-1.70902e-07
6.62339e-07
-1.72436e-07
6.18944e-07
-1.79711e-07
5.77847e-07
-2.0235e-07
5.43167e-07
-2.48982e-07
5.17345e-07
-3.21496e-07
5.00301e-07
-4.12361e-07
4.89972e-07
-5.07717e-07
4.83587e-07
-5.93594e-07
4.78684e-07
-6.606e-07
4.73578e-07
-7.05232e-07
4.6744e-07
-7.28631e-07
4.60145e-07
-7.34284e-07
4.51997e-07
-7.25944e-07
4.43447e-07
-7.06475e-07
4.34898e-07
-6.77712e-07
4.26649e-07
-6.40886e-07
4.1891e-07
-5.97049e-07
4.11856e-07
-5.47298e-07
4.05639e-07
-4.92751e-07
4.00396e-07
-4.34459e-07
3.96249e-07
-3.73384e-07
3.93313e-07
-3.10369e-07
3.91695e-07
-2.46125e-07
3.9149e-07
-1.81237e-07
3.92782e-07
-1.16224e-07
3.95596e-07
-5.15646e-08
3.99931e-07
1.21272e-08
4.0582e-07
7.43743e-08
4.13283e-07
1.35063e-07
4.22304e-07
1.93774e-07
4.32849e-07
2.49969e-07
4.44849e-07
3.03018e-07
4.58194e-07
3.52221e-07
4.72723e-07
3.96836e-07
4.88229e-07
4.36163e-07
5.04468e-07
4.69623e-07
5.21184e-07
4.96846e-07
5.38136e-07
5.17723e-07
5.55115e-07
5.32407e-07
5.71965e-07
5.41283e-07
5.88582e-07
5.4489e-07
6.04908e-07
5.43852e-07
6.20909e-07
5.38812e-07
5.30215e-07
6.36631e-07
1.3081e-06
-2.15382e-08
1.31126e-06
-2.67806e-08
1.31416e-06
-3.32522e-08
1.31655e-06
-4.10806e-08
1.31808e-06
-5.03482e-08
1.31839e-06
-6.10259e-08
1.31713e-06
-7.29451e-08
1.31397e-06
-8.57856e-08
1.3087e-06
-9.90907e-08
1.30119e-06
-1.12303e-07
1.29147e-06
-1.2481e-07
1.27968e-06
-1.35988e-07
1.26608e-06
-1.45251e-07
1.25103e-06
-1.52079e-07
1.23495e-06
-1.56055e-07
1.21834e-06
-1.56881e-07
1.20169e-06
-1.5439e-07
1.18552e-06
-1.48547e-07
1.17032e-06
-1.39444e-07
1.15652e-06
-1.27289e-07
1.14452e-06
-1.12389e-07
1.13467e-06
-9.51353e-08
1.12724e-06
-7.59823e-08
1.12243e-06
-5.54324e-08
1.12038e-06
-3.40251e-08
1.12116e-06
-1.2323e-08
1.12479e-06
9.12018e-09
1.1312e-06
2.97521e-08
1.14027e-06
4.90187e-08
1.15182e-06
6.63994e-08
1.16561e-06
8.14156e-08
1.18134e-06
9.3642e-08
1.1987e-06
1.02717e-07
1.21734e-06
1.08351e-07
1.23688e-06
1.10329e-07
1.25694e-06
1.08514e-07
1.27713e-06
1.02843e-07
1.29708e-06
9.33262e-08
1.31645e-06
8.00438e-08
1.33492e-06
6.31378e-08
1.35221e-06
4.28058e-08
1.36807e-06
1.92959e-08
1.38228e-06
-7.11343e-09
1.3947e-06
-3.61527e-08
1.40516e-06
-6.74901e-08
1.41354e-06
-1.00747e-07
1.41976e-06
-1.35545e-07
1.42379e-06
-1.71504e-07
1.42564e-06
-2.08248e-07
1.42535e-06
-2.45413e-07
1.42299e-06
-2.82655e-07
1.41868e-06
-3.19656e-07
1.41253e-06
-3.56137e-07
1.40471e-06
-3.9187e-07
1.39539e-06
-4.26688e-07
1.38476e-06
-4.60491e-07
1.37296e-06
-4.93234e-07
1.36007e-06
-5.24913e-07
1.34613e-06
-5.55576e-07
1.33127e-06
-5.85427e-07
1.31618e-06
-6.15254e-07
1.30244e-06
-6.46788e-07
1.29226e-06
-6.82036e-07
1.28828e-06
-7.22925e-07
1.29352e-06
-7.72382e-07
1.30855e-06
-8.3074e-07
1.32624e-06
-8.87061e-07
1.3343e-06
-9.22902e-07
1.32631e-06
-9.2973e-07
1.30755e-06
-9.14458e-07
1.28868e-06
-8.87125e-07
1.27655e-06
-8.50176e-07
1.27125e-06
-7.99736e-07
1.2689e-06
-7.32e-07
1.26535e-06
-6.46763e-07
1.25804e-06
-5.4705e-07
1.24615e-06
-4.37376e-07
1.23024e-06
-3.22412e-07
1.21191e-06
-2.06315e-07
1.1933e-06
-9.16556e-08
1.17576e-06
2.19673e-08
1.15891e-06
1.3582e-07
1.14079e-06
2.47228e-07
1.11896e-06
3.50541e-07
1.09176e-06
4.39275e-07
1.05894e-06
5.08038e-07
1.02153e-06
5.54094e-07
9.81359e-07
5.77679e-07
9.40491e-07
5.81366e-07
9.00818e-07
5.69066e-07
8.63826e-07
5.45085e-07
8.30519e-07
5.13448e-07
8.01446e-07
4.77523e-07
7.76788e-07
4.39892e-07
7.56451e-07
4.0238e-07
7.40167e-07
3.66177e-07
7.27571e-07
3.3198e-07
7.18255e-07
3.00131e-07
7.11811e-07
2.70734e-07
7.07852e-07
2.43738e-07
7.06027e-07
2.19004e-07
7.06023e-07
1.9634e-07
7.0757e-07
1.7553e-07
7.10431e-07
1.56352e-07
7.14406e-07
1.38585e-07
7.19322e-07
1.22013e-07
7.25032e-07
1.06433e-07
7.31409e-07
9.16503e-08
7.38343e-07
7.74872e-08
7.45736e-07
6.37808e-08
7.53504e-07
5.03884e-08
7.61567e-07
3.71906e-08
7.69852e-07
2.4094e-08
7.78293e-07
1.10326e-08
7.86823e-07
-2.02842e-09
7.95372e-07
-1.50791e-08
8.03849e-07
-2.80572e-08
8.1215e-07
-4.08536e-08
8.20151e-07
-5.33209e-08
8.27725e-07
-6.52896e-08
8.34749e-07
-7.65886e-08
8.4112e-07
-8.706e-08
8.4673e-07
-9.65658e-08
8.51448e-07
-1.04991e-07
8.55076e-07
-1.12251e-07
8.57319e-07
-1.18292e-07
8.57767e-07
-1.23104e-07
8.55899e-07
-1.26724e-07
8.51117e-07
-1.29279e-07
8.42781e-07
-1.3103e-07
8.30236e-07
-1.3237e-07
8.12808e-07
-1.33647e-07
7.89806e-07
-1.34781e-07
7.60594e-07
-1.34971e-07
7.24853e-07
-1.33076e-07
6.83064e-07
-1.29113e-07
6.37036e-07
-1.26409e-07
5.90105e-07
-1.3278e-07
5.46531e-07
-1.58776e-07
5.10081e-07
-2.12532e-07
4.82538e-07
-2.93953e-07
4.63268e-07
-3.93091e-07
4.5008e-07
-4.9453e-07
4.40425e-07
-5.83939e-07
4.32137e-07
-6.52313e-07
4.23721e-07
-6.96817e-07
4.14402e-07
-7.19312e-07
4.04047e-07
-7.23929e-07
3.92956e-07
-7.14853e-07
3.81596e-07
-6.95115e-07
3.70401e-07
-6.66517e-07
3.59697e-07
-6.30182e-07
3.49708e-07
-5.87059e-07
3.40615e-07
-5.38205e-07
3.32572e-07
-4.84708e-07
3.25716e-07
-4.27603e-07
3.20168e-07
-3.67835e-07
3.16035e-07
-3.06237e-07
3.13413e-07
-2.43503e-07
3.12392e-07
-1.80216e-07
3.13037e-07
-1.16869e-07
3.15403e-07
-5.39306e-08
3.19478e-07
8.05217e-09
3.25305e-07
6.85468e-08
3.32931e-07
1.27437e-07
3.42361e-07
1.84344e-07
3.53575e-07
2.38755e-07
3.66514e-07
2.90079e-07
3.81077e-07
3.37658e-07
3.97104e-07
3.80809e-07
4.14383e-07
4.18884e-07
4.32656e-07
4.5135e-07
4.51638e-07
4.77864e-07
4.7105e-07
4.98311e-07
4.90637e-07
5.12821e-07
5.10187e-07
5.21732e-07
5.29545e-07
5.25532e-07
5.48607e-07
5.2479e-07
5.67295e-07
5.20123e-07
5.11868e-07
5.85642e-07
1.30538e-06
-2.42196e-08
1.3079e-06
-2.93025e-08
1.31009e-06
-3.54407e-08
1.31172e-06
-4.27129e-08
1.31253e-06
-5.11563e-08
1.31222e-06
-6.07178e-08
1.31051e-06
-7.1235e-08
1.30716e-06
-8.24289e-08
1.30198e-06
-9.39142e-08
1.2949e-06
-1.05226e-07
1.28595e-06
-1.15853e-07
1.27524e-06
-1.25277e-07
1.26299e-06
-1.33006e-07
1.24952e-06
-1.38604e-07
1.23518e-06
-1.4172e-07
1.2204e-06
-1.42097e-07
1.2056e-06
-1.39594e-07
1.19123e-06
-1.34177e-07
1.17771e-06
-1.25924e-07
1.16543e-06
-1.15011e-07
1.15475e-06
-1.01706e-07
1.14596e-06
-8.63471e-08
1.13932e-06
-6.93359e-08
1.135e-06
-5.11161e-08
1.13314e-06
-3.21664e-08
1.13381e-06
-1.2988e-08
1.137e-06
5.92067e-09
1.14269e-06
2.40656e-08
1.15076e-06
4.09526e-08
1.16104e-06
5.61147e-08
1.17333e-06
6.91235e-08
1.18738e-06
7.95974e-08
1.20289e-06
8.72091e-08
1.21954e-06
9.16933e-08
1.23702e-06
9.28514e-08
1.25498e-06
9.05533e-08
1.27309e-06
8.47367e-08
1.29101e-06
7.54041e-08
1.30844e-06
6.2619e-08
1.32507e-06
4.6501e-08
1.34066e-06
2.72213e-08
1.35496e-06
4.99553e-09
1.36779e-06
-1.99486e-08
1.379e-06
-4.73571e-08
1.38842e-06
-7.69123e-08
1.39595e-06
-1.08281e-07
1.40153e-06
-1.41123e-07
1.40512e-06
-1.75094e-07
1.40673e-06
-2.09852e-07
1.40638e-06
-2.45065e-07
1.40414e-06
-2.80416e-07
1.4001e-06
-3.15616e-07
1.39437e-06
-3.5041e-07
1.38709e-06
-3.84583e-07
1.37836e-06
-4.17964e-07
1.36828e-06
-4.50409e-07
1.35684e-06
-4.81795e-07
1.34401e-06
-5.1208e-07
1.32985e-06
-5.41417e-07
1.31487e-06
-5.70444e-07
1.30038e-06
-6.00766e-07
1.28833e-06
-6.34743e-07
1.28052e-06
-6.74227e-07
1.27851e-06
-7.2091e-07
1.28306e-06
-7.76932e-07
1.28957e-06
-8.3725e-07
1.28572e-06
-8.83217e-07
1.2622e-06
-8.99377e-07
1.22547e-06
-8.93005e-07
1.19287e-06
-8.81853e-07
1.17613e-06
-8.70388e-07
1.1743e-06
-8.4834e-07
1.1791e-06
-8.04536e-07
1.18259e-06
-7.35492e-07
1.1805e-06
-6.44673e-07
1.17184e-06
-5.38397e-07
1.15738e-06
-4.22916e-07
1.13854e-06
-3.03566e-07
1.11711e-06
-1.84891e-07
1.09522e-06
-6.97629e-08
1.07485e-06
4.23402e-08
1.05699e-06
1.53681e-07
1.04078e-06
2.63437e-07
1.02388e-06
3.67441e-07
1.00398e-06
4.5917e-07
9.79859e-07
5.32162e-07
9.51599e-07
5.82354e-07
9.20311e-07
6.08967e-07
8.87607e-07
6.1407e-07
8.55155e-07
6.01518e-07
8.24382e-07
5.75858e-07
7.96339e-07
5.41492e-07
7.71678e-07
5.02184e-07
7.50706e-07
4.60865e-07
7.33454e-07
4.19632e-07
7.19768e-07
3.79863e-07
7.09374e-07
3.42373e-07
7.01942e-07
3.07563e-07
6.9712e-07
2.75555e-07
6.94567e-07
2.46292e-07
6.93963e-07
2.19608e-07
6.95022e-07
1.95282e-07
6.97488e-07
1.73064e-07
7.01142e-07
1.52699e-07
7.05792e-07
1.33934e-07
7.11277e-07
1.16528e-07
7.17457e-07
1.00253e-07
7.24213e-07
8.48941e-08
7.31445e-07
7.02554e-08
7.39066e-07
5.61597e-08
7.47002e-07
4.24524e-08
7.55189e-07
2.90035e-08
7.63574e-07
1.57092e-08
7.72112e-07
2.49438e-09
7.80758e-07
-1.06744e-08
7.89453e-07
-2.37746e-08
7.98129e-07
-3.67328e-08
8.06711e-07
-4.94356e-08
8.15133e-07
-6.17428e-08
8.23344e-07
-7.35004e-08
8.31297e-07
-8.45416e-08
8.38915e-07
-9.46782e-08
8.46044e-07
-1.03695e-07
8.5241e-07
-1.11357e-07
8.57598e-07
-1.17438e-07
8.61055e-07
-1.2175e-07
8.62124e-07
-1.24172e-07
8.60087e-07
-1.24688e-07
8.54231e-07
-1.23423e-07
8.4389e-07
-1.20689e-07
8.28469e-07
-1.16949e-07
8.07422e-07
-1.12599e-07
7.80232e-07
-1.07592e-07
7.46495e-07
-1.01234e-07
7.06192e-07
-9.27731e-08
6.60181e-07
-8.31022e-08
6.10684e-07
-7.69114e-08
5.613e-07
-8.33962e-08
5.16163e-07
-1.13639e-07
4.78457e-07
-1.74826e-07
4.4923e-07
-2.64726e-07
4.27438e-07
-3.71299e-07
4.10996e-07
-4.78088e-07
3.97762e-07
-5.70705e-07
3.85951e-07
-6.40502e-07
3.74237e-07
-6.85102e-07
3.61832e-07
-7.06907e-07
3.48523e-07
-7.10619e-07
3.34554e-07
-7.00884e-07
3.20396e-07
-6.80957e-07
3.06522e-07
-6.52644e-07
2.93307e-07
-6.16967e-07
2.81005e-07
-5.74757e-07
2.69808e-07
-5.27009e-07
2.59866e-07
-4.74766e-07
2.51316e-07
-4.19053e-07
2.44292e-07
-3.60811e-07
2.38902e-07
-3.00846e-07
2.35223e-07
-2.39825e-07
2.33335e-07
-1.78328e-07
2.33303e-07
-1.16837e-07
2.35185e-07
-5.58122e-08
2.38993e-07
4.24442e-09
2.44759e-07
6.27802e-08
2.52554e-07
1.19642e-07
2.62401e-07
1.74497e-07
2.74289e-07
2.26868e-07
2.88165e-07
2.76203e-07
3.03927e-07
3.21896e-07
3.21413e-07
3.63323e-07
3.404e-07
3.99896e-07
3.60615e-07
4.31135e-07
3.81751e-07
4.56728e-07
4.03494e-07
4.76568e-07
4.25551e-07
4.90764e-07
4.47667e-07
4.99616e-07
4.69639e-07
5.0356e-07
4.91324e-07
5.03105e-07
5.12606e-07
4.98841e-07
4.90973e-07
5.33501e-07
1.30295e-06
-2.64206e-08
1.30493e-06
-3.12775e-08
1.30652e-06
-3.70357e-08
1.30755e-06
-4.37389e-08
1.30778e-06
-5.13937e-08
1.307e-06
-5.99329e-08
1.30497e-06
-6.9203e-08
1.3015e-06
-7.89596e-08
1.29646e-06
-8.88754e-08
1.28979e-06
-9.85596e-08
1.28153e-06
-1.07585e-07
1.27177e-06
-1.15519e-07
1.26071e-06
-1.21948e-07
1.24861e-06
-1.26506e-07
1.23579e-06
-1.28897e-07
1.2226e-06
-1.28904e-07
1.20941e-06
-1.26405e-07
1.1966e-06
-1.21373e-07
1.18455e-06
-1.13873e-07
1.1736e-06
-1.04058e-07
1.16405e-06
-9.21614e-08
1.15619e-06
-7.84803e-08
1.15022e-06
-6.33676e-08
1.14632e-06
-4.72167e-08
1.1446e-06
-3.04525e-08
1.14514e-06
-1.3522e-08
1.14793e-06
3.12731e-09
1.15295e-06
1.90527e-08
1.16008e-06
3.38137e-08
1.16921e-06
4.6991e-08
1.18013e-06
5.82004e-08
1.19263e-06
6.70985e-08
1.20645e-06
7.33903e-08
1.22131e-06
7.68341e-08
1.23691e-06
7.72467e-08
1.25296e-06
7.4505e-08
1.26915e-06
6.85459e-08
1.28519e-06
5.93648e-08
1.3008e-06
4.70117e-08
1.31571e-06
3.1588e-08
1.32969e-06
1.32427e-08
1.34253e-06
-7.84414e-09
1.35406e-06
-3.14783e-08
1.36411e-06
-5.74119e-08
1.37256e-06
-8.53587e-08
1.3793e-06
-1.15022e-07
1.38427e-06
-1.46096e-07
1.38744e-06
-1.78265e-07
1.38881e-06
-2.11218e-07
1.3884e-06
-2.44652e-07
1.38626e-06
-2.78279e-07
1.38247e-06
-3.1183e-07
1.37713e-06
-3.45063e-07
1.3703e-06
-3.77755e-07
1.36202e-06
-4.09686e-07
1.35226e-06
-4.40647e-07
1.34096e-06
-4.70499e-07
1.32821e-06
-4.99325e-07
1.31442e-06
-5.27624e-07
1.3006e-06
-5.56626e-07
1.28826e-06
-5.88428e-07
1.27851e-06
-6.24993e-07
1.2713e-06
-6.67021e-07
1.26599e-06
-7.15598e-07
1.2599e-06
-7.7084e-07
1.24357e-06
-8.20919e-07
1.20498e-06
-8.4463e-07
1.1474e-06
-8.41792e-07
1.09443e-06
-8.40042e-07
1.06735e-06
-8.54771e-07
1.06629e-06
-8.69326e-07
1.07713e-06
-8.59178e-07
1.08635e-06
-8.13753e-07
1.08749e-06
-7.36636e-07
1.07998e-06
-6.37164e-07
1.0659e-06
-5.24315e-07
1.04764e-06
-4.04657e-07
1.02696e-06
-2.8289e-07
1.00501e-06
-1.62933e-07
9.82852e-07
-4.7609e-08
9.62038e-07
6.31542e-08
9.44155e-07
1.71564e-07
9.29435e-07
2.78157e-07
9.16323e-07
3.80553e-07
9.02605e-07
4.72888e-07
8.86549e-07
5.48218e-07
8.67477e-07
6.01426e-07
8.45731e-07
6.30713e-07
8.22313e-07
6.37488e-07
7.98479e-07
6.25352e-07
7.75431e-07
5.98907e-07
7.54137e-07
5.62785e-07
7.35272e-07
5.21049e-07
7.19218e-07
4.76918e-07
7.06116e-07
4.32734e-07
6.95922e-07
3.90058e-07
6.8847e-07
3.49824e-07
6.83524e-07
3.1251e-07
6.8081e-07
2.78269e-07
6.8005e-07
2.47051e-07
6.80977e-07
2.18681e-07
6.83342e-07
1.92916e-07
6.86924e-07
1.69482e-07
6.91525e-07
1.48097e-07
6.96977e-07
1.28483e-07
7.03132e-07
1.10373e-07
7.09866e-07
9.35193e-08
7.17073e-07
7.76871e-08
7.24665e-07
6.26631e-08
7.3257e-07
4.82553e-08
7.40727e-07
3.42946e-08
7.49094e-07
2.06366e-08
7.5764e-07
7.16363e-09
7.6634e-07
-6.20596e-09
7.75166e-07
-1.95004e-08
7.84088e-07
-3.26959e-08
7.93085e-07
-4.57308e-08
8.02164e-07
-5.85139e-08
8.11346e-07
-7.09248e-08
8.20642e-07
-8.27966e-08
8.29993e-07
-9.38923e-08
8.39206e-07
-1.03891e-07
8.47919e-07
-1.12408e-07
8.55597e-07
-1.19036e-07
8.61573e-07
-1.23414e-07
8.65096e-07
-1.25273e-07
8.654e-07
-1.24476e-07
8.61759e-07
-1.21046e-07
8.53531e-07
-1.15195e-07
8.40185e-07
-1.07343e-07
8.21293e-07
-9.80575e-08
7.96489e-07
-8.77953e-08
7.65435e-07
-7.65375e-08
7.27907e-07
-6.3706e-08
6.84117e-07
-4.89832e-08
6.35207e-07
-3.41918e-08
5.83682e-07
-2.5387e-08
5.33248e-07
-3.29618e-08
4.87662e-07
-6.80529e-08
4.49292e-07
-1.36456e-07
4.18424e-07
-2.33857e-07
3.93784e-07
-3.4666e-07
3.73642e-07
-4.57946e-07
3.56455e-07
-5.53518e-07
3.40908e-07
-6.24955e-07
3.25847e-07
-6.70042e-07
3.10416e-07
-6.91476e-07
2.94244e-07
-6.94447e-07
2.77465e-07
-6.84105e-07
2.60521e-07
-6.64013e-07
2.43919e-07
-6.36041e-07
2.28098e-07
-6.01146e-07
2.1338e-07
-5.6004e-07
1.99981e-07
-5.13609e-07
1.88048e-07
-4.62833e-07
1.77705e-07
-4.0871e-07
1.69093e-07
-3.522e-07
1.62337e-07
-2.9409e-07
1.57522e-07
-2.35009e-07
1.54717e-07
-1.75523e-07
1.53979e-07
-1.161e-07
1.55369e-07
-5.7202e-08
1.58937e-07
6.76846e-10
1.64685e-07
5.70321e-08
1.7269e-07
1.11637e-07
1.82991e-07
1.64196e-07
1.95582e-07
2.14276e-07
2.1041e-07
2.61375e-07
2.27366e-07
3.04941e-07
2.46278e-07
3.44411e-07
2.66913e-07
3.79262e-07
2.8898e-07
4.09069e-07
3.12151e-07
4.33557e-07
3.36086e-07
4.52632e-07
3.60459e-07
4.66391e-07
3.84982e-07
4.75094e-07
4.09414e-07
4.79127e-07
4.33577e-07
4.78942e-07
4.57323e-07
4.75095e-07
4.67643e-07
4.80653e-07
1.30083e-06
-2.8204e-08
1.30235e-06
-3.27887e-08
1.30345e-06
-3.81395e-08
1.30399e-06
-4.42755e-08
1.30377e-06
-5.11829e-08
1.30263e-06
-5.87875e-08
1.30037e-06
-6.6946e-08
1.29686e-06
-7.54436e-08
1.29198e-06
-8.40004e-08
1.28571e-06
-9.22866e-08
1.27807e-06
-9.99436e-08
1.26916e-06
-1.06608e-07
1.25914e-06
-1.11933e-07
1.24824e-06
-1.15611e-07
1.23674e-06
-1.17392e-07
1.22493e-06
-1.17094e-07
1.21314e-06
-1.14614e-07
1.2017e-06
-1.0993e-07
1.19092e-06
-1.03099e-07
1.18112e-06
-9.42568e-08
1.17257e-06
-8.36061e-08
1.1655e-06
-7.14098e-08
1.16011e-06
-5.79797e-08
1.15656e-06
-4.36651e-08
1.15495e-06
-2.88436e-08
1.15534e-06
-1.39137e-08
1.15774e-06
7.22744e-10
1.16213e-06
1.46689e-08
1.16841e-06
2.75312e-08
1.17647e-06
3.8934e-08
1.18614e-06
4.8532e-08
1.19722e-06
5.60159e-08
1.20949e-06
6.11191e-08
1.2227e-06
6.36221e-08
1.23659e-06
6.33563e-08
1.25089e-06
6.02062e-08
1.26533e-06
5.4109e-08
1.27964e-06
4.50537e-08
1.29357e-06
3.30789e-08
1.30689e-06
1.82702e-08
1.31938e-06
7.54991e-10
1.33086e-06
-1.9323e-08
1.34116e-06
-4.17797e-08
1.35013e-06
-6.63837e-08
1.35765e-06
-9.28824e-08
1.36364e-06
-1.21009e-07
1.36803e-06
-1.50484e-07
1.37078e-06
-1.81023e-07
1.37191e-06
-2.12341e-07
1.37142e-06
-2.44161e-07
1.36935e-06
-2.76216e-07
1.36577e-06
-3.0825e-07
1.36072e-06
-3.40008e-07
1.3542e-06
-3.71232e-07
1.34618e-06
-4.01666e-07
1.33665e-06
-4.31125e-07
1.32578e-06
-4.59628e-07
1.31402e-06
-4.87559e-07
1.30216e-06
-5.15767e-07
1.29117e-06
-5.45641e-07
1.28144e-06
-5.78696e-07
1.27169e-06
-6.15245e-07
1.25926e-06
-6.54585e-07
1.24123e-06
-6.97571e-07
1.21192e-06
-7.4153e-07
1.1603e-06
-7.69296e-07
1.08274e-06
-7.67075e-07
1.00221e-06
-7.61261e-07
9.53708e-07
-7.91539e-07
9.46031e-07
-8.47094e-07
9.59735e-07
-8.83029e-07
9.72959e-07
-8.72402e-07
9.75403e-07
-8.16197e-07
9.66542e-07
-7.27775e-07
9.49969e-07
-6.20592e-07
9.29701e-07
-5.04048e-07
9.08646e-07
-3.83601e-07
8.88254e-07
-2.62499e-07
8.68803e-07
-1.43481e-07
8.50198e-07
-2.90045e-08
8.32857e-07
8.04952e-08
8.18004e-07
1.86417e-07
8.06379e-07
2.89783e-07
7.97402e-07
3.8953e-07
7.89537e-07
4.80753e-07
7.81136e-07
5.56619e-07
7.71123e-07
6.11438e-07
7.59218e-07
6.42618e-07
7.45789e-07
6.50917e-07
7.31577e-07
6.39564e-07
7.17431e-07
6.13053e-07
7.04126e-07
5.7609e-07
6.92266e-07
5.32909e-07
6.82255e-07
4.86929e-07
6.74306e-07
4.40683e-07
6.68478e-07
3.95886e-07
6.64711e-07
3.53591e-07
6.6287e-07
3.1435e-07
6.62777e-07
2.78362e-07
6.64231e-07
2.45597e-07
6.6703e-07
2.15882e-07
6.70981e-07
1.88965e-07
6.75905e-07
1.64559e-07
6.8164e-07
1.42361e-07
6.88046e-07
1.22077e-07
6.94999e-07
1.03421e-07
7.02394e-07
8.61239e-08
7.10144e-07
6.99368e-08
7.18178e-07
5.46297e-08
7.26439e-07
3.99944e-08
7.34888e-07
2.58454e-08
7.43503e-07
1.20212e-08
7.52277e-07
-1.60984e-09
7.61205e-07
-1.51345e-08
7.70295e-07
-2.85904e-08
7.79581e-07
-4.19818e-08
7.89132e-07
-5.52817e-08
7.99033e-07
-6.84146e-08
8.09329e-07
-8.1221e-08
8.1995e-07
-9.34177e-08
8.30642e-07
-1.04584e-07
8.40946e-07
-1.14195e-07
8.50226e-07
-1.21688e-07
8.57745e-07
-1.26555e-07
8.6274e-07
-1.28408e-07
8.64484e-07
-1.27017e-07
8.62335e-07
-1.22327e-07
8.55748e-07
-1.1446e-07
8.44285e-07
-1.03731e-07
8.27605e-07
-9.06631e-08
8.05437e-07
-7.58901e-08
7.77538e-07
-5.98963e-08
7.43682e-07
-4.26817e-08
7.03764e-07
-2.37881e-08
6.58137e-07
-3.3555e-09
6.08169e-07
1.57765e-08
5.56531e-07
2.62509e-08
5.06776e-07
1.6793e-08
4.62066e-07
-2.33432e-08
4.23749e-07
-9.81383e-08
3.91326e-07
-2.01434e-07
3.63501e-07
-3.18835e-07
3.39142e-07
-4.33587e-07
3.17504e-07
-5.3188e-07
2.97866e-07
-6.05317e-07
2.79296e-07
-6.51471e-07
2.60828e-07
-6.73008e-07
2.41858e-07
-6.75478e-07
2.22337e-07
-6.64584e-07
2.0264e-07
-6.44316e-07
1.83286e-07
-6.16687e-07
1.64764e-07
-5.82623e-07
1.47479e-07
-5.42755e-07
1.31714e-07
-4.97844e-07
1.17654e-07
-4.48772e-07
1.05407e-07
-3.96463e-07
9.50817e-08
-3.41875e-07
8.67937e-08
-2.85802e-07
8.06617e-08
-2.28877e-07
7.6838e-08
-1.71699e-07
7.53925e-08
-1.14654e-07
7.63566e-08
-5.81662e-08
7.9805e-08
-2.77154e-09
8.56358e-08
5.12013e-08
9.39295e-08
1.03343e-07
1.04749e-07
1.53377e-07
1.18091e-07
2.00935e-07
1.33895e-07
2.4557e-07
1.52042e-07
2.86794e-07
1.72347e-07
3.24106e-07
1.94563e-07
3.57046e-07
2.18381e-07
3.8525e-07
2.43458e-07
4.0848e-07
2.6943e-07
4.2666e-07
2.95949e-07
4.39872e-07
3.227e-07
4.48344e-07
3.49413e-07
4.52414e-07
3.75882e-07
4.52472e-07
4.01932e-07
4.49046e-07
4.42023e-07
4.27552e-07
1.29906e-06
-2.9627e-08
1.30018e-06
-3.39085e-08
1.30088e-06
-3.88384e-08
1.30102e-06
-4.44188e-08
1.30046e-06
-5.06226e-08
1.29905e-06
-5.73735e-08
1.29664e-06
-6.45391e-08
1.29313e-06
-7.19302e-08
1.28843e-06
-7.93061e-08
1.28253e-06
-8.63871e-08
1.27546e-06
-9.28708e-08
1.2673e-06
-9.84511e-08
1.25821e-06
-1.02837e-07
1.24837e-06
-1.0577e-07
1.23801e-06
-1.07038e-07
1.22741e-06
-1.06491e-07
1.21683e-06
-1.04041e-07
1.20658e-06
-9.96714e-08
1.19691e-06
-9.34364e-08
1.18811e-06
-8.54548e-08
1.18041e-06
-7.59065e-08
1.17403e-06
-6.50242e-08
1.16913e-06
-5.30847e-08
1.16587e-06
-4.03989e-08
1.16432e-06
-2.7303e-08
1.16456e-06
-1.41525e-08
1.16659e-06
-1.30798e-09
1.17039e-06
1.08746e-08
1.17588e-06
2.20427e-08
1.18295e-06
3.18601e-08
1.19147e-06
4.00161e-08
1.20125e-06
4.62322e-08
1.2121e-06
5.02673e-08
1.2238e-06
5.19216e-08
1.23612e-06
5.10407e-08
1.24881e-06
4.75163e-08
1.26163e-06
4.12867e-08
1.27435e-06
3.23363e-08
1.28673e-06
2.06941e-08
1.29857e-06
6.43054e-09
1.30968e-06
-1.0352e-08
1.31989e-06
-2.95303e-08
1.32903e-06
-5.09268e-08
1.33699e-06
-7.4336e-08
1.34364e-06
-9.95331e-08
1.3489e-06
-1.26276e-07
1.35273e-06
-1.54311e-07
1.35509e-06
-1.83379e-07
1.35597e-06
-2.13218e-07
1.35538e-06
-2.43571e-07
1.35334e-06
-2.74178e-07
1.34986e-06
-3.04777e-07
1.34496e-06
-3.351e-07
1.33862e-06
-3.64899e-07
1.33095e-06
-3.93998e-07
1.32224e-06
-4.22407e-07
1.31302e-06
-4.50409e-07
1.304e-06
-4.78536e-07
1.29564e-06
-5.07416e-07
1.28756e-06
-5.37556e-07
1.27755e-06
-5.68683e-07
1.26141e-06
-5.99109e-07
1.23463e-06
-6.27802e-07
1.19322e-06
-6.56161e-07
1.13025e-06
-6.78556e-07
1.03809e-06
-6.77142e-07
9.28946e-07
-6.5793e-07
8.45336e-07
-6.7765e-07
8.17114e-07
-7.63317e-07
8.27534e-07
-8.57514e-07
8.4381e-07
-8.99305e-07
8.48108e-07
-8.767e-07
8.38421e-07
-8.06511e-07
8.19242e-07
-7.08596e-07
7.95668e-07
-5.97017e-07
7.71594e-07
-4.79975e-07
7.49513e-07
-3.6152e-07
7.30545e-07
-2.4353e-07
7.14629e-07
-1.27565e-07
7.01021e-07
-1.53961e-08
6.89109e-07
9.24068e-08
6.79331e-07
1.96196e-07
6.72374e-07
2.96739e-07
6.68341e-07
3.93563e-07
6.66496e-07
4.82598e-07
6.65618e-07
5.57497e-07
6.64562e-07
6.12494e-07
6.62619e-07
6.44562e-07
6.59586e-07
6.5395e-07
6.5566e-07
6.4349e-07
6.51265e-07
6.17448e-07
6.46898e-07
5.80457e-07
6.43021e-07
5.36786e-07
6.40001e-07
4.8995e-07
6.38087e-07
4.42597e-07
6.37416e-07
3.96558e-07
6.38028e-07
3.52979e-07
6.39893e-07
3.12485e-07
6.42928e-07
2.75327e-07
6.47024e-07
2.41501e-07
6.52054e-07
2.10852e-07
6.57889e-07
1.8313e-07
6.64404e-07
1.58043e-07
6.71483e-07
1.35283e-07
6.79019e-07
1.14541e-07
6.86919e-07
9.55201e-08
6.95104e-07
7.79387e-08
7.03508e-07
6.15331e-08
7.12079e-07
4.60593e-08
7.2078e-07
3.1293e-08
7.29595e-07
1.70303e-08
7.38526e-07
3.09025e-09
7.4759e-07
-1.06735e-08
7.56822e-07
-2.43671e-08
7.66299e-07
-3.80668e-08
7.76132e-07
-5.18149e-08
7.86435e-07
-6.55847e-08
7.97247e-07
-7.92271e-08
8.08448e-07
-9.24216e-08
8.19698e-07
-1.04668e-07
8.30449e-07
-1.15335e-07
8.40011e-07
-1.23756e-07
8.47651e-07
-1.29329e-07
8.52688e-07
-1.31592e-07
8.54542e-07
-1.30262e-07
8.52748e-07
-1.25224e-07
8.46941e-07
-1.1652e-07
8.36827e-07
-1.04346e-07
8.22168e-07
-8.90718e-08
8.02762e-07
-7.1257e-08
7.78406e-07
-5.15338e-08
7.48838e-07
-3.03289e-08
7.13751e-07
-7.59487e-09
6.73075e-07
1.68878e-08
6.27461e-07
4.2259e-08
5.78658e-07
6.45797e-08
5.29418e-07
7.54905e-08
4.82705e-07
6.35061e-08
4.4055e-07
1.88115e-08
4.03161e-07
-6.07488e-08
3.69355e-07
-1.67628e-07
3.38027e-07
-2.87507e-07
3.08858e-07
-4.04419e-07
2.82097e-07
-5.05118e-07
2.578e-07
-5.8102e-07
2.35365e-07
-6.29036e-07
2.1373e-07
-6.51373e-07
1.91977e-07
-6.53725e-07
1.6978e-07
-6.42387e-07
1.47386e-07
-6.21922e-07
1.25294e-07
-5.94596e-07
1.04044e-07
-5.61373e-07
8.40678e-08
-5.22778e-07
6.57202e-08
-4.79497e-07
4.92803e-08
-4.32332e-07
3.49049e-08
-3.82088e-07
2.26962e-08
-3.29666e-07
1.27583e-08
-2.75864e-07
5.24145e-09
-2.21361e-07
2.5426e-10
-1.66712e-07
-1.99775e-09
-1.12402e-07
-1.40152e-09
-5.87624e-08
1.88533e-09
-6.05838e-09
7.94263e-09
4.5144e-08
1.67387e-08
9.45469e-08
2.82488e-08
1.41867e-07
4.24516e-08
1.86732e-07
5.92796e-08
2.28742e-07
7.86119e-08
2.67462e-07
1.00263e-07
3.02455e-07
1.23979e-07
3.3333e-07
1.49433e-07
3.59795e-07
1.76268e-07
3.81645e-07
2.04108e-07
3.98821e-07
2.32585e-07
4.11395e-07
2.61365e-07
4.19563e-07
2.90159e-07
4.2362e-07
3.1874e-07
4.23891e-07
3.46908e-07
4.20878e-07
4.14283e-07
3.74647e-07
1.29765e-06
-3.07411e-08
1.29844e-06
-3.46998e-08
1.29881e-06
-3.92051e-08
1.29863e-06
-4.42473e-08
1.2978e-06
-4.97919e-08
1.29619e-06
-5.57634e-08
1.29369e-06
-6.20407e-08
1.29022e-06
-6.84564e-08
1.28572e-06
-7.48029e-08
1.28017e-06
-8.08416e-08
1.27362e-06
-8.63165e-08
1.26614e-06
-9.09691e-08
1.25785e-06
-9.45542e-08
1.24894e-06
-9.68544e-08
1.23959e-06
-9.76922e-08
1.23004e-06
-9.69403e-08
1.22053e-06
-9.45279e-08
1.2113e-06
-9.04443e-08
1.2026e-06
-8.4739e-08
1.19467e-06
-7.75192e-08
1.18771e-06
-6.89455e-08
1.18191e-06
-5.92252e-08
1.17743e-06
-4.8605e-08
1.17439e-06
-3.73625e-08
1.17289e-06
-2.57978e-08
1.17296e-06
-1.42282e-08
1.17463e-06
-2.97732e-09
1.17787e-06
7.63505e-09
1.18262e-06
1.72931e-08
1.18879e-06
2.56954e-08
1.19624e-06
3.25626e-08
1.20483e-06
3.76433e-08
1.21438e-06
4.07197e-08
1.22469e-06
4.16103e-08
1.23555e-06
4.01735e-08
1.24676e-06
3.63082e-08
1.25809e-06
2.99543e-08
1.26934e-06
2.10925e-08
1.28029e-06
9.74306e-09
1.29076e-06
-4.03887e-09
1.30058e-06
-2.0174e-08
1.3096e-06
-3.85444e-08
1.31766e-06
-5.89894e-08
1.32465e-06
-8.13284e-08
1.33048e-06
-1.05358e-07
1.33506e-06
-1.3086e-07
1.33835e-06
-1.576e-07
1.34031e-06
-1.85339e-07
1.34092e-06
-2.1383e-07
1.34017e-06
-2.42823e-07
1.33806e-06
-2.72065e-07
1.33459e-06
-3.01313e-07
1.32985e-06
-3.3036e-07
1.32405e-06
-3.59095e-07
1.31761e-06
-3.87561e-07
1.31117e-06
-4.15963e-07
1.30532e-06
-4.44556e-07
1.30012e-06
-4.73337e-07
1.29445e-06
-5.01752e-07
1.2854e-06
-5.28507e-07
1.26803e-06
-5.51311e-07
1.23652e-06
-5.67601e-07
1.18645e-06
-5.7773e-07
1.11409e-06
-5.83804e-07
1.01327e-06
-5.77728e-07
8.84654e-07
-5.48531e-07
7.60144e-07
-5.3342e-07
6.91668e-07
-6.09174e-07
6.85336e-07
-7.56986e-07
7.01724e-07
-8.73902e-07
7.09694e-07
-9.07275e-07
7.01924e-07
-8.68929e-07
6.82772e-07
-7.87359e-07
6.57967e-07
-6.83791e-07
6.31585e-07
-5.70635e-07
6.06388e-07
-4.54777e-07
5.84341e-07
-3.39473e-07
5.66584e-07
-2.25774e-07
5.53221e-07
-1.14203e-07
5.43423e-07
-5.59821e-09
5.36244e-07
9.95862e-08
5.31531e-07
2.00908e-07
5.29655e-07
2.98616e-07
5.30987e-07
3.92231e-07
5.35371e-07
4.78214e-07
5.42031e-07
5.50837e-07
5.49892e-07
6.04634e-07
5.57951e-07
6.36503e-07
5.65517e-07
6.46384e-07
5.72259e-07
6.36747e-07
5.78154e-07
6.11553e-07
5.83374e-07
5.75237e-07
5.88188e-07
5.31971e-07
5.92883e-07
4.85255e-07
5.97707e-07
4.37772e-07
6.02852e-07
3.91412e-07
6.08444e-07
3.47387e-07
6.14548e-07
3.06382e-07
6.2118e-07
2.68694e-07
6.28323e-07
2.34359e-07
6.35933e-07
2.03243e-07
6.43951e-07
1.75112e-07
6.52313e-07
1.49682e-07
6.60952e-07
1.26644e-07
6.69804e-07
1.05688e-07
6.78812e-07
8.6513e-08
6.87921e-07
6.88291e-08
6.9709e-07
5.23641e-08
7.06288e-07
3.68617e-08
7.155e-07
2.20806e-08
7.24735e-07
7.79581e-09
7.3402e-07
-6.19485e-09
7.43409e-07
-2.00633e-08
7.52995e-07
-3.39529e-08
7.62896e-07
-4.79675e-08
7.73204e-07
-6.21227e-08
7.839e-07
-7.62807e-08
7.94774e-07
-9.01009e-08
8.05395e-07
-1.03043e-07
8.15159e-07
-1.14432e-07
8.23393e-07
-1.2357e-07
8.29473e-07
-1.29836e-07
8.32902e-07
-1.32758e-07
8.33337e-07
-1.32027e-07
8.30562e-07
-1.27487e-07
8.2444e-07
-1.19101e-07
8.14859e-07
-1.06939e-07
8.01708e-07
-9.11952e-08
7.8485e-07
-7.2214e-08
7.64097e-07
-5.05031e-08
7.3915e-07
-2.65868e-08
7.09597e-07
-7.76316e-10
6.75131e-07
2.68709e-08
6.35895e-07
5.61236e-08
5.92868e-07
8.52862e-08
5.48016e-07
1.09432e-07
5.0389e-07
1.19616e-07
4.62576e-07
1.0482e-07
4.24597e-07
5.67905e-08
3.89e-07
-2.51511e-08
3.54099e-07
-1.32727e-07
3.19042e-07
-2.5245e-07
2.84434e-07
-3.6981e-07
2.51682e-07
-4.72366e-07
2.21862e-07
-5.51201e-07
1.94925e-07
-6.02099e-07
1.69794e-07
-6.26242e-07
1.45183e-07
-6.29114e-07
1.20355e-07
-6.17559e-07
9.53425e-08
-5.9691e-07
7.05503e-08
-5.69803e-07
4.64906e-08
-5.37313e-07
2.37818e-08
-5.0007e-07
2.86864e-09
-4.58584e-07
-1.59333e-08
-4.1353e-07
-3.23406e-08
-3.65681e-07
-4.62092e-08
-3.15798e-07
-5.74519e-08
-2.64621e-07
-6.60042e-08
-2.12808e-07
-7.17892e-08
-1.60927e-07
-7.47528e-08
-1.09439e-07
-7.47995e-08
-5.87157e-08
-7.18036e-08
-9.05425e-09
-6.58776e-08
3.9218e-08
-5.70201e-08
8.56894e-08
-4.52008e-08
1.30047e-07
-3.04205e-08
1.71952e-07
-1.27382e-08
2.1106e-07
7.67921e-09
2.47044e-07
3.06355e-08
2.79498e-07
5.57595e-08
3.08206e-07
8.27151e-08
3.3284e-07
1.11145e-07
3.53216e-07
1.40662e-07
3.69303e-07
1.70892e-07
3.81165e-07
2.01489e-07
3.88967e-07
2.32149e-07
3.9296e-07
2.6263e-07
3.93411e-07
2.92712e-07
3.90796e-07
3.84617e-07
3.22379e-07
1.29662e-06
-3.15921e-08
1.29714e-06
-3.52171e-08
1.29724e-06
-3.93007e-08
1.29682e-06
-4.38258e-08
1.29578e-06
-4.87544e-08
1.29403e-06
-5.40146e-08
1.29148e-06
-5.94957e-08
1.28808e-06
-6.50495e-08
1.28377e-06
-7.04958e-08
1.27856e-06
-7.56304e-08
1.27248e-06
-8.02356e-08
1.2656e-06
-8.40925e-08
1.25804e-06
-8.69937e-08
1.24994e-06
-8.87561e-08
1.24148e-06
-8.92307e-08
1.23285e-06
-8.83116e-08
1.22427e-06
-8.59416e-08
1.21594e-06
-8.21153e-08
1.20808e-06
-7.68798e-08
1.20089e-06
-7.03329e-08
1.19457e-06
-6.26192e-08
1.18927e-06
-5.39248e-08
1.18513e-06
-4.44707e-08
1.18227e-06
-3.45055e-08
1.18077e-06
-2.42978e-08
1.18068e-06
-1.41313e-08
1.182e-06
-4.29605e-09
1.18471e-06
4.91998e-09
1.18877e-06
1.32337e-08
1.19409e-06
2.03747e-08
1.20056e-06
2.60912e-08
1.20805e-06
3.01566e-08
1.21639e-06
3.23738e-08
1.22543e-06
3.25784e-08
1.23496e-06
3.06408e-08
1.2448e-06
2.6467e-08
1.25476e-06
1.99987e-08
1.26464e-06
1.12133e-08
1.27426e-06
1.22565e-10
1.28345e-06
-1.32362e-08
1.29207e-06
-2.87932e-08
1.29997e-06
-4.64384e-08
1.30701e-06
-6.60331e-08
1.3131e-06
-8.74153e-08
1.31814e-06
-1.104e-07
1.32207e-06
-1.34786e-07
1.32482e-06
-1.60354e-07
1.32636e-06
-1.86877e-07
1.32665e-06
-2.14123e-07
1.32569e-06
-2.41866e-07
1.32354e-06
-2.6991e-07
1.32034e-06
-2.98118e-07
1.31644e-06
-3.26453e-07
1.31233e-06
-3.54991e-07
1.30863e-06
-3.8386e-07
1.30571e-06
-4.13043e-07
1.3032e-06
-4.42048e-07
1.29942e-06
-4.69555e-07
1.291e-06
-4.93327e-07
1.27291e-06
-5.10418e-07
1.23921e-06
-5.17615e-07
1.18487e-06
-5.13254e-07
1.10704e-06
-4.99907e-07
1.00256e-06
-4.79316e-07
8.67459e-07
-4.42632e-07
7.14343e-07
-3.95414e-07
5.92983e-07
-4.1206e-07
5.46806e-07
-5.62997e-07
5.51859e-07
-7.62039e-07
5.62558e-07
-8.84602e-07
5.59063e-07
-9.0378e-07
5.42384e-07
-8.52251e-07
5.18728e-07
-7.63704e-07
4.92565e-07
-6.57627e-07
4.66284e-07
-5.44355e-07
4.41565e-07
-4.30058e-07
4.20049e-07
-3.17956e-07
4.03007e-07
-2.08732e-07
3.90784e-07
-1.0198e-07
3.82917e-07
2.26867e-09
3.78758e-07
1.03746e-07
3.78016e-07
2.0165e-07
3.80784e-07
2.95847e-07
3.87474e-07
3.85541e-07
3.98213e-07
4.67475e-07
4.12499e-07
5.3655e-07
4.29301e-07
5.87832e-07
4.4737e-07
6.18434e-07
4.65587e-07
6.28167e-07
4.83142e-07
6.19193e-07
4.99575e-07
5.95121e-07
5.14728e-07
5.60084e-07
5.28656e-07
5.18043e-07
5.41533e-07
4.72378e-07
5.53584e-07
4.25722e-07
5.65029e-07
3.79967e-07
5.76062e-07
3.36354e-07
5.86835e-07
2.9561e-07
5.97455e-07
2.58074e-07
6.07993e-07
2.2382e-07
6.1849e-07
1.92746e-07
6.2896e-07
1.64642e-07
6.39401e-07
1.3924e-07
6.49801e-07
1.16244e-07
6.60139e-07
9.53505e-08
6.7039e-07
7.62615e-08
6.8053e-07
5.86895e-08
6.90537e-07
4.23575e-08
7.00401e-07
2.69972e-08
7.10134e-07
1.23473e-08
7.19769e-07
-1.83844e-09
7.29357e-07
-1.57829e-08
7.38973e-07
-2.96796e-08
7.48694e-07
-4.36741e-08
7.58536e-07
-5.78097e-08
7.68375e-07
-7.19618e-08
7.77892e-07
-8.5797e-08
7.86582e-07
-9.87915e-08
7.9385e-07
-1.1031e-07
7.99134e-07
-1.19716e-07
8.02023e-07
-1.26458e-07
8.02299e-07
-1.30113e-07
7.99922e-07
-1.30381e-07
7.94955e-07
-1.27059e-07
7.87485e-07
-1.20018e-07
7.77573e-07
-1.09189e-07
7.6522e-07
-9.45861e-08
7.50353e-07
-7.63281e-08
7.32812e-07
-5.46732e-08
7.12306e-07
-2.99971e-08
6.88415e-07
-2.69529e-09
6.60713e-07
2.69252e-08
6.2901e-07
5.85741e-08
5.93676e-07
9.14572e-08
5.55924e-07
1.23038e-07
5.17744e-07
1.47613e-07
4.81209e-07
1.56151e-07
4.47325e-07
1.38704e-07
4.15204e-07
8.89116e-08
3.82536e-07
7.51638e-09
3.47151e-07
-9.73419e-08
3.08416e-07
-2.13716e-07
2.67827e-07
-3.29221e-07
2.28065e-07
-4.32604e-07
1.91511e-07
-5.14647e-07
1.59026e-07
-5.69614e-07
1.29754e-07
-5.9697e-07
1.02028e-07
-6.01388e-07
7.4561e-08
-5.90092e-07
4.70444e-08
-5.69393e-07
1.97016e-08
-5.42461e-07
-6.93922e-09
-5.10673e-07
-3.23311e-08
-4.74678e-07
-5.59144e-08
-4.35e-07
-7.72318e-08
-3.92213e-07
-9.59544e-08
-3.46958e-07
-1.1185e-07
-2.99902e-07
-1.24782e-07
-2.5169e-07
-1.34664e-07
-2.02925e-07
-1.41449e-07
-1.54142e-07
-1.45104e-07
-1.05784e-07
-1.45569e-07
-5.825e-08
-1.42782e-07
-1.18416e-08
-1.36753e-07
3.31889e-08
-1.27506e-07
7.64428e-08
-1.15079e-07
1.1762e-07
-9.95526e-08
1.56425e-07
-8.10565e-08
1.92564e-07
-5.97349e-08
2.25723e-07
-3.58203e-08
2.55584e-07
-9.53945e-09
2.81925e-07
1.87458e-08
3.04554e-07
4.85908e-08
3.23371e-07
7.9585e-08
3.38309e-07
1.11352e-07
3.49397e-07
1.43543e-07
3.56776e-07
1.75844e-07
3.60659e-07
2.08001e-07
3.61254e-07
2.39782e-07
3.59015e-07
3.5323e-07
2.71168e-07
1.29602e-06
-3.22205e-08
1.29631e-06
-3.55075e-08
1.29619e-06
-3.9177e-08
1.29557e-06
-4.32074e-08
1.29437e-06
-4.75614e-08
1.29253e-06
-5.21723e-08
1.28998e-06
-5.6939e-08
1.28666e-06
-6.17293e-08
1.28255e-06
-6.63865e-08
1.27765e-06
-7.07349e-08
1.272e-06
-7.45885e-08
1.26567e-06
-7.77607e-08
1.25875e-06
-8.00759e-08
1.25138e-06
-8.13795e-08
1.24369e-06
-8.15465e-08
1.23587e-06
-8.04893e-08
1.22809e-06
-7.81624e-08
1.22054e-06
-7.45656e-08
1.21341e-06
-6.97449e-08
1.20686e-06
-6.37906e-08
1.20108e-06
-5.68343e-08
1.1962e-06
-4.9044e-08
1.19235e-06
-4.06191e-08
1.18962e-06
-3.17829e-08
1.1881e-06
-2.27766e-08
1.18783e-06
-1.38538e-08
1.1888e-06
-5.27455e-09
1.19102e-06
2.70151e-09
1.19444e-06
9.82044e-09
1.19897e-06
1.58389e-08
1.20453e-06
2.05297e-08
1.211e-06
2.36884e-08
1.21824e-06
2.51371e-08
1.22609e-06
2.47268e-08
1.23439e-06
2.23397e-08
1.24297e-06
1.78888e-08
1.25165e-06
1.13174e-08
1.26026e-06
2.59968e-09
1.26865e-06
-8.264e-09
1.27666e-06
-2.12465e-08
1.28415e-06
-3.62833e-08
1.29099e-06
-5.32796e-08
1.29707e-06
-7.21137e-08
1.3023e-06
-9.26385e-08
1.30658e-06
-1.14684e-07
1.30985e-06
-1.3806e-07
1.31207e-06
-1.62567e-07
1.3132e-06
-1.88005e-07
1.31327e-06
-2.14192e-07
1.31239e-06
-2.40986e-07
1.31079e-06
-2.68316e-07
1.30886e-06
-2.96185e-07
1.30705e-06
-3.24646e-07
1.30574e-06
-3.53684e-07
1.30489e-06
-3.83002e-07
1.30357e-06
-4.11728e-07
1.29966e-06
-4.38141e-07
1.2897e-06
-4.59591e-07
1.26916e-06
-4.72785e-07
1.23305e-06
-4.74312e-07
1.17693e-06
-4.61495e-07
1.09818e-06
-4.345e-07
9.95348e-07
-3.97076e-07
8.64754e-07
-3.48722e-07
7.05708e-07
-2.83586e-07
5.44398e-07
-2.34104e-07
4.3959e-07
-3.07252e-07
4.09693e-07
-5.331e-07
4.12438e-07
-7.64784e-07
4.1176e-07
-8.83923e-07
3.9849e-07
-8.9051e-07
3.76579e-07
-8.3034e-07
3.51318e-07
-7.38442e-07
3.25585e-07
-6.31894e-07
3.00524e-07
-5.19294e-07
2.7705e-07
-4.06584e-07
2.56442e-07
-2.97348e-07
2.39908e-07
-1.92198e-07
2.28054e-07
-9.01258e-08
2.20977e-07
9.34503e-09
2.18639e-07
1.06084e-07
2.20929e-07
1.99361e-07
2.2785e-07
2.88926e-07
2.39868e-07
3.73523e-07
2.57145e-07
4.50198e-07
2.79253e-07
5.14442e-07
3.05093e-07
5.61992e-07
3.33158e-07
5.90369e-07
3.61951e-07
5.99373e-07
3.90244e-07
5.90901e-07
4.17189e-07
5.68175e-07
4.42325e-07
5.34948e-07
4.65493e-07
4.94875e-07
4.86748e-07
4.51122e-07
5.06269e-07
4.06201e-07
5.2429e-07
3.61946e-07
5.41052e-07
3.19592e-07
5.56779e-07
2.79883e-07
5.7166e-07
2.43193e-07
5.85848e-07
2.09632e-07
5.9946e-07
1.79134e-07
6.12582e-07
1.5152e-07
6.25273e-07
1.26549e-07
6.37572e-07
1.03945e-07
6.49498e-07
8.34246e-08
6.61056e-07
6.47039e-08
6.72242e-07
4.75034e-08
6.83056e-07
3.15428e-08
6.93515e-07
1.65385e-08
7.03645e-07
2.21697e-09
7.13477e-07
-1.16696e-08
7.2303e-07
-2.53359e-08
7.32291e-07
-3.8941e-08
7.41157e-07
-5.25401e-08
7.49375e-07
-6.60282e-08
7.5653e-07
-7.91168e-08
7.62099e-07
-9.13653e-08
7.65572e-07
-1.02264e-07
7.66592e-07
-1.11331e-07
7.65045e-07
-1.18169e-07
7.61057e-07
-1.2247e-07
7.54917e-07
-1.23974e-07
7.46961e-07
-1.22424e-07
7.37464e-07
-1.17562e-07
7.26592e-07
-1.09146e-07
7.14397e-07
-9.69938e-08
7.00831e-07
-8.10203e-08
6.85769e-07
-6.12656e-08
6.68985e-07
-3.78894e-08
6.5012e-07
-1.11328e-08
6.28767e-07
1.86578e-08
6.04593e-07
5.10998e-08
5.77582e-07
8.55848e-08
5.48325e-07
1.20714e-07
5.18197e-07
1.53166e-07
4.89058e-07
1.76752e-07
4.62305e-07
1.82903e-07
4.37745e-07
1.63265e-07
4.13072e-07
1.13584e-07
3.84709e-07
3.58798e-08
3.49906e-07
-6.2539e-08
3.08068e-07
-1.71877e-07
2.6131e-07
-2.82463e-07
2.13531e-07
-3.84825e-07
1.68698e-07
-4.69814e-07
1.29091e-07
-5.30007e-07
9.4524e-08
-5.62403e-07
6.31121e-08
-5.69976e-07
3.28504e-08
-5.5983e-07
2.8409e-09
-5.39384e-07
-2.69584e-08
-5.12661e-07
-5.60965e-08
-4.81534e-07
-8.3981e-08
-4.46793e-07
-1.10033e-07
-4.08948e-07
-1.33754e-07
-3.68492e-07
-1.54745e-07
-3.25967e-07
-1.72713e-07
-2.81935e-07
-1.87452e-07
-2.36951e-07
-1.98836e-07
-1.91541e-07
-2.06793e-07
-1.46185e-07
-2.11283e-07
-1.01294e-07
-2.12274e-07
-5.72599e-08
-2.09731e-07
-1.43839e-08
-2.03669e-07
2.71269e-08
-1.94142e-07
6.69154e-08
-1.81228e-07
1.04706e-07
-1.65038e-07
1.40235e-07
-1.45718e-07
1.73244e-07
-1.23463e-07
2.03468e-07
-9.85415e-08
2.30662e-07
-7.12535e-08
2.54637e-07
-4.19343e-08
2.75235e-07
-1.09459e-08
2.92383e-07
2.13087e-08
3.06055e-07
5.43908e-08
3.16315e-07
8.79489e-08
3.23218e-07
1.21663e-07
3.26945e-07
1.55271e-07
3.27646e-07
1.88528e-07
3.25758e-07
3.20339e-07
2.21419e-07
1.29588e-06
-3.26633e-08
1.29598e-06
-3.56124e-08
1.29568e-06
-3.88778e-08
1.29491e-06
-4.2436e-08
1.2936e-06
-4.62544e-08
1.2917e-06
-5.02722e-08
1.28916e-06
-5.43962e-08
1.28594e-06
-5.85081e-08
1.28202e-06
-6.2471e-08
1.27742e-06
-6.6133e-08
1.27217e-06
-6.9334e-08
1.26632e-06
-7.19143e-08
1.25997e-06
-7.37246e-08
1.25322e-06
-7.46341e-08
1.24622e-06
-7.45383e-08
1.23909e-06
-7.33651e-08
1.23201e-06
-7.10796e-08
1.22513e-06
-6.76865e-08
1.21862e-06
-6.3231e-08
1.21262e-06
-5.77977e-08
1.2073e-06
-5.15075e-08
1.20277e-06
-4.45136e-08
1.19914e-06
-3.69964e-08
1.19652e-06
-2.91575e-08
1.19495e-06
-2.1214e-08
1.19449e-06
-1.3393e-08
1.19515e-06
-5.92716e-09
1.1969e-06
9.50307e-10
1.19971e-06
7.0098e-09
1.20352e-06
1.20314e-08
1.20824e-06
1.58099e-08
1.21376e-06
1.81609e-08
1.21998e-06
1.89236e-08
1.22674e-06
1.79636e-08
1.2339e-06
1.51748e-08
1.24132e-06
1.04771e-08
1.24882e-06
3.81536e-09
1.25626e-06
-4.84135e-09
1.2635e-06
-1.55015e-08
1.27039e-06
-2.81423e-08
1.27682e-06
-4.27097e-08
1.28266e-06
-5.91239e-08
1.28783e-06
-7.72777e-08
1.29223e-06
-9.70399e-08
1.29581e-06
-1.1826e-07
1.29852e-06
-1.40778e-07
1.30039e-06
-1.64437e-07
1.30149e-06
-1.89102e-07
1.30197e-06
-2.14675e-07
1.30208e-06
-2.41098e-07
1.30211e-06
-2.68339e-07
1.30225e-06
-2.96324e-07
1.30241e-06
-3.24808e-07
1.30192e-06
-3.53196e-07
1.29926e-06
-3.80344e-07
1.29197e-06
-4.04436e-07
1.27681e-06
-4.22983e-07
1.25023e-06
-4.33005e-07
1.20887e-06
-4.31428e-07
1.1501e-06
-4.15543e-07
1.07244e-06
-3.83836e-07
9.75536e-07
-3.37595e-07
8.57559e-07
-2.79099e-07
7.12893e-07
-2.04056e-07
5.44718e-07
-1.15411e-07
3.91971e-07
-8.13576e-08
3.07325e-07
-2.22606e-07
2.79737e-07
-5.05511e-07
2.69394e-07
-7.54441e-07
2.55732e-07
-8.70261e-07
2.34678e-07
-8.69456e-07
2.08987e-07
-8.04649e-07
1.82155e-07
-7.1161e-07
1.56086e-07
-6.05825e-07
1.3135e-07
-4.94558e-07
1.08676e-07
-3.8391e-07
8.90445e-08
-2.77716e-07
7.33253e-08
-1.76479e-07
6.20701e-08
-7.88706e-08
5.61209e-08
1.52943e-08
5.57768e-08
1.06428e-07
6.11808e-08
1.93957e-07
7.24e-08
2.77707e-07
9.01447e-08
3.55778e-07
1.14397e-07
4.25946e-07
1.44686e-07
4.84153e-07
1.79729e-07
5.26949e-07
2.17725e-07
5.52373e-07
2.56875e-07
5.60222e-07
2.9561e-07
5.52167e-07
3.32773e-07
5.31011e-07
3.67646e-07
5.00076e-07
3.99885e-07
4.62636e-07
4.2943e-07
4.21577e-07
4.56407e-07
3.79223e-07
4.81046e-07
3.37306e-07
5.03622e-07
2.97016e-07
5.24411e-07
2.59094e-07
5.4367e-07
2.23934e-07
5.61621e-07
1.91681e-07
5.7845e-07
1.62305e-07
5.94305e-07
1.35665e-07
6.09298e-07
1.11555e-07
6.2351e-07
8.97336e-08
6.36988e-07
6.99464e-08
6.49758e-07
5.19334e-08
6.61838e-07
3.54234e-08
6.7325e-07
2.0131e-08
6.84011e-07
5.77779e-09
6.94103e-07
-7.87545e-09
7.03461e-07
-2.10274e-08
7.1195e-07
-3.38245e-08
7.19332e-07
-4.63232e-08
7.25246e-07
-5.84541e-08
7.29232e-07
-7.00144e-08
7.30824e-07
-8.07085e-08
7.29681e-07
-9.02229e-08
7.25718e-07
-9.83011e-08
7.19154e-07
-1.04767e-07
7.10467e-07
-1.09481e-07
7.00255e-07
-1.12259e-07
6.89081e-07
-1.12799e-07
6.77345e-07
-1.10689e-07
6.65248e-07
-1.05465e-07
6.52817e-07
-9.67147e-08
6.39971e-07
-8.41478e-08
6.26576e-07
-6.76259e-08
6.12458e-07
-4.71475e-08
5.97423e-07
-2.28547e-08
5.81135e-07
5.15596e-09
5.63345e-07
3.6447e-08
5.43917e-07
7.05285e-08
5.23073e-07
1.06429e-07
5.01641e-07
1.42146e-07
4.81049e-07
1.73758e-07
4.62797e-07
1.95004e-07
4.47462e-07
1.98238e-07
4.33668e-07
1.77059e-07
4.17896e-07
1.29355e-07
3.95535e-07
5.82409e-08
3.63067e-07
-3.0071e-08
3.19593e-07
-1.28403e-07
2.67303e-07
-2.30174e-07
2.10946e-07
-3.28468e-07
1.56166e-07
-4.15034e-07
1.07254e-07
-4.81095e-07
6.54825e-08
-5.20631e-07
2.92e-08
-5.33693e-07
-4.44452e-09
-5.26185e-07
-3.70864e-08
-5.06742e-07
-6.9224e-08
-4.80524e-07
-1.00663e-07
-4.50095e-07
-1.30862e-07
-4.16595e-07
-1.59216e-07
-3.80594e-07
-1.8518e-07
-3.42527e-07
-2.08308e-07
-3.0284e-07
-2.2825e-07
-2.61993e-07
-2.44753e-07
-2.20448e-07
-2.57644e-07
-1.78649e-07
-2.66819e-07
-1.3701e-07
-2.72221e-07
-9.58914e-08
-2.73827e-07
-5.56542e-08
-2.71625e-07
-1.65858e-08
-2.65643e-07
2.11444e-08
-2.5596e-07
5.72332e-08
-2.42692e-07
9.14374e-08
-2.25984e-07
1.23528e-07
-2.06022e-07
1.53282e-07
-1.8304e-07
1.80485e-07
-1.57319e-07
2.04942e-07
-1.29173e-07
2.26491e-07
-9.89526e-08
2.45015e-07
-6.70307e-08
2.60461e-07
-3.37879e-08
2.72812e-07
3.789e-10
2.82148e-07
3.50842e-08
2.88513e-07
6.99888e-08
2.9204e-07
1.04826e-07
2.92809e-07
1.39339e-07
2.91244e-07
2.86162e-07
1.73515e-07
1.29624e-06
-3.29511e-08
1.2962e-06
-3.55679e-08
1.29576e-06
-3.84372e-08
1.29487e-06
-4.15427e-08
1.29347e-06
-4.48615e-08
1.29154e-06
-4.83365e-08
1.28902e-06
-5.18794e-08
1.2859e-06
-5.53847e-08
1.28216e-06
-5.8733e-08
1.27782e-06
-6.17924e-08
1.27291e-06
-6.44241e-08
1.26749e-06
-6.64912e-08
1.26163e-06
-6.78664e-08
1.25543e-06
-6.8439e-08
1.24901e-06
-6.81213e-08
1.2425e-06
-6.68543e-08
1.23604e-06
-6.46116e-08
1.22975e-06
-6.14018e-08
1.22379e-06
-5.72695e-08
1.21829e-06
-5.22942e-08
1.21337e-06
-4.6588e-08
1.20914e-06
-4.02916e-08
1.20572e-06
-3.357e-08
1.20317e-06
-2.66064e-08
1.20155e-06
-1.95968e-08
1.2009e-06
-1.27461e-08
1.20124e-06
-6.26214e-09
1.20254e-06
-3.53987e-10
1.20478e-06
4.76979e-09
1.20791e-06
8.90872e-09
1.21184e-06
1.18778e-08
1.21649e-06
1.351e-08
1.22175e-06
1.36603e-08
1.22751e-06
1.22089e-08
1.23362e-06
9.06151e-09
1.23995e-06
4.14509e-09
1.24636e-06
-2.59489e-09
1.25272e-06
-1.1196e-08
1.25889e-06
-2.16707e-08
1.26475e-06
-3.40042e-08
1.2702e-06
-4.81588e-08
1.27515e-06
-6.40732e-08
1.27953e-06
-8.16636e-08
1.28332e-06
-1.00829e-07
1.28652e-06
-1.21457e-07
1.28917e-06
-1.43432e-07
1.29138e-06
-1.66643e-07
1.29326e-06
-1.90981e-07
1.29491e-06
-2.16326e-07
1.29632e-06
-2.42508e-07
1.29721e-06
-2.69235e-07
1.29688e-06
-2.95988e-07
1.29398e-06
-3.21907e-07
1.28649e-06
-3.45711e-07
1.27186e-06
-3.65712e-07
1.24735e-06
-3.79924e-07
1.21056e-06
-3.86202e-07
1.15999e-06
-3.8243e-07
1.09526e-06
-3.66699e-07
1.01706e-06
-3.37345e-07
9.26587e-07
-2.9336e-07
8.23831e-07
-2.34838e-07
7.04575e-07
-1.59843e-07
5.61168e-07
-6.06487e-08
4.0218e-07
4.35762e-08
2.72736e-07
4.8087e-08
2.02472e-07
-1.52342e-07
1.6254e-07
-4.65579e-07
1.31666e-07
-7.23567e-07
1.03378e-07
-8.41973e-07
7.43271e-08
-8.40405e-07
4.35046e-08
-7.73827e-07
1.23825e-08
-6.80488e-07
-1.70379e-08
-5.76405e-07
-4.30113e-08
-4.68585e-07
-6.53108e-08
-3.6161e-07
-8.40347e-08
-2.58992e-07
-9.8484e-08
-1.62029e-07
-1.07968e-07
-6.93869e-08
-1.11466e-07
1.87929e-08
-1.08773e-07
1.03734e-07
-9.96189e-08
1.84803e-07
-8.32182e-08
2.61306e-07
-5.94295e-08
3.31989e-07
-2.76021e-08
3.94119e-07
1.14004e-08
4.45151e-07
5.58417e-08
4.82507e-07
1.03592e-07
5.04623e-07
1.52696e-07
5.11118e-07
2.01331e-07
5.03532e-07
2.48138e-07
4.84203e-07
2.92212e-07
4.56002e-07
3.33061e-07
4.21788e-07
3.70526e-07
3.84113e-07
4.04678e-07
3.45071e-07
4.35731e-07
3.06253e-07
4.63976e-07
2.68772e-07
4.89724e-07
2.33345e-07
5.13281e-07
2.00377e-07
5.34923e-07
1.70039e-07
5.54889e-07
1.4234e-07
5.73373e-07
1.17182e-07
5.90524e-07
9.44039e-08
6.06447e-07
7.38106e-08
6.21208e-07
5.51858e-08
6.34848e-07
3.82936e-08
6.47398e-07
2.28729e-08
6.58861e-07
8.66761e-09
6.69155e-07
-4.51611e-09
6.78108e-07
-1.6828e-08
6.85467e-07
-2.8387e-08
6.90898e-07
-3.92554e-08
6.93997e-07
-4.94215e-08
6.94347e-07
-5.88044e-08
6.91626e-07
-6.72934e-08
6.85726e-07
-7.48084e-08
6.76851e-07
-8.13477e-08
6.6553e-07
-8.69801e-08
6.52524e-07
-9.17615e-08
6.38654e-07
-9.56113e-08
6.24612e-07
-9.82168e-08
6.10843e-07
-9.90303e-08
5.97523e-07
-9.73683e-08
5.84622e-07
-9.25634e-08
5.72003e-07
-8.40958e-08
5.5951e-07
-7.16551e-08
5.4701e-07
-5.51256e-08
5.34391e-07
-3.45291e-08
5.21513e-07
-9.97646e-09
5.08318e-07
1.8351e-08
4.94738e-07
5.0027e-08
4.80926e-07
8.4341e-08
4.67388e-07
1.19967e-07
4.55133e-07
1.54401e-07
4.45475e-07
1.83417e-07
4.39363e-07
2.01116e-07
4.36412e-07
2.01189e-07
4.34175e-07
1.79296e-07
4.28329e-07
1.35201e-07
4.13733e-07
7.28373e-08
3.86029e-07
-2.36752e-09
3.43551e-07
-8.59247e-08
2.87811e-07
-1.74433e-07
2.23572e-07
-2.64229e-07
1.57732e-07
-3.49194e-07
9.69676e-08
-4.20331e-07
4.50519e-08
-4.68715e-07
1.54533e-09
-4.90187e-07
-3.67744e-08
-4.87866e-07
-7.24802e-08
-4.71036e-07
-1.06972e-07
-4.46032e-07
-1.40547e-07
-4.1652e-07
-1.7286e-07
-3.84282e-07
-2.03326e-07
-3.50128e-07
-2.3136e-07
-3.14494e-07
-2.56463e-07
-2.77737e-07
-2.78241e-07
-2.40215e-07
-2.96394e-07
-2.02294e-07
-3.10722e-07
-1.64321e-07
-3.21084e-07
-1.26648e-07
-3.27412e-07
-8.95636e-08
-3.29684e-07
-5.33819e-08
-3.27905e-07
-1.83651e-08
-3.22117e-07
1.53562e-08
-3.12424e-07
4.7541e-08
-2.98972e-07
7.79847e-08
-2.81938e-07
1.06494e-07
-2.61542e-07
1.32885e-07
-2.3804e-07
1.56983e-07
-2.1173e-07
1.78632e-07
-1.82943e-07
1.97704e-07
-1.52038e-07
2.1411e-07
-1.19386e-07
2.27809e-07
-8.53733e-08
2.38799e-07
-5.03542e-08
2.47129e-07
-1.47193e-08
2.52878e-07
2.11755e-08
2.56145e-07
5.70278e-08
2.56957e-07
9.25855e-08
2.55687e-07
2.50921e-07
1.27827e-07
1.29719e-06
-3.31041e-08
1.29701e-06
-3.53921e-08
1.29645e-06
-3.78689e-08
1.29544e-06
-4.05361e-08
1.29397e-06
-4.33884e-08
1.292e-06
-4.63678e-08
1.28951e-06
-4.93888e-08
1.28648e-06
-5.23579e-08
1.28292e-06
-5.51712e-08
1.27884e-06
-5.77131e-08
1.27428e-06
-5.98628e-08
1.26929e-06
-6.15018e-08
1.26394e-06
-6.25204e-08
1.25833e-06
-6.2823e-08
1.25254e-06
-6.23342e-08
1.24669e-06
-6.10037e-08
1.24089e-06
-5.88103e-08
1.23525e-06
-5.57644e-08
1.22989e-06
-5.19094e-08
1.22492e-06
-4.73209e-08
1.22043e-06
-4.21046e-08
1.21653e-06
-3.6393e-08
1.2133e-06
-3.03402e-08
1.21081e-06
-2.4116e-08
1.20912e-06
-1.79001e-08
1.20825e-06
-1.18793e-08
1.20823e-06
-6.24148e-09
1.20905e-06
-1.17565e-09
1.21069e-06
3.12869e-09
1.21311e-06
6.48961e-09
1.21625e-06
8.7412e-09
1.22003e-06
9.73181e-09
1.22436e-06
9.33028e-09
1.22913e-06
7.43314e-09
1.23423e-06
3.95886e-09
1.23954e-06
-1.16187e-09
1.24493e-06
-7.9869e-09
1.25029e-06
-1.65568e-08
1.25552e-06
-2.68923e-08
1.26051e-06
-3.8997e-08
1.26521e-06
-5.28561e-08
1.26957e-06
-6.8435e-08
1.27358e-06
-8.56779e-08
1.27726e-06
-1.04506e-07
1.28062e-06
-1.24814e-07
1.28365e-06
-1.46463e-07
1.28627e-06
-1.69266e-07
1.28826e-06
-1.92967e-07
1.28913e-06
-2.17201e-07
1.28807e-06
-2.41447e-07
1.2838e-06
-2.64966e-07
1.27457e-06
-2.86757e-07
1.25823e-06
-3.05562e-07
1.23247e-06
-3.19958e-07
1.1953e-06
-3.28537e-07
1.14546e-06
-3.30083e-07
1.08293e-06
-3.23673e-07
1.00921e-06
-3.08711e-07
9.27239e-07
-2.84729e-07
8.40472e-07
-2.50579e-07
7.50943e-07
-2.03831e-07
6.56205e-07
-1.401e-07
5.48377e-07
-5.20155e-08
4.19993e-07
6.77353e-08
2.91563e-07
1.72006e-07
1.9884e-07
1.4081e-07
1.34205e-07
-8.77064e-08
7.10783e-08
-4.02453e-07
1.216e-08
-6.64649e-07
-3.50728e-08
-7.9474e-07
-7.47772e-08
-8.00701e-07
-1.12051e-07
-7.36553e-07
-1.48308e-07
-6.44231e-07
-1.81863e-07
-5.4285e-07
-2.1104e-07
-4.39408e-07
-2.35037e-07
-3.37613e-07
-2.53902e-07
-2.40128e-07
-2.67625e-07
-1.48307e-07
-2.75918e-07
-6.10931e-08
-2.77247e-07
2.01218e-08
-2.71292e-07
9.77783e-08
-2.57435e-07
1.70946e-07
-2.35189e-07
2.39061e-07
-2.0409e-07
3.0089e-07
-1.64451e-07
3.5448e-07
-1.17148e-07
3.97847e-07
-6.37466e-08
4.29106e-07
-6.62176e-09
4.47498e-07
5.17634e-08
4.52733e-07
1.09459e-07
4.45837e-07
1.65053e-07
4.2861e-07
2.17504e-07
4.0355e-07
2.66218e-07
3.73073e-07
3.10956e-07
3.39375e-07
3.51733e-07
3.04294e-07
3.88737e-07
2.69249e-07
4.22255e-07
2.35254e-07
4.52614e-07
2.02986e-07
4.80148e-07
1.72844e-07
5.05163e-07
1.45023e-07
5.27929e-07
1.19574e-07
5.48663e-07
9.6448e-08
5.67526e-07
7.55404e-08
5.84631e-07
5.67054e-08
6.00051e-07
3.97665e-08
6.13822e-07
2.45222e-08
6.25921e-07
1.07739e-08
6.36202e-07
-1.61317e-09
6.44404e-07
-1.27182e-08
6.5022e-07
-2.26443e-08
6.5331e-07
-3.14771e-08
6.53339e-07
-3.92846e-08
6.50043e-07
-4.61248e-08
6.43315e-07
-5.20767e-08
6.33305e-07
-5.72831e-08
6.2047e-07
-6.19733e-08
6.05552e-07
-6.64304e-08
5.89457e-07
-7.08842e-08
5.7306e-07
-7.53649e-08
5.57038e-07
-7.95891e-08
5.41772e-07
-8.29508e-08
5.27369e-07
-8.46272e-08
5.13756e-07
-8.3756e-08
5.00797e-07
-7.96044e-08
4.88372e-07
-7.16703e-08
4.76413e-07
-5.96963e-08
4.64905e-07
-4.36176e-08
4.5389e-07
-2.35141e-08
4.43428e-07
4.85553e-10
4.33681e-07
2.80976e-08
4.24886e-07
5.88216e-08
4.17479e-07
9.17484e-08
4.12205e-07
1.25241e-07
4.10103e-07
1.56502e-07
4.12165e-07
1.81355e-07
4.18634e-07
1.94647e-07
4.28203e-07
1.9162e-07
4.37633e-07
1.69866e-07
4.42166e-07
1.30669e-07
4.36617e-07
7.8386e-08
4.16298e-07
1.7951e-08
3.78462e-07
-4.80881e-08
3.23209e-07
-1.19181e-07
2.54111e-07
-1.95132e-07
1.78035e-07
-2.73117e-07
1.03551e-07
-3.45848e-07
3.77889e-08
-4.02953e-07
-1.6784e-08
-4.35614e-07
-6.24743e-08
-4.42175e-07
-1.02748e-07
-4.30762e-07
-1.40135e-07
-4.08645e-07
-1.75854e-07
-3.808e-07
-2.10082e-07
-3.50055e-07
-2.42431e-07
-3.17779e-07
-2.72332e-07
-2.84592e-07
-2.9924e-07
-2.50829e-07
-3.22705e-07
-2.1675e-07
-3.4239e-07
-1.82609e-07
-3.58051e-07
-1.4866e-07
-3.69544e-07
-1.15156e-07
-3.76776e-07
-8.23316e-08
-3.79738e-07
-5.042e-08
-3.78442e-07
-1.96611e-08
-3.72945e-07
9.85973e-09
-3.63376e-07
3.79716e-08
-3.499e-07
6.45089e-08
-3.32722e-07
8.93164e-08
-3.12083e-07
1.12246e-07
-2.88259e-07
1.3316e-07
-2.61564e-07
1.51937e-07
-2.32339e-07
1.68478e-07
-2.00945e-07
1.82717e-07
-1.67759e-07
1.94623e-07
-1.33157e-07
2.04197e-07
-9.75031e-08
2.11475e-07
-6.11509e-08
2.16526e-07
-2.44548e-08
2.19449e-07
1.22359e-08
2.20266e-07
4.8642e-08
2.19281e-07
2.1484e-07
8.4723e-08
1.29873e-06
-3.31583e-08
1.29849e-06
-3.51534e-08
1.29787e-06
-3.72484e-08
1.29684e-06
-3.95102e-08
1.2954e-06
-4.19498e-08
1.29354e-06
-4.45017e-08
1.29123e-06
-4.70847e-08
1.28849e-06
-4.96171e-08
1.28533e-06
-5.20053e-08
1.28176e-06
-5.41438e-08
1.27782e-06
-5.59232e-08
1.27355e-06
-5.72367e-08
1.26902e-06
-5.79847e-08
1.26427e-06
-5.80803e-08
1.25939e-06
-5.74546e-08
1.25445e-06
-5.60623e-08
1.24953e-06
-5.38858e-08
1.2447e-06
-5.09379e-08
1.24006e-06
-4.72637e-08
1.23568e-06
-4.29394e-08
1.23164e-06
-3.80702e-08
1.22803e-06
-3.27865e-08
1.22493e-06
-2.72382e-08
1.2224e-06
-2.15875e-08
1.22051e-06
-1.60017e-08
1.21928e-06
-1.06514e-08
1.21875e-06
-5.71238e-09
1.21893e-06
-1.36216e-09
1.21983e-06
2.22888e-09
1.22142e-06
4.90446e-09
1.22364e-06
6.51705e-09
1.22645e-06
6.92751e-09
1.22976e-06
6.02131e-09
1.23348e-06
3.70884e-09
1.23753e-06
-9.27679e-11
1.24182e-06
-5.44604e-09
1.24623e-06
-1.24023e-08
1.25068e-06
-2.10042e-08
1.25507e-06
-3.12837e-08
1.25933e-06
-4.32566e-08
1.26339e-06
-5.6916e-08
1.26718e-06
-7.22229e-08
1.2706e-06
-8.9096e-08
1.27349e-06
-1.07399e-07
1.2756e-06
-1.26926e-07
1.27652e-06
-1.47387e-07
1.27565e-06
-1.68388e-07
1.27209e-06
-1.89411e-07
1.26468e-06
-2.09791e-07
1.25193e-06
-2.28699e-07
1.23212e-06
-2.45153e-07
1.20342e-06
-2.5806e-07
1.16419e-06
-2.66329e-07
1.11328e-06
-2.69043e-07
1.05041e-06
-2.6567e-07
9.7652e-07
-2.56194e-07
8.94041e-07
-2.41194e-07
8.07112e-07
-2.21781e-07
7.21056e-07
-1.98673e-07
6.40358e-07
-1.69881e-07
5.65221e-07
-1.28694e-07
4.89277e-07
-6.4156e-08
4.023e-07
3.49614e-08
3.08199e-07
1.61837e-07
2.29907e-07
2.50298e-07
1.77573e-07
1.93144e-07
1.14329e-07
-2.44625e-08
2.24648e-08
-3.10588e-07
-7.32333e-08
-5.68951e-07
-1.50486e-07
-7.17488e-07
-2.07238e-07
-7.43949e-07
-2.53846e-07
-6.89944e-07
-2.9703e-07
-6.01047e-07
-3.37248e-07
-5.02632e-07
-3.72437e-07
-4.04219e-07
-4.00985e-07
-3.09064e-07
-4.22321e-07
-2.18792e-07
-4.36377e-07
-1.34251e-07
-4.42684e-07
-5.47858e-08
-4.4076e-07
1.81981e-08
-4.29973e-07
8.69911e-08
-4.09903e-07
1.50876e-07
-3.80295e-07
2.09452e-07
-3.412e-07
2.61795e-07
-2.93229e-07
3.0651e-07
-2.37568e-07
3.42186e-07
-1.76e-07
3.67538e-07
-1.10593e-07
3.82091e-07
-4.38288e-08
3.85969e-07
2.19552e-08
3.80052e-07
8.51403e-08
3.65425e-07
1.4486e-07
3.43831e-07
2.00419e-07
3.17514e-07
2.51514e-07
2.8828e-07
2.98098e-07
2.57711e-07
3.40316e-07
2.27031e-07
3.78432e-07
1.97137e-07
4.12766e-07
1.68652e-07
4.43646e-07
1.41964e-07
4.71383e-07
1.17286e-07
4.96242e-07
9.47146e-08
5.18431e-07
7.42587e-08
5.38102e-07
5.58701e-08
5.5535e-07
3.94576e-08
5.70213e-07
2.49029e-08
5.82644e-07
1.20913e-08
5.92461e-07
9.56685e-10
5.99407e-07
-8.55902e-09
6.03248e-07
-1.65595e-08
6.03781e-07
-2.31765e-08
6.00867e-07
-2.85636e-08
5.94483e-07
-3.29005e-08
5.84775e-07
-3.64168e-08
5.72116e-07
-3.94171e-08
5.57118e-07
-4.22857e-08
5.40582e-07
-4.54373e-08
5.23358e-07
-4.92065e-08
5.0618e-07
-5.37062e-08
4.89534e-07
-5.87187e-08
4.73628e-07
-6.36832e-08
4.58466e-07
-6.77885e-08
4.43967e-07
-7.01285e-08
4.30072e-07
-6.98608e-08
4.16801e-07
-6.63337e-08
4.04253e-07
-5.91217e-08
3.92583e-07
-4.80265e-08
3.81952e-07
-3.2987e-08
3.72627e-07
-1.41885e-08
3.64887e-07
8.22498e-09
3.59114e-07
3.38706e-08
3.55796e-07
6.21397e-08
3.55585e-07
9.19593e-08
3.59317e-07
1.21509e-07
3.6785e-07
1.4797e-07
3.81647e-07
1.67557e-07
4.00169e-07
1.76126e-07
4.21346e-07
1.70443e-07
4.41529e-07
1.49683e-07
4.5605e-07
1.16148e-07
4.60061e-07
7.43743e-08
4.4916e-07
2.88524e-08
4.1987e-07
-1.87977e-08
3.70603e-07
-6.99141e-08
3.02606e-07
-1.27134e-07
2.20893e-07
-1.91404e-07
1.33923e-07
-2.58877e-07
5.15347e-08
-3.20565e-07
-1.90635e-08
-3.65016e-07
-7.70012e-08
-3.84238e-07
-1.25464e-07
-3.823e-07
-1.67839e-07
-3.6627e-07
-2.06561e-07
-3.42078e-07
-2.42829e-07
-3.13787e-07
-2.76868e-07
-2.83739e-07
-3.08377e-07
-2.53084e-07
-3.36861e-07
-2.22344e-07
-3.6184e-07
-1.91771e-07
-3.82921e-07
-1.61528e-07
-3.99825e-07
-1.31756e-07
-4.12376e-07
-1.02605e-07
-4.20481e-07
-7.42268e-08
-4.24143e-07
-4.67586e-08
-4.23365e-07
-2.04385e-08
-4.1823e-07
4.72396e-09
-4.08884e-07
2.86259e-08
-3.95511e-07
5.11364e-08
-3.78334e-07
7.21394e-08
-3.5761e-07
9.15219e-08
-3.33631e-07
1.0918e-07
-3.06718e-07
1.25024e-07
-2.7722e-07
1.3898e-07
-2.455e-07
1.50998e-07
-2.11934e-07
1.61056e-07
-1.76896e-07
1.69159e-07
-1.40756e-07
1.75335e-07
-1.03868e-07
1.79638e-07
-6.65644e-08
1.82146e-07
-2.91929e-08
1.82894e-07
7.92216e-09
1.82166e-07
1.78165e-07
4.45976e-08
1.30254e-06
-3.34468e-08
1.30257e-06
-3.5183e-08
1.30228e-06
-3.69587e-08
1.30168e-06
-3.89127e-08
1.30077e-06
-4.10372e-08
1.29952e-06
-4.32512e-08
1.29791e-06
-4.54833e-08
1.29596e-06
-4.76599e-08
1.29364e-06
-4.96899e-08
1.29097e-06
-5.14708e-08
1.28794e-06
-5.28994e-08
1.28458e-06
-5.38761e-08
1.28091e-06
-5.43096e-08
1.27695e-06
-5.41219e-08
1.27275e-06
-5.32544e-08
1.26836e-06
-5.16726e-08
1.26384e-06
-4.937e-08
1.25928e-06
-4.63702e-08
1.25474e-06
-4.27274e-08
1.25033e-06
-3.85253e-08
1.24613e-06
-3.38734e-08
1.24225e-06
-2.89031e-08
1.23877e-06
-2.3761e-08
1.23578e-06
-1.85993e-08
1.23335e-06
-1.35688e-08
1.23151e-06
-8.81826e-09
1.23031e-06
-4.50691e-09
1.22974e-06
-7.97186e-10
1.22982e-06
2.15778e-09
1.23049e-06
4.22749e-09
1.23173e-06
5.27806e-09
1.23348e-06
5.18375e-09
1.23565e-06
3.84241e-09
1.2382e-06
1.16487e-09
1.24102e-06
-2.91643e-09
1.244e-06
-8.42548e-09
1.24701e-06
-1.54099e-08
1.2499e-06
-2.38986e-08
1.25252e-06
-3.39051e-08
1.25468e-06
-4.54164e-08
1.25615e-06
-5.83816e-08
1.25663e-06
-7.26991e-08
1.25573e-06
-8.82024e-08
1.25298e-06
-1.04645e-07
1.24774e-06
-1.21684e-07
1.23922e-06
-1.38867e-07
1.22645e-06
-1.55618e-07
1.20827e-06
-1.71235e-07
1.18339e-06
-1.84914e-07
1.15049e-06
-1.95791e-07
1.10835e-06
-2.03021e-07
1.05616e-06
-2.0587e-07
9.93669e-07
-2.03834e-07
9.21404e-07
-1.96778e-07
8.40823e-07
-1.85089e-07
7.54478e-07
-1.69848e-07
6.6635e-07
-1.53066e-07
5.81988e-07
-1.37419e-07
5.07177e-07
-1.23862e-07
4.44602e-07
-1.07306e-07
3.9081e-07
-7.49022e-08
3.38125e-07
-1.14706e-08
2.82359e-07
9.07267e-08
2.35492e-07
2.08705e-07
2.15534e-07
2.70256e-07
2.04415e-07
2.04263e-07
1.5055e-07
2.9402e-08
3.62914e-08
-1.96329e-07
-1.04239e-07
-4.2842e-07
-2.25258e-07
-5.96469e-07
-3.12519e-07
-6.56688e-07
-3.75662e-07
-6.26802e-07
-4.276e-07
-5.49109e-07
-4.74419e-07
-4.55814e-07
-5.15909e-07
-3.62729e-07
-5.49943e-07
-2.75031e-07
-5.74943e-07
-1.93792e-07
-5.90313e-07
-1.18881e-07
-5.953e-07
-4.97991e-08
-5.90114e-07
1.30128e-08
-5.74317e-07
7.11938e-08
-5.4794e-07
1.24499e-07
-5.11172e-07
1.72684e-07
-4.64517e-07
2.1514e-07
-4.08967e-07
2.5096e-07
-3.4598e-07
2.792e-07
-2.77481e-07
2.99038e-07
-2.05561e-07
3.10171e-07
-1.32341e-07
3.1275e-07
-5.98929e-08
3.07604e-07
9.80107e-09
2.95731e-07
7.53484e-08
2.78283e-07
1.36452e-07
2.5641e-07
1.92718e-07
2.32014e-07
2.44006e-07
2.06423e-07
2.90394e-07
1.80643e-07
3.32094e-07
1.55438e-07
3.69372e-07
1.31373e-07
4.02517e-07
1.08819e-07
4.31796e-07
8.80073e-08
4.57434e-07
6.90768e-08
4.796e-07
5.2093e-08
4.98403e-07
3.70671e-08
5.1389e-07
2.39705e-08
5.26037e-07
1.27555e-08
5.34742e-07
3.38613e-09
5.39916e-07
-4.21731e-09
5.41555e-07
-1.01974e-08
5.39729e-07
-1.47337e-08
5.34587e-07
-1.8035e-08
5.26372e-07
-2.03481e-08
5.15445e-07
-2.19735e-08
5.02307e-07
-2.32785e-08
4.87578e-07
-2.46882e-08
4.71926e-07
-2.66343e-08
4.55952e-07
-2.94627e-08
4.4007e-07
-3.33244e-08
4.24458e-07
-3.80949e-08
4.09097e-07
-4.3357e-08
3.93876e-07
-4.84625e-08
3.78728e-07
-5.26403e-08
3.63705e-07
-5.51057e-08
3.49008e-07
-5.51637e-08
3.3496e-07
-5.22857e-08
3.21962e-07
-4.61237e-08
3.10388e-07
-3.64521e-08
3.00676e-07
-2.32758e-08
2.93285e-07
-6.79693e-09
2.88719e-07
1.2791e-08
2.87511e-07
3.50787e-08
2.90306e-07
5.93445e-08
2.9783e-07
8.44353e-08
3.108e-07
1.08539e-07
3.29683e-07
1.29086e-07
3.54301e-07
1.4294e-07
3.83381e-07
1.47045e-07
4.14314e-07
1.3951e-07
4.43353e-07
1.20643e-07
4.66268e-07
9.32337e-08
4.79019e-07
6.16234e-08
4.78057e-07
2.98141e-08
4.60049e-07
-7.89684e-10
4.22291e-07
-3.21557e-08
3.63536e-07
-6.83799e-08
2.85344e-07
-1.13212e-07
1.93313e-07
-1.66846e-07
9.67818e-08
-2.24034e-07
6.69466e-09
-2.74929e-07
-6.97728e-08
-3.0777e-07
-1.32869e-07
-3.19203e-07
-1.85423e-07
-3.13717e-07
-2.30527e-07
-2.96974e-07
-2.70572e-07
-2.73742e-07
-3.06907e-07
-2.47403e-07
-3.40019e-07
-2.19972e-07
-3.69842e-07
-1.92521e-07
-3.96063e-07
-1.65551e-07
-4.18322e-07
-1.39269e-07
-4.36315e-07
-1.13763e-07
-4.49832e-07
-8.90879e-08
-4.58765e-07
-6.52928e-08
-4.63081e-07
-4.24434e-08
-4.62856e-07
-2.06633e-08
-4.58131e-07
-3.70281e-13
-4.49075e-07
1.95698e-08
-4.35893e-07
3.79535e-08
-4.1882e-07
5.50665e-08
-3.98125e-07
7.08276e-08
-3.7411e-07
8.51651e-08
-3.47102e-07
9.80162e-08
-3.17453e-07
1.0933e-07
-2.85528e-07
1.19073e-07
-2.51701e-07
1.27229e-07
-2.16344e-07
1.33803e-07
-1.79829e-07
1.3882e-07
-1.42516e-07
1.42324e-07
-1.04736e-07
1.44366e-07
-6.68412e-08
1.45e-07
-2.91421e-08
1.44466e-07
1.41133e-07
7.89011e-09
1.31518e-06
-3.45099e-08
1.31574e-06
-3.57479e-08
1.31584e-06
-3.70524e-08
1.31552e-06
-3.85912e-08
1.31474e-06
-4.02605e-08
1.31345e-06
-4.19627e-08
1.31161e-06
-4.364e-08
1.30917e-06
-4.52239e-08
1.30611e-06
-4.66279e-08
1.3024e-06
-4.77623e-08
1.29804e-06
-4.85416e-08
1.29305e-06
-4.88866e-08
1.28747e-06
-4.87283e-08
1.28136e-06
-4.80122e-08
1.27481e-06
-4.67036e-08
1.26793e-06
-4.47904e-08
1.26085e-06
-4.22853e-08
1.2537e-06
-3.92265e-08
1.24665e-06
-3.56771e-08
1.23985e-06
-3.17229e-08
1.23344e-06
-2.7468e-08
1.22757e-06
-2.30321e-08
1.22236e-06
-1.85457e-08
1.21789e-06
-1.41331e-08
1.21424e-06
-9.91212e-09
1.21141e-06
-5.99272e-09
1.2094e-06
-2.49927e-09
1.20815e-06
4.59123e-10
1.20757e-06
2.73811e-09
1.20757e-06
4.22163e-09
1.20806e-06
4.79045e-09
1.20892e-06
4.32598e-09
1.21002e-06
2.74217e-09
1.21121e-06
-2.39089e-11
1.21227e-06
-3.97595e-09
1.21296e-06
-9.12331e-09
1.21304e-06
-1.54834e-08
1.2122e-06
-2.30579e-08
1.21012e-06
-3.18308e-08
1.20646e-06
-4.17548e-08
1.20082e-06
-5.27386e-08
1.19275e-06
-6.46305e-08
1.18174e-06
-7.71987e-08
1.16721e-06
-9.01115e-08
1.14845e-06
-1.02921e-07
1.12464e-06
-1.15061e-07
1.09489e-06
-1.25863e-07
1.05826e-06
-1.3461e-07
1.01395e-06
-1.40605e-07
9.61432e-07
-1.43272e-07
9.00653e-07
-1.42241e-07
8.32182e-07
-1.37399e-07
7.57254e-07
-1.28906e-07
6.77713e-07
-1.17237e-07
5.9595e-07
-1.03326e-07
5.15064e-07
-8.89624e-08
4.39219e-07
-7.7221e-08
3.7318e-07
-7.138e-08
3.19936e-07
-7.06179e-08
2.78302e-07
-6.56723e-08
2.43342e-07
-3.99421e-08
2.13345e-07
1.85262e-08
1.93654e-07
1.10418e-07
1.99579e-07
2.02779e-07
2.33774e-07
2.36061e-07
2.61591e-07
1.76446e-07
2.33874e-07
5.71185e-08
1.2426e-07
-8.67158e-08
-4.983e-08
-2.5433e-07
-2.27592e-07
-4.18707e-07
-3.67195e-07
-5.17085e-07
-4.65295e-07
-5.28702e-07
-5.352e-07
-4.79204e-07
-5.90318e-07
-4.00695e-07
-6.36802e-07
-3.16245e-07
-6.75001e-07
-2.36831e-07
-7.0322e-07
-1.65573e-07
-7.20048e-07
-1.02052e-07
-7.24531e-07
-4.53161e-08
-7.16813e-07
5.29466e-09
-6.96971e-07
5.13519e-08
-6.65481e-07
9.30092e-08
-6.2296e-07
1.30163e-07
-5.70319e-07
1.62499e-07
-5.08857e-07
1.89498e-07
-4.40233e-07
2.10576e-07
-3.66434e-07
2.25239e-07
-2.89577e-07
2.33314e-07
-2.11787e-07
2.34959e-07
-1.34915e-07
2.30732e-07
-6.071e-08
2.21526e-07
9.6062e-09
2.07967e-07
7.45784e-08
1.91438e-07
1.34487e-07
1.72105e-07
1.8897e-07
1.51941e-07
2.37999e-07
1.31614e-07
2.81675e-07
1.11762e-07
3.20156e-07
9.2892e-08
3.53646e-07
7.5329e-08
3.82346e-07
5.93068e-08
4.0644e-07
4.49832e-08
4.26086e-07
3.24466e-08
4.41423e-07
2.17305e-08
4.5258e-07
1.28127e-08
4.59723e-07
5.61293e-09
4.63067e-07
4.22283e-11
4.62952e-07
-4.10234e-09
4.59764e-07
-7.0098e-09
4.53918e-07
-8.88691e-09
4.4585e-07
-9.96748e-09
4.36028e-07
-1.05256e-08
4.24933e-07
-1.08792e-08
4.13031e-07
-1.13767e-08
4.00704e-07
-1.23607e-08
3.88182e-07
-1.41122e-08
3.75507e-07
-1.67882e-08
3.62556e-07
-2.03734e-08
3.49118e-07
-2.46568e-08
3.35008e-07
-2.92464e-08
3.20166e-07
-3.36211e-08
3.04726e-07
-3.71997e-08
2.88998e-07
-3.93786e-08
2.73464e-07
-3.96293e-08
2.58685e-07
-3.75064e-08
2.45343e-07
-3.2782e-08
2.34092e-07
-2.5201e-08
2.2549e-07
-1.46738e-08
2.20403e-07
-1.7103e-09
2.19369e-07
1.38253e-08
2.23062e-07
3.13857e-08
2.32167e-07
5.02393e-08
2.47312e-07
6.92904e-08
2.68915e-07
8.69358e-08
2.96932e-07
1.01069e-07
3.30534e-07
1.09338e-07
3.67842e-07
1.09738e-07
4.05911e-07
1.01441e-07
4.41107e-07
8.54474e-08
4.69759e-07
6.45818e-08
4.88766e-07
4.26162e-08
4.95805e-07
2.27756e-08
4.88771e-07
6.24423e-09
4.65331e-07
-8.71557e-09
4.2295e-07
-2.59991e-08
3.59912e-07
-5.01743e-08
2.7696e-07
-8.38941e-08
1.78998e-07
-1.26072e-07
7.51948e-08
-1.71125e-07
-2.25229e-08
-2.10052e-07
-1.07168e-07
-2.34558e-07
-1.78163e-07
-2.42722e-07
-2.3726e-07
-2.37876e-07
-2.86902e-07
-2.241e-07
-3.29298e-07
-2.05008e-07
-3.66049e-07
-1.83221e-07
-3.98064e-07
-1.60507e-07
-4.25705e-07
-1.37909e-07
-4.49011e-07
-1.15963e-07
-4.67872e-07
-9.49026e-08
-4.82157e-07
-7.48029e-08
-4.91772e-07
-5.56771e-08
-4.96695e-07
-3.75202e-08
-4.96986e-07
-2.03729e-08
-4.92703e-07
-4.28331e-09
-4.83977e-07
1.08442e-08
-4.71041e-07
2.50168e-08
-4.54139e-07
3.81652e-08
-4.33548e-07
5.02364e-08
-4.09574e-07
6.11907e-08
-3.82549e-07
7.09917e-08
-3.52828e-07
7.96089e-08
-3.20776e-07
8.70208e-08
-2.86764e-07
9.32175e-08
-2.51165e-07
9.82033e-08
-2.14347e-07
1.02003e-07
-1.76676e-07
1.04653e-07
-1.3848e-07
1.06169e-07
-1.00118e-07
1.06638e-07
-6.18992e-08
1.06248e-07
1.03944e-07
-2.47107e-08
1.32264e-06
-3.2432e-08
1.31927e-06
-3.23846e-08
1.31482e-06
-3.26023e-08
1.30937e-06
-3.31369e-08
1.30289e-06
-3.37815e-08
1.2954e-06
-3.44752e-08
1.28694e-06
-3.5175e-08
1.27752e-06
-3.58074e-08
1.26719e-06
-3.62945e-08
1.256e-06
-3.65693e-08
1.24403e-06
-3.65735e-08
1.2314e-06
-3.6256e-08
1.21824e-06
-3.55754e-08
1.20474e-06
-3.45038e-08
1.19106e-06
-3.30292e-08
1.17743e-06
-3.11568e-08
1.16405e-06
-2.89094e-08
1.15115e-06
-2.63273e-08
1.13894e-06
-2.34666e-08
1.12762e-06
-2.03974e-08
1.11735e-06
-1.71998e-08
1.10828e-06
-1.39626e-08
1.10051e-06
-1.07807e-08
1.09411e-06
-7.73187e-09
1.0891e-06
-4.90168e-09
1.08542e-06
-2.30611e-09
1.08291e-06
3.52606e-12
1.08144e-06
1.93385e-09
1.08081e-06
3.36917e-09
1.08081e-06
4.22248e-09
1.0812e-06
4.39569e-09
1.08175e-06
3.77416e-09
1.08218e-06
2.31851e-09
1.08211e-06
4.40458e-11
1.08121e-06
-3.07415e-09
1.07914e-06
-7.05284e-09
1.07555e-06
-1.19022e-08
1.07012e-06
-1.76221e-08
1.06247e-06
-2.41855e-08
1.05224e-06
-3.15243e-08
1.03901e-06
-3.95092e-08
1.02231e-06
-4.79309e-08
1.0016e-06
-5.64851e-08
9.76257e-07
-6.47685e-08
9.45627e-07
-7.22909e-08
9.09078e-07
-7.85121e-08
8.66116e-07
-8.29005e-08
8.16514e-07
-8.50083e-08
7.60459e-07
-8.45492e-08
6.9865e-07
-8.14627e-08
6.3235e-07
-7.59419e-08
5.63347e-07
-6.83952e-08
4.9378e-07
-5.93395e-08
4.259e-07
-4.93576e-08
3.61964e-07
-3.93903e-08
3.04355e-07
-3.13532e-08
2.552e-07
-2.80659e-08
2.14946e-07
-3.11258e-08
1.81671e-07
-3.73429e-08
1.53025e-07
-3.70261e-08
1.29671e-07
-1.65881e-08
1.21344e-07
2.68529e-08
1.38093e-07
9.36693e-08
1.88846e-07
1.52026e-07
2.61893e-07
1.63014e-07
3.20843e-07
1.17496e-07
3.29094e-07
4.88676e-08
2.5967e-07
-1.72916e-08
1.00429e-07
-9.50898e-08
-1.14016e-07
-2.04262e-07
-3.19443e-07
-3.11658e-07
-4.81385e-07
-3.66759e-07
-5.96745e-07
-3.63844e-07
-6.76956e-07
-3.20484e-07
-7.34277e-07
-2.58924e-07
-7.76235e-07
-1.94873e-07
-8.05664e-07
-1.36144e-07
-8.22742e-07
-8.49747e-08
-8.2684e-07
-4.12174e-08
-8.17604e-07
-3.94131e-09
-7.9517e-07
2.89176e-08
-7.60333e-07
5.81721e-08
-7.14008e-07
8.38377e-08
-6.57421e-07
1.05912e-07
-5.92103e-07
1.2418e-07
-5.19861e-07
1.38334e-07
-4.42733e-07
1.48111e-07
-3.6284e-07
1.53422e-07
-2.82267e-07
1.54386e-07
-2.02891e-07
1.51356e-07
-1.26277e-07
1.44912e-07
-5.40535e-08
1.35744e-07
1.33601e-08
1.24024e-07
7.46287e-08
1.10837e-07
1.29912e-07
9.6657e-08
1.7906e-07
8.24659e-08
2.21995e-07
6.88273e-08
2.58771e-07
5.6116e-08
2.89571e-07
4.45289e-08
3.14655e-07
3.42228e-08
3.34344e-07
2.52946e-08
3.49023e-07
1.77676e-08
3.59147e-07
1.16063e-08
3.6522e-07
6.73993e-09
3.67808e-07
3.02482e-09
3.67498e-07
3.52064e-10
3.64879e-07
-1.48318e-09
3.60493e-07
-2.62382e-09
3.54827e-07
-3.22114e-09
3.48304e-07
-3.44371e-09
3.4126e-07
-3.48204e-09
3.33925e-07
-3.54406e-09
3.26388e-07
-3.83974e-09
3.18585e-07
-4.55734e-09
3.10308e-07
-5.83519e-09
3.01257e-07
-7.73736e-09
2.91117e-07
-1.02336e-08
2.79647e-07
-1.31864e-08
2.66756e-07
-1.6356e-08
2.52561e-07
-1.94265e-08
2.37388e-07
-2.20267e-08
2.21742e-07
-2.37317e-08
2.06251e-07
-2.41388e-08
1.91688e-07
-2.29432e-08
1.78888e-07
-1.99818e-08
1.68696e-07
-1.50091e-08
1.61792e-07
-7.77059e-09
1.59437e-07
6.4556e-10
1.62117e-07
1.11448e-08
1.70611e-07
2.28923e-08
1.85541e-07
3.53084e-08
2.07322e-07
4.75096e-08
2.35972e-07
5.82858e-08
2.70884e-07
6.61574e-08
3.10592e-07
6.96298e-08
3.5267e-07
6.76592e-08
3.93914e-07
6.0197e-08
4.30856e-07
4.85057e-08
4.60482e-07
3.49558e-08
4.80835e-07
2.22638e-08
4.91135e-07
1.24749e-08
4.9125e-07
6.1294e-09
4.80633e-07
1.9017e-09
4.57336e-07
-2.70214e-09
4.18308e-07
-1.11468e-08
3.60273e-07
-2.58586e-08
2.81906e-07
-4.77049e-08
1.8605e-07
-7.52698e-08
8.0773e-08
-1.04775e-07
-2.28296e-08
-1.30955e-07
-1.16769e-07
-1.48783e-07
-1.9831e-07
-1.56335e-07
-2.67353e-07
-1.55058e-07
-3.24993e-07
-1.47367e-07
-3.72852e-07
-1.35362e-07
-4.12468e-07
-1.20891e-07
-4.45061e-07
-1.05316e-07
-4.71498e-07
-8.95262e-08
-4.92342e-07
-7.40587e-08
-5.07937e-07
-5.92072e-08
-5.1849e-07
-4.51249e-08
-5.24145e-07
-3.18644e-08
-5.25053e-07
-1.94656e-08
-5.21332e-07
-8.00361e-09
-5.1305e-07
2.56128e-09
-5.00458e-07
1.24255e-08
-4.8381e-07
2.15172e-08
-4.63389e-07
2.98153e-08
-4.39513e-07
3.73147e-08
-4.12524e-07
4.40029e-08
-3.82781e-07
4.98658e-08
-3.50653e-07
5.48927e-08
-3.16513e-07
5.90774e-08
-2.80732e-07
6.24224e-08
-2.43682e-07
6.49527e-08
-2.05732e-07
6.67036e-08
-1.6721e-07
6.76469e-08
-1.28454e-07
6.78817e-08
-8.98635e-08
6.76573e-08
6.69737e-08
-5.28933e-08
1.20152e-06
-1.67211e-08
1.18484e-06
-1.57056e-08
1.16785e-06
-1.56162e-08
1.15048e-06
-1.57623e-08
1.13264e-06
-1.59482e-08
1.11438e-06
-1.62088e-08
1.09571e-06
-1.65105e-08
1.07668e-06
-1.67758e-08
1.05733e-06
-1.69408e-08
1.03772e-06
-1.6963e-08
1.01796e-06
-1.68123e-08
9.98169e-07
-1.64664e-08
9.78505e-07
-1.59111e-08
9.59143e-07
-1.51417e-08
9.40276e-07
-1.41625e-08
9.22106e-07
-1.29873e-08
9.04836e-07
-1.16386e-08
8.88655e-07
-1.01468e-08
8.73738e-07
-8.54932e-09
8.60231e-07
-6.89055e-09
8.4825e-07
-5.21906e-09
8.37874e-07
-3.58644e-09
8.29167e-07
-2.07366e-09
8.22202e-07
-7.66328e-10
8.1706e-07
2.40334e-10
8.13628e-07
1.12559e-09
8.11738e-07
1.89379e-09
8.11149e-07
2.52221e-09
8.11554e-07
2.96421e-09
8.12603e-07
3.17375e-09
8.1388e-07
3.11901e-09
8.1498e-07
2.67363e-09
8.15762e-07
1.53675e-09
8.16198e-07
-3.92509e-10
8.15998e-07
-2.87327e-09
8.14672e-07
-5.72708e-09
8.11688e-07
-8.91794e-09
8.06473e-07
-1.24079e-08
7.98417e-07
-1.61295e-08
7.86879e-07
-1.99863e-08
7.71214e-07
-2.38439e-08
7.50809e-07
-2.75256e-08
7.25141e-07
-3.08179e-08
6.93855e-07
-3.34821e-08
6.56842e-07
-3.52776e-08
6.14324e-07
-3.59944e-08
5.66914e-07
-3.549e-08
5.15627e-07
-3.37213e-08
4.61845e-07
-3.07674e-08
4.07228e-07
-2.68458e-08
3.53609e-07
-2.23233e-08
3.02891e-07
-1.76768e-08
2.56905e-07
-1.33538e-08
2.17191e-07
-9.64317e-09
1.84609e-07
-6.80905e-09
1.5871e-07
-5.45405e-09
1.37148e-07
-6.50346e-09
1.1619e-07
-1.01678e-08
9.34224e-08
-1.45755e-08
7.14559e-08
-1.50595e-08
5.9807e-08
-4.9392e-09
6.91889e-08
1.7471e-08
1.1253e-07
5.03283e-08
1.89011e-07
7.55447e-08
2.77683e-07
7.43422e-08
3.47546e-07
4.76332e-08
3.78746e-07
1.76673e-08
3.60657e-07
7.97789e-10
2.7709e-07
-1.15231e-08
1.12557e-07
-3.9729e-08
-1.08461e-07
-9.06392e-08
-3.30904e-07
-1.44317e-07
-5.18749e-07
-1.75999e-07
-6.62938e-07
-1.76296e-07
-7.65427e-07
-1.56434e-07
-8.33049e-07
-1.27251e-07
-8.73694e-07
-9.54997e-08
-8.93968e-07
-6.47007e-08
-8.98524e-07
-3.66609e-08
-8.90079e-07
-1.23864e-08
-8.68505e-07
7.34324e-09
-8.33496e-07
2.31632e-08
-7.86313e-07
3.66544e-08
-7.28535e-07
4.81338e-08
-6.61934e-07
5.75795e-08
-5.88471e-07
6.48708e-08
-5.10258e-07
6.98975e-08
-4.29465e-07
7.26285e-08
-3.48194e-07
7.31158e-08
-2.68381e-07
7.15426e-08
-1.91681e-07
6.82123e-08
-1.19404e-07
6.34664e-08
-5.30073e-08
5.76278e-08
6.87282e-09
5.09566e-08
5.92324e-08
4.42974e-08
1.04746e-07
3.6952e-08
1.43322e-07
3.02516e-08
1.75115e-07
2.43235e-08
2.00566e-07
1.90773e-08
2.20256e-07
1.45332e-08
2.34855e-07
1.06955e-08
2.45086e-07
7.53691e-09
2.51683e-07
5.00911e-09
2.55368e-07
3.05436e-09
2.56795e-07
1.59768e-09
2.56567e-07
5.80929e-10
2.55157e-07
-7.38934e-11
2.52971e-07
-4.37921e-10
2.50343e-07
-5.9272e-10
2.47513e-07
-6.13673e-10
2.44609e-07
-5.78068e-10
2.41633e-07
-5.6815e-10
2.38459e-07
-6.65349e-10
2.34843e-07
-9.41923e-10
2.3046e-07
-1.45165e-09
2.24947e-07
-2.2248e-09
2.17973e-07
-3.25905e-09
2.09302e-07
-4.5159e-09
1.98871e-07
-5.92502e-09
1.86818e-07
-7.37278e-09
1.73497e-07
-8.70603e-09
1.59492e-07
-9.72638e-09
1.45602e-07
-1.02494e-08
1.32707e-07
-1.00479e-08
1.21694e-07
-8.96886e-09
1.13536e-07
-6.85122e-09
1.0944e-07
-3.6749e-09
1.09759e-07
3.26559e-10
1.15671e-07
5.23357e-09
1.27823e-07
1.07394e-08
1.46661e-07
1.64704e-08
1.72242e-07
2.19287e-08
2.04054e-07
2.64738e-08
2.4082e-07
2.9392e-08
2.80389e-07
3.00605e-08
3.19861e-07
2.81866e-08
3.56035e-07
2.40234e-08
3.86129e-07
1.84117e-08
4.08516e-07
1.25686e-08
4.23091e-07
7.689e-09
4.31039e-07
4.52747e-09
4.3404e-07
3.12833e-09
4.33145e-07
2.79654e-09
4.27937e-07
2.50593e-09
4.15708e-07
1.08219e-09
3.91876e-07
-2.02717e-09
3.51603e-07
-7.43138e-09
2.91785e-07
-1.54524e-08
2.12943e-07
-2.59323e-08
1.19941e-07
-3.79536e-08
2.11043e-08
-4.99466e-08
-7.53246e-08
-5.99062e-08
-1.64058e-07
-6.63245e-08
-2.42825e-07
-6.85997e-08
-3.10918e-07
-6.72691e-08
-3.68373e-07
-6.34358e-08
-4.15719e-07
-5.79703e-08
-4.5374e-07
-5.15049e-08
-4.83311e-07
-4.44873e-08
-5.05293e-07
-3.72256e-08
-5.20486e-07
-2.99323e-08
-5.29603e-07
-2.27475e-08
-5.33275e-07
-1.57934e-08
-5.32045e-07
-9.23337e-09
-5.26236e-07
-3.24742e-09
-5.15915e-07
2.1043e-09
-5.01191e-07
6.79314e-09
-4.82401e-07
1.1025e-08
-4.59919e-07
1.48332e-08
-4.34134e-07
1.82176e-08
-4.0544e-07
2.11717e-08
-3.74237e-07
2.36903e-08
-3.4093e-07
2.577e-08
-3.05921e-07
2.74135e-08
-2.69613e-07
2.86448e-08
-2.32388e-07
2.94787e-08
-1.94624e-07
2.98829e-08
-1.5671e-07
2.99674e-08
-1.19099e-07
3.00464e-08
3.10374e-08
-8.31627e-08
7.93293e-07
7.77588e-07
7.61971e-07
7.46209e-07
7.30261e-07
7.14052e-07
6.97541e-07
6.80766e-07
6.63825e-07
6.46862e-07
6.3005e-07
6.13583e-07
5.97672e-07
5.8253e-07
5.68368e-07
5.55381e-07
5.43742e-07
5.33595e-07
5.25046e-07
5.18155e-07
5.12936e-07
5.0935e-07
5.07276e-07
5.0651e-07
5.0675e-07
5.07876e-07
5.09769e-07
5.12292e-07
5.15256e-07
5.1843e-07
5.21549e-07
5.24222e-07
5.25759e-07
5.25367e-07
5.22493e-07
5.16766e-07
5.07848e-07
4.9544e-07
4.79311e-07
4.59325e-07
4.35481e-07
4.07955e-07
3.77137e-07
3.43655e-07
3.08377e-07
2.72383e-07
2.36893e-07
2.03172e-07
1.72404e-07
1.45559e-07
1.23235e-07
1.05559e-07
9.22048e-08
8.25616e-08
7.57526e-08
7.02985e-08
6.3795e-08
5.36272e-08
3.90517e-08
2.39922e-08
1.9053e-08
3.6524e-08
8.68523e-08
1.62397e-07
2.36739e-07
2.84372e-07
3.0204e-07
3.02837e-07
2.91314e-07
2.51585e-07
1.60946e-07
1.66292e-08
-1.5937e-07
-3.35665e-07
-4.921e-07
-6.19351e-07
-7.14851e-07
-7.79552e-07
-8.16212e-07
-8.28599e-07
-8.21256e-07
-7.98092e-07
-7.61438e-07
-7.13304e-07
-6.55725e-07
-5.90854e-07
-5.20956e-07
-4.48328e-07
-3.75212e-07
-3.03669e-07
-2.35457e-07
-1.71991e-07
-1.14363e-07
-6.34063e-08
-1.91089e-08
1.78431e-08
4.80947e-08
7.24182e-08
9.14955e-08
1.06029e-07
1.16724e-07
1.24261e-07
1.2927e-07
1.32325e-07
1.33922e-07
1.34503e-07
1.34429e-07
1.33991e-07
1.33399e-07
1.32785e-07
1.32207e-07
1.31639e-07
1.30973e-07
1.30031e-07
1.2858e-07
1.26355e-07
1.23096e-07
1.1858e-07
1.12655e-07
1.05282e-07
9.65762e-08
8.68498e-08
7.66004e-08
6.65526e-08
5.75837e-08
5.07325e-08
4.70576e-08
4.73842e-08
5.26177e-08
6.33572e-08
7.98276e-08
1.01756e-07
1.2823e-07
1.57622e-07
1.87683e-07
2.15869e-07
2.39893e-07
2.58304e-07
2.70873e-07
2.78562e-07
2.83089e-07
2.86218e-07
2.89014e-07
2.9152e-07
2.92602e-07
2.90575e-07
2.83144e-07
2.67691e-07
2.41759e-07
2.03806e-07
1.53859e-07
9.39528e-08
2.76283e-08
-4.09714e-08
-1.08241e-07
-1.71676e-07
-2.29647e-07
-2.81152e-07
-3.25639e-07
-3.62865e-07
-3.92797e-07
-4.15544e-07
-4.31338e-07
-4.40571e-07
-4.43818e-07
-4.41714e-07
-4.34921e-07
-4.23896e-07
-4.09063e-07
-3.90845e-07
-3.69673e-07
-3.45983e-07
-3.20213e-07
-2.928e-07
-2.64155e-07
-2.34676e-07
-2.04793e-07
-1.74826e-07
-1.44779e-07
-1.13742e-07
1.77703e-07
-2.97068e-08
1.82987e-07
-5.28471e-09
1.65029e-07
1.7958e-08
1.23324e-07
4.17055e-08
5.737e-08
6.59539e-08
-1.84578e-08
7.58279e-08
-8.7972e-08
6.95141e-08
-1.3731e-07
4.93383e-08
-1.60102e-07
2.27918e-08
-1.55823e-07
-4.27942e-09
-1.26672e-07
-2.91502e-08
-7.86704e-08
-4.8002e-08
-1.8838e-08
-5.98323e-08
4.48748e-08
-6.37128e-08
1.06506e-07
-6.16313e-08
1.63014e-07
-5.65075e-08
2.13129e-07
-5.01158e-08
2.5669e-07
-4.35607e-08
2.94205e-07
-3.75147e-08
3.26462e-07
-3.22576e-08
3.54549e-07
-2.80864e-08
3.79025e-07
-2.44762e-08
4.01926e-07
-2.2901e-08
4.15514e-07
-1.35884e-08
-3.37512e-08
2.4912e-07
-4.8075e-08
2.39124e-07
4.7114e-09
1.92804e-07
6.4278e-08
1.11402e-07
1.23108e-07
1.37886e-08
1.63567e-07
-7.36816e-08
1.63298e-07
-1.34653e-07
1.30486e-07
-1.66193e-07
8.08775e-08
-1.69799e-07
2.63984e-08
-1.48303e-07
-2.57762e-08
-1.03519e-07
-7.39337e-08
-4.08607e-08
-1.1066e-07
3.11996e-08
-1.31893e-07
1.05306e-07
-1.37819e-07
1.75909e-07
-1.32234e-07
2.39709e-07
-1.20308e-07
2.95226e-07
-1.05633e-07
3.42348e-07
-9.06818e-08
3.81807e-07
-7.69738e-08
4.14715e-07
-6.51661e-08
4.42398e-07
-5.57694e-08
4.65849e-07
-4.79266e-08
4.8634e-07
-4.33922e-08
5.02663e-07
-2.99118e-08
-4.97329e-08
2.59735e-07
-5.62474e-08
2.37962e-07
2.64843e-08
1.78579e-07
1.23661e-07
9.26118e-08
2.09075e-07
8.59701e-09
2.47582e-07
-5.61529e-08
2.28048e-07
-9.76831e-08
1.72016e-07
-1.17899e-07
1.01094e-07
-1.1668e-07
2.51788e-08
-9.25054e-08
-4.99504e-08
-4.67354e-08
-1.19704e-07
1.43163e-08
-1.71712e-07
8.57035e-08
-2.0328e-07
1.60658e-07
-2.12774e-07
2.34105e-07
-2.05681e-07
3.02606e-07
-1.88809e-07
3.64357e-07
-1.67385e-07
4.18724e-07
-1.45048e-07
4.6582e-07
-1.2407e-07
5.06165e-07
-1.05511e-07
5.40678e-07
-9.02825e-08
5.69997e-07
-7.72457e-08
5.95985e-07
-6.93799e-08
6.17289e-07
-5.12164e-08
-6.65497e-08
2.59707e-07
-5.43219e-08
2.35052e-07
5.11399e-08
1.80675e-07
1.78038e-07
1.11673e-07
2.78077e-07
4.89739e-08
3.10281e-07
1.44062e-09
2.75581e-07
-3.17184e-08
2.05175e-07
-4.93533e-08
1.18729e-07
-4.77211e-08
2.35467e-08
-2.42205e-08
-7.34511e-08
1.72045e-08
-1.61129e-07
7.4882e-08
-2.2939e-07
1.41645e-07
-2.70042e-07
2.11983e-07
-2.83112e-07
2.81472e-07
-2.7517e-07
3.47109e-07
-2.54446e-07
4.0738e-07
-2.27656e-07
4.618e-07
-1.99468e-07
5.10474e-07
-1.72743e-07
5.53753e-07
-1.4879e-07
5.92276e-07
-1.28806e-07
6.26357e-07
-1.11327e-07
6.57676e-07
-1.00699e-07
6.85582e-07
-7.91221e-08
-8.63615e-08
2.75016e-07
-4.01915e-08
2.51788e-07
7.43676e-08
2.10392e-07
2.19434e-07
1.60879e-07
3.2759e-07
1.15093e-07
3.56068e-07
7.63044e-08
3.14369e-07
4.61837e-08
2.35296e-07
2.88891e-08
1.36023e-07
2.89111e-08
2.35246e-08
4.87101e-08
-9.325e-08
8.706e-08
-1.99479e-07
1.39115e-07
-2.81445e-07
1.99567e-07
-3.30494e-07
2.63523e-07
-3.47068e-07
3.26985e-07
-3.38633e-07
3.87278e-07
-3.14739e-07
4.43085e-07
-2.83462e-07
4.94039e-07
-2.50422e-07
5.40323e-07
-2.19027e-07
5.82352e-07
-1.90819e-07
6.20795e-07
-1.67248e-07
6.56154e-07
-1.46687e-07
6.89673e-07
-1.34219e-07
7.23396e-07
-1.12845e-07
-1.11318e-07
3.13584e-07
-8.24701e-09
2.90212e-07
9.7739e-08
2.61694e-07
2.47952e-07
2.27757e-07
3.61526e-07
1.92496e-07
3.91329e-07
1.5867e-07
3.48195e-07
1.30652e-07
2.63314e-07
1.13604e-07
1.53071e-07
1.12149e-07
2.498e-08
1.28287e-07
-1.09388e-07
1.60883e-07
-2.32075e-07
2.06034e-07
-3.26595e-07
2.59069e-07
-3.83529e-07
3.15595e-07
-4.03594e-07
3.72057e-07
-3.95094e-07
4.2607e-07
-3.68752e-07
4.76439e-07
-3.33832e-07
5.22812e-07
-2.96795e-07
5.65324e-07
-2.6154e-07
6.04352e-07
-2.29847e-07
6.40492e-07
-2.03388e-07
6.74515e-07
-1.8071e-07
7.07007e-07
-1.6671e-07
7.42267e-07
-1.48104e-07
-1.39262e-07
3.77331e-07
4.59303e-08
3.46961e-07
1.28108e-07
3.26278e-07
2.68635e-07
3.03666e-07
3.84139e-07
2.75937e-07
4.19058e-07
2.45913e-07
3.7822e-07
2.19695e-07
2.89531e-07
2.02793e-07
1.69973e-07
1.99256e-07
2.85168e-08
2.10919e-07
-1.21051e-07
2.37011e-07
-2.58167e-07
2.7442e-07
-3.64005e-07
3.19196e-07
-4.28305e-07
3.67562e-07
-4.5196e-07
4.16432e-07
-4.43964e-07
4.63706e-07
-4.16027e-07
5.08279e-07
-3.78404e-07
5.49763e-07
-3.38279e-07
5.88191e-07
-2.99968e-07
6.23837e-07
-2.65493e-07
6.5714e-07
-2.36692e-07
6.89026e-07
-2.12595e-07
7.19605e-07
-1.9729e-07
7.53725e-07
-1.82224e-07
-1.67767e-07
4.63428e-07
1.20889e-07
4.19052e-07
1.72485e-07
3.98449e-07
2.89238e-07
3.82919e-07
3.99669e-07
3.61555e-07
4.40422e-07
3.35311e-07
4.04464e-07
3.10761e-07
3.14081e-07
2.93698e-07
1.87035e-07
2.87796e-07
3.44193e-08
2.94691e-07
-1.27945e-07
3.13844e-07
-2.7732e-07
3.42951e-07
-3.93112e-07
3.78922e-07
-4.64276e-07
4.18686e-07
-4.91723e-07
4.59651e-07
-4.8493e-07
4.99984e-07
-4.5636e-07
5.38644e-07
-4.17064e-07
5.75178e-07
-3.74813e-07
6.0949e-07
-3.3428e-07
6.41727e-07
-2.9773e-07
6.72163e-07
-2.67127e-07
7.01736e-07
-2.42168e-07
7.30408e-07
-2.25962e-07
7.62678e-07
-2.14495e-07
-1.95684e-07
5.66769e-07
2.10685e-07
5.04874e-07
2.3438e-07
4.76044e-07
3.18068e-07
4.62373e-07
4.1334e-07
4.46256e-07
4.56538e-07
4.24197e-07
4.26524e-07
4.01594e-07
3.36684e-07
3.84309e-07
2.0432e-07
3.75855e-07
4.2873e-08
3.77782e-07
-1.29872e-07
3.89756e-07
-2.89294e-07
4.10298e-07
-4.13654e-07
4.37252e-07
-4.91231e-07
4.68293e-07
-5.22764e-07
5.01314e-07
-5.17951e-07
5.34725e-07
-4.8977e-07
5.6753e-07
-4.49869e-07
5.99195e-07
-4.06478e-07
6.29476e-07
-3.64561e-07
6.58378e-07
-3.26631e-07
6.86028e-07
-2.94777e-07
7.13293e-07
-2.69433e-07
7.40136e-07
-2.52805e-07
7.70531e-07
-2.4489e-07
-2.22662e-07
6.79397e-07
3.06839e-07
6.02144e-07
3.11633e-07
5.59285e-07
3.60927e-07
5.41157e-07
4.31468e-07
5.27801e-07
4.69894e-07
5.09947e-07
4.44378e-07
4.8981e-07
3.56821e-07
4.72548e-07
2.21582e-07
4.61533e-07
5.38883e-08
4.58411e-07
-1.2675e-07
4.63185e-07
-2.94068e-07
4.75233e-07
-4.25702e-07
4.93321e-07
-5.09318e-07
5.15832e-07
-5.45275e-07
5.41115e-07
-5.43234e-07
5.67806e-07
-5.16462e-07
5.94949e-07
-4.77012e-07
6.21918e-07
-4.33447e-07
6.48319e-07
-3.90963e-07
6.74005e-07
-3.52317e-07
6.98978e-07
-3.19751e-07
7.24e-07
-2.94455e-07
7.49077e-07
-2.77881e-07
7.77703e-07
-2.73516e-07
-2.48617e-07
7.91788e-07
4.00659e-07
7.06064e-07
3.97357e-07
6.4843e-07
4.18561e-07
6.2023e-07
4.59668e-07
6.05397e-07
4.84727e-07
5.90477e-07
4.59298e-07
5.73018e-07
3.7428e-07
5.56131e-07
2.38469e-07
5.42888e-07
6.71311e-08
5.34847e-07
-1.18709e-07
5.3274e-07
-2.91961e-07
5.36744e-07
-4.29706e-07
5.4646e-07
-5.19034e-07
5.60904e-07
-5.59719e-07
5.78849e-07
-5.61179e-07
5.99159e-07
-5.36772e-07
6.20922e-07
-4.98775e-07
6.43429e-07
-4.55953e-07
6.66136e-07
-4.1367e-07
6.88747e-07
-3.74928e-07
7.11155e-07
-3.42158e-07
7.34017e-07
-3.17317e-07
7.57386e-07
-3.01249e-07
7.84359e-07
-3.00489e-07
-2.73541e-07
8.94897e-07
4.85014e-07
8.0945e-07
4.82804e-07
7.41557e-07
4.86454e-07
7.00978e-07
5.00247e-07
6.79953e-07
5.05752e-07
6.65021e-07
4.74229e-07
6.49428e-07
3.89873e-07
6.33114e-07
2.54784e-07
6.1798e-07
8.22646e-08
6.05614e-07
-1.06343e-07
5.97353e-07
-2.837e-07
5.94132e-07
-4.26485e-07
5.96245e-07
-5.21147e-07
6.03269e-07
-5.66744e-07
6.14399e-07
-5.72309e-07
6.28748e-07
-5.51121e-07
6.4547e-07
-5.15497e-07
6.6378e-07
-4.74263e-07
6.82997e-07
-4.32887e-07
7.0268e-07
-3.94612e-07
7.22629e-07
-3.62107e-07
7.43413e-07
-3.38101e-07
7.65129e-07
-3.22965e-07
7.90559e-07
-3.2592e-07
-2.97454e-07
9.8196e-07
5.55407e-07
9.04529e-07
5.60234e-07
8.33943e-07
5.57041e-07
7.83237e-07
5.50953e-07
7.532e-07
5.3579e-07
7.34569e-07
4.92859e-07
7.18754e-07
4.05689e-07
7.02465e-07
2.71073e-07
6.85763e-07
9.89659e-08
6.69882e-07
-9.04614e-08
6.56497e-07
-2.70316e-07
6.47087e-07
-4.17074e-07
6.4249e-07
-5.1655e-07
6.42812e-07
-5.67066e-07
6.47698e-07
-5.77195e-07
6.56549e-07
-5.59972e-07
6.68598e-07
-5.27546e-07
6.82994e-07
-4.88659e-07
6.98927e-07
-4.4882e-07
7.1583e-07
-4.11515e-07
7.33421e-07
-3.79697e-07
7.52201e-07
-3.56882e-07
7.72315e-07
-3.43078e-07
7.96305e-07
-3.4991e-07
-3.20388e-07
1.0495e-06
6.10431e-07
9.85034e-07
6.24701e-07
9.19338e-07
6.22737e-07
8.64195e-07
6.06096e-07
8.25858e-07
5.74127e-07
8.01023e-07
5.17694e-07
7.824e-07
4.24312e-07
7.64838e-07
2.88635e-07
7.46484e-07
1.1732e-07
7.27774e-07
-7.17512e-08
7.10264e-07
-2.52806e-07
6.9565e-07
-4.02459e-07
6.85177e-07
-5.06078e-07
6.79484e-07
-5.61372e-07
6.78701e-07
-5.76413e-07
6.82532e-07
-5.63802e-07
6.90293e-07
-5.35307e-07
7.01066e-07
-4.99432e-07
7.13925e-07
-4.61679e-07
7.28191e-07
-4.25781e-07
7.43519e-07
-3.95025e-07
7.60365e-07
-3.73728e-07
7.78926e-07
-3.6164e-07
8.01571e-07
-3.72555e-07
-3.42387e-07
1.09748e-06
6.51568e-07
1.04754e-06
6.74635e-07
9.92066e-07
6.78216e-07
9.39061e-07
6.59101e-07
8.96289e-07
6.16899e-07
8.65366e-07
5.48616e-07
8.42274e-07
4.47404e-07
8.21986e-07
3.08923e-07
8.01481e-07
1.37824e-07
7.80179e-07
-5.04487e-08
7.59164e-07
-2.31791e-07
7.40037e-07
-3.83332e-07
7.24343e-07
-4.90383e-07
7.13243e-07
-5.50272e-07
7.07355e-07
-5.70525e-07
7.06659e-07
-5.63106e-07
7.1053e-07
-5.39178e-07
7.17977e-07
-5.0688e-07
7.2797e-07
-4.71671e-07
7.3974e-07
-4.37552e-07
7.52897e-07
-4.08182e-07
7.67877e-07
-3.88707e-07
7.84936e-07
-3.78699e-07
8.0633e-07
-3.93949e-07
-3.63498e-07
1.12863e-06
6.82325e-07
1.0918e-06
7.11464e-07
1.04867e-06
7.21353e-07
1.00292e-06
7.04846e-07
9.60823e-07
6.58996e-07
9.26413e-07
5.83026e-07
8.99044e-07
4.74774e-07
8.75306e-07
3.3266e-07
8.52068e-07
1.61063e-07
8.28026e-07
-2.64065e-08
8.03674e-07
-2.0744e-07
7.80393e-07
-3.60051e-07
7.5996e-07
-4.6995e-07
7.44015e-07
-5.34327e-07
7.33596e-07
-5.60107e-07
7.28889e-07
-5.58399e-07
7.29282e-07
-5.39571e-07
7.33706e-07
-5.11304e-07
7.4104e-07
-4.79005e-07
7.50452e-07
-4.46964e-07
7.61531e-07
-4.19261e-07
7.74711e-07
-4.01887e-07
7.90322e-07
-3.9431e-07
8.10564e-07
-4.14191e-07
-3.83778e-07
1.14726e-06
7.06979e-07
1.12015e-06
7.38577e-07
1.08851e-06
7.52989e-07
1.05248e-06
7.40878e-07
1.01537e-06
6.96109e-07
9.81174e-07
6.17218e-07
9.51395e-07
5.04553e-07
9.24642e-07
3.59413e-07
8.98527e-07
1.87178e-07
8.71556e-07
5.64844e-10
8.43837e-07
-1.79721e-07
8.16615e-07
-3.32829e-07
7.91891e-07
-4.45226e-07
7.71696e-07
-5.14133e-07
7.57368e-07
-5.45779e-07
7.49195e-07
-5.50226e-07
7.46534e-07
-5.36909e-07
7.48234e-07
-5.13004e-07
7.53114e-07
-4.83885e-07
7.60308e-07
-4.54158e-07
7.69401e-07
-4.28354e-07
7.80852e-07
-4.13337e-07
7.95077e-07
-4.08535e-07
8.14269e-07
-4.33383e-07
-4.03286e-07
1.15788e-06
7.29364e-07
1.13643e-06
7.60028e-07
1.11346e-06
7.75954e-07
1.08691e-06
7.67433e-07
1.05707e-06
7.25944e-07
1.02634e-06
6.47951e-07
9.96733e-07
5.34163e-07
9.68349e-07
3.87797e-07
9.3988e-07
2.15647e-07
9.10126e-07
3.03196e-08
8.79186e-07
-1.48781e-07
8.48373e-07
-3.02017e-07
8.19939e-07
-4.16791e-07
7.962e-07
-4.90393e-07
7.78648e-07
-5.28227e-07
7.67581e-07
-5.39158e-07
7.62289e-07
-5.31617e-07
7.61561e-07
-5.12277e-07
7.64187e-07
-4.86511e-07
7.69298e-07
-4.59268e-07
7.765e-07
-4.35557e-07
7.86297e-07
-4.23134e-07
7.99205e-07
-4.21444e-07
8.17461e-07
-4.51639e-07
-4.22087e-07
1.16412e-06
7.52135e-07
1.14475e-06
7.79404e-07
1.12689e-06
7.93811e-07
1.10768e-06
7.86643e-07
1.08523e-06
7.48395e-07
1.05977e-06
6.73415e-07
1.03257e-06
5.61362e-07
1.00429e-06
4.1607e-07
9.74538e-07
2.45401e-07
9.42645e-07
6.22124e-08
9.09032e-07
-1.15168e-07
8.75295e-07
-2.68279e-07
8.43958e-07
-3.85454e-07
8.17509e-07
-4.63945e-07
7.97473e-07
-5.08191e-07
7.84086e-07
-5.25772e-07
7.76574e-07
-5.24105e-07
7.737e-07
-5.09402e-07
7.74264e-07
-4.87075e-07
7.77426e-07
-4.62431e-07
7.82836e-07
-4.40966e-07
7.91056e-07
-4.31354e-07
8.02725e-07
-4.33113e-07
8.20164e-07
-4.69077e-07
-4.40246e-07
1.16828e-06
7.7662e-07
1.1485e-06
7.99179e-07
1.13252e-06
8.09788e-07
1.11773e-06
8.01437e-07
1.10114e-06
7.64982e-07
1.08113e-06
6.93425e-07
1.05761e-06
5.84888e-07
1.03094e-06
4.4274e-07
1.00116e-06
2.7518e-07
9.68169e-07
9.52013e-08
9.32842e-07
-7.98406e-08
8.97186e-07
-2.32623e-07
8.63963e-07
-3.52231e-07
8.35728e-07
-4.35711e-07
8.13953e-07
-4.86416e-07
7.98793e-07
-5.10612e-07
7.89441e-07
-5.14753e-07
7.84679e-07
-5.0464e-07
7.83366e-07
-4.85762e-07
7.84713e-07
-4.63778e-07
7.88427e-07
-4.44681e-07
7.95153e-07
-4.38081e-07
8.05665e-07
-4.43625e-07
8.2241e-07
-4.85822e-07
-4.57824e-07
1.17131e-06
8.03102e-07
1.1499e-06
8.20584e-07
1.13356e-06
8.26133e-07
1.12044e-06
8.14556e-07
1.10746e-06
7.77961e-07
1.09186e-06
7.09029e-07
1.07217e-06
6.04573e-07
1.04799e-06
4.66921e-07
1.01931e-06
3.03865e-07
9.86405e-07
1.28102e-07
9.50576e-07
-4.4011e-08
9.142e-07
-1.96247e-07
8.8019e-07
-3.18222e-07
8.51082e-07
-4.06603e-07
8.28257e-07
-4.63591e-07
8.11812e-07
-4.94167e-07
8.00955e-07
-5.03896e-07
7.94543e-07
-4.98229e-07
7.91525e-07
-4.82743e-07
7.91187e-07
-4.6344e-07
7.93304e-07
-4.46798e-07
7.98619e-07
-4.43396e-07
8.0806e-07
-4.53066e-07
8.24234e-07
-5.01996e-07
-4.74877e-07
1.17328e-06
8.3123e-07
1.15e-06
8.43869e-07
1.13215e-06
8.4398e-07
1.11877e-06
8.27937e-07
1.10725e-06
7.89476e-07
1.09446e-06
7.21818e-07
1.07798e-06
6.21058e-07
1.05651e-06
4.8839e-07
1.02969e-06
3.30683e-07
9.97937e-07
1.59857e-07
9.62787e-07
-8.86155e-09
9.2685e-07
-1.6031e-07
8.93069e-07
-2.84441e-07
8.63889e-07
-3.77423e-07
8.40595e-07
-4.40297e-07
8.2327e-07
-4.76843e-07
8.11195e-07
-4.91821e-07
8.03346e-07
-4.90379e-07
7.98785e-07
-4.78183e-07
7.96888e-07
-4.61542e-07
7.97504e-07
-4.47414e-07
8.01489e-07
-4.47381e-07
8.09946e-07
-4.61523e-07
8.25667e-07
-5.17717e-07
-4.91448e-07
1.17378e-06
8.60375e-07
1.14897e-06
8.68681e-07
1.12939e-06
8.63554e-07
1.11476e-06
8.4257e-07
1.10318e-06
8.0106e-07
1.09169e-06
7.33308e-07
1.07742e-06
6.35323e-07
1.05842e-06
5.07398e-07
1.03383e-06
3.55268e-07
1.00398e-06
1.89704e-07
9.70452e-07
2.46696e-08
9.35886e-07
-1.25744e-07
9.03137e-07
-2.51691e-07
8.74501e-07
-3.48786e-07
8.51183e-07
-4.16979e-07
8.33297e-07
-4.58958e-07
8.20244e-07
-4.78767e-07
8.11146e-07
-4.81281e-07
8.05198e-07
-4.72235e-07
8.01861e-07
-4.58205e-07
8.01068e-07
-4.46621e-07
8.038e-07
-4.50113e-07
8.11358e-07
-4.69081e-07
8.26735e-07
-5.33094e-07
-5.07563e-07
1.17223e-06
8.8983e-07
1.14653e-06
8.94382e-07
1.12557e-06
8.84511e-07
1.10949e-06
8.5865e-07
1.09706e-06
8.13493e-07
1.08579e-06
7.44573e-07
1.07282e-06
6.48297e-07
1.0558e-06
5.24418e-07
1.03349e-06
3.77575e-07
1.00597e-06
2.17225e-07
9.74672e-07
5.59705e-08
9.42106e-07
-9.31787e-08
9.10929e-07
-2.20514e-07
8.83253e-07
-3.21111e-07
8.60221e-07
-3.93946e-07
8.42016e-07
-4.40753e-07
8.28185e-07
-4.64937e-07
8.1801e-07
-4.71106e-07
8.10818e-07
-4.65042e-07
8.06154e-07
-4.53542e-07
8.04037e-07
-4.44504e-07
8.05588e-07
-4.51664e-07
8.12329e-07
-4.75823e-07
8.27458e-07
-5.48223e-07
-5.2323e-07
1.16808e-06
9.18909e-07
1.14221e-06
9.20254e-07
1.1205e-06
9.06225e-07
1.10329e-06
8.75856e-07
1.08987e-06
8.26919e-07
1.07829e-06
7.56151e-07
1.06596e-06
6.60631e-07
1.05045e-06
5.39922e-07
1.03027e-06
3.97754e-07
1.00522e-06
2.42281e-07
9.76451e-07
8.47355e-08
9.46217e-07
-6.29445e-08
9.16906e-07
-1.91203e-07
8.90428e-07
-2.94633e-07
8.6788e-07
-3.71398e-07
8.49537e-07
-4.2241e-07
8.351e-07
-4.50499e-07
8.24005e-07
-4.60011e-07
8.15702e-07
-4.56738e-07
8.09816e-07
-4.47656e-07
8.06451e-07
-4.41139e-07
8.06885e-07
-4.52097e-07
8.12887e-07
-4.81825e-07
8.27842e-07
-5.63177e-07
-5.38428e-07
1.1609e-06
9.46974e-07
1.13556e-06
9.45593e-07
1.1138e-06
9.27986e-07
1.09605e-06
8.93607e-07
1.08192e-06
8.41052e-07
1.06995e-06
7.68113e-07
1.05795e-06
6.72635e-07
1.04362e-06
5.54248e-07
1.02536e-06
4.16014e-07
1.00272e-06
2.6492e-07
9.76561e-07
1.10898e-07
9.48758e-07
-3.51408e-08
9.21416e-07
-1.63862e-07
8.96244e-07
-2.69461e-07
8.74303e-07
-3.49456e-07
8.55962e-07
-4.04069e-07
8.41068e-07
-4.35605e-07
8.29197e-07
-4.4814e-07
8.19905e-07
-4.47447e-07
8.12892e-07
-4.40643e-07
8.08346e-07
-4.36593e-07
8.0772e-07
-4.51471e-07
8.13053e-07
-4.87158e-07
8.27881e-07
-5.78005e-07
-5.53109e-07
1.15026e-06
9.73431e-07
1.12613e-06
9.69725e-07
1.10503e-06
9.4908e-07
1.08742e-06
9.1122e-07
1.0731e-06
8.55373e-07
1.061e-06
7.80208e-07
1.04932e-06
6.84315e-07
1.03602e-06
5.67551e-07
1.0195e-06
4.32531e-07
9.99155e-07
2.85269e-07
9.75519e-07
1.34534e-07
9.501e-07
-9.72198e-09
9.24706e-07
-1.38467e-07
9.00862e-07
-2.45618e-07
8.79604e-07
-3.28198e-07
8.61386e-07
-3.85851e-07
8.46171e-07
-4.2039e-07
8.33653e-07
-4.35622e-07
8.23484e-07
-4.37278e-07
8.15424e-07
-4.32582e-07
8.09755e-07
-4.30925e-07
8.0812e-07
-4.49837e-07
8.12838e-07
-4.91876e-07
8.27562e-07
-5.92728e-07
-5.67171e-07
1.02326e-06
9.95423e-07
1.00307e-06
9.89919e-07
9.85182e-07
9.66963e-07
9.69982e-07
9.26419e-07
9.57405e-07
8.6795e-07
9.46736e-07
7.90877e-07
9.36651e-07
6.944e-07
9.25553e-07
5.78649e-07
9.12087e-07
4.45996e-07
8.95602e-07
3.01754e-07
8.76351e-07
1.53785e-07
8.55396e-07
1.12332e-08
8.34136e-07
-1.17207e-07
8.1381e-07
-2.25292e-07
7.95319e-07
-3.09707e-07
7.79119e-07
-3.6965e-07
7.65256e-07
-4.06527e-07
7.53537e-07
-4.23903e-07
7.43716e-07
-4.27457e-07
7.35631e-07
-4.24498e-07
7.29603e-07
-4.24897e-07
7.27331e-07
-4.47564e-07
7.30962e-07
-4.95507e-07
7.44326e-07
-6.06093e-07
-5.78867e-07
1.00902e-06
1.01527e-06
9.9072e-07
1.00822e-06
9.74358e-07
9.83325e-07
9.60263e-07
9.40514e-07
9.48431e-07
8.79783e-07
9.38323e-07
8.00985e-07
9.28858e-07
7.03865e-07
9.18661e-07
5.88847e-07
9.06487e-07
4.5817e-07
8.91641e-07
3.16599e-07
8.74203e-07
1.71222e-07
8.54982e-07
3.04544e-08
8.35178e-07
-9.74028e-08
8.1592e-07
-2.06034e-07
7.98075e-07
-2.91862e-07
7.82127e-07
-3.53703e-07
7.68182e-07
-3.92581e-07
7.56108e-07
-4.11829e-07
7.45717e-07
-4.17066e-07
7.36887e-07
-4.15669e-07
7.30022e-07
-4.18032e-07
7.26989e-07
-4.4453e-07
7.30172e-07
-4.9869e-07
7.4336e-07
-6.19281e-07
-5.89851e-07
9.91843e-07
1.03261e-06
9.75857e-07
1.0242e-06
9.61459e-07
9.97722e-07
9.48917e-07
9.53057e-07
9.3826e-07
8.9044e-07
9.2908e-07
8.10165e-07
9.20497e-07
7.12447e-07
9.11338e-07
5.98006e-07
9.00479e-07
4.69029e-07
8.87217e-07
3.29862e-07
8.71499e-07
1.86941e-07
8.5393e-07
4.80233e-08
8.35537e-07
-7.90103e-08
8.17348e-07
-1.87845e-07
8.0019e-07
-2.74704e-07
7.84559e-07
-3.38072e-07
7.706e-07
-3.78622e-07
7.58236e-07
-3.99466e-07
7.4733e-07
-4.0616e-07
7.37796e-07
-4.06135e-07
7.30124e-07
-4.10359e-07
7.26347e-07
-4.40754e-07
7.29086e-07
-5.01429e-07
7.4198e-07
-6.32174e-07
-5.99974e-07
9.71702e-07
1.04705e-06
9.58419e-07
1.03748e-06
9.46399e-07
1.00974e-06
9.35832e-07
9.63624e-07
9.26756e-07
8.99516e-07
9.18861e-07
8.1806e-07
9.11436e-07
7.19872e-07
9.03483e-07
6.05958e-07
8.93999e-07
4.78513e-07
8.82299e-07
3.41562e-07
8.68239e-07
2.01001e-07
8.52265e-07
6.3997e-08
8.35253e-07
-6.19982e-08
8.18139e-07
-1.7073e-07
8.01704e-07
-2.58269e-07
7.86444e-07
-3.22812e-07
7.72531e-07
-3.6471e-07
7.59936e-07
-3.8687e-07
7.48564e-07
-3.94788e-07
7.38364e-07
-3.95935e-07
7.29911e-07
-4.01906e-07
7.25402e-07
-4.36245e-07
7.27671e-07
-5.03698e-07
7.40116e-07
-6.4462e-07
-6.09038e-07
9.48566e-07
1.05824e-06
9.38363e-07
1.04769e-06
9.29111e-07
1.01899e-06
9.20917e-07
9.71817e-07
9.13807e-07
9.06626e-07
9.07544e-07
8.24323e-07
9.01552e-07
7.25865e-07
8.9499e-07
6.12521e-07
8.86971e-07
4.86532e-07
8.76846e-07
3.51687e-07
8.64416e-07
2.13431e-07
8.50004e-07
7.84083e-08
8.34357e-07
-4.63512e-08
8.18329e-07
-1.54702e-07
8.02651e-07
-2.42591e-07
7.87808e-07
-3.07968e-07
7.73993e-07
-3.50895e-07
7.61217e-07
-3.74095e-07
7.49426e-07
-3.82997e-07
7.38597e-07
-3.85107e-07
7.29387e-07
-3.92696e-07
7.24145e-07
-4.31002e-07
7.25887e-07
-5.0544e-07
7.37678e-07
-6.56411e-07
-6.16812e-07
9.22434e-07
1.06577e-06
9.15669e-07
1.05445e-06
9.09553e-07
1.02511e-06
9.04108e-07
9.77262e-07
8.9933e-07
9.11404e-07
8.9503e-07
8.28623e-07
8.90745e-07
7.3015e-07
8.85768e-07
6.17497e-07
8.79327e-07
4.92973e-07
8.70819e-07
3.60195e-07
8.60017e-07
2.24233e-07
8.47156e-07
9.12692e-08
8.32873e-07
-3.20683e-08
8.17944e-07
-1.39774e-07
8.03051e-07
-2.27697e-07
7.88662e-07
-2.9358e-07
7.74989e-07
-3.37221e-07
7.6208e-07
-3.61186e-07
7.49917e-07
-3.70834e-07
7.38497e-07
-3.73687e-07
7.28552e-07
-3.82751e-07
7.22558e-07
-4.25008e-07
7.23682e-07
-5.06564e-07
7.34557e-07
-6.67287e-07
-6.23041e-07
8.93333e-07
1.06929e-06
8.90349e-07
1.05744e-06
8.87712e-07
1.02775e-06
8.85364e-07
9.7961e-07
8.83262e-07
9.13506e-07
8.81244e-07
8.30641e-07
8.78935e-07
7.3246e-07
8.75746e-07
6.20685e-07
8.71011e-07
4.97708e-07
8.64185e-07
3.67022e-07
8.55033e-07
2.33384e-07
8.43729e-07
1.02574e-07
8.30816e-07
-1.91553e-08
8.17e-07
-1.25958e-07
8.02914e-07
-2.13611e-07
7.89011e-07
-2.79677e-07
7.75518e-07
-3.23729e-07
7.62523e-07
-3.48191e-07
7.50036e-07
-3.58346e-07
7.38064e-07
-3.61715e-07
7.27399e-07
-3.72086e-07
7.20616e-07
-4.18225e-07
7.2099e-07
-5.06938e-07
7.30638e-07
-6.76934e-07
-6.27451e-07
8.6133e-07
1.06843e-06
8.62446e-07
1.05632e-06
8.636e-07
1.02659e-06
8.6467e-07
9.78541e-07
8.65564e-07
9.12612e-07
8.66129e-07
8.30075e-07
8.66057e-07
7.32532e-07
8.64863e-07
6.2188e-07
8.61975e-07
5.00596e-07
8.56913e-07
3.72084e-07
8.49451e-07
2.40846e-07
8.3972e-07
1.12306e-07
8.28186e-07
-7.62216e-09
8.15494e-07
-1.13265e-07
8.02234e-07
-2.00351e-07
7.88844e-07
-2.66287e-07
7.75571e-07
-3.10455e-07
7.6254e-07
-3.3516e-07
7.49782e-07
-3.45588e-07
7.37299e-07
-3.49232e-07
7.2592e-07
-3.60707e-07
7.18282e-07
-4.10586e-07
7.17731e-07
-5.06388e-07
7.25792e-07
-6.84995e-07
-6.29757e-07
8.2653e-07
1.06287e-06
8.32036e-07
1.05082e-06
8.37261e-07
1.02137e-06
8.42033e-07
9.73769e-07
8.46213e-07
9.08432e-07
8.49643e-07
8.26645e-07
8.52061e-07
7.30114e-07
8.53064e-07
6.20877e-07
8.52172e-07
5.01488e-07
8.48968e-07
3.75288e-07
8.43248e-07
2.46566e-07
8.35113e-07
1.20441e-07
8.24973e-07
2.51831e-09
8.13415e-07
-1.01708e-07
8.00998e-07
-1.87934e-07
7.88148e-07
-2.53437e-07
7.75135e-07
-2.97442e-07
7.62123e-07
-3.22149e-07
7.49154e-07
-3.32619e-07
7.36199e-07
-3.36278e-07
7.24095e-07
-3.48603e-07
7.15505e-07
-4.01996e-07
7.1381e-07
-5.04692e-07
7.1989e-07
-6.91075e-07
-6.29673e-07
7.89086e-07
1.05233e-06
7.99231e-07
1.04067e-06
8.08768e-07
1.01183e-06
8.1749e-07
9.65048e-07
8.25211e-07
9.0071e-07
8.3176e-07
8.20096e-07
8.36903e-07
7.24971e-07
8.40303e-07
6.17477e-07
8.41557e-07
5.00234e-07
8.40313e-07
3.76533e-07
8.36393e-07
2.50486e-07
8.29884e-07
1.26949e-07
8.21152e-07
1.12507e-08
8.10741e-07
-9.12968e-08
7.99182e-07
-1.76375e-07
7.869e-07
-2.41155e-07
7.74194e-07
-2.84736e-07
7.61267e-07
-3.09222e-07
7.4815e-07
-3.19501e-07
7.34755e-07
-3.22883e-07
7.21894e-07
-3.35742e-07
7.1222e-07
-3.92322e-07
7.09119e-07
-5.01592e-07
7.12801e-07
-6.94758e-07
-6.26924e-07
7.49194e-07
1.0366e-06
7.6418e-07
1.02569e-06
7.78226e-07
9.97783e-07
7.91102e-07
9.52172e-07
8.02583e-07
8.89229e-07
8.12474e-07
8.10205e-07
8.20555e-07
7.1689e-07
8.26537e-07
6.11495e-07
8.30084e-07
4.96687e-07
8.30901e-07
3.75715e-07
8.28844e-07
2.52543e-07
8.23996e-07
1.31797e-07
8.1669e-07
1.85568e-08
8.07439e-07
-8.20464e-08
7.96758e-07
-1.65693e-07
7.85077e-07
-2.29475e-07
7.72736e-07
-2.72395e-07
7.5997e-07
-2.96456e-07
7.4677e-07
-3.06301e-07
7.32952e-07
-3.09065e-07
7.19269e-07
-3.2206e-07
7.0834e-07
-3.81392e-07
7.03542e-07
-4.96794e-07
7.044e-07
-6.95615e-07
-6.21254e-07
7.07096e-07
1.01555e-06
7.27066e-07
1.00572e-06
7.45771e-07
9.79078e-07
7.62961e-07
9.34981e-07
7.78377e-07
8.73813e-07
7.91796e-07
7.96786e-07
8.03001e-07
7.05685e-07
8.11733e-07
6.02763e-07
8.1771e-07
4.9071e-07
8.20689e-07
3.72736e-07
8.20558e-07
2.52674e-07
8.17406e-07
1.34949e-07
8.11548e-07
2.4415e-08
8.03475e-07
-7.39742e-08
7.93695e-07
-1.55913e-07
7.82659e-07
-2.18438e-07
7.70753e-07
-2.60489e-07
7.58233e-07
-2.83936e-07
7.45009e-07
-2.93078e-07
7.30755e-07
-2.94811e-07
7.16146e-07
-3.07451e-07
7.03759e-07
-3.69004e-07
6.96957e-07
-4.89993e-07
6.9457e-07
-6.93228e-07
-6.12432e-07
6.63073e-07
9.89103e-07
6.88108e-07
9.80681e-07
7.11567e-07
9.55619e-07
7.33184e-07
9.13364e-07
7.52667e-07
8.54331e-07
7.69763e-07
7.79689e-07
7.84245e-07
6.91203e-07
7.95873e-07
5.91135e-07
8.04402e-07
4.82181e-07
8.09636e-07
3.67503e-07
8.11492e-07
2.50818e-07
8.10073e-07
1.36368e-07
8.05688e-07
2.88003e-08
7.98816e-07
-6.71026e-08
7.89968e-07
-1.47065e-07
7.79631e-07
-2.08102e-07
7.68248e-07
-2.49105e-07
7.56062e-07
-2.7175e-07
7.42848e-07
-2.79864e-07
7.28101e-07
-2.80063e-07
7.12417e-07
-2.91767e-07
6.98351e-07
-3.54938e-07
6.89241e-07
-4.80883e-07
6.83214e-07
-6.87201e-07
-6.00265e-07
6.17445e-07
9.57301e-07
6.47556e-07
9.5057e-07
6.75809e-07
9.27366e-07
7.01916e-07
8.87257e-07
7.25551e-07
8.30696e-07
7.46432e-07
7.58809e-07
7.64311e-07
6.73325e-07
7.78952e-07
5.76493e-07
7.90139e-07
4.70994e-07
7.97708e-07
3.59934e-07
8.01609e-07
2.46917e-07
8.01961e-07
1.36016e-07
7.99077e-07
3.16846e-08
7.93432e-07
-6.14579e-08
7.85557e-07
-1.3919e-07
7.75994e-07
-1.98539e-07
7.65232e-07
-2.38343e-07
7.53455e-07
-2.59972e-07
7.40237e-07
-2.66647e-07
7.24877e-07
-2.64703e-07
7.07929e-07
-2.7482e-07
6.91968e-07
-3.38977e-07
6.80278e-07
-4.69193e-07
6.70253e-07
-6.77176e-07
-5.84593e-07
5.70556e-07
9.20245e-07
6.05688e-07
9.15438e-07
6.38716e-07
8.94338e-07
6.69325e-07
8.56649e-07
6.97154e-07
8.02866e-07
7.21885e-07
7.34078e-07
7.43243e-07
6.51966e-07
7.60988e-07
5.58749e-07
7.74914e-07
4.57068e-07
7.84887e-07
3.49961e-07
7.90883e-07
2.4092e-07
7.93044e-07
1.33855e-07
7.91691e-07
3.30382e-08
7.87305e-07
-5.7072e-08
7.80458e-07
-1.32343e-07
7.71763e-07
-1.89844e-07
7.61724e-07
-2.28304e-07
7.50383e-07
-2.48632e-07
7.37067e-07
-2.5333e-07
7.209e-07
-2.48536e-07
7.02482e-07
-2.56402e-07
6.84452e-07
-3.20947e-07
6.69968e-07
-4.54709e-07
6.55631e-07
-6.62839e-07
-5.65298e-07
5.22777e-07
8.78122e-07
5.62804e-07
8.75411e-07
6.00529e-07
8.56612e-07
6.35601e-07
8.21577e-07
6.6762e-07
7.70848e-07
6.96225e-07
7.05472e-07
7.2111e-07
6.27081e-07
7.42015e-07
5.37844e-07
7.58741e-07
4.40343e-07
7.7117e-07
3.37532e-07
7.79304e-07
2.32786e-07
7.83309e-07
1.29851e-07
7.83515e-07
3.28319e-08
7.80429e-07
-5.39855e-08
7.74688e-07
-1.26603e-07
7.66972e-07
-1.82127e-07
7.57723e-07
-2.19055e-07
7.46756e-07
-2.37665e-07
7.33131e-07
-2.39705e-07
7.15897e-07
-2.31302e-07
6.95823e-07
-2.36328e-07
6.75643e-07
-3.00767e-07
6.58231e-07
-4.37296e-07
6.39319e-07
-6.43927e-07
-5.42301e-07
4.74488e-07
8.31186e-07
5.19219e-07
8.30679e-07
5.61508e-07
8.14323e-07
6.00956e-07
7.82128e-07
6.37115e-07
7.34689e-07
6.6958e-07
6.73008e-07
6.98001e-07
5.9866e-07
7.22094e-07
5.13751e-07
7.41653e-07
4.20784e-07
7.56574e-07
3.22611e-07
7.66881e-07
2.22479e-07
7.72757e-07
1.23974e-07
7.74553e-07
3.1036e-08
7.72823e-07
-5.22557e-08
7.68294e-07
-1.22074e-07
7.61655e-07
-1.75488e-07
7.53175e-07
-2.10575e-07
7.42367e-07
-2.26857e-07
7.28091e-07
-2.25429e-07
7.09494e-07
-2.12705e-07
6.87667e-07
-2.14501e-07
6.65396e-07
-2.78497e-07
6.45017e-07
-4.16917e-07
6.2131e-07
-6.20221e-07
-5.15558e-07
4.26075e-07
7.79758e-07
4.75262e-07
7.81493e-07
5.21929e-07
7.67657e-07
5.65618e-07
7.38439e-07
6.05826e-07
6.9448e-07
6.42095e-07
6.36739e-07
6.74027e-07
5.66728e-07
7.01305e-07
4.86473e-07
7.23708e-07
3.9838e-07
7.4114e-07
3.0518e-07
7.5364e-07
2.09978e-07
7.6141e-07
1.16205e-07
7.64831e-07
2.76152e-08
7.64542e-07
-5.19668e-08
7.61342e-07
-1.18873e-07
7.55811e-07
-1.69958e-07
7.47903e-07
-2.02667e-07
7.36831e-07
-2.15785e-07
7.21441e-07
-2.10039e-07
7.01223e-07
-1.92487e-07
6.77715e-07
-1.90992e-07
6.53599e-07
-2.54381e-07
6.30302e-07
-3.93619e-07
6.01614e-07
-5.91533e-07
-4.8507e-07
3.77926e-07
7.24211e-07
4.31267e-07
7.28153e-07
4.82075e-07
7.16848e-07
5.29828e-07
6.90687e-07
5.73955e-07
6.50353e-07
6.13937e-07
5.96757e-07
6.49322e-07
5.31343e-07
6.7975e-07
4.56044e-07
7.04984e-07
3.73146e-07
7.24928e-07
2.85236e-07
7.39631e-07
1.95276e-07
7.49308e-07
1.06527e-07
7.54408e-07
2.25154e-08
7.55675e-07
-5.32343e-08
7.53886e-07
-1.17084e-07
7.49319e-07
-1.65391e-07
7.41517e-07
-1.94865e-07
7.2954e-07
-2.03807e-07
7.12523e-07
-1.93022e-07
6.90568e-07
-1.70533e-07
6.65702e-07
-1.66126e-07
6.40186e-07
-2.28866e-07
6.14079e-07
-3.67512e-07
5.80247e-07
-5.57701e-07
-4.50881e-07
3.30419e-07
6.6496e-07
3.87567e-07
6.71005e-07
4.42241e-07
6.62174e-07
4.93839e-07
6.39089e-07
5.41719e-07
6.02474e-07
5.85289e-07
5.53187e-07
6.24036e-07
4.92596e-07
6.57555e-07
4.22525e-07
6.85586e-07
3.45116e-07
7.08025e-07
2.62797e-07
7.24921e-07
1.78379e-07
7.36525e-07
9.49234e-08
7.43394e-07
1.56472e-08
7.46333e-07
-5.61737e-08
7.45885e-07
-1.16636e-07
7.41822e-07
-1.61328e-07
7.33335e-07
-1.86378e-07
7.19655e-07
-1.90127e-07
7.00581e-07
-1.73948e-07
6.77038e-07
-1.4699e-07
6.51441e-07
-1.40529e-07
6.25133e-07
-2.02558e-07
5.96335e-07
-3.38713e-07
5.57218e-07
-5.18584e-07
-4.13098e-07
2.83923e-07
6.02456e-07
3.44497e-07
6.10431e-07
4.02724e-07
6.03946e-07
4.57918e-07
5.83895e-07
5.0935e-07
5.51041e-07
5.56353e-07
5.06184e-07
5.98344e-07
4.50604e-07
6.3487e-07
3.86e-07
6.6564e-07
3.14346e-07
6.90536e-07
2.37901e-07
7.09611e-07
1.59304e-07
7.2319e-07
8.13444e-08
7.31945e-07
6.89171e-09
7.3656e-07
-6.07884e-08
7.3704e-07
-1.17115e-07
7.32584e-07
-1.56872e-07
7.22344e-07
-1.76138e-07
7.06179e-07
-1.73962e-07
6.84874e-07
-1.52643e-07
6.60259e-07
-1.22375e-07
6.34845e-07
-1.15115e-07
6.08424e-07
-1.76137e-07
5.76999e-07
-3.07288e-07
5.32506e-07
-4.74091e-07
-3.71924e-07
2.38794e-07
5.37177e-07
3.02384e-07
5.46841e-07
3.63826e-07
5.42505e-07
4.22336e-07
5.25385e-07
4.77095e-07
4.96282e-07
5.2735e-07
4.55929e-07
5.72444e-07
4.05511e-07
6.11868e-07
3.46576e-07
6.45298e-07
2.80916e-07
6.72596e-07
2.10603e-07
6.93849e-07
1.3805e-07
7.09495e-07
6.56991e-08
7.20188e-07
-3.80209e-09
7.26127e-07
-6.67274e-08
7.26558e-07
-1.17546e-07
7.20371e-07
-1.50685e-07
7.07236e-07
-1.63004e-07
6.88074e-07
-1.54799e-07
6.64796e-07
-1.29365e-07
6.40024e-07
-9.76034e-08
6.15889e-07
-9.09799e-08
5.89953e-07
-1.50201e-07
5.55875e-07
-2.73209e-07
5.0603e-07
-4.24246e-07
-3.27702e-07
1.95381e-07
4.69623e-07
2.61558e-07
4.80663e-07
3.25853e-07
4.7821e-07
3.87381e-07
4.63857e-07
4.4522e-07
4.38443e-07
4.98524e-07
4.02625e-07
5.46557e-07
3.57478e-07
5.8875e-07
3.04383e-07
6.24739e-07
2.44926e-07
6.54392e-07
1.8095e-07
6.77868e-07
1.14574e-07
6.95635e-07
4.79319e-08
7.07956e-07
-1.6123e-08
7.14151e-07
-7.29222e-08
7.12875e-07
-1.1627e-07
7.03391e-07
-1.41201e-07
6.86502e-07
-1.46115e-07
6.64376e-07
-1.32673e-07
6.3993e-07
-1.04919e-07
6.16247e-07
-7.39208e-08
5.94448e-07
-6.91809e-08
5.69342e-07
-1.25095e-07
5.32533e-07
-2.36399e-07
4.77619e-07
-3.69332e-07
-2.80988e-07
1.54032e-07
4.00314e-07
2.22351e-07
4.12344e-07
2.89125e-07
4.11436e-07
3.53357e-07
3.99625e-07
4.14014e-07
3.77786e-07
4.70147e-07
3.46492e-07
5.20934e-07
3.06691e-07
5.65746e-07
2.59571e-07
6.04204e-07
2.06468e-07
6.36206e-07
1.48948e-07
6.61912e-07
8.88676e-08
6.81453e-07
2.83919e-08
6.94165e-07
-2.88358e-08
6.98521e-07
-7.72782e-08
6.93396e-07
-1.11144e-07
6.79298e-07
-1.27103e-07
6.58482e-07
-1.25299e-07
6.34173e-07
-1.08364e-07
6.09894e-07
-8.06402e-08
5.88665e-07
-5.26922e-08
5.6992e-07
-5.04361e-08
5.45653e-07
-1.00827e-07
5.06182e-07
-1.96929e-07
4.46961e-07
-3.10111e-07
-2.32634e-07
1.15114e-07
3.29798e-07
1.85113e-07
3.42345e-07
2.53982e-07
3.42567e-07
3.20595e-07
3.33012e-07
3.83793e-07
3.14588e-07
4.4252e-07
2.87765e-07
4.95871e-07
2.5334e-07
5.43175e-07
2.12267e-07
5.84042e-07
1.65601e-07
6.1828e-07
1.1471e-07
6.4566e-07
6.14876e-08
6.65361e-07
8.69088e-09
6.75711e-07
-3.91863e-08
6.75291e-07
-7.68582e-08
6.64382e-07
-1.00235e-07
6.4523e-07
-1.07951e-07
6.21296e-07
-1.01365e-07
5.96323e-07
-8.33908e-08
5.73862e-07
-5.81799e-08
5.56196e-07
-3.5026e-08
5.40633e-07
-3.4873e-08
5.1705e-07
-7.72445e-08
4.75549e-07
-1.55428e-07
4.13531e-07
-2.48093e-07
-1.83862e-07
7.90244e-08
2.58664e-07
1.50223e-07
2.71147e-07
2.20803e-07
2.71987e-07
2.8948e-07
2.64336e-07
3.54958e-07
2.49109e-07
4.16068e-07
2.26655e-07
4.71812e-07
1.97597e-07
5.21412e-07
1.62667e-07
5.64242e-07
1.22771e-07
5.99563e-07
7.93897e-08
6.26178e-07
3.4872e-08
6.42267e-07
-7.39806e-09
6.46319e-07
-4.32376e-08
6.38552e-07
-6.9092e-08
6.2123e-07
-8.29133e-08
5.97949e-07
-8.46691e-08
5.72645e-07
-7.6061e-08
5.48922e-07
-5.96678e-08
5.29736e-07
-3.89939e-08
5.16064e-07
-2.13539e-08
5.03312e-07
-2.21209e-08
4.80653e-07
-5.4586e-08
4.38816e-07
-1.1359e-07
3.76458e-07
-1.85735e-07
-1.36301e-07
4.63656e-08
1.87587e-07
1.18266e-07
1.99246e-07
1.90181e-07
2.00072e-07
2.60588e-07
1.93929e-07
3.27999e-07
1.81698e-07
3.91029e-07
1.63625e-07
4.48395e-07
1.40231e-07
4.98863e-07
1.12198e-07
5.41096e-07
8.05385e-08
5.73472e-07
4.70136e-08
5.94156e-07
1.41876e-08
6.01847e-07
-1.50886e-08
5.96896e-07
-3.82869e-08
5.81558e-07
-5.37542e-08
5.59343e-07
-6.06982e-08
5.3418e-07
-5.95065e-08
5.09701e-07
-5.15816e-08
4.88849e-07
-3.88157e-08
4.73586e-07
-2.37308e-08
4.63607e-07
-1.1375e-08
4.53412e-07
-1.19257e-08
4.32888e-07
-3.40626e-08
3.93632e-07
-7.43347e-08
3.34301e-07
-1.26404e-07
-9.19305e-08
1.70266e-08
1.17667e-07
8.88179e-08
1.27455e-07
1.61172e-07
1.27717e-07
2.3214e-07
1.22962e-07
2.99805e-07
1.14033e-07
3.62276e-07
1.01153e-07
4.17668e-07
8.48389e-08
4.64095e-07
6.5771e-08
4.99762e-07
4.48724e-08
5.23155e-07
2.36199e-08
5.3345e-07
3.89242e-09
5.31289e-07
-1.29272e-08
5.18785e-07
-2.57832e-08
4.98951e-07
-3.39197e-08
4.75256e-07
-3.70028e-08
4.51123e-07
-3.53744e-08
4.29472e-07
-2.99298e-08
4.12447e-07
-2.17916e-08
4.011e-07
-1.2383e-08
3.94372e-07
-4.64754e-09
3.86964e-07
-4.51783e-09
3.70302e-07
-1.74003e-08
3.37112e-07
-4.11444e-08
2.84753e-07
-7.40451e-08
-5.28896e-08
-1.698e-08
5.14849e-08
5.2107e-08
5.83677e-08
1.21181e-07
5.86437e-08
1.87846e-07
5.62964e-08
2.4974e-07
5.21385e-08
3.04675e-07
4.62187e-08
3.50719e-07
3.87951e-08
3.86304e-07
3.01854e-08
4.10468e-07
2.07085e-08
4.23386e-07
1.07019e-08
4.26138e-07
1.14055e-09
4.19825e-07
-6.61443e-09
4.05906e-07
-1.18641e-08
3.86886e-07
-1.48995e-08
3.65658e-07
-1.5775e-08
3.44965e-07
-1.46818e-08
3.27043e-07
-1.20078e-08
3.13502e-07
-8.25011e-09
3.05125e-07
-4.00628e-09
3.01197e-07
-7.19141e-10
2.97578e-07
-8.98905e-10
2.87536e-07
-7.35785e-09
2.64156e-07
-1.77652e-08
2.23137e-07
-3.30261e-08
-2.19189e-08
-6.22571e-08
-3.88939e-09
5.47543e-08
1.11051e-07
1.63189e-07
2.09408e-07
2.48203e-07
2.78388e-07
2.99097e-07
3.09799e-07
3.10939e-07
3.04325e-07
2.92461e-07
2.77561e-07
2.61786e-07
2.47104e-07
2.35097e-07
2.26847e-07
2.2284e-07
2.22121e-07
2.21222e-07
2.13864e-07
1.96099e-07
1.63073e-07
)
;

boundaryField
{
    inlet
    {
        type            calculated;
        value           nonuniform List<scalar> 
30
(
-1.27e-06
-1.27e-06
-1.27e-06
-1.27e-06
-1.27e-06
-1.27e-06
-1.27e-06
-1.27e-06
-1.27e-06
-1.27e-06
-1.27e-06
-1.27e-06
-1.27e-06
-1.27e-06
-1.27e-06
-1.27e-06
-1.27e-06
-1.27e-06
-1.27e-06
-1.27e-06
-1.27e-06
-1.27e-06
-1.27e-06
-1.27e-06
-1.27e-06
-1.27e-06
-1.27e-06
-1.27e-06
-1.27e-06
-1.27e-06
)
;
    }
    outlet
    {
        type            calculated;
        value           nonuniform List<scalar> 
57
(
4.49266e-07
5.18645e-07
6.34106e-07
7.05394e-07
7.48353e-07
7.70211e-07
7.8223e-07
7.90595e-07
7.97509e-07
8.03658e-07
8.09283e-07
8.14472e-07
8.19239e-07
8.2357e-07
8.27442e-07
8.30843e-07
8.33778e-07
8.36262e-07
8.38323e-07
8.39989e-07
8.41287e-07
8.42237e-07
8.4285e-07
8.43124e-07
8.4304e-07
8.42562e-07
8.41624e-07
7.56023e-07
7.54344e-07
7.52103e-07
7.4918e-07
7.45452e-07
7.40787e-07
7.35048e-07
7.28098e-07
7.19807e-07
7.10052e-07
6.98729e-07
6.85749e-07
6.71047e-07
6.54581e-07
6.36336e-07
6.16321e-07
5.94568e-07
5.71125e-07
5.46058e-07
5.19436e-07
4.91331e-07
4.61808e-07
4.30905e-07
3.98607e-07
3.64759e-07
3.28897e-07
2.89931e-07
2.45712e-07
1.92167e-07
1.41154e-07
)
;
    }
    upperWall
    {
        type            calculated;
        value           uniform 0;
    }
    lowerWall
    {
        type            calculated;
        value           uniform 0;
    }
    frontAndBack
    {
        type            empty;
    }
}


// ************************************************************************* //
