/*--------------------------------*- C++ -*----------------------------------*\
| =========                 |                                                 |
| \\      /  F ield         | OpenFOAM: The Open Source CFD Toolbox           |
|  \\    /   O peration     | Version:  2406                                  |
|   \\  /    A nd           | Website:  www.openfoam.com                      |
|    \\/     M anipulation  |                                                 |
\*---------------------------------------------------------------------------*/
FoamFile
{
    version     2.0;
    format      ascii;
    arch        "LSB;label=32;scalar=64";
    class       volScalarField;
    location    "0.33";
    object      nut;
}
// * * * * * * * * * * * * * * * * * * * * * * * * * * * * * * * * * * * * * //

dimensions      [0 2 -1 0 0 0 0];

internalField   nonuniform List<scalar> 
12225
(
7.69986e-05
7.1245e-05
6.74973e-05
6.39931e-05
6.05676e-05
5.73413e-05
5.43334e-05
5.15074e-05
4.88385e-05
4.6317e-05
4.3939e-05
4.16864e-05
3.9545e-05
3.75122e-05
3.55732e-05
3.37663e-05
3.18943e-05
3.01377e-05
2.5106e-06
3.50388e-06
4.38813e-06
5.36737e-06
6.13576e-06
6.68853e-06
7.09799e-06
7.39862e-06
7.60576e-06
7.73703e-06
7.81116e-06
7.84842e-06
7.85793e-06
7.84654e-06
7.82315e-06
7.78368e-06
7.76121e-06
7.66372e-06
1.87866e-07
6.2683e-07
9.30947e-07
9.937e-07
9.20268e-07
7.7201e-07
5.8033e-07
3.67483e-07
1.57007e-07
8.55644e-08
2.84537e-07
4.92098e-07
6.81673e-07
8.52078e-07
1.00428e-06
1.13945e-06
1.25447e-06
1.34586e-06
3.34581e-07
3.58901e-07
4.46539e-07
5.45419e-07
6.15924e-07
6.50957e-07
6.61388e-07
6.56067e-07
6.38958e-07
6.1272e-07
5.80144e-07
5.43697e-07
5.04972e-07
4.6534e-07
4.26604e-07
3.91797e-07
3.64772e-07
3.4866e-07
2.5617e-07
2.66556e-07
2.37688e-07
2.10354e-07
1.86541e-07
1.68335e-07
1.57522e-07
1.52469e-07
1.5057e-07
1.50246e-07
1.50806e-07
1.5204e-07
1.53992e-07
1.56881e-07
1.61113e-07
1.67298e-07
1.75976e-07
1.86721e-07
1.91767e-07
2.00389e-07
1.81893e-07
1.69605e-07
1.6422e-07
1.60044e-07
1.53052e-07
1.42913e-07
1.30403e-07
1.16368e-07
1.01694e-07
8.72537e-08
7.36788e-08
6.12763e-08
5.00682e-08
3.99171e-08
3.08172e-08
2.54148e-08
1.50806e-07
1.6484e-07
1.60291e-07
1.53839e-07
1.48268e-07
1.40329e-07
1.28078e-07
1.12855e-07
9.66155e-08
8.0656e-08
6.57565e-08
5.24059e-08
4.09073e-08
3.14661e-08
2.42884e-08
1.97829e-08
1.91023e-08
2.335e-08
1.22851e-07
1.38097e-07
1.39927e-07
1.35176e-07
1.28834e-07
1.21279e-07
1.11692e-07
1.00624e-07
8.92887e-08
7.85552e-08
6.8887e-08
6.05781e-08
5.38907e-08
4.90399e-08
4.61515e-08
4.53302e-08
4.69934e-08
5.13263e-08
1.02001e-07
1.17202e-07
1.23605e-07
1.22798e-07
1.19162e-07
1.14253e-07
1.07596e-07
9.92625e-08
9.02524e-08
8.1598e-08
7.39784e-08
6.78108e-08
6.33851e-08
6.0872e-08
6.0311e-08
6.16862e-08
6.5204e-08
7.0638e-08
8.54774e-08
1.01039e-07
1.11243e-07
1.14499e-07
1.13646e-07
1.10673e-07
1.05865e-07
9.95195e-08
9.26224e-08
8.62389e-08
8.1041e-08
7.73329e-08
7.52377e-08
7.47889e-08
7.59588e-08
7.87091e-08
8.31625e-08
8.90641e-08
7.17719e-08
8.83296e-08
1.01694e-07
1.08442e-07
1.10234e-07
1.0923e-07
1.06373e-07
1.02198e-07
9.75522e-08
9.33327e-08
9.01089e-08
8.81165e-08
8.74319e-08
8.80792e-08
9.00559e-08
9.33468e-08
9.80379e-08
1.03843e-07
5.99661e-08
7.81731e-08
9.43639e-08
1.04146e-07
1.08483e-07
1.09497e-07
1.08503e-07
1.06224e-07
1.03416e-07
1.00843e-07
9.90248e-08
9.81975e-08
9.84452e-08
9.97987e-08
1.02265e-07
1.05828e-07
1.10533e-07
1.16086e-07
4.94961e-08
7.00756e-08
8.89725e-08
1.01411e-07
1.08056e-07
1.10938e-07
1.11581e-07
1.10879e-07
1.09565e-07
1.08313e-07
1.07598e-07
1.07658e-07
1.08583e-07
1.10407e-07
1.13136e-07
1.1675e-07
1.21269e-07
1.26405e-07
4.00663e-08
6.38452e-08
8.53923e-08
1.00139e-07
1.08779e-07
1.13303e-07
1.15358e-07
1.15969e-07
1.15867e-07
1.15662e-07
1.15789e-07
1.16484e-07
1.17851e-07
1.19927e-07
1.22722e-07
1.26213e-07
1.30408e-07
1.35026e-07
3.16803e-08
5.95359e-08
8.36258e-08
1.0034e-07
1.10632e-07
1.16528e-07
1.19758e-07
1.21424e-07
1.22265e-07
1.22848e-07
1.2358e-07
1.247e-07
1.26321e-07
1.28488e-07
1.31211e-07
1.34465e-07
1.38249e-07
1.42299e-07
2.48453e-08
5.7358e-08
8.37553e-08
1.02083e-07
1.13663e-07
1.20633e-07
1.24781e-07
1.27251e-07
1.28782e-07
1.29917e-07
1.31048e-07
1.32412e-07
1.34129e-07
1.36251e-07
1.38786e-07
1.4171e-07
1.4502e-07
1.48466e-07
2.11466e-08
5.77053e-08
8.59508e-08
1.05485e-07
1.17963e-07
1.25686e-07
1.3049e-07
1.33514e-07
1.35491e-07
1.36957e-07
1.38294e-07
1.39739e-07
1.41414e-07
1.4337e-07
1.45618e-07
1.48133e-07
1.50915e-07
1.5373e-07
2.27424e-08
6.09958e-08
9.04558e-08
1.10713e-07
1.23658e-07
1.318e-07
1.36994e-07
1.40329e-07
1.42513e-07
1.44086e-07
1.45437e-07
1.46802e-07
1.48304e-07
1.49993e-07
1.51879e-07
1.53936e-07
1.56164e-07
1.5834e-07
2.97401e-08
6.74431e-08
9.75049e-08
1.17951e-07
1.30904e-07
1.39125e-07
1.44437e-07
1.47835e-07
1.50004e-07
1.51489e-07
1.52674e-07
1.53794e-07
1.5497e-07
1.56257e-07
1.57674e-07
1.59202e-07
1.60849e-07
1.624e-07
4.07871e-08
7.73699e-08
1.07416e-07
1.27425e-07
1.39928e-07
1.47909e-07
1.53039e-07
1.56194e-07
1.5808e-07
1.59285e-07
1.60193e-07
1.61e-07
1.61797e-07
1.62621e-07
1.63483e-07
1.64363e-07
1.65287e-07
1.66066e-07
5.52784e-08
9.12758e-08
1.20594e-07
1.39374e-07
1.50998e-07
1.58557e-07
1.63305e-07
1.65904e-07
1.67115e-07
1.67632e-07
1.67902e-07
1.68146e-07
1.68456e-07
1.68847e-07
1.69315e-07
1.69814e-07
1.70344e-07
1.7067e-07
7.35566e-08
1.09959e-07
1.37657e-07
1.5416e-07
1.64293e-07
1.71165e-07
1.75494e-07
1.77667e-07
1.78371e-07
1.78231e-07
1.77645e-07
1.76846e-07
1.75966e-07
1.75074e-07
1.74205e-07
1.73386e-07
1.72696e-07
1.71939e-07
9.69039e-08
1.34601e-07
1.59662e-07
1.73306e-07
1.81325e-07
1.86281e-07
1.8872e-07
1.89451e-07
1.89425e-07
1.89193e-07
1.88928e-07
1.8863e-07
1.88245e-07
1.87719e-07
1.86987e-07
1.86033e-07
1.84982e-07
1.8363e-07
1.28046e-07
1.6615e-07
1.86271e-07
1.98403e-07
2.0708e-07
2.11689e-07
2.11556e-07
2.08194e-07
2.03483e-07
1.98626e-07
1.94217e-07
1.9047e-07
1.87371e-07
1.84779e-07
1.8253e-07
1.80494e-07
1.78716e-07
1.77135e-07
1.72998e-07
2.07653e-07
2.13978e-07
2.19301e-07
2.28051e-07
2.37058e-07
2.43017e-07
2.4561e-07
2.45556e-07
2.43581e-07
2.40332e-07
2.36343e-07
2.31916e-07
2.27117e-07
2.2193e-07
2.16433e-07
2.10907e-07
2.05217e-07
2.4221e-07
2.81124e-07
2.75063e-07
2.61791e-07
2.48538e-07
2.3886e-07
2.34491e-07
2.34453e-07
2.36902e-07
2.40611e-07
2.44893e-07
2.49299e-07
2.53374e-07
2.56603e-07
2.58395e-07
2.5869e-07
2.58056e-07
2.5762e-07
3.24876e-07
3.81109e-07
4.83947e-07
5.86255e-07
6.56859e-07
6.90768e-07
6.9938e-07
6.92397e-07
6.74714e-07
6.49559e-07
6.19836e-07
5.87993e-07
5.55432e-07
5.2266e-07
4.88825e-07
4.53671e-07
4.1477e-07
3.80943e-07
1.90622e-07
6.36727e-07
9.36656e-07
9.98488e-07
9.29474e-07
7.91223e-07
6.15445e-07
4.26104e-07
2.50727e-07
1.56672e-07
2.41426e-07
3.92328e-07
5.37528e-07
6.63688e-07
7.70534e-07
8.57862e-07
9.37413e-07
9.99415e-07
2.50947e-06
3.49518e-06
4.35132e-06
5.29118e-06
6.01396e-06
6.51586e-06
6.86967e-06
7.11043e-06
7.25381e-06
7.31775e-06
7.32073e-06
7.27982e-06
7.20682e-06
7.10887e-06
6.98643e-06
6.85548e-06
6.67487e-06
6.56477e-06
7.69869e-05
7.12521e-05
6.75388e-05
6.40882e-05
6.07331e-05
5.75909e-05
5.46793e-05
5.19606e-05
4.94094e-05
4.70146e-05
4.47696e-05
4.26619e-05
4.06753e-05
3.87968e-05
3.70269e-05
3.53222e-05
3.38164e-05
3.23524e-05
1.64981e-06
1.05082e-06
3.7329e-06
7.85919e-06
1.15558e-05
1.44965e-05
1.66095e-05
1.78221e-05
1.797e-05
1.68436e-05
1.46241e-05
1.18768e-05
9.3019e-06
7.45479e-06
6.49748e-06
6.40623e-06
7.15649e-06
7.83619e-06
7.26988e-06
4.96329e-06
3.76537e-06
8.04038e-06
1.46916e-05
2.16893e-05
2.82588e-05
3.40714e-05
3.89281e-05
4.27915e-05
4.57197e-05
4.78108e-05
4.91503e-05
4.98239e-05
4.99025e-05
4.95144e-05
4.87455e-05
4.75982e-05
4.61071e-05
4.43122e-05
4.2258e-05
3.99915e-05
3.75418e-05
3.49383e-05
3.22022e-05
2.93475e-05
2.63836e-05
2.33193e-05
2.01665e-05
1.695e-05
1.37288e-05
1.06182e-05
7.88543e-06
6.26617e-06
6.64765e-06
8.60104e-06
1.10032e-05
1.31878e-05
1.4807e-05
1.57136e-05
1.59504e-05
1.5689e-05
1.51209e-05
1.44496e-05
1.38695e-05
1.35509e-05
1.36003e-05
1.39746e-05
1.4417e-05
1.45133e-05
1.36255e-05
1.13334e-05
8.27147e-06
6.9817e-06
9.43166e-06
1.36474e-05
1.78595e-05
2.15925e-05
2.46532e-05
2.70438e-05
2.88264e-05
3.00765e-05
3.08651e-05
3.12573e-05
3.12983e-05
3.10558e-05
3.05655e-05
2.98242e-05
2.88495e-05
2.76554e-05
2.62557e-05
2.46646e-05
2.28974e-05
2.09715e-05
1.89079e-05
1.6732e-05
1.44748e-05
1.21746e-05
9.87922e-06
7.65854e-06
5.64552e-06
4.14764e-06
3.74319e-06
4.6529e-06
6.25389e-06
8.07483e-06
9.93253e-06
1.1758e-05
1.35223e-05
1.52125e-05
1.6823e-05
1.8352e-05
1.97989e-05
2.11638e-05
2.24467e-05
2.36467e-05
2.47622e-05
2.57895e-05
2.67242e-05
2.75625e-05
2.83037e-05
2.89444e-05
2.94736e-05
2.98467e-05
3.00315e-05
3.00301e-05
2.98371e-05
2.94425e-05
2.88405e-05
2.8031e-05
2.70207e-05
2.58243e-05
2.44647e-05
2.29721e-05
2.13832e-05
1.97385e-05
1.80798e-05
1.64466e-05
1.48738e-05
1.33895e-05
1.20139e-05
1.07578e-05
9.6211e-06
8.59042e-06
7.63905e-06
6.73198e-06
5.82994e-06
4.90486e-06
3.94847e-06
3.00585e-06
2.19998e-06
1.78523e-06
2.02481e-06
2.6786e-06
3.41133e-06
4.07349e-06
4.60593e-06
4.9844e-06
5.20184e-06
5.27228e-06
5.21199e-06
5.01752e-06
4.70842e-06
4.30724e-06
3.83542e-06
3.31306e-06
2.76137e-06
2.20272e-06
1.66342e-06
1.18642e-06
8.66937e-07
8.56014e-07
1.12344e-06
1.49764e-06
1.89088e-06
2.27075e-06
2.62721e-06
2.94982e-06
3.2546e-06
3.46974e-06
3.86031e-06
3.68353e-06
8.71371e-07
2.49325e-06
6.20445e-06
8.36212e-06
8.80857e-06
8.04398e-06
6.79223e-06
5.74209e-06
5.39617e-06
5.75867e-06
6.26968e-06
6.2891e-06
5.57274e-06
4.33216e-06
2.96518e-06
1.96539e-06
1.18315e-06
1.77896e-06
6.33494e-06
1.25248e-05
1.77934e-05
2.0817e-05
2.17499e-05
2.08479e-05
1.87342e-05
1.60151e-05
1.32008e-05
1.06284e-05
8.47007e-06
6.76723e-06
5.50327e-06
4.63237e-06
4.1088e-06
3.86733e-06
3.81807e-06
3.92433e-06
4.11694e-06
4.345e-06
4.57927e-06
4.8009e-06
5.00552e-06
5.19547e-06
5.3773e-06
5.55906e-06
5.74831e-06
5.95026e-06
6.16655e-06
6.39624e-06
6.6315e-06
6.85685e-06
7.0542e-06
7.18388e-06
7.20674e-06
6.98509e-06
6.43318e-06
5.50906e-06
4.3708e-06
3.6074e-06
3.85022e-06
4.59043e-06
5.14469e-06
5.30247e-06
5.08946e-06
4.66401e-06
4.20556e-06
3.72985e-06
2.98272e-06
2.49984e-06
5.09246e-06
9.81093e-06
1.38208e-05
1.54346e-05
1.4927e-05
1.31882e-05
1.09094e-05
8.54812e-06
6.38613e-06
4.5545e-06
3.07635e-06
1.91969e-06
1.04051e-06
4.55743e-07
5.39935e-07
1.03554e-06
1.53456e-06
1.99469e-06
2.41829e-06
2.81075e-06
3.17565e-06
3.51447e-06
3.82671e-06
4.11e-06
4.36069e-06
4.57502e-06
4.7502e-06
4.88593e-06
4.98398e-06
5.04558e-06
5.06654e-06
5.05117e-06
5.02774e-06
4.98877e-06
4.93659e-06
4.88061e-06
4.82594e-06
4.77656e-06
4.73588e-06
4.70634e-06
4.68952e-06
4.68633e-06
4.6972e-06
4.72226e-06
4.7615e-06
4.81506e-06
4.88342e-06
4.96758e-06
5.06832e-06
5.18723e-06
5.33041e-06
5.50795e-06
5.7256e-06
6.02274e-06
6.41468e-06
6.89662e-06
7.45946e-06
8.09375e-06
8.78119e-06
9.49514e-06
1.02019e-05
1.08622e-05
1.14341e-05
1.18773e-05
1.21572e-05
1.22487e-05
1.21388e-05
1.18284e-05
1.13316e-05
1.06753e-05
9.89694e-06
9.04241e-06
8.16233e-06
7.30771e-06
6.52399e-06
5.84661e-06
5.29553e-06
4.86968e-06
4.54905e-06
4.29951e-06
4.10084e-06
3.91647e-06
3.73393e-06
3.58697e-06
3.48405e-06
3.42872e-06
3.42e-06
3.44987e-06
3.50877e-06
3.58548e-06
3.66892e-06
3.76443e-06
3.86003e-06
3.95161e-06
4.03587e-06
4.11081e-06
4.17654e-06
4.23334e-06
4.28217e-06
4.32485e-06
4.36317e-06
4.39838e-06
4.43184e-06
4.4644e-06
4.49695e-06
4.52978e-06
4.56291e-06
4.59449e-06
4.63091e-06
4.64629e-06
4.7291e-06
4.65347e-06
7.50112e-07
5.94861e-06
8.4408e-06
8.82986e-06
8.01401e-06
6.59322e-06
5.04883e-06
3.86677e-06
3.32692e-06
3.42713e-06
3.83954e-06
4.17328e-06
4.12694e-06
3.58936e-06
2.67729e-06
2.50624e-06
4.94242e-06
1.01812e-05
1.55166e-05
1.84867e-05
1.86303e-05
1.67678e-05
1.38259e-05
1.06424e-05
7.81591e-06
5.61193e-06
4.03205e-06
2.92668e-06
2.10966e-06
1.44343e-06
9.00558e-07
6.908e-07
9.9201e-07
1.50282e-06
2.05157e-06
2.56493e-06
3.01872e-06
3.40658e-06
3.73045e-06
3.99529e-06
4.20928e-06
4.38539e-06
4.53931e-06
4.6874e-06
4.84396e-06
5.01856e-06
5.21461e-06
5.42995e-06
5.65656e-06
5.88573e-06
6.11511e-06
6.31104e-06
6.4733e-06
6.5627e-06
6.52368e-06
6.30457e-06
5.77459e-06
4.7841e-06
3.3689e-06
1.90165e-06
1.14873e-06
1.44594e-06
1.76236e-06
1.79343e-06
1.68581e-06
1.92368e-06
3.6e-06
7.14992e-06
1.14891e-05
1.4023e-05
1.3447e-05
1.09986e-05
8.11265e-06
5.51387e-06
3.59975e-06
2.53343e-06
2.22717e-06
2.32671e-06
2.51851e-06
2.69053e-06
2.83776e-06
2.98114e-06
3.1364e-06
3.32513e-06
3.51477e-06
3.70025e-06
3.87976e-06
4.05583e-06
4.23066e-06
4.40492e-06
4.57712e-06
4.74328e-06
4.89698e-06
5.03089e-06
5.13728e-06
5.21121e-06
5.24529e-06
5.23246e-06
5.17576e-06
5.08648e-06
4.9828e-06
4.85491e-06
4.70815e-06
4.55205e-06
4.39281e-06
4.23485e-06
4.08172e-06
3.93604e-06
3.79959e-06
3.67348e-06
3.55827e-06
3.45416e-06
3.36126e-06
3.27969e-06
3.20968e-06
3.15175e-06
3.10751e-06
3.08004e-06
3.07532e-06
3.10157e-06
3.15705e-06
3.21218e-06
3.26912e-06
3.34527e-06
3.46084e-06
3.63496e-06
3.88846e-06
4.23842e-06
4.69524e-06
5.25953e-06
5.91891e-06
6.64681e-06
7.40383e-06
8.14163e-06
8.80839e-06
9.35491e-06
9.74026e-06
9.93656e-06
9.93241e-06
9.7344e-06
9.3668e-06
8.86954e-06
8.29473e-06
7.70143e-06
7.14722e-06
6.6748e-06
6.30304e-06
6.02584e-06
5.82443e-06
5.67969e-06
5.56268e-06
5.46317e-06
5.37192e-06
5.28682e-06
5.20906e-06
5.14026e-06
5.08146e-06
5.03732e-06
5.00435e-06
4.97905e-06
4.95805e-06
4.93551e-06
4.90961e-06
4.87852e-06
4.84235e-06
4.80227e-06
4.7598e-06
4.71635e-06
4.67376e-06
4.63331e-06
4.59605e-06
4.56293e-06
4.53472e-06
4.51195e-06
4.49531e-06
4.4839e-06
4.48241e-06
4.47406e-06
4.52349e-06
4.45129e-06
3.22885e-06
8.93036e-06
9.31579e-06
7.68133e-06
5.73564e-06
3.95213e-06
2.46812e-06
1.40587e-06
1.4015e-06
2.36198e-06
3.38051e-06
4.20641e-06
4.72614e-06
4.76463e-06
4.71514e-06
6.74314e-06
1.19532e-05
1.6388e-05
1.73648e-05
1.57805e-05
1.28287e-05
9.58498e-06
6.81446e-06
4.85743e-06
3.66078e-06
2.95336e-06
2.44072e-06
1.92938e-06
1.34882e-06
7.08055e-07
1.6796e-07
6.96515e-07
1.33075e-06
1.91972e-06
2.4555e-06
2.93372e-06
3.34628e-06
3.68848e-06
3.95899e-06
4.1598e-06
4.29727e-06
4.38332e-06
4.43496e-06
4.47248e-06
4.51614e-06
4.58218e-06
4.67969e-06
4.80897e-06
4.96237e-06
5.1309e-06
5.31025e-06
5.4922e-06
5.63878e-06
5.78407e-06
5.82896e-06
5.74678e-06
5.51763e-06
5.08126e-06
4.34714e-06
3.26183e-06
2.01859e-06
1.00138e-06
7.8413e-07
1.25492e-06
2.19025e-06
4.12426e-06
7.33639e-06
1.09982e-05
1.26904e-05
1.12937e-05
8.43859e-06
5.69829e-06
3.72374e-06
2.72889e-06
2.51633e-06
2.6429e-06
2.81846e-06
2.96923e-06
3.10509e-06
3.24641e-06
3.3977e-06
3.55172e-06
3.7008e-06
3.83849e-06
3.96708e-06
4.08978e-06
4.20853e-06
4.32694e-06
4.44882e-06
4.57666e-06
4.71075e-06
4.84795e-06
4.98125e-06
5.1024e-06
5.20081e-06
5.26503e-06
5.28203e-06
5.25296e-06
5.18666e-06
5.09166e-06
4.96639e-06
4.81523e-06
4.64602e-06
4.46685e-06
4.28402e-06
4.10232e-06
3.92545e-06
3.7561e-06
3.59599e-06
3.44605e-06
3.3065e-06
3.17703e-06
3.05709e-06
2.94601e-06
2.84313e-06
2.74783e-06
2.66026e-06
2.58242e-06
2.51715e-06
2.46386e-06
2.41886e-06
2.38279e-06
2.35871e-06
2.34624e-06
2.34762e-06
2.36545e-06
2.40477e-06
2.47541e-06
2.59229e-06
2.77496e-06
3.04559e-06
3.42448e-06
3.92355e-06
4.53995e-06
5.2524e-06
6.02228e-06
6.7988e-06
7.52662e-06
8.15387e-06
8.63873e-06
8.95351e-06
9.08631e-06
9.04136e-06
8.8394e-06
8.51761e-06
8.12531e-06
7.71393e-06
7.32441e-06
6.97958e-06
6.68664e-06
6.44014e-06
6.23514e-06
6.06e-06
5.9055e-06
5.7687e-06
5.64672e-06
5.53883e-06
5.44077e-06
5.35178e-06
5.26739e-06
5.18622e-06
5.10389e-06
5.01814e-06
4.92805e-06
4.83339e-06
4.73499e-06
4.63425e-06
4.53309e-06
4.4336e-06
4.33774e-06
4.24729e-06
4.16375e-06
4.08827e-06
4.02164e-06
3.96463e-06
3.91689e-06
3.88166e-06
3.84854e-06
3.86028e-06
3.79259e-06
6.65039e-06
1.06324e-05
8.2692e-06
5.11799e-06
2.80076e-06
1.3133e-06
4.24293e-07
3.0526e-07
1.04558e-06
2.24344e-06
3.54762e-06
4.67865e-06
5.43799e-06
5.8112e-06
7.26149e-06
1.20179e-05
1.6367e-05
1.64651e-05
1.39099e-05
1.05109e-05
7.35754e-06
5.06093e-06
3.7205e-06
3.07008e-06
2.73147e-06
2.42068e-06
2.01624e-06
1.51327e-06
9.61397e-07
4.89973e-07
5.89924e-07
1.11489e-06
1.6925e-06
2.25101e-06
2.76799e-06
3.23128e-06
3.63054e-06
3.95748e-06
4.20639e-06
4.37515e-06
4.46691e-06
4.49159e-06
4.4662e-06
4.4132e-06
4.35679e-06
4.31803e-06
4.31071e-06
4.33887e-06
4.39836e-06
4.48491e-06
4.59957e-06
4.74313e-06
4.90322e-06
5.09399e-06
5.25408e-06
5.26906e-06
5.10767e-06
4.74196e-06
4.16513e-06
3.38602e-06
2.44611e-06
1.56608e-06
1.11805e-06
1.65333e-06
3.39656e-06
6.25513e-06
9.57911e-06
1.13629e-05
1.01623e-05
7.33237e-06
4.75387e-06
3.09698e-06
2.4247e-06
2.37165e-06
2.52324e-06
2.69963e-06
2.87302e-06
3.05497e-06
3.24679e-06
3.44333e-06
3.6336e-06
3.80549e-06
3.95572e-06
4.08646e-06
4.20085e-06
4.30239e-06
4.39491e-06
4.48363e-06
4.57448e-06
4.67272e-06
4.78116e-06
4.89783e-06
5.0158e-06
5.12546e-06
5.20974e-06
5.25366e-06
5.25358e-06
5.21283e-06
5.13519e-06
5.02049e-06
4.87517e-06
4.70666e-06
4.52255e-06
4.33027e-06
4.13619e-06
3.94537e-06
3.76175e-06
3.58816e-06
3.42636e-06
3.2771e-06
3.14032e-06
3.01531e-06
2.90097e-06
2.79605e-06
2.69935e-06
2.60997e-06
2.52762e-06
2.45261e-06
2.38525e-06
2.32512e-06
2.2718e-06
2.22647e-06
2.19004e-06
2.16225e-06
2.14074e-06
2.1244e-06
2.11255e-06
2.10504e-06
2.10385e-06
2.11468e-06
2.1489e-06
2.22447e-06
2.36542e-06
2.59901e-06
2.94998e-06
3.43224e-06
4.04164e-06
4.75337e-06
5.5251e-06
6.30381e-06
7.03349e-06
7.66203e-06
8.14672e-06
8.45864e-06
8.58685e-06
8.54173e-06
8.3547e-06
8.07178e-06
7.74176e-06
7.40525e-06
7.08896e-06
6.80694e-06
6.56118e-06
6.34657e-06
6.1576e-06
5.98721e-06
5.83083e-06
5.68385e-06
5.54361e-06
5.40531e-06
5.26679e-06
5.12595e-06
4.98119e-06
4.83221e-06
4.67973e-06
4.5252e-06
4.37048e-06
4.21766e-06
4.06887e-06
3.92609e-06
3.79108e-06
3.66528e-06
3.54983e-06
3.44552e-06
3.35308e-06
3.2724e-06
3.20575e-06
3.14625e-06
3.12264e-06
3.04773e-06
1.0709e-05
1.08054e-05
5.86084e-06
2.27627e-06
5.63135e-07
3.48703e-07
6.91347e-07
8.77201e-07
1.26177e-06
2.25763e-06
3.5321e-06
4.67241e-06
5.51343e-06
6.73599e-06
1.07413e-05
1.54677e-05
1.58749e-05
1.29771e-05
9.37171e-06
6.30227e-06
4.26892e-06
3.22478e-06
2.79647e-06
2.58305e-06
2.34263e-06
2.00274e-06
1.58376e-06
1.13498e-06
7.4051e-07
6.35935e-07
9.59162e-07
1.45265e-06
1.98509e-06
2.51288e-06
3.01181e-06
3.46522e-06
3.85904e-06
4.18101e-06
4.4207e-06
4.57085e-06
4.63016e-06
4.60605e-06
4.51636e-06
4.388e-06
4.25197e-06
4.13547e-06
4.055e-06
4.01267e-06
3.99844e-06
4.00172e-06
4.02581e-06
4.08474e-06
4.20122e-06
4.38829e-06
4.65807e-06
4.85451e-06
4.87614e-06
4.64626e-06
4.15016e-06
3.42988e-06
2.55047e-06
1.52636e-06
5.64464e-07
1.88668e-06
4.48345e-06
7.54397e-06
9.81576e-06
9.56203e-06
7.14088e-06
4.57472e-06
2.90585e-06
2.2092e-06
2.1255e-06
2.2669e-06
2.4566e-06
2.66279e-06
2.88726e-06
3.12299e-06
3.3524e-06
3.56349e-06
3.75443e-06
3.92552e-06
4.06583e-06
4.18471e-06
4.28661e-06
4.37286e-06
4.44794e-06
4.51673e-06
4.5849e-06
4.65953e-06
4.74867e-06
4.85479e-06
4.96675e-06
5.06699e-06
5.14138e-06
5.17694e-06
5.17192e-06
5.12172e-06
5.0268e-06
4.89325e-06
4.72932e-06
4.54377e-06
4.34505e-06
4.14096e-06
3.93817e-06
3.74207e-06
3.55679e-06
3.3852e-06
3.22883e-06
3.08802e-06
2.96202e-06
2.84935e-06
2.74809e-06
2.65632e-06
2.57226e-06
2.4946e-06
2.42256e-06
2.35608e-06
2.2954e-06
2.24048e-06
2.1909e-06
2.14646e-06
2.10731e-06
2.07395e-06
2.04711e-06
2.02658e-06
2.0115e-06
2.00058e-06
1.99161e-06
1.98253e-06
1.97227e-06
1.96293e-06
1.96211e-06
1.98475e-06
2.05334e-06
2.19597e-06
2.44186e-06
2.81387e-06
3.31951e-06
3.94488e-06
4.65497e-06
5.39923e-06
6.11979e-06
6.75988e-06
7.27175e-06
7.62372e-06
7.8056e-06
7.83018e-06
7.72885e-06
7.54203e-06
7.30891e-06
7.06024e-06
6.81513e-06
6.58236e-06
6.36435e-06
6.15979e-06
5.96513e-06
5.77543e-06
5.5878e-06
5.40345e-06
5.21783e-06
5.02952e-06
4.83832e-06
4.64465e-06
4.4495e-06
4.25449e-06
4.06155e-06
3.87273e-06
3.69001e-06
3.51521e-06
3.34989e-06
3.19529e-06
3.05239e-06
2.92182e-06
2.80412e-06
2.69919e-06
2.60859e-06
2.52736e-06
2.47581e-06
2.38978e-06
1.4507e-05
9.41153e-06
3.0436e-06
2.93391e-07
3.38235e-07
4.75447e-07
5.15988e-07
5.70777e-07
9.95935e-07
1.91421e-06
2.97104e-06
4.02519e-06
5.33914e-06
8.66046e-06
1.35745e-05
1.50677e-05
1.25229e-05
8.88531e-06
5.84695e-06
3.90831e-06
2.9603e-06
2.59189e-06
2.4074e-06
2.19647e-06
1.91483e-06
1.589e-06
1.25339e-06
9.47909e-07
7.66733e-07
8.62349e-07
1.21075e-06
1.67577e-06
2.18249e-06
2.69364e-06
3.18452e-06
3.63754e-06
4.03705e-06
4.36789e-06
4.6149e-06
4.7645e-06
4.80851e-06
4.74881e-06
4.6014e-06
4.39737e-06
4.17861e-06
3.98633e-06
3.84768e-06
3.7663e-06
3.72122e-06
3.68108e-06
3.63393e-06
3.59148e-06
3.59604e-06
3.70036e-06
3.96665e-06
4.31516e-06
4.58579e-06
4.62216e-06
4.32942e-06
3.69931e-06
2.75378e-06
1.46595e-06
3.78907e-07
2.61232e-06
5.3489e-06
7.82677e-06
8.73337e-06
7.35238e-06
4.90523e-06
3.02763e-06
2.11149e-06
1.89431e-06
1.99244e-06
2.1842e-06
2.40536e-06
2.64861e-06
2.90173e-06
3.14656e-06
3.37395e-06
3.57615e-06
3.74459e-06
3.9017e-06
4.03598e-06
4.14485e-06
4.23802e-06
4.31305e-06
4.37642e-06
4.43465e-06
4.49641e-06
4.56938e-06
4.65495e-06
4.75345e-06
4.85939e-06
4.95394e-06
5.02238e-06
5.0538e-06
5.03742e-06
4.97074e-06
4.85746e-06
4.70528e-06
4.52401e-06
4.32367e-06
4.11362e-06
3.90209e-06
3.69604e-06
3.50106e-06
3.3213e-06
3.15936e-06
3.01619e-06
2.89115e-06
2.78233e-06
2.68705e-06
2.60236e-06
2.52554e-06
2.45443e-06
2.38756e-06
2.32422e-06
2.26434e-06
2.20814e-06
2.15581e-06
2.10755e-06
2.06376e-06
2.02498e-06
1.99163e-06
1.96407e-06
1.94246e-06
1.92636e-06
1.91529e-06
1.90823e-06
1.90391e-06
1.90017e-06
1.89417e-06
1.88321e-06
1.86666e-06
1.84889e-06
1.84186e-06
1.86598e-06
1.9482e-06
2.11765e-06
2.39878e-06
2.80269e-06
3.32019e-06
3.92091e-06
4.55866e-06
5.18015e-06
5.7344e-06
6.18145e-06
6.49863e-06
6.68285e-06
6.74786e-06
6.71774e-06
6.61951e-06
6.47708e-06
6.30852e-06
6.1259e-06
5.93658e-06
5.74496e-06
5.55357e-06
5.35696e-06
5.15356e-06
4.94935e-06
4.74248e-06
4.53279e-06
4.3215e-06
4.11027e-06
3.90077e-06
3.69486e-06
3.49442e-06
3.30123e-06
3.11685e-06
2.94258e-06
2.77944e-06
2.62815e-06
2.48916e-06
2.36282e-06
2.24889e-06
2.14852e-06
2.05747e-06
1.9921e-06
1.89933e-06
1.75444e-05
6.9742e-06
7.74831e-07
4.47195e-07
5.96315e-07
5.82461e-07
6.26076e-07
7.0625e-07
9.20442e-07
1.3346e-06
2.06692e-06
3.40957e-06
6.33615e-06
1.1015e-05
1.35949e-05
1.20464e-05
8.64975e-06
5.62524e-06
3.69116e-06
2.74569e-06
2.37683e-06
2.19692e-06
2.01293e-06
1.79468e-06
1.56787e-06
1.34838e-06
1.14186e-06
9.78883e-07
9.41604e-07
1.11212e-06
1.45901e-06
1.90311e-06
2.37952e-06
2.86249e-06
3.33119e-06
3.77144e-06
4.16951e-06
4.50933e-06
4.77131e-06
4.93421e-06
4.98085e-06
4.90501e-06
4.7173e-06
4.44801e-06
4.14597e-06
3.86799e-06
3.66121e-06
3.54476e-06
3.4971e-06
3.46297e-06
3.40069e-06
3.29659e-06
3.18277e-06
3.13308e-06
3.24889e-06
3.58851e-06
4.01873e-06
4.32514e-06
4.28835e-06
3.78539e-06
2.80731e-06
1.47785e-06
1.28949e-06
3.36948e-06
5.71692e-06
7.34092e-06
7.30403e-06
5.58188e-06
3.50963e-06
2.24083e-06
1.76942e-06
1.75943e-06
1.92484e-06
2.14062e-06
2.37773e-06
2.6267e-06
2.87115e-06
3.09091e-06
3.28437e-06
3.46221e-06
3.62117e-06
3.75509e-06
3.87973e-06
3.98584e-06
4.08452e-06
4.17556e-06
4.24658e-06
4.3077e-06
4.36682e-06
4.43566e-06
4.51994e-06
4.615e-06
4.713e-06
4.80178e-06
4.86301e-06
4.88131e-06
4.84833e-06
4.7629e-06
4.63035e-06
4.46022e-06
4.26377e-06
4.05217e-06
3.83543e-06
3.62215e-06
3.41943e-06
3.23286e-06
3.06633e-06
2.92172e-06
2.79875e-06
2.69519e-06
2.6074e-06
2.53123e-06
2.46276e-06
2.39887e-06
2.33753e-06
2.27774e-06
2.21938e-06
2.1629e-06
2.10899e-06
2.05833e-06
2.01142e-06
1.96871e-06
1.93056e-06
1.89722e-06
1.86891e-06
1.84587e-06
1.82815e-06
1.81534e-06
1.80699e-06
1.80258e-06
1.80163e-06
1.8028e-06
1.80375e-06
1.80079e-06
1.78959e-06
1.7673e-06
1.73586e-06
1.70506e-06
1.69335e-06
1.72532e-06
1.82689e-06
2.01934e-06
2.31257e-06
2.69949e-06
3.15516e-06
3.64175e-06
4.11698e-06
4.54268e-06
4.89141e-06
5.14944e-06
5.31596e-06
5.39965e-06
5.41415e-06
5.37423e-06
5.29356e-06
5.18319e-06
5.05111e-06
4.9047e-06
4.75241e-06
4.58911e-06
4.41137e-06
4.22693e-06
4.03791e-06
3.8453e-06
3.65121e-06
3.45791e-06
3.2674e-06
3.08158e-06
2.90218e-06
2.73072e-06
2.5684e-06
2.41614e-06
2.27459e-06
2.14411e-06
2.02495e-06
1.9168e-06
1.82065e-06
1.7324e-06
1.66688e-06
1.57571e-06
1.96896e-05
4.26945e-06
2.91402e-07
9.15259e-07
9.87554e-07
1.19907e-06
1.40992e-06
1.51117e-06
1.47396e-06
1.33405e-06
1.92076e-06
4.37024e-06
8.42014e-06
1.14849e-05
1.11558e-05
8.39145e-06
5.44833e-06
3.47073e-06
2.48808e-06
2.10895e-06
1.94641e-06
1.80723e-06
1.66465e-06
1.53997e-06
1.43277e-06
1.32764e-06
1.22962e-06
1.1889e-06
1.27685e-06
1.51743e-06
1.86391e-06
2.273e-06
2.69569e-06
3.11705e-06
3.52745e-06
3.92037e-06
4.2891e-06
4.62116e-06
4.8943e-06
5.07736e-06
5.13955e-06
5.06248e-06
4.85035e-06
4.53189e-06
4.15922e-06
3.7983e-06
3.51304e-06
3.3454e-06
3.29148e-06
3.28598e-06
3.25998e-06
3.16771e-06
2.99907e-06
2.80406e-06
2.7055e-06
2.85107e-06
3.24385e-06
3.70894e-06
3.93625e-06
3.66188e-06
2.83094e-06
1.79944e-06
2.08831e-06
3.86667e-06
5.67744e-06
6.60177e-06
6.07493e-06
4.41315e-06
2.76067e-06
1.89512e-06
1.65706e-06
1.73366e-06
1.91681e-06
2.1291e-06
2.35474e-06
2.58174e-06
2.79592e-06
2.98668e-06
3.15631e-06
3.31403e-06
3.47857e-06
3.62231e-06
3.74582e-06
3.85198e-06
3.94e-06
4.02984e-06
4.10793e-06
4.17203e-06
4.23036e-06
4.2906e-06
4.36259e-06
4.44864e-06
4.53895e-06
4.61643e-06
4.66209e-06
4.66141e-06
4.60723e-06
4.50044e-06
4.34833e-06
4.16208e-06
3.95416e-06
3.73646e-06
3.51932e-06
3.31137e-06
3.11964e-06
2.94941e-06
2.80382e-06
2.68334e-06
2.58567e-06
2.50628e-06
2.43954e-06
2.38006e-06
2.32364e-06
2.26775e-06
2.2115e-06
2.15519e-06
2.09982e-06
2.04661e-06
1.9966e-06
1.95044e-06
1.90838e-06
1.87044e-06
1.83648e-06
1.80628e-06
1.7797e-06
1.75671e-06
1.73737e-06
1.72164e-06
1.70942e-06
1.70019e-06
1.69449e-06
1.69217e-06
1.69274e-06
1.69481e-06
1.69538e-06
1.68958e-06
1.67155e-06
1.63681e-06
1.58585e-06
1.52698e-06
1.4766e-06
1.45614e-06
1.48727e-06
1.58735e-06
1.76494e-06
2.01565e-06
2.32143e-06
2.65476e-06
2.98578e-06
3.28859e-06
3.54505e-06
3.74573e-06
3.88877e-06
3.97768e-06
4.01898e-06
4.02039e-06
3.9892e-06
3.93092e-06
3.85117e-06
3.76108e-06
3.65796e-06
3.53687e-06
3.40254e-06
3.25976e-06
3.11086e-06
2.95851e-06
2.80537e-06
2.65375e-06
2.50562e-06
2.36269e-06
2.22635e-06
2.09768e-06
1.97745e-06
1.8661e-06
1.76396e-06
1.67077e-06
1.58751e-06
1.51018e-06
1.45285e-06
1.36991e-06
2.09614e-05
1.97157e-06
1.15356e-06
1.19869e-06
1.28523e-06
1.55048e-06
1.80412e-06
2.0032e-06
2.00892e-06
2.07859e-06
3.46145e-06
6.39949e-06
9.19042e-06
9.74875e-06
7.89801e-06
5.24657e-06
3.22201e-06
2.17094e-06
1.78198e-06
1.66148e-06
1.59551e-06
1.54536e-06
1.52459e-06
1.52109e-06
1.50802e-06
1.48249e-06
1.48453e-06
1.5766e-06
1.78826e-06
2.09167e-06
2.43095e-06
2.78167e-06
3.13277e-06
3.47333e-06
3.80039e-06
4.1137e-06
4.41696e-06
4.70939e-06
4.97511e-06
5.177e-06
5.2671e-06
5.20625e-06
4.98503e-06
4.62927e-06
4.1979e-06
3.76712e-06
3.41187e-06
3.18954e-06
3.11796e-06
3.13912e-06
3.16655e-06
3.1285e-06
2.97699e-06
2.73654e-06
2.49337e-06
2.38294e-06
2.53714e-06
2.96222e-06
3.39175e-06
3.45364e-06
3.00882e-06
2.46671e-06
2.88631e-06
4.25134e-06
5.54712e-06
5.99585e-06
5.26677e-06
3.78915e-06
2.4867e-06
1.85353e-06
1.70281e-06
1.78788e-06
1.95234e-06
2.14019e-06
2.34124e-06
2.54366e-06
2.73213e-06
2.90127e-06
3.05769e-06
3.21078e-06
3.36536e-06
3.51105e-06
3.63424e-06
3.74183e-06
3.83002e-06
3.90211e-06
3.96719e-06
4.02011e-06
4.06852e-06
4.12246e-06
4.18887e-06
4.26572e-06
4.34173e-06
4.39969e-06
4.42179e-06
4.39549e-06
4.31612e-06
4.18682e-06
4.0167e-06
3.8182e-06
3.60444e-06
3.38743e-06
3.17736e-06
2.98256e-06
2.80966e-06
2.66325e-06
2.54504e-06
2.45319e-06
2.38254e-06
2.32592e-06
2.27617e-06
2.22778e-06
2.17781e-06
2.12582e-06
2.07315e-06
2.02198e-06
1.9744e-06
1.93186e-06
1.89494e-06
1.86339e-06
1.83638e-06
1.81278e-06
1.79147e-06
1.77137e-06
1.75165e-06
1.73186e-06
1.71187e-06
1.69187e-06
1.6723e-06
1.65289e-06
1.63466e-06
1.61855e-06
1.60515e-06
1.59482e-06
1.58712e-06
1.5802e-06
1.57007e-06
1.55057e-06
1.51453e-06
1.45667e-06
1.37695e-06
1.28296e-06
1.18947e-06
1.11534e-06
1.07951e-06
1.09783e-06
1.17967e-06
1.32372e-06
1.51712e-06
1.73974e-06
1.97029e-06
2.19067e-06
2.38795e-06
2.55453e-06
2.68728e-06
2.78623e-06
2.85317e-06
2.89054e-06
2.9006e-06
2.88587e-06
2.8545e-06
2.80787e-06
2.74319e-06
2.66176e-06
2.56818e-06
2.46583e-06
2.35781e-06
2.24702e-06
2.13595e-06
2.02667e-06
1.92084e-06
1.81975e-06
1.7244e-06
1.63543e-06
1.55331e-06
1.47792e-06
1.41027e-06
1.34657e-06
1.30017e-06
1.2284e-06
2.14736e-05
6.64945e-07
1.71784e-06
1.33754e-06
1.32541e-06
1.50048e-06
1.65376e-06
1.91844e-06
2.40277e-06
3.35978e-06
5.18518e-06
7.20583e-06
8.06264e-06
7.07843e-06
4.97931e-06
3.02594e-06
1.8944e-06
1.4825e-06
1.41191e-06
1.43581e-06
1.48478e-06
1.55742e-06
1.63937e-06
1.70265e-06
1.73704e-06
1.7767e-06
1.88558e-06
2.0944e-06
2.37613e-06
2.68444e-06
2.98519e-06
3.27515e-06
3.56033e-06
3.83472e-06
4.09229e-06
4.32961e-06
4.55585e-06
4.78402e-06
5.01506e-06
5.21896e-06
5.33902e-06
5.31009e-06
5.10107e-06
4.72428e-06
4.24337e-06
3.75119e-06
3.33967e-06
3.07832e-06
2.99319e-06
3.03394e-06
3.10425e-06
3.12735e-06
3.04947e-06
2.8587e-06
2.60022e-06
2.36334e-06
2.26024e-06
2.43488e-06
2.88462e-06
3.28189e-06
3.35664e-06
3.31516e-06
3.75574e-06
4.71741e-06
5.56641e-06
5.68793e-06
4.89614e-06
3.61582e-06
2.53355e-06
1.98585e-06
1.83269e-06
1.88051e-06
2.00327e-06
2.15551e-06
2.32806e-06
2.51065e-06
2.68619e-06
2.84523e-06
2.98825e-06
3.12721e-06
3.2622e-06
3.38533e-06
3.49304e-06
3.58704e-06
3.67354e-06
3.74621e-06
3.80822e-06
3.85878e-06
3.90343e-06
3.95083e-06
4.00651e-06
4.06712e-06
4.12038e-06
4.14983e-06
4.14063e-06
4.08376e-06
3.97764e-06
3.82756e-06
3.64386e-06
3.43941e-06
3.2272e-06
3.01875e-06
2.8236e-06
2.64951e-06
2.50246e-06
2.38578e-06
2.29887e-06
2.2366e-06
2.1905e-06
2.15136e-06
2.11202e-06
2.06906e-06
2.02284e-06
1.97641e-06
1.93381e-06
1.89853e-06
1.87256e-06
1.85608e-06
1.84777e-06
1.84537e-06
1.84622e-06
1.8478e-06
1.84795e-06
1.84495e-06
1.83756e-06
1.82501e-06
1.80701e-06
1.78371e-06
1.75576e-06
1.72339e-06
1.68724e-06
1.64923e-06
1.61087e-06
1.57379e-06
1.53932e-06
1.50815e-06
1.47975e-06
1.4516e-06
1.41863e-06
1.37364e-06
1.30908e-06
1.22013e-06
1.10771e-06
9.80003e-07
8.51776e-07
7.4211e-07
6.72013e-07
6.60447e-07
7.15841e-07
8.30549e-07
9.87039e-07
1.16668e-06
1.35355e-06
1.53521e-06
1.7026e-06
1.84969e-06
1.97284e-06
2.07015e-06
2.14096e-06
2.18571e-06
2.20599e-06
2.20515e-06
2.18696e-06
2.15278e-06
2.10357e-06
2.04209e-06
1.97172e-06
1.89552e-06
1.81616e-06
1.73598e-06
1.65687e-06
1.58026e-06
1.50721e-06
1.43845e-06
1.37453e-06
1.31543e-06
1.26218e-06
1.21123e-06
1.17505e-06
1.11448e-06
2.13774e-05
9.31903e-07
2.08799e-06
1.53535e-06
1.39136e-06
1.47331e-06
1.65982e-06
2.15599e-06
3.12284e-06
4.39847e-06
5.71354e-06
6.45752e-06
6.05869e-06
4.63879e-06
3.00138e-06
1.90329e-06
1.47005e-06
1.40047e-06
1.46396e-06
1.56915e-06
1.69285e-06
1.82168e-06
1.93446e-06
2.01392e-06
2.07355e-06
2.17157e-06
2.36153e-06
2.624e-06
2.90129e-06
3.16145e-06
3.39629e-06
3.62268e-06
3.85613e-06
4.08774e-06
4.30403e-06
4.49227e-06
4.65994e-06
4.82851e-06
5.0146e-06
5.20317e-06
5.34363e-06
5.35334e-06
5.17591e-06
4.8021e-06
4.28799e-06
3.74393e-06
3.28534e-06
2.99868e-06
2.90945e-06
2.97383e-06
3.08907e-06
3.17507e-06
3.18488e-06
3.08569e-06
2.89686e-06
2.68685e-06
2.52748e-06
2.49052e-06
2.73705e-06
3.26842e-06
3.78076e-06
4.16668e-06
4.64832e-06
5.3089e-06
5.80105e-06
5.69351e-06
4.88281e-06
3.72784e-06
2.74578e-06
2.19583e-06
1.99609e-06
1.9883e-06
2.06216e-06
2.17616e-06
2.31938e-06
2.47986e-06
2.63833e-06
2.78127e-06
2.90626e-06
3.02483e-06
3.14686e-06
3.25926e-06
3.35807e-06
3.44598e-06
3.52563e-06
3.59336e-06
3.64905e-06
3.6937e-06
3.73216e-06
3.77061e-06
3.81101e-06
3.84761e-06
3.86867e-06
3.86129e-06
3.81569e-06
3.72731e-06
3.59738e-06
3.43236e-06
3.24264e-06
3.04055e-06
2.83818e-06
2.64604e-06
2.4728e-06
2.32556e-06
2.20936e-06
2.12559e-06
2.07029e-06
2.03436e-06
2.00652e-06
1.97751e-06
1.94303e-06
1.90436e-06
1.86686e-06
1.83724e-06
1.82096e-06
1.8206e-06
1.83552e-06
1.86253e-06
1.89708e-06
1.93437e-06
1.97009e-06
2.00086e-06
2.02433e-06
2.03907e-06
2.04431e-06
2.03972e-06
2.02529e-06
2.00115e-06
1.9678e-06
1.92562e-06
1.87409e-06
1.81494e-06
1.74981e-06
1.68086e-06
1.61058e-06
1.54138e-06
1.47526e-06
1.41327e-06
1.3547e-06
1.29644e-06
1.23289e-06
1.15702e-06
1.06284e-06
9.48349e-07
8.1824e-07
6.85441e-07
5.71852e-07
5.06436e-07
5.11507e-07
5.82265e-07
6.9551e-07
8.31394e-07
9.77578e-07
1.12571e-06
1.2691e-06
1.4021e-06
1.52012e-06
1.61974e-06
1.69879e-06
1.75629e-06
1.79246e-06
1.80854e-06
1.80641e-06
1.78881e-06
1.75863e-06
1.71813e-06
1.66931e-06
1.61456e-06
1.55601e-06
1.49574e-06
1.43545e-06
1.37657e-06
1.32012e-06
1.26676e-06
1.21696e-06
1.17065e-06
1.1288e-06
1.08815e-06
1.06003e-06
1.00933e-06
2.08519e-05
1.75506e-06
2.47851e-06
1.97361e-06
1.81572e-06
1.94697e-06
2.27136e-06
2.86692e-06
3.75594e-06
4.66299e-06
5.22731e-06
5.14136e-06
4.34389e-06
3.22398e-06
2.36225e-06
1.95531e-06
1.81413e-06
1.80601e-06
1.87281e-06
1.97747e-06
2.09943e-06
2.222e-06
2.32526e-06
2.39865e-06
2.46932e-06
2.59793e-06
2.8148e-06
3.07193e-06
3.29963e-06
3.48243e-06
3.64584e-06
3.81029e-06
4.00039e-06
4.20161e-06
4.39249e-06
4.55237e-06
4.68257e-06
4.81005e-06
4.96191e-06
5.13488e-06
5.28257e-06
5.32572e-06
5.18428e-06
4.83487e-06
4.31587e-06
3.7386e-06
3.24565e-06
2.94738e-06
2.87284e-06
2.96894e-06
3.13477e-06
3.28535e-06
3.36823e-06
3.3593e-06
3.2655e-06
3.13854e-06
3.05013e-06
3.01711e-06
3.09162e-06
3.49027e-06
4.19183e-06
4.89254e-06
5.46086e-06
5.94778e-06
6.18962e-06
5.92055e-06
5.09231e-06
3.99343e-06
3.03475e-06
2.44022e-06
2.1717e-06
2.09985e-06
2.12406e-06
2.20129e-06
2.31551e-06
2.45017e-06
2.58488e-06
2.7061e-06
2.81344e-06
2.9185e-06
3.03179e-06
3.13559e-06
3.22439e-06
3.30335e-06
3.37411e-06
3.4346e-06
3.48381e-06
3.52222e-06
3.55249e-06
3.57689e-06
3.59358e-06
3.59602e-06
3.57606e-06
3.52727e-06
3.44612e-06
3.33189e-06
3.18687e-06
3.01684e-06
2.83087e-06
2.63993e-06
2.45484e-06
2.28503e-06
2.13845e-06
2.02161e-06
1.93834e-06
1.88713e-06
1.8596e-06
1.84294e-06
1.82525e-06
1.80063e-06
1.77096e-06
1.74423e-06
1.73061e-06
1.7382e-06
1.77026e-06
1.82468e-06
1.8953e-06
1.97411e-06
2.05324e-06
2.12618e-06
2.18843e-06
2.23746e-06
2.27243e-06
2.29368e-06
2.30219e-06
2.29908e-06
2.28533e-06
2.26151e-06
2.22796e-06
2.18464e-06
2.12961e-06
2.06292e-06
1.98477e-06
1.89604e-06
1.79873e-06
1.69564e-06
1.59018e-06
1.48578e-06
1.38535e-06
1.29046e-06
1.20065e-06
1.11314e-06
1.02351e-06
9.27605e-07
8.24482e-07
7.19754e-07
6.28328e-07
5.73722e-07
5.76749e-07
6.37201e-07
7.35609e-07
8.51457e-07
9.71384e-07
1.08792e-06
1.19678e-06
1.2951e-06
1.38069e-06
1.45184e-06
1.50734e-06
1.54664e-06
1.56987e-06
1.57779e-06
1.57171e-06
1.5534e-06
1.52485e-06
1.48827e-06
1.44583e-06
1.39947e-06
1.35081e-06
1.30132e-06
1.2521e-06
1.20414e-06
1.15827e-06
1.11504e-06
1.07481e-06
1.03742e-06
1.00364e-06
9.70503e-07
9.48075e-07
9.05453e-07
2.01264e-05
2.56044e-06
3.00045e-06
2.59927e-06
2.54073e-06
2.76141e-06
3.13004e-06
3.61741e-06
4.16081e-06
4.57919e-06
4.65465e-06
4.31196e-06
3.70372e-06
3.14097e-06
2.78449e-06
2.5657e-06
2.43706e-06
2.39666e-06
2.42197e-06
2.48785e-06
2.57813e-06
2.67602e-06
2.75772e-06
2.81291e-06
2.87087e-06
2.98335e-06
3.16597e-06
3.36697e-06
3.51493e-06
3.60757e-06
3.71863e-06
3.84714e-06
4.01275e-06
4.19663e-06
4.37239e-06
4.52113e-06
4.63328e-06
4.73412e-06
4.85912e-06
5.01732e-06
5.16392e-06
5.23065e-06
5.12428e-06
4.8018e-06
4.29478e-06
3.71264e-06
3.2134e-06
2.92592e-06
2.88505e-06
3.02357e-06
3.23693e-06
3.44026e-06
3.58442e-06
3.64908e-06
3.63884e-06
3.5914e-06
3.57845e-06
3.63326e-06
3.71151e-06
3.92656e-06
4.53932e-06
5.39697e-06
6.10071e-06
6.53005e-06
6.6263e-06
6.25168e-06
5.40609e-06
4.3277e-06
3.35703e-06
2.69966e-06
2.35137e-06
2.21057e-06
2.18462e-06
2.22554e-06
2.30995e-06
2.41729e-06
2.5282e-06
2.63059e-06
2.72397e-06
2.81858e-06
2.92044e-06
3.01268e-06
3.08883e-06
3.15737e-06
3.21859e-06
3.27081e-06
3.31208e-06
3.34099e-06
3.3567e-06
3.35714e-06
3.33838e-06
3.29685e-06
3.23191e-06
3.14541e-06
3.03894e-06
2.91253e-06
2.76629e-06
2.60322e-06
2.4303e-06
2.2572e-06
2.09385e-06
1.9491e-06
1.83062e-06
1.74457e-06
1.6929e-06
1.66993e-06
1.66257e-06
1.65624e-06
1.64232e-06
1.62233e-06
1.60671e-06
1.60973e-06
1.643e-06
1.71075e-06
1.80867e-06
1.92624e-06
2.0505e-06
2.16939e-06
2.27376e-06
2.3582e-06
2.42078e-06
2.46228e-06
2.48517e-06
2.49274e-06
2.48839e-06
2.47508e-06
2.455e-06
2.42949e-06
2.399e-06
2.36321e-06
2.31904e-06
2.26471e-06
2.19806e-06
2.11695e-06
2.02054e-06
1.90952e-06
1.7863e-06
1.6548e-06
1.51987e-06
1.38652e-06
1.25911e-06
1.14052e-06
1.03184e-06
9.32724e-07
8.42912e-07
7.64634e-07
7.04822e-07
6.74769e-07
6.84585e-07
7.35114e-07
8.16511e-07
9.14702e-07
1.01737e-06
1.11587e-06
1.20483e-06
1.28123e-06
1.34351e-06
1.39106e-06
1.4239e-06
1.44254e-06
1.44786e-06
1.44106e-06
1.42362e-06
1.39716e-06
1.36343e-06
1.32421e-06
1.28117e-06
1.2359e-06
1.18984e-06
1.14422e-06
1.0999e-06
1.05751e-06
1.01744e-06
9.79959e-07
9.45328e-07
9.13354e-07
8.84638e-07
8.56501e-07
8.37668e-07
8.01395e-07
1.92058e-05
3.26995e-06
3.55235e-06
3.24975e-06
3.29347e-06
3.57665e-06
3.9163e-06
4.25761e-06
4.55474e-06
4.69526e-06
4.62472e-06
4.36685e-06
4.04223e-06
3.7464e-06
3.48355e-06
3.25373e-06
3.0916e-06
3.00738e-06
2.98387e-06
3.00641e-06
3.06365e-06
3.13418e-06
3.18437e-06
3.19943e-06
3.20232e-06
3.23836e-06
3.33275e-06
3.44675e-06
3.51383e-06
3.56286e-06
3.68121e-06
3.8236e-06
3.98644e-06
4.15863e-06
4.31344e-06
4.44188e-06
4.54002e-06
4.62226e-06
4.7242e-06
4.86465e-06
5.00852e-06
5.08271e-06
5.00085e-06
4.7039e-06
4.21586e-06
3.65366e-06
3.18687e-06
2.94698e-06
2.95251e-06
3.12988e-06
3.38151e-06
3.62678e-06
3.81645e-06
3.93231e-06
3.98004e-06
3.98884e-06
4.01968e-06
4.13355e-06
4.29325e-06
4.45286e-06
4.84747e-06
5.6468e-06
6.47693e-06
6.95808e-06
7.01225e-06
6.59162e-06
5.74494e-06
4.68024e-06
3.68891e-06
2.96445e-06
2.53204e-06
2.31888e-06
2.24142e-06
2.24582e-06
2.30066e-06
2.38224e-06
2.47185e-06
2.55744e-06
2.63613e-06
2.71777e-06
2.80406e-06
2.88319e-06
2.94707e-06
3.00532e-06
3.05654e-06
3.09845e-06
3.12733e-06
3.13879e-06
3.12803e-06
3.09054e-06
3.02493e-06
2.936e-06
2.83358e-06
2.7263e-06
2.61577e-06
2.49706e-06
2.36461e-06
2.21795e-06
2.06302e-06
1.90963e-06
1.76792e-06
1.6469e-06
1.55453e-06
1.49646e-06
1.47156e-06
1.46893e-06
1.4721e-06
1.4687e-06
1.45815e-06
1.45236e-06
1.46998e-06
1.52728e-06
1.63017e-06
1.7717e-06
1.9355e-06
2.10193e-06
2.25352e-06
2.37818e-06
2.47012e-06
2.52901e-06
2.5584e-06
2.56394e-06
2.55191e-06
2.52821e-06
2.49788e-06
2.46491e-06
2.43207e-06
2.40106e-06
2.3729e-06
2.34741e-06
2.32139e-06
2.29235e-06
2.25693e-06
2.21011e-06
2.14736e-06
2.06517e-06
1.9621e-06
1.83936e-06
1.70076e-06
1.55222e-06
1.40087e-06
1.2541e-06
1.11863e-06
9.9998e-07
9.0237e-07
8.29242e-07
7.83824e-07
7.68915e-07
7.85349e-07
8.30241e-07
8.96881e-07
9.765e-07
1.06039e-06
1.14127e-06
1.21376e-06
1.27435e-06
1.3211e-06
1.35331e-06
1.37117e-06
1.37552e-06
1.36764e-06
1.34908e-06
1.32154e-06
1.28681e-06
1.24663e-06
1.20267e-06
1.15648e-06
1.10943e-06
1.06268e-06
1.01718e-06
9.73728e-07
9.32915e-07
8.94995e-07
8.60005e-07
8.27965e-07
7.98621e-07
7.72484e-07
7.47197e-07
7.30218e-07
6.98686e-07
1.80633e-05
3.83042e-06
4.04328e-06
3.78757e-06
3.87959e-06
4.18675e-06
4.52506e-06
4.78786e-06
4.99736e-06
5.08903e-06
5.05359e-06
4.9095e-06
4.69675e-06
4.43756e-06
4.15457e-06
3.89601e-06
3.70162e-06
3.57422e-06
3.50365e-06
3.48591e-06
3.51136e-06
3.55262e-06
3.56763e-06
3.53339e-06
3.4647e-06
3.40595e-06
3.40885e-06
3.46734e-06
3.51361e-06
3.56137e-06
3.66859e-06
3.8186e-06
3.96152e-06
4.10326e-06
4.2291e-06
4.32768e-06
4.40416e-06
4.47073e-06
4.5556e-06
4.67897e-06
4.81823e-06
4.89565e-06
4.82257e-06
4.54209e-06
4.08287e-06
3.57265e-06
3.18478e-06
3.02659e-06
3.08552e-06
3.28882e-06
3.55891e-06
3.82601e-06
4.04106e-06
4.18495e-06
4.26373e-06
4.30201e-06
4.34777e-06
4.46831e-06
4.67954e-06
4.88817e-06
5.13165e-06
5.70503e-06
6.54707e-06
7.14927e-06
7.26636e-06
6.87157e-06
6.05785e-06
5.02084e-06
4.01625e-06
3.22916e-06
2.71135e-06
2.4208e-06
2.28696e-06
2.25204e-06
2.27684e-06
2.33395e-06
2.40368e-06
2.47259e-06
2.53628e-06
2.60478e-06
2.67688e-06
2.74258e-06
2.79478e-06
2.84167e-06
2.87997e-06
2.90566e-06
2.91235e-06
2.89241e-06
2.83914e-06
2.75096e-06
2.6361e-06
2.51251e-06
2.39915e-06
2.30355e-06
2.21743e-06
2.12484e-06
2.01427e-06
1.88502e-06
1.74554e-06
1.60789e-06
1.48328e-06
1.38124e-06
1.31017e-06
1.27442e-06
1.26836e-06
1.27607e-06
1.28121e-06
1.27891e-06
1.28043e-06
1.30831e-06
1.3847e-06
1.51881e-06
1.70121e-06
1.90831e-06
2.11197e-06
2.28805e-06
2.42132e-06
2.5064e-06
2.54603e-06
2.54796e-06
2.52203e-06
2.47791e-06
2.42384e-06
2.36614e-06
2.30935e-06
2.25665e-06
2.2102e-06
2.17129e-06
2.14138e-06
2.12141e-06
2.10903e-06
2.10255e-06
2.10002e-06
2.09587e-06
2.08362e-06
2.05609e-06
2.00692e-06
1.93204e-06
1.83078e-06
1.70618e-06
1.56464e-06
1.41501e-06
1.26746e-06
1.13229e-06
1.01891e-06
9.34741e-07
8.84159e-07
8.67605e-07
8.81582e-07
9.19789e-07
9.74736e-07
1.039e-06
1.10589e-06
1.16978e-06
1.22628e-06
1.27223e-06
1.30571e-06
1.32584e-06
1.33267e-06
1.32694e-06
1.30987e-06
1.28303e-06
1.24813e-06
1.20697e-06
1.16129e-06
1.11272e-06
1.06275e-06
1.01267e-06
9.63568e-07
9.16303e-07
8.7152e-07
8.29675e-07
7.91109e-07
7.5597e-07
7.24175e-07
6.95321e-07
6.69757e-07
6.45475e-07
6.28817e-07
6.00426e-07
1.67619e-05
4.23213e-06
4.3906e-06
4.13315e-06
4.22137e-06
4.52461e-06
4.88964e-06
5.18124e-06
5.4185e-06
5.56692e-06
5.6008e-06
5.51363e-06
5.3189e-06
5.04435e-06
4.74e-06
4.46225e-06
4.23829e-06
4.06966e-06
3.95826e-06
3.90843e-06
3.90737e-06
3.91796e-06
3.89435e-06
3.8095e-06
3.68134e-06
3.56154e-06
3.51802e-06
3.57564e-06
3.66692e-06
3.7208e-06
3.74193e-06
3.80757e-06
3.88001e-06
3.96267e-06
4.05083e-06
4.13232e-06
4.20177e-06
4.2654e-06
4.34516e-06
4.46108e-06
4.59359e-06
4.6688e-06
4.59611e-06
4.32827e-06
3.91436e-06
3.50057e-06
3.24142e-06
3.1838e-06
3.28207e-06
3.48606e-06
3.74964e-06
4.01521e-06
4.23289e-06
4.38145e-06
4.46707e-06
4.51185e-06
4.55281e-06
4.6473e-06
4.84576e-06
5.10429e-06
5.32976e-06
5.66421e-06
6.34144e-06
7.04715e-06
7.32e-06
7.0374e-06
6.30825e-06
5.32838e-06
4.32962e-06
3.49138e-06
2.88929e-06
2.51373e-06
2.31343e-06
2.232e-06
2.22393e-06
2.25667e-06
2.30783e-06
2.36161e-06
2.41241e-06
2.46851e-06
2.52782e-06
2.57978e-06
2.61873e-06
2.64991e-06
2.66772e-06
2.66556e-06
2.63448e-06
2.56602e-06
2.45766e-06
2.31942e-06
2.17627e-06
2.05879e-06
1.9834e-06
1.93934e-06
1.89801e-06
1.834e-06
1.73794e-06
1.6162e-06
1.48325e-06
1.35383e-06
1.23944e-06
1.14969e-06
1.09309e-06
1.07167e-06
1.07454e-06
1.08318e-06
1.08661e-06
1.09221e-06
1.12447e-06
1.2124e-06
1.37096e-06
1.58953e-06
1.8365e-06
2.0733e-06
2.26765e-06
2.40084e-06
2.46898e-06
2.47959e-06
2.44651e-06
2.38501e-06
2.30851e-06
2.22702e-06
2.14695e-06
2.07185e-06
2.00327e-06
1.94183e-06
1.88788e-06
1.84195e-06
1.80545e-06
1.78094e-06
1.76777e-06
1.7661e-06
1.77766e-06
1.79972e-06
1.82737e-06
1.85298e-06
1.86718e-06
1.86078e-06
1.82687e-06
1.76243e-06
1.66907e-06
1.55296e-06
1.42383e-06
1.2937e-06
1.17519e-06
1.07972e-06
1.01537e-06
9.85079e-07
9.86151e-07
1.0118e-06
1.05371e-06
1.10409e-06
1.15642e-06
1.20565e-06
1.248e-06
1.2808e-06
1.3024e-06
1.31202e-06
1.30964e-06
1.29586e-06
1.27176e-06
1.23875e-06
1.19843e-06
1.15245e-06
1.10246e-06
1.05001e-06
9.96506e-07
9.43176e-07
8.91054e-07
8.40973e-07
7.9357e-07
7.49292e-07
7.08407e-07
6.71051e-07
6.37333e-07
6.07031e-07
5.80311e-07
5.55362e-07
5.37534e-07
5.10557e-07
1.5352e-05
4.47196e-06
4.55374e-06
4.24997e-06
4.29318e-06
4.59998e-06
5.02419e-06
5.4127e-06
5.74419e-06
5.98308e-06
6.08083e-06
6.02282e-06
5.82907e-06
5.54604e-06
5.23417e-06
4.94397e-06
4.69451e-06
4.49141e-06
4.34323e-06
4.25969e-06
4.22892e-06
4.20712e-06
4.14553e-06
4.01736e-06
3.84374e-06
3.68387e-06
3.60511e-06
3.64091e-06
3.72919e-06
3.7542e-06
3.71242e-06
3.69017e-06
3.69236e-06
3.72693e-06
3.78932e-06
3.86548e-06
3.93995e-06
4.00973e-06
4.09419e-06
4.21421e-06
4.3466e-06
4.41327e-06
4.33117e-06
4.08197e-06
3.75313e-06
3.49611e-06
3.39589e-06
3.41841e-06
3.51769e-06
3.69096e-06
3.92431e-06
4.16698e-06
4.36603e-06
4.49796e-06
4.56984e-06
4.60391e-06
4.62902e-06
4.68752e-06
4.83303e-06
5.08019e-06
5.34328e-06
5.57215e-06
5.97936e-06
6.64616e-06
7.10896e-06
7.0321e-06
6.45972e-06
5.58341e-06
4.62222e-06
3.75339e-06
3.07323e-06
2.60407e-06
2.32095e-06
2.17815e-06
2.12838e-06
2.1333e-06
2.16546e-06
2.20517e-06
2.24425e-06
2.28847e-06
2.33388e-06
2.36932e-06
2.38953e-06
2.39573e-06
2.37998e-06
2.33373e-06
2.24855e-06
2.12208e-06
1.96639e-06
1.81321e-06
1.70508e-06
1.66699e-06
1.68207e-06
1.70488e-06
1.6952e-06
1.63636e-06
1.53387e-06
1.40543e-06
1.27021e-06
1.14241e-06
1.03149e-06
9.46485e-07
8.96021e-07
8.7935e-07
8.81403e-07
8.85431e-07
8.91219e-07
9.21414e-07
1.01148e-06
1.18535e-06
1.43393e-06
1.7176e-06
1.9857e-06
2.19578e-06
2.32491e-06
2.37148e-06
2.34984e-06
2.28207e-06
2.19043e-06
2.0925e-06
1.9993e-06
1.91578e-06
1.84254e-06
1.77786e-06
1.7193e-06
1.66462e-06
1.61246e-06
1.56267e-06
1.51673e-06
1.4782e-06
1.44821e-06
1.42841e-06
1.42469e-06
1.43949e-06
1.47305e-06
1.52185e-06
1.57791e-06
1.6301e-06
1.66655e-06
1.67738e-06
1.65691e-06
1.60486e-06
1.52633e-06
1.43089e-06
1.33092e-06
1.23945e-06
1.16775e-06
1.12289e-06
1.1063e-06
1.11416e-06
1.1395e-06
1.17468e-06
1.21295e-06
1.24905e-06
1.27915e-06
1.30071e-06
1.31219e-06
1.31288e-06
1.30277e-06
1.28239e-06
1.2527e-06
1.21493e-06
1.17052e-06
1.12096e-06
1.06774e-06
1.01228e-06
9.55878e-07
8.99664e-07
8.44611e-07
7.91513e-07
7.40992e-07
6.93507e-07
6.49373e-07
6.08759e-07
5.71756e-07
5.38252e-07
5.08579e-07
4.81308e-07
4.608e-07
4.33361e-07
1.38972e-05
4.56169e-06
4.51783e-06
4.12979e-06
4.1006e-06
4.43834e-06
4.97688e-06
5.50618e-06
5.96082e-06
6.2958e-06
6.45099e-06
6.41791e-06
6.2321e-06
5.95222e-06
5.64161e-06
5.34526e-06
5.07354e-06
4.8362e-06
4.64965e-06
4.52523e-06
4.45342e-06
4.39316e-06
4.2943e-06
4.13137e-06
3.92219e-06
3.72388e-06
3.59831e-06
3.57137e-06
3.58121e-06
3.54796e-06
3.47174e-06
3.40782e-06
3.38139e-06
3.40322e-06
3.46633e-06
3.55001e-06
3.63284e-06
3.71314e-06
3.81524e-06
3.95347e-06
4.08667e-06
4.13329e-06
4.04127e-06
3.84926e-06
3.6801e-06
3.62732e-06
3.65547e-06
3.69022e-06
3.73937e-06
3.85676e-06
4.04631e-06
4.25259e-06
4.41739e-06
4.51654e-06
4.55938e-06
4.5708e-06
4.57584e-06
4.60231e-06
4.69036e-06
4.87672e-06
5.1383e-06
5.37604e-06
5.59791e-06
6.04419e-06
6.59847e-06
6.78412e-06
6.45741e-06
5.75515e-06
4.88318e-06
4.02022e-06
3.28037e-06
2.71465e-06
2.32821e-06
2.09731e-06
1.98337e-06
1.94593e-06
1.951e-06
1.97262e-06
1.99699e-06
2.02608e-06
2.05321e-06
2.06541e-06
2.05677e-06
2.02464e-06
1.96036e-06
1.85757e-06
1.71674e-06
1.55478e-06
1.41309e-06
1.34691e-06
1.38134e-06
1.47902e-06
1.57356e-06
1.61621e-06
1.58986e-06
1.50281e-06
1.37688e-06
1.23561e-06
1.09601e-06
9.66778e-07
8.53509e-07
7.65146e-07
7.11353e-07
6.89623e-07
6.83725e-07
6.83842e-07
7.05182e-07
7.86949e-07
9.65043e-07
1.23587e-06
1.55318e-06
1.85306e-06
2.08048e-06
2.20646e-06
2.23177e-06
2.17945e-06
2.08234e-06
1.97149e-06
1.86897e-06
1.78563e-06
1.72287e-06
1.67632e-06
1.63947e-06
1.60612e-06
1.57153e-06
1.53259e-06
1.48769e-06
1.43674e-06
1.38144e-06
1.32567e-06
1.27149e-06
1.22034e-06
1.18003e-06
1.15728e-06
1.15842e-06
1.18751e-06
1.24324e-06
1.31792e-06
1.39892e-06
1.47179e-06
1.52382e-06
1.54672e-06
1.53801e-06
1.50115e-06
1.44444e-06
1.37918e-06
1.31721e-06
1.26844e-06
1.23868e-06
1.22888e-06
1.23577e-06
1.25379e-06
1.2769e-06
1.29979e-06
1.31842e-06
1.33e-06
1.33282e-06
1.32609e-06
1.30971e-06
1.2841e-06
1.25009e-06
1.20878e-06
1.16143e-06
1.10938e-06
1.05395e-06
9.96418e-07
9.37947e-07
8.79568e-07
8.22167e-07
7.66478e-07
7.13086e-07
6.6244e-07
6.14868e-07
5.7058e-07
5.29727e-07
4.92268e-07
4.58493e-07
4.27374e-07
4.02667e-07
3.7294e-07
1.24567e-05
4.52483e-06
4.2865e-06
3.77952e-06
3.66727e-06
4.08057e-06
4.80373e-06
5.5104e-06
6.09764e-06
6.52235e-06
6.72975e-06
6.72081e-06
6.54403e-06
6.27648e-06
5.97184e-06
5.66517e-06
5.37258e-06
5.10094e-06
4.87158e-06
4.70044e-06
4.57979e-06
4.47521e-06
4.34044e-06
4.14758e-06
3.90702e-06
3.6655e-06
3.47767e-06
3.36314e-06
3.28075e-06
3.18992e-06
3.08925e-06
3.01245e-06
2.99229e-06
3.02982e-06
3.10619e-06
3.19605e-06
3.28685e-06
3.39326e-06
3.53704e-06
3.69959e-06
3.81565e-06
3.83198e-06
3.77097e-06
3.73315e-06
3.79727e-06
3.90998e-06
3.95562e-06
3.91304e-06
3.87571e-06
3.93474e-06
4.08394e-06
4.25072e-06
4.3729e-06
4.43011e-06
4.43585e-06
4.41836e-06
4.40295e-06
4.40739e-06
4.45384e-06
4.57325e-06
4.77903e-06
5.02174e-06
5.21029e-06
5.42431e-06
5.85924e-06
6.23899e-06
6.21978e-06
5.78189e-06
5.07957e-06
4.28625e-06
3.53048e-06
2.88683e-06
2.38745e-06
2.03571e-06
1.81528e-06
1.69697e-06
1.64628e-06
1.63049e-06
1.62688e-06
1.62925e-06
1.6274e-06
1.6051e-06
1.55525e-06
1.47369e-06
1.35696e-06
1.21255e-06
1.07003e-06
9.90322e-07
1.03457e-06
1.19029e-06
1.3802e-06
1.53237e-06
1.60742e-06
1.59686e-06
1.51478e-06
1.38709e-06
1.24037e-06
1.09338e-06
9.53943e-07
8.22754e-07
7.02148e-07
6.0235e-07
5.35381e-07
4.99543e-07
4.81971e-07
4.85445e-07
5.47258e-07
7.17199e-07
1.00086e-06
1.34772e-06
1.6811e-06
1.931e-06
2.05913e-06
2.06727e-06
1.98838e-06
1.86877e-06
1.75052e-06
1.66034e-06
1.60694e-06
1.58547e-06
1.58467e-06
1.59251e-06
1.59912e-06
1.59769e-06
1.58442e-06
1.5578e-06
1.51777e-06
1.46528e-06
1.40243e-06
1.33294e-06
1.2588e-06
1.17986e-06
1.10274e-06
1.03484e-06
9.85201e-07
9.64392e-07
9.80284e-07
1.03405e-06
1.1182e-06
1.21858e-06
1.31863e-06
1.40347e-06
1.46277e-06
1.49211e-06
1.49301e-06
1.47188e-06
1.43805e-06
1.40149e-06
1.37046e-06
1.34999e-06
1.34127e-06
1.34235e-06
1.34944e-06
1.35828e-06
1.36502e-06
1.36675e-06
1.36151e-06
1.34823e-06
1.32658e-06
1.29681e-06
1.25955e-06
1.21573e-06
1.16645e-06
1.11286e-06
1.05616e-06
9.97454e-07
9.37794e-07
8.78099e-07
8.19166e-07
7.61657e-07
7.06108e-07
6.52938e-07
6.02459e-07
5.54888e-07
5.10391e-07
4.68991e-07
4.30963e-07
3.95555e-07
3.65786e-07
3.32394e-07
1.10871e-05
4.39756e-06
3.8641e-06
3.21639e-06
3.02953e-06
3.59331e-06
4.57519e-06
5.49033e-06
6.20413e-06
6.70244e-06
6.94661e-06
6.94907e-06
6.78561e-06
6.52418e-06
6.2224e-06
5.90524e-06
5.58996e-06
5.28828e-06
5.01942e-06
4.79969e-06
4.62537e-06
4.46974e-06
4.2947e-06
4.0736e-06
3.80799e-06
3.52858e-06
3.277e-06
3.07446e-06
2.90703e-06
2.7561e-06
2.64085e-06
2.58069e-06
2.58706e-06
2.64037e-06
2.71485e-06
2.80396e-06
2.92808e-06
3.10326e-06
3.29889e-06
3.4494e-06
3.51896e-06
3.55272e-06
3.65516e-06
3.87698e-06
4.12355e-06
4.23728e-06
4.15812e-06
3.98081e-06
3.86739e-06
3.8992e-06
4.02725e-06
4.15797e-06
4.23412e-06
4.24648e-06
4.215e-06
4.16967e-06
4.13625e-06
4.12828e-06
4.15329e-06
4.22612e-06
4.36421e-06
4.56026e-06
4.75373e-06
4.88295e-06
5.09094e-06
5.44913e-06
5.67725e-06
5.56407e-06
5.12975e-06
4.50363e-06
3.815e-06
3.15527e-06
2.57696e-06
2.10392e-06
1.7414e-06
1.4824e-06
1.31018e-06
1.19928e-06
1.12294e-06
1.06404e-06
1.00795e-06
9.3292e-07
8.32458e-07
7.11046e-07
5.96733e-07
5.64102e-07
6.85561e-07
9.22484e-07
1.19063e-06
1.42658e-06
1.58963e-06
1.6605e-06
1.64092e-06
1.54977e-06
1.41515e-06
1.26452e-06
1.11647e-06
9.77314e-07
8.43922e-07
7.11284e-07
5.81112e-07
4.65118e-07
3.76706e-07
3.17022e-07
2.82293e-07
3.03852e-07
4.51959e-07
7.38669e-07
1.10866e-06
1.47645e-06
1.75609e-06
1.89537e-06
1.89344e-06
1.79308e-06
1.65687e-06
1.54075e-06
1.47608e-06
1.46661e-06
1.49847e-06
1.55247e-06
1.61113e-06
1.66124e-06
1.6944e-06
1.7066e-06
1.69738e-06
1.66855e-06
1.62302e-06
1.56375e-06
1.49373e-06
1.41671e-06
1.33418e-06
1.24386e-06
1.14905e-06
1.0542e-06
9.66e-07
8.96271e-07
8.58852e-07
8.64879e-07
9.16833e-07
1.00646e-06
1.11832e-06
1.23503e-06
1.34108e-06
1.42526e-06
1.48183e-06
1.51061e-06
1.51601e-06
1.50524e-06
1.48632e-06
1.46616e-06
1.44928e-06
1.43741e-06
1.4299e-06
1.42462e-06
1.41889e-06
1.41018e-06
1.39653e-06
1.37668e-06
1.35002e-06
1.31653e-06
1.27659e-06
1.2309e-06
1.18035e-06
1.12593e-06
1.06866e-06
1.00951e-06
9.49404e-07
8.8916e-07
8.29486e-07
7.70978e-07
7.14121e-07
6.59294e-07
6.06786e-07
5.56803e-07
5.095e-07
4.64921e-07
4.23288e-07
3.84075e-07
3.49587e-07
3.12402e-07
9.91492e-06
4.27941e-06
3.23833e-06
2.4364e-06
2.22291e-06
3.08442e-06
4.38807e-06
5.5165e-06
6.33264e-06
6.86689e-06
7.11977e-06
7.12803e-06
6.96765e-06
6.7049e-06
6.39429e-06
6.06703e-06
5.73431e-06
5.40695e-06
5.10257e-06
4.8364e-06
4.60874e-06
4.4009e-06
4.18375e-06
3.93423e-06
3.6478e-06
3.34086e-06
3.04154e-06
2.77105e-06
2.54344e-06
2.35777e-06
2.2381e-06
2.18843e-06
2.19041e-06
2.2159e-06
2.27451e-06
2.41656e-06
2.65396e-06
2.90646e-06
3.07678e-06
3.15515e-06
3.24834e-06
3.49188e-06
3.89076e-06
4.28405e-06
4.4791e-06
4.39326e-06
4.11022e-06
3.82812e-06
3.7132e-06
3.77271e-06
3.89812e-06
3.99232e-06
4.01957e-06
3.9889e-06
3.92718e-06
3.86287e-06
3.8182e-06
3.80442e-06
3.822e-06
3.87124e-06
3.96001e-06
4.09236e-06
4.24844e-06
4.3727e-06
4.45637e-06
4.62615e-06
4.88238e-06
5.02263e-06
4.90655e-06
4.55064e-06
4.04405e-06
3.47743e-06
2.91675e-06
2.40123e-06
1.94933e-06
1.56565e-06
1.24605e-06
9.79868e-07
7.52643e-07
5.50464e-07
3.62749e-07
1.74446e-07
9.42203e-08
3.14569e-07
5.82567e-07
8.68507e-07
1.1512e-06
1.404e-06
1.59929e-06
1.71568e-06
1.74451e-06
1.69279e-06
1.58104e-06
1.43677e-06
1.28568e-06
1.144e-06
1.01546e-06
8.93986e-07
7.70319e-07
6.39421e-07
5.05643e-07
3.81329e-07
2.76082e-07
1.83732e-07
9.66021e-08
1.82905e-07
4.663e-07
8.47831e-07
1.2463e-06
1.56257e-06
1.72509e-06
1.72358e-06
1.60808e-06
1.4599e-06
1.35247e-06
1.32132e-06
1.36167e-06
1.44933e-06
1.55804e-06
1.66522e-06
1.75391e-06
1.81387e-06
1.84137e-06
1.8377e-06
1.80732e-06
1.75622e-06
1.6906e-06
1.61571e-06
1.53581e-06
1.45532e-06
1.3759e-06
1.29376e-06
1.20891e-06
1.12093e-06
1.0298e-06
9.42421e-07
8.71759e-07
8.34153e-07
8.4218e-07
8.97537e-07
9.90772e-07
1.10663e-06
1.22893e-06
1.34333e-06
1.43898e-06
1.50966e-06
1.55395e-06
1.57451e-06
1.57672e-06
1.56691e-06
1.55087e-06
1.53278e-06
1.51481e-06
1.49736e-06
1.47958e-06
1.46008e-06
1.43739e-06
1.41034e-06
1.37821e-06
1.34073e-06
1.29803e-06
1.25055e-06
1.19894e-06
1.14398e-06
1.0865e-06
1.02734e-06
9.67274e-07
9.07026e-07
8.47217e-07
7.8838e-07
7.30948e-07
6.75269e-07
6.21607e-07
5.70152e-07
5.21046e-07
4.74338e-07
4.30189e-07
3.88242e-07
3.50128e-07
3.10081e-07
9.22166e-06
4.43626e-06
2.54524e-06
1.3796e-06
1.30714e-06
2.73138e-06
4.35057e-06
5.64787e-06
6.5155e-06
7.03493e-06
7.27062e-06
7.2734e-06
7.09745e-06
6.82048e-06
6.49657e-06
6.15406e-06
5.80523e-06
5.4582e-06
5.12568e-06
4.82014e-06
4.54443e-06
4.28737e-06
4.02875e-06
3.75047e-06
3.44566e-06
3.12234e-06
2.79829e-06
2.49366e-06
2.23131e-06
2.02518e-06
1.88382e-06
1.78629e-06
1.71265e-06
1.70909e-06
1.88296e-06
2.22029e-06
2.5428e-06
2.71051e-06
2.76512e-06
2.91531e-06
3.32441e-06
3.90352e-06
4.4138e-06
4.65252e-06
4.54476e-06
4.17482e-06
3.75592e-06
3.51028e-06
3.50282e-06
3.62265e-06
3.7362e-06
3.78117e-06
3.75716e-06
3.69101e-06
3.61239e-06
3.54363e-06
3.49868e-06
3.48415e-06
3.49898e-06
3.53726e-06
3.59642e-06
3.67874e-06
3.77815e-06
3.87304e-06
3.9319e-06
3.96892e-06
4.06976e-06
4.23804e-06
4.33968e-06
4.27408e-06
4.03749e-06
3.68016e-06
3.26167e-06
2.83014e-06
2.41781e-06
2.04349e-06
1.71629e-06
1.44093e-06
1.22333e-06
1.07112e-06
9.92127e-07
9.97303e-07
1.08203e-06
1.22414e-06
1.39611e-06
1.56947e-06
1.71697e-06
1.81518e-06
1.84843e-06
1.81277e-06
1.71741e-06
1.58214e-06
1.43136e-06
1.28651e-06
1.15957e-06
1.05069e-06
9.51144e-07
8.49531e-07
7.38023e-07
6.16999e-07
4.9634e-07
3.89782e-07
3.00962e-07
2.09403e-07
9.45094e-08
2.35249e-07
5.91503e-07
1.00339e-06
1.35684e-06
1.55487e-06
1.56776e-06
1.44629e-06
1.29164e-06
1.19868e-06
1.20475e-06
1.2923e-06
1.42918e-06
1.58573e-06
1.7344e-06
1.85298e-06
1.92853e-06
1.95778e-06
1.94459e-06
1.89673e-06
1.8234e-06
1.73378e-06
1.63622e-06
1.53762e-06
1.44341e-06
1.35922e-06
1.28821e-06
1.22672e-06
1.17364e-06
1.1248e-06
1.0719e-06
1.01239e-06
9.51208e-07
9.01816e-07
8.81451e-07
9.01985e-07
9.63809e-07
1.05772e-06
1.17056e-06
1.28884e-06
1.40041e-06
1.49564e-06
1.56844e-06
1.6167e-06
1.64185e-06
1.64781e-06
1.6396e-06
1.6221e-06
1.59916e-06
1.57322e-06
1.54539e-06
1.51576e-06
1.48386e-06
1.44901e-06
1.41067e-06
1.3685e-06
1.32245e-06
1.27274e-06
1.21978e-06
1.16413e-06
1.10642e-06
1.04733e-06
9.87487e-07
9.27503e-07
8.67913e-07
8.09182e-07
7.51696e-07
6.95766e-07
6.41634e-07
5.89476e-07
5.39423e-07
4.91531e-07
4.45911e-07
4.02339e-07
3.61886e-07
3.20214e-07
9.20444e-06
5.01899e-06
2.32879e-06
3.94216e-07
1.20266e-06
2.93218e-06
4.61379e-06
5.94589e-06
6.79543e-06
7.25523e-06
7.43791e-06
7.38951e-06
7.1773e-06
6.87119e-06
6.52389e-06
6.16279e-06
5.79832e-06
5.43552e-06
5.08186e-06
4.74575e-06
4.43065e-06
4.13107e-06
3.83453e-06
3.52811e-06
3.2053e-06
2.86931e-06
2.52888e-06
2.20608e-06
1.91957e-06
1.66807e-06
1.42345e-06
1.18704e-06
1.10941e-06
1.39782e-06
1.87357e-06
2.22391e-06
2.32921e-06
2.35334e-06
2.63712e-06
3.26927e-06
3.99517e-06
4.5381e-06
4.73396e-06
4.54952e-06
4.08974e-06
3.57843e-06
3.26261e-06
3.23273e-06
3.36609e-06
3.50118e-06
3.56086e-06
3.54218e-06
3.4744e-06
3.39028e-06
3.31331e-06
3.25541e-06
3.22051e-06
3.20898e-06
3.21923e-06
3.24669e-06
3.28522e-06
3.33191e-06
3.38515e-06
3.43572e-06
3.46864e-06
3.46882e-06
3.44988e-06
3.48075e-06
3.57398e-06
3.65554e-06
3.65226e-06
3.54275e-06
3.3458e-06
3.09536e-06
2.82505e-06
2.56147e-06
2.32332e-06
2.12437e-06
1.97469e-06
1.87711e-06
1.82735e-06
1.82396e-06
1.85529e-06
1.90409e-06
1.95151e-06
1.97868e-06
1.9698e-06
1.91581e-06
1.81716e-06
1.68429e-06
1.5348e-06
1.3882e-06
1.25983e-06
1.15622e-06
1.07379e-06
1.0018e-06
9.27818e-07
8.43173e-07
7.46635e-07
6.45868e-07
5.54564e-07
4.82054e-07
4.18578e-07
3.34987e-07
2.51797e-07
4.04209e-07
7.72874e-07
1.14933e-06
1.39134e-06
1.43521e-06
1.32099e-06
1.16844e-06
1.09783e-06
1.14211e-06
1.26594e-06
1.43716e-06
1.62982e-06
1.81141e-06
1.9517e-06
2.03355e-06
2.05414e-06
2.02046e-06
1.9441e-06
1.83751e-06
1.71218e-06
1.57801e-06
1.44344e-06
1.31577e-06
1.20146e-06
1.10825e-06
1.04283e-06
1.00411e-06
9.92632e-07
1.00277e-06
1.01852e-06
1.02644e-06
1.01929e-06
1.00087e-06
9.85219e-07
9.89391e-07
1.02441e-06
1.09082e-06
1.18139e-06
1.28582e-06
1.39351e-06
1.49456e-06
1.58083e-06
1.6468e-06
1.69019e-06
1.71171e-06
1.71428e-06
1.70196e-06
1.67891e-06
1.64867e-06
1.61378e-06
1.57578e-06
1.53534e-06
1.49263e-06
1.44754e-06
1.39992e-06
1.34973e-06
1.29704e-06
1.24209e-06
1.18524e-06
1.12694e-06
1.06767e-06
1.00793e-06
9.48209e-07
8.88937e-07
8.30507e-07
7.7325e-07
7.17438e-07
6.63288e-07
6.1096e-07
5.60572e-07
5.12186e-07
4.65879e-07
4.21535e-07
3.79799e-07
3.375e-07
9.04409e-06
5.3562e-06
3.21872e-06
2.09526e-06
2.99834e-06
4.33688e-06
5.60338e-06
6.56743e-06
7.18982e-06
7.53782e-06
7.62722e-06
7.49896e-06
7.22462e-06
6.8722e-06
6.48943e-06
6.10156e-06
5.71772e-06
5.34013e-06
4.9712e-06
4.61439e-06
4.27142e-06
3.93935e-06
3.61077e-06
3.2771e-06
2.93221e-06
2.57455e-06
2.21252e-06
1.86201e-06
1.4967e-06
1.07625e-06
6.02737e-07
5.49616e-07
1.13759e-06
1.67202e-06
1.90303e-06
1.86999e-06
1.97877e-06
2.58721e-06
3.45152e-06
4.20445e-06
4.63601e-06
4.67038e-06
4.34156e-06
3.79109e-06
3.25458e-06
2.97204e-06
2.99828e-06
3.17074e-06
3.32006e-06
3.37927e-06
3.35577e-06
3.28466e-06
3.20014e-06
3.1243e-06
3.06665e-06
3.02823e-06
3.00609e-06
2.99685e-06
2.99861e-06
3.00978e-06
3.02675e-06
3.04451e-06
3.06083e-06
3.07489e-06
3.07816e-06
3.05847e-06
3.00504e-06
2.94045e-06
2.9106e-06
2.93669e-06
2.98984e-06
3.02363e-06
3.01032e-06
2.94729e-06
2.8474e-06
2.72797e-06
2.60524e-06
2.49325e-06
2.39993e-06
2.32654e-06
2.2676e-06
2.22155e-06
2.17932e-06
2.13066e-06
2.06588e-06
1.97769e-06
1.86366e-06
1.72801e-06
1.5814e-06
1.43815e-06
1.31191e-06
1.21136e-06
1.1377e-06
1.08467e-06
1.04094e-06
9.94322e-07
9.36258e-07
8.6513e-07
7.87154e-07
7.14163e-07
6.56514e-07
6.11217e-07
5.54699e-07
4.62797e-07
4.08715e-07
6.02429e-07
9.51262e-07
1.2329e-06
1.32609e-06
1.24064e-06
1.1064e-06
1.07089e-06
1.15467e-06
1.29901e-06
1.48205e-06
1.6936e-06
1.8983e-06
2.05425e-06
2.13724e-06
2.14439e-06
2.08636e-06
1.97899e-06
1.83801e-06
1.67678e-06
1.50572e-06
1.3327e-06
1.1639e-06
1.00492e-06
8.62171e-07
7.4625e-07
6.72169e-07
6.49141e-07
6.82969e-07
7.6426e-07
8.65525e-07
9.62513e-07
1.03714e-06
1.08252e-06
1.10469e-06
1.11911e-06
1.14298e-06
1.18719e-06
1.2534e-06
1.33659e-06
1.42895e-06
1.52211e-06
1.60806e-06
1.68003e-06
1.73333e-06
1.76589e-06
1.77814e-06
1.77242e-06
1.75214e-06
1.72093e-06
1.68202e-06
1.63794e-06
1.5904e-06
1.54044e-06
1.48859e-06
1.4351e-06
1.38009e-06
1.32365e-06
1.26596e-06
1.20722e-06
1.14773e-06
1.08781e-06
1.02783e-06
9.68128e-07
9.0905e-07
8.509e-07
7.93947e-07
7.38414e-07
6.84484e-07
6.32298e-07
5.81958e-07
5.33525e-07
4.87052e-07
4.42499e-07
4.00211e-07
3.57909e-07
8.59771e-06
5.27491e-06
7.75747e-06
9.05303e-06
9.24565e-06
8.74861e-06
8.16187e-06
8.02924e-06
8.13806e-06
8.11237e-06
7.9077e-06
7.58366e-06
7.19834e-06
6.78648e-06
6.36902e-06
5.95792e-06
5.55743e-06
5.16743e-06
4.78708e-06
4.416e-06
4.05328e-06
3.69587e-06
3.33838e-06
2.97395e-06
2.59401e-06
2.19736e-06
1.79102e-06
1.34552e-06
8.10187e-07
2.54697e-07
6.34077e-07
1.2108e-06
1.48685e-06
1.4069e-06
1.36519e-06
1.98962e-06
2.99345e-06
3.89646e-06
4.45852e-06
4.60495e-06
4.3686e-06
3.86073e-06
3.26652e-06
2.82659e-06
2.71399e-06
2.86262e-06
3.0695e-06
3.20316e-06
3.23518e-06
3.19239e-06
3.11531e-06
3.03572e-06
2.96995e-06
2.9218e-06
2.88854e-06
2.86576e-06
2.84949e-06
2.83681e-06
2.82627e-06
2.81789e-06
2.8111e-06
2.80283e-06
2.789e-06
2.77005e-06
2.74782e-06
2.71381e-06
2.65222e-06
2.56457e-06
2.4702e-06
2.3977e-06
2.36806e-06
2.37792e-06
2.40544e-06
2.42856e-06
2.43483e-06
2.42114e-06
2.39117e-06
2.35074e-06
2.30492e-06
2.2509e-06
2.18684e-06
2.11372e-06
2.02849e-06
1.92907e-06
1.81505e-06
1.689e-06
1.55729e-06
1.42951e-06
1.31606e-06
1.22492e-06
1.15917e-06
1.11642e-06
1.08975e-06
1.06931e-06
1.04472e-06
1.00841e-06
9.58892e-07
9.01762e-07
8.47386e-07
8.0537e-07
7.76075e-07
7.42775e-07
6.76021e-07
5.75223e-07
5.69696e-07
7.95799e-07
1.08095e-06
1.22849e-06
1.19426e-06
1.09984e-06
1.11574e-06
1.24713e-06
1.40453e-06
1.57723e-06
1.78552e-06
2.00082e-06
2.16732e-06
2.2495e-06
2.24288e-06
2.16208e-06
2.0278e-06
1.85931e-06
1.67179e-06
1.47611e-06
1.27953e-06
1.08643e-06
8.98997e-07
7.17996e-07
5.43932e-07
3.8092e-07
2.49691e-07
2.19735e-07
3.30322e-07
5.04672e-07
6.92051e-07
8.71208e-07
1.02479e-06
1.14082e-06
1.21712e-06
1.26254e-06
1.29341e-06
1.32645e-06
1.3722e-06
1.43304e-06
1.50551e-06
1.58348e-06
1.66004e-06
1.72855e-06
1.78341e-06
1.82077e-06
1.83899e-06
1.83857e-06
1.82158e-06
1.79102e-06
1.75015e-06
1.70193e-06
1.64878e-06
1.59248e-06
1.53421e-06
1.47472e-06
1.41442e-06
1.35358e-06
1.29238e-06
1.231e-06
1.1696e-06
1.10841e-06
1.04766e-06
9.87561e-07
9.28363e-07
8.70279e-07
8.13507e-07
7.58216e-07
7.04547e-07
6.5261e-07
6.02488e-07
5.54232e-07
5.07876e-07
4.63424e-07
4.21026e-07
3.78993e-07
2.04819e-05
1.75707e-05
1.72809e-05
1.77391e-05
1.81201e-05
1.79151e-05
1.67023e-05
1.44186e-05
1.18174e-05
9.87355e-06
8.73945e-06
7.95432e-06
7.27284e-06
6.66446e-06
6.13248e-06
5.66384e-06
5.23873e-06
4.84048e-06
4.45791e-06
4.08412e-06
3.71451e-06
3.34514e-06
2.97198e-06
2.59005e-06
2.20035e-06
1.81244e-06
1.42298e-06
1.08721e-06
1.0097e-06
1.17401e-06
1.21253e-06
9.04948e-07
7.25477e-07
1.6332e-06
2.82707e-06
3.84251e-06
4.4557e-06
4.5986e-06
4.32952e-06
3.78578e-06
3.15435e-06
2.66087e-06
2.49446e-06
2.63145e-06
2.8693e-06
3.04921e-06
3.12054e-06
3.10085e-06
3.03219e-06
2.95298e-06
2.88571e-06
2.83693e-06
2.80355e-06
2.77944e-06
2.75926e-06
2.7398e-06
2.71948e-06
2.69754e-06
2.67345e-06
2.64724e-06
2.61935e-06
2.58886e-06
2.55297e-06
2.50942e-06
2.46188e-06
2.41325e-06
2.35383e-06
2.27247e-06
2.17276e-06
2.06782e-06
1.97581e-06
1.91205e-06
1.88153e-06
1.87761e-06
1.88691e-06
1.89669e-06
1.89944e-06
1.89283e-06
1.87646e-06
1.84143e-06
1.79034e-06
1.72464e-06
1.64577e-06
1.55678e-06
1.46231e-06
1.36873e-06
1.2834e-06
1.21278e-06
1.16051e-06
1.12635e-06
1.1069e-06
1.09673e-06
1.08919e-06
1.07709e-06
1.05475e-06
1.02102e-06
9.81032e-07
9.4425e-07
9.19212e-07
9.06886e-07
8.94792e-07
8.56603e-07
7.69832e-07
6.75407e-07
7.29702e-07
9.55839e-07
1.14696e-06
1.1811e-06
1.14103e-06
1.2133e-06
1.40275e-06
1.58147e-06
1.73072e-06
1.91087e-06
2.12241e-06
2.29811e-06
2.38344e-06
2.36787e-06
2.26972e-06
2.11557e-06
1.92902e-06
1.7275e-06
1.52289e-06
1.32302e-06
1.13281e-06
9.54913e-07
7.90159e-07
6.37915e-07
4.96937e-07
3.68841e-07
2.70173e-07
2.45078e-07
3.21641e-07
4.74035e-07
6.59325e-07
8.55567e-07
1.04274e-06
1.20256e-06
1.32338e-06
1.40389e-06
1.45327e-06
1.48693e-06
1.51969e-06
1.56058e-06
1.61172e-06
1.67038e-06
1.73155e-06
1.78948e-06
1.83866e-06
1.87455e-06
1.89417e-06
1.89642e-06
1.88194e-06
1.85272e-06
1.81147e-06
1.76108e-06
1.70425e-06
1.64321e-06
1.57966e-06
1.51481e-06
1.44946e-06
1.38411e-06
1.31908e-06
1.25457e-06
1.19075e-06
1.12777e-06
1.06575e-06
1.00484e-06
9.4518e-07
8.86906e-07
8.30141e-07
7.74997e-07
7.21566e-07
6.69923e-07
6.2012e-07
5.72196e-07
5.2616e-07
4.82035e-07
4.39861e-07
3.98279e-07
2.48047e-05
2.23368e-05
2.02783e-05
1.91975e-05
1.88354e-05
1.88658e-05
1.89111e-05
1.85825e-05
1.72485e-05
1.45438e-05
1.13563e-05
8.84932e-06
7.24232e-06
6.22984e-06
5.52327e-06
4.97256e-06
4.51268e-06
4.11213e-06
3.75163e-06
3.41822e-06
3.10359e-06
2.80326e-06
2.5161e-06
2.24529e-06
1.99511e-06
1.75886e-06
1.54186e-06
1.31572e-06
9.68321e-07
3.68627e-07
6.52554e-07
1.72782e-06
2.82752e-06
3.71416e-06
4.20815e-06
4.24511e-06
3.88335e-06
3.27092e-06
2.60861e-06
2.12816e-06
2.00851e-06
2.18807e-06
2.4473e-06
2.64071e-06
2.72612e-06
2.72006e-06
2.6617e-06
2.58904e-06
2.52627e-06
2.48175e-06
2.453e-06
2.43346e-06
2.41704e-06
2.39981e-06
2.37988e-06
2.35671e-06
2.33044e-06
2.30126e-06
2.26908e-06
2.23361e-06
2.19475e-06
2.15244e-06
2.10592e-06
2.0537e-06
1.9957e-06
1.93581e-06
1.8776e-06
1.81367e-06
1.73946e-06
1.6555e-06
1.56898e-06
1.49026e-06
1.42813e-06
1.38632e-06
1.36249e-06
1.35071e-06
1.34507e-06
1.34147e-06
1.33336e-06
1.3146e-06
1.28752e-06
1.25249e-06
1.21153e-06
1.16766e-06
1.12452e-06
1.08589e-06
1.05457e-06
1.03156e-06
1.0159e-06
1.00558e-06
9.98326e-07
9.91608e-07
9.82187e-07
9.66821e-07
9.44637e-07
9.19444e-07
8.99076e-07
8.90889e-07
8.95806e-07
9.0408e-07
8.94802e-07
8.43309e-07
7.48815e-07
6.90472e-07
7.86885e-07
9.63529e-07
1.06272e-06
1.08931e-06
1.20026e-06
1.42862e-06
1.63379e-06
1.75867e-06
1.87849e-06
2.04668e-06
2.21048e-06
2.29725e-06
2.28357e-06
2.18661e-06
2.03625e-06
1.85859e-06
1.67173e-06
1.48731e-06
1.31318e-06
1.15499e-06
1.01673e-06
9.00536e-07
8.06438e-07
7.32258e-07
6.74064e-07
6.29817e-07
6.04233e-07
5.97368e-07
6.0954e-07
6.60416e-07
7.52441e-07
8.80991e-07
1.02937e-06
1.17573e-06
1.30084e-06
1.39345e-06
1.45296e-06
1.48792e-06
1.51118e-06
1.53414e-06
1.56308e-06
1.59898e-06
1.63926e-06
1.6797e-06
1.7157e-06
1.74303e-06
1.7584e-06
1.75993e-06
1.74717e-06
1.72103e-06
1.68333e-06
1.6364e-06
1.58263e-06
1.52422e-06
1.46299e-06
1.40036e-06
1.33732e-06
1.27457e-06
1.21253e-06
1.15148e-06
1.09158e-06
1.03295e-06
9.75649e-07
9.19759e-07
8.65336e-07
8.12439e-07
7.61121e-07
7.11431e-07
6.63411e-07
6.17091e-07
5.72493e-07
5.29628e-07
4.88492e-07
4.49097e-07
4.11434e-07
3.744e-07
1.12768e-05
1.12184e-05
1.1193e-05
1.1569e-05
1.2282e-05
1.31872e-05
1.4196e-05
1.52406e-05
1.61658e-05
1.64856e-05
1.55379e-05
1.3433e-05
1.08994e-05
8.61248e-06
6.86112e-06
5.63106e-06
4.78667e-06
4.18741e-06
3.73106e-06
3.35516e-06
3.02398e-06
2.7169e-06
2.42089e-06
2.12096e-06
1.79284e-06
1.43115e-06
1.13825e-06
1.25073e-06
1.89389e-06
2.79131e-06
3.68372e-06
4.34853e-06
4.62772e-06
4.4664e-06
3.92036e-06
3.13612e-06
2.32791e-06
1.77548e-06
1.7118e-06
1.99315e-06
2.31834e-06
2.54632e-06
2.65115e-06
2.65643e-06
2.60288e-06
2.5295e-06
2.46275e-06
2.41374e-06
2.38195e-06
2.36141e-06
2.34564e-06
2.32997e-06
2.31188e-06
2.29037e-06
2.26528e-06
2.23671e-06
2.20474e-06
2.16931e-06
2.13016e-06
2.08684e-06
2.0389e-06
1.9861e-06
1.92849e-06
1.8664e-06
1.79987e-06
1.72968e-06
1.66132e-06
1.59615e-06
1.53358e-06
1.471e-06
1.40732e-06
1.34557e-06
1.29081e-06
1.24706e-06
1.2157e-06
1.19575e-06
1.18515e-06
1.18023e-06
1.17395e-06
1.16565e-06
1.15487e-06
1.14117e-06
1.12517e-06
1.10785e-06
1.09035e-06
1.07349e-06
1.05738e-06
1.04161e-06
1.02583e-06
1.01027e-06
9.95278e-07
9.80322e-07
9.63881e-07
9.45229e-07
9.27045e-07
9.15972e-07
9.19074e-07
9.37717e-07
9.63043e-07
9.75976e-07
9.52515e-07
8.78104e-07
7.82052e-07
7.69135e-07
8.94568e-07
1.04079e-06
1.13657e-06
1.28654e-06
1.56427e-06
1.83994e-06
1.99438e-06
2.07747e-06
2.20234e-06
2.36276e-06
2.46727e-06
2.46576e-06
2.36929e-06
2.21332e-06
2.03016e-06
1.84087e-06
1.65754e-06
1.48788e-06
1.33789e-06
1.21244e-06
1.11434e-06
1.04332e-06
9.95754e-07
9.6548e-07
9.45128e-07
9.31727e-07
9.28952e-07
9.31262e-07
9.34844e-07
9.56807e-07
1.00369e-06
1.08329e-06
1.19248e-06
1.31673e-06
1.43633e-06
1.53433e-06
1.60237e-06
1.64221e-06
1.66316e-06
1.67673e-06
1.69187e-06
1.71258e-06
1.73847e-06
1.76649e-06
1.79253e-06
1.81246e-06
1.8228e-06
1.82114e-06
1.8064e-06
1.77877e-06
1.7395e-06
1.69053e-06
1.63409e-06
1.57239e-06
1.5074e-06
1.44073e-06
1.3736e-06
1.3069e-06
1.24122e-06
1.17693e-06
1.11423e-06
1.05327e-06
9.94081e-07
9.36708e-07
8.81161e-07
8.27445e-07
7.75565e-07
7.25522e-07
6.77316e-07
6.30942e-07
5.86392e-07
5.43655e-07
5.02707e-07
4.63542e-07
4.26144e-07
3.89388e-07
2.23217e-06
2.46169e-06
2.78458e-06
3.40808e-06
4.27414e-06
5.28501e-06
6.44377e-06
7.80115e-06
9.37777e-06
1.1062e-05
1.25108e-05
1.32676e-05
1.30909e-05
1.21105e-05
1.0683e-05
9.15958e-06
7.76315e-06
6.58749e-06
5.64371e-06
4.90529e-06
4.33709e-06
3.91193e-06
3.61665e-06
3.45265e-06
3.45361e-06
3.66743e-06
4.08055e-06
4.58806e-06
5.02816e-06
5.24327e-06
5.1314e-06
4.66441e-06
3.89607e-06
2.95115e-06
2.02113e-06
1.41234e-06
1.44132e-06
1.83958e-06
2.22374e-06
2.47629e-06
2.5926e-06
2.60453e-06
2.55366e-06
2.47794e-06
2.40423e-06
2.34595e-06
2.30542e-06
2.2787e-06
2.25999e-06
2.24434e-06
2.22851e-06
2.21077e-06
2.19037e-06
2.16705e-06
2.14058e-06
2.11067e-06
2.07687e-06
2.03865e-06
1.99547e-06
1.94685e-06
1.89241e-06
1.83202e-06
1.7658e-06
1.69476e-06
1.62041e-06
1.54413e-06
1.4687e-06
1.39879e-06
1.33718e-06
1.28611e-06
1.24418e-06
1.2096e-06
1.18186e-06
1.16123e-06
1.14797e-06
1.14207e-06
1.14247e-06
1.14634e-06
1.14938e-06
1.15134e-06
1.15055e-06
1.14634e-06
1.13836e-06
1.12648e-06
1.11073e-06
1.09121e-06
1.06819e-06
1.04253e-06
1.01591e-06
9.90346e-07
9.67025e-07
9.45796e-07
9.26405e-07
9.10975e-07
9.05228e-07
9.16019e-07
9.45514e-07
9.85845e-07
1.01864e-06
1.02045e-06
9.72993e-07
8.81768e-07
8.07305e-07
8.48058e-07
9.92905e-07
1.14813e-06
1.34022e-06
1.6564e-06
2.01463e-06
2.2463e-06
2.3271e-06
2.39452e-06
2.52919e-06
2.65108e-06
2.67172e-06
2.58292e-06
2.42336e-06
2.23393e-06
2.0406e-06
1.85598e-06
1.68642e-06
1.53704e-06
1.413e-06
1.3182e-06
1.25339e-06
1.21533e-06
1.1977e-06
1.19265e-06
1.19194e-06
1.19321e-06
1.20176e-06
1.21062e-06
1.21403e-06
1.22767e-06
1.25603e-06
1.30828e-06
1.38761e-06
1.48757e-06
1.59339e-06
1.68784e-06
1.75824e-06
1.80068e-06
1.81994e-06
1.82586e-06
1.82843e-06
1.83422e-06
1.84524e-06
1.86e-06
1.87507e-06
1.88649e-06
1.8906e-06
1.88462e-06
1.86691e-06
1.83711e-06
1.79591e-06
1.74486e-06
1.68592e-06
1.62123e-06
1.55279e-06
1.48236e-06
1.41133e-06
1.34076e-06
1.27138e-06
1.20368e-06
1.13796e-06
1.07437e-06
1.01298e-06
9.53804e-07
8.96824e-07
8.42006e-07
7.89313e-07
7.38702e-07
6.90135e-07
6.4357e-07
5.98968e-07
5.5629e-07
5.15494e-07
4.76543e-07
4.39436e-07
4.02927e-07
5.30026e-07
5.01689e-07
4.48521e-07
5.11883e-07
7.52196e-07
1.15367e-06
1.72302e-06
2.4858e-06
3.46222e-06
4.66922e-06
6.10578e-06
7.65145e-06
9.047e-06
1.00313e-05
1.04828e-05
1.04435e-05
1.0053e-05
9.46986e-06
8.82487e-06
8.20656e-06
7.66581e-06
7.22719e-06
6.89712e-06
6.66922e-06
6.5337e-06
6.44126e-06
6.27887e-06
5.94664e-06
5.3849e-06
4.58998e-06
3.61332e-06
2.55394e-06
1.57051e-06
1.00999e-06
1.25e-06
1.75799e-06
2.16856e-06
2.42287e-06
2.53796e-06
2.5514e-06
2.5034e-06
2.42851e-06
2.3513e-06
2.28543e-06
2.23531e-06
2.19942e-06
2.17372e-06
2.15403e-06
2.13712e-06
2.12096e-06
2.10439e-06
2.0867e-06
2.06732e-06
2.04561e-06
2.02079e-06
1.99199e-06
1.95832e-06
1.91891e-06
1.87305e-06
1.82023e-06
1.76028e-06
1.69334e-06
1.61988e-06
1.54101e-06
1.4589e-06
1.37617e-06
1.29531e-06
1.22134e-06
1.15721e-06
1.10748e-06
1.07429e-06
1.05668e-06
1.05189e-06
1.05661e-06
1.06811e-06
1.08462e-06
1.10417e-06
1.12251e-06
1.13742e-06
1.14763e-06
1.15217e-06
1.15053e-06
1.14235e-06
1.12757e-06
1.10641e-06
1.07949e-06
1.04807e-06
1.01424e-06
9.80606e-07
9.49278e-07
9.21231e-07
8.97132e-07
8.79491e-07
8.73987e-07
8.87602e-07
9.23364e-07
9.74677e-07
1.02382e-06
1.04714e-06
1.02505e-06
9.54379e-07
8.66033e-07
8.39552e-07
9.3956e-07
1.12482e-06
1.36392e-06
1.71238e-06
2.14472e-06
2.48976e-06
2.62936e-06
2.6539e-06
2.73259e-06
2.85796e-06
2.9085e-06
2.83584e-06
2.67356e-06
2.4736e-06
2.27096e-06
2.08054e-06
1.90666e-06
1.75182e-06
1.62029e-06
1.51709e-06
1.4452e-06
1.40341e-06
1.3864e-06
1.38655e-06
1.39577e-06
1.40632e-06
1.41674e-06
1.43401e-06
1.44847e-06
1.45436e-06
1.46701e-06
1.48951e-06
1.52965e-06
1.59187e-06
1.67382e-06
1.76549e-06
1.85215e-06
1.92022e-06
1.96244e-06
1.97976e-06
1.97957e-06
1.9716e-06
1.9639e-06
1.96061e-06
1.96191e-06
1.96536e-06
1.9673e-06
1.96403e-06
1.9525e-06
1.93068e-06
1.89773e-06
1.8539e-06
1.80034e-06
1.73874e-06
1.67109e-06
1.59938e-06
1.52539e-06
1.45065e-06
1.37633e-06
1.30331e-06
1.23219e-06
1.16334e-06
1.09696e-06
1.03316e-06
9.71939e-07
9.13277e-07
8.5711e-07
8.03366e-07
7.51971e-07
7.02847e-07
6.55921e-07
6.11123e-07
5.68385e-07
5.27646e-07
4.88832e-07
4.51976e-07
4.15626e-07
3.08427e-07
3.48577e-07
3.82083e-07
4.0744e-07
4.37576e-07
5.16405e-07
6.90016e-07
9.83959e-07
1.39954e-06
1.89558e-06
2.42423e-06
3.01822e-06
3.77291e-06
4.69012e-06
5.63659e-06
6.455e-06
7.04902e-06
7.39565e-06
7.52181e-06
7.47548e-06
7.3053e-06
7.04854e-06
6.72392e-06
6.33616e-06
5.86367e-06
5.24783e-06
4.47963e-06
3.57902e-06
2.59335e-06
1.60044e-06
7.64469e-07
7.34398e-07
1.31926e-06
1.83723e-06
2.19871e-06
2.40962e-06
2.49904e-06
2.50281e-06
2.45505e-06
2.38346e-06
2.30747e-06
2.23838e-06
2.18093e-06
2.13542e-06
2.09989e-06
2.0718e-06
2.04888e-06
2.02951e-06
2.01261e-06
1.99737e-06
1.98303e-06
1.96865e-06
1.95314e-06
1.93522e-06
1.91359e-06
1.88695e-06
1.85412e-06
1.81409e-06
1.76609e-06
1.70966e-06
1.6447e-06
1.57164e-06
1.49134e-06
1.40519e-06
1.31551e-06
1.22558e-06
1.13903e-06
1.06072e-06
9.95145e-07
9.46056e-07
9.1705e-07
9.08417e-07
9.17207e-07
9.38804e-07
9.6868e-07
1.00301e-06
1.03748e-06
1.06769e-06
1.09227e-06
1.10971e-06
1.11922e-06
1.12032e-06
1.11286e-06
1.09706e-06
1.0735e-06
1.04332e-06
1.00839e-06
9.71158e-07
9.34024e-07
8.98732e-07
8.6697e-07
8.42237e-07
8.31098e-07
8.41426e-07
8.77325e-07
9.33522e-07
9.93339e-07
1.03304e-06
1.03187e-06
9.83496e-07
9.05798e-07
8.51462e-07
8.98207e-07
1.07499e-06
1.35082e-06
1.73116e-06
2.2166e-06
2.68035e-06
2.94196e-06
2.98092e-06
2.98629e-06
3.08128e-06
3.16223e-06
3.11964e-06
2.96068e-06
2.74657e-06
2.52735e-06
2.32496e-06
2.14283e-06
1.9794e-06
1.8358e-06
1.7168e-06
1.62772e-06
1.57078e-06
1.54331e-06
1.53873e-06
1.54893e-06
1.56609e-06
1.58329e-06
1.60002e-06
1.62481e-06
1.64496e-06
1.65533e-06
1.67056e-06
1.69355e-06
1.73067e-06
1.78589e-06
1.85816e-06
1.9402e-06
2.01985e-06
2.0843e-06
2.12491e-06
2.1401e-06
2.13495e-06
2.11826e-06
2.09873e-06
2.0821e-06
2.07023e-06
2.0618e-06
2.05371e-06
2.04234e-06
2.02447e-06
1.99775e-06
1.96095e-06
1.91393e-06
1.85747e-06
1.79302e-06
1.72238e-06
1.64745e-06
1.57003e-06
1.49171e-06
1.41376e-06
1.33716e-06
1.2626e-06
1.19055e-06
1.12126e-06
1.05486e-06
9.91401e-07
9.30831e-07
8.73083e-07
8.18063e-07
7.65667e-07
7.15789e-07
6.68325e-07
6.23176e-07
5.80248e-07
5.39459e-07
5.00692e-07
4.64029e-07
4.27749e-07
5.06021e-08
9.9799e-08
1.85309e-07
3.08102e-07
4.57869e-07
6.1631e-07
7.71055e-07
9.27731e-07
1.11915e-06
1.39044e-06
1.73229e-06
2.05572e-06
2.26925e-06
2.36007e-06
2.40451e-06
2.50316e-06
2.69187e-06
2.92379e-06
3.12526e-06
3.24094e-06
3.24197e-06
3.11782e-06
2.86723e-06
2.49023e-06
1.97407e-06
1.35139e-06
6.74315e-07
1.93465e-07
7.77564e-07
1.33717e-06
1.79079e-06
2.1245e-06
2.34109e-06
2.45537e-06
2.48957e-06
2.46822e-06
2.4138e-06
2.3441e-06
2.27139e-06
2.20285e-06
2.14182e-06
2.08914e-06
2.04431e-06
2.00633e-06
1.97427e-06
1.94744e-06
1.92535e-06
1.90756e-06
1.89347e-06
1.88223e-06
1.87267e-06
1.86336e-06
1.85272e-06
1.83908e-06
1.82082e-06
1.79644e-06
1.76459e-06
1.72419e-06
1.67444e-06
1.61492e-06
1.5456e-06
1.46702e-06
1.38031e-06
1.28721e-06
1.1902e-06
1.09288e-06
9.99624e-07
9.15528e-07
8.4724e-07
7.99093e-07
7.74502e-07
7.73646e-07
7.93053e-07
8.27262e-07
8.70496e-07
9.16946e-07
9.61131e-07
1.00036e-06
1.03253e-06
1.05624e-06
1.07066e-06
1.07536e-06
1.0703e-06
1.05578e-06
1.03251e-06
1.00178e-06
9.65489e-07
9.25777e-07
8.84618e-07
8.44326e-07
8.09262e-07
7.87171e-07
7.87534e-07
8.16214e-07
8.6947e-07
9.31908e-07
9.80524e-07
9.94119e-07
9.64689e-07
9.0538e-07
8.53612e-07
8.71482e-07
1.01965e-06
1.30713e-06
1.71616e-06
2.23674e-06
2.79439e-06
3.21059e-06
3.3499e-06
3.31319e-06
3.33388e-06
3.42478e-06
3.42763e-06
3.28672e-06
3.05839e-06
2.81314e-06
2.58864e-06
2.39207e-06
2.21788e-06
2.06152e-06
1.92447e-06
1.81262e-06
1.73174e-06
1.68342e-06
1.66396e-06
1.66602e-06
1.68141e-06
1.70264e-06
1.72357e-06
1.74462e-06
1.77556e-06
1.8018e-06
1.81791e-06
1.83805e-06
1.86528e-06
1.9049e-06
1.96012e-06
2.02985e-06
2.10791e-06
2.18374e-06
2.2456e-06
2.28463e-06
2.29785e-06
2.28869e-06
2.2649e-06
2.23531e-06
2.20674e-06
2.18249e-06
2.16248e-06
2.14428e-06
2.12452e-06
2.09988e-06
2.06777e-06
2.02664e-06
1.976e-06
1.91633e-06
1.84881e-06
1.77508e-06
1.69693e-06
1.61615e-06
1.53435e-06
1.45285e-06
1.37273e-06
1.29476e-06
1.21947e-06
1.1472e-06
1.0781e-06
1.01224e-06
9.49599e-07
8.9009e-07
8.33608e-07
7.8003e-07
7.29226e-07
6.81066e-07
6.35426e-07
5.92182e-07
5.51236e-07
5.12422e-07
4.75886e-07
4.39581e-07
5.61199e-08
1.07088e-07
1.90686e-07
3.10571e-07
4.60353e-07
6.26587e-07
7.96126e-07
9.59464e-07
1.11172e-06
1.26158e-06
1.43988e-06
1.67359e-06
1.94174e-06
2.18232e-06
2.33825e-06
2.38641e-06
2.33734e-06
2.22063e-06
2.06949e-06
1.91172e-06
1.76879e-06
1.66022e-06
1.60602e-06
1.62441e-06
1.71435e-06
1.86061e-06
2.03617e-06
2.20678e-06
2.34656e-06
2.44309e-06
2.4934e-06
2.50155e-06
2.47613e-06
2.42763e-06
2.366e-06
2.29906e-06
2.23205e-06
2.16792e-06
2.10805e-06
2.0529e-06
2.00255e-06
1.95699e-06
1.91632e-06
1.88077e-06
1.85062e-06
1.82606e-06
1.80706e-06
1.79326e-06
1.78387e-06
1.77775e-06
1.77344e-06
1.76924e-06
1.76334e-06
1.75386e-06
1.739e-06
1.71706e-06
1.68658e-06
1.64635e-06
1.59553e-06
1.53369e-06
1.46085e-06
1.37761e-06
1.28522e-06
1.18561e-06
1.08148e-06
9.76537e-07
8.75771e-07
7.84976e-07
7.1159e-07
6.62782e-07
6.4248e-07
6.50435e-07
6.8162e-07
7.28502e-07
7.83299e-07
8.39123e-07
8.91594e-07
9.38008e-07
9.76246e-07
1.00509e-06
1.02378e-06
1.03192e-06
1.02943e-06
1.01654e-06
9.93911e-07
9.62709e-07
9.24465e-07
8.80848e-07
8.3414e-07
7.88824e-07
7.53126e-07
7.3793e-07
7.51493e-07
7.92462e-07
8.47218e-07
8.94394e-07
9.14075e-07
8.98197e-07
8.57932e-07
8.23976e-07
8.43132e-07
9.726e-07
1.25135e-06
1.675e-06
2.21887e-06
2.83467e-06
3.39091e-06
3.69925e-06
3.71057e-06
3.64325e-06
3.69205e-06
3.7429e-06
3.646e-06
3.41483e-06
3.13655e-06
2.87577e-06
2.65337e-06
2.46364e-06
2.29523e-06
2.14264e-06
2.00846e-06
1.89981e-06
1.82284e-06
1.77872e-06
1.76304e-06
1.76807e-06
1.78564e-06
1.80867e-06
1.83157e-06
1.85573e-06
1.89165e-06
1.9238e-06
1.94615e-06
1.9726e-06
2.00638e-06
2.0518e-06
2.11137e-06
2.18355e-06
2.26227e-06
2.33777e-06
2.39907e-06
2.43753e-06
2.44954e-06
2.43747e-06
2.40821e-06
2.37045e-06
2.33168e-06
2.29636e-06
2.26551e-06
2.23752e-06
2.20937e-06
2.17779e-06
2.14002e-06
2.09423e-06
2.03968e-06
1.97654e-06
1.9058e-06
1.82889e-06
1.74753e-06
1.66344e-06
1.57823e-06
1.49329e-06
1.40974e-06
1.32841e-06
1.24992e-06
1.17464e-06
1.10279e-06
1.03445e-06
9.69618e-07
9.08215e-07
8.50129e-07
7.95222e-07
7.43348e-07
6.94355e-07
6.48094e-07
6.04419e-07
5.63213e-07
5.24261e-07
4.87779e-07
4.51354e-07
9.33925e-08
1.35331e-07
2.04114e-07
3.03059e-07
4.29367e-07
5.74688e-07
7.29758e-07
8.87225e-07
1.04041e-06
1.18286e-06
1.31383e-06
1.44432e-06
1.59191e-06
1.76426e-06
1.9489e-06
2.12139e-06
2.26056e-06
2.35714e-06
2.41385e-06
2.44123e-06
2.45244e-06
2.45876e-06
2.46734e-06
2.47979e-06
2.49262e-06
2.50168e-06
2.50151e-06
2.48884e-06
2.46305e-06
2.42582e-06
2.38003e-06
2.32885e-06
2.27509e-06
2.22071e-06
2.16681e-06
2.11384e-06
2.06194e-06
2.01119e-06
1.96185e-06
1.91437e-06
1.86941e-06
1.82778e-06
1.79034e-06
1.7579e-06
1.73111e-06
1.71031e-06
1.69548e-06
1.68618e-06
1.68157e-06
1.68044e-06
1.68122e-06
1.68211e-06
1.68111e-06
1.67617e-06
1.66525e-06
1.64646e-06
1.61814e-06
1.57893e-06
1.52793e-06
1.46467e-06
1.38922e-06
1.30223e-06
1.205e-06
1.09953e-06
9.88654e-07
8.76088e-07
7.66975e-07
6.68113e-07
5.87822e-07
5.36101e-07
5.19528e-07
5.3738e-07
5.81547e-07
6.41069e-07
7.06363e-07
7.70954e-07
8.3086e-07
8.83256e-07
9.26526e-07
9.59614e-07
9.8186e-07
9.92892e-07
9.92561e-07
9.81001e-07
9.58704e-07
9.26478e-07
8.85369e-07
8.37089e-07
7.85415e-07
7.3777e-07
7.0493e-07
6.96829e-07
7.15308e-07
7.49899e-07
7.82251e-07
7.96136e-07
7.86619e-07
7.64841e-07
7.56531e-07
7.97177e-07
9.30884e-07
1.20107e-06
1.62326e-06
2.17737e-06
2.8219e-06
3.47204e-06
3.96063e-06
4.12511e-06
4.03419e-06
3.98227e-06
4.04495e-06
4.01982e-06
3.81678e-06
3.51044e-06
3.19896e-06
2.93233e-06
2.71495e-06
2.53142e-06
2.36695e-06
2.2161e-06
2.08262e-06
1.97468e-06
1.89886e-06
1.85614e-06
1.84174e-06
1.84766e-06
1.86582e-06
1.88944e-06
1.91337e-06
1.93981e-06
1.97975e-06
2.01722e-06
2.04585e-06
2.07913e-06
2.12057e-06
2.17352e-06
2.23985e-06
2.31743e-06
2.4e-06
2.47796e-06
2.54079e-06
2.58008e-06
2.592e-06
2.57828e-06
2.54521e-06
2.50121e-06
2.45416e-06
2.40935e-06
2.3688e-06
2.33169e-06
2.29547e-06
2.25702e-06
2.21351e-06
2.16293e-06
2.10429e-06
2.03756e-06
1.96349e-06
1.88338e-06
1.79882e-06
1.71149e-06
1.62299e-06
1.53472e-06
1.44785e-06
1.36326e-06
1.28163e-06
1.20338e-06
1.12877e-06
1.05791e-06
9.90826e-07
9.27445e-07
8.67655e-07
8.11312e-07
7.58256e-07
7.08318e-07
6.61333e-07
6.17128e-07
5.75574e-07
5.36402e-07
4.9991e-07
4.63281e-07
1.22393e-07
1.60886e-07
2.19745e-07
3.015e-07
4.05297e-07
5.26154e-07
6.57573e-07
7.94109e-07
9.31483e-07
1.06507e-06
1.19005e-06
1.30402e-06
1.4094e-06
1.51243e-06
1.61886e-06
1.72962e-06
1.8402e-06
1.94344e-06
2.03315e-06
2.10601e-06
2.16136e-06
2.20056e-06
2.22578e-06
2.23849e-06
2.2421e-06
2.23583e-06
2.22241e-06
2.20371e-06
2.18089e-06
2.15501e-06
2.12678e-06
2.09646e-06
2.06399e-06
2.02921e-06
1.99204e-06
1.95257e-06
1.91116e-06
1.86844e-06
1.82526e-06
1.78265e-06
1.74174e-06
1.70371e-06
1.66967e-06
1.64058e-06
1.61719e-06
1.59994e-06
1.58891e-06
1.58375e-06
1.58371e-06
1.58756e-06
1.5937e-06
1.60016e-06
1.60476e-06
1.60517e-06
1.59907e-06
1.58433e-06
1.55904e-06
1.52173e-06
1.47139e-06
1.40755e-06
1.3303e-06
1.24038e-06
1.13912e-06
1.02855e-06
9.11427e-07
7.91443e-07
6.73524e-07
5.64762e-07
4.75229e-07
4.18129e-07
4.04838e-07
4.34205e-07
4.92572e-07
5.64657e-07
6.4003e-07
7.12541e-07
7.78438e-07
8.35624e-07
8.82835e-07
9.19269e-07
9.44406e-07
9.5789e-07
9.59509e-07
9.49239e-07
9.27249e-07
8.939e-07
8.50115e-07
7.98488e-07
7.44627e-07
6.97234e-07
6.65403e-07
6.52929e-07
6.53633e-07
6.54668e-07
6.47211e-07
6.3492e-07
6.32654e-07
6.58179e-07
7.31275e-07
8.84396e-07
1.15822e-06
1.5754e-06
2.12683e-06
2.77876e-06
3.47417e-06
4.0985e-06
4.46788e-06
4.48048e-06
4.33637e-06
4.32857e-06
4.3723e-06
4.24636e-06
3.94293e-06
3.5777e-06
3.24505e-06
2.97781e-06
2.76649e-06
2.58874e-06
2.42771e-06
2.27815e-06
2.14465e-06
2.03622e-06
1.95999e-06
1.91715e-06
1.90278e-06
1.90878e-06
1.9271e-06
1.95108e-06
1.97579e-06
2.00399e-06
2.0471e-06
2.08924e-06
2.12371e-06
2.16359e-06
2.21274e-06
2.27369e-06
2.34768e-06
2.43204e-06
2.52015e-06
2.60233e-06
2.66824e-06
2.70961e-06
2.72256e-06
2.70849e-06
2.67319e-06
2.62485e-06
2.5715e-06
2.51902e-06
2.47019e-06
2.42496e-06
2.38128e-06
2.33628e-06
2.28717e-06
2.23182e-06
2.16907e-06
2.0987e-06
2.02129e-06
1.938e-06
1.85031e-06
1.75984e-06
1.66817e-06
1.57671e-06
1.48665e-06
1.39894e-06
1.31426e-06
1.23311e-06
1.15579e-06
1.08243e-06
1.01308e-06
9.47686e-07
8.86138e-07
8.28292e-07
7.7398e-07
7.23021e-07
6.75234e-07
6.30426e-07
5.88454e-07
5.48999e-07
5.12444e-07
4.75537e-07
1.49769e-07
1.8597e-07
2.38011e-07
3.07529e-07
3.94382e-07
4.95599e-07
6.0655e-07
7.2275e-07
8.4069e-07
9.57366e-07
1.0697e-06
1.17479e-06
1.27078e-06
1.3577e-06
1.43723e-06
1.51161e-06
1.58234e-06
1.64951e-06
1.71197e-06
1.76808e-06
1.81634e-06
1.85625e-06
1.88784e-06
1.91143e-06
1.92869e-06
1.93993e-06
1.94733e-06
1.95062e-06
1.94951e-06
1.94389e-06
1.93364e-06
1.91861e-06
1.89877e-06
1.87422e-06
1.84527e-06
1.81244e-06
1.77648e-06
1.73834e-06
1.69908e-06
1.65991e-06
1.62208e-06
1.58685e-06
1.55542e-06
1.52888e-06
1.50812e-06
1.49376e-06
1.48608e-06
1.48488e-06
1.48949e-06
1.4987e-06
1.5108e-06
1.52361e-06
1.53466e-06
1.54131e-06
1.54091e-06
1.53102e-06
1.50954e-06
1.47483e-06
1.42582e-06
1.36205e-06
1.28369e-06
1.19156e-06
1.08705e-06
9.72203e-07
8.4966e-07
7.2282e-07
5.96195e-07
4.76312e-07
3.74064e-07
3.07671e-07
2.97561e-07
3.41881e-07
4.16442e-07
5.01131e-07
5.85443e-07
6.64122e-07
7.34509e-07
7.95185e-07
8.45324e-07
8.84403e-07
9.12029e-07
9.27851e-07
9.31547e-07
9.22836e-07
9.01515e-07
8.67749e-07
8.22874e-07
7.70329e-07
7.15621e-07
6.6442e-07
6.189e-07
5.75006e-07
5.26469e-07
4.77245e-07
4.51017e-07
4.74395e-07
5.45547e-07
6.54965e-07
8.27642e-07
1.11115e-06
1.5303e-06
2.07617e-06
2.72137e-06
3.42625e-06
4.12195e-06
4.66923e-06
4.88698e-06
4.76835e-06
4.62903e-06
4.66768e-06
4.65581e-06
4.41928e-06
4.02813e-06
3.61797e-06
3.2719e-06
3.00683e-06
2.80234e-06
2.63096e-06
2.47434e-06
2.32712e-06
2.19421e-06
2.08529e-06
2.00824e-06
1.96483e-06
1.95028e-06
1.95628e-06
1.97486e-06
1.99947e-06
2.02517e-06
2.05496e-06
2.10058e-06
2.14673e-06
2.18632e-06
2.23194e-06
2.28797e-06
2.35632e-06
2.43772e-06
2.52898e-06
2.6231e-06
2.71022e-06
2.78e-06
2.82429e-06
2.8392e-06
2.82591e-06
2.78989e-06
2.73903e-06
2.68137e-06
2.62313e-06
2.56767e-06
2.51557e-06
2.4653e-06
2.4143e-06
2.35989e-06
2.29994e-06
2.23317e-06
2.15922e-06
2.07852e-06
1.99212e-06
1.9014e-06
1.80794e-06
1.71325e-06
1.61877e-06
1.5257e-06
1.435e-06
1.34743e-06
1.2635e-06
1.18355e-06
1.10776e-06
1.03618e-06
9.68777e-07
9.05462e-07
8.46088e-07
7.90483e-07
7.3846e-07
6.89824e-07
6.44365e-07
6.01931e-07
5.62149e-07
5.25495e-07
4.88254e-07
1.71246e-07
2.05431e-07
2.52225e-07
3.12596e-07
3.86586e-07
4.72415e-07
5.66867e-07
6.66369e-07
7.67805e-07
8.68625e-07
9.66647e-07
1.05998e-06
1.14706e-06
1.22688e-06
1.29917e-06
1.36439e-06
1.42343e-06
1.47721e-06
1.52642e-06
1.57135e-06
1.61201e-06
1.64868e-06
1.6813e-06
1.70959e-06
1.73336e-06
1.75294e-06
1.7689e-06
1.78039e-06
1.78703e-06
1.78856e-06
1.78473e-06
1.77542e-06
1.76066e-06
1.74066e-06
1.71581e-06
1.68672e-06
1.65417e-06
1.61909e-06
1.58256e-06
1.54579e-06
1.51005e-06
1.47665e-06
1.44691e-06
1.42208e-06
1.40326e-06
1.39132e-06
1.38673e-06
1.38949e-06
1.39901e-06
1.41407e-06
1.43277e-06
1.45269e-06
1.47099e-06
1.48464e-06
1.49064e-06
1.48624e-06
1.46911e-06
1.4375e-06
1.39032e-06
1.32715e-06
1.24827e-06
1.15459e-06
1.04765e-06
9.2949e-07
8.02662e-07
6.7022e-07
5.35921e-07
4.04979e-07
2.86754e-07
2.03873e-07
1.97656e-07
2.64191e-07
3.57083e-07
4.5311e-07
5.44166e-07
6.27046e-07
7.00301e-07
7.63205e-07
8.1537e-07
8.56521e-07
8.86363e-07
9.04508e-07
9.10462e-07
9.03658e-07
8.83664e-07
8.50693e-07
8.06127e-07
7.52218e-07
6.90362e-07
6.18508e-07
5.30233e-07
4.20437e-07
3.03158e-07
2.46343e-07
3.17288e-07
4.4337e-07
5.77828e-07
7.56164e-07
1.04484e-06
1.4721e-06
2.01953e-06
2.65487e-06
3.34775e-06
4.06081e-06
4.71407e-06
5.1465e-06
5.20208e-06
4.99769e-06
4.91299e-06
4.97768e-06
4.8824e-06
4.53903e-06
4.07516e-06
3.63062e-06
3.27588e-06
3.01489e-06
2.8185e-06
2.65517e-06
2.50512e-06
2.36254e-06
2.23213e-06
2.12392e-06
2.04681e-06
2.00366e-06
1.98996e-06
1.99695e-06
2.01628e-06
2.04147e-06
2.06774e-06
2.09849e-06
2.14576e-06
2.19509e-06
2.23884e-06
2.28882e-06
2.35023e-06
2.42466e-06
2.51241e-06
2.60986e-06
2.70961e-06
2.80157e-06
2.87538e-06
2.92297e-06
2.94048e-06
2.92895e-06
2.89355e-06
2.84189e-06
2.78185e-06
2.71978e-06
2.65945e-06
2.6019e-06
2.5461e-06
2.48983e-06
2.4306e-06
2.36633e-06
2.29572e-06
2.21831e-06
2.13445e-06
2.04507e-06
1.95147e-06
1.85517e-06
1.75766e-06
1.66035e-06
1.56446e-06
1.47099e-06
1.3807e-06
1.29415e-06
1.2117e-06
1.13357e-06
1.05984e-06
9.90494e-07
9.25444e-07
8.64556e-07
8.07661e-07
7.54564e-07
7.05065e-07
6.58938e-07
6.16023e-07
5.75894e-07
5.39127e-07
5.01517e-07
1.88756e-07
2.21041e-07
2.63485e-07
3.16621e-07
3.80464e-07
4.53888e-07
5.34665e-07
6.2007e-07
7.07501e-07
7.94719e-07
8.79861e-07
9.61442e-07
1.03836e-06
1.10989e-06
1.17566e-06
1.23567e-06
1.2902e-06
1.33979e-06
1.38506e-06
1.42651e-06
1.46456e-06
1.49974e-06
1.53187e-06
1.56092e-06
1.58603e-06
1.60784e-06
1.62618e-06
1.64036e-06
1.64997e-06
1.65463e-06
1.65401e-06
1.64796e-06
1.63644e-06
1.61962e-06
1.59783e-06
1.57162e-06
1.54168e-06
1.5089e-06
1.47433e-06
1.43916e-06
1.40469e-06
1.37232e-06
1.3435e-06
1.31969e-06
1.30224e-06
1.29227e-06
1.29054e-06
1.29727e-06
1.31196e-06
1.3333e-06
1.35921e-06
1.38688e-06
1.41306e-06
1.4343e-06
1.44721e-06
1.44875e-06
1.43642e-06
1.40836e-06
1.36348e-06
1.30144e-06
1.22264e-06
1.12816e-06
1.01968e-06
8.9936e-07
7.69726e-07
6.33604e-07
4.94073e-07
3.54643e-07
2.20508e-07
1.08974e-07
1.10611e-07
2.11072e-07
3.20238e-07
4.23618e-07
5.18166e-07
6.02797e-07
6.77073e-07
7.40842e-07
7.94049e-07
8.36594e-07
8.68217e-07
8.88435e-07
8.96544e-07
8.91722e-07
8.73284e-07
8.40857e-07
7.93912e-07
7.3023e-07
6.44016e-07
5.26064e-07
3.69021e-07
1.77354e-07
4.79059e-08
2.27931e-07
3.76337e-07
4.94866e-07
6.55084e-07
9.4525e-07
1.38622e-06
1.94317e-06
2.57278e-06
3.24437e-06
3.93892e-06
4.62467e-06
5.20567e-06
5.50099e-06
5.40636e-06
5.17699e-06
5.17537e-06
5.23525e-06
5.04432e-06
4.60758e-06
4.08569e-06
3.61433e-06
3.25399e-06
2.99889e-06
2.81253e-06
2.65968e-06
2.51901e-06
2.38403e-06
2.2588e-06
2.15335e-06
2.07769e-06
2.03623e-06
2.02509e-06
2.03522e-06
2.05731e-06
2.08394e-06
2.10996e-06
2.13975e-06
2.18644e-06
2.23725e-06
2.28376e-06
2.33635e-06
2.40133e-06
2.48024e-06
2.57301e-06
2.67559e-06
2.78019e-06
2.87647e-06
2.95406e-06
3.005e-06
3.0255e-06
3.01651e-06
2.98295e-06
2.93206e-06
2.87147e-06
2.80747e-06
2.74402e-06
2.68253e-06
2.62237e-06
2.56168e-06
2.49821e-06
2.43003e-06
2.35585e-06
2.27519e-06
2.18834e-06
2.09614e-06
1.99985e-06
1.90091e-06
1.80079e-06
1.70089e-06
1.60242e-06
1.50639e-06
1.41359e-06
1.32461e-06
1.23985e-06
1.15953e-06
1.08376e-06
1.01256e-06
9.45847e-07
8.83498e-07
8.25347e-07
7.71202e-07
7.20857e-07
6.74075e-07
6.30688e-07
5.90221e-07
5.53352e-07
5.15363e-07
2.03195e-07
2.33578e-07
2.72207e-07
3.19359e-07
3.74971e-07
4.38271e-07
5.07675e-07
5.81131e-07
6.56532e-07
7.31981e-07
8.05869e-07
8.76914e-07
9.44195e-07
1.00715e-06
1.06555e-06
1.1194e-06
1.16893e-06
1.21453e-06
1.25663e-06
1.29562e-06
1.33195e-06
1.36599e-06
1.39758e-06
1.42687e-06
1.45287e-06
1.47624e-06
1.49639e-06
1.51277e-06
1.52487e-06
1.53224e-06
1.5345e-06
1.53138e-06
1.52278e-06
1.50879e-06
1.48965e-06
1.46581e-06
1.43794e-06
1.40687e-06
1.37362e-06
1.33937e-06
1.30548e-06
1.27341e-06
1.2448e-06
1.2213e-06
1.20457e-06
1.19609e-06
1.19696e-06
1.20762e-06
1.22767e-06
1.25566e-06
1.28919e-06
1.32506e-06
1.35958e-06
1.38889e-06
1.40927e-06
1.4174e-06
1.41058e-06
1.38684e-06
1.34506e-06
1.28497e-06
1.20711e-06
1.11276e-06
1.00381e-06
8.82626e-07
7.51921e-07
6.14584e-07
4.73559e-07
3.3171e-07
1.91726e-07
5.64416e-08
7.52333e-08
1.96987e-07
3.10302e-07
4.14072e-07
5.07774e-07
5.91194e-07
6.64334e-07
7.27306e-07
7.80218e-07
8.23025e-07
8.55416e-07
8.76749e-07
8.86048e-07
8.82013e-07
8.62923e-07
8.2615e-07
7.67103e-07
6.78518e-07
5.52769e-07
3.90971e-07
2.25405e-07
1.80231e-07
2.7499e-07
3.45213e-07
3.79689e-07
5.00184e-07
8.11756e-07
1.282e-06
1.85192e-06
2.47469e-06
3.11821e-06
3.7695e-06
4.42817e-06
5.0668e-06
5.56244e-06
5.7134e-06
5.49948e-06
5.30719e-06
5.39166e-06
5.4197e-06
5.13773e-06
4.62731e-06
4.06104e-06
3.56835e-06
3.20462e-06
2.95725e-06
2.78316e-06
2.64348e-06
2.51505e-06
2.39051e-06
2.27317e-06
2.17264e-06
2.09992e-06
2.06098e-06
2.05277e-06
2.06673e-06
2.09312e-06
2.12337e-06
2.15072e-06
2.17965e-06
2.22395e-06
2.27358e-06
2.32064e-06
2.37382e-06
2.44062e-06
2.52262e-06
2.61933e-06
2.72613e-06
2.83486e-06
2.93484e-06
3.01583e-06
3.07002e-06
3.09378e-06
3.08801e-06
3.05736e-06
3.00868e-06
2.94921e-06
2.88506e-06
2.8202e-06
2.75628e-06
2.69298e-06
2.6288e-06
2.56177e-06
2.49015e-06
2.41273e-06
2.32908e-06
2.23945e-06
2.14465e-06
2.04588e-06
1.94454e-06
1.84206e-06
1.73981e-06
1.63902e-06
1.54068e-06
1.44562e-06
1.35444e-06
1.26755e-06
1.18522e-06
1.10758e-06
1.03465e-06
9.66386e-07
9.02662e-07
8.43327e-07
7.8819e-07
7.37045e-07
6.89649e-07
6.45829e-07
6.05061e-07
5.68129e-07
5.2978e-07
2.14985e-07
2.43498e-07
2.78735e-07
3.20832e-07
3.69644e-07
4.24594e-07
4.84513e-07
5.47835e-07
6.12876e-07
6.7806e-07
7.42025e-07
8.03679e-07
8.62233e-07
9.17216e-07
9.68453e-07
1.01601e-06
1.06015e-06
1.10125e-06
1.13971e-06
1.1759e-06
1.21029e-06
1.24309e-06
1.27422e-06
1.3035e-06
1.33048e-06
1.35529e-06
1.37726e-06
1.39581e-06
1.41036e-06
1.42036e-06
1.42533e-06
1.42493e-06
1.41897e-06
1.40745e-06
1.39055e-06
1.36866e-06
1.34237e-06
1.31249e-06
1.27998e-06
1.24604e-06
1.21204e-06
1.17956e-06
1.15039e-06
1.12647e-06
1.10982e-06
1.10235e-06
1.10552e-06
1.12e-06
1.1454e-06
1.18014e-06
1.22154e-06
1.26609e-06
1.30973e-06
1.34824e-06
1.37753e-06
1.39391e-06
1.39435e-06
1.37665e-06
1.33957e-06
1.28283e-06
1.20714e-06
1.114e-06
1.00565e-06
8.84834e-07
7.5467e-07
6.18534e-07
4.80046e-07
3.4338e-07
2.15196e-07
1.18007e-07
1.29237e-07
2.21349e-07
3.23043e-07
4.19743e-07
5.08151e-07
5.87268e-07
6.5685e-07
7.16942e-07
7.67617e-07
8.08763e-07
8.39936e-07
8.60225e-07
8.68068e-07
8.60946e-07
8.34997e-07
7.8472e-07
7.03878e-07
5.90707e-07
4.61504e-07
3.67973e-07
3.5944e-07
3.77141e-07
3.25854e-07
1.95976e-07
3.06112e-07
7.15598e-07
1.23197e-06
1.80278e-06
2.39676e-06
2.99189e-06
3.57801e-06
4.16271e-06
4.76178e-06
5.34704e-06
5.75857e-06
5.77213e-06
5.47649e-06
5.3724e-06
5.52955e-06
5.51444e-06
5.16123e-06
4.6009e-06
4.00334e-06
3.49368e-06
3.12798e-06
2.89007e-06
2.73063e-06
2.60674e-06
2.49308e-06
2.38137e-06
2.27359e-06
2.17976e-06
2.11267e-06
2.07883e-06
2.0753e-06
2.093e-06
2.12249e-06
2.1555e-06
2.18566e-06
2.21582e-06
2.25847e-06
2.30559e-06
2.34965e-06
2.40006e-06
2.46606e-06
2.54992e-06
2.65021e-06
2.76077e-06
2.87323e-06
2.97644e-06
3.06056e-06
3.11796e-06
3.14523e-06
3.1433e-06
3.11654e-06
3.07136e-06
3.01455e-06
2.95187e-06
2.88718e-06
2.82224e-06
2.757e-06
2.69028e-06
2.62041e-06
2.54586e-06
2.4656e-06
2.37926e-06
2.28711e-06
2.18995e-06
2.08894e-06
1.98544e-06
1.88086e-06
1.77655e-06
1.67371e-06
1.57335e-06
1.47629e-06
1.38316e-06
1.29438e-06
1.21025e-06
1.13092e-06
1.05643e-06
9.86742e-07
9.2176e-07
8.61338e-07
8.05293e-07
7.53423e-07
7.0548e-07
6.61292e-07
6.2029e-07
5.83365e-07
5.44708e-07
2.24703e-07
2.51395e-07
2.83579e-07
3.21313e-07
3.6439e-07
4.12343e-07
4.64273e-07
5.18964e-07
5.75067e-07
6.31282e-07
6.8647e-07
7.39711e-07
7.90346e-07
8.37996e-07
8.82545e-07
9.24106e-07
9.62973e-07
9.99552e-07
1.03424e-06
1.06749e-06
1.09975e-06
1.1311e-06
1.16165e-06
1.19081e-06
1.21862e-06
1.2447e-06
1.26836e-06
1.28895e-06
1.3058e-06
1.31824e-06
1.32571e-06
1.32779e-06
1.32419e-06
1.31483e-06
1.29982e-06
1.27949e-06
1.25438e-06
1.2252e-06
1.19293e-06
1.15872e-06
1.12399e-06
1.09046e-06
1.0601e-06
1.03517e-06
1.01809e-06
1.01113e-06
1.01612e-06
1.03399e-06
1.06452e-06
1.10621e-06
1.15638e-06
1.21136e-06
1.26676e-06
1.31784e-06
1.35981e-06
1.38825e-06
1.39948e-06
1.39082e-06
1.36079e-06
1.30911e-06
1.23668e-06
1.14541e-06
1.03802e-06
9.17833e-07
7.88614e-07
6.54518e-07
5.20234e-07
3.91757e-07
2.79083e-07
2.04195e-07
2.0091e-07
2.60506e-07
3.42763e-07
4.27239e-07
5.06761e-07
5.78727e-07
6.42213e-07
6.96958e-07
7.42857e-07
7.79654e-07
8.06679e-07
8.22506e-07
8.24536e-07
8.08791e-07
7.70464e-07
7.06399e-07
6.21954e-07
5.41876e-07
5.03873e-07
5.03593e-07
4.7189e-07
3.42867e-07
1.55731e-07
3.98422e-07
8.65278e-07
1.38514e-06
1.9146e-06
2.43181e-06
2.9294e-06
3.40965e-06
3.88443e-06
4.38159e-06
4.92821e-06
5.45952e-06
5.75577e-06
5.6311e-06
5.32978e-06
5.35744e-06
5.56003e-06
5.50874e-06
5.11563e-06
4.53229e-06
3.91683e-06
3.39382e-06
3.0272e-06
2.8001e-06
2.65707e-06
2.55086e-06
2.45424e-06
2.35874e-06
2.26519e-06
2.18064e-06
2.11603e-06
2.08061e-06
2.07348e-06
2.08502e-06
2.10599e-06
2.12899e-06
2.15165e-06
2.18252e-06
2.23372e-06
2.28935e-06
2.34019e-06
2.39768e-06
2.47117e-06
2.56191e-06
2.66547e-06
2.77905e-06
2.89491e-06
3.00131e-06
3.08844e-06
3.14902e-06
3.18012e-06
3.18269e-06
3.16072e-06
3.12021e-06
3.06739e-06
3.0076e-06
2.94448e-06
2.87981e-06
2.81375e-06
2.74538e-06
2.67337e-06
2.59644e-06
2.51375e-06
2.42505e-06
2.33067e-06
2.23141e-06
2.12842e-06
2.02305e-06
1.91665e-06
1.81057e-06
1.70597e-06
1.60388e-06
1.50512e-06
1.4103e-06
1.3199e-06
1.2342e-06
1.15339e-06
1.07751e-06
1.00657e-06
9.40471e-07
8.79083e-07
8.22236e-07
7.69736e-07
7.21338e-07
6.76874e-07
6.35732e-07
5.98916e-07
5.60042e-07
2.32741e-07
2.57666e-07
2.87076e-07
3.20987e-07
3.59143e-07
4.01146e-07
4.46274e-07
4.93562e-07
5.41918e-07
5.90267e-07
6.37658e-07
6.83328e-07
7.26738e-07
7.67601e-07
8.05869e-07
8.41712e-07
8.75478e-07
9.07601e-07
9.38533e-07
9.68789e-07
9.988e-07
1.02859e-06
1.05837e-06
1.08749e-06
1.116e-06
1.14325e-06
1.16852e-06
1.19106e-06
1.2101e-06
1.22486e-06
1.23468e-06
1.23904e-06
1.23759e-06
1.23014e-06
1.21674e-06
1.19764e-06
1.17331e-06
1.14445e-06
1.11199e-06
1.07714e-06
1.04136e-06
1.00649e-06
9.74686e-07
9.48408e-07
9.30327e-07
9.23094e-07
9.29042e-07
9.49811e-07
9.85976e-07
1.03672e-06
1.09966e-06
1.17081e-06
1.24492e-06
1.31588e-06
1.37746e-06
1.42391e-06
1.45054e-06
1.45408e-06
1.43286e-06
1.38679e-06
1.31722e-06
1.22667e-06
1.11857e-06
9.96987e-07
8.66414e-07
7.31762e-07
5.98462e-07
4.72959e-07
3.64581e-07
2.88371e-07
2.63182e-07
2.90901e-07
3.49332e-07
4.17684e-07
4.8533e-07
5.47636e-07
6.0268e-07
6.4971e-07
6.88386e-07
7.18302e-07
7.38548e-07
7.47271e-07
7.41678e-07
7.19248e-07
6.80962e-07
6.36961e-07
6.09039e-07
6.11618e-07
6.19492e-07
5.8653e-07
5.25499e-07
5.92789e-07
9.02716e-07
1.3488e-06
1.82537e-06
2.27563e-06
2.67582e-06
3.02648e-06
3.34402e-06
3.65456e-06
4.00045e-06
4.4294e-06
4.93423e-06
5.37238e-06
5.50252e-06
5.25882e-06
5.05316e-06
5.23324e-06
5.46314e-06
5.39738e-06
5.00453e-06
4.42865e-06
3.8101e-06
3.27669e-06
2.90886e-06
2.692e-06
2.56653e-06
2.48174e-06
2.40621e-06
2.32766e-06
2.24281e-06
2.1574e-06
2.08571e-06
2.0407e-06
2.02483e-06
2.03175e-06
2.05178e-06
2.07648e-06
2.10551e-06
2.14561e-06
2.20122e-06
2.25587e-06
2.30743e-06
2.36671e-06
2.44239e-06
2.53635e-06
2.64863e-06
2.7747e-06
2.89841e-06
3.00848e-06
3.09912e-06
3.16375e-06
3.19931e-06
3.2069e-06
3.19056e-06
3.15573e-06
3.10804e-06
3.05232e-06
2.99195e-06
2.92865e-06
2.86273e-06
2.79355e-06
2.72006e-06
2.64127e-06
2.55658e-06
2.46587e-06
2.36955e-06
2.26848e-06
2.1638e-06
2.05683e-06
1.94892e-06
1.84136e-06
1.73532e-06
1.63181e-06
1.53163e-06
1.43543e-06
1.34366e-06
1.25665e-06
1.17458e-06
1.09753e-06
1.02551e-06
9.58452e-07
8.96236e-07
8.38709e-07
7.85692e-07
7.36948e-07
6.9232e-07
6.51159e-07
6.14587e-07
5.75628e-07
2.39415e-07
2.62632e-07
2.89503e-07
3.20027e-07
3.53914e-07
3.90809e-07
4.30112e-07
4.71034e-07
5.12673e-07
5.54137e-07
5.94629e-07
6.33511e-07
6.70353e-07
7.04949e-07
7.37328e-07
7.67729e-07
7.96558e-07
8.24302e-07
8.51502e-07
8.78769e-07
9.06447e-07
9.34724e-07
9.6352e-07
9.92592e-07
1.02166e-06
1.04998e-06
1.07679e-06
1.10122e-06
1.12235e-06
1.13933e-06
1.15138e-06
1.15788e-06
1.15837e-06
1.15261e-06
1.14056e-06
1.12243e-06
1.09868e-06
1.07001e-06
1.0374e-06
1.00206e-06
9.65492e-07
9.29479e-07
8.96098e-07
8.67789e-07
8.47444e-07
8.38473e-07
8.44689e-07
8.69782e-07
9.16289e-07
9.84396e-07
1.07119e-06
1.1708e-06
1.27528e-06
1.37587e-06
1.46411e-06
1.53281e-06
1.57658e-06
1.59206e-06
1.57795e-06
1.53481e-06
1.4648e-06
1.37129e-06
1.25851e-06
1.13126e-06
9.94743e-07
8.54225e-07
7.15262e-07
5.83953e-07
4.67403e-07
3.7515e-07
3.19272e-07
3.07793e-07
3.33524e-07
3.79258e-07
4.31023e-07
4.81167e-07
5.26094e-07
5.64292e-07
5.9521e-07
6.18583e-07
6.33986e-07
6.40964e-07
6.4033e-07
6.36683e-07
6.40462e-07
6.64299e-07
7.09319e-07
7.59583e-07
8.14612e-07
9.34843e-07
1.19919e-06
1.59763e-06
2.05056e-06
2.48147e-06
2.84331e-06
3.11838e-06
3.312e-06
3.44612e-06
3.55644e-06
3.69852e-06
3.93409e-06
4.29546e-06
4.7282e-06
5.04136e-06
5.0081e-06
4.70604e-06
4.65338e-06
4.96925e-06
5.23044e-06
5.18109e-06
4.83699e-06
4.30403e-06
3.69932e-06
3.1572e-06
2.78434e-06
2.57705e-06
2.47265e-06
2.41139e-06
2.3553e-06
2.29036e-06
2.21356e-06
2.12994e-06
2.05201e-06
1.99451e-06
1.96724e-06
1.97085e-06
1.99686e-06
2.03383e-06
2.07602e-06
2.12189e-06
2.17289e-06
2.22184e-06
2.27256e-06
2.33333e-06
2.41259e-06
2.51264e-06
2.63179e-06
2.75978e-06
2.88486e-06
3.00003e-06
3.09574e-06
3.16324e-06
3.20288e-06
3.21691e-06
3.20716e-06
3.17878e-06
3.13711e-06
3.08638e-06
3.02968e-06
2.96865e-06
2.90368e-06
2.83438e-06
2.76001e-06
2.67987e-06
2.59358e-06
2.5012e-06
2.40328e-06
2.30069e-06
2.19461e-06
2.08634e-06
1.97721e-06
1.86849e-06
1.76132e-06
1.65669e-06
1.55541e-06
1.45812e-06
1.36527e-06
1.2772e-06
1.19412e-06
1.11611e-06
1.0432e-06
9.75348e-07
9.12452e-07
8.54376e-07
8.00962e-07
7.5199e-07
7.07324e-07
6.66289e-07
6.30129e-07
5.91265e-07
2.45109e-07
2.6667e-07
2.91181e-07
3.18632e-07
3.48709e-07
3.81095e-07
4.15274e-07
4.50581e-07
4.86261e-07
5.21564e-07
5.55823e-07
5.88509e-07
6.1928e-07
6.48011e-07
6.74803e-07
6.99967e-07
7.23975e-07
7.47389e-07
7.70877e-07
7.95099e-07
8.20398e-07
8.47147e-07
8.75081e-07
9.04177e-07
9.33862e-07
9.63372e-07
9.91813e-07
1.01818e-06
1.04145e-06
1.06064e-06
1.07487e-06
1.08341e-06
1.08574e-06
1.08156e-06
1.07083e-06
1.05379e-06
1.03092e-06
1.00297e-06
9.70842e-07
9.35608e-07
8.98443e-07
8.60693e-07
8.24079e-07
7.91134e-07
7.65863e-07
7.54334e-07
7.64444e-07
8.03903e-07
8.76778e-07
9.8102e-07
1.10889e-06
1.24931e-06
1.39033e-06
1.52083e-06
1.63154e-06
1.71557e-06
1.76847e-06
1.78809e-06
1.77426e-06
1.72853e-06
1.65386e-06
1.55422e-06
1.43434e-06
1.29938e-06
1.15441e-06
1.00533e-06
8.57533e-07
7.16278e-07
5.86887e-07
4.75358e-07
3.88872e-07
3.35095e-07
3.17505e-07
3.2953e-07
3.58424e-07
3.93353e-07
4.28044e-07
4.59783e-07
4.88082e-07
5.13847e-07
5.39222e-07
5.68219e-07
6.07549e-07
6.66129e-07
7.522e-07
8.70102e-07
1.02482e-06
1.23744e-06
1.54404e-06
1.95422e-06
2.42224e-06
2.87311e-06
3.24376e-06
3.50299e-06
3.64909e-06
3.69802e-06
3.67361e-06
3.60592e-06
3.5422e-06
3.54854e-06
3.68972e-06
3.98259e-06
4.3243e-06
4.4894e-06
4.3047e-06
4.00753e-06
4.12905e-06
4.55275e-06
4.85188e-06
4.86807e-06
4.63154e-06
4.18612e-06
3.61336e-06
3.0627e-06
2.68124e-06
2.48163e-06
2.39584e-06
2.35603e-06
2.31922e-06
2.26753e-06
2.19717e-06
2.112e-06
2.02272e-06
1.94421e-06
1.89058e-06
1.86976e-06
1.87989e-06
1.91254e-06
1.95979e-06
2.01503e-06
2.0748e-06
2.13543e-06
2.20195e-06
2.27926e-06
2.37264e-06
2.48188e-06
2.60412e-06
2.73268e-06
2.86106e-06
2.98002e-06
3.07834e-06
3.15112e-06
3.1967e-06
3.21484e-06
3.21115e-06
3.19042e-06
3.15546e-06
3.11035e-06
3.05799e-06
2.99987e-06
2.93648e-06
2.86764e-06
2.7929e-06
2.71184e-06
2.62434e-06
2.53066e-06
2.43143e-06
2.32763e-06
2.22044e-06
2.11117e-06
2.00113e-06
1.89156e-06
1.78357e-06
1.67815e-06
1.57608e-06
1.47798e-06
1.38434e-06
1.29548e-06
1.21162e-06
1.13288e-06
1.05928e-06
9.90802e-07
9.27373e-07
8.6888e-07
8.1519e-07
7.66108e-07
7.21534e-07
6.80783e-07
6.45238e-07
6.06699e-07
2.50045e-07
2.70101e-07
2.92531e-07
3.17317e-07
3.44127e-07
3.72673e-07
4.02497e-07
4.33008e-07
4.63546e-07
4.9346e-07
5.22179e-07
5.49263e-07
5.74448e-07
5.97686e-07
6.19153e-07
6.39238e-07
6.58491e-07
6.77591e-07
6.97345e-07
7.1841e-07
7.41271e-07
7.66265e-07
7.93329e-07
8.22304e-07
8.52529e-07
8.83165e-07
9.13184e-07
9.4145e-07
9.66807e-07
9.88159e-07
1.00453e-06
1.01515e-06
1.01946e-06
1.01719e-06
1.00833e-06
9.93084e-07
9.7185e-07
9.45084e-07
9.13224e-07
8.76656e-07
8.35824e-07
7.9161e-07
7.46128e-07
7.04054e-07
6.74191e-07
6.69784e-07
7.04711e-07
7.85682e-07
9.07945e-07
1.05878e-06
1.22319e-06
1.38721e-06
1.53925e-06
1.67059e-06
1.77532e-06
1.85003e-06
1.89323e-06
1.90478e-06
1.88548e-06
1.83705e-06
1.76199e-06
1.66349e-06
1.5451e-06
1.41124e-06
1.26725e-06
1.11827e-06
9.69563e-07
8.25779e-07
6.91563e-07
5.71405e-07
4.70138e-07
3.92796e-07
3.44043e-07
3.24928e-07
3.30146e-07
3.51185e-07
3.81187e-07
4.17048e-07
4.59266e-07
5.11321e-07
5.79411e-07
6.72284e-07
8.00483e-07
9.7465e-07
1.20414e-06
1.49837e-06
1.86903e-06
2.32115e-06
2.83004e-06
3.33191e-06
3.74903e-06
4.02743e-06
4.15519e-06
4.1546e-06
4.06163e-06
3.90843e-06
3.71745e-06
3.51149e-06
3.33363e-06
3.2487e-06
3.32006e-06
3.53404e-06
3.75351e-06
3.7479e-06
3.43204e-06
3.20107e-06
3.49147e-06
3.9787e-06
4.32645e-06
4.4778e-06
4.42336e-06
4.12034e-06
3.60605e-06
3.04332e-06
2.63764e-06
2.42767e-06
2.34693e-06
2.32075e-06
2.29859e-06
2.25769e-06
2.19227e-06
2.10505e-06
2.00455e-06
1.90379e-06
1.81774e-06
1.75894e-06
1.73343e-06
1.73958e-06
1.77257e-06
1.82625e-06
1.89351e-06
1.96984e-06
2.05784e-06
2.15898e-06
2.27565e-06
2.40625e-06
2.54644e-06
2.68761e-06
2.82232e-06
2.94368e-06
3.04582e-06
3.12507e-06
3.17791e-06
3.20437e-06
3.20767e-06
3.19162e-06
3.1637e-06
3.12485e-06
3.07725e-06
3.02249e-06
2.96114e-06
2.89322e-06
2.81853e-06
2.73695e-06
2.64859e-06
2.55392e-06
2.4537e-06
2.34899e-06
2.24099e-06
2.13102e-06
2.02037e-06
1.91025e-06
1.80177e-06
1.69586e-06
1.59329e-06
1.4947e-06
1.40054e-06
1.31115e-06
1.22675e-06
1.14748e-06
1.07338e-06
1.00445e-06
9.40636e-07
8.81847e-07
8.27988e-07
7.78902e-07
7.3454e-07
6.94229e-07
6.5952e-07
6.21594e-07
2.54208e-07
2.72572e-07
2.92798e-07
3.14866e-07
3.38449e-07
3.63303e-07
3.89026e-07
4.15095e-07
4.40924e-07
4.65932e-07
4.89602e-07
5.1154e-07
5.3153e-07
5.49578e-07
5.65928e-07
5.81042e-07
5.9557e-07
6.10337e-07
6.26305e-07
6.44206e-07
6.6474e-07
6.8817e-07
7.14643e-07
7.43788e-07
7.74897e-07
8.07e-07
8.38926e-07
8.69409e-07
8.9719e-07
9.21099e-07
9.40123e-07
9.53455e-07
9.60504e-07
9.60872e-07
9.54291e-07
9.40527e-07
9.19283e-07
8.9014e-07
8.52628e-07
8.06504e-07
7.52409e-07
6.93072e-07
6.35227e-07
5.91759e-07
5.81176e-07
6.1915e-07
7.06453e-07
8.2926e-07
9.69467e-07
1.11142e-06
1.24366e-06
1.35889e-06
1.45358e-06
1.52723e-06
1.58128e-06
1.61789e-06
1.63882e-06
1.64464e-06
1.63465e-06
1.60783e-06
1.56287e-06
1.49851e-06
1.41586e-06
1.31735e-06
1.20649e-06
1.08794e-06
9.6639e-07
8.46883e-07
7.34547e-07
6.34571e-07
5.51882e-07
4.90702e-07
4.544e-07
4.43706e-07
4.56034e-07
4.87379e-07
5.35312e-07
6.00497e-07
6.87145e-07
8.02934e-07
9.5861e-07
1.1667e-06
1.43852e-06
1.78083e-06
2.19564e-06
2.68108e-06
3.22375e-06
3.78074e-06
4.27429e-06
4.62033e-06
4.77197e-06
4.73922e-06
4.57316e-06
4.33457e-06
4.06919e-06
3.79833e-06
3.52506e-06
3.25638e-06
3.0231e-06
2.88582e-06
2.88468e-06
2.98786e-06
3.04549e-06
2.84931e-06
2.43987e-06
2.34733e-06
2.7732e-06
3.25522e-06
3.67409e-06
4.04599e-06
4.26643e-06
4.17744e-06
3.74544e-06
3.15773e-06
2.69572e-06
2.4392e-06
2.33967e-06
2.31597e-06
2.30358e-06
2.27087e-06
2.20864e-06
2.11836e-06
2.00692e-06
1.88519e-06
1.76707e-06
1.66703e-06
1.59674e-06
1.56294e-06
1.56752e-06
1.60876e-06
1.67844e-06
1.76993e-06
1.88157e-06
2.01011e-06
2.15356e-06
2.3073e-06
2.46512e-06
2.61967e-06
2.76415e-06
2.89257e-06
2.99952e-06
3.08326e-06
3.14372e-06
3.18078e-06
3.1945e-06
3.1876e-06
3.16439e-06
3.13027e-06
3.08786e-06
3.03675e-06
2.97776e-06
2.91109e-06
2.8368e-06
2.75504e-06
2.66616e-06
2.57081e-06
2.46991e-06
2.36457e-06
2.25605e-06
2.14567e-06
2.0347e-06
1.92434e-06
1.81565e-06
1.70955e-06
1.60679e-06
1.50797e-06
1.41356e-06
1.32389e-06
1.23919e-06
1.1596e-06
1.08519e-06
1.01596e-06
9.51885e-07
8.92902e-07
8.38956e-07
7.89938e-07
7.45879e-07
7.06124e-07
6.72494e-07
6.35579e-07
2.60227e-07
2.77551e-07
2.96233e-07
3.16264e-07
3.3733e-07
3.59184e-07
3.81416e-07
4.03544e-07
4.25079e-07
4.45535e-07
4.64469e-07
4.81533e-07
4.96552e-07
5.09573e-07
5.2088e-07
5.31e-07
5.40718e-07
5.50955e-07
5.62731e-07
5.77035e-07
5.94703e-07
6.16208e-07
6.4169e-07
6.70738e-07
7.02584e-07
7.36137e-07
7.70102e-07
8.03102e-07
8.33764e-07
8.60779e-07
8.82929e-07
8.99074e-07
9.08113e-07
9.08923e-07
9.00318e-07
8.81055e-07
8.49958e-07
8.06227e-07
7.50028e-07
6.8345e-07
6.11942e-07
5.46034e-07
5.01675e-07
4.94516e-07
5.27314e-07
5.85768e-07
6.494e-07
7.01595e-07
7.32645e-07
7.39784e-07
7.26663e-07
7.02706e-07
6.81837e-07
6.79235e-07
7.05377e-07
7.60917e-07
8.37704e-07
9.23984e-07
1.00827e-06
1.08174e-06
1.13902e-06
1.17638e-06
1.19075e-06
1.18264e-06
1.15562e-06
1.11423e-06
1.06401e-06
1.01104e-06
9.6134e-07
9.20202e-07
8.91923e-07
8.79685e-07
8.84834e-07
9.08567e-07
9.51953e-07
1.01659e-06
1.10571e-06
1.22497e-06
1.38262e-06
1.58932e-06
1.85684e-06
2.19468e-06
2.60565e-06
3.08443e-06
3.61967e-06
4.1887e-06
4.73974e-06
5.18398e-06
5.42791e-06
5.42947e-06
5.22309e-06
4.89173e-06
4.51948e-06
4.1618e-06
3.83936e-06
3.54474e-06
3.25909e-06
2.97733e-06
2.72241e-06
2.52814e-06
2.418e-06
2.36446e-06
2.21725e-06
1.82798e-06
1.40909e-06
1.5872e-06
2.05596e-06
2.43647e-06
2.93466e-06
3.61599e-06
4.20966e-06
4.42123e-06
4.11647e-06
3.49056e-06
2.91421e-06
2.55615e-06
2.39794e-06
2.3538e-06
2.34096e-06
2.31236e-06
2.25119e-06
2.15651e-06
2.03408e-06
1.8932e-06
1.74604e-06
1.60686e-06
1.49034e-06
1.41068e-06
1.37761e-06
1.39748e-06
1.46429e-06
1.56754e-06
1.7006e-06
1.85464e-06
2.02284e-06
2.1978e-06
2.37237e-06
2.53967e-06
2.69361e-06
2.82935e-06
2.94303e-06
3.03291e-06
3.0988e-06
3.14285e-06
3.16728e-06
3.17271e-06
3.15862e-06
3.12958e-06
3.09e-06
3.04285e-06
2.98647e-06
2.92134e-06
2.84775e-06
2.76611e-06
2.677e-06
2.58127e-06
2.47996e-06
2.37427e-06
2.26551e-06
2.15499e-06
2.04399e-06
1.93367e-06
1.82505e-06
1.71904e-06
1.61635e-06
1.51758e-06
1.42316e-06
1.33344e-06
1.24865e-06
1.16893e-06
1.09437e-06
1.02497e-06
9.60739e-07
9.01636e-07
8.47642e-07
7.98709e-07
7.54964e-07
7.15817e-07
6.83587e-07
6.47804e-07
2.60604e-07
2.76096e-07
2.92613e-07
3.10172e-07
3.28644e-07
3.47835e-07
3.67212e-07
3.86161e-07
4.04141e-07
4.20671e-07
4.3534e-07
4.47847e-07
4.58067e-07
4.66104e-07
4.72302e-07
4.77288e-07
4.8196e-07
4.87597e-07
4.95314e-07
5.06311e-07
5.21583e-07
5.41842e-07
5.67179e-07
5.97167e-07
6.30895e-07
6.67063e-07
7.04115e-07
7.40326e-07
7.73864e-07
8.02807e-07
8.25152e-07
8.38829e-07
8.41754e-07
8.31965e-07
8.07876e-07
7.68681e-07
7.1493e-07
6.49247e-07
5.77076e-07
5.06976e-07
4.4923e-07
4.10911e-07
3.88998e-07
3.69865e-07
3.38972e-07
2.96037e-07
2.78361e-07
3.57011e-07
5.38319e-07
7.78553e-07
1.04376e-06
1.31006e-06
1.55985e-06
1.78108e-06
1.96676e-06
2.11405e-06
2.22358e-06
2.29873e-06
2.34216e-06
2.3643e-06
2.37043e-06
2.35892e-06
2.3312e-06
2.29071e-06
2.24019e-06
2.18291e-06
2.12298e-06
2.06484e-06
2.01282e-06
1.971e-06
1.94323e-06
1.93265e-06
1.94201e-06
1.97466e-06
2.03379e-06
2.1232e-06
2.24769e-06
2.41364e-06
2.62879e-06
2.90155e-06
3.23858e-06
3.64093e-06
4.10142e-06
4.60571e-06
5.12912e-06
5.61859e-06
5.97841e-06
6.10298e-06
5.95122e-06
5.58345e-06
5.11613e-06
4.65062e-06
4.24091e-06
3.89867e-06
3.60797e-06
3.33922e-06
3.06561e-06
2.7785e-06
2.48304e-06
2.18978e-06
1.92471e-06
1.6625e-06
1.2853e-06
7.46456e-07
7.17207e-07
1.28486e-06
1.55203e-06
1.62281e-06
2.14179e-06
3.19583e-06
4.23688e-06
4.85001e-06
4.77405e-06
4.13119e-06
3.38057e-06
2.8413e-06
2.55588e-06
2.44821e-06
2.41492e-06
2.38388e-06
2.32216e-06
2.22242e-06
2.08884e-06
1.92999e-06
1.75682e-06
1.58254e-06
1.42231e-06
1.29516e-06
1.21833e-06
1.2093e-06
1.26596e-06
1.37648e-06
1.52729e-06
1.70304e-06
1.89227e-06
2.0853e-06
2.27432e-06
2.45283e-06
2.61552e-06
2.75845e-06
2.87875e-06
2.97537e-06
3.04849e-06
3.09936e-06
3.12994e-06
3.14381e-06
3.14187e-06
3.12209e-06
3.08664e-06
3.04092e-06
2.98743e-06
2.92413e-06
2.85152e-06
2.77027e-06
2.68122e-06
2.58537e-06
2.4839e-06
2.37812e-06
2.26937e-06
2.15897e-06
2.04819e-06
1.93815e-06
1.82987e-06
1.7242e-06
1.62184e-06
1.52334e-06
1.42915e-06
1.33959e-06
1.2549e-06
1.17523e-06
1.10066e-06
1.0312e-06
9.66861e-07
9.07651e-07
8.53637e-07
8.04813e-07
7.61419e-07
7.22905e-07
6.91947e-07
6.5704e-07
2.76983e-07
2.91501e-07
3.06102e-07
3.2085e-07
3.35854e-07
3.51317e-07
3.66978e-07
3.82328e-07
3.96785e-07
4.09718e-07
4.20605e-07
4.29037e-07
4.34842e-07
4.38097e-07
4.39136e-07
4.38616e-07
4.37511e-07
4.37259e-07
4.3935e-07
4.45366e-07
4.56793e-07
4.74493e-07
4.98584e-07
5.284e-07
5.62546e-07
5.9907e-07
6.35631e-07
6.69633e-07
6.98351e-07
7.19052e-07
7.29185e-07
7.26637e-07
7.10091e-07
6.79474e-07
6.36409e-07
5.84557e-07
5.29554e-07
4.782e-07
4.36928e-07
4.11156e-07
4.09163e-07
4.50312e-07
5.63939e-07
7.70796e-07
1.07342e-06
1.46223e-06
1.92005e-06
2.42352e-06
2.94459e-06
3.4533e-06
3.92136e-06
4.3262e-06
4.65385e-06
4.89976e-06
5.06697e-06
5.16302e-06
5.19787e-06
5.18018e-06
5.12136e-06
5.0348e-06
4.92178e-06
4.79007e-06
4.64716e-06
4.49804e-06
4.34682e-06
4.19815e-06
4.05667e-06
3.92686e-06
3.8129e-06
3.71861e-06
3.64717e-06
3.60142e-06
3.58429e-06
3.59829e-06
3.64607e-06
3.73013e-06
3.85346e-06
4.01933e-06
4.23112e-06
4.49153e-06
4.80015e-06
5.15263e-06
5.5394e-06
5.9417e-06
6.31322e-06
6.55862e-06
6.56095e-06
6.27528e-06
5.78546e-06
5.2381e-06
4.74114e-06
4.33491e-06
4.01355e-06
3.74966e-06
3.50944e-06
3.2611e-06
2.98431e-06
2.66552e-06
2.29168e-06
1.86491e-06
1.40483e-06
8.97776e-07
3.2176e-07
5.74557e-07
1.29975e-06
1.70059e-06
1.541e-06
1.00777e-06
1.34753e-06
2.74398e-06
4.21431e-06
5.31473e-06
5.65821e-06
5.13625e-06
4.20822e-06
3.39904e-06
2.88215e-06
2.63089e-06
2.53276e-06
2.4828e-06
2.41816e-06
2.31495e-06
2.17173e-06
1.99626e-06
1.79926e-06
1.5933e-06
1.39284e-06
1.21868e-06
1.09323e-06
1.04628e-06
1.08488e-06
1.19846e-06
1.36297e-06
1.55678e-06
1.7636e-06
1.97184e-06
2.17321e-06
2.36156e-06
2.53232e-06
2.68229e-06
2.80941e-06
2.91295e-06
2.9932e-06
3.05141e-06
3.08941e-06
3.10925e-06
3.11338e-06
3.10329e-06
3.07656e-06
3.03349e-06
2.98086e-06
2.9197e-06
2.84839e-06
2.7678e-06
2.67905e-06
2.58332e-06
2.48194e-06
2.37629e-06
2.26776e-06
2.1577e-06
2.04736e-06
1.93784e-06
1.83012e-06
1.72501e-06
1.62318e-06
1.52517e-06
1.43137e-06
1.34212e-06
1.25763e-06
1.17806e-06
1.10352e-06
1.03411e-06
9.69886e-07
9.10884e-07
8.57126e-07
8.08727e-07
7.66055e-07
7.28498e-07
6.99715e-07
6.67683e-07
2.67574e-07
2.82434e-07
2.97731e-07
3.13112e-07
3.2787e-07
3.41602e-07
3.54151e-07
3.65511e-07
3.75623e-07
3.84079e-07
3.90459e-07
3.9431e-07
3.95346e-07
3.93617e-07
3.895e-07
3.83637e-07
3.77054e-07
3.71012e-07
3.67341e-07
3.67973e-07
3.74473e-07
3.87654e-07
4.07309e-07
4.32154e-07
4.60061e-07
4.88441e-07
5.14585e-07
5.35988e-07
5.5063e-07
5.57283e-07
5.55814e-07
5.47481e-07
5.35157e-07
5.23493e-07
5.19146e-07
5.31434e-07
5.73418e-07
6.62171e-07
8.16296e-07
1.05169e-06
1.37885e-06
1.80205e-06
2.31895e-06
2.92008e-06
3.58865e-06
4.30107e-06
5.02815e-06
5.73706e-06
6.39401e-06
6.96745e-06
7.43248e-06
7.77586e-06
7.999e-06
8.1162e-06
8.14856e-06
8.11734e-06
8.03895e-06
7.92371e-06
7.78273e-06
7.61734e-06
7.43219e-06
7.23437e-06
7.02814e-06
6.81646e-06
6.60348e-06
6.39412e-06
6.19362e-06
6.00721e-06
5.83985e-06
5.69589e-06
5.57897e-06
5.49193e-06
5.4365e-06
5.41338e-06
5.42274e-06
5.46502e-06
5.53945e-06
5.64481e-06
5.77859e-06
5.93749e-06
6.11734e-06
6.31674e-06
6.52953e-06
6.72589e-06
6.82379e-06
6.70437e-06
6.31885e-06
5.76766e-06
5.21324e-06
4.75253e-06
4.40187e-06
4.13829e-06
3.92334e-06
3.7219e-06
3.5054e-06
3.25483e-06
2.95508e-06
2.58158e-06
2.11582e-06
1.56065e-06
9.42335e-07
4.48802e-07
8.76173e-07
1.64133e-06
2.23525e-06
2.38459e-06
1.94867e-06
9.86506e-07
5.85422e-07
2.18322e-06
3.93793e-06
5.50561e-06
6.489e-06
6.43492e-06
5.50506e-06
4.39719e-06
3.52968e-06
2.99906e-06
2.73616e-06
2.61495e-06
2.53053e-06
2.42442e-06
2.27683e-06
2.08934e-06
1.8719e-06
1.63731e-06
1.39974e-06
1.17938e-06
1.00119e-06
9.05549e-07
9.16893e-07
1.02762e-06
1.20334e-06
1.41329e-06
1.63577e-06
1.85755e-06
2.0701e-06
2.26766e-06
2.44627e-06
2.60332e-06
2.73727e-06
2.84771e-06
2.93504e-06
3.00033e-06
3.04514e-06
3.07148e-06
3.08076e-06
3.0751e-06
3.05578e-06
3.01997e-06
2.96824e-06
2.90834e-06
2.83871e-06
2.75905e-06
2.67086e-06
2.57549e-06
2.47439e-06
2.36906e-06
2.26094e-06
2.15139e-06
2.04165e-06
1.93281e-06
1.8258e-06
1.7214e-06
1.62022e-06
1.52278e-06
1.42948e-06
1.34067e-06
1.25667e-06
1.17773e-06
1.10406e-06
1.03571e-06
9.72769e-07
9.15648e-07
8.64821e-07
8.20738e-07
7.84201e-07
7.56331e-07
7.40425e-07
7.28722e-07
3.04234e-07
3.12278e-07
3.20494e-07
3.3209e-07
3.4655e-07
3.61574e-07
3.7534e-07
3.86893e-07
3.9561e-07
4.01198e-07
4.03295e-07
4.01811e-07
3.96619e-07
3.87553e-07
3.74699e-07
3.58442e-07
3.39552e-07
3.19085e-07
2.98679e-07
2.80444e-07
2.66726e-07
2.59916e-07
2.61705e-07
2.72488e-07
2.91375e-07
3.16838e-07
3.47573e-07
3.83168e-07
4.24602e-07
4.7468e-07
5.38456e-07
6.23491e-07
7.39693e-07
8.98593e-07
1.11224e-06
1.39204e-06
1.74771e-06
2.18626e-06
2.71091e-06
3.32002e-06
4.00623e-06
4.75613e-06
5.5506e-06
6.3658e-06
7.17474e-06
7.94883e-06
8.65926e-06
9.27804e-06
9.77951e-06
1.01429e-05
1.03582e-05
1.04332e-05
1.03943e-05
1.02796e-05
1.01264e-05
9.96143e-06
9.79702e-06
9.63605e-06
9.47523e-06
9.30894e-06
9.13806e-06
8.95802e-06
8.76897e-06
8.57053e-06
8.36446e-06
8.15481e-06
7.94678e-06
7.74614e-06
7.55864e-06
7.38942e-06
7.24267e-06
7.12105e-06
7.02561e-06
6.95582e-06
6.90971e-06
6.88234e-06
6.86869e-06
6.86314e-06
6.86077e-06
6.85332e-06
6.84047e-06
6.82751e-06
6.80145e-06
6.70506e-06
6.44527e-06
5.98481e-06
5.4346e-06
4.94964e-06
4.59103e-06
4.3411e-06
4.15961e-06
4.00941e-06
3.85542e-06
3.67977e-06
3.46524e-06
3.21109e-06
2.88364e-06
2.45735e-06
1.93126e-06
1.34562e-06
9.19616e-07
1.18402e-06
1.92368e-06
2.64464e-06
3.06416e-06
3.00018e-06
2.4152e-06
1.39478e-06
7.66109e-08
1.50928e-06
3.28945e-06
5.14072e-06
6.76158e-06
7.5902e-06
7.19668e-06
6.0075e-06
4.76519e-06
3.80185e-06
3.19072e-06
2.85861e-06
2.67748e-06
2.54042e-06
2.38699e-06
2.19547e-06
1.96627e-06
1.70987e-06
1.44031e-06
1.17646e-06
9.42995e-07
7.8553e-07
7.53586e-07
8.54384e-07
1.04108e-06
1.26739e-06
1.50544e-06
1.74055e-06
1.96421e-06
2.17114e-06
2.35792e-06
2.52243e-06
2.66356e-06
2.78107e-06
2.87543e-06
2.94761e-06
2.99897e-06
3.03113e-06
3.04552e-06
3.04374e-06
3.02748e-06
2.99762e-06
2.95115e-06
2.89089e-06
2.82314e-06
2.7448e-06
2.65738e-06
2.56252e-06
2.46181e-06
2.35684e-06
2.24914e-06
2.1401e-06
2.03094e-06
1.92277e-06
1.81651e-06
1.71295e-06
1.61276e-06
1.51653e-06
1.42479e-06
1.33808e-06
1.25689e-06
1.18176e-06
1.11337e-06
1.05273e-06
1.00095e-06
9.58958e-07
9.2843e-07
9.11834e-07
9.11924e-07
9.33485e-07
9.76236e-07
1.04617e-06
3.94767e-07
4.11998e-07
4.15576e-07
4.1435e-07
4.14655e-07
4.17764e-07
4.22196e-07
4.26292e-07
4.28514e-07
4.28019e-07
4.241e-07
4.1644e-07
4.0489e-07
3.89053e-07
3.68586e-07
3.43483e-07
3.14097e-07
2.81418e-07
2.47672e-07
2.17689e-07
2.00726e-07
2.09336e-07
2.50922e-07
3.2346e-07
4.22801e-07
5.47638e-07
6.99547e-07
8.82079e-07
1.10008e-06
1.35918e-06
1.66538e-06
2.02462e-06
2.44229e-06
2.92269e-06
3.4684e-06
4.07952e-06
4.75284e-06
5.48109e-06
6.2523e-06
7.04972e-06
7.85228e-06
8.63589e-06
9.37532e-06
1.00466e-05
1.06288e-05
1.11057e-05
1.14647e-05
1.16963e-05
1.17946e-05
1.17594e-05
1.16056e-05
1.13661e-05
1.10861e-05
1.08096e-05
1.05674e-05
1.0372e-05
1.02214e-05
1.0104e-05
1.00105e-05
9.92413e-06
9.83576e-06
9.73481e-06
9.62105e-06
9.48913e-06
9.33837e-06
9.17182e-06
8.99445e-06
8.81222e-06
8.63118e-06
8.45685e-06
8.2934e-06
8.14332e-06
8.00735e-06
7.8837e-06
7.76696e-06
7.64865e-06
7.52006e-06
7.3741e-06
7.20455e-06
7.00736e-06
6.78281e-06
6.51872e-06
6.18416e-06
5.74223e-06
5.20267e-06
4.68523e-06
4.3162e-06
4.10994e-06
4.00862e-06
3.94305e-06
3.87391e-06
3.78293e-06
3.65444e-06
3.49159e-06
3.29078e-06
3.03227e-06
2.67386e-06
2.23332e-06
1.74555e-06
1.37232e-06
1.48739e-06
2.1202e-06
2.88748e-06
3.48358e-06
3.70006e-06
3.44193e-06
2.75279e-06
1.76582e-06
6.4321e-07
8.52924e-07
2.33907e-06
4.11426e-06
6.06445e-06
7.8045e-06
8.62284e-06
8.12196e-06
6.83185e-06
5.46144e-06
4.32786e-06
3.53301e-06
3.03883e-06
2.73448e-06
2.51095e-06
2.29696e-06
2.05965e-06
1.79257e-06
1.50299e-06
1.20603e-06
9.22911e-07
6.95375e-07
5.97124e-07
6.77992e-07
8.78743e-07
1.12487e-06
1.38056e-06
1.63017e-06
1.86561e-06
2.08224e-06
2.27726e-06
2.44906e-06
2.59687e-06
2.72066e-06
2.82093e-06
2.89864e-06
2.95506e-06
2.99163e-06
3.00971e-06
3.0108e-06
2.99663e-06
2.96891e-06
2.92715e-06
2.86913e-06
2.80107e-06
2.72423e-06
2.63763e-06
2.54333e-06
2.44301e-06
2.3385e-06
2.2315e-06
2.12352e-06
2.01595e-06
1.91006e-06
1.80698e-06
1.70779e-06
1.61349e-06
1.52511e-06
1.44378e-06
1.37094e-06
1.30842e-06
1.25842e-06
1.22366e-06
1.20682e-06
1.21114e-06
1.24033e-06
1.29745e-06
1.38424e-06
1.50033e-06
1.64294e-06
1.81119e-06
1.99133e-06
5.46804e-07
5.56547e-07
5.54581e-07
5.33486e-07
4.99724e-07
4.62519e-07
4.27229e-07
3.9692e-07
3.74565e-07
3.63367e-07
3.66828e-07
3.87367e-07
4.25897e-07
4.8239e-07
5.56494e-07
6.48026e-07
7.57215e-07
8.84846e-07
1.03215e-06
1.20071e-06
1.39238e-06
1.60925e-06
1.85355e-06
2.12765e-06
2.43396e-06
2.77493e-06
3.15293e-06
3.57017e-06
4.02854e-06
4.52944e-06
5.07351e-06
5.66025e-06
6.28757e-06
6.95119e-06
7.64401e-06
8.3555e-06
9.07129e-06
9.77317e-06
1.04397e-05
1.10473e-05
1.15725e-05
1.19939e-05
1.22952e-05
1.24671e-05
1.25089e-05
1.24291e-05
1.22423e-05
1.19677e-05
1.16292e-05
1.1259e-05
1.08933e-05
1.05626e-05
1.02897e-05
1.00819e-05
9.93459e-06
9.83758e-06
9.77842e-06
9.74919e-06
9.7411e-06
9.7315e-06
9.71503e-06
9.68472e-06
9.6428e-06
9.57605e-06
9.48313e-06
9.36557e-06
9.22644e-06
9.06991e-06
8.90044e-06
8.72243e-06
8.53866e-06
8.35017e-06
8.1569e-06
7.95647e-06
7.74398e-06
7.50989e-06
7.24232e-06
6.93463e-06
6.58031e-06
6.17475e-06
5.70463e-06
5.16496e-06
4.57423e-06
3.99016e-06
3.52192e-06
3.2575e-06
3.1898e-06
3.24983e-06
3.34316e-06
3.39466e-06
3.39945e-06
3.34524e-06
3.23837e-06
3.09329e-06
2.88877e-06
2.60384e-06
2.25507e-06
1.89015e-06
1.62515e-06
1.70717e-06
2.23651e-06
2.98602e-06
3.67884e-06
4.09773e-06
4.10526e-06
3.67958e-06
2.91222e-06
1.95553e-06
9.50845e-07
2.83713e-07
1.25679e-06
2.58859e-06
4.33042e-06
6.42609e-06
8.44924e-06
9.59913e-06
9.38744e-06
8.21377e-06
6.76352e-06
5.40027e-06
4.28963e-06
3.47726e-06
2.91423e-06
2.51065e-06
2.18211e-06
1.87403e-06
1.56165e-06
1.24136e-06
9.23254e-07
6.35562e-07
4.5774e-07
5.09768e-07
7.28095e-07
9.92813e-07
1.26254e-06
1.52261e-06
1.76596e-06
1.98893e-06
2.18944e-06
2.36637e-06
2.51925e-06
2.6482e-06
2.75377e-06
2.83689e-06
2.89875e-06
2.94066e-06
2.96399e-06
2.97023e-06
2.96083e-06
2.93681e-06
2.89948e-06
2.84713e-06
2.78031e-06
2.7056e-06
2.62127e-06
2.52947e-06
2.43238e-06
2.33248e-06
2.23189e-06
2.13258e-06
2.03652e-06
1.94577e-06
1.8626e-06
1.78954e-06
1.72956e-06
1.68602e-06
1.66267e-06
1.66339e-06
1.69191e-06
1.75139e-06
1.84295e-06
1.96565e-06
2.11692e-06
2.29212e-06
2.48469e-06
2.68838e-06
2.90074e-06
3.10923e-06
3.34185e-06
3.51293e-06
1.62863e-06
1.84976e-06
2.09563e-06
2.3474e-06
2.59183e-06
2.82962e-06
3.06217e-06
3.28919e-06
3.51076e-06
3.72782e-06
3.94162e-06
4.15323e-06
4.364e-06
4.57552e-06
4.78938e-06
5.00726e-06
5.23097e-06
5.46247e-06
5.70389e-06
5.95744e-06
6.2255e-06
6.5105e-06
6.81492e-06
7.14122e-06
7.49175e-06
7.86856e-06
8.27325e-06
8.70666e-06
9.16851e-06
9.65693e-06
1.01679e-05
1.06947e-05
1.12272e-05
1.1752e-05
1.22519e-05
1.27065e-05
1.30934e-05
1.33898e-05
1.35744e-05
1.36301e-05
1.35453e-05
1.33165e-05
1.29491e-05
1.24582e-05
1.18696e-05
1.12203e-05
1.05545e-05
9.92206e-06
9.37467e-06
8.965e-06
8.68252e-06
8.5179e-06
8.45362e-06
8.45839e-06
8.50436e-06
8.56861e-06
8.63425e-06
8.69697e-06
8.74337e-06
8.78362e-06
8.81222e-06
8.8343e-06
8.83525e-06
8.80139e-06
8.73328e-06
8.63062e-06
8.49537e-06
8.33045e-06
8.13978e-06
7.92683e-06
7.69336e-06
7.44111e-06
7.17043e-06
6.87976e-06
6.56642e-06
6.22264e-06
5.84212e-06
5.41957e-06
4.95035e-06
4.43084e-06
3.86749e-06
3.29798e-06
2.78225e-06
2.38172e-06
2.13778e-06
2.06447e-06
2.16661e-06
2.37257e-06
2.55717e-06
2.66439e-06
2.69826e-06
2.64542e-06
2.53955e-06
2.37027e-06
2.12877e-06
1.84366e-06
1.58399e-06
1.4696e-06
1.65052e-06
2.19408e-06
2.93859e-06
3.69564e-06
4.27249e-06
4.51501e-06
4.34924e-06
3.80611e-06
3.00354e-06
2.12219e-06
1.42088e-06
1.09748e-06
1.0565e-06
1.24619e-06
1.98203e-06
3.5114e-06
5.75675e-06
8.24636e-06
1.01602e-05
1.08014e-05
1.0242e-05
9.03144e-06
7.59933e-06
6.18572e-06
4.93644e-06
3.90683e-06
3.08863e-06
2.44061e-06
1.912e-06
1.45796e-06
1.04685e-06
6.59479e-07
2.91031e-07
6.93791e-08
3.82174e-07
7.16515e-07
1.03673e-06
1.33434e-06
1.60676e-06
1.85316e-06
2.07328e-06
2.26709e-06
2.43489e-06
2.57728e-06
2.69511e-06
2.78946e-06
2.86165e-06
2.91317e-06
2.94556e-06
2.95986e-06
2.95723e-06
2.93976e-06
2.9084e-06
2.86393e-06
2.80588e-06
2.74116e-06
2.67314e-06
2.60145e-06
2.52972e-06
2.46302e-06
2.40582e-06
2.36289e-06
2.33921e-06
2.33965e-06
2.36835e-06
2.42809e-06
2.51972e-06
2.64196e-06
2.79142e-06
2.96316e-06
3.15168e-06
3.35195e-06
3.55905e-06
3.76705e-06
3.97011e-06
4.1638e-06
4.34621e-06
4.51393e-06
4.67197e-06
4.80152e-06
4.97637e-06
5.00297e-06
9.75229e-06
9.88602e-06
1.00027e-05
1.00962e-05
1.01748e-05
1.02518e-05
1.03315e-05
1.04144e-05
1.05019e-05
1.05957e-05
1.06972e-05
1.08075e-05
1.0928e-05
1.10597e-05
1.12039e-05
1.13618e-05
1.15344e-05
1.17228e-05
1.1928e-05
1.21507e-05
1.23916e-05
1.26507e-05
1.29276e-05
1.32215e-05
1.35301e-05
1.38502e-05
1.41771e-05
1.4504e-05
1.48218e-05
1.5119e-05
1.53815e-05
1.55928e-05
1.57346e-05
1.57876e-05
1.57335e-05
1.5556e-05
1.52433e-05
1.47895e-05
1.41961e-05
1.34721e-05
1.26343e-05
1.17058e-05
1.07148e-05
9.69267e-06
8.67503e-06
7.70084e-06
6.81189e-06
6.044e-06
5.44239e-06
5.00557e-06
4.70319e-06
4.52793e-06
4.44104e-06
4.41865e-06
4.46554e-06
4.58668e-06
4.77048e-06
4.9894e-06
5.21131e-06
5.41547e-06
5.58886e-06
5.74842e-06
5.86947e-06
5.95059e-06
5.98878e-06
5.98258e-06
5.93296e-06
5.84259e-06
5.71561e-06
5.55604e-06
5.36868e-06
5.15797e-06
4.92748e-06
4.68202e-06
4.42373e-06
4.15282e-06
3.87128e-06
3.57896e-06
3.27555e-06
2.96266e-06
2.6582e-06
2.38798e-06
2.15795e-06
1.95616e-06
1.77647e-06
1.66248e-06
1.68321e-06
1.83193e-06
2.0067e-06
2.11588e-06
2.08136e-06
1.88893e-06
1.60695e-06
1.27392e-06
9.49936e-07
7.54024e-07
9.156e-07
1.42285e-06
2.09509e-06
2.87766e-06
3.66914e-06
4.34012e-06
4.75625e-06
4.82583e-06
4.56928e-06
4.16722e-06
3.90802e-06
3.96376e-06
4.17593e-06
4.29055e-06
4.20808e-06
3.93803e-06
3.45813e-06
2.75605e-06
2.31875e-06
3.43456e-06
5.88926e-06
8.56698e-06
1.0611e-05
1.16258e-05
1.1743e-05
1.12465e-05
1.03705e-05
9.30289e-06
8.1793e-06
7.09364e-06
6.09988e-06
5.22374e-06
4.47408e-06
3.85004e-06
3.34728e-06
2.9585e-06
2.6753e-06
2.48804e-06
2.37088e-06
2.32467e-06
2.33264e-06
2.37858e-06
2.44766e-06
2.5277e-06
2.60955e-06
2.68677e-06
2.75523e-06
2.81248e-06
2.85747e-06
2.89017e-06
2.91131e-06
2.92211e-06
2.92494e-06
2.92311e-06
2.91904e-06
2.91682e-06
2.91868e-06
2.92983e-06
2.95887e-06
3.00768e-06
3.07736e-06
3.17139e-06
3.29015e-06
3.43299e-06
3.59795e-06
3.78189e-06
3.98075e-06
4.18985e-06
4.40418e-06
4.61867e-06
4.82846e-06
5.02934e-06
5.21771e-06
5.38972e-06
5.5412e-06
5.6707e-06
5.77874e-06
5.86546e-06
5.93243e-06
5.97939e-06
6.01537e-06
6.01847e-06
6.07879e-06
5.99408e-06
4.63584e-05
4.60361e-05
4.58288e-05
4.56377e-05
4.54647e-05
4.53071e-05
4.51592e-05
4.50181e-05
4.48821e-05
4.47481e-05
4.46116e-05
4.44674e-05
4.43096e-05
4.41315e-05
4.39257e-05
4.36843e-05
4.33987e-05
4.30597e-05
4.26581e-05
4.21841e-05
4.16281e-05
4.09804e-05
4.02315e-05
3.93725e-05
3.8395e-05
3.72918e-05
3.6057e-05
3.46868e-05
3.31798e-05
3.15379e-05
2.97665e-05
2.7876e-05
2.58816e-05
2.38035e-05
2.16671e-05
1.9502e-05
1.73407e-05
1.52169e-05
1.31636e-05
1.12108e-05
9.38345e-06
7.70016e-06
6.1723e-06
4.80254e-06
3.58958e-06
2.52755e-06
1.6092e-06
9.30743e-07
9.85551e-07
1.82202e-06
2.98668e-06
4.32637e-06
5.75439e-06
7.16547e-06
8.46136e-06
9.56192e-06
1.04137e-05
1.09897e-05
1.12838e-05
1.13277e-05
1.11527e-05
1.07461e-05
1.01486e-05
9.39639e-06
8.52809e-06
7.58355e-06
6.60104e-06
5.6152e-06
4.65672e-06
3.75145e-06
2.91953e-06
2.18007e-06
1.55628e-06
1.08996e-06
8.65361e-07
9.29381e-07
1.17055e-06
1.48143e-06
1.83679e-06
2.24363e-06
2.71435e-06
3.24095e-06
3.78514e-06
4.27297e-06
4.61176e-06
4.72157e-06
4.54499e-06
4.07758e-06
3.37501e-06
2.56656e-06
1.89365e-06
1.72562e-06
2.13952e-06
2.73575e-06
3.21231e-06
3.46297e-06
3.44089e-06
3.12981e-06
2.67588e-06
2.54168e-06
3.46954e-06
5.35411e-06
7.72618e-06
1.0213e-05
1.24865e-05
1.42767e-05
1.54227e-05
1.5907e-05
1.58927e-05
1.56375e-05
1.53664e-05
1.52149e-05
1.51834e-05
1.51331e-05
1.48038e-05
1.39017e-05
1.22127e-05
9.73741e-06
6.89871e-06
4.91985e-06
5.68793e-06
8.59033e-06
1.19825e-05
1.5273e-05
1.82539e-05
2.08489e-05
2.30398e-05
2.48331e-05
2.62466e-05
2.7303e-05
2.8025e-05
2.84403e-05
2.85694e-05
2.84479e-05
2.81061e-05
2.75478e-05
2.67917e-05
2.58561e-05
2.47603e-05
2.35232e-05
2.21638e-05
2.07008e-05
1.91525e-05
1.75369e-05
1.58712e-05
1.4172e-05
1.24561e-05
1.07404e-05
9.04135e-06
7.37632e-06
5.76904e-06
4.25512e-06
2.91247e-06
1.97034e-06
1.91467e-06
2.67497e-06
3.69751e-06
4.74359e-06
5.73914e-06
6.65695e-06
7.48518e-06
8.21865e-06
8.85586e-06
9.3977e-06
9.8469e-06
1.02076e-05
1.04853e-05
1.06857e-05
1.08145e-05
1.08779e-05
1.08837e-05
1.08384e-05
1.07467e-05
1.0613e-05
1.04434e-05
1.02352e-05
1.00138e-05
9.69622e-06
9.59835e-06
8.81401e-06
8.34608e-06
1.09387e-05
1.37407e-05
1.66206e-05
1.95266e-05
2.24668e-05
2.54488e-05
2.84641e-05
3.1507e-05
3.45831e-05
3.77038e-05
4.08829e-05
4.41383e-05
4.74927e-05
5.09746e-05
5.46173e-05
5.84599e-05
6.25428e-05
6.69232e-05
7.16259e-05
7.68113e-05
8.22165e-05
8.90818e-05
9.33292e-05
0.000107484
8.63623e-06
8.88212e-06
9.15603e-06
9.45815e-06
9.81534e-06
1.02189e-05
1.06653e-05
1.11551e-05
1.16846e-05
1.22482e-05
1.28415e-05
1.34614e-05
1.41051e-05
1.47702e-05
1.54554e-05
1.61605e-05
1.68867e-05
1.7636e-05
1.84117e-05
1.92183e-05
2.00588e-05
2.09514e-05
2.18413e-05
2.32722e-05
2.15561e-05
8.09847e-06
8.12374e-06
8.25229e-06
8.38915e-06
8.5561e-06
8.77226e-06
9.04369e-06
9.37492e-06
9.7684e-06
1.02243e-05
1.07421e-05
1.13204e-05
1.19568e-05
1.26486e-05
1.33929e-05
1.41874e-05
1.5031e-05
1.59235e-05
1.68676e-05
1.78641e-05
1.89277e-05
2.00349e-05
2.13065e-05
2.24075e-05
2.48869e-05
6.83728e-06
6.73477e-06
6.73294e-06
6.73227e-06
6.73453e-06
6.76429e-06
6.83088e-06
6.93725e-06
7.0859e-06
7.2791e-06
7.51918e-06
7.80848e-06
8.14905e-06
8.54258e-06
8.99048e-06
9.4938e-06
1.00535e-05
1.06705e-05
1.13469e-05
1.20825e-05
1.28877e-05
1.37434e-05
1.47308e-05
1.56788e-05
1.69241e-05
5.42571e-06
5.24762e-06
5.16355e-06
5.09697e-06
5.0321e-06
4.98763e-06
4.97242e-06
4.98669e-06
5.02994e-06
5.10231e-06
5.2042e-06
5.33642e-06
5.50024e-06
5.69759e-06
5.93122e-06
6.20461e-06
6.52202e-06
6.88799e-06
7.30863e-06
7.78715e-06
8.33839e-06
8.9402e-06
9.70122e-06
1.03018e-05
1.14674e-05
4.19216e-06
3.98036e-06
3.84762e-06
3.74383e-06
3.64453e-06
3.56047e-06
3.49989e-06
3.46259e-06
3.44702e-06
3.45243e-06
3.47818e-06
3.5235e-06
3.58762e-06
3.67015e-06
3.77143e-06
3.89278e-06
4.03684e-06
4.20727e-06
4.41017e-06
4.64952e-06
4.94215e-06
5.26677e-06
5.73979e-06
6.02194e-06
6.87336e-06
3.28944e-06
3.08108e-06
2.9364e-06
2.82451e-06
2.71883e-06
2.6226e-06
2.5425e-06
2.47866e-06
2.42956e-06
2.39476e-06
2.37429e-06
2.36791e-06
2.37502e-06
2.39477e-06
2.42631e-06
2.46903e-06
2.52303e-06
2.58905e-06
2.66993e-06
2.76671e-06
2.89217e-06
3.02565e-06
3.26794e-06
3.33207e-06
3.81319e-06
2.7113e-06
2.52895e-06
2.39709e-06
2.29557e-06
2.19972e-06
2.10788e-06
2.02507e-06
1.95207e-06
1.8878e-06
1.83223e-06
1.78614e-06
1.75032e-06
1.72524e-06
1.71104e-06
1.7075e-06
1.71416e-06
1.73051e-06
1.75604e-06
1.79138e-06
1.83546e-06
1.8958e-06
1.95516e-06
2.08258e-06
2.08912e-06
2.28958e-06
2.35759e-06
2.20749e-06
2.09699e-06
2.01103e-06
1.92855e-06
1.84582e-06
1.76685e-06
1.69331e-06
1.62491e-06
1.56205e-06
1.50597e-06
1.458e-06
1.41926e-06
1.39062e-06
1.37269e-06
1.36577e-06
1.36994e-06
1.38489e-06
1.4108e-06
1.44631e-06
1.49588e-06
1.54677e-06
1.6437e-06
1.66982e-06
1.77016e-06
2.12212e-06
2.00072e-06
1.9101e-06
1.83767e-06
1.76616e-06
1.69169e-06
1.61769e-06
1.5466e-06
1.47899e-06
1.41566e-06
1.35811e-06
1.30794e-06
1.26649e-06
1.23486e-06
1.21398e-06
1.20456e-06
1.20708e-06
1.22167e-06
1.24863e-06
1.28685e-06
1.33939e-06
1.3964e-06
1.48992e-06
1.53535e-06
1.62503e-06
1.93393e-06
1.83482e-06
1.75946e-06
1.69713e-06
1.63377e-06
1.56621e-06
1.49755e-06
1.43062e-06
1.36665e-06
1.30674e-06
1.25248e-06
1.20552e-06
1.16721e-06
1.13862e-06
1.12065e-06
1.11402e-06
1.11934e-06
1.13694e-06
1.16726e-06
1.20951e-06
1.2661e-06
1.32888e-06
1.42315e-06
1.47849e-06
1.5752e-06
1.75758e-06
1.67498e-06
1.6107e-06
1.55603e-06
1.49933e-06
1.43832e-06
1.37581e-06
1.31477e-06
1.2568e-06
1.20316e-06
1.15542e-06
1.11514e-06
1.08355e-06
1.06154e-06
1.04979e-06
1.04887e-06
1.0593e-06
1.08147e-06
1.11591e-06
1.1621e-06
1.22215e-06
1.28911e-06
1.38408e-06
1.44471e-06
1.54888e-06
1.57977e-06
1.50954e-06
1.45361e-06
1.40544e-06
1.35522e-06
1.30126e-06
1.24618e-06
1.19281e-06
1.14292e-06
1.09785e-06
1.05905e-06
1.02789e-06
1.00538e-06
9.92174e-07
9.88664e-07
9.95171e-07
1.01206e-06
1.03966e-06
1.07857e-06
1.12853e-06
1.1915e-06
1.2615e-06
1.35668e-06
1.42061e-06
1.5303e-06
1.3986e-06
1.33802e-06
1.28892e-06
1.24692e-06
1.20359e-06
1.15759e-06
1.11125e-06
1.06718e-06
1.02715e-06
9.92449e-07
9.6435e-07
9.43986e-07
9.32102e-07
9.29033e-07
9.34878e-07
9.49691e-07
9.73649e-07
1.00704e-06
1.05047e-06
1.10395e-06
1.16934e-06
1.24154e-06
1.33646e-06
1.40256e-06
1.5158e-06
1.21748e-06
1.16462e-06
1.12138e-06
1.0854e-06
1.0494e-06
1.0121e-06
9.75526e-07
9.42007e-07
9.13154e-07
8.9013e-07
8.7396e-07
8.65461e-07
8.65047e-07
8.72738e-07
8.88341e-07
9.11683e-07
9.42796e-07
9.81926e-07
1.02972e-06
1.08639e-06
1.15378e-06
1.22749e-06
1.32178e-06
1.38922e-06
1.50437e-06
1.04217e-06
9.95128e-07
9.56656e-07
9.26188e-07
8.97461e-07
8.69159e-07
8.42902e-07
8.20695e-07
8.03894e-07
7.93402e-07
7.89898e-07
7.93794e-07
8.05134e-07
8.23623e-07
8.48838e-07
8.80451e-07
9.18418e-07
9.62985e-07
1.01485e-06
1.07436e-06
1.14341e-06
1.21813e-06
1.31155e-06
1.37969e-06
1.49553e-06
8.79371e-07
8.3561e-07
8.00094e-07
7.73858e-07
7.51628e-07
7.31984e-07
7.16098e-07
7.0555e-07
7.013e-07
7.03821e-07
7.13305e-07
7.29676e-07
7.5258e-07
7.81457e-07
8.15741e-07
8.55047e-07
8.99331e-07
9.4888e-07
1.00444e-06
1.0665e-06
1.13694e-06
1.21233e-06
1.30479e-06
1.37318e-06
1.48887e-06
7.36056e-07
6.91945e-07
6.56399e-07
6.32038e-07
6.14625e-07
6.02665e-07
5.96787e-07
5.97974e-07
6.06543e-07
6.22289e-07
6.44744e-07
6.73283e-07
7.0718e-07
7.45704e-07
7.88251e-07
8.34482e-07
8.8442e-07
9.38424e-07
9.97299e-07
1.06163e-06
1.13327e-06
1.20912e-06
1.30064e-06
1.36898e-06
1.48402e-06
6.19079e-07
5.69886e-07
5.29882e-07
5.0364e-07
4.88263e-07
4.8235e-07
4.85857e-07
4.9879e-07
5.20376e-07
5.49373e-07
5.84485e-07
6.2454e-07
6.68552e-07
7.15744e-07
7.65596e-07
8.17892e-07
8.72771e-07
9.30681e-07
9.92481e-07
1.05882e-06
1.13154e-06
1.20772e-06
1.29837e-06
1.36648e-06
1.48062e-06
5.3449e-07
4.75259e-07
4.25121e-07
3.91501e-07
3.73825e-07
3.71505e-07
3.83675e-07
4.08554e-07
4.43424e-07
4.8553e-07
5.32669e-07
5.83265e-07
6.3626e-07
6.90991e-07
7.47113e-07
8.04588e-07
8.63696e-07
9.24976e-07
9.89324e-07
1.05741e-06
1.13109e-06
1.20755e-06
1.29746e-06
1.36524e-06
1.4784e-06
4.85687e-07
4.13301e-07
3.47659e-07
2.9953e-07
2.72741e-07
2.70129e-07
2.90342e-07
3.27884e-07
3.76422e-07
4.31222e-07
4.89369e-07
5.49211e-07
6.09863e-07
6.70908e-07
7.32247e-07
7.94035e-07
8.56684e-07
9.20819e-07
9.87389e-07
1.05704e-06
1.13154e-06
1.20821e-06
1.29752e-06
1.36491e-06
1.47716e-06
4.70612e-07
3.85923e-07
3.03192e-07
2.34344e-07
1.88186e-07
1.78018e-07
2.0606e-07
2.57933e-07
3.20437e-07
3.86962e-07
4.54595e-07
5.22076e-07
5.88916e-07
6.55024e-07
7.20546e-07
7.85822e-07
8.51374e-07
9.17878e-07
9.86296e-07
1.05737e-06
1.13265e-06
1.20948e-06
1.29831e-06
1.36526e-06
1.47676e-06
4.81521e-07
3.88585e-07
2.93076e-07
2.04621e-07
1.29611e-07
9.53152e-08
1.32069e-07
2.01169e-07
2.76962e-07
3.53222e-07
4.28224e-07
5.01479e-07
5.72967e-07
6.42901e-07
7.11629e-07
7.79633e-07
8.47505e-07
9.15983e-07
9.85908e-07
1.05806e-06
1.13407e-06
1.21116e-06
1.29968e-06
1.36614e-06
1.47713e-06
5.08642e-07
4.11754e-07
3.10226e-07
2.11753e-07
1.16439e-07
3.02787e-08
7.54623e-08
1.62455e-07
2.47747e-07
3.30287e-07
4.09982e-07
4.86978e-07
5.61568e-07
6.34144e-07
7.05172e-07
7.75198e-07
8.44846e-07
9.14868e-07
9.86089e-07
1.05908e-06
1.13567e-06
1.21303e-06
1.30142e-06
1.36732e-06
1.47816e-06
5.43715e-07
4.45789e-07
3.4316e-07
2.43389e-07
1.47227e-07
6.12296e-08
6.56463e-08
1.47879e-07
2.33866e-07
3.1795e-07
3.99369e-07
4.78088e-07
5.54335e-07
6.28492e-07
7.01026e-07
7.72475e-07
8.4347e-07
9.14661e-07
9.86968e-07
1.06084e-06
1.13801e-06
1.21555e-06
1.30405e-06
1.36925e-06
1.48044e-06
5.81419e-07
4.84003e-07
3.82679e-07
2.85342e-07
1.94689e-07
1.21422e-07
1.04374e-07
1.57823e-07
2.3455e-07
3.1532e-07
3.95587e-07
4.74113e-07
5.50651e-07
6.25369e-07
6.98626e-07
7.70898e-07
8.42759e-07
9.14805e-07
9.87868e-07
1.06241e-06
1.13999e-06
1.21757e-06
1.3061e-06
1.37073e-06
1.48151e-06
6.16935e-07
5.20902e-07
4.2202e-07
3.28294e-07
2.4329e-07
1.77029e-07
1.52692e-07
1.83728e-07
2.46797e-07
3.20867e-07
3.97741e-07
4.74532e-07
5.50253e-07
6.24708e-07
6.98064e-07
7.70682e-07
8.43034e-07
9.1568e-07
9.89304e-07
1.06436e-06
1.14221e-06
1.22016e-06
1.30783e-06
1.37438e-06
1.48071e-06
5.84997e-07
5.00028e-07
4.13444e-07
3.32224e-07
2.59739e-07
2.0379e-07
1.78661e-07
1.93911e-07
2.39157e-07
2.9872e-07
3.6378e-07
4.30488e-07
4.97265e-07
5.63563e-07
6.29316e-07
6.94718e-07
7.60097e-07
8.25876e-07
8.92589e-07
9.60652e-07
1.03098e-06
1.1019e-06
1.17935e-06
1.24328e-06
1.332e-06
6.13045e-07
5.29483e-07
4.45187e-07
3.66732e-07
2.97361e-07
2.4377e-07
2.16654e-07
2.23552e-07
2.59221e-07
3.11679e-07
3.72095e-07
4.35839e-07
5.0074e-07
5.65885e-07
6.30985e-07
6.96097e-07
7.61434e-07
8.27336e-07
8.9426e-07
9.62579e-07
1.03303e-06
1.10431e-06
1.18091e-06
1.24701e-06
1.33141e-06
6.38656e-07
5.56551e-07
4.74613e-07
3.98912e-07
3.32331e-07
2.80684e-07
2.52404e-07
2.5353e-07
2.81397e-07
3.27127e-07
3.82666e-07
4.43066e-07
5.05718e-07
5.69388e-07
6.3357e-07
6.98166e-07
7.63277e-07
8.2915e-07
8.96172e-07
9.64633e-07
1.03523e-06
1.10657e-06
1.18336e-06
1.24929e-06
1.33347e-06
6.62736e-07
5.82016e-07
5.0233e-07
4.29189e-07
3.65113e-07
3.15141e-07
2.86164e-07
2.83117e-07
3.04701e-07
3.44342e-07
3.95046e-07
4.51925e-07
5.12098e-07
5.74078e-07
6.37167e-07
7.01106e-07
7.65888e-07
8.31673e-07
8.98765e-07
9.6738e-07
1.03818e-06
1.10966e-06
1.18689e-06
1.25249e-06
1.33742e-06
6.857e-07
6.06248e-07
5.28678e-07
4.57898e-07
3.96072e-07
3.47582e-07
3.18187e-07
3.11983e-07
3.28371e-07
3.62623e-07
4.08691e-07
4.61972e-07
5.19499e-07
5.79602e-07
6.41397e-07
7.04521e-07
7.68823e-07
8.3439e-07
9.01432e-07
9.701e-07
1.04102e-06
1.11263e-06
1.19014e-06
1.2556e-06
1.34097e-06
7.08007e-07
6.29671e-07
5.54038e-07
4.85395e-07
4.25556e-07
3.78375e-07
3.48721e-07
3.40043e-07
3.52164e-07
3.8156e-07
4.2328e-07
4.73012e-07
5.27819e-07
5.85919e-07
6.46309e-07
7.08502e-07
7.72222e-07
8.3748e-07
9.04396e-07
9.73066e-07
1.04406e-06
1.11578e-06
1.19357e-06
1.25896e-06
1.34463e-06
7.30052e-07
6.5266e-07
5.7876e-07
5.12008e-07
4.53891e-07
4.07827e-07
3.77992e-07
3.67302e-07
3.75927e-07
4.0096e-07
4.38564e-07
4.84778e-07
5.36865e-07
5.92921e-07
6.51845e-07
7.12987e-07
7.76032e-07
8.40895e-07
9.07615e-07
9.76223e-07
1.04725e-06
1.11906e-06
1.19716e-06
1.2626e-06
1.3483e-06
7.52208e-07
6.75588e-07
6.03195e-07
5.38069e-07
4.81399e-07
4.36245e-07
4.06228e-07
3.9382e-07
3.99321e-07
4.20612e-07
4.54362e-07
4.9721e-07
5.46576e-07
6.0055e-07
6.57906e-07
7.17932e-07
7.80236e-07
8.44632e-07
9.11089e-07
9.79566e-07
1.0506e-06
1.12251e-06
1.20088e-06
1.26675e-06
1.3521e-06
7.74803e-07
6.98786e-07
6.27668e-07
5.63883e-07
5.08372e-07
4.63904e-07
4.33641e-07
4.19683e-07
4.22364e-07
4.40253e-07
4.70498e-07
5.10266e-07
5.5691e-07
6.08714e-07
6.64441e-07
7.23316e-07
7.84815e-07
8.48678e-07
9.14807e-07
9.83103e-07
1.05409e-06
1.12605e-06
1.20469e-06
1.27118e-06
1.35604e-06
7.98097e-07
7.2254e-07
6.52462e-07
5.89723e-07
5.35074e-07
4.91056e-07
4.60442e-07
4.45016e-07
4.45182e-07
4.59878e-07
4.86874e-07
5.23601e-07
5.67632e-07
6.17328e-07
6.71441e-07
7.29119e-07
7.89755e-07
8.53029e-07
9.1877e-07
9.86835e-07
1.05773e-06
1.12973e-06
1.20866e-06
1.27575e-06
1.36008e-06
8.22285e-07
7.47079e-07
6.7782e-07
6.15826e-07
5.61736e-07
5.17927e-07
4.86824e-07
4.69942e-07
4.67755e-07
4.79532e-07
5.03442e-07
5.37197e-07
5.78724e-07
6.26375e-07
6.78869e-07
7.35315e-07
7.9505e-07
8.57687e-07
9.22995e-07
9.90782e-07
1.06155e-06
1.13363e-06
1.21292e-06
1.28085e-06
1.36434e-06
8.4749e-07
7.72576e-07
7.03929e-07
6.42379e-07
5.88549e-07
5.44709e-07
5.12955e-07
4.94577e-07
4.90133e-07
4.99168e-07
5.20166e-07
5.51139e-07
5.90214e-07
6.35825e-07
6.86694e-07
7.41895e-07
8.00703e-07
8.62673e-07
9.27519e-07
9.95012e-07
1.06567e-06
1.13788e-06
1.21768e-06
1.28691e-06
1.3693e-06
8.7376e-07
7.99141e-07
7.30924e-07
6.69517e-07
6.15661e-07
5.7156e-07
5.38977e-07
5.1902e-07
5.12367e-07
5.18787e-07
5.37013e-07
5.65315e-07
6.02009e-07
6.45626e-07
6.94891e-07
7.48849e-07
8.06724e-07
8.68023e-07
9.32415e-07
9.9964e-07
1.07023e-06
1.1427e-06
1.22325e-06
1.29435e-06
1.37565e-06
9.01076e-07
8.26828e-07
7.58881e-07
6.97318e-07
6.43169e-07
5.98594e-07
5.64989e-07
5.43341e-07
5.34485e-07
5.38378e-07
5.53936e-07
5.79661e-07
6.1405e-07
6.55726e-07
7.03422e-07
7.56163e-07
8.13135e-07
8.73798e-07
9.37792e-07
1.00484e-06
1.07552e-06
1.14844e-06
1.23004e-06
1.30367e-06
1.384e-06
9.29349e-07
8.55639e-07
7.87813e-07
7.25791e-07
6.71117e-07
6.25875e-07
5.91039e-07
5.67557e-07
5.56476e-07
5.5789e-07
5.70854e-07
5.94082e-07
6.26242e-07
6.66042e-07
7.1223e-07
7.63821e-07
8.19968e-07
8.80101e-07
9.43845e-07
1.01091e-06
1.08196e-06
1.15573e-06
1.23879e-06
1.31647e-06
1.39575e-06
9.58435e-07
8.85532e-07
8.17669e-07
7.54874e-07
6.99485e-07
6.53397e-07
6.17097e-07
5.91616e-07
5.7826e-07
5.77208e-07
5.87625e-07
6.08428e-07
6.38448e-07
6.76471e-07
7.21266e-07
7.71846e-07
8.27349e-07
8.87182e-07
9.50983e-07
1.01843e-06
1.09036e-06
1.16531e-06
1.25057e-06
1.3346e-06
1.41238e-06
9.88139e-07
9.16428e-07
8.48313e-07
7.84412e-07
7.28172e-07
6.81063e-07
6.43031e-07
6.15366e-07
5.99665e-07
5.9614e-07
6.04051e-07
6.22525e-07
6.50548e-07
6.86979e-07
7.30618e-07
7.80483e-07
8.3571e-07
8.95691e-07
9.60068e-07
1.02852e-06
1.10194e-06
1.17882e-06
1.26712e-06
1.3579e-06
1.4332e-06
1.01825e-06
9.48221e-07
8.79506e-07
8.14153e-07
7.56991e-07
7.08661e-07
6.68594e-07
6.38565e-07
6.20464e-07
6.14481e-07
6.19988e-07
6.36334e-07
6.62649e-07
6.97857e-07
7.4079e-07
7.90465e-07
8.46004e-07
9.06759e-07
9.72333e-07
1.04231e-06
1.11753e-06
1.19607e-06
1.28784e-06
1.38365e-06
1.45245e-06
1.04853e-06
9.80739e-07
9.10836e-07
8.43713e-07
7.8565e-07
7.3587e-07
6.9347e-07
6.60985e-07
6.40547e-07
6.32273e-07
6.35681e-07
6.5033e-07
6.75459e-07
7.10014e-07
7.52817e-07
8.02832e-07
8.59094e-07
9.20815e-07
9.87449e-07
1.05829e-06
1.13403e-06
1.2124e-06
1.30404e-06
1.40096e-06
1.45322e-06
1.07891e-06
1.0138e-06
9.41682e-07
8.72577e-07
8.13787e-07
7.62387e-07
7.1757e-07
6.82885e-07
6.60557e-07
6.50548e-07
6.52484e-07
6.66032e-07
6.90414e-07
7.24487e-07
7.66973e-07
8.16674e-07
8.72447e-07
9.33246e-07
9.983e-07
1.06647e-06
1.13807e-06
1.21248e-06
1.297e-06
1.38809e-06
1.41334e-06
1.10924e-06
1.04694e-06
9.71176e-07
9.00354e-07
8.41554e-07
7.89023e-07
7.42668e-07
7.07076e-07
6.84199e-07
6.73609e-07
6.74837e-07
6.87441e-07
7.10489e-07
7.42711e-07
7.82766e-07
8.29379e-07
8.81377e-07
9.37658e-07
9.97538e-07
1.05995e-06
1.12656e-06
1.19503e-06
1.28023e-06
1.36219e-06
1.40224e-06
1.13953e-06
1.08041e-06
1.00086e-06
9.31084e-07
8.75565e-07
8.25327e-07
7.81533e-07
7.49412e-07
7.3014e-07
7.22725e-07
7.26609e-07
7.41399e-07
7.66345e-07
8.00513e-07
8.43092e-07
8.9346e-07
9.51361e-07
1.01686e-06
1.09101e-06
1.17439e-06
1.27467e-06
1.38242e-06
1.5474e-06
1.64421e-06
1.92295e-06
1.18328e-06
1.13236e-06
1.05712e-06
1.00071e-06
9.61644e-07
9.28334e-07
9.04629e-07
8.9686e-07
9.05672e-07
9.29744e-07
9.68538e-07
1.02162e-06
1.08824e-06
1.1677e-06
1.25984e-06
1.36514e-06
1.48495e-06
1.62124e-06
1.77768e-06
1.95638e-06
2.1703e-06
2.40174e-06
2.7383e-06
2.92015e-06
3.54315e-06
1.34727e-06
1.32432e-06
1.28785e-06
1.29123e-06
1.32015e-06
1.36104e-06
1.42099e-06
1.50465e-06
1.60842e-06
1.72792e-06
1.86094e-06
2.00623e-06
2.16308e-06
2.33172e-06
2.51361e-06
2.71128e-06
2.92847e-06
3.16962e-06
3.44099e-06
3.74702e-06
4.10186e-06
4.48812e-06
5.00545e-06
5.34701e-06
6.23597e-06
2.04941e-06
2.1056e-06
2.18419e-06
2.3255e-06
2.48734e-06
2.65406e-06
2.83441e-06
3.0298e-06
3.23454e-06
3.44505e-06
3.6613e-06
3.88472e-06
4.11765e-06
4.36355e-06
4.62716e-06
4.91411e-06
5.231e-06
5.58466e-06
5.98333e-06
6.43258e-06
6.94594e-06
7.50616e-06
8.20761e-06
8.75891e-06
9.84134e-06
3.90737e-06
4.01764e-06
4.1902e-06
4.42657e-06
4.66291e-06
4.89049e-06
5.12325e-06
5.36387e-06
5.60944e-06
5.86065e-06
6.12171e-06
6.39782e-06
6.69463e-06
7.01826e-06
7.37539e-06
7.77279e-06
8.2173e-06
8.71513e-06
9.27289e-06
9.89366e-06
1.05883e-05
1.13363e-05
1.22195e-05
1.29948e-05
1.42178e-05
6.67671e-06
6.69323e-06
6.83373e-06
7.04691e-06
7.25801e-06
7.46906e-06
7.69913e-06
7.95263e-06
8.22881e-06
8.53027e-06
8.86212e-06
9.22949e-06
9.6371e-06
1.00893e-05
1.05903e-05
1.11437e-05
1.1753e-05
1.24206e-05
1.31494e-05
1.39395e-05
1.47983e-05
1.57084e-05
1.673e-05
1.77413e-05
1.89663e-05
9.29052e-06
9.15465e-06
9.2492e-06
9.4649e-06
9.71195e-06
9.99163e-06
1.03208e-05
1.07011e-05
1.11284e-05
1.16014e-05
1.21208e-05
1.26878e-05
1.33032e-05
1.39676e-05
1.46822e-05
1.5448e-05
1.62665e-05
1.71391e-05
1.80684e-05
1.90544e-05
2.01075e-05
2.12074e-05
2.24444e-05
2.35822e-05
2.57871e-05
1.08863e-05
1.04333e-05
1.04317e-05
1.06659e-05
1.09762e-05
1.13312e-05
1.17345e-05
1.21804e-05
1.26589e-05
1.31647e-05
1.36965e-05
1.42542e-05
1.48375e-05
1.54465e-05
1.60815e-05
1.67436e-05
1.74337e-05
1.81532e-05
1.89039e-05
1.9688e-05
2.05067e-05
2.13722e-05
2.22437e-05
2.35646e-05
2.20618e-05
1.70445e-05
1.90778e-05
2.15048e-05
2.37059e-05
2.57419e-05
2.77709e-05
2.98441e-05
3.19639e-05
3.41444e-05
3.64122e-05
3.87929e-05
4.13078e-05
4.39776e-05
4.68242e-05
4.987e-05
5.3138e-05
5.66528e-05
6.04381e-05
6.45307e-05
6.89377e-05
7.37885e-05
7.88325e-05
8.51713e-05
8.9145e-05
0.000101997
)
;

boundaryField
{
    inlet
    {
        type            calculated;
        value           nonuniform List<scalar> 
30
(
5.8474e-29
1.95797e-30
1.64491e-31
3.09901e-31
2.28757e-31
1.66536e-31
1.28346e-31
1.03159e-31
8.48978e-32
7.07784e-32
5.93162e-32
4.96138e-32
4.11104e-32
3.3473e-32
2.65866e-32
2.0715e-32
1.72499e-32
1.88146e-32
2.53766e-32
3.51264e-32
4.75982e-32
6.33019e-32
8.35893e-32
1.11217e-31
1.52329e-31
2.17886e-31
3.01712e-31
1.61676e-31
1.95719e-30
5.84703e-29
)
;
    }
    outlet
    {
        type            calculated;
        value           nonuniform List<scalar> 
57
(
3.02596e-29
6.20877e-30
7.17737e-30
4.96181e-30
3.4392e-30
2.14681e-30
1.27661e-30
8.34073e-31
6.79184e-31
6.35778e-31
6.21004e-31
6.13202e-31
6.07758e-31
6.03611e-31
6.00448e-31
5.98112e-31
5.96464e-31
5.95378e-31
5.94741e-31
5.94469e-31
5.94499e-31
5.94791e-31
5.95324e-31
5.96066e-31
5.97242e-31
5.97956e-31
5.97965e-31
5.9797e-31
5.97965e-31
5.99033e-31
6.00864e-31
6.0253e-31
6.04237e-31
6.05944e-31
6.07693e-31
6.09494e-31
6.11339e-31
6.13303e-31
6.15636e-31
6.18694e-31
6.22834e-31
6.28733e-31
6.37044e-31
6.4735e-31
6.56833e-31
6.5751e-31
6.37717e-31
6.19392e-31
7.85553e-31
1.30594e-30
2.15508e-30
3.28196e-30
4.64193e-30
6.10795e-30
8.21098e-30
7.02491e-30
3.18618e-29
)
;
    }
    upperWall
    {
        type            nutkWallFunction;
        blending        stepwise;
        value           nonuniform List<scalar> 
223
(
3.23988e-06
2.648e-06
2.31702e-06
2.00558e-06
1.69011e-06
1.38932e-06
1.10774e-06
8.41147e-07
5.86846e-07
3.44343e-07
1.13768e-07
0
0
0
0
0
0
0
5.93168e-08
4.12653e-09
0
0
0
0
0
0
0
0
0
0
0
0
0
0
0
0
0
0
0
0
0
0
0
0
0
0
0
0
0
0
0
0
0
0
0
0
0
0
0
0
0
0
0
0
0
0
0
0
0
0
0
0
0
0
0
0
0
0
0
0
0
0
0
0
0
0
0
0
0
0
0
0
0
0
0
0
0
0
0
0
0
0
0
0
0
0
0
0
0
0
0
0
0
0
0
0
0
0
0
0
0
0
0
0
0
0
0
0
0
0
0
0
0
0
0
0
0
0
0
0
0
0
0
0
0
0
0
0
0
0
0
0
0
0
0
0
0
0
0
0
0
0
0
0
0
0
0
0
0
0
0
0
0
0
0
0
0
0
0
0
0
0
0
0
0
0
0
0
0
0
0
0
0
0
0
0
0
0
0
0
0
0
0
0
0
0
0
0
0
0
0
0
0
0
0
0
0
0
0
0
0
0
0
)
;
    }
    lowerWall
    {
        type            nutkWallFunction;
        blending        stepwise;
        value           nonuniform List<scalar> 
250
(
3.2415e-06
2.64698e-06
2.31096e-06
1.99135e-06
1.66472e-06
1.35004e-06
1.05191e-06
7.66118e-07
4.89924e-07
2.22881e-07
0
0
0
0
0
0
0
0
0
0
0
0
0
0
0
0
0
0
0
0
0
0
0
0
0
0
0
0
0
0
0
0
0
0
0
0
0
0
0
0
0
0
0
0
0
0
0
0
0
0
0
0
0
0
0
0
0
0
0
0
0
0
0
3.72342e-07
7.46076e-07
9.84154e-07
1.10351e-06
1.11742e-06
1.0487e-06
9.12305e-07
7.08202e-07
4.41782e-07
1.1932e-07
0
0
0
0
0
0
0
0
0
0
0
0
0
0
0
0
0
0
0
0
0
0
0
0
0
0
0
0
0
0
0
0
0
0
0
0
0
0
0
0
0
0
0
0
0
0
0
0
0
0
0
0
0
0
0
0
0
0
0
0
0
0
0
0
0
0
0
0
0
0
0
0
0
0
0
0
0
0
0
0
0
0
0
0
0
0
0
0
0
0
0
0
0
0
0
0
0
0
0
0
0
0
0
0
0
0
0
0
0
0
0
0
0
0
0
0
0
0
0
0
0
0
0
0
0
0
0
0
0
0
0
0
0
0
0
0
0
0
0
0
0
0
0
0
0
0
0
0
0
0
0
0
0
0
0
0
0
0
0
0
0
0
0
0
0
0
0
)
;
    }
    frontAndBack
    {
        type            empty;
    }
}


// ************************************************************************* //
