/*--------------------------------*- C++ -*----------------------------------*\
| =========                 |                                                 |
| \\      /  F ield         | OpenFOAM: The Open Source CFD Toolbox           |
|  \\    /   O peration     | Version:  2406                                  |
|   \\  /    A nd           | Website:  www.openfoam.com                      |
|    \\/     M anipulation  |                                                 |
\*---------------------------------------------------------------------------*/
FoamFile
{
    version     2.0;
    format      ascii;
    arch        "LSB;label=32;scalar=64";
    class       volScalarField;
    location    "0.67";
    object      p;
}
// * * * * * * * * * * * * * * * * * * * * * * * * * * * * * * * * * * * * * //

dimensions      [0 2 -2 0 0 0 0];

internalField   nonuniform List<scalar> 
12225
(
-0.0465503
-0.0837378
-0.104302
-0.109547
-0.112289
-0.1162
-0.119766
-0.122132
-0.123745
-0.124947
-0.125695
-0.125833
-0.125253
-0.123881
-0.121655
-0.118468
-0.11426
-0.108501
-0.0540386
-0.0767327
-0.0957564
-0.104487
-0.109679
-0.114887
-0.119604
-0.123165
-0.125789
-0.127794
-0.129237
-0.130052
-0.130181
-0.129591
-0.128231
-0.12603
-0.122768
-0.118137
-0.0689034
-0.0831367
-0.0987948
-0.108002
-0.113182
-0.117594
-0.121695
-0.125021
-0.127547
-0.129512
-0.131038
-0.132123
-0.132748
-0.132912
-0.132627
-0.131889
-0.130712
-0.129097
-0.079904
-0.0880882
-0.0994556
-0.107693
-0.112734
-0.116868
-0.120874
-0.124436
-0.127383
-0.129847
-0.131967
-0.133787
-0.135322
-0.136617
-0.137758
-0.138873
-0.140172
-0.142049
-0.0877513
-0.0926914
-0.101098
-0.108551
-0.11378
-0.118016
-0.12204
-0.125743
-0.128955
-0.131746
-0.134256
-0.136569
-0.138746
-0.140874
-0.143089
-0.145585
-0.148634
-0.152653
-0.0936854
-0.0970024
-0.10336
-0.10984
-0.114897
-0.119031
-0.122902
-0.126571
-0.129918
-0.132967
-0.135836
-0.138626
-0.141423
-0.144332
-0.147504
-0.151139
-0.155489
-0.160902
-0.0983609
-0.100775
-0.105679
-0.111208
-0.115971
-0.12003
-0.123855
-0.12757
-0.131099
-0.13444
-0.13768
-0.140922
-0.144262
-0.147813
-0.151718
-0.15616
-0.161347
-0.167542
-0.102122
-0.103985
-0.107892
-0.112644
-0.117103
-0.121095
-0.124899
-0.128645
-0.132298
-0.135849
-0.139368
-0.14295
-0.146693
-0.150706
-0.155116
-0.160076
-0.165746
-0.172316
-0.105179
-0.106688
-0.10992
-0.11407
-0.118233
-0.122136
-0.125915
-0.129679
-0.133425
-0.137145
-0.140892
-0.144747
-0.148801
-0.153147
-0.157893
-0.163156
-0.16905
-0.1757
-0.107667
-0.108944
-0.111713
-0.115408
-0.119308
-0.123117
-0.126874
-0.130659
-0.134477
-0.138327
-0.142243
-0.146294
-0.150554
-0.155103
-0.160023
-0.165402
-0.171315
-0.17784
-0.109677
-0.110798
-0.113249
-0.116609
-0.120294
-0.124015
-0.127752
-0.131551
-0.135421
-0.139357
-0.143387
-0.147561
-0.151939
-0.156584
-0.161558
-0.16692
-0.172716
-0.178988
-0.111269
-0.112284
-0.11452
-0.117641
-0.121162
-0.124807
-0.128525
-0.132333
-0.136233
-0.140223
-0.144318
-0.148555
-0.152979
-0.157637
-0.162571
-0.167818
-0.173402
-0.179341
-0.112482
-0.113429
-0.115523
-0.118484
-0.121887
-0.125476
-0.129177
-0.132988
-0.136905
-0.140919
-0.145039
-0.149289
-0.153701
-0.158305
-0.163129
-0.168193
-0.173506
-0.179067
-0.113343
-0.11425
-0.11626
-0.119125
-0.122456
-0.126008
-0.129699
-0.13351
-0.13743
-0.141446
-0.145559
-0.149782
-0.154135
-0.158637
-0.163303
-0.168141
-0.173149
-0.178313
-0.113868
-0.114757
-0.116731
-0.119556
-0.122858
-0.126397
-0.130085
-0.133895
-0.137809
-0.141811
-0.145892
-0.150058
-0.154319
-0.158685
-0.163162
-0.167748
-0.172434
-0.177201
-0.114062
-0.114954
-0.116937
-0.119773
-0.123088
-0.126639
-0.130335
-0.134146
-0.13805
-0.142024
-0.146056
-0.150143
-0.15429
-0.158498
-0.162767
-0.167089
-0.171452
-0.175832
-0.113924
-0.114841
-0.116877
-0.119777
-0.123148
-0.126737
-0.130453
-0.13427
-0.138161
-0.142101
-0.146072
-0.150067
-0.154085
-0.158123
-0.162176
-0.166233
-0.170278
-0.17429
-0.113445
-0.11441
-0.116547
-0.11957
-0.123042
-0.126695
-0.130446
-0.134275
-0.138157
-0.14206
-0.145963
-0.149858
-0.15374
-0.157603
-0.161439
-0.165236
-0.168978
-0.172644
-0.112606
-0.113647
-0.115946
-0.119157
-0.122779
-0.126524
-0.130324
-0.134174
-0.138051
-0.141919
-0.145752
-0.149543
-0.153287
-0.156977
-0.160602
-0.16415
-0.167606
-0.170951
-0.111379
-0.112534
-0.115069
-0.11855
-0.122374
-0.126236
-0.1301
-0.133984
-0.137864
-0.141698
-0.145463
-0.149151
-0.15276
-0.156281
-0.159704
-0.163016
-0.166206
-0.169256
-0.109719
-0.11104
-0.113916
-0.117765
-0.121848
-0.125849
-0.12979
-0.133722
-0.137614
-0.14142
-0.145118
-0.148708
-0.152189
-0.155551
-0.158784
-0.161876
-0.16482
-0.1676
-0.107563
-0.109127
-0.112489
-0.116831
-0.121225
-0.125382
-0.129417
-0.133412
-0.137325
-0.141103
-0.144737
-0.148234
-0.151595
-0.154809
-0.157866
-0.160758
-0.163478
-0.166016
-0.104817
-0.106744
-0.110808
-0.115792
-0.120536
-0.124852
-0.128997
-0.133078
-0.137025
-0.140783
-0.144357
-0.147767
-0.151015
-0.154088
-0.156978
-0.159679
-0.162188
-0.1645
-0.101341
-0.103831
-0.108917
-0.114719
-0.119826
-0.124285
-0.12855
-0.132725
-0.136706
-0.140445
-0.143974
-0.147321
-0.150484
-0.153448
-0.156203
-0.158745
-0.161072
-0.163181
-0.0969218
-0.100324
-0.10689
-0.113686
-0.119147
-0.12376
-0.128179
-0.13245
-0.136429
-0.140109
-0.14356
-0.146819
-0.149878
-0.152722
-0.15534
-0.157726
-0.15988
-0.161806
-0.09121
-0.0962456
-0.104886
-0.112696
-0.118388
-0.123187
-0.12787
-0.132326
-0.136371
-0.140057
-0.143492
-0.146715
-0.149712
-0.152466
-0.154965
-0.157201
-0.159171
-0.160881
-0.0835477
-0.0918358
-0.103459
-0.112092
-0.117651
-0.122425
-0.1272
-0.131666
-0.135651
-0.139289
-0.142708
-0.145931
-0.148932
-0.151685
-0.154168
-0.156346
-0.158214
-0.159791
-0.0726915
-0.0870361
-0.10297
-0.112604
-0.118351
-0.123476
-0.12845
-0.132824
-0.136593
-0.140014
-0.143229
-0.146252
-0.149065
-0.15165
-0.153968
-0.155912
-0.157387
-0.158264
-0.0579313
-0.0807415
-0.100061
-0.109251
-0.115056
-0.121042
-0.12673
-0.131478
-0.135538
-0.139274
-0.142795
-0.146086
-0.149146
-0.15199
-0.154617
-0.156871
-0.158541
-0.158383
-0.0505213
-0.0878231
-0.10869
-0.114408
-0.117788
-0.122521
-0.127124
-0.130774
-0.13396
-0.13709
-0.140191
-0.143186
-0.146056
-0.148841
-0.151571
-0.154378
-0.157147
-0.160847
-0.24586
-0.245683
-0.2457
-0.247803
-0.254182
-0.264159
-0.273984
-0.2798
-0.279941
-0.274649
-0.264891
-0.251623
-0.235827
-0.218609
-0.200911
-0.183773
-0.168293
-0.155409
-0.145517
-0.138248
-0.132756
-0.128576
-0.126337
-0.127397
-0.132693
-0.140691
-0.147544
-0.148588
-0.142391
-0.127704
-0.109109
-0.0929508
-0.0846152
-0.0845797
-0.08922
-0.0948987
-0.0999676
-0.10476
-0.110883
-0.120931
-0.13739
-0.162556
-0.197374
-0.243619
-0.303861
-0.379426
-0.466253
-0.557624
-0.646675
-0.727685
-0.796553
-0.850754
-0.889099
-0.911409
-0.918195
-0.910212
-0.887811
-0.851781
-0.803922
-0.746082
-0.679965
-0.607192
-0.529318
-0.447822
-0.364096
-0.27944
-0.195061
-0.112074
-0.0315065
0.0457068
0.118729
0.18683
0.249406
0.305987
0.356261
0.400079
0.437493
0.46872
0.494104
0.514109
0.529284
0.539985
0.546839
0.550452
0.551394
0.550191
0.547319
0.543194
0.538173
0.532555
0.526576
0.520416
0.514223
0.508077
0.502004
0.496172
0.490666
0.485528
0.480797
0.476507
0.472714
0.469535
0.467174
0.465841
0.46561
0.466336
0.467379
0.467622
0.465819
0.460623
0.450558
0.434093
0.40983
0.37705
0.33615
0.28904
0.237929
0.185706
0.135292
0.0894736
0.0502292
0.0188214
-0.00406718
-0.0182015
-0.0236889
-0.0207357
-0.00960446
0.00898793
0.0340683
0.0645579
0.0992591
0.13688
0.176082
0.215551
0.254072
0.290594
0.324294
0.354631
0.381225
0.403777
0.422254
0.436809
0.447719
0.455344
0.460089
0.46237
0.462593
0.461132
0.458314
0.454418
0.449693
0.44429
0.438285
0.431857
0.425201
0.418433
0.411642
0.404891
0.39823
0.391691
0.38529
0.379032
0.372907
0.366892
0.360951
0.355026
0.349043
0.342924
0.336611
0.330095
0.323436
0.316775
0.310317
0.30432
0.299067
0.29484
0.291881
0.290259
0.290039
0.290777
-0.245965
-0.245708
-0.246952
-0.251436
-0.26024
-0.271409
-0.280987
-0.285778
-0.284724
-0.278373
-0.267845
-0.254277
-0.238583
-0.221666
-0.203905
-0.186186
-0.169649
-0.155523
-0.144628
-0.136686
-0.130656
-0.126064
-0.123919
-0.12573
-0.132144
-0.141956
-0.150829
-0.154016
-0.147616
-0.132906
-0.11385
-0.0967318
-0.0872644
-0.0863927
-0.0905717
-0.0957524
-0.100132
-0.104553
-0.110936
-0.120313
-0.134361
-0.15756
-0.194455
-0.246753
-0.315083
-0.398758
-0.49219
-0.587869
-0.67882
-0.759727
-0.827075
-0.878855
-0.914177
-0.932971
-0.93575
-0.923455
-0.897541
-0.859407
-0.810222
-0.751406
-0.684526
-0.611156
-0.532826
-0.450995
-0.367037
-0.282232
-0.197768
-0.11474
-0.0341557
0.0430644
0.116094
0.184211
0.246816
0.303445
0.353789
0.397701
0.435222
0.466552
0.492109
0.512393
0.527799
0.538746
0.545832
0.549645
0.550752
0.549682
0.546911
0.54286
0.53789
0.532302
0.52633
0.520137
0.513825
0.507528
0.501469
0.495723
0.490309
0.485255
0.480597
0.47637
0.472636
0.469506
0.467135
0.465735
0.465514
0.466363
0.467592
0.467952
0.466118
0.460834
0.451082
0.435442
0.411873
0.378675
0.336036
0.28623
0.232285
0.177797
0.12609
0.0797647
0.040585
0.00961811
-0.012585
-0.0258677
-0.0303471
-0.0264458
-0.0146452
0.00437501
0.0297854
0.0605565
0.0955134
0.133376
0.172813
0.212509
0.251253
0.288022
0.322061
0.352781
0.379701
0.402554
0.421303
0.436092
0.4472
0.454987
0.459861
0.462242
0.462538
0.461124
0.458321
0.454375
0.449447
0.443744
0.437573
0.431131
0.424494
0.41775
0.410987
0.404276
0.397668
0.391193
0.384865
0.378683
0.37263
0.36668
0.360796
0.354919
0.348975
0.342884
0.336583
0.330058
0.323364
0.316641
0.310098
0.303998
0.298635
0.2943
0.291226
0.289579
0.289365
0.290266
-0.245643
-0.246046
-0.251
-0.261818
-0.275601
-0.288299
-0.296624
-0.298931
-0.295247
-0.286586
-0.274236
-0.259389
-0.24303
-0.225715
-0.208185
-0.190854
-0.174213
-0.158856
-0.145597
-0.135041
-0.127413
-0.122714
-0.121222
-0.12384
-0.131445
-0.14262
-0.152701
-0.156777
-0.151636
-0.138139
-0.119944
-0.103145
-0.0935049
-0.0920387
-0.0949648
-0.0980969
-0.100221
-0.103184
-0.10967
-0.120154
-0.138576
-0.171429
-0.223587
-0.293701
-0.37739
-0.46943
-0.563803
-0.65496
-0.738486
-0.811175
-0.870856
-0.916162
-0.94636
-0.961231
-0.961007
-0.946379
-0.91837
-0.878309
-0.827494
-0.767331
-0.699324
-0.625002
-0.545863
-0.463343
-0.378793
-0.293468
-0.208528
-0.125041
-0.0439923
0.0337145
0.10726
0.175923
0.239094
0.296301
0.34722
0.391692
0.429733
0.461557
0.4876
0.508334
0.524084
0.535362
0.542748
0.546829
0.548172
0.547306
0.544709
0.540803
0.535949
0.530447
0.524541
0.518421
0.512239
0.506125
0.500194
0.494507
0.489159
0.484234
0.479744
0.475697
0.472149
0.469209
0.467055
0.465929
0.466031
0.467207
0.468832
0.469775
0.468439
0.463405
0.453179
0.435737
0.408791
0.370922
0.323035
0.268402
0.211656
0.156589
0.105855
0.0612589
0.0239808
-0.00524425
-0.0259994
-0.03814
-0.0418091
-0.0372106
-0.0248368
-0.00530454
0.0205812
0.0518262
0.0872774
0.125663
0.165651
0.205911
0.245233
0.282615
0.317244
0.348468
0.375814
0.399032
0.418094
0.433149
0.444482
0.452461
0.457498
0.460013
0.460412
0.459063
0.456289
0.452362
0.447509
0.441934
0.435816
0.429314
0.422622
0.41587
0.409128
0.402467
0.395937
0.389565
0.383361
0.37732
0.371422
0.365641
0.359931
0.354225
0.348434
0.34246
0.336225
0.32971
0.322977
0.316173
0.309516
0.303282
0.297774
0.293287
0.290072
0.288308
0.28803
0.28883
-0.244907
-0.247744
-0.260346
-0.278939
-0.295985
-0.307858
-0.313337
-0.312399
-0.305824
-0.294755
-0.280405
-0.263899
-0.246161
-0.22791
-0.209838
-0.192366
-0.175762
-0.160179
-0.146123
-0.134015
-0.124591
-0.118716
-0.117147
-0.120423
-0.128478
-0.139423
-0.149108
-0.153193
-0.149259
-0.137994
-0.122644
-0.108549
-0.100694
-0.0994242
-0.100698
-0.101174
-0.101476
-0.104783
-0.113946
-0.133818
-0.170251
-0.224741
-0.295219
-0.376921
-0.464737
-0.554453
-0.64245
-0.725559
-0.800979
-0.866305
-0.91961
-0.959492
-0.985093
-0.996086
-0.992671
-0.975471
-0.945307
-0.903326
-0.850819
-0.789194
-0.719928
-0.644524
-0.564459
-0.481145
-0.395907
-0.30997
-0.224455
-0.140396
-0.0587434
0.0196225
0.0938943
0.163349
0.227363
0.285438
0.337219
0.382515
0.421335
0.453945
0.480723
0.502042
0.518311
0.530064
0.537884
0.542358
0.544057
0.54351
0.541198
0.537544
0.532909
0.527599
0.52186
0.515889
0.509842
0.503859
0.498063
0.492548
0.487379
0.482586
0.478223
0.474365
0.471091
0.46851
0.466772
0.466054
0.466479
0.467914
0.469767
0.470871
0.469544
0.463802
0.451212
0.429101
0.395631
0.351083
0.298088
0.241146
0.184653
0.131216
0.0826518
0.0402284
0.00487493
-0.022756
-0.0422349
-0.0533803
-0.056329
-0.05118
-0.0383116
-0.0183185
0.0080291
0.0397741
0.0757829
0.114794
0.155471
0.19646
0.236573
0.274752
0.310118
0.341975
0.369853
0.393518
0.412955
0.428331
0.43994
0.448161
0.453413
0.456119
0.456685
0.455479
0.452822
0.448984
0.444193
0.438661
0.432585
0.426133
0.41943
0.412605
0.405784
0.399053
0.392478
0.386105
0.379957
0.374034
0.368314
0.362757
0.357299
0.351858
0.346328
0.340604
0.3346
0.328284
0.321708
0.315007
0.308399
0.302158
0.296593
0.29201
0.288688
0.28681
0.286463
0.287176
-0.244753
-0.252517
-0.274146
-0.296654
-0.313088
-0.322737
-0.325854
-0.322987
-0.314955
-0.302619
-0.28698
-0.269122
-0.249946
-0.230198
-0.210552
-0.19155
-0.17363
-0.157324
-0.142573
-0.129719
-0.119379
-0.112326
-0.109535
-0.111712
-0.118561
-0.128098
-0.136631
-0.140581
-0.13841
-0.130951
-0.120619
-0.111445
-0.106904
-0.10632
-0.106044
-0.104815
-0.105697
-0.113582
-0.134617
-0.173638
-0.230243
-0.300641
-0.380094
-0.464405
-0.550467
-0.635905
-0.71844
-0.795697
-0.865305
-0.925087
-0.973246
-1.00844
-1.02983
-1.03707
-1.03042
-1.01041
-0.9778
-0.933647
-0.879215
-0.815893
-0.745146
-0.668463
-0.587304
-0.503064
-0.417039
-0.330418
-0.244278
-0.159601
-0.0772937
0.00180078
0.0768945
0.147264
0.212268
0.27137
0.324172
0.370461
0.41028
0.443875
0.471531
0.493598
0.510548
0.522924
0.531312
0.536305
0.538475
0.538355
0.536425
0.533112
0.528779
0.523734
0.518229
0.512472
0.506632
0.500852
0.495252
0.489924
0.48494
0.480355
0.476215
0.472568
0.469495
0.467127
0.465619
0.465127
0.465741
0.467313
0.469223
0.470165
0.46808
0.460245
0.44356
0.415497
0.375564
0.325956
0.270418
0.213145
0.157584
0.105638
0.0587781
0.0180322
-0.0157694
-0.0420361
-0.0603659
-0.0705903
-0.0728671
-0.0671833
-0.0538654
-0.0334646
-0.00670193
0.0255114
0.0620639
0.1017
0.143086
0.184879
0.225865
0.264903
0.30105
0.333587
0.362041
0.386191
0.406039
0.421765
0.433681
0.442176
0.447675
0.450607
0.451375
0.450347
0.447843
0.444139
0.439473
0.434053
0.428065
0.421673
0.415015
0.408216
0.401372
0.39457
0.387888
0.38139
0.375122
0.369113
0.363368
0.357865
0.352547
0.347327
0.342092
0.336721
0.331109
0.325205
0.319034
0.312706
0.306416
0.300421
0.295024
0.290534
0.287248
0.285366
0.285054
0.285767
-0.245981
-0.260864
-0.286674
-0.308085
-0.322923
-0.331666
-0.334544
-0.331853
-0.324154
-0.311873
-0.295847
-0.277217
-0.25682
-0.235392
-0.213675
-0.192364
-0.172087
-0.153407
-0.136712
-0.122484
-0.110969
-0.102638
-0.0982822
-0.0983916
-0.102794
-0.110012
-0.117252
-0.121738
-0.122427
-0.119919
-0.115779
-0.112458
-0.111579
-0.111635
-0.110821
-0.110642
-0.116838
-0.136836
-0.175657
-0.232193
-0.302064
-0.3803
-0.462955
-0.547336
-0.631573
-0.713987
-0.792689
-0.865586
-0.930569
-0.985712
-1.0294
-1.06042
-1.07794
-1.08169
-1.07198
-1.04921
-1.01411
-0.967708
-0.911254
-0.846123
-0.773775
-0.695697
-0.613344
-0.528101
-0.441241
-0.353915
-0.267149
-0.181866
-0.0989108
-0.0190794
0.0568675
0.128208
0.194271
0.254484
0.308408
0.355854
0.396859
0.431558
0.460193
0.483149
0.50091
0.514031
0.523103
0.528723
0.531467
0.531871
0.530419
0.527538
0.523597
0.518904
0.513719
0.508254
0.502685
0.497159
0.491798
0.4867
0.481941
0.477577
0.473658
0.470235
0.467379
0.465195
0.463828
0.463414
0.464012
0.465438
0.466997
0.467184
0.463525
0.452769
0.431675
0.398394
0.35369
0.30079
0.243814
0.186528
0.13174
0.0808256
0.0353086
-0.004036
-0.036474
-0.0615111
-0.0788134
-0.0882388
-0.0899183
-0.0837823
-0.0701163
-0.049416
-0.0223504
0.0101963
0.0471525
0.087337
0.129411
0.172008
0.213824
0.25367
0.290555
0.323733
0.352731
0.377336
0.397569
0.413629
0.425843
0.434612
0.440371
0.443548
0.444549
0.443737
0.441433
0.437911
0.433407
0.428128
0.422255
0.415948
0.409344
0.402565
0.395717
0.388888
0.382149
0.375567
0.369187
0.363047
0.357168
0.351557
0.346191
0.341015
0.335942
0.330861
0.325664
0.320278
0.314692
0.308977
0.303287
0.297847
0.292937
0.288853
0.285887
0.284221
0.284083
0.284865
-0.247493
-0.267914
-0.291598
-0.31116
-0.326231
-0.336396
-0.341284
-0.340586
-0.334519
-0.323891
-0.309392
-0.291112
-0.269995
-0.246816
-0.222458
-0.197895
-0.174111
-0.151885
-0.131945
-0.114868
-0.101197
-0.0914795
-0.0858173
-0.0843223
-0.0868009
-0.0922161
-0.0986876
-0.104182
-0.107897
-0.110109
-0.111648
-0.113264
-0.114969
-0.115936
-0.116474
-0.121423
-0.138677
-0.174645
-0.229079
-0.29759
-0.374941
-0.45696
-0.540933
-0.625103
-0.708062
-0.788325
-0.864167
-0.933694
-0.99501
-1.04638
-1.08635
-1.11377
-1.12788
-1.12845
-1.11589
-1.09046
-1.05289
-1.00423
-0.945692
-0.878668
-0.804626
-0.725059
-0.641433
-0.555128
-0.467406
-0.379383
-0.292032
-0.206204
-0.122673
-0.0421714
0.0345727
0.106845
0.173941
0.235265
0.290394
0.339124
0.381367
0.417217
0.446919
0.470858
0.489526
0.503485
0.513332
0.51967
0.523078
0.524096
0.523209
0.520847
0.51738
0.513121
0.508334
0.503234
0.498003
0.492791
0.487723
0.482899
0.478399
0.474284
0.470604
0.467407
0.464753
0.462726
0.461438
0.460991
0.4614
0.462418
0.463236
0.462144
0.456381
0.442512
0.417512
0.380208
0.332144
0.27704
0.219117
0.161855
0.107634
0.0578153
0.0134756
-0.0246037
-0.0558128
-0.0797427
-0.0961349
-0.104887
-0.106074
-0.0996245
-0.0857864
-0.06498
-0.0378029
-0.00507348
0.0321905
0.0728104
0.115446
0.158698
0.201199
0.241707
0.27919
0.312884
0.342314
0.367279
0.387817
0.404149
0.416617
0.425636
0.431643
0.435069
0.436316
0.435744
0.433667
0.430357
0.426046
0.420936
0.415203
0.409002
0.402471
0.39573
0.388886
0.382031
0.375242
0.368587
0.362121
0.355882
0.349894
0.344168
0.338698
0.333462
0.328413
0.323485
0.318601
0.313694
0.308737
0.303761
0.298871
0.294243
0.290111
0.286735
0.284382
0.283204
0.283456
0.284386
-0.245758
-0.266258
-0.287093
-0.307031
-0.324497
-0.338291
-0.347554
-0.351749
-0.350491
-0.343972
-0.332333
-0.315817
-0.294773
-0.269893
-0.242236
-0.213097
-0.18391
-0.156091
-0.131005
-0.109637
-0.0926334
-0.0804347
-0.0734367
-0.0713442
-0.0733133
-0.0784215
-0.0850766
-0.0918145
-0.0981608
-0.104275
-0.109983
-0.114584
-0.117875
-0.120076
-0.124662
-0.138659
-0.169953
-0.220247
-0.286077
-0.362108
-0.443719
-0.527832
-0.612585
-0.696677
-0.778867
-0.857734
-0.931631
-0.998774
-1.05739
-1.10587
-1.14284
-1.16725
-1.17842
-1.17623
-1.161
-1.13304
-1.09309
-1.04219
-0.981562
-0.912606
-0.836806
-0.755679
-0.670706
-0.583281
-0.494664
-0.405948
-0.318052
-0.231753
-0.147742
-0.0666809
0.0107446
0.0838311
0.151878
0.214313
0.270679
0.320654
0.364121
0.401139
0.431942
0.456912
0.476542
0.491402
0.502093
0.509222
0.51337
0.515078
0.514835
0.513071
0.510158
0.506412
0.502098
0.497437
0.492611
0.487773
0.483049
0.478542
0.474334
0.470488
0.467054
0.464076
0.461604
0.4597
0.458444
0.457891
0.457993
0.458412
0.45821
0.455516
0.447448
0.430637
0.402421
0.362181
0.311939
0.255596
0.197288
0.140245
0.086591
0.0376177
-0.00573327
-0.0427524
-0.0729281
-0.0959136
-0.111507
-0.119641
-0.120402
-0.113725
-0.0998304
-0.0790504
-0.0519092
-0.019152
0.0182522
0.0591274
0.102123
0.145803
0.188754
0.22969
0.267549
0.301553
0.33123
0.356396
0.377109
0.39361
0.406256
0.415471
0.421694
0.425354
0.426846
0.426523
0.42469
0.42161
0.417508
0.412581
0.406997
0.40091
0.394453
0.387749
0.380906
0.37402
0.367178
0.360451
0.353902
0.347578
0.341508
0.335708
0.330176
0.324902
0.319863
0.315028
0.310363
0.305838
0.301438
0.297185
0.293147
0.289447
0.286264
0.283799
0.282275
0.281784
0.28258
0.283786
-0.236735
-0.253787
-0.274506
-0.297076
-0.319268
-0.339468
-0.356305
-0.368703
-0.37558
-0.376191
-0.369987
-0.356695
-0.33651
-0.309916
-0.278191
-0.243046
-0.206487
-0.170658
-0.137664
-0.109308
-0.0869676
-0.0711526
-0.0619819
-0.059064
-0.0614063
-0.067367
-0.0752416
-0.0838354
-0.0929024
-0.102131
-0.110155
-0.116062
-0.120022
-0.124626
-0.135442
-0.161011
-0.205394
-0.266845
-0.340474
-0.421268
-0.505595
-0.591234
-0.676806
-0.761207
-0.843252
-0.921531
-0.994404
-1.0601
-1.11689
-1.16323
-1.19785
-1.21974
-1.22834
-1.22367
-1.20605
-1.17575
-1.13356
-1.08052
-1.01788
-0.947037
-0.869493
-0.786792
-0.700441
-0.611856
-0.522312
-0.432895
-0.34448
-0.257773
-0.173383
-0.0918956
-0.0139374
0.0598367
0.12877
0.19222
0.249701
0.300839
0.345466
0.383613
0.415498
0.4415
0.462112
0.477905
0.489484
0.497457
0.502406
0.504871
0.505342
0.504248
0.501962
0.498801
0.495032
0.490877
0.48652
0.482114
0.477784
0.473636
0.469751
0.466194
0.463014
0.46025
0.457941
0.45613
0.454859
0.454134
0.453836
0.453529
0.452161
0.447773
0.43751
0.418225
0.387656
0.345597
0.294274
0.237516
0.179268
0.122592
0.0695109
0.0212861
-0.0211942
-0.0573
-0.0865982
-0.108812
-0.123786
-0.131456
-0.131936
-0.125158
-0.11132
-0.090676
-0.0636903
-0.0310531
0.00630239
0.0472072
0.0903008
0.13412
0.177216
0.218274
0.256212
0.290251
0.319932
0.345089
0.365804
0.382335
0.395054
0.404387
0.410775
0.414636
0.416355
0.416273
0.414681
0.411831
0.407939
0.403192
0.397753
0.39177
0.385377
0.378697
0.371842
0.364914
0.358005
0.351196
0.344557
0.338145
0.332002
0.32615
0.320598
0.315341
0.310367
0.30566
0.30121
0.297017
0.293094
0.289474
0.286218
0.283415
0.281193
0.27969
0.279067
0.279353
0.280772
0.28241
-0.218662
-0.233766
-0.256492
-0.283738
-0.313312
-0.343247
-0.371547
-0.39613
-0.414816
-0.425684
-0.427242
-0.418629
-0.399916
-0.371378
-0.334594
-0.291806
-0.245727
-0.199331
-0.155612
-0.117286
-0.0865405
-0.0646943
-0.051881
-0.0472648
-0.0495976
-0.0567456
-0.0667033
-0.0781719
-0.090291
-0.10151
-0.110264
-0.115864
-0.120403
-0.128344
-0.147519
-0.184507
-0.239785
-0.309525
-0.388608
-0.472783
-0.559271
-0.64641
-0.733086
-0.818291
-0.900856
-0.979329
-1.05199
-1.117
-1.17262
-1.21735
-1.25001
-1.26972
-1.27605
-1.26919
-1.24941
-1.21703
-1.17286
-1.11792
-1.05348
-0.980925
-0.901779
-0.817601
-0.729927
-0.640205
-0.549737
-0.459626
-0.370719
-0.283663
-0.198991
-0.1172
-0.0388298
0.0354973
0.105143
0.169461
0.2279
0.280057
0.325724
0.364907
0.397811
0.424805
0.446382
0.463113
0.475602
0.484455
0.490252
0.49353
0.494776
0.494417
0.492825
0.490316
0.487157
0.483571
0.479742
0.475821
0.471935
0.468185
0.464655
0.461406
0.458487
0.455932
0.453768
0.452019
0.45069
0.449739
0.448977
0.447885
0.445341
0.439386
0.427302
0.406241
0.374286
0.331456
0.279956
0.223418
0.165592
0.109447
0.0569874
0.00948294
-0.0322189
-0.0675514
-0.0961452
-0.117776
-0.132308
-0.139665
-0.139968
-0.133174
-0.11947
-0.0990479
-0.0723275
-0.0399595
-0.00285114
0.0378351
0.0807308
0.124355
0.16724
0.208056
0.245722
0.27947
0.308862
0.333761
0.35427
0.370667
0.38333
0.392687
0.399168
0.403179
0.40509
0.40522
0.403848
0.40121
0.397507
0.392918
0.387599
0.381693
0.375336
0.36865
0.361755
0.354758
0.347759
0.340849
0.334106
0.3276
0.321383
0.31549
0.30994
0.304739
0.299884
0.295366
0.291184
0.287346
0.28388
0.280831
0.278259
0.276246
0.274882
0.274259
0.274476
0.275513
0.277534
0.27968
-0.19501
-0.21058
-0.23669
-0.270696
-0.310638
-0.354134
-0.398104
-0.438994
-0.473101
-0.49713
-0.508464
-0.505603
-0.488692
-0.457722
-0.414699
-0.362504
-0.304645
-0.245017
-0.187636
-0.136279
-0.0940788
-0.0632124
-0.0445604
-0.0368687
-0.0384016
-0.0467625
-0.0594327
-0.0741308
-0.0885154
-0.100079
-0.107411
-0.111592
-0.116803
-0.129466
-0.157841
-0.205156
-0.269264
-0.34537
-0.42868
-0.515692
-0.604248
-0.693052
-0.781176
-0.867679
-0.951364
-1.03066
-1.10369
-1.16847
-1.22324
-1.26658
-1.2975
-1.31525
-1.31953
-1.31084
-1.28924
-1.25514
-1.20933
-1.15286
-1.08695
-1.01301
-0.932545
-0.847124
-0.758316
-0.667601
-0.576312
-0.485583
-0.396255
-0.308927
-0.224057
-0.14207
-0.0634311
0.0112927
0.0814683
0.146446
0.205646
0.258635
0.305179
0.345262
0.379078
0.40699
0.429488
0.447137
0.460538
0.470292
0.476971
0.481107
0.483181
0.483614
0.482776
0.48098
0.478491
0.475532
0.472285
0.4689
0.465501
0.462189
0.459042
0.456123
0.453475
0.451125
0.449093
0.44738
0.445959
0.444742
0.443488
0.441623
0.438007
0.43076
0.417372
0.395291
0.362859
0.320165
0.269268
0.213535
0.156517
0.101116
0.0493553
0.00254309
-0.0384798
-0.0731765
-0.101213
-0.12239
-0.136586
-0.143726
-0.14393
-0.137181
-0.123666
-0.103532
-0.0771722
-0.0452156
-0.00855474
0.0316512
0.07403
0.117095
0.159374
0.199547
0.23655
0.269645
0.298428
0.322793
0.342871
0.35895
0.371414
0.380682
0.387169
0.391262
0.393307
0.393604
0.392408
0.389937
0.38638
0.381902
0.376653
0.370776
0.364403
0.357663
0.350681
0.343574
0.336451
0.329412
0.322546
0.315936
0.309643
0.303715
0.298183
0.293065
0.288367
0.284088
0.28023
0.276801
0.273825
0.271341
0.269408
0.268091
0.267464
0.267586
0.268511
0.270184
0.2727
0.275321
-0.171882
-0.188868
-0.219444
-0.262421
-0.315983
-0.376912
-0.440601
-0.501546
-0.554128
-0.593473
-0.615756
-0.618876
-0.603497
-0.569298
-0.518894
-0.455846
-0.38441
-0.309328
-0.235653
-0.168366
-0.111814
-0.0692704
-0.0423667
-0.0303652
-0.0305284
-0.0398238
-0.0547058
-0.0709788
-0.0843802
-0.0937071
-0.097818
-0.100311
-0.106755
-0.125788
-0.163446
-0.21999
-0.291526
-0.37295
-0.459952
-0.549647
-0.640338
-0.731018
-0.820912
-0.909116
-0.994338
-1.07482
-1.14846
-1.21314
-1.26711
-1.30913
-1.33841
-1.3544
-1.35693
-1.34686
-1.32383
-1.28841
-1.24138
-1.18376
-1.11679
-1.04188
-0.960509
-0.874238
-0.784646
-0.693247
-0.601406
-0.510251
-0.420617
-0.333107
-0.248139
-0.166076
-0.0873217
-0.0123913
0.0581033
0.123513
0.183243
0.236842
0.284061
0.324874
0.359465
0.388194
0.411543
0.430072
0.444372
0.455033
0.462618
0.467649
0.470595
0.471872
0.471842
0.470814
0.469051
0.466771
0.464155
0.461353
0.458483
0.455644
0.452911
0.450341
0.447975
0.445834
0.443925
0.442231
0.440696
0.439198
0.437459
0.434887
0.430378
0.42218
0.408025
0.385638
0.353543
0.311805
0.262247
0.20792
0.152147
0.0977637
0.0468329
0.00072751
-0.0396755
-0.0738313
-0.101413
-0.122235
-0.136184
-0.143184
-0.143352
-0.136699
-0.123415
-0.103625
-0.0777171
-0.0463145
-0.0103077
0.0291434
0.0706674
0.112785
0.154041
0.193145
0.229075
0.26114
0.288981
0.31253
0.33194
0.347512
0.359623
0.368678
0.375068
0.379157
0.38126
0.381651
0.380562
0.378189
0.374704
0.370262
0.365008
0.359081
0.352617
0.345752
0.338617
0.33134
0.324043
0.316837
0.309824
0.303095
0.296725
0.290772
0.285279
0.280271
0.275764
0.271767
0.26828
0.265312
0.262873
0.260991
0.259702
0.259053
0.259094
0.259857
0.261366
0.263545
0.266427
0.269414
-0.154751
-0.172975
-0.20924
-0.263426
-0.333625
-0.415481
-0.502208
-0.585758
-0.658267
-0.713221
-0.745832
-0.754138
-0.738627
-0.700103
-0.641579
-0.567162
-0.481614
-0.390208
-0.298792
-0.213542
-0.140265
-0.0835862
-0.0461125
-0.0278454
-0.0254543
-0.0345524
-0.0492181
-0.0635378
-0.0733403
-0.0774207
-0.0776024
-0.0786312
-0.0884184
-0.115231
-0.162248
-0.227323
-0.305514
-0.391762
-0.482259
-0.574631
-0.667563
-0.760294
-0.852172
-0.942282
-1.02919
-1.11091
-1.18513
-1.24963
-1.30274
-1.34346
-1.37125
-1.38581
-1.38725
-1.37591
-1.35179
-1.31543
-1.26757
-1.20923
-1.14165
-1.06625
-0.984532
-0.898006
-0.808162
-0.716489
-0.624385
-0.533011
-0.443262
-0.355742
-0.270841
-0.188868
-0.11018
-0.0352497
0.0353306
0.100919
0.160921
0.214881
0.262547
0.303893
0.3391
0.368523
0.392639
0.411994
0.427168
0.438734
0.447241
0.453195
0.457052
0.459218
0.460044
0.459835
0.458847
0.457295
0.455358
0.45318
0.450879
0.448547
0.446257
0.44406
0.44199
0.440065
0.43828
0.436597
0.434944
0.433174
0.430992
0.427818
0.422625
0.413831
0.399419
0.377368
0.346334
0.306292
0.25877
0.206458
0.152423
0.0994129
0.0495308
0.00423123
-0.0355412
-0.0692009
-0.0964017
-0.116949
-0.130727
-0.137655
-0.137845
-0.131331
-0.118322
-0.0989388
-0.0735842
-0.0428923
-0.00776328
0.0306395
0.070952
0.111717
0.151521
0.189124
0.22357
0.25423
0.280801
0.303256
0.32177
0.336645
0.348246
0.356955
0.363135
0.367115
0.369178
0.369568
0.368487
0.366111
0.362594
0.358082
0.352714
0.34663
0.339973
0.332884
0.325507
0.317983
0.310446
0.303022
0.295827
0.288959
0.282511
0.276547
0.271118
0.266259
0.261989
0.25832
0.255256
0.252798
0.250949
0.249716
0.249111
0.249153
0.249858
0.25123
0.253263
0.25587
0.259027
0.262266
-0.14667
-0.16659
-0.209813
-0.276963
-0.366219
-0.471458
-0.582811
-0.689038
-0.779985
-0.847945
-0.88789
-0.898539
-0.881329
-0.837669
-0.770996
-0.685859
-0.587226
-0.480403
-0.371536
-0.267746
-0.176285
-0.103232
-0.052425
-0.0246156
-0.0166483
-0.0223922
-0.033233
-0.0423211
-0.0465324
-0.0457809
-0.0428731
-0.0447357
-0.0606705
-0.0967094
-0.153308
-0.226572
-0.311038
-0.401897
-0.49583
-0.590909
-0.686144
-0.780989
-0.874881
-0.96686
-1.05533
-1.1381
-1.21268
-1.27684
-1.32904
-1.36857
-1.39513
-1.40856
-1.40907
-1.39693
-1.37211
-1.33525
-1.28711
-1.22861
-1.16097
-1.08562
-1.00404
-0.917678
-0.828007
-0.736487
-0.64451
-0.553278
-0.463717
-0.37644
-0.291824
-0.210151
-0.131743
-0.057049
0.0133585
0.0788504
0.138843
0.192893
0.240759
0.282423
0.318072
0.348056
0.372842
0.392963
0.408978
0.42144
0.430877
0.437777
0.442578
0.445672
0.4474
0.448056
0.44789
0.447112
0.445896
0.444384
0.442688
0.440897
0.439078
0.437278
0.435525
0.43383
0.432177
0.430515
0.428758
0.426747
0.424189
0.420543
0.414886
0.405828
0.391609
0.370442
0.341079
0.303371
0.258523
0.208835
0.157081
0.105886
0.0573704
0.0130718
-0.0259764
-0.0591186
-0.0859598
-0.106275
-0.11993
-0.126835
-0.127095
-0.120773
-0.108096
-0.0892052
-0.0645323
-0.0347381
-0.000740225
0.0362947
0.0750199
0.114019
0.151939
0.18762
0.220187
0.24909
0.274088
0.295193
0.312597
0.326595
0.337533
0.34576
0.351604
0.355354
0.357258
0.357523
0.356323
0.353811
0.350126
0.345404
0.339782
0.333405
0.326422
0.318987
0.311257
0.303387
0.295528
0.287822
0.280396
0.273366
0.266833
0.260872
0.25554
0.250875
0.2469
0.243624
0.241048
0.239166
0.237968
0.237444
0.23758
0.238363
0.239776
0.241789
0.244362
0.247394
0.250818
0.254254
-0.1495
-0.171853
-0.222616
-0.3039
-0.413555
-0.542758
-0.67755
-0.803159
-0.907782
-0.983744
-1.02699
-1.03742
-1.01743
-0.968373
-0.894083
-0.799596
-0.689919
-0.56986
-0.445223
-0.323662
-0.213714
-0.122802
-0.0559019
-0.0148117
0.00304509
0.00520795
0.00135115
-0.00114312
-0.000217635
0.0042615
0.00766995
0.00104003
-0.0238042
-0.0703314
-0.136733
-0.217999
-0.308526
-0.40388
-0.501211
-0.598973
-0.696465
-0.793322
-0.889039
-0.982602
-1.07229
-1.15575
-1.23046
-1.29424
-1.34571
-1.38439
-1.41017
-1.42292
-1.42296
-1.41026
-1.38507
-1.34802
-1.2998
-1.24139
-1.17404
-1.09916
-1.01817
-0.932481
-0.843494
-0.752621
-0.661239
-0.570572
-0.481566
-0.394847
-0.310794
-0.229677
-0.151806
-0.0776178
-0.00767116
0.0574233
0.117105
0.170958
0.218765
0.260526
0.296435
0.326842
0.352199
0.37302
0.389839
0.403184
0.413556
0.421419
0.427193
0.431251
0.433921
0.435485
0.436185
0.436225
0.435772
0.434964
0.43391
0.432694
0.431378
0.430002
0.428591
0.427149
0.425647
0.42403
0.422203
0.420004
0.417156
0.413176
0.407264
0.398232
0.384569
0.364711
0.337494
0.30264
0.261026
0.214548
0.165648
0.116781
0.0700472
0.0270512
-0.0110757
-0.0435858
-0.0700121
-0.0900802
-0.103624
-0.110539
-0.110914
-0.104846
-0.0925876
-0.0743101
-0.0504899
-0.0218229
0.0107527
0.0460722
0.0828199
0.119639
0.155262
0.188626
0.218958
0.245793
0.268954
0.288489
0.304595
0.317555
0.327683
0.335292
0.340666
0.344052
0.345655
0.345647
0.344172
0.341361
0.337339
0.332237
0.326194
0.319361
0.311898
0.303973
0.29576
0.28743
0.279151
0.271083
0.26337
0.256142
0.24951
0.243559
0.238353
0.233934
0.23032
0.227516
0.225513
0.224292
0.223829
0.224091
0.225043
0.226642
0.228836
0.231563
0.234749
0.238273
0.242035
0.245706
-0.163255
-0.187814
-0.246259
-0.341955
-0.471712
-0.623014
-0.77711
-0.916131
-1.02818
-1.10726
-1.15105
-1.16034
-1.13738
-1.08303
-1.00166
-0.899139
-0.780628
-0.64993
-0.511757
-0.373829
-0.245932
-0.136855
-0.0523466
0.0051538
0.0373165
0.051136
0.0564313
0.0606159
0.066015
0.0718337
0.0715059
0.0564278
0.020528
-0.0372749
-0.113467
-0.202494
-0.298841
-0.398533
-0.499163
-0.599523
-0.699143
-0.797789
-0.895009
-0.989766
-1.08027
-1.16414
-1.23881
-1.3022
-1.3531
-1.39118
-1.41639
-1.42864
-1.42825
-1.41514
-1.38984
-1.35287
-1.30492
-1.24698
-1.18033
-1.10637
-1.02646
-0.94196
-0.854169
-0.764447
-0.674151
-0.584505
-0.496467
-0.410674
-0.327509
-0.247251
-0.170217
-0.0968435
-0.027678
0.0366933
0.0957462
0.149104
0.196588
0.238223
0.274214
0.304906
0.330736
0.352192
0.369778
0.383989
0.395298
0.40414
0.410911
0.415966
0.419615
0.422128
0.423736
0.424636
0.424988
0.424925
0.424551
0.423945
0.423164
0.422245
0.421208
0.420047
0.418731
0.417198
0.41535
0.413032
0.409994
0.40582
0.399839
0.391062
0.378224
0.359972
0.335233
0.303615
0.265688
0.222943
0.177465
0.131483
0.0870288
0.0457429
0.00884556
-0.0228162
-0.0486876
-0.068429
-0.081833
-0.08877
-0.0893084
-0.0835725
-0.0718486
-0.0543507
-0.0316029
-0.00433859
0.0264874
0.059724
0.0941031
0.128349
0.161297
0.192003
0.219801
0.244316
0.265431
0.28322
0.297876
0.309659
0.318847
0.325704
0.330469
0.333342
0.334486
0.334034
0.332102
0.328802
0.32425
0.318575
0.311922
0.304451
0.296338
0.287766
0.278926
0.27001
0.261203
0.252684
0.244615
0.237142
0.230386
0.224446
0.219389
0.215259
0.212072
0.209823
0.208489
0.208033
0.208409
0.209562
0.21143
0.213941
0.217016
0.220558
0.224465
0.228596
0.232825
0.236848
-0.184154
-0.210603
-0.276433
-0.385625
-0.533335
-0.702714
-0.870324
-1.01655
-1.13116
-1.21077
-1.25454
-1.26332
-1.2379
-1.17828
-1.08966
-0.979632
-0.853984
-0.715142
-0.565803
-0.413106
-0.268099
-0.141294
-0.0392418
0.0356839
0.084616
0.112977
0.129181
0.13988
0.147819
0.151234
0.143489
0.117539
0.0695651
0.000475046
-0.085011
-0.181267
-0.283129
-0.386998
-0.490756
-0.593448
-0.694812
-0.794759
-0.8929
-0.988216
-1.07893
-1.16268
-1.23702
-1.29996
-1.35042
-1.3881
-1.41298
-1.425
-1.42451
-1.41135
-1.38621
-1.3496
-1.30221
-1.24511
-1.1796
-1.10702
-1.02869
-0.945862
-0.859757
-0.771678
-0.682952
-0.594795
-0.508162
-0.423692
-0.341784
-0.262734
-0.186881
-0.114671
-0.0466398
0.0166598
0.0747528
0.127316
0.174216
0.215509
0.25141
0.282257
0.308467
0.330495
0.34881
0.363871
0.376115
0.385948
0.39374
0.399821
0.404485
0.407986
0.410546
0.412348
0.413548
0.414271
0.414617
0.414659
0.414451
0.414027
0.413402
0.412563
0.411476
0.410079
0.408275
0.405921
0.402799
0.398564
0.39267
0.384322
0.372484
0.356013
0.333937
0.305785
0.271859
0.233267
0.191718
0.149177
0.107547
0.0684583
0.0331936
0.00269109
-0.0224027
-0.0416728
-0.0548578
-0.0618001
-0.0625475
-0.057245
-0.046207
-0.0296969
-0.00828449
0.017266
0.0459951
0.0767817
0.108425
0.139748
0.169709
0.197488
0.22253
0.244549
0.263475
0.279396
0.292493
0.30299
0.311121
0.317101
0.321117
0.323321
0.323831
0.322745
0.320156
0.316159
0.310867
0.304413
0.29695
0.288652
0.279711
0.270328
0.260713
0.251077
0.241628
0.232561
0.224058
0.216283
0.209369
0.203429
0.198532
0.194727
0.192024
0.190407
0.189838
0.190256
0.191591
0.193757
0.196664
0.200211
0.204287
0.208772
0.213534
0.218416
0.223273
0.227819
-0.205625
-0.234032
-0.306515
-0.427106
-0.589162
-0.771656
-0.947445
-1.09665
-1.21167
-1.29166
-1.33642
-1.34602
-1.31893
-1.25381
-1.15713
-1.03911
-0.90707
-0.762193
-0.604372
-0.439146
-0.278477
-0.134903
-0.0163038
0.0748858
0.14004
0.183274
0.210541
0.226833
0.23538
0.234025
0.217086
0.179656
0.120121
0.0408097
-0.053068
-0.155871
-0.26274
-0.370316
-0.476767
-0.581373
-0.684023
-0.784724
-0.883157
-0.978374
-1.06869
-1.15186
-1.22559
-1.28804
-1.33815
-1.3756
-1.40037
-1.41241
-1.41189
-1.39886
-1.37408
-1.33806
-1.29158
-1.23574
-1.17181
-1.1011
-1.02481
-0.944109
-0.860139
-0.774158
-0.687467
-0.601261
-0.516477
-0.433752
-0.353499
-0.276046
-0.201762
-0.131102
-0.0645877
-0.00272552
0.0540713
0.105544
0.15161
0.192356
0.228008
0.25889
0.285391
0.307932
0.326939
0.342832
0.35601
0.366845
0.375677
0.382814
0.388528
0.393058
0.396612
0.399362
0.401456
0.403011
0.40412
0.404855
0.405263
0.405377
0.405207
0.404738
0.403936
0.402738
0.401054
0.398756
0.39566
0.391487
0.385813
0.378014
0.36727
0.352642
0.333275
0.308661
0.278886
0.244717
0.207495
0.168885
0.13061
0.0942365
0.0610667
0.0321067
0.0080844
-0.0105097
-0.0233557
-0.0302634
-0.0312584
-0.0265
-0.0163224
-0.00103547
0.0187562
0.0422725
0.0685676
0.0965705
0.125167
0.153295
0.180045
0.204723
0.226885
0.246316
0.262984
0.276975
0.288447
0.29758
0.304559
0.309546
0.312675
0.314049
0.313743
0.311825
0.308367
0.303458
0.297211
0.289768
0.281295
0.27198
0.262032
0.251672
0.241128
0.230635
0.22042
0.210702
0.201683
0.193541
0.18643
0.180472
0.175741
0.172285
0.170112
0.169195
0.169476
0.170873
0.173286
0.176598
0.180682
0.185406
0.190629
0.196204
0.201975
0.207771
0.213433
0.218692
-0.220125
-0.251076
-0.329106
-0.458078
-0.630221
-0.821308
-1.00183
-1.15238
-1.26763
-1.34845
-1.39461
-1.40564
-1.37776
-1.30801
-1.20346
-1.07717
-0.93885
-0.789402
-0.625974
-0.451563
-0.278076
-0.119918
0.0133636
0.118667
0.19736
0.25309
0.289764
0.310406
0.318293
0.311723
0.286137
0.238655
0.169301
0.081433
-0.0195491
-0.127866
-0.238927
-0.349606
-0.45827
-0.564331
-0.667767
-0.768652
-0.866745
-0.961209
-1.05052
-1.13263
-1.20544
-1.26721
-1.3169
-1.35412
-1.37876
-1.3908
-1.39031
-1.37763
-1.35346
-1.31836
-1.27318
-1.21904
-1.15716
-1.08876
-1.01494
-0.936757
-0.855317
-0.771847
-0.687624
-0.603813
-0.521321
-0.440775
-0.362604
-0.287173
-0.214881
-0.146193
-0.0815997
-0.0215496
0.0336182
0.083715
0.128712
0.168725
0.203981
0.234788
0.261499
0.284495
0.304158
0.320864
0.334971
0.346817
0.35671
0.364932
0.371734
0.377336
0.381929
0.385677
0.388714
0.391152
0.393076
0.394552
0.395627
0.396331
0.396668
0.396625
0.39617
0.395242
0.393761
0.391616
0.388655
0.384661
0.379314
0.372144
0.362523
0.349707
0.332972
0.311816
0.286171
0.256518
0.223856
0.189541
0.155071
0.121894
0.0912852
0.0642795
0.0416645
0.0239917
0.0116348
0.00482161
0.00355324
0.00766161
0.0168019
0.0306301
0.048527
0.0697177
0.0932925
0.118251
0.143581
0.168349
0.191777
0.213295
0.232555
0.249399
0.263814
0.275875
0.2857
0.293425
0.299179
0.303071
0.305182
0.305565
0.30426
0.30131
0.296774
0.29074
0.283329
0.274693
0.265012
0.254491
0.243353
0.231841
0.220205
0.208703
0.197591
0.18711
0.177485
0.168913
0.161563
0.155572
0.151013
0.147933
0.146335
0.146179
0.14739
0.149862
0.153465
0.158049
0.163453
0.169505
0.176033
0.18286
0.189809
0.196694
0.203346
0.209513
-0.220878
-0.256548
-0.337968
-0.471617
-0.649497
-0.84566
-1.02936
-1.18127
-1.29713
-1.37876
-1.42582
-1.43828
-1.41054
-1.3383
-1.22805
-1.09486
-0.951217
-0.798381
-0.631432
-0.451031
-0.268434
-0.0992785
0.045202
0.161107
0.24975
0.314312
0.35776
0.381669
0.388877
0.378403
0.346203
0.291053
0.214274
0.119954
0.0137059
-0.0987846
-0.213044
-0.326095
-0.436385
-0.543372
-0.647054
-0.74754
-0.844666
-0.937726
-1.0254
-1.1059
-1.17731
-1.23805
-1.28706
-1.32387
-1.3483
-1.36035
-1.36007
-1.34796
-1.3247
-1.2909
-1.24745
-1.19544
-1.13604
-1.07033
-0.999305
-0.92396
-0.845382
-0.76479
-0.683439
-0.60245
-0.522687
-0.44476
-0.369118
-0.296163
-0.226321
-0.160048
-0.0977907
-0.0399245
0.0132943
0.0617498
0.105463
0.144571
0.179297
0.209923
0.236766
0.260159
0.28044
0.297938
0.31297
0.325836
0.336812
0.346151
0.354082
0.360803
0.366489
0.37129
0.375328
0.378706
0.381502
0.383777
0.385579
0.386928
0.387832
0.388279
0.388238
0.387658
0.386468
0.384573
0.381854
0.378146
0.373214
0.366722
0.358209
0.347107
0.332833
0.314925
0.293225
0.267993
0.239931
0.210093
0.179731
0.15013
0.122485
0.0978162
0.0769364
0.0604404
0.0487449
0.0421057
0.0405501
0.0439155
0.0518645
0.0640349
0.0798167
0.0984649
0.119127
0.140892
0.162861
0.184231
0.204354
0.222772
0.239214
0.253563
0.265804
0.275988
0.284191
0.290495
0.294975
0.297686
0.298656
0.297897
0.295417
0.291243
0.28543
0.278071
0.269296
0.259269
0.248183
0.236257
0.223733
0.210874
0.19796
0.185278
0.173114
0.161742
0.151412
0.142344
0.134722
0.12869
0.124326
0.121665
0.120702
0.121382
0.123608
0.127252
0.132156
0.138136
0.144996
0.152527
0.16052
0.168769
0.177072
0.185226
0.193054
0.200318
-0.206803
-0.246991
-0.329408
-0.464065
-0.643858
-0.842825
-1.02974
-1.18446
-1.3019
-1.38427
-1.43213
-1.44499
-1.41655
-1.34245
-1.22874
-1.09174
-0.945502
-0.791095
-0.622209
-0.438339
-0.250517
-0.07503
0.0760121
0.198193
0.292546
0.36208
0.409678
0.436276
0.443329
0.430144
0.393672
0.333829
0.252558
0.154349
0.044949
-0.0700535
-0.186269
-0.300768
-0.411975
-0.519295
-0.622681
-0.722226
-0.817814
-0.90888
-0.994324
-1.07263
-1.14213
-1.20139
-1.24937
-1.28555
-1.30971
-1.32177
-1.32185
-1.31057
-1.28853
-1.2564
-1.21507
-1.16559
-1.10897
-1.0462
-0.9782
-0.905925
-0.830484
-0.753103
-0.675004
-0.597246
-0.52064
-0.44578
-0.373133
-0.303132
-0.236214
-0.172809
-0.113299
-0.0579736
-0.00700255
0.0395677
0.0818004
0.119845
0.153913
0.184255
0.211148
0.234878
0.255733
0.274
0.289951
0.303848
0.315933
0.326428
0.335535
0.343432
0.350273
0.356192
0.361298
0.365683
0.369419
0.372563
0.375157
0.377216
0.378752
0.379757
0.380205
0.380053
0.379241
0.377693
0.375316
0.37199
0.36755
0.361765
0.354315
0.34479
0.332741
0.317777
0.299702
0.278623
0.255001
0.229618
0.203474
0.177665
0.15326
0.131223
0.112353
0.0972615
0.0863884
0.0800051
0.078167
0.080733
0.0873922
0.0977818
0.111324
0.127326
0.14501
0.163566
0.182218
0.200292
0.217257
0.232751
0.246559
0.258582
0.268793
0.277204
0.283844
0.288744
0.291925
0.293386
0.29311
0.291072
0.287257
0.281685
0.274413
0.265542
0.255211
0.243593
0.230891
0.217338
0.2032
0.188766
0.174351
0.160282
0.146885
0.134472
0.123327
0.113693
0.105772
0.0997098
0.0955871
0.0934169
0.0931819
0.0948026
0.0981585
0.103093
0.10942
0.116924
0.125376
0.134532
0.144149
0.153987
0.163818
0.173423
0.18261
0.191154
-0.182871
-0.220687
-0.301902
-0.433883
-0.611622
-0.8108
-1.00024
-1.15842
-1.2786
-1.36225
-1.41062
-1.42363
-1.39424
-1.31884
-1.20441
-1.06797
-0.922979
-0.76926
-0.599989
-0.415018
-0.225938
-0.0492412
0.103065
0.226686
0.322726
0.394068
0.443285
0.471373
0.478529
0.464348
0.426219
0.364811
0.282212
0.183008
0.0728735
-0.0427321
-0.159459
-0.274331
-0.385655
-0.492692
-0.59527
-0.693414
-0.787022
-0.875644
-0.958396
-1.03403
-1.10116
-1.1585
-1.20509
-1.24037
-1.26401
-1.2762
-1.27681
-1.26656
-1.24602
-1.21587
-1.17694
-1.13018
-1.0765
-1.01679
-0.951911
-0.882873
-0.810812
-0.736958
-0.662477
-0.588348
-0.515323
-0.443981
-0.374808
-0.308251
-0.244737
-0.184644
-0.128272
-0.0758182
-0.0273674
0.0170948
0.0576629
0.0944903
0.12777
0.15772
0.184573
0.20857
0.229954
0.248963
0.265829
0.280773
0.294
0.305699
0.316043
0.325184
0.333255
0.340369
0.346624
0.352096
0.356851
0.360943
0.364401
0.367245
0.369487
0.371123
0.372136
0.372492
0.372144
0.371034
0.369092
0.366233
0.362349
0.357291
0.350848
0.342744
0.332656
0.320277
0.305415
0.288083
0.268564
0.24741
0.225389
0.203391
0.182338
0.163094
0.14641
0.132883
0.122956
0.116909
0.114827
0.116595
0.121942
0.130525
0.141817
0.155195
0.169971
0.185446
0.200965
0.215973
0.230046
0.242891
0.25433
0.264262
0.272634
0.279417
0.284588
0.288128
0.290004
0.290167
0.288559
0.285124
0.279837
0.272715
0.26382
0.25326
0.241178
0.227751
0.213193
0.197754
0.181727
0.165442
0.149262
0.133563
0.118723
0.1051
0.0930164
0.0827433
0.0745011
0.0684366
0.0646247
0.0630493
0.0636723
0.0663831
0.0710257
0.0774095
0.0853138
0.0944936
0.104686
0.115618
0.127014
0.138603
0.150131
0.161359
0.17208
0.182077
-0.155766
-0.18278
-0.257801
-0.383385
-0.555133
-0.751339
-0.941744
-1.10359
-1.22777
-1.31403
-1.36358
-1.37614
-1.34489
-1.26891
-1.15713
-1.02594
-0.885781
-0.734637
-0.566457
-0.382985
-0.196855
-0.0240858
0.124415
0.245051
0.339117
0.409445
0.458279
0.486508
0.493856
0.480227
0.44288
0.382909
0.302163
0.204906
0.0965504
-0.0176207
-0.133273
-0.24732
-0.357874
-0.463981
-0.565277
-0.661657
-0.752986
-0.838894
-0.91868
-0.991351
-1.05577
-1.11085
-1.15575
-1.18991
-1.21305
-1.22518
-1.2264
-1.21731
-1.19841
-1.17034
-1.13387
-1.08985
-1.03907
-0.982384
-0.920689
-0.855038
-0.786609
-0.716599
-0.646093
-0.575977
-0.506951
-0.439581
-0.374361
-0.311734
-0.252085
-0.19572
-0.142845
-0.0935617
-0.0478796
-0.00573529
0.0329866
0.0684361
0.100785
0.130218
0.156928
0.181114
0.202973
0.2227
0.240481
0.256496
0.27091
0.283877
0.295534
0.306005
0.315397
0.323803
0.3313
0.337953
0.343825
0.348951
0.353358
0.357068
0.360096
0.362441
0.364096
0.36504
0.365239
0.36465
0.363225
0.360909
0.357633
0.353312
0.34782
0.340985
0.332593
0.322425
0.310319
0.296244
0.280362
0.263046
0.244861
0.226502
0.208728
0.192284
0.177841
0.165956
0.157057
0.151421
0.149153
0.150173
0.154263
0.16111
0.170256
0.181158
0.193227
0.205877
0.218568
0.230854
0.242392
0.252939
0.262331
0.270451
0.277213
0.282539
0.286361
0.288607
0.289196
0.288034
0.285028
0.280105
0.273232
0.264428
0.25376
0.241333
0.227289
0.211805
0.195107
0.177472
0.159235
0.140781
0.122533
0.104933
0.0884212
0.0734086
0.0602591
0.0492739
0.040693
0.0346635
0.0312472
0.0303934
0.0320348
0.0360217
0.0421519
0.0501893
0.0598709
0.0709143
0.0830242
0.095898
0.109233
0.122732
0.136118
0.149133
0.16155
0.173161
-0.132266
-0.142981
-0.202769
-0.31842
-0.481451
-0.671119
-0.859316
-1.02308
-1.15085
-1.23994
-1.29045
-1.3018
-1.26916
-1.19545
-1.09112
-0.969534
-0.836569
-0.689065
-0.5234
-0.344385
-0.165566
-0.00149372
0.138909
0.253119
0.342515
0.409698
0.456638
0.484017
0.491524
0.47914
0.444409
0.388224
0.31204
0.219425
0.115283
0.00462033
-0.108269
-0.220168
-0.328959
-0.433423
-0.532951
-0.62726
-0.716129
-0.799214
-0.875949
-0.945551
-1.00712
-1.05976
-1.10276
-1.13563
-1.15813
-1.17016
-1.17197
-1.16398
-1.14665
-1.12057
-1.08642
-1.04496
-0.996948
-0.943233
-0.884786
-0.822718
-0.758203
-0.692366
-0.626182
-0.560449
-0.495824
-0.432864
-0.372057
-0.313812
-0.258449
-0.206182
-0.157118
-0.111274
-0.0685948
-0.0289799
0.00769939
0.0415873
0.0728367
0.101605
0.128052
0.152336
0.174613
0.195034
0.21374
0.230865
0.24653
0.260847
0.273916
0.285825
0.296652
0.306465
0.315319
0.323273
0.330367
0.336624
0.342075
0.346743
0.350641
0.353778
0.356154
0.357762
0.358582
0.35859
0.357754
0.356042
0.353418
0.349841
0.345247
0.339542
0.332603
0.324289
0.314482
0.303144
0.290362
0.276381
0.261601
0.246549
0.231821
0.218033
0.205763
0.195507
0.187658
0.182482
0.1801
0.180469
0.183422
0.188692
0.195895
0.204576
0.214248
0.224432
0.234696
0.24468
0.254101
0.262744
0.270442
0.277052
0.282446
0.286505
0.289113
0.290152
0.289494
0.287005
0.282565
0.276088
0.267541
0.256942
0.244351
0.229865
0.213615
0.195783
0.176615
0.15643
0.135624
0.114654
0.0940235
0.0742499
0.0558408
0.039266
0.0249322
0.0131699
0.00423654
-0.00171918
-0.00465419
-0.00465563
-0.00182669
0.00363901
0.011483
0.0214118
0.0331084
0.0462425
0.0604799
0.075487
0.0909358
0.106509
0.121909
0.13686
0.151124
0.164491
-0.11649
-0.109318
-0.145448
-0.247635
-0.400857
-0.58084
-0.762171
-0.923445
-1.05165
-1.14168
-1.19233
-1.20274
-1.17175
-1.10535
-1.01314
-0.903352
-0.777877
-0.634278
-0.472889
-0.301833
-0.134569
0.0169188
0.146161
0.251725
0.334886
0.397709
0.441824
0.46778
0.475301
0.46412
0.432898
0.381914
0.31214
0.226325
0.128572
0.0234209
-0.0849695
-0.193291
-0.299198
-0.401192
-0.498395
-0.590301
-0.67656
-0.756799
-0.830526
-0.897114
-0.955848
-1.00603
-1.04706
-1.07854
-1.10027
-1.1121
-1.1143
-1.10722
-1.09123
-1.06688
-1.03481
-0.995693
-0.950322
-0.899598
-0.844561
-0.78634
-0.726053
-0.66471
-0.603173
-0.542168
-0.482321
-0.424177
-0.368193
-0.314722
-0.263998
-0.216138
-0.171158
-0.129001
-0.0895599
-0.0527048
-0.0182953
0.0138117
0.0437587
0.0716849
0.0977244
0.122004
0.144639
0.165737
0.185392
0.203685
0.220689
0.236468
0.251075
0.264559
0.276964
0.288324
0.29868
0.308068
0.316501
0.324005
0.330608
0.336331
0.34119
0.345202
0.348378
0.350723
0.352235
0.352903
0.352715
0.351657
0.349717
0.346886
0.343142
0.338451
0.332754
0.325976
0.31805
0.308946
0.298716
0.287519
0.275634
0.263446
0.25141
0.240016
0.229742
0.221014
0.214179
0.209485
0.207063
0.206902
0.208886
0.2128
0.218336
0.225128
0.232787
0.240933
0.249223
0.257362
0.265108
0.272254
0.278615
0.284018
0.288294
0.291281
0.29282
0.292749
0.290898
0.287103
0.281221
0.273161
0.262879
0.250382
0.235711
0.218942
0.200201
0.179683
0.157673
0.134557
0.110812
0.0869884
0.0636802
0.041489
0.0209932
0.00271791
-0.0128902
-0.025476
-0.0347678
-0.0406161
-0.042997
-0.0420338
-0.0378672
-0.0307351
-0.0209579
-0.00889532
0.00506906
0.0205445
0.0371463
0.0545028
0.0722586
0.0900773
0.107645
0.124677
0.140922
0.156169
-0.108045
-0.0805609
-0.0957318
-0.183343
-0.325337
-0.492822
-0.662588
-0.816117
-0.940379
-1.02848
-1.07796
-1.08882
-1.06386
-1.00924
-0.930545
-0.831038
-0.711244
-0.571765
-0.417464
-0.258461
-0.106417
0.0299599
0.146479
0.242414
0.318721
0.376764
0.417681
0.441908
0.44921
0.439118
0.411364
0.366012
0.303474
0.225774
0.13609
0.0382422
-0.0639427
-0.167179
-0.268953
-0.367507
-0.461688
-0.550753
-0.634183
-0.711528
-0.782313
-0.845999
-0.90201
-0.949784
-0.988863
-1.0189
-1.0397
-1.05115
-1.05352
-1.04705
-1.03213
-1.00925
-0.979024
-0.942147
-0.899449
-0.851896
-0.80055
-0.746493
-0.690732
-0.634158
-0.577542
-0.521567
-0.466836
-0.413865
-0.363056
-0.314683
-0.268887
-0.225695
-0.185044
-0.146816
-0.110865
-0.0770322
-0.0451589
-0.0150909
0.0133175
0.0401999
0.0656744
0.0898406
0.112778
0.134548
0.155191
0.174734
0.193193
0.210573
0.226877
0.242106
0.256259
0.269345
0.281374
0.292342
0.302255
0.311138
0.31901
0.325892
0.331809
0.336782
0.340835
0.343987
0.346251
0.347635
0.348141
0.347774
0.34654
0.34445
0.341514
0.337735
0.333104
0.327596
0.321187
0.313867
0.305676
0.296723
0.287201
0.277388
0.267623
0.258285
0.249758
0.242393
0.236489
0.232268
0.229868
0.229306
0.230511
0.233324
0.237509
0.242784
0.248851
0.255413
0.262194
0.268947
0.275447
0.281482
0.286846
0.291331
0.294731
0.296846
0.297473
0.296405
0.293434
0.28837
0.281058
0.271395
0.259322
0.244817
0.22789
0.208591
0.187045
0.163481
0.138253
0.111836
0.0848145
0.0578471
0.0316252
0.00683469
-0.0158797
-0.0359432
-0.0528767
-0.0663068
-0.075953
-0.0816671
-0.0834424
-0.0814355
-0.0758223
-0.0668799
-0.0549901
-0.0405831
-0.0241174
-0.00605722
0.013149
0.0330798
0.0533448
0.073586
0.0934765
0.112724
0.13107
0.148303
-0.110894
-0.0610415
-0.0673309
-0.146304
-0.275553
-0.42554
-0.576898
-0.715752
-0.830569
-0.913375
-0.961911
-0.976959
-0.961534
-0.918163
-0.848269
-0.753568
-0.636942
-0.503344
-0.360454
-0.217594
-0.0831746
0.0371773
0.140803
0.227122
0.296577
0.349859
0.387572
0.409971
0.416906
0.407964
0.383284
0.343215
0.287875
0.218644
0.137896
0.0486372
-0.0458684
-0.142555
-0.238872
-0.332874
-0.423166
-0.508773
-0.58899
-0.663254
-0.731054
-0.791886
-0.845248
-0.890677
-0.927806
-0.956332
-0.976059
-0.98697
-0.989294
-0.983241
-0.96918
-0.94762
-0.919185
-0.884633
-0.844847
-0.800805
-0.753508
-0.703917
-0.65291
-0.601287
-0.549783
-0.499065
-0.449713
-0.402195
-0.356835
-0.313814
-0.273184
-0.234891
-0.198811
-0.16478
-0.132612
-0.102116
-0.0730991
-0.0453775
-0.0187837
0.0068255
0.0315621
0.0555042
0.0786954
0.101148
0.122847
0.143755
0.163819
0.18298
0.201178
0.218358
0.234474
0.2495
0.263389
0.276112
0.287673
0.298081
0.30735
0.315506
0.322578
0.328599
0.333605
0.337628
0.340698
0.34284
0.344075
0.344422
0.343903
0.342545
0.340379
0.337433
0.333729
0.32928
0.324094
0.318185
0.311591
0.304394
0.296735
0.288813
0.280879
0.273224
0.266147
0.259936
0.254845
0.251061
0.248734
0.247895
0.248511
0.250475
0.253621
0.257747
0.26263
0.268042
0.273757
0.279551
0.285201
0.290479
0.295149
0.298976
0.301725
0.303164
0.303051
0.301133
0.297156
0.290897
0.28218
0.270887
0.256938
0.24028
0.220886
0.19879
0.174131
0.147193
0.118422
0.0884098
0.0578625
0.027553
-0.0017282
-0.029217
-0.0542112
-0.0760973
-0.0943727
-0.108653
-0.118651
-0.124222
-0.125375
-0.122294
-0.115185
-0.104357
-0.0902446
-0.0733466
-0.0541991
-0.0333482
-0.0113195
0.0114007
0.0343748
0.0572147
0.0795781
0.101166
0.121719
0.141024
-0.0945786
-0.0562881
-0.0622101
-0.138467
-0.26128
-0.397733
-0.530677
-0.651685
-0.752887
-0.828548
-0.876674
-0.894209
-0.880939
-0.837904
-0.767275
-0.67308
-0.560933
-0.437432
-0.309611
-0.184196
-0.0666914
0.0391653
0.131345
0.209066
0.272259
0.321121
0.355868
0.376562
0.383109
0.375305
0.353235
0.317456
0.26827
0.206733
0.134605
0.0541503
-0.032032
-0.12129
-0.211209
-0.299783
-0.385452
-0.467046
-0.543688
-0.614687
-0.679464
-0.737499
-0.788317
-0.83151
-0.866756
-0.893795
-0.912439
-0.922775
-0.924979
-0.919269
-0.906042
-0.885838
-0.859323
-0.82729
-0.790622
-0.750235
-0.70702
-0.661817
-0.615418
-0.568585
-0.52204
-0.476438
-0.432324
-0.390103
-0.350026
-0.3122
-0.27661
-0.243149
-0.211648
-0.1819
-0.153673
-0.126723
-0.100803
-0.0756763
-0.0511351
-0.0270122
-0.00318994
0.0203968
0.0437618
0.066872
0.0896531
0.111998
0.133778
0.154856
0.175101
0.194392
0.212644
0.229748
0.245617
0.260212
0.273517
0.285527
0.296257
0.305738
0.314005
0.321104
0.327082
0.331988
0.335869
0.338766
0.340717
0.341755
0.341914
0.341234
0.339756
0.337526
0.334587
0.330975
0.326723
0.321865
0.316446
0.310536
0.304243
0.297717
0.291149
0.284762
0.278793
0.273478
0.269042
0.265624
0.263393
0.26239
0.262613
0.264003
0.266453
0.269821
0.273943
0.278636
0.2837
0.288922
0.294074
0.298908
0.303167
0.306592
0.308923
0.309897
0.309234
0.306638
0.301819
0.29452
0.284539
0.271723
0.25595
0.237119
0.215171
0.190142
0.162215
0.131767
0.099361
0.06572
0.0316743
-0.001897
-0.0341198
-0.0641698
-0.0913046
-0.114887
-0.134403
-0.149467
-0.159793
-0.165234
-0.165806
-0.161716
-0.153196
-0.14057
-0.124319
-0.104998
-0.0832127
-0.0595914
-0.0347402
-0.00921758
0.0164825
0.0419337
0.0667724
0.0906905
0.11343
0.134771
-0.108879
-0.0948113
-0.10929
-0.172866
-0.273752
-0.389521
-0.505114
-0.61138
-0.701234
-0.768684
-0.808179
-0.81753
-0.797167
-0.749875
-0.679503
-0.590774
-0.489047
-0.379767
-0.268123
-0.158849
-0.0559284
0.0376829
0.120098
0.190302
0.247865
0.292661
0.324673
0.343834
0.350038
0.343242
0.323484
0.291343
0.247323
0.192388
0.127913
0.0556464
-0.0223619
-0.103928
-0.186921
-0.269431
-0.349851
-0.426893
-0.499546
-0.567002
-0.6286
-0.683783
-0.732069
-0.773071
-0.806479
-0.832061
-0.849687
-0.859504
-0.861654
-0.856396
-0.844168
-0.825537
-0.80118
-0.771867
-0.73841
-0.701625
-0.662305
-0.621226
-0.579158
-0.536855
-0.495027
-0.454295
-0.415152
-0.377943
-0.342868
-0.309987
-0.279249
-0.250517
-0.223585
-0.198197
-0.174059
-0.150852
-0.128249
-0.105945
-0.0836773
-0.0612442
-0.0385106
-0.0154127
0.00804325
0.0317849
0.0556796
0.0795441
0.103162
0.126307
0.14876
0.170349
0.190894
0.210205
0.22818
0.244754
0.259884
0.273561
0.285801
0.296639
0.306123
0.314311
0.321265
0.32705
0.331729
0.335362
0.338
0.339692
0.340484
0.340424
0.339564
0.337959
0.335666
0.332738
0.329225
0.325175
0.320638
0.315683
0.310398
0.304903
0.299346
0.293905
0.28877
0.284133
0.280175
0.277089
0.274956
0.273865
0.273847
0.274877
0.276896
0.279807
0.28348
0.287758
0.292457
0.297366
0.302249
0.30685
0.310898
0.314115
0.316218
0.31691
0.315865
0.312748
0.307232
0.299033
0.287916
0.273681
0.256144
0.235145
0.210595
0.182555
0.151289
0.117295
0.081279
0.0440998
0.00670396
-0.0299393
-0.0648923
-0.0972901
-0.126367
-0.151476
-0.1721
-0.187858
-0.198469
-0.203786
-0.203832
-0.19883
-0.189032
-0.174764
-0.156537
-0.134949
-0.110665
-0.0843864
-0.0567983
-0.0285355
-0.000156428
0.0278651
0.0551364
0.0813348
0.106204
0.129514
-0.1278
-0.130738
-0.151963
-0.20456
-0.285174
-0.379844
-0.475787
-0.564147
-0.637348
-0.688949
-0.716004
-0.718162
-0.696252
-0.652503
-0.590114
-0.512923
-0.425132
-0.330969
-0.234488
-0.139462
-0.0491931
0.0337024
0.107383
0.170695
0.222986
0.263914
0.293309
0.311039
0.31696
0.311093
0.29356
0.26487
0.22552
0.176413
0.11875
0.0539929
-0.0161789
-0.0899726
-0.1656
-0.241371
-0.315771
-0.387504
-0.455491
-0.518845
-0.576835
-0.628854
-0.674401
-0.71308
-0.744563
-0.768704
-0.785395
-0.794811
-0.797093
-0.792539
-0.781602
-0.764843
-0.7429
-0.716469
-0.686271
-0.653037
-0.61751
-0.58045
-0.542623
-0.504775
-0.467587
-0.431637
-0.397369
-0.365089
-0.334965
-0.307041
-0.28125
-0.257432
-0.235342
-0.214664
-0.195015
-0.175975
-0.157123
-0.138067
-0.118475
-0.0980896
-0.0767367
-0.0543326
-0.0308872
-0.00650399
0.0186227
0.0442189
0.0699569
0.0954909
0.120527
0.144784
0.167935
0.189764
0.210128
0.228918
0.246076
0.261587
0.275472
0.287775
0.298561
0.307903
0.315882
0.322581
0.328081
0.332459
0.335785
0.338125
0.339536
0.340077
0.339809
0.338793
0.337093
0.334772
0.331889
0.328501
0.324666
0.320452
0.315937
0.311224
0.306435
0.301714
0.297219
0.293115
0.289564
0.286727
0.284704
0.283593
0.283444
0.284267
0.286034
0.288678
0.292097
0.29615
0.300663
0.305428
0.310205
0.314731
0.318725
0.321895
0.323933
0.324502
0.323231
0.319737
0.313655
0.30466
0.292466
0.276808
0.257428
0.234114
0.206773
0.175522
0.140748
0.103097
0.0634288
0.0227345
-0.0179357
-0.0575397
-0.0950937
-0.129707
-0.160603
-0.187134
-0.208788
-0.22519
-0.236063
-0.241266
-0.240835
-0.234997
-0.224018
-0.208217
-0.188121
-0.164354
-0.137632
-0.108722
-0.0783878
-0.0473483
-0.0162369
0.0144134
0.0441716
0.0726941
0.0997252
0.125022
-0.146162
-0.156604
-0.179532
-0.222701
-0.2857
-0.359871
-0.435299
-0.504315
-0.560962
-0.601477
-0.622804
-0.624031
-0.605282
-0.568018
-0.514781
-0.448721
-0.373264
-0.291907
-0.208069
-0.124972
-0.0454763
0.0280811
0.0939615
0.150977
0.198367
0.23566
0.262584
0.278963
0.28465
0.279663
0.26418
0.238669
0.203568
0.159697
0.108143
0.050176
-0.0127722
-0.0791834
-0.14754
-0.216386
-0.284373
-0.35029
-0.41308
-0.471837
-0.525799
-0.57433
-0.616909
-0.653126
-0.682675
-0.7054
-0.721281
-0.730456
-0.733076
-0.729447
-0.719999
-0.70524
-0.685736
-0.662107
-0.635006
-0.605129
-0.573207
-0.539999
-0.506261
-0.472708
-0.43998
-0.40861
-0.379016
-0.351493
-0.326212
-0.303226
-0.282471
-0.263773
-0.24684
-0.231269
-0.216571
-0.202211
-0.187654
-0.172409
-0.156046
-0.138218
-0.11867
-0.0972626
-0.0739806
-0.0489471
-0.0224228
0.00520429
0.0334506
0.0618417
0.0899702
0.117334
0.143524
0.168275
0.191372
0.212669
0.232093
0.249629
0.265308
0.279192
0.291365
0.301924
0.310972
0.318613
0.32495
0.330078
0.334089
0.337061
0.33907
0.340184
0.34047
0.339998
0.338835
0.337049
0.334705
0.331868
0.328602
0.324972
0.321056
0.316944
0.312742
0.308573
0.304573
0.300884
0.297655
0.295031
0.293124
0.292038
0.29184
0.292562
0.294199
0.296706
0.3
0.303955
0.308405
0.313149
0.317946
0.322532
0.32662
0.329903
0.332043
0.332657
0.331324
0.327608
0.321096
0.311407
0.298191
0.281099
0.259799
0.234035
0.203741
0.169139
0.130766
0.0894408
0.0461729
0.00207566
-0.0417165
-0.0841084
-0.124087
-0.160749
-0.193317
-0.221149
-0.243743
-0.260732
-0.271848
-0.276951
-0.27609
-0.269494
-0.257441
-0.240236
-0.218409
-0.192604
-0.163569
-0.132126
-0.0991144
-0.0653344
-0.0315005
0.0017866
0.0340476
0.0649094
0.0941129
0.121396
-0.15963
-0.17306
-0.19595
-0.232574
-0.282805
-0.341166
-0.400518
-0.455076
-0.50053
-0.533112
-0.549821
-0.549513
-0.532401
-0.499756
-0.453599
-0.396414
-0.33097
-0.260177
-0.186937
-0.114003
-0.043842
0.0214828
0.0803676
0.131646
0.174513
0.208426
0.233043
0.248157
0.253625
0.249466
0.235853
0.213237
0.18202
0.142923
0.0969031
0.0450741
-0.0113197
-0.0709579
-0.132515
-0.194714
-0.25636
-0.316363
-0.373744
-0.427642
-0.477311
-0.522123
-0.561562
-0.595222
-0.622826
-0.644192
-0.65933
-0.668334
-0.67135
-0.668661
-0.660642
-0.647738
-0.63046
-0.609378
-0.585122
-0.558373
-0.529855
-0.500302
-0.47043
-0.440909
-0.412338
-0.385236
-0.360026
-0.337027
-0.316448
-0.298373
-0.282761
-0.269419
-0.257996
-0.247991
-0.238797
-0.22976
-0.220227
-0.209571
-0.197219
-0.182668
-0.165519
-0.145518
-0.122593
-0.0968735
-0.0686965
-0.0386071
-0.00728924
0.0246343
0.0564771
0.0875413
0.117358
0.145544
0.171806
0.195965
0.217939
0.237723
0.255364
0.270952
0.284601
0.296437
0.306591
0.315195
0.322375
0.32825
0.332929
0.336512
0.339087
0.340737
0.341538
0.341563
0.340885
0.339575
0.337703
0.335336
0.33254
0.329386
0.325945
0.322304
0.318556
0.314811
0.31119
0.307825
0.304854
0.30241
0.300615
0.299574
0.299367
0.300042
0.301611
0.304049
0.307288
0.311219
0.31569
0.320504
0.32543
0.330203
0.334532
0.338091
0.340506
0.341341
0.340117
0.336339
0.329533
0.31925
0.305054
0.286508
0.263204
0.234868
0.201506
0.163482
0.121517
0.0766003
0.0298854
-0.0174168
-0.0641102
-0.109066
-0.151256
-0.189775
-0.223853
-0.252857
-0.276297
-0.293816
-0.305154
-0.310173
-0.308934
-0.301666
-0.288655
-0.270189
-0.246797
-0.219128
-0.187952
-0.154134
-0.118576
-0.0821573
-0.0456718
-0.00979389
0.0249407
0.0581203
0.0894763
0.118721
-0.169515
-0.184213
-0.206259
-0.237894
-0.27881
-0.325468
-0.37284
-0.416348
-0.452181
-0.477241
-0.489315
-0.487455
-0.471746
-0.44303
-0.40279
-0.352999
-0.295952
-0.234103
-0.169916
-0.105743
-0.0437155
0.0143455
0.0669748
0.113057
0.151781
0.182574
0.205057
0.218999
0.224255
0.220855
0.20895
0.188964
0.161281
0.126531
0.0855458
0.0392957
-0.0111378
-0.0646005
-0.119921
-0.175961
-0.231647
-0.28599
-0.3381
-0.387182
-0.432544
-0.473594
-0.509844
-0.540923
-0.566561
-0.586541
-0.600869
-0.6096
-0.612869
-0.610921
-0.604084
-0.592764
-0.577438
-0.558655
-0.537024
-0.513201
-0.487866
-0.4617
-0.435367
-0.409497
-0.384678
-0.361446
-0.340266
-0.321517
-0.305473
-0.292278
-0.281921
-0.274194
-0.268679
-0.264786
-0.261807
-0.258973
-0.255478
-0.250501
-0.243231
-0.232913
-0.218918
-0.200819
-0.178455
-0.151955
-0.121749
-0.0885954
-0.0534083
-0.0171207
0.019216
0.0548119
0.0890176
0.121293
0.151268
0.178734
0.203605
0.225897
0.245692
0.263119
0.278334
0.291504
0.302796
0.312375
0.320395
0.327002
0.332327
0.336488
0.339593
0.341737
0.343006
0.343482
0.34324
0.342354
0.340897
0.338936
0.33654
0.333779
0.330725
0.327458
0.324067
0.320653
0.317327
0.314215
0.311445
0.309143
0.307434
0.306426
0.306209
0.306844
0.308361
0.310754
0.313975
0.31793
0.322482
0.327449
0.332605
0.337691
0.342409
0.346411
0.349278
0.350514
0.34957
0.345886
0.338914
0.328121
0.312978
0.292949
0.267565
0.236572
0.20009
0.158664
0.113209
0.0648844
0.0149581
-0.0352857
-0.0846129
-0.131877
-0.176048
-0.216223
-0.251643
-0.281688
-0.305879
-0.323873
-0.335415
-0.340369
-0.338809
-0.330956
-0.317107
-0.297531
-0.272749
-0.24341
-0.210294
-0.174298
-0.136375
-0.0974728
-0.058463
-0.0200947
0.017035
0.0524687
0.085922
0.117074
-0.176878
-0.191744
-0.212271
-0.239587
-0.273227
-0.310762
-0.348567
-0.383011
-0.411043
-0.430267
-0.438912
-0.43602
-0.421478
-0.39589
-0.360453
-0.316795
-0.266821
-0.212583
-0.156162
-0.099568
-0.0446436
0.00700478
0.0540487
0.0954416
0.130392
0.158325
0.178844
0.191706
0.196763
0.194049
0.183697
0.166092
0.141599
0.11078
0.0743632
0.0331929
-0.0117911
-0.0595861
-0.109165
-0.159516
-0.209672
-0.258732
-0.305881
-0.350389
-0.391618
-0.429019
-0.462145
-0.490656
-0.514265
-0.532765
-0.546144
-0.554432
-0.557752
-0.556323
-0.550448
-0.540507
-0.526951
-0.510296
-0.491106
-0.469978
-0.447528
-0.424377
-0.401148
-0.378459
-0.356917
-0.337104
-0.319559
-0.304751
-0.293053
-0.284694
-0.279705
-0.277872
-0.27874
-0.281669
-0.285877
-0.290457
-0.294372
-0.296485
-0.295612
-0.290632
-0.280612
-0.264915
-0.243279
-0.215832
-0.183104
-0.146117
-0.106154
-0.0645924
-0.0227035
0.0184814
0.0580212
0.095205
0.129576
0.160889
0.189072
0.214177
0.236343
0.255756
0.27263
0.287186
0.29964
0.310196
0.319044
0.326358
0.332295
0.336996
0.340586
0.343176
0.344863
0.345737
0.345879
0.345365
0.344269
0.342659
0.340605
0.338175
0.33544
0.332478
0.329372
0.326218
0.323121
0.320196
0.317566
0.315355
0.313686
0.312675
0.31242
0.312998
0.314458
0.316812
0.320033
0.324047
0.328734
0.333927
0.339414
0.34494
0.350199
0.354812
0.358306
0.360114
0.359613
0.356164
0.349135
0.337901
0.32183
0.300291
0.272776
0.239092
0.199518
0.154805
0.106065
0.054599
0.00176484
-0.0511102
-0.102774
-0.152076
-0.197987
-0.239615
-0.276211
-0.307169
-0.332022
-0.350437
-0.362168
-0.367077
-0.365253
-0.356903
-0.342336
-0.321799
-0.295805
-0.264996
-0.230158
-0.192208
-0.152138
-0.110954
-0.0695974
-0.0288902
0.0105081
0.0480893
0.0835482
0.116524
-0.181861
-0.196252
-0.214974
-0.238557
-0.266437
-0.296828
-0.327083
-0.354413
-0.376372
-0.390979
-0.396757
-0.392876
-0.379205
-0.356209
-0.324837
-0.286401
-0.242469
-0.194757
-0.145031
-0.0950122
-0.0463001
-0.000311434
0.0417562
0.0789334
0.110467
0.135792
0.154515
0.166388
0.171262
0.169167
0.16022
0.144766
0.123146
0.0958642
0.0635664
0.0269945
-0.0130305
-0.0556331
-0.0999161
-0.144988
-0.189989
-0.234108
-0.276599
-0.316793
-0.3541
-0.388014
-0.418119
-0.444085
-0.465625
-0.482595
-0.494947
-0.502699
-0.505969
-0.504958
-0.499944
-0.491274
-0.479356
-0.46465
-0.447654
-0.428896
-0.408931
-0.388337
-0.367717
-0.347699
-0.328926
-0.312052
-0.297712
-0.286501
-0.278926
-0.27533
-0.27581
-0.28019
-0.288053
-0.298771
-0.311478
-0.325032
-0.338003
-0.348753
-0.355588
-0.356953
-0.351597
-0.338689
-0.317892
-0.289326
-0.253597
-0.212106
-0.166544
-0.118652
-0.0699778
-0.0220148
0.0239532
0.0670067
0.10657
0.142362
0.174334
0.202598
0.227373
0.248928
0.267556
0.283546
0.297176
0.308701
0.318353
0.326339
0.332847
0.33804
0.342063
0.345043
0.347092
0.348307
0.348776
0.348579
0.347789
0.346477
0.344711
0.342558
0.340088
0.337372
0.334491
0.331534
0.3286
0.325799
0.323248
0.32107
0.319391
0.318331
0.318003
0.318499
0.319886
0.322199
0.325431
0.329531
0.334401
0.339892
0.345808
0.351901
0.357849
0.363233
0.367515
0.370049
0.370129
0.36703
0.36003
0.348407
0.331422
0.308359
0.278703
0.242367
0.19982
0.152035
0.1003
0.0460319
-0.00935725
-0.0645225
-0.11821
-0.169272
-0.216686
-0.259568
-0.29718
-0.328929
-0.35436
-0.373147
-0.385053
-0.38994
-0.38791
-0.37915
-0.363979
-0.342626
-0.315593
-0.283516
-0.24718
-0.207514
-0.16554
-0.12231
-0.0788265
-0.0359764
0.0055198
0.0451012
0.0824382
0.117123
-0.185069
-0.198633
-0.215491
-0.235835
-0.259067
-0.2838
-0.308067
-0.329717
-0.346777
-0.357626
-0.361077
-0.356445
-0.343576
-0.322806
-0.294882
-0.260874
-0.222089
-0.179971
-0.13602
-0.0917136
-0.0484384
-0.00744242
0.0301998
0.0635996
0.0920508
0.115014
0.132104
0.143075
0.147784
0.146248
0.138572
0.125063
0.106033
0.0819328
0.0533379
0.0209048
-0.0146432
-0.0525353
-0.0919815
-0.132196
-0.172416
-0.211919
-0.250035
-0.286155
-0.31974
-0.350327
-0.377527
-0.401024
-0.420564
-0.436039
-0.447374
-0.454586
-0.45778
-0.457134
-0.452891
-0.445351
-0.434868
-0.421839
-0.406696
-0.38991
-0.371987
-0.353474
-0.334966
-0.317105
-0.300583
-0.286138
-0.274534
-0.266529
-0.2628
-0.263839
-0.269873
-0.280869
-0.296551
-0.316318
-0.339113
-0.363333
-0.386911
-0.407537
-0.422962
-0.431243
-0.430899
-0.420992
-0.401147
-0.37144
-0.332616
-0.28636
-0.234575
-0.179362
-0.122776
-0.0668756
-0.013353
0.0365855
0.0821982
0.123152
0.159428
0.191223
0.218859
0.242715
0.263184
0.280648
0.295458
0.307931
0.318351
0.326964
0.333989
0.339618
0.344015
0.347326
0.349675
0.351171
0.351907
0.351967
0.351428
0.35036
0.348828
0.346899
0.344638
0.342114
0.339402
0.336584
0.333754
0.331017
0.328488
0.326289
0.32455
0.323399
0.322961
0.323344
0.324638
0.326899
0.330144
0.334351
0.339445
0.345302
0.351744
0.358523
0.365296
0.371592
0.376795
0.380175
0.380939
0.378271
0.37136
0.359384
0.341504
0.316937
0.285192
0.246326
0.201025
0.150472
0.0961105
0.0394341
-0.0181232
-0.0752202
-0.130612
-0.183159
-0.231844
-0.275789
-0.314267
-0.346694
-0.372626
-0.391744
-0.403815
-0.408705
-0.406525
-0.397438
-0.381773
-0.359742
-0.331838
-0.298688
-0.261077
-0.219939
-0.176319
-0.131303
-0.0859425
-0.0411818
0.00220322
0.0436006
0.0826544
0.118906
-0.186813
-0.199379
-0.214426
-0.231953
-0.25137
-0.271568
-0.291051
-0.308151
-0.32129
-0.329156
-0.330782
-0.325591
-0.31343
-0.294551
-0.269558
-0.239334
-0.204966
-0.167671
-0.128722
-0.0893894
-0.0508773
-0.014284
0.0194295
0.049455
0.0751381
0.095971
0.111585
0.121741
0.126302
0.125273
0.118749
0.106996
0.090305
0.0690746
0.0438144
0.0151067
-0.0164089
-0.0500513
-0.0851208
-0.12092
-0.15677
-0.192027
-0.226091
-0.258417
-0.288517
-0.315972
-0.340433
-0.361597
-0.379255
-0.393293
-0.403632
-0.410287
-0.413346
-0.412954
-0.409316
-0.402686
-0.393364
-0.381691
-0.368044
-0.352842
-0.336549
-0.319679
-0.302812
-0.286603
-0.271799
-0.259241
-0.249849
-0.244584
-0.244336
-0.249808
-0.261477
-0.279611
-0.304136
-0.334366
-0.368767
-0.404959
-0.440027
-0.47098
-0.495128
-0.510308
-0.514955
-0.508127
-0.489444
-0.458978
-0.417556
-0.366738
-0.308563
-0.24555
-0.180354
-0.115639
-0.0536102
0.00413071
0.0566023
0.103381
0.144472
0.180164
0.210905
0.237209
0.259598
0.27856
0.294539
0.307926
0.319064
0.328246
0.335728
0.341728
0.346435
0.350012
0.352598
0.35431
0.355251
0.35551
0.355163
0.354282
0.352931
0.351173
0.349071
0.346687
0.344091
0.34136
0.338582
0.335859
0.333302
0.331033
0.329186
0.327899
0.327309
0.327545
0.328715
0.330904
0.334157
0.338482
0.343836
0.350121
0.357174
0.364742
0.372449
0.37976
0.385976
0.390277
0.391782
0.389589
0.382801
0.370507
0.351773
0.325771
0.29207
0.250896
0.203153
0.150222
0.0936625
0.0350103
-0.0243075
-0.0829703
-0.139749
-0.193512
-0.243245
-0.288074
-0.327278
-0.360283
-0.386649
-0.406061
-0.418294
-0.42321
-0.420939
-0.411606
-0.395549
-0.372971
-0.344353
-0.310318
-0.271649
-0.229285
-0.184282
-0.137754
-0.090789
-0.0443779
0.000655981
0.0436537
0.0842334
0.121883
-0.187435
-0.19894
-0.212284
-0.227363
-0.243621
-0.260156
-0.275802
-0.289255
-0.299256
-0.304742
-0.304923
-0.299323
-0.287806
-0.270569
-0.248101
-0.221131
-0.190566
-0.157435
-0.122824
-0.0878252
-0.053486
-0.0207722
0.00946004
0.0364796
0.0596859
0.0786066
0.0928934
0.102318
0.10675
0.106183
0.100704
0.0905411
0.0759629
0.0573234
0.0350736
0.00972893
-0.0181455
-0.0479479
-0.0790585
-0.110858
-0.142741
-0.174133
-0.204496
-0.23334
-0.260228
-0.284786
-0.306693
-0.325667
-0.341538
-0.354179
-0.363521
-0.369571
-0.372395
-0.372113
-0.368893
-0.362948
-0.354532
-0.343935
-0.331483
-0.31754
-0.302521
-0.286898
-0.271227
-0.25617
-0.242533
-0.231274
-0.223495
-0.220394
-0.223128
-0.232722
-0.250105
-0.275976
-0.310374
-0.35222
-0.399123
-0.4477
-0.494228
-0.535207
-0.5677
-0.589456
-0.59892
-0.595193
-0.577955
-0.547364
-0.504115
-0.449355
-0.385331
-0.314808
-0.240961
-0.167075
-0.0959746
-0.0297801
0.0301875
0.0833469
0.129692
0.169599
0.203654
0.232528
0.256888
0.277351
0.29447
0.308722
0.320514
0.330196
0.338062
0.344361
0.349309
0.353084
0.35584
0.357706
0.358791
0.359188
0.358978
0.35823
0.357009
0.355373
0.353381
0.351091
0.348566
0.345878
0.343108
0.340353
0.337719
0.335332
0.333329
0.331858
0.33107
0.331112
0.332121
0.334208
0.337455
0.341903
0.347543
0.354304
0.362032
0.370461
0.379169
0.387547
0.394811
0.400052
0.402307
0.400597
0.39395
0.38138
0.361874
0.334582
0.299154
0.255994
0.206216
0.151365
0.093084
0.0329148
-0.0277448
-0.0876064
-0.145461
-0.200181
-0.250752
-0.2963
-0.336106
-0.369597
-0.39634
-0.41602
-0.428416
-0.433386
-0.431079
-0.421578
-0.405226
-0.382222
-0.353039
-0.318298
-0.278781
-0.23543
-0.18931
-0.141551
-0.0932682
-0.0454862
0.000933372
0.0452911
0.0871816
0.126039
-0.187195
-0.197636
-0.209412
-0.222366
-0.23599
-0.249539
-0.262086
-0.272603
-0.280088
-0.28368
-0.282735
-0.276865
-0.265953
-0.250155
-0.229872
-0.205709
-0.17843
-0.148906
-0.118065
-0.0868491
-0.0561682
-0.0268712
0.00028053
0.024629
0.0456269
0.0628387
0.0759394
0.0847126
0.089036
0.0888939
0.0843642
0.0756434
0.0629769
0.046679
0.0271498
0.00484579
-0.0197333
-0.0460559
-0.0735741
-0.101738
-0.130012
-0.157879
-0.18486
-0.210515
-0.234452
-0.25633
-0.275847
-0.292767
-0.306937
-0.318226
-0.326573
-0.331977
-0.334486
-0.334197
-0.331248
-0.325816
-0.318111
-0.308374
-0.296877
-0.283925
-0.269872
-0.255137
-0.240236
-0.225838
-0.212798
-0.202191
-0.195315
-0.193636
-0.198655
-0.211922
-0.235043
-0.269135
-0.314063
-0.367977
-0.427432
-0.488144
-0.545791
-0.596512
-0.637159
-0.665375
-0.679571
-0.678896
-0.663185
-0.632728
-0.588111
-0.530188
-0.461304
-0.384132
-0.3022
-0.219362
-0.139116
-0.0641957
0.00362837
0.0635282
0.115432
0.159779
0.197294
0.228809
0.255155
0.277096
0.295302
0.310348
0.322718
0.332817
0.340985
0.347506
0.352617
0.35652
0.359379
0.361336
0.362506
0.362986
0.362859
0.362195
0.361057
0.3595
0.357577
0.35534
0.352847
0.350162
0.347359
0.344528
0.341774
0.339221
0.33701
0.335302
0.334261
0.334059
0.334859
0.336808
0.340024
0.344587
0.350523
0.357781
0.366212
0.375524
0.38524
0.394673
0.402957
0.409104
0.412071
0.410819
0.404327
0.39155
0.371417
0.343074
0.306259
0.261539
0.210213
0.153958
0.0944629
0.0332506
-0.0283276
-0.0890237
-0.147648
-0.203078
-0.254293
-0.300412
-0.34071
-0.374615
-0.40169
-0.42162
-0.434185
-0.439242
-0.436951
-0.427358
-0.4108
-0.387483
-0.357875
-0.322598
-0.282436
-0.238333
-0.191359
-0.142653
-0.0933453
-0.0444835
0.00304345
0.0485037
0.0914721
0.131333
-0.186305
-0.195719
-0.206074
-0.217186
-0.228603
-0.239701
-0.249734
-0.257885
-0.263353
-0.265444
-0.263633
-0.257604
-0.247261
-0.232732
-0.21435
-0.192622
-0.168192
-0.141801
-0.114244
-0.0863313
-0.0588576
-0.0325679
-0.00813772
0.013843
0.0328783
0.0485696
0.060616
0.0688148
0.0730515
0.0733041
0.0696412
0.0622309
0.0512974
0.0371195
0.0200518
0.000499496
-0.021095
-0.0442614
-0.0685151
-0.0933695
-0.118347
-0.142991
-0.16687
-0.189592
-0.210804
-0.230192
-0.247483
-0.262486
-0.275043
-0.285034
-0.292403
-0.297141
-0.299283
-0.298906
-0.296121
-0.291072
-0.283927
-0.27488
-0.264142
-0.251956
-0.238603
-0.224433
-0.209916
-0.195699
-0.182665
-0.17198
-0.165131
-0.163888
-0.170245
-0.18656
-0.215254
-0.25766
-0.313145
-0.378965
-0.450817
-0.523734
-0.59282
-0.653729
-0.702937
-0.737838
-0.75674
-0.758869
-0.744293
-0.713502
-0.667295
-0.60665
-0.533692
-0.450787
-0.361617
-0.270458
-0.181423
-0.097899
-0.0221847
0.0445636
0.102145
0.151025
0.192047
0.226209
0.254509
0.277865
0.297079
0.312829
0.325682
0.336106
0.344486
0.351142
0.356339
0.360294
0.36319
0.365175
0.366372
0.366882
0.36679
0.366166
0.365069
0.363552
0.361662
0.359445
0.35695
0.354234
0.351362
0.348417
0.345498
0.34273
0.34026
0.338256
0.336905
0.336399
0.336935
0.338696
0.341841
0.34649
0.352698
0.360434
0.369542
0.379694
0.390355
0.400768
0.409988
0.416953
0.420558
0.419721
0.413402
0.400529
0.379998
0.350954
0.313205
0.267451
0.215136
0.158032
0.0978491
0.0360717
-0.0260052
-0.087178
-0.146277
-0.202179
-0.253854
-0.300411
-0.341111
-0.375374
-0.402753
-0.422928
-0.435675
-0.440855
-0.438631
-0.42902
-0.41234
-0.388817
-0.358917
-0.323267
-0.282656
-0.238031
-0.190461
-0.141089
-0.0910502
-0.0414039
0.00694443
0.0532398
0.097042
0.137691
-0.184937
-0.193386
-0.202464
-0.211983
-0.221542
-0.230616
-0.2386
-0.24484
-0.248692
-0.249596
-0.247127
-0.241029
-0.231226
-0.217826
-0.201109
-0.181502
-0.15955
-0.135886
-0.111192
-0.0861684
-0.0615075
-0.0378634
-0.0158344
0.00405202
0.0213486
0.0356927
0.0468078
0.0545052
0.0586781
0.0593007
0.0564328
0.0502179
0.0408598
0.0286057
0.0137699
-0.00328796
-0.0221758
-0.0424776
-0.0637641
-0.0856042
-0.107574
-0.129268
-0.150301
-0.170323
-0.189017
-0.206097
-0.221327
-0.234533
-0.245563
-0.254312
-0.260726
-0.264792
-0.266533
-0.266007
-0.263304
-0.258535
-0.251831
-0.243335
-0.233203
-0.221603
-0.208738
-0.194875
-0.180407
-0.165917
-0.152258
-0.140634
-0.132705
-0.130616
-0.137105
-0.155629
-0.189397
-0.239711
-0.305371
-0.383097
-0.467999
-0.554221
-0.63591
-0.707929
-0.766215
-0.80789
-0.831228
-0.835626
-0.821414
-0.789453
-0.741072
-0.677579
-0.600753
-0.512702
-0.417086
-0.318391
-0.221215
-0.129548
-0.0462319
0.0271986
0.09036
0.143702
0.188162
0.224891
0.255053
0.279722
0.299834
0.316179
0.329406
0.340049
0.348544
0.355245
0.360443
0.364377
0.367241
0.369193
0.370362
0.370853
0.370751
0.370126
0.369035
0.367526
0.365639
0.363414
0.360891
0.358115
0.355143
0.352047
0.348922
0.345891
0.343107
0.340748
0.33902
0.338142
0.338344
0.339848
0.342855
0.347522
0.353934
0.36207
0.371762
0.382645
0.394129
0.405393
0.415421
0.42308
0.427217
0.426738
0.420627
0.407828
0.387224
0.357948
0.319834
0.273661
0.220971
0.163599
0.103258
0.041388
-0.0207784
-0.0820838
-0.141377
-0.197531
-0.249502
-0.296376
-0.3374
-0.371977
-0.399643
-0.420066
-0.433016
-0.438358
-0.436256
-0.426698
-0.409978
-0.386352
-0.356288
-0.320424
-0.279555
-0.23463
-0.186719
-0.136956
-0.0864765
-0.0363393
0.0125442
0.0594051
0.103793
0.145012
-0.183234
-0.190787
-0.198726
-0.206867
-0.214857
-0.222255
-0.228564
-0.233257
-0.235814
-0.235785
-0.232825
-0.226729
-0.21744
-0.20505
-0.189797
-0.172044
-0.152255
-0.13097
-0.108777
-0.0862821
-0.0640884
-0.0427704
-0.0228572
-0.00481906
0.010942
0.0240976
0.0343952
0.0416604
0.0457935
0.0467667
0.044632
0.0395118
0.0315901
0.0210865
0.00827953
-0.00651182
-0.0229402
-0.0406373
-0.0592234
-0.0783165
-0.097541
-0.116535
-0.134959
-0.152498
-0.168867
-0.183808
-0.197124
-0.208644
-0.218232
-0.225797
-0.231287
-0.234682
-0.235998
-0.235279
-0.232593
-0.228025
-0.22167
-0.213627
-0.203991
-0.192859
-0.180343
-0.166605
-0.15191
-0.136703
-0.121714
-0.108122
-0.0977521
-0.0932792
-0.0985158
-0.118177
-0.156179
-0.213712
-0.289449
-0.380119
-0.479787
-0.580906
-0.676193
-0.759579
-0.826603
-0.874415
-0.901523
-0.907593
-0.89317
-0.859575
-0.808603
-0.741907
-0.661096
-0.568207
-0.466787
-0.361372
-0.256882
-0.157797
-0.067457
0.0122196
0.0806369
0.138193
0.185893
0.225015
0.256881
0.282715
0.303587
0.320394
0.333873
0.344623
0.353128
0.359781
0.364898
0.368735
0.3715
0.37336
0.374449
0.374874
0.374722
0.374061
0.372945
0.371417
0.369511
0.367257
0.364685
0.361829
0.35873
0.355452
0.352082
0.348742
0.345586
0.342806
0.340624
0.339289
0.339063
0.340209
0.342969
0.347539
0.35403
0.36243
0.372556
0.384007
0.396151
0.40811
0.418791
0.426991
0.43153
0.431344
0.425496
0.413
0.392748
0.363824
0.326021
0.28012
0.227706
0.170654
0.110676
0.0491673
-0.0126962
-0.0738061
-0.133032
-0.189239
-0.241363
-0.288461
-0.32975
-0.364608
-0.392549
-0.413222
-0.426395
-0.43194
-0.430017
-0.420586
-0.40391
-0.38028
-0.350179
-0.314257
-0.273318
-0.228313
-0.180304
-0.130419
-0.0797798
-0.0294369
0.0197022
0.0668637
0.111592
0.153165
-0.181305
-0.18804
-0.194968
-0.201917
-0.208581
-0.214584
-0.21952
-0.222957
-0.224479
-0.223719
-0.220403
-0.214365
-0.205563
-0.194081
-0.180123
-0.163996
-0.146099
-0.126895
-0.10689
-0.086611
-0.0665822
-0.0473085
-0.0292573
-0.0128471
0.00156213
0.0136739
0.023259
0.0301568
0.0342748
0.0355842
0.0341299
0.0300163
0.0234088
0.014503
0.00354544
-0.00918125
-0.0233694
-0.0386932
-0.0548168
-0.0714021
-0.0881163
-0.104638
-0.120666
-0.135919
-0.150137
-0.163102
-0.174633
-0.184575
-0.192806
-0.199246
-0.203843
-0.206576
-0.207455
-0.20651
-0.203794
-0.19937
-0.193302
-0.185649
-0.176455
-0.165742
-0.153519
-0.1398
-0.124649
-0.108269
-0.0911686
-0.0744349
-0.0601112
-0.0516662
-0.0542133
-0.0737707
-0.115039
-0.179272
-0.26593
-0.371559
-0.487782
-0.604551
-0.712999
-0.806443
-0.880609
-0.9332
-0.963231
-0.970647
-0.956095
-0.921162
-0.867709
-0.797775
-0.71305
-0.61567
-0.50908
-0.397804
-0.286962
-0.181396
-0.0848596
0.000379999
0.0735118
0.134859
0.185465
0.226713
0.26006
0.286868
0.308332
0.325453
0.33905
0.349788
0.358199
0.364709
0.369661
0.373328
0.37593
0.377642
0.378601
0.378919
0.378682
0.377955
0.37679
0.375224
0.373282
0.370987
0.368353
0.3654
0.362155
0.358668
0.355018
0.35132
0.347731
0.344452
0.341722
0.339817
0.339037
0.339687
0.342052
0.346367
0.352771
0.36126
0.371634
0.383467
0.396091
0.408579
0.419738
0.428292
0.433082
0.433121
0.427607
0.415698
0.396308
0.368419
0.331688
0.286805
0.235339
0.179187
0.120063
0.0593411
-0.00185371
-0.0624591
-0.121367
-0.177435
-0.22958
-0.276821
-0.318337
-0.353469
-0.3817
-0.402644
-0.416063
-0.421847
-0.420165
-0.410935
-0.394388
-0.370859
-0.340849
-0.305024
-0.2642
-0.219325
-0.171457
-0.121705
-0.0711732
-0.0208957
0.0282327
0.0754418
0.120275
0.161996
-0.179242
-0.185234
-0.191268
-0.197189
-0.202727
-0.207569
-0.211374
-0.213792
-0.214486
-0.21316
-0.209593
-0.203655
-0.195317
-0.184655
-0.171845
-0.157151
-0.140914
-0.123533
-0.105446
-0.0871094
-0.0689807
-0.0515029
-0.0350885
-0.0201091
-0.00688628
0.0043134
0.0132822
0.0198732
0.024001
0.025637
0.0248181
0.0216348
0.0162346
0.00879237
-0.000474223
-0.0113148
-0.0234571
-0.0366133
-0.0504865
-0.0647777
-0.0791924
-0.0934462
-0.107271
-0.120414
-0.132646
-0.143779
-0.153647
-0.162111
-0.169066
-0.174437
-0.178176
-0.180262
-0.180698
-0.179507
-0.176729
-0.172409
-0.166594
-0.159311
-0.150558
-0.140283
-0.128365
-0.114616
-0.0988142
-0.080822
-0.0608413
-0.0398349
-0.020208
-0.00643866
-0.00493007
-0.0232003
-0.0668781
-0.137774
-0.237077
-0.35955
-0.492862
-0.624197
-0.743594
-0.844575
-0.923708
-0.979582
-1.01181
-1.02055
-1.0064
-0.970908
-0.915605
-0.842952
-0.754816
-0.653529
-0.542524
-0.42634
-0.310229
-0.199288
-0.0975868
-0.00767677
0.0694368
0.133995
0.187051
0.230069
0.264614
0.292167
0.314032
0.331304
0.344882
0.355488
0.3637
0.369977
0.374684
0.378113
0.380492
0.382004
0.38279
0.382964
0.382611
0.381795
0.380563
0.378945
0.376961
0.374618
0.371917
0.368859
0.365454
0.361737
0.357772
0.353665
0.34957
0.345695
0.3423
0.339692
0.338211
0.338208
0.340014
0.343903
0.35004
0.35843
0.36887
0.380913
0.39384
0.406653
0.418107
0.426825
0.431654
0.431844
0.426742
0.415734
0.397768
0.371657
0.336813
0.293727
0.243883
0.189186
0.13137
0.0718162
0.01162
-0.0482006
-0.106559
-0.162299
-0.214327
-0.26162
-0.303313
-0.338708
-0.367257
-0.388535
-0.402276
-0.408374
-0.407002
-0.398058
-0.381734
-0.358413
-0.328624
-0.293053
-0.252524
-0.207983
-0.160477
-0.111097
-0.0609212
-0.0109601
0.0379111
0.0849328
0.129651
0.171326
-0.177115
-0.182438
-0.187685
-0.192717
-0.197302
-0.201171
-0.204044
-0.205635
-0.205668
-0.203907
-0.200174
-0.194367
-0.186469
-0.176549
-0.164761
-0.151332
-0.136557
-0.120778
-0.104374
-0.0877425
-0.0712824
-0.0553819
-0.0404049
-0.0266804
-0.0144954
-0.00408863
0.00435214
0.010693
0.0148549
0.0168108
0.0165899
0.0142714
0.00998545
0.00388914
-0.00382577
-0.0129379
-0.0232066
-0.0343778
-0.0461894
-0.0583776
-0.0706816
-0.0828505
-0.0946438
-0.105836
-0.116233
-0.125665
-0.133982
-0.141063
-0.146817
-0.151174
-0.154091
-0.155547
-0.155541
-0.154091
-0.15123
-0.146996
-0.141423
-0.134523
-0.12625
-0.116468
-0.104906
-0.0911277
-0.0745673
-0.0546894
-0.0313361
-0.00537119
0.020303
0.0402754
0.0469632
0.0308918
-0.0143671
-0.0924276
-0.206013
-0.345731
-0.494613
-0.637664
-0.764918
-0.87087
-0.953156
-1.0112
-1.04514
-1.05525
-1.04196
-1.00665
-0.950352
-0.875799
-0.785016
-0.680585
-0.566037
-0.445984
-0.325784
-0.210702
-0.105018
-0.0114902
0.068722
0.135781
0.190735
0.235096
0.270509
0.298549
0.320609
0.337866
0.351286
0.361644
0.369558
0.375517
0.379908
0.383035
0.385139
0.386405
0.386982
0.386981
0.386488
0.385566
0.384256
0.382582
0.380555
0.378167
0.375401
0.372237
0.368666
0.364699
0.360382
0.355805
0.35112
0.346544
0.342364
0.338924
0.336609
0.335816
0.336921
0.340234
0.345946
0.354076
0.364418
0.376489
0.389533
0.402501
0.414081
0.422804
0.42746
0.4276
0.422977
0.413159
0.397162
0.373569
0.341435
0.300925
0.253364
0.200643
0.144535
0.0864802
0.0275687
-0.0312182
-0.0888226
-0.144079
-0.19589
-0.243161
-0.284994
-0.320638
-0.349511
-0.371175
-0.385332
-0.391848
-0.390881
-0.382323
-0.366331
-0.343337
-0.313902
-0.278737
-0.238678
-0.194659
-0.14772
-0.0989287
-0.0493325
8.77137e-05
0.048481
0.0951039
0.139508
0.180961
-0.174984
-0.179707
-0.184263
-0.188527
-0.1923
-0.195355
-0.197459
-0.198376
-0.197884
-0.195792
-0.191958
-0.186305
-0.178824
-0.169578
-0.158703
-0.146396
-0.132909
-0.118541
-0.103618
-0.0884853
-0.0734914
-0.0589763
-0.0452603
-0.0326344
-0.0213539
-0.0116324
-0.00363909
0.00250433
0.00672464
0.0089961
0.00934213
0.00783243
0.00458051
-0.000272484
-0.00655774
-0.01408
-0.022627
-0.031975
-0.041893
-0.0521479
-0.06251
-0.0727563
-0.0826715
-0.0920618
-0.100758
-0.108605
-0.115474
-0.121261
-0.125883
-0.12928
-0.131411
-0.132256
-0.131814
-0.1301
-0.127146
-0.122991
-0.117665
-0.111163
-0.103404
-0.0941719
-0.0830486
-0.0693613
-0.0522084
-0.030648
-0.00412397
0.0265828
0.0581464
0.0846214
0.0971385
0.0839542
0.0380176
-0.0478444
-0.175765
-0.330792
-0.491806
-0.642919
-0.775182
-0.884239
-0.968538
-1.0281
-1.06342
-1.07483
-1.06262
-1.02795
-0.971356
-0.895642
-0.802972
-0.696195
-0.579021
-0.456186
-0.333135
-0.21522
-0.106831
-0.0108426
0.0714857
0.140252
0.196484
0.241714
0.277638
0.305891
0.327938
0.345016
0.358147
0.36815
0.375678
0.381246
0.385258
0.388032
0.389815
0.3908
0.391136
0.390937
0.390288
0.389248
0.387855
0.38613
0.384067
0.381644
0.378823
0.375561
0.37182
0.367584
0.362872
0.357763
0.352409
0.347046
0.341995
0.337642
0.334416
0.332756
0.333075
0.335713
0.340889
0.34864
0.358719
0.370645
0.383662
0.396673
0.408222
0.416739
0.421051
0.42094
0.416766
0.408321
0.39473
0.374304
0.345641
0.308457
0.263811
0.213546
0.159483
0.103187
0.0457815
-0.0117748
-0.0684545
-0.123093
-0.174698
-0.221919
-0.263911
-0.299853
-0.329117
-0.351239
-0.365877
-0.372866
-0.372332
-0.364215
-0.348656
-0.32611
-0.297164
-0.262545
-0.223115
-0.179784
-0.133592
-0.0855748
-0.0367494
0.0119376
0.0596631
0.105705
0.149621
0.1907
-0.172891
-0.177079
-0.181029
-0.184631
-0.187714
-0.190085
-0.191552
-0.191921
-0.191012
-0.188673
-0.18479
-0.179306
-0.172218
-0.163587
-0.153531
-0.14222
-0.129875
-0.116751
-0.103134
-0.0893205
-0.0756162
-0.0623182
-0.0497076
-0.0380415
-0.0275464
-0.0184132
-0.0107939
-0.00479926
-0.000496696
0.00208934
0.00297726
0.00222829
-5.90058e-05
-0.00375795
-0.00872032
-0.0147746
-0.0217341
-0.0294023
-0.0375756
-0.0460486
-0.0546187
-0.0630862
-0.0712635
-0.0789843
-0.0860963
-0.0924655
-0.0979813
-0.102553
-0.10611
-0.108597
-0.109978
-0.110236
-0.109367
-0.107391
-0.104337
-0.100244
-0.0951392
-0.0890095
-0.081757
-0.0731337
-0.0626527
-0.0495001
-0.0325187
-0.01034
0.0180924
0.0522158
0.0887059
0.121436
0.139735
0.130028
0.0841751
-0.0089553
-0.148518
-0.314587
-0.483192
-0.638864
-0.774024
-0.885092
-0.970867
-1.03164
-1.06809
-1.08057
-1.06935
-1.03546
-0.978969
-0.902592
-0.808666
-0.70029
-0.581396
-0.456876
-0.332233
-0.212826
-0.103049
-0.0057994
0.0776205
0.147263
0.204127
0.249738
0.285807
0.314006
0.335838
0.352587
0.365313
0.374871
0.381941
0.387058
0.390643
0.393023
0.394452
0.395128
0.395202
0.394788
0.393971
0.39281
0.39134
0.389572
0.387489
0.385047
0.382186
0.378833
0.374918
0.370391
0.365251
0.359568
0.353507
0.347329
0.341391
0.336119
0.331981
0.329451
0.328968
0.3309
0.335489
0.342751
0.352471
0.364204
0.377152
0.39009
0.401417
0.409486
0.413243
0.412758
0.408874
0.401855
0.390914
0.374126
0.349569
0.316385
0.275246
0.22787
0.176121
0.121757
0.0659782
0.00973176
-0.0459616
-0.0999744
-0.151168
-0.198319
-0.240455
-0.276714
-0.306417
-0.32905
-0.344231
-0.351761
-0.351744
-0.344183
-0.329207
-0.307279
-0.278991
-0.245065
-0.206371
-0.163853
-0.118535
-0.0714396
-0.0235382
0.0242625
0.0711663
0.116477
0.15976
0.200334
-0.170875
-0.174587
-0.178006
-0.181037
-0.18353
-0.185325
-0.186261
-0.186184
-0.184947
-0.182426
-0.178534
-0.173228
-0.166512
-0.158442
-0.149122
-0.138702
-0.12737
-0.11535
-0.102885
-0.0902367
-0.0776686
-0.0654403
-0.0537985
-0.0429693
-0.0331534
-0.024521
-0.0172089
-0.0113176
-0.00690922
-0.00400726
-0.00259763
-0.00262605
-0.00400757
-0.00662908
-0.010361
-0.0150535
-0.0205432
-0.0266578
-0.0332181
-0.0400434
-0.0469526
-0.0537702
-0.0603361
-0.0665024
-0.0721362
-0.0771243
-0.0813724
-0.0848033
-0.0873559
-0.0889836
-0.0896537
-0.0893484
-0.0880651
-0.0858165
-0.082628
-0.0785316
-0.0735553
-0.0677056
-0.0609367
-0.0530881
-0.0437636
-0.0321646
-0.0169371
0.00381615
0.0318241
0.0671031
0.107007
0.145044
0.168217
0.162525
0.117481
0.0204565
-0.125045
-0.296181
-0.467544
-0.624723
-0.76123
-0.873731
-0.96092
-1.02299
-1.06052
-1.07383
-1.06342
-1.03028
-0.974033
-0.897303
-0.802628
-0.693335
-0.5736
-0.448485
-0.323502
-0.203927
-0.0940588
0.00327212
0.0867773
0.156483
0.213348
0.258868
0.294738
0.322633
0.344073
0.360365
0.372593
0.381637
0.388196
0.392823
0.395948
0.397908
0.398963
0.399312
0.39911
0.398473
0.397485
0.396205
0.394668
0.392872
0.390784
0.388341
0.385452
0.382013
0.377918
0.373092
0.367521
0.361276
0.354534
0.347585
0.340817
0.334692
0.329713
0.326378
0.325149
0.326414
0.330418
0.337193
0.346592
0.358146
0.370982
0.383748
0.394699
0.402141
0.405166
0.404164
0.400389
0.394669
0.386349
0.37339
0.353365
0.324745
0.287662
0.243564
0.194318
0.141955
0.0878321
0.032928
-0.0217266
-0.0750212
-0.12579
-0.172847
-0.215139
-0.251754
-0.281947
-0.305153
-0.320948
-0.329102
-0.329692
-0.322785
-0.308509
-0.287325
-0.259836
-0.226776
-0.189
-0.147441
-0.103092
-0.0569828
-0.0100827
0.0367293
0.0826962
0.127162
0.169698
0.20966
-0.168968
-0.17226
-0.175217
-0.177755
-0.179745
-0.181052
-0.181549
-0.181107
-0.179609
-0.176957
-0.173084
-0.16796
-0.161594
-0.154037
-0.145382
-0.135758
-0.12533
-0.114289
-0.102847
-0.0912287
-0.0796633
-0.0683763
-0.057583
-0.047482
-0.0382505
-0.0300403
-0.0229743
-0.0171442
-0.0126074
-0.00938645
-0.00746996
-0.00681297
-0.00733913
-0.0089496
-0.0115317
-0.0149555
-0.019079
-0.0237517
-0.0288162
-0.0341112
-0.0394763
-0.0447608
-0.0498243
-0.0545371
-0.0587872
-0.0624799
-0.065537
-0.0678948
-0.0695022
-0.070318
-0.0703102
-0.0694557
-0.0677419
-0.0651678
-0.0617471
-0.0575127
-0.0525248
-0.0468803
-0.0407046
-0.0340805
-0.0268601
-0.0183562
-0.00698121
0.00981747
0.034589
0.0684077
0.109734
0.150833
0.176889
0.17536
0.132953
0.0387478
-0.104473
-0.273758
-0.443177
-0.599143
-0.735639
-0.849135
-0.937885
-1.00164
-1.04064
-1.05506
-1.04563
-1.01334
-0.957568
-0.880811
-0.785875
-0.676334
-0.556621
-0.431969
-0.307841
-0.18935
-0.0806078
0.0157091
0.0983726
0.167396
0.223692
0.268697
0.304066
0.331446
0.35235
0.368087
0.379754
0.388242
0.394263
0.39838
0.401032
0.402562
0.403234
0.403251
0.402769
0.401905
0.400749
0.399361
0.397766
0.395953
0.393871
0.391433
0.38852
0.384996
0.380731
0.375632
0.369675
0.362934
0.355599
0.347983
0.340501
0.333647
0.32795
0.323932
0.322077
0.322788
0.326304
0.332721
0.341899
0.353333
0.366065
0.378609
0.389097
0.395814
0.398013
0.396389
0.392584
0.387833
0.381792
0.372486
0.357107
0.333442
0.300908
0.260484
0.213888
0.163592
0.111117
0.0575341
0.00387183
-0.0487552
-0.0991666
-0.14617
-0.188665
-0.225684
-0.256425
-0.280265
-0.296747
-0.305609
-0.306898
-0.300738
-0.287257
-0.266919
-0.240332
-0.208234
-0.171475
-0.130977
-0.0877149
-0.0426804
0.00318024
0.0489756
0.0939683
0.13751
0.179217
0.218482
-0.167166
-0.170085
-0.17264
-0.174751
-0.176305
-0.177199
-0.177331
-0.176597
-0.174898
-0.172159
-0.16833
-0.163391
-0.157355
-0.15027
-0.142217
-0.133311
-0.123693
-0.113527
-0.102995
-0.0922918
-0.0816137
-0.071156
-0.0611058
-0.0516367
-0.0429049
-0.0350457
-0.0281701
-0.0223619
-0.0176745
-0.0141296
-0.0117187
-0.0104025
-0.0101144
-0.010769
-0.0122694
-0.0145044
-0.017352
-0.0206815
-0.0243528
-0.0282219
-0.0321491
-0.0360031
-0.03966
-0.0430102
-0.0459606
-0.0484344
-0.0503691
-0.051713
-0.0524219
-0.0524547
-0.0517726
-0.0503396
-0.0481277
-0.0451256
-0.0413534
-0.0368844
-0.0318744
-0.0265918
-0.0214155
-0.0167365
-0.0126945
-0.00871372
-0.00293581
0.0078502
0.0271375
0.0574816
0.0980419
0.138988
0.164606
0.165334
0.129069
0.0463803
-0.0853994
-0.245684
-0.408831
-0.561316
-0.6968
-0.811204
-0.902031
-0.968284
-1.00968
-1.026
-1.01807
-0.986612
-0.93139
-0.85489
-0.760167
-0.651042
-0.532161
-0.40886
-0.286623
-0.170327
-0.0637729
0.0305862
0.111619
0.179333
0.234583
0.27873
0.313357
0.340064
0.360332
0.375456
0.38653
0.394449
0.399929
0.40354
0.405727
0.406834
0.40713
0.406819
0.406058
0.404974
0.403659
0.402169
0.40052
0.398688
0.396607
0.394168
0.39123
0.387634
0.383232
0.377918
0.37166
0.364534
0.35674
0.348606
0.340572
0.333156
0.326911
0.322383
0.320077
0.320406
0.323634
0.32989
0.339004
0.350429
0.363104
0.375411
0.385399
0.391392
0.392798
0.39055
0.386604
0.382373
0.378009
0.37178
0.360756
0.342149
0.314559
0.278197
0.234594
0.186498
0.135622
0.0832131
0.0303858
-0.0217193
-0.0719066
-0.118966
-0.161755
-0.199258
-0.230619
-0.255162
-0.272399
-0.282046
-0.284119
-0.278777
-0.266162
-0.246737
-0.221115
-0.190035
-0.154341
-0.114947
-0.0728084
-0.0288905
0.0158842
0.0606529
0.104672
0.14728
0.188119
0.226612
-0.165568
-0.168161
-0.170376
-0.172115
-0.173279
-0.173804
-0.173618
-0.172636
-0.170776
-0.167979
-0.164208
-0.159452
-0.153726
-0.147075
-0.139571
-0.131312
-0.122422
-0.11304
-0.103322
-0.0934333
-0.083543
-0.0738181
-0.0644198
-0.055499
-0.0471929
-0.0396218
-0.0328864
-0.027064
-0.0222048
-0.0183299
-0.0154338
-0.0134822
-0.012415
-0.01216
-0.0126359
-0.0137494
-0.0153987
-0.0174704
-0.019838
-0.0223736
-0.0249546
-0.0274641
-0.0297955
-0.0318573
-0.033574
-0.0348848
-0.0357403
-0.0360977
-0.0359152
-0.035149
-0.0337538
-0.0316894
-0.0289329
-0.0254979
-0.0214574
-0.016969
-0.012304
-0.00787855
-0.00425743
-0.00205807
-0.00165929
-0.00262369
-0.00296838
0.00101193
0.0139183
0.0399103
0.0765188
0.115125
0.136721
0.135795
0.108699
0.0451696
-0.0671244
-0.211449
-0.36477
-0.512057
-0.645648
-0.760725
-0.853937
-0.923289
-0.967701
-0.986456
-0.980373
-0.950239
-0.896206
-0.820773
-0.727207
-0.619533
-0.50252
-0.381485
-0.261894
-0.148518
-0.0448927
0.0467729
0.125579
0.191514
0.245372
0.288414
0.322138
0.348074
0.367654
0.382148
0.392633
0.399999
0.404964
0.408096
0.409842
0.410551
0.410491
0.409866
0.408843
0.407552
0.406086
0.40449
0.402776
0.40091
0.398814
0.396365
0.393407
0.389764
0.385275
0.379823
0.373374
0.366003
0.357917
0.349454
0.341066
0.333293
0.32671
0.321887
0.319354
0.31953
0.322716
0.329027
0.33826
0.34979
0.362438
0.374487
0.383967
0.389303
0.390061
0.387304
0.383084
0.379
0.375601
0.371558
0.364161
0.350335
0.327909
0.295914
0.255957
0.210312
0.161014
0.109611
0.0573905
0.00557772
-0.0445942
-0.0918858
-0.135113
-0.173214
-0.205286
-0.230612
-0.248675
-0.259168
-0.262088
-0.257609
-0.245897
-0.227417
-0.202783
-0.172734
-0.138108
-0.0998111
-0.0587837
-0.015968
0.0277323
0.0714798
0.114532
0.156243
0.196216
0.233876
-0.163983
-0.166305
-0.168254
-0.169698
-0.170549
-0.170775
-0.170329
-0.169141
-0.16715
-0.164315
-0.160612
-0.156034
-0.1506
-0.144349
-0.137346
-0.129678
-0.121449
-0.112778
-0.103797
-0.0946464
-0.0854671
-0.0764007
-0.0675839
-0.0591455
-0.0512048
-0.0438684
-0.0372281
-0.0313558
-0.0262991
-0.0220788
-0.0186923
-0.016111
-0.0142837
-0.013151
-0.0126452
-0.0126896
-0.0132046
-0.0140896
-0.0152281
-0.0165069
-0.0178154
-0.0190489
-0.0201146
-0.0209359
-0.0214525
-0.0216191
-0.0214005
-0.0207673
-0.0196902
-0.0181397
-0.0160893
-0.0135264
-0.0104689
-0.00698431
-0.00320591
0.000659328
0.00431891
0.00735955
0.00920356
0.00913594
0.00655436
0.00160876
-0.00390972
-0.00598351
0.00109598
0.0213158
0.0544724
0.0875752
0.102715
0.09803
0.0799649
0.0377815
-0.0474029
-0.170644
-0.310953
-0.451539
-0.582788
-0.698709
-0.794873
-0.868137
-0.916406
-0.938417
-0.934833
-0.906646
-0.854449
-0.78083
-0.689255
-0.583947
-0.469776
-0.351996
-0.235837
-0.125878
-0.0255954
0.0630354
0.139244
0.203114
0.255379
0.297184
0.329929
0.355062
0.373955
0.38784
0.397774
0.404634
0.409132
0.411835
0.413187
0.413538
0.413155
0.412247
0.410989
0.409511
0.407892
0.406181
0.404386
0.402471
0.400349
0.397888
0.394917
0.391253
0.386727
0.381223
0.374705
0.36725
0.359061
0.350478
0.341961
0.334063
0.327383
0.322509
0.319984
0.320257
0.323636
0.330198
0.339684
0.351366
0.363957
0.375684
0.384637
0.389397
0.389688
0.386599
0.382088
0.377936
0.374819
0.371925
0.367052
0.357259
0.339822
0.312827
0.277165
0.234397
0.18682
0.136317
0.0844635
0.032661
-0.0177676
-0.0655284
-0.109389
-0.148239
-0.181136
-0.207332
-0.226288
-0.237679
-0.241493
-0.237882
-0.227078
-0.209537
-0.185873
-0.156827
-0.12323
-0.0859816
-0.0460086
-0.00423713
0.0384459
0.081221
0.123348
0.164209
0.203333
0.240118
-0.162763
-0.164814
-0.166467
-0.167575
-0.168125
-0.168113
-0.167472
-0.16613
-0.164043
-0.16119
-0.157558
-0.153148
-0.147979
-0.142093
-0.135548
-0.12842
-0.120798
-0.112783
-0.104485
-0.0960183
-0.087498
-0.0790393
-0.0707538
-0.0627485
-0.0551247
-0.0479768
-0.0413899
-0.0354327
-0.0301509
-0.0255662
-0.0216748
-0.0184502
-0.0158572
-0.013854
-0.0123819
-0.0113819
-0.0107917
-0.0105252
-0.0104814
-0.0105483
-0.0106234
-0.0106141
-0.0104416
-0.0100465
-0.00939023
-0.00845413
-0.00723453
-0.00573684
-0.00396923
-0.00193939
0.000343197
0.00285788
0.00555821
0.00835802
0.0111285
0.0137094
0.0159107
0.0174664
0.0179239
0.0165401
0.0124387
0.00532704
-0.0033312
-0.00929467
-0.00616699
0.0105014
0.0396417
0.0663367
0.073782
0.0654833
0.0535116
0.0304946
-0.0247692
-0.122803
-0.248114
-0.381795
-0.511175
-0.628542
-0.72832
-0.806265
-0.859269
-0.885487
-0.885271
-0.859789
-0.810084
-0.738923
-0.649975
-0.547642
-0.436868
-0.322827
-0.210526
-0.104281
-0.00739306
0.0781303
0.151628
0.213334
0.263965
0.304514
0.33629
0.360654
0.378909
0.392245
0.401696
0.408124
0.412229
0.414572
0.415596
0.415647
0.414997
0.413863
0.41241
0.410758
0.408997
0.407178
0.405308
0.403345
0.401195
0.398715
0.395731
0.392062
0.387544
0.382066
0.375595
0.368203
0.360091
0.351595
0.343174
0.335388
0.328845
0.324151
0.321869
0.322443
0.326186
0.333118
0.342893
0.354678
0.367103
0.378397
0.386773
0.391015
0.390994
0.387762
0.383104
0.378744
0.375404
0.372719
0.369084
0.36209
0.349059
0.327401
0.296885
0.25789
0.212501
0.162956
0.111245
0.0591141
0.00808392
-0.0404447
-0.0851774
-0.124957
-0.158809
-0.185961
-0.205865
-0.218186
-0.222856
-0.220159
-0.210244
-0.1936
-0.170854
-0.142744
-0.1101
-0.0738126
-0.0348008
0.00602217
0.0477818
0.0896674
0.130951
0.171037
0.209334
0.245303
-0.161572
-0.163697
-0.165149
-0.165812
-0.165944
-0.16563
-0.164771
-0.163272
-0.161097
-0.158238
-0.154686
-0.150446
-0.145542
-0.140014
-0.133917
-0.127315
-0.120283
-0.112904
-0.105264
-0.0974517
-0.0895554
-0.0816635
-0.073863
-0.0662401
-0.05888
-0.051867
-0.0452838
-0.0392014
-0.0336662
-0.0286997
-0.024297
-0.0204401
-0.0171086
-0.0142685
-0.0118705
-0.00986533
-0.00820816
-0.00684683
-0.00569583
-0.00464195
-0.00358522
-0.00244571
-0.0011655
0.000285625
0.00190851
0.00367835
0.00555288
0.00748322
0.00942484
0.0113448
0.0132225
0.015042
0.0167783
0.018384
0.0197933
0.020949
0.0218149
0.0223026
0.0220809
0.0203734
0.0160846
0.00861527
-0.000743311
-0.00769173
-0.00548307
0.0100559
0.036463
0.0579119
0.0593438
0.0477274
0.0379199
0.0279191
-0.00158729
-0.0701835
-0.176908
-0.303648
-0.433191
-0.554228
-0.659222
-0.742912
-0.801486
-0.832681
-0.836548
-0.814332
-0.767583
-0.699277
-0.613275
-0.514137
-0.406863
-0.296556
-0.188028
-0.085391
0.00824335
0.0909473
0.161979
0.2215
0.270599
0.309976
0.34088
0.364569
0.382279
0.395162
0.404225
0.410316
0.414122
0.4162
0.416986
0.416827
0.415996
0.4147
0.413106
0.411338
0.409486
0.407599
0.405677
0.403671
0.401482
0.398968
0.395962
0.392292
0.387807
0.382402
0.37605
0.368824
0.360921
0.352668
0.344522
0.337041
0.330826
0.326478
0.324612
0.325628
0.329809
0.337116
0.347114
0.358874
0.370979
0.381711
0.389455
0.393212
0.392979
0.389742
0.385069
0.380461
0.376676
0.373584
0.370043
0.3643
0.354177
0.337299
0.312276
0.27861
0.236776
0.188914
0.13745
0.0847193
0.0326692
-0.0170427
-0.0629849
-0.103938
-0.138901
-0.167099
-0.18799
-0.201257
-0.206842
-0.204984
-0.195883
-0.180061
-0.158146
-0.130873
-0.0990702
-0.0636235
-0.0254454
0.014559
0.0555224
0.0966372
0.137196
0.176608
0.214151
0.249376
-0.159725
-0.162361
-0.16408
-0.164601
-0.164444
-0.163829
-0.162699
-0.160989
-0.158685
-0.155782
-0.152279
-0.148185
-0.143523
-0.138328
-0.132644
-0.126523
-0.120023
-0.113203
-0.106129
-0.0988635
-0.091474
-0.0840275
-0.0765932
-0.0692432
-0.0620545
-0.0551081
-0.0484897
-0.0422757
-0.0365109
-0.031204
-0.0263556
-0.0219657
-0.018017
-0.0144711
-0.0112985
-0.00847862
-0.00597497
-0.0037376
-0.00168798
0.000254799
0.00217257
0.00412717
0.0061518
0.00824817
0.0103861
0.0125091
0.0145445
0.0164186
0.018072
0.0194735
0.0206248
0.0215552
0.0222999
0.0228722
0.0232581
0.0234586
0.0235306
0.0234904
0.0230446
0.021417
0.0175946
0.0110837
0.0031769
-0.00230112
0.00186307
0.0182064
0.0430414
0.0611782
0.0598765
0.0462643
0.0353539
0.0285472
0.0128624
-0.0280712
-0.108131
-0.221334
-0.349868
-0.477273
-0.590924
-0.68285
-0.748389
-0.785264
-0.793575
-0.774659
-0.730932
-0.665504
-0.582376
-0.486244
-0.382163
-0.275182
-0.169978
-0.0704922
0.0203124
0.100583
0.169553
0.227367
0.274953
0.313307
0.343514
0.366677
0.38398
0.396538
0.405342
0.411223
0.414861
0.416801
0.417474
0.417219
0.416305
0.41495
0.413304
0.411497
0.409613
0.407694
0.405735
0.403685
0.401444
0.398877
0.395827
0.392137
0.387673
0.382344
0.376132
0.36911
0.361471
0.353535
0.345748
0.338656
0.332859
0.328941
0.327553
0.329023
0.333604
0.3412
0.35129
0.362878
0.374535
0.384638
0.391758
0.395095
0.394731
0.391563
0.386931
0.382124
0.377903
0.374193
0.370048
0.36421
0.355071
0.340897
0.320017
0.291561
0.254969
0.210737
0.160928
0.108384
0.0555242
0.0044629
-0.0430125
-0.0854677
-0.121803
-0.151219
-0.173185
-0.187419
-0.193883
-0.192822
-0.184393
-0.169275
-0.148068
-0.121495
-0.090386
-0.055628
-0.0181296
0.0212097
0.061524
0.102009
0.14198
0.180827
0.217777
0.252395
-0.158326
-0.160047
-0.161405
-0.162018
-0.162055
-0.161536
-0.160441
-0.158779
-0.156556
-0.153769
-0.150418
-0.146516
-0.142087
-0.137164
-0.131784
-0.12599
-0.119827
-0.113344
-0.10659
-0.0996201
-0.0924873
-0.0852502
-0.0779712
-0.0707183
-0.063565
-0.0565956
-0.0499197
-0.0436251
-0.0377572
-0.0323224
-0.0272933
-0.0226543
-0.0183944
-0.0144754
-0.0108562
-0.00756991
-0.0046795
-0.00210891
0.000282051
0.00258834
0.00488433
0.00722051
0.00961236
0.0120344
0.0144219
0.0166802
0.0187023
0.0203932
0.021695
0.022605
0.0231782
0.0235114
0.0237054
0.0238164
0.023835
0.0237318
0.0235219
0.0232077
0.0225624
0.0209838
0.0177143
0.0125626
0.0070393
0.00520492
0.0113349
0.0287695
0.0522969
0.0681204
0.0661754
0.0524179
0.0392962
0.0296915
0.0150832
-0.0160544
-0.073707
-0.16272
-0.277607
-0.40461
-0.525706
-0.627327
-0.701697
-0.745545
-0.758727
-0.743866
-0.703363
-0.640785
-0.560266
-0.466681
-0.365163
-0.26075
-0.158042
-0.0608852
0.0278566
0.106387
0.173936
0.230614
0.277191
0.314625
0.344394
0.367208
0.384271
0.396659
0.405351
0.411165
0.414769
0.416698
0.417374
0.417134
0.416239
0.4149
0.413276
0.411485
0.409604
0.407672
0.405682
0.40358
0.401274
0.398635
0.395519
0.391786
0.387316
0.382034
0.375929
0.369081
0.36168
0.354038
0.346585
0.339858
0.334466
0.33104
0.329965
0.331764
0.336612
0.344344
0.354379
0.365679
0.37684
0.386348
0.392943
0.39598
0.395587
0.392553
0.388023
0.383103
0.378453
0.37402
0.369163
0.362691
0.353364
0.339885
0.320811
0.294783
0.261367
0.220866
0.17453
0.124424
0.072702
0.0216569
-0.0265429
-0.0701097
-0.107686
-0.138318
-0.161398
-0.176621
-0.18394
-0.183523
-0.17588
-0.161445
-0.140881
-0.11491
-0.0843733
-0.0501666
-0.0131978
0.0256355
0.0654636
0.105488
0.145031
0.183467
0.220152
0.254538
-0.163999
-0.163587
-0.162441
-0.16188
-0.161419
-0.16057
-0.159233
-0.157431
-0.155155
-0.152375
-0.149074
-0.145259
-0.140946
-0.136161
-0.130934
-0.125301
-0.119302
-0.112979
-0.106377
-0.0995463
-0.0925371
-0.0854052
-0.0782114
-0.0710212
-0.0639046
-0.0569426
-0.0502224
-0.0438682
-0.0379669
-0.0324992
-0.0274371
-0.0227595
-0.0184477
-0.0144637
-0.0107595
-0.00729571
-0.00409639
-0.00122002
0.00140478
0.00391347
0.00638628
0.0088637
0.0113505
0.0138099
0.0161682
0.0183275
0.0201849
0.0216569
0.0227016
0.0233338
0.0236271
0.0236966
0.0236621
0.0236011
0.0235236
0.0234017
0.0232124
0.0228894
0.0221669
0.0205099
0.0173832
0.0129161
0.0088439
0.00883324
0.0168594
0.0346348
0.0568554
0.0709441
0.0686535
0.0556535
0.0423355
0.0306709
0.012841
-0.0208126
-0.0751894
-0.153928
-0.254534
-0.371727
-0.488599
-0.590669
-0.668567
-0.71772
-0.737033
-0.727456
-0.690574
-0.630184
-0.551315
-0.459134
-0.358879
-0.255623
-0.153967
-0.0577423
0.0302082
0.108104
0.175159
0.231458
0.277713
0.314879
0.344263
0.366923
0.383911
0.396241
0.40492
0.410759
0.414412
0.416404
0.417148
0.416972
0.416136
0.414844
0.41326
0.411489
0.409617
0.407682
0.405676
0.403549
0.401206
0.398525
0.395365
0.391592
0.387093
0.3818
0.375714
0.368924
0.361625
0.354133
0.346873
0.34037
0.335209
0.331967
0.331115
0.333064
0.337978
0.345669
0.355532
0.36653
0.377301
0.386414
0.392715
0.395632
0.3953
0.392447
0.38811
0.383296
0.378633
0.374129
0.369203
0.362682
0.353185
0.339212
0.319439
0.292994
0.259844
0.220456
0.17602
0.127918
0.0779116
0.0280689
-0.0193849
-0.0625974
-0.100132
-0.130958
-0.154418
-0.170172
-0.17817
-0.178582
-0.171816
-0.158072
-0.137974
-0.112386
-0.0821841
-0.048273
-0.0115629
0.0270458
0.066678
0.10654
0.145941
0.184255
0.22114
0.255826
0.293736
0.292765
0.287738
0.278978
0.264389
0.241828
0.210222
0.171908
0.132003
0.0980359
0.0763019
0.0709616
0.0840318
0.112008
0.148863
0.186946
0.219201
0.240907
0.249646
0.244907
0.227436
0.197196
0.157335
0.0973139
0.0620636
0.293082
0.29245
0.287476
0.278176
0.263425
0.240591
0.208592
0.169825
0.129616
0.0957116
0.0744873
0.0702123
0.0838417
0.112142
0.149238
0.187486
0.219939
0.241747
0.250528
0.245791
0.228267
0.19804
0.15784
0.0988178
0.0485982
0.291637
0.291853
0.287566
0.27854
0.263451
0.239663
0.206277
0.166383
0.125708
0.0920519
0.0715062
0.0679036
0.0824525
0.11136
0.148822
0.187298
0.219838
0.24162
0.250329
0.24551
0.227915
0.197649
0.157345
0.0982994
0.0475283
0.290395
0.291671
0.28826
0.279437
0.26363
0.238251
0.20298
0.161822
0.121026
0.087747
0.0678935
0.0649644
0.0804219
0.109934
0.14788
0.186584
0.219139
0.240823
0.249414
0.24451
0.226885
0.196638
0.156357
0.0974397
0.0474066
0.2897
0.291951
0.289585
0.280683
0.263598
0.236181
0.199045
0.156866
0.11602
0.0831573
0.0639438
0.0617994
0.0778608
0.108111
0.146531
0.185436
0.217992
0.23958
0.248072
0.243117
0.225509
0.195336
0.155174
0.0964568
0.0473795
0.289564
0.292418
0.290759
0.281759
0.263188
0.233721
0.194949
0.15195
0.111055
0.0785548
0.0599433
0.0585087
0.0751927
0.106106
0.144924
0.18397
0.216483
0.237953
0.246345
0.241355
0.223794
0.19373
0.153756
0.0952767
0.0472597
0.289657
0.292647
0.291303
0.282062
0.26215
0.230961
0.190905
0.147322
0.106437
0.074286
0.0562335
0.0554297
0.0726775
0.10412
0.143212
0.182294
0.214692
0.236006
0.244292
0.239284
0.221803
0.191889
0.152165
0.0939806
0.0470366
0.289397
0.292143
0.290663
0.281079
0.260213
0.227862
0.187024
0.14318
0.102441
0.0706736
0.0531396
0.0528709
0.0705622
0.102351
0.141542
0.180515
0.212694
0.233797
0.241959
0.236944
0.219574
0.189851
0.150435
0.0926196
0.0467178
0.288115
0.290399
0.288486
0.278561
0.257231
0.224411
0.183393
0.139681
0.0992906
0.0679843
0.0509429
0.0511048
0.0690746
0.100986
0.140056
0.178737
0.210571
0.231387
0.239395
0.234375
0.217139
0.187646
0.148588
0.0912155
0.0463205
0.285252
0.28707
0.284705
0.274548
0.253225
0.220638
0.180076
0.136942
0.0971622
0.0664379
0.049881
0.0503624
0.0684106
0.100185
0.138882
0.17706
0.208397
0.228836
0.236649
0.231618
0.214532
0.1853
0.146645
0.0897807
0.0458576
0.280618
0.282139
0.279475
0.269277
0.248361
0.216622
0.177129
0.135052
0.0961937
0.0662059
0.0501389
0.050823
0.0687259
0.100081
0.138128
0.175574
0.206248
0.226206
0.233771
0.228714
0.211787
0.182841
0.144623
0.0883265
0.0453401
0.274397
0.275847
0.273102
0.263103
0.242932
0.212519
0.17463
0.134077
0.0964747
0.0673996
0.0518392
0.0526078
0.0701305
0.100774
0.137883
0.174354
0.204189
0.223554
0.230811
0.225704
0.208935
0.180295
0.142543
0.0868634
0.0447782
0.266996
0.268589
0.265991
0.256444
0.237309
0.208566
0.17269
0.134069
0.0980445
0.070066
0.0550384
0.0557768
0.0726857
0.102326
0.138211
0.173463
0.202278
0.220933
0.227815
0.222627
0.20601
0.177687
0.140421
0.0854009
0.0441812
0.258872
0.260804
0.258568
0.249718
0.231881
0.205046
0.171459
0.135077
0.100904
0.0741926
0.0597278
0.0603301
0.0764055
0.104766
0.139152
0.172949
0.200566
0.218391
0.224825
0.219519
0.203042
0.175042
0.138274
0.0839476
0.0435572
0.250408
0.252871
0.251218
0.243298
0.226992
0.202247
0.171107
0.13716
0.105033
0.0797232
0.0658449
0.066216
0.0812615
0.108092
0.140724
0.172843
0.199091
0.215968
0.221881
0.216415
0.200057
0.172381
0.136119
0.0825113
0.0429129
0.241872
0.24507
0.244233
0.237476
0.222913
0.200409
0.171808
0.140386
0.110411
0.0865802
0.073294
0.0733477
0.0871945
0.112274
0.142926
0.173164
0.197882
0.213698
0.219015
0.213345
0.197083
0.169725
0.133969
0.0810992
0.0422538
0.233421
0.237584
0.237812
0.232447
0.219821
0.199697
0.173694
0.144822
0.117023
0.0946852
0.0819693
0.0816227
0.0941271
0.117265
0.14574
0.173916
0.196961
0.21161
0.216258
0.210335
0.19414
0.16709
0.131838
0.0797176
0.0415837
0.225143
0.230526
0.232071
0.22832
0.217805
0.200187
0.176836
0.150505
0.124851
0.103967
0.0917679
0.0909336
0.101971
0.123006
0.149134
0.175094
0.196338
0.209724
0.213633
0.207409
0.19125
0.164493
0.129736
0.0783726
0.040905
0.217085
0.223962
0.227074
0.225137
0.216877
0.201872
0.181226
0.157422
0.133854
0.11435
0.102588
0.10117
0.110633
0.129425
0.153066
0.176682
0.196018
0.208056
0.21116
0.204586
0.188429
0.161948
0.127674
0.0770695
0.0402186
0.209277
0.217932
0.222848
0.2229
0.217002
0.204683
0.186782
0.165494
0.143952
0.125738
0.114318
0.112216
0.120007
0.136441
0.157483
0.178655
0.195998
0.206615
0.208854
0.201882
0.185691
0.159466
0.125661
0.0758134
0.039524
0.201753
0.212466
0.219406
0.221589
0.218121
0.208514
0.19337
0.17458
0.155006
0.137997
0.126823
0.123939
0.129977
0.143963
0.162325
0.180983
0.196268
0.205405
0.206724
0.199308
0.183049
0.157058
0.123703
0.0746088
0.0388198
0.194554
0.207589
0.216752
0.221183
0.220171
0.213251
0.20083
0.184499
0.166836
0.150951
0.139939
0.13618
0.14041
0.151888
0.167525
0.18363
0.196816
0.204426
0.204778
0.196874
0.180512
0.15473
0.121807
0.0734602
0.0381037
0.187736
0.203327
0.214888
0.22166
0.223097
0.218791
0.209003
0.195056
0.179232
0.164398
0.153475
0.148777
0.151163
0.160111
0.173014
0.186556
0.197622
0.203673
0.203018
0.194586
0.178085
0.15249
0.119978
0.0723714
0.0373733
0.181368
0.199717
0.213819
0.222999
0.226853
0.225046
0.217753
0.206067
0.191986
0.178127
0.167233
0.161558
0.162093
0.168528
0.178722
0.189722
0.198667
0.203139
0.201442
0.192446
0.175775
0.150342
0.118221
0.0713461
0.0366263
0.17553
0.196801
0.213554
0.225186
0.231406
0.231957
0.226979
0.217386
0.204918
0.191943
0.181028
0.174365
0.17307
0.177047
0.184588
0.193088
0.19993
0.202813
0.20005
0.190457
0.173583
0.148289
0.116538
0.0703876
0.0358609
0.170307
0.194625
0.214105
0.22821
0.236729
0.239483
0.236614
0.228911
0.217894
0.205696
0.194709
0.187063
0.183989
0.185588
0.190557
0.196618
0.201387
0.202682
0.198834
0.188616
0.171511
0.146334
0.114934
0.0695001
0.0350782
0.165795
0.193245
0.215492
0.232066
0.242808
0.247602
0.246623
0.240584
0.23083
0.219282
0.208168
0.199552
0.194763
0.194086
0.19658
0.200277
0.203014
0.202732
0.197786
0.18692
0.16956
0.144478
0.113412
0.0686862
0.034285
0.162273
0.192733
0.217608
0.236496
0.249262
0.255841
0.256455
0.251782
0.24304
0.231981
0.220688
0.211163
0.20481
0.202076
0.202321
0.203852
0.204706
0.202941
0.196946
0.185445
0.167819
0.142808
0.11205
0.0679809
0.0335269
0.159662
0.192965
0.220302
0.241341
0.255941
0.264078
0.26603
0.262468
0.25452
0.243807
0.23229
0.221914
0.21414
0.209547
0.207752
0.207303
0.206418
0.203266
0.196276
0.18416
0.166265
0.141307
0.110827
0.0673826
0.0327918
0.157831
0.193943
0.2237
0.246832
0.263177
0.272742
0.275863
0.273226
0.265906
0.255418
0.243619
0.2324
0.223261
0.2169
0.213154
0.210798
0.208221
0.203704
0.195722
0.182981
0.164803
0.139887
0.109677
0.0668567
0.032048
0.156856
0.19571
0.227812
0.25296
0.270949
0.281807
0.285938
0.284056
0.277204
0.266822
0.254682
0.242621
0.232166
0.224122
0.218511
0.214321
0.210102
0.204246
0.195277
0.181904
0.163431
0.13855
0.108602
0.0664058
0.0313056
0.156792
0.198284
0.232634
0.259699
0.279219
0.291242
0.296234
0.294948
0.288417
0.278028
0.265484
0.252579
0.240852
0.231204
0.223809
0.217857
0.212048
0.20488
0.194934
0.180926
0.162146
0.137294
0.107608
0.0660322
0.030574
0.157683
0.201677
0.238152
0.267023
0.287956
0.301014
0.306726
0.305891
0.299543
0.28904
0.276033
0.262275
0.249316
0.238135
0.229037
0.221393
0.214044
0.205596
0.194685
0.180039
0.160947
0.136122
0.106698
0.065739
0.029862
0.15956
0.205893
0.244352
0.274901
0.297121
0.311085
0.317386
0.316866
0.310578
0.299861
0.286333
0.271715
0.257559
0.24491
0.234184
0.224915
0.21608
0.206383
0.194521
0.179239
0.159831
0.135035
0.105878
0.0655298
0.0291764
0.162441
0.210921
0.251208
0.283295
0.306669
0.321414
0.328179
0.327851
0.321508
0.31049
0.296388
0.280899
0.265577
0.251521
0.239238
0.228412
0.218141
0.207231
0.194435
0.17852
0.158796
0.134034
0.105153
0.0654081
0.0285217
0.166322
0.21674
0.258682
0.292155
0.316548
0.33195
0.339063
0.338817
0.332319
0.320918
0.306196
0.289829
0.27337
0.257962
0.24419
0.23187
0.220216
0.208128
0.194418
0.177877
0.15784
0.133123
0.104527
0.0653773
0.0278991
0.171181
0.22331
0.266723
0.301425
0.326699
0.342639
0.349993
0.349729
0.342987
0.331135
0.315752
0.2985
0.280932
0.264225
0.249029
0.235278
0.222292
0.209064
0.194462
0.177303
0.156961
0.132304
0.104005
0.0654398
0.0273064
0.176973
0.230575
0.275269
0.311037
0.337055
0.353419
0.360916
0.360548
0.353486
0.341124
0.325046
0.306908
0.288258
0.270302
0.253746
0.238624
0.224359
0.210029
0.194558
0.176795
0.15616
0.131582
0.103589
0.0655967
0.0267379
0.183631
0.238462
0.284244
0.320914
0.347542
0.364225
0.371777
0.371228
0.363782
0.350864
0.334067
0.315043
0.29534
0.276185
0.258329
0.241896
0.226404
0.211012
0.194699
0.176348
0.155436
0.130959
0.103282
0.0658473
0.0261855
0.191066
0.246882
0.293562
0.330971
0.358082
0.374986
0.382515
0.381721
0.373841
0.36033
0.342797
0.322895
0.302169
0.281864
0.262767
0.245083
0.228416
0.212003
0.194876
0.175955
0.15479
0.130437
0.103083
0.0661888
0.0256391
0.199166
0.255729
0.303121
0.341114
0.368587
0.385624
0.393064
0.391973
0.383621
0.369492
0.351217
0.330448
0.308733
0.287328
0.26705
0.248173
0.230382
0.21299
0.195079
0.175615
0.154223
0.13002
0.102989
0.0666159
0.0250891
0.207803
0.264885
0.312814
0.351242
0.378969
0.396061
0.403356
0.40193
0.393078
0.37832
0.359302
0.337687
0.315018
0.292563
0.271164
0.251154
0.232293
0.213964
0.195303
0.175323
0.153734
0.129705
0.102996
0.0671205
0.0245276
0.216831
0.27422
0.322523
0.361251
0.389133
0.406217
0.413323
0.411533
0.402168
0.386777
0.367029
0.344592
0.321011
0.297559
0.275099
0.254015
0.234136
0.214915
0.195538
0.175076
0.153326
0.129493
0.103097
0.0676919
0.0239507
0.226089
0.283595
0.332126
0.371033
0.398986
0.416008
0.422894
0.420724
0.410843
0.394828
0.374371
0.351144
0.326696
0.302302
0.278843
0.256745
0.235902
0.215832
0.195778
0.174873
0.152998
0.129378
0.103285
0.0683171
0.0233601
0.235411
0.292868
0.341498
0.380478
0.408434
0.425354
0.432
0.429445
0.419056
0.402438
0.381298
0.357322
0.332056
0.306779
0.282385
0.259335
0.237581
0.216707
0.196017
0.17471
0.152748
0.129354
0.103549
0.0689815
0.0227646
0.244625
0.301893
0.350514
0.38948
0.417386
0.434177
0.440574
0.437641
0.426762
0.409569
0.387786
0.363105
0.337077
0.310979
0.285716
0.261775
0.239163
0.217532
0.19625
0.174586
0.152573
0.129415
0.10388
0.0696701
0.0221805
0.253558
0.310526
0.359051
0.397936
0.425755
0.442404
0.448553
0.445258
0.433919
0.416188
0.393807
0.368476
0.341744
0.314891
0.288826
0.264057
0.240642
0.2183
0.196473
0.174497
0.15247
0.129551
0.104265
0.0703682
0.0216312
0.262045
0.318629
0.366993
0.405749
0.43346
0.449965
0.45588
0.45225
0.440488
0.422267
0.39934
0.373416
0.346047
0.318508
0.291711
0.266176
0.242012
0.219008
0.196682
0.174441
0.152433
0.129751
0.104694
0.0710621
0.0211463
0.269931
0.326074
0.37423
0.412831
0.440429
0.456801
0.462506
0.458575
0.446436
0.427778
0.404366
0.377914
0.349975
0.321822
0.294364
0.268126
0.243268
0.219652
0.196877
0.174418
0.152458
0.130005
0.105154
0.071739
0.0207573
0.277077
0.33274
0.380663
0.419101
0.446597
0.462859
0.468386
0.464198
0.451736
0.432701
0.40887
0.381958
0.353523
0.32483
0.296781
0.269903
0.244409
0.220235
0.197061
0.174428
0.15254
0.130303
0.10563
0.0723849
0.0204937
0.283362
0.33852
0.386202
0.424491
0.451911
0.468096
0.473487
0.469094
0.456368
0.437023
0.412843
0.385545
0.356688
0.327528
0.298955
0.271502
0.245434
0.220762
0.197244
0.174481
0.15268
0.130632
0.106107
0.0729861
0.0203787
0.288693
0.34332
0.390773
0.428944
0.456327
0.472479
0.477783
0.473243
0.46032
0.440736
0.416281
0.38867
0.359466
0.329908
0.300882
0.272922
0.246351
0.221251
0.19745
0.174594
0.152881
0.130981
0.10657
0.0735293
0.0204319
0.292944
0.347059
0.39431
0.432415
0.459813
0.475984
0.481261
0.476639
0.463588
0.443838
0.419181
0.391325
0.361839
0.33196
0.302554
0.274169
0.24718
0.221733
0.197711
0.174787
0.15314
0.131331
0.106996
0.0739952
0.0206604
0.296041
0.349687
0.396763
0.434868
0.462344
0.478592
0.483903
0.479262
0.466148
0.446296
0.421499
0.393469
0.363772
0.333641
0.303934
0.27522
0.247919
0.22222
0.198041
0.175065
0.153446
0.131667
0.107362
0.074357
0.0210176
0.297936
0.35113
0.398065
0.436253
0.463883
0.48028
0.485697
0.48111
0.468001
0.448108
0.423226
0.395077
0.365231
0.334916
0.305
0.276072
0.248573
0.222714
0.198431
0.175411
0.153787
0.131994
0.107685
0.07466
0.0214312
0.298526
0.351324
0.398231
0.436539
0.464324
0.480871
0.486423
0.481956
0.468953
0.449157
0.424339
0.396192
0.366337
0.336013
0.306048
0.277019
0.249389
0.223393
0.198993
0.175885
0.154206
0.132366
0.108099
0.0751926
0.0223025
0.297503
0.350114
0.39717
0.435559
0.463422
0.480063
0.485737
0.481428
0.468631
0.449091
0.424583
0.396817
0.367225
0.337052
0.307136
0.278063
0.250317
0.224165
0.199603
0.176326
0.154559
0.132679
0.108662
0.0760918
0.0257478
)
;

boundaryField
{
    inlet
    {
        type            zeroGradient;
    }
    outlet
    {
        type            fixedValue;
        value           uniform 0;
    }
    upperWall
    {
        type            zeroGradient;
    }
    lowerWall
    {
        type            zeroGradient;
    }
    frontAndBack
    {
        type            empty;
    }
}


// ************************************************************************* //
