/*--------------------------------*- C++ -*----------------------------------*\
| =========                 |                                                 |
| \\      /  F ield         | OpenFOAM: The Open Source CFD Toolbox           |
|  \\    /   O peration     | Version:  2406                                  |
|   \\  /    A nd           | Website:  www.openfoam.com                      |
|    \\/     M anipulation  |                                                 |
\*---------------------------------------------------------------------------*/
FoamFile
{
    version     2.0;
    format      ascii;
    arch        "LSB;label=32;scalar=64";
    class       volScalarField;
    location    "1.09";
    object      p;
}
// * * * * * * * * * * * * * * * * * * * * * * * * * * * * * * * * * * * * * //

dimensions      [0 2 -2 0 0 0 0];

internalField   nonuniform List<scalar> 
12225
(
0.0399635
-0.00644719
-0.0322167
-0.0390734
-0.0430765
-0.0488722
-0.0546786
-0.0592033
-0.0626427
-0.0654807
-0.0678909
-0.0701155
-0.0724739
-0.0749783
-0.0775416
-0.0798968
-0.0823638
-0.0833831
0.0311369
0.0027136
-0.0213368
-0.0326445
-0.0396912
-0.046986
-0.0539251
-0.0595452
-0.0639708
-0.0676782
-0.070954
-0.0740063
-0.077024
-0.0800913
-0.0832698
-0.0867613
-0.0911116
-0.0977002
0.0125745
-0.00538193
-0.0252255
-0.0370607
-0.0439698
-0.0500776
-0.0559597
-0.0609759
-0.0650453
-0.0685065
-0.071645
-0.0746248
-0.0775758
-0.0806182
-0.0838931
-0.0876318
-0.092237
-0.0982499
-0.00122339
-0.0115613
-0.0259497
-0.0364817
-0.0431033
-0.0487036
-0.054252
-0.0593217
-0.0636651
-0.0674639
-0.070963
-0.0743094
-0.0776033
-0.080943
-0.0844318
-0.0881892
-0.0923383
-0.096975
-0.0110415
-0.0172643
-0.0278929
-0.037384
-0.0441525
-0.0497423
-0.055121
-0.0601282
-0.0645235
-0.0683954
-0.0719483
-0.0753226
-0.0785988
-0.0818392
-0.0850955
-0.0884035
-0.0917608
-0.0951079
-0.0184436
-0.0226036
-0.0306195
-0.0388251
-0.0452752
-0.0505891
-0.0555823
-0.060306
-0.064583
-0.0684288
-0.0719838
-0.0753598
-0.0786117
-0.0817647
-0.0848263
-0.0877791
-0.0905635
-0.0930674
-0.0242643
-0.0272727
-0.0334206
-0.0403621
-0.0463424
-0.0514289
-0.0561893
-0.0607528
-0.0649932
-0.0688744
-0.0724735
-0.0758699
-0.0790981
-0.0821595
-0.0850331
-0.0876732
-0.0899966
-0.0918797
-0.0289439
-0.0312436
-0.0360992
-0.0420004
-0.0475086
-0.0523906
-0.0569694
-0.0613758
-0.0655301
-0.0693787
-0.0729561
-0.0763147
-0.0794747
-0.0824236
-0.0851255
-0.087524
-0.0895372
-0.0910639
-0.0327526
-0.0345947
-0.0385653
-0.0436523
-0.0487097
-0.0533745
-0.0577879
-0.0620513
-0.0661173
-0.0699299
-0.0734932
-0.076834
-0.0799589
-0.0828465
-0.0854548
-0.0877268
-0.0895905
-0.0909688
-0.0358669
-0.037405
-0.040764
-0.0452303
-0.0498912
-0.0543504
-0.0586279
-0.0627827
-0.06678
-0.070565
-0.0741213
-0.0774552
-0.0805635
-0.0834215
-0.0859878
-0.0882119
-0.0900357
-0.0914084
-0.0384046
-0.0397373
-0.0426726
-0.0466798
-0.0510188
-0.0553012
-0.0594717
-0.0635473
-0.0674946
-0.0712608
-0.0748185
-0.0781608
-0.0812779
-0.0841452
-0.0867257
-0.0889774
-0.0908562
-0.0923331
-0.0404452
-0.04164
-0.0442861
-0.0479668
-0.0520623
-0.056206
-0.0602982
-0.0643231
-0.0682429
-0.0720072
-0.0755829
-0.0789548
-0.0821092
-0.0850231
-0.087665
-0.0900018
-0.0920019
-0.0936534
-0.0420419
-0.043148
-0.0456058
-0.0490691
-0.0529976
-0.0570464
-0.061092
-0.0650951
-0.0690127
-0.0727955
-0.0764077
-0.0798298
-0.0830465
-0.0860374
-0.088777
-0.0912406
-0.0934069
-0.0952771
-0.0432291
-0.0442848
-0.0466343
-0.0499725
-0.0538067
-0.0578079
-0.0618407
-0.0658514
-0.0697923
-0.0736146
-0.0772822
-0.080774
-0.0840748
-0.0871676
-0.0900325
-0.092652
-0.0950129
-0.0971261
-0.0440267
-0.0450642
-0.0473732
-0.0506677
-0.0544769
-0.0584793
-0.0625345
-0.0665817
-0.0705711
-0.0744544
-0.0781958
-0.0817747
-0.0851777
-0.0883913
-0.0914004
-0.0941938
-0.0967642
-0.0991292
-0.0444422
-0.0454906
-0.0478215
-0.0511488
-0.0550003
-0.0590531
-0.063166
-0.0672785
-0.071341
-0.0753056
-0.0791377
-0.0828186
-0.0863377
-0.0896852
-0.0928503
-0.0958266
-0.0986112
-0.101226
-0.0444721
-0.0455607
-0.0479754
-0.051412
-0.055373
-0.0595248
-0.0637306
-0.0679364
-0.0720955
-0.0761604
-0.0800981
-0.0838929
-0.0875381
-0.0910275
-0.0943542
-0.0975153
-0.100511
-0.103368
-0.0441019
-0.0452623
-0.0478285
-0.0514556
-0.0555949
-0.0598938
-0.0642263
-0.0685527
-0.0728308
-0.077013
-0.0810685
-0.0849861
-0.0887637
-0.0923989
-0.0958876
-0.09923
-0.102429
-0.105512
-0.0433047
-0.044575
-0.0473722
-0.0512815
-0.0556708
-0.060163
-0.0646541
-0.0691275
-0.0735457
-0.07786
-0.0820424
-0.0860884
-0.0900014
-0.0937823
-0.0974298
-0.100946
-0.104336
-0.107629
-0.042039
-0.0434682
-0.0465968
-0.0508964
-0.0556112
-0.0603388
-0.0650179
-0.0696639
-0.0742423
-0.0787008
-0.0830163
-0.0871931
-0.0912407
-0.0951636
-0.0989624
-0.102642
-0.106208
-0.109691
-0.0402449
-0.0419001
-0.0454938
-0.0503155
-0.055433
-0.0604324
-0.0653257
-0.0701689
-0.0749247
-0.0795357
-0.0839875
-0.0882958
-0.0924767
-0.0965365
-0.100478
-0.104306
-0.108029
-0.111678
-0.0378363
-0.0398156
-0.0440617
-0.0495662
-0.0551597
-0.0604581
-0.0655919
-0.0706582
-0.0756041
-0.0803679
-0.0849511
-0.0893855
-0.0936937
-0.097884
-0.10196
-0.105928
-0.109798
-0.113599
-0.0346887
-0.0371453
-0.0423164
-0.0486961
-0.0548191
-0.0604266
-0.065829
-0.0711509
-0.0763033
-0.0812215
-0.0859308
-0.0904811
-0.0949008
-0.0991992
-0.103381
-0.107457
-0.111436
-0.115355
-0.0306193
-0.0338038
-0.0403065
-0.0477867
-0.0544589
-0.0603609
-0.0660464
-0.0716375
-0.0769954
-0.0820662
-0.0869095
-0.0915916
-0.0961414
-0.100567
-0.104873
-0.109068
-0.113159
-0.117176
-0.0253516
-0.0297066
-0.0381163
-0.046921
-0.0541394
-0.0603563
-0.0663723
-0.0722305
-0.0777379
-0.0828864
-0.0877899
-0.0925343
-0.0971504
-0.101646
-0.106027
-0.110295
-0.114457
-0.118553
-0.0184393
-0.0248759
-0.0359366
-0.0460875
-0.0537029
-0.0602889
-0.0667978
-0.0730599
-0.0788149
-0.0841222
-0.0891515
-0.0940027
-0.0987096
-0.103285
-0.107731
-0.112044
-0.11622
-0.120293
-0.00904148
-0.0196123
-0.0344701
-0.0457158
-0.0532494
-0.0599237
-0.066697
-0.0731333
-0.0789632
-0.084336
-0.089457
-0.0944212
-0.099261
-0.103989
-0.108595
-0.113041
-0.117316
-0.121466
0.00441092
-0.0137948
-0.0341554
-0.0467725
-0.0546669
-0.0619299
-0.0691339
-0.0756326
-0.0813245
-0.086518
-0.0914581
-0.0962484
-0.100947
-0.105578
-0.110106
-0.114394
-0.118326
-0.121809
0.0226871
-0.00598289
-0.0306012
-0.0427771
-0.0509102
-0.0594744
-0.0678656
-0.0751175
-0.0813394
-0.0869849
-0.0923079
-0.0974349
-0.102503
-0.10759
-0.112664
-0.117476
-0.121759
-0.123918
0.0311958
-0.0155139
-0.0419298
-0.0497272
-0.0548893
-0.0620391
-0.0693956
-0.075665
-0.0810384
-0.0859896
-0.0906883
-0.0952327
-0.0998706
-0.104793
-0.109995
-0.115577
-0.121359
-0.128619
-0.36446
-0.36399
-0.346203
-0.317415
-0.315645
-0.35314
-0.415837
-0.474422
-0.510317
-0.524761
-0.527616
-0.527229
-0.527612
-0.528316
-0.526408
-0.519304
-0.507679
-0.497188
-0.496638
-0.504799
-0.515361
-0.528931
-0.549721
-0.579731
-0.624207
-0.691024
-0.783232
-0.893523
-1.01001
-1.12041
-1.21511
-1.28837
-1.33773
-1.36307
-1.36573
-1.34763
-1.31019
-1.25544
-1.18645
-1.10593
-1.01593
-0.918052
-0.813447
-0.702832
-0.586762
-0.466062
-0.342001
-0.216262
-0.0909732
0.0313791
0.148163
0.256876
0.355417
0.44229
0.516693
0.578504
0.628217
0.666846
0.695756
0.715959
0.729544
0.736995
0.739674
0.738728
0.735092
0.729535
0.722672
0.714982
0.706828
0.698472
0.690081
0.681763
0.673462
0.665018
0.656543
0.648295
0.640468
0.633296
0.627053
0.622139
0.619151
0.618278
0.619552
0.62177
0.622803
0.620366
0.612155
0.595313
0.56633
0.522234
0.461665
0.387129
0.300094
0.20441
0.106271
0.0129204
-0.0703309
-0.140119
-0.194657
-0.233289
-0.256083
-0.26355
-0.256013
-0.233997
-0.19887
-0.152188
-0.0956127
-0.030994
0.0396293
0.114066
0.190031
0.265238
0.337522
0.404994
0.466156
0.520014
0.566116
0.604133
0.633793
0.655449
0.669785
0.67765
0.679975
0.677707
0.671757
0.662978
0.652135
0.639897
0.62681
0.613332
0.599917
0.586329
0.572566
0.558978
0.545753
0.53299
0.520742
0.50904
0.497898
0.487319
0.477291
0.467774
0.458698
0.449959
0.441421
0.432903
0.424178
0.414978
0.405037
0.394181
0.382408
0.36996
0.357326
0.345203
0.334405
0.325776
0.320104
0.318007
0.319304
0.324315
0.332403
0.342447
0.352923
0.362206
0.369012
0.372738
0.373381
0.370947
0.364991
0.354826
0.339972
0.320397
0.296831
0.270105
0.242529
0.215374
0.190611
0.170727
0.157909
0.150154
-0.369277
-0.371619
-0.354848
-0.332483
-0.336592
-0.379051
-0.442479
-0.501126
-0.53915
-0.552943
-0.54859
-0.538942
-0.532478
-0.529413
-0.525638
-0.518258
-0.50674
-0.497588
-0.498944
-0.507374
-0.51561
-0.524547
-0.543208
-0.578112
-0.63207
-0.71238
-0.818333
-0.939336
-1.06161
-1.17302
-1.26521
-1.33373
-1.37704
-1.39557
-1.39102
-1.36576
-1.32278
-1.26482
-1.19393
-1.11219
-1.02145
-0.923179
-0.818408
-0.707817
-0.591954
-0.471547
-0.347715
-0.222057
-0.0966744
0.0259285
0.14307
0.252183
0.351108
0.438314
0.512989
0.575024
0.624925
0.663695
0.692735
0.713425
0.727147
0.734842
0.737775
0.73706
0.733634
0.72827
0.72159
0.714078
0.706097
0.697891
0.689567
0.681084
0.672446
0.663883
0.655595
0.64758
0.639955
0.632976
0.626928
0.622167
0.619091
0.618272
0.619794
0.622272
0.623341
0.620582
0.612043
0.595995
0.568794
0.525188
0.462795
0.382897
0.288411
0.186253
0.0843454
-0.010433
-0.0933912
-0.161807
-0.214372
-0.250672
-0.270928
-0.27572
-0.265961
-0.242652
-0.206767
-0.159562
-0.102588
-0.0376401
0.0332759
0.107986
0.184211
0.25966
0.332178
0.399887
0.461325
0.51566
0.562316
0.600748
0.63084
0.652932
0.667672
0.675895
0.67853
0.676519
0.670775
0.662148
0.651408
0.639229
0.626139
0.612423
0.598122
0.583754
0.569765
0.55621
0.543093
0.530482
0.518418
0.506929
0.496027
0.485716
0.475974
0.466747
0.457947
0.449453
0.441116
0.432754
0.424143
0.415015
0.405098
0.394198
0.382297
0.369631
0.356703
0.344233
0.333083
0.324147
0.318219
0.315842
0.317316
0.322494
0.330869
0.341343
0.352344
0.362134
0.369317
0.373279
0.374103
0.371909
0.366357
0.356648
0.341785
0.32137
0.296261
0.267897
0.23845
0.209867
0.184143
0.163366
0.148726
0.139031
-0.376005
-0.377258
-0.367742
-0.360786
-0.382959
-0.436929
-0.503128
-0.559645
-0.593879
-0.603853
-0.593542
-0.572607
-0.550424
-0.532345
-0.518579
-0.506426
-0.494925
-0.490196
-0.496862
-0.506397
-0.514933
-0.529976
-0.563224
-0.623362
-0.70864
-0.81417
-0.931409
-1.05017
-1.1614
-1.25828
-1.33621
-1.39253
-1.42611
-1.43708
-1.42658
-1.39657
-1.3495
-1.28803
-1.2145
-1.131
-1.0393
-0.940701
-0.836084
-0.725961
-0.610708
-0.490839
-0.367248
-0.241383
-0.115289
0.00848261
0.12712
0.23789
0.338469
0.427199
0.503197
0.566337
0.617134
0.656616
0.686286
0.707546
0.721576
0.729582
0.732809
0.732362
0.729182
0.724045
0.717574
0.710253
0.70244
0.69438
0.686219
0.678007
0.669765
0.661516
0.653295
0.645355
0.638013
0.631437
0.625866
0.62166
0.619303
0.619387
0.621551
0.624817
0.626863
0.624756
0.616072
0.597785
0.564582
0.511677
0.436816
0.342681
0.239139
0.134546
0.0352852
-0.0542529
-0.131329
-0.194348
-0.242474
-0.275341
-0.293041
-0.296117
-0.285078
-0.260746
-0.224059
-0.176199
-0.118626
-0.0530625
0.0185207
0.0939581
0.170955
0.247192
0.32049
0.388975
0.451296
0.5065
0.553796
0.592746
0.62331
0.645839
0.660982
0.669579
0.672559
0.67087
0.665425
0.657062
0.646526
0.634449
0.621345
0.607605
0.593502
0.579332
0.565228
0.551359
0.53795
0.525119
0.51296
0.501532
0.490845
0.480874
0.471559
0.46281
0.454507
0.446509
0.438652
0.430735
0.422505
0.41365
0.403856
0.392905
0.380794
0.367803
0.3545
0.341674
0.330233
0.321079
0.31498
0.312429
0.314069
0.319474
0.328278
0.339456
0.351423
0.36231
0.370514
0.375272
0.376659
0.374745
0.369022
0.358251
0.34128
0.31787
0.289379
0.258278
0.227229
0.198244
0.172943
0.152639
0.137775
0.12811
-0.380931
-0.381087
-0.383703
-0.40457
-0.452764
-0.519746
-0.587516
-0.639712
-0.667572
-0.67032
-0.65137
-0.618016
-0.57779
-0.538689
-0.507533
-0.485621
-0.473246
-0.475629
-0.489292
-0.504765
-0.527764
-0.571268
-0.63978
-0.730569
-0.835551
-0.947227
-1.05947
-1.16701
-1.26496
-1.3489
-1.41513
-1.46113
-1.48566
-1.48874
-1.47153
-1.43587
-1.38403
-1.31859
-1.24199
-1.15643
-1.06367
-0.964927
-0.860916
-0.751906
-0.63797
-0.519275
-0.396387
-0.27051
-0.14359
-0.0182366
0.102553
0.215785
0.318883
0.409979
0.488061
0.552944
0.605144
0.645798
0.676471
0.698512
0.71311
0.721632
0.725334
0.725325
0.722548
0.717782
0.711652
0.704647
0.697127
0.689343
0.68144
0.673486
0.665515
0.657569
0.649718
0.642107
0.634979
0.628717
0.623734
0.6204
0.619074
0.62004
0.623017
0.626819
0.629017
0.626295
0.614626
0.588579
0.541476
0.471488
0.381228
0.279913
0.176097
0.0756742
-0.0174676
-0.100667
-0.172052
-0.230322
-0.274648
-0.304542
-0.319987
-0.321608
-0.30952
-0.284391
-0.247093
-0.198725
-0.140643
-0.074492
-0.00219729
0.0740758
0.152015
0.229245
0.303578
0.37321
0.4367
0.492895
0.540997
0.580605
0.611735
0.634775
0.650399
0.659459
0.662895
0.661655
0.656644
0.648691
0.638523
0.626756
0.613887
0.600286
0.586244
0.572033
0.557887
0.543989
0.530485
0.517505
0.505161
0.493539
0.482702
0.472679
0.463452
0.454947
0.447038
0.439551
0.432267
0.424925
0.417218
0.408802
0.399356
0.388666
0.376737
0.363869
0.350652
0.337906
0.326556
0.317513
0.311571
0.309331
0.311178
0.316979
0.3263
0.338289
0.351431
0.363799
0.373519
0.379432
0.381372
0.379165
0.371903
0.358156
0.3372
0.309901
0.278389
0.245799
0.21442
0.185824
0.161159
0.141337
0.126798
0.117837
-0.384255
-0.386063
-0.409555
-0.464124
-0.536107
-0.611765
-0.678069
-0.724244
-0.744918
-0.740062
-0.712069
-0.667055
-0.611103
-0.552786
-0.503594
-0.469912
-0.456096
-0.464814
-0.48622
-0.519952
-0.575628
-0.654571
-0.750959
-0.857088
-0.966651
-1.0759
-1.18189
-1.28129
-1.37022
-1.44476
-1.5016
-1.53846
-1.55429
-1.54929
-1.52481
-1.48264
-1.42515
-1.35497
-1.27469
-1.18662
-1.09257
-0.993738
-0.890658
-0.783313
-0.671376
-0.554551
-0.43295
-0.307432
-0.179781
-0.0526569
0.0707058
0.186975
0.293226
0.387313
0.468035
0.535118
0.58912
0.631375
0.663368
0.686393
0.701837
0.711118
0.715514
0.716141
0.713945
0.709704
0.704045
0.69746
0.690317
0.682878
0.675309
0.667698
0.660092
0.652526
0.645063
0.637842
0.63111
0.625212
0.620568
0.617646
0.616829
0.618319
0.621776
0.625766
0.62732
0.621802
0.603124
0.564851
0.502927
0.418519
0.320232
0.21718
0.115532
0.019142
-0.0693155
-0.14779
-0.214726
-0.269006
-0.309917
-0.337032
-0.350394
-0.350586
-0.337485
-0.311668
-0.273893
-0.225147
-0.166672
-0.100026
-0.027089
0.0499764
0.128848
0.207099
0.282618
0.353489
0.418163
0.475384
0.524338
0.564657
0.596404
0.620008
0.636174
0.645773
0.649756
0.649068
0.644606
0.637176
0.627483
0.616119
0.603567
0.590211
0.576364
0.562298
0.548235
0.534361
0.520834
0.507788
0.49533
0.483548
0.472508
0.462254
0.452805
0.444144
0.436196
0.428824
0.421814
0.414885
0.407696
0.399875
0.391081
0.381094
0.369907
0.357798
0.345335
0.333311
0.322641
0.314245
0.30894
0.307343
0.309789
0.316234
0.326206
0.338961
0.353136
0.366905
0.378159
0.385298
0.38754
0.384248
0.374357
0.356808
0.331784
0.30119
0.267826
0.234421
0.202935
0.174587
0.150226
0.130668
0.116537
0.108247
-0.389465
-0.396735
-0.449124
-0.53313
-0.620114
-0.698945
-0.761574
-0.801211
-0.815011
-0.803486
-0.768484
-0.715214
-0.648513
-0.576877
-0.513991
-0.470912
-0.457397
-0.471497
-0.507334
-0.570555
-0.65769
-0.760387
-0.870321
-0.98188
-1.09207
-1.19915
-1.30099
-1.3946
-1.47648
-1.54316
-1.59172
-1.62016
-1.62762
-1.61461
-1.58264
-1.53357
-1.4699
-1.39445
-1.30999
-1.21903
-1.12352
-1.02466
-0.922852
-0.817771
-0.708615
-0.594514
-0.475002
-0.350466
-0.222439
-0.0935992
0.0325482
0.152253
0.262148
0.359712
0.4435
0.513164
0.569405
0.613601
0.647138
0.671405
0.687946
0.698217
0.703521
0.704983
0.70355
0.699999
0.694959
0.688924
0.682273
0.675281
0.668131
0.660933
0.653749
0.646619
0.639603
0.632823
0.626498
0.620953
0.616577
0.613832
0.613161
0.614747
0.618102
0.62139
0.620774
0.610233
0.582585
0.532404
0.459103
0.365662
0.262949
0.159145
0.0590524
-0.0344835
-0.119351
-0.193905
-0.256929
-0.307582
-0.345373
-0.370038
-0.381728
-0.380617
-0.366698
-0.340412
-0.30238
-0.253471
-0.194809
-0.127859
-0.0544594
0.0232152
0.102875
0.182101
0.258771
0.330832
0.396584
0.454733
0.50446
0.545429
0.577746
0.601888
0.618593
0.628756
0.633334
0.63327
0.629441
0.622632
0.61352
0.602673
0.590561
0.577564
0.563996
0.550124
0.53618
0.522362
0.508842
0.495763
0.483241
0.471373
0.460226
0.449837
0.440221
0.431361
0.423213
0.415686
0.408628
0.401816
0.394952
0.387688
0.37969
0.370722
0.360742
0.349973
0.33891
0.328278
0.318943
0.311797
0.307636
0.307058
0.310377
0.317579
0.328303
0.341629
0.356333
0.370852
0.38297
0.390849
0.393027
0.388314
0.37577
0.354962
0.326851
0.293911
0.25913
0.225017
0.193262
0.164925
0.140785
0.121513
0.10783
0.0999819
-0.400925
-0.4189
-0.500376
-0.602299
-0.695433
-0.773868
-0.831987
-0.865355
-0.873059
-0.856129
-0.816708
-0.759229
-0.687338
-0.609527
-0.540079
-0.494454
-0.485341
-0.507121
-0.564729
-0.652713
-0.758868
-0.872764
-0.987955
-1.10141
-1.21165
-1.31727
-1.41614
-1.50539
-1.58177
-1.64209
-1.68363
-1.70453
-1.70415
-1.68334
-1.64372
-1.58731
-1.51684
-1.4354
-1.34606
-1.2516
-1.1542
-1.05515
-0.954749
-0.852374
-0.746709
-0.636226
-0.519753
-0.397064
-0.269314
-0.139138
-0.010309
0.112936
0.226689
0.327972
0.415068
0.487622
0.546462
0.59283
0.628078
0.653824
0.671682
0.683152
0.689561
0.692044
0.691549
0.688851
0.684577
0.679226
0.673182
0.666735
0.660089
0.653376
0.646674
0.64003
0.633503
0.627195
0.621293
0.616078
0.611909
0.609216
0.608455
0.609744
0.612371
0.613971
0.609852
0.593163
0.556745
0.496622
0.414367
0.315766
0.210382
0.106323
0.00754289
-0.0835715
-0.165305
-0.236395
-0.295957
-0.343441
-0.37856
-0.401165
-0.411386
-0.40936
-0.39492
-0.368447
-0.330404
-0.281596
-0.223018
-0.156093
-0.0826177
-0.00461114
0.0756584
0.155759
0.233369
0.306354
0.372932
0.431777
0.482076
0.523526
0.556285
0.580872
0.598064
0.608776
0.613969
0.614573
0.611441
0.605326
0.596874
0.586625
0.575029
0.562459
0.549228
0.535607
0.521835
0.508117
0.494635
0.481547
0.468982
0.457044
0.445816
0.435346
0.425646
0.416698
0.408452
0.400824
0.393696
0.386903
0.380231
0.373421
0.366207
0.358382
0.349884
0.340862
0.331706
0.323027
0.315584
0.310181
0.307554
0.308266
0.312614
0.320556
0.331673
0.345164
0.359963
0.374344
0.386499
0.394274
0.395795
0.389687
0.375149
0.352216
0.322288
0.288031
0.252427
0.217877
0.185951
0.157639
0.133702
0.114722
0.101401
0.0937695
-0.422359
-0.455683
-0.556464
-0.663866
-0.75766
-0.833857
-0.886983
-0.914426
-0.917083
-0.896304
-0.854935
-0.796736
-0.724641
-0.647474
-0.579434
-0.541328
-0.537746
-0.573242
-0.648984
-0.750954
-0.865235
-0.982918
-1.09976
-1.21404
-1.32459
-1.42983
-1.5274
-1.61432
-1.68732
-1.74319
-1.77921
-1.79358
-1.7859
-1.75741
-1.70972
-1.64518
-1.56692
-1.47837
-1.38301
-1.28399
-1.18379
-1.0839
-0.984603
-0.884979
-0.783204
-0.677036
-0.56449
-0.444585
-0.317949
-0.187066
-0.0559468
0.070624
0.188136
0.2931
0.38359
0.459298
0.520887
0.569464
0.606597
0.634
0.653354
0.666199
0.673884
0.677551
0.67815
0.676453
0.673084
0.668543
0.663222
0.657421
0.651363
0.6452
0.639029
0.632908
0.626891
0.621061
0.615566
0.610647
0.60664
0.60394
0.602963
0.603691
0.605086
0.604236
0.595832
0.572797
0.528569
0.460524
0.371924
0.269835
0.163359
0.0596981
-0.0375618
-0.126308
-0.205149
-0.273233
-0.32989
-0.374769
-0.407712
-0.428646
-0.437708
-0.43502
-0.42031
-0.393946
-0.356207
-0.307964
-0.249853
-0.183241
-0.10986
-0.0317116
0.0489014
0.129509
0.207681
0.281198
0.348222
0.407412
0.457973
0.499645
0.532638
0.557519
0.575098
0.586306
0.592099
0.593383
0.590979
0.585601
0.577855
0.568251
0.557217
0.545112
0.532248
0.518898
0.505308
0.491695
0.478255
0.465161
0.452559
0.440565
0.429278
0.418757
0.409028
0.400077
0.391858
0.384287
0.377253
0.37062
0.364227
0.357901
0.351469
0.3448
0.337853
0.330735
0.323736
0.317327
0.312116
0.308772
0.307921
0.310046
0.315395
0.323905
0.335167
0.348421
0.362567
0.376092
0.387251
0.394016
0.394511
0.387322
0.371717
0.347964
0.317604
0.283226
0.24766
0.21321
0.181429
0.15332
0.129653
0.110974
0.0979642
0.0904813
-0.453432
-0.503141
-0.608914
-0.713359
-0.805052
-0.877367
-0.924596
-0.946383
-0.945425
-0.92281
-0.881906
-0.825803
-0.757823
-0.687248
-0.629218
-0.601536
-0.606819
-0.656766
-0.743589
-0.851276
-0.967622
-1.08602
-1.20372
-1.31944
-1.43182
-1.53884
-1.63766
-1.72488
-1.79687
-1.85018
-1.882
-1.89059
-1.8759
-1.83953
-1.78312
-1.70952
-1.6223
-1.52531
-1.42247
-1.3174
-1.21303
-1.11113
-1.01204
-0.914658
-0.816651
-0.715059
-0.607017
-0.490662
-0.365947
-0.235098
-0.102316
0.0270721
0.147912
0.256317
0.350219
0.429036
0.49324
0.544064
0.583165
0.612337
0.633314
0.647669
0.656765
0.66175
0.663571
0.663
0.660657
0.657039
0.652544
0.647482
0.64209
0.63654
0.630944
0.625373
0.619879
0.614527
0.609432
0.604798
0.600939
0.598199
0.596923
0.596888
0.596697
0.592975
0.580103
0.551221
0.500659
0.426998
0.334406
0.230436
0.12369
0.0206749
-0.0751652
-0.161886
-0.238337
-0.30389
-0.358178
-0.400992
-0.432213
-0.451822
-0.459987
-0.456812
-0.442046
-0.415954
-0.378777
-0.331098
-0.273633
-0.207577
-0.134558
-0.0565854
0.0239999
0.104669
0.182918
0.256469
0.323454
0.382539
0.432965
0.474525
0.507484
0.532458
0.550284
0.561899
0.568241
0.570184
0.568503
0.563863
0.556827
0.547869
0.537391
0.52574
0.513225
0.500125
0.486692
0.473162
0.459746
0.446634
0.433989
0.421946
0.410618
0.400077
0.390363
0.381477
0.373382
0.366006
0.359247
0.352981
0.347076
0.341405
0.33586
0.330378
0.324964
0.31972
0.314871
0.310767
0.307862
0.306661
0.307641
0.311171
0.31742
0.326299
0.337398
0.349978
0.362982
0.375061
0.384631
0.389925
0.389253
0.381333
0.365534
0.342164
0.312653
0.279311
0.244695
0.210995
0.179798
0.152183
0.128961
0.110677
0.098024
0.0907264
-0.489334
-0.552041
-0.651018
-0.748791
-0.836525
-0.90303
-0.943383
-0.960054
-0.957151
-0.934856
-0.896526
-0.845041
-0.784933
-0.725288
-0.682199
-0.663073
-0.681323
-0.742912
-0.835498
-0.944727
-1.06109
-1.18006
-1.29973
-1.41881
-1.53549
-1.64699
-1.74968
-1.83941
-1.91208
-1.96399
-1.99223
-1.9953
-1.97371
-1.92927
-1.86385
-1.78076
-1.68391
-1.57756
-1.46604
-1.35349
-1.24341
-1.13804
-1.0379
-0.941748
-0.84684
-0.749519
-0.646023
-0.533559
-0.411313
-0.281171
-0.147501
-0.0160463
0.107531
0.219052
0.316013
0.397604
0.464246
0.51723
0.558286
0.589263
0.611932
0.627884
0.638487
0.644889
0.648032
0.648683
0.647461
0.644861
0.641282
0.637041
0.632386
0.627502
0.622522
0.617527
0.61257
0.607704
0.603014
0.598669
0.594941
0.592159
0.590516
0.589581
0.587636
0.581007
0.564063
0.530439
0.475367
0.398242
0.303558
0.198937
0.0925106
-0.00963521
-0.104114
-0.189117
-0.263704
-0.327409
-0.379973
-0.421244
-0.451157
-0.469746
-0.477221
-0.473704
-0.459029
-0.433349
-0.396804
-0.34983
-0.293118
-0.227777
-0.155378
-0.0779314
0.00219067
0.0824124
0.16018
0.233188
0.299572
0.358029
0.407857
0.448915
0.481528
0.506356
0.524255
0.536154
0.54296
0.545498
0.544487
0.540536
0.534159
0.52579
0.515806
0.504544
0.49231
0.479389
0.466049
0.452541
0.439098
0.425927
0.413216
0.40112
0.389762
0.379234
0.36959
0.360842
0.352969
0.345911
0.339582
0.333873
0.328668
0.323863
0.31938
0.315189
0.31132
0.30788
0.305056
0.303112
0.302373
0.303191
0.305891
0.310707
0.317715
0.326773
0.337474
0.349128
0.360766
0.371182
0.378992
0.38271
0.380934
0.372611
0.357252
0.33513
0.307429
0.276075
0.24328
0.211067
0.181029
0.154325
0.131837
0.114139
0.101953
0.0949264
-0.522956
-0.592156
-0.678893
-0.769296
-0.851473
-0.910729
-0.944031
-0.956562
-0.953014
-0.932624
-0.898437
-0.854089
-0.804303
-0.758563
-0.726802
-0.719199
-0.751109
-0.821156
-0.916867
-1.02658
-1.14346
-1.2645
-1.38826
-1.51317
-1.63663
-1.75478
-1.8629
-1.95611
-2.02992
-2.08063
-2.10538
-2.10303
-2.07484
-2.02261
-1.94854
-1.8563
-1.75009
-1.63438
-1.5138
-1.39298
-1.27606
-1.1659
-1.0634
-0.96728
-0.87442
-0.780536
-0.681037
-0.572262
-0.452678
-0.323777
-0.189966
-0.0572208
0.0684784
0.182483
0.281949
0.365853
0.434613
0.489558
0.532463
0.565207
0.589577
0.607163
0.619327
0.627207
0.631738
0.633681
0.63365
0.632139
0.629546
0.626193
0.622335
0.618171
0.613845
0.609451
0.605049
0.600682
0.596415
0.592382
0.58881
0.585956
0.583901
0.582015
0.578346
0.569111
0.548885
0.511877
0.454046
0.375256
0.280012
0.175728
0.0701188
-0.0310055
-0.124266
-0.207889
-0.281011
-0.343252
-0.39445
-0.434545
-0.463544
-0.481491
-0.488572
-0.484913
-0.470439
-0.445218
-0.409317
-0.363103
-0.307228
-0.242756
-0.171231
-0.0946718
-0.0154781
0.0637437
0.140421
0.212255
0.277421
0.33468
0.383407
0.423539
0.455466
0.479882
0.497651
0.509679
0.516822
0.519845
0.519399
0.516028
0.510194
0.502293
0.492679
0.481679
0.4696
0.456739
0.443381
0.429796
0.416241
0.402949
0.390127
0.377954
0.366569
0.356088
0.346571
0.338047
0.330503
0.323894
0.318145
0.313163
0.308848
0.305104
0.301864
0.299103
0.29685
0.295195
0.29429
0.294331
0.295548
0.298169
0.302389
0.308318
0.315938
0.325055
0.335263
0.345927
0.356185
0.364985
0.371147
0.373456
0.370799
0.362367
0.347826
0.327433
0.302123
0.273431
0.243194
0.213197
0.184965
0.159692
0.13832
0.121471
0.109909
0.103273
-0.547608
-0.615535
-0.690505
-0.774237
-0.850393
-0.902416
-0.929725
-0.93867
-0.935401
-0.917712
-0.888993
-0.853005
-0.814355
-0.780334
-0.758768
-0.764975
-0.808781
-0.88536
-0.983612
-1.0946
-1.2137
-1.33898
-1.46914
-1.60202
-1.73389
-1.85962
-1.97344
-2.06996
-2.14468
-2.19407
-2.2155
-2.20814
-2.17404
-2.11461
-2.03259
-1.93204
-1.81738
-1.69317
-1.56409
-1.4351
-1.31096
-1.19528
-1.08946
-0.992279
-0.900289
-0.808683
-0.712205
-0.606487
-0.489441
-0.362113
-0.228648
-0.0951926
0.031955
0.147682
0.248911
0.334541
0.404985
0.461596
0.506163
0.54057
0.566592
0.5858
0.599537
0.608922
0.614876
0.618151
0.619355
0.618981
0.617427
0.615014
0.612004
0.608602
0.604965
0.6012
0.597372
0.593522
0.589699
0.585999
0.582594
0.579671
0.577197
0.574395
0.569194
0.557858
0.535286
0.496241
0.437229
0.358347
0.263879
0.160841
0.056535
-0.0434062
-0.135537
-0.218024
-0.29001
-0.351167
-0.401406
-0.440727
-0.469154
-0.486699
-0.493536
-0.489824
-0.475574
-0.450796
-0.415517
-0.370072
-0.315092
-0.25163
-0.181232
-0.105934
-0.0281578
0.0494807
0.124424
0.19442
0.257723
0.313189
0.360296
0.399068
0.429953
0.453676
0.47109
0.483056
0.490369
0.493714
0.493665
0.4907
0.485227
0.477606
0.468172
0.457246
0.445143
0.432173
0.418643
0.404846
0.391065
0.377559
0.36456
0.35227
0.340854
0.330443
0.321112
0.3129
0.305804
0.299785
0.294778
0.290696
0.287449
0.284946
0.283118
0.281931
0.281392
0.281559
0.282535
0.284454
0.287465
0.291703
0.29726
0.30415
0.31228
0.321412
0.331145
0.3409
0.349925
0.357326
0.362126
0.363345
0.360122
0.35186
0.338362
0.319897
0.297222
0.271542
0.244336
0.217117
0.191268
0.167947
0.148115
0.132438
0.121703
0.115605
-0.558479
-0.617969
-0.684819
-0.763286
-0.835084
-0.881588
-0.904331
-0.911414
-0.907536
-0.892696
-0.869927
-0.841951
-0.812359
-0.786839
-0.776498
-0.795931
-0.849982
-0.932446
-1.03387
-1.14774
-1.27108
-1.40268
-1.54106
-1.68317
-1.82399
-1.95719
-2.07627
-2.17563
-2.25099
-2.29919
-2.31774
-2.30597
-2.26701
-2.20115
-2.11195
-2.00397
-1.88198
-1.75052
-1.61415
-1.4779
-1.347
-1.22583
-1.11627
-1.01725
-0.925079
-0.834587
-0.740079
-0.636674
-0.521643
-0.395603
-0.262586
-0.128903
-0.00114268
0.115414
0.217594
0.30428
0.375898
0.433809
0.479792
0.515703
0.54328
0.564056
0.579339
0.590221
0.597604
0.602225
0.604686
0.605477
0.604993
0.603558
0.601433
0.598831
0.595914
0.592801
0.589564
0.586247
0.582883
0.579535
0.576311
0.573333
0.57047
0.566858
0.560415
0.547572
0.523617
0.483818
0.425079
0.34753
0.255066
0.154166
0.0517114
-0.0467978
-0.137813
-0.219374
-0.290556
-0.351007
-0.400641
-0.439469
-0.467519
-0.484798
-0.491491
-0.48779
-0.473769
-0.449398
-0.414705
-0.370024
-0.315996
-0.253694
-0.184692
-0.111052
-0.0352094
0.0402356
0.112778
0.180258
0.241047
0.29413
0.339103
0.376084
0.405578
0.428319
0.445131
0.456816
0.464084
0.467531
0.46765
0.464849
0.459486
0.451892
0.442387
0.431295
0.41894
0.405653
0.391761
0.377587
0.363439
0.349606
0.336348
0.323891
0.312424
0.302098
0.293
0.285185
0.278655
0.273374
0.269278
0.266281
0.264287
0.263205
0.262955
0.263485
0.264771
0.26683
0.269709
0.273477
0.278212
0.283969
0.290763
0.29854
0.307153
0.31634
0.325711
0.334744
0.342793
0.349115
0.352918
0.353429
0.34999
0.342173
0.329884
0.313401
0.293373
0.270766
0.246762
0.222618
0.199533
0.17857
0.160656
0.146461
0.136767
0.131358
-0.551897
-0.599472
-0.662388
-0.738112
-0.806817
-0.851221
-0.87165
-0.87721
-0.873174
-0.860931
-0.842523
-0.819618
-0.795317
-0.776921
-0.777797
-0.809312
-0.872765
-0.961269
-1.06702
-1.18543
-1.31478
-1.45423
-1.60186
-1.75353
-1.90302
-2.04309
-2.16678
-2.26852
-2.34437
-2.39155
-2.4079
-2.39347
-2.35006
-2.27862
-2.18309
-2.0686
-1.94036
-1.80301
-1.66086
-1.51884
-1.38238
-1.25644
-1.14329
-1.04203
-0.948986
-0.858725
-0.765162
-0.662958
-0.54902
-0.423774
-0.291266
-0.157886
-0.0303098
0.0861827
0.188475
0.275512
0.347757
0.406565
0.453678
0.490893
0.519889
0.542142
0.558913
0.571256
0.580048
0.586008
0.589729
0.591693
0.592297
0.591861
0.590647
0.58887
0.586698
0.584255
0.581624
0.578848
0.575952
0.572965
0.569938
0.566929
0.563733
0.559465
0.552122
0.538389
0.513976
0.474603
0.417444
0.342512
0.253199
0.15535
0.0553886
-0.0413201
-0.131108
-0.211828
-0.282402
-0.342384
-0.391644
-0.430187
-0.45804
-0.475193
-0.481841
-0.478199
-0.464403
-0.440408
-0.406273
-0.362367
-0.309374
-0.248418
-0.181121
-0.109576
-0.0362176
0.0363987
0.105864
0.170153
0.227794
0.277929
0.320285
0.355071
0.382836
0.404307
0.420258
0.431409
0.438372
0.441648
0.441642
0.438701
0.433139
0.425264
0.415391
0.403849
0.390979
0.377132
0.362663
0.347923
0.333249
0.318961
0.305347
0.29266
0.281115
0.270877
0.262055
0.254711
0.248857
0.244457
0.24144
0.239713
0.239167
0.239696
0.2412
0.243598
0.246835
0.250879
0.255722
0.261372
0.267835
0.275103
0.283128
0.291808
0.300961
0.310319
0.319514
0.328082
0.335476
0.341087
0.344284
0.344472
0.341161
0.334052
0.323115
0.308627
0.291157
0.27151
0.250653
0.229623
0.20944
0.191043
0.175276
0.16278
0.154287
0.149678
-0.525056
-0.562632
-0.623509
-0.698089
-0.766583
-0.812041
-0.832864
-0.838077
-0.833906
-0.822361
-0.804825
-0.782901
-0.761042
-0.749407
-0.761186
-0.804207
-0.876816
-0.971879
-1.0831
-1.20741
-1.34398
-1.49207
-1.64911
-1.80992
-1.96729
-2.11336
-2.24092
-2.34443
-2.42041
-2.46662
-2.48128
-2.46478
-2.41847
-2.34285
-2.24234
-2.12263
-1.98948
-1.84774
-1.70155
-1.55558
-1.41519
-1.28559
-1.16944
-1.0661
-0.971907
-0.88116
-0.787482
-0.685318
-0.571507
-0.446528
-0.314537
-0.181948
-0.0553351
0.0602218
0.161806
0.248502
0.320828
0.380121
0.428058
0.466358
0.496612
0.520226
0.5384
0.552146
0.562305
0.569578
0.574544
0.577677
0.57937
0.579941
0.579653
0.578718
0.577306
0.575547
0.573528
0.571296
0.568867
0.566245
0.563428
0.560417
0.556964
0.552216
0.54432
0.530275
0.506224
0.468295
0.413838
0.342665
0.257584
0.163737
0.0670307
-0.0273354
-0.115581
-0.195342
-0.26533
-0.324952
-0.373995
-0.412415
-0.44021
-0.457345
-0.46402
-0.460474
-0.44691
-0.423281
-0.389714
-0.346644
-0.294828
-0.235469
-0.17025
-0.101293
-0.0310117
0.0381217
0.103837
0.164288
0.218191
0.264863
0.304167
0.336396
0.362121
0.382043
0.396862
0.407197
0.413554
0.416333
0.41586
0.412424
0.406306
0.397802
0.387229
0.374926
0.361254
0.346588
0.33131
0.3158
0.300427
0.285543
0.271466
0.258475
0.246813
0.236661
0.228151
0.221346
0.216267
0.212878
0.211099
0.210821
0.211916
0.214249
0.217692
0.222128
0.227459
0.233606
0.240507
0.24811
0.256363
0.265199
0.274523
0.284193
0.294013
0.303716
0.312968
0.321363
0.328444
0.333716
0.336691
0.336919
0.334046
0.327872
0.318414
0.30593
0.290918
0.274064
0.256179
0.238131
0.220786
0.204956
0.191384
0.180657
0.173425
0.169653
-0.477335
-0.510663
-0.569542
-0.643676
-0.713393
-0.761886
-0.785192
-0.791035
-0.785969
-0.77235
-0.752003
-0.728056
-0.707871
-0.703573
-0.726606
-0.781077
-0.862912
-0.965107
-1.08268
-1.21374
-1.35805
-1.51478
-1.68069
-1.84967
-2.01377
-2.16475
-2.29525
-2.39981
-2.47536
-2.52048
-2.53372
-2.51618
-2.46818
-2.39012
-2.28653
-2.16357
-2.02747
-1.88323
-1.73474
-1.58645
-1.44373
-1.31179
-1.19366
-1.08881
-0.993413
-0.901573
-0.806799
-0.703586
-0.589006
-0.463843
-0.332442
-0.201154
-0.0762628
0.0375323
0.137643
0.223354
0.295247
0.354629
0.403091
0.442245
0.473584
0.498426
0.517903
0.532974
0.544446
0.552992
0.559175
0.56346
0.566232
0.567808
0.568447
0.56836
0.567717
0.566648
0.565242
0.563549
0.56158
0.559318
0.556724
0.553743
0.550118
0.545063
0.536928
0.52306
0.50004
0.464373
0.413546
0.347115
0.267272
0.178401
0.0858338
-0.00546316
-0.0916412
-0.170117
-0.239366
-0.298595
-0.347451
-0.385806
-0.413606
-0.430786
-0.437543
-0.434132
-0.420828
-0.397602
-0.364678
-0.322582
-0.272177
-0.214757
-0.152074
-0.0862639
-0.0196891
0.0453025
0.106623
0.16264
0.212284
0.255054
0.290942
0.320306
0.343718
0.361825
0.375234
0.38445
0.389866
0.391785
0.390461
0.386141
0.379084
0.369582
0.357959
0.34457
0.329797
0.314039
0.297705
0.281209
0.264953
0.24932
0.234663
0.221289
0.209464
0.199394
0.191228
0.185026
0.180815
0.178557
0.17816
0.179496
0.182413
0.18674
0.19231
0.198962
0.206549
0.214941
0.224023
0.233688
0.243831
0.254338
0.265073
0.275872
0.286527
0.296787
0.306349
0.314869
0.321968
0.327257
0.330358
0.330944
0.328769
0.323715
0.315829
0.305349
0.292703
0.278476
0.263357
0.248085
0.233398
0.219994
0.208522
0.199499
0.193487
0.190512
-0.413467
-0.445323
-0.502737
-0.576081
-0.646431
-0.697489
-0.723292
-0.729447
-0.722078
-0.703971
-0.678708
-0.65237
-0.635336
-0.640112
-0.67531
-0.741417
-0.832654
-0.94242
-1.06686
-1.20498
-1.35688
-1.52154
-1.69515
-1.87089
-2.0403
-2.19497
-2.32751
-2.4325
-2.50714
-2.55157
-2.56417
-2.547
-2.49866
-2.41993
-2.31526
-2.19088
-2.05342
-1.90808
-1.75879
-1.60975
-1.46631
-1.33373
-1.21497
-1.10933
-1.01281
-0.919367
-0.822627
-0.717427
-0.601377
-0.475774
-0.345182
-0.215771
-0.0933501
0.0179207
0.115875
0.200032
0.271039
0.330151
0.378856
0.418643
0.45089
0.47682
0.497489
0.513799
0.526516
0.536285
0.543648
0.549058
0.552892
0.555461
0.557021
0.55778
0.557905
0.557524
0.556728
0.555565
0.554044
0.552136
0.549773
0.546859
0.543143
0.537936
0.529816
0.516502
0.49501
0.462213
0.415721
0.354832
0.281116
0.198179
0.110712
0.0233662
-0.0600164
-0.136667
-0.204809
-0.263418
-0.31196
-0.350189
-0.37798
-0.395222
-0.402097
-0.39887
-0.385895
-0.363176
-0.331057
-0.290183
-0.241533
-0.186504
-0.126902
-0.0648554
-0.00263379
0.0575805
0.11392
0.164994
0.209957
0.248483
0.280677
0.306935
0.327805
0.343853
0.355575
0.363354
0.36747
0.368141
0.365565
0.359957
0.351568
0.340693
0.327666
0.31286
0.296676
0.279538
0.261887
0.24417
0.226827
0.210279
0.194913
0.18107
0.169039
0.15905
0.151261
0.145732
0.142486
0.141479
0.142604
0.14571
0.150615
0.157115
0.164993
0.174041
0.184056
0.194853
0.206262
0.218126
0.23029
0.242602
0.254895
0.266987
0.278671
0.289709
0.299839
0.308768
0.316194
0.321812
0.325342
0.32655
0.32528
0.321476
0.315211
0.306705
0.296324
0.284564
0.272009
0.259289
0.247037
0.235857
0.226307
0.218842
0.213937
0.211664
-0.338818
-0.370717
-0.426959
-0.498415
-0.567102
-0.617744
-0.643425
-0.647809
-0.6362
-0.612362
-0.582554
-0.556109
-0.545278
-0.561403
-0.609691
-0.68759
-0.788334
-0.905879
-1.0373
-1.18227
-1.34104
-1.51234
-1.69196
-1.87284
-2.04626
-2.20373
-2.33796
-2.4437
-2.51847
-2.56224
-2.57492
-2.55803
-2.50951
-2.43099
-2.32661
-2.20254
-2.06558
-1.92093
-1.77247
-1.62441
-1.48208
-1.35059
-1.23254
-1.12686
-1.02926
-0.933746
-0.834292
-0.726395
-0.608473
-0.482466
-0.353115
-0.226245
-0.107022
0.00104753
0.0962691
0.178401
0.248143
0.30668
0.355377
0.395591
0.428576
0.455454
0.4772
0.494658
0.508547
0.519482
0.527981
0.534482
0.539352
0.542895
0.545362
0.546957
0.547843
0.548145
0.547951
0.547309
0.546225
0.544662
0.542538
0.539729
0.536001
0.530768
0.522852
0.510345
0.490701
0.461161
0.419467
0.364697
0.297829
0.221699
0.140309
0.0579005
-0.0217833
-0.0958516
-0.1623
-0.219862
-0.267798
-0.305715
-0.333395
-0.350666
-0.35768
-0.354704
-0.342178
-0.320151
-0.289108
-0.249821
-0.203392
-0.151306
-0.0954015
-0.0377593
0.0194828
0.0743488
0.125221
0.170962
0.210946
0.245005
0.273327
0.296317
0.314464
0.328236
0.338002
0.344021
0.346473
0.345504
0.341273
0.333979
0.323871
0.311251
0.296466
0.279901
0.261978
0.243151
0.223893
0.204692
0.186032
0.168379
0.152162
0.137755
0.125475
0.115572
0.108211
0.103441
0.101274
0.101654
0.104451
0.109488
0.11655
0.125391
0.135752
0.147369
0.159984
0.173355
0.187254
0.201473
0.215814
0.230087
0.244104
0.257671
0.270583
0.282625
0.293567
0.30317
0.311195
0.317411
0.321617
0.323658
0.323443
0.320969
0.316328
0.309728
0.301485
0.292019
0.281823
0.271431
0.261385
0.252205
0.244372
0.238285
0.234343
0.23265
-0.259696
-0.292505
-0.347816
-0.416133
-0.480226
-0.526136
-0.54723
-0.546263
-0.528281
-0.498682
-0.466488
-0.44341
-0.44198
-0.471246
-0.533079
-0.622678
-0.732841
-0.8581
-0.996268
-1.14741
-1.31188
-1.48827
-1.67207
-1.85615
-2.03185
-2.19075
-2.3258
-2.43198
-2.50707
-2.55115
-2.5645
-2.54813
-2.50005
-2.42266
-2.31992
-2.19799
-2.06344
-1.92127
-1.77534
-1.63003
-1.49064
-1.3619
-1.24576
-1.14057
-1.04183
-0.943775
-0.841025
-0.730034
-0.610229
-0.48421
-0.356756
-0.233165
-0.117821
-0.0135212
0.0785145
0.158262
0.226442
0.284157
0.332634
0.373091
0.406657
0.434348
0.45706
0.475571
0.490557
0.502595
0.512182
0.519736
0.525612
0.530106
0.533461
0.535878
0.537513
0.538488
0.538887
0.538757
0.5381
0.536878
0.535002
0.532338
0.528669
0.52351
0.515925
0.504365
0.486717
0.460596
0.423914
0.375582
0.316061
0.247449
0.173037
0.0965742
0.0215983
-0.0489682
-0.112948
-0.168851
-0.215727
-0.253015
-0.280382
-0.297592
-0.304752
-0.302122
-0.290218
-0.269158
-0.239568
-0.202345
-0.158697
-0.110173
-0.058605
-0.00598379
0.0457269
0.0947892
0.139851
0.180024
0.214882
0.244385
0.268765
0.288401
0.3037
0.315007
0.322563
0.326512
0.326946
0.32396
0.317691
0.30833
0.296131
0.2814
0.264492
0.245806
0.225788
0.204921
0.183725
0.162736
0.142494
0.123518
0.106286
0.0912118
0.0786409
0.0688411
0.0619768
0.0580818
0.0571385
0.0590747
0.0637257
0.0708784
0.080279
0.0916413
0.104659
0.119017
0.134403
0.150515
0.167072
0.183812
0.200497
0.216903
0.232822
0.248052
0.262395
0.275655
0.287638
0.29815
0.30701
0.314049
0.319132
0.322164
0.323109
0.322001
0.318951
0.314156
0.307896
0.300529
0.292471
0.284174
0.2761
0.268693
0.262368
0.257475
0.254348
0.253115
-0.182595
-0.217195
-0.272101
-0.336418
-0.393297
-0.430192
-0.441827
-0.431492
-0.405139
-0.370257
-0.338048
-0.321236
-0.331248
-0.374316
-0.449441
-0.550267
-0.669468
-0.802117
-0.94645
-1.10264
-1.27104
-1.45025
-1.63591
-1.82112
-1.99743
-2.15667
-2.29207
-2.39889
-2.4749
-2.51991
-2.53414
-2.51802
-2.47079
-2.39533
-2.2956
-2.17755
-2.04721
-1.90922
-1.76754
-1.62674
-1.49205
-1.36748
-1.25411
-1.14964
-1.04951
-0.948463
-0.842075
-0.728004
-0.606762
-0.481488
-0.356778
-0.237225
-0.126356
-0.0262613
0.0622689
0.139381
0.205791
0.262494
0.310579
0.351122
0.385127
0.413506
0.437074
0.456548
0.472553
0.485634
0.496257
0.504824
0.511674
0.517091
0.521314
0.524533
0.526903
0.52854
0.529524
0.529898
0.529665
0.528786
0.527172
0.524694
0.521148
0.516145
0.508964
0.498397
0.482743
0.46
0.428293
0.386444
0.33449
0.273867
0.207158
0.137559
0.0682993
0.00222752
-0.0583865
-0.111874
-0.157092
-0.193312
-0.220076
-0.237074
-0.244375
-0.242211
-0.231151
-0.211408
-0.183731
-0.14912
-0.108859
-0.0645199
-0.0178833
0.0291953
0.0749612
0.117934
0.157025
0.191577
0.221329
0.246324
0.266801
0.283079
0.295455
0.304146
0.309266
0.310857
0.308947
0.3036
0.29494
0.283157
0.268506
0.251293
0.231877
0.210672
0.188153
0.164848
0.141331
0.118205
0.096078
0.0755332
0.0571045
0.0412498
0.0283457
0.0186771
0.0124016
0.00952402
0.00998649
0.0136889
0.0204185
0.0299138
0.0418732
0.055963
0.0718291
0.0891073
0.107434
0.126454
0.145834
0.165264
0.184463
0.203177
0.221178
0.238259
0.254228
0.268911
0.282142
0.293773
0.303668
0.311714
0.31783
0.321971
0.324143
0.324407
0.322889
0.319779
0.31533
0.309851
0.303699
0.297255
0.290913
0.285054
0.280034
0.276156
0.273707
0.272825
-0.113737
-0.151085
-0.206556
-0.26663
-0.314356
-0.338655
-0.336584
-0.313368
-0.277021
-0.237215
-0.206493
-0.19735
-0.219242
-0.275578
-0.363036
-0.474133
-0.601674
-0.741076
-0.890559
-1.05035
-1.22088
-1.40087
-1.58628
-1.77058
-1.94579
-2.10415
-2.23916
-2.3462
-2.42287
-2.46861
-2.48361
-2.46799
-2.42245
-2.35007
-2.25486
-2.14232
-2.01778
-1.88554
-1.74973
-1.61518
-1.48669
-1.36732
-1.25707
-1.15316
-1.05123
-0.94686
-0.836857
-0.720223
-0.598459
-0.474989
-0.353976
-0.239173
-0.133245
-0.0376425
0.0471944
0.121527
0.186033
0.24159
0.289148
0.329644
0.363963
0.392917
0.417241
0.437589
0.45454
0.4686
0.48021
0.489748
0.497538
0.503852
0.508919
0.512924
0.516014
0.518302
0.519863
0.520739
0.520931
0.520403
0.519074
0.516822
0.51346
0.508683
0.501947
0.492349
0.478573
0.459
0.432004
0.396409
0.351941
0.299468
0.240914
0.17889
0.11623
0.0556047
-0.000719633
-0.0509691
-0.0938477
-0.128481
-0.15429
-0.170896
-0.178289
-0.176721
-0.16676
-0.148725
-0.123451
-0.0920056
-0.0557047
-0.0160935
0.0251458
0.0663303
0.105938
0.14275
0.175926
0.205001
0.229833
0.250503
0.267216
0.280201
0.289633
0.295596
0.29809
0.297078
0.292544
0.284534
0.273166
0.258627
0.241164
0.221078
0.198734
0.174566
0.149089
0.122894
0.0966297
0.0709812
0.0466376
0.0242583
0.00444012
-0.0123121
-0.0255907
-0.0350935
-0.0406757
-0.0423719
-0.0402935
-0.0345783
-0.0255027
-0.0133918
0.00139129
0.0184552
0.0373933
0.0577925
0.0792414
0.101339
0.123706
0.145987
0.167866
0.189057
0.209315
0.228426
0.246206
0.262497
0.277163
0.290091
0.30119
0.310393
0.317663
0.322996
0.326431
0.328052
0.327995
0.326444
0.323631
0.319831
0.315352
0.310523
0.305679
0.301148
0.297235
0.294207
0.292308
0.291683
-0.0611498
-0.100774
-0.15695
-0.212542
-0.249758
-0.258751
-0.23971
-0.201065
-0.153607
-0.108995
-0.0802621
-0.0787853
-0.111705
-0.179862
-0.277888
-0.39794
-0.532932
-0.678085
-0.831632
-0.993793
-1.1649
-1.34375
-1.52675
-1.70795
-1.88006
-2.03584
-2.16908
-2.27526
-2.35187
-2.39804
-2.41394
-2.39959
-2.35685
-2.28894
-2.19974
-2.0941
-1.97664
-1.85151
-1.72313
-1.59631
-1.4751
-1.36131
-1.25398
-1.15011
-1.04594
-0.9382
-0.825115
-0.70698
-0.586016
-0.465592
-0.349215
-0.239746
-0.139063
-0.0480921
0.0329842
0.104483
0.167015
0.221339
0.268267
0.308607
0.343131
0.372558
0.397545
0.418687
0.436514
0.451495
0.464042
0.474511
0.483208
0.490394
0.496285
0.501059
0.504857
0.507787
0.509922
0.511301
0.511927
0.511767
0.510747
0.508762
0.505645
0.501155
0.494892
0.486205
0.47412
0.457386
0.43466
0.404846
0.367479
0.322981
0.27269
0.218641
0.16322
0.108825
0.0576183
0.0113949
-0.0284621
-0.0609662
-0.0854354
-0.101431
-0.108874
-0.108024
-0.099417
-0.0834629
-0.0610358
-0.0332243
-0.00132667
0.0331845
0.0687656
0.103935
0.137417
0.16824
0.195776
0.219711
0.239965
0.256612
0.269787
0.279607
0.28612
0.289287
0.289015
0.285206
0.27782
0.266891
0.252531
0.234914
0.214269
0.190891
0.165154
0.13753
0.108596
0.0790244
0.0495613
0.0209907
-0.00590417
-0.030381
-0.0517766
-0.0695388
-0.08323
-0.0925319
-0.0973157
-0.0976633
-0.09375
-0.0857592
-0.074045
-0.0590126
-0.0411026
-0.020778
0.00149235
0.0252424
0.0500149
0.0753686
0.100884
0.126174
0.150885
0.174711
0.197387
0.218692
0.238449
0.256514
0.272776
0.287155
0.299597
0.310073
0.318586
0.325165
0.329878
0.332827
0.334153
0.334038
0.332698
0.330382
0.327361
0.323921
0.320354
0.316943
0.313955
0.311623
0.310161
0.309709
-0.0367501
-0.0754377
-0.130033
-0.179175
-0.203907
-0.195225
-0.15671
-0.101002
-0.0419551
0.00729568
0.034066
0.0286735
-0.0136487
-0.0911934
-0.197733
-0.325375
-0.466517
-0.616301
-0.772903
-0.936238
-1.10641
-1.28232
-1.46084
-1.63677
-1.80368
-1.95494
-2.0848
-2.18889
-2.26465
-2.31096
-2.32795
-2.31579
-2.27711
-2.21498
-2.13294
-2.03515
-1.92574
-1.80893
-1.68933
-1.57128
-1.45769
-1.3491
-1.24392
-1.13942
-1.03278
-0.922109
-0.807079
-0.689003
-0.570412
-0.454289
-0.343347
-0.239609
-0.144302
-0.0579657
0.01938
0.0880573
0.148595
0.201633
0.247855
0.287951
0.322587
0.352396
0.377964
0.399825
0.418464
0.434312
0.447751
0.459115
0.468692
0.476727
0.483425
0.488955
0.493454
0.497022
0.499731
0.50162
0.502694
0.502924
0.502246
0.50057
0.497755
0.493612
0.487847
0.480003
0.469399
0.455115
0.4361
0.411409
0.380496
0.343468
0.30118
0.255134
0.207248
0.159584
0.11411
0.072553
0.0363097
0.00642973
-0.0163354
-0.0315076
-0.0389494
-0.0389044
-0.0318483
-0.0182517
0.00101673
0.0248945
0.0521465
0.0814162
0.111333
0.140634
0.168282
0.193528
0.215912
0.235209
0.251356
0.264375
0.274306
0.281144
0.284811
0.285165
0.282038
0.275296
0.264883
0.250824
0.233212
0.212194
0.187978
0.160856
0.131229
0.0996273
0.0667181
0.0332819
0.000180281
-0.0316897
-0.0614433
-0.0882531
-0.11139
-0.130259
-0.144396
-0.153468
-0.157363
-0.156213
-0.150265
-0.139751
-0.125112
-0.106849
-0.0854942
-0.0615998
-0.0357104
-0.00835386
0.0199641
0.0487639
0.077595
0.106042
0.133729
0.160328
0.185562
0.209206
0.231082
0.251062
0.269056
0.28501
0.298903
0.310741
0.320559
0.328416
0.334403
0.338637
0.341268
0.342473
0.342457
0.341448
0.33969
0.337439
0.334951
0.332474
0.330245
0.328472
0.327344
0.326998
-0.0474581
-0.0846803
-0.135785
-0.175042
-0.182866
-0.152305
-0.0911224
-0.0167014
0.0536686
0.106916
0.131642
0.120457
0.0712617
-0.0131805
-0.126452
-0.259783
-0.405431
-0.558555
-0.716997
-0.880251
-1.04815
-1.21963
-1.39202
-1.56094
-1.72081
-1.86584
-1.99078
-2.09157
-2.16567
-2.21177
-2.23004
-2.22094
-2.1873
-2.13176
-2.05743
-1.96795
-1.8673
-1.75985
-1.64995
-1.54096
-1.43444
-1.32999
-1.22593
-1.12023
-1.01135
-0.898853
-0.783584
-0.667431
-0.552802
-0.442058
-0.337113
-0.239289
-0.149333
-0.0675296
0.00618245
0.0720949
0.130648
0.182369
0.227826
0.267603
0.302273
0.332386
0.358461
0.380977
0.400371
0.41704
0.431334
0.443563
0.453996
0.462862
0.470355
0.476636
0.481832
0.48604
0.489331
0.491742
0.493283
0.493931
0.493632
0.49231
0.489855
0.486114
0.480873
0.47382
0.464497
0.452268
0.436366
0.416032
0.390738
0.360402
0.32551
0.287109
0.246669
0.20588
0.166452
0.129963
0.0977528
0.0708748
0.0501073
0.0359496
0.0285877
0.0278115
0.0332237
0.0443303
0.0603103
0.0801708
0.102781
0.126936
0.151458
0.175308
0.197665
0.217961
0.235846
0.251133
0.263726
0.273571
0.280596
0.284676
0.28562
0.283198
0.277189
0.267438
0.253876
0.236507
0.215389
0.190637
0.162439
0.131098
0.0970689
0.0609748
0.0235994
-0.0141446
-0.0512652
-0.0867459
-0.119601
-0.148922
-0.173923
-0.193971
-0.208581
-0.217407
-0.220352
-0.217598
-0.209464
-0.196228
-0.178424
-0.156653
-0.131558
-0.103794
-0.0739967
-0.0427696
-0.0106744
0.0217691
0.0540825
0.0858298
0.11662
0.146113
0.174023
0.20012
0.224232
0.24624
0.266072
0.283697
0.299122
0.312384
0.323544
0.332689
0.33993
0.345399
0.349253
0.351667
0.352838
0.35298
0.352316
0.351078
0.349494
0.34779
0.346176
0.344842
0.343958
0.343658
-0.0844833
-0.126345
-0.173105
-0.202283
-0.190492
-0.132892
-0.0444852
0.0503614
0.13118
0.186545
0.208762
0.193587
0.139812
0.0502188
-0.0674381
-0.204085
-0.352278
-0.507051
-0.665862
-0.827761
-0.992249
-1.15824
-1.32344
-1.48417
-1.63577
-1.77327
-1.89208
-1.98852
-2.06019
-2.1058
-2.12545
-2.11989
-2.09159
-2.04273
-1.97604
-1.89501
-1.80367
-1.70622
-1.60614
-1.5055
-1.4047
-1.30298
-1.19911
-1.09218
-0.982034
-0.869465
-0.756025
-0.643672
-0.534365
-0.429762
-0.331095
-0.239169
-0.154416
-0.0769753
-0.00676299
0.0564629
0.113056
0.163442
0.208089
0.247486
0.282121
0.312471
0.33899
0.362106
0.38221
0.399662
0.414781
0.427853
0.439126
0.448815
0.457099
0.46413
0.470028
0.474886
0.478771
0.481724
0.483757
0.484853
0.484972
0.484054
0.482013
0.478728
0.47404
0.467743
0.459539
0.449019
0.435658
0.418902
0.398304
0.3737
0.345329
0.313879
0.28042
0.246275
0.21286
0.181548
0.153559
0.129893
0.111315
0.0983241
0.0911393
0.0895972
0.09339
0.10204
0.11481
0.130811
0.149048
0.168487
0.188151
0.207208
0.225021
0.24115
0.255302
0.267276
0.276912
0.284057
0.288531
0.290098
0.288475
0.283365
0.274512
0.261741
0.244953
0.224114
0.199237
0.170399
0.137786
0.101748
0.0628269
0.0217735
-0.0204833
-0.0628834
-0.104298
-0.143595
-0.179695
-0.211624
-0.238548
-0.259809
-0.274907
-0.283488
-0.285463
-0.281059
-0.270662
-0.254587
-0.233456
-0.207978
-0.178909
-0.14702
-0.113058
-0.0777135
-0.0416187
-0.00533968
0.0306163
0.0657967
0.099802
0.132287
0.162962
0.1916
0.218033
0.24215
0.263895
0.283258
0.300269
0.314988
0.327505
0.33793
0.346391
0.353036
0.358027
0.361544
0.363777
0.364928
0.365207
0.364827
0.363999
0.362927
0.361803
0.360803
0.360084
0.359776
-0.118226
-0.161654
-0.207917
-0.22792
-0.20416
-0.125419
-0.0118563
0.102079
0.190175
0.243815
0.2633
0.2456
0.188317
0.0955768
-0.0237468
-0.161058
-0.309312
-0.463545
-0.620925
-0.780074
-0.940116
-1.09986
-1.25726
-1.40923
-1.55193
-1.6812
-1.79311
-1.88448
-1.95314
-1.99795
-2.01882
-2.01659
-1.99322
-1.95058
-1.89133
-1.81893
-1.73722
-1.64957
-1.55824
-1.46411
-1.36708
-1.26668
-1.16267
-1.05538
-0.945812
-0.835463
-0.726031
-0.619137
-0.516146
-0.418102
-0.325744
-0.239548
-0.159768
-0.0864808
-0.019615
0.0410149
0.0956834
0.14473
0.188535
0.227504
0.26205
0.292583
0.319498
0.34317
0.36395
0.382157
0.398083
0.411985
0.424093
0.434602
0.443681
0.45147
0.458083
0.463608
0.468109
0.471629
0.474183
0.475762
0.476343
0.47588
0.474306
0.471524
0.467421
0.461858
0.454653
0.445556
0.43424
0.420337
0.403519
0.383618
0.360735
0.3353
0.308059
0.279999
0.252241
0.225921
0.202098
0.181674
0.16536
0.153631
0.146726
0.144541
0.146859
0.153248
0.163079
0.175592
0.189946
0.205288
0.220833
0.235925
0.250069
0.262896
0.274125
0.283505
0.290794
0.295736
0.298038
0.297367
0.293361
0.285684
0.274055
0.258275
0.238202
0.213742
0.184853
0.151587
0.114158
0.0729956
0.0287751
-0.0175964
-0.0650245
-0.112295
-0.158146
-0.201341
-0.240727
-0.275275
-0.304122
-0.326593
-0.342184
-0.350534
-0.351562
-0.345525
-0.332872
-0.313937
-0.289426
-0.260143
-0.226962
-0.190779
-0.152461
-0.112806
-0.072527
-0.0322487
0.00748777
0.0462132
0.0835228
0.119072
0.152575
0.18381
0.212616
0.238891
0.262594
0.283731
0.302352
0.318541
0.332408
0.344085
0.353719
0.361472
0.367514
0.372028
0.375202
0.377234
0.378321
0.378663
0.378458
0.377895
0.377153
0.376397
0.375773
0.37541
-0.132821
-0.16378
-0.210238
-0.230533
-0.198801
-0.109408
0.0139907
0.135055
0.226215
0.277886
0.293415
0.272342
0.212832
0.119945
0.0021514
-0.13283
-0.278378
-0.429574
-0.583398
-0.738115
-0.892515
-1.04526
-1.19445
-1.33747
-1.47111
-1.59192
-1.69665
-1.78257
-1.84782
-1.89139
-1.91295
-1.91333
-1.89413
-1.85728
-1.80553
-1.74206
-1.66972
-1.59055
-1.50562
-1.41534
-1.31997
-1.22002
-1.11648
-1.01069
-0.904209
-0.798573
-0.695128
-0.594953
-0.498877
-0.407519
-0.321326
-0.240608
-0.165543
-0.0961955
-0.0325264
0.0255963
0.0783795
0.126089
0.16903
0.207538
0.241957
0.272635
0.299912
0.324114
0.345548
0.364499
0.381224
0.395957
0.408904
0.420244
0.430131
0.438696
0.446043
0.452258
0.457402
0.46152
0.464632
0.466735
0.467823
0.467863
0.466803
0.46457
0.461083
0.456254
0.449974
0.442103
0.432457
0.420817
0.406975
0.390805
0.372349
0.351874
0.329887
0.307101
0.284364
0.262581
0.242624
0.225274
0.211161
0.200725
0.194217
0.191586
0.192684
0.197146
0.204458
0.213997
0.225091
0.237071
0.249329
0.261359
0.27275
0.283154
0.292252
0.299727
0.305258
0.308495
0.309046
0.306473
0.30034
0.290262
0.275939
0.257146
0.233705
0.205463
0.172331
0.134355
0.091802
0.0452191
-0.00455913
-0.0564464
-0.109174
-0.161375
-0.211668
-0.258729
-0.301347
-0.33846
-0.369189
-0.392854
-0.408952
-0.417113
-0.417265
-0.409685
-0.394872
-0.373164
-0.345332
-0.312268
-0.274954
-0.234414
-0.191643
-0.147558
-0.10297
-0.058574
-0.0149563
0.0273933
0.0680649
0.106718
0.143078
0.17693
0.208124
0.236572
0.262243
0.285159
0.305389
0.323033
0.338224
0.351111
0.361859
0.370644
0.377646
0.383052
0.387054
0.389843
0.391612
0.392553
0.392852
0.392689
0.392233
0.391639
0.391048
0.390585
-0.0924718
-0.136278
-0.18559
-0.202278
-0.165791
-0.0808246
0.0312307
0.141417
0.227768
0.281989
0.300827
0.277504
0.213709
0.120626
0.00676201
-0.122456
-0.26193
-0.407295
-0.555421
-0.704184
-0.852005
-0.997355
-1.13839
-1.2728
-1.39785
-1.51067
-1.60849
-1.68905
-1.7507
-1.79259
-1.81417
-1.81641
-1.80081
-1.76943
-1.72473
-1.66896
-1.60378
-1.53015
-1.44873
-1.36027
-1.26593
-1.16728
-1.06608
-0.964063
-0.862735
-0.763269
-0.66654
-0.573197
-0.483735
-0.398547
-0.317944
-0.242163
-0.171357
-0.105596
-0.0448659
0.0109223
0.0619243
0.108348
0.15044
0.188474
0.222738
0.253524
0.281123
0.305815
0.327867
0.347526
0.365022
0.380559
0.394323
0.406476
0.417157
0.426485
0.43456
0.441462
0.447252
0.451974
0.455652
0.458295
0.459906
0.460467
0.459938
0.458265
0.455387
0.451246
0.445777
0.438907
0.430547
0.420589
0.408927
0.395498
0.380336
0.36362
0.345697
0.327079
0.308397
0.290351
0.273647
0.258935
0.246766
0.237535
0.231477
0.228598
0.228805
0.231816
0.23723
0.244561
0.253283
0.262881
0.272883
0.282878
0.292491
0.30136
0.30911
0.315355
0.319698
0.321712
0.320921
0.316816
0.308902
0.296754
0.280032
0.258463
0.231803
0.199842
0.162464
0.11975
0.0720715
0.0201265
-0.0350693
-0.0922491
-0.149984
-0.206777
-0.261154
-0.311731
-0.357265
-0.396681
-0.429098
-0.453846
-0.470426
-0.478462
-0.477881
-0.468959
-0.45225
-0.42807
-0.397237
-0.360713
-0.319575
-0.274961
-0.227988
-0.179693
-0.13099
-0.0826512
-0.0353132
0.0105067
0.0543902
0.0960006
0.135071
0.171401
0.204851
0.235346
0.262866
0.28745
0.309177
0.328169
0.344572
0.358553
0.370294
0.37998
0.387806
0.393964
0.398648
0.40205
0.40436
0.405763
0.406441
0.406566
0.4063
0.405794
0.405181
0.404586
-0.111127
-0.143025
-0.169592
-0.167599
-0.127749
-0.0541084
0.0391008
0.132006
0.2071
0.254858
0.269692
0.248372
0.191822
0.104897
-0.00425496
-0.127528
-0.259465
-0.396727
-0.536866
-0.677857
-0.817931
-0.955352
-1.08821
-1.21434
-1.33131
-1.43664
-1.52799
-1.6034
-1.66131
-1.70101
-1.72237
-1.72647
-1.71461
-1.6884
-1.64938
-1.5988
-1.53754
-1.46646
-1.38668
-1.29974
-1.20756
-1.11217
-1.01546
-0.919008
-0.823947
-0.731085
-0.640979
-0.554045
-0.47062
-0.390995
-0.31542
-0.244095
-0.17716
-0.114687
-0.0566804
-0.00307923
0.0462338
0.091422
0.132684
0.170242
0.204336
0.235208
0.263102
0.288258
0.310902
0.331247
0.349493
0.365818
0.380385
0.393337
0.404802
0.414886
0.423684
0.431269
0.437704
0.443032
0.447283
0.450475
0.452618
0.453706
0.453712
0.452594
0.450309
0.446818
0.442085
0.436081
0.428774
0.420132
0.410123
0.398738
0.386022
0.372114
0.357268
0.341855
0.326348
0.311285
0.297226
0.284706
0.274188
0.266031
0.260425
0.257454
0.257062
0.259052
0.263128
0.268928
0.276054
0.284104
0.292697
0.301464
0.310033
0.31801
0.32497
0.330474
0.33406
0.335225
0.333421
0.328081
0.318675
0.304742
0.285894
0.261782
0.232076
0.196503
0.154946
0.107565
0.054874
-0.00224286
-0.0625808
-0.124702
-0.187037
-0.247992
-0.306025
-0.359718
-0.407816
-0.449248
-0.483142
-0.508839
-0.525849
-0.533789
-0.532595
-0.522539
-0.504208
-0.47789
-0.44443
-0.404838
-0.360265
-0.311946
-0.261114
-0.208916
-0.156369
-0.104329
-0.0534896
-0.00440159
0.0425029
0.0868874
0.128494
0.167134
0.202683
0.235075
0.264308
0.290428
0.313533
0.333755
0.351256
0.366218
0.378835
0.389307
0.397837
0.404625
0.40987
0.413765
0.416501
0.418259
0.419218
0.419544
0.419396
0.41892
0.418246
0.417497
-0.108019
-0.122851
-0.132146
-0.124507
-0.0929123
-0.0378403
0.031462
0.101578
0.15987
0.197665
0.209541
0.191851
0.143386
0.0671224
-0.0307796
-0.144037
-0.26721
-0.39593
-0.527188
-0.659014
-0.78983
-0.918024
-1.04178
-1.15907
-1.26771
-1.36548
-1.45038
-1.52061
-1.57484
-1.61266
-1.63432
-1.64053
-1.63191
-1.60924
-1.57328
-1.52483
-1.46491
-1.39497
-1.31682
-1.2326
-1.14448
-1.05443
-0.964037
-0.87443
-0.786392
-0.70045
-0.616984
-0.536303
-0.458683
-0.384377
-0.313608
-0.246559
-0.18336
-0.124087
-0.0687517
-0.0173159
0.0303089
0.0742498
0.114664
0.151731
0.185642
0.216595
0.24479
0.270423
0.29368
0.314741
0.333769
0.350919
0.366328
0.380122
0.39241
0.403292
0.41285
0.421158
0.428274
0.434247
0.439106
0.442882
0.445591
0.447236
0.447804
0.447269
0.445606
0.442788
0.438802
0.433639
0.427302
0.419801
0.411149
0.401381
0.390562
0.378819
0.366354
0.353449
0.340463
0.327811
0.31593
0.305248
0.296154
0.288976
0.283862
0.280947
0.280209
0.281531
0.284715
0.289505
0.295606
0.302707
0.31048
0.318575
0.326605
0.334137
0.340707
0.34583
0.348986
0.349606
0.347074
0.340767
0.330107
0.314582
0.293731
0.267116
0.234325
0.195046
0.149203
0.0970778
0.0393658
-0.0228506
-0.0881793
-0.155026
-0.221707
-0.286546
-0.347959
-0.404513
-0.454953
-0.498223
-0.533467
-0.56004
-0.57746
-0.58534
-0.583636
-0.572609
-0.552866
-0.524658
-0.488839
-0.446447
-0.398689
-0.346889
-0.292381
-0.236429
-0.180156
-0.124507
-0.0702441
-0.0179592
0.031897
0.0789861
0.123059
0.16394
0.201519
0.235746
0.26663
0.29423
0.318655
0.34005
0.35859
0.374471
0.387898
0.399084
0.408241
0.415578
0.4213
0.425605
0.428683
0.430717
0.431881
0.432342
0.432253
0.431759
0.430986
0.430055
-0.103051
-0.110078
-0.113023
-0.104856
-0.0801345
-0.0386799
0.0129722
0.0647639
0.107794
0.135185
0.142384
0.126043
0.0843381
0.0184513
-0.0677727
-0.16945
-0.281768
-0.400604
-0.522732
-0.64569
-0.76753
-0.886558
-1.0011
-1.10939
-1.20955
-1.2997
-1.37812
-1.44338
-1.49463
-1.53105
-1.55244
-1.55892
-1.55064
-1.52801
-1.49183
-1.44328
-1.38399
-1.3159
-1.24118
-1.16195
-1.08008
-0.997083
-0.914067
-0.831827
-0.75092
-0.671756
-0.594665
-0.519937
-0.447836
-0.378603
-0.312444
-0.249525
-0.189966
-0.133835
-0.0811477
-0.0318775
0.0140436
0.0567148
0.0962594
0.132817
0.166538
0.197576
0.226088
0.252224
0.276132
0.297951
0.317813
0.335841
0.352147
0.366835
0.380001
0.391729
0.402097
0.411171
0.419012
0.425668
0.431175
0.435571
0.438878
0.44111
0.442264
0.442331
0.441299
0.439156
0.435899
0.431536
0.426088
0.419589
0.412084
0.403633
0.394322
0.384274
0.373662
0.362713
0.351707
0.340967
0.330839
0.321671
0.313787
0.307465
0.302853
0.3001
0.299229
0.300192
0.302874
0.307105
0.312671
0.319314
0.326738
0.33459
0.342462
0.349896
0.356399
0.36145
0.364476
0.36484
0.361858
0.354847
0.343168
0.326237
0.303505
0.274437
0.238545
0.195511
0.145348
0.0885021
0.0258717
-0.0412582
-0.111322
-0.182592
-0.253291
-0.321686
-0.386169
-0.445303
-0.497848
-0.542768
-0.57923
-0.606603
-0.624416
-0.632273
-0.630158
-0.618311
-0.597352
-0.567499
-0.529598
-0.484703
-0.434064
-0.379072
-0.321156
-0.261684
-0.201886
-0.1428
-0.0852589
-0.0299037
0.0227904
0.0724783
0.118917
0.161942
0.201459
0.237431
0.269881
0.29888
0.324548
0.347041
0.366547
0.383272
0.397434
0.409257
0.418964
0.426771
0.432892
0.437527
0.440871
0.443108
0.444411
0.444945
0.444863
0.444308
0.443404
0.442267
-0.0988845
-0.102127
-0.10149
-0.0924914
-0.0718637
-0.0400834
-0.00181563
0.0360024
0.0666288
0.0845476
0.0859006
0.0681848
0.0301785
-0.0277106
-0.103462
-0.19393
-0.295433
-0.404297
-0.517252
-0.631606
-0.74516
-0.856029
-0.962471
-1.06279
-1.15531
-1.23841
-1.31071
-1.37123
-1.41864
-1.45162
-1.46981
-1.4733
-1.46244
-1.43796
-1.40107
-1.35334
-1.29665
-1.23296
-1.16417
-1.09192
-1.01759
-0.942261
-0.866764
-0.791729
-0.717643
-0.644905
-0.57385
-0.504777
-0.437946
-0.373587
-0.311888
-0.252997
-0.197016
-0.143999
-0.0939609
-0.0468757
-0.00268774
0.0386826
0.0773313
0.113365
0.146894
0.178031
0.206887
0.233569
0.258182
0.280823
0.301587
0.320563
0.337836
0.353489
0.367596
0.380232
0.391465
0.401358
0.40997
0.41735
0.423545
0.428594
0.432529
0.43537
0.437128
0.437808
0.43741
0.435936
0.433393
0.429798
0.425182
0.419594
0.413093
0.405757
0.397682
0.388992
0.379842
0.370425
0.360969
0.351735
0.343
0.335061
0.328197
0.322616
0.318496
0.315989
0.315161
0.316018
0.31851
0.322531
0.327917
0.334448
0.34184
0.349737
0.35772
0.365318
0.372022
0.377278
0.38046
0.380856
0.377707
0.370257
0.357789
0.339628
0.315124
0.283645
0.244651
0.197863
0.143428
0.0819916
0.0146646
-0.0570773
-0.13152
-0.206831
-0.281163
-0.352747
-0.419964
-0.481385
-0.535792
-0.582174
-0.61972
-0.64782
-0.666008
-0.673887
-0.671444
-0.658927
-0.636945
-0.605688
-0.56599
-0.518909
-0.465724
-0.40788
-0.346883
-0.284197
-0.221147
-0.158863
-0.0982517
-0.0400069
0.0153652
0.0675075
0.116178
0.161222
0.202558
0.240164
0.274074
0.304373
0.33119
0.354694
0.375081
0.392569
0.407388
0.41977
0.429949
0.438152
0.444596
0.449489
0.45303
0.455404
0.456786
0.45734
0.45722
0.456564
0.4555
0.454137
-0.0954843
-0.096627
-0.0941899
-0.0855519
-0.0689964
-0.0451159
-0.0171235
0.010077
0.0313158
0.0421417
0.0392675
0.020608
-0.014791
-0.0666801
-0.133671
-0.21361
-0.303946
-0.40193
-0.504791
-0.609924
-0.71498
-0.81786
-0.916662
-1.00962
-1.09507
-1.17149
-1.23759
-1.292
-1.33342
-1.36123
-1.37528
-1.37576
-1.36331
-1.33894
-1.30402
-1.26011
-1.20883
-1.15173
-1.09024
-1.02559
-0.958862
-0.890919
-0.82249
-0.754166
-0.68644
-0.619725
-0.554371
-0.490678
-0.428902
-0.369255
-0.311904
-0.256973
-0.20454
-0.154644
-0.107282
-0.0624254
-0.0200188
0.0200059
0.0577251
0.0932168
0.126557
0.157816
0.18706
0.214349
0.23974
0.263287
0.285042
0.305057
0.323387
0.340088
0.355217
0.368833
0.380996
0.391766
0.401198
0.409348
0.416269
0.422004
0.426591
0.430061
0.432436
0.433734
0.433969
0.433155
0.431307
0.428452
0.424626
0.419883
0.414289
0.40793
0.400908
0.393342
0.38538
0.377191
0.36897
0.360936
0.353325
0.346391
0.340367
0.335433
0.331788
0.329583
0.328917
0.329841
0.332348
0.336378
0.341802
0.348427
0.355978
0.364107
0.372394
0.380371
0.387518
0.393246
0.396863
0.397576
0.394539
0.386904
0.373857
0.354621
0.328441
0.294596
0.252532
0.202056
0.143491
0.0777039
0.00601198
-0.0699442
-0.148334
-0.227248
-0.304793
-0.37918
-0.448786
-0.5122
-0.568229
-0.615889
-0.654393
-0.683147
-0.701688
-0.709619
-0.706946
-0.693904
-0.671082
-0.638658
-0.597444
-0.548499
-0.493118
-0.432789
-0.369079
-0.303531
-0.237558
-0.172373
-0.108956
-0.0480553
0.00978825
0.0641999
0.114934
0.161844
0.204856
0.243963
0.279211
0.310695
0.338557
0.362973
0.384149
0.402314
0.417706
0.43057
0.441145
0.449669
0.456366
0.46145
0.465123
0.467575
0.468983
0.46951
0.46931
0.468522
0.467273
0.465665
-0.0933712
-0.0934436
-0.0904915
-0.0829826
-0.0700765
-0.0523725
-0.0322135
-0.0131999
0.0007132
0.00599565
-5.36049e-05
-0.0192038
-0.0523004
-0.0992182
-0.158919
-0.229731
-0.309662
-0.396579
-0.488304
-0.582674
-0.677581
-0.770994
-0.860979
-0.945708
-1.02347
-1.09273
-1.15196
-1.19993
-1.23607
-1.26024
-1.27227
-1.27238
-1.26128
-1.23995
-1.20953
-1.17126
-1.1264
-1.07618
-1.02175
-0.964156
-0.90432
-0.843051
-0.78104
-0.718875
-0.657053
-0.595992
-0.536042
-0.477496
-0.420597
-0.365536
-0.312455
-0.261452
-0.212575
-0.165836
-0.121212
-0.0786541
-0.0381004
0.000517096
0.0372631
0.0721935
0.105351
0.136767
0.166459
0.194436
0.220704
0.245264
0.268123
0.289292
0.308789
0.326643
0.342887
0.357568
0.370736
0.382445
0.392753
0.401722
0.409404
0.415852
0.421112
0.425225
0.428224
0.430139
0.430998
0.430825
0.429647
0.427498
0.424418
0.420464
0.415706
0.410228
0.404134
0.397539
0.390581
0.383414
0.376211
0.369161
0.36248
0.356381
0.351055
0.346694
0.343491
0.341604
0.341157
0.342228
0.344847
0.348986
0.35455
0.361368
0.369187
0.377672
0.386421
0.394973
0.402799
0.409262
0.413593
0.414901
0.412236
0.404642
0.391198
0.371017
0.343242
0.30709
0.262031
0.208008
0.145557
0.0757659
0.000139152
-0.0795533
-0.1614
-0.243442
-0.32376
-0.400554
-0.472208
-0.537328
-0.594747
-0.643509
-0.682851
-0.712188
-0.731063
-0.739079
-0.736264
-0.722829
-0.699337
-0.665969
-0.623511
-0.573017
-0.515795
-0.453361
-0.387331
-0.319311
-0.250787
-0.183047
-0.117138
-0.0538619
0.00620358
0.0626624
0.115262
0.163856
0.20838
0.248837
0.285284
0.317827
0.346615
0.371835
0.393702
0.412452
0.428333
0.441597
0.452494
0.461269
0.468152
0.473365
0.477113
0.479591
0.480976
0.481435
0.481121
0.480172
0.478717
0.476852
-0.0921373
-0.0918747
-0.0891682
-0.0831129
-0.0733881
-0.0606142
-0.0465833
-0.0339926
-0.0258656
-0.0249822
-0.0335385
-0.0530144
-0.0841419
-0.126881
-0.180466
-0.243582
-0.314589
-0.39169
-0.473041
-0.556806
-0.641175
-0.724372
-0.804657
-0.880351
-0.949863
-1.01173
-1.06465
-1.10778
-1.14061
-1.16293
-1.17459
-1.17583
-1.16721
-1.14949
-1.12359
-1.09053
-1.05135
-1.0071
-0.958767
-0.907296
-0.853532
-0.798229
-0.742048
-0.685558
-0.629243
-0.573511
-0.518704
-0.465102
-0.412931
-0.36236
-0.313505
-0.26643
-0.221152
-0.177647
-0.135855
-0.0957015
-0.0571007
-0.0199741
0.0157415
0.050086
0.0830734
0.114693
0.144911
0.173682
0.200951
0.226663
0.250768
0.273232
0.29403
0.31316
0.330632
0.346476
0.360731
0.373451
0.384695
0.394528
0.403006
0.410191
0.41614
0.420903
0.424526
0.42705
0.428516
0.42896
0.428419
0.426934
0.424552
0.421333
0.417345
0.412673
0.407416
0.401685
0.395607
0.389323
0.382989
0.376779
0.370881
0.365477
0.360746
0.356882
0.354069
0.352473
0.352232
0.353452
0.356194
0.360461
0.366194
0.373249
0.381403
0.390348
0.399706
0.40903
0.417769
0.425229
0.43054
0.432698
0.430631
0.423265
0.409565
0.388541
0.359248
0.32087
0.272951
0.215612
0.149618
0.0762689
-0.00277871
-0.0856671
-0.170439
-0.255114
-0.337757
-0.416565
-0.489931
-0.55648
-0.615071
-0.664771
-0.704836
-0.734693
-0.753885
-0.762017
-0.759137
-0.745429
-0.721426
-0.687319
-0.64387
-0.592131
-0.533418
-0.469265
-0.401322
-0.331243
-0.260573
-0.190661
-0.122613
-0.0572804
0.00472137
0.0629729
0.11721
0.167284
0.213137
0.254776
0.29227
0.325732
0.35532
0.381229
0.403682
0.422922
0.439204
0.45279
0.463935
0.472892
0.4799
0.485184
0.488956
0.491413
0.492735
0.493091
0.492633
0.491502
0.489825
0.487692
-0.0919124
-0.091749
-0.089676
-0.0851661
-0.0782114
-0.0694342
-0.0602433
-0.0526892
-0.0490959
-0.0516527
-0.0621356
-0.08177
-0.111183
-0.150388
-0.198817
-0.255434
-0.31889
-0.387659
-0.460135
-0.534697
-0.609744
-0.683712
-0.755084
-0.822403
-0.884298
-0.939556
-0.987182
-1.02631
-1.05628
-1.07691
-1.08813
-1.09014
-1.08338
-1.06846
-1.04615
-1.01729
-0.982784
-0.943538
-0.900436
-0.854317
-0.805953
-0.756042
-0.705201
-0.653967
-0.602805
-0.552108
-0.502206
-0.453367
-0.405798
-0.359648
-0.315005
-0.271897
-0.230301
-0.190146
-0.151327
-0.113723
-0.0772104
-0.0416856
-0.00707534
0.0266522
0.0594849
0.091369
0.122216
0.151916
0.180344
0.207378
0.232906
0.256836
0.279098
0.299651
0.318481
0.335598
0.351036
0.364845
0.377088
0.387827
0.397132
0.405075
0.411722
0.417136
0.421375
0.424494
0.426544
0.427573
0.427629
0.426761
0.425023
0.422478
0.419195
0.415257
0.410758
0.405803
0.400509
0.395004
0.389431
0.383946
0.378713
0.373894
0.369667
0.366213
0.363714
0.362342
0.362253
0.363578
0.366408
0.370785
0.376683
0.383997
0.39254
0.402044
0.412161
0.422453
0.432338
0.441037
0.447565
0.450783
0.449488
0.442483
0.428627
0.406839
0.376109
0.335627
0.285054
0.224723
0.155628
0.0792557
-0.00262947
-0.0881253
-0.175265
-0.262063
-0.346584
-0.427024
-0.501782
-0.5695
-0.629055
-0.679539
-0.720222
-0.750538
-0.77003
-0.778304
-0.775431
-0.761561
-0.737193
-0.702535
-0.658333
-0.605638
-0.545773
-0.480282
-0.410838
-0.339127
-0.266735
-0.19506
-0.125254
-0.0582142
0.00540976
0.0651733
0.120798
0.172129
0.219109
0.261751
0.300127
0.334361
0.364616
0.391095
0.414025
0.433657
0.450253
0.46408
0.475403
0.484478
0.491553
0.496857
0.500606
0.503001
0.504226
0.50445
0.503826
0.502494
0.500584
0.498177
-0.0924384
-0.0926334
-0.091389
-0.0884109
-0.083868
-0.0783582
-0.073011
-0.06941
-0.0693567
-0.0745777
-0.086502
-0.106136
-0.134011
-0.170167
-0.214175
-0.265212
-0.322172
-0.383763
-0.448599
-0.515252
-0.582299
-0.648346
-0.712048
-0.772128
-0.827406
-0.876845
-0.919549
-0.954697
-0.981767
-1.00057
-1.01105
-1.01336
-1.00785
-0.995035
-0.975555
-0.950135
-0.919554
-0.884606
-0.846074
-0.804705
-0.761198
-0.716189
-0.670251
-0.623892
-0.577554
-0.531616
-0.486398
-0.442156
-0.399084
-0.357311
-0.316896
-0.277832
-0.240045
-0.203407
-0.167751
-0.13289
-0.098645
-0.0648673
-0.0314598
0.00161051
0.0343085
0.0665354
0.0981404
0.128937
0.158721
0.18729
0.214457
0.240061
0.26398
0.28613
0.306468
0.324989
0.341716
0.356699
0.369996
0.381684
0.391843
0.400557
0.407905
0.413963
0.418804
0.422495
0.425099
0.426676
0.427284
0.426981
0.425828
0.423891
0.421243
0.417965
0.414146
0.409884
0.405287
0.40047
0.395562
0.3907
0.386029
0.381701
0.377882
0.374746
0.372473
0.371245
0.371235
0.3726
0.375467
0.379916
0.385962
0.393546
0.402528
0.412689
0.423714
0.435164
0.446405
0.45655
0.464477
0.468901
0.468482
0.461911
0.447957
0.425474
0.39341
0.351004
0.29807
0.235165
0.163504
0.0847169
0.000631483
-0.0868486
-0.175776
-0.264183
-0.350138
-0.43184
-0.507688
-0.576333
-0.636666
-0.687792
-0.728996
-0.759714
-0.779487
-0.78793
-0.785132
-0.771201
-0.746598
-0.711563
-0.666831
-0.613456
-0.552766
-0.486311
-0.415775
-0.342861
-0.26918
-0.196163
-0.125
-0.0566213
0.00829052
0.0692666
0.126011
0.178362
0.226257
0.269711
0.3088
0.343652
0.374436
0.40136
0.424657
0.444583
0.461406
0.475397
0.486829
0.495962
0.50305
0.508327
0.512014
0.514314
0.515413
0.515481
0.514674
0.51313
0.51098
0.508296
-0.0935888
-0.0942932
-0.0939579
-0.0924301
-0.0899707
-0.087137
-0.0848496
-0.0843498
-0.0870459
-0.0943022
-0.107265
-0.126756
-0.153216
-0.186694
-0.226855
-0.273035
-0.324319
-0.379617
-0.437735
-0.497425
-0.557429
-0.616507
-0.673461
-0.727159
-0.776557
-0.820729
-0.858877
-0.89033
-0.914677
-0.931684
-0.94129
-0.943625
-0.938986
-0.927811
-0.910649
-0.888128
-0.860921
-0.829725
-0.795228
-0.758099
-0.718967
-0.678417
-0.636981
-0.595137
-0.55331
-0.511867
-0.471122
-0.431324
-0.39266
-0.355241
-0.319103
-0.284197
-0.250396
-0.217499
-0.185256
-0.153393
-0.121649
-0.0898072
-0.0577295
-0.0253704
0.00721569
0.039882
0.072405
0.104509
0.135894
0.166259
0.195326
0.222856
0.248662
0.272614
0.294639
0.314709
0.33284
0.349075
0.363487
0.376163
0.387199
0.396691
0.404736
0.411425
0.416845
0.421077
0.424199
0.426281
0.427391
0.427597
0.426966
0.425571
0.423485
0.42079
0.417572
0.413921
0.409935
0.405718
0.401384
0.397053
0.392852
0.388923
0.38542
0.38251
0.380375
0.379206
0.379195
0.380528
0.383367
0.387835
0.393997
0.401852
0.411318
0.422229
0.434301
0.447075
0.459837
0.471572
0.481001
0.486691
0.487177
0.481054
0.467033
0.443926
0.410676
0.366601
0.311694
0.246733
0.173121
0.0925906
0.00698275
-0.0818351
-0.171962
-0.26146
-0.348411
-0.431013
-0.507663
-0.577013
-0.637957
-0.689605
-0.731245
-0.762314
-0.782353
-0.790988
-0.788328
-0.77443
-0.749715
-0.714464
-0.66941
-0.615618
-0.554419
-0.487363
-0.416136
-0.342443
-0.267906
-0.193973
-0.121859
-0.0525188
0.0133361
0.0752143
0.132802
0.185925
0.234516
0.278586
0.318213
0.353527
0.384702
0.411946
0.4355
0.455623
0.472586
0.486667
0.498142
0.507277
0.514329
0.519538
0.523128
0.525304
0.526254
0.526151
0.525149
0.523386
0.520993
0.518036
-0.0952181
-0.0965045
-0.0970834
-0.0968857
-0.0962136
-0.0955758
-0.0957315
-0.0976655
-0.102487
-0.111277
-0.124953
-0.14418
-0.169321
-0.200418
-0.237202
-0.279128
-0.32543
-0.375181
-0.427352
-0.480855
-0.534582
-0.587434
-0.638348
-0.686319
-0.730426
-0.769845
-0.80388
-0.831977
-0.853767
-0.869017
-0.877681
-0.879875
-0.875852
-0.865986
-0.850752
-0.830692
-0.806397
-0.778475
-0.74754
-0.71419
-0.678995
-0.642492
-0.605179
-0.567508
-0.52989
-0.492687
-0.45621
-0.420711
-0.386375
-0.353309
-0.321526
-0.290937
-0.261353
-0.232486
-0.20398
-0.175444
-0.146502
-0.116844
-0.0862648
-0.0546932
-0.0221966
0.0110257
0.0446649
0.0783376
0.111625
0.144107
0.175397
0.205157
0.233133
0.259134
0.283049
0.304824
0.324473
0.342047
0.357633
0.371334
0.383262
0.393533
0.402262
0.409558
0.415526
0.420262
0.423857
0.426394
0.427953
0.428609
0.428439
0.427517
0.425923
0.423737
0.421042
0.417922
0.414466
0.410767
0.406924
0.403038
0.399224
0.395608
0.392333
0.389562
0.387476
0.386277
0.386176
0.38739
0.390119
0.394537
0.400772
0.408888
0.418875
0.430617
0.443846
0.458061
0.472439
0.485815
0.496751
0.503676
0.505017
0.499309
0.485238
0.461607
0.427386
0.381993
0.325604
0.259196
0.184319
0.102762
0.0163375
-0.0731572
-0.16389
-0.253969
-0.341492
-0.424653
-0.501836
-0.571682
-0.633081
-0.68514
-0.727144
-0.758522
-0.778814
-0.787664
-0.785204
-0.771428
-0.746717
-0.7114
-0.666226
-0.612269
-0.550865
-0.48356
-0.412029
-0.33797
-0.263001
-0.188571
-0.115907
-0.0459839
0.020468
0.0829355
0.141087
0.194733
0.243797
0.288286
0.328276
0.363896
0.395322
0.422766
0.446469
0.466693
0.483714
0.497813
0.50927
0.518355
0.525328
0.530432
0.533895
0.535924
0.53671
0.536423
0.53522
0.533236
0.530605
0.52738
-0.0971969
-0.0990894
-0.100545
-0.101543
-0.102396
-0.103561
-0.105669
-0.109508
-0.11596
-0.125882
-0.140008
-0.158872
-0.182768
-0.211727
-0.245526
-0.283706
-0.325621
-0.370477
-0.417383
-0.465389
-0.51352
-0.560805
-0.606305
-0.649129
-0.688466
-0.723594
-0.753895
-0.778903
-0.798282
-0.811835
-0.819523
-0.821444
-0.817819
-0.808975
-0.795323
-0.77734
-0.755543
-0.730473
-0.702675
-0.672685
-0.641025
-0.608188
-0.574641
-0.540816
-0.507114
-0.473896
-0.441483
-0.410138
-0.38006
-0.351358
-0.324034
-0.297965
-0.27289
-0.248421
-0.224066
-0.199283
-0.173541
-0.146397
-0.117549
-0.0868777
-0.0544549
-0.0205372
0.0144642
0.0500324
0.0856015
0.120605
0.154515
0.186893
0.217379
0.245713
0.271736
0.295388
0.316685
0.335693
0.352513
0.367269
0.380098
0.391139
0.400529
0.4084
0.414875
0.420069
0.424086
0.427024
0.428973
0.430018
0.430243
0.42973
0.428558
0.426811
0.424566
0.421904
0.418905
0.415652
0.412222
0.408706
0.405201
0.401819
0.398691
0.395972
0.393846
0.392521
0.39223
0.39322
0.395741
0.400027
0.406278
0.414639
0.425165
0.437787
0.452228
0.467917
0.483902
0.49886
0.511204
0.519244
0.521329
0.515972
0.501879
0.477878
0.44299
0.396744
0.339472
0.272311
0.196911
0.115071
0.0285442
-0.0609643
-0.15171
-0.241863
-0.329547
-0.412953
-0.490437
-0.560611
-0.622337
-0.674706
-0.716996
-0.748629
-0.769153
-0.778239
-0.776039
-0.762474
-0.737876
-0.702641
-0.657539
-0.603662
-0.542347
-0.47513
-0.403668
-0.329639
-0.254642
-0.180118
-0.107294
-0.0371533
0.0295576
0.0923073
0.150746
0.204669
0.253988
0.298703
0.338883
0.374657
0.4062
0.433723
0.45747
0.477705
0.494706
0.508756
0.520138
0.529125
0.53598
0.54095
0.544262
0.546128
0.546736
0.546261
0.544856
0.542656
0.539793
0.536311
-0.0994193
-0.10191
-0.104182
-0.106238
-0.108383
-0.111026
-0.114691
-0.120016
-0.127704
-0.138437
-0.152802
-0.171226
-0.193941
-0.220964
-0.252103
-0.286967
-0.325002
-0.365525
-0.407761
-0.450878
-0.49402
-0.536329
-0.576973
-0.615168
-0.650198
-0.681429
-0.708319
-0.73047
-0.747584
-0.759495
-0.766173
-0.767707
-0.764295
-0.756223
-0.743857
-0.727616
-0.707959
-0.685365
-0.660323
-0.633317
-0.604821
-0.575293
-0.545172
-0.514875
-0.484797
-0.45531
-0.42675
-0.399408
-0.373512
-0.349194
-0.326458
-0.305154
-0.284952
-0.265346
-0.245681
-0.225215
-0.20321
-0.179036
-0.152248
-0.122646
-0.0902939
-0.0555098
-0.018833
0.0190514
0.0573887
0.0954314
0.132492
0.167964
0.201351
0.232334
0.260727
0.28646
0.309555
0.330094
0.348205
0.364042
0.377772
0.389563
0.399582
0.407985
0.414917
0.420513
0.424895
0.428173
0.430449
0.43182
0.432376
0.432205
0.43139
0.430014
0.428154
0.425885
0.423279
0.420402
0.41732
0.414107
0.410842
0.407622
0.404564
0.401813
0.399552
0.397997
0.397403
0.398056
0.40026
0.40432
0.410519
0.41908
0.430125
0.443609
0.459225
0.476309
0.493771
0.510141
0.523704
0.53267
0.535345
0.530269
0.516213
0.492075
0.45694
0.410429
0.352983
0.285838
0.210695
0.129326
0.0434035
-0.0454702
-0.135651
-0.22538
-0.312817
-0.396154
-0.47371
-0.544067
-0.606032
-0.658659
-0.701189
-0.733035
-0.75376
-0.763089
-0.761208
-0.747941
-0.723565
-0.688555
-0.643716
-0.590157
-0.529213
-0.462404
-0.391361
-0.317732
-0.243088
-0.168849
-0.096231
-0.0262198
0.0404284
0.103167
0.161628
0.215592
0.264956
0.309709
0.349914
0.385696
0.417226
0.444716
0.46841
0.48857
0.505478
0.519417
0.530672
0.53952
0.546224
0.551033
0.554177
0.555866
0.556292
0.555627
0.554025
0.551617
0.548536
0.544811
-0.101795
-0.104855
-0.10787
-0.11085
-0.114086
-0.117936
-0.12284
-0.129316
-0.137926
-0.149217
-0.163655
-0.18158
-0.203169
-0.228427
-0.257181
-0.289093
-0.323683
-0.360357
-0.398439
-0.4372
-0.475884
-0.513734
-0.550017
-0.58404
-0.61517
-0.64285
-0.666615
-0.686115
-0.701094
-0.711416
-0.717061
-0.718116
-0.714758
-0.707247
-0.695909
-0.681118
-0.663282
-0.642831
-0.620202
-0.595835
-0.570162
-0.543608
-0.516587
-0.489507
-0.462762
-0.43674
-0.411809
-0.388304
-0.366501
-0.346579
-0.328573
-0.312327
-0.297453
-0.283317
-0.269062
-0.253684
-0.236161
-0.215593
-0.19133
-0.163045
-0.13077
-0.0948957
-0.0561255
-0.0153683
0.0263949
0.0681851
0.109048
0.148161
0.184931
0.21897
0.250054
0.278107
0.303164
0.325338
0.344795
0.361731
0.376351
0.388864
0.399467
0.408347
0.415677
0.421612
0.426291
0.429842
0.432379
0.434009
0.43483
0.434936
0.434414
0.433348
0.431812
0.429877
0.427603
0.425045
0.422255
0.419288
0.416205
0.413082
0.410021
0.407156
0.404663
0.40277
0.401755
0.401948
0.403713
0.407434
0.413477
0.422144
0.433609
0.447835
0.464467
0.482739
0.501438
0.518966
0.533495
0.543158
0.546256
0.541404
0.5275
0.503554
0.468721
0.422663
0.365853
0.299557
0.225472
0.14532
0.0606893
-0.0269217
-0.115977
-0.204801
-0.291595
-0.374546
-0.45193
-0.522287
-0.584378
-0.637207
-0.679976
-0.712067
-0.733041
-0.742668
-0.741175
-0.728298
-0.704254
-0.669614
-0.625225
-0.572215
-0.51191
-0.445806
-0.375505
-0.302616
-0.228673
-0.155065
-0.0829897
-0.0134273
0.0528608
0.115315
0.173552
0.227335
0.276545
0.321161
0.361237
0.39689
0.428288
0.45564
0.479188
0.499196
0.515944
0.529717
0.5408
0.549472
0.555996
0.560624
0.563586
0.565093
0.565336
0.564487
0.562697
0.560094
0.556811
0.552863
-0.104252
-0.107841
-0.111521
-0.115301
-0.11945
-0.124282
-0.130166
-0.137524
-0.146808
-0.158456
-0.172839
-0.190221
-0.210738
-0.234378
-0.260984
-0.290256
-0.321774
-0.355019
-0.389396
-0.424264
-0.458957
-0.492805
-0.525159
-0.555409
-0.582999
-0.607436
-0.628325
-0.645357
-0.658317
-0.667098
-0.671694
-0.672188
-0.668749
-0.661614
-0.651079
-0.637481
-0.621186
-0.602579
-0.582055
-0.560012
-0.536844
-0.512948
-0.488716
-0.464545
-0.440839
-0.418005
-0.396455
-0.376585
-0.358751
-0.343216
-0.330092
-0.31926
-0.310301
-0.302447
-0.294588
-0.285366
-0.273354
-0.257275
-0.236173
-0.209537
-0.17734
-0.140057
-0.0986228
-0.054218
-0.00812255
0.0382813
0.0837226
0.127203
0.167989
0.205593
0.239755
0.270403
0.297604
0.321523
0.342379
0.360422
0.375912
0.389101
0.400231
0.409524
0.41718
0.423379
0.428283
0.432034
0.43476
0.43658
0.437599
0.437917
0.437627
0.436811
0.435544
0.43389
0.431898
0.429612
0.427067
0.424299
0.421347
0.418267
0.415137
0.412079
0.409262
0.406921
0.405361
0.404956
0.406135
0.409358
0.415074
0.423658
0.435329
0.450049
0.467413
0.486568
0.5062
0.524601
0.539825
0.549945
0.553299
0.548641
0.535068
0.511748
0.477893
0.433128
0.377856
0.313282
0.241058
0.162843
0.0801506
-0.00560071
-0.0929887
-0.180431
-0.266184
-0.348447
-0.42543
-0.49564
-0.557737
-0.610699
-0.653689
-0.686076
-0.707407
-0.717452
-0.71645
-0.704078
-0.680499
-0.646384
-0.602634
-0.550393
-0.490976
-0.425845
-0.356576
-0.284731
-0.211797
-0.139127
-0.0678921
0.000936872
0.0665979
0.128522
0.18631
0.23971
0.288587
0.332906
0.37271
0.408109
0.439265
0.466385
0.489706
0.509491
0.526021
0.539578
0.550451
0.558915
0.565239
0.569671
0.572443
0.573765
0.573829
0.572804
0.57084
0.568062
0.564598
0.560452
-0.106732
-0.110803
-0.115069
-0.119535
-0.124444
-0.13007
-0.136723
-0.144748
-0.154509
-0.166357
-0.180585
-0.197397
-0.216892
-0.239045
-0.263706
-0.290607
-0.319377
-0.349557
-0.380621
-0.412003
-0.443113
-0.473359
-0.502166
-0.528996
-0.553358
-0.574824
-0.593053
-0.607778
-0.618823
-0.626107
-0.629637
-0.629502
-0.625863
-0.618944
-0.609013
-0.59638
-0.581374
-0.564345
-0.545646
-0.525638
-0.504684
-0.483148
-0.461406
-0.439845
-0.418874
-0.398927
-0.380467
-0.363977
-0.34993
-0.338735
-0.330654
-0.32568
-0.323411
-0.322934
-0.322808
-0.321178
-0.316045
-0.305596
-0.288464
-0.26388
-0.231728
-0.192585
-0.147715
-0.0986181
-0.0471185
0.00495016
0.0560194
0.104818
0.150406
0.19219
0.229885
0.263444
0.292994
0.31877
0.341071
0.360219
0.376541
0.390349
0.401933
0.411556
0.419455
0.425836
0.430882
0.434753
0.437594
0.43953
0.440679
0.441146
0.441026
0.440407
0.439359
0.437938
0.436187
0.434134
0.431799
0.429196
0.426338
0.423255
0.420003
0.416681
0.41345
0.41055
0.408306
0.407132
0.407519
0.410003
0.415119
0.423316
0.434863
0.449723
0.467452
0.487139
0.507393
0.526397
0.542067
0.552413
0.555877
0.551409
0.538399
0.516233
0.484141
0.441607
0.388839
0.326885
0.257308
0.181699
0.101529
0.0181588
-0.0670773
-0.152697
-0.237023
-0.318277
-0.394624
-0.464716
-0.526789
-0.579913
-0.623195
-0.655975
-0.677748
-0.688268
-0.687756
-0.675938
-0.652955
-0.619536
-0.576621
-0.525337
-0.467036
-0.403107
-0.335116
-0.264573
-0.192912
-0.121439
-0.0513008
0.0165497
0.0813527
0.142532
0.199675
0.252514
0.300898
0.344777
0.384184
0.419219
0.450038
0.476841
0.499863
0.519366
0.535626
0.548928
0.559557
0.567791
0.573896
0.578122
0.580701
0.581842
0.581735
0.580548
0.578429
0.575497
0.57188
0.567562
-0.109188
-0.113692
-0.11847
-0.123518
-0.129055
-0.135318
-0.142568
-0.151087
-0.161171
-0.173096
-0.187095
-0.203324
-0.221848
-0.242629
-0.265525
-0.290292
-0.316596
-0.344028
-0.372123
-0.400375
-0.428262
-0.455257
-0.480853
-0.504572
-0.525981
-0.544714
-0.560471
-0.573028
-0.582245
-0.588067
-0.590516
-0.589688
-0.585744
-0.578894
-0.569392
-0.55752
-0.54358
-0.527887
-0.510761
-0.492529
-0.473519
-0.454071
-0.434536
-0.415286
-0.39673
-0.379328
-0.363603
-0.350153
-0.339627
-0.33267
-0.329803
-0.331238
-0.336647
-0.344953
-0.354251
-0.361983
-0.365357
-0.361857
-0.349597
-0.327497
-0.29532
-0.253752
-0.20453
-0.149638
-0.0915105
-0.0324235
0.0255782
0.0808249
0.132136
0.178812
0.220557
0.257379
0.289493
0.317238
0.341018
0.36125
0.378348
0.392694
0.404641
0.414499
0.422543
0.42901
0.434107
0.438013
0.440886
0.442865
0.444074
0.444626
0.444621
0.444146
0.44327
0.442044
0.440501
0.438655
0.436508
0.434048
0.431263
0.42815
0.424734
0.421089
0.417356
0.413768
0.41066
0.408483
0.407789
0.409202
0.41335
0.420774
0.431801
0.446412
0.464144
0.484051
0.504662
0.52401
0.53988
0.550215
0.553659
0.549417
0.537236
0.516802
0.48732
0.448011
0.398742
0.340302
0.274122
0.201721
0.124569
0.0440132
-0.0387215
-0.122216
-0.204886
-0.284912
-0.360512
-0.430103
-0.492095
-0.545364
-0.588971
-0.622202
-0.644492
-0.655562
-0.655617
-0.644497
-0.622339
-0.589868
-0.548006
-0.497864
-0.440809
-0.378274
-0.311716
-0.242689
-0.17251
-0.102442
-0.0336087
0.0330624
0.096816
0.157071
0.213403
0.26553
0.313286
0.356605
0.395508
0.430085
0.460484
0.4869
0.509564
0.528733
0.544682
0.557695
0.568056
0.576041
0.581917
0.585933
0.58832
0.589286
0.589021
0.58769
0.585439
0.582381
0.578639
0.574183
-0.111587
-0.116474
-0.121694
-0.127231
-0.133282
-0.14005
-0.147756
-0.15663
-0.166911
-0.17882
-0.192537
-0.208177
-0.22578
-0.245296
-0.266586
-0.289425
-0.313511
-0.338475
-0.363901
-0.389337
-0.414317
-0.438371
-0.461049
-0.481928
-0.500628
-0.516832
-0.530281
-0.540791
-0.548256
-0.552644
-0.553996
-0.552417
-0.54807
-0.54116
-0.531927
-0.520635
-0.50756
-0.492989
-0.477213
-0.460524
-0.44322
-0.425607
-0.408002
-0.390754
-0.374259
-0.358996
-0.345562
-0.334705
-0.327325
-0.324415
-0.326897
-0.335324
-0.349501
-0.368129
-0.388654
-0.407548
-0.421002
-0.425676
-0.419135
-0.399982
-0.367786
-0.323522
-0.269187
-0.207507
-0.141409
-0.0738459
-0.00754494
0.0553429
0.113356
0.165675
0.212009
0.252447
0.28733
0.317136
0.342402
0.363672
0.381463
0.396245
0.408441
0.418418
0.426494
0.43294
0.437987
0.441835
0.444655
0.446598
0.447797
0.44837
0.448425
0.448047
0.447304
0.446241
0.444883
0.443231
0.441264
0.438946
0.436231
0.433079
0.429474
0.425448
0.421106
0.416661
0.412456
0.408983
0.40687
0.406842
0.40964
0.415906
0.426037
0.440058
0.457517
0.477412
0.498137
0.517642
0.533558
0.543678
0.546816
0.542819
0.531717
0.513571
0.487514
0.452391
0.407591
0.353525
0.291435
0.222751
0.149004
0.0715704
-0.0085333
-0.0896629
-0.170401
-0.248924
-0.323494
-0.392453
-0.45425
-0.507636
-0.55159
-0.585324
-0.608211
-0.619933
-0.620676
-0.610405
-0.589255
-0.557933
-0.517363
-0.46866
-0.413129
-0.352156
-0.287179
-0.219716
-0.151116
-0.0826018
-0.0152296
0.0501091
0.112664
0.171853
0.227243
0.278536
0.325554
0.368215
0.406528
0.440571
0.470485
0.496458
0.518715
0.537511
0.553118
0.565818
0.575892
0.583618
0.589259
0.593065
0.595265
0.596068
0.595661
0.594208
0.591851
0.588697
0.584866
0.580308
-0.113902
-0.119124
-0.124722
-0.130668
-0.137136
-0.144301
-0.152349
-0.161469
-0.171853
-0.183676
-0.197074
-0.212132
-0.228865
-0.247214
-0.267041
-0.288137
-0.310224
-0.332967
-0.35599
-0.378887
-0.401239
-0.422627
-0.442647
-0.460923
-0.477125
-0.490975
-0.502255
-0.510818
-0.516589
-0.519559
-0.519791
-0.517402
-0.512559
-0.505468
-0.496361
-0.485485
-0.473099
-0.459464
-0.444841
-0.429491
-0.413671
-0.397643
-0.381682
-0.366094
-0.351252
-0.337649
-0.325964
-0.317129
-0.312366
-0.313128
-0.320871
-0.336613
-0.360341
-0.390449
-0.42351
-0.454766
-0.479248
-0.492813
-0.492605
-0.47697
-0.445237
-0.398643
-0.339253
-0.270232
-0.195232
-0.118129
-0.0424463
0.0290846
0.0946459
0.153265
0.20465
0.248997
0.2868
0.318711
0.345433
0.367657
0.386025
0.401113
0.413422
0.423383
0.431362
0.437666
0.442554
0.446243
0.44892
0.450747
0.451863
0.452398
0.452458
0.452134
0.45149
0.450568
0.449384
0.447925
0.44615
0.443991
0.441363
0.438176
0.434354
0.429868
0.424777
0.419275
0.413726
0.408682
0.404865
0.403111
0.404276
0.409096
0.418057
0.431257
0.448224
0.467844
0.488502
0.508053
0.523942
0.533799
0.536424
0.532413
0.522549
0.50707
0.485086
0.454973
0.415511
0.366602
0.309203
0.244633
0.174519
0.100317
0.0231674
-0.0554515
-0.134075
-0.21098
-0.284417
-0.35269
-0.41423
-0.467704
-0.512013
-0.54629
-0.569853
-0.582339
-0.583908
-0.574632
-0.554648
-0.524642
-0.485528
-0.438414
-0.384562
-0.32533
-0.262122
-0.196365
-0.129386
-0.0624451
0.00341396
0.0673154
0.128567
0.186587
0.240937
0.291307
0.337504
0.379434
0.417092
0.450545
0.479925
0.505413
0.52723
0.545625
0.560869
0.573239
0.583017
0.590478
0.595885
0.599485
0.601509
0.602162
0.601633
0.600081
0.597648
0.594434
0.590553
0.585936
-0.116109
-0.121618
-0.127534
-0.133815
-0.140613
-0.14808
-0.156374
-0.16565
-0.176063
-0.187748
-0.200806
-0.215295
-0.231211
-0.248484
-0.266979
-0.286497
-0.306779
-0.32752
-0.348377
-0.36898
-0.38895
-0.407911
-0.4255
-0.441384
-0.455273
-0.466924
-0.476158
-0.48286
-0.486983
-0.488548
-0.487634
-0.484377
-0.478954
-0.471572
-0.462461
-0.45186
-0.440009
-0.427144
-0.413495
-0.399281
-0.384712
-0.369999
-0.355362
-0.341059
-0.327431
-0.314973
-0.304436
-0.296942
-0.294058
-0.297763
-0.310156
-0.332835
-0.366023
-0.407736
-0.453495
-0.497124
-0.532477
-0.554814
-0.5611
-0.549604
-0.519683
-0.472041
-0.40855
-0.332769
-0.249114
-0.162403
-0.0770334
0.0035582
0.0770881
0.142358
0.199047
0.247445
0.288216
0.3222
0.350288
0.37334
0.392139
0.407374
0.41964
0.429435
0.437177
0.44321
0.447821
0.451248
0.45369
0.455318
0.45628
0.456715
0.456731
0.456419
0.455844
0.455047
0.454035
0.452782
0.451221
0.449248
0.446725
0.443492
0.439399
0.434352
0.428373
0.421656
0.41461
0.407861
0.402224
0.398639
0.398062
0.401322
0.409004
0.421227
0.437475
0.456723
0.477326
0.496877
0.512545
0.521884
0.52392
0.519714
0.510992
0.498256
0.48068
0.456137
0.4227
0.379611
0.327403
0.267221
0.2009
0.130082
0.0559692
-0.0200869
-0.0965959
-0.171876
-0.244175
-0.311769
-0.373053
-0.426626
-0.471315
-0.506181
-0.530498
-0.543857
-0.546379
-0.538221
-0.519521
-0.490945
-0.453395
-0.407959
-0.355872
-0.298456
-0.23708
-0.173121
-0.107865
-0.0425309
0.021824
0.0842944
0.144195
0.200982
0.25423
0.303619
0.348943
0.390094
0.427054
0.459881
0.488695
0.513673
0.535028
0.553007
0.567876
0.57991
0.589389
0.596587
0.601765
0.605169
0.607029
0.607551
0.60692
0.605298
0.60282
0.599584
0.595697
0.591071
-0.118219
-0.123976
-0.130163
-0.136722
-0.143782
-0.151475
-0.15994
-0.169303
-0.179686
-0.191194
-0.203901
-0.217839
-0.23299
-0.249275
-0.266558
-0.284649
-0.303305
-0.322242
-0.341143
-0.359673
-0.377483
-0.394231
-0.40959
-0.423262
-0.434992
-0.444571
-0.451852
-0.456754
-0.459257
-0.459409
-0.457314
-0.453126
-0.447036
-0.439261
-0.430029
-0.419569
-0.408103
-0.395836
-0.382959
-0.369645
-0.356061
-0.342367
-0.32874
-0.315395
-0.30263
-0.290916
-0.281021
-0.274177
-0.272235
-0.277682
-0.293329
-0.321486
-0.362754
-0.414885
-0.472302
-0.527276
-0.572498
-0.602851
-0.615381
-0.608505
-0.581545
-0.534541
-0.468826
-0.38819
-0.297541
-0.20247
-0.108247
-0.0190955
0.0621269
0.133899
0.195793
0.248153
0.291784
0.327711
0.357014
0.380727
0.399784
0.414996
0.427053
0.436527
0.443889
0.449523
0.453742
0.456803
0.458919
0.460269
0.461012
0.461284
0.461204
0.460862
0.460327
0.459637
0.458792
0.45775
0.456414
0.454631
0.452196
0.448874
0.444446
0.438768
0.431849
0.423904
0.415392
0.40701
0.399655
0.394344
0.392111
0.393888
0.400326
0.411494
0.427065
0.446052
0.466598
0.486029
0.501279
0.509869
0.511118
0.506632
0.498679
0.488448
0.475175
0.456352
0.429335
0.392561
0.34596
0.290394
0.228026
0.16062
0.0894504
0.0158683
-0.0586313
-0.132384
-0.203634
-0.27063
-0.331724
-0.385452
-0.430575
-0.46609
-0.491237
-0.505563
-0.509138
-0.502186
-0.484843
-0.457763
-0.421827
-0.378105
-0.327802
-0.272214
-0.212674
-0.150513
-0.0869934
-0.0232932
0.0395478
0.100626
0.159206
0.214757
0.266876
0.315258
0.359683
0.400033
0.436277
0.46846
0.496697
0.521154
0.542041
0.559599
0.574091
0.585792
0.594977
0.601919
0.606878
0.6101
0.611813
0.612223
0.611515
0.60985
0.607363
0.604145
0.600302
0.595722
-0.120143
-0.126103
-0.132512
-0.13929
-0.146546
-0.154404
-0.162983
-0.172386
-0.182704
-0.194013
-0.206367
-0.21978
-0.234218
-0.249596
-0.265776
-0.282575
-0.299762
-0.317072
-0.334208
-0.350858
-0.366705
-0.381435
-0.394746
-0.406373
-0.416086
-0.42371
-0.429128
-0.432284
-0.433191
-0.431924
-0.428612
-0.423433
-0.416595
-0.408322
-0.398841
-0.388367
-0.377098
-0.365208
-0.352854
-0.34018
-0.327329
-0.314449
-0.301698
-0.289258
-0.277358
-0.26636
-0.256909
-0.250188
-0.248173
-0.253766
-0.270532
-0.301694
-0.348655
-0.409355
-0.477094
-0.54222
-0.596128
-0.633461
-0.65155
-0.649096
-0.6254
-0.580143
-0.514107
-0.43094
-0.335675
-0.234404
-0.133122
-0.0367968
0.0511041
0.12866
0.195255
0.251211
0.297421
0.335059
0.365373
0.389561
0.408701
0.423727
0.435424
0.444439
0.451296
0.456418
0.460144
0.462749
0.464458
0.465456
0.465912
0.465965
0.465733
0.465312
0.464772
0.46415
0.463439
0.462576
0.461427
0.459788
0.457391
0.453938
0.44916
0.442888
0.435127
0.426115
0.416355
0.406601
0.39781
0.39106
0.387448
0.387981
0.393305
0.403666
0.418811
0.437639
0.458116
0.477327
0.492014
0.499722
0.500072
0.495062
0.487508
0.479238
0.469642
0.456123
0.435456
0.40523
0.364556
0.313985
0.255718
0.191636
0.123217
0.0518933
-0.0208117
-0.0932346
-0.163611
-0.230161
-0.291191
-0.345176
-0.390816
-0.427055
-0.453104
-0.468471
-0.473171
-0.46747
-0.451515
-0.425942
-0.39162
-0.349593
-0.301043
-0.247237
-0.18948
-0.129067
-0.0672345
-0.005129
0.0562244
0.115936
0.173261
0.227628
0.27864
0.326017
0.369549
0.409101
0.444632
0.476177
0.50384
0.527782
0.548207
0.565352
0.579477
0.590854
0.599758
0.606458
0.611213
0.61427
0.615855
0.616175
0.615416
0.613736
0.611274
0.608114
0.604368
0.599892
-0.122063
-0.128196
-0.134798
-0.141743
-0.149121
-0.157066
-0.165696
-0.175092
-0.185315
-0.196418
-0.208433
-0.221358
-0.235144
-0.2497
-0.264886
-0.280523
-0.296391
-0.312236
-0.327779
-0.342725
-0.35678
-0.369651
-0.381065
-0.390776
-0.398582
-0.404335
-0.407943
-0.40938
-0.408688
-0.405969
-0.401379
-0.395118
-0.387407
-0.378479
-0.368557
-0.357847
-0.346534
-0.334781
-0.322745
-0.310585
-0.298466
-0.28656
-0.275021
-0.263965
-0.253472
-0.243657
-0.234868
-0.228039
-0.225086
-0.229215
-0.244791
-0.276311
-0.32669
-0.394427
-0.471317
-0.54535
-0.606549
-0.649447
-0.671824
-0.672739
-0.651596
-0.608125
-0.54273
-0.458711
-0.360988
-0.255856
-0.149756
-0.048207
0.044796
0.126932
0.197348
0.256271
0.304616
0.343646
0.374736
0.399216
0.418291
0.433006
0.444234
0.452694
0.458961
0.463495
0.46666
0.468746
0.469988
0.47058
0.470692
0.470464
0.470015
0.469446
0.468829
0.468199
0.467541
0.466772
0.465727
0.464162
0.461764
0.458194
0.453147
0.446432
0.438051
0.428261
0.417597
0.406853
0.397033
0.38926
0.384686
0.384371
0.389003
0.39896
0.413945
0.43276
0.453183
0.472092
0.486134
0.492958
0.492424
0.486801
0.479379
0.472234
0.465218
0.455977
0.441005
0.417151
0.382542
0.337469
0.28351
0.222732
0.156861
0.0875082
0.0162895
-0.0550953
-0.124858
-0.191185
-0.252331
-0.306715
-0.352983
-0.390031
-0.417047
-0.433508
-0.439375
-0.434933
-0.420349
-0.396251
-0.363488
-0.323088
-0.27621
-0.224096
-0.168024
-0.10926
-0.0490182
0.0115778
0.0715194
0.129927
0.186059
0.239325
0.289298
0.335709
0.378378
0.417162
0.452006
0.482936
0.510047
0.533495
0.553477
0.570228
0.584005
0.595077
0.603718
0.610195
0.614767
0.617679
0.619157
0.619411
0.618626
0.616962
0.61456
0.611493
0.607894
0.603566
-0.123585
-0.129891
-0.136699
-0.143814
-0.151304
-0.159309
-0.167937
-0.177277
-0.187367
-0.19824
-0.209915
-0.222375
-0.235559
-0.249367
-0.263659
-0.278258
-0.29295
-0.307489
-0.32161
-0.335032
-0.347473
-0.358657
-0.368329
-0.376264
-0.38228
-0.386249
-0.388103
-0.38784
-0.385527
-0.38129
-0.375311
-0.367809
-0.359031
-0.349227
-0.338642
-0.327506
-0.316029
-0.304413
-0.292854
-0.281553
-0.270707
-0.260486
-0.250992
-0.242206
-0.233973
-0.226075
-0.218462
-0.211676
-0.207389
-0.208991
-0.221748
-0.251769
-0.303743
-0.376515
-0.460402
-0.5412
-0.607649
-0.654261
-0.67933
-0.682277
-0.66271
-0.620468
-0.555812
-0.47179
-0.373182
-0.266266
-0.157615
-0.0530078
0.0432084
0.128398
0.201479
0.262539
0.312446
0.352488
0.384107
0.40872
0.427629
0.441966
0.452683
0.460557
0.466211
0.470138
0.472723
0.474271
0.475023
0.475181
0.474907
0.474344
0.473616
0.472823
0.47204
0.471302
0.47059
0.469812
0.468789
0.467254
0.464863
0.461244
0.456061
0.449109
0.440391
0.430178
0.419024
0.407746
0.397375
0.389077
0.384057
0.383415
0.387883
0.397869
0.412994
0.431934
0.452282
0.470792
0.484151
0.490198
0.488992
0.482896
0.475341
0.468477
0.462754
0.456306
0.44581
0.427731
0.399191
0.35994
0.310629
0.253296
0.189867
0.122211
0.0521292
-0.0185755
-0.0880558
-0.154444
-0.21594
-0.270905
-0.317933
-0.355882
-0.383922
-0.401508
-0.408555
-0.40534
-0.392074
-0.369372
-0.338073
-0.299187
-0.253855
-0.203297
-0.148769
-0.0915158
-0.0327289
0.0264842
0.0851276
0.142331
0.197359
0.249615
0.298645
0.34417
0.386027
0.424094
0.458297
0.488655
0.515254
0.538241
0.557813
0.5742
0.587656
0.598449
0.606851
0.61313
0.617542
0.620333
0.621729
0.62194
0.621155
0.619533
0.617218
0.61428
0.610892
0.606724
-0.125263
-0.131638
-0.13853
-0.145698
-0.153264
-0.161377
-0.170042
-0.179353
-0.18933
-0.199997
-0.211364
-0.223403
-0.236038
-0.249163
-0.262638
-0.276288
-0.289908
-0.303258
-0.316077
-0.328098
-0.339047
-0.348661
-0.356698
-0.362944
-0.367229
-0.369437
-0.369517
-0.367485
-0.36343
-0.35751
-0.349947
-0.34101
-0.331002
-0.320238
-0.309031
-0.297673
-0.286431
-0.275543
-0.265221
-0.255651
-0.246988
-0.239325
-0.232649
-0.226784
-0.221359
-0.215882
-0.209972
-0.203785
-0.198663
-0.198062
-0.207818
-0.234992
-0.285503
-0.359237
-0.446046
-0.53012
-0.599227
-0.647879
-0.674632
-0.67896
-0.660618
-0.619184
-0.555287
-0.471833
-0.37355
-0.26661
-0.15747
-0.0518904
0.0456113
0.132217
0.206683
0.268944
0.319766
0.360409
0.392314
0.416938
0.435636
0.449599
0.459834
0.467168
0.472261
0.475632
0.477683
0.478728
0.479017
0.478753
0.478094
0.477182
0.476142
0.475076
0.474065
0.473149
0.472313
0.471466
0.470425
0.468905
0.466537
0.462922
0.457719
0.450727
0.441964
0.431703
0.420493
0.409158
0.398748
0.390458
0.385493
0.385081
0.389872
0.400239
0.415712
0.434799
0.454954
0.472911
0.485523
0.490905
0.489293
0.482969
0.475107
0.467993
0.462435
0.457154
0.449438
0.435937
0.413347
0.380139
0.336193
0.282709
0.221787
0.155582
0.0862322
0.0157701
-0.0538305
-0.12062
-0.182737
-0.238485
-0.286417
-0.32536
-0.354468
-0.373185
-0.381382
-0.379347
-0.367313
-0.345894
-0.315924
-0.278401
-0.234451
-0.185277
-0.132118
-0.0761993
-0.0186982
0.039292
0.096785
0.152918
0.206959
0.25831
0.306512
0.351252
0.392375
0.429794
0.463423
0.493267
0.519407
0.541983
0.561187
0.577248
0.590419
0.600967
0.609162
0.615271
0.619551
0.622246
0.623585
0.623777
0.623015
0.621458
0.619264
0.616508
0.613377
0.60935
-0.126602
-0.133408
-0.140392
-0.147331
-0.154669
-0.16265
-0.171318
-0.180556
-0.190399
-0.200878
-0.21198
-0.223673
-0.235864
-0.248438
-0.26125
-0.274127
-0.28685
-0.299186
-0.310882
-0.32167
-0.331281
-0.339453
-0.345946
-0.350554
-0.353116
-0.353533
-0.351778
-0.347902
-0.342045
-0.334427
-0.325344
-0.31515
-0.304236
-0.293004
-0.281836
-0.271067
-0.260974
-0.25176
-0.243561
-0.23646
-0.230485
-0.225611
-0.221725
-0.218568
-0.215683
-0.212448
-0.208324
-0.203386
-0.198933
-0.198265
-0.206798
-0.230265
-0.275118
-0.343374
-0.426793
-0.51015
-0.580394
-0.630957
-0.659669
-0.665586
-0.648299
-0.607981
-0.544995
-0.462503
-0.365306
-0.259465
-0.151271
-0.0464441
0.0506393
0.13716
0.211834
0.274411
0.325526
0.366382
0.398367
0.422922
0.441417
0.45507
0.464918
0.471825
0.476477
0.479411
0.481041
0.481687
0.481603
0.480993
0.480006
0.478797
0.477484
0.476173
0.47495
0.473865
0.472909
0.471991
0.470913
0.469369
0.466984
0.463372
0.458219
0.451347
0.442778
0.432775
0.421877
0.410902
0.400913
0.393107
0.388576
0.38886
0.394284
0.405217
0.42106
0.440166
0.459907
0.477098
0.488861
0.493635
0.491798
0.48544
0.477361
0.469867
0.463724
0.458229
0.451412
0.440558
0.422692
0.395432
0.357865
0.309606
0.251983
0.187394
0.118467
0.0477175
-0.0225694
-0.0902526
-0.153362
-0.210151
-0.259144
-0.299163
-0.329358
-0.349192
-0.35851
-0.357557
-0.346626
-0.326344
-0.297537
-0.261193
-0.218426
-0.170428
-0.118426
-0.0636337
-0.00721519
0.049745
0.106267
0.161493
0.214693
0.265269
0.312759
0.356836
0.397332
0.434176
0.467314
0.496719
0.522466
0.544691
0.56358
0.579362
0.592289
0.602629
0.610651
0.616623
0.620801
0.623429
0.624736
0.624933
0.624214
0.622749
0.620711
0.618153
0.615285
0.611442
-0.126858
-0.13477
-0.142581
-0.149744
-0.157044
-0.164926
-0.173428
-0.182482
-0.192111
-0.202329
-0.213108
-0.224369
-0.236039
-0.248004
-0.260117
-0.272185
-0.283999
-0.295327
-0.305918
-0.315511
-0.323842
-0.33066
-0.335734
-0.338873
-0.339935
-0.338844
-0.335604
-0.330309
-0.323149
-0.314409
-0.304458
-0.293735
-0.282708
-0.271844
-0.261554
-0.252161
-0.243871
-0.23677
-0.230848
-0.226036
-0.222246
-0.219378
-0.217299
-0.215767
-0.214372
-0.212515
-0.209686
-0.206281
-0.20402
-0.205584
-0.215603
-0.236263
-0.272811
-0.329221
-0.402211
-0.480505
-0.550857
-0.604131
-0.6359
-0.644165
-0.628053
-0.589508
-0.528172
-0.447555
-0.352388
-0.248564
-0.142275
-0.0391684
0.0564896
0.142012
0.216062
0.278217
0.329076
0.369826
0.401745
0.426202
0.444554
0.458011
0.46762
0.474263
0.478643
0.481309
0.482684
0.483091
0.482782
0.481977
0.480789
0.47941
0.477947
0.476512
0.475188
0.474017
0.472982
0.471976
0.470792
0.469137
0.466663
0.463022
0.457934
0.451248
0.442991
0.433418
0.423049
0.412688
0.403389
0.39636
0.39276
0.393643
0.399767
0.41124
0.427313
0.446226
0.465329
0.481592
0.492451
0.496666
0.49472
0.488491
0.4804
0.472484
0.465504
0.459039
0.451654
0.441277
0.425667
0.402574
0.370559
0.328576
0.276315
0.214995
0.147513
0.0768329
0.00568677
-0.0633386
-0.127948
-0.186209
-0.23657
-0.27784
-0.309187
-0.330114
-0.340472
-0.340476
-0.330444
-0.311098
-0.283246
-0.247855
-0.206035
-0.158976
-0.107896
-0.0540007
0.00155315
0.0576878
0.113429
0.167921
0.220438
0.270381
0.317289
0.360828
0.400805
0.437174
0.469901
0.498951
0.524386
0.546329
0.564966
0.580524
0.593259
0.603439
0.611336
0.617216
0.621335
0.623936
0.625247
0.625477
0.624826
0.623454
0.621539
0.619147
0.61654
0.613037
-0.12698
-0.133922
-0.141605
-0.14919
-0.156973
-0.165144
-0.173775
-0.182906
-0.192561
-0.202736
-0.213396
-0.224478
-0.235903
-0.247557
-0.259289
-0.270911
-0.282215
-0.292966
-0.302913
-0.311792
-0.319339
-0.325301
-0.32945
-0.3316
-0.331623
-0.329466
-0.32517
-0.318881
-0.310858
-0.301465
-0.29116
-0.280452
-0.269863
-0.259864
-0.25082
-0.242956
-0.236338
-0.230905
-0.226513
-0.223002
-0.220244
-0.218158
-0.216654
-0.215534
-0.214458
-0.213025
-0.211077
-0.209241
-0.209553
-0.215185
-0.226495
-0.246985
-0.277674
-0.321288
-0.379081
-0.446607
-0.513622
-0.569225
-0.605551
-0.618173
-0.605519
-0.568958
-0.509702
-0.431571
-0.338984
-0.237716
-0.133771
-0.0326068
0.0615196
0.145794
0.218764
0.280133
0.330547
0.371081
0.402857
0.427191
0.445458
0.458835
0.468347
0.474892
0.47918
0.481762
0.483062
0.483402
0.483029
0.48214
0.480944
0.479535
0.478043
0.476586
0.475237
0.474027
0.472928
0.471823
0.470507
0.468701
0.466083
0.462356
0.45728
0.450733
0.442756
0.433605
0.423784
0.414066
0.405466
0.399198
0.396538
0.397963
0.40462
0.416429
0.432508
0.451023
0.469354
0.484656
0.494668
0.498424
0.496465
0.490448
0.48243
0.474118
0.466305
0.458756
0.45035
0.439359
0.424057
0.402561
0.373085
0.334335
0.286226
0.229549
0.16591
0.0977374
0.0275955
-0.0415955
-0.107107
-0.166643
-0.218394
-0.261018
-0.293609
-0.315662
-0.327039
-0.327916
-0.31878
-0.300298
-0.273288
-0.238696
-0.197643
-0.151321
-0.100949
-0.0477284
0.00718698
0.0627229
0.117906
0.171883
0.223928
0.273445
0.319967
0.363154
0.402795
0.438822
0.471234
0.500022
0.525228
0.546968
0.565422
0.580823
0.59343
0.603514
0.611343
0.617183
0.621286
0.623891
0.625222
0.625484
0.624867
0.62355
0.62172
0.619459
0.617044
0.614008
-0.136155
-0.140524
-0.144924
-0.15105
-0.15831
-0.166126
-0.174446
-0.183345
-0.192825
-0.202836
-0.21332
-0.224207
-0.235406
-0.246794
-0.258216
-0.26949
-0.280404
-0.290727
-0.300212
-0.308601
-0.315641
-0.321088
-0.324731
-0.326402
-0.325993
-0.32348
-0.318931
-0.31252
-0.30453
-0.295343
-0.28542
-0.275259
-0.265354
-0.256131
-0.247904
-0.240846
-0.234977
-0.2302
-0.226347
-0.223239
-0.22074
-0.218762
-0.217224
-0.215967
-0.214719
-0.213193
-0.211373
-0.210196
-0.21178
-0.218782
-0.232425
-0.253192
-0.282981
-0.322656
-0.373031
-0.431948
-0.4921
-0.544282
-0.580479
-0.59535
-0.586411
-0.55345
-0.497909
-0.422014
-0.331322
-0.231795
-0.1294
-0.0295116
0.0636443
0.147226
0.219735
0.280813
0.330965
0.371201
0.402766
0.427026
0.445275
0.458663
0.468161
0.474702
0.478999
0.481599
0.482923
0.483292
0.482954
0.482109
0.480938
0.479563
0.478114
0.476677
0.475328
0.474104
0.472966
0.471794
0.470388
0.468477
0.465765
0.461955
0.456833
0.450295
0.442408
0.433443
0.423912
0.414578
0.406435
0.40063
0.398294
0.40018
0.407064
0.418894
0.434754
0.452796
0.470468
0.485076
0.494558
0.498096
0.496245
0.490531
0.482802
0.474621
0.466843
0.45922
0.450602
0.439445
0.423684
0.40139
0.371124
0.332287
0.284878
0.229938
0.168774
0.103064
0.0348798
-0.0329134
-0.0975365
-0.156632
-0.208314
-0.251173
-0.284251
-0.307013
-0.319307
-0.321306
-0.313365
-0.295773
-0.269369
-0.235283
-0.194672
-0.14874
-0.0987095
-0.0457845
0.00887855
0.0642014
0.119205
0.17303
0.22495
0.274369
0.320806
0.363916
0.403482
0.439394
0.471626
0.50024
0.525315
0.546928
0.565262
0.580566
0.593102
0.603139
0.610946
0.616786
0.620909
0.623552
0.624936
0.625265
0.624732
0.623521
0.621766
0.619567
0.617231
0.614031
0.137907
0.145208
0.174223
0.221412
0.280265
0.341998
0.398835
0.445116
0.478103
0.49758
0.505143
0.502901
0.49285
0.476569
0.455136
0.42917
0.398916
0.364386
0.325558
0.282752
0.236251
0.187497
0.13323
0.0824725
0.0233598
0.131962
0.142804
0.17363
0.221792
0.281096
0.342752
0.399482
0.4458
0.478815
0.498307
0.50588
0.503652
0.493615
0.477343
0.455905
0.429903
0.399557
0.364808
0.325516
0.282084
0.234879
0.185395
0.130949
0.0804727
0.0152293
0.123458
0.136226
0.169248
0.218818
0.279314
0.341545
0.398501
0.444844
0.477767
0.497183
0.504724
0.502515
0.492536
0.476341
0.454982
0.429042
0.398711
0.363916
0.324536
0.280911
0.233412
0.183647
0.129182
0.0789611
0.0132011
0.114546
0.128672
0.163525
0.214258
0.276199
0.338985
0.396302
0.442634
0.475414
0.494741
0.502296
0.5002
0.490401
0.474416
0.453265
0.427501
0.397292
0.362553
0.323152
0.27944
0.231892
0.182158
0.127913
0.0781655
0.0121541
0.10585
0.121019
0.157631
0.209514
0.272067
0.3356
0.393125
0.439366
0.472012
0.491317
0.498991
0.497128
0.487624
0.471949
0.451085
0.425557
0.395506
0.360821
0.321357
0.277495
0.229835
0.180109
0.126234
0.0771871
0.0110042
0.0984375
0.114663
0.151865
0.204969
0.268014
0.331883
0.389328
0.435315
0.46777
0.487073
0.494934
0.493389
0.484268
0.468982
0.448469
0.423223
0.393354
0.358727
0.31918
0.275111
0.227265
0.177522
0.124135
0.0758963
0.0100956
0.0931631
0.110039
0.147644
0.201471
0.264604
0.328272
0.385246
0.430746
0.46291
0.482202
0.490294
0.489137
0.480472
0.465641
0.445534
0.42061
0.390949
0.356383
0.316734
0.272413
0.224327
0.174561
0.121752
0.0743337
0.00964538
0.0908199
0.108038
0.145708
0.199661
0.262319
0.325168
0.381208
0.425934
0.457667
0.476905
0.485242
0.484512
0.476348
0.462015
0.44235
0.417774
0.388335
0.353831
0.314065
0.26947
0.221106
0.171293
0.11911
0.0724877
0.00964888
0.0919295
0.109272
0.14661
0.200014
0.261526
0.322894
0.377497
0.421135
0.452272
0.471386
0.47995
0.479653
0.472008
0.458192
0.438987
0.414772
0.385558
0.351107
0.311201
0.266312
0.217653
0.167768
0.116215
0.0703657
0.0100271
0.096848
0.114117
0.150684
0.202812
0.262446
0.321673
0.374342
0.416575
0.446935
0.465829
0.474572
0.474686
0.46755
0.454248
0.435502
0.411645
0.38265
0.348235
0.30816
0.262946
0.213985
0.164026
0.113102
0.0680114
0.0106659
0.10571
0.122682
0.158011
0.208123
0.26515
0.32162
0.3719
0.41243
0.441831
0.460393
0.469242
0.469718
0.463058
0.450248
0.431944
0.408433
0.379638
0.345232
0.30495
0.259371
0.210096
0.160083
0.109808
0.065477
0.0114291
0.118335
0.134763
0.168387
0.215795
0.269558
0.322748
0.370258
0.408826
0.437093
0.455201
0.464065
0.464834
0.458597
0.446241
0.428352
0.405162
0.376542
0.342111
0.301574
0.255584
0.205977
0.155934
0.106354
0.0628107
0.0121859
0.134194
0.149841
0.18135
0.225492
0.275468
0.324983
0.369438
0.405835
0.432814
0.450342
0.459119
0.460096
0.454218
0.442268
0.424757
0.401856
0.373379
0.338879
0.298031
0.251573
0.201609
0.151562
0.102743
0.0600553
0.0128346
0.152503
0.167181
0.196267
0.236756
0.282601
0.328194
0.36941
0.403488
0.429046
0.445874
0.454456
0.455551
0.449961
0.438361
0.421185
0.398537
0.370163
0.335543
0.294318
0.247328
0.196976
0.146948
0.0989648
0.0572415
0.0133098
0.172414
0.185991
0.212465
0.249103
0.290657
0.33222
0.370114
0.401781
0.425813
0.44183
0.45011
0.451231
0.445853
0.434545
0.417658
0.395221
0.366906
0.332108
0.290431
0.242835
0.192059
0.142073
0.0950053
0.0543835
0.0135782
0.193169
0.20556
0.229337
0.262087
0.299348
0.3369
0.371471
0.400686
0.423114
0.438223
0.446101
0.447158
0.441916
0.430842
0.414195
0.391927
0.363623
0.328582
0.286367
0.238078
0.186838
0.136918
0.0908484
0.0514822
0.013632
0.214164
0.225308
0.246391
0.275339
0.308434
0.342087
0.373403
0.400167
0.420938
0.435055
0.442438
0.443346
0.43817
0.427271
0.410817
0.388673
0.360328
0.324971
0.28212
0.233044
0.181292
0.131464
0.0864782
0.0485304
0.0134806
0.23493
0.244795
0.263254
0.288584
0.317727
0.347663
0.375834
0.400179
0.419261
0.432317
0.439126
0.439806
0.43463
0.423852
0.407543
0.385478
0.357037
0.321283
0.277686
0.227715
0.175401
0.12569
0.0818798
0.0455162
0.0131436
0.255132
0.263717
0.279678
0.301634
0.327095
0.353535
0.3787
0.40068
0.418058
0.429998
0.436162
0.436546
0.431309
0.420599
0.404392
0.38236
0.353765
0.317525
0.273058
0.222072
0.169138
0.119575
0.0770389
0.0424251
0.012646
0.274557
0.281901
0.29553
0.314387
0.336459
0.359638
0.381948
0.401628
0.4173
0.428082
0.433543
0.433571
0.428218
0.417531
0.401383
0.379339
0.350529
0.313703
0.268226
0.21609
0.162476
0.113095
0.071941
0.0392416
0.0120143
0.293134
0.299295
0.310775
0.326809
0.345777
0.365926
0.385532
0.402982
0.416957
0.426552
0.431262
0.430883
0.425367
0.414661
0.398533
0.376435
0.347343
0.309821
0.263176
0.209739
0.155377
0.106223
0.0665713
0.0359498
0.0112749
0.310886
0.315933
0.325441
0.338907
0.355033
0.372366
0.389409
0.404703
0.416999
0.425387
0.42931
0.428482
0.422763
0.412001
0.395859
0.373664
0.344223
0.30588
0.257887
0.202981
0.147802
0.0989265
0.0609143
0.0325342
0.0104531
0.327896
0.331889
0.339588
0.350706
0.364219
0.378926
0.39354
0.406752
0.417393
0.424567
0.427676
0.426366
0.420411
0.409563
0.393376
0.371044
0.341181
0.301878
0.252336
0.195776
0.139709
0.0911732
0.0549546
0.0289798
0.00957289
0.34426
0.347248
0.353274
0.362228
0.373325
0.385576
0.397883
0.409087
0.418106
0.424066
0.426346
0.424529
0.418314
0.407356
0.391099
0.368593
0.338229
0.297812
0.246499
0.188084
0.131054
0.0829308
0.0486781
0.0252723
0.00865827
0.360059
0.362074
0.366541
0.373484
0.382335
0.392282
0.402399
0.41167
0.419104
0.423862
0.425303
0.422965
0.41647
0.405385
0.38904
0.366326
0.335381
0.293678
0.240347
0.179861
0.1218
0.0741723
0.0420746
0.0213988
0.00773389
0.375346
0.376411
0.379408
0.384476
0.391229
0.399008
0.407046
0.41446
0.420354
0.423926
0.424531
0.421663
0.414879
0.403657
0.38721
0.364255
0.332641
0.289467
0.233854
0.171074
0.111916
0.0648792
0.035141
0.0173495
0.00682599
0.39015
0.390281
0.39188
0.395191
0.399978
0.405718
0.411781
0.417417
0.421819
0.424231
0.424008
0.420611
0.413537
0.402175
0.385617
0.362391
0.330018
0.285178
0.227009
0.161706
0.10139
0.0550462
0.0278815
0.013118
0.0059643
0.403776
0.403029
0.40336
0.405103
0.408137
0.412051
0.416336
0.420355
0.423388
0.424725
0.423729
0.419836
0.41249
0.401001
0.384342
0.360841
0.327666
0.281046
0.220171
0.15225
0.0907871
0.0452105
0.0206972
0.00892592
0.00521429
0.416316
0.414746
0.413921
0.414258
0.415721
0.417996
0.420674
0.423223
0.425002
0.425348
0.423636
0.419283
0.411689
0.400091
0.383346
0.359575
0.325567
0.27708
0.213394
0.142812
0.0802384
0.0354908
0.0136645
0.00481189
0.00458208
0.42849
0.426105
0.42417
0.423172
0.423145
0.423864
0.425011
0.426149
0.426719
0.426104
0.423696
0.418899
0.411071
0.39938
0.382563
0.358514
0.3236
0.273065
0.206329
0.132919
0.0692233
0.0254082
0.006437
0.000568866
0.00405864
0.440306
0.437114
0.434109
0.431842
0.430401
0.429642
0.429327
0.429114
0.428518
0.426975
0.423894
0.418672
0.410629
0.398867
0.381997
0.357671
0.321783
0.269023
0.199008
0.122619
0.0578015
0.0150221
-0.000936193
-0.00378045
0.00367165
0.45177
0.447781
0.443742
0.440265
0.437481
0.435315
0.433606
0.432097
0.43038
0.427941
0.424214
0.418588
0.410355
0.398549
0.381655
0.357057
0.320133
0.264978
0.19147
0.111974
0.0460507
0.00440766
-0.0083982
-0.00820969
0.00344346
0.462885
0.45811
0.453074
0.448441
0.444378
0.440873
0.437831
0.43508
0.432285
0.428984
0.424638
0.418635
0.41024
0.398423
0.381539
0.356685
0.318669
0.260964
0.183774
0.101074
0.0340738
-0.00634049
-0.0158807
-0.0126843
0.00339557
0.473654
0.468106
0.462106
0.456368
0.451088
0.446303
0.441988
0.438046
0.434213
0.430085
0.42515
0.418799
0.410273
0.398485
0.381653
0.356565
0.317416
0.257024
0.175996
0.0900293
0.0219972
-0.0171071
-0.0233016
-0.0171587
0.00354853
0.484076
0.477771
0.470842
0.464047
0.457605
0.451597
0.446063
0.440977
0.436149
0.431227
0.425734
0.419065
0.410445
0.39873
0.381998
0.35671
0.3164
0.253214
0.168235
0.0789755
0.00996925
-0.0277604
-0.0305682
-0.0215785
0.0039194
0.494148
0.487106
0.479281
0.471475
0.463923
0.456745
0.450043
0.443858
0.438073
0.432393
0.426372
0.41942
0.410743
0.399149
0.382573
0.357128
0.315648
0.249597
0.160603
0.0680683
-0.0018447
-0.0381582
-0.0375819
-0.0258822
0.00452028
0.503863
0.496107
0.487422
0.478649
0.470037
0.461738
0.453915
0.446675
0.43997
0.433565
0.42705
0.419847
0.411157
0.399736
0.383377
0.357827
0.31519
0.246247
0.15323
0.0574789
-0.013269
-0.0481528
-0.0442407
-0.0300037
0.00535784
0.513212
0.50477
0.495262
0.485566
0.475939
0.466567
0.457668
0.449412
0.441823
0.434726
0.42775
0.420333
0.411671
0.400481
0.384405
0.35881
0.315055
0.243243
0.146257
0.0473872
-0.0241242
-0.0575958
-0.0504431
-0.0338734
0.00643306
0.522183
0.513089
0.502798
0.492221
0.481625
0.471224
0.461291
0.452056
0.443617
0.435861
0.428457
0.420861
0.412274
0.401372
0.385645
0.360075
0.315269
0.240668
0.139829
0.0379745
-0.0342345
-0.0663447
-0.0560925
-0.0374221
0.00774099
0.530765
0.521056
0.510024
0.498607
0.487086
0.4757
0.464772
0.454594
0.445336
0.436954
0.429154
0.421416
0.412949
0.402393
0.387082
0.361611
0.315852
0.238603
0.13409
0.0294162
-0.0434346
-0.0742684
-0.0611016
-0.0405834
0.00927086
0.538942
0.528665
0.516934
0.504719
0.492315
0.479987
0.468101
0.457012
0.446968
0.437989
0.429826
0.421981
0.413679
0.403527
0.388692
0.363399
0.316816
0.237123
0.129178
0.0218741
-0.0515772
-0.0812537
-0.0653963
-0.0432971
0.0110065
0.546704
0.535905
0.523522
0.51055
0.497304
0.484075
0.471267
0.459298
0.448496
0.438952
0.430457
0.42254
0.414446
0.404748
0.390442
0.365404
0.318161
0.236295
0.125216
0.0154892
-0.0585395
-0.08721
-0.0689196
-0.0455128
0.0129268
0.554037
0.54277
0.52978
0.516091
0.502045
0.487957
0.47426
0.46144
0.449908
0.439827
0.43103
0.423073
0.415226
0.406025
0.392286
0.367578
0.319872
0.236168
0.122306
0.0103751
-0.0642284
-0.0920737
-0.0716347
-0.0471927
0.015007
0.560932
0.549254
0.535702
0.521333
0.50653
0.491623
0.47707
0.463424
0.45119
0.4406
0.43153
0.423561
0.415994
0.407318
0.394166
0.369858
0.321917
0.236774
0.120524
0.00661279
-0.0685852
-0.0958116
-0.0735275
-0.0483143
0.0172191
0.567382
0.555351
0.541278
0.526267
0.510752
0.495067
0.479686
0.465238
0.452325
0.441255
0.431939
0.423984
0.416719
0.408581
0.396012
0.372165
0.324249
0.238119
0.119915
0.00424579
-0.0715884
-0.0984221
-0.0746077
-0.0488732
0.0195328
0.573384
0.561059
0.546503
0.530884
0.514702
0.498279
0.482095
0.466868
0.453302
0.441779
0.432245
0.424326
0.417376
0.409765
0.397748
0.37441
0.326805
0.240185
0.120486
0.00327743
-0.0732552
-0.0999365
-0.0749096
-0.0488845
0.0219167
0.578942
0.566381
0.551369
0.535177
0.518375
0.501249
0.484285
0.468302
0.454114
0.442174
0.432452
0.424584
0.417948
0.410827
0.399302
0.376506
0.329509
0.242922
0.122204
0.00366906
-0.0736416
-0.100418
-0.0744918
-0.0483842
0.0243388
0.584069
0.571321
0.555863
0.539132
0.52176
0.503963
0.486245
0.469544
0.454779
0.442464
0.432586
0.424785
0.418442
0.411742
0.400615
0.378376
0.33228
0.246248
0.124996
0.00533885
-0.0728421
-0.0999623
-0.073436
-0.0474295
0.0267667
0.588795
0.575884
0.559973
0.542738
0.524845
0.506412
0.487984
0.470626
0.455346
0.442704
0.432703
0.424978
0.418896
0.412522
0.401662
0.379962
0.335022
0.250044
0.128735
0.00816109
-0.0709881
-0.0986916
-0.0718454
-0.0460991
0.0291677
0.593164
0.580074
0.56368
0.545982
0.52762
0.5086
0.489537
0.471609
0.455893
0.442978
0.432876
0.425233
0.419369
0.413202
0.402469
0.381241
0.337632
0.254147
0.133248
0.0119686
-0.0682452
-0.0967563
-0.0698419
-0.0444914
0.0315084
0.59722
0.583882
0.566961
0.548852
0.530085
0.510554
0.490958
0.472568
0.456501
0.443365
0.433189
0.425624
0.41992
0.41384
0.403098
0.382241
0.340025
0.258365
0.138315
0.0165519
-0.06481
-0.0943295
-0.067564
-0.0427234
0.0337536
0.600978
0.587283
0.569797
0.551345
0.532247
0.512303
0.492297
0.473561
0.457225
0.443914
0.433689
0.426191
0.420579
0.414477
0.403621
0.383016
0.342135
0.262501
0.143677
0.0216565
-0.0609089
-0.0916034
-0.0651632
-0.0409266
0.0358595
0.604397
0.590242
0.572189
0.553469
0.53412
0.513867
0.493575
0.474603
0.458073
0.444631
0.434372
0.426918
0.421321
0.415109
0.404091
0.383604
0.343821
0.266257
0.148984
0.0269766
-0.056798
-0.0887846
-0.0628018
-0.0392436
0.0377641
0.607376
0.592713
0.574155
0.555244
0.535716
0.515256
0.494786
0.475669
0.459006
0.445468
0.43517
0.42771
0.422046
0.415669
0.404526
0.383997
0.34483
0.269126
0.153743
0.0321246
-0.0527622
-0.0860866
-0.0606523
-0.0378079
0.0393158
0.609809
0.594696
0.575733
0.556678
0.537032
0.516459
0.495899
0.4767
0.459949
0.446334
0.435974
0.428447
0.422652
0.416098
0.404863
0.384215
0.345204
0.270941
0.157581
0.0366714
-0.0491119
-0.0837205
-0.0588967
-0.0367715
0.0404956
0.611565
0.596258
0.57704
0.557839
0.538092
0.517486
0.496917
0.477682
0.460857
0.447123
0.436639
0.428967
0.422995
0.416296
0.405026
0.384401
0.345839
0.272926
0.161032
0.0404286
-0.046177
-0.0819367
-0.0577318
-0.0364983
0.0414534
0.612054
0.597018
0.577955
0.558845
0.539117
0.518437
0.497796
0.478441
0.461446
0.447491
0.436757
0.428838
0.422658
0.415875
0.404808
0.38532
0.348162
0.276341
0.164567
0.0433309
-0.044203
-0.0812343
-0.0572274
-0.0389797
0.0458037
)
;

boundaryField
{
    inlet
    {
        type            zeroGradient;
    }
    outlet
    {
        type            fixedValue;
        value           uniform 0;
    }
    upperWall
    {
        type            zeroGradient;
    }
    lowerWall
    {
        type            zeroGradient;
    }
    frontAndBack
    {
        type            empty;
    }
}


// ************************************************************************* //
