/*--------------------------------*- C++ -*----------------------------------*\
| =========                 |                                                 |
| \\      /  F ield         | OpenFOAM: The Open Source CFD Toolbox           |
|  \\    /   O peration     | Version:  2406                                  |
|   \\  /    A nd           | Website:  www.openfoam.com                      |
|    \\/     M anipulation  |                                                 |
\*---------------------------------------------------------------------------*/
FoamFile
{
    version     2.0;
    format      ascii;
    arch        "LSB;label=32;scalar=64";
    class       volScalarField;
    location    "1.46";
    object      p;
}
// * * * * * * * * * * * * * * * * * * * * * * * * * * * * * * * * * * * * * //

dimensions      [0 2 -2 0 0 0 0];

internalField   nonuniform List<scalar> 
12225
(
0.100743
0.0633047
0.0421368
0.0359797
0.0320617
0.0267111
0.0214182
0.0170649
0.013225
0.00951817
0.00596624
0.00273678
-3.16517e-05
-0.00221546
-0.00367955
-0.00418514
-0.00355856
-0.00109528
0.0934846
0.0705661
0.0509841
0.0413893
0.0350784
0.0285063
0.0221647
0.0167266
0.0119772
0.00757318
0.00343902
-0.000359653
-0.00376158
-0.00673265
-0.00923668
-0.0112648
-0.0127774
-0.0140291
0.0788583
0.0644037
0.0482314
0.0382312
0.0320209
0.0263529
0.0207596
0.0157041
0.0112077
0.00702266
0.00301107
-0.000837506
-0.00451841
-0.00806568
-0.01156
-0.0151486
-0.0191153
-0.0240004
0.0681615
0.059771
0.0479318
0.0389639
0.03297
0.0276751
0.0222956
0.0171418
0.0123849
0.00788629
0.00349473
-0.000849184
-0.00518489
-0.00959943
-0.0142495
-0.0193853
-0.0253887
-0.0328973
0.0606917
0.0555628
0.0467236
0.0386023
0.0325
0.0272035
0.0219315
0.0167875
0.0119423
0.00732198
0.00277791
-0.00178877
-0.00645705
-0.011346
-0.0166398
-0.0226008
-0.0295744
-0.0380494
0.0552028
0.0517161
0.0449705
0.0378917
0.0320547
0.0269776
0.0220004
0.0170604
0.0122783
0.00762856
0.00299054
-0.00174532
-0.00667391
-0.0119173
-0.0176461
-0.0240834
-0.0314931
-0.0402064
0.0510333
0.0484697
0.0432243
0.0371698
0.031724
0.0268398
0.0220532
0.0172395
0.0124767
0.00777282
0.00304189
-0.00181849
-0.00690381
-0.0123248
-0.018223
-0.0247686
-0.0321421
-0.040541
0.0478317
0.045841
0.0416401
0.0364375
0.0313958
0.026703
0.022088
0.0174246
0.0127523
0.00808786
0.00337152
-0.00148539
-0.00657013
-0.0119753
-0.0178087
-0.0241894
-0.0312316
-0.0390364
0.0453804
0.0437646
0.0402888
0.0357655
0.0311217
0.0266451
0.022208
0.0177076
0.0131573
0.00857405
0.00392015
-0.00087256
-0.00587475
-0.0111567
-0.0167929
-0.0228576
-0.029411
-0.0364877
0.0435357
0.0421747
0.0392112
0.0352207
0.0309419
0.0266869
0.0224237
0.0180841
0.0136725
0.00920622
0.00466589
4.64429e-06
-0.0048293
-0.00988499
-0.0152089
-0.0208405
-0.0268028
-0.0330918
0.0421995
0.0410171
0.0384212
0.0348424
0.0308801
0.0268381
0.0227449
0.018567
0.0143103
0.00999308
0.00560958
0.00113129
-0.00347584
-0.0082421
-0.0131918
-0.0183395
-0.0236839
-0.0291969
0.041304
0.0402483
0.0379178
0.0346526
0.0309545
0.027109
0.0231802
0.0191636
0.015071
0.0109235
0.00672552
0.00246421
-0.00187867
-0.00631765
-0.0108605
-0.0155044
-0.0202338
-0.0250077
0.040801
0.0398348
0.0376937
0.0346625
0.0311772
0.0275055
0.0237315
0.019872
0.0159469
0.0119807
0.00798672
0.00396415
-9.24345e-05
-0.00418554
-0.0083114
-0.0124568
-0.0165983
-0.0206905
0.0406569
0.0397513
0.03774
0.0348756
0.0315538
0.0280288
0.0243958
0.020686
0.0169265
0.0131463
0.00936512
0.00559142
0.00182915
-0.00191566
-0.00563186
-0.00930042
-0.0128951
-0.0163706
0.0408485
0.0399798
0.038048
0.0352908
0.0320845
0.0286762
0.0251668
0.0215957
0.0179955
0.0143991
0.0108314
0.00730707
0.00383643
0.000430974
-0.00289402
-0.00611718
-0.0092127
-0.0121382
0.0413625
0.0405087
0.0386099
0.0359036
0.0327649
0.0294412
0.0260351
0.0225885
0.019137
0.0157169
0.0123567
0.00907481
0.00588524
0.00280227
-0.000157201
-0.00297191
-0.0056185
-0.00805921
0.0421936
0.0413325
0.0394195
0.036707
0.0335871
0.0303142
0.0269888
0.0236496
0.0203326
0.0170769
0.0139131
0.0108614
0.00793663
0.00515401
0.00253019
8.46645e-05
-0.00216288
-0.00418009
0.0433449
0.0424519
0.0404728
0.0376921
0.0345394
0.0312824
0.0280138
0.0247625
0.0215629
0.0184563
0.0154744
0.0126366
0.00995666
0.00744908
0.00512906
0.00301328
0.00111705
-0.000532984
0.0448291
0.0438742
0.0417669
0.038847
0.0356063
0.0323304
0.029094
0.0259091
0.0228074
0.0198327
0.017016
0.0143734
0.0119162
0.00965693
0.00760849
0.00578416
0.00419455
0.00286064
0.04667
0.0456145
0.0433
0.0401558
0.0367682
0.0334399
0.0302117
0.0270701
0.0240451
0.0211838
0.0185143
0.0160471
0.0137895
0.0117517
0.00994383
0.00837536
0.00705197
0.00598901
0.0489063
0.047697
0.045069
0.0415961
0.0380003
0.0345902
0.031347
0.0282248
0.0252554
0.0224896
0.0199493
0.0176364
0.0155539
0.01371
0.0121124
0.0107662
0.00967257
0.00884144
0.0515975
0.0501559
0.0470655
0.043136
0.0392733
0.0357586
0.0324765
0.0293474
0.0264139
0.0237295
0.0213035
0.0191265
0.0171972
0.015522
0.0141059
0.0129504
0.0120519
0.0114159
0.0548333
0.0530375
0.0492673
0.0447277
0.0405549
0.036926
0.0335803
0.0304134
0.0274933
0.0248735
0.0225445
0.0204841
0.0186879
0.0171614
0.0159067
0.0149215
0.0141972
0.0137326
0.0587504
0.0564004
0.0516267
0.0462972
0.0417973
0.0380636
0.0346391
0.0314186
0.0285045
0.0259384
0.023684
0.0217088
0.0200097
0.0185934
0.0174613
0.0166086
0.0160248
0.0157053
0.0635597
0.0603037
0.0540671
0.0477696
0.0429463
0.0390911
0.0355464
0.0322637
0.0293808
0.0268989
0.0247416
0.0228665
0.0212731
0.019969
0.0189547
0.018226
0.0177711
0.0175762
0.0696067
0.0647242
0.056428
0.0491402
0.044114
0.0401049
0.0363274
0.0328898
0.0299675
0.0275009
0.0253739
0.0235418
0.0220088
0.0207825
0.0198628
0.0192481
0.018927
0.0188871
0.0775475
0.0694179
0.0581519
0.0500597
0.0451877
0.0412253
0.0373805
0.0339564
0.0311128
0.0287093
0.0266083
0.0247795
0.0232384
0.0219991
0.0210744
0.0204853
0.0202244
0.0202644
0.0886237
0.0744417
0.0588806
0.0498084
0.0447696
0.040479
0.0364568
0.0331434
0.030531
0.0283548
0.0264631
0.0248328
0.0234697
0.0223797
0.0215899
0.0211956
0.021279
0.0219661
0.103553
0.0809023
0.061974
0.0533749
0.0483089
0.0431872
0.0384829
0.0348184
0.0319275
0.0294448
0.0272546
0.0253575
0.0237397
0.022373
0.021248
0.0205048
0.0203451
0.0219849
0.111122
0.0739905
0.0535335
0.048419
0.0457885
0.0419353
0.0383332
0.035774
0.0337488
0.0318585
0.030072
0.0284506
0.0269974
0.0256619
0.0244024
0.0230785
0.0217948
0.0195944
0.121811
0.121404
0.122706
0.125408
0.122532
0.107517
0.0795604
0.0448623
0.0110833
-0.0169242
-0.0368697
-0.0476911
-0.050642
-0.0482044
-0.0427593
-0.0369578
-0.0331237
-0.031984
-0.0325035
-0.0335401
-0.0354433
-0.0394004
-0.043269
-0.0422111
-0.03294
-0.0129386
0.0101171
0.0246492
0.0241571
0.01493
0.00564951
-0.000786252
-0.00635405
-0.0149822
-0.0307068
-0.0555441
-0.0900935
-0.136647
-0.19856
-0.277532
-0.36865
-0.464677
-0.558379
-0.643851
-0.716925
-0.775043
-0.816954
-0.84235
-0.851597
-0.845425
-0.824147
-0.788399
-0.739879
-0.680359
-0.611497
-0.5349
-0.452131
-0.364708
-0.274107
-0.181767
-0.0890967
0.00251884
0.0917288
0.177244
0.257883
0.332611
0.400591
0.461218
0.514156
0.559342
0.596983
0.627519
0.651584
0.669822
0.68276
0.691055
0.695498
0.696808
0.695631
0.692539
0.688025
0.682507
0.676326
0.66975
0.662979
0.656164
0.649349
0.642547
0.635887
0.629474
0.623368
0.617639
0.612371
0.607702
0.603882
0.601274
0.599963
0.599964
0.600508
0.600236
0.597611
0.591075
0.578918
0.559247
0.530208
0.490856
0.44207
0.386036
0.325431
0.263635
0.204774
0.152199
0.108171
0.0740074
0.0502897
0.0370822
0.0340616
0.0410519
0.0575584
0.0824461
0.114507
0.152393
0.194614
0.239572
0.285641
0.33125
0.374974
0.415635
0.452364
0.484643
0.512142
0.534644
0.552252
0.565292
0.574204
0.579492
0.581686
0.581305
0.578837
0.574723
0.569343
0.563006
0.555972
0.548427
0.540385
0.531963
0.523399
0.514817
0.5063
0.497911
0.489694
0.481683
0.473896
0.466335
0.45899
0.451834
0.444829
0.437912
0.430988
0.423922
0.416552
0.408734
0.400391
0.39156
0.382416
0.373265
0.364511
0.356626
0.350094
0.345369
0.342593
0.341939
0.343142
0.345591
0.348412
0.350694
0.351768
0.351347
0.349388
0.345548
0.121423
0.120886
0.121273
0.121498
0.114929
0.0962541
0.0667004
0.032539
0.000130925
-0.0267882
-0.046832
-0.059805
-0.0652928
-0.063219
-0.0556063
-0.0460646
-0.0382717
-0.0340178
-0.0324311
-0.0323395
-0.0346583
-0.0402676
-0.0465309
-0.0474577
-0.0388854
-0.0189841
0.00499067
0.0201928
0.0199703
0.0111346
0.00308602
-0.00141978
-0.00540009
-0.0130905
-0.0265339
-0.0499243
-0.0875128
-0.140624
-0.211277
-0.298688
-0.396501
-0.496661
-0.591933
-0.676944
-0.748194
-0.803667
-0.842407
-0.864209
-0.869479
-0.859061
-0.834306
-0.796507
-0.746699
-0.686235
-0.616645
-0.539489
-0.456304
-0.368586
-0.277785
-0.185311
-0.0925458
-0.000849471
0.0884452
0.174059
0.254809
0.329659
0.397768
0.458535
0.511618
0.556953
0.59474
0.625424
0.649702
0.668198
0.681359
0.689883
0.69453
0.696012
0.694975
0.691995
0.687571
0.682123
0.675995
0.669453
0.66267
0.655732
0.648753
0.641924
0.635368
0.629081
0.623087
0.617452
0.612267
0.607672
0.603885
0.601164
0.59986
0.600015
0.600767
0.600626
0.597927
0.591278
0.579548
0.560948
0.532605
0.49227
0.440945
0.381047
0.316619
0.252228
0.192085
0.139256
0.0956728
0.0623813
0.0398232
0.0279725
0.0264435
0.0346511
0.0518278
0.0771795
0.109608
0.147813
0.190328
0.235569
0.281912
0.327781
0.371758
0.412685
0.449775
0.482467
0.510304
0.533122
0.551025
0.564325
0.573457
0.578927
0.581267
0.580997
0.57861
0.574549
0.569193
0.562828
0.555615
0.547691
0.539365
0.530906
0.522374
0.513833
0.505367
0.497041
0.488903
0.480986
0.473304
0.465856
0.458622
0.451568
0.444651
0.437808
0.430949
0.423939
0.416613
0.408817
0.40046
0.391568
0.382315
0.373011
0.364076
0.355995
0.349262
0.344315
0.341544
0.340935
0.342294
0.344998
0.348113
0.350645
0.351871
0.351513
0.349516
0.345764
0.121166
0.121415
0.119127
0.111935
0.0958138
0.0698919
0.0378549
0.00501814
-0.0246261
-0.0491861
-0.0680755
-0.081037
-0.0874629
-0.0873668
-0.0813407
-0.0709624
-0.0586806
-0.0474177
-0.039352
-0.035618
-0.0369054
-0.0425664
-0.0490038
-0.0507857
-0.0422369
-0.0234244
-0.000748262
0.0121259
0.00986507
0.00161261
-0.003027
-0.00324962
-0.00529842
-0.0133816
-0.0313955
-0.0651491
-0.119115
-0.19134
-0.277645
-0.372679
-0.470255
-0.564795
-0.651908
-0.728382
-0.791969
-0.841164
-0.875057
-0.893228
-0.895757
-0.88322
-0.856534
-0.816917
-0.765569
-0.703842
-0.63321
-0.555191
-0.47129
-0.382967
-0.291631
-0.198647
-0.10535
-0.0130653
0.076896
0.163257
0.244818
0.320513
0.38947
0.451058
0.504915
0.550955
0.589368
0.620622
0.645396
0.664275
0.677753
0.686572
0.69148
0.69319
0.69235
0.689539
0.685255
0.67992
0.673878
0.667399
0.660687
0.653888
0.647121
0.640474
0.633984
0.627756
0.621913
0.616497
0.611552
0.607212
0.603712
0.601377
0.600572
0.601075
0.6023
0.602799
0.600666
0.594181
0.581597
0.560308
0.527119
0.48021
0.421507
0.355613
0.288476
0.224382
0.16634
0.116303
0.0754782
0.0445655
0.0239237
0.0135601
0.013033
0.0220398
0.0399132
0.0658566
0.0988352
0.137599
0.180709
0.226588
0.273599
0.320144
0.3648
0.406432
0.444193
0.47742
0.505703
0.528903
0.547139
0.560726
0.570109
0.575799
0.578332
0.578231
0.575982
0.572018
0.566706
0.560346
0.553174
0.545386
0.537165
0.528656
0.520031
0.511444
0.502968
0.494675
0.486619
0.478827
0.471306
0.464044
0.457013
0.450176
0.443486
0.436873
0.430232
0.423408
0.416213
0.408467
0.400072
0.391064
0.381633
0.372114
0.362949
0.354636
0.347689
0.342571
0.339667
0.33908
0.34066
0.343802
0.347509
0.350655
0.352384
0.352353
0.350496
0.346611
0.121611
0.121464
0.11345
0.0938692
0.0660935
0.0345086
0.00278408
-0.0263833
-0.0516516
-0.0727009
-0.0895112
-0.101947
-0.109613
-0.111813
-0.108179
-0.0990389
-0.0854774
-0.0696616
-0.0548057
-0.0441973
-0.0397502
-0.0407295
-0.0431714
-0.0417805
-0.0330198
-0.0168182
0.000296428
0.00599093
-0.000896829
-0.00875507
-0.0101833
-0.00825796
-0.0122729
-0.0301057
-0.0666933
-0.122562
-0.194875
-0.278294
-0.367845
-0.459564
-0.550022
-0.636126
-0.715035
-0.784228
-0.841619
-0.885622
-0.915174
-0.929735
-0.929325
-0.914442
-0.885778
-0.844372
-0.791443
-0.728357
-0.656579
-0.577609
-0.492925
-0.403949
-0.312035
-0.21848
-0.124553
-0.0315218
0.0593364
0.146749
0.22949
0.30645
0.3767
0.439556
0.494606
0.541725
0.581094
0.613229
0.638745
0.65818
0.67215
0.68141
0.686715
0.688779
0.688256
0.685725
0.681689
0.676569
0.670713
0.664395
0.657826
0.651161
0.644525
0.638024
0.631736
0.625723
0.620026
0.614747
0.610048
0.606101
0.603126
0.601369
0.601031
0.601972
0.603522
0.604208
0.601949
0.594277
0.578105
0.550048
0.507802
0.451952
0.387145
0.319654
0.253863
0.192611
0.137809
0.0908035
0.0525622
0.0237533
0.00477324
-0.00438089
-0.00402313
0.0056629
0.0241141
0.0505768
0.0840787
0.123426
0.16721
0.213855
0.261702
0.30913
0.354717
0.39727
0.435851
0.469767
0.498618
0.522294
0.540936
0.554879
0.564579
0.57056
0.573361
0.573507
0.57148
0.56771
0.562559
0.556322
0.549234
0.541497
0.533305
0.524832
0.516211
0.507564
0.49901
0.490636
0.48251
0.474684
0.467188
0.460025
0.453171
0.44658
0.440182
0.43388
0.427542
0.420994
0.414038
0.406492
0.398248
0.389336
0.379945
0.370415
0.361197
0.352803
0.345767
0.34058
0.337631
0.337142
0.338992
0.342682
0.347214
0.351319
0.353901
0.35439
0.352611
0.348188
0.122488
0.11924
0.100573
0.0682961
0.0335911
0.0014694
-0.0269637
-0.0515912
-0.0727196
-0.0907355
-0.105773
-0.117612
-0.125797
-0.129583
-0.128102
-0.120746
-0.107784
-0.0903978
-0.0709067
-0.0526039
-0.0385749
-0.0298333
-0.0241222
-0.0176073
-0.00814616
0.00373759
0.0115461
0.00693035
-0.00526551
-0.014364
-0.0158621
-0.0193201
-0.0368329
-0.0744625
-0.131328
-0.202677
-0.283111
-0.368335
-0.45556
-0.542676
-0.627522
-0.707726
-0.780849
-0.844602
-0.897029
-0.936594
-0.962206
-0.973304
-0.969928
-0.95247
-0.921532
-0.878081
-0.823323
-0.758631
-0.685479
-0.605369
-0.519767
-0.430055
-0.33752
-0.243374
-0.14879
-0.0549525
0.0369129
0.125547
0.2097
0.288204
0.360056
0.424491
0.481025
0.529491
0.570089
0.603344
0.629799
0.649985
0.664623
0.674482
0.680324
0.682872
0.682782
0.680638
0.676942
0.672119
0.666518
0.660422
0.654053
0.647583
0.641147
0.634849
0.628768
0.622966
0.617508
0.612479
0.608007
0.604281
0.60156
0.600089
0.600024
0.601216
0.602889
0.603353
0.599941
0.589125
0.566943
0.530483
0.479892
0.418086
0.350893
0.283784
0.219814
0.160935
0.108604
0.0639572
0.0278572
0.000912005
-0.0165632
-0.02462
-0.0234264
-0.0131132
0.00583103
0.0327302
0.0666851
0.106566
0.151003
0.198418
0.24713
0.295524
0.342123
0.385665
0.425127
0.459793
0.489272
0.513477
0.532573
0.546918
0.556986
0.563311
0.566438
0.566891
0.565146
0.561626
0.556687
0.550626
0.543688
0.536083
0.527997
0.519595
0.511016
0.502386
0.49381
0.485372
0.477147
0.469194
0.461563
0.454283
0.447363
0.440783
0.434484
0.428365
0.422281
0.416043
0.409438
0.402275
0.394434
0.385926
0.376917
0.367727
0.358798
0.350644
0.343812
0.338807
0.336053
0.335823
0.33805
0.342289
0.347655
0.352825
0.356435
0.357557
0.355708
0.350258
0.122519
0.113607
0.0817753
0.0422652
0.00711957
-0.0224665
-0.0474764
-0.0688689
-0.087411
-0.103558
-0.11739
-0.128628
-0.136739
-0.140979
-0.140486
-0.13435
-0.122131
-0.10425
-0.0819725
-0.0575137
-0.0338364
-0.013571
0.00257447
0.0155631
0.0260381
0.0334441
0.0313194
0.0170636
-0.000656172
-0.0129521
-0.0221634
-0.0417125
-0.0796673
-0.136154
-0.206523
-0.285314
-0.36846
-0.453447
-0.538673
-0.622622
-0.703495
-0.77924
-0.847743
-0.906994
-0.955215
-0.990944
-1.01307
-1.02104
-1.0149
-0.994943
-0.961707
-0.916136
-0.859435
-0.793003
-0.718347
-0.636996
-0.550418
-0.459966
-0.366856
-0.272195
-0.177034
-0.0824451
0.0104255
0.100348
0.186046
0.266286
0.339966
0.406211
0.464451
0.514492
0.556587
0.591168
0.618698
0.639819
0.655285
0.665883
0.672391
0.675539
0.675993
0.674338
0.671081
0.666647
0.66139
0.655597
0.649501
0.643284
0.63709
0.631032
0.625192
0.619636
0.614424
0.609638
0.6054
0.601876
0.599294
0.597905
0.597846
0.598914
0.600189
0.59964
0.593952
0.578857
0.550363
0.506822
0.45024
0.385123
0.31686
0.250156
0.187444
0.13032
0.0799694
0.0373519
0.00316206
-0.0221096
-0.038257
-0.0453366
-0.0434546
-0.0326572
-0.0133732
0.0138125
0.0480734
0.0883483
0.133288
0.181335
0.230857
0.280199
0.327791
0.372276
0.412578
0.447962
0.478044
0.502758
0.522299
0.537047
0.547495
0.554188
0.557675
0.558477
0.557065
0.553852
0.54919
0.543372
0.536643
0.52921
0.521259
0.512951
0.504427
0.495815
0.487225
0.47875
0.470463
0.462424
0.45468
0.447264
0.440194
0.43347
0.427064
0.42091
0.41489
0.408839
0.402557
0.39585
0.388586
0.380743
0.372448
0.363977
0.355741
0.348236
0.341998
0.337539
0.335278
0.335473
0.338126
0.342862
0.34882
0.354729
0.359163
0.360797
0.358723
0.352077
0.120057
0.102474
0.0622027
0.0226961
-0.0100646
-0.0374315
-0.0606176
-0.0805823
-0.0979499
-0.113054
-0.125941
-0.136364
-0.143839
-0.147676
-0.147004
-0.140935
-0.128779
-0.110524
-0.0867373
-0.0585341
-0.0279985
0.00174579
0.0275942
0.0474466
0.0603205
0.0638564
0.0545279
0.0346785
0.0112433
-0.00855431
-0.0342779
-0.0748924
-0.132138
-0.202558
-0.281127
-0.363865
-0.448326
-0.533017
-0.616765
-0.698288
-0.77605
-0.848306
-0.913216
-0.968973
-1.01389
-1.04654
-1.06578
-1.07104
-1.06244
-1.04012
-1.00462
-0.956879
-0.898133
-0.829825
-0.753524
-0.670817
-0.583207
-0.492031
-0.398438
-0.303415
-0.207862
-0.112703
-0.0189697
0.0721601
0.159395
0.241422
0.317014
0.385175
0.445261
0.497103
0.540866
0.576867
0.605626
0.62783
0.644256
0.655715
0.663
0.666856
0.667953
0.666884
0.664158
0.660201
0.655372
0.649963
0.644212
0.63831
0.632411
0.626635
0.62107
0.615785
0.610841
0.606308
0.602291
0.598934
0.596426
0.594985
0.594704
0.595293
0.59564
0.593364
0.584698
0.565163
0.531237
0.482356
0.421638
0.354263
0.285476
0.219263
0.157729
0.10222
0.05361
0.012765
-0.0197677
-0.0436137
-0.0586345
-0.0648913
-0.0624659
-0.0513484
-0.0319179
-0.00468036
0.0295969
0.0700001
0.11525
0.163806
0.21401
0.264143
0.312559
0.357825
0.39882
0.434794
0.46537
0.490508
0.510428
0.525536
0.536343
0.543401
0.54726
0.548435
0.547389
0.544524
0.540181
0.534649
0.528167
0.520942
0.513155
0.504965
0.496516
0.487935
0.479338
0.470823
0.46247
0.454348
0.446506
0.438981
0.431791
0.424937
0.418398
0.412128
0.406051
0.400051
0.39398
0.387683
0.381036
0.373998
0.366648
0.359204
0.352015
0.345528
0.340242
0.336642
0.335124
0.335907
0.338959
0.343929
0.35011
0.35636
0.361131
0.362865
0.360386
0.352677
0.115103
0.0883802
0.0484558
0.012093
-0.0191625
-0.0460587
-0.0691684
-0.0890531
-0.106054
-0.120435
-0.13228
-0.141467
-0.147642
-0.15019
-0.148357
-0.141249
-0.128326
-0.109487
-0.0849546
-0.0551795
-0.0212597
0.0140381
0.0464852
0.0716539
0.0863274
0.0878654
0.075307
0.0514647
0.0239209
-0.00911401
-0.0546752
-0.114692
-0.186834
-0.266734
-0.350534
-0.435782
-0.521069
-0.605443
-0.688004
-0.7677
-0.843243
-0.913104
-0.975598
-1.029
-1.07163
-1.10205
-1.11908
-1.12214
-1.11143
-1.08693
-1.04923
-0.999274
-0.938354
-0.867988
-0.78984
-0.705594
-0.616822
-0.52488
-0.430863
-0.33563
-0.239907
-0.144426
-0.0500671
0.0420779
0.130706
0.214427
0.291872
0.361951
0.423992
0.477738
0.523204
0.560709
0.5908
0.614188
0.631675
0.644094
0.652253
0.656909
0.65874
0.658346
0.656236
0.652843
0.648524
0.643577
0.638243
0.632721
0.62717
0.621718
0.61646
0.611467
0.606797
0.602512
0.598696
0.595471
0.592989
0.591415
0.590766
0.590619
0.589651
0.585205
0.573322
0.549679
0.511368
0.458653
0.395283
0.32668
0.257829
0.19221
0.131723
0.0775465
0.0304852
-0.00882337
-0.0399312
-0.0625633
-0.0766315
-0.0822119
-0.0793913
-0.06814
-0.0487702
-0.021684
0.0124757
0.0528321
0.098179
0.147019
0.197659
0.248319
0.297288
0.343073
0.384517
0.420863
0.451749
0.477158
0.497341
0.512724
0.523833
0.531224
0.535443
0.536996
0.536331
0.533836
0.52984
0.52462
0.51841
0.511411
0.5038
0.495736
0.487361
0.478808
0.470195
0.46163
0.453205
0.444991
0.437048
0.42942
0.422132
0.415186
0.408566
0.402233
0.396127
0.390168
0.384264
0.378315
0.372243
0.366016
0.35969
0.353424
0.347494
0.342267
0.33817
0.335624
0.334969
0.336381
0.339803
0.344883
0.350934
0.356878
0.361296
0.362633
0.35967
0.351225
0.110634
0.0798325
0.0443899
0.00935404
-0.022657
-0.0510064
-0.0755428
-0.0963465
-0.113543
-0.127301
-0.137764
-0.144998
-0.148858
-0.148993
-0.144816
-0.135633
-0.120934
-0.101225
-0.0762554
-0.0462964
-0.0118003
0.0251416
0.0602237
0.0877929
0.102978
0.103362
0.089837
0.0643925
0.0297295
-0.0188705
-0.0818505
-0.156624
-0.239023
-0.325156
-0.412431
-0.499405
-0.585256
-0.669387
-0.751183
-0.829838
-0.904244
-0.972968
-1.03433
-1.08658
-1.12797
-1.15701
-1.1725
-1.17391
-1.16139
-1.1349
-1.09504
-1.04281
-0.979564
-0.906909
-0.826637
-0.74057
-0.650399
-0.55754
-0.463061
-0.367699
-0.271983
-0.176424
-0.0817075
0.011187
0.100958
0.186147
0.26529
0.337246
0.401217
0.4568
0.50396
0.542994
0.574458
0.599085
0.617698
0.631148
0.640257
0.645791
0.648436
0.648794
0.64738
0.644627
0.640896
0.636485
0.631638
0.626558
0.621409
0.616323
0.611401
0.606718
0.60233
0.598289
0.59466
0.591541
0.589045
0.587274
0.586149
0.585098
0.582605
0.575857
0.560929
0.533859
0.492361
0.437281
0.372592
0.303618
0.235055
0.170095
0.110536
0.0574695
0.0116272
-0.0264529
-0.0564138
-0.0780721
-0.0913742
-0.0964188
-0.0933201
-0.0820633
-0.0628824
-0.0360788
-0.00220098
0.0379315
0.0831636
0.132019
0.182784
0.233632
0.282801
0.328758
0.370326
0.406752
0.437696
0.463171
0.483454
0.498991
0.510315
0.517982
0.522526
0.524437
0.524145
0.522021
0.518376
0.513473
0.507537
0.500762
0.493319
0.485368
0.477054
0.468512
0.459869
0.451238
0.442722
0.434403
0.426352
0.418617
0.411236
0.404221
0.397564
0.391233
0.385181
0.379345
0.373663
0.368077
0.362552
0.35709
0.351747
0.346651
0.342012
0.338112
0.33528
0.333845
0.334068
0.336067
0.339741
0.344712
0.350306
0.355543
0.359186
0.359817
0.356334
0.34747
0.11169
0.0831545
0.049232
0.0124929
-0.0226657
-0.0545001
-0.0820967
-0.104979
-0.122941
-0.136045
-0.144554
-0.148805
-0.149021
-0.145233
-0.137123
-0.12447
-0.107293
-0.0857454
-0.0602725
-0.0307919
0.00250608
0.038146
0.0721823
0.0985507
0.112058
0.111832
0.0977352
0.0705414
0.0260853
-0.0360367
-0.112011
-0.196807
-0.285874
-0.376099
-0.465738
-0.553912
-0.640191
-0.724319
-0.805991
-0.884608
-0.959127
-1.02805
-1.08956
-1.14177
-1.18285
-1.21123
-1.22572
-1.22586
-1.21182
-1.18351
-1.14158
-1.08707
-1.02139
-0.946258
-0.863587
-0.775378
-0.683495
-0.589465
-0.494367
-0.398836
-0.303201
-0.207729
-0.112894
-0.019543
0.0710601
0.157428
0.238084
0.311728
0.377463
0.434758
0.483522
0.524033
0.556853
0.582726
0.602492
0.617015
0.627128
0.633602
0.637127
0.638306
0.637657
0.635614
0.632539
0.628732
0.624437
0.619858
0.615162
0.610484
0.605929
0.601574
0.597475
0.593675
0.590224
0.587189
0.584645
0.582626
0.580953
0.578919
0.57488
0.565998
0.548549
0.519009
0.475599
0.41945
0.354466
0.28572
0.217683
0.153413
0.0947007
0.0426145
-0.00217221
-0.0392198
-0.0682713
-0.0892071
-0.10198
-0.106689
-0.103459
-0.092308
-0.0734059
-0.0469793
-0.0135127
0.0262248
0.0711158
0.119697
0.170238
0.220884
0.269842
0.315559
0.356862
0.393019
0.42372
0.449011
0.469197
0.484736
0.496162
0.504021
0.50883
0.511057
0.511108
0.50933
0.506014
0.501407
0.495721
0.489141
0.481837
0.473967
0.465678
0.457113
0.448406
0.43968
0.431048
0.422608
0.414436
0.406593
0.399125
0.392058
0.385394
0.379116
0.373189
0.367565
0.362197
0.357047
0.352103
0.347388
0.342966
0.338952
0.335511
0.332853
0.331214
0.33082
0.331838
0.334311
0.338094
0.342802
0.347791
0.352171
0.354875
0.35469
0.350726
0.341712
0.122304
0.097679
0.0608051
0.0191988
-0.022014
-0.059908
-0.0925883
-0.118884
-0.138201
-0.150503
-0.156208
-0.155995
-0.150595
-0.140653
-0.126603
-0.108795
-0.0875652
-0.0633113
-0.0367871
-0.00788134
0.023364
0.0558159
0.0858298
0.107738
0.117944
0.116824
0.102045
0.0702354
0.0163357
-0.0562072
-0.141135
-0.232441
-0.325826
-0.418766
-0.509994
-0.599001
-0.685732
-0.77031
-0.852705
-0.932417
-1.0083
-1.07862
-1.14132
-1.19431
-1.23568
-1.26384
-1.27765
-1.27681
-1.26147
-1.23156
-1.18777
-1.13114
-1.06312
-0.985471
-0.900256
-0.809671
-0.715796
-0.62032
-0.524383
-0.428542
-0.332943
-0.237629
-0.142865
-0.0493439
0.0417824
0.129048
0.210933
0.286021
0.353264
0.412059
0.462263
0.504135
0.538235
0.565315
0.586226
0.601837
0.612985
0.620442
0.624899
0.626957
0.627133
0.62586
0.623501
0.620356
0.61667
0.612647
0.608452
0.604222
0.600064
0.596058
0.592258
0.588701
0.58542
0.582454
0.579835
0.577534
0.575285
0.572285
0.566842
0.556209
0.536949
0.505953
0.461778
0.405624
0.341169
0.273182
0.205941
0.142462
0.0845785
0.0333642
-0.010552
-0.0468024
-0.0751879
-0.0956115
-0.108024
-0.112526
-0.109255
-0.0982688
-0.0796929
-0.0537051
-0.020749
0.0184402
0.0627671
0.110774
0.160722
0.210743
0.259037
0.30406
0.344668
0.380167
0.410291
0.435123
0.454989
0.470355
0.481748
0.489693
0.494685
0.497159
0.497495
0.49601
0.492971
0.488608
0.483116
0.476674
0.469449
0.461598
0.453276
0.444632
0.43581
0.426945
0.418164
0.409577
0.401271
0.393321
0.385778
0.378681
0.372044
0.365865
0.360122
0.354782
0.349809
0.345177
0.340878
0.336937
0.333414
0.330407
0.328048
0.32649
0.325893
0.326394
0.328072
0.330898
0.334687
0.339058
0.34341
0.346947
0.34876
0.347834
0.343512
0.334596
0.14324
0.117281
0.0751819
0.0254466
-0.0251899
-0.0721478
-0.112225
-0.143364
-0.164494
-0.17553
-0.177167
-0.170585
-0.157181
-0.138403
-0.115633
-0.0901494
-0.0629839
-0.034808
-0.00608293
0.0227719
0.0518155
0.0798641
0.1037
0.119243
0.125823
0.122693
0.10615
0.0676399
0.00535112
-0.0750329
-0.166097
-0.261724
-0.357987
-0.452743
-0.545038
-0.63472
-0.722144
-0.807795
-0.891826
-0.973679
-1.05193
-1.12449
-1.18896
-1.24308
-1.28495
-1.31301
-1.32628
-1.32468
-1.30831
-1.27715
-1.23185
-1.17346
-1.1034
-1.02346
-0.935797
-0.842811
-0.746836
-0.649749
-0.552781
-0.456471
-0.36083
-0.265713
-0.171163
-0.0776705
0.013753
0.101664
0.18446
0.260649
0.329087
0.389105
0.440522
0.483581
0.518838
0.547048
0.569062
0.585749
0.597943
0.606411
0.611837
0.614819
0.615868
0.615416
0.613826
0.611394
0.608367
0.604945
0.601295
0.597552
0.593822
0.590185
0.586695
0.583384
0.580269
0.577361
0.574654
0.572059
0.56925
0.565377
0.558777
0.546871
0.526541
0.49503
0.451106
0.395893
0.332744
0.266074
0.199969
0.137431
0.0803644
0.0298936
-0.013343
-0.0489943
-0.0768841
-0.0969312
-0.109095
-0.11348
-0.110235
-0.0994506
-0.081227
-0.0557199
-0.0233569
0.0151397
0.0586799
0.105805
0.154774
0.203724
0.250876
0.294727
0.334187
0.368622
0.397821
0.421904
0.441216
0.45622
0.467426
0.475333
0.4804
0.483028
0.48356
0.482282
0.479436
0.475227
0.469839
0.463443
0.456202
0.448279
0.439835
0.431031
0.422022
0.412959
0.403981
0.395213
0.386758
0.378701
0.371102
0.364008
0.357445
0.351419
0.345923
0.340935
0.336431
0.332389
0.328802
0.325682
0.323074
0.321049
0.3197
0.319132
0.319443
0.320702
0.322916
0.326
0.329741
0.333765
0.337533
0.340347
0.341442
0.339972
0.33548
0.326902
0.165915
0.136256
0.0861654
0.0249083
-0.0387921
-0.0980908
-0.148015
-0.185367
-0.208439
-0.217191
-0.212817
-0.197264
-0.172839
-0.142
-0.107235
-0.0709076
-0.0349679
-0.000677877
0.0313933
0.0609068
0.0876867
0.110506
0.127161
0.136383
0.139517
0.13411
0.112994
0.0670648
-0.00268999
-0.0892374
-0.184809
-0.283543
-0.381858
-0.477895
-0.571003
-0.661428
-0.749937
-0.837305
-0.92374
-1.00847
-1.08966
-1.16477
-1.23109
-1.28626
-1.32849
-1.35642
-1.36925
-1.36716
-1.35008
-1.31806
-1.27172
-1.21205
-1.14042
-1.05863
-0.96892
-0.873812
-0.775896
-0.677259
-0.579242
-0.482394
-0.386655
-0.291711
-0.197401
-0.104032
-0.0125116
0.07575
0.159116
0.236037
0.30531
0.366227
0.418584
0.462614
0.498869
0.528099
0.551149
0.568879
0.582111
0.5916
0.59802
0.601958
0.60392
0.604331
0.60355
0.601874
0.599547
0.596768
0.593701
0.590478
0.587204
0.583958
0.580791
0.577731
0.574781
0.571928
0.569129
0.566254
0.562938
0.558335
0.550873
0.538192
0.517496
0.486327
0.443567
0.390164
0.32907
0.2643
0.199728
0.138349
0.0821638
0.0323909
-0.0102728
-0.0454568
-0.0729859
-0.0927826
-0.104804
-0.109154
-0.10599
-0.0954368
-0.077588
-0.0526032
-0.0209184
0.0167338
0.0592522
0.105172
0.152758
0.200176
0.245696
0.287889
0.325747
0.358715
0.386645
0.409693
0.428215
0.442662
0.453517
0.461242
0.466254
0.468914
0.469523
0.468333
0.465555
0.461373
0.455959
0.449476
0.442089
0.433968
0.425284
0.416211
0.406921
0.397579
0.388342
0.379351
0.370727
0.362563
0.354928
0.347878
0.341447
0.335648
0.330479
0.325927
0.321972
0.318596
0.315786
0.313543
0.311887
0.310856
0.310501
0.310878
0.312032
0.313975
0.316663
0.319972
0.323673
0.327414
0.330716
0.332984
0.333585
0.331822
0.327375
0.319358
0.179394
0.145371
0.0855594
0.00968762
-0.0709482
-0.146349
-0.20866
-0.253377
-0.278023
-0.28279
-0.269677
-0.241713
-0.202395
-0.155461
-0.104738
-0.0538545
-0.00582265
0.0372978
0.0744196
0.105134
0.129342
0.146614
0.156802
0.161542
0.161799
0.15336
0.125564
0.0717939
-0.00490485
-0.0967542
-0.196064
-0.29733
-0.397299
-0.494393
-0.588302
-0.679686
-0.769681
-0.85925
-0.94853
-1.03642
-1.12061
-1.19812
-1.26599
-1.32191
-1.36431
-1.39205
-1.40454
-1.40221
-1.38472
-1.35227
-1.30532
-1.24491
-1.17231
-1.08932
-0.998217
-0.901638
-0.802231
-0.702265
-0.603282
-0.505916
-0.410076
-0.315301
-0.221258
-0.128111
-0.0366817
0.0516491
0.135233
0.212497
0.282219
0.34368
0.396673
0.44143
0.478497
0.508616
0.532615
0.551337
0.565583
0.576091
0.583517
0.588434
0.591336
0.592642
0.592706
0.59182
0.590227
0.588124
0.585672
0.582999
0.580208
0.577373
0.574545
0.571744
0.568963
0.566168
0.563289
0.560164
0.556422
0.551261
0.543242
0.530259
0.509829
0.479749
0.438947
0.388129
0.329804
0.267547
0.20499
0.145104
0.0899858
0.0409744
-0.00114311
-0.0359408
-0.0632106
-0.0828554
-0.094818
-0.0992008
-0.0961668
-0.0858802
-0.0684429
-0.0440421
-0.013146
0.0234811
0.0647132
0.109077
0.154858
0.200271
0.243671
0.283732
0.319553
0.350675
0.377012
0.398756
0.416261
0.429958
0.440291
0.447676
0.452484
0.455027
0.455561
0.454302
0.451429
0.447108
0.441497
0.434757
0.42706
0.418582
0.40951
0.400034
0.390344
0.380626
0.371052
0.361783
0.352957
0.34468
0.337032
0.330071
0.323838
0.318352
0.313609
0.309598
0.306296
0.30368
0.301731
0.300434
0.299784
0.299786
0.300451
0.301785
0.303785
0.306415
0.309592
0.313168
0.31691
0.320494
0.323503
0.325437
0.325783
0.323978
0.319787
0.312521
0.175223
0.136616
0.0646499
-0.0294862
-0.131075
-0.225773
-0.302479
-0.354947
-0.380106
-0.37866
-0.353747
-0.309682
-0.251258
-0.183658
-0.112413
-0.0428869
0.0205201
0.0748726
0.118602
0.15126
0.173759
0.186955
0.193277
0.196023
0.194334
0.181234
0.145679
0.0837771
0.000294043
-0.0965647
-0.199375
-0.303
-0.404524
-0.502686
-0.597532
-0.690129
-0.781895
-0.873874
-0.966038
-1.05691
-1.14373
-1.22316
-1.29214
-1.34848
-1.39091
-1.41849
-1.43077
-1.42844
-1.41081
-1.37832
-1.33121
-1.27084
-1.19802
-1.11456
-1.02272
-0.925187
-0.824731
-0.723845
-0.624225
-0.526575
-0.430756
-0.336211
-0.24249
-0.14967
-0.0585254
0.0295865
0.113026
0.190231
0.26
0.321635
0.374945
0.420169
0.457851
0.488714
0.513564
0.533215
0.548441
0.559954
0.568387
0.574294
0.578157
0.580383
0.581318
0.581251
0.58042
0.57902
0.577209
0.575112
0.572827
0.570425
0.567951
0.56542
0.562818
0.560095
0.557159
0.553834
0.549764
0.54422
0.535933
0.523058
0.503418
0.475034
0.436842
0.389283
0.334399
0.2753
0.215326
0.15738
0.103635
0.0555596
0.0140599
-0.0203455
-0.0473855
-0.066924
-0.0788806
-0.0833492
-0.0804974
-0.07053
-0.0535712
-0.0298564
9.38718e-05
0.0354671
0.0751044
0.117529
0.161062
0.203999
0.244807
0.282294
0.315685
0.344622
0.369084
0.389283
0.405565
0.418326
0.427964
0.434843
0.439278
0.441529
0.441807
0.440287
0.437121
0.432456
0.426443
0.419245
0.411041
0.402023
0.392393
0.382361
0.372137
0.361927
0.351925
0.342309
0.333236
0.32483
0.317182
0.310351
0.304384
0.2993
0.295093
0.291744
0.289221
0.287489
0.286511
0.286255
0.286692
0.287794
0.289534
0.291878
0.294777
0.298156
0.301902
0.30585
0.309773
0.313375
0.3163
0.318133
0.318464
0.316849
0.313108
0.306733
0.147082
0.102042
0.0151614
-0.100685
-0.226158
-0.341423
-0.431737
-0.490027
-0.513596
-0.503645
-0.464752
-0.402359
-0.322076
-0.230139
-0.133946
-0.0413661
0.0409456
0.108804
0.16051
0.196374
0.2187
0.231777
0.238154
0.240838
0.23738
0.218223
0.174066
0.103701
0.0133734
-0.0885019
-0.194853
-0.300866
-0.404023
-0.503411
-0.599418
-0.693435
-0.78706
-0.881344
-0.976056
-1.06938
-1.15823
-1.23905
-1.30881
-1.36554
-1.40814
-1.43585
-1.44828
-1.44602
-1.42846
-1.39614
-1.34939
-1.28915
-1.21649
-1.13306
-1.04107
-0.943228
-0.842411
-0.741235
-0.641496
-0.543928
-0.44836
-0.354179
-0.260886
-0.168537
-0.0778961
0.00968851
0.0926055
0.16934
0.238748
0.300181
0.353487
0.39892
0.437015
0.468475
0.494071
0.514583
0.530747
0.543242
0.552675
0.559577
0.564412
0.567575
0.569403
0.570177
0.570132
0.569459
0.568312
0.566814
0.565056
0.563107
0.561005
0.558762
0.556355
0.553727
0.550769
0.547307
0.543013
0.537254
0.528942
0.516504
0.498052
0.471818
0.436738
0.392993
0.342157
0.286855
0.230086
0.174624
0.122684
0.0758515
0.0351684
0.00127048
-0.0254851
-0.0449058
-0.0568753
-0.0614708
-0.0588602
-0.0492914
-0.0329215
-0.0100503
0.0187358
0.0525669
0.0902518
0.130323
0.171159
0.211164
0.248949
0.283474
0.314103
0.340579
0.362933
0.38139
0.396269
0.407925
0.416699
0.422899
0.426778
0.428543
0.428357
0.426355
0.422667
0.417426
0.410781
0.402902
0.393979
0.384221
0.373851
0.363099
0.352196
0.34137
0.330837
0.320795
0.311421
0.302857
0.295207
0.288533
0.282887
0.278287
0.274723
0.272161
0.270554
0.269846
0.269978
0.27089
0.272526
0.274827
0.277732
0.28117
0.285057
0.289286
0.293721
0.298187
0.302466
0.306292
0.30936
0.311331
0.311881
0.310666
0.307542
0.302155
0.0911626
0.0384372
-0.0650086
-0.204121
-0.353249
-0.486313
-0.585358
-0.64429
-0.662593
-0.642429
-0.589646
-0.510165
-0.409219
-0.292759
-0.169397
-0.0499708
0.0554334
0.140339
0.202671
0.244219
0.269632
0.284908
0.293691
0.297176
0.290542
0.263842
0.210295
0.131146
0.0339184
-0.0730132
-0.183049
-0.291654
-0.396672
-0.497487
-0.594815
-0.690258
-0.785582
-0.881798
-0.978483
-1.07357
-1.16378
-1.24553
-1.31587
-1.37299
-1.41587
-1.44374
-1.45631
-1.45406
-1.43674
-1.40485
-1.35864
-1.29891
-1.2268
-1.14391
-1.0524
-0.954966
-0.854554
-0.753823
-0.65459
-0.557574
-0.462574
-0.368965
-0.276271
-0.184591
-0.0947215
-0.0080081
0.0739863
0.149829
0.218468
0.279335
0.332328
0.377719
0.416035
0.447947
0.474187
0.495487
0.512542
0.525993
0.536412
0.544308
0.550122
0.554235
0.556972
0.558607
0.559368
0.559443
0.558981
0.558101
0.556893
0.555417
0.553709
0.551775
0.549589
0.547087
0.544154
0.540626
0.536215
0.530387
0.522246
0.51048
0.493486
0.469699
0.438073
0.398548
0.352262
0.301345
0.248414
0.196055
0.146461
0.101307
0.0617667
0.0286015
0.00227237
-0.0169554
-0.0289179
-0.0336671
-0.0313669
-0.0223076
-0.00668683
0.0151217
0.0424607
0.0744042
0.109739
0.147027
0.184732
0.221394
0.25579
0.287046
0.314664
0.338477
0.358558
0.375122
0.388455
0.398857
0.40661
0.411956
0.415089
0.416157
0.415277
0.412555
0.408097
0.402032
0.394513
0.38572
0.375862
0.365163
0.353869
0.342229
0.330498
0.318927
0.307755
0.2972
0.287459
0.278696
0.271028
0.264525
0.259238
0.255188
0.252355
0.250694
0.250135
0.250597
0.251989
0.254219
0.257196
0.260828
0.265019
0.269669
0.274663
0.279871
0.28514
0.29029
0.295115
0.299376
0.302814
0.305155
0.30614
0.305511
0.303153
0.298823
0.0118808
-0.0479419
-0.167436
-0.32772
-0.4954
-0.638458
-0.738045
-0.790915
-0.800599
-0.770078
-0.705867
-0.613896
-0.497787
-0.361328
-0.212822
-0.0657088
0.0658281
0.171951
0.249242
0.300252
0.331462
0.350419
0.361565
0.364245
0.352132
0.31627
0.252833
0.165013
0.0609134
-0.0512214
-0.164945
-0.276243
-0.383182
-0.485478
-0.584112
-0.680845
-0.777487
-0.874997
-0.972838
-1.06883
-1.15967
-1.24183
-1.31249
-1.36988
-1.41301
-1.44118
-1.45415
-1.45216
-1.43532
-1.40404
-1.35854
-1.29961
-1.22843
-1.14656
-1.05615
-0.959875
-0.860675
-0.761174
-0.663128
-0.567189
-0.473131
-0.380367
-0.288514
-0.197772
-0.109004
-0.023552
0.0570948
0.13162
0.199094
0.259048
0.31144
0.356559
0.394917
0.427146
0.453931
0.475949
0.493848
0.508225
0.519615
0.528499
0.535296
0.540368
0.544029
0.546542
0.548129
0.548972
0.549216
0.548976
0.548338
0.547359
0.54607
0.544475
0.542542
0.540205
0.537353
0.533837
0.529411
0.523643
0.515817
0.504873
0.489484
0.468289
0.440284
0.405218
0.363837
0.31779
0.269287
0.22066
0.174019
0.131078
0.0931135
0.0610096
0.0353369
0.0164435
0.00454924
-0.000364699
0.00154698
0.00995586
0.0246207
0.0450932
0.0706507
0.100324
0.132899
0.166992
0.201182
0.234166
0.264903
0.292685
0.317142
0.338181
0.355891
0.37047
0.382153
0.391179
0.397767
0.40209
0.404281
0.404434
0.402625
0.398931
0.393451
0.386313
0.37768
0.367748
0.35674
0.344903
0.3325
0.319803
0.307092
0.294641
0.282714
0.271554
0.261377
0.252368
0.244656
0.238327
0.233426
0.229975
0.227946
0.227279
0.227882
0.229646
0.232445
0.236148
0.240625
0.245742
0.251371
0.257378
0.263625
0.269962
0.276225
0.282236
0.287798
0.292702
0.296726
0.299647
0.301264
0.301384
0.299916
0.296697
-0.0747455
-0.141107
-0.274167
-0.450009
-0.627632
-0.771063
-0.863975
-0.907576
-0.9082
-0.868316
-0.795354
-0.695839
-0.571378
-0.421898
-0.25355
-0.0815448
0.0757793
0.204941
0.300662
0.365017
0.4047
0.427577
0.439333
0.438365
0.418452
0.372686
0.299488
0.203456
0.0927628
-0.0243095
-0.141645
-0.255587
-0.364472
-0.468259
-0.568102
-0.665847
-0.763291
-0.86135
-0.95946
-1.05548
-1.14621
-1.22827
-1.29893
-1.35647
-1.39991
-1.42848
-1.44192
-1.44029
-1.424
-1.39343
-1.34881
-1.29097
-1.22109
-1.14076
-1.05208
-0.957711
-0.860534
-0.763051
-0.666872
-0.572545
-0.479832
-0.388239
-0.297542
-0.208089
-0.120826
-0.037074
0.0417789
0.114564
0.180497
0.23922
0.290752
0.335394
0.373635
0.406061
0.433299
0.45597
0.474667
0.489938
0.502284
0.51215
0.519931
0.525972
0.530572
0.533982
0.536416
0.538048
0.539021
0.539445
0.539401
0.538944
0.538104
0.53688
0.535239
0.533114
0.530409
0.526988
0.522647
0.517047
0.509638
0.499594
0.485845
0.467246
0.442862
0.412311
0.376007
0.33516
0.291561
0.24724
0.204157
0.164004
0.128118
0.0974827
0.07277
0.0544117
0.0426866
0.037615
0.0390561
0.0466531
0.0601241
0.0789557
0.102377
0.129398
0.158832
0.18938
0.219759
0.248844
0.275774
0.3
0.321258
0.339503
0.354825
0.367381
0.377351
0.384909
0.390205
0.393348
0.394407
0.393428
0.390453
0.385544
0.378797
0.370348
0.360373
0.349083
0.336719
0.323545
0.309842
0.29591
0.282053
0.268574
0.255765
0.243898
0.233211
0.223907
0.216133
0.209984
0.205497
0.202691
0.201531
0.201939
0.203803
0.206984
0.211321
0.216643
0.222775
0.229543
0.236775
0.244306
0.251972
0.259605
0.267036
0.274087
0.280577
0.286317
0.291123
0.294815
0.297234
0.29824
0.297767
0.295704
-0.146671
-0.22055
-0.363989
-0.549008
-0.729509
-0.868153
-0.953096
-0.989315
-0.983091
-0.934804
-0.853843
-0.748966
-0.620718
-0.464389
-0.282178
-0.0899014
0.0901351
0.24061
0.35448
0.433282
0.482662
0.50927
0.519575
0.513002
0.484572
0.42944
0.347325
0.243922
0.127485
0.00607692
-0.11451
-0.230877
-0.341588
-0.44676
-0.547632
-0.646045
-0.743739
-0.841597
-0.939108
-1.03429
-1.12415
-1.20554
-1.27584
-1.3333
-1.37685
-1.40564
-1.41942
-1.41824
-1.40263
-1.3729
-1.32937
-1.27294
-1.20479
-1.12651
-1.04021
-0.948498
-0.85413
-0.759407
-0.665729
-0.573519
-0.48256
-0.392514
-0.303365
-0.215638
-0.130351
-0.0487816
0.02782
0.0984576
0.162505
0.219716
0.270163
0.314152
0.352137
0.384653
0.412263
0.435525
0.454976
0.471115
0.4844
0.495243
0.504014
0.511036
0.516591
0.520919
0.524224
0.526673
0.528402
0.529516
0.530095
0.530192
0.529834
0.529018
0.527712
0.525857
0.523369
0.520128
0.515966
0.510629
0.503707
0.494582
0.482427
0.466307
0.445392
0.419231
0.387977
0.35246
0.314065
0.274492
0.235494
0.198675
0.16538
0.136653
0.113244
0.0956608
0.0842371
0.0790337
0.079928
0.0865498
0.098586
0.115478
0.136432
0.160471
0.186465
0.213226
0.239632
0.264738
0.287857
0.308576
0.32671
0.342235
0.355221
0.365773
0.37401
0.380039
0.383941
0.385759
0.385507
0.38319
0.378828
0.372476
0.364236
0.354255
0.342723
0.329864
0.315931
0.301206
0.285994
0.270622
0.255426
0.240746
0.22691
0.214221
0.202944
0.193302
0.185457
0.179508
0.175482
0.173385
0.173172
0.174744
0.177967
0.182672
0.188667
0.195741
0.203674
0.212248
0.221251
0.230479
0.23974
0.248848
0.257626
0.265899
0.273499
0.28026
0.286025
0.290652
0.29402
0.296026
0.296632
0.295762
-0.182983
-0.269973
-0.419533
-0.609148
-0.790539
-0.925927
-1.00664
-1.03944
-1.0295
-0.974225
-0.88525
-0.774873
-0.644349
-0.485208
-0.294819
-0.0880748
0.109753
0.277844
0.406857
0.497546
0.554952
0.584277
0.592594
0.580841
0.544913
0.481843
0.39268
0.283586
0.162833
0.0381483
-0.0849501
-0.203257
-0.315475
-0.421788
-0.523418
-0.622112
-0.719508
-0.816457
-0.91255
-1.00605
-1.09427
-1.17432
-1.24369
-1.30061
-1.34393
-1.37273
-1.38682
-1.38615
-1.37132
-1.3426
-1.30045
-1.24578
-1.1798
-1.10412
-1.02084
-0.932509
-0.841673
-0.750363
-0.659729
-0.570085
-0.481291
-0.393217
-0.30609
-0.220607
-0.137829
-0.0589498
0.014949
0.0830606
0.144918
0.200376
0.24955
0.292737
0.330349
0.362862
0.39077
0.414569
0.434736
0.451718
0.46593
0.477751
0.487521
0.49554
0.502072
0.507345
0.511551
0.514848
0.517365
0.519205
0.520442
0.521129
0.521291
0.520926
0.520007
0.518484
0.516284
0.513305
0.509414
0.504422
0.498036
0.489815
0.479147
0.465303
0.447584
0.425523
0.399097
0.36882
0.335713
0.301136
0.266596
0.233552
0.203298
0.17689
0.155126
0.138566
0.12759
0.122294
0.12258
0.128086
0.138482
0.153192
0.171432
0.192264
0.214648
0.237531
0.259961
0.281169
0.300624
0.318015
0.333206
0.34617
0.356936
0.365554
0.372077
0.376546
0.378973
0.379343
0.377622
0.373783
0.367836
0.359839
0.349902
0.338185
0.324885
0.310234
0.294497
0.277977
0.261006
0.243949
0.227186
0.211101
0.196066
0.182424
0.17047
0.16045
0.152539
0.146833
0.143342
0.142051
0.142896
0.145752
0.150456
0.156809
0.164585
0.173537
0.183407
0.193934
0.204864
0.215957
0.226987
0.237748
0.248053
0.257728
0.266613
0.274563
0.281448
0.287154
0.291593
0.294694
0.296441
0.296789
-0.178658
-0.277466
-0.431819
-0.624334
-0.808714
-0.946276
-1.02814
-1.06092
-1.04916
-0.988855
-0.893383
-0.778369
-0.646163
-0.485941
-0.291562
-0.0764827
0.132219
0.311374
0.450454
0.549227
0.611995
0.643686
0.650756
0.635144
0.593687
0.525325
0.431899
0.319676
0.196679
0.0702661
-0.0542444
-0.17374
-0.286949
-0.394013
-0.496037
-0.594599
-0.691183
-0.786596
-0.880553
-0.971598
-1.05741
-1.1354
-1.20319
-1.25904
-1.30173
-1.33033
-1.34466
-1.34451
-1.33056
-1.30306
-1.26257
-1.21003
-1.14669
-1.07415
-0.994527
-0.910222
-0.823531
-0.736155
-0.648994
-0.562308
-0.476095
-0.390478
-0.305927
-0.223277
-0.143582
-0.0679043
0.00286674
0.0681167
0.127526
0.181033
0.228779
0.271039
0.308178
0.340605
0.368747
0.393034
0.413882
0.431688
0.446823
0.459627
0.470412
0.479453
0.486994
0.493247
0.498391
0.502576
0.505924
0.50853
0.510468
0.511788
0.512515
0.512651
0.512174
0.511046
0.509206
0.50657
0.503034
0.49846
0.492649
0.485299
0.475982
0.464162
0.44928
0.430907
0.408912
0.383576
0.355605
0.326042
0.296124
0.267125
0.240233
0.216468
0.196634
0.18132
0.17093
0.165597
0.165248
0.169552
0.17818
0.190566
0.205964
0.22351
0.242276
0.261362
0.279985
0.297538
0.313612
0.327968
0.340488
0.351118
0.359836
0.366631
0.371493
0.374399
0.375299
0.374123
0.370799
0.365285
0.357586
0.34777
0.335953
0.322299
0.307006
0.290312
0.272497
0.25389
0.234865
0.215835
0.197238
0.179515
0.163091
0.148352
0.13563
0.125192
0.117228
0.111826
0.108971
0.108616
0.110673
0.114976
0.121323
0.129481
0.139187
0.150159
0.162104
0.174724
0.187728
0.200839
0.213801
0.226385
0.238387
0.249632
0.259967
0.269262
0.277409
0.284319
0.289932
0.294203
0.297137
0.298714
-0.143158
-0.238278
-0.397753
-0.593269
-0.782673
-0.9271
-1.0147
-1.05039
-1.03786
-0.975227
-0.877543
-0.761617
-0.629375
-0.468955
-0.273327
-0.0556649
0.156323
0.338796
0.48112
0.582956
0.648531
0.68233
0.688627
0.670864
0.626527
0.556251
0.462039
0.349811
0.227113
0.100923
-0.0235762
-0.143251
-0.256735
-0.364011
-0.465976
-0.563975
-0.659293
-0.752667
-0.843925
-0.931897
-1.01464
-1.08988
-1.15546
-1.2097
-1.25136
-1.27951
-1.29383
-1.29421
-1.28121
-1.25513
-1.2166
-1.16657
-1.1063
-1.03742
-0.962
-0.882263
-0.800174
-0.717091
-0.63372
-0.55034
-0.467153
-0.384546
-0.303197
-0.224015
-0.147983
-0.0759931
-0.00872888
0.0533755
0.110125
0.161521
0.20771
0.248938
0.285512
0.317778
0.346095
0.370825
0.392328
0.410947
0.427007
0.440811
0.452637
0.462736
0.471328
0.478607
0.484738
0.489861
0.49409
0.497515
0.500205
0.502209
0.503554
0.504243
0.504268
0.5036
0.50219
0.499972
0.496868
0.492779
0.487574
0.48106
0.472956
0.46289
0.450449
0.435273
0.41719
0.396319
0.373119
0.348351
0.322988
0.298093
0.27471
0.253777
0.236065
0.222162
0.212481
0.207178
0.206212
0.209298
0.216129
0.22617
0.238744
0.253086
0.2684
0.283944
0.299091
0.313371
0.326464
0.338167
0.348351
0.356922
0.363802
0.368921
0.372206
0.373575
0.372921
0.370129
0.365103
0.357792
0.348208
0.33642
0.322547
0.306744
0.289205
0.270176
0.24996
0.228928
0.207511
0.18619
0.165471
0.145864
0.127852
0.111873
0.098292
0.0874009
0.0794011
0.0743704
0.0722643
0.0729967
0.0764442
0.0823933
0.0905907
0.100754
0.112576
0.125739
0.139913
0.154771
0.16999
0.185261
0.200303
0.21486
0.228715
0.241685
0.253619
0.264398
0.273931
0.282153
0.289023
0.294523
0.298672
0.301476
-0.0944765
-0.163773
-0.320498
-0.518983
-0.71329
-0.865486
-0.96085
-1.00163
-0.990805
-0.930508
-0.837229
-0.725606
-0.595319
-0.435184
-0.240606
-0.0264309
0.180195
0.35722
0.495532
0.595536
0.661199
0.696224
0.703145
0.685535
0.641179
0.572392
0.481003
0.372076
0.252471
0.128739
0.00595238
-0.112645
-0.22548
-0.332278
-0.433644
-0.53063
-0.624287
-0.715248
-0.803419
-0.887887
-0.967064
-1.03902
-1.10184
-1.15396
-1.19413
-1.22152
-1.23564
-1.23649
-1.2245
-1.20001
-1.16367
-1.11646
-1.05964
-0.994866
-0.924107
-0.849321
-0.772109
-0.69353
-0.614182
-0.534455
-0.454787
-0.375805
-0.298326
-0.223249
-0.151426
-0.0835516
-0.020111
0.0386179
0.0925367
0.141685
0.186204
0.226299
0.262222
0.294254
0.322687
0.347823
0.36996
0.389389
0.406389
0.421223
0.434133
0.445339
0.455038
0.463404
0.470585
0.47671
0.481882
0.486187
0.489689
0.492438
0.494459
0.495762
0.49635
0.496205
0.495291
0.493562
0.490957
0.487412
0.482842
0.477132
0.470113
0.461549
0.451157
0.438665
0.423906
0.406906
0.387944
0.367549
0.346455
0.325509
0.305589
0.287517
0.272002
0.259602
0.250717
0.245516
0.243992
0.245922
0.251026
0.258831
0.268749
0.280129
0.292321
0.30473
0.316868
0.328364
0.338951
0.348435
0.356654
0.363468
0.368744
0.372354
0.374172
0.374057
0.371853
0.367411
0.360619
0.351426
0.339848
0.325948
0.309831
0.291638
0.271561
0.249861
0.226882
0.203058
0.178896
0.154961
0.13184
0.110118
0.0903401
0.0729923
0.0584737
0.0470974
0.0390772
0.0344793
0.0332275
0.0351911
0.0402115
0.0480164
0.0582899
0.0706876
0.0848476
0.100403
0.116988
0.134243
0.15182
0.169387
0.186639
0.203303
0.219145
0.233973
0.247634
0.260017
0.271043
0.280663
0.288858
0.295629
0.301009
0.305028
-0.0517815
-0.0813656
-0.21522
-0.413281
-0.611413
-0.769051
-0.87115
-0.917699
-0.911252
-0.858818
-0.776132
-0.672481
-0.5451
-0.385896
-0.195618
0.00839903
0.201358
0.365302
0.493683
0.58764
0.65078
0.685921
0.6946
0.678966
0.63762
0.573207
0.487724
0.385173
0.271435
0.152509
0.0333281
-0.0827244
-0.193793
-0.299264
-0.399387
-0.494874
-0.586507
-0.674777
-0.759627
-0.840345
-0.915659
-0.983963
-1.04361
-1.09318
-1.13151
-1.15784
-1.17157
-1.1728
-1.16183
-1.13903
-1.10506
-1.0609
-1.00783
-0.947499
-0.88169
-0.812045
-0.739817
-0.665851
-0.590745
-0.515061
-0.439471
-0.364772
-0.291824
-0.22144
-0.154294
-0.0908815
-0.0315123
0.0236602
0.0746058
0.121384
0.164119
0.202977
0.238156
0.269876
0.298369
0.323874
0.346632
0.366882
0.384852
0.400762
0.414814
0.427197
0.43808
0.447611
0.455923
0.463128
0.46932
0.474578
0.478964
0.482526
0.485286
0.487267
0.488482
0.488923
0.48857
0.48739
0.485345
0.482392
0.478482
0.473553
0.467515
0.460235
0.451538
0.441243
0.429215
0.415443
0.400085
0.383498
0.366209
0.34887
0.332187
0.316851
0.303481
0.292586
0.284535
0.279508
0.277521
0.278421
0.281968
0.287764
0.295327
0.30413
0.313659
0.323453
0.333129
0.342384
0.350974
0.358687
0.365324
0.370691
0.374604
0.376887
0.377359
0.375831
0.372107
0.366017
0.357439
0.346319
0.332659
0.316504
0.297932
0.27707
0.254119
0.229378
0.203257
0.176276
0.149038
0.122203
0.0964466
0.0724263
0.0507483
0.0319411
0.0164319
0.00454916
-0.00348222
-0.00760543
-0.00792523
-0.00461861
0.0021242
0.0119697
0.0245319
0.0393936
0.0561227
0.0742917
0.0934873
0.113315
0.133401
0.153396
0.172979
0.191863
0.209803
0.226597
0.242091
0.256175
0.268779
0.279868
0.289437
0.297506
0.304122
0.309334
-0.024957
-0.0143869
-0.109886
-0.297573
-0.493807
-0.650888
-0.755107
-0.806548
-0.808612
-0.770294
-0.701476
-0.605541
-0.480095
-0.323199
-0.142172
0.0447532
0.217532
0.363507
0.478663
0.564164
0.622903
0.657077
0.667403
0.654258
0.617885
0.560033
0.482483
0.388591
0.283112
0.171241
0.0576246
-0.0542632
-0.162276
-0.265419
-0.36354
-0.456977
-0.546214
-0.631569
-0.712968
-0.789841
-0.861172
-0.925646
-0.981878
-1.02863
-1.06486
-1.08986
-1.10305
-1.10455
-1.09457
-1.0735
-1.042
-1.00106
-0.951985
-0.896295
-0.835531
-0.771002
-0.703701
-0.634393
-0.563775
-0.492602
-0.421716
-0.35198
-0.284195
-0.219018
-0.156934
-0.0982532
-0.0431475
0.0083205
0.0561644
0.100451
0.141284
0.178793
0.21313
0.244459
0.272955
0.298801
0.322179
0.343273
0.36226
0.379312
0.394589
0.40824
0.420403
0.4312
0.440741
0.449122
0.456426
0.462724
0.468078
0.472524
0.476096
0.478825
0.48073
0.481818
0.482083
0.481509
0.480073
0.477752
0.474521
0.470354
0.465214
0.459038
0.451738
0.443209
0.433366
0.422191
0.409778
0.39636
0.382308
0.368105
0.354295
0.341439
0.330057
0.320589
0.313364
0.308567
0.306235
0.306278
0.308507
0.312612
0.318218
0.32492
0.332327
0.340082
0.347876
0.355439
0.362526
0.368899
0.374316
0.37854
0.381339
0.382489
0.381758
0.378912
0.373725
0.366011
0.355646
0.342561
0.326731
0.308162
0.286902
0.263072
0.236902
0.208759
0.179147
0.148694
0.118114
0.0881671
0.0596153
0.0331838
0.00952996
-0.0107828
-0.0273058
-0.0397018
-0.0477391
-0.0513694
-0.0507187
-0.0460077
-0.0374501
-0.0254364
-0.0104228
0.00709379
0.0265998
0.0475928
0.0695982
0.0921768
0.114926
0.137478
0.159502
0.180703
0.200828
0.219672
0.237077
0.252934
0.267179
0.279785
0.290762
0.300143
0.307988
0.314363
-0.0170091
0.0223464
-0.0463505
-0.215852
-0.397532
-0.542194
-0.640509
-0.697417
-0.711285
-0.684882
-0.622386
-0.526994
-0.401355
-0.25061
-0.0857056
0.0781374
0.227282
0.353793
0.455125
0.531747
0.585337
0.617375
0.628291
0.617574
0.586339
0.535916
0.467249
0.3831
0.287355
0.184281
0.0779988
-0.0281011
-0.131663
-0.231335
-0.32656
-0.41729
-0.503694
-0.585885
-0.66373
-0.736743
-0.804095
-0.864717
-0.917464
-0.961288
-0.995284
-1.01877
-1.03129
-1.03295
-1.0239
-1.00453
-0.975554
-0.937987
-0.893063
-0.842099
-0.786305
-0.726703
-0.664169
-0.599537
-0.533687
-0.46754
-0.402002
-0.337879
-0.275817
-0.21628
-0.159567
-0.10584
-0.0551672
-0.00755151
0.0370477
0.0786987
0.117489
0.15352
0.186903
0.217757
0.246206
0.272374
0.296389
0.318374
0.338452
0.35674
0.37335
0.388389
0.401955
0.414141
0.425032
0.434704
0.443227
0.450671
0.45708
0.462494
0.466958
0.470507
0.473169
0.474963
0.475899
0.475977
0.47519
0.473531
0.470993
0.467575
0.463272
0.45807
0.451938
0.444833
0.436714
0.427578
0.417488
0.406602
0.395178
0.383566
0.372177
0.36145
0.351807
0.343618
0.337171
0.332649
0.330099
0.329485
0.330673
0.333443
0.337527
0.342633
0.34847
0.354757
0.361227
0.367616
0.373659
0.379081
0.383604
0.386959
0.388883
0.389111
0.38736
0.383342
0.376793
0.367509
0.355353
0.340241
0.322117
0.300947
0.276757
0.249675
0.219986
0.188149
0.154786
0.120648
0.0865635
0.0533928
0.0219757
-0.00690493
-0.0325522
-0.0543775
-0.0719191
-0.0848352
-0.0928877
-0.096038
-0.0944252
-0.0883107
-0.0779205
-0.0636916
-0.0461437
-0.0258516
-0.00341625
0.0205726
0.0455639
0.0710594
0.096617
0.121847
0.146409
0.170004
0.192379
0.213329
0.232695
0.25037
0.266292
0.280445
0.292845
0.303538
0.312595
0.320097
0.00772913
0.0322257
-0.0349853
-0.189656
-0.353939
-0.483826
-0.574624
-0.625158
-0.634703
-0.602866
-0.534867
-0.437358
-0.316591
-0.179816
-0.0364359
0.103197
0.230389
0.339754
0.428997
0.497714
0.546427
0.575807
0.586345
0.577738
0.550665
0.506357
0.445727
0.370899
0.28493
0.191222
0.0932133
-0.00601246
-0.104057
-0.199315
-0.290883
-0.378356
-0.461598
-0.540514
-0.614873
-0.684217
-0.747842
-0.80486
-0.854322
-0.895349
-0.927175
-0.949153
-0.960997
-0.962746
-0.954536
-0.936809
-0.910308
-0.876015
-0.835027
-0.788403
-0.737095
-0.681979
-0.62395
-0.563973
-0.503064
-0.442206
-0.382257
-0.323889
-0.267575
-0.21361
-0.162153
-0.113264
-0.066941
-0.023143
0.0181951
0.0571517
0.0938121
0.128264
0.160596
0.190891
0.219229
0.245687
0.270332
0.29323
0.314442
0.334029
0.352047
0.368554
0.383608
0.397266
0.409584
0.420618
0.43043
0.439068
0.446573
0.452995
0.458384
0.462781
0.466224
0.468742
0.470362
0.471098
0.470958
0.469947
0.468072
0.465344
0.461779
0.457391
0.452186
0.446166
0.439328
0.43169
0.423307
0.414294
0.404839
0.395196
0.385677
0.37662
0.368367
0.361226
0.355447
0.351205
0.348556
0.347511
0.347991
0.349856
0.352927
0.356996
0.361838
0.367217
0.372879
0.378557
0.383963
0.388794
0.392745
0.39552
0.396828
0.396363
0.393798
0.388802
0.381081
0.370403
0.356603
0.339555
0.319155
0.295334
0.268112
0.237665
0.204365
0.168791
0.131694
0.0939481
0.0564876
0.0202532
-0.0138554
-0.0450152
-0.0725046
-0.0957218
-0.114201
-0.127603
-0.135686
-0.138415
-0.135929
-0.128532
-0.116447
-0.100144
-0.0801937
-0.0572383
-0.0319617
-0.00504124
0.0228896
0.0512649
0.0795946
0.107461
0.134508
0.160436
0.184993
0.207975
0.229228
0.248646
0.266174
0.281797
0.295542
0.307465
0.317645
0.326179
-0.0149745
-0.0229793
-0.0825042
-0.198469
-0.327127
-0.432701
-0.503043
-0.536648
-0.534388
-0.498149
-0.432742
-0.344108
-0.238058
-0.120725
0.000903193
0.119508
0.228721
0.32409
0.403163
0.464944
0.509263
0.536201
0.546095
0.538996
0.515221
0.475853
0.421958
0.355277
0.278173
0.193378
0.103718
0.0118484
-0.0799875
-0.170097
-0.257343
-0.341039
-0.420782
-0.496272
-0.567169
-0.633002
-0.693137
-0.746815
-0.79324
-0.831657
-0.861432
-0.881999
-0.893201
-0.895024
-0.887648
-0.87156
-0.847486
-0.816289
-0.778858
-0.73605
-0.688704
-0.637712
-0.584062
-0.528813
-0.473009
-0.417572
-0.363237
-0.310527
-0.259774
-0.211155
-0.16474
-0.120521
-0.0784431
-0.038424
-0.000365651
0.0358346
0.0702771
0.103053
0.134241
0.163903
0.192082
0.218806
0.244087
0.267929
0.290329
0.311282
0.330788
0.348848
0.365473
0.380682
0.394499
0.406966
0.418119
0.427987
0.436622
0.444082
0.450417
0.455678
0.459911
0.46316
0.465461
0.466845
0.467335
0.466945
0.465695
0.463604
0.4607
0.457015
0.45258
0.447424
0.441574
0.435062
0.427947
0.420322
0.412328
0.404162
0.396059
0.388287
0.38112
0.374817
0.369591
0.365607
0.362945
0.36165
0.361699
0.363014
0.365479
0.368938
0.373205
0.378063
0.383265
0.388535
0.393572
0.398059
0.401675
0.404102
0.405016
0.404063
0.400869
0.395068
0.38634
0.374428
0.359121
0.340235
0.317601
0.291116
0.260824
0.226979
0.190078
0.150838
0.110144
0.068981
0.0283708
-0.0106848
-0.0472456
-0.0804648
-0.109608
-0.134071
-0.153387
-0.167222
-0.17533
-0.177691
-0.174439
-0.165906
-0.152311
-0.134138
-0.111993
-0.0865713
-0.0586277
-0.0289225
0.00182748
0.0329824
0.0639951
0.0944106
0.123855
0.152021
0.17866
0.203573
0.226612
0.247676
0.266713
0.283717
0.298718
0.311781
0.322995
0.332465
-0.0332308
-0.0545215
-0.103027
-0.184157
-0.276364
-0.35376
-0.405719
-0.429102
-0.424881
-0.393928
-0.338801
-0.263883
-0.174182
-0.0749427
0.0282028
0.129485
0.223744
0.307096
0.37708
0.432398
0.472524
0.497229
0.506535
0.500611
0.479817
0.445009
0.397112
0.337616
0.268493
0.192011
0.110538
0.0263211
-0.0586676
-0.14282
-0.224919
-0.3041
-0.379752
-0.451399
-0.518585
-0.580801
-0.637444
-0.687842
-0.73131
-0.767195
-0.794972
-0.814207
-0.824807
-0.826763
-0.820314
-0.805942
-0.784275
-0.756005
-0.721849
-0.682564
-0.639004
-0.592146
-0.543065
-0.492835
-0.442432
-0.392653
-0.344085
-0.297117
-0.251973
-0.208751
-0.167456
-0.128029
-0.0903665
-0.0543363
-0.0197938
0.0134067
0.0453996
0.0762975
0.106183
0.135104
0.163072
0.190069
0.216047
0.24094
0.264671
0.287161
0.30834
0.328146
0.346536
0.363479
0.378975
0.39303
0.405646
0.416863
0.426734
0.435318
0.442672
0.448857
0.45393
0.457947
0.460959
0.46301
0.464138
0.464375
0.463749
0.462289
0.460031
0.457014
0.453283
0.448881
0.44385
0.438241
0.432113
0.425553
0.418678
0.411643
0.404636
0.397871
0.39157
0.385955
0.381208
0.377486
0.374893
0.373503
0.37333
0.374346
0.376474
0.379595
0.383545
0.388122
0.393083
0.398148
0.40301
0.407342
0.410813
0.413084
0.413789
0.412528
0.408876
0.402428
0.392825
0.379766
0.362978
0.342204
0.317219
0.287915
0.254393
0.217025
0.176456
0.133549
0.0893174
0.0448432
0.00121703
-0.0405141
-0.0793837
-0.114531
-0.145219
-0.170843
-0.190942
-0.205185
-0.213326
-0.215362
-0.211425
-0.201866
-0.186894
-0.166993
-0.142788
-0.115013
-0.084485
-0.0520431
-0.0184917
0.0154466
0.0491566
0.0821361
0.113985
0.144388
0.173099
0.199925
0.224728
0.247414
0.267938
0.286296
0.302526
0.316698
0.32891
0.339272
-0.0453586
-0.0683376
-0.106957
-0.164585
-0.230666
-0.288808
-0.328616
-0.346053
-0.340781
-0.31338
-0.265826
-0.201639
-0.124994
-0.0402545
0.0479867
0.135061
0.216722
0.289618
0.35144
0.400778
0.436906
0.459461
0.468288
0.46341
0.445281
0.414595
0.372119
0.319107
0.25722
0.18838
0.114609
0.0378542
-0.0401495
-0.117939
-0.194333
-0.268405
-0.339431
-0.40681
-0.469993
-0.528426
-0.581517
-0.628649
-0.669216
-0.702651
-0.728519
-0.746534
-0.756635
-0.758839
-0.753392
-0.740696
-0.721235
-0.695566
-0.664345
-0.628363
-0.58856
-0.545988
-0.501718
-0.456741
-0.411897
-0.367835
-0.325016
-0.283738
-0.244162
-0.206341
-0.170239
-0.13575
-0.102715
-0.0709402
-0.0402109
-0.0103144
0.0189416
0.0477115
0.0760981
0.104147
0.131844
0.159124
0.185876
0.211954
0.237197
0.261439
0.284524
0.306317
0.326704
0.345615
0.362997
0.378802
0.393037
0.405739
0.416958
0.426757
0.435203
0.44237
0.448328
0.453147
0.456893
0.459626
0.461399
0.462257
0.462243
0.461393
0.459749
0.457357
0.454264
0.450525
0.446192
0.441324
0.435987
0.430264
0.424259
0.418101
0.411946
0.405971
0.400361
0.395306
0.390982
0.387524
0.385064
0.383691
0.383451
0.384341
0.386314
0.389274
0.393077
0.397532
0.402404
0.407416
0.412261
0.416609
0.42012
0.422426
0.423118
0.421738
0.417808
0.410874
0.400526
0.386402
0.368152
0.345442
0.318006
0.285762
0.24891
0.207975
0.163761
0.117279
0.0696513
0.0220403
-0.0244138
-0.0686345
-0.10964
-0.146565
-0.178673
-0.205365
-0.226186
-0.240812
-0.248999
-0.250748
-0.246204
-0.235725
-0.219512
-0.198042
-0.171946
-0.141984
-0.109019
-0.0739616
-0.0376992
-0.00104004
0.0353261
0.070841
0.10507
0.137684
0.168434
0.197137
0.223663
0.247927
0.269891
0.289559
0.306973
0.322208
0.335369
0.346571
-0.0511991
-0.0730348
-0.104985
-0.148289
-0.196838
-0.239815
-0.26874
-0.279907
-0.272758
-0.247858
-0.206618
-0.151537
-0.0858624
-0.0132129
0.0625847
0.137681
0.208546
0.272296
0.326815
0.370692
0.403087
0.423539
0.431839
0.427898
0.412131
0.385147
0.347596
0.300531
0.245312
0.183532
0.116923
0.0472045
-0.0240549
-0.0955033
-0.166018
-0.23468
-0.300729
-0.36351
-0.422427
-0.476899
-0.526348
-0.570199
-0.607899
-0.638976
-0.663059
-0.679983
-0.689675
-0.692148
-0.687588
-0.676294
-0.658668
-0.635256
-0.606769
-0.574083
-0.538186
-0.500102
-0.460799
-0.421125
-0.381777
-0.343289
-0.30605
-0.270317
-0.236226
-0.203809
-0.172998
-0.143639
-0.115507
-0.0883202
-0.061771
-0.0355499
-0.00937971
0.0169586
0.043607
0.0706218
0.0979728
0.125549
0.153172
0.180608
0.207592
0.233853
0.259137
0.283211
0.305899
0.327053
0.346539
0.3643
0.380334
0.39467
0.407357
0.418466
0.428078
0.436281
0.443164
0.448813
0.453309
0.45673
0.459144
0.460611
0.461186
0.460917
0.459852
0.458041
0.455536
0.452393
0.448672
0.444437
0.439758
0.434714
0.429403
0.423938
0.418456
0.413107
0.408055
0.403468
0.399508
0.396312
0.394016
0.392722
0.392491
0.393343
0.395251
0.398142
0.40189
0.406322
0.411214
0.416297
0.421269
0.4258
0.429535
0.432075
0.432955
0.431653
0.42763
0.420371
0.409403
0.394284
0.374578
0.34988
0.319908
0.284648
0.244442
0.199985
0.152249
0.102373
0.0515703
0.00105781
-0.0479916
-0.0944845
-0.137433
-0.17597
-0.209366
-0.237029
-0.258511
-0.273491
-0.28173
-0.28324
-0.27817
-0.26688
-0.24957
-0.226701
-0.198905
-0.166954
-0.131748
-0.0942521
-0.0554304
-0.0161728
0.0227536
0.060728
0.097274
0.13204
0.164771
0.195291
0.223476
0.249255
0.272598
0.293514
0.312052
0.328293
0.342347
0.35433
-0.053088
-0.0729367
-0.0993853
-0.132358
-0.167804
-0.198812
-0.219252
-0.225903
-0.217855
-0.195302
-0.159217
-0.111504
-0.0548126
0.00782082
0.0732097
0.13818
0.199792
0.255568
0.303601
0.342537
0.371497
0.389953
0.397662
0.394513
0.380819
0.357116
0.32399
0.282322
0.23324
0.178043
0.118168
0.0550999
-0.0097403
-0.0750827
-0.139842
-0.203108
-0.264113
-0.322189
-0.37673
-0.427162
-0.472929
-0.5135
-0.548392
-0.577209
-0.599606
-0.615451
-0.624636
-0.627151
-0.623138
-0.612875
-0.596801
-0.575534
-0.549851
-0.520639
-0.488826
-0.455313
-0.420922
-0.386366
-0.352243
-0.319032
-0.287105
-0.256717
-0.22801
-0.201008
-0.175619
-0.151633
-0.128741
-0.106552
-0.0846306
-0.0625402
-0.0398888
-0.0163658
0.00823423
0.0339991
0.060896
0.0887772
0.117391
0.146402
0.17542
0.204046
0.231894
0.258641
0.284001
0.307698
0.329567
0.349534
0.367575
0.38371
0.397995
0.410514
0.421365
0.430658
0.4385
0.444997
0.450252
0.454358
0.457401
0.459456
0.460592
0.46087
0.460345
0.459072
0.457106
0.454506
0.451333
0.447653
0.443537
0.439064
0.434325
0.429426
0.424488
0.419648
0.415056
0.410862
0.40721
0.404243
0.402097
0.40088
0.400669
0.401503
0.403376
0.406238
0.409986
0.414466
0.419467
0.424735
0.429974
0.434854
0.439004
0.441978
0.443249
0.442221
0.438285
0.430852
0.419371
0.403312
0.38215
0.35542
0.322862
0.284574
0.241072
0.193236
0.14219
0.089179
0.035479
-0.0176584
-0.069043
-0.117574
-0.162261
-0.202242
-0.236792
-0.265327
-0.287408
-0.302717
-0.311018
-0.312334
-0.306819
-0.294827
-0.276564
-0.25247
-0.223174
-0.189452
-0.152228
-0.112511
-0.071329
-0.0296476
0.0116906
0.0519997
0.0907557
0.127578
0.162204
0.194454
0.224217
0.25143
0.276072
0.298161
0.317753
0.334932
0.349816
0.362519
-0.0524553
-0.0698327
-0.0914294
-0.116663
-0.142692
-0.164966
-0.179047
-0.182169
-0.173295
-0.152483
-0.120525
-0.078932
-0.0298215
0.0243311
0.0808948
0.137235
0.190882
0.239702
0.281988
0.316474
0.342297
0.3589
0.366003
0.363495
0.351607
0.330784
0.301567
0.264721
0.221195
0.172077
0.118554
0.0618585
0.00322241
-0.0561957
-0.115357
-0.173358
-0.229424
-0.282876
-0.333108
-0.379558
-0.421698
-0.459047
-0.491193
-0.517755
-0.538398
-0.552988
-0.56141
-0.563684
-0.55999
-0.550668
-0.536223
-0.517301
-0.494648
-0.46906
-0.441331
-0.412221
-0.382431
-0.352593
-0.32327
-0.294942
-0.268002
-0.242735
-0.219308
-0.197753
-0.177953
-0.15964
-0.1424
-0.125705
-0.108962
-0.0915732
-0.0729985
-0.0527995
-0.0306711
-0.00646075
0.0198219
0.0480049
0.0777625
0.108634
0.140074
0.171512
0.202428
0.232354
0.260804
0.287433
0.312043
0.334512
0.354797
0.372915
0.388939
0.402972
0.415136
0.425565
0.434394
0.441753
0.447765
0.452545
0.456195
0.45881
0.460472
0.461253
0.46122
0.460435
0.458956
0.456844
0.454161
0.450972
0.447348
0.443367
0.439116
0.434692
0.430207
0.425788
0.42157
0.417686
0.414273
0.411476
0.409432
0.408257
0.408042
0.408847
0.41069
0.413544
0.417332
0.421917
0.42711
0.432671
0.438317
0.443716
0.448469
0.452076
0.453934
0.453365
0.449677
0.442199
0.430292
0.413332
0.39071
0.361926
0.326783
0.285533
0.238886
0.187903
0.133838
0.0780111
0.0217358
-0.0337216
-0.0871648
-0.137491
-0.18371
-0.224964
-0.260534
-0.289846
-0.312465
-0.328078
-0.336453
-0.337621
-0.331741
-0.319156
-0.300079
-0.274932
-0.244336
-0.209069
-0.170066
-0.128373
-0.0850672
-0.0411807
0.00237387
0.0448469
0.085664
0.124413
0.160813
0.194685
0.225922
0.254471
0.28032
0.303496
0.32406
0.342102
0.357746
0.3711
-0.0497745
-0.0646786
-0.0821985
-0.101608
-0.120767
-0.136517
-0.145666
-0.146009
-0.136588
-0.117372
-0.0889691
-0.0525595
-0.00983251
0.0371802
0.086286
0.135279
0.182074
0.224834
0.262049
0.292558
0.315536
0.330432
0.336942
0.334943
0.324615
0.306321
0.280537
0.247943
0.209365
0.165734
0.118059
0.0673813
0.0147399
-0.0388607
-0.0924788
-0.145257
-0.196429
-0.245316
-0.291308
-0.333851
-0.372437
-0.406617
-0.435992
-0.460191
-0.478979
-0.492221
-0.499849
-0.501954
-0.49877
-0.490672
-0.47815
-0.461789
-0.44223
-0.420144
-0.396201
-0.371061
-0.345363
-0.319718
-0.294697
-0.270815
-0.248513
-0.228131
-0.209881
-0.193818
-0.179813
-0.167529
-0.156435
-0.145845
-0.134978
-0.12304
-0.109296
-0.0931243
-0.0740634
-0.0518417
-0.0264057
0.0020693
0.0331788
0.0663083
0.100694
0.135573
0.170242
0.203934
0.236025
0.266108
0.293897
0.319222
0.342027
0.362342
0.38026
0.395915
0.409463
0.421072
0.430907
0.439129
0.445888
0.45132
0.455549
0.458686
0.46083
0.462066
0.462471
0.462116
0.461065
0.459381
0.457126
0.454367
0.451172
0.447615
0.443778
0.439754
0.435644
0.431564
0.427633
0.423976
0.420731
0.41804
0.416041
0.414863
0.414613
0.41537
0.417179
0.420038
0.423893
0.428634
0.434095
0.440057
0.446249
0.452332
0.45787
0.462295
0.464915
0.464963
0.461654
0.454229
0.44196
0.42413
0.400054
0.369233
0.331574
0.287511
0.237961
0.184145
0.127417
0.0691406
0.0106413
-0.046814
-0.10203
-0.153905
-0.201449
-0.243809
-0.280271
-0.310267
-0.333368
-0.349263
-0.357724
-0.358791
-0.352623
-0.33955
-0.319794
-0.293759
-0.262059
-0.225471
-0.184939
-0.14153
-0.0963643
-0.0505261
-0.00498951
0.0394365
0.0821281
0.122638
0.160666
0.196026
0.228615
0.258385
0.285336
0.3095
0.330946
0.349767
0.366096
0.380028
-0.0459336
-0.0585309
-0.0726439
-0.0875324
-0.101532
-0.112386
-0.1178
-0.116071
-0.106358
-0.088564
-0.0631584
-0.0310927
0.00625923
0.0472249
0.0899809
0.13268
0.173559
0.211039
0.24379
0.270761
0.291178
0.304512
0.310454
0.30887
0.299893
0.283822
0.261064
0.232216
0.198003
0.159241
0.116811
0.0716193
0.0245675
-0.0234732
-0.0716768
-0.119272
-0.165547
-0.209851
-0.251592
-0.290232
-0.325284
-0.356304
-0.38292
-0.404836
-0.421911
-0.434015
-0.441131
-0.443385
-0.441012
-0.434349
-0.423818
-0.409911
-0.393167
-0.374156
-0.353474
-0.331732
-0.309547
-0.287537
-0.266303
-0.246415
-0.228385
-0.212633
-0.199448
-0.188931
-0.180954
-0.175119
-0.170777
-0.167072
-0.163009
-0.157545
-0.149676
-0.138512
-0.123342
-0.103701
-0.0794172
-0.0506461
-0.0178757
0.0180661
0.0561355
0.0953458
0.134582
0.172814
0.209311
0.243511
0.275022
0.303633
0.329289
0.352043
0.372027
0.389419
0.404422
0.417247
0.4281
0.437177
0.444661
0.450713
0.455482
0.459096
0.461671
0.463308
0.464094
0.464107
0.46342
0.462098
0.460207
0.457811
0.454978
0.451777
0.448286
0.444589
0.440779
0.43696
0.433239
0.42974
0.426595
0.423948
0.421942
0.420717
0.420396
0.421082
0.422844
0.425707
0.429648
0.434586
0.440384
0.44685
0.45372
0.460643
0.467129
0.472529
0.476052
0.476832
0.473993
0.466687
0.454099
0.435427
0.409932
0.377148
0.33712
0.290487
0.238359
0.182095
0.12311
0.0627837
0.00243094
-0.0566908
-0.113391
-0.166569
-0.215236
-0.258539
-0.295769
-0.326362
-0.349893
-0.366053
-0.374616
-0.375628
-0.369249
-0.355789
-0.335481
-0.308715
-0.2761
-0.238412
-0.196599
-0.151746
-0.104999
-0.057487
-0.0102328
0.0359024
0.0802489
0.122324
0.161807
0.1985
0.232299
0.263163
0.291097
0.316142
0.338372
0.357883
0.374815
0.389251
-0.0412765
-0.0517968
-0.0630678
-0.0744046
-0.0844981
-0.0916948
-0.0943211
-0.0910761
-0.0812566
-0.0647513
-0.0419318
-0.0135744
0.0191996
0.0550138
0.0923497
0.129654
0.165431
0.19832
0.227155
0.250991
0.26912
0.281039
0.286447
0.285204
0.277405
0.263292
0.243218
0.217693
0.187348
0.1529
0.115126
0.0748304
0.0328141
-0.0101454
-0.053311
-0.0959929
-0.13755
-0.177388
-0.214963
-0.249774
-0.281374
-0.309368
-0.333428
-0.35332
-0.368917
-0.380105
-0.386897
-0.389406
-0.387832
-0.382456
-0.373632
-0.361775
-0.347352
-0.330874
-0.312889
-0.293977
-0.274747
-0.25583
-0.237869
-0.221505
-0.207349
-0.195941
-0.187681
-0.182754
-0.181063
-0.182183
-0.18537
-0.189596
-0.193608
-0.196022
-0.195444
-0.190582
-0.180361
-0.164029
-0.141248
-0.112126
-0.0772481
-0.0377316
0.00505092
0.0496393
0.0944665
0.138326
0.180219
0.219367
0.255274
0.2877
0.316601
0.342076
0.364316
0.383565
0.40009
0.414159
0.42603
0.435944
0.444119
0.45075
0.456009
0.460048
0.462999
0.464977
0.466081
0.4664
0.466012
0.464987
0.463393
0.461294
0.458756
0.455846
0.452633
0.449195
0.445617
0.441989
0.438413
0.435007
0.431903
0.429243
0.427176
0.425855
0.425422
0.426001
0.42769
0.430546
0.434579
0.439747
0.445947
0.45301
0.460679
0.468572
0.476134
0.482619
0.487133
0.48871
0.486384
0.479229
0.466356
0.446887
0.420053
0.385453
0.343295
0.294422
0.240121
0.181849
0.121054
0.0590982
-0.00272573
-0.0631782
-0.121076
-0.175316
-0.224909
-0.269
-0.306881
-0.337992
-0.361908
-0.378318
-0.387
-0.388004
-0.381488
-0.367738
-0.346999
-0.319653
-0.286304
-0.24773
-0.204883
-0.158857
-0.110818
-0.0619248
-0.0132389
0.0343368
0.0800926
0.123513
0.164253
0.202105
0.23696
0.268777
0.297568
0.323379
0.346288
0.366394
0.383846
0.398711
-0.0361998
-0.0448945
-0.0538104
-0.0623424
-0.0694534
-0.0739047
-0.0744588
-0.0701296
-0.0603557
-0.0450337
-0.0244618
0.000722751
0.0295968
0.06102
0.0937228
0.126396
0.157766
0.186664
0.212069
0.233141
0.249234
0.259883
0.264798
0.263839
0.257068
0.244686
0.226993
0.204429
0.177538
0.146945
0.11333
0.0774072
0.0398922
0.00148608
-0.0371428
-0.0753674
-0.112606
-0.148322
-0.182025
-0.213268
-0.241659
-0.26687
-0.288586
-0.30661
-0.320814
-0.331113
-0.337521
-0.340131
-0.339108
-0.334687
-0.327172
-0.316923
-0.304354
-0.289926
-0.274144
-0.25756
-0.24077
-0.22442
-0.209204
-0.19586
-0.185132
-0.177722
-0.174193
-0.174873
-0.179761
-0.188475
-0.200228
-0.213804
-0.227589
-0.239696
-0.248156
-0.251113
-0.247013
-0.234758
-0.213817
-0.184236
-0.146682
-0.102653
-0.054044
-0.00290372
0.0489066
0.0997673
0.148266
0.193384
0.234512
0.271384
0.30399
0.332505
0.357209
0.378439
0.396548
0.41188
0.424758
0.435477
0.444298
0.451453
0.457144
0.461546
0.46481
0.467066
0.468426
0.468986
0.468833
0.468041
0.46668
0.464816
0.462511
0.459828
0.456833
0.453595
0.450187
0.44669
0.4432
0.439829
0.436706
0.433975
0.431791
0.430319
0.429721
0.430146
0.431724
0.434549
0.438673
0.444096
0.45075
0.458487
0.467046
0.475999
0.48471
0.492329
0.497858
0.500238
0.498425
0.49143
0.478305
0.458118
0.430093
0.393915
0.349962
0.299267
0.24326
0.183468
0.121333
0.0581843
-0.00472201
-0.0661682
-0.124978
-0.180048
-0.230379
-0.275113
-0.31354
-0.345097
-0.369358
-0.38601
-0.394832
-0.395875
-0.389295
-0.375347
-0.354292
-0.326507
-0.292599
-0.253347
-0.209706
-0.162777
-0.113738
-0.0637653
-0.0139464
0.0347844
0.0816851
0.126212
0.167997
0.206818
0.24256
0.275182
0.304695
0.331151
0.354632
0.375238
0.393124
0.40834
-0.030933
-0.0380422
-0.0450089
-0.0513125
-0.0561279
-0.0585134
-0.0575432
-0.0524727
-0.0428652
-0.0286369
-0.0100328
0.0124185
0.0379499
0.0656116
0.0943393
0.123027
0.15059
0.17602
0.198429
0.217072
0.231366
0.240884
0.245352
0.244635
0.238771
0.22792
0.212344
0.19242
0.168622
0.141491
0.111622
0.0796426
0.0461898
0.0118919
-0.0226458
-0.0568518
-0.0901948
-0.122186
-0.152381
-0.180381
-0.205842
-0.228456
-0.247955
-0.264188
-0.277021
-0.286389
-0.292301
-0.294834
-0.294128
-0.290385
-0.283867
-0.274887
-0.263808
-0.25104
-0.237043
-0.222331
-0.207487
-0.193174
-0.180152
-0.169273
-0.161453
-0.157603
-0.158525
-0.164782
-0.176594
-0.193739
-0.21543
-0.24018
-0.265799
-0.289628
-0.308895
-0.321063
-0.324077
-0.316523
-0.297713
-0.267596
-0.226905
-0.177659
-0.12224
-0.0631638
-0.00277641
0.0566112
0.113096
0.165363
0.212659
0.254692
0.291519
0.323421
0.350807
0.37414
0.393886
0.410486
0.424344
0.43582
0.445229
0.452842
0.458896
0.463591
0.467098
0.469564
0.471113
0.471851
0.471869
0.47125
0.470063
0.468375
0.466247
0.463739
0.460908
0.457815
0.454522
0.451103
0.447645
0.444254
0.441055
0.438193
0.43583
0.434145
0.433319
0.433533
0.434952
0.437714
0.441917
0.447605
0.454745
0.463203
0.472695
0.482736
0.492596
0.501323
0.507825
0.51096
0.50962
0.502781
0.48946
0.468691
0.43971
0.402296
0.356979
0.304957
0.247769
0.186973
0.123986
0.060087
-0.00351158
-0.0656164
-0.125058
-0.180728
-0.23162
-0.276866
-0.315745
-0.347689
-0.372265
-0.389156
-0.398141
-0.399271
-0.392697
-0.378641
-0.35738
-0.329292
-0.294992
-0.255263
-0.211065
-0.1635
-0.113751
-0.0630016
-0.0123538
0.0372383
0.0850092
0.130391
0.172997
0.212589
0.249042
0.282312
0.31241
0.339388
0.363331
0.384339
0.402573
0.418065
-0.0256538
-0.0314019
-0.0367614
-0.0412922
-0.044336
-0.0451696
-0.0430931
-0.037545
-0.0281926
-0.0149766
0.00189574
0.0219811
0.0446379
0.0690703
0.094383
0.119639
0.143912
0.166335
0.186132
0.202647
0.215358
0.223878
0.227951
0.227447
0.222385
0.212898
0.199207
0.181641
0.160611
0.13659
0.110099
0.0816902
0.0519279
0.0213723
-0.00943257
-0.0399694
-0.0697547
-0.098343
-0.125329
-0.150355
-0.173098
-0.193281
-0.210714
-0.225249
-0.236756
-0.245183
-0.250539
-0.252888
-0.25235
-0.249097
-0.243351
-0.23538
-0.225496
-0.214054
-0.201463
-0.188197
-0.174818
-0.162008
-0.150594
-0.141558
-0.136017
-0.135155
-0.140114
-0.151851
-0.171
-0.19763
-0.230922
-0.268864
-0.30831
-0.345498
-0.376722
-0.398816
-0.409381
-0.406857
-0.39048
-0.360053
-0.316457
-0.261921
-0.199024
-0.13082
-0.0604731
0.00888114
0.0747311
0.135359
0.189804
0.237745
0.279321
0.314962
0.345242
0.370786
0.392204
0.410058
0.424851
0.43702
0.446941
0.454934
0.461271
0.46618
0.469855
0.472459
0.474127
0.474977
0.475106
0.4746
0.473532
0.471969
0.469968
0.467585
0.464871
0.461876
0.458651
0.455262
0.451787
0.448324
0.444993
0.441939
0.439333
0.437365
0.436243
0.436179
0.437382
0.440035
0.444288
0.450227
0.457847
0.467016
0.477416
0.488492
0.499423
0.509166
0.516539
0.520333
0.519403
0.512718
0.499294
0.478155
0.44856
0.410361
0.36421
0.311424
0.253616
0.192353
0.129008
0.0648006
0.000895537
-0.0615408
-0.121345
-0.177398
-0.228682
-0.274314
-0.313563
-0.345846
-0.370718
-0.387851
-0.397025
-0.39829
-0.391795
-0.377716
-0.356354
-0.328097
-0.293568
-0.253559
-0.209035
-0.161096
-0.110922
-0.0596951
-0.00852055
0.0416384
0.0900018
0.135984
0.179181
0.21934
0.256325
0.290085
0.320628
0.348004
0.3723
0.393613
0.412112
0.427805
-0.0204863
-0.0250743
-0.0291109
-0.032229
-0.0339028
-0.0335728
-0.0307061
-0.0248793
-0.0158445
-0.00356655
0.0117742
0.0298025
0.0499778
0.0716298
0.0940022
0.116299
0.137728
0.157543
0.175068
0.189726
0.201052
0.208697
0.212426
0.212117
0.207773
0.199505
0.187501
0.172046
0.153498
0.132272
0.108826
0.0836473
0.0572361
0.030092
0.00270249
-0.0244667
-0.0509784
-0.0764287
-0.100451
-0.122719
-0.142943
-0.16089
-0.176405
-0.189333
-0.199569
-0.207068
-0.211839
-0.213934
-0.213454
-0.210542
-0.205384
-0.198203
-0.189257
-0.178846
-0.167322
-0.155107
-0.142736
-0.130894
-0.120464
-0.112552
-0.108499
-0.109849
-0.118235
-0.13525
-0.162172
-0.199415
-0.245895
-0.298608
-0.352989
-0.403992
-0.447101
-0.478805
-0.496666
-0.499216
-0.485726
-0.455938
-0.410628
-0.351524
-0.281343
-0.203721
-0.122738
-0.0424499
0.0338408
0.103849
0.166312
0.220834
0.267642
0.307334
0.340685
0.368517
0.391614
0.410683
0.426343
0.439121
0.449463
0.457742
0.464271
0.469308
0.473068
0.475733
0.477451
0.478346
0.478525
0.478077
0.477076
0.475589
0.473671
0.471372
0.468734
0.465796
0.462601
0.459202
0.455667
0.452083
0.448565
0.445258
0.442339
0.440016
0.438521
0.438103
0.439015
0.441492
0.445731
0.451859
0.459893
0.469691
0.480894
0.492875
0.504733
0.515342
0.523442
0.52777
0.527173
0.520655
0.507272
0.48607
0.456317
0.417899
0.37153
0.318597
0.260757
0.199567
0.136351
0.0722693
0.00843331
-0.0540188
-0.11393
-0.170168
-0.221696
-0.267608
-0.307153
-0.33973
-0.364877
-0.382256
-0.391646
-0.393096
-0.386752
-0.372737
-0.351379
-0.323084
-0.288487
-0.248393
-0.203768
-0.155709
-0.105387
-0.0539734
-0.0025664
0.0478718
0.0965551
0.142887
0.186447
0.226971
0.264309
0.298401
0.329251
0.356904
0.381446
0.402971
0.421651
0.437477
-0.0155151
-0.0191202
-0.0220707
-0.0240636
-0.024679
-0.023482
-0.0200646
-0.0141086
-0.0054328
0.00597593
0.0199574
0.0361908
0.0542175
0.0734699
0.0933066
0.11305
0.132021
0.149576
0.165128
0.178171
0.188293
0.195179
0.198616
0.19849
0.194795
0.187622
0.177133
0.163575
0.14726
0.128551
0.107853
0.0855964
0.0622257
0.0381865
0.0139155
-0.0101687
-0.0336725
-0.0562317
-0.0775174
-0.0972357
-0.11513
-0.131009
-0.14472
-0.156127
-0.165143
-0.171732
-0.175897
-0.177682
-0.177168
-0.174474
-0.169749
-0.163171
-0.154949
-0.145319
-0.13457
-0.123063
-0.111279
-0.0998727
-0.089741
-0.082087
-0.0785046
-0.0810052
-0.0919381
-0.113838
-0.148806
-0.197448
-0.257976
-0.325899
-0.394989
-0.45904
-0.513029
-0.553407
-0.577934
-0.585388
-0.575249
-0.547368
-0.502015
-0.43994
-0.363929
-0.277891
-0.186675
-0.0953326
-0.00814956
0.0718265
0.142884
0.20447
0.256859
0.300821
0.337353
0.367498
0.39224
0.412451
0.428882
0.442164
0.452819
0.461278
0.467897
0.472966
0.476725
0.479371
0.481064
0.48194
0.482109
0.481664
0.480682
0.479229
0.477355
0.475104
0.472508
0.469596
0.4664
0.462959
0.459326
0.455577
0.451821
0.448199
0.444896
0.442135
0.440178
0.439309
0.439827
0.442018
0.446127
0.452319
0.460628
0.470897
0.482725
0.495426
0.508032
0.519331
0.527986
0.532701
0.532354
0.526038
0.512904
0.492041
0.462701
0.424734
0.378839
0.326418
0.269142
0.208555
0.145938
0.0823936
0.0189829
-0.0431849
-0.102957
-0.159194
-0.210832
-0.256938
-0.296729
-0.329572
-0.354979
-0.372603
-0.382232
-0.383916
-0.377799
-0.363937
-0.342689
-0.314488
-0.279986
-0.239996
-0.19549
-0.147557
-0.0973518
-0.046028
0.00533197
0.0557757
0.104519
0.150958
0.194664
0.235356
0.272873
0.307146
0.338168
0.365982
0.390667
0.412315
0.431099
0.446991
-0.0107974
-0.0135742
-0.0156353
-0.0167332
-0.0165329
-0.0146957
-0.0109084
-0.00493272
0.00335999
0.0139648
0.0267369
0.0413994
0.0575605
0.0747376
0.0923843
0.109922
0.126769
0.142368
0.156212
0.167854
0.176932
0.183166
0.186361
0.186413
0.183311
0.177129
0.168007
0.156158
0.141856
0.125421
0.107208
0.0876001
0.0669914
0.0457798
0.0243562
0.0030962
-0.0176463
-0.0375449
-0.056305
-0.0736635
-0.0893981
-0.103347
-0.115362
-0.12533
-0.13318
-0.138877
-0.142423
-0.143853
-0.143233
-0.140656
-0.13624
-0.13012
-0.122452
-0.113412
-0.103213
-0.0921304
-0.0805487
-0.0690293
-0.0584113
-0.0499547
-0.0455394
-0.047791
-0.0600593
-0.086126
-0.128928
-0.188944
-0.263342
-0.345995
-0.429079
-0.505384
-0.569521
-0.61796
-0.648665
-0.660713
-0.653954
-0.628453
-0.5841
-0.520846
-0.44115
-0.348622
-0.248566
-0.146969
-0.0492088
0.0407347
0.120536
0.189361
0.24747
0.295776
0.335496
0.367907
0.394206
0.415448
0.432527
0.446184
0.457026
0.465547
0.472145
0.477145
0.48081
0.483354
0.484949
0.485739
0.485841
0.485349
0.484343
0.482884
0.481022
0.47879
0.476211
0.473303
0.470082
0.466573
0.462811
0.45886
0.454815
0.450815
0.44705
0.443757
0.441223
0.439772
0.439749
0.441491
0.445295
0.451364
0.459749
0.470279
0.482517
0.495727
0.508885
0.520691
0.529713
0.534657
0.534481
0.528419
0.515795
0.495763
0.467506
0.430747
0.386076
0.334847
0.278725
0.219246
0.157667
0.0950453
0.0323932
-0.0292099
-0.0886129
-0.144666
-0.196277
-0.242483
-0.28247
-0.315567
-0.341251
-0.359153
-0.369067
-0.371045
-0.365236
-0.351621
-0.330591
-0.30262
-0.268374
-0.228676
-0.184501
-0.136926
-0.0870851
-0.0361082
0.014946
0.0651422
0.113704
0.160026
0.203672
0.244349
0.281883
0.316192
0.347261
0.375124
0.399856
0.421542
0.440359
0.456259
-0.00637
-0.00845187
-0.00978664
-0.0101743
-0.00934839
-0.00704492
-0.00302358
0.00289266
0.0107918
0.0206545
0.0323483
0.0456322
0.0601698
0.0755484
0.0913013
0.106933
0.121944
0.135853
0.148219
0.158652
0.166832
0.17251
0.175512
0.175743
0.173187
0.167906
0.160021
0.14972
0.137239
0.122862
0.106903
0.0897
0.0716049
0.0529727
0.0341529
0.0154822
-0.0027223
-0.0201691
-0.0365941
-0.0517633
-0.0654952
-0.0776383
-0.0880609
-0.0966685
-0.103401
-0.108228
-0.111151
-0.112196
-0.111414
-0.108879
-0.104678
-0.0989095
-0.0916806
-0.0831023
-0.0732966
-0.0624126
-0.05067
-0.0384482
-0.0264427
-0.0159257
-0.00911166
-0.00942435
-0.0215017
-0.0505767
-0.100311
-0.170866
-0.258639
-0.35608
-0.453501
-0.542392
-0.616841
-0.67324
-0.70972
-0.725732
-0.721624
-0.697796
-0.654324
-0.590868
-0.509133
-0.412018
-0.304896
-0.194447
-0.0870692
0.0122553
0.100469
0.176347
0.24005
0.292588
0.335376
0.369917
0.397626
0.419745
0.437317
0.451202
0.462091
0.470543
0.477003
0.481828
0.485305
0.487662
0.489087
0.489727
0.489705
0.48912
0.488049
0.486554
0.484676
0.482442
0.479863
0.476944
0.473686
0.470092
0.466179
0.461991
0.457609
0.453163
0.448843
0.444898
0.441642
0.439439
0.438686
0.439778
0.443067
0.448795
0.45703
0.467598
0.480041
0.493566
0.507082
0.519189
0.528377
0.533347
0.53327
0.527537
0.515722
0.497068
0.470628
0.435889
0.393225
0.34387
0.28947
0.231563
0.171418
0.110067
0.0484825
-0.012291
-0.0711141
-0.126823
-0.178285
-0.2245
-0.264624
-0.297957
-0.323946
-0.342191
-0.352476
-0.354835
-0.349427
-0.336164
-0.315471
-0.287867
-0.254039
-0.214812
-0.171165
-0.124163
-0.0749126
-0.0245144
0.0260026
0.0757251
0.123889
0.169893
0.213294
0.253788
0.291189
0.325402
0.356401
0.384211
0.408902
0.430551
0.449334
0.465188
-0.00225495
-0.00375614
-0.00449962
-0.00432576
-0.00302313
-0.000386793
0.00376719
0.00956855
0.017074
0.0262534
0.0369845
0.0490562
0.0621779
0.0759954
0.0901088
0.104093
0.117518
0.129968
0.141058
0.150451
0.157863
0.163074
0.165928
0.16634
0.164292
0.159837
0.153079
0.144182
0.133355
0.120846
0.106934
0.0919203
0.0761171
0.0598418
0.0434071
0.0271143
0.0112466
-0.00393579
-0.0181976
-0.0313394
-0.043206
-0.0536562
-0.0625797
-0.0698983
-0.0755612
-0.0795433
-0.0818436
-0.0824828
-0.0815008
-0.078953
-0.074905
-0.0694253
-0.0625737
-0.0543872
-0.0448687
-0.0339897
-0.0217308
-0.00819936
0.00613159
0.0200138
0.0308344
0.0342056
0.024039
-0.00648165
-0.0617034
-0.141942
-0.243807
-0.357684
-0.470869
-0.573148
-0.658038
-0.721924
-0.763284
-0.782144
-0.779464
-0.75615
-0.712813
-0.649112
-0.565956
-0.465509
-0.352915
-0.235203
-0.119574
-0.0119314
0.0839157
0.166288
0.235176
0.291631
0.337224
0.373666
0.402575
0.425377
0.443263
0.457209
0.467996
0.476243
0.482444
0.486988
0.490182
0.492272
0.493453
0.493883
0.493687
0.492965
0.491796
0.490237
0.488323
0.486073
0.483488
0.480555
0.477256
0.47357
0.46949
0.465034
0.460262
0.455289
0.4503
0.445562
0.44142
0.438286
0.436615
0.436864
0.439438
0.444621
0.452498
0.462909
0.475394
0.489024
0.502712
0.51496
0.524152
0.528937
0.528765
0.523439
0.512719
0.495983
0.472091
0.440188
0.400312
0.353501
0.301355
0.245435
0.187057
0.127267
0.0670068
0.0072902
-0.0507648
-0.105988
-0.157212
-0.203409
-0.24368
-0.277275
-0.303616
-0.322268
-0.332985
-0.335786
-0.330839
-0.318028
-0.297798
-0.270693
-0.237441
-0.19885
-0.15591
-0.109672
-0.0612069
-0.0115879
0.0381933
0.0872482
0.134829
0.18034
0.223334
0.263498
0.300634
0.334633
0.365458
0.393124
0.417694
0.439238
0.45793
0.473693
0.00153601
0.000518006
0.000254092
0.000869941
0.00253243
0.00539972
0.00961143
0.0152606
0.02238
0.0309318
0.0408028
0.0518066
0.0636915
0.0761521
0.0888448
0.101404
0.113459
0.124651
0.134645
0.143146
0.149906
0.154729
0.157479
0.158078
0.156507
0.152813
0.147086
0.139469
0.130146
0.119339
0.107293
0.0942756
0.0805667
0.0664495
0.0522038
0.0380991
0.0243873
0.0113013
-0.000953751
-0.0122133
-0.0223342
-0.031195
-0.0387055
-0.0448015
-0.0494412
-0.0526041
-0.0542889
-0.0545119
-0.0533053
-0.0507137
-0.0467867
-0.0415654
-0.0350593
-0.0272173
-0.0178984
-0.00685939
0.00620558
0.0215106
0.0388574
0.0570558
0.0730649
0.0815587
0.0750261
0.0447715
-0.014386
-0.10444
-0.222508
-0.354724
-0.484375
-0.599548
-0.693564
-0.763349
-0.808148
-0.82871
-0.826556
-0.803128
-0.75939
-0.695027
-0.610476
-0.507404
-0.39061
-0.267199
-0.144902
-0.0303519
0.0719739
0.159943
0.233338
0.293194
0.341194
0.379216
0.409062
0.43232
0.450324
0.464158
0.474688
0.482598
0.488421
0.492579
0.495401
0.497146
0.498018
0.498181
0.497763
0.496868
0.495572
0.493928
0.491967
0.489698
0.487108
0.484168
0.480834
0.477057
0.472797
0.46804
0.462816
0.457223
0.451452
0.445791
0.440628
0.43643
0.433711
0.432982
0.4347
0.439189
0.446563
0.456653
0.468908
0.482533
0.496254
0.508518
0.517567
0.52202
0.521545
0.516588
0.507155
0.492773
0.472067
0.443748
0.4074
0.36377
0.31437
0.260784
0.204435
0.146417
0.0876589
0.029138
-0.0280518
-0.0827079
-0.133649
-0.179794
-0.220191
-0.254061
-0.280791
-0.299904
-0.311114
-0.314419
-0.310005
-0.297773
-0.278146
-0.251681
-0.219121
-0.18131
-0.139222
-0.0938987
-0.0463797
0.00229833
0.0511849
0.0994146
0.14626
0.191134
0.233587
0.273298
0.310056
0.34374
0.3743
0.401743
0.426122
0.447503
0.466054
0.481689
0.00500001
0.00438247
0.00450574
0.00546728
0.00739821
0.0104192
0.0146342
0.0201075
0.0268539
0.0348305
0.0439323
0.0539941
0.0647966
0.0760762
0.0875368
0.0988635
0.109737
0.119845
0.128899
0.13664
0.14285
0.147358
0.150042
0.150834
0.149716
0.146726
0.141946
0.135501
0.127554
0.1183
0.107958
0.0967668
0.0849757
0.0728386
0.0606064
0.0485193
0.0368024
0.0256616
0.0152691
0.00576854
-0.00271317
-0.0100777
-0.0162523
-0.0211859
-0.0248458
-0.0272164
-0.0282977
-0.0281042
-0.0266637
-0.0240125
-0.0201839
-0.0151882
-0.00898069
-0.00142264
0.00776016
0.0190045
0.0328767
0.0499068
0.0702316
0.0927992
0.114273
0.128754
0.127281
0.0988831
0.0371572
-0.0637224
-0.199418
-0.349854
-0.494128
-0.619306
-0.719616
-0.793219
-0.840268
-0.862047
-0.860376
-0.836992
-0.792815
-0.727607
-0.641697
-0.536527
-0.416605
-0.288998
-0.161724
-0.0419112
0.0654544
0.157851
0.234844
0.297416
0.347308
0.38652
0.416995
0.440464
0.458383
0.471936
0.482065
0.489511
0.494849
0.498528
0.500897
0.502228
0.502732
0.502578
0.5019
0.500799
0.499353
0.497611
0.495598
0.493314
0.490732
0.487798
0.48444
0.480573
0.476118
0.471021
0.465285
0.459002
0.452374
0.445727
0.439494
0.434194
0.430391
0.428642
0.429447
0.433171
0.439958
0.44958
0.461547
0.475046
0.488737
0.500864
0.509546
0.513474
0.512571
0.507809
0.499739
0.487949
0.47088
0.446748
0.414578
0.374708
0.328494
0.27752
0.22337
0.16723
0.110042
0.0527844
-0.00343896
-0.0574241
-0.107995
-0.154037
-0.194557
-0.228729
-0.255888
-0.275526
-0.287295
-0.291176
-0.287373
-0.275828
-0.256953
-0.231319
-0.199653
-0.162795
-0.121689
-0.0773712
-0.0308887
0.0167548
0.064629
0.111916
0.157912
0.202039
0.243845
0.283004
0.319292
0.352577
0.382798
0.40995
0.434082
0.455251
0.473619
0.489098
0.00813616
0.00784991
0.00828451
0.00951469
0.0116434
0.0147606
0.0189409
0.024226
0.0306172
0.0380682
0.0464818
0.0557112
0.0655651
0.0758152
0.0862062
0.0964664
0.10632
0.115497
0.123747
0.130844
0.136596
0.140854
0.143509
0.144501
0.143815
0.141483
0.137578
0.13221
0.125525
0.117695
0.108914
0.0993973
0.0893671
0.0790518
0.0686765
0.0584559
0.0485906
0.0392572
0.0306019
0.0227525
0.0158132
0.00986124
0.00495271
0.00112549
-0.00159767
-0.00320694
-0.00370394
-0.00310083
-0.00141779
0.00132321
0.00511085
0.00996452
0.0159629
0.0232808
0.0322375
0.043351
0.057353
0.0751003
0.097213
0.122981
0.149218
0.169906
0.174161
0.149093
0.0858045
-0.0259853
-0.177775
-0.343067
-0.497501
-0.628652
-0.732566
-0.808587
-0.857386
-0.880451
-0.879618
-0.856666
-0.812268
-0.746286
-0.659156
-0.552346
-0.430243
-0.299869
-0.16934
-0.0460344
0.0647528
0.160219
0.239742
0.304223
0.355412
0.395375
0.426156
0.44959
0.467232
0.48035
0.489952
0.496828
0.501592
0.504716
0.506566
0.507425
0.507514
0.507004
0.506032
0.504701
0.503088
0.501241
0.499178
0.496888
0.494325
0.49141
0.488035
0.484074
0.479404
0.47394
0.467669
0.460686
0.453215
0.445614
0.438362
0.432022
0.4272
0.424487
0.424417
0.427392
0.433525
0.442667
0.454377
0.467751
0.481331
0.493172
0.501298
0.504511
0.50306
0.498338
0.491499
0.48226
0.468982
0.449408
0.421926
0.386329
0.343682
0.29552
0.243638
0.189421
0.133837
0.077893
0.0226725
-0.0306374
-0.0808397
-0.12679
-0.167455
-0.20196
-0.22959
-0.249806
-0.262212
-0.266757
-0.263649
-0.252896
-0.234888
-0.210197
-0.179541
-0.143756
-0.103774
-0.0605967
-0.0152367
0.0313268
0.0781531
0.124444
0.169513
0.212816
0.2539
0.292434
0.328184
0.361005
0.390828
0.417637
0.441475
0.462393
0.480548
0.49585
0.0109484
0.0109336
0.0116156
0.0130519
0.0153231
0.018493
0.0226116
0.0277033
0.0337599
0.0407331
0.0485321
0.0570262
0.0660483
0.0754006
0.0848628
0.0942004
0.103175
0.111555
0.119119
0.125673
0.131049
0.135113
0.137772
0.138971
0.138698
0.136983
0.13389
0.129517
0.123993
0.117471
0.110125
0.102147
0.0937377
0.0851021
0.0764433
0.0679551
0.0598132
0.0521661
0.0451432
0.0388513
0.0333711
0.0287599
0.0250561
0.0222833
0.0204545
0.0195759
0.0196492
0.0206733
0.0226463
0.0255672
0.0294401
0.0342791
0.0401197
0.0470472
0.0552671
0.0652303
0.0777716
0.0941716
0.11573
0.142442
0.172005
0.198155
0.207627
0.18717
0.123385
0.00419532
-0.158222
-0.33234
-0.491869
-0.625893
-0.731975
-0.809939
-0.86044
-0.884895
-0.885037
-0.86268
-0.818187
-0.751459
-0.663191
-0.555106
-0.431649
-0.299855
-0.16776
-0.0427591
0.0697623
0.166855
0.247761
0.313286
0.365142
0.405409
0.436178
0.459351
0.476551
0.48911
0.498089
0.50432
0.508446
0.510962
0.512249
0.512599
0.512238
0.511344
0.510053
0.508475
0.506685
0.504726
0.502613
0.50032
0.497781
0.494884
0.491486
0.487421
0.482536
0.476722
0.469958
0.462345
0.454127
0.445692
0.437555
0.430319
0.424621
0.421085
0.42027
0.422579
0.428163
0.436955
0.448482
0.461758
0.475177
0.486636
0.494092
0.496477
0.494365
0.489578
0.483634
0.476603
0.466893
0.45191
0.42941
0.39851
0.359803
0.314595
0.265076
0.212783
0.15877
0.104067
0.0497709
-0.00293289
-0.0528308
-0.0987482
-0.139613
-0.174503
-0.202658
-0.223505
-0.236615
-0.241841
-0.239575
-0.229709
-0.21265
-0.188977
-0.159404
-0.12476
-0.0859613
-0.0439817
0.000195316
0.0456148
0.0913703
0.136657
0.180793
0.223234
0.263551
0.301412
0.336578
0.368892
0.398274
0.424702
0.448211
0.46885
0.486771
0.501885
0.0134627
0.0136705
0.0145478
0.0161436
0.0185201
0.0217129
0.02575
0.0306449
0.0363846
0.0429202
0.0501671
0.0580086
0.0662987
0.0748661
0.0835204
0.0920598
0.100279
0.107975
0.11496
0.121061
0.126131
0.130055
0.132748
0.134163
0.13429
0.133156
0.130821
0.127371
0.122921
0.117607
0.111585
0.105026
0.0981115
0.0910295
0.0839641
0.0770879
0.0705523
0.0644876
0.0590044
0.0541859
0.0500904
0.0467545
0.0441987
0.042434
0.0414684
0.0413126
0.0419824
0.0434971
0.0458727
0.0491104
0.0531797
0.0580027
0.0634529
0.0693974
0.0758222
0.0830555
0.0920627
0.104624
0.122803
0.147747
0.178488
0.207468
0.220244
0.204703
0.143515
0.0252842
-0.138661
-0.314319
-0.474658
-0.609655
-0.717352
-0.797353
-0.849917
-0.876144
-0.877546
-0.855971
-0.811473
-0.744053
-0.65476
-0.545766
-0.421713
-0.289787
-0.157725
-0.0327682
0.0798421
0.177142
0.258297
0.324015
0.375927
0.416076
0.44655
0.469274
0.48591
0.497828
0.506129
0.511676
0.515135
0.517021
0.517725
0.517549
0.516723
0.515427
0.513808
0.511971
0.509992
0.507913
0.505739
0.503431
0.500898
0.498004
0.494572
0.490411
0.485344
0.479246
0.47209
0.46398
0.455175
0.446088
0.437263
0.429333
0.422965
0.418814
0.417466
0.419315
0.424585
0.433217
0.444699
0.457943
0.471188
0.482209
0.48896
0.490529
0.487752
0.482774
0.477307
0.471891
0.465134
0.454348
0.436798
0.410859
0.376423
0.334524
0.287511
0.237092
0.184513
0.130891
0.0773595
0.0251171
-0.0246043
-0.0706001
-0.111759
-0.147114
-0.175863
-0.197401
-0.211286
-0.217365
-0.215916
-0.206975
-0.190912
-0.168295
-0.139835
-0.106351
-0.0687455
-0.0279682
0.0150228
0.0592939
0.103967
0.148253
0.191473
0.233063
0.272606
0.309774
0.344331
0.376113
0.40503
0.431054
0.454213
0.474556
0.492229
0.507152
0.0156209
0.0160071
0.0170277
0.018746
0.0212097
0.0244186
0.028376
0.0330873
0.0385371
0.0446775
0.0514304
0.0586929
0.0663382
0.0742183
0.0821693
0.0900175
0.0975859
0.1047
0.111196
0.116923
0.121752
0.125579
0.128331
0.129966
0.130479
0.129895
0.12827
0.125679
0.122225
0.11803
0.113232
0.107984
0.102453
0.0968112
0.0912288
0.0858578
0.0808315
0.0762641
0.0722442
0.0688324
0.0660653
0.0639603
0.0625235
0.0617588
0.0616764
0.062296
0.0636442
0.0657425
0.0685855
0.0721136
0.0761858
0.0805651
0.0849307
0.0889453
0.0924183
0.0955959
0.0995725
0.106517
0.11924
0.140369
0.16977
0.197362
0.209505
0.196936
0.14423
0.0381125
-0.116189
-0.285721
-0.443197
-0.577945
-0.687299
-0.770027
-0.825649
-0.854639
-0.858144
-0.837848
-0.793611
-0.725688
-0.63559
-0.526167
-0.402131
-0.271296
-0.14072
-0.0173819
0.0938451
0.190064
0.270442
0.335588
0.38702
0.426691
0.456643
0.478786
0.494786
0.506033
0.513647
0.518513
0.521317
0.522584
0.522717
0.522023
0.520735
0.519041
0.51709
0.514988
0.512808
0.510589
0.508329
0.505976
0.503422
0.500513
0.49705
0.492822
0.487634
0.48135
0.473938
0.465505
0.45632
0.446809
0.437538
0.429165
0.422387
0.417886
0.416274
0.417957
0.423199
0.431905
0.443504
0.456777
0.469826
0.480368
0.48644
0.48731
0.483975
0.478669
0.47335
0.46885
0.464127
0.45672
0.443683
0.422722
0.392837
0.354792
0.310529
0.262002
0.210716
0.157964
0.10497
0.0529749
0.00324042
-0.0429948
-0.0845791
-0.120504
-0.149932
-0.172229
-0.186944
-0.193914
-0.193338
-0.185345
-0.170287
-0.148728
-0.121371
-0.0890255
-0.0525803
-0.0129665
0.028878
0.0720406
0.115665
0.158978
0.201308
0.242088
0.280879
0.317366
0.351315
0.38256
0.411005
0.436615
0.459416
0.479454
0.496876
0.511614
0.0176144
0.018133
0.019237
0.0210214
0.0235248
0.0267154
0.0305804
0.0351177
0.0403048
0.0460909
0.0524042
0.0591546
0.0662326
0.0735107
0.0808484
0.0880971
0.0951054
0.101723
0.107808
0.113229
0.117872
0.121645
0.124482
0.126346
0.127232
0.127174
0.126219
0.124434
0.121909
0.118754
0.115091
0.111059
0.106809
0.102504
0.0983023
0.0943397
0.0907377
0.0875944
0.0849792
0.0829337
0.0814755
0.080605
0.0803133
0.080592
0.0814378
0.082853
0.0848346
0.0873559
0.09034
0.0936347
0.0969986
0.100105
0.102567
0.103991
0.104116
0.103114
0.102038
0.103204
0.110197
0.126746
0.151588
0.174787
0.181606
0.168202
0.12918
0.0451897
-0.0886351
-0.245581
-0.397723
-0.531724
-0.64299
-0.729154
-0.788817
-0.821547
-0.82791
-0.809296
-0.765753
-0.69794
-0.607827
-0.49882
-0.376149
-0.247128
-0.119086
0.0015515
0.1102
0.204288
0.283069
0.347036
0.397566
0.436493
0.465775
0.487269
0.50262
0.513215
0.520181
0.524415
0.526614
0.527312
0.526917
0.52574
0.524022
0.521955
0.519686
0.517317
0.514924
0.512545
0.510173
0.507749
0.505158
0.502227
0.498745
0.494483
0.489239
0.482875
0.475362
0.466807
0.457478
0.447804
0.438362
0.429831
0.422937
0.418386
0.416812
0.418638
0.424117
0.433104
0.44492
0.45821
0.470985
0.480989
0.486424
0.486751
0.483031
0.477421
0.472032
0.467777
0.464051
0.458876
0.449489
0.43323
0.408155
0.37453
0.33345
0.286998
0.236952
0.184867
0.13215
0.0801369
0.030148
-0.0165319
-0.0587078
-0.0953314
-0.125535
-0.14866
-0.164255
-0.172137
-0.172457
-0.165405
-0.15133
-0.130793
-0.10449
-0.0732241
-0.0378705
0.000654704
0.04143
0.0835602
0.126206
0.168606
0.210097
0.250115
0.288211
0.32405
0.35741
0.388134
0.416118
0.441322
0.463768
0.483506
0.500681
0.515246
0.0191298
0.0197853
0.0210163
0.0229287
0.0254855
0.0286308
0.0323763
0.0367317
0.0416666
0.0471247
0.0530389
0.0593303
0.0659037
0.0726493
0.0794473
0.0861717
0.092694
0.0988869
0.104628
0.109803
0.11431
0.118067
0.121014
0.123118
0.124376
0.124825
0.124511
0.123492
0.121849
0.119676
0.117075
0.11418
0.111127
0.108084
0.105193
0.102582
0.100364
0.0986229
0.0974104
0.096747
0.0966223
0.0970012
0.0978329
0.09906
0.100627
0.102482
0.104568
0.10681
0.109093
0.11125
0.11306
0.114259
0.114552
0.113619
0.111182
0.10725
0.10261
0.0995566
0.102448
0.114201
0.134202
0.149632
0.14749
0.132459
0.107273
0.0516197
-0.0531464
-0.191999
-0.33703
-0.470475
-0.584567
-0.675326
-0.740219
-0.777793
-0.787884
-0.771672
-0.729515
-0.662627
-0.573549
-0.466213
-0.346152
-0.220281
-0.095663
0.0215584
0.126962
0.218336
0.294961
0.35735
0.406709
0.44474
0.473288
0.494136
0.508884
0.518896
0.525298
0.528991
0.530676
0.530891
0.530045
0.528458
0.52638
0.523991
0.521433
0.51882
0.516227
0.513695
0.511214
0.50872
0.506086
0.503127
0.499622
0.495345
0.4901
0.483759
0.476294
0.467809
0.458564
0.448988
0.439656
0.43126
0.424546
0.420211
0.418972
0.421187
0.427089
0.436452
0.448467
0.461664
0.474021
0.483392
0.488207
0.488125
0.484215
0.47846
0.472831
0.468353
0.464726
0.46053
0.453517
0.441158
0.421051
0.392386
0.355359
0.311486
0.262811
0.211237
0.158498
0.10614
0.0555993
0.00822877
-0.0347307
-0.0721954
-0.103273
-0.127292
-0.143801
-0.152607
-0.153817
-0.147671
-0.134524
-0.11494
-0.0896106
-0.0593315
-0.0249686
0.012574
0.0523878
0.0935909
0.135356
0.176933
0.217663
0.256987
0.294452
0.329709
0.362523
0.392753
0.420305
0.445126
0.467235
0.486684
0.503625
0.518036
0.0205229
0.0209775
0.0222512
0.0244137
0.0271594
0.0303454
0.0340215
0.0382245
0.042926
0.0480718
0.0536042
0.0594568
0.0655497
0.071791
0.0780817
0.0843183
0.0903951
0.096206
0.101648
0.106622
0.111039
0.114818
0.117906
0.120275
0.121924
0.122877
0.123178
0.122886
0.122079
0.120838
0.119236
0.11744
0.115535
0.113683
0.112035
0.110716
0.109826
0.109428
0.109542
0.110142
0.111162
0.112503
0.11405
0.115683
0.117298
0.118809
0.120151
0.121268
0.122097
0.122554
0.122539
0.121939
0.120605
0.1183
0.114712
0.109663
0.103696
0.098993
0.0997164
0.109221
0.124597
0.132231
0.122489
0.105601
0.090053
0.0602846
-0.00950309
-0.124101
-0.260557
-0.395371
-0.514989
-0.612514
-0.684202
-0.727848
-0.742694
-0.729701
-0.689745
-0.624636
-0.53747
-0.432634
-0.315854
-0.193817
-0.0731804
0.0403003
0.142388
0.230774
0.304983
0.365639
0.41372
0.450828
0.478674
0.498949
0.513191
0.522732
0.528693
0.531974
0.533274
0.53313
0.531957
0.530074
0.527731
0.525099
0.522336
0.519553
0.516828
0.514195
0.511637
0.509078
0.506384
0.503371
0.499826
0.495538
0.490326
0.484074
0.476756
0.468476
0.459488
0.450214
0.44122
0.433201
0.426918
0.423038
0.422296
0.425033
0.431418
0.441119
0.453207
0.46613
0.477895
0.486532
0.490729
0.490325
0.48636
0.480596
0.474788
0.469792
0.465687
0.461426
0.455331
0.445385
0.429417
0.405801
0.373993
0.334057
0.287563
0.236725
0.183785
0.130718
0.0792267
0.0308202
-0.013183
-0.051665
-0.0837245
-0.10869
-0.126128
-0.135843
-0.137916
-0.132611
-0.12031
-0.101583
-0.0771178
-0.0477033
-0.0141998
0.0224964
0.0614855
0.101895
0.142907
0.183777
0.223851
0.262572
0.299485
0.334237
0.366577
0.396362
0.423516
0.447994
0.469797
0.488982
0.505708
0.519987
0.0224727
0.0223101
0.0231766
0.0252985
0.0281105
0.0313442
0.0350123
0.0391295
0.0436599
0.048556
0.0537711
0.0592515
0.0649328
0.0707422
0.0766016
0.0824288
0.0881385
0.0936436
0.0988556
0.103687
0.108055
0.111879
0.115114
0.117741
0.119767
0.121199
0.122068
0.122446
0.122396
0.121985
0.121318
0.120459
0.119575
0.118778
0.118197
0.117944
0.118096
0.118684
0.119691
0.12105
0.122647
0.124333
0.125946
0.127329
0.128362
0.128976
0.129158
0.128937
0.12835
0.127414
0.126121
0.124456
0.122358
0.119624
0.115927
0.11111
0.105766
0.101756
0.103453
0.112522
0.12484
0.127479
0.113867
0.0957948
0.0832114
0.0672307
0.0278796
-0.0538577
-0.173064
-0.307326
-0.435779
-0.544472
-0.62621
-0.677814
-0.698472
-0.689324
-0.652111
-0.589364
-0.504589
-0.402556
-0.289154
-0.170893
-0.0541095
0.0557557
0.154726
0.240536
0.31251
0.371303
0.418156
0.454416
0.481682
0.501524
0.515408
0.524633
0.530316
0.533351
0.534434
0.5341
0.532759
0.530729
0.528267
0.525519
0.522672
0.519824
0.517043
0.514355
0.511737
0.509108
0.506336
0.503243
0.499633
0.495314
0.490127
0.483971
0.476831
0.468809
0.460156
0.451278
0.442734
0.435209
0.42946
0.426196
0.425944
0.429198
0.435995
0.4459
0.457889
0.470372
0.481434
0.489315
0.492948
0.492312
0.488373
0.482648
0.476626
0.471228
0.466454
0.461531
0.455192
0.445913
0.432091
0.412105
0.384986
0.350108
0.307602
0.258942
0.206703
0.153277
0.100774
0.0510615
0.00569825
-0.0340716
-0.067301
-0.0933184
-0.111714
-0.122316
-0.125201
-0.120631
-0.109045
-0.0910396
-0.0672924
-0.0385872
-0.00578278
0.0302275
0.0685495
0.108317
0.148717
0.189011
0.228547
0.26677
0.303224
0.337554
0.369504
0.398912
0.425718
0.449897
0.471438
0.490393
0.506929
0.521092
0.0238952
0.0245346
0.0256425
0.027532
0.0299914
0.0329552
0.0364027
0.0402831
0.0445473
0.0491584
0.0540774
0.0592555
0.0646354
0.0701541
0.0757446
0.081335
0.08685
0.0922102
0.0973342
0.102139
0.10653
0.110399
0.113719
0.116455
0.11864
0.120307
0.121493
0.122269
0.122713
0.12284
0.122628
0.122195
0.121746
0.121425
0.12136
0.121654
0.122371
0.123519
0.125042
0.126823
0.128691
0.130442
0.131869
0.132807
0.133164
0.13294
0.13222
0.131133
0.129799
0.128275
0.126545
0.124556
0.122232
0.119434
0.115982
0.111916
0.108066
0.106652
0.109688
0.119307
0.130152
0.130998
0.11737
0.098872
0.0840873
0.0686485
0.0390525
-0.0174452
-0.10751
-0.225993
-0.355356
-0.474409
-0.568616
-0.630862
-0.659299
-0.655182
-0.62156
-0.561776
-0.479646
-0.380312
-0.269846
-0.154693
-0.0409994
0.0660262
0.162581
0.246454
0.316926
0.374434
0.420178
0.455731
0.48263
0.502206
0.515901
0.524977
0.530556
0.53352
0.534556
0.534192
0.532835
0.530794
0.528306
0.525593
0.522753
0.519906
0.517119
0.514406
0.511739
0.509036
0.506171
0.502979
0.499282
0.494906
0.489712
0.483616
0.476613
0.468813
0.46046
0.451951
0.443832
0.436764
0.431497
0.428773
0.428952
0.43258
0.439617
0.449547
0.461284
0.47324
0.483609
0.490829
0.494036
0.493293
0.489467
0.483853
0.477718
0.471863
0.466435
0.460771
0.453768
0.444186
0.430809
0.41229
0.387343
0.355227
0.316054
0.270928
0.221399
0.169554
0.1175
0.0674143
0.021189
-0.0196653
-0.0540234
-0.0811141
-0.100486
-0.111967
-0.115641
-0.111779
-0.100872
-0.0835257
-0.0604006
-0.0322839
-4.12682e-05
0.0354319
0.0732424
0.112527
0.152475
0.19235
0.2315
0.269371
0.305505
0.339545
0.371231
0.400391
0.426942
0.450881
0.472221
0.490984
0.507348
0.521369
0.0183165
0.0210137
0.0245151
0.0274735
0.0303281
0.033518
0.0371043
0.0410263
0.0452552
0.0497836
0.0545913
0.0596401
0.0648811
0.0702597
0.0757153
0.0811823
0.08659
0.091864
0.0969285
0.101707
0.106123
0.110083
0.113446
0.116222
0.118448
0.120166
0.12142
0.122281
0.122835
0.123176
0.123345
0.123309
0.123187
0.123168
0.123389
0.12394
0.12487
0.126168
0.12776
0.129514
0.13125
0.132766
0.133873
0.134429
0.134371
0.133729
0.132613
0.131181
0.129574
0.127871
0.126068
0.124098
0.121844
0.119142
0.115869
0.112236
0.109255
0.108936
0.113268
0.123144
0.133214
0.133565
0.120782
0.103097
0.0865284
0.0673258
0.0346311
-0.0186516
-0.0964711
-0.198466
-0.316637
-0.431638
-0.527567
-0.595044
-0.630326
-0.633364
-0.605305
-0.548608
-0.468506
-0.370872
-0.262015
-0.148415
-0.0361701
0.0695815
0.165101
0.248209
0.318141
0.375243
0.420634
0.45583
0.482448
0.501935
0.515593
0.524635
0.530218
0.533215
0.534303
0.533999
0.532702
0.530718
0.528287
0.525606
0.522802
0.519975
0.517185
0.514458
0.511764
0.509022
0.506106
0.502857
0.499102
0.494676
0.489447
0.483341
0.476368
0.468647
0.460432
0.452121
0.444249
0.437464
0.432476
0.429966
0.430405
0.434168
0.441216
0.451001
0.462426
0.47394
0.483835
0.490675
0.493699
0.492991
0.489349
0.483946
0.477937
0.472092
0.466573
0.460838
0.45377
0.44407
0.430289
0.411113
0.38562
0.353601
0.315246
0.271677
0.22406
0.174015
0.123301
0.0741177
0.0284073
-0.0122573
-0.0466847
-0.0740476
-0.0938537
-0.105917
-0.110307
-0.107334
-0.0972256
-0.0804244
-0.0577141
-0.0299523
0.00197868
0.0371787
0.074752
0.113833
0.153609
0.193339
0.232369
0.270139
0.306189
0.340157
0.37178
0.400882
0.427359
0.45118
0.472377
0.491014
0.50725
0.520948
0.337709
0.313969
0.281185
0.241589
0.203259
0.173675
0.159543
0.163987
0.18739
0.224611
0.267705
0.308562
0.341581
0.364033
0.375646
0.377425
0.370635
0.356351
0.33526
0.307638
0.273203
0.231164
0.180158
0.116894
0.0557612
0.336871
0.312915
0.278985
0.238181
0.199192
0.170086
0.157086
0.16305
0.187304
0.224986
0.268215
0.309131
0.342246
0.364737
0.376355
0.378124
0.371317
0.357009
0.335892
0.308222
0.27371
0.231486
0.180089
0.116544
0.0429256
0.33668
0.311185
0.274466
0.231661
0.192543
0.164421
0.152705
0.159893
0.185341
0.223925
0.267699
0.308831
0.341993
0.364432
0.375983
0.377701
0.370865
0.356547
0.335429
0.307758
0.273232
0.230944
0.179431
0.115553
0.0422538
0.336767
0.308061
0.268183
0.223887
0.185296
0.158206
0.147584
0.155882
0.182458
0.222057
0.266434
0.30789
0.341055
0.3634
0.374872
0.37656
0.369743
0.355477
0.334426
0.306826
0.272367
0.230121
0.178638
0.11467
0.042202
0.336701
0.304222
0.261381
0.216619
0.178318
0.152017
0.142318
0.151611
0.179264
0.219727
0.264712
0.306417
0.33956
0.361824
0.373256
0.374968
0.368227
0.354066
0.333133
0.305649
0.271295
0.229117
0.177696
0.113661
0.0423787
0.336375
0.300519
0.255395
0.21015
0.17206
0.146364
0.137461
0.147582
0.17617
0.217369
0.26278
0.304589
0.337639
0.359803
0.37121
0.37298
0.366353
0.352336
0.331554
0.304214
0.26999
0.227893
0.176559
0.112431
0.0427795
0.33545
0.29712
0.250418
0.204862
0.167001
0.141805
0.133578
0.144386
0.173669
0.215325
0.260881
0.30258
0.335419
0.357438
0.368822
0.370675
0.364199
0.35036
0.329762
0.302595
0.268524
0.226521
0.175296
0.111051
0.0432587
0.333403
0.293877
0.246472
0.201019
0.163551
0.138856
0.131198
0.142507
0.172168
0.213905
0.259245
0.300562
0.333033
0.354834
0.366178
0.368124
0.361819
0.348185
0.327798
0.300828
0.266934
0.225042
0.173954
0.109607
0.0436466
0.329909
0.290621
0.243544
0.198752
0.161972
0.137877
0.13072
0.142322
0.17199
0.213364
0.258069
0.298693
0.330608
0.352098
0.363363
0.365396
0.35927
0.345855
0.325696
0.298942
0.265245
0.223482
0.172553
0.108156
0.0438612
0.324958
0.287182
0.241537
0.198088
0.162406
0.139094
0.132409
0.144085
0.173353
0.213882
0.257508
0.297107
0.328262
0.349328
0.36046
0.362555
0.356601
0.343408
0.323487
0.296962
0.263475
0.221856
0.1711
0.106717
0.0438908
0.318865
0.283493
0.240319
0.198965
0.164877
0.142597
0.136383
0.147908
0.176361
0.215557
0.257663
0.29591
0.326095
0.346613
0.357541
0.35966
0.353859
0.340882
0.321199
0.29491
0.261642
0.220175
0.169599
0.105291
0.0437517
0.312224
0.279718
0.239819
0.201254
0.169269
0.14831
0.142615
0.153755
0.180992
0.218403
0.258582
0.295173
0.324185
0.344026
0.35467
0.356762
0.351084
0.338307
0.318858
0.292806
0.25976
0.218451
0.168052
0.103867
0.0434664
0.30574
0.27625
0.240089
0.204813
0.175355
0.155998
0.150856
0.161452
0.187119
0.222359
0.260268
0.294938
0.32259
0.341627
0.351898
0.353903
0.348309
0.33571
0.316485
0.290667
0.257843
0.216693
0.166463
0.102437
0.0430565
0.300021
0.273579
0.241301
0.209558
0.182888
0.165337
0.160767
0.170709
0.194536
0.22731
0.262684
0.295218
0.321348
0.339459
0.349266
0.35112
0.345566
0.333117
0.314101
0.288511
0.255905
0.214909
0.164831
0.10099
0.0425394
0.295481
0.272122
0.243674
0.215481
0.191673
0.176005
0.172007
0.181201
0.203009
0.233118
0.265771
0.296008
0.32048
0.337554
0.346808
0.348441
0.342879
0.33055
0.311725
0.286354
0.253957
0.213105
0.163157
0.0995155
0.0419284
0.292325
0.27211
0.247362
0.222599
0.201577
0.187741
0.184267
0.192632
0.212315
0.23964
0.26946
0.297287
0.319995
0.335931
0.344547
0.345891
0.340271
0.328029
0.309376
0.284211
0.252013
0.211289
0.161443
0.0980049
0.0412332
0.290586
0.273566
0.25238
0.230876
0.212484
0.200346
0.1973
0.204758
0.222259
0.246745
0.273677
0.299028
0.31989
0.334605
0.342501
0.34349
0.337761
0.325572
0.307069
0.282097
0.250084
0.209469
0.159689
0.096449
0.04046
0.290182
0.276354
0.25859
0.24018
0.224242
0.213636
0.210896
0.21737
0.232667
0.25431
0.278349
0.301196
0.320157
0.333578
0.340682
0.341251
0.335366
0.323196
0.304822
0.280027
0.248182
0.207649
0.157894
0.0948387
0.0396118
0.290983
0.280261
0.265764
0.250287
0.236638
0.2274
0.224846
0.230269
0.243382
0.262221
0.283405
0.303753
0.320781
0.332852
0.339098
0.339188
0.333098
0.320915
0.302647
0.278014
0.246317
0.205835
0.156057
0.0931647
0.0386893
0.292852
0.285078
0.273656
0.260939
0.249416
0.241402
0.238936
0.243272
0.254256
0.270373
0.288776
0.306659
0.321743
0.332419
0.337751
0.337307
0.33097
0.318741
0.300559
0.27607
0.2445
0.204031
0.154176
0.0914163
0.0376904
0.29567
0.290638
0.28206
0.271899
0.262335
0.255413
0.25297
0.256216
0.265165
0.278676
0.294399
0.309877
0.323021
0.33227
0.33664
0.335615
0.328989
0.316686
0.298568
0.274207
0.24274
0.202242
0.152246
0.0895817
0.0366116
0.299343
0.296829
0.290837
0.283
0.275209
0.269255
0.266788
0.268978
0.276009
0.287055
0.300222
0.313366
0.324589
0.332392
0.335761
0.334112
0.327162
0.314758
0.296686
0.272435
0.241046
0.20047
0.150264
0.0876477
0.0354477
0.303802
0.303589
0.299915
0.294152
0.287934
0.28282
0.280293
0.281481
0.286723
0.295457
0.306199
0.317092
0.326423
0.332769
0.335106
0.332798
0.325492
0.312962
0.294919
0.270763
0.239426
0.198716
0.148223
0.0856
0.0341928
0.308993
0.310883
0.309267
0.305326
0.300473
0.296067
0.293442
0.293686
0.297264
0.303843
0.31229
0.321018
0.328495
0.333382
0.334666
0.33167
0.323981
0.311305
0.293276
0.2692
0.237887
0.196982
0.146118
0.0834234
0.0328399
0.314877
0.318685
0.318885
0.316523
0.312832
0.309
0.306234
0.305584
0.307613
0.312182
0.318461
0.325112
0.330776
0.334213
0.334428
0.330721
0.322627
0.309788
0.291762
0.267753
0.236435
0.195268
0.14394
0.0811017
0.031382
0.321419
0.326973
0.328764
0.327756
0.325033
0.321643
0.318686
0.317181
0.317761
0.320454
0.324681
0.32934
0.333239
0.335239
0.33438
0.329944
0.321428
0.308413
0.290381
0.266428
0.235076
0.193574
0.141682
0.0786185
0.029812
0.328594
0.335726
0.338902
0.339039
0.337104
0.334027
0.330825
0.328487
0.327701
0.328636
0.330919
0.33367
0.335854
0.336438
0.334504
0.329331
0.32038
0.30718
0.289137
0.265232
0.233817
0.191901
0.139342
0.0759622
0.0281249
0.335977
0.344452
0.348763
0.349813
0.34847
0.345575
0.342085
0.338968
0.336948
0.336308
0.336841
0.337856
0.338461
0.337723
0.334773
0.328893
0.319521
0.306141
0.288088
0.264225
0.232725
0.190339
0.137041
0.0732628
0.0264078
0.343436
0.353052
0.358293
0.360066
0.359159
0.356344
0.352535
0.348681
0.345537
0.343477
0.342428
0.341863
0.341017
0.339051
0.335145
0.328594
0.31882
0.305268
0.28721
0.263386
0.231784
0.18888
0.134784
0.0705475
0.0246759
0.351345
0.361974
0.368006
0.370367
0.369775
0.366948
0.362771
0.358179
0.353949
0.350534
0.347974
0.34589
0.343639
0.34047
0.33562
0.328401
0.318226
0.304505
0.286446
0.262664
0.230939
0.187443
0.13245
0.0676721
0.0228388
0.359678
0.371193
0.377886
0.380709
0.380321
0.377397
0.372803
0.367467
0.362184
0.357471
0.353466
0.349923
0.346312
0.341969
0.336188
0.328306
0.317731
0.303848
0.285799
0.262063
0.230196
0.186035
0.130046
0.0646393
0.0209028
0.3684
0.38068
0.387911
0.391082
0.390794
0.387695
0.382639
0.37655
0.37024
0.364279
0.358891
0.353947
0.34902
0.343533
0.336838
0.3283
0.317331
0.303293
0.285267
0.261588
0.229561
0.184661
0.127581
0.061455
0.0188759
0.377474
0.390403
0.398059
0.401473
0.401192
0.397843
0.392281
0.385431
0.378117
0.370953
0.364239
0.357948
0.35175
0.345148
0.337556
0.328372
0.317017
0.302837
0.284851
0.261241
0.229041
0.183331
0.125067
0.0581324
0.0167713
0.386861
0.400326
0.408302
0.411863
0.411504
0.407839
0.401731
0.394111
0.385813
0.377487
0.3695
0.361914
0.354488
0.346803
0.338333
0.328514
0.316783
0.302474
0.28455
0.261026
0.228642
0.182054
0.122524
0.0546926
0.0146071
0.396512
0.410407
0.418608
0.42223
0.421716
0.417676
0.410988
0.402589
0.393324
0.383875
0.374666
0.365833
0.357221
0.348484
0.339156
0.328716
0.316621
0.302201
0.284362
0.260946
0.228371
0.180846
0.119976
0.0511657
0.0124064
0.406371
0.420598
0.428937
0.432543
0.431809
0.427344
0.420045
0.410861
0.400648
0.390112
0.379726
0.369694
0.359937
0.350178
0.340014
0.328968
0.316522
0.302012
0.284286
0.261002
0.228236
0.179722
0.117454
0.0475907
0.0101974
0.416376
0.430842
0.439243
0.442767
0.441757
0.436825
0.428894
0.418922
0.407778
0.396188
0.384671
0.373486
0.362623
0.351875
0.340897
0.32926
0.316479
0.3019
0.284319
0.261195
0.228243
0.178702
0.114997
0.0440149
0.00801259
0.426458
0.441081
0.449476
0.452861
0.45153
0.446099
0.437518
0.42676
0.414703
0.402095
0.389488
0.377195
0.365268
0.353562
0.341794
0.329582
0.316483
0.301859
0.284457
0.261526
0.228399
0.177806
0.112645
0.0404933
0.00588827
0.436544
0.451247
0.459581
0.462779
0.46109
0.455138
0.445898
0.43436
0.421412
0.40782
0.394168
0.38081
0.367859
0.355228
0.342693
0.329925
0.316524
0.301883
0.284696
0.261991
0.228706
0.177057
0.110446
0.0370875
0.00386403
0.446556
0.461274
0.469498
0.47247
0.470398
0.46391
0.454011
0.441705
0.427891
0.41335
0.398696
0.384319
0.370384
0.356862
0.343585
0.330278
0.316594
0.301963
0.285029
0.262586
0.229167
0.176475
0.108449
0.0338624
0.00198175
0.45641
0.471089
0.479166
0.481883
0.479409
0.472382
0.46183
0.448773
0.434121
0.418672
0.40306
0.387708
0.372831
0.358452
0.344459
0.330632
0.316683
0.302091
0.285447
0.263301
0.22978
0.176082
0.106701
0.0308827
0.000282621
0.466024
0.480619
0.488522
0.490962
0.488078
0.480517
0.469326
0.455542
0.440086
0.423768
0.407245
0.390966
0.37519
0.359989
0.345306
0.330977
0.316783
0.302259
0.28594
0.264123
0.230538
0.175894
0.105253
0.028213
-0.00119458
0.475314
0.489793
0.497503
0.499652
0.496359
0.488276
0.47647
0.461988
0.445764
0.428624
0.411237
0.39408
0.377448
0.361462
0.346116
0.331303
0.316884
0.302455
0.286494
0.265035
0.231429
0.175926
0.104146
0.0259151
-0.00241295
0.484197
0.49854
0.506049
0.507902
0.504206
0.495623
0.48323
0.468086
0.451138
0.433222
0.415023
0.397038
0.379597
0.362863
0.34688
0.331603
0.316978
0.302672
0.287093
0.266014
0.232436
0.176185
0.103416
0.024043
-0.00333962
0.492595
0.506793
0.514101
0.515659
0.511576
0.502522
0.489577
0.473812
0.456187
0.437547
0.418589
0.399828
0.381625
0.364181
0.347589
0.331869
0.317059
0.302899
0.287718
0.267032
0.233536
0.17667
0.103087
0.0226398
-0.00394902
0.500434
0.514491
0.521606
0.522878
0.518431
0.50894
0.495485
0.479146
0.460894
0.441586
0.421924
0.402441
0.383523
0.365408
0.348237
0.332098
0.317124
0.303127
0.28835
0.268058
0.234699
0.177373
0.103171
0.0217343
-0.0042246
0.507648
0.521577
0.528516
0.529518
0.524734
0.514848
0.50093
0.484067
0.465244
0.445324
0.425017
0.404868
0.385283
0.366536
0.348819
0.332288
0.317176
0.303353
0.288968
0.26906
0.235896
0.178278
0.103664
0.0213384
-0.00416027
0.514179
0.528004
0.534791
0.535542
0.530458
0.520222
0.505891
0.488559
0.469223
0.448752
0.427858
0.407099
0.386897
0.367561
0.349336
0.332449
0.317223
0.303576
0.289558
0.270008
0.237093
0.179356
0.104542
0.0214446
-0.00376188
0.519979
0.533734
0.540395
0.540922
0.535579
0.525043
0.510354
0.492611
0.472823
0.451861
0.430441
0.409127
0.388358
0.368481
0.349796
0.332595
0.317282
0.303802
0.290109
0.270879
0.238256
0.180566
0.105761
0.022023
-0.00304847
0.525012
0.538737
0.545302
0.545638
0.540081
0.5293
0.514308
0.496214
0.476036
0.454646
0.432758
0.410945
0.389663
0.369302
0.350214
0.33275
0.317374
0.304043
0.290617
0.271654
0.239351
0.181854
0.107254
0.0230197
-0.00205411
0.529256
0.542994
0.549495
0.549677
0.543958
0.532985
0.517748
0.499364
0.478857
0.457099
0.434803
0.41255
0.390818
0.370039
0.350612
0.332938
0.31752
0.304309
0.291085
0.272331
0.240352
0.18316
0.108935
0.0243583
-0.000828878
0.5327
0.546494
0.552963
0.553035
0.547206
0.536096
0.520672
0.502057
0.481282
0.459213
0.436574
0.413947
0.391836
0.370711
0.351013
0.33318
0.317734
0.304604
0.291513
0.27291
0.241236
0.184426
0.110709
0.0259427
0.000560914
0.535351
0.549232
0.555702
0.555714
0.549829
0.538633
0.523075
0.504287
0.483306
0.460989
0.438075
0.415149
0.392738
0.371344
0.35144
0.333489
0.318014
0.304918
0.291892
0.273384
0.241965
0.185571
0.11246
0.0276551
0.00202981
0.537231
0.551205
0.5577
0.557706
0.551816
0.540578
0.524937
0.506037
0.484905
0.462424
0.439308
0.416168
0.393542
0.371956
0.351904
0.333863
0.318343
0.305229
0.292206
0.273731
0.242472
0.186465
0.114021
0.0293579
0.00346949
0.538342
0.552411
0.558946
0.558999
0.553162
0.541937
0.526268
0.507317
0.486108
0.463522
0.440282
0.417008
0.39425
0.372545
0.352396
0.334283
0.318698
0.305528
0.292468
0.273976
0.242795
0.187131
0.115336
0.0309374
0.00478086
0.538587
0.552842
0.559434
0.559554
0.553813
0.542675
0.527082
0.508182
0.486974
0.464383
0.441128
0.417814
0.394993
0.373208
0.352974
0.334773
0.319146
0.305809
0.292674
0.27423
0.243334
0.188118
0.116849
0.0323615
0.00597194
0.537743
0.552217
0.558927
0.559173
0.553604
0.542662
0.527277
0.508588
0.487615
0.465137
0.441932
0.418611
0.395728
0.373839
0.353466
0.335109
0.319273
0.305819
0.292707
0.274684
0.244602
0.189879
0.1188
0.0335527
0.00746275
)
;

boundaryField
{
    inlet
    {
        type            zeroGradient;
    }
    outlet
    {
        type            fixedValue;
        value           uniform 0;
    }
    upperWall
    {
        type            zeroGradient;
    }
    lowerWall
    {
        type            zeroGradient;
    }
    frontAndBack
    {
        type            empty;
    }
}


// ************************************************************************* //
