/*--------------------------------*- C++ -*----------------------------------*\
| =========                 |                                                 |
| \\      /  F ield         | OpenFOAM: The Open Source CFD Toolbox           |
|  \\    /   O peration     | Version:  2406                                  |
|   \\  /    A nd           | Website:  www.openfoam.com                      |
|    \\/     M anipulation  |                                                 |
\*---------------------------------------------------------------------------*/
FoamFile
{
    version     2.0;
    format      ascii;
    arch        "LSB;label=32;scalar=64";
    class       surfaceScalarField;
    location    "1.46";
    object      phi;
}
// * * * * * * * * * * * * * * * * * * * * * * * * * * * * * * * * * * * * * //

dimensions      [0 3 -1 0 0 0 0];

oriented        oriented;

internalField   nonuniform List<scalar> 
24170
(
1.22299e-06
4.70131e-08
1.17094e-06
5.2044e-08
1.12655e-06
4.43908e-08
1.08919e-06
3.7362e-08
1.05753e-06
3.16628e-08
1.03062e-06
2.69051e-08
1.00749e-06
2.31352e-08
9.8715e-07
2.03366e-08
9.6889e-07
1.82604e-08
9.52205e-07
1.66849e-08
9.36704e-07
1.55016e-08
9.22034e-07
1.467e-08
9.07843e-07
1.41904e-08
8.93748e-07
1.40948e-08
8.79275e-07
1.44735e-08
8.63913e-07
1.53618e-08
8.46466e-07
1.74473e-08
1.80078e-08
8.28458e-07
1.29784e-06
1.91742e-08
1.31684e-06
3.30443e-08
1.3267e-06
3.45286e-08
1.33024e-06
3.38264e-08
1.32916e-06
3.27442e-08
1.325e-06
3.10607e-08
1.31907e-06
2.90668e-08
1.31224e-06
2.71622e-08
1.30502e-06
2.54841e-08
1.29768e-06
2.40268e-08
1.29038e-06
2.2797e-08
1.28322e-06
2.18338e-08
1.27621e-06
2.11949e-08
1.26935e-06
2.09558e-08
1.2626e-06
2.12242e-08
1.25583e-06
2.21309e-08
1.24936e-06
2.39147e-08
2.68075e-08
1.24057e-06
1.27762e-06
1.15574e-08
1.28642e-06
2.4245e-08
1.29406e-06
2.68878e-08
1.30111e-06
2.67757e-08
1.30748e-06
2.63757e-08
1.31296e-06
2.55735e-08
1.31763e-06
2.43953e-08
1.32166e-06
2.31413e-08
1.32515e-06
2.19927e-08
1.32819e-06
2.09878e-08
1.33084e-06
2.01442e-08
1.33317e-06
1.95035e-08
1.33524e-06
1.9125e-08
1.33712e-06
1.90788e-08
1.33889e-06
1.94496e-08
1.34069e-06
2.03348e-08
1.34274e-06
2.18603e-08
2.40731e-08
1.34548e-06
1.27378e-06
7.78239e-09
1.27929e-06
1.87257e-08
1.28387e-06
2.23131e-08
1.28789e-06
2.27588e-08
1.29173e-06
2.25325e-08
1.29538e-06
2.19272e-08
1.29882e-06
2.09516e-08
1.30213e-06
1.98292e-08
1.30537e-06
1.87532e-08
1.30856e-06
1.77952e-08
1.31173e-06
1.69806e-08
1.31489e-06
1.6342e-08
1.31809e-06
1.59221e-08
1.32141e-06
1.57652e-08
1.32494e-06
1.59136e-08
1.32888e-06
1.63994e-08
1.33349e-06
1.7245e-08
1.83644e-08
1.3392e-06
1.27217e-06
5.61242e-09
1.27642e-06
1.44759e-08
1.28043e-06
1.83075e-08
1.28398e-06
1.91997e-08
1.28737e-06
1.91514e-08
1.29058e-06
1.87099e-08
1.29361e-06
1.79282e-08
1.29648e-06
1.69528e-08
1.29928e-06
1.5955e-08
1.30205e-06
1.50254e-08
1.30483e-06
1.4199e-08
1.30767e-06
1.35017e-08
1.31063e-06
1.29608e-08
1.3138e-06
1.25977e-08
1.31729e-06
1.24217e-08
1.32127e-06
1.24211e-08
1.32596e-06
1.25612e-08
1.27297e-08
1.33159e-06
1.2714e-06
4.21269e-09
1.27466e-06
1.12186e-08
1.27814e-06
1.48255e-08
1.28138e-06
1.59559e-08
1.2845e-06
1.60356e-08
1.28752e-06
1.56843e-08
1.29043e-06
1.50198e-08
1.29324e-06
1.41443e-08
1.296e-06
1.31956e-08
1.29876e-06
1.22662e-08
1.30156e-06
1.13966e-08
1.30446e-06
1.06066e-08
1.30751e-06
9.90944e-09
1.3108e-06
9.30885e-09
1.31443e-06
8.7926e-09
1.31852e-06
8.32654e-09
1.32323e-06
7.85046e-09
7.26039e-09
1.3287e-06
1.271e-06
3.21599e-09
1.27351e-06
8.70471e-09
1.27649e-06
1.18503e-08
1.27942e-06
1.30196e-08
1.2823e-06
1.31553e-08
1.28516e-06
1.28291e-08
1.28797e-06
1.2209e-08
1.29073e-06
1.13803e-08
1.29348e-06
1.04487e-08
1.29625e-06
9.49696e-09
1.29908e-06
8.56499e-09
1.30202e-06
7.6672e-09
1.30512e-06
6.80631e-09
1.30846e-06
5.97395e-09
1.3121e-06
5.14658e-09
1.31615e-06
4.28295e-09
1.32067e-06
3.32257e-09
2.18802e-09
1.32575e-06
1.27076e-06
2.45773e-09
1.27275e-06
6.71116e-09
1.2753e-06
9.29839e-09
1.27797e-06
1.03526e-08
1.28065e-06
1.04733e-08
1.28335e-06
1.01306e-08
1.28605e-06
9.51063e-09
1.28874e-06
8.6933e-09
1.29143e-06
7.75789e-09
1.29415e-06
6.77161e-09
1.29695e-06
5.76995e-09
1.29985e-06
4.76333e-09
1.30291e-06
3.7483e-09
1.30617e-06
2.7106e-09
1.3097e-06
1.62357e-09
1.31353e-06
4.48026e-10
1.31773e-06
-8.7154e-10
-2.38704e-09
1.3223e-06
1.27061e-06
1.85064e-09
1.27224e-06
5.07595e-09
1.27445e-06
7.08576e-09
1.27688e-06
7.92564e-09
1.27938e-06
7.97091e-09
1.28193e-06
7.58022e-09
1.28451e-06
6.93043e-09
1.28711e-06
6.09728e-09
1.28973e-06
5.14076e-09
1.29239e-06
4.1125e-09
1.29512e-06
3.04177e-09
1.29794e-06
1.93606e-09
1.3009e-06
7.89184e-10
1.30403e-06
-4.14604e-10
1.30735e-06
-1.70016e-09
1.3109e-06
-3.09946e-09
1.31468e-06
-4.65543e-09
-6.39508e-09
1.31869e-06
1.27051e-06
1.34388e-09
1.27189e-06
3.69113e-09
1.27384e-06
5.13987e-09
1.27606e-06
5.7081e-09
1.2784e-06
5.62982e-09
1.28081e-06
5.1651e-09
1.28328e-06
4.46519e-09
1.28577e-06
3.59884e-09
1.2883e-06
2.61183e-09
1.29087e-06
1.54204e-09
1.2935e-06
4.11861e-10
1.29621e-06
-7.73516e-10
1.29902e-06
-2.02082e-09
1.30195e-06
-3.34431e-09
1.30502e-06
-4.76441e-09
1.30822e-06
-6.30444e-09
1.31156e-06
-7.99486e-09
-9.84488e-09
1.31501e-06
1.27044e-06
9.0612e-10
1.27164e-06
2.48412e-09
1.27338e-06
3.39992e-09
1.27543e-06
3.66718e-09
1.27762e-06
3.43151e-09
1.27992e-06
2.87342e-09
1.28227e-06
2.11165e-09
1.28466e-06
1.20383e-09
1.28709e-06
1.84201e-10
1.28955e-06
-9.20877e-10
1.29206e-06
-2.09563e-09
1.29463e-06
-3.33679e-09
1.29726e-06
-4.65041e-09
1.29996e-06
-6.04789e-09
1.30274e-06
-7.54403e-09
1.30559e-06
-9.1537e-09
1.30849e-06
-1.08959e-08
-1.27663e-08
1.31141e-06
1.27039e-06
5.1674e-10
1.27147e-06
1.40417e-09
1.27305e-06
1.81642e-09
1.27495e-06
1.77118e-09
1.27702e-06
1.35761e-09
1.2792e-06
6.93967e-10
1.28145e-06
-1.34861e-10
1.28374e-06
-1.08551e-09
1.28606e-06
-2.13419e-09
1.2884e-06
-3.26408e-09
1.29077e-06
-4.46533e-09
1.29317e-06
-5.7364e-09
1.2956e-06
-7.08208e-09
1.29806e-06
-8.51039e-09
1.30055e-06
-1.00307e-08
1.30305e-06
-1.16504e-08
1.30553e-06
-1.33792e-08
-1.52038e-08
1.30797e-06
1.27036e-06
1.61081e-10
1.27135e-06
4.14104e-10
1.27281e-06
3.49126e-10
1.27459e-06
-9.49706e-12
1.27656e-06
-6.10644e-10
1.27864e-06
-1.3852e-09
1.28079e-06
-2.28079e-09
1.28297e-06
-3.27021e-09
1.28518e-06
-4.33978e-09
1.28739e-06
-5.48077e-09
1.28962e-06
-6.68857e-09
1.29184e-06
-7.96325e-09
1.29407e-06
-9.30841e-09
1.29629e-06
-1.07289e-08
1.29849e-06
-1.22293e-08
1.30065e-06
-1.38112e-08
1.30275e-06
-1.54773e-08
-1.72085e-08
1.30475e-06
1.27033e-06
-1.72122e-10
1.27126e-06
-5.15075e-10
1.27265e-06
-1.03578e-09
1.27434e-06
-1.7026e-09
1.27622e-06
-2.49249e-09
1.27821e-06
-3.37695e-09
1.28027e-06
-4.33425e-09
1.28235e-06
-5.35412e-09
1.28444e-06
-6.43285e-09
1.28653e-06
-7.569e-09
1.28861e-06
-8.76268e-09
1.29066e-06
-1.00156e-08
1.29268e-06
-1.13306e-08
1.29466e-06
-1.27098e-08
1.29659e-06
-1.41541e-08
1.29844e-06
-1.56607e-08
1.30019e-06
-1.72274e-08
-1.88322e-08
1.30181e-06
1.27032e-06
-4.91913e-10
1.27121e-06
-1.40749e-09
1.27254e-06
-2.36795e-09
1.27418e-06
-3.33459e-09
1.27599e-06
-4.3078e-09
1.27791e-06
-5.29548e-09
1.27988e-06
-6.30515e-09
1.28187e-06
-7.34369e-09
1.28386e-06
-8.41725e-09
1.28582e-06
-9.5312e-09
1.28774e-06
-1.06901e-08
1.28963e-06
-1.18977e-08
1.29145e-06
-1.31561e-08
1.29321e-06
-1.44658e-08
1.29488e-06
-1.58248e-08
1.29645e-06
-1.72275e-08
1.29789e-06
-1.86686e-08
-2.01249e-08
1.29918e-06
1.27031e-06
-8.06565e-10
1.27119e-06
-2.28543e-09
1.2725e-06
-3.67563e-09
1.2741e-06
-4.93164e-09
1.27587e-06
-6.07714e-09
1.27773e-06
-7.15608e-09
1.27963e-06
-8.20501e-09
1.28153e-06
-9.24763e-09
1.28341e-06
-1.02997e-08
1.28526e-06
-1.13732e-08
1.28704e-06
-1.24774e-08
1.28876e-06
-1.36177e-08
1.2904e-06
-1.47966e-08
1.29195e-06
-1.60132e-08
1.29339e-06
-1.7264e-08
1.2947e-06
-1.85417e-08
1.29587e-06
-1.9839e-08
-2.11332e-08
1.29688e-06
1.27032e-06
-1.12457e-09
1.2712e-06
-3.17141e-09
1.27252e-06
-4.98737e-09
1.2741e-06
-6.52048e-09
1.27585e-06
-7.82187e-09
1.27767e-06
-8.97526e-09
1.27951e-06
-1.00469e-08
1.28134e-06
-1.10766e-08
1.28313e-06
-1.20892e-08
1.28486e-06
-1.31036e-08
1.28652e-06
-1.41337e-08
1.28808e-06
-1.51872e-08
1.28956e-06
-1.62667e-08
1.29091e-06
-1.73711e-08
1.29214e-06
-1.84959e-08
1.29324e-06
-1.96332e-08
1.29417e-06
-2.07749e-08
-2.18994e-08
1.29494e-06
1.27033e-06
-1.4554e-09
1.27125e-06
-4.09037e-09
1.2726e-06
-6.33418e-09
1.27421e-06
-8.12943e-09
1.27595e-06
-9.56442e-09
1.27774e-06
-1.07706e-08
1.27954e-06
-1.18452e-08
1.28131e-06
-1.28427e-08
1.28302e-06
-1.37966e-08
1.28464e-06
-1.4733e-08
1.28618e-06
-1.56706e-08
1.28761e-06
-1.66194e-08
1.28893e-06
-1.75828e-08
1.29012e-06
-1.85594e-08
1.29117e-06
-1.95447e-08
1.29206e-06
-2.05308e-08
1.2928e-06
-2.15097e-08
-2.24616e-08
1.29336e-06
1.27036e-06
-1.81052e-09
1.27134e-06
-5.07229e-09
1.27275e-06
-7.75174e-09
1.27441e-06
-9.78915e-09
1.27618e-06
-1.13282e-08
1.27797e-06
-1.25608e-08
1.27974e-06
-1.36156e-08
1.28146e-06
-1.45593e-08
1.28309e-06
-1.54337e-08
1.28463e-06
-1.62731e-08
1.28606e-06
-1.71008e-08
1.28737e-06
-1.79292e-08
1.28855e-06
-1.87619e-08
1.28959e-06
-1.95981e-08
1.29048e-06
-2.04338e-08
1.29121e-06
-2.12616e-08
1.29177e-06
-2.20739e-08
-2.28531e-08
1.29217e-06
1.27039e-06
-2.20504e-09
1.27148e-06
-6.15584e-09
1.27301e-06
-9.28288e-09
1.27475e-06
-1.15332e-08
1.27656e-06
-1.31377e-08
1.27837e-06
-1.43653e-08
1.28013e-06
-1.53747e-08
1.28181e-06
-1.62405e-08
1.28339e-06
-1.70134e-08
1.28485e-06
-1.77365e-08
1.28619e-06
-1.8438e-08
1.28739e-06
-1.91315e-08
1.28845e-06
-1.98212e-08
1.28936e-06
-2.05069e-08
1.29011e-06
-2.11854e-08
1.2907e-06
-2.18503e-08
1.29112e-06
-2.24949e-08
-2.31036e-08
1.29137e-06
1.27046e-06
-2.66018e-09
1.27169e-06
-7.39352e-09
1.27339e-06
-1.09802e-08
1.27525e-06
-1.33979e-08
1.27714e-06
-1.50178e-08
1.27897e-06
-1.62047e-08
1.28074e-06
-1.71395e-08
1.2824e-06
-1.79002e-08
1.28393e-06
-1.85481e-08
1.28533e-06
-1.9136e-08
1.28659e-06
-1.96962e-08
1.2877e-06
-2.0242e-08
1.28866e-06
-2.07781e-08
1.28946e-06
-2.13049e-08
1.29009e-06
-2.18204e-08
1.29056e-06
-2.23195e-08
1.29086e-06
-2.27966e-08
-2.32384e-08
1.291e-06
1.27055e-06
-3.20796e-09
1.27201e-06
-8.85986e-09
1.27394e-06
-1.29078e-08
1.27597e-06
-1.54214e-08
1.27794e-06
-1.6995e-08
1.27984e-06
-1.81016e-08
1.28163e-06
-1.89277e-08
1.28328e-06
-1.95516e-08
1.28478e-06
-2.00491e-08
1.28613e-06
-2.04836e-08
1.28732e-06
-2.08884e-08
1.28835e-06
-2.12754e-08
1.28922e-06
-2.1649e-08
1.28993e-06
-2.20106e-08
1.29047e-06
-2.2359e-08
1.29084e-06
-2.26907e-08
1.29104e-06
-2.30015e-08
-2.32795e-08
1.29109e-06
1.27069e-06
-3.89991e-09
1.2725e-06
-1.06649e-08
1.27473e-06
-1.5142e-08
1.27695e-06
-1.76399e-08
1.27905e-06
-1.90952e-08
1.28103e-06
-2.00797e-08
1.28286e-06
-2.07578e-08
1.28452e-06
-2.12089e-08
1.286e-06
-2.15297e-08
1.28731e-06
-2.17927e-08
1.28845e-06
-2.20285e-08
1.28942e-06
-2.2246e-08
1.29022e-06
-2.24488e-08
1.29084e-06
-2.26389e-08
1.2913e-06
-2.28164e-08
1.29159e-06
-2.29792e-08
1.29171e-06
-2.31258e-08
-2.32481e-08
1.29168e-06
1.27092e-06
-4.82394e-09
1.27323e-06
-1.29726e-08
1.27586e-06
-1.77704e-08
1.27831e-06
-2.00884e-08
1.28056e-06
-2.1346e-08
1.28264e-06
-2.21595e-08
1.28452e-06
-2.26401e-08
1.28619e-06
-2.28792e-08
1.28766e-06
-2.29998e-08
1.28895e-06
-2.30768e-08
1.29005e-06
-2.31326e-08
1.29098e-06
-2.31715e-08
1.29172e-06
-2.3196e-08
1.29229e-06
-2.32085e-08
1.29269e-06
-2.32097e-08
1.29291e-06
-2.31998e-08
1.29296e-06
-2.31797e-08
-2.31418e-08
1.29285e-06
1.27132e-06
-6.14522e-09
1.27436e-06
-1.60079e-08
1.27747e-06
-2.08793e-08
1.28019e-06
-2.28098e-08
1.28263e-06
-2.3791e-08
1.28484e-06
-2.43645e-08
1.28677e-06
-2.45732e-08
1.28844e-06
-2.45492e-08
1.28988e-06
-2.4443e-08
1.29113e-06
-2.43194e-08
1.29218e-06
-2.41862e-08
1.29305e-06
-2.40413e-08
1.29374e-06
-2.38853e-08
1.29425e-06
-2.3719e-08
1.29458e-06
-2.35427e-08
1.29474e-06
-2.33596e-08
1.29474e-06
-2.31774e-08
-2.29981e-08
1.2946e-06
1.27209e-06
-8.23138e-09
1.2761e-06
-2.00213e-08
1.27971e-06
-2.44861e-08
1.28271e-06
-2.58105e-08
1.28537e-06
-2.64582e-08
1.28772e-06
-2.67151e-08
1.28973e-06
-2.65797e-08
1.29144e-06
-2.62584e-08
1.29291e-06
-2.59174e-08
1.29419e-06
-2.55951e-08
1.29528e-06
-2.52805e-08
1.29621e-06
-2.49646e-08
1.29697e-06
-2.4643e-08
1.29756e-06
-2.43122e-08
1.29799e-06
-2.39699e-08
1.29825e-06
-2.36243e-08
1.29836e-06
-2.32842e-08
-2.2973e-08
1.29833e-06
1.27368e-06
-1.19161e-08
1.27895e-06
-2.52903e-08
1.28311e-06
-2.86471e-08
1.28657e-06
-2.92647e-08
1.28971e-06
-2.96039e-08
1.29254e-06
-2.95417e-08
1.29505e-06
-2.90932e-08
1.29733e-06
-2.85376e-08
1.29944e-06
-2.80204e-08
1.30138e-06
-2.75393e-08
1.30317e-06
-2.70664e-08
1.30479e-06
-2.65879e-08
1.30624e-06
-2.60933e-08
1.3075e-06
-2.55725e-08
1.30855e-06
-2.50168e-08
1.30938e-06
-2.44519e-08
1.30998e-06
-2.38902e-08
-2.34397e-08
1.31045e-06
1.27754e-06
-1.94563e-08
1.28614e-06
-3.38887e-08
1.29347e-06
-3.5982e-08
1.30013e-06
-3.59172e-08
1.306e-06
-3.54776e-08
1.31089e-06
-3.44285e-08
1.31485e-06
-3.30541e-08
1.31804e-06
-3.17302e-08
1.32057e-06
-3.05515e-08
1.32251e-06
-2.94737e-08
1.3239e-06
-2.84607e-08
1.32481e-06
-2.7494e-08
1.32526e-06
-2.65509e-08
1.32529e-06
-2.56019e-08
1.32488e-06
-2.46054e-08
1.324e-06
-2.35705e-08
1.32256e-06
-2.24493e-08
-2.19248e-08
1.32104e-06
1.29793e-06
-4.73825e-08
1.31687e-06
-5.2829e-08
1.32649e-06
-4.56046e-08
1.32956e-06
-3.89898e-08
1.32777e-06
-3.36841e-08
1.32265e-06
-2.93067e-08
1.31551e-06
-2.5917e-08
1.30724e-06
-2.34624e-08
1.29833e-06
-2.1642e-08
1.28908e-06
-2.02191e-08
1.27967e-06
-1.9057e-08
1.27025e-06
-1.80693e-08
1.26089e-06
-1.71878e-08
1.25163e-06
-1.63451e-08
1.24247e-06
-1.54475e-08
1.2333e-06
-1.44007e-08
1.22339e-06
-1.25385e-08
-1.17012e-08
1.21317e-06
1.22262e-06
1.16979e-06
1.12418e-06
1.08519e-06
1.05151e-06
1.0222e-06
9.96286e-07
9.72824e-07
9.51182e-07
9.30963e-07
9.11906e-07
8.93836e-07
8.76649e-07
8.60304e-07
8.44856e-07
8.30455e-07
8.17917e-07
8.06216e-07
-1.83888e-08
1.83888e-08
-2.37878e-08
5.39907e-09
1.34411e-08
-3.72289e-08
9.36111e-08
-8.01701e-08
1.97111e-07
-1.035e-07
3.01527e-07
-1.04416e-07
3.93952e-07
-9.24253e-08
4.6937e-07
-7.54179e-08
5.26521e-07
-5.71502e-08
5.6518e-07
-3.86592e-08
5.84044e-07
-1.88645e-08
5.79472e-07
4.57228e-09
5.47918e-07
3.15545e-08
4.90081e-07
5.78368e-08
4.10567e-07
7.95136e-08
3.18048e-07
9.25195e-08
2.24637e-07
9.34109e-08
1.43245e-07
8.13914e-08
8.28808e-08
6.03645e-08
4.32744e-08
3.96064e-08
1.30488e-08
3.02256e-08
-1.73641e-08
3.04128e-08
-4.55573e-08
2.81932e-08
-5.38359e-08
8.2786e-09
-3.5499e-08
-1.83369e-08
1.92011e-08
-5.47001e-08
1.03971e-07
-8.47698e-08
1.90068e-07
-8.60968e-08
2.50897e-07
-6.08294e-08
2.78518e-07
-2.76207e-08
2.83492e-07
-4.97449e-09
2.82336e-07
1.1566e-09
2.82415e-07
-7.93239e-11
2.76958e-07
5.45743e-09
2.49796e-07
2.71616e-08
1.85444e-07
6.43519e-08
7.89341e-08
1.0651e-07
-6.37589e-08
1.42693e-07
-2.26612e-07
1.62853e-07
-3.93276e-07
1.66664e-07
-5.52253e-07
1.58977e-07
-6.96454e-07
1.44202e-07
-8.22312e-07
1.25858e-07
-9.28656e-07
1.06344e-07
-1.01573e-06
8.7077e-08
-1.0845e-06
6.87672e-08
-1.1362e-06
5.1696e-08
-1.17214e-06
3.5944e-08
-1.19371e-06
2.15723e-08
-1.20246e-06
8.7425e-09
-1.2004e-06
-2.05347e-09
-1.18948e-06
-1.09222e-08
-1.17083e-06
-1.86513e-08
-1.14518e-06
-2.56443e-08
-1.11313e-06
-3.20512e-08
-1.07519e-06
-3.79447e-08
-1.03182e-06
-4.33715e-08
-9.83452e-07
-4.83641e-08
-9.30512e-07
-5.29408e-08
-8.73409e-07
-5.7103e-08
-8.12576e-07
-6.08327e-08
-7.48483e-07
-6.40929e-08
-6.81652e-07
-6.68307e-08
-6.12669e-07
-6.89834e-08
-5.42181e-07
-7.04882e-08
-4.70888e-07
-7.12931e-08
-3.99522e-07
-7.13659e-08
-3.2882e-07
-7.07021e-08
-2.59502e-07
-6.93175e-08
-1.92248e-07
-6.72544e-08
-1.27707e-07
-6.45406e-08
-6.64434e-08
-6.12637e-08
-8.80137e-09
-5.76421e-08
4.45637e-08
-5.33651e-08
9.35951e-08
-4.90314e-08
1.38372e-07
-4.47767e-08
1.7894e-07
-4.05678e-08
2.1537e-07
-3.64309e-08
2.47762e-07
-3.23917e-08
2.76219e-07
-2.84573e-08
3.00828e-07
-2.46083e-08
3.2162e-07
-2.07927e-08
3.38547e-07
-1.69261e-08
3.51445e-07
-1.28989e-08
3.60052e-07
-8.60661e-09
3.64157e-07
-4.10534e-09
3.64048e-07
1.09607e-10
3.60538e-07
3.50946e-09
3.5454e-07
5.99849e-09
3.46819e-07
7.7212e-09
3.38076e-07
8.7425e-09
3.29009e-07
9.06728e-09
3.20309e-07
8.70037e-09
3.12735e-07
7.57334e-09
3.07199e-07
5.53618e-09
3.04745e-07
2.45394e-09
3.06415e-07
-1.67008e-09
3.13063e-07
-6.64799e-09
3.23886e-07
-1.08231e-08
3.36265e-07
-1.23786e-08
3.46241e-07
-9.97576e-09
3.49544e-07
-3.30345e-09
3.42098e-07
7.4463e-09
3.19163e-07
2.29349e-08
2.75777e-07
4.3386e-08
2.09412e-07
6.63646e-08
1.22965e-07
8.64473e-08
2.45768e-08
9.83881e-08
-7.56824e-08
1.00259e-07
-1.69809e-07
9.41265e-08
-2.5332e-07
8.35115e-08
-3.24109e-07
7.07881e-08
-3.81506e-07
5.7397e-08
-4.25639e-07
4.41338e-08
-4.57027e-07
3.13879e-08
-4.76427e-07
1.93999e-08
-4.84815e-07
8.38794e-09
-4.8347e-07
-1.34495e-09
-4.73613e-07
-9.85718e-09
-4.5596e-07
-1.76531e-08
-4.31102e-07
-2.48576e-08
-3.9963e-07
-3.14727e-08
-3.6218e-07
-3.74498e-08
-3.19465e-07
-4.27148e-08
-2.7229e-07
-4.71748e-08
-2.21534e-07
-5.07564e-08
-1.68121e-07
-5.34129e-08
-1.13024e-07
-5.5097e-08
-5.72851e-08
-5.57387e-08
-2.01462e-09
-5.52705e-08
5.18766e-08
-5.38912e-08
1.03754e-07
-5.1877e-08
1.53093e-07
-4.93398e-08
1.99464e-07
-4.6371e-08
2.42536e-07
-4.3072e-08
2.82068e-07
-3.95321e-08
3.1789e-07
-3.58212e-08
3.49872e-07
-3.19821e-08
3.77892e-07
-2.80202e-08
4.01781e-07
-2.38885e-08
4.21242e-07
-1.9461e-08
4.3578e-07
-1.45385e-08
4.44724e-07
-8.94369e-09
4.47678e-07
-2.95459e-09
4.45042e-07
2.63657e-09
4.37663e-07
7.37869e-09
4.26312e-07
1.13511e-08
4.11685e-07
1.46271e-08
3.9447e-07
1.72146e-08
3.75349e-07
1.91214e-08
3.54992e-07
2.03571e-08
3.34042e-07
2.09496e-08
3.13088e-07
2.09541e-08
2.92634e-07
2.0454e-08
2.7308e-07
1.95542e-08
2.54707e-07
1.83724e-08
2.37673e-07
1.70345e-08
2.21993e-07
1.56795e-08
2.07528e-07
1.44651e-08
1.93974e-07
1.35543e-08
1.80904e-07
1.30703e-08
1.67864e-07
1.30399e-08
1.54509e-07
1.33552e-08
1.40739e-07
1.37698e-08
1.26753e-07
1.39853e-08
1.13051e-07
1.37023e-08
1.00435e-07
1.26159e-08
8.98169e-08
1.06183e-08
8.21938e-08
7.62308e-09
7.8671e-08
3.5228e-09
7.97752e-08
-1.10415e-09
8.61331e-08
-6.35797e-09
9.74968e-08
-1.13637e-08
1.12746e-07
-1.52492e-08
1.29863e-07
-1.71164e-08
1.46275e-07
-1.64124e-08
1.59547e-07
-1.32725e-08
1.67802e-07
-8.25493e-09
1.69787e-07
-1.98461e-09
5.11574e-09
1.64671e-07
-8.89884e-09
2.72876e-08
2.37683e-08
-2.72681e-08
1.08298e-07
-1.21758e-07
2.19826e-07
-1.91699e-07
3.34296e-07
-2.17969e-07
4.38905e-07
-2.09026e-07
5.27777e-07
-1.81297e-07
5.99878e-07
-1.47518e-07
6.56513e-07
-1.13785e-07
6.99151e-07
-8.12971e-08
7.29376e-07
-4.90899e-08
7.49602e-07
-1.56538e-08
7.58817e-07
2.23393e-08
7.5109e-07
6.55645e-08
7.18968e-07
1.11635e-07
6.57712e-07
1.53776e-07
5.68551e-07
1.82572e-07
4.5978e-07
1.90162e-07
3.44834e-07
1.75311e-07
2.39259e-07
1.45181e-07
1.56748e-07
1.12737e-07
1.01156e-07
8.6005e-08
7.11617e-08
5.81875e-08
6.50512e-08
1.43891e-08
8.78608e-08
-4.11465e-08
1.4247e-07
-1.09309e-07
2.18543e-07
-1.60843e-07
2.96151e-07
-1.63704e-07
3.53286e-07
-1.17965e-07
3.81371e-07
-5.57049e-08
3.8505e-07
-8.65438e-09
3.67433e-07
1.87738e-08
3.16613e-07
5.07408e-08
2.0944e-07
1.12631e-07
3.80265e-08
1.98575e-07
-1.7752e-07
2.79898e-07
-4.03503e-07
3.32493e-07
-6.14795e-07
3.53985e-07
-7.99382e-07
3.4744e-07
-9.53004e-07
3.20286e-07
-1.07559e-06
2.81559e-07
-1.17002e-06
2.38635e-07
-1.24053e-06
1.9637e-07
-1.29151e-06
1.57319e-07
-1.32685e-06
1.22415e-07
-1.34973e-06
9.16521e-08
-1.36264e-06
6.46085e-08
-1.36744e-06
4.0737e-08
-1.36537e-06
1.95056e-08
-1.35719e-06
5.61131e-10
-1.34253e-06
-1.67111e-08
-1.32082e-06
-3.26349e-08
-1.29222e-06
-4.72478e-08
-1.25719e-06
-6.06731e-08
-1.21621e-06
-7.30374e-08
-1.16971e-06
-8.44404e-08
-1.11812e-06
-9.49591e-08
-1.06184e-06
-1.0465e-07
-1.00123e-06
-1.13546e-07
-9.36689e-07
-1.21646e-07
-8.6861e-07
-1.28912e-07
-7.97435e-07
-1.35268e-07
-7.23658e-07
-1.40607e-07
-6.4784e-07
-1.44802e-07
-5.70602e-07
-1.47726e-07
-4.92616e-07
-1.49279e-07
-4.14587e-07
-1.49395e-07
-3.37226e-07
-1.48063e-07
-2.61224e-07
-1.45319e-07
-1.87229e-07
-1.4125e-07
-1.15785e-07
-1.35984e-07
-4.73611e-08
-1.29688e-07
1.74545e-08
-1.22458e-07
7.8534e-08
-1.14445e-07
1.3566e-07
-1.06158e-07
1.88683e-07
-9.77996e-08
2.37572e-07
-8.94568e-08
2.8237e-07
-8.12288e-08
3.23174e-07
-7.31958e-08
3.60123e-07
-6.54058e-08
3.93385e-07
-5.78704e-08
4.23159e-07
-5.0567e-08
4.49687e-07
-4.34534e-08
4.7329e-07
-3.65023e-08
4.9442e-07
-2.97371e-08
5.13518e-07
-2.32026e-08
5.30442e-07
-1.68143e-08
5.44314e-07
-1.03631e-08
5.54108e-07
-3.79562e-09
5.59134e-07
2.69594e-09
5.59197e-07
8.67925e-09
5.54496e-07
1.37676e-08
5.4573e-07
1.74672e-08
5.34181e-07
1.91223e-08
5.21682e-07
1.80351e-08
5.1041e-07
1.37258e-08
5.02286e-07
6.45339e-09
4.98431e-07
-2.79265e-09
4.98199e-07
-1.05907e-08
4.98403e-07
-1.25824e-08
4.92638e-07
-4.21124e-09
4.70879e-07
1.84554e-08
4.22134e-07
5.61913e-08
3.39429e-07
1.0564e-07
2.23936e-07
1.58879e-07
8.8131e-08
2.02169e-07
-4.73342e-08
2.21913e-07
-1.67684e-07
2.18738e-07
-2.67958e-07
2.00533e-07
-3.4803e-07
1.74199e-07
-4.09546e-07
1.45027e-07
-4.54943e-07
1.16185e-07
-4.86748e-07
8.9202e-08
-5.072e-07
6.45857e-08
-5.18112e-07
4.23007e-08
-5.20824e-07
2.21118e-08
-5.16328e-07
3.89163e-09
-5.04569e-07
-1.31036e-08
-4.85339e-07
-2.90876e-08
-4.58945e-07
-4.40467e-08
-4.2581e-07
-5.79928e-08
-3.86415e-07
-7.08682e-08
-3.41322e-07
-8.25422e-08
-2.91198e-07
-9.28392e-08
-2.36794e-07
-1.01578e-07
-1.7895e-07
-1.08601e-07
-1.18575e-07
-1.13788e-07
-5.66381e-08
-1.17034e-07
5.83181e-09
-1.18209e-07
6.7966e-08
-1.17405e-07
1.29023e-07
-1.14948e-07
1.88282e-07
-1.11136e-07
2.4516e-07
-1.06218e-07
2.99219e-07
-1.0043e-07
3.50134e-07
-9.39867e-08
3.97674e-07
-8.70718e-08
4.41678e-07
-7.98254e-08
4.8203e-07
-7.23339e-08
5.1863e-07
-6.46211e-08
5.51397e-07
-5.66547e-08
5.80325e-07
-4.83894e-08
6.05623e-07
-3.98363e-08
6.2778e-07
-3.11007e-08
6.47066e-07
-2.22408e-08
6.62872e-07
-1.31694e-08
6.74178e-07
-3.92682e-09
6.80299e-07
5.22923e-09
6.80868e-07
1.40583e-08
6.757e-07
2.23833e-08
6.64818e-07
3.00031e-08
6.48463e-07
3.67119e-08
6.27087e-07
4.23255e-08
6.01344e-07
4.6697e-08
5.72067e-07
4.97312e-08
5.40226e-07
5.13951e-08
5.06871e-07
5.17281e-08
4.73044e-07
5.0861e-08
4.39681e-07
4.90427e-08
4.0749e-07
4.66556e-08
3.76863e-07
4.41816e-08
3.47847e-07
4.20863e-08
3.20237e-07
4.06504e-08
2.93764e-07
3.98281e-08
2.68292e-07
3.92411e-08
2.43974e-07
3.83034e-08
2.21281e-07
3.63953e-08
2.00824e-07
3.30728e-08
1.83434e-07
2.80082e-08
1.70085e-07
2.09721e-08
1.61419e-07
1.21888e-08
1.58502e-07
1.81277e-09
1.61794e-07
-9.64973e-09
1.71499e-07
-2.1068e-08
1.86808e-07
-3.05584e-08
2.05551e-07
-3.58595e-08
2.2421e-07
-3.50721e-08
2.38485e-07
-2.75474e-08
2.44354e-07
-1.41238e-08
2.39039e-07
3.33064e-09
2.31932e-08
2.20961e-07
1.57178e-08
1.15698e-08
9.41539e-08
-1.05704e-07
2.10244e-07
-2.37848e-07
3.27906e-07
-3.09361e-07
4.28231e-07
-3.18294e-07
5.07573e-07
-2.88368e-07
5.69141e-07
-2.42865e-07
6.17784e-07
-1.96162e-07
6.57718e-07
-1.53719e-07
6.9183e-07
-1.15409e-07
7.21497e-07
-7.87573e-08
7.46651e-07
-4.0808e-08
7.6741e-07
1.58077e-09
7.82369e-07
5.0605e-08
7.87853e-07
1.06152e-07
7.76494e-07
1.65135e-07
7.39621e-07
2.19445e-07
6.72291e-07
2.57492e-07
5.78094e-07
2.69507e-07
4.70163e-07
2.53112e-07
3.6806e-07
2.1484e-07
2.89945e-07
1.6412e-07
2.44007e-07
1.04125e-07
2.26889e-07
3.1507e-08
2.39066e-07
-5.33236e-08
2.75419e-07
-1.45662e-07
3.28206e-07
-2.1363e-07
3.78101e-07
-2.136e-07
4.05149e-07
-1.45013e-07
4.01378e-07
-5.19344e-08
3.61468e-07
3.12556e-08
2.68199e-07
1.12043e-07
1.01147e-07
2.17793e-07
-1.27492e-07
3.41271e-07
-3.73807e-07
4.44889e-07
-6.002e-07
5.06291e-07
-7.89875e-07
5.22169e-07
-9.37773e-07
5.01883e-07
-1.04805e-06
4.5772e-07
-1.12923e-06
4.01465e-07
-1.18989e-06
3.42221e-07
-1.2367e-06
2.85446e-07
-1.27389e-06
2.33557e-07
-1.30361e-06
1.87043e-07
-1.32667e-06
1.45473e-07
-1.34314e-06
1.08121e-07
-1.35282e-06
7.42845e-08
-1.3555e-06
4.34192e-08
-1.35113e-06
1.51354e-08
-1.33966e-06
-1.09127e-08
-1.3213e-06
-3.50627e-08
-1.29646e-06
-5.748e-08
-1.26545e-06
-7.82556e-08
-1.22863e-06
-9.74915e-08
-1.18638e-06
-1.15294e-07
-1.13905e-06
-1.31766e-07
-1.08701e-06
-1.47e-07
-1.03059e-06
-1.61071e-07
-9.70112e-07
-1.74024e-07
-9.05902e-07
-1.85855e-07
-8.38307e-07
-1.96506e-07
-7.67721e-07
-2.05855e-07
-6.94601e-07
-2.13727e-07
-6.19481e-07
-2.19922e-07
-5.42972e-07
-2.24235e-07
-4.6575e-07
-2.26501e-07
-3.8853e-07
-2.26615e-07
-3.12033e-07
-2.2456e-07
-2.36942e-07
-2.2041e-07
-1.6388e-07
-2.14312e-07
-9.33693e-08
-2.06495e-07
-2.58727e-08
-1.97185e-07
3.81939e-08
-1.86524e-07
9.86319e-08
-1.74883e-07
1.55284e-07
-1.62809e-07
2.08026e-07
-1.50542e-07
2.56847e-07
-1.38278e-07
3.01809e-07
-1.26191e-07
3.43033e-07
-1.1442e-07
3.8069e-07
-1.03063e-07
4.15004e-07
-9.21843e-08
4.46249e-07
-8.18119e-08
4.74747e-07
-7.19514e-08
5.00852e-07
-6.26074e-08
5.24921e-07
-5.38058e-08
5.47287e-07
-4.55683e-08
5.68293e-07
-3.78209e-08
5.88264e-07
-3.03334e-08
6.07196e-07
-2.27281e-08
6.24413e-07
-1.45209e-08
6.38589e-07
-5.49681e-09
6.48402e-07
3.95478e-09
6.53015e-07
1.28544e-08
6.52216e-07
1.99205e-08
6.46445e-07
2.38064e-08
6.36635e-07
2.35354e-08
6.23995e-07
1.90938e-08
6.09007e-07
1.21951e-08
5.90811e-07
7.60561e-09
5.65319e-07
1.29093e-08
5.24636e-07
3.64721e-08
4.59529e-07
8.35628e-08
3.64084e-07
1.51636e-07
2.41181e-07
2.28543e-07
1.05133e-07
2.94927e-07
-2.34122e-08
3.30715e-07
-1.30807e-07
3.29308e-07
-2.15906e-07
3.03836e-07
-2.81833e-07
2.6646e-07
-3.32895e-07
2.25261e-07
-3.7264e-07
1.84773e-07
-4.0337e-07
1.46915e-07
-4.26316e-07
1.12148e-07
-4.42015e-07
8.02847e-08
-4.50613e-07
5.08991e-08
-4.52125e-07
2.36236e-08
-4.46564e-07
-1.67e-09
-4.3387e-07
-2.57973e-08
-4.14273e-07
-4.86842e-08
-3.87985e-07
-7.03347e-08
-3.5529e-07
-9.06881e-08
-3.16555e-07
-1.09603e-07
-2.72255e-07
-1.26841e-07
-2.22987e-07
-1.42108e-07
-1.69455e-07
-1.55111e-07
-1.12455e-07
-1.65601e-07
-5.28962e-08
-1.73346e-07
8.20167e-09
-1.78132e-07
6.99004e-08
-1.79907e-07
1.31395e-07
-1.78899e-07
1.91907e-07
-1.75461e-07
2.50759e-07
-1.69988e-07
3.07415e-07
-1.62874e-07
3.61479e-07
-1.54494e-07
4.12676e-07
-1.45184e-07
4.60833e-07
-1.35228e-07
5.05853e-07
-1.24846e-07
5.47708e-07
-1.14188e-07
5.86421e-07
-1.03334e-07
6.22067e-07
-9.23006e-08
6.54748e-07
-8.10703e-08
6.84561e-07
-6.96491e-08
7.11563e-07
-5.8103e-08
7.35836e-07
-4.65135e-08
7.57563e-07
-3.48964e-08
7.76803e-07
-2.31674e-08
7.93226e-07
-1.11933e-08
8.06256e-07
1.0284e-09
8.15274e-07
1.33649e-08
8.19617e-07
2.566e-08
8.18629e-07
3.77003e-08
8.11755e-07
4.91993e-08
7.98635e-07
5.98171e-08
7.79175e-07
6.91905e-08
7.53598e-07
7.69721e-08
7.22449e-07
8.28779e-08
6.86568e-07
8.67417e-08
6.47044e-07
8.85665e-08
6.0514e-07
8.85595e-08
5.62195e-07
8.71268e-08
5.19483e-07
8.47981e-08
4.78059e-07
8.2075e-08
4.38639e-07
7.92482e-08
4.01601e-07
7.62785e-08
3.67094e-07
7.28103e-08
3.35171e-07
6.83182e-08
3.05963e-07
6.22816e-08
2.79727e-07
5.42437e-08
2.56863e-07
4.38359e-08
2.38072e-07
3.09801e-08
2.24338e-07
1.55472e-08
2.16473e-07
-1.7853e-09
2.15193e-07
-1.97882e-08
2.20601e-07
-3.59662e-08
2.31404e-07
-4.66619e-08
2.44262e-07
-4.79308e-08
2.53927e-07
-3.72121e-08
2.5461e-07
-1.4807e-08
2.42053e-07
1.58881e-08
5.02825e-08
2.14963e-07
4.36943e-08
-3.21245e-08
1.61492e-07
-2.23502e-07
2.84394e-07
-3.60751e-07
3.77808e-07
-4.02775e-07
4.38227e-07
-3.78713e-07
4.75494e-07
-3.25635e-07
5.01124e-07
-2.68495e-07
5.23293e-07
-2.18331e-07
5.46309e-07
-1.76734e-07
5.71816e-07
-1.40917e-07
5.99968e-07
-1.06909e-07
6.30311e-07
-7.11507e-08
6.62351e-07
-3.04594e-08
6.94801e-07
1.81546e-08
7.25112e-07
7.58411e-08
7.49042e-07
1.41205e-07
7.59196e-07
2.09291e-07
7.46186e-07
2.70502e-07
7.03961e-07
3.11733e-07
6.35351e-07
3.21722e-07
5.53462e-07
2.96729e-07
4.76706e-07
2.40877e-07
4.19441e-07
1.61389e-07
3.85414e-07
6.55342e-08
3.74721e-07
-4.263e-08
3.84944e-07
-1.55885e-07
4.06048e-07
-2.34734e-07
4.15841e-07
-2.23393e-07
3.95437e-07
-1.24608e-07
3.31909e-07
1.15931e-08
2.08209e-07
1.54956e-07
1.12863e-08
3.08965e-07
-2.34599e-07
4.63678e-07
-4.77824e-07
5.84495e-07
-6.83588e-07
6.50654e-07
-8.40103e-07
6.62806e-07
-9.51406e-07
6.33472e-07
-1.02853e-06
5.79007e-07
-1.08398e-06
5.13168e-07
-1.1277e-06
4.45185e-07
-1.16546e-06
3.79979e-07
-1.19943e-06
3.19423e-07
-1.22966e-06
2.63783e-07
-1.25531e-06
2.12692e-07
-1.27546e-06
1.65626e-07
-1.28944e-06
1.22103e-07
-1.29686e-06
8.16979e-08
-1.29757e-06
4.41279e-08
-1.29161e-06
9.17548e-09
-1.27904e-06
-2.34788e-08
-1.2601e-06
-5.39981e-08
-1.2351e-06
-8.24834e-08
-1.20434e-06
-1.09017e-07
-1.16815e-06
-1.33683e-07
-1.12686e-06
-1.56577e-07
-1.08082e-06
-1.77806e-07
-1.03034e-06
-1.97483e-07
-9.75702e-07
-2.15709e-07
-9.17178e-07
-2.32548e-07
-8.55028e-07
-2.48005e-07
-7.89534e-07
-2.62e-07
-7.21025e-07
-2.74363e-07
-6.49909e-07
-2.84843e-07
-5.76689e-07
-2.93142e-07
-5.01967e-07
-2.98958e-07
-4.26427e-07
-3.0204e-07
-3.50811e-07
-3.02231e-07
-2.75872e-07
-2.99499e-07
-2.0233e-07
-2.93952e-07
-1.30828e-07
-2.85813e-07
-6.1911e-08
-2.75412e-07
3.88976e-09
-2.62985e-07
6.61714e-08
-2.48806e-07
1.24802e-07
-2.33513e-07
1.79616e-07
-2.17624e-07
2.30545e-07
-2.01471e-07
2.7761e-07
-1.85343e-07
3.20893e-07
-1.69475e-07
3.60527e-07
-1.54054e-07
3.96684e-07
-1.39219e-07
4.29575e-07
-1.25075e-07
4.5946e-07
-1.11697e-07
4.86646e-07
-9.91378e-08
5.11478e-07
-8.74394e-08
5.34301e-07
-7.66289e-08
5.55428e-07
-6.6695e-08
5.75147e-07
-5.75404e-08
5.9376e-07
-4.89467e-08
6.11585e-07
-4.05524e-08
6.28904e-07
-3.18398e-08
6.45631e-07
-2.22237e-08
6.60886e-07
-1.13005e-08
6.7307e-07
6.69754e-10
6.80474e-07
1.25169e-08
6.81827e-07
2.24536e-08
6.76523e-07
2.88391e-08
6.64305e-07
3.13117e-08
6.44217e-07
3.2283e-08
6.13634e-07
3.81888e-08
5.67719e-07
5.88243e-08
5.00557e-07
1.03634e-07
4.08595e-07
1.75525e-07
2.94931e-07
2.65299e-07
1.71731e-07
3.51744e-07
5.65116e-08
4.10146e-07
-3.84807e-08
4.25707e-07
-1.12631e-07
4.03458e-07
-1.70975e-07
3.6218e-07
-2.18441e-07
3.13925e-07
-2.58268e-07
2.65089e-07
-2.91842e-07
2.18346e-07
-3.19386e-07
1.74459e-07
-3.40669e-07
1.33431e-07
-3.55413e-07
9.50287e-08
-3.63366e-07
5.88524e-08
-3.64748e-07
2.50051e-08
-3.59371e-07
-7.04663e-09
-3.47361e-07
-3.78069e-08
-3.28856e-07
-6.71893e-08
-3.03977e-07
-9.52144e-08
-2.72909e-07
-1.21756e-07
-2.3592e-07
-1.46592e-07
-1.93402e-07
-1.69359e-07
-1.45882e-07
-1.89628e-07
-9.40356e-08
-2.06957e-07
-3.87035e-08
-2.20933e-07
1.91479e-08
-2.31198e-07
7.84661e-08
-2.3745e-07
1.38335e-07
-2.39776e-07
1.97907e-07
-2.38471e-07
2.56418e-07
-2.33972e-07
3.13229e-07
-2.26798e-07
3.6784e-07
-2.17485e-07
4.19895e-07
-2.0655e-07
4.69164e-07
-1.94453e-07
5.15518e-07
-1.81582e-07
5.58909e-07
-1.68237e-07
5.99352e-07
-1.54631e-07
6.36914e-07
-1.40897e-07
6.7171e-07
-1.27097e-07
7.03895e-07
-1.13255e-07
7.33625e-07
-9.93796e-08
7.61008e-07
-8.54854e-08
7.86073e-07
-7.15788e-08
8.08826e-07
-5.76496e-08
8.29338e-07
-4.36795e-08
8.47779e-07
-2.96343e-08
8.64239e-07
-1.54314e-08
8.78601e-07
-9.97132e-10
8.90573e-07
1.36876e-08
8.9967e-07
2.86034e-08
9.05203e-07
4.36667e-08
9.06328e-07
5.86918e-08
9.02147e-07
7.33712e-08
8.91838e-07
8.72816e-08
8.74793e-07
9.99224e-08
8.50752e-07
1.10783e-07
8.19892e-07
1.19426e-07
7.82881e-07
1.25571e-07
7.40867e-07
1.29141e-07
6.95385e-07
1.3028e-07
6.48171e-07
1.29289e-07
6.00898e-07
1.26521e-07
5.54929e-07
1.22247e-07
5.11181e-07
1.16558e-07
4.70147e-07
1.09352e-07
4.32047e-07
1.00382e-07
3.96963e-07
8.93277e-08
3.64916e-07
7.58827e-08
3.36092e-07
5.98038e-08
3.10719e-07
4.09207e-08
2.89493e-07
1.94406e-08
2.73272e-07
-3.56743e-09
2.62914e-07
-2.56081e-08
2.58699e-07
-4.24465e-08
2.59063e-07
-4.82949e-08
2.5978e-07
-3.79293e-08
2.54863e-07
-9.88945e-09
2.39161e-07
3.159e-08
7.83998e-08
2.11043e-07
7.85318e-08
-1.10656e-07
2.08968e-07
-3.53938e-07
3.03698e-07
-4.5548e-07
3.48625e-07
-4.47702e-07
3.61157e-07
-3.91246e-07
3.61839e-07
-3.26316e-07
3.64065e-07
-2.70721e-07
3.73415e-07
-2.27681e-07
3.90718e-07
-1.94037e-07
4.14965e-07
-1.65164e-07
4.44809e-07
-1.36754e-07
4.78956e-07
-1.05298e-07
5.16752e-07
-6.82545e-08
5.58037e-07
-2.31305e-08
6.01568e-07
3.23094e-08
6.44739e-07
9.80343e-08
6.83319e-07
1.70711e-07
7.10195e-07
2.43626e-07
7.16365e-07
3.05563e-07
6.96151e-07
3.41935e-07
6.52458e-07
3.40423e-07
5.9661e-07
2.96724e-07
5.41966e-07
2.16033e-07
4.96779e-07
1.10722e-07
4.65028e-07
-1.08793e-08
4.48615e-07
-1.39472e-07
4.33304e-07
-2.19423e-07
3.93621e-07
-1.8371e-07
3.0928e-07
-4.0267e-08
1.63596e-07
1.57277e-07
-4.51285e-08
3.6368e-07
-2.87879e-07
5.51716e-07
-5.15975e-07
6.91773e-07
-6.983e-07
7.6682e-07
-8.27921e-07
7.80276e-07
-9.13485e-07
7.48369e-07
-9.69906e-07
6.89893e-07
-1.01092e-06
6.20025e-07
-1.04566e-06
5.47908e-07
-1.07831e-06
4.77831e-07
-1.10961e-06
4.11284e-07
-1.13875e-06
3.4856e-07
-1.16453e-06
2.89563e-07
-1.18593e-06
2.34091e-07
-1.20221e-06
1.81903e-07
-1.21287e-06
1.32768e-07
-1.21763e-06
8.64505e-08
-1.21631e-06
4.28144e-08
-1.20891e-06
1.77199e-09
-1.19547e-06
-3.69139e-08
-1.17619e-06
-7.32812e-08
-1.1513e-06
-1.07373e-07
-1.12109e-06
-1.39225e-07
-1.08589e-06
-1.68889e-07
-1.04601e-06
-1.96449e-07
-1.00179e-06
-2.22025e-07
-9.53516e-07
-2.45762e-07
-9.01422e-07
-2.67803e-07
-8.45712e-07
-2.88258e-07
-7.86561e-07
-3.07156e-07
-7.24152e-07
-3.24409e-07
-6.58718e-07
-3.39798e-07
-5.90582e-07
-3.52978e-07
-5.2019e-07
-3.63534e-07
-4.48118e-07
-3.71031e-07
-3.75052e-07
-3.75106e-07
-3.01761e-07
-3.75522e-07
-2.29039e-07
-3.72221e-07
-1.5765e-07
-3.65342e-07
-8.826e-08
-3.55204e-07
-2.15096e-08
-3.42162e-07
4.19761e-08
-3.26471e-07
1.01916e-07
-3.08746e-07
1.58165e-07
-2.89762e-07
2.1058e-07
-2.70039e-07
2.59133e-07
-2.50024e-07
3.0388e-07
-2.3009e-07
3.44937e-07
-2.10532e-07
3.82458e-07
-1.91574e-07
4.16623e-07
-1.73384e-07
4.47636e-07
-1.56088e-07
4.75724e-07
-1.39784e-07
5.01141e-07
-1.24556e-07
5.24174e-07
-1.10472e-07
5.45123e-07
-9.75787e-08
5.64297e-07
-8.58685e-08
5.81993e-07
-7.52359e-08
5.98486e-07
-6.54403e-08
6.14017e-07
-5.60827e-08
6.28777e-07
-4.65999e-08
6.4286e-07
-3.6307e-08
6.5611e-07
-2.45502e-08
6.67816e-07
-1.10367e-08
6.76588e-07
3.74497e-09
6.80642e-07
1.83994e-08
6.78093e-07
3.13882e-08
6.66817e-07
4.2588e-08
6.43936e-07
5.51638e-08
6.05611e-07
7.65142e-08
5.47829e-07
1.16607e-07
4.68559e-07
1.82903e-07
3.70629e-07
2.73455e-07
2.63381e-07
3.72548e-07
1.60625e-07
4.545e-07
7.39144e-08
4.96856e-07
5.84179e-09
4.9378e-07
-4.86236e-08
4.57924e-07
-9.43807e-08
4.07937e-07
-1.34373e-07
3.53918e-07
-1.69551e-07
3.00266e-07
-1.99741e-07
2.48537e-07
-2.24487e-07
1.99205e-07
-2.43489e-07
1.52433e-07
-2.56429e-07
1.07969e-07
-2.63544e-07
6.59665e-08
-2.6467e-07
2.61319e-08
-2.59719e-07
-1.19982e-08
-2.48781e-07
-4.87445e-08
-2.31861e-07
-8.41096e-08
-2.08947e-07
-1.18128e-07
-1.80115e-07
-1.50589e-07
-1.45521e-07
-1.81186e-07
-1.05462e-07
-2.09417e-07
-6.04064e-08
-2.34684e-07
-1.0957e-08
-2.56407e-07
4.19726e-08
-2.73862e-07
9.72905e-08
-2.86516e-07
1.54038e-07
-2.94197e-07
2.11282e-07
-2.97021e-07
2.68159e-07
-2.95347e-07
3.23913e-07
-2.89726e-07
3.77933e-07
-2.80819e-07
4.29763e-07
-2.69315e-07
4.7909e-07
-2.55877e-07
5.25728e-07
-2.41091e-07
5.69593e-07
-2.25447e-07
6.10679e-07
-2.09323e-07
6.49039e-07
-1.92992e-07
6.84771e-07
-1.76628e-07
7.18e-07
-1.60326e-07
7.48866e-07
-1.44122e-07
7.77509e-07
-1.28022e-07
8.04038e-07
-1.12015e-07
8.28535e-07
-9.60756e-08
8.51045e-07
-8.01596e-08
8.71582e-07
-6.42164e-08
8.90148e-07
-4.82e-08
9.06782e-07
-3.20657e-08
9.21555e-07
-1.57698e-08
9.34527e-07
7.15724e-10
9.45719e-07
1.74108e-08
9.55044e-07
3.43415e-08
9.62218e-07
5.1518e-08
9.66694e-07
6.88957e-08
9.67651e-07
8.63247e-08
9.64066e-07
1.03507e-07
9.54867e-07
1.19982e-07
9.39132e-07
1.35161e-07
9.16315e-07
1.48388e-07
8.86411e-07
1.59046e-07
8.50043e-07
1.66647e-07
8.0842e-07
1.70913e-07
7.63146e-07
1.71794e-07
7.15964e-07
1.6943e-07
6.68467e-07
1.64054e-07
6.21926e-07
1.55893e-07
5.77217e-07
1.45091e-07
5.34851e-07
1.31694e-07
4.9505e-07
1.15684e-07
4.57806e-07
9.70477e-08
4.22881e-07
7.58459e-08
3.90037e-07
5.22847e-08
3.5954e-07
2.69293e-08
3.32413e-07
1.51845e-09
3.1015e-07
-2.01826e-08
2.93719e-07
-3.18642e-08
2.81925e-07
-2.61353e-08
2.70489e-07
1.54593e-09
2.54341e-07
4.77383e-08
1.02238e-07
2.30503e-07
1.08387e-07
-2.19043e-07
2.15172e-07
-4.60723e-07
2.57466e-07
-4.97774e-07
2.5377e-07
-4.44006e-07
2.35212e-07
-3.72688e-07
2.21047e-07
-3.12151e-07
2.17984e-07
-2.67659e-07
2.26029e-07
-2.35726e-07
2.43282e-07
-2.1129e-07
2.67932e-07
-1.89813e-07
2.98633e-07
-1.67455e-07
3.34302e-07
-1.40967e-07
3.73932e-07
-1.07885e-07
4.17197e-07
-6.63954e-08
4.64127e-07
-1.46206e-08
5.13844e-07
4.83177e-08
5.64165e-07
1.2039e-07
6.10995e-07
1.96795e-07
6.47168e-07
2.6939e-07
6.64062e-07
3.25041e-07
6.5672e-07
3.47765e-07
6.27762e-07
3.25682e-07
5.85227e-07
2.58568e-07
5.37933e-07
1.58016e-07
4.94404e-07
3.26494e-08
4.57263e-07
-1.02331e-07
4.04663e-07
-1.66822e-07
3.07676e-07
-8.67231e-08
1.47934e-07
1.19475e-07
-6.65339e-08
3.71745e-07
-3.00605e-07
5.97751e-07
-5.12361e-07
7.63473e-07
-6.75506e-07
8.54918e-07
-7.85981e-07
8.77296e-07
-8.54862e-07
8.49156e-07
-8.98231e-07
7.91738e-07
-9.29782e-07
7.21444e-07
-9.57591e-07
6.47834e-07
-9.8477e-07
5.75087e-07
-1.01156e-06
5.04622e-07
-1.03715e-06
4.36875e-07
-1.06059e-06
3.72002e-07
-1.08106e-06
3.10032e-07
-1.09786e-06
2.50883e-07
-1.11036e-06
1.94403e-07
-1.11805e-06
1.40461e-07
-1.12054e-06
8.8939e-08
-1.11757e-06
3.98435e-08
-1.10899e-06
-6.80885e-09
-1.0948e-06
-5.1096e-08
-1.07515e-06
-9.29355e-08
-1.05026e-06
-1.32265e-07
-1.02044e-06
-1.69041e-07
-9.86062e-07
-2.03268e-07
-9.47497e-07
-2.35015e-07
-9.051e-07
-2.64422e-07
-8.5917e-07
-2.91691e-07
-8.09928e-07
-3.17045e-07
-7.57511e-07
-3.40676e-07
-7.01989e-07
-3.62677e-07
-6.43419e-07
-3.8298e-07
-5.81892e-07
-4.01324e-07
-5.17609e-07
-4.17262e-07
-4.50917e-07
-4.30226e-07
-3.82337e-07
-4.3961e-07
-3.12545e-07
-4.44899e-07
-2.42323e-07
-4.45743e-07
-1.7251e-07
-4.42034e-07
-1.03887e-07
-4.33964e-07
-3.72141e-08
-4.21877e-07
2.66683e-08
-4.06045e-07
8.72631e-08
-3.87066e-07
1.44376e-07
-3.65859e-07
1.97774e-07
-3.43159e-07
2.47348e-07
-3.19613e-07
2.93101e-07
-2.95777e-07
3.35115e-07
-2.72104e-07
3.7353e-07
-2.48948e-07
4.08527e-07
-2.26571e-07
4.40304e-07
-2.05162e-07
4.69069e-07
-1.84853e-07
4.95032e-07
-1.65747e-07
5.18409e-07
-1.47933e-07
5.3943e-07
-1.31492e-07
5.58341e-07
-1.1649e-07
5.75412e-07
-1.0294e-07
5.90929e-07
-9.07528e-08
6.05176e-07
-7.96871e-08
6.18402e-07
-6.93091e-08
6.30784e-07
-5.89815e-08
6.4238e-07
-4.79027e-08
6.53079e-07
-3.52493e-08
6.62491e-07
-2.04488e-08
6.69745e-07
-3.50955e-09
6.73271e-07
1.48738e-08
6.7068e-07
3.39794e-08
6.58732e-07
5.45357e-08
6.33526e-07
8.03696e-08
5.91286e-07
1.18755e-07
5.29962e-07
1.7793e-07
4.51231e-07
2.61635e-07
3.61739e-07
3.62947e-07
2.72046e-07
4.62241e-07
1.92468e-07
5.34078e-07
1.27933e-07
5.61391e-07
7.62758e-08
5.45437e-07
3.23349e-08
5.01865e-07
-6.72073e-09
4.46993e-07
-4.17975e-08
3.88994e-07
-7.27129e-08
3.31182e-07
-9.90626e-08
2.74886e-07
-1.20505e-07
2.20647e-07
-1.36908e-07
1.68836e-07
-1.4812e-07
1.19181e-07
-1.54388e-07
7.2235e-08
-1.55369e-07
2.71123e-08
-1.50995e-07
-1.63714e-08
-1.41253e-07
-5.84864e-08
-1.26123e-07
-9.92399e-08
-1.05482e-07
-1.3877e-07
-7.9245e-08
-1.76825e-07
-4.73963e-08
-2.13035e-07
-1.0067e-08
-2.46747e-07
3.22731e-08
-2.77024e-07
7.87681e-08
-3.02902e-07
1.28521e-07
-3.23615e-07
1.80618e-07
-3.38612e-07
2.34085e-07
-3.47664e-07
2.87967e-07
-3.50902e-07
3.41395e-07
-3.48775e-07
3.93639e-07
-3.41971e-07
4.4413e-07
-3.3131e-07
4.92462e-07
-3.17647e-07
5.38378e-07
-3.01793e-07
5.81746e-07
-2.84458e-07
6.22529e-07
-2.6623e-07
6.60764e-07
-2.47558e-07
6.96538e-07
-2.28765e-07
7.29966e-07
-2.10056e-07
7.61184e-07
-1.91544e-07
7.90332e-07
-1.73269e-07
8.17536e-07
-1.55226e-07
8.42899e-07
-1.37378e-07
8.66493e-07
-1.19669e-07
8.88361e-07
-1.02028e-07
9.08524e-07
-8.43792e-08
9.26978e-07
-6.66547e-08
9.43707e-07
-4.87941e-08
9.58683e-07
-3.07461e-08
9.71881e-07
-1.24825e-08
9.83305e-07
5.9873e-09
9.93007e-07
2.46393e-08
1.00107e-06
4.3458e-08
1.00752e-06
6.2443e-08
1.01224e-06
8.16003e-08
1.01485e-06
1.009e-07
1.01462e-06
1.20211e-07
1.01056e-06
1.39226e-07
1.00153e-06
1.57416e-07
9.8653e-07
1.74045e-07
9.64926e-07
1.88251e-07
9.36647e-07
1.99191e-07
9.02247e-07
2.06194e-07
8.6281e-07
2.08867e-07
8.19746e-07
2.07119e-07
7.74539e-07
2.011e-07
7.28528e-07
1.91102e-07
6.82763e-07
1.77459e-07
6.37946e-07
1.60502e-07
5.94417e-07
1.40576e-07
5.52144e-07
1.18119e-07
5.10716e-07
9.37124e-08
4.69561e-07
6.80847e-08
4.28764e-07
4.23145e-08
3.89977e-07
1.8605e-08
3.55995e-07
2.11732e-09
3.29143e-07
7.17255e-10
3.08896e-07
2.17924e-08
2.91808e-07
6.48265e-08
1.20668e-07
2.73378e-07
1.13296e-07
-3.32339e-07
1.72019e-07
-5.19446e-07
1.63794e-07
-4.89549e-07
1.32842e-07
-4.13054e-07
1.05465e-07
-3.45311e-07
8.95868e-08
-2.96273e-07
8.5319e-08
-2.63391e-07
9.10674e-08
-2.41475e-07
1.0558e-07
-2.25802e-07
1.27974e-07
-2.12207e-07
1.57442e-07
-1.96924e-07
1.9314e-07
-1.76665e-07
2.33995e-07
-1.4874e-07
2.78923e-07
-1.11323e-07
3.27254e-07
-6.2951e-08
3.78576e-07
-3.0052e-09
4.32078e-07
6.68883e-08
4.85821e-07
1.43053e-07
5.35389e-07
2.19821e-07
5.73117e-07
2.87314e-07
5.90922e-07
3.2996e-07
5.8511e-07
3.31494e-07
5.57474e-07
2.86204e-07
5.15109e-07
2.00381e-07
4.70462e-07
7.72965e-08
4.17444e-07
-4.93131e-08
3.25595e-07
-7.49737e-08
1.66118e-07
7.27548e-08
-5.18459e-08
3.37438e-07
-2.80015e-07
5.99914e-07
-4.80124e-07
7.97859e-07
-6.30691e-07
9.1404e-07
-7.29331e-07
9.53558e-07
-7.87774e-07
9.35739e-07
-8.22327e-07
8.83709e-07
-8.46325e-07
8.15737e-07
-8.67326e-07
7.42444e-07
-8.88082e-07
6.6859e-07
-9.08928e-07
5.95933e-07
-9.29477e-07
5.25172e-07
-9.49251e-07
4.56649e-07
-9.67713e-07
3.90465e-07
-9.84206e-07
3.26524e-07
-9.97959e-07
2.64635e-07
-1.00818e-06
2.0462e-07
-1.01413e-06
1.46418e-07
-1.01526e-06
9.00648e-08
-1.01117e-06
3.57502e-08
-1.00161e-06
-1.63669e-08
-9.86542e-07
-6.61612e-08
-9.66108e-07
-1.1337e-07
-9.40591e-07
-1.57782e-07
-9.1039e-07
-1.99242e-07
-8.75976e-07
-2.37682e-07
-8.37846e-07
-2.73145e-07
-7.9647e-07
-3.05799e-07
-7.5223e-07
-3.3593e-07
-7.05383e-07
-3.63893e-07
-6.56033e-07
-3.90026e-07
-6.04157e-07
-4.14553e-07
-5.49658e-07
-4.3748e-07
-4.9245e-07
-4.58532e-07
-4.32558e-07
-4.77154e-07
-3.70189e-07
-4.92595e-07
-3.0577e-07
-5.04029e-07
-2.3993e-07
-5.10739e-07
-1.73457e-07
-5.12217e-07
-1.07189e-07
-5.08303e-07
-4.19813e-08
-4.99171e-07
2.11402e-08
-4.84998e-07
8.14705e-08
-4.66375e-07
1.38676e-07
-4.44272e-07
1.92425e-07
-4.19607e-07
2.42504e-07
-3.93239e-07
2.8883e-07
-3.6594e-07
3.31421e-07
-3.38368e-07
3.70375e-07
-3.11058e-07
4.05848e-07
-2.8442e-07
4.38032e-07
-2.58755e-07
4.67142e-07
-2.34271e-07
4.93391e-07
-2.11103e-07
5.16987e-07
-1.89343e-07
5.3812e-07
-1.69066e-07
5.56974e-07
-1.50346e-07
5.73739e-07
-1.33255e-07
5.88629e-07
-1.17829e-07
6.01895e-07
-1.04018e-07
6.13819e-07
-9.16114e-08
6.24685e-07
-8.01755e-08
6.34726e-07
-6.90227e-08
6.44062e-07
-5.72388e-08
6.52631e-07
-4.38174e-08
6.60085e-07
-2.79028e-08
6.65619e-07
-9.04428e-09
6.67695e-07
1.27978e-08
6.63806e-07
3.78691e-08
6.50527e-07
6.7814e-08
6.24147e-07
1.06749e-07
5.81949e-07
1.60953e-07
5.23873e-07
2.36005e-07
4.53773e-07
3.31735e-07
3.79168e-07
4.37552e-07
3.08805e-07
5.32604e-07
2.48723e-07
5.9416e-07
1.99643e-07
6.10471e-07
1.58246e-07
5.86834e-07
1.21185e-07
5.38925e-07
8.73784e-08
4.808e-07
5.68721e-08
4.19501e-07
3.00279e-08
3.58026e-07
7.26637e-09
2.97648e-07
-1.13443e-08
2.39258e-07
-2.56248e-08
1.83116e-07
-3.57142e-08
1.2927e-07
-4.11834e-08
7.77042e-08
-4.19886e-08
2.79175e-08
-3.80257e-08
-2.03343e-08
-2.93713e-08
-6.71408e-08
-1.57138e-08
-1.12897e-07
3.13296e-09
-1.57616e-07
2.73711e-08
-2.01063e-07
5.68723e-08
-2.42536e-07
9.13444e-08
-2.81219e-07
1.30374e-07
-3.16054e-07
1.73371e-07
-3.45898e-07
2.19521e-07
-3.69766e-07
2.67882e-07
-3.86973e-07
3.17463e-07
-3.97246e-07
3.67315e-07
-4.00754e-07
4.16599e-07
-3.98059e-07
4.64631e-07
-3.90003e-07
5.10906e-07
-3.77584e-07
5.55085e-07
-3.61826e-07
5.96981e-07
-3.43688e-07
6.3652e-07
-3.23998e-07
6.73721e-07
-3.03431e-07
7.0866e-07
-2.82497e-07
7.41451e-07
-2.61556e-07
7.72229e-07
-2.40834e-07
8.01133e-07
-2.20448e-07
8.28296e-07
-2.00433e-07
8.53833e-07
-1.80763e-07
8.7783e-07
-1.61375e-07
9.00345e-07
-1.42184e-07
9.21406e-07
-1.23089e-07
9.41018e-07
-1.03991e-07
9.59161e-07
-8.47983e-08
9.75807e-07
-6.54393e-08
9.90918e-07
-4.58574e-08
1.00445e-06
-2.6012e-08
1.01633e-06
-5.89285e-09
1.0265e-06
1.4467e-08
1.03495e-06
3.50075e-08
1.04174e-06
5.56539e-08
1.04699e-06
7.63449e-08
1.05085e-06
9.70497e-08
1.0533e-06
1.17759e-07
1.0541e-06
1.38429e-07
1.05263e-06
1.58886e-07
1.04795e-06
1.78723e-07
1.03895e-06
1.97244e-07
1.02463e-06
2.13516e-07
1.00431e-06
2.26513e-07
9.7786e-07
2.35317e-07
9.45695e-07
2.39284e-07
9.08672e-07
2.38123e-07
8.67888e-07
2.31885e-07
8.24468e-07
2.20879e-07
7.7938e-07
2.05589e-07
7.33328e-07
1.86629e-07
6.8669e-07
1.64756e-07
6.39523e-07
1.4088e-07
5.91603e-07
1.16004e-07
5.42691e-07
9.12274e-08
4.93142e-07
6.8154e-08
4.45242e-07
5.00165e-08
4.03249e-07
4.27102e-08
3.71206e-07
5.38361e-08
3.49351e-07
8.66809e-08
1.36525e-07
3.33494e-07
8.91175e-08
-4.21457e-07
9.37797e-08
-5.24108e-07
5.5847e-08
-4.51616e-07
1.67184e-08
-3.73925e-07
-1.35242e-08
-3.15069e-07
-3.38233e-08
-2.75973e-07
-4.42783e-08
-2.52936e-07
-4.48687e-08
-2.40884e-07
-3.5714e-08
-2.34957e-07
-1.70733e-08
-2.30848e-07
1.05303e-08
-2.24527e-07
4.61999e-08
-2.12334e-07
8.87189e-08
-1.91259e-07
1.3659e-07
-1.59194e-07
1.88175e-07
-1.14537e-07
2.42288e-07
-5.71175e-08
2.9795e-07
1.12258e-08
3.54064e-07
8.6939e-08
4.08344e-07
1.65541e-07
4.55302e-07
2.40355e-07
4.87214e-07
2.98048e-07
4.97432e-07
3.21276e-07
4.83308e-07
3.00328e-07
4.51198e-07
2.32491e-07
4.10639e-07
1.17855e-07
3.41945e-07
1.9381e-08
2.05513e-07
6.14584e-08
-3.24004e-09
2.81508e-07
-2.29026e-07
5.63224e-07
-4.2454e-07
7.95428e-07
-5.69904e-07
9.43224e-07
-6.63456e-07
1.00759e-06
-7.16546e-07
1.00665e-06
-7.45238e-07
9.6443e-07
-7.62862e-07
9.01334e-07
-7.77056e-07
8.29931e-07
-7.90849e-07
7.56237e-07
-8.05049e-07
6.8279e-07
-8.19875e-07
6.10759e-07
-8.35403e-07
5.407e-07
-8.51442e-07
4.72687e-07
-8.67404e-07
4.06426e-07
-8.82352e-07
3.41473e-07
-8.95173e-07
2.77456e-07
-9.04762e-07
2.14209e-07
-9.10155e-07
1.51811e-07
-9.10645e-07
9.05545e-08
-9.05771e-07
3.08764e-08
-8.95217e-07
-2.69208e-08
-8.78962e-07
-8.2416e-08
-8.57191e-07
-1.35141e-07
-8.30263e-07
-1.8471e-07
-7.98682e-07
-2.30823e-07
-7.63065e-07
-2.733e-07
-7.24084e-07
-3.12125e-07
-6.82401e-07
-3.47482e-07
-6.38577e-07
-3.79754e-07
-5.92992e-07
-4.09478e-07
-5.45797e-07
-4.37221e-07
-4.96915e-07
-4.63435e-07
-4.46107e-07
-4.88288e-07
-3.93087e-07
-5.11552e-07
-3.37664e-07
-5.32577e-07
-2.79855e-07
-5.50404e-07
-2.19957e-07
-5.63926e-07
-1.58503e-07
-5.72193e-07
-9.62526e-08
-5.74468e-07
-3.40885e-08
-5.70467e-07
2.68623e-08
-5.60122e-07
8.57398e-08
-5.43876e-07
1.42033e-07
-5.22668e-07
1.95272e-07
-4.97511e-07
2.45126e-07
-4.69461e-07
2.91414e-07
-4.39526e-07
3.34075e-07
-4.08601e-07
3.73147e-07
-3.7744e-07
4.08737e-07
-3.46648e-07
4.41008e-07
-3.1669e-07
4.70153e-07
-2.87901e-07
4.96389e-07
-2.60507e-07
5.19932e-07
-2.34646e-07
5.40987e-07
-2.10398e-07
5.59732e-07
-1.87811e-07
5.7632e-07
-1.66935e-07
5.90892e-07
-1.47827e-07
6.036e-07
-1.30537e-07
6.14637e-07
-1.15056e-07
6.24257e-07
-1.01231e-07
6.32761e-07
-8.86798e-08
6.40453e-07
-7.67144e-08
6.47555e-07
-6.43411e-08
6.54098e-07
-5.03598e-08
6.59769e-07
-3.35737e-08
6.63723e-07
-1.29989e-08
6.64374e-07
1.21475e-08
6.59293e-07
4.29499e-08
6.4544e-07
8.16666e-08
6.19949e-07
1.32241e-07
5.81403e-07
1.995e-07
5.31105e-07
2.86303e-07
4.73542e-07
3.89298e-07
4.1531e-07
4.95784e-07
3.62466e-07
5.85448e-07
3.17726e-07
6.389e-07
2.79878e-07
6.4832e-07
2.46072e-07
6.20639e-07
2.14652e-07
5.70345e-07
1.85668e-07
5.09784e-07
1.59512e-07
4.45657e-07
1.36463e-07
3.81075e-07
1.16678e-07
3.17432e-07
1.00454e-07
2.55482e-07
8.80014e-08
1.95569e-07
7.94364e-08
1.37835e-07
7.5026e-08
8.21146e-08
7.4733e-08
2.82105e-08
7.85174e-08
-2.41188e-08
8.65277e-08
-7.5151e-08
9.89519e-08
-1.25322e-07
1.16027e-07
-1.74691e-07
1.37887e-07
-2.22924e-07
1.64616e-07
-2.69265e-07
1.96049e-07
-3.12651e-07
2.31777e-07
-3.51783e-07
2.71185e-07
-3.85306e-07
3.13459e-07
-4.12039e-07
3.57663e-07
-4.31177e-07
4.02831e-07
-4.42414e-07
4.48055e-07
-4.45979e-07
4.92559e-07
-4.42563e-07
5.35742e-07
-4.33186e-07
5.77184e-07
-4.19027e-07
6.16638e-07
-4.0128e-07
6.53995e-07
-3.81045e-07
6.89252e-07
-3.59256e-07
7.2248e-07
-3.36659e-07
7.53795e-07
-3.13812e-07
7.83334e-07
-2.91095e-07
8.11242e-07
-2.68743e-07
8.3766e-07
-2.46866e-07
8.62708e-07
-2.25481e-07
8.86483e-07
-2.04538e-07
9.09051e-07
-1.83943e-07
9.30443e-07
-1.63576e-07
9.50663e-07
-1.4331e-07
9.6969e-07
-1.23017e-07
9.87479e-07
-1.02588e-07
1.00397e-06
-8.19338e-08
1.01911e-06
-6.09959e-08
1.03284e-06
-3.97378e-08
1.04509e-06
-1.81454e-08
1.0558e-06
3.75898e-09
1.06489e-06
2.59176e-08
1.07231e-06
4.82363e-08
1.07806e-06
7.0593e-08
1.08225e-06
9.286e-08
1.08507e-06
1.14933e-07
1.08675e-06
1.36747e-07
1.08739e-06
1.58255e-07
1.08677e-06
1.79338e-07
1.08432e-06
1.99695e-07
1.07909e-06
2.18744e-07
1.06998e-06
2.35627e-07
1.05597e-06
2.49326e-07
1.03639e-06
2.5886e-07
1.01104e-06
2.63475e-07
9.80157e-07
2.6277e-07
9.44309e-07
2.56727e-07
9.04224e-07
2.45674e-07
8.60627e-07
2.30226e-07
8.14135e-07
2.11249e-07
7.65186e-07
1.89829e-07
7.13974e-07
1.67216e-07
6.60492e-07
1.44709e-07
6.04994e-07
1.23651e-07
5.49084e-07
1.05926e-07
4.96719e-07
9.50761e-08
4.5357e-07
9.69845e-08
4.23574e-07
1.16677e-07
1.54517e-07
4.05582e-07
4.37727e-08
-4.65229e-07
5.60593e-09
-4.85942e-07
-4.53286e-08
-4.00681e-07
-9.16591e-08
-3.27595e-07
-1.3103e-07
-2.75698e-07
-1.61233e-07
-2.4577e-07
-1.80903e-07
-2.33266e-07
-1.89186e-07
-2.32601e-07
-1.85638e-07
-2.38505e-07
-1.70373e-07
-2.46113e-07
-1.44042e-07
-2.50857e-07
-1.0769e-07
-2.48686e-07
-6.28604e-08
-2.36089e-07
-1.13119e-08
-2.10742e-07
4.49039e-08
-1.70752e-07
1.03982e-07
-1.16195e-07
1.64253e-07
-4.90452e-08
2.23337e-07
2.78549e-08
2.80193e-07
1.08685e-07
3.31189e-07
1.89358e-07
3.70361e-07
2.58876e-07
3.90509e-07
3.01128e-07
3.87796e-07
3.03041e-07
3.68797e-07
2.5149e-07
3.31644e-07
1.55008e-07
2.40032e-07
1.10993e-07
6.51744e-08
2.36316e-07
-1.52533e-07
4.99216e-07
-3.48212e-07
7.58903e-07
-4.94915e-07
9.4213e-07
-5.89503e-07
1.03781e-06
-6.41979e-07
1.06007e-06
-6.67753e-07
1.03242e-06
-6.80435e-07
9.77112e-07
-6.88343e-07
9.09242e-07
-6.95218e-07
8.36805e-07
-7.0257e-07
7.6359e-07
-7.11318e-07
6.91537e-07
-7.2216e-07
6.21601e-07
-7.35334e-07
5.53874e-07
-7.50401e-07
4.87754e-07
-7.66296e-07
4.22321e-07
-7.81578e-07
3.56754e-07
-7.94731e-07
2.90609e-07
-8.04402e-07
2.23881e-07
-8.09521e-07
1.56929e-07
-8.09392e-07
9.04253e-08
-8.03598e-07
2.50824e-08
-7.91855e-07
-3.86641e-08
-7.74215e-07
-1.00056e-07
-7.50887e-07
-1.58469e-07
-7.22247e-07
-2.1335e-07
-6.88835e-07
-2.64234e-07
-6.51355e-07
-3.10781e-07
-6.10633e-07
-3.52847e-07
-5.6755e-07
-3.90565e-07
-5.22913e-07
-4.24391e-07
-4.77324e-07
-4.55066e-07
-4.31086e-07
-4.83459e-07
-3.84159e-07
-5.10362e-07
-3.3622e-07
-5.36226e-07
-2.86803e-07
-5.60969e-07
-2.35493e-07
-5.83887e-07
-1.82088e-07
-6.03809e-07
-1.26725e-07
-6.19289e-07
-6.97994e-08
-6.29118e-07
-1.21428e-08
-6.32124e-07
4.52235e-08
-6.27833e-07
1.0138e-07
-6.16279e-07
1.55647e-07
-5.98143e-07
2.07389e-07
-5.7441e-07
2.56146e-07
-5.46268e-07
3.01626e-07
-5.1494e-07
3.43681e-07
-4.81581e-07
3.82284e-07
-4.47204e-07
4.17495e-07
-4.12651e-07
4.49436e-07
-3.78589e-07
4.78268e-07
-3.45523e-07
5.04183e-07
-3.13816e-07
5.27386e-07
-2.83709e-07
5.48084e-07
-2.55344e-07
5.66476e-07
-2.2879e-07
5.82733e-07
-2.04068e-07
5.9699e-07
-1.81192e-07
6.0935e-07
-1.60187e-07
6.1991e-07
-1.41096e-07
6.28795e-07
-1.23941e-07
6.36203e-07
-1.08639e-07
6.42414e-07
-9.48908e-08
6.47769e-07
-8.20697e-08
6.52587e-07
-6.91591e-08
6.57019e-07
-5.47918e-08
6.60853e-07
-3.74076e-08
6.633e-07
-1.54455e-08
6.62846e-07
1.26011e-08
6.57325e-07
4.84708e-08
6.443e-07
9.46919e-08
6.21853e-07
1.54688e-07
5.89607e-07
2.31746e-07
5.4949e-07
3.26421e-07
5.05629e-07
4.33158e-07
4.63001e-07
5.38412e-07
4.25201e-07
6.23248e-07
3.92828e-07
6.71274e-07
3.64026e-07
6.77121e-07
3.36748e-07
6.47918e-07
3.10403e-07
5.96691e-07
2.85582e-07
5.34604e-07
2.62991e-07
4.68248e-07
2.43119e-07
4.00947e-07
2.26257e-07
3.34294e-07
2.12591e-07
2.69148e-07
2.02186e-07
2.05975e-07
1.95128e-07
1.44893e-07
1.91466e-07
8.57765e-08
1.91303e-07
2.8374e-08
1.94755e-07
-2.75708e-08
2.02052e-07
-8.24483e-08
2.1343e-07
-1.367e-07
2.29087e-07
-1.90348e-07
2.49142e-07
-2.42979e-07
2.7361e-07
-2.93734e-07
3.02315e-07
-3.41356e-07
3.34857e-07
-3.84325e-07
3.70615e-07
-4.21064e-07
4.08789e-07
-4.50213e-07
4.48474e-07
-4.70862e-07
4.88758e-07
-4.82698e-07
5.28816e-07
-4.86036e-07
5.67974e-07
-4.81721e-07
6.05744e-07
-4.70957e-07
6.41828e-07
-4.5511e-07
6.76086e-07
-4.35538e-07
7.08503e-07
-4.13461e-07
7.39148e-07
-3.89901e-07
7.68146e-07
-3.65657e-07
7.95644e-07
-3.4131e-07
8.21802e-07
-3.17253e-07
8.46769e-07
-2.9371e-07
8.70677e-07
-2.70774e-07
8.93631e-07
-2.48434e-07
9.15701e-07
-2.26608e-07
9.36921e-07
-2.05163e-07
9.57289e-07
-1.83944e-07
9.76769e-07
-1.6279e-07
9.95302e-07
-1.4155e-07
1.01281e-06
-1.20093e-07
1.02919e-06
-9.83198e-08
1.04437e-06
-7.61684e-08
1.05824e-06
-5.361e-08
1.07074e-06
-3.06448e-08
1.0818e-06
-7.30374e-09
1.09137e-06
1.63481e-08
1.09939e-06
4.02169e-08
1.10581e-06
6.41726e-08
1.11061e-06
8.8056e-08
1.11386e-06
1.11685e-07
1.11573e-06
1.34879e-07
1.11649e-06
1.57492e-07
1.11642e-06
1.79415e-07
1.11559e-06
2.00523e-07
1.11375e-06
2.2058e-07
1.11024e-06
2.3914e-07
1.10406e-06
2.55508e-07
1.0941e-06
2.68818e-07
1.07938e-06
2.7819e-07
1.05924e-06
2.82911e-07
1.03339e-06
2.82583e-07
1.00187e-06
2.77188e-07
9.65008e-07
2.67092e-07
9.23247e-07
2.5301e-07
8.77113e-07
2.35963e-07
8.27104e-07
2.17225e-07
7.73627e-07
1.98187e-07
7.17137e-07
1.80142e-07
6.58779e-07
1.64284e-07
6.0147e-07
1.52385e-07
5.50437e-07
1.48017e-07
5.11415e-07
1.55699e-07
1.78858e-07
4.87075e-07
-1.26774e-08
-4.52552e-07
-7.4751e-08
-4.23868e-07
-1.38973e-07
-3.3646e-07
-1.99783e-07
-2.66784e-07
-2.52579e-07
-2.22902e-07
-2.94704e-07
-2.03645e-07
-3.24357e-07
-2.03613e-07
-3.40189e-07
-2.16769e-07
-3.41557e-07
-2.37137e-07
-3.28669e-07
-2.59001e-07
-3.02441e-07
-2.77086e-07
-2.64385e-07
-2.86742e-07
-2.16339e-07
-2.84135e-07
-1.60516e-07
-2.66565e-07
-9.88384e-08
-2.3243e-07
-3.35502e-08
-1.81484e-07
3.27026e-08
-1.15298e-07
9.73819e-08
-3.68245e-08
1.57845e-07
4.82222e-08
2.12019e-07
1.35184e-07
2.5559e-07
2.15306e-07
2.82362e-07
2.74356e-07
2.90794e-07
2.94608e-07
2.84842e-07
2.57443e-07
2.43955e-07
1.95895e-07
1.26655e-07
2.28293e-07
-6.26323e-08
4.25603e-07
-2.55909e-07
6.92492e-07
-4.07314e-07
9.10308e-07
-5.07506e-07
1.04232e-06
-5.63609e-07
1.09392e-06
-5.89638e-07
1.0861e-06
-5.99359e-07
1.04214e-06
-6.02102e-07
9.79855e-07
-6.02647e-07
9.09787e-07
-6.03322e-07
8.3748e-07
-6.05745e-07
7.66014e-07
-6.11285e-07
6.97077e-07
-6.20725e-07
6.3104e-07
-6.33917e-07
5.67066e-07
-6.49771e-07
5.03608e-07
-6.66559e-07
4.39109e-07
-6.82349e-07
3.72545e-07
-6.9539e-07
3.0365e-07
-7.04337e-07
2.32828e-07
-7.08289e-07
1.60881e-07
-7.06776e-07
8.89128e-08
-6.99552e-07
1.78581e-08
-6.86484e-07
-5.17322e-08
-6.67649e-07
-1.18891e-07
-6.43208e-07
-1.82909e-07
-6.13444e-07
-2.43114e-07
-5.78794e-07
-2.98884e-07
-5.39905e-07
-3.4967e-07
-4.97644e-07
-3.95109e-07
-4.53044e-07
-4.35164e-07
-4.07162e-07
-4.70274e-07
-3.60877e-07
-5.01351e-07
-3.14735e-07
-5.29602e-07
-2.68839e-07
-5.56258e-07
-2.22886e-07
-5.82179e-07
-1.763e-07
-6.07555e-07
-1.28502e-07
-6.31684e-07
-7.90718e-08
-6.5324e-07
-2.79997e-08
-6.70361e-07
2.4261e-08
-6.81379e-07
7.69823e-08
-6.84845e-07
1.29328e-07
-6.80179e-07
1.80503e-07
-6.67454e-07
2.2976e-07
-6.47399e-07
2.76516e-07
-6.21166e-07
3.20362e-07
-5.90115e-07
3.6106e-07
-5.55638e-07
3.98509e-07
-5.1903e-07
4.32719e-07
-4.81414e-07
4.63778e-07
-4.43709e-07
4.91821e-07
-4.06632e-07
5.17016e-07
-3.70717e-07
5.39542e-07
-3.36342e-07
5.59589e-07
-3.03756e-07
5.77348e-07
-2.73103e-07
5.93e-07
-2.44442e-07
6.06706e-07
-2.17775e-07
6.18591e-07
-1.93077e-07
6.28737e-07
-1.70332e-07
6.37194e-07
-1.49554e-07
6.44027e-07
-1.30773e-07
6.49354e-07
-1.13966e-07
6.53401e-07
-9.89378e-08
6.56499e-07
-8.51682e-08
6.59028e-07
-7.16872e-08
6.61264e-07
-5.70282e-08
6.63169e-07
-3.93123e-08
6.64153e-07
-1.643e-08
6.62964e-07
1.37902e-08
6.57837e-07
5.35982e-08
6.46957e-07
1.05571e-07
6.29177e-07
1.72468e-07
6.04742e-07
2.5618e-07
5.75646e-07
3.55517e-07
5.45202e-07
4.63602e-07
5.16739e-07
5.66875e-07
4.91957e-07
6.4803e-07
4.70193e-07
6.93038e-07
4.49452e-07
6.97862e-07
4.28303e-07
6.69067e-07
4.06794e-07
6.182e-07
3.85874e-07
5.55524e-07
3.66504e-07
4.87618e-07
3.49344e-07
4.18107e-07
3.34743e-07
3.48895e-07
3.22871e-07
2.8102e-07
3.13842e-07
2.15004e-07
3.07772e-07
1.50963e-07
3.04796e-07
8.8752e-08
3.0505e-07
2.81203e-08
3.08648e-07
-3.11686e-08
3.15773e-07
-8.95735e-08
3.26615e-07
-1.47542e-07
3.41318e-07
-2.05051e-07
3.59957e-07
-2.61618e-07
3.82486e-07
-3.16263e-07
4.08683e-07
-3.67553e-07
4.38115e-07
-4.13756e-07
4.70149e-07
-4.53098e-07
5.04001e-07
-4.84065e-07
5.38819e-07
-5.0568e-07
5.73782e-07
-5.17661e-07
6.08184e-07
-5.20439e-07
6.41497e-07
-5.15034e-07
6.73386e-07
-5.02846e-07
7.03698e-07
-4.85422e-07
7.32418e-07
-4.64258e-07
7.59632e-07
-4.40675e-07
7.85484e-07
-4.15753e-07
8.10145e-07
-3.90318e-07
8.33795e-07
-3.6496e-07
8.56603e-07
-3.40061e-07
8.78718e-07
-3.15824e-07
9.00257e-07
-2.92313e-07
9.21301e-07
-2.69478e-07
9.41884e-07
-2.47191e-07
9.61997e-07
-2.25276e-07
9.81589e-07
-2.03537e-07
1.00057e-06
-1.81775e-07
1.01884e-06
-1.59814e-07
1.03625e-06
-1.37507e-07
1.05268e-06
-1.14748e-07
1.06799e-06
-9.14759e-08
1.08205e-06
-6.76748e-08
1.09478e-06
-4.33663e-08
1.10608e-06
-1.86044e-08
1.1159e-06
6.52077e-09
1.12423e-06
3.18929e-08
1.13103e-06
5.73678e-08
1.13631e-06
8.27829e-08
1.14004e-06
1.07948e-07
1.14228e-06
1.32639e-07
1.14315e-06
1.56621e-07
1.1429e-06
1.79671e-07
1.14181e-06
2.01611e-07
1.14011e-06
2.22283e-07
1.13775e-06
2.41494e-07
1.13434e-06
2.58922e-07
1.12908e-06
2.74073e-07
1.12096e-06
2.86311e-07
1.10891e-06
2.94965e-07
1.092e-06
2.99486e-07
1.06961e-06
2.99581e-07
1.04141e-06
2.95295e-07
1.00738e-06
2.87035e-07
9.67796e-07
2.75551e-07
9.23116e-07
2.61905e-07
8.73937e-07
2.47366e-07
8.2092e-07
2.3316e-07
7.65002e-07
2.20202e-07
7.08123e-07
2.09264e-07
6.54138e-07
2.02002e-07
6.08516e-07
2.01321e-07
2.11002e-07
5.76371e-07
-5.93429e-08
-3.93209e-07
-1.4539e-07
-3.3782e-07
-2.3074e-07
-2.5111e-07
-3.09445e-07
-1.8808e-07
-3.77591e-07
-1.54756e-07
-4.32517e-07
-1.4872e-07
-4.71963e-07
-1.64166e-07
-4.94424e-07
-1.94309e-07
-4.99394e-07
-2.32167e-07
-4.87379e-07
-2.71016e-07
-4.59709e-07
-3.04756e-07
-4.18312e-07
-3.28139e-07
-3.65495e-07
-3.36952e-07
-3.03864e-07
-3.28196e-07
-2.36055e-07
-3.00239e-07
-1.64498e-07
-2.5304e-07
-9.16208e-08
-1.88175e-07
-2.01567e-08
-1.08289e-07
4.577e-08
-1.77045e-08
1.03993e-07
7.69612e-08
1.51529e-07
1.6777e-07
1.84887e-07
2.40998e-07
2.05787e-07
2.73708e-07
2.08083e-07
2.55146e-07
1.55106e-07
2.48872e-07
1.97064e-08
3.63693e-07
-1.57226e-07
6.02535e-07
-3.11064e-07
8.46331e-07
-4.18556e-07
1.0178e-06
-4.8121e-07
1.10498e-06
-5.10431e-07
1.12314e-06
-5.19504e-07
1.09517e-06
-5.18683e-07
1.04132e-06
-5.13938e-07
9.7511e-07
-5.08465e-07
9.04314e-07
-5.04513e-07
8.33527e-07
-5.04067e-07
7.65569e-07
-5.08547e-07
7.01557e-07
-5.18291e-07
6.40784e-07
-5.32388e-07
5.81163e-07
-5.48953e-07
5.20174e-07
-5.65676e-07
4.55832e-07
-5.8039e-07
3.87259e-07
-5.91454e-07
3.14714e-07
-5.97878e-07
2.39252e-07
-5.99206e-07
1.6221e-07
-5.95332e-07
8.50389e-08
-5.86259e-07
8.78486e-09
-5.71963e-07
-6.60281e-08
-5.52481e-07
-1.38374e-07
-5.27843e-07
-2.07547e-07
-4.98153e-07
-2.72804e-07
-4.63623e-07
-3.33414e-07
-4.24709e-07
-3.88584e-07
-3.82154e-07
-4.37663e-07
-3.37018e-07
-4.80301e-07
-2.90524e-07
-5.16768e-07
-2.43804e-07
-5.48071e-07
-1.97674e-07
-5.75732e-07
-1.52449e-07
-6.01483e-07
-1.07949e-07
-6.2668e-07
-6.35974e-08
-6.51907e-07
-1.87084e-08
-6.76573e-07
2.71672e-08
-6.99116e-07
7.41397e-08
-7.17334e-07
1.21854e-07
-7.29093e-07
1.69745e-07
-7.32737e-07
2.17043e-07
-7.27477e-07
2.62992e-07
-7.13403e-07
3.06932e-07
-6.91339e-07
3.48363e-07
-6.62596e-07
3.86957e-07
-6.28709e-07
4.22549e-07
-5.91229e-07
4.55097e-07
-5.51579e-07
4.84657e-07
-5.10974e-07
5.11344e-07
-4.70396e-07
5.3531e-07
-4.30598e-07
5.56721e-07
-3.92129e-07
5.75748e-07
-3.5537e-07
5.92562e-07
-3.20569e-07
6.07326e-07
-2.87867e-07
6.20201e-07
-2.57317e-07
6.31332e-07
-2.28905e-07
6.40832e-07
-2.02577e-07
6.48772e-07
-1.78272e-07
6.55177e-07
-1.55959e-07
6.60056e-07
-1.35652e-07
6.63452e-07
-1.17363e-07
6.65508e-07
-1.00994e-07
6.66501e-07
-8.61617e-08
6.66825e-07
-7.2011e-08
6.66869e-07
-5.70721e-08
6.66811e-07
-3.92545e-08
6.66381e-07
-1.59998e-08
6.64736e-07
1.54353e-08
6.60605e-07
5.77295e-08
6.52735e-07
1.13441e-07
6.40506e-07
1.84698e-07
6.24429e-07
2.72257e-07
6.06241e-07
3.73705e-07
5.88335e-07
4.81508e-07
5.72631e-07
5.82579e-07
5.59444e-07
6.61217e-07
5.47325e-07
7.05157e-07
5.34255e-07
7.10932e-07
5.19177e-07
6.84144e-07
5.02492e-07
6.34885e-07
4.85381e-07
5.72635e-07
4.69003e-07
5.03996e-07
4.54178e-07
4.32932e-07
4.41389e-07
3.61684e-07
4.30918e-07
2.9149e-07
4.22983e-07
2.2294e-07
4.17777e-07
1.56169e-07
4.15479e-07
9.10493e-08
4.1623e-07
2.73697e-08
4.20126e-07
-3.50646e-08
4.27297e-07
-9.67448e-08
4.37862e-07
-1.58106e-07
4.51886e-07
-2.19075e-07
4.69358e-07
-2.79089e-07
4.90138e-07
-3.37043e-07
5.13923e-07
-3.91338e-07
5.40221e-07
-4.40054e-07
5.68378e-07
-4.81255e-07
5.97635e-07
-5.13322e-07
6.27218e-07
-5.35263e-07
6.56431e-07
-5.46874e-07
6.84735e-07
-5.48742e-07
7.11787e-07
-5.42085e-07
7.37437e-07
-5.28496e-07
7.61697e-07
-5.09682e-07
7.84691e-07
-4.87252e-07
8.06606e-07
-4.6259e-07
8.27653e-07
-4.368e-07
8.48047e-07
-4.10712e-07
8.67989e-07
-3.84902e-07
8.87655e-07
-3.59726e-07
9.07184e-07
-3.35354e-07
9.26672e-07
-3.11801e-07
9.46162e-07
-2.88968e-07
9.65641e-07
-2.6667e-07
9.85042e-07
-2.44677e-07
1.00425e-06
-2.22744e-07
1.02311e-06
-2.00636e-07
1.04145e-06
-1.78151e-07
1.05907e-06
-1.55128e-07
1.07578e-06
-1.31462e-07
1.09141e-06
-1.07101e-07
1.10578e-06
-8.20488e-08
1.11877e-06
-5.6357e-08
1.13028e-06
-3.01138e-08
1.14024e-06
-3.44327e-09
1.14864e-06
2.35003e-08
1.15547e-06
5.0538e-08
1.16077e-06
7.74786e-08
1.16459e-06
1.04127e-07
1.16696e-06
1.30267e-07
1.16793e-06
1.55654e-07
1.16758e-06
1.80019e-07
1.16609e-06
2.03098e-07
1.16371e-06
2.24665e-07
1.16067e-06
2.44539e-07
1.15703e-06
2.62559e-07
1.15258e-06
2.78522e-07
1.14676e-06
2.92131e-07
1.13872e-06
3.03002e-07
1.12749e-06
3.10724e-07
1.11209e-06
3.14977e-07
1.09176e-06
3.15629e-07
1.06598e-06
3.12813e-07
1.03458e-06
3.06951e-07
9.97717e-07
2.98764e-07
9.55865e-07
2.89218e-07
9.09677e-07
2.79347e-07
8.59956e-07
2.69923e-07
8.07944e-07
2.61277e-07
7.56085e-07
2.53861e-07
7.08447e-07
2.48958e-07
2.48992e-07
6.70457e-07
-9.93465e-08
-2.93863e-07
-2.12073e-07
-2.25094e-07
-3.20528e-07
-1.42654e-07
-4.1911e-07
-8.9498e-08
-5.04154e-07
-6.97121e-08
-5.72374e-07
-8.04993e-08
-6.21265e-07
-1.15275e-07
-6.49432e-07
-1.66141e-07
-6.56649e-07
-2.2495e-07
-6.43833e-07
-2.83832e-07
-6.12804e-07
-3.35786e-07
-5.66024e-07
-3.74919e-07
-5.06387e-07
-3.96588e-07
-4.37055e-07
-3.97528e-07
-3.61268e-07
-3.76027e-07
-2.82161e-07
-3.32147e-07
-2.0267e-07
-2.67666e-07
-1.25283e-07
-1.85676e-07
-5.29589e-08
-9.00288e-08
1.08123e-08
1.319e-08
6.38927e-08
1.1469e-07
1.06547e-07
1.98344e-07
1.39314e-07
2.40942e-07
1.40232e-07
2.54228e-07
7.09933e-08
3.18111e-07
-6.6633e-08
5.01319e-07
-2.13411e-07
7.49313e-07
-3.25907e-07
9.58826e-07
-3.95801e-07
1.08769e-06
-4.30154e-07
1.13933e-06
-4.40696e-07
1.13368e-06
-4.38068e-07
1.09254e-06
-4.29349e-07
1.0326e-06
-4.18608e-07
9.6437e-07
-4.08597e-07
8.94303e-07
-4.01752e-07
8.26682e-07
-4.00089e-07
7.63905e-07
-4.04596e-07
7.06064e-07
-4.14832e-07
6.5102e-07
-4.29027e-07
5.95359e-07
-4.44651e-07
5.35798e-07
-4.59138e-07
4.70319e-07
-4.70479e-07
3.986e-07
-4.77494e-07
3.21729e-07
-4.79781e-07
2.41538e-07
-4.77454e-07
1.59883e-07
-4.70725e-07
7.831e-08
-4.59782e-07
-2.15821e-09
-4.44594e-07
-8.12168e-08
-4.25104e-07
-1.57864e-07
-4.01164e-07
-2.31487e-07
-3.72682e-07
-3.01286e-07
-3.39621e-07
-3.66475e-07
-3.02206e-07
-4.25999e-07
-2.60963e-07
-4.78906e-07
-2.16825e-07
-5.24438e-07
-1.71055e-07
-5.62538e-07
-1.24934e-07
-5.94191e-07
-7.95043e-08
-6.21162e-07
-3.52813e-08
-6.45706e-07
7.78714e-09
-6.69748e-07
5.01528e-08
-6.94272e-07
9.24462e-08
-7.18867e-07
1.35121e-07
-7.4179e-07
1.78312e-07
-7.60524e-07
2.21749e-07
-7.7253e-07
2.64896e-07
-7.75884e-07
3.07078e-07
-7.6966e-07
3.47638e-07
-7.53963e-07
3.86033e-07
-7.29734e-07
4.21881e-07
-6.98445e-07
4.54967e-07
-6.61795e-07
4.85215e-07
-6.21478e-07
5.12658e-07
-5.79022e-07
5.37398e-07
-5.35714e-07
5.59578e-07
-4.92577e-07
5.79361e-07
-4.50381e-07
5.96912e-07
-4.09679e-07
6.12389e-07
-3.70847e-07
6.25939e-07
-3.3412e-07
6.37701e-07
-2.99628e-07
6.47803e-07
-2.67419e-07
6.56369e-07
-2.37471e-07
6.63499e-07
-2.09708e-07
6.69259e-07
-1.84032e-07
6.73662e-07
-1.60362e-07
6.76683e-07
-1.38673e-07
6.78299e-07
-1.18979e-07
6.7856e-07
-1.01255e-07
6.7766e-07
-8.5262e-08
6.7596e-07
-7.03105e-08
6.73922e-07
-5.50344e-08
6.71946e-07
-3.72783e-08
6.70138e-07
-1.41918e-08
6.68157e-07
1.74157e-08
6.65277e-07
6.06101e-08
6.60741e-07
1.17976e-07
6.54269e-07
1.9117e-07
6.46409e-07
2.80117e-07
6.38492e-07
3.81621e-07
6.32052e-07
4.87948e-07
6.27873e-07
5.86757e-07
6.25266e-07
6.63825e-07
6.22252e-07
7.08171e-07
6.16773e-07
7.16411e-07
6.07929e-07
6.92988e-07
5.96255e-07
6.4656e-07
5.83058e-07
5.85831e-07
5.69664e-07
5.1739e-07
5.57075e-07
4.45521e-07
5.45956e-07
3.72803e-07
5.36755e-07
3.00692e-07
5.29809e-07
2.29885e-07
5.25396e-07
1.60582e-07
5.23734e-07
9.2711e-08
5.24973e-07
2.61305e-08
5.29196e-07
-3.92875e-08
5.36479e-07
-1.04027e-07
5.46855e-07
-1.68483e-07
5.60289e-07
-2.3251e-07
5.76652e-07
-2.95452e-07
5.95684e-07
-3.56075e-07
6.16972e-07
-4.12626e-07
6.39954e-07
-4.63036e-07
6.63953e-07
-5.05254e-07
6.88255e-07
-5.37624e-07
7.12193e-07
-5.59201e-07
7.35239e-07
-5.69921e-07
7.57062e-07
-5.70565e-07
7.77538e-07
-5.62561e-07
7.96729e-07
-5.47687e-07
8.14825e-07
-5.27778e-07
8.32084e-07
-5.04512e-07
8.48789e-07
-4.79294e-07
8.65209e-07
-4.5322e-07
8.81593e-07
-4.27097e-07
8.98157e-07
-4.01466e-07
9.15072e-07
-3.76642e-07
9.32462e-07
-3.52743e-07
9.50386e-07
-3.29725e-07
9.68834e-07
-3.07416e-07
9.8773e-07
-2.85565e-07
1.00693e-06
-2.63875e-07
1.02623e-06
-2.4205e-07
1.04542e-06
-2.19818e-07
1.06422e-06
-1.96954e-07
1.08239e-06
-1.73295e-07
1.09967e-06
-1.48743e-07
1.11583e-06
-1.23265e-07
1.13068e-06
-9.68951e-08
1.14404e-06
-6.97189e-08
1.15579e-06
-4.18684e-08
1.16586e-06
-1.3511e-08
1.17421e-06
1.51536e-08
1.18084e-06
4.39045e-08
1.18582e-06
7.24984e-08
1.18924e-06
1.00706e-07
1.19121e-06
1.28302e-07
1.19181e-06
1.55057e-07
1.1911e-06
1.80722e-07
1.18917e-06
2.0503e-07
1.18613e-06
2.2771e-07
1.18214e-06
2.48528e-07
1.17739e-06
2.67309e-07
1.17197e-06
2.83936e-07
1.1658e-06
2.98311e-07
1.15848e-06
3.10316e-07
1.1494e-06
3.19802e-07
1.13776e-06
3.26617e-07
1.12272e-06
3.30669e-07
1.10354e-06
3.31992e-07
1.07971e-06
3.30787e-07
1.05102e-06
3.27458e-07
1.01761e-06
3.22621e-07
9.79946e-07
3.17015e-07
9.38617e-07
3.11252e-07
8.94392e-07
3.05502e-07
8.48629e-07
2.99624e-07
8.03798e-07
2.9379e-07
2.88663e-07
7.64127e-07
-1.33264e-07
-1.60599e-07
-2.73088e-07
-8.52697e-08
-4.05387e-07
-1.03551e-08
-5.25241e-07
3.03558e-08
-6.28009e-07
3.30557e-08
-7.09635e-07
1.1263e-09
-7.67576e-07
-5.73331e-08
-8.00834e-07
-1.32884e-07
-8.09557e-07
-2.16227e-07
-7.95107e-07
-2.98282e-07
-7.59691e-07
-3.71202e-07
-7.06138e-07
-4.28471e-07
-6.37813e-07
-4.64913e-07
-5.58566e-07
-4.76775e-07
-4.72553e-07
-4.62041e-07
-3.83892e-07
-4.20807e-07
-2.96232e-07
-3.55327e-07
-2.12315e-07
-2.69593e-07
-1.34225e-07
-1.68118e-07
-6.34808e-08
-5.75546e-08
-1.52795e-09
5.27367e-08
5.25871e-08
1.44229e-07
9.02932e-08
2.03235e-07
7.97739e-08
2.64747e-07
-1.88094e-09
3.99766e-07
-1.2466e-07
6.24098e-07
-2.35062e-07
8.59716e-07
-3.10065e-07
1.03383e-06
-3.49819e-07
1.12745e-06
-3.63154e-07
1.15266e-06
-3.60205e-07
1.13073e-06
-3.48809e-07
1.08114e-06
-3.33861e-07
1.01766e-06
-3.18519e-07
9.49027e-07
-3.05415e-07
8.81199e-07
-2.96939e-07
8.18206e-07
-2.94723e-07
7.6169e-07
-2.99038e-07
7.1038e-07
-3.08614e-07
6.60596e-07
-3.21034e-07
6.07778e-07
-3.33498e-07
5.48262e-07
-3.436e-07
4.80421e-07
-3.49816e-07
4.04817e-07
-3.51612e-07
3.23525e-07
-3.49212e-07
2.39138e-07
-3.43167e-07
1.53838e-07
-3.3395e-07
6.90939e-08
-3.2145e-07
-1.46582e-08
-3.05754e-07
-9.6913e-08
-2.86691e-07
-1.76927e-07
-2.63939e-07
-2.54238e-07
-2.37262e-07
-3.27964e-07
-2.06442e-07
-3.97294e-07
-1.71514e-07
-4.60927e-07
-1.32831e-07
-5.17589e-07
-9.11127e-08
-5.66156e-07
-4.74857e-08
-6.06165e-07
-3.22201e-09
-6.38455e-07
4.05016e-08
-6.64886e-07
8.29798e-08
-6.88184e-07
1.24156e-07
-7.10925e-07
1.64389e-07
-7.34505e-07
2.04171e-07
-7.58649e-07
2.43857e-07
-7.81477e-07
2.83494e-07
-8.00161e-07
3.22792e-07
-8.11828e-07
3.61241e-07
-8.14332e-07
3.9825e-07
-8.06669e-07
4.3329e-07
-7.89003e-07
4.65966e-07
-7.62411e-07
4.96048e-07
-7.28526e-07
5.23452e-07
-6.89199e-07
5.48212e-07
-6.46238e-07
5.70437e-07
-6.01247e-07
5.9028e-07
-5.55556e-07
6.07907e-07
-5.10204e-07
6.23486e-07
-4.6596e-07
6.37173e-07
-4.23367e-07
6.49111e-07
-3.82784e-07
6.59421e-07
-3.44431e-07
6.68214e-07
-3.08421e-07
6.75587e-07
-2.74793e-07
6.81635e-07
-2.43519e-07
6.86441e-07
-2.14514e-07
6.90065e-07
-1.87656e-07
6.92521e-07
-1.62818e-07
6.93769e-07
-1.39921e-07
6.93743e-07
-1.18953e-07
6.92412e-07
-9.99233e-08
6.89866e-07
-8.27168e-08
6.86395e-07
-6.68388e-08
6.82481e-07
-5.11204e-08
6.78703e-07
-3.35004e-08
6.7554e-07
-1.10294e-08
6.73182e-07
1.97742e-08
6.71467e-07
6.23247e-08
6.70108e-07
1.19336e-07
6.6906e-07
1.92218e-07
6.68795e-07
2.80382e-07
6.70205e-07
3.80211e-07
6.74071e-07
4.84083e-07
6.80299e-07
5.80529e-07
6.87472e-07
6.56652e-07
6.93233e-07
7.0241e-07
6.95427e-07
7.14217e-07
6.93138e-07
6.95277e-07
6.86863e-07
6.52834e-07
6.77924e-07
5.94771e-07
6.67764e-07
5.2755e-07
6.57576e-07
4.55709e-07
6.48235e-07
3.82144e-07
6.40373e-07
3.08554e-07
6.34458e-07
2.358e-07
6.30846e-07
1.64194e-07
6.29797e-07
9.3761e-08
6.31477e-07
2.44501e-08
6.35966e-07
-4.37769e-08
6.43292e-07
-1.11353e-07
6.53398e-07
-1.78589e-07
6.66132e-07
-2.45243e-07
6.81227e-07
-3.10547e-07
6.98288e-07
-3.73136e-07
7.16784e-07
-4.31122e-07
7.36082e-07
-4.82334e-07
7.55502e-07
-5.24674e-07
7.74398e-07
-5.56521e-07
7.92255e-07
-5.77058e-07
8.08752e-07
-5.86418e-07
8.23801e-07
-5.85614e-07
8.37527e-07
-5.76288e-07
8.50213e-07
-5.60373e-07
8.62225e-07
-5.3979e-07
8.73945e-07
-5.16232e-07
8.85732e-07
-4.91081e-07
8.97903e-07
-4.65392e-07
9.10728e-07
-4.39921e-07
9.24426e-07
-4.15163e-07
9.39156e-07
-3.91372e-07
9.55008e-07
-3.68596e-07
9.71987e-07
-3.46704e-07
9.9001e-07
-3.25439e-07
1.00891e-06
-3.04464e-07
1.02845e-06
-2.83414e-07
1.04834e-06
-2.61938e-07
1.06826e-06
-2.39737e-07
1.08788e-06
-2.16575e-07
1.10688e-06
-1.92297e-07
1.12496e-06
-1.66826e-07
1.14186e-06
-1.40159e-07
1.15732e-06
-1.12364e-07
1.17117e-06
-8.35692e-08
1.18326e-06
-5.39526e-08
1.19348e-06
-2.37299e-08
1.20178e-06
6.85054e-09
1.20816e-06
3.75221e-08
1.21268e-06
6.79833e-08
1.21543e-06
9.79498e-08
1.21658e-06
1.27156e-07
1.21628e-06
1.55357e-07
1.21468e-06
1.82325e-07
1.21188e-06
2.07829e-07
1.20795e-06
2.31631e-07
1.20299e-06
2.53494e-07
1.19708e-06
2.73218e-07
1.19035e-06
2.90666e-07
1.18288e-06
3.05778e-07
1.17464e-06
3.18554e-07
1.16542e-06
3.29028e-07
1.15479e-06
3.37245e-07
1.14219e-06
3.43267e-07
1.12699e-06
3.47189e-07
1.10862e-06
3.49163e-07
1.08665e-06
3.49421e-07
1.06097e-06
3.48307e-07
1.03171e-06
3.46269e-07
9.99239e-07
3.43726e-07
9.63962e-07
3.40779e-07
9.26509e-07
3.37076e-07
8.88063e-07
3.32236e-07
3.25588e-07
8.51139e-07
-1.60576e-07
-2.33792e-11
-3.24703e-07
7.88576e-08
-4.79582e-07
1.44524e-07
-6.1927e-07
1.70044e-07
-7.38318e-07
1.52104e-07
-8.32015e-07
9.48231e-08
-8.97553e-07
8.20493e-09
-9.35093e-07
-9.53444e-08
-9.45577e-07
-2.05742e-07
-9.30834e-07
-3.13025e-07
-8.9305e-07
-4.08985e-07
-8.34685e-07
-4.86837e-07
-7.58714e-07
-5.40884e-07
-6.69012e-07
-5.66477e-07
-5.70493e-07
-5.6056e-07
-4.68725e-07
-5.22575e-07
-3.69012e-07
-4.55039e-07
-2.75296e-07
-3.63309e-07
-1.89386e-07
-2.54028e-07
-1.11104e-07
-1.35836e-07
-3.96295e-08
-1.87381e-08
2.08873e-08
8.37121e-08
5.1411e-08
1.72712e-07
2.50175e-08
2.91141e-07
-5.70375e-08
4.81821e-07
-1.53457e-07
7.20517e-07
-2.28296e-07
9.34555e-07
-2.71637e-07
1.07717e-06
-2.87812e-07
1.14362e-06
-2.8535e-07
1.1502e-06
-2.72223e-07
1.1176e-06
-2.54006e-07
1.06293e-06
-2.34243e-07
9.97892e-07
-2.15585e-07
9.30369e-07
-2.00437e-07
8.66051e-07
-1.90813e-07
8.08582e-07
-1.87709e-07
7.58585e-07
-1.90651e-07
7.13322e-07
-1.97776e-07
6.67721e-07
-2.06422e-07
6.16424e-07
-2.13946e-07
5.55786e-07
-2.18422e-07
4.84897e-07
-2.18968e-07
4.05363e-07
-2.1571e-07
3.20266e-07
-2.09395e-07
2.32823e-07
-2.00695e-07
1.45138e-07
-1.89755e-07
5.81539e-08
-1.76267e-07
-2.8146e-08
-1.60278e-07
-1.12902e-07
-1.41749e-07
-1.95456e-07
-1.20138e-07
-2.7585e-07
-9.53383e-08
-3.52763e-07
-6.69437e-08
-4.25689e-07
-3.47673e-08
-4.93104e-07
1.01908e-09
-5.53376e-07
3.97831e-08
-6.0492e-07
8.04214e-08
-6.46803e-07
1.21652e-07
-6.79686e-07
1.62481e-07
-7.05714e-07
2.02311e-07
-7.28014e-07
2.41002e-07
-7.49616e-07
2.78774e-07
-7.72276e-07
3.15939e-07
-7.95814e-07
3.52657e-07
-8.18195e-07
3.88802e-07
-8.36306e-07
4.23992e-07
-8.47017e-07
4.57711e-07
-8.48051e-07
4.8946e-07
-8.38418e-07
5.18857e-07
-8.184e-07
5.45684e-07
-7.89238e-07
5.69883e-07
-7.52725e-07
5.91521e-07
-7.10837e-07
6.10745e-07
-6.65461e-07
6.27741e-07
-6.18243e-07
6.42705e-07
-5.7052e-07
6.55822e-07
-5.2332e-07
6.67256e-07
-4.77394e-07
6.77149e-07
-4.3326e-07
6.8562e-07
-3.91255e-07
6.92765e-07
-3.51576e-07
6.98663e-07
-3.1432e-07
7.03384e-07
-2.79513e-07
7.0699e-07
-2.47124e-07
7.09543e-07
-2.17067e-07
7.11095e-07
-1.89208e-07
7.11665e-07
-1.63389e-07
7.1122e-07
-1.39476e-07
7.09673e-07
-1.17406e-07
7.06934e-07
-9.71842e-08
7.02997e-07
-7.87802e-08
6.98049e-07
-6.18902e-08
6.92534e-07
-4.56059e-08
6.87137e-07
-2.81036e-08
6.82648e-07
-6.53961e-09
6.7975e-07
2.26719e-08
6.78851e-07
6.32235e-08
6.8013e-07
1.18057e-07
6.83761e-07
1.88587e-07
6.90116e-07
2.74027e-07
6.99683e-07
3.70644e-07
7.12622e-07
4.71144e-07
7.28175e-07
5.64976e-07
7.44406e-07
6.40421e-07
7.58673e-07
6.88144e-07
7.68671e-07
7.04219e-07
7.73333e-07
6.90615e-07
7.72985e-07
6.53182e-07
7.68852e-07
5.98904e-07
7.62425e-07
5.33976e-07
7.5506e-07
4.63074e-07
7.47835e-07
3.8937e-07
7.41561e-07
3.14828e-07
7.36841e-07
2.4052e-07
7.34109e-07
1.66925e-07
7.33675e-07
9.41954e-08
7.35732e-07
2.23928e-08
7.40364e-07
-4.8408e-08
7.4755e-07
-1.1854e-07
7.57144e-07
-1.88183e-07
7.68871e-07
-2.5697e-07
7.82325e-07
-3.24001e-07
7.96973e-07
-3.87783e-07
8.12179e-07
-4.46329e-07
8.2726e-07
-4.97415e-07
8.41563e-07
-5.38976e-07
8.54555e-07
-5.69513e-07
8.65911e-07
-5.88413e-07
8.75558e-07
-5.96065e-07
8.83683e-07
-5.93738e-07
8.90668e-07
-5.83274e-07
8.97014e-07
-5.66719e-07
9.03243e-07
-5.46018e-07
9.09836e-07
-5.22825e-07
9.17209e-07
-4.98454e-07
9.25704e-07
-4.73887e-07
9.35599e-07
-4.49817e-07
9.47105e-07
-4.26669e-07
9.60351e-07
-4.04618e-07
9.75369e-07
-3.83613e-07
9.92081e-07
-3.63416e-07
1.0103e-06
-3.43661e-07
1.02975e-06
-3.23916e-07
1.05009e-06
-3.03748e-07
1.07092e-06
-2.82768e-07
1.09185e-06
-2.60663e-07
1.11248e-06
-2.37207e-07
1.13245e-06
-2.12271e-07
1.15143e-06
-1.85809e-07
1.16913e-06
-1.57858e-07
1.1853e-06
-1.28527e-07
1.19971e-06
-9.79852e-08
1.21221e-06
-6.64557e-08
1.22269e-06
-3.42002e-08
1.23105e-06
-1.51239e-09
1.23728e-06
3.12923e-08
1.2414e-06
6.38594e-08
1.24351e-06
9.58409e-08
1.24375e-06
1.26913e-07
1.24232e-06
1.56786e-07
1.23944e-06
1.8521e-07
1.2353e-06
2.1197e-07
1.23005e-06
2.36877e-07
1.2238e-06
2.59746e-07
1.21661e-06
2.80411e-07
1.20854e-06
2.98734e-07
1.19967e-06
3.14647e-07
1.19007e-06
3.28158e-07
1.17974e-06
3.39358e-07
1.16858e-06
3.48398e-07
1.15639e-06
3.55465e-07
1.14281e-06
3.60768e-07
1.12745e-06
3.64519e-07
1.10995e-06
3.66926e-07
1.09005e-06
3.68206e-07
1.06771e-06
3.6861e-07
1.04305e-06
3.68384e-07
1.01625e-06
3.67581e-07
9.87488e-07
3.65837e-07
9.57115e-07
3.62609e-07
3.56579e-07
9.26123e-07
-1.79113e-07
1.79089e-07
-3.60987e-07
2.60732e-07
-5.326e-07
3.16137e-07
-6.86324e-07
3.23768e-07
-8.15219e-07
2.80998e-07
-9.15058e-07
1.94663e-07
-9.83795e-07
7.69412e-08
-1.02294e-06
-5.61956e-08
-1.03552e-06
-1.93168e-07
-1.02394e-06
-3.24603e-07
-9.89919e-07
-4.43006e-07
-9.34545e-07
-5.42211e-07
-8.58979e-07
-6.16449e-07
-7.65464e-07
-6.59993e-07
-6.58137e-07
-6.67887e-07
-5.43101e-07
-6.37611e-07
-4.27497e-07
-5.70643e-07
-3.17995e-07
-4.7281e-07
-2.18804e-07
-3.53219e-07
-1.31689e-07
-2.22952e-07
-5.61307e-08
-9.42964e-08
-1.21936e-09
2.88007e-08
1.45135e-08
1.56979e-07
-2.1701e-08
3.27355e-07
-9.0338e-08
5.50458e-07
-1.5617e-07
7.86349e-07
-1.99007e-07
9.77393e-07
-2.16478e-07
1.09464e-06
-2.14304e-07
1.14145e-06
-1.99761e-07
1.13566e-06
-1.78799e-07
1.09664e-06
-1.55335e-07
1.03946e-06
-1.32027e-07
9.74584e-07
-1.11057e-07
9.094e-07
-9.43543e-08
8.49348e-07
-8.3347e-08
7.97575e-07
-7.83533e-08
7.53592e-07
-7.83527e-08
7.13321e-07
-8.12764e-08
6.70644e-07
-8.46655e-08
6.19813e-07
-8.63827e-08
5.57503e-07
-8.51766e-08
4.83691e-07
-8.0857e-08
4.01043e-07
-7.41381e-08
3.13548e-07
-6.59134e-08
2.24598e-07
-5.62532e-08
1.35478e-07
-4.4616e-08
4.65168e-08
-3.04315e-08
-4.23305e-08
-1.40842e-08
-1.29249e-07
4.74641e-09
-2.14287e-07
2.57332e-08
-2.96837e-07
4.98402e-08
-3.7687e-07
7.69044e-08
-4.52753e-07
1.06946e-07
-5.23146e-07
1.39787e-07
-5.86217e-07
1.74931e-07
-6.40064e-07
2.11635e-07
-6.83507e-07
2.48942e-07
-7.16993e-07
2.86027e-07
-7.42798e-07
3.22414e-07
-7.64401e-07
3.58004e-07
-7.85205e-07
3.92917e-07
-8.0719e-07
4.27251e-07
-8.30148e-07
4.60888e-07
-8.51832e-07
4.93461e-07
-8.68879e-07
5.24445e-07
-8.78001e-07
5.53315e-07
-8.76921e-07
5.79672e-07
-8.64775e-07
6.03306e-07
-8.42034e-07
6.24197e-07
-8.10129e-07
6.42474e-07
-7.71002e-07
6.58355e-07
-7.26718e-07
6.72096e-07
-6.79203e-07
6.83954e-07
-6.30101e-07
6.94156e-07
-5.80723e-07
7.02895e-07
-5.32059e-07
7.10322e-07
-4.84821e-07
7.16555e-07
-4.39494e-07
7.21687e-07
-3.96386e-07
7.25783e-07
-3.55672e-07
7.28897e-07
-3.17434e-07
7.31068e-07
-2.81684e-07
7.32329e-07
-2.48386e-07
7.3272e-07
-2.17458e-07
7.32281e-07
-1.88768e-07
7.31036e-07
-1.62144e-07
7.28968e-07
-1.37408e-07
7.25998e-07
-1.14436e-07
7.22007e-07
-9.31934e-08
7.16912e-07
-7.36853e-08
7.10788e-07
-5.57653e-08
7.03988e-07
-3.88065e-08
6.97214e-07
-2.13291e-08
6.91456e-07
-7.82353e-10
6.8781e-07
2.63186e-08
6.87213e-07
6.38197e-08
6.90328e-07
1.14942e-07
6.97589e-07
1.81327e-07
7.09321e-07
2.62295e-07
7.25689e-07
3.54275e-07
7.46374e-07
4.5046e-07
7.70129e-07
5.4122e-07
7.94659e-07
6.15891e-07
8.17099e-07
6.65704e-07
8.34963e-07
6.86354e-07
8.46946e-07
6.78633e-07
8.53097e-07
6.47031e-07
8.54446e-07
5.97555e-07
8.52439e-07
5.35983e-07
8.48521e-07
4.66991e-07
8.43931e-07
3.9396e-07
8.39643e-07
3.19115e-07
8.36389e-07
2.43775e-07
8.34694e-07
1.6862e-07
8.34918e-07
9.39715e-08
8.37283e-07
2.0027e-08
8.41881e-07
-5.30056e-08
8.48649e-07
-1.25308e-07
8.57351e-07
-1.96885e-07
8.67597e-07
-2.67216e-07
8.78852e-07
-3.35256e-07
8.90468e-07
-3.99399e-07
9.01734e-07
-4.57595e-07
9.11958e-07
-5.07639e-07
9.20559e-07
-5.47578e-07
9.27168e-07
-5.76121e-07
9.31692e-07
-5.92937e-07
9.34344e-07
-5.98717e-07
9.35594e-07
-5.94988e-07
9.3608e-07
-5.8376e-07
9.36493e-07
-5.67132e-07
9.37476e-07
-5.47001e-07
9.39576e-07
-5.24925e-07
9.43234e-07
-5.02111e-07
9.48799e-07
-4.79452e-07
9.56542e-07
-4.57559e-07
9.66642e-07
-4.36769e-07
9.79171e-07
-4.17148e-07
9.94072e-07
-3.98514e-07
1.01115e-06
-3.80493e-07
1.03008e-06
-3.62597e-07
1.05047e-06
-3.44305e-07
1.07186e-06
-3.25131e-07
1.09376e-06
-3.04674e-07
1.11573e-06
-2.82634e-07
1.13735e-06
-2.58822e-07
1.15822e-06
-2.33147e-07
1.17802e-06
-2.0561e-07
1.19646e-06
-1.7629e-07
1.21327e-06
-1.45336e-07
1.22824e-06
-1.12959e-07
1.2412e-06
-7.94191e-08
1.25202e-06
-4.50172e-08
1.26059e-06
-1.00853e-08
1.26687e-06
2.50181e-08
1.27083e-06
5.98949e-08
1.27254e-06
9.41326e-08
1.27211e-06
1.27347e-07
1.26971e-06
1.59186e-07
1.26557e-06
1.89348e-07
1.25995e-06
2.17588e-07
1.2531e-06
2.43726e-07
1.24522e-06
2.67626e-07
1.23645e-06
2.89182e-07
1.22687e-06
3.08312e-07
1.21655e-06
3.24971e-07
1.20553e-06
3.39172e-07
1.19389e-06
3.51001e-07
1.18167e-06
3.60624e-07
1.16886e-06
3.68273e-07
1.1554e-06
3.74222e-07
1.14117e-06
3.78755e-07
1.12597e-06
3.82127e-07
1.10963e-06
3.84544e-07
1.09206e-06
3.86177e-07
1.07328e-06
3.87164e-07
1.05332e-06
3.87536e-07
1.03217e-06
3.86995e-07
1.00973e-06
3.85049e-07
3.80315e-07
9.85992e-07
-1.87321e-07
3.66411e-07
-3.75839e-07
4.49249e-07
-5.52459e-07
4.92757e-07
-7.07975e-07
4.79285e-07
-8.34282e-07
4.07305e-07
-9.27825e-07
2.88206e-07
-9.90125e-07
1.39241e-07
-1.02559e-06
-2.07275e-08
-1.03916e-06
-1.79602e-07
-1.03416e-06
-3.296e-07
-1.01158e-06
-4.6559e-07
-9.70524e-07
-5.83265e-07
-9.09341e-07
-6.77633e-07
-8.2719e-07
-7.42143e-07
-7.25599e-07
-7.69478e-07
-6.09143e-07
-7.54066e-07
-4.85021e-07
-6.94765e-07
-3.61822e-07
-5.96009e-07
-2.47841e-07
-4.672e-07
-1.49652e-07
-3.21141e-07
-7.41006e-08
-1.69848e-07
-2.85641e-08
-1.67357e-08
-2.37636e-08
1.52178e-07
-5.54848e-08
3.59076e-07
-1.01008e-07
5.95981e-07
-1.36559e-07
8.21901e-07
-1.51941e-07
9.92774e-07
-1.4861e-07
1.09131e-06
-1.32159e-07
1.125e-06
-1.08329e-07
1.11183e-06
-8.14119e-08
1.06972e-06
-5.40559e-08
1.01211e-06
-2.82108e-08
9.48739e-07
-5.4824e-09
8.86671e-07
1.27263e-08
8.3114e-07
2.56716e-08
7.84629e-07
3.3614e-08
7.45649e-07
3.78089e-08
7.09126e-07
4.01381e-08
6.68315e-07
4.25289e-08
6.17423e-07
4.63681e-08
5.53664e-07
5.22119e-08
4.77847e-07
5.97472e-08
3.93508e-07
6.83289e-08
3.04966e-07
7.79111e-08
2.15016e-07
8.92969e-08
1.24092e-07
1.03211e-07
3.26026e-08
1.18846e-07
-5.79651e-08
1.35825e-07
-1.46228e-07
1.54472e-07
-2.32935e-07
1.75355e-07
-3.17719e-07
1.9832e-07
-3.99835e-07
2.23572e-07
-4.78006e-07
2.51114e-07
-5.50687e-07
2.80783e-07
-6.15886e-07
3.1216e-07
-6.71441e-07
3.44614e-07
-7.15961e-07
3.77455e-07
-7.49834e-07
4.10166e-07
-7.75509e-07
4.4253e-07
-7.96765e-07
4.74559e-07
-8.17235e-07
5.06289e-07
-8.3892e-07
5.37556e-07
-8.61415e-07
5.67913e-07
-8.82189e-07
5.96711e-07
-8.97677e-07
6.23279e-07
-9.04569e-07
6.47097e-07
-9.00739e-07
6.67896e-07
-8.85574e-07
6.85663e-07
-8.59801e-07
7.00589e-07
-8.25056e-07
7.1299e-07
-7.83402e-07
7.23226e-07
-7.36954e-07
7.31649e-07
-6.87626e-07
7.38564e-07
-6.37016e-07
7.44217e-07
-5.86375e-07
7.48791e-07
-5.36633e-07
7.52417e-07
-4.88447e-07
7.55184e-07
-4.4226e-07
7.57149e-07
-3.98351e-07
7.58351e-07
-3.56874e-07
7.58813e-07
-3.17897e-07
7.58552e-07
-2.81423e-07
7.57579e-07
-2.47412e-07
7.55909e-07
-2.15788e-07
7.53569e-07
-1.86428e-07
7.50586e-07
-1.59161e-07
7.46962e-07
-1.33784e-07
7.42645e-07
-1.10119e-07
7.37519e-07
-8.80675e-08
7.31456e-07
-6.76224e-08
7.24429e-07
-4.8738e-08
7.16667e-07
-3.10452e-08
7.088e-07
-1.34618e-08
7.01894e-07
6.12349e-09
6.97317e-07
3.08953e-08
6.96462e-07
6.46751e-08
7.00474e-07
1.1093e-07
7.10119e-07
1.71682e-07
7.25783e-07
2.46631e-07
7.47433e-07
3.32624e-07
7.74411e-07
4.23483e-07
8.05135e-07
5.10496e-07
8.37068e-07
5.83958e-07
8.67184e-07
6.35588e-07
8.92809e-07
6.60729e-07
9.12346e-07
6.59095e-07
9.25501e-07
6.33876e-07
9.33012e-07
5.90044e-07
9.36178e-07
5.32818e-07
9.3644e-07
4.6673e-07
9.35124e-07
3.95276e-07
9.33334e-07
3.20906e-07
9.31917e-07
2.45192e-07
9.31483e-07
1.69054e-07
9.32443e-07
9.30112e-08
9.35049e-07
1.74214e-08
9.39401e-07
-5.73576e-08
9.45398e-07
-1.31305e-07
9.52727e-07
-2.04214e-07
9.60897e-07
-2.75386e-07
9.69276e-07
-3.43634e-07
9.77138e-07
-4.07261e-07
9.83749e-07
-4.64206e-07
9.88463e-07
-5.12353e-07
9.9083e-07
-5.49945e-07
9.90693e-07
-5.75984e-07
9.88237e-07
-5.90481e-07
9.83975e-07
-5.94455e-07
9.78663e-07
-5.89676e-07
9.73164e-07
-5.78261e-07
9.68312e-07
-5.6228e-07
9.64822e-07
-5.43511e-07
9.63262e-07
-5.23365e-07
9.64069e-07
-5.02919e-07
9.67579e-07
-4.82962e-07
9.74031e-07
-4.64011e-07
9.83548e-07
-4.46286e-07
9.96106e-07
-4.29705e-07
1.01151e-06
-4.13922e-07
1.02943e-06
-3.98405e-07
1.04938e-06
-3.82548e-07
1.07083e-06
-3.65762e-07
1.09325e-06
-3.47548e-07
1.1161e-06
-3.27527e-07
1.13892e-06
-3.0545e-07
1.16128e-06
-2.81182e-07
1.18282e-06
-2.54686e-07
1.20322e-06
-2.2601e-07
1.2222e-06
-1.95271e-07
1.23952e-06
-1.62654e-07
1.25496e-06
-1.28402e-07
1.26836e-06
-9.28111e-08
1.27955e-06
-5.62152e-08
1.28844e-06
-1.8977e-08
1.29495e-06
1.8512e-08
1.29902e-06
5.58224e-08
1.30067e-06
9.24836e-08
1.29996e-06
1.28059e-07
1.29701e-06
1.62136e-07
1.29201e-06
1.94347e-07
1.28521e-06
2.24388e-07
1.2769e-06
2.52038e-07
1.26737e-06
2.7716e-07
1.25686e-06
2.99684e-07
1.24558e-06
3.19592e-07
1.23365e-06
3.36903e-07
1.22115e-06
3.51671e-07
1.20816e-06
3.63997e-07
1.19474e-06
3.74041e-07
1.18099e-06
3.82026e-07
1.16697e-06
3.88234e-07
1.15276e-06
3.92971e-07
1.13835e-06
3.96533e-07
1.12374e-06
3.99157e-07
1.1089e-06
4.01012e-07
1.09387e-06
4.02202e-07
1.07865e-06
4.02757e-07
1.06317e-06
4.02473e-07
1.04723e-06
4.00991e-07
3.97196e-07
1.03034e-06
-1.80242e-07
5.46653e-07
-3.61016e-07
6.30023e-07
-5.27904e-07
6.59645e-07
-6.6955e-07
6.20931e-07
-7.77359e-07
5.15114e-07
-8.50134e-07
3.6098e-07
-8.94557e-07
1.83664e-07
-9.19205e-07
3.92107e-09
-9.30922e-07
-1.67885e-07
-9.33309e-07
-3.27213e-07
-9.2655e-07
-4.72349e-07
-9.08031e-07
-6.01784e-07
-8.73288e-07
-7.12376e-07
-8.18108e-07
-7.97324e-07
-7.40763e-07
-8.46823e-07
-6.43008e-07
-8.51821e-07
-5.29862e-07
-8.07911e-07
-4.09124e-07
-7.16747e-07
-2.90932e-07
-5.85392e-07
-1.86919e-07
-4.25154e-07
-1.08464e-07
-2.48303e-07
-6.46171e-08
-6.0583e-08
-5.63358e-08
1.43897e-07
-7.13471e-08
3.74088e-07
-9.02147e-08
6.14848e-07
-9.81198e-08
8.29806e-07
-9.0629e-08
9.85284e-07
-7.08217e-08
1.0715e-06
-4.33093e-08
1.09749e-06
-1.24262e-08
1.08095e-06
1.90463e-08
1.03825e-06
4.92426e-08
9.81912e-07
7.69171e-08
9.21065e-07
1.0101e-07
8.62578e-07
1.20806e-07
8.11344e-07
1.36236e-07
7.69199e-07
1.47964e-07
7.33921e-07
1.5721e-07
6.99881e-07
1.65375e-07
6.6015e-07
1.73636e-07
6.09161e-07
1.82644e-07
5.44656e-07
1.92416e-07
4.68076e-07
2.02632e-07
3.83291e-07
2.13302e-07
2.94295e-07
2.24988e-07
2.0333e-07
2.38091e-07
1.10989e-07
2.52726e-07
1.79673e-08
2.68432e-07
-7.36715e-08
2.85443e-07
-1.63238e-07
3.04084e-07
-2.51576e-07
3.24531e-07
-3.38166e-07
3.46666e-07
-4.21971e-07
3.70408e-07
-5.01748e-07
3.95657e-07
-5.75936e-07
4.22205e-07
-6.42434e-07
4.49681e-07
-6.98916e-07
4.7762e-07
-7.439e-07
5.05643e-07
-7.77857e-07
5.33618e-07
-8.03484e-07
5.61649e-07
-8.24796e-07
5.8988e-07
-8.45466e-07
6.18226e-07
-8.67266e-07
6.46214e-07
-8.89403e-07
6.73033e-07
-9.09008e-07
6.97758e-07
-9.22401e-07
7.19604e-07
-9.26416e-07
7.38111e-07
-9.19246e-07
7.53179e-07
-9.00642e-07
7.65018e-07
-8.7164e-07
7.74031e-07
-8.34069e-07
7.80706e-07
-7.90078e-07
7.85524e-07
-7.41772e-07
7.88903e-07
-6.91005e-07
7.91175e-07
-6.39287e-07
7.92579e-07
-5.8778e-07
7.93277e-07
-5.37332e-07
7.93368e-07
-4.88538e-07
7.92904e-07
-4.41797e-07
7.9191e-07
-3.97356e-07
7.90393e-07
-3.55357e-07
7.88354e-07
-3.15858e-07
7.85789e-07
-2.78857e-07
7.82692e-07
-2.44316e-07
7.79064e-07
-2.12159e-07
7.74915e-07
-1.8228e-07
7.70272e-07
-1.54518e-07
7.65156e-07
-1.28668e-07
7.59548e-07
-1.04511e-07
7.53364e-07
-8.18835e-08
7.46467e-07
-6.07256e-08
7.38757e-07
-4.10284e-08
7.30333e-07
-2.26211e-08
7.21684e-07
-4.81227e-09
7.1382e-07
1.39876e-08
7.08222e-07
3.64924e-08
7.06608e-07
6.62891e-08
7.10571e-07
1.06968e-07
7.21273e-07
1.6098e-07
7.39296e-07
2.28609e-07
7.64567e-07
3.07353e-07
7.96239e-07
3.91811e-07
8.32532e-07
4.74203e-07
8.70772e-07
5.45718e-07
9.07825e-07
5.98534e-07
9.40844e-07
6.27711e-07
9.67928e-07
6.32011e-07
9.88393e-07
6.1341e-07
1.00262e-06
5.75822e-07
1.01164e-06
5.23789e-07
1.01681e-06
4.61563e-07
1.01945e-06
3.92638e-07
1.02072e-06
3.19629e-07
1.02157e-06
2.44344e-07
1.02267e-06
1.67957e-07
1.02447e-06
9.12111e-08
1.02725e-06
1.46399e-08
1.03113e-06
-6.12341e-08
1.03596e-06
-1.36142e-07
1.04139e-06
-2.09636e-07
1.04684e-06
-2.80837e-07
1.05163e-06
-3.48426e-07
1.05502e-06
-4.10651e-07
1.05631e-06
-4.65498e-07
1.05497e-06
-5.11012e-07
1.05073e-06
-5.45712e-07
1.04371e-06
-5.68964e-07
1.0344e-06
-5.81166e-07
1.02361e-06
-5.83666e-07
1.01236e-06
-5.78425e-07
1.00168e-06
-5.67581e-07
9.92483e-07
-5.53085e-07
9.85498e-07
-5.36526e-07
9.81268e-07
-5.19135e-07
9.80197e-07
-5.01849e-07
9.82587e-07
-4.85352e-07
9.88618e-07
-4.70043e-07
9.98318e-07
-4.55986e-07
1.01152e-06
-4.42907e-07
1.02786e-06
-4.30266e-07
1.04683e-06
-4.17374e-07
1.06782e-06
-4.03533e-07
1.09019e-06
-3.88139e-07
1.11338e-06
-3.7073e-07
1.13684e-06
-3.50996e-07
1.16016e-06
-3.28764e-07
1.18294e-06
-3.03962e-07
1.20486e-06
-2.76604e-07
1.22562e-06
-2.46773e-07
1.24496e-06
-2.14615e-07
1.26264e-06
-1.80337e-07
1.27845e-06
-1.44207e-07
1.29219e-06
-1.06556e-07
1.30373e-06
-6.77525e-08
1.31295e-06
-2.81928e-08
1.31976e-06
1.1704e-08
1.32409e-06
5.14866e-08
1.32594e-06
9.06393e-08
1.32531e-06
1.28688e-07
1.32227e-06
1.65174e-07
1.31694e-06
1.99673e-07
1.30952e-06
2.31813e-07
1.30025e-06
2.61307e-07
1.28945e-06
2.87963e-07
1.27743e-06
3.11698e-07
1.26451e-06
3.32515e-07
1.25092e-06
3.50488e-07
1.23686e-06
3.65736e-07
1.22245e-06
3.78411e-07
1.20779e-06
3.88697e-07
1.193e-06
3.96818e-07
1.17819e-06
4.03038e-07
1.16351e-06
4.07652e-07
1.14909e-06
4.10959e-07
1.13502e-06
4.13219e-07
1.12142e-06
4.1462e-07
1.10835e-06
4.15271e-07
1.09589e-06
4.15219e-07
1.08401e-06
4.14352e-07
1.07256e-06
4.12442e-07
4.08747e-07
1.06101e-06
-1.56383e-07
7.03036e-07
-3.1445e-07
7.8809e-07
-4.5684e-07
8.02035e-07
-5.70481e-07
7.34572e-07
-6.47606e-07
5.92238e-07
-6.90798e-07
4.04173e-07
-7.11637e-07
2.04503e-07
-7.22305e-07
1.45887e-08
-7.29296e-07
-1.60894e-07
-7.35436e-07
-3.21073e-07
-7.41282e-07
-4.66504e-07
-7.44191e-07
-5.98874e-07
-7.37925e-07
-7.18642e-07
-7.15531e-07
-8.19718e-07
-6.72878e-07
-8.89476e-07
-6.09521e-07
-9.15178e-07
-5.27426e-07
-8.90007e-07
-4.30537e-07
-8.13636e-07
-3.26411e-07
-6.89518e-07
-2.27175e-07
-5.24391e-07
-1.47047e-07
-3.2843e-07
-9.62693e-08
-1.11361e-07
-7.38869e-08
1.21515e-07
-6.66153e-08
3.66816e-07
-5.95117e-08
6.07745e-07
-4.38444e-08
8.14138e-07
-1.79973e-08
9.59437e-07
1.48426e-08
1.03866e-06
5.08567e-08
1.06147e-06
8.71613e-08
1.04464e-06
1.21916e-07
1.0035e-06
1.54048e-07
9.49779e-07
1.82889e-07
8.92224e-07
2.08044e-07
8.37423e-07
2.29517e-07
7.89871e-07
2.47803e-07
7.50914e-07
2.63737e-07
7.17987e-07
2.78256e-07
6.85361e-07
2.92139e-07
6.46267e-07
3.05822e-07
5.95478e-07
3.19344e-07
5.31135e-07
3.325e-07
4.5492e-07
3.45227e-07
3.70564e-07
3.57908e-07
2.81615e-07
3.71135e-07
1.90103e-07
3.85329e-07
9.67956e-08
4.00601e-07
2.69556e-09
4.16784e-07
-8.98551e-08
4.34184e-07
-1.80638e-07
4.52935e-07
-2.70327e-07
4.72968e-07
-3.58199e-07
4.94098e-07
-4.431e-07
5.16149e-07
-5.23798e-07
5.38943e-07
-5.9873e-07
5.62212e-07
-6.65703e-07
5.85601e-07
-7.22306e-07
6.08826e-07
-7.67124e-07
6.31859e-07
-8.00891e-07
6.54996e-07
-8.26621e-07
6.78666e-07
-8.48466e-07
7.03089e-07
-8.69889e-07
7.2798e-07
-8.92157e-07
7.52496e-07
-9.13919e-07
7.75461e-07
-9.31973e-07
7.95727e-07
-9.42668e-07
8.12486e-07
-9.43175e-07
8.25407e-07
-9.32167e-07
8.34612e-07
-9.09847e-07
8.40544e-07
-8.77571e-07
8.43807e-07
-8.37332e-07
8.4503e-07
-7.91301e-07
8.44777e-07
-7.41519e-07
8.43498e-07
-6.89726e-07
8.41518e-07
-6.37308e-07
8.39052e-07
-5.85313e-07
8.36222e-07
-5.34502e-07
8.33086e-07
-4.85402e-07
8.29659e-07
-4.3837e-07
8.25932e-07
-3.9363e-07
8.21886e-07
-3.51311e-07
8.175e-07
-3.11472e-07
8.12757e-07
-2.74114e-07
8.07643e-07
-2.39202e-07
8.02149e-07
-2.06665e-07
7.96278e-07
-1.76408e-07
7.9005e-07
-1.4829e-07
7.835e-07
-1.22117e-07
7.76644e-07
-9.76545e-08
7.69443e-07
-7.46834e-08
7.61789e-07
-5.30713e-08
7.53546e-07
-3.27858e-08
7.447e-07
-1.37749e-08
7.3557e-07
4.31788e-09
7.27002e-07
2.25553e-08
7.20426e-07
4.3069e-08
7.1771e-07
6.9005e-08
7.20798e-07
1.03879e-07
7.31276e-07
1.50502e-07
7.50048e-07
2.09837e-07
7.7718e-07
2.80221e-07
8.11806e-07
3.57185e-07
8.52082e-07
4.33927e-07
8.95288e-07
5.02511e-07
9.38245e-07
5.55578e-07
9.77961e-07
5.87996e-07
1.01225e-06
5.97726e-07
1.04002e-06
5.85638e-07
1.06124e-06
5.54601e-07
1.07662e-06
5.08405e-07
1.08729e-06
4.50892e-07
1.09449e-06
3.8544e-07
1.09938e-06
3.14745e-07
1.10291e-06
2.40811e-07
1.10581e-06
1.65056e-07
1.10856e-06
8.84579e-08
1.11147e-06
1.17362e-08
1.11465e-06
-6.44115e-08
1.11794e-06
-1.39433e-07
1.12093e-06
-2.12634e-07
1.12306e-06
-2.82963e-07
1.12363e-06
-3.48997e-07
1.12196e-06
-4.08975e-07
1.11744e-06
-4.60984e-07
1.10973e-06
-5.033e-07
1.09881e-06
-5.34793e-07
1.08509e-06
-5.55247e-07
1.0694e-06
-5.65467e-07
1.05282e-06
-5.67091e-07
1.03658e-06
-5.62186e-07
1.0218e-06
-5.52803e-07
1.0094e-06
-5.4068e-07
1.00004e-06
-5.27169e-07
9.94213e-07
-5.13306e-07
9.92267e-07
-4.99903e-07
9.94446e-07
-4.8753e-07
1.00084e-06
-4.76435e-07
1.01133e-06
-4.66476e-07
1.02557e-06
-4.57145e-07
1.043e-06
-4.47697e-07
1.06295e-06
-4.37322e-07
1.08471e-06
-4.25294e-07
1.10763e-06
-4.11062e-07
1.13116e-06
-3.9426e-07
1.15485e-06
-3.74684e-07
1.17832e-06
-3.52238e-07
1.20126e-06
-3.26905e-07
1.22339e-06
-2.98725e-07
1.2444e-06
-2.67791e-07
1.26405e-06
-2.34257e-07
1.28205e-06
-1.98341e-07
1.29818e-06
-1.60334e-07
1.31222e-06
-1.206e-07
1.32402e-06
-7.9554e-08
1.33347e-06
-3.7642e-08
1.34049e-06
4.68037e-09
1.34505e-06
4.69363e-08
1.34711e-06
8.85769e-08
1.34669e-06
1.29106e-07
1.34382e-06
1.68041e-07
1.33857e-06
2.04924e-07
1.33105e-06
2.39337e-07
1.32143e-06
2.70923e-07
1.30998e-06
2.9942e-07
1.29699e-06
3.24679e-07
1.28284e-06
3.46673e-07
1.26784e-06
3.65479e-07
1.25232e-06
3.8126e-07
1.23651e-06
3.94226e-07
1.22058e-06
4.04618e-07
1.20471e-06
4.12691e-07
1.18903e-06
4.18716e-07
1.17371e-06
4.22979e-07
1.1589e-06
4.25766e-07
1.14478e-06
4.27336e-07
1.13151e-06
4.27891e-07
1.11923e-06
4.27555e-07
1.10805e-06
4.26392e-07
1.09805e-06
4.24358e-07
1.08916e-06
4.21327e-07
4.16876e-07
1.08103e-06
-1.17157e-07
8.20193e-07
-2.39417e-07
9.1035e-07
-3.4629e-07
9.08908e-07
-4.24821e-07
8.13103e-07
-4.69718e-07
6.37136e-07
-4.87061e-07
4.21515e-07
-4.90702e-07
2.08145e-07
-4.91529e-07
1.5415e-08
-4.9258e-07
-1.59843e-07
-4.95348e-07
-3.18305e-07
-5.03274e-07
-4.58578e-07
-5.16885e-07
-5.85264e-07
-5.29784e-07
-7.05742e-07
-5.32678e-07
-8.16824e-07
-5.20164e-07
-9.0199e-07
-4.92234e-07
-9.43108e-07
-4.502e-07
-9.32041e-07
-3.93425e-07
-8.70411e-07
-3.21905e-07
-7.61037e-07
-2.41725e-07
-6.04571e-07
-1.66582e-07
-4.03574e-07
-1.07957e-07
-1.69985e-07
-6.90944e-08
8.26517e-08
-4.03543e-08
3.38076e-07
-1.12702e-08
5.78661e-07
2.34917e-08
7.79377e-07
6.37751e-08
9.19153e-07
1.06817e-07
9.95621e-07
1.49522e-07
1.01877e-06
1.89854e-07
1.00431e-06
2.26831e-07
9.66519e-07
2.60089e-07
9.16521e-07
2.89592e-07
8.62721e-07
3.15592e-07
8.11423e-07
3.38713e-07
7.66749e-07
3.5986e-07
7.29767e-07
3.79919e-07
6.97928e-07
3.99481e-07
6.65799e-07
4.18703e-07
6.27045e-07
4.37352e-07
5.76829e-07
4.55008e-07
5.13479e-07
4.71396e-07
4.38531e-07
4.86693e-07
3.55267e-07
5.0147e-07
2.66838e-07
5.16324e-07
1.75249e-07
5.31614e-07
8.15057e-08
5.47484e-07
-1.31748e-08
5.64048e-07
-1.06419e-07
5.81617e-07
-1.98208e-07
6.00155e-07
-2.88864e-07
6.19431e-07
-3.77476e-07
6.39191e-07
-4.6286e-07
6.59214e-07
-5.43821e-07
6.79256e-07
-6.18772e-07
6.98981e-07
-6.85428e-07
7.18067e-07
-7.41392e-07
7.36451e-07
-7.85509e-07
7.54513e-07
-8.18954e-07
7.72978e-07
-8.45086e-07
7.92525e-07
-8.68013e-07
8.13319e-07
-8.90683e-07
8.34756e-07
-9.13593e-07
8.55579e-07
-9.34742e-07
8.74298e-07
-9.50693e-07
8.8966e-07
-9.58029e-07
9.00947e-07
-9.54462e-07
9.08051e-07
-9.39271e-07
9.11353e-07
-9.13149e-07
9.11527e-07
-8.77745e-07
9.09342e-07
-8.35147e-07
9.05524e-07
-7.87483e-07
9.0067e-07
-7.36664e-07
8.95218e-07
-6.84274e-07
8.8946e-07
-6.31549e-07
8.83559e-07
-5.79413e-07
8.7759e-07
-5.28532e-07
8.71563e-07
-4.79376e-07
8.65456e-07
-4.32263e-07
8.5923e-07
-3.87403e-07
8.52842e-07
-3.44923e-07
8.46259e-07
-3.04889e-07
8.39456e-07
-2.67312e-07
8.32419e-07
-2.32164e-07
8.25138e-07
-1.99385e-07
8.17615e-07
-1.68885e-07
8.09868e-07
-1.40543e-07
8.01936e-07
-1.14186e-07
7.93865e-07
-8.95833e-08
7.85666e-07
-6.64843e-08
7.77279e-07
-4.46844e-08
7.68578e-07
-2.40851e-08
7.59475e-07
-4.67174e-09
7.50123e-07
1.367e-08
7.41137e-07
3.15413e-08
7.33752e-07
5.04538e-08
7.29803e-07
7.2954e-08
7.31425e-07
1.02257e-07
7.40577e-07
1.4135e-07
7.58575e-07
1.91839e-07
7.8579e-07
2.53006e-07
8.21524e-07
3.21451e-07
8.64014e-07
3.91437e-07
9.10597e-07
4.55928e-07
9.58106e-07
5.08068e-07
1.00346e-06
5.42646e-07
1.0442e-06
5.56979e-07
1.07888e-06
5.50962e-07
1.10701e-06
5.26468e-07
1.12893e-06
4.86491e-07
1.14545e-06
4.34371e-07
1.15763e-06
3.73257e-07
1.16654e-06
3.05834e-07
1.17311e-06
2.34244e-07
1.17805e-06
1.60115e-07
1.18186e-06
8.46486e-08
1.18484e-06
8.75341e-09
1.18712e-06
-6.66943e-08
1.18854e-06
-1.40847e-07
1.18869e-06
-2.12781e-07
1.18702e-06
-2.81301e-07
1.18294e-06
-3.44915e-07
1.17586e-06
-4.01891e-07
1.16535e-06
-4.50477e-07
1.1513e-06
-4.89246e-07
1.13398e-06
-5.17481e-07
1.11416e-06
-5.35422e-07
1.09295e-06
-5.44258e-07
1.0717e-06
-5.4584e-07
1.05173e-06
-5.42216e-07
1.03416e-06
-5.35232e-07
1.01981e-06
-5.26334e-07
1.00926e-06
-5.16615e-07
1.0029e-06
-5.06944e-07
1.00101e-06
-4.9802e-07
1.00377e-06
-4.90285e-07
1.01112e-06
-4.83786e-07
1.02276e-06
-4.78117e-07
1.03813e-06
-4.72516e-07
1.05649e-06
-4.66063e-07
1.07707e-06
-4.57901e-07
1.09915e-06
-4.47373e-07
1.12215e-06
-4.34058e-07
1.14562e-06
-4.17733e-07
1.16924e-06
-3.98297e-07
1.19271e-06
-3.75713e-07
1.21578e-06
-3.49975e-07
1.23816e-06
-3.21104e-07
1.25954e-06
-2.89174e-07
1.27961e-06
-2.54324e-07
1.29805e-06
-2.16779e-07
1.31457e-06
-1.76857e-07
1.32893e-06
-1.34962e-07
1.34095e-06
-9.15711e-08
1.35051e-06
-4.72016e-08
1.35756e-06
-2.37078e-09
1.3621e-06
4.23994e-08
1.36415e-06
8.65266e-08
1.36376e-06
1.29494e-07
1.36098e-06
1.70818e-07
1.35587e-06
2.10036e-07
1.34849e-06
2.46719e-07
1.33894e-06
2.80474e-07
1.32738e-06
3.10978e-07
1.31405e-06
3.38007e-07
1.29927e-06
3.61457e-07
1.28338e-06
3.81361e-07
1.26678e-06
3.97868e-07
1.24979e-06
4.11215e-07
1.23271e-06
4.21694e-07
1.21579e-06
4.29615e-07
1.19921e-06
4.35289e-07
1.18317e-06
4.3902e-07
1.16784e-06
4.41095e-07
1.15341e-06
4.41773e-07
1.14004e-06
4.41263e-07
1.12789e-06
4.39701e-07
1.11712e-06
4.37162e-07
1.10783e-06
4.33647e-07
1.10007e-06
4.29091e-07
4.23275e-07
1.09367e-06
-6.4283e-08
8.84476e-07
-1.42099e-07
9.88166e-07
-2.07795e-07
9.74603e-07
-2.51217e-07
8.56525e-07
-2.70762e-07
6.56681e-07
-2.73814e-07
4.24567e-07
-2.72322e-07
2.06653e-07
-2.71801e-07
1.48936e-08
-2.6897e-07
-1.62674e-07
-2.63593e-07
-3.23683e-07
-2.63306e-07
-4.58864e-07
-2.74752e-07
-5.73818e-07
-2.93871e-07
-6.86623e-07
-3.09148e-07
-8.01547e-07
-3.12994e-07
-8.98145e-07
-3.06992e-07
-9.4911e-07
-2.9642e-07
-9.42612e-07
-2.81474e-07
-8.85357e-07
-2.54842e-07
-7.87669e-07
-2.09833e-07
-6.4958e-07
-1.50264e-07
-4.63143e-07
-9.01981e-08
-2.30051e-07
-3.92697e-08
3.17233e-08
5.86183e-09
2.92945e-07
5.17247e-08
5.32798e-07
1.01404e-07
7.29697e-07
1.53264e-07
8.67293e-07
2.04296e-07
9.44589e-07
2.51944e-07
9.71118e-07
2.95056e-07
9.61198e-07
3.33386e-07
9.28189e-07
3.67179e-07
8.82728e-07
3.96963e-07
8.32937e-07
4.23556e-07
7.8483e-07
4.48077e-07
7.42228e-07
4.71727e-07
7.06117e-07
4.95398e-07
6.74257e-07
5.19382e-07
6.41816e-07
5.43331e-07
6.03095e-07
5.66491e-07
5.5367e-07
5.88103e-07
4.91866e-07
6.07833e-07
4.18801e-07
6.25925e-07
3.37176e-07
6.42952e-07
2.49811e-07
6.59445e-07
1.58755e-07
6.75799e-07
6.51519e-08
6.92243e-07
-2.96184e-08
7.09046e-07
-1.23222e-07
7.26478e-07
-2.1564e-07
7.44366e-07
-3.06753e-07
7.62406e-07
-3.95515e-07
7.80327e-07
-4.80782e-07
7.97903e-07
-5.61397e-07
8.14828e-07
-6.35697e-07
8.30709e-07
-7.01309e-07
8.45306e-07
-7.55989e-07
8.58864e-07
-7.99067e-07
8.72212e-07
-8.32301e-07
8.86441e-07
-8.59316e-07
9.02318e-07
-8.83889e-07
9.19758e-07
-9.08123e-07
9.37715e-07
-9.31551e-07
9.54533e-07
-9.5156e-07
9.68531e-07
-9.64691e-07
9.7851e-07
-9.68008e-07
9.83989e-07
-9.59941e-07
9.85158e-07
-9.4044e-07
9.82673e-07
-9.10665e-07
9.77407e-07
-8.72479e-07
9.70241e-07
-8.27981e-07
9.61933e-07
-7.79175e-07
9.53058e-07
-7.2779e-07
9.44005e-07
-6.75221e-07
9.34998e-07
-6.22542e-07
9.26137e-07
-5.70551e-07
9.17436e-07
-5.19831e-07
9.08861e-07
-4.70801e-07
9.00354e-07
-4.23756e-07
8.91852e-07
-3.78901e-07
8.83301e-07
-3.36372e-07
8.74657e-07
-2.96245e-07
8.65899e-07
-2.58553e-07
8.57014e-07
-2.2328e-07
8.48006e-07
-1.90376e-07
8.38882e-07
-1.59761e-07
8.29664e-07
-1.31325e-07
8.20394e-07
-1.04915e-07
8.11134e-07
-8.03232e-08
8.01939e-07
-5.72892e-08
7.92807e-07
-3.5553e-08
7.83656e-07
-1.49339e-08
7.74377e-07
4.60754e-09
7.64989e-07
2.30575e-08
7.55858e-07
4.06726e-08
7.47932e-07
5.83798e-08
7.42838e-07
7.80481e-08
7.42706e-07
1.02389e-07
7.49739e-07
1.34317e-07
7.65665e-07
1.75912e-07
7.9129e-07
2.27382e-07
8.26262e-07
2.86479e-07
8.69066e-07
3.48634e-07
9.17209e-07
4.07784e-07
9.67619e-07
4.57658e-07
1.01717e-06
4.93092e-07
1.06323e-06
5.10923e-07
1.10397e-06
5.10222e-07
1.13849e-06
4.91945e-07
1.1667e-06
4.58284e-07
1.18906e-06
4.12011e-07
1.20636e-06
3.55956e-07
1.21949e-06
2.92701e-07
1.22929e-06
2.24447e-07
1.23642e-06
1.52987e-07
1.24135e-06
7.97182e-08
1.24437e-06
5.72766e-09
1.24562e-06
-6.79413e-08
1.24494e-06
-1.40167e-07
1.242e-06
-2.09838e-07
1.23634e-06
-2.75644e-07
1.22748e-06
-3.36054e-07
1.215e-06
-3.89408e-07
1.19869e-06
-4.34174e-07
1.17874e-06
-4.69291e-07
1.15577e-06
-4.94506e-07
1.13086e-06
-5.10513e-07
1.10542e-06
-5.18818e-07
1.08093e-06
-5.21352e-07
1.05871e-06
-5.20003e-07
1.03977e-06
-5.1629e-07
1.02477e-06
-5.11329e-07
1.01413e-06
-5.05981e-07
1.00818e-06
-5.00995e-07
1.00714e-06
-4.96972e-07
1.01104e-06
-4.94189e-07
1.01968e-06
-4.92422e-07
1.03252e-06
-4.90958e-07
1.0488e-06
-4.88799e-07
1.06768e-06
-4.84936e-07
1.08836e-06
-4.78584e-07
1.11024e-06
-4.69258e-07
1.13292e-06
-4.56731e-07
1.15611e-06
-4.40922e-07
1.17961e-06
-4.21799e-07
1.20321e-06
-3.99314e-07
1.22664e-06
-3.73408e-07
1.24958e-06
-3.44039e-07
1.27163e-06
-3.11228e-07
1.2924e-06
-2.75094e-07
1.3115e-06
-2.35875e-07
1.32857e-06
-1.93928e-07
1.34332e-06
-1.49718e-07
1.35555e-06
-1.03801e-07
1.36513e-06
-5.67802e-08
1.37202e-06
-9.26244e-09
1.37627e-06
3.8158e-08
1.37795e-06
8.48477e-08
1.37719e-06
1.30253e-07
1.37412e-06
1.73887e-07
1.36884e-06
2.1531e-07
1.36145e-06
2.54116e-07
1.352e-06
2.89925e-07
1.34058e-06
3.22397e-07
1.32733e-06
3.51254e-07
1.31247e-06
3.7632e-07
1.29629e-06
3.97543e-07
1.27914e-06
4.15011e-07
1.26142e-06
4.28935e-07
1.2435e-06
4.39617e-07
1.22571e-06
4.47409e-07
1.20832e-06
4.52673e-07
1.19158e-06
4.55759e-07
1.17569e-06
4.56985e-07
1.16083e-06
4.56631e-07
1.14718e-06
4.54918e-07
1.13488e-06
4.52001e-07
1.12408e-06
4.47967e-07
1.11488e-06
4.42841e-07
1.10738e-06
4.36596e-07
4.29114e-07
1.10154e-06
1.58291e-09
8.82893e-07
-3.0576e-08
1.02033e-06
-5.26017e-08
9.96629e-07
-6.32092e-08
8.67132e-07
-6.43822e-08
6.57854e-07
-6.17319e-08
4.21917e-07
-6.18557e-08
2.06777e-07
-6.35891e-08
1.66271e-08
-5.92953e-08
-1.66967e-07
-4.81844e-08
-3.34794e-07
-3.90526e-08
-4.67996e-07
-4.24153e-08
-5.70455e-07
-5.8456e-08
-6.70582e-07
-7.64352e-08
-7.83568e-07
-8.67213e-08
-8.87859e-07
-8.9395e-08
-9.46437e-07
-9.23962e-08
-9.39611e-07
-1.03023e-07
-8.7473e-07
-1.17512e-07
-7.7318e-07
-1.18817e-07
-6.48276e-07
-9.20674e-08
-4.89892e-07
-4.31424e-08
-2.78976e-07
1.2702e-08
-2.41211e-08
6.83618e-08
2.37285e-07
1.26796e-07
4.74364e-07
1.87913e-07
6.68581e-07
2.48533e-07
8.06673e-07
3.05529e-07
8.87594e-07
3.56851e-07
9.19795e-07
4.01925e-07
9.16125e-07
4.41068e-07
8.89046e-07
4.75037e-07
8.4876e-07
5.04845e-07
8.03129e-07
5.31766e-07
7.57909e-07
5.57281e-07
7.16713e-07
5.828e-07
6.80598e-07
6.09233e-07
6.47823e-07
6.36696e-07
6.14353e-07
6.64524e-07
5.75268e-07
6.91616e-07
5.26578e-07
7.16963e-07
4.66519e-07
7.40078e-07
3.95686e-07
7.61083e-07
3.16171e-07
7.80443e-07
2.30451e-07
7.98664e-07
1.40534e-07
8.16144e-07
4.7672e-08
8.33127e-07
-4.6602e-08
8.49971e-07
-1.40065e-07
8.66896e-07
-2.32565e-07
8.83667e-07
-3.23524e-07
8.99987e-07
-4.11834e-07
9.15634e-07
-4.96429e-07
9.30386e-07
-5.76149e-07
9.43868e-07
-6.49179e-07
9.55665e-07
-7.13107e-07
9.65725e-07
-7.66049e-07
9.74705e-07
-8.08047e-07
9.83877e-07
-8.41473e-07
9.94547e-07
-8.69986e-07
1.00731e-06
-8.96654e-07
1.02163e-06
-9.22436e-07
1.03594e-06
-9.45864e-07
1.0483e-06
-9.63919e-07
1.05703e-06
-9.73423e-07
1.06119e-06
-9.72168e-07
1.06065e-06
-9.59406e-07
1.05596e-06
-9.35747e-07
1.04802e-06
-9.0272e-07
1.03783e-06
-8.62291e-07
1.02631e-06
-8.16466e-07
1.0142e-06
-7.67056e-07
1.00197e-06
-7.15568e-07
9.89948e-07
-6.63194e-07
9.78253e-07
-6.10847e-07
9.66913e-07
-5.59212e-07
9.55886e-07
-5.08804e-07
9.45093e-07
-4.60008e-07
9.34449e-07
-4.13112e-07
9.23877e-07
-3.68329e-07
9.13316e-07
-3.25811e-07
9.02728e-07
-2.85657e-07
8.92095e-07
-2.47921e-07
8.81422e-07
-2.12607e-07
8.70725e-07
-1.7968e-07
8.6003e-07
-1.49066e-07
8.49368e-07
-1.20663e-07
8.38786e-07
-9.43338e-08
8.28356e-07
-6.98932e-08
8.18161e-07
-4.70941e-08
8.08253e-07
-2.56455e-08
7.98614e-07
-5.29432e-09
7.89162e-07
1.40593e-08
7.79833e-07
3.2386e-08
7.70774e-07
4.97319e-08
7.62612e-07
6.6542e-08
7.56639e-07
8.4021e-08
7.54784e-07
1.04244e-07
7.59298e-07
1.29803e-07
7.72224e-07
1.62986e-07
7.94843e-07
2.04763e-07
8.27294e-07
2.54027e-07
8.68478e-07
3.0745e-07
9.16216e-07
3.60047e-07
9.67626e-07
4.06248e-07
1.01963e-06
4.41088e-07
1.06945e-06
4.61101e-07
1.11498e-06
4.64693e-07
1.15492e-06
4.52006e-07
1.18874e-06
4.24466e-07
1.21651e-06
3.84239e-07
1.2387e-06
3.33765e-07
1.25596e-06
2.7544e-07
1.26896e-06
2.11446e-07
1.27828e-06
1.43674e-07
1.28432e-06
7.36763e-08
1.28736e-06
2.68502e-09
1.28754e-06
-6.81181e-08
1.28475e-06
-1.37383e-07
1.27876e-06
-2.03849e-07
1.26924e-06
-2.66116e-07
1.25583e-06
-3.2265e-07
1.23834e-06
-3.71921e-07
1.21686e-06
-4.12688e-07
1.19189e-06
-4.44322e-07
1.16443e-06
-4.67052e-07
1.13589e-06
-4.81969e-07
1.10785e-06
-4.90772e-07
1.08179e-06
-4.95301e-07
1.05892e-06
-4.97125e-07
1.03999e-06
-4.97365e-07
1.02549e-06
-4.96823e-07
1.01571e-06
-4.96203e-07
1.0109e-06
-4.96192e-07
1.01122e-06
-4.97287e-07
1.01656e-06
-4.99525e-07
1.02648e-06
-5.02346e-07
1.04024e-06
-5.04723e-07
1.05694e-06
-5.055e-07
1.07573e-06
-5.03723e-07
1.09596e-06
-4.98816e-07
1.11726e-06
-4.90554e-07
1.13944e-06
-4.78913e-07
1.16242e-06
-4.63901e-07
1.18608e-06
-4.45457e-07
1.2102e-06
-4.23434e-07
1.23444e-06
-3.97649e-07
1.25836e-06
-3.67958e-07
1.28145e-06
-3.34323e-07
1.30321e-06
-2.96857e-07
1.32317e-06
-2.55833e-07
1.34092e-06
-2.11674e-07
1.35613e-06
-1.6493e-07
1.36858e-06
-1.16248e-07
1.37813e-06
-6.63304e-08
1.38475e-06
-1.58826e-08
1.3885e-06
3.44093e-08
1.38951e-06
8.38369e-08
1.38798e-06
1.31778e-07
1.38415e-06
1.77721e-07
1.37822e-06
2.21241e-07
1.37036e-06
2.61976e-07
1.36068e-06
2.99603e-07
1.34926e-06
3.33819e-07
1.33616e-06
3.6435e-07
1.3215e-06
3.9098e-07
1.30546e-06
4.13584e-07
1.28831e-06
4.32164e-07
1.27038e-06
4.46857e-07
1.25207e-06
4.57925e-07
1.23376e-06
4.6572e-07
1.2158e-06
4.70634e-07
1.19849e-06
4.73066e-07
1.18209e-06
4.73385e-07
1.16681e-06
4.71913e-07
1.15282e-06
4.68908e-07
1.14027e-06
4.64557e-07
1.12926e-06
4.58972e-07
1.1199e-06
4.52201e-07
1.11226e-06
4.44241e-07
4.35015e-07
1.10636e-06
7.82492e-08
8.04644e-07
9.05598e-08
1.00801e-06
1.10249e-07
9.7694e-07
1.30867e-07
8.46513e-07
1.45917e-07
6.42805e-07
1.53476e-07
4.14358e-07
1.56228e-07
2.04024e-07
1.59721e-07
1.31344e-08
1.67598e-07
-1.74844e-07
1.78223e-07
-3.45419e-07
1.85378e-07
-4.75151e-07
1.83459e-07
-5.68537e-07
1.72498e-07
-6.59621e-07
1.58033e-07
-7.69103e-07
1.4575e-07
-8.75576e-07
1.36432e-07
-9.37118e-07
1.26296e-07
-9.29475e-07
1.08038e-07
-8.56472e-07
7.538e-08
-7.40522e-07
3.58317e-08
-6.08727e-07
1.49233e-08
-4.68984e-07
3.35708e-08
-2.97623e-07
8.23616e-08
-7.29119e-08
1.43675e-07
1.75971e-07
2.107e-07
4.07338e-07
2.79846e-07
5.99435e-07
3.4692e-07
7.39598e-07
4.08506e-07
8.26008e-07
4.62754e-07
8.65547e-07
5.09405e-07
8.69474e-07
5.49169e-07
8.49281e-07
5.8321e-07
8.1472e-07
6.12936e-07
7.73403e-07
6.39959e-07
7.30886e-07
6.66003e-07
6.90669e-07
6.9262e-07
6.53982e-07
7.20775e-07
6.19669e-07
7.5055e-07
5.84577e-07
7.81168e-07
5.4465e-07
8.11365e-07
4.96381e-07
8.39941e-07
4.37942e-07
8.66197e-07
3.69431e-07
8.90023e-07
2.92345e-07
9.11705e-07
2.08769e-07
9.31672e-07
1.20568e-07
9.50286e-07
2.90574e-08
9.67724e-07
-6.40392e-08
9.84434e-07
-1.56775e-07
1.00054e-06
-2.48672e-07
1.01583e-06
-3.38811e-07
1.03009e-06
-4.26094e-07
1.04318e-06
-5.09527e-07
1.05487e-06
-5.87838e-07
1.0647e-06
-6.5901e-07
1.07234e-06
-7.20737e-07
1.07806e-06
-7.71771e-07
1.08302e-06
-8.13009e-07
1.08884e-06
-8.47291e-07
1.09675e-06
-8.77902e-07
1.10689e-06
-9.06795e-07
1.11809e-06
-9.33635e-07
1.12836e-06
-9.56131e-07
1.13566e-06
-9.71223e-07
1.13859e-06
-9.7635e-07
1.13663e-06
-9.7021e-07
1.13011e-06
-9.52884e-07
1.11989e-06
-9.25527e-07
1.10706e-06
-8.89891e-07
1.09268e-06
-8.47906e-07
1.0776e-06
-8.01392e-07
1.06246e-06
-7.51911e-07
1.04762e-06
-7.00731e-07
1.03327e-06
-6.48845e-07
1.01945e-06
-5.97023e-07
1.0061e-06
-5.45862e-07
9.93123e-07
-4.95829e-07
9.80412e-07
-4.47297e-07
9.67863e-07
-4.00562e-07
9.55392e-07
-3.55859e-07
9.42947e-07
-3.13366e-07
9.30501e-07
-2.73211e-07
9.18053e-07
-2.35472e-07
9.05625e-07
-2.00179e-07
8.93257e-07
-1.67312e-07
8.80997e-07
-1.36806e-07
8.68896e-07
-1.08562e-07
8.57011e-07
-8.24492e-08
8.4542e-07
-5.83019e-08
8.34218e-07
-3.5892e-08
8.23496e-07
-1.49241e-08
8.13308e-07
4.89393e-09
8.03628e-07
2.37392e-08
7.94362e-07
4.16518e-08
7.85505e-07
5.85893e-08
7.77384e-07
7.46631e-08
7.70898e-07
9.05073e-08
7.67617e-07
1.07525e-07
7.69627e-07
1.27793e-07
7.791e-07
1.53512e-07
7.9772e-07
1.86143e-07
8.26178e-07
2.25569e-07
8.63933e-07
2.69695e-07
9.0927e-07
3.14709e-07
9.59632e-07
3.55887e-07
1.01208e-06
3.88635e-07
1.06381e-06
4.09375e-07
1.11248e-06
4.16027e-07
1.15644e-06
4.08044e-07
1.19476e-06
3.86143e-07
1.22712e-06
3.51886e-07
1.25361e-06
3.07275e-07
1.2746e-06
2.54449e-07
1.29055e-06
1.95493e-07
1.3019e-06
1.32322e-07
1.309e-06
6.65808e-08
1.31208e-06
-3.98772e-10
1.31129e-06
-6.73309e-08
1.3066e-06
-1.32692e-07
1.29786e-06
-1.9511e-07
1.28488e-06
-2.53128e-07
1.26749e-06
-3.05263e-07
1.24576e-06
-3.50194e-07
1.22012e-06
-3.8705e-07
1.19147e-06
-4.1567e-07
1.16115e-06
-4.36728e-07
1.13077e-06
-4.51596e-07
1.10197e-06
-4.61972e-07
1.07609e-06
-4.69419e-07
1.05403e-06
-4.75067e-07
1.03631e-06
-4.79637e-07
1.02319e-06
-4.83707e-07
1.01492e-06
-4.87932e-07
1.0117e-06
-4.92976e-07
1.0136e-06
-4.9918e-07
1.02032e-06
-5.06248e-07
1.03121e-06
-5.13234e-07
1.04534e-06
-5.18858e-07
1.0618e-06
-5.21958e-07
1.07989e-06
-5.21813e-07
1.09926e-06
-5.18182e-07
1.11983e-06
-5.11127e-07
1.14167e-06
-5.00757e-07
1.16482e-06
-4.87044e-07
1.18913e-06
-4.69772e-07
1.21429e-06
-4.48594e-07
1.2398e-06
-4.23158e-07
1.26506e-06
-3.93212e-07
1.28942e-06
-3.58688e-07
1.31229e-06
-3.19731e-07
1.33315e-06
-2.76686e-07
1.35155e-06
-2.30075e-07
1.36717e-06
-1.80553e-07
1.37979e-06
-1.28869e-07
1.38929e-06
-7.58211e-08
1.39561e-06
-2.22077e-08
1.39883e-06
3.11936e-08
1.39908e-06
8.35865e-08
1.3966e-06
1.34253e-07
1.3917e-06
1.82619e-07
1.3847e-06
2.28239e-07
1.3759e-06
2.70782e-07
1.36551e-06
3.09992e-07
1.35368e-06
3.45649e-07
1.34049e-06
3.77545e-07
1.32598e-06
4.05488e-07
1.31024e-06
4.29326e-07
1.29341e-06
4.48991e-07
1.27573e-06
4.64535e-07
1.25752e-06
4.76137e-07
1.23914e-06
4.841e-07
1.22097e-06
4.88806e-07
1.20336e-06
4.90676e-07
1.18662e-06
4.90125e-07
1.171e-06
4.87527e-07
1.15671e-06
4.83198e-07
1.1439e-06
4.77374e-07
1.13266e-06
4.70211e-07
1.12307e-06
4.61791e-07
1.11517e-06
4.52138e-07
4.41203e-07
1.10898e-06
1.49241e-07
6.55403e-07
2.17792e-07
9.39463e-07
2.75855e-07
9.18877e-07
3.26983e-07
7.95386e-07
3.61307e-07
6.08481e-07
3.79581e-07
3.96084e-07
3.91032e-07
1.92573e-07
4.04035e-07
1.31912e-10
4.16645e-07
-1.87454e-07
4.22489e-07
-3.51264e-07
4.19022e-07
-4.71683e-07
4.10174e-07
-5.59689e-07
4.01156e-07
-6.50603e-07
3.92839e-07
-7.60786e-07
3.8165e-07
-8.64387e-07
3.64407e-07
-9.19875e-07
3.40925e-07
-9.05993e-07
3.12413e-07
-8.2796e-07
2.76221e-07
-7.04331e-07
2.26764e-07
-5.5927e-07
1.73697e-07
-4.15917e-07
1.48317e-07
-2.72244e-07
1.71926e-07
-9.65209e-08
2.29084e-07
1.18814e-07
2.99574e-07
3.36848e-07
3.73696e-07
5.25314e-07
4.45457e-07
6.67837e-07
5.10809e-07
7.60655e-07
5.67741e-07
8.08615e-07
6.16043e-07
8.21171e-07
6.56626e-07
8.08699e-07
6.90937e-07
7.80409e-07
7.20681e-07
7.43659e-07
7.47707e-07
7.0386e-07
7.7389e-07
6.64486e-07
8.00872e-07
6.26999e-07
8.29703e-07
5.90838e-07
8.60551e-07
5.53729e-07
8.92705e-07
5.12496e-07
9.24904e-07
4.64183e-07
9.55851e-07
4.06995e-07
9.84642e-07
3.4064e-07
1.01091e-06
2.66078e-07
1.0347e-06
1.84975e-07
1.05627e-06
9.90049e-08
1.07584e-06
9.48185e-09
1.09363e-06
-8.18284e-08
1.11004e-06
-1.73187e-07
1.12512e-06
-2.63749e-07
1.13873e-06
-3.52423e-07
1.15082e-06
-4.38181e-07
1.1613e-06
-5.2001e-07
1.16985e-06
-5.96387e-07
1.17598e-06
-6.65144e-07
1.17961e-06
-7.2436e-07
1.18152e-06
-7.73688e-07
1.18336e-06
-8.14849e-07
1.18682e-06
-8.5075e-07
1.19271e-06
-8.83787e-07
1.20041e-06
-9.145e-07
1.20815e-06
-9.41371e-07
1.21371e-06
-9.61694e-07
1.2153e-06
-9.72814e-07
1.21202e-06
-9.73067e-07
1.20392e-06
-9.62107e-07
1.19176e-06
-9.40724e-07
1.17666e-06
-9.10427e-07
1.15978e-06
-8.7301e-07
1.14211e-06
-8.30236e-07
1.12438e-06
-7.83664e-07
1.10705e-06
-7.34582e-07
1.09034e-06
-6.84025e-07
1.07431e-06
-6.32812e-07
1.05889e-06
-5.81601e-07
1.04395e-06
-5.30928e-07
1.02937e-06
-4.81243e-07
1.015e-06
-4.32925e-07
1.00073e-06
-3.86296e-07
9.86494e-07
-3.41624e-07
9.72253e-07
-2.99125e-07
9.58003e-07
-2.5896e-07
9.43767e-07
-2.21236e-07
9.29594e-07
-1.86006e-07
9.1555e-07
-1.53268e-07
9.01711e-07
-1.22967e-07
8.88154e-07
-9.50043e-08
8.74955e-07
-6.92497e-08
8.62196e-07
-4.55431e-08
8.49976e-07
-2.36721e-08
8.38409e-07
-3.35677e-09
8.27608e-07
1.56946e-08
8.17607e-07
3.37398e-08
8.08336e-07
5.0923e-08
7.99713e-07
6.72124e-08
7.91831e-07
8.25451e-08
7.85205e-07
9.71329e-08
7.80964e-07
1.11767e-07
7.80843e-07
1.27914e-07
7.86915e-07
1.4744e-07
8.0109e-07
1.71969e-07
8.24555e-07
2.02103e-07
8.57393e-07
2.36857e-07
8.98491e-07
2.73611e-07
9.45759e-07
3.08619e-07
9.96544e-07
3.3785e-07
1.0481e-06
3.57823e-07
1.09796e-06
3.66162e-07
1.14422e-06
3.61784e-07
1.18558e-06
3.44784e-07
1.22132e-06
3.16144e-07
1.25119e-06
2.77408e-07
1.27523e-06
2.30403e-07
1.29368e-06
1.77047e-07
1.3068e-06
1.19201e-07
1.31485e-06
5.85302e-08
1.31804e-06
-3.58547e-09
1.3165e-06
-6.57904e-08
1.31025e-06
-1.26449e-07
1.29926e-06
-1.84118e-07
1.28348e-06
-2.3734e-07
1.26298e-06
-2.84764e-07
1.23815e-06
-3.25369e-07
1.20981e-06
-3.5871e-07
1.17922e-06
-3.85082e-07
1.14799e-06
-4.0549e-07
1.11778e-06
-4.21395e-07
1.09009e-06
-4.34278e-07
1.06594e-06
-4.45263e-07
1.04587e-06
-4.55004e-07
1.03015e-06
-4.63913e-07
1.01894e-06
-4.72499e-07
1.01248e-06
-4.81474e-07
1.01097e-06
-4.91464e-07
1.01433e-06
-5.02544e-07
1.02208e-06
-5.13992e-07
1.03333e-06
-5.24487e-07
1.04711e-06
-5.32639e-07
1.06265e-06
-5.37496e-07
1.07958e-06
-5.38744e-07
1.09794e-06
-5.36541e-07
1.11798e-06
-5.31163e-07
1.13992e-06
-5.22698e-07
1.16378e-06
-5.10906e-07
1.18929e-06
-4.9528e-07
1.21591e-06
-4.75213e-07
1.24293e-06
-4.5018e-07
1.26959e-06
-4.19871e-07
1.29515e-06
-3.84245e-07
1.31895e-06
-3.43537e-07
1.34047e-06
-2.9821e-07
1.35931e-06
-2.48907e-07
1.37515e-06
-1.96399e-07
1.38782e-06
-1.41539e-07
1.39721e-06
-8.52079e-08
1.40328e-06
-2.82774e-08
1.40607e-06
2.84011e-08
1.4057e-06
8.39526e-08
1.4024e-06
1.37555e-07
1.39648e-06
1.8854e-07
1.38833e-06
2.36392e-07
1.37835e-06
2.80765e-07
1.3669e-06
3.21442e-07
1.35425e-06
3.58294e-07
1.34058e-06
3.9122e-07
1.32595e-06
4.20117e-07
1.3104e-06
4.44875e-07
1.29398e-06
4.65412e-07
1.2768e-06
4.81714e-07
1.25906e-06
4.93876e-07
1.24104e-06
5.02117e-07
1.22308e-06
5.06764e-07
1.20554e-06
5.0822e-07
1.18875e-06
5.06917e-07
1.173e-06
5.03273e-07
1.15854e-06
4.9766e-07
1.14554e-06
4.90376e-07
1.13411e-06
4.81639e-07
1.12432e-06
4.7158e-07
1.11619e-06
4.60266e-07
4.47681e-07
1.10971e-06
1.97007e-07
4.58396e-07
3.36013e-07
8.00457e-07
4.38182e-07
8.16708e-07
5.20213e-07
7.13355e-07
5.77615e-07
5.51079e-07
6.12579e-07
3.6112e-07
6.36188e-07
1.68964e-07
6.56359e-07
-2.00395e-08
6.68057e-07
-1.99152e-07
6.63839e-07
-3.47046e-07
6.47614e-07
-4.55458e-07
6.32546e-07
-5.4462e-07
6.26449e-07
-6.44506e-07
6.23653e-07
-7.5799e-07
6.1251e-07
-8.53244e-07
5.86716e-07
-8.9408e-07
5.47986e-07
-8.67263e-07
5.02935e-07
-7.82909e-07
4.58017e-07
-6.59412e-07
4.11673e-07
-5.12927e-07
3.57133e-07
-3.61377e-07
3.05823e-07
-2.20934e-07
2.91158e-07
-8.18553e-08
3.25866e-07
8.41051e-08
3.90625e-07
2.7209e-07
4.65884e-07
4.50054e-07
5.40767e-07
5.92955e-07
6.09477e-07
6.91945e-07
6.69321e-07
7.48771e-07
7.19813e-07
7.70679e-07
7.61839e-07
7.66673e-07
7.96982e-07
7.45266e-07
8.27134e-07
7.13507e-07
8.543e-07
6.76695e-07
8.80445e-07
6.38341e-07
9.07272e-07
6.00171e-07
9.35923e-07
5.62188e-07
9.66723e-07
5.22929e-07
9.99154e-07
4.80065e-07
1.0321e-06
4.31237e-07
1.06428e-06
3.74812e-07
1.09467e-06
3.10256e-07
1.12264e-06
2.38101e-07
1.148e-06
1.59621e-07
1.17076e-06
7.62411e-08
1.19105e-06
-1.08025e-08
1.20902e-06
-9.98059e-08
1.22497e-06
-1.89134e-07
1.23892e-06
-2.77693e-07
1.25087e-06
-3.64377e-07
1.26089e-06
-4.48203e-07
1.26885e-06
-5.27964e-07
1.27429e-06
-6.01828e-07
1.27685e-06
-6.67709e-07
1.27694e-06
-7.24446e-07
1.27595e-06
-7.72705e-07
1.2758e-06
-8.14691e-07
1.27782e-06
-8.52771e-07
1.28202e-06
-8.87985e-07
1.28697e-06
-9.19454e-07
1.29049e-06
-9.44892e-07
1.29054e-06
-9.61738e-07
1.28587e-06
-9.68149e-07
1.27629e-06
-9.63481e-07
1.26241e-06
-9.48229e-07
1.24535e-06
-9.23663e-07
1.22633e-06
-8.91411e-07
1.20645e-06
-8.53134e-07
1.18654e-06
-8.10326e-07
1.16712e-06
-7.64245e-07
1.14846e-06
-7.15916e-07
1.1306e-06
-6.66168e-07
1.11348e-06
-6.15686e-07
1.09693e-06
-5.65053e-07
1.08078e-06
-5.14779e-07
1.06486e-06
-4.65322e-07
1.04903e-06
-4.17092e-07
1.03318e-06
-3.70451e-07
1.01727e-06
-3.25713e-07
1.00128e-06
-2.83138e-07
9.85245e-07
-2.42924e-07
9.69218e-07
-2.05209e-07
9.53282e-07
-1.7007e-07
9.37536e-07
-1.37521e-07
9.22085e-07
-1.07516e-07
9.07036e-07
-7.99557e-08
8.9249e-07
-5.47036e-08
8.78541e-07
-3.15932e-08
8.65283e-07
-1.04146e-08
8.52849e-07
9.07756e-09
8.4138e-07
2.71635e-08
8.30957e-07
4.4163e-08
8.21568e-07
6.0312e-08
8.13123e-07
7.56567e-08
8.05571e-07
9.00977e-08
7.99109e-07
1.03595e-07
7.94417e-07
1.16459e-07
7.92771e-07
1.2956e-07
7.95935e-07
1.44276e-07
8.05805e-07
1.62099e-07
8.23895e-07
1.84013e-07
8.50863e-07
2.0989e-07
8.86262e-07
2.38212e-07
9.28604e-07
2.66276e-07
9.75666e-07
2.90788e-07
1.02491e-06
3.0858e-07
1.07388e-06
3.17192e-07
1.12049e-06
3.15176e-07
1.16315e-06
3.02122e-07
1.20081e-06
2.78486e-07
1.23286e-06
2.45356e-07
1.25905e-06
2.04215e-07
1.27934e-06
1.56755e-07
1.29383e-06
1.04708e-07
1.30269e-06
4.96781e-08
1.30604e-06
-6.94453e-09
1.30403e-06
-6.37731e-08
1.2967e-06
-1.19125e-07
1.28413e-06
-1.71542e-07
1.26644e-06
-2.1965e-07
1.24401e-06
-2.62336e-07
1.21759e-06
-2.98956e-07
1.18838e-06
-3.29498e-07
1.15791e-06
-3.54609e-07
1.12786e-06
-3.75441e-07
1.09977e-06
-3.93304e-07
1.07476e-06
-4.09272e-07
1.05345e-06
-4.23952e-07
1.03605e-06
-4.37606e-07
1.02266e-06
-4.50523e-07
1.01348e-06
-4.63316e-07
1.0088e-06
-4.76795e-07
1.0088e-06
-4.91458e-07
1.01322e-06
-5.06971e-07
1.02136e-06
-5.22125e-07
1.0322e-06
-5.35328e-07
1.04487e-06
-5.45312e-07
1.05894e-06
-5.51572e-07
1.07452e-06
-5.54321e-07
1.09205e-06
-5.54064e-07
1.112e-06
-5.51114e-07
1.1346e-06
-5.45305e-07
1.1597e-06
-5.36001e-07
1.18673e-06
-5.22316e-07
1.2149e-06
-5.03383e-07
1.2433e-06
-4.78574e-07
1.27103e-06
-4.47603e-07
1.29733e-06
-4.10545e-07
1.32157e-06
-3.67778e-07
1.34328e-06
-3.19921e-07
1.36212e-06
-2.6775e-07
1.37788e-06
-2.1215e-07
1.3904e-06
-1.5406e-07
1.39961e-06
-9.44254e-08
1.4055e-06
-3.41634e-08
1.40807e-06
2.58275e-08
1.40741e-06
8.46175e-08
1.40367e-06
1.41299e-07
1.39711e-06
1.95096e-07
1.38811e-06
2.45388e-07
1.37713e-06
2.9175e-07
1.36462e-06
3.33949e-07
1.35101e-06
3.71908e-07
1.33659e-06
4.05634e-07
1.32156e-06
4.35151e-07
1.30598e-06
4.60458e-07
1.28986e-06
4.81528e-07
1.27323e-06
4.98342e-07
1.25617e-06
5.10937e-07
1.23884e-06
5.19448e-07
1.22148e-06
5.24121e-07
1.2044e-06
5.25301e-07
1.18792e-06
5.23401e-07
1.17234e-06
5.18851e-07
1.15793e-06
5.12066e-07
1.14491e-06
5.03402e-07
1.13341e-06
4.93141e-07
1.1235e-06
4.81481e-07
1.11523e-06
4.68545e-07
4.54366e-07
1.10854e-06
2.01982e-07
2.56414e-07
4.16145e-07
5.86294e-07
5.80046e-07
6.52807e-07
7.01085e-07
5.92315e-07
7.85327e-07
4.66837e-07
8.40085e-07
3.06362e-07
8.7647e-07
1.32579e-07
8.98305e-07
-4.18748e-08
8.98974e-07
-1.9982e-07
8.79434e-07
-3.27507e-07
8.55559e-07
-4.31583e-07
8.44387e-07
-5.33448e-07
8.4652e-07
-6.4664e-07
8.46221e-07
-7.57691e-07
8.2786e-07
-8.34883e-07
7.87755e-07
-8.53975e-07
7.32413e-07
-8.11921e-07
6.71473e-07
-7.2197e-07
6.14083e-07
-6.02022e-07
5.66049e-07
-4.64893e-07
5.22933e-07
-3.18261e-07
4.76588e-07
-1.74588e-07
4.39482e-07
-4.4749e-08
4.41022e-07
8.2565e-08
4.85545e-07
2.27567e-07
5.54343e-07
3.81256e-07
6.29579e-07
5.17719e-07
7.01131e-07
6.20393e-07
7.64377e-07
6.85525e-07
8.17981e-07
7.17075e-07
8.62491e-07
7.22163e-07
8.99429e-07
7.08328e-07
9.3075e-07
6.82186e-07
9.58539e-07
6.48906e-07
9.84814e-07
6.12066e-07
1.01132e-06
5.73665e-07
1.03929e-06
5.34217e-07
1.06924e-06
4.92982e-07
1.1009e-06
4.48406e-07
1.1334e-06
3.98736e-07
1.1656e-06
3.42612e-07
1.19643e-06
2.79422e-07
1.22512e-06
2.09406e-07
1.25124e-06
1.33504e-07
1.27461e-06
5.28689e-08
1.2952e-06
-3.13917e-08
1.31309e-06
-1.17688e-07
1.3284e-06
-2.0445e-07
1.34122e-06
-2.90514e-07
1.35168e-06
-3.74839e-07
1.35982e-06
-4.56337e-07
1.36531e-06
-5.33459e-07
1.36771e-06
-6.0422e-07
1.36705e-06
-6.67054e-07
1.36444e-06
-7.21833e-07
1.36174e-06
-7.70008e-07
1.36066e-06
-8.13612e-07
1.36172e-06
-8.53832e-07
1.36393e-06
-8.90189e-07
1.36524e-06
-9.20769e-07
1.36353e-06
-9.43177e-07
1.35733e-06
-9.55539e-07
1.34622e-06
-9.57045e-07
1.33072e-06
-9.4798e-07
1.31191e-06
-9.29418e-07
1.29107e-06
-9.02819e-07
1.26936e-06
-8.69706e-07
1.24769e-06
-8.31465e-07
1.22664e-06
-7.89272e-07
1.20649e-06
-7.4409e-07
1.18728e-06
-6.96712e-07
1.16892e-06
-6.4781e-07
1.15122e-06
-5.97981e-07
1.13394e-06
-5.47775e-07
1.11687e-06
-4.97711e-07
1.09983e-06
-4.48279e-07
1.08268e-06
-3.99941e-07
1.06534e-06
-3.53114e-07
1.04779e-06
-3.08167e-07
1.03006e-06
-2.65409e-07
1.01222e-06
-2.25082e-07
9.94369e-07
-1.87355e-07
9.76625e-07
-1.52326e-07
9.59126e-07
-1.20022e-07
9.42011e-07
-9.04015e-08
9.2542e-07
-6.33643e-08
9.0948e-07
-3.87633e-08
8.94298e-07
-1.64112e-08
8.7998e-07
3.90302e-09
8.66662e-07
2.23955e-08
8.54479e-07
3.93471e-08
8.43543e-07
5.50989e-08
8.33908e-07
6.99467e-08
8.25525e-07
8.40396e-08
8.18285e-07
9.73383e-08
8.12169e-07
1.0971e-07
8.07473e-07
1.21155e-07
8.04985e-07
1.32048e-07
8.06024e-07
1.43237e-07
8.12242e-07
1.55881e-07
8.25234e-07
1.71021e-07
8.46066e-07
1.89058e-07
8.74915e-07
2.09363e-07
9.10959e-07
2.30232e-07
9.52538e-07
2.49209e-07
9.97484e-07
2.63634e-07
1.04349e-06
2.71184e-07
1.08843e-06
2.70239e-07
1.13053e-06
2.60023e-07
1.16846e-06
2.40554e-07
1.20132e-06
2.12495e-07
1.22856e-06
1.76972e-07
1.24991e-06
1.35408e-07
1.26528e-06
8.93371e-08
1.27472e-06
4.02384e-08
1.27831e-06
-1.05336e-08
1.27612e-06
-6.15865e-08
1.26827e-06
-1.11268e-07
1.25491e-06
-1.5819e-07
1.23644e-06
-2.0118e-07
1.21357e-06
-2.3946e-07
1.1874e-06
-2.72785e-07
1.15938e-06
-3.01485e-07
1.13115e-06
-3.26375e-07
1.10422e-06
-3.48511e-07
1.07976e-06
-3.68845e-07
1.05843e-06
-3.87939e-07
1.04043e-06
-4.05951e-07
1.02577e-06
-4.22947e-07
1.01457e-06
-4.39325e-07
1.00717e-06
-4.55917e-07
1.00396e-06
-4.73583e-07
1.00501e-06
-4.92512e-07
1.00986e-06
-5.11819e-07
1.01757e-06
-5.29838e-07
1.02717e-06
-5.44926e-07
1.03809e-06
-5.56229e-07
1.05041e-06
-5.63889e-07
1.06474e-06
-5.68649e-07
1.08185e-06
-5.71177e-07
1.10227e-06
-5.71536e-07
1.12602e-06
-5.69057e-07
1.1526e-06
-5.62577e-07
1.18111e-06
-5.50822e-07
1.21048e-06
-5.32756e-07
1.23967e-06
-5.07766e-07
1.26777e-06
-4.75705e-07
1.29406e-06
-4.36836e-07
1.31802e-06
-3.91732e-07
1.33927e-06
-3.41178e-07
1.3576e-06
-2.8608e-07
1.37287e-06
-2.27418e-07
1.38501e-06
-1.66194e-07
1.39397e-06
-1.03389e-07
1.39975e-06
-3.99399e-08
1.40234e-06
2.3238e-08
1.40176e-06
8.5191e-08
1.3981e-06
1.4496e-07
1.39152e-06
2.01677e-07
1.38231e-06
2.546e-07
1.37088e-06
3.03179e-07
1.35773e-06
3.47097e-07
1.34338e-06
3.86259e-07
1.32828e-06
4.20738e-07
1.31275e-06
4.5068e-07
1.29698e-06
4.76229e-07
1.28102e-06
4.97479e-07
1.26489e-06
5.14477e-07
1.24857e-06
5.27258e-07
1.23211e-06
5.35905e-07
1.21565e-06
5.40584e-07
1.19939e-06
5.41565e-07
1.18358e-06
5.39203e-07
1.16853e-06
5.3391e-07
1.15448e-06
5.2611e-07
1.14168e-06
5.16203e-07
1.13029e-06
5.04527e-07
1.12043e-06
4.91348e-07
1.11212e-06
4.76851e-07
4.61135e-07
1.10535e-06
1.4367e-07
1.12744e-07
4.17957e-07
3.12008e-07
6.54592e-07
4.16173e-07
8.29408e-07
4.17499e-07
9.50403e-07
3.45842e-07
1.02935e-06
2.27411e-07
1.07483e-06
8.70999e-08
1.08778e-06
-5.48182e-08
1.0743e-06
-1.86342e-07
1.05261e-06
-3.05818e-07
1.04269e-06
-4.21658e-07
1.04981e-06
-5.40574e-07
1.0596e-06
-6.56433e-07
1.05123e-06
-7.49316e-07
1.01417e-06
-7.9782e-07
9.52649e-07
-7.92458e-07
8.79032e-07
-7.38304e-07
8.05392e-07
-6.4833e-07
7.39668e-07
-5.36298e-07
6.87397e-07
-4.12622e-07
6.50601e-07
-2.81465e-07
6.21152e-07
-1.45139e-07
5.90973e-07
-1.45699e-08
5.73853e-07
9.96848e-08
5.90875e-07
2.10545e-07
6.41879e-07
3.30252e-07
7.10869e-07
4.48729e-07
7.82913e-07
5.48349e-07
8.49492e-07
6.18945e-07
9.07165e-07
6.59402e-07
9.55484e-07
6.73844e-07
9.95561e-07
6.68251e-07
1.02922e-06
6.48523e-07
1.05855e-06
6.19584e-07
1.08556e-06
5.85054e-07
1.11204e-06
5.47186e-07
1.1393e-06
5.06951e-07
1.16805e-06
4.64231e-07
1.1983e-06
4.1816e-07
1.22946e-06
3.67572e-07
1.26063e-06
3.1145e-07
1.29081e-06
2.49243e-07
1.31917e-06
1.81043e-07
1.34514e-06
1.07535e-07
1.36839e-06
2.96115e-08
1.38875e-06
-5.17485e-08
1.40615e-06
-1.35082e-07
1.42065e-06
-2.1895e-07
1.43239e-06
-3.02253e-07
1.44147e-06
-3.83927e-07
1.44772e-06
-4.62584e-07
1.45066e-06
-5.36402e-07
1.45014e-06
-6.03699e-07
1.44694e-06
-6.63855e-07
1.4428e-06
-7.17691e-07
1.43957e-06
-7.6678e-07
1.43815e-06
-8.12193e-07
1.43792e-06
-8.53602e-07
1.43707e-06
-8.89332e-07
1.43346e-06
-9.17164e-07
1.42556e-06
-9.35273e-07
1.41282e-06
-9.42798e-07
1.39568e-06
-9.39909e-07
1.37524e-06
-9.27534e-07
1.3528e-06
-9.0698e-07
1.3296e-06
-8.79617e-07
1.30658e-06
-8.46689e-07
1.28436e-06
-8.09244e-07
1.26322e-06
-7.68134e-07
1.2432e-06
-7.2407e-07
1.22415e-06
-6.77666e-07
1.20584e-06
-6.29496e-07
1.18797e-06
-5.80113e-07
1.17027e-06
-5.30076e-07
1.1525e-06
-4.79942e-07
1.13448e-06
-4.30259e-07
1.1161e-06
-3.81555e-07
1.0973e-06
-3.34318e-07
1.07812e-06
-2.8898e-07
1.05861e-06
-2.45906e-07
1.03891e-06
-2.05381e-07
1.01916e-06
-1.67607e-07
9.99538e-07
-1.32701e-07
9.80212e-07
-1.00697e-07
9.61365e-07
-7.15538e-08
9.43166e-07
-4.5166e-08
9.2577e-07
-2.13668e-08
9.09305e-07
5.34154e-11
8.93903e-07
1.93049e-08
8.79681e-07
3.6618e-08
8.66748e-07
5.22793e-08
8.55234e-07
6.66132e-08
8.45238e-07
7.99427e-08
8.36771e-07
9.25063e-08
8.29739e-07
1.04371e-07
8.24016e-07
1.15433e-07
8.1962e-07
1.25551e-07
8.16909e-07
1.34758e-07
8.16707e-07
1.43439e-07
8.20262e-07
1.52325e-07
8.29004e-07
1.62279e-07
8.44159e-07
1.73904e-07
8.66362e-07
1.8716e-07
8.95421e-07
2.01172e-07
9.30309e-07
2.14321e-07
9.69361e-07
2.24582e-07
1.01058e-06
2.29962e-07
1.05195e-06
2.28869e-07
1.09165e-06
2.20329e-07
1.12817e-06
2.04033e-07
1.16038e-06
1.8028e-07
1.1875e-06
1.49856e-07
1.20903e-06
1.13883e-07
1.22471e-06
7.36479e-08
1.23449e-06
3.046e-08
1.23835e-06
-1.43954e-08
1.23632e-06
-5.95498e-08
1.22854e-06
-1.03488e-07
1.21537e-06
-1.45019e-07
1.19747e-06
-1.83282e-07
1.17588e-06
-2.17868e-07
1.15194e-06
-2.48845e-07
1.12715e-06
-2.76702e-07
1.10297e-06
-3.02186e-07
1.0805e-06
-3.26047e-07
1.06043e-06
-3.4877e-07
1.04294e-06
-3.70457e-07
1.02801e-06
-3.91011e-07
1.01563e-06
-4.10569e-07
1.00612e-06
-4.29821e-07
1.00004e-06
-4.49832e-07
9.9779e-07
-4.71335e-07
9.99271e-07
-4.93992e-07
1.00374e-06
-5.16289e-07
1.01016e-06
-5.36258e-07
1.01776e-06
-5.52531e-07
1.0265e-06
-5.6496e-07
1.03704e-06
-5.74437e-07
1.05048e-06
-5.82084e-07
1.06771e-06
-5.88406e-07
1.08906e-06
-5.92885e-07
1.11415e-06
-5.94148e-07
1.14204e-06
-5.90469e-07
1.17151e-06
-5.80295e-07
1.20133e-06
-5.62575e-07
1.23042e-06
-5.36858e-07
1.25796e-06
-5.03239e-07
1.28335e-06
-4.62227e-07
1.30622e-06
-4.14605e-07
1.32636e-06
-3.61314e-07
1.34365e-06
-3.03372e-07
1.35805e-06
-2.41821e-07
1.36956e-06
-1.77701e-07
1.37817e-06
-1.12003e-07
1.38389e-06
-4.56533e-08
1.38669e-06
2.04345e-08
1.38657e-06
8.53138e-08
1.38351e-06
1.4802e-07
1.37756e-06
2.07623e-07
1.36889e-06
2.63268e-07
1.35781e-06
3.14264e-07
1.34475e-06
3.60152e-07
1.33026e-06
4.00749e-07
1.31488e-06
4.36116e-07
1.29908e-06
4.6648e-07
1.28319e-06
4.92122e-07
1.26738e-06
5.13292e-07
1.25169e-06
5.3016e-07
1.23612e-06
5.42833e-07
1.22063e-06
5.51394e-07
1.20525e-06
5.55962e-07
1.19009e-06
5.56731e-07
1.1753e-06
5.53987e-07
1.16112e-06
5.4809e-07
1.14778e-06
5.39448e-07
1.13552e-06
5.2847e-07
1.12451e-06
5.15536e-07
1.11489e-06
5.00966e-07
1.10673e-06
4.8501e-07
4.67835e-07
1.10003e-06
1.39579e-07
-2.68355e-08
3.81094e-07
7.04925e-08
6.29841e-07
1.67426e-07
8.36488e-07
2.10852e-07
9.89283e-07
1.93047e-07
1.09029e-06
1.26401e-07
1.1487e-06
2.86957e-08
1.17512e-06
-8.12426e-08
1.19036e-06
-2.01579e-07
1.20942e-06
-3.24883e-07
1.23508e-06
-4.47317e-07
1.25573e-06
-5.61223e-07
1.25386e-06
-6.54561e-07
1.21883e-06
-7.14291e-07
1.15327e-06
-7.32258e-07
1.06947e-06
-7.08658e-07
9.81806e-07
-6.50638e-07
9.01337e-07
-5.67861e-07
8.33867e-07
-4.68827e-07
7.8147e-07
-3.60226e-07
7.46184e-07
-2.46179e-07
7.27448e-07
-1.26403e-07
7.15663e-07
-2.7848e-09
7.04578e-07
1.1077e-07
7.06352e-07
2.08772e-07
7.35027e-07
3.01577e-07
7.88697e-07
3.95058e-07
8.55024e-07
4.82023e-07
9.22343e-07
5.51627e-07
9.83844e-07
5.97901e-07
1.03693e-06
6.20761e-07
1.08157e-06
6.23611e-07
1.11906e-06
6.11032e-07
1.15125e-06
5.87394e-07
1.18009e-06
5.56212e-07
1.20736e-06
5.19914e-07
1.23446e-06
4.79854e-07
1.26224e-06
4.36444e-07
1.29099e-06
3.89411e-07
1.32043e-06
3.38133e-07
1.34992e-06
2.81965e-07
1.37864e-06
2.20523e-07
1.40581e-06
1.53872e-07
1.43082e-06
8.25283e-08
1.45325e-06
7.18153e-09
1.47279e-06
-7.12954e-08
1.48929e-06
-1.51583e-07
1.50279e-06
-2.32445e-07
1.51335e-06
-3.12817e-07
1.52084e-06
-3.91417e-07
1.52483e-06
-4.6657e-07
1.52505e-06
-5.3662e-07
1.52206e-06
-6.00716e-07
1.51744e-06
-6.59233e-07
1.51305e-06
-7.13295e-07
1.50996e-06
-7.63695e-07
1.50782e-06
-8.10054e-07
1.50501e-06
-8.5079e-07
1.49949e-06
-8.83816e-07
1.48974e-06
-9.07408e-07
1.4752e-06
-9.20739e-07
1.45635e-06
-9.23945e-07
1.4343e-06
-9.1786e-07
1.41043e-06
-9.0366e-07
1.386e-06
-8.82555e-07
1.36201e-06
-8.55622e-07
1.33906e-06
-8.23743e-07
1.31744e-06
-7.87625e-07
1.29715e-06
-7.47845e-07
1.278e-06
-7.0492e-07
1.25969e-06
-6.59349e-07
1.24185e-06
-6.11657e-07
1.22413e-06
-5.62402e-07
1.20624e-06
-5.12182e-07
1.18792e-06
-4.61621e-07
1.16901e-06
-4.11345e-07
1.14942e-06
-3.61966e-07
1.12915e-06
-3.1405e-07
1.10827e-06
-2.68105e-07
1.08692e-06
-2.24553e-07
1.06527e-06
-1.83729e-07
1.04353e-06
-1.45864e-07
1.02192e-06
-1.11092e-07
1.00067e-06
-7.9449e-08
9.80002e-07
-5.08868e-08
9.60119e-07
-2.52828e-08
9.41196e-07
-2.44327e-09
9.23404e-07
1.78455e-08
9.06881e-07
3.58277e-08
8.91719e-07
5.17797e-08
8.78012e-07
6.5986e-08
8.65878e-07
7.87479e-08
8.55432e-07
9.03881e-08
8.4674e-07
1.01199e-07
8.39759e-07
1.11352e-07
8.34351e-07
1.20841e-07
8.30382e-07
1.2952e-07
8.27892e-07
1.37249e-07
8.27256e-07
1.44075e-07
8.29252e-07
1.50329e-07
8.34964e-07
1.56568e-07
8.45525e-07
1.63343e-07
8.61785e-07
1.709e-07
8.84021e-07
1.78937e-07
9.11797e-07
1.86545e-07
9.44022e-07
1.92357e-07
9.79146e-07
1.94838e-07
1.01541e-06
1.92602e-07
1.0511e-06
1.84644e-07
1.08466e-06
1.70471e-07
1.11484e-06
1.50104e-07
1.14067e-06
1.24025e-07
1.16149e-06
9.30548e-08
1.17692e-06
5.82178e-08
1.18675e-06
2.06384e-08
1.19086e-06
-1.85059e-08
1.18926e-06
-5.79538e-08
1.18223e-06
-9.64589e-08
1.17035e-06
-1.33141e-07
1.15455e-06
-1.67484e-07
1.13604e-06
-1.99356e-07
1.11615e-06
-2.28953e-07
1.09614e-06
-2.56694e-07
1.07703e-06
-2.83069e-07
1.05942e-06
-3.08436e-07
1.04351e-06
-3.32866e-07
1.02924e-06
-3.56187e-07
1.01655e-06
-3.78318e-07
1.00567e-06
-3.99694e-07
9.97226e-07
-4.21373e-07
9.91907e-07
-4.44513e-07
9.9003e-07
-4.69458e-07
9.91186e-07
-4.95148e-07
9.94391e-07
-5.19494e-07
9.98666e-07
-5.40533e-07
1.00368e-06
-5.57549e-07
1.01006e-06
-5.71334e-07
1.01909e-06
-5.83464e-07
1.03212e-06
-5.95115e-07
1.04992e-06
-6.06213e-07
1.07239e-06
-6.15356e-07
1.09862e-06
-6.20373e-07
1.12724e-06
-6.19087e-07
1.1568e-06
-6.09859e-07
1.18604e-06
-5.91814e-07
1.21398e-06
-5.64802e-07
1.23997e-06
-5.29226e-07
1.2636e-06
-4.85859e-07
1.28468e-06
-4.35679e-07
1.30312e-06
-3.79757e-07
1.31893e-06
-3.19187e-07
1.33216e-06
-2.55048e-07
1.34285e-06
-1.88385e-07
1.35102e-06
-1.20177e-07
1.35668e-06
-5.13167e-08
1.35982e-06
1.73006e-08
1.36038e-06
8.47492e-08
1.3583e-06
1.50102e-07
1.35352e-06
2.12402e-07
1.34607e-06
2.70717e-07
1.33612e-06
3.24216e-07
1.324e-06
3.72277e-07
1.31018e-06
4.1457e-07
1.29522e-06
4.51073e-07
1.27968e-06
4.8202e-07
1.26401e-06
5.07788e-07
1.24853e-06
5.28772e-07
1.23339e-06
5.45305e-07
1.21861e-06
5.57614e-07
1.20415e-06
5.65848e-07
1.18999e-06
5.70125e-07
1.17612e-06
5.70595e-07
1.16263e-06
5.67477e-07
1.14966e-06
5.61068e-07
1.13738e-06
5.51729e-07
1.12599e-06
5.39859e-07
1.11567e-06
5.25849e-07
1.10658e-06
5.10058e-07
1.0988e-06
4.92787e-07
4.74267e-07
1.09237e-06
7.70889e-07
3.0733e-08
7.67787e-07
7.35945e-08
8.16778e-07
1.18435e-07
8.96898e-07
1.30732e-07
9.83808e-07
1.06136e-07
1.06114e-06
4.90702e-08
1.12603e-06
-3.619e-08
1.1841e-06
-1.39322e-07
1.23419e-06
-2.51668e-07
1.27333e-06
-3.64016e-07
1.29399e-06
-4.67979e-07
1.28787e-06
-5.551e-07
1.25096e-06
-6.17658e-07
1.18695e-06
-6.5028e-07
1.10593e-06
-6.51233e-07
1.01991e-06
-6.22638e-07
9.38676e-07
-5.69405e-07
8.68247e-07
-4.97433e-07
8.11325e-07
-4.11905e-07
7.6807e-07
-3.16971e-07
7.38423e-07
-2.16532e-07
7.24314e-07
-1.12294e-07
7.24149e-07
-2.62029e-09
7.28117e-07
1.06801e-07
7.32827e-07
2.04061e-07
7.47297e-07
2.87107e-07
7.7966e-07
3.62696e-07
8.28039e-07
4.33643e-07
8.84235e-07
4.95431e-07
9.40332e-07
5.41804e-07
9.91554e-07
5.69539e-07
1.0361e-06
5.79067e-07
1.07409e-06
5.73044e-07
1.10664e-06
5.5484e-07
1.13527e-06
5.27586e-07
1.16147e-06
4.93709e-07
1.18653e-06
4.54797e-07
1.21133e-06
4.11646e-07
1.2363e-06
3.64436e-07
1.26146e-06
3.12978e-07
1.28645e-06
2.56971e-07
1.31075e-06
1.96228e-07
1.33375e-06
1.30869e-07
1.35495e-06
6.13271e-08
1.37394e-06
-1.18119e-08
1.3904e-06
-8.7748e-08
1.40414e-06
-1.65326e-07
1.41514e-06
-2.43444e-07
1.42323e-06
-3.20907e-07
1.42801e-06
-3.96205e-07
1.42922e-06
-4.67771e-07
1.42722e-06
-5.34624e-07
1.4233e-06
-5.96795e-07
1.41908e-06
-6.5501e-07
1.41558e-06
-7.09801e-07
1.41261e-06
-7.60719e-07
1.40881e-06
-8.06255e-07
1.40244e-06
-8.44426e-07
1.39219e-06
-8.73568e-07
1.37764e-06
-8.92852e-07
1.35925e-06
-9.02352e-07
1.33811e-06
-9.02807e-07
1.31552e-06
-8.95267e-07
1.29266e-06
-8.80802e-07
1.27045e-06
-8.6034e-07
1.24944e-06
-8.34616e-07
1.22989e-06
-8.0419e-07
1.21177e-06
-7.69504e-07
1.19487e-06
-7.30947e-07
1.17886e-06
-6.88914e-07
1.16337e-06
-6.43853e-07
1.14799e-06
-5.9628e-07
1.13238e-06
-5.46792e-07
1.11625e-06
-4.96047e-07
1.09937e-06
-4.44744e-07
1.08162e-06
-3.93598e-07
1.06296e-06
-3.43304e-07
1.04342e-06
-2.94514e-07
1.02313e-06
-2.47807e-07
1.00224e-06
-2.03667e-07
9.80982e-07
-1.62472e-07
9.59599e-07
-1.24482e-07
9.38347e-07
-8.98402e-08
9.17479e-07
-5.85806e-08
8.97231e-07
-3.06394e-08
8.77814e-07
-5.86498e-09
8.59426e-07
1.59441e-08
8.42244e-07
3.50282e-08
8.26377e-07
5.16946e-08
8.11903e-07
6.62531e-08
7.98896e-07
7.89936e-08
7.87436e-07
9.02077e-08
7.77619e-07
1.00205e-07
7.69527e-07
1.09292e-07
7.63171e-07
1.17708e-07
7.58462e-07
1.25549e-07
7.5524e-07
1.32742e-07
7.53373e-07
1.39116e-07
7.52899e-07
1.44548e-07
7.5414e-07
1.49088e-07
7.57708e-07
1.53e-07
7.64395e-07
1.56656e-07
7.74951e-07
1.60343e-07
7.89845e-07
1.64043e-07
8.09079e-07
1.67311e-07
8.32136e-07
1.693e-07
8.58051e-07
1.68924e-07
8.8557e-07
1.65083e-07
9.13333e-07
1.56881e-07
9.40032e-07
1.43772e-07
9.64517e-07
1.2562e-07
9.85858e-07
1.02684e-07
1.00337e-06
7.55439e-08
1.01658e-06
4.50069e-08
1.0252e-06
1.20213e-08
1.02909e-06
-2.24008e-08
1.02834e-06
-5.72045e-08
1.02335e-06
-9.14703e-08
1.01482e-06
-1.2461e-07
1.00367e-06
-1.56327e-07
9.9088e-07
-1.8657e-07
9.77396e-07
-2.15469e-07
9.63953e-07
-2.43252e-07
9.51019e-07
-2.70135e-07
9.38763e-07
-2.96181e-07
9.27135e-07
-3.21238e-07
9.16051e-07
-3.45104e-07
9.05652e-07
-3.67919e-07
8.96459e-07
-3.90501e-07
8.89259e-07
-4.14173e-07
8.84695e-07
-4.39949e-07
8.82801e-07
-4.67564e-07
8.82886e-07
-4.95233e-07
8.83932e-07
-5.20541e-07
8.85297e-07
-5.41898e-07
8.87253e-07
-5.59505e-07
8.91005e-07
-5.75086e-07
8.98153e-07
-5.90611e-07
9.0993e-07
-6.06893e-07
9.26673e-07
-6.22956e-07
9.47746e-07
-6.36428e-07
9.71857e-07
-6.44483e-07
9.975e-07
-6.4473e-07
1.02331e-06
-6.35668e-07
1.04823e-06
-6.16739e-07
1.07157e-06
-5.88141e-07
1.09292e-06
-5.50576e-07
1.1121e-06
-5.05035e-07
1.12906e-06
-4.52641e-07
1.14385e-06
-3.94546e-07
1.15655e-06
-3.31884e-07
1.16724e-06
-2.65742e-07
1.17601e-06
-1.97153e-07
1.1829e-06
-1.27073e-07
1.18795e-06
-5.63626e-08
1.19112e-06
1.41272e-08
1.19237e-06
8.34971e-08
1.19159e-06
1.50882e-07
1.18865e-06
2.15343e-07
1.18347e-06
2.75901e-07
1.17606e-06
3.31623e-07
1.1666e-06
3.81737e-07
1.15542e-06
4.25751e-07
1.14298e-06
4.63514e-07
1.1298e-06
4.95204e-07
1.11636e-06
5.21226e-07
1.10305e-06
5.42083e-07
1.0901e-06
5.58248e-07
1.07763e-06
5.70089e-07
1.06562e-06
5.77856e-07
1.05403e-06
5.81716e-07
1.04281e-06
5.81813e-07
1.03197e-06
5.78324e-07
1.02154e-06
5.7149e-07
1.01165e-06
5.61625e-07
1.00241e-06
5.49091e-07
9.93989e-07
5.34274e-07
9.86501e-07
5.17547e-07
9.80046e-07
4.99241e-07
4.7964e-07
9.74673e-07
1.22165e-06
4.96529e-08
1.22008e-06
7.51631e-08
1.23806e-06
1.00455e-07
1.26914e-06
9.96455e-08
1.30986e-06
6.54236e-08
1.35448e-06
4.4452e-09
1.39567e-06
-7.73816e-08
1.42696e-06
-1.70608e-07
1.44315e-06
-2.67862e-07
1.43978e-06
-3.60642e-07
1.41346e-06
-4.41664e-07
1.36394e-06
-5.05574e-07
1.29503e-06
-5.48753e-07
1.21385e-06
-5.69095e-07
1.12866e-06
-5.6605e-07
1.04679e-06
-5.40761e-07
9.73245e-07
-4.95864e-07
9.10725e-07
-4.34912e-07
8.60391e-07
-3.61571e-07
8.22337e-07
-2.78917e-07
7.9583e-07
-1.90025e-07
7.81729e-07
-9.81937e-08
7.82736e-07
-3.62719e-09
7.95284e-07
9.42535e-08
8.10687e-07
1.88659e-07
8.27036e-07
2.70759e-07
8.5051e-07
3.39221e-07
8.86195e-07
3.97958e-07
9.32752e-07
4.48873e-07
9.84621e-07
4.89935e-07
1.03614e-06
5.18021e-07
1.08367e-06
5.3154e-07
1.12573e-06
5.30976e-07
1.1624e-06
5.1817e-07
1.19457e-06
4.95423e-07
1.22342e-06
4.64853e-07
1.25013e-06
4.28085e-07
1.27562e-06
3.86159e-07
1.30045e-06
3.39605e-07
1.32483e-06
2.88604e-07
1.34863e-06
2.33173e-07
1.37151e-06
1.73345e-07
1.39304e-06
1.09342e-07
1.41276e-06
4.15977e-08
1.43031e-06
-2.93532e-08
1.44534e-06
-1.02787e-07
1.45767e-06
-1.77651e-07
1.46704e-06
-2.52812e-07
1.47306e-06
-3.26927e-07
1.47545e-06
-3.98599e-07
1.47454e-06
-4.66863e-07
1.47146e-06
-5.31538e-07
1.46766e-06
-5.92996e-07
1.4641e-06
-6.51448e-07
1.46058e-06
-7.06288e-07
1.45588e-06
-7.56019e-07
1.44838e-06
-7.98756e-07
1.43689e-06
-8.32933e-07
1.42108e-06
-8.5776e-07
1.40152e-06
-8.73289e-07
1.37935e-06
-8.8018e-07
1.3559e-06
-8.79364e-07
1.33241e-06
-8.71775e-07
1.3098e-06
-8.58189e-07
1.28865e-06
-8.39187e-07
1.26921e-06
-8.15174e-07
1.25145e-06
-7.86437e-07
1.23516e-06
-7.53211e-07
1.21996e-06
-7.15748e-07
1.20542e-06
-6.74371e-07
1.19107e-06
-6.29507e-07
1.17649e-06
-5.81702e-07
1.16131e-06
-5.31606e-07
1.14521e-06
-4.79954e-07
1.12801e-06
-4.27535e-07
1.10957e-06
-3.75161e-07
1.08989e-06
-3.23627e-07
1.06906e-06
-2.7368e-07
1.04723e-06
-2.25981e-07
1.02465e-06
-1.81083e-07
1.00159e-06
-1.39411e-07
9.78358e-07
-1.01252e-07
9.55277e-07
-6.67586e-08
9.32649e-07
-3.59527e-08
9.1075e-07
-8.7408e-09
8.89839e-07
1.50459e-08
8.70147e-07
3.56367e-08
8.51828e-07
5.3347e-08
8.34992e-07
6.85308e-08
8.19722e-07
8.15227e-08
8.06079e-07
9.26372e-08
7.94115e-07
1.02171e-07
7.83899e-07
1.10421e-07
7.75504e-07
1.17686e-07
7.68977e-07
1.24236e-07
7.64282e-07
1.30244e-07
7.61287e-07
1.35736e-07
7.5981e-07
1.40594e-07
7.59717e-07
1.44641e-07
7.61044e-07
1.47761e-07
7.64064e-07
1.49979e-07
7.69265e-07
1.51456e-07
7.77225e-07
1.52384e-07
7.88429e-07
1.52838e-07
8.0309e-07
1.5265e-07
8.21031e-07
1.51359e-07
8.41677e-07
1.48277e-07
8.64136e-07
1.42624e-07
8.87325e-07
1.33692e-07
9.10112e-07
1.20984e-07
9.31438e-07
1.04294e-07
9.50394e-07
8.37282e-08
9.6626e-07
5.96782e-08
9.78515e-07
3.27517e-08
9.8684e-07
3.69566e-09
9.91155e-07
-2.67151e-08
9.91644e-07
-5.76933e-08
9.88794e-07
-8.86208e-08
9.8328e-07
-1.19097e-07
9.7584e-07
-1.48887e-07
9.67154e-07
-1.77884e-07
9.57763e-07
-2.06078e-07
9.48028e-07
-2.33516e-07
9.38111e-07
-2.60218e-07
9.28015e-07
-2.86084e-07
9.17683e-07
-3.10906e-07
9.07199e-07
-3.3462e-07
8.96991e-07
-3.5771e-07
8.87852e-07
-3.81361e-07
8.80661e-07
-4.06982e-07
8.75881e-07
-4.35168e-07
8.73189e-07
-4.64872e-07
8.71613e-07
-4.93658e-07
8.70184e-07
-5.19111e-07
8.68707e-07
-5.40421e-07
8.68135e-07
-5.58933e-07
8.70257e-07
-5.77208e-07
8.76876e-07
-5.9723e-07
8.88974e-07
-6.18991e-07
9.06345e-07
-6.40327e-07
9.27795e-07
-6.57878e-07
9.51668e-07
-6.68356e-07
9.76344e-07
-6.69406e-07
1.00054e-06
-6.59862e-07
1.02339e-06
-6.39588e-07
1.0444e-06
-6.09153e-07
1.06336e-06
-5.69535e-07
1.08023e-06
-5.21904e-07
1.09507e-06
-4.67483e-07
1.108e-06
-4.07476e-07
1.11915e-06
-3.43031e-07
1.12863e-06
-2.75226e-07
1.13655e-06
-2.05069e-07
1.14296e-06
-1.33482e-07
1.1479e-06
-6.13016e-08
1.15136e-06
1.06662e-08
1.15331e-06
8.15453e-08
1.15363e-06
1.50564e-07
1.15214e-06
2.16834e-07
1.14867e-06
2.79369e-07
1.14313e-06
3.37164e-07
1.13555e-06
3.89312e-07
1.12615e-06
4.3515e-07
1.1153e-06
4.74367e-07
1.10348e-06
5.07029e-07
1.09119e-06
5.33515e-07
1.07889e-06
5.54384e-07
1.0669e-06
5.7023e-07
1.05543e-06
5.81565e-07
1.04452e-06
5.88768e-07
1.03414e-06
5.92092e-07
1.02424e-06
5.91712e-07
1.01477e-06
5.87794e-07
1.00572e-06
5.80538e-07
9.97142e-07
5.70205e-07
9.89115e-07
5.57118e-07
9.81752e-07
5.41637e-07
9.75168e-07
5.24132e-07
9.6946e-07
5.04949e-07
4.84411e-07
9.64689e-07
1.35259e-06
4.25336e-08
1.37194e-06
5.58217e-08
1.40493e-06
6.74607e-08
1.44309e-06
6.14811e-08
1.47859e-06
2.99247e-08
1.50664e-06
-2.35986e-08
1.5223e-06
-9.30392e-08
1.52276e-06
-1.71072e-07
1.5058e-06
-2.50906e-07
1.47119e-06
-3.26027e-07
1.4206e-06
-3.91073e-07
1.35731e-06
-4.42291e-07
1.28567e-06
-4.77108e-07
1.21036e-06
-4.93791e-07
1.13586e-06
-4.91544e-07
1.06588e-06
-4.70782e-07
1.00316e-06
-4.33144e-07
9.49397e-07
-3.81149e-07
9.0555e-07
-3.17724e-07
8.72214e-07
-2.4558e-07
8.49255e-07
-1.67066e-07
8.36158e-07
-8.50972e-08
8.34755e-07
-2.2233e-09
8.47035e-07
8.19726e-08
8.68869e-07
1.66825e-07
8.93241e-07
2.46387e-07
9.18275e-07
3.14187e-07
9.47466e-07
3.68767e-07
9.8404e-07
4.12299e-07
1.02753e-06
4.46441e-07
1.07466e-06
4.709e-07
1.12164e-06
4.84557e-07
1.16579e-06
4.86827e-07
1.20583e-06
4.78123e-07
1.24164e-06
4.59612e-07
1.27375e-06
4.32745e-07
1.30296e-06
3.98877e-07
1.33005e-06
3.59073e-07
1.35559e-06
3.14057e-07
1.37992e-06
2.64276e-07
1.40308e-06
2.10011e-07
1.42492e-06
1.51511e-07
1.44513e-06
8.91296e-08
1.46338e-06
2.33512e-08
1.47934e-06
-4.53172e-08
1.49271e-06
-1.16154e-07
1.50315e-06
-1.88088e-07
1.51028e-06
-2.59942e-07
1.51388e-06
-3.30534e-07
1.51429e-06
-3.99007e-07
1.51249e-06
-4.65064e-07
1.50972e-06
-5.28771e-07
1.50673e-06
-5.89998e-07
1.50321e-06
-6.47929e-07
1.49796e-06
-7.01045e-07
1.48952e-06
-7.47576e-07
1.47686e-06
-7.86095e-07
1.45983e-06
-8.15901e-07
1.43912e-06
-8.37051e-07
1.41597e-06
-8.50135e-07
1.39176e-06
-8.55969e-07
1.36773e-06
-8.55341e-07
1.34484e-06
-8.48879e-07
1.32366e-06
-8.37011e-07
1.30446e-06
-8.19991e-07
1.28724e-06
-7.9795e-07
1.27176e-06
-7.70956e-07
1.25763e-06
-7.39086e-07
1.24438e-06
-7.025e-07
1.2315e-06
-6.61484e-07
1.21847e-06
-6.16477e-07
1.20483e-06
-5.68067e-07
1.1902e-06
-5.16971e-07
1.17425e-06
-4.64007e-07
1.15678e-06
-4.10064e-07
1.13768e-06
-3.56062e-07
1.11697e-06
-3.02914e-07
1.09476e-06
-2.51478e-07
1.0713e-06
-2.02517e-07
1.04688e-06
-1.5666e-07
1.02186e-06
-1.14388e-07
9.96617e-07
-7.6014e-08
9.71551e-07
-4.16928e-08
9.47021e-07
-1.14223e-08
9.2337e-07
1.49102e-08
9.00904e-07
3.75116e-08
8.79839e-07
5.67022e-08
8.60323e-07
7.28624e-08
8.4248e-07
8.63744e-08
8.26391e-07
9.76116e-08
8.12104e-07
1.06924e-07
7.99647e-07
1.14628e-07
7.8905e-07
1.21019e-07
7.80357e-07
1.26379e-07
7.73613e-07
1.30979e-07
7.68825e-07
1.35032e-07
7.65915e-07
1.38647e-07
7.6472e-07
1.41789e-07
7.65044e-07
1.44317e-07
7.66749e-07
1.46056e-07
7.69843e-07
1.46885e-07
7.74514e-07
1.46784e-07
7.81093e-07
1.45805e-07
7.89942e-07
1.4399e-07
8.01311e-07
1.41281e-07
8.15222e-07
1.37449e-07
8.31398e-07
1.32101e-07
8.4928e-07
1.24742e-07
8.68096e-07
1.14876e-07
8.86964e-07
1.02116e-07
9.04994e-07
8.62642e-08
9.21372e-07
6.73504e-08
9.35426e-07
4.56238e-08
9.46675e-07
2.15026e-08
9.54853e-07
-4.48258e-09
9.59942e-07
-3.18033e-08
9.6215e-07
-5.99013e-08
9.61864e-07
-8.8335e-08
9.59525e-07
-1.16758e-07
9.55541e-07
-1.44903e-07
9.50236e-07
-1.72579e-07
9.4384e-07
-1.99682e-07
9.36487e-07
-2.26162e-07
9.28218e-07
-2.5195e-07
9.19029e-07
-2.76895e-07
9.08985e-07
-3.00861e-07
8.98403e-07
-3.24038e-07
8.87976e-07
-3.47284e-07
8.78657e-07
-3.72042e-07
8.71239e-07
-3.99565e-07
8.65849e-07
-4.29778e-07
8.61763e-07
-4.60786e-07
8.57838e-07
-4.89733e-07
8.5336e-07
-5.14633e-07
8.48765e-07
-5.35826e-07
8.45737e-07
-5.55905e-07
8.46528e-07
-5.77998e-07
8.52903e-07
-6.03605e-07
8.65362e-07
-6.3145e-07
8.83052e-07
-6.58017e-07
9.04271e-07
-6.79098e-07
9.27137e-07
-6.91222e-07
9.50064e-07
-6.92332e-07
9.71954e-07
-6.81752e-07
9.92181e-07
-6.59815e-07
1.01047e-06
-6.27442e-07
1.02677e-06
-5.85837e-07
1.04116e-06
-5.36297e-07
1.05379e-06
-4.80104e-07
1.0648e-06
-4.18486e-07
1.07435e-06
-3.52587e-07
1.08259e-06
-2.83467e-07
1.08962e-06
-2.12099e-07
1.09551e-06
-1.39366e-07
1.10028e-06
-6.60736e-08
1.10394e-06
6.99951e-09
1.1065e-06
7.89901e-08
1.10784e-06
1.49226e-07
1.10777e-06
2.16901e-07
1.10608e-06
2.8106e-07
1.10258e-06
3.40662e-07
1.09719e-06
3.94699e-07
1.08999e-06
4.42351e-07
1.08123e-06
4.83131e-07
1.0713e-06
5.16956e-07
1.06069e-06
5.44125e-07
1.04987e-06
5.65201e-07
1.03924e-06
5.80861e-07
1.02907e-06
5.91744e-07
1.01947e-06
5.98364e-07
1.01047e-06
6.01087e-07
1.00203e-06
6.00155e-07
9.94075e-07
5.95751e-07
9.86558e-07
5.88055e-07
9.79473e-07
5.7729e-07
9.72858e-07
5.63733e-07
9.66784e-07
5.47712e-07
9.61338e-07
5.29577e-07
9.56609e-07
5.09678e-07
4.88361e-07
9.52659e-07
1.35114e-06
3.05898e-08
1.37099e-06
3.59746e-08
1.40032e-06
3.81283e-08
1.4333e-06
2.85081e-08
1.46223e-06
9.92607e-10
1.48223e-06
-4.35952e-08
1.48984e-06
-1.00658e-07
1.48327e-06
-1.64503e-07
1.46213e-06
-2.29758e-07
1.4276e-06
-2.915e-07
1.38195e-06
-3.45428e-07
1.32788e-06
-3.88217e-07
1.26822e-06
-4.17444e-07
1.20589e-06
-4.31464e-07
1.14384e-06
-4.29493e-07
1.08481e-06
-4.11756e-07
1.03114e-06
-3.79468e-07
9.84537e-07
-3.3455e-07
9.46122e-07
-2.79309e-07
9.16663e-07
-2.16121e-07
8.96659e-07
-1.47062e-07
8.8573e-07
-7.41682e-08
8.83604e-07
-9.7576e-11
8.92224e-07
7.33525e-08
9.12736e-07
1.46314e-07
9.41413e-07
2.1771e-07
9.72586e-07
2.83014e-07
1.0039e-06
3.37453e-07
1.03675e-06
3.79445e-07
1.07313e-06
4.1006e-07
1.11329e-06
4.30747e-07
1.15568e-06
4.42166e-07
1.19813e-06
4.44381e-07
1.2388e-06
4.3745e-07
1.27664e-06
4.21769e-07
1.31133e-06
3.98059e-07
1.34302e-06
3.67188e-07
1.37209e-06
3.29997e-07
1.39896e-06
2.87195e-07
1.42389e-06
2.39344e-07
1.44701e-06
1.86892e-07
1.46826e-06
1.30254e-07
1.48748e-06
6.99127e-08
1.50441e-06
6.42016e-09
1.51879e-06
-5.96964e-08
1.53028e-06
-1.27645e-07
1.53858e-06
-1.96388e-07
1.5436e-06
-2.64959e-07
1.5457e-06
-3.32637e-07
1.54574e-06
-3.99043e-07
1.54463e-06
-4.63961e-07
1.54279e-06
-5.26928e-07
1.53971e-06
-5.86918e-07
1.53419e-06
-6.42411e-07
1.52494e-06
-6.91789e-07
1.51118e-06
-7.33816e-07
1.493e-06
-7.67917e-07
1.47126e-06
-7.94167e-07
1.4473e-06
-8.13083e-07
1.42251e-06
-8.2535e-07
1.39815e-06
-8.31605e-07
1.37513e-06
-8.32323e-07
1.35405e-06
-8.27796e-07
1.33518e-06
-8.18147e-07
1.31856e-06
-8.03369e-07
1.30398e-06
-7.83368e-07
1.29106e-06
-7.58039e-07
1.27932e-06
-7.27343e-07
1.2682e-06
-6.91379e-07
1.25714e-06
-6.50428e-07
1.24561e-06
-6.04952e-07
1.23313e-06
-5.5558e-07
1.21925e-06
-5.0309e-07
1.20362e-06
-4.48383e-07
1.18601e-06
-3.92454e-07
1.1663e-06
-3.36354e-07
1.14453e-06
-2.8114e-07
1.12087e-06
-2.27813e-07
1.09561e-06
-1.77257e-07
1.06914e-06
-1.30199e-07
1.04194e-06
-8.71792e-08
1.01446e-06
-4.85407e-08
9.87197e-07
-1.44275e-08
9.606e-07
1.51747e-08
9.35086e-07
4.04249e-08
9.10955e-07
6.16426e-08
8.88419e-07
7.92379e-08
8.67646e-07
9.36356e-08
8.48756e-07
1.05264e-07
8.31824e-07
1.14543e-07
8.16885e-07
1.21863e-07
8.03943e-07
1.27571e-07
7.92988e-07
1.31973e-07
7.84024e-07
1.35343e-07
7.77068e-07
1.37936e-07
7.72129e-07
1.39971e-07
7.69176e-07
1.416e-07
7.68099e-07
1.42867e-07
7.68717e-07
1.43699e-07
7.70831e-07
1.43942e-07
7.74292e-07
1.43424e-07
7.79062e-07
1.42015e-07
7.85228e-07
1.39639e-07
7.9296e-07
1.36258e-07
8.02426e-07
1.31814e-07
8.13695e-07
1.2618e-07
8.26659e-07
1.19137e-07
8.41009e-07
1.10392e-07
8.5625e-07
9.96352e-08
8.71759e-07
8.66073e-08
8.8686e-07
7.11631e-08
9.00906e-07
5.33039e-08
9.13358e-07
3.31727e-08
9.23829e-07
1.10313e-08
9.32122e-07
-1.27759e-08
9.38187e-07
-3.78681e-08
9.42107e-07
-6.38218e-08
9.44026e-07
-9.0254e-08
9.44086e-07
-1.16818e-07
9.42405e-07
-1.43222e-07
9.39081e-07
-1.69256e-07
9.34198e-07
-1.94799e-07
9.27816e-07
-2.1978e-07
9.19975e-07
-2.44108e-07
9.1074e-07
-2.6766e-07
9.00336e-07
-2.90458e-07
8.89299e-07
-3.13002e-07
8.78501e-07
-3.36485e-07
8.68892e-07
-3.62433e-07
8.60999e-07
-3.91672e-07
8.54503e-07
-4.23282e-07
8.48329e-07
-4.54612e-07
8.41347e-07
-4.82752e-07
8.33325e-07
-5.0661e-07
8.25474e-07
-5.27976e-07
8.2018e-07
-5.5061e-07
8.19954e-07
-5.77773e-07
8.26257e-07
-6.09908e-07
8.38921e-07
-6.44114e-07
8.56434e-07
-6.7553e-07
8.76709e-07
-6.99373e-07
8.97802e-07
-7.12315e-07
9.18295e-07
-7.12825e-07
9.3735e-07
-7.00807e-07
9.5459e-07
-6.77055e-07
9.69936e-07
-6.42788e-07
9.83469e-07
-5.9937e-07
9.95344e-07
-5.48171e-07
1.00574e-06
-4.90502e-07
1.01485e-06
-4.2759e-07
1.02283e-06
-3.60568e-07
1.02983e-06
-2.90472e-07
1.03597e-06
-2.18236e-07
1.04131e-06
-1.44704e-07
1.04588e-06
-7.06465e-08
1.04971e-06
3.17203e-09
1.05279e-06
7.59076e-08
1.05504e-06
1.46973e-07
1.05629e-06
2.15652e-07
1.05631e-06
2.8104e-07
1.05487e-06
3.42107e-07
1.05178e-06
3.97783e-07
1.04702e-06
4.47118e-07
1.04069e-06
4.89456e-07
1.0331e-06
5.2455e-07
1.02464e-06
5.5258e-07
1.01578e-06
5.74066e-07
1.00692e-06
5.89716e-07
9.98399e-07
6.00268e-07
9.90399e-07
6.06364e-07
9.82999e-07
6.08487e-07
9.76183e-07
6.06972e-07
9.69888e-07
6.02045e-07
9.64048e-07
5.93895e-07
9.5862e-07
5.82718e-07
9.53598e-07
5.68755e-07
9.49013e-07
5.52297e-07
9.44922e-07
5.33669e-07
9.41394e-07
5.13206e-07
4.9127e-07
9.38485e-07
1.34263e-06
1.95519e-08
1.35866e-06
1.99457e-08
1.38035e-06
1.64314e-08
1.40464e-06
4.22447e-09
1.42626e-06
-2.06314e-08
1.44086e-06
-5.81967e-08
1.44558e-06
-1.05374e-07
1.43905e-06
-1.57973e-07
1.42108e-06
-2.11784e-07
1.39244e-06
-2.62859e-07
1.35462e-06
-3.07608e-07
1.30951e-06
-3.43114e-07
1.2593e-06
-3.67235e-07
1.20639e-06
-3.78553e-07
1.15329e-06
-3.76385e-07
1.10238e-06
-3.6085e-07
1.05574e-06
-3.32834e-07
1.01501e-06
-2.93813e-07
9.81293e-07
-2.45595e-07
9.55317e-07
-1.90145e-07
9.37652e-07
-1.29397e-07
9.2855e-07
-6.50659e-08
9.27438e-07
1.01395e-09
9.34213e-07
6.6578e-08
9.50454e-07
1.30073e-07
9.76762e-07
1.91402e-07
1.01017e-06
2.49602e-07
1.04613e-06
3.01502e-07
1.08188e-06
3.4369e-07
1.11732e-06
3.74616e-07
1.15344e-06
3.94629e-07
1.19078e-06
4.04833e-07
1.22895e-06
4.06211e-07
1.26699e-06
3.99405e-07
1.30389e-06
3.84873e-07
1.33888e-06
3.63069e-07
1.37156e-06
3.34505e-07
1.40182e-06
2.99738e-07
1.42969e-06
2.59321e-07
1.45525e-06
2.13781e-07
1.47854e-06
1.63609e-07
1.4995e-06
1.09293e-07
1.518e-06
5.14101e-08
1.53386e-06
-9.43838e-09
1.54689e-06
-7.27256e-08
1.55691e-06
-1.3767e-07
1.56398e-06
-2.03458e-07
1.56848e-06
-2.69457e-07
1.57104e-06
-3.35193e-07
1.57218e-06
-4.00185e-07
1.5719e-06
-4.63681e-07
1.56948e-06
-5.2451e-07
1.56378e-06
-5.81216e-07
1.55376e-06
-6.32391e-07
1.539e-06
-6.77024e-07
1.51986e-06
-7.14675e-07
1.49737e-06
-7.45433e-07
1.47292e-06
-7.69717e-07
1.4479e-06
-7.8806e-07
1.42348e-06
-8.00934e-07
1.40055e-06
-8.08671e-07
1.37967e-06
-8.11446e-07
1.36117e-06
-8.09289e-07
1.34511e-06
-8.02089e-07
1.33136e-06
-7.89626e-07
1.31961e-06
-7.71617e-07
1.30939e-06
-7.47818e-07
1.30016e-06
-7.18109e-07
1.29134e-06
-6.82564e-07
1.28237e-06
-6.41459e-07
1.27268e-06
-5.95261e-07
1.26172e-06
-5.44613e-07
1.24895e-06
-4.90328e-07
1.23396e-06
-4.33385e-07
1.21641e-06
-3.74907e-07
1.19617e-06
-3.16114e-07
1.17329e-06
-2.58257e-07
1.148e-06
-2.02523e-07
1.12069e-06
-1.49953e-07
1.09189e-06
-1.01392e-07
1.06216e-06
-5.74521e-08
1.03212e-06
-1.85015e-08
1.00238e-06
1.53102e-08
9.73511e-07
4.40455e-08
9.45934e-07
6.80012e-08
9.19961e-07
8.76157e-08
8.95833e-07
1.03366e-07
8.73722e-07
1.15747e-07
8.53738e-07
1.25248e-07
8.3594e-07
1.32342e-07
8.2034e-07
1.37462e-07
8.06919e-07
1.40992e-07
7.95633e-07
1.43259e-07
7.86438e-07
1.44538e-07
7.79306e-07
1.45067e-07
7.74223e-07
1.45054e-07
7.71165e-07
1.44658e-07
7.70066e-07
1.43966e-07
7.70796e-07
1.42969e-07
7.73171e-07
1.41566e-07
7.76994e-07
1.39602e-07
7.82103e-07
1.36906e-07
7.8841e-07
1.33331e-07
7.95907e-07
1.28762e-07
8.04623e-07
1.23097e-07
8.14577e-07
1.16226e-07
8.25709e-07
1.08005e-07
8.37846e-07
9.82558e-08
8.50684e-07
8.67967e-08
8.63818e-07
7.34736e-08
8.76783e-07
5.81982e-08
8.89121e-07
4.09654e-08
9.00438e-07
2.1856e-08
9.10425e-07
1.04448e-09
9.18863e-07
-2.12146e-08
9.25595e-07
-4.45996e-08
9.30522e-07
-6.87484e-08
9.33573e-07
-9.33055e-08
9.34704e-07
-1.17949e-07
9.33902e-07
-1.4242e-07
9.31191e-07
-1.66545e-07
9.26617e-07
-1.90225e-07
9.20229e-07
-2.13392e-07
9.12088e-07
-2.35967e-07
9.02342e-07
-2.57914e-07
8.91359e-07
-2.79476e-07
8.79835e-07
-3.01477e-07
8.68693e-07
-3.25343e-07
8.58709e-07
-3.52449e-07
8.49999e-07
-3.82962e-07
8.41781e-07
-4.15064e-07
8.3276e-07
-4.45591e-07
8.22057e-07
-4.72049e-07
8.10127e-07
-4.9468e-07
7.99033e-07
-5.16882e-07
7.9174e-07
-5.43317e-07
7.90763e-07
-5.76796e-07
7.97005e-07
-6.1615e-07
8.09531e-07
-6.56641e-07
8.26249e-07
-6.92248e-07
8.44855e-07
-7.17979e-07
8.63505e-07
-7.30965e-07
8.81043e-07
-7.30363e-07
8.96919e-07
-7.16683e-07
9.10987e-07
-6.91123e-07
9.23321e-07
-6.55122e-07
9.3409e-07
-6.10139e-07
9.43491e-07
-5.57572e-07
9.51724e-07
-4.98736e-07
9.5898e-07
-4.34846e-07
9.65431e-07
-3.6702e-07
9.71225e-07
-2.96265e-07
9.76473e-07
-2.23484e-07
9.81246e-07
-1.49478e-07
9.85585e-07
-7.49857e-08
9.89515e-07
-7.57718e-10
9.93043e-07
7.23796e-08
9.961e-07
1.43916e-07
9.98533e-07
2.13218e-07
1.00013e-06
2.79445e-07
1.00064e-06
3.41598e-07
9.99835e-07
3.98585e-07
9.97584e-07
4.49369e-07
9.93891e-07
4.93148e-07
9.88926e-07
5.29515e-07
9.82997e-07
5.58509e-07
9.76497e-07
5.80566e-07
9.69824e-07
5.96388e-07
9.63324e-07
6.06769e-07
9.57234e-07
6.12453e-07
9.51682e-07
6.14039e-07
9.46693e-07
6.11961e-07
9.42225e-07
6.06513e-07
9.38212e-07
5.97908e-07
9.34589e-07
5.86341e-07
9.31319e-07
5.72025e-07
9.28399e-07
5.55216e-07
9.25855e-07
5.36213e-07
9.23732e-07
5.15329e-07
4.92927e-07
9.22075e-07
1.33877e-06
9.48188e-09
1.35208e-06
6.63866e-09
1.3686e-06
-8.82181e-11
1.38636e-06
-1.35356e-08
1.40189e-06
-3.61622e-08
1.41192e-06
-6.82232e-08
1.4142e-06
-1.07661e-07
1.40755e-06
-1.51317e-07
1.39161e-06
-1.95845e-07
1.36681e-06
-2.38058e-07
1.33423e-06
-2.75034e-07
1.29544e-06
-3.04326e-07
1.25229e-06
-3.24084e-07
1.20681e-06
-3.33069e-07
1.16109e-06
-3.30662e-07
1.11713e-06
-3.1689e-07
1.07669e-06
-2.92397e-07
1.0412e-06
-2.58325e-07
1.01174e-06
-2.16131e-07
9.8901e-07
-1.67418e-07
9.73489e-07
-1.13877e-07
9.65583e-07
-5.71599e-08
9.6531e-07
1.28728e-09
9.72029e-07
5.98591e-08
9.85634e-07
1.16468e-07
1.0072e-06
1.69833e-07
1.03708e-06
2.19721e-07
1.07318e-06
2.65408e-07
1.11195e-06
3.04913e-07
1.15063e-06
3.35945e-07
1.18809e-06
3.57166e-07
1.22444e-06
3.68485e-07
1.26006e-06
3.70584e-07
1.29511e-06
3.64355e-07
1.32939e-06
3.50594e-07
1.36252e-06
3.29942e-07
1.39409e-06
3.02929e-07
1.4238e-06
2.70029e-07
1.45142e-06
2.317e-07
1.47681e-06
1.88401e-07
1.49983e-06
1.40584e-07
1.52038e-06
8.87468e-08
1.5383e-06
3.34848e-08
1.55353e-06
-2.46693e-08
1.56606e-06
-8.5256e-08
1.57597e-06
-1.47578e-07
1.58352e-06
-2.11009e-07
1.58902e-06
-2.7496e-07
1.59256e-06
-3.38732e-07
1.59377e-06
-4.0139e-07
1.59182e-06
-4.61734e-07
1.58577e-06
-5.18459e-07
1.57496e-06
-5.70406e-07
1.55936e-06
-6.16789e-07
1.53961e-06
-6.57278e-07
1.51687e-06
-6.91932e-07
1.49248e-06
-7.21042e-07
1.46773e-06
-7.44966e-07
1.44367e-06
-7.64006e-07
1.42111e-06
-7.78368e-07
1.40057e-06
-7.88138e-07
1.38242e-06
-7.93294e-07
1.36681e-06
-7.93679e-07
1.35372e-06
-7.88994e-07
1.34291e-06
-7.78823e-07
1.33402e-06
-7.62727e-07
1.32657e-06
-7.40365e-07
1.32004e-06
-7.11578e-07
1.31389e-06
-6.76414e-07
1.30753e-06
-6.351e-07
1.30031e-06
-5.88038e-07
1.29151e-06
-5.35819e-07
1.28045e-06
-4.79265e-07
1.26652e-06
-4.19449e-07
1.24928e-06
-3.57669e-07
1.22855e-06
-2.95389e-07
1.20442e-06
-2.34125e-07
1.17721e-06
-1.75314e-07
1.14746e-06
-1.20198e-07
1.11583e-06
-6.97658e-08
1.08309e-06
-2.4713e-08
1.05005e-06
1.4541e-08
1.01748e-06
4.78829e-08
9.85986e-07
7.55371e-08
9.56032e-07
9.79546e-08
9.27978e-07
1.1567e-07
9.02085e-07
1.2926e-07
8.7852e-07
1.39312e-07
8.57373e-07
1.46395e-07
8.38672e-07
1.51042e-07
8.224e-07
1.53733e-07
8.08506e-07
1.54887e-07
7.96911e-07
1.54854e-07
7.87528e-07
1.53921e-07
7.80279e-07
1.52317e-07
7.75102e-07
1.50231e-07
7.7195e-07
1.47809e-07
7.70769e-07
1.45147e-07
7.71468e-07
1.4227e-07
7.73906e-07
1.39128e-07
7.77906e-07
1.35602e-07
7.83277e-07
1.31535e-07
7.8985e-07
1.26758e-07
7.97497e-07
1.21115e-07
8.06131e-07
1.14463e-07
8.15684e-07
1.06674e-07
8.26067e-07
9.76211e-08
8.37146e-07
8.71773e-08
8.48715e-07
7.52274e-08
8.60506e-07
6.16828e-08
8.72207e-07
4.6497e-08
8.83496e-07
2.96757e-08
8.9406e-07
1.12928e-08
9.03603e-07
-8.49873e-09
9.11858e-07
-2.94699e-08
9.18585e-07
-5.13263e-08
9.23586e-07
-7.37492e-08
9.26712e-07
-9.64313e-08
9.27871e-07
-1.19108e-07
9.27028e-07
-1.41576e-07
9.24185e-07
-1.63702e-07
9.19361e-07
-1.85402e-07
9.12584e-07
-2.06614e-07
9.03928e-07
-2.27311e-07
8.9362e-07
-2.47605e-07
8.82146e-07
-2.68003e-07
8.70278e-07
-2.89609e-07
8.58849e-07
-3.13914e-07
8.48306e-07
-3.41906e-07
8.38276e-07
-3.72932e-07
8.27587e-07
-4.04374e-07
8.14933e-07
-4.32937e-07
7.99928e-07
-4.57044e-07
7.83878e-07
-4.78631e-07
7.6968e-07
-5.02684e-07
7.60685e-07
-5.34322e-07
7.59124e-07
-5.75235e-07
7.65149e-07
-6.22175e-07
7.77058e-07
-6.68551e-07
7.92325e-07
-7.07514e-07
8.08609e-07
-7.34263e-07
8.24295e-07
-7.46651e-07
8.38538e-07
-7.44606e-07
8.51063e-07
-7.29208e-07
8.61916e-07
-7.01976e-07
8.71275e-07
-6.64482e-07
8.79357e-07
-6.18221e-07
8.86376e-07
-5.64591e-07
8.92531e-07
-5.04891e-07
8.98011e-07
-4.40326e-07
9.02986e-07
-3.71994e-07
9.07601e-07
-3.00881e-07
9.11969e-07
-2.27851e-07
9.16164e-07
-1.53674e-07
9.20234e-07
-7.90556e-08
9.24208e-07
-4.73163e-09
9.28098e-07
6.84898e-08
9.31846e-07
1.40168e-07
9.35322e-07
2.09742e-07
9.38335e-07
2.76432e-07
9.40647e-07
3.39286e-07
9.42013e-07
3.9722e-07
9.42238e-07
4.49144e-07
9.41235e-07
4.94151e-07
9.3906e-07
5.3169e-07
9.35912e-07
5.61658e-07
9.32094e-07
5.84385e-07
9.27954e-07
6.00528e-07
9.23823e-07
6.109e-07
9.19959e-07
6.16316e-07
9.16525e-07
6.17474e-07
9.13584e-07
6.14902e-07
9.11125e-07
6.08972e-07
9.09091e-07
5.99941e-07
9.07416e-07
5.88016e-07
9.06044e-07
5.73397e-07
9.04944e-07
5.56317e-07
9.04114e-07
5.37043e-07
9.03576e-07
5.15867e-07
4.9314e-07
9.03363e-07
1.33466e-06
5.72048e-10
1.34561e-06
-4.31128e-09
1.35828e-06
-1.27578e-08
1.37128e-06
-2.65407e-08
1.38227e-06
-4.7155e-08
1.38881e-06
-7.47632e-08
1.38909e-06
-1.07941e-07
1.38209e-06
-1.44315e-07
1.3675e-06
-1.8125e-07
1.34562e-06
-2.16183e-07
1.31732e-06
-2.46733e-07
1.28385e-06
-2.7085e-07
1.24671e-06
-2.86943e-07
1.20757e-06
-2.93932e-07
1.16817e-06
-2.9126e-07
1.13018e-06
-2.78902e-07
1.09511e-06
-2.57332e-07
1.06423e-06
-2.2744e-07
1.03851e-06
-1.90409e-07
1.01867e-06
-1.47577e-07
1.00516e-06
-1.00367e-07
9.98274e-07
-5.02769e-08
9.98251e-07
1.30994e-09
1.00492e-06
5.31898e-08
1.01761e-06
1.03774e-07
1.0361e-06
1.51346e-07
1.06098e-06
1.94841e-07
1.09249e-06
2.33904e-07
1.12931e-06
2.68086e-07
1.16896e-06
2.96301e-07
1.20895e-06
3.17169e-07
1.24774e-06
3.29702e-07
1.2847e-06
3.33618e-07
1.31982e-06
3.29235e-07
1.35324e-06
3.17177e-07
1.38505e-06
2.98137e-07
1.41522e-06
2.72755e-07
1.44365e-06
2.41593e-07
1.4702e-06
2.05154e-07
1.4947e-06
1.639e-07
1.517e-06
1.18283e-07
1.53695e-06
6.87981e-08
1.55446e-06
1.59758e-08
1.56956e-06
-3.97674e-08
1.58226e-06
-9.79608e-08
1.59259e-06
-1.57899e-07
1.60047e-06
-2.18892e-07
1.60564e-06
-2.8013e-07
1.60754e-06
-3.40635e-07
1.60546e-06
-3.99304e-07
1.59877e-06
-4.55045e-07
1.58725e-06
-5.06944e-07
1.57124e-06
-5.5439e-07
1.55155e-06
-5.971e-07
1.52932e-06
-6.35053e-07
1.50577e-06
-6.68379e-07
1.48198e-06
-6.9725e-07
1.45882e-06
-7.21814e-07
1.43699e-06
-7.4217e-07
1.41698e-06
-7.58356e-07
1.39918e-06
-7.7034e-07
1.38386e-06
-7.77972e-07
1.37112e-06
-7.80944e-07
1.3609e-06
-7.7877e-07
1.35294e-06
-7.70868e-07
1.34692e-06
-7.567e-07
1.34244e-06
-7.35893e-07
1.33912e-06
-7.08253e-07
1.33642e-06
-6.73719e-07
1.33367e-06
-6.32342e-07
1.32996e-06
-5.84329e-07
1.32429e-06
-5.3015e-07
1.31567e-06
-4.70643e-07
1.30326e-06
-4.0704e-07
1.2865e-06
-3.40915e-07
1.2652e-06
-2.74081e-07
1.23949e-06
-2.0842e-07
1.20987e-06
-1.45689e-07
1.17704e-06
-8.73763e-08
1.14193e-06
-3.46488e-08
1.10554e-06
1.16738e-08
1.06893e-06
5.11524e-08
1.03297e-06
8.38436e-08
9.9834e-07
1.10165e-07
9.65595e-07
1.30701e-07
9.3514e-07
1.46124e-07
9.07246e-07
1.57153e-07
8.82065e-07
1.64493e-07
8.59651e-07
1.68809e-07
8.39993e-07
1.70701e-07
8.23028e-07
1.70698e-07
8.08662e-07
1.69253e-07
7.96776e-07
1.6674e-07
7.87242e-07
1.63455e-07
7.79931e-07
1.59628e-07
7.74732e-07
1.5543e-07
7.71553e-07
1.50988e-07
7.70316e-07
1.46384e-07
7.70938e-07
1.41649e-07
7.73309e-07
1.36756e-07
7.77289e-07
1.31622e-07
7.82709e-07
1.26115e-07
7.89389e-07
1.20078e-07
7.97157e-07
1.13347e-07
8.05859e-07
1.05761e-07
8.15358e-07
9.71757e-08
8.25517e-07
8.74616e-08
8.36188e-07
7.65071e-08
8.47189e-07
6.42257e-08
8.5831e-07
5.0562e-08
8.69307e-07
3.54995e-08
8.79915e-07
1.90681e-08
8.8985e-07
1.35748e-09
8.98829e-07
-1.74774e-08
9.06575e-07
-3.72161e-08
9.12844e-07
-5.75952e-08
9.17438e-07
-7.83433e-08
9.20216e-07
-9.92092e-08
9.21088e-07
-1.1998e-07
9.19999e-07
-1.40487e-07
9.16908e-07
-1.60611e-07
9.11782e-07
-1.80276e-07
9.04626e-07
-1.99458e-07
8.95547e-07
-2.18232e-07
8.84854e-07
-2.36913e-07
8.73115e-07
-2.56263e-07
8.61067e-07
-2.77561e-07
8.49306e-07
-3.02153e-07
8.37833e-07
-3.30433e-07
8.25798e-07
-3.60897e-07
8.11794e-07
-3.9037e-07
7.94752e-07
-4.15896e-07
7.74998e-07
-4.37289e-07
7.54774e-07
-4.58408e-07
7.37712e-07
-4.85622e-07
7.27289e-07
-5.23898e-07
7.25186e-07
-5.73132e-07
7.30695e-07
-6.27684e-07
7.41436e-07
-6.79291e-07
7.54632e-07
-7.2071e-07
7.6807e-07
-7.47701e-07
7.80439e-07
-7.5902e-07
7.91212e-07
-7.55379e-07
8.00351e-07
-7.38347e-07
8.08041e-07
-7.09666e-07
8.14523e-07
-6.70964e-07
8.20031e-07
-6.23729e-07
8.24774e-07
-5.69334e-07
8.28945e-07
-5.09062e-07
8.32724e-07
-4.44105e-07
8.36276e-07
-3.75547e-07
8.39745e-07
-3.04349e-07
8.43243e-07
-2.31349e-07
8.4685e-07
-1.5728e-07
8.50617e-07
-8.28233e-08
8.5458e-07
-8.69478e-09
8.58752e-07
6.43182e-08
8.63085e-07
1.35834e-07
8.67469e-07
2.05359e-07
8.71739e-07
2.72162e-07
8.75682e-07
3.35343e-07
8.79057e-07
3.93844e-07
8.81643e-07
4.46558e-07
8.83287e-07
4.92508e-07
8.83949e-07
5.31028e-07
8.83719e-07
5.61888e-07
8.82799e-07
5.85305e-07
8.81461e-07
6.01865e-07
8.79993e-07
6.12368e-07
8.78643e-07
6.17667e-07
8.77588e-07
6.18529e-07
8.76921e-07
6.15569e-07
8.76658e-07
6.09234e-07
8.76764e-07
5.99836e-07
8.77176e-07
5.87603e-07
8.77833e-07
5.72741e-07
8.78687e-07
5.55462e-07
8.79717e-07
5.36014e-07
8.80921e-07
5.14662e-07
4.91742e-07
8.8232e-07
1.32997e-06
-7.09528e-09
1.33887e-06
-1.32153e-08
1.34859e-06
-2.24777e-08
1.35807e-06
-3.60214e-08
1.36564e-06
-5.47263e-08
1.36951e-06
-7.86271e-08
1.36826e-06
-1.0669e-07
1.36107e-06
-1.37128e-07
1.34768e-06
-1.67863e-07
1.32831e-06
-1.96815e-07
1.30362e-06
-2.22037e-07
1.27459e-06
-2.41824e-07
1.24248e-06
-2.54829e-07
1.20866e-06
-2.6012e-07
1.1746e-06
-2.57201e-07
1.14171e-06
-2.46012e-07
1.11128e-06
-2.26902e-07
1.08442e-06
-2.00574e-07
1.062e-06
-1.6799e-07
1.0447e-06
-1.30276e-07
1.03298e-06
-8.86487e-08
1.0271e-06
-4.43972e-08
1.02722e-06
1.19491e-09
1.03341e-06
4.69973e-08
1.04537e-06
9.18133e-08
1.06242e-06
1.34293e-07
1.08417e-06
1.73094e-07
1.11078e-06
2.0729e-07
1.14239e-06
2.36481e-07
1.17829e-06
2.60401e-07
1.21691e-06
2.78548e-07
1.25639e-06
2.90221e-07
1.29518e-06
2.94825e-07
1.33232e-06
2.92097e-07
1.36736e-06
2.8214e-07
1.40017e-06
2.65323e-07
1.43078e-06
2.42149e-07
1.45921e-06
2.13157e-07
1.48549e-06
1.78876e-07
1.50958e-06
1.39809e-07
1.53142e-06
9.64478e-08
1.5509e-06
4.93111e-08
1.56796e-06
-1.08546e-09
1.58253e-06
-5.43374e-08
1.59443e-06
-1.09851e-07
1.60336e-06
-1.66833e-07
1.60893e-06
-2.24465e-07
1.61065e-06
-2.81844e-07
1.60804e-06
-3.38032e-07
1.60089e-06
-3.92148e-07
1.58931e-06
-4.43465e-07
1.57383e-06
-4.91469e-07
1.55529e-06
-5.35853e-07
1.53467e-06
-5.76479e-07
1.51293e-06
-6.13306e-07
1.49089e-06
-6.46339e-07
1.46923e-06
-6.75598e-07
1.44853e-06
-7.01106e-07
1.42924e-06
-7.22887e-07
1.41182e-06
-7.40936e-07
1.39664e-06
-7.55154e-07
1.38394e-06
-7.65278e-07
1.37384e-06
-7.70838e-07
1.36626e-06
-7.71193e-07
1.36107e-06
-7.65681e-07
1.35814e-06
-7.53771e-07
1.35733e-06
-7.35078e-07
1.35833e-06
-7.09254e-07
1.36052e-06
-6.75911e-07
1.36287e-06
-6.3469e-07
1.36402e-06
-5.85477e-07
1.36249e-06
-5.28625e-07
1.35694e-06
-4.65087e-07
1.3463e-06
-3.964e-07
1.32994e-06
-3.24557e-07
1.3077e-06
-2.51838e-07
1.27986e-06
-1.8059e-07
1.24713e-06
-1.12953e-07
1.21046e-06
-5.07084e-08
1.17106e-06
4.74954e-09
1.13029e-06
5.24497e-08
1.08935e-06
9.20838e-08
1.04928e-06
1.23921e-07
1.01089e-06
1.48548e-07
9.74855e-07
1.66739e-07
9.41608e-07
1.79372e-07
9.11422e-07
1.87339e-07
8.84418e-07
1.91497e-07
8.60605e-07
1.92622e-07
8.39913e-07
1.91392e-07
8.22222e-07
1.88389e-07
8.0738e-07
1.84096e-07
7.95218e-07
1.78902e-07
7.85561e-07
1.73112e-07
7.78235e-07
1.66953e-07
7.7308e-07
1.60585e-07
7.69956e-07
1.54112e-07
7.68744e-07
1.47596e-07
7.69337e-07
1.41056e-07
7.71628e-07
1.34465e-07
7.75496e-07
1.27753e-07
7.808e-07
1.20811e-07
7.8738e-07
1.13498e-07
7.95066e-07
1.0566e-07
8.03687e-07
9.714e-08
8.13074e-07
8.77893e-08
8.23057e-07
7.74778e-08
8.33464e-07
6.61e-08
8.44108e-07
5.35821e-08
8.54783e-07
3.98868e-08
8.65267e-07
2.5016e-08
8.75317e-07
9.01757e-09
8.84683e-07
-8.00788e-09
8.93106e-07
-2.59009e-08
9.00343e-07
-4.44529e-08
9.06181e-07
-6.34334e-08
9.1045e-07
-8.26118e-08
9.13013e-07
-1.01773e-07
9.13759e-07
-1.20726e-07
9.12579e-07
-1.39307e-07
9.09371e-07
-1.57403e-07
9.04067e-07
-1.74972e-07
8.96686e-07
-1.92077e-07
8.874e-07
-2.08946e-07
8.76589e-07
-2.26102e-07
8.64818e-07
-2.44492e-07
8.52655e-07
-2.65398e-07
8.40321e-07
-2.89819e-07
8.27327e-07
-3.17439e-07
8.12444e-07
-3.46013e-07
7.94252e-07
-3.72179e-07
7.72165e-07
-3.93808e-07
7.47381e-07
-4.12506e-07
7.23087e-07
-4.34113e-07
7.03463e-07
-4.65998e-07
6.91825e-07
-5.12259e-07
6.8909e-07
-5.70397e-07
6.9368e-07
-6.32274e-07
7.02696e-07
-6.88307e-07
7.133e-07
-7.31314e-07
7.23519e-07
-7.57921e-07
7.32378e-07
-7.67879e-07
7.39638e-07
-7.62638e-07
7.45446e-07
-7.44156e-07
7.50079e-07
-7.14299e-07
7.53807e-07
-6.74692e-07
7.56858e-07
-6.2678e-07
7.59431e-07
-5.71906e-07
7.61705e-07
-5.11336e-07
7.63851e-07
-4.46251e-07
7.6603e-07
-3.77725e-07
7.68382e-07
-3.06701e-07
7.7102e-07
-2.33987e-07
7.74027e-07
-1.60287e-07
7.77462e-07
-8.62583e-08
7.81363e-07
-1.25952e-08
7.85741e-07
5.99403e-08
7.9056e-07
1.31015e-07
7.95726e-07
2.00193e-07
8.01102e-07
2.66786e-07
8.06505e-07
3.2994e-07
8.11718e-07
3.88631e-07
8.16512e-07
4.41764e-07
8.20696e-07
4.88324e-07
8.24157e-07
5.27568e-07
8.26886e-07
5.59158e-07
8.28984e-07
5.83207e-07
8.30631e-07
6.00218e-07
8.32048e-07
6.10951e-07
8.33451e-07
6.16264e-07
8.35008e-07
6.16972e-07
8.36826e-07
6.13751e-07
8.38943e-07
6.07118e-07
8.41343e-07
5.97436e-07
8.43977e-07
5.84969e-07
8.46784e-07
5.69933e-07
8.49712e-07
5.52534e-07
8.52724e-07
5.33003e-07
8.55802e-07
5.11584e-07
4.88589e-07
8.58955e-07
1.32516e-06
-1.35651e-08
1.33231e-06
-2.03616e-08
1.3397e-06
-2.98678e-08
1.34649e-06
-4.28159e-08
1.35147e-06
-5.97081e-08
1.35332e-06
-8.04779e-08
1.35096e-06
-1.04331e-07
1.34373e-06
-1.29898e-07
1.33141e-06
-1.55533e-07
1.31414e-06
-1.79551e-07
1.29246e-06
-2.00355e-07
1.26717e-06
-2.16538e-07
1.23931e-06
-2.26963e-07
1.21002e-06
-2.30833e-07
1.18053e-06
-2.27705e-07
1.15202e-06
-2.17502e-07
1.1256e-06
-2.00484e-07
1.10223e-06
-1.77211e-07
1.08272e-06
-1.48473e-07
1.06766e-06
-1.15218e-07
1.0575e-06
-7.84946e-08
1.05252e-06
-3.94172e-08
1.05283e-06
8.90492e-10
1.05846e-06
4.13626e-08
1.06936e-06
8.09167e-08
1.08514e-06
1.18515e-07
1.10514e-06
1.53093e-07
1.12883e-06
1.83603e-07
1.15603e-06
2.09275e-07
1.18672e-06
2.29717e-07
1.22052e-06
2.44747e-07
1.25656e-06
2.54177e-07
1.29364e-06
2.57742e-07
1.33055e-06
2.55187e-07
1.36631e-06
2.46379e-07
1.40027e-06
2.31372e-07
1.43202e-06
2.10391e-07
1.46139e-06
1.8379e-07
1.48827e-06
1.52002e-07
1.51258e-06
1.15492e-07
1.53427e-06
7.476e-08
1.55321e-06
3.03752e-08
1.56924e-06
-1.71212e-08
1.58219e-06
-6.72832e-08
1.59174e-06
-1.19405e-07
1.5976e-06
-1.72687e-07
1.59947e-06
-2.26339e-07
1.5972e-06
-2.79576e-07
1.59084e-06
-3.3167e-07
1.58069e-06
-3.81999e-07
1.56729e-06
-4.30066e-07
1.55133e-06
-4.75503e-07
1.53352e-06
-5.18044e-07
1.51454e-06
-5.57502e-07
1.49499e-06
-5.93752e-07
1.47537e-06
-6.2672e-07
1.45615e-06
-6.56385e-07
1.43782e-06
-6.8277e-07
1.42084e-06
-7.05913e-07
1.4057e-06
-7.25789e-07
1.39277e-06
-7.42224e-07
1.38231e-06
-7.54827e-07
1.37449e-06
-7.6301e-07
1.36939e-06
-7.66101e-07
1.36723e-06
-7.63517e-07
1.36826e-06
-7.54798e-07
1.37258e-06
-7.39398e-07
1.37979e-06
-7.16467e-07
1.38879e-06
-6.84906e-07
1.39783e-06
-6.43736e-07
1.40489e-06
-5.92536e-07
1.40799e-06
-5.31726e-07
1.40552e-06
-4.6261e-07
1.39634e-06
-3.87223e-07
1.37988e-06
-3.08099e-07
1.35611e-06
-2.28067e-07
1.32551e-06
-1.49987e-07
1.28898e-06
-7.6426e-08
1.24774e-06
-9.47097e-09
1.20337e-06
4.91271e-08
1.15744e-06
9.83742e-08
1.1114e-06
1.38128e-07
1.06649e-06
1.6883e-07
1.02374e-06
1.91298e-07
9.83896e-07
2.0658e-07
9.47453e-07
2.15815e-07
9.14669e-07
2.20124e-07
8.85625e-07
2.20542e-07
8.60269e-07
2.17978e-07
8.3846e-07
2.13201e-07
8.20004e-07
2.06845e-07
8.0468e-07
1.9942e-07
7.92256e-07
1.91326e-07
7.82504e-07
1.82865e-07
7.75202e-07
1.74255e-07
7.70146e-07
1.65641e-07
7.67149e-07
1.57109e-07
7.6605e-07
1.48696e-07
7.66706e-07
1.404e-07
7.68989e-07
1.32182e-07
7.72775e-07
1.23968e-07
7.77932e-07
1.15654e-07
7.84318e-07
1.07112e-07
7.9178e-07
9.81984e-08
8.00154e-07
8.8766e-08
8.0927e-07
7.86733e-08
8.18952e-07
6.77958e-08
8.29017e-07
5.60355e-08
8.39272e-07
4.33272e-08
8.49517e-07
2.96418e-08
8.59544e-07
1.49891e-08
8.69136e-07
-5.74879e-10
8.78069e-07
-1.69408e-08
8.86116e-07
-3.39476e-08
8.93065e-07
-5.14026e-08
8.9873e-07
-6.90981e-08
9.02941e-07
-8.68229e-08
9.05537e-07
-1.04369e-07
9.06352e-07
-1.2154e-07
9.05222e-07
-1.38177e-07
9.02015e-07
-1.54197e-07
8.9668e-07
-1.69637e-07
8.89292e-07
-1.84689e-07
8.80087e-07
-1.9974e-07
8.69444e-07
-2.15459e-07
8.57793e-07
-2.32841e-07
8.45389e-07
-2.52994e-07
8.31992e-07
-2.76423e-07
8.16674e-07
-3.02121e-07
7.98007e-07
-3.27346e-07
7.74807e-07
-3.48979e-07
7.47178e-07
-3.66179e-07
7.17282e-07
-3.8261e-07
6.89161e-07
-4.05992e-07
6.673e-07
-4.44137e-07
6.54571e-07
-4.99531e-07
6.50996e-07
-5.66822e-07
6.54213e-07
-6.35492e-07
6.60999e-07
-6.95093e-07
6.68616e-07
-7.38931e-07
6.75397e-07
-7.64701e-07
6.80684e-07
-7.73167e-07
6.84478e-07
-7.66432e-07
6.87061e-07
-7.46738e-07
6.8876e-07
-7.15998e-07
6.89852e-07
-6.75784e-07
6.90554e-07
-6.27482e-07
6.91047e-07
-5.72399e-07
6.91498e-07
-5.11787e-07
6.9207e-07
-4.46823e-07
6.92917e-07
-3.78572e-07
6.94177e-07
-3.07962e-07
6.95964e-07
-2.35774e-07
6.98362e-07
-1.62686e-07
7.01436e-07
-8.93321e-08
7.05224e-07
-1.63834e-08
7.09737e-07
5.54275e-08
7.14948e-07
1.25804e-07
7.20782e-07
1.94359e-07
7.27129e-07
2.6044e-07
7.33839e-07
3.2323e-07
7.40722e-07
3.81748e-07
7.47563e-07
4.34922e-07
7.54151e-07
4.81736e-07
7.60319e-07
5.214e-07
7.65978e-07
5.53499e-07
7.7113e-07
5.78055e-07
7.75861e-07
5.95487e-07
7.80313e-07
6.06499e-07
7.84645e-07
6.11932e-07
7.89003e-07
6.12614e-07
7.93487e-07
6.09267e-07
7.98148e-07
6.02457e-07
8.02985e-07
5.92599e-07
8.07964e-07
5.7999e-07
8.13032e-07
5.64865e-07
8.18136e-07
5.4743e-07
8.23232e-07
5.27906e-07
8.28292e-07
5.06524e-07
4.83564e-07
8.33317e-07
1.32038e-06
-1.89344e-08
1.32604e-06
-2.60189e-08
1.33157e-06
-3.54041e-08
1.33632e-06
-4.75577e-08
1.33936e-06
-6.27475e-08
1.33972e-06
-8.08384e-08
1.33657e-06
-1.0119e-07
1.32941e-06
-1.22732e-07
1.31803e-06
-1.44156e-07
1.30258e-06
-1.64095e-07
1.28346e-06
-1.81242e-07
1.26135e-06
-1.94429e-07
1.2371e-06
-2.02707e-07
1.21166e-06
-2.05393e-07
1.18605e-06
-2.02101e-07
1.1613e-06
-1.92746e-07
1.13834e-06
-1.77525e-07
1.11802e-06
-1.56889e-07
1.10103e-06
-1.31491e-07
1.08795e-06
-1.02132e-07
1.07917e-06
-6.9714e-08
1.07496e-06
-3.521e-08
1.07545e-06
4.01268e-10
1.08064e-06
3.61699e-08
1.09046e-06
7.10947e-08
1.10473e-06
1.04245e-07
1.12305e-06
1.34775e-07
1.1448e-06
1.61851e-07
1.16939e-06
1.84692e-07
1.19641e-06
2.02699e-07
1.22563e-06
2.15524e-07
1.25678e-06
2.23026e-07
1.28937e-06
2.25152e-07
1.32269e-06
2.21864e-07
1.35594e-06
2.13134e-07
1.38833e-06
1.9898e-07
1.41921e-06
1.79506e-07
1.44809e-06
1.54916e-07
1.47458e-06
1.25508e-07
1.49842e-06
9.1656e-08
1.51936e-06
5.38157e-08
1.5372e-06
1.25387e-08
1.55177e-06
-3.16939e-08
1.56288e-06
-7.83932e-08
1.57033e-06
-1.26852e-07
1.57401e-06
-1.76369e-07
1.57394e-06
-2.26273e-07
1.57029e-06
-2.75922e-07
1.56335e-06
-3.24733e-07
1.55355e-06
-3.72194e-07
1.54135e-06
-4.17865e-07
1.52723e-06
-4.61384e-07
1.51164e-06
-5.02459e-07
1.49502e-06
-5.40876e-07
1.47776e-06
-5.76497e-07
1.46031e-06
-6.09264e-07
1.44312e-06
-6.39198e-07
1.42672e-06
-6.66366e-07
1.41162e-06
-6.90815e-07
1.39829e-06
-7.12467e-07
1.38714e-06
-7.31066e-07
1.37848e-06
-7.46166e-07
1.37269e-06
-7.57226e-07
1.37035e-06
-7.63759e-07
1.37222e-06
-7.65393e-07
1.379e-06
-7.61577e-07
1.39071e-06
-7.51104e-07
1.40626e-06
-7.32022e-07
1.42353e-06
-7.02177e-07
1.43982e-06
-6.60026e-07
1.45248e-06
-6.05189e-07
1.45931e-06
-5.38563e-07
1.45881e-06
-4.62106e-07
1.45007e-06
-3.78481e-07
1.43272e-06
-2.90756e-07
1.40691e-06
-2.02254e-07
1.37326e-06
-1.1633e-07
1.33274e-06
-3.59052e-08
1.28675e-06
3.65103e-08
1.23712e-06
9.87646e-08
1.18564e-06
1.49853e-07
1.13405e-06
1.89714e-07
1.08389e-06
2.18989e-07
1.03638e-06
2.38808e-07
9.92396e-07
2.50567e-07
9.52472e-07
2.55738e-07
9.1687e-07
2.55726e-07
8.85627e-07
2.51785e-07
8.58623e-07
2.44981e-07
8.3564e-07
2.36184e-07
8.16398e-07
2.26086e-07
8.00598e-07
2.1522e-07
7.87937e-07
2.03987e-07
7.78123e-07
1.92678e-07
7.70885e-07
1.81493e-07
7.65972e-07
1.70553e-07
7.63159e-07
1.59922e-07
7.62244e-07
1.49611e-07
7.63051e-07
1.39593e-07
7.65423e-07
1.2981e-07
7.69218e-07
1.20173e-07
7.74298e-07
1.10573e-07
7.80527e-07
1.00883e-07
7.87761e-07
9.0964e-08
7.95851e-07
8.06761e-08
8.04639e-07
6.9886e-08
8.13957e-07
5.84779e-08
8.23631e-07
4.63614e-08
8.33481e-07
3.34769e-08
8.43324e-07
1.97989e-08
8.52971e-07
5.3423e-09
8.62224e-07
-9.82863e-09
8.70881e-07
-2.55974e-08
8.78739e-07
-4.18059e-08
8.85607e-07
-5.82707e-08
8.91298e-07
-7.47888e-08
8.95618e-07
-9.1143e-08
8.98362e-07
-1.07113e-07
8.99321e-07
-1.22499e-07
8.98316e-07
-1.37173e-07
8.95244e-07
-1.51124e-07
8.90111e-07
-1.64504e-07
8.83044e-07
-1.77622e-07
8.74265e-07
-1.90961e-07
8.64021e-07
-2.05216e-07
8.52457e-07
-2.21278e-07
8.3941e-07
-2.39946e-07
8.24198e-07
-2.61211e-07
8.05595e-07
-2.83518e-07
7.82211e-07
-3.03962e-07
7.53324e-07
-3.20092e-07
7.19877e-07
-3.32732e-07
6.84997e-07
-3.47729e-07
6.53411e-07
-3.74407e-07
6.29626e-07
-4.20352e-07
6.15828e-07
-4.85732e-07
6.11111e-07
-5.62105e-07
6.12498e-07
-6.36878e-07
6.16641e-07
-6.99236e-07
6.21014e-07
-7.43304e-07
6.24266e-07
-7.67953e-07
6.26017e-07
-7.74918e-07
6.26444e-07
-7.66859e-07
6.2592e-07
-7.46215e-07
6.248e-07
-7.14878e-07
6.23358e-07
-6.74341e-07
6.21795e-07
-6.25919e-07
6.20279e-07
-5.70883e-07
6.18965e-07
-5.10473e-07
6.18007e-07
-4.45865e-07
6.17553e-07
-3.78119e-07
6.17739e-07
-3.08148e-07
6.18678e-07
-2.36712e-07
6.20457e-07
-1.64465e-07
6.23142e-07
-9.20166e-08
6.2677e-07
-2.00114e-08
6.3135e-07
5.08476e-08
6.36867e-07
1.20287e-07
6.43267e-07
1.87959e-07
6.50467e-07
2.5324e-07
6.5835e-07
3.15346e-07
6.66759e-07
3.73339e-07
6.75496e-07
4.26185e-07
6.84345e-07
4.72887e-07
6.93103e-07
5.12642e-07
7.01615e-07
5.44988e-07
7.09796e-07
5.69874e-07
7.1764e-07
5.87643e-07
7.25203e-07
5.98937e-07
7.32579e-07
6.04555e-07
7.3987e-07
6.05322e-07
7.47161e-07
6.01977e-07
7.54498e-07
5.9512e-07
7.61893e-07
5.85204e-07
7.69323e-07
5.7256e-07
7.76745e-07
5.57442e-07
7.84111e-07
5.40065e-07
7.91376e-07
5.20642e-07
7.98503e-07
4.99397e-07
4.76575e-07
8.05492e-07
1.3158e-06
-2.33243e-08
1.32021e-06
-3.04267e-08
1.32427e-06
-3.94625e-08
1.32743e-06
-5.07226e-08
1.32901e-06
-6.43276e-08
1.32828e-06
-8.01028e-08
1.3246e-06
-9.75146e-08
1.31758e-06
-1.15712e-07
1.30707e-06
-1.33646e-07
1.29318e-06
-1.50208e-07
1.27626e-06
-1.64322e-07
1.25686e-06
-1.75024e-07
1.23567e-06
-1.8152e-07
1.21351e-06
-1.83232e-07
1.19123e-06
-1.79826e-07
1.1697e-06
-1.71215e-07
1.14973e-06
-1.57553e-07
1.13205e-06
-1.39206e-07
1.11728e-06
-1.16719e-07
1.10592e-06
-9.07709e-08
1.09834e-06
-6.21385e-08
1.0948e-06
-3.16696e-08
1.09543e-06
-2.26084e-10
1.10024e-06
3.13548e-08
1.10915e-06
6.21854e-08
1.12199e-06
9.14113e-08
1.13849e-06
1.18269e-07
1.15827e-06
1.4207e-07
1.18078e-06
1.62186e-07
1.20542e-06
1.78058e-07
1.23169e-06
1.8925e-07
1.25922e-06
1.95496e-07
1.28769e-06
1.96689e-07
1.31672e-06
1.92829e-07
1.34588e-06
1.83977e-07
1.37463e-06
1.70225e-07
1.40244e-06
1.51704e-07
1.42876e-06
1.28596e-07
1.45312e-06
1.01141e-07
1.47513e-06
6.9649e-08
1.49444e-06
3.45091e-08
1.51081e-06
-3.8297e-09
1.52409e-06
-4.49784e-08
1.53412e-06
-8.84203e-08
1.5408e-06
-1.33535e-07
1.54416e-06
-1.7973e-07
1.54431e-06
-2.26424e-07
1.54145e-06
-2.73055e-07
1.53582e-06
-3.19102e-07
1.52771e-06
-3.64086e-07
1.51743e-06
-4.07588e-07
1.5053e-06
-4.49257e-07
1.49166e-06
-4.88817e-07
1.47687e-06
-5.26081e-07
1.46132e-06
-5.6095e-07
1.44548e-06
-5.93421e-07
1.42984e-06
-6.23564e-07
1.41494e-06
-6.51462e-07
1.40125e-06
-6.77126e-07
1.38922e-06
-7.00436e-07
1.37931e-06
-7.2116e-07
1.37216e-06
-7.39011e-07
1.36869e-06
-7.53755e-07
1.37021e-06
-7.65284e-07
1.37811e-06
-7.73296e-07
1.39305e-06
-7.7651e-07
1.41412e-06
-7.72176e-07
1.43878e-06
-7.5668e-07
1.46353e-06
-7.26932e-07
1.48496e-06
-6.81451e-07
1.50039e-06
-6.20619e-07
1.50813e-06
-5.463e-07
1.50729e-06
-4.61269e-07
1.49752e-06
-3.68709e-07
1.47874e-06
-2.71976e-07
1.45114e-06
-1.74653e-07
1.41519e-06
-8.03811e-08
1.37162e-06
7.66098e-09
1.32185e-06
8.62829e-08
1.26772e-06
1.52889e-07
1.2113e-06
2.0628e-07
1.15461e-06
2.46397e-07
1.09949e-06
2.74109e-07
1.04739e-06
2.9091e-07
9.99342e-07
2.98617e-07
9.55974e-07
2.99106e-07
9.17569e-07
2.94131e-07
8.84139e-07
2.85215e-07
8.55507e-07
2.73613e-07
8.31375e-07
2.60315e-07
8.11386e-07
2.46076e-07
7.95156e-07
2.3145e-07
7.82308e-07
2.16835e-07
7.72486e-07
2.025e-07
7.65363e-07
1.88616e-07
7.60643e-07
1.75273e-07
7.58063e-07
1.62503e-07
7.57387e-07
1.50287e-07
7.58411e-07
1.3857e-07
7.6095e-07
1.2727e-07
7.64844e-07
1.16279e-07
7.69943e-07
1.05474e-07
7.76106e-07
9.47205e-08
7.83193e-07
8.38771e-08
7.91063e-07
7.28055e-08
7.99572e-07
6.13769e-08
8.08569e-07
4.94809e-08
8.17899e-07
3.70322e-08
8.27401e-07
2.39744e-08
8.36914e-07
1.02862e-08
8.46267e-07
-4.01074e-09
8.55282e-07
-1.88434e-08
8.63775e-07
-3.40911e-08
8.71566e-07
-4.95964e-08
8.78465e-07
-6.51694e-08
8.84267e-07
-8.05908e-08
8.88748e-07
-9.56242e-08
8.91678e-07
-1.10043e-07
8.92856e-07
-1.23677e-07
8.92145e-07
-1.36462e-07
8.89504e-07
-1.48484e-07
8.84979e-07
-1.59978e-07
8.78657e-07
-1.713e-07
8.70605e-07
-1.8291e-07
8.60786e-07
-1.95397e-07
8.48957e-07
-2.09448e-07
8.34541e-07
-2.2553e-07
8.16538e-07
-2.43208e-07
7.93641e-07
-2.60621e-07
7.64726e-07
-2.75047e-07
7.29715e-07
-2.85081e-07
6.90446e-07
-2.93463e-07
6.50924e-07
-3.08207e-07
6.16329e-07
-3.39812e-07
5.9089e-07
-3.94912e-07
5.75939e-07
-4.70782e-07
5.69719e-07
-5.55885e-07
5.68852e-07
-6.36011e-07
5.70045e-07
-7.0043e-07
5.71044e-07
-7.44302e-07
5.70781e-07
-7.67691e-07
5.69087e-07
-7.73224e-07
5.66266e-07
-7.64037e-07
5.62747e-07
-7.42695e-07
5.58899e-07
-7.11031e-07
5.54993e-07
-6.70435e-07
5.51222e-07
-6.22148e-07
5.47742e-07
-5.67403e-07
5.44699e-07
-5.07431e-07
5.42239e-07
-4.43405e-07
5.40504e-07
-3.76384e-07
5.39626e-07
-3.07269e-07
5.39715e-07
-2.36802e-07
5.4086e-07
-1.6561e-07
5.43125e-07
-9.42809e-08
5.46544e-07
-2.34312e-08
5.51127e-07
4.62652e-08
5.56873e-07
1.14541e-07
5.63752e-07
1.8108e-07
5.7171e-07
2.45282e-07
5.80661e-07
3.06395e-07
5.90477e-07
3.63523e-07
6.00982e-07
4.15681e-07
6.11961e-07
4.61908e-07
6.23185e-07
5.01417e-07
6.34448e-07
5.33725e-07
6.45591e-07
5.58731e-07
6.5652e-07
5.76714e-07
6.67208e-07
5.88249e-07
6.77678e-07
5.94086e-07
6.8798e-07
5.9502e-07
6.98167e-07
5.9179e-07
7.08276e-07
5.85011e-07
7.18319e-07
5.75161e-07
7.28282e-07
5.62597e-07
7.38132e-07
5.47592e-07
7.47825e-07
5.30371e-07
7.57321e-07
5.11146e-07
7.66579e-07
4.90138e-07
4.67552e-07
7.75602e-07
1.3115e-06
-2.68567e-08
1.31487e-06
-3.37929e-08
1.31774e-06
-4.23405e-08
1.31969e-06
-5.26715e-08
1.32018e-06
-6.48142e-08
1.31865e-06
-7.85756e-08
1.31464e-06
-9.35018e-08
1.30783e-06
-1.08904e-07
1.29812e-06
-1.23936e-07
1.28561e-06
-1.37692e-07
1.27057e-06
-1.49291e-07
1.25348e-06
-1.57933e-07
1.23492e-06
-1.62957e-07
1.21557e-06
-1.63876e-07
1.19614e-06
-1.60403e-07
1.17738e-06
-1.52457e-07
1.15999e-06
-1.40158e-07
1.14459e-06
-1.23809e-07
1.13174e-06
-1.03867e-07
1.12188e-06
-8.09121e-08
1.11536e-06
-5.56126e-08
1.11239e-06
-2.87068e-08
1.11312e-06
-9.53938e-10
1.11757e-06
2.6902e-08
1.12568e-06
5.40814e-08
1.13726e-06
7.98246e-08
1.1521e-06
1.03433e-07
1.16989e-06
1.24282e-07
1.19025e-06
1.41829e-07
1.21269e-06
1.5561e-07
1.2367e-06
1.65239e-07
1.26177e-06
1.70428e-07
1.28746e-06
1.71001e-07
1.31339e-06
1.66898e-07
1.33922e-06
1.58152e-07
1.36458e-06
1.44863e-07
1.3891e-06
1.27184e-07
1.41239e-06
1.05308e-07
1.43406e-06
7.94687e-08
1.45375e-06
4.99533e-08
1.47116e-06
1.70992e-08
1.48607e-06
-1.87368e-08
1.4983e-06
-5.72067e-08
1.50769e-06
-9.78131e-08
1.51418e-06
-1.40025e-07
1.51777e-06
-1.83319e-07
1.51852e-06
-2.27175e-07
1.51655e-06
-2.71086e-07
1.51202e-06
-3.14573e-07
1.50514e-06
-3.57199e-07
1.49613e-06
-3.98582e-07
1.48528e-06
-4.3841e-07
1.47291e-06
-4.76447e-07
1.45938e-06
-5.12549e-07
1.4451e-06
-5.46665e-07
1.43051e-06
-5.78832e-07
1.41608e-06
-6.09133e-07
1.40224e-06
-6.37627e-07
1.38942e-06
-6.64306e-07
1.37813e-06
-6.89149e-07
1.36919e-06
-7.12214e-07
1.36383e-06
-7.33655e-07
1.36383e-06
-7.53751e-07
1.37122e-06
-7.72672e-07
1.3874e-06
-7.89478e-07
1.41186e-06
-8.00971e-07
1.44166e-06
-8.01982e-07
1.47238e-06
-7.87395e-07
1.49967e-06
-7.54223e-07
1.52046e-06
-7.02246e-07
1.53321e-06
-6.33367e-07
1.53752e-06
-5.50604e-07
1.53357e-06
-4.57322e-07
1.52166e-06
-3.568e-07
1.5019e-06
-2.5222e-07
1.47422e-06
-1.46964e-07
1.43838e-06
-4.45468e-08
1.39453e-06
5.15146e-08
1.34371e-06
1.37102e-07
1.28764e-06
2.08961e-07
1.22847e-06
2.65448e-07
1.16849e-06
3.06378e-07
1.10981e-06
3.32786e-07
1.05418e-06
3.46541e-07
1.00286e-06
3.49938e-07
9.56628e-07
3.45337e-07
9.15849e-07
3.3491e-07
8.80551e-07
3.20513e-07
8.50531e-07
3.03633e-07
8.25442e-07
2.85405e-07
8.04856e-07
2.66661e-07
7.88322e-07
2.47984e-07
7.75395e-07
2.29762e-07
7.65657e-07
2.12238e-07
7.58728e-07
1.95545e-07
7.54268e-07
1.79733e-07
7.51978e-07
1.64793e-07
7.51593e-07
1.50671e-07
7.52884e-07
1.37279e-07
7.55648e-07
1.24506e-07
7.59706e-07
1.12221e-07
7.64898e-07
1.00283e-07
7.71075e-07
8.8543e-08
7.781e-07
7.68525e-08
7.85836e-07
6.50688e-08
7.94151e-07
5.30623e-08
8.02909e-07
4.07233e-08
8.11973e-07
2.79678e-08
8.21206e-07
1.47416e-08
8.30465e-07
1.02738e-09
8.39601e-07
-1.31468e-08
8.48458e-07
-2.77012e-08
8.56876e-07
-4.25091e-08
8.6468e-07
-5.74002e-08
8.71672e-07
-7.21613e-08
8.77632e-07
-8.65508e-08
8.82335e-07
-1.00327e-07
8.85584e-07
-1.13292e-07
8.87237e-07
-1.2533e-07
8.87225e-07
-1.3645e-07
8.85527e-07
-1.46785e-07
8.82112e-07
-1.56564e-07
8.76876e-07
-1.66065e-07
8.6958e-07
-1.75614e-07
8.59814e-07
-1.8563e-07
8.46963e-07
-1.96597e-07
8.30162e-07
-2.08729e-07
8.08297e-07
-2.21343e-07
7.80204e-07
-2.32528e-07
7.45209e-07
-2.40052e-07
7.03965e-07
-2.43836e-07
6.59181e-07
-2.4868e-07
6.15574e-07
-2.646e-07
5.7849e-07
-3.02727e-07
5.51603e-07
-3.68026e-07
5.35322e-07
-4.54501e-07
5.27205e-07
-5.47768e-07
5.23713e-07
-6.32519e-07
5.21751e-07
-6.98468e-07
5.19345e-07
-7.41896e-07
5.1565e-07
-7.63996e-07
5.10635e-07
-7.68209e-07
5.04681e-07
-7.58084e-07
4.98254e-07
-7.36269e-07
4.91739e-07
-7.04515e-07
4.85405e-07
-6.64102e-07
4.79446e-07
-6.16189e-07
4.74015e-07
-5.61972e-07
4.69255e-07
-5.0267e-07
4.65303e-07
-4.39454e-07
4.62293e-07
-3.73374e-07
4.60348e-07
-3.05324e-07
4.59576e-07
-2.3603e-07
4.60064e-07
-1.66098e-07
4.61873e-07
-9.60898e-08
4.65036e-07
-2.65945e-08
4.69563e-07
4.17388e-08
4.75473e-07
1.08631e-07
4.82765e-07
1.73788e-07
4.91412e-07
2.36635e-07
5.01356e-07
2.9645e-07
5.12494e-07
3.52384e-07
5.24668e-07
4.03507e-07
5.37665e-07
4.48911e-07
5.5124e-07
4.87842e-07
5.65142e-07
5.19822e-07
5.79151e-07
5.44723e-07
5.93096e-07
5.62769e-07
6.0687e-07
5.74474e-07
6.20427e-07
5.80529e-07
6.3376e-07
5.81688e-07
6.46883e-07
5.78667e-07
6.59815e-07
5.72079e-07
6.7256e-07
5.62415e-07
6.85108e-07
5.50049e-07
6.97433e-07
5.35268e-07
7.09499e-07
5.18306e-07
7.21267e-07
4.99378e-07
7.32698e-07
4.78707e-07
4.56451e-07
7.43799e-07
1.30754e-06
-2.965e-08
1.31005e-06
-3.6297e-08
1.31199e-06
-4.42778e-08
1.313e-06
-5.3684e-08
1.31267e-06
-6.4487e-08
1.31058e-06
-7.64892e-08
1.30638e-06
-8.93003e-08
1.29983e-06
-1.02354e-07
1.29086e-06
-1.14962e-07
1.27955e-06
-1.26385e-07
1.26616e-06
-1.35894e-07
1.25105e-06
-1.42831e-07
1.23474e-06
-1.46643e-07
1.21779e-06
-1.46923e-07
1.20081e-06
-1.43427e-07
1.18444e-06
-1.36082e-07
1.16927e-06
-1.24986e-07
1.15585e-06
-1.10389e-07
1.14466e-06
-9.26811e-08
1.1361e-06
-7.23566e-08
1.13049e-06
-4.99947e-08
1.12802e-06
-2.62381e-08
1.12882e-06
-1.75471e-09
1.13293e-06
2.2794e-08
1.14029e-06
4.67195e-08
1.15076e-06
6.93507e-08
1.16413e-06
9.00638e-08
1.18012e-06
1.08289e-07
1.19842e-06
1.23532e-07
1.21865e-06
1.35375e-07
1.24041e-06
1.43485e-07
1.26323e-06
1.47606e-07
1.28667e-06
1.47562e-07
1.3103e-06
1.43264e-07
1.33375e-06
1.34703e-07
1.35667e-06
1.21946e-07
1.37873e-06
1.0512e-07
1.39964e-06
8.44049e-08
1.41908e-06
6.00227e-08
1.43679e-06
3.22431e-08
1.45251e-06
1.37907e-09
1.46605e-06
-3.2275e-08
1.47722e-06
-6.83748e-08
1.48587e-06
-1.06466e-07
1.49193e-06
-1.46083e-07
1.49537e-06
-1.86758e-07
1.49622e-06
-2.28023e-07
1.49455e-06
-2.69422e-07
1.49051e-06
-3.10527e-07
1.48425e-06
-3.50945e-07
1.47601e-06
-3.90341e-07
1.46604e-06
-4.28439e-07
1.45464e-06
-4.65045e-07
1.44214e-06
-5.00051e-07
1.42891e-06
-5.33437e-07
1.41532e-06
-5.6524e-07
1.40171e-06
-5.95521e-07
1.38842e-06
-6.24338e-07
1.37594e-06
-6.51824e-07
1.36515e-06
-6.78361e-07
1.35753e-06
-7.04592e-07
1.35512e-06
-7.31249e-07
1.36039e-06
-7.59018e-07
1.3754e-06
-7.87682e-07
1.40019e-06
-8.14263e-07
1.43158e-06
-8.32364e-07
1.46411e-06
-8.34516e-07
1.49241e-06
-8.15694e-07
1.51309e-06
-7.74903e-07
1.5251e-06
-7.14257e-07
1.52899e-06
-6.37252e-07
1.52594e-06
-5.47556e-07
1.5171e-06
-4.48484e-07
1.50318e-06
-3.42878e-07
1.48423e-06
-2.33264e-07
1.45949e-06
-1.22226e-07
1.42781e-06
-1.28678e-08
1.38832e-06
9.10047e-08
1.34118e-06
1.84242e-07
1.28762e-06
2.62516e-07
1.22966e-06
3.2341e-07
1.16971e-06
3.66325e-07
1.1102e-06
3.92303e-07
1.05319e-06
4.03545e-07
1.00028e-06
4.02854e-07
9.52472e-07
3.93142e-07
9.10299e-07
3.77083e-07
8.73877e-07
3.56935e-07
8.43035e-07
3.34475e-07
8.17416e-07
3.11024e-07
7.96563e-07
2.87514e-07
7.79979e-07
2.64568e-07
7.6717e-07
2.42571e-07
7.57671e-07
2.21737e-07
7.5106e-07
2.02156e-07
7.4696e-07
1.83833e-07
7.45039e-07
1.66713e-07
7.45011e-07
1.50699e-07
7.46624e-07
1.35666e-07
7.49661e-07
1.21469e-07
7.53931e-07
1.07951e-07
7.59266e-07
9.49479e-08
7.65514e-07
8.22946e-08
7.72537e-07
6.98295e-08
7.80205e-07
5.74012e-08
7.88393e-07
4.48743e-08
7.9698e-07
3.21359e-08
8.05849e-07
1.90995e-08
8.1488e-07
5.70982e-09
8.23957e-07
-8.04954e-09
8.32955e-07
-2.21444e-08
8.4174e-07
-3.6486e-08
8.50163e-07
-5.09321e-08
8.5805e-07
-6.52874e-08
8.65207e-07
-7.93185e-08
8.71441e-07
-9.27844e-08
8.76586e-07
-1.05473e-07
8.80527e-07
-1.17232e-07
8.83184e-07
-1.27987e-07
8.84477e-07
-1.37743e-07
8.84263e-07
-1.46571e-07
8.82268e-07
-1.54569e-07
8.78054e-07
-1.6185e-07
8.71017e-07
-1.68577e-07
8.60426e-07
-1.75039e-07
8.45443e-07
-1.81614e-07
8.25121e-07
-1.88408e-07
7.98448e-07
-1.9467e-07
7.64566e-07
-1.98647e-07
7.23344e-07
-1.98829e-07
6.76168e-07
-1.96661e-07
6.26518e-07
-1.9903e-07
5.79587e-07
-2.17669e-07
5.40572e-07
-2.63712e-07
5.12369e-07
-3.39823e-07
4.94496e-07
-4.36628e-07
4.84073e-07
-5.37345e-07
4.77638e-07
-6.26084e-07
4.72394e-07
-6.93224e-07
4.66622e-07
-7.36124e-07
4.59616e-07
-7.5699e-07
4.5141e-07
-7.60003e-07
4.42422e-07
-7.49096e-07
4.33146e-07
-7.26992e-07
4.23986e-07
-6.95355e-07
4.15227e-07
-6.55343e-07
4.07066e-07
-6.08028e-07
3.99663e-07
-5.54568e-07
3.93163e-07
-4.9617e-07
3.87703e-07
-4.33994e-07
3.83403e-07
-3.69075e-07
3.80374e-07
-3.02295e-07
3.78718e-07
-2.34373e-07
3.78516e-07
-1.65896e-07
3.79829e-07
-9.74031e-08
3.8269e-07
-2.9456e-08
3.87114e-07
3.73153e-08
3.93145e-07
1.026e-07
4.0081e-07
1.66123e-07
4.10108e-07
2.27337e-07
4.21004e-07
2.85555e-07
4.33412e-07
3.39976e-07
4.47186e-07
3.89733e-07
4.62115e-07
4.33983e-07
4.77936e-07
4.72021e-07
4.94365e-07
5.03393e-07
5.11126e-07
5.27961e-07
5.27986e-07
5.4591e-07
5.44767e-07
5.57693e-07
5.61354e-07
5.63942e-07
5.77685e-07
5.65357e-07
5.93734e-07
5.62617e-07
6.09493e-07
5.5632e-07
6.24955e-07
5.46953e-07
6.40108e-07
5.34897e-07
6.54927e-07
5.20448e-07
6.69382e-07
5.0385e-07
6.83441e-07
4.85319e-07
6.97065e-07
4.65083e-07
4.43248e-07
7.10267e-07
1.30397e-06
-3.18129e-08
1.30577e-06
-3.80914e-08
1.30696e-06
-4.54669e-08
1.30725e-06
-5.39771e-08
1.30632e-06
-6.35593e-08
1.30385e-06
-7.40202e-08
1.29957e-06
-8.50215e-08
1.29331e-06
-9.60933e-08
1.28502e-06
-1.06671e-07
1.27478e-06
-1.16146e-07
1.26281e-06
-1.23919e-07
1.24942e-06
-1.29445e-07
1.23504e-06
-1.32264e-07
1.22016e-06
-1.32036e-07
1.20528e-06
-1.28555e-07
1.19096e-06
-1.2176e-07
1.1777e-06
-1.11729e-07
1.16599e-06
-9.86773e-08
1.15625e-06
-8.29347e-08
1.14882e-06
-6.49276e-08
1.14398e-06
-4.5158e-08
1.14193e-06
-2.41864e-08
1.14277e-06
-2.60089e-09
1.14656e-06
1.90116e-08
1.15323e-06
4.00422e-08
1.16269e-06
5.98951e-08
1.17474e-06
7.80154e-08
1.18913e-06
9.38932e-08
1.20559e-06
1.07077e-07
1.22378e-06
1.17185e-07
1.24336e-06
1.23908e-07
1.26395e-06
1.27013e-07
1.28517e-06
1.26341e-07
1.30663e-06
1.218e-07
1.32797e-06
1.13368e-07
1.34883e-06
1.01085e-07
1.3689e-06
8.50522e-08
1.38788e-06
6.54198e-08
1.40552e-06
4.23884e-08
1.42155e-06
1.62071e-08
1.43579e-06
-1.28533e-08
1.44804e-06
-4.45291e-08
1.45814e-06
-7.84713e-08
1.46595e-06
-1.14279e-07
1.47141e-06
-1.51539e-07
1.47448e-06
-1.89832e-07
1.47519e-06
-2.28737e-07
1.47362e-06
-2.67848e-07
1.46987e-06
-3.06778e-07
1.4641e-06
-3.45178e-07
1.45651e-06
-3.82748e-07
1.44732e-06
-4.19251e-07
1.4368e-06
-4.54521e-07
1.42521e-06
-4.88466e-07
1.41283e-06
-5.21052e-07
1.39988e-06
-5.52291e-07
1.38661e-06
-5.82248e-07
1.37341e-06
-6.11143e-07
1.36115e-06
-6.3956e-07
1.35137e-06
-6.68582e-07
1.34624e-06
-6.99461e-07
1.34825e-06
-7.33262e-07
1.35974e-06
-7.70512e-07
1.38134e-06
-8.09276e-07
1.40993e-06
-8.42852e-07
1.4391e-06
-8.61531e-07
1.46239e-06
-8.57808e-07
1.47636e-06
-8.29666e-07
1.48102e-06
-7.79563e-07
1.47833e-06
-7.11568e-07
1.47058e-06
-6.29507e-07
1.45959e-06
-5.36557e-07
1.4465e-06
-4.35401e-07
1.43195e-06
-3.28326e-07
1.41584e-06
-2.17152e-07
1.39707e-06
-1.03461e-07
1.37369e-06
1.05129e-08
1.34353e-06
1.21162e-07
1.30548e-06
2.223e-07
1.25977e-06
3.0822e-07
1.20796e-06
3.75218e-07
1.15243e-06
4.21862e-07
1.0958e-06
4.48929e-07
1.04052e-06
4.58827e-07
9.88519e-07
4.54855e-07
9.41138e-07
4.40522e-07
8.99143e-07
4.19079e-07
8.62818e-07
3.9326e-07
8.32095e-07
3.65197e-07
8.0667e-07
3.36449e-07
7.86102e-07
3.08082e-07
7.69889e-07
2.80781e-07
7.57522e-07
2.54939e-07
7.48511e-07
2.30748e-07
7.42409e-07
2.08258e-07
7.38816e-07
1.87427e-07
7.37381e-07
1.68149e-07
7.37798e-07
1.50282e-07
7.39805e-07
1.33659e-07
7.43174e-07
1.181e-07
7.47706e-07
1.03418e-07
7.53231e-07
8.94238e-08
7.59594e-07
7.59312e-08
7.66661e-07
6.27628e-08
7.74307e-07
4.97549e-08
7.82419e-07
3.67627e-08
7.90889e-07
2.36654e-08
7.99619e-07
1.03694e-08
8.08516e-07
-3.18685e-09
8.17485e-07
-1.70189e-08
8.26425e-07
-3.10837e-08
8.35217e-07
-4.5278e-08
8.43724e-07
-5.94395e-08
8.51798e-07
-7.33614e-08
8.59301e-07
-8.68217e-08
8.66129e-07
-9.96125e-08
8.7221e-07
-1.11554e-07
8.77468e-07
-1.22491e-07
8.81769e-07
-1.32287e-07
8.84847e-07
-1.40822e-07
8.86264e-07
-1.47987e-07
8.85389e-07
-1.53694e-07
8.81441e-07
-1.57903e-07
8.73559e-07
-1.60695e-07
8.60875e-07
-1.62355e-07
8.42549e-07
-1.63288e-07
8.17759e-07
-1.63617e-07
7.85727e-07
-1.62638e-07
7.45974e-07
-1.58894e-07
6.98905e-07
-1.5176e-07
6.46568e-07
-1.44324e-07
5.9305e-07
-1.45511e-07
5.43745e-07
-1.68364e-07
5.03379e-07
-2.23346e-07
4.73917e-07
-3.10361e-07
4.54123e-07
-4.16834e-07
4.40968e-07
-5.2419e-07
4.31299e-07
-6.16415e-07
4.22686e-07
-6.84611e-07
4.13616e-07
-7.27054e-07
4.03434e-07
-7.46808e-07
3.92163e-07
-7.48732e-07
3.80219e-07
-7.37152e-07
3.6812e-07
-7.14893e-07
3.56304e-07
-6.83539e-07
3.45085e-07
-6.44124e-07
3.34677e-07
-5.97621e-07
3.2525e-07
-5.45141e-07
3.16957e-07
-4.87877e-07
3.09935e-07
-4.26972e-07
3.04297e-07
-3.63437e-07
3.00143e-07
-2.9814e-07
2.97563e-07
-2.31793e-07
2.96632e-07
-1.64965e-07
2.9741e-07
-9.81815e-08
2.99936e-07
-3.19811e-08
3.0423e-07
3.30207e-08
3.10366e-07
9.64645e-08
3.18398e-07
1.58091e-07
3.28344e-07
2.1739e-07
3.40183e-07
2.73716e-07
3.5384e-07
3.26319e-07
3.69172e-07
3.744e-07
3.85965e-07
4.1719e-07
4.0394e-07
4.54046e-07
4.22782e-07
4.84551e-07
4.42172e-07
5.08571e-07
4.61821e-07
5.26261e-07
4.81491e-07
5.38023e-07
5.01009e-07
5.44424e-07
5.20261e-07
5.46105e-07
5.39178e-07
5.437e-07
5.57725e-07
5.37774e-07
5.75878e-07
5.288e-07
5.93617e-07
5.17158e-07
6.10919e-07
5.03146e-07
6.27756e-07
4.87013e-07
6.441e-07
4.68976e-07
6.59911e-07
4.49272e-07
4.27945e-07
6.75214e-07
1.30081e-06
-3.34428e-08
1.30202e-06
-3.93049e-08
1.30262e-06
-4.60637e-08
1.30236e-06
-5.3721e-08
1.301e-06
-6.2195e-08
1.29828e-06
-7.13022e-08
1.29401e-06
-8.07483e-08
1.28805e-06
-9.01395e-08
1.28039e-06
-9.90091e-08
1.2711e-06
-1.06856e-07
1.26037e-06
-1.13185e-07
1.24847e-06
-1.17544e-07
1.23576e-06
-1.19553e-07
1.22265e-06
-1.18926e-07
1.20959e-06
-1.15494e-07
1.19703e-06
-1.09203e-07
1.18542e-06
-1.00124e-07
1.17519e-06
-8.84383e-08
1.16668e-06
-7.443e-08
1.16022e-06
-5.84681e-08
1.15605e-06
-4.09887e-08
1.15435e-06
-2.24819e-08
1.15521e-06
-3.4657e-09
1.15869e-06
1.55393e-08
1.16473e-06
3.39946e-08
1.17326e-06
5.1371e-08
1.1841e-06
6.71732e-08
1.19705e-06
8.09446e-08
1.21185e-06
9.22791e-08
1.2282e-06
1.00827e-07
1.24581e-06
1.06304e-07
1.26433e-06
1.0849e-07
1.28344e-06
1.07234e-07
1.30279e-06
1.02445e-07
1.32206e-06
9.40962e-08
1.34093e-06
8.22154e-08
1.3591e-06
6.6883e-08
1.37629e-06
4.82285e-08
1.39225e-06
2.64293e-08
1.40675e-06
1.70612e-09
1.41962e-06
-2.57193e-08
1.43068e-06
-5.55869e-08
1.43977e-06
-8.75658e-08
1.4468e-06
-1.21302e-07
1.45168e-06
-1.56428e-07
1.45442e-06
-1.92563e-07
1.45501e-06
-2.29332e-07
1.45353e-06
-2.66365e-07
1.45007e-06
-3.03316e-07
1.44476e-06
-3.39872e-07
1.43777e-06
-3.75764e-07
1.4293e-06
-4.1078e-07
1.41954e-06
-4.44758e-07
1.40866e-06
-4.77581e-07
1.39678e-06
-5.09179e-07
1.38407e-06
-5.39577e-07
1.37083e-06
-5.69013e-07
1.35783e-06
-5.98139e-07
1.34652e-06
-6.2825e-07
1.33899e-06
-6.61053e-07
1.33745e-06
-6.97917e-07
1.34382e-06
-7.3964e-07
1.35899e-06
-7.85675e-07
1.38033e-06
-8.30625e-07
1.40087e-06
-8.63385e-07
1.41308e-06
-8.7374e-07
1.41394e-06
-8.58675e-07
1.40564e-06
-8.21364e-07
1.39243e-06
-7.66349e-07
1.37762e-06
-6.96763e-07
1.36272e-06
-6.14605e-07
1.34803e-06
-5.21862e-07
1.33357e-06
-4.20942e-07
1.31956e-06
-3.1432e-07
1.30629e-06
-2.03886e-07
1.29349e-06
-9.06515e-08
1.27926e-06
2.47411e-08
1.26056e-06
1.39856e-07
1.23484e-06
2.48027e-07
1.20096e-06
3.42093e-07
1.15959e-06
4.16594e-07
1.11268e-06
4.68766e-07
1.06287e-06
4.98738e-07
1.0128e-06
5.08899e-07
9.64715e-07
5.02943e-07
9.20265e-07
4.84971e-07
8.80497e-07
4.58848e-07
8.45916e-07
4.27841e-07
8.16617e-07
3.94496e-07
7.92408e-07
3.60658e-07
7.7292e-07
3.27571e-07
7.57694e-07
2.96007e-07
7.4624e-07
2.66392e-07
7.3808e-07
2.38908e-07
7.32766e-07
2.13572e-07
7.29895e-07
1.90298e-07
7.29111e-07
1.68933e-07
7.30104e-07
1.49289e-07
7.32606e-07
1.31157e-07
7.36387e-07
1.14319e-07
7.41248e-07
9.85574e-08
7.47017e-07
8.36545e-08
7.53546e-07
6.94026e-08
7.60703e-07
5.56055e-08
7.68374e-07
4.20839e-08
7.76457e-07
2.868e-08
7.84862e-07
1.52602e-08
7.93514e-07
1.7173e-09
8.02345e-07
-1.20174e-08
8.11281e-07
-2.59547e-08
8.20239e-07
-4.00418e-08
8.29127e-07
-5.41664e-08
8.37857e-07
-6.81695e-08
8.46366e-07
-8.18705e-08
8.54627e-07
-9.50829e-08
8.62623e-07
-1.07608e-07
8.70283e-07
-1.19213e-07
8.77404e-07
-1.29612e-07
8.83593e-07
-1.38477e-07
8.88246e-07
-1.45474e-07
8.9057e-07
-1.50311e-07
8.8965e-07
-1.52774e-07
8.84537e-07
-1.5279e-07
8.74342e-07
-1.505e-07
8.58293e-07
-1.46306e-07
8.35735e-07
-1.40729e-07
8.06072e-07
-1.33954e-07
7.68793e-07
-1.25359e-07
7.23754e-07
-1.13856e-07
6.71818e-07
-9.98228e-08
6.1558e-07
-8.80871e-08
5.59542e-07
-8.94729e-08
5.08987e-07
-1.17809e-07
4.67866e-07
-1.82224e-07
4.37137e-07
-2.79632e-07
4.15032e-07
-3.94729e-07
3.98692e-07
-5.07851e-07
3.85482e-07
-6.03205e-07
3.73399e-07
-6.72528e-07
3.61089e-07
-7.14744e-07
3.47858e-07
-7.33576e-07
3.33638e-07
-7.34512e-07
3.18802e-07
-7.22316e-07
3.03882e-07
-6.99973e-07
2.89364e-07
-6.69022e-07
2.75615e-07
-6.30375e-07
2.62885e-07
-5.84891e-07
2.51354e-07
-5.3361e-07
2.41182e-07
-4.77705e-07
2.32506e-07
-4.18296e-07
2.25445e-07
-3.56376e-07
2.2009e-07
-2.92786e-07
2.16526e-07
-2.28229e-07
2.14821e-07
-1.63259e-07
2.15034e-07
-9.83949e-08
2.17214e-07
-3.41609e-08
2.21389e-07
2.88459e-08
2.27651e-07
9.02028e-08
2.36079e-07
1.49662e-07
2.46702e-07
2.06768e-07
2.59502e-07
2.60916e-07
2.74409e-07
3.11412e-07
2.91276e-07
3.57533e-07
3.09878e-07
3.98588e-07
3.29919e-07
4.34005e-07
3.51057e-07
4.63413e-07
3.72939e-07
4.86689e-07
3.9523e-07
5.0397e-07
4.17644e-07
5.15609e-07
4.39957e-07
5.2211e-07
4.6201e-07
5.24053e-07
4.83695e-07
5.22014e-07
5.04949e-07
5.1652e-07
5.25728e-07
5.08021e-07
5.46002e-07
4.96883e-07
5.65744e-07
4.83404e-07
5.84926e-07
4.67831e-07
6.03522e-07
4.5038e-07
6.21494e-07
4.31299e-07
4.10564e-07
6.38875e-07
1.29807e-06
-3.46262e-08
1.29881e-06
-4.0046e-08
1.29894e-06
-4.61942e-08
1.29827e-06
-5.30492e-08
1.29659e-06
-6.05201e-08
1.29372e-06
-6.84359e-08
1.28952e-06
-7.65402e-08
1.28388e-06
-8.45009e-08
1.2768e-06
-9.19299e-08
1.26836e-06
-9.84124e-08
1.25871e-06
-1.03539e-07
1.2481e-06
-1.06934e-07
1.23683e-06
-1.08283e-07
1.22525e-06
-1.07349e-07
1.21375e-06
-1.03992e-07
1.20271e-06
-9.81687e-08
1.19253e-06
-8.99414e-08
1.18356e-06
-7.94676e-08
1.17612e-06
-6.69935e-08
1.1705e-06
-5.28394e-08
1.16689e-06
-3.73858e-08
1.16547e-06
-2.10616e-08
1.16633e-06
-4.32393e-09
1.1695e-06
1.23652e-08
1.17497e-06
2.85296e-08
1.18264e-06
4.36994e-08
1.19238e-06
5.74317e-08
1.20401e-06
6.93175e-08
1.2173e-06
7.89905e-08
1.23199e-06
8.61341e-08
1.24781e-06
9.04861e-08
1.26446e-06
9.1842e-08
1.28164e-06
9.00558e-08
1.29904e-06
8.50388e-08
1.31638e-06
7.67575e-08
1.33337e-06
6.52298e-08
1.34973e-06
5.05215e-08
1.36521e-06
3.27452e-08
1.37958e-06
1.20582e-08
1.39265e-06
-1.13567e-08
1.40423e-06
-3.73051e-08
1.41417e-06
-6.5529e-08
1.42234e-06
-9.57315e-08
1.42863e-06
-1.27597e-07
1.433e-06
-1.60793e-07
1.43541e-06
-1.94977e-07
1.43589e-06
-2.29808e-07
1.43448e-06
-2.64955e-07
1.43127e-06
-3.00104e-07
1.42637e-06
-3.34972e-07
1.41991e-06
-3.69309e-07
1.41203e-06
-4.02898e-07
1.40282e-06
-4.35546e-07
1.39234e-06
-4.67103e-07
1.38069e-06
-4.97525e-07
1.36813e-06
-5.27019e-07
1.35533e-06
-5.56212e-07
1.34354e-06
-5.8635e-07
1.33454e-06
-6.19252e-07
1.33002e-06
-6.56532e-07
1.33095e-06
-6.98849e-07
1.33757e-06
-7.46261e-07
1.348e-06
-7.96096e-07
1.35558e-06
-8.38205e-07
1.35172e-06
-8.59526e-07
1.33393e-06
-8.55952e-07
1.30822e-06
-8.32968e-07
1.28301e-06
-7.96152e-07
1.26288e-06
-7.46218e-07
1.24761e-06
-6.81497e-07
1.2347e-06
-6.01691e-07
1.22185e-06
-5.09016e-07
1.20813e-06
-4.07214e-07
1.19392e-06
-3.00112e-07
1.1806e-06
-1.90569e-07
1.16955e-06
-7.95983e-08
1.1603e-06
3.39839e-08
1.15014e-06
1.50023e-07
1.1356e-06
2.62564e-07
1.11416e-06
3.63533e-07
1.08514e-06
4.45615e-07
1.04961e-06
5.04298e-07
1.00973e-06
5.38619e-07
9.68018e-07
5.50609e-07
9.26808e-07
5.44152e-07
8.87946e-07
5.23834e-07
8.52696e-07
4.94097e-07
8.21782e-07
4.58755e-07
7.95485e-07
4.20793e-07
7.73765e-07
3.82378e-07
7.5637e-07
3.44965e-07
7.42928e-07
3.09448e-07
7.33014e-07
2.76307e-07
7.26191e-07
2.45731e-07
7.22044e-07
2.1772e-07
7.20189e-07
1.92152e-07
7.20286e-07
1.68836e-07
7.22035e-07
1.4754e-07
7.25175e-07
1.28017e-07
7.29482e-07
1.10012e-07
7.34765e-07
9.32746e-08
7.40858e-07
7.75615e-08
7.4762e-07
6.26409e-08
7.54929e-07
4.82962e-08
7.62682e-07
3.43307e-08
7.70794e-07
2.05684e-08
7.79197e-07
6.85679e-09
7.87841e-07
-6.92682e-09
7.96679e-07
-2.08544e-08
8.05659e-07
-3.49349e-08
8.14738e-07
-4.91214e-08
8.23896e-07
-6.33237e-08
8.33149e-07
-7.74234e-08
8.42551e-07
-9.1272e-08
8.52129e-07
-1.04661e-07
8.61799e-07
-1.17278e-07
8.71275e-07
-1.28689e-07
8.80027e-07
-1.38364e-07
8.87302e-07
-1.45751e-07
8.9219e-07
-1.50363e-07
8.93718e-07
-1.5184e-07
8.90941e-07
-1.49997e-07
8.83012e-07
-1.44861e-07
8.69236e-07
-1.36724e-07
8.49084e-07
-1.26154e-07
8.22142e-07
-1.13787e-07
7.88029e-07
-9.98418e-08
7.46424e-07
-8.37532e-08
6.97419e-07
-6.48515e-08
6.42215e-07
-4.46186e-08
5.83806e-07
-2.96777e-08
5.26916e-07
-3.25835e-08
4.76411e-07
-6.73043e-08
4.35159e-07
-1.40972e-07
4.03117e-07
-2.4759e-07
3.78264e-07
-3.69876e-07
3.5823e-07
-4.87816e-07
3.41099e-07
-5.86074e-07
3.25367e-07
-6.56796e-07
3.09813e-07
-6.9919e-07
2.93623e-07
-7.17387e-07
2.76559e-07
-7.17447e-07
2.58894e-07
-7.04651e-07
2.41149e-07
-6.82228e-07
2.23864e-07
-6.51736e-07
2.07484e-07
-6.13995e-07
1.92325e-07
-5.69732e-07
1.78586e-07
-5.1987e-07
1.66416e-07
-4.65535e-07
1.55952e-07
-4.07832e-07
1.47323e-07
-3.47747e-07
1.40643e-07
-2.86106e-07
1.36e-07
-2.23586e-07
1.33478e-07
-1.60738e-07
1.33124e-07
-9.80414e-08
1.34994e-07
-3.60308e-08
1.39115e-07
2.47256e-08
1.45571e-07
8.37468e-08
1.54466e-07
1.40767e-07
1.65818e-07
1.95415e-07
1.79616e-07
2.47118e-07
1.95785e-07
2.95243e-07
2.14167e-07
3.39151e-07
2.34522e-07
3.78234e-07
2.56537e-07
4.1199e-07
2.79847e-07
4.40103e-07
3.04068e-07
4.62468e-07
3.28833e-07
4.79205e-07
3.53818e-07
4.90624e-07
3.78759e-07
4.97169e-07
4.03458e-07
4.99354e-07
4.27775e-07
4.97697e-07
4.51617e-07
4.92679e-07
4.74921e-07
4.84717e-07
4.97645e-07
4.7416e-07
5.19753e-07
4.61296e-07
5.41216e-07
4.46369e-07
5.62007e-07
4.29589e-07
5.82089e-07
4.11217e-07
3.91151e-07
6.01502e-07
1.29575e-06
-3.5438e-08
1.29611e-06
-4.04055e-08
1.29588e-06
-4.59605e-08
1.29489e-06
-5.2067e-08
1.293e-06
-5.86314e-08
1.29007e-06
-6.54966e-08
1.28596e-06
-7.24394e-08
1.28064e-06
-7.91779e-08
1.2741e-06
-8.53877e-08
1.26641e-06
-9.07241e-08
1.25772e-06
-9.48475e-08
1.24823e-06
-9.7447e-08
1.23821e-06
-9.82614e-08
1.22796e-06
-9.70958e-08
1.2178e-06
-9.3834e-08
1.20808e-06
-8.84446e-08
1.19912e-06
-8.09829e-08
1.19124e-06
-7.15875e-08
1.18472e-06
-6.04729e-08
1.1798e-06
-4.79191e-08
1.17667e-06
-3.4259e-08
1.17548e-06
-1.98688e-08
1.17631e-06
-5.15232e-09
1.17919e-06
9.48001e-09
1.18411e-06
2.36071e-08
1.191e-06
3.68113e-08
1.19974e-06
4.86969e-08
1.21016e-06
5.88968e-08
1.22207e-06
6.7081e-08
1.23524e-06
7.29621e-08
1.24943e-06
7.63e-08
1.26436e-06
7.69051e-08
1.27978e-06
7.46389e-08
1.2954e-06
6.9414e-08
1.31097e-06
6.11919e-08
1.32622e-06
4.99813e-08
1.3409e-06
3.58355e-08
1.3548e-06
1.88516e-08
1.36769e-06
-8.34364e-10
1.37941e-06
-2.30759e-08
1.38979e-06
-4.76851e-08
1.39868e-06
-7.44209e-08
1.40597e-06
-1.03019e-07
1.41157e-06
-1.33195e-07
1.41542e-06
-1.64648e-07
1.41751e-06
-1.97068e-07
1.41785e-06
-2.30148e-07
1.41648e-06
-2.63585e-07
1.41347e-06
-2.97093e-07
1.4089e-06
-3.30402e-07
1.40285e-06
-3.63256e-07
1.39536e-06
-3.95409e-07
1.38647e-06
-4.26654e-07
1.37626e-06
-4.56897e-07
1.36502e-06
-4.86288e-07
1.35338e-06
-5.15374e-07
1.34235e-06
-5.45186e-07
1.33323e-06
-5.77222e-07
1.32695e-06
-6.12976e-07
1.32334e-06
-6.52921e-07
1.32115e-06
-6.96664e-07
1.31848e-06
-7.4359e-07
1.31029e-06
-7.879e-07
1.28759e-06
-8.15513e-07
1.24696e-06
-8.18894e-07
1.19897e-06
-8.07966e-07
1.15967e-06
-7.93666e-07
1.13652e-06
-7.73e-07
1.12605e-06
-7.35748e-07
1.12051e-06
-6.75951e-07
1.11377e-06
-5.94957e-07
1.10318e-06
-4.98429e-07
1.08876e-06
-3.92795e-07
1.07207e-06
-2.83414e-07
1.05552e-06
-1.74018e-07
1.04164e-06
-6.57209e-08
1.03171e-06
4.39095e-08
1.02455e-06
1.57183e-07
1.01699e-06
2.70132e-07
1.00558e-06
3.74934e-07
9.88307e-07
4.62891e-07
9.64955e-07
5.2765e-07
9.36767e-07
5.66807e-07
9.05712e-07
5.81664e-07
8.7387e-07
5.75995e-07
8.4304e-07
5.54664e-07
8.14565e-07
5.22572e-07
7.89309e-07
4.8401e-07
7.67718e-07
4.42385e-07
7.49909e-07
4.00187e-07
7.35775e-07
3.591e-07
7.25063e-07
3.2016e-07
7.17445e-07
2.83925e-07
7.12562e-07
2.50613e-07
7.1006e-07
2.20223e-07
7.096e-07
1.92611e-07
7.10879e-07
1.67557e-07
7.13623e-07
1.44796e-07
7.17594e-07
1.24046e-07
7.22585e-07
1.0502e-07
7.28421e-07
8.74395e-08
7.34947e-07
7.10346e-08
7.42037e-07
5.55509e-08
7.49583e-07
4.0751e-08
7.57496e-07
2.64171e-08
7.65714e-07
1.23509e-08
7.74193e-07
-1.62257e-09
7.82906e-07
-1.56395e-08
7.9183e-07
-2.97789e-08
8.00967e-07
-4.40712e-08
8.10355e-07
-5.85097e-08
8.20084e-07
-7.30531e-08
8.30263e-07
-8.76024e-08
8.40937e-07
-1.01946e-07
8.51976e-07
-1.157e-07
8.62991e-07
-1.28293e-07
8.73322e-07
-1.3902e-07
8.82106e-07
-1.47148e-07
8.8839e-07
-1.52035e-07
8.91243e-07
-1.53215e-07
8.89833e-07
-1.5043e-07
8.83465e-07
-1.43629e-07
8.71585e-07
-1.32982e-07
8.53782e-07
-1.18921e-07
8.29752e-07
-1.02124e-07
7.9923e-07
-8.32642e-08
7.61947e-07
-6.25589e-08
7.17667e-07
-3.9473e-08
6.66631e-07
-1.3816e-08
6.10306e-07
1.17062e-08
5.51977e-07
2.86516e-08
4.96239e-07
2.31542e-08
4.47249e-07
-1.83133e-08
4.0657e-07
-1.00293e-07
3.73178e-07
-2.14198e-07
3.45107e-07
-3.41805e-07
3.20777e-07
-4.63487e-07
2.99203e-07
-5.645e-07
2.7949e-07
-6.37083e-07
2.60567e-07
-6.80266e-07
2.41444e-07
-6.98264e-07
2.21618e-07
-6.97622e-07
2.01201e-07
-6.84234e-07
1.8066e-07
-6.61686e-07
1.60555e-07
-6.31631e-07
1.41413e-07
-5.94853e-07
1.23662e-07
-5.51981e-07
1.07574e-07
-5.03783e-07
9.32949e-08
-4.51256e-07
8.09052e-08
-3.95442e-07
7.05085e-08
-3.3735e-07
6.22564e-08
-2.77854e-07
5.63134e-08
-2.17643e-07
5.28117e-08
-1.57236e-07
5.19261e-08
-9.71558e-08
5.36427e-08
-3.77473e-08
5.79183e-08
2.045e-08
6.47342e-08
7.69309e-08
7.42238e-08
1.31277e-07
8.63807e-08
1.83258e-07
1.01216e-07
2.32283e-07
1.18659e-07
2.778e-07
1.38529e-07
3.1928e-07
1.60569e-07
3.56194e-07
1.8445e-07
3.88109e-07
2.09787e-07
4.14766e-07
2.36176e-07
4.36079e-07
2.63227e-07
4.52155e-07
2.90586e-07
4.63264e-07
3.17962e-07
4.69793e-07
3.45124e-07
4.72191e-07
3.71905e-07
4.70916e-07
3.98186e-07
4.66398e-07
4.23884e-07
4.59019e-07
4.48941e-07
4.49102e-07
4.73314e-07
4.36923e-07
4.96967e-07
4.22716e-07
5.19871e-07
4.06685e-07
5.41989e-07
3.891e-07
3.69772e-07
5.63368e-07
1.29387e-06
-3.59433e-08
1.29392e-06
-4.04589e-08
1.2934e-06
-4.5445e-08
1.29219e-06
-5.08571e-08
1.29017e-06
-5.6603e-08
1.28721e-06
-6.25403e-08
1.28324e-06
-6.84743e-08
1.27823e-06
-7.4165e-08
1.27218e-06
-7.93399e-08
1.26517e-06
-8.37115e-08
1.25732e-06
-8.69977e-08
1.24882e-06
-8.89405e-08
1.23988e-06
-8.93238e-08
1.23077e-06
-8.79872e-08
1.22177e-06
-8.48365e-08
1.21318e-06
-7.98494e-08
1.20527e-06
-7.30773e-08
1.19833e-06
-6.4643e-08
1.19259e-06
-5.47353e-08
1.18827e-06
-4.35996e-08
1.18554e-06
-3.15285e-08
1.18452e-06
-1.88529e-08
1.1853e-06
-5.9296e-09
1.1879e-06
6.87633e-09
1.19232e-06
1.91921e-08
1.19848e-06
3.06464e-08
1.20629e-06
4.08855e-08
1.21561e-06
4.95801e-08
1.22626e-06
5.64326e-08
1.23804e-06
6.11823e-08
1.25073e-06
6.36095e-08
1.2641e-06
6.35389e-08
1.2779e-06
6.08401e-08
1.29188e-06
5.54274e-08
1.30581e-06
4.72592e-08
1.31946e-06
3.63359e-08
1.3326e-06
2.27001e-08
1.34501e-06
6.43396e-09
1.35653e-06
-1.23544e-08
1.36699e-06
-3.35372e-08
1.37624e-06
-5.69313e-08
1.38414e-06
-8.23222e-08
1.3906e-06
-1.09473e-07
1.39553e-06
-1.38126e-07
1.39889e-06
-1.68007e-07
1.40066e-06
-1.98838e-07
1.40084e-06
-2.30335e-07
1.39948e-06
-2.62218e-07
1.39659e-06
-2.9421e-07
1.39223e-06
-3.26036e-07
1.3864e-06
-3.57431e-07
1.37916e-06
-3.88171e-07
1.37066e-06
-4.18149e-07
1.36124e-06
-4.47481e-07
1.35155e-06
-4.76595e-07
1.34241e-06
-5.0623e-07
1.33452e-06
-5.37303e-07
1.32795e-06
-5.7065e-07
1.32134e-06
-6.06362e-07
1.3118e-06
-6.4338e-07
1.29621e-06
-6.81081e-07
1.27108e-06
-7.18457e-07
1.22925e-06
-7.46068e-07
1.16475e-06
-7.5102e-07
1.08907e-06
-7.43206e-07
1.02926e-06
-7.48155e-07
1.00099e-06
-7.65403e-07
9.97249e-07
-7.69256e-07
1.00183e-06
-7.40332e-07
1.00305e-06
-6.77163e-07
9.96702e-07
-5.88613e-07
9.83399e-07
-4.85126e-07
9.65498e-07
-3.74894e-07
9.45565e-07
-2.63481e-07
9.25999e-07
-1.54452e-07
9.09063e-07
-4.87848e-08
8.96715e-07
5.62571e-08
8.89425e-07
1.64473e-07
8.85245e-07
2.74312e-07
8.80879e-07
3.793e-07
8.7351e-07
4.7026e-07
8.61788e-07
5.39372e-07
8.45841e-07
5.82754e-07
8.26773e-07
6.00733e-07
8.0609e-07
5.96678e-07
7.85278e-07
5.75476e-07
7.65563e-07
5.42286e-07
7.47828e-07
5.01746e-07
7.32609e-07
4.57603e-07
7.2016e-07
4.12636e-07
7.10514e-07
3.68746e-07
7.03554e-07
3.2712e-07
6.99074e-07
2.88405e-07
6.9682e-07
2.52868e-07
6.9652e-07
2.20522e-07
6.97909e-07
1.91223e-07
7.00737e-07
1.6473e-07
7.04776e-07
1.40757e-07
7.09824e-07
1.18998e-07
7.15703e-07
9.91402e-08
7.22262e-07
8.08811e-08
7.29367e-07
6.39291e-08
7.36909e-07
4.80091e-08
7.44798e-07
3.28625e-08
7.52967e-07
1.82475e-08
7.61378e-07
3.94001e-09
7.70012e-07
-1.02566e-08
7.78868e-07
-2.44955e-08
7.87977e-07
-3.8888e-08
7.97421e-07
-5.35153e-08
8.07329e-07
-6.84172e-08
8.17824e-07
-8.35478e-08
8.2892e-07
-9.86993e-08
8.40408e-07
-1.13434e-07
8.51785e-07
-1.27077e-07
8.62291e-07
-1.388e-07
8.71025e-07
-1.47754e-07
8.77089e-07
-1.53212e-07
8.79708e-07
-1.54654e-07
8.78274e-07
-1.51781e-07
8.72337e-07
-1.44493e-07
8.61565e-07
-1.32857e-07
8.45704e-07
-1.17121e-07
8.24554e-07
-9.777e-08
7.97914e-07
-7.54844e-08
7.6548e-07
-5.08309e-08
7.26915e-07
-2.39934e-08
6.81833e-07
5.60884e-09
6.30808e-07
3.72085e-08
5.75835e-07
6.66799e-08
5.20426e-07
8.40607e-08
4.68541e-07
7.50385e-08
4.22895e-07
2.73334e-08
3.83607e-07
-6.10053e-08
3.48886e-07
-1.79477e-07
3.17122e-07
-3.10042e-07
2.87789e-07
-4.34153e-07
2.61039e-07
-5.37751e-07
2.36771e-07
-6.12815e-07
2.14158e-07
-6.57654e-07
1.92011e-07
-6.76116e-07
1.69462e-07
-6.75073e-07
1.46373e-07
-6.61146e-07
1.23108e-07
-6.38421e-07
1.0021e-07
-6.08733e-07
7.82243e-08
-5.72867e-07
5.76576e-08
-5.31414e-07
3.88962e-08
-4.85021e-07
2.22271e-08
-4.34587e-07
7.83e-09
-3.81045e-07
-4.20404e-09
-3.25316e-07
-1.38155e-08
-2.68243e-07
-2.08711e-08
-2.10588e-07
-2.53693e-08
-1.52738e-07
-2.69452e-08
-9.558e-08
-2.55696e-08
-3.91229e-08
-2.12926e-08
1.6173e-08
-1.40871e-08
6.97254e-08
-4.05627e-09
1.21247e-07
8.97792e-09
1.70224e-07
2.49522e-08
2.16309e-07
4.37066e-08
2.59045e-07
6.50311e-08
2.97955e-07
8.86648e-08
3.32561e-07
1.14284e-07
3.6249e-07
1.41483e-07
3.87567e-07
1.69849e-07
4.07713e-07
1.98975e-07
4.23028e-07
2.28493e-07
4.33747e-07
2.58087e-07
4.40199e-07
2.87507e-07
4.42771e-07
3.1656e-07
4.41863e-07
3.45105e-07
4.37853e-07
3.7304e-07
4.31084e-07
4.00291e-07
4.21852e-07
4.26803e-07
4.10411e-07
4.5253e-07
3.96989e-07
4.77444e-07
3.81771e-07
5.01501e-07
3.65042e-07
3.46516e-07
5.24758e-07
1.29242e-06
-3.61978e-08
1.29223e-06
-4.02696e-08
1.2915e-06
-4.47147e-08
1.29013e-06
-4.94846e-08
1.28802e-06
-5.44915e-08
1.28508e-06
-5.96076e-08
1.28127e-06
-6.4663e-08
1.27656e-06
-6.94526e-08
1.27097e-06
-7.37464e-08
1.26456e-06
-7.73039e-08
1.25745e-06
-7.98903e-08
1.2498e-06
-8.12913e-08
1.24181e-06
-8.13283e-08
1.23369e-06
-7.98699e-08
1.22569e-06
-7.68408e-08
1.21807e-06
-7.22268e-08
1.21107e-06
-6.60764e-08
1.20493e-06
-5.84999e-08
1.19986e-06
-4.96642e-08
1.19604e-06
-3.97862e-08
1.19364e-06
-2.91236e-08
1.19275e-06
-1.79684e-08
1.19346e-06
-6.63607e-09
1.19579e-06
4.54836e-09
1.19973e-06
1.52544e-08
1.20522e-06
2.51519e-08
1.21218e-06
3.39246e-08
1.22048e-06
4.12768e-08
1.22998e-06
4.69402e-08
1.24048e-06
5.06783e-08
1.2518e-06
5.22908e-08
1.26372e-06
5.16155e-08
1.27603e-06
4.85301e-08
1.28851e-06
4.29516e-08
1.30093e-06
3.48354e-08
1.31309e-06
2.41755e-08
1.32479e-06
1.10041e-08
1.33584e-06
-4.61408e-09
1.34608e-06
-2.25947e-08
1.35536e-06
-4.28158e-08
1.36354e-06
-6.51105e-08
1.3705e-06
-8.92887e-08
1.37617e-06
-1.15136e-07
1.38046e-06
-1.42419e-07
1.38334e-06
-1.70888e-07
1.38478e-06
-2.00282e-07
1.38478e-06
-2.30336e-07
1.38334e-06
-2.60777e-07
1.38047e-06
-2.91335e-07
1.37619e-06
-3.21756e-07
1.3706e-06
-3.51845e-07
1.36396e-06
-3.81524e-07
1.35671e-06
-4.10901e-07
1.34951e-06
-4.40281e-07
1.34298e-06
-4.70068e-07
1.33728e-06
-5.00531e-07
1.33154e-06
-5.31559e-07
1.32332e-06
-5.62429e-07
1.30849e-06
-5.91531e-07
1.28239e-06
-6.17284e-07
1.24158e-06
-6.40271e-07
1.1819e-06
-6.58775e-07
1.09685e-06
-6.61015e-07
9.91921e-07
-6.46095e-07
9.0084e-07
-6.52125e-07
8.56932e-07
-7.04248e-07
8.55519e-07
-7.6399e-07
8.69086e-07
-7.82823e-07
8.77003e-07
-7.48248e-07
8.7308e-07
-6.73241e-07
8.59407e-07
-5.7494e-07
8.40176e-07
-4.65895e-07
8.18953e-07
-3.53672e-07
7.98116e-07
-2.42644e-07
7.79052e-07
-1.35388e-07
7.62852e-07
-3.25848e-08
7.50915e-07
6.81942e-08
7.44395e-07
1.70993e-07
7.42722e-07
2.75985e-07
7.4365e-07
3.78372e-07
7.44529e-07
4.69381e-07
7.43426e-07
5.40475e-07
7.39533e-07
5.86647e-07
7.33004e-07
6.07261e-07
7.24578e-07
6.05104e-07
7.15209e-07
5.84845e-07
7.05822e-07
5.51673e-07
6.97176e-07
5.10393e-07
6.89813e-07
4.64966e-07
6.84065e-07
4.18384e-07
6.80086e-07
3.72725e-07
6.77895e-07
3.29311e-07
6.77415e-07
2.88885e-07
6.78511e-07
2.51772e-07
6.81016e-07
2.18017e-07
6.84752e-07
1.87486e-07
6.89543e-07
1.59939e-07
6.9522e-07
1.3508e-07
7.01631e-07
1.12587e-07
7.08638e-07
9.21331e-08
7.1612e-07
7.33995e-08
7.2397e-07
5.60791e-08
7.321e-07
3.98795e-08
7.40442e-07
2.45204e-08
7.48955e-07
9.73402e-09
7.57624e-07
-4.72865e-09
7.66455e-07
-1.90881e-08
7.75491e-07
-3.35314e-08
7.84822e-07
-4.82184e-08
7.94567e-07
-6.32607e-08
8.04811e-07
-7.86606e-08
8.15485e-07
-9.42225e-08
8.26271e-07
-1.09485e-07
8.36567e-07
-1.23729e-07
8.45573e-07
-1.36083e-07
8.52451e-07
-1.45677e-07
8.56477e-07
-1.5178e-07
8.57138e-07
-1.53874e-07
8.54135e-07
-1.51651e-07
8.47321e-07
-1.44967e-07
8.36622e-07
-1.33794e-07
8.21973e-07
-1.18208e-07
8.0328e-07
-9.8428e-08
7.80383e-07
-7.48725e-08
7.5303e-07
-4.81316e-08
7.20688e-07
-1.84886e-08
6.82783e-07
1.3911e-08
6.3928e-07
4.91127e-08
5.91089e-07
8.53986e-08
5.40602e-07
1.17167e-07
4.91185e-07
1.33477e-07
4.45751e-07
1.20472e-07
4.05103e-07
6.79813e-08
3.67938e-07
-2.384e-08
3.32005e-07
-1.43544e-07
2.96149e-07
-2.74186e-07
2.61021e-07
-3.99025e-07
2.28113e-07
-5.04843e-07
1.9838e-07
-5.83081e-07
1.71458e-07
-6.30732e-07
1.46009e-07
-6.50667e-07
1.2069e-07
-6.49755e-07
9.49969e-08
-6.35452e-07
6.91057e-08
-6.1253e-07
4.34916e-08
-5.83119e-07
1.87194e-08
-5.48095e-07
-4.62274e-09
-5.08072e-07
-2.60235e-08
-4.6362e-07
-4.51001e-08
-4.1551e-07
-6.1598e-08
-3.64547e-07
-7.53641e-08
-3.1155e-07
-8.63068e-08
-2.573e-07
-9.43902e-08
-2.02504e-07
-9.94297e-08
-1.47698e-07
-1.01591e-07
-9.34191e-08
-1.0056e-07
-4.0154e-08
-9.63233e-08
1.19367e-08
-8.89635e-08
6.23657e-08
-7.84373e-08
1.1072e-07
-6.47917e-08
1.56579e-07
-4.80504e-08
1.99568e-07
-2.82979e-08
2.39293e-07
-5.71038e-09
2.75368e-07
1.93975e-08
3.07453e-07
4.66145e-08
3.35272e-07
7.54879e-08
3.58694e-07
1.0562e-07
3.77581e-07
1.36596e-07
3.92053e-07
1.68038e-07
4.02304e-07
1.99622e-07
4.08615e-07
2.31079e-07
4.11315e-07
2.62196e-07
4.10745e-07
2.92813e-07
4.07236e-07
3.22809e-07
4.01088e-07
3.52093e-07
3.92568e-07
3.80596e-07
3.81908e-07
4.08265e-07
3.6932e-07
4.35062e-07
3.54973e-07
4.60944e-07
3.39161e-07
3.2149e-07
4.8597e-07
1.29142e-06
-3.62492e-08
1.29104e-06
-3.98898e-08
1.29015e-06
-4.38236e-08
1.28867e-06
-4.80006e-08
1.28651e-06
-5.23399e-08
1.28363e-06
-5.67277e-08
1.27999e-06
-6.1016e-08
1.27556e-06
-6.50282e-08
1.27039e-06
-6.85698e-08
1.26452e-06
-7.14389e-08
1.25807e-06
-7.34395e-08
1.25117e-06
-7.43935e-08
1.244e-06
-7.41536e-08
1.23674e-06
-7.26125e-08
1.22961e-06
-6.9711e-08
1.22283e-06
-6.54419e-08
1.2166e-06
-5.9852e-08
1.21114e-06
-5.30412e-08
1.20664e-06
-4.51583e-08
1.20325e-06
-3.63959e-08
1.20111e-06
-2.69821e-08
1.20031e-06
-1.71751e-08
1.20093e-06
-7.25409e-09
1.20299e-06
2.49128e-09
1.20647e-06
1.17676e-08
1.21134e-06
2.02815e-08
1.21752e-06
2.77495e-08
1.22489e-06
3.39064e-08
1.23332e-06
3.85101e-08
1.24265e-06
4.13464e-08
1.25271e-06
4.22325e-08
1.26331e-06
4.10192e-08
1.27424e-06
3.7592e-08
1.28533e-06
3.18704e-08
1.29635e-06
2.38081e-08
1.30714e-06
1.3393e-08
1.31749e-06
6.46759e-10
1.32727e-06
-1.43871e-08
1.33631e-06
-3.16349e-08
1.34447e-06
-5.09825e-08
1.35165e-06
-7.22849e-08
1.35773e-06
-9.53716e-08
1.36264e-06
-1.20048e-07
1.36632e-06
-1.46097e-07
1.36872e-06
-1.73285e-07
1.3698e-06
-2.01364e-07
1.36955e-06
-2.30083e-07
1.36796e-06
-2.59194e-07
1.36511e-06
-2.88488e-07
1.36118e-06
-3.17825e-07
1.35652e-06
-3.47181e-07
1.35165e-06
-3.76659e-07
1.34718e-06
-4.06426e-07
1.34343e-06
-4.36535e-07
1.34001e-06
-4.66645e-07
1.33524e-06
-4.95758e-07
1.32586e-06
-5.22185e-07
1.30712e-06
-5.43682e-07
1.27352e-06
-5.57932e-07
1.22081e-06
-5.64577e-07
1.14649e-06
-5.6595e-07
1.04638e-06
-5.58665e-07
9.19231e-07
-5.33869e-07
7.90664e-07
-5.17528e-07
7.12427e-07
-5.73888e-07
6.99639e-07
-6.9146e-07
7.17385e-07
-7.81736e-07
7.30996e-07
-7.96433e-07
7.28917e-07
-7.4617e-07
7.14174e-07
-6.58498e-07
6.92968e-07
-5.53734e-07
6.70055e-07
-4.42982e-07
6.48323e-07
-3.3194e-07
6.29301e-07
-2.23623e-07
6.13625e-07
-1.19711e-07
6.0133e-07
-2.02899e-08
5.92838e-07
7.66863e-08
5.89134e-07
1.74697e-07
5.90595e-07
2.74524e-07
5.96302e-07
3.72665e-07
6.04424e-07
4.61259e-07
6.13031e-07
5.31868e-07
6.20713e-07
5.78964e-07
6.26775e-07
6.01199e-07
6.31127e-07
6.00753e-07
6.34069e-07
5.81903e-07
6.36088e-07
5.49653e-07
6.37704e-07
5.08777e-07
6.39373e-07
4.63297e-07
6.41447e-07
4.1631e-07
6.44165e-07
3.70007e-07
6.47659e-07
3.25817e-07
6.5198e-07
2.84563e-07
6.57117e-07
2.46635e-07
6.63016e-07
2.12119e-07
6.69598e-07
1.80904e-07
6.76771e-07
1.52766e-07
6.84438e-07
1.27412e-07
6.92505e-07
1.0452e-07
7.0088e-07
8.37581e-08
7.09477e-07
6.48025e-08
7.18217e-07
4.73385e-08
7.27037e-07
3.10597e-08
7.35894e-07
1.56633e-08
7.4477e-07
8.58812e-10
7.53665e-07
-1.3624e-08
7.62607e-07
-2.80304e-08
7.71653e-07
-4.2577e-08
7.8086e-07
-5.74261e-08
7.90217e-07
-7.26171e-08
7.99535e-07
-8.79784e-08
8.08381e-07
-1.03069e-07
8.16097e-07
-1.17201e-07
8.2193e-07
-1.29562e-07
8.25215e-07
-1.39368e-07
8.25518e-07
-1.45981e-07
8.22684e-07
-1.48945e-07
8.16768e-07
-1.47959e-07
8.07935e-07
-1.42818e-07
7.96346e-07
-1.33378e-07
7.82094e-07
-1.19542e-07
7.65173e-07
-1.01288e-07
7.45477e-07
-7.8732e-08
7.22755e-07
-5.21499e-08
6.965e-07
-2.18771e-08
6.66138e-07
1.18736e-08
6.31168e-07
4.88816e-08
5.91824e-07
8.8456e-08
5.49412e-07
1.27811e-07
5.06435e-07
1.60144e-07
4.65746e-07
1.74166e-07
4.28913e-07
1.57306e-07
3.94946e-07
1.01947e-07
3.60977e-07
1.01297e-08
3.24311e-07
-1.06878e-07
2.84243e-07
-2.34118e-07
2.42579e-07
-3.57361e-07
2.02302e-07
-4.64566e-07
1.65778e-07
-5.46557e-07
1.33493e-07
-5.98446e-07
1.04155e-07
-6.21329e-07
7.58784e-08
-6.21478e-07
4.76177e-08
-6.07191e-07
1.91919e-08
-5.84104e-07
-9.04359e-09
-5.54884e-07
-3.64922e-08
-5.20646e-07
-6.25283e-08
-4.82036e-07
-8.65643e-08
-4.39584e-07
-1.08147e-07
-3.93927e-07
-1.26935e-07
-3.45759e-07
-1.42692e-07
-2.95792e-07
-1.55275e-07
-2.44717e-07
-1.64614e-07
-1.93165e-07
-1.70612e-07
-1.417e-07
-1.7327e-07
-9.07615e-08
-1.72578e-07
-4.08454e-08
-1.6836e-07
7.71873e-09
-1.60692e-07
5.46974e-08
-1.49586e-07
9.96144e-08
-1.35105e-07
1.42098e-07
-1.1736e-07
1.81822e-07
-9.65187e-08
2.18452e-07
-7.28144e-08
2.51664e-07
-4.65275e-08
2.81166e-07
-1.80426e-08
3.06788e-07
1.22825e-08
3.28369e-07
4.39594e-08
3.45904e-07
7.6548e-08
3.59465e-07
1.09677e-07
3.69175e-07
1.43013e-07
3.75279e-07
1.76277e-07
3.78051e-07
2.09242e-07
3.77781e-07
2.41728e-07
3.7475e-07
2.73597e-07
3.69219e-07
3.04739e-07
3.61425e-07
3.35071e-07
3.51576e-07
3.64529e-07
3.39863e-07
3.93069e-07
3.26434e-07
4.2064e-07
3.1159e-07
2.9482e-07
4.4731e-07
1.29089e-06
-3.6138e-08
1.29036e-06
-3.93633e-08
1.28935e-06
-4.28154e-08
1.2878e-06
-4.64452e-08
1.28564e-06
-5.01804e-08
1.28283e-06
-5.39213e-08
1.27935e-06
-5.75379e-08
1.2752e-06
-6.08778e-08
1.27041e-06
-6.37756e-08
1.26503e-06
-6.60613e-08
1.25916e-06
-6.75708e-08
1.25292e-06
-6.81559e-08
1.24647e-06
-6.76951e-08
1.23995e-06
-6.61014e-08
1.23357e-06
-6.33293e-08
1.22751e-06
-5.93777e-08
1.22195e-06
-5.42924e-08
1.21707e-06
-4.81646e-08
1.21304e-06
-4.11283e-08
1.21e-06
-3.33554e-08
1.20807e-06
-2.50487e-08
1.20733e-06
-1.64368e-08
1.20784e-06
-7.76767e-09
1.20963e-06
7.01225e-10
1.21269e-06
8.70888e-09
1.21698e-06
1.59941e-08
1.22243e-06
2.23032e-08
1.22893e-06
2.73976e-08
1.23639e-06
3.1059e-08
1.24464e-06
3.30934e-08
1.25354e-06
3.33344e-08
1.26291e-06
3.16453e-08
1.27258e-06
2.79192e-08
1.28238e-06
2.20786e-08
1.29211e-06
1.40752e-08
1.30161e-06
3.8909e-09
1.31072e-06
-8.46672e-09
1.3193e-06
-2.29682e-08
1.32722e-06
-3.9546e-08
1.33434e-06
-5.81016e-08
1.34056e-06
-7.85077e-08
1.3458e-06
-1.00609e-07
1.34997e-06
-1.24226e-07
1.35303e-06
-1.49154e-07
1.35492e-06
-1.75177e-07
1.35563e-06
-2.02075e-07
1.3552e-06
-2.29648e-07
1.35375e-06
-2.57742e-07
1.35154e-06
-2.8628e-07
1.34898e-06
-3.15268e-07
1.34656e-06
-3.44758e-07
1.34463e-06
-3.74731e-07
1.34309e-06
-4.04885e-07
1.34092e-06
-4.34366e-07
1.33584e-06
-4.61563e-07
1.3242e-06
-4.84121e-07
1.30129e-06
-4.99266e-07
1.26189e-06
-5.0429e-07
1.20161e-06
-4.97647e-07
1.11811e-06
-4.81083e-07
1.00951e-06
-4.57349e-07
8.72244e-07
-4.21396e-07
7.1602e-07
-3.77645e-07
5.89449e-07
-3.90957e-07
5.41112e-07
-5.25551e-07
5.50186e-07
-7.00535e-07
5.67672e-07
-7.99222e-07
5.69823e-07
-7.98584e-07
5.56622e-07
-7.32969e-07
5.35343e-07
-6.37219e-07
5.11699e-07
-5.30089e-07
4.88783e-07
-4.20066e-07
4.68391e-07
-3.11548e-07
4.51719e-07
-2.06951e-07
4.39195e-07
-1.07188e-07
4.30663e-07
-1.17577e-08
4.25851e-07
8.14984e-08
4.2553e-07
1.75018e-07
4.30532e-07
2.69522e-07
4.40953e-07
3.62244e-07
4.5586e-07
4.46352e-07
4.73578e-07
5.1415e-07
4.92352e-07
5.6019e-07
5.10782e-07
5.82769e-07
5.27998e-07
5.83537e-07
5.43618e-07
5.66283e-07
5.57626e-07
5.35645e-07
5.70226e-07
4.96177e-07
5.8172e-07
4.51804e-07
5.92423e-07
4.05606e-07
6.02616e-07
3.59814e-07
6.12523e-07
3.1591e-07
6.22304e-07
2.74783e-07
6.32064e-07
2.36875e-07
6.41864e-07
2.02319e-07
6.51725e-07
1.71043e-07
6.61645e-07
1.42846e-07
6.71602e-07
1.17455e-07
6.81564e-07
9.45584e-08
6.91484e-07
7.38374e-08
7.01312e-07
5.49748e-08
7.10995e-07
3.76553e-08
7.20496e-07
2.15591e-08
7.29792e-07
6.36684e-09
7.38867e-07
-8.21633e-09
7.47707e-07
-2.24641e-08
7.56296e-07
-3.66188e-08
7.64584e-07
-5.08649e-08
7.72424e-07
-6.52664e-08
7.79498e-07
-7.96912e-08
7.85288e-07
-9.3768e-08
7.89145e-07
-1.06925e-07
7.90455e-07
-1.18511e-07
7.88826e-07
-1.27934e-07
7.842e-07
-1.34742e-07
7.76832e-07
-1.38613e-07
7.67159e-07
-1.39272e-07
7.55626e-07
-1.36426e-07
7.42559e-07
-1.29751e-07
7.28115e-07
-1.18934e-07
7.12307e-07
-1.03734e-07
6.9503e-07
-8.40108e-08
6.76065e-07
-5.97667e-08
6.55044e-07
-3.11287e-08
6.31433e-07
1.73371e-09
6.04705e-07
3.8602e-08
5.74623e-07
7.89631e-08
5.41731e-07
1.21348e-07
5.07631e-07
1.61911e-07
4.74751e-07
1.93024e-07
4.45153e-07
2.03764e-07
4.18886e-07
1.83573e-07
3.93216e-07
1.27618e-07
3.63785e-07
3.956e-08
3.27392e-07
-7.04844e-08
2.83552e-07
-1.90278e-07
2.34931e-07
-3.08741e-07
1.86001e-07
-4.15637e-07
1.40924e-07
-5.0148e-07
1.01624e-07
-5.59147e-07
6.7323e-08
-5.87028e-07
3.5602e-08
-5.89757e-07
4.59174e-09
-5.76181e-07
-2.63569e-08
-5.53156e-07
-5.70771e-08
-5.24164e-07
-8.70158e-08
-4.90707e-07
-1.15543e-07
-4.53509e-07
-1.42045e-07
-4.13082e-07
-1.66009e-07
-3.69963e-07
-1.87029e-07
-3.2474e-07
-2.04803e-07
-2.78019e-07
-2.19123e-07
-2.30397e-07
-2.29861e-07
-1.82427e-07
-2.36942e-07
-1.34619e-07
-2.40273e-07
-8.74306e-08
-2.39981e-07
-4.11376e-08
-2.35822e-07
3.56002e-09
-2.27934e-07
4.68087e-08
-2.16364e-07
8.80451e-08
-2.01228e-07
1.26961e-07
-1.82673e-07
1.63268e-07
-1.60902e-07
1.96681e-07
-1.36173e-07
2.26934e-07
-1.08814e-07
2.53807e-07
-7.91798e-08
2.77153e-07
-4.76802e-08
2.96869e-07
-1.47348e-08
3.12958e-07
1.92348e-08
3.25495e-07
5.38087e-08
3.34601e-07
8.86625e-08
3.40425e-07
1.23506e-07
3.43208e-07
1.581e-07
3.43187e-07
1.92249e-07
3.40601e-07
2.25795e-07
3.35673e-07
2.58613e-07
3.28608e-07
2.90602e-07
3.19586e-07
3.21685e-07
3.0878e-07
3.51809e-07
2.96309e-07
3.80921e-07
2.82477e-07
2.66648e-07
4.09093e-07
1.29085e-06
-3.58996e-08
1.29021e-06
-3.87271e-08
1.28912e-06
-4.17261e-08
1.28753e-06
-4.48497e-08
1.28538e-06
-4.80374e-08
1.28266e-06
-5.12022e-08
1.27935e-06
-5.42288e-08
1.27546e-06
-5.69849e-08
1.27102e-06
-5.93295e-08
1.26607e-06
-6.11191e-08
1.26072e-06
-6.22155e-08
1.25506e-06
-6.24952e-08
1.24922e-06
-6.18582e-08
1.24335e-06
-6.02345e-08
1.23761e-06
-5.75901e-08
1.23217e-06
-5.39297e-08
1.22717e-06
-4.9298e-08
1.22279e-06
-4.37795e-08
1.21915e-06
-3.74957e-08
1.2164e-06
-3.06009e-08
1.21463e-06
-2.32762e-08
1.21392e-06
-1.57247e-08
1.21431e-06
-8.166e-09
1.21584e-06
-8.28876e-10
1.2185e-06
6.05448e-09
1.22224e-06
1.22507e-08
1.22701e-06
1.75322e-08
1.23273e-06
2.16843e-08
1.23927e-06
2.45103e-08
1.24653e-06
2.58342e-08
1.25436e-06
2.55051e-08
1.26261e-06
2.33981e-08
1.27112e-06
1.94143e-08
1.27971e-06
1.34794e-08
1.28825e-06
5.54295e-09
1.29656e-06
-4.42109e-09
1.30451e-06
-1.64185e-08
1.31197e-06
-3.04267e-08
1.31881e-06
-4.63892e-08
1.32493e-06
-6.42229e-08
1.33024e-06
-8.38154e-08
1.33466e-06
-1.05028e-07
1.33813e-06
-1.27699e-07
1.34063e-06
-1.51655e-07
1.34218e-06
-1.76727e-07
1.34288e-06
-2.02767e-07
1.3429e-06
-2.29668e-07
1.34253e-06
-2.57372e-07
1.34209e-06
-2.85842e-07
1.34181e-06
-3.14993e-07
1.3416e-06
-3.44549e-07
1.34073e-06
-3.73857e-07
1.33754e-06
-4.017e-07
1.32937e-06
-4.26196e-07
1.31267e-06
-4.44859e-07
1.28343e-06
-4.54878e-07
1.23771e-06
-4.53551e-07
1.17224e-06
-4.38819e-07
1.08514e-06
-4.10547e-07
9.75549e-07
-3.71492e-07
8.40439e-07
-3.22239e-07
6.78187e-07
-2.59143e-07
5.14094e-07
-2.13552e-07
4.09874e-07
-2.86737e-07
3.85324e-07
-5.01001e-07
3.95184e-07
-7.10395e-07
4.01035e-07
-8.05073e-07
3.92689e-07
-7.90238e-07
3.74195e-07
-7.14475e-07
3.51722e-07
-6.14746e-07
3.28855e-07
-5.07222e-07
3.07256e-07
-3.98467e-07
2.88198e-07
-2.9249e-07
2.72917e-07
-1.91669e-07
2.62086e-07
-9.63574e-08
2.55524e-07
-5.19581e-09
2.53104e-07
8.39189e-08
2.55684e-07
1.72438e-07
2.64291e-07
2.60914e-07
2.79616e-07
3.46919e-07
3.01339e-07
4.24629e-07
3.27953e-07
4.87536e-07
3.57473e-07
5.30671e-07
3.87928e-07
5.52314e-07
4.17775e-07
5.5369e-07
4.46004e-07
5.38054e-07
4.72104e-07
5.09546e-07
4.95938e-07
4.72342e-07
5.17617e-07
4.30125e-07
5.37377e-07
3.85846e-07
5.55505e-07
3.41687e-07
5.7228e-07
2.99135e-07
5.87954e-07
2.59109e-07
6.02733e-07
2.22096e-07
6.16778e-07
1.88275e-07
6.30207e-07
1.57614e-07
6.43103e-07
1.2995e-07
6.55517e-07
1.05041e-07
6.6747e-07
8.26057e-08
6.78956e-07
6.2351e-08
6.89954e-07
4.39777e-08
7.00437e-07
2.71722e-08
7.10386e-07
1.16102e-08
7.19761e-07
-3.0083e-09
7.28486e-07
-1.6941e-08
7.36445e-07
-3.0424e-08
7.43462e-07
-4.36357e-08
7.49253e-07
-5.66555e-08
7.53395e-07
-6.9408e-08
7.55343e-07
-8.164e-08
7.5454e-07
-9.2965e-08
7.50589e-07
-1.02974e-07
7.43431e-07
-1.11352e-07
7.33412e-07
-1.17914e-07
7.21202e-07
-1.22532e-07
7.07586e-07
-1.24997e-07
6.93237e-07
-1.24922e-07
6.78566e-07
-1.21755e-07
6.63706e-07
-1.14891e-07
6.48581e-07
-1.03809e-07
6.33012e-07
-8.81645e-08
6.16803e-07
-6.78013e-08
5.99679e-07
-4.26431e-08
5.81311e-07
-1.27605e-08
5.61289e-07
2.17556e-08
5.39337e-07
6.05535e-08
5.156e-07
1.02701e-07
4.90975e-07
1.45972e-07
4.67243e-07
1.85644e-07
4.46475e-07
2.13792e-07
4.29695e-07
2.20544e-07
4.1545e-07
1.97819e-07
3.99522e-07
1.43545e-07
3.76395e-07
6.26876e-08
3.42092e-07
-3.61818e-08
2.9591e-07
-1.44096e-07
2.40762e-07
-2.53593e-07
1.82265e-07
-3.57139e-07
1.26599e-07
-4.45814e-07
7.7909e-08
-5.10457e-07
3.67357e-08
-5.45854e-07
3.92246e-10
-5.53414e-07
-3.38322e-08
-5.41957e-07
-6.73048e-08
-5.19683e-07
-1.00348e-07
-4.9112e-07
-1.32599e-07
-4.58456e-07
-1.63441e-07
-4.22668e-07
-1.92231e-07
-3.84292e-07
-2.18407e-07
-3.43787e-07
-2.41511e-07
-3.01635e-07
-2.61191e-07
-2.58339e-07
-2.77188e-07
-2.14399e-07
-2.8933e-07
-1.70285e-07
-2.97507e-07
-1.26442e-07
-3.01678e-07
-8.32594e-08
-3.01731e-07
-4.10854e-08
-2.97815e-07
-3.55671e-10
-2.89874e-07
3.88678e-08
-2.78029e-07
7.62001e-08
-2.62432e-07
1.11365e-07
-2.43274e-07
1.4411e-07
-2.20792e-07
1.74199e-07
-1.95279e-07
2.01421e-07
-1.67074e-07
2.25602e-07
-1.36546e-07
2.46625e-07
-1.0409e-07
2.64414e-07
-7.01108e-08
2.78979e-07
-3.50138e-08
2.90398e-07
7.89815e-10
2.98798e-07
3.69373e-08
3.04277e-07
7.31379e-08
3.07007e-07
1.09148e-07
3.07177e-07
1.44755e-07
3.04993e-07
1.79784e-07
3.00644e-07
2.14091e-07
2.94301e-07
2.47558e-07
2.8612e-07
2.80092e-07
2.76245e-07
3.11634e-07
2.64768e-07
3.42124e-07
2.51988e-07
2.37132e-07
3.71639e-07
1.29135e-06
-3.5562e-08
1.29063e-06
-3.8012e-08
1.28948e-06
-4.0581e-08
1.28787e-06
-4.32334e-08
1.28575e-06
-4.59236e-08
1.28313e-06
-4.85738e-08
1.27998e-06
-5.10795e-08
1.27632e-06
-5.33257e-08
1.27218e-06
-5.51924e-08
1.26762e-06
-5.6558e-08
1.26271e-06
-5.73057e-08
1.25755e-06
-5.73324e-08
1.25224e-06
-5.65558e-08
1.24693e-06
-5.49206e-08
1.24174e-06
-5.24018e-08
1.23682e-06
-4.90089e-08
1.23231e-06
-4.47861e-08
1.22834e-06
-3.98121e-08
1.22504e-06
-3.41977e-08
1.22253e-06
-2.80823e-08
1.22088e-06
-2.16286e-08
1.22017e-06
-1.50174e-08
1.22045e-06
-8.44342e-09
1.22173e-06
-2.1086e-09
1.224e-06
3.77999e-09
1.22724e-06
9.01356e-09
1.23139e-06
1.33866e-08
1.23636e-06
1.67056e-08
1.24208e-06
1.87931e-08
1.24843e-06
1.94897e-08
1.25527e-06
1.86588e-08
1.26248e-06
1.61879e-08
1.26991e-06
1.19863e-08
1.27741e-06
5.98262e-09
1.28483e-06
-1.87641e-09
1.29203e-06
-1.16271e-08
1.2989e-06
-2.32831e-08
1.3053e-06
-3.68306e-08
1.31114e-06
-5.22304e-08
1.31634e-06
-6.94189e-08
1.32083e-06
-8.83087e-08
1.3246e-06
-1.08793e-07
1.32765e-06
-1.30754e-07
1.33007e-06
-1.54072e-07
1.33197e-06
-1.7863e-07
1.33352e-06
-2.04319e-07
1.33487e-06
-2.31017e-07
1.33605e-06
-2.58546e-07
1.3368e-06
-2.86591e-07
1.33638e-06
-3.14581e-07
1.33341e-06
-3.41575e-07
1.32573e-06
-3.66178e-07
1.31059e-06
-3.86557e-07
1.28495e-06
-4.00556e-07
1.246e-06
-4.05906e-07
1.19159e-06
-4.00472e-07
1.12051e-06
-3.82466e-07
1.03246e-06
-3.50776e-07
9.27752e-07
-3.05837e-07
8.04809e-07
-2.48549e-07
6.57971e-07
-1.754e-07
4.89272e-07
-9.04445e-08
3.398e-07
-6.40805e-08
2.61732e-07
-2.08669e-07
2.39773e-07
-4.79042e-07
2.34107e-07
-7.04729e-07
2.25912e-07
-7.96878e-07
2.10562e-07
-7.74888e-07
1.89655e-07
-6.93568e-07
1.66585e-07
-5.91676e-07
1.43708e-07
-4.84345e-07
1.22598e-07
-3.77356e-07
1.04414e-07
-2.74307e-07
9.02174e-08
-1.77472e-07
8.05672e-08
-8.67072e-08
7.53484e-08
2.303e-11
7.48954e-08
8.43719e-08
8.05454e-08
1.66788e-07
9.33534e-08
2.48106e-07
1.14313e-07
3.2596e-07
1.4345e-07
3.95492e-07
1.79132e-07
4.51854e-07
2.19221e-07
4.90582e-07
2.61277e-07
5.10258e-07
3.03257e-07
5.11709e-07
3.43636e-07
4.97675e-07
3.81474e-07
4.71707e-07
4.16325e-07
4.37492e-07
4.48096e-07
3.98354e-07
4.76922e-07
3.57019e-07
5.03065e-07
3.15544e-07
5.26832e-07
2.75368e-07
5.48534e-07
2.37406e-07
5.68457e-07
2.02173e-07
5.86844e-07
1.69887e-07
6.03897e-07
1.40562e-07
6.19767e-07
1.14079e-07
6.34564e-07
9.02438e-08
6.4835e-07
6.88205e-08
6.61148e-07
4.95529e-08
6.72962e-07
3.21637e-08
6.83781e-07
1.63531e-08
6.93542e-07
1.84882e-09
7.02102e-07
-1.15685e-08
7.09251e-07
-2.40899e-08
7.14699e-07
-3.58713e-08
7.18068e-07
-4.70053e-08
7.18902e-07
-5.74896e-08
7.16715e-07
-6.72207e-08
7.11114e-07
-7.60393e-08
7.01972e-07
-8.38225e-08
6.89566e-07
-9.05688e-08
6.74608e-07
-9.63949e-08
6.58102e-07
-1.01408e-07
6.41077e-07
-1.05508e-07
6.24331e-07
-1.08251e-07
6.08277e-07
-1.08868e-07
5.92964e-07
-1.06442e-07
5.78203e-07
-1.00131e-07
5.63729e-07
-8.93352e-08
5.49299e-07
-7.37346e-08
5.3472e-07
-5.32223e-08
5.19846e-07
-2.77691e-08
5.04503e-07
2.58258e-09
4.88597e-07
3.76622e-08
4.72245e-07
7.69055e-08
4.56003e-07
1.18943e-07
4.41095e-07
1.6088e-07
4.29271e-07
1.97469e-07
4.2197e-07
2.21092e-07
4.18998e-07
2.23516e-07
4.17525e-07
1.99292e-07
4.12355e-07
1.48715e-07
3.97415e-07
7.76279e-08
3.67818e-07
-6.58496e-09
3.22071e-07
-9.83484e-08
2.62415e-07
-1.93938e-07
1.94706e-07
-2.8943e-07
1.26807e-07
-3.77915e-07
6.57015e-08
-4.49351e-07
1.45432e-08
-4.94696e-07
-2.86321e-08
-5.10239e-07
-6.71198e-08
-5.03469e-07
-1.03452e-07
-4.83351e-07
-1.38777e-07
-4.55796e-07
-1.73164e-07
-4.24069e-07
-2.0613e-07
-3.89702e-07
-2.37029e-07
-3.53393e-07
-2.65251e-07
-3.15565e-07
-2.90285e-07
-2.766e-07
-3.11734e-07
-2.36891e-07
-3.29299e-07
-1.96834e-07
-3.42774e-07
-1.5681e-07
-3.52027e-07
-1.17189e-07
-3.56996e-07
-7.82902e-08
-3.5763e-07
-4.04519e-08
-3.54004e-07
-3.98139e-09
-3.46156e-07
3.10196e-08
-3.34217e-07
6.42613e-08
-3.18368e-07
9.5516e-08
-2.98833e-07
1.24575e-07
-2.7588e-07
1.51246e-07
-2.49821e-07
1.75361e-07
-2.21003e-07
1.96785e-07
-1.89804e-07
2.15426e-07
-1.56621e-07
2.31231e-07
-1.21855e-07
2.44213e-07
-8.58879e-08
2.54431e-07
-4.90853e-08
2.61995e-07
-1.18356e-08
2.67028e-07
2.55276e-08
2.69644e-07
6.27472e-08
2.69957e-07
9.96147e-08
2.68126e-07
1.35935e-07
2.64324e-07
1.71544e-07
2.58692e-07
2.06308e-07
2.51356e-07
2.40117e-07
2.42436e-07
2.72899e-07
2.31986e-07
3.04592e-07
2.20295e-07
2.06448e-07
3.35277e-07
1.29243e-06
-3.51424e-08
1.29165e-06
-3.7231e-08
1.29046e-06
-3.9387e-08
1.28882e-06
-4.15952e-08
1.28673e-06
-4.38325e-08
1.28418e-06
-4.60245e-08
1.28117e-06
-4.80733e-08
1.27773e-06
-4.98793e-08
1.27388e-06
-5.13404e-08
1.26967e-06
-5.23519e-08
1.26518e-06
-5.28142e-08
1.26049e-06
-5.26407e-08
1.25569e-06
-5.17632e-08
1.25091e-06
-5.01369e-08
1.24625e-06
-4.7744e-08
1.24184e-06
-4.45969e-08
1.23779e-06
-4.07389e-08
1.23423e-06
-3.62442e-08
1.23124e-06
-3.12153e-08
1.22894e-06
-2.57799e-08
1.2274e-06
-2.00859e-08
1.22668e-06
-1.4296e-08
1.22682e-06
-8.58461e-09
1.22784e-06
-3.12858e-09
1.22973e-06
1.88538e-09
1.23247e-06
6.27211e-09
1.23602e-06
9.84479e-09
1.24029e-06
1.24296e-08
1.24522e-06
1.38655e-08
1.2507e-06
1.4008e-08
1.25662e-06
1.27346e-08
1.26287e-06
9.94601e-09
1.26929e-06
5.56159e-09
1.27576e-06
-4.89361e-10
1.28216e-06
-8.26877e-09
1.28835e-06
-1.78211e-08
1.29424e-06
-2.91713e-08
1.29973e-06
-4.23263e-08
1.30478e-06
-5.72743e-08
1.30934e-06
-7.39837e-08
1.31344e-06
-9.24018e-08
1.3171e-06
-1.12453e-07
1.32038e-06
-1.34036e-07
1.32332e-06
-1.57014e-07
1.32589e-06
-1.81199e-07
1.3279e-06
-2.06325e-07
1.32889e-06
-2.32006e-07
1.32802e-06
-2.57676e-07
1.32395e-06
-2.8253e-07
1.31485e-06
-3.05473e-07
1.29841e-06
-3.25135e-07
1.27219e-06
-3.39959e-07
1.23399e-06
-3.4836e-07
1.18233e-06
-3.48897e-07
1.11683e-06
-3.40404e-07
1.03837e-06
-3.22011e-07
9.48836e-07
-2.92934e-07
8.50385e-07
-2.52325e-07
7.43485e-07
-1.98937e-07
6.23522e-07
-1.28586e-07
4.83243e-07
-3.5121e-08
3.31163e-07
6.16351e-08
2.14059e-07
5.30237e-08
1.51108e-07
-1.45718e-07
1.11002e-07
-4.38935e-07
7.94872e-08
-6.73214e-07
5.39353e-08
-7.71326e-07
2.99953e-08
-7.50948e-07
4.48779e-09
-6.6806e-07
-2.20914e-08
-5.65097e-07
-4.70791e-08
-4.59357e-07
-6.88426e-08
-3.55593e-07
-8.6499e-08
-2.5665e-07
-9.97902e-08
-1.64181e-07
-1.08379e-07
-7.81183e-08
-1.11386e-07
3.03029e-09
-1.08299e-07
8.12844e-08
-9.85602e-08
1.57049e-07
-8.0174e-08
2.2972e-07
-5.20857e-08
2.97872e-07
-1.49568e-08
3.58363e-07
3.0334e-08
4.06563e-07
8.09176e-08
4.39999e-07
1.3402e-07
4.57155e-07
1.87371e-07
4.58358e-07
2.3906e-07
4.45986e-07
2.87852e-07
4.22916e-07
3.33044e-07
3.923e-07
3.7436e-07
3.57038e-07
4.11826e-07
3.19553e-07
4.45652e-07
2.81718e-07
4.76147e-07
2.44873e-07
5.03651e-07
2.09902e-07
5.28499e-07
1.77326e-07
5.50992e-07
1.47393e-07
5.71388e-07
1.20166e-07
5.89888e-07
9.55796e-08
6.06633e-07
7.3499e-08
6.2171e-07
5.37434e-08
6.35163e-07
3.60995e-08
6.46999e-07
2.03274e-08
6.57147e-07
6.20513e-09
6.65418e-07
-6.42134e-09
6.71535e-07
-1.76863e-08
6.7517e-07
-2.77241e-08
6.75947e-07
-3.66486e-08
6.73481e-07
-4.45394e-08
6.6744e-07
-5.14485e-08
6.57661e-07
-5.7442e-08
6.44294e-07
-6.26717e-08
6.279e-07
-6.74287e-08
6.09436e-07
-7.21047e-08
5.90069e-07
-7.70278e-08
5.70889e-07
-8.22275e-08
5.52649e-07
-8.72683e-08
5.35663e-07
-9.12652e-08
5.19875e-07
-9.30806e-08
5.05035e-07
-9.16017e-08
4.90866e-07
-8.59618e-08
4.77168e-07
-7.56364e-08
4.63844e-07
-6.04114e-08
4.50871e-07
-4.02489e-08
4.38303e-07
-1.52008e-08
4.26256e-07
1.4629e-08
4.15006e-07
4.89121e-08
4.05084e-07
8.68281e-08
3.97413e-07
1.26613e-07
3.93367e-07
1.64926e-07
3.94377e-07
1.96459e-07
4.01016e-07
2.14452e-07
4.11907e-07
2.12626e-07
4.2319e-07
1.88009e-07
4.29163e-07
1.42742e-07
4.2378e-07
8.30103e-08
4.01816e-07
1.53798e-08
3.60541e-07
-5.70742e-08
3.00588e-07
-1.33985e-07
2.26585e-07
-2.15426e-07
1.46736e-07
-2.98066e-07
7.05775e-08
-3.73192e-07
5.1079e-09
-4.29226e-07
-4.86329e-08
-4.56498e-07
-9.39432e-08
-4.58159e-07
-1.34406e-07
-4.42888e-07
-1.72386e-07
-4.17816e-07
-2.08836e-07
-3.87619e-07
-2.43716e-07
-3.54822e-07
-2.76515e-07
-3.20594e-07
-3.06608e-07
-2.85473e-07
-3.33428e-07
-2.4978e-07
-3.56523e-07
-2.13796e-07
-3.75556e-07
-1.77801e-07
-3.90292e-07
-1.42074e-07
-4.00586e-07
-1.06895e-07
-4.06364e-07
-7.25123e-08
-4.07611e-07
-3.92048e-08
-4.0438e-07
-7.21195e-09
-3.96753e-07
2.33917e-08
-3.8488e-07
5.23891e-08
-3.68967e-07
7.96027e-08
-3.49259e-07
1.04867e-07
-3.26045e-07
1.28031e-07
-2.99648e-07
1.48964e-07
-2.70427e-07
1.67564e-07
-2.38759e-07
1.83758e-07
-2.05043e-07
1.97514e-07
-1.69672e-07
2.08842e-07
-1.33032e-07
2.1779e-07
-9.54785e-08
2.24442e-07
-5.7353e-08
2.28902e-07
-1.90009e-08
2.31292e-07
1.92582e-08
2.31698e-07
5.71931e-08
2.30191e-07
9.46181e-08
2.26899e-07
1.31348e-07
2.21962e-07
1.67229e-07
2.15475e-07
2.02133e-07
2.07531e-07
2.35974e-07
1.98145e-07
2.68685e-07
1.87583e-07
1.74787e-07
3.00346e-07
1.29413e-06
-3.46756e-08
1.29335e-06
-3.64496e-08
1.29217e-06
-3.82139e-08
1.2906e-06
-4.00201e-08
1.28863e-06
-4.18643e-08
1.28627e-06
-4.36672e-08
1.28354e-06
-4.53379e-08
1.28045e-06
-4.67901e-08
1.27704e-06
-4.79331e-08
1.27336e-06
-4.86728e-08
1.26947e-06
-4.89207e-08
1.26543e-06
-4.86008e-08
1.26132e-06
-4.76543e-08
1.25723e-06
-4.60433e-08
1.25324e-06
-4.37549e-08
1.24945e-06
-4.08042e-08
1.24594e-06
-3.72353e-08
1.24282e-06
-3.31205e-08
1.24016e-06
-2.85586e-08
1.23805e-06
-2.3671e-08
1.23656e-06
-1.85962e-08
1.23575e-06
-1.3483e-08
1.23565e-06
-8.48956e-09
1.23631e-06
-3.78037e-09
1.23771e-06
4.79799e-10
1.23986e-06
4.12561e-09
1.24271e-06
6.99382e-09
1.24621e-06
8.92925e-09
1.25029e-06
9.78519e-09
1.25487e-06
9.42994e-09
1.25984e-06
7.75987e-09
1.2651e-06
4.68521e-09
1.27054e-06
1.24859e-10
1.27605e-06
-5.99558e-09
1.28152e-06
-1.37392e-08
1.28686e-06
-2.31594e-08
1.29198e-06
-3.42988e-08
1.29684e-06
-4.71844e-08
1.30139e-06
-6.18196e-08
1.30558e-06
-7.81756e-08
1.30936e-06
-9.61798e-08
1.3126e-06
-1.15701e-07
1.3151e-06
-1.36533e-07
1.31646e-06
-1.58376e-07
1.31608e-06
-1.80812e-07
1.31303e-06
-2.0328e-07
1.30608e-06
-2.25053e-07
1.29362e-06
-2.4522e-07
1.2738e-06
-2.62706e-07
1.24465e-06
-2.76329e-07
1.20443e-06
-2.84912e-07
1.15192e-06
-2.87452e-07
1.08685e-06
-2.83283e-07
1.01013e-06
-2.72177e-07
9.24066e-07
-2.54342e-07
8.32218e-07
-2.30163e-07
7.38627e-07
-1.99343e-07
6.4599e-07
-1.59689e-07
5.52518e-07
-1.05464e-07
4.49509e-07
-2.55771e-08
3.31759e-07
8.26284e-08
2.23004e-07
1.7039e-07
1.49575e-07
1.26453e-07
8.83331e-08
-8.44759e-08
1.72977e-08
-3.679e-07
-5.03827e-08
-6.05534e-07
-1.01739e-07
-7.1997e-07
-1.39025e-07
-7.13662e-07
-1.70846e-07
-6.3624e-07
-2.01637e-07
-5.34306e-07
-2.30682e-07
-4.30312e-07
-2.55557e-07
-3.30717e-07
-2.74998e-07
-2.3721e-07
-2.88652e-07
-1.50527e-07
-2.96346e-07
-7.04238e-08
-2.9733e-07
4.01383e-09
-2.90646e-07
7.46007e-08
-2.75155e-07
1.41558e-07
-2.50013e-07
2.04579e-07
-2.14539e-07
2.62398e-07
-1.6877e-07
3.12594e-07
-1.14445e-07
3.52238e-07
-5.39744e-08
3.79528e-07
9.48528e-09
3.93695e-07
7.30714e-08
3.94772e-07
1.34825e-07
3.84232e-07
1.93364e-07
3.64378e-07
2.47785e-07
3.37879e-07
2.97656e-07
3.07167e-07
3.42895e-07
2.74314e-07
3.83643e-07
2.4097e-07
4.20176e-07
2.0834e-07
4.52835e-07
1.77244e-07
4.81966e-07
1.48194e-07
5.07896e-07
1.21464e-07
5.30903e-07
9.71583e-08
5.51207e-07
7.52762e-08
5.68959e-07
5.57469e-08
5.84255e-07
3.84476e-08
5.97127e-07
2.32272e-08
6.07519e-07
9.93517e-09
6.15246e-07
-1.52173e-09
6.2006e-07
-1.12355e-08
6.21717e-07
-1.93434e-08
6.19985e-07
-2.59915e-08
6.14672e-07
-3.13361e-08
6.05688e-07
-3.55553e-08
5.93128e-07
-3.88886e-08
5.77379e-07
-4.16923e-08
5.59171e-07
-4.44641e-08
5.39521e-07
-4.77782e-08
5.19523e-07
-5.21069e-08
5.00082e-07
-5.75867e-08
4.8171e-07
-6.38564e-08
4.64512e-07
-7.00699e-08
4.48322e-07
-7.50751e-08
4.32907e-07
-7.76658e-08
4.18118e-07
-7.68124e-08
4.03943e-07
-7.17868e-08
3.90469e-07
-6.21626e-08
3.77876e-07
-4.7818e-08
3.66366e-07
-2.87397e-08
3.56296e-07
-5.13007e-09
3.48061e-07
2.28641e-08
3.42255e-07
5.4718e-08
3.39724e-07
8.9359e-08
3.4159e-07
1.24747e-07
3.49089e-07
1.57427e-07
3.63043e-07
1.82506e-07
3.83032e-07
1.94463e-07
4.0668e-07
1.88978e-07
4.29595e-07
1.65094e-07
4.46203e-07
1.26134e-07
4.50918e-07
7.82961e-08
4.38873e-07
2.74241e-08
4.06502e-07
-2.47027e-08
3.52397e-07
-7.988e-08
2.78526e-07
-1.41555e-07
1.91149e-07
-2.10689e-07
1.00297e-07
-2.82341e-07
1.66664e-08
-3.45596e-07
-5.3152e-08
-3.86679e-07
-1.10211e-07
-4.011e-07
-1.58202e-07
-3.94896e-07
-2.00626e-07
-3.75393e-07
-2.39762e-07
-3.48482e-07
-2.76554e-07
-3.1803e-07
-3.11024e-07
-2.86124e-07
-3.42742e-07
-2.53755e-07
-3.71155e-07
-2.21367e-07
-3.9576e-07
-1.89191e-07
-4.16166e-07
-1.57395e-07
-4.32103e-07
-1.26138e-07
-4.43407e-07
-9.55916e-08
-4.5e-07
-6.59189e-08
-4.51883e-07
-3.73214e-08
-4.49118e-07
-9.97759e-09
-4.41806e-07
1.60804e-08
-4.30123e-07
4.07054e-08
-4.14288e-07
6.37677e-08
-3.94564e-07
8.51428e-08
-3.7125e-07
1.04718e-07
-3.44682e-07
1.22396e-07
-3.15221e-07
1.38102e-07
-2.83247e-07
1.51785e-07
-2.49155e-07
1.63422e-07
-2.13337e-07
1.73023e-07
-1.76172e-07
1.80626e-07
-1.38025e-07
1.86295e-07
-9.92344e-08
1.90111e-07
-6.01109e-08
1.92168e-07
-2.09736e-08
1.92561e-07
1.78731e-08
1.91344e-07
5.62195e-08
1.88552e-07
9.3892e-08
1.84289e-07
1.30712e-07
1.78655e-07
1.66534e-07
1.7171e-07
2.01246e-07
1.63433e-07
2.34781e-07
1.54048e-07
1.42369e-07
2.67199e-07
1.29815e-06
-3.44937e-08
1.29769e-06
-3.59904e-08
1.2969e-06
-3.74262e-08
1.29581e-06
-3.8925e-08
1.29441e-06
-4.04656e-08
1.2927e-06
-4.19556e-08
1.29068e-06
-4.3316e-08
1.28836e-06
-4.44716e-08
1.28576e-06
-4.53364e-08
1.28291e-06
-4.5822e-08
1.27984e-06
-4.58482e-08
1.27659e-06
-4.53483e-08
1.2732e-06
-4.42728e-08
1.26975e-06
-4.25928e-08
1.2663e-06
-4.03042e-08
1.26293e-06
-3.74296e-08
1.25971e-06
-3.40189e-08
1.25674e-06
-3.01482e-08
1.2541e-06
-2.59166e-08
1.25187e-06
-2.14436e-08
1.25013e-06
-1.6861e-08
1.24896e-06
-1.23046e-08
1.24838e-06
-7.9132e-09
1.24844e-06
-3.8381e-09
1.24915e-06
-2.30135e-10
1.25051e-06
2.76314e-09
1.25249e-06
5.00973e-09
1.25505e-06
6.37235e-09
1.25812e-06
6.71336e-09
1.26163e-06
5.9204e-09
1.26548e-06
3.90826e-09
1.26961e-06
5.59578e-10
1.2739e-06
-4.1697e-09
1.27825e-06
-1.034e-08
1.28252e-06
-1.80084e-08
1.28658e-06
-2.72205e-08
1.29028e-06
-3.80045e-08
1.29346e-06
-5.03609e-08
1.29589e-06
-6.42499e-08
1.29729e-06
-7.95778e-08
1.29729e-06
-9.61801e-08
1.2954e-06
-1.13804e-07
1.29095e-06
-1.32087e-07
1.28312e-06
-1.50543e-07
1.27085e-06
-1.68541e-07
1.25288e-06
-1.85312e-07
1.22779e-06
-1.99967e-07
1.19413e-06
-2.11559e-07
1.1506e-06
-2.19173e-07
1.09631e-06
-2.22034e-07
1.03103e-06
-2.19634e-07
9.55422e-07
-2.11847e-07
8.71178e-07
-1.99039e-07
7.81124e-07
-1.82123e-07
6.89272e-07
-1.6249e-07
6.00475e-07
-1.41367e-07
5.19066e-07
-1.17934e-07
4.45694e-07
-8.6317e-08
3.75544e-07
-3.53137e-08
3.01149e-07
4.88181e-08
2.29554e-07
1.54223e-07
1.81646e-07
2.18297e-07
1.50308e-07
1.57791e-07
8.91087e-08
-2.32763e-08
-1.62899e-08
-2.62501e-07
-1.32566e-07
-4.89258e-07
-2.25009e-07
-6.27527e-07
-2.8781e-07
-6.50861e-07
-3.32516e-07
-5.91534e-07
-3.70569e-07
-4.96252e-07
-4.0563e-07
-3.95252e-07
-4.36056e-07
-3.00291e-07
-4.59568e-07
-2.13699e-07
-4.75002e-07
-1.35093e-07
-4.81896e-07
-6.35301e-08
-4.79692e-07
1.81008e-09
-4.67689e-07
6.25973e-08
-4.45295e-07
1.19164e-07
-4.12044e-07
1.71329e-07
-3.67862e-07
2.18215e-07
-3.13476e-07
2.58208e-07
-2.50687e-07
2.89449e-07
-1.81832e-07
3.10673e-07
-1.09577e-07
3.2144e-07
-3.69622e-08
3.22157e-07
3.34018e-08
3.13868e-07
9.99833e-08
2.97796e-07
1.62088e-07
2.75774e-07
2.19089e-07
2.50166e-07
2.70789e-07
2.22614e-07
3.17236e-07
1.94523e-07
3.58641e-07
1.66935e-07
3.953e-07
1.40584e-07
4.27532e-07
1.15963e-07
4.55641e-07
9.33543e-08
4.79897e-07
7.29021e-08
5.00514e-07
5.46598e-08
5.17641e-07
3.86194e-08
5.31366e-07
2.47226e-08
5.41692e-07
1.29012e-08
5.48553e-07
3.07451e-09
5.51872e-07
-4.84091e-09
5.51647e-07
-1.10105e-08
5.47921e-07
-1.5617e-08
5.40793e-07
-1.88641e-08
5.30452e-07
-2.09952e-08
5.17229e-07
-2.23316e-08
5.01653e-07
-2.33136e-08
4.84466e-07
-2.45048e-08
4.66517e-07
-2.65152e-08
4.48579e-07
-2.98399e-08
4.31145e-07
-3.46733e-08
4.14343e-07
-4.07849e-08
3.98013e-07
-4.75262e-08
3.81898e-07
-5.39548e-08
3.65836e-07
-5.9013e-08
3.49865e-07
-6.16951e-08
3.3424e-07
-6.11867e-08
3.19347e-07
-5.68938e-08
3.05661e-07
-4.84766e-08
2.93599e-07
-3.5756e-08
2.8365e-07
-1.87911e-08
2.76519e-07
2.00078e-09
2.72763e-07
2.66201e-08
2.73215e-07
5.42658e-08
2.78854e-07
8.37207e-08
2.90723e-07
1.12877e-07
3.09627e-07
1.38523e-07
3.35595e-07
1.56538e-07
3.67262e-07
1.62796e-07
4.01528e-07
1.54712e-07
4.33882e-07
1.3274e-07
4.59315e-07
1.007e-07
4.73258e-07
6.43528e-08
4.71783e-07
2.88994e-08
4.51504e-07
-4.42379e-09
4.09576e-07
-3.79526e-08
3.44968e-07
-7.69463e-08
2.59999e-07
-1.2572e-07
1.61673e-07
-1.84015e-07
6.10444e-08
-2.44968e-07
-2.97798e-08
-2.95855e-07
-1.05554e-07
-3.25326e-07
-1.67699e-07
-3.32751e-07
-2.19551e-07
-3.23541e-07
-2.64385e-07
-3.03648e-07
-3.04482e-07
-2.77933e-07
-3.40996e-07
-2.4961e-07
-3.74222e-07
-2.20528e-07
-4.03962e-07
-1.91627e-07
-4.29826e-07
-1.63327e-07
-4.51423e-07
-1.35798e-07
-4.68447e-07
-1.09113e-07
-4.80704e-07
-8.33347e-08
-4.88099e-07
-5.85239e-08
-4.90634e-07
-3.47864e-08
-4.88379e-07
-1.2233e-08
-4.81446e-07
9.14809e-09
-4.70032e-07
2.92908e-08
-4.54371e-07
4.81072e-08
-4.34738e-07
6.55097e-08
-4.11441e-07
8.14205e-08
-3.84819e-07
9.57745e-08
-3.55238e-07
1.08521e-07
-3.23079e-07
1.19626e-07
-2.88733e-07
1.29076e-07
-2.52589e-07
1.3688e-07
-2.15029e-07
1.43066e-07
-1.76417e-07
1.47683e-07
-1.37097e-07
1.50791e-07
-9.73846e-08
1.52456e-07
-5.75748e-08
1.52751e-07
-1.79712e-08
1.51741e-07
2.11442e-08
1.49437e-07
5.95817e-08
1.45852e-07
9.71706e-08
1.41066e-07
1.33739e-07
1.35141e-07
1.69141e-07
1.28031e-07
2.03309e-07
1.1988e-07
1.09443e-07
2.36235e-07
1.31106e-06
-3.51052e-08
1.31115e-06
-3.6082e-08
1.31076e-06
-3.70357e-08
1.30996e-06
-3.81214e-08
1.30872e-06
-3.92263e-08
1.30701e-06
-4.02462e-08
1.30481e-06
-4.11208e-08
1.30213e-06
-4.17843e-08
1.29895e-06
-4.21601e-08
1.2953e-06
-4.21756e-08
1.29123e-06
-4.17704e-08
1.28677e-06
-4.08974e-08
1.28203e-06
-3.95262e-08
1.27708e-06
-3.76455e-08
1.27204e-06
-3.52664e-08
1.26704e-06
-3.24225e-08
1.26219e-06
-2.91701e-08
1.25762e-06
-2.55857e-08
1.25347e-06
-2.17631e-08
1.24984e-06
-1.78118e-08
1.24682e-06
-1.3847e-08
1.2445e-06
-9.97898e-09
1.2429e-06
-6.31547e-09
1.24204e-06
-2.97703e-09
1.24188e-06
-6.67572e-11
1.24237e-06
2.27426e-09
1.24344e-06
3.93663e-09
1.24501e-06
4.80063e-09
1.24698e-06
4.73966e-09
1.24926e-06
3.6459e-09
1.25169e-06
1.47394e-09
1.25416e-06
-1.90375e-09
1.2564e-06
-6.41565e-09
1.2582e-06
-1.21391e-08
1.25929e-06
-1.9099e-08
1.25938e-06
-2.73126e-08
1.25816e-06
-3.67753e-08
1.25524e-06
-4.7449e-08
1.25024e-06
-5.92477e-08
1.24268e-06
-7.2019e-08
1.23202e-06
-8.55211e-08
1.21762e-06
-9.93999e-08
1.1987e-06
-1.13171e-07
1.17438e-06
-1.26215e-07
1.14364e-06
-1.37802e-07
1.10547e-06
-1.47143e-07
1.05898e-06
-1.53478e-07
1.0036e-06
-1.56181e-07
9.39284e-07
-1.54857e-07
8.66662e-07
-1.49412e-07
7.87112e-07
-1.40084e-07
7.02738e-07
-1.27474e-07
6.16321e-07
-1.12622e-07
5.31328e-07
-9.71296e-08
4.51861e-07
-8.30233e-08
3.8195e-07
-7.14558e-08
3.23503e-07
-5.94867e-08
2.74383e-07
-3.71973e-08
2.31068e-07
8.00102e-09
1.95557e-07
8.43296e-08
1.80629e-07
1.69151e-07
1.94029e-07
2.04898e-07
2.03946e-07
1.47873e-07
1.59139e-07
2.15307e-08
3.68798e-08
-1.40242e-07
-1.2966e-07
-3.22718e-07
-2.82605e-07
-4.74582e-07
-3.94129e-07
-5.39337e-07
-4.68042e-07
-5.17622e-07
-5.19976e-07
-4.44318e-07
-5.61783e-07
-3.53445e-07
-5.9701e-07
-2.65063e-07
-6.24432e-07
-1.86277e-07
-6.42062e-07
-1.17463e-07
-6.48652e-07
-5.69405e-08
-6.43576e-07
-3.26616e-09
-6.26575e-07
4.55969e-08
-5.97687e-07
9.02759e-08
-5.57074e-07
1.30715e-07
-5.05276e-07
1.66418e-07
-4.43499e-07
1.96431e-07
-3.73702e-07
2.19652e-07
-2.98302e-07
2.35274e-07
-2.1987e-07
2.43008e-07
-1.40869e-07
2.43157e-07
-6.37016e-08
2.367e-07
9.35182e-09
2.24743e-07
7.70724e-08
2.08053e-07
1.39248e-07
1.8799e-07
1.95571e-07
1.66292e-07
2.45911e-07
1.44182e-07
2.90375e-07
1.22471e-07
3.29169e-07
1.0179e-07
3.62536e-07
8.2595e-08
3.9075e-07
6.51406e-08
4.14074e-07
4.95783e-08
4.3275e-07
3.59833e-08
4.46993e-07
2.43768e-08
4.57008e-07
1.4708e-08
4.62971e-07
6.93792e-09
4.65137e-07
9.08019e-10
4.63811e-07
-3.51409e-09
4.5937e-07
-6.57032e-09
4.52205e-07
-8.45213e-09
4.42742e-07
-9.40025e-09
4.31461e-07
-9.71481e-09
4.18909e-07
-9.77955e-09
4.05652e-07
-1.00561e-08
3.92177e-07
-1.10299e-08
3.78767e-07
-1.31056e-08
3.65421e-07
-1.64939e-08
3.51884e-07
-2.11363e-08
3.37786e-07
-2.6687e-08
3.22828e-07
-3.25675e-08
3.06924e-07
-3.80506e-08
2.90248e-07
-4.23379e-08
2.73239e-07
-4.46862e-08
2.56517e-07
-4.44647e-08
2.40846e-07
-4.12221e-08
2.26968e-07
-3.45988e-08
2.15517e-07
-2.43048e-08
2.07483e-07
-1.07572e-08
2.03706e-07
5.77769e-09
2.04898e-07
2.54283e-08
2.11984e-07
4.71792e-08
2.25869e-07
6.98357e-08
2.47271e-07
9.14756e-08
2.76375e-07
1.09419e-07
3.12386e-07
1.20527e-07
3.53146e-07
1.22036e-07
3.9512e-07
1.12738e-07
4.33932e-07
9.39282e-08
4.65276e-07
6.93561e-08
4.85693e-07
4.39366e-08
4.92859e-07
2.17329e-08
4.84486e-07
3.94952e-09
4.58155e-07
-1.16219e-08
4.11163e-07
-2.99543e-08
3.41804e-07
-5.6361e-08
2.51458e-07
-9.36682e-08
1.46388e-07
-1.39899e-07
3.82639e-08
-1.87731e-07
-6.0659e-08
-2.26403e-07
-1.45006e-07
-2.48403e-07
-2.15089e-07
-2.53459e-07
-2.73241e-07
-2.45496e-07
-3.22124e-07
-2.2905e-07
-3.63999e-07
-2.07736e-07
-4.00377e-07
-1.84149e-07
-4.32023e-07
-1.59981e-07
-4.59171e-07
-1.3618e-07
-4.81766e-07
-1.13204e-07
-4.99649e-07
-9.12299e-08
-5.12676e-07
-7.03079e-08
-5.2076e-07
-5.04396e-08
-5.23905e-07
-3.1642e-08
-5.22181e-07
-1.39569e-08
-5.1567e-07
2.63699e-09
-5.04577e-07
1.81982e-08
-4.89155e-07
3.26853e-08
-4.69684e-07
4.60388e-08
-4.46478e-07
5.82148e-08
-4.19883e-07
6.91786e-08
-3.90264e-07
7.89021e-08
-3.58004e-07
8.73665e-08
-3.23493e-07
9.45652e-08
-2.87119e-07
1.00506e-07
-2.49263e-07
1.0521e-07
-2.1029e-07
1.0871e-07
-1.70548e-07
1.11049e-07
-1.30363e-07
1.12271e-07
-9.00343e-08
1.12422e-07
-4.98436e-08
1.1155e-07
-1.00876e-08
1.09681e-07
2.89806e-08
1.06784e-07
6.71956e-08
1.02851e-07
1.04371e-07
9.79658e-08
1.40302e-07
9.21006e-08
1.74898e-07
8.52832e-08
7.63832e-08
2.07958e-07
1.31853e-06
-3.25892e-08
1.31474e-06
-3.22974e-08
1.30992e-06
-3.22072e-08
1.30416e-06
-3.23621e-08
1.29748e-06
-3.25504e-08
1.28994e-06
-3.27096e-08
1.28162e-06
-3.27981e-08
1.27258e-06
-3.27479e-08
1.26292e-06
-3.24919e-08
1.25272e-06
-3.19787e-08
1.24212e-06
-3.1171e-08
1.23127e-06
-3.00427e-08
1.22032e-06
-2.8581e-08
1.20946e-06
-2.67881e-08
1.19888e-06
-2.46826e-08
1.18876e-06
-2.22987e-08
1.17927e-06
-1.96859e-08
1.17059e-06
-1.69063e-08
1.16286e-06
-1.40328e-08
1.1562e-06
-1.11472e-08
1.15068e-06
-8.33031e-09
1.14636e-06
-5.65478e-09
1.14322e-06
-3.18461e-09
1.14119e-06
-9.41676e-10
1.14012e-06
1.00337e-09
1.13986e-06
2.52998e-09
1.14025e-06
3.54564e-09
1.1411e-06
3.95806e-09
1.14219e-06
3.64945e-09
1.14328e-06
2.55371e-09
1.14408e-06
6.7661e-10
1.1442e-06
-2.02343e-09
1.14334e-06
-5.56181e-09
1.14118e-06
-9.97421e-09
1.13737e-06
-1.52862e-08
1.13156e-06
-2.15052e-08
1.12339e-06
-2.86099e-08
1.11248e-06
-3.65324e-08
1.09836e-06
-4.51367e-08
1.08055e-06
-5.41998e-08
1.05842e-06
-6.33949e-08
1.03131e-06
-7.22868e-08
9.98481e-07
-8.03453e-08
9.5925e-07
-8.69845e-08
9.13075e-07
-9.16272e-08
8.59719e-07
-9.37869e-08
7.99391e-07
-9.31512e-08
7.3286e-07
-8.96499e-08
6.61489e-07
-8.34859e-08
5.87188e-07
-7.51108e-08
5.12261e-07
-6.51566e-08
4.39203e-07
-5.44155e-08
3.70577e-07
-4.39961e-08
3.08926e-07
-3.54792e-08
2.56253e-07
-3.03501e-08
2.1298e-07
-2.81826e-08
1.77836e-07
-2.43428e-08
1.49726e-07
-9.08729e-09
1.33856e-07
2.38708e-08
1.38855e-07
7.93305e-08
1.75015e-07
1.32991e-07
2.33982e-07
1.45931e-07
2.78866e-07
1.0299e-07
2.67812e-07
3.25843e-08
1.72329e-07
-4.47586e-08
-8.34876e-09
-1.4204e-07
-2.20597e-07
-2.62334e-07
-4.0546e-07
-3.54474e-07
-5.40802e-07
-3.8228e-07
-6.3152e-07
-3.53599e-07
-6.9206e-07
-2.92905e-07
-7.34154e-07
-2.2297e-07
-7.63524e-07
-1.56906e-07
-7.8145e-07
-9.95371e-08
-7.87369e-07
-5.10217e-08
-7.80247e-07
-1.03878e-08
-7.5969e-07
2.50398e-08
-7.26149e-07
5.67344e-08
-6.80264e-07
8.48313e-08
-6.23076e-07
1.09229e-07
-5.56144e-07
1.29498e-07
-4.81554e-07
1.45062e-07
-4.01753e-07
1.55472e-07
-3.19305e-07
1.60561e-07
-2.36687e-07
1.60539e-07
-1.55979e-07
1.55993e-07
-7.90249e-08
1.47788e-07
-7.70248e-09
1.36731e-07
5.7045e-08
1.23243e-07
1.1529e-07
1.08047e-07
1.6686e-07
9.26118e-08
2.11716e-07
7.76145e-08
2.49951e-07
6.35555e-08
2.81776e-07
5.07701e-08
3.07529e-07
3.9388e-08
3.27613e-07
2.94942e-08
3.42481e-07
2.11149e-08
3.52637e-07
1.42209e-08
3.58613e-07
8.7319e-09
3.61e-07
4.55117e-09
3.60428e-07
1.47968e-09
3.57425e-07
-5.10586e-10
3.52591e-07
-1.73618e-09
3.46451e-07
-2.31246e-09
3.39494e-07
-2.4434e-09
3.32129e-07
-2.34991e-09
3.24643e-07
-2.2932e-09
3.17139e-07
-2.5525e-09
3.09501e-07
-3.39172e-09
3.01397e-07
-5.00196e-09
2.92362e-07
-7.45887e-09
2.81921e-07
-1.06952e-08
2.69733e-07
-1.44985e-08
2.55705e-07
-1.85393e-08
2.4003e-07
-2.2376e-08
2.23167e-07
-2.54752e-08
2.05809e-07
-2.73283e-08
1.88843e-07
-2.7498e-08
1.73184e-07
-2.55631e-08
1.59726e-07
-2.11411e-08
1.49647e-07
-1.42256e-08
1.44079e-07
-5.18938e-09
1.43861e-07
5.99589e-09
1.49985e-07
1.93045e-08
1.63317e-07
3.38472e-08
1.8454e-07
4.86127e-08
2.13905e-07
6.21108e-08
2.50908e-07
7.24156e-08
2.93954e-07
7.74812e-08
3.40194e-07
7.57951e-08
3.8576e-07
6.71723e-08
4.26462e-07
5.32262e-08
4.58751e-07
3.7067e-08
4.80473e-07
2.22148e-08
4.90986e-07
1.12193e-08
4.90393e-07
4.54222e-09
4.78136e-07
6.35251e-10
4.52125e-07
-3.94288e-09
4.0882e-07
-1.30565e-08
3.44623e-07
-2.94705e-08
2.58629e-07
-5.39049e-08
1.55145e-07
-8.42466e-08
4.44369e-08
-1.15695e-07
-6.18346e-08
-1.42132e-07
-1.56501e-07
-1.58792e-07
-2.37737e-07
-1.6426e-07
-3.05864e-07
-1.60922e-07
-3.6237e-07
-1.5123e-07
-4.09077e-07
-1.37442e-07
-4.4758e-07
-1.21478e-07
-4.79078e-07
-1.04682e-07
-5.0438e-07
-8.79019e-08
-5.23982e-07
-7.16276e-08
-5.38175e-07
-5.61148e-08
-5.47131e-07
-4.14836e-08
-5.50986e-07
-2.77871e-08
-5.49891e-07
-1.50519e-08
-5.43922e-07
-3.33186e-09
-5.33261e-07
7.5372e-09
-5.1817e-07
1.75944e-08
-4.98938e-07
2.68067e-08
-4.7589e-07
3.51663e-08
-4.4938e-07
4.26685e-08
-4.19782e-07
4.93046e-08
-3.87483e-07
5.50677e-08
-3.52875e-07
5.99564e-08
-3.16346e-07
6.39768e-08
-2.78279e-07
6.71431e-08
-2.39045e-07
6.94762e-08
-1.98998e-07
7.10015e-08
-1.58474e-07
7.17465e-08
-1.17789e-07
7.17381e-08
-7.72355e-08
7.09961e-08
-3.71039e-08
6.9549e-08
2.28781e-09
6.73919e-08
4.07105e-08
6.44283e-08
7.79586e-08
6.07177e-08
1.13726e-07
5.63332e-08
1.47719e-07
5.12905e-08
4.4608e-08
1.79494e-07
1.19715e-06
-1.65731e-08
1.18025e-06
-1.53965e-08
1.16315e-06
-1.51114e-08
1.14582e-06
-1.50251e-08
1.12821e-06
-1.49403e-08
1.11039e-06
-1.48931e-08
1.09245e-06
-1.48535e-08
1.07445e-06
-1.47493e-08
1.05648e-06
-1.45245e-08
1.03865e-06
-1.41465e-08
1.02107e-06
-1.35975e-08
1.0039e-06
-1.28686e-08
9.8728e-07
-1.19602e-08
9.71373e-07
-1.08819e-08
9.56343e-07
-9.65226e-09
9.42342e-07
-8.29822e-09
9.29511e-07
-6.85447e-09
9.17968e-07
-5.36342e-09
9.07806e-07
-3.87099e-09
8.99092e-07
-2.43278e-09
8.91908e-07
-1.14668e-09
8.86347e-07
-9.324e-11
8.82407e-07
7.55556e-10
8.7995e-07
1.51525e-09
8.78803e-07
2.15037e-09
8.78707e-07
2.62582e-09
8.79358e-07
2.8948e-09
8.80388e-07
2.9275e-09
8.81395e-07
2.64219e-09
8.82177e-07
1.77267e-09
8.82743e-07
1.09646e-10
8.82888e-07
-2.1677e-09
8.82177e-07
-4.85079e-09
8.80111e-07
-7.90801e-09
8.76148e-07
-1.13232e-08
8.69696e-07
-1.50533e-08
8.60116e-07
-1.90298e-08
8.46733e-07
-2.31501e-08
8.28866e-07
-2.7269e-08
8.05862e-07
-3.11965e-08
7.7717e-07
-3.47025e-08
7.42413e-07
-3.75303e-08
7.01488e-07
-3.94199e-08
6.54647e-07
-4.01435e-08
6.02564e-07
-3.95444e-08
5.46351e-07
-3.75732e-08
4.87511e-07
-3.43116e-08
4.27846e-07
-2.99847e-08
3.69323e-07
-2.49632e-08
3.13947e-07
-1.97343e-08
2.63606e-07
-1.48154e-08
2.19856e-07
-1.06659e-08
1.83565e-07
-7.70521e-09
1.54421e-07
-6.33533e-09
1.30694e-07
-6.62344e-09
1.102e-07
-7.68831e-09
9.26092e-08
-6.75182e-09
8.31882e-08
3.33744e-10
8.97218e-08
1.73372e-08
1.24835e-07
4.42178e-08
1.90812e-07
6.70138e-08
2.69754e-07
6.6988e-08
3.30501e-07
4.22432e-08
3.4956e-07
1.35249e-08
3.10172e-07
-5.37074e-09
1.92392e-07
-2.42593e-08
-5.25235e-09
-6.46892e-08
-2.37303e-07
-1.22423e-07
-4.48696e-07
-1.70888e-07
-6.16177e-07
-1.86118e-07
-7.36705e-07
-1.72377e-07
-8.16017e-07
-1.43657e-07
-8.63223e-07
-1.097e-07
-8.86882e-07
-7.58786e-08
-8.93134e-07
-4.47694e-08
-8.8583e-07
-1.76921e-08
-8.6515e-07
4.36003e-09
-8.30453e-07
2.20378e-08
-7.82605e-07
3.69827e-08
-7.23124e-07
4.97486e-08
-6.53906e-07
6.02798e-08
-5.77196e-07
6.83525e-08
-4.95493e-07
7.37692e-08
-4.11388e-07
7.64552e-08
-3.27362e-07
7.65133e-08
-2.45604e-07
7.42345e-08
-1.67888e-07
7.00722e-08
-9.5717e-08
6.45593e-08
-3.04212e-08
5.79468e-08
2.71184e-08
5.05078e-08
7.65506e-08
4.31797e-08
1.18772e-07
3.53933e-08
1.53817e-07
2.85108e-08
1.82042e-07
2.25448e-08
2.0406e-07
1.737e-08
2.2058e-07
1.29742e-08
2.32361e-07
9.33378e-09
2.40176e-07
6.40567e-09
2.44778e-07
4.13011e-09
2.4689e-07
2.43881e-09
2.47126e-07
1.24445e-09
2.46114e-07
5.01419e-10
2.44284e-07
9.37062e-11
2.42033e-07
-6.18798e-11
2.39649e-07
-5.95326e-11
2.37286e-07
1.35642e-11
2.34955e-07
3.76151e-11
2.32485e-07
-8.25535e-11
2.29525e-07
-4.31665e-10
2.25602e-07
-1.07908e-09
2.20209e-07
-2.06608e-09
2.129e-07
-3.38584e-09
2.03389e-07
-4.98722e-09
1.91618e-07
-6.76854e-09
1.77812e-07
-8.57031e-09
1.62519e-07
-1.01822e-08
1.46564e-07
-1.13732e-08
1.30912e-07
-1.18462e-08
1.16686e-07
-1.13366e-08
1.05177e-07
-9.63254e-09
9.75811e-08
-6.62944e-09
9.48052e-08
-2.41343e-09
9.78973e-08
2.90371e-09
1.08003e-07
9.19831e-09
1.25836e-07
1.60143e-08
1.51703e-07
2.2746e-08
1.85239e-07
2.85745e-08
2.25122e-07
3.25327e-08
2.68877e-07
3.37266e-08
3.12985e-07
3.16867e-08
3.53458e-07
2.66994e-08
3.8681e-07
1.98749e-08
4.11048e-07
1.28286e-08
4.26158e-07
7.10428e-09
4.33765e-07
3.61232e-09
4.35992e-07
2.31561e-09
4.34271e-07
2.35587e-09
4.27983e-07
2.34535e-09
4.13956e-07
9.70928e-10
3.86928e-07
-2.44271e-09
3.41583e-07
-8.5602e-09
2.74992e-07
-1.76551e-08
1.88646e-07
-2.93492e-08
8.88911e-08
-4.23771e-08
-1.47259e-08
-5.51751e-08
-1.13898e-07
-6.50885e-08
-2.03917e-07
-7.09026e-08
-2.82918e-07
-7.22297e-08
-3.50458e-07
-6.99021e-08
-4.06789e-07
-6.51473e-08
-4.5262e-07
-5.88499e-08
-4.88874e-07
-5.1648e-08
-5.16518e-07
-4.39838e-08
-5.36477e-07
-3.61563e-08
-5.49592e-07
-2.83686e-08
-5.56611e-07
-2.07675e-08
-5.5817e-07
-1.34935e-08
-5.54775e-07
-6.72679e-09
-5.46609e-07
-6.28149e-10
-5.33689e-07
4.67403e-09
-5.16286e-07
9.40394e-09
-4.94786e-07
1.36663e-08
-4.69596e-07
1.74781e-08
-4.4113e-07
2.08387e-08
-4.09808e-07
2.37452e-08
-3.76048e-07
2.61969e-08
-3.40269e-07
2.81976e-08
-3.02881e-07
2.9755e-08
-2.64285e-07
3.08802e-08
-2.24871e-07
3.15878e-08
-1.85019e-07
3.18946e-08
-1.45099e-07
3.1818e-08
-1.05474e-07
3.13708e-08
-6.64953e-08
3.05706e-08
-2.8585e-08
2.94816e-08
7.85989e-09
2.79834e-08
4.24832e-08
2.60944e-08
7.50384e-08
2.3778e-08
1.04709e-07
2.16201e-08
1.80114e-08
1.31305e-07
7.89643e-07
7.74246e-07
7.59135e-07
7.4411e-07
7.29169e-07
7.14276e-07
6.99423e-07
6.84673e-07
6.70149e-07
6.56002e-07
6.42405e-07
6.29536e-07
6.17576e-07
6.06694e-07
5.97042e-07
5.88744e-07
5.81889e-07
5.76526e-07
5.72655e-07
5.70222e-07
5.69075e-07
5.68982e-07
5.69738e-07
5.71253e-07
5.73403e-07
5.76029e-07
5.78924e-07
5.81851e-07
5.84493e-07
5.86266e-07
5.86376e-07
5.84208e-07
5.79357e-07
5.71449e-07
5.60126e-07
5.45073e-07
5.26043e-07
5.02893e-07
4.75624e-07
4.44427e-07
4.09725e-07
3.72195e-07
3.32775e-07
2.92631e-07
2.53087e-07
2.15513e-07
1.81202e-07
1.51217e-07
1.26254e-07
1.0652e-07
9.17042e-08
8.10383e-08
7.33331e-08
6.69977e-08
6.03743e-08
5.2686e-08
4.59342e-08
4.62679e-08
6.36051e-08
1.07823e-07
1.74837e-07
2.41825e-07
2.84068e-07
2.97593e-07
2.92222e-07
2.67963e-07
2.03274e-07
8.08509e-08
-9.00368e-08
-2.76155e-07
-4.48532e-07
-5.9219e-07
-7.0189e-07
-7.77769e-07
-8.22538e-07
-8.4023e-07
-8.3587e-07
-8.13832e-07
-7.7685e-07
-7.27101e-07
-6.66821e-07
-5.98469e-07
-5.24699e-07
-4.48244e-07
-3.71731e-07
-2.97496e-07
-2.27424e-07
-1.62865e-07
-1.04918e-07
-5.44104e-08
-1.12307e-08
2.41625e-08
5.26733e-08
7.52182e-08
9.25882e-08
1.05562e-07
1.14896e-07
1.21302e-07
1.25432e-07
1.27871e-07
1.29115e-07
1.29617e-07
1.2971e-07
1.29648e-07
1.29589e-07
1.29602e-07
1.2964e-07
1.29557e-07
1.29126e-07
1.28047e-07
1.25981e-07
1.22595e-07
1.17608e-07
1.10839e-07
1.02269e-07
9.20865e-08
8.07134e-08
6.88671e-08
5.75305e-08
4.7898e-08
4.12686e-08
3.88551e-08
4.17589e-08
5.09572e-08
6.69714e-08
8.97174e-08
1.18292e-07
1.50825e-07
1.84551e-07
2.16238e-07
2.42937e-07
2.62812e-07
2.75641e-07
2.82745e-07
2.86357e-07
2.88673e-07
2.91029e-07
2.93374e-07
2.94345e-07
2.91902e-07
2.83342e-07
2.65687e-07
2.36338e-07
1.93961e-07
1.38786e-07
7.36972e-08
2.79462e-09
-6.9435e-08
-1.39337e-07
-2.04484e-07
-2.63334e-07
-3.14982e-07
-3.58966e-07
-3.95122e-07
-4.23491e-07
-4.44259e-07
-4.57752e-07
-4.64479e-07
-4.65107e-07
-4.60433e-07
-4.51029e-07
-4.37363e-07
-4.19885e-07
-3.99046e-07
-3.75301e-07
-3.49104e-07
-3.20906e-07
-2.91151e-07
-2.60271e-07
-2.28683e-07
-1.96789e-07
-1.6497e-07
-1.336e-07
-1.03029e-07
-7.35475e-08
-4.55641e-08
-1.94697e-08
4.30834e-09
2.59284e-08
4.39399e-08
1.54478e-07
1.01934e-08
1.07911e-07
4.65668e-08
3.73655e-08
7.05456e-08
-4.07223e-08
7.80877e-08
-1.10341e-07
6.96189e-08
-1.59468e-07
4.9127e-08
-1.82595e-07
2.31269e-08
-1.79379e-07
-3.21645e-09
-1.51552e-07
-2.78265e-08
-1.04309e-07
-4.7243e-08
-4.38364e-08
-6.04727e-08
2.20561e-08
-6.58925e-08
8.68519e-08
-6.47958e-08
1.46936e-07
-6.0084e-08
2.00803e-07
-5.38668e-08
2.48077e-07
-4.72738e-08
2.89033e-07
-4.09562e-08
3.24242e-07
-3.52096e-08
3.54306e-07
-3.00632e-08
3.79618e-07
-2.53121e-08
4.00033e-07
-2.04156e-08
4.14163e-07
-1.41295e-08
4.19385e-07
-5.22233e-09
4.09712e-07
9.6727e-09
-6.04931e-10
1.65077e-07
6.60773e-08
7.56839e-08
1.3596e-07
-2.16322e-08
1.67862e-07
-1.05463e-07
1.61919e-07
-1.6223e-07
1.26386e-07
-1.91039e-07
7.7936e-08
-1.93771e-07
2.58596e-08
-1.72922e-07
-2.40657e-08
-1.29511e-07
-7.12377e-08
-6.77183e-08
-1.09036e-07
5.29901e-09
-1.3349e-07
8.19148e-08
-1.42508e-07
1.56141e-07
-1.39022e-07
2.24385e-07
-1.28328e-07
2.84764e-07
-1.14245e-07
3.36775e-07
-9.92848e-08
3.80781e-07
-8.49626e-08
4.17565e-07
-7.19939e-08
4.47996e-07
-6.04941e-08
4.72682e-07
-4.99979e-08
4.91725e-07
-3.94586e-08
5.04152e-07
-2.65561e-08
5.0916e-07
-1.02303e-08
4.99987e-07
1.88458e-08
1.56866e-08
1.42239e-07
1.38802e-07
5.47441e-08
2.23455e-07
-2.48011e-08
2.47407e-07
-8.35708e-08
2.20688e-07
-1.20362e-07
1.63177e-07
-1.37992e-07
9.55655e-08
-1.36151e-07
2.40192e-08
-1.12653e-07
-4.75641e-08
-6.83541e-08
-1.15537e-07
-7.58327e-09
-1.69806e-07
6.36887e-08
-2.04762e-07
1.39721e-07
-2.18541e-07
2.15238e-07
-2.14539e-07
2.86616e-07
-1.99707e-07
3.51877e-07
-1.79506e-07
4.10222e-07
-1.57629e-07
4.61543e-07
-1.36284e-07
5.0608e-07
-1.1653e-07
5.44196e-07
-9.86107e-08
5.76157e-07
-8.19593e-08
6.0189e-07
-6.51915e-08
6.19918e-07
-4.45832e-08
6.28257e-07
-1.85696e-08
6.20237e-07
2.68658e-08
3.57375e-08
1.46203e-07
2.03642e-07
7.89529e-08
2.90705e-07
2.13921e-08
3.04968e-07
-1.96723e-08
2.61753e-07
-4.89979e-08
1.92503e-07
-6.44998e-08
1.11067e-07
-6.23388e-08
2.18582e-08
-3.94773e-08
-7.04255e-08
1.61529e-09
-1.56629e-07
5.84285e-08
-2.2662e-07
1.25266e-07
-2.71599e-07
1.96238e-07
-2.89513e-07
2.66987e-07
-2.85287e-07
3.34389e-07
-2.67109e-07
3.9682e-07
-2.41937e-07
4.53719e-07
-2.14528e-07
5.05107e-07
-1.87672e-07
5.5125e-07
-1.62674e-07
5.92467e-07
-1.39828e-07
6.28961e-07
-1.18453e-07
6.60694e-07
-9.69243e-08
6.86167e-07
-7.00563e-08
7.03291e-07
-3.56936e-08
7.03204e-07
2.69523e-08
5.33599e-08
1.82926e-07
2.5122e-07
1.36241e-07
3.3739e-07
9.55195e-08
3.45689e-07
6.08632e-08
2.96409e-07
3.40958e-08
2.1927e-07
1.89303e-08
1.26233e-07
1.97668e-08
2.10217e-08
3.93339e-08
-8.99926e-08
7.70673e-08
-1.94363e-07
1.28789e-07
-2.78341e-07
1.89267e-07
-3.32077e-07
2.53566e-07
-3.53812e-07
3.17745e-07
-3.49466e-07
3.79093e-07
-3.28458e-07
4.36241e-07
-2.99084e-07
4.88767e-07
-2.67054e-07
5.36767e-07
-2.35672e-07
5.80569e-07
-2.06476e-07
6.20605e-07
-1.79864e-07
6.57259e-07
-1.55107e-07
6.9086e-07
-1.30525e-07
7.2074e-07
-9.99367e-08
7.45787e-07
-6.07398e-08
7.57904e-07
1.48351e-08
6.38104e-08
2.425e-07
2.82098e-07
2.10569e-07
3.69322e-07
1.78881e-07
3.77377e-07
1.48222e-07
3.27067e-07
1.23072e-07
2.44421e-07
1.08312e-07
1.40992e-07
1.08099e-07
2.12351e-08
1.24545e-07
-1.06439e-07
1.5696e-07
-2.26777e-07
2.01958e-07
-3.2334e-07
2.54918e-07
-3.85037e-07
3.1141e-07
-4.10304e-07
3.67986e-07
-4.06042e-07
4.22355e-07
-3.82827e-07
4.73363e-07
-3.50093e-07
5.20646e-07
-3.14337e-07
5.64261e-07
-2.79287e-07
6.04473e-07
-2.46688e-07
6.41679e-07
-2.1707e-07
6.7632e-07
-1.89748e-07
7.08821e-07
-1.63026e-07
7.38941e-07
-1.30057e-07
7.66846e-07
-8.86449e-08
7.89028e-07
-7.34675e-09
6.57186e-08
3.15024e-07
3.00569e-07
2.93179e-07
3.91166e-07
2.67464e-07
4.03092e-07
2.40168e-07
3.54363e-07
2.16785e-07
2.67804e-07
2.02297e-07
1.5548e-07
2.00323e-07
2.32085e-08
2.1276e-07
-1.18876e-07
2.39122e-07
-2.53139e-07
2.76552e-07
-3.6077e-07
3.21058e-07
-4.29543e-07
3.68873e-07
-4.5812e-07
4.17141e-07
-4.54309e-07
4.64001e-07
-4.29687e-07
5.08494e-07
-3.94585e-07
5.50262e-07
-3.56105e-07
5.89275e-07
-3.18301e-07
6.25676e-07
-2.83089e-07
6.59748e-07
-2.51143e-07
6.91902e-07
-2.21901e-07
7.2258e-07
-1.93703e-07
7.51561e-07
-1.59038e-07
7.78692e-07
-1.15777e-07
8.0564e-07
-3.4294e-08
6.10356e-08
3.93372e-07
3.12779e-07
3.78791e-07
4.05746e-07
3.57997e-07
4.23886e-07
3.33849e-07
3.78511e-07
3.12105e-07
2.89548e-07
2.97657e-07
1.69928e-07
2.9374e-07
2.71248e-08
3.01945e-07
-1.2708e-07
3.21838e-07
-2.73032e-07
3.51076e-07
-3.90008e-07
3.8645e-07
-4.64916e-07
4.25008e-07
-4.96678e-07
4.6456e-07
-4.93861e-07
5.03673e-07
-4.688e-07
5.41542e-07
-4.32455e-07
5.77774e-07
-3.92336e-07
6.12208e-07
-3.52735e-07
6.44837e-07
-3.15718e-07
6.75814e-07
-2.8212e-07
7.05468e-07
-2.51555e-07
7.34233e-07
-2.22468e-07
7.62015e-07
-1.8682e-07
7.87566e-07
-1.41327e-07
8.15352e-07
-6.20799e-08
5.26466e-08
4.73703e-07
3.26151e-07
4.63731e-07
4.15718e-07
4.47773e-07
4.39844e-07
4.27037e-07
3.99247e-07
4.06972e-07
3.09613e-07
3.92444e-07
1.84457e-07
3.86444e-07
3.31248e-08
3.90237e-07
-1.30873e-07
4.03355e-07
-2.8615e-07
4.23998e-07
-4.10652e-07
4.49866e-07
-4.90783e-07
4.78927e-07
-5.2574e-07
5.09685e-07
-5.24619e-07
5.41098e-07
-5.00213e-07
5.7247e-07
-4.63827e-07
6.03326e-07
-4.23193e-07
6.33343e-07
-3.82751e-07
6.62347e-07
-3.44722e-07
6.90361e-07
-3.10134e-07
7.1763e-07
-2.78824e-07
7.44527e-07
-2.49365e-07
7.71155e-07
-2.13448e-07
7.95411e-07
-1.65583e-07
8.22268e-07
-8.89372e-08
4.26799e-08
5.54995e-07
3.47527e-07
5.45676e-07
4.25037e-07
5.33995e-07
4.51526e-07
5.17211e-07
4.16031e-07
4.99248e-07
3.27575e-07
4.84748e-07
1.98957e-07
4.76583e-07
4.12899e-08
4.75796e-07
-1.30086e-07
4.81943e-07
-2.92297e-07
4.93844e-07
-4.22553e-07
5.10183e-07
-5.07122e-07
5.29875e-07
-5.45432e-07
5.52087e-07
-5.46831e-07
5.76113e-07
-5.24239e-07
6.01309e-07
-4.89023e-07
6.27084e-07
-4.48967e-07
6.52933e-07
-4.08601e-07
6.78515e-07
-3.70304e-07
7.03729e-07
-3.35348e-07
7.28757e-07
-3.03852e-07
7.53898e-07
-2.74505e-07
7.79382e-07
-2.38933e-07
8.02679e-07
-1.88879e-07
8.28086e-07
-1.14344e-07
3.23134e-08
6.37532e-07
3.80452e-07
6.24142e-07
4.38427e-07
6.14621e-07
4.61048e-07
6.01745e-07
4.28907e-07
5.86448e-07
3.42872e-07
5.7238e-07
2.13026e-07
5.62156e-07
5.15139e-08
5.56756e-07
-1.24687e-07
5.55952e-07
-2.91492e-07
5.59295e-07
-4.25897e-07
5.66471e-07
-5.14298e-07
5.77289e-07
-5.56249e-07
5.91502e-07
-5.61045e-07
6.08668e-07
-5.41405e-07
6.2815e-07
-5.08505e-07
6.4922e-07
-4.70038e-07
6.71196e-07
-4.30576e-07
6.93578e-07
-3.92686e-07
7.16159e-07
-3.5793e-07
7.39086e-07
-3.26778e-07
7.62603e-07
-2.98022e-07
7.86973e-07
-2.63303e-07
8.09514e-07
-2.1142e-07
8.33448e-07
-1.38278e-07
2.21336e-08
7.20795e-07
4.23783e-07
6.99921e-07
4.59301e-07
6.89234e-07
4.71734e-07
6.78912e-07
4.39229e-07
6.66294e-07
3.5549e-07
6.53052e-07
2.26267e-07
6.41092e-07
6.34737e-08
6.31317e-07
-1.14911e-07
6.23936e-07
-2.84111e-07
6.19311e-07
-4.21273e-07
6.18078e-07
-5.13064e-07
6.20833e-07
-5.59004e-07
6.27824e-07
-5.68035e-07
6.38804e-07
-5.52385e-07
6.53118e-07
-5.22819e-07
6.69898e-07
-4.86818e-07
6.883e-07
-4.48979e-07
7.07697e-07
-4.12082e-07
7.27802e-07
-3.78035e-07
7.48748e-07
-3.47724e-07
7.70766e-07
-3.2004e-07
7.94083e-07
-2.86621e-07
8.15987e-07
-2.33325e-07
8.38583e-07
-1.60874e-07
1.24264e-08
8.02232e-07
4.7269e-07
7.73501e-07
4.88033e-07
7.58687e-07
4.86548e-07
7.48501e-07
4.49416e-07
7.37591e-07
3.664e-07
7.25091e-07
2.38767e-07
7.11707e-07
7.68571e-08
6.98071e-07
-1.01275e-07
6.84876e-07
-2.70916e-07
6.73254e-07
-4.09651e-07
6.64677e-07
-5.04487e-07
6.60405e-07
-5.54733e-07
6.61088e-07
-5.68718e-07
6.66632e-07
-5.57929e-07
6.76347e-07
-5.32534e-07
6.89248e-07
-4.99719e-07
7.04362e-07
-4.64092e-07
7.20966e-07
-4.28687e-07
7.38731e-07
-3.958e-07
7.57797e-07
-3.6679e-07
7.78422e-07
-3.40665e-07
8.00766e-07
-3.08964e-07
8.22115e-07
-2.54674e-07
8.43549e-07
-1.82308e-07
3.3306e-09
8.77692e-07
5.21121e-07
8.43792e-07
5.21932e-07
8.23799e-07
5.06541e-07
8.11394e-07
4.61821e-07
8.00464e-07
3.7733e-07
7.88019e-07
2.51213e-07
7.7328e-07
9.15962e-08
7.56409e-07
-8.44037e-08
7.38387e-07
-2.52894e-07
7.2096e-07
-3.92225e-07
7.06263e-07
-4.89789e-07
6.96093e-07
-5.44563e-07
6.91426e-07
-5.64051e-07
6.92286e-07
-5.5879e-07
6.97958e-07
-5.38206e-07
7.07363e-07
-5.09124e-07
7.19443e-07
-4.76173e-07
7.33425e-07
-4.42668e-07
7.48964e-07
-4.11339e-07
7.66236e-07
-3.84062e-07
7.85558e-07
-3.59987e-07
8.07015e-07
-3.30421e-07
8.2788e-07
-2.75539e-07
8.4833e-07
-2.02759e-07
-5.09142e-09
9.42946e-07
5.64167e-07
9.0813e-07
5.56748e-07
8.84217e-07
5.30453e-07
8.68487e-07
4.77552e-07
8.559e-07
3.89916e-07
8.42476e-07
2.64638e-07
8.26178e-07
1.07894e-07
8.0659e-07
-6.48153e-08
7.84718e-07
-2.31023e-07
7.6268e-07
-3.70186e-07
7.43075e-07
-4.70184e-07
7.28112e-07
-5.296e-07
7.19017e-07
-5.54956e-07
7.15905e-07
-5.55678e-07
7.18041e-07
-5.40342e-07
7.24295e-07
-5.15378e-07
7.33567e-07
-4.85445e-07
7.45071e-07
-4.54173e-07
7.58485e-07
-4.24753e-07
7.7404e-07
-3.99617e-07
7.92137e-07
-3.78084e-07
8.12799e-07
-3.51083e-07
8.3325e-07
-2.95989e-07
8.5288e-07
-2.22389e-07
-1.28165e-08
9.9518e-07
5.99332e-07
9.63365e-07
5.88563e-07
9.38254e-07
5.55564e-07
9.19766e-07
4.9604e-07
9.04789e-07
4.04893e-07
8.89557e-07
2.79869e-07
8.71419e-07
1.26032e-07
8.49441e-07
-4.28369e-08
8.24512e-07
-2.06094e-07
7.98895e-07
-3.4457e-07
7.75471e-07
-4.4676e-07
7.56722e-07
-5.10851e-07
7.44042e-07
-5.42276e-07
7.37601e-07
-5.49237e-07
7.36656e-07
-5.39398e-07
7.40062e-07
-5.18784e-07
7.46724e-07
-4.92107e-07
7.55884e-07
-4.63332e-07
7.67262e-07
-4.36132e-07
7.81171e-07
-4.13526e-07
7.98123e-07
-3.95036e-07
8.18087e-07
-3.71047e-07
8.38201e-07
-3.16103e-07
8.57156e-07
-2.41344e-07
-1.98387e-08
1.03373e-06
6.26607e-07
1.00721e-06
6.15083e-07
9.83698e-07
5.79077e-07
9.64164e-07
5.15574e-07
9.47209e-07
4.21849e-07
9.29993e-07
2.97085e-07
9.09917e-07
1.46108e-07
8.8581e-07
-1.87302e-08
8.58443e-07
-1.78727e-07
8.30108e-07
-3.16235e-07
8.03813e-07
-4.20465e-07
7.82177e-07
-4.89215e-07
7.66664e-07
-5.26763e-07
7.57463e-07
-5.40035e-07
7.53836e-07
-5.35771e-07
7.54662e-07
-5.1961e-07
7.58894e-07
-4.96338e-07
7.65831e-07
-4.70269e-07
7.75263e-07
-4.45564e-07
7.87599e-07
-4.25861e-07
8.03488e-07
-4.10925e-07
8.22861e-07
-3.90421e-07
8.42725e-07
-3.35967e-07
8.61133e-07
-2.59753e-07
-2.61557e-08
1.05993e-06
6.47709e-07
1.03906e-06
6.3595e-07
1.01894e-06
5.99206e-07
1.00024e-06
5.3427e-07
9.82473e-07
4.39615e-07
9.63785e-07
3.15773e-07
9.42059e-07
1.67834e-07
9.16208e-07
7.12066e-09
8.86994e-07
-1.49513e-07
8.5672e-07
-2.85961e-07
8.28413e-07
-3.92157e-07
8.04696e-07
-4.65498e-07
7.87017e-07
-5.09085e-07
7.75554e-07
-5.28572e-07
7.69594e-07
-5.29812e-07
7.68081e-07
-5.18097e-07
7.70051e-07
-4.98309e-07
7.74887e-07
-4.75104e-07
7.82463e-07
-4.53139e-07
7.93305e-07
-4.36703e-07
8.08222e-07
-4.25843e-07
8.27123e-07
-4.09322e-07
8.46837e-07
-3.5568e-07
8.64807e-07
-2.77723e-07
-3.17619e-08
1.07635e-06
6.65023e-07
1.06003e-06
6.52273e-07
1.0437e-06
6.15539e-07
1.0271e-06
5.5087e-07
1.00978e-06
4.5693e-07
9.9053e-07
3.35025e-07
9.67809e-07
1.90556e-07
9.40823e-07
3.41067e-08
9.10462e-07
-1.19153e-07
8.79046e-07
-2.54545e-07
8.49542e-07
-3.62653e-07
8.24476e-07
-4.40432e-07
8.05217e-07
-4.89825e-07
7.91922e-07
-5.15277e-07
7.83938e-07
-5.21827e-07
7.80306e-07
-5.14465e-07
7.80179e-07
-4.98181e-07
7.83037e-07
-4.77963e-07
7.88852e-07
-4.58955e-07
7.98286e-07
-4.46137e-07
8.12335e-07
-4.39891e-07
8.30891e-07
-4.27878e-07
8.50566e-07
-3.75356e-07
8.68191e-07
-2.95348e-07
-3.66455e-08
1.08585e-06
6.80715e-07
1.07231e-06
6.65805e-07
1.05909e-06
6.28763e-07
1.04492e-06
5.65035e-07
1.02892e-06
4.72936e-07
1.01002e-06
3.53924e-07
9.87134e-07
2.13441e-07
9.59816e-07
6.14248e-08
9.29131e-07
-8.84678e-08
8.97405e-07
-2.22819e-07
8.67477e-07
-3.32726e-07
8.41711e-07
-4.14665e-07
8.2137e-07
-4.69484e-07
8.06613e-07
-5.00521e-07
7.96875e-07
-5.12089e-07
7.91333e-07
-5.08924e-07
7.89273e-07
-4.96121e-07
7.90282e-07
-4.78972e-07
7.94438e-07
-4.6311e-07
8.02558e-07
-4.54257e-07
8.15848e-07
-4.53181e-07
8.34192e-07
-4.46222e-07
8.53945e-07
-3.95109e-07
8.71304e-07
-3.12706e-07
-4.07889e-08
1.09082e-06
6.96251e-07
1.07843e-06
6.78198e-07
1.06712e-06
6.40072e-07
1.05499e-06
5.77161e-07
1.04058e-06
4.87345e-07
1.02269e-06
3.71814e-07
1.00043e-06
2.35708e-07
9.73614e-07
8.82376e-08
9.4344e-07
-5.82944e-08
9.12192e-07
-1.91571e-07
8.82521e-07
-3.03055e-07
8.56594e-07
-3.88739e-07
8.35581e-07
-4.4847e-07
8.19671e-07
-4.84611e-07
8.08425e-07
-5.00842e-07
8.01175e-07
-5.01674e-07
7.97347e-07
-4.92293e-07
7.9664e-07
-4.78266e-07
7.99241e-07
-4.6571e-07
8.06145e-07
-4.61161e-07
8.18791e-07
-4.65827e-07
8.37055e-07
-4.64486e-07
8.56999e-07
-4.15052e-07
8.74157e-07
-3.29864e-07
-4.41707e-08
1.09289e-06
7.12342e-07
1.08051e-06
6.90577e-07
1.06999e-06
6.50597e-07
1.05918e-06
5.87966e-07
1.04622e-06
5.00307e-07
1.02965e-06
3.88385e-07
1.00858e-06
2.56781e-07
9.82961e-07
1.13852e-07
9.54005e-07
-2.93385e-08
9.23877e-07
-1.61442e-07
8.94991e-07
-2.74169e-07
8.69316e-07
-3.63063e-07
8.4795e-07
-4.27104e-07
8.3115e-07
-4.67811e-07
8.18621e-07
-4.88313e-07
8.0986e-07
-4.92913e-07
8.04433e-07
-4.86866e-07
8.02145e-07
-4.75977e-07
8.03295e-07
-4.66861e-07
8.09081e-07
-4.66947e-07
8.21198e-07
-4.77944e-07
8.39506e-07
-4.82794e-07
8.5974e-07
-4.35286e-07
8.76743e-07
-3.46867e-07
-4.67659e-08
1.09291e-06
7.29149e-07
1.08001e-06
7.0347e-07
1.06952e-06
6.61096e-07
1.05936e-06
5.98125e-07
1.0475e-06
5.12169e-07
1.03228e-06
4.03603e-07
1.01272e-06
2.76341e-07
9.88763e-07
1.37806e-07
9.61512e-07
-2.08736e-09
9.32937e-07
-1.32867e-07
9.05192e-07
-2.46425e-07
8.80053e-07
-3.37924e-07
8.58577e-07
-4.05628e-07
8.41111e-07
-4.50346e-07
8.27513e-07
-4.74715e-07
8.17436e-07
-4.82836e-07
8.10577e-07
-4.80008e-07
8.0684e-07
-4.72239e-07
8.0664e-07
-4.66661e-07
8.11399e-07
-4.71705e-07
8.23095e-07
-4.89641e-07
8.4156e-07
-5.01258e-07
8.62165e-07
-4.55892e-07
8.79035e-07
-3.63737e-07
-4.85457e-08
1.09116e-06
7.46527e-07
1.07768e-06
7.16956e-07
1.06688e-06
6.71897e-07
1.05693e-06
6.08067e-07
1.04585e-06
5.23254e-07
1.03188e-06
4.17569e-07
1.01394e-06
2.9428e-07
9.91874e-07
1.59874e-07
9.66584e-07
2.32031e-08
9.39791e-07
-1.06074e-07
9.13381e-07
-2.20015e-07
8.88959e-07
-3.13501e-07
8.67562e-07
-3.84232e-07
8.49632e-07
-4.32416e-07
8.35168e-07
-4.6025e-07
8.23965e-07
-4.71633e-07
8.15838e-07
-4.71881e-07
8.10777e-07
-4.67178e-07
8.0932e-07
-4.65204e-07
8.13133e-07
-4.75518e-07
8.24506e-07
-5.01014e-07
8.43222e-07
-5.19974e-07
8.64253e-07
-4.76923e-07
8.80981e-07
-3.80465e-07
-4.94754e-08
1.08767e-06
7.64209e-07
1.07377e-06
7.30861e-07
1.06266e-06
6.83005e-07
1.05278e-06
6.17951e-07
1.04227e-06
5.33761e-07
1.02943e-06
4.30411e-07
1.01309e-06
3.10619e-07
9.92957e-07
1.80005e-07
9.69699e-07
4.64618e-08
9.44756e-07
-8.11318e-08
9.19763e-07
-1.95023e-07
8.96173e-07
-2.89911e-07
8.75011e-07
-3.6307e-07
8.56803e-07
-4.14208e-07
8.41668e-07
-4.45115e-07
8.29523e-07
-4.59488e-07
8.20282e-07
-4.62639e-07
8.14011e-07
-4.60907e-07
8.11374e-07
-4.62567e-07
8.14311e-07
-4.78455e-07
8.25444e-07
-5.12148e-07
8.44485e-07
-5.39014e-07
8.65964e-07
-4.98402e-07
8.82508e-07
-3.97009e-07
-4.95135e-08
1.08236e-06
7.81882e-07
1.06831e-06
7.44904e-07
1.05707e-06
6.94244e-07
1.04729e-06
6.27732e-07
1.03731e-06
5.43743e-07
1.02551e-06
4.42216e-07
1.01069e-06
3.25431e-07
9.92439e-07
1.98262e-07
9.71171e-07
6.77295e-08
9.48057e-07
-5.80179e-08
9.24503e-07
-1.71469e-07
9.01826e-07
-2.67234e-07
8.81038e-07
-3.42282e-07
8.62728e-07
-3.95898e-07
8.47108e-07
-4.29496e-07
8.34192e-07
-4.46572e-07
8.23976e-07
-4.52422e-07
8.16595e-07
-4.53526e-07
8.12841e-07
-4.58814e-07
8.14956e-07
-4.80571e-07
8.25914e-07
-5.23105e-07
8.4532e-07
-5.58421e-07
8.67233e-07
-5.20314e-07
8.83514e-07
-4.1329e-07
-4.86124e-08
1.07507e-06
7.99186e-07
1.06121e-06
7.58762e-07
1.0501e-06
7.05351e-07
1.04059e-06
6.37249e-07
1.03119e-06
5.53144e-07
1.0204e-06
4.53007e-07
1.00704e-06
3.38788e-07
9.90572e-07
2.14729e-07
9.71213e-07
8.70876e-08
9.4987e-07
-3.66739e-08
9.2775e-07
-1.49349e-07
9.06054e-07
-2.45538e-07
8.85771e-07
-3.21998e-07
8.67525e-07
-3.77652e-07
8.51592e-07
-4.13564e-07
8.38059e-07
-4.33039e-07
8.26991e-07
-4.41355e-07
8.18582e-07
-4.45117e-07
8.13757e-07
-4.53989e-07
8.15088e-07
-4.81901e-07
8.25908e-07
-5.33925e-07
8.45682e-07
-5.78195e-07
8.67963e-07
-5.42595e-07
8.83873e-07
-4.292e-07
-4.67152e-08
9.59727e-07
8.14131e-07
9.47685e-07
7.70805e-07
9.38027e-07
7.15009e-07
9.2985e-07
6.45425e-07
9.2197e-07
5.61024e-07
9.13136e-07
4.61841e-07
9.02311e-07
3.49612e-07
8.88934e-07
2.28107e-07
8.7305e-07
1.02972e-07
8.55293e-07
-1.89174e-08
8.3661e-07
-1.30666e-07
8.17984e-07
-2.26912e-07
8.00268e-07
-3.04282e-07
7.84031e-07
-3.61415e-07
7.69551e-07
-3.99084e-07
7.56957e-07
-4.20444e-07
7.46357e-07
-4.30755e-07
7.37965e-07
-4.36725e-07
7.3273e-07
-4.48755e-07
7.33265e-07
-4.82436e-07
7.42869e-07
-5.4353e-07
7.60941e-07
-5.96266e-07
7.81183e-07
-5.62837e-07
7.95169e-07
-4.43186e-07
-4.4073e-08
9.507e-07
8.2812e-07
9.39347e-07
7.82158e-07
9.30233e-07
7.24122e-07
9.22588e-07
6.5307e-07
9.15355e-07
5.68256e-07
9.07382e-07
4.69815e-07
8.97669e-07
3.59325e-07
8.85611e-07
2.40165e-07
8.7114e-07
1.17442e-07
8.54737e-07
-2.51423e-09
8.37226e-07
-1.13155e-07
8.19506e-07
-2.09192e-07
8.02382e-07
-2.87158e-07
7.86413e-07
-3.45446e-07
7.71894e-07
-3.84565e-07
7.5899e-07
-4.0754e-07
7.47848e-07
-4.19612e-07
7.38709e-07
-4.27586e-07
7.3264e-07
-4.42686e-07
7.32552e-07
-4.82348e-07
7.42023e-07
-5.53e-07
7.6027e-07
-6.14513e-07
7.80593e-07
-5.83161e-07
7.94041e-07
-4.56634e-07
-4.05709e-08
9.40006e-07
8.40774e-07
9.29655e-07
7.92509e-07
9.21333e-07
7.32445e-07
9.14403e-07
6.6e-07
9.07938e-07
5.74721e-07
9.00883e-07
4.7687e-07
8.92286e-07
3.67922e-07
8.81519e-07
2.50932e-07
8.68428e-07
1.30533e-07
8.53367e-07
1.25469e-08
8.37048e-07
-9.68364e-08
8.20283e-07
-1.92427e-07
8.03823e-07
-2.70697e-07
7.88201e-07
-3.29824e-07
7.73721e-07
-3.70085e-07
7.60578e-07
-3.94398e-07
7.48946e-07
-4.0798e-07
7.39087e-07
-4.17727e-07
7.32184e-07
-4.35784e-07
7.31455e-07
-4.81618e-07
7.40735e-07
-5.6228e-07
7.59021e-07
-6.328e-07
7.79239e-07
-6.03379e-07
7.91986e-07
-4.6938e-07
-3.61921e-08
9.27573e-07
8.51686e-07
9.18568e-07
8.01514e-07
9.11309e-07
7.39704e-07
9.05299e-07
6.6601e-07
8.99739e-07
5.8028e-07
8.93678e-07
4.82931e-07
8.8622e-07
3.7538e-07
8.76735e-07
2.60417e-07
8.65007e-07
1.42261e-07
8.51283e-07
2.62707e-08
8.36172e-07
-8.17253e-08
8.20401e-07
-1.76656e-07
8.04658e-07
-2.54954e-07
7.89446e-07
-3.14613e-07
7.75068e-07
-3.55707e-07
7.61745e-07
-3.81075e-07
7.49668e-07
-3.95902e-07
7.39105e-07
-4.07164e-07
7.3136e-07
-4.28039e-07
7.29952e-07
-4.80211e-07
7.38942e-07
-5.71269e-07
7.57079e-07
-6.50937e-07
7.76954e-07
-6.23255e-07
7.88824e-07
-4.8125e-07
-3.09274e-08
9.13315e-07
8.60446e-07
9.06019e-07
8.0881e-07
9.00125e-07
7.45598e-07
8.95264e-07
6.70871e-07
8.90769e-07
5.84775e-07
8.85798e-07
4.87902e-07
8.79524e-07
3.81654e-07
8.71332e-07
2.6861e-07
8.60962e-07
1.52631e-07
8.48574e-07
3.86578e-08
8.34682e-07
-6.78332e-08
8.19931e-07
-1.61905e-07
8.04945e-07
-2.39968e-07
7.9019e-07
-2.99858e-07
7.75966e-07
-3.41482e-07
7.62513e-07
-3.67622e-07
7.50029e-07
-3.83418e-07
7.38775e-07
-3.9591e-07
7.30166e-07
-4.19429e-07
7.28016e-07
-4.78061e-07
7.3657e-07
-5.79823e-07
7.5431e-07
-6.68677e-07
7.73555e-07
-6.425e-07
7.84351e-07
-4.92046e-07
-2.47817e-08
8.97154e-07
8.66655e-07
8.91938e-07
8.14026e-07
8.87728e-07
7.49808e-07
8.84269e-07
6.7433e-07
8.81024e-07
5.8802e-07
8.77264e-07
4.91662e-07
8.72241e-07
3.86677e-07
8.65368e-07
2.75483e-07
8.5636e-07
1.61638e-07
8.45311e-07
4.97075e-08
8.32643e-07
-5.51658e-08
8.18928e-07
-1.48189e-07
8.04724e-07
-2.25764e-07
7.90461e-07
-2.85595e-07
7.76433e-07
-3.27454e-07
7.62897e-07
-3.54087e-07
7.5004e-07
-3.70561e-07
7.381e-07
-3.8397e-07
7.28592e-07
-4.09921e-07
7.25606e-07
-4.75075e-07
7.33531e-07
-5.87748e-07
7.5057e-07
-6.85716e-07
7.68848e-07
-6.60778e-07
7.78355e-07
-5.01553e-07
-1.77742e-08
8.79029e-07
8.69945e-07
8.76256e-07
8.168e-07
8.74055e-07
7.52009e-07
8.72271e-07
6.76115e-07
8.70483e-07
5.89808e-07
8.68076e-07
4.94068e-07
8.6439e-07
3.90363e-07
8.58879e-07
2.80995e-07
8.51249e-07
1.69268e-07
8.4154e-07
5.94174e-08
8.30097e-07
-4.37231e-08
8.17423e-07
-1.35515e-07
8.04018e-07
-2.12359e-07
7.90273e-07
-2.71851e-07
7.76479e-07
-3.1366e-07
7.62905e-07
-3.40513e-07
7.49708e-07
-3.57364e-07
7.3708e-07
-3.71341e-07
7.26621e-07
-3.99463e-07
7.22674e-07
-4.71128e-07
7.29724e-07
-5.94798e-07
7.45704e-07
-7.01695e-07
7.62639e-07
-6.77713e-07
7.7063e-07
-5.09544e-07
-9.94047e-09
8.58912e-07
8.69987e-07
8.58916e-07
8.16795e-07
8.59045e-07
7.5188e-07
8.59213e-07
6.75947e-07
8.59104e-07
5.89918e-07
8.58212e-07
4.94959e-07
8.55967e-07
3.92609e-07
8.51874e-07
2.85088e-07
8.45645e-07
1.75497e-07
8.37279e-07
6.77836e-08
8.27059e-07
-3.35033e-08
8.15428e-07
-1.23884e-07
8.02831e-07
-1.99762e-07
7.89628e-07
-2.58648e-07
7.76107e-07
-3.00139e-07
7.62541e-07
-3.26946e-07
7.49036e-07
-3.43859e-07
7.35711e-07
-3.58016e-07
7.24231e-07
-3.87983e-07
7.19159e-07
-4.66056e-07
7.25041e-07
-6.0068e-07
7.39554e-07
-7.16208e-07
7.5474e-07
-6.92899e-07
7.60986e-07
-5.15789e-07
-1.33413e-09
8.36803e-07
8.66502e-07
8.39886e-07
8.13712e-07
8.42643e-07
7.49123e-07
8.45036e-07
6.73554e-07
8.46832e-07
5.88121e-07
8.47629e-07
4.94163e-07
8.46941e-07
3.93296e-07
8.44335e-07
2.87694e-07
8.39537e-07
1.80294e-07
8.32522e-07
7.47986e-08
8.23524e-07
-2.45054e-08
8.12936e-07
-1.13295e-07
8.01157e-07
-1.87984e-07
7.88519e-07
-2.4601e-07
7.75313e-07
-2.86933e-07
7.61807e-07
-3.13439e-07
7.48025e-07
-3.30078e-07
7.33982e-07
-3.43973e-07
7.21385e-07
-3.75387e-07
7.14991e-07
-4.59662e-07
7.19365e-07
-6.05053e-07
7.31967e-07
-7.28811e-07
7.44979e-07
-7.05912e-07
7.49257e-07
-5.20067e-07
7.97059e-09
8.12738e-07
8.59256e-07
8.19159e-07
8.07292e-07
8.24811e-07
7.43471e-07
8.29684e-07
6.68682e-07
8.33609e-07
5.84196e-07
8.36269e-07
4.91503e-07
8.37265e-07
3.923e-07
8.36222e-07
2.88737e-07
8.32895e-07
1.83622e-07
8.27244e-07
8.0449e-08
8.1947e-07
-1.67316e-08
8.09927e-07
-1.03752e-07
7.98976e-07
-1.77034e-07
7.86931e-07
-2.33965e-07
7.74092e-07
-2.74094e-07
7.60702e-07
-3.0005e-07
7.46671e-07
-3.16047e-07
7.31872e-07
-3.29173e-07
7.18038e-07
-3.61553e-07
7.1009e-07
-4.51714e-07
7.12581e-07
-6.07545e-07
7.22798e-07
-7.39028e-07
7.33204e-07
-7.16318e-07
7.35302e-07
-5.22164e-07
1.78767e-08
7.86789e-07
8.48069e-07
7.96756e-07
7.97324e-07
8.05534e-07
7.34693e-07
8.13115e-07
6.611e-07
8.19376e-07
5.77934e-07
8.24072e-07
4.86808e-07
8.26879e-07
3.89493e-07
8.27483e-07
2.88132e-07
8.2567e-07
1.85435e-07
8.21404e-07
8.47151e-08
8.14863e-07
-1.01899e-08
8.06371e-07
-9.52597e-08
7.96264e-07
-1.66927e-07
7.84848e-07
-2.22549e-07
7.72436e-07
-2.61682e-07
7.59226e-07
-2.8684e-07
7.44962e-07
-3.01783e-07
7.29346e-07
-3.13557e-07
7.14126e-07
-3.46333e-07
7.04368e-07
-4.41956e-07
7.04579e-07
-6.07756e-07
7.11921e-07
-7.4637e-07
7.19288e-07
-7.23684e-07
7.19012e-07
-5.21888e-07
2.82628e-08
7.59058e-07
8.3281e-07
7.72733e-07
7.83649e-07
7.84822e-07
7.22605e-07
7.95307e-07
6.50615e-07
8.04091e-07
5.69151e-07
8.10981e-07
4.79917e-07
8.15723e-07
3.84751e-07
8.18059e-07
2.85796e-07
8.17811e-07
1.85683e-07
8.14955e-07
8.75711e-08
8.0966e-07
-4.89486e-09
8.02231e-07
-8.78315e-08
7.92991e-07
-1.57686e-07
7.82254e-07
-2.11812e-07
7.70344e-07
-2.49772e-07
7.57375e-07
-2.73871e-07
7.42874e-07
-2.87281e-07
7.26348e-07
-2.97031e-07
7.09569e-07
-3.29554e-07
6.97733e-07
-4.3012e-07
6.9526e-07
-6.05283e-07
6.99231e-07
-7.50342e-07
7.03131e-07
-7.27584e-07
7.0031e-07
-5.19068e-07
3.8982e-08
7.29677e-07
8.134e-07
7.47174e-07
7.66152e-07
7.62714e-07
7.07064e-07
7.76261e-07
6.37068e-07
7.87725e-07
5.57688e-07
7.96952e-07
4.7069e-07
8.03743e-07
3.7796e-07
8.07893e-07
2.81647e-07
8.09261e-07
1.84315e-07
8.07846e-07
8.89859e-08
8.03818e-07
-8.66516e-10
7.97472e-07
-8.14859e-08
7.89132e-07
-1.49346e-07
7.7914e-07
-2.0182e-07
7.67817e-07
-2.38449e-07
7.55137e-07
-2.61191e-07
7.40357e-07
-2.72501e-07
7.2279e-07
-2.79464e-07
7.04265e-07
-3.11029e-07
6.90093e-07
-4.15948e-07
6.8454e-07
-5.9973e-07
6.84651e-07
-7.50452e-07
6.8467e-07
-7.27603e-07
6.79158e-07
-5.13555e-07
4.98597e-08
6.98809e-07
7.89806e-07
7.20189e-07
7.44771e-07
7.39278e-07
6.87976e-07
7.56004e-07
6.20342e-07
7.70272e-07
5.4342e-07
7.81956e-07
4.59006e-07
7.90897e-07
3.69019e-07
7.96936e-07
2.75607e-07
7.99974e-07
1.81277e-07
8.00035e-07
8.89247e-08
7.97298e-07
1.87043e-09
7.92061e-07
-7.62492e-08
7.84671e-07
-1.41956e-07
7.75508e-07
-1.92657e-07
7.64855e-07
-2.27796e-07
7.52476e-07
-2.48813e-07
7.3732e-07
-2.57344e-07
7.18543e-07
-2.60687e-07
6.9809e-07
-2.90577e-07
6.8136e-07
-3.99217e-07
6.72362e-07
-5.90732e-07
6.68134e-07
-7.46225e-07
6.63877e-07
-7.23345e-07
6.55553e-07
-5.05232e-07
6.06944e-08
6.66636e-07
7.62044e-07
6.91918e-07
7.1949e-07
7.14604e-07
6.6529e-07
7.34586e-07
6.0036e-07
7.51751e-07
5.26254e-07
7.65984e-07
4.44773e-07
7.77159e-07
3.57844e-07
7.85155e-07
2.67611e-07
7.89912e-07
1.7652e-07
7.91485e-07
8.73514e-08
7.90068e-07
3.28807e-09
7.85977e-07
-7.21582e-08
7.79606e-07
-1.35585e-07
7.71367e-07
-1.84418e-07
7.61441e-07
-2.1787e-07
7.49306e-07
-2.36678e-07
7.336e-07
-2.41638e-07
7.13417e-07
-2.40503e-07
6.90896e-07
-2.68056e-07
6.71456e-07
-3.79777e-07
6.58693e-07
-5.77969e-07
6.49669e-07
-7.372e-07
6.4076e-07
-7.14436e-07
6.29538e-07
-4.9401e-07
7.12595e-08
6.33367e-07
7.30179e-07
6.62521e-07
6.90336e-07
6.88811e-07
6.39e-07
7.12085e-07
5.77085e-07
7.32203e-07
5.06136e-07
7.49052e-07
4.27925e-07
7.62524e-07
3.44372e-07
7.72533e-07
2.57602e-07
7.79055e-07
1.69998e-07
7.82175e-07
8.42316e-08
7.82108e-07
3.35494e-09
7.79216e-07
-6.92662e-08
7.73957e-07
-1.30326e-07
7.66727e-07
-1.77188e-07
7.57514e-07
-2.08657e-07
7.45452e-07
-2.24616e-07
7.28939e-07
-2.25124e-07
7.07156e-07
-2.18721e-07
6.82519e-07
-2.43419e-07
6.60329e-07
-3.57587e-07
6.43539e-07
-5.61178e-07
6.2928e-07
-7.22942e-07
6.15372e-07
-7.00528e-07
6.01194e-07
-4.79832e-07
8.12992e-08
5.99226e-07
6.9432e-07
6.3218e-07
6.57383e-07
6.62039e-07
6.09141e-07
6.88602e-07
5.50522e-07
7.11696e-07
4.83042e-07
7.31197e-07
4.08424e-07
7.4701e-07
3.28559e-07
7.59076e-07
2.45536e-07
7.674e-07
1.61673e-07
7.72097e-07
7.9535e-08
7.73421e-07
2.03142e-09
7.71805e-07
-6.76504e-08
7.67755e-07
-1.26276e-07
7.61562e-07
-1.70995e-07
7.52906e-07
-2.00001e-07
7.40595e-07
-2.12306e-07
7.22949e-07
-2.07478e-07
6.99437e-07
-1.95208e-07
6.72791e-07
-2.16774e-07
6.47955e-07
-3.32751e-07
6.26937e-07
-5.4016e-07
6.07028e-07
-7.03033e-07
5.87803e-07
-6.81303e-07
5.70646e-07
-4.62674e-07
9.05289e-08
5.64456e-07
6.54623e-07
6.01095e-07
6.20744e-07
6.34449e-07
5.75787e-07
6.64262e-07
5.20709e-07
6.90319e-07
4.56985e-07
7.12482e-07
3.86261e-07
7.3066e-07
3.10381e-07
7.4481e-07
2.31386e-07
7.54964e-07
1.5152e-07
7.61265e-07
7.32335e-08
7.64037e-07
-7.40657e-10
7.63798e-07
-6.74107e-08
7.6102e-07
-1.23498e-07
7.55738e-07
-1.65713e-07
7.47268e-07
-1.9153e-07
7.34221e-07
-1.99259e-07
7.15102e-07
-1.88359e-07
6.8988e-07
-1.69986e-07
6.61562e-07
-1.88457e-07
6.34352e-07
-3.05541e-07
6.08961e-07
-5.14769e-07
5.83007e-07
-6.77079e-07
5.5819e-07
-6.56486e-07
5.38062e-07
-4.42546e-07
9.86367e-08
5.2931e-07
6.11282e-07
5.69483e-07
5.80571e-07
6.06221e-07
5.39048e-07
6.39209e-07
4.87721e-07
6.68187e-07
4.28007e-07
6.92996e-07
3.61452e-07
7.1354e-07
2.89837e-07
7.29787e-07
2.1514e-07
7.41783e-07
1.39523e-07
7.49726e-07
6.52912e-08
7.54033e-07
-5.04819e-09
7.55259e-07
-6.86364e-08
7.53676e-07
-1.21916e-07
7.48916e-07
-1.60952e-07
7.39989e-07
-1.82604e-07
7.25595e-07
-1.84866e-07
7.04753e-07
-1.67517e-07
6.78094e-07
-1.43327e-07
6.48725e-07
-1.59088e-07
6.19581e-07
-2.76397e-07
5.89714e-07
-4.84902e-07
5.57346e-07
-6.44711e-07
5.2671e-07
-6.2585e-07
5.0365e-07
-4.19486e-07
1.05285e-07
4.94056e-07
5.64537e-07
5.37575e-07
5.37052e-07
5.77554e-07
4.99069e-07
6.1361e-07
4.51665e-07
6.45438e-07
3.96179e-07
6.72852e-07
3.34038e-07
6.95744e-07
2.66945e-07
7.14078e-07
1.96806e-07
7.27928e-07
1.25673e-07
7.37573e-07
5.56461e-08
7.43517e-07
-1.09921e-08
7.46185e-07
-7.13046e-08
7.45424e-07
-1.21154e-07
7.40424e-07
-1.55953e-07
7.30157e-07
-1.72336e-07
7.13808e-07
-1.68517e-07
6.91217e-07
-1.44926e-07
6.63739e-07
-1.15848e-07
6.34246e-07
-1.29595e-07
6.03743e-07
-2.45894e-07
5.69313e-07
-4.50472e-07
5.30204e-07
-6.05602e-07
4.93584e-07
-5.8923e-07
4.67655e-07
-3.93557e-07
1.10113e-07
4.5897e-07
5.1466e-07
5.05617e-07
4.90404e-07
5.48663e-07
4.56023e-07
5.87652e-07
4.12676e-07
6.22233e-07
3.61598e-07
6.52189e-07
3.04083e-07
6.77385e-07
2.41749e-07
6.97785e-07
1.76405e-07
7.13517e-07
1.09941e-07
7.24956e-07
4.42073e-08
7.32559e-07
-1.85945e-08
7.36337e-07
-7.50833e-08
7.35559e-07
-1.20376e-07
7.29192e-07
-1.49586e-07
7.16616e-07
-1.5976e-07
6.979e-07
-1.49801e-07
6.73897e-07
-1.20923e-07
6.46608e-07
-8.85594e-08
6.18178e-07
-1.01165e-07
5.86951e-07
-2.14666e-07
5.47869e-07
-4.11391e-07
5.01764e-07
-5.59497e-07
4.59079e-07
-5.46544e-07
4.30359e-07
-3.64838e-07
1.12739e-07
4.24339e-07
4.6196e-07
4.73869e-07
4.40875e-07
5.19783e-07
4.10109e-07
5.61546e-07
3.70913e-07
5.9876e-07
3.24383e-07
6.31168e-07
2.71676e-07
6.58607e-07
2.14309e-07
6.81062e-07
1.5395e-07
6.98738e-07
9.2265e-08
7.12011e-07
3.09339e-08
7.20984e-07
-2.75667e-08
7.24981e-07
-7.90808e-08
7.22835e-07
-1.1823e-07
7.138e-07
-1.4055e-07
6.9815e-07
-1.44111e-07
6.77069e-07
-1.2872e-07
6.52433e-07
-9.6286e-08
6.2669e-07
-6.28163e-08
6.00636e-07
-7.51114e-08
5.69267e-07
-1.83296e-07
5.25452e-07
-3.67576e-07
4.72231e-07
-5.06277e-07
4.23502e-07
-4.97815e-07
3.92069e-07
-3.33405e-07
1.12764e-07
3.90462e-07
4.06775e-07
4.42607e-07
3.88729e-07
4.91167e-07
3.6155e-07
5.35522e-07
3.26558e-07
5.75227e-07
2.84678e-07
6.09979e-07
2.36923e-07
6.39609e-07
1.84679e-07
6.64143e-07
1.29417e-07
6.83784e-07
7.26234e-08
6.98608e-07
1.611e-08
7.07985e-07
-3.6944e-08
7.10609e-07
-8.17042e-08
7.05452e-07
-1.13073e-07
6.9268e-07
-1.27778e-07
6.73738e-07
-1.25169e-07
6.50868e-07
-1.0585e-07
6.26812e-07
-7.22302e-08
6.04155e-07
-4.016e-08
5.81678e-07
-5.26341e-08
5.50572e-07
-1.5219e-07
5.02019e-07
-3.19024e-07
4.41812e-07
-4.46069e-07
3.87197e-07
-4.432e-07
3.53115e-07
-2.99323e-07
1.09772e-07
3.5765e-07
3.49471e-07
4.12127e-07
3.34252e-07
4.63089e-07
3.10589e-07
5.09833e-07
2.79814e-07
5.51875e-07
2.42636e-07
5.88883e-07
1.99916e-07
6.20684e-07
1.52878e-07
6.47251e-07
1.02849e-07
6.68492e-07
5.13828e-08
6.83738e-07
8.63785e-10
6.91598e-07
-4.48038e-08
6.90789e-07
-8.08948e-08
6.81231e-07
-1.03515e-07
6.64373e-07
-1.1092e-07
6.42713e-07
-1.03509e-07
6.19246e-07
-8.23829e-08
5.97293e-07
-5.02774e-08
5.79151e-07
-2.20176e-08
5.60999e-07
-3.44819e-08
5.3032e-07
-1.21511e-07
4.77315e-07
-2.66019e-07
4.10687e-07
-3.79442e-07
3.50519e-07
-3.83031e-07
3.13831e-07
-2.62635e-07
1.03334e-07
3.26237e-07
2.90433e-07
3.82745e-07
2.77743e-07
4.35852e-07
2.57482e-07
4.84794e-07
2.30871e-07
5.29054e-07
1.98376e-07
5.68234e-07
1.60736e-07
6.02011e-07
1.19102e-07
6.29972e-07
7.48876e-08
6.51298e-07
3.00569e-08
6.6453e-07
-1.23684e-08
6.68261e-07
-4.85349e-08
6.62245e-07
-7.48789e-08
6.47826e-07
-8.9096e-08
6.27568e-07
-9.06612e-08
6.04586e-07
-8.05277e-08
5.82212e-07
-6.00094e-08
5.63926e-07
-3.19906e-08
5.51151e-07
-9.24294e-09
5.3729e-07
-2.06206e-08
5.07121e-07
-9.13426e-08
4.50677e-07
-2.09575e-07
3.78924e-07
-3.07688e-07
3.13798e-07
-3.17906e-07
2.74522e-07
-2.23359e-07
9.30156e-08
2.96643e-07
2.30025e-07
3.54888e-07
2.19499e-07
4.09903e-07
2.02466e-07
4.60846e-07
1.79929e-07
5.07045e-07
1.52177e-07
5.4779e-07
1.19991e-07
5.82244e-07
8.46469e-08
6.09286e-07
4.78456e-08
6.27448e-07
1.1895e-08
6.35373e-07
-2.02929e-08
6.32822e-07
-4.59838e-08
6.21081e-07
-6.31378e-08
6.02645e-07
-7.06608e-08
5.8063e-07
-6.86457e-08
5.58261e-07
-5.81589e-08
5.38788e-07
-4.05366e-08
5.2524e-07
-1.84423e-08
5.17592e-07
-1.59538e-09
5.07219e-07
-1.02475e-08
4.78182e-07
-6.23052e-08
4.20727e-07
-1.5212e-07
3.46266e-07
-2.33228e-07
2.77225e-07
-2.48865e-07
2.3539e-07
-1.81524e-07
7.8478e-08
2.69334e-07
1.6865e-07
3.28785e-07
1.60047e-07
3.85043e-07
1.46209e-07
4.36967e-07
1.28005e-07
4.83417e-07
1.05728e-07
5.23074e-07
8.03337e-08
5.54535e-07
5.31858e-08
5.76427e-07
2.59542e-08
5.87661e-07
6.61e-10
5.88134e-07
-2.07661e-08
5.79092e-07
-3.69424e-08
5.62842e-07
-4.68871e-08
5.42314e-07
-5.01335e-08
5.20612e-07
-4.69436e-08
5.00675e-07
-3.82214e-08
4.85207e-07
-2.50692e-08
4.76209e-07
-9.44428e-09
4.72346e-07
2.26758e-09
4.64787e-07
-2.68815e-09
4.38931e-07
-3.64495e-08
3.8484e-07
-9.80283e-08
3.11622e-07
-1.60009e-07
2.40597e-07
-1.7784e-07
1.9628e-07
-1.37208e-07
5.98752e-08
2.40251e-07
1.07892e-07
2.98789e-07
1.0151e-07
3.53605e-07
9.13923e-08
4.03038e-07
7.85719e-08
4.45432e-07
6.33335e-08
4.79231e-07
4.65351e-08
5.03259e-07
2.91576e-08
5.16821e-07
1.23926e-08
5.20013e-07
-2.53112e-09
5.13952e-07
-1.47054e-08
5.00598e-07
-2.35884e-08
4.82426e-07
-2.87146e-08
4.62197e-07
-2.9905e-08
4.42639e-07
-2.73854e-08
4.26147e-07
-2.1729e-08
4.14625e-07
-1.35475e-08
4.09051e-07
-3.87066e-09
4.0769e-07
3.62907e-09
4.03164e-07
1.83756e-09
3.83481e-07
-1.67662e-08
3.3842e-07
-5.29677e-08
2.72049e-07
-9.36388e-08
2.02757e-07
-1.08547e-07
1.56272e-07
-9.07233e-08
3.84346e-08
1.87385e-07
5.18129e-08
2.40737e-07
4.81568e-08
2.89402e-07
4.27276e-08
3.31479e-07
3.64948e-08
3.65435e-07
2.93775e-08
3.90269e-07
2.17011e-08
4.05693e-07
1.37337e-08
4.12367e-07
5.71914e-09
4.11342e-07
-1.50677e-09
4.03489e-07
-6.85243e-09
3.90228e-07
-1.03269e-08
3.73628e-07
-1.21147e-08
3.55984e-07
-1.22607e-08
3.3948e-07
-1.08821e-08
3.25986e-07
-8.23432e-09
3.17053e-07
-4.61481e-09
3.13502e-07
-3.20133e-10
3.1399e-07
3.14133e-09
3.13763e-07
2.06464e-09
3.03846e-07
-6.84944e-09
2.73604e-07
-2.27249e-08
2.21477e-07
-4.15124e-08
1.60537e-07
-4.7607e-08
1.12919e-07
-4.31049e-08
1.90505e-08
9.57527e-08
1.4391e-07
1.86637e-07
2.23132e-07
2.52509e-07
2.74211e-07
2.87944e-07
2.93663e-07
2.92157e-07
2.85304e-07
2.74977e-07
2.62863e-07
2.50602e-07
2.3972e-07
2.31485e-07
2.26871e-07
2.2655e-07
2.29692e-07
2.31756e-07
2.24907e-07
2.02182e-07
1.6067e-07
1.13063e-07
6.99578e-08
)
;

boundaryField
{
    inlet
    {
        type            calculated;
        value           nonuniform List<scalar> 
30
(
-1.27e-06
-1.27e-06
-1.27e-06
-1.27e-06
-1.27e-06
-1.27e-06
-1.27e-06
-1.27e-06
-1.27e-06
-1.27e-06
-1.27e-06
-1.27e-06
-1.27e-06
-1.27e-06
-1.27e-06
-1.27e-06
-1.27e-06
-1.27e-06
-1.27e-06
-1.27e-06
-1.27e-06
-1.27e-06
-1.27e-06
-1.27e-06
-1.27e-06
-1.27e-06
-1.27e-06
-1.27e-06
-1.27e-06
-1.27e-06
)
;
    }
    outlet
    {
        type            calculated;
        value           nonuniform List<scalar> 
57
(
4.10317e-07
4.83695e-07
6.00186e-07
6.85582e-07
7.47453e-07
7.87119e-07
8.10323e-07
8.23741e-07
8.32235e-07
8.38452e-07
8.43628e-07
8.4829e-07
8.52645e-07
8.56752e-07
8.60605e-07
8.64179e-07
8.6745e-07
8.70413e-07
8.73074e-07
8.75447e-07
8.77538e-07
8.79338e-07
8.80814e-07
8.81911e-07
8.82546e-07
8.82613e-07
8.81975e-07
7.92527e-07
7.90539e-07
7.87607e-07
7.83559e-07
7.78205e-07
7.71347e-07
7.62796e-07
7.5238e-07
7.39952e-07
7.25396e-07
7.08626e-07
6.89591e-07
6.6828e-07
6.44718e-07
6.18973e-07
5.91154e-07
5.61416e-07
5.29954e-07
4.97001e-07
4.62827e-07
4.27733e-07
3.92044e-07
3.56107e-07
3.2027e-07
2.8484e-07
2.49928e-07
2.14883e-07
1.77713e-07
1.32303e-07
8.90083e-08
)
;
    }
    upperWall
    {
        type            calculated;
        value           uniform 0;
    }
    lowerWall
    {
        type            calculated;
        value           uniform 0;
    }
    frontAndBack
    {
        type            empty;
    }
}


// ************************************************************************* //
