/*--------------------------------*- C++ -*----------------------------------*\
| =========                 |                                                 |
| \\      /  F ield         | OpenFOAM: The Open Source CFD Toolbox           |
|  \\    /   O peration     | Version:  2406                                  |
|   \\  /    A nd           | Website:  www.openfoam.com                      |
|    \\/     M anipulation  |                                                 |
\*---------------------------------------------------------------------------*/
FoamFile
{
    version     2.0;
    format      ascii;
    arch        "LSB;label=32;scalar=64";
    class       surfaceScalarField;
    location    "1.43";
    object      phi;
}
// * * * * * * * * * * * * * * * * * * * * * * * * * * * * * * * * * * * * * //

dimensions      [0 3 -1 0 0 0 0];

oriented        oriented;

internalField   nonuniform List<scalar> 
24170
(
1.38644e-06
5.28949e-08
1.32728e-06
5.91548e-08
1.276e-06
5.12812e-08
1.23195e-06
4.40553e-08
1.19374e-06
3.82098e-08
1.16042e-06
3.33135e-08
1.13109e-06
2.93317e-08
1.10483e-06
2.62616e-08
1.08083e-06
2.40008e-08
1.05839e-06
2.24407e-08
1.03686e-06
2.15338e-08
1.01569e-06
2.1169e-08
9.94494e-07
2.11924e-08
9.72971e-07
2.15233e-08
9.50795e-07
2.21754e-08
9.27664e-07
2.31315e-08
9.02619e-07
2.50441e-08
2.5225e-08
8.77395e-07
1.47052e-06
2.17053e-08
1.49185e-06
3.78317e-08
1.50284e-06
4.02917e-08
1.50652e-06
4.03711e-08
1.50472e-06
4.00131e-08
1.49909e-06
3.89378e-08
1.491e-06
3.74259e-08
1.48134e-06
3.59179e-08
1.4707e-06
3.46445e-08
1.45945e-06
3.36868e-08
1.44789e-06
3.30927e-08
1.43618e-06
3.28796e-08
1.42435e-06
3.30223e-08
1.41238e-06
3.34989e-08
1.40024e-06
3.43134e-08
1.38788e-06
3.54912e-08
1.3759e-06
3.70197e-08
3.88796e-08
1.36225e-06
1.44765e-06
1.33903e-08
1.45701e-06
2.84652e-08
1.46493e-06
3.23789e-08
1.47207e-06
3.32313e-08
1.47833e-06
3.3755e-08
1.48345e-06
3.38143e-08
1.48745e-06
3.34276e-08
1.49043e-06
3.29325e-08
1.49251e-06
3.25693e-08
1.49377e-06
3.24297e-08
1.49431e-06
3.25505e-08
1.49424e-06
3.29517e-08
1.49363e-06
3.36318e-08
1.49254e-06
3.45799e-08
1.49107e-06
3.57883e-08
1.48931e-06
3.72513e-08
1.4874e-06
3.89336e-08
4.07756e-08
1.4855e-06
1.44339e-06
9.33029e-09
1.44909e-06
2.27711e-08
1.45348e-06
2.79875e-08
1.45703e-06
2.96838e-08
1.46017e-06
3.061e-08
1.46289e-06
3.10933e-08
1.46517e-06
3.11471e-08
1.46707e-06
3.10322e-08
1.46865e-06
3.0991e-08
1.46995e-06
3.11324e-08
1.47101e-06
3.1493e-08
1.47187e-06
3.20884e-08
1.47258e-06
3.29196e-08
1.47318e-06
3.39768e-08
1.47373e-06
3.52452e-08
1.47428e-06
3.67041e-08
1.47488e-06
3.83258e-08
4.00405e-08
1.47562e-06
1.44161e-06
7.05411e-09
1.44593e-06
1.84513e-08
1.44974e-06
2.41815e-08
1.45282e-06
2.66029e-08
1.45547e-06
2.79535e-08
1.45771e-06
2.8851e-08
1.4595e-06
2.93636e-08
1.46086e-06
2.96687e-08
1.46188e-06
2.99772e-08
1.4626e-06
3.04077e-08
1.46309e-06
3.10043e-08
1.46339e-06
3.17823e-08
1.46357e-06
3.2745e-08
1.46366e-06
3.38847e-08
1.46372e-06
3.5186e-08
1.4638e-06
3.66249e-08
1.46395e-06
3.81771e-08
3.97851e-08
1.4642e-06
1.44076e-06
5.62815e-09
1.44401e-06
1.52032e-08
1.44728e-06
2.09102e-08
1.45007e-06
2.3811e-08
1.45251e-06
2.55158e-08
1.45463e-06
2.67299e-08
1.45639e-06
2.75989e-08
1.45781e-06
2.82523e-08
1.45893e-06
2.88605e-08
1.45979e-06
2.95403e-08
1.46046e-06
3.03421e-08
1.46096e-06
3.12827e-08
1.46134e-06
3.23655e-08
1.46164e-06
3.35839e-08
1.4619e-06
3.49233e-08
1.46216e-06
3.63604e-08
1.46247e-06
3.78727e-08
3.94108e-08
1.46284e-06
1.44032e-06
4.64009e-09
1.44277e-06
1.27511e-08
1.44553e-06
1.81551e-08
1.44804e-06
2.12993e-08
1.45029e-06
2.32627e-08
1.45232e-06
2.47034e-08
1.45409e-06
2.58265e-08
1.4556e-06
2.67442e-08
1.45687e-06
2.75905e-08
1.45794e-06
2.847e-08
1.45885e-06
2.94343e-08
1.45963e-06
3.05014e-08
1.46032e-06
3.16738e-08
1.46096e-06
3.29453e-08
1.46158e-06
3.43025e-08
1.46222e-06
3.5725e-08
1.46289e-06
3.71948e-08
3.8673e-08
1.46363e-06
1.44007e-06
3.90568e-09
1.44197e-06
1.08456e-08
1.44431e-06
1.5819e-08
1.44659e-06
1.90169e-08
1.44871e-06
2.11415e-08
1.45067e-06
2.27425e-08
1.45245e-06
2.40478e-08
1.45403e-06
2.51649e-08
1.45542e-06
2.61982e-08
1.45666e-06
2.72354e-08
1.45777e-06
2.8325e-08
1.45878e-06
2.94849e-08
1.45974e-06
3.07173e-08
1.46067e-06
3.20162e-08
1.4616e-06
3.33695e-08
1.46257e-06
3.47593e-08
1.46359e-06
3.61704e-08
3.75666e-08
1.4647e-06
1.43991e-06
3.32711e-09
1.44145e-06
9.30368e-09
1.44347e-06
1.38033e-08
1.44556e-06
1.69238e-08
1.44758e-06
1.91214e-08
1.4495e-06
2.08251e-08
1.45129e-06
2.22548e-08
1.45294e-06
2.35141e-08
1.45446e-06
2.46861e-08
1.45585e-06
2.58413e-08
1.45715e-06
2.70223e-08
1.45839e-06
2.82458e-08
1.4596e-06
2.95137e-08
1.46079e-06
3.08199e-08
1.46201e-06
3.21532e-08
1.46327e-06
3.34977e-08
1.4646e-06
3.48402e-08
3.61492e-08
1.46602e-06
1.43981e-06
2.84704e-09
1.44111e-06
8.00279e-09
1.44289e-06
1.20234e-08
1.44484e-06
1.49799e-08
1.44679e-06
1.71739e-08
1.44868e-06
1.89271e-08
1.45051e-06
2.04322e-08
1.45223e-06
2.17857e-08
1.45387e-06
2.30545e-08
1.45541e-06
2.42935e-08
1.4569e-06
2.55376e-08
1.45834e-06
2.68012e-08
1.45977e-06
2.8085e-08
1.46121e-06
2.93827e-08
1.46268e-06
3.06837e-08
1.4642e-06
3.19735e-08
1.4658e-06
3.32405e-08
3.44563e-08
1.4675e-06
1.43975e-06
2.42989e-09
1.44089e-06
6.86005e-09
1.44251e-06
1.04083e-08
1.44434e-06
1.31438e-08
1.44625e-06
1.5272e-08
1.44815e-06
1.70275e-08
1.45001e-06
1.85676e-08
1.45182e-06
1.99762e-08
1.45357e-06
2.13069e-08
1.45526e-06
2.26007e-08
1.45691e-06
2.38843e-08
1.45855e-06
2.51681e-08
1.46018e-06
2.64518e-08
1.46183e-06
2.77284e-08
1.46353e-06
2.89877e-08
1.46529e-06
3.02166e-08
1.46712e-06
3.14044e-08
3.25261e-08
1.46905e-06
1.43971e-06
2.05215e-09
1.44075e-06
5.81733e-09
1.44226e-06
8.89999e-09
1.44403e-06
1.13764e-08
1.44591e-06
1.33906e-08
1.44783e-06
1.51085e-08
1.44975e-06
1.66498e-08
1.45164e-06
1.80821e-08
1.4535e-06
1.9446e-08
1.45533e-06
2.07707e-08
1.45714e-06
2.2074e-08
1.45895e-06
2.33624e-08
1.46077e-06
2.46337e-08
1.46261e-06
2.58803e-08
1.46451e-06
2.70922e-08
1.46647e-06
2.82573e-08
1.46851e-06
2.93659e-08
3.03962e-08
1.47064e-06
1.43969e-06
1.69716e-09
1.44067e-06
4.83205e-09
1.44212e-06
7.45196e-09
1.44386e-06
9.64245e-09
1.44574e-06
1.15058e-08
1.4477e-06
1.31537e-08
1.44968e-06
1.46688e-08
1.45166e-06
1.60996e-08
1.45363e-06
1.74742e-08
1.45559e-06
1.88105e-08
1.45755e-06
2.01184e-08
1.45951e-06
2.13998e-08
1.46149e-06
2.265e-08
1.46351e-06
2.38611e-08
1.46558e-06
2.50231e-08
1.46771e-06
2.61247e-08
1.46992e-06
2.7157e-08
2.81013e-08
1.47222e-06
1.43968e-06
1.3523e-09
1.44064e-06
3.87128e-09
1.44207e-06
6.02551e-09
1.4438e-06
7.90967e-09
1.44571e-06
9.59508e-09
1.44771e-06
1.11476e-08
1.44977e-06
1.2615e-08
1.45184e-06
1.40253e-08
1.45392e-06
1.53935e-08
1.45601e-06
1.67274e-08
1.4581e-06
1.80289e-08
1.4602e-06
1.92951e-08
1.46233e-06
2.05192e-08
1.4645e-06
2.16923e-08
1.46672e-06
2.28045e-08
1.469e-06
2.38454e-08
1.47135e-06
2.48069e-08
2.5673e-08
1.47378e-06
1.43968e-06
1.00719e-09
1.44064e-06
2.90776e-09
1.44208e-06
4.58714e-09
1.44384e-06
6.14842e-09
1.4458e-06
7.63643e-09
1.44787e-06
9.07563e-09
1.45001e-06
1.04797e-08
1.45218e-06
1.18558e-08
1.45436e-06
1.3206e-08
1.45656e-06
1.45278e-08
1.45878e-06
1.58158e-08
1.46101e-06
1.70623e-08
1.46327e-06
1.82582e-08
1.46557e-06
1.93936e-08
1.46792e-06
2.04588e-08
1.47032e-06
2.14439e-08
1.47278e-06
2.2342e-08
2.31395e-08
1.47532e-06
1.43969e-06
6.52524e-10
1.44068e-06
1.91685e-09
1.44216e-06
3.1059e-09
1.44398e-06
4.33047e-09
1.44601e-06
5.60863e-09
1.44816e-06
6.92338e-09
1.45038e-06
8.25436e-09
1.45265e-06
9.58797e-09
1.45494e-06
1.09132e-08
1.45725e-06
1.22179e-08
1.45958e-06
1.34891e-08
1.46193e-06
1.47145e-08
1.4643e-06
1.58827e-08
1.46671e-06
1.69831e-08
1.46917e-06
1.8006e-08
1.47167e-06
1.89424e-08
1.47423e-06
1.97858e-08
2.05254e-08
1.47684e-06
1.43971e-06
2.79051e-10
1.44075e-06
8.74052e-10
1.4423e-06
1.55103e-09
1.44421e-06
2.4278e-09
1.44633e-06
3.49066e-09
1.44857e-06
4.6767e-09
1.4509e-06
5.9305e-09
1.45327e-06
7.21831e-09
1.45566e-06
8.51649e-09
1.45808e-06
9.80305e-09
1.46051e-06
1.10577e-08
1.46296e-06
1.22635e-08
1.46543e-06
1.34072e-08
1.46794e-06
1.44774e-08
1.47048e-06
1.54645e-08
1.47306e-06
1.63602e-08
1.47569e-06
1.71589e-08
1.78519e-08
1.47836e-06
1.43974e-06
-1.23322e-10
1.44086e-06
-2.47536e-10
1.44252e-06
-1.10409e-10
1.44454e-06
4.11422e-10
1.44676e-06
1.26134e-09
1.44912e-06
2.32142e-09
1.45155e-06
3.49956e-09
1.45403e-06
4.74337e-09
1.45652e-06
6.01713e-09
1.45904e-06
7.28857e-09
1.46157e-06
8.52992e-09
1.46411e-06
9.72034e-09
1.46667e-06
1.08447e-08
1.46926e-06
1.18912e-08
1.47187e-06
1.28504e-08
1.47452e-06
1.37146e-08
1.4772e-06
1.44792e-08
1.51372e-08
1.47991e-06
1.43978e-06
-5.66842e-10
1.44101e-06
-1.48012e-09
1.44282e-06
-1.91601e-09
1.44498e-06
-1.74966e-09
1.44734e-06
-1.10095e-09
1.44982e-06
-1.56993e-10
1.45236e-06
9.52571e-10
1.45495e-06
2.15946e-09
1.45755e-06
3.41613e-09
1.46016e-06
4.67923e-09
1.46277e-06
5.91361e-09
1.4654e-06
7.09492e-09
1.46804e-06
8.20693e-09
1.47069e-06
9.23766e-09
1.47336e-06
1.01778e-08
1.47606e-06
1.10205e-08
1.47878e-06
1.17617e-08
1.23967e-08
1.48152e-06
1.43983e-06
-1.06799e-09
1.44122e-06
-2.86523e-09
1.44321e-06
-3.91095e-09
1.44555e-06
-4.0891e-09
1.44807e-06
-3.61822e-09
1.45069e-06
-2.7734e-09
1.45336e-06
-1.71978e-09
1.45606e-06
-5.37224e-10
1.45876e-06
7.14458e-10
1.46146e-06
1.97958e-09
1.46416e-06
3.21601e-09
1.46685e-06
4.3965e-09
1.46956e-06
5.50485e-09
1.47226e-06
6.5288e-09
1.47498e-06
7.45945e-09
1.47771e-06
8.29066e-09
1.48046e-06
9.0194e-09
9.64266e-09
1.48321e-06
1.43992e-06
-1.64983e-09
1.44151e-06
-4.45963e-09
1.44375e-06
-6.15101e-09
1.4463e-06
-6.64351e-09
1.449e-06
-6.31306e-09
1.45177e-06
-5.54343e-09
1.45458e-06
-4.52695e-09
1.45739e-06
-3.34988e-09
1.46019e-06
-2.08645e-09
1.46298e-06
-8.06218e-10
1.46575e-06
4.43556e-10
1.46851e-06
1.63288e-09
1.47127e-06
2.74759e-09
1.47402e-06
3.77487e-09
1.47678e-06
4.70647e-09
1.47953e-06
5.5371e-09
1.48228e-06
6.26433e-09
6.88606e-09
1.48504e-06
1.44003e-06
-2.34729e-09
1.44192e-06
-6.3444e-09
1.44447e-06
-8.70467e-09
1.44728e-06
-9.45112e-09
1.45017e-06
-9.2092e-09
1.45311e-06
-8.48491e-09
1.45607e-06
-7.47911e-09
1.459e-06
-6.28068e-09
1.46189e-06
-4.98336e-09
1.46476e-06
-3.67166e-09
1.4676e-06
-2.39732e-09
1.47042e-06
-1.1874e-09
1.47323e-06
-5.67024e-11
1.47602e-06
9.83703e-10
1.4788e-06
1.92608e-09
1.48157e-06
2.76621e-09
1.48433e-06
3.50254e-09
4.1366e-09
1.48708e-06
1.4402e-06
-3.21697e-09
1.4425e-06
-8.63995e-09
1.44545e-06
-1.16535e-08
1.44854e-06
-1.25481e-08
1.45167e-06
-1.23306e-08
1.4548e-06
-1.1618e-08
1.45791e-06
-1.05881e-08
1.46096e-06
-9.33364e-09
1.46395e-06
-7.97557e-09
1.46689e-06
-6.61298e-09
1.46979e-06
-5.29799e-09
1.47266e-06
-4.05433e-09
1.4755e-06
-2.89555e-09
1.47832e-06
-1.83096e-09
1.48111e-06
-8.66583e-10
1.48388e-06
-6.13624e-12
1.48664e-06
7.47193e-10
1.39532e-09
1.48938e-06
1.44047e-06
-4.35582e-09
1.44336e-06
-1.15265e-08
1.4468e-06
-1.50915e-08
1.45022e-06
-1.59688e-08
1.45359e-06
-1.57019e-08
1.45693e-06
-1.49583e-08
1.4602e-06
-1.3857e-08
1.46337e-06
-1.25064e-08
1.46646e-06
-1.10617e-08
1.46948e-06
-9.63107e-09
1.47244e-06
-8.26159e-09
1.47536e-06
-6.97237e-09
1.47824e-06
-5.7745e-09
1.48108e-06
-4.67465e-09
1.48389e-06
-3.67646e-09
1.48667e-06
-2.78286e-09
1.48941e-06
-1.99606e-09
-1.31216e-09
1.49212e-06
1.44092e-06
-5.94709e-09
1.44465e-06
-1.52508e-08
1.44867e-06
-1.91122e-08
1.45246e-06
-1.97589e-08
1.45613e-06
-1.93698e-08
1.4597e-06
-1.85291e-08
1.46312e-06
-1.72791e-08
1.46639e-06
-1.5775e-08
1.46954e-06
-1.42101e-08
1.4726e-06
-1.26908e-08
1.47559e-06
-1.12529e-08
1.47853e-06
-9.90943e-09
1.48142e-06
-8.66658e-09
1.48427e-06
-7.52548e-09
1.48708e-06
-6.48519e-09
1.48984e-06
-5.54871e-09
1.49257e-06
-4.72404e-09
-4.01659e-09
1.49528e-06
1.44179e-06
-8.40202e-09
1.44662e-06
-2.00855e-08
1.45124e-06
-2.37326e-08
1.45541e-06
-2.3929e-08
1.45942e-06
-2.33728e-08
1.46325e-06
-2.2362e-08
1.46685e-06
-2.08841e-08
1.47026e-06
-1.91763e-08
1.47351e-06
-1.74614e-08
1.47665e-06
-1.58317e-08
1.4797e-06
-1.43096e-08
1.4827e-06
-1.29024e-08
1.48564e-06
-1.16084e-08
1.48853e-06
-1.04185e-08
1.49137e-06
-9.3234e-09
1.49415e-06
-8.3282e-09
1.49687e-06
-7.44163e-09
-6.68828e-09
1.49954e-06
1.44359e-06
-1.26552e-08
1.44983e-06
-2.63294e-08
1.45508e-06
-2.89835e-08
1.45976e-06
-2.86064e-08
1.46428e-06
-2.78918e-08
1.4686e-06
-2.66815e-08
1.47268e-06
-2.49718e-08
1.47659e-06
-2.30792e-08
1.48035e-06
-2.1224e-08
1.484e-06
-1.94769e-08
1.48754e-06
-1.78552e-08
1.491e-06
-1.6366e-08
1.4944e-06
-1.49987e-08
1.4977e-06
-1.37277e-08
1.50091e-06
-1.25287e-08
1.504e-06
-1.14221e-08
1.50698e-06
-1.04188e-08
-9.61264e-09
1.5099e-06
1.44782e-06
-2.11427e-08
1.45767e-06
-3.61752e-08
1.46629e-06
-3.76093e-08
1.47435e-06
-3.66654e-08
1.48174e-06
-3.5283e-08
1.48823e-06
-3.31687e-08
1.49384e-06
-3.0583e-08
1.49871e-06
-2.79445e-08
1.50294e-06
-2.54607e-08
1.50665e-06
-2.31843e-08
1.50993e-06
-2.1133e-08
1.51287e-06
-1.9312e-08
1.51556e-06
-1.7685e-08
1.51802e-06
-1.6185e-08
1.52023e-06
-1.47383e-08
1.52216e-06
-1.33503e-08
1.52371e-06
-1.19706e-08
-1.13343e-08
1.52543e-06
1.47045e-06
-5.22553e-08
1.49206e-06
-5.77873e-08
1.5037e-06
-4.92534e-08
1.50845e-06
-4.14102e-08
1.50813e-06
-3.49695e-08
1.50444e-06
-2.94727e-08
1.49872e-06
-2.48641e-08
1.4919e-06
-2.11225e-08
1.48456e-06
-1.81256e-08
1.4771e-06
-1.57245e-08
1.4698e-06
-1.38339e-08
1.46287e-06
-1.23826e-08
1.45642e-06
-1.12305e-08
1.45045e-06
-1.02155e-08
1.4449e-06
-9.18677e-09
1.43958e-06
-8.03258e-09
1.43358e-06
-5.96773e-09
-5.27282e-09
1.42752e-06
1.38708e-06
1.32929e-06
1.28004e-06
1.23863e-06
1.20366e-06
1.17419e-06
1.14932e-06
1.1282e-06
1.11007e-06
1.09435e-06
1.08051e-06
1.06813e-06
1.0569e-06
1.04669e-06
1.0375e-06
1.02947e-06
1.0235e-06
1.01823e-06
-7.41783e-09
7.41783e-09
5.36096e-08
-6.10274e-08
1.64392e-07
-1.10782e-07
2.72406e-07
-1.08015e-07
3.45479e-07
-7.30726e-08
3.71985e-07
-2.65066e-08
3.54183e-07
1.78028e-08
3.07041e-07
4.71414e-08
2.51401e-07
5.56407e-08
2.03672e-07
4.77282e-08
1.71878e-07
3.17942e-08
1.57629e-07
1.42494e-08
1.60562e-07
-2.93335e-09
1.80002e-07
-1.94398e-08
2.00624e-07
-2.06218e-08
1.97195e-07
3.42879e-09
1.49926e-07
4.72692e-08
4.70136e-08
1.02912e-07
-1.11827e-07
1.58841e-07
-3.07718e-07
1.95891e-07
-5.16876e-07
2.09158e-07
-7.19776e-07
2.029e-07
-9.03029e-07
1.83253e-07
-1.05919e-06
1.56161e-07
-1.18534e-06
1.26152e-07
-1.28135e-06
9.60078e-08
-1.34852e-06
6.71737e-08
-1.38903e-06
4.05083e-08
-1.40596e-06
1.69301e-08
-1.40363e-06
-2.33442e-09
-1.38634e-06
-1.72845e-08
-1.35706e-06
-2.92879e-08
-1.31763e-06
-3.94301e-08
-1.2695e-06
-4.81225e-08
-1.21394e-06
-5.55627e-08
-1.15206e-06
-6.18774e-08
-1.08479e-06
-6.72725e-08
-1.01281e-06
-7.19823e-08
-9.3668e-07
-7.61279e-08
-8.56933e-07
-7.97473e-08
-7.74121e-07
-8.28116e-08
-6.88875e-07
-8.52468e-08
-6.01911e-07
-8.69636e-08
-5.14023e-07
-8.78885e-08
-4.2603e-07
-8.79922e-08
-3.38717e-07
-8.73131e-08
-2.52787e-07
-8.59302e-08
-1.68861e-07
-8.3926e-08
-8.7365e-08
-8.1496e-08
-8.56955e-09
-7.87954e-08
6.74643e-08
-7.60339e-08
1.40798e-07
-7.33334e-08
2.1135e-07
-7.05521e-08
2.78649e-07
-6.7299e-08
3.41557e-07
-6.29087e-08
3.97942e-07
-5.63842e-08
4.44505e-07
-4.65631e-08
4.77247e-07
-3.27422e-08
4.9315e-07
-1.59026e-08
4.92774e-07
3.7597e-10
4.79998e-07
1.27757e-08
4.59431e-07
2.05667e-08
4.35487e-07
2.39446e-08
4.1206e-07
2.34264e-08
3.92377e-07
1.96833e-08
3.79227e-07
1.31493e-08
3.75254e-07
3.97307e-09
3.82304e-07
-7.04974e-09
3.99453e-07
-1.71484e-08
4.21396e-07
-2.19439e-08
4.40045e-07
-1.86485e-08
4.45973e-07
-5.92781e-09
4.28886e-07
1.70871e-08
3.76936e-07
5.19498e-08
2.80368e-07
9.65683e-08
1.42198e-07
1.3817e-07
-2.38134e-08
1.66011e-07
-1.96148e-07
1.72335e-07
-3.58333e-07
1.62185e-07
-5.01857e-07
1.43523e-07
-6.23176e-07
1.2132e-07
-7.21663e-07
9.84864e-08
-7.98198e-07
7.65352e-08
-8.54313e-07
5.61153e-08
-8.91761e-07
3.7448e-08
-9.1242e-07
2.06592e-08
-9.18626e-07
6.20524e-09
-9.12576e-07
-6.04995e-09
-8.95937e-07
-1.6639e-08
-8.69675e-07
-2.62613e-08
-8.34534e-07
-3.51409e-08
-7.91198e-07
-4.33368e-08
-7.40359e-07
-5.08391e-08
-6.82758e-07
-5.76007e-08
-6.19204e-07
-6.35533e-08
-5.50581e-07
-6.86234e-08
-4.77826e-07
-7.27553e-08
-4.01908e-07
-7.59173e-08
-3.23809e-07
-7.80991e-08
-2.44497e-07
-7.93122e-08
-1.64803e-07
-7.96938e-08
-8.57968e-08
-7.90066e-08
-8.65443e-09
-7.71424e-08
6.57194e-08
-7.43738e-08
1.36923e-07
-7.12033e-08
2.0457e-07
-6.76477e-08
2.68274e-07
-6.37037e-08
3.27729e-07
-5.94548e-08
3.82708e-07
-5.49794e-08
4.33049e-07
-5.03407e-08
4.78633e-07
-4.55844e-08
5.19373e-07
-4.07397e-08
5.55199e-07
-3.58259e-08
5.86038e-07
-3.08394e-08
6.11695e-07
-2.56565e-08
6.3158e-07
-1.98851e-08
6.44459e-07
-1.28794e-08
6.49e-07
-4.54048e-09
6.45155e-07
3.84515e-09
6.33895e-07
1.12599e-08
6.16218e-07
1.7677e-08
5.93098e-07
2.31196e-08
5.65546e-07
2.75518e-08
5.34591e-07
3.09553e-08
5.01264e-07
3.33275e-08
4.66568e-07
3.46953e-08
4.31443e-07
3.51251e-08
3.96716e-07
3.47272e-08
3.63064e-07
3.36516e-08
3.30986e-07
3.2078e-08
3.00786e-07
3.01999e-08
2.7258e-07
2.82066e-08
2.46314e-07
2.62658e-08
2.21801e-07
2.45127e-08
1.9876e-07
2.30416e-08
1.76866e-07
2.1894e-08
1.55828e-07
2.1038e-08
1.35486e-07
2.0342e-08
1.15912e-07
1.95734e-08
9.74803e-08
1.84319e-08
8.0875e-08
1.66053e-08
6.69635e-08
1.39116e-08
5.67105e-08
1.0253e-08
5.09895e-08
5.72102e-09
5.0154e-08
8.35458e-10
5.44688e-08
-4.31477e-09
6.42534e-08
-9.78464e-09
7.94664e-08
-1.5213e-08
9.97927e-08
-2.03263e-08
1.24445e-07
-2.46522e-08
1.51904e-07
-2.7459e-08
1.79755e-07
-2.78508e-08
2.0495e-07
-2.51954e-08
2.24466e-07
-1.95155e-08
2.36218e-07
-1.17525e-08
2.38937e-07
-2.71903e-09
2.3144e-07
7.49738e-09
2.11797e-07
1.96429e-08
1.78093e-07
3.3704e-08
1.30012e-07
4.80806e-08
6.88666e-08
6.11457e-08
8.74625e-10
6.7992e-08
-6.78752e-08
6.87499e-08
-1.32407e-07
6.45323e-08
-1.89701e-07
5.72939e-08
-2.38138e-07
4.84368e-08
-2.77002e-07
3.88634e-08
-3.06114e-07
2.91127e-08
-3.2562e-07
1.95058e-08
-3.36053e-07
1.04327e-08
-3.38345e-07
2.29223e-09
-3.33359e-07
-4.98625e-09
-3.21942e-07
-1.14164e-08
-3.04801e-07
-1.71416e-08
-2.82619e-07
-2.21818e-08
-2.56087e-07
-2.65318e-08
-2.26017e-07
-3.007e-08
-1.93224e-07
-3.2793e-08
-1.5804e-07
-3.51836e-08
-3.65577e-08
-1.21483e-07
1.60396e-08
-8.62172e-09
1.17399e-07
-1.62387e-07
2.46362e-07
-2.39745e-07
3.58702e-07
-2.20354e-07
4.3477e-07
-1.49141e-07
4.71804e-07
-6.35399e-08
4.74098e-07
1.55084e-08
4.46452e-07
7.47873e-08
3.98335e-07
1.03758e-07
3.44562e-07
1.01501e-07
2.98782e-07
7.75746e-08
2.68146e-07
4.48849e-08
2.5261e-07
1.2603e-08
2.31068e-07
2.10156e-09
1.60024e-07
5.04224e-08
7.52624e-09
1.55927e-07
-2.20077e-07
2.74872e-07
-4.83802e-07
3.66637e-07
-7.44163e-07
4.19202e-07
-9.77334e-07
4.29063e-07
-1.17096e-06
4.02789e-07
-1.32121e-06
3.53147e-07
-1.4307e-06
2.92739e-07
-1.50545e-06
2.30913e-07
-1.55238e-06
1.73082e-07
-1.57788e-06
1.21509e-07
-1.58727e-06
7.65644e-08
-1.58462e-06
3.78543e-08
-1.57234e-06
4.65524e-09
-1.55052e-06
-2.41569e-08
-1.51839e-06
-4.94111e-08
-1.47633e-06
-7.13515e-08
-1.42554e-06
-9.02144e-08
-1.36729e-06
-1.06375e-07
-1.30265e-06
-1.20209e-07
-1.23244e-06
-1.32085e-07
-1.15733e-06
-1.42385e-07
-1.07788e-06
-1.51432e-07
-9.94578e-07
-1.59425e-07
-9.07909e-07
-1.66416e-07
-8.18394e-07
-1.72326e-07
-7.26654e-07
-1.76987e-07
-6.33415e-07
-1.80202e-07
-5.3949e-07
-1.81814e-07
-4.45716e-07
-1.81767e-07
-3.52899e-07
-1.80129e-07
-2.61761e-07
-1.77069e-07
-1.72844e-07
-1.72842e-07
-8.64975e-08
-1.67843e-07
-2.7743e-09
-1.62519e-07
7.84604e-08
-1.57269e-07
1.57317e-07
-1.5219e-07
2.33902e-07
-1.47137e-07
3.08253e-07
-1.41651e-07
3.80272e-07
-1.34927e-07
4.4972e-07
-1.25833e-07
5.1622e-07
-1.13063e-07
5.78874e-07
-9.53962e-08
6.35131e-07
-7.21591e-08
6.79341e-07
-4.38343e-08
7.05723e-07
-1.36056e-08
7.12764e-07
1.35256e-08
7.02989e-07
3.37196e-08
6.81188e-07
4.52273e-08
6.53497e-07
4.73737e-08
6.26686e-07
3.99609e-08
6.06998e-07
2.36614e-08
5.98284e-07
1.66409e-09
5.9938e-07
-1.82444e-08
6.01906e-07
-2.44698e-08
5.89198e-07
-5.9413e-09
5.35444e-07
4.78265e-08
4.15816e-07
1.36715e-07
2.26505e-07
2.4126e-07
-2.76542e-09
3.25839e-07
-2.29678e-07
3.65082e-07
-4.27272e-07
3.63605e-07
-5.88793e-07
3.33856e-07
-7.15499e-07
2.88892e-07
-8.11199e-07
2.39223e-07
-8.80996e-07
1.91116e-07
-9.29934e-07
1.47425e-07
-9.62312e-07
1.08913e-07
-9.81465e-07
7.52685e-08
-9.89837e-07
4.58196e-08
-9.8889e-07
1.97124e-08
-9.79411e-07
-3.27419e-09
-9.60828e-07
-2.46329e-08
-9.33029e-07
-4.44375e-08
-8.9645e-07
-6.28407e-08
-8.51617e-07
-7.99734e-08
-7.99088e-07
-9.58659e-08
-7.39466e-07
-1.10461e-07
-6.73427e-07
-1.2364e-07
-6.01732e-07
-1.35249e-07
-5.25225e-07
-1.4513e-07
-4.44822e-07
-1.53158e-07
-3.61468e-07
-1.59271e-07
-2.76128e-07
-1.63439e-07
-1.89715e-07
-1.65726e-07
-1.03231e-07
-1.66178e-07
-1.76784e-08
-1.64559e-07
6.61389e-08
-1.6096e-07
1.477e-07
-1.55935e-07
2.26324e-07
-1.49828e-07
3.0145e-07
-1.42774e-07
3.72703e-07
-1.34956e-07
4.39809e-07
-1.26561e-07
5.02577e-07
-1.17747e-07
5.60879e-07
-1.08643e-07
6.14638e-07
-9.93427e-08
6.63798e-07
-8.99005e-08
7.0829e-07
-8.03178e-08
7.47968e-07
-7.05169e-08
7.82669e-07
-6.03574e-08
8.12527e-07
-4.97429e-08
8.38393e-07
-3.87461e-08
8.61239e-07
-2.73867e-08
8.80565e-07
-1.54801e-08
8.9489e-07
-3.06517e-09
9.03065e-07
9.50133e-09
9.0432e-07
2.18646e-08
8.98169e-07
3.37032e-08
8.8445e-07
4.46742e-08
8.6333e-07
5.44478e-08
8.35286e-07
6.27386e-08
8.0108e-07
6.93315e-08
7.61703e-07
7.41039e-08
7.18318e-07
7.70374e-08
6.72177e-07
7.82183e-08
6.24551e-07
7.78266e-08
5.7664e-07
7.61176e-08
5.29505e-07
7.34002e-08
4.84006e-07
7.00115e-08
4.40764e-07
6.62845e-08
4.00159e-07
6.24985e-08
3.62389e-07
5.88078e-08
3.27562e-07
5.51696e-08
2.95813e-07
5.13225e-08
2.674e-07
4.68446e-08
2.42704e-07
4.1301e-08
2.22174e-07
3.44417e-08
2.06212e-07
2.62158e-08
1.95242e-07
1.66902e-08
1.89626e-07
6.45215e-09
1.89207e-07
-3.89628e-09
1.94083e-07
-1.46602e-08
2.04254e-07
-2.53845e-08
2.19661e-07
-3.57326e-08
2.3999e-07
-4.49818e-08
2.64239e-07
-5.17075e-08
2.90148e-07
-5.37596e-08
3.1386e-07
-4.89079e-08
3.3037e-07
-3.60251e-08
3.34433e-07
-1.58159e-08
3.21285e-07
1.04291e-08
2.87091e-07
4.16913e-08
2.30678e-07
7.60562e-08
1.54799e-07
1.09583e-07
6.61631e-08
1.36716e-07
-2.25547e-08
1.49863e-07
-1.03405e-07
1.48842e-07
-1.71974e-07
1.3732e-07
-2.27287e-07
1.19845e-07
-2.69915e-07
9.99224e-08
-3.01162e-07
7.96838e-08
-3.22526e-07
6.02267e-08
-3.35351e-07
4.19381e-08
-3.40749e-07
2.49039e-08
-3.39599e-07
9.28236e-09
-3.32545e-07
-4.76184e-09
-3.19409e-07
-1.81222e-08
-3.00458e-07
-3.03678e-08
-2.7619e-07
-4.14092e-08
-2.47212e-07
-5.11594e-08
-2.14199e-07
-5.95447e-08
-1.77772e-07
-6.64976e-08
-1.3881e-07
-7.17554e-08
-9.80631e-08
-7.59301e-08
-7.69126e-08
-5.77082e-08
5.52221e-08
-6.38438e-08
1.86838e-07
-2.94003e-07
3.15383e-07
-3.6829e-07
4.11088e-07
-3.16059e-07
4.70319e-07
-2.08372e-07
4.9575e-07
-8.89712e-08
4.91379e-07
1.9879e-08
4.62971e-07
1.03195e-07
4.17909e-07
1.4882e-07
3.65196e-07
1.54214e-07
3.14308e-07
1.28463e-07
2.70349e-07
8.88438e-08
2.14674e-07
6.82779e-08
8.87503e-08
1.28026e-07
-1.34886e-07
2.74059e-07
-4.12742e-07
4.33782e-07
-6.90561e-07
5.52692e-07
-9.35623e-07
6.11699e-07
-1.13004e-06
6.13617e-07
-1.27252e-06
5.71541e-07
-1.37255e-06
5.02822e-07
-1.44271e-06
4.23311e-07
-1.4936e-06
3.43626e-07
-1.53167e-06
2.6898e-07
-1.55953e-06
2.00948e-07
-1.57744e-06
1.39417e-07
-1.58472e-06
8.38434e-08
-1.5807e-06
3.38332e-08
-1.56519e-06
-1.08601e-08
-1.53859e-06
-5.07522e-08
-1.502e-06
-8.59973e-08
-1.45658e-06
-1.16776e-07
-1.40341e-06
-1.43381e-07
-1.34357e-06
-1.66223e-07
-1.27796e-06
-1.8581e-07
-1.20735e-06
-2.02702e-07
-1.13228e-06
-2.17454e-07
-1.05319e-06
-2.30521e-07
-9.70442e-07
-2.42172e-07
-8.8441e-07
-2.52449e-07
-7.95551e-07
-2.61185e-07
-7.04471e-07
-2.68067e-07
-6.11934e-07
-2.72739e-07
-5.18831e-07
-2.74917e-07
-4.26116e-07
-2.74481e-07
-3.34715e-07
-2.71531e-07
-2.45433e-07
-2.66351e-07
-1.58862e-07
-2.59413e-07
-7.53391e-08
-2.51366e-07
5.02226e-09
-2.4288e-07
8.23192e-08
-2.34566e-07
1.56812e-07
-2.26683e-07
2.289e-07
-2.19224e-07
2.99005e-07
-2.11756e-07
3.67489e-07
-2.03411e-07
4.34568e-07
-1.92912e-07
5.00251e-07
-1.78746e-07
5.64284e-07
-1.59429e-07
6.25887e-07
-1.33762e-07
6.83228e-07
-1.01176e-07
7.32199e-07
-6.25759e-08
7.67233e-07
-2.15087e-08
7.84926e-07
1.60264e-08
7.85872e-07
4.42813e-08
7.73748e-07
5.94982e-08
7.53954e-07
5.9755e-08
7.31872e-07
4.57428e-08
7.09974e-07
2.35625e-08
6.84009e-07
7.72032e-09
6.39306e-07
2.0233e-08
5.51591e-07
8.17739e-08
3.99697e-07
1.99721e-07
1.839e-07
3.52512e-07
-5.26266e-08
4.77787e-07
-2.63673e-07
5.36885e-07
-4.32846e-07
5.34255e-07
-5.60828e-07
4.91588e-07
-6.55971e-07
4.28999e-07
-7.27887e-07
3.60808e-07
-7.83794e-07
2.9513e-07
-8.27952e-07
2.35274e-07
-8.6234e-07
1.81813e-07
-8.876e-07
1.34173e-07
-9.0378e-07
9.14489e-08
-9.10823e-07
5.28624e-08
-9.0886e-07
1.77492e-08
-8.97555e-07
-1.45795e-08
-8.77381e-07
-4.48062e-08
-8.48666e-07
-7.31532e-08
-8.11724e-07
-9.9782e-08
-7.66925e-07
-1.24772e-07
-7.14697e-07
-1.48094e-07
-6.55549e-07
-1.6961e-07
-5.90085e-07
-1.89103e-07
-5.19019e-07
-2.06315e-07
-4.43171e-07
-2.20978e-07
-3.63448e-07
-2.32881e-07
-2.80804e-07
-2.41915e-07
-1.96189e-07
-2.48054e-07
-1.10536e-07
-2.51379e-07
-2.49882e-08
-2.51726e-07
5.95356e-08
-2.49082e-07
1.42464e-07
-2.43888e-07
2.23145e-07
-2.36616e-07
3.00914e-07
-2.27597e-07
3.75305e-07
-2.17165e-07
4.4599e-07
-2.05641e-07
5.12745e-07
-1.93316e-07
5.75434e-07
-1.80436e-07
6.33987e-07
-1.67197e-07
6.8838e-07
-1.53736e-07
7.38616e-07
-1.40136e-07
7.8472e-07
-1.26422e-07
8.26748e-07
-1.12545e-07
8.64786e-07
-9.83947e-08
8.98915e-07
-8.38725e-08
9.29166e-07
-6.8997e-08
9.55648e-07
-5.3869e-08
9.78709e-07
-3.85407e-08
9.98604e-07
-2.29603e-08
1.01519e-06
-7.08082e-09
1.02804e-06
9.0071e-09
1.03662e-06
2.51315e-08
1.04021e-06
4.10814e-08
1.03809e-06
5.65695e-08
1.02959e-06
7.12364e-08
1.01424e-06
8.46796e-08
9.91849e-07
9.64956e-08
9.6256e-07
1.06327e-07
9.26874e-07
1.13904e-07
8.85626e-07
1.19075e-07
8.39918e-07
1.21826e-07
7.91041e-07
1.22277e-07
7.40382e-07
1.2067e-07
6.89334e-07
1.17332e-07
6.39215e-07
1.12618e-07
5.9119e-07
1.06833e-07
5.46211e-07
1.00149e-07
5.04973e-07
9.25603e-08
4.67913e-07
8.3905e-08
4.35237e-07
7.39764e-08
4.07019e-07
6.26595e-08
3.83243e-07
4.99918e-08
3.63739e-07
3.61951e-08
3.48526e-07
2.16644e-08
3.37767e-07
6.86301e-09
3.31005e-07
-7.89867e-09
3.28075e-07
-2.24546e-08
3.28833e-07
-3.64902e-08
3.33332e-07
-4.94808e-08
3.41393e-07
-5.97685e-08
3.51749e-07
-6.41159e-08
3.6103e-07
-5.81886e-08
3.63616e-07
-3.86109e-08
3.52414e-07
-4.61445e-09
3.21542e-07
4.13012e-08
2.69199e-07
9.40345e-08
1.98652e-07
1.46604e-07
1.18095e-07
1.9014e-07
3.88682e-08
2.15943e-07
-3.13505e-08
2.20082e-07
-8.91218e-08
2.06613e-07
-1.35013e-07
1.83211e-07
-1.71077e-07
1.55909e-07
-1.99274e-07
1.28119e-07
-2.20912e-07
1.01322e-07
-2.36636e-07
7.59508e-08
-2.46466e-07
5.17683e-08
-2.50739e-07
2.91769e-08
-2.49321e-07
7.86439e-09
-2.41861e-07
-1.22223e-08
-2.28731e-07
-3.1252e-08
-2.10235e-07
-4.88635e-08
-1.8677e-07
-6.48744e-08
-1.58842e-07
-7.90872e-08
-1.27108e-07
-9.12788e-08
-9.2045e-08
-1.01561e-07
-5.45574e-08
-1.09243e-07
-1.54686e-08
-1.15019e-07
-1.16193e-07
2.38119e-08
9.51918e-08
-1.59036e-07
2.3532e-07
-4.34131e-07
3.41629e-07
-4.74599e-07
4.06289e-07
-3.8072e-07
4.41012e-07
-2.43094e-07
4.53506e-07
-1.01466e-07
4.45138e-07
2.82467e-08
4.17361e-07
1.30973e-07
3.74698e-07
1.91484e-07
3.2315e-07
2.05762e-07
2.67076e-07
1.84537e-07
1.93033e-07
1.62887e-07
4.33553e-08
2.17955e-07
-2.08001e-07
3.79382e-07
-5.01033e-07
5.67091e-07
-7.724e-07
7.05149e-07
-9.90483e-07
7.70775e-07
-1.14839e-06
7.69608e-07
-1.25523e-06
7.20452e-07
-1.32784e-06
6.44151e-07
-1.38214e-06
5.57126e-07
-1.42784e-06
4.69007e-07
-1.46808e-06
3.83863e-07
-1.50197e-06
3.02873e-07
-1.52732e-06
2.26304e-07
-1.54231e-06
1.54407e-07
-1.54603e-06
8.75633e-08
-1.53836e-06
2.61588e-08
-1.51965e-06
-2.95669e-08
-1.49072e-06
-7.96818e-08
-1.45261e-06
-1.24106e-07
-1.40643e-06
-1.62957e-07
-1.35327e-06
-1.9654e-07
-1.29415e-06
-2.25348e-07
-1.22991e-06
-2.50046e-07
-1.16121e-06
-2.71409e-07
-1.08845e-06
-2.90208e-07
-1.0119e-06
-3.07074e-07
-9.31708e-07
-3.22362e-07
-8.48065e-07
-3.36092e-07
-7.61296e-07
-3.47955e-07
-6.71946e-07
-3.57417e-07
-5.80803e-07
-3.63882e-07
-4.88861e-07
-3.66859e-07
-3.97223e-07
-3.66118e-07
-3.06993e-07
-3.61761e-07
-2.19139e-07
-3.54205e-07
-1.34422e-07
-3.4413e-07
-5.33201e-08
-3.32468e-07
2.39093e-08
-3.20109e-07
9.72416e-08
-3.07898e-07
1.6703e-07
-2.96471e-07
2.33824e-07
-2.86019e-07
2.98302e-07
-2.76234e-07
3.61144e-07
-2.66253e-07
4.22878e-07
-2.54646e-07
4.83717e-07
-2.39585e-07
5.43429e-07
-2.19142e-07
6.01318e-07
-1.9165e-07
6.56263e-07
-1.56121e-07
7.06481e-07
-1.12795e-07
7.48837e-07
-6.38645e-08
7.79039e-07
-1.41758e-08
7.94072e-07
2.92486e-08
7.94072e-07
5.94981e-08
7.81854e-07
7.19733e-08
7.60054e-07
6.75428e-08
7.26402e-07
5.72145e-08
6.69956e-07
6.41657e-08
5.73062e-07
1.17127e-07
4.20503e-07
2.34334e-07
2.1435e-07
4.05873e-07
-8.13561e-09
5.74998e-07
-1.98827e-07
6.68478e-07
-3.43838e-07
6.81897e-07
-4.49722e-07
6.40139e-07
-5.28719e-07
5.70584e-07
-5.91845e-07
4.92124e-07
-6.45704e-07
4.14667e-07
-6.92669e-07
3.42094e-07
-7.32692e-07
2.75297e-07
-7.64945e-07
2.14066e-07
-7.88701e-07
1.57929e-07
-8.03578e-07
1.06326e-07
-8.09544e-07
5.88287e-08
-8.06767e-07
1.49718e-08
-7.95339e-07
-2.60075e-08
-7.75587e-07
-6.45575e-08
-7.47753e-07
-1.00988e-07
-7.12055e-07
-1.3548e-07
-6.68745e-07
-1.68083e-07
-6.18135e-07
-1.98703e-07
-5.60638e-07
-2.27107e-07
-4.96783e-07
-2.52958e-07
-4.27229e-07
-2.75869e-07
-3.52776e-07
-2.95431e-07
-2.74365e-07
-3.11293e-07
-1.92943e-07
-3.23337e-07
-1.09506e-07
-3.31491e-07
-2.53002e-08
-3.35585e-07
5.85633e-08
-3.35589e-07
1.41347e-07
-3.31866e-07
2.22372e-07
-3.24914e-07
3.00945e-07
-3.15189e-07
3.76519e-07
-3.03171e-07
4.48684e-07
-2.8933e-07
5.17152e-07
-2.74108e-07
5.81739e-07
-2.57903e-07
6.42351e-07
-2.41048e-07
6.9896e-07
-2.23806e-07
7.51586e-07
-2.06361e-07
8.00274e-07
-1.88825e-07
8.45085e-07
-1.71233e-07
8.86102e-07
-1.53562e-07
9.23451e-07
-1.35745e-07
9.57297e-07
-1.17718e-07
9.87761e-07
-9.94612e-08
1.01488e-06
-8.09913e-08
1.03868e-06
-6.23351e-08
1.05925e-06
-4.35343e-08
1.07681e-06
-2.46359e-08
1.0915e-06
-5.68588e-09
1.10339e-06
1.32413e-08
1.11242e-06
3.20502e-08
1.11836e-06
5.06289e-08
1.12078e-06
6.88214e-08
1.11906e-06
8.63971e-08
1.11251e-06
1.03041e-07
1.10048e-06
1.18363e-07
1.08245e-06
1.31934e-07
1.05819e-06
1.43327e-07
1.02784e-06
1.52178e-07
9.91892e-07
1.58229e-07
9.51199e-07
1.61363e-07
9.06921e-07
1.6161e-07
8.60422e-07
1.59116e-07
8.13153e-07
1.54102e-07
7.66507e-07
1.46795e-07
7.21687e-07
1.3738e-07
6.79597e-07
1.25995e-07
6.40812e-07
1.12761e-07
6.05615e-07
9.78572e-08
5.74034e-07
8.15723e-08
5.45907e-07
6.4322e-08
5.20968e-07
4.66036e-08
4.98976e-07
2.88554e-08
4.79496e-07
1.15815e-08
4.62326e-07
-5.28458e-09
4.46816e-07
-2.09805e-08
4.32861e-07
-3.55262e-08
4.2062e-07
-4.75273e-08
4.10053e-07
-5.35491e-08
3.99505e-07
-4.76406e-08
3.85095e-07
-2.42002e-08
3.60607e-07
1.98734e-08
3.21451e-07
8.04575e-08
2.6761e-07
1.47876e-07
2.04521e-07
2.09693e-07
1.40623e-07
2.54037e-07
8.30562e-08
2.7351e-07
3.45628e-08
2.68576e-07
-5.56337e-09
2.46739e-07
-3.92074e-08
2.16855e-07
-6.78756e-08
1.84577e-07
-9.22203e-08
1.52464e-07
-1.12195e-07
1.21297e-07
-1.27334e-07
9.10903e-08
-1.37257e-07
6.16914e-08
-1.41822e-07
3.37415e-08
-1.40824e-07
6.86704e-09
-1.34228e-07
-1.8819e-08
-1.22297e-07
-4.31825e-08
-1.05302e-07
-6.58587e-08
-8.35643e-08
-8.6612e-08
-5.74864e-08
-1.05165e-07
-2.75378e-08
-1.21227e-07
5.15178e-09
-1.34251e-07
4.02584e-08
-1.4435e-07
7.67575e-08
-1.51518e-07
-1.53626e-07
1.14191e-07
1.21213e-07
-2.80249e-07
2.46823e-07
-5.59741e-07
3.16826e-07
-5.44602e-07
3.48096e-07
-4.1199e-07
3.60899e-07
-2.55897e-07
3.63165e-07
-1.03731e-07
3.54129e-07
3.72826e-08
3.31637e-07
1.53465e-07
2.9562e-07
2.275e-07
2.45924e-07
2.55458e-07
1.7241e-07
2.58051e-07
2.63924e-08
3.08905e-07
-2.22976e-07
4.67324e-07
-5.14662e-07
6.71068e-07
-7.75191e-07
8.2762e-07
-9.73525e-07
9.03482e-07
-1.1085e-06
9.0575e-07
-1.19577e-06
8.5688e-07
-1.25568e-06
7.80358e-07
-1.30407e-06
6.92547e-07
-1.3486e-06
6.0165e-07
-1.39019e-06
5.10597e-07
-1.42669e-06
4.20362e-07
-1.45557e-06
3.31751e-07
-1.47503e-06
2.45768e-07
-1.4841e-06
1.63481e-07
-1.4825e-06
8.59642e-08
-1.4704e-06
1.40536e-08
-1.44818e-06
-5.1785e-08
-1.41672e-06
-1.11141e-07
-1.37704e-06
-1.63784e-07
-1.33028e-06
-2.09717e-07
-1.27759e-06
-2.49239e-07
-1.21998e-06
-2.82954e-07
-1.15828e-06
-3.11745e-07
-1.09301e-06
-3.36677e-07
-1.02439e-06
-3.58827e-07
-9.52391e-07
-3.79076e-07
-8.76844e-07
-3.9791e-07
-7.97627e-07
-4.15308e-07
-7.14825e-07
-4.30757e-07
-6.28846e-07
-4.43396e-07
-5.40463e-07
-4.52265e-07
-4.50756e-07
-4.56566e-07
-3.60995e-07
-4.55879e-07
-2.72472e-07
-4.50284e-07
-1.86363e-07
-4.40314e-07
-1.03571e-07
-4.26921e-07
-2.48189e-08
-4.1122e-07
4.94178e-08
-3.94346e-07
1.19047e-07
-3.77528e-07
1.84363e-07
-3.61787e-07
2.45959e-07
-3.47614e-07
3.04675e-07
-3.3495e-07
3.61457e-07
-3.23035e-07
4.17165e-07
-3.10354e-07
4.72334e-07
-2.94755e-07
5.26954e-07
-2.73761e-07
5.80356e-07
-2.45052e-07
6.31275e-07
-2.07041e-07
6.77976e-07
-1.59495e-07
7.18215e-07
-1.04104e-07
7.49194e-07
-4.5155e-08
7.68197e-07
1.02462e-08
7.73916e-07
5.37789e-08
7.659e-07
7.99893e-08
7.41524e-07
9.19189e-08
6.927e-07
1.06039e-07
6.06485e-07
1.5038e-07
4.72056e-07
2.51557e-07
2.91844e-07
4.14545e-07
9.09907e-08
6.06726e-07
-8.65463e-08
7.52535e-07
-2.20279e-07
8.02211e-07
-3.16205e-07
7.77823e-07
-3.88125e-07
7.12059e-07
-4.47635e-07
6.30095e-07
-5.00806e-07
5.45295e-07
-5.49107e-07
4.62968e-07
-5.91769e-07
3.84756e-07
-6.27609e-07
3.11137e-07
-6.55819e-07
2.42276e-07
-6.7604e-07
1.78151e-07
-6.8821e-07
1.18496e-07
-6.92444e-07
6.30627e-08
-6.88866e-07
1.13935e-08
-6.77562e-07
-3.73119e-08
-6.58671e-07
-8.34477e-08
-6.32297e-07
-1.27362e-07
-5.98527e-07
-1.69249e-07
-5.57473e-07
-2.09137e-07
-5.09307e-07
-2.46869e-07
-4.54315e-07
-2.821e-07
-3.92919e-07
-3.14353e-07
-3.25718e-07
-3.4307e-07
-2.53493e-07
-3.67656e-07
-1.77147e-07
-3.87639e-07
-9.76959e-08
-4.02788e-07
-1.64578e-08
-4.12729e-07
6.534e-08
-4.17382e-07
1.46767e-07
-4.17016e-07
2.27023e-07
-4.12122e-07
3.05344e-07
-4.03235e-07
3.81105e-07
-3.9095e-07
4.53811e-07
-3.75876e-07
5.23095e-07
-3.58614e-07
5.88714e-07
-3.39727e-07
6.50527e-07
-3.19717e-07
7.08486e-07
-2.99007e-07
7.62604e-07
-2.77924e-07
8.12942e-07
-2.56699e-07
8.59583e-07
-2.35466e-07
9.02626e-07
-2.14275e-07
9.42176e-07
-1.93112e-07
9.78348e-07
-1.71917e-07
1.01126e-06
-1.50626e-07
1.04099e-06
-1.29196e-07
1.06762e-06
-1.07616e-07
1.09117e-06
-8.58936e-08
1.1117e-06
-6.40626e-08
1.12924e-06
-4.21746e-08
1.14386e-06
-2.03007e-08
1.15565e-06
1.44824e-09
1.16476e-06
2.29365e-08
1.17136e-06
4.40334e-08
1.17556e-06
6.4621e-08
1.17737e-06
8.45842e-08
1.17663e-06
1.03782e-07
1.17298e-06
1.22018e-07
1.16589e-06
1.39022e-07
1.15478e-06
1.54438e-07
1.13911e-06
1.67846e-07
1.11853e-06
1.78808e-07
1.09297e-06
1.8692e-07
1.06272e-06
1.91863e-07
1.0284e-06
1.93441e-07
9.90911e-07
1.91586e-07
9.51357e-07
1.86349e-07
9.10856e-07
1.77881e-07
8.70429e-07
1.66422e-07
8.30891e-07
1.52298e-07
7.92813e-07
1.35935e-07
7.56524e-07
1.17861e-07
7.22162e-07
9.86842e-08
6.89693e-07
7.90723e-08
6.58831e-07
5.97172e-08
6.29153e-07
4.12598e-08
5.99883e-07
2.39856e-08
5.70605e-07
8.29689e-09
5.41049e-07
-5.96939e-09
5.11055e-07
-1.75339e-08
4.81141e-07
-2.36349e-08
4.51746e-07
-1.8246e-08
4.21637e-07
5.90931e-09
3.87969e-07
5.35413e-08
3.48176e-07
1.20251e-07
3.02442e-07
1.93609e-07
2.54406e-07
2.57729e-07
2.08807e-07
2.99636e-07
1.68471e-07
3.13846e-07
1.33293e-07
3.03753e-07
1.01886e-07
2.78146e-07
7.33009e-08
2.4544e-07
4.74003e-08
2.10478e-07
2.47213e-08
1.75143e-07
5.93563e-09
1.40082e-07
-8.24301e-09
1.05269e-07
-1.78349e-08
7.12833e-08
-2.22515e-08
3.81581e-08
-2.15121e-08
6.12764e-09
-1.5671e-08
-2.46602e-08
-4.94553e-09
-5.39079e-08
1.05431e-08
-8.13474e-08
3.04481e-08
-1.06517e-07
5.42593e-08
-1.28976e-07
8.13639e-08
-1.48332e-07
1.11302e-07
-1.64189e-07
1.43269e-07
-1.76316e-07
1.76568e-07
-1.84818e-07
-1.88094e-07
2.11036e-07
1.28002e-07
-4.0825e-07
2.24398e-07
-6.56137e-07
2.60731e-07
-5.80935e-07
2.71692e-07
-4.2295e-07
2.73937e-07
-2.58143e-07
2.70003e-07
-9.97969e-08
2.59822e-07
4.74631e-08
2.40891e-07
1.72396e-07
2.06879e-07
2.61513e-07
1.46073e-07
3.16263e-07
1.98275e-08
3.84296e-07
-2.06644e-07
5.35376e-07
-4.84515e-07
7.45194e-07
-7.34313e-07
9.20867e-07
-9.20006e-07
1.01331e-06
-1.04214e-06
1.02562e-06
-1.11909e-06
9.82693e-07
-1.17244e-06
9.10237e-07
-1.21735e-06
8.25268e-07
-1.26003e-06
7.35223e-07
-1.30054e-06
6.42164e-07
-1.33674e-06
5.4679e-07
-1.36651e-06
4.50137e-07
-1.3884e-06
3.53634e-07
-1.40138e-06
2.58756e-07
-1.40476e-06
1.6686e-07
-1.39817e-06
7.9377e-08
-1.38169e-06
-2.42692e-09
-1.35566e-06
-7.78177e-08
-1.32095e-06
-1.45853e-07
-1.27876e-06
-2.05978e-07
-1.23046e-06
-2.58012e-07
-1.17747e-06
-3.02234e-07
-1.12101e-06
-3.3941e-07
-1.062e-06
-3.7075e-07
-1.00092e-06
-3.97765e-07
-9.37724e-07
-4.22019e-07
-8.72002e-07
-4.44798e-07
-8.03105e-07
-4.66807e-07
-7.30428e-07
-4.87986e-07
-6.53656e-07
-5.07528e-07
-5.72954e-07
-5.24098e-07
-4.89022e-07
-5.36197e-07
-4.03019e-07
-5.42569e-07
-3.16392e-07
-5.42506e-07
-2.30642e-07
-5.36035e-07
-1.47123e-07
-5.23832e-07
-6.69361e-08
-5.07109e-07
8.98937e-09
-4.87146e-07
8.00293e-08
-4.65386e-07
1.45997e-07
-4.43496e-07
2.07027e-07
-4.22817e-07
2.63626e-07
-4.04213e-07
3.1665e-07
-3.87975e-07
3.67204e-07
-3.73589e-07
4.16438e-07
-3.59587e-07
4.65258e-07
-3.43575e-07
5.14015e-07
-3.22518e-07
5.62276e-07
-2.93313e-07
6.08794e-07
-2.53558e-07
6.51691e-07
-2.02393e-07
6.88823e-07
-1.41235e-07
7.18042e-07
-7.43743e-08
7.37287e-07
-8.99906e-09
7.44441e-07
4.66247e-08
7.35879e-07
8.85513e-08
7.04571e-07
1.23228e-07
6.40258e-07
1.70352e-07
5.34025e-07
2.56613e-07
3.86292e-07
3.99289e-07
2.13705e-07
5.87132e-07
4.80232e-08
7.72408e-07
-8.25159e-08
8.83074e-07
-1.76286e-07
8.95981e-07
-2.45608e-07
8.47145e-07
-3.02668e-07
7.69119e-07
-3.54056e-07
6.81483e-07
-4.01387e-07
5.92626e-07
-4.43921e-07
5.05503e-07
-4.80542e-07
4.21377e-07
-5.10536e-07
3.41131e-07
-5.33627e-07
2.65366e-07
-5.49792e-07
1.94315e-07
-5.59097e-07
1.27802e-07
-5.6164e-07
6.56054e-08
-5.57461e-07
7.21471e-09
-5.46524e-07
-4.8249e-08
-5.28829e-07
-1.01143e-07
-5.04335e-07
-1.51856e-07
-4.72994e-07
-2.00589e-07
-4.34765e-07
-2.47367e-07
-3.89668e-07
-2.91966e-07
-3.37858e-07
-3.33909e-07
-2.79637e-07
-3.72574e-07
-2.15508e-07
-4.07199e-07
-1.46207e-07
-4.36957e-07
-7.26739e-08
-4.61173e-07
3.81154e-09
-4.79273e-07
8.19352e-08
-4.90853e-07
1.60585e-07
-4.96033e-07
2.38794e-07
-4.95224e-07
3.15682e-07
-4.89011e-07
3.90522e-07
-4.78075e-07
4.62721e-07
-4.63149e-07
5.31826e-07
-4.44981e-07
5.97516e-07
-4.24305e-07
6.59598e-07
-4.01808e-07
7.17986e-07
-3.78105e-07
7.72687e-07
-3.53707e-07
8.23767e-07
-3.29005e-07
8.71334e-07
-3.04266e-07
9.1551e-07
-2.79641e-07
9.56416e-07
-2.55182e-07
9.94168e-07
-2.30864e-07
1.02887e-06
-2.06619e-07
1.06061e-06
-1.82366e-07
1.08945e-06
-1.5804e-07
1.11544e-06
-1.33601e-07
1.13859e-06
-1.09039e-07
1.1589e-06
-8.43768e-08
1.17639e-06
-5.96657e-08
1.19107e-06
-3.49787e-08
1.20295e-06
-1.04287e-08
1.21206e-06
1.38211e-08
1.21851e-06
3.75857e-08
1.22244e-06
6.06844e-08
1.22408e-06
8.29526e-08
1.22362e-06
1.04242e-07
1.22122e-06
1.24415e-07
1.21692e-06
1.43326e-07
1.21056e-06
1.60792e-07
1.20184e-06
1.76564e-07
1.19034e-06
1.90314e-07
1.1756e-06
2.01652e-07
1.15731e-06
2.10159e-07
1.13531e-06
2.15444e-07
1.1097e-06
2.1719e-07
1.08084e-06
2.15207e-07
1.04927e-06
2.09459e-07
1.0156e-06
2.00085e-07
9.80491e-07
1.87409e-07
9.445e-07
1.71927e-07
9.08082e-07
1.54279e-07
8.71557e-07
1.3521e-07
8.35102e-07
1.15528e-07
7.98759e-07
9.60602e-08
7.62435e-07
7.75836e-08
7.25688e-07
6.07322e-08
6.87977e-07
4.6008e-08
6.48399e-07
3.3609e-08
6.06688e-07
2.41769e-08
5.63287e-07
1.97656e-08
5.19751e-07
2.52901e-08
4.77845e-07
4.78155e-08
4.38679e-07
9.27071e-08
4.016e-07
1.5733e-07
3.65934e-07
2.29276e-07
3.32053e-07
2.91609e-07
3.00694e-07
3.30995e-07
2.71721e-07
3.42819e-07
2.44285e-07
3.31189e-07
2.17912e-07
3.0452e-07
1.92912e-07
2.7044e-07
1.7004e-07
2.3335e-07
1.50056e-07
1.95127e-07
1.33552e-07
1.56586e-07
1.20749e-07
1.18072e-07
1.12008e-07
8.00239e-08
1.07633e-07
4.25334e-08
1.07765e-07
5.99594e-09
1.12392e-07
-2.92877e-08
1.21446e-07
-6.29614e-08
1.34737e-07
-9.46382e-08
1.52008e-07
-1.23789e-07
1.72875e-07
-1.49844e-07
1.96823e-07
-1.72279e-07
2.23295e-07
-1.90661e-07
2.5166e-07
-2.04681e-07
2.81235e-07
-2.14393e-07
-2.18767e-07
3.11908e-07
1.18893e-07
-5.27143e-07
1.83352e-07
-7.20596e-07
2.00418e-07
-5.98002e-07
2.08534e-07
-4.31066e-07
2.11929e-07
-2.61537e-07
2.0603e-07
-9.38988e-08
1.91043e-07
6.24506e-08
1.63632e-07
1.99807e-07
1.13138e-07
3.12007e-07
8.76539e-09
4.20635e-07
-1.83974e-07
5.77036e-07
-4.36346e-07
7.87748e-07
-6.72917e-07
9.81765e-07
-8.49931e-07
1.09788e-06
-9.64573e-07
1.12796e-06
-1.03519e-06
1.09623e-06
-1.08355e-06
1.03106e-06
-1.12456e-06
9.51246e-07
-1.16398e-06
8.64681e-07
-1.20186e-06
7.73111e-07
-1.23661e-06
6.76911e-07
-1.26678e-06
5.76958e-07
-1.2912e-06
4.74562e-07
-1.30868e-06
3.71112e-07
-1.31796e-06
2.68039e-07
-1.31792e-06
1.6682e-07
-1.30779e-06
6.92408e-08
-1.28733e-06
-2.28813e-08
-1.2569e-06
-1.08253e-07
-1.2175e-06
-1.85249e-07
-1.17069e-06
-2.52787e-07
-1.11834e-06
-3.10362e-07
-1.06241e-06
-3.58164e-07
-1.00469e-06
-3.9713e-07
-9.46518e-07
-4.28923e-07
-8.88532e-07
-4.55752e-07
-8.30561e-07
-4.7999e-07
-7.71716e-07
-5.03643e-07
-7.10682e-07
-5.27841e-07
-6.46127e-07
-5.52541e-07
-5.77117e-07
-5.76539e-07
-5.03398e-07
-5.97817e-07
-4.25506e-07
-6.1409e-07
-3.44648e-07
-6.23426e-07
-2.62459e-07
-6.24696e-07
-1.80673e-07
-6.1782e-07
-1.0083e-07
-6.03676e-07
-2.42407e-08
-5.83698e-07
4.79812e-08
-5.59368e-07
1.15227e-07
-5.32632e-07
1.77228e-07
-5.05497e-07
2.33948e-07
-4.79537e-07
2.8572e-07
-4.55984e-07
3.33271e-07
-4.35526e-07
3.77704e-07
-4.18022e-07
4.20348e-07
-4.02231e-07
4.62461e-07
-3.85688e-07
5.04843e-07
-3.649e-07
5.47476e-07
-3.35946e-07
5.89367e-07
-2.95449e-07
6.28708e-07
-2.41734e-07
6.63329e-07
-1.75856e-07
6.91079e-07
-1.02124e-07
7.09653e-07
-2.75737e-08
7.15642e-07
4.06356e-08
7.03147e-07
1.01046e-07
6.63659e-07
1.62716e-07
5.88945e-07
2.45066e-07
4.7669e-07
3.68867e-07
3.35984e-07
5.39995e-07
1.88538e-07
7.34579e-07
6.11327e-08
8.99813e-07
-3.39926e-08
9.782e-07
-1.03522e-07
9.65511e-07
-1.58791e-07
9.02414e-07
-2.07588e-07
8.17916e-07
-2.52504e-07
7.26399e-07
-2.93259e-07
6.33381e-07
-3.28918e-07
5.41161e-07
-3.5886e-07
4.51319e-07
-3.82884e-07
3.65155e-07
-4.01038e-07
2.83521e-07
-4.13446e-07
2.06722e-07
-4.20211e-07
1.34567e-07
-4.21323e-07
6.67179e-08
-4.16779e-07
2.67071e-09
-4.06377e-07
-5.86518e-08
-3.90012e-07
-1.17508e-07
-3.67523e-07
-1.74345e-07
-3.38763e-07
-2.29349e-07
-3.03567e-07
-2.82563e-07
-2.61812e-07
-3.33721e-07
-2.13528e-07
-3.82194e-07
-1.58915e-07
-4.27186e-07
-9.83314e-08
-4.67783e-07
-3.25292e-08
-5.02759e-07
3.74738e-08
-5.31176e-07
1.10259e-07
-5.52058e-07
1.84605e-07
-5.652e-07
2.5938e-07
-5.70807e-07
3.33569e-07
-5.69413e-07
4.06309e-07
-5.61751e-07
4.76894e-07
-5.4866e-07
5.4477e-07
-5.31024e-07
6.09529e-07
-5.0974e-07
6.70907e-07
-4.85683e-07
7.28773e-07
-4.59674e-07
7.83111e-07
-4.32443e-07
8.33993e-07
-4.04589e-07
8.8155e-07
-3.76561e-07
9.25937e-07
-3.48654e-07
9.67314e-07
-3.21018e-07
1.00582e-06
-2.93687e-07
1.04157e-06
-2.66612e-07
1.07464e-06
-2.39695e-07
1.1051e-06
-2.12825e-07
1.13297e-06
-1.85906e-07
1.15824e-06
-1.58873e-07
1.1809e-06
-1.31699e-07
1.20093e-06
-1.04402e-07
1.2183e-06
-7.70358e-08
1.233e-06
-4.96828e-08
1.24503e-06
-2.24606e-08
1.25439e-06
4.46726e-09
1.26109e-06
3.08851e-08
1.26519e-06
5.65813e-08
1.2668e-06
8.13394e-08
1.2661e-06
1.04947e-07
1.26331e-06
1.27206e-07
1.25869e-06
1.47944e-07
1.25247e-06
1.67005e-07
1.2448e-06
1.84235e-07
1.23567e-06
1.99451e-07
1.2249e-06
2.1242e-07
1.21221e-06
2.22849e-07
1.19725e-06
2.30401e-07
1.17971e-06
2.34734e-07
1.15936e-06
2.35558e-07
1.13612e-06
2.32699e-07
1.11005e-06
2.2615e-07
1.08135e-06
2.16113e-07
1.05027e-06
2.03002e-07
1.01713e-06
1.87424e-07
9.82207e-07
1.70131e-07
9.45767e-07
1.51967e-07
9.08002e-07
1.33825e-07
8.68994e-07
1.16591e-07
8.28631e-07
1.01096e-07
7.8659e-07
8.80492e-08
7.42255e-07
7.79438e-08
6.95149e-07
7.12832e-08
6.45557e-07
6.93572e-08
5.95384e-07
7.54635e-08
5.47975e-07
9.52242e-08
5.06707e-07
1.33975e-07
4.72937e-07
1.911e-07
4.45674e-07
2.56538e-07
4.22756e-07
3.14527e-07
4.01908e-07
3.51844e-07
3.81219e-07
3.63508e-07
3.597e-07
3.52708e-07
3.37586e-07
3.26633e-07
3.15945e-07
2.92081e-07
2.95905e-07
2.5339e-07
2.78274e-07
2.12758e-07
2.6359e-07
1.7127e-07
2.52136e-07
1.29526e-07
2.44231e-07
8.79289e-08
2.40039e-07
4.67255e-08
2.39758e-07
6.27677e-09
2.43431e-07
-3.29612e-08
2.51019e-07
-7.05488e-08
2.6236e-07
-1.05979e-07
2.77187e-07
-1.38616e-07
2.95128e-07
-1.67784e-07
3.15714e-07
-1.92865e-07
3.38423e-07
-2.1337e-07
3.62718e-07
-2.28976e-07
3.88007e-07
-2.39682e-07
-2.44956e-07
4.14196e-07
9.97844e-08
-6.26928e-07
1.37043e-07
-7.57855e-07
1.47108e-07
-6.08066e-07
1.58732e-07
-4.42691e-07
1.64976e-07
-2.6778e-07
1.56162e-07
-8.5085e-08
1.29307e-07
8.93059e-08
8.0769e-08
2.48345e-07
-1.02403e-08
4.03016e-07
-1.70382e-07
5.80777e-07
-3.8889e-07
7.95543e-07
-6.06616e-07
1.00547e-06
-7.7523e-07
1.15038e-06
-8.84535e-07
1.20718e-06
-9.49985e-07
1.19341e-06
-9.92939e-07
1.13919e-06
-1.02856e-06
1.06667e-06
-1.06305e-06
9.8574e-07
-1.09708e-06
8.9871e-07
-1.1298e-06
8.05833e-07
-1.16049e-06
7.07604e-07
-1.1883e-06
6.04764e-07
-1.21176e-06
4.98018e-07
-1.22886e-06
3.88218e-07
-1.23756e-06
2.7674e-07
-1.23622e-06
1.65473e-07
-1.22376e-06
5.67798e-08
-1.19976e-06
-4.68819e-08
-1.16464e-06
-1.43369e-07
-1.11961e-06
-2.30282e-07
-1.06647e-06
-3.05925e-07
-1.00753e-06
-3.69299e-07
-9.45416e-07
-4.20279e-07
-8.8276e-07
-4.59786e-07
-8.2179e-07
-4.89894e-07
-7.63821e-07
-5.13721e-07
-7.08908e-07
-5.34903e-07
-6.55834e-07
-5.56718e-07
-6.02515e-07
-5.81159e-07
-5.46646e-07
-6.0841e-07
-4.86384e-07
-6.36801e-07
-4.20821e-07
-6.6338e-07
-3.50177e-07
-6.84735e-07
-2.75631e-07
-6.97972e-07
-1.98998e-07
-7.01329e-07
-1.22214e-07
-6.94604e-07
-4.70662e-08
-6.78824e-07
2.47753e-08
-6.55539e-07
9.22727e-08
-6.26865e-07
1.54935e-07
-5.95294e-07
2.12391e-07
-5.62953e-07
2.64517e-07
-5.31663e-07
3.11465e-07
-5.02932e-07
3.53746e-07
-4.77807e-07
3.92306e-07
-4.56582e-07
4.28486e-07
-4.38411e-07
4.63798e-07
-4.21e-07
4.99512e-07
-4.00615e-07
5.3618e-07
-3.72614e-07
5.73298e-07
-3.32567e-07
6.09308e-07
-2.77743e-07
6.41936e-07
-2.08484e-07
6.68536e-07
-1.28725e-07
6.85888e-07
-4.49249e-08
6.89328e-07
3.71955e-08
6.72235e-07
1.18139e-07
6.27273e-07
2.07678e-07
5.50101e-07
3.22239e-07
4.43867e-07
4.75101e-07
3.21519e-07
6.62343e-07
2.03216e-07
8.52882e-07
1.07359e-07
9.9567e-07
3.69436e-08
1.04862e-06
-1.7313e-08
1.01977e-06
-6.33449e-08
9.48446e-07
-1.05133e-07
8.59704e-07
-1.43248e-07
7.64514e-07
-1.77036e-07
6.67169e-07
-2.05898e-07
5.70023e-07
-2.29652e-07
4.75073e-07
-2.48404e-07
3.83907e-07
-2.62381e-07
2.97498e-07
-2.71752e-07
2.16093e-07
-2.76622e-07
1.39437e-07
-2.76709e-07
6.68049e-08
-2.72083e-07
-1.95543e-09
-2.62314e-07
-6.84203e-08
-2.47231e-07
-1.32591e-07
-2.26568e-07
-1.95008e-07
-2.00121e-07
-2.55797e-07
-1.67759e-07
-3.14925e-07
-1.29312e-07
-3.72168e-07
-8.45691e-08
-4.26937e-07
-3.34401e-08
-4.78315e-07
2.36635e-08
-5.24887e-07
8.58277e-08
-5.64923e-07
1.51775e-07
-5.97123e-07
2.20342e-07
-6.20624e-07
2.90302e-07
-6.35159e-07
3.60503e-07
-6.41009e-07
4.2994e-07
-6.3885e-07
4.97779e-07
-6.29589e-07
5.63353e-07
-6.14234e-07
6.26161e-07
-5.93832e-07
6.85858e-07
-5.69437e-07
7.42252e-07
-5.42077e-07
7.95294e-07
-5.12716e-07
8.45053e-07
-4.82202e-07
8.91683e-07
-4.51219e-07
9.35383e-07
-4.20261e-07
9.76357e-07
-3.89629e-07
1.01479e-06
-3.59451e-07
1.05082e-06
-3.29721e-07
1.08455e-06
-3.00338e-07
1.11601e-06
-2.71158e-07
1.14522e-06
-2.42028e-07
1.17213e-06
-2.12819e-07
1.1967e-06
-1.83443e-07
1.21886e-06
-1.53863e-07
1.23856e-06
-1.24096e-07
1.25573e-06
-9.42098e-08
1.27035e-06
-6.43033e-08
1.2824e-06
-3.45081e-08
1.29187e-06
-5.00295e-09
1.29877e-06
2.39807e-08
1.30315e-06
5.22083e-08
1.30504e-06
7.94455e-08
1.30454e-06
1.05451e-07
1.30176e-06
1.29981e-07
1.2969e-06
1.52804e-07
1.2902e-06
1.7371e-07
1.28191e-06
1.92517e-07
1.2723e-06
2.09068e-07
1.26151e-06
2.23209e-07
1.24958e-06
2.34777e-07
1.2364e-06
2.4358e-07
1.22173e-06
2.49402e-07
1.20526e-06
2.52031e-07
1.18665e-06
2.51307e-07
1.16562e-06
2.47177e-07
1.14198e-06
2.39753e-07
1.11565e-06
2.29337e-07
1.08664e-06
2.16429e-07
1.05508e-06
2.01692e-07
1.02114e-06
1.85915e-07
9.84994e-07
1.69967e-07
9.46826e-07
1.54759e-07
9.06708e-07
1.41214e-07
8.64551e-07
1.30206e-07
8.20053e-07
1.22442e-07
7.7289e-07
1.18447e-07
7.23284e-07
1.18963e-07
6.72868e-07
1.2588e-07
6.25112e-07
1.42979e-07
5.84383e-07
1.74704e-07
5.53556e-07
2.21927e-07
5.32214e-07
2.77881e-07
5.17153e-07
3.29588e-07
5.04348e-07
3.64648e-07
4.90705e-07
3.77151e-07
4.74919e-07
3.68494e-07
4.57376e-07
3.44177e-07
4.39365e-07
3.10092e-07
4.22204e-07
2.7055e-07
4.06843e-07
2.28119e-07
3.93891e-07
1.84222e-07
3.83738e-07
1.39679e-07
3.76671e-07
9.49961e-08
3.72852e-07
5.05445e-08
3.724e-07
6.72874e-09
3.75346e-07
-3.59067e-08
3.81628e-07
-7.68314e-08
3.91074e-07
-1.15424e-07
4.03405e-07
-1.50948e-07
4.18259e-07
-1.82638e-07
4.35208e-07
-2.09815e-07
4.53792e-07
-2.31954e-07
4.73565e-07
-2.48749e-07
4.94046e-07
-2.60163e-07
-2.66088e-07
5.15179e-07
7.53654e-08
-7.02293e-07
9.13311e-08
-7.73821e-07
9.70262e-08
-6.13761e-07
1.05827e-07
-4.51491e-07
1.05975e-07
-2.67929e-07
8.66106e-08
-6.57204e-08
4.29098e-08
1.33007e-07
-3.8261e-08
3.29516e-07
-1.713e-07
5.36056e-07
-3.534e-07
7.62876e-07
-5.45737e-07
9.87881e-07
-7.0317e-07
1.16291e-06
-8.07383e-07
1.25459e-06
-8.67795e-07
1.2676e-06
-9.04292e-07
1.2299e-06
-9.32692e-07
1.16759e-06
-9.60311e-07
1.09429e-06
-9.88758e-07
1.01419e-06
-1.01804e-06
9.27996e-07
-1.0482e-06
8.35989e-07
-1.07873e-06
7.38132e-07
-1.10791e-06
6.33947e-07
-1.133e-06
5.23108e-07
-1.15098e-06
4.062e-07
-1.15933e-06
2.85091e-07
-1.15649e-06
1.62624e-07
-1.14164e-06
4.19345e-08
-1.11455e-06
-7.39713e-08
-1.0758e-06
-1.8212e-07
-1.02646e-06
-2.79622e-07
-9.68135e-07
-3.6425e-07
-9.03032e-07
-4.34402e-07
-8.33992e-07
-4.89319e-07
-7.64346e-07
-5.29431e-07
-6.97451e-07
-5.56789e-07
-6.35892e-07
-5.7528e-07
-5.80657e-07
-5.90139e-07
-5.30742e-07
-6.06633e-07
-4.83513e-07
-6.28388e-07
-4.35603e-07
-6.56319e-07
-3.84039e-07
-6.88365e-07
-3.27004e-07
-7.20415e-07
-2.64219e-07
-7.47519e-07
-1.96743e-07
-7.65448e-07
-1.26451e-07
-7.71621e-07
-5.55e-08
-7.65554e-07
1.38397e-08
-7.48163e-07
7.99111e-08
-7.21611e-07
1.41856e-07
-6.8881e-07
1.99097e-07
-6.52536e-07
2.51319e-07
-6.15174e-07
2.98391e-07
-5.78735e-07
3.40346e-07
-5.44887e-07
3.77468e-07
-5.14929e-07
4.1044e-07
-4.89554e-07
4.40441e-07
-4.68412e-07
4.69059e-07
-4.49618e-07
4.97945e-07
-4.295e-07
5.28269e-07
-4.02938e-07
5.6019e-07
-3.64488e-07
5.92574e-07
-3.10127e-07
6.2308e-07
-2.3899e-07
6.48406e-07
-1.54051e-07
6.64316e-07
-6.08351e-08
6.65448e-07
3.60633e-08
6.4574e-07
1.37847e-07
6.00172e-07
2.53245e-07
5.27978e-07
3.94433e-07
4.35313e-07
5.67766e-07
3.35315e-07
7.6234e-07
2.4411e-07
9.44088e-07
1.72849e-07
1.06693e-06
1.19893e-07
1.10157e-06
7.67783e-08
1.06288e-06
3.85676e-08
9.86657e-07
3.65875e-09
8.94613e-07
-2.77308e-08
7.95903e-07
-5.49984e-08
6.94437e-07
-7.78802e-08
5.92905e-07
-9.65195e-08
4.93712e-07
-1.11239e-07
3.98627e-07
-1.22362e-07
3.08621e-07
-1.2992e-07
2.23652e-07
-1.33856e-07
1.43373e-07
-1.33458e-07
6.64061e-08
-1.2888e-07
-6.53284e-09
-1.19585e-07
-7.77153e-08
-1.05609e-07
-1.46567e-07
-8.65247e-08
-2.14092e-07
-6.20221e-08
-2.803e-07
-3.17435e-08
-3.45204e-07
4.61527e-09
-4.08526e-07
4.71245e-08
-4.69446e-07
9.5428e-08
-5.26619e-07
1.4898e-07
-5.78439e-07
2.07082e-07
-6.23025e-07
2.68707e-07
-6.58748e-07
3.3265e-07
-6.84568e-07
3.97683e-07
-7.00192e-07
4.62676e-07
-7.06002e-07
5.2667e-07
-7.02845e-07
5.88891e-07
-6.9181e-07
6.48741e-07
-6.74085e-07
7.05795e-07
-6.50886e-07
7.59793e-07
-6.23435e-07
8.10642e-07
-5.92926e-07
8.58399e-07
-5.60473e-07
9.03238e-07
-5.27042e-07
9.45408e-07
-4.93389e-07
9.85177e-07
-4.6003e-07
1.02279e-06
-4.27241e-07
1.05843e-06
-3.95094e-07
1.09222e-06
-3.63509e-07
1.12419e-06
-3.32309e-07
1.15432e-06
-3.01284e-07
1.18252e-06
-2.70231e-07
1.20869e-06
-2.38989e-07
1.2327e-06
-2.07454e-07
1.25443e-06
-1.75591e-07
1.27377e-06
-1.43434e-07
1.29063e-06
-1.11074e-07
1.30498e-06
-7.86458e-08
1.31678e-06
-4.63113e-08
1.32605e-06
-1.42725e-08
1.33281e-06
1.72159e-08
1.33712e-06
4.78968e-08
1.33904e-06
7.75272e-08
1.33864e-06
1.05856e-07
1.33599e-06
1.3263e-07
1.3312e-06
1.57594e-07
1.3244e-06
1.80505e-07
1.31579e-06
2.01136e-07
1.30556e-06
2.19293e-07
1.29396e-06
2.34812e-07
1.28117e-06
2.47562e-07
1.26732e-06
2.57431e-07
1.25241e-06
2.64321e-07
1.23629e-06
2.68145e-07
1.21875e-06
2.6885e-07
1.19948e-06
2.66445e-07
1.17819e-06
2.61043e-07
1.15463e-06
2.529e-07
1.12863e-06
2.42428e-07
1.10013e-06
2.3019e-07
1.06917e-06
2.16877e-07
1.03586e-06
2.03277e-07
1.00036e-06
1.90254e-07
9.62842e-07
1.78735e-07
9.23385e-07
1.69663e-07
8.81946e-07
1.63881e-07
8.38401e-07
1.61992e-07
7.92912e-07
1.64452e-07
7.46652e-07
1.72139e-07
7.02476e-07
1.87156e-07
6.64601e-07
2.12579e-07
6.36652e-07
2.49876e-07
6.19274e-07
2.95258e-07
6.09621e-07
3.39241e-07
6.03162e-07
3.71107e-07
5.96026e-07
3.84288e-07
5.86303e-07
3.78217e-07
5.74013e-07
3.56467e-07
5.60279e-07
3.23825e-07
5.46455e-07
2.84374e-07
5.33643e-07
2.40931e-07
5.22605e-07
1.9526e-07
5.13838e-07
1.48446e-07
5.07654e-07
1.0118e-07
5.04225e-07
5.3973e-08
5.03629e-07
7.32505e-09
5.05855e-07
-3.81324e-08
5.10792e-07
-8.1769e-08
5.1823e-07
-1.22862e-07
5.27875e-07
-1.60592e-07
5.39377e-07
-1.9414e-07
5.52357e-07
-2.22795e-07
5.66433e-07
-2.4603e-07
5.81264e-07
-2.63579e-07
5.96498e-07
-2.75398e-07
-2.81725e-07
6.12135e-07
4.8672e-08
-7.50965e-07
4.80843e-08
-7.73233e-07
4.5415e-08
-6.11092e-07
4.12325e-08
-4.47309e-07
2.5811e-08
-2.52507e-07
-1.02912e-08
-2.96182e-08
-7.83887e-08
2.01104e-07
-1.86668e-07
4.37795e-07
-3.3384e-07
6.83227e-07
-4.96221e-07
9.25257e-07
-6.37882e-07
1.12954e-06
-7.35811e-07
1.26084e-06
-7.9132e-07
1.3101e-06
-8.20741e-07
1.29702e-06
-8.4036e-07
1.24952e-06
-8.59063e-07
1.18629e-06
-8.79674e-07
1.1149e-06
-9.03009e-07
1.03752e-06
-9.29809e-07
9.54796e-07
-9.60081e-07
8.66261e-07
-9.92033e-07
7.70085e-07
-1.02219e-06
6.64109e-07
-1.04661e-06
5.4752e-07
-1.06208e-06
4.21668e-07
-1.06674e-06
2.89752e-07
-1.06004e-06
1.55925e-07
-1.042e-06
2.38975e-08
-1.01268e-06
-1.03287e-07
-9.72686e-07
-2.22118e-07
-9.22611e-07
-3.29696e-07
-8.63382e-07
-4.23479e-07
-7.96459e-07
-5.01326e-07
-7.24114e-07
-5.61664e-07
-6.4963e-07
-6.03915e-07
-5.77097e-07
-6.29322e-07
-5.10509e-07
-6.41867e-07
-4.52418e-07
-6.4823e-07
-4.0285e-07
-6.56201e-07
-3.59266e-07
-6.71971e-07
-3.17526e-07
-6.9806e-07
-2.7355e-07
-7.32341e-07
-2.24508e-07
-7.69457e-07
-1.69465e-07
-8.02562e-07
-1.09252e-07
-8.25662e-07
-4.57343e-08
-8.35138e-07
1.84703e-08
-8.29759e-07
8.11236e-08
-8.10817e-07
1.4076e-07
-7.81248e-07
1.96393e-07
-7.44443e-07
2.47478e-07
-7.03621e-07
2.93802e-07
-6.61498e-07
3.35305e-07
-6.20238e-07
3.71988e-07
-5.8157e-07
4.03957e-07
-5.46897e-07
4.316e-07
-5.17197e-07
4.55801e-07
-4.92613e-07
4.78018e-07
-4.71835e-07
5.0009e-07
-4.51572e-07
5.23719e-07
-4.26567e-07
5.49781e-07
-3.9055e-07
5.77748e-07
-3.38094e-07
6.05436e-07
-2.66678e-07
6.29132e-07
-1.77747e-07
6.43932e-07
-7.56343e-08
6.44304e-07
3.56906e-08
6.2525e-07
1.56901e-07
5.83938e-07
2.94558e-07
5.21942e-07
4.56429e-07
4.46415e-07
6.43294e-07
3.6902e-07
8.39735e-07
3.01673e-07
1.01143e-06
2.50227e-07
1.11838e-06
2.10749e-07
1.14105e-06
1.76722e-07
1.09691e-06
1.45612e-07
1.01777e-06
1.17113e-07
9.23111e-07
9.17206e-08
8.21296e-07
6.98379e-08
7.1632e-07
5.13666e-08
6.11376e-07
3.5872e-08
5.09207e-07
2.29303e-08
4.11569e-07
1.26563e-08
3.18895e-07
5.29795e-09
2.3101e-07
1.70089e-09
1.46971e-07
2.20116e-09
6.59059e-08
7.97456e-09
-1.23062e-08
1.78643e-08
-8.7605e-08
3.25698e-08
-1.61273e-07
5.19904e-08
-2.33513e-07
7.63185e-08
-3.04628e-07
1.05737e-07
-3.74622e-07
1.40376e-07
-4.43165e-07
1.8033e-07
-5.094e-07
2.25546e-07
-5.71835e-07
2.75589e-07
-6.28481e-07
3.29697e-07
-6.77133e-07
3.86825e-07
-7.15877e-07
4.45781e-07
-7.43524e-07
5.05378e-07
-7.59789e-07
5.64561e-07
-7.65185e-07
6.22461e-07
-7.60744e-07
6.78402e-07
-7.4775e-07
7.31887e-07
-7.2757e-07
7.82599e-07
-7.01597e-07
8.30395e-07
-6.71232e-07
8.75314e-07
-6.37845e-07
9.17548e-07
-6.02707e-07
9.57398e-07
-5.66892e-07
9.9521e-07
-5.31202e-07
1.03132e-06
-4.96134e-07
1.06597e-06
-4.61895e-07
1.09933e-06
-4.28453e-07
1.13144e-06
-3.95615e-07
1.16223e-06
-3.63104e-07
1.19157e-06
-3.30628e-07
1.21927e-06
-2.97931e-07
1.24511e-06
-2.64826e-07
1.26887e-06
-2.31211e-07
1.29035e-06
-1.97069e-07
1.30938e-06
-1.6247e-07
1.32586e-06
-1.27552e-07
1.33972e-06
-9.25004e-08
1.35094e-06
-5.75326e-08
1.35956e-06
-2.28976e-08
1.36566e-06
1.11156e-08
1.36933e-06
4.4226e-08
1.37068e-06
7.61851e-08
1.36979e-06
1.06738e-07
1.36679e-06
1.35634e-07
1.36176e-06
1.62625e-07
1.35479e-06
1.87469e-07
1.34599e-06
2.09935e-07
1.33548e-06
2.29808e-07
1.32339e-06
2.469e-07
1.30989e-06
2.61063e-07
1.29513e-06
2.72196e-07
1.27921e-06
2.8024e-07
1.26217e-06
2.85184e-07
1.24395e-06
2.87063e-07
1.22443e-06
2.85971e-07
1.20339e-06
2.8208e-07
1.18063e-06
2.75658e-07
1.15597e-06
2.67089e-07
1.12929e-06
2.56874e-07
1.10055e-06
2.45619e-07
1.0698e-06
2.34022e-07
1.03719e-06
2.22867e-07
1.0029e-06
2.13018e-07
9.6716e-07
2.05407e-07
9.3011e-07
2.00931e-07
8.91822e-07
2.0028e-07
8.52449e-07
2.03825e-07
8.12724e-07
2.11864e-07
7.7463e-07
2.2525e-07
7.4154e-07
2.45669e-07
7.17027e-07
2.74389e-07
7.02661e-07
3.09625e-07
6.96731e-07
3.45171e-07
6.95217e-07
3.72621e-07
6.93997e-07
3.85508e-07
6.90513e-07
3.81701e-07
6.84111e-07
3.62868e-07
6.75453e-07
3.32483e-07
6.65716e-07
2.94112e-07
6.56045e-07
2.50603e-07
6.47332e-07
2.03973e-07
6.40191e-07
1.55587e-07
6.35002e-07
1.06368e-07
6.31966e-07
5.70093e-08
6.31148e-07
8.14344e-09
6.32505e-07
-3.94899e-08
6.35885e-07
-8.51485e-08
6.41043e-07
-1.28021e-07
6.47682e-07
-1.67232e-07
6.55482e-07
-2.0194e-07
6.64129e-07
-2.31442e-07
6.73341e-07
-2.55242e-07
6.82892e-07
-2.73131e-07
6.92579e-07
-2.85085e-07
-2.91613e-07
7.02468e-07
2.22041e-08
-7.73169e-07
8.61641e-09
-7.59645e-07
-7.32407e-09
-5.95151e-07
-2.96712e-08
-4.24962e-07
-6.64634e-08
-2.15715e-07
-1.23753e-07
2.76717e-08
-2.10953e-07
2.88304e-07
-3.27038e-07
5.5388e-07
-4.5887e-07
8.1506e-07
-5.80883e-07
1.04727e-06
-6.70316e-07
1.21897e-06
-7.21193e-07
1.31171e-06
-7.44021e-07
1.33293e-06
-7.54269e-07
1.30727e-06
-7.62527e-07
1.25778e-06
-7.73122e-07
1.19689e-06
-7.87622e-07
1.1294e-06
-8.07332e-07
1.05723e-06
-8.32919e-07
9.80384e-07
-8.62959e-07
8.963e-07
-8.93625e-07
8.00751e-07
-9.20026e-07
6.90509e-07
-9.38119e-07
5.65614e-07
-9.45879e-07
4.29428e-07
-9.4311e-07
2.86983e-07
-9.30639e-07
1.43454e-07
-9.09181e-07
2.43971e-09
-8.78877e-07
-1.33592e-07
-8.3999e-07
-2.61004e-07
-7.92675e-07
-3.77012e-07
-7.37197e-07
-4.78956e-07
-6.7407e-07
-5.64453e-07
-6.04446e-07
-6.31288e-07
-5.30699e-07
-6.77662e-07
-4.56754e-07
-7.03268e-07
-3.8742e-07
-7.11201e-07
-3.26759e-07
-7.08891e-07
-2.76302e-07
-7.06658e-07
-2.34391e-07
-7.13883e-07
-1.96752e-07
-7.35699e-07
-1.58591e-07
-7.70502e-07
-1.16255e-07
-8.11793e-07
-6.81258e-08
-8.50691e-07
-1.48785e-08
-8.78909e-07
4.14526e-08
-8.9147e-07
9.84099e-08
-8.86716e-07
1.53974e-07
-8.66381e-07
2.06587e-07
-8.3386e-07
2.55283e-07
-7.93139e-07
2.99617e-07
-7.47955e-07
3.39492e-07
-7.01373e-07
3.7496e-07
-6.55706e-07
4.06065e-07
-6.12675e-07
4.32817e-07
-5.73649e-07
4.5534e-07
-5.3972e-07
4.74153e-07
-5.11425e-07
4.90409e-07
-4.88092e-07
5.05902e-07
-4.67065e-07
5.22675e-07
-4.4334e-07
5.42278e-07
-4.10153e-07
5.64927e-07
-3.60743e-07
5.88933e-07
-2.90685e-07
6.10638e-07
-1.99452e-07
6.24955e-07
-8.99514e-08
6.26506e-07
3.41398e-08
6.11262e-07
1.72145e-07
5.7789e-07
3.2793e-07
5.29125e-07
5.05194e-07
4.71958e-07
7.00461e-07
4.15979e-07
8.95714e-07
3.69363e-07
1.05805e-06
3.34309e-07
1.15343e-06
3.06254e-07
1.1691e-06
2.804e-07
1.12276e-06
2.55845e-07
1.04232e-06
2.33283e-07
9.45673e-07
2.13364e-07
8.41215e-07
1.96143e-07
7.3354e-07
1.81201e-07
6.26318e-07
1.68119e-07
5.22288e-07
1.56918e-07
4.2277e-07
1.48032e-07
3.27781e-07
1.42276e-07
2.36766e-07
1.40252e-07
1.48995e-07
1.42131e-07
6.40263e-08
1.4788e-07
-1.80552e-08
1.57694e-07
-9.74191e-08
1.71746e-07
-1.75325e-07
1.90391e-07
-2.52158e-07
2.13779e-07
-3.28016e-07
2.41995e-07
-4.02838e-07
2.75075e-07
-4.76245e-07
3.12984e-07
-5.47309e-07
3.55533e-07
-6.14384e-07
4.02247e-07
-6.75195e-07
4.52333e-07
-7.27219e-07
5.04746e-07
-7.68289e-07
5.58331e-07
-7.97109e-07
6.11987e-07
-8.13446e-07
6.64782e-07
-8.1798e-07
7.15983e-07
-8.11946e-07
7.65055e-07
-7.96822e-07
8.1164e-07
-7.74156e-07
8.55565e-07
-7.45522e-07
8.96845e-07
-7.12512e-07
9.35686e-07
-6.76685e-07
9.72442e-07
-6.39463e-07
1.00755e-06
-6.02003e-07
1.04146e-06
-5.65108e-07
1.07452e-06
-5.29195e-07
1.10696e-06
-4.94336e-07
1.13885e-06
-4.60343e-07
1.17011e-06
-4.26873e-07
1.20053e-06
-3.93525e-07
1.22982e-06
-3.59923e-07
1.25766e-06
-3.25768e-07
1.2837e-06
-2.90863e-07
1.30761e-06
-2.55126e-07
1.32913e-06
-2.18585e-07
1.34802e-06
-1.81365e-07
1.36414e-06
-1.4367e-07
1.3774e-06
-1.05756e-07
1.38778e-06
-6.79151e-08
1.39535e-06
-3.047e-08
1.40024e-06
6.22738e-09
1.4026e-06
4.1861e-08
1.40262e-06
7.61702e-08
1.40046e-06
1.08899e-07
1.39629e-06
1.39805e-07
1.39025e-06
1.68662e-07
1.38247e-06
1.95253e-07
1.37303e-06
2.19374e-07
1.36201e-06
2.40827e-07
1.34948e-06
2.59433e-07
1.3355e-06
2.75042e-07
1.32015e-06
2.87543e-07
1.30351e-06
2.96878e-07
1.28565e-06
3.03051e-07
1.26658e-06
3.06131e-07
1.24629e-06
3.06259e-07
1.22472e-06
3.0365e-07
1.20178e-06
2.98601e-07
1.17737e-06
2.91498e-07
1.15143e-06
2.82816e-07
1.12393e-06
2.73111e-07
1.09495e-06
2.63009e-07
1.06461e-06
2.53208e-07
1.03314e-06
2.44486e-07
1.00084e-06
2.37703e-07
9.68034e-07
2.3374e-07
9.34974e-07
2.33341e-07
9.01887e-07
2.36911e-07
8.69227e-07
2.44524e-07
8.38188e-07
2.56289e-07
8.1108e-07
2.72777e-07
7.9082e-07
2.94648e-07
7.79363e-07
3.21083e-07
7.76188e-07
3.48345e-07
7.78368e-07
3.70441e-07
7.82136e-07
3.8174e-07
7.8456e-07
3.79277e-07
7.84283e-07
3.63146e-07
7.81314e-07
3.35452e-07
7.76433e-07
2.98993e-07
7.70642e-07
2.56394e-07
7.64848e-07
2.09766e-07
7.59742e-07
1.60693e-07
7.55772e-07
1.10338e-07
7.53179e-07
5.96026e-08
7.5204e-07
9.28159e-09
7.52315e-07
-3.97644e-08
7.5384e-07
-8.66738e-08
7.56377e-07
-1.30557e-07
7.59655e-07
-1.7051e-07
7.63414e-07
-2.05699e-07
7.67432e-07
-2.3546e-07
7.71543e-07
-2.59353e-07
7.75655e-07
-2.77242e-07
7.79712e-07
-2.89142e-07
-2.95755e-07
7.83853e-07
-1.05681e-09
-7.72113e-07
-2.64264e-08
-7.34276e-07
-5.83139e-08
-5.63264e-07
-1.0019e-07
-3.83086e-07
-1.56527e-07
-1.59378e-07
-2.30899e-07
1.02043e-07
-3.23523e-07
3.80928e-07
-4.28807e-07
6.59164e-07
-5.3044e-07
9.16693e-07
-6.09542e-07
1.12637e-06
-6.56029e-07
1.26546e-06
-6.73872e-07
1.32956e-06
-6.75693e-07
1.33475e-06
-6.73146e-07
1.30472e-06
-6.72366e-07
1.257e-06
-6.75769e-07
1.20029e-06
-6.85016e-07
1.13865e-06
-7.01427e-07
1.07364e-06
-7.24469e-07
1.00343e-06
-7.50758e-07
9.2259e-07
-7.7498e-07
8.24973e-07
-7.921e-07
7.07629e-07
-7.99315e-07
5.72828e-07
-7.96555e-07
4.26669e-07
-7.85429e-07
2.75857e-07
-7.67575e-07
1.25599e-07
-7.43654e-07
-2.1482e-08
-7.13412e-07
-1.63834e-07
-6.76713e-07
-2.97703e-07
-6.33599e-07
-4.20127e-07
-5.84182e-07
-5.28373e-07
-5.28415e-07
-6.2022e-07
-4.66344e-07
-6.93359e-07
-3.99015e-07
-7.44991e-07
-3.29388e-07
-7.72894e-07
-2.62139e-07
-7.78449e-07
-2.02102e-07
-7.68928e-07
-1.52004e-07
-7.56756e-07
-1.11362e-07
-7.54525e-07
-7.64727e-08
-7.70588e-07
-4.23599e-08
-8.04615e-07
-5.03664e-09
-8.49116e-07
3.73128e-08
-8.93041e-07
8.41603e-08
-9.25757e-07
1.33532e-07
-9.40841e-07
1.8326e-07
-9.36444e-07
2.31369e-07
-9.14491e-07
2.76459e-07
-8.7895e-07
3.17724e-07
-8.34404e-07
3.54855e-07
-7.85086e-07
3.87879e-07
-7.34397e-07
4.16964e-07
-6.84791e-07
4.4224e-07
-6.37951e-07
4.63696e-07
-5.95105e-07
4.81266e-07
-5.5729e-07
4.95104e-07
-5.25263e-07
5.05945e-07
-4.98932e-07
5.15315e-07
-4.76436e-07
5.25358e-07
-4.53383e-07
5.38162e-07
-4.22957e-07
5.54772e-07
-3.77353e-07
5.74314e-07
-3.10227e-07
5.93683e-07
-2.18821e-07
6.08082e-07
-1.0435e-07
6.12427e-07
2.97941e-08
6.03336e-07
1.81236e-07
5.80243e-07
3.51023e-07
5.46186e-07
5.3925e-07
5.07376e-07
7.39271e-07
4.71208e-07
9.31882e-07
4.42777e-07
1.08648e-06
4.21897e-07
1.17431e-06
4.04057e-07
1.18694e-06
3.85882e-07
1.14094e-06
3.67433e-07
1.06077e-06
3.4986e-07
9.63247e-07
3.33888e-07
8.57187e-07
3.19585e-07
7.47844e-07
3.06751e-07
6.39152e-07
2.9541e-07
5.33629e-07
2.85965e-07
4.32215e-07
2.7896e-07
3.34786e-07
2.74869e-07
2.40856e-07
2.7405e-07
1.49814e-07
2.76657e-07
6.14193e-08
2.82841e-07
-2.42389e-08
2.92966e-07
-1.07544e-07
3.07295e-07
-1.89654e-07
3.25968e-07
-2.70832e-07
3.49041e-07
-3.51088e-07
3.76512e-07
-4.30309e-07
4.08341e-07
-5.08075e-07
4.44408e-07
-5.83376e-07
4.8442e-07
-6.54396e-07
5.27813e-07
-7.18588e-07
5.73732e-07
-7.73139e-07
6.21126e-07
-8.15683e-07
6.68903e-07
-8.44886e-07
7.16096e-07
-8.60639e-07
7.61944e-07
-8.63827e-07
8.05901e-07
-8.55903e-07
8.47614e-07
-8.38535e-07
8.86905e-07
-8.13447e-07
9.23784e-07
-7.82401e-07
9.58467e-07
-7.47194e-07
9.91359e-07
-7.09577e-07
1.023e-06
-6.71103e-07
1.05396e-06
-6.32962e-07
1.08473e-06
-5.95882e-07
1.11566e-06
-5.6012e-07
1.14686e-06
-5.25538e-07
1.17826e-06
-4.91739e-07
1.20958e-06
-4.58199e-07
1.24045e-06
-4.24392e-07
1.2704e-06
-3.89874e-07
1.29896e-06
-3.54325e-07
1.32566e-06
-3.17569e-07
1.35011e-06
-2.79571e-07
1.37195e-06
-2.40423e-07
1.3909e-06
-2.00324e-07
1.40679e-06
-1.59558e-07
1.4195e-06
-1.18461e-07
1.42899e-06
-7.7409e-08
1.43534e-06
-3.68167e-08
1.43869e-06
2.87742e-09
1.43926e-06
4.12885e-08
1.43731e-06
7.81198e-08
1.43311e-06
1.13101e-07
1.42692e-06
1.45998e-07
1.41897e-06
1.7661e-07
1.40946e-06
2.04762e-07
1.39854e-06
2.30294e-07
1.3863e-06
2.53061e-07
1.37281e-06
2.72925e-07
1.35809e-06
2.89767e-07
1.34214e-06
3.03492e-07
1.32497e-06
3.14046e-07
1.30659e-06
3.21433e-07
1.287e-06
3.25719e-07
1.26621e-06
3.27048e-07
1.24422e-06
3.25642e-07
1.22102e-06
3.21805e-07
1.1966e-06
3.15918e-07
1.17097e-06
3.08439e-07
1.1442e-06
2.99888e-07
1.11636e-06
2.90841e-07
1.08765e-06
2.81925e-07
1.05831e-06
2.73823e-07
1.02872e-06
2.67295e-07
9.99309e-07
2.63149e-07
9.70522e-07
2.62128e-07
9.42728e-07
2.64705e-07
9.163e-07
2.70952e-07
8.9192e-07
2.80669e-07
8.70964e-07
2.93733e-07
8.55449e-07
3.10163e-07
8.47143e-07
3.29389e-07
8.463e-07
3.49189e-07
8.51164e-07
3.65577e-07
8.58752e-07
3.74152e-07
8.66193e-07
3.71836e-07
8.71642e-07
3.57698e-07
8.74449e-07
3.32644e-07
8.74845e-07
2.98596e-07
8.73501e-07
2.57739e-07
8.71181e-07
2.12086e-07
8.68553e-07
1.63322e-07
8.66088e-07
1.12803e-07
8.64059e-07
6.16314e-08
8.62572e-07
1.07689e-08
8.61615e-07
-3.88076e-08
8.61066e-07
-8.61243e-08
8.60735e-07
-1.30227e-07
8.60427e-07
-1.70201e-07
8.59976e-07
-2.05248e-07
8.59278e-07
-2.34762e-07
8.58303e-07
-2.58378e-07
8.57094e-07
-2.76033e-07
8.55741e-07
-2.8779e-07
-2.94468e-07
8.54454e-07
-1.87427e-08
-7.5337e-07
-5.55812e-08
-6.97437e-07
-1.02206e-07
-5.16639e-07
-1.59918e-07
-3.25374e-07
-2.29778e-07
-8.95183e-08
-3.10316e-07
1.82582e-07
-3.97089e-07
4.67701e-07
-4.81635e-07
7.4371e-07
-5.50493e-07
9.85552e-07
-5.93032e-07
1.16891e-06
-6.081e-07
1.28053e-06
-6.03986e-07
1.32544e-06
-5.91903e-07
1.32267e-06
-5.79721e-07
1.29254e-06
-5.71062e-07
1.24834e-06
-5.67843e-07
1.19707e-06
-5.71753e-07
1.14256e-06
-5.83338e-07
1.08523e-06
-6.00517e-07
1.0206e-06
-6.18578e-07
9.40651e-07
-6.32015e-07
8.3841e-07
-6.36904e-07
7.12519e-07
-6.32241e-07
5.68164e-07
-6.19668e-07
4.14096e-07
-6.01937e-07
2.58127e-07
-5.80814e-07
1.04477e-07
-5.56005e-07
-4.62912e-08
-5.26619e-07
-1.9322e-07
-4.92183e-07
-3.32139e-07
-4.52928e-07
-4.59382e-07
-4.094e-07
-5.719e-07
-3.61642e-07
-6.67978e-07
-3.09038e-07
-7.45963e-07
-2.51452e-07
-8.02577e-07
-1.90598e-07
-8.33748e-07
-1.30261e-07
-8.38787e-07
-7.51429e-08
-8.24046e-07
-2.84853e-08
-8.03414e-07
9.64704e-09
-7.92657e-07
4.20867e-08
-8.03028e-07
7.33995e-08
-8.35928e-07
1.07275e-07
-8.82991e-07
1.45122e-07
-9.30888e-07
1.864e-07
-9.67035e-07
2.29289e-07
-9.83731e-07
2.71762e-07
-9.78916e-07
3.12136e-07
-9.54865e-07
3.49317e-07
-9.16131e-07
3.8277e-07
-8.67857e-07
4.12383e-07
-8.14699e-07
4.38311e-07
-7.60325e-07
4.60823e-07
-7.07303e-07
4.8013e-07
-6.57258e-07
4.96254e-07
-6.11229e-07
5.09023e-07
-5.70059e-07
5.18285e-07
-5.34526e-07
5.24316e-07
-5.04963e-07
5.28208e-07
-4.80327e-07
5.31953e-07
-4.57127e-07
5.37971e-07
-4.28976e-07
5.48121e-07
-3.87502e-07
5.62572e-07
-3.24678e-07
5.79199e-07
-2.35448e-07
5.9392e-07
-1.19071e-07
6.0205e-07
2.16646e-08
6.00511e-07
1.82775e-07
5.88918e-07
3.62615e-07
5.7003e-07
5.58138e-07
5.4893e-07
7.60371e-07
5.30943e-07
9.49869e-07
5.18737e-07
1.09869e-06
5.10611e-07
1.18244e-06
5.02346e-07
1.19521e-06
4.91552e-07
1.15173e-06
4.78834e-07
1.07349e-06
4.65643e-07
9.76438e-07
4.52894e-07
8.69935e-07
4.40915e-07
7.59824e-07
4.29912e-07
6.50155e-07
4.20262e-07
5.43279e-07
4.12462e-07
4.40015e-07
4.06973e-07
3.40276e-07
4.04219e-07
2.4361e-07
4.04518e-07
1.49516e-07
4.08108e-07
5.78288e-08
4.15144e-07
-3.1275e-08
4.25925e-07
-1.18325e-07
4.4067e-07
-2.04398e-07
4.59452e-07
-2.89614e-07
4.8227e-07
-3.73906e-07
5.09056e-07
-4.57095e-07
5.39683e-07
-5.38702e-07
5.73918e-07
-6.17611e-07
6.11332e-07
-6.91811e-07
6.51233e-07
-7.58489e-07
6.92685e-07
-8.1459e-07
7.34634e-07
-8.57632e-07
7.76093e-07
-8.86345e-07
8.16276e-07
-9.00822e-07
8.54649e-07
-9.02199e-07
8.90899e-07
-8.92153e-07
9.24895e-07
-8.72531e-07
9.56676e-07
-8.45228e-07
9.86478e-07
-8.12203e-07
1.01475e-06
-7.75467e-07
1.04213e-06
-7.36954e-07
1.06932e-06
-6.983e-07
1.09701e-06
-6.60646e-07
1.12566e-06
-6.24539e-07
1.15552e-06
-5.89973e-07
1.18651e-06
-5.56529e-07
1.21833e-06
-5.23557e-07
1.25049e-06
-4.90357e-07
1.2824e-06
-4.56303e-07
1.31344e-06
-4.2092e-07
1.34303e-06
-3.83912e-07
1.37062e-06
-3.45161e-07
1.39576e-06
-3.04705e-07
1.41805e-06
-2.62719e-07
1.43721e-06
-2.19485e-07
1.45302e-06
-1.75366e-07
1.46534e-06
-1.30779e-07
1.47411e-06
-8.61794e-08
1.47936e-06
-4.20715e-08
1.48123e-06
1.00906e-09
1.47994e-06
4.25804e-08
1.47579e-06
8.2269e-08
1.46914e-06
1.19757e-07
1.46034e-06
1.54793e-07
1.44976e-06
1.87192e-07
1.4377e-06
2.16821e-07
1.42441e-06
2.43579e-07
1.41009e-06
2.67389e-07
1.39483e-06
2.88185e-07
1.37868e-06
3.05913e-07
1.36164e-06
3.20527e-07
1.34368e-06
3.32008e-07
1.32475e-06
3.4037e-07
1.30479e-06
3.45679e-07
1.28376e-06
3.48069e-07
1.26166e-06
3.47742e-07
1.23849e-06
3.44981e-07
1.21427e-06
3.40142e-07
1.18905e-06
3.33651e-07
1.16295e-06
3.25993e-07
1.13609e-06
3.17698e-07
1.10869e-06
3.09327e-07
1.08103e-06
3.01481e-07
1.05352e-06
2.9481e-07
1.02665e-06
2.90014e-07
1.001e-06
2.87776e-07
9.77103e-07
2.88605e-07
9.55397e-07
2.92659e-07
9.36354e-07
2.99712e-07
9.20736e-07
3.09351e-07
9.09743e-07
3.21157e-07
9.04641e-07
3.34491e-07
9.05936e-07
3.47893e-07
9.12744e-07
3.58768e-07
9.22975e-07
3.63921e-07
9.34166e-07
3.60645e-07
9.44318e-07
3.47546e-07
9.52292e-07
3.24671e-07
9.57763e-07
2.93125e-07
9.60957e-07
2.54545e-07
9.62355e-07
2.10688e-07
9.62478e-07
1.63199e-07
9.61748e-07
1.13533e-07
9.60437e-07
6.2942e-08
9.58677e-07
1.25296e-08
9.56504e-07
-3.66348e-08
9.53869e-07
-8.34893e-08
9.50675e-07
-1.27034e-07
9.46837e-07
-1.66363e-07
9.42318e-07
-2.00729e-07
9.37153e-07
-2.29596e-07
9.31454e-07
-2.52679e-07
9.25397e-07
-2.69977e-07
9.19203e-07
-2.81595e-07
-2.88402e-07
9.13138e-07
-3.15728e-08
-7.21797e-07
-7.76857e-08
-6.51324e-07
-1.34666e-07
-4.59658e-07
-2.0226e-07
-2.5778e-07
-2.7731e-07
-1.44682e-08
-3.54617e-07
2.59889e-07
-4.28138e-07
5.41222e-07
-4.89194e-07
8.04765e-07
-5.28908e-07
1.02527e-06
-5.43454e-07
1.18346e-06
-5.36781e-07
1.27385e-06
-5.18022e-07
1.30669e-06
-4.95949e-07
1.30059e-06
-4.75731e-07
1.27232e-06
-4.59805e-07
1.23241e-06
-4.49887e-07
1.18716e-06
-4.47223e-07
1.1399e-06
-4.51313e-07
1.08932e-06
-4.59068e-07
1.02836e-06
-4.65645e-07
9.47228e-07
-4.66513e-07
8.39278e-07
-4.59331e-07
7.05337e-07
-4.44481e-07
5.53315e-07
-4.24397e-07
3.94012e-07
-4.02531e-07
2.3626e-07
-3.79981e-07
8.19269e-08
-3.5583e-07
-7.0442e-08
-3.28014e-07
-2.21036e-07
-2.95942e-07
-3.6421e-07
-2.60099e-07
-4.95225e-07
-2.21633e-07
-6.10366e-07
-1.81036e-07
-7.08575e-07
-1.37633e-07
-7.89367e-07
-9.05371e-08
-8.49672e-07
-4.04668e-08
-8.83819e-07
9.64091e-09
-8.88895e-07
5.59389e-08
-8.70344e-07
9.5812e-08
-8.43287e-07
1.29339e-07
-8.26184e-07
1.5895e-07
-8.32639e-07
1.88146e-07
-8.65124e-07
2.19639e-07
-9.14484e-07
2.54144e-07
-9.65392e-07
2.90673e-07
-1.00356e-06
3.27417e-07
-1.02047e-06
3.62621e-07
-1.01412e-06
3.95033e-07
-9.87277e-07
4.24008e-07
-9.45106e-07
4.49382e-07
-8.9323e-07
4.71294e-07
-8.36611e-07
4.90041e-07
-7.79072e-07
5.05956e-07
-7.23219e-07
5.19305e-07
-6.70607e-07
5.3015e-07
-6.22074e-07
5.38285e-07
-5.78193e-07
5.43349e-07
-5.3959e-07
5.45194e-07
-5.06809e-07
5.44386e-07
-4.79519e-07
5.42541e-07
-4.55281e-07
5.42152e-07
-4.28587e-07
5.45751e-07
-3.91101e-07
5.5466e-07
-3.33587e-07
5.68044e-07
-2.48832e-07
5.82885e-07
-1.33912e-07
5.95091e-07
9.45825e-09
6.01624e-07
1.76242e-07
6.01873e-07
3.62366e-07
5.97911e-07
5.621e-07
5.93533e-07
7.6475e-07
5.92212e-07
9.51191e-07
5.94759e-07
1.09614e-06
5.98515e-07
1.17868e-06
5.99566e-07
1.19416e-06
5.96136e-07
1.15516e-06
5.89113e-07
1.08051e-06
5.80153e-07
9.85398e-07
5.70443e-07
8.79645e-07
5.6069e-07
7.69576e-07
5.51497e-07
6.59348e-07
5.43481e-07
5.51295e-07
5.37192e-07
4.46303e-07
5.33079e-07
3.44389e-07
5.31544e-07
2.45145e-07
5.32932e-07
1.48128e-07
5.37505e-07
5.32552e-08
5.45406e-07
-3.91758e-08
5.56861e-07
-1.2978e-07
5.72005e-07
-2.19543e-07
5.90855e-07
-3.08465e-07
6.13351e-07
-3.96401e-07
6.39358e-07
-4.83102e-07
6.68656e-07
-5.67999e-07
7.00875e-07
-6.49831e-07
7.35426e-07
-7.26361e-07
7.71463e-07
-7.94526e-07
8.07966e-07
-8.51094e-07
8.43914e-07
-8.9358e-07
8.78468e-07
-9.209e-07
9.11088e-07
-9.33442e-07
9.41517e-07
-9.32628e-07
9.69716e-07
-9.20352e-07
9.95807e-07
-8.98622e-07
1.02008e-06
-8.69501e-07
1.04303e-06
-8.35154e-07
1.06537e-06
-7.97811e-07
1.08797e-06
-7.59548e-07
1.11167e-06
-7.22003e-07
1.13716e-06
-6.86138e-07
1.16482e-06
-6.5219e-07
1.19463e-06
-6.19785e-07
1.22626e-06
-5.88165e-07
1.25914e-06
-5.56431e-07
1.29252e-06
-5.23744e-07
1.32566e-06
-4.89438e-07
1.35781e-06
-4.53073e-07
1.38833e-06
-4.14432e-07
1.41666e-06
-3.73491e-07
1.44234e-06
-3.30384e-07
1.465e-06
-2.85374e-07
1.48433e-06
-2.38823e-07
1.50013e-06
-1.91167e-07
1.51224e-06
-1.42888e-07
1.52057e-06
-9.45068e-08
1.5251e-06
-4.65969e-08
1.52589e-06
2.19844e-10
1.52311e-06
4.53559e-08
1.51705e-06
8.83258e-08
1.50809e-06
1.28722e-07
1.49665e-06
1.66233e-07
1.48319e-06
2.00654e-07
1.46814e-06
2.31866e-07
1.4519e-06
2.59823e-07
1.43476e-06
2.84521e-07
1.41696e-06
3.05986e-07
1.39862e-06
3.24251e-07
1.3798e-06
3.39355e-07
1.36046e-06
3.51344e-07
1.34055e-06
3.60278e-07
1.31999e-06
3.66244e-07
1.29868e-06
3.69372e-07
1.27658e-06
3.6985e-07
1.25363e-06
3.67927e-07
1.22985e-06
3.63921e-07
1.20529e-06
3.58211e-07
1.18005e-06
3.51234e-07
1.15428e-06
3.43466e-07
1.1282e-06
3.3541e-07
1.10209e-06
3.27588e-07
1.07635e-06
3.20547e-07
1.0515e-06
3.14866e-07
1.02815e-06
3.11128e-07
1.00693e-06
3.09819e-07
9.88421e-07
3.11172e-07
9.73073e-07
3.15059e-07
9.61375e-07
3.21049e-07
9.53979e-07
3.28553e-07
9.51631e-07
3.36838e-07
9.54743e-07
3.44782e-07
9.62891e-07
3.50621e-07
9.74706e-07
3.52105e-07
9.88271e-07
3.4708e-07
1.00172e-06
3.34099e-07
1.01367e-06
3.12723e-07
1.02336e-06
2.83429e-07
1.03059e-06
2.4732e-07
1.03547e-06
2.05807e-07
1.03829e-06
1.6038e-07
1.03934e-06
1.12479e-07
1.03885e-06
6.34263e-08
1.03697e-06
1.44134e-08
1.03377e-06
-3.34346e-08
1.02929e-06
-7.90063e-08
1.02354e-06
-1.21284e-07
1.01657e-06
-1.59395e-07
1.00849e-06
-1.92649e-07
9.99482e-07
-2.20587e-07
9.8979e-07
-2.42987e-07
9.7971e-07
-2.59896e-07
9.69562e-07
-2.71447e-07
-2.78497e-07
9.59657e-07
-3.98143e-08
-6.81983e-07
-9.17562e-08
-5.99382e-07
-1.53853e-07
-3.97561e-07
-2.24632e-07
-1.87001e-07
-2.97384e-07
5.82834e-08
-3.65426e-07
3.27931e-07
-4.2227e-07
5.98066e-07
-4.60954e-07
8.4345e-07
-4.76949e-07
1.04126e-06
-4.71012e-07
1.17752e-06
-4.49341e-07
1.25218e-06
-4.20251e-07
1.2776e-06
-3.90252e-07
1.27059e-06
-3.6283e-07
1.2449e-06
-3.39786e-07
1.20937e-06
-3.2245e-07
1.16982e-06
-3.1135e-07
1.1288e-06
-3.0525e-07
1.08322e-06
-3.01001e-07
1.02411e-06
-2.94715e-07
9.40942e-07
-2.83456e-07
8.28019e-07
-2.66312e-07
6.88192e-07
-2.44198e-07
5.31201e-07
-2.1931e-07
3.69123e-07
-1.95236e-07
2.12187e-07
-1.73149e-07
5.98394e-08
-1.49711e-07
-9.388e-08
-1.23659e-07
-2.47088e-07
-9.42337e-08
-3.93636e-07
-6.19934e-08
-5.27465e-07
-2.82122e-08
-6.44147e-07
6.03722e-09
-7.42824e-07
4.13438e-08
-8.24673e-07
7.84155e-08
-8.86744e-07
1.16791e-07
-9.22194e-07
1.5457e-07
-9.26674e-07
1.89609e-07
-9.05383e-07
2.20572e-07
-8.7425e-07
2.48046e-07
-8.53657e-07
2.74286e-07
-8.58879e-07
3.0179e-07
-8.92628e-07
3.3179e-07
-9.44485e-07
3.63754e-07
-9.97357e-07
3.96019e-07
-1.03583e-06
4.26739e-07
-1.05119e-06
4.54547e-07
-1.04193e-06
4.78767e-07
-1.0115e-06
4.9931e-07
-9.6565e-07
5.16456e-07
-9.10376e-07
5.30631e-07
-8.50786e-07
5.42266e-07
-7.90707e-07
5.51732e-07
-7.32685e-07
5.59294e-07
-6.78169e-07
5.65034e-07
-6.27813e-07
5.68749e-07
-5.81909e-07
5.69974e-07
-5.40815e-07
5.68235e-07
-5.0507e-07
5.63567e-07
-4.74851e-07
5.57047e-07
-4.48762e-07
5.50965e-07
-4.22505e-07
5.48272e-07
-3.88409e-07
5.51389e-07
-3.36704e-07
5.60943e-07
-2.58385e-07
5.75286e-07
-1.48255e-07
5.91167e-07
-6.42262e-09
6.05504e-07
1.61905e-07
6.17209e-07
3.50661e-07
6.27423e-07
5.51885e-07
6.38595e-07
7.53578e-07
6.52585e-07
9.37201e-07
6.68792e-07
1.07993e-06
6.83944e-07
1.16353e-06
6.94338e-07
1.18376e-06
6.98507e-07
1.15099e-06
6.97422e-07
1.0816e-06
6.92875e-07
9.89945e-07
6.86374e-07
8.86147e-07
6.79034e-07
7.76916e-07
6.71791e-07
6.66591e-07
6.65445e-07
5.57641e-07
6.60616e-07
4.51132e-07
6.57795e-07
3.4721e-07
6.57413e-07
2.45527e-07
6.59837e-07
1.45705e-07
6.65321e-07
4.77708e-08
6.73981e-07
-4.78359e-08
6.85985e-07
-1.41784e-07
7.01384e-07
-2.34942e-07
7.20131e-07
-3.27212e-07
7.42102e-07
-4.18371e-07
7.67086e-07
-5.08086e-07
7.94752e-07
-5.95665e-07
8.24575e-07
-6.79654e-07
8.55782e-07
-7.57568e-07
8.87373e-07
-8.26117e-07
9.18271e-07
-8.81991e-07
9.47537e-07
-9.22846e-07
9.74557e-07
-9.4792e-07
9.99093e-07
-9.57979e-07
1.02122e-06
-9.54751e-07
1.04118e-06
-9.40321e-07
1.0594e-06
-9.16836e-07
1.07642e-06
-8.86525e-07
1.09304e-06
-8.5177e-07
1.11023e-06
-8.15001e-07
1.12904e-06
-7.78364e-07
1.1504e-06
-7.43355e-07
1.17486e-06
-7.10598e-07
1.20254e-06
-6.79873e-07
1.23311e-06
-6.50356e-07
1.26589e-06
-6.20943e-07
1.3e-06
-5.90543e-07
1.33452e-06
-5.58261e-07
1.36857e-06
-5.23489e-07
1.40139e-06
-4.85897e-07
1.43236e-06
-4.45397e-07
1.46095e-06
-4.02084e-07
1.48676e-06
-3.56196e-07
1.50946e-06
-3.08075e-07
1.52879e-06
-2.58148e-07
1.54453e-06
-2.06908e-07
1.55653e-06
-1.54887e-07
1.56467e-06
-1.02649e-07
1.56888e-06
-5.08092e-08
1.56915e-06
-4.9137e-11
1.56556e-06
4.89538e-08
1.55829e-06
9.55904e-08
1.54768e-06
1.39336e-07
1.53413e-06
1.79776e-07
1.51816e-06
2.16631e-07
1.50027e-06
2.49751e-07
1.48099e-06
2.79102e-07
1.46077e-06
3.04741e-07
1.43998e-06
3.26776e-07
1.41888e-06
3.45349e-07
1.39763e-06
3.60605e-07
1.37629e-06
3.72687e-07
1.35484e-06
3.81734e-07
1.33319e-06
3.87886e-07
1.31126e-06
3.91302e-07
1.28895e-06
3.92168e-07
1.26616e-06
3.90712e-07
1.24287e-06
3.87212e-07
1.21908e-06
3.82e-07
1.19486e-06
3.75454e-07
1.17034e-06
3.67991e-07
1.1457e-06
3.60051e-07
1.1212e-06
3.52082e-07
1.09721e-06
3.44541e-07
1.07418e-06
3.37894e-07
1.0527e-06
3.32608e-07
1.03342e-06
3.29097e-07
1.01698e-06
3.27612e-07
1.00391e-06
3.28129e-07
9.94638e-07
3.30323e-07
9.89557e-07
3.33634e-07
9.89058e-07
3.37337e-07
9.93354e-07
3.40485e-07
1.00218e-06
3.41793e-07
1.01463e-06
3.39657e-07
1.02927e-06
3.32441e-07
1.0445e-06
3.18864e-07
1.05893e-06
2.98293e-07
1.07156e-06
2.70805e-07
1.08181e-06
2.37067e-07
1.08948e-06
1.98138e-07
1.09458e-06
1.55283e-07
1.09723e-06
1.09832e-07
1.09756e-06
6.30865e-08
1.09571e-06
1.62641e-08
1.09178e-06
-2.95026e-08
1.08588e-06
-7.31038e-08
1.07814e-06
-1.13542e-07
1.06874e-06
-1.49994e-07
1.05792e-06
-1.81836e-07
1.04601e-06
-2.08671e-07
1.03335e-06
-2.30327e-07
1.02032e-06
-2.46873e-07
1.00733e-06
-2.58451e-07
-2.65863e-07
9.94694e-07
-4.42901e-08
-6.37693e-07
-9.84443e-08
-5.45228e-07
-1.60688e-07
-3.35317e-07
-2.28914e-07
-1.18776e-07
-2.93745e-07
1.23115e-07
-3.48974e-07
3.8316e-07
-3.88307e-07
6.37399e-07
-4.07158e-07
8.623e-07
-4.04387e-07
1.03849e-06
-3.83388e-07
1.15652e-06
-3.50869e-07
1.21967e-06
-3.13791e-07
1.24052e-06
-2.76927e-07
1.23373e-06
-2.42699e-07
1.21067e-06
-2.12364e-07
1.17904e-06
-1.86656e-07
1.14411e-06
-1.6545e-07
1.10759e-06
-1.47362e-07
1.06513e-06
-1.3006e-07
1.00681e-06
-1.11308e-07
9.2219e-07
-8.9937e-08
8.06648e-07
-6.61658e-08
6.64421e-07
-4.11021e-08
5.06138e-07
-1.60753e-08
3.44096e-07
9.16968e-09
1.86942e-07
3.32538e-08
3.57553e-08
5.85067e-08
-1.19133e-07
8.47497e-08
-2.73331e-07
1.12427e-07
-4.21313e-07
1.40861e-07
-5.55899e-07
1.68918e-07
-6.72205e-07
1.96229e-07
-7.70135e-07
2.23082e-07
-8.51527e-07
2.49944e-07
-9.13606e-07
2.76396e-07
-9.48647e-07
3.0132e-07
-9.51597e-07
3.23951e-07
-9.28014e-07
3.44725e-07
-8.95024e-07
3.65441e-07
-8.74374e-07
3.88358e-07
-8.81795e-07
4.14704e-07
-9.18974e-07
4.43825e-07
-9.73605e-07
4.73607e-07
-1.02714e-06
5.01632e-07
-1.06385e-06
5.2611e-07
-1.07567e-06
5.46222e-07
-1.06204e-06
5.6199e-07
-1.02726e-06
5.73957e-07
-9.77617e-07
5.82869e-07
-9.19288e-07
5.8943e-07
-8.57348e-07
5.94189e-07
-7.95465e-07
5.97512e-07
-7.36007e-07
5.99613e-07
-6.8027e-07
6.00548e-07
-6.28748e-07
6.0013e-07
-5.81491e-07
5.97867e-07
-5.38552e-07
5.9309e-07
-5.00293e-07
5.85386e-07
-4.67146e-07
5.75224e-07
-4.38601e-07
5.64431e-07
-4.11712e-07
5.56049e-07
-3.80026e-07
5.53365e-07
-3.34021e-07
5.585e-07
-2.6352e-07
5.71393e-07
-1.61148e-07
5.89922e-07
-2.49514e-08
6.11099e-07
1.40728e-07
6.33269e-07
3.28492e-07
6.56513e-07
5.28641e-07
6.81939e-07
7.28151e-07
7.10003e-07
9.09137e-07
7.39022e-07
1.05092e-06
7.65305e-07
1.13725e-06
7.85237e-07
1.16383e-06
7.9742e-07
1.13881e-06
8.02754e-07
1.07626e-06
8.03105e-07
9.89594e-07
8.0027e-07
8.88981e-07
7.9573e-07
7.81456e-07
7.907e-07
6.71621e-07
7.86156e-07
5.62184e-07
7.82846e-07
4.54442e-07
7.81342e-07
3.48714e-07
7.82105e-07
2.44764e-07
7.85492e-07
1.42317e-07
7.91748e-07
4.15151e-08
8.0098e-07
-5.70675e-08
8.13312e-07
-1.54116e-07
8.28717e-07
-2.50346e-07
8.47073e-07
-3.45568e-07
8.68184e-07
-4.39482e-07
8.91747e-07
-5.31649e-07
9.17298e-07
-6.21216e-07
9.44138e-07
-7.06494e-07
9.71306e-07
-7.84736e-07
9.97671e-07
-8.52483e-07
1.02216e-06
-9.06477e-07
1.04399e-06
-9.44679e-07
1.06286e-06
-9.66789e-07
1.07889e-06
-9.74013e-07
1.09252e-06
-9.68373e-07
1.1043e-06
-9.52103e-07
1.11492e-06
-9.27461e-07
1.12524e-06
-8.96847e-07
1.13634e-06
-8.62865e-07
1.14943e-06
-8.2809e-07
1.16567e-06
-7.94607e-07
1.18589e-06
-7.63579e-07
1.21039e-06
-7.35096e-07
1.23888e-06
-7.08362e-07
1.27061e-06
-6.8208e-07
1.30453e-06
-6.54868e-07
1.33955e-06
-6.2556e-07
1.37462e-06
-5.93338e-07
1.40889e-06
-5.57753e-07
1.44164e-06
-5.18652e-07
1.47235e-06
-4.76102e-07
1.50058e-06
-4.30321e-07
1.52602e-06
-3.81629e-07
1.54837e-06
-3.30429e-07
1.56741e-06
-2.77191e-07
1.58295e-06
-2.22445e-07
1.59482e-06
-1.66761e-07
1.60291e-06
-1.10736e-07
1.60711e-06
-5.50066e-08
1.60734e-06
-2.79971e-10
1.60359e-06
5.27088e-08
1.59593e-06
1.03244e-07
1.58458e-06
1.50685e-07
1.56987e-06
1.94491e-07
1.55223e-06
2.34264e-07
1.53222e-06
2.69764e-07
1.51041e-06
3.00913e-07
1.48738e-06
3.27775e-07
1.46364e-06
3.50517e-07
1.43961e-06
3.69373e-07
1.41561e-06
3.84606e-07
1.39182e-06
3.96477e-07
1.36832e-06
4.05235e-07
1.3451e-06
4.11109e-07
1.32208e-06
4.14318e-07
1.29917e-06
4.15079e-07
1.27626e-06
4.13622e-07
1.25327e-06
4.10202e-07
1.23016e-06
4.0511e-07
1.20695e-06
3.98669e-07
1.1837e-06
3.91235e-07
1.16057e-06
3.83183e-07
1.13776e-06
3.74894e-07
1.11555e-06
3.66746e-07
1.09434e-06
3.59106e-07
1.07462e-06
3.52333e-07
1.05697e-06
3.46747e-07
1.04201e-06
3.42568e-07
1.03031e-06
3.39828e-07
1.02232e-06
3.38316e-07
1.01836e-06
3.37592e-07
1.01867e-06
3.37032e-07
1.02331e-06
3.35847e-07
1.03205e-06
3.3305e-07
1.04424e-06
3.27469e-07
1.0588e-06
3.1788e-07
1.07443e-06
3.03235e-07
1.08983e-06
2.82889e-07
1.10393e-06
2.56707e-07
1.11595e-06
2.25051e-07
1.12541e-06
1.88677e-07
1.13209e-06
1.48602e-07
1.13592e-06
1.05996e-07
1.13695e-06
6.20629e-08
1.13523e-06
1.79815e-08
1.13089e-06
-2.51646e-08
1.12411e-06
-6.63172e-08
1.1151e-06
-1.04531e-07
1.10415e-06
-1.39048e-07
1.09162e-06
-1.69306e-07
1.0779e-06
-1.94956e-07
1.06344e-06
-2.15859e-07
1.04865e-06
-2.32085e-07
1.03396e-06
-2.43768e-07
-2.51629e-07
1.01973e-06
-4.61253e-08
-5.91567e-07
-9.96213e-08
-4.91732e-07
-1.5799e-07
-2.76949e-07
-2.19096e-07
-5.76694e-08
-2.72548e-07
1.76567e-07
-3.12983e-07
4.23595e-07
-3.35168e-07
6.59584e-07
-3.36714e-07
8.63846e-07
-3.18833e-07
1.02061e-06
-2.86177e-07
1.12387e-06
-2.4509e-07
1.17858e-06
-2.01181e-07
1.19661e-06
-1.57958e-07
1.19051e-06
-1.17076e-07
1.16979e-06
-7.9224e-08
1.14118e-06
-4.44759e-08
1.10936e-06
-1.22539e-08
1.07537e-06
1.84962e-08
1.03438e-06
4.88253e-08
9.76479e-07
7.92117e-08
8.91804e-07
1.09332e-07
7.76527e-07
1.38482e-07
6.3527e-07
1.6608e-07
4.7854e-07
1.91942e-07
3.18234e-07
2.16727e-07
1.62157e-07
2.43364e-07
9.1181e-09
2.69677e-07
-1.45446e-07
2.95554e-07
-2.99208e-07
3.20552e-07
-4.46311e-07
3.43972e-07
-5.79319e-07
3.65296e-07
-6.93528e-07
3.84794e-07
-7.89633e-07
4.02954e-07
-8.69686e-07
4.19679e-07
-9.3033e-07
4.34175e-07
-9.63143e-07
4.45942e-07
-9.63364e-07
4.55885e-07
-9.37956e-07
4.66519e-07
-9.05658e-07
4.81027e-07
-8.88883e-07
5.0149e-07
-9.02258e-07
5.27437e-07
-9.44921e-07
5.55987e-07
-1.00216e-06
5.83394e-07
-1.05455e-06
6.06665e-07
-1.08713e-06
6.24313e-07
-1.09332e-06
6.36254e-07
-1.07398e-06
6.4331e-07
-1.03432e-06
6.46674e-07
-9.80981e-07
6.47519e-07
-9.20133e-07
6.46777e-07
-8.56606e-07
6.45062e-07
-7.9375e-07
6.42697e-07
-7.33642e-07
6.398e-07
-6.77374e-07
6.3635e-07
-6.25299e-07
6.32157e-07
-5.77297e-07
6.26759e-07
-5.33154e-07
6.19423e-07
-4.92956e-07
6.09424e-07
-4.57148e-07
5.96659e-07
-4.25836e-07
5.82319e-07
-3.97372e-07
5.69166e-07
-3.66873e-07
5.60981e-07
-3.25836e-07
5.61204e-07
-2.63743e-07
5.71491e-07
-1.71435e-07
5.91141e-07
-4.46014e-08
6.17598e-07
1.14271e-07
6.4871e-07
2.9738e-07
6.83484e-07
4.93868e-07
7.21727e-07
6.89908e-07
7.62661e-07
8.68203e-07
8.03751e-07
1.00983e-06
8.40984e-07
1.10001e-06
8.70724e-07
1.13409e-06
8.91456e-07
1.11808e-06
9.03888e-07
1.06383e-06
9.09856e-07
9.83627e-07
9.11359e-07
8.87478e-07
9.10167e-07
7.82648e-07
9.07756e-07
6.74032e-07
9.05303e-07
5.64637e-07
9.03702e-07
4.56043e-07
9.03613e-07
3.48804e-07
9.0552e-07
2.42857e-07
9.09783e-07
1.38054e-07
9.16645e-07
3.46528e-08
9.2622e-07
-6.66426e-08
9.38593e-07
-1.6649e-07
9.5366e-07
-2.65413e-07
9.71225e-07
-3.63133e-07
9.91004e-07
-4.5926e-07
1.01258e-06
-5.53228e-07
1.03535e-06
-6.43982e-07
1.05841e-06
-7.2956e-07
1.08065e-06
-8.06972e-07
1.10085e-06
-8.72684e-07
1.11803e-06
-9.23656e-07
1.13169e-06
-9.58333e-07
1.14189e-06
-9.76994e-07
1.14919e-06
-9.81309e-07
1.15436e-06
-9.73542e-07
1.15827e-06
-9.56017e-07
1.16189e-06
-9.31083e-07
1.16637e-06
-9.01321e-07
1.17304e-06
-8.69539e-07
1.1833e-06
-8.38352e-07
1.19827e-06
-8.09578e-07
1.2185e-06
-7.83811e-07
1.24384e-06
-7.60431e-07
1.27348e-06
-7.38007e-07
1.30625e-06
-7.14844e-07
1.34082e-06
-6.89437e-07
1.37598e-06
-6.60719e-07
1.41073e-06
-6.28095e-07
1.44434e-06
-5.91356e-07
1.47624e-06
-5.50553e-07
1.50603e-06
-5.05897e-07
1.5334e-06
-4.57691e-07
1.55807e-06
-4.063e-07
1.5798e-06
-3.52153e-07
1.59835e-06
-2.95743e-07
1.61353e-06
-2.37628e-07
1.62519e-06
-1.78415e-07
1.63319e-06
-1.18737e-07
1.63744e-06
-5.92578e-08
1.63785e-06
-6.89143e-10
1.63434e-06
5.62153e-08
1.62691e-06
1.10674e-07
1.61564e-06
1.61959e-07
1.60071e-06
2.09417e-07
1.58246e-06
2.52513e-07
1.56135e-06
2.90877e-07
1.53794e-06
3.24325e-07
1.51285e-06
3.52865e-07
1.4867e-06
3.76663e-07
1.46006e-06
3.9601e-07
1.4334e-06
4.11265e-07
1.40707e-06
4.22812e-07
1.38128e-06
4.31027e-07
1.35613e-06
4.36258e-07
1.33163e-06
4.38817e-07
1.30772e-06
4.38987e-07
1.28431e-06
4.37033e-07
1.2613e-06
4.33214e-07
1.23861e-06
4.27797e-07
1.21621e-06
4.21067e-07
1.19413e-06
4.13323e-07
1.17243e-06
4.04882e-07
1.15126e-06
3.9606e-07
1.13084e-06
3.87166e-07
1.11146e-06
3.78489e-07
1.09349e-06
3.70297e-07
1.07742e-06
3.62822e-07
1.06376e-06
3.56225e-07
1.05304e-06
3.50545e-07
1.04571e-06
3.45647e-07
1.0421e-06
3.41211e-07
1.04238e-06
3.3675e-07
1.04658e-06
3.3164e-07
1.05451e-06
3.25123e-07
1.06565e-06
3.16331e-07
1.07918e-06
3.04352e-07
1.09404e-06
2.88372e-07
1.10911e-06
2.6782e-07
1.12333e-06
2.42484e-07
1.13584e-06
2.12537e-07
1.14602e-06
1.785e-07
1.15346e-06
1.41167e-07
1.15794e-06
1.01513e-07
1.1594e-06
6.06065e-08
1.15786e-06
1.95209e-08
1.15343e-06
-2.07388e-08
1.14632e-06
-5.92037e-08
1.13679e-06
-9.50087e-08
1.12521e-06
-1.27466e-07
1.11198e-06
-1.56073e-07
1.09754e-06
-1.80521e-07
1.08237e-06
-2.00683e-07
1.06691e-06
-2.16622e-07
1.05159e-06
-2.28452e-07
-2.36798e-07
1.03676e-06
-4.67661e-08
-5.44801e-07
-9.79263e-08
-4.40572e-07
-1.49601e-07
-2.25273e-07
-2.00109e-07
-7.1616e-09
-2.40201e-07
2.16659e-07
-2.64916e-07
4.48309e-07
-2.70606e-07
6.65274e-07
-2.56724e-07
8.49964e-07
-2.25996e-07
9.8988e-07
-1.83511e-07
1.08138e-06
-1.34894e-07
1.12996e-06
-8.45802e-08
1.14629e-06
-3.51417e-08
1.14107e-06
1.23233e-08
1.12232e-06
5.76784e-08
1.09583e-06
1.01465e-07
1.06558e-06
1.44522e-07
1.03231e-06
1.8748e-07
9.91422e-07
2.30105e-07
9.33855e-07
2.712e-07
8.50709e-07
3.09177e-07
7.3855e-07
3.42931e-07
6.01516e-07
3.72309e-07
4.49162e-07
3.98614e-07
2.91929e-07
4.24615e-07
1.36156e-07
4.51979e-07
-1.82458e-08
4.78947e-07
-1.72414e-07
5.03908e-07
-3.2417e-07
5.25497e-07
-4.679e-07
5.42982e-07
-5.96804e-07
5.56755e-07
-7.07301e-07
5.67981e-07
-8.00859e-07
5.77214e-07
-8.78919e-07
5.83609e-07
-9.36726e-07
5.85961e-07
-9.65495e-07
5.84629e-07
-9.62032e-07
5.82554e-07
-9.35882e-07
5.84475e-07
-9.07578e-07
5.94649e-07
-8.99057e-07
6.14295e-07
-9.21903e-07
6.40632e-07
-9.71259e-07
6.68421e-07
-1.02994e-06
6.92592e-07
-1.07872e-06
7.10038e-07
-1.10457e-06
7.1994e-07
-1.10322e-06
7.23147e-07
-1.07719e-06
7.21315e-07
-1.03249e-06
7.16229e-07
-9.75895e-07
7.0939e-07
-9.13294e-07
7.01859e-07
-8.49075e-07
6.94242e-07
-7.86133e-07
6.86775e-07
-7.26175e-07
6.79449e-07
-6.70047e-07
6.72128e-07
-6.17978e-07
6.64586e-07
-5.69755e-07
6.56415e-07
-5.24984e-07
6.46923e-07
-4.83464e-07
6.35241e-07
-4.45466e-07
6.20813e-07
-4.11408e-07
6.04143e-07
-3.80702e-07
5.87404e-07
-3.50134e-07
5.74381e-07
-3.12813e-07
5.69451e-07
-2.58813e-07
5.75945e-07
-1.77929e-07
5.94853e-07
-6.35094e-08
6.24526e-07
8.45979e-08
6.62566e-07
2.5934e-07
7.07008e-07
4.49425e-07
7.56438e-07
6.40479e-07
8.08975e-07
8.15666e-07
8.61374e-07
9.57427e-07
9.09345e-07
1.05204e-06
9.49136e-07
1.0943e-06
9.78991e-07
1.08822e-06
9.99306e-07
1.04351e-06
1.01177e-06
9.71168e-07
1.01845e-06
8.80798e-07
1.02133e-06
7.79768e-07
1.02211e-06
6.73247e-07
1.02218e-06
5.64572e-07
1.02257e-06
4.55653e-07
1.02404e-06
3.47332e-07
1.02712e-06
2.39774e-07
1.03219e-06
1.32988e-07
1.03948e-06
2.73554e-08
1.04914e-06
-7.63015e-08
1.06121e-06
-1.78556e-07
1.07551e-06
-2.79713e-07
1.09177e-06
-3.7939e-07
1.1096e-06
-4.77091e-07
1.12847e-06
-5.72095e-07
1.14759e-06
-6.63106e-07
1.16591e-06
-7.47881e-07
1.18217e-06
-8.23233e-07
1.19519e-06
-8.85698e-07
1.20418e-06
-9.32647e-07
1.20902e-06
-9.6318e-07
1.21026e-06
-9.78234e-07
1.20886e-06
-9.79908e-07
1.20594e-06
-9.70617e-07
1.20263e-06
-9.52708e-07
1.20016e-06
-9.28611e-07
1.19994e-06
-9.01104e-07
1.20354e-06
-8.73134e-07
1.21236e-06
-8.47177e-07
1.22729e-06
-8.24512e-07
1.2484e-06
-8.04921e-07
1.27494e-06
-7.86962e-07
1.30556e-06
-7.68634e-07
1.33875e-06
-7.48032e-07
1.37308e-06
-7.23763e-07
1.40741e-06
-6.95051e-07
1.44095e-06
-6.61632e-07
1.47316e-06
-6.23568e-07
1.50369e-06
-5.81084e-07
1.53226e-06
-5.34466e-07
1.5586e-06
-4.84036e-07
1.58245e-06
-4.3015e-07
1.60353e-06
-3.73231e-07
1.62157e-06
-3.13781e-07
1.63633e-06
-2.52392e-07
1.64764e-06
-1.89726e-07
1.65539e-06
-1.26483e-07
1.65951e-06
-6.33792e-08
1.65996e-06
-1.13947e-09
1.65669e-06
5.94907e-08
1.64965e-06
1.1771e-07
1.63885e-06
1.72759e-07
1.62435e-06
2.23914e-07
1.60633e-06
2.70531e-07
1.58511e-06
3.12098e-07
1.56115e-06
3.48291e-07
1.53501e-06
3.79e-07
1.50735e-06
4.04326e-07
1.47881e-06
4.24549e-07
1.44999e-06
4.40081e-07
1.4214e-06
4.51404e-07
1.39341e-06
4.59019e-07
1.36626e-06
4.63405e-07
1.34008e-06
4.64996e-07
1.3149e-06
4.64173e-07
1.29066e-06
4.6127e-07
1.26729e-06
4.56582e-07
1.24471e-06
4.50382e-07
1.22284e-06
4.42935e-07
1.20166e-06
4.34503e-07
1.18119e-06
4.25351e-07
1.16151e-06
4.15739e-07
1.14276e-06
4.05917e-07
1.12513e-06
3.96113e-07
1.10891e-06
3.86525e-07
1.09442e-06
3.77311e-07
1.08207e-06
3.68575e-07
1.07228e-06
3.60334e-07
1.06544e-06
3.52486e-07
1.06185e-06
3.44797e-07
1.0617e-06
3.36901e-07
1.06502e-06
3.28325e-07
1.07164e-06
3.18502e-07
1.08117e-06
3.06794e-07
1.09299e-06
2.92536e-07
1.10625e-06
2.75116e-07
1.11999e-06
2.54077e-07
1.13327e-06
2.29206e-07
1.14523e-06
2.00577e-07
1.15518e-06
1.68548e-07
1.16262e-06
1.33726e-07
1.16723e-06
9.68991e-08
1.16887e-06
5.89736e-08
1.1675e-06
2.08881e-08
1.16322e-06
-1.64606e-08
1.15623e-06
-5.22113e-08
1.14681e-06
-8.55932e-08
1.13534e-06
-1.15995e-07
1.12224e-06
-1.42969e-07
1.10796e-06
-1.66239e-07
1.09296e-06
-1.85687e-07
1.07769e-06
-2.01354e-07
1.06257e-06
-2.1333e-07
-2.22146e-07
1.04792e-06
-4.78787e-08
-4.96922e-07
-9.6331e-08
-3.9212e-07
-1.39732e-07
-1.81873e-07
-1.77418e-07
3.05248e-08
-2.02854e-07
2.42095e-07
-2.11314e-07
4.56769e-07
-2.0093e-07
6.5489e-07
-1.72661e-07
8.21695e-07
-1.30168e-07
9.47387e-07
-7.85323e-08
1.02974e-06
-2.256e-08
1.07399e-06
3.40941e-08
1.08964e-06
8.95909e-08
1.08557e-06
1.43454e-07
1.06846e-06
1.96016e-07
1.04327e-06
2.48187e-07
1.01341e-06
3.01001e-07
9.79496e-07
3.54734e-07
9.37689e-07
4.0824e-07
8.80349e-07
4.59151e-07
7.99798e-07
5.04957e-07
6.92743e-07
5.44244e-07
5.6223e-07
5.77333e-07
4.16073e-07
6.06338e-07
2.62924e-07
6.33832e-07
1.08662e-07
6.60799e-07
-4.5213e-08
6.85935e-07
-1.9755e-07
7.07243e-07
-3.45478e-07
7.23097e-07
-4.83754e-07
7.33184e-07
-6.06891e-07
7.38868e-07
-7.12986e-07
7.41845e-07
-8.03836e-07
7.42117e-07
-8.79191e-07
7.37873e-07
-9.32482e-07
7.27891e-07
-9.55513e-07
7.14091e-07
-9.48233e-07
7.01906e-07
-9.23696e-07
6.98064e-07
-9.03737e-07
7.06944e-07
-9.07937e-07
7.27749e-07
-9.42708e-07
7.54831e-07
-9.98342e-07
7.8087e-07
-1.05598e-06
8.00194e-07
-1.09804e-06
8.10268e-07
-1.11465e-06
8.11345e-07
-1.1043e-06
8.05324e-07
-1.07117e-06
7.94639e-07
-1.0218e-06
7.81516e-07
-9.62771e-07
7.67627e-07
-8.99406e-07
7.5403e-07
-8.35477e-07
7.41238e-07
-7.73342e-07
7.29358e-07
-7.14295e-07
7.18239e-07
-6.58928e-07
7.07617e-07
-6.07356e-07
6.972e-07
-5.59339e-07
6.86627e-07
-5.1441e-07
6.75316e-07
-4.72153e-07
6.62415e-07
-4.32564e-07
6.47088e-07
-3.96081e-07
6.2922e-07
-3.62834e-07
6.1022e-07
-3.31134e-07
5.93405e-07
-2.95998e-07
5.83507e-07
-2.48915e-07
5.85216e-07
-1.79638e-07
6.01385e-07
-7.96785e-08
6.31828e-07
5.41553e-08
6.74323e-07
2.16844e-07
7.26185e-07
3.97564e-07
7.84901e-07
5.81762e-07
8.47598e-07
7.52969e-07
9.10403e-07
8.94622e-07
9.68755e-07
9.9369e-07
1.01871e-06
1.04434e-06
1.05819e-06
1.04875e-06
1.08717e-06
1.01453e-06
1.10706e-06
9.51278e-07
1.11988e-06
8.67985e-07
1.1277e-06
7.71948e-07
1.1324e-06
6.68547e-07
1.13552e-06
5.61442e-07
1.13828e-06
4.52895e-07
1.14154e-06
3.44076e-07
1.14588e-06
2.35432e-07
1.1517e-06
1.27169e-07
1.15926e-06
1.97965e-08
1.16872e-06
-8.5758e-08
1.18007e-06
-1.89915e-07
1.19309e-06
-2.92731e-07
1.20741e-06
-3.93708e-07
1.22254e-06
-4.92223e-07
1.23781e-06
-5.87368e-07
1.25229e-06
-6.77581e-07
1.26476e-06
-7.60354e-07
1.27394e-06
-8.32409e-07
1.27877e-06
-8.90532e-07
1.27884e-06
-9.32712e-07
1.27451e-06
-9.58847e-07
1.26681e-06
-9.70541e-07
1.25712e-06
-9.70219e-07
1.24683e-06
-9.60325e-07
1.23729e-06
-9.43165e-07
1.22995e-06
-9.21271e-07
1.22645e-06
-8.97605e-07
1.22845e-06
-8.75133e-07
1.23719e-06
-8.55916e-07
1.25307e-06
-8.40391e-07
1.27548e-06
-8.27336e-07
1.30304e-06
-8.14515e-07
1.33397e-06
-7.99569e-07
1.36662e-06
-7.80681e-07
1.39968e-06
-7.56828e-07
1.43232e-06
-7.27683e-07
1.46403e-06
-6.93348e-07
1.49456e-06
-6.54099e-07
1.52371e-06
-6.10229e-07
1.55124e-06
-5.61997e-07
1.57686e-06
-5.09656e-07
1.60022e-06
-4.53506e-07
1.62093e-06
-3.93945e-07
1.63864e-06
-3.31493e-07
1.65305e-06
-2.66797e-07
1.66393e-06
-2.00609e-07
1.67119e-06
-1.33739e-07
1.67482e-06
-6.70073e-08
1.67486e-06
-1.18765e-09
1.67138e-06
6.29789e-08
1.66438e-06
1.24704e-07
1.65389e-06
1.83251e-07
1.63991e-06
2.37898e-07
1.62248e-06
2.87952e-07
1.60178e-06
3.328e-07
1.5781e-06
3.71978e-07
1.55187e-06
4.05227e-07
1.52367e-06
4.32524e-07
1.49415e-06
4.54072e-07
1.46396e-06
4.7027e-07
1.43372e-06
4.81646e-07
1.40394e-06
4.88796e-07
1.37502e-06
4.92325e-07
1.34722e-06
4.92796e-07
1.32068e-06
4.90715e-07
1.29544e-06
4.86512e-07
1.27147e-06
4.80553e-07
1.2487e-06
4.73149e-07
1.22706e-06
4.6457e-07
1.2065e-06
4.55064e-07
1.18699e-06
4.44861e-07
1.16856e-06
4.34177e-07
1.15126e-06
4.23214e-07
1.13522e-06
4.12148e-07
1.12062e-06
4.01127e-07
1.10768e-06
3.90256e-07
1.09666e-06
3.79591e-07
1.08787e-06
3.69123e-07
1.0816e-06
3.58759e-07
1.07808e-06
3.48311e-07
1.07748e-06
3.37502e-07
1.07983e-06
3.25976e-07
1.08502e-06
3.13316e-07
1.09275e-06
2.99063e-07
1.10254e-06
2.82743e-07
1.11374e-06
2.63918e-07
1.12557e-06
2.4225e-07
1.13721e-06
2.17567e-07
1.14788e-06
1.89904e-07
1.15691e-06
1.59517e-07
1.16377e-06
1.26867e-07
1.16808e-06
9.25832e-08
1.16965e-06
5.74062e-08
1.16841e-06
2.21326e-08
1.16441e-06
-1.24608e-08
1.15783e-06
-4.56296e-08
1.14894e-06
-7.6704e-08
1.13809e-06
-1.05149e-07
1.12569e-06
-1.30571e-07
1.11217e-06
-1.52718e-07
1.09796e-06
-1.71477e-07
1.08348e-06
-1.86869e-07
1.06911e-06
-1.98957e-07
-2.08185e-07
1.05514e-06
-5.11858e-08
-4.45737e-07
-9.77749e-08
-3.45531e-07
-1.32573e-07
-1.47075e-07
-1.56397e-07
5.43487e-08
-1.66059e-07
2.51757e-07
-1.57674e-07
4.48384e-07
-1.31166e-07
6.28382e-07
-8.87685e-08
7.79298e-07
-3.46715e-08
8.9329e-07
2.62587e-08
9.68814e-07
8.96946e-08
1.01055e-06
1.5296e-07
1.02637e-06
2.14713e-07
1.02382e-06
2.74724e-07
1.00845e-06
3.33672e-07
9.84318e-07
3.92838e-07
9.5424e-07
4.53469e-07
9.18865e-07
5.15768e-07
8.7539e-07
5.78201e-07
8.17916e-07
6.37814e-07
7.40185e-07
6.91515e-07
6.39043e-07
7.37469e-07
5.16276e-07
7.75829e-07
3.77713e-07
8.08364e-07
2.3039e-07
8.36916e-07
8.01102e-08
8.62329e-07
-7.06257e-08
8.83533e-07
-2.18754e-07
8.98877e-07
-3.60822e-07
9.07307e-07
-4.92184e-07
9.09491e-07
-6.09075e-07
9.07556e-07
-7.1105e-07
9.02854e-07
-7.99134e-07
8.94113e-07
-8.7045e-07
8.78769e-07
-9.17138e-07
8.5661e-07
-9.33355e-07
8.32127e-07
-9.2375e-07
8.13436e-07
-9.05005e-07
8.08298e-07
-8.98599e-07
8.1951e-07
-9.19148e-07
8.42966e-07
-9.66164e-07
8.70069e-07
-1.02544e-06
8.92303e-07
-1.07822e-06
9.04487e-07
-1.11023e-06
9.05402e-07
-1.11556e-06
8.96674e-07
-1.09557e-06
8.81228e-07
-1.05572e-06
8.62077e-07
-1.00265e-06
8.41658e-07
-9.42353e-07
8.21618e-07
-8.79366e-07
8.02868e-07
-8.16727e-07
7.85748e-07
-7.56221e-07
7.70205e-07
-6.98752e-07
7.55952e-07
-6.44675e-07
7.42611e-07
-5.94014e-07
7.29813e-07
-5.46542e-07
7.17216e-07
-5.01813e-07
7.04371e-07
-4.59309e-07
6.90568e-07
-4.18761e-07
6.74894e-07
-3.80408e-07
6.56763e-07
-3.44702e-07
6.36784e-07
-3.11156e-07
6.17503e-07
-2.76716e-07
6.03385e-07
-2.34797e-07
5.99835e-07
-1.76088e-07
6.11417e-07
-9.12611e-08
6.39956e-07
2.56164e-08
6.84015e-07
1.72786e-07
7.40616e-07
3.40963e-07
8.06366e-07
5.16012e-07
8.77495e-07
6.81839e-07
9.49545e-07
8.22572e-07
1.01766e-06
9.25573e-07
1.07766e-06
9.84345e-07
1.12706e-06
9.99344e-07
1.16536e-06
9.7623e-07
1.19357e-06
9.2307e-07
1.2135e-06
8.48058e-07
1.2272e-06
7.58246e-07
1.23664e-06
6.59111e-07
1.24349e-06
5.5459e-07
1.2491e-06
4.47288e-07
1.25444e-06
3.38735e-07
1.26017e-06
2.29696e-07
1.26672e-06
1.20617e-07
1.27437e-06
1.21456e-08
1.28332e-06
-9.47032e-08
1.29352e-06
-2.00111e-07
1.30466e-06
-3.03872e-07
1.3163e-06
-4.05354e-07
1.32787e-06
-5.03787e-07
1.33855e-06
-5.98049e-07
1.34728e-06
-6.86308e-07
1.35277e-06
-7.65849e-07
1.35382e-06
-8.33453e-07
1.34966e-06
-8.86376e-07
1.34037e-06
-9.23421e-07
1.32688e-06
-9.4536e-07
1.31073e-06
-9.54386e-07
1.29359e-06
-9.53082e-07
1.27704e-06
-9.43778e-07
1.26259e-06
-9.28715e-07
1.25187e-06
-9.10552e-07
1.24666e-06
-8.92396e-07
1.24854e-06
-8.77005e-07
1.25831e-06
-8.65689e-07
1.27567e-06
-8.57755e-07
1.29927e-06
-8.50931e-07
1.32715e-06
-8.42397e-07
1.35737e-06
-8.29793e-07
1.38843e-06
-8.11738e-07
1.4194e-06
-7.87799e-07
1.44987e-06
-7.58151e-07
1.4797e-06
-7.23184e-07
1.50884e-06
-6.83239e-07
1.53714e-06
-6.38523e-07
1.56429e-06
-5.89145e-07
1.58985e-06
-5.35218e-07
1.6133e-06
-4.76962e-07
1.63412e-06
-4.14763e-07
1.65182e-06
-3.4919e-07
1.66601e-06
-2.80985e-07
1.67643e-06
-2.11029e-07
1.68298e-06
-1.4029e-07
1.68571e-06
-6.97413e-08
1.68479e-06
-2.60868e-10
1.68039e-06
6.73739e-08
1.67271e-06
1.32385e-07
1.66187e-06
1.94095e-07
1.64791e-06
2.51849e-07
1.63087e-06
3.04996e-07
1.61077e-06
3.52898e-07
1.58775e-06
3.95003e-07
1.56206e-06
4.30913e-07
1.53413e-06
4.60453e-07
1.50451e-06
4.83697e-07
1.47382e-06
5.00959e-07
1.44271e-06
5.12751e-07
1.4118e-06
5.19712e-07
1.38159e-06
5.22535e-07
1.35248e-06
5.21906e-07
1.32473e-06
5.18459e-07
1.2985e-06
5.12743e-07
1.27383e-06
5.05221e-07
1.25071e-06
4.96269e-07
1.22908e-06
4.86199e-07
1.20888e-06
4.75264e-07
1.19006e-06
4.63683e-07
1.17259e-06
4.51645e-07
1.15649e-06
4.39313e-07
1.14182e-06
4.26827e-07
1.12865e-06
4.14293e-07
1.11712e-06
4.01781e-07
1.1074e-06
3.89315e-07
1.09966e-06
3.76866e-07
1.09408e-06
3.64338e-07
1.09082e-06
3.51571e-07
1.08998e-06
3.38342e-07
1.09158e-06
3.24379e-07
1.09552e-06
3.09373e-07
1.10159e-06
2.92994e-07
1.10942e-06
2.74913e-07
1.11851e-06
2.54831e-07
1.12824e-06
2.32519e-07
1.13794e-06
2.07861e-07
1.14696e-06
1.8089e-07
1.15467e-06
1.51804e-07
1.16058e-06
1.20962e-07
1.1643e-06
8.88611e-08
1.1656e-06
5.60995e-08
1.1644e-06
2.33353e-08
1.16071e-06
-8.77261e-09
1.15468e-06
-3.95949e-08
1.14654e-06
-6.85608e-08
1.1366e-06
-9.5209e-08
1.12522e-06
-1.19194e-07
1.11279e-06
-1.4029e-07
1.0997e-06
-1.58385e-07
1.08631e-06
-1.73484e-07
1.07298e-06
-1.85625e-07
-1.95179e-07
1.05998e-06
-5.82293e-08
-3.87507e-07
-1.05046e-07
-2.98714e-07
-1.31961e-07
-1.20159e-07
-1.41788e-07
6.41757e-08
-1.34703e-07
2.44672e-07
-1.08659e-07
4.2234e-07
-6.53929e-08
5.85116e-07
-8.4076e-09
7.22312e-07
5.77664e-08
8.27116e-07
1.28497e-07
8.98083e-07
2.00106e-07
9.38944e-07
2.70346e-07
9.56135e-07
3.38332e-07
9.55834e-07
4.04139e-07
9.42642e-07
4.68626e-07
9.19831e-07
5.3323e-07
8.89635e-07
5.99358e-07
8.52737e-07
6.67385e-07
8.07364e-07
7.35915e-07
7.49386e-07
8.02005e-07
6.74094e-07
8.6233e-07
5.78717e-07
9.14558e-07
4.64048e-07
9.58106e-07
3.34165e-07
9.93837e-07
1.94659e-07
1.02307e-06
5.08731e-08
1.04604e-06
-9.35912e-08
1.06228e-06
-2.34994e-07
1.07099e-06
-3.69529e-07
1.07228e-06
-4.93476e-07
1.06786e-06
-6.04657e-07
1.0598e-06
-7.0299e-07
1.04802e-06
-7.87352e-07
1.02979e-06
-8.52221e-07
1.00295e-06
-8.90293e-07
9.69896e-07
-9.00305e-07
9.38534e-07
-8.92388e-07
9.18975e-07
-8.85446e-07
9.17952e-07
-8.97575e-07
9.34525e-07
-9.35722e-07
9.60528e-07
-9.92167e-07
9.8528e-07
-1.0502e-06
1.00059e-06
-1.09352e-06
1.00297e-06
-1.11261e-06
9.93108e-07
-1.1057e-06
9.74049e-07
-1.07651e-06
9.49504e-07
-1.03118e-06
9.22741e-07
-9.75891e-07
8.96124e-07
-9.15735e-07
8.71064e-07
-8.54307e-07
8.48208e-07
-7.93871e-07
8.27667e-07
-7.3568e-07
8.09222e-07
-6.80308e-07
7.92476e-07
-6.27929e-07
7.76966e-07
-5.78503e-07
7.62262e-07
-5.31838e-07
7.48018e-07
-4.87569e-07
7.33895e-07
-4.45186e-07
7.19382e-07
-4.04248e-07
7.03683e-07
-3.64709e-07
6.85968e-07
-3.26987e-07
6.66132e-07
-2.9132e-07
6.45759e-07
-2.56343e-07
6.28614e-07
-2.17653e-07
6.20126e-07
-1.67599e-07
6.25924e-07
-9.70591e-08
6.49951e-07
1.58867e-09
6.92359e-07
1.30378e-07
7.50559e-07
2.82763e-07
8.20634e-07
4.45938e-07
8.98061e-07
6.04411e-07
9.77817e-07
7.42816e-07
1.05472e-06
8.48672e-07
1.12428e-06
9.14784e-07
1.18359e-06
9.40036e-07
1.2316e-06
9.28219e-07
1.26882e-06
8.85849e-07
1.29673e-06
8.20148e-07
1.31723e-06
7.37746e-07
1.33226e-06
6.44083e-07
1.34356e-06
5.4329e-07
1.35257e-06
4.38278e-07
1.36037e-06
3.30934e-07
1.36769e-06
2.22376e-07
1.37498e-06
1.13322e-07
1.38257e-06
4.55847e-09
1.39068e-06
-1.02815e-07
1.39922e-06
-2.08654e-07
1.40784e-06
-3.12486e-07
1.41602e-06
-4.13532e-07
1.42308e-06
-5.10856e-07
1.42814e-06
-6.03108e-07
1.43004e-06
-6.88209e-07
1.42754e-06
-7.63343e-07
1.41963e-06
-8.25549e-07
1.40604e-06
-8.72784e-07
1.38744e-06
-9.04816e-07
1.36535e-06
-9.23274e-07
1.34172e-06
-9.30759e-07
1.31843e-06
-9.29785e-07
1.2971e-06
-9.22451e-07
1.27933e-06
-9.10949e-07
1.26689e-06
-8.98106e-07
1.26154e-06
-8.87049e-07
1.26455e-06
-8.8001e-07
1.27604e-06
-8.77178e-07
1.29486e-06
-8.76575e-07
1.31896e-06
-8.75032e-07
1.3461e-06
-8.69545e-07
1.37451e-06
-8.58201e-07
1.40314e-06
-8.40364e-07
1.43163e-06
-8.16292e-07
1.46005e-06
-7.86568e-07
1.48853e-06
-7.5167e-07
1.51708e-06
-7.1179e-07
1.54544e-06
-6.66875e-07
1.57308e-06
-6.16789e-07
1.59935e-06
-5.61482e-07
1.6235e-06
-5.01114e-07
1.64484e-06
-4.36106e-07
1.66278e-06
-3.67131e-07
1.67687e-06
-2.95072e-07
1.68681e-06
-2.20976e-07
1.69252e-06
-1.45995e-07
1.69407e-06
-7.12901e-08
1.69169e-06
2.11203e-09
1.68574e-06
7.33312e-08
1.67657e-06
1.41555e-07
1.66451e-06
2.06157e-07
1.64976e-06
2.66596e-07
1.63242e-06
3.22337e-07
1.6125e-06
3.72819e-07
1.59001e-06
4.1749e-07
1.56505e-06
4.55874e-07
1.53784e-06
4.8766e-07
1.50877e-06
5.1277e-07
1.47834e-06
5.31384e-07
1.44717e-06
5.43929e-07
1.41586e-06
5.51021e-07
1.385e-06
5.53395e-07
1.35508e-06
5.51823e-07
1.32649e-06
5.47052e-07
1.29948e-06
5.39754e-07
1.27419e-06
5.30504e-07
1.25069e-06
5.19773e-07
1.22896e-06
5.07933e-07
1.20894e-06
4.95277e-07
1.19059e-06
4.82033e-07
1.17386e-06
4.68382e-07
1.1587e-06
4.54466e-07
1.14513e-06
4.40396e-07
1.13318e-06
4.2625e-07
1.12289e-06
4.12072e-07
1.11434e-06
3.97866e-07
1.10761e-06
3.8359e-07
1.1028e-06
3.69151e-07
1.09996e-06
3.54404e-07
1.09914e-06
3.39164e-07
1.10031e-06
3.2321e-07
1.10338e-06
3.06307e-07
1.10815e-06
2.88217e-07
1.11436e-06
2.68711e-07
1.1216e-06
2.47591e-07
1.1294e-06
2.24716e-07
1.13723e-06
2.00026e-07
1.14456e-06
1.73568e-07
1.15085e-06
1.45511e-07
1.15566e-06
1.16146e-07
1.15866e-06
8.58703e-08
1.15959e-06
5.51655e-08
1.15836e-06
2.45675e-08
1.15496e-06
-5.37171e-09
1.14949e-06
-3.41269e-08
1.14215e-06
-6.12191e-08
1.13319e-06
-8.62543e-08
1.12293e-06
-1.08932e-07
1.11169e-06
-1.29052e-07
1.09981e-06
-1.46505e-07
1.08761e-06
-1.61285e-07
1.0754e-06
-1.73413e-07
-1.83196e-07
1.06342e-06
-7.04125e-08
-3.17095e-07
-1.20925e-07
-2.48202e-07
-1.41471e-07
-9.96131e-08
-1.37858e-07
6.05626e-08
-1.13119e-07
2.19933e-07
-6.83104e-08
3.77531e-07
-7.35606e-09
5.24162e-07
6.51945e-08
6.49762e-07
1.44517e-07
7.47793e-07
2.26058e-07
8.16543e-07
3.06509e-07
8.58493e-07
3.84167e-07
8.78477e-07
4.58551e-07
8.8145e-07
5.29957e-07
8.71235e-07
5.99299e-07
8.5049e-07
6.67973e-07
8.20961e-07
7.37412e-07
7.83299e-07
8.08228e-07
7.36547e-07
8.79489e-07
6.78126e-07
9.48723e-07
6.0486e-07
1.01278e-06
5.14656e-07
1.06903e-06
4.07803e-07
1.11612e-06
2.87076e-07
1.15396e-06
1.56819e-07
1.18299e-06
2.18426e-08
1.20339e-06
-1.13994e-07
1.21524e-06
-2.46845e-07
1.21882e-06
-3.73105e-07
1.21533e-06
-4.8999e-07
1.20676e-06
-5.96084e-07
1.19385e-06
-6.90083e-07
1.17456e-06
-7.68063e-07
1.14585e-06
-8.23512e-07
1.10811e-06
-8.52555e-07
1.06793e-06
-8.60122e-07
1.03632e-06
-8.60772e-07
1.02309e-06
-8.72223e-07
1.03095e-06
-9.05436e-07
1.05359e-06
-9.58359e-07
1.07944e-06
-1.01802e-06
1.09773e-06
-1.06848e-06
1.10237e-06
-1.09817e-06
1.09255e-06
-1.10279e-06
1.071e-06
-1.08414e-06
1.04188e-06
-1.0474e-06
1.00925e-06
-9.98547e-07
9.76232e-07
-9.42871e-07
9.44816e-07
-8.84318e-07
9.16018e-07
-8.25509e-07
8.90148e-07
-7.68001e-07
8.67078e-07
-7.1261e-07
8.46446e-07
-6.59676e-07
8.27782e-07
-6.09266e-07
8.10587e-07
-5.61308e-07
7.944e-07
-5.15652e-07
7.78865e-07
-4.72034e-07
7.63712e-07
-4.30033e-07
7.48616e-07
-3.89152e-07
7.33008e-07
-3.49101e-07
7.16075e-07
-3.10055e-07
6.97238e-07
-2.72483e-07
6.77088e-07
-2.36193e-07
6.58301e-07
-1.98866e-07
6.45773e-07
-1.55071e-07
6.45539e-07
-9.68246e-08
6.63068e-07
-1.59403e-08
7.00679e-07
9.2767e-08
7.57003e-07
2.26439e-07
8.28206e-07
3.74735e-07
9.09287e-07
5.2333e-07
9.94717e-07
6.57386e-07
1.07894e-06
7.64447e-07
1.15713e-06
8.36598e-07
1.22589e-06
8.71273e-07
1.2836e-06
8.70507e-07
1.3302e-06
8.39249e-07
1.36673e-06
7.83628e-07
1.39478e-06
7.09688e-07
1.41618e-06
6.22687e-07
1.43263e-06
5.26836e-07
1.44562e-06
4.25291e-07
1.45628e-06
3.2027e-07
1.46541e-06
2.13247e-07
1.4735e-06
1.05238e-07
1.48089e-06
-2.83318e-09
1.48785e-06
-1.09773e-07
1.49424e-06
-2.15044e-07
1.49966e-06
-3.17911e-07
1.50358e-06
-4.17448e-07
1.50526e-06
-5.12542e-07
1.50377e-06
-6.01609e-07
1.49794e-06
-6.82382e-07
1.4867e-06
-7.52103e-07
1.46946e-06
-8.08306e-07
1.44653e-06
-8.49857e-07
1.41927e-06
-8.77561e-07
1.38976e-06
-8.93757e-07
1.36017e-06
-9.01173e-07
1.3324e-06
-9.02013e-07
1.30803e-06
-8.98084e-07
1.28869e-06
-8.91607e-07
1.27617e-06
-8.85585e-07
1.27206e-06
-8.82944e-07
1.27704e-06
-8.84988e-07
1.29035e-06
-8.9049e-07
1.31001e-06
-8.96231e-07
1.33352e-06
-8.98543e-07
1.35875e-06
-8.94773e-07
1.38444e-06
-8.83888e-07
1.41025e-06
-8.66177e-07
1.43646e-06
-8.42502e-07
1.4635e-06
-8.13606e-07
1.49159e-06
-7.79762e-07
1.52058e-06
-7.40779e-07
1.54992e-06
-6.96219e-07
1.5788e-06
-6.45671e-07
1.60628e-06
-5.88963e-07
1.63144e-06
-5.26269e-07
1.65346e-06
-4.58122e-07
1.67168e-06
-3.85358e-07
1.68565e-06
-3.09042e-07
1.69509e-06
-2.30408e-07
1.69989e-06
-1.50799e-07
1.70016e-06
-7.15586e-08
1.69614e-06
6.12597e-09
1.68828e-06
8.11987e-08
1.67709e-06
1.52744e-07
1.66311e-06
2.2014e-07
1.64675e-06
2.82947e-07
1.6283e-06
3.40788e-07
1.60786e-06
3.93265e-07
1.58542e-06
4.39931e-07
1.56096e-06
4.80329e-07
1.53454e-06
5.14077e-07
1.50635e-06
5.40962e-07
1.47672e-06
5.61013e-07
1.44613e-06
5.74521e-07
1.41513e-06
5.8202e-07
1.3843e-06
5.84223e-07
1.35419e-06
5.81938e-07
1.32525e-06
5.75994e-07
1.29783e-06
5.67172e-07
1.27217e-06
5.56161e-07
1.24841e-06
5.43534e-07
1.22659e-06
5.29751e-07
1.2067e-06
5.15165e-07
1.1887e-06
5.00037e-07
1.17252e-06
4.8456e-07
1.15812e-06
4.68873e-07
1.14544e-06
4.53071e-07
1.13448e-06
4.37214e-07
1.12522e-06
4.21328e-07
1.11768e-06
4.05405e-07
1.11188e-06
3.89395e-07
1.10782e-06
3.73211e-07
1.1055e-06
3.56723e-07
1.10489e-06
3.39771e-07
1.10593e-06
3.22174e-07
1.10849e-06
3.03744e-07
1.11241e-06
2.84301e-07
1.11743e-06
2.63683e-07
1.12326e-06
2.41762e-07
1.12952e-06
2.18458e-07
1.13579e-06
1.93756e-07
1.14164e-06
1.6772e-07
1.14665e-06
1.40504e-07
1.15044e-06
1.12354e-07
1.15271e-06
8.35945e-08
1.15326e-06
5.46183e-08
1.15197e-06
2.58623e-08
1.14881e-06
-2.2168e-09
1.14386e-06
-2.91802e-08
1.13728e-06
-5.46305e-08
1.12926e-06
-7.82335e-08
1.12005e-06
-9.97312e-08
1.10995e-06
-1.18946e-07
1.09922e-06
-1.35778e-07
1.08815e-06
-1.50213e-07
1.077e-06
-1.62262e-07
-1.72183e-07
1.06598e-06
-8.97055e-08
-2.27389e-07
-1.48572e-07
-1.89335e-07
-1.64799e-07
-8.33854e-08
-1.48181e-07
4.3944e-08
-1.05063e-07
1.76815e-07
-4.03931e-08
3.12862e-07
3.95207e-08
4.44248e-07
1.29084e-07
5.60199e-07
2.22874e-07
6.54003e-07
3.16352e-07
7.23066e-07
4.06588e-07
7.68256e-07
4.92291e-07
7.92774e-07
5.73343e-07
8.00399e-07
6.50285e-07
7.94293e-07
7.24068e-07
7.76706e-07
7.95951e-07
7.49078e-07
8.67223e-07
7.12026e-07
9.38619e-07
6.65152e-07
1.0097e-06
6.07047e-07
1.07869e-06
5.3587e-07
1.14298e-06
4.5036e-07
1.20003e-06
3.50756e-07
1.24805e-06
2.39055e-07
1.28621e-06
1.1866e-07
1.31442e-06
-6.36588e-09
1.33291e-06
-1.32488e-07
1.3422e-06
-2.56136e-07
1.34331e-06
-3.74213e-07
1.33777e-06
-4.84445e-07
1.32643e-06
-5.84744e-07
1.3079e-06
-6.71559e-07
1.27927e-06
-7.39435e-07
1.23987e-06
-7.84104e-07
1.1949e-06
-8.07594e-07
1.15525e-06
-8.20468e-07
1.13248e-06
-8.38005e-07
1.13222e-06
-8.71963e-07
1.15047e-06
-9.23681e-07
1.17592e-06
-9.8381e-07
1.19614e-06
-1.03824e-06
1.20281e-06
-1.07515e-06
1.19342e-06
-1.08878e-06
1.17007e-06
-1.07944e-06
1.13713e-06
-1.0512e-06
1.09926e-06
-1.00953e-06
1.06028e-06
-9.59563e-07
1.02275e-06
-9.05346e-07
9.88097e-07
-8.49665e-07
9.56853e-07
-7.94265e-07
9.28994e-07
-7.40142e-07
9.04193e-07
-6.87808e-07
8.81991e-07
-6.37474e-07
8.61894e-07
-5.89169e-07
8.43412e-07
-5.42826e-07
8.26095e-07
-4.98335e-07
8.09584e-07
-4.55522e-07
7.93639e-07
-4.14088e-07
7.7807e-07
-3.73583e-07
7.6255e-07
-3.33581e-07
7.46467e-07
-2.93971e-07
7.29087e-07
-2.55103e-07
7.10245e-07
-2.1735e-07
6.91369e-07
-1.79991e-07
6.76199e-07
-1.39901e-07
6.70483e-07
-9.11085e-08
6.80501e-07
-2.59575e-08
7.10702e-07
6.25652e-08
7.61649e-07
1.75492e-07
8.30393e-07
3.0599e-07
9.11943e-07
4.4178e-07
1.00043e-06
5.68895e-07
1.08995e-06
6.74934e-07
1.17526e-06
7.51286e-07
1.25248e-06
7.94049e-07
1.31938e-06
8.03606e-07
1.37528e-06
7.83357e-07
1.42065e-06
7.38253e-07
1.45673e-06
6.7361e-07
1.48506e-06
5.94355e-07
1.50724e-06
5.04657e-07
1.5247e-06
4.07827e-07
1.53861e-06
3.06366e-07
1.54977e-06
2.02085e-07
1.5587e-06
9.63015e-08
1.56579e-06
-9.92222e-09
1.5713e-06
-1.15283e-07
1.57508e-06
-2.18819e-07
1.57673e-06
-3.19559e-07
1.57571e-06
-4.16434e-07
1.57131e-06
-5.08139e-07
1.56257e-06
-5.92874e-07
1.54847e-06
-6.68282e-07
1.52825e-06
-7.31879e-07
1.50188e-06
-7.81941e-07
1.47043e-06
-8.18403e-07
1.4359e-06
-8.43035e-07
1.40075e-06
-8.58599e-07
1.36717e-06
-8.67593e-07
1.33687e-06
-8.71716e-07
1.31131e-06
-8.72524e-07
1.2921e-06
-8.72394e-07
1.28095e-06
-8.74442e-07
1.27906e-06
-8.81051e-07
1.28626e-06
-8.92192e-07
1.30087e-06
-9.05099e-07
1.32026e-06
-9.15618e-07
1.34189e-06
-9.20175e-07
1.36416e-06
-9.17043e-07
1.38665e-06
-9.06374e-07
1.40982e-06
-8.89346e-07
1.43445e-06
-8.67137e-07
1.46112e-06
-8.40273e-07
1.48986e-06
-8.08504e-07
1.52016e-06
-7.71077e-07
1.55107e-06
-7.27135e-07
1.58146e-06
-6.76061e-07
1.61017e-06
-6.17672e-07
1.63617e-06
-5.52265e-07
1.65861e-06
-4.80565e-07
1.67688e-06
-4.03621e-07
1.69054e-06
-3.22703e-07
1.69936e-06
-2.39232e-07
1.70328e-06
-1.5472e-07
1.70237e-06
-7.06486e-08
1.69685e-06
1.16458e-08
1.68716e-06
9.08871e-08
1.67391e-06
1.65996e-07
1.65777e-06
2.36279e-07
1.63938e-06
3.01336e-07
1.61923e-06
3.60935e-07
1.59762e-06
4.14879e-07
1.57464e-06
4.62916e-07
1.55025e-06
5.04715e-07
1.52441e-06
5.39917e-07
1.49713e-06
5.68239e-07
1.46857e-06
5.89578e-07
1.43902e-06
6.04075e-07
1.4089e-06
6.12134e-07
1.37873e-06
6.14389e-07
1.34904e-06
6.11631e-07
1.32031e-06
6.04724e-07
1.29296e-06
5.94525e-07
1.2673e-06
5.81824e-07
1.24353e-06
5.67298e-07
1.22178e-06
5.51504e-07
1.20207e-06
5.3487e-07
1.1844e-06
5.17713e-07
1.1687e-06
5.00259e-07
1.15491e-06
4.82659e-07
1.14297e-06
4.65008e-07
1.13283e-06
4.47357e-07
1.12444e-06
4.29723e-07
1.11775e-06
4.12089e-07
1.11274e-06
3.94404e-07
1.10937e-06
3.76586e-07
1.10757e-06
3.58519e-07
1.10728e-06
3.40067e-07
1.10837e-06
3.21076e-07
1.11073e-06
3.01393e-07
1.11415e-06
2.80874e-07
1.11843e-06
2.59402e-07
1.1233e-06
2.36891e-07
1.12846e-06
2.13301e-07
1.13357e-06
1.88644e-07
1.1383e-06
1.62998e-07
1.14229e-06
1.36507e-07
1.14526e-06
1.09385e-07
1.14695e-06
8.19054e-08
1.14718e-06
5.43911e-08
1.14584e-06
2.72026e-08
1.1429e-06
7.18443e-10
1.13842e-06
-2.46949e-08
1.13249e-06
-4.87079e-08
1.1253e-06
-7.10396e-08
1.11704e-06
-9.147e-08
1.10794e-06
-1.09845e-07
1.09823e-06
-1.26075e-07
1.08817e-06
-1.40144e-07
1.07796e-06
-1.5206e-07
-1.62038e-07
1.06782e-06
-1.17266e-07
-1.10124e-07
-1.901e-07
-1.16501e-07
-2.04564e-07
-6.89215e-08
-1.75093e-07
1.44734e-08
-1.13253e-07
1.14975e-07
-2.76856e-08
2.27294e-07
7.21013e-08
3.44461e-07
1.79781e-07
4.52519e-07
2.89281e-07
5.44503e-07
3.96062e-07
6.16285e-07
4.97338e-07
6.6698e-07
5.92016e-07
6.98096e-07
6.80261e-07
7.12154e-07
7.62895e-07
7.11658e-07
8.40999e-07
6.98602e-07
9.15749e-07
6.74329e-07
9.88255e-07
6.39521e-07
1.05922e-06
5.94182e-07
1.12855e-06
5.37724e-07
1.19511e-06
4.69311e-07
1.257e-06
3.88464e-07
1.31212e-06
2.95639e-07
1.3587e-06
1.92471e-07
1.39566e-06
8.17034e-08
1.42269e-06
-3.33924e-08
1.44005e-06
-1.49855e-07
1.44844e-06
-2.64526e-07
1.44882e-06
-3.74589e-07
1.4416e-06
-4.77227e-07
1.42559e-06
-5.68733e-07
1.39839e-06
-6.44357e-07
1.35935e-06
-7.00392e-07
1.31308e-06
-7.37835e-07
1.26998e-06
-7.64496e-07
1.24216e-06
-7.92647e-07
1.23678e-06
-8.32629e-07
1.25155e-06
-8.86726e-07
1.27587e-06
-9.48003e-07
1.29667e-06
-1.00461e-06
1.30421e-06
-1.04579e-06
1.2947e-06
-1.06563e-06
1.26957e-06
-1.06365e-06
1.2332e-06
-1.04307e-06
1.19066e-06
-1.00866e-06
1.14631e-06
-9.65178e-07
1.1032e-06
-9.16453e-07
1.06309e-06
-8.65229e-07
1.02671e-06
-8.1329e-07
9.94167e-07
-7.61721e-07
9.65173e-07
-7.11148e-07
9.3928e-07
-6.61915e-07
9.15996e-07
-6.14191e-07
8.94847e-07
-5.6802e-07
8.75391e-07
-5.23369e-07
8.57219e-07
-4.80163e-07
8.39991e-07
-4.38294e-07
8.23475e-07
-3.97573e-07
8.07553e-07
-3.57661e-07
7.92088e-07
-3.18116e-07
7.76734e-07
-2.78616e-07
7.6087e-07
-2.3924e-07
7.43951e-07
-2.00431e-07
7.26347e-07
-1.62387e-07
7.10344e-07
-1.23898e-07
7.00575e-07
-8.13392e-08
7.03273e-07
-2.86554e-08
7.24422e-07
4.14165e-08
7.66871e-07
1.33043e-07
8.29407e-07
2.43454e-07
9.07753e-07
3.63434e-07
9.96073e-07
4.80575e-07
1.08819e-06
5.8282e-07
1.17848e-06
6.60996e-07
1.26254e-06
7.09986e-07
1.33751e-06
7.28635e-07
1.40204e-06
7.18829e-07
1.45601e-06
6.84285e-07
1.50014e-06
6.29475e-07
1.53564e-06
5.58857e-07
1.56386e-06
4.76433e-07
1.58613e-06
3.85565e-07
1.60353e-06
2.88963e-07
1.61688e-06
1.88738e-07
1.62673e-06
8.64524e-08
1.63343e-06
-1.66221e-08
1.63726e-06
-1.19117e-07
1.63809e-06
-2.19644e-07
1.63557e-06
-3.17047e-07
1.62924e-06
-4.10097e-07
1.61838e-06
-4.97279e-07
1.60213e-06
-5.76626e-07
1.57972e-06
-6.45872e-07
1.5509e-06
-7.03062e-07
1.5164e-06
-7.47439e-07
1.47803e-06
-7.80033e-07
1.43833e-06
-8.03336e-07
1.39984e-06
-8.20103e-07
1.36449e-06
-8.32248e-07
1.33367e-06
-8.40893e-07
1.30866e-06
-8.47516e-07
1.29104e-06
-8.54776e-07
1.28232e-06
-8.65722e-07
1.28303e-06
-8.81761e-07
1.29206e-06
-9.01218e-07
1.30688e-06
-9.19918e-07
1.3246e-06
-9.3334e-07
1.34313e-06
-9.38704e-07
1.36177e-06
-9.35686e-07
1.3811e-06
-9.25702e-07
1.40228e-06
-9.10528e-07
1.42634e-06
-8.91195e-07
1.45365e-06
-8.67578e-07
1.4838e-06
-8.38653e-07
1.51577e-06
-8.03052e-07
1.54823e-06
-7.5959e-07
1.57977e-06
-7.07602e-07
1.60914e-06
-6.47044e-07
1.63533e-06
-5.78454e-07
1.65758e-06
-5.02814e-07
1.67536e-06
-4.2141e-07
1.68837e-06
-3.35712e-07
1.69645e-06
-2.47305e-07
1.69954e-06
-1.57817e-07
1.6977e-06
-6.88093e-08
1.69109e-06
1.82639e-08
1.68006e-06
1.01909e-07
1.66521e-06
1.80849e-07
1.64725e-06
2.54243e-07
1.62695e-06
3.21638e-07
1.605e-06
3.82878e-07
1.58193e-06
4.37951e-07
1.55801e-06
4.86841e-07
1.53329e-06
5.29426e-07
1.50773e-06
5.65477e-07
1.48124e-06
5.94734e-07
1.4538e-06
6.17017e-07
1.42554e-06
6.32337e-07
1.39672e-06
6.40953e-07
1.36773e-06
6.4338e-07
1.33902e-06
6.40338e-07
1.31107e-06
6.32678e-07
1.2843e-06
6.21294e-07
1.25907e-06
6.07049e-07
1.23566e-06
5.90712e-07
1.21423e-06
5.72934e-07
1.19487e-06
5.54228e-07
1.17761e-06
5.3498e-07
1.1624e-06
5.15466e-07
1.14919e-06
4.95865e-07
1.13791e-06
4.76288e-07
1.12848e-06
4.56789e-07
1.12082e-06
4.37381e-07
1.11487e-06
4.18044e-07
1.11054e-06
3.98728e-07
1.10777e-06
3.79357e-07
1.10646e-06
3.59829e-07
1.10651e-06
3.40025e-07
1.10777e-06
3.19815e-07
1.11009e-06
2.99071e-07
1.11329e-06
2.77677e-07
1.11715e-06
2.55542e-07
1.12143e-06
2.32605e-07
1.12589e-06
2.08848e-07
1.13023e-06
1.84301e-07
1.13418e-06
1.59043e-07
1.13748e-06
1.33211e-07
1.13987e-06
1.06992e-07
1.14116e-06
8.06203e-08
1.14118e-06
5.43663e-08
1.13985e-06
2.85308e-08
1.13714e-06
3.42945e-09
1.13308e-06
-2.06304e-08
1.12775e-06
-4.33749e-08
1.12128e-06
-6.45699e-08
1.11384e-06
-8.40292e-08
1.10561e-06
-1.01621e-07
1.09681e-06
-1.17269e-07
1.08762e-06
-1.30958e-07
1.07825e-06
-1.42695e-07
-1.52665e-07
1.06888e-06
-1.40882e-07
3.07582e-08
-2.32452e-07
-2.49309e-08
-2.5521e-07
-4.61643e-08
-2.1809e-07
-2.26458e-08
-1.39597e-07
3.64825e-08
-3.36232e-08
1.2132e-07
8.76157e-08
2.23222e-07
2.14044e-07
3.26091e-07
3.39906e-07
4.18641e-07
4.60919e-07
4.95272e-07
5.743e-07
5.53599e-07
6.78982e-07
5.93414e-07
7.75259e-07
6.15877e-07
8.64145e-07
6.22772e-07
9.46883e-07
6.15864e-07
1.02468e-06
5.96529e-07
1.09857e-06
5.65632e-07
1.16921e-06
5.23547e-07
1.23666e-06
4.70275e-07
1.30027e-06
4.05695e-07
1.3588e-06
3.29938e-07
1.4107e-06
2.43736e-07
1.45456e-06
1.48614e-07
1.48939e-06
4.68767e-08
1.51491e-06
-5.89135e-08
1.53127e-06
-1.66214e-07
1.53866e-06
-2.71917e-07
1.53675e-06
-3.72682e-07
1.52416e-06
-4.6464e-07
1.49912e-06
-5.43687e-07
1.46182e-06
-6.07066e-07
1.41726e-06
-6.55823e-07
1.37552e-06
-6.96102e-07
1.34828e-06
-7.37255e-07
1.34261e-06
-7.86973e-07
1.35657e-06
-8.46594e-07
1.38008e-06
-9.10229e-07
1.40017e-06
-9.68094e-07
1.40679e-06
-1.01124e-06
1.39568e-06
-1.03468e-06
1.36799e-06
-1.03794e-06
1.32809e-06
-1.02376e-06
1.2813e-06
-9.96271e-07
1.23226e-06
-9.59625e-07
1.18431e-06
-9.17227e-07
1.13941e-06
-8.71553e-07
1.09844e-06
-8.24266e-07
1.06159e-06
-7.76438e-07
1.02862e-06
-7.28749e-07
9.9911e-07
-6.81637e-07
9.72583e-07
-6.35389e-07
9.48575e-07
-5.90182e-07
9.26661e-07
-5.46106e-07
9.06465e-07
-5.03174e-07
8.87647e-07
-4.61345e-07
8.69903e-07
-4.2055e-07
8.53009e-07
-3.80679e-07
8.36862e-07
-3.41514e-07
8.2144e-07
-3.02693e-07
8.06633e-07
-2.6381e-07
7.92073e-07
-2.24679e-07
7.77184e-07
-1.85543e-07
7.61691e-07
-1.46894e-07
7.46541e-07
-1.08748e-07
7.34776e-07
-6.95739e-08
7.31638e-07
-2.55176e-08
7.43552e-07
2.9502e-08
7.75385e-07
1.0121e-07
8.28266e-07
1.90573e-07
8.99492e-07
2.92208e-07
9.83861e-07
3.96206e-07
1.07522e-06
4.91463e-07
1.16764e-06
5.68574e-07
1.25622e-06
6.21405e-07
1.33746e-06
6.47393e-07
1.40933e-06
6.46963e-07
1.47104e-06
6.22576e-07
1.52274e-06
5.77768e-07
1.5652e-06
5.16405e-07
1.59943e-06
4.42194e-07
1.62656e-06
3.5844e-07
1.64755e-06
2.67973e-07
1.66316e-06
1.73123e-07
1.67392e-06
7.56986e-08
1.6802e-06
-2.29036e-08
1.68227e-06
-1.21187e-07
1.68005e-06
-2.17428e-07
1.67331e-06
-3.10306e-07
1.66161e-06
-3.98399e-07
1.64433e-06
-4.79994e-07
1.6208e-06
-5.53093e-07
1.59069e-06
-6.15765e-07
1.55448e-06
-6.66848e-07
1.5137e-06
-7.06666e-07
1.47084e-06
-7.37173e-07
1.42865e-06
-7.61143e-07
1.38938e-06
-7.80838e-07
1.35447e-06
-7.97339e-07
1.3249e-06
-8.11321e-07
1.30185e-06
-8.24469e-07
1.28686e-06
-8.39779e-07
1.28103e-06
-8.599e-07
1.28408e-06
-8.84806e-07
1.29391e-06
-9.11052e-07
1.30747e-06
-9.33478e-07
1.32209e-06
-9.47962e-07
1.33659e-06
-9.53195e-07
1.35142e-06
-9.50522e-07
1.36812e-06
-9.42398e-07
1.38826e-06
-9.30667e-07
1.41271e-06
-9.15645e-07
1.44132e-06
-8.96189e-07
1.47306e-06
-8.70398e-07
1.50641e-06
-8.36396e-07
1.5397e-06
-7.9288e-07
1.57144e-06
-7.39342e-07
1.60043e-06
-6.7604e-07
1.62582e-06
-6.03839e-07
1.64702e-06
-5.24012e-07
1.66368e-06
-4.38072e-07
1.67562e-06
-3.47657e-07
1.68278e-06
-2.54465e-07
1.68514e-06
-1.60177e-07
1.68271e-06
-6.63776e-08
1.67556e-06
2.54136e-08
1.66395e-06
1.13526e-07
1.64831e-06
1.96481e-07
1.62932e-06
2.73233e-07
1.60777e-06
3.43189e-07
1.58448e-06
4.06168e-07
1.56016e-06
4.62274e-07
1.53529e-06
5.11708e-07
1.51011e-06
5.54603e-07
1.48465e-06
5.90943e-07
1.4588e-06
6.20583e-07
1.43246e-06
6.43354e-07
1.40561e-06
6.59186e-07
1.37836e-06
6.68209e-07
1.35093e-06
6.70803e-07
1.32369e-06
6.67582e-07
1.29703e-06
6.5934e-07
1.27136e-06
6.46967e-07
1.24704e-06
6.31361e-07
1.22439e-06
6.13363e-07
1.20362e-06
5.93704e-07
1.18487e-06
5.72984e-07
1.16818e-06
5.51663e-07
1.15357e-06
5.30077e-07
1.14099e-06
5.08449e-07
1.13036e-06
4.86916e-07
1.1216e-06
4.65548e-07
1.11462e-06
4.44363e-07
1.10932e-06
4.23344e-07
1.10561e-06
4.02443e-07
1.10337e-06
3.81589e-07
1.10251e-06
3.60692e-07
1.10289e-06
3.39649e-07
1.10435e-06
3.18348e-07
1.10674e-06
2.96681e-07
1.10987e-06
2.74552e-07
1.11352e-06
2.51886e-07
1.11749e-06
2.28639e-07
1.12153e-06
2.04805e-07
1.12542e-06
1.80417e-07
1.12891e-06
1.55554e-07
1.13178e-06
1.3034e-07
1.13383e-06
1.04939e-07
1.1349e-06
7.95523e-08
1.13486e-06
5.44106e-08
1.13362e-06
2.9766e-08
1.13117e-06
5.88388e-09
1.12751e-06
-1.69768e-08
1.12273e-06
-3.85879e-08
1.11691e-06
-5.87555e-08
1.11021e-06
-7.73233e-08
1.10277e-06
-9.41808e-08
1.09476e-06
-1.09264e-07
1.08636e-06
-1.22562e-07
1.07775e-06
-1.34085e-07
-1.43991e-07
1.06908e-06
-1.08058e-07
1.38816e-07
-1.85433e-07
5.24439e-08
-2.2556e-07
-6.03735e-09
-2.1845e-07
-2.97559e-08
-1.55531e-07
-2.64361e-08
-4.91331e-08
1.49215e-08
8.28821e-08
9.12068e-08
2.23962e-07
1.8501e-07
3.66246e-07
2.76357e-07
5.03363e-07
3.58154e-07
6.31073e-07
4.2589e-07
7.4774e-07
4.76746e-07
8.53591e-07
5.10026e-07
9.49787e-07
5.26575e-07
1.03781e-06
5.27844e-07
1.11908e-06
5.15261e-07
1.19475e-06
4.89964e-07
1.26555e-06
4.52744e-07
1.3317e-06
4.0412e-07
1.39288e-06
3.44521e-07
1.44828e-06
2.74536e-07
1.49685e-06
1.95161e-07
1.53757e-06
1.07896e-07
1.56974e-06
1.47057e-08
1.59299e-06
-8.2161e-08
1.60661e-06
-1.79834e-07
1.60945e-06
-2.74754e-07
1.6e-06
-3.63233e-07
1.57742e-06
-4.4206e-07
1.54343e-06
-5.09699e-07
1.50405e-06
-5.67682e-07
1.46916e-06
-6.20939e-07
1.449e-06
-6.75939e-07
1.44882e-06
-7.37071e-07
1.46552e-06
-8.03678e-07
1.48898e-06
-8.70057e-07
1.507e-06
-9.28242e-07
1.51037e-06
-9.71469e-07
1.49546e-06
-9.96329e-07
1.46376e-06
-1.00298e-06
1.41982e-06
-9.93995e-07
1.369e-06
-9.7294e-07
1.316e-06
-9.43263e-07
1.26413e-06
-9.07763e-07
1.21539e-06
-8.6848e-07
1.17066e-06
-8.26821e-07
1.13014e-06
-7.83748e-07
1.09364e-06
-7.39939e-07
1.06078e-06
-6.95894e-07
1.03114e-06
-6.51993e-07
1.00427e-06
-6.08524e-07
9.79787e-07
-5.65695e-07
9.57323e-07
-5.23642e-07
9.36573e-07
-4.82424e-07
9.17267e-07
-4.42038e-07
8.99155e-07
-4.02439e-07
8.82033e-07
-3.63557e-07
8.65789e-07
-3.2527e-07
8.50432e-07
-2.87336e-07
8.36014e-07
-2.49391e-07
8.22433e-07
-2.11099e-07
8.09308e-07
-1.72417e-07
7.96148e-07
-1.33734e-07
7.82984e-07
-9.5584e-08
7.71293e-07
-5.78831e-08
7.64698e-07
-1.89223e-08
7.68846e-07
2.53533e-08
7.89613e-07
8.04433e-08
8.30434e-07
1.49752e-07
8.90903e-07
2.3174e-07
9.67269e-07
3.19839e-07
1.05394e-06
4.04792e-07
1.14496e-06
4.77559e-07
1.23501e-06
5.31351e-07
1.32001e-06
5.62396e-07
1.39721e-06
5.69756e-07
1.46516e-06
5.54632e-07
1.52336e-06
5.19563e-07
1.57205e-06
4.67718e-07
1.61186e-06
4.02388e-07
1.64359e-06
3.26705e-07
1.66805e-06
2.43518e-07
1.68586e-06
1.55313e-07
1.6975e-06
6.40555e-08
1.70339e-06
-2.87973e-08
1.7038e-06
-1.21593e-07
1.69873e-06
-2.12358e-07
1.68801e-06
-2.99592e-07
1.67129e-06
-3.81671e-07
1.64808e-06
-4.56788e-07
1.61812e-06
-5.23134e-07
1.58175e-06
-5.79391e-07
1.54026e-06
-6.25361e-07
1.49595e-06
-6.62361e-07
1.45166e-06
-6.92876e-07
1.40991e-06
-7.19391e-07
1.37231e-06
-7.43245e-07
1.33966e-06
-7.64686e-07
1.31263e-06
-7.84291e-07
1.29243e-06
-8.04265e-07
1.28049e-06
-8.27844e-07
1.27739e-06
-8.56801e-07
1.28187e-06
-8.89283e-07
1.29104e-06
-9.20221e-07
1.30173e-06
-9.44169e-07
1.31202e-06
-9.58255e-07
1.32199e-06
-9.63166e-07
1.33334e-06
-9.61864e-07
1.34825e-06
-9.57308e-07
1.36828e-06
-9.50704e-07
1.39376e-06
-9.41116e-07
1.42375e-06
-9.26185e-07
1.45659e-06
-9.03234e-07
1.49033e-06
-8.70142e-07
1.52322e-06
-8.25763e-07
1.55383e-06
-7.69951e-07
1.58117e-06
-7.03385e-07
1.60463e-06
-6.27301e-07
1.62388e-06
-5.43256e-07
1.63876e-06
-4.52954e-07
1.64925e-06
-3.58144e-07
1.65535e-06
-2.6057e-07
1.65708e-06
-1.61906e-07
1.65441e-06
-6.37052e-08
1.64732e-06
3.24986e-08
1.63593e-06
1.24922e-07
1.6205e-06
2.11911e-07
1.60154e-06
2.92193e-07
1.57977e-06
3.6496e-07
1.55602e-06
4.2991e-07
1.53113e-06
4.87164e-07
1.50577e-06
5.37076e-07
1.48035e-06
5.8002e-07
1.45505e-06
6.16237e-07
1.42986e-06
6.4578e-07
1.40464e-06
6.68572e-07
1.37929e-06
6.84536e-07
1.35378e-06
6.93715e-07
1.32822e-06
6.96364e-07
1.30283e-06
6.9298e-07
1.2779e-06
6.84267e-07
1.25379e-06
6.71071e-07
1.23086e-06
6.54294e-07
1.20941e-06
6.34818e-07
1.18967e-06
6.13437e-07
1.17183e-06
5.90825e-07
1.15598e-06
5.67519e-07
1.14214e-06
5.43916e-07
1.13029e-06
5.20293e-07
1.12038e-06
4.96826e-07
1.11232e-06
4.73608e-07
1.10601e-06
4.50673e-07
1.10135e-06
4.28009e-07
1.09821e-06
4.05577e-07
1.09649e-06
3.83311e-07
1.09605e-06
3.6113e-07
1.09676e-06
3.38943e-07
1.09845e-06
3.16653e-07
1.10097e-06
2.94167e-07
1.10411e-06
2.71404e-07
1.1077e-06
2.48301e-07
1.11151e-06
2.24824e-07
1.11535e-06
2.00971e-07
1.11899e-06
1.76775e-07
1.12224e-06
1.52307e-07
1.1249e-06
1.27678e-07
1.1268e-06
1.03032e-07
1.12782e-06
7.85407e-08
1.12783e-06
5.43997e-08
1.12677e-06
3.08221e-08
1.12462e-06
8.03195e-09
1.1214e-06
-1.37512e-08
1.11714e-06
-3.43365e-08
1.11195e-06
-5.35647e-08
1.10594e-06
-7.13056e-08
1.09922e-06
-8.74678e-08
1.09196e-06
-1.02001e-07
1.0843e-06
-1.14898e-07
1.07639e-06
-1.26176e-07
-1.3597e-07
1.06837e-06
1.24492e-07
1.43245e-08
1.66531e-07
1.04046e-08
1.59311e-07
1.18279e-09
1.33081e-07
-3.52638e-09
1.06455e-07
1.9053e-10
1.0571e-07
1.56665e-08
1.52041e-07
4.4876e-08
2.46082e-07
9.09686e-08
3.70328e-07
1.52111e-07
5.07307e-07
2.21176e-07
6.44523e-07
2.88674e-07
7.74718e-07
3.46551e-07
8.94477e-07
3.90268e-07
1.00289e-06
4.1816e-07
1.10054e-06
4.30195e-07
1.18867e-06
4.27128e-07
1.26862e-06
4.10014e-07
1.34144e-06
3.79927e-07
1.40771e-06
3.37851e-07
1.46751e-06
2.84724e-07
1.52046e-06
2.21579e-07
1.56589e-06
1.49731e-07
1.60309e-06
7.06957e-08
1.63115e-06
-1.3355e-08
1.64882e-06
-9.98304e-08
1.65462e-06
-1.85634e-07
1.64767e-06
-2.67804e-07
1.62878e-06
-3.44341e-07
1.60163e-06
-4.14911e-07
1.57323e-06
-4.81298e-07
1.55249e-06
-5.46937e-07
1.54669e-06
-6.1514e-07
1.55756e-06
-6.8681e-07
1.57973e-06
-7.59246e-07
1.60298e-06
-8.2693e-07
1.61669e-06
-8.83764e-07
1.61378e-06
-9.25329e-07
1.59233e-06
-9.50026e-07
1.55485e-06
-9.58844e-07
1.50619e-06
-9.54317e-07
1.45161e-06
-9.39415e-07
1.39549e-06
-9.16821e-07
1.34085e-06
-8.88624e-07
1.28942e-06
-8.56334e-07
1.24197e-06
-8.21025e-07
1.19864e-06
-7.83493e-07
1.15927e-06
-7.44374e-07
1.12353e-06
-7.04198e-07
1.09105e-06
-6.6342e-07
1.06148e-06
-6.22419e-07
1.03446e-06
-5.81502e-07
1.00966e-06
-5.40905e-07
9.86818e-07
-5.00795e-07
9.65666e-07
-4.61272e-07
9.45995e-07
-4.22368e-07
9.27619e-07
-3.84062e-07
9.10368e-07
-3.46307e-07
8.9413e-07
-3.09031e-07
8.78894e-07
-2.72101e-07
8.64769e-07
-2.35266e-07
8.51855e-07
-1.98185e-07
8.40049e-07
-1.60611e-07
8.28959e-07
-1.22644e-07
8.1819e-07
-8.48149e-08
8.08057e-07
-4.77502e-08
8.00482e-07
-1.13468e-08
7.99517e-07
2.63181e-08
8.10707e-07
6.92538e-08
8.38911e-07
1.21548e-07
8.86126e-07
1.84525e-07
9.5078e-07
2.55185e-07
1.0286e-06
3.26968e-07
1.11411e-06
3.92051e-07
1.20189e-06
4.43577e-07
1.28736e-06
4.7692e-07
1.36717e-06
4.89951e-07
1.43913e-06
4.82668e-07
1.50211e-06
4.5658e-07
1.55576e-06
4.14074e-07
1.60023e-06
3.57919e-07
1.63597e-06
2.90961e-07
1.66352e-06
2.15969e-07
1.68336e-06
1.35472e-07
1.69594e-06
5.14757e-08
1.70168e-06
-3.45308e-08
1.70078e-06
-1.20702e-07
1.69332e-06
-2.04894e-07
1.67917e-06
-2.85446e-07
1.65812e-06
-3.6062e-07
1.63005e-06
-4.28714e-07
1.5953e-06
-4.88379e-07
1.55501e-06
-5.39103e-07
1.51127e-06
-5.81627e-07
1.46684e-06
-6.17923e-07
1.42438e-06
-6.50419e-07
1.38574e-06
-6.80756e-07
1.35168e-06
-7.09178e-07
1.3224e-06
-7.35415e-07
1.29856e-06
-7.60451e-07
1.28151e-06
-7.87212e-07
1.27251e-06
-8.18839e-07
1.27137e-06
-8.5566e-07
1.27587e-06
-8.93784e-07
1.28263e-06
-9.26989e-07
1.28892e-06
-9.50458e-07
1.29404e-06
-9.63371e-07
1.29951e-06
-9.68641e-07
1.30808e-06
-9.70427e-07
1.32215e-06
-9.71379e-07
1.34276e-06
-9.71317e-07
1.36933e-06
-9.67687e-07
1.40012e-06
-9.56972e-07
1.43292e-06
-9.36032e-07
1.46563e-06
-9.02853e-07
1.49657e-06
-8.5671e-07
1.5246e-06
-7.9798e-07
1.54903e-06
-7.27812e-07
1.56954e-06
-6.47807e-07
1.58604e-06
-5.59764e-07
1.59861e-06
-4.65519e-07
1.60734e-06
-3.66871e-07
1.61231e-06
-2.6554e-07
1.61353e-06
-1.63127e-07
1.61093e-06
-6.11059e-08
1.60442e-06
3.90097e-08
1.59395e-06
1.35387e-07
1.57962e-06
2.26244e-07
1.56174e-06
3.10075e-07
1.54087e-06
3.85827e-07
1.51778e-06
4.53001e-07
1.49331e-06
5.11633e-07
1.46824e-06
5.62143e-07
1.44317e-06
6.05097e-07
1.41842e-06
6.40985e-07
1.3941e-06
6.70097e-07
1.37015e-06
6.92525e-07
1.34643e-06
7.08253e-07
1.32285e-06
7.17297e-07
1.29939e-06
7.19823e-07
1.27616e-06
7.16214e-07
1.25335e-06
7.07074e-07
1.23124e-06
6.93179e-07
1.21013e-06
6.75404e-07
1.19031e-06
6.54641e-07
1.17202e-06
6.31727e-07
1.15545e-06
6.07394e-07
1.14072e-06
5.82244e-07
1.1279e-06
5.5674e-07
1.11698e-06
5.31214e-07
1.10792e-06
5.05884e-07
1.10065e-06
4.80878e-07
1.09507e-06
4.5625e-07
1.09107e-06
4.32005e-07
1.08854e-06
4.08111e-07
1.08734e-06
3.8451e-07
1.08734e-06
3.61129e-07
1.0884e-06
3.37887e-07
1.09035e-06
3.14698e-07
1.09304e-06
2.9148e-07
1.09628e-06
2.68164e-07
1.09989e-06
2.44695e-07
1.10367e-06
2.21044e-07
1.10743e-06
1.9721e-07
1.11098e-06
1.73222e-07
1.11415e-06
1.49144e-07
1.11675e-06
1.25071e-07
1.11866e-06
1.01126e-07
1.11974e-06
7.74561e-08
1.11992e-06
5.42272e-08
1.11912e-06
3.16182e-08
1.11733e-06
9.81884e-09
1.11457e-06
-1.09836e-08
1.11086e-06
-3.0629e-08
1.10628e-06
-4.89883e-08
1.10093e-06
-6.59541e-08
1.09492e-06
-8.1453e-08
1.08836e-06
-9.54462e-08
1.0814e-06
-1.07934e-07
1.07416e-06
-1.18939e-07
-1.28577e-07
1.06677e-06
8.50079e-07
4.16404e-08
8.19904e-07
4.05793e-08
7.82668e-07
3.84185e-08
7.38194e-07
4.09474e-08
6.8684e-07
5.1545e-08
6.31841e-07
7.06654e-08
5.80559e-07
9.61577e-08
5.45907e-07
1.25621e-07
5.40595e-07
1.57423e-07
5.70482e-07
1.91289e-07
6.32029e-07
2.27126e-07
7.15324e-07
2.63256e-07
8.0933e-07
2.96262e-07
9.05318e-07
3.22172e-07
9.97755e-07
3.37757e-07
1.08376e-06
3.41123e-07
1.16217e-06
3.31602e-07
1.23274e-06
3.0936e-07
1.29554e-06
2.75053e-07
1.35061e-06
2.29647e-07
1.39781e-06
1.74379e-07
1.43682e-06
1.10724e-07
1.4669e-06
4.06182e-08
1.48664e-06
-3.30915e-08
1.49558e-06
-1.08779e-07
1.4945e-06
-1.84549e-07
1.48601e-06
-2.59319e-07
1.47476e-06
-3.33087e-07
1.46673e-06
-4.06882e-07
1.46747e-06
-4.82039e-07
1.47958e-06
-5.59048e-07
1.50097e-06
-6.36529e-07
1.52519e-06
-7.11028e-07
1.54384e-06
-7.77894e-07
1.54973e-06
-8.32823e-07
1.53918e-06
-8.73211e-07
1.5125e-06
-8.98651e-07
1.47299e-06
-9.10511e-07
1.42519e-06
-9.11049e-07
1.37349e-06
-9.0262e-07
1.32129e-06
-8.87215e-07
1.2708e-06
-8.66327e-07
1.22321e-06
-8.41032e-07
1.17901e-06
-8.12134e-07
1.13827e-06
-7.80293e-07
1.10088e-06
-7.46098e-07
1.0666e-06
-7.10093e-07
1.03518e-06
-6.7278e-07
1.00637e-06
-6.34608e-07
9.79914e-07
-5.95962e-07
9.55573e-07
-5.57161e-07
9.33121e-07
-5.18453e-07
9.12351e-07
-4.80025e-07
8.9308e-07
-4.42001e-07
8.75156e-07
-4.04443e-07
8.58452e-07
-3.67359e-07
8.42861e-07
-3.30716e-07
8.28297e-07
-2.94466e-07
8.14733e-07
-2.58537e-07
8.0225e-07
-2.22783e-07
7.9101e-07
-1.86945e-07
7.81125e-07
-1.50726e-07
7.72478e-07
-1.13997e-07
7.64711e-07
-7.70481e-08
7.57559e-07
-4.05981e-08
7.5154e-07
-5.32776e-09
7.48714e-07
2.91441e-08
7.52909e-07
6.50595e-08
7.68647e-07
1.05809e-07
7.9925e-07
1.53922e-07
8.45383e-07
2.09053e-07
9.04922e-07
2.67429e-07
9.739e-07
3.23074e-07
1.04771e-06
3.69764e-07
1.12206e-06
4.02571e-07
1.19346e-06
4.18549e-07
1.25941e-06
4.16723e-07
1.31831e-06
3.9768e-07
1.36933e-06
3.63056e-07
1.41218e-06
3.15069e-07
1.44692e-06
2.56221e-07
1.47377e-06
1.89116e-07
1.49303e-06
1.16216e-07
1.50502e-06
3.94799e-08
1.51009e-06
-3.96002e-08
1.50839e-06
-1.19001e-07
1.50001e-06
-1.96515e-07
1.48495e-06
-2.70383e-07
1.46324e-06
-3.38916e-07
1.43526e-06
-4.00728e-07
1.40195e-06
-4.55069e-07
1.36502e-06
-5.02173e-07
1.32678e-06
-5.43385e-07
1.28964e-06
-5.80784e-07
1.25542e-06
-6.16198e-07
1.22488e-06
-6.50219e-07
1.19798e-06
-6.82283e-07
1.17475e-06
-7.12181e-07
1.156e-06
-7.41701e-07
1.14316e-06
-7.7437e-07
1.13705e-06
-8.1273e-07
1.1367e-06
-8.55307e-07
1.13935e-06
-8.96434e-07
1.1419e-06
-9.29538e-07
1.1427e-06
-9.51262e-07
1.1425e-06
-9.6317e-07
1.14393e-06
-9.70069e-07
1.15e-06
-9.76502e-07
1.16262e-06
-9.83997e-07
1.18188e-06
-9.90574e-07
1.20634e-06
-9.92153e-07
1.23383e-06
-9.84458e-07
1.26211e-06
-9.64313e-07
1.28937e-06
-9.3011e-07
1.31434e-06
-8.81681e-07
1.33628e-06
-8.19929e-07
1.35489e-06
-7.46422e-07
1.37014e-06
-6.63048e-07
1.38214e-06
-5.71768e-07
1.39111e-06
-4.74487e-07
1.39723e-06
-3.72997e-07
1.40065e-06
-2.68959e-07
1.40139e-06
-1.63868e-07
1.39936e-06
-5.90737e-08
1.39439e-06
4.3977e-08
1.38633e-06
1.43453e-07
1.37508e-06
2.37494e-07
1.36074e-06
3.24414e-07
1.34365e-06
4.02917e-07
1.32438e-06
4.72275e-07
1.30363e-06
5.32378e-07
1.28215e-06
5.83625e-07
1.26056e-06
6.26688e-07
1.23929e-06
6.62252e-07
1.21856e-06
6.90832e-07
1.19838e-06
7.12705e-07
1.17866e-06
7.2797e-07
1.15929e-06
7.36667e-07
1.14019e-06
7.3892e-07
1.12138e-06
7.35032e-07
1.10293e-06
7.25514e-07
1.08504e-06
7.1107e-07
1.06792e-06
6.92531e-07
1.05178e-06
6.70774e-07
1.03686e-06
6.46655e-07
1.02331e-06
6.20943e-07
1.01126e-06
5.9429e-07
1.00079e-06
5.67211e-07
9.9192e-07
5.40086e-07
9.84625e-07
5.13179e-07
9.78856e-07
4.86647e-07
9.74532e-07
4.60574e-07
9.71559e-07
4.34978e-07
9.6983e-07
4.0984e-07
9.69227e-07
3.85112e-07
9.69629e-07
3.60728e-07
9.70904e-07
3.36612e-07
9.72915e-07
3.12687e-07
9.75515e-07
2.88879e-07
9.78554e-07
2.65125e-07
9.81872e-07
2.41376e-07
9.8531e-07
2.17606e-07
9.88708e-07
1.93812e-07
9.91911e-07
1.70019e-07
9.94774e-07
1.46281e-07
9.97163e-07
1.22682e-07
9.98962e-07
9.93259e-08
1.00008e-06
7.63413e-08
1.00044e-06
5.38687e-08
9.99993e-07
3.20613e-08
9.98729e-07
1.10824e-08
9.96651e-07
-8.90568e-09
9.93789e-07
-2.77665e-08
9.90195e-07
-4.53947e-08
9.85942e-07
-6.17011e-08
9.81116e-07
-7.66265e-08
9.75812e-07
-9.01424e-08
9.70132e-07
-1.02254e-07
9.64183e-07
-1.1299e-07
-1.22452e-07
9.58058e-07
1.34107e-06
6.28206e-08
1.31342e-06
6.82298e-08
1.27901e-06
7.28308e-08
1.23865e-06
8.13079e-08
1.19347e-06
9.6722e-08
1.14472e-06
1.19409e-07
1.09337e-06
1.47515e-07
1.04107e-06
1.77917e-07
9.91484e-07
2.07011e-07
9.50866e-07
2.31907e-07
9.26557e-07
2.51435e-07
9.23899e-07
2.65914e-07
9.44044e-07
2.76117e-07
9.8394e-07
2.82276e-07
1.03799e-06
2.83711e-07
1.10002e-06
2.79089e-07
1.16468e-06
2.66941e-07
1.22792e-06
2.46117e-07
1.28695e-06
2.16023e-07
1.33991e-06
1.7669e-07
1.38559e-06
1.28701e-07
1.42299e-06
7.33188e-08
1.45194e-06
1.1677e-08
1.47258e-06
-5.37354e-08
1.48732e-06
-1.23518e-07
1.49911e-06
-1.96342e-07
1.51165e-06
-2.71861e-07
1.52828e-06
-3.49712e-07
1.55063e-06
-4.29236e-07
1.57761e-06
-5.0902e-07
1.6052e-06
-5.86631e-07
1.62746e-06
-6.58794e-07
1.6385e-06
-7.22068e-07
1.63438e-06
-7.73769e-07
1.61422e-06
-8.12663e-07
1.58006e-06
-8.39049e-07
1.53569e-06
-8.54288e-07
1.48534e-06
-8.6016e-07
1.43264e-06
-8.58349e-07
1.38022e-06
-8.50194e-07
1.32967e-06
-8.36666e-07
1.28181e-06
-8.18475e-07
1.23698e-06
-7.96197e-07
1.19521e-06
-7.70365e-07
1.15643e-06
-7.4151e-07
1.12049e-06
-7.10166e-07
1.08725e-06
-6.76854e-07
1.05653e-06
-6.42061e-07
1.02815e-06
-6.06226e-07
1.00192e-06
-5.6973e-07
9.77652e-07
-5.32893e-07
9.55169e-07
-4.9597e-07
9.34303e-07
-4.59158e-07
9.14903e-07
-4.22602e-07
8.96849e-07
-3.86389e-07
8.80045e-07
-3.50555e-07
8.64421e-07
-3.15092e-07
8.4992e-07
-2.79966e-07
8.36519e-07
-2.45136e-07
8.24265e-07
-2.1053e-07
8.13316e-07
-1.75996e-07
8.0388e-07
-1.41289e-07
7.96062e-07
-1.0618e-07
7.89715e-07
-7.07018e-08
7.84482e-07
-3.5365e-08
7.80198e-07
-1.04347e-09
7.7762e-07
3.17217e-08
7.79064e-07
6.36157e-08
7.88178e-07
9.66955e-08
8.08696e-07
1.33404e-07
8.42832e-07
1.74916e-07
8.90357e-07
2.19904e-07
9.488e-07
2.64631e-07
1.01438e-06
3.04187e-07
1.083e-06
3.33945e-07
1.151e-06
3.50551e-07
1.21545e-06
3.52271e-07
1.27428e-06
3.38855e-07
1.32615e-06
3.11181e-07
1.37035e-06
2.70867e-07
1.40657e-06
2.20004e-07
1.43475e-06
1.6094e-07
1.455e-06
9.59647e-08
1.46757e-06
2.69103e-08
1.47272e-06
-4.47492e-08
1.47056e-06
-1.16844e-07
1.46125e-06
-1.87205e-07
1.44497e-06
-2.54106e-07
1.42216e-06
-3.16105e-07
1.39373e-06
-3.723e-07
1.36122e-06
-4.22559e-07
1.3267e-06
-4.67654e-07
1.29243e-06
-5.09114e-07
1.26026e-06
-5.48613e-07
1.23111e-06
-5.87046e-07
1.20492e-06
-6.24028e-07
1.18132e-06
-6.58681e-07
1.16056e-06
-6.91424e-07
1.14391e-06
-7.25051e-07
1.13287e-06
-7.63333e-07
1.12772e-06
-8.07575e-07
1.12661e-06
-8.54198e-07
1.12632e-06
-8.96143e-07
1.12415e-06
-9.2737e-07
1.11967e-06
-9.46779e-07
1.11504e-06
-9.58548e-07
1.11385e-06
-9.68877e-07
1.11914e-06
-9.81791e-07
1.13206e-06
-9.96916e-07
1.15169e-06
-1.01021e-06
1.17583e-06
-1.01629e-06
1.20193e-06
-1.01056e-06
1.2278e-06
-9.90188e-07
1.25189e-06
-9.54194e-07
1.27324e-06
-9.03034e-07
1.29144e-06
-8.38125e-07
1.30641e-06
-7.614e-07
1.31834e-06
-6.74974e-07
1.3275e-06
-5.80923e-07
1.33418e-06
-4.81172e-07
1.33865e-06
-3.77466e-07
1.34107e-06
-2.71375e-07
1.34146e-06
-1.64264e-07
1.33974e-06
-5.73543e-08
1.33574e-06
4.79829e-08
1.32921e-06
1.49984e-07
1.31993e-06
2.46773e-07
1.30782e-06
3.3652e-07
1.29304e-06
4.17696e-07
1.276e-06
4.89319e-07
1.2573e-06
5.51079e-07
1.23764e-06
6.03284e-07
1.21769e-06
6.46639e-07
1.19796e-06
6.81978e-07
1.17877e-06
7.10018e-07
1.16024e-06
7.31238e-07
1.14233e-06
7.45882e-07
1.12493e-06
7.54064e-07
1.10795e-06
7.55905e-07
1.09133e-06
7.51653e-07
1.0751e-06
7.41743e-07
1.05937e-06
7.26802e-07
1.04429e-06
7.07604e-07
1.03007e-06
6.85001e-07
1.01688e-06
6.59845e-07
1.00489e-06
6.3293e-07
9.94237e-07
6.04943e-07
9.85002e-07
5.76446e-07
9.77224e-07
5.47865e-07
9.70899e-07
5.19503e-07
9.6599e-07
4.91557e-07
9.6243e-07
4.64134e-07
9.60131e-07
4.37277e-07
9.58992e-07
4.1098e-07
9.589e-07
3.85205e-07
9.59734e-07
3.59894e-07
9.61368e-07
3.34979e-07
9.63667e-07
3.10388e-07
9.66494e-07
2.86053e-07
9.69704e-07
2.61915e-07
9.7315e-07
2.3793e-07
9.76684e-07
2.14072e-07
9.8016e-07
1.90335e-07
9.83438e-07
1.66741e-07
9.86386e-07
1.43334e-07
9.88883e-07
1.20184e-07
9.90828e-07
9.73817e-08
9.92133e-07
7.50357e-08
9.92736e-07
5.32657e-08
9.92596e-07
3.2202e-08
9.91693e-07
1.19849e-08
9.90032e-07
-7.24507e-09
9.87638e-07
-2.53722e-08
9.84554e-07
-4.23111e-08
9.80842e-07
-5.79887e-08
9.76574e-07
-7.23581e-08
9.71831e-07
-8.54001e-08
9.66702e-07
-9.71254e-08
9.61279e-07
-1.07566e-07
-1.16814e-07
9.55642e-07
1.48246e-06
6.58646e-08
1.47645e-06
7.42403e-08
1.46631e-06
8.2966e-08
1.45264e-06
9.49756e-08
1.43668e-06
1.12689e-07
1.41946e-06
1.36625e-07
1.40137e-06
1.65601e-07
1.38198e-06
1.9731e-07
1.36034e-06
2.2865e-07
1.33604e-06
2.56211e-07
1.31029e-06
2.7718e-07
1.28619e-06
2.90012e-07
1.26782e-06
2.94487e-07
1.25884e-06
2.91262e-07
1.2613e-06
2.81249e-07
1.27526e-06
2.65134e-07
1.29903e-06
2.43167e-07
1.32992e-06
2.15225e-07
1.36492e-06
1.81022e-07
1.4013e-06
1.40315e-07
1.43684e-06
9.3155e-08
1.47038e-06
3.97792e-08
1.50214e-06
-2.00774e-08
1.5337e-06
-8.53027e-08
1.56551e-06
-1.55319e-07
1.59816e-06
-2.29e-07
1.63151e-06
-3.0521e-07
1.66423e-06
-3.82428e-07
1.69362e-06
-4.58631e-07
1.71598e-06
-5.31382e-07
1.72745e-06
-5.98095e-07
1.72513e-06
-6.56477e-07
1.70809e-06
-7.05023e-07
1.67757e-06
-7.43257e-07
1.63653e-06
-7.71616e-07
1.58857e-06
-7.9109e-07
1.53711e-06
-8.02829e-07
1.4848e-06
-8.07852e-07
1.4334e-06
-8.06945e-07
1.38388e-06
-8.0068e-07
1.33672e-06
-7.89507e-07
1.29209e-06
-7.73843e-07
1.25002e-06
-7.54128e-07
1.2105e-06
-7.3084e-07
1.17347e-06
-7.04486e-07
1.13889e-06
-6.75577e-07
1.10665e-06
-6.44613e-07
1.07664e-06
-6.12058e-07
1.04875e-06
-5.78332e-07
1.02282e-06
-5.43802e-07
9.98714e-07
-5.08785e-07
9.76283e-07
-4.73539e-07
9.55396e-07
-4.38271e-07
9.35934e-07
-4.0314e-07
9.17801e-07
-3.68255e-07
9.00927e-07
-3.33682e-07
8.85274e-07
-2.99438e-07
8.70817e-07
-2.6551e-07
8.57552e-07
-2.3187e-07
8.4551e-07
-1.98488e-07
8.34811e-07
-1.65296e-07
8.25668e-07
-1.32146e-07
8.18317e-07
-9.88289e-08
8.12846e-07
-6.52304e-08
8.09059e-07
-3.15783e-08
8.06582e-07
1.43352e-09
8.05352e-07
3.29521e-08
8.06321e-07
6.26465e-08
8.11781e-07
9.12353e-08
8.24883e-07
1.20302e-07
8.48454e-07
1.51346e-07
8.83783e-07
1.84575e-07
9.30107e-07
2.18307e-07
9.8496e-07
2.49334e-07
1.04497e-06
2.73938e-07
1.10663e-06
2.88888e-07
1.16686e-06
2.92045e-07
1.2232e-06
2.82511e-07
1.27391e-06
2.60469e-07
1.31784e-06
2.26937e-07
1.3543e-06
1.83542e-07
1.38296e-06
1.32288e-07
1.40374e-06
7.51837e-08
1.41678e-06
1.38672e-08
1.42224e-06
-5.021e-08
1.4202e-06
-1.14802e-07
1.41092e-06
-1.77922e-07
1.39488e-06
-2.38067e-07
1.37298e-06
-2.94207e-07
1.34663e-06
-3.45949e-07
1.31767e-06
-3.93599e-07
1.28811e-06
-4.38098e-07
1.2597e-06
-4.807e-07
1.23342e-06
-5.2233e-07
1.2093e-06
-5.62926e-07
1.1868e-06
-6.01527e-07
1.16567e-06
-6.3755e-07
1.14671e-06
-6.72466e-07
1.13162e-06
-7.09964e-07
1.12173e-06
-7.53444e-07
1.11651e-06
-8.02356e-07
1.1133e-06
-8.5098e-07
1.10871e-06
-8.91561e-07
1.10091e-06
-9.19567e-07
1.09093e-06
-9.36799e-07
1.08232e-06
-9.49933e-07
1.0792e-06
-9.65757e-07
1.08416e-06
-9.86751e-07
1.09727e-06
-1.01003e-06
1.11661e-06
-1.02954e-06
1.13937e-06
-1.03905e-06
1.16295e-06
-1.03414e-06
1.18541e-06
-1.01264e-06
1.20552e-06
-9.74302e-07
1.22268e-06
-9.20202e-07
1.23676e-06
-8.52205e-07
1.2479e-06
-7.72541e-07
1.25642e-06
-6.83493e-07
1.2627e-06
-5.87202e-07
1.26711e-06
-4.85577e-07
1.26993e-06
-3.80292e-07
1.27135e-06
-2.72796e-07
1.2714e-06
-1.64313e-07
1.26999e-06
-5.59369e-08
1.26694e-06
5.10327e-08
1.26198e-06
1.5494e-07
1.25481e-06
2.53947e-07
1.2452e-06
3.46121e-07
1.23316e-06
4.29739e-07
1.21891e-06
5.0357e-07
1.20291e-06
5.67078e-07
1.18578e-06
6.20419e-07
1.16815e-06
6.6427e-07
1.15057e-06
6.99548e-07
1.13346e-06
7.27138e-07
1.11699e-06
7.47708e-07
1.1012e-06
7.61666e-07
1.08603e-06
7.69231e-07
1.07138e-06
7.70558e-07
1.05716e-06
7.65871e-07
1.04336e-06
7.55548e-07
1.03001e-06
7.40146e-07
1.01724e-06
7.20382e-07
1.00517e-06
6.97066e-07
9.93977e-07
6.71038e-07
9.83807e-07
6.431e-07
9.74787e-07
6.13963e-07
9.67008e-07
5.84225e-07
9.6052e-07
5.54352e-07
9.55337e-07
5.24687e-07
9.51434e-07
4.9546e-07
9.48759e-07
4.66809e-07
9.47237e-07
4.38799e-07
9.46775e-07
4.11441e-07
9.47269e-07
3.84711e-07
9.48603e-07
3.58559e-07
9.50658e-07
3.32924e-07
9.53307e-07
3.07739e-07
9.56418e-07
2.82941e-07
9.59859e-07
2.58475e-07
9.63493e-07
2.34297e-07
9.67184e-07
2.1038e-07
9.708e-07
1.86719e-07
9.74214e-07
1.63327e-07
9.77306e-07
1.40242e-07
9.7997e-07
1.1752e-07
9.82113e-07
9.52388e-08
9.83659e-07
7.34902e-08
9.84549e-07
5.23751e-08
9.84747e-07
3.20041e-08
9.84234e-07
1.24975e-08
9.83013e-07
-6.02343e-09
9.81101e-07
-2.34606e-08
9.78536e-07
-3.97456e-08
9.75366e-07
-5.48193e-08
9.71654e-07
-6.86456e-08
9.67467e-07
-8.12133e-08
9.6288e-07
-9.25381e-08
9.5797e-07
-1.02657e-07
-1.11652e-07
9.52808e-07
1.47709e-06
6.43956e-08
1.47828e-06
7.30463e-08
1.47852e-06
8.27228e-08
1.47837e-06
9.51293e-08
1.47915e-06
1.11908e-07
1.48219e-06
1.33585e-07
1.4883e-06
1.59491e-07
1.4975e-06
1.88109e-07
1.50886e-06
2.17295e-07
1.52059e-06
2.44475e-07
1.53071e-06
2.67064e-07
1.53782e-06
2.82899e-07
1.54178e-06
2.90533e-07
1.54371e-06
2.89332e-07
1.54558e-06
2.79378e-07
1.54949e-06
2.6122e-07
1.55708e-06
2.35577e-07
1.5692e-06
2.03109e-07
1.58591e-06
1.64309e-07
1.60671e-06
1.19518e-07
1.63093e-06
6.89334e-08
1.65783e-06
1.28824e-08
1.68688e-06
-4.91307e-08
1.71671e-06
-1.15138e-07
1.74586e-06
-1.84464e-07
1.77257e-06
-2.55708e-07
1.79462e-06
-3.27264e-07
1.8095e-06
-3.9731e-07
1.81479e-06
-4.63914e-07
1.80868e-06
-5.25276e-07
1.79057e-06
-5.79982e-07
1.76126e-06
-6.27172e-07
1.7228e-06
-6.66565e-07
1.67789e-06
-6.98347e-07
1.62925e-06
-7.22973e-07
1.57914e-06
-7.40975e-07
1.52914e-06
-7.52831e-07
1.48021e-06
-7.58929e-07
1.43286e-06
-7.59592e-07
1.3873e-06
-7.55123e-07
1.34365e-06
-7.45856e-07
1.30198e-06
-7.3217e-07
1.26235e-06
-7.14496e-07
1.22481e-06
-6.93299e-07
1.18938e-06
-6.69062e-07
1.15607e-06
-6.42265e-07
1.12483e-06
-6.13371e-07
1.09558e-06
-5.82813e-07
1.06824e-06
-5.50989e-07
1.04269e-06
-5.18252e-07
1.01882e-06
-4.84912e-07
9.96508e-07
-4.51231e-07
9.75661e-07
-4.17425e-07
9.56186e-07
-3.83665e-07
9.38012e-07
-3.50081e-07
9.21092e-07
-3.16762e-07
9.05409e-07
-2.83755e-07
8.90968e-07
-2.51069e-07
8.77792e-07
-2.18693e-07
8.65917e-07
-1.86614e-07
8.55431e-07
-1.5481e-07
8.46509e-07
-1.23224e-07
8.39411e-07
-9.17311e-08
8.34375e-07
-6.01946e-08
8.31439e-07
-2.86414e-08
8.30334e-07
2.53808e-09
8.30686e-07
3.26001e-08
8.32544e-07
6.07882e-08
8.36903e-07
8.68761e-08
8.45783e-07
1.11422e-07
8.61668e-07
1.35461e-07
8.86524e-07
1.59719e-07
9.20961e-07
1.8387e-07
9.63986e-07
2.06309e-07
1.01335e-06
2.2457e-07
1.06619e-06
2.36047e-07
1.1196e-06
2.3864e-07
1.17101e-06
2.31101e-07
1.21839e-06
2.13089e-07
1.26024e-06
1.85084e-07
1.29555e-06
1.48234e-07
1.32371e-06
1.04128e-07
1.34449e-06
5.44088e-08
1.35786e-06
4.90984e-10
1.36385e-06
-5.62005e-08
1.36257e-06
-1.1352e-07
1.35449e-06
-1.69838e-07
1.34045e-06
-2.24027e-07
1.32173e-06
-2.75487e-07
1.29993e-06
-3.24153e-07
1.27677e-06
-3.70435e-07
1.25373e-06
-4.15058e-07
1.23173e-06
-4.58707e-07
1.21091e-06
-5.01505e-07
1.19072e-06
-5.42739e-07
1.17063e-06
-5.8144e-07
1.15094e-06
-6.17852e-07
1.13309e-06
-6.5462e-07
1.11901e-06
-6.95879e-07
1.10947e-06
-7.43908e-07
1.10297e-06
-7.95861e-07
1.09619e-06
-8.442e-07
1.08606e-06
-8.81423e-07
1.07196e-06
-9.05474e-07
1.05659e-06
-9.21423e-07
1.04461e-06
-9.37958e-07
1.04021e-06
-9.61358e-07
1.04504e-06
-9.91573e-07
1.05792e-06
-1.02291e-06
1.07603e-06
-1.04766e-06
1.09634e-06
-1.05936e-06
1.1164e-06
-1.0542e-06
1.13466e-06
-1.0309e-06
1.15028e-06
-9.89928e-07
1.16299e-06
-9.32913e-07
1.17286e-06
-8.62075e-07
1.18019e-06
-7.79868e-07
1.18539e-06
-6.88695e-07
1.18891e-06
-5.90722e-07
1.19115e-06
-4.87817e-07
1.19242e-06
-3.81559e-07
1.19289e-06
-2.73266e-07
1.19259e-06
-1.64018e-07
1.19145e-06
-5.4793e-08
1.1893e-06
5.31804e-08
1.18586e-06
1.5838e-07
1.18078e-06
2.59032e-07
1.17375e-06
3.53148e-07
1.16464e-06
4.3885e-07
1.15352e-06
5.14691e-07
1.14069e-06
5.79904e-07
1.12664e-06
6.34469e-07
1.11193e-06
6.78978e-07
1.09711e-06
7.14375e-07
1.08259e-06
7.41659e-07
1.06863e-06
7.61661e-07
1.05535e-06
7.74951e-07
1.04271e-06
7.81867e-07
1.03064e-06
7.8263e-07
1.01905e-06
7.77466e-07
1.00787e-06
7.6672e-07
9.97127e-07
7.50893e-07
9.86864e-07
7.30644e-07
9.77188e-07
7.06742e-07
9.68225e-07
6.80002e-07
9.60104e-07
6.5122e-07
9.52943e-07
6.21124e-07
9.46833e-07
5.90335e-07
9.41832e-07
5.59353e-07
9.37965e-07
5.28554e-07
9.35222e-07
4.98202e-07
9.33566e-07
4.68464e-07
9.32935e-07
4.39429e-07
9.3325e-07
4.11126e-07
9.34416e-07
3.83545e-07
9.36329e-07
3.56647e-07
9.38876e-07
3.30377e-07
9.41941e-07
3.04674e-07
9.45402e-07
2.7948e-07
9.49137e-07
2.5474e-07
9.5302e-07
2.30413e-07
9.5693e-07
2.06471e-07
9.60745e-07
1.82904e-07
9.64353e-07
1.5972e-07
9.67645e-07
1.36949e-07
9.70528e-07
1.14637e-07
9.72917e-07
9.28493e-08
9.74746e-07
7.16617e-08
9.75961e-07
5.11597e-08
9.76529e-07
3.14364e-08
9.76431e-07
1.2595e-08
9.75667e-07
-5.25922e-09
9.74251e-07
-2.2044e-08
9.7221e-07
-3.7705e-08
9.69586e-07
-5.21948e-08
9.66427e-07
-6.54866e-08
9.6279e-07
-7.75763e-08
9.58736e-07
-8.84841e-08
9.5433e-07
-9.82517e-08
-1.06954e-07
9.49632e-07
1.46488e-06
6.37197e-08
1.46574e-06
7.21833e-08
1.4666e-06
8.18707e-08
1.46799e-06
9.3735e-08
1.47115e-06
1.08743e-07
1.4775e-06
1.27237e-07
1.48824e-06
1.48751e-07
1.50415e-06
1.72202e-07
1.52535e-06
1.96092e-07
1.55118e-06
2.18647e-07
1.58023e-06
2.38019e-07
1.61064e-06
2.52489e-07
1.64056e-06
2.60612e-07
1.66858e-06
2.61311e-07
1.69401e-06
2.53946e-07
1.71692e-06
2.38316e-07
1.7379e-06
2.14591e-07
1.75781e-06
1.83198e-07
1.77742e-06
1.447e-07
1.79722e-06
9.97173e-08
1.81727e-06
4.88904e-08
1.837e-06
-6.8479e-09
1.8547e-06
-6.68373e-08
1.86939e-06
-1.29822e-07
1.8796e-06
-1.94673e-07
1.88386e-06
-2.59976e-07
1.88082e-06
-3.24223e-07
1.86951e-06
-3.85997e-07
1.84964e-06
-4.44043e-07
1.82171e-06
-4.97343e-07
1.78691e-06
-5.45186e-07
1.7469e-06
-5.87165e-07
1.70345e-06
-6.23113e-07
1.65813e-06
-6.53023e-07
1.61214e-06
-6.76981e-07
1.56627e-06
-6.95112e-07
1.52102e-06
-7.07573e-07
1.47664e-06
-7.1455e-07
1.43332e-06
-7.16274e-07
1.39122e-06
-7.13026e-07
1.35051e-06
-7.05139e-07
1.31132e-06
-6.92989e-07
1.27382e-06
-6.76987e-07
1.23808e-06
-6.57563e-07
1.20418e-06
-6.35159e-07
1.17213e-06
-6.10214e-07
1.14191e-06
-5.8315e-07
1.11346e-06
-5.54372e-07
1.08673e-06
-5.24255e-07
1.06162e-06
-4.9314e-07
1.03804e-06
-4.61332e-07
1.01591e-06
-4.29098e-07
9.95144e-07
-3.96662e-07
9.75689e-07
-3.6421e-07
9.57495e-07
-3.31887e-07
9.40536e-07
-2.99804e-07
9.24814e-07
-2.68033e-07
9.10356e-07
-2.36611e-07
8.97209e-07
-2.05546e-07
8.8543e-07
-1.74834e-07
8.75096e-07
-1.44476e-07
8.66338e-07
-1.14467e-07
8.59378e-07
-8.47705e-08
8.54494e-07
-5.53103e-08
8.51894e-07
-2.60422e-08
8.51545e-07
2.88768e-09
8.53124e-07
3.10203e-08
8.56294e-07
5.76191e-08
8.61146e-07
8.20234e-08
8.68552e-07
1.04017e-07
8.80096e-07
1.23917e-07
8.97558e-07
1.42257e-07
9.22179e-07
1.59248e-07
9.54124e-07
1.74365e-07
9.92373e-07
1.86321e-07
1.03502e-06
1.934e-07
1.07973e-06
1.93933e-07
1.12415e-06
1.86675e-07
1.16622e-06
1.71018e-07
1.20426e-06
1.47048e-07
1.23701e-06
1.1548e-07
1.26369e-06
7.74541e-08
1.28388e-06
3.42172e-08
1.29741e-06
-1.3045e-08
1.30419e-06
-6.29804e-08
1.30448e-06
-1.1381e-07
1.29899e-06
-1.64348e-07
1.2888e-06
-2.13837e-07
1.27523e-06
-2.61915e-07
1.25962e-06
-3.08548e-07
1.24315e-06
-3.53956e-07
1.22653e-06
-3.98447e-07
1.20994e-06
-4.42112e-07
1.19294e-06
-4.84508e-07
1.17495e-06
-5.24743e-07
1.15587e-06
-5.62363e-07
1.13673e-06
-5.98716e-07
1.1195e-06
-6.3739e-07
1.1059e-06
-6.82271e-07
1.0958e-06
-7.33807e-07
1.08668e-06
-7.86743e-07
1.0749e-06
-8.32423e-07
1.05817e-06
-8.6469e-07
1.03747e-06
-8.84781e-07
1.01711e-06
-9.01056e-07
1.00249e-06
-9.23343e-07
9.97292e-07
-9.56158e-07
1.00185e-06
-9.96129e-07
1.01377e-06
-1.03484e-06
1.02967e-06
-1.06355e-06
1.04652e-06
-1.07621e-06
1.0623e-06
-1.06998e-06
1.07588e-06
-1.04448e-06
1.08681e-06
-1.00086e-06
1.09505e-06
-9.41151e-07
1.10082e-06
-8.67849e-07
1.10452e-06
-7.83568e-07
1.10662e-06
-6.90791e-07
1.10758e-06
-5.91687e-07
1.10783e-06
-4.88062e-07
1.10765e-06
-3.81383e-07
1.10722e-06
-2.72836e-07
1.10657e-06
-1.63367e-07
1.10563e-06
-5.38491e-08
1.10426e-06
5.45463e-08
1.1022e-06
1.60446e-07
1.09907e-06
2.6216e-07
1.09454e-06
3.57676e-07
1.08838e-06
4.45006e-07
1.08054e-06
5.22531e-07
1.07117e-06
5.89277e-07
1.0606e-06
6.45038e-07
1.04929e-06
6.90291e-07
1.03771e-06
7.25953e-07
1.02628e-06
7.53088e-07
1.01529e-06
7.7265e-07
1.00489e-06
7.85351e-07
9.95105e-07
7.91653e-07
9.85881e-07
7.91854e-07
9.77137e-07
7.8621e-07
9.68805e-07
7.75052e-07
9.60855e-07
7.58843e-07
9.53308e-07
7.38192e-07
9.46226e-07
7.13824e-07
9.39702e-07
6.86525e-07
9.33843e-07
6.5708e-07
9.2875e-07
6.26217e-07
9.2451e-07
5.94576e-07
9.21184e-07
5.62679e-07
9.18806e-07
5.30932e-07
9.1738e-07
4.99629e-07
9.16883e-07
4.68962e-07
9.17266e-07
4.39045e-07
9.18466e-07
4.09927e-07
9.204e-07
3.81611e-07
9.22976e-07
3.5407e-07
9.26094e-07
3.27258e-07
9.29648e-07
3.0112e-07
9.33529e-07
2.756e-07
9.37623e-07
2.50645e-07
9.41821e-07
2.26216e-07
9.4601e-07
2.02281e-07
9.50084e-07
1.78829e-07
9.53942e-07
1.55863e-07
9.57488e-07
1.33403e-07
9.60638e-07
1.11487e-07
9.63319e-07
9.01683e-08
9.65471e-07
6.95105e-08
9.67046e-07
4.95848e-08
9.68012e-07
3.04699e-08
9.68352e-07
1.22548e-08
9.68063e-07
-4.96946e-09
9.67153e-07
-2.1134e-08
9.65643e-07
-3.61959e-08
9.63566e-07
-5.01174e-08
9.60959e-07
-6.28796e-08
9.57867e-07
-7.44845e-08
9.54339e-07
-8.49564e-08
9.50429e-07
-9.43415e-08
-1.02709e-07
9.46184e-07
1.46354e-06
6.30211e-08
1.46445e-06
7.12699e-08
1.46559e-06
8.07363e-08
1.46737e-06
9.1959e-08
1.47065e-06
1.05461e-07
1.47649e-06
1.21396e-07
1.48589e-06
1.39349e-07
1.49966e-06
1.58435e-07
1.51828e-06
1.77468e-07
1.54184e-06
1.95088e-07
1.56994e-06
2.09912e-07
1.60177e-06
2.20663e-07
1.63613e-06
2.26248e-07
1.67165e-06
2.25793e-07
1.70695e-06
2.18647e-07
1.74086e-06
2.04412e-07
1.7725e-06
1.82944e-07
1.80135e-06
1.54355e-07
1.82705e-06
1.18994e-07
1.84936e-06
7.741e-08
1.86786e-06
3.03954e-08
1.88205e-06
-2.10419e-08
1.89124e-06
-7.60269e-08
1.8949e-06
-1.33483e-07
1.89249e-06
-1.92258e-07
1.88368e-06
-2.51168e-07
1.86848e-06
-3.09022e-07
1.84722e-06
-3.64737e-07
1.82055e-06
-4.17371e-07
1.78935e-06
-4.66144e-07
1.75461e-06
-5.10452e-07
1.7173e-06
-5.49854e-07
1.67824e-06
-5.84048e-07
1.63806e-06
-6.12849e-07
1.59726e-06
-6.36178e-07
1.55619e-06
-6.54046e-07
1.51517e-06
-6.66546e-07
1.47446e-06
-6.7384e-07
1.43433e-06
-6.76148e-07
1.39505e-06
-6.7374e-07
1.35683e-06
-6.66924e-07
1.31988e-06
-6.56042e-07
1.28436e-06
-6.41463e-07
1.25037e-06
-6.23571e-07
1.21797e-06
-6.02763e-07
1.18719e-06
-5.79436e-07
1.15802e-06
-5.5398e-07
1.13042e-06
-5.26773e-07
1.10434e-06
-4.98172e-07
1.07971e-06
-4.6851e-07
1.05647e-06
-4.38088e-07
1.03455e-06
-4.07177e-07
1.0139e-06
-3.76012e-07
9.94478e-07
-3.44792e-07
9.7627e-07
-3.1368e-07
9.59269e-07
-2.82802e-07
9.4349e-07
-2.52254e-07
9.28978e-07
-2.22098e-07
9.15797e-07
-1.92365e-07
9.04029e-07
-1.63066e-07
8.93759e-07
-1.34207e-07
8.85096e-07
-1.05804e-07
8.78202e-07
-7.78768e-08
8.73318e-07
-5.04264e-08
8.70712e-07
-2.34359e-08
8.70542e-07
3.0576e-09
8.72711e-07
2.88515e-08
8.76886e-07
5.34433e-08
8.82758e-07
7.61519e-08
8.90381e-07
9.63932e-08
9.00385e-07
1.13913e-07
9.13857e-07
1.28786e-07
9.31926e-07
1.41179e-07
9.5527e-07
1.5102e-07
9.83784e-07
1.57807e-07
1.01654e-06
1.60641e-07
1.05202e-06
1.58455e-07
1.0884e-06
1.50295e-07
1.12386e-06
1.35555e-07
1.15679e-06
1.14125e-07
1.18588e-06
8.63929e-08
1.21023e-06
5.30951e-08
1.22933e-06
1.51192e-08
1.2429e-06
-2.66095e-08
1.25084e-06
-7.09186e-08
1.25357e-06
-1.16544e-07
1.25188e-06
-1.62655e-07
1.24671e-06
-2.08668e-07
1.239e-06
-2.54207e-07
1.22953e-06
-2.99078e-07
1.2188e-06
-3.4322e-07
1.20691e-06
-3.86561e-07
1.19358e-06
-4.28785e-07
1.17831e-06
-4.69232e-07
1.16083e-06
-5.0727e-07
1.14176e-06
-5.43289e-07
1.12274e-06
-5.797e-07
1.10586e-06
-6.2051e-07
1.09217e-06
-6.6858e-07
1.08041e-06
-7.22048e-07
1.06722e-06
-7.73554e-07
1.04911e-06
-8.14308e-07
1.02502e-06
-8.40598e-07
9.97751e-07
-8.57515e-07
9.73019e-07
-8.76324e-07
9.56461e-07
-9.06785e-07
9.50692e-07
-9.50388e-07
9.54561e-07
-9.99998e-07
9.64665e-07
-1.04494e-06
9.77369e-07
-1.07626e-06
9.89991e-07
-1.08883e-06
1.001e-06
-1.08099e-06
1.00971e-06
-1.05319e-06
1.01597e-06
-1.00712e-06
1.01991e-06
-9.45092e-07
1.02184e-06
-8.6978e-07
1.0222e-06
-7.83923e-07
1.02147e-06
-6.90058e-07
1.02012e-06
-5.90342e-07
1.01856e-06
-4.86504e-07
1.01708e-06
-3.79895e-07
1.01581e-06
-2.71567e-07
1.01478e-06
-1.62343e-07
1.01395e-06
-5.30175e-08
1.01322e-06
5.52813e-08
1.01233e-06
1.61329e-07
1.01096e-06
2.63529e-07
1.00877e-06
3.59873e-07
1.00546e-06
4.48311e-07
1.0009e-06
5.27093e-07
9.95098e-07
5.95079e-07
9.88245e-07
6.51892e-07
9.80659e-07
6.97876e-07
9.72723e-07
7.3389e-07
9.648e-07
7.6101e-07
9.57177e-07
7.80274e-07
9.50025e-07
7.92503e-07
9.43406e-07
7.98272e-07
9.37298e-07
7.97961e-07
9.31635e-07
7.91874e-07
9.26345e-07
7.80342e-07
9.2138e-07
7.63808e-07
9.1673e-07
7.42841e-07
9.12425e-07
7.18129e-07
9.08528e-07
6.90423e-07
9.05118e-07
6.6049e-07
9.02281e-07
6.29054e-07
9.00096e-07
5.96761e-07
8.98623e-07
5.64151e-07
8.97902e-07
5.31653e-07
8.97946e-07
4.99584e-07
8.98746e-07
4.68162e-07
9.00271e-07
4.37521e-07
9.02467e-07
4.0773e-07
9.0527e-07
3.78808e-07
9.08601e-07
3.50739e-07
9.12373e-07
3.23486e-07
9.16493e-07
2.97e-07
9.20864e-07
2.71229e-07
9.25387e-07
2.46122e-07
9.29963e-07
2.2164e-07
9.34494e-07
1.97751e-07
9.38885e-07
1.74438e-07
9.43048e-07
1.517e-07
9.46899e-07
1.29551e-07
9.50365e-07
1.08021e-07
9.5338e-07
8.7153e-08
9.55892e-07
6.69987e-08
9.57859e-07
4.76179e-08
9.59251e-07
2.90776e-08
9.60051e-07
1.14549e-08
9.60252e-07
-5.17082e-09
9.59861e-07
-2.07423e-08
9.5889e-07
-3.52253e-08
9.57363e-07
-4.85902e-08
9.55308e-07
-6.08243e-08
9.52758e-07
-7.19349e-08
9.49752e-07
-8.195e-08
9.4633e-07
-9.092e-08
-9.89101e-08
9.42531e-07
1.46492e-06
6.17325e-08
1.46653e-06
6.9659e-08
1.46859e-06
7.86786e-08
1.47142e-06
8.91256e-08
1.47562e-06
1.0126e-07
1.48192e-06
1.15103e-07
1.49099e-06
1.30279e-07
1.50337e-06
1.4605e-07
1.5194e-06
1.61435e-07
1.53917e-06
1.7532e-07
1.56252e-06
1.86568e-07
1.58904e-06
1.94136e-07
1.61815e-06
1.97145e-07
1.64903e-06
1.94907e-07
1.68076e-06
1.86923e-07
1.71229e-06
1.72879e-07
1.74259e-06
1.52644e-07
1.77067e-06
1.26276e-07
1.79564e-06
9.40207e-08
1.81673e-06
5.63191e-08
1.83335e-06
1.37806e-08
1.84513e-06
-3.28268e-08
1.85177e-06
-8.26666e-08
1.85304e-06
-1.3475e-07
1.84886e-06
-1.88076e-07
1.83933e-06
-2.41636e-07
1.82472e-06
-2.94419e-07
1.80547e-06
-3.45485e-07
1.78209e-06
-3.9399e-07
1.75515e-06
-4.39205e-07
1.72522e-06
-4.80526e-07
1.69285e-06
-5.17479e-07
1.65852e-06
-5.49719e-07
1.62269e-06
-5.77024e-07
1.5858e-06
-5.99283e-07
1.54823e-06
-6.16483e-07
1.51038e-06
-6.28692e-07
1.47258e-06
-6.36045e-07
1.43516e-06
-6.38728e-07
1.39839e-06
-6.36971e-07
1.36251e-06
-6.3104e-07
1.3277e-06
-6.21232e-07
1.29411e-06
-6.07869e-07
1.26183e-06
-5.91293e-07
1.23093e-06
-5.7186e-07
1.20142e-06
-5.49933e-07
1.17332e-06
-5.25874e-07
1.14658e-06
-5.00038e-07
1.12118e-06
-4.72769e-07
1.09706e-06
-4.44391e-07
1.07418e-06
-4.15206e-07
1.05249e-06
-3.85491e-07
1.03197e-06
-3.55491e-07
1.0126e-06
-3.25418e-07
9.9437e-07
-2.95453e-07
9.77307e-07
-2.65739e-07
9.61444e-07
-2.36391e-07
9.46835e-07
-2.0749e-07
9.33561e-07
-1.79091e-07
9.21717e-07
-1.51222e-07
9.11409e-07
-1.23898e-07
9.02742e-07
-9.71374e-08
8.95844e-07
-7.09781e-08
8.90886e-07
-4.54693e-08
8.88104e-07
-2.06536e-08
8.87732e-07
3.42952e-09
8.89876e-07
2.67076e-08
8.94403e-07
4.89167e-08
9.0099e-07
6.95646e-08
9.09336e-07
8.80472e-08
9.19404e-07
1.03844e-07
9.31536e-07
1.16654e-07
9.46343e-07
1.26373e-07
9.64416e-07
1.32947e-07
9.86022e-07
1.36202e-07
1.01091e-06
1.35756e-07
1.0383e-06
1.31064e-07
1.06704e-06
1.21555e-07
1.09578e-06
1.06811e-07
1.12319e-06
8.67121e-08
1.14813e-06
6.14571e-08
1.16975e-06
3.14724e-08
1.18751e-06
-2.63977e-09
1.20112e-06
-4.02138e-08
1.21053e-06
-8.03353e-08
1.21613e-06
-1.22143e-07
1.21842e-06
-1.64942e-07
1.21788e-06
-2.08131e-07
1.21491e-06
-2.51234e-07
1.20975e-06
-2.93916e-07
1.20245e-06
-3.35923e-07
1.19283e-06
-3.76939e-07
1.18051e-06
-4.16466e-07
1.16522e-06
-4.53947e-07
1.14727e-06
-4.89313e-07
1.12786e-06
-5.2388e-07
1.10895e-06
-5.60798e-07
1.09225e-06
-6.03808e-07
1.07774e-06
-6.54074e-07
1.06302e-06
-7.07326e-07
1.04426e-06
-7.5479e-07
1.01864e-06
-7.88689e-07
9.86757e-07
-8.08715e-07
9.53264e-07
-8.24021e-07
9.24928e-07
-8.47988e-07
9.07002e-07
-8.88858e-07
9.00624e-07
-9.44011e-07
9.03175e-07
-1.00255e-06
9.10565e-07
-1.05233e-06
9.19275e-07
-1.08497e-06
9.27135e-07
-1.09669e-06
9.33148e-07
-1.087e-06
9.37025e-07
-1.05707e-06
9.38817e-07
-1.00891e-06
9.3875e-07
-9.45025e-07
9.37167e-07
-8.68198e-07
9.34504e-07
-7.8126e-07
9.31242e-07
-6.86796e-07
9.27839e-07
-5.86939e-07
9.24672e-07
-4.83336e-07
9.21996e-07
-3.77219e-07
9.19939e-07
-2.6951e-07
9.18524e-07
-1.60928e-07
9.17714e-07
-5.2208e-08
9.17453e-07
5.55424e-08
9.17547e-07
1.61235e-07
9.17708e-07
2.63368e-07
9.17621e-07
3.59961e-07
9.16994e-07
4.48938e-07
9.1561e-07
5.28476e-07
9.13376e-07
5.97313e-07
9.10341e-07
6.54927e-07
9.06682e-07
7.01535e-07
9.02662e-07
7.3791e-07
8.98566e-07
7.65107e-07
8.9464e-07
7.842e-07
8.91055e-07
7.96088e-07
8.87892e-07
8.01435e-07
8.85152e-07
8.00701e-07
8.82787e-07
7.94238e-07
8.8073e-07
7.824e-07
8.78922e-07
7.65615e-07
8.77334e-07
7.4443e-07
8.75968e-07
7.19494e-07
8.74859e-07
6.91532e-07
8.74064e-07
6.61285e-07
8.73649e-07
6.29469e-07
8.73683e-07
5.96727e-07
8.74224e-07
5.63611e-07
8.75313e-07
5.30564e-07
8.76974e-07
4.97923e-07
8.79208e-07
4.65928e-07
8.81996e-07
4.34733e-07
8.85303e-07
4.04423e-07
8.89077e-07
3.75034e-07
8.93256e-07
3.46561e-07
8.97767e-07
3.18975e-07
9.02531e-07
2.92236e-07
9.07466e-07
2.66294e-07
9.12485e-07
2.41103e-07
9.17503e-07
2.16621e-07
9.22436e-07
1.92818e-07
9.27202e-07
1.69672e-07
9.31723e-07
1.47179e-07
9.35929e-07
1.25346e-07
9.39755e-07
1.04196e-07
9.43145e-07
8.37628e-08
9.46053e-07
6.40902e-08
9.48444e-07
4.52278e-08
9.50288e-07
2.72329e-08
9.51569e-07
1.01739e-08
9.52278e-07
-5.88005e-09
9.52417e-07
-2.08813e-08
9.51994e-07
-3.4802e-08
9.51022e-07
-4.76184e-08
9.49521e-07
-5.93231e-08
9.47514e-07
-6.99277e-08
9.45027e-07
-7.94632e-08
9.42091e-07
-8.79834e-08
-9.55513e-08
9.38732e-07
1.46657e-06
5.98631e-08
1.46887e-06
6.73556e-08
1.47177e-06
7.57806e-08
1.47555e-06
8.53453e-08
1.48066e-06
9.61546e-08
1.48762e-06
1.08143e-07
1.49693e-06
1.20968e-07
1.50896e-06
1.3402e-07
1.5239e-06
1.46492e-07
1.54175e-06
1.57466e-07
1.56232e-06
1.66003e-07
1.58523e-06
1.71223e-07
1.61e-06
1.72374e-07
1.63604e-06
1.68865e-07
1.66269e-06
1.60276e-07
1.68922e-06
1.46355e-07
1.71485e-06
1.27013e-07
1.7388e-06
1.02319e-07
1.76033e-06
7.24938e-08
1.77875e-06
3.7904e-08
1.79348e-06
-9.57424e-10
1.80414e-06
-4.34818e-08
1.81037e-06
-8.89009e-08
1.812e-06
-1.36377e-07
1.80895e-06
-1.85029e-07
1.80128e-06
-2.33967e-07
1.78917e-06
-2.82301e-07
1.77287e-06
-3.29187e-07
1.75274e-06
-3.73858e-07
1.72917e-06
-4.15639e-07
1.70261e-06
-4.53962e-07
1.6735e-06
-4.88374e-07
1.64232e-06
-5.18538e-07
1.60952e-06
-5.44225e-07
1.57555e-06
-5.6531e-07
1.54082e-06
-5.81752e-07
1.50571e-06
-5.93584e-07
1.47057e-06
-6.009e-07
1.43568e-06
-6.03845e-07
1.40132e-06
-6.02604e-07
1.36768e-06
-5.974e-07
1.33493e-06
-5.88489e-07
1.30322e-06
-5.76151e-07
1.27261e-06
-5.60692e-07
1.24318e-06
-5.4243e-07
1.21495e-06
-5.217e-07
1.18791e-06
-4.98837e-07
1.16206e-06
-4.74181e-07
1.13735e-06
-4.48062e-07
1.11376e-06
-4.20802e-07
1.09126e-06
-3.92704e-07
1.06982e-06
-3.64052e-07
1.04943e-06
-3.35102e-07
1.0301e-06
-3.06082e-07
1.01183e-06
-2.7719e-07
9.94681e-07
-2.48587e-07
9.78693e-07
-2.20403e-07
9.6394e-07
-1.92737e-07
9.5051e-07
-1.65662e-07
9.38512e-07
-1.39223e-07
9.28061e-07
-1.13447e-07
9.19278e-07
-8.8354e-08
9.12277e-07
-6.39769e-08
9.07184e-07
-4.03763e-08
9.04163e-07
-1.76327e-08
9.03421e-07
4.17095e-09
9.05149e-07
2.498e-08
9.09401e-07
4.46651e-08
9.1603e-07
6.29356e-08
9.24734e-07
7.93423e-08
9.35212e-07
9.33672e-08
9.47316e-07
1.0455e-07
9.61123e-07
1.12566e-07
9.76851e-07
1.17218e-07
9.94692e-07
1.18361e-07
1.01463e-06
1.15815e-07
1.03636e-06
1.09336e-07
1.05926e-06
9.866e-08
1.08247e-06
8.35937e-08
1.10509e-06
6.40919e-08
1.12628e-06
4.02756e-08
1.14534e-06
1.24103e-08
1.16183e-06
-1.91307e-08
1.17544e-06
-5.38286e-08
1.18609e-06
-9.09826e-08
1.19384e-06
-1.29888e-07
1.19875e-06
-1.69856e-07
1.20088e-06
-2.10261e-07
1.20026e-06
-2.50615e-07
1.19689e-06
-2.9054e-07
1.19063e-06
-3.29666e-07
1.18122e-06
-3.67535e-07
1.16842e-06
-4.03664e-07
1.15232e-06
-4.37848e-07
1.13374e-06
-4.70732e-07
1.11426e-06
-5.044e-07
1.09568e-06
-5.42216e-07
1.07883e-06
-5.86961e-07
1.06248e-06
-6.37716e-07
1.04328e-06
-6.88132e-07
1.01748e-06
-7.28992e-07
9.83462e-07
-7.54667e-07
9.43706e-07
-7.68959e-07
9.04597e-07
-7.84912e-07
8.73454e-07
-8.16846e-07
8.54543e-07
-8.69947e-07
8.47278e-07
-9.36746e-07
8.47774e-07
-1.00304e-06
8.51648e-07
-1.05621e-06
8.5578e-07
-1.0891e-06
8.58603e-07
-1.09952e-06
8.59619e-07
-1.08802e-06
8.58839e-07
-1.05629e-06
8.56451e-07
-1.00652e-06
8.52716e-07
-9.4129e-07
8.47967e-07
-8.63449e-07
8.42615e-07
-7.75908e-07
8.37111e-07
-6.81291e-07
8.31884e-07
-5.81712e-07
8.27278e-07
-4.78731e-07
8.23521e-07
-3.73462e-07
8.20718e-07
-2.66708e-07
8.1889e-07
-1.591e-07
8.18019e-07
-5.13363e-08
8.18087e-07
5.54744e-08
8.18965e-07
1.60356e-07
8.20438e-07
2.61896e-07
8.22239e-07
3.5816e-07
8.24087e-07
4.47089e-07
8.25729e-07
5.26834e-07
8.2698e-07
5.96061e-07
8.27765e-07
6.54142e-07
8.28121e-07
7.01179e-07
8.28181e-07
7.3785e-07
8.28128e-07
7.6516e-07
8.28148e-07
7.8418e-07
8.28385e-07
7.95851e-07
8.2892e-07
8.009e-07
8.29769e-07
7.99852e-07
8.30897e-07
7.93111e-07
8.32243e-07
7.81053e-07
8.33747e-07
7.64111e-07
8.35364e-07
7.42813e-07
8.37075e-07
7.17783e-07
8.38893e-07
6.89714e-07
8.40851e-07
6.59327e-07
8.43e-07
6.27319e-07
8.45396e-07
5.94331e-07
8.48092e-07
5.60915e-07
8.5113e-07
5.27526e-07
8.54539e-07
4.94514e-07
8.58331e-07
4.62136e-07
8.62501e-07
4.30563e-07
8.67026e-07
3.99898e-07
8.71872e-07
3.70188e-07
8.7699e-07
3.41442e-07
8.82325e-07
3.13641e-07
8.87811e-07
2.86749e-07
8.93382e-07
2.60724e-07
8.98965e-07
2.3552e-07
9.04489e-07
2.11097e-07
9.09883e-07
1.87424e-07
9.15078e-07
1.64477e-07
9.20009e-07
1.42247e-07
9.24617e-07
1.20739e-07
9.28846e-07
9.99666e-08
9.3265e-07
7.99588e-08
9.35989e-07
6.07507e-08
9.38833e-07
4.23844e-08
9.41155e-07
2.49106e-08
9.42938e-07
8.39054e-09
9.44173e-07
-7.11452e-09
9.44856e-07
-2.15648e-08
9.44991e-07
-3.49364e-08
9.44582e-07
-4.721e-08
9.43641e-07
-5.83818e-08
9.4218e-07
-6.84666e-08
9.40214e-07
-7.74976e-08
9.37762e-07
-8.55312e-08
-9.26295e-08
9.3484e-07
1.46839e-06
5.74953e-08
1.47125e-06
6.44922e-08
1.47478e-06
7.22516e-08
1.47922e-06
8.08993e-08
1.48493e-06
9.04459e-08
1.4923e-06
1.00772e-07
1.50171e-06
1.11564e-07
1.51342e-06
1.22307e-07
1.52757e-06
1.32337e-07
1.54414e-06
1.40898e-07
1.56293e-06
1.47215e-07
1.5836e-06
1.50552e-07
1.60571e-06
1.50268e-07
1.62872e-06
1.4585e-07
1.65207e-06
1.36927e-07
1.67515e-06
1.23276e-07
1.69735e-06
1.04818e-07
1.71805e-06
8.16179e-08
1.73667e-06
5.38724e-08
1.75267e-06
2.1906e-08
1.76555e-06
-1.38409e-08
1.7749e-06
-5.28353e-08
1.78041e-06
-9.44089e-08
1.78187e-06
-1.37835e-07
1.77918e-06
-1.82336e-07
1.77234e-06
-2.27125e-07
1.76146e-06
-2.71421e-07
1.74674e-06
-3.14472e-07
1.72847e-06
-3.5559e-07
1.70699e-06
-3.94162e-07
1.6827e-06
-4.29668e-07
1.65601e-06
-4.6168e-07
1.62734e-06
-4.89873e-07
1.59713e-06
-5.14015e-07
1.56578e-06
-5.3396e-07
1.53367e-06
-5.49641e-07
1.50114e-06
-5.61058e-07
1.46851e-06
-5.68267e-07
1.43604e-06
-5.71374e-07
1.40396e-06
-5.70526e-07
1.37247e-06
-5.65907e-07
1.34171e-06
-5.57734e-07
1.31181e-06
-5.4625e-07
1.28285e-06
-5.31726e-07
1.25487e-06
-5.14449e-07
1.22789e-06
-4.94726e-07
1.20193e-06
-4.72873e-07
1.17696e-06
-4.49213e-07
1.15297e-06
-4.24068e-07
1.12992e-06
-3.97757e-07
1.10781e-06
-3.70591e-07
1.08662e-06
-3.4286e-07
1.06635e-06
-3.14837e-07
1.04704e-06
-2.86766e-07
1.02871e-06
-2.58862e-07
1.01142e-06
-2.31304e-07
9.95261e-07
-2.04239e-07
9.80304e-07
-1.7778e-07
9.66654e-07
-1.52012e-07
9.54425e-07
-1.26994e-07
9.43741e-07
-1.02763e-07
9.3473e-07
-7.93427e-08
9.27511e-07
-5.67588e-08
9.22195e-07
-3.50602e-08
9.18893e-07
-1.433e-08
9.17743e-07
5.32086e-09
9.18909e-07
2.38132e-08
9.22522e-07
4.10526e-08
9.28594e-07
5.68638e-08
9.36976e-07
7.09596e-08
9.47394e-07
8.29495e-08
9.59542e-07
9.24017e-08
9.73185e-07
9.8922e-08
9.882e-07
1.02204e-07
1.00453e-06
1.0203e-07
1.02211e-06
9.82379e-08
1.04075e-06
9.06918e-08
1.06012e-06
7.92886e-08
1.07973e-06
6.39828e-08
1.09902e-06
4.48048e-08
1.11744e-06
2.18589e-08
1.1345e-06
-4.65569e-09
1.14982e-06
-3.44467e-08
1.16303e-06
-6.70358e-08
1.17387e-06
-1.01822e-07
1.18212e-06
-1.38139e-07
1.18759e-06
-1.75334e-07
1.19019e-06
-2.12859e-07
1.18985e-06
-2.50277e-07
1.18648e-06
-2.87169e-07
1.17986e-06
-3.23043e-07
1.16972e-06
-3.57397e-07
1.15602e-06
-3.89967e-07
1.13926e-06
-4.21083e-07
1.12059e-06
-4.52065e-07
1.10159e-06
-4.85395e-07
1.0834e-06
-5.24029e-07
1.06571e-06
-5.69268e-07
1.04611e-06
-6.18118e-07
1.02081e-06
-6.62836e-07
9.86676e-07
-6.94856e-07
9.43687e-07
-7.11677e-07
8.96333e-07
-7.21605e-07
8.52421e-07
-7.41e-07
8.19215e-07
-7.8364e-07
7.99483e-07
-8.50214e-07
7.90871e-07
-9.28134e-07
7.88584e-07
-1.00076e-06
7.88316e-07
-1.05594e-06
7.87522e-07
-1.0883e-06
7.85243e-07
-1.09724e-06
7.81399e-07
-1.08417e-06
7.76219e-07
-1.05111e-06
7.69968e-07
-1.00027e-06
7.62904e-07
-9.34226e-07
7.55322e-07
-8.55867e-07
7.4758e-07
-7.68166e-07
7.40086e-07
-6.73797e-07
7.33229e-07
-5.74855e-07
7.27321e-07
-4.72822e-07
7.22561e-07
-3.68701e-07
7.19039e-07
-2.63186e-07
7.16774e-07
-1.56835e-07
7.15767e-07
-5.03295e-08
7.16045e-07
5.5196e-08
7.17553e-07
1.58848e-07
7.20156e-07
2.59292e-07
7.23653e-07
3.54664e-07
7.27789e-07
4.42953e-07
7.32291e-07
5.22332e-07
7.36906e-07
5.91446e-07
7.41446e-07
6.49602e-07
7.45819e-07
6.96806e-07
7.50026e-07
7.33643e-07
7.5414e-07
7.61046e-07
7.58268e-07
7.80052e-07
7.62509e-07
7.9161e-07
7.66928e-07
7.96481e-07
7.71541e-07
7.95239e-07
7.76322e-07
7.8833e-07
7.81216e-07
7.76159e-07
7.8616e-07
7.59167e-07
7.911e-07
7.37873e-07
7.96003e-07
7.1288e-07
8.00859e-07
6.84858e-07
8.05685e-07
6.54501e-07
8.10514e-07
6.2249e-07
8.1539e-07
5.89455e-07
8.20359e-07
5.55946e-07
8.25465e-07
5.22421e-07
8.30738e-07
4.89241e-07
8.36201e-07
4.56674e-07
8.41858e-07
4.24906e-07
8.47703e-07
3.94053e-07
8.53714e-07
3.64177e-07
8.59859e-07
3.35297e-07
8.66098e-07
3.07402e-07
8.72382e-07
2.80465e-07
8.78658e-07
2.54448e-07
8.84871e-07
2.29308e-07
8.90961e-07
2.05007e-07
8.96873e-07
1.81512e-07
9.0255e-07
1.588e-07
9.07939e-07
1.36858e-07
9.12993e-07
1.15685e-07
9.17666e-07
9.52935e-08
9.21921e-07
7.57043e-08
9.25724e-07
5.69472e-08
9.2905e-07
3.90588e-08
9.31875e-07
2.20854e-08
9.34182e-07
6.08339e-09
9.3596e-07
-8.89252e-09
9.37204e-07
-2.28084e-08
9.37909e-07
-3.56418e-08
9.38075e-07
-4.73761e-08
9.37703e-07
-5.80095e-08
9.36795e-07
-6.75585e-08
9.35355e-07
-7.60575e-08
9.33388e-07
-8.35649e-08
-9.0143e-08
9.30902e-07
1.47029e-06
5.47011e-08
1.47361e-06
6.11689e-08
1.47763e-06
6.82394e-08
1.48254e-06
7.59823e-08
1.48864e-06
8.43523e-08
1.49621e-06
9.32011e-08
1.50553e-06
1.02237e-07
1.51682e-06
1.11022e-07
1.53016e-06
1.19e-07
1.54551e-06
1.25547e-07
1.56271e-06
1.30016e-07
1.58146e-06
1.31795e-07
1.60139e-06
1.30341e-07
1.62203e-06
1.25213e-07
1.64286e-06
1.16088e-07
1.66337e-06
1.02768e-07
1.68301e-06
8.51817e-08
1.70124e-06
6.33817e-08
1.71757e-06
3.75425e-08
1.73153e-06
7.95379e-09
1.74268e-06
-2.49992e-08
1.75068e-06
-6.08333e-08
1.75524e-06
-9.89674e-08
1.75617e-06
-1.38764e-07
1.75338e-06
-1.79543e-07
1.74686e-06
-2.20609e-07
1.73671e-06
-2.61271e-07
1.7231e-06
-3.00861e-07
1.70627e-06
-3.38761e-07
1.68653e-06
-3.74416e-07
1.6642e-06
-4.07345e-07
1.63967e-06
-4.37149e-07
1.61331e-06
-4.63511e-07
1.58549e-06
-4.86197e-07
1.55658e-06
-5.05048e-07
1.52691e-06
-5.19974e-07
1.4968e-06
-5.30947e-07
1.46653e-06
-5.37992e-07
1.43633e-06
-5.41179e-07
1.40642e-06
-5.4062e-07
1.37698e-06
-5.36464e-07
1.34814e-06
-5.28891e-07
1.32e-06
-5.18111e-07
1.29263e-06
-5.0436e-07
1.26608e-06
-4.879e-07
1.24037e-06
-4.69009e-07
1.21548e-06
-4.47986e-07
1.19141e-06
-4.25142e-07
1.16813e-06
-4.00793e-07
1.14564e-06
-3.75261e-07
1.12391e-06
-3.48863e-07
1.10296e-06
-3.21905e-07
1.08279e-06
-2.94676e-07
1.06347e-06
-2.67439e-07
1.04503e-06
-2.40427e-07
1.02757e-06
-2.1384e-07
1.01117e-06
-1.87839e-07
9.95941e-07
-1.62551e-07
9.81998e-07
-1.38069e-07
9.69462e-07
-1.14459e-07
9.58462e-07
-9.17633e-08
9.49128e-07
-7.00087e-08
9.41585e-07
-4.92153e-08
9.3594e-07
-2.94158e-08
9.32287e-07
-1.06761e-08
9.30711e-07
6.8969e-09
9.31311e-07
2.32129e-08
9.3419e-07
3.81738e-08
9.39413e-07
5.164e-08
9.46956e-07
6.3417e-08
9.56668e-07
7.32373e-08
9.68297e-07
8.0773e-08
9.81543e-07
8.5676e-08
9.96121e-07
8.76264e-08
1.01179e-06
8.6364e-08
1.02833e-06
8.16968e-08
1.04552e-06
7.35013e-08
1.06309e-06
6.17222e-08
1.0807e-06
4.63718e-08
1.09798e-06
2.75208e-08
1.11455e-06
5.28932e-09
1.13004e-06
-2.0141e-08
1.14405e-06
-4.84575e-08
1.1562e-06
-7.91861e-08
1.16614e-06
-1.11765e-07
1.17359e-06
-1.45592e-07
1.17838e-06
-1.8012e-07
1.18041e-06
-2.1489e-07
1.17959e-06
-2.49454e-07
1.17569e-06
-2.83269e-07
1.1684e-06
-3.15754e-07
1.15754e-06
-3.46539e-07
1.14336e-06
-3.75787e-07
1.12668e-06
-4.04404e-07
1.10874e-06
-4.34118e-07
1.09062e-06
-4.67275e-07
1.07246e-06
-5.05872e-07
1.05272e-06
-5.49534e-07
1.0282e-06
-5.93598e-07
9.95202e-07
-6.29833e-07
9.51708e-07
-6.51362e-07
8.99586e-07
-6.59554e-07
8.45243e-07
-6.67262e-07
7.9746e-07
-6.93217e-07
7.62811e-07
-7.48991e-07
7.42208e-07
-8.29611e-07
7.31705e-07
-9.17631e-07
7.26009e-07
-9.95062e-07
7.21184e-07
-1.05111e-06
7.15335e-07
-1.08245e-06
7.08038e-07
-1.08994e-06
6.99542e-07
-1.07568e-06
6.90225e-07
-1.04179e-06
6.80399e-07
-9.90447e-07
6.70305e-07
-9.24132e-07
6.60178e-07
-8.45739e-07
6.50306e-07
-7.58295e-07
6.41032e-07
-6.64524e-07
6.32699e-07
-5.66522e-07
6.25583e-07
-4.65706e-07
6.19865e-07
-3.62983e-07
6.15628e-07
-2.58949e-07
6.12899e-07
-1.54105e-07
6.11699e-07
-4.91304e-08
6.12104e-07
5.47917e-08
6.14136e-07
1.56816e-07
6.17747e-07
2.55681e-07
6.22801e-07
3.49609e-07
6.29078e-07
4.36675e-07
6.36294e-07
5.15117e-07
6.44139e-07
5.83601e-07
6.52334e-07
6.41408e-07
6.60665e-07
6.88475e-07
6.6901e-07
7.25298e-07
6.7733e-07
7.52726e-07
6.85645e-07
7.71737e-07
6.93997e-07
7.83258e-07
7.02421e-07
7.88057e-07
7.10923e-07
7.86738e-07
7.19475e-07
7.79777e-07
7.28025e-07
7.67609e-07
7.36508e-07
7.50684e-07
7.44863e-07
7.29519e-07
7.53042e-07
7.04701e-07
7.61023e-07
6.76878e-07
7.68802e-07
6.46721e-07
7.764e-07
6.14893e-07
7.83848e-07
5.82007e-07
7.91186e-07
5.48608e-07
7.98455e-07
5.15152e-07
8.0569e-07
4.82006e-07
8.12918e-07
4.49445e-07
8.20156e-07
4.17668e-07
8.27409e-07
3.868e-07
8.3467e-07
3.56916e-07
8.41923e-07
3.28044e-07
8.49142e-07
3.00184e-07
8.56294e-07
2.73313e-07
8.63342e-07
2.474e-07
8.70244e-07
2.22405e-07
8.76958e-07
1.98293e-07
8.83441e-07
1.75029e-07
8.89649e-07
1.52591e-07
8.95543e-07
1.30964e-07
9.01084e-07
1.10144e-07
9.06239e-07
9.0138e-08
9.10979e-07
7.09645e-08
9.15278e-07
5.26485e-08
9.19114e-07
3.52233e-08
9.22466e-07
1.87328e-08
9.25319e-07
3.23082e-09
9.2766e-07
-1.12334e-08
9.29481e-07
-2.46294e-08
9.30773e-07
-3.69338e-08
9.31527e-07
-4.81305e-08
9.31735e-07
-5.82177e-08
9.31389e-07
-6.72123e-08
9.3048e-07
-7.51487e-08
9.29002e-07
-8.20868e-08
-8.80913e-08
9.2695e-07
1.47221e-06
5.15482e-08
1.4759e-06
5.74749e-08
1.48028e-06
6.38613e-08
1.48552e-06
7.07377e-08
1.49185e-06
7.80266e-08
1.49948e-06
8.55666e-08
1.50863e-06
9.30884e-08
1.51944e-06
1.00213e-07
1.53197e-06
1.06473e-07
1.54617e-06
1.11345e-07
1.56189e-06
1.14291e-07
1.5789e-06
1.14795e-07
1.59684e-06
1.12399e-07
1.61532e-06
1.06726e-07
1.63392e-06
9.74974e-08
1.65214e-06
8.45413e-08
1.66953e-06
6.77942e-08
1.68561e-06
4.73026e-08
1.69993e-06
2.32185e-08
1.71209e-06
-4.2024e-09
1.72172e-06
-3.46251e-08
1.72849e-06
-6.76102e-08
1.73218e-06
-1.02654e-07
1.73261e-06
-1.39198e-07
1.72971e-06
-1.7664e-07
1.72347e-06
-2.14367e-07
1.71396e-06
-2.51764e-07
1.70134e-06
-2.88237e-07
1.68581e-06
-3.23229e-07
1.66763e-06
-3.56235e-07
1.64709e-06
-3.86813e-07
1.62453e-06
-4.14586e-07
1.60027e-06
-4.39251e-07
1.57465e-06
-4.60572e-07
1.54798e-06
-4.7838e-07
1.52057e-06
-4.92569e-07
1.49271e-06
-5.03086e-07
1.46465e-06
-5.09927e-07
1.4366e-06
-5.13132e-07
1.40876e-06
-5.12781e-07
1.38128e-06
-5.08987e-07
1.35429e-06
-5.01899e-07
1.32787e-06
-4.91691e-07
1.30208e-06
-4.78571e-07
1.27695e-06
-4.62771e-07
1.25249e-06
-4.44547e-07
1.22869e-06
-4.24181e-07
1.20552e-06
-4.01974e-07
1.18297e-06
-3.78241e-07
1.16101e-06
-3.53309e-07
1.13966e-06
-3.27508e-07
1.11892e-06
-3.01163e-07
1.09882e-06
-2.74582e-07
1.07944e-06
-2.48054e-07
1.06084e-06
-2.21831e-07
1.04313e-06
-1.96132e-07
1.02643e-06
-1.71134e-07
1.01085e-06
-1.46975e-07
9.96535e-07
-1.23754e-07
9.83614e-07
-1.01538e-07
9.72221e-07
-8.03695e-08
9.62484e-07
-6.02721e-08
9.54528e-07
-4.12588e-08
9.48459e-07
-2.33474e-08
9.44367e-07
-6.58425e-09
9.42318e-07
8.94653e-09
9.4236e-07
2.31707e-08
9.44539e-07
3.59945e-08
9.48893e-07
4.72867e-08
9.55421e-07
5.68884e-08
9.64056e-07
6.46029e-08
9.74637e-07
7.01916e-08
9.86926e-07
7.3387e-08
1.00063e-06
7.39184e-08
1.01546e-06
7.15403e-08
1.0311e-06
6.60574e-08
1.04726e-06
5.73431e-08
1.06363e-06
4.53484e-08
1.0799e-06
3.00959e-08
1.09577e-06
1.16594e-08
1.11091e-06
-9.84952e-09
1.12498e-06
-3.42155e-08
1.13761e-06
-6.10924e-08
1.14846e-06
-9.00339e-08
1.15723e-06
-1.20532e-07
1.16372e-06
-1.5208e-07
1.16782e-06
-1.84222e-07
1.16941e-06
-2.16486e-07
1.16826e-06
-2.48298e-07
1.16398e-06
-2.78991e-07
1.15629e-06
-3.08061e-07
1.14525e-06
-3.355e-07
1.13144e-06
-3.61982e-07
1.11582e-06
-3.88782e-07
1.09926e-06
-4.17553e-07
1.08195e-06
-4.49964e-07
1.06284e-06
-4.86763e-07
1.03941e-06
-5.26105e-07
1.00816e-06
-5.6235e-07
9.66051e-07
-5.87725e-07
9.12585e-07
-5.97897e-07
8.51592e-07
-5.98561e-07
7.91159e-07
-6.06829e-07
7.40474e-07
-6.42533e-07
7.0483e-07
-7.13347e-07
6.83138e-07
-8.07918e-07
6.702e-07
-9.04694e-07
6.60635e-07
-9.85498e-07
6.51061e-07
-1.04154e-06
6.40197e-07
-1.07159e-06
6.28057e-07
-1.0778e-06
6.15125e-07
-1.06274e-06
6.01894e-07
-1.02856e-06
5.88715e-07
-9.77268e-07
5.75812e-07
-9.1123e-07
5.63362e-07
-8.33289e-07
5.51567e-07
-7.465e-07
5.40687e-07
-6.53644e-07
5.30998e-07
-5.56832e-07
5.22737e-07
-4.57445e-07
5.16076e-07
-3.56322e-07
5.11109e-07
-2.53982e-07
5.07882e-07
-1.50879e-07
5.06451e-07
-4.76989e-08
5.06937e-07
5.43059e-08
5.09446e-07
1.54307e-07
5.1401e-07
2.51117e-07
5.2055e-07
3.4307e-07
5.28874e-07
4.28352e-07
5.38689e-07
5.05301e-07
5.49642e-07
5.72648e-07
5.6137e-07
6.29679e-07
5.73559e-07
6.76286e-07
5.85973e-07
7.12884e-07
5.98468e-07
7.40231e-07
6.10975e-07
7.5923e-07
6.23474e-07
7.70758e-07
6.3596e-07
7.75572e-07
6.48418e-07
7.7428e-07
6.60812e-07
7.67383e-07
6.73087e-07
7.55334e-07
6.85173e-07
7.38599e-07
6.97001e-07
7.1769e-07
7.08514e-07
6.93187e-07
7.19675e-07
6.65717e-07
7.30466e-07
6.3593e-07
7.40894e-07
6.04465e-07
7.50979e-07
5.71922e-07
7.60756e-07
5.38831e-07
7.70261e-07
5.05647e-07
7.79533e-07
4.72734e-07
7.88603e-07
4.40374e-07
7.97499e-07
4.08772e-07
8.06236e-07
3.78064e-07
8.1482e-07
3.48331e-07
8.23251e-07
3.19614e-07
8.31516e-07
2.91918e-07
8.396e-07
2.6523e-07
8.47479e-07
2.39521e-07
8.55128e-07
2.14756e-07
8.62518e-07
1.90902e-07
8.6962e-07
1.67927e-07
8.76405e-07
1.45806e-07
8.82845e-07
1.24524e-07
8.88913e-07
1.04076e-07
8.94586e-07
8.44651e-08
8.99843e-07
6.57074e-08
9.04666e-07
4.78254e-08
9.09038e-07
3.08512e-08
9.12941e-07
1.48291e-08
9.16361e-07
-1.8872e-10
9.19285e-07
-1.41575e-08
9.21702e-07
-2.70468e-08
9.23598e-07
-3.88296e-08
9.24956e-07
-4.94883e-08
9.25757e-07
-5.90189e-08
9.25982e-07
-6.74373e-08
9.25611e-07
-7.47776e-08
9.24626e-07
-8.11017e-08
-8.64807e-08
9.23015e-07
1.47408e-06
4.81015e-08
1.47807e-06
5.34911e-08
1.48271e-06
5.92157e-08
1.48817e-06
6.52786e-08
1.49462e-06
7.15845e-08
1.50221e-06
7.7969e-08
1.51112e-06
8.41846e-08
1.52143e-06
8.99018e-08
1.53318e-06
9.47227e-08
1.54632e-06
9.82071e-08
1.56071e-06
9.99025e-08
1.57612e-06
9.93752e-08
1.59229e-06
9.62369e-08
1.60885e-06
9.01665e-08
1.62542e-06
8.09247e-08
1.6416e-06
6.83624e-08
1.65697e-06
5.24252e-08
1.67111e-06
3.31542e-08
1.68365e-06
1.06841e-08
1.69421e-06
-1.47648e-08
1.70248e-06
-4.28909e-08
1.70817e-06
-7.33075e-08
1.71109e-06
-1.05573e-07
1.71109e-06
-1.39193e-07
1.70809e-06
-1.7364e-07
1.70209e-06
-2.08366e-07
1.69315e-06
-2.42825e-07
1.6814e-06
-2.76488e-07
1.66702e-06
-3.0885e-07
1.65024e-06
-3.39454e-07
1.63131e-06
-3.67888e-07
1.61053e-06
-3.93801e-07
1.58818e-06
-4.169e-07
1.56456e-06
-4.36951e-07
1.53996e-06
-4.53779e-07
1.51465e-06
-4.67262e-07
1.48889e-06
-4.77325e-07
1.4629e-06
-4.83942e-07
1.4369e-06
-4.87123e-07
1.41103e-06
-4.86918e-07
1.38545e-06
-4.83408e-07
1.36026e-06
-4.76707e-07
1.33553e-06
-4.6696e-07
1.3113e-06
-4.54342e-07
1.28759e-06
-4.39058e-07
1.26438e-06
-4.21342e-07
1.24166e-06
-4.01461e-07
1.2194e-06
-3.79708e-07
1.19756e-06
-3.56403e-07
1.17613e-06
-3.31882e-07
1.15512e-06
-3.06495e-07
1.13455e-06
-2.80591e-07
1.11447e-06
-2.54504e-07
1.09496e-06
-2.28548e-07
1.07614e-06
-2.03002e-07
1.05811e-06
-1.78104e-07
1.04102e-06
-1.54044e-07
1.02501e-06
-1.3097e-07
1.01024e-06
-1.08984e-07
9.96855e-07
-8.81502e-08
9.84991e-07
-6.85051e-08
9.7478e-07
-5.00618e-08
9.66342e-07
-3.28207e-08
9.59778e-07
-1.67837e-08
9.55175e-07
-1.9806e-09
9.52589e-07
1.15326e-08
9.52047e-07
2.37119e-08
9.53558e-07
3.44839e-08
9.57112e-07
4.37329e-08
9.6268e-07
5.13198e-08
9.70201e-07
5.70823e-08
9.79558e-07
6.08349e-08
9.90571e-07
6.23732e-08
1.00301e-06
6.14847e-08
1.01658e-06
5.79668e-08
1.03098e-06
5.16518e-08
1.0459e-06
4.2429e-08
1.06099e-06
3.02517e-08
1.07596e-06
1.51263e-08
1.09052e-06
-2.89384e-09
1.10436e-06
-2.36873e-08
1.11715e-06
-4.70093e-08
1.12858e-06
-7.25243e-08
1.13838e-06
-9.9829e-08
1.14633e-06
-1.2849e-07
1.15233e-06
-1.58073e-07
1.15621e-06
-1.88105e-07
1.15771e-06
-2.17991e-07
1.15644e-06
-2.47019e-07
1.15201e-06
-2.74569e-07
1.1444e-06
-3.00453e-07
1.13404e-06
-3.25137e-07
1.12168e-06
-3.49617e-07
1.10796e-06
-3.75066e-07
1.09293e-06
-4.02526e-07
1.07564e-06
-4.32668e-07
1.05397e-06
-4.651e-07
1.02491e-06
-4.97044e-07
9.85244e-07
-5.2268e-07
9.33023e-07
-5.35503e-07
8.69469e-07
-5.34344e-07
8.00307e-07
-5.29399e-07
7.34914e-07
-5.41435e-07
6.82258e-07
-5.89877e-07
6.45874e-07
-6.76963e-07
6.22761e-07
-7.84806e-07
6.06921e-07
-8.88854e-07
5.93224e-07
-9.718e-07
5.789e-07
-1.02721e-06
5.6319e-07
-1.05588e-06
5.4642e-07
-1.06103e-06
5.29242e-07
-1.04557e-06
5.12246e-07
-1.01157e-06
4.95839e-07
-9.60861e-07
4.80257e-07
-8.95647e-07
4.65621e-07
-8.18653e-07
4.52044e-07
-7.32922e-07
4.39683e-07
-6.41284e-07
4.28729e-07
-5.45878e-07
4.19369e-07
-4.48085e-07
4.11767e-07
-3.4872e-07
4.06046e-07
-2.4826e-07
4.02295e-07
-1.47128e-07
4.00617e-07
-4.60214e-08
4.01187e-07
5.37358e-08
4.04191e-07
1.51304e-07
4.0972e-07
2.45588e-07
4.17737e-07
3.35053e-07
4.28065e-07
4.18023e-07
4.40401e-07
4.92965e-07
4.54351e-07
5.58698e-07
4.69486e-07
6.14545e-07
4.85402e-07
6.6037e-07
5.01768e-07
6.96517e-07
5.18347e-07
7.23652e-07
5.34987e-07
7.4259e-07
5.51603e-07
7.54142e-07
5.68145e-07
7.59029e-07
5.84572e-07
7.57854e-07
6.0083e-07
7.51125e-07
6.16854e-07
7.3931e-07
6.32568e-07
7.22884e-07
6.47895e-07
7.02363e-07
6.62767e-07
6.78315e-07
6.77133e-07
6.51351e-07
6.90965e-07
6.22098e-07
7.04256e-07
5.91175e-07
7.17017e-07
5.5916e-07
7.29275e-07
5.26573e-07
7.41065e-07
4.93857e-07
7.52427e-07
4.61373e-07
7.63396e-07
4.29405e-07
7.74008e-07
3.9816e-07
7.84288e-07
3.67784e-07
7.94255e-07
3.38364e-07
8.03922e-07
3.09947e-07
8.13291e-07
2.82549e-07
8.22361e-07
2.5616e-07
8.31124e-07
2.30757e-07
8.39569e-07
2.06311e-07
8.47682e-07
1.8279e-07
8.55447e-07
1.60162e-07
8.62849e-07
1.38405e-07
8.69872e-07
1.17502e-07
8.765e-07
9.74467e-08
8.82722e-07
7.82432e-08
8.88525e-07
5.99043e-08
8.93899e-07
4.24522e-08
8.9883e-07
2.59199e-08
9.03306e-07
1.03531e-08
9.07314e-07
-4.19663e-09
9.10842e-07
-1.76856e-08
9.13875e-07
-3.00795e-08
9.16391e-07
-4.13463e-08
9.18367e-07
-5.1464e-08
9.19773e-07
-6.04253e-08
9.20581e-07
-6.82449e-08
9.2076e-07
-7.49571e-08
9.20285e-07
-8.06267e-08
-8.53362e-08
9.19141e-07
1.4759e-06
4.442e-08
1.4801e-06
4.92878e-08
1.48493e-06
5.43845e-08
1.49052e-06
5.96947e-08
1.49699e-06
6.51143e-08
1.50447e-06
7.04823e-08
1.51309e-06
7.55726e-08
1.52289e-06
8.00967e-08
1.5339e-06
8.37141e-08
1.54606e-06
8.60518e-08
1.55923e-06
8.67279e-08
1.57323e-06
8.53757e-08
1.5878e-06
8.1666e-08
1.60264e-06
7.5325e-08
1.61742e-06
6.61476e-08
1.63178e-06
5.40056e-08
1.64535e-06
3.88528e-08
1.65778e-06
2.07258e-08
1.66872e-06
-2.56943e-10
1.67786e-06
-2.39043e-08
1.68491e-06
-4.99434e-08
1.68964e-06
-7.80379e-08
1.69186e-06
-1.07797e-07
1.69146e-06
-1.38786e-07
1.68835e-06
-1.70535e-07
1.68255e-06
-2.02562e-07
1.6741e-06
-2.34377e-07
1.66312e-06
-2.65506e-07
1.64976e-06
-2.95494e-07
1.63423e-06
-3.23921e-07
1.61675e-06
-3.50408e-07
1.59757e-06
-3.74624e-07
1.57696e-06
-3.96289e-07
1.55518e-06
-4.1517e-07
1.53249e-06
-4.31087e-07
1.50913e-06
-4.43906e-07
1.48534e-06
-4.53535e-07
1.46132e-06
-4.59924e-07
1.43726e-06
-4.63058e-07
1.4133e-06
-4.62956e-07
1.38956e-06
-4.5967e-07
1.36613e-06
-4.53279e-07
1.34307e-06
-4.43895e-07
1.32039e-06
-4.31662e-07
1.29808e-06
-4.16756e-07
1.27613e-06
-3.9939e-07
1.25449e-06
-3.79819e-07
1.23311e-06
-3.58332e-07
1.21197e-06
-3.35257e-07
1.19104e-06
-3.10949e-07
1.17032e-06
-2.85783e-07
1.14987e-06
-2.60136e-07
1.12974e-06
-2.34378e-07
1.11004e-06
-2.08851e-07
1.0909e-06
-1.83863e-07
1.07247e-06
-1.59671e-07
1.05491e-06
-1.36483e-07
1.03839e-06
-1.1445e-07
1.02308e-06
-9.36747e-08
1.00915e-06
-7.42148e-08
9.96735e-07
-5.60942e-08
9.85983e-07
-3.93098e-08
9.77004e-07
-2.38419e-08
9.69894e-07
-9.67331e-09
9.64731e-07
3.18246e-09
9.61561e-07
1.47023e-08
9.604e-07
2.48731e-08
9.61238e-07
3.36463e-08
9.64038e-07
4.0933e-08
9.68739e-07
4.6618e-08
9.75256e-07
5.05652e-08
9.8347e-07
5.26216e-08
9.93221e-07
5.26222e-08
1.00431e-06
5.03977e-08
1.01649e-06
4.57881e-08
1.02948e-06
3.86628e-08
1.04297e-06
2.89325e-08
1.05668e-06
1.65474e-08
1.07031e-06
1.49763e-09
1.08358e-06
-1.61695e-08
1.09621e-06
-3.63127e-08
1.10789e-06
-5.86919e-08
1.11837e-06
-8.30069e-08
1.12745e-06
-1.08911e-07
1.13499e-06
-1.36025e-07
1.14081e-06
-1.63897e-07
1.14465e-06
-1.91938e-07
1.14608e-06
-2.19427e-07
1.14475e-06
-2.45688e-07
1.14058e-06
-2.70392e-07
1.13391e-06
-2.93787e-07
1.12539e-06
-3.16613e-07
1.11548e-06
-3.39707e-07
1.104e-06
-3.63586e-07
1.08983e-06
-3.88363e-07
1.07096e-06
-4.13799e-07
1.0447e-06
-4.38832e-07
1.00808e-06
-4.60428e-07
9.58675e-07
-4.73276e-07
8.959e-07
-4.72729e-07
8.22713e-07
-4.61157e-07
7.46509e-07
-4.53195e-07
6.7745e-07
-4.72376e-07
6.23646e-07
-5.36072e-07
5.86588e-07
-6.39906e-07
5.61674e-07
-7.59891e-07
5.42586e-07
-8.69766e-07
5.24681e-07
-9.53895e-07
5.05763e-07
-1.0083e-06
4.85453e-07
-1.03557e-06
4.64279e-07
-1.03986e-06
4.43001e-07
-1.02429e-06
4.22304e-07
-9.90868e-07
4.02683e-07
-9.4124e-07
3.84429e-07
-8.77393e-07
3.67648e-07
-8.01872e-07
3.52354e-07
-7.17629e-07
3.38583e-07
-6.27513e-07
3.26419e-07
-5.33714e-07
3.15988e-07
-4.37655e-07
3.07449e-07
-3.4018e-07
3.00962e-07
-2.41774e-07
2.9669e-07
-1.42856e-07
2.94803e-07
-4.41345e-08
2.95523e-07
5.30157e-08
2.99102e-07
1.47725e-07
3.05671e-07
2.39018e-07
3.15206e-07
3.25518e-07
3.27535e-07
4.05695e-07
3.42337e-07
4.78162e-07
3.59181e-07
5.41854e-07
3.77584e-07
5.96142e-07
3.97073e-07
6.40882e-07
4.17237e-07
6.76353e-07
4.3776e-07
7.0313e-07
4.58417e-07
7.21932e-07
4.79063e-07
7.33496e-07
4.996e-07
7.38492e-07
5.19953e-07
7.37501e-07
5.40048e-07
7.3103e-07
5.59804e-07
7.19554e-07
5.79133e-07
7.03555e-07
5.97948e-07
6.83549e-07
6.1617e-07
6.60094e-07
6.33737e-07
6.33784e-07
6.50608e-07
6.05227e-07
6.66765e-07
5.75017e-07
6.82212e-07
5.43713e-07
6.96969e-07
5.11816e-07
7.11069e-07
4.79757e-07
7.24549e-07
4.47892e-07
7.37453e-07
4.16501e-07
7.4982e-07
3.85794e-07
7.61685e-07
3.55918e-07
7.7308e-07
3.26969e-07
7.84028e-07
2.99e-07
7.94546e-07
2.72031e-07
8.04647e-07
2.46059e-07
8.14337e-07
2.21067e-07
8.23619e-07
1.97029e-07
8.32494e-07
1.73915e-07
8.40959e-07
1.51697e-07
8.49012e-07
1.30352e-07
8.5665e-07
1.09864e-07
8.63869e-07
9.02277e-08
8.70666e-07
7.14456e-08
8.7704e-07
5.35307e-08
8.82986e-07
3.65062e-08
8.88498e-07
2.04082e-08
8.93566e-07
5.28482e-09
8.98181e-07
-8.81177e-09
9.02331e-07
-2.18352e-08
9.05994e-07
-3.37433e-08
9.09146e-07
-4.44978e-08
9.11754e-07
-5.40718e-08
9.13783e-07
-6.24547e-08
9.15199e-07
-6.96603e-08
9.15964e-07
-7.57229e-08
9.16049e-07
-8.07109e-08
-8.47202e-08
9.15433e-07
1.47764e-06
4.05559e-08
1.482e-06
4.49254e-08
1.48695e-06
4.94349e-08
1.49259e-06
5.40562e-08
1.49902e-06
5.86827e-08
1.50634e-06
6.31603e-08
1.51463e-06
6.72834e-08
1.52393e-06
7.07984e-08
1.53423e-06
7.34123e-08
1.54548e-06
7.48071e-08
1.55755e-06
7.4659e-08
1.57027e-06
7.26568e-08
1.58341e-06
6.85207e-08
1.59672e-06
6.20174e-08
1.6099e-06
5.29711e-08
1.62263e-06
4.1272e-08
1.6346e-06
2.68808e-08
1.6455e-06
9.83031e-09
1.65502e-06
-9.77683e-09
1.66288e-06
-3.17702e-08
1.66885e-06
-5.59085e-08
1.67271e-06
-8.18971e-08
1.6743e-06
-1.09391e-07
1.67352e-06
-1.38005e-07
1.67031e-06
-1.67325e-07
1.66467e-06
-1.9692e-07
1.65665e-06
-2.26355e-07
1.64634e-06
-2.552e-07
1.63389e-06
-2.83045e-07
1.61948e-06
-3.09505e-07
1.6033e-06
-3.3423e-07
1.58558e-06
-3.56907e-07
1.56656e-06
-3.77267e-07
1.54647e-06
-3.95081e-07
1.52555e-06
-4.10165e-07
1.50402e-06
-4.22374e-07
1.48208e-06
-4.31602e-07
1.45993e-06
-4.37776e-07
1.43773e-06
-4.40857e-07
1.41561e-06
-4.40835e-07
1.39367e-06
-4.37728e-07
1.37197e-06
-4.31583e-07
1.35055e-06
-4.22475e-07
1.3294e-06
-4.10514e-07
1.3085e-06
-3.9585e-07
1.28778e-06
-3.78676e-07
1.2672e-06
-3.59236e-07
1.24669e-06
-3.37823e-07
1.22621e-06
-3.14776e-07
1.20574e-06
-2.90476e-07
1.18528e-06
-2.65327e-07
1.16489e-06
-2.39746e-07
1.14465e-06
-2.1414e-07
1.12469e-06
-1.88889e-07
1.10516e-06
-1.64331e-07
1.08624e-06
-1.40747e-07
1.06811e-06
-1.18359e-07
1.05098e-06
-9.73226e-08
1.03505e-06
-7.77364e-08
1.02048e-06
-5.96465e-08
1.00744e-06
-4.30585e-08
9.96079e-07
-2.79465e-08
9.86501e-07
-1.42641e-08
9.788e-07
-1.97265e-09
9.73045e-07
8.93716e-09
9.69266e-07
1.84819e-08
9.67464e-07
2.66752e-08
9.67618e-07
3.34918e-08
9.69679e-07
3.88723e-08
9.73567e-07
4.27299e-08
9.79177e-07
4.49551e-08
9.86377e-07
4.54218e-08
9.95006e-07
4.39929e-08
1.00487e-06
4.05302e-08
1.01575e-06
3.4907e-08
1.0274e-06
2.702e-08
1.03954e-06
1.67916e-08
1.05192e-06
4.16825e-09
1.06428e-06
-1.08632e-08
1.07635e-06
-2.82417e-08
1.08786e-06
-4.7823e-08
1.09857e-06
-6.93991e-08
1.10828e-06
-9.27156e-08
1.11683e-06
-1.17468e-07
1.12406e-06
-1.43256e-07
1.12969e-06
-1.69527e-07
1.13335e-06
-1.95592e-07
1.1347e-06
-2.20781e-07
1.13371e-06
-2.44699e-07
1.13073e-06
-2.67411e-07
1.12632e-06
-2.89377e-07
1.12081e-06
-3.111e-07
1.11378e-06
-3.32679e-07
1.10387e-06
-3.53672e-07
1.08888e-06
-3.7338e-07
1.06622e-06
-3.91136e-07
1.03321e-06
-4.05824e-07
9.87504e-07
-4.1472e-07
9.27705e-07
-4.13477e-07
8.54645e-07
-3.99669e-07
7.72893e-07
-3.79405e-07
6.91168e-07
-3.7147e-07
6.19827e-07
-4.01035e-07
5.65543e-07
-4.81789e-07
5.27713e-07
-6.02075e-07
5.00607e-07
-7.32786e-07
4.78056e-07
-8.47215e-07
4.56022e-07
-9.3186e-07
4.32775e-07
-9.8505e-07
4.08162e-07
-1.01096e-06
3.82812e-07
-1.01451e-06
3.57552e-07
-9.99028e-07
3.33147e-07
-9.66462e-07
3.10204e-07
-9.18298e-07
2.89137e-07
-8.56326e-07
2.70094e-07
-7.82828e-07
2.53028e-07
-7.00563e-07
2.37837e-07
-6.12322e-07
2.2447e-07
-5.20348e-07
2.12982e-07
-4.26167e-07
2.03533e-07
-3.30731e-07
1.96318e-07
-2.34559e-07
1.91589e-07
-1.38127e-07
1.89618e-07
-4.21634e-08
1.9065e-07
5.1984e-08
1.94962e-07
1.43413e-07
2.02697e-07
2.31284e-07
2.13823e-07
3.14392e-07
2.28166e-07
3.91352e-07
2.45387e-07
4.60942e-07
2.6502e-07
5.22221e-07
2.8654e-07
5.74621e-07
3.09423e-07
6.17998e-07
3.33199e-07
6.52577e-07
3.57486e-07
6.78843e-07
3.81999e-07
6.97419e-07
4.06538e-07
7.08958e-07
4.30958e-07
7.14072e-07
4.55147e-07
7.13311e-07
4.79006e-07
7.07171e-07
5.02433e-07
6.96128e-07
5.25325e-07
6.80663e-07
5.47581e-07
6.61293e-07
5.6911e-07
6.38564e-07
5.8984e-07
6.13054e-07
6.09718e-07
5.85349e-07
6.28718e-07
5.56018e-07
6.46834e-07
5.25598e-07
6.6408e-07
4.94569e-07
6.80487e-07
4.6335e-07
6.96094e-07
4.32285e-07
7.10945e-07
4.0165e-07
7.25087e-07
3.71652e-07
7.38562e-07
3.42443e-07
7.51412e-07
3.14119e-07
7.63671e-07
2.8674e-07
7.75371e-07
2.60331e-07
7.86535e-07
2.34895e-07
7.97185e-07
2.10417e-07
8.07337e-07
1.86877e-07
8.17005e-07
1.64247e-07
8.26199e-07
1.42502e-07
8.34931e-07
1.2162e-07
8.43208e-07
1.01587e-07
8.5104e-07
8.23959e-08
8.58435e-07
6.40512e-08
8.65399e-07
4.65665e-08
8.71936e-07
2.99686e-08
8.78046e-07
1.42987e-08
8.83722e-07
-3.91454e-10
8.88958e-07
-1.4048e-08
8.93741e-07
-2.66177e-08
8.98048e-07
-3.80501e-08
9.01851e-07
-4.83013e-08
9.0512e-07
-5.73405e-08
9.07818e-07
-6.51528e-08
9.09908e-07
-7.17502e-08
9.11346e-07
-7.71608e-08
9.12091e-07
-8.14561e-08
-8.47359e-08
9.12107e-07
1.47932e-06
3.65549e-08
1.48379e-06
4.04548e-08
1.4888e-06
4.44214e-08
1.49444e-06
4.84182e-08
1.50078e-06
5.23398e-08
1.5079e-06
5.6041e-08
1.51585e-06
5.93356e-08
1.52465e-06
6.20002e-08
1.53428e-06
6.37811e-08
1.54468e-06
6.44062e-08
1.55574e-06
6.35993e-08
1.5673e-06
6.10958e-08
1.57916e-06
5.66572e-08
1.5911e-06
5.0084e-08
1.60284e-06
4.12257e-08
1.61413e-06
2.99883e-08
1.62467e-06
1.63382e-08
1.63419e-06
3.04338e-10
1.64244e-06
-1.80244e-08
1.64917e-06
-3.84945e-08
1.65415e-06
-6.08962e-08
1.65723e-06
-8.49698e-08
1.65825e-06
-1.10411e-07
1.65712e-06
-1.36879e-07
1.6538e-06
-1.64007e-07
1.64829e-06
-1.9141e-07
1.64064e-06
-2.187e-07
1.63093e-06
-2.45489e-07
1.61929e-06
-2.71405e-07
1.60587e-06
-2.96094e-07
1.59087e-06
-3.1923e-07
1.57449e-06
-3.40519e-07
1.55692e-06
-3.59702e-07
1.5384e-06
-3.76556e-07
1.51912e-06
-3.90891e-07
1.4993e-06
-4.02554e-07
1.47913e-06
-4.11426e-07
1.45876e-06
-4.17412e-07
1.43835e-06
-4.20449e-07
1.41802e-06
-4.20496e-07
1.39782e-06
-4.17535e-07
1.37782e-06
-4.11576e-07
1.358e-06
-4.0266e-07
1.33835e-06
-3.90865e-07
1.31882e-06
-3.76313e-07
1.29932e-06
-3.5918e-07
1.27979e-06
-3.39703e-07
1.26014e-06
-3.18177e-07
1.24033e-06
-2.9496e-07
1.22031e-06
-2.70459e-07
1.2001e-06
-2.45118e-07
1.17975e-06
-2.19397e-07
1.15936e-06
-1.9375e-07
1.13907e-06
-1.68602e-07
1.11907e-06
-1.44328e-07
1.09956e-06
-1.21239e-07
1.08077e-06
-9.95694e-08
1.06293e-06
-7.94809e-08
1.04626e-06
-6.10625e-08
1.03096e-06
-4.43434e-08
1.0172e-06
-2.93043e-08
1.00514e-06
-1.58879e-08
9.94896e-07
-4.0171e-09
9.86555e-07
6.36884e-09
9.80172e-07
1.53203e-08
9.75758e-07
2.28951e-08
9.73305e-07
2.91286e-08
9.72776e-07
3.40206e-08
9.74109e-07
3.75394e-08
9.77213e-07
3.96255e-08
9.81973e-07
4.01953e-08
9.88248e-07
3.91469e-08
9.95873e-07
3.63679e-08
1.00466e-06
3.17457e-08
1.01439e-06
2.51768e-08
1.02484e-06
1.65726e-08
1.03577e-06
5.8577e-09
1.04696e-06
-7.02121e-09
1.05816e-06
-2.20642e-08
1.06912e-06
-3.92042e-08
1.07962e-06
-5.83201e-08
1.08947e-06
-7.92453e-08
1.09851e-06
-1.01758e-07
1.10657e-06
-1.25535e-07
1.11341e-06
-1.50094e-07
1.11871e-06
-1.74821e-07
1.12222e-06
-1.99108e-07
1.12402e-06
-2.22577e-07
1.1245e-06
-2.45183e-07
1.12421e-06
-2.67116e-07
1.12332e-06
-2.88489e-07
1.1212e-06
-3.08975e-07
1.11618e-06
-3.27666e-07
1.10586e-06
-3.43347e-07
1.08753e-06
-3.5505e-07
1.05869e-06
-3.62293e-07
1.01724e-06
-3.64379e-07
9.61699e-07
-3.59178e-07
8.91739e-07
-3.43518e-07
8.09476e-07
-3.17406e-07
7.20847e-07
-2.90775e-07
6.35468e-07
-2.86091e-07
5.63254e-07
-3.28821e-07
5.08976e-07
-4.27512e-07
4.7013e-07
-5.63228e-07
4.40456e-07
-7.03112e-07
4.14322e-07
-8.21081e-07
3.88339e-07
-9.05877e-07
3.61093e-07
-9.57804e-07
3.325e-07
-9.82366e-07
3.03207e-07
-9.85212e-07
2.74083e-07
-9.69904e-07
2.45957e-07
-9.38337e-07
2.19526e-07
-8.91867e-07
1.9534e-07
-8.3214e-07
1.73684e-07
-7.61172e-07
1.54535e-07
-6.81415e-07
1.37713e-07
-5.955e-07
1.2301e-07
-5.05645e-07
1.10359e-07
-4.13516e-07
9.99486e-08
-3.2032e-07
9.21221e-08
-2.26732e-07
8.72326e-08
-1.33238e-07
8.55642e-08
-4.04949e-08
8.72676e-08
5.02806e-08
9.25791e-08
1.38101e-07
1.01654e-07
2.22209e-07
1.14456e-07
3.01589e-07
1.30829e-07
3.7498e-07
1.50415e-07
4.41356e-07
1.72716e-07
4.9992e-07
1.97184e-07
5.50154e-07
2.2326e-07
5.91922e-07
2.50433e-07
6.25405e-07
2.78272e-07
6.51003e-07
3.06444e-07
6.69246e-07
3.34699e-07
6.80704e-07
3.62847e-07
6.85924e-07
3.90741e-07
6.85417e-07
4.18248e-07
6.79664e-07
4.45245e-07
6.69131e-07
4.71608e-07
6.543e-07
4.97223e-07
6.35678e-07
5.21985e-07
6.13802e-07
5.45809e-07
5.8923e-07
5.68634e-07
5.62524e-07
5.90422e-07
5.3423e-07
6.11162e-07
5.04858e-07
6.30863e-07
4.74868e-07
6.49552e-07
4.44661e-07
6.67268e-07
4.14569e-07
6.84059e-07
3.84859e-07
6.99974e-07
3.55737e-07
7.15065e-07
3.27352e-07
7.29381e-07
2.99803e-07
7.42968e-07
2.73153e-07
7.55867e-07
2.47432e-07
7.68116e-07
2.22646e-07
7.79747e-07
1.98786e-07
7.9079e-07
1.75834e-07
8.01272e-07
1.53766e-07
8.11216e-07
1.32558e-07
8.20644e-07
1.12192e-07
8.29579e-07
9.26522e-08
8.38039e-07
7.39353e-08
8.46045e-07
5.60458e-08
8.53611e-07
3.90005e-08
8.60748e-07
2.28311e-08
8.67463e-07
7.58408e-09
8.73755e-07
-6.68371e-09
8.7962e-07
-1.99131e-08
8.85049e-07
-3.20461e-08
8.90025e-07
-4.3027e-08
8.94532e-07
-5.28074e-08
8.98541e-07
-6.13499e-08
9.02018e-07
-6.86296e-08
9.04915e-07
-7.46473e-08
9.07165e-07
-7.94114e-08
9.08706e-07
-8.29963e-08
-8.54766e-08
9.09446e-07
1.48094e-06
3.2456e-08
1.48547e-06
3.59181e-08
1.49051e-06
3.93877e-08
1.4961e-06
4.28231e-08
1.50232e-06
4.61222e-08
1.50921e-06
4.91499e-08
1.51681e-06
5.17381e-08
1.52512e-06
5.36894e-08
1.53412e-06
5.47836e-08
1.54374e-06
5.47868e-08
1.55387e-06
5.34623e-08
1.56439e-06
5.05842e-08
1.57509e-06
4.59485e-08
1.58579e-06
3.93845e-08
1.59626e-06
3.07629e-08
1.60624e-06
2.00029e-08
1.61551e-06
7.07539e-09
1.6238e-06
-7.99498e-09
1.63091e-06
-2.51293e-08
1.63661e-06
-4.41926e-08
1.64071e-06
-6.50021e-08
1.64307e-06
-8.73293e-08
1.64357e-06
-1.10906e-07
1.64212e-06
-1.35431e-07
1.63869e-06
-1.60578e-07
1.63329e-06
-1.86005e-07
1.62595e-06
-2.11363e-07
1.61676e-06
-2.36303e-07
1.60584e-06
-2.60485e-07
1.59333e-06
-2.83584e-07
1.5794e-06
-3.05296e-07
1.56422e-06
-3.25344e-07
1.548e-06
-3.43478e-07
1.53092e-06
-3.59479e-07
1.51319e-06
-3.73157e-07
1.49498e-06
-3.84349e-07
1.47648e-06
-3.92918e-07
1.45782e-06
-3.98753e-07
1.43913e-06
-4.01759e-07
1.4205e-06
-4.01865e-07
1.40198e-06
-3.99019e-07
1.3836e-06
-3.93196e-07
1.36534e-06
-3.84403e-07
1.34717e-06
-3.72688e-07
1.329e-06
-3.58148e-07
1.31076e-06
-3.40939e-07
1.29234e-06
-3.21284e-07
1.27365e-06
-2.99482e-07
1.25459e-06
-2.75903e-07
1.23512e-06
-2.50986e-07
1.21522e-06
-2.25219e-07
1.19494e-06
-1.99118e-07
1.17439e-06
-1.73199e-07
1.15373e-06
-1.47943e-07
1.13317e-06
-1.23773e-07
1.11297e-06
-1.01035e-07
1.09338e-06
-7.99836e-08
1.07469e-06
-6.07814e-08
1.05713e-06
-4.35061e-08
1.04095e-06
-2.81624e-08
1.02634e-06
-1.4697e-08
1.01347e-06
-3.01351e-09
1.00245e-06
6.99551e-09
9.93391e-07
1.54316e-08
9.86312e-07
2.23988e-08
9.81219e-07
2.79883e-08
9.78088e-07
3.22601e-08
9.76867e-07
3.52415e-08
9.77479e-07
3.69274e-08
9.79822e-07
3.72827e-08
9.8377e-07
3.62467e-08
9.89178e-07
3.37394e-08
9.95875e-07
2.96705e-08
1.00367e-06
2.39484e-08
1.01237e-06
1.64841e-08
1.02174e-06
7.19345e-09
1.0316e-06
-3.99879e-09
1.04171e-06
-1.71348e-08
1.05186e-06
-3.22057e-08
1.06181e-06
-4.91616e-08
1.07141e-06
-6.79153e-08
1.08049e-06
-8.83271e-08
1.08889e-06
-1.10163e-07
1.0964e-06
-1.33044e-07
1.10278e-06
-1.56474e-07
1.10793e-06
-1.79966e-07
1.11204e-06
-2.03219e-07
1.11562e-06
-2.26156e-07
1.11918e-06
-2.48745e-07
1.12276e-06
-2.70693e-07
1.12546e-06
-2.91189e-07
1.12536e-06
-3.08877e-07
1.11983e-06
-3.22134e-07
1.10607e-06
-3.29594e-07
1.08168e-06
-3.30656e-07
1.04483e-06
-3.25442e-07
9.94257e-07
-3.13807e-07
9.29284e-07
-2.94205e-07
8.50455e-07
-2.64689e-07
7.60929e-07
-2.27879e-07
6.67712e-07
-1.97559e-07
5.80838e-07
-1.99217e-07
5.09126e-07
-2.57109e-07
4.5515e-07
-3.73535e-07
4.14923e-07
-5.23002e-07
3.82298e-07
-6.70487e-07
3.525e-07
-7.91283e-07
3.22775e-07
-8.76152e-07
2.91874e-07
-9.26903e-07
2.59644e-07
-9.50136e-07
2.26669e-07
-9.52237e-07
1.93806e-07
-9.37041e-07
1.61955e-07
-9.06486e-07
1.31911e-07
-8.61824e-07
1.04286e-07
-8.04515e-07
7.94451e-08
-7.3633e-07
5.74821e-08
-6.59452e-07
3.82822e-08
-5.763e-07
2.17386e-08
-4.89101e-07
7.78811e-09
-3.99565e-07
-3.44896e-09
-3.09083e-07
-1.16402e-08
-2.18541e-07
-1.63212e-08
-1.28557e-07
-1.71904e-08
-3.96258e-08
-1.42861e-08
4.73763e-08
-7.5695e-09
1.31384e-07
3.09438e-09
2.11545e-07
1.78075e-08
2.86876e-07
3.63041e-08
3.56483e-07
5.82205e-08
4.19439e-07
8.30562e-08
4.75085e-07
1.10285e-07
5.22924e-07
1.39338e-07
5.6287e-07
1.69671e-07
5.95072e-07
2.00827e-07
6.19846e-07
2.32433e-07
6.37641e-07
2.64195e-07
6.48942e-07
2.95883e-07
6.54235e-07
3.27312e-07
6.53989e-07
3.58316e-07
6.48659e-07
3.88744e-07
6.38703e-07
4.18454e-07
6.24591e-07
4.4731e-07
6.06821e-07
4.75197e-07
5.85916e-07
5.02016e-07
5.62411e-07
5.27696e-07
5.36844e-07
5.52193e-07
5.09733e-07
5.75486e-07
4.81564e-07
5.97581e-07
4.52773e-07
6.18503e-07
4.2374e-07
6.38289e-07
3.94783e-07
6.56989e-07
3.66159e-07
6.74658e-07
3.38068e-07
6.91353e-07
3.10657e-07
7.0713e-07
2.84026e-07
7.22044e-07
2.58239e-07
7.36147e-07
2.33329e-07
7.49487e-07
2.09306e-07
7.62109e-07
1.86165e-07
7.74054e-07
1.6389e-07
7.85359e-07
1.4246e-07
7.96062e-07
1.21855e-07
8.06197e-07
1.02057e-07
8.15797e-07
8.30522e-08
8.24894e-07
6.48381e-08
8.33518e-07
4.74221e-08
8.41692e-07
3.08266e-08
8.49432e-07
1.5091e-08
8.5675e-07
2.65656e-10
8.63659e-07
-1.35929e-08
8.7017e-07
-2.64233e-08
8.76288e-07
-3.81649e-08
8.82018e-07
-4.8757e-08
8.8735e-07
-5.81389e-08
8.92253e-07
-6.62535e-08
8.96672e-07
-7.30486e-08
9.00525e-07
-7.84998e-08
9.03693e-07
-8.25796e-08
9.0607e-07
-8.53731e-08
-8.68835e-08
9.07477e-07
1.48253e-06
2.82919e-08
1.4871e-06
3.13501e-08
1.49212e-06
3.43685e-08
1.49764e-06
3.73028e-08
1.5037e-06
4.00558e-08
1.51035e-06
4.25028e-08
1.5176e-06
4.44922e-08
1.52544e-06
4.58495e-08
1.53384e-06
4.63831e-08
1.54273e-06
4.58908e-08
1.55202e-06
4.41694e-08
1.56158e-06
4.1025e-08
1.57125e-06
3.62826e-08
1.58084e-06
2.97955e-08
1.59015e-06
2.14523e-08
1.59897e-06
1.11827e-08
1.60708e-06
-1.03889e-09
1.61428e-06
-1.51918e-08
1.62036e-06
-3.12059e-08
1.62513e-06
-4.8965e-08
1.62844e-06
-6.83095e-08
1.63015e-06
-8.9039e-08
1.63016e-06
-1.10917e-07
1.62841e-06
-1.33679e-07
1.62486e-06
-1.57035e-07
1.61954e-06
-1.8068e-07
1.61247e-06
-2.04299e-07
1.60375e-06
-2.27579e-07
1.59347e-06
-2.50207e-07
1.58177e-06
-2.71886e-07
1.56881e-06
-2.92331e-07
1.55474e-06
-3.1128e-07
1.53976e-06
-3.28492e-07
1.52403e-06
-3.43752e-07
1.50774e-06
-3.56864e-07
1.49105e-06
-3.67657e-07
1.47411e-06
-3.75979e-07
1.45705e-06
-3.81692e-07
1.43997e-06
-3.8468e-07
1.42295e-06
-3.84842e-07
1.40603e-06
-3.821e-07
1.38923e-06
-3.76398e-07
1.37254e-06
-3.67714e-07
1.35591e-06
-3.56062e-07
1.33927e-06
-3.41504e-07
1.32249e-06
-3.24162e-07
1.30544e-06
-3.04234e-07
1.28797e-06
-2.82004e-07
1.26992e-06
-2.57857e-07
1.2512e-06
-2.32265e-07
1.23175e-06
-2.05777e-07
1.21162e-06
-1.78985e-07
1.19091e-06
-1.52486e-07
1.16981e-06
-1.26841e-07
1.14857e-06
-1.02537e-07
1.1275e-06
-7.9964e-08
1.10691e-06
-5.93988e-08
1.08714e-06
-4.10064e-08
1.06848e-06
-2.48464e-08
1.05121e-06
-1.08886e-08
1.03555e-06
9.61914e-10
1.02169e-06
1.08474e-08
1.00976e-06
1.89245e-08
9.99833e-07
2.53547e-08
9.91943e-07
3.02895e-08
9.86078e-07
3.38531e-08
9.822e-07
3.61377e-08
9.80242e-07
3.71994e-08
9.80111e-07
3.70588e-08
9.8169e-07
3.57033e-08
9.84845e-07
3.3092e-08
9.8942e-07
2.91645e-08
9.95241e-07
2.38494e-08
1.00212e-06
1.70698e-08
1.00986e-06
8.74239e-09
1.01827e-06
-1.21649e-09
1.02715e-06
-1.28751e-08
1.03628e-06
-2.62653e-08
1.04546e-06
-4.13891e-08
1.05452e-06
-5.82229e-08
1.06331e-06
-7.67012e-08
1.07166e-06
-9.66826e-08
1.07942e-06
-1.17915e-07
1.08643e-06
-1.40054e-07
1.09273e-06
-1.62781e-07
1.09868e-06
-1.85917e-07
1.10487e-06
-2.09405e-07
1.11176e-06
-2.33047e-07
1.1192e-06
-2.56181e-07
1.12602e-06
-2.77512e-07
1.13007e-06
-2.9524e-07
1.1286e-06
-3.07414e-07
1.11886e-06
-3.12393e-07
1.09857e-06
-3.09301e-07
1.06619e-06
-2.98271e-07
1.0208e-06
-2.80057e-07
9.61872e-07
-2.54878e-07
8.89231e-07
-2.21565e-07
8.03942e-07
-1.794e-07
7.09903e-07
-1.3384e-07
6.14925e-07
-1.02581e-07
5.28963e-07
-1.13256e-07
4.59077e-07
-1.87223e-07
4.05524e-07
-3.19982e-07
3.63441e-07
-4.80919e-07
3.27425e-07
-6.34471e-07
2.93826e-07
-7.57685e-07
2.60506e-07
-8.42832e-07
2.26251e-07
-8.92648e-07
1.90714e-07
-9.14599e-07
1.54355e-07
-9.15879e-07
1.17988e-07
-9.00673e-07
8.25004e-08
-8.70998e-07
4.8693e-08
-8.28016e-07
1.73506e-08
-7.73173e-07
-1.08465e-08
-7.08133e-07
-3.5536e-08
-6.34762e-07
-5.66536e-08
-5.55182e-07
-7.43551e-08
-4.714e-07
-8.87775e-08
-3.85143e-07
-1.00007e-07
-2.97853e-07
-1.07971e-07
-2.10577e-07
-1.12392e-07
-1.24136e-07
-1.1294e-07
-3.90782e-08
-1.09499e-07
4.39361e-08
-1.01968e-07
1.23854e-07
-9.02381e-08
1.99815e-07
-7.42966e-08
2.70935e-07
-5.42438e-08
3.3643e-07
-3.04009e-08
3.95597e-07
-3.27732e-09
4.47961e-07
2.65328e-08
4.93114e-07
5.83381e-08
5.31064e-07
9.15864e-08
5.61824e-07
1.25812e-07
5.85621e-07
1.60608e-07
6.02845e-07
1.95646e-07
6.13904e-07
2.30659e-07
6.19222e-07
2.65423e-07
6.19226e-07
2.99739e-07
6.14343e-07
3.33429e-07
6.05013e-07
3.66324e-07
5.91695e-07
3.98275e-07
5.74871e-07
4.29147e-07
5.55043e-07
4.58833e-07
5.32725e-07
4.87251e-07
5.08426e-07
5.14348e-07
4.82637e-07
5.40099e-07
4.55813e-07
5.64505e-07
4.28367e-07
5.87586e-07
4.00658e-07
6.09382e-07
3.72986e-07
6.29943e-07
3.45598e-07
6.49326e-07
3.18685e-07
6.67594e-07
2.92389e-07
6.8481e-07
2.66811e-07
7.01035e-07
2.42013e-07
7.16332e-07
2.18032e-07
7.30757e-07
1.9488e-07
7.44366e-07
1.72556e-07
7.5721e-07
1.51046e-07
7.69339e-07
1.30331e-07
7.808e-07
1.10394e-07
7.91642e-07
9.12156e-08
8.01906e-07
7.27873e-08
8.11637e-07
5.51077e-08
8.20869e-07
3.81895e-08
8.29636e-07
2.20603e-08
8.37966e-07
6.76053e-09
8.45894e-07
-7.66259e-09
8.53457e-07
-2.11557e-08
8.60693e-07
-3.36588e-08
8.6763e-07
-4.51022e-08
8.74276e-07
-5.54025e-08
8.806e-07
-6.44638e-08
8.86533e-07
-7.21861e-08
8.91958e-07
-7.84731e-08
8.96725e-07
-8.32676e-08
9.00652e-07
-8.65063e-08
9.03585e-07
-8.8306e-08
-8.85559e-08
9.05257e-07
1.48411e-06
2.40902e-08
1.48869e-06
2.67786e-08
1.49366e-06
2.93906e-08
1.49909e-06
3.18809e-08
1.50498e-06
3.41583e-08
1.51138e-06
3.61079e-08
1.51828e-06
3.75933e-08
1.52567e-06
3.84607e-08
1.53351e-06
3.85425e-08
1.54173e-06
3.76636e-08
1.55025e-06
3.56487e-08
1.55895e-06
3.23309e-08
1.56767e-06
2.75594e-08
1.57626e-06
2.12075e-08
1.58453e-06
1.31784e-08
1.59231e-06
3.41051e-09
1.59939e-06
-8.11963e-09
1.60559e-06
-2.13944e-08
1.61074e-06
-3.6354e-08
1.61467e-06
-5.28987e-08
1.61725e-06
-7.08899e-08
1.61837e-06
-9.01529e-08
1.61793e-06
-1.10481e-07
1.61589e-06
-1.3164e-07
1.61223e-06
-1.53373e-07
1.60696e-06
-1.75409e-07
1.60012e-06
-1.97466e-07
1.5918e-06
-2.19258e-07
1.5821e-06
-2.40502e-07
1.57113e-06
-2.60919e-07
1.55905e-06
-2.80247e-07
1.546e-06
-2.98234e-07
1.53216e-06
-3.14646e-07
1.51767e-06
-3.29267e-07
1.5027e-06
-3.41898e-07
1.4874e-06
-3.52355e-07
1.4719e-06
-3.60473e-07
1.45631e-06
-3.66101e-07
1.44073e-06
-3.69106e-07
1.42526e-06
-3.69373e-07
1.40997e-06
-3.66802e-07
1.39488e-06
-3.61313e-07
1.38001e-06
-3.52842e-07
1.3653e-06
-3.41351e-07
1.35063e-06
-3.26836e-07
1.33582e-06
-3.09356e-07
1.32064e-06
-2.89058e-07
1.30485e-06
-2.66206e-07
1.28819e-06
-2.41198e-07
1.27048e-06
-2.14562e-07
1.25164e-06
-1.86935e-07
1.23168e-06
-1.59018e-07
1.21072e-06
-1.31526e-07
1.189e-06
-1.05123e-07
1.16684e-06
-8.03803e-08
1.14462e-06
-5.77402e-08
1.12272e-06
-3.75061e-08
1.10156e-06
-1.98398e-08
1.08149e-06
-4.77513e-09
1.06284e-06
7.7607e-09
1.04587e-06
1.79265e-08
1.03079e-06
2.59293e-08
1.01772e-06
3.1992e-08
1.00674e-06
3.63364e-08
9.9787e-07
3.91611e-08
9.91091e-07
4.06327e-08
9.86349e-07
4.08792e-08
9.83562e-07
3.99869e-08
9.82619e-07
3.80012e-08
9.83392e-07
3.49302e-08
9.85733e-07
3.07512e-08
9.89477e-07
2.54208e-08
9.94444e-07
1.88822e-08
1.00045e-06
1.10657e-08
1.0073e-06
1.88856e-09
1.01482e-06
-8.73095e-09
1.02279e-06
-2.08506e-08
1.03103e-06
-3.45063e-08
1.03936e-06
-4.97199e-08
1.04763e-06
-6.64856e-08
1.05568e-06
-8.47501e-08
1.06338e-06
-1.04392e-07
1.07071e-06
-1.25241e-07
1.07782e-06
-1.47162e-07
1.08516e-06
-1.7012e-07
1.09333e-06
-1.94095e-07
1.10271e-06
-2.18776e-07
1.11287e-06
-2.43212e-07
1.1224e-06
-2.65705e-07
1.12896e-06
-2.8408e-07
1.12987e-06
-2.96148e-07
1.1226e-06
-3.00139e-07
1.1052e-06
-2.94996e-07
1.07648e-06
-2.80581e-07
1.03588e-06
-2.57675e-07
9.83196e-07
-2.27371e-07
9.18218e-07
-1.899e-07
8.40943e-07
-1.44289e-07
7.52667e-07
-9.11238e-08
6.57671e-07
-3.88442e-08
5.64211e-07
-9.1205e-09
4.81771e-07
-3.08153e-08
4.15029e-07
-1.20481e-07
3.61905e-07
-2.66858e-07
3.17381e-07
-4.36394e-07
2.77394e-07
-5.94483e-07
2.39671e-07
-7.19962e-07
2.02735e-07
-8.05896e-07
1.65323e-07
-8.55236e-07
1.26767e-07
-8.76044e-07
8.73763e-08
-8.76487e-07
4.78532e-08
-8.6115e-07
8.97576e-09
-8.32121e-07
-2.8357e-08
-7.90684e-07
-6.3276e-08
-7.38254e-07
-9.50335e-08
-6.76376e-07
-1.23059e-07
-6.06737e-07
-1.4707e-07
-5.31172e-07
-1.67007e-07
-4.51463e-07
-1.82921e-07
-3.69228e-07
-1.9491e-07
-2.85864e-07
-2.03018e-07
-2.02469e-07
-2.07144e-07
-1.2001e-07
-2.07063e-07
-3.91592e-08
-2.02607e-07
3.94802e-08
-1.93654e-07
1.149e-07
-1.80164e-07
1.86325e-07
-1.62258e-07
2.53029e-07
-1.40198e-07
3.1437e-07
-1.14385e-07
3.69784e-07
-8.52613e-08
4.18837e-07
-5.33349e-08
4.61188e-07
-1.91182e-08
4.96848e-07
1.67961e-08
5.25909e-07
5.38349e-08
5.48582e-07
9.15691e-08
5.65111e-07
1.29637e-07
5.75835e-07
1.67738e-07
5.81121e-07
2.05612e-07
5.81352e-07
2.43029e-07
5.76926e-07
2.79779e-07
5.68263e-07
3.15672e-07
5.55801e-07
3.50539e-07
5.40004e-07
3.84231e-07
5.21351e-07
4.16628e-07
5.00328e-07
4.4764e-07
4.77415e-07
4.77206e-07
4.53071e-07
5.05295e-07
4.27724e-07
5.31905e-07
4.01758e-07
5.57054e-07
3.75509e-07
5.80779e-07
3.49261e-07
6.03131e-07
3.23246e-07
6.24172e-07
2.97645e-07
6.43965e-07
2.72596e-07
6.62581e-07
2.48195e-07
6.80087e-07
2.24507e-07
6.96552e-07
2.01567e-07
7.12042e-07
1.79391e-07
7.2662e-07
1.57977e-07
7.4035e-07
1.37316e-07
7.5329e-07
1.17391e-07
7.65499e-07
9.8184e-08
7.77035e-07
7.96803e-08
7.87949e-07
6.18726e-08
7.98294e-07
4.47632e-08
8.08116e-07
2.83672e-08
8.17467e-07
1.27099e-08
8.26407e-07
-2.18012e-09
8.35011e-07
-1.6266e-08
8.43346e-07
-2.94908e-08
8.51462e-07
-4.17751e-08
8.59369e-07
-5.30091e-08
8.67021e-07
-6.30546e-08
8.74313e-07
-7.17559e-08
8.81088e-07
-7.89605e-08
8.87149e-07
-8.45343e-08
8.92288e-07
-8.84064e-08
8.96286e-07
-9.05047e-08
8.98986e-07
-9.10057e-08
-8.9677e-08
9.00107e-07
1.48573e-06
1.98734e-08
1.49029e-06
2.22258e-08
1.4952e-06
2.44744e-08
1.50051e-06
2.65744e-08
1.50623e-06
2.84406e-08
1.51237e-06
2.99676e-08
1.51893e-06
3.1033e-08
1.52589e-06
3.15011e-08
1.5332e-06
3.12254e-08
1.54081e-06
3.00539e-08
1.54863e-06
2.78346e-08
1.55653e-06
2.44234e-08
1.5644e-06
1.96896e-08
1.57209e-06
1.35232e-08
1.57943e-06
5.83923e-09
1.58626e-06
-3.41714e-09
1.5924e-06
-1.42678e-08
1.59771e-06
-2.66988e-08
1.60201e-06
-4.06609e-08
1.60519e-06
-5.60694e-08
1.6071e-06
-7.28053e-08
1.60767e-06
-9.07172e-08
1.60681e-06
-1.09625e-07
1.60449e-06
-1.29324e-07
1.60071e-06
-1.49587e-07
1.59547e-06
-1.70172e-07
1.58883e-06
-1.90826e-07
1.58086e-06
-2.1129e-07
1.57166e-06
-2.31304e-07
1.56135e-06
-2.5061e-07
1.55006e-06
-2.68957e-07
1.53793e-06
-2.86104e-07
1.52511e-06
-3.0182e-07
1.51173e-06
-3.1589e-07
1.49795e-06
-3.28112e-07
1.48389e-06
-3.38301e-07
1.46971e-06
-3.46292e-07
1.45555e-06
-3.51937e-07
1.44154e-06
-3.55103e-07
1.42783e-06
-3.55665e-07
1.41453e-06
-3.535e-07
1.40169e-06
-3.48476e-07
1.38931e-06
-3.40454e-07
1.37725e-06
-3.29296e-07
1.36531e-06
-3.14894e-07
1.35317e-06
-2.97211e-07
1.34044e-06
-2.76332e-07
1.32674e-06
-2.52505e-07
1.31171e-06
-2.26172e-07
1.29511e-06
-1.97954e-07
1.27679e-06
-1.68621e-07
1.2568e-06
-1.39028e-07
1.23531e-06
-1.10039e-07
1.21264e-06
-8.24518e-08
1.1892e-06
-5.69326e-08
1.16544e-06
-3.39828e-08
1.14186e-06
-1.39304e-08
1.11896e-06
3.06269e-09
1.09717e-06
1.70142e-08
1.07686e-06
2.80705e-08
1.05832e-06
3.64663e-08
1.04176e-06
4.24862e-08
1.02733e-06
4.64278e-08
1.01509e-06
4.8577e-08
1.00506e-06
4.91898e-08
9.97211e-07
4.84807e-08
9.91473e-07
4.66166e-08
9.87745e-07
4.37147e-08
9.85903e-07
3.9844e-08
9.85801e-07
3.50315e-08
9.87282e-07
2.92708e-08
9.9017e-07
2.25327e-08
9.94283e-07
1.47694e-08
9.99436e-07
5.91214e-09
1.00545e-06
-4.12362e-09
1.01213e-06
-1.54116e-08
1.01929e-06
-2.80082e-08
1.02674e-06
-4.19628e-08
1.03434e-06
-5.73141e-08
1.04193e-06
-7.40814e-08
1.04944e-06
-9.2261e-08
1.0569e-06
-1.11844e-07
1.06452e-06
-1.3286e-07
1.07275e-06
-1.55397e-07
1.0821e-06
-1.79468e-07
1.0927e-06
-2.04691e-07
1.10386e-06
-2.29942e-07
1.11394e-06
-2.5329e-07
1.12057e-06
-2.72338e-07
1.12128e-06
-2.84786e-07
1.114e-06
-2.88867e-07
1.09737e-06
-2.83513e-07
1.07074e-06
-2.68362e-07
1.03393e-06
-2.43776e-07
9.87008e-07
-2.1075e-07
9.29911e-07
-1.70274e-07
8.62341e-07
-1.22331e-07
7.84114e-07
-6.60614e-08
6.96639e-07
-3.649e-09
6.04996e-07
5.27988e-08
5.17457e-07
7.84179e-08
4.41576e-07
4.50665e-08
3.79262e-07
-5.81678e-08
3.26526e-07
-2.14122e-07
2.78876e-07
-3.88745e-07
2.34101e-07
-5.49708e-07
1.91592e-07
-6.77453e-07
1.50703e-07
-7.65008e-07
1.10156e-07
-8.14689e-07
6.88535e-08
-8.34741e-07
2.66558e-08
-8.3429e-07
-1.59542e-08
-8.1854e-07
-5.81015e-08
-7.89973e-07
-9.87279e-08
-7.50057e-07
-1.36918e-07
-7.00064e-07
-1.71893e-07
-6.41401e-07
-2.03024e-07
-5.75606e-07
-2.29896e-07
-5.04299e-07
-2.52289e-07
-4.2907e-07
-2.70122e-07
-3.51395e-07
-2.83398e-07
-2.72589e-07
-2.92129e-07
-1.93738e-07
-2.96274e-07
-1.15865e-07
-2.95695e-07
-3.97381e-08
-2.90291e-07
3.4076e-08
-2.80052e-07
1.04662e-07
-2.65061e-07
1.71334e-07
-2.45507e-07
2.33475e-07
-2.21681e-07
2.90543e-07
-1.93961e-07
3.42065e-07
-1.62804e-07
3.87679e-07
-1.28763e-07
4.27147e-07
-9.23678e-08
4.60452e-07
-5.41245e-08
4.87666e-07
-1.45442e-08
5.09002e-07
2.58806e-08
5.24686e-07
6.67176e-08
5.34998e-07
1.07653e-07
5.40185e-07
1.48392e-07
5.40613e-07
1.88671e-07
5.36647e-07
2.28255e-07
5.28679e-07
2.66931e-07
5.17126e-07
3.04509e-07
5.02426e-07
3.40828e-07
4.85032e-07
3.75757e-07
4.65399e-07
4.09195e-07
4.43976e-07
4.41076e-07
4.2119e-07
4.71365e-07
3.97435e-07
5.00052e-07
3.7307e-07
5.27156e-07
3.48406e-07
5.52711e-07
3.23706e-07
5.76769e-07
2.99188e-07
5.99391e-07
2.75022e-07
6.20647e-07
2.5134e-07
6.40608e-07
2.28234e-07
6.59349e-07
2.05766e-07
6.76943e-07
1.83973e-07
6.93464e-07
1.6287e-07
7.08984e-07
1.42458e-07
7.23573e-07
1.22727e-07
7.373e-07
1.03664e-07
7.50232e-07
8.52523e-08
7.62433e-07
6.74796e-08
7.73966e-07
5.03392e-08
7.84899e-07
3.38307e-08
7.95307e-07
1.79592e-08
8.05286e-07
2.7301e-09
8.14943e-07
-1.18372e-08
8.24364e-07
-2.5687e-08
8.33596e-07
-3.87228e-08
8.42623e-07
-5.0802e-08
8.51355e-07
-6.17412e-08
8.59635e-07
-7.1334e-08
8.67255e-07
-7.93757e-08
8.73986e-07
-8.56915e-08
8.79604e-07
-9.01524e-08
8.83912e-07
-9.27149e-08
8.86748e-07
-9.33403e-08
8.88019e-07
-9.22766e-08
-8.92062e-08
8.87548e-07
1.48742e-06
1.56593e-08
1.49194e-06
1.77082e-08
1.49678e-06
1.9634e-08
1.50196e-06
2.13937e-08
1.5075e-06
2.29075e-08
1.51338e-06
2.40789e-08
1.51962e-06
2.47984e-08
1.52617e-06
2.49467e-08
1.533e-06
2.43957e-08
1.54004e-06
2.30128e-08
1.54721e-06
2.06662e-08
1.55441e-06
1.72306e-08
1.5615e-06
1.25927e-08
1.56837e-06
6.65562e-09
1.57486e-06
-6.55776e-10
1.58084e-06
-9.39101e-09
1.58614e-06
-1.95714e-08
1.59063e-06
-3.11882e-08
1.59417e-06
-4.4202e-08
1.59665e-06
-5.85422e-08
1.59795e-06
-7.41081e-08
1.598e-06
-9.07705e-08
1.59675e-06
-1.08374e-07
1.59417e-06
-1.26739e-07
1.59025e-06
-1.45668e-07
1.58502e-06
-1.64944e-07
1.57853e-06
-1.84341e-07
1.57086e-06
-2.0362e-07
1.5621e-06
-2.22543e-07
1.55236e-06
-2.40865e-07
1.54175e-06
-2.58347e-07
1.5304e-06
-2.74758e-07
1.51846e-06
-2.89876e-07
1.50606e-06
-3.03494e-07
1.49338e-06
-3.15427e-07
1.48058e-06
-3.25507e-07
1.46788e-06
-3.33588e-07
1.45547e-06
-3.39532e-07
1.44357e-06
-3.43201e-07
1.43234e-06
-3.44436e-07
1.42189e-06
-3.43047e-07
1.41221e-06
-3.38796e-07
1.40317e-06
-3.31415e-07
1.3945e-06
-3.20626e-07
1.3858e-06
-3.06195e-07
1.37659e-06
-2.87993e-07
1.36632e-06
-2.66069e-07
1.35452e-06
-2.40699e-07
1.34076e-06
-2.12414e-07
1.32478e-06
-1.81979e-07
1.3065e-06
-1.50336e-07
1.28599e-06
-1.18521e-07
1.26353e-06
-8.75743e-08
1.23951e-06
-5.8437e-08
1.21445e-06
-3.18674e-08
1.1889e-06
-8.43082e-09
1.16346e-06
1.15097e-08
1.13868e-06
2.78419e-08
1.11504e-06
4.06469e-08
1.09297e-06
5.01493e-08
1.07276e-06
5.66745e-08
1.05465e-06
6.0595e-08
1.03878e-06
6.22926e-08
1.02523e-06
6.21283e-08
1.014e-06
6.04217e-08
1.00504e-06
5.74392e-08
9.9827e-07
5.33884e-08
9.93568e-07
4.84168e-08
9.90796e-07
4.26159e-08
9.89798e-07
3.6029e-08
9.90406e-07
2.8663e-08
9.92441e-07
2.04982e-08
9.9572e-07
1.14902e-08
1.00006e-06
1.56833e-09
1.00529e-06
-9.35168e-09
1.01122e-06
-2.13388e-08
1.01767e-06
-3.44564e-08
1.02448e-06
-4.87713e-08
1.03151e-06
-6.43528e-08
1.03871e-06
-8.12802e-08
1.04611e-06
-9.96554e-08
1.05388e-06
-1.19616e-07
1.06233e-06
-1.4131e-07
1.07169e-06
-1.64759e-07
1.08178e-06
-1.89558e-07
1.09165e-06
-2.14561e-07
1.09953e-06
-2.37826e-07
1.10321e-06
-2.56969e-07
1.10062e-06
-2.69747e-07
1.09035e-06
-2.74513e-07
1.0718e-06
-2.70313e-07
1.045e-06
-2.56721e-07
1.01034e-06
-2.33697e-07
9.68163e-07
-2.01601e-07
9.18527e-07
-1.61114e-07
8.60933e-07
-1.1268e-07
7.9448e-07
-5.58771e-08
7.18839e-07
9.57948e-09
6.36557e-07
7.86326e-08
5.53603e-07
1.35753e-07
4.77141e-07
1.5488e-07
4.11165e-07
1.11042e-07
3.54434e-07
-1.43653e-09
3.02068e-07
-1.61756e-07
2.50559e-07
-3.37235e-07
1.99888e-07
-4.99036e-07
1.51435e-07
-6.29e-07
1.05773e-07
-7.19346e-07
6.17848e-08
-7.70701e-07
1.7619e-08
-7.90575e-07
-2.74006e-08
-7.8927e-07
-7.29313e-08
-7.7301e-07
-1.18054e-07
-7.4485e-07
-1.61735e-07
-7.06377e-07
-2.02987e-07
-6.58811e-07
-2.40966e-07
-6.03423e-07
-2.74983e-07
-5.41589e-07
-3.04535e-07
-4.74746e-07
-3.29291e-07
-4.04314e-07
-3.49061e-07
-3.31625e-07
-3.63756e-07
-2.57895e-07
-3.73332e-07
-1.84162e-07
-3.77762e-07
-1.11436e-07
-3.76978e-07
-4.05218e-08
-3.70957e-07
2.80548e-08
-3.59781e-07
9.34856e-08
-3.43612e-07
1.55165e-07
-3.22697e-07
2.1256e-07
-2.9736e-07
2.65206e-07
-2.6801e-07
3.12715e-07
-2.3513e-07
3.54799e-07
-1.99259e-07
3.91276e-07
-1.60917e-07
4.2211e-07
-1.20608e-07
4.47357e-07
-7.8799e-08
4.67193e-07
-3.59686e-08
4.81855e-07
7.40431e-09
4.91625e-07
5.09008e-08
4.96689e-07
9.42377e-08
4.97276e-07
1.37121e-07
4.93764e-07
1.79289e-07
4.86511e-07
2.20508e-07
4.75907e-07
2.60571e-07
4.62363e-07
2.99303e-07
4.463e-07
3.36561e-07
4.28141e-07
3.72239e-07
4.08299e-07
4.06262e-07
3.87166e-07
4.3859e-07
3.65107e-07
4.69211e-07
3.42449e-07
4.9814e-07
3.19477e-07
5.25409e-07
2.96436e-07
5.5107e-07
2.73527e-07
5.75185e-07
2.50908e-07
5.97824e-07
2.28701e-07
6.19062e-07
2.06996e-07
6.38977e-07
1.85851e-07
6.57648e-07
1.65302e-07
6.75154e-07
1.45363e-07
6.91574e-07
1.26038e-07
7.06982e-07
1.07318e-07
7.21455e-07
8.91911e-08
7.35066e-07
7.16413e-08
7.47893e-07
5.46531e-08
7.60023e-07
3.82089e-08
7.71563e-07
2.22904e-08
7.8264e-07
6.88278e-09
7.93373e-07
-8.00263e-09
8.03836e-07
-2.23008e-08
8.14036e-07
-3.58863e-08
8.23891e-07
-4.85782e-08
8.33242e-07
-6.01527e-08
8.41868e-07
-7.0368e-08
8.49527e-07
-7.89929e-08
8.55985e-07
-8.58336e-08
8.61048e-07
-9.07538e-08
8.64576e-07
-9.36811e-08
8.66493e-07
-9.46317e-08
8.66777e-07
-9.36246e-08
8.65456e-07
-9.09548e-08
-8.62856e-08
8.62535e-07
1.48924e-06
1.14635e-08
1.49371e-06
1.3239e-08
1.49846e-06
1.48803e-08
1.50351e-06
1.6346e-08
1.50885e-06
1.7561e-08
1.5145e-06
1.84363e-08
1.52042e-06
1.88749e-08
1.52659e-06
1.87726e-08
1.53297e-06
1.80174e-08
1.53949e-06
1.64936e-08
1.54607e-06
1.40865e-08
1.55261e-06
1.06868e-08
1.55901e-06
6.19497e-09
1.56514e-06
5.25714e-10
1.57088e-06
-6.38828e-09
1.57608e-06
-1.4593e-08
1.58062e-06
-2.41105e-08
1.58437e-06
-3.49376e-08
1.58721e-06
-4.70445e-08
1.58904e-06
-6.03745e-08
1.58978e-06
-7.48444e-08
1.58935e-06
-9.03456e-08
1.58772e-06
-1.06745e-07
1.58487e-06
-1.23889e-07
1.58081e-06
-1.41602e-07
1.57555e-06
-1.59692e-07
1.56917e-06
-1.77954e-07
1.56172e-06
-1.9617e-07
1.55329e-06
-2.14118e-07
1.544e-06
-2.31571e-07
1.53396e-06
-2.4831e-07
1.52333e-06
-2.64123e-07
1.51226e-06
-2.78813e-07
1.50097e-06
-2.92206e-07
1.48969e-06
-3.04142e-07
1.47866e-06
-3.1448e-07
1.46815e-06
-3.23076e-07
1.45839e-06
-3.29769e-07
1.44955e-06
-3.34361e-07
1.44171e-06
-3.36595e-07
1.43481e-06
-3.36148e-07
1.42865e-06
-3.3264e-07
1.4229e-06
-3.25659e-07
1.41708e-06
-3.14811e-07
1.41067e-06
-2.99784e-07
1.4031e-06
-2.80425e-07
1.39385e-06
-2.56812e-07
1.38245e-06
-2.29304e-07
1.36859e-06
-1.98558e-07
1.35211e-06
-1.65497e-07
1.33301e-06
-1.31229e-07
1.31145e-06
-9.69629e-08
1.28777e-06
-6.39006e-08
1.26245e-06
-3.3108e-08
1.236e-06
-5.4203e-09
1.20904e-06
1.8529e-08
1.18218e-06
3.83703e-08
1.156e-06
5.40233e-08
1.13101e-06
6.56319e-08
1.10765e-06
7.35104e-08
1.08624e-06
7.80801e-08
1.06703e-06
7.9812e-08
1.05014e-06
7.91801e-08
1.03564e-06
7.66257e-08
1.02353e-06
7.25355e-08
1.01374e-06
6.72288e-08
1.00617e-06
6.09535e-08
1.0007e-06
5.38866e-08
9.9718e-07
4.61401e-08
9.95438e-07
3.77715e-08
9.95304e-07
2.87971e-08
9.96601e-07
1.92005e-08
9.99157e-07
8.9346e-09
1.0028e-06
-2.07483e-09
1.00736e-06
-1.39072e-08
1.01265e-06
-2.66328e-08
1.01852e-06
-4.03286e-08
1.02483e-06
-5.50843e-08
1.03149e-06
-7.10103e-08
1.03846e-06
-8.82433e-08
1.04574e-06
-1.06939e-07
1.05335e-06
-1.2723e-07
1.06115e-06
-1.49112e-07
1.0686e-06
-1.72207e-07
1.07455e-06
-1.95508e-07
1.0773e-06
-2.17306e-07
1.07496e-06
-2.35483e-07
1.06605e-06
-2.4806e-07
1.04993e-06
-2.53633e-07
1.02685e-06
-2.51436e-07
9.97617e-07
-2.41075e-07
9.6315e-07
-2.22253e-07
9.24146e-07
-1.94694e-07
8.80798e-07
-1.58252e-07
8.32612e-07
-1.12928e-07
7.78389e-07
-5.84571e-08
7.16867e-07
5.64545e-09
6.48585e-07
7.7861e-08
5.76985e-07
1.50233e-07
5.07893e-07
2.04844e-07
4.46418e-07
2.16355e-07
3.9307e-07
1.6439e-07
3.43268e-07
4.8365e-08
2.91532e-07
-1.1002e-07
2.35605e-07
-2.81309e-07
1.77697e-07
-4.41129e-07
1.21539e-07
-5.72841e-07
6.95215e-08
-6.67329e-07
2.0996e-08
-7.22175e-07
-2.6531e-08
-7.43048e-07
-7.43248e-08
-7.41476e-07
-1.22501e-07
-7.24834e-07
-1.70359e-07
-6.96992e-07
-2.16861e-07
-6.59875e-07
-2.60961e-07
-6.14712e-07
-3.01741e-07
-5.62643e-07
-3.38449e-07
-5.04881e-07
-3.70506e-07
-4.42689e-07
-3.97496e-07
-3.77323e-07
-4.19146e-07
-3.09976e-07
-4.35292e-07
-2.41749e-07
-4.45846e-07
-1.73607e-07
-4.50779e-07
-1.06503e-07
-4.50076e-07
-4.12245e-08
-4.4377e-07
2.17484e-08
-4.32004e-07
8.17198e-08
-4.15001e-07
1.38162e-07
-3.93058e-07
1.90617e-07
-3.66542e-07
2.3869e-07
-3.35889e-07
2.82062e-07
-3.01586e-07
3.20496e-07
-2.64159e-07
3.53849e-07
-2.24134e-07
3.82085e-07
-1.82032e-07
4.05255e-07
-1.38333e-07
4.23495e-07
-9.34732e-08
4.36996e-07
-4.78793e-08
4.46032e-07
-2.05494e-09
4.50864e-07
4.3592e-08
4.51629e-07
8.87986e-08
4.48557e-07
1.3328e-07
4.42029e-07
1.76782e-07
4.32405e-07
2.19082e-07
4.20063e-07
2.59992e-07
4.05389e-07
2.99361e-07
3.88772e-07
3.37073e-07
3.70587e-07
3.73049e-07
3.51191e-07
4.07243e-07
3.30914e-07
4.39638e-07
3.10053e-07
4.70247e-07
2.88869e-07
4.99101e-07
2.67583e-07
5.26248e-07
2.46379e-07
5.51751e-07
2.25404e-07
5.75681e-07
2.04772e-07
5.98114e-07
1.84563e-07
6.19131e-07
1.64834e-07
6.38814e-07
1.45619e-07
6.57245e-07
1.26932e-07
6.74505e-07
1.08778e-07
6.90677e-07
9.1147e-08
7.05843e-07
7.40248e-08
7.20097e-07
5.73872e-08
7.33548e-07
4.12018e-08
7.46326e-07
2.54314e-08
7.58565e-07
1.00508e-08
7.70366e-07
-4.91795e-09
7.81744e-07
-1.93802e-08
7.92615e-07
-3.31717e-08
8.02805e-07
-4.60769e-08
8.12077e-07
-5.785e-08
8.20168e-07
-6.82433e-08
8.26834e-07
-7.70348e-08
8.3189e-07
-8.40489e-08
8.35224e-07
-8.91676e-08
8.36806e-07
-9.23355e-08
8.36679e-07
-9.35538e-08
8.34939e-07
-9.2892e-08
8.31732e-07
-9.04171e-08
8.27193e-07
-8.64163e-08
-8.0608e-08
8.21516e-07
1.49125e-06
7.29369e-09
1.49566e-06
8.82514e-09
1.50033e-06
1.02172e-08
1.50524e-06
1.14326e-08
1.5104e-06
1.23977e-08
1.51581e-06
1.30303e-08
1.52144e-06
1.32459e-08
1.52726e-06
1.29541e-08
1.53322e-06
1.20569e-08
1.53926e-06
1.04532e-08
1.5453e-06
8.04323e-09
1.55126e-06
4.73184e-09
1.55702e-06
4.30618e-10
1.56248e-06
-4.93619e-09
1.56752e-06
-1.143e-08
1.57202e-06
-1.90946e-08
1.57587e-06
-2.79541e-08
1.57894e-06
-3.80109e-08
1.58114e-06
-4.9245e-08
1.58238e-06
-6.16131e-08
1.58258e-06
-7.50485e-08
1.5817e-06
-8.94618e-08
1.5797e-06
-1.04741e-07
1.57656e-06
-1.20754e-07
1.57231e-06
-1.37349e-07
1.56697e-06
-1.54357e-07
1.56062e-06
-1.71596e-07
1.55332e-06
-1.88873e-07
1.5452e-06
-2.05994e-07
1.53639e-06
-2.22762e-07
1.52707e-06
-2.38991e-07
1.51745e-06
-2.54504e-07
1.50777e-06
-2.69137e-07
1.4983e-06
-2.82735e-07
1.4893e-06
-2.9514e-07
1.481e-06
-3.06177e-07
1.47356e-06
-3.15637e-07
1.46704e-06
-3.23255e-07
1.46138e-06
-3.28702e-07
1.45637e-06
-3.31583e-07
1.45168e-06
-3.31452e-07
1.44688e-06
-3.2784e-07
1.44151e-06
-3.20294e-07
1.43512e-06
-3.08424e-07
1.4273e-06
-2.91964e-07
1.41771e-06
-2.70828e-07
1.40607e-06
-2.45176e-07
1.39222e-06
-2.15459e-07
1.3761e-06
-1.82429e-07
1.3577e-06
-1.47103e-07
1.33715e-06
-1.10679e-07
1.31465e-06
-7.44625e-08
1.29051e-06
-3.97564e-08
1.26507e-06
-7.67258e-09
1.23873e-06
2.09222e-08
1.21203e-06
4.52307e-08
1.18552e-06
6.48825e-08
1.15973e-06
7.98121e-08
1.13514e-06
9.0217e-08
1.11216e-06
9.64875e-08
1.09111e-06
9.91357e-08
1.07219e-06
9.87267e-08
1.05555e-06
9.58233e-08
1.04123e-06
9.09451e-08
1.02922e-06
8.45435e-08
1.01946e-06
7.69891e-08
1.01185e-06
6.85683e-08
1.00625e-06
5.9486e-08
1.00252e-06
4.98741e-08
1.00048e-06
3.98032e-08
9.99986e-07
2.92946e-08
1.00086e-06
1.83297e-08
1.00294e-06
6.85576e-09
1.00606e-06
-5.20125e-09
1.01007e-06
-1.79126e-08
1.01478e-06
-3.13464e-08
1.02003e-06
-4.55803e-08
1.02565e-06
-6.07013e-08
1.03144e-06
-7.68042e-08
1.03718e-06
-9.39771e-08
1.04251e-06
-1.1227e-07
1.0469e-06
-1.31623e-07
1.04952e-06
-1.51728e-07
1.04915e-06
-1.71835e-07
1.0443e-06
-1.9066e-07
1.03357e-06
-2.06576e-07
1.01615e-06
-2.18067e-07
9.92221e-07
-2.24129e-07
9.62863e-07
-2.24275e-07
9.29619e-07
-2.18192e-07
8.939e-07
-2.05356e-07
8.56598e-07
-1.84952e-07
8.17971e-07
-1.56066e-07
7.77572e-07
-1.17853e-07
7.34262e-07
-6.96182e-08
6.86587e-07
-1.07821e-08
6.3378e-07
5.84523e-08
5.77265e-07
1.34376e-07
5.21047e-07
2.06451e-07
4.70146e-07
2.55746e-07
4.27093e-07
2.59407e-07
3.88885e-07
2.02599e-07
3.47847e-07
8.94032e-08
2.97848e-07
-6.00212e-08
2.37657e-07
-2.21117e-07
1.71285e-07
-3.74757e-07
1.05081e-07
-5.06637e-07
4.40686e-08
-6.06316e-07
-1.11049e-08
-6.67002e-07
-6.29231e-08
-6.9123e-07
-1.1367e-07
-6.9073e-07
-1.64351e-07
-6.74152e-07
-2.14702e-07
-6.46641e-07
-2.63794e-07
-6.10783e-07
-3.1054e-07
-5.67965e-07
-3.53945e-07
-5.19238e-07
-3.93181e-07
-4.65644e-07
-4.27599e-07
-4.0827e-07
-4.56713e-07
-3.48209e-07
-4.80183e-07
-2.86506e-07
-4.97792e-07
-2.2414e-07
-5.09418e-07
-1.61981e-07
-5.1503e-07
-1.00891e-07
-5.1465e-07
-4.16047e-08
-5.08347e-07
1.54454e-08
-4.96309e-07
6.96819e-08
-4.78802e-07
1.20655e-07
-4.56161e-07
1.67976e-07
-4.28785e-07
2.11314e-07
-3.97128e-07
2.50405e-07
-3.61687e-07
2.85056e-07
-3.2299e-07
3.15152e-07
-2.81568e-07
3.40662e-07
-2.37942e-07
3.61629e-07
-1.92611e-07
3.78164e-07
-1.46049e-07
3.90433e-07
-9.86634e-08
3.98646e-07
-5.08564e-08
4.03057e-07
-3.14472e-09
4.03918e-07
4.40816e-08
4.01331e-07
9.05857e-08
3.95525e-07
1.36093e-07
3.86898e-07
1.80367e-07
3.75789e-07
2.23208e-07
3.62549e-07
2.64453e-07
3.47526e-07
3.03982e-07
3.31058e-07
3.41707e-07
3.13465e-07
3.77579e-07
2.95042e-07
4.11578e-07
2.76055e-07
4.4371e-07
2.56737e-07
4.74004e-07
2.37288e-07
5.02509e-07
2.17874e-07
5.29284e-07
1.98629e-07
5.544e-07
1.79656e-07
5.77933e-07
1.6103e-07
5.99965e-07
1.42802e-07
6.2058e-07
1.25004e-07
6.39861e-07
1.07651e-07
6.57898e-07
9.07413e-08
6.74782e-07
7.42625e-08
6.9062e-07
5.81872e-08
7.05531e-07
4.24759e-08
7.19646e-07
2.70873e-08
7.33072e-07
1.20048e-08
7.45835e-07
-2.71206e-09
7.57838e-07
-1.6921e-08
7.68881e-07
-3.04231e-08
7.78698e-07
-4.29886e-08
7.87004e-07
-5.43826e-08
7.93544e-07
-6.43907e-08
7.98139e-07
-7.28383e-08
8.00706e-07
-7.96011e-08
8.01262e-07
-8.46057e-08
7.9992e-07
-8.78255e-08
7.96859e-07
-8.92741e-08
7.92303e-07
-8.89978e-08
7.86491e-07
-8.70805e-08
7.79682e-07
-8.36078e-08
7.72068e-07
-7.88022e-08
-7.25073e-08
7.63967e-07
1.49351e-06
3.16215e-09
1.49786e-06
4.4692e-09
1.50243e-06
5.64809e-09
1.50721e-06
6.65282e-09
1.5122e-06
7.41009e-09
1.51739e-06
7.84536e-09
1.52274e-06
7.88848e-09
1.52824e-06
7.46104e-09
1.53382e-06
6.4768e-09
1.53942e-06
4.84688e-09
1.54498e-06
2.48483e-09
1.5504e-06
-6.91989e-10
1.5556e-06
-4.7628e-09
1.56046e-06
-9.7957e-09
1.56488e-06
-1.58477e-08
1.56874e-06
-2.29615e-08
1.57195e-06
-3.11635e-08
1.5744e-06
-4.04622e-08
1.57601e-06
-5.08474e-08
1.57668e-06
-6.22888e-08
1.57637e-06
-7.47364e-08
1.57503e-06
-8.81203e-08
1.57264e-06
-1.02351e-07
1.56921e-06
-1.17322e-07
1.56477e-06
-1.3291e-07
1.55939e-06
-1.48976e-07
1.55316e-06
-1.65374e-07
1.54624e-06
-1.81947e-07
1.53878e-06
-1.98537e-07
1.531e-06
-2.1498e-07
1.52312e-06
-2.31113e-07
1.51538e-06
-2.46764e-07
1.50799e-06
-2.61749e-07
1.50111e-06
-2.75856e-07
1.49481e-06
-2.88839e-07
1.48904e-06
-3.00401e-07
1.48359e-06
-3.10194e-07
1.47816e-06
-3.1782e-07
1.4723e-06
-3.22847e-07
1.46556e-06
-3.24836e-07
1.45747e-06
-3.23367e-07
1.4477e-06
-3.18067e-07
1.43603e-06
-3.08628e-07
1.42244e-06
-2.94828e-07
1.40702e-06
-2.76547e-07
1.39e-06
-2.53804e-07
1.37162e-06
-2.26802e-07
1.35215e-06
-1.95988e-07
1.33181e-06
-1.62084e-07
1.31076e-06
-1.26057e-07
1.28914e-06
-8.90619e-08
1.26707e-06
-5.23854e-08
1.24457e-06
-1.72635e-08
1.22165e-06
1.52475e-08
1.19856e-06
4.40198e-08
1.17555e-06
6.82352e-08
1.15297e-06
8.74671e-08
1.13115e-06
1.01634e-07
1.11042e-06
1.10941e-07
1.0911e-06
1.15815e-07
1.07341e-06
1.16822e-07
1.05754e-06
1.14595e-07
1.0436e-06
1.09763e-07
1.03164e-06
1.02908e-07
1.02165e-06
9.45353e-08
1.01357e-06
8.50612e-08
1.00734e-06
7.48069e-08
1.00282e-06
6.40046e-08
9.99885e-07
5.28066e-08
9.9839e-07
4.1298e-08
9.98178e-07
2.95063e-08
9.99096e-07
1.74119e-08
1.00099e-06
4.96191e-09
1.00369e-06
-7.90212e-09
1.00701e-06
-2.1227e-08
1.01071e-06
-3.50508e-08
1.01453e-06
-4.94013e-08
1.01811e-06
-6.42853e-08
1.02099e-06
-7.96766e-08
1.02251e-06
-9.55044e-08
1.02188e-06
-1.11639e-07
1.0181e-06
-1.27837e-07
1.01001e-06
-1.43637e-07
9.9643e-07
-1.58258e-07
9.76463e-07
-1.70693e-07
9.49937e-07
-1.8005e-07
9.17753e-07
-1.85884e-07
8.81773e-07
-1.88149e-07
8.44207e-07
-1.86709e-07
8.06843e-07
-1.80827e-07
7.70595e-07
-1.69109e-07
7.35516e-07
-1.49873e-07
7.01047e-07
-1.21597e-07
6.6625e-07
-8.30564e-08
6.29849e-07
-3.32174e-08
5.90826e-07
2.82407e-08
5.49453e-07
9.98257e-08
5.08105e-07
1.75724e-07
4.70778e-07
2.43778e-07
4.41056e-07
2.85467e-07
4.18771e-07
2.81692e-07
3.97782e-07
2.23588e-07
3.68421e-07
1.18765e-07
3.22877e-07
-1.44779e-08
2.60257e-07
-1.58497e-07
1.85291e-07
-2.99791e-07
1.06655e-07
-4.28001e-07
3.28345e-08
-5.32496e-07
-3.23465e-08
-6.01821e-07
-9.05344e-08
-6.33042e-07
-1.45128e-07
-6.36136e-07
-1.98413e-07
-6.20868e-07
-2.51023e-07
-5.94031e-07
-3.02425e-07
-5.59381e-07
-3.51588e-07
-5.18802e-07
-3.97445e-07
-4.73382e-07
-4.39076e-07
-4.24014e-07
-4.75749e-07
-3.71597e-07
-5.06911e-07
-3.17047e-07
-5.32167e-07
-2.61251e-07
-5.51257e-07
-2.05049e-07
-5.64036e-07
-1.49203e-07
-5.70471e-07
-9.44559e-08
-5.70611e-07
-4.14647e-08
-5.64546e-07
9.38053e-09
-5.52499e-07
5.76351e-08
-5.34768e-07
1.02924e-07
-5.11714e-07
1.44923e-07
-4.83761e-07
1.83361e-07
-4.5138e-07
2.18024e-07
-4.15078e-07
2.48754e-07
-3.75387e-07
2.75461e-07
-3.32844e-07
2.98119e-07
-2.87979e-07
3.16765e-07
-2.41305e-07
3.3149e-07
-1.93305e-07
3.42432e-07
-1.44433e-07
3.49775e-07
-9.50936e-08
3.53718e-07
-4.56797e-08
3.54504e-07
3.30582e-09
3.52345e-07
5.15195e-08
3.47311e-07
9.87414e-08
3.39676e-07
1.44714e-07
3.29816e-07
1.89225e-07
3.18038e-07
2.32105e-07
3.04646e-07
2.73222e-07
2.89941e-07
3.12486e-07
2.74201e-07
3.49839e-07
2.57688e-07
3.85258e-07
2.40636e-07
4.18746e-07
2.23249e-07
4.50329e-07
2.05706e-07
4.8005e-07
1.88153e-07
5.07968e-07
1.70711e-07
5.34153e-07
1.53471e-07
5.58681e-07
1.36501e-07
5.81635e-07
1.19848e-07
6.03101e-07
1.03539e-07
6.2317e-07
8.75818e-08
6.41939e-07
7.19724e-08
6.5951e-07
5.66911e-08
6.75988e-07
4.17093e-08
6.9146e-07
2.70038e-08
7.05956e-07
1.25913e-08
7.19371e-07
-1.41009e-09
7.31469e-07
-1.48105e-08
7.41952e-07
-2.74039e-08
7.50513e-07
-3.89842e-08
7.56893e-07
-4.93686e-08
7.60923e-07
-5.84119e-08
7.62546e-07
-6.60145e-08
7.61829e-07
-7.21212e-08
7.58942e-07
-7.67137e-08
7.54136e-07
-7.97997e-08
7.47714e-07
-8.14036e-08
7.39999e-07
-8.15591e-08
7.31312e-07
-8.03109e-08
7.21948e-07
-7.77158e-08
7.12194e-07
-7.38543e-08
7.02244e-07
-6.88517e-08
-6.27338e-08
6.9247e-07
1.49621e-06
-9.33277e-10
1.50051e-06
1.76034e-10
1.50497e-06
1.17846e-09
1.50962e-06
2.01256e-09
1.51443e-06
2.59955e-09
1.5194e-06
2.87562e-09
1.5245e-06
2.78834e-09
1.52969e-06
2.26956e-09
1.53492e-06
1.2443e-09
1.54013e-06
-3.66121e-10
1.54525e-06
-2.63455e-09
1.5502e-06
-5.63517e-09
1.55487e-06
-9.43833e-09
1.55918e-06
-1.41068e-08
1.56303e-06
-1.96944e-08
1.56631e-06
-2.62439e-08
1.56893e-06
-3.37856e-08
1.57081e-06
-4.23357e-08
1.57185e-06
-5.18959e-08
1.57202e-06
-6.24527e-08
1.57126e-06
-7.39767e-08
1.56956e-06
-8.64238e-08
1.56695e-06
-9.97345e-08
1.56346e-06
-1.13835e-07
1.55918e-06
-1.28636e-07
1.55424e-06
-1.44035e-07
1.54878e-06
-1.59914e-07
1.54297e-06
-1.76138e-07
1.53699e-06
-1.92549e-07
1.53097e-06
-2.08965e-07
1.52503e-06
-2.25173e-07
1.51918e-06
-2.40918e-07
1.51334e-06
-2.55903e-07
1.50726e-06
-2.6978e-07
1.50058e-06
-2.8216e-07
1.49281e-06
-2.92625e-07
1.48336e-06
-3.00749e-07
1.47167e-06
-3.06126e-07
1.45723e-06
-3.08407e-07
1.43972e-06
-3.07325e-07
1.41906e-06
-3.02706e-07
1.39546e-06
-2.94469e-07
1.36943e-06
-2.82597e-07
1.3417e-06
-2.67101e-07
1.31315e-06
-2.47995e-07
1.28464e-06
-2.25301e-07
1.25695e-06
-1.99107e-07
1.23062e-06
-1.69663e-07
1.20601e-06
-1.37474e-07
1.18327e-06
-1.03309e-07
1.16237e-06
-6.81643e-08
1.14312e-06
-3.3137e-08
1.12519e-06
6.66522e-10
1.10837e-06
3.20654e-08
1.09251e-06
5.98857e-08
1.07748e-06
8.3263e-08
1.06325e-06
1.017e-07
1.04984e-06
1.15044e-07
1.03732e-06
1.23452e-07
1.02581e-06
1.27325e-07
1.01541e-06
1.27226e-07
1.0062e-06
1.23802e-07
9.98256e-07
1.17711e-07
9.91599e-07
1.09565e-07
9.86231e-07
9.99028e-08
9.82121e-07
8.91713e-08
9.79208e-07
7.772e-08
9.77407e-07
6.58058e-08
9.76609e-07
5.36038e-08
9.76689e-07
4.12184e-08
9.77502e-07
2.86934e-08
9.78888e-07
1.60255e-08
9.8067e-07
3.17985e-09
9.8263e-07
-9.86134e-09
9.84498e-07
-2.30952e-08
9.85934e-07
-3.64868e-08
9.86488e-07
-4.99551e-08
9.85567e-07
-6.33646e-08
9.82418e-07
-7.65278e-08
9.76145e-07
-8.9231e-08
9.65761e-07
-1.01255e-07
9.5027e-07
-1.12346e-07
9.28796e-07
-1.22163e-07
9.00846e-07
-1.30307e-07
8.66716e-07
-1.36563e-07
8.27833e-07
-1.41167e-07
7.86646e-07
-1.44696e-07
7.45894e-07
-1.47398e-07
7.07632e-07
-1.48448e-07
6.72654e-07
-1.45849e-07
6.40636e-07
-1.37091e-07
6.10698e-07
-1.19935e-07
5.81862e-07
-9.27609e-08
5.5324e-07
-5.44335e-08
5.24241e-07
-4.21834e-09
4.94971e-07
5.751e-08
4.66952e-07
1.27845e-07
4.43154e-07
1.99522e-07
4.27058e-07
2.59874e-07
4.2034e-07
2.92185e-07
4.19972e-07
2.82061e-07
4.17561e-07
2.25998e-07
4.0236e-07
1.33966e-07
3.65808e-07
2.20739e-08
3.0518e-07
-9.78691e-08
2.24323e-07
-2.18933e-07
1.32687e-07
-3.36366e-07
4.21081e-08
-4.41917e-07
-3.81553e-08
-5.21557e-07
-1.06947e-07
-5.6425e-07
-1.67894e-07
-5.75189e-07
-2.24737e-07
-5.64025e-07
-2.79634e-07
-5.39134e-07
-3.33024e-07
-5.05991e-07
-3.84262e-07
-4.67564e-07
-4.32318e-07
-4.25325e-07
-4.7618e-07
-3.80152e-07
-5.15007e-07
-3.3277e-07
-5.48161e-07
-2.83893e-07
-5.75183e-07
-2.34228e-07
-5.95778e-07
-1.84455e-07
-6.09777e-07
-1.35203e-07
-6.17148e-07
-8.70854e-08
-6.1797e-07
-4.0643e-08
-6.12326e-07
3.73716e-09
-6.00482e-07
4.57906e-08
-5.82756e-07
8.51982e-08
-5.59535e-07
1.21701e-07
-5.31257e-07
1.55084e-07
-4.98408e-07
1.85174e-07
-4.61505e-07
2.11851e-07
-4.21088e-07
2.35043e-07
-3.777e-07
2.54731e-07
-3.31881e-07
2.70946e-07
-2.84155e-07
2.83764e-07
-2.35022e-07
2.933e-07
-1.84948e-07
2.99701e-07
-1.34375e-07
3.03144e-07
-8.36939e-08
3.03823e-07
-3.33005e-08
3.01952e-07
1.63483e-08
2.97662e-07
6.49802e-08
2.91044e-07
1.1237e-07
2.82426e-07
1.58287e-07
2.72121e-07
2.02551e-07
2.60382e-07
2.45024e-07
2.47468e-07
2.85607e-07
2.33619e-07
3.24237e-07
2.19058e-07
3.60886e-07
2.03987e-07
3.95553e-07
1.88582e-07
4.2826e-07
1.72998e-07
4.59052e-07
1.57362e-07
4.87984e-07
1.41779e-07
5.15126e-07
1.26329e-07
5.40555e-07
1.11073e-07
5.6435e-07
9.60528e-08
5.86595e-07
8.1294e-08
6.07366e-07
6.68102e-08
6.26731e-07
5.26074e-08
6.4473e-07
3.8692e-08
6.61356e-07
2.5084e-08
6.7651e-07
1.185e-08
6.8994e-07
-8.38985e-10
7.01308e-07
-1.2778e-08
7.10299e-07
-2.38014e-08
7.16665e-07
-3.37708e-08
7.20269e-07
-4.25877e-08
7.21095e-07
-5.01943e-08
7.19254e-07
-5.65712e-08
7.14968e-07
-6.17282e-08
7.0854e-07
-6.56934e-08
7.00326e-07
-6.84999e-08
6.90704e-07
-7.01771e-08
6.80044e-07
-7.07445e-08
6.68697e-07
-7.02119e-08
6.56977e-07
-6.85908e-08
6.45155e-07
-6.58939e-08
6.33495e-07
-6.2194e-08
6.22163e-07
-5.752e-08
-5.21211e-08
6.1155e-07
1.49934e-06
-4.99297e-09
1.5036e-06
-4.08963e-09
1.508e-06
-3.22234e-09
1.51253e-06
-2.51389e-09
1.51719e-06
-2.06094e-09
1.52197e-06
-1.90291e-09
1.52683e-06
-2.07935e-09
1.53175e-06
-2.64982e-09
1.53668e-06
-3.67896e-09
1.54154e-06
-5.23141e-09
1.54628e-06
-7.37144e-09
1.55081e-06
-1.0165e-08
1.55505e-06
-1.36764e-08
1.55891e-06
-1.79652e-08
1.5623e-06
-2.30851e-08
1.56514e-06
-2.90825e-08
1.56734e-06
-3.59952e-08
1.56886e-06
-4.38516e-08
1.56963e-06
-5.26695e-08
1.56964e-06
-6.24555e-08
1.56886e-06
-7.32036e-08
1.56733e-06
-8.4894e-08
1.56509e-06
-9.74907e-08
1.56219e-06
-1.10939e-07
1.55872e-06
-1.25162e-07
1.55474e-06
-1.40053e-07
1.5503e-06
-1.55474e-07
1.54541e-06
-1.71246e-07
1.54e-06
-1.87143e-07
1.53392e-06
-2.02888e-07
1.5269e-06
-2.18152e-07
1.51854e-06
-2.32556e-07
1.50832e-06
-2.45681e-07
1.49563e-06
-2.5709e-07
1.47982e-06
-2.66353e-07
1.46028e-06
-2.7308e-07
1.43649e-06
-2.76961e-07
1.40816e-06
-2.77795e-07
1.37527e-06
-2.75515e-07
1.33813e-06
-2.70193e-07
1.29745e-06
-2.62021e-07
1.25425e-06
-2.51267e-07
1.20985e-06
-2.38198e-07
1.16574e-06
-2.22989e-07
1.12339e-06
-2.05652e-07
1.0841e-06
-1.86013e-07
1.0488e-06
-1.63802e-07
1.01799e-06
-1.38851e-07
9.91811e-07
-1.11298e-07
9.70165e-07
-8.16632e-08
9.5273e-07
-5.07293e-08
9.38995e-07
-1.94015e-08
9.28471e-07
1.11898e-08
9.20665e-07
3.98714e-08
9.15016e-07
6.55349e-08
9.11024e-07
8.72554e-08
9.08277e-07
1.04447e-07
9.06466e-07
1.16855e-07
9.05372e-07
1.24546e-07
9.04852e-07
1.27845e-07
9.04817e-07
1.2726e-07
9.05216e-07
1.23404e-07
9.06015e-07
1.16911e-07
9.07192e-07
1.08388e-07
9.0872e-07
9.83748e-08
9.10564e-07
8.73275e-08
9.12673e-07
7.56106e-08
9.1498e-07
6.34995e-08
9.17392e-07
5.11911e-08
9.19795e-07
3.88161e-08
9.22038e-07
2.64504e-08
9.23935e-07
1.41281e-08
9.25264e-07
1.85135e-09
9.25743e-07
-1.03407e-08
9.25029e-07
-2.23814e-08
9.22685e-07
-3.41426e-08
9.18153e-07
-4.54231e-08
9.10752e-07
-5.59639e-08
8.99706e-07
-6.54812e-08
8.84203e-07
-7.37282e-08
8.6348e-07
-8.05319e-08
8.36934e-07
-8.58008e-08
8.04346e-07
-8.95749e-08
7.6625e-07
-9.22112e-08
7.24293e-07
-9.46061e-08
6.8117e-07
-9.80438e-08
6.39846e-07
-1.03372e-07
6.02417e-07
-1.09969e-07
5.69442e-07
-1.15472e-07
5.40214e-07
-1.16621e-07
5.13567e-07
-1.10444e-07
4.88527e-07
-9.48944e-08
4.64546e-07
-6.87807e-08
4.41518e-07
-3.14048e-08
4.1998e-07
1.73189e-08
4.01412e-07
7.60779e-08
3.88291e-07
1.40967e-07
3.83628e-07
2.04185e-07
3.89752e-07
2.53749e-07
4.06076e-07
2.75862e-07
4.27238e-07
2.60898e-07
4.4367e-07
2.09566e-07
4.44662e-07
1.32974e-07
4.21562e-07
4.51743e-08
3.69653e-07
-4.59611e-08
2.89947e-07
-1.39227e-07
1.8971e-07
-2.3613e-07
8.16312e-08
-3.33837e-07
-1.9502e-08
-4.20424e-07
-1.0575e-07
-4.78002e-07
-1.78597e-07
-5.02342e-07
-2.42331e-07
-5.00291e-07
-3.00853e-07
-4.80612e-07
-3.56349e-07
-4.50495e-07
-4.09285e-07
-4.14628e-07
-4.59106e-07
-3.75505e-07
-5.04873e-07
-3.34385e-07
-5.45655e-07
-2.91987e-07
-5.80695e-07
-2.48853e-07
-6.09443e-07
-2.0548e-07
-6.31546e-07
-1.62352e-07
-6.46811e-07
-1.19938e-07
-6.552e-07
-7.86962e-08
-6.56835e-07
-3.90082e-08
-6.51746e-07
-1.35204e-09
-6.40272e-07
3.43171e-08
-6.22745e-07
6.76707e-08
-5.99564e-07
9.85208e-08
-5.71185e-07
1.26704e-07
-5.38103e-07
1.52093e-07
-5.00846e-07
1.74595e-07
-4.59961e-07
1.94157e-07
-4.15998e-07
2.10768e-07
-3.69507e-07
2.24455e-07
-3.21021e-07
2.35278e-07
-2.71054e-07
2.43332e-07
-2.20085e-07
2.48732e-07
-1.68565e-07
2.51624e-07
-1.16912e-07
2.5217e-07
-6.55001e-08
2.5054e-07
-1.47381e-08
2.469e-07
3.50103e-08
2.41296e-07
8.353e-08
2.33907e-07
1.30584e-07
2.25067e-07
1.75979e-07
2.14987e-07
2.19569e-07
2.03878e-07
2.61249e-07
1.91939e-07
3.00953e-07
1.79355e-07
3.38647e-07
1.66293e-07
3.74329e-07
1.529e-07
4.08019e-07
1.39307e-07
4.39757e-07
1.25624e-07
4.69592e-07
1.11944e-07
4.97578e-07
9.83432e-08
5.23764e-07
8.48864e-08
5.48191e-07
7.16266e-08
5.70873e-07
5.86119e-08
5.91792e-07
4.58905e-08
6.10881e-07
3.35187e-08
6.28002e-07
2.15714e-08
6.42932e-07
1.01537e-08
6.55341e-07
-5.584e-10
6.64904e-07
-1.04028e-08
6.71425e-07
-1.92987e-08
6.74824e-07
-2.72004e-08
6.75152e-07
-3.4099e-08
6.72579e-07
-4.00147e-08
6.67374e-07
-4.49886e-08
6.59875e-07
-4.90721e-08
6.50463e-07
-5.23163e-08
6.39531e-07
-5.4762e-08
6.27464e-07
-5.64327e-08
6.14619e-07
-5.73317e-08
6.01318e-07
-5.74441e-08
5.87849e-07
-5.67423e-08
5.74463e-07
-5.52053e-08
5.61382e-07
-5.28128e-08
5.48833e-07
-4.96448e-08
5.36973e-07
-4.56601e-08
-4.13553e-08
5.26207e-07
1.50362e-06
-9.07511e-09
1.50788e-06
-8.34407e-09
1.51225e-06
-7.59297e-09
1.51675e-06
-7.01446e-09
1.52137e-06
-6.68612e-09
1.52609e-06
-6.62014e-09
1.53087e-06
-6.85585e-09
1.53567e-06
-7.45092e-09
1.54045e-06
-8.46015e-09
1.54515e-06
-9.93729e-09
1.54972e-06
-1.19396e-08
1.55408e-06
-1.4527e-08
1.55817e-06
-1.77594e-08
1.5619e-06
-2.16941e-08
1.5652e-06
-2.63849e-08
1.56799e-06
-3.18803e-08
1.57022e-06
-3.82226e-08
1.57182e-06
-4.54455e-08
1.57272e-06
-5.35727e-08
1.57288e-06
-6.26156e-08
1.57225e-06
-7.25702e-08
1.57077e-06
-8.34141e-08
1.56838e-06
-9.51013e-08
1.56499e-06
-1.07557e-07
1.5605e-06
-1.20672e-07
1.55475e-06
-1.34295e-07
1.5475e-06
-1.48225e-07
1.53846e-06
-1.6221e-07
1.52726e-06
-1.75941e-07
1.51343e-06
-1.89059e-07
1.49644e-06
-2.0116e-07
1.4757e-06
-2.1182e-07
1.45064e-06
-2.20619e-07
1.42073e-06
-2.27177e-07
1.38557e-06
-2.31194e-07
1.34497e-06
-2.3248e-07
1.299e-06
-2.30992e-07
1.24804e-06
-2.2684e-07
1.19282e-06
-2.20294e-07
1.13439e-06
-2.11762e-07
1.07412e-06
-2.01749e-07
1.01363e-06
-1.90785e-07
9.54748e-07
-1.79311e-07
8.99287e-07
-1.67528e-07
8.48893e-07
-1.55258e-07
8.04783e-07
-1.41903e-07
7.67566e-07
-1.26585e-07
7.37268e-07
-1.08553e-07
7.13554e-07
-8.75844e-08
6.95952e-07
-6.40615e-08
6.83962e-07
-3.87393e-08
6.7704e-07
-1.24787e-08
6.74799e-07
1.343e-08
6.76468e-07
3.82026e-08
6.81312e-07
6.06914e-08
6.88603e-07
7.99643e-08
6.97675e-07
9.53742e-08
7.07949e-07
1.06582e-07
7.18932e-07
1.13563e-07
7.30224e-07
1.16553e-07
7.41508e-07
1.15976e-07
7.52543e-07
1.12369e-07
7.63147e-07
1.06307e-07
7.73191e-07
9.83441e-08
7.82576e-07
8.89894e-08
7.91224e-07
7.86803e-08
7.99058e-07
6.77759e-08
8.06001e-07
5.65571e-08
8.11955e-07
4.52368e-08
8.16799e-07
3.39719e-08
8.20377e-07
2.28731e-08
8.22493e-07
1.20122e-08
8.22902e-07
1.44198e-09
8.21304e-07
-8.74255e-09
8.17349e-07
-1.84263e-08
8.10624e-07
-2.74179e-08
8.00659e-07
-3.54581e-08
7.86953e-07
-4.22579e-08
7.69013e-07
-4.75411e-08
7.46404e-07
-5.11191e-08
7.1882e-07
-5.29482e-08
6.86249e-07
-5.32294e-08
6.49283e-07
-5.2609e-08
6.09469e-07
-5.2397e-08
5.69284e-07
-5.44214e-08
5.31388e-07
-6.01481e-08
4.97469e-07
-6.94532e-08
4.6764e-07
-8.01397e-08
4.40898e-07
-8.87297e-08
4.161e-07
-9.18235e-08
3.92626e-07
-8.69695e-08
3.70397e-07
-7.26656e-08
3.49867e-07
-4.82505e-08
3.32165e-07
-1.3703e-08
3.18954e-07
3.05295e-08
3.12521e-07
8.25107e-08
3.1559e-07
1.37898e-07
3.3052e-07
1.89255e-07
3.5795e-07
2.26319e-07
3.95114e-07
2.38698e-07
4.35148e-07
2.20864e-07
4.68541e-07
1.76173e-07
4.85749e-07
1.15766e-07
4.79297e-07
5.16265e-08
4.43434e-07
-1.00977e-08
3.75769e-07
-7.15617e-08
2.78644e-07
-1.39005e-07
1.60874e-07
-2.16067e-07
3.80829e-08
-2.97634e-07
-7.30092e-08
-3.6691e-07
-1.66731e-07
-4.0862e-07
-2.45091e-07
-4.21931e-07
-3.12343e-07
-4.13359e-07
-3.72447e-07
-3.90392e-07
-4.27764e-07
-3.5931e-07
-4.7912e-07
-3.2415e-07
-5.2629e-07
-2.87214e-07
-5.68571e-07
-2.49707e-07
-6.0518e-07
-2.12244e-07
-6.3547e-07
-1.7519e-07
-6.58999e-07
-1.38823e-07
-6.75519e-07
-1.03418e-07
-6.84981e-07
-6.92347e-08
-6.87413e-07
-3.6576e-08
-6.83022e-07
-5.74318e-09
-6.72054e-07
2.33497e-08
-6.54881e-07
5.04972e-08
-6.3192e-07
7.55596e-08
-6.03636e-07
9.84212e-08
-5.70537e-07
1.18994e-07
-5.33158e-07
1.37215e-07
-4.9205e-07
1.5305e-07
-4.47774e-07
1.66492e-07
-4.00884e-07
1.77564e-07
-3.51921e-07
1.86316e-07
-3.01408e-07
1.92819e-07
-2.49838e-07
1.97162e-07
-1.97666e-07
1.99452e-07
-1.45327e-07
1.99831e-07
-9.3201e-08
1.98414e-07
-4.16435e-08
1.95343e-07
8.94979e-09
1.90702e-07
5.83219e-08
1.84535e-07
1.06262e-07
1.77127e-07
1.52563e-07
1.68686e-07
1.9707e-07
1.59371e-07
2.39669e-07
1.4934e-07
2.80284e-07
1.38739e-07
3.18873e-07
1.27704e-07
3.55415e-07
1.16359e-07
3.89903e-07
1.04819e-07
4.22337e-07
9.31904e-08
4.52707e-07
8.15732e-08
4.8099e-07
7.00602e-08
5.07135e-07
5.87413e-08
5.31056e-07
4.77055e-08
5.52625e-07
3.70432e-08
5.71669e-07
2.68464e-08
5.87977e-07
1.72104e-08
6.01306e-07
8.2429e-09
6.11405e-07
5.44732e-11
6.18133e-07
-7.28604e-09
6.21515e-07
-1.3785e-08
6.2169e-07
-1.94742e-08
6.18896e-07
-2.44062e-08
6.13442e-07
-2.86446e-08
6.05684e-07
-3.2257e-08
5.96001e-07
-3.5306e-08
5.84772e-07
-3.78423e-08
5.72353e-07
-3.98978e-08
5.59074e-07
-4.14827e-08
5.45226e-07
-4.2585e-08
5.31068e-07
-4.31732e-08
5.16827e-07
-4.32036e-08
5.02711e-07
-4.26265e-08
4.88914e-07
-4.1408e-08
4.75619e-07
-3.95182e-08
4.63036e-07
-3.70612e-08
4.51339e-07
-3.39634e-08
-3.09594e-08
4.40943e-07
1.51445e-06
-1.36187e-08
1.51892e-06
-1.28182e-08
1.52338e-06
-1.20551e-08
1.52794e-06
-1.1566e-08
1.53257e-06
-1.13207e-08
1.53725e-06
-1.13004e-08
1.54194e-06
-1.1549e-08
1.54661e-06
-1.21153e-08
1.55119e-06
-1.30397e-08
1.55562e-06
-1.43654e-08
1.55982e-06
-1.61408e-08
1.56371e-06
-1.84161e-08
1.56719e-06
-2.12404e-08
1.57015e-06
-2.46607e-08
1.57249e-06
-2.87205e-08
1.57407e-06
-3.34584e-08
1.57475e-06
-3.89063e-08
1.57439e-06
-4.50874e-08
1.57284e-06
-5.20143e-08
1.56991e-06
-5.96859e-08
1.56542e-06
-6.80836e-08
1.55917e-06
-7.71676e-08
1.55094e-06
-8.68704e-08
1.54048e-06
-9.70909e-08
1.52749e-06
-1.07688e-07
1.51167e-06
-1.18472e-07
1.49265e-06
-1.29205e-07
1.47003e-06
-1.39594e-07
1.44339e-06
-1.49302e-07
1.4123e-06
-1.57963e-07
1.37634e-06
-1.65198e-07
1.33517e-06
-1.70655e-07
1.2886e-06
-1.74043e-07
1.23658e-06
-1.75164e-07
1.17934e-06
-1.73948e-07
1.11733e-06
-1.70474e-07
1.0513e-06
-1.64967e-07
9.82262e-07
-1.57798e-07
9.1143e-07
-1.49461e-07
8.40216e-07
-1.40548e-07
7.70173e-07
-1.31705e-07
7.02957e-07
-1.2357e-07
6.40265e-07
-1.16619e-07
5.83681e-07
-1.10943e-07
5.34457e-07
-1.06034e-07
4.93264e-07
-1.0071e-07
4.60036e-07
-9.33565e-08
4.3418e-07
-8.26972e-08
4.14977e-07
-6.8381e-08
4.01868e-07
-5.09527e-08
3.94605e-07
-3.14767e-08
3.92758e-07
-1.06317e-08
3.96554e-07
9.63466e-09
4.05105e-07
2.96511e-08
4.17787e-07
4.80099e-08
4.33807e-07
6.39439e-08
4.52356e-07
7.68255e-08
4.72642e-07
8.62957e-08
4.9392e-07
9.2284e-08
5.15533e-07
9.49408e-08
5.36914e-07
9.4595e-08
5.57593e-07
9.16898e-08
5.77203e-07
8.66961e-08
5.95467e-07
8.00806e-08
6.12175e-07
7.22813e-08
6.27168e-07
6.36877e-08
6.40318e-07
5.4626e-08
6.51514e-07
4.5361e-08
6.60645e-07
3.61058e-08
6.67586e-07
2.70304e-08
6.72192e-07
1.82676e-08
6.74287e-07
9.91678e-09
6.73673e-07
2.05608e-09
6.70082e-07
-5.15121e-09
6.63317e-07
-1.16614e-08
6.53169e-07
-1.72704e-08
6.39496e-07
-2.17846e-08
6.22219e-07
-2.49811e-08
6.0132e-07
-2.6642e-08
5.76859e-07
-2.6658e-08
5.49061e-07
-2.515e-08
5.18545e-07
-2.2714e-08
4.86566e-07
-2.06298e-08
4.54929e-07
-2.07599e-08
4.2531e-07
-2.48024e-08
3.98383e-07
-3.32214e-08
3.73562e-07
-4.46317e-08
3.49658e-07
-5.62358e-08
3.25828e-07
-6.48996e-08
3.02063e-07
-6.80586e-08
2.79137e-07
-6.40432e-08
2.58304e-07
-5.18328e-08
2.40819e-07
-3.07656e-08
2.29251e-07
-2.13509e-09
2.25535e-07
3.42458e-08
2.32196e-07
7.58493e-08
2.51515e-07
1.18579e-07
2.84639e-07
1.56131e-07
3.30389e-07
1.8057e-07
3.84256e-07
1.8483e-07
4.3865e-07
1.66471e-07
4.84806e-07
1.30017e-07
5.15303e-07
8.52691e-08
5.24721e-07
4.22082e-08
5.08687e-07
5.93629e-09
4.63205e-07
-2.60798e-08
3.8578e-07
-6.15796e-08
2.77916e-07
-1.08203e-07
1.47972e-07
-1.6769e-07
1.33286e-08
-2.32267e-07
-1.09236e-07
-2.86056e-07
-2.1363e-07
-3.17537e-07
-3.0077e-07
-3.26219e-07
-3.7408e-07
-3.17082e-07
-4.37087e-07
-2.96303e-07
-4.92498e-07
-2.68739e-07
-5.41794e-07
-2.37918e-07
-5.854e-07
-2.06101e-07
-6.23113e-07
-1.74531e-07
-6.5449e-07
-1.43813e-07
-6.79105e-07
-1.14208e-07
-6.9667e-07
-8.58524e-08
-7.07077e-07
-5.88278e-08
-7.10354e-07
-3.32992e-08
-7.06684e-07
-9.41286e-09
-6.96306e-07
1.29709e-08
-6.79604e-07
3.37956e-08
-6.57006e-07
5.29622e-08
-6.28985e-07
7.03992e-08
-5.9605e-07
8.60596e-08
-5.58746e-07
9.99103e-08
-5.17629e-07
1.11933e-07
-4.73262e-07
1.22125e-07
-4.26204e-07
1.30507e-07
-3.77001e-07
1.37112e-07
-3.26177e-07
1.41995e-07
-2.74235e-07
1.4522e-07
-2.21644e-07
1.46861e-07
-1.68826e-07
1.47012e-07
-1.16197e-07
1.45786e-07
-6.41017e-08
1.43247e-07
-1.28922e-08
1.39493e-07
3.71249e-08
1.34518e-07
8.57424e-08
1.28509e-07
1.32734e-07
1.21695e-07
1.77912e-07
1.14192e-07
2.21123e-07
1.06129e-07
2.62241e-07
9.76213e-08
3.01162e-07
8.87832e-08
3.37789e-07
7.97313e-08
3.72026e-07
7.05821e-08
4.03764e-07
6.14518e-08
4.32883e-07
5.24543e-08
4.59243e-07
4.37003e-08
4.82689e-07
3.5295e-08
5.0306e-07
2.73349e-08
5.20201e-07
1.99026e-08
5.33984e-07
1.30633e-08
5.44334e-07
6.86018e-09
5.51221e-07
1.3556e-09
5.54775e-07
-3.49868e-09
5.55231e-07
-7.74238e-09
5.52879e-07
-1.14335e-08
5.48045e-07
-1.46394e-08
5.41066e-07
-1.74273e-08
5.32281e-07
-1.98602e-08
5.22017e-07
-2.19922e-08
5.10573e-07
-2.38624e-08
4.98223e-07
-2.54919e-08
4.85206e-07
-2.68817e-08
4.71737e-07
-2.80131e-08
4.58002e-07
-2.885e-08
4.44174e-07
-2.93449e-08
4.30415e-07
-2.94456e-08
4.1689e-07
-2.9101e-08
4.03763e-07
-2.82816e-08
3.91206e-07
-2.69606e-08
3.79409e-07
-2.52647e-08
3.68574e-07
-2.31281e-08
-2.14603e-08
3.59075e-07
1.52832e-06
-1.65083e-08
1.53064e-06
-1.51415e-08
1.53262e-06
-1.40325e-08
1.53439e-06
-1.33371e-08
1.53595e-06
-1.28756e-08
1.53729e-06
-1.26406e-08
1.5384e-06
-1.2667e-08
1.53925e-06
-1.29652e-08
1.53976e-06
-1.35462e-08
1.53983e-06
-1.44356e-08
1.53936e-06
-1.56666e-08
1.53821e-06
-1.72733e-08
1.53626e-06
-1.92891e-08
1.53335e-06
-2.17465e-08
1.5293e-06
-2.46754e-08
1.52395e-06
-2.81021e-08
1.51709e-06
-3.20468e-08
1.50852e-06
-3.65214e-08
1.49803e-06
-4.15269e-08
1.4854e-06
-4.70498e-08
1.47037e-06
-5.30575e-08
1.4527e-06
-5.94937e-08
1.4321e-06
-6.62724e-08
1.40828e-06
-7.32728e-08
1.38093e-06
-8.03347e-08
1.34971e-06
-8.72574e-08
1.31431e-06
-9.38017e-08
1.27442e-06
-9.9699e-08
1.22978e-06
-1.04667e-07
1.18025e-06
-1.0843e-07
1.1258e-06
-1.10751e-07
1.0666e-06
-1.11457e-07
1.00303e-06
-1.10468e-07
9.35678e-07
-1.07813e-07
8.65371e-07
-1.03641e-07
7.93111e-07
-9.82144e-08
7.20034e-07
-9.18892e-08
6.47334e-07
-8.50975e-08
5.76197e-07
-7.83245e-08
5.07741e-07
-7.20923e-08
4.42981e-07
-6.69453e-08
3.8285e-07
-6.34379e-08
3.28169e-07
-6.19385e-08
2.79574e-07
-6.23476e-08
2.37462e-07
-6.3922e-08
2.0195e-07
-6.51984e-08
1.72797e-07
-6.42032e-08
1.49698e-07
-5.95983e-08
1.32415e-07
-5.10984e-08
1.20875e-07
-3.94127e-08
1.14987e-07
-2.55883e-08
1.14825e-07
-1.04696e-08
1.20709e-07
3.75017e-09
1.324e-07
1.79608e-08
1.49343e-07
3.10668e-08
1.70634e-07
4.26526e-08
1.95347e-07
5.2112e-08
2.22515e-07
5.91276e-08
2.51164e-07
6.36355e-08
2.80397e-07
6.57073e-08
3.09408e-07
6.55838e-08
3.37498e-07
6.36007e-08
3.64113e-07
6.00809e-08
3.88821e-07
5.5372e-08
4.11293e-07
4.981e-08
4.31265e-07
4.37152e-08
4.48548e-07
3.73429e-08
4.63001e-07
3.0908e-08
4.74513e-07
2.45945e-08
4.82984e-07
1.85586e-08
4.88325e-07
1.29274e-08
4.90447e-07
7.79471e-09
4.89318e-07
3.18506e-09
4.84785e-07
-6.18807e-10
4.77053e-07
-3.92875e-09
4.66293e-07
-6.51036e-09
4.52814e-07
-8.30557e-09
4.36972e-07
-9.13959e-09
4.19175e-07
-8.8448e-09
3.99964e-07
-7.44748e-09
3.80064e-07
-5.24977e-09
3.6042e-07
-3.07039e-09
3.41895e-07
-2.10402e-09
3.24753e-07
-3.61849e-09
3.08271e-07
-8.32016e-09
2.9104e-07
-1.59902e-08
2.71728e-07
-2.53198e-08
2.49848e-07
-3.43558e-08
2.25972e-07
-4.10238e-08
2.01582e-07
-4.36683e-08
1.78647e-07
-4.11085e-08
1.59206e-07
-3.23921e-08
1.45167e-07
-1.6726e-08
1.4037e-07
2.66147e-09
1.4634e-07
2.82764e-08
1.65429e-07
5.67602e-08
1.99066e-07
8.49423e-08
2.46991e-07
1.08205e-07
3.06333e-07
1.21228e-07
3.71264e-07
1.19899e-07
4.33944e-07
1.03791e-07
4.86659e-07
7.73015e-08
5.23899e-07
4.80295e-08
5.42932e-07
2.31751e-08
5.42705e-07
6.16336e-09
5.21453e-07
-4.82806e-09
4.75613e-07
-1.57395e-08
4.00781e-07
-3.33714e-08
2.95257e-07
-6.21652e-08
1.64517e-07
-1.01527e-07
2.37178e-08
-1.45256e-07
-1.10587e-07
-1.83232e-07
-2.29151e-07
-2.07655e-07
-3.30188e-07
-2.16045e-07
-4.14653e-07
-2.11838e-07
-4.8496e-07
-1.98432e-07
-5.43662e-07
-1.79216e-07
-5.9274e-07
-1.57023e-07
-6.33474e-07
-1.33797e-07
-6.6656e-07
-1.10728e-07
-6.92292e-07
-8.84753e-08
-7.10765e-07
-6.738e-08
-7.22005e-07
-4.7587e-08
-7.26099e-07
-2.92052e-08
-7.23225e-07
-1.22872e-08
-7.13523e-07
3.26888e-09
-6.97389e-07
1.76618e-08
-6.75257e-07
3.08297e-08
-6.47602e-07
4.27445e-08
-6.14948e-07
5.34055e-08
-5.77845e-07
6.28072e-08
-5.36857e-07
7.09451e-08
-4.92553e-07
7.78215e-08
-4.45496e-07
8.34495e-08
-3.96237e-07
8.78527e-08
-3.45308e-07
9.10661e-08
-2.93221e-07
9.31331e-08
-2.40456e-07
9.40964e-08
-1.87455e-07
9.40113e-08
-1.34666e-07
9.29971e-08
-8.2452e-08
9.10332e-08
-3.11876e-08
8.82284e-08
1.87686e-08
8.45614e-08
6.7162e-08
8.01157e-08
1.1372e-07
7.5137e-08
1.58168e-07
6.97435e-08
2.0025e-07
6.40476e-08
2.39746e-07
5.81251e-08
2.76463e-07
5.20667e-08
3.10223e-07
4.59707e-08
3.4087e-07
3.99357e-08
3.68265e-07
3.40561e-08
3.92302e-07
2.84172e-08
4.1291e-07
2.30928e-08
4.30063e-07
1.81423e-08
4.43789e-07
1.36089e-08
4.54173e-07
9.51855e-09
4.61359e-07
5.87703e-09
4.65574e-07
2.64482e-09
4.67032e-07
-1.01639e-10
4.66077e-07
-2.54412e-09
4.62999e-07
-4.66409e-09
4.5808e-07
-6.51483e-09
4.51582e-07
-8.14121e-09
4.43742e-07
-9.58792e-09
4.34776e-07
-1.08941e-08
4.24874e-07
-1.209e-08
4.14206e-07
-1.31938e-08
4.02924e-07
-1.42098e-08
3.9117e-07
-1.51282e-08
3.79082e-07
-1.59256e-08
3.668e-07
-1.65675e-08
3.54467e-07
-1.70115e-08
3.42235e-07
-1.72145e-08
3.30268e-07
-1.71338e-08
3.18736e-07
-1.67496e-08
3.07814e-07
-1.60387e-08
2.9766e-07
-1.51103e-08
2.88421e-07
-1.38891e-08
-1.34513e-08
2.80412e-07
1.41836e-06
-7.35117e-09
1.40897e-06
-5.75211e-09
1.40004e-06
-5.10163e-09
1.39149e-06
-4.79346e-09
1.38323e-06
-4.61104e-09
1.37523e-06
-4.64199e-09
1.36747e-06
-4.909e-09
1.35989e-06
-5.37816e-09
1.35237e-06
-6.0283e-09
1.3448e-06
-6.86324e-09
1.33702e-06
-7.89493e-09
1.32889e-06
-9.13628e-09
1.3202e-06
-1.05991e-08
1.31074e-06
-1.22933e-08
1.30029e-06
-1.42261e-08
1.28859e-06
-1.63999e-08
1.27536e-06
-1.88106e-08
1.26028e-06
-2.14468e-08
1.24304e-06
-2.42871e-08
1.22329e-06
-2.7299e-08
1.20067e-06
-3.04365e-08
1.17481e-06
-3.36387e-08
1.14537e-06
-3.6828e-08
1.11201e-06
-3.99101e-08
1.07445e-06
-4.27751e-08
1.03249e-06
-4.53005e-08
9.86047e-07
-4.73577e-08
9.35169e-07
-4.88208e-08
8.80082e-07
-4.95794e-08
8.21202e-07
-4.95508e-08
7.59145e-07
-4.86944e-08
6.9471e-07
-4.70221e-08
6.28847e-07
-4.46049e-08
5.62607e-07
-4.15721e-08
4.97069e-07
-3.8104e-08
4.33272e-07
-3.44174e-08
3.72132e-07
-3.07485e-08
3.14368e-07
-2.73337e-08
2.60438e-07
-2.4395e-08
2.10481e-07
-2.21351e-08
1.64254e-07
-2.07185e-08
1.21285e-07
-2.04689e-08
8.08558e-08
-2.15088e-08
4.21792e-08
-2.3671e-08
4.83475e-09
-2.65776e-08
-3.0683e-08
-2.96807e-08
-6.29679e-08
-3.19184e-08
-9.05201e-08
-3.20461e-08
-1.12009e-07
-2.96094e-08
-1.26646e-07
-2.4776e-08
-1.34315e-07
-1.79188e-08
-1.35137e-07
-9.64765e-09
-1.29937e-07
-1.45057e-09
-1.17541e-07
5.56546e-09
-9.91105e-08
1.26362e-08
-7.51301e-08
1.86722e-08
-4.67582e-08
2.37402e-08
-1.53457e-08
2.77151e-08
1.78593e-08
3.04306e-08
5.16646e-08
3.1902e-08
8.51188e-08
3.21297e-08
1.17393e-07
3.13266e-08
1.47915e-07
2.95586e-08
1.76165e-07
2.71219e-08
2.01732e-07
2.42436e-08
2.24253e-07
2.11942e-08
2.43518e-07
1.80771e-08
2.59416e-07
1.50103e-08
2.7191e-07
1.21007e-08
2.81037e-07
9.43124e-09
2.86902e-07
7.0623e-09
2.89682e-07
5.01477e-09
2.89582e-07
3.28544e-09
2.8704e-07
1.92266e-09
2.82321e-07
7.90231e-10
2.75811e-07
-5.00734e-14
2.68031e-07
-5.25555e-10
2.59566e-07
-6.74229e-10
2.51068e-07
-3.4728e-10
2.43295e-07
3.25404e-10
2.36727e-07
1.31824e-09
2.31487e-07
2.17008e-09
2.27149e-07
2.23406e-09
2.22455e-07
1.07544e-09
2.15433e-07
-1.29868e-09
2.0438e-07
-4.93717e-09
1.884e-07
-9.33925e-09
1.67842e-07
-1.37984e-08
1.44294e-07
-1.74756e-08
1.20188e-07
-1.95622e-08
9.81562e-08
-1.90766e-08
8.10462e-08
-1.52821e-08
7.20746e-08
-7.75437e-09
7.28927e-08
1.8433e-09
8.66514e-08
1.45178e-08
1.15002e-07
2.84091e-08
1.5832e-07
4.16243e-08
2.14818e-07
5.17079e-08
2.79954e-07
5.60911e-08
3.46698e-07
5.31554e-08
4.07094e-07
4.33959e-08
4.5472e-07
2.96748e-08
4.86695e-07
1.60546e-08
5.03936e-07
5.93435e-09
5.09402e-07
6.96987e-10
5.05329e-07
-7.54818e-10
4.90675e-07
-1.08521e-09
4.60293e-07
-2.98946e-09
4.06839e-07
-8.71142e-09
3.247e-07
-1.93871e-08
2.14399e-07
-3.49557e-08
8.47732e-08
-5.36065e-08
-5.03018e-08
-7.25801e-08
-1.7857e-07
-8.77763e-08
-2.93758e-07
-9.665e-08
-3.93803e-07
-9.83875e-08
-4.78371e-07
-9.46478e-08
-5.48017e-07
-8.73767e-08
-6.03892e-07
-7.79213e-08
-6.47385e-07
-6.72355e-08
-6.79886e-07
-5.59739e-08
-7.02683e-07
-4.45838e-08
-7.16895e-07
-3.3375e-08
-7.23472e-07
-2.26279e-08
-7.23147e-07
-1.26121e-08
-7.16204e-07
-3.67358e-09
-7.02639e-07
4.09615e-09
-6.82701e-07
1.08922e-08
-6.56929e-07
1.69726e-08
-6.25912e-07
2.23879e-08
-5.9025e-07
2.71451e-08
-5.50549e-07
3.12448e-08
-5.07417e-07
3.46891e-08
-4.61452e-07
3.74846e-08
-4.13242e-07
3.96432e-08
-3.6336e-07
4.11833e-08
-3.12355e-07
4.21287e-08
-2.60771e-07
4.25124e-08
-2.09142e-07
4.23826e-08
-1.5789e-07
4.17447e-08
-1.07555e-07
4.06983e-08
-5.85998e-08
3.92731e-08
-1.15272e-08
3.74888e-08
3.32936e-08
3.52949e-08
7.56498e-08
3.27809e-08
1.15302e-07
3.00917e-08
1.51947e-07
2.74026e-08
1.85401e-07
2.46705e-08
2.15542e-07
2.19264e-08
2.423e-07
1.92122e-08
2.65666e-07
1.65694e-08
2.85688e-07
1.40346e-08
3.02467e-07
1.16381e-08
3.16157e-07
9.40311e-09
3.26953e-07
7.34561e-09
3.35088e-07
5.47455e-09
3.40814e-07
3.7925e-09
3.44395e-07
2.29582e-09
3.46058e-07
9.81559e-10
3.46065e-07
-1.08968e-10
3.44554e-07
-1.03312e-09
3.41706e-07
-1.81551e-09
3.37682e-07
-2.49088e-09
3.32626e-07
-3.08563e-09
3.2666e-07
-3.62184e-09
3.19884e-07
-4.11795e-09
3.12382e-07
-4.58793e-09
3.04229e-07
-5.04047e-09
2.95497e-07
-5.47817e-09
2.86266e-07
-5.89727e-09
2.76628e-07
-6.28791e-09
2.66696e-07
-6.63535e-09
2.56605e-07
-6.92016e-09
2.46512e-07
-7.12117e-09
2.3659e-07
-7.21273e-09
2.27029e-07
-7.188e-09
2.17996e-07
-7.00627e-09
2.09681e-07
-6.79478e-09
2.01882e-07
-6.09058e-09
-6.65619e-09
1.95087e-07
1.01087e-06
1.00512e-06
1.00002e-06
9.95228e-07
9.90616e-07
9.85974e-07
9.81065e-07
9.75687e-07
9.69659e-07
9.62796e-07
9.54901e-07
9.45765e-07
9.35166e-07
9.22872e-07
9.08646e-07
8.92246e-07
8.73436e-07
8.51989e-07
8.27702e-07
8.00403e-07
7.69966e-07
7.36327e-07
6.99499e-07
6.59589e-07
6.16814e-07
5.71514e-07
5.24156e-07
4.75335e-07
4.25756e-07
3.76205e-07
3.27511e-07
2.80488e-07
2.35884e-07
1.94311e-07
1.56207e-07
1.2179e-07
9.10414e-08
6.37077e-08
3.93127e-08
1.71777e-08
-3.54079e-09
-2.40097e-08
-4.55186e-08
-6.91896e-08
-9.57671e-08
-1.25448e-07
-1.57366e-07
-1.89412e-07
-2.19022e-07
-2.43798e-07
-2.61716e-07
-2.71364e-07
-2.72815e-07
-2.67249e-07
-2.54613e-07
-2.35941e-07
-2.12201e-07
-1.84486e-07
-1.54055e-07
-1.22153e-07
-9.00234e-08
-5.86968e-08
-2.91382e-08
-2.0163e-09
2.22273e-08
4.34214e-08
6.14986e-08
7.65089e-08
8.86096e-08
9.80408e-08
1.05103e-07
1.10118e-07
1.13403e-07
1.15326e-07
1.16116e-07
1.16116e-07
1.15591e-07
1.14916e-07
1.14569e-07
1.14895e-07
1.16213e-07
1.18383e-07
1.20617e-07
1.21692e-07
1.20394e-07
1.15457e-07
1.06117e-07
9.23189e-08
7.48432e-08
5.5281e-08
3.62044e-08
2.09222e-08
1.31679e-08
1.50112e-08
2.9529e-08
5.79381e-08
9.95624e-08
1.5127e-07
2.07361e-07
2.60517e-07
3.03913e-07
3.33587e-07
3.49642e-07
3.55576e-07
3.56273e-07
3.55519e-07
3.54433e-07
3.51444e-07
3.42732e-07
3.23345e-07
2.8839e-07
2.34783e-07
1.62203e-07
7.44267e-08
-2.22233e-08
-1.20611e-07
-2.15259e-07
-3.02635e-07
-3.80557e-07
-4.47792e-07
-5.03766e-07
-5.4835e-07
-5.81725e-07
-6.04353e-07
-6.16965e-07
-6.20638e-07
-6.16542e-07
-6.0565e-07
-5.88678e-07
-5.6629e-07
-5.39145e-07
-5.079e-07
-4.73211e-07
-4.35726e-07
-3.96083e-07
-3.549e-07
-3.12771e-07
-2.70259e-07
-2.27876e-07
-1.86131e-07
-1.45433e-07
-1.0616e-07
-6.8671e-08
-3.33762e-08
-5.95272e-10
2.94964e-08
5.6899e-08
8.15695e-08
1.03496e-07
1.22708e-07
1.39277e-07
1.53312e-07
1.6495e-07
1.74353e-07
1.81699e-07
1.87173e-07
1.90966e-07
1.93262e-07
1.94243e-07
1.94134e-07
1.93101e-07
1.91286e-07
1.88795e-07
1.85709e-07
1.82087e-07
1.77969e-07
1.73382e-07
1.68341e-07
1.62863e-07
1.56966e-07
1.50678e-07
1.44042e-07
1.37122e-07
1.30001e-07
1.22788e-07
1.156e-07
1.08594e-07
1.01799e-07
9.57087e-08
8.90525e-08
-5.03519e-08
-7.11309e-08
3.14051e-08
-8.1757e-08
1.13572e-07
-8.21669e-08
1.92017e-07
-7.84445e-08
2.64346e-07
-7.23296e-08
3.29022e-07
-6.46756e-08
3.85455e-07
-5.64331e-08
4.33758e-07
-4.8303e-08
4.74362e-07
-4.06046e-08
5.07654e-07
-3.32913e-08
5.33546e-07
-2.58923e-08
5.50853e-07
-1.73072e-08
5.57042e-07
-6.18876e-09
5.50581e-07
6.46105e-09
5.31092e-07
1.94893e-08
4.98415e-07
3.26762e-08
4.53894e-07
4.4521e-08
4.01507e-07
5.23868e-08
3.48299e-07
5.32088e-08
3.0332e-07
4.49788e-08
2.73623e-07
2.96966e-08
2.56163e-07
1.74603e-08
2.38943e-07
1.72198e-08
2.10301e-07
2.86416e-08
3.72079e-08
2.74976e-08
-1.56337e-07
1.17385e-07
-1.71645e-07
2.07213e-07
-1.71995e-07
2.93396e-07
-1.64627e-07
3.73257e-07
-1.5219e-07
4.44992e-07
-1.3641e-07
5.07705e-07
-1.19146e-07
5.61223e-07
-1.01821e-07
6.0575e-07
-8.51314e-08
6.41491e-07
-6.90321e-08
6.68392e-07
-5.27929e-08
6.86454e-07
-3.53698e-08
6.96043e-07
-1.57779e-08
6.95378e-07
7.12658e-09
6.80531e-07
3.4336e-08
6.4869e-07
6.45169e-08
5.99814e-07
9.33979e-08
5.37772e-07
1.14429e-07
4.71062e-07
1.19919e-07
4.11679e-07
1.04361e-07
3.69267e-07
7.21087e-08
3.43063e-07
4.36643e-08
3.18456e-07
4.18269e-08
2.79551e-07
6.75463e-08
8.48863e-08
1.09459e-07
-2.41984e-07
1.97635e-07
-2.59821e-07
2.85629e-07
-2.59989e-07
3.70509e-07
-2.49507e-07
4.50193e-07
-2.31875e-07
5.23367e-07
-2.09584e-07
5.89402e-07
-1.85181e-07
6.48195e-07
-1.60615e-07
6.99899e-07
-1.36836e-07
7.4466e-07
-1.13793e-07
7.82425e-07
-9.0557e-08
8.12572e-07
-6.55168e-08
8.33131e-07
-3.63376e-08
8.40725e-07
-4.66703e-10
8.31649e-07
4.34119e-08
8.02759e-07
9.34068e-08
7.53057e-07
1.431e-07
6.86074e-07
1.81411e-07
6.11119e-07
1.94874e-07
5.41158e-07
1.74322e-07
4.85995e-07
1.27271e-07
4.45041e-07
8.46183e-08
4.04607e-07
8.22608e-08
3.49042e-07
1.23111e-07
1.45267e-07
1.96309e-07
-3.24103e-07
2.79175e-07
-3.42687e-07
3.60926e-07
-3.4174e-07
4.39212e-07
-3.27793e-07
5.12449e-07
-3.05111e-07
5.79793e-07
-2.76928e-07
6.40974e-07
-2.46362e-07
6.96159e-07
-2.158e-07
7.45769e-07
-1.86445e-07
7.90261e-07
-1.58285e-07
8.2992e-07
-1.30216e-07
8.64682e-07
-1.00279e-07
8.93824e-07
-6.54798e-08
9.14681e-07
-2.13229e-08
9.21879e-07
3.62131e-08
9.08892e-07
1.06394e-07
8.71297e-07
1.80696e-07
8.10378e-07
2.4233e-07
7.34554e-07
2.70698e-07
6.56655e-07
2.52222e-07
5.87479e-07
1.96448e-07
5.29649e-07
1.42448e-07
4.73403e-07
1.38506e-07
4.04591e-07
1.91924e-07
2.12993e-07
2.87218e-07
-4.00285e-07
3.62793e-07
-4.18262e-07
4.36503e-07
-4.1545e-07
5.06533e-07
-3.97823e-07
5.71715e-07
-3.70294e-07
6.31565e-07
-3.36778e-07
6.86051e-07
-3.00848e-07
7.35468e-07
-2.65218e-07
7.80315e-07
-2.31292e-07
8.21159e-07
-1.99128e-07
8.58439e-07
-1.67497e-07
8.92205e-07
-1.34045e-07
9.22171e-07
-9.54462e-08
9.47715e-07
-4.68668e-08
9.66026e-07
1.79021e-08
9.70223e-07
1.02197e-07
9.51706e-07
1.99213e-07
9.06201e-07
2.87834e-07
8.37957e-07
3.38942e-07
7.57946e-07
3.32232e-07
6.7775e-07
2.76644e-07
6.03834e-07
2.16364e-07
5.32689e-07
2.09651e-07
4.53472e-07
2.71142e-07
2.85889e-07
3.80067e-07
-4.68445e-07
4.46608e-07
-4.84802e-07
5.10763e-07
-4.79605e-07
5.71279e-07
-4.58338e-07
6.27396e-07
-4.26411e-07
6.78941e-07
-3.88323e-07
7.26078e-07
-3.47985e-07
7.6918e-07
-3.08319e-07
8.08748e-07
-2.7086e-07
8.45319e-07
-2.357e-07
8.79348e-07
-2.01525e-07
9.10939e-07
-1.65636e-07
9.39627e-07
-1.24134e-07
9.64873e-07
-7.21126e-08
9.86146e-07
-3.37086e-09
1.00021e-06
8.81367e-08
9.98737e-07
2.00682e-07
9.72407e-07
3.14165e-07
9.18464e-07
3.92885e-07
8.43106e-07
4.0759e-07
7.57153e-07
3.62597e-07
6.70466e-07
3.03051e-07
5.86498e-07
2.9362e-07
4.98952e-07
3.58687e-07
3.62487e-07
4.72539e-07
-5.26787e-07
5.28581e-07
-5.40845e-07
5.82006e-07
-5.3303e-07
6.32118e-07
-5.0845e-07
6.78553e-07
-4.72846e-07
7.21398e-07
-4.31168e-07
7.60955e-07
-3.87541e-07
7.97631e-07
-3.44995e-07
8.31903e-07
-3.05133e-07
8.64241e-07
-2.68038e-07
8.95011e-07
-2.32295e-07
9.24317e-07
-1.94942e-07
9.51681e-07
-1.51498e-07
9.76077e-07
-9.65084e-08
9.96938e-07
-2.42321e-08
1.0138e-06
7.12753e-08
1.0223e-06
1.92176e-07
1.01259e-06
3.2388e-07
9.75654e-07
4.2982e-07
9.10641e-07
4.72603e-07
8.2511e-07
4.48128e-07
7.30617e-07
3.97543e-07
6.36844e-07
3.87393e-07
5.42683e-07
4.52848e-07
4.41827e-07
5.62278e-07
-5.73886e-07
6.06735e-07
-5.85303e-07
6.48669e-07
-5.74964e-07
6.87915e-07
-5.47695e-07
7.24466e-07
-5.09397e-07
7.58602e-07
-4.65304e-07
7.90702e-07
-4.19642e-07
8.21165e-07
-3.75458e-07
8.50407e-07
-3.34374e-07
8.78816e-07
-2.96447e-07
9.06643e-07
-2.60122e-07
9.33879e-07
-2.22177e-07
9.60032e-07
-1.77651e-07
9.83887e-07
-1.20364e-07
1.00413e-06
-4.44707e-08
1.02065e-06
5.47479e-08
1.03267e-06
1.80161e-07
1.03362e-06
3.22932e-07
1.01213e-06
4.51303e-07
9.60567e-07
5.24171e-07
8.81024e-07
5.27672e-07
7.84272e-07
4.94295e-07
6.84387e-07
4.87278e-07
5.85332e-07
5.51904e-07
5.23202e-07
6.4701e-07
-6.0876e-07
6.79265e-07
-6.17558e-07
7.09437e-07
-6.05135e-07
7.37826e-07
-5.76085e-07
7.64717e-07
-5.36288e-07
7.90509e-07
-4.91096e-07
8.15596e-07
-4.44729e-07
8.40327e-07
-4.00189e-07
8.65032e-07
-3.59079e-07
8.9e-07
-3.21415e-07
9.1537e-07
-2.85492e-07
9.40969e-07
-2.47777e-07
9.66167e-07
-2.02849e-07
9.89667e-07
-1.43864e-07
1.00965e-06
-6.4456e-08
1.02527e-06
3.91291e-08
1.03715e-06
1.68278e-07
1.04284e-06
3.17244e-07
1.03259e-06
4.61557e-07
9.94617e-07
5.62142e-07
9.24923e-07
5.97365e-07
8.31061e-07
5.88157e-07
7.29042e-07
5.89297e-07
6.27009e-07
6.53937e-07
6.05953e-07
7.24674e-07
-6.30966e-07
7.44663e-07
-6.37547e-07
7.63332e-07
-6.23805e-07
7.81352e-07
-5.94104e-07
7.99212e-07
-5.54148e-07
8.1735e-07
-5.09234e-07
8.36122e-07
-4.63501e-07
8.55798e-07
-4.19866e-07
8.76612e-07
-3.79893e-07
8.98747e-07
-3.4355e-07
9.22222e-07
-3.08968e-07
9.46703e-07
-2.72257e-07
9.71339e-07
-2.27485e-07
9.94666e-07
-1.67192e-07
1.01461e-06
-8.44038e-08
1.02953e-06
2.42173e-08
1.0399e-06
1.57903e-07
1.04615e-06
3.10995e-07
1.04224e-06
4.65466e-07
1.01575e-06
5.88636e-07
9.57651e-07
6.5546e-07
8.70733e-07
6.75075e-07
7.70419e-07
6.89611e-07
6.67527e-07
7.56828e-07
6.8934e-07
7.93579e-07
-6.40691e-07
8.01836e-07
-6.45805e-07
8.09795e-07
-6.31764e-07
8.1837e-07
-6.02679e-07
8.28161e-07
-5.63939e-07
8.39583e-07
-5.20656e-07
8.52912e-07
-4.7683e-07
8.68328e-07
-4.35282e-07
8.85968e-07
-3.97533e-07
9.05913e-07
-3.63494e-07
9.28065e-07
-3.3112e-07
9.5193e-07
-2.96122e-07
9.76418e-07
-2.51973e-07
9.99812e-07
-1.90585e-07
1.01984e-06
-1.04429e-07
1.03428e-06
9.76974e-09
1.04291e-06
1.49278e-07
1.04742e-06
3.06484e-07
1.04568e-06
4.67211e-07
1.02737e-06
6.06939e-07
9.80714e-07
7.02119e-07
9.03366e-07
7.52423e-07
8.08086e-07
7.8489e-07
7.06553e-07
8.58361e-07
7.72507e-07
8.52564e-07
-6.38802e-07
8.50212e-07
-6.43453e-07
8.48719e-07
-6.30272e-07
8.49123e-07
-6.03083e-07
8.52047e-07
-5.66863e-07
8.57837e-07
-5.26445e-07
8.66673e-07
-4.85666e-07
8.78651e-07
-4.4726e-07
8.93825e-07
-4.12708e-07
9.12186e-07
-3.81855e-07
9.33526e-07
-3.5246e-07
9.57203e-07
-3.19799e-07
9.81896e-07
-2.76666e-07
1.0056e-06
-2.14285e-07
1.0258e-06
-1.24632e-07
1.03995e-06
-4.3806e-09
1.047e-06
1.42224e-07
1.04883e-06
3.04661e-07
1.0463e-06
4.69737e-07
1.03272e-06
6.20521e-07
9.95971e-07
7.38866e-07
9.29386e-07
8.19008e-07
8.4172e-07
8.72556e-07
7.43709e-07
9.56373e-07
8.54497e-07
9.01138e-07
-6.26802e-07
8.89789e-07
-6.32104e-07
8.8045e-07
-6.20932e-07
8.74173e-07
-5.96806e-07
8.71546e-07
-5.64236e-07
8.72826e-07
-5.27725e-07
8.78108e-07
-4.90948e-07
8.87421e-07
-4.56573e-07
9.00763e-07
-4.26049e-07
9.1805e-07
-3.99142e-07
9.38984e-07
-3.73393e-07
9.62792e-07
-3.43606e-07
9.87946e-07
-3.0182e-07
1.01214e-06
-2.38482e-07
1.03262e-06
-1.45113e-07
1.04659e-06
-1.83486e-08
1.05237e-06
1.36447e-07
1.05136e-06
3.05672e-07
1.04631e-06
4.7478e-07
1.03443e-06
6.32401e-07
1.00534e-06
7.67964e-07
9.49489e-07
8.74855e-07
8.71161e-07
9.50884e-07
7.7863e-07
1.0489e-06
9.34293e-07
9.3954e-07
-6.06685e-07
9.21125e-07
-6.13689e-07
9.05718e-07
-6.05526e-07
8.94315e-07
-5.85403e-07
8.87438e-07
-5.57359e-07
8.85269e-07
-5.25556e-07
8.87844e-07
-4.93523e-07
8.95159e-07
-4.63888e-07
9.07181e-07
-4.3807e-07
9.2378e-07
-4.15742e-07
9.44589e-07
-3.94202e-07
9.68733e-07
-3.67751e-07
9.94514e-07
-3.27601e-07
1.01935e-06
-2.63314e-07
1.04019e-06
-1.65951e-07
1.05405e-06
-3.22121e-08
1.05883e-06
1.31664e-07
1.05525e-06
3.09248e-07
1.04692e-06
4.83112e-07
1.03447e-06
6.4485e-07
1.01056e-06
7.91879e-07
9.64524e-07
9.2089e-07
8.96422e-07
1.01899e-06
8.11009e-07
1.13432e-06
1.01088e-06
9.68695e-07
-5.80685e-07
9.45237e-07
-5.90231e-07
9.25525e-07
-5.85813e-07
9.10463e-07
-5.70341e-07
9.00513e-07
-5.4741e-07
8.95814e-07
-5.20858e-07
8.96386e-07
-4.94095e-07
9.02227e-07
-4.69729e-07
9.13302e-07
-4.49145e-07
9.29463e-07
-4.31903e-07
9.50309e-07
-4.15048e-07
9.74908e-07
-3.92349e-07
1.00142e-06
-3.54118e-07
1.027e-06
-2.88894e-07
1.04828e-06
-1.87224e-07
1.06208e-06
-4.6015e-08
1.06607e-06
1.2767e-07
1.06035e-06
3.14975e-07
1.04861e-06
4.94844e-07
1.03412e-06
6.59345e-07
1.0131e-06
8.12897e-07
9.75396e-07
9.58595e-07
9.17663e-07
1.07672e-06
8.40615e-07
1.21137e-06
1.08329e-06
9.90045e-07
-5.51e-07
9.63434e-07
-5.63621e-07
9.4099e-07
-5.6337e-07
9.2353e-07
-5.52881e-07
9.11482e-07
-5.35361e-07
9.04986e-07
-5.14362e-07
9.04088e-07
-4.93197e-07
9.08824e-07
-4.74466e-07
9.19188e-07
-4.59508e-07
9.35043e-07
-4.47759e-07
9.56e-07
-4.36004e-07
9.81119e-07
-4.17469e-07
1.00847e-06
-3.81464e-07
1.03491e-06
-3.15341e-07
1.05671e-06
-2.09022e-07
1.07048e-06
-5.97789e-08
1.07378e-06
1.2436e-07
1.06629e-06
3.22468e-07
1.05142e-06
5.09716e-07
1.0341e-06
6.76668e-07
1.01409e-06
8.32906e-07
9.82977e-07
9.89706e-07
9.3516e-07
1.12454e-06
8.67302e-07
1.27922e-06
1.15067e-06
1.00529e-06
-5.19532e-07
9.77106e-07
-5.35434e-07
9.532e-07
-5.39464e-07
9.34327e-07
-5.34008e-07
9.20915e-07
-5.21949e-07
9.13151e-07
-5.06598e-07
9.11148e-07
-4.91194e-07
9.15011e-07
-4.78328e-07
9.24781e-07
-4.69279e-07
9.40372e-07
-4.6335e-07
9.61462e-07
-4.57094e-07
9.87165e-07
-4.43171e-07
1.01547e-06
-4.09768e-07
1.04295e-06
-3.4282e-07
1.0654e-06
-2.31474e-07
1.07914e-06
-7.35232e-08
1.08176e-06
1.2174e-07
1.07276e-06
3.31472e-07
1.05514e-06
5.27334e-07
1.03473e-06
6.97082e-07
1.01432e-06
8.5331e-07
9.88058e-07
1.01597e-06
9.49266e-07
1.16333e-06
8.91005e-07
1.33748e-06
1.21231e-06
1.01613e-06
-4.87744e-07
9.87537e-07
-5.06843e-07
9.63083e-07
-5.1501e-07
9.43486e-07
-5.14411e-07
9.2921e-07
-5.07673e-07
9.20523e-07
-4.9791e-07
9.17635e-07
-4.88307e-07
9.20739e-07
-4.81433e-07
9.29948e-07
-4.78487e-07
9.4526e-07
-4.78662e-07
9.66495e-07
-4.7833e-07
9.92887e-07
-4.69563e-07
1.02235e-06
-4.39227e-07
1.05108e-06
-3.71559e-07
1.07436e-06
-2.5475e-07
1.08811e-06
-8.72694e-08
1.08995e-06
1.19894e-07
1.07952e-06
3.4191e-07
1.05951e-06
5.47343e-07
1.03606e-06
7.20531e-07
1.01433e-06
8.75041e-07
9.91307e-07
1.03899e-06
9.60378e-07
1.19426e-06
9.11742e-07
1.38612e-06
1.26767e-06
1.024e-06
-4.56602e-07
9.95761e-07
-4.78602e-07
9.71333e-07
-4.90582e-07
9.51436e-07
-4.94515e-07
9.36595e-07
-4.92832e-07
9.2718e-07
-4.88495e-07
9.23517e-07
-4.84644e-07
9.25897e-07
-4.83813e-07
9.34518e-07
-4.87108e-07
9.49517e-07
-4.9366e-07
9.70939e-07
-4.99752e-07
9.98199e-07
-4.96822e-07
1.0291e-06
-4.7013e-07
1.05939e-06
-4.01852e-07
1.0837e-06
-2.79051e-07
1.09748e-06
-1.01048e-07
1.09841e-06
1.18961e-07
1.08646e-06
3.5386e-07
1.06428e-06
5.69522e-07
1.038e-06
7.46811e-07
1.0144e-06
8.98644e-07
9.93269e-07
1.06012e-06
9.68905e-07
1.21862e-06
9.29592e-07
1.42543e-06
1.31636e-06
1.03e-06
-4.26622e-07
1.0025e-06
-4.51105e-07
9.7839e-07
-4.66474e-07
9.58413e-07
-4.74538e-07
9.43158e-07
-4.77576e-07
9.33106e-07
-4.78444e-07
9.28704e-07
-4.80242e-07
9.30343e-07
-4.85452e-07
9.38323e-07
-4.95089e-07
9.52982e-07
-5.08318e-07
9.74691e-07
-5.21461e-07
1.0031e-06
-5.25228e-07
1.03582e-06
-5.02856e-07
1.06801e-06
-4.34036e-07
1.09353e-06
-3.04577e-07
1.10737e-06
-1.14885e-07
1.10723e-06
1.19101e-07
1.09358e-06
3.6751e-07
1.0693e-06
5.93805e-07
1.0404e-06
7.75702e-07
1.01467e-06
9.24383e-07
9.94358e-07
1.08043e-06
9.75246e-07
1.23773e-06
9.44694e-07
1.45598e-06
1.35819e-06
1.03477e-06
-3.97976e-07
1.00815e-06
-4.24486e-07
9.84473e-07
-4.42794e-07
9.645e-07
-4.54564e-07
9.4889e-07
-4.61966e-07
9.38231e-07
-4.67785e-07
9.33085e-07
-4.75096e-07
9.33939e-07
-4.86305e-07
9.41217e-07
-5.02367e-07
9.55538e-07
-5.2264e-07
9.77713e-07
-5.43636e-07
1.00764e-06
-5.55155e-07
1.04264e-06
-5.37853e-07
1.07705e-06
-4.68451e-07
1.10396e-06
-3.31486e-07
1.11785e-06
-1.28774e-07
1.11648e-06
1.20471e-07
1.1009e-06
3.83089e-07
1.07446e-06
6.20247e-07
1.04313e-06
8.07032e-07
1.01517e-06
9.52338e-07
9.94879e-07
1.10072e-06
9.79775e-07
1.25284e-06
9.57226e-07
1.47853e-06
1.39314e-06
1.03864e-06
-3.70634e-07
1.01289e-06
-3.98735e-07
9.89644e-07
-4.19547e-07
9.69689e-07
-4.34609e-07
9.53736e-07
-4.46014e-07
9.42471e-07
-4.56519e-07
9.36556e-07
-4.69182e-07
9.36567e-07
-4.86317e-07
9.43087e-07
-5.08886e-07
9.57123e-07
-5.36675e-07
9.80032e-07
-5.66545e-07
1.01194e-06
-5.8706e-07
1.04966e-06
-5.75577e-07
1.08659e-06
-5.05375e-07
1.11495e-06
-3.59847e-07
1.12884e-06
-1.42666e-07
1.1261e-06
1.23208e-07
1.10839e-06
4.00803e-07
1.07968e-06
6.48956e-07
1.04603e-06
8.4068e-07
1.01589e-06
9.82478e-07
9.95044e-07
1.12157e-06
9.82828e-07
1.26505e-06
9.67394e-07
1.49397e-06
1.42133e-06
1.04167e-06
-3.44485e-07
1.01673e-06
-3.73789e-07
9.93882e-07
-3.96703e-07
9.73935e-07
-4.14663e-07
9.57638e-07
-4.29717e-07
9.45754e-07
-4.44636e-07
9.39037e-07
-4.62464e-07
9.38141e-07
-4.85421e-07
9.43861e-07
-5.14606e-07
9.57722e-07
-5.50536e-07
9.81713e-07
-5.90536e-07
1.01608e-06
-6.2143e-07
1.05693e-06
-6.1642e-07
1.09651e-06
-5.44954e-07
1.12627e-06
-3.89611e-07
1.14006e-06
-1.56457e-07
1.13587e-06
1.27403e-07
1.1159e-06
4.20766e-07
1.08485e-06
6.80011e-07
1.04898e-06
8.76551e-07
1.01675e-06
1.01471e-06
9.94988e-07
1.14333e-06
9.84699e-07
1.27534e-06
9.75424e-07
1.50324e-06
1.44299e-06
1.04382e-06
-3.19421e-07
1.01962e-06
-3.49588e-07
9.97149e-07
-3.74235e-07
9.77202e-07
-3.94715e-07
9.60554e-07
-4.13068e-07
9.48038e-07
-4.3212e-07
9.40476e-07
-4.54902e-07
9.38605e-07
-4.8355e-07
9.43509e-07
-5.19509e-07
9.57364e-07
-5.64391e-07
9.82833e-07
-6.16005e-07
1.02011e-06
-6.58704e-07
1.0643e-06
-6.60609e-07
1.10648e-06
-5.87134e-07
1.13745e-06
-4.20582e-07
1.151e-06
-1.7001e-07
1.14533e-06
1.33072e-07
1.12315e-06
4.42951e-07
1.08978e-06
7.1338e-07
1.05181e-06
9.14514e-07
1.01766e-06
1.04886e-06
9.94786e-07
1.1662e-06
9.85638e-07
1.28449e-06
9.81551e-07
1.50733e-06
1.45849e-06
1.04503e-06
-2.95369e-07
1.02154e-06
-3.26099e-07
9.99433e-07
-3.5213e-07
9.7948e-07
-3.74762e-07
9.62477e-07
-3.96066e-07
9.49312e-07
-4.18955e-07
9.40853e-07
-4.46443e-07
9.37936e-07
-4.80633e-07
9.42031e-07
-5.23605e-07
9.56093e-07
-5.78453e-07
9.8342e-07
-6.43331e-07
1.02389e-06
-6.99175e-07
1.07141e-06
-7.08127e-07
1.11589e-06
-6.31615e-07
1.14773e-06
-4.52421e-07
1.16089e-06
-1.83169e-07
1.15383e-06
1.40125e-07
1.12964e-06
4.67148e-07
1.09416e-06
7.48858e-07
1.05433e-06
9.54341e-07
1.01848e-06
1.08471e-06
9.94461e-07
1.19022e-06
9.85851e-07
1.2931e-06
9.86011e-07
1.50717e-06
1.46824e-06
1.04529e-06
-2.72294e-07
1.0225e-06
-3.03309e-07
1.00076e-06
-3.30388e-07
9.808e-07
-3.54804e-07
9.63435e-07
-3.78701e-07
9.49592e-07
-4.05112e-07
9.40171e-07
-4.37022e-07
9.36137e-07
-4.76599e-07
9.39457e-07
-5.26925e-07
9.53946e-07
-5.92942e-07
9.83413e-07
-6.72798e-07
1.02715e-06
-7.42907e-07
1.07768e-06
-7.58661e-07
1.12392e-06
-6.77857e-07
1.15616e-06
-4.84661e-07
1.16877e-06
-1.95782e-07
1.16054e-06
1.48358e-07
1.13474e-06
4.92945e-07
1.09757e-06
7.86029e-07
1.05626e-06
9.95656e-07
1.01906e-06
1.12191e-06
9.93988e-07
1.21529e-06
9.85501e-07
1.30159e-06
9.89035e-07
1.50364e-06
1.47272e-06
1.04466e-06
-2.50187e-07
1.02257e-06
-2.81221e-07
1.0012e-06
-3.0901e-07
9.81227e-07
-3.34835e-07
9.63485e-07
-3.60959e-07
9.48923e-07
-3.9055e-07
9.3846e-07
-4.2656e-07
9.33237e-07
-4.71375e-07
9.35822e-07
-5.29511e-07
9.50908e-07
-6.08028e-07
9.82633e-07
-7.04523e-07
1.02943e-06
-7.897e-07
1.08239e-06
-8.11628e-07
1.12965e-06
-7.25112e-07
1.16172e-06
-5.16732e-07
1.17363e-06
-2.07696e-07
1.16451e-06
1.57479e-07
1.1377e-06
5.19758e-07
1.09947e-06
8.24256e-07
1.05724e-06
1.03789e-06
1.01916e-06
1.15999e-06
9.93291e-07
1.24116e-06
9.8469e-07
1.31019e-06
9.9082e-07
1.4975e-06
1.47246e-06
9.38994e-07
-2.31124e-07
9.19717e-07
-2.61944e-07
9.00787e-07
-2.9008e-07
8.82797e-07
-3.16845e-07
8.66487e-07
-3.44648e-07
8.52721e-07
-3.76784e-07
8.42338e-07
-4.16177e-07
8.36552e-07
-4.6559e-07
8.38246e-07
-5.31204e-07
8.52356e-07
-6.22139e-07
8.8273e-07
-7.34896e-07
9.27076e-07
-8.34046e-07
9.76194e-07
-8.60745e-07
1.0189e-06
-7.67818e-07
1.04711e-06
-5.44939e-07
1.05707e-06
-2.1766e-07
1.04843e-06
1.66123e-07
1.02405e-06
5.44136e-07
9.89427e-07
8.58877e-07
9.51245e-07
1.07607e-06
9.16722e-07
1.19451e-06
8.93116e-07
1.26477e-06
8.85131e-07
1.31817e-06
8.92606e-07
1.49003e-06
1.4689e-06
9.37348e-07
-2.1283e-07
9.18621e-07
-2.43217e-07
8.99956e-07
-2.71416e-07
8.81914e-07
-2.98803e-07
8.65232e-07
-3.27966e-07
8.50771e-07
-3.62322e-07
8.39385e-07
-4.04792e-07
8.32512e-07
-4.58717e-07
8.33593e-07
-5.32284e-07
8.48159e-07
-6.36705e-07
8.80016e-07
-7.66753e-07
9.2594e-07
-8.7997e-07
9.75677e-07
-9.10482e-07
1.0178e-06
-8.09945e-07
1.04489e-06
-5.72029e-07
1.05407e-06
-2.26834e-07
1.04533e-06
1.74866e-07
1.02134e-06
5.68119e-07
9.87267e-07
8.92952e-07
9.49623e-07
1.11372e-06
9.1546e-07
1.22867e-06
8.91933e-07
1.28829e-06
8.83908e-07
1.3262e-06
8.92671e-07
1.48127e-06
1.46232e-06
9.35273e-07
-1.95294e-07
9.17081e-07
-2.25025e-07
8.98663e-07
-2.52998e-07
8.80544e-07
-2.80684e-07
8.63457e-07
-3.10879e-07
8.48246e-07
-3.47111e-07
8.35789e-07
-3.92334e-07
8.2776e-07
-4.50688e-07
8.28136e-07
-5.32661e-07
8.42964e-07
-6.51533e-07
8.75908e-07
-7.99697e-07
9.22781e-07
-9.26844e-07
9.72369e-07
-9.60069e-07
1.0132e-06
-8.50774e-07
1.03867e-06
-5.97501e-07
1.04691e-06
-2.35073e-07
1.03836e-06
1.83417e-07
1.01542e-06
5.91059e-07
9.82687e-07
9.25683e-07
9.46349e-07
1.15006e-06
9.13201e-07
1.26182e-06
8.90237e-07
1.31126e-06
8.82374e-07
1.33406e-06
8.92158e-07
1.47148e-06
1.45303e-06
9.32839e-07
-1.78502e-07
9.15164e-07
-2.0735e-07
8.96968e-07
-2.34802e-07
8.78743e-07
-2.62459e-07
8.61208e-07
-2.93344e-07
8.45186e-07
-3.3109e-07
8.3158e-07
-3.78728e-07
8.22294e-07
-4.41402e-07
8.21792e-07
-5.32159e-07
8.36566e-07
-6.66307e-07
8.70086e-07
-8.33216e-07
9.17195e-07
-9.73953e-07
9.65824e-07
-1.0087e-06
1.00464e-06
-8.89589e-07
1.02803e-06
-6.20889e-07
1.03519e-06
-2.42239e-07
1.02709e-06
1.91522e-07
1.00582e-06
6.1233e-07
9.75269e-07
9.56231e-07
9.41082e-07
1.18424e-06
9.09686e-07
1.29322e-06
8.87858e-07
1.33309e-06
8.80479e-07
1.34144e-06
8.91154e-07
1.46081e-06
1.44129e-06
9.30119e-07
-1.62437e-07
9.12939e-07
-1.90169e-07
8.94938e-07
-2.16801e-07
8.76571e-07
-2.44093e-07
8.58546e-07
-2.75318e-07
8.41655e-07
-3.142e-07
8.26815e-07
-3.63888e-07
8.16125e-07
-4.30712e-07
8.1448e-07
-5.30514e-07
8.28778e-07
-6.80604e-07
8.62272e-07
-8.66711e-07
9.08845e-07
-1.02053e-06
9.55682e-07
-1.05554e-06
9.91785e-07
-9.25692e-07
1.01266e-06
-6.41763e-07
1.01862e-06
-2.482e-07
1.01118e-06
1.98966e-07
9.92164e-07
6.31342e-07
9.64641e-07
9.83754e-07
9.33493e-07
1.21539e-06
9.04654e-07
1.32205e-06
8.84613e-07
1.35313e-06
8.78141e-07
1.34791e-06
8.89702e-07
1.44925e-06
1.42731e-06
9.27179e-07
-1.47085e-07
9.10471e-07
-1.73461e-07
8.92633e-07
-1.98963e-07
8.74093e-07
-2.25552e-07
8.55537e-07
-2.56762e-07
8.37721e-07
-2.96384e-07
8.21545e-07
-3.47711e-07
8.09247e-07
-4.18415e-07
8.06106e-07
-5.27373e-07
8.19417e-07
-6.93915e-07
8.52218e-07
-8.99512e-07
8.97443e-07
-1.06575e-06
9.41651e-07
-1.09974e-06
9.74376e-07
-9.58417e-07
9.92364e-07
-6.59752e-07
9.97038e-07
-2.52874e-07
9.90454e-07
2.0555e-07
9.74215e-07
6.47581e-07
9.50502e-07
1.00747e-06
9.23283e-07
1.24261e-06
8.97842e-07
1.3475e-06
8.80296e-07
1.37067e-06
8.75245e-07
1.35296e-06
8.8781e-07
1.43668e-06
1.41121e-06
9.24078e-07
-1.32431e-07
9.07818e-07
-1.57201e-07
8.90116e-07
-1.81261e-07
8.71372e-07
-2.06809e-07
8.52255e-07
-2.37645e-07
8.3346e-07
-2.77588e-07
8.1582e-07
-3.30072e-07
8.0165e-07
-4.04244e-07
7.96579e-07
-5.22302e-07
8.08327e-07
-7.05663e-07
8.39721e-07
-9.30907e-07
8.82763e-07
-1.10879e-06
9.2352e-07
-1.1405e-06
9.52255e-07
-9.87152e-07
9.67063e-07
-6.7456e-07
9.70431e-07
-2.56241e-07
9.64896e-07
2.11086e-07
9.5186e-07
6.60616e-07
9.32647e-07
1.02668e-06
9.102e-07
1.26506e-06
8.89001e-07
1.3687e-06
8.747e-07
1.38497e-06
8.7165e-07
1.35601e-06
8.85454e-07
1.42288e-06
1.39305e-06
9.20871e-07
-1.18461e-07
9.05036e-07
-1.41366e-07
8.87445e-07
-1.6367e-07
8.68482e-07
-1.87846e-07
8.48785e-07
-2.17948e-07
8.28952e-07
-2.57756e-07
8.09688e-07
-3.10808e-07
7.93317e-07
-3.87873e-07
7.85824e-07
-5.14809e-07
7.95389e-07
-7.15228e-07
8.24628e-07
-9.60146e-07
8.64645e-07
-1.14881e-06
9.01171e-07
-1.17703e-06
9.25382e-07
-1.01136e-06
9.36793e-07
-6.85971e-07
9.38882e-07
-2.58329e-07
9.34578e-07
2.15389e-07
9.25098e-07
6.70097e-07
9.10967e-07
1.04081e-06
8.94054e-07
1.28197e-06
8.77912e-07
1.38484e-06
8.67615e-07
1.39527e-06
8.67199e-07
1.35643e-06
8.82584e-07
1.40749e-06
1.3728e-06
9.17603e-07
-1.05162e-07
9.02176e-07
-1.25939e-07
8.84688e-07
-1.46182e-07
8.65508e-07
-1.68667e-07
8.45224e-07
-1.97663e-07
8.24285e-07
-2.36816e-07
8.03191e-07
-2.89714e-07
7.84235e-07
-3.68917e-07
7.73788e-07
-5.04362e-07
7.80528e-07
-7.21968e-07
8.06845e-07
-9.86463e-07
8.43005e-07
-1.18497e-06
8.74584e-07
-1.20861e-06
8.93831e-07
-1.03061e-06
9.01704e-07
-6.93844e-07
9.02575e-07
-2.592e-07
8.99675e-07
2.1829e-07
8.94028e-07
6.75743e-07
8.85446e-07
1.04939e-06
8.74723e-07
1.29269e-06
8.64393e-07
1.39517e-06
8.58844e-07
1.40082e-06
8.61721e-07
1.35355e-06
8.79117e-07
1.3901e-06
1.35037e-06
9.14316e-07
-9.25279e-08
8.99297e-07
-1.10919e-07
8.81927e-07
-1.28813e-07
8.62555e-07
-1.49294e-07
8.41681e-07
-1.76789e-07
8.1954e-07
-2.14675e-07
7.96361e-07
-2.66535e-07
7.74396e-07
-3.46952e-07
7.60452e-07
-4.90419e-07
7.63721e-07
-7.25236e-07
7.86342e-07
-1.00908e-06
8.17836e-07
-1.21646e-06
8.43831e-07
-1.2346e-06
8.57781e-07
-1.04456e-06
8.62052e-07
-6.98114e-07
8.61792e-07
-2.58941e-07
8.60441e-07
2.19641e-07
8.58835e-07
6.77348e-07
8.56153e-07
1.05208e-06
8.52158e-07
1.29669e-06
8.48308e-07
1.39902e-06
8.48211e-07
1.40092e-06
8.55042e-07
1.34672e-06
8.74952e-07
1.37019e-06
1.32558e-06
9.11059e-07
-8.05712e-08
8.96478e-07
-9.63383e-08
8.79275e-07
-1.1161e-07
8.59752e-07
-1.29771e-07
8.38271e-07
-1.55309e-07
8.14785e-07
-1.91189e-07
7.89214e-07
-2.40964e-07
7.63797e-07
-3.21535e-07
7.45836e-07
-4.72457e-07
7.45006e-07
-7.24406e-07
7.63156e-07
-1.02724e-06
7.89212e-07
-1.24252e-06
8.09078e-07
-1.25447e-06
8.17505e-07
-1.05299e-06
8.18181e-07
-6.9879e-07
8.16892e-07
-2.57651e-07
8.17204e-07
2.19328e-07
8.19774e-07
6.74779e-07
8.23232e-07
1.04862e-06
8.26379e-07
1.29354e-06
8.29574e-07
1.39582e-06
8.35569e-07
1.39492e-06
8.46991e-07
1.3353e-06
8.69965e-07
1.34721e-06
1.2982e-06
9.07915e-07
-6.93457e-08
8.93846e-07
-8.22691e-08
8.76884e-07
-9.4647e-08
8.57245e-07
-1.10132e-07
8.35095e-07
-1.3316e-07
8.10054e-07
-1.66148e-07
7.81736e-07
-2.12646e-07
7.52444e-07
-2.92242e-07
7.30005e-07
-4.50019e-07
7.24484e-07
-7.18885e-07
7.37396e-07
-1.04015e-06
7.57283e-07
-1.2624e-06
7.70575e-07
-1.26776e-06
7.73357e-07
-1.05577e-06
7.70508e-07
-6.95941e-07
7.68297e-07
-2.5544e-07
7.70349e-07
2.17275e-07
7.77154e-07
6.67974e-07
7.8689e-07
1.03888e-06
7.9747e-07
1.28296e-06
8.08162e-07
1.38513e-06
8.20806e-07
1.38228e-06
8.37413e-07
1.31869e-06
8.64024e-07
1.3206e-06
1.26796e-06
9.05044e-07
-5.89574e-08
8.91593e-07
-6.88175e-08
8.74937e-07
-7.79915e-08
8.55162e-07
-9.03578e-08
8.32192e-07
-1.1019e-07
8.05304e-07
-1.39259e-07
7.73872e-07
-1.81214e-07
7.4035e-07
-2.5872e-07
7.1308e-07
-4.22749e-07
7.02329e-07
-7.08134e-07
7.09241e-07
-1.04706e-06
7.22275e-07
-1.27544e-06
7.28644e-07
-1.27413e-06
7.25751e-07
-1.05288e-06
7.19495e-07
-6.89686e-07
7.16467e-07
-2.52411e-07
7.20295e-07
2.13447e-07
7.31331e-07
6.56939e-07
7.47386e-07
1.02283e-06
7.65573e-07
1.26477e-06
7.84094e-07
1.36661e-06
8.03847e-07
1.36252e-06
8.26169e-07
1.29637e-06
8.56989e-07
1.28978e-06
1.23453e-06
9.02688e-07
-4.95381e-08
8.89934e-07
-5.60641e-08
8.73572e-07
-6.16295e-08
8.53524e-07
-7.03092e-08
8.29463e-07
-8.61297e-08
8.00374e-07
-1.10169e-07
7.65499e-07
-1.4634e-07
7.27536e-07
-2.20757e-07
6.95237e-07
-3.90449e-07
6.78789e-07
-6.91686e-07
6.78949e-07
-1.04722e-06
6.84487e-07
-1.28098e-06
6.83669e-07
-1.27331e-06
6.75142e-07
-1.04435e-06
6.65625e-07
-6.80169e-07
6.61874e-07
-2.4866e-07
6.67478e-07
2.07843e-07
6.82683e-07
6.41734e-07
7.05016e-07
1.00049e-06
7.30875e-07
1.23891e-06
7.57443e-07
1.34004e-06
7.84663e-07
1.3353e-06
8.13148e-07
1.26788e-06
8.48723e-07
1.25421e-06
1.19757e-06
9.01052e-07
-4.1144e-08
8.88942e-07
-4.39539e-08
8.72691e-07
-4.53789e-08
8.52073e-07
-4.9691e-08
8.26555e-07
-6.06119e-08
7.94918e-07
-7.85326e-08
7.56411e-07
-1.07833e-07
7.14027e-07
-1.78373e-07
6.76716e-07
-3.53138e-07
6.54195e-07
-6.69165e-07
6.46853e-07
-1.03988e-06
6.44284e-07
-1.27841e-06
6.36084e-07
-1.26511e-06
6.2201e-07
-1.03028e-06
6.09383e-07
-6.67542e-07
6.04983e-07
-2.4426e-07
6.12331e-07
2.00495e-07
6.31601e-07
6.22464e-07
6.60104e-07
9.71991e-07
6.93608e-07
1.20541e-06
7.28328e-07
1.30532e-06
7.63264e-07
1.30037e-06
7.98273e-07
1.23288e-06
8.39098e-07
1.21338e-06
1.15674e-06
8.99927e-07
-3.35937e-08
8.88162e-07
-3.21896e-08
8.71645e-07
-2.88612e-08
8.50058e-07
-2.81043e-08
8.22734e-07
-3.32879e-08
7.88355e-07
-4.41534e-08
7.46296e-07
-6.57743e-08
6.99852e-07
-1.31928e-07
6.57829e-07
-3.11116e-07
6.28968e-07
-6.40304e-07
6.13368e-07
-1.02428e-06
6.02088e-07
-1.26713e-06
5.86356e-07
-1.24938e-06
5.6684e-07
-1.01076e-06
5.51235e-07
-6.51937e-07
5.46231e-07
-2.39256e-07
5.55269e-07
1.91456e-07
5.78473e-07
5.9926e-07
6.12991e-07
9.37473e-07
6.54031e-07
1.16437e-06
6.96908e-07
1.26245e-06
7.39705e-07
1.25757e-06
7.81497e-07
1.19108e-06
8.28002e-07
1.16688e-06
1.11168e-06
8.98029e-07
-2.63653e-08
8.86098e-07
-2.02584e-08
8.68884e-07
-1.16478e-08
8.46027e-07
-5.24713e-09
8.16764e-07
-4.02496e-09
7.79785e-07
-7.17408e-09
7.34702e-07
-2.06918e-08
6.85036e-07
-8.22624e-08
6.38964e-07
-2.65044e-07
6.03628e-07
-6.04968e-07
5.78991e-07
-9.99641e-07
5.58375e-07
-1.24651e-06
5.34972e-07
-1.22597e-06
5.10111e-07
-9.85901e-07
4.91619e-07
-6.33444e-07
4.86022e-07
-2.33659e-07
4.96685e-07
1.80793e-07
5.23682e-07
5.72263e-07
5.64025e-07
8.9713e-07
6.12429e-07
1.11597e-06
6.63376e-07
1.2115e-06
7.14076e-07
1.20687e-06
7.62813e-07
1.14235e-06
8.15344e-07
1.11435e-06
1.06209e-06
8.92467e-07
-1.87248e-08
8.79846e-07
-7.63813e-09
8.61668e-07
6.53081e-09
8.37558e-07
1.88626e-08
8.06706e-07
2.68275e-08
7.67878e-07
3.16532e-08
7.21003e-07
2.61831e-08
6.69619e-07
-3.08785e-08
6.20598e-07
-2.16022e-07
5.78798e-07
-5.63168e-07
5.44307e-07
-9.65149e-07
5.13668e-07
-1.21587e-06
4.82435e-07
-1.19474e-06
4.52289e-07
-9.55754e-07
4.30945e-07
-6.121e-07
4.24728e-07
-2.27442e-07
4.36944e-07
1.68577e-07
4.67595e-07
5.41612e-07
5.13559e-07
8.51167e-07
5.69103e-07
1.06042e-06
6.27954e-07
1.15265e-06
6.86505e-07
1.14832e-06
7.42251e-07
1.0866e-06
8.0106e-07
1.05554e-06
1.00766e-06
8.78856e-07
-1.00333e-08
8.65312e-07
5.90621e-09
8.46411e-07
2.54318e-08
8.2171e-07
4.3564e-08
7.90287e-07
5.82501e-08
7.51104e-07
7.08365e-08
7.04515e-07
7.27723e-08
6.53712e-07
1.99241e-08
6.03311e-07
-1.65621e-07
5.55219e-07
-5.15076e-07
5.10008e-07
-9.19938e-07
4.68549e-07
-1.17441e-06
4.29267e-07
-1.15546e-06
3.93838e-07
-9.20326e-07
3.69607e-07
-5.87869e-07
3.62702e-07
-2.20536e-07
3.76398e-07
1.54881e-07
4.10576e-07
5.07434e-07
4.61944e-07
7.99799e-07
5.24366e-07
9.97999e-07
5.90889e-07
1.08612e-06
6.57153e-07
1.08205e-06
7.19877e-07
1.02388e-06
7.85113e-07
9.90301e-07
9.48127e-07
8.52664e-07
-1.62621e-10
8.38618e-07
1.99528e-08
8.19981e-07
4.40688e-08
7.96135e-07
6.74097e-08
7.65988e-07
8.83969e-08
7.28703e-07
1.08122e-07
6.85076e-07
1.16399e-07
6.37659e-07
6.73413e-08
5.87793e-07
-1.15754e-07
5.33751e-07
-4.61035e-07
4.76921e-07
-8.63107e-07
4.23676e-07
-1.12117e-06
3.76014e-07
-1.1078e-06
3.35234e-07
-8.79545e-07
3.08e-07
-5.60635e-07
3.00293e-07
-2.1283e-07
3.15397e-07
1.39778e-07
3.52982e-07
4.69849e-07
4.09535e-07
7.43246e-07
4.78541e-07
9.28992e-07
5.52446e-07
1.01222e-06
6.26205e-07
1.0083e-06
6.95792e-07
9.54289e-07
7.67498e-07
9.18595e-07
8.83278e-07
8.11034e-07
1.03193e-08
7.9754e-07
3.34462e-08
7.80692e-07
6.09173e-08
7.59634e-07
8.84679e-08
7.33095e-07
1.14935e-07
7.00474e-07
1.40743e-07
6.62912e-07
1.53961e-07
6.2192e-07
1.08333e-07
5.74769e-07
-6.86029e-08
5.15363e-07
-4.01629e-07
4.46053e-07
-7.93797e-07
3.79827e-07
-1.05494e-06
3.23258e-07
-1.05123e-06
2.76973e-07
-8.3326e-07
2.4654e-07
-5.30202e-07
2.37875e-07
-2.04165e-07
2.54306e-07
1.23347e-07
2.9518e-07
4.28974e-07
3.5669e-07
6.81736e-07
4.31959e-07
8.53723e-07
5.12906e-07
9.31273e-07
5.93873e-07
9.27328e-07
6.70132e-07
8.78031e-07
7.48241e-07
8.40486e-07
8.1293e-07
7.53916e-07
2.03708e-08
7.42314e-07
4.50483e-08
7.28886e-07
7.43451e-08
7.12566e-07
1.04788e-07
6.91987e-07
1.35514e-07
6.66838e-07
1.65891e-07
6.38514e-07
1.82284e-07
6.07015e-07
1.39833e-07
5.64898e-07
-2.64856e-08
5.01106e-07
-3.37837e-07
4.18647e-07
-7.11339e-07
3.37952e-07
-9.74248e-07
2.71623e-07
-9.84898e-07
2.1958e-07
-7.81217e-07
1.85697e-07
-4.96319e-07
1.75862e-07
-1.9433e-07
1.9352e-07
1.05689e-07
2.37554e-07
3.8494e-07
3.03776e-07
6.15514e-07
3.84957e-07
7.72542e-07
4.72564e-07
8.43666e-07
5.60392e-07
8.39501e-07
6.43062e-07
7.9536e-07
7.27399e-07
7.56149e-07
7.36943e-07
6.83929e-07
2.89115e-08
6.75405e-07
5.35731e-08
6.66701e-07
8.30492e-08
6.56656e-07
1.14832e-07
6.43985e-07
1.48185e-07
6.28776e-07
1.81101e-07
6.12483e-07
1.98577e-07
5.93214e-07
1.59102e-07
5.58559e-07
8.16959e-09
4.92009e-07
-2.71288e-07
3.96257e-07
-6.15587e-07
2.99307e-07
-8.77298e-07
2.21835e-07
-9.07426e-07
1.63641e-07
-7.23023e-07
1.26064e-07
-4.58742e-07
1.14774e-07
-1.8304e-07
1.33483e-07
8.69797e-08
1.80506e-07
3.37918e-07
2.51168e-07
5.44852e-07
3.37882e-07
6.85828e-07
4.31731e-07
7.49817e-07
5.26011e-07
7.45221e-07
6.1478e-07
7.06592e-07
7.0506e-07
6.65869e-07
6.55212e-07
6.05278e-07
3.51837e-08
6.00573e-07
5.82784e-08
5.97335e-07
8.62877e-08
5.9449e-07
1.17677e-07
5.91054e-07
1.51622e-07
5.87587e-07
1.84568e-07
5.85435e-07
2.00729e-07
5.80513e-07
1.64023e-07
5.55634e-07
3.3049e-08
4.88826e-07
-2.0448e-07
3.80779e-07
-5.07539e-07
2.65699e-07
-7.62218e-07
1.74776e-07
-8.16503e-07
1.10079e-07
-6.58326e-07
6.88435e-08
-4.17507e-07
5.54979e-08
-1.69694e-07
7.47292e-08
6.77484e-08
1.24462e-07
2.88185e-07
1.99254e-07
4.70059e-07
2.91091e-07
5.93991e-07
3.9073e-07
6.50179e-07
4.91003e-07
6.44947e-07
5.85514e-07
6.12081e-07
6.81337e-07
5.70047e-07
5.67677e-07
5.22539e-07
3.88522e-08
5.2192e-07
5.88972e-08
5.24355e-07
8.38527e-08
5.29052e-07
1.1298e-07
5.35526e-07
1.45147e-07
5.44793e-07
1.75302e-07
5.57812e-07
1.87709e-07
5.68268e-07
1.53568e-07
5.55032e-07
4.62851e-08
4.91467e-07
-1.40914e-07
3.74213e-07
-3.90286e-07
2.39953e-07
-6.27958e-07
1.31972e-07
-7.08523e-07
5.79727e-08
-5.84326e-07
1.35328e-08
-3.73067e-07
6.77311e-13
-1.56162e-07
1.85748e-08
4.91743e-08
6.9891e-08
2.36869e-07
1.48433e-07
3.91517e-07
2.4495e-07
4.97474e-07
3.499e-07
5.45229e-07
4.55643e-07
5.39204e-07
5.55508e-07
5.12215e-07
6.5633e-07
4.69225e-07
4.74432e-07
4.39972e-07
3.98232e-08
4.43399e-07
5.54705e-08
4.51364e-07
7.58874e-08
4.63509e-07
1.00835e-07
4.79965e-07
1.28691e-07
5.02059e-07
1.53208e-07
5.29918e-07
1.5985e-07
5.55097e-07
1.28389e-07
5.5408e-07
4.73019e-08
4.97917e-07
-8.4751e-08
3.77787e-07
-2.70156e-07
2.25934e-07
-4.76105e-07
9.61829e-08
-5.78772e-07
1.08359e-08
-4.98979e-07
-3.87287e-08
-3.23502e-07
-5.47434e-08
-1.40147e-07
-3.48319e-08
2.92627e-08
1.77496e-08
1.84288e-07
9.91145e-08
3.10152e-07
1.99831e-07
3.96757e-07
3.09596e-07
4.35464e-07
4.20171e-07
4.2863e-07
5.24971e-07
4.07415e-07
6.29809e-07
3.64387e-07
3.76323e-07
3.61123e-07
3.77749e-08
3.68574e-07
4.80196e-08
3.81828e-07
6.26334e-08
4.01058e-07
8.1606e-08
4.27007e-07
1.02741e-07
4.60884e-07
1.19332e-07
5.01203e-07
1.19531e-07
5.37324e-07
9.22667e-08
5.46544e-07
3.80825e-08
5.0195e-07
-4.01568e-08
3.8972e-07
-1.57926e-07
2.2907e-07
-3.15456e-07
7.55704e-08
-4.25272e-07
-2.86736e-08
-3.94735e-07
-8.5938e-08
-2.66238e-07
-1.04613e-07
-1.21473e-07
-8.56572e-08
1.03073e-08
-3.05104e-08
1.29141e-07
5.17874e-08
2.27854e-07
1.55998e-07
2.92546e-07
2.69822e-07
3.21641e-07
3.84035e-07
3.14418e-07
4.92677e-07
2.98772e-07
5.98651e-07
2.58413e-07
2.76766e-07
2.86706e-07
3.14804e-08
2.98674e-07
3.60516e-08
3.1715e-07
4.41576e-08
3.42831e-07
5.59251e-08
3.76711e-07
6.88613e-08
4.18801e-07
7.72423e-08
4.64801e-07
7.35308e-08
5.03097e-07
5.3971e-08
5.16828e-07
2.43511e-08
4.87991e-07
-1.13199e-08
3.99418e-07
-6.93528e-08
2.49241e-07
-1.65279e-07
7.8714e-08
-2.54745e-07
-5.05964e-08
-2.65425e-07
-1.23283e-07
-1.93551e-07
-1.48107e-07
-9.6649e-08
-1.31451e-07
-6.34883e-09
-7.75207e-08
7.52105e-08
7.05521e-09
1.43278e-07
1.12993e-07
1.86609e-07
2.28739e-07
2.05894e-07
3.4331e-07
1.99847e-07
4.51623e-07
1.90458e-07
5.52008e-07
1.58028e-07
1.7984e-07
2.06728e-07
1.98396e-08
2.2317e-07
1.96096e-08
2.45272e-07
2.20556e-08
2.74041e-07
2.71559e-08
3.09925e-07
3.29776e-08
3.50797e-07
3.63702e-08
3.90389e-07
3.39391e-08
4.20093e-07
2.42668e-08
4.34069e-07
1.03755e-08
4.26441e-07
-3.69274e-09
3.79625e-07
-2.2536e-08
2.70239e-07
-5.58932e-08
1.1267e-07
-9.71759e-08
-3.58057e-08
-1.16949e-07
-1.31435e-07
-9.79213e-08
-1.71452e-07
-5.66328e-08
-1.64187e-07
-1.36136e-08
-1.16015e-07
2.70383e-08
-3.36047e-08
6.08681e-08
6.80341e-08
8.49699e-08
1.76805e-07
9.71236e-08
2.81366e-07
9.52851e-08
3.77937e-07
9.38879e-08
4.63156e-07
7.28085e-08
9.65754e-08
1.08892e-07
1.28502e-07
1.50557e-07
1.77713e-07
2.10691e-07
2.47061e-07
2.81e-07
3.05267e-07
3.15642e-07
3.1195e-07
2.89414e-07
2.3352e-07
1.36344e-07
1.93958e-08
-7.85255e-08
-1.35158e-07
-1.48772e-07
-1.21734e-07
-6.08655e-08
2.41044e-08
1.21228e-07
2.16513e-07
3.10401e-07
3.8321e-07
)
;

boundaryField
{
    inlet
    {
        type            calculated;
        value           nonuniform List<scalar> 
30
(
-1.43933e-06
-1.43933e-06
-1.43933e-06
-1.43933e-06
-1.43933e-06
-1.43933e-06
-1.43933e-06
-1.43933e-06
-1.43933e-06
-1.43933e-06
-1.43933e-06
-1.43933e-06
-1.43933e-06
-1.43933e-06
-1.43933e-06
-1.43933e-06
-1.43933e-06
-1.43933e-06
-1.43933e-06
-1.43933e-06
-1.43933e-06
-1.43933e-06
-1.43933e-06
-1.43933e-06
-1.43933e-06
-1.43933e-06
-1.43933e-06
-1.43933e-06
-1.43933e-06
-1.43933e-06
)
;
    }
    outlet
    {
        type            calculated;
        value           nonuniform List<scalar> 
57
(
1.73094e-07
2.31873e-07
2.88661e-07
3.36865e-07
3.80575e-07
4.22354e-07
4.63343e-07
5.03956e-07
5.44259e-07
5.84141e-07
6.23386e-07
6.61718e-07
6.98834e-07
7.34425e-07
7.68204e-07
7.99918e-07
8.29364e-07
8.56389e-07
8.80901e-07
9.02858e-07
9.22275e-07
9.39209e-07
9.5376e-07
9.66058e-07
9.76261e-07
9.84549e-07
9.91084e-07
8.96162e-07
8.9925e-07
9.01449e-07
9.02892e-07
9.03685e-07
9.0391e-07
9.03617e-07
9.02833e-07
9.01552e-07
8.99741e-07
8.97341e-07
8.94268e-07
8.90419e-07
8.8568e-07
8.79932e-07
8.73054e-07
8.64938e-07
8.55492e-07
8.44643e-07
8.32347e-07
8.18589e-07
8.03387e-07
7.86791e-07
7.68872e-07
7.49574e-07
7.27919e-07
6.98208e-07
6.48934e-07
5.46421e-07
4.79785e-07
)
;
    }
    upperWall
    {
        type            calculated;
        value           uniform 0;
    }
    lowerWall
    {
        type            calculated;
        value           uniform 0;
    }
    frontAndBack
    {
        type            empty;
    }
}


// ************************************************************************* //
