/*--------------------------------*- C++ -*----------------------------------*\
| =========                 |                                                 |
| \\      /  F ield         | OpenFOAM: The Open Source CFD Toolbox           |
|  \\    /   O peration     | Version:  2406                                  |
|   \\  /    A nd           | Website:  www.openfoam.com                      |
|    \\/     M anipulation  |                                                 |
\*---------------------------------------------------------------------------*/
FoamFile
{
    version     2.0;
    format      ascii;
    arch        "LSB;label=32;scalar=64";
    class       surfaceScalarField;
    location    "1.49";
    object      phi;
}
// * * * * * * * * * * * * * * * * * * * * * * * * * * * * * * * * * * * * * //

dimensions      [0 3 -1 0 0 0 0];

oriented        oriented;

internalField   nonuniform List<scalar> 
24170
(
1.38721e-06
5.21241e-08
1.32963e-06
5.75802e-08
1.28069e-06
4.89434e-08
1.23969e-06
4.09934e-08
1.20525e-06
3.44452e-08
1.17643e-06
2.88192e-08
1.15238e-06
2.40517e-08
1.13226e-06
2.01178e-08
1.11537e-06
1.68928e-08
1.10114e-06
1.4228e-08
1.0891e-06
1.20396e-08
1.07881e-06
1.0293e-08
1.06989e-06
8.91239e-09
1.06206e-06
7.83095e-09
1.05494e-06
7.12229e-09
1.04795e-06
6.98934e-09
1.0395e-06
8.45202e-09
9.5677e-09
1.02993e-06
1.47044e-06
2.10141e-08
1.49217e-06
3.58582e-08
1.50399e-06
3.71143e-08
1.509e-06
3.59865e-08
1.50904e-06
3.44085e-08
1.50579e-06
3.2068e-08
1.50063e-06
2.92129e-08
1.49449e-06
2.62539e-08
1.48799e-06
2.33926e-08
1.48154e-06
2.06798e-08
1.47544e-06
1.81376e-08
1.46994e-06
1.57913e-08
1.46521e-06
1.36461e-08
1.46135e-06
1.16945e-08
1.45852e-06
9.94995e-09
1.45706e-06
8.45279e-09
1.45832e-06
7.18943e-09
5.83191e-09
1.46205e-06
1.44785e-06
1.25023e-08
1.4578e-06
2.59022e-08
1.46659e-06
2.83276e-08
1.47486e-06
2.77171e-08
1.48252e-06
2.67431e-08
1.48936e-06
2.52318e-08
1.49541e-06
2.3165e-08
1.50081e-06
2.08477e-08
1.50571e-06
1.8491e-08
1.51024e-06
1.61589e-08
1.51451e-06
1.38665e-08
1.51867e-06
1.16251e-08
1.52288e-06
9.43482e-09
1.5273e-06
7.27426e-09
1.53215e-06
5.10505e-09
1.53774e-06
2.8659e-09
1.54449e-06
4.35449e-10
-2.40322e-09
1.55273e-06
1.44361e-06
8.22476e-09
1.44996e-06
1.95515e-08
1.45538e-06
2.2913e-08
1.46027e-06
2.28237e-08
1.46506e-06
2.19518e-08
1.46971e-06
2.05777e-08
1.47421e-06
1.8672e-08
1.4786e-06
1.64566e-08
1.48295e-06
1.4141e-08
1.4873e-06
1.18056e-08
1.49171e-06
9.46227e-09
1.49622e-06
7.1077e-09
1.50093e-06
4.72735e-09
1.50592e-06
2.28476e-09
1.51131e-06
-2.88315e-10
1.51725e-06
-3.06513e-09
1.52387e-06
-6.19209e-09
-9.82147e-09
1.53129e-06
1.44181e-06
5.74535e-09
1.44674e-06
1.46265e-08
1.4515e-06
1.81513e-08
1.45586e-06
1.84671e-08
1.46009e-06
1.77149e-08
1.46421e-06
1.6458e-08
1.46817e-06
1.47193e-08
1.47199e-06
1.26358e-08
1.47574e-06
1.03834e-08
1.4795e-06
8.05193e-09
1.4833e-06
5.65956e-09
1.48721e-06
3.19775e-09
1.49129e-06
6.4869e-10
1.49559e-06
-2.0201e-09
1.5002e-06
-4.89582e-09
1.50516e-06
-8.0277e-09
1.51051e-06
-1.15432e-08
-1.55218e-08
1.51622e-06
1.44095e-06
4.13241e-09
1.44474e-06
1.08305e-08
1.44887e-06
1.402e-08
1.45281e-06
1.4533e-08
1.45665e-06
1.38698e-08
1.46044e-06
1.2673e-08
1.46412e-06
1.10405e-08
1.46769e-06
9.06005e-09
1.47121e-06
6.86708e-09
1.47471e-06
4.54966e-09
1.47824e-06
2.13372e-09
1.48182e-06
-3.90013e-10
1.48551e-06
-3.03701e-09
1.48933e-06
-5.84068e-09
1.49329e-06
-8.85845e-09
1.49741e-06
-1.21399e-08
1.50163e-06
-1.57692e-08
-1.97707e-08
1.50588e-06
1.44049e-06
2.97755e-09
1.44343e-06
7.89169e-09
1.44694e-06
1.05037e-08
1.45046e-06
1.10131e-08
1.45395e-06
1.03802e-08
1.45743e-06
9.19465e-09
1.46086e-06
7.61172e-09
1.46422e-06
5.70227e-09
1.46752e-06
3.56586e-09
1.47079e-06
1.27971e-09
1.47405e-06
-1.12453e-09
1.47731e-06
-3.65519e-09
1.4806e-06
-6.32074e-09
1.4839e-06
-9.14852e-09
1.48722e-06
-1.21729e-08
1.49051e-06
-1.54271e-08
1.49369e-06
-1.89559e-08
-2.27385e-08
1.49666e-06
1.44021e-06
2.09842e-09
1.44254e-06
5.56415e-09
1.44553e-06
7.50986e-09
1.44868e-06
7.86376e-09
1.45186e-06
7.20257e-09
1.45505e-06
6.0039e-09
1.45822e-06
4.4451e-09
1.46133e-06
2.59306e-09
1.46437e-06
5.19942e-10
1.46736e-06
-1.71107e-09
1.47031e-06
-4.06968e-09
1.47321e-06
-6.55356e-09
1.47606e-06
-9.1696e-09
1.47884e-06
-1.19322e-08
1.48153e-06
-1.48585e-08
1.48406e-06
-1.79617e-08
1.48636e-06
-2.12601e-08
-2.47119e-08
1.48834e-06
1.44003e-06
1.39828e-09
1.44193e-06
3.66795e-09
1.44449e-06
4.94496e-09
1.44731e-06
5.05119e-09
1.4502e-06
4.31309e-09
1.45311e-06
3.08577e-09
1.45602e-06
1.53816e-09
1.45888e-06
-2.64905e-10
1.46167e-06
-2.26966e-09
1.46438e-06
-4.4265e-09
1.46702e-06
-6.70626e-09
1.46957e-06
-9.10025e-09
1.47201e-06
-1.16093e-08
1.47431e-06
-1.42366e-08
1.47644e-06
-1.69856e-08
1.47833e-06
-1.98534e-08
1.47991e-06
-2.28382e-08
-2.58853e-08
1.48108e-06
1.43991e-06
8.20528e-10
1.4415e-06
2.0824e-09
1.44371e-06
2.72667e-09
1.44623e-06
2.53816e-09
1.44885e-06
1.68614e-09
1.45152e-06
4.17767e-10
1.45419e-06
-1.12425e-09
1.4568e-06
-2.88009e-09
1.45934e-06
-4.80855e-09
1.46178e-06
-6.8713e-09
1.46412e-06
-9.04179e-09
1.46633e-06
-1.13074e-08
1.46838e-06
-1.36625e-08
1.47025e-06
-1.61021e-08
1.47188e-06
-1.86193e-08
1.47323e-06
-2.11998e-08
1.47422e-06
-2.383e-08
-2.64529e-08
1.47479e-06
1.43982e-06
3.29997e-10
1.44118e-06
7.25412e-10
1.44312e-06
7.84664e-10
1.44538e-06
2.83669e-10
1.44777e-06
-7.0575e-10
1.45021e-06
-2.02298e-09
1.45264e-06
-3.55909e-09
1.45503e-06
-5.26392e-09
1.45733e-06
-7.10615e-09
1.45951e-06
-9.05691e-09
1.46156e-06
-1.10932e-08
1.46346e-06
-1.32004e-08
1.46516e-06
-1.53681e-08
1.46664e-06
-1.75852e-08
1.46786e-06
-1.98379e-08
1.46877e-06
-2.21055e-08
1.46931e-06
-2.43675e-08
-2.65691e-08
1.46942e-06
1.43976e-06
-9.7198e-11
1.44095e-06
-4.61273e-10
1.44267e-06
-9.39501e-10
1.44471e-06
-1.75285e-09
1.44689e-06
-2.89087e-09
1.44913e-06
-4.25978e-09
1.45136e-06
-5.78605e-09
1.45353e-06
-7.4331e-09
1.4556e-06
-9.17882e-09
1.45754e-06
-1.10024e-08
1.45934e-06
-1.2885e-08
1.46095e-06
-1.48117e-08
1.46235e-06
-1.67691e-08
1.46351e-06
-1.87427e-08
1.46438e-06
-2.07145e-08
1.46494e-06
-2.26612e-08
1.46513e-06
-2.45596e-08
-2.63604e-08
1.46492e-06
1.43972e-06
-4.79258e-10
1.44078e-06
-1.52107e-09
1.44233e-06
-2.49438e-09
1.44419e-06
-3.61047e-09
1.4462e-06
-4.89852e-09
1.44825e-06
-6.31725e-09
1.45029e-06
-7.82734e-09
1.45227e-06
-9.40817e-09
1.45414e-06
-1.10471e-08
1.45587e-06
-1.27307e-08
1.45743e-06
-1.44449e-08
1.45879e-06
-1.61758e-08
1.45993e-06
-1.79093e-08
1.46082e-06
-1.96293e-08
1.46142e-06
-2.13164e-08
1.4617e-06
-2.29472e-08
1.46164e-06
-2.44987e-08
-2.59283e-08
1.46121e-06
1.43968e-06
-8.28189e-10
1.44065e-06
-2.48914e-09
1.44208e-06
-3.92239e-09
1.44379e-06
-5.32671e-09
1.44566e-06
-6.75928e-09
1.44756e-06
-8.22171e-09
1.44944e-06
-9.70702e-09
1.45124e-06
-1.1212e-08
1.45293e-06
-1.27341e-08
1.45447e-06
-1.42672e-08
1.45582e-06
-1.58023e-08
1.45698e-06
-1.73282e-08
1.4579e-06
-1.88316e-08
1.45857e-06
-2.02964e-08
1.45895e-06
-2.17038e-08
1.45904e-06
-2.3032e-08
1.4588e-06
-2.42599e-08
-2.53522e-08
1.45822e-06
1.43966e-06
-1.15492e-09
1.44057e-06
-3.39548e-09
1.44191e-06
-5.26153e-09
1.44352e-06
-6.9379e-09
1.44526e-06
-8.50419e-09
1.44704e-06
-1.00003e-08
1.44878e-06
-1.14503e-08
1.45044e-06
-1.28691e-08
1.45197e-06
-1.42646e-08
1.45334e-06
-1.56384e-08
1.45453e-06
-1.69873e-08
1.4555e-06
-1.83037e-08
1.45625e-06
-1.95761e-08
1.45674e-06
-2.07901e-08
1.45697e-06
-2.19287e-08
1.45691e-06
-2.29725e-08
1.45655e-06
-2.39037e-08
-2.46938e-08
1.45589e-06
1.43965e-06
-1.46993e-09
1.44052e-06
-4.26777e-09
1.44181e-06
-6.54796e-09
1.44335e-06
-8.47982e-09
1.44501e-06
-1.01649e-08
1.44669e-06
-1.16809e-08
1.44832e-06
-1.30831e-08
1.44986e-06
-1.44046e-08
1.45126e-06
-1.5664e-08
1.45249e-06
-1.68712e-08
1.45353e-06
-1.80292e-08
1.45436e-06
-1.91348e-08
1.45497e-06
-2.01794e-08
1.45533e-06
-2.11509e-08
1.45543e-06
-2.2035e-08
1.45528e-06
-2.28154e-08
1.45485e-06
-2.34778e-08
-2.40001e-08
1.45416e-06
1.43965e-06
-1.78375e-09
1.44051e-06
-5.13403e-09
1.44178e-06
-7.81826e-09
1.44329e-06
-9.98888e-09
1.4449e-06
-1.17735e-08
1.44651e-06
-1.32921e-08
1.44806e-06
-1.46319e-08
1.4495e-06
-1.58439e-08
1.45079e-06
-1.69575e-08
1.45191e-06
-1.79914e-08
1.45284e-06
-1.89556e-08
1.45356e-06
-1.98515e-08
1.45405e-06
-2.0674e-08
1.45431e-06
-2.14137e-08
1.45434e-06
-2.20594e-08
1.45412e-06
-2.25983e-08
1.45366e-06
-2.30193e-08
-2.33059e-08
1.45297e-06
1.43966e-06
-2.10793e-09
1.44055e-06
-6.02493e-09
1.44184e-06
-9.11162e-09
1.44336e-06
-1.15029e-08
1.44495e-06
-1.33629e-08
1.44652e-06
-1.48627e-08
1.44801e-06
-1.61234e-08
1.44938e-06
-1.72123e-08
1.45059e-06
-1.81697e-08
1.45162e-06
-1.90237e-08
1.45246e-06
-1.97919e-08
1.45309e-06
-2.04807e-08
1.4535e-06
-2.10882e-08
1.45369e-06
-2.1608e-08
1.45367e-06
-2.20319e-08
1.45342e-06
-2.23505e-08
1.45296e-06
-2.2556e-08
-2.26365e-08
1.45229e-06
1.43968e-06
-2.45623e-09
1.44063e-06
-6.97675e-09
1.44199e-06
-1.04722e-08
1.44355e-06
-1.3062e-08
1.44516e-06
-1.49665e-08
1.44672e-06
-1.64219e-08
1.44818e-06
-1.7584e-08
1.4495e-06
-1.85343e-08
1.45065e-06
-1.93235e-08
1.45162e-06
-1.99907e-08
1.45239e-06
-2.05612e-08
1.45295e-06
-2.1046e-08
1.45331e-06
-2.14461e-08
1.45346e-06
-2.17581e-08
1.45341e-06
-2.19765e-08
1.45315e-06
-2.20952e-08
1.4527e-06
-2.21088e-08
-2.20097e-08
1.45208e-06
1.43972e-06
-2.84634e-09
1.44078e-06
-8.03521e-09
1.44226e-06
-1.1952e-08
1.44391e-06
-1.4709e-08
1.44556e-06
-1.6618e-08
1.44714e-06
-1.7999e-08
1.44859e-06
-1.90403e-08
1.44989e-06
-1.98334e-08
1.45101e-06
-2.04406e-08
1.45193e-06
-2.0913e-08
1.45265e-06
-2.12839e-08
1.45318e-06
-2.15676e-08
1.4535e-06
-2.17678e-08
1.45362e-06
-2.18835e-08
1.45356e-06
-2.19118e-08
1.45331e-06
-2.18492e-08
1.4529e-06
-2.16925e-08
-2.1437e-08
1.45232e-06
1.43979e-06
-3.30271e-09
1.44102e-06
-9.26125e-09
1.44268e-06
-1.36134e-08
1.44446e-06
-1.64897e-08
1.44619e-06
-1.83516e-08
1.44782e-06
-1.96233e-08
1.44929e-06
-2.05178e-08
1.45059e-06
-2.11314e-08
1.45169e-06
-2.15401e-08
1.45259e-06
-2.1809e-08
1.45328e-06
-2.19779e-08
1.45378e-06
-2.20633e-08
1.45408e-06
-2.20705e-08
1.4542e-06
-2.20004e-08
1.45414e-06
-2.18523e-08
1.45391e-06
-2.16245e-08
1.45354e-06
-2.13161e-08
-2.0925e-08
1.45302e-06
1.43989e-06
-3.86169e-09
1.44137e-06
-1.07401e-08
1.44329e-06
-1.55315e-08
1.44525e-06
-1.84513e-08
1.4471e-06
-2.02022e-08
1.4488e-06
-2.13262e-08
1.45033e-06
-2.20422e-08
1.45164e-06
-2.24477e-08
1.45274e-06
-2.2638e-08
1.45363e-06
-2.26931e-08
1.45431e-06
-2.2657e-08
1.45479e-06
-2.25466e-08
1.45509e-06
-2.23675e-08
1.45521e-06
-2.21216e-08
1.45516e-06
-2.18097e-08
1.45497e-06
-2.14315e-08
1.45464e-06
-2.09875e-08
-2.04763e-08
1.45419e-06
1.44005e-06
-4.58122e-09
1.44191e-06
-1.25962e-08
1.44417e-06
-1.77943e-08
1.44636e-06
-2.06385e-08
1.44836e-06
-2.22042e-08
1.45017e-06
-2.31399e-08
1.45177e-06
-2.36392e-08
1.45313e-06
-2.38021e-08
1.45424e-06
-2.37505e-08
1.45513e-06
-2.35794e-08
1.4558e-06
-2.33335e-08
1.45628e-06
-2.30277e-08
1.45658e-06
-2.2667e-08
1.45671e-06
-2.22533e-08
1.45669e-06
-2.17874e-08
1.45653e-06
-2.12705e-08
1.45625e-06
-2.07054e-08
-2.00949e-08
1.45587e-06
1.44031e-06
-5.55945e-09
1.44273e-06
-1.50138e-08
1.44544e-06
-2.05026e-08
1.44789e-06
-2.30944e-08
1.45008e-06
-2.43929e-08
1.45203e-06
-2.50922e-08
1.45372e-06
-2.53248e-08
1.45512e-06
-2.52053e-08
1.45626e-06
-2.48897e-08
1.45716e-06
-2.4482e-08
1.45785e-06
-2.40225e-08
1.45835e-06
-2.35224e-08
1.45867e-06
-2.29845e-08
1.45882e-06
-2.24091e-08
1.45883e-06
-2.17962e-08
1.45871e-06
-2.11481e-08
1.45847e-06
-2.04689e-08
-1.97595e-08
1.45814e-06
1.44075e-06
-6.98026e-09
1.44398e-06
-1.82435e-08
1.44724e-06
-2.37554e-08
1.45001e-06
-2.58721e-08
1.45244e-06
-2.68236e-08
1.45457e-06
-2.72161e-08
1.45635e-06
-2.7103e-08
1.45779e-06
-2.66448e-08
1.45893e-06
-2.60353e-08
1.45983e-06
-2.53771e-08
1.4605e-06
-2.47002e-08
1.46099e-06
-2.40096e-08
1.46131e-06
-2.33034e-08
1.46148e-06
-2.25763e-08
1.46151e-06
-2.18251e-08
1.46141e-06
-2.10538e-08
1.46122e-06
-2.02731e-08
-1.9494e-08
1.46095e-06
1.44161e-06
-9.25396e-09
1.44592e-06
-2.25614e-08
1.44974e-06
-2.75721e-08
1.45285e-06
-2.89823e-08
1.45556e-06
-2.95343e-08
1.45789e-06
-2.95434e-08
1.45979e-06
-2.90064e-08
1.46131e-06
-2.81652e-08
1.46252e-06
-2.72427e-08
1.46347e-06
-2.63273e-08
1.46421e-06
-2.54363e-08
1.46477e-06
-2.45684e-08
1.46517e-06
-2.37113e-08
1.46545e-06
-2.2848e-08
1.46559e-06
-2.19683e-08
1.46562e-06
-2.10801e-08
1.46554e-06
-2.01949e-08
-1.93438e-08
1.46539e-06
1.44339e-06
-1.33119e-08
1.4491e-06
-2.82703e-08
1.45353e-06
-3.19986e-08
1.45714e-06
-3.25915e-08
1.46038e-06
-3.27746e-08
1.46323e-06
-3.23975e-08
1.46568e-06
-3.14608e-08
1.4678e-06
-3.02823e-08
1.46964e-06
-2.9081e-08
1.47124e-06
-2.79241e-08
1.47263e-06
-2.68247e-08
1.47384e-06
-2.57802e-08
1.47489e-06
-2.47633e-08
1.47578e-06
-2.37386e-08
1.4765e-06
-2.26838e-08
1.47704e-06
-2.16252e-08
1.47742e-06
-2.05783e-08
-1.96518e-08
1.47773e-06
1.44765e-06
-2.16263e-08
1.45703e-06
-3.7656e-08
1.46497e-06
-3.99366e-08
1.47214e-06
-3.9765e-08
1.47846e-06
-3.90895e-08
1.48368e-06
-3.76134e-08
1.48782e-06
-3.56018e-08
1.49101e-06
-3.34785e-08
1.49339e-06
-3.14548e-08
1.49505e-06
-2.95849e-08
1.49612e-06
-2.78926e-08
1.49671e-06
-2.63724e-08
1.49691e-06
-2.49618e-08
1.49675e-06
-2.35853e-08
1.49625e-06
-2.21779e-08
1.49537e-06
-2.07493e-08
1.49404e-06
-1.9252e-08
-1.84324e-08
1.49283e-06
1.47048e-06
-5.27749e-08
1.4918e-06
-5.89717e-08
1.5028e-06
-5.09432e-08
1.50656e-06
-4.35174e-08
1.50491e-06
-3.74395e-08
1.49955e-06
-3.22574e-08
1.49187e-06
-2.79239e-08
1.48282e-06
-2.44238e-08
1.473e-06
-2.16396e-08
1.46285e-06
-1.94289e-08
1.45269e-06
-1.77378e-08
1.44277e-06
-1.6452e-08
1.43319e-06
-1.5377e-08
1.42397e-06
-1.43683e-08
1.41509e-06
-1.32966e-08
1.4064e-06
-1.20572e-08
1.39703e-06
-9.88338e-09
-8.95377e-09
1.38755e-06
1.38656e-06
1.32759e-06
1.27664e-06
1.23313e-06
1.19569e-06
1.16343e-06
1.13551e-06
1.11108e-06
1.08944e-06
1.07001e-06
1.05228e-06
1.03582e-06
1.02045e-06
1.00608e-06
9.92781e-07
9.80724e-07
9.70841e-07
9.61887e-07
-5.6938e-08
5.6938e-08
-1.07629e-07
5.06905e-08
-8.25453e-08
-2.50833e-08
3.56799e-08
-1.18225e-07
2.07559e-07
-1.71879e-07
3.89293e-07
-1.81735e-07
5.49116e-07
-1.59822e-07
6.71609e-07
-1.22493e-07
7.50262e-07
-7.86535e-08
7.79038e-07
-2.87761e-08
7.51145e-07
2.78927e-08
6.67127e-07
8.4019e-08
5.39836e-07
1.27291e-07
3.91814e-07
1.48022e-07
2.50522e-07
1.41292e-07
1.38812e-07
1.11709e-07
6.21073e-08
7.6705e-08
1.03003e-08
5.1807e-08
-1.39951e-08
2.42955e-08
-2.20464e-09
-1.17905e-08
5.88305e-08
-6.10352e-08
1.57162e-07
-9.83315e-08
2.4316e-07
-8.59984e-08
2.89387e-07
-4.6227e-08
3.0378e-07
-1.43923e-08
3.04249e-07
-4.69427e-10
2.91272e-07
1.29774e-08
2.46892e-07
4.43801e-08
1.53874e-07
9.30179e-08
8.21552e-09
1.45658e-07
-1.77439e-07
1.85655e-07
-3.81462e-07
2.04022e-07
-5.84982e-07
2.0352e-07
-7.75005e-07
1.90024e-07
-9.43974e-07
1.68968e-07
-1.08866e-06
1.4469e-07
-1.20866e-06
1.19994e-07
-1.30492e-06
9.62646e-08
-1.37906e-06
7.41416e-08
-1.43288e-06
5.38119e-08
-1.46817e-06
3.52982e-08
-1.48685e-06
1.86747e-08
-1.4911e-06
4.25236e-09
-1.48358e-06
-7.51851e-09
-1.46645e-06
-1.71311e-08
-1.44065e-06
-2.57972e-08
-1.40675e-06
-3.3904e-08
-1.3651e-06
-4.16462e-08
-1.31597e-06
-4.91352e-08
-1.25958e-06
-5.63864e-08
-1.19628e-06
-6.3306e-08
-1.12649e-06
-6.97852e-08
-1.05073e-06
-7.5761e-08
-9.69601e-07
-8.11301e-08
-8.8388e-07
-8.57207e-08
-7.94534e-07
-8.93458e-08
-7.02692e-07
-9.18422e-08
-6.09591e-07
-9.31004e-08
-5.1651e-07
-9.30813e-08
-4.24692e-07
-9.1818e-08
-3.35295e-07
-8.93973e-08
-2.49348e-07
-8.59468e-08
-1.67714e-07
-8.16343e-08
-9.10212e-08
-7.66924e-08
-1.99295e-08
-7.10917e-08
4.51497e-08
-6.50793e-08
1.03996e-07
-5.88466e-08
1.56941e-07
-5.29449e-08
2.04238e-07
-4.72969e-08
2.46142e-07
-4.19037e-08
2.82939e-07
-3.67973e-08
3.1494e-07
-3.20007e-08
3.42464e-07
-2.75242e-08
3.65828e-07
-2.33643e-08
3.85331e-07
-1.95023e-08
4.01233e-07
-1.59022e-08
4.1374e-07
-1.25073e-08
4.2295e-07
-9.2099e-09
4.28715e-07
-5.76448e-09
4.30654e-07
-1.93948e-09
4.28822e-07
1.83187e-09
4.23903e-07
4.91896e-09
4.16716e-07
7.18742e-09
4.07934e-07
8.78145e-09
3.98119e-07
9.81548e-09
3.87768e-07
1.03511e-08
3.77328e-07
1.04401e-08
3.67207e-07
1.01202e-08
3.57804e-07
9.40354e-09
3.4951e-07
8.29345e-09
3.42787e-07
6.72308e-09
3.38262e-07
4.52524e-09
3.36722e-07
1.53989e-09
3.39259e-07
-2.53714e-09
3.46756e-07
-7.49654e-09
3.58928e-07
-1.21718e-08
3.73748e-07
-1.482e-08
3.87462e-07
-1.37139e-08
3.9617e-07
-8.70845e-09
3.95557e-07
6.13518e-10
3.80675e-07
1.48816e-08
3.44791e-07
3.58837e-08
2.81379e-07
6.34126e-08
1.89053e-07
9.23251e-08
7.56909e-08
1.13363e-07
-4.75745e-08
1.23265e-07
-1.68144e-07
1.20569e-07
-2.7807e-07
1.09926e-07
-3.73423e-07
9.53525e-08
-4.52748e-07
7.93258e-08
-5.15982e-07
6.32334e-08
-5.63729e-07
4.77471e-08
-5.96862e-07
3.31335e-08
-6.16402e-07
1.95394e-08
-6.23645e-07
7.24357e-09
-6.20116e-07
-3.52955e-09
-6.07123e-07
-1.29932e-08
-5.85368e-07
-2.17543e-08
-5.55389e-07
-2.99794e-08
-5.17701e-07
-3.76878e-08
-4.7286e-07
-4.48413e-08
-4.21502e-07
-5.13576e-08
-3.64376e-07
-5.71265e-08
-3.02316e-07
-6.20593e-08
-2.36223e-07
-6.6093e-08
-1.67146e-07
-6.90776e-08
-9.6218e-08
-7.09277e-08
-2.47599e-08
-7.14581e-08
4.59114e-08
-7.06713e-08
1.14801e-07
-6.88891e-08
1.81102e-07
-6.63019e-08
2.44103e-07
-6.30001e-08
3.03219e-07
-5.91166e-08
3.58005e-07
-5.47854e-08
4.08134e-07
-5.01295e-08
4.53384e-07
-4.52498e-08
4.93601e-07
-4.02171e-08
5.28655e-07
-3.50542e-08
5.58333e-07
-2.96779e-08
5.82122e-07
-2.37887e-08
5.98933e-07
-1.68112e-08
6.07321e-07
-8.38806e-09
6.06809e-07
5.11918e-10
5.98301e-07
8.50861e-09
5.83067e-07
1.52332e-08
5.62292e-07
2.07751e-08
5.3716e-07
2.51325e-08
5.08868e-07
2.82919e-08
4.78606e-07
3.02621e-08
4.47522e-07
3.10839e-08
4.16672e-07
3.08501e-08
3.86961e-07
2.97106e-08
3.591e-07
2.78611e-08
3.33586e-07
2.5514e-08
3.10724e-07
2.28624e-08
2.90657e-07
2.00663e-08
2.7338e-07
1.72773e-08
2.58696e-07
1.46839e-08
2.46172e-07
1.25238e-08
2.35145e-07
1.10278e-08
2.24827e-07
1.03178e-08
2.14509e-07
1.03176e-08
2.03762e-07
1.07474e-08
1.92543e-07
1.12192e-08
1.81283e-07
1.126e-08
1.708e-07
1.04826e-08
1.62245e-07
8.55469e-09
1.56899e-07
5.34676e-09
1.55894e-07
1.00441e-09
1.59752e-07
-3.85761e-09
1.67909e-07
-8.15715e-09
1.78508e-07
-1.05992e-08
1.88968e-07
-1.04597e-08
1.96897e-07
-7.92894e-09
2.00713e-07
-3.8157e-09
1.99514e-07
1.19894e-09
1.92387e-07
7.12609e-09
1.77718e-07
1.46695e-08
1.5403e-07
2.36877e-08
3.38864e-08
1.20144e-07
-4.28558e-08
9.97938e-08
-3.18566e-08
3.96913e-08
6.92341e-08
-1.26174e-07
2.31036e-07
-2.80027e-07
4.17107e-07
-3.5795e-07
5.94461e-07
-3.59089e-07
7.45066e-07
-3.10428e-07
8.60358e-07
-2.37784e-07
9.37859e-07
-1.56155e-07
9.81341e-07
-7.2258e-08
9.96603e-07
1.26309e-08
9.79152e-07
1.0147e-07
9.17045e-07
1.89398e-07
8.04144e-07
2.60922e-07
6.4965e-07
2.95786e-07
4.77995e-07
2.83364e-07
3.22026e-07
2.32674e-07
2.10066e-07
1.63768e-07
1.49177e-07
8.51839e-08
1.45088e-07
-7.7017e-09
1.97314e-07
-1.1326e-07
2.77956e-07
-1.78974e-07
3.46539e-07
-1.54581e-07
3.76829e-07
-7.65171e-08
3.62601e-07
-1.64276e-10
2.92067e-07
7.00643e-08
1.44114e-07
1.60931e-07
-8.09635e-08
2.69457e-07
-3.49824e-07
3.61879e-07
-6.22056e-07
4.1789e-07
-8.71641e-07
4.3524e-07
-1.08616e-06
4.18538e-07
-1.26108e-06
3.78443e-07
-1.39737e-06
3.26311e-07
-1.49943e-06
2.71028e-07
-1.57291e-06
2.18176e-07
-1.62336e-06
1.7044e-07
-1.65564e-06
1.28548e-07
-1.67373e-06
9.223e-08
-1.68071e-06
6.07962e-08
-1.67894e-06
3.35272e-08
-1.66985e-06
9.57987e-09
-1.6542e-06
-1.14013e-08
-1.63119e-06
-3.05263e-08
-1.60016e-06
-4.81635e-08
-1.56149e-06
-6.44639e-08
-1.51562e-06
-7.97677e-08
-1.46291e-06
-9.43569e-08
-1.40363e-06
-1.08422e-07
-1.33798e-06
-1.22037e-07
-1.26613e-06
-1.35156e-07
-1.18826e-06
-1.47649e-07
-1.10472e-06
-1.59303e-07
-1.01604e-06
-1.6981e-07
-9.22966e-07
-1.78795e-07
-8.26441e-07
-1.85871e-07
-7.27576e-07
-1.90707e-07
-6.27596e-07
-1.9308e-07
-5.27763e-07
-1.92914e-07
-4.29306e-07
-1.90275e-07
-3.33346e-07
-1.85357e-07
-2.40846e-07
-1.78447e-07
-1.5258e-07
-1.69901e-07
-6.91824e-08
-1.6009e-07
8.95247e-09
-1.49227e-07
8.14576e-08
-1.37584e-07
1.4842e-07
-1.25809e-07
2.09788e-07
-1.14313e-07
2.65665e-07
-1.03174e-07
3.16243e-07
-9.24816e-08
3.61763e-07
-8.2318e-08
4.02497e-07
-7.27346e-08
4.38729e-07
-6.37558e-08
4.70747e-07
-5.5382e-08
4.98834e-07
-4.75898e-08
5.23262e-07
-4.03306e-08
5.4428e-07
-3.35251e-08
5.62143e-07
-2.70725e-08
5.77303e-07
-2.09246e-08
5.90511e-07
-1.51479e-08
6.02134e-07
-9.79046e-09
6.11872e-07
-4.81902e-09
6.19256e-07
-1.96925e-10
6.23956e-07
4.08139e-09
6.25794e-07
7.97808e-09
6.24663e-07
1.14813e-08
6.20537e-07
1.45659e-08
6.13527e-07
1.71311e-08
6.03949e-07
1.89812e-08
5.92424e-07
1.98182e-08
5.79953e-07
1.91947e-08
5.67903e-07
1.6575e-08
5.5788e-07
1.15624e-08
5.51395e-07
3.94819e-09
5.49245e-07
-5.34696e-09
5.51397e-07
-1.43239e-08
5.55907e-07
-1.93294e-08
5.57206e-07
-1.50129e-08
5.47054e-07
1.44342e-09
5.12241e-07
3.54268e-08
4.40192e-07
8.69306e-08
3.24714e-07
1.51362e-07
1.71661e-07
2.16465e-07
4.05143e-09
2.59935e-07
-1.5398e-07
2.71394e-07
-2.88932e-07
2.58217e-07
-3.9827e-07
2.29907e-07
-4.83279e-07
1.94936e-07
-5.46887e-07
1.58961e-07
-5.92544e-07
1.24982e-07
-6.23468e-07
9.4157e-08
-6.42346e-07
6.66258e-08
-6.51301e-07
4.20883e-08
-6.51779e-07
2.00173e-08
-6.44662e-07
1.26758e-10
-6.29643e-07
-1.85489e-08
-6.06392e-07
-3.62439e-08
-5.75155e-07
-5.29917e-08
-5.36285e-07
-6.88489e-08
-4.90194e-07
-8.37793e-08
-4.37358e-07
-9.76772e-08
-3.7836e-07
-1.10356e-07
-3.13906e-07
-1.2158e-07
-2.44796e-07
-1.31169e-07
-1.71937e-07
-1.38952e-07
-9.6364e-08
-1.44651e-07
-1.92227e-08
-1.48069e-07
5.83655e-08
-1.49046e-07
1.35428e-07
-1.47734e-07
2.10989e-07
-1.4445e-07
2.84151e-07
-1.39463e-07
3.54194e-07
-1.33043e-07
4.20551e-07
-1.25474e-07
4.82796e-07
-1.1703e-07
5.40628e-07
-1.07961e-07
5.93843e-07
-9.84649e-08
6.42296e-07
-8.86701e-08
6.85847e-07
-7.86051e-08
7.24368e-07
-6.81989e-08
7.57939e-07
-5.73599e-08
7.87245e-07
-4.61169e-08
8.13456e-07
-3.45991e-08
8.36659e-07
-2.26917e-08
8.5539e-07
-1.02222e-08
8.68065e-07
2.55833e-09
8.73622e-07
1.52178e-08
8.7137e-07
2.73849e-08
8.6097e-07
3.86918e-08
8.4248e-07
4.87522e-08
8.16351e-07
5.72123e-08
7.83415e-07
6.37861e-08
7.44845e-07
6.82807e-08
7.021e-07
7.06061e-08
6.56846e-07
7.07687e-08
6.10846e-07
6.88619e-08
5.65828e-07
6.50842e-08
5.23304e-07
5.98018e-08
4.84363e-07
5.36245e-08
4.4948e-07
4.74065e-08
4.18428e-07
4.20799e-08
3.90402e-07
3.83442e-08
3.64347e-07
3.63724e-08
3.39361e-07
3.57336e-08
3.15054e-07
3.55263e-08
2.9161e-07
3.47038e-08
2.69915e-07
3.2177e-08
2.51267e-07
2.72028e-08
2.3745e-07
1.91638e-08
2.30118e-07
8.33657e-09
2.30178e-07
-3.91711e-09
2.37309e-07
-1.52884e-08
2.49259e-07
-2.25492e-08
2.61921e-07
-2.3122e-08
2.70431e-07
-1.64389e-08
2.70465e-07
-3.85004e-09
2.58486e-07
1.31778e-08
2.31385e-07
3.42272e-08
1.8798e-07
5.80751e-08
1.30686e-07
8.0981e-08
1.00337e-07
6.42354e-08
-5.2988e-10
1.00324e-07
7.52427e-08
-3.60812e-08
2.303e-07
-2.81231e-07
4.16449e-07
-4.66176e-07
5.94543e-07
-5.36043e-07
7.46056e-07
-5.10602e-07
8.65648e-07
-4.3002e-07
9.54316e-07
-3.26452e-07
1.01544e-06
-2.17281e-07
1.05164e-06
-1.08455e-07
1.06534e-06
-1.06568e-09
1.05909e-06
1.07719e-07
1.03212e-06
2.16359e-07
9.74444e-07
3.18603e-07
8.75047e-07
3.95183e-07
7.36819e-07
4.21592e-07
5.83434e-07
3.86059e-07
4.4926e-07
2.97941e-07
3.58009e-07
1.76435e-07
3.19109e-07
3.1199e-08
3.32425e-07
-1.26577e-07
3.67031e-07
-2.1358e-07
3.76127e-07
-1.63677e-07
3.29327e-07
-2.97174e-08
2.03903e-07
1.2526e-07
-1.34377e-08
2.87405e-07
-2.96234e-07
4.43727e-07
-5.8936e-07
5.62583e-07
-8.53631e-07
6.26149e-07
-1.07028e-06
6.34536e-07
-1.23518e-06
6.00141e-07
-1.35518e-06
5.38539e-07
-1.44131e-06
4.64577e-07
-1.50414e-06
3.89142e-07
-1.55152e-06
3.18401e-07
-1.58814e-06
2.54798e-07
-1.61625e-06
1.98552e-07
-1.6366e-06
1.48899e-07
-1.64923e-06
1.04857e-07
-1.65396e-06
6.55299e-08
-1.65065e-06
3.0215e-08
-1.63943e-06
-1.63832e-09
-1.62024e-06
-3.0596e-08
-1.59356e-06
-5.72e-08
-1.55992e-06
-8.18117e-08
-1.5196e-06
-1.04777e-07
-1.47289e-06
-1.26476e-07
-1.41999e-06
-1.47259e-07
-1.36102e-06
-1.67393e-07
-1.29604e-06
-1.87014e-07
-1.2251e-06
-2.06104e-07
-1.14827e-06
-2.24478e-07
-1.0658e-06
-2.41776e-07
-9.78125e-07
-2.57481e-07
-8.85944e-07
-2.70975e-07
-7.90185e-07
-2.81631e-07
-6.91983e-07
-2.88908e-07
-5.92617e-07
-2.92447e-07
-4.93411e-07
-2.9212e-07
-3.95651e-07
-2.88035e-07
-3.00493e-07
-2.80515e-07
-2.08905e-07
-2.70035e-07
-1.21642e-07
-2.57164e-07
-3.92435e-08
-2.42488e-07
3.79026e-08
-2.26373e-07
1.09618e-07
-2.093e-07
1.75943e-07
-1.92134e-07
2.36876e-07
-1.75246e-07
2.92556e-07
-1.58854e-07
3.43207e-07
-1.43132e-07
3.89094e-07
-1.28206e-07
4.30509e-07
-1.14149e-07
4.67749e-07
-1.00996e-07
5.01113e-07
-8.87461e-08
5.30898e-07
-7.73753e-08
5.57404e-07
-6.68361e-08
5.80939e-07
-5.70602e-08
6.01832e-07
-4.79655e-08
6.20409e-07
-3.95012e-08
6.36952e-07
-3.16915e-08
6.51742e-07
-2.45807e-08
6.65107e-07
-1.81834e-08
6.77378e-07
-1.24685e-08
6.88759e-07
-7.29984e-09
6.99174e-07
-2.43683e-09
7.08295e-07
2.36091e-09
7.15632e-07
7.2286e-09
7.20616e-07
1.21471e-08
7.22725e-07
1.68721e-08
7.21655e-07
2.08889e-08
7.17393e-07
2.34561e-08
7.10211e-07
2.37572e-08
7.00645e-07
2.11286e-08
6.89295e-07
1.52977e-08
6.76754e-07
7.19384e-09
6.62649e-07
-2.18523e-10
6.43955e-07
-6.34859e-10
6.13827e-07
1.51148e-08
5.60235e-07
5.50349e-08
4.72457e-07
1.23205e-07
3.45736e-07
2.13652e-07
1.89192e-07
3.07906e-07
2.53831e-08
3.80274e-07
-1.18552e-07
4.0387e-07
-2.33893e-07
3.86736e-07
-3.2217e-07
3.46493e-07
-3.88944e-07
2.96682e-07
-4.3992e-07
2.45912e-07
-4.7927e-07
1.98312e-07
-5.09449e-07
1.5516e-07
-5.31644e-07
1.16352e-07
-5.46279e-07
8.12609e-08
-5.53357e-07
4.91659e-08
-5.52891e-07
1.95521e-08
-5.44691e-07
-8.07327e-09
-5.28748e-07
-3.44922e-08
-5.05245e-07
-5.97469e-08
-4.74338e-07
-8.38985e-08
-4.36237e-07
-1.0695e-07
-3.9123e-07
-1.28787e-07
-3.39693e-07
-1.49213e-07
-2.82137e-07
-1.67912e-07
-2.19201e-07
-1.84516e-07
-1.51655e-07
-1.98715e-07
-8.03272e-08
-2.1028e-07
-6.35169e-09
-2.18626e-07
6.91673e-08
-2.23588e-07
1.45194e-07
-2.25073e-07
2.20748e-07
-2.23288e-07
2.94863e-07
-2.18565e-07
3.66698e-07
-2.11298e-07
4.35574e-07
-2.0192e-07
5.00973e-07
-1.90873e-07
5.62527e-07
-1.78585e-07
6.20001e-07
-1.65435e-07
6.73273e-07
-1.51736e-07
7.22311e-07
-1.37708e-07
7.67174e-07
-1.23468e-07
8.08001e-07
-1.09026e-07
8.44976e-07
-9.43356e-08
8.78264e-07
-7.94045e-08
9.07997e-07
-6.43325e-08
9.34507e-07
-4.92018e-08
9.58283e-07
-3.39978e-08
9.79413e-07
-1.85714e-08
9.97428e-07
-2.79712e-09
1.01153e-06
1.32848e-08
1.02069e-06
2.95325e-08
1.02373e-06
4.57087e-08
1.0195e-06
6.1439e-08
1.00707e-06
7.62225e-08
9.85876e-07
8.94722e-08
9.5591e-07
1.00572e-07
9.17734e-07
1.08945e-07
8.7246e-07
1.14136e-07
8.21649e-07
1.15895e-07
7.67174e-07
1.14277e-07
7.1108e-07
1.09719e-07
6.55414e-07
1.03072e-07
6.0197e-07
9.5524e-08
5.5198e-07
8.83342e-08
5.05902e-07
8.24501e-08
4.63488e-07
7.81481e-08
4.24091e-07
7.49232e-08
3.87138e-07
7.16567e-08
3.52444e-07
6.68711e-08
3.20535e-07
5.91112e-08
2.92681e-07
4.70182e-08
2.70824e-07
3.01936e-08
2.57175e-07
9.73147e-09
2.52746e-07
-1.08592e-08
2.56284e-07
-2.60874e-08
2.6344e-07
-3.02773e-08
2.67527e-07
-2.0526e-08
2.61591e-07
2.08556e-09
2.40199e-07
3.45697e-08
2.00693e-07
7.3733e-08
1.44574e-07
1.14195e-07
7.8098e-08
1.47457e-07
1.66794e-07
1.16411e-08
3.51501e-08
6.51736e-08
1.73597e-07
-1.74529e-07
3.66873e-07
-4.74506e-07
5.50194e-07
-6.49497e-07
6.96231e-07
-6.82081e-07
8.03977e-07
-6.18348e-07
8.81555e-07
-5.07598e-07
9.37393e-07
-3.8229e-07
9.77564e-07
-2.57451e-07
1.00555e-06
-1.36446e-07
1.02267e-06
-1.81832e-08
1.02791e-06
1.02482e-07
1.0207e-06
2.23567e-07
9.97029e-07
3.42276e-07
9.46519e-07
4.45693e-07
8.59978e-07
5.08133e-07
7.43283e-07
5.02753e-07
6.19501e-07
4.21723e-07
5.14328e-07
2.81608e-07
4.44765e-07
1.00762e-07
4.13424e-07
-9.52361e-08
3.82156e-07
-1.82312e-07
2.97325e-07
-7.8845e-08
1.27632e-07
1.39975e-07
-1.25766e-07
3.78658e-07
-4.21801e-07
5.8344e-07
-7.05008e-07
7.26934e-07
-9.3948e-07
7.97055e-07
-1.11383e-06
8.00496e-07
-1.23427e-06
7.54976e-07
-1.31522e-06
6.81095e-07
-1.37229e-06
5.95611e-07
-1.41715e-06
5.09437e-07
-1.45602e-06
4.28013e-07
-1.4908e-06
3.53178e-07
-1.52102e-06
2.85018e-07
-1.54547e-06
2.23002e-07
-1.56308e-06
1.66504e-07
-1.57319e-06
1.1497e-07
-1.5756e-06
6.79383e-08
-1.57036e-06
2.49732e-08
-1.55771e-06
-1.42802e-08
-1.53795e-06
-5.03555e-08
-1.51152e-06
-8.36318e-08
-1.47881e-06
-1.14519e-07
-1.44013e-06
-1.43457e-07
-1.3957e-06
-1.70914e-07
-1.34562e-06
-1.97341e-07
-1.28989e-06
-2.23115e-07
-1.22845e-06
-2.48461e-07
-1.16116e-06
-2.73396e-07
-1.08795e-06
-2.97683e-07
-1.00891e-06
-3.20813e-07
-9.24361e-07
-3.42032e-07
-8.34906e-07
-3.6043e-07
-7.41463e-07
-3.75074e-07
-6.4521e-07
-3.85161e-07
-5.47509e-07
-3.90148e-07
-4.49793e-07
-3.89836e-07
-3.53444e-07
-3.84383e-07
-2.597e-07
-3.7426e-07
-1.69573e-07
-3.60162e-07
-8.38075e-08
-3.42929e-07
-3.03627e-09
-3.23259e-07
7.2322e-08
-3.01731e-07
1.4226e-07
-2.79238e-07
2.06759e-07
-2.56633e-07
2.65887e-07
-2.34374e-07
3.19829e-07
-2.12796e-07
3.68839e-07
-1.92142e-07
4.13204e-07
-1.72571e-07
4.5323e-07
-1.54175e-07
4.89224e-07
-1.3699e-07
5.21489e-07
-1.21011e-07
5.50319e-07
-1.06206e-07
5.76004e-07
-9.25204e-08
5.98833e-07
-7.98899e-08
6.19117e-07
-6.82493e-08
6.37173e-07
-5.75571e-08
6.53291e-07
-4.78096e-08
6.67719e-07
-3.90089e-08
6.8067e-07
-3.11345e-08
6.92342e-07
-2.414e-08
7.02977e-07
-1.79349e-08
7.12909e-07
-1.23686e-08
7.22465e-07
-7.19514e-09
7.31759e-07
-2.0654e-09
7.4054e-07
3.36568e-09
7.48154e-07
9.25872e-09
7.53629e-07
1.54139e-08
7.55885e-07
2.12002e-08
7.54018e-07
2.56242e-08
7.47536e-07
2.76099e-08
7.36226e-07
2.66086e-08
7.19554e-07
2.38657e-08
6.95306e-07
2.40289e-08
6.58485e-07
3.6186e-08
6.01452e-07
7.21484e-08
5.158e-07
1.40687e-07
3.9845e-07
2.40555e-07
2.57001e-07
3.551e-07
1.10753e-07
4.54154e-07
-1.58836e-08
5.06911e-07
-1.14654e-07
5.0264e-07
-1.8934e-07
4.61422e-07
-2.47107e-07
4.0426e-07
-2.94121e-07
3.43695e-07
-3.33819e-07
2.8561e-07
-3.67324e-07
2.31816e-07
-3.94577e-07
1.82414e-07
-4.15148e-07
1.36923e-07
-4.28684e-07
9.47976e-08
-4.3489e-07
5.5372e-08
-4.34062e-07
1.87234e-08
-4.25893e-07
-1.62418e-08
-4.10569e-07
-4.98163e-08
-3.8817e-07
-8.21457e-08
-3.58785e-07
-1.13284e-07
-3.22524e-07
-1.43212e-07
-2.79564e-07
-1.71746e-07
-2.30208e-07
-1.9857e-07
-1.74859e-07
-2.23262e-07
-1.14147e-07
-2.45229e-07
-4.87979e-08
-2.64064e-07
2.01123e-08
-2.7919e-07
9.15681e-08
-2.90082e-07
1.64423e-07
-2.96443e-07
2.37653e-07
-2.98303e-07
3.10261e-07
-2.95896e-07
3.81321e-07
-2.89625e-07
4.50037e-07
-2.80015e-07
5.15773e-07
-2.67655e-07
5.78059e-07
-2.53158e-07
6.36582e-07
-2.37108e-07
6.91169e-07
-2.20022e-07
7.41757e-07
-2.02325e-07
7.88378e-07
-1.84329e-07
8.31142e-07
-1.66231e-07
8.70239e-07
-1.48123e-07
9.05935e-07
-1.30031e-07
9.38497e-07
-1.11967e-07
9.68106e-07
-9.39411e-08
9.94846e-07
-7.59416e-08
1.01879e-06
-5.79454e-08
1.04016e-06
-3.99335e-08
1.05922e-06
-2.1861e-08
1.07615e-06
-3.64166e-09
1.09087e-06
1.48116e-08
1.103e-06
3.35714e-08
1.11178e-06
5.26611e-08
1.11603e-06
7.19747e-08
1.1143e-06
9.1202e-08
1.10509e-06
1.09786e-07
1.08709e-06
1.26943e-07
1.05947e-06
1.41755e-07
1.02203e-06
1.53331e-07
9.75331e-07
1.60979e-07
9.20681e-07
1.64369e-07
8.60107e-07
1.63646e-07
7.96172e-07
1.59459e-07
7.31626e-07
1.52879e-07
6.68918e-07
1.45158e-07
6.09706e-07
1.3736e-07
5.54645e-07
1.29985e-07
5.03566e-07
1.22735e-07
4.55898e-07
1.14539e-07
4.11234e-07
1.03775e-07
3.69591e-07
8.8661e-08
3.31913e-07
6.78723e-08
3.00212e-07
4.14318e-08
2.77149e-07
1.22037e-08
2.64015e-07
-1.29532e-08
2.58504e-07
-2.47661e-08
2.54353e-07
-1.63748e-08
2.43295e-07
1.3143e-08
2.18989e-07
5.8876e-08
1.79819e-07
1.12903e-07
1.29076e-07
1.64938e-07
7.35907e-08
2.02942e-07
2.19371e-07
2.10144e-08
6.89331e-08
-3.75952e-09
2.62806e-07
-3.68402e-07
4.62682e-07
-6.74382e-07
6.12952e-07
-7.99767e-07
7.1058e-07
-7.79709e-07
7.71662e-07
-6.7943e-07
8.12017e-07
-5.47952e-07
8.41922e-07
-4.12196e-07
8.66799e-07
-2.82328e-07
8.88906e-07
-1.58553e-07
9.08069e-07
-3.73461e-08
9.2372e-07
8.68308e-08
9.3221e-07
2.15078e-07
9.30107e-07
3.44379e-07
9.10769e-07
4.65031e-07
8.6375e-07
5.55152e-07
7.8435e-07
5.82153e-07
6.822e-07
5.23873e-07
5.7623e-07
3.87579e-07
4.89067e-07
1.87925e-07
4.16892e-07
-2.30613e-08
3.06707e-07
-7.21272e-08
1.06335e-07
1.21527e-07
-1.72386e-07
4.18697e-07
-4.68797e-07
6.75069e-07
-7.34779e-07
8.49422e-07
-9.41412e-07
9.33567e-07
-1.08404e-06
9.3968e-07
-1.17488e-06
8.91343e-07
-1.23274e-06
8.12831e-07
-1.27422e-06
7.22578e-07
-1.30977e-06
6.31162e-07
-1.34357e-06
5.43236e-07
-1.37581e-06
4.6025e-07
-1.40507e-06
3.82444e-07
-1.42981e-06
3.09752e-07
-1.44885e-06
2.42044e-07
-1.4615e-06
1.79154e-07
-1.46741e-06
1.20878e-07
-1.46651e-06
6.70417e-08
-1.45892e-06
1.73787e-08
-1.44483e-06
-2.83625e-08
-1.42462e-06
-7.05713e-08
-1.39866e-06
-1.0959e-07
-1.36733e-06
-1.4585e-07
-1.33093e-06
-1.7986e-07
-1.28964e-06
-2.122e-07
-1.24351e-06
-2.43469e-07
-1.19243e-06
-2.74201e-07
-1.13612e-06
-3.04764e-07
-1.07427e-06
-3.35253e-07
-1.00654e-06
-3.65404e-07
-9.32806e-07
-3.94552e-07
-8.53164e-07
-4.21674e-07
-7.68096e-07
-4.45498e-07
-6.78467e-07
-4.64702e-07
-5.85495e-07
-4.78133e-07
-4.90645e-07
-4.84998e-07
-3.95476e-07
-4.85005e-07
-3.01505e-07
-4.78354e-07
-2.10067e-07
-4.65698e-07
-1.2222e-07
-4.48009e-07
-3.88005e-08
-4.26349e-07
3.94845e-08
-4.01544e-07
1.12309e-07
-3.74555e-07
1.79715e-07
-3.46644e-07
2.41699e-07
-3.18617e-07
2.98388e-07
-2.91063e-07
3.50005e-07
-2.64414e-07
3.9683e-07
-2.38966e-07
4.39166e-07
-2.14908e-07
4.77329e-07
-1.92338e-07
5.11631e-07
-1.71291e-07
5.42374e-07
-1.51753e-07
5.69845e-07
-1.33677e-07
5.94321e-07
-1.16997e-07
6.1607e-07
-1.01638e-07
6.35352e-07
-8.75316e-08
6.52422e-07
-7.46271e-08
6.67512e-07
-6.28998e-08
6.8084e-07
-5.23368e-08
6.92621e-07
-4.29154e-08
7.03066e-07
-3.45852e-08
7.12377e-07
-2.72461e-08
7.20742e-07
-2.07333e-08
7.2835e-07
-1.48031e-08
7.35405e-07
-9.12066e-09
7.42044e-07
-3.27353e-09
7.4815e-07
3.15305e-09
7.53195e-07
1.03691e-08
7.56248e-07
1.81472e-08
7.56135e-07
2.57371e-08
7.51596e-07
3.21485e-08
7.41117e-07
3.70874e-08
7.22337e-07
4.26459e-08
6.91282e-07
5.50842e-08
6.42332e-07
8.51363e-08
5.69798e-07
1.44682e-07
4.71234e-07
2.3925e-07
3.51876e-07
3.59914e-07
2.26226e-07
4.8075e-07
1.13021e-07
5.6736e-07
2.37106e-08
5.96221e-07
-4.38046e-08
5.70155e-07
-9.68963e-08
5.14513e-07
-1.41691e-07
4.49055e-07
-1.81284e-07
3.83289e-07
-2.1624e-07
3.20565e-07
-2.46036e-07
2.61612e-07
-2.70036e-07
2.06414e-07
-2.87881e-07
1.54768e-07
-2.992e-07
1.06117e-07
-3.04343e-07
6.05147e-08
-3.0294e-07
1.73202e-08
-2.95042e-07
-2.41395e-08
-2.80667e-07
-6.41912e-08
-2.59747e-07
-1.03067e-07
-2.32293e-07
-1.40737e-07
-1.98305e-07
-1.77199e-07
-1.57912e-07
-2.1214e-07
-1.11191e-07
-2.4529e-07
-5.87468e-08
-2.75706e-07
-8.65064e-10
-3.0311e-07
6.14954e-08
-3.26424e-07
1.27215e-07
-3.44909e-07
1.95232e-07
-3.58099e-07
2.64517e-07
-3.65727e-07
3.34023e-07
-3.67809e-07
4.02755e-07
-3.64628e-07
4.69823e-07
-3.56693e-07
5.34478e-07
-3.4467e-07
5.96143e-07
-3.29321e-07
6.54412e-07
-3.11427e-07
7.09037e-07
-2.91733e-07
7.59912e-07
-2.70897e-07
8.07045e-07
-2.49457e-07
8.50529e-07
-2.27814e-07
8.90527e-07
-2.06229e-07
9.27248e-07
-1.84845e-07
9.6093e-07
-1.63713e-07
9.91797e-07
-1.42834e-07
1.02004e-06
-1.22184e-07
1.04581e-06
-1.01711e-07
1.06921e-06
-8.13457e-08
1.09029e-06
-6.1015e-08
1.10908e-06
-4.06496e-08
1.12563e-06
-2.01932e-08
1.14006e-06
3.85119e-10
1.15251e-06
2.11158e-08
1.16311e-06
4.20665e-08
1.17174e-06
6.33398e-08
1.17792e-06
8.50225e-08
1.18062e-06
1.07083e-07
1.17832e-06
1.29251e-07
1.16914e-06
1.50931e-07
1.15125e-06
1.71219e-07
1.12322e-06
1.89011e-07
1.08439e-06
2.03203e-07
1.03512e-06
2.12909e-07
9.76916e-07
2.17666e-07
9.12216e-07
2.17579e-07
8.44049e-07
2.13326e-07
7.75431e-07
2.05978e-07
7.0878e-07
1.96636e-07
6.45529e-07
1.85986e-07
5.86116e-07
1.73952e-07
5.30258e-07
1.59634e-07
4.77343e-07
1.41575e-07
4.26903e-07
1.18313e-07
3.79196e-07
8.91385e-08
3.36231e-07
5.51686e-08
3.01524e-07
2.17539e-08
2.77446e-07
-6.88191e-10
2.61263e-07
-1.91228e-10
2.45678e-07
2.87278e-08
2.2368e-07
8.08742e-08
1.9305e-07
1.43532e-07
1.56133e-07
2.01856e-07
1.17204e-07
2.4187e-07
2.56839e-07
7.97358e-08
1.16499e-07
-1.20259e-07
3.2939e-07
-5.81292e-07
5.00381e-07
-8.45373e-07
6.01214e-07
-9.006e-07
6.52868e-07
-8.31363e-07
6.79763e-07
-7.06325e-07
6.97028e-07
-5.65218e-07
7.1241e-07
-4.27577e-07
7.2933e-07
-2.99248e-07
7.48415e-07
-1.77638e-07
7.68531e-07
-5.74624e-08
7.88556e-07
6.68064e-08
8.0524e-07
1.98394e-07
8.14643e-07
3.34977e-07
8.11536e-07
4.68138e-07
7.87318e-07
5.7937e-07
7.33946e-07
6.35525e-07
6.51689e-07
6.06131e-07
5.52764e-07
4.86503e-07
4.58914e-07
2.81775e-07
3.48306e-07
8.75468e-08
1.45403e-07
1.30776e-07
-1.49089e-07
4.16018e-07
-4.49762e-07
7.1937e-07
-7.06193e-07
9.315e-07
-8.95773e-07
1.039e-06
-1.01915e-06
1.05695e-06
-1.09256e-06
1.01309e-06
-1.1367e-06
9.35478e-07
-1.1682e-06
8.44331e-07
-1.19629e-06
7.50663e-07
-1.224e-06
6.58877e-07
-1.25108e-06
5.70311e-07
-1.27623e-06
4.85401e-07
-1.29822e-06
4.04432e-07
-1.31607e-06
3.2761e-07
-1.32906e-06
2.5503e-07
-1.33662e-06
1.86715e-07
-1.33838e-06
1.22639e-07
-1.33418e-06
6.28415e-08
-1.3241e-06
7.29909e-09
-1.30829e-06
-4.41787e-08
-1.28713e-06
-9.17278e-08
-1.26109e-06
-1.35632e-07
-1.23063e-06
-1.76307e-07
-1.19616e-06
-2.14329e-07
-1.15794e-06
-2.50426e-07
-1.116e-06
-2.85408e-07
-1.07014e-06
-3.20057e-07
-1.01993e-06
-3.54973e-07
-9.64769e-07
-3.90415e-07
-9.04024e-07
-4.26149e-07
-8.37202e-07
-4.61374e-07
-7.64118e-07
-4.94757e-07
-6.85034e-07
-5.24582e-07
-6.00715e-07
-5.49021e-07
-5.1239e-07
-5.66459e-07
-4.21627e-07
-5.75761e-07
-3.30133e-07
-5.76499e-07
-2.3957e-07
-5.68917e-07
-1.51373e-07
-5.53895e-07
-6.66978e-08
-5.32684e-07
1.3425e-08
-5.06471e-07
8.82979e-08
-4.76417e-07
1.57837e-07
-4.44095e-07
2.21977e-07
-4.10784e-07
2.80776e-07
-3.77415e-07
3.34413e-07
-3.44699e-07
3.83144e-07
-3.13145e-07
4.27269e-07
-2.83091e-07
4.67106e-07
-2.54745e-07
5.02975e-07
-2.28207e-07
5.35189e-07
-2.03505e-07
5.64047e-07
-1.80611e-07
5.8983e-07
-1.59461e-07
6.12802e-07
-1.39969e-07
6.33208e-07
-1.22044e-07
6.51277e-07
-1.056e-07
6.6722e-07
-9.05699e-08
6.81227e-07
-7.69075e-08
6.93475e-07
-6.45841e-08
7.04129e-07
-5.35701e-08
7.1336e-07
-4.3816e-08
7.21343e-07
-3.5229e-08
7.28256e-07
-2.76465e-08
7.34262e-07
-2.08088e-08
7.39484e-07
-1.43422e-08
7.43986e-07
-7.77591e-09
7.4775e-07
-6.11445e-10
7.50581e-07
7.53832e-09
7.51972e-07
1.67567e-08
7.50969e-07
2.67399e-08
7.46018e-07
3.7099e-08
7.34699e-07
4.84068e-08
7.1344e-07
6.39046e-08
6.77632e-07
9.08924e-08
6.22709e-07
1.40059e-07
5.4638e-07
2.21011e-07
4.51362e-07
3.34269e-07
3.47143e-07
4.64132e-07
2.47871e-07
5.80022e-07
1.65428e-07
6.49803e-07
1.02449e-07
6.592e-07
5.27224e-08
6.19882e-07
1.03513e-08
5.56884e-07
-2.77161e-08
4.87122e-07
-6.21484e-08
4.17721e-07
-9.24278e-08
3.50845e-07
-1.17952e-07
2.87136e-07
-1.38289e-07
2.26751e-07
-1.53272e-07
1.69751e-07
-1.62612e-07
1.15457e-07
-1.66624e-07
6.45267e-08
-1.64843e-07
1.55393e-08
-1.57262e-07
-3.17204e-08
-1.4393e-07
-7.75235e-08
-1.24546e-07
-1.2245e-07
-9.91936e-08
-1.66089e-07
-6.76097e-08
-2.08783e-07
-2.96892e-08
-2.5006e-07
1.42376e-08
-2.89217e-07
6.39643e-08
-3.25433e-07
1.18531e-07
-3.57677e-07
1.77145e-07
-3.85038e-07
2.38902e-07
-4.06667e-07
3.02769e-07
-4.21966e-07
3.67676e-07
-4.30635e-07
4.32579e-07
-4.32712e-07
4.96511e-07
-4.2856e-07
5.58632e-07
-4.18814e-07
6.18265e-07
-4.04304e-07
6.74913e-07
-3.85968e-07
7.28253e-07
-3.64767e-07
7.78126e-07
-3.41605e-07
8.24505e-07
-3.17277e-07
8.67473e-07
-2.92424e-07
9.07183e-07
-2.67524e-07
9.43842e-07
-2.42888e-07
9.7768e-07
-2.18683e-07
1.00893e-06
-1.94966e-07
1.03781e-06
-1.71715e-07
1.06449e-06
-1.48864e-07
1.0891e-06
-1.26313e-07
1.1117e-06
-1.03948e-07
1.13234e-06
-8.1657e-08
1.15103e-06
-5.93356e-08
1.16772e-06
-3.68886e-08
1.18236e-06
-1.42486e-08
1.19488e-06
8.59648e-09
1.20532e-06
3.16272e-08
1.21382e-06
5.48341e-08
1.22059e-06
7.82545e-08
1.22568e-06
1.01991e-07
1.22877e-06
1.26166e-07
1.22889e-06
1.50805e-07
1.22444e-06
1.7567e-07
1.21333e-06
2.00123e-07
1.19344e-06
2.23095e-07
1.16314e-06
2.43205e-07
1.12179e-06
2.59018e-07
1.06998e-06
2.69388e-07
1.00954e-06
2.73761e-07
9.43215e-07
2.72308e-07
8.7405e-07
2.65801e-07
8.04798e-07
2.55238e-07
7.37384e-07
2.41365e-07
6.72693e-07
2.24325e-07
6.10637e-07
2.03631e-07
5.50465e-07
1.78486e-07
4.91338e-07
1.48265e-07
4.33275e-07
1.13232e-07
3.7885e-07
7.61788e-08
3.33181e-07
4.49805e-08
3.00038e-07
3.29522e-08
2.7725e-07
5.15157e-08
2.58302e-07
9.98222e-08
2.38197e-07
1.63637e-07
2.15824e-07
2.24229e-07
1.91848e-07
2.65846e-07
2.82315e-07
1.66373e-07
1.60223e-07
-2.80482e-07
3.5663e-07
-7.77698e-07
4.77855e-07
-9.66598e-07
5.32496e-07
-9.55241e-07
5.53873e-07
-8.5274e-07
5.6277e-07
-7.15221e-07
5.68884e-07
-5.71332e-07
5.77626e-07
-4.36319e-07
5.91379e-07
-3.13002e-07
6.09477e-07
-1.95736e-07
6.29695e-07
-7.76807e-08
6.49972e-07
4.6529e-08
6.67953e-07
1.80412e-07
6.80251e-07
3.22679e-07
6.82398e-07
4.65991e-07
6.67757e-07
5.94011e-07
6.28397e-07
6.74884e-07
5.59683e-07
6.74845e-07
4.71003e-07
5.75183e-07
3.74147e-07
3.78632e-07
2.12779e-07
2.48914e-07
-6.54309e-08
4.08986e-07
-3.74561e-07
7.25148e-07
-6.33324e-07
9.78133e-07
-8.1903e-07
1.11721e-06
-9.3517e-07
1.15514e-06
-1.00024e-06
1.12201e-06
-1.03629e-06
1.04915e-06
-1.06027e-06
9.59456e-07
-1.0812e-06
8.65267e-07
-1.10205e-06
7.71504e-07
-1.12286e-06
6.79696e-07
-1.14297e-06
5.90417e-07
-1.16161e-06
5.04047e-07
-1.17801e-06
4.20829e-07
-1.19127e-06
3.40869e-07
-1.20045e-06
2.64212e-07
-1.20472e-06
1.90985e-07
-1.20348e-06
1.21393e-07
-1.19639e-06
5.5758e-08
-1.18346e-06
-5.63223e-09
-1.16493e-06
-6.27105e-08
-1.14131e-06
-1.15342e-07
-1.11332e-06
-1.63628e-07
-1.0817e-06
-2.07923e-07
-1.04716e-06
-2.48871e-07
-1.0102e-06
-2.87392e-07
-9.71004e-07
-3.246e-07
-9.29407e-07
-3.61654e-07
-8.8484e-07
-3.9954e-07
-8.36429e-07
-4.38827e-07
-7.83153e-07
-4.79424e-07
-7.2408e-07
-5.20448e-07
-6.58605e-07
-5.60232e-07
-5.86665e-07
-5.96522e-07
-5.08842e-07
-6.26844e-07
-4.26326e-07
-6.48975e-07
-3.40776e-07
-6.61311e-07
-2.54032e-07
-6.63243e-07
-1.67877e-07
-6.55071e-07
-8.38649e-08
-6.37908e-07
-3.41035e-09
-6.13138e-07
7.23701e-08
-5.82252e-07
1.43081e-07
-5.47128e-07
2.08556e-07
-5.0957e-07
2.6874e-07
-4.70968e-07
3.23743e-07
-4.32418e-07
3.73781e-07
-3.94738e-07
4.19137e-07
-3.58501e-07
4.60126e-07
-3.2408e-07
4.9707e-07
-2.91689e-07
5.3029e-07
-2.61427e-07
5.60091e-07
-2.33306e-07
5.86763e-07
-2.07283e-07
6.10575e-07
-1.83273e-07
6.31779e-07
-1.61172e-07
6.50601e-07
-1.40867e-07
6.67249e-07
-1.22248e-07
6.81901e-07
-1.05222e-07
6.94712e-07
-8.9719e-08
7.05817e-07
-7.56889e-08
7.15339e-07
-6.30923e-08
7.23406e-07
-5.18823e-08
7.30154e-07
-4.1977e-08
7.35732e-07
-3.32248e-08
7.40291e-07
-2.53675e-08
7.43963e-07
-1.80145e-08
7.46836e-07
-1.06486e-08
7.48913e-07
-2.6891e-09
7.50058e-07
6.39352e-09
7.49862e-07
1.6953e-08
7.47418e-07
2.91836e-08
7.41033e-07
4.34845e-08
7.27979e-07
6.14607e-08
7.04555e-07
8.73284e-08
6.66806e-07
1.28641e-07
6.12107e-07
1.94759e-07
5.41173e-07
2.91945e-07
4.59494e-07
4.15947e-07
3.76767e-07
5.4686e-07
3.033e-07
6.53489e-07
2.44483e-07
7.08619e-07
1.98282e-07
7.05401e-07
1.59044e-07
6.5912e-07
1.23432e-07
5.92496e-07
9.06238e-08
5.1993e-07
6.09416e-08
4.47403e-07
3.49225e-08
3.76864e-07
1.30607e-08
3.08998e-07
-4.34382e-09
2.44156e-07
-1.70236e-08
1.82431e-07
-2.51309e-08
1.23564e-07
-2.79496e-08
6.73455e-08
-2.55458e-08
1.31355e-08
-1.7866e-08
-3.94002e-08
-4.77394e-09
-9.06156e-08
1.34342e-08
-1.40659e-07
3.75751e-08
-1.9023e-07
6.74913e-08
-2.387e-07
1.03101e-07
-2.8567e-07
1.44231e-07
-3.30347e-07
1.90484e-07
-3.71685e-07
2.41289e-07
-4.08482e-07
2.95838e-07
-4.39588e-07
3.53182e-07
-4.64011e-07
4.12278e-07
-4.81061e-07
4.72065e-07
-4.90423e-07
5.31534e-07
-4.92181e-07
5.89778e-07
-4.86804e-07
6.46042e-07
-4.75077e-07
6.99746e-07
-4.58008e-07
7.50499e-07
-4.36721e-07
7.98086e-07
-4.12354e-07
8.42451e-07
-3.8597e-07
8.83663e-07
-3.58489e-07
9.21884e-07
-3.30645e-07
9.57331e-07
-3.02971e-07
9.90249e-07
-2.75806e-07
1.02089e-06
-2.4932e-07
1.04947e-06
-2.2355e-07
1.07619e-06
-1.98437e-07
1.10119e-06
-1.73866e-07
1.12457e-06
-1.49686e-07
1.14635e-06
-1.25733e-07
1.16655e-06
-1.01852e-07
1.18512e-06
-7.7906e-08
1.20201e-06
-5.37813e-08
1.21715e-06
-2.93836e-08
1.2304e-06
-4.6585e-09
1.24163e-06
2.03929e-08
1.25075e-06
4.57228e-08
1.25775e-06
7.12503e-08
1.26283e-06
9.69144e-08
1.26626e-06
1.22737e-07
1.26821e-06
1.48855e-07
1.26841e-06
1.75463e-07
1.2659e-06
2.02633e-07
1.25894e-06
2.30058e-07
1.2453e-06
2.5685e-07
1.22278e-06
2.8153e-07
1.18989e-06
3.02279e-07
1.14627e-06
3.17386e-07
1.09288e-06
3.25696e-07
1.03182e-06
3.26858e-07
9.65798e-07
3.21264e-07
8.97458e-07
3.09705e-07
8.28833e-07
2.9295e-07
7.60988e-07
2.71476e-07
6.9401e-07
2.45464e-07
6.27261e-07
2.15014e-07
5.59973e-07
1.8052e-07
4.92608e-07
1.43544e-07
4.28899e-07
1.0869e-07
3.76105e-07
8.57464e-08
3.39869e-07
8.77513e-08
3.18557e-07
1.21134e-07
3.05417e-07
1.76778e-07
2.94466e-07
2.35179e-07
2.82133e-07
2.78179e-07
2.98362e-07
2.66086e-07
1.81428e-07
-4.61911e-07
3.38073e-07
-9.34343e-07
4.08893e-07
-1.03742e-06
4.32862e-07
-9.79211e-07
4.39785e-07
-8.59663e-07
4.40646e-07
-7.16082e-07
4.41642e-07
-5.72328e-07
4.48426e-07
-4.43104e-07
4.62635e-07
-3.2721e-07
4.81469e-07
-2.14569e-07
5.01239e-07
-9.74505e-08
5.19449e-07
2.83186e-08
5.34462e-07
1.65399e-07
5.43916e-07
3.13225e-07
5.44318e-07
4.6559e-07
5.30856e-07
6.07473e-07
4.96809e-07
7.08932e-07
4.36531e-07
7.35123e-07
3.59878e-07
6.51836e-07
2.55335e-07
4.83175e-07
4.26106e-08
4.61638e-07
-2.57584e-07
7.0918e-07
-5.26011e-07
9.93576e-07
-7.19036e-07
1.17116e-06
-8.38255e-07
1.23642e-06
-9.0251e-07
1.2194e-06
-9.34812e-07
1.15432e-06
-9.53178e-07
1.06751e-06
-9.67548e-07
9.73826e-07
-9.81749e-07
8.79468e-07
-9.96744e-07
7.86499e-07
-1.01265e-06
6.95604e-07
-1.02925e-06
6.07016e-07
-1.04586e-06
5.20657e-07
-1.06131e-06
4.36275e-07
-1.07411e-06
3.53669e-07
-1.08276e-06
2.72863e-07
-1.08598e-06
1.94208e-07
-1.08294e-06
1.18347e-07
-1.07319e-06
4.60154e-08
-1.05671e-06
-2.21151e-08
-1.03389e-06
-8.55278e-08
-1.00556e-06
-1.43679e-07
-9.72785e-07
-1.96399e-07
-9.36794e-07
-2.43914e-07
-8.98766e-07
-2.869e-07
-8.59668e-07
-3.26489e-07
-8.20078e-07
-3.6419e-07
-7.80032e-07
-4.01699e-07
-7.38975e-07
-4.40597e-07
-6.9582e-07
-4.81982e-07
-6.49139e-07
-5.26105e-07
-5.97479e-07
-5.72108e-07
-5.39703e-07
-6.18007e-07
-4.75305e-07
-6.60921e-07
-4.04583e-07
-6.97566e-07
-3.28614e-07
-7.24944e-07
-2.4911e-07
-7.40815e-07
-1.67967e-07
-7.44386e-07
-8.70876e-08
-7.3595e-07
-8.3115e-09
-7.16684e-07
6.67966e-08
-6.88246e-07
1.37425e-07
-6.52881e-07
2.03199e-07
-6.12901e-07
2.63886e-07
-5.70257e-07
3.19482e-07
-5.26565e-07
3.7014e-07
-4.83075e-07
4.16104e-07
-4.40702e-07
4.57673e-07
-4.0007e-07
4.95167e-07
-3.61574e-07
5.28906e-07
-3.25428e-07
5.59199e-07
-2.9172e-07
5.8634e-07
-2.60447e-07
6.10599e-07
-2.31542e-07
6.32229e-07
-2.04903e-07
6.51461e-07
-1.80405e-07
6.68507e-07
-1.57912e-07
6.83551e-07
-1.37292e-07
6.96754e-07
-1.18425e-07
7.08246e-07
-1.01211e-07
7.18131e-07
-8.55736e-08
7.26495e-07
-7.14563e-08
7.33421e-07
-5.88085e-08
7.39004e-07
-4.75592e-08
7.43357e-07
-3.75784e-08
7.46621e-07
-2.8631e-08
7.48943e-07
-2.03374e-08
7.50455e-07
-1.216e-08
7.51206e-07
-3.44047e-09
7.5108e-07
6.51999e-09
7.49643e-07
1.83902e-08
7.45932e-07
3.28945e-08
7.38223e-07
5.11927e-08
7.23948e-07
7.57358e-08
7.00009e-07
1.11268e-07
6.63732e-07
1.64917e-07
6.14378e-07
2.44114e-07
5.54507e-07
3.51816e-07
4.90183e-07
4.80271e-07
4.29173e-07
6.0787e-07
3.77449e-07
7.05213e-07
3.35997e-07
7.50071e-07
3.01337e-07
7.40062e-07
2.69588e-07
6.90869e-07
2.39592e-07
6.22493e-07
2.11724e-07
5.47798e-07
1.86601e-07
4.72526e-07
1.64636e-07
3.98829e-07
1.46205e-07
3.27429e-07
1.31645e-07
2.58716e-07
1.21239e-07
1.92836e-07
1.15145e-07
1.29658e-07
1.13613e-07
6.88773e-08
1.16626e-07
1.01228e-08
1.24178e-07
-4.6952e-08
1.3641e-07
-1.02848e-07
1.53758e-07
-1.58007e-07
1.76208e-07
-2.1268e-07
2.04011e-07
-2.66503e-07
2.37157e-07
-3.18816e-07
2.7543e-07
-3.6862e-07
3.18391e-07
-4.14646e-07
3.65402e-07
-4.55493e-07
4.15634e-07
-4.89819e-07
4.68127e-07
-5.16504e-07
5.21857e-07
-5.34792e-07
5.75811e-07
-5.44377e-07
6.29051e-07
-5.4542e-07
6.80769e-07
-5.38522e-07
7.30329e-07
-5.24637e-07
7.77282e-07
-5.04961e-07
8.21371e-07
-4.8081e-07
8.62513e-07
-4.53496e-07
9.00772e-07
-4.2423e-07
9.36323e-07
-3.9404e-07
9.69408e-07
-3.63731e-07
1.0003e-06
-3.33868e-07
1.02929e-06
-3.04791e-07
1.05661e-06
-2.76646e-07
1.08249e-06
-2.49428e-07
1.10708e-06
-2.23025e-07
1.13048e-06
-1.97261e-07
1.15272e-06
-1.71931e-07
1.17381e-06
-1.4682e-07
1.19368e-06
-1.21729e-07
1.21226e-06
-9.64865e-08
1.22944e-06
-7.09609e-08
1.24511e-06
-4.50522e-08
1.25915e-06
-1.86924e-08
1.2714e-06
8.13657e-09
1.28172e-06
3.54072e-08
1.28993e-06
6.30403e-08
1.29594e-06
9.09045e-08
1.29982e-06
1.18854e-07
1.30187e-06
1.46807e-07
1.3025e-06
1.74831e-07
1.30198e-06
2.03157e-07
1.3e-06
2.32031e-07
1.29544e-06
2.6141e-07
1.28634e-06
2.90631e-07
1.27035e-06
3.18274e-07
1.24538e-06
3.42357e-07
1.21025e-06
3.60819e-07
1.16506e-06
3.72053e-07
1.11107e-06
3.75254e-07
1.05033e-06
3.70438e-07
9.85084e-07
3.58202e-07
9.17161e-07
3.39399e-07
8.47692e-07
3.14932e-07
7.76973e-07
2.85732e-07
7.04628e-07
2.52866e-07
6.30382e-07
2.17789e-07
5.55981e-07
1.83091e-07
4.87468e-07
1.5426e-07
4.34152e-07
1.41067e-07
4.01813e-07
1.53474e-07
3.87313e-07
1.91277e-07
3.82012e-07
2.4048e-07
3.77811e-07
2.8238e-07
3.06539e-07
3.69634e-07
1.76163e-07
-6.38074e-07
2.81557e-07
-1.03974e-06
3.1413e-07
-1.06999e-06
3.22719e-07
-9.87799e-07
3.23221e-07
-8.60166e-07
3.19967e-07
-7.12828e-07
3.19675e-07
-5.72036e-07
3.28511e-07
-4.51939e-07
3.45916e-07
-3.44615e-07
3.66299e-07
-2.34953e-07
3.84837e-07
-1.15989e-07
3.99216e-07
1.39395e-08
4.08835e-07
1.5578e-07
4.12411e-07
3.09648e-07
4.07654e-07
4.70347e-07
3.91519e-07
6.23608e-07
3.5846e-07
7.4199e-07
3.0562e-07
7.87963e-07
2.41314e-07
7.16142e-07
1.18637e-07
6.05852e-07
-1.25807e-07
7.06082e-07
-3.96577e-07
9.79951e-07
-6.02597e-07
1.1996e-06
-7.32164e-07
1.30073e-06
-8.01604e-07
1.30586e-06
-8.33974e-07
1.25177e-06
-8.48709e-07
1.16905e-06
-8.57533e-07
1.07634e-06
-8.65857e-07
9.82149e-07
-8.75951e-07
8.89562e-07
-8.88917e-07
7.99465e-07
-9.05096e-07
7.11783e-07
-9.2388e-07
6.258e-07
-9.43728e-07
5.40506e-07
-9.62502e-07
4.55049e-07
-9.77931e-07
3.69098e-07
-9.88013e-07
2.82945e-07
-9.91207e-07
1.97403e-07
-9.86619e-07
1.13759e-07
-9.73918e-07
3.33138e-08
-9.5308e-07
-4.29529e-08
-9.24773e-07
-1.13835e-07
-8.90068e-07
-1.78383e-07
-8.5037e-07
-2.36097e-07
-8.07308e-07
-2.86976e-07
-7.62593e-07
-3.31615e-07
-7.178e-07
-3.71283e-07
-6.74097e-07
-4.07893e-07
-6.31998e-07
-4.43798e-07
-5.91197e-07
-4.81398e-07
-5.50567e-07
-5.22613e-07
-5.08355e-07
-5.68317e-07
-4.62593e-07
-6.17871e-07
-4.11549e-07
-6.69051e-07
-3.54185e-07
-7.18285e-07
-2.90448e-07
-7.61303e-07
-2.21207e-07
-7.94185e-07
-1.48136e-07
-8.13886e-07
-7.3137e-08
-8.19385e-07
1.55846e-09
-8.10646e-07
7.40074e-08
-7.89133e-07
1.42988e-07
-7.57227e-07
2.07763e-07
-7.17655e-07
2.67857e-07
-6.72996e-07
3.23105e-07
-6.25505e-07
3.73552e-07
-5.77012e-07
4.19386e-07
-5.28909e-07
4.60873e-07
-4.82189e-07
4.98318e-07
-4.37515e-07
5.32035e-07
-3.95291e-07
5.62332e-07
-3.55725e-07
5.89498e-07
-3.18887e-07
6.13803e-07
-2.84752e-07
6.35495e-07
-2.53234e-07
6.548e-07
-2.24209e-07
6.71927e-07
-1.97532e-07
6.87065e-07
-1.73049e-07
7.0038e-07
-1.50607e-07
7.12015e-07
-1.30061e-07
7.22085e-07
-1.11281e-07
7.30674e-07
-9.4162e-08
7.3784e-07
-7.86225e-08
7.43631e-07
-6.45994e-08
7.48099e-07
-5.20272e-08
7.5132e-07
-4.08e-08
7.5341e-07
-3.07205e-08
7.54518e-07
-2.14455e-08
7.54805e-07
-1.24467e-08
7.5437e-07
-3.00558e-09
7.53134e-07
7.75543e-09
7.50677e-07
2.08477e-08
7.46056e-07
3.75153e-08
7.37691e-07
5.95581e-08
7.2345e-07
8.99762e-08
7.01126e-07
1.33592e-07
6.69349e-07
1.96695e-07
6.28724e-07
2.84739e-07
5.82522e-07
3.98017e-07
5.36071e-07
5.26722e-07
4.94607e-07
6.49333e-07
4.60596e-07
7.39224e-07
4.32581e-07
7.78085e-07
4.07078e-07
7.65565e-07
3.81791e-07
7.16156e-07
3.5682e-07
6.47464e-07
3.33179e-07
5.71439e-07
3.11759e-07
4.93946e-07
2.93168e-07
4.1742e-07
2.77776e-07
3.42821e-07
2.65843e-07
2.70649e-07
2.57536e-07
2.01144e-07
2.52976e-07
1.34218e-07
2.52296e-07
6.95571e-08
2.5564e-07
6.77882e-09
2.63156e-07
-5.44679e-08
2.75094e-07
-1.14785e-07
2.91725e-07
-1.74638e-07
3.13156e-07
-2.34112e-07
3.39473e-07
-2.9282e-07
3.70603e-07
-3.49947e-07
4.06276e-07
-4.04293e-07
4.46003e-07
-4.54373e-07
4.89094e-07
-4.98585e-07
5.347e-07
-5.35425e-07
5.8187e-07
-5.63674e-07
6.29629e-07
-5.82551e-07
6.77045e-07
-5.91792e-07
7.23294e-07
-5.9167e-07
7.67711e-07
-5.82939e-07
8.09815e-07
-5.66741e-07
8.49323e-07
-5.44469e-07
8.8614e-07
-5.17626e-07
9.20335e-07
-4.87691e-07
9.52106e-07
-4.56001e-07
9.81736e-07
-4.2367e-07
1.00955e-06
-3.91543e-07
1.03587e-06
-3.60188e-07
1.06099e-06
-3.29912e-07
1.08516e-06
-3.0081e-07
1.10854e-06
-2.72809e-07
1.13124e-06
-2.45728e-07
1.1533e-06
-2.19322e-07
1.17469e-06
-1.93323e-07
1.19534e-06
-1.67467e-07
1.21513e-06
-1.41516e-07
1.23391e-06
-1.15272e-07
1.25154e-06
-8.85862e-08
1.26784e-06
-6.13588e-08
1.28268e-06
-3.35289e-08
1.2959e-06
-5.08153e-09
1.30735e-06
2.39524e-08
1.31689e-06
5.35017e-08
1.32435e-06
8.34454e-08
1.32959e-06
1.13614e-07
1.3326e-06
1.43797e-07
1.33362e-06
1.73813e-07
1.33315e-06
2.03625e-07
1.33178e-06
2.33406e-07
1.32973e-06
2.63451e-07
1.32649e-06
2.93872e-07
1.32055e-06
3.2422e-07
1.30966e-06
3.53241e-07
1.29149e-06
3.78991e-07
1.26426e-06
3.99288e-07
1.22724e-06
4.12273e-07
1.18085e-06
4.1683e-07
1.12634e-06
4.12704e-07
1.06537e-06
4.00376e-07
9.99458e-07
3.8084e-07
9.29756e-07
3.55434e-07
8.5684e-07
3.25781e-07
7.80912e-07
2.93717e-07
7.02761e-07
2.61242e-07
6.25877e-07
2.31144e-07
5.58191e-07
2.08753e-07
5.09387e-07
2.02278e-07
4.83387e-07
2.17277e-07
4.74779e-07
2.49088e-07
4.735e-07
2.83659e-07
3.08889e-07
4.71149e-07
1.48357e-07
-7.86431e-07
2.01893e-07
-1.09327e-06
2.10662e-07
-1.07876e-06
2.11234e-07
-9.88371e-07
2.07156e-07
-8.56088e-07
2.02182e-07
-7.07854e-07
2.03738e-07
-5.73592e-07
2.1619e-07
-4.64391e-07
2.36327e-07
-3.64752e-07
2.57137e-07
-2.55762e-07
2.73782e-07
-1.32634e-07
2.84218e-07
3.50303e-09
2.88457e-07
1.51541e-07
2.86181e-07
3.11925e-07
2.76455e-07
4.80073e-07
2.57433e-07
6.4263e-07
2.24906e-07
7.74517e-07
1.83031e-07
8.29838e-07
1.27157e-07
7.72016e-07
-2.1948e-08
7.54956e-07
-2.6313e-07
9.47264e-07
-4.78384e-07
1.1952e-06
-6.21495e-07
1.34271e-06
-7.00051e-07
1.37928e-06
-7.35559e-07
1.34137e-06
-7.48523e-07
1.26473e-06
-7.52808e-07
1.17334e-06
-7.55864e-07
1.07939e-06
-7.61516e-07
9.87801e-07
-7.71958e-07
9.00005e-07
-7.88151e-07
8.15658e-07
-8.09582e-07
7.33213e-07
-8.34325e-07
6.50543e-07
-8.5957e-07
5.6575e-07
-8.82307e-07
4.77787e-07
-8.99885e-07
3.86676e-07
-9.10322e-07
2.93382e-07
-9.12328e-07
1.99408e-07
-9.05267e-07
1.06699e-07
-8.89068e-07
1.71146e-08
-8.63862e-07
-6.81592e-08
-8.30426e-07
-1.47271e-07
-7.8982e-07
-2.18989e-07
-7.43466e-07
-2.82451e-07
-6.93134e-07
-3.37308e-07
-6.40858e-07
-3.83891e-07
-5.88741e-07
-4.23399e-07
-5.38617e-07
-4.58018e-07
-4.91666e-07
-4.90749e-07
-4.48111e-07
-5.24953e-07
-4.07061e-07
-5.63662e-07
-3.66653e-07
-6.08725e-07
-3.24536e-07
-6.59987e-07
-2.78461e-07
-7.15127e-07
-2.2685e-07
-7.69896e-07
-1.6929e-07
-8.18863e-07
-1.06376e-07
-8.57098e-07
-3.969e-08
-8.80572e-07
2.85628e-08
-8.87638e-07
9.62729e-08
-8.78356e-07
1.61851e-07
-8.54711e-07
2.24135e-07
-8.19511e-07
2.82359e-07
-7.75879e-07
3.36143e-07
-7.2678e-07
3.85396e-07
-6.74758e-07
4.30221e-07
-6.21837e-07
4.70838e-07
-5.69526e-07
5.07527e-07
-5.18878e-07
5.40589e-07
-4.70577e-07
5.70322e-07
-4.25024e-07
5.9701e-07
-3.82412e-07
6.20913e-07
-3.4279e-07
6.42271e-07
-3.0611e-07
6.61301e-07
-2.72263e-07
6.78199e-07
-2.41106e-07
6.93143e-07
-2.12476e-07
7.06298e-07
-1.86204e-07
7.1781e-07
-1.62119e-07
7.27804e-07
-1.40055e-07
7.36382e-07
-1.1986e-07
7.43617e-07
-1.01397e-07
7.49551e-07
-8.45568e-08
7.54207e-07
-6.9255e-08
7.57601e-07
-5.54212e-08
7.59769e-07
-4.29685e-08
7.6079e-07
-3.17415e-08
7.60796e-07
-2.14509e-08
7.59954e-07
-1.16053e-08
7.58406e-07
-1.45729e-09
7.5614e-07
1.00217e-08
7.5283e-07
2.41581e-08
7.47693e-07
4.2652e-08
7.39456e-07
6.77945e-08
7.26558e-07
1.02874e-07
7.07667e-07
1.52483e-07
6.82436e-07
2.21926e-07
6.52215e-07
3.14959e-07
6.20212e-07
4.3002e-07
5.90507e-07
5.56426e-07
5.66043e-07
6.73797e-07
5.46858e-07
7.5841e-07
5.30235e-07
7.94707e-07
5.13006e-07
7.82794e-07
4.93883e-07
7.35279e-07
4.73696e-07
6.67651e-07
4.5393e-07
5.91204e-07
4.35785e-07
5.12092e-07
4.20014e-07
4.3319e-07
4.07012e-07
3.55824e-07
3.97007e-07
2.80654e-07
3.90198e-07
2.07953e-07
3.86786e-07
1.37631e-07
3.8697e-07
6.93727e-08
3.90924e-07
2.82451e-09
3.98798e-07
-6.23415e-08
4.10807e-07
-1.26794e-07
4.27136e-07
-1.90966e-07
4.47862e-07
-2.54838e-07
4.72968e-07
-3.17925e-07
5.02277e-07
-3.79256e-07
5.35418e-07
-4.37434e-07
5.71818e-07
-4.90772e-07
6.10732e-07
-5.37499e-07
6.51297e-07
-5.7599e-07
6.92597e-07
-6.04974e-07
7.33738e-07
-6.23692e-07
7.73914e-07
-6.31967e-07
8.12459e-07
-6.30215e-07
8.48891e-07
-6.19371e-07
8.82924e-07
-6.00774e-07
9.1447e-07
-5.76016e-07
9.43623e-07
-5.46778e-07
9.70617e-07
-5.14685e-07
9.9579e-07
-4.81174e-07
1.01953e-06
-4.47411e-07
1.04223e-06
-4.14245e-07
1.06425e-06
-3.82205e-07
1.08587e-06
-3.51532e-07
1.10729e-06
-3.22235e-07
1.12864e-06
-2.94153e-07
1.14993e-06
-2.67017e-07
1.17111e-06
-2.40505e-07
1.19208e-06
-2.14289e-07
1.21267e-06
-1.88057e-07
1.23269e-06
-1.61541e-07
1.25195e-06
-1.34525e-07
1.27021e-06
-1.06854e-07
1.28729e-06
-7.84364e-08
1.30299e-06
-4.92302e-08
1.31715e-06
-1.92348e-08
1.3296e-06
1.14982e-08
1.34023e-06
4.28737e-08
1.34892e-06
7.47562e-08
1.35555e-06
1.06986e-07
1.35999e-06
1.39355e-07
1.3622e-06
1.71603e-07
1.36236e-06
2.03463e-07
1.36098e-06
2.34784e-07
1.35879e-06
2.65637e-07
1.35639e-06
2.96277e-07
1.35372e-06
3.26889e-07
1.34976e-06
3.57201e-07
1.34256e-06
3.86186e-07
1.32976e-06
4.12092e-07
1.30921e-06
4.32824e-07
1.27955e-06
4.46487e-07
1.24042e-06
4.51837e-07
1.19231e-06
4.48489e-07
1.13626e-06
4.36887e-07
1.07354e-06
4.18158e-07
1.00534e-06
3.93979e-07
9.32658e-07
3.66397e-07
8.56437e-07
3.37463e-07
7.78584e-07
3.08997e-07
7.03941e-07
2.83396e-07
6.41012e-07
2.65207e-07
5.98024e-07
2.60265e-07
5.76474e-07
2.70638e-07
5.69815e-07
2.90318e-07
3.10133e-07
5.68572e-07
1.0408e-07
-8.90511e-07
1.13098e-07
-1.10229e-06
1.06928e-07
-1.07259e-06
9.96953e-08
-9.81138e-07
9.13898e-08
-8.47782e-07
8.66116e-08
-7.03076e-07
9.06075e-08
-5.77588e-07
1.04588e-07
-4.78371e-07
1.24362e-07
-3.84526e-07
1.43947e-07
-2.75348e-07
1.59147e-07
-1.47833e-07
1.67687e-07
-5.03754e-09
1.69363e-07
1.49866e-07
1.64225e-07
3.17062e-07
1.52064e-07
4.92234e-07
1.31697e-07
6.62998e-07
1.04287e-07
8.01926e-07
7.93594e-08
8.54766e-07
1.7333e-08
8.34043e-07
-1.51171e-07
9.2346e-07
-3.57309e-07
1.1534e-06
-5.12157e-07
1.35005e-06
-6.01431e-07
1.43198e-06
-6.42046e-07
1.4199e-06
-6.54624e-07
1.35395e-06
-6.55018e-07
1.26512e-06
-6.52864e-07
1.17118e-06
-6.53648e-07
1.08018e-06
-6.60694e-07
9.94847e-07
-6.75639e-07
9.14949e-07
-6.98156e-07
8.38174e-07
-7.26024e-07
7.61082e-07
-7.55827e-07
6.80346e-07
-7.83904e-07
5.93827e-07
-8.07118e-07
5.01001e-07
-8.2321e-07
4.02768e-07
-8.30851e-07
3.01023e-07
-8.29471e-07
1.98028e-07
-8.18845e-07
9.60729e-08
-7.99204e-07
-2.52667e-09
-7.70742e-07
-9.66209e-08
-7.34052e-07
-1.83961e-07
-6.89935e-07
-2.63106e-07
-6.39528e-07
-3.32858e-07
-5.84389e-07
-3.92447e-07
-5.26541e-07
-4.41739e-07
-4.68344e-07
-4.81596e-07
-4.12133e-07
-5.14228e-07
-3.59749e-07
-5.43133e-07
-3.12063e-07
-5.7264e-07
-2.68669e-07
-6.07056e-07
-2.27877e-07
-6.49516e-07
-1.87186e-07
-7.00678e-07
-1.44064e-07
-7.58249e-07
-9.65325e-08
-8.17427e-07
-4.38334e-08
-8.71563e-07
1.34044e-08
-9.14336e-07
7.37127e-08
-9.4088e-07
1.35042e-07
-9.48968e-07
1.95624e-07
-9.38938e-07
2.53948e-07
-9.13035e-07
3.08974e-07
-8.74536e-07
3.60096e-07
-8.27001e-07
4.07063e-07
-7.73748e-07
4.49883e-07
-7.17578e-07
4.88721e-07
-6.60675e-07
5.23829e-07
-6.04633e-07
5.55491e-07
-5.5054e-07
5.83994e-07
-4.99081e-07
6.09611e-07
-4.50641e-07
6.3259e-07
-4.05391e-07
6.53156e-07
-3.63356e-07
6.71509e-07
-3.24463e-07
6.8783e-07
-2.88585e-07
7.02282e-07
-2.55558e-07
7.15011e-07
-2.25206e-07
7.26153e-07
-1.97346e-07
7.3583e-07
-1.71795e-07
7.44149e-07
-1.48374e-07
7.51201e-07
-1.26911e-07
7.5705e-07
-1.07246e-07
7.61732e-07
-8.92383e-08
7.65253e-07
-7.27769e-08
7.67608e-07
-5.77754e-08
7.68793e-07
-4.41539e-08
7.68845e-07
-3.17936e-08
7.67859e-07
-2.04653e-08
7.65992e-07
-9.73822e-09
7.63414e-07
1.12109e-09
7.60202e-07
1.32334e-08
7.56199e-07
2.81615e-08
7.50894e-07
4.79568e-08
7.4343e-07
7.52587e-08
7.32836e-07
1.13468e-07
7.18514e-07
1.66805e-07
7.00808e-07
2.39633e-07
6.81364e-07
3.34403e-07
6.62942e-07
4.48442e-07
6.48346e-07
5.71023e-07
6.38726e-07
6.83417e-07
6.32529e-07
7.64607e-07
6.26347e-07
8.00889e-07
6.17231e-07
7.9191e-07
6.04419e-07
7.48091e-07
5.89132e-07
6.82938e-07
5.73191e-07
6.07145e-07
5.5808e-07
5.27202e-07
5.44736e-07
4.46535e-07
5.33679e-07
3.6688e-07
5.25237e-07
2.89096e-07
5.19686e-07
2.13504e-07
5.17298e-07
1.40019e-07
5.18314e-07
6.8357e-08
5.22922e-07
-1.78384e-09
5.31257e-07
-7.0677e-08
5.43477e-07
-1.39014e-07
5.5967e-07
-2.0716e-07
5.79821e-07
-2.74989e-07
6.03782e-07
-3.41885e-07
6.31236e-07
-4.0671e-07
6.61684e-07
-4.67881e-07
6.94452e-07
-5.23541e-07
7.28746e-07
-5.71794e-07
7.6371e-07
-6.10954e-07
7.98497e-07
-6.39761e-07
8.32337e-07
-6.57531e-07
8.64593e-07
-6.64223e-07
8.94802e-07
-6.60425e-07
9.22704e-07
-6.47273e-07
9.48241e-07
-6.26311e-07
9.71547e-07
-5.99321e-07
9.92914e-07
-5.68146e-07
1.01275e-06
-5.34524e-07
1.03154e-06
-4.99958e-07
1.04975e-06
-4.65621e-07
1.06782e-06
-4.32319e-07
1.08611e-06
-4.00499e-07
1.10488e-06
-3.70293e-07
1.12424e-06
-3.41595e-07
1.14421e-06
-3.14129e-07
1.16473e-06
-2.87531e-07
1.18562e-06
-2.61401e-07
1.20668e-06
-2.35351e-07
1.22766e-06
-2.09037e-07
1.24829e-06
-1.8217e-07
1.2683e-06
-1.5453e-07
1.28741e-06
-1.25969e-07
1.30539e-06
-9.64112e-08
1.322e-06
-6.58449e-08
1.33707e-06
-3.43037e-08
1.35043e-06
-1.86407e-09
1.36195e-06
3.13508e-08
1.37155e-06
6.51649e-08
1.37915e-06
9.93795e-08
1.38472e-06
1.33792e-07
1.38816e-06
1.68159e-07
1.38945e-06
2.02175e-07
1.38873e-06
2.35504e-07
1.38647e-06
2.67894e-07
1.38345e-06
2.99301e-07
1.38043e-06
3.29906e-07
1.37772e-06
3.59915e-07
1.3747e-06
3.89199e-07
1.36981e-06
4.16986e-07
1.36081e-06
4.41822e-07
1.34543e-06
4.61865e-07
1.32189e-06
4.75374e-07
1.28923e-06
4.81153e-07
1.24732e-06
4.78802e-07
1.19672e-06
4.68752e-07
1.13851e-06
4.52191e-07
1.07401e-06
4.30898e-07
1.00459e-06
4.06885e-07
9.31743e-07
3.81841e-07
8.58116e-07
3.57023e-07
7.89046e-07
3.34276e-07
7.3224e-07
3.17071e-07
6.93735e-07
3.09143e-07
6.73491e-07
3.10563e-07
3.1793e-07
6.65694e-07
4.92703e-08
-9.39782e-07
2.45487e-08
-1.07757e-06
3.86636e-09
-1.05191e-06
-1.37317e-08
-9.6354e-07
-2.59261e-08
-8.35588e-07
-2.93332e-08
-6.99669e-07
-2.39829e-08
-5.82939e-07
-1.23422e-08
-4.90012e-07
4.18523e-09
-4.01053e-07
2.26157e-08
-2.93778e-07
3.80231e-08
-1.63241e-07
4.7885e-08
-1.48995e-08
5.06236e-08
1.47128e-07
4.61981e-08
3.21488e-07
3.49335e-08
5.03499e-07
1.89969e-08
6.78934e-07
6.61283e-09
8.1431e-07
-7.09498e-09
8.68474e-07
-8.96867e-08
9.16635e-07
-2.53805e-07
1.08758e-06
-4.10313e-07
1.30991e-06
-5.0976e-07
1.4495e-06
-5.56421e-07
1.47864e-06
-5.6945e-07
1.43292e-06
-5.66157e-07
1.35066e-06
-5.58305e-07
1.25727e-06
-5.53046e-07
1.16592e-06
-5.54812e-07
1.08194e-06
-5.65974e-07
1.00601e-06
-5.86574e-07
9.35549e-07
-6.14326e-07
8.65926e-07
-6.45397e-07
7.92153e-07
-6.75598e-07
7.10547e-07
-7.01372e-07
6.19601e-07
-7.20297e-07
5.19926e-07
-7.31092e-07
4.13564e-07
-7.33342e-07
3.03273e-07
-7.2714e-07
1.91826e-07
-7.1282e-07
8.17528e-08
-6.90301e-07
-2.5046e-08
-6.6001e-07
-1.26911e-07
-6.22227e-07
-2.21744e-07
-5.7737e-07
-3.07963e-07
-5.26158e-07
-3.8407e-07
-4.69716e-07
-4.48889e-07
-4.09753e-07
-5.01703e-07
-3.48591e-07
-5.42757e-07
-2.88787e-07
-5.74033e-07
-2.32623e-07
-5.99297e-07
-1.81478e-07
-6.23784e-07
-1.35478e-07
-6.53056e-07
-9.33314e-08
-6.91663e-07
-5.26198e-08
-7.4139e-07
-1.07051e-08
-8.00164e-07
3.43635e-08
-8.62496e-07
8.34174e-08
-9.20616e-07
1.35823e-07
-9.66742e-07
1.90195e-07
-9.95251e-07
2.44824e-07
-1.0036e-06
2.98114e-07
-9.92229e-07
3.48832e-07
-9.63753e-07
3.96189e-07
-9.21893e-07
4.39799e-07
-8.7061e-07
4.79583e-07
-8.13533e-07
5.15665e-07
-7.5366e-07
5.48278e-07
-6.93287e-07
5.77698e-07
-6.34053e-07
6.04207e-07
-5.77049e-07
6.28066e-07
-5.2294e-07
6.49511e-07
-4.72086e-07
6.68747e-07
-4.24627e-07
6.85954e-07
-3.80563e-07
7.0129e-07
-3.398e-07
7.14897e-07
-3.02191e-07
7.26898e-07
-2.6756e-07
7.37411e-07
-2.35718e-07
7.46539e-07
-2.06473e-07
7.54379e-07
-1.79635e-07
7.6102e-07
-1.55015e-07
7.66538e-07
-1.3243e-07
7.70993e-07
-1.117e-07
7.74416e-07
-9.26619e-08
7.76812e-07
-7.51725e-08
7.78158e-07
-5.91212e-08
7.78425e-07
-4.44207e-08
7.77606e-07
-3.0975e-08
7.75752e-07
-1.86112e-08
7.72988e-07
-6.97479e-09
7.695e-07
4.60934e-09
7.65458e-07
1.72759e-08
7.60907e-07
3.27122e-08
7.55671e-07
5.31924e-08
7.49355e-07
8.15755e-08
7.41545e-07
1.21278e-07
7.32216e-07
1.76134e-07
7.22139e-07
2.49711e-07
7.12996e-07
3.43546e-07
7.06991e-07
4.54446e-07
7.05816e-07
5.72198e-07
7.09307e-07
6.79926e-07
7.14891e-07
7.59023e-07
7.18745e-07
7.97036e-07
7.17966e-07
7.92689e-07
7.11946e-07
7.54111e-07
7.02014e-07
6.9287e-07
6.90174e-07
6.18984e-07
6.7816e-07
5.39217e-07
6.67151e-07
4.57544e-07
6.57888e-07
3.76144e-07
6.50861e-07
2.96123e-07
6.46463e-07
2.17902e-07
6.45027e-07
1.41455e-07
6.46826e-07
6.65578e-08
6.52053e-07
-7.01123e-09
6.60822e-07
-7.94462e-08
6.7322e-07
-1.51411e-07
6.89225e-07
-2.23164e-07
7.08687e-07
-2.94452e-07
7.31301e-07
-3.64499e-07
7.56587e-07
-4.31996e-07
7.83903e-07
-4.95197e-07
8.12485e-07
-5.52123e-07
8.41511e-07
-6.0082e-07
8.7017e-07
-6.39613e-07
8.97727e-07
-6.67319e-07
9.23583e-07
-6.83387e-07
9.47312e-07
-6.87952e-07
9.68695e-07
-6.81808e-07
9.87723e-07
-6.66301e-07
1.00459e-06
-6.4318e-07
1.01967e-06
-6.14398e-07
1.03345e-06
-5.81932e-07
1.04653e-06
-5.47596e-07
1.05948e-06
-5.12907e-07
1.07285e-06
-4.78994e-07
1.08709e-06
-4.46563e-07
1.10252e-06
-4.15927e-07
1.1193e-06
-3.87069e-07
1.13744e-06
-3.59737e-07
1.15684e-06
-3.3353e-07
1.17729e-06
-3.07982e-07
1.19851e-06
-2.82624e-07
1.22019e-06
-2.57027e-07
1.24198e-06
-2.30824e-07
1.26353e-06
-2.03727e-07
1.28453e-06
-1.75526e-07
1.30465e-06
-1.46093e-07
1.32362e-06
-1.15379e-07
1.34118e-06
-8.34065e-08
1.35713e-06
-5.02561e-08
1.37131e-06
-1.60431e-08
1.38359e-06
1.90771e-08
1.39386e-06
5.48955e-08
1.40209e-06
9.11489e-08
1.40829e-06
1.2759e-07
1.41248e-06
1.63969e-07
1.41465e-06
2.00009e-07
1.41478e-06
2.35367e-07
1.41302e-06
2.69656e-07
1.40978e-06
3.02546e-07
1.40578e-06
3.339e-07
1.40188e-06
3.63821e-07
1.39856e-06
3.92514e-07
1.39557e-06
4.19974e-07
1.39171e-06
4.4569e-07
1.38501e-06
4.68565e-07
1.37326e-06
4.87122e-07
1.35451e-06
4.99906e-07
1.32742e-06
5.05888e-07
1.29147e-06
5.04707e-07
1.2469e-06
4.96755e-07
1.19468e-06
4.83124e-07
1.13617e-06
4.65394e-07
1.07286e-06
4.45143e-07
1.00647e-06
4.23417e-07
9.3984e-07
4.00906e-07
8.77971e-07
3.7894e-07
8.27048e-07
3.60066e-07
7.91243e-07
3.46368e-07
3.38612e-07
7.70561e-07
-1.13855e-08
-9.28396e-07
-6.02132e-08
-1.02874e-06
-1.00434e-07
-1.01169e-06
-1.3018e-07
-9.33794e-07
-1.46299e-07
-8.19469e-07
-1.49678e-07
-6.9629e-07
-1.44304e-07
-5.88312e-07
-1.34329e-07
-4.99987e-07
-1.21139e-07
-4.14243e-07
-1.0462e-07
-3.10297e-07
-8.755e-08
-1.80311e-07
-7.42037e-08
-2.82458e-08
-6.77558e-08
1.4068e-07
-6.83155e-08
3.22047e-07
-7.30106e-08
5.08194e-07
-7.42744e-08
6.80198e-07
-6.74761e-08
8.07512e-07
-8.77135e-08
8.88711e-07
-1.86019e-07
1.01494e-06
-3.23159e-07
1.22472e-06
-4.28356e-07
1.41511e-06
-4.81366e-07
1.50251e-06
-4.95438e-07
1.49271e-06
-4.88465e-07
1.42595e-06
-4.74155e-07
1.33635e-06
-4.6134e-07
1.24446e-06
-4.55529e-07
1.16011e-06
-4.59856e-07
1.08627e-06
-4.74945e-07
1.0211e-06
-4.98796e-07
9.594e-07
-5.27491e-07
8.9462e-07
-5.56497e-07
8.2116e-07
-5.81893e-07
7.35942e-07
-6.0101e-07
6.38718e-07
-6.12512e-07
5.31428e-07
-6.16108e-07
4.17159e-07
-6.12085e-07
2.9925e-07
-6.01032e-07
1.80774e-07
-5.83237e-07
6.39579e-08
-5.58771e-07
-4.95127e-08
-5.27784e-07
-1.57898e-07
-4.90398e-07
-2.59131e-07
-4.46727e-07
-3.51634e-07
-3.9716e-07
-4.33638e-07
-3.42367e-07
-5.03682e-07
-2.83582e-07
-5.60488e-07
-2.22852e-07
-6.03487e-07
-1.62672e-07
-6.34212e-07
-1.05471e-07
-6.56499e-07
-5.29928e-08
-6.76262e-07
-5.5564e-09
-7.00492e-07
3.77805e-08
-7.35e-07
7.91585e-08
-7.82768e-07
1.20948e-07
-8.41953e-07
1.64777e-07
-9.06326e-07
2.11129e-07
-9.66968e-07
2.59406e-07
-1.01502e-06
3.08294e-07
-1.04414e-06
3.56311e-07
-1.05161e-06
4.02187e-07
-1.0381e-06
4.45051e-07
-1.00662e-06
4.84452e-07
-9.61294e-07
5.20283e-07
-9.06441e-07
5.52667e-07
-8.45917e-07
5.81854e-07
-7.82847e-07
6.08141e-07
-7.19574e-07
6.31821e-07
-6.57734e-07
6.5316e-07
-5.98387e-07
6.72382e-07
-5.42163e-07
6.89676e-07
-4.8938e-07
7.05197e-07
-4.40148e-07
7.19076e-07
-3.94441e-07
7.31423e-07
-3.52147e-07
7.42339e-07
-3.13106e-07
7.51912e-07
-2.77133e-07
7.60225e-07
-2.44032e-07
7.67356e-07
-2.13604e-07
7.73375e-07
-1.85655e-07
7.78353e-07
-1.59993e-07
7.8235e-07
-1.36428e-07
7.8542e-07
-1.1477e-07
7.87593e-07
-9.48354e-08
7.88876e-07
-7.64555e-08
7.89244e-07
-5.94889e-08
7.88651e-07
-4.38279e-08
7.87058e-07
-2.93812e-08
7.84466e-07
-1.6019e-08
7.80959e-07
-3.4685e-09
7.76717e-07
8.85111e-09
7.71986e-07
2.2007e-08
7.67011e-07
3.76873e-08
7.61955e-07
5.82489e-08
7.56879e-07
8.66512e-08
7.51879e-07
1.26278e-07
7.47377e-07
1.80636e-07
7.44398e-07
2.5269e-07
7.44546e-07
3.43398e-07
7.49505e-07
4.49487e-07
7.60089e-07
5.61615e-07
7.75212e-07
6.64803e-07
7.91673e-07
7.42562e-07
8.0538e-07
7.83329e-07
8.13334e-07
7.84735e-07
8.14792e-07
7.52654e-07
8.10948e-07
6.96714e-07
8.03817e-07
6.26115e-07
7.95316e-07
5.47718e-07
7.86899e-07
4.65961e-07
7.79573e-07
3.83469e-07
7.74044e-07
3.01652e-07
7.70834e-07
2.21112e-07
7.70343e-07
1.41946e-07
7.72871e-07
6.40296e-08
7.78614e-07
-1.27543e-08
7.87665e-07
-8.84975e-08
8.00032e-07
-1.63777e-07
8.15565e-07
-2.38697e-07
8.33956e-07
-3.12844e-07
8.54726e-07
-3.85269e-07
8.77228e-07
-4.54498e-07
9.00693e-07
-5.18663e-07
9.24299e-07
-5.75729e-07
9.4724e-07
-6.23761e-07
9.68799e-07
-6.61172e-07
9.88404e-07
-6.86923e-07
1.00567e-06
-7.00649e-07
1.02041e-06
-7.02698e-07
1.03269e-06
-6.94088e-07
1.04277e-06
-6.76383e-07
1.05111e-06
-6.51521e-07
1.05832e-06
-6.21604e-07
1.06509e-06
-5.887e-07
1.07214e-06
-5.54648e-07
1.08015e-06
-5.2092e-07
1.08969e-06
-4.88532e-07
1.10116e-06
-4.58031e-07
1.11477e-06
-4.29541e-07
1.13057e-06
-4.02861e-07
1.1484e-06
-3.77571e-07
1.16801e-06
-3.53144e-07
1.18906e-06
-3.29028e-07
1.21114e-06
-3.04704e-07
1.23384e-06
-2.79723e-07
1.25673e-06
-2.53721e-07
1.27943e-06
-2.26425e-07
1.30156e-06
-1.97653e-07
1.32277e-06
-1.67307e-07
1.34277e-06
-1.35372e-07
1.36127e-06
-1.01909e-07
1.37806e-06
-6.70466e-08
1.39297e-06
-3.09527e-08
1.40587e-06
6.17487e-09
1.41667e-06
4.4098e-08
1.42532e-06
8.24998e-08
1.43184e-06
1.21064e-07
1.43632e-06
1.59491e-07
1.43884e-06
1.97491e-07
1.43945e-06
2.34758e-07
1.43818e-06
2.70923e-07
1.43516e-06
3.05569e-07
1.43074e-06
3.38321e-07
1.42558e-06
3.68979e-07
1.4205e-06
3.97593e-07
1.41611e-06
4.24367e-07
1.41239e-06
4.49409e-07
1.40849e-06
4.72462e-07
1.40281e-06
4.92801e-07
1.39336e-06
5.09358e-07
1.37822e-06
5.21027e-07
1.35595e-06
5.26984e-07
1.3258e-06
5.26906e-07
1.28785e-06
5.21073e-07
1.24291e-06
5.10329e-07
1.19223e-06
4.95824e-07
1.13713e-06
4.78513e-07
1.07921e-06
4.58832e-07
1.02108e-06
4.37067e-07
9.66912e-07
4.14236e-07
9.21279e-07
3.92001e-07
3.72125e-07
8.87767e-07
-6.49751e-08
-8.63421e-07
-1.435e-07
-9.50217e-07
-2.08391e-07
-9.46796e-07
-2.52535e-07
-8.89649e-07
-2.74174e-07
-7.97831e-07
-2.77135e-07
-6.93329e-07
-2.6961e-07
-5.95837e-07
-2.58914e-07
-5.10683e-07
-2.46833e-07
-4.26325e-07
-2.31507e-07
-3.25623e-07
-2.12939e-07
-1.98879e-07
-1.95438e-07
-4.57468e-08
-1.81547e-07
1.26789e-07
-1.7083e-07
3.11331e-07
-1.5839e-07
4.95753e-07
-1.39951e-07
6.6176e-07
-1.28284e-07
7.95845e-07
-1.65617e-07
9.26044e-07
-2.61286e-07
1.11061e-06
-3.60116e-07
1.32355e-06
-4.18359e-07
1.47335e-06
-4.34267e-07
1.51842e-06
-4.23887e-07
1.48233e-06
-4.0252e-07
1.40458e-06
-3.80752e-07
1.31458e-06
-3.65224e-07
1.22893e-06
-3.59829e-07
1.15472e-06
-3.65913e-07
1.09235e-06
-3.82119e-07
1.0373e-06
-4.04862e-07
9.82143e-07
-4.29572e-07
9.19331e-07
-4.52049e-07
8.43637e-07
-4.693e-07
7.53193e-07
-4.79732e-07
6.49149e-07
-4.8291e-07
5.34607e-07
-4.79226e-07
4.13475e-07
-4.69407e-07
2.89431e-07
-4.54216e-07
1.65583e-07
-4.33853e-07
4.35944e-08
-4.07995e-07
-7.53702e-08
-3.76937e-07
-1.88956e-07
-3.40657e-07
-2.9541e-07
-2.99068e-07
-3.93223e-07
-2.52394e-07
-4.80312e-07
-2.0099e-07
-5.55086e-07
-1.45657e-07
-6.1582e-07
-8.8012e-08
-6.61132e-07
-3.03154e-08
-6.91909e-07
2.50375e-08
-7.11851e-07
7.63666e-08
-7.27592e-07
1.23339e-07
-7.47464e-07
1.66946e-07
-7.78607e-07
2.08859e-07
-8.24682e-07
2.50874e-07
-8.83968e-07
2.94054e-07
-9.49506e-07
3.38395e-07
-1.01131e-06
3.83017e-07
-1.05964e-06
4.26637e-07
-1.08776e-06
4.68041e-07
-1.09302e-06
5.06367e-07
-1.07643e-06
5.41192e-07
-1.04144e-06
5.72467e-07
-9.9257e-07
6.00398e-07
-9.34372e-07
6.25323e-07
-8.70841e-07
6.47613e-07
-8.05137e-07
6.67619e-07
-7.3958e-07
6.85635e-07
-6.7575e-07
7.01896e-07
-6.14648e-07
7.16579e-07
-5.56846e-07
7.29817e-07
-5.02618e-07
7.41709e-07
-4.52041e-07
7.52334e-07
-4.05065e-07
7.61755e-07
-3.61568e-07
7.7003e-07
-3.21382e-07
7.77214e-07
-2.84318e-07
7.8336e-07
-2.50178e-07
7.88519e-07
-2.18763e-07
7.92742e-07
-1.89878e-07
7.96078e-07
-1.63329e-07
7.98576e-07
-1.38925e-07
8.00279e-07
-1.16473e-07
8.0122e-07
-9.57762e-08
8.01409e-07
-7.66445e-08
8.00827e-07
-5.89071e-08
7.99426e-07
-4.24266e-08
7.97144e-07
-2.70992e-08
7.93944e-07
-1.28187e-08
7.8986e-07
6.14792e-10
7.85046e-07
1.36653e-08
7.7979e-07
2.72635e-08
7.74495e-07
4.29822e-08
7.69623e-07
6.31205e-08
7.65654e-07
9.06202e-08
7.63135e-07
1.28797e-07
7.62852e-07
1.80919e-07
7.65997e-07
2.49545e-07
7.74069e-07
3.35325e-07
7.88342e-07
4.35215e-07
8.09003e-07
5.40954e-07
8.3437e-07
6.39435e-07
8.60876e-07
7.16056e-07
8.8426e-07
7.59945e-07
9.01322e-07
7.67672e-07
9.10989e-07
7.42987e-07
9.14117e-07
6.93586e-07
9.12568e-07
6.27664e-07
9.08339e-07
5.51947e-07
9.03117e-07
4.71183e-07
8.98178e-07
3.88408e-07
8.9445e-07
3.0538e-07
8.92601e-07
2.22961e-07
8.93111e-07
1.41436e-07
8.96318e-07
6.08225e-08
9.0242e-07
-1.88556e-08
9.11487e-07
-9.7565e-08
9.23437e-07
-1.75727e-07
9.37983e-07
-2.53243e-07
9.54654e-07
-3.29515e-07
9.728e-07
-4.03415e-07
9.91635e-07
-4.73332e-07
1.01031e-06
-5.37335e-07
1.02799e-06
-5.9341e-07
1.04395e-06
-6.39724e-07
1.05763e-06
-6.74849e-07
1.06865e-06
-6.97947e-07
1.07688e-06
-7.08881e-07
1.08243e-06
-7.08243e-07
1.08563e-06
-6.97285e-07
1.08703e-06
-6.77783e-07
1.08735e-06
-6.51842e-07
1.08742e-06
-6.21674e-07
1.0881e-06
-5.89385e-07
1.09023e-06
-5.56773e-07
1.0945e-06
-5.25192e-07
1.10144e-06
-4.95473e-07
1.11134e-06
-4.67934e-07
1.12427e-06
-4.42466e-07
1.14006e-06
-4.18655e-07
1.15841e-06
-3.95919e-07
1.17889e-06
-3.73623e-07
1.20102e-06
-3.51156e-07
1.2243e-06
-3.27984e-07
1.24824e-06
-3.03666e-07
1.27238e-06
-2.77864e-07
1.29629e-06
-2.50338e-07
1.31958e-06
-2.2094e-07
1.34188e-06
-1.89608e-07
1.36288e-06
-1.56365e-07
1.38228e-06
-1.21312e-07
1.39985e-06
-8.46215e-08
1.41542e-06
-4.65195e-08
1.42885e-06
-7.25691e-09
1.44006e-06
3.28876e-08
1.449e-06
7.35607e-08
1.45569e-06
1.14375e-07
1.46021e-06
1.54969e-07
1.4627e-06
1.95002e-07
1.4633e-06
2.34154e-07
1.46213e-06
2.72097e-07
1.45924e-06
3.08455e-07
1.45476e-06
3.42806e-07
1.44898e-06
3.74762e-07
1.44247e-06
4.04102e-07
1.43598e-06
4.30851e-07
1.43016e-06
4.55228e-07
1.42518e-06
4.77444e-07
1.42051e-06
4.97474e-07
1.41493e-06
5.1494e-07
1.40679e-06
5.29168e-07
1.39438e-06
5.39387e-07
1.37633e-06
5.44957e-07
1.35185e-06
5.45557e-07
1.32088e-06
5.41295e-07
1.28403e-06
5.32673e-07
1.24222e-06
5.20326e-07
1.19643e-06
5.04625e-07
1.14792e-06
4.85574e-07
1.09886e-06
4.63294e-07
1.05233e-06
4.38531e-07
4.12244e-07
1.01221e-06
-1.14816e-07
-7.48605e-07
-2.28613e-07
-8.3642e-07
-3.20454e-07
-8.54955e-07
-3.82011e-07
-8.28092e-07
-4.11796e-07
-7.68046e-07
-4.15051e-07
-6.90074e-07
-4.02514e-07
-6.08374e-07
-3.84782e-07
-5.28415e-07
-3.6676e-07
-4.44347e-07
-3.47575e-07
-3.44808e-07
-3.25343e-07
-2.21111e-07
-3.0069e-07
-7.03996e-08
-2.74717e-07
1.00816e-07
-2.47067e-07
2.83681e-07
-2.1648e-07
4.65167e-07
-1.88862e-07
6.34141e-07
-1.87053e-07
7.94035e-07
-2.34608e-07
9.736e-07
-3.10417e-07
1.18642e-06
-3.67939e-07
1.38107e-06
-3.8625e-07
1.49166e-06
-3.73391e-07
1.50556e-06
-3.44975e-07
1.45392e-06
-3.13375e-07
1.37298e-06
-2.86559e-07
1.28776e-06
-2.69215e-07
1.21159e-06
-2.6343e-07
1.14893e-06
-2.68697e-07
1.09762e-06
-2.82161e-07
1.05077e-06
-2.99594e-07
9.99576e-07
-3.16723e-07
9.3646e-07
-3.30234e-07
8.57148e-07
-3.38133e-07
7.61092e-07
-3.3963e-07
6.50646e-07
-3.34885e-07
5.29862e-07
-3.24777e-07
4.03368e-07
-3.10368e-07
2.75021e-07
-2.92208e-07
1.47423e-07
-2.70031e-07
2.14174e-08
-2.43445e-07
-1.01956e-07
-2.12705e-07
-2.19696e-07
-1.77894e-07
-3.30221e-07
-1.38644e-07
-4.32473e-07
-9.53359e-08
-5.2362e-07
-4.79399e-08
-6.02482e-07
2.87341e-09
-6.66634e-07
5.57142e-08
-7.13973e-07
1.08525e-07
-7.4472e-07
1.59492e-07
-7.62818e-07
2.07524e-07
-7.75623e-07
2.5246e-07
-7.92401e-07
2.95218e-07
-8.21365e-07
3.37174e-07
-8.66638e-07
3.79423e-07
-9.26217e-07
4.2218e-07
-9.92263e-07
4.64715e-07
-1.05384e-06
5.05757e-07
-1.10068e-06
5.44034e-07
-1.12604e-06
5.78659e-07
-1.12764e-06
6.09257e-07
-1.10703e-06
6.35911e-07
-1.0681e-06
6.59007e-07
-1.01567e-06
6.79069e-07
-9.54434e-07
6.96637e-07
-8.88409e-07
7.12189e-07
-8.20689e-07
7.26104e-07
-7.53494e-07
7.38657e-07
-6.88304e-07
7.50037e-07
-6.26028e-07
7.60363e-07
-5.67172e-07
7.69706e-07
-5.1196e-07
7.78106e-07
-4.6044e-07
7.85588e-07
-4.12548e-07
7.92172e-07
-3.68152e-07
7.97877e-07
-3.27086e-07
8.02725e-07
-2.89165e-07
8.06742e-07
-2.54195e-07
8.09961e-07
-2.21981e-07
8.12412e-07
-1.92329e-07
8.1413e-07
-1.65047e-07
8.15151e-07
-1.39947e-07
8.15511e-07
-1.16833e-07
8.15239e-07
-9.5505e-08
8.14354e-07
-7.57595e-08
8.12848e-07
-5.74003e-08
8.10678e-07
-4.02575e-08
8.0778e-07
-2.42007e-08
8.04087e-07
-9.12591e-09
7.99588e-07
5.11346e-09
7.94392e-07
1.88614e-08
7.88788e-07
3.28675e-08
7.83274e-07
4.84961e-08
7.78536e-07
6.7859e-08
7.75396e-07
9.37597e-08
7.74794e-07
1.294e-07
7.7783e-07
1.77882e-07
7.85835e-07
2.41541e-07
8.00226e-07
3.20934e-07
8.22005e-07
4.13435e-07
8.50981e-07
5.11978e-07
8.85142e-07
6.05274e-07
9.20755e-07
6.80443e-07
9.53458e-07
7.27242e-07
9.7981e-07
7.4132e-07
9.98294e-07
7.24503e-07
1.00928e-06
6.82596e-07
1.01433e-06
6.22619e-07
1.01537e-06
5.5091e-07
1.01421e-06
4.7234e-07
1.01235e-06
3.90269e-07
1.01092e-06
3.06812e-07
1.01074e-06
2.23141e-07
1.01238e-06
1.39792e-07
1.01623e-06
5.69709e-08
1.02249e-06
-2.51107e-08
1.0312e-06
-1.06276e-07
1.04218e-06
-1.86711e-07
1.05502e-06
-2.66085e-07
1.0691e-06
-3.43594e-07
1.08363e-06
-4.17946e-07
1.09774e-06
-4.87443e-07
1.11057e-06
-5.50162e-07
1.12136e-06
-6.04195e-07
1.12951e-06
-6.4788e-07
1.13467e-06
-6.80006e-07
1.13671e-06
-6.99982e-07
1.13576e-06
-7.07931e-07
1.13222e-06
-7.04703e-07
1.12672e-06
-6.91789e-07
1.12009e-06
-6.71157e-07
1.1133e-06
-6.45045e-07
1.10734e-06
-6.15722e-07
1.10322e-06
-5.85263e-07
1.1018e-06
-5.55348e-07
1.10373e-06
-5.27126e-07
1.10942e-06
-5.01163e-07
1.11898e-06
-4.77492e-07
1.13225e-06
-4.55735e-07
1.14887e-06
-4.35273e-07
1.16833e-06
-4.15385e-07
1.19008e-06
-3.9537e-07
1.21353e-06
-3.74606e-07
1.23813e-06
-3.5258e-07
1.26335e-06
-3.28891e-07
1.28873e-06
-3.03241e-07
1.31382e-06
-2.75429e-07
1.33822e-06
-2.45341e-07
1.36156e-06
-2.12951e-07
1.38351e-06
-1.78314e-07
1.40377e-06
-1.41568e-07
1.42208e-06
-1.02933e-07
1.43825e-06
-6.26885e-08
1.45214e-06
-2.11464e-08
1.46367e-06
2.13545e-08
1.4728e-06
6.4433e-08
1.47955e-06
1.07628e-07
1.48399e-06
1.50523e-07
1.48628e-06
1.92718e-07
1.48658e-06
2.33846e-07
1.48511e-06
2.73572e-07
1.482e-06
3.11565e-07
1.47735e-06
3.47459e-07
1.47126e-06
3.80852e-07
1.46398e-06
4.11378e-07
1.456e-06
4.38831e-07
1.44799e-06
4.63243e-07
1.44057e-06
4.84859e-07
1.43406e-06
5.03984e-07
1.42821e-06
5.20788e-07
1.42219e-06
5.35184e-07
1.41476e-06
5.46826e-07
1.4045e-06
5.55214e-07
1.39021e-06
5.59842e-07
1.37115e-06
5.6036e-07
1.34714e-06
5.56684e-07
1.31849e-06
5.48972e-07
1.28572e-06
5.37394e-07
1.2494e-06
5.219e-07
1.21041e-06
5.02277e-07
1.17026e-06
4.78681e-07
4.51059e-07
1.13145e-06
-1.617e-07
-5.86905e-07
-3.13431e-07
-6.84689e-07
-4.35038e-07
-7.33348e-07
-5.17756e-07
-7.45374e-07
-5.59499e-07
-7.26304e-07
-5.6543e-07
-6.84143e-07
-5.46771e-07
-6.27034e-07
-5.16204e-07
-5.58981e-07
-4.82679e-07
-4.77872e-07
-4.4929e-07
-3.78196e-07
-4.15222e-07
-2.5518e-07
-3.78324e-07
-1.07297e-07
-3.38757e-07
6.12491e-08
-2.97172e-07
2.42096e-07
-2.58463e-07
4.26457e-07
-2.35108e-07
6.10786e-07
-2.44481e-07
8.03409e-07
-2.86779e-07
1.0159e-06
-3.32241e-07
1.23188e-06
-3.50622e-07
1.39945e-06
-3.36558e-07
1.4776e-06
-3.01975e-07
1.47098e-06
-2.6047e-07
1.41241e-06
-2.21581e-07
1.3341e-06
-1.90972e-07
1.25716e-06
-1.71428e-07
1.19204e-06
-1.63289e-07
1.14079e-06
-1.64625e-07
1.09896e-06
-1.71896e-07
1.05804e-06
-1.8107e-07
1.00875e-06
-1.88671e-07
9.44062e-07
-1.92339e-07
8.60815e-07
-1.90867e-07
7.5962e-07
-1.84048e-07
6.43828e-07
-1.72568e-07
5.18382e-07
-1.57773e-07
3.88572e-07
-1.40631e-07
2.57879e-07
-1.20886e-07
1.27677e-07
-9.77463e-08
-1.72182e-09
-7.11766e-08
-1.28526e-07
-4.10619e-08
-2.49811e-07
-6.98793e-09
-3.64295e-07
2.99609e-08
-4.69422e-07
7.04951e-08
-5.64154e-07
1.1389e-07
-6.45876e-07
1.59414e-07
-7.12158e-07
2.06064e-07
-7.60624e-07
2.52525e-07
-7.91181e-07
2.97558e-07
-8.07851e-07
3.40646e-07
-8.18711e-07
3.82179e-07
-8.33934e-07
4.23214e-07
-8.624e-07
4.6476e-07
-9.08183e-07
5.07042e-07
-9.68499e-07
5.49215e-07
-1.03444e-06
5.89692e-07
-1.09432e-06
6.26803e-07
-1.13779e-06
6.59356e-07
-1.15859e-06
6.86873e-07
-1.15516e-06
7.09533e-07
-1.12969e-06
7.27954e-07
-1.08652e-06
7.42949e-07
-1.03066e-06
7.55336e-07
-9.66822e-07
7.65822e-07
-8.98895e-07
7.7495e-07
-8.29818e-07
7.831e-07
-7.61644e-07
7.90505e-07
-6.95709e-07
7.97292e-07
-6.32816e-07
8.03514e-07
-5.73393e-07
8.09176e-07
-5.17622e-07
8.1426e-07
-4.65525e-07
8.18741e-07
-4.17029e-07
8.22598e-07
-3.72009e-07
8.25815e-07
-3.30303e-07
8.28387e-07
-2.91738e-07
8.30321e-07
-2.56129e-07
8.31629e-07
-2.23289e-07
8.32331e-07
-1.93031e-07
8.32451e-07
-1.65167e-07
8.32015e-07
-1.3951e-07
8.31051e-07
-1.15869e-07
8.29588e-07
-9.40419e-08
8.27648e-07
-7.38197e-08
8.25236e-07
-5.49885e-08
8.22328e-07
-3.73491e-08
8.18864e-07
-2.0737e-08
8.1477e-07
-5.03168e-09
8.09996e-07
9.88687e-09
8.046e-07
2.42581e-08
7.98831e-07
3.86361e-08
7.9321e-07
5.41173e-08
7.88547e-07
7.25217e-08
7.85911e-07
9.6396e-08
7.86554e-07
1.28756e-07
7.91859e-07
1.72577e-07
8.03297e-07
2.30103e-07
8.22263e-07
3.01968e-07
8.49621e-07
3.86077e-07
8.85017e-07
4.76583e-07
9.26345e-07
5.63946e-07
9.69873e-07
6.36915e-07
1.01121e-06
6.859e-07
1.0467e-06
7.05837e-07
1.07432e-06
6.96879e-07
1.09389e-06
6.63032e-07
1.10649e-06
6.1002e-07
1.11383e-06
5.43562e-07
1.11773e-06
4.68439e-07
1.11979e-06
3.88213e-07
1.12129e-06
3.0531e-07
1.1232e-06
2.21232e-07
1.12618e-06
1.36818e-07
1.13065e-06
5.25022e-08
1.13681e-06
-3.1279e-08
1.14471e-06
-1.14172e-07
1.15406e-06
-1.96062e-07
1.16434e-06
-2.76368e-07
1.17483e-06
-3.54083e-07
1.18467e-06
-4.27785e-07
1.19298e-06
-4.95755e-07
1.19898e-06
-5.56159e-07
1.20205e-06
-6.07263e-07
1.2018e-06
-6.47629e-07
1.19809e-06
-6.76302e-07
1.19108e-06
-6.92967e-07
1.18118e-06
-6.98028e-07
1.16908e-06
-6.92604e-07
1.1557e-06
-6.7841e-07
1.14212e-06
-6.57576e-07
1.12949e-06
-6.32421e-07
1.11897e-06
-6.05201e-07
1.11159e-06
-5.7788e-07
1.10817e-06
-5.51924e-07
1.10923e-06
-5.28188e-07
1.11496e-06
-5.06899e-07
1.12524e-06
-4.87764e-07
1.13964e-06
-4.70144e-07
1.15761e-06
-4.53243e-07
1.17849e-06
-4.36265e-07
1.20163e-06
-4.18501e-07
1.22639e-06
-3.99371e-07
1.25223e-06
-3.78421e-07
1.27864e-06
-3.55303e-07
1.30517e-06
-3.29764e-07
1.33137e-06
-3.01632e-07
1.35685e-06
-2.70818e-07
1.38121e-06
-2.37316e-07
1.4041e-06
-2.01208e-07
1.4252e-06
-1.62669e-07
1.44424e-06
-1.21964e-07
1.46098e-06
-7.94307e-08
1.47528e-06
-3.54457e-08
1.48706e-06
9.5722e-09
1.49628e-06
5.52107e-08
1.50298e-06
1.00932e-07
1.50724e-06
1.46261e-07
1.50921e-06
1.90748e-07
1.50908e-06
2.33977e-07
1.50708e-06
2.75575e-07
1.50343e-06
3.15214e-07
1.49831e-06
3.52579e-07
1.49182e-06
3.87337e-07
1.48407e-06
4.1913e-07
1.47526e-06
4.47642e-07
1.46579e-06
4.72708e-07
1.45626e-06
4.94392e-07
1.44727e-06
5.12974e-07
1.43923e-06
5.28833e-07
1.43212e-06
5.42286e-07
1.42549e-06
5.53461e-07
1.41845e-06
5.62251e-07
1.40995e-06
5.68343e-07
1.39899e-06
5.71318e-07
1.38489e-06
5.7079e-07
1.36734e-06
5.66515e-07
1.34637e-06
5.58367e-07
1.32207e-06
5.46198e-07
1.29466e-06
5.29691e-07
1.26458e-06
5.08761e-07
4.82814e-07
1.23282e-06
-2.04654e-07
-3.82251e-07
-3.94294e-07
-4.95049e-07
-5.4758e-07
-5.80062e-07
-6.54768e-07
-6.38186e-07
-7.12791e-07
-6.6828e-07
-7.25801e-07
-6.71133e-07
-7.03983e-07
-6.48852e-07
-6.60231e-07
-6.02733e-07
-6.06241e-07
-5.31862e-07
-5.49873e-07
-4.34564e-07
-4.94681e-07
-3.10371e-07
-4.40472e-07
-1.61507e-07
-3.88031e-07
8.80863e-09
-3.39131e-07
1.93195e-07
-3.01151e-07
3.88478e-07
-2.84408e-07
5.94043e-07
-2.93723e-07
8.12723e-07
-3.16446e-07
1.03862e-06
-3.27646e-07
1.24308e-06
-3.11913e-07
1.38372e-06
-2.72604e-07
1.43829e-06
-2.22031e-07
1.4204e-06
-1.71148e-07
1.36153e-06
-1.26869e-07
1.28982e-06
-9.27573e-08
1.22304e-06
-6.985e-08
1.16913e-06
-5.71295e-08
1.12807e-06
-5.19079e-08
1.09374e-06
-5.06895e-08
1.05682e-06
-5.01407e-08
1.0082e-06
-4.77478e-08
9.41669e-07
-4.20264e-08
8.55094e-07
-3.24434e-08
7.50037e-07
-1.93073e-08
6.30692e-07
-3.52321e-09
5.02598e-07
1.43418e-08
3.70707e-07
3.41255e-08
2.38096e-07
5.6624e-08
1.05179e-07
8.1995e-08
-2.70929e-08
1.09193e-07
-1.55723e-07
1.38732e-07
-2.7935e-07
1.70839e-07
-3.96402e-07
2.05646e-07
-5.04229e-07
2.4244e-07
-6.00949e-07
2.8096e-07
-6.84397e-07
3.2059e-07
-7.51788e-07
3.60444e-07
-8.00478e-07
3.99614e-07
-8.3035e-07
4.37614e-07
-8.45851e-07
4.74784e-07
-8.55881e-07
5.12209e-07
-8.7136e-07
5.51122e-07
-9.01313e-07
5.92006e-07
-9.49067e-07
6.34005e-07
-1.0105e-06
6.75085e-07
-1.07552e-06
7.12819e-07
-1.13205e-06
7.4526e-07
-1.17024e-06
7.71445e-07
-1.18478e-06
7.91416e-07
-1.17513e-06
8.05949e-07
-1.14422e-06
8.16184e-07
-1.09675e-06
8.23316e-07
-1.03779e-06
8.28396e-07
-9.71902e-07
8.32239e-07
-9.02738e-07
8.35406e-07
-8.32985e-07
8.38238e-07
-7.64475e-07
8.40905e-07
-6.98376e-07
8.43461e-07
-6.35372e-07
8.45885e-07
-5.75817e-07
8.48119e-07
-5.19855e-07
8.5009e-07
-4.67496e-07
8.5173e-07
-4.1867e-07
8.52981e-07
-3.73259e-07
8.538e-07
-3.31122e-07
8.54161e-07
-2.92099e-07
8.54054e-07
-2.56022e-07
8.53481e-07
-2.22717e-07
8.52455e-07
-1.92004e-07
8.50991e-07
-1.63703e-07
8.4911e-07
-1.3763e-07
8.46838e-07
-1.13596e-07
8.44199e-07
-9.14033e-08
8.4122e-07
-7.08409e-08
8.37918e-07
-5.16864e-08
8.34287e-07
-3.37182e-08
8.30289e-07
-1.67384e-08
8.25853e-07
-5.9543e-10
8.2091e-07
1.48291e-08
8.15467e-07
2.97011e-08
8.09709e-07
4.43942e-08
8.04109e-07
5.97172e-08
7.99502e-07
7.71295e-08
7.97079e-07
9.8819e-08
7.98311e-07
1.27524e-07
8.04817e-07
1.66071e-07
8.18228e-07
2.16692e-07
8.39981e-07
2.80215e-07
8.70921e-07
3.55137e-07
9.10707e-07
4.36796e-07
9.5734e-07
5.17313e-07
1.00725e-06
5.87005e-07
1.05612e-06
6.37025e-07
1.10011e-06
6.61848e-07
1.13675e-06
6.60243e-07
1.16522e-06
6.34561e-07
1.18606e-06
5.89179e-07
1.20061e-06
5.29015e-07
1.2105e-06
4.58549e-07
1.21732e-06
3.81389e-07
1.22244e-06
3.00191e-07
1.22691e-06
2.16766e-07
1.23144e-06
1.32284e-07
1.23651e-06
4.74344e-08
1.24233e-06
-3.71011e-08
1.24891e-06
-1.20755e-07
1.25592e-06
-2.03074e-07
1.26278e-06
-2.83219e-07
1.2687e-06
-3.60007e-07
1.27286e-06
-4.31948e-07
1.27448e-06
-4.97375e-07
1.27293e-06
-5.54608e-07
1.2678e-06
-6.0213e-07
1.25893e-06
-6.38758e-07
1.24644e-06
-6.63814e-07
1.23075e-06
-6.77279e-07
1.21258e-06
-6.79853e-07
1.19289e-06
-6.72918e-07
1.17287e-06
-6.58388e-07
1.1538e-06
-6.38504e-07
1.13697e-06
-6.15594e-07
1.12359e-06
-5.91818e-07
1.11463e-06
-5.68925e-07
1.11078e-06
-5.48071e-07
1.11232e-06
-5.29732e-07
1.11917e-06
-5.13749e-07
1.13091e-06
-4.99501e-07
1.1469e-06
-4.86129e-07
1.16639e-06
-4.72741e-07
1.18867e-06
-4.5854e-07
1.21305e-06
-4.42885e-07
1.23896e-06
-4.25279e-07
1.26589e-06
-4.05345e-07
1.29337e-06
-3.82787e-07
1.32098e-06
-3.57374e-07
1.34829e-06
-3.28941e-07
1.37487e-06
-2.974e-07
1.40031e-06
-2.62754e-07
1.42421e-06
-2.25105e-07
1.4462e-06
-1.84663e-07
1.46598e-06
-1.41742e-07
1.48329e-06
-9.67459e-08
1.49798e-06
-5.01356e-08
1.50995e-06
-2.3947e-09
1.51917e-06
4.59859e-08
1.5257e-06
9.44105e-08
1.52963e-06
1.42326e-07
1.53114e-06
1.89235e-07
1.53044e-06
2.3468e-07
1.52776e-06
2.78253e-07
1.52337e-06
3.19604e-07
1.51752e-06
3.58436e-07
1.51038e-06
3.94473e-07
1.50208e-06
4.27432e-07
1.4927e-06
4.5702e-07
1.48242e-06
4.82991e-07
1.47157e-06
5.05239e-07
1.46067e-06
5.23871e-07
1.45031e-06
5.39201e-07
1.44094e-06
5.51657e-07
1.43275e-06
5.61651e-07
1.42555e-06
5.69444e-07
1.41882e-06
5.75076e-07
1.41178e-06
5.78353e-07
1.40366e-06
5.78912e-07
1.39383e-06
5.76352e-07
1.38187e-06
5.70324e-07
1.36753e-06
5.60536e-07
1.35061e-06
5.46616e-07
1.33099e-06
5.28378e-07
5.05148e-07
1.30865e-06
-2.40492e-07
-1.41759e-07
-4.64167e-07
-2.71374e-07
-6.48257e-07
-3.95973e-07
-7.81428e-07
-5.05014e-07
-8.59269e-07
-5.90439e-07
-8.84528e-07
-6.45875e-07
-8.65757e-07
-6.67623e-07
-8.14776e-07
-6.53714e-07
-7.44088e-07
-6.02549e-07
-6.64882e-07
-5.13771e-07
-5.85435e-07
-3.89818e-07
-5.11081e-07
-2.35861e-07
-4.44686e-07
-5.75861e-08
-3.89711e-07
1.38219e-07
-3.50693e-07
3.4946e-07
-3.30956e-07
5.74306e-07
-3.25837e-07
8.07604e-07
-3.20456e-07
1.03324e-06
-2.98557e-07
1.22118e-06
-2.54944e-07
1.34011e-06
-1.96707e-07
1.38005e-06
-1.34744e-07
1.35844e-06
-7.7168e-08
1.30395e-06
-2.85048e-08
1.24115e-06
9.4404e-09
1.1851e-06
3.69629e-08
1.14161e-06
5.59674e-08
1.10907e-06
6.93838e-08
1.08032e-06
8.02351e-08
1.04597e-06
9.09897e-08
9.97446e-07
1.0327e-07
9.29389e-07
1.17879e-07
8.40485e-07
1.34925e-07
7.32991e-07
1.53962e-07
6.11655e-07
1.74374e-07
4.82186e-07
1.95763e-07
3.49318e-07
2.18373e-07
2.15486e-07
2.42275e-07
8.12773e-08
2.67303e-07
-5.21212e-08
2.93543e-07
-1.81963e-07
3.21763e-07
-3.0757e-07
3.51993e-07
-4.26632e-07
3.83861e-07
-5.36096e-07
4.16761e-07
-6.33849e-07
4.50188e-07
-7.17823e-07
4.83495e-07
-7.85096e-07
5.15963e-07
-8.32945e-07
5.47203e-07
-8.6159e-07
5.77635e-07
-8.76283e-07
6.08618e-07
-8.86864e-07
6.41957e-07
-9.04699e-07
6.78879e-07
-9.38235e-07
7.19045e-07
-9.89233e-07
7.60302e-07
-1.05175e-06
7.9942e-07
-1.11464e-06
8.33324e-07
-1.16596e-06
8.60048e-07
-1.19696e-06
8.79065e-07
-1.20379e-06
8.91044e-07
-1.18711e-06
8.97361e-07
-1.15054e-06
8.99622e-07
-1.09901e-06
8.99317e-07
-1.03749e-06
8.97639e-07
-9.70224e-07
8.95435e-07
-9.00534e-07
8.93228e-07
-8.30778e-07
8.91287e-07
-7.62534e-07
8.89698e-07
-6.96788e-07
8.88433e-07
-6.34106e-07
8.87399e-07
-5.74783e-07
8.86478e-07
-5.18935e-07
8.85553e-07
-4.66571e-07
8.84517e-07
-4.17634e-07
8.83286e-07
-3.72028e-07
8.81796e-07
-3.29633e-07
8.80009e-07
-2.90312e-07
8.77904e-07
-2.53917e-07
8.75477e-07
-2.2029e-07
8.72737e-07
-1.89264e-07
8.69698e-07
-1.60664e-07
8.6638e-07
-1.34313e-07
8.62807e-07
-1.10023e-07
8.59003e-07
-8.75994e-08
8.54997e-07
-6.68346e-08
8.50814e-07
-4.75037e-08
8.46468e-07
-2.93724e-08
8.41945e-07
-1.22153e-08
8.37195e-07
4.15509e-09
8.32147e-07
1.98764e-08
8.26771e-07
3.50777e-08
8.21174e-07
4.99912e-08
8.15735e-07
6.51552e-08
8.11219e-07
8.16459e-08
8.08818e-07
1.0122e-07
8.10099e-07
1.26243e-07
8.16848e-07
1.59322e-07
8.30857e-07
2.02684e-07
8.53667e-07
2.57405e-07
8.86204e-07
3.226e-07
9.28274e-07
3.94726e-07
9.78138e-07
4.6745e-07
1.03254e-06
5.32606e-07
1.08736e-06
5.82204e-07
1.13867e-06
6.10538e-07
1.1836e-06
6.15307e-07
1.22076e-06
5.97408e-07
1.25004e-06
5.59893e-07
1.2723e-06
5.06755e-07
1.28885e-06
4.41999e-07
1.30113e-06
3.69112e-07
1.31045e-06
2.90868e-07
1.31789e-06
2.09333e-07
1.3242e-06
1.25971e-07
1.32985e-06
4.17838e-08
1.33509e-06
-4.23423e-08
1.33991e-06
-1.25574e-07
1.34395e-06
-2.07113e-07
1.34662e-06
-2.85892e-07
1.34722e-06
-3.60604e-07
1.34503e-06
-4.29757e-07
1.33945e-06
-4.91799e-07
1.33008e-06
-5.4524e-07
1.31675e-06
-5.88798e-07
1.29955e-06
-6.21551e-07
1.27885e-06
-6.43116e-07
1.25536e-06
-6.53786e-07
1.23006e-06
-6.54561e-07
1.20421e-06
-6.47066e-07
1.17919e-06
-6.33363e-07
1.15641e-06
-6.15731e-07
1.13724e-06
-5.96417e-07
1.1228e-06
-5.77379e-07
1.11392e-06
-5.60052e-07
1.11104e-06
-5.45187e-07
1.11413e-06
-5.32822e-07
1.12279e-06
-5.22405e-07
1.13632e-06
-5.13039e-07
1.15393e-06
-5.03738e-07
1.1748e-06
-4.93611e-07
1.19822e-06
-4.81957e-07
1.22359e-06
-4.68256e-07
1.25043e-06
-4.52118e-07
1.27831e-06
-4.33228e-07
1.30683e-06
-4.11309e-07
1.33558e-06
-3.86115e-07
1.36409e-06
-3.57454e-07
1.3919e-06
-3.25214e-07
1.41854e-06
-2.89394e-07
1.44355e-06
-2.50117e-07
1.46653e-06
-2.07635e-07
1.48711e-06
-1.62321e-07
1.50502e-06
-1.14658e-07
1.52008e-06
-6.51946e-08
1.53218e-06
-1.45023e-08
1.54133e-06
3.6841e-08
1.54756e-06
8.81811e-08
1.55101e-06
1.38871e-07
1.55189e-06
1.88355e-07
1.55044e-06
2.36135e-07
1.54692e-06
2.81776e-07
1.54161e-06
3.24909e-07
1.53481e-06
3.65234e-07
1.52678e-06
4.02506e-07
1.5177e-06
4.36513e-07
1.50768e-06
4.67039e-07
1.49681e-06
4.93865e-07
1.48522e-06
5.16826e-07
1.47321e-06
5.35883e-07
1.46122e-06
5.51187e-07
1.4498e-06
5.63074e-07
1.43946e-06
5.71997e-07
1.43049e-06
5.78408e-07
1.42294e-06
5.82634e-07
1.4165e-06
5.8479e-07
1.41066e-06
5.84748e-07
1.40481e-06
5.82199e-07
1.39838e-06
5.76753e-07
1.39088e-06
5.68043e-07
1.38184e-06
5.55654e-07
1.37088e-06
5.39337e-07
5.18556e-07
1.35747e-06
-2.62507e-07
1.20749e-07
-5.10498e-07
-2.33834e-08
-7.1946e-07
-1.87011e-07
-8.76558e-07
-3.47917e-07
-9.75689e-07
-4.91307e-07
-1.01784e-06
-6.03727e-07
-1.00942e-06
-6.76039e-07
-9.60292e-07
-7.02843e-07
-8.82324e-07
-6.80517e-07
-7.88168e-07
-6.07927e-07
-6.89558e-07
-4.88427e-07
-5.95905e-07
-3.29514e-07
-5.13613e-07
-1.39878e-07
-4.47331e-07
7.19372e-08
-3.97848e-07
2.99977e-07
-3.62647e-07
5.39105e-07
-3.33324e-07
7.78281e-07
-2.97775e-07
9.97691e-07
-2.47242e-07
1.17065e-06
-1.82211e-07
1.27508e-06
-1.10462e-07
1.3083e-06
-4.0601e-08
1.28858e-06
2.18822e-08
1.24147e-06
7.42465e-08
1.18879e-06
1.16214e-07
1.14313e-06
1.49187e-07
1.10864e-06
1.75547e-07
1.08271e-06
1.97953e-07
1.05791e-06
2.18708e-07
1.02521e-06
2.39375e-07
9.76778e-07
2.6076e-07
9.08005e-07
2.83078e-07
8.18166e-07
3.06127e-07
7.09942e-07
3.29491e-07
5.88291e-07
3.52938e-07
4.58739e-07
3.76626e-07
3.25629e-07
4.00918e-07
1.91194e-07
4.25999e-07
5.61961e-08
4.51539e-07
-7.76607e-08
4.779e-07
-2.08324e-07
5.05426e-07
-3.35097e-07
5.33766e-07
-4.54972e-07
5.62415e-07
-5.64746e-07
5.90895e-07
-6.62328e-07
6.18682e-07
-7.45611e-07
6.45106e-07
-8.11519e-07
6.69662e-07
-8.57501e-07
6.92647e-07
-8.84576e-07
7.15569e-07
-8.99204e-07
7.40864e-07
-9.12159e-07
7.70852e-07
-9.34686e-07
8.06341e-07
-9.73724e-07
8.45769e-07
-1.02866e-06
8.85545e-07
-1.09153e-06
9.21436e-07
-1.15053e-06
9.50084e-07
-1.19461e-06
9.69865e-07
-1.21674e-06
9.80906e-07
-1.21483e-06
9.84567e-07
-1.19077e-06
9.82777e-07
-1.14875e-06
9.77497e-07
-1.09373e-06
9.70386e-07
-1.03038e-06
9.62673e-07
-9.62512e-07
9.55153e-07
-8.93014e-07
9.48258e-07
-8.23883e-07
9.42154e-07
-7.5643e-07
9.3683e-07
-6.91464e-07
9.32177e-07
-6.29453e-07
9.28036e-07
-5.70642e-07
9.2424e-07
-5.15139e-07
9.20633e-07
-4.62964e-07
9.17083e-07
-4.14084e-07
9.13489e-07
-3.68433e-07
9.09775e-07
-3.25919e-07
9.05897e-07
-2.86434e-07
9.0183e-07
-2.4985e-07
8.9757e-07
-2.1603e-07
8.93126e-07
-1.84819e-07
8.88515e-07
-1.56054e-07
8.83761e-07
-1.29558e-07
8.78888e-07
-1.05149e-07
8.73923e-07
-8.26342e-08
8.68895e-07
-6.18069e-08
8.63837e-07
-4.24458e-08
8.58777e-07
-2.43125e-08
8.53726e-07
-7.1637e-09
8.48661e-07
9.21958e-09
8.4353e-07
2.50075e-08
8.38281e-07
4.03263e-08
8.32956e-07
5.5317e-08
8.27814e-07
7.02967e-08
8.23481e-07
8.59795e-08
8.21036e-07
1.03664e-07
8.22015e-07
1.25265e-07
8.28263e-07
1.53074e-07
8.41699e-07
1.89247e-07
8.64009e-07
2.35095e-07
8.96276e-07
2.90334e-07
9.38546e-07
3.52456e-07
9.89449e-07
4.16546e-07
1.04616e-06
4.75893e-07
1.1049e-06
5.23468e-07
1.16178e-06
5.53659e-07
1.21365e-06
5.63429e-07
1.25859e-06
5.52471e-07
1.29588e-06
5.22602e-07
1.3258e-06
4.7684e-07
1.34922e-06
4.1858e-07
1.36729e-06
3.51041e-07
1.38117e-06
2.76985e-07
1.39186e-06
1.98648e-07
1.40008e-06
1.17746e-07
1.4063e-06
3.55613e-08
1.41078e-06
-4.68201e-08
1.4135e-06
-1.28294e-07
1.41414e-06
-2.0775e-07
1.41219e-06
-2.83948e-07
1.40711e-06
-3.5552e-07
1.39838e-06
-4.21033e-07
1.38566e-06
-4.79078e-07
1.36878e-06
-5.2836e-07
1.34781e-06
-5.67826e-07
1.32308e-06
-5.96826e-07
1.29526e-06
-6.15291e-07
1.26531e-06
-6.23837e-07
1.2345e-06
-6.23754e-07
1.20429e-06
-6.16858e-07
1.17621e-06
-6.05283e-07
1.15173e-06
-5.91245e-07
1.13211e-06
-5.76802e-07
1.11834e-06
-5.63605e-07
1.11097e-06
-5.52681e-07
1.11009e-06
-5.44311e-07
1.11535e-06
-5.3808e-07
1.12604e-06
-5.33098e-07
1.1413e-06
-5.28294e-07
1.16024e-06
-5.22678e-07
1.18211e-06
-5.15479e-07
1.20631e-06
-5.06161e-07
1.23241e-06
-4.94355e-07
1.26005e-06
-4.79758e-07
1.28889e-06
-4.62069e-07
1.31855e-06
-4.40971e-07
1.34859e-06
-4.16151e-07
1.37849e-06
-3.87353e-07
1.4077e-06
-3.54429e-07
1.43568e-06
-3.17374e-07
1.46191e-06
-2.76342e-07
1.48591e-06
-2.31642e-07
1.50732e-06
-1.83725e-07
1.52582e-06
-1.33163e-07
1.54123e-06
-8.06028e-08
1.55344e-06
-2.67144e-08
1.56245e-06
2.78329e-08
1.56831e-06
8.23222e-08
1.57118e-06
1.36004e-07
1.57128e-06
1.88251e-07
1.5689e-06
2.38515e-07
1.56435e-06
2.8633e-07
1.55795e-06
3.31311e-07
1.55002e-06
3.73159e-07
1.54088e-06
4.11647e-07
1.53078e-06
4.4661e-07
1.51991e-06
4.7791e-07
1.50837e-06
5.0541e-07
1.49622e-06
5.28974e-07
1.48359e-06
5.48515e-07
1.47072e-06
5.64059e-07
1.458e-06
5.7579e-07
1.44594e-06
5.84059e-07
1.43503e-06
5.89313e-07
1.42566e-06
5.92007e-07
1.41797e-06
5.92481e-07
1.41184e-06
5.90875e-07
1.40693e-06
5.87109e-07
1.40276e-06
5.80925e-07
1.3988e-06
5.71999e-07
1.39451e-06
5.59945e-07
1.38938e-06
5.4447e-07
5.25229e-07
1.38271e-06
-2.58577e-07
3.79326e-07
-5.1266e-07
2.307e-07
-7.33373e-07
3.37026e-08
-9.05777e-07
-1.75513e-07
-1.02393e-06
-3.7315e-07
-1.08701e-06
-5.40647e-07
-1.09787e-06
-6.65179e-07
-1.06217e-06
-7.38549e-07
-9.89008e-07
-7.53677e-07
-8.90918e-07
-7.06018e-07
-7.81814e-07
-5.9753e-07
-6.73952e-07
-4.37376e-07
-5.76164e-07
-2.37667e-07
-4.93416e-07
-1.08107e-08
-4.25578e-07
2.32138e-07
-3.67749e-07
4.81277e-07
-3.11655e-07
7.22187e-07
-2.48986e-07
9.35022e-07
-1.75987e-07
1.09765e-06
-9.57134e-08
1.1948e-06
-1.49809e-08
1.22757e-06
6.01963e-08
1.2134e-06
1.25997e-07
1.17567e-06
1.81514e-07
1.13327e-06
2.27667e-07
1.09698e-06
2.66508e-07
1.0698e-06
3.00512e-07
1.0487e-06
3.31864e-07
1.02656e-06
3.62077e-07
9.95001e-07
3.91877e-07
9.46979e-07
4.21375e-07
8.78507e-07
4.50334e-07
7.89206e-07
4.78406e-07
6.8187e-07
5.05411e-07
5.61286e-07
5.3156e-07
4.32589e-07
5.57313e-07
2.99877e-07
5.83025e-07
1.65482e-07
6.08966e-07
3.02554e-08
6.35006e-07
-1.03701e-07
6.61403e-07
-2.34721e-07
6.87871e-07
-3.61565e-07
7.13743e-07
-4.80843e-07
7.38543e-07
-5.89546e-07
7.61943e-07
-6.85728e-07
7.83435e-07
-7.67102e-07
8.02372e-07
-8.30456e-07
8.18651e-07
-8.73781e-07
8.33518e-07
-8.99443e-07
8.49719e-07
-9.15405e-07
8.70625e-07
-9.33065e-07
8.98577e-07
-9.62638e-07
9.33344e-07
-1.00849e-06
9.71755e-07
-1.06707e-06
1.00886e-06
-1.12864e-06
1.03985e-06
-1.18152e-06
1.0616e-06
-1.21636e-06
1.07322e-06
-1.22836e-06
1.07565e-06
-1.21726e-06
1.07094e-06
-1.18605e-06
1.06143e-06
-1.13925e-06
1.0493e-06
-1.0816e-06
1.03622e-06
-1.0173e-06
1.02334e-06
-9.49635e-07
1.01134e-06
-8.81007e-07
1.0005e-06
-8.13043e-07
9.90868e-07
-7.46802e-07
9.82342e-07
-6.82939e-07
9.74733e-07
-6.21844e-07
9.67828e-07
-5.63737e-07
9.61421e-07
-5.08733e-07
9.55334e-07
-4.56877e-07
9.49421e-07
-4.08171e-07
9.4357e-07
-3.62583e-07
9.37707e-07
-3.20056e-07
9.31786e-07
-2.80512e-07
9.25785e-07
-2.4385e-07
9.19706e-07
-2.0995e-07
9.13562e-07
-1.78675e-07
9.07378e-07
-1.49869e-07
9.01181e-07
-1.23362e-07
8.95003e-07
-9.89715e-08
8.88874e-07
-7.6505e-08
8.82826e-07
-5.57586e-08
8.76894e-07
-3.65142e-08
8.71117e-07
-1.85352e-08
8.65524e-07
-1.57134e-09
8.60127e-07
1.46173e-08
8.54897e-07
3.02375e-08
8.49787e-07
4.54363e-08
8.44789e-07
6.03144e-08
8.40051e-07
7.50347e-08
8.36023e-07
9.00081e-08
8.3359e-07
1.06097e-07
8.34127e-07
1.24727e-07
8.39418e-07
1.47783e-07
8.51425e-07
1.77239e-07
8.71968e-07
2.14553e-07
9.02334e-07
2.59968e-07
9.42873e-07
3.11917e-07
9.92651e-07
3.66768e-07
1.04936e-06
4.19181e-07
1.10967e-06
4.63161e-07
1.16989e-06
4.93438e-07
1.22675e-06
5.06568e-07
1.2779e-06
5.01328e-07
1.32205e-06
4.78451e-07
1.35889e-06
4.40001e-07
1.38878e-06
3.88684e-07
1.41249e-06
3.27328e-07
1.43092e-06
2.58562e-07
1.44488e-06
1.84689e-07
1.45502e-06
1.07599e-07
1.46179e-06
2.87999e-08
1.46541e-06
-5.04482e-08
1.46592e-06
-1.288e-07
1.46308e-06
-2.04906e-07
1.45655e-06
-2.77421e-07
1.446e-06
-3.44968e-07
1.43117e-06
-4.06202e-07
1.41194e-06
-4.59855e-07
1.38841e-06
-5.04825e-07
1.36087e-06
-5.40288e-07
1.32993e-06
-5.65886e-07
1.29652e-06
-5.8188e-07
1.26189e-06
-5.89209e-07
1.22754e-06
-5.89403e-07
1.19507e-06
-5.84388e-07
1.16604e-06
-5.76253e-07
1.14184e-06
-5.67039e-07
1.12354e-06
-5.58508e-07
1.11185e-06
-5.51912e-07
1.10697e-06
-5.47805e-07
1.10864e-06
-5.45981e-07
1.11619e-06
-5.45623e-07
1.1287e-06
-5.4561e-07
1.14524e-06
-5.44839e-07
1.16502e-06
-5.42453e-07
1.18744e-06
-5.37898e-07
1.21212e-06
-5.30844e-07
1.23881e-06
-5.21048e-07
1.26728e-06
-5.08229e-07
1.29723e-06
-4.92018e-07
1.32824e-06
-4.71981e-07
1.35978e-06
-4.47692e-07
1.39124e-06
-4.18811e-07
1.42197e-06
-3.85156e-07
1.45133e-06
-3.46738e-07
1.47876e-06
-3.03765e-07
1.50374e-06
-2.56631e-07
1.5259e-06
-2.05882e-07
1.54493e-06
-1.52189e-07
1.56063e-06
-9.63025e-08
1.5729e-06
-3.89926e-08
1.58175e-06
1.89824e-08
1.58724e-06
7.68412e-08
1.58951e-06
1.33733e-07
1.5888e-06
1.88953e-07
1.58543e-06
2.41885e-07
1.57975e-06
2.92016e-07
1.57212e-06
3.38941e-07
1.56292e-06
3.82358e-07
1.55251e-06
4.22058e-07
1.5412e-06
4.57914e-07
1.52926e-06
4.89853e-07
1.51685e-06
5.17821e-07
1.50406e-06
5.41765e-07
1.49094e-06
5.6163e-07
1.4776e-06
5.774e-07
1.46424e-06
5.89155e-07
1.45119e-06
5.97105e-07
1.43891e-06
6.01596e-07
1.42786e-06
6.03056e-07
1.41843e-06
6.01912e-07
1.41082e-06
5.98485e-07
1.40501e-06
5.92923e-07
1.40075e-06
5.85179e-07
1.39768e-06
5.75074e-07
1.39529e-06
5.62332e-07
1.39309e-06
5.46675e-07
5.27916e-07
1.3904e-06
-2.20141e-07
5.99466e-07
-4.4694e-07
4.57498e-07
-6.53772e-07
2.40535e-07
-8.23023e-07
-6.26203e-09
-9.50307e-07
-2.45866e-07
-1.03564e-06
-4.55314e-07
-1.07706e-06
-6.23759e-07
-1.0721e-06
-7.43514e-07
-1.02239e-06
-8.03384e-07
-9.36647e-07
-7.91758e-07
-8.29033e-07
-7.05145e-07
-7.14725e-07
-5.51684e-07
-6.04993e-07
-3.47399e-07
-5.06499e-07
-1.09305e-07
-4.19136e-07
1.44776e-07
-3.38958e-07
4.01099e-07
-2.59538e-07
6.42767e-07
-1.75836e-07
8.5132e-07
-8.71537e-08
1.00897e-06
2.94939e-09
1.1047e-06
8.92148e-08
1.1413e-06
1.67227e-07
1.13539e-06
2.35074e-07
1.10782e-06
2.93115e-07
1.07523e-06
3.43177e-07
1.04692e-06
3.87676e-07
1.0253e-06
4.28933e-07
1.00745e-06
4.68596e-07
9.86897e-07
5.07456e-07
9.56142e-07
5.45526e-07
9.08908e-07
5.82351e-07
8.41682e-07
6.1735e-07
7.54208e-07
6.50119e-07
6.49101e-07
6.80684e-07
5.30722e-07
7.0948e-07
4.03793e-07
7.37077e-07
2.7228e-07
7.63934e-07
1.38625e-07
7.90516e-07
3.67358e-09
8.1669e-07
-1.29875e-07
8.42374e-07
-2.60404e-07
8.66792e-07
-3.85984e-07
8.89191e-07
-5.03242e-07
9.09273e-07
-6.09629e-07
9.26839e-07
-7.03294e-07
9.41351e-07
-7.81614e-07
9.52313e-07
-8.41419e-07
9.60342e-07
-8.8181e-07
9.67939e-07
-9.0704e-07
9.79094e-07
-9.2656e-07
9.97633e-07
-9.51604e-07
1.02511e-06
-9.90118e-07
1.05958e-06
-1.04296e-06
1.0961e-06
-1.10359e-06
1.12877e-06
-1.1613e-06
1.15287e-06
-1.20562e-06
1.16609e-06
-1.22958e-06
1.16856e-06
-1.23083e-06
1.16211e-06
-1.21082e-06
1.14935e-06
-1.17328e-06
1.13286e-06
-1.12276e-06
1.11482e-06
-1.06356e-06
1.09679e-06
-9.99265e-07
1.07973e-06
-9.32572e-07
1.06411e-06
-8.65393e-07
1.05009e-06
-7.99016e-07
1.03756e-06
-7.3428e-07
1.02635e-06
-6.71722e-07
1.01619e-06
-6.11685e-07
1.00684e-06
-5.54384e-07
9.98063e-07
-4.99959e-07
9.89677e-07
-4.48491e-07
9.8153e-07
-4.00023e-07
9.73514e-07
-3.54567e-07
9.6556e-07
-3.12103e-07
9.57631e-07
-2.72583e-07
9.49715e-07
-2.35934e-07
9.41822e-07
-2.02057e-07
9.33976e-07
-1.70829e-07
9.26209e-07
-1.42102e-07
9.1856e-07
-1.15713e-07
9.11066e-07
-9.14775e-08
9.03764e-07
-6.9203e-08
8.9669e-07
-4.86843e-08
8.89881e-07
-2.97059e-08
8.83381e-07
-1.20348e-08
8.77233e-07
4.57669e-09
8.71472e-07
2.03778e-08
8.66104e-07
3.56064e-08
8.61099e-07
5.04408e-08
8.56431e-07
6.49827e-08
8.52155e-07
7.93101e-08
8.4855e-07
9.36136e-08
8.46262e-07
1.08385e-07
8.46417e-07
1.24573e-07
8.50602e-07
1.43599e-07
8.60706e-07
1.67136e-07
8.78613e-07
1.96646e-07
9.0581e-07
2.3277e-07
9.42981e-07
2.74747e-07
9.89663e-07
3.20086e-07
1.04412e-06
3.64725e-07
1.10355e-06
4.03733e-07
1.1646e-06
4.32384e-07
1.22404e-06
4.47127e-07
1.27925e-06
4.46119e-07
1.32848e-06
4.29221e-07
1.37086e-06
3.97619e-07
1.40623e-06
3.53313e-07
1.4349e-06
2.98659e-07
1.45742e-06
2.36045e-07
1.47439e-06
1.67723e-07
1.48631e-06
9.56761e-08
1.49357e-06
2.15405e-08
1.49641e-06
-5.32883e-08
1.49489e-06
-1.27277e-07
1.48891e-06
-1.98928e-07
1.47833e-06
-2.66843e-07
1.46304e-06
-3.29679e-07
1.44303e-06
-3.86189e-07
1.41842e-06
-4.35249e-07
1.38954e-06
-4.75939e-07
1.35694e-06
-5.07686e-07
1.32149e-06
-5.30443e-07
1.28442e-06
-5.44811e-07
1.24723e-06
-5.52011e-07
1.21155e-06
-5.53724e-07
1.17901e-06
-5.51853e-07
1.15108e-06
-5.48321e-07
1.12892e-06
-5.44879e-07
1.11332e-06
-5.4291e-07
1.10463e-06
-5.43216e-07
1.10268e-06
-5.4586e-07
1.10689e-06
-5.50192e-07
1.11637e-06
-5.55099e-07
1.13014e-06
-5.59377e-07
1.14735e-06
-5.62051e-07
1.16741e-06
-5.62519e-07
1.19002e-06
-5.60501e-07
1.21503e-06
-5.55856e-07
1.24236e-06
-5.48383e-07
1.27185e-06
-5.37712e-07
1.30314e-06
-5.23306e-07
1.3357e-06
-5.04549e-07
1.36888e-06
-4.80868e-07
1.40192e-06
-4.51852e-07
1.43408e-06
-4.17315e-07
1.46466e-06
-3.77322e-07
1.49307e-06
-3.32174e-07
1.51881e-06
-2.82373e-07
1.54151e-06
-2.28576e-07
1.56088e-06
-1.71562e-07
1.57676e-06
-1.12178e-07
1.58905e-06
-5.12878e-08
1.59776e-06
1.02742e-08
1.60294e-06
7.16632e-08
1.60473e-06
1.31941e-07
1.60336e-06
1.90326e-07
1.59912e-06
2.46122e-07
1.59238e-06
2.98752e-07
1.58356e-06
3.47766e-07
1.57307e-06
3.92848e-07
1.56133e-06
4.33799e-07
1.54872e-06
4.70525e-07
1.53556e-06
5.03008e-07
1.52211e-06
5.31277e-07
1.5085e-06
5.55368e-07
1.49483e-06
5.75305e-07
1.48112e-06
5.91108e-07
1.46746e-06
6.02822e-07
1.45399e-06
6.10567e-07
1.44102e-06
6.14568e-07
1.42892e-06
6.15157e-07
1.4181e-06
6.1273e-07
1.40892e-06
6.07672e-07
1.40156e-06
6.00277e-07
1.39605e-06
5.90689e-07
1.39222e-06
5.78909e-07
1.38973e-06
5.64819e-07
1.38818e-06
5.48225e-07
5.29062e-07
1.38703e-06
-1.44134e-07
7.436e-07
-3.07229e-07
6.20594e-07
-4.61652e-07
3.94958e-07
-5.95016e-07
1.27102e-07
-7.10919e-07
-1.29963e-07
-8.09462e-07
-3.56771e-07
-8.8635e-07
-5.46871e-07
-9.29331e-07
-7.00533e-07
-9.2825e-07
-8.04465e-07
-8.82238e-07
-8.37771e-07
-7.99553e-07
-7.8783e-07
-6.94409e-07
-6.56827e-07
-5.82218e-07
-4.5959e-07
-4.72974e-07
-2.18549e-07
-3.71101e-07
4.29021e-08
-2.74287e-07
3.04285e-07
-1.78463e-07
5.46942e-07
-8.12783e-08
7.54136e-07
1.65803e-08
9.11107e-07
1.12044e-07
1.00923e-06
2.009e-07
1.05245e-06
2.79978e-07
1.05631e-06
3.4868e-07
1.03912e-06
4.0847e-07
1.01544e-06
4.61782e-07
9.93605e-07
5.11176e-07
9.75904e-07
5.58731e-07
9.59891e-07
6.05612e-07
9.40017e-07
6.52016e-07
9.09738e-07
6.97399e-07
8.63526e-07
7.40858e-07
7.98222e-07
7.81534e-07
7.13532e-07
8.18938e-07
6.11697e-07
8.53119e-07
4.96541e-07
8.8455e-07
3.72361e-07
9.13892e-07
2.42938e-07
9.41882e-07
1.10634e-07
9.68675e-07
-2.31187e-08
9.94174e-07
-1.55374e-07
1.01792e-06
-2.84149e-07
1.03898e-06
-4.07041e-07
1.0568e-06
-5.21064e-07
1.07133e-06
-6.24166e-07
1.08239e-06
-7.14351e-07
1.08939e-06
-7.8861e-07
1.09227e-06
-8.44296e-07
1.09281e-06
-8.82353e-07
1.09499e-06
-9.09224e-07
1.10369e-06
-9.3526e-07
1.12228e-06
-9.70191e-07
1.15053e-06
-1.01837e-06
1.1843e-06
-1.07673e-06
1.2172e-06
-1.13649e-06
1.24314e-06
-1.18725e-06
1.25828e-06
-1.22076e-06
1.26162e-06
-1.23292e-06
1.25446e-06
-1.22366e-06
1.23939e-06
-1.19575e-06
1.21936e-06
-1.15325e-06
1.19697e-06
-1.10037e-06
1.1742e-06
-1.04079e-06
1.15234e-06
-9.77413e-07
1.13211e-06
-9.12342e-07
1.11377e-06
-8.47048e-07
1.09728e-06
-7.82528e-07
1.08245e-06
-7.19453e-07
1.06901e-06
-6.58283e-07
1.05667e-06
-5.99342e-07
1.04515e-06
-5.42865e-07
1.03422e-06
-4.89028e-07
1.02369e-06
-4.37959e-07
1.01342e-06
-3.89751e-07
1.00331e-06
-3.44458e-07
9.93305e-07
-3.02101e-07
9.83389e-07
-2.62667e-07
9.73563e-07
-2.26108e-07
9.63851e-07
-1.92345e-07
9.5429e-07
-1.61268e-07
9.44925e-07
-1.32738e-07
9.35806e-07
-1.06593e-07
9.2698e-07
-8.26511e-08
9.1849e-07
-6.07138e-08
9.1038e-07
-4.05734e-08
9.02687e-07
-2.20133e-08
8.95456e-07
-4.80368e-09
8.88738e-07
1.12946e-08
8.82583e-07
2.65325e-08
8.77024e-07
4.11657e-08
8.72062e-07
5.54029e-08
8.67674e-07
6.9371e-08
8.63861e-07
8.31228e-08
8.60758e-07
9.67167e-08
8.58776e-07
1.10366e-07
8.58739e-07
1.24609e-07
8.61941e-07
1.40397e-07
8.70062e-07
1.59014e-07
8.84934e-07
1.81774e-07
9.08173e-07
2.09531e-07
9.40772e-07
2.42147e-07
9.82746e-07
2.78112e-07
1.03295e-06
3.14522e-07
1.08917e-06
3.47511e-07
1.14852e-06
3.73037e-07
1.20794e-06
3.87703e-07
1.26473e-06
3.89335e-07
1.3168e-06
3.77147e-07
1.36283e-06
3.51587e-07
1.40216e-06
3.13983e-07
1.43464e-06
2.66178e-07
1.46045e-06
2.1024e-07
1.4799e-06
1.48271e-07
1.49334e-06
8.22358e-08
1.50107e-06
1.38098e-08
1.50332e-06
-5.55361e-08
1.50019e-06
-1.24143e-07
1.49171e-06
-1.90454e-07
1.47794e-06
-2.53075e-07
1.45899e-06
-3.10728e-07
1.43507e-06
-3.62269e-07
1.40654e-06
-4.06714e-07
1.37394e-06
-4.4334e-07
1.3381e-06
-4.7185e-07
1.30019e-06
-4.92528e-07
1.26166e-06
-5.06285e-07
1.22419e-06
-5.14536e-07
1.18943e-06
-5.18966e-07
1.15889e-06
-5.21315e-07
1.13378e-06
-5.23213e-07
1.11495e-06
-5.26052e-07
1.10285e-06
-5.30803e-07
1.09744e-06
-5.37814e-07
1.09828e-06
-5.46698e-07
1.10454e-06
-5.56453e-07
1.11526e-06
-5.65813e-07
1.12954e-06
-5.73657e-07
1.14677e-06
-5.79283e-07
1.16668e-06
-5.82435e-07
1.18929e-06
-5.83102e-07
1.21467e-06
-5.81239e-07
1.24284e-06
-5.76553e-07
1.27358e-06
-5.68449e-07
1.30639e-06
-5.56123e-07
1.34058e-06
-5.38735e-07
1.3753e-06
-5.15587e-07
1.40968e-06
-4.86236e-07
1.44292e-06
-4.50551e-07
1.4743e-06
-4.08703e-07
1.50325e-06
-3.61124e-07
1.52932e-06
-3.08445e-07
1.55219e-06
-2.51446e-07
1.57163e-06
-1.91006e-07
1.58751e-06
-1.28058e-07
1.59976e-06
-6.35353e-08
1.60837e-06
1.66511e-09
1.61339e-06
6.66406e-08
1.61494e-06
1.30394e-07
1.61319e-06
1.92072e-07
1.60841e-06
2.509e-07
1.60095e-06
3.06219e-07
1.5912e-06
3.57514e-07
1.57963e-06
4.04421e-07
1.56669e-06
4.46732e-07
1.55284e-06
4.84374e-07
1.53847e-06
5.17377e-07
1.52391e-06
5.45841e-07
1.50938e-06
5.69896e-07
1.49502e-06
5.89662e-07
1.48089e-06
6.05238e-07
1.46701e-06
6.16703e-07
1.45343e-06
6.24152e-07
1.44026e-06
6.27732e-07
1.42775e-06
6.27675e-07
1.41618e-06
6.24294e-07
1.4059e-06
6.17949e-07
1.3972e-06
6.08981e-07
1.39024e-06
5.97654e-07
1.38503e-06
5.8412e-07
1.38142e-06
5.6842e-07
1.37917e-06
5.50484e-07
5.30345e-07
1.37788e-06
-3.87065e-08
7.82307e-07
-1.13732e-07
6.95619e-07
-1.83945e-07
4.65172e-07
-2.56312e-07
1.99468e-07
-3.33386e-07
-5.28882e-08
-4.22554e-07
-2.67603e-07
-5.18186e-07
-4.51239e-07
-6.02022e-07
-6.16698e-07
-6.56934e-07
-7.49553e-07
-6.74047e-07
-8.20658e-07
-6.50555e-07
-8.11322e-07
-5.88162e-07
-7.1922e-07
-4.9597e-07
-5.51782e-07
-3.89197e-07
-3.25322e-07
-2.81122e-07
-6.51723e-08
-1.76101e-07
1.99264e-07
-7.26237e-08
4.43465e-07
3.05159e-08
6.50996e-07
1.32372e-07
8.09251e-07
2.29908e-07
9.11699e-07
3.1903e-07
9.63326e-07
3.9761e-07
9.77731e-07
4.66125e-07
9.70606e-07
5.26764e-07
9.54802e-07
5.8233e-07
9.38039e-07
6.35412e-07
9.22822e-07
6.8786e-07
9.07443e-07
7.4047e-07
8.87407e-07
7.93013e-07
8.57194e-07
8.44538e-07
8.12001e-07
8.93803e-07
7.48957e-07
9.39698e-07
6.67637e-07
9.81573e-07
5.69822e-07
1.01937e-06
4.58741e-07
1.05352e-06
3.38219e-07
1.08463e-06
2.1182e-07
1.11331e-06
8.19586e-08
1.13962e-06
-4.94327e-08
1.16335e-06
-1.79103e-07
1.18388e-06
-3.0468e-07
1.20045e-06
-4.23607e-07
1.21292e-06
-5.33531e-07
1.2214e-06
-6.32646e-07
1.22554e-06
-7.18492e-07
1.22488e-06
-7.87954e-07
1.22034e-06
-8.39753e-07
1.21532e-06
-8.7733e-07
1.21511e-06
-9.09019e-07
1.22456e-06
-9.44708e-07
1.2453e-06
-9.90929e-07
1.27449e-06
-1.04757e-06
1.30592e-06
-1.10815e-06
1.33259e-06
-1.16316e-06
1.34927e-06
-1.20393e-06
1.3537e-06
-1.22519e-06
1.34644e-06
-1.22565e-06
1.32986e-06
-1.20708e-06
1.30705e-06
-1.17295e-06
1.28099e-06
-1.12719e-06
1.25405e-06
-1.07343e-06
1.22786e-06
-1.0146e-06
1.20335e-06
-9.52908e-07
1.18095e-06
-8.89936e-07
1.16068e-06
-8.26787e-07
1.14239e-06
-7.64235e-07
1.12578e-06
-7.02842e-07
1.11053e-06
-6.43029e-07
1.09632e-06
-5.85131e-07
1.08287e-06
-5.29419e-07
1.06996e-06
-4.76116e-07
1.05741e-06
-4.25407e-07
1.04509e-06
-3.77435e-07
1.03294e-06
-3.32304e-07
1.02091e-06
-2.90075e-07
1.00901e-06
-2.50768e-07
9.97268e-07
-2.14363e-07
9.85719e-07
-1.80797e-07
9.74422e-07
-1.49971e-07
9.63436e-07
-1.21752e-07
9.52823e-07
-9.59804e-08
9.42642e-07
-7.247e-08
9.32946e-07
-5.10179e-08
9.23783e-07
-3.14101e-08
9.15194e-07
-1.34245e-08
9.07223e-07
3.1677e-09
8.99922e-07
1.85957e-08
8.93345e-07
3.31093e-08
8.87543e-07
4.69673e-08
8.82548e-07
6.03986e-08
8.78355e-07
7.35632e-08
8.74949e-07
8.65288e-08
8.72367e-07
9.92991e-08
8.7082e-07
1.11913e-07
8.70836e-07
1.24594e-07
8.73359e-07
1.37874e-07
8.79756e-07
1.52618e-07
8.91663e-07
1.69867e-07
9.10699e-07
1.90495e-07
9.3808e-07
2.14766e-07
9.74252e-07
2.41941e-07
1.01865e-06
2.70127e-07
1.06968e-06
2.96477e-07
1.125e-06
3.17721e-07
1.18187e-06
3.30826e-07
1.23767e-06
3.33539e-07
1.29015e-06
3.24671e-07
1.33764e-06
3.04094e-07
1.37907e-06
2.72547e-07
1.41389e-06
2.31365e-07
1.44188e-06
1.82248e-07
1.46308e-06
1.27067e-07
1.47766e-06
6.76616e-08
1.4858e-06
5.66669e-09
1.4877e-06
-5.74318e-08
1.48348e-06
-1.19928e-07
1.47332e-06
-1.80293e-07
1.45743e-06
-2.37185e-07
1.43611e-06
-2.89413e-07
1.40978e-06
-3.35937e-07
1.37899e-06
-3.75928e-07
1.34454e-06
-4.0889e-07
1.30753e-06
-4.34832e-07
1.26936e-06
-4.54358e-07
1.23168e-06
-4.68604e-07
1.19616e-06
-4.79023e-07
1.16434e-06
-4.87141e-07
1.13742e-06
-4.94396e-07
1.11627e-06
-5.02065e-07
1.10139e-06
-5.11172e-07
1.09289e-06
-5.22301e-07
1.09047e-06
-5.35393e-07
1.09346e-06
-5.49686e-07
1.10095e-06
-5.63945e-07
1.11204e-06
-5.76905e-07
1.12608e-06
-5.87694e-07
1.1428e-06
-5.96006e-07
1.16232e-06
-6.01955e-07
1.18494e-06
-6.05718e-07
1.21089e-06
-6.07187e-07
1.24013e-06
-6.05798e-07
1.27228e-06
-6.00596e-07
1.30661e-06
-5.90452e-07
1.34219e-06
-5.74321e-07
1.37804e-06
-5.51434e-07
1.41321e-06
-5.21401e-07
1.44687e-06
-4.84215e-07
1.47838e-06
-4.40209e-07
1.50723e-06
-3.89972e-07
1.53306e-06
-3.34279e-07
1.55564e-06
-2.74024e-07
1.5748e-06
-2.10173e-07
1.59047e-06
-1.43725e-07
1.60259e-06
-7.56577e-08
1.61117e-06
-6.90688e-09
1.61623e-06
6.15811e-08
1.61784e-06
1.2878e-07
1.61613e-06
1.93779e-07
1.6113e-06
2.55732e-07
1.60362e-06
3.13897e-07
1.59347e-06
3.67669e-07
1.58128e-06
4.16612e-07
1.56754e-06
4.60471e-07
1.55275e-06
4.99165e-07
1.53737e-06
5.32754e-07
1.52181e-06
5.61401e-07
1.50639e-06
5.85321e-07
1.49131e-06
6.04739e-07
1.4767e-06
6.19853e-07
1.46258e-06
6.30821e-07
1.44896e-06
6.3777e-07
1.43586e-06
6.40831e-07
1.42336e-06
6.40172e-07
1.41163e-06
6.36026e-07
1.4009e-06
6.28684e-07
1.39141e-06
6.1847e-07
1.38337e-06
6.05689e-07
1.37691e-06
5.90584e-07
1.37201e-06
5.7332e-07
1.36855e-06
5.53948e-07
5.32586e-07
1.3663e-06
7.92226e-08
7.03084e-07
9.14501e-08
6.83391e-07
1.01266e-07
4.55356e-07
9.77949e-08
2.02939e-07
6.49615e-08
-2.00548e-08
4.59321e-09
-2.07235e-07
-7.6032e-08
-3.70614e-07
-1.59795e-07
-5.32934e-07
-2.33552e-07
-6.75796e-07
-2.93679e-07
-7.60532e-07
-3.37214e-07
-7.67787e-07
-3.52229e-07
-7.04205e-07
-3.24974e-07
-5.79037e-07
-2.52664e-07
-3.97632e-07
-1.53027e-07
-1.64809e-07
-5.10963e-08
9.73337e-08
5.16596e-08
3.40709e-07
1.55104e-07
5.47552e-07
2.57506e-07
7.06849e-07
3.54424e-07
8.14781e-07
4.42031e-07
8.75719e-07
5.19015e-07
9.00747e-07
5.86483e-07
9.03139e-07
6.47026e-07
8.94258e-07
7.03639e-07
8.81427e-07
7.58904e-07
8.67557e-07
8.14514e-07
8.51833e-07
8.71038e-07
8.30883e-07
9.2799e-07
8.00242e-07
9.84163e-07
7.55828e-07
1.03807e-06
6.9505e-07
1.08838e-06
6.17328e-07
1.13423e-06
5.23968e-07
1.17536e-06
4.17611e-07
1.21196e-06
3.01622e-07
1.24446e-06
1.79322e-07
1.27328e-06
5.31368e-08
1.29834e-06
-7.44968e-08
1.31932e-06
-2.00079e-07
1.3357e-06
-3.2106e-07
1.34724e-06
-4.35141e-07
1.35418e-06
-5.40479e-07
1.35654e-06
-6.34999e-07
1.35378e-06
-7.15735e-07
1.34611e-06
-7.80285e-07
1.3361e-06
-8.29739e-07
1.32888e-06
-8.70114e-07
1.33021e-06
-9.10352e-07
1.34337e-06
-9.57861e-07
1.36701e-06
-1.01458e-06
1.39557e-06
-1.07612e-06
1.42167e-06
-1.13425e-06
1.43901e-06
-1.1805e-06
1.4442e-06
-1.20912e-06
1.43695e-06
-1.21795e-06
1.41928e-06
-1.20798e-06
1.39431e-06
-1.18211e-06
1.36523e-06
-1.14387e-06
1.33475e-06
-1.09671e-06
1.30478e-06
-1.04346e-06
1.27649e-06
-9.86309e-07
1.25044e-06
-9.2686e-07
1.22676e-06
-8.66254e-07
1.2053e-06
-8.05326e-07
1.18577e-06
-7.44704e-07
1.16782e-06
-6.8489e-07
1.15109e-06
-6.26307e-07
1.13528e-06
-5.69317e-07
1.1201e-06
-5.14242e-07
1.10535e-06
-4.61366e-07
1.09088e-06
-4.1093e-07
1.07657e-06
-3.63134e-07
1.0624e-06
-3.18132e-07
1.04836e-06
-2.76028e-07
1.03446e-06
-2.36874e-07
1.02077e-06
-2.00674e-07
1.00736e-06
-1.6738e-07
9.94288e-07
-1.36903e-07
9.81647e-07
-1.09111e-07
9.6951e-07
-8.38431e-08
9.57947e-07
-6.09066e-08
9.4702e-07
-4.00911e-08
9.36783e-07
-2.11736e-08
9.27281e-07
-3.92273e-09
9.18559e-07
1.18901e-08
9.10662e-07
2.64925e-08
9.03641e-07
4.01307e-08
8.97553e-07
5.30552e-08
8.92449e-07
6.5502e-08
8.88354e-07
7.76587e-08
8.85257e-07
8.96258e-08
8.83148e-07
1.01408e-07
8.82098e-07
1.12964e-07
8.82382e-07
1.2431e-07
8.84601e-07
1.35654e-07
8.89748e-07
1.47471e-07
8.99148e-07
1.60467e-07
9.14269e-07
1.75374e-07
9.36404e-07
1.92631e-07
9.66317e-07
2.12028e-07
1.00396e-06
2.32483e-07
1.04837e-06
2.52068e-07
1.09778e-06
2.68315e-07
1.1499e-06
2.78699e-07
1.20233e-06
2.81111e-07
1.25282e-06
2.7418e-07
1.29953e-06
2.57388e-07
1.34108e-06
2.30994e-07
1.37657e-06
1.95876e-07
1.40547e-06
1.5335e-07
1.42754e-06
1.04996e-07
1.44275e-06
5.24497e-08
1.45117e-06
-2.75756e-09
1.45294e-06
-5.91936e-08
1.4482e-06
-1.1519e-07
1.43722e-06
-1.69317e-07
1.42036e-06
-2.20324e-07
1.39806e-06
-2.67114e-07
1.3709e-06
-3.08775e-07
1.33964e-06
-3.44663e-07
1.3053e-06
-3.74554e-07
1.26923e-06
-3.98766e-07
1.23303e-06
-4.1815e-07
1.19834e-06
-4.33913e-07
1.16667e-06
-4.47358e-07
1.13923e-06
-4.59701e-07
1.11685e-06
-4.72016e-07
1.10003e-06
-4.85249e-07
1.08898e-06
-5.0012e-07
1.08358e-06
-5.16896e-07
1.08335e-06
-5.3517e-07
1.08756e-06
-5.53887e-07
1.09531e-06
-5.71703e-07
1.10593e-06
-5.87519e-07
1.1191e-06
-6.00861e-07
1.13498e-06
-6.11894e-07
1.15408e-06
-6.21049e-07
1.17688e-06
-6.28525e-07
1.20363e-06
-6.33931e-07
1.23408e-06
-6.36251e-07
1.26756e-06
-6.34077e-07
1.30307e-06
-6.25963e-07
1.33949e-06
-6.10736e-07
1.37572e-06
-5.87664e-07
1.41082e-06
-5.56503e-07
1.44405e-06
-5.17444e-07
1.47485e-06
-4.71013e-07
1.50286e-06
-4.17977e-07
1.52782e-06
-3.59244e-07
1.54961e-06
-2.95807e-07
1.56813e-06
-2.287e-07
1.58336e-06
-1.58956e-07
1.59528e-06
-8.75725e-08
1.60387e-06
-1.55007e-08
1.60916e-06
5.62895e-08
1.61118e-06
1.26769e-07
1.60996e-06
1.94992e-07
1.60564e-06
2.60058e-07
1.59839e-06
3.21145e-07
1.58851e-06
3.77553e-07
1.57637e-06
4.28747e-07
1.56245e-06
4.7439e-07
1.54726e-06
5.14354e-07
1.53132e-06
5.48696e-07
1.5151e-06
5.77621e-07
1.499e-06
6.01418e-07
1.48333e-06
6.20411e-07
1.46828e-06
6.34908e-07
1.45393e-06
6.45169e-07
1.4403e-06
6.51397e-07
1.42737e-06
6.53759e-07
1.41514e-06
6.52408e-07
1.40363e-06
6.47529e-07
1.39297e-06
6.39349e-07
1.3833e-06
6.28142e-07
1.37478e-06
6.14203e-07
1.36756e-06
5.97806e-07
1.36169e-06
5.79187e-07
1.35714e-06
5.58496e-07
5.35915e-07
1.35382e-06
1.87906e-07
5.15178e-07
3.01319e-07
5.69978e-07
3.73583e-07
3.83092e-07
4.05224e-07
1.71298e-07
3.96025e-07
-1.08567e-08
3.64823e-07
-1.76033e-07
3.19563e-07
-3.25353e-07
2.72097e-07
-4.85469e-07
2.24673e-07
-6.28371e-07
1.73677e-07
-7.09536e-07
1.13707e-07
-7.07816e-07
4.25655e-08
-6.33064e-07
-1.9086e-08
-5.17385e-07
-3.66325e-08
-3.80085e-07
7.17609e-09
-2.08618e-07
9.21087e-08
1.2401e-08
1.88178e-07
2.4464e-07
2.88756e-07
4.46973e-07
3.88693e-07
6.06913e-07
4.82911e-07
7.20563e-07
5.67906e-07
7.90724e-07
6.42677e-07
8.25975e-07
7.08528e-07
8.37288e-07
7.68157e-07
8.34629e-07
8.24609e-07
8.24975e-07
8.80463e-07
8.11702e-07
9.37353e-07
7.94944e-07
9.95764e-07
7.72472e-07
1.05512e-06
7.40886e-07
1.1141e-06
6.96849e-07
1.17107e-06
6.38079e-07
1.22452e-06
5.63881e-07
1.27335e-06
4.75137e-07
1.317e-06
3.73963e-07
1.35534e-06
2.63284e-07
1.38855e-06
1.46111e-07
1.41683e-06
2.48516e-08
1.43992e-06
-9.75863e-08
1.45754e-06
-2.17694e-07
1.46958e-06
-3.33109e-07
1.4764e-06
-4.41956e-07
1.47826e-06
-5.42343e-07
1.47482e-06
-6.31553e-07
1.46585e-06
-7.06767e-07
1.45312e-06
-7.67558e-07
1.44129e-06
-8.17904e-07
1.43647e-06
-8.653e-07
1.44314e-06
-9.17019e-07
1.46133e-06
-9.76056e-07
1.48633e-06
-1.03957e-06
1.51075e-06
-1.10055e-06
1.52768e-06
-1.15118e-06
1.53285e-06
-1.18567e-06
1.52526e-06
-1.20152e-06
1.50653e-06
-1.19922e-06
1.47971e-06
-1.18116e-06
1.44812e-06
-1.15052e-06
1.41469e-06
-1.11044e-06
1.38156e-06
-1.06357e-06
1.35007e-06
-1.01197e-06
1.32092e-06
-9.57158e-07
1.29431e-06
-9.00243e-07
1.27011e-06
-8.42058e-07
1.24804e-06
-7.83261e-07
1.22774e-06
-7.24401e-07
1.20882e-06
-6.65966e-07
1.19091e-06
-6.084e-07
1.17371e-06
-5.52116e-07
1.15696e-06
-4.97495e-07
1.14048e-06
-4.44886e-07
1.12415e-06
-3.94594e-07
1.10789e-06
-3.46879e-07
1.09171e-06
-3.01946e-07
1.07562e-06
-2.59941e-07
1.05969e-06
-2.2095e-07
1.04402e-06
-1.84997e-07
1.02869e-06
-1.52048e-07
1.0138e-06
-1.22017e-07
9.9946e-07
-9.4772e-08
9.85759e-07
-7.01423e-08
9.7278e-07
-4.79275e-08
9.60595e-07
-2.79055e-08
9.49262e-07
-9.84053e-09
9.3883e-07
6.50913e-09
9.29343e-07
2.13765e-08
9.20838e-07
3.49981e-08
9.13355e-07
4.76139e-08
9.06948e-07
5.94622e-08
9.01675e-07
7.07749e-08
8.9758e-07
8.17534e-08
8.94675e-07
9.25313e-08
8.92939e-07
1.03144e-07
8.92365e-07
1.13537e-07
8.93049e-07
1.23626e-07
8.953e-07
1.33402e-07
8.9974e-07
1.43031e-07
9.07321e-07
1.52886e-07
9.19229e-07
1.63466e-07
9.36667e-07
1.75193e-07
9.60552e-07
1.88142e-07
9.91229e-07
2.01806e-07
1.02828e-06
2.15012e-07
1.07055e-06
2.2605e-07
1.11627e-06
2.3298e-07
1.16338e-06
2.34002e-07
1.20979e-06
2.27765e-07
1.25364e-06
2.1354e-07
1.29339e-06
1.91242e-07
1.3279e-06
1.61368e-07
1.35638e-06
1.24872e-07
1.37836e-06
8.30179e-08
1.39363e-06
3.71735e-08
1.40214e-06
-1.1265e-08
1.40394e-06
-6.09934e-08
1.39921e-06
-1.1046e-07
1.38827e-06
-1.58377e-07
1.37155e-06
-2.03605e-07
1.34961e-06
-2.45172e-07
1.32316e-06
-2.8233e-07
1.29317e-06
-3.14673e-07
1.26088e-06
-3.42265e-07
1.22779e-06
-3.65674e-07
1.19549e-06
-3.85849e-07
1.16545e-06
-4.0387e-07
1.13882e-06
-4.20728e-07
1.11638e-06
-4.37261e-07
1.09859e-06
-4.5423e-07
1.0857e-06
-4.72355e-07
1.07773e-06
-4.92157e-07
1.07448e-06
-5.13645e-07
1.07542e-06
-5.36107e-07
1.07979e-06
-5.58262e-07
1.08688e-06
-5.78791e-07
1.09629e-06
-5.96928e-07
1.10816e-06
-6.1273e-07
1.1231e-06
-6.26835e-07
1.1419e-06
-6.39848e-07
1.16511e-06
-6.51739e-07
1.19278e-06
-6.61595e-07
1.22433e-06
-6.67801e-07
1.25873e-06
-6.68484e-07
1.29474e-06
-6.61973e-07
1.33111e-06
-6.47098e-07
1.36673e-06
-6.23291e-07
1.40077e-06
-5.90543e-07
1.43262e-06
-5.49289e-07
1.46187e-06
-5.00269e-07
1.48831e-06
-4.44413e-07
1.51181e-06
-3.82746e-07
1.53234e-06
-3.16335e-07
1.54989e-06
-2.46251e-07
1.56447e-06
-1.73541e-07
1.5761e-06
-9.91947e-08
1.58475e-06
-2.41551e-08
1.59044e-06
5.06036e-08
1.59314e-06
1.2407e-07
1.59283e-06
1.95295e-07
1.58955e-06
2.6334e-07
1.58338e-06
3.27318e-07
1.57449e-06
3.86438e-07
1.56319e-06
4.40053e-07
1.54986e-06
4.87716e-07
1.535e-06
5.29211e-07
1.51914e-06
5.64555e-07
1.50281e-06
5.93953e-07
1.48648e-06
6.17751e-07
1.47053e-06
6.36359e-07
1.45525e-06
6.50192e-07
1.44079e-06
6.59624e-07
1.42723e-06
6.64962e-07
1.41454e-06
6.66441e-07
1.4027e-06
6.64253e-07
1.39166e-06
6.58569e-07
1.38143e-06
6.49583e-07
1.37205e-06
6.37519e-07
1.36362e-06
6.22636e-07
1.35622e-06
6.05204e-07
1.34992e-06
5.85482e-07
1.34474e-06
5.63678e-07
5.40026e-07
1.34063e-06
2.28648e-07
2.8653e-07
4.5057e-07
3.48056e-07
5.89384e-07
2.44278e-07
6.55827e-07
1.04855e-07
6.77205e-07
-3.22341e-08
6.75625e-07
-1.74453e-07
6.75806e-07
-3.25535e-07
6.71749e-07
-4.81412e-07
6.52014e-07
-6.08636e-07
6.13006e-07
-6.70528e-07
5.57705e-07
-6.52515e-07
4.88212e-07
-5.63571e-07
3.99912e-07
-4.29086e-07
3.03842e-07
-2.84015e-07
2.46208e-07
-1.50984e-07
2.63687e-07
-5.07793e-09
3.36097e-07
1.7223e-07
4.27752e-07
3.55319e-07
5.2218e-07
5.12484e-07
6.12227e-07
6.30516e-07
6.94078e-07
7.08873e-07
7.66534e-07
7.5352e-07
8.30648e-07
7.73173e-07
8.88914e-07
7.76363e-07
9.44275e-07
7.69614e-07
9.99301e-07
7.56677e-07
1.05566e-06
7.38582e-07
1.11391e-06
7.14226e-07
1.17352e-06
6.8127e-07
1.23322e-06
6.37157e-07
1.29131e-06
5.79982e-07
1.34617e-06
5.09019e-07
1.39648e-06
4.24826e-07
1.44137e-06
3.29077e-07
1.48039e-06
2.24262e-07
1.51347e-06
1.13038e-07
1.54049e-06
-2.17238e-09
1.56113e-06
-1.18223e-07
1.57542e-06
-2.3199e-07
1.58385e-06
-3.41534e-07
1.58688e-06
-4.4499e-07
1.58435e-06
-5.39811e-07
1.57586e-06
-6.23068e-07
1.5626e-06
-6.93506e-07
1.54866e-06
-7.5362e-07
1.54019e-06
-8.09431e-07
1.54234e-06
-8.67447e-07
1.55616e-06
-9.3084e-07
1.5777e-06
-9.97599e-07
1.59984e-06
-1.0617e-06
1.61538e-06
-1.11609e-06
1.61955e-06
-1.15535e-06
1.61089e-06
-1.17702e-06
1.59075e-06
-1.18139e-06
1.56208e-06
-1.17055e-06
1.52829e-06
-1.14736e-06
1.49239e-06
-1.11463e-06
1.45668e-06
-1.07473e-06
1.42263e-06
-1.02951e-06
1.39098e-06
-9.80329e-07
1.36201e-06
-9.28184e-07
1.33561e-06
-8.73848e-07
1.31151e-06
-8.17957e-07
1.28932e-06
-7.6107e-07
1.26863e-06
-7.03708e-07
1.24903e-06
-6.4637e-07
1.23018e-06
-5.89546e-07
1.21177e-06
-5.33706e-07
1.19357e-06
-4.79302e-07
1.17544e-06
-4.26753e-07
1.15728e-06
-3.76435e-07
1.13908e-06
-3.28671e-07
1.12085e-06
-2.8372e-07
1.10268e-06
-2.41771e-07
1.08467e-06
-2.02939e-07
1.06694e-06
-1.6727e-07
1.04963e-06
-1.34737e-07
1.03287e-06
-1.05253e-07
1.01677e-06
-7.86784e-08
1.00146e-06
-5.48304e-08
9.87027e-07
-3.34936e-08
9.73551e-07
-1.44296e-08
9.61097e-07
2.61372e-09
9.49719e-07
1.78874e-08
9.39453e-07
3.16417e-08
9.30327e-07
4.41243e-08
9.2237e-07
5.55712e-08
9.15623e-07
6.62095e-08
9.10137e-07
7.626e-08
9.05966e-07
8.59249e-08
9.03138e-07
9.53589e-08
9.01648e-07
1.04634e-07
9.01463e-07
1.13723e-07
9.02572e-07
1.22517e-07
9.05077e-07
1.30897e-07
9.09288e-07
1.38821e-07
9.15784e-07
1.4639e-07
9.25402e-07
1.53848e-07
9.39111e-07
1.61484e-07
9.57802e-07
1.69451e-07
9.82029e-07
1.77579e-07
1.0118e-06
1.85241e-07
1.04648e-06
1.91366e-07
1.08487e-06
1.94595e-07
1.12534e-06
1.93532e-07
1.1661e-06
1.87002e-07
1.20541e-06
1.74232e-07
1.24171e-06
1.54939e-07
1.27375e-06
1.29335e-07
1.30056e-06
9.80598e-08
1.32152e-06
6.20556e-08
1.33626e-06
2.24348e-08
1.34464e-06
-1.96415e-08
1.3466e-06
-6.29598e-08
1.34233e-06
-1.0619e-07
1.33216e-06
-1.48203e-07
1.31656e-06
-1.88006e-07
1.29618e-06
-2.24792e-07
1.27188e-06
-2.5803e-07
1.24478e-06
-2.87575e-07
1.21625e-06
-3.13732e-07
1.18776e-06
-3.37183e-07
1.16069e-06
-3.58779e-07
1.13612e-06
-3.79302e-07
1.11476e-06
-3.99366e-07
1.09699e-06
-4.19496e-07
1.08305e-06
-4.40287e-07
1.07308e-06
-4.6238e-07
1.06709e-06
-4.86173e-07
1.06487e-06
-5.11424e-07
1.06589e-06
-5.3712e-07
1.06945e-06
-5.61827e-07
1.07507e-06
-5.84406e-07
1.08274e-06
-6.04602e-07
1.0931e-06
-6.23088e-07
1.10715e-06
-6.40893e-07
1.12585e-06
-6.58545e-07
1.1496e-06
-6.75488e-07
1.17807e-06
-6.90067e-07
1.21028e-06
-7.00011e-07
1.24487e-06
-7.03071e-07
1.28041e-06
-6.97514e-07
1.31565e-06
-6.82334e-07
1.3496e-06
-6.57242e-07
1.38158e-06
-6.22525e-07
1.41117e-06
-5.78877e-07
1.43814e-06
-5.27238e-07
1.4624e-06
-4.68678e-07
1.48397e-06
-4.04309e-07
1.50287e-06
-3.35242e-07
1.51918e-06
-2.62561e-07
1.53294e-06
-1.87302e-07
1.54418e-06
-1.10431e-07
1.55289e-06
-3.28653e-08
1.55906e-06
4.44324e-08
1.56265e-06
1.20487e-07
1.56357e-06
1.94374e-07
1.56176e-06
2.65144e-07
1.55722e-06
3.31864e-07
1.54999e-06
3.93662e-07
1.54027e-06
4.49778e-07
1.52834e-06
4.99643e-07
1.51463e-06
5.42922e-07
1.49964e-06
5.79547e-07
1.4839e-06
6.09689e-07
1.46794e-06
6.33709e-07
1.45222e-06
6.52081e-07
1.43709e-06
6.65319e-07
1.42281e-06
6.7391e-07
1.40949e-06
6.78275e-07
1.39719e-06
6.78747e-07
1.38586e-06
6.75583e-07
1.37544e-06
6.68989e-07
1.36587e-06
6.5915e-07
1.35713e-06
6.46264e-07
1.34921e-06
6.30555e-07
1.34215e-06
6.12267e-07
1.33597e-06
5.91657e-07
1.33069e-06
5.68955e-07
5.44429e-07
1.32629e-06
2.76826e-07
9.70459e-09
5.50487e-07
7.43944e-08
7.32647e-07
6.21186e-08
8.50747e-07
-1.32447e-08
9.37763e-07
-1.1925e-07
1.00815e-06
-2.44838e-07
1.0601e-06
-3.77483e-07
1.07993e-06
-5.01246e-07
1.06044e-06
-5.89143e-07
1.0075e-06
-6.17587e-07
9.35157e-07
-5.80175e-07
8.58221e-07
-4.86635e-07
7.82471e-07
-3.53336e-07
6.9727e-07
-1.98814e-07
5.98791e-07
-5.25053e-08
5.25415e-07
6.82981e-08
5.20985e-07
1.76659e-07
5.74998e-07
3.01306e-07
6.54656e-07
4.32826e-07
7.38388e-07
5.46785e-07
8.16993e-07
6.30267e-07
8.87561e-07
6.82952e-07
9.50381e-07
7.10353e-07
1.00745e-06
7.19299e-07
1.0614e-06
7.1566e-07
1.11472e-06
7.03352e-07
1.16917e-06
6.84137e-07
1.22546e-06
6.5793e-07
1.28331e-06
6.23426e-07
1.34158e-06
5.78884e-07
1.3987e-06
5.22863e-07
1.453e-06
4.54724e-07
1.503e-06
3.74824e-07
1.54759e-06
2.84483e-07
1.58608e-06
1.85769e-07
1.61811e-06
8.10095e-08
1.64333e-06
-2.7388e-08
1.66161e-06
-1.36508e-07
1.67347e-06
-2.43843e-07
1.67946e-06
-3.47526e-07
1.67953e-06
-4.4506e-07
1.67324e-06
-5.33526e-07
1.66147e-06
-6.11296e-07
1.64791e-06
-6.79943e-07
1.63853e-06
-7.44238e-07
1.63871e-06
-8.09612e-07
1.65e-06
-8.78738e-07
1.66893e-06
-9.49769e-07
1.68864e-06
-1.01731e-06
1.70198e-06
-1.07504e-06
1.70409e-06
-1.1182e-06
1.69341e-06
-1.14467e-06
1.67122e-06
-1.15482e-06
1.64045e-06
-1.15062e-06
1.60454e-06
-1.13464e-06
1.56654e-06
-1.10937e-06
1.52878e-06
-1.07687e-06
1.49275e-06
-1.0387e-06
1.45925e-06
-9.96006e-07
1.42853e-06
-9.49614e-07
1.40053e-06
-9.00184e-07
1.37496e-06
-8.4828e-07
1.35143e-06
-7.94426e-07
1.3295e-06
-7.39137e-07
1.30872e-06
-6.82935e-07
1.28871e-06
-6.26354e-07
1.2691e-06
-5.69938e-07
1.24962e-06
-5.14227e-07
1.23007e-06
-4.59753e-07
1.21033e-06
-4.07012e-07
1.19036e-06
-3.56459e-07
1.17017e-06
-3.08483e-07
1.14985e-06
-2.63401e-07
1.12952e-06
-2.21445e-07
1.10934e-06
-1.82761e-07
1.08948e-06
-1.47408e-07
1.07011e-06
-1.15364e-07
1.05139e-06
-8.6534e-08
1.03348e-06
-6.07645e-08
1.0165e-06
-3.78526e-08
1.00057e-06
-1.75615e-08
9.85765e-07
3.7071e-10
9.72169e-07
1.621e-08
9.59828e-07
3.02288e-08
9.48769e-07
4.27005e-08
9.39011e-07
5.38825e-08
9.3057e-07
6.4012e-08
9.2347e-07
7.33097e-08
9.17746e-07
8.19838e-08
9.13444e-07
9.02273e-08
9.10601e-07
9.82013e-08
9.0923e-07
1.06006e-07
9.09302e-07
1.1365e-07
9.10768e-07
1.21051e-07
9.13607e-07
1.28058e-07
9.17907e-07
1.34521e-07
9.23939e-07
1.40358e-07
9.32191e-07
1.45596e-07
9.43326e-07
1.50348e-07
9.58059e-07
1.54719e-07
9.76966e-07
1.58672e-07
1.00029e-06
1.61915e-07
1.02781e-06
1.63843e-07
1.05881e-06
1.63598e-07
1.09214e-06
1.60204e-07
1.12639e-06
1.52751e-07
1.16007e-06
1.40555e-07
1.19174e-06
1.23267e-07
1.22015e-06
1.00924e-07
1.24429e-06
7.39164e-08
1.26344e-06
4.29102e-08
1.27712e-06
8.75368e-09
1.28508e-06
-2.76018e-08
1.28722e-06
-6.51034e-08
1.2837e-06
-1.02664e-07
1.27483e-06
-1.39336e-07
1.26114e-06
-1.74313e-07
1.24334e-06
-2.06996e-07
1.2224e-06
-2.3709e-07
1.1995e-06
-2.64671e-07
1.17593e-06
-2.90161e-07
1.15292e-06
-3.14179e-07
1.13146e-06
-3.37318e-07
1.11216e-06
-3.6e-07
1.09533e-06
-3.82531e-07
1.08113e-06
-4.05303e-07
1.06977e-06
-4.28925e-07
1.06145e-06
-4.54064e-07
1.05627e-06
-4.80989e-07
1.054e-06
-5.09152e-07
1.05411e-06
-5.37227e-07
1.05602e-06
-5.63738e-07
1.05953e-06
-5.87922e-07
1.06514e-06
-6.1021e-07
1.07396e-06
-6.31907e-07
1.08729e-06
-6.54228e-07
1.10604e-06
-6.77292e-07
1.13026e-06
-6.99707e-07
1.15914e-06
-7.18943e-07
1.19126e-06
-7.32135e-07
1.22503e-06
-7.36846e-07
1.259e-06
-7.3148e-07
1.29202e-06
-7.1535e-07
1.3233e-06
-6.88522e-07
1.35237e-06
-6.51599e-07
1.379e-06
-6.05512e-07
1.40314e-06
-5.51371e-07
1.4248e-06
-4.90346e-07
1.4441e-06
-4.23606e-07
1.46114e-06
-3.52281e-07
1.47603e-06
-2.77446e-07
1.48883e-06
-2.00109e-07
1.4996e-06
-1.21194e-07
1.50831e-06
-4.1581e-08
1.51496e-06
3.77834e-08
1.51948e-06
1.15963e-07
1.52176e-06
1.92094e-07
1.52167e-06
2.65235e-07
1.51911e-06
3.34429e-07
1.51403e-06
3.98743e-07
1.50648e-06
4.57321e-07
1.49666e-06
5.09466e-07
1.48487e-06
5.54712e-07
1.47155e-06
5.92872e-07
1.45719e-06
6.24042e-07
1.44234e-06
6.48559e-07
1.4275e-06
6.66931e-07
1.41307e-06
6.79744e-07
1.39939e-06
6.8759e-07
1.38666e-06
6.91005e-07
1.37498e-06
6.90431e-07
1.36435e-06
6.86215e-07
1.35471e-06
6.78621e-07
1.346e-06
6.67864e-07
1.33812e-06
6.54138e-07
1.33104e-06
6.37644e-07
1.3247e-06
6.18604e-07
1.3191e-06
5.97256e-07
1.31423e-06
5.7383e-07
5.48612e-07
1.31004e-06
1.02046e-06
1.91785e-08
1.06894e-06
2.5912e-08
1.13506e-06
-4.00256e-09
1.19994e-06
-7.81236e-08
1.25787e-06
-1.77184e-07
1.29842e-06
-2.85387e-07
1.31252e-06
-3.91576e-07
1.29235e-06
-4.81084e-07
1.23878e-06
-5.35566e-07
1.16233e-06
-5.41141e-07
1.07744e-06
-4.9528e-07
9.9649e-07
-4.05689e-07
9.28284e-07
-2.8513e-07
8.74032e-07
-1.44562e-07
8.16891e-07
4.63525e-09
7.48177e-07
1.37013e-07
6.91062e-07
2.33775e-07
6.78148e-07
3.1422e-07
7.11227e-07
3.99747e-07
7.69787e-07
4.88225e-07
8.34881e-07
5.65173e-07
8.96956e-07
6.20877e-07
9.53232e-07
6.54077e-07
1.00429e-06
6.68243e-07
1.05202e-06
6.67932e-07
1.09849e-06
6.56874e-07
1.14535e-06
6.37281e-07
1.19343e-06
6.09846e-07
1.24273e-06
5.74126e-07
1.2925e-06
5.29119e-07
1.3415e-06
4.73867e-07
1.3883e-06
4.07919e-07
1.43157e-06
3.31558e-07
1.47019e-06
2.45856e-07
1.5034e-06
1.52564e-07
1.53066e-06
5.37446e-08
1.55172e-06
-4.84447e-08
1.56677e-06
-1.51557e-07
1.57624e-06
-2.53318e-07
1.58003e-06
-3.51308e-07
1.57767e-06
-4.42708e-07
1.56985e-06
-5.25704e-07
1.55971e-06
-6.01151e-07
1.55246e-06
-6.72698e-07
1.55292e-06
-7.44697e-07
1.56256e-06
-8.1925e-07
1.57841e-06
-8.94585e-07
1.59447e-06
-9.65832e-07
1.60449e-06
-1.02733e-06
1.60426e-06
-1.07481e-06
1.5925e-06
-1.10645e-06
1.57048e-06
-1.12264e-06
1.54089e-06
-1.12524e-06
1.50685e-06
-1.11657e-06
1.47109e-06
-1.09888e-06
1.43568e-06
-1.07396e-06
1.40194e-06
-1.04313e-06
1.37057e-06
-1.00734e-06
1.34183e-06
-9.6726e-07
1.31564e-06
-9.23428e-07
1.29177e-06
-8.7631e-07
1.26985e-06
-8.26363e-07
1.24948e-06
-7.74056e-07
1.23024e-06
-7.1989e-07
1.2117e-06
-6.64402e-07
1.19352e-06
-6.08168e-07
1.17537e-06
-5.51789e-07
1.15702e-06
-4.9588e-07
1.13832e-06
-4.41051e-07
1.11919e-06
-3.87882e-07
1.09963e-06
-3.36902e-07
1.07972e-06
-2.88568e-07
1.05957e-06
-2.43251e-07
1.03935e-06
-2.01222e-07
1.01924e-06
-1.62654e-07
9.99445e-07
-1.27614e-07
9.80159e-07
-9.60773e-08
9.61562e-07
-6.79375e-08
9.43816e-07
-4.30185e-08
9.27057e-07
-2.10936e-08
9.11395e-07
-1.89933e-09
8.96917e-07
1.48482e-08
8.8369e-07
2.94377e-08
8.71748e-07
4.21708e-08
8.6111e-07
5.33384e-08
8.51785e-07
6.32077e-08
8.43775e-07
7.2022e-08
8.37084e-07
8.00006e-08
8.31725e-07
8.73426e-08
8.27723e-07
9.42288e-08
8.25109e-07
1.00816e-07
8.239e-07
1.07214e-07
8.24086e-07
1.13465e-07
8.25618e-07
1.19519e-07
8.28433e-07
1.25243e-07
8.32494e-07
1.30459e-07
8.37855e-07
1.34997e-07
8.44704e-07
1.38748e-07
8.53375e-07
1.41677e-07
8.643e-07
1.43794e-07
8.779e-07
1.45072e-07
8.94455e-07
1.4536e-07
9.13977e-07
1.44322e-07
9.36137e-07
1.41437e-07
9.60277e-07
1.36064e-07
9.85476e-07
1.27553e-07
1.01066e-06
1.15367e-07
1.03474e-06
9.91914e-08
1.05668e-06
7.89869e-08
1.0756e-06
5.49915e-08
1.09084e-06
2.76697e-08
1.10192e-06
-2.32879e-09
1.10856e-06
-3.42398e-08
1.11065e-06
-6.7189e-08
1.10829e-06
-1.0031e-07
1.1018e-06
-1.32838e-07
1.09164e-06
-1.64153e-07
1.07849e-06
-1.93853e-07
1.06322e-06
-2.21822e-07
1.0468e-06
-2.48243e-07
1.03015e-06
-2.73516e-07
1.01405e-06
-2.98078e-07
9.98975e-07
-3.22241e-07
9.85143e-07
-3.46168e-07
9.72659e-07
-3.70047e-07
9.61683e-07
-3.94327e-07
9.52506e-07
-4.19749e-07
9.45444e-07
-4.47003e-07
9.40611e-07
-4.76156e-07
9.3776e-07
-5.06301e-07
9.36385e-07
-5.35853e-07
9.36098e-07
-5.6345e-07
9.37059e-07
-5.88884e-07
9.40176e-07
-6.13326e-07
9.46844e-07
-6.38574e-07
9.58351e-07
-6.65736e-07
9.75276e-07
-6.94217e-07
9.97226e-07
-7.21658e-07
1.02301e-06
-7.44731e-07
1.05108e-06
-7.60196e-07
1.07989e-06
-7.6566e-07
1.10823e-06
-7.59825e-07
1.13527e-06
-7.42381e-07
1.16048e-06
-7.13739e-07
1.18365e-06
-6.74765e-07
1.20471e-06
-6.2657e-07
1.22371e-06
-5.70373e-07
1.24077e-06
-5.07408e-07
1.25603e-06
-4.38867e-07
1.26963e-06
-3.65881e-07
1.28169e-06
-2.89502e-07
1.29229e-06
-2.10709e-07
1.30148e-06
-1.30388e-07
1.30927e-06
-4.93729e-08
1.31564e-06
3.14168e-08
1.32053e-06
1.11074e-07
1.32381e-06
1.88811e-07
1.32533e-06
2.63718e-07
1.32492e-06
3.34837e-07
1.32247e-06
4.01196e-07
1.31793e-06
4.61866e-07
1.31135e-06
5.16044e-07
1.30292e-06
5.6314e-07
1.29294e-06
6.02846e-07
1.28182e-06
6.35163e-07
1.27001e-06
6.60374e-07
1.25796e-06
6.78981e-07
1.24609e-06
6.91615e-07
1.23473e-06
6.98944e-07
1.22414e-06
7.016e-07
1.21444e-06
7.00125e-07
1.2057e-06
6.94959e-07
1.19789e-06
6.86435e-07
1.19094e-06
6.74814e-07
1.18477e-06
6.60308e-07
1.17929e-06
6.43118e-07
1.17445e-06
6.23447e-07
1.17019e-06
6.01518e-07
1.16647e-06
5.77549e-07
5.51835e-07
1.16324e-06
1.47589e-06
5.33982e-09
1.50624e-06
-4.44019e-09
1.5394e-06
-3.71627e-08
1.56147e-06
-1.00188e-07
1.56752e-06
-1.83238e-07
1.55342e-06
-2.71288e-07
1.51472e-06
-3.52874e-07
1.45027e-06
-4.16638e-07
1.36549e-06
-4.50785e-07
1.27145e-06
-4.47094e-07
1.18056e-06
-4.04389e-07
1.1025e-06
-3.27632e-07
1.04248e-06
-2.25113e-07
1.0031e-06
-1.05183e-07
9.79273e-07
2.84662e-08
9.53092e-07
1.63194e-07
9.12147e-07
2.7472e-07
8.73037e-07
3.53329e-07
8.60869e-07
4.11915e-07
8.8288e-07
4.66215e-07
9.28497e-07
5.19556e-07
9.83486e-07
5.65888e-07
1.03861e-06
5.98954e-07
1.09029e-06
6.16559e-07
1.13843e-06
6.19797e-07
1.18434e-06
6.10963e-07
1.22953e-06
5.92087e-07
1.27505e-06
5.64335e-07
1.32118e-06
5.27987e-07
1.36755e-06
4.82754e-07
1.4132e-06
4.28213e-07
1.45694e-06
3.64187e-07
1.4975e-06
2.90989e-07
1.5338e-06
2.09557e-07
1.56498e-06
1.21383e-07
1.59059e-06
2.81405e-08
1.6105e-06
-6.83526e-08
1.6247e-06
-1.65762e-07
1.63293e-06
-2.61544e-07
1.63476e-06
-3.5314e-07
1.63094e-06
-4.38891e-07
1.62453e-06
-5.19295e-07
1.62041e-06
-5.97033e-07
1.62294e-06
-6.75227e-07
1.6333e-06
-7.5505e-07
1.64852e-06
-8.34474e-07
1.66293e-06
-9.08995e-07
1.67071e-06
-9.73613e-07
1.66807e-06
-1.02469e-06
1.65404e-06
-1.06078e-06
1.63004e-06
-1.08244e-06
1.59881e-06
-1.09141e-06
1.5634e-06
-1.08983e-06
1.5265e-06
-1.07967e-06
1.4901e-06
-1.06247e-06
1.45545e-06
-1.03931e-06
1.42325e-06
-1.01093e-06
1.39375e-06
-9.77838e-07
1.36691e-06
-9.4042e-07
1.34251e-06
-8.99026e-07
1.32021e-06
-8.54009e-07
1.2996e-06
-8.05753e-07
1.28023e-06
-7.5469e-07
1.26166e-06
-7.01318e-07
1.24345e-06
-6.46197e-07
1.22524e-06
-5.89953e-07
1.20671e-06
-5.33258e-07
1.18764e-06
-4.76811e-07
1.1679e-06
-4.21314e-07
1.14746e-06
-3.67438e-07
1.12635e-06
-3.15797e-07
1.10471e-06
-2.66923e-07
1.0827e-06
-2.21243e-07
1.06055e-06
-1.79072e-07
1.0385e-06
-1.40602e-07
1.01679e-06
-1.05908e-07
9.9567e-07
-7.49549e-08
9.75347e-07
-4.76139e-08
9.56009e-07
-2.36809e-08
9.37812e-07
-2.89632e-09
9.20879e-07
1.5034e-08
9.05302e-07
3.04247e-08
8.91136e-07
4.36043e-08
8.78406e-07
5.49002e-08
8.67127e-07
6.4618e-08
8.57295e-07
7.30389e-08
8.48902e-07
8.04153e-08
8.41934e-07
8.69689e-08
8.36383e-07
9.28932e-08
8.32255e-07
9.83573e-08
8.29564e-07
1.03506e-07
8.28326e-07
1.08452e-07
8.28541e-07
1.1325e-07
8.30175e-07
1.17885e-07
8.3316e-07
1.22258e-07
8.37416e-07
1.26203e-07
8.4289e-07
1.29523e-07
8.49604e-07
1.32034e-07
8.57682e-07
1.336e-07
8.67344e-07
1.34132e-07
8.78855e-07
1.33561e-07
8.92436e-07
1.31778e-07
9.08167e-07
1.2859e-07
9.25908e-07
1.23696e-07
9.45267e-07
1.16706e-07
9.6562e-07
1.07199e-07
9.86179e-07
9.48087e-08
1.00607e-06
7.93004e-08
1.02443e-06
6.06241e-08
1.04051e-06
3.89175e-08
1.05367e-06
1.45087e-08
1.06345e-06
-1.21129e-08
1.06956e-06
-4.03447e-08
1.07187e-06
-6.95027e-08
1.07049e-06
-9.89247e-08
1.06568e-06
-1.28031e-07
1.05791e-06
-1.56383e-07
1.0478e-06
-1.83741e-07
1.03607e-06
-2.10097e-07
1.02347e-06
-2.35647e-07
1.01063e-06
-2.60676e-07
9.97965e-07
-2.85409e-07
9.85659e-07
-3.09935e-07
9.73788e-07
-3.34297e-07
9.62477e-07
-3.58735e-07
9.5203e-07
-3.8388e-07
9.42901e-07
-4.1062e-07
9.3548e-07
-4.39581e-07
9.29825e-07
-4.70501e-07
9.25582e-07
-5.02057e-07
9.22228e-07
-5.32499e-07
9.19576e-07
-5.60798e-07
9.182e-07
-5.87508e-07
9.19467e-07
-6.14593e-07
9.25042e-07
-6.4415e-07
9.36134e-07
-6.76827e-07
9.52929e-07
-7.11013e-07
9.74546e-07
-7.43274e-07
9.99417e-07
-7.69602e-07
1.02583e-06
-7.8661e-07
1.05232e-06
-7.92153e-07
1.07786e-06
-7.85357e-07
1.1018e-06
-7.66327e-07
1.12386e-06
-7.35797e-07
1.14394e-06
-6.94849e-07
1.1621e-06
-6.4473e-07
1.17847e-06
-5.86735e-07
1.19319e-06
-5.22132e-07
1.20645e-06
-4.52125e-07
1.2184e-06
-3.77832e-07
1.22918e-06
-3.00279e-07
1.23887e-06
-2.20402e-07
1.24753e-06
-1.3905e-07
1.25517e-06
-5.7017e-08
1.26179e-06
2.48045e-08
1.26734e-06
1.05526e-07
1.2717e-06
1.84451e-07
1.27469e-06
2.60728e-07
1.27611e-06
3.33417e-07
1.27577e-06
4.01531e-07
1.27355e-06
4.64084e-07
1.26942e-06
5.20181e-07
1.26344e-06
5.69113e-07
1.25584e-06
6.10446e-07
1.24694e-06
6.44067e-07
1.23713e-06
6.70179e-07
1.22686e-06
6.89252e-07
1.21655e-06
7.0193e-07
1.20655e-06
7.08937e-07
1.19717e-06
7.10986e-07
1.18858e-06
7.08717e-07
1.18087e-06
7.02659e-07
1.17408e-06
6.9323e-07
1.16815e-06
6.80745e-07
1.163e-06
6.65455e-07
1.15855e-06
6.4757e-07
1.1547e-06
6.27294e-07
1.15139e-06
6.04834e-07
1.14854e-06
5.80397e-07
5.54275e-07
1.1461e-06
1.56879e-06
-1.07294e-08
1.59069e-06
-2.63368e-08
1.61037e-06
-5.68448e-08
1.61773e-06
-1.07546e-07
1.60697e-06
-1.72474e-07
1.57595e-06
-2.40274e-07
1.52422e-06
-3.01144e-07
1.45422e-06
-3.46635e-07
1.37226e-06
-3.68825e-07
1.28727e-06
-3.62107e-07
1.20819e-06
-3.25309e-07
1.14201e-06
-2.6145e-07
1.09289e-06
-1.75992e-07
1.06351e-06
-7.58029e-08
1.05678e-06
3.5194e-08
1.06528e-06
1.54691e-07
1.06895e-06
2.71057e-07
1.05625e-06
3.66027e-07
1.03676e-06
4.31406e-07
1.02878e-06
4.74189e-07
1.04238e-06
5.05955e-07
1.0754e-06
5.32864e-07
1.11977e-06
5.54585e-07
1.16808e-06
5.68251e-07
1.21613e-06
5.71746e-07
1.26255e-06
5.64548e-07
1.30749e-06
5.4714e-07
1.3516e-06
5.2023e-07
1.39528e-06
4.84304e-07
1.43848e-06
4.39553e-07
1.48066e-06
3.86034e-07
1.52095e-06
3.23895e-07
1.55835e-06
2.53596e-07
1.59186e-06
1.76041e-07
1.6208e-06
9.24425e-08
1.64475e-06
4.19536e-09
1.66322e-06
-8.68267e-08
1.67564e-06
-1.78183e-07
1.68176e-06
-2.67659e-07
1.68261e-06
-3.53987e-07
1.68125e-06
-4.37538e-07
1.68207e-06
-5.20114e-07
1.68856e-06
-6.03517e-07
1.70112e-06
-6.87785e-07
1.71652e-06
-7.70452e-07
1.72936e-06
-8.4732e-07
1.73447e-06
-9.14107e-07
1.72876e-06
-9.679e-07
1.71181e-06
-1.00773e-06
1.68534e-06
-1.03432e-06
1.6522e-06
-1.04931e-06
1.6154e-06
-1.05461e-06
1.57748e-06
-1.05192e-06
1.54031e-06
-1.0425e-06
1.50505e-06
-1.02721e-06
1.47234e-06
-1.00659e-06
1.4424e-06
-9.80991e-07
1.41521e-06
-9.50653e-07
1.39059e-06
-9.15803e-07
1.36824e-06
-8.7667e-07
1.34775e-06
-8.3352e-07
1.32867e-06
-7.86675e-07
1.31052e-06
-7.36539e-07
1.29281e-06
-6.83607e-07
1.27509e-06
-6.28476e-07
1.25697e-06
-5.7183e-07
1.23813e-06
-5.14426e-07
1.21838e-06
-4.5706e-07
1.19761e-06
-4.0054e-07
1.17581e-06
-3.4564e-07
1.15308e-06
-2.93072e-07
1.12961e-06
-2.43449e-07
1.10563e-06
-1.97263e-07
1.08143e-06
-1.54871e-07
1.05731e-06
-1.16484e-07
1.03358e-06
-8.21768e-08
1.01052e-06
-5.1895e-08
9.88387e-07
-2.54799e-08
9.67393e-07
-2.68738e-09
9.47718e-07
1.67791e-08
9.29494e-07
3.3258e-08
9.12804e-07
4.71151e-08
8.9769e-07
5.87174e-08
8.84176e-07
6.84141e-08
8.72264e-07
7.65309e-08
8.61938e-07
8.33647e-08
8.53174e-07
8.91791e-08
8.45942e-07
9.42009e-08
8.40213e-07
9.86215e-08
8.3597e-07
1.02601e-07
8.33204e-07
1.06272e-07
8.3192e-07
1.09736e-07
8.32115e-07
1.13055e-07
8.33768e-07
1.16232e-07
8.36824e-07
1.19202e-07
8.41199e-07
1.21828e-07
8.46795e-07
1.23926e-07
8.5354e-07
1.25289e-07
8.61411e-07
1.25728e-07
8.70459e-07
1.25084e-07
8.80786e-07
1.23234e-07
8.92503e-07
1.20061e-07
9.05667e-07
1.15427e-07
9.20213e-07
1.0915e-07
9.35916e-07
1.01003e-07
9.52376e-07
9.07388e-08
9.69047e-07
7.81378e-08
9.85288e-07
6.30592e-08
1.00044e-06
4.54713e-08
1.01389e-06
2.54699e-08
1.02509e-06
3.30356e-09
1.03364e-06
-2.06566e-08
1.03924e-06
-4.59506e-08
1.04181e-06
-7.2068e-08
1.0414e-06
-9.85203e-08
1.03827e-06
-1.24892e-07
1.03277e-06
-1.50889e-07
1.02541e-06
-1.76375e-07
1.01669e-06
-2.01379e-07
1.00708e-06
-2.26044e-07
9.96925e-07
-2.50518e-07
9.86377e-07
-2.74861e-07
9.75488e-07
-2.99047e-07
9.64337e-07
-3.23146e-07
9.5318e-07
-3.47578e-07
9.425e-07
-3.732e-07
9.32865e-07
-4.00985e-07
9.24634e-07
-4.3135e-07
9.17715e-07
-4.63582e-07
9.11609e-07
-4.95951e-07
9.05831e-07
-5.2672e-07
9.00489e-07
-5.55456e-07
8.96642e-07
-5.83661e-07
8.96088e-07
-6.14039e-07
9.00627e-07
-6.48689e-07
9.11215e-07
-6.87415e-07
9.27544e-07
-7.27341e-07
9.48246e-07
-7.63977e-07
9.71488e-07
-7.92843e-07
9.95535e-07
-8.10658e-07
1.01909e-06
-8.15705e-07
1.04133e-06
-8.07604e-07
1.06187e-06
-7.86865e-07
1.08057e-06
-7.54497e-07
1.09747e-06
-7.11747e-07
1.11269e-06
-6.5995e-07
1.1264e-06
-6.00447e-07
1.1388e-06
-5.34526e-07
1.15006e-06
-4.63388e-07
1.16036e-06
-3.88132e-07
1.16983e-06
-3.09755e-07
1.17858e-06
-2.2915e-07
1.18665e-06
-1.47119e-07
1.19406e-06
-6.44244e-08
1.20079e-06
1.80728e-08
1.20684e-06
9.94752e-08
1.21211e-06
1.79183e-07
1.21642e-06
2.56419e-07
1.21955e-06
3.30285e-07
1.22128e-06
3.99799e-07
1.22142e-06
4.63945e-07
1.21985e-06
5.21755e-07
1.21655e-06
5.72413e-07
1.21163e-06
6.15363e-07
1.20533e-06
6.50369e-07
1.19797e-06
6.77537e-07
1.18995e-06
6.97277e-07
1.18166e-06
7.1022e-07
1.17347e-06
7.17121e-07
1.1657e-06
7.18756e-07
1.15857e-06
7.15846e-07
1.15222e-06
7.09012e-07
1.1467e-06
6.98751e-07
1.14199e-06
6.85449e-07
1.13805e-06
6.694e-07
1.13478e-06
6.50843e-07
1.13208e-06
6.29986e-07
1.12988e-06
6.07037e-07
1.12809e-06
5.82186e-07
5.55725e-07
1.12664e-06
1.54421e-06
-2.36459e-08
1.55905e-06
-4.11791e-08
1.57096e-06
-6.87565e-08
1.57263e-06
-1.0921e-07
1.55916e-06
-1.5901e-07
1.52929e-06
-2.10406e-07
1.48387e-06
-2.55724e-07
1.42564e-06
-2.88402e-07
1.35945e-06
-3.02631e-07
1.29158e-06
-2.94239e-07
1.22832e-06
-2.6205e-07
1.17483e-06
-2.07965e-07
1.13467e-06
-1.3583e-07
1.10983e-06
-5.09549e-08
1.10346e-06
4.15627e-08
1.11843e-06
1.39712e-07
1.14759e-06
2.41903e-07
1.17389e-06
3.39723e-07
1.18555e-06
4.19754e-07
1.1853e-06
4.74438e-07
1.18479e-06
5.06466e-07
1.19406e-06
5.2359e-07
1.21643e-06
5.32217e-07
1.24966e-06
5.35014e-07
1.28954e-06
5.31874e-07
1.33237e-06
5.21712e-07
1.37592e-06
5.03595e-07
1.4191e-06
4.77047e-07
1.46147e-06
4.4194e-07
1.50269e-06
3.98325e-07
1.54235e-06
3.46375e-07
1.57982e-06
2.8643e-07
1.61435e-06
2.19065e-07
1.64524e-06
1.45148e-07
1.67185e-06
6.5834e-08
1.69342e-06
-1.73731e-08
1.70934e-06
-1.02751e-07
1.71973e-06
-1.8857e-07
1.72604e-06
-2.7397e-07
1.73122e-06
-3.59171e-07
1.73874e-06
-4.45058e-07
1.75071e-06
-5.3208e-07
1.76636e-06
-6.19163e-07
1.78204e-06
-7.03473e-07
1.79281e-06
-7.81215e-07
1.79441e-06
-8.48923e-07
1.78477e-06
-9.04472e-07
1.76425e-06
-9.4738e-07
1.73498e-06
-9.78462e-07
1.69988e-06
-9.99219e-07
1.66184e-06
-1.01127e-06
1.62321e-06
-1.01597e-06
1.58563e-06
-1.01434e-06
1.55011e-06
-1.00699e-06
1.5172e-06
-9.94304e-07
1.48711e-06
-9.765e-07
1.45983e-06
-9.53715e-07
1.43524e-06
-9.26059e-07
1.41308e-06
-8.93638e-07
1.39299e-06
-8.5658e-07
1.37453e-06
-8.15062e-07
1.3572e-06
-7.69346e-07
1.34046e-06
-7.19803e-07
1.32379e-06
-6.66939e-07
1.30671e-06
-6.11391e-07
1.2888e-06
-5.53917e-07
1.26974e-06
-4.9537e-07
1.24934e-06
-4.36661e-07
1.22752e-06
-3.78715e-07
1.20431e-06
-3.22431e-07
1.17987e-06
-2.6863e-07
1.15444e-06
-2.18021e-07
1.12834e-06
-1.71166e-07
1.10194e-06
-1.28466e-07
1.0756e-06
-9.01494e-08
1.0497e-06
-5.62813e-08
1.02459e-06
-2.67796e-08
1.00055e-06
-1.44194e-09
9.77843e-07
2.00212e-08
9.56657e-07
3.79647e-08
9.37119e-07
5.2796e-08
9.19303e-07
6.49318e-08
9.03247e-07
7.47729e-08
8.88963e-07
8.2698e-08
8.76438e-07
8.90562e-08
8.65641e-07
9.41619e-08
8.5653e-07
9.82901e-08
8.49056e-07
1.01674e-07
8.43172e-07
1.04506e-07
8.38834e-07
1.06939e-07
8.36011e-07
1.09095e-07
8.34686e-07
1.11062e-07
8.34844e-07
1.12897e-07
8.36467e-07
1.1461e-07
8.39512e-07
1.16157e-07
8.43906e-07
1.17434e-07
8.4955e-07
1.18282e-07
8.56331e-07
1.18508e-07
8.64153e-07
1.17906e-07
8.7295e-07
1.16287e-07
8.82698e-07
1.13486e-07
8.93396e-07
1.09363e-07
9.05031e-07
1.03791e-07
9.17543e-07
9.66386e-08
9.30778e-07
8.77677e-08
9.44476e-07
7.70415e-08
9.58266e-07
6.43473e-08
9.71706e-07
4.96197e-08
9.84318e-07
3.28593e-08
9.95633e-07
1.41548e-08
1.00522e-06
-6.28567e-09
1.01274e-06
-2.81761e-08
1.01796e-06
-5.11688e-08
1.02078e-06
-7.48914e-08
1.02125e-06
-9.89894e-08
1.01953e-06
-1.23167e-07
1.01586e-06
-1.47221e-07
1.01055e-06
-1.71067e-07
1.0039e-06
-1.94726e-07
9.96131e-07
-2.18276e-07
9.87374e-07
-2.41761e-07
9.77664e-07
-2.6515e-07
9.67039e-07
-2.88421e-07
9.55679e-07
-3.11786e-07
9.4401e-07
-3.35909e-07
9.3265e-07
-3.6184e-07
9.22177e-07
-3.90513e-07
9.12805e-07
-4.21978e-07
9.04216e-07
-4.54993e-07
8.95785e-07
-4.87521e-07
8.87155e-07
-5.18091e-07
8.78847e-07
-5.47148e-07
8.72443e-07
-5.77257e-07
8.70101e-07
-6.11697e-07
8.73591e-07
-6.52179e-07
8.83462e-07
-6.97285e-07
8.98858e-07
-7.42738e-07
9.18006e-07
-7.83125e-07
9.38931e-07
-8.13768e-07
9.60003e-07
-8.3173e-07
9.80147e-07
-8.35849e-07
9.98801e-07
-8.26258e-07
1.01576e-06
-8.03828e-07
1.03104e-06
-7.69777e-07
1.04476e-06
-7.2546e-07
1.05707e-06
-6.72268e-07
1.06819e-06
-6.11565e-07
1.07831e-06
-5.44644e-07
1.08762e-06
-4.72699e-07
1.0963e-06
-3.96808e-07
1.10448e-06
-3.17936e-07
1.11226e-06
-2.36932e-07
1.1197e-06
-1.54554e-07
1.12681e-06
-7.15389e-08
1.13359e-06
1.12961e-08
1.14003e-06
9.30368e-08
1.14605e-06
1.7316e-07
1.1515e-06
2.5097e-07
1.15617e-06
3.25617e-07
1.15982e-06
3.96148e-07
1.16222e-06
4.61541e-07
1.16319e-06
5.2078e-07
1.16264e-06
5.72965e-07
1.16058e-06
6.17427e-07
1.15714e-06
6.5381e-07
1.15256e-06
6.82113e-07
1.14717e-06
7.02668e-07
1.14132e-06
7.1607e-07
1.13537e-06
7.23076e-07
1.12962e-06
7.24503e-07
1.12432e-06
7.21141e-07
1.11965e-06
7.13687e-07
1.11568e-06
7.02717e-07
1.11244e-06
6.88686e-07
1.1099e-06
6.71943e-07
1.10798e-06
6.52761e-07
1.1066e-06
6.31367e-07
1.10567e-06
6.07971e-07
1.10509e-06
5.82759e-07
5.56016e-07
1.1048e-06
1.52532e-06
-3.27502e-08
1.5343e-06
-5.01561e-08
1.54002e-06
-7.44834e-08
1.53783e-06
-1.07014e-07
1.52427e-06
-1.45455e-07
1.49836e-06
-1.84491e-07
1.46084e-06
-2.18205e-07
1.41381e-06
-2.41376e-07
1.3608e-06
-2.49613e-07
1.30638e-06
-2.39826e-07
1.25535e-06
-2.11013e-07
1.21182e-06
-1.6444e-07
1.17893e-06
-1.02944e-07
1.15822e-06
-3.02406e-08
1.15049e-06
4.9288e-08
1.15874e-06
1.31467e-07
1.1858e-06
2.14846e-07
1.22671e-06
2.98807e-07
1.26847e-06
3.78e-07
1.29962e-06
4.43279e-07
1.31784e-06
4.88253e-07
1.32862e-06
5.12811e-07
1.33961e-06
5.21226e-07
1.35612e-06
5.18497e-07
1.37993e-06
5.08073e-07
1.41018e-06
4.91455e-07
1.44497e-06
4.68804e-07
1.48232e-06
4.39697e-07
1.52063e-06
4.03634e-07
1.55868e-06
3.60278e-07
1.59549e-06
3.0956e-07
1.63024e-06
2.51686e-07
1.66219e-06
1.8711e-07
1.6907e-06
1.16637e-07
1.71511e-06
4.14299e-08
1.73502e-06
-3.72838e-08
1.75099e-06
-1.18724e-07
1.76459e-06
-2.02171e-07
1.77813e-06
-2.87506e-07
1.7936e-06
-3.74643e-07
1.81139e-06
-4.62849e-07
1.82956e-06
-5.50249e-07
1.84435e-06
-6.3395e-07
1.85163e-06
-7.10753e-07
1.84849e-06
-7.78073e-07
1.8341e-06
-8.34534e-07
1.80965e-06
-8.80025e-07
1.77762e-06
-9.15346e-07
1.74088e-06
-9.41726e-07
1.70207e-06
-9.6041e-07
1.66322e-06
-9.72414e-07
1.6257e-06
-9.78451e-07
1.59032e-06
-9.78961e-07
1.55753e-06
-9.74195e-07
1.52751e-06
-9.64288e-07
1.50032e-06
-9.49307e-07
1.47588e-06
-9.2928e-07
1.45404e-06
-9.04211e-07
1.43449e-06
-8.74094e-07
1.41685e-06
-8.38942e-07
1.40062e-06
-7.98834e-07
1.38524e-06
-7.53965e-07
1.37012e-06
-7.04681e-07
1.35468e-06
-6.515e-07
1.3384e-06
-5.95112e-07
1.32084e-06
-5.36356e-07
1.30167e-06
-4.76193e-07
1.28067e-06
-4.15662e-07
1.25778e-06
-3.55832e-07
1.2331e-06
-2.97743e-07
1.20682e-06
-2.42351e-07
1.17927e-06
-1.90476e-07
1.15087e-06
-1.42762e-07
1.12206e-06
-9.96579e-08
1.09331e-06
-6.14045e-08
1.06508e-06
-2.80482e-08
1.03777e-06
5.33102e-10
1.01173e-06
2.45964e-08
9.87245e-07
4.45068e-08
9.645e-07
6.07094e-08
9.43617e-07
7.36794e-08
9.24668e-07
8.3881e-08
9.07682e-07
9.17588e-08
8.92653e-07
9.7727e-08
8.79548e-07
1.02161e-07
8.68316e-07
1.05394e-07
8.58895e-07
1.07711e-07
8.51215e-07
1.09353e-07
8.45208e-07
1.10513e-07
8.40807e-07
1.1134e-07
8.37958e-07
1.11945e-07
8.36615e-07
1.12404e-07
8.36749e-07
1.12763e-07
8.38329e-07
1.13029e-07
8.41319e-07
1.13168e-07
8.45656e-07
1.13096e-07
8.51254e-07
1.12685e-07
8.57999e-07
1.11762e-07
8.65769e-07
1.10137e-07
8.74442e-07
1.07614e-07
8.83917e-07
1.04012e-07
8.94105e-07
9.91744e-08
9.04929e-07
9.29674e-08
9.16291e-07
8.52762e-08
9.28056e-07
7.60033e-08
9.40026e-07
6.5071e-08
9.51945e-07
5.24288e-08
9.63504e-07
3.80602e-08
9.74365e-07
2.1998e-08
9.84174e-07
4.3462e-09
9.92606e-07
-1.47176e-08
9.99395e-07
-3.49651e-08
1.00435e-06
-5.61285e-08
1.00739e-06
-7.79267e-08
1.00849e-06
-1.00092e-07
1.00773e-06
-1.22401e-07
1.00521e-06
-1.44703e-07
1.00108e-06
-1.66935e-07
9.95456e-07
-1.89105e-07
9.88421e-07
-2.11242e-07
9.79994e-07
-2.33334e-07
9.70182e-07
-2.55338e-07
9.59087e-07
-2.77327e-07
9.47024e-07
-2.99723e-07
9.34552e-07
-3.23437e-07
9.22339e-07
-3.49627e-07
9.10853e-07
-3.79026e-07
9.00058e-07
-4.11183e-07
8.89391e-07
-4.44326e-07
8.7817e-07
-4.763e-07
8.66296e-07
-5.06216e-07
8.548e-07
-5.35652e-07
8.45794e-07
-5.68251e-07
8.41675e-07
-6.07578e-07
8.44012e-07
-6.54515e-07
8.52837e-07
-7.06111e-07
8.6677e-07
-7.56671e-07
8.8374e-07
-8.00094e-07
9.01764e-07
-8.31793e-07
9.19403e-07
-8.49369e-07
9.35841e-07
-8.52287e-07
9.5075e-07
-8.41167e-07
9.64092e-07
-8.1717e-07
9.75976e-07
-7.81661e-07
9.86569e-07
-7.36053e-07
9.96065e-07
-6.81764e-07
1.00467e-06
-6.20168e-07
1.01258e-06
-5.52559e-07
1.02e-06
-4.80117e-07
1.02709e-06
-4.03899e-07
1.03399e-06
-3.24835e-07
1.0408e-06
-2.43736e-07
1.04756e-06
-1.6132e-07
1.05431e-06
-7.82906e-08
1.06105e-06
4.55708e-09
1.06777e-06
8.63164e-08
1.07441e-06
1.6652e-07
1.08083e-06
2.4455e-07
1.08685e-06
3.19604e-07
1.09223e-06
3.90768e-07
1.09673e-06
4.57035e-07
1.10015e-06
5.17367e-07
1.10231e-06
5.70805e-07
1.10314e-06
6.16588e-07
1.1027e-06
6.54253e-07
1.10113e-06
6.83689e-07
1.09866e-06
7.05139e-07
1.09558e-06
7.19142e-07
1.09222e-06
7.26437e-07
1.08887e-06
7.2786e-07
1.08576e-06
7.24245e-07
1.0831e-06
7.16353e-07
1.08098e-06
7.04831e-07
1.07947e-06
6.90199e-07
1.07855e-06
6.72863e-07
1.07818e-06
6.53136e-07
1.07827e-06
6.3127e-07
1.07876e-06
6.07486e-07
1.07955e-06
5.81972e-07
5.55003e-07
1.08056e-06
1.51196e-06
-3.88332e-08
1.51693e-06
-5.51186e-08
1.51864e-06
-7.61928e-08
1.51412e-06
-1.02495e-07
1.50096e-06
-1.32296e-07
1.47829e-06
-1.61818e-07
1.44666e-06
-1.86583e-07
1.40779e-06
-2.02508e-07
1.36444e-06
-2.06258e-07
1.32014e-06
-1.95531e-07
1.27864e-06
-1.69508e-07
1.24323e-06
-1.29026e-07
1.21649e-06
-7.62107e-08
1.20012e-06
-1.38674e-08
1.19456e-06
5.48463e-08
1.19998e-06
1.26049e-07
1.21843e-06
1.96398e-07
1.25235e-06
2.64881e-07
1.29919e-06
3.31169e-07
1.35015e-06
3.92315e-07
1.3956e-06
4.42803e-07
1.43053e-06
4.77882e-07
1.45566e-06
4.96095e-07
1.47508e-06
4.99081e-07
1.49328e-06
4.89868e-07
1.51343e-06
4.71302e-07
1.53693e-06
4.4531e-07
1.56377e-06
4.12855e-07
1.59317e-06
3.74235e-07
1.624e-06
3.29444e-07
1.65512e-06
2.78445e-07
1.6855e-06
2.21308e-07
1.71426e-06
1.58342e-07
1.74074e-06
9.01625e-08
1.7648e-06
1.7364e-08
1.7871e-06
-5.95848e-08
1.80852e-06
-1.40144e-07
1.83001e-06
-2.23654e-07
1.85178e-06
-3.09283e-07
1.87273e-06
-3.95587e-07
1.8903e-06
-4.80422e-07
1.90126e-06
-5.61208e-07
1.9028e-06
-6.35495e-07
1.89357e-06
-7.0152e-07
1.87396e-06
-7.58466e-07
1.84581e-06
-8.06378e-07
1.81166e-06
-8.45875e-07
1.77412e-06
-8.77808e-07
1.73539e-06
-9.02998e-07
1.69708e-06
-9.22099e-07
1.66023e-06
-9.35562e-07
1.62545e-06
-9.43676e-07
1.59311e-06
-9.46613e-07
1.56338e-06
-9.44471e-07
1.53639e-06
-9.37295e-07
1.51216e-06
-9.25079e-07
1.49064e-06
-9.07758e-07
1.47165e-06
-8.85216e-07
1.45486e-06
-8.5731e-07
1.43984e-06
-8.23921e-07
1.42603e-06
-7.85023e-07
1.41281e-06
-7.40743e-07
1.39953e-06
-6.91405e-07
1.38557e-06
-6.37543e-07
1.37035e-06
-5.79891e-07
1.35337e-06
-5.19373e-07
1.33424e-06
-4.57066e-07
1.31274e-06
-3.94158e-07
1.2888e-06
-3.31892e-07
1.26255e-06
-2.71489e-07
1.23426e-06
-2.14068e-07
1.20438e-06
-1.60588e-07
1.1734e-06
-1.11789e-07
1.14192e-06
-6.81729e-08
1.1105e-06
-2.99874e-08
1.07971e-06
2.74729e-09
1.05003e-06
3.02113e-08
1.02186e-06
5.27596e-08
9.95498e-07
7.08729e-08
9.71119e-07
8.50876e-08
9.48855e-07
9.59436e-08
9.28768e-07
1.03968e-07
9.10868e-07
1.09659e-07
8.95126e-07
1.13469e-07
8.81485e-07
1.15803e-07
8.69867e-07
1.17012e-07
8.60185e-07
1.17393e-07
8.52348e-07
1.17191e-07
8.46263e-07
1.16598e-07
8.41842e-07
1.15761e-07
8.39006e-07
1.14781e-07
8.37687e-07
1.13724e-07
8.37829e-07
1.1262e-07
8.39388e-07
1.1147e-07
8.42318e-07
1.10238e-07
8.46563e-07
1.08851e-07
8.52048e-07
1.072e-07
8.58674e-07
1.05137e-07
8.66319e-07
1.02492e-07
8.7485e-07
9.90828e-08
8.8413e-07
9.47314e-08
8.94028e-07
8.92762e-08
9.04417e-07
8.25793e-08
9.15163e-07
7.45297e-08
9.26121e-07
6.50453e-08
9.37118e-07
5.40741e-08
9.47951e-07
4.15954e-08
9.58389e-07
2.76225e-08
9.68175e-07
1.22123e-08
9.77044e-07
-4.52282e-09
9.8475e-07
-2.2424e-08
9.91082e-07
-4.12971e-08
9.95877e-07
-6.09228e-08
9.99021e-07
-8.10708e-08
1.00045e-06
-1.01523e-07
1.00015e-06
-1.221e-07
9.9813e-07
-1.42683e-07
9.94423e-07
-1.63227e-07
9.89049e-07
-1.83732e-07
9.82004e-07
-2.04197e-07
9.73268e-07
-2.24598e-07
9.62874e-07
-2.44944e-07
9.51012e-07
-2.65465e-07
9.38116e-07
-2.86826e-07
9.24815e-07
-3.10136e-07
9.11718e-07
-3.36531e-07
8.99073e-07
-3.6638e-07
8.86537e-07
-3.98647e-07
8.73335e-07
-4.31124e-07
8.58847e-07
-4.61812e-07
8.43366e-07
-4.90736e-07
8.28512e-07
-5.20798e-07
8.16876e-07
-5.56615e-07
8.10944e-07
-6.01647e-07
8.11934e-07
-6.55506e-07
8.19314e-07
-7.13491e-07
8.31246e-07
-7.68602e-07
8.4549e-07
-8.14338e-07
8.60163e-07
-8.46466e-07
8.74066e-07
-8.63272e-07
8.86642e-07
-8.64863e-07
8.97763e-07
-8.52287e-07
9.07521e-07
-8.26928e-07
9.16087e-07
-7.90227e-07
9.23656e-07
-7.43623e-07
9.3043e-07
-6.88537e-07
9.36612e-07
-6.2635e-07
9.42403e-07
-5.58351e-07
9.47992e-07
-4.85706e-07
9.53539e-07
-4.09446e-07
9.59176e-07
-3.30472e-07
9.64996e-07
-2.49556e-07
9.71056e-07
-1.67381e-07
9.77391e-07
-8.4625e-08
9.84011e-07
-2.06275e-09
9.90911e-07
7.94158e-08
9.98039e-07
1.59392e-07
1.00527e-06
2.37316e-07
1.01245e-06
3.12429e-07
1.01936e-06
3.83856e-07
1.02578e-06
4.50619e-07
1.03146e-06
5.1168e-07
1.03622e-06
5.66048e-07
1.03992e-06
6.12894e-07
1.0425e-06
6.51664e-07
1.04404e-06
6.82149e-07
1.04468e-06
7.045e-07
1.04464e-06
7.19187e-07
1.04416e-06
7.26913e-07
1.04351e-06
7.28509e-07
1.04292e-06
7.24835e-07
1.04258e-06
7.16698e-07
1.04261e-06
7.04803e-07
1.04308e-06
6.89727e-07
1.04401e-06
6.7193e-07
1.04538e-06
6.51767e-07
1.04713e-06
6.2952e-07
1.04919e-06
6.05428e-07
1.05148e-06
5.79683e-07
5.52551e-07
1.05393e-06
1.50043e-06
-4.26018e-08
1.50263e-06
-5.73181e-08
1.50175e-06
-7.53131e-08
1.49581e-06
-9.65614e-08
1.48317e-06
-1.19653e-07
1.46318e-06
-1.41831e-07
1.43634e-06
-1.59742e-07
1.40406e-06
-1.70225e-07
1.36852e-06
-1.70713e-07
1.33244e-06
-1.5946e-07
1.29876e-06
-1.35819e-07
1.27009e-06
-1.00357e-07
1.24855e-06
-5.46739e-08
1.23569e-06
-1.00677e-09
1.23236e-06
5.81758e-08
1.23837e-06
1.20036e-07
1.25335e-06
1.81425e-07
1.27843e-06
2.39792e-07
1.31549e-06
2.94116e-07
1.36368e-06
3.44128e-07
1.41799e-06
3.88491e-07
1.47153e-06
4.24343e-07
1.51895e-06
4.48667e-07
1.55822e-06
4.59812e-07
1.59018e-06
4.57909e-07
1.61717e-06
4.4431e-07
1.64171e-06
4.20774e-07
1.66569e-06
3.88871e-07
1.69018e-06
3.49745e-07
1.7155e-06
3.04128e-07
1.74148e-06
2.52468e-07
1.76768e-06
1.95103e-07
1.7936e-06
1.32423e-07
1.81898e-06
6.4787e-08
1.84391e-06
-7.5693e-09
1.8684e-06
-8.4077e-08
1.892e-06
-1.63742e-07
1.91365e-06
-2.45303e-07
1.93153e-06
-3.27164e-07
1.94333e-06
-4.07381e-07
1.94685e-06
-4.83943e-07
1.94078e-06
-5.5514e-07
1.92509e-06
-6.19805e-07
1.90097e-06
-6.77398e-07
1.8704e-06
-7.27901e-07
1.83564e-06
-7.71619e-07
1.79875e-06
-8.08982e-07
1.76134e-06
-8.40402e-07
1.72455e-06
-8.6621e-07
1.68911e-06
-8.86653e-07
1.65546e-06
-9.01911e-07
1.6239e-06
-9.12122e-07
1.59468e-06
-9.17386e-07
1.56797e-06
-9.17767e-07
1.54394e-06
-9.13265e-07
1.52266e-06
-9.03797e-07
1.50408e-06
-8.8918e-07
1.48801e-06
-8.69147e-07
1.4741e-06
-8.43396e-07
1.46185e-06
-8.11672e-07
1.45067e-06
-7.73845e-07
1.4399e-06
-7.29976e-07
1.42885e-06
-6.80351e-07
1.4168e-06
-6.25491e-07
1.40307e-06
-5.66158e-07
1.38704e-06
-5.03348e-07
1.36824e-06
-4.38269e-07
1.34638e-06
-3.72297e-07
1.32139e-06
-3.06899e-07
1.29343e-06
-2.4353e-07
1.26289e-06
-1.83527e-07
1.23032e-06
-1.28016e-07
1.19639e-06
-7.78596e-08
1.16183e-06
-3.36144e-08
1.12738e-06
4.46109e-09
1.09373e-06
3.63954e-08
1.06145e-06
6.24923e-08
1.03096e-06
8.32541e-08
1.00255e-06
9.92803e-08
9.76437e-07
1.11199e-07
9.52739e-07
1.19641e-07
9.31499e-07
1.25209e-07
9.12699e-07
1.28459e-07
8.96279e-07
1.29888e-07
8.8215e-07
1.29932e-07
8.70203e-07
1.28959e-07
8.60321e-07
1.27275e-07
8.52385e-07
1.25126e-07
8.46279e-07
1.22704e-07
8.4189e-07
1.20149e-07
8.39118e-07
1.17553e-07
8.3787e-07
1.14971e-07
8.3807e-07
1.12421e-07
8.3965e-07
1.0989e-07
8.42551e-07
1.07337e-07
8.46712e-07
1.0469e-07
8.52064e-07
1.01848e-07
8.58519e-07
9.86821e-08
8.65969e-07
9.50416e-08
8.74289e-07
9.07626e-08
8.83341e-07
8.56802e-08
8.92977e-07
7.96398e-08
9.0305e-07
7.25066e-08
9.13407e-07
6.41728e-08
9.23889e-07
5.45624e-08
9.3433e-07
4.36335e-08
9.44547e-07
3.13784e-08
9.54343e-07
1.78261e-08
9.63509e-07
3.04679e-09
9.71832e-07
-1.2846e-08
9.79111e-07
-2.97031e-08
9.85162e-07
-4.73476e-08
9.89822e-07
-6.55831e-08
9.92958e-07
-8.42069e-08
9.94468e-07
-1.03032e-07
9.9428e-07
-1.21912e-07
9.92352e-07
-1.40756e-07
9.88651e-07
-1.59526e-07
9.83134e-07
-1.78215e-07
9.7575e-07
-1.96813e-07
9.66473e-07
-2.1532e-07
9.55384e-07
-2.33855e-07
9.42765e-07
-2.52846e-07
9.29128e-07
-2.73188e-07
9.1509e-07
-2.96099e-07
9.01094e-07
-3.22535e-07
8.87081e-07
-3.52367e-07
8.72399e-07
-3.83965e-07
8.56147e-07
-4.14872e-07
8.37914e-07
-4.43579e-07
8.18512e-07
-4.71334e-07
8.00176e-07
-5.02461e-07
7.85882e-07
-5.42321e-07
7.78051e-07
-5.93816e-07
7.77435e-07
-6.54889e-07
7.82942e-07
-7.18998e-07
7.9238e-07
-7.7804e-07
8.03459e-07
-8.25418e-07
8.1447e-07
-8.57477e-07
8.2447e-07
-8.73272e-07
8.33135e-07
-8.73528e-07
8.40502e-07
-8.59655e-07
8.46756e-07
-8.33181e-07
8.52106e-07
-7.95577e-07
8.56758e-07
-7.48275e-07
8.60911e-07
-6.92691e-07
8.64764e-07
-6.30203e-07
8.68511e-07
-5.62098e-07
8.72331e-07
-4.89525e-07
8.76376e-07
-4.13491e-07
8.80768e-07
-3.34865e-07
8.85599e-07
-2.54387e-07
8.9093e-07
-1.72711e-07
8.96798e-07
-9.04935e-08
9.03225e-07
-8.48939e-09
9.10207e-07
7.24337e-08
9.17702e-07
1.51897e-07
9.25605e-07
2.29414e-07
9.33773e-07
3.0426e-07
9.42028e-07
3.75601e-07
9.50157e-07
4.4249e-07
9.57931e-07
5.03906e-07
9.65128e-07
5.5885e-07
9.71571e-07
6.06451e-07
9.77146e-07
6.46088e-07
9.81828e-07
6.77467e-07
9.85673e-07
7.00654e-07
9.88815e-07
7.16045e-07
9.91437e-07
7.24291e-07
9.93743e-07
7.26203e-07
9.95933e-07
7.22645e-07
9.9818e-07
7.14451e-07
1.00061e-06
7.02368e-07
1.00332e-06
6.87022e-07
1.00633e-06
6.68919e-07
1.00964e-06
6.48455e-07
1.01322e-06
6.25941e-07
1.01701e-06
6.01638e-07
1.02094e-06
5.75751e-07
5.48532e-07
1.02496e-06
1.49038e-06
-4.46461e-08
1.49072e-06
-5.76522e-08
1.48823e-06
-7.28259e-08
1.4816e-06
-8.99275e-08
1.46972e-06
-1.07774e-07
1.45218e-06
-1.24299e-07
1.42942e-06
-1.36976e-07
1.40257e-06
-1.43373e-07
1.37336e-06
-1.41503e-07
1.34393e-06
-1.30035e-07
1.31658e-06
-1.08471e-07
1.29345e-06
-7.72264e-08
1.27628e-06
-3.75057e-08
1.26635e-06
8.92797e-09
1.26453e-06
5.99979e-08
1.27111e-06
1.13454e-07
1.28556e-06
1.66971e-07
1.30721e-06
2.18143e-07
1.33637e-06
2.6496e-07
1.37411e-06
3.06388e-07
1.42049e-06
3.4211e-07
1.47323e-06
3.71602e-07
1.52827e-06
3.93629e-07
1.58147e-06
4.06611e-07
1.63004e-06
4.09338e-07
1.67294e-06
4.0141e-07
1.71052e-06
3.83195e-07
1.74386e-06
3.55534e-07
1.77418e-06
3.19425e-07
1.8025e-06
2.75805e-07
1.82949e-06
2.25479e-07
1.85545e-06
1.69141e-07
1.88046e-06
1.07415e-07
1.9043e-06
4.09445e-08
1.92646e-06
-2.97267e-08
1.94596e-06
-1.03583e-07
1.96156e-06
-1.79333e-07
1.97173e-06
-2.55473e-07
1.97503e-06
-3.30465e-07
1.97049e-06
-4.02846e-07
1.95795e-06
-4.71396e-07
1.93805e-06
-5.35249e-07
1.91215e-06
-5.93899e-07
1.88188e-06
-6.47129e-07
1.84889e-06
-6.94906e-07
1.81455e-06
-7.37284e-07
1.77991e-06
-7.74347e-07
1.7457e-06
-8.06189e-07
1.71241e-06
-8.32916e-07
1.6804e-06
-8.54643e-07
1.64999e-06
-8.71498e-07
1.62147e-06
-8.83605e-07
1.59515e-06
-8.91063e-07
1.57129e-06
-8.93911e-07
1.55011e-06
-8.92089e-07
1.53172e-06
-8.85406e-07
1.51607e-06
-8.7353e-07
1.50295e-06
-8.56029e-07
1.49201e-06
-8.32449e-07
1.48275e-06
-8.02411e-07
1.47458e-06
-7.65678e-07
1.46681e-06
-7.2221e-07
1.45866e-06
-6.72196e-07
1.44925e-06
-6.16083e-07
1.43771e-06
-5.54614e-07
1.42322e-06
-4.88857e-07
1.40514e-06
-4.20188e-07
1.38308e-06
-3.5024e-07
1.35697e-06
-2.80788e-07
1.32704e-06
-2.13605e-07
1.29382e-06
-1.50308e-07
1.25804e-06
-9.22362e-08
1.22058e-06
-4.03976e-08
1.1824e-06
4.57047e-09
1.14444e-06
4.24182e-08
1.10752e-06
7.33181e-08
1.07225e-06
9.77577e-08
1.03911e-06
1.16392e-07
1.00844e-06
1.29951e-07
9.8045e-07
1.39193e-07
9.55232e-07
1.44859e-07
9.32802e-07
1.47639e-07
9.13105e-07
1.48156e-07
8.96037e-07
1.46956e-07
8.81469e-07
1.445e-07
8.69254e-07
1.41175e-07
8.59238e-07
1.37291e-07
8.51271e-07
1.33093e-07
8.45208e-07
1.28768e-07
8.40913e-07
1.24444e-07
8.38261e-07
1.20205e-07
8.3714e-07
1.16092e-07
8.3745e-07
1.12111e-07
8.39105e-07
1.08235e-07
8.42028e-07
1.04414e-07
8.46147e-07
1.00571e-07
8.51388e-07
9.6606e-08
8.57671e-07
9.23994e-08
8.64899e-07
8.7814e-08
8.72959e-07
8.27024e-08
8.81724e-07
7.69151e-08
8.91054e-07
7.03096e-08
9.008e-07
6.27604e-08
9.10807e-07
5.41659e-08
9.20914e-07
4.44559e-08
9.30953e-07
3.35939e-08
9.40753e-07
2.15789e-08
9.50132e-07
8.44647e-09
9.58907e-07
-5.72796e-09
9.66891e-07
-2.08293e-08
9.73898e-07
-3.6711e-08
9.79754e-07
-5.32032e-08
9.84292e-07
-7.01211e-08
9.87366e-07
-8.72814e-08
9.88856e-07
-1.04522e-07
9.88664e-07
-1.2172e-07
9.86706e-07
-1.38798e-07
9.82898e-07
-1.55718e-07
9.77147e-07
-1.72464e-07
9.69375e-07
-1.89041e-07
9.59574e-07
-2.0552e-07
9.47891e-07
-2.22172e-07
9.34685e-07
-2.3964e-07
9.20487e-07
-2.5899e-07
9.05805e-07
-2.81417e-07
8.90814e-07
-3.07544e-07
8.75108e-07
-3.36661e-07
8.57773e-07
-3.6663e-07
8.37916e-07
-3.95016e-07
8.15484e-07
-4.21147e-07
7.91905e-07
-4.47754e-07
7.70004e-07
-4.80561e-07
7.53021e-07
-5.25338e-07
7.43159e-07
-5.83953e-07
7.40636e-07
-6.52366e-07
7.43857e-07
-7.22218e-07
7.50389e-07
-7.84572e-07
7.57988e-07
-8.33017e-07
7.65154e-07
-8.64643e-07
7.71189e-07
-8.79307e-07
7.7597e-07
-8.78309e-07
7.79664e-07
-8.63348e-07
7.82515e-07
-8.36033e-07
7.84757e-07
-7.97819e-07
7.86595e-07
-7.50113e-07
7.88222e-07
-6.94317e-07
7.89829e-07
-6.3181e-07
7.91601e-07
-5.63869e-07
7.93704e-07
-4.91628e-07
7.9628e-07
-4.16068e-07
7.99444e-07
-3.38029e-07
8.03283e-07
-2.58226e-07
8.07859e-07
-1.77287e-07
8.13217e-07
-9.58518e-08
8.19384e-07
-1.46558e-08
8.26357e-07
6.54606e-08
8.34107e-07
1.44147e-07
8.42547e-07
2.20974e-07
8.51557e-07
2.9525e-07
8.60985e-07
3.66173e-07
8.70644e-07
4.32831e-07
8.80319e-07
4.94232e-07
8.89784e-07
5.49384e-07
8.98832e-07
5.97404e-07
9.07296e-07
6.37624e-07
9.15077e-07
6.69687e-07
9.22149e-07
6.93582e-07
9.28559e-07
7.09635e-07
9.34412e-07
7.18438e-07
9.3985e-07
7.20765e-07
9.45027e-07
7.17468e-07
9.50089e-07
7.09389e-07
9.55156e-07
6.97301e-07
9.60314e-07
6.81864e-07
9.6561e-07
6.63623e-07
9.71056e-07
6.43009e-07
9.76635e-07
6.20363e-07
9.82306e-07
5.95967e-07
9.88017e-07
5.7004e-07
5.42823e-07
9.93726e-07
1.48186e-06
-4.54255e-08
1.48093e-06
-5.67237e-08
1.47749e-06
-6.93844e-08
1.47064e-06
-8.30734e-08
1.45966e-06
-9.67917e-08
1.44431e-06
-1.08951e-07
1.42497e-06
-1.17636e-07
1.40257e-06
-1.20978e-07
1.37851e-06
-1.17442e-07
1.35449e-06
-1.06011e-07
1.33232e-06
-8.63081e-08
1.31375e-06
-5.86501e-08
1.30021e-06
-2.39722e-08
1.29281e-06
1.633e-08
1.29227e-06
6.05396e-08
1.29897e-06
1.06751e-07
1.31284e-06
1.531e-07
1.33323e-06
1.97752e-07
1.35931e-06
2.38883e-07
1.39076e-06
2.74941e-07
1.4279e-06
3.04971e-07
1.47091e-06
3.28585e-07
1.519e-06
3.45546e-07
1.57019e-06
3.55415e-07
1.62199e-06
3.57537e-07
1.67212e-06
3.51282e-07
1.71901e-06
3.36303e-07
1.76192e-06
3.1263e-07
1.80071e-06
2.80634e-07
1.8356e-06
2.40912e-07
1.8669e-06
1.94187e-07
1.8948e-06
1.41232e-07
1.91932e-06
8.28955e-08
1.94009e-06
2.01823e-08
1.95638e-06
-4.6017e-08
1.96747e-06
-1.14676e-07
1.97265e-06
-1.8451e-07
1.97144e-06
-2.54263e-07
1.96375e-06
-3.22777e-07
1.94996e-06
-3.89053e-07
1.93085e-06
-4.52289e-07
1.90748e-06
-5.11877e-07
1.88095e-06
-5.67376e-07
1.8523e-06
-6.18472e-07
1.82234e-06
-6.64946e-07
1.79171e-06
-7.06661e-07
1.76092e-06
-7.43556e-07
1.73037e-06
-7.75639e-07
1.70043e-06
-8.0298e-07
1.67149e-06
-8.25694e-07
1.64391e-06
-8.43919e-07
1.61809e-06
-8.57789e-07
1.59442e-06
-8.67392e-07
1.57323e-06
-8.72721e-07
1.55477e-06
-8.73626e-07
1.53915e-06
-8.69787e-07
1.52635e-06
-8.60728e-07
1.5162e-06
-8.45883e-07
1.50843e-06
-8.24679e-07
1.50263e-06
-7.96614e-07
1.49825e-06
-7.61293e-07
1.4945e-06
-7.18465e-07
1.4904e-06
-6.68091e-07
1.48476e-06
-6.10445e-07
1.47637e-06
-5.46221e-07
1.4641e-06
-4.76595e-07
1.44712e-06
-4.03203e-07
1.42492e-06
-3.28045e-07
1.39746e-06
-2.53326e-07
1.3651e-06
-1.81243e-07
1.32855e-06
-1.13761e-07
1.2888e-06
-5.24868e-08
1.24703e-06
1.37536e-09
1.20451e-06
4.70925e-08
1.16237e-06
8.45539e-08
1.12155e-06
1.14145e-07
1.08276e-06
1.36544e-07
1.04656e-06
1.52587e-07
1.01332e-06
1.63191e-07
9.83238e-07
1.6928e-07
9.5637e-07
1.71727e-07
9.32684e-07
1.71325e-07
9.1207e-07
1.6877e-07
8.94373e-07
1.64653e-07
8.79409e-07
1.59464e-07
8.66984e-07
1.536e-07
8.56901e-07
1.47373e-07
8.48973e-07
1.41022e-07
8.43022e-07
1.34718e-07
8.38886e-07
1.2858e-07
8.36416e-07
1.22675e-07
8.3548e-07
1.17029e-07
8.35958e-07
1.11633e-07
8.37745e-07
1.06448e-07
8.40748e-07
1.01411e-07
8.44881e-07
9.64375e-08
8.50064e-07
9.14234e-08
8.56212e-07
8.62508e-08
8.63236e-07
8.07901e-08
8.71034e-07
7.49046e-08
8.79491e-07
6.84577e-08
8.88482e-07
6.13194e-08
8.97867e-07
5.33749e-08
9.07501e-07
4.4532e-08
9.17229e-07
3.47277e-08
9.26892e-07
2.3931e-08
9.36327e-07
1.2144e-08
9.45367e-07
-5.93277e-10
9.53839e-07
-1.42e-08
9.61567e-07
-2.85578e-08
9.68376e-07
-4.35199e-08
9.74092e-07
-5.89194e-08
9.78552e-07
-7.45805e-08
9.81605e-07
-9.03349e-08
9.83119e-07
-1.06036e-07
9.82966e-07
-1.21567e-07
9.81017e-07
-1.36849e-07
9.77136e-07
-1.51836e-07
9.71192e-07
-1.6652e-07
9.63109e-07
-1.80958e-07
9.52926e-07
-1.95337e-07
9.40859e-07
-2.10105e-07
9.27303e-07
-2.26084e-07
9.12721e-07
-2.44408e-07
8.97402e-07
-2.66099e-07
8.81183e-07
-2.91324e-07
8.63318e-07
-3.18796e-07
8.42736e-07
-3.46048e-07
8.18709e-07
-3.70989e-07
7.91682e-07
-3.9412e-07
7.63741e-07
-4.19813e-07
7.3824e-07
-4.5506e-07
7.18529e-07
-5.05628e-07
7.06469e-07
-5.71892e-07
7.01731e-07
-6.47629e-07
7.02298e-07
-7.22786e-07
7.05608e-07
-7.87882e-07
7.09528e-07
-8.36936e-07
7.12776e-07
-8.67891e-07
7.14869e-07
-8.814e-07
7.15845e-07
-8.79285e-07
7.15965e-07
-8.63469e-07
7.1552e-07
-8.35587e-07
7.14753e-07
-7.97052e-07
7.13866e-07
-7.49226e-07
7.13045e-07
-6.93496e-07
7.12472e-07
-6.31236e-07
7.1232e-07
-5.63718e-07
7.12746e-07
-4.92054e-07
7.13877e-07
-4.17199e-07
7.15819e-07
-3.39971e-07
7.18657e-07
-2.61063e-07
7.22455e-07
-1.81085e-07
7.27262e-07
-1.00659e-07
7.33107e-07
-2.05007e-08
7.39989e-07
5.85781e-08
7.47894e-07
1.36242e-07
7.56754e-07
2.12114e-07
7.66474e-07
2.8553e-07
7.76929e-07
3.55718e-07
7.87959e-07
4.21801e-07
7.99366e-07
4.82824e-07
8.10932e-07
5.37819e-07
8.22432e-07
5.85905e-07
8.33659e-07
6.26397e-07
8.44453e-07
6.58892e-07
8.54713e-07
6.83322e-07
8.64404e-07
6.99944e-07
8.73551e-07
7.0929e-07
8.82228e-07
7.12089e-07
8.90533e-07
7.09162e-07
8.98575e-07
7.01347e-07
9.06453e-07
6.89423e-07
9.14246e-07
6.74071e-07
9.22005e-07
6.55864e-07
9.29752e-07
6.35261e-07
9.37485e-07
6.1263e-07
9.45181e-07
5.88271e-07
9.52798e-07
5.62423e-07
5.35308e-07
9.60314e-07
1.47466e-06
-4.52959e-08
1.47291e-06
-5.49816e-08
1.46897e-06
-6.54436e-08
1.46222e-06
-7.63228e-08
1.45221e-06
-8.6775e-08
1.43881e-06
-9.55586e-08
1.42239e-06
-1.01208e-07
1.4037e-06
-1.02289e-07
1.38387e-06
-9.76187e-08
1.36428e-06
-8.64174e-08
1.34638e-06
-6.8406e-08
1.33157e-06
-4.38372e-08
1.32105e-06
-1.34543e-08
1.31576e-06
2.16178e-08
1.31633e-06
5.99661e-08
1.32309e-06
9.99984e-08
1.33607e-06
1.40115e-07
1.35503e-06
1.78797e-07
1.3793e-06
2.14615e-07
1.40802e-06
2.4622e-07
1.44052e-06
2.72463e-07
1.47656e-06
2.9255e-07
1.51603e-06
3.06076e-07
1.55858e-06
3.12863e-07
1.60335e-06
3.1277e-07
1.64902e-06
3.05609e-07
1.69413e-06
2.91189e-07
1.73736e-06
2.69409e-07
1.77764e-06
2.40348e-07
1.81426e-06
2.04294e-07
1.84672e-06
1.61729e-07
1.87465e-06
1.13302e-07
1.8977e-06
5.98421e-08
1.91558e-06
2.29913e-09
1.92805e-06
-5.84807e-08
1.93488e-06
-1.21504e-07
1.93604e-06
-1.85679e-07
1.93178e-06
-2.49997e-07
1.92252e-06
-3.13519e-07
1.90888e-06
-3.7541e-07
1.89153e-06
-4.34945e-07
1.87117e-06
-4.9151e-07
1.84839e-06
-5.44603e-07
1.82376e-06
-5.93834e-07
1.79773e-06
-6.38922e-07
1.77077e-06
-6.79694e-07
1.74329e-06
-7.16076e-07
1.71573e-06
-7.48079e-07
1.68853e-06
-7.7578e-07
1.66214e-06
-7.99307e-07
1.63702e-06
-8.18803e-07
1.61363e-06
-8.34398e-07
1.59239e-06
-8.46147e-07
1.57364e-06
-8.53977e-07
1.55766e-06
-8.57646e-07
1.54462e-06
-8.5674e-07
1.53459e-06
-8.50704e-07
1.52761e-06
-8.38904e-07
1.52361e-06
-8.20673e-07
1.52231e-06
-7.95317e-07
1.52313e-06
-7.62106e-07
1.52501e-06
-7.20353e-07
1.52653e-06
-6.69609e-07
1.52599e-06
-6.09903e-07
1.52169e-06
-5.41926e-07
1.51219e-06
-4.67089e-07
1.49643e-06
-3.87441e-07
1.47388e-06
-3.05498e-07
1.44458e-06
-2.24027e-07
1.40908e-06
-1.45745e-07
1.36836e-06
-7.30362e-08
1.32371e-06
-7.84242e-09
1.27675e-06
4.83435e-08
1.229e-06
9.48411e-08
1.1818e-06
1.31748e-07
1.13629e-06
1.5966e-07
1.09334e-06
1.79492e-07
1.05358e-06
1.92345e-07
1.01739e-06
1.9938e-07
9.84946e-07
2.01727e-07
9.56253e-07
2.00419e-07
9.31212e-07
1.96366e-07
9.09643e-07
1.9034e-07
8.91318e-07
1.82977e-07
8.7599e-07
1.74792e-07
8.63406e-07
1.66184e-07
8.53319e-07
1.5746e-07
8.45498e-07
1.48843e-07
8.39728e-07
1.40488e-07
8.35818e-07
1.32491e-07
8.33592e-07
1.249e-07
8.32899e-07
1.17723e-07
8.336e-07
1.10932e-07
8.35574e-07
1.04474e-07
8.38713e-07
9.8272e-08
8.4292e-07
9.22305e-08
8.48104e-07
8.62395e-08
8.54177e-07
8.01783e-08
8.61048e-07
7.39188e-08
8.68623e-07
6.733e-08
8.76797e-07
6.02834e-08
8.85457e-07
5.26587e-08
8.94481e-07
4.43512e-08
9.03735e-07
3.5278e-08
9.1308e-07
2.53834e-08
9.2237e-07
1.46405e-08
9.31458e-07
3.05611e-09
9.40187e-07
-9.3229e-09
9.48396e-07
-2.24089e-08
9.55919e-07
-3.608e-08
9.62586e-07
-5.01876e-08
9.68234e-07
-6.45668e-08
9.72701e-07
-7.90473e-08
9.7583e-07
-9.34648e-08
9.77464e-07
-1.0767e-07
9.77433e-07
-1.21536e-07
9.75557e-07
-1.34972e-07
9.71661e-07
-1.4794e-07
9.65614e-07
-1.60474e-07
9.57377e-07
-1.72721e-07
9.4705e-07
-1.85009e-07
9.34884e-07
-1.97939e-07
9.21228e-07
-2.12428e-07
9.06363e-07
-2.29543e-07
8.90266e-07
-2.50002e-07
8.72407e-07
-2.73466e-07
8.51779e-07
-2.98168e-07
8.27303e-07
-3.21572e-07
7.98578e-07
-3.42264e-07
7.66648e-07
-3.6219e-07
7.34254e-07
-3.87419e-07
7.05162e-07
-4.25969e-07
6.82684e-07
-4.8315e-07
6.68246e-07
-5.57454e-07
6.60996e-07
-6.40379e-07
6.58603e-07
-7.20393e-07
6.58473e-07
-7.87752e-07
6.58622e-07
-8.37086e-07
6.57968e-07
-8.67237e-07
6.56201e-07
-8.79633e-07
6.53478e-07
-8.76562e-07
6.50131e-07
-8.60122e-07
6.46483e-07
-8.31939e-07
6.42788e-07
-7.93357e-07
6.39245e-07
-7.45683e-07
6.3603e-07
-6.90282e-07
6.3332e-07
-6.28526e-07
6.31277e-07
-5.61675e-07
6.30044e-07
-4.90821e-07
6.29738e-07
-4.16893e-07
6.30454e-07
-3.40687e-07
6.32275e-07
-2.62883e-07
6.35267e-07
-1.84077e-07
6.39481e-07
-1.04873e-07
6.44948e-07
-2.59676e-08
6.51667e-07
5.18591e-08
6.59639e-07
1.2827e-07
6.68821e-07
2.02931e-07
6.79144e-07
2.75207e-07
6.90507e-07
3.44355e-07
7.02776e-07
4.09532e-07
7.15776e-07
4.69825e-07
7.29294e-07
5.243e-07
7.43097e-07
5.72101e-07
7.56952e-07
6.12542e-07
7.70647e-07
6.45197e-07
7.84016e-07
6.69954e-07
7.96947e-07
6.87012e-07
8.09391e-07
6.96847e-07
8.21348e-07
7.00132e-07
8.32859e-07
6.97652e-07
8.43987e-07
6.9022e-07
8.54801e-07
6.78608e-07
8.65365e-07
6.63507e-07
8.75727e-07
6.45502e-07
8.85915e-07
6.25074e-07
8.95935e-07
6.0261e-07
9.05778e-07
5.78428e-07
9.15415e-07
5.52786e-07
5.25882e-07
9.24841e-07
1.46867e-06
-4.45398e-08
1.46643e-06
-5.27484e-08
1.4623e-06
-6.13112e-08
1.45586e-06
-6.98785e-08
1.44682e-06
-7.77395e-08
1.43518e-06
-8.39121e-08
1.42123e-06
-8.72657e-08
1.40564e-06
-8.66965e-08
1.38931e-06
-8.12941e-08
1.37336e-06
-7.04652e-08
1.35896e-06
-5.40069e-08
1.34726e-06
-3.21304e-08
1.33924e-06
-5.43762e-09
1.33571e-06
2.51496e-08
1.33721e-06
5.84614e-08
1.34403e-06
9.3177e-08
1.35622e-06
1.27931e-07
1.37361e-06
1.61402e-07
1.39585e-06
1.92374e-07
1.42232e-06
2.1975e-07
1.45223e-06
2.42552e-07
1.48482e-06
2.59963e-07
1.51951e-06
2.71388e-07
1.5559e-06
2.76477e-07
1.59359e-06
2.75076e-07
1.63206e-06
2.67144e-07
1.67055e-06
2.5269e-07
1.7082e-06
2.31767e-07
1.74405e-06
2.04497e-07
1.77723e-06
1.71112e-07
1.80698e-06
1.31977e-07
1.83267e-06
8.76107e-08
1.85385e-06
3.86651e-08
1.87029e-06
-1.41467e-08
1.8819e-06
-7.0086e-08
1.88862e-06
-1.28223e-07
1.89057e-06
-1.87626e-07
1.88799e-06
-2.47417e-07
1.88121e-06
-3.06747e-07
1.87064e-06
-3.64835e-07
1.85668e-06
-4.20984e-07
1.83976e-06
-4.7459e-07
1.82031e-06
-5.25161e-07
1.79879e-06
-5.72314e-07
1.77565e-06
-6.15782e-07
1.75136e-06
-6.554e-07
1.72638e-06
-6.91102e-07
1.7012e-06
-7.229e-07
1.6763e-06
-7.50875e-07
1.65215e-06
-7.75158e-07
1.62924e-06
-7.95889e-07
1.60802e-06
-8.13177e-07
1.5889e-06
-8.27035e-07
1.57227e-06
-8.37344e-07
1.55846e-06
-8.43835e-07
1.54783e-06
-8.46109e-07
1.54077e-06
-8.43644e-07
1.53766e-06
-8.35795e-07
1.53871e-06
-8.21727e-07
1.54371e-06
-8.00309e-07
1.55173e-06
-7.70126e-07
1.56112e-06
-7.29749e-07
1.56971e-06
-6.78193e-07
1.57513e-06
-6.15324e-07
1.57524e-06
-5.42041e-07
1.56837e-06
-4.60221e-07
1.55344e-06
-3.72507e-07
1.52999e-06
-2.82044e-07
1.4982e-06
-1.92239e-07
1.45885e-06
-1.06398e-07
1.41317e-06
-2.73573e-08
1.36286e-06
4.24693e-08
1.30985e-06
1.01354e-07
1.25596e-06
1.48733e-07
1.20284e-06
1.84871e-07
1.15187e-06
2.10621e-07
1.10413e-06
2.2724e-07
1.0603e-06
2.36177e-07
1.02077e-06
2.38906e-07
9.85686e-07
2.36811e-07
9.54987e-07
2.31118e-07
9.28485e-07
2.22868e-07
9.05911e-07
2.12913e-07
8.86955e-07
2.01934e-07
8.71288e-07
1.90458e-07
8.58591e-07
1.78882e-07
8.48556e-07
1.67494e-07
8.40904e-07
1.56495e-07
8.3538e-07
1.46012e-07
8.31757e-07
1.36114e-07
8.29835e-07
1.26822e-07
8.29439e-07
1.18118e-07
8.30415e-07
1.09956e-07
8.32626e-07
1.02263e-07
8.35952e-07
9.49461e-08
8.40284e-07
8.78977e-08
8.45525e-07
8.09988e-08
8.51581e-07
7.41229e-08
8.58359e-07
6.71399e-08
8.65769e-07
5.99201e-08
8.73714e-07
5.23386e-08
8.82091e-07
4.42815e-08
8.90791e-07
3.56513e-08
8.99697e-07
2.63719e-08
9.08688e-07
1.63924e-08
9.17638e-07
5.69089e-09
9.26413e-07
-5.71852e-09
9.3487e-07
-1.77803e-08
9.42861e-07
-3.04005e-08
9.50235e-07
-4.3453e-08
9.56834e-07
-5.67867e-08
9.62501e-07
-7.0234e-08
9.67072e-07
-8.36185e-08
9.7037e-07
-9.67624e-08
9.72197e-07
-1.09497e-07
9.72342e-07
-1.21681e-07
9.70598e-07
-1.33228e-07
9.66793e-07
-1.44135e-07
9.60832e-07
-1.54513e-07
9.52726e-07
-1.64615e-07
9.426e-07
-1.74884e-07
9.30661e-07
-1.85999e-07
9.17088e-07
-1.98855e-07
9.01874e-07
-2.14329e-07
8.84635e-07
-2.32763e-07
8.64531e-07
-2.53361e-07
8.40428e-07
-2.74065e-07
8.11413e-07
-2.92557e-07
7.77554e-07
-3.08405e-07
7.40544e-07
-3.25179e-07
7.03717e-07
-3.50592e-07
6.71105e-07
-3.93356e-07
6.4583e-07
-4.57874e-07
6.28829e-07
-5.40452e-07
6.18795e-07
-6.30345e-07
6.13201e-07
-7.14799e-07
6.09505e-07
-7.84056e-07
6.05883e-07
-8.33464e-07
6.01413e-07
-8.62767e-07
5.95906e-07
-8.74126e-07
5.89602e-07
-8.70258e-07
5.82885e-07
-8.53405e-07
5.76111e-07
-8.25165e-07
5.69544e-07
-7.86791e-07
5.63383e-07
-7.39522e-07
5.57801e-07
-6.847e-07
5.52968e-07
-6.23693e-07
5.49041e-07
-5.57748e-07
5.46149e-07
-4.87929e-07
5.44394e-07
-4.15138e-07
5.43863e-07
-3.40156e-07
5.44638e-07
-2.63658e-07
5.46789e-07
-1.86229e-07
5.5037e-07
-1.08454e-07
5.55406e-07
-3.10041e-08
5.61899e-07
4.53657e-08
5.69868e-07
1.20302e-07
5.79297e-07
1.93503e-07
5.9014e-07
2.64364e-07
6.02324e-07
3.32171e-07
6.15735e-07
3.96121e-07
6.30216e-07
4.55344e-07
6.45564e-07
5.08952e-07
6.61541e-07
5.56124e-07
6.77892e-07
5.96191e-07
6.94365e-07
6.28724e-07
7.10737e-07
6.53582e-07
7.2683e-07
6.70919e-07
7.42523e-07
6.81154e-07
7.57746e-07
6.84908e-07
7.72481e-07
6.82917e-07
7.86742e-07
6.75959e-07
8.00564e-07
6.64787e-07
8.13987e-07
6.50084e-07
8.2705e-07
6.32439e-07
8.39779e-07
6.12345e-07
8.52188e-07
5.90201e-07
8.64277e-07
5.66339e-07
8.76028e-07
5.41035e-07
5.14457e-07
8.87453e-07
1.46375e-06
-4.33703e-08
1.46126e-06
-5.02545e-08
1.45714e-06
-5.71928e-08
1.45112e-06
-6.38623e-08
1.44305e-06
-6.96666e-08
1.43296e-06
-7.38226e-08
1.42115e-06
-7.54512e-08
1.40815e-06
-7.37012e-08
1.39473e-06
-6.78738e-08
1.38179e-06
-5.75193e-08
1.37027e-06
-4.24957e-08
1.36113e-06
-2.29873e-08
1.35518e-06
5.093e-10
1.3531e-06
2.72305e-08
1.35536e-06
5.62007e-08
1.36222e-06
8.63176e-08
1.37373e-06
1.16425e-07
1.38975e-06
1.45381e-07
1.41001e-06
1.72116e-07
1.43409e-06
1.95671e-07
1.46142e-06
2.15218e-07
1.49133e-06
2.30054e-07
1.5231e-06
2.39619e-07
1.55607e-06
2.43501e-07
1.5897e-06
2.41454e-07
1.62347e-06
2.33374e-07
1.65688e-06
2.19273e-07
1.6894e-06
1.99249e-07
1.72042e-06
1.73478e-07
1.74932e-06
1.4221e-07
1.77551e-06
1.05792e-07
1.79845e-06
6.46707e-08
1.81774e-06
1.93753e-08
1.83311e-06
-2.95226e-08
1.84438e-06
-8.13562e-08
1.85145e-06
-1.3529e-07
1.85434e-06
-1.90512e-07
1.85315e-06
-2.46233e-07
1.84809e-06
-3.01687e-07
1.83942e-06
-3.56163e-07
1.82746e-06
-4.09021e-07
1.81258e-06
-4.5971e-07
1.79519e-06
-5.07776e-07
1.77575e-06
-5.52865e-07
1.75469e-06
-5.94725e-07
1.73249e-06
-6.33199e-07
1.7096e-06
-6.68218e-07
1.6865e-06
-6.99799e-07
1.66365e-06
-7.28023e-07
1.64151e-06
-7.53016e-07
1.62053e-06
-7.74906e-07
1.60113e-06
-7.93778e-07
1.58373e-06
-8.09639e-07
1.5688e-06
-8.22416e-07
1.55694e-06
-8.31973e-07
1.54892e-06
-8.38087e-07
1.54563e-06
-8.40357e-07
1.54789e-06
-8.38051e-07
1.55603e-06
-8.29866e-07
1.56947e-06
-8.13753e-07
1.58648e-06
-7.87137e-07
1.60437e-06
-7.47641e-07
1.62007e-06
-6.93895e-07
1.63074e-06
-6.25985e-07
1.63411e-06
-5.45413e-07
1.62867e-06
-4.54785e-07
1.61357e-06
-3.57411e-07
1.58856e-06
-2.57026e-07
1.55394e-06
-1.57627e-07
1.51061e-06
-6.30629e-08
1.45987e-06
2.33799e-08
1.40372e-06
9.86222e-08
1.34432e-06
1.60749e-07
1.28387e-06
2.09188e-07
1.22439e-06
2.44354e-07
1.16756e-06
2.67449e-07
1.11463e-06
2.80168e-07
1.0664e-06
2.84401e-07
1.02329e-06
2.82016e-07
9.85396e-07
2.7471e-07
9.52576e-07
2.63938e-07
9.24554e-07
2.5089e-07
9.0096e-07
2.36508e-07
8.81385e-07
2.21509e-07
8.65416e-07
2.06427e-07
8.52654e-07
1.91644e-07
8.42729e-07
1.77419e-07
8.35305e-07
1.63919e-07
8.30086e-07
1.51232e-07
8.26808e-07
1.39392e-07
8.25244e-07
1.28386e-07
8.25195e-07
1.18167e-07
8.2649e-07
1.08661e-07
8.2898e-07
9.97735e-08
8.32533e-07
9.13931e-08
8.37033e-07
8.33977e-08
8.42375e-07
7.5657e-08
8.48461e-07
6.80365e-08
8.552e-07
6.04011e-08
8.62501e-07
5.2619e-08
8.70274e-07
4.4566e-08
8.78425e-07
3.61306e-08
8.86857e-07
2.72189e-08
8.95471e-07
1.7758e-08
9.04163e-07
7.70014e-09
9.12825e-07
-2.97059e-09
9.21338e-07
-1.42316e-08
9.29577e-07
-2.602e-08
9.37414e-07
-3.82368e-08
9.44711e-07
-5.07504e-08
9.51326e-07
-6.34017e-08
9.57101e-07
-7.60089e-08
9.61856e-07
-8.83734e-08
9.65385e-07
-1.00291e-07
9.67463e-07
-1.11575e-07
9.67869e-07
-1.22087e-07
9.66412e-07
-1.31771e-07
9.62959e-07
-1.40683e-07
9.57456e-07
-1.49009e-07
9.49917e-07
-1.57076e-07
9.40398e-07
-1.65365e-07
9.2893e-07
-1.74531e-07
9.15415e-07
-1.85341e-07
8.99503e-07
-1.98416e-07
8.80492e-07
-2.13752e-07
8.57361e-07
-2.3023e-07
8.29031e-07
-2.45736e-07
7.94921e-07
-2.58447e-07
7.55658e-07
-2.69142e-07
7.1357e-07
-2.83092e-07
6.72469e-07
-3.09491e-07
6.36477e-07
-3.57365e-07
6.08393e-07
-4.2979e-07
5.8865e-07
-5.2071e-07
5.75589e-07
-6.17284e-07
5.66612e-07
-7.05822e-07
5.59295e-07
-7.76739e-07
5.5197e-07
-8.26138e-07
5.43819e-07
-8.54616e-07
5.34717e-07
-8.65024e-07
5.24949e-07
-8.6049e-07
5.14944e-07
-8.434e-07
5.05092e-07
-8.15313e-07
4.95682e-07
-7.7738e-07
4.86914e-07
-7.30754e-07
4.78959e-07
-6.76744e-07
4.71986e-07
-6.1672e-07
4.66152e-07
-5.51914e-07
4.61573e-07
-4.83349e-07
4.58337e-07
-4.11902e-07
4.56523e-07
-3.38343e-07
4.56212e-07
-2.63346e-07
4.57479e-07
-1.87496e-07
4.6038e-07
-1.11354e-07
4.64939e-07
-3.55631e-08
4.71158e-07
3.91471e-08
4.79074e-07
1.12385e-07
4.887e-07
1.83877e-07
5.00014e-07
2.53049e-07
5.12963e-07
3.19222e-07
5.27452e-07
3.81632e-07
5.43337e-07
4.39459e-07
5.60421e-07
4.91868e-07
5.78464e-07
5.38082e-07
5.97189e-07
5.77465e-07
6.16315e-07
6.09599e-07
6.35569e-07
6.34327e-07
6.54716e-07
6.51771e-07
6.7357e-07
6.623e-07
6.91999e-07
6.66479e-07
7.09925e-07
6.64991e-07
7.27313e-07
6.58571e-07
7.44159e-07
6.47941e-07
7.60479e-07
6.33764e-07
7.76295e-07
6.16623e-07
7.91629e-07
5.97011e-07
8.06495e-07
5.75335e-07
8.209e-07
5.51933e-07
8.34834e-07
5.27101e-07
5.00966e-07
8.48324e-07
1.45979e-06
-4.19505e-08
1.4572e-06
-4.76652e-08
1.45323e-06
-5.3225e-08
1.44771e-06
-5.83411e-08
1.44056e-06
-6.25149e-08
1.43186e-06
-6.51185e-08
1.42187e-06
-6.54641e-08
1.41106e-06
-6.2894e-08
1.40006e-06
-5.68728e-08
1.38961e-06
-4.70629e-08
1.38048e-06
-3.33699e-08
1.37345e-06
-1.59596e-08
1.36921e-06
4.75001e-09
1.36832e-06
2.81219e-08
1.37118e-06
5.3337e-08
1.37803e-06
7.94682e-08
1.38892e-06
1.05533e-07
1.40375e-06
1.30552e-07
1.42228e-06
1.53592e-07
1.44415e-06
1.73803e-07
1.46892e-06
1.90443e-07
1.49608e-06
2.02893e-07
1.52504e-06
2.10657e-07
1.55519e-06
2.13356e-07
1.58591e-06
2.10733e-07
1.61664e-06
2.02645e-07
1.64685e-06
1.8906e-07
1.67606e-06
1.70046e-07
1.70377e-06
1.45762e-07
1.72954e-06
1.16446e-07
1.7529e-06
8.24225e-08
1.77348e-06
4.41002e-08
1.7909e-06
1.95529e-09
1.80489e-06
-4.35179e-08
1.81524e-06
-9.17031e-08
1.82182e-06
-1.41871e-07
1.82462e-06
-1.93311e-07
1.82371e-06
-2.4532e-07
1.81923e-06
-2.97216e-07
1.81143e-06
-3.48363e-07
1.8006e-06
-3.98184e-07
1.78707e-06
-4.46179e-07
1.77122e-06
-4.9193e-07
1.75346e-06
-5.35107e-07
1.73421e-06
-5.75468e-07
1.71387e-06
-6.12865e-07
1.69289e-06
-6.47232e-07
1.67167e-06
-6.78587e-07
1.65066e-06
-7.07005e-07
1.63023e-06
-7.32594e-07
1.61079e-06
-7.55469e-07
1.59275e-06
-7.75735e-07
1.57663e-06
-7.93514e-07
1.56319e-06
-8.08975e-07
1.55353e-06
-8.22315e-07
1.54903e-06
-8.33586e-07
1.55109e-06
-8.42421e-07
1.56071e-06
-8.47667e-07
1.57781e-06
-8.46968e-07
1.60076e-06
-8.36704e-07
1.62643e-06
-8.12805e-07
1.65097e-06
-7.72176e-07
1.6708e-06
-7.13729e-07
1.68328e-06
-6.38464e-07
1.68678e-06
-5.48918e-07
1.6805e-06
-4.48503e-07
1.66408e-06
-3.40992e-07
1.63745e-06
-2.3039e-07
1.60084e-06
-1.21016e-07
1.55475e-06
-1.69797e-08
1.50038e-06
7.77556e-08
1.43965e-06
1.59348e-07
1.37492e-06
2.25484e-07
1.30872e-06
2.75386e-07
1.24346e-06
3.09609e-07
1.18116e-06
3.29751e-07
1.12331e-06
3.38021e-07
1.07086e-06
3.36853e-07
1.02428e-06
3.28596e-07
9.83654e-07
3.15334e-07
9.48794e-07
2.98797e-07
9.1933e-07
2.80354e-07
8.94794e-07
2.61043e-07
8.74682e-07
2.41621e-07
8.58489e-07
2.2262e-07
8.4574e-07
2.04394e-07
8.35996e-07
1.87163e-07
8.28869e-07
1.71046e-07
8.24016e-07
1.56085e-07
8.21138e-07
1.42269e-07
8.1998e-07
1.29544e-07
8.20322e-07
1.17825e-07
8.21976e-07
1.07008e-07
8.24779e-07
9.69704e-08
8.28591e-07
8.75811e-08
8.33289e-07
7.86998e-08
8.38763e-07
7.01828e-08
8.44914e-07
6.18853e-08
8.5165e-07
5.3665e-08
8.58884e-07
4.53855e-08
8.6653e-07
3.69203e-08
8.74503e-07
2.81573e-08
8.8272e-07
1.9002e-08
8.91096e-07
9.3819e-09
8.99544e-07
-7.48115e-10
9.07972e-07
-1.13983e-08
9.16281e-07
-2.25401e-08
9.24367e-07
-3.41063e-08
9.32122e-07
-4.5992e-08
9.39427e-07
-5.80551e-08
9.46142e-07
-7.01174e-08
9.52103e-07
-8.19698e-08
9.57115e-07
-9.33853e-08
9.60966e-07
-1.04141e-07
9.63443e-07
-1.14053e-07
9.64361e-07
-1.23005e-07
9.63571e-07
-1.30981e-07
9.60965e-07
-1.38077e-07
9.56455e-07
-1.445e-07
9.49948e-07
-1.50568e-07
9.41296e-07
-1.56713e-07
9.30249e-07
-1.63484e-07
9.16387e-07
-1.71479e-07
8.99066e-07
-1.81096e-07
8.77405e-07
-1.92091e-07
8.50386e-07
-2.03211e-07
8.1716e-07
-2.1251e-07
7.77596e-07
-2.18883e-07
7.32905e-07
-2.24451e-07
6.85976e-07
-2.36163e-07
6.40928e-07
-2.64443e-07
6.01786e-07
-3.18223e-07
5.70909e-07
-3.98913e-07
5.48254e-07
-4.98055e-07
5.31942e-07
-6.00971e-07
5.19438e-07
-6.93318e-07
5.08497e-07
-7.65798e-07
4.97576e-07
-8.15217e-07
4.85905e-07
-8.42945e-07
4.73363e-07
-8.52482e-07
4.60247e-07
-8.47374e-07
4.47016e-07
-8.30169e-07
4.34107e-07
-8.02405e-07
4.21846e-07
-7.65119e-07
4.10453e-07
-7.19361e-07
4.00096e-07
-6.66387e-07
3.90942e-07
-6.07567e-07
3.83142e-07
-5.44114e-07
3.76811e-07
-4.77019e-07
3.72035e-07
-4.07125e-07
3.68886e-07
-3.35194e-07
3.67439e-07
-2.61899e-07
3.67774e-07
-1.87832e-07
3.69951e-07
-1.13531e-07
3.73995e-07
-3.96069e-08
3.79908e-07
3.32339e-08
3.87748e-07
1.04546e-07
3.97551e-07
1.74073e-07
4.09318e-07
2.41282e-07
4.23011e-07
3.05529e-07
4.38546e-07
3.66097e-07
4.55787e-07
4.22218e-07
4.74539e-07
4.73115e-07
4.94556e-07
5.18065e-07
5.15548e-07
5.56474e-07
5.37202e-07
5.87945e-07
5.59208e-07
6.12321e-07
5.81281e-07
6.29698e-07
6.03178e-07
6.40403e-07
6.24712e-07
6.44945e-07
6.4575e-07
6.43953e-07
6.66209e-07
6.38112e-07
6.86048e-07
6.28102e-07
7.05254e-07
6.14558e-07
7.23831e-07
5.98046e-07
7.41791e-07
5.79051e-07
7.59145e-07
5.57981e-07
7.75904e-07
5.35174e-07
7.92062e-07
5.10943e-07
4.85366e-07
8.07662e-07
1.45667e-06
-4.0402e-08
1.45411e-06
-4.50957e-08
1.45037e-06
-4.94936e-08
1.44538e-06
-5.33429e-08
1.43909e-06
-5.62279e-08
1.43161e-06
-5.76434e-08
1.4232e-06
-5.70489e-08
1.41424e-06
-5.39351e-08
1.40526e-06
-4.78933e-08
1.39687e-06
-3.86725e-08
1.38972e-06
-2.62161e-08
1.38443e-06
-1.06765e-08
1.38159e-06
7.58958e-09
1.38167e-06
2.80455e-08
1.38501e-06
5.00007e-08
1.3918e-06
7.26699e-08
1.40212e-06
9.52156e-08
1.41588e-06
1.16795e-07
1.43287e-06
1.36598e-07
1.4528e-06
1.53876e-07
1.47528e-06
1.67965e-07
1.49987e-06
1.78306e-07
1.52608e-06
1.84444e-07
1.5534e-06
1.86034e-07
1.5813e-06
1.82834e-07
1.60925e-06
1.74699e-07
1.63673e-06
1.6158e-07
1.66325e-06
1.43518e-07
1.68838e-06
1.20639e-07
1.71167e-06
9.31522e-08
1.73274e-06
6.13485e-08
1.75125e-06
2.55965e-08
1.76689e-06
-1.36875e-08
1.77943e-06
-5.60585e-08
1.78867e-06
-1.00942e-07
1.79451e-06
-1.47712e-07
1.79694e-06
-1.9574e-07
1.79602e-06
-2.44401e-07
1.79189e-06
-2.93087e-07
1.78475e-06
-3.41227e-07
1.77487e-06
-3.88299e-07
1.76253e-06
-4.33845e-07
1.74808e-06
-4.77479e-07
1.73187e-06
-5.18891e-07
1.71426e-06
-5.57858e-07
1.69563e-06
-5.94236e-07
1.67636e-06
-6.27962e-07
1.65681e-06
-6.5904e-07
1.63732e-06
-6.87519e-07
1.61822e-06
-7.13492e-07
1.59987e-06
-7.37112e-07
1.58277e-06
-7.58644e-07
1.56779e-06
-7.78531e-07
1.55622e-06
-7.97407e-07
1.54979e-06
-8.15881e-07
1.55034e-06
-8.34134e-07
1.55938e-06
-8.51462e-07
1.57739e-06
-8.6568e-07
1.60303e-06
-8.72606e-07
1.63287e-06
-8.66544e-07
1.66228e-06
-8.42218e-07
1.68695e-06
-7.96846e-07
1.70399e-06
-7.30764e-07
1.71211e-06
-6.46584e-07
1.71117e-06
-5.47983e-07
1.7015e-06
-4.38835e-07
1.68334e-06
-3.22826e-07
1.65657e-06
-2.03619e-07
1.62075e-06
-8.52034e-08
1.57549e-06
2.82826e-08
1.5213e-06
1.31949e-07
1.45965e-06
2.21e-07
1.39285e-06
2.92284e-07
1.32366e-06
3.44575e-07
1.25483e-06
3.78431e-07
1.18877e-06
3.95809e-07
1.1273e-06
3.99492e-07
1.07161e-06
3.92547e-07
1.0223e-06
3.77906e-07
9.79512e-07
3.58122e-07
9.43042e-07
3.35267e-07
9.12471e-07
3.10926e-07
8.87259e-07
2.86255e-07
8.66821e-07
2.62059e-07
8.50577e-07
2.38864e-07
8.3798e-07
2.16991e-07
8.28533e-07
1.9661e-07
8.21796e-07
1.77782e-07
8.17386e-07
1.60496e-07
8.14972e-07
1.44683e-07
8.14272e-07
1.30243e-07
8.15048e-07
1.17049e-07
8.17095e-07
1.0496e-07
8.20241e-07
9.38245e-08
8.24337e-07
8.34847e-08
8.29256e-07
7.37811e-08
8.34885e-07
6.45541e-08
8.41123e-07
5.56467e-08
8.47881e-07
4.69072e-08
8.55074e-07
3.81923e-08
8.62624e-07
2.93707e-08
8.70455e-07
2.03261e-08
8.78496e-07
1.0961e-08
8.86677e-07
1.20097e-09
8.94927e-07
-8.99778e-09
9.03171e-07
-1.96431e-08
9.11336e-07
-3.07046e-08
9.19341e-07
-4.21116e-08
9.27098e-07
-5.37487e-08
9.34497e-07
-6.54539e-08
9.41402e-07
-7.70223e-08
9.47651e-07
-8.82194e-08
9.53071e-07
-9.88045e-08
9.57487e-07
-1.08558e-07
9.60744e-07
-1.17309e-07
9.62693e-07
-1.24954e-07
9.63182e-07
-1.3147e-07
9.62023e-07
-1.36917e-07
9.58964e-07
-1.41441e-07
9.53666e-07
-1.45271e-07
9.45694e-07
-1.4874e-07
9.345e-07
-1.5229e-07
9.19421e-07
-1.564e-07
8.99673e-07
-1.61348e-07
8.74383e-07
-1.66801e-07
8.42715e-07
-1.71543e-07
8.0418e-07
-1.73974e-07
7.59135e-07
-1.73838e-07
7.09334e-07
-1.74651e-07
6.58089e-07
-1.84918e-07
6.09625e-07
-2.15978e-07
5.67669e-07
-2.76267e-07
5.3405e-07
-3.65294e-07
5.08318e-07
-4.72324e-07
4.88536e-07
-5.81189e-07
4.72373e-07
-6.77156e-07
4.57812e-07
-7.51237e-07
4.43412e-07
-8.00817e-07
4.28389e-07
-8.27922e-07
4.12567e-07
-8.36661e-07
3.96217e-07
-8.31024e-07
3.79813e-07
-8.13765e-07
3.6384e-07
-7.86431e-07
3.48682e-07
-7.49961e-07
3.34606e-07
-7.05285e-07
3.21793e-07
-6.53575e-07
3.10395e-07
-5.96169e-07
3.00545e-07
-5.34264e-07
2.92367e-07
-4.68841e-07
2.85961e-07
-4.00719e-07
2.81404e-07
-3.30638e-07
2.78763e-07
-2.59257e-07
2.78117e-07
-1.87186e-07
2.79535e-07
-1.14949e-07
2.83044e-07
-4.31159e-08
2.88645e-07
2.76328e-08
2.96413e-07
9.67778e-08
3.06407e-07
1.6408e-07
3.18638e-07
2.29051e-07
3.33078e-07
2.91089e-07
3.49653e-07
3.49523e-07
3.68224e-07
4.03647e-07
3.88595e-07
4.52744e-07
4.10512e-07
4.96148e-07
4.33668e-07
5.33317e-07
4.57728e-07
5.63885e-07
4.82348e-07
5.87702e-07
5.072e-07
6.04846e-07
5.31998e-07
6.15606e-07
5.56502e-07
6.2044e-07
5.80534e-07
6.19922e-07
6.03967e-07
6.14679e-07
6.26723e-07
6.05346e-07
6.48761e-07
5.9252e-07
6.70063e-07
5.76743e-07
6.90629e-07
5.58485e-07
7.10466e-07
5.38145e-07
7.29583e-07
5.16057e-07
7.47976e-07
4.9255e-07
4.6764e-07
7.65703e-07
1.4543e-06
-3.88143e-08
1.45183e-06
-4.26251e-08
1.44839e-06
-4.60497e-08
1.44392e-06
-4.88703e-08
1.43843e-06
-5.07414e-08
1.43204e-06
-5.12558e-08
1.42498e-06
-4.99873e-08
1.41759e-06
-4.65414e-08
1.4103e-06
-4.06068e-08
1.40363e-06
-3.2e-08
1.39811e-06
-2.06939e-08
1.39426e-06
-6.83032e-09
1.39257e-06
9.28333e-09
1.39342e-06
2.71902e-08
1.39712e-06
4.63055e-08
1.40383e-06
6.59603e-08
1.4136e-06
8.54382e-08
1.42639e-06
1.04013e-07
1.44201e-06
1.20979e-07
1.4602e-06
1.35679e-07
1.48064e-06
1.47526e-07
1.50293e-06
1.56013e-07
1.52665e-06
1.60724e-07
1.55135e-06
1.61338e-07
1.57656e-06
1.57625e-07
1.60181e-06
1.49446e-07
1.62665e-06
1.36744e-07
1.65062e-06
1.19545e-07
1.67331e-06
9.7951e-08
1.69432e-06
7.21429e-08
1.71329e-06
4.23767e-08
1.72991e-06
8.97381e-09
1.74394e-06
-2.77143e-08
1.75515e-06
-6.72703e-08
1.76338e-06
-1.09174e-07
1.76855e-06
-1.52883e-07
1.77065e-06
-1.97839e-07
1.76974e-06
-2.43485e-07
1.76593e-06
-2.89277e-07
1.7594e-06
-3.34698e-07
1.75038e-06
-3.79275e-07
1.73912e-06
-4.22587e-07
1.72592e-06
-4.64278e-07
1.71109e-06
-5.04062e-07
1.69496e-06
-5.41725e-07
1.67785e-06
-5.77125e-07
1.66006e-06
-6.10178e-07
1.64188e-06
-6.40853e-07
1.62354e-06
-6.69181e-07
1.60535e-06
-6.95303e-07
1.5878e-06
-7.19558e-07
1.57172e-06
-7.42571e-07
1.55849e-06
-7.65299e-07
1.54995e-06
-7.88862e-07
1.54809e-06
-8.14023e-07
1.55458e-06
-8.40631e-07
1.57022e-06
-8.67099e-07
1.59402e-06
-8.89479e-07
1.62253e-06
-9.01118e-07
1.65052e-06
-8.94526e-07
1.67296e-06
-8.64666e-07
1.68693e-06
-8.10812e-07
1.69188e-06
-7.35719e-07
1.6889e-06
-6.43602e-07
1.67957e-06
-5.38656e-07
1.66522e-06
-4.24477e-07
1.64641e-06
-3.04022e-07
1.62268e-06
-1.79891e-07
1.59257e-06
-5.50862e-08
1.55409e-06
6.676e-08
1.50646e-06
1.79578e-07
1.45017e-06
2.77296e-07
1.38703e-06
3.55423e-07
1.31979e-06
4.11815e-07
1.2515e-06
4.46718e-07
1.185e-06
4.62315e-07
1.12252e-06
4.61966e-07
1.06562e-06
4.49445e-07
1.01516e-06
4.2837e-07
9.71416e-07
4.01865e-07
9.34263e-07
3.7242e-07
9.03294e-07
3.41894e-07
8.7795e-07
3.116e-07
8.57605e-07
2.82404e-07
8.41633e-07
2.54837e-07
8.29438e-07
2.29186e-07
8.20481e-07
2.05567e-07
8.14283e-07
1.8398e-07
8.10431e-07
1.64348e-07
8.0857e-07
1.46545e-07
8.08397e-07
1.30416e-07
8.0966e-07
1.15787e-07
8.12142e-07
1.02478e-07
8.15663e-07
9.03031e-08
8.2007e-07
7.90777e-08
8.25231e-07
6.86198e-08
8.31034e-07
5.87517e-08
8.37378e-07
4.93022e-08
8.44177e-07
4.01085e-08
8.51351e-07
3.10185e-08
8.58828e-07
2.1893e-08
8.66545e-07
1.26093e-08
8.74443e-07
3.06361e-09
8.82466e-07
-6.82197e-09
8.90561e-07
-1.70936e-08
8.9868e-07
-2.77619e-08
9.06772e-07
-3.87966e-08
9.1478e-07
-5.01196e-08
9.22631e-07
-6.15996e-08
9.30231e-07
-7.30542e-08
9.37472e-07
-8.42627e-08
9.44239e-07
-9.49865e-08
9.50424e-07
-1.04989e-07
9.55916e-07
-1.14051e-07
9.60581e-07
-1.21974e-07
9.64221e-07
-1.28594e-07
9.66541e-07
-1.3379e-07
9.67128e-07
-1.37505e-07
9.6545e-07
-1.39763e-07
9.60879e-07
-1.407e-07
9.52724e-07
-1.40585e-07
9.40263e-07
-1.39829e-07
9.22767e-07
-1.38904e-07
8.99509e-07
-1.3809e-07
8.69796e-07
-1.37087e-07
8.33086e-07
-1.34834e-07
7.89281e-07
-1.30169e-07
7.39199e-07
-1.23756e-07
6.85032e-07
-1.20484e-07
6.3034e-07
-1.30226e-07
5.79226e-07
-1.64864e-07
5.3492e-07
-2.31961e-07
4.98657e-07
-3.29031e-07
4.69687e-07
-4.43354e-07
4.46195e-07
-5.57697e-07
4.26207e-07
-6.57167e-07
4.07994e-07
-7.33024e-07
3.90204e-07
-7.83027e-07
3.7198e-07
-8.09697e-07
3.53035e-07
-8.17716e-07
3.33569e-07
-8.11558e-07
3.14049e-07
-7.94245e-07
2.94998e-07
-7.6738e-07
2.76871e-07
-7.31834e-07
2.6001e-07
-6.88423e-07
2.44641e-07
-6.38206e-07
2.30904e-07
-5.82432e-07
2.18906e-07
-5.22266e-07
2.0877e-07
-4.58705e-07
2.00617e-07
-3.92566e-07
1.94553e-07
-3.24574e-07
1.90649e-07
-2.55353e-07
1.88979e-07
-1.85517e-07
1.89604e-07
-1.15574e-07
1.92588e-07
-4.61005e-08
1.9791e-07
2.23111e-08
2.05648e-07
8.90401e-08
2.15873e-07
1.53856e-07
2.28605e-07
2.16318e-07
2.43818e-07
2.75876e-07
2.61442e-07
3.31899e-07
2.8133e-07
3.83759e-07
3.0328e-07
4.30794e-07
3.27026e-07
4.72402e-07
3.52247e-07
5.08096e-07
3.78586e-07
5.37546e-07
4.05671e-07
5.60617e-07
4.33142e-07
5.77375e-07
4.60674e-07
5.88075e-07
4.87987e-07
5.93127e-07
5.14862e-07
5.93047e-07
5.41135e-07
5.88406e-07
5.66693e-07
5.79787e-07
5.91467e-07
5.67746e-07
6.1542e-07
5.52791e-07
6.38536e-07
5.35368e-07
6.60814e-07
5.15867e-07
6.8226e-07
4.94611e-07
7.02871e-07
4.71939e-07
4.47797e-07
7.22714e-07
1.4526e-06
-3.72521e-08
1.45028e-06
-4.03052e-08
1.44714e-06
-4.29191e-08
1.44318e-06
-4.49089e-08
1.43843e-06
-4.59879e-08
1.433e-06
-4.58277e-08
1.42711e-06
-4.40919e-08
1.42104e-06
-4.04746e-08
1.41517e-06
-3.47402e-08
1.40993e-06
-2.67572e-08
1.40576e-06
-1.65211e-08
1.40309e-06
-4.16479e-09
1.40233e-06
1.00446e-08
1.40381e-06
2.57152e-08
1.40776e-06
4.23484e-08
1.41435e-06
5.93725e-08
1.42362e-06
7.61725e-08
1.43551e-06
9.21207e-08
1.44988e-06
1.06603e-07
1.46652e-06
1.19043e-07
1.48513e-06
1.28919e-07
1.50536e-06
1.35776e-07
1.52685e-06
1.39237e-07
1.54918e-06
1.39003e-07
1.57195e-06
1.34858e-07
1.59473e-06
1.26664e-07
1.61712e-06
1.14361e-07
1.6387e-06
9.79598e-08
1.65911e-06
7.7545e-08
1.67798e-06
5.32713e-08
1.69499e-06
2.53608e-08
1.70988e-06
-5.91397e-09
1.72242e-06
-4.02506e-08
1.7324e-06
-7.72548e-08
1.7397e-06
-1.1647e-07
1.74424e-06
-1.57419e-07
1.746e-06
-1.99608e-07
1.74505e-06
-2.42536e-07
1.74149e-06
-2.85714e-07
1.73547e-06
-3.28674e-07
1.72718e-06
-3.70985e-07
1.71685e-06
-4.12263e-07
1.70475e-06
-4.52178e-07
1.69115e-06
-4.90459e-07
1.67631e-06
-5.2689e-07
1.66049e-06
-5.61306e-07
1.6439e-06
-5.93586e-07
1.62673e-06
-6.23685e-07
1.60925e-06
-6.51697e-07
1.59191e-06
-6.77964e-07
1.57553e-06
-7.0318e-07
1.5614e-06
-7.28434e-07
1.55121e-06
-7.55111e-07
1.54676e-06
-7.84415e-07
1.54938e-06
-8.16638e-07
1.55959e-06
-8.50839e-07
1.57661e-06
-8.84124e-07
1.59727e-06
-9.10135e-07
1.61606e-06
-9.19908e-07
1.62764e-06
-9.06112e-07
1.62953e-06
-8.66557e-07
1.62257e-06
-8.03854e-07
1.60945e-06
-7.22598e-07
1.59299e-06
-6.27137e-07
1.57527e-06
-5.20935e-07
1.55753e-06
-4.06741e-07
1.54021e-06
-2.86703e-07
1.52261e-06
-1.62283e-07
1.50258e-06
-3.50613e-08
1.47713e-06
9.22123e-08
1.44323e-06
2.13473e-07
1.39971e-06
3.20815e-07
1.34732e-06
4.07816e-07
1.28843e-06
4.7071e-07
1.22622e-06
5.08927e-07
1.16392e-06
5.24613e-07
1.10427e-06
5.21619e-07
1.04925e-06
5.04465e-07
1.00007e-06
4.77543e-07
9.57297e-07
4.44641e-07
9.20958e-07
4.08759e-07
8.90751e-07
3.72101e-07
8.66169e-07
3.36182e-07
8.46606e-07
3.01967e-07
8.31433e-07
2.7001e-07
8.20045e-07
2.40573e-07
8.11887e-07
2.13724e-07
8.06467e-07
1.894e-07
8.03355e-07
1.67459e-07
8.02185e-07
1.47715e-07
8.02645e-07
1.29955e-07
8.04475e-07
1.13957e-07
8.07455e-07
9.94983e-08
8.114e-07
8.63576e-08
8.16157e-07
7.43213e-08
8.21593e-07
6.31836e-08
8.27597e-07
5.27475e-08
8.34073e-07
4.28262e-08
8.40938e-07
3.32441e-08
8.48118e-07
2.38379e-08
8.55552e-07
1.44588e-08
8.63187e-07
4.97414e-09
8.70979e-07
-4.72822e-09
8.78891e-07
-1.47335e-08
8.86892e-07
-2.50952e-08
8.9496e-07
-3.58291e-08
9.03067e-07
-4.69035e-08
9.11179e-07
-5.82323e-08
9.19255e-07
-6.96756e-08
9.27251e-07
-8.105e-08
9.3513e-07
-9.2142e-08
9.42861e-07
-1.02717e-07
9.50385e-07
-1.12514e-07
9.57576e-07
-1.21241e-07
9.64181e-07
-1.2858e-07
9.69793e-07
-1.34206e-07
9.73843e-07
-1.3784e-07
9.75626e-07
-1.39288e-07
9.74357e-07
-1.38494e-07
9.69226e-07
-1.35569e-07
9.5946e-07
-1.30819e-07
9.44363e-07
-1.24732e-07
9.23329e-07
-1.1787e-07
8.95836e-07
-1.10596e-07
8.61454e-07
-1.02705e-07
8.19947e-07
-9.33265e-08
7.71555e-07
-8.17774e-08
7.17462e-07
-6.96632e-08
6.60164e-07
-6.31856e-08
6.03283e-07
-7.33447e-08
5.5056e-07
-1.12142e-07
5.04526e-07
-1.85927e-07
4.65783e-07
-2.90288e-07
4.33408e-07
-4.10979e-07
4.05913e-07
-5.30201e-07
3.81843e-07
-6.33097e-07
3.59853e-07
-7.11035e-07
3.38691e-07
-7.61865e-07
3.17379e-07
-7.88385e-07
2.95453e-07
-7.9579e-07
2.72991e-07
-7.89095e-07
2.50426e-07
-7.7168e-07
2.28306e-07
-7.4526e-07
2.07152e-07
-7.1068e-07
1.87386e-07
-6.68658e-07
1.69307e-07
-6.20126e-07
1.53081e-07
-5.66206e-07
1.38811e-07
-5.07996e-07
1.26589e-07
-4.46482e-07
1.16531e-07
-3.82508e-07
1.08777e-07
-3.16819e-07
1.03451e-07
-2.50027e-07
1.0074e-07
-1.82807e-07
1.00583e-07
-1.15417e-07
1.03128e-07
-4.86453e-08
1.08276e-07
1.71635e-08
1.16078e-07
8.12382e-08
1.26607e-07
1.43326e-07
1.39903e-07
2.03022e-07
1.55922e-07
2.59857e-07
1.74618e-07
3.13202e-07
1.9581e-07
3.62567e-07
2.19296e-07
4.07309e-07
2.44796e-07
4.46902e-07
2.71974e-07
4.80917e-07
3.00455e-07
5.09065e-07
3.29845e-07
5.31227e-07
3.59757e-07
5.47462e-07
3.89837e-07
5.57995e-07
4.19774e-07
5.6319e-07
4.49314e-07
5.63507e-07
4.78261e-07
5.59459e-07
5.06473e-07
5.51575e-07
5.33855e-07
5.40364e-07
5.60349e-07
5.26297e-07
5.85924e-07
5.09794e-07
6.10567e-07
4.91224e-07
6.34283e-07
4.70896e-07
6.57064e-07
4.49159e-07
4.25874e-07
6.78986e-07
1.45148e-06
-3.57607e-08
1.44934e-06
-3.81677e-08
1.44653e-06
-4.01104e-08
1.44306e-06
-4.14332e-08
1.43897e-06
-4.18992e-08
1.43438e-06
-4.12436e-08
1.42949e-06
-3.92007e-08
1.42455e-06
-3.55337e-08
1.41988e-06
-3.00654e-08
1.41582e-06
-2.27044e-08
1.41277e-06
-1.34634e-08
1.41107e-06
-2.4667e-09
1.41106e-06
1.00519e-08
1.41302e-06
2.37538e-08
1.41716e-06
3.82117e-08
1.4236e-06
5.2935e-08
1.43237e-06
6.73945e-08
1.44345e-06
8.10466e-08
1.4567e-06
9.33563e-08
1.47192e-06
1.03817e-07
1.48887e-06
1.11966e-07
1.50725e-06
1.17397e-07
1.52672e-06
1.19767e-07
1.54692e-06
1.18803e-07
1.56748e-06
1.14299e-07
1.58802e-06
1.06123e-07
1.60817e-06
9.42093e-08
1.62758e-06
7.85577e-08
1.64589e-06
5.92343e-08
1.66279e-06
3.63703e-08
1.678e-06
1.01538e-08
1.69127e-06
-1.91905e-08
1.70241e-06
-5.13882e-08
1.71123e-06
-8.6078e-08
1.71763e-06
-1.22864e-07
1.72153e-06
-1.61324e-07
1.72294e-06
-2.01017e-07
1.7219e-06
-2.41494e-07
1.7185e-06
-2.82314e-07
1.71288e-06
-3.23052e-07
1.70521e-06
-3.63315e-07
1.69569e-06
-4.02747e-07
1.68455e-06
-4.41035e-07
1.67199e-06
-4.77906e-07
1.65823e-06
-5.13125e-07
1.64342e-06
-5.46498e-07
1.62775e-06
-5.77913e-07
1.61148e-06
-6.07413e-07
1.59508e-06
-6.35302e-07
1.57935e-06
-6.62237e-07
1.56542e-06
-6.89246e-07
1.55461e-06
-7.17627e-07
1.54813e-06
-7.48632e-07
1.54649e-06
-7.82774e-07
1.54926e-06
-8.1941e-07
1.55531e-06
-8.56887e-07
1.56196e-06
-8.90771e-07
1.56396e-06
-9.12134e-07
1.55607e-06
-9.1202e-07
1.53735e-06
-8.8739e-07
1.51155e-06
-8.4076e-07
1.4838e-06
-7.761e-07
1.45758e-06
-6.96378e-07
1.43418e-06
-6.03742e-07
1.41368e-06
-5.00434e-07
1.39599e-06
-3.89047e-07
1.38125e-06
-2.71967e-07
1.36957e-06
-1.50604e-07
1.35981e-06
-2.52983e-08
1.34865e-06
1.03377e-07
1.33161e-06
2.3051e-07
1.30544e-06
3.46985e-07
1.26923e-06
4.44026e-07
1.22438e-06
5.15561e-07
1.17375e-06
5.59552e-07
1.1207e-06
5.77669e-07
1.06828e-06
5.74038e-07
1.01888e-06
5.53858e-07
9.74114e-07
5.22313e-07
9.34835e-07
4.8392e-07
9.01337e-07
4.42258e-07
8.73497e-07
3.9994e-07
8.50937e-07
3.58742e-07
8.33138e-07
3.19766e-07
8.19529e-07
2.83619e-07
8.09541e-07
2.50562e-07
8.02641e-07
2.20623e-07
7.98353e-07
1.93689e-07
7.96255e-07
1.69557e-07
7.95989e-07
1.47981e-07
7.97248e-07
1.28696e-07
7.99776e-07
1.1143e-07
8.03356e-07
9.59182e-08
8.07808e-07
8.19051e-08
8.12982e-07
6.91474e-08
8.18751e-07
5.74151e-08
8.25007e-07
4.64913e-08
8.3166e-07
3.61731e-08
8.38634e-07
2.62706e-08
8.45864e-07
1.66079e-08
8.53299e-07
7.02313e-09
8.60902e-07
-2.62857e-09
8.68644e-07
-1.24707e-08
8.76511e-07
-2.26001e-08
8.84497e-07
-3.30808e-08
8.92602e-07
-4.39343e-08
9.0083e-07
-5.51321e-08
9.09192e-07
-6.65943e-08
9.17712e-07
-7.81953e-08
9.2643e-07
-8.97681e-08
9.35384e-07
-1.01095e-07
9.44554e-07
-1.11888e-07
9.53802e-07
-1.21762e-07
9.62807e-07
-1.30246e-07
9.71046e-07
-1.36819e-07
9.77821e-07
-1.40981e-07
9.82313e-07
-1.42331e-07
9.83654e-07
-1.40629e-07
9.80998e-07
-1.35838e-07
9.73581e-07
-1.28151e-07
9.60754e-07
-1.17992e-07
9.42006e-07
-1.05985e-07
9.16953e-07
-9.28164e-08
8.85303e-07
-7.89466e-08
8.46855e-07
-6.42574e-08
8.01614e-07
-4.80851e-08
7.50071e-07
-3.02349e-08
6.93645e-07
-1.32368e-08
6.34978e-07
-4.51822e-09
5.77586e-07
-1.59529e-08
5.24614e-07
-5.91704e-08
4.77679e-07
-1.38991e-07
4.3672e-07
-2.49329e-07
4.00781e-07
-3.7504e-07
3.689e-07
-4.9832e-07
3.4034e-07
-6.04537e-07
3.14284e-07
-6.84978e-07
2.89636e-07
-7.37218e-07
2.65274e-07
-7.64023e-07
2.40478e-07
-7.70994e-07
2.15138e-07
-7.63756e-07
1.89618e-07
-7.4616e-07
1.64467e-07
-7.20109e-07
1.40259e-07
-6.86472e-07
1.17505e-07
-6.45904e-07
9.65701e-08
-5.99192e-07
7.76681e-08
-5.47304e-07
6.09398e-08
-4.91268e-07
4.64805e-08
-4.32023e-07
3.43964e-08
-3.70424e-07
2.4812e-08
-3.07235e-07
1.79375e-08
-2.43153e-07
1.38425e-08
-1.78712e-07
1.28242e-08
-1.14398e-07
1.4838e-08
-5.0659e-08
2.00627e-08
1.19388e-08
2.81887e-08
7.31122e-08
3.92178e-08
1.32297e-07
5.32196e-08
1.8902e-07
7.00922e-08
2.42984e-07
8.99028e-08
2.93392e-07
1.12373e-07
3.40097e-07
1.37341e-07
3.82341e-07
1.64507e-07
4.19737e-07
1.93521e-07
4.51903e-07
2.23992e-07
4.78594e-07
2.5551e-07
4.99709e-07
2.8767e-07
5.15302e-07
3.20094e-07
5.25571e-07
3.52448e-07
5.30836e-07
3.84452e-07
5.31503e-07
4.15883e-07
5.28028e-07
4.46574e-07
5.20884e-07
4.76407e-07
5.10532e-07
5.05302e-07
4.97401e-07
5.33215e-07
4.81881e-07
5.60121e-07
4.64318e-07
5.86017e-07
4.44999e-07
6.10893e-07
4.24283e-07
4.01935e-07
6.34832e-07
1.4509e-06
-3.43703e-08
1.44896e-06
-3.62297e-08
1.44647e-06
-3.762e-08
1.44345e-06
-3.84114e-08
1.43996e-06
-3.8409e-08
1.43611e-06
-3.73995e-08
1.43208e-06
-3.51735e-08
1.4281e-06
-3.1548e-08
1.42442e-06
-2.6391e-08
1.42136e-06
-1.96418e-08
1.41922e-06
-1.13256e-08
1.41832e-06
-1.55853e-09
1.41891e-06
9.45379e-09
1.42125e-06
2.14174e-08
1.4255e-06
3.3964e-08
1.43176e-06
4.66714e-08
1.44007e-06
5.90828e-08
1.45039e-06
7.07269e-08
1.46261e-06
8.11369e-08
1.47656e-06
8.98677e-08
1.49202e-06
9.65094e-08
1.50872e-06
1.00699e-07
1.52636e-06
1.02125e-07
1.54462e-06
1.00539e-07
1.56317e-06
9.57476e-08
1.58168e-06
8.76225e-08
1.59979e-06
7.60941e-08
1.6172e-06
6.11524e-08
1.63358e-06
4.2847e-08
1.64867e-06
2.12847e-08
1.6622e-06
-3.38056e-09
1.67398e-06
-3.09633e-08
1.6838e-06
-6.12077e-08
1.69151e-06
-9.37969e-08
1.69704e-06
-1.28385e-07
1.70031e-06
-1.64599e-07
1.70134e-06
-2.02043e-07
1.70016e-06
-2.40314e-07
1.69686e-06
-2.79012e-07
1.69155e-06
-3.17749e-07
1.6844e-06
-3.56161e-07
1.67556e-06
-3.93907e-07
1.6652e-06
-4.30675e-07
1.65347e-06
-4.6618e-07
1.64054e-06
-5.00187e-07
1.62658e-06
-5.32547e-07
1.61195e-06
-5.63276e-07
1.59717e-06
-5.92632e-07
1.58303e-06
-6.21166e-07
1.57047e-06
-6.49682e-07
1.56031e-06
-6.79082e-07
1.55284e-06
-7.10159e-07
1.54742e-06
-7.43209e-07
1.54221e-06
-7.77563e-07
1.5349e-06
-8.12098e-07
1.52313e-06
-8.45121e-07
1.50271e-06
-8.70352e-07
1.46855e-06
-8.77975e-07
1.42175e-06
-8.65213e-07
1.37173e-06
-8.37374e-07
1.32859e-06
-7.97619e-07
1.29618e-06
-7.43691e-07
1.27248e-06
-6.72677e-07
1.25355e-06
-5.84811e-07
1.23657e-06
-4.83455e-07
1.2207e-06
-3.7318e-07
1.20672e-06
-2.57989e-07
1.19639e-06
-1.40269e-07
1.19081e-06
-1.97182e-08
1.18828e-06
1.05906e-07
1.18439e-06
2.34393e-07
1.17445e-06
3.56928e-07
1.15562e-06
4.62855e-07
1.12768e-06
5.43507e-07
1.09245e-06
5.94781e-07
1.05281e-06
6.17311e-07
1.01174e-06
6.15107e-07
9.71773e-07
5.93822e-07
9.3476e-07
5.59326e-07
9.01839e-07
5.1684e-07
8.73563e-07
4.70534e-07
8.50037e-07
4.23466e-07
8.31068e-07
3.77711e-07
8.16286e-07
3.34548e-07
8.05233e-07
2.94672e-07
7.97429e-07
2.58367e-07
7.92405e-07
2.25647e-07
7.89735e-07
1.96359e-07
7.89037e-07
1.70255e-07
7.8998e-07
1.47038e-07
7.92282e-07
1.26394e-07
7.95703e-07
1.08009e-07
8.00043e-07
9.1578e-08
8.05135e-07
7.68137e-08
8.10837e-07
6.3445e-08
8.17033e-07
5.12188e-08
8.23625e-07
3.98995e-08
8.3053e-07
2.92679e-08
8.37682e-07
1.91191e-08
8.45028e-07
9.26199e-09
8.52531e-07
-4.80221e-10
8.60169e-07
-1.02662e-08
8.67932e-07
-2.02338e-08
8.75827e-07
-3.04949e-08
8.83873e-07
-4.11267e-08
8.92103e-07
-5.21647e-08
9.0057e-07
-6.35994e-08
9.09353e-07
-7.53766e-08
9.18546e-07
-8.73885e-08
9.28225e-07
-9.94478e-08
9.38377e-07
-1.11247e-07
9.48818e-07
-1.22328e-07
9.59145e-07
-1.32089e-07
9.68741e-07
-1.39842e-07
9.76833e-07
-1.4491e-07
9.82576e-07
-1.46725e-07
9.85141e-07
-1.44897e-07
9.83774e-07
-1.39262e-07
9.77825e-07
-1.2989e-07
9.66762e-07
-1.17088e-07
9.50166e-07
-1.01397e-07
9.2773e-07
-8.35486e-08
8.9924e-07
-6.43263e-08
8.64555e-07
-4.42615e-08
8.23594e-07
-2.32959e-08
7.76447e-07
-9.38129e-10
7.23789e-07
2.24231e-08
6.67307e-07
4.32444e-08
6.09707e-07
5.30823e-08
5.54019e-07
3.97354e-08
5.02515e-07
-7.66642e-09
4.55779e-07
-9.22557e-08
4.13026e-07
-2.06576e-07
3.73397e-07
-3.3541e-07
3.36648e-07
-4.61572e-07
3.0298e-07
-5.70869e-07
2.72313e-07
-6.54311e-07
2.4385e-07
-7.08755e-07
2.1634e-07
-7.36513e-07
1.88728e-07
-7.43382e-07
1.60623e-07
-7.3565e-07
1.32252e-07
-7.1779e-07
1.04144e-07
-6.92e-07
7.68944e-08
-6.59222e-07
5.10526e-08
-6.20063e-07
2.7092e-08
-5.75231e-07
5.40549e-09
-5.25617e-07
-1.37837e-08
-4.72079e-07
-3.03137e-08
-4.15493e-07
-4.40836e-08
-3.56654e-07
-5.50152e-08
-2.96303e-07
-6.3047e-08
-2.35121e-07
-6.80528e-08
-1.73706e-07
-6.98401e-08
-1.12611e-07
-6.86649e-08
-5.18342e-08
-6.39314e-08
7.20527e-09
-5.60082e-08
6.5189e-08
-4.48301e-08
1.21119e-07
-3.04373e-08
1.74627e-07
-1.26706e-08
2.25218e-07
7.96603e-09
2.72755e-07
3.16913e-08
3.16371e-07
5.80886e-08
3.55943e-07
8.68143e-08
3.91011e-07
1.17526e-07
4.21191e-07
1.49817e-07
4.46303e-07
1.8327e-07
4.66256e-07
2.17467e-07
4.81105e-07
2.52015e-07
4.91023e-07
2.86564e-07
4.96288e-07
3.20813e-07
4.97253e-07
3.5452e-07
4.94321e-07
3.87494e-07
4.87909e-07
4.19598e-07
4.78428e-07
4.50733e-07
4.66266e-07
4.80838e-07
4.51775e-07
5.09878e-07
4.35278e-07
5.37842e-07
4.17035e-07
5.64714e-07
3.97411e-07
3.76066e-07
5.90583e-07
1.45081e-06
-3.30996e-08
1.44907e-06
-3.44975e-08
1.44689e-06
-3.5436e-08
1.44429e-06
-3.58078e-08
1.44133e-06
-3.54534e-08
1.43813e-06
-3.42019e-08
1.43485e-06
-3.18884e-08
1.43167e-06
-2.83721e-08
1.42884e-06
-2.35555e-08
1.4266e-06
-1.74016e-08
1.42522e-06
-9.94421e-09
1.42495e-06
-1.29164e-09
1.42603e-06
8.37467e-09
1.42865e-06
1.87987e-08
1.43295e-06
2.96619e-08
1.43902e-06
4.05999e-08
1.44689e-06
5.12174e-08
1.45651e-06
6.11051e-08
1.46779e-06
6.98555e-08
1.48058e-06
7.70772e-08
1.49468e-06
8.24075e-08
1.50986e-06
8.55217e-08
1.52584e-06
8.61403e-08
1.54235e-06
8.40331e-08
1.55907e-06
7.90223e-08
1.57571e-06
7.09826e-08
1.59197e-06
5.98417e-08
1.60754e-06
4.55801e-08
1.62215e-06
2.82312e-08
1.63556e-06
7.87731e-09
1.64754e-06
-1.53627e-08
1.65791e-06
-4.13269e-08
1.66648e-06
-6.97844e-08
1.67315e-06
-1.00464e-07
1.67783e-06
-1.33063e-07
1.68048e-06
-1.67249e-07
1.6811e-06
-2.02669e-07
1.67975e-06
-2.38958e-07
1.67648e-06
-2.75748e-07
1.67141e-06
-3.12679e-07
1.66465e-06
-3.49397e-07
1.65631e-06
-3.8557e-07
1.64653e-06
-4.20894e-07
1.63547e-06
-4.55122e-07
1.6234e-06
-4.88113e-07
1.61074e-06
-5.19887e-07
1.59813e-06
-5.50667e-07
1.58636e-06
-5.80856e-07
1.57611e-06
-6.1092e-07
1.56761e-06
-6.4118e-07
1.56014e-06
-6.71608e-07
1.55172e-06
-7.01739e-07
1.53906e-06
-7.30551e-07
1.51828e-06
-7.56789e-07
1.48649e-06
-7.80306e-07
1.44109e-06
-7.99719e-07
1.37768e-06
-8.06946e-07
1.29738e-06
-7.97676e-07
1.21672e-06
-7.84552e-07
1.15644e-06
-7.77089e-07
1.12265e-06
-7.63832e-07
1.10678e-06
-7.27816e-07
1.09706e-06
-6.62962e-07
1.08614e-06
-5.73887e-07
1.07182e-06
-4.69142e-07
1.05512e-06
-3.56472e-07
1.03842e-06
-2.41289e-07
1.0247e-06
-1.26551e-07
1.01667e-06
-1.16851e-08
1.015e-06
1.07575e-07
1.01703e-06
2.32357e-07
1.01806e-06
3.55899e-07
1.01389e-06
4.6703e-07
1.00247e-06
5.54929e-07
9.84037e-07
6.1321e-07
9.6035e-07
6.40998e-07
9.33741e-07
6.41716e-07
9.06464e-07
6.21099e-07
8.80332e-07
5.85458e-07
8.56606e-07
5.40566e-07
8.36027e-07
4.91112e-07
8.18917e-07
4.40577e-07
8.05289e-07
3.91339e-07
7.9496e-07
3.44877e-07
7.87631e-07
3.02e-07
7.82953e-07
2.63045e-07
7.80566e-07
2.28034e-07
7.80125e-07
1.96799e-07
7.81319e-07
1.69061e-07
7.8387e-07
1.44488e-07
7.87538e-07
1.22726e-07
7.92119e-07
1.03428e-07
7.97439e-07
8.62577e-08
8.03354e-07
7.08992e-08
8.0974e-07
5.70581e-08
8.16497e-07
4.44619e-08
8.23538e-07
3.28583e-08
8.30794e-07
2.20125e-08
8.3821e-07
1.1703e-08
8.45749e-07
1.72275e-09
8.53387e-07
-8.11843e-09
8.61116e-07
-1.79944e-08
8.68942e-07
-2.80601e-08
8.76892e-07
-3.84451e-08
8.85013e-07
-4.92473e-08
8.93376e-07
-6.05279e-08
9.02081e-07
-7.23047e-08
9.11236e-07
-8.45317e-08
9.20906e-07
-9.7058e-08
9.31032e-07
-1.09574e-07
9.41361e-07
-1.21576e-07
9.51411e-07
-1.32378e-07
9.60513e-07
-1.41191e-07
9.67904e-07
-1.47233e-07
9.72836e-07
-1.49842e-07
9.74656e-07
-1.48544e-07
9.72836e-07
-1.43077e-07
9.66966e-07
-1.33391e-07
9.56709e-07
-1.19633e-07
9.41786e-07
-1.02165e-07
9.21959e-07
-8.15699e-08
8.97028e-07
-5.86179e-08
8.66794e-07
-3.40913e-08
8.31018e-07
-8.48602e-09
7.89571e-07
1.81514e-08
7.42722e-07
4.59102e-08
6.91498e-07
7.36472e-08
6.37869e-07
9.68734e-08
5.84403e-07
1.06549e-07
5.33308e-07
9.08302e-08
4.85529e-07
4.01124e-08
4.40403e-07
-4.71292e-08
3.9651e-07
-1.62683e-07
3.53168e-07
-2.92069e-07
3.11001e-07
-4.19405e-07
2.71359e-07
-5.31227e-07
2.35191e-07
-6.18143e-07
2.02252e-07
-6.75816e-07
1.71265e-07
-7.05526e-07
1.40785e-07
-7.12902e-07
1.09988e-07
-7.04854e-07
7.89063e-08
-6.86708e-07
4.79927e-08
-6.61086e-07
1.78087e-08
-6.29038e-07
-1.10221e-08
-5.91232e-07
-3.79482e-08
-5.48305e-07
-6.25325e-08
-5.01033e-07
-8.44278e-08
-4.50184e-07
-1.0339e-07
-3.96531e-07
-1.19247e-07
-3.40797e-07
-1.31885e-07
-2.83665e-07
-1.41231e-07
-2.25775e-07
-1.47227e-07
-1.6771e-07
-1.49865e-07
-1.09972e-07
-1.48823e-07
-5.28765e-08
-1.44439e-07
2.82074e-09
-1.36452e-07
5.72027e-08
-1.24945e-07
1.09611e-07
-1.09961e-07
1.59644e-07
-9.16583e-08
2.06915e-07
-7.0021e-08
2.51118e-07
-4.53432e-08
2.91694e-07
-1.77946e-08
3.28395e-07
1.23151e-08
3.60902e-07
4.45726e-08
3.88933e-07
7.84982e-08
4.12377e-07
1.13679e-07
4.31076e-07
1.49689e-07
4.45095e-07
1.86129e-07
4.54583e-07
2.22638e-07
4.59778e-07
2.58903e-07
4.60989e-07
2.94663e-07
4.58561e-07
3.29712e-07
4.52861e-07
3.63891e-07
4.44249e-07
3.97086e-07
4.3307e-07
4.29221e-07
4.19641e-07
4.60246e-07
4.04253e-07
4.90143e-07
3.87138e-07
5.1889e-07
3.68664e-07
3.48373e-07
5.46583e-07
1.45118e-06
-3.19589e-08
1.44966e-06
-3.29701e-08
1.44776e-06
-3.35415e-08
1.44554e-06
-3.35854e-08
1.44306e-06
-3.29726e-08
1.44042e-06
-3.15672e-08
1.43777e-06
-2.92398e-08
1.43528e-06
-2.5882e-08
1.43315e-06
-2.14232e-08
1.43159e-06
-1.58439e-08
1.43083e-06
-9.18342e-09
1.43108e-06
-1.54278e-09
1.43254e-06
6.91767e-09
1.43537e-06
1.59747e-08
1.43968e-06
2.5352e-08
1.44554e-06
3.47342e-08
1.45298e-06
4.37791e-08
1.46195e-06
5.21306e-08
1.47238e-06
5.94326e-08
1.48411e-06
6.53411e-08
1.49699e-06
6.9535e-08
1.51078e-06
7.17247e-08
1.52526e-06
7.16581e-08
1.54017e-06
6.91253e-08
1.55523e-06
6.39603e-08
1.57018e-06
5.60421e-08
1.58472e-06
4.52956e-08
1.59861e-06
3.16924e-08
1.61159e-06
1.52496e-08
1.62344e-06
-3.97626e-09
1.63398e-06
-2.58954e-08
1.64301e-06
-5.03633e-08
1.65041e-06
-7.7183e-08
1.65607e-06
-1.06124e-07
1.65993e-06
-1.3692e-07
1.66196e-06
-1.69277e-07
1.66216e-06
-2.02875e-07
1.66058e-06
-2.37379e-07
1.65728e-06
-2.72441e-07
1.65231e-06
-3.07716e-07
1.64579e-06
-3.42871e-07
1.63783e-06
-3.7761e-07
1.62865e-06
-4.11713e-07
1.6186e-06
-4.45072e-07
1.60821e-06
-4.77732e-07
1.5982e-06
-5.0987e-07
1.58924e-06
-5.41708e-07
1.5817e-06
-5.73314e-07
1.57513e-06
-6.04352e-07
1.56784e-06
-6.33893e-07
1.55669e-06
-6.60452e-07
1.53722e-06
-6.82273e-07
1.50439e-06
-6.97722e-07
1.45418e-06
-7.06575e-07
1.38475e-06
-7.10874e-07
1.29374e-06
-7.08718e-07
1.18014e-06
-6.93337e-07
1.06191e-06
-6.79455e-07
9.75879e-07
-6.98517e-07
9.38991e-07
-7.40201e-07
9.34742e-07
-7.59583e-07
9.38246e-07
-7.3132e-07
9.35524e-07
-6.6024e-07
9.2395e-07
-5.62314e-07
9.06143e-07
-4.51335e-07
8.85746e-07
-3.36075e-07
8.65936e-07
-2.21479e-07
8.49312e-07
-1.09928e-07
8.3824e-07
-6.12909e-10
8.34606e-07
1.11209e-07
8.37948e-07
2.29015e-07
8.45009e-07
3.48837e-07
8.51569e-07
4.60469e-07
8.5445e-07
5.52048e-07
8.52334e-07
6.15326e-07
8.45509e-07
6.47823e-07
8.35202e-07
6.52022e-07
8.22961e-07
6.3334e-07
8.10235e-07
5.98185e-07
7.98175e-07
5.52626e-07
7.87578e-07
5.01709e-07
7.78912e-07
4.49243e-07
7.72379e-07
3.97872e-07
7.67989e-07
3.49267e-07
7.65626e-07
3.04363e-07
7.65102e-07
2.63569e-07
7.66195e-07
2.26941e-07
7.68678e-07
1.94317e-07
7.72331e-07
1.65408e-07
7.76956e-07
1.39863e-07
7.82373e-07
1.17309e-07
7.88429e-07
9.73722e-08
7.9499e-07
7.96965e-08
8.01943e-07
6.3946e-08
8.09192e-07
4.98097e-08
8.16652e-07
3.70011e-08
8.24256e-07
2.52545e-08
8.3195e-07
1.43189e-08
8.39695e-07
3.95751e-09
8.47464e-07
-6.04645e-09
8.55241e-07
-1.5895e-08
8.63024e-07
-2.57775e-08
8.7083e-07
-3.5866e-08
8.78694e-07
-4.63095e-08
8.86675e-07
-5.72281e-08
8.94848e-07
-6.87002e-08
9.03277e-07
-8.0734e-08
9.11963e-07
-9.32179e-08
9.20766e-07
-1.05861e-07
9.2935e-07
-1.18158e-07
9.37188e-07
-1.29413e-07
9.43633e-07
-1.38824e-07
9.48046e-07
-1.45604e-07
9.49898e-07
-1.49086e-07
9.4883e-07
-1.48774e-07
9.4464e-07
-1.44353e-07
9.37224e-07
-1.35661e-07
9.26508e-07
-1.22675e-07
9.12394e-07
-1.05519e-07
8.94737e-07
-8.45081e-08
8.73331e-07
-6.0164e-08
8.47886e-07
-3.31728e-08
8.18047e-07
-4.25281e-09
7.83525e-07
2.60365e-08
7.44274e-07
5.74024e-08
7.00771e-07
8.94128e-08
6.54285e-07
1.20134e-07
6.06851e-07
1.44307e-07
5.6067e-07
1.5273e-07
5.16994e-07
1.34506e-07
4.75185e-07
8.19216e-08
4.33225e-07
-5.16902e-09
3.89125e-07
-1.18584e-07
3.42298e-07
-2.45241e-07
2.94214e-07
-3.71322e-07
2.47523e-07
-4.84535e-07
2.04543e-07
-5.75164e-07
1.6599e-07
-6.37263e-07
1.30818e-07
-6.70354e-07
9.71887e-08
-6.79272e-07
6.37144e-08
-6.7138e-07
3.0029e-08
-6.53023e-07
-3.59448e-09
-6.27463e-07
-3.6588e-08
-5.96045e-07
-6.82751e-08
-5.59545e-07
-9.80434e-08
-5.18537e-07
-1.25401e-07
-4.73675e-07
-1.49944e-07
-4.25641e-07
-1.71361e-07
-3.75114e-07
-1.89415e-07
-3.22742e-07
-2.03941e-07
-2.6914e-07
-2.14828e-07
-2.14888e-07
-2.22011e-07
-1.60527e-07
-2.25463e-07
-1.06521e-07
-2.25029e-07
-5.33102e-08
-2.20853e-07
-1.35495e-09
-2.12833e-07
4.91825e-08
-2.01027e-07
9.78053e-08
-1.85525e-07
1.44143e-07
-1.66446e-07
1.87835e-07
-1.43909e-07
2.28581e-07
-1.18185e-07
2.65969e-07
-8.954e-08
2.9975e-07
-5.82819e-08
3.29643e-07
-2.47843e-08
3.55436e-07
1.05388e-08
3.77054e-07
4.72276e-08
3.94387e-07
8.48188e-08
4.07504e-07
1.22913e-07
4.16489e-07
1.61144e-07
4.21547e-07
1.99189e-07
4.22943e-07
2.36776e-07
4.20974e-07
2.73682e-07
4.15955e-07
3.09733e-07
4.08198e-07
3.44798e-07
3.98005e-07
3.78785e-07
3.85655e-07
4.11631e-07
3.71407e-07
4.4331e-07
3.55458e-07
4.73795e-07
3.3818e-07
3.18983e-07
5.03185e-07
1.45202e-06
-3.09512e-08
1.45069e-06
-3.16404e-08
1.44906e-06
-3.19158e-08
1.44718e-06
-3.17063e-08
1.44512e-06
-3.09097e-08
1.44297e-06
-2.94198e-08
1.44087e-06
-2.71343e-08
1.43895e-06
-2.39703e-08
1.43741e-06
-1.98777e-08
1.43641e-06
-1.48495e-08
1.43616e-06
-8.92846e-09
1.43683e-06
-2.20862e-09
1.43857e-06
5.16848e-09
1.44154e-06
1.30084e-08
1.44582e-06
2.1071e-08
1.45147e-06
2.90831e-08
1.4585e-06
3.67483e-08
1.46688e-06
4.37564e-08
1.47651e-06
4.97958e-08
1.48729e-06
5.45645e-08
1.49905e-06
5.77782e-08
1.51159e-06
5.91788e-08
1.52471e-06
5.85397e-08
1.53817e-06
5.56694e-08
1.55172e-06
5.04131e-08
1.5651e-06
4.2654e-08
1.57808e-06
3.23143e-08
1.59042e-06
1.93557e-08
1.60189e-06
3.7785e-09
1.6123e-06
-1.43869e-08
1.62148e-06
-3.50698e-08
1.62926e-06
-5.81482e-08
1.63554e-06
-8.34616e-08
1.64023e-06
-1.10814e-07
1.64328e-06
-1.39972e-07
1.64468e-06
-1.70672e-07
1.64442e-06
-2.02619e-07
1.64254e-06
-2.35499e-07
1.63909e-06
-2.68992e-07
1.63417e-06
-3.02792e-07
1.62794e-06
-3.3664e-07
1.62068e-06
-3.70357e-07
1.61285e-06
-4.03876e-07
1.60501e-06
-4.37237e-07
1.59781e-06
-4.70525e-07
1.59165e-06
-5.03716e-07
1.58639e-06
-5.36449e-07
1.58086e-06
-5.6778e-07
1.57254e-06
-5.9603e-07
1.55753e-06
-6.18886e-07
1.5309e-06
-6.3382e-07
1.48732e-06
-6.38698e-07
1.42225e-06
-6.32646e-07
1.3335e-06
-6.17826e-07
1.22045e-06
-5.97828e-07
1.08129e-06
-5.69553e-07
9.26093e-07
-5.38142e-07
8.00018e-07
-5.5338e-07
7.45303e-07
-6.43802e-07
7.46907e-07
-7.41805e-07
7.62431e-07
-7.75107e-07
7.6665e-07
-7.35539e-07
7.5621e-07
-6.49799e-07
7.36728e-07
-5.42832e-07
7.14029e-07
-4.28636e-07
6.91944e-07
-3.1399e-07
6.72706e-07
-2.02241e-07
6.5753e-07
-9.47514e-08
6.47612e-07
9.3053e-09
6.44435e-07
1.14386e-07
6.48922e-07
2.24528e-07
6.59852e-07
3.37907e-07
6.74302e-07
4.46019e-07
6.89099e-07
5.37251e-07
7.01943e-07
6.02482e-07
7.11748e-07
6.38018e-07
7.18445e-07
6.45325e-07
7.22587e-07
6.29198e-07
7.24981e-07
5.95791e-07
7.26445e-07
5.51162e-07
7.27673e-07
5.00481e-07
7.2918e-07
4.47736e-07
7.31302e-07
3.9575e-07
7.34221e-07
3.46348e-07
7.38003e-07
3.00581e-07
7.42633e-07
2.58939e-07
7.48045e-07
2.21528e-07
7.54148e-07
1.88214e-07
7.60838e-07
1.58719e-07
7.68008e-07
1.32693e-07
7.75561e-07
1.09756e-07
7.83403e-07
8.953e-08
7.91453e-07
7.1647e-08
7.99635e-07
5.57635e-08
8.07883e-07
4.1562e-08
8.16137e-07
2.8747e-08
8.24349e-07
1.70424e-08
8.32485e-07
6.18256e-09
8.40513e-07
-4.07054e-09
8.48403e-07
-1.39365e-08
8.56135e-07
-2.36267e-08
8.63697e-07
-3.33397e-08
8.71088e-07
-4.3257e-08
8.78315e-07
-5.35363e-08
8.85384e-07
-6.42966e-08
8.92271e-07
-7.55872e-08
8.98874e-07
-8.73375e-08
9.04958e-07
-9.93021e-08
9.10129e-07
-1.11032e-07
9.13873e-07
-1.21902e-07
9.15662e-07
-1.31202e-07
9.15084e-07
-1.38245e-07
9.11931e-07
-1.42451e-07
9.06213e-07
-1.43368e-07
8.98093e-07
-1.40655e-07
8.87784e-07
-1.34044e-07
8.75452e-07
-1.2333e-07
8.61166e-07
-1.08388e-07
8.44872e-07
-8.92252e-08
8.26398e-07
-6.6034e-08
8.05431e-07
-3.91974e-08
7.81575e-07
-9.31687e-09
7.54429e-07
2.28929e-08
7.23725e-07
5.67406e-08
6.89507e-07
9.1621e-08
6.52399e-07
1.2652e-07
6.13813e-07
1.5872e-07
5.75707e-07
1.82413e-07
5.39714e-07
1.88722e-07
5.05935e-07
1.68285e-07
4.72325e-07
1.15532e-07
4.35483e-07
3.16729e-08
3.92637e-07
-7.57383e-08
3.43105e-07
-1.95709e-07
2.88957e-07
-3.17173e-07
2.34115e-07
-4.29693e-07
1.82592e-07
-5.23641e-07
1.36654e-07
-5.91325e-07
9.60059e-08
-6.29705e-07
5.86156e-08
-6.41882e-07
2.2242e-08
-6.35006e-07
-1.4065e-08
-6.16715e-07
-5.03152e-08
-5.91213e-07
-8.59563e-08
-5.60404e-07
-1.20332e-07
-5.25169e-07
-1.52794e-07
-4.86075e-07
-1.82789e-07
-4.4368e-07
-2.09862e-07
-3.98569e-07
-2.33644e-07
-3.51331e-07
-2.53852e-07
-3.02534e-07
-2.70272e-07
-2.5272e-07
-2.82756e-07
-2.02404e-07
-2.91213e-07
-1.5207e-07
-2.95589e-07
-1.02144e-07
-2.95828e-07
-5.30719e-08
-2.91966e-07
-5.21707e-09
-2.83994e-07
4.12106e-08
-2.71987e-07
8.57989e-08
-2.56062e-07
1.28217e-07
-2.36376e-07
1.68149e-07
-2.13107e-07
2.05313e-07
-1.86529e-07
2.39391e-07
-1.56927e-07
2.70147e-07
-1.2464e-07
2.97356e-07
-9.00602e-08
3.20856e-07
-5.3582e-08
3.40576e-07
-1.56542e-08
3.56459e-07
2.32872e-08
3.68563e-07
6.27944e-08
3.76982e-07
1.0251e-07
3.81832e-07
1.42102e-07
3.83351e-07
1.81289e-07
3.81788e-07
2.19836e-07
3.77408e-07
2.57552e-07
3.70481e-07
2.94292e-07
3.61266e-07
3.29946e-07
3.5e-07
3.64441e-07
3.36912e-07
3.97739e-07
3.2216e-07
4.29808e-07
3.06111e-07
2.88038e-07
4.60753e-07
1.45332e-06
-3.0077e-08
1.45218e-06
-3.04995e-08
1.4508e-06
-3.05379e-08
1.44923e-06
-3.01349e-08
1.44753e-06
-2.9214e-08
1.44581e-06
-2.76933e-08
1.44417e-06
-2.54915e-08
1.44274e-06
-2.25452e-08
1.44168e-06
-1.88202e-08
1.44115e-06
-1.43189e-08
1.44131e-06
-9.08392e-09
1.4423e-06
-3.20335e-09
1.44427e-06
3.19803e-09
1.44733e-06
9.95127e-09
1.45155e-06
1.68481e-08
1.45698e-06
2.36519e-08
1.46363e-06
3.01056e-08
1.47144e-06
3.59391e-08
1.48036e-06
4.08798e-08
1.49026e-06
4.46623e-08
1.50101e-06
4.70352e-08
1.51242e-06
4.77686e-08
1.5243e-06
4.66594e-08
1.53643e-06
4.35333e-08
1.5486e-06
3.82462e-08
1.56057e-06
3.06848e-08
1.57211e-06
2.07687e-08
1.58302e-06
8.44919e-09
1.59309e-06
-6.2932e-09
1.60215e-06
-2.34484e-08
1.61005e-06
-4.29627e-08
1.61664e-06
-6.47432e-08
1.62184e-06
-8.86615e-08
1.62558e-06
-1.14551e-07
1.62782e-06
-1.4221e-07
1.62854e-06
-1.714e-07
1.62779e-06
-2.01863e-07
1.62562e-06
-2.33328e-07
1.62217e-06
-2.65545e-07
1.61768e-06
-2.98303e-07
1.6125e-06
-3.31459e-07
1.60708e-06
-3.6494e-07
1.60191e-06
-3.98705e-07
1.59732e-06
-4.32643e-07
1.5932e-06
-4.66407e-07
1.58869e-06
-4.99202e-07
1.58184e-06
-5.29605e-07
1.56957e-06
-5.55512e-07
1.54781e-06
-5.74266e-07
1.51196e-06
-5.83034e-07
1.45751e-06
-5.79376e-07
1.38069e-06
-5.61876e-07
1.27931e-06
-5.31269e-07
1.1531e-06
-4.91615e-07
1.00078e-06
-4.45506e-07
8.23353e-07
-3.92125e-07
6.52894e-07
-3.67683e-07
5.5564e-07
-4.56126e-07
5.4313e-07
-6.31293e-07
5.63239e-07
-7.61914e-07
5.73835e-07
-7.85703e-07
5.65542e-07
-7.27246e-07
5.45314e-07
-6.29571e-07
5.21296e-07
-5.18814e-07
4.98114e-07
-4.05454e-07
4.77933e-07
-2.93809e-07
4.61907e-07
-1.86216e-07
4.50634e-07
-8.34783e-08
4.4438e-07
1.55597e-08
4.43907e-07
1.14859e-07
4.50656e-07
2.17779e-07
4.65116e-07
3.23447e-07
4.86082e-07
4.25053e-07
5.11117e-07
5.12216e-07
5.37535e-07
5.76064e-07
5.63184e-07
6.12369e-07
5.86756e-07
6.21753e-07
6.07716e-07
6.08238e-07
6.26076e-07
5.77431e-07
6.42165e-07
5.35073e-07
6.56437e-07
4.86208e-07
6.69352e-07
4.34821e-07
6.81308e-07
3.83794e-07
6.92618e-07
3.35038e-07
7.03507e-07
2.89693e-07
7.14126e-07
2.48319e-07
7.24568e-07
2.11086e-07
7.34883e-07
1.77899e-07
7.45091e-07
1.48511e-07
7.55193e-07
1.22591e-07
7.65177e-07
9.9773e-08
7.75021e-07
7.96858e-08
7.84699e-07
6.19685e-08
7.9418e-07
4.62828e-08
8.03426e-07
3.23162e-08
8.12407e-07
1.97659e-08
8.21099e-07
8.35033e-09
8.29472e-07
-2.19022e-09
8.37479e-07
-1.20778e-08
8.45074e-07
-2.15315e-08
8.52205e-07
-3.07579e-08
8.58814e-07
-3.99487e-08
8.64832e-07
-4.92746e-08
8.70168e-07
-5.88728e-08
8.74692e-07
-6.88202e-08
8.78196e-07
-7.9091e-08
8.80371e-07
-8.95128e-08
8.80815e-07
-9.97466e-08
8.79102e-07
-1.09319e-07
8.74902e-07
-1.17701e-07
8.68103e-07
-1.24403e-07
8.58873e-07
-1.29015e-07
8.47614e-07
-1.31192e-07
8.34839e-07
-1.30593e-07
8.21021e-07
-1.26836e-07
8.06485e-07
-1.19508e-07
7.91372e-07
-1.08217e-07
7.7566e-07
-9.26765e-08
7.592e-07
-7.2765e-08
7.41735e-07
-4.85695e-08
7.22937e-07
-2.03988e-08
7.02416e-07
1.12038e-08
6.79838e-07
4.5471e-08
6.55011e-07
8.15681e-08
6.28097e-07
1.18534e-07
5.99884e-07
1.54733e-07
5.7184e-07
1.86764e-07
5.45653e-07
2.086e-07
5.22208e-07
2.12166e-07
5.00484e-07
1.9001e-07
4.77175e-07
1.38841e-07
4.47629e-07
6.12188e-08
4.0814e-07
-3.62496e-08
3.57605e-07
-1.45174e-07
2.98112e-07
-2.57681e-07
2.34479e-07
-3.6606e-07
1.72515e-07
-4.61677e-07
1.16689e-07
-5.35499e-07
6.83466e-08
-5.81363e-07
2.57634e-08
-5.99299e-07
-1.41675e-08
-5.95075e-07
-5.32134e-08
-5.7767e-07
-9.19226e-08
-5.52504e-07
-1.30035e-07
-5.22291e-07
-1.6693e-07
-4.88273e-07
-2.01924e-07
-4.51081e-07
-2.34404e-07
-4.112e-07
-2.63861e-07
-3.69112e-07
-2.89881e-07
-3.25311e-07
-3.12135e-07
-2.8028e-07
-3.30373e-07
-2.34482e-07
-3.44416e-07
-1.88362e-07
-3.54147e-07
-1.42338e-07
-3.59499e-07
-9.67922e-08
-3.60444e-07
-5.21272e-08
-3.56997e-07
-8.66438e-09
-3.49191e-07
3.34046e-08
-3.37126e-07
7.3734e-08
-3.20947e-07
1.12038e-07
-3.00842e-07
1.48045e-07
-2.77032e-07
1.81503e-07
-2.49799e-07
2.12158e-07
-2.19456e-07
2.39805e-07
-1.86365e-07
2.64265e-07
-1.5092e-07
2.85411e-07
-1.13518e-07
3.03175e-07
-7.45848e-08
3.17526e-07
-3.45446e-08
3.28523e-07
6.15853e-09
3.36279e-07
4.71288e-08
3.40861e-07
8.80413e-08
3.42438e-07
1.28609e-07
3.4122e-07
1.68584e-07
3.37433e-07
2.07762e-07
3.31303e-07
2.45982e-07
3.23046e-07
2.83118e-07
3.12864e-07
3.19082e-07
3.00948e-07
3.53828e-07
2.87414e-07
3.87318e-07
2.72621e-07
2.55695e-07
4.19661e-07
1.45512e-06
-2.93293e-08
1.45416e-06
-2.95366e-08
1.453e-06
-2.93834e-08
1.4517e-06
-2.88338e-08
1.45032e-06
-2.78373e-08
1.44896e-06
-2.63291e-08
1.44771e-06
-2.42424e-08
1.44669e-06
-2.1529e-08
1.44604e-06
-1.81678e-08
1.44589e-06
-1.41671e-08
1.44638e-06
-9.56928e-09
1.44763e-06
-4.45455e-09
1.44976e-06
1.06546e-09
1.45287e-06
6.84555e-09
1.45701e-06
1.27058e-08
1.46222e-06
1.84419e-08
1.46849e-06
2.38312e-08
1.47579e-06
2.86378e-08
1.48405e-06
3.26235e-08
1.49316e-06
3.55553e-08
1.50298e-06
3.7211e-08
1.51336e-06
3.73866e-08
1.52412e-06
3.59005e-08
1.53506e-06
3.25946e-08
1.54597e-06
2.73352e-08
1.55664e-06
2.00122e-08
1.56687e-06
1.05399e-08
1.57646e-06
-1.14064e-09
1.58524e-06
-1.5067e-08
1.59303e-06
-3.12442e-08
1.59971e-06
-4.96409e-08
1.60516e-06
-7.01947e-08
1.60931e-06
-9.28094e-08
1.61211e-06
-1.17355e-07
1.61358e-06
-1.43672e-07
1.61375e-06
-1.71577e-07
1.61277e-06
-2.00877e-07
1.61082e-06
-2.31382e-07
1.60819e-06
-2.62916e-07
1.60521e-06
-2.95321e-07
1.60218e-06
-3.28427e-07
1.59924e-06
-3.61999e-07
1.59615e-06
-3.95622e-07
1.59208e-06
-4.28568e-07
1.58533e-06
-4.5966e-07
1.57333e-06
-4.87202e-07
1.55275e-06
-5.09027e-07
1.51992e-06
-5.22674e-07
1.47132e-06
-5.25672e-07
1.40417e-06
-5.15886e-07
1.31667e-06
-4.91869e-07
1.20804e-06
-4.53245e-07
1.07843e-06
-4.01665e-07
9.26974e-07
-3.40157e-07
7.49587e-07
-2.68119e-07
5.55858e-07
-1.98396e-07
4.04498e-07
-2.16323e-07
3.48281e-07
-3.99908e-07
3.51946e-07
-6.34958e-07
3.6287e-07
-7.72837e-07
3.59812e-07
-7.82645e-07
3.43303e-07
-7.10737e-07
3.20505e-07
-6.06773e-07
2.97155e-07
-4.95464e-07
2.75926e-07
-3.84224e-07
2.58095e-07
-2.75979e-07
2.44648e-07
-1.72768e-07
2.36152e-07
-7.49823e-08
2.32627e-07
1.9084e-08
2.34735e-07
1.1275e-07
2.4424e-07
2.08275e-07
2.62641e-07
3.05047e-07
2.8999e-07
3.97703e-07
3.246e-07
4.77607e-07
3.63652e-07
5.37011e-07
4.04238e-07
5.71784e-07
4.44026e-07
5.81965e-07
4.81488e-07
5.70775e-07
5.15833e-07
5.43087e-07
5.4684e-07
5.04067e-07
5.74644e-07
4.58404e-07
5.99568e-07
4.09897e-07
6.22006e-07
3.61356e-07
6.42345e-07
3.14699e-07
6.60934e-07
2.71103e-07
6.78067e-07
2.31187e-07
6.9398e-07
1.95173e-07
7.08859e-07
1.6302e-07
7.22848e-07
1.34522e-07
7.36052e-07
1.09386e-07
7.48549e-07
8.72758e-08
7.60391e-07
6.78444e-08
7.71605e-07
5.07547e-08
7.822e-07
3.56876e-08
7.92177e-07
2.23394e-08
8.01536e-07
1.04068e-08
8.10257e-07
-3.71291e-10
8.18284e-07
-1.0217e-08
8.25545e-07
-1.9339e-08
8.31949e-07
-2.79356e-08
8.3738e-07
-3.61888e-08
8.41694e-07
-4.42619e-08
8.44711e-07
-5.22922e-08
8.46212e-07
-6.03735e-08
8.45919e-07
-6.85276e-08
8.43503e-07
-7.66748e-08
8.38615e-07
-8.46247e-08
8.30976e-07
-9.2108e-08
8.20501e-07
-9.88435e-08
8.07401e-07
-1.04601e-07
7.92206e-07
-1.09208e-07
7.75665e-07
-1.12474e-07
7.58563e-07
-1.14091e-07
7.41534e-07
-1.13564e-07
7.24945e-07
-1.10248e-07
7.08902e-07
-1.03465e-07
6.9332e-07
-9.26354e-08
6.78026e-07
-7.73818e-08
6.62817e-07
-5.75562e-08
6.47486e-07
-3.32384e-08
6.3182e-07
-4.73368e-09
6.15608e-07
2.74158e-08
5.98673e-07
6.24062e-08
5.8101e-07
9.92313e-08
5.62974e-07
1.3657e-07
5.45491e-07
1.72217e-07
5.29945e-07
2.02311e-07
5.17549e-07
2.20997e-07
5.08286e-07
2.21429e-07
5.00031e-07
1.98265e-07
4.88553e-07
1.50319e-07
4.68527e-07
8.12447e-08
4.35222e-07
-2.94516e-09
3.86628e-07
-9.6579e-08
3.24078e-07
-1.95131e-07
2.52408e-07
-2.9439e-07
1.78739e-07
-3.88008e-07
1.10105e-07
-4.66865e-07
5.065e-08
-5.21908e-07
1.35395e-10
-5.48784e-07
-4.48448e-08
-5.50095e-07
-8.71593e-08
-5.35355e-07
-1.28359e-07
-5.11304e-07
-1.68763e-07
-4.81887e-07
-2.07969e-07
-4.49067e-07
-2.4531e-07
-4.13741e-07
-2.80114e-07
-3.76396e-07
-3.11809e-07
-3.37417e-07
-3.3993e-07
-2.9719e-07
-3.64108e-07
-2.56102e-07
-3.84063e-07
-2.14528e-07
-3.9959e-07
-1.72834e-07
-4.10558e-07
-1.31371e-07
-4.16891e-07
-9.04596e-08
-4.1857e-07
-5.04475e-08
-4.15618e-07
-1.16172e-08
-4.0809e-07
2.58771e-08
-3.9611e-07
6.17538e-08
-3.79846e-07
9.5774e-08
-3.59511e-07
1.2771e-07
-3.35355e-07
1.57347e-07
-3.07677e-07
1.8448e-07
-2.76813e-07
2.0894e-07
-2.43132e-07
2.30584e-07
-2.07031e-07
2.4931e-07
-1.68919e-07
2.65063e-07
-1.2922e-07
2.77827e-07
-8.83408e-08
2.87643e-07
-4.66718e-08
2.94609e-07
-4.64148e-09
2.98831e-07
3.7385e-08
3.00412e-07
7.91229e-08
2.99482e-07
1.20324e-07
2.96232e-07
1.60769e-07
2.90857e-07
2.0028e-07
2.83536e-07
2.38714e-07
2.74429e-07
2.75969e-07
2.63693e-07
3.11986e-07
2.51397e-07
3.46723e-07
2.37884e-07
2.22124e-07
3.80294e-07
1.45751e-06
-2.87031e-08
1.45671e-06
-2.87331e-08
1.45574e-06
-2.84216e-08
1.45467e-06
-2.77584e-08
1.45356e-06
-2.67247e-08
1.45249e-06
-2.52646e-08
1.45157e-06
-2.33186e-08
1.45089e-06
-2.08508e-08
1.45057e-06
-1.78499e-08
1.45073e-06
-1.43279e-08
1.45149e-06
-1.03247e-08
1.45295e-06
-5.91173e-09
1.4552e-06
-1.18958e-09
1.45833e-06
3.71753e-09
1.46238e-06
8.65365e-09
1.46738e-06
1.34455e-08
1.47331e-06
1.79e-08
1.48014e-06
2.18106e-08
1.48779e-06
2.49695e-08
1.49617e-06
2.71717e-08
1.50516e-06
2.82205e-08
1.51462e-06
2.79355e-08
1.52436e-06
2.61565e-08
1.53421e-06
2.27411e-08
1.54398e-06
1.75658e-08
1.55347e-06
1.05231e-08
1.56249e-06
1.52163e-09
1.57086e-06
-9.51099e-09
1.57842e-06
-2.26262e-08
1.58502e-06
-3.78496e-08
1.59057e-06
-5.51826e-08
1.59498e-06
-7.46036e-08
1.59823e-06
-9.60661e-08
1.60038e-06
-1.19498e-07
1.60151e-06
-1.44804e-07
1.60179e-06
-1.71858e-07
1.60142e-06
-2.00507e-07
1.60059e-06
-2.30556e-07
1.59942e-06
-2.61744e-07
1.59781e-06
-2.93714e-07
1.59533e-06
-3.25946e-07
1.59102e-06
-3.57681e-07
1.58324e-06
-3.87851e-07
1.56971e-06
-4.15037e-07
1.54756e-06
-4.37502e-07
1.51368e-06
-4.53331e-07
1.46529e-06
-4.60634e-07
1.40039e-06
-4.57772e-07
1.31823e-06
-4.43514e-07
1.21946e-06
-4.17113e-07
1.10576e-06
-3.78168e-07
9.79019e-07
-3.26507e-07
8.39609e-07
-2.62255e-07
6.82677e-07
-1.83225e-07
5.01962e-07
-8.7404e-08
3.22298e-07
-1.87322e-08
2.10861e-07
-1.04886e-07
1.72824e-07
-3.61871e-07
1.60056e-07
-6.2219e-07
1.50264e-07
-7.63046e-07
1.36732e-07
-7.69112e-07
1.17277e-07
-6.91283e-07
9.394e-08
-5.83437e-07
7.03466e-08
-4.7187e-07
4.92172e-08
-3.63095e-07
3.21603e-08
-2.58922e-07
2.00352e-08
-1.60643e-07
1.29223e-08
-6.78694e-08
1.1433e-08
2.05734e-08
1.65376e-08
1.07646e-07
3.01245e-08
1.94688e-07
5.40527e-08
2.81119e-07
8.89534e-08
3.62803e-07
1.33513e-07
4.33048e-07
1.84842e-07
4.85682e-07
2.39531e-07
5.17095e-07
2.94533e-07
5.26963e-07
3.47566e-07
5.17743e-07
3.97154e-07
4.93498e-07
4.42579e-07
4.58642e-07
4.83634e-07
4.17349e-07
5.20459e-07
3.73072e-07
5.53387e-07
3.28428e-07
5.82829e-07
2.85257e-07
6.09211e-07
2.44721e-07
6.32935e-07
2.07463e-07
6.54354e-07
1.73754e-07
6.73773e-07
1.43601e-07
6.91444e-07
1.16851e-07
7.07572e-07
9.32586e-08
7.22315e-07
7.2533e-08
7.3579e-07
5.43689e-08
7.48076e-07
3.84682e-08
7.59226e-07
2.45381e-08
7.6928e-07
1.22851e-08
7.78246e-07
1.44137e-09
7.86074e-07
-8.19922e-09
7.92682e-07
-1.6825e-08
7.97959e-07
-2.4616e-08
8.01757e-07
-3.17345e-08
8.03895e-07
-3.83262e-08
8.04152e-07
-4.45192e-08
8.02278e-07
-5.04178e-08
7.97993e-07
-5.6089e-08
7.91015e-07
-6.15493e-08
7.81106e-07
-6.67663e-08
7.68172e-07
-7.169e-08
7.52367e-07
-7.63038e-08
7.34182e-07
-8.06585e-08
7.14417e-07
-8.4836e-08
6.94037e-07
-8.88279e-08
6.73947e-07
-9.2384e-08
6.54786e-07
-9.49301e-08
6.36847e-07
-9.56245e-08
6.20125e-07
-9.35259e-08
6.04449e-07
-8.77884e-08
5.89618e-07
-7.78046e-08
5.75483e-07
-6.32466e-08
5.61968e-07
-4.40415e-08
5.49071e-07
-2.03417e-08
5.36819e-07
7.51831e-09
5.25272e-07
3.89629e-08
5.14538e-07
7.3141e-08
5.04856e-07
1.08913e-07
4.96785e-07
1.44641e-07
4.91277e-07
1.77724e-07
4.89426e-07
2.04162e-07
4.91764e-07
2.18659e-07
4.97343e-07
2.1585e-07
5.03152e-07
1.92456e-07
5.04373e-07
1.49098e-07
4.95478e-07
9.01403e-08
4.7129e-07
2.12429e-08
4.28621e-07
-5.391e-08
3.67307e-07
-1.33817e-07
2.90891e-07
-2.17974e-07
2.06462e-07
-3.03579e-07
1.23009e-07
-3.83413e-07
4.82535e-08
-4.47152e-07
-1.46534e-08
-4.85877e-07
-6.78861e-08
-4.96862e-07
-1.15258e-07
-4.87983e-07
-1.59602e-07
-4.66961e-07
-2.02307e-07
-4.39182e-07
-2.43592e-07
-4.07782e-07
-2.83021e-07
-3.74312e-07
-3.1994e-07
-3.39476e-07
-3.53711e-07
-3.03646e-07
-3.838e-07
-2.67102e-07
-4.09789e-07
-2.30113e-07
-4.31362e-07
-1.92954e-07
-4.483e-07
-1.55896e-07
-4.60456e-07
-1.19214e-07
-4.67756e-07
-8.31602e-08
-4.70188e-07
-4.80149e-08
-4.67787e-07
-1.40183e-08
-4.60628e-07
1.87183e-08
-4.48853e-07
4.99788e-08
-4.32651e-07
7.95718e-08
-4.12253e-07
1.07312e-07
-3.87932e-07
1.33026e-07
-3.60002e-07
1.5655e-07
-3.28809e-07
1.77748e-07
-2.94733e-07
1.96508e-07
-2.58174e-07
2.1275e-07
-2.19541e-07
2.2643e-07
-1.79255e-07
2.37541e-07
-1.37727e-07
2.46115e-07
-9.53424e-08
2.52225e-07
-5.24721e-08
2.55961e-07
-9.50482e-09
2.57445e-07
3.3221e-08
2.56756e-07
7.54569e-08
2.53996e-07
1.16985e-07
2.4933e-07
1.57606e-07
2.42914e-07
1.97163e-07
2.34873e-07
2.35532e-07
2.25323e-07
2.72641e-07
2.14289e-07
3.08445e-07
2.0208e-07
1.87514e-07
3.43055e-07
1.46044e-06
-2.81919e-08
1.45982e-06
-2.81079e-08
1.45905e-06
-2.76571e-08
1.4582e-06
-2.69073e-08
1.45734e-06
-2.58669e-08
1.45655e-06
-2.44776e-08
1.45592e-06
-2.26871e-08
1.45554e-06
-2.04706e-08
1.45552e-06
-1.78221e-08
1.45594e-06
-1.47538e-08
1.45692e-06
-1.13027e-08
1.45854e-06
-7.53332e-09
1.46089e-06
-3.53506e-09
1.46401e-06
5.8988e-10
1.46797e-06
4.69933e-09
1.47276e-06
8.65666e-09
1.47837e-06
1.22884e-08
1.48476e-06
1.54164e-08
1.49187e-06
1.78603e-08
1.4996e-06
1.94394e-08
1.50785e-06
1.99794e-08
1.51646e-06
1.93209e-08
1.52529e-06
1.73235e-08
1.53417e-06
1.3862e-08
1.54291e-06
8.82444e-09
1.55134e-06
2.09939e-09
1.55928e-06
-6.41622e-09
1.56657e-06
-1.68097e-08
1.5731e-06
-2.91548e-08
1.57877e-06
-4.35127e-08
1.58351e-06
-5.99289e-08
1.58734e-06
-7.84282e-08
1.59028e-06
-9.90066e-08
1.5924e-06
-1.2162e-07
1.59376e-06
-1.46168e-07
1.59438e-06
-1.72477e-07
1.59415e-06
-2.00272e-07
1.59274e-06
-2.29147e-07
1.58952e-06
-2.5853e-07
1.58345e-06
-2.8764e-07
1.57296e-06
-3.15456e-07
1.55599e-06
-3.40714e-07
1.53009e-06
-3.61946e-07
1.49265e-06
-3.77597e-07
1.44134e-06
-3.86191e-07
1.37455e-06
-3.86539e-07
1.29184e-06
-3.77932e-07
1.19429e-06
-3.60222e-07
1.08456e-06
-3.33777e-07
9.66568e-07
-2.99125e-07
8.44564e-07
-2.56165e-07
7.20997e-07
-2.02939e-07
5.93253e-07
-1.34512e-07
4.51484e-07
-4.14557e-08
2.93831e-07
7.02492e-08
1.61178e-07
1.13921e-07
8.50677e-08
-2.87761e-08
3.2924e-08
-3.09728e-07
-1.58805e-08
-5.73385e-07
-5.29275e-08
-7.25999e-07
-8.01625e-08
-7.41877e-07
-1.04465e-07
-6.6698e-07
-1.30134e-07
-5.57767e-07
-1.56128e-07
-4.45876e-07
-1.79267e-07
-3.39956e-07
-1.97333e-07
-2.40856e-07
-2.09491e-07
-1.48486e-07
-2.15396e-07
-6.19635e-08
-2.14239e-07
1.94157e-08
-2.05117e-07
9.85236e-08
-1.86229e-07
1.758e-07
-1.55552e-07
2.50441e-07
-1.12147e-07
3.19398e-07
-5.72165e-08
3.78117e-07
5.99044e-09
4.22475e-07
7.39195e-08
4.49166e-07
1.42769e-07
4.58113e-07
2.099e-07
4.50612e-07
2.73301e-07
4.30097e-07
3.31897e-07
4.00046e-07
3.85165e-07
3.64081e-07
4.3305e-07
3.25187e-07
4.75788e-07
2.85691e-07
5.13764e-07
2.47281e-07
5.47437e-07
2.11048e-07
5.77273e-07
1.77627e-07
6.0371e-07
1.47317e-07
6.27141e-07
1.20169e-07
6.4791e-07
9.60822e-08
6.66301e-07
7.48674e-08
6.82544e-07
5.62899e-08
6.96814e-07
4.00995e-08
7.09241e-07
2.60414e-08
7.19923e-07
1.38553e-08
7.2892e-07
3.28816e-09
7.36215e-07
-5.85283e-09
7.41746e-07
-1.37309e-08
7.4543e-07
-2.05091e-08
7.47148e-07
-2.63337e-08
7.46749e-07
-3.13359e-08
7.44059e-07
-3.56353e-08
7.38882e-07
-3.93428e-08
7.31024e-07
-4.25597e-08
7.20316e-07
-4.53806e-08
7.06673e-07
-4.79063e-08
6.9018e-07
-5.02737e-08
6.71183e-07
-5.26934e-08
6.50335e-07
-5.5455e-08
6.28532e-07
-5.88561e-08
6.06742e-07
-6.30453e-08
5.85761e-07
-6.78472e-08
5.66051e-07
-7.26741e-08
5.47717e-07
-7.65957e-08
5.30627e-07
-7.85352e-08
5.14587e-07
-7.74852e-08
4.99462e-07
-7.2664e-08
4.85247e-07
-6.35897e-08
4.72051e-07
-5.00499e-08
4.60046e-07
-3.20368e-08
4.49553e-07
-9.84918e-09
4.40885e-07
1.61863e-08
4.3437e-07
4.5478e-08
4.3038e-07
7.7131e-08
4.29384e-07
1.09909e-07
4.32047e-07
1.41978e-07
4.39172e-07
1.706e-07
4.51343e-07
1.9199e-07
4.68276e-07
2.01726e-07
4.88146e-07
1.9598e-07
5.07367e-07
1.73235e-07
5.21059e-07
1.35406e-07
5.23939e-07
8.72599e-08
5.11069e-07
3.41134e-08
4.78502e-07
-2.13439e-08
4.24346e-07
-7.96608e-08
3.49702e-07
-1.43329e-07
2.5964e-07
-2.13517e-07
1.62983e-07
-2.86755e-07
7.01157e-08
-3.54285e-07
-1.08202e-08
-4.04941e-07
-7.79732e-08
-4.29709e-07
-1.34671e-07
-4.31285e-07
-1.84656e-07
-4.16976e-07
-2.30696e-07
-3.93142e-07
-2.74203e-07
-3.64274e-07
-3.1548e-07
-3.33035e-07
-3.54194e-07
-3.00763e-07
-3.89771e-07
-2.68069e-07
-4.21634e-07
-2.35239e-07
-4.49296e-07
-2.0245e-07
-4.72393e-07
-1.69857e-07
-4.90671e-07
-1.37619e-07
-5.03973e-07
-1.05912e-07
-5.12221e-07
-7.49118e-08
-5.15418e-07
-4.48182e-08
-5.13608e-07
-1.5828e-08
-5.06883e-07
1.19934e-08
-4.95405e-07
3.85004e-08
-4.79379e-07
6.35457e-08
-4.59052e-07
8.6986e-08
-4.34713e-07
1.08686e-07
-4.06684e-07
1.28521e-07
-3.75323e-07
1.46387e-07
-3.41013e-07
1.62197e-07
-3.04154e-07
1.75892e-07
-2.6516e-07
1.87436e-07
-2.24446e-07
1.96827e-07
-1.8242e-07
2.04089e-07
-1.39472e-07
2.09277e-07
-9.59704e-08
2.12459e-07
-5.226e-08
2.13734e-07
-8.6985e-09
2.13195e-07
3.44072e-08
2.10891e-07
7.6843e-08
2.06894e-07
1.18406e-07
2.01351e-07
1.58916e-07
1.94364e-07
1.9823e-07
1.86009e-07
2.36249e-07
1.76269e-07
2.72934e-07
1.65395e-07
1.52082e-07
3.08366e-07
1.46515e-06
-2.7958e-08
1.46482e-06
-2.77739e-08
1.46438e-06
-2.72174e-08
1.46391e-06
-2.64341e-08
1.46346e-06
-2.54213e-08
1.46309e-06
-2.41106e-08
1.46287e-06
-2.24654e-08
1.46288e-06
-2.04741e-08
1.46319e-06
-1.81339e-08
1.46389e-06
-1.54571e-08
1.46507e-06
-1.24803e-08
1.4668e-06
-9.26204e-09
1.46914e-06
-5.88184e-09
1.47217e-06
-2.43412e-09
1.47593e-06
9.39742e-10
1.48042e-06
4.16655e-09
1.48563e-06
7.07742e-09
1.49152e-06
9.52359e-09
1.49803e-06
1.13502e-08
1.50508e-06
1.23948e-08
1.51255e-06
1.25024e-08
1.52033e-06
1.15387e-08
1.52826e-06
9.39485e-09
1.53618e-06
5.94599e-09
1.54395e-06
1.05626e-09
1.55143e-06
-5.38652e-09
1.55849e-06
-1.34742e-08
1.56498e-06
-2.33012e-08
1.57078e-06
-3.4955e-08
1.57578e-06
-4.85074e-08
1.57986e-06
-6.40061e-08
1.58289e-06
-8.14632e-08
1.58472e-06
-1.0084e-07
1.58513e-06
-1.22024e-07
1.58377e-06
-1.44809e-07
1.58015e-06
-1.68859e-07
1.57355e-06
-1.93673e-07
1.56296e-06
-2.18555e-07
1.54702e-06
-2.42589e-07
1.52402e-06
-2.64646e-07
1.49201e-06
-2.83437e-07
1.44891e-06
-2.97619e-07
1.39291e-06
-3.0595e-07
1.32278e-06
-3.07463e-07
1.23822e-06
-3.01629e-07
1.14017e-06
-2.88486e-07
1.03094e-06
-2.68706e-07
9.14277e-07
-2.43559e-07
7.95206e-07
-2.14707e-07
6.79362e-07
-1.83281e-07
5.71133e-07
-1.47936e-07
4.70481e-07
-1.02287e-07
3.70138e-07
-3.41687e-08
2.60643e-07
6.80392e-08
1.58896e-07
1.71996e-07
9.36629e-08
1.79154e-07
3.89728e-08
2.5914e-08
-4.48339e-08
-2.25921e-07
-1.4156e-07
-4.7666e-07
-2.23045e-07
-6.44514e-07
-2.7741e-07
-6.87512e-07
-3.13741e-07
-6.3065e-07
-3.4462e-07
-5.26888e-07
-3.74911e-07
-4.15585e-07
-4.02608e-07
-3.12259e-07
-4.24425e-07
-2.19039e-07
-4.38483e-07
-1.34428e-07
-4.43874e-07
-5.65723e-08
-4.39748e-07
1.52896e-08
-4.25057e-07
8.38327e-08
-3.9854e-07
1.49282e-07
-3.59031e-07
2.10933e-07
-3.06309e-07
2.66677e-07
-2.41629e-07
3.13437e-07
-1.675e-07
3.48346e-07
-8.78322e-08
3.69498e-07
-6.65112e-09
3.76932e-07
7.2589e-08
3.71372e-07
1.4762e-07
3.55066e-07
2.1746e-07
3.30205e-07
2.81186e-07
3.00356e-07
3.38574e-07
2.67798e-07
3.89742e-07
2.34522e-07
4.35e-07
2.02023e-07
4.74801e-07
1.71248e-07
5.09632e-07
1.42796e-07
5.39975e-07
1.16974e-07
5.66287e-07
9.38572e-08
5.88976e-07
7.33927e-08
6.08396e-07
5.5448e-08
6.24837e-07
3.98486e-08
6.38537e-07
2.63994e-08
6.49686e-07
1.48921e-08
6.58412e-07
5.13001e-09
6.64773e-07
-3.07306e-09
6.68792e-07
-9.87163e-09
6.70482e-07
-1.54217e-08
6.6984e-07
-1.98667e-08
6.66841e-07
-2.33344e-08
6.61446e-07
-2.59413e-08
6.5361e-07
-2.77996e-08
6.43293e-07
-2.90257e-08
6.30488e-07
-2.97549e-08
6.15273e-07
-3.0165e-08
5.97873e-07
-3.05061e-08
5.78722e-07
-3.11234e-08
5.58468e-07
-3.24388e-08
5.37873e-07
-3.48603e-08
5.17639e-07
-3.86219e-08
4.98218e-07
-4.36247e-08
4.79737e-07
-4.9366e-08
4.62064e-07
-5.5001e-08
4.44986e-07
-5.95177e-08
4.28379e-07
-6.19279e-08
4.12294e-07
-6.14011e-08
3.96976e-07
-5.73458e-08
3.82798e-07
-4.94117e-08
3.70206e-07
-3.74575e-08
3.59614e-07
-2.14453e-08
3.51763e-07
-1.99761e-09
3.471e-07
2.0849e-08
3.46169e-07
4.64087e-08
3.49525e-07
7.37755e-08
3.57751e-07
1.01683e-07
3.71448e-07
1.28281e-07
3.91063e-07
1.50985e-07
4.16517e-07
1.66536e-07
4.467e-07
1.71543e-07
4.79096e-07
1.63584e-07
5.09848e-07
1.42482e-07
5.3437e-07
1.10885e-07
5.48124e-07
7.3506e-08
5.47051e-07
3.51862e-08
5.27411e-07
-1.70384e-09
4.86204e-07
-3.8454e-08
4.22004e-07
-7.91289e-08
3.36307e-07
-1.27821e-07
2.34816e-07
-1.85264e-07
1.2726e-07
-2.46729e-07
2.50943e-08
-3.02776e-07
-6.29815e-08
-3.41633e-07
-1.36379e-07
-3.57887e-07
-1.98058e-07
-3.55297e-07
-2.51436e-07
-3.39764e-07
-2.99245e-07
-3.16465e-07
-3.43085e-07
-2.89195e-07
-3.83563e-07
-2.60285e-07
-4.20628e-07
-2.31003e-07
-4.53913e-07
-2.01954e-07
-4.82967e-07
-1.73397e-07
-5.07389e-07
-1.45435e-07
-5.26881e-07
-1.18127e-07
-5.41256e-07
-9.15368e-08
-5.50422e-07
-6.57463e-08
-5.54386e-07
-4.08539e-08
-5.53191e-07
-1.70237e-08
-5.46941e-07
5.74389e-09
-5.35821e-07
2.73806e-08
-5.20053e-07
4.77769e-08
-4.99894e-07
6.68274e-08
-4.75642e-07
8.4434e-08
-4.4763e-07
1.00509e-07
-4.16219e-07
1.14976e-07
-3.81795e-07
1.27773e-07
-3.44761e-07
1.38858e-07
-3.05528e-07
1.48204e-07
-2.6451e-07
1.55808e-07
-2.2211e-07
1.6169e-07
-1.78723e-07
1.65889e-07
-1.34721e-07
1.68457e-07
-9.04461e-08
1.69459e-07
-4.62212e-08
1.6897e-07
-2.38147e-09
1.67051e-07
4.08075e-08
1.63705e-07
8.31572e-08
1.59001e-07
1.24468e-07
1.53053e-07
1.64578e-07
1.45899e-07
2.0335e-07
1.37497e-07
2.40754e-07
1.27992e-07
1.16066e-07
2.7677e-07
1.47826e-06
-2.84862e-08
1.47845e-06
-2.7959e-08
1.47839e-06
-2.71641e-08
1.47825e-06
-2.62897e-08
1.47806e-06
-2.52389e-08
1.47789e-06
-2.39319e-08
1.47778e-06
-2.23549e-08
1.47781e-06
-2.05041e-08
1.47805e-06
-1.83792e-08
1.47859e-06
-1.59961e-08
1.4795e-06
-1.33926e-08
1.48087e-06
-1.06269e-08
1.48275e-06
-7.76724e-09
1.48521e-06
-4.8911e-09
1.48827e-06
-2.1221e-09
1.49197e-06
4.62817e-10
1.49632e-06
2.72985e-09
1.50127e-06
4.57761e-09
1.50674e-06
5.87581e-09
1.51266e-06
6.47573e-09
1.51892e-06
6.24467e-09
1.52538e-06
5.07482e-09
1.53193e-06
2.84882e-09
1.53843e-06
-5.57701e-10
1.54469e-06
-5.20131e-09
1.55046e-06
-1.11557e-08
1.55549e-06
-1.85063e-08
1.55952e-06
-2.73263e-08
1.56224e-06
-3.76786e-08
1.56334e-06
-4.96082e-08
1.56247e-06
-6.31319e-08
1.55923e-06
-7.82217e-08
1.55317e-06
-9.47818e-08
1.54376e-06
-1.12617e-07
1.53035e-06
-1.31396e-07
1.5121e-06
-1.50608e-07
1.48796e-06
-1.6954e-07
1.45668e-06
-1.87268e-07
1.41679e-06
-2.02698e-07
1.36681e-06
-2.14668e-07
1.30546e-06
-2.22086e-07
1.23193e-06
-2.24097e-07
1.14622e-06
-2.20234e-07
1.04927e-06
-2.10512e-07
9.43103e-07
-1.95464e-07
8.30755e-07
-1.76138e-07
7.1616e-07
-1.5411e-07
6.0406e-07
-1.31459e-07
4.99714e-07
-1.1036e-07
4.07765e-07
-9.1333e-08
3.29563e-07
-6.97336e-08
2.61258e-07
-3.39815e-08
1.96889e-07
3.01998e-08
1.42238e-07
1.2269e-07
1.16251e-07
1.97983e-07
1.14399e-07
1.81005e-07
8.02696e-08
6.00438e-08
-2.40818e-08
-1.21569e-07
-1.74723e-07
-3.26018e-07
-3.2071e-07
-4.98527e-07
-4.28907e-07
-5.79314e-07
-4.97974e-07
-5.61583e-07
-5.43776e-07
-4.81086e-07
-5.80443e-07
-3.78918e-07
-6.12484e-07
-2.80218e-07
-6.38093e-07
-1.9343e-07
-6.54308e-07
-1.18212e-07
-6.59052e-07
-5.18289e-08
-6.51407e-07
7.64454e-09
-6.30573e-07
6.2999e-08
-5.96055e-07
1.14764e-07
-5.47552e-07
1.6243e-07
-4.85584e-07
2.04709e-07
-4.11848e-07
2.39701e-07
-3.29101e-07
2.65599e-07
-2.4079e-07
2.81187e-07
-1.50332e-07
2.86474e-07
-6.14005e-08
2.8244e-07
2.33809e-08
2.70285e-07
1.01758e-07
2.51829e-07
1.73433e-07
2.2868e-07
2.3806e-07
2.03171e-07
2.95567e-07
1.77016e-07
3.4613e-07
1.5146e-07
3.90178e-07
1.272e-07
4.28175e-07
1.04798e-07
4.60617e-07
8.45316e-08
4.88005e-07
6.64697e-08
5.10807e-07
5.05905e-08
5.29448e-07
3.6807e-08
5.44302e-07
2.49942e-08
5.55691e-07
1.50108e-08
5.6388e-07
6.70282e-09
5.69038e-07
-2.82093e-11
5.71364e-07
-5.39862e-09
5.71054e-07
-9.56219e-09
5.68299e-07
-1.26664e-08
5.63273e-07
-1.48405e-08
5.56134e-07
-1.61957e-08
5.47028e-07
-1.68355e-08
5.36098e-07
-1.68689e-08
5.23502e-07
-1.643e-08
5.09452e-07
-1.57052e-08
4.94245e-07
-1.49579e-08
4.78274e-07
-1.45348e-08
4.61985e-07
-1.48342e-08
4.45774e-07
-1.62279e-08
4.29863e-07
-1.89492e-08
4.14227e-07
-2.29864e-08
3.98635e-07
-2.80328e-08
3.82784e-07
-3.35143e-08
3.66461e-07
-3.86781e-08
3.49669e-07
-4.27253e-08
3.32673e-07
-4.49324e-08
3.15943e-07
-4.46713e-08
3.00083e-07
-4.14858e-08
2.85896e-07
-3.52249e-08
2.7406e-07
-2.56212e-08
2.65113e-07
-1.24979e-08
2.60381e-07
2.73395e-09
2.60183e-07
2.10474e-08
2.65252e-07
4.13391e-08
2.76218e-07
6.28104e-08
2.93619e-07
8.42812e-08
3.17804e-07
1.04096e-07
3.48714e-07
1.20075e-07
3.85566e-07
1.29684e-07
4.26523e-07
1.30586e-07
4.68581e-07
1.21526e-07
5.07863e-07
1.032e-07
5.40274e-07
7.84741e-08
5.62187e-07
5.1593e-08
5.70783e-07
2.65899e-08
5.63618e-07
5.46112e-09
5.38131e-07
-1.29665e-08
4.91806e-07
-3.28042e-08
4.22848e-07
-5.8863e-08
3.31926e-07
-9.43419e-08
2.23932e-07
-1.38735e-07
1.08175e-07
-1.87018e-07
-2.77296e-09
-2.30685e-07
-1.00265e-07
-2.60395e-07
-1.82895e-07
-2.72667e-07
-2.52359e-07
-2.703e-07
-3.11292e-07
-2.57532e-07
-3.62161e-07
-2.38326e-07
-4.06819e-07
-2.15628e-07
-4.46353e-07
-1.91469e-07
-4.81212e-07
-1.67095e-07
-5.11434e-07
-1.43174e-07
-5.36859e-07
-1.2001e-07
-5.57275e-07
-9.77108e-08
-5.72509e-07
-7.63026e-08
-5.82462e-07
-5.57932e-08
-5.87112e-07
-3.62047e-08
-5.86532e-07
-1.76031e-08
-5.8079e-07
1.65726e-12
-5.70069e-07
1.66596e-08
-5.54611e-07
3.2319e-08
-5.34684e-07
4.69007e-08
-5.10592e-07
6.03411e-08
-4.8267e-07
7.25873e-08
-4.51286e-07
8.35922e-08
-4.16829e-07
9.33159e-08
-3.797e-07
1.01729e-07
-3.40311e-07
1.08814e-07
-2.99071e-07
1.14568e-07
-2.56382e-07
1.19001e-07
-2.12638e-07
1.22145e-07
-1.68215e-07
1.24034e-07
-1.23462e-07
1.24707e-07
-7.87016e-08
1.24209e-07
-3.42382e-08
1.22587e-07
9.61911e-09
1.19848e-07
5.26473e-08
1.15973e-07
9.46575e-08
1.11043e-07
1.35453e-07
1.05103e-07
1.74826e-07
9.81239e-08
2.12711e-07
9.01067e-08
7.99484e-08
2.48828e-07
1.49114e-06
-2.68015e-08
1.48858e-06
-2.53962e-08
1.48545e-06
-2.40393e-08
1.48198e-06
-2.28202e-08
1.47827e-06
-2.15248e-08
1.47445e-06
-2.01118e-08
1.47068e-06
-1.85808e-08
1.46708e-06
-1.69113e-08
1.4638e-06
-1.50922e-08
1.46094e-06
-1.31368e-08
1.45862e-06
-1.10782e-08
1.45696e-06
-8.96261e-09
1.45602e-06
-6.8345e-09
1.45589e-06
-4.75288e-09
1.45654e-06
-2.77197e-09
1.45794e-06
-9.41936e-10
1.46002e-06
6.54056e-10
1.46268e-06
1.91075e-09
1.46583e-06
2.72931e-09
1.46932e-06
2.98444e-09
1.47299e-06
2.57168e-09
1.47662e-06
1.45286e-09
1.47991e-06
-4.40099e-10
1.48251e-06
-3.16489e-09
1.48411e-06
-6.7943e-09
1.48435e-06
-1.14008e-08
1.4829e-06
-1.70565e-08
1.4794e-06
-2.38265e-08
1.47348e-06
-3.17611e-08
1.46476e-06
-4.08834e-08
1.4528e-06
-5.11703e-08
1.4371e-06
-6.25285e-08
1.41709e-06
-7.47652e-08
1.39203e-06
-8.75566e-08
1.36106e-06
-1.00424e-07
1.32318e-06
-1.12728e-07
1.27732e-06
-1.23685e-07
1.22249e-06
-1.32432e-07
1.15791e-06
-1.38128e-07
1.08332e-06
-1.40078e-07
9.99105e-07
-1.37866e-07
9.06459e-07
-1.31451e-07
8.07428e-07
-1.21203e-07
7.04792e-07
-1.07875e-07
6.01831e-07
-9.25038e-08
5.0206e-07
-7.6368e-08
4.09046e-07
-6.10955e-08
3.26275e-07
-4.86885e-08
2.56443e-07
-4.05281e-08
1.9973e-07
-3.46203e-08
1.5321e-07
-2.32139e-08
1.17138e-07
2.09052e-09
9.61768e-08
5.11616e-08
1.0316e-07
1.15707e-07
1.44774e-07
1.56369e-07
1.91912e-07
1.33868e-07
1.92625e-07
5.93301e-08
1.08035e-07
-3.69794e-08
-6.6264e-08
-1.51719e-07
-2.79753e-07
-2.85039e-07
-4.71039e-07
-3.88028e-07
-6.1121e-07
-4.21412e-07
-7.02357e-07
-3.89939e-07
-7.60282e-07
-3.20993e-07
-7.99174e-07
-2.41326e-07
-8.26005e-07
-1.666e-07
-8.41892e-07
-1.02325e-07
-8.45381e-07
-4.83399e-08
-8.34751e-07
-2.98493e-09
-8.08929e-07
3.71766e-08
-7.68068e-07
7.39034e-08
-7.12552e-07
1.06914e-07
-6.43526e-07
1.35683e-07
-5.63059e-07
1.59234e-07
-4.74017e-07
1.76557e-07
-3.79821e-07
1.86991e-07
-2.83874e-07
1.90527e-07
-1.89122e-07
1.87689e-07
-9.83602e-08
1.79523e-07
-1.38156e-08
1.67284e-07
6.27097e-08
1.52155e-07
1.31423e-07
1.34458e-07
1.92421e-07
1.16018e-07
2.45567e-07
9.83138e-08
2.91295e-07
8.14712e-08
3.29986e-07
6.61075e-08
3.62146e-07
5.2372e-08
3.88339e-07
4.02766e-08
4.09128e-07
2.98015e-08
4.25054e-07
2.08808e-08
4.36627e-07
1.3421e-08
4.44317e-07
7.32058e-09
4.48578e-07
2.44244e-09
4.49749e-07
-1.19942e-09
4.48306e-07
-3.9557e-09
4.4464e-07
-5.896e-09
4.39116e-07
-7.14259e-09
4.32067e-07
-7.79117e-09
4.23798e-07
-7.92722e-09
4.14601e-07
-7.63789e-09
4.04755e-07
-7.02337e-09
3.94537e-07
-6.21147e-09
3.84203e-07
-5.3713e-09
3.73963e-07
-4.71843e-09
3.63929e-07
-4.5005e-09
3.54054e-07
-4.95895e-09
3.44101e-07
-6.27548e-09
3.33673e-07
-8.52075e-09
3.22305e-07
-1.16182e-08
3.09606e-07
-1.53342e-08
2.95387e-07
-1.92954e-08
2.79732e-07
-2.30233e-08
2.63027e-07
-2.60196e-08
2.45885e-07
-2.77909e-08
2.29031e-07
-2.78171e-08
2.1339e-07
-2.58446e-08
1.99918e-07
-2.17529e-08
1.8937e-07
-1.50733e-08
1.82978e-07
-6.10618e-09
1.81691e-07
4.02118e-09
1.86169e-07
1.65689e-08
1.97173e-07
3.03359e-08
2.15294e-07
4.46886e-08
2.40889e-07
5.86867e-08
2.73921e-07
7.10637e-08
3.13754e-07
8.02419e-08
3.589e-07
8.4538e-08
4.06865e-07
8.26215e-08
4.54245e-07
7.41455e-08
4.97203e-07
6.02425e-08
5.32202e-07
4.34754e-08
5.56711e-07
2.70835e-08
5.69526e-07
1.37756e-08
5.70384e-07
4.60248e-09
5.58597e-07
-1.17922e-09
5.32644e-07
-6.85117e-09
4.89502e-07
-1.57213e-08
4.258e-07
-3.06397e-08
3.40056e-07
-5.29913e-08
2.34896e-07
-8.18583e-08
1.17987e-07
-1.13777e-07
9.90197e-10
-1.43397e-07
-1.0677e-07
-1.64907e-07
-2.01409e-07
-1.75661e-07
-2.82484e-07
-1.76457e-07
-3.50969e-07
-1.69841e-07
-4.08553e-07
-1.58044e-07
-4.56938e-07
-1.43083e-07
-4.97515e-07
-1.26519e-07
-5.3128e-07
-1.09409e-07
-5.58878e-07
-9.24117e-08
-5.80683e-07
-7.59057e-08
-5.969e-07
-6.00862e-08
-6.07637e-07
-4.50559e-08
-6.12972e-07
-3.08695e-08
-6.13021e-07
-1.75545e-08
-6.07858e-07
-5.16134e-09
-5.97608e-07
6.41024e-09
-5.82524e-07
1.72351e-08
-5.62881e-07
2.72575e-08
-5.38989e-07
3.64493e-08
-5.11197e-07
4.47946e-08
-4.79877e-07
5.22724e-08
-4.45423e-07
5.88617e-08
-4.08239e-07
6.45456e-08
-3.68738e-07
6.93135e-08
-3.27332e-07
7.31614e-08
-2.84425e-07
7.60939e-08
-2.40409e-07
7.81291e-08
-1.9568e-07
7.93053e-08
-1.50588e-07
7.96152e-08
-1.05482e-07
7.91035e-08
-6.06825e-08
7.77879e-08
-1.65106e-08
7.56757e-08
2.67324e-08
7.27302e-08
6.88069e-08
6.89688e-08
1.09438e-07
6.44719e-08
1.48295e-07
5.92673e-08
1.85028e-07
5.33736e-08
4.58651e-08
2.19111e-07
1.37313e-06
-1.23861e-08
1.35833e-06
-1.05951e-08
1.34394e-06
-9.65027e-09
1.32998e-06
-8.85436e-09
1.31645e-06
-7.99246e-09
1.30347e-06
-7.13511e-09
1.29118e-06
-6.28727e-09
1.27967e-06
-5.40499e-09
1.26904e-06
-4.46315e-09
1.25937e-06
-3.46877e-09
1.25074e-06
-2.44569e-09
1.24321e-06
-1.43744e-09
1.23691e-06
-5.27013e-10
1.23193e-06
2.24686e-10
1.22826e-06
8.96123e-10
1.22581e-06
1.50674e-09
1.22445e-06
2.01682e-09
1.22398e-06
2.37843e-09
1.22415e-06
2.5603e-09
1.22463e-06
2.50796e-09
1.22518e-06
2.01781e-09
1.22579e-06
8.44707e-10
1.22645e-06
-1.09893e-09
1.22678e-06
-3.49931e-09
1.22637e-06
-6.38405e-09
1.22474e-06
-9.76598e-09
1.22134e-06
-1.36543e-08
1.21555e-06
-1.80427e-08
1.20669e-06
-2.29041e-08
1.19399e-06
-2.81812e-08
1.1766e-06
-3.37763e-08
1.15361e-06
-3.95401e-08
1.12411e-06
-4.52629e-08
1.08722e-06
-5.06698e-08
1.04222e-06
-5.5426e-08
9.88652e-07
-5.91572e-08
9.26449e-07
-6.14826e-08
8.56084e-07
-6.20669e-08
7.78638e-07
-6.06825e-08
6.95827e-07
-5.72667e-08
6.0992e-07
-5.19597e-08
5.23582e-07
-4.51124e-08
4.39645e-07
-3.72661e-08
3.60884e-07
-2.91149e-08
2.89812e-07
-2.14313e-08
2.28428e-07
-1.49846e-08
1.77828e-07
-1.04952e-08
1.37622e-07
-8.48214e-09
1.05674e-07
-8.58041e-09
7.95836e-08
-8.52995e-09
6.00999e-08
-3.73017e-09
5.36786e-08
8.51181e-09
7.11984e-08
3.36418e-08
1.233e-07
6.36051e-08
2.02185e-07
7.74846e-08
2.75114e-07
6.09387e-08
3.0702e-07
2.74237e-08
2.73603e-07
-3.5622e-09
1.52324e-07
-3.04398e-08
-5.67181e-08
-7.5996e-08
-3.0553e-07
-1.39216e-07
-5.34828e-07
-1.92114e-07
-7.16645e-07
-2.08122e-07
-8.45344e-07
-1.92293e-07
-9.2725e-07
-1.59421e-07
-9.73293e-07
-1.20556e-07
-9.93758e-07
-8.18598e-08
-9.95817e-07
-4.62811e-08
-9.83777e-07
-1.50247e-08
-9.56609e-07
1.00077e-08
-9.13075e-07
3.03699e-08
-8.54046e-07
4.78849e-08
-7.81281e-07
6.29178e-08
-6.97203e-07
7.51557e-08
-6.04808e-07
8.41629e-08
-5.07467e-07
8.96494e-08
-4.08553e-07
9.16124e-08
-3.1119e-07
9.03254e-08
-2.17977e-07
8.63096e-08
-1.30951e-07
8.02587e-08
-5.13302e-08
7.25339e-08
1.91099e-08
6.4018e-08
8.01791e-08
5.4949e-08
1.32312e-07
4.61805e-08
1.76484e-07
3.72993e-08
2.12837e-07
2.9755e-08
2.42003e-07
2.32061e-08
2.64718e-07
1.75617e-08
2.81738e-07
1.27807e-08
2.93814e-07
8.80468e-09
3.01682e-07
5.55328e-09
3.06069e-07
2.93352e-09
3.07673e-07
8.39261e-10
3.07052e-07
-5.79035e-10
3.04659e-07
-1.56239e-09
3.00908e-07
-2.14487e-09
2.96198e-07
-2.43292e-09
2.90896e-07
-2.4892e-09
2.8533e-07
-2.3615e-09
2.79787e-07
-2.09458e-09
2.74499e-07
-1.7355e-09
2.69628e-07
-1.34026e-09
2.65233e-07
-9.76616e-10
2.61241e-07
-7.26684e-10
2.57424e-07
-6.82715e-10
2.53397e-07
-9.32263e-10
2.48658e-07
-1.53697e-09
2.42661e-07
-2.52329e-09
2.34915e-07
-3.87217e-09
2.25091e-07
-5.51022e-09
2.13107e-07
-7.31088e-09
1.99191e-07
-9.10738e-09
1.83869e-07
-1.06977e-08
1.67907e-07
-1.18294e-08
1.52313e-07
-1.22226e-08
1.38151e-07
-1.16827e-08
1.26423e-07
-1.00252e-08
1.18391e-07
-7.04081e-09
1.15177e-07
-2.89212e-09
1.17138e-07
2.0599e-09
1.25633e-07
8.07344e-09
1.41294e-07
1.46754e-08
1.64529e-07
2.14539e-08
1.95342e-07
2.78737e-08
2.33161e-07
3.32443e-08
2.76634e-07
3.67685e-08
3.23481e-07
3.76913e-08
3.7054e-07
3.55622e-08
4.14162e-07
3.0524e-08
4.50956e-07
2.3448e-08
4.78674e-07
1.5758e-08
4.96787e-07
8.97009e-09
5.06413e-07
4.1497e-09
5.09467e-07
1.54839e-09
5.07609e-07
6.78816e-10
5.00637e-07
1.20696e-10
4.86012e-07
-1.09595e-09
4.59137e-07
-3.76466e-09
4.15037e-07
-8.89177e-09
3.50175e-07
-1.69962e-08
2.64433e-07
-2.80353e-08
1.62134e-07
-4.1098e-08
5.16357e-08
-5.44091e-08
-5.81213e-08
-6.59043e-08
-1.60505e-07
-7.40729e-08
-2.52511e-07
-7.78355e-08
-3.33078e-07
-7.74769e-08
-4.02056e-07
-7.41059e-08
-4.59853e-07
-6.87216e-08
-5.07218e-07
-6.20435e-08
-5.45041e-07
-5.45895e-08
-5.74228e-07
-4.67187e-08
-5.9564e-07
-3.86739e-08
-6.10065e-07
-3.0631e-08
-6.18203e-07
-2.27313e-08
-6.20651e-07
-1.51063e-08
-6.17889e-07
-7.92385e-09
-6.10073e-07
-1.40525e-09
-5.97183e-07
4.34526e-09
-5.79408e-07
9.48245e-09
-5.57111e-07
1.41524e-08
-5.30692e-07
1.83752e-08
-5.00565e-07
2.21454e-08
-4.67157e-07
2.54537e-08
-4.30903e-07
2.82919e-08
-3.92244e-07
3.06541e-08
-3.51621e-07
3.25384e-08
-3.09478e-07
3.39507e-08
-2.66253e-07
3.49047e-08
-2.2235e-07
3.54017e-08
-1.78211e-07
3.54765e-08
-1.34242e-07
3.51345e-08
-9.08545e-08
3.44003e-08
-4.84707e-08
3.32919e-08
-7.54951e-09
3.18091e-08
3.15119e-08
2.99074e-08
6.83587e-08
2.76251e-08
1.02693e-07
2.49333e-08
1.33547e-07
2.25194e-08
1.84758e-08
1.60936e-07
9.49501e-07
9.38906e-07
9.29256e-07
9.20401e-07
9.12409e-07
9.05274e-07
8.98986e-07
8.93581e-07
8.89118e-07
8.85649e-07
8.83204e-07
8.81766e-07
8.81239e-07
8.81464e-07
8.8236e-07
8.83867e-07
8.85884e-07
8.88262e-07
8.90822e-07
8.9333e-07
8.95348e-07
8.96193e-07
8.95094e-07
8.91595e-07
8.85211e-07
8.75445e-07
8.6179e-07
8.43748e-07
8.20843e-07
7.92662e-07
7.58886e-07
7.19346e-07
6.74083e-07
6.23413e-07
5.67987e-07
5.0883e-07
4.47347e-07
3.85281e-07
3.24598e-07
2.67331e-07
2.15372e-07
1.70259e-07
1.32993e-07
1.03878e-07
8.2447e-08
6.74624e-08
5.69672e-08
4.8485e-08
3.99046e-08
3.13747e-08
2.76445e-08
3.61563e-08
6.97981e-08
1.33403e-07
2.10888e-07
2.71827e-07
2.9925e-07
2.95688e-07
2.65248e-07
1.89252e-07
5.00362e-08
-1.42078e-07
-3.502e-07
-5.42494e-07
-7.01914e-07
-8.2247e-07
-9.0433e-07
-9.50611e-07
-9.65636e-07
-9.55628e-07
-9.25258e-07
-8.77373e-07
-8.14456e-07
-7.393e-07
-6.55137e-07
-5.65488e-07
-4.73875e-07
-3.8355e-07
-2.9724e-07
-2.16981e-07
-1.44447e-07
-8.04295e-08
-2.54805e-08
2.07e-08
5.79993e-08
8.77543e-08
1.1096e-07
1.28522e-07
1.41303e-07
1.50108e-07
1.55661e-07
1.58594e-07
1.59434e-07
1.58855e-07
1.57292e-07
1.55147e-07
1.52714e-07
1.50225e-07
1.47864e-07
1.45769e-07
1.44034e-07
1.42693e-07
1.41717e-07
1.4099e-07
1.40307e-07
1.39375e-07
1.37838e-07
1.35315e-07
1.31443e-07
1.25932e-07
1.18622e-07
1.09514e-07
9.88164e-08
8.6987e-08
7.47644e-08
6.30817e-08
5.30565e-08
4.60157e-08
4.31236e-08
4.51835e-08
5.3257e-08
6.79323e-08
8.93862e-08
1.1726e-07
1.50504e-07
1.87273e-07
2.24964e-07
2.60526e-07
2.9105e-07
3.14498e-07
3.30256e-07
3.39226e-07
3.43376e-07
3.44924e-07
3.45603e-07
3.45724e-07
3.44628e-07
3.40863e-07
3.31972e-07
3.14975e-07
2.8694e-07
2.45842e-07
1.91433e-07
1.25529e-07
5.14559e-08
-2.63797e-08
-1.03857e-07
-1.77963e-07
-2.46684e-07
-3.08728e-07
-3.63317e-07
-4.10036e-07
-4.4871e-07
-4.79341e-07
-5.02072e-07
-5.17178e-07
-5.25102e-07
-5.26507e-07
-5.22162e-07
-5.1268e-07
-4.98527e-07
-4.80152e-07
-4.58007e-07
-4.32553e-07
-4.04261e-07
-3.73607e-07
-3.41068e-07
-3.07118e-07
-2.72213e-07
-2.36811e-07
-2.01335e-07
-1.662e-07
-1.318e-07
-9.85082e-08
-6.66992e-08
-3.67918e-08
-9.16671e-09
1.57666e-08
3.8286e-08
5.67619e-08
3.87749e-08
8.13689e-08
-6.08213e-08
9.95962e-08
-1.57529e-07
9.67079e-08
-2.33597e-07
7.60676e-08
-2.79638e-07
4.60409e-08
-2.93624e-07
1.39866e-08
-2.76812e-07
-1.68124e-08
-2.33745e-07
-4.30671e-08
-1.70102e-07
-6.36424e-08
-9.26024e-08
-7.74999e-08
-9.15365e-09
-8.34488e-08
7.26601e-08
-8.18137e-08
1.47888e-07
-7.52275e-08
2.14573e-07
-6.66856e-08
2.72085e-07
-5.75122e-08
3.20753e-07
-4.86677e-08
3.61478e-07
-4.07255e-08
3.95431e-07
-3.39522e-08
4.23843e-07
-2.8412e-08
4.47854e-07
-2.40109e-08
4.68397e-07
-2.05438e-08
4.84703e-07
-1.63059e-08
4.96108e-07
-1.14049e-08
4.94577e-07
1.53108e-09
-1.71353e-08
-5.94271e-08
2.05031e-07
-1.71565e-07
2.11735e-07
-2.52672e-07
1.77815e-07
-2.99883e-07
1.23279e-07
-3.16141e-07
6.22988e-08
-3.05554e-07
3.39885e-09
-2.70159e-07
-5.22066e-08
-2.10672e-07
-1.02554e-07
-1.3194e-07
-1.42374e-07
-4.11517e-08
-1.68289e-07
5.35279e-08
-1.78128e-07
1.45066e-07
-1.73352e-07
2.29181e-07
-1.59342e-07
3.03215e-07
-1.40719e-07
3.66217e-07
-1.20514e-07
4.1849e-07
-1.0094e-07
4.61115e-07
-8.33511e-08
4.95556e-07
-6.83926e-08
5.23372e-07
-5.6228e-08
5.45969e-07
-4.66085e-08
5.64449e-07
-3.90231e-08
5.78772e-07
-3.0629e-08
5.89258e-07
-2.18916e-08
5.91143e-07
-3.53968e-10
-1.43146e-08
-8.93762e-08
3.06049e-07
-1.6501e-07
2.87369e-07
-2.13358e-07
2.26163e-07
-2.40106e-07
1.50027e-07
-2.47406e-07
6.95987e-08
-2.3323e-07
-1.0777e-08
-1.95724e-07
-8.97133e-08
-1.36423e-07
-1.61855e-07
-5.97938e-08
-2.19003e-07
2.73124e-08
-2.55395e-07
1.19217e-07
-2.70033e-07
2.10261e-07
-2.64396e-07
2.96127e-07
-2.45209e-07
3.74099e-07
-2.18691e-07
4.42988e-07
-1.89404e-07
5.02618e-07
-1.60571e-07
5.53408e-07
-1.34141e-07
5.96106e-07
-1.11091e-07
6.31669e-07
-9.17908e-08
6.61104e-07
-7.60439e-08
6.85412e-07
-6.33305e-08
7.04823e-07
-5.00401e-08
7.19835e-07
-3.69038e-08
7.25416e-07
-5.93463e-09
-1.01011e-08
-4.59321e-08
3.72995e-07
-9.36554e-08
3.35092e-07
-1.27557e-07
2.60065e-07
-1.49456e-07
1.71926e-07
-1.55771e-07
7.59137e-08
-1.4206e-07
-2.44883e-08
-1.06574e-07
-1.25199e-07
-5.02346e-08
-2.18195e-07
2.00988e-08
-2.89336e-07
1.01218e-07
-3.36514e-07
1.86476e-07
-3.55291e-07
2.71128e-07
-3.49048e-07
3.51395e-07
-3.25475e-07
4.24968e-07
-2.92264e-07
4.90956e-07
-2.55392e-07
5.49374e-07
-2.18989e-07
6.00699e-07
-1.85465e-07
6.45584e-07
-1.55977e-07
6.84746e-07
-1.30953e-07
7.18863e-07
-1.10161e-07
7.48683e-07
-9.31505e-08
7.74324e-07
-7.56809e-08
7.96634e-07
-5.92141e-08
8.10222e-07
-1.95223e-08
-9.01743e-09
3.57091e-08
4.17022e-07
2.70287e-09
3.68098e-07
-2.57236e-08
2.88491e-07
-4.58258e-08
1.92028e-07
-5.19441e-08
8.2032e-08
-3.93066e-08
-3.71258e-08
-6.76811e-09
-1.57738e-07
4.12049e-08
-2.66168e-07
1.05306e-07
-3.53437e-07
1.78298e-07
-4.09506e-07
2.55214e-07
-4.32207e-07
3.31754e-07
-4.25588e-07
4.04517e-07
-3.98238e-07
4.71459e-07
-3.59206e-07
5.31827e-07
-3.1576e-07
5.8571e-07
-2.72871e-07
6.33621e-07
-2.33377e-07
6.76246e-07
-1.98601e-07
7.14342e-07
-1.69049e-07
7.48657e-07
-1.44476e-07
7.80055e-07
-1.24549e-07
8.08959e-07
-1.04584e-07
8.36559e-07
-8.68146e-08
8.60478e-07
-4.3441e-08
-1.54399e-08
1.37009e-07
4.46387e-07
1.10431e-07
3.94675e-07
8.51077e-08
3.13815e-07
6.63778e-08
2.10758e-07
5.96108e-08
8.87991e-08
6.88751e-08
-4.63901e-08
9.53613e-08
-1.84224e-07
1.38348e-07
-3.09155e-07
1.93659e-07
-4.08748e-07
2.57137e-07
-4.72984e-07
3.24469e-07
-4.99539e-07
3.91802e-07
-4.92921e-07
4.56109e-07
-4.62546e-07
5.15576e-07
-4.18672e-07
5.69519e-07
-3.69704e-07
6.17994e-07
-3.21346e-07
6.61429e-07
-2.76812e-07
7.0041e-07
-2.37582e-07
7.35616e-07
-2.04256e-07
7.67794e-07
-1.76653e-07
7.97869e-07
-1.54624e-07
8.26526e-07
-1.33241e-07
8.54671e-07
-1.1496e-07
8.84711e-07
-7.34811e-08
-2.89475e-08
2.4545e-07
4.67022e-07
2.2259e-07
4.17535e-07
2.00633e-07
3.35772e-07
1.8385e-07
2.27541e-07
1.76683e-07
9.59666e-08
1.82708e-07
-5.24153e-08
2.03236e-07
-2.04752e-07
2.37737e-07
-3.43656e-07
2.83204e-07
-4.54216e-07
3.36201e-07
-5.2598e-07
3.93079e-07
-5.56417e-07
4.5049e-07
-5.50332e-07
5.05781e-07
-5.17837e-07
5.57348e-07
-4.70239e-07
6.04561e-07
-4.16917e-07
6.47405e-07
-3.6419e-07
6.86173e-07
-3.15581e-07
7.21302e-07
-2.7271e-07
7.53331e-07
-2.36285e-07
7.82915e-07
-2.06238e-07
8.1094e-07
-1.82648e-07
8.38349e-07
-1.6065e-07
8.65066e-07
-1.41677e-07
8.96286e-07
-1.04701e-07
-4.64178e-08
3.57153e-07
4.79503e-07
3.37759e-07
4.36929e-07
3.18132e-07
3.55398e-07
3.02592e-07
2.43081e-07
2.94684e-07
1.03875e-07
2.97234e-07
-5.49652e-08
3.11427e-07
-2.18945e-07
3.37017e-07
-3.69246e-07
3.72069e-07
-4.89267e-07
4.14042e-07
-5.67953e-07
4.60015e-07
-6.0239e-07
5.07153e-07
-5.97471e-07
5.53177e-07
-5.6386e-07
5.96688e-07
-5.13751e-07
6.37096e-07
-4.57325e-07
6.743e-07
-4.01394e-07
7.08434e-07
-3.49714e-07
7.3976e-07
-3.04037e-07
7.68667e-07
-2.65191e-07
7.95701e-07
-2.33272e-07
8.21634e-07
-2.08581e-07
8.47662e-07
-1.86678e-07
8.73043e-07
-1.67058e-07
9.03297e-07
-1.34956e-07
-6.53326e-08
4.6699e-07
4.83663e-07
4.52572e-07
4.51348e-07
4.35272e-07
3.72699e-07
4.20323e-07
2.58029e-07
4.11123e-07
1.13075e-07
4.09874e-07
-5.37165e-08
4.17485e-07
-2.26556e-07
4.33994e-07
-3.85755e-07
4.58488e-07
-5.13761e-07
4.8937e-07
-5.98836e-07
5.24418e-07
-6.37437e-07
5.61294e-07
-6.34347e-07
5.98089e-07
-6.00655e-07
6.3362e-07
-5.49281e-07
6.67335e-07
-4.9104e-07
6.99035e-07
-4.33094e-07
7.2868e-07
-3.79359e-07
7.56345e-07
-3.31702e-07
7.82262e-07
-2.91108e-07
8.06878e-07
-2.57888e-07
8.30841e-07
-2.32544e-07
8.5547e-07
-2.11307e-07
8.79844e-07
-1.91431e-07
9.08715e-07
-1.63827e-07
-8.45369e-08
5.70685e-07
4.8155e-07
5.62409e-07
4.59623e-07
5.48494e-07
3.86614e-07
5.34359e-07
2.72164e-07
5.23629e-07
1.23805e-07
5.18271e-07
-4.83579e-08
5.19129e-07
-2.27414e-07
5.26688e-07
-3.93314e-07
5.40964e-07
-5.28037e-07
5.61168e-07
-6.19041e-07
5.85664e-07
-6.61933e-07
6.12586e-07
-6.61269e-07
6.40421e-07
-6.2849e-07
6.6823e-07
-5.77091e-07
6.95508e-07
-5.18319e-07
7.21948e-07
-4.59533e-07
7.47322e-07
-4.04734e-07
7.71517e-07
-3.55897e-07
7.94604e-07
-3.14195e-07
8.16941e-07
-2.80225e-07
8.39085e-07
-2.54688e-07
8.62356e-07
-2.34578e-07
8.85892e-07
-2.14968e-07
9.13488e-07
-1.91423e-07
-1.03587e-07
6.67204e-07
4.8004e-07
6.63583e-07
4.63243e-07
6.53745e-07
3.96453e-07
6.41221e-07
2.84688e-07
6.29285e-07
1.3574e-07
6.19905e-07
-3.89774e-08
6.14262e-07
-2.21771e-07
6.13514e-07
-3.92567e-07
6.18429e-07
-5.32952e-07
6.28773e-07
-6.29384e-07
6.43369e-07
-6.76529e-07
6.60845e-07
-6.78745e-07
6.8015e-07
-6.47795e-07
7.00629e-07
-5.9757e-07
7.2183e-07
-5.3952e-07
7.43325e-07
-4.81028e-07
7.64694e-07
-4.26102e-07
7.85629e-07
-3.76832e-07
8.06054e-07
-3.34621e-07
8.26243e-07
-3.00414e-07
8.46701e-07
-2.75146e-07
8.6869e-07
-2.56567e-07
8.91469e-07
-2.37747e-07
9.17968e-07
-2.17922e-07
-1.2231e-07
7.60829e-07
4.89771e-07
7.56055e-07
4.68017e-07
7.48619e-07
4.03889e-07
7.37827e-07
2.9548e-07
7.25234e-07
1.48333e-07
7.12506e-07
-2.62488e-08
7.01336e-07
-2.10601e-07
6.93552e-07
-3.84783e-07
6.9038e-07
-5.29779e-07
6.91893e-07
-6.30898e-07
6.97354e-07
-6.8199e-07
7.05982e-07
-6.87373e-07
7.17283e-07
-6.59095e-07
7.30917e-07
-6.11204e-07
7.46474e-07
-5.55077e-07
7.63387e-07
-4.97941e-07
7.81034e-07
-4.43749e-07
7.98925e-07
-3.94722e-07
8.16847e-07
-3.52542e-07
8.35002e-07
-3.1857e-07
8.53878e-07
-2.94021e-07
8.74667e-07
-2.77357e-07
8.96737e-07
-2.59817e-07
9.22298e-07
-2.43483e-07
-1.40632e-07
8.59026e-07
5.18512e-07
8.44853e-07
4.8219e-07
8.34874e-07
4.13867e-07
8.23881e-07
3.06473e-07
8.10505e-07
1.61709e-07
7.9531e-07
-1.10535e-08
7.80076e-07
-1.95367e-07
7.66835e-07
-3.71542e-07
7.5689e-07
-5.19834e-07
7.50522e-07
-6.24529e-07
7.47548e-07
-6.79016e-07
7.47938e-07
-6.87764e-07
7.51822e-07
-6.62979e-07
7.59166e-07
-6.18547e-07
7.69563e-07
-5.65475e-07
7.82283e-07
-5.10661e-07
7.96496e-07
-4.57963e-07
8.11544e-07
-4.0977e-07
8.27104e-07
-3.68103e-07
8.43323e-07
-3.34788e-07
8.6069e-07
-3.11389e-07
8.8035e-07
-2.97017e-07
9.01749e-07
-2.81216e-07
9.26511e-07
-2.68245e-07
-1.58509e-07
9.65448e-07
5.65278e-07
9.36714e-07
5.10924e-07
9.1835e-07
4.32231e-07
9.03344e-07
3.2148e-07
8.87652e-07
1.77401e-07
8.70168e-07
6.43048e-09
8.51883e-07
-1.77083e-07
8.34282e-07
-3.53941e-07
8.1839e-07
-5.03943e-07
8.04734e-07
-6.10873e-07
7.93871e-07
-6.68153e-07
7.8663e-07
-6.80523e-07
7.83748e-07
-6.60097e-07
7.85421e-07
-6.2022e-07
7.9118e-07
-5.71234e-07
8.00102e-07
-5.19583e-07
8.1116e-07
-4.69021e-07
8.23551e-07
-4.22161e-07
8.3687e-07
-3.81422e-07
8.51228e-07
-3.49146e-07
8.6714e-07
-3.27301e-07
8.85723e-07
-3.156e-07
9.06486e-07
-3.01979e-07
9.30569e-07
-2.92328e-07
-1.75919e-07
1.07516e-06
6.21566e-07
1.0335e-06
5.52579e-07
1.00413e-06
4.61608e-07
9.81695e-07
3.43913e-07
9.61358e-07
1.97738e-07
9.40562e-07
2.72268e-08
9.18978e-07
-1.55498e-07
8.96997e-07
-3.3196e-07
8.75201e-07
-4.82147e-07
8.54455e-07
-5.90127e-07
8.36155e-07
-6.49853e-07
8.21944e-07
-6.66313e-07
8.13033e-07
-6.51186e-07
8.09713e-07
-6.16899e-07
8.11377e-07
-5.72899e-07
8.16892e-07
-5.25098e-07
8.25055e-07
-4.77184e-07
8.34954e-07
-4.3206e-07
8.46134e-07
-3.92602e-07
8.58693e-07
-3.61705e-07
8.73186e-07
-3.41795e-07
8.90736e-07
-3.3315e-07
9.10898e-07
-3.22141e-07
9.34409e-07
-3.15839e-07
-1.92867e-07
1.17727e-06
6.77123e-07
1.12948e-06
6.00363e-07
1.09135e-06
4.99741e-07
1.06084e-06
3.74422e-07
1.0343e-06
2.24283e-07
1.00866e-06
5.28637e-08
9.82531e-07
-1.29371e-07
9.55257e-07
-3.04686e-07
9.27095e-07
-4.53985e-07
8.99333e-07
-5.62365e-07
8.74135e-07
-6.24655e-07
8.53759e-07
-6.45937e-07
8.39663e-07
-6.37089e-07
8.32078e-07
-6.09314e-07
8.30195e-07
-5.71015e-07
8.32675e-07
-5.27578e-07
8.38179e-07
-4.82689e-07
8.4573e-07
-4.39611e-07
8.54858e-07
-4.0173e-07
8.65669e-07
-3.72515e-07
8.78774e-07
-3.54899e-07
8.95328e-07
-3.49703e-07
9.1493e-07
-3.41743e-07
9.37973e-07
-3.38883e-07
-2.09367e-07
1.2612e-06
7.24578e-07
1.21491e-06
6.46652e-07
1.17328e-06
5.41368e-07
1.13704e-06
4.10664e-07
1.10454e-06
2.56779e-07
1.07335e-06
8.40606e-08
1.0415e-06
-9.75261e-08
1.00805e-06
-2.71231e-07
9.73227e-07
-4.19164e-07
9.38812e-07
-5.2795e-07
9.07544e-07
-5.93387e-07
8.82011e-07
-6.20403e-07
8.63674e-07
-6.18752e-07
8.52572e-07
-5.98213e-07
8.47668e-07
-5.66111e-07
8.47456e-07
-5.27366e-07
8.50512e-07
-4.85745e-07
8.55843e-07
-4.44942e-07
8.62998e-07
-4.08885e-07
8.72106e-07
-3.81623e-07
8.83849e-07
-3.66643e-07
8.99446e-07
-3.653e-07
9.18545e-07
-3.60842e-07
9.41229e-07
-3.61567e-07
-2.25441e-07
1.32109e-06
7.60961e-07
1.28152e-06
6.86221e-07
1.24169e-06
5.81201e-07
1.20349e-06
4.48866e-07
1.16697e-06
2.93291e-07
1.13073e-06
1.20303e-07
1.09316e-06
-5.99505e-08
1.05352e-06
-2.31599e-07
1.0125e-06
-3.78141e-07
9.72374e-07
-4.87823e-07
9.36243e-07
-5.57256e-07
9.06748e-07
-5.90908e-07
8.85165e-07
-5.9717e-07
8.71276e-07
-5.84324e-07
8.63835e-07
-5.5867e-07
8.61233e-07
-5.24763e-07
8.62028e-07
-4.8654e-07
8.65257e-07
-4.48171e-07
8.7051e-07
-4.14138e-07
8.7796e-07
-3.89073e-07
8.88373e-07
-3.77056e-07
9.03062e-07
-3.79989e-07
9.21732e-07
-3.79512e-07
9.44175e-07
-3.8401e-07
-2.41116e-07
1.35667e-06
7.86997e-07
1.32569e-06
7.17199e-07
1.29103e-06
6.15864e-07
1.25432e-06
4.85579e-07
1.21638e-06
3.31227e-07
1.17678e-06
1.59906e-07
1.13466e-06
-1.783e-08
1.08999e-06
-1.8693e-07
1.04412e-06
-3.32271e-07
9.99814e-07
-4.43517e-07
9.60327e-07
-5.1777e-07
9.28159e-07
-5.58739e-07
9.04304e-07
-5.73315e-07
8.88289e-07
-5.68309e-07
8.78734e-07
-5.49116e-07
8.74004e-07
-5.20032e-07
8.72703e-07
-4.8524e-07
8.7394e-07
-4.49407e-07
8.77365e-07
-4.17564e-07
8.83202e-07
-3.94909e-07
8.92323e-07
-3.86177e-07
9.06164e-07
-3.93831e-07
9.24502e-07
-3.97849e-07
9.46837e-07
-4.06345e-07
-2.56425e-07
1.37183e-06
8.05562e-07
1.34857e-06
7.40466e-07
1.32009e-06
6.44338e-07
1.28697e-06
5.18699e-07
1.24992e-06
3.68276e-07
1.2091e-06
2.00726e-07
1.16444e-06
2.68356e-08
1.11672e-06
-1.39218e-07
1.068e-06
-2.83544e-07
1.02139e-06
-3.9691e-07
9.80159e-07
-4.76538e-07
9.46558e-07
-5.25139e-07
9.21297e-07
-5.48053e-07
9.03719e-07
-5.50732e-07
8.92402e-07
-5.37798e-07
8.85767e-07
-5.13398e-07
8.82523e-07
-4.81995e-07
8.81874e-07
-4.48758e-07
8.83547e-07
-4.19237e-07
8.87821e-07
-3.99183e-07
8.95695e-07
-3.94051e-07
9.08764e-07
-4.06901e-07
9.26884e-07
-4.15969e-07
9.49253e-07
-4.28714e-07
-2.71403e-07
1.37249e-06
8.201e-07
1.35458e-06
7.58378e-07
1.33149e-06
6.67427e-07
1.30258e-06
5.47616e-07
1.26793e-06
4.02925e-07
1.22784e-06
2.4081e-07
1.18281e-06
7.18738e-08
1.13429e-06
-9.06973e-08
1.08484e-06
-2.34098e-07
1.0378e-06
-3.49871e-07
9.96303e-07
-4.3504e-07
9.62331e-07
-4.91167e-07
9.36366e-07
-5.22088e-07
9.17669e-07
-5.32035e-07
9.04873e-07
-5.25002e-07
8.96527e-07
-5.05052e-07
8.91481e-07
-4.76949e-07
8.89056e-07
-4.46334e-07
8.89054e-07
-4.19234e-07
8.91817e-07
-4.01947e-07
8.98499e-07
-4.00732e-07
9.10886e-07
-4.19288e-07
9.28919e-07
-4.34002e-07
9.51468e-07
-4.51264e-07
-2.86079e-07
1.3645e-06
8.33484e-07
1.34936e-06
7.73516e-07
1.33e-06
6.86788e-07
1.30483e-06
5.72787e-07
1.27321e-06
4.34547e-07
1.23522e-06
2.78797e-07
1.19161e-06
1.15479e-07
1.14423e-06
-4.33182e-08
1.09592e-06
-1.85787e-07
1.05001e-06
-3.03955e-07
1.00941e-06
-3.94446e-07
9.7587e-07
-4.57624e-07
9.49714e-07
-4.95931e-07
9.30227e-07
-5.12548e-07
9.16177e-07
-5.10953e-07
9.06293e-07
-4.95168e-07
8.99585e-07
-4.70241e-07
8.95494e-07
-4.42243e-07
8.93896e-07
-4.17636e-07
8.95204e-07
-4.03256e-07
9.00754e-07
-4.06282e-07
9.1256e-07
-4.31094e-07
9.30647e-07
-4.5209e-07
9.53516e-07
-4.74133e-07
-3.00476e-07
1.35227e-06
8.4752e-07
1.33788e-06
7.87903e-07
1.32055e-06
7.04115e-07
1.29819e-06
5.95152e-07
1.26955e-06
4.63183e-07
1.23438e-06
3.13969e-07
1.19341e-06
1.5645e-07
1.14856e-06
1.53425e-09
1.10271e-06
-1.39936e-07
1.05901e-06
-2.60256e-07
1.02011e-06
-3.55547e-07
9.87515e-07
-4.25032e-07
9.61504e-07
-4.69921e-07
9.41461e-07
-4.92505e-07
9.26345e-07
-4.95836e-07
9.15082e-07
-4.83906e-07
9.0685e-07
-4.62009e-07
9.01206e-07
-4.36599e-07
8.98092e-07
-4.14521e-07
8.98001e-07
-4.03165e-07
9.02486e-07
-4.10766e-07
9.1382e-07
-4.42428e-07
9.32105e-07
-4.70375e-07
9.55415e-07
-4.97442e-07
-3.14597e-07
1.33842e-06
8.62914e-07
1.32362e-06
8.02703e-07
1.30708e-06
7.20661e-07
1.28657e-06
6.15658e-07
1.26054e-06
4.89215e-07
1.22839e-06
3.46121e-07
1.19067e-06
1.94168e-07
1.14914e-06
4.30606e-08
1.10652e-06
-9.73161e-08
1.06566e-06
-2.19392e-07
1.02888e-06
-3.18772e-07
9.97521e-07
-3.9367e-07
9.71855e-07
-4.44255e-07
9.51426e-07
-4.72076e-07
9.35406e-07
-4.79816e-07
9.22921e-07
-4.71421e-07
9.13305e-07
-4.52393e-07
9.06219e-07
-4.29513e-07
9.01666e-07
-4.09968e-07
9.00231e-07
-4.01731e-07
9.03721e-07
-4.14256e-07
9.14699e-07
-4.53405e-07
9.33323e-07
-4.88999e-07
9.57164e-07
-5.21283e-07
-3.28419e-07
1.32403e-06
8.7952e-07
1.30848e-06
8.1825e-07
1.29207e-06
7.37068e-07
1.27276e-06
6.34973e-07
1.24888e-06
5.13085e-07
1.21965e-06
3.75358e-07
1.18535e-06
2.28469e-07
1.14746e-06
8.09448e-08
1.10838e-06
-5.82361e-08
1.07059e-06
-1.81594e-07
1.03608e-06
-2.84269e-07
1.00606e-06
-3.63647e-07
9.80848e-07
-4.19044e-07
9.60167e-07
-4.51394e-07
9.43395e-07
-4.63044e-07
9.29843e-07
-4.57868e-07
9.18982e-07
-4.41533e-07
9.10563e-07
-4.21093e-07
9.04644e-07
-4.04049e-07
9.01918e-07
-3.99005e-07
9.04486e-07
-4.16825e-07
9.15225e-07
-4.64144e-07
9.34315e-07
-5.08089e-07
9.58735e-07
-5.45703e-07
-3.41892e-07
1.30912e-06
8.96693e-07
1.29309e-06
8.3428e-07
1.27673e-06
7.53427e-07
1.25831e-06
6.53395e-07
1.23628e-06
5.35116e-07
1.20974e-06
4.01895e-07
1.17877e-06
2.59436e-07
1.14451e-06
1.15201e-07
1.10895e-06
-2.26665e-08
1.07417e-06
-1.46821e-07
1.04191e-06
-2.52004e-07
1.01323e-06
-3.34965e-07
9.88536e-07
-3.94355e-07
9.67723e-07
-4.30582e-07
9.50352e-07
-4.45673e-07
9.35887e-07
-4.43403e-07
9.23918e-07
-4.29563e-07
9.14269e-07
-4.11444e-07
9.07052e-07
-3.96832e-07
9.03085e-07
-3.95038e-07
9.04807e-07
-4.18547e-07
9.15419e-07
-4.74756e-07
9.35079e-07
-5.27749e-07
9.6007e-07
-5.70695e-07
-3.54923e-07
1.29316e-06
9.13575e-07
1.27727e-06
8.50173e-07
1.26127e-06
7.69421e-07
1.24379e-06
6.7088e-07
1.22347e-06
5.55432e-07
1.19944e-06
4.25924e-07
1.17161e-06
2.87271e-07
1.14079e-06
1.46023e-07
1.10853e-06
9.58802e-09
1.0766e-06
-1.14888e-07
1.04645e-06
-2.2185e-07
1.01907e-06
-3.07592e-07
9.94963e-07
-3.70244e-07
9.74143e-07
-4.09762e-07
9.56326e-07
-4.27856e-07
9.411e-07
-4.28178e-07
9.28153e-07
-4.16616e-07
9.17372e-07
-4.00663e-07
9.08918e-07
-3.88379e-07
9.03759e-07
-3.8988e-07
9.04711e-07
-4.19498e-07
9.15298e-07
-4.85343e-07
9.35587e-07
-5.48038e-07
9.61085e-07
-5.96192e-07
-3.67368e-07
1.14897e-06
9.27854e-07
1.13536e-06
8.63777e-07
1.12169e-06
7.83093e-07
1.10696e-06
6.85604e-07
1.09018e-06
5.72219e-07
1.07059e-06
4.45507e-07
1.04804e-06
3.09827e-07
1.023e-06
1.71057e-07
9.96571e-07
3.60211e-08
9.70059e-07
-8.83756e-08
9.44613e-07
-1.96404e-07
9.2108e-07
-2.8406e-07
8.9994e-07
-3.49104e-07
8.81308e-07
-3.9113e-07
8.65022e-07
-4.11569e-07
8.50795e-07
-4.13952e-07
8.38413e-07
-4.04233e-07
8.27818e-07
-3.90068e-07
8.192e-07
-3.79761e-07
8.1358e-07
-3.8426e-07
8.13824e-07
-4.19743e-07
8.23404e-07
-4.94923e-07
8.42108e-07
-5.66742e-07
8.65557e-07
-6.19641e-07
-3.77759e-07
1.13326e-06
9.40695e-07
1.12085e-06
8.7619e-07
1.10828e-06
7.95657e-07
1.09479e-06
6.991e-07
1.07952e-06
5.8748e-07
1.06185e-06
4.63183e-07
1.04153e-06
3.30146e-07
1.01888e-06
1.93702e-07
9.9474e-07
6.01645e-08
9.70202e-07
-6.3838e-08
9.4629e-07
-1.72491e-07
9.23805e-07
-2.61576e-07
9.03258e-07
-3.28556e-07
8.84827e-07
-3.72699e-07
8.68417e-07
-3.95159e-07
8.53802e-07
-3.99336e-07
8.40816e-07
-3.91248e-07
8.29438e-07
-3.78689e-07
8.19903e-07
-3.70226e-07
8.13396e-07
-3.77752e-07
8.13129e-07
-4.19476e-07
8.22784e-07
-5.04578e-07
8.41955e-07
-5.85912e-07
8.65521e-07
-6.43207e-07
-3.87395e-07
1.1157e-06
9.51637e-07
1.10495e-06
8.86942e-07
1.0939e-06
8.06702e-07
1.08194e-06
7.11063e-07
1.06837e-06
6.01047e-07
1.05264e-06
4.78921e-07
1.03448e-06
3.48303e-07
1.01409e-06
2.14088e-07
9.92106e-07
8.21517e-08
9.69442e-07
-4.11742e-08
9.47025e-07
-1.50073e-07
9.25616e-07
-2.40167e-07
9.05738e-07
-3.08679e-07
8.87612e-07
-3.54573e-07
8.71187e-07
-3.78734e-07
8.56283e-07
-3.84433e-07
8.42775e-07
-3.7774e-07
8.3067e-07
-3.66584e-07
8.20255e-07
-3.59812e-07
8.129e-07
-3.70397e-07
8.12168e-07
-4.18744e-07
8.21897e-07
-5.14307e-07
8.41422e-07
-6.05436e-07
8.64847e-07
-6.66633e-07
-3.96094e-07
1.09614e-06
9.60297e-07
1.08745e-06
8.95638e-07
1.07829e-06
8.15858e-07
1.06816e-06
7.21198e-07
1.05647e-06
6.12732e-07
1.04274e-06
4.92649e-07
1.02672e-06
3.64324e-07
1.00851e-06
2.323e-07
9.88592e-07
1.02071e-07
9.67748e-07
-2.03299e-08
9.46821e-07
-1.29146e-07
9.26533e-07
-2.1988e-07
9.07408e-07
-2.89553e-07
8.89688e-07
-3.36853e-07
8.73354e-07
-3.624e-07
8.58257e-07
-3.69336e-07
8.44303e-07
-3.63786e-07
8.31524e-07
-3.53805e-07
8.20269e-07
-3.48557e-07
8.12107e-07
-3.62234e-07
8.1094e-07
-4.17578e-07
8.20695e-07
-5.24062e-07
8.40386e-07
-6.25127e-07
8.63357e-07
-6.89604e-07
-4.03644e-07
1.0745e-06
9.66351e-07
1.0682e-06
9.0194e-07
1.06125e-06
8.22806e-07
1.05322e-06
7.29237e-07
1.0436e-06
6.22347e-07
1.03198e-06
5.0427e-07
1.01811e-06
3.78194e-07
1.00204e-06
2.48369e-07
9.84152e-07
1.19961e-07
9.65111e-07
-1.28948e-09
9.45695e-07
-1.0973e-07
9.26586e-07
-2.00772e-07
9.08299e-07
-2.71266e-07
8.91085e-07
-3.19638e-07
8.74941e-07
-3.46256e-07
8.59742e-07
-3.54136e-07
8.45415e-07
-3.4946e-07
8.32016e-07
-3.40406e-07
8.19962e-07
-3.36503e-07
8.11032e-07
-3.53305e-07
8.09438e-07
-4.15983e-07
8.19111e-07
-5.33736e-07
8.387e-07
-6.44716e-07
8.60839e-07
-7.11743e-07
-4.0981e-07
1.05077e-06
9.6951e-07
1.04715e-06
9.05563e-07
1.04268e-06
8.27269e-07
1.03698e-06
7.34939e-07
1.02962e-06
6.2971e-07
1.02022e-06
5.13674e-07
1.00854e-06
3.89864e-07
9.94623e-07
2.6229e-07
9.78759e-07
1.35824e-07
9.61537e-07
1.59331e-08
9.43669e-07
-9.18622e-08
9.25804e-07
-1.82907e-07
9.08438e-07
-2.539e-07
8.91826e-07
-3.03025e-07
8.75969e-07
-3.304e-07
8.60754e-07
-3.38921e-07
8.46125e-07
-3.34831e-07
8.32158e-07
-3.26439e-07
8.1935e-07
-3.23695e-07
8.09689e-07
-3.43643e-07
8.0764e-07
-4.13934e-07
8.17054e-07
-5.4315e-07
8.36192e-07
-6.63854e-07
8.57059e-07
-7.3261e-07
-4.14351e-07
1.02496e-06
9.69511e-07
1.02427e-06
9.06251e-07
1.02253e-06
8.29008e-07
1.01938e-06
7.38091e-07
1.01444e-06
6.34652e-07
1.00737e-06
5.20743e-07
9.97965e-07
3.9927e-07
9.86226e-07
2.74029e-07
9.72413e-07
1.49638e-07
9.5704e-07
3.13055e-08
9.40769e-07
-7.55906e-08
9.24213e-07
-1.66351e-07
9.07852e-07
-2.37539e-07
8.91931e-07
-2.87105e-07
8.76453e-07
-3.14921e-07
8.61305e-07
-3.23774e-07
8.46444e-07
-3.19969e-07
8.31968e-07
-3.11963e-07
8.18454e-07
-3.10181e-07
8.08086e-07
-3.33275e-07
8.05509e-07
-4.11358e-07
8.14408e-07
-5.52049e-07
8.32665e-07
-6.82111e-07
8.51775e-07
-7.51719e-07
-4.17028e-07
9.97127e-07
9.66111e-07
9.99601e-07
9.03776e-07
1.0008e-06
8.27807e-07
1.00039e-06
7.385e-07
9.9803e-07
6.37014e-07
9.93413e-07
5.25361e-07
9.86352e-07
4.0633e-07
9.76846e-07
2.83535e-07
9.65121e-07
1.61364e-07
9.5164e-07
4.47866e-08
9.37016e-07
-6.09674e-08
9.21836e-07
-1.51171e-07
9.06558e-07
-2.2226e-07
8.91417e-07
-2.71964e-07
8.76405e-07
-2.9991e-07
8.61409e-07
-3.08778e-07
8.46389e-07
-3.0495e-07
8.31467e-07
-2.97041e-07
8.17298e-07
-2.96011e-07
8.06225e-07
-3.22203e-07
8.0299e-07
-4.08122e-07
8.11032e-07
-5.60091e-07
8.27906e-07
-6.98985e-07
8.44748e-07
-7.68561e-07
-4.17618e-07
9.67342e-07
9.59082e-07
9.73186e-07
8.97932e-07
9.77519e-07
8.23474e-07
9.80024e-07
7.35995e-07
9.80388e-07
6.36651e-07
9.78337e-07
5.27412e-07
9.73706e-07
4.10961e-07
9.66493e-07
2.90748e-07
9.56904e-07
1.70953e-07
9.4536e-07
5.63302e-08
9.32435e-07
-4.80429e-08
9.18693e-07
-1.37429e-07
9.04574e-07
-2.08141e-07
8.90297e-07
-2.57687e-07
8.75839e-07
-2.85452e-07
8.61079e-07
-2.94017e-07
8.4598e-07
-2.89851e-07
8.30682e-07
-2.81742e-07
8.15903e-07
-2.81232e-07
8.04097e-07
-3.10397e-07
7.99999e-07
-4.04024e-07
8.06761e-07
-5.66853e-07
8.21697e-07
-7.13921e-07
8.35756e-07
-7.8262e-07
-4.15928e-07
9.357e-07
9.48223e-07
9.45099e-07
8.88533e-07
9.52734e-07
8.15839e-07
9.5831e-07
7.30419e-07
9.61534e-07
6.33427e-07
9.6216e-07
5.26786e-07
9.60042e-07
4.13079e-07
9.55184e-07
2.95606e-07
9.47779e-07
1.78358e-07
9.38218e-07
6.5891e-08
9.27042e-07
-3.68672e-08
9.14799e-07
-1.25186e-07
9.01912e-07
-1.95254e-07
8.88582e-07
-2.44357e-07
8.74766e-07
-2.71636e-07
8.60334e-07
-2.79584e-07
8.45245e-07
-2.74763e-07
8.29645e-07
-2.66142e-07
8.14288e-07
-2.65876e-07
8.0167e-07
-2.97779e-07
7.96427e-07
-3.98782e-07
8.01413e-07
-5.71839e-07
8.13824e-07
-7.26331e-07
8.24602e-07
-7.93398e-07
-4.11803e-07
9.02316e-07
9.33359e-07
9.1543e-07
8.7542e-07
9.26517e-07
8.04752e-07
9.353e-07
7.21636e-07
9.41505e-07
6.27222e-07
9.44908e-07
5.23383e-07
9.45382e-07
4.12605e-07
9.4294e-07
2.98048e-07
9.37765e-07
1.83533e-07
9.3023e-07
7.34265e-08
9.20852e-07
-2.74896e-08
9.10167e-07
-1.14501e-07
8.98585e-07
-1.83672e-07
8.86285e-07
-2.32057e-07
8.73206e-07
-2.58557e-07
8.59204e-07
-2.65583e-07
8.44225e-07
-2.59784e-07
8.28393e-07
-2.5031e-07
8.12457e-07
-2.49939e-07
7.98879e-07
-2.84201e-07
7.9213e-07
-3.92033e-07
7.94796e-07
-5.74505e-07
8.04091e-07
-7.35626e-07
8.11125e-07
-8.00432e-07
-4.0513e-07
8.6733e-07
9.14354e-07
8.84289e-07
8.5846e-07
8.98953e-07
7.90088e-07
9.11059e-07
7.0953e-07
9.20349e-07
6.17932e-07
9.26618e-07
5.17114e-07
9.29756e-07
4.09467e-07
9.29784e-07
2.9802e-07
9.26884e-07
1.86433e-07
9.21416e-07
7.88948e-08
9.13883e-07
-1.99567e-08
9.04813e-07
-1.05432e-07
8.94605e-07
-1.73463e-07
8.83422e-07
-2.20874e-07
8.71187e-07
-2.46322e-07
8.57734e-07
-2.52129e-07
8.42965e-07
-2.45015e-07
8.2695e-07
-2.34295e-07
8.10378e-07
-2.33368e-07
7.95614e-07
-2.69437e-07
7.86931e-07
-3.8335e-07
7.86717e-07
-5.74291e-07
7.92332e-07
-7.41241e-07
7.95202e-07
-8.03302e-07
-3.95842e-07
8.30904e-07
8.91112e-07
8.51806e-07
8.37558e-07
8.70144e-07
7.7175e-07
8.85667e-07
6.94006e-07
8.98128e-07
6.05472e-07
9.07337e-07
5.07905e-07
9.132e-07
4.03604e-07
9.15746e-07
2.95474e-07
9.1516e-07
1.87019e-07
9.11797e-07
8.22579e-08
9.06153e-07
-1.43126e-08
8.98752e-07
-9.80312e-08
8.8999e-07
-1.64701e-07
8.80026e-07
-2.1091e-07
8.68762e-07
-2.35057e-07
8.55981e-07
-2.39349e-07
8.41506e-07
-2.3054e-07
8.25304e-07
-2.18092e-07
8.07959e-07
-2.16023e-07
7.917e-07
-2.53178e-07
7.80621e-07
-3.72271e-07
7.76998e-07
-5.70668e-07
7.78419e-07
-7.42662e-07
7.76754e-07
-8.01637e-07
-3.83916e-07
7.93228e-07
8.63586e-07
8.18133e-07
8.12654e-07
8.4021e-07
7.49672e-07
8.59218e-07
6.74998e-07
8.74915e-07
5.89775e-07
8.87122e-07
4.95697e-07
8.95759e-07
3.94967e-07
9.00863e-07
2.9037e-07
9.02624e-07
1.85258e-07
9.014e-07
8.34817e-08
8.97685e-07
-1.05968e-08
8.92006e-07
-9.23525e-08
8.84775e-07
-1.5747e-07
8.76152e-07
-2.02287e-07
8.65996e-07
-2.24902e-07
8.53996e-07
-2.27348e-07
8.3984e-07
-2.16384e-07
8.23357e-07
-2.0161e-07
8.05006e-07
-1.97672e-07
7.86886e-07
-2.35057e-07
7.72973e-07
-3.58359e-07
7.65489e-07
-5.63183e-07
7.62268e-07
-7.39441e-07
7.55744e-07
-7.95114e-07
-3.69369e-07
7.5452e-07
8.31781e-07
7.83443e-07
7.83731e-07
8.09293e-07
7.23823e-07
8.31824e-07
6.52466e-07
8.50798e-07
5.70801e-07
8.66045e-07
4.8045e-07
8.7749e-07
3.83522e-07
8.85182e-07
2.82678e-07
8.89319e-07
1.81121e-07
8.90262e-07
8.25382e-08
8.88509e-07
-8.84336e-09
8.84611e-07
-8.84552e-08
8.79019e-07
-1.51877e-07
8.7188e-07
-1.95148e-07
8.62953e-07
-2.15975e-07
8.51764e-07
-2.16159e-07
8.37835e-07
-2.02455e-07
8.20858e-07
-1.84633e-07
8.01182e-07
-1.77996e-07
7.80836e-07
-2.14711e-07
7.63756e-07
-3.41279e-07
7.52085e-07
-5.51511e-07
7.43846e-07
-7.31202e-07
7.32177e-07
-7.83445e-07
-3.52264e-07
7.15017e-07
7.9575e-07
7.47934e-07
7.50814e-07
7.77551e-07
6.94205e-07
8.03617e-07
6.26401e-07
8.25885e-07
5.48533e-07
8.44191e-07
4.62145e-07
8.58466e-07
3.69247e-07
8.68766e-07
2.72378e-07
8.75297e-07
1.7459e-07
8.78427e-07
7.94081e-08
8.78669e-07
-9.08551e-09
8.76635e-07
-8.64211e-08
8.72819e-07
-1.48061e-07
8.67292e-07
-1.89622e-07
8.59613e-07
-2.08296e-07
8.49097e-07
-2.05643e-07
8.35128e-07
-1.88487e-07
8.17317e-07
-1.66822e-07
7.95973e-07
-1.56652e-07
7.73148e-07
-1.91886e-07
7.52764e-07
-3.20895e-07
7.36741e-07
-5.35488e-07
7.23168e-07
-7.17629e-07
7.06094e-07
-7.66371e-07
-3.32703e-07
6.74981e-07
7.55601e-07
7.11823e-07
7.13972e-07
7.45168e-07
6.60861e-07
7.74746e-07
5.96822e-07
8.00302e-07
5.22977e-07
8.21666e-07
4.4078e-07
8.38776e-07
3.52137e-07
8.51693e-07
2.59462e-07
8.60626e-07
1.65657e-07
8.65953e-07
7.40814e-08
8.68239e-07
-1.1372e-08
8.68189e-07
-8.63709e-08
8.66283e-07
-1.46155e-07
8.62374e-07
-1.85713e-07
8.55722e-07
-2.01644e-07
8.45473e-07
-1.95394e-07
8.31e-07
-1.74013e-07
8.11956e-07
-1.47778e-07
7.88702e-07
-1.33399e-07
7.63391e-07
-1.66575e-07
7.3985e-07
-2.97355e-07
7.19477e-07
-5.15114e-07
7.00293e-07
-6.98445e-07
6.77571e-07
-7.4365e-07
-3.10837e-07
6.34693e-07
7.11491e-07
6.75349e-07
6.73316e-07
7.12345e-07
6.23864e-07
7.45384e-07
5.63783e-07
7.74192e-07
4.94169e-07
7.98596e-07
4.16376e-07
8.18531e-07
3.32202e-07
8.34058e-07
2.43935e-07
8.45385e-07
1.54329e-07
8.52924e-07
6.65434e-08
8.57345e-07
-1.57935e-08
8.59418e-07
-8.84441e-08
8.59433e-07
-1.4617e-07
8.56837e-07
-1.83116e-07
8.50599e-07
-1.95406e-07
8.39896e-07
-1.84691e-07
8.24324e-07
-1.58441e-07
8.03724e-07
-1.27178e-07
7.7859e-07
-1.08264e-07
7.51175e-07
-1.3916e-07
7.24961e-07
-2.7114e-07
7.00379e-07
-4.90533e-07
6.75314e-07
-6.7338e-07
6.46715e-07
-7.15051e-07
-2.8687e-07
5.94451e-07
6.63623e-07
6.38769e-07
6.28998e-07
6.79306e-07
5.83327e-07
7.15724e-07
5.27365e-07
7.47726e-07
4.62168e-07
7.75128e-07
3.88974e-07
7.9786e-07
3.0947e-07
8.15971e-07
2.25824e-07
8.29677e-07
1.40622e-07
8.39477e-07
5.67432e-08
8.46168e-07
-2.24838e-08
8.50401e-07
-9.26772e-08
8.51983e-07
-1.47752e-07
8.49868e-07
-1.81001e-07
8.42971e-07
-1.8851e-07
8.3087e-07
-1.7259e-07
8.1365e-07
-1.4122e-07
7.91446e-07
-1.04975e-07
7.64894e-07
-8.1712e-08
7.36239e-07
-1.10505e-07
7.08156e-07
-2.43058e-07
6.79586e-07
-4.61963e-07
6.4835e-07
-6.42144e-07
6.13666e-07
-6.80366e-07
-2.6105e-07
5.54565e-07
6.12243e-07
6.0236e-07
5.81203e-07
6.46294e-07
5.39393e-07
6.8598e-07
4.87679e-07
7.21092e-07
4.27056e-07
7.51434e-07
3.58632e-07
7.76913e-07
2.83991e-07
7.97564e-07
2.05173e-07
8.13656e-07
1.2453e-07
8.25829e-07
4.45702e-08
8.3486e-07
-3.15147e-08
8.40906e-07
-9.8723e-08
8.43049e-07
-1.49896e-07
8.39966e-07
-1.77917e-07
8.31026e-07
-1.7957e-07
8.16621e-07
-1.58186e-07
7.97493e-07
-1.22091e-07
7.74071e-07
-8.15532e-08
7.47085e-07
-5.4726e-08
7.1853e-07
-8.19496e-08
6.89614e-07
-2.14142e-07
6.57265e-07
-4.29614e-07
6.19537e-07
-6.04415e-07
5.78596e-07
-6.39425e-07
-2.33687e-07
5.15363e-07
5.57633e-07
5.66414e-07
5.30152e-07
6.13573e-07
4.92233e-07
6.5639e-07
4.44862e-07
6.94509e-07
3.88937e-07
7.27705e-07
3.25437e-07
7.55855e-07
2.55841e-07
7.79016e-07
1.82012e-07
7.97571e-07
1.05975e-07
8.12209e-07
2.99325e-08
8.23275e-07
-4.25805e-08
8.30023e-07
-1.05471e-07
8.30944e-07
-1.50816e-07
8.25052e-07
-1.72025e-07
8.12768e-07
-1.67286e-07
7.9554e-07
-1.40958e-07
7.74724e-07
-1.01274e-07
7.5096e-07
-5.77894e-08
7.25007e-07
-2.8773e-08
6.9824e-07
-5.51833e-08
6.69582e-07
-1.85483e-07
6.33563e-07
-3.93595e-07
5.89008e-07
-5.5986e-07
5.41711e-07
-5.92129e-07
-2.05166e-07
4.77182e-07
5.00113e-07
5.31244e-07
4.7609e-07
5.81431e-07
4.42046e-07
6.27219e-07
3.99074e-07
6.68212e-07
3.47944e-07
7.0415e-07
2.89498e-07
7.34908e-07
2.25084e-07
7.60615e-07
1.56305e-07
7.81715e-07
8.4875e-08
7.9855e-07
1.30971e-08
8.1049e-07
-5.45198e-08
8.15877e-07
-1.10859e-07
8.13313e-07
-1.48252e-07
8.02949e-07
-1.61661e-07
7.86596e-07
-1.50932e-07
7.66668e-07
-1.2103e-07
7.44907e-07
-7.9514e-08
7.22083e-07
-3.49653e-08
6.98952e-07
-5.64191e-09
6.75774e-07
-3.20053e-08
6.48289e-07
-1.57999e-07
6.08544e-07
-3.5385e-07
5.56881e-07
-5.08197e-07
5.03247e-07
-5.38495e-07
-1.75952e-07
4.40378e-07
4.40029e-07
4.97187e-07
4.19281e-07
5.5018e-07
3.89052e-07
5.98749e-07
3.50506e-07
6.42461e-07
3.04231e-07
6.81045e-07
2.50915e-07
7.14412e-07
1.91716e-07
7.42711e-07
1.28005e-07
7.66079e-07
6.15078e-08
7.83883e-07
-4.70747e-09
7.94364e-07
-6.50008e-08
7.95729e-07
-1.12224e-07
7.87703e-07
-1.40226e-07
7.72041e-07
-1.45999e-07
7.51795e-07
-1.30687e-07
7.29963e-07
-9.91978e-08
7.08428e-07
-5.79785e-08
6.88073e-07
-1.46104e-08
6.69617e-07
1.28144e-08
6.51583e-07
-1.39719e-08
6.2576e-07
-1.32175e-07
5.82088e-07
-3.10178e-07
5.23228e-07
-4.49337e-07
4.63455e-07
-4.78723e-07
-1.46604e-07
4.0533e-07
3.77754e-07
4.64601e-07
3.6001e-07
5.2015e-07
3.33503e-07
5.71296e-07
2.99359e-07
6.17608e-07
2.5792e-07
6.58812e-07
2.09711e-07
6.94761e-07
1.55767e-07
7.25243e-07
9.7523e-08
7.49464e-07
3.72868e-08
7.65581e-07
-2.08243e-08
7.71514e-07
-7.09341e-08
7.66585e-07
-1.07295e-07
7.52263e-07
-1.25904e-07
7.31705e-07
-1.25442e-07
7.08647e-07
-1.07629e-07
6.8622e-07
-7.67709e-08
6.66322e-07
-3.80805e-08
6.50057e-07
1.65485e-09
6.37866e-07
2.50055e-08
6.25806e-07
-1.91197e-09
6.01495e-07
-1.07864e-07
5.53733e-07
-2.62416e-07
4.88021e-07
-3.83625e-07
4.22582e-07
-4.13284e-07
-1.17785e-07
3.72447e-07
3.13674e-07
4.33886e-07
2.98571e-07
4.91756e-07
2.75633e-07
5.45344e-07
2.45772e-07
5.94179e-07
2.09085e-07
6.37804e-07
1.66086e-07
6.75587e-07
1.17985e-07
7.06388e-07
6.67213e-08
7.2829e-07
1.53848e-08
7.39124e-07
-3.16577e-08
7.37959e-07
-6.97689e-08
7.25964e-07
-9.52998e-08
7.06078e-07
-1.06018e-07
6.82149e-07
-1.01513e-07
6.57984e-07
-8.34642e-08
6.3655e-07
-5.53372e-08
6.19782e-07
-2.13123e-08
6.09014e-07
1.2423e-08
6.03905e-07
3.01143e-08
5.97473e-07
4.51989e-09
5.73953e-07
-8.43436e-08
5.22448e-07
-2.10912e-07
4.51032e-07
-3.12209e-07
3.808e-07
-3.43052e-07
-9.02717e-08
3.42334e-07
2.4811e-07
4.05674e-07
2.35231e-07
4.65634e-07
2.15673e-07
5.21355e-07
1.90051e-07
5.72024e-07
1.58415e-07
6.16535e-07
1.21575e-07
6.53356e-07
8.11642e-08
6.80509e-07
3.95676e-08
6.95979e-07
-8.52924e-11
6.98828e-07
-3.45061e-08
6.90005e-07
-6.09463e-08
6.72083e-07
-7.73781e-08
6.48619e-07
-8.25536e-08
6.23463e-07
-7.63573e-08
6.00135e-07
-6.01362e-08
5.81353e-07
-3.65546e-08
5.69073e-07
-9.03218e-09
5.64517e-07
1.69785e-08
5.65844e-07
2.87876e-08
5.63322e-07
7.04181e-09
5.39938e-07
-6.09592e-08
4.86334e-07
-1.57308e-07
4.11633e-07
-2.37508e-07
3.38036e-07
-2.69455e-07
-6.49613e-08
3.15369e-07
1.81569e-07
3.79771e-07
1.70829e-07
4.40594e-07
1.5485e-07
4.96493e-07
1.34152e-07
5.45943e-07
1.08965e-07
5.87109e-07
8.04097e-08
6.18102e-07
5.01702e-08
6.37337e-07
2.03327e-08
6.44089e-07
-6.83648e-09
6.39061e-07
-2.94786e-08
6.24333e-07
-4.62188e-08
6.02915e-07
-5.59594e-08
5.78315e-07
-5.79539e-08
5.54085e-07
-5.21268e-08
5.33358e-07
-3.94098e-08
5.18548e-07
-2.17446e-08
5.11338e-07
-1.82202e-09
5.12164e-07
1.6153e-08
5.17544e-07
2.34069e-08
5.16838e-07
7.74855e-09
4.94367e-07
-3.84887e-08
4.42307e-07
-1.05248e-07
3.6841e-07
-1.63611e-07
2.93649e-07
-1.94695e-07
-4.26956e-08
2.84255e-07
1.16426e-07
3.46587e-07
1.08497e-07
4.04471e-07
9.69656e-08
4.56001e-07
8.26213e-08
4.99263e-07
6.57034e-08
5.32535e-07
4.7138e-08
5.54662e-07
2.80428e-08
5.65163e-07
9.83151e-09
5.64517e-07
-6.19022e-09
5.54259e-07
-1.922e-08
5.36664e-07
-2.86238e-08
5.14557e-07
-3.38525e-08
4.91125e-07
-3.45222e-08
4.69561e-07
-3.05634e-08
4.52603e-07
-2.24517e-08
4.4214e-07
-1.12814e-08
4.39148e-07
1.17065e-09
4.43145e-07
1.2155e-08
4.50038e-07
1.65145e-08
4.50339e-07
7.44757e-09
4.31304e-07
-1.94541e-08
3.85824e-07
-5.97676e-08
3.18563e-07
-9.635e-08
2.4597e-07
-1.22102e-07
-2.41418e-08
2.20447e-07
5.6915e-08
2.76599e-07
5.23446e-08
3.27394e-07
4.61712e-08
3.70827e-07
3.91881e-08
4.05289e-07
3.12418e-08
4.29773e-07
2.26535e-08
4.44144e-07
1.36714e-08
4.4928e-07
4.69627e-09
4.46247e-07
-3.15712e-09
4.35814e-07
-8.78765e-09
4.19637e-07
-1.24465e-08
4.00056e-07
-1.42713e-08
3.79723e-07
-1.41897e-08
3.61332e-07
-1.21726e-08
3.47328e-07
-8.44768e-09
3.39602e-07
-3.55499e-09
3.38752e-07
2.02067e-09
3.43668e-07
7.23888e-09
3.50792e-07
9.39039e-09
3.53766e-07
4.47407e-09
3.42755e-07
-8.44352e-09
3.10253e-07
-2.72655e-08
2.56384e-07
-4.24809e-08
1.90862e-07
-5.65798e-08
-8.09668e-09
1.13677e-07
1.66021e-07
2.12193e-07
2.51381e-07
2.82623e-07
3.05276e-07
3.18947e-07
3.23644e-07
3.20487e-07
3.11699e-07
2.99252e-07
2.84981e-07
2.70791e-07
2.58619e-07
2.50171e-07
2.46616e-07
2.48637e-07
2.55876e-07
2.65266e-07
2.6974e-07
2.61297e-07
2.34031e-07
1.9155e-07
1.3497e-07
)
;

boundaryField
{
    inlet
    {
        type            calculated;
        value           nonuniform List<scalar> 
30
(
-1.43933e-06
-1.43933e-06
-1.43933e-06
-1.43933e-06
-1.43933e-06
-1.43933e-06
-1.43933e-06
-1.43933e-06
-1.43933e-06
-1.43933e-06
-1.43933e-06
-1.43933e-06
-1.43933e-06
-1.43933e-06
-1.43933e-06
-1.43933e-06
-1.43933e-06
-1.43933e-06
-1.43933e-06
-1.43933e-06
-1.43933e-06
-1.43933e-06
-1.43933e-06
-1.43933e-06
-1.43933e-06
-1.43933e-06
-1.43933e-06
-1.43933e-06
-1.43933e-06
-1.43933e-06
)
;
    }
    outlet
    {
        type            calculated;
        value           nonuniform List<scalar> 
57
(
5.11712e-07
5.88323e-07
7.21202e-07
8.09139e-07
8.669e-07
8.98218e-07
9.13757e-07
9.22212e-07
9.27919e-07
9.32538e-07
9.36692e-07
9.4062e-07
9.44387e-07
9.4798e-07
9.51357e-07
9.54473e-07
9.57303e-07
9.59851e-07
9.62146e-07
9.64231e-07
9.66145e-07
9.67913e-07
9.69535e-07
9.70987e-07
9.72207e-07
9.73101e-07
9.7353e-07
8.75947e-07
8.75157e-07
8.73547e-07
8.70907e-07
8.67005e-07
8.616e-07
8.54451e-07
8.45338e-07
8.34066e-07
8.20477e-07
8.04452e-07
7.85914e-07
7.64827e-07
7.41198e-07
7.15072e-07
6.86533e-07
6.55705e-07
6.22748e-07
5.87846e-07
5.51234e-07
5.1319e-07
4.74033e-07
4.34107e-07
3.93764e-07
3.53286e-07
3.12726e-07
2.71384e-07
2.27416e-07
1.74817e-07
1.26874e-07
)
;
    }
    upperWall
    {
        type            calculated;
        value           uniform 0;
    }
    lowerWall
    {
        type            calculated;
        value           uniform 0;
    }
    frontAndBack
    {
        type            empty;
    }
}


// ************************************************************************* //
