/*--------------------------------*- C++ -*----------------------------------*\
| =========                 |                                                 |
| \\      /  F ield         | OpenFOAM: The Open Source CFD Toolbox           |
|  \\    /   O peration     | Version:  2406                                  |
|   \\  /    A nd           | Website:  www.openfoam.com                      |
|    \\/     M anipulation  |                                                 |
\*---------------------------------------------------------------------------*/
FoamFile
{
    version     2.0;
    format      ascii;
    arch        "LSB;label=32;scalar=64";
    class       volScalarField;
    location    "0.19";
    object      nut;
}
// * * * * * * * * * * * * * * * * * * * * * * * * * * * * * * * * * * * * * //

dimensions      [0 2 -1 0 0 0 0];

internalField   nonuniform List<scalar> 
12225
(
6.79445e-05
6.28469e-05
5.95434e-05
5.64652e-05
5.34662e-05
5.06515e-05
4.80435e-05
4.55984e-05
4.32882e-05
4.11087e-05
3.90564e-05
3.71242e-05
3.53034e-05
3.35898e-05
3.1969e-05
3.04772e-05
2.89392e-05
2.74484e-05
2.2247e-06
3.11268e-06
3.90208e-06
4.76676e-06
5.43464e-06
5.90568e-06
6.24579e-06
6.49556e-06
6.66734e-06
6.77459e-06
6.83202e-06
6.85061e-06
6.83821e-06
6.80041e-06
6.74672e-06
6.67394e-06
6.62177e-06
6.50054e-06
1.77891e-07
5.74138e-07
8.34474e-07
8.77517e-07
8.01862e-07
6.63417e-07
4.92699e-07
3.15293e-07
1.67958e-07
1.59853e-07
2.96936e-07
4.52977e-07
5.98327e-07
7.2814e-07
8.41376e-07
9.39533e-07
1.0174e-06
1.07852e-06
2.96932e-07
3.39046e-07
4.25026e-07
5.14456e-07
5.77123e-07
6.07587e-07
6.16287e-07
6.12395e-07
6.00003e-07
5.814e-07
5.58666e-07
5.33657e-07
5.07914e-07
4.83024e-07
4.61361e-07
4.46355e-07
4.43039e-07
4.52987e-07
2.2196e-07
2.49701e-07
2.38055e-07
2.22789e-07
2.08835e-07
1.98737e-07
1.94336e-07
1.95119e-07
1.99551e-07
2.06475e-07
2.15108e-07
2.2494e-07
2.35798e-07
2.47945e-07
2.62104e-07
2.79261e-07
3.00067e-07
3.24975e-07
1.60689e-07
1.85908e-07
1.85196e-07
1.8491e-07
1.88574e-07
1.9302e-07
1.95517e-07
1.96142e-07
1.95668e-07
1.94642e-07
1.9351e-07
1.92772e-07
1.92964e-07
1.94629e-07
1.98292e-07
2.04429e-07
2.13187e-07
2.2567e-07
1.21109e-07
1.49732e-07
1.61349e-07
1.6695e-07
1.70806e-07
1.71971e-07
1.69695e-07
1.65396e-07
1.60751e-07
1.56724e-07
1.53752e-07
1.52071e-07
1.51852e-07
1.53237e-07
1.56322e-07
1.61207e-07
1.6768e-07
1.76817e-07
9.36919e-08
1.22115e-07
1.38547e-07
1.45667e-07
1.48948e-07
1.50258e-07
1.49815e-07
1.48336e-07
1.46713e-07
1.45412e-07
1.44559e-07
1.44189e-07
1.44348e-07
1.45091e-07
1.46434e-07
1.48417e-07
1.50771e-07
1.54582e-07
7.30902e-08
1.00439e-07
1.19691e-07
1.29575e-07
1.34677e-07
1.3748e-07
1.38386e-07
1.37699e-07
1.36057e-07
1.34001e-07
1.31841e-07
1.29757e-07
1.2788e-07
1.26298e-07
1.25039e-07
1.2415e-07
1.2344e-07
1.24055e-07
5.68255e-08
8.37735e-08
1.04966e-07
1.17215e-07
1.23722e-07
1.27045e-07
1.2808e-07
1.27312e-07
1.25397e-07
1.22923e-07
1.20237e-07
1.17501e-07
1.14787e-07
1.12117e-07
1.09469e-07
1.06858e-07
1.04118e-07
1.02231e-07
4.36161e-08
7.10169e-08
9.34472e-08
1.07258e-07
1.1475e-07
1.18435e-07
1.19607e-07
1.1892e-07
1.16959e-07
1.14222e-07
1.11015e-07
1.07483e-07
1.03685e-07
9.96456e-08
9.53653e-08
9.08866e-08
8.61279e-08
8.19832e-08
3.28164e-08
6.14064e-08
8.46112e-08
9.94032e-08
1.07622e-07
1.11616e-07
1.12857e-07
1.12111e-07
1.09927e-07
1.0676e-07
1.0292e-07
9.85791e-08
9.38189e-08
8.86807e-08
8.31814e-08
7.73697e-08
7.12037e-08
6.54054e-08
2.4347e-08
5.45486e-08
7.81608e-08
9.34878e-08
1.02145e-07
1.06296e-07
1.07483e-07
1.06565e-07
1.04102e-07
1.00534e-07
9.61771e-08
9.12166e-08
8.57448e-08
7.98069e-08
7.34247e-08
6.664e-08
5.94284e-08
5.23206e-08
1.88988e-08
5.02769e-08
7.38879e-08
8.93681e-08
9.81736e-08
1.02322e-07
1.03373e-07
1.02243e-07
9.95075e-08
9.55993e-08
9.08351e-08
8.54115e-08
7.94347e-08
7.29632e-08
6.60327e-08
5.86862e-08
5.0916e-08
4.30625e-08
1.781e-08
4.85205e-08
7.1655e-08
8.69488e-08
9.56371e-08
9.96313e-08
1.00478e-07
9.91142e-08
9.61225e-08
9.19362e-08
8.68805e-08
8.11679e-08
7.49245e-08
6.823e-08
6.1144e-08
5.37277e-08
4.60123e-08
3.82247e-08
2.12118e-08
4.91928e-08
7.1379e-08
8.61761e-08
9.45018e-08
9.81974e-08
9.87798e-08
9.71704e-08
9.39492e-08
8.95586e-08
8.43374e-08
7.8515e-08
7.22382e-08
6.56143e-08
5.8738e-08
5.17114e-08
4.46385e-08
3.77373e-08
2.75213e-08
5.21441e-08
7.30136e-08
8.70245e-08
9.47563e-08
9.80221e-08
9.82903e-08
9.64294e-08
9.30081e-08
8.84844e-08
8.32142e-08
7.74404e-08
7.13285e-08
6.50134e-08
5.86267e-08
5.2313e-08
4.62406e-08
4.06243e-08
3.55334e-08
5.72298e-08
7.65631e-08
8.95071e-08
9.64209e-08
9.91424e-08
9.90583e-08
9.69426e-08
9.33446e-08
8.87441e-08
8.35129e-08
7.79027e-08
7.20931e-08
6.62394e-08
6.04965e-08
5.5027e-08
5.00137e-08
4.56131e-08
4.48816e-08
6.44117e-08
8.21036e-08
9.36908e-08
9.95691e-08
1.01648e-07
1.01176e-07
9.8797e-08
9.50459e-08
9.04221e-08
8.52978e-08
7.99168e-08
7.44611e-08
6.90962e-08
6.39843e-08
5.92834e-08
5.51562e-08
5.16809e-08
5.56875e-08
7.38411e-08
8.97995e-08
9.97065e-08
1.04366e-07
1.05739e-07
1.0482e-07
1.02112e-07
9.81801e-08
9.35612e-08
8.86113e-08
8.35386e-08
7.84965e-08
7.36295e-08
6.90791e-08
6.49754e-08
6.14477e-08
5.85124e-08
6.84013e-08
8.59428e-08
9.99317e-08
1.07737e-07
1.1106e-07
1.11786e-07
1.10438e-07
1.07332e-07
1.03096e-07
9.83301e-08
9.34023e-08
8.85112e-08
8.37946e-08
7.93711e-08
7.53461e-08
7.18057e-08
6.8831e-08
6.63646e-08
8.3828e-08
1.01519e-07
1.13034e-07
1.18145e-07
1.19888e-07
1.19937e-07
1.18272e-07
1.15027e-07
1.10797e-07
1.06096e-07
1.01204e-07
9.62884e-08
9.14914e-08
8.69428e-08
8.27575e-08
7.90326e-08
7.58726e-08
7.3252e-08
1.0332e-07
1.21721e-07
1.30091e-07
1.32384e-07
1.3235e-07
1.30892e-07
1.27809e-07
1.23666e-07
1.19281e-07
1.15043e-07
1.11e-07
1.07105e-07
1.03331e-07
9.96787e-08
9.61738e-08
9.28655e-08
8.98542e-08
8.7074e-08
1.29378e-07
1.47552e-07
1.51066e-07
1.52116e-07
1.52923e-07
1.51496e-07
1.46708e-07
1.39841e-07
1.32454e-07
1.25383e-07
1.18935e-07
1.13178e-07
1.08076e-07
1.03553e-07
9.9526e-08
9.59491e-08
9.28678e-08
9.02522e-08
1.6732e-07
1.81644e-07
1.73293e-07
1.69061e-07
1.69988e-07
1.7203e-07
1.7222e-07
1.70482e-07
1.6743e-07
1.63466e-07
1.58866e-07
1.53874e-07
1.48647e-07
1.43268e-07
1.37801e-07
1.32387e-07
1.27217e-07
1.22256e-07
2.26677e-07
2.43087e-07
2.25124e-07
2.07156e-07
1.91471e-07
1.80123e-07
1.7482e-07
1.74678e-07
1.77855e-07
1.83042e-07
1.89309e-07
1.95874e-07
2.02017e-07
2.07105e-07
2.10549e-07
2.12271e-07
2.12635e-07
2.12713e-07
2.99876e-07
3.30131e-07
4.1307e-07
5.02534e-07
5.65177e-07
5.95181e-07
6.03093e-07
5.98048e-07
5.84086e-07
5.63529e-07
5.38508e-07
5.10845e-07
4.81671e-07
4.51579e-07
4.19971e-07
3.86636e-07
3.49014e-07
3.14645e-07
1.76377e-07
5.68443e-07
8.29546e-07
8.72124e-07
7.94856e-07
6.53901e-07
4.79771e-07
2.96863e-07
1.38272e-07
1.33295e-07
2.85464e-07
4.45932e-07
5.91075e-07
7.17293e-07
8.25494e-07
9.15952e-07
9.97839e-07
1.06368e-06
2.22454e-06
3.1117e-06
3.90475e-06
4.77305e-06
5.44296e-06
5.91451e-06
6.25369e-06
6.5014e-06
6.66957e-06
6.77176e-06
6.82248e-06
6.83233e-06
6.80767e-06
6.75408e-06
6.67171e-06
6.57414e-06
6.42683e-06
6.33914e-06
6.79463e-05
6.28418e-05
5.95279e-05
5.64366e-05
5.34232e-05
5.05939e-05
4.79716e-05
4.55122e-05
4.31881e-05
4.09958e-05
3.89316e-05
3.69881e-05
3.51573e-05
3.34302e-05
3.18065e-05
3.02479e-05
2.88716e-05
2.75337e-05
3.90169e-06
3.01688e-06
3.48395e-06
7.15975e-06
1.11947e-05
1.48454e-05
1.80503e-05
2.06032e-05
2.23314e-05
2.30448e-05
2.2299e-05
1.99141e-05
1.61559e-05
1.1756e-05
7.7876e-06
4.6746e-06
2.23771e-06
2.20075e-06
4.96644e-06
7.21677e-06
8.25744e-06
8.60047e-06
8.30913e-06
7.04798e-06
4.77179e-06
3.48141e-06
6.67036e-06
1.20174e-05
1.76762e-05
2.30137e-05
2.77934e-05
3.18751e-05
3.5244e-05
3.79478e-05
4.00626e-05
4.16712e-05
4.28521e-05
4.36739e-05
4.41971e-05
4.44735e-05
4.45427e-05
4.44361e-05
4.41936e-05
4.38377e-05
4.33654e-05
4.27778e-05
4.20679e-05
4.1223e-05
4.02248e-05
3.90517e-05
3.76809e-05
3.6092e-05
3.42705e-05
3.2211e-05
2.992e-05
2.74172e-05
2.47359e-05
2.1921e-05
1.90262e-05
1.61108e-05
1.3238e-05
1.04753e-05
7.90519e-06
5.66179e-06
4.03133e-06
3.54271e-06
4.28897e-06
5.61681e-06
7.05502e-06
8.42996e-06
9.68617e-06
1.0807e-05
1.17897e-05
1.26383e-05
1.33597e-05
1.39619e-05
1.44535e-05
1.48432e-05
1.51412e-05
1.53587e-05
1.54939e-05
1.55504e-05
1.55424e-05
1.54805e-05
1.53735e-05
1.52293e-05
1.50548e-05
1.4856e-05
1.46385e-05
1.44071e-05
1.41663e-05
1.39199e-05
1.36714e-05
1.34235e-05
1.31788e-05
1.29392e-05
1.27065e-05
1.24818e-05
1.22663e-05
1.20607e-05
1.18654e-05
1.16809e-05
1.15072e-05
1.13443e-05
1.11922e-05
1.10505e-05
1.0919e-05
1.07974e-05
1.06851e-05
1.05818e-05
1.04869e-05
1.04001e-05
1.03208e-05
1.02485e-05
1.01828e-05
1.01232e-05
1.00693e-05
1.00206e-05
9.97667e-06
9.93722e-06
9.90185e-06
9.8702e-06
9.84196e-06
9.81682e-06
9.7945e-06
9.77473e-06
9.75728e-06
9.7419e-06
9.7284e-06
9.71656e-06
9.70622e-06
9.69719e-06
9.68932e-06
9.68247e-06
9.6765e-06
9.67128e-06
9.6667e-06
9.66266e-06
9.65904e-06
9.65576e-06
9.65273e-06
9.64985e-06
9.64707e-06
9.64428e-06
9.64143e-06
9.63844e-06
9.63523e-06
9.63173e-06
9.62786e-06
9.62356e-06
9.61872e-06
9.61328e-06
9.60712e-06
9.60017e-06
9.5923e-06
9.58339e-06
9.57331e-06
9.56191e-06
9.54903e-06
9.53448e-06
9.51805e-06
9.49951e-06
9.47859e-06
9.455e-06
9.42839e-06
9.39839e-06
9.36455e-06
9.3264e-06
9.28335e-06
9.23476e-06
9.1799e-06
9.11788e-06
9.04783e-06
8.96816e-06
8.87914e-06
8.77317e-06
8.66993e-06
8.4856e-06
8.52263e-06
7.91497e-06
3.22057e-06
9.34023e-07
5.06642e-06
8.15514e-06
9.3511e-06
9.0849e-06
7.96383e-06
6.61941e-06
5.57756e-06
5.3925e-06
6.38966e-06
8.29229e-06
1.00907e-05
1.06996e-05
9.74713e-06
7.43458e-06
4.45489e-06
2.5241e-06
3.49352e-06
4.41301e-06
3.3021e-06
1.04513e-06
2.52295e-06
6.90347e-06
1.17732e-05
1.58222e-05
1.82129e-05
1.89545e-05
1.82976e-05
1.67278e-05
1.46798e-05
1.25128e-05
1.04654e-05
8.66067e-06
7.13874e-06
5.89099e-06
4.88587e-06
4.08555e-06
3.4548e-06
2.96266e-06
2.58548e-06
2.30564e-06
2.10556e-06
1.96862e-06
1.90229e-06
1.90514e-06
1.9784e-06
2.12139e-06
2.33074e-06
2.60036e-06
2.92146e-06
3.28207e-06
3.66655e-06
4.05554e-06
4.42694e-06
4.75795e-06
5.02783e-06
5.22059e-06
5.32682e-06
5.34499e-06
5.28141e-06
5.149e-06
4.96343e-06
4.73909e-06
4.49197e-06
4.2283e-06
3.97871e-06
3.74048e-06
3.52717e-06
3.34607e-06
3.20254e-06
3.10076e-06
3.04268e-06
3.0279e-06
3.05399e-06
3.11703e-06
3.21206e-06
3.3342e-06
3.47895e-06
3.63972e-06
3.81941e-06
4.01376e-06
4.21695e-06
4.42174e-06
4.62099e-06
4.81011e-06
4.98618e-06
5.14708e-06
5.29151e-06
5.419e-06
5.5297e-06
5.6242e-06
5.70344e-06
5.76857e-06
5.82088e-06
5.86172e-06
5.89246e-06
5.91446e-06
5.92898e-06
5.93722e-06
5.94028e-06
5.93915e-06
5.9347e-06
5.9277e-06
5.91882e-06
5.90863e-06
5.8976e-06
5.88614e-06
5.87456e-06
5.86312e-06
5.85204e-06
5.84147e-06
5.83152e-06
5.82227e-06
5.81379e-06
5.8061e-06
5.7992e-06
5.7931e-06
5.78778e-06
5.78321e-06
5.77935e-06
5.77617e-06
5.77363e-06
5.77167e-06
5.77026e-06
5.76934e-06
5.76886e-06
5.76879e-06
5.76907e-06
5.76967e-06
5.77055e-06
5.77166e-06
5.77297e-06
5.77444e-06
5.77605e-06
5.77777e-06
5.77958e-06
5.78144e-06
5.78334e-06
5.78525e-06
5.78717e-06
5.78908e-06
5.79097e-06
5.79282e-06
5.79463e-06
5.7964e-06
5.79812e-06
5.79978e-06
5.80138e-06
5.80292e-06
5.8044e-06
5.80583e-06
5.80719e-06
5.80851e-06
5.80977e-06
5.81099e-06
5.81217e-06
5.81332e-06
5.81445e-06
5.81555e-06
5.81664e-06
5.81773e-06
5.81883e-06
5.81994e-06
5.82108e-06
5.82226e-06
5.82349e-06
5.82479e-06
5.82617e-06
5.82766e-06
5.82928e-06
5.83105e-06
5.83304e-06
5.83518e-06
5.838e-06
5.83993e-06
5.84738e-06
5.83834e-06
5.89632e-06
5.81474e-06
1.51628e-06
4.0379e-06
7.06893e-06
8.28176e-06
8.20989e-06
7.34022e-06
6.04849e-06
4.67661e-06
3.57098e-06
2.93667e-06
2.88137e-06
3.58117e-06
5.12751e-06
6.91851e-06
7.82745e-06
7.01573e-06
4.56173e-06
1.72229e-06
9.293e-07
1.43123e-06
1.27493e-06
4.54603e-06
9.96208e-06
1.44724e-05
1.65988e-05
1.6431e-05
1.46828e-05
1.20912e-05
9.28876e-06
6.71589e-06
4.59676e-06
2.99696e-06
1.9004e-06
1.28585e-06
1.12871e-06
1.2693e-06
1.50711e-06
1.75318e-06
1.98451e-06
2.19737e-06
2.39193e-06
2.56917e-06
2.73354e-06
2.86705e-06
2.96923e-06
3.04478e-06
3.10379e-06
3.16003e-06
3.23042e-06
3.33328e-06
3.48468e-06
3.69343e-06
3.95696e-06
4.26012e-06
4.57789e-06
4.88037e-06
5.13839e-06
5.32841e-06
5.43489e-06
5.45219e-06
5.3837e-06
5.24107e-06
5.04078e-06
4.7895e-06
4.5016e-06
4.19734e-06
3.89294e-06
3.58688e-06
3.29196e-06
3.01534e-06
2.76054e-06
2.53004e-06
2.32546e-06
2.1478e-06
1.9977e-06
1.87563e-06
1.78197e-06
1.71671e-06
1.67992e-06
1.67116e-06
1.68284e-06
1.71107e-06
1.75626e-06
1.82002e-06
1.90228e-06
2.00053e-06
2.11184e-06
2.23327e-06
2.36166e-06
2.49396e-06
2.62738e-06
2.75952e-06
2.88837e-06
3.01234e-06
3.13021e-06
3.24113e-06
3.34455e-06
3.4402e-06
3.52804e-06
3.6082e-06
3.68098e-06
3.74675e-06
3.80598e-06
3.85917e-06
3.90685e-06
3.94956e-06
3.98782e-06
4.02213e-06
4.05296e-06
4.08075e-06
4.10591e-06
4.1288e-06
4.14976e-06
4.16907e-06
4.18699e-06
4.20375e-06
4.21954e-06
4.23452e-06
4.24884e-06
4.26261e-06
4.27592e-06
4.28886e-06
4.30149e-06
4.31384e-06
4.32597e-06
4.33789e-06
4.34962e-06
4.36118e-06
4.37256e-06
4.38376e-06
4.39477e-06
4.40558e-06
4.41619e-06
4.42659e-06
4.43675e-06
4.44667e-06
4.45635e-06
4.46578e-06
4.47495e-06
4.48385e-06
4.49249e-06
4.50086e-06
4.50895e-06
4.51677e-06
4.52433e-06
4.53162e-06
4.53865e-06
4.54542e-06
4.55196e-06
4.55827e-06
4.56437e-06
4.57028e-06
4.57602e-06
4.58162e-06
4.5871e-06
4.5925e-06
4.59783e-06
4.60314e-06
4.60846e-06
4.61384e-06
4.61933e-06
4.62498e-06
4.63084e-06
4.63699e-06
4.6435e-06
4.65044e-06
4.65791e-06
4.66603e-06
4.67491e-06
4.6847e-06
4.69556e-06
4.70771e-06
4.7214e-06
4.73686e-06
4.75481e-06
4.77453e-06
4.80149e-06
4.82009e-06
4.8961e-06
4.85028e-06
1.80191e-06
7.23389e-06
8.41629e-06
7.58929e-06
6.44724e-06
5.27805e-06
4.09983e-06
2.99601e-06
2.04339e-06
1.36974e-06
1.25187e-06
1.59449e-06
2.38224e-06
3.79671e-06
5.23802e-06
5.66295e-06
4.65155e-06
3.18212e-06
2.41902e-06
3.23907e-06
6.29798e-06
1.09843e-05
1.45481e-05
1.51862e-05
1.3611e-05
1.08542e-05
7.83845e-06
5.18223e-06
3.19571e-06
1.98746e-06
1.57847e-06
1.72191e-06
2.02698e-06
2.3303e-06
2.60863e-06
2.87019e-06
3.12131e-06
3.36156e-06
3.58484e-06
3.78437e-06
3.95203e-06
4.08255e-06
4.17216e-06
4.22136e-06
4.2312e-06
4.20415e-06
4.14689e-06
4.07107e-06
3.99424e-06
3.93968e-06
3.93383e-06
3.99991e-06
4.14896e-06
4.37303e-06
4.64572e-06
4.92938e-06
5.18469e-06
5.37951e-06
5.49202e-06
5.51367e-06
5.44756e-06
5.30609e-06
5.09727e-06
4.83095e-06
4.5298e-06
4.22576e-06
3.90978e-06
3.59403e-06
3.28918e-06
3.00122e-06
2.73297e-06
2.48588e-06
2.26051e-06
2.05665e-06
1.87367e-06
1.71076e-06
1.56694e-06
1.44135e-06
1.33308e-06
1.24047e-06
1.16165e-06
1.09649e-06
1.04395e-06
1.00338e-06
9.75251e-07
9.59924e-07
9.57313e-07
9.66977e-07
9.88247e-07
1.02016e-06
1.06151e-06
1.11091e-06
1.16689e-06
1.22798e-06
1.29272e-06
1.35977e-06
1.42791e-06
1.49606e-06
1.5633e-06
1.62889e-06
1.69223e-06
1.75288e-06
1.81053e-06
1.86499e-06
1.91619e-06
1.96411e-06
2.00885e-06
2.05052e-06
2.0893e-06
2.12539e-06
2.15902e-06
2.19039e-06
2.21976e-06
2.24733e-06
2.27333e-06
2.29797e-06
2.32142e-06
2.34388e-06
2.36548e-06
2.38638e-06
2.40668e-06
2.4265e-06
2.44593e-06
2.46503e-06
2.48386e-06
2.50246e-06
2.52086e-06
2.53907e-06
2.55708e-06
2.57492e-06
2.59258e-06
2.61008e-06
2.6274e-06
2.64455e-06
2.6615e-06
2.67825e-06
2.69475e-06
2.71101e-06
2.727e-06
2.74269e-06
2.75807e-06
2.77313e-06
2.78785e-06
2.80221e-06
2.81621e-06
2.82986e-06
2.84314e-06
2.85608e-06
2.86866e-06
2.88092e-06
2.89285e-06
2.90449e-06
2.91584e-06
2.92693e-06
2.9378e-06
2.94849e-06
2.95905e-06
2.96953e-06
2.98e-06
2.99052e-06
3.00117e-06
3.01203e-06
3.0232e-06
3.03478e-06
3.0469e-06
3.05969e-06
3.0733e-06
3.08791e-06
3.10372e-06
3.12096e-06
3.1399e-06
3.16087e-06
3.18425e-06
3.21046e-06
3.24023e-06
3.2737e-06
3.31399e-06
3.35436e-06
3.42648e-06
3.44451e-06
4.09684e-06
9.45247e-06
8.41656e-06
6.15348e-06
4.56481e-06
3.49705e-06
2.62123e-06
1.85865e-06
1.20609e-06
6.23088e-07
2.04091e-07
6.43527e-07
1.29683e-06
2.4083e-06
3.98138e-06
5.35417e-06
5.84472e-06
5.63886e-06
5.47045e-06
7.91524e-06
1.18206e-05
1.40921e-05
1.36623e-05
1.13562e-05
8.26215e-06
5.30575e-06
3.04203e-06
1.69844e-06
1.3534e-06
1.62043e-06
1.99383e-06
2.33742e-06
2.64646e-06
2.93501e-06
3.2134e-06
3.48583e-06
3.75185e-06
4.00733e-06
4.24731e-06
4.46482e-06
4.65341e-06
4.80432e-06
4.91108e-06
4.96914e-06
4.97596e-06
4.93146e-06
4.83929e-06
4.70824e-06
4.5539e-06
4.40022e-06
4.27941e-06
4.22737e-06
4.27251e-06
4.42175e-06
4.65369e-06
4.92516e-06
5.18521e-06
5.3914e-06
5.51376e-06
5.54115e-06
5.47775e-06
5.32837e-06
5.09729e-06
4.81547e-06
4.51152e-06
4.19776e-06
3.87557e-06
3.5571e-06
3.25089e-06
2.96209e-06
2.69334e-06
2.44582e-06
2.21977e-06
2.01472e-06
1.82978e-06
1.66379e-06
1.51547e-06
1.3835e-06
1.26643e-06
1.16262e-06
1.07072e-06
9.89737e-07
9.18565e-07
8.56483e-07
8.02412e-07
7.55482e-07
7.15209e-07
6.81282e-07
6.53471e-07
6.31568e-07
6.15372e-07
6.04659e-07
5.99158e-07
5.98533e-07
6.02378e-07
6.10229e-07
6.21568e-07
6.35855e-07
6.52539e-07
6.71084e-07
6.90985e-07
7.11779e-07
7.33058e-07
7.5447e-07
7.75724e-07
7.9659e-07
8.16893e-07
8.36511e-07
8.55368e-07
8.73431e-07
8.90696e-07
9.07193e-07
9.22969e-07
9.3809e-07
9.52631e-07
9.66676e-07
9.80311e-07
9.93621e-07
1.00669e-06
1.0196e-06
1.03241e-06
1.0452e-06
1.05802e-06
1.0709e-06
1.08389e-06
1.09702e-06
1.11032e-06
1.12383e-06
1.13757e-06
1.15153e-06
1.1657e-06
1.18007e-06
1.19462e-06
1.20934e-06
1.22419e-06
1.23915e-06
1.25419e-06
1.26928e-06
1.28437e-06
1.29945e-06
1.31447e-06
1.3294e-06
1.34422e-06
1.35891e-06
1.37343e-06
1.38776e-06
1.4019e-06
1.41582e-06
1.42953e-06
1.44302e-06
1.45628e-06
1.46933e-06
1.48218e-06
1.49485e-06
1.50737e-06
1.51975e-06
1.53202e-06
1.5442e-06
1.55635e-06
1.56853e-06
1.5808e-06
1.59323e-06
1.6059e-06
1.61892e-06
1.63241e-06
1.64648e-06
1.66128e-06
1.677e-06
1.69382e-06
1.71198e-06
1.73176e-06
1.75346e-06
1.77748e-06
1.80426e-06
1.83442e-06
1.86841e-06
1.90786e-06
1.95078e-06
2.00848e-06
2.05181e-06
7.02578e-06
1.04066e-05
7.39551e-06
4.56873e-06
3.07935e-06
2.24961e-06
1.61224e-06
1.11383e-06
7.71744e-07
5.0866e-07
2.75323e-07
6.01025e-07
1.25272e-06
2.2739e-06
3.87155e-06
5.72819e-06
7.0345e-06
7.32671e-06
8.41417e-06
1.23171e-05
1.41467e-05
1.28627e-05
1.00335e-05
6.76083e-06
3.89832e-06
1.93961e-06
1.12392e-06
1.27734e-06
1.64528e-06
1.98183e-06
2.27215e-06
2.526e-06
2.75524e-06
2.9733e-06
3.19397e-06
3.42768e-06
3.67889e-06
3.94338e-06
4.21392e-06
4.4792e-06
4.72538e-06
4.93893e-06
5.10751e-06
5.22134e-06
5.27368e-06
5.26123e-06
5.18471e-06
5.04981e-06
4.86913e-06
4.66475e-06
4.47031e-06
4.32993e-06
4.28824e-06
4.37087e-06
4.5672e-06
4.83239e-06
5.10441e-06
5.33016e-06
5.46953e-06
5.51202e-06
5.45024e-06
5.28442e-06
5.04594e-06
4.76441e-06
4.45694e-06
4.13422e-06
3.80749e-06
3.48724e-06
3.18084e-06
2.89289e-06
2.62577e-06
2.38039e-06
2.15669e-06
1.95398e-06
1.77118e-06
1.60699e-06
1.46003e-06
1.32885e-06
1.21201e-06
1.10804e-06
1.01552e-06
9.33224e-07
8.6011e-07
7.95319e-07
7.38132e-07
6.87891e-07
6.43806e-07
6.0514e-07
5.71272e-07
5.41635e-07
5.15738e-07
4.93154e-07
4.73525e-07
4.56556e-07
4.41997e-07
4.29633e-07
4.19263e-07
4.10696e-07
4.03743e-07
3.98214e-07
3.93919e-07
3.9067e-07
3.88289e-07
3.86608e-07
3.85473e-07
3.84753e-07
3.84334e-07
3.84124e-07
3.84055e-07
3.84076e-07
3.84157e-07
3.84284e-07
3.84455e-07
3.84683e-07
3.84986e-07
3.8539e-07
3.85926e-07
3.86626e-07
3.8752e-07
3.88641e-07
3.90017e-07
3.91674e-07
3.93636e-07
3.95925e-07
3.98558e-07
4.01551e-07
4.04905e-07
4.08623e-07
4.12723e-07
4.17211e-07
4.22069e-07
4.27276e-07
4.32813e-07
4.38658e-07
4.44789e-07
4.51187e-07
4.57832e-07
4.64707e-07
4.71796e-07
4.79083e-07
4.86551e-07
4.94183e-07
5.01962e-07
5.0987e-07
5.1789e-07
5.26006e-07
5.34202e-07
5.42462e-07
5.50768e-07
5.5911e-07
5.6748e-07
5.75873e-07
5.84283e-07
5.92721e-07
6.01204e-07
6.09747e-07
6.18375e-07
6.27105e-07
6.35947e-07
6.44925e-07
6.54078e-07
6.63452e-07
6.731e-07
6.83084e-07
6.93481e-07
7.0438e-07
7.15886e-07
7.28124e-07
7.41241e-07
7.55408e-07
7.70832e-07
7.87756e-07
8.06472e-07
8.27323e-07
8.50743e-07
8.77172e-07
9.07322e-07
9.41324e-07
9.80988e-07
1.02327e-06
1.02393e-05
1.02462e-05
5.90476e-06
3.27035e-06
2.08988e-06
1.39732e-06
8.7149e-07
5.7761e-07
5.22596e-07
4.73375e-07
4.05868e-07
7.16967e-07
1.36904e-06
2.35533e-06
3.91392e-06
5.96989e-06
7.56129e-06
8.17751e-06
1.11439e-05
1.41647e-05
1.29189e-05
9.67774e-06
6.18361e-06
3.2783e-06
1.45367e-06
9.97068e-07
1.28751e-06
1.58111e-06
1.80172e-06
1.95806e-06
2.05686e-06
2.11111e-06
2.14452e-06
2.18997e-06
2.28195e-06
2.44467e-06
2.68188e-06
2.98109e-06
3.32209e-06
3.67886e-06
4.02765e-06
4.34764e-06
4.62179e-06
4.83659e-06
4.98217e-06
5.05257e-06
5.04606e-06
4.96558e-06
4.82038e-06
4.62933e-06
4.4242e-06
4.25212e-06
4.16902e-06
4.21764e-06
4.39996e-06
4.67324e-06
4.96487e-06
5.21721e-06
5.37765e-06
5.4279e-06
5.35592e-06
5.18826e-06
4.95452e-06
4.67365e-06
4.36178e-06
4.03588e-06
3.70882e-06
3.39033e-06
3.0871e-06
2.80318e-06
2.54056e-06
2.29983e-06
2.08063e-06
1.88206e-06
1.70291e-06
1.54179e-06
1.39726e-06
1.26788e-06
1.15225e-06
1.04901e-06
9.56854e-07
8.74688e-07
8.01565e-07
7.36652e-07
6.79224e-07
6.28639e-07
5.84276e-07
5.45509e-07
5.11736e-07
4.82381e-07
4.56904e-07
4.348e-07
4.15595e-07
3.9886e-07
3.84212e-07
3.71317e-07
3.59883e-07
3.49656e-07
3.4042e-07
3.31986e-07
3.24192e-07
3.16899e-07
3.09986e-07
3.03353e-07
2.96914e-07
2.90602e-07
2.84363e-07
2.78158e-07
2.71965e-07
2.65773e-07
2.59583e-07
2.53409e-07
2.47272e-07
2.41202e-07
2.35234e-07
2.29409e-07
2.23766e-07
2.18349e-07
2.13196e-07
2.08344e-07
2.03825e-07
1.99667e-07
1.95891e-07
1.92513e-07
1.89537e-07
1.86965e-07
1.84791e-07
1.82984e-07
1.81498e-07
1.80297e-07
1.79352e-07
1.78639e-07
1.78139e-07
1.77831e-07
1.77698e-07
1.77725e-07
1.779e-07
1.78213e-07
1.78657e-07
1.79229e-07
1.79925e-07
1.80747e-07
1.81696e-07
1.82777e-07
1.83993e-07
1.85349e-07
1.86851e-07
1.88505e-07
1.90315e-07
1.92288e-07
1.9443e-07
1.96746e-07
1.99242e-07
2.01912e-07
2.04754e-07
2.07774e-07
2.10981e-07
2.14404e-07
2.18068e-07
2.21994e-07
2.26198e-07
2.30705e-07
2.35547e-07
2.40763e-07
2.46396e-07
2.525e-07
2.5914e-07
2.66392e-07
2.74347e-07
2.83116e-07
2.92827e-07
3.03635e-07
3.15725e-07
3.29315e-07
3.44662e-07
3.62065e-07
3.81823e-07
4.04438e-07
4.29356e-07
4.58736e-07
1.32307e-05
9.20517e-06
4.4335e-06
2.37794e-06
1.40901e-06
7.53063e-07
3.2462e-07
2.33978e-07
3.50385e-07
3.06406e-07
2.80049e-07
6.95726e-07
1.38399e-06
2.31425e-06
3.79953e-06
5.87375e-06
7.26887e-06
8.72529e-06
1.26738e-05
1.31938e-05
1.00046e-05
6.29444e-06
3.21447e-06
1.32813e-06
1.00032e-06
1.29029e-06
1.46938e-06
1.5358e-06
1.52516e-06
1.45714e-06
1.34335e-06
1.19022e-06
1.01252e-06
8.61049e-07
8.4322e-07
1.03643e-06
1.38387e-06
1.80862e-06
2.2586e-06
2.70285e-06
3.12285e-06
3.50588e-06
3.84137e-06
4.11985e-06
4.33284e-06
4.47366e-06
4.53842e-06
4.52684e-06
4.44374e-06
4.30356e-06
4.13353e-06
3.97944e-06
3.90263e-06
3.95692e-06
4.15356e-06
4.45409e-06
4.77497e-06
5.05157e-06
5.22732e-06
5.27695e-06
5.21118e-06
5.05439e-06
4.82522e-06
4.54428e-06
4.23318e-06
3.90961e-06
3.58672e-06
3.27392e-06
2.97737e-06
2.70063e-06
2.4453e-06
2.21162e-06
1.99901e-06
1.80641e-06
1.63248e-06
1.47579e-06
1.33489e-06
1.20839e-06
1.09495e-06
9.9331e-07
9.0231e-07
8.20932e-07
7.48288e-07
6.83596e-07
6.26172e-07
5.75405e-07
5.30724e-07
4.91585e-07
4.5747e-07
4.27903e-07
4.02405e-07
3.80533e-07
3.61856e-07
3.45963e-07
3.32462e-07
3.2099e-07
3.1121e-07
3.02812e-07
2.95516e-07
2.89071e-07
2.83256e-07
2.77878e-07
2.72774e-07
2.67807e-07
2.62864e-07
2.57857e-07
2.5272e-07
2.47406e-07
2.41887e-07
2.36152e-07
2.30203e-07
2.24056e-07
2.17738e-07
2.11284e-07
2.04737e-07
1.98147e-07
1.91566e-07
1.85048e-07
1.78649e-07
1.7242e-07
1.66415e-07
1.60677e-07
1.55247e-07
1.50155e-07
1.45423e-07
1.41059e-07
1.37059e-07
1.3342e-07
1.30131e-07
1.27174e-07
1.24525e-07
1.22154e-07
1.20026e-07
1.18105e-07
1.16353e-07
1.14734e-07
1.13214e-07
1.11762e-07
1.10353e-07
1.08963e-07
1.07577e-07
1.06181e-07
1.04769e-07
1.03337e-07
1.01887e-07
1.00424e-07
9.89559e-08
9.74947e-08
9.6055e-08
9.46537e-08
9.33098e-08
9.20436e-08
9.08754e-08
8.98279e-08
8.89269e-08
8.82008e-08
8.76752e-08
8.73665e-08
8.72993e-08
8.7506e-08
8.80196e-08
8.88713e-08
9.00939e-08
9.17233e-08
9.37981e-08
9.63602e-08
9.94562e-08
1.03139e-07
1.07468e-07
1.12512e-07
1.18354e-07
1.25088e-07
1.32824e-07
1.41691e-07
1.51839e-07
1.63438e-07
1.76657e-07
1.91758e-07
2.08521e-07
2.27018e-07
1.57605e-05
7.67143e-06
3.24773e-06
1.75324e-06
8.41528e-07
3.75762e-07
2.2642e-07
1.38243e-07
2.01042e-07
4.11007e-08
2.25838e-07
7.44231e-07
1.36886e-06
2.16958e-06
3.57013e-06
5.32477e-06
6.4315e-06
9.39456e-06
1.24153e-05
1.05291e-05
6.78042e-06
3.48008e-06
1.35355e-06
9.59821e-07
1.26013e-06
1.34883e-06
1.28065e-06
1.17644e-06
1.12794e-06
1.14033e-06
1.13525e-06
1.03776e-06
8.21163e-07
5.07597e-07
2.70989e-07
5.81757e-07
1.05427e-06
1.54524e-06
2.01402e-06
2.44738e-06
2.83552e-06
3.1728e-06
3.45617e-06
3.68438e-06
3.85677e-06
3.97243e-06
4.02996e-06
4.02835e-06
3.96782e-06
3.85928e-06
3.72346e-06
3.60193e-06
3.55602e-06
3.64225e-06
3.87209e-06
4.20595e-06
4.55742e-06
4.84316e-06
5.02854e-06
5.08659e-06
5.03571e-06
4.88564e-06
4.66019e-06
4.38389e-06
4.07877e-06
3.7626e-06
3.44848e-06
3.14543e-06
2.85913e-06
2.59264e-06
2.34718e-06
2.12271e-06
1.91847e-06
1.73325e-06
1.5657e-06
1.41438e-06
1.27789e-06
1.15491e-06
1.04419e-06
9.44596e-07
8.55079e-07
7.74717e-07
7.02698e-07
6.38313e-07
5.80932e-07
5.2999e-07
4.84964e-07
4.45366e-07
4.1072e-07
3.80609e-07
3.54621e-07
3.32353e-07
3.13425e-07
2.97467e-07
2.84125e-07
2.73055e-07
2.63935e-07
2.56453e-07
2.50321e-07
2.45268e-07
2.41046e-07
2.37433e-07
2.34231e-07
2.31267e-07
2.28396e-07
2.25494e-07
2.22464e-07
2.19231e-07
2.15741e-07
2.11958e-07
2.07867e-07
2.03465e-07
1.98766e-07
1.93793e-07
1.88581e-07
1.83174e-07
1.77619e-07
1.7197e-07
1.66284e-07
1.60616e-07
1.55024e-07
1.49558e-07
1.44271e-07
1.39204e-07
1.34393e-07
1.2987e-07
1.25656e-07
1.21766e-07
1.18205e-07
1.14969e-07
1.12041e-07
1.09398e-07
1.07011e-07
1.04846e-07
1.02866e-07
1.01035e-07
9.93165e-08
9.7677e-08
9.60851e-08
9.45134e-08
9.29387e-08
9.13423e-08
8.97098e-08
8.80312e-08
8.63002e-08
8.45146e-08
8.26755e-08
8.07873e-08
7.88571e-08
7.68947e-08
7.49121e-08
7.29233e-08
7.09445e-08
6.89952e-08
6.70978e-08
6.52741e-08
6.35467e-08
6.19433e-08
6.04979e-08
5.92432e-08
5.82153e-08
5.74555e-08
5.7008e-08
5.69221e-08
5.72496e-08
5.80442e-08
5.9362e-08
6.12599e-08
6.3796e-08
6.70303e-08
7.10261e-08
7.58518e-08
8.15833e-08
8.8305e-08
9.61135e-08
1.05111e-07
1.15427e-07
1.27113e-07
1.40412e-07
1.53708e-07
1.7709e-05
6.03004e-06
2.39533e-06
1.22006e-06
3.71656e-07
4.77733e-07
4.45632e-07
2.73986e-07
9.31486e-08
2.08946e-07
5.51754e-07
9.72716e-07
1.39332e-06
2.02002e-06
3.12772e-06
4.30027e-06
5.85046e-06
9.77928e-06
1.04937e-05
7.38293e-06
3.91294e-06
1.46021e-06
8.31975e-07
1.20269e-06
1.257e-06
1.10559e-06
1.02389e-06
1.18934e-06
1.45332e-06
1.61525e-06
1.59134e-06
1.38247e-06
1.03396e-06
6.28187e-07
4.29485e-07
7.63574e-07
1.26141e-06
1.76815e-06
2.2441e-06
2.674e-06
3.04579e-06
3.35041e-06
3.58217e-06
3.74054e-06
3.83006e-06
3.85842e-06
3.83436e-06
3.76711e-06
3.65785e-06
3.52046e-06
3.37603e-06
3.2635e-06
3.24435e-06
3.37013e-06
3.63444e-06
3.97934e-06
4.33793e-06
4.62536e-06
4.81069e-06
4.87875e-06
4.83122e-06
4.68639e-06
4.46833e-06
4.2013e-06
3.90708e-06
3.6031e-06
3.30208e-06
3.01254e-06
2.73964e-06
2.486e-06
2.2525e-06
2.03888e-06
1.84425e-06
1.66738e-06
1.50691e-06
1.36149e-06
1.2298e-06
1.11065e-06
1.0029e-06
9.05549e-07
8.17667e-07
7.3844e-07
6.67144e-07
6.03138e-07
5.45846e-07
4.94752e-07
4.49375e-07
4.09274e-07
3.74017e-07
3.43207e-07
3.16492e-07
2.93512e-07
2.73925e-07
2.57398e-07
2.43612e-07
2.32251e-07
2.23014e-07
2.15608e-07
2.0975e-07
2.05174e-07
2.01629e-07
1.98884e-07
1.96728e-07
1.94973e-07
1.93454e-07
1.92028e-07
1.90575e-07
1.88997e-07
1.87216e-07
1.85175e-07
1.82834e-07
1.80172e-07
1.77181e-07
1.73868e-07
1.70252e-07
1.66362e-07
1.62237e-07
1.57919e-07
1.53459e-07
1.48909e-07
1.44323e-07
1.39753e-07
1.35253e-07
1.30872e-07
1.26653e-07
1.22634e-07
1.18845e-07
1.15307e-07
1.12033e-07
1.09026e-07
1.0628e-07
1.03783e-07
1.01513e-07
9.94467e-08
9.75539e-08
9.58038e-08
9.41644e-08
9.26047e-08
9.10952e-08
8.96094e-08
8.81243e-08
8.66207e-08
8.50832e-08
8.35005e-08
8.18651e-08
8.01733e-08
7.84243e-08
7.6621e-08
7.47687e-08
7.28752e-08
7.09506e-08
6.9007e-08
6.70581e-08
6.51199e-08
6.32099e-08
6.13476e-08
5.95552e-08
5.78584e-08
5.62844e-08
5.48629e-08
5.36287e-08
5.26202e-08
5.18788e-08
5.14509e-08
5.13883e-08
5.17456e-08
5.25793e-08
5.39482e-08
5.59115e-08
5.85281e-08
6.18579e-08
6.59617e-08
7.09032e-08
7.67491e-08
8.35727e-08
9.1442e-08
1.00456e-07
1.10578e-07
1.22124e-07
1.3317e-07
1.90433e-05
4.59166e-06
1.82355e-06
7.13131e-07
3.3772e-07
7.05852e-07
6.34956e-07
4.25489e-07
1.9479e-07
4.50899e-07
8.70619e-07
1.21447e-06
1.44921e-06
1.72694e-06
2.24613e-06
3.20441e-06
6.11219e-06
9.07833e-06
7.74919e-06
4.43474e-06
1.67053e-06
6.65221e-07
1.16525e-06
1.24044e-06
1.0321e-06
9.80703e-07
1.31067e-06
1.70159e-06
1.9098e-06
1.87042e-06
1.61157e-06
1.19605e-06
6.86764e-07
1.32714e-07
4.45175e-07
1.00025e-06
1.54928e-06
2.06735e-06
2.54908e-06
2.9829e-06
3.35809e-06
3.66285e-06
3.88506e-06
4.01821e-06
4.06305e-06
4.028e-06
3.92625e-06
3.77949e-06
3.59722e-06
3.39398e-06
3.21104e-06
3.08869e-06
3.07987e-06
3.22072e-06
3.49163e-06
3.82119e-06
4.14735e-06
4.41645e-06
4.58838e-06
4.64959e-06
4.60392e-06
4.46651e-06
4.25941e-06
4.00594e-06
3.72702e-06
3.43937e-06
3.15509e-06
2.88212e-06
2.62509e-06
2.38623e-06
2.16613e-06
1.9644e-06
1.78009e-06
1.612e-06
1.45888e-06
1.31947e-06
1.19263e-06
1.07728e-06
9.72448e-07
8.77269e-07
7.90947e-07
7.12774e-07
6.42118e-07
5.78411e-07
5.21137e-07
4.69827e-07
4.24043e-07
3.83377e-07
3.47444e-07
3.15867e-07
2.88327e-07
2.64497e-07
2.44066e-07
2.26729e-07
2.12194e-07
2.00174e-07
1.90387e-07
1.82561e-07
1.76428e-07
1.71731e-07
1.68226e-07
1.65682e-07
1.63889e-07
1.62654e-07
1.61804e-07
1.61188e-07
1.60673e-07
1.60148e-07
1.59519e-07
1.58713e-07
1.57672e-07
1.56355e-07
1.54739e-07
1.52811e-07
1.50574e-07
1.48043e-07
1.45239e-07
1.42196e-07
1.38953e-07
1.35552e-07
1.32042e-07
1.28472e-07
1.2489e-07
1.21347e-07
1.17884e-07
1.14542e-07
1.11356e-07
1.08351e-07
1.05545e-07
1.02951e-07
1.00568e-07
9.83927e-08
9.64105e-08
9.46031e-08
9.29471e-08
9.14163e-08
8.99833e-08
8.86204e-08
8.7301e-08
8.60007e-08
8.4698e-08
8.33746e-08
8.20159e-08
8.06108e-08
7.9152e-08
7.76357e-08
7.60612e-08
7.44309e-08
7.27501e-08
7.10264e-08
6.92697e-08
6.74919e-08
6.57068e-08
6.393e-08
6.21793e-08
6.0474e-08
5.88352e-08
5.7286e-08
5.58522e-08
5.45627e-08
5.34494e-08
5.25473e-08
5.1896e-08
5.15368e-08
5.1515e-08
5.18806e-08
5.26847e-08
5.39799e-08
5.58201e-08
5.82597e-08
6.1353e-08
6.51551e-08
6.97215e-08
7.51083e-08
8.13732e-08
8.85631e-08
9.67451e-08
1.0585e-07
1.16134e-07
1.25801e-07
1.97773e-05
3.55798e-06
1.53621e-06
4.86343e-07
6.24979e-07
8.98487e-07
8.42974e-07
7.17933e-07
4.51027e-07
6.44585e-07
1.07977e-06
1.34336e-06
1.28695e-06
9.27226e-07
1.23268e-06
2.90234e-06
6.36901e-06
7.31573e-06
4.93028e-06
2.01562e-06
5.66489e-07
1.21361e-06
1.35962e-06
1.09636e-06
9.56858e-07
1.32168e-06
1.7811e-06
2.02657e-06
1.99411e-06
1.73288e-06
1.33088e-06
8.79625e-07
5.22588e-07
6.01389e-07
1.01832e-06
1.49918e-06
1.99219e-06
2.46603e-06
2.91197e-06
3.31935e-06
3.67893e-06
3.97821e-06
4.19743e-06
4.32312e-06
4.35039e-06
4.2825e-06
4.12828e-06
3.90985e-06
3.6712e-06
3.4241e-06
3.20991e-06
3.08193e-06
3.08034e-06
3.21222e-06
3.44527e-06
3.72322e-06
3.99129e-06
4.21236e-06
4.35695e-06
4.40819e-06
4.36427e-06
4.23636e-06
4.04352e-06
3.80718e-06
3.54702e-06
3.27882e-06
3.01393e-06
2.75965e-06
2.5201e-06
2.29716e-06
2.0912e-06
1.90177e-06
1.72795e-06
1.56864e-06
1.42272e-06
1.28912e-06
1.16687e-06
1.05506e-06
9.52896e-07
8.59651e-07
7.74666e-07
6.97347e-07
6.27153e-07
5.63593e-07
5.06211e-07
4.54585e-07
4.08316e-07
3.6703e-07
3.30368e-07
2.97979e-07
2.69563e-07
2.44821e-07
2.23455e-07
2.05185e-07
1.89738e-07
1.76848e-07
1.66256e-07
1.57705e-07
1.50947e-07
1.45735e-07
1.41838e-07
1.39031e-07
1.37109e-07
1.35882e-07
1.35176e-07
1.34839e-07
1.34733e-07
1.34741e-07
1.3476e-07
1.34705e-07
1.34507e-07
1.34112e-07
1.33479e-07
1.32583e-07
1.3141e-07
1.29958e-07
1.28238e-07
1.26267e-07
1.24073e-07
1.21689e-07
1.19155e-07
1.16511e-07
1.138e-07
1.11069e-07
1.08358e-07
1.05706e-07
1.0315e-07
1.00717e-07
9.84302e-08
9.63033e-08
9.43434e-08
9.25499e-08
9.09152e-08
8.94258e-08
8.80634e-08
8.68065e-08
8.56313e-08
8.45137e-08
8.34297e-08
8.23572e-08
8.12761e-08
8.01695e-08
7.90235e-08
7.78277e-08
7.65752e-08
7.52623e-08
7.38887e-08
7.2457e-08
7.09724e-08
6.94428e-08
6.78783e-08
6.6291e-08
6.46949e-08
6.3106e-08
6.15418e-08
6.00215e-08
5.85662e-08
5.71988e-08
5.59447e-08
5.48311e-08
5.3888e-08
5.31478e-08
5.2646e-08
5.24212e-08
5.25137e-08
5.29664e-08
5.38257e-08
5.5138e-08
5.69507e-08
5.93124e-08
6.22717e-08
6.58771e-08
7.01767e-08
7.5217e-08
8.1043e-08
8.76856e-08
9.51868e-08
1.03461e-07
1.12715e-07
1.21332e-07
1.99381e-05
3.04043e-06
1.65413e-06
8.77231e-07
8.80284e-07
1.02992e-06
1.0335e-06
1.09755e-06
9.15306e-07
9.41801e-07
1.20286e-06
1.28344e-06
9.68541e-07
3.65208e-07
7.78046e-07
3.51557e-06
5.8186e-06
5.0693e-06
2.49204e-06
6.7486e-07
1.35828e-06
1.64035e-06
1.36725e-06
1.03376e-06
1.25071e-06
1.74124e-06
2.05569e-06
2.08652e-06
1.88638e-06
1.56331e-06
1.23452e-06
1.02628e-06
1.04989e-06
1.29849e-06
1.66067e-06
2.07064e-06
2.48909e-06
2.8995e-06
3.28844e-06
3.64694e-06
3.97074e-06
4.2519e-06
4.46549e-06
4.58773e-06
4.60071e-06
4.49791e-06
4.3106e-06
4.05369e-06
3.77116e-06
3.50558e-06
3.29137e-06
3.17812e-06
3.18903e-06
3.30367e-06
3.47502e-06
3.66382e-06
3.84829e-06
4.00938e-06
4.12151e-06
4.16222e-06
4.12201e-06
4.00617e-06
3.83017e-06
3.61337e-06
3.37414e-06
3.12727e-06
2.88328e-06
2.64881e-06
2.42748e-06
2.22084e-06
2.02912e-06
1.85187e-06
1.68825e-06
1.53732e-06
1.39818e-06
1.26994e-06
1.15183e-06
1.04315e-06
9.4327e-07
8.51614e-07
7.67661e-07
6.90927e-07
6.20965e-07
5.57355e-07
4.99701e-07
4.47626e-07
4.00769e-07
3.58784e-07
3.21336e-07
2.88093e-07
2.58769e-07
2.33083e-07
2.10749e-07
1.91498e-07
1.7507e-07
1.61215e-07
1.49688e-07
1.40249e-07
1.32663e-07
1.26699e-07
1.22137e-07
1.18763e-07
1.1638e-07
1.14803e-07
1.13865e-07
1.13415e-07
1.13317e-07
1.13452e-07
1.13714e-07
1.14013e-07
1.14271e-07
1.14423e-07
1.1442e-07
1.14222e-07
1.13802e-07
1.13147e-07
1.12252e-07
1.11122e-07
1.09773e-07
1.08227e-07
1.06512e-07
1.04663e-07
1.02715e-07
1.00707e-07
9.86789e-08
9.6664e-08
9.46988e-08
9.28125e-08
9.10279e-08
8.93622e-08
8.78256e-08
8.64212e-08
8.51453e-08
8.39885e-08
8.29364e-08
8.19708e-08
8.10714e-08
8.02165e-08
7.93846e-08
7.85554e-08
7.77103e-08
7.68335e-08
7.5912e-08
7.4936e-08
7.38989e-08
7.27976e-08
7.16318e-08
7.04043e-08
6.91206e-08
6.77888e-08
6.6419e-08
6.50236e-08
6.36169e-08
6.2215e-08
6.08354e-08
5.94975e-08
5.82224e-08
5.70324e-08
5.59521e-08
5.50077e-08
5.42273e-08
5.36414e-08
5.32825e-08
5.31851e-08
5.33866e-08
5.3925e-08
5.48401e-08
5.61748e-08
5.7971e-08
6.02713e-08
6.31191e-08
6.65567e-08
7.06257e-08
7.5364e-08
8.08065e-08
8.69722e-08
9.38861e-08
1.01457e-07
1.09862e-07
1.17661e-07
1.95954e-05
3.07684e-06
2.14439e-06
1.44809e-06
1.08518e-06
1.07675e-06
1.12333e-06
1.35589e-06
1.39087e-06
1.4123e-06
1.54001e-06
1.5837e-06
1.42397e-06
9.83321e-07
1.66139e-06
3.87886e-06
4.52349e-06
2.92729e-06
1.08629e-06
1.55468e-06
2.0261e-06
1.84117e-06
1.37197e-06
1.25676e-06
1.6617e-06
2.05448e-06
2.1966e-06
2.10322e-06
1.88037e-06
1.64766e-06
1.50682e-06
1.52051e-06
1.67903e-06
1.94223e-06
2.25258e-06
2.59795e-06
2.94324e-06
3.28891e-06
3.61987e-06
3.9247e-06
4.20698e-06
4.46123e-06
4.65991e-06
4.76405e-06
4.75957e-06
4.63898e-06
4.42326e-06
4.15136e-06
3.85439e-06
3.58798e-06
3.40208e-06
3.3318e-06
3.36564e-06
3.44892e-06
3.53382e-06
3.61285e-06
3.70166e-06
3.80097e-06
3.88469e-06
3.91977e-06
3.88679e-06
3.7851e-06
3.62719e-06
3.43084e-06
3.21332e-06
2.98844e-06
2.76583e-06
2.55141e-06
2.34829e-06
2.15771e-06
1.97983e-06
1.81421e-06
1.66018e-06
1.51702e-06
1.38401e-06
1.26054e-06
1.14603e-06
1.03998e-06
9.41943e-07
8.51491e-07
7.68232e-07
6.91794e-07
6.21815e-07
5.57948e-07
4.9985e-07
4.4719e-07
3.99638e-07
3.56877e-07
3.18587e-07
2.84455e-07
2.54204e-07
2.27565e-07
2.0426e-07
1.84023e-07
1.66603e-07
1.51758e-07
1.39252e-07
1.28857e-07
1.2035e-07
1.13514e-07
1.08138e-07
1.04022e-07
1.00977e-07
9.88277e-08
9.74129e-08
9.65874e-08
9.62199e-08
9.61929e-08
9.64018e-08
9.67536e-08
9.71671e-08
9.75721e-08
9.79097e-08
9.81318e-08
9.82014e-08
9.80922e-08
9.77886e-08
9.72845e-08
9.65833e-08
9.56967e-08
9.46427e-08
9.34473e-08
9.21368e-08
9.0745e-08
8.93073e-08
8.78528e-08
8.64144e-08
8.5022e-08
8.36977e-08
8.246e-08
8.13207e-08
8.02854e-08
7.93533e-08
7.85179e-08
7.77678e-08
7.70877e-08
7.64596e-08
7.58643e-08
7.52822e-08
7.46945e-08
7.40838e-08
7.34353e-08
7.27366e-08
7.19784e-08
7.11546e-08
7.0262e-08
6.93008e-08
6.82737e-08
6.71863e-08
6.60468e-08
6.48655e-08
6.36548e-08
6.24292e-08
6.12047e-08
5.9999e-08
5.88314e-08
5.77225e-08
5.66946e-08
5.57714e-08
5.49781e-08
5.43415e-08
5.38901e-08
5.36542e-08
5.36654e-08
5.39572e-08
5.4565e-08
5.55239e-08
5.68716e-08
5.8647e-08
6.08878e-08
6.3632e-08
6.69172e-08
7.07788e-08
7.52484e-08
8.03525e-08
8.61025e-08
9.25125e-08
9.94936e-08
1.07203e-07
1.14371e-07
1.89114e-05
3.55927e-06
2.8481e-06
2.09186e-06
1.32413e-06
1.0039e-06
9.98985e-07
1.27885e-06
1.56054e-06
1.78572e-06
1.99042e-06
2.054e-06
1.81364e-06
1.51617e-06
2.47416e-06
3.52457e-06
3.02848e-06
1.69275e-06
1.82038e-06
2.43192e-06
2.42423e-06
1.96394e-06
1.55344e-06
1.67465e-06
2.07047e-06
2.33283e-06
2.37036e-06
2.25234e-06
2.08796e-06
1.97301e-06
1.9654e-06
2.07304e-06
2.24822e-06
2.45932e-06
2.69423e-06
2.96895e-06
3.2543e-06
3.55339e-06
3.8552e-06
4.13166e-06
4.37416e-06
4.58583e-06
4.75705e-06
4.84683e-06
4.82619e-06
4.69825e-06
4.47013e-06
4.18391e-06
3.89191e-06
3.6576e-06
3.53235e-06
3.52202e-06
3.56921e-06
3.59599e-06
3.57209e-06
3.53285e-06
3.53236e-06
3.58415e-06
3.65257e-06
3.68986e-06
3.66722e-06
3.58012e-06
3.4398e-06
3.26333e-06
3.06713e-06
2.86397e-06
2.66246e-06
2.46771e-06
2.28226e-06
2.10708e-06
1.94227e-06
1.78749e-06
1.64227e-06
1.50609e-06
1.37852e-06
1.25916e-06
1.14766e-06
1.04373e-06
9.47083e-07
8.57444e-07
7.74546e-07
6.98116e-07
6.27879e-07
5.63552e-07
5.04845e-07
4.51466e-07
4.03116e-07
3.59503e-07
3.20317e-07
2.85265e-07
2.54077e-07
2.26487e-07
2.02221e-07
1.81017e-07
1.62626e-07
1.46808e-07
1.33335e-07
1.21984e-07
1.12541e-07
1.04799e-07
9.85571e-08
9.36254e-08
8.98245e-08
8.69877e-08
8.49624e-08
8.36098e-08
8.28043e-08
8.24329e-08
8.23936e-08
8.25944e-08
8.29531e-08
8.33964e-08
8.38603e-08
8.42902e-08
8.4641e-08
8.48773e-08
8.49733e-08
8.4913e-08
8.46893e-08
8.43042e-08
8.3766e-08
8.30918e-08
8.23013e-08
8.14189e-08
8.04769e-08
7.95004e-08
7.8517e-08
7.75559e-08
7.66385e-08
7.5783e-08
7.50021e-08
7.4303e-08
7.36867e-08
7.31491e-08
7.26808e-08
7.22688e-08
7.18972e-08
7.15484e-08
7.12045e-08
7.08477e-08
7.04618e-08
7.00325e-08
6.95481e-08
6.89996e-08
6.83808e-08
6.7689e-08
6.6924e-08
6.60888e-08
6.51889e-08
6.42324e-08
6.32296e-08
6.21929e-08
6.11367e-08
6.00771e-08
5.90315e-08
5.80193e-08
5.70607e-08
5.61776e-08
5.5393e-08
5.47313e-08
5.42182e-08
5.38806e-08
5.37467e-08
5.38462e-08
5.42096e-08
5.48692e-08
5.58582e-08
5.72095e-08
5.89583e-08
6.11394e-08
6.37866e-08
6.69327e-08
7.06087e-08
7.48407e-08
7.96497e-08
8.50419e-08
9.10251e-08
9.75168e-08
1.04659e-07
1.11344e-07
1.79097e-05
4.29544e-06
3.67451e-06
2.81374e-06
1.71582e-06
9.03001e-07
6.81169e-07
8.58332e-07
1.266e-06
1.69909e-06
2.00287e-06
2.05259e-06
1.87309e-06
2.02341e-06
2.68272e-06
2.81791e-06
2.24722e-06
2.25019e-06
2.83536e-06
3.01644e-06
2.67884e-06
2.15414e-06
1.93632e-06
2.17251e-06
2.4961e-06
2.65958e-06
2.64705e-06
2.53766e-06
2.42052e-06
2.36087e-06
2.38452e-06
2.48218e-06
2.61078e-06
2.75975e-06
2.96898e-06
3.2173e-06
3.47611e-06
3.74328e-06
4.00238e-06
4.24853e-06
4.45983e-06
4.63687e-06
4.77435e-06
4.84694e-06
4.81807e-06
4.675e-06
4.43613e-06
4.15159e-06
3.88975e-06
3.72204e-06
3.68269e-06
3.72818e-06
3.75749e-06
3.69332e-06
3.54491e-06
3.39682e-06
3.333e-06
3.36434e-06
3.43481e-06
3.4811e-06
3.46923e-06
3.39483e-06
3.27003e-06
3.11191e-06
2.93601e-06
2.75384e-06
2.57276e-06
2.39692e-06
2.22831e-06
2.06763e-06
1.91496e-06
1.77011e-06
1.63281e-06
1.50282e-06
1.37996e-06
1.26406e-06
1.15502e-06
1.05271e-06
9.57028e-07
8.67834e-07
7.84979e-07
7.08288e-07
6.37564e-07
5.72584e-07
5.1311e-07
4.58884e-07
4.09638e-07
3.65098e-07
3.24967e-07
2.88958e-07
2.56822e-07
2.28289e-07
2.03082e-07
1.80939e-07
1.61613e-07
1.44864e-07
1.30466e-07
1.18199e-07
1.07853e-07
9.92288e-08
9.21328e-08
8.63832e-08
8.18091e-08
7.82518e-08
7.55662e-08
7.36201e-08
7.22945e-08
7.14812e-08
7.10825e-08
7.10092e-08
7.11799e-08
7.15207e-08
7.19647e-08
7.24531e-08
7.29347e-08
7.33673e-08
7.37169e-08
7.3959e-08
7.40775e-08
7.40655e-08
7.39229e-08
7.3658e-08
7.32848e-08
7.2819e-08
7.22875e-08
7.17129e-08
7.11169e-08
7.05267e-08
6.99629e-08
6.94426e-08
6.89789e-08
6.85796e-08
6.82473e-08
6.7979e-08
6.77674e-08
6.7601e-08
6.74655e-08
6.73449e-08
6.72223e-08
6.70809e-08
6.69054e-08
6.66818e-08
6.63988e-08
6.60475e-08
6.56219e-08
6.5119e-08
6.45386e-08
6.38836e-08
6.31593e-08
6.23735e-08
6.15365e-08
6.06606e-08
5.97599e-08
5.88504e-08
5.79495e-08
5.70761e-08
5.62503e-08
5.54936e-08
5.48283e-08
5.42782e-08
5.3868e-08
5.36235e-08
5.35713e-08
5.37395e-08
5.41568e-08
5.48528e-08
5.58584e-08
5.72047e-08
5.89225e-08
6.10443e-08
6.3601e-08
6.66218e-08
7.01335e-08
7.41587e-08
7.8714e-08
8.38028e-08
8.94292e-08
9.55193e-08
1.022e-07
1.08518e-07
1.65616e-05
5.13697e-06
4.53171e-06
3.59856e-06
2.30806e-06
1.04902e-06
3.30158e-07
3.93206e-07
7.54266e-07
1.23766e-06
1.60873e-06
1.78023e-06
1.92529e-06
2.2826e-06
2.61612e-06
2.67155e-06
2.83603e-06
3.30487e-06
3.5833e-06
3.40258e-06
2.90729e-06
2.47602e-06
2.44121e-06
2.70186e-06
2.94978e-06
3.04493e-06
3.00392e-06
2.89984e-06
2.80258e-06
2.75729e-06
2.77277e-06
2.83009e-06
2.90391e-06
2.98677e-06
3.14985e-06
3.36949e-06
3.61595e-06
3.86646e-06
4.09293e-06
4.28865e-06
4.45819e-06
4.60575e-06
4.7205e-06
4.77035e-06
4.72192e-06
4.56509e-06
4.32498e-06
4.06461e-06
3.86853e-06
3.80296e-06
3.85579e-06
3.92293e-06
3.88372e-06
3.69447e-06
3.42159e-06
3.19601e-06
3.11215e-06
3.15566e-06
3.24232e-06
3.29908e-06
3.2946e-06
3.22908e-06
3.11705e-06
2.97563e-06
2.81904e-06
2.65707e-06
2.49564e-06
2.33784e-06
2.18509e-06
2.0379e-06
1.89639e-06
1.76052e-06
1.6303e-06
1.50573e-06
1.3869e-06
1.27389e-06
1.16677e-06
1.06564e-06
9.70527e-07
8.81438e-07
7.98332e-07
7.21127e-07
6.49699e-07
5.83885e-07
5.2349e-07
4.68292e-07
4.1805e-07
3.72504e-07
3.31372e-07
2.94377e-07
2.61274e-07
2.31797e-07
2.05665e-07
1.82612e-07
1.6239e-07
1.44758e-07
1.29489e-07
1.16363e-07
1.05172e-07
9.57201e-08
8.78189e-08
8.12921e-08
7.5975e-08
7.17155e-08
6.83745e-08
6.58261e-08
6.3957e-08
6.26645e-08
6.18556e-08
6.14448e-08
6.13532e-08
6.15074e-08
6.184e-08
6.22894e-08
6.28005e-08
6.33255e-08
6.38243e-08
6.42652e-08
6.46246e-08
6.48875e-08
6.5047e-08
6.51026e-08
6.5063e-08
6.49371e-08
6.47448e-08
6.4507e-08
6.42401e-08
6.39672e-08
6.37091e-08
6.34809e-08
6.32955e-08
6.31612e-08
6.30812e-08
6.30539e-08
6.3073e-08
6.31286e-08
6.32075e-08
6.32949e-08
6.33748e-08
6.34314e-08
6.34496e-08
6.34161e-08
6.33195e-08
6.31509e-08
6.29045e-08
6.25768e-08
6.21676e-08
6.16794e-08
6.11171e-08
6.04884e-08
5.98032e-08
5.90735e-08
5.83133e-08
5.75383e-08
5.67656e-08
5.60139e-08
5.5303e-08
5.46539e-08
5.40888e-08
5.36306e-08
5.33033e-08
5.3132e-08
5.31423e-08
5.33609e-08
5.38153e-08
5.45336e-08
5.55444e-08
5.68773e-08
5.85614e-08
6.06254e-08
6.30988e-08
6.60081e-08
6.93769e-08
7.32249e-08
7.75659e-08
8.24015e-08
8.77341e-08
9.34989e-08
9.9808e-08
1.05849e-07
1.49285e-05
5.97567e-06
5.36324e-06
4.38777e-06
3.02224e-06
1.54077e-06
3.41321e-07
2.62841e-07
6.16465e-07
9.71317e-07
1.36054e-06
1.73407e-06
2.1582e-06
2.63809e-06
3.0808e-06
3.49139e-06
3.90888e-06
4.176e-06
4.09724e-06
3.68669e-06
3.18679e-06
2.90151e-06
2.97971e-06
3.22826e-06
3.41447e-06
3.4588e-06
3.39026e-06
3.27172e-06
3.16068e-06
3.09563e-06
3.09168e-06
3.13211e-06
3.19084e-06
3.24703e-06
3.33284e-06
3.4604e-06
3.65015e-06
3.85737e-06
4.06018e-06
4.22829e-06
4.36843e-06
4.48796e-06
4.57806e-06
4.60743e-06
4.54266e-06
4.37797e-06
4.15279e-06
3.95049e-06
3.86389e-06
3.92158e-06
4.03663e-06
4.06094e-06
3.89676e-06
3.56434e-06
3.19365e-06
2.94606e-06
2.89437e-06
2.97599e-06
3.08217e-06
3.14373e-06
3.14038e-06
3.0796e-06
2.97824e-06
2.85258e-06
2.71475e-06
2.57244e-06
2.42989e-06
2.28922e-06
2.15133e-06
2.01662e-06
1.8853e-06
1.75755e-06
1.63362e-06
1.5138e-06
1.39839e-06
1.28773e-06
1.18208e-06
1.08172e-06
9.8682e-07
8.97522e-07
8.1389e-07
7.3593e-07
6.63588e-07
5.96759e-07
5.3529e-07
4.78992e-07
4.27651e-07
3.81013e-07
3.38812e-07
3.00793e-07
2.66702e-07
2.36271e-07
2.09217e-07
1.85274e-07
1.64188e-07
1.45717e-07
1.29628e-07
1.15701e-07
1.03729e-07
9.35133e-08
8.48699e-08
7.76251e-08
7.16179e-08
6.67005e-08
6.27384e-08
5.96105e-08
5.72085e-08
5.5435e-08
5.42018e-08
5.34277e-08
5.30374e-08
5.29597e-08
5.31275e-08
5.34781e-08
5.39537e-08
5.45025e-08
5.50794e-08
5.56468e-08
5.61746e-08
5.66411e-08
5.70328e-08
5.73425e-08
5.75725e-08
5.77267e-08
5.78172e-08
5.78633e-08
5.78776e-08
5.78782e-08
5.78851e-08
5.79121e-08
5.79713e-08
5.80711e-08
5.82151e-08
5.84024e-08
5.86278e-08
5.88825e-08
5.91545e-08
5.94297e-08
5.96931e-08
5.99294e-08
6.0124e-08
6.02638e-08
6.03375e-08
6.03363e-08
6.02538e-08
6.00865e-08
5.98337e-08
5.94976e-08
5.90826e-08
5.85962e-08
5.80477e-08
5.74489e-08
5.68133e-08
5.61564e-08
5.54949e-08
5.48473e-08
5.42331e-08
5.3673e-08
5.31887e-08
5.28029e-08
5.25392e-08
5.24219e-08
5.24763e-08
5.27281e-08
5.3204e-08
5.39312e-08
5.49372e-08
5.62498e-08
5.78974e-08
5.99069e-08
6.23046e-08
6.51163e-08
6.83631e-08
7.20623e-08
7.62259e-08
8.08547e-08
8.59497e-08
9.14552e-08
9.74674e-08
1.03306e-07
1.30928e-05
6.75853e-06
6.12293e-06
5.10464e-06
3.71192e-06
2.13847e-06
7.03303e-07
2.64506e-07
8.85692e-07
1.32258e-06
1.7833e-06
2.32814e-06
2.95305e-06
3.6029e-06
4.19145e-06
4.63959e-06
4.86946e-06
4.80822e-06
4.45591e-06
3.95204e-06
3.5172e-06
3.36625e-06
3.50364e-06
3.72773e-06
3.86558e-06
3.86858e-06
3.76726e-06
3.61585e-06
3.46412e-06
3.34854e-06
3.29214e-06
3.29286e-06
3.31493e-06
3.33545e-06
3.38271e-06
3.46949e-06
3.60803e-06
3.76637e-06
3.92649e-06
4.06279e-06
4.17833e-06
4.27941e-06
4.35341e-06
4.36723e-06
4.29055e-06
4.12978e-06
3.94917e-06
3.85437e-06
3.91539e-06
4.07683e-06
4.17937e-06
4.08096e-06
3.75151e-06
3.29116e-06
2.88359e-06
2.68733e-06
2.71144e-06
2.83725e-06
2.95282e-06
3.00872e-06
3.00032e-06
2.94183e-06
2.85067e-06
2.74094e-06
2.6219e-06
2.49886e-06
2.3745e-06
2.25003e-06
2.12602e-06
2.00283e-06
1.88082e-06
1.76042e-06
1.64211e-06
1.52643e-06
1.41394e-06
1.30516e-06
1.20058e-06
1.10061e-06
1.0056e-06
9.15794e-07
8.31369e-07
7.52416e-07
6.7895e-07
6.1092e-07
5.48217e-07
4.90685e-07
4.38129e-07
3.90304e-07
3.46962e-07
3.07861e-07
2.72751e-07
2.41345e-07
2.13362e-07
1.88534e-07
1.66604e-07
1.47323e-07
1.30455e-07
1.15777e-07
1.03079e-07
9.216e-08
8.28362e-08
7.49342e-08
6.82944e-08
6.2771e-08
5.82321e-08
5.45598e-08
5.16496e-08
4.94086e-08
4.77536e-08
4.66087e-08
4.59028e-08
4.55681e-08
4.55394e-08
4.5754e-08
4.61525e-08
4.66802e-08
4.72876e-08
4.79319e-08
4.85777e-08
4.91971e-08
4.97707e-08
5.02854e-08
5.07372e-08
5.11264e-08
5.14575e-08
5.17465e-08
5.20041e-08
5.22431e-08
5.24821e-08
5.27341e-08
5.30097e-08
5.33172e-08
5.36603e-08
5.4039e-08
5.44486e-08
5.48813e-08
5.5326e-08
5.57696e-08
5.61977e-08
5.65955e-08
5.6949e-08
5.72451e-08
5.74725e-08
5.76223e-08
5.76878e-08
5.76653e-08
5.75535e-08
5.73541e-08
5.70712e-08
5.67116e-08
5.62842e-08
5.58003e-08
5.5273e-08
5.47174e-08
5.415e-08
5.35888e-08
5.30531e-08
5.25633e-08
5.21411e-08
5.18087e-08
5.15897e-08
5.1508e-08
5.15888e-08
5.18575e-08
5.23404e-08
5.30643e-08
5.40561e-08
5.53431e-08
5.69522e-08
5.891e-08
6.12411e-08
6.39689e-08
6.71141e-08
7.06919e-08
7.47127e-08
7.9177e-08
8.40849e-08
8.93889e-08
9.51687e-08
1.00866e-07
1.12015e-05
7.45025e-06
6.78452e-06
5.69192e-06
4.24344e-06
2.59931e-06
1.01142e-06
4.33356e-07
1.39726e-06
2.16653e-06
2.85688e-06
3.56514e-06
4.28927e-06
4.95273e-06
5.44602e-06
5.67592e-06
5.60256e-06
5.25209e-06
4.73761e-06
4.21387e-06
3.86065e-06
3.81042e-06
3.97677e-06
4.17488e-06
4.27195e-06
4.23532e-06
4.09396e-06
3.89716e-06
3.69128e-06
3.51376e-06
3.39394e-06
3.34103e-06
3.32232e-06
3.30711e-06
3.32005e-06
3.37621e-06
3.46118e-06
3.56674e-06
3.68398e-06
3.79342e-06
3.89467e-06
3.98858e-06
4.05656e-06
4.06219e-06
3.98233e-06
3.84966e-06
3.76549e-06
3.83406e-06
4.03925e-06
4.22255e-06
4.2079e-06
3.92129e-06
3.42715e-06
2.90061e-06
2.5495e-06
2.47374e-06
2.58538e-06
2.73688e-06
2.84348e-06
2.88392e-06
2.86755e-06
2.81186e-06
2.73237e-06
2.63962e-06
2.5397e-06
2.43561e-06
2.32868e-06
2.2195e-06
2.10844e-06
1.99593e-06
1.88248e-06
1.76876e-06
1.6555e-06
1.54347e-06
1.43345e-06
1.32615e-06
1.22226e-06
1.12235e-06
1.0269e-06
9.3629e-07
8.50803e-07
7.70611e-07
6.95801e-07
6.26375e-07
5.62267e-07
5.03352e-07
4.49447e-07
4.00325e-07
3.55758e-07
3.15518e-07
2.79336e-07
2.46919e-07
2.17987e-07
1.92268e-07
1.69498e-07
1.49424e-07
1.31805e-07
1.16412e-07
1.0303e-07
9.14568e-08
8.15047e-08
7.29989e-08
6.57788e-08
5.96983e-08
5.46258e-08
5.04446e-08
4.70524e-08
4.436e-08
4.22889e-08
4.07689e-08
3.97348e-08
3.91238e-08
3.88743e-08
3.89251e-08
3.92164e-08
3.96908e-08
4.02953e-08
4.09823e-08
4.1711e-08
4.24479e-08
4.31678e-08
4.38524e-08
4.44912e-08
4.50814e-08
4.56215e-08
4.61227e-08
4.65948e-08
4.70453e-08
4.74906e-08
4.79431e-08
4.84121e-08
4.89053e-08
4.94265e-08
4.99761e-08
5.05501e-08
5.11415e-08
5.17401e-08
5.23334e-08
5.29079e-08
5.34494e-08
5.39441e-08
5.43791e-08
5.47432e-08
5.50272e-08
5.52244e-08
5.53303e-08
5.53434e-08
5.52647e-08
5.50979e-08
5.4849e-08
5.45266e-08
5.41412e-08
5.37057e-08
5.32345e-08
5.27438e-08
5.22513e-08
5.1776e-08
5.13382e-08
5.09594e-08
5.06619e-08
5.04691e-08
5.04053e-08
5.04955e-08
5.07655e-08
5.12417e-08
5.19509e-08
5.29201e-08
5.41765e-08
5.57465e-08
5.7656e-08
5.99292e-08
6.25877e-08
6.56508e-08
6.91332e-08
7.30439e-08
7.73827e-08
8.21491e-08
8.73029e-08
9.29065e-08
9.8512e-08
9.48697e-06
7.99004e-06
7.32372e-06
6.13995e-06
4.56788e-06
2.791e-06
1.06887e-06
8.51931e-07
2.15071e-06
3.2705e-06
4.20473e-06
5.02585e-06
5.73353e-06
6.26361e-06
6.53013e-06
6.48025e-06
6.12631e-06
5.57473e-06
4.96953e-06
4.45114e-06
4.18017e-06
4.19081e-06
4.35896e-06
4.52654e-06
4.5882e-06
4.51703e-06
4.33786e-06
4.09571e-06
3.83582e-06
3.59859e-06
3.41845e-06
3.3078e-06
3.24112e-06
3.1948e-06
3.16668e-06
3.17056e-06
3.1893e-06
3.24434e-06
3.32998e-06
3.42764e-06
3.53156e-06
3.63443e-06
3.7075e-06
3.71134e-06
3.64505e-06
3.59139e-06
3.67741e-06
3.92739e-06
4.19039e-06
4.26363e-06
4.03771e-06
3.5469e-06
2.94884e-06
2.46722e-06
2.27479e-06
2.34477e-06
2.51264e-06
2.65744e-06
2.73879e-06
2.75983e-06
2.7374e-06
2.68789e-06
2.62272e-06
2.54834e-06
2.46777e-06
2.38216e-06
2.29186e-06
2.19709e-06
2.09817e-06
1.9956e-06
1.89011e-06
1.78256e-06
1.67389e-06
1.56508e-06
1.45713e-06
1.35094e-06
1.24738e-06
1.14718e-06
1.05097e-06
9.59255e-07
8.72419e-07
7.90727e-07
7.14333e-07
6.43297e-07
5.77595e-07
5.1713e-07
4.61726e-07
4.11186e-07
3.65304e-07
3.23848e-07
2.86527e-07
2.53051e-07
2.23137e-07
1.96506e-07
1.72889e-07
1.52025e-07
1.33668e-07
1.17583e-07
1.03547e-07
9.13563e-08
8.08166e-08
7.17504e-08
6.3994e-08
5.73986e-08
5.18309e-08
4.71728e-08
4.33221e-08
4.01914e-08
3.77063e-08
3.58026e-08
3.44222e-08
3.35103e-08
3.30115e-08
3.28686e-08
3.30228e-08
3.34155e-08
3.39898e-08
3.46931e-08
3.54791e-08
3.63083e-08
3.71495e-08
3.79793e-08
3.87812e-08
3.9548e-08
4.02741e-08
4.09647e-08
4.1629e-08
4.22707e-08
4.29023e-08
4.35361e-08
4.41798e-08
4.48404e-08
4.55218e-08
4.62245e-08
4.69453e-08
4.76778e-08
4.84125e-08
4.91379e-08
4.98412e-08
5.05087e-08
5.11269e-08
5.16834e-08
5.21668e-08
5.25679e-08
5.28796e-08
5.30971e-08
5.32183e-08
5.32438e-08
5.31763e-08
5.30216e-08
5.27875e-08
5.24839e-08
5.21231e-08
5.17191e-08
5.12877e-08
5.08462e-08
5.04134e-08
5.00094e-08
4.96558e-08
4.93749e-08
4.91905e-08
4.91272e-08
4.92105e-08
4.94669e-08
4.99233e-08
5.06071e-08
5.1546e-08
5.27674e-08
5.42982e-08
5.61637e-08
5.83877e-08
6.09916e-08
6.39926e-08
6.74044e-08
7.12356e-08
7.54856e-08
8.0152e-08
8.52011e-08
9.06786e-08
9.62357e-08
8.19152e-06
8.20173e-06
7.63953e-06
6.44449e-06
4.74727e-06
2.76756e-06
8.62767e-07
1.35634e-06
2.99559e-06
4.40041e-06
5.51957e-06
6.36741e-06
6.98356e-06
7.32598e-06
7.35481e-06
7.05328e-06
6.49357e-06
5.81575e-06
5.15129e-06
4.65975e-06
4.44099e-06
4.47101e-06
4.62225e-06
4.75903e-06
4.79249e-06
4.69581e-06
4.48747e-06
4.20716e-06
3.89922e-06
3.6067e-06
3.36569e-06
3.18902e-06
3.05693e-06
2.94891e-06
2.85265e-06
2.79193e-06
2.76096e-06
2.79354e-06
2.87744e-06
2.99009e-06
3.12045e-06
3.24858e-06
3.33092e-06
3.33953e-06
3.33252e-06
3.44919e-06
3.74991e-06
4.09179e-06
4.24923e-06
4.08573e-06
3.61486e-06
2.98045e-06
2.40677e-06
2.10941e-06
2.12641e-06
2.29554e-06
2.46485e-06
2.57587e-06
2.62597e-06
2.63127e-06
2.60874e-06
2.57024e-06
2.52217e-06
2.46716e-06
2.40584e-06
2.33805e-06
2.26359e-06
2.18247e-06
2.09501e-06
2.00185e-06
1.90384e-06
1.80204e-06
1.69757e-06
1.59162e-06
1.48537e-06
1.37994e-06
1.27634e-06
1.1755e-06
1.07819e-06
9.85037e-07
8.96543e-07
8.13061e-07
7.34821e-07
6.61939e-07
5.94432e-07
5.32217e-07
4.75148e-07
4.23061e-07
3.75768e-07
3.32999e-07
2.9446e-07
2.59863e-07
2.2892e-07
2.01345e-07
1.76861e-07
1.552e-07
1.36106e-07
1.19338e-07
1.04669e-07
9.18844e-08
8.07877e-08
7.11954e-08
6.2939e-08
5.58655e-08
4.98371e-08
4.47323e-08
4.04458e-08
3.68893e-08
3.39901e-08
3.16889e-08
2.99363e-08
2.86877e-08
2.78985e-08
2.75203e-08
2.74988e-08
2.77757e-08
2.8291e-08
2.89865e-08
2.98089e-08
3.07117e-08
3.16569e-08
3.26151e-08
3.35637e-08
3.4491e-08
3.53872e-08
3.62515e-08
3.70916e-08
3.79091e-08
3.8712e-08
3.95118e-08
4.03152e-08
4.11283e-08
4.19548e-08
4.27953e-08
4.36472e-08
4.45047e-08
4.53592e-08
4.62e-08
4.7015e-08
4.77912e-08
4.85156e-08
4.91759e-08
4.97611e-08
5.02616e-08
5.06702e-08
5.09818e-08
5.11937e-08
5.13058e-08
5.13205e-08
5.12426e-08
5.10794e-08
5.08403e-08
5.05367e-08
5.01824e-08
4.97924e-08
4.9384e-08
4.89755e-08
4.85872e-08
4.82406e-08
4.79583e-08
4.77647e-08
4.76849e-08
4.77454e-08
4.79735e-08
4.83975e-08
4.90459e-08
4.99475e-08
5.11304e-08
5.26223e-08
5.44488e-08
5.66335e-08
5.9197e-08
6.2156e-08
6.55224e-08
6.93032e-08
7.34982e-08
7.81034e-08
8.30897e-08
8.84859e-08
9.40322e-08
7.33465e-06
7.75088e-06
7.50485e-06
6.58329e-06
5.07289e-06
3.12176e-06
1.52728e-06
2.36656e-06
4.03834e-06
5.51075e-06
6.6726e-06
7.4607e-06
7.93678e-06
8.10002e-06
7.91957e-06
7.43452e-06
6.75311e-06
5.99157e-06
5.30292e-06
4.82869e-06
4.62381e-06
4.6399e-06
4.75906e-06
4.86424e-06
4.87618e-06
4.76467e-06
4.53938e-06
4.23221e-06
3.88351e-06
3.53468e-06
3.21999e-06
2.95469e-06
2.73096e-06
2.5352e-06
2.36116e-06
2.2426e-06
2.19764e-06
2.24981e-06
2.36922e-06
2.52905e-06
2.70866e-06
2.86414e-06
2.94887e-06
2.99894e-06
3.16132e-06
3.52379e-06
3.94424e-06
4.17577e-06
4.06384e-06
3.61247e-06
2.96032e-06
2.33052e-06
1.95968e-06
1.93321e-06
2.09786e-06
2.27954e-06
2.40722e-06
2.4752e-06
2.49976e-06
2.49848e-06
2.48335e-06
2.46034e-06
2.43131e-06
2.39602e-06
2.35351e-06
2.30288e-06
2.24358e-06
2.17555e-06
2.0991e-06
2.01495e-06
1.92409e-06
1.82769e-06
1.72708e-06
1.62363e-06
1.51871e-06
1.41363e-06
1.30962e-06
1.20775e-06
1.10896e-06
1.01401e-06
9.23518e-07
8.3793e-07
7.57555e-07
6.82565e-07
6.13007e-07
5.48819e-07
4.89912e-07
4.36155e-07
3.87319e-07
3.43121e-07
3.03274e-07
2.67484e-07
2.35454e-07
2.06892e-07
1.81509e-07
1.5903e-07
1.39191e-07
1.2174e-07
1.06444e-07
9.30822e-08
8.14498e-08
7.13576e-08
6.26315e-08
5.51124e-08
4.86567e-08
4.31364e-08
3.84408e-08
3.44766e-08
3.11687e-08
2.84594e-08
2.63056e-08
2.46751e-08
2.35388e-08
2.28643e-08
2.26099e-08
2.27226e-08
2.31413e-08
2.38012e-08
2.464e-08
2.56018e-08
2.66392e-08
2.77154e-08
2.88014e-08
2.98793e-08
3.09359e-08
3.19643e-08
3.29695e-08
3.39517e-08
3.4915e-08
3.58693e-08
3.68206e-08
3.77739e-08
3.87328e-08
3.96978e-08
4.06668e-08
4.16348e-08
4.2594e-08
4.35346e-08
4.44451e-08
4.53133e-08
4.61268e-08
4.68737e-08
4.7543e-08
4.81253e-08
4.8613e-08
4.90007e-08
4.92853e-08
4.94661e-08
4.9545e-08
4.9526e-08
4.94157e-08
4.92229e-08
4.89586e-08
4.86356e-08
4.82688e-08
4.78749e-08
4.74723e-08
4.70811e-08
4.67229e-08
4.64211e-08
4.62003e-08
4.60869e-08
4.61086e-08
4.62941e-08
4.66733e-08
4.72766e-08
4.81341e-08
4.92758e-08
5.07301e-08
5.25234e-08
5.46793e-08
5.72179e-08
6.01547e-08
6.35006e-08
6.72606e-08
7.1433e-08
7.60127e-08
8.09746e-08
8.63314e-08
9.19002e-08
6.62986e-06
6.11834e-06
6.73384e-06
6.87389e-06
6.59669e-06
5.95096e-06
5.21036e-06
5.12802e-06
5.86007e-06
6.90964e-06
7.83635e-06
8.4082e-06
8.63461e-06
8.59984e-06
8.26495e-06
7.68542e-06
6.93328e-06
6.1285e-06
5.43086e-06
4.95452e-06
4.73041e-06
4.70443e-06
4.77517e-06
4.84295e-06
4.83542e-06
4.71732e-06
4.48744e-06
4.16714e-06
3.78897e-06
3.38831e-06
2.99578e-06
2.63126e-06
2.29995e-06
1.9945e-06
1.73566e-06
1.58474e-06
1.57291e-06
1.68706e-06
1.87826e-06
2.11165e-06
2.33708e-06
2.49436e-06
2.60744e-06
2.83447e-06
3.27636e-06
3.7745e-06
4.06207e-06
3.9789e-06
3.5327e-06
2.86732e-06
2.20931e-06
1.80596e-06
1.76428e-06
1.9292e-06
2.11389e-06
2.24469e-06
2.31765e-06
2.35085e-06
2.36278e-06
2.3654e-06
2.36398e-06
2.35936e-06
2.35017e-06
2.3344e-06
2.31022e-06
2.27626e-06
2.23176e-06
2.17652e-06
2.11086e-06
2.0355e-06
1.95152e-06
1.86024e-06
1.76314e-06
1.6618e-06
1.5578e-06
1.45264e-06
1.34776e-06
1.24441e-06
1.1437e-06
1.04655e-06
9.53669e-07
8.65622e-07
7.8279e-07
7.05396e-07
6.33502e-07
5.67124e-07
5.06224e-07
4.50636e-07
4.00104e-07
3.54352e-07
3.13091e-07
2.76021e-07
2.42834e-07
2.13229e-07
1.86906e-07
1.6358e-07
1.42975e-07
1.24832e-07
1.08908e-07
9.49736e-08
8.2818e-08
7.22448e-08
6.30729e-08
5.51367e-08
4.82853e-08
4.23836e-08
3.73123e-08
3.297e-08
2.9274e-08
2.61616e-08
2.35903e-08
2.15356e-08
1.99859e-08
1.89331e-08
1.83607e-08
1.82343e-08
1.84992e-08
1.90854e-08
1.99181e-08
2.09267e-08
2.20505e-08
2.32414e-08
2.44619e-08
2.56868e-08
2.68993e-08
2.80869e-08
2.9251e-08
3.03907e-08
3.15062e-08
3.26061e-08
3.36956e-08
3.47788e-08
3.58587e-08
3.69364e-08
3.80099e-08
3.9075e-08
4.01248e-08
4.11503e-08
4.2141e-08
4.30854e-08
4.39717e-08
4.47884e-08
4.55248e-08
4.61714e-08
4.67207e-08
4.71668e-08
4.75063e-08
4.77379e-08
4.78627e-08
4.78843e-08
4.78086e-08
4.76436e-08
4.73996e-08
4.70892e-08
4.67265e-08
4.63281e-08
4.59121e-08
4.54986e-08
4.51097e-08
4.47691e-08
4.45027e-08
4.43379e-08
4.43041e-08
4.44322e-08
4.4754e-08
4.53023e-08
4.61096e-08
4.72078e-08
4.86267e-08
5.03938e-08
5.25326e-08
5.50628e-08
5.79987e-08
6.13492e-08
6.51178e-08
6.93004e-08
7.38895e-08
7.88627e-08
8.42184e-08
8.98396e-08
5.76892e-06
3.24267e-06
5.12166e-06
6.99348e-06
8.47252e-06
9.60892e-06
1.03638e-05
1.0588e-05
1.03283e-05
9.86643e-06
9.63095e-06
9.61911e-06
9.33105e-06
8.90916e-06
8.42405e-06
7.80064e-06
7.03726e-06
6.23966e-06
5.54431e-06
5.04963e-06
4.77896e-06
4.68631e-06
4.69023e-06
4.70862e-06
4.67672e-06
4.55533e-06
4.33208e-06
4.01605e-06
3.62935e-06
3.19884e-06
2.75041e-06
2.30579e-06
1.87367e-06
1.45302e-06
1.10934e-06
9.44525e-07
9.97708e-07
1.20759e-06
1.49536e-06
1.78523e-06
2.00443e-06
2.18263e-06
2.49924e-06
3.04138e-06
3.60896e-06
3.92248e-06
3.83375e-06
3.36903e-06
2.68762e-06
2.0259e-06
1.63844e-06
1.62311e-06
1.79916e-06
1.9788e-06
2.09912e-06
2.16355e-06
2.19372e-06
2.20931e-06
2.22214e-06
2.23671e-06
2.25272e-06
2.26764e-06
2.27831e-06
2.28175e-06
2.27558e-06
2.2581e-06
2.22829e-06
2.18578e-06
2.13081e-06
2.0641e-06
1.9868e-06
1.90037e-06
1.80645e-06
1.70683e-06
1.60328e-06
1.49757e-06
1.39131e-06
1.28598e-06
1.18287e-06
1.08303e-06
9.87331e-07
8.96424e-07
8.10762e-07
7.30592e-07
6.56088e-07
5.87334e-07
5.24254e-07
4.66638e-07
4.14243e-07
3.66798e-07
3.24006e-07
2.85557e-07
2.51133e-07
2.20419e-07
1.93103e-07
1.68888e-07
1.47488e-07
1.28632e-07
1.12067e-07
9.75572e-08
8.48817e-08
7.38371e-08
6.42356e-08
5.59043e-08
4.86852e-08
4.24352e-08
3.7026e-08
3.23459e-08
2.83009e-08
2.4817e-08
2.18424e-08
1.93493e-08
1.73341e-08
1.58123e-08
1.48063e-08
1.43243e-08
1.4341e-08
1.47921e-08
1.55873e-08
1.66322e-08
1.78428e-08
1.9153e-08
2.05132e-08
2.18886e-08
2.32576e-08
2.46033e-08
2.59227e-08
2.72149e-08
2.84765e-08
2.9714e-08
3.09331e-08
3.21364e-08
3.33271e-08
3.45061e-08
3.56724e-08
3.68222e-08
3.79495e-08
3.90465e-08
4.01035e-08
4.11097e-08
4.20542e-08
4.29256e-08
4.37138e-08
4.44092e-08
4.5004e-08
4.54924e-08
4.58701e-08
4.61356e-08
4.62892e-08
4.63339e-08
4.62749e-08
4.61195e-08
4.58774e-08
4.55604e-08
4.51826e-08
4.47599e-08
4.43104e-08
4.38543e-08
4.34142e-08
4.30145e-08
4.26823e-08
4.24467e-08
4.23393e-08
4.23934e-08
4.26439e-08
4.31265e-08
4.38769e-08
4.49294e-08
4.6316e-08
4.80649e-08
5.02e-08
5.27399e-08
5.56974e-08
5.90791e-08
6.28857e-08
6.71111e-08
7.17443e-08
7.67642e-08
8.21557e-08
8.78561e-08
8.65297e-06
4.86171e-06
6.01166e-06
7.62038e-06
9.22791e-06
1.10671e-05
1.30114e-05
1.46512e-05
1.55488e-05
1.53416e-05
1.40497e-05
1.22718e-05
1.07276e-05
9.66395e-06
8.84027e-06
7.9794e-06
7.09827e-06
6.27874e-06
5.5957e-06
5.0963e-06
4.7839e-06
4.62035e-06
4.54556e-06
4.49813e-06
4.42633e-06
4.29313e-06
4.07915e-06
3.78206e-06
3.41252e-06
2.9885e-06
2.53039e-06
2.05588e-06
1.57464e-06
1.09907e-06
6.90739e-07
4.60841e-07
5.76466e-07
9.03865e-07
1.24755e-06
1.51819e-06
1.77951e-06
2.22901e-06
2.88221e-06
3.48361e-06
3.76724e-06
3.62145e-06
3.10672e-06
2.40644e-06
1.77331e-06
1.46519e-06
1.5236e-06
1.71838e-06
1.88283e-06
1.97893e-06
2.02188e-06
2.03763e-06
2.04692e-06
2.06128e-06
2.08444e-06
2.11524e-06
2.15013e-06
2.18488e-06
2.21539e-06
2.23807e-06
2.25002e-06
2.24914e-06
2.23409e-06
2.2043e-06
2.15991e-06
2.10165e-06
2.03075e-06
1.94879e-06
1.85763e-06
1.75924e-06
1.65565e-06
1.54884e-06
1.44067e-06
1.33283e-06
1.22679e-06
1.12378e-06
1.02479e-06
9.30552e-07
8.41594e-07
7.58321e-07
6.8098e-07
6.09619e-07
5.44106e-07
4.84251e-07
4.29818e-07
3.8053e-07
3.3608e-07
2.96144e-07
2.60392e-07
2.28491e-07
2.00119e-07
1.74964e-07
1.52727e-07
1.33126e-07
1.15899e-07
1.00798e-07
8.75953e-08
7.60794e-08
6.60551e-08
5.73427e-08
4.97773e-08
4.3208e-08
3.74982e-08
3.2526e-08
2.81851e-08
2.43871e-08
2.10638e-08
1.81711e-08
1.56931e-08
1.36477e-08
1.20863e-08
1.10809e-08
1.06856e-08
1.08868e-08
1.15897e-08
1.26589e-08
1.39653e-08
1.54097e-08
1.69229e-08
1.84584e-08
1.99888e-08
2.14935e-08
2.29659e-08
2.44051e-08
2.58063e-08
2.71739e-08
2.85136e-08
2.98276e-08
3.11191e-08
3.23893e-08
3.36376e-08
3.48613e-08
3.60552e-08
3.72123e-08
3.83239e-08
3.93801e-08
4.03704e-08
4.12841e-08
4.21111e-08
4.2842e-08
4.34689e-08
4.39854e-08
4.4387e-08
4.46715e-08
4.48386e-08
4.48906e-08
4.48318e-08
4.4669e-08
4.44111e-08
4.40694e-08
4.36574e-08
4.31907e-08
4.26873e-08
4.21677e-08
4.16547e-08
4.11741e-08
4.07541e-08
4.04263e-08
4.02246e-08
4.0186e-08
4.03491e-08
4.07536e-08
4.14392e-08
4.24436e-08
4.3801e-08
4.55412e-08
4.76877e-08
5.02574e-08
5.32609e-08
5.67015e-08
6.05768e-08
6.48774e-08
6.95888e-08
7.46899e-08
8.01537e-08
8.5958e-08
1.8994e-05
1.69034e-05
1.51895e-05
1.44552e-05
1.39949e-05
1.3935e-05
1.45727e-05
1.56667e-05
1.68259e-05
1.77182e-05
1.80086e-05
1.7321e-05
1.53305e-05
1.25881e-05
1.03546e-05
8.78141e-06
7.54336e-06
6.50674e-06
5.68313e-06
5.09436e-06
4.71788e-06
4.49559e-06
4.36074e-06
4.25675e-06
4.14184e-06
3.98706e-06
3.77449e-06
3.49697e-06
3.15756e-06
2.76628e-06
2.33677e-06
1.88597e-06
1.43133e-06
9.8768e-07
5.65257e-07
2.04339e-07
3.80819e-07
7.42078e-07
1.05875e-06
1.46706e-06
2.1158e-06
2.87533e-06
3.45783e-06
3.6439e-06
3.38153e-06
2.78044e-06
2.05859e-06
1.49727e-06
1.34038e-06
1.49701e-06
1.69871e-06
1.83125e-06
1.88893e-06
1.89895e-06
1.89044e-06
1.88411e-06
1.89085e-06
1.91386e-06
1.95158e-06
2.00006e-06
2.05439e-06
2.10948e-06
2.1605e-06
2.20319e-06
2.23402e-06
2.25038e-06
2.25057e-06
2.2338e-06
2.20011e-06
2.15024e-06
2.0855e-06
2.00766e-06
1.91874e-06
1.82099e-06
1.71666e-06
1.60802e-06
1.49718e-06
1.38608e-06
1.27639e-06
1.16951e-06
1.06655e-06
9.68377e-07
8.75716e-07
7.89041e-07
7.08549e-07
6.34233e-07
5.65993e-07
5.0365e-07
4.46966e-07
3.95651e-07
3.49384e-07
3.07825e-07
2.70625e-07
2.37437e-07
2.07924e-07
1.81756e-07
1.58623e-07
1.38231e-07
1.20303e-07
1.04584e-07
9.08362e-08
7.88394e-08
6.83912e-08
5.93051e-08
5.14093e-08
4.45461e-08
3.85714e-08
3.33542e-08
2.87778e-08
2.47401e-08
2.11561e-08
1.79598e-08
1.51091e-08
1.25927e-08
1.0443e-08
8.75348e-09
7.68401e-09
7.39112e-09
7.87483e-09
8.94483e-09
1.03685e-08
1.1976e-08
1.36648e-08
1.53743e-08
1.70725e-08
1.87376e-08
2.03608e-08
2.19424e-08
2.34775e-08
2.49691e-08
2.64231e-08
2.78418e-08
2.9228e-08
3.05836e-08
3.19084e-08
3.32002e-08
3.44547e-08
3.56657e-08
3.68253e-08
3.79244e-08
3.89529e-08
3.99006e-08
4.07576e-08
4.15145e-08
4.21631e-08
4.26969e-08
4.31109e-08
4.3402e-08
4.35696e-08
4.3615e-08
4.35419e-08
4.33561e-08
4.3066e-08
4.26821e-08
4.22173e-08
4.16869e-08
4.11088e-08
4.05035e-08
3.98945e-08
3.93086e-08
3.8776e-08
3.83305e-08
3.80098e-08
3.7855e-08
3.79098e-08
3.82194e-08
3.88285e-08
3.97795e-08
4.11097e-08
4.28499e-08
4.5023e-08
4.76436e-08
5.07185e-08
5.42469e-08
5.82216e-08
6.26294e-08
6.74519e-08
7.26669e-08
7.82375e-08
8.41695e-08
2.18773e-05
1.99929e-05
1.76836e-05
1.57819e-05
1.42754e-05
1.3126e-05
1.25945e-05
1.26733e-05
1.31086e-05
1.3685e-05
1.42892e-05
1.48105e-05
1.5051e-05
1.43852e-05
1.25113e-05
1.01462e-05
8.10975e-06
6.63429e-06
5.59166e-06
4.84411e-06
4.32201e-06
3.97821e-06
3.75699e-06
3.59922e-06
3.45667e-06
3.29744e-06
3.10357e-06
2.86737e-06
2.58845e-06
2.27087e-06
1.92443e-06
1.56423e-06
1.1974e-06
8.23456e-07
4.47784e-07
1.61288e-07
3.83389e-07
7.80584e-07
1.34715e-06
2.06133e-06
2.73278e-06
3.13396e-06
3.13184e-06
2.74223e-06
2.11029e-06
1.46805e-06
1.10919e-06
1.16937e-06
1.387e-06
1.55553e-06
1.6356e-06
1.64776e-06
1.62381e-06
1.59044e-06
1.5651e-06
1.55679e-06
1.5685e-06
1.59944e-06
1.64661e-06
1.70573e-06
1.77175e-06
1.83941e-06
1.90358e-06
1.95967e-06
2.00395e-06
2.03361e-06
2.04686e-06
2.04284e-06
2.02154e-06
1.98365e-06
1.93044e-06
1.86361e-06
1.78519e-06
1.69738e-06
1.60246e-06
1.5027e-06
1.40023e-06
1.29702e-06
1.19476e-06
1.0948e-06
9.98269e-07
9.06275e-07
8.19545e-07
7.38399e-07
6.62997e-07
5.93373e-07
5.29452e-07
4.71078e-07
4.18027e-07
3.70022e-07
3.26758e-07
2.87912e-07
2.53153e-07
2.22153e-07
1.94591e-07
1.70158e-07
1.4856e-07
1.2952e-07
1.1278e-07
9.80996e-08
8.52567e-08
7.40464e-08
6.42801e-08
5.57841e-08
4.83987e-08
4.19768e-08
3.63836e-08
3.14955e-08
2.72006e-08
2.33988e-08
2.00027e-08
1.69389e-08
1.41489e-08
1.15926e-08
9.25403e-09
7.15708e-09
5.40708e-09
4.27606e-09
4.1586e-09
5.03657e-09
6.4564e-09
8.09043e-09
9.79267e-09
1.14983e-08
1.3179e-08
1.48175e-08
1.64067e-08
1.79491e-08
1.94412e-08
2.08848e-08
2.22856e-08
2.36461e-08
2.49687e-08
2.62553e-08
2.75062e-08
2.87199e-08
2.98933e-08
3.10214e-08
3.20979e-08
3.3115e-08
3.40645e-08
3.49374e-08
3.5725e-08
3.64189e-08
3.70118e-08
3.74973e-08
3.78706e-08
3.81286e-08
3.82698e-08
3.82948e-08
3.82062e-08
3.80086e-08
3.77086e-08
3.73151e-08
3.68391e-08
3.62939e-08
3.56951e-08
3.50614e-08
3.44142e-08
3.37786e-08
3.31832e-08
3.26613e-08
3.22501e-08
3.19913e-08
3.19297e-08
3.21122e-08
3.2585e-08
3.33912e-08
3.45678e-08
3.61434e-08
3.81374e-08
4.05597e-08
4.34119e-08
4.66882e-08
5.03775e-08
5.44636e-08
5.89261e-08
6.37429e-08
6.88752e-08
7.43409e-08
9.43783e-06
9.44986e-06
9.13694e-06
8.53118e-06
7.85403e-06
7.34663e-06
7.23588e-06
7.52321e-06
8.02413e-06
8.58881e-06
9.18314e-06
9.82332e-06
1.05421e-05
1.13333e-05
1.17891e-05
1.13985e-05
1.01655e-05
8.55089e-06
7.02717e-06
5.82276e-06
4.95116e-06
4.33829e-06
3.90439e-06
3.58542e-06
3.33105e-06
3.10278e-06
2.87403e-06
2.6292e-06
2.36173e-06
2.07233e-06
1.76544e-06
1.44241e-06
1.10379e-06
7.75858e-07
5.6301e-07
6.88137e-07
1.15062e-06
1.79935e-06
2.47635e-06
2.97851e-06
3.13481e-06
2.88886e-06
2.32024e-06
1.61685e-06
1.06301e-06
9.84842e-07
1.23668e-06
1.47629e-06
1.60855e-06
1.64443e-06
1.61882e-06
1.56495e-06
1.50703e-06
1.46e-06
1.43193e-06
1.42651e-06
1.44469e-06
1.48529e-06
1.54525e-06
1.61985e-06
1.70324e-06
1.78914e-06
1.87146e-06
1.94488e-06
2.00514e-06
2.04913e-06
2.07485e-06
2.08136e-06
2.06856e-06
2.03717e-06
1.98852e-06
1.92443e-06
1.84711e-06
1.75896e-06
1.66251e-06
1.56028e-06
1.45468e-06
1.34786e-06
1.24157e-06
1.1374e-06
1.03701e-06
9.41497e-07
8.51383e-07
7.67024e-07
6.88633e-07
6.16265e-07
5.49854e-07
4.89235e-07
4.3417e-07
3.84369e-07
3.39507e-07
2.99244e-07
2.63231e-07
2.31123e-07
2.02583e-07
1.77286e-07
1.54925e-07
1.35212e-07
1.17876e-07
1.02669e-07
8.93596e-08
7.77367e-08
6.76055e-08
5.8787e-08
5.1117e-08
4.44445e-08
3.86306e-08
3.3548e-08
2.90807e-08
2.51237e-08
2.1584e-08
1.83804e-08
1.54441e-08
1.27193e-08
1.01634e-08
7.74892e-09
5.47068e-09
3.3837e-09
1.87019e-09
2.27555e-09
3.96286e-09
5.85879e-09
7.76519e-09
9.63622e-09
1.14574e-08
1.3221e-08
1.49229e-08
1.65678e-08
1.81542e-08
1.96836e-08
2.11616e-08
2.25911e-08
2.39745e-08
2.53137e-08
2.66095e-08
2.7861e-08
2.90657e-08
3.02195e-08
3.13165e-08
3.23498e-08
3.33117e-08
3.41935e-08
3.49869e-08
3.56836e-08
3.62759e-08
3.67574e-08
3.71229e-08
3.73685e-08
3.74923e-08
3.74942e-08
3.73759e-08
3.71413e-08
3.67961e-08
3.63484e-08
3.58084e-08
3.51888e-08
3.45048e-08
3.37746e-08
3.30199e-08
3.22665e-08
3.15445e-08
3.08896e-08
3.0343e-08
2.99515e-08
2.97669e-08
2.98432e-08
3.02345e-08
3.09901e-08
3.21509e-08
3.37462e-08
3.5793e-08
3.82965e-08
4.12523e-08
4.46488e-08
4.84691e-08
5.26924e-08
5.72943e-08
6.22505e-08
6.75184e-08
7.31178e-08
1.75901e-06
1.87592e-06
1.75407e-06
1.44657e-06
1.22006e-06
1.48462e-06
2.07547e-06
2.68471e-06
3.19629e-06
3.62682e-06
4.05059e-06
4.54458e-06
5.18138e-06
6.04123e-06
7.09979e-06
8.12683e-06
8.78412e-06
8.84316e-06
8.32867e-06
7.45924e-06
6.48749e-06
5.5887e-06
4.8381e-06
4.23927e-06
3.76177e-06
3.36775e-06
3.02461e-06
2.70919e-06
2.40923e-06
2.11883e-06
1.83629e-06
1.57802e-06
1.39834e-06
1.39418e-06
1.63199e-06
2.06944e-06
2.57975e-06
2.99417e-06
3.15072e-06
2.9586e-06
2.43934e-06
1.72466e-06
1.05134e-06
8.28738e-07
1.11408e-06
1.4331e-06
1.62674e-06
1.69652e-06
1.6796e-06
1.61481e-06
1.53197e-06
1.45029e-06
1.38076e-06
1.32958e-06
1.30076e-06
1.29728e-06
1.32085e-06
1.37105e-06
1.44472e-06
1.53624e-06
1.63842e-06
1.74369e-06
1.84503e-06
1.93652e-06
2.01352e-06
2.07267e-06
2.11176e-06
2.12964e-06
2.12607e-06
2.10167e-06
2.05778e-06
1.99635e-06
1.91976e-06
1.83068e-06
1.73194e-06
1.62639e-06
1.51673e-06
1.40514e-06
1.29379e-06
1.18499e-06
1.08036e-06
9.80693e-07
8.86616e-07
7.9857e-07
7.16793e-07
6.41349e-07
5.72165e-07
5.09059e-07
4.51774e-07
3.99997e-07
3.53383e-07
3.1157e-07
2.74187e-07
2.40871e-07
2.11265e-07
1.85028e-07
1.61838e-07
1.41392e-07
1.23409e-07
1.07631e-07
9.38166e-08
8.17478e-08
7.12233e-08
6.20589e-08
5.40857e-08
4.71488e-08
4.11059e-08
3.58264e-08
3.11912e-08
2.70921e-08
2.34322e-08
2.01266e-08
1.71018e-08
1.42969e-08
1.16622e-08
9.15927e-09
6.76035e-09
4.44843e-09
2.22746e-09
5.49055e-10
2.23903e-09
4.29014e-09
6.30618e-09
8.26834e-09
1.01718e-08
1.20134e-08
1.37902e-08
1.5506e-08
1.71603e-08
1.87532e-08
2.02896e-08
2.17721e-08
2.32025e-08
2.45827e-08
2.59137e-08
2.71946e-08
2.84236e-08
2.95968e-08
3.07091e-08
3.17541e-08
3.27243e-08
3.36114e-08
3.44072e-08
3.51033e-08
3.56919e-08
3.61662e-08
3.65205e-08
3.67503e-08
3.6853e-08
3.68277e-08
3.66753e-08
3.63987e-08
3.60028e-08
3.54946e-08
3.48836e-08
3.41815e-08
3.34028e-08
3.25653e-08
3.16903e-08
3.08041e-08
2.99381e-08
2.91305e-08
2.84267e-08
2.78799e-08
2.755e-08
2.75012e-08
2.77976e-08
2.84971e-08
2.96453e-08
3.1272e-08
3.33898e-08
3.5997e-08
3.90811e-08
4.26226e-08
4.65981e-08
5.09816e-08
5.57449e-08
6.08606e-08
6.6285e-08
7.20296e-08
7.43614e-07
8.43748e-07
9.33826e-07
1.06501e-06
1.23226e-06
1.4067e-06
1.55229e-06
1.64682e-06
1.70134e-06
1.75005e-06
1.81002e-06
1.94786e-06
2.22338e-06
2.6485e-06
3.21061e-06
3.91734e-06
4.785e-06
5.70159e-06
6.44535e-06
6.84724e-06
6.87284e-06
6.59522e-06
6.13044e-06
5.58591e-06
5.03657e-06
4.5236e-06
4.06387e-06
3.66235e-06
3.32089e-06
3.04338e-06
2.85058e-06
2.77228e-06
2.82295e-06
2.9836e-06
3.18787e-06
3.33038e-06
3.29436e-06
2.99786e-06
2.43462e-06
1.68772e-06
9.40639e-07
6.55678e-07
1.0381e-06
1.4418e-06
1.69165e-06
1.79316e-06
1.78727e-06
1.71778e-06
1.61938e-06
1.51456e-06
1.41558e-06
1.32833e-06
1.25607e-06
1.20211e-06
1.17089e-06
1.16751e-06
1.19584e-06
1.25638e-06
1.34529e-06
1.4553e-06
1.57749e-06
1.70308e-06
1.82436e-06
1.93504e-06
2.03021e-06
2.10618e-06
2.16031e-06
2.19101e-06
2.19771e-06
2.18084e-06
2.14175e-06
2.08254e-06
2.00588e-06
1.91479e-06
1.81251e-06
1.70228e-06
1.58685e-06
1.46905e-06
1.35203e-06
1.23809e-06
1.12836e-06
1.02382e-06
9.25214e-07
8.33022e-07
7.47482e-07
6.68647e-07
5.9642e-07
5.30597e-07
4.70894e-07
4.1697e-07
3.68456e-07
3.24963e-07
2.86098e-07
2.51475e-07
2.20716e-07
1.93463e-07
1.69377e-07
1.4814e-07
1.2946e-07
1.13065e-07
9.87079e-08
8.61608e-08
7.5216e-08
6.56836e-08
5.739e-08
5.01762e-08
4.38964e-08
3.84169e-08
3.36154e-08
2.93809e-08
2.5614e-08
2.22268e-08
1.91439e-08
1.63027e-08
1.36537e-08
1.1162e-08
8.80988e-09
6.60668e-09
4.6251e-09
3.14282e-09
2.88473e-09
4.00286e-09
5.68324e-09
7.51293e-09
9.36645e-09
1.11989e-08
1.29886e-08
1.47296e-08
1.64164e-08
1.80448e-08
1.96173e-08
2.11348e-08
2.25978e-08
2.40076e-08
2.53644e-08
2.66676e-08
2.79152e-08
2.91036e-08
3.02282e-08
3.12825e-08
3.22594e-08
3.31507e-08
3.39481e-08
3.46431e-08
3.52275e-08
3.56941e-08
3.60366e-08
3.62498e-08
3.63304e-08
3.62766e-08
3.60884e-08
3.57676e-08
3.53183e-08
3.47464e-08
3.40602e-08
3.32704e-08
3.23905e-08
3.14373e-08
3.04317e-08
2.93996e-08
2.83734e-08
2.73934e-08
2.65095e-08
2.5782e-08
2.52811e-08
2.50844e-08
2.52698e-08
2.59071e-08
2.70484e-08
2.87223e-08
3.09345e-08
3.36726e-08
3.69129e-08
4.06264e-08
4.47821e-08
4.93489e-08
5.42949e-08
5.95898e-08
6.51907e-08
7.1091e-08
5.51069e-07
6.62096e-07
7.94504e-07
9.28677e-07
1.04221e-06
1.12764e-06
1.19319e-06
1.253e-06
1.31748e-06
1.38931e-06
1.46645e-06
1.53451e-06
1.60915e-06
1.74082e-06
1.96056e-06
2.21818e-06
2.44977e-06
2.72063e-06
3.17052e-06
3.79697e-06
4.44597e-06
4.96646e-06
5.28487e-06
5.39849e-06
5.34568e-06
5.17918e-06
4.94957e-06
4.69871e-06
4.45736e-06
4.24506e-06
4.07333e-06
3.93342e-06
3.79249e-06
3.59306e-06
3.27191e-06
2.78347e-06
2.12299e-06
1.34319e-06
5.86825e-07
5.46224e-07
1.10971e-06
1.55758e-06
1.82582e-06
1.93533e-06
1.92922e-06
1.85281e-06
1.74284e-06
1.62358e-06
1.50791e-06
1.40078e-06
1.30317e-06
1.21535e-06
1.13901e-06
1.07852e-06
1.04113e-06
1.03546e-06
1.06811e-06
1.14006e-06
1.24579e-06
1.37571e-06
1.51927e-06
1.66687e-06
1.8105e-06
1.94357e-06
2.06061e-06
2.15711e-06
2.22954e-06
2.27553e-06
2.29396e-06
2.28505e-06
2.25025e-06
2.19201e-06
2.11345e-06
2.01816e-06
1.90986e-06
1.79198e-06
1.66829e-06
1.54289e-06
1.41904e-06
1.29832e-06
1.18219e-06
1.07177e-06
9.67842e-07
8.70873e-07
7.8107e-07
6.98445e-07
6.22858e-07
5.54062e-07
4.9173e-07
4.35488e-07
3.84928e-07
3.39633e-07
2.9918e-07
2.63157e-07
2.31164e-07
2.02823e-07
1.77776e-07
1.55692e-07
1.36263e-07
1.19207e-07
1.04267e-07
9.12054e-08
7.98086e-08
6.98803e-08
6.12416e-08
5.37292e-08
4.71934e-08
4.14971e-08
3.65151e-08
3.21333e-08
2.82495e-08
2.47736e-08
2.1628e-08
1.87489e-08
1.60867e-08
1.36079e-08
1.12984e-08
9.17137e-09
7.28612e-09
5.78936e-09
4.95776e-09
5.05635e-09
5.9837e-09
7.38944e-09
9.01337e-09
1.07224e-08
1.24488e-08
1.41617e-08
1.58425e-08
1.74783e-08
1.90658e-08
2.06027e-08
2.20868e-08
2.35179e-08
2.48952e-08
2.62173e-08
2.7482e-08
2.86857e-08
2.98236e-08
3.08893e-08
3.18756e-08
3.27742e-08
3.35766e-08
3.42739e-08
3.48576e-08
3.53197e-08
3.56533e-08
3.58527e-08
3.59134e-08
3.58329e-08
3.56101e-08
3.52461e-08
3.47435e-08
3.41074e-08
3.33448e-08
3.24649e-08
3.14802e-08
3.04059e-08
2.92618e-08
2.8073e-08
2.68718e-08
2.57001e-08
2.46115e-08
2.36742e-08
2.29713e-08
2.25978e-08
2.26517e-08
2.32198e-08
2.43625e-08
2.61054e-08
2.84419e-08
3.13434e-08
3.47714e-08
3.86852e-08
4.30461e-08
4.78181e-08
5.29665e-08
5.84578e-08
6.42535e-08
7.03175e-08
3.75738e-07
4.44131e-07
5.1983e-07
5.96912e-07
6.76356e-07
7.62846e-07
8.58285e-07
9.59603e-07
1.06273e-06
1.16465e-06
1.26059e-06
1.34496e-06
1.41372e-06
1.47426e-06
1.56185e-06
1.72189e-06
1.93381e-06
2.10062e-06
2.14883e-06
2.11116e-06
2.11819e-06
2.28452e-06
2.59239e-06
2.93798e-06
3.23266e-06
3.43302e-06
3.53032e-06
3.53259e-06
3.45417e-06
3.30935e-06
3.08381e-06
2.76341e-06
2.33872e-06
1.80348e-06
1.16692e-06
4.64185e-07
2.84899e-07
9.38287e-07
1.46743e-06
1.83816e-06
2.04768e-06
2.11864e-06
2.08803e-06
1.99533e-06
1.87356e-06
1.74503e-06
1.62152e-06
1.5069e-06
1.4006e-06
1.30043e-06
1.20463e-06
1.11307e-06
1.02844e-06
9.57201e-07
9.10051e-07
8.99974e-07
9.36733e-07
1.02118e-06
1.14529e-06
1.29712e-06
1.46507e-06
1.63931e-06
1.81143e-06
1.97388e-06
2.11968e-06
2.24264e-06
2.33776e-06
2.40163e-06
2.43261e-06
2.43093e-06
2.39847e-06
2.33829e-06
2.25429e-06
2.15079e-06
2.03166e-06
1.90192e-06
1.76706e-06
1.63163e-06
1.49794e-06
1.36808e-06
1.24369e-06
1.12593e-06
1.01554e-06
9.12903e-07
8.18153e-07
7.31211e-07
6.51859e-07
5.79777e-07
5.14576e-07
4.55824e-07
4.03068e-07
3.55847e-07
3.13704e-07
2.76195e-07
2.42895e-07
2.134e-07
1.87335e-07
1.64351e-07
1.44125e-07
1.26365e-07
1.108e-07
9.7187e-08
8.53019e-08
7.49426e-08
6.59246e-08
5.80795e-08
5.12534e-08
4.53054e-08
4.01068e-08
3.55406e-08
3.15018e-08
2.78974e-08
2.46477e-08
2.16865e-08
1.89624e-08
1.64398e-08
1.41012e-08
1.19518e-08
1.00281e-08
8.41323e-09
7.25175e-09
6.7246e-09
6.9267e-09
7.75638e-09
9.00154e-09
1.04792e-08
1.20694e-08
1.37053e-08
1.53473e-08
1.69684e-08
1.85566e-08
2.01041e-08
2.16049e-08
2.30559e-08
2.44547e-08
2.5799e-08
2.70856e-08
2.83105e-08
2.94685e-08
3.0553e-08
3.15564e-08
3.24701e-08
3.32851e-08
3.39921e-08
3.45819e-08
3.50459e-08
3.53764e-08
3.55669e-08
3.56122e-08
3.55088e-08
3.52546e-08
3.48497e-08
3.42958e-08
3.35966e-08
3.2758e-08
3.17877e-08
3.06965e-08
2.9498e-08
2.821e-08
2.68558e-08
2.54665e-08
2.40838e-08
2.27643e-08
2.15836e-08
2.06395e-08
2.00507e-08
1.99446e-08
2.04342e-08
2.15914e-08
2.34339e-08
2.59336e-08
2.90379e-08
3.26885e-08
3.68319e-08
4.1422e-08
4.64191e-08
5.17874e-08
5.74906e-08
6.34974e-08
6.97316e-08
2.90231e-07
3.33298e-07
3.81008e-07
4.36188e-07
5.00249e-07
5.73747e-07
6.5702e-07
7.49592e-07
8.49739e-07
9.53839e-07
1.05827e-06
1.1594e-06
1.25286e-06
1.33349e-06
1.40015e-06
1.46872e-06
1.57641e-06
1.74525e-06
1.93953e-06
2.08753e-06
2.13547e-06
2.07432e-06
1.93513e-06
1.7684e-06
1.6193e-06
1.50755e-06
1.42276e-06
1.34011e-06
1.23584e-06
1.09366e-06
9.26895e-07
8.03489e-07
8.50945e-07
1.09626e-06
1.43462e-06
1.77016e-06
2.04352e-06
2.22418e-06
2.30476e-06
2.29649e-06
2.22235e-06
2.10878e-06
1.97885e-06
1.84852e-06
1.72595e-06
1.61324e-06
1.50889e-06
1.40993e-06
1.31333e-06
1.21671e-06
1.11882e-06
1.02016e-06
9.24144e-07
8.38825e-07
7.78269e-07
7.60739e-07
8.00426e-07
8.98307e-07
1.04372e-06
1.22291e-06
1.42372e-06
1.63554e-06
1.84814e-06
2.05121e-06
2.23483e-06
2.39039e-06
2.51138e-06
2.59373e-06
2.63583e-06
2.63849e-06
2.6044e-06
2.5375e-06
2.44247e-06
2.32382e-06
2.18785e-06
2.0414e-06
1.89116e-06
1.74068e-06
1.59305e-06
1.4507e-06
1.31536e-06
1.18814e-06
1.06965e-06
9.60094e-07
8.59448e-07
7.67481e-07
6.83837e-07
6.08079e-07
5.39717e-07
4.78238e-07
4.23121e-07
3.73847e-07
3.29915e-07
2.90839e-07
2.56163e-07
2.25457e-07
1.98322e-07
1.7439e-07
1.53324e-07
1.34816e-07
1.18585e-07
1.04377e-07
9.19597e-08
8.11239e-08
7.16788e-08
6.34504e-08
5.62801e-08
5.0023e-08
4.45471e-08
3.97323e-08
3.54709e-08
3.16678e-08
2.82407e-08
2.51213e-08
2.22552e-08
1.96035e-08
1.71432e-08
1.48706e-08
1.28047e-08
1.09956e-08
9.53232e-09
8.54184e-09
8.14935e-09
8.39313e-09
9.17976e-09
1.03473e-08
1.17447e-08
1.3268e-08
1.48508e-08
1.64474e-08
1.80335e-08
1.95937e-08
2.11168e-08
2.25961e-08
2.40268e-08
2.54049e-08
2.67261e-08
2.79854e-08
2.9177e-08
3.02936e-08
3.13271e-08
3.22683e-08
3.31075e-08
3.38347e-08
3.444e-08
3.49142e-08
3.52488e-08
3.54365e-08
3.54713e-08
3.53489e-08
3.50665e-08
3.46232e-08
3.40197e-08
3.32588e-08
3.23449e-08
3.12845e-08
3.00863e-08
2.87619e-08
2.73265e-08
2.58007e-08
2.42124e-08
2.26012e-08
2.10236e-08
1.95603e-08
1.83251e-08
1.74671e-08
1.71585e-08
1.75551e-08
1.87463e-08
2.07317e-08
2.34454e-08
2.67984e-08
3.07084e-08
3.51091e-08
3.99493e-08
4.51881e-08
5.07904e-08
5.67181e-08
6.295e-08
6.93592e-08
2.44252e-07
2.68597e-07
2.96698e-07
3.32587e-07
3.77824e-07
4.34608e-07
5.04781e-07
5.87722e-07
6.80338e-07
7.77844e-07
8.76016e-07
9.7251e-07
1.06664e-06
1.15696e-06
1.23962e-06
1.31067e-06
1.37473e-06
1.45101e-06
1.56313e-06
1.71649e-06
1.88864e-06
2.04396e-06
2.15447e-06
2.20976e-06
2.2159e-06
2.18925e-06
2.15029e-06
2.11815e-06
2.10721e-06
2.1234e-06
2.16973e-06
2.24157e-06
2.32579e-06
2.40284e-06
2.45384e-06
2.46584e-06
2.43429e-06
2.36291e-06
2.26208e-06
2.14509e-06
2.024e-06
1.90707e-06
1.79812e-06
1.69743e-06
1.60319e-06
1.51285e-06
1.4239e-06
1.33417e-06
1.2418e-06
1.14522e-06
1.04345e-06
9.3688e-07
8.28723e-07
7.27245e-07
6.48661e-07
6.17681e-07
6.57399e-07
7.7204e-07
9.48265e-07
1.16955e-06
1.42127e-06
1.68908e-06
1.9577e-06
2.21191e-06
2.43832e-06
2.6268e-06
2.77092e-06
2.86747e-06
2.91593e-06
2.91825e-06
2.87796e-06
2.79922e-06
2.68651e-06
2.5466e-06
2.38778e-06
2.21937e-06
2.04712e-06
1.87567e-06
1.70894e-06
1.54976e-06
1.39992e-06
1.2604e-06
1.13157e-06
1.01341e-06
9.05608e-07
8.07684e-07
7.19071e-07
6.39148e-07
5.67276e-07
5.0282e-07
4.45163e-07
3.93708e-07
3.47891e-07
3.07177e-07
2.71069e-07
2.39104e-07
2.10857e-07
1.85939e-07
1.63993e-07
1.44698e-07
1.27759e-07
1.1291e-07
9.99125e-08
8.85472e-08
7.86169e-08
6.9942e-08
6.23592e-08
5.57197e-08
4.98886e-08
4.47435e-08
4.01749e-08
3.60859e-08
3.23929e-08
2.90256e-08
2.59275e-08
2.30562e-08
2.03843e-08
1.79004e-08
1.56117e-08
1.35488e-08
1.17713e-08
1.0373e-08
9.47197e-09
9.16608e-09
9.46517e-09
1.02722e-08
1.14373e-08
1.28267e-08
1.43433e-08
1.5919e-08
1.75133e-08
1.91008e-08
2.06635e-08
2.21903e-08
2.36732e-08
2.51058e-08
2.64823e-08
2.77965e-08
2.90412e-08
3.02083e-08
3.12888e-08
3.22727e-08
3.31493e-08
3.39079e-08
3.45379e-08
3.50295e-08
3.53733e-08
3.55616e-08
3.55879e-08
3.54471e-08
3.5136e-08
3.46531e-08
3.39984e-08
3.31738e-08
3.21827e-08
3.10302e-08
2.97233e-08
2.82712e-08
2.66861e-08
2.49844e-08
2.31895e-08
2.13354e-08
1.9474e-08
1.76859e-08
1.60965e-08
1.48915e-08
1.43114e-08
1.45895e-08
1.58446e-08
1.80356e-08
2.10281e-08
2.4681e-08
2.88854e-08
3.35663e-08
3.8672e-08
4.41637e-08
5.00101e-08
5.61715e-08
6.26399e-08
6.92276e-08
1.91599e-07
2.05022e-07
2.21603e-07
2.46008e-07
2.80643e-07
3.28233e-07
3.90113e-07
4.65024e-07
5.49716e-07
6.40268e-07
7.33041e-07
8.25233e-07
9.15093e-07
1.00191e-06
1.08508e-06
1.16259e-06
1.23162e-06
1.29277e-06
1.35353e-06
1.42644e-06
1.52193e-06
1.641e-06
1.77424e-06
1.90739e-06
2.02806e-06
2.12949e-06
2.2103e-06
2.27201e-06
2.3171e-06
2.35173e-06
2.37864e-06
2.39057e-06
2.38373e-06
2.35615e-06
2.30815e-06
2.2425e-06
2.16416e-06
2.07906e-06
1.99245e-06
1.90773e-06
1.82618e-06
1.7475e-06
1.67052e-06
1.59388e-06
1.51644e-06
1.43727e-06
1.35555e-06
1.27024e-06
1.18001e-06
1.08337e-06
9.79094e-07
8.66998e-07
7.48987e-07
6.30983e-07
5.27501e-07
4.70749e-07
5.07366e-07
6.53872e-07
8.86453e-07
1.17788e-06
1.50524e-06
1.8455e-06
2.17578e-06
2.47655e-06
2.73419e-06
2.94135e-06
3.0955e-06
3.19657e-06
3.24589e-06
3.24615e-06
3.19949e-06
3.10888e-06
2.97828e-06
2.81585e-06
2.63265e-06
2.43773e-06
2.23806e-06
2.04014e-06
1.84904e-06
1.66822e-06
1.49971e-06
1.34444e-06
1.20253e-06
1.07363e-06
9.57056e-07
8.51992e-07
7.57555e-07
6.7286e-07
5.97057e-07
5.29337e-07
4.68945e-07
4.1518e-07
3.67393e-07
3.24985e-07
2.87405e-07
2.54153e-07
2.24771e-07
1.98842e-07
1.75993e-07
1.55881e-07
1.38201e-07
1.22675e-07
1.09052e-07
9.71062e-08
8.66337e-08
7.74493e-08
6.93854e-08
6.22904e-08
5.60269e-08
5.04715e-08
4.55137e-08
4.10563e-08
3.70152e-08
3.33193e-08
2.99109e-08
2.67453e-08
2.37918e-08
2.10336e-08
1.84702e-08
1.61198e-08
1.40245e-08
1.22559e-08
1.09164e-08
1.01214e-08
9.94677e-09
1.03719e-08
1.12798e-08
1.25228e-08
1.39751e-08
1.55419e-08
1.71634e-08
1.88015e-08
2.04298e-08
2.20313e-08
2.3594e-08
2.51086e-08
2.65669e-08
2.79605e-08
2.9281e-08
3.05186e-08
3.16629e-08
3.2703e-08
3.36272e-08
3.44239e-08
3.50821e-08
3.55912e-08
3.59417e-08
3.61256e-08
3.61361e-08
3.59683e-08
3.56188e-08
3.50858e-08
3.43694e-08
3.3471e-08
3.23933e-08
3.11405e-08
2.9718e-08
2.81329e-08
2.6394e-08
2.45133e-08
2.25076e-08
2.04025e-08
1.82392e-08
1.60877e-08
1.4072e-08
1.24089e-08
1.14389e-08
1.15468e-08
1.29139e-08
1.54034e-08
1.87541e-08
2.2757e-08
2.72832e-08
3.22578e-08
3.76359e-08
4.33851e-08
4.94804e-08
5.58816e-08
6.25958e-08
6.93643e-08
1.531e-07
1.57591e-07
1.64545e-07
1.79834e-07
2.06691e-07
2.47818e-07
3.03933e-07
3.72914e-07
4.51198e-07
5.35161e-07
6.21464e-07
7.07526e-07
7.91663e-07
8.73015e-07
9.51338e-07
1.02645e-06
1.09748e-06
1.16308e-06
1.2228e-06
1.27873e-06
1.33565e-06
1.39903e-06
1.47224e-06
1.55476e-06
1.64249e-06
1.72942e-06
1.80951e-06
1.87834e-06
1.934e-06
1.97838e-06
2.00689e-06
2.01865e-06
2.01593e-06
2.00078e-06
1.97537e-06
1.94206e-06
1.9029e-06
1.85923e-06
1.81163e-06
1.76018e-06
1.70479e-06
1.64538e-06
1.58209e-06
1.51519e-06
1.44499e-06
1.37158e-06
1.29461e-06
1.21324e-06
1.1262e-06
1.03208e-06
9.29596e-07
8.17649e-07
6.95328e-07
5.62424e-07
4.24416e-07
3.18587e-07
3.61477e-07
5.88361e-07
9.19178e-07
1.30696e-06
1.71753e-06
2.11781e-06
2.48045e-06
2.789e-06
3.03838e-06
3.23147e-06
3.37416e-06
3.4708e-06
3.52362e-06
3.53259e-06
3.49558e-06
3.40852e-06
3.2752e-06
3.10305e-06
2.90327e-06
2.68502e-06
2.4582e-06
2.23189e-06
2.01317e-06
1.80687e-06
1.61582e-06
1.44124e-06
1.28323e-06
1.14113e-06
1.01387e-06
9.00217e-07
7.98897e-07
7.08682e-07
6.28429e-07
5.57099e-07
4.93751e-07
4.3754e-07
3.87705e-07
3.43562e-07
3.04495e-07
2.69952e-07
2.39436e-07
2.12501e-07
1.88748e-07
1.67817e-07
1.49386e-07
1.33165e-07
1.18895e-07
1.0634e-07
9.52902e-08
8.55564e-08
7.69673e-08
6.93692e-08
6.26238e-08
5.66071e-08
5.12091e-08
4.63332e-08
4.18957e-08
3.78259e-08
3.40658e-08
3.057e-08
2.73058e-08
2.42539e-08
2.14092e-08
1.87833e-08
1.64083e-08
1.43422e-08
1.26726e-08
1.15103e-08
1.0956e-08
1.10433e-08
1.17028e-08
1.27984e-08
1.41883e-08
1.57553e-08
1.74197e-08
1.91293e-08
2.08473e-08
2.25495e-08
2.42186e-08
2.58409e-08
2.74047e-08
2.88988e-08
3.03122e-08
3.1633e-08
3.28492e-08
3.39482e-08
3.49177e-08
3.57452e-08
3.64194e-08
3.69297e-08
3.72669e-08
3.74233e-08
3.73928e-08
3.7171e-08
3.67553e-08
3.61446e-08
3.53393e-08
3.43413e-08
3.31534e-08
3.17793e-08
3.02237e-08
2.84917e-08
2.65894e-08
2.45244e-08
2.23065e-08
1.99509e-08
1.74828e-08
1.49497e-08
1.2448e-08
1.01878e-08
8.61712e-09
8.43534e-09
9.99978e-09
1.29259e-08
1.67209e-08
2.11107e-08
2.59688e-08
3.12365e-08
3.68832e-08
4.28872e-08
4.92317e-08
5.5876e-08
6.28439e-08
6.97958e-08
1.18107e-07
1.15651e-07
1.15748e-07
1.2565e-07
1.48932e-07
1.87313e-07
2.39888e-07
3.03832e-07
3.75828e-07
4.52723e-07
5.31885e-07
6.11231e-07
6.89296e-07
7.65155e-07
8.38328e-07
9.08697e-07
9.76352e-07
1.04129e-06
1.10322e-06
1.16181e-06
1.2174e-06
1.27131e-06
1.32541e-06
1.38122e-06
1.43919e-06
1.49828e-06
1.55656e-06
1.61179e-06
1.66204e-06
1.70517e-06
1.73846e-06
1.76335e-06
1.77994e-06
1.78794e-06
1.78732e-06
1.7782e-06
1.76076e-06
1.73525e-06
1.70204e-06
1.66167e-06
1.61482e-06
1.56232e-06
1.50503e-06
1.44371e-06
1.37888e-06
1.31065e-06
1.23878e-06
1.16268e-06
1.08168e-06
9.94926e-07
9.00871e-07
7.96366e-07
6.75398e-07
5.28301e-07
3.44741e-07
1.52024e-07
2.94136e-07
6.65241e-07
1.10493e-06
1.57007e-06
2.01596e-06
2.40445e-06
2.71613e-06
2.95252e-06
3.12927e-06
3.26646e-06
3.38025e-06
3.47742e-06
3.55703e-06
3.61107e-06
3.62523e-06
3.587e-06
3.49146e-06
3.34457e-06
3.15383e-06
2.93043e-06
2.68791e-06
2.4392e-06
2.19483e-06
1.96244e-06
1.74682e-06
1.55031e-06
1.37349e-06
1.21573e-06
1.07571e-06
9.51816e-07
8.42353e-07
7.4569e-07
6.60335e-07
5.84951e-07
5.18362e-07
4.59534e-07
4.0756e-07
3.61645e-07
3.21089e-07
2.85273e-07
2.53654e-07
2.25748e-07
2.01127e-07
1.79411e-07
1.6026e-07
1.43372e-07
1.28475e-07
1.15329e-07
1.03718e-07
9.3447e-08
8.43437e-08
7.62526e-08
6.90352e-08
6.25679e-08
5.67416e-08
5.1461e-08
4.66436e-08
4.222e-08
3.81333e-08
3.43386e-08
3.0804e-08
2.75101e-08
2.44518e-08
2.16399e-08
1.91045e-08
1.68983e-08
1.5099e-08
1.38026e-08
1.30977e-08
1.30235e-08
1.35369e-08
1.45283e-08
1.58676e-08
1.74351e-08
1.91416e-08
2.09242e-08
2.27367e-08
2.45466e-08
2.63295e-08
2.80657e-08
2.97385e-08
3.13324e-08
3.28325e-08
3.42244e-08
3.54937e-08
3.66263e-08
3.76091e-08
3.84293e-08
3.9076e-08
3.95392e-08
3.9811e-08
3.9885e-08
3.97568e-08
3.94236e-08
3.88845e-08
3.81401e-08
3.71923e-08
3.60442e-08
3.46994e-08
3.31624e-08
3.14376e-08
2.95293e-08
2.74419e-08
2.51795e-08
2.27463e-08
2.01479e-08
1.73932e-08
1.45007e-08
1.15151e-08
8.56222e-09
6.05825e-09
5.25942e-09
7.19786e-09
1.07538e-08
1.50545e-08
1.98321e-08
2.50053e-08
3.05473e-08
3.64477e-08
4.26971e-08
4.92876e-08
5.61773e-08
6.34069e-08
7.05468e-08
8.95854e-08
8.14255e-08
7.59531e-08
8.26047e-08
1.05377e-07
1.43529e-07
1.94031e-07
2.53746e-07
3.19952e-07
3.90202e-07
4.62416e-07
5.34913e-07
6.06465e-07
6.76274e-07
7.4389e-07
8.09131e-07
8.72056e-07
9.32953e-07
9.92183e-07
1.04998e-06
1.10641e-06
1.16154e-06
1.21558e-06
1.26889e-06
1.32175e-06
1.37411e-06
1.42549e-06
1.47506e-06
1.52209e-06
1.56439e-06
1.60097e-06
1.63103e-06
1.65344e-06
1.66754e-06
1.67299e-06
1.66964e-06
1.65759e-06
1.63716e-06
1.60887e-06
1.57341e-06
1.53162e-06
1.48435e-06
1.43241e-06
1.37644e-06
1.3169e-06
1.25411e-06
1.1884e-06
1.12022e-06
1.04982e-06
9.76366e-07
8.96347e-07
8.0193e-07
6.79591e-07
5.1045e-07
2.74956e-07
5.84626e-08
4.4742e-07
9.08926e-07
1.3934e-06
1.84122e-06
2.19702e-06
2.43519e-06
2.56782e-06
2.6329e-06
2.67524e-06
2.73175e-06
2.82354e-06
2.95297e-06
3.11183e-06
3.27703e-06
3.41643e-06
3.50008e-06
3.51267e-06
3.45068e-06
3.31728e-06
3.12568e-06
2.89375e-06
2.6398e-06
2.37989e-06
2.12642e-06
1.88784e-06
1.66899e-06
1.47187e-06
1.29654e-06
1.14186e-06
1.00601e-06
8.86987e-07
7.82764e-07
6.91472e-07
6.11439e-07
5.41202e-07
4.79497e-07
4.25233e-07
3.77473e-07
3.35409e-07
2.98342e-07
2.65666e-07
2.36851e-07
2.11437e-07
1.89015e-07
1.69228e-07
1.51759e-07
1.36327e-07
1.22682e-07
1.10604e-07
9.98943e-08
9.03777e-08
8.18981e-08
7.43164e-08
6.75098e-08
6.13703e-08
5.58042e-08
5.07311e-08
4.6084e-08
4.18086e-08
3.78637e-08
3.4221e-08
3.08658e-08
2.77985e-08
2.50353e-08
2.26101e-08
2.05742e-08
1.89918e-08
1.79282e-08
1.74277e-08
1.74928e-08
1.80745e-08
1.90866e-08
2.04304e-08
2.20094e-08
2.37451e-08
2.55758e-08
2.74521e-08
2.93352e-08
3.11939e-08
3.30019e-08
3.47364e-08
3.63765e-08
3.79031e-08
3.92986e-08
4.05461e-08
4.16307e-08
4.25385e-08
4.32577e-08
4.37784e-08
4.40928e-08
4.41952e-08
4.40819e-08
4.37514e-08
4.32038e-08
4.2441e-08
4.14665e-08
4.02845e-08
3.89004e-08
3.73198e-08
3.55484e-08
3.35915e-08
3.1454e-08
2.91394e-08
2.66505e-08
2.39883e-08
2.11526e-08
1.8142e-08
1.49547e-08
1.15909e-08
8.06432e-09
4.4699e-09
2.02594e-09
4.8029e-09
9.14057e-09
1.39027e-08
1.90047e-08
2.44417e-08
3.0221e-08
3.63507e-08
4.28315e-08
4.96635e-08
5.68017e-08
6.43031e-08
7.16399e-08
6.68192e-08
5.33624e-08
4.23809e-08
4.8726e-08
7.51461e-08
1.14612e-07
1.63169e-07
2.18489e-07
2.78735e-07
3.4221e-07
4.07367e-07
4.72911e-07
5.37843e-07
6.01488e-07
6.63446e-07
7.2354e-07
7.81776e-07
8.38344e-07
8.93598e-07
9.47957e-07
1.00178e-06
1.05528e-06
1.10854e-06
1.16152e-06
1.21403e-06
1.26575e-06
1.31614e-06
1.36489e-06
1.41146e-06
1.45367e-06
1.49067e-06
1.52136e-06
1.545e-06
1.56108e-06
1.56915e-06
1.56901e-06
1.56071e-06
1.54449e-06
1.52083e-06
1.49033e-06
1.45368e-06
1.41155e-06
1.36464e-06
1.31359e-06
1.25922e-06
1.20269e-06
1.14552e-06
1.08914e-06
1.03361e-06
9.75594e-07
9.06508e-07
8.116e-07
6.71063e-07
4.67409e-07
2.25724e-07
3.18503e-07
7.28494e-07
1.17944e-06
1.57536e-06
1.83261e-06
1.90974e-06
1.82938e-06
1.6627e-06
1.49638e-06
1.40333e-06
1.42259e-06
1.55483e-06
1.77855e-06
2.08002e-06
2.42907e-06
2.76871e-06
3.05319e-06
3.25186e-06
3.3456e-06
3.33104e-06
3.22127e-06
3.03814e-06
2.80638e-06
2.54933e-06
2.28618e-06
2.0309e-06
1.79243e-06
1.57556e-06
1.38195e-06
1.21127e-06
1.06197e-06
9.31939e-07
8.18896e-07
7.20637e-07
6.35152e-07
5.60671e-07
4.95665e-07
4.38829e-07
3.89054e-07
3.45397e-07
3.0706e-07
2.73358e-07
2.43706e-07
2.17599e-07
1.946e-07
1.74326e-07
1.56445e-07
1.40664e-07
1.26723e-07
1.14395e-07
1.03479e-07
9.37955e-08
8.51863e-08
7.75118e-08
7.06492e-08
6.44917e-08
5.89476e-08
5.39398e-08
4.94055e-08
4.52958e-08
4.15758e-08
3.82245e-08
3.52348e-08
3.26127e-08
3.03761e-08
2.85519e-08
2.71698e-08
2.62551e-08
2.58191e-08
2.58521e-08
2.63215e-08
2.71747e-08
2.83486e-08
2.97777e-08
3.13961e-08
3.31464e-08
3.49784e-08
3.68469e-08
3.87129e-08
4.05419e-08
4.23032e-08
4.39695e-08
4.55158e-08
4.69199e-08
4.81617e-08
4.92236e-08
5.00904e-08
5.07496e-08
5.11914e-08
5.14086e-08
5.1397e-08
5.11545e-08
5.06816e-08
4.99811e-08
4.90571e-08
4.79156e-08
4.65637e-08
4.50091e-08
4.32602e-08
4.13251e-08
3.92118e-08
3.69271e-08
3.44771e-08
3.18663e-08
2.90973e-08
2.61712e-08
2.30867e-08
1.98406e-08
1.64277e-08
1.28415e-08
9.07731e-09
5.14979e-09
1.45797e-09
3.85308e-09
8.45302e-09
1.3413e-08
1.86949e-08
2.431e-08
3.02741e-08
3.66018e-08
4.3298e-08
5.03675e-08
5.77605e-08
6.55482e-08
7.30975e-08
5.07657e-08
3.27589e-08
1.41519e-08
2.71498e-08
5.97784e-08
9.93056e-08
1.44718e-07
1.95111e-07
2.49321e-07
3.06157e-07
3.64465e-07
4.23223e-07
4.81618e-07
5.39076e-07
5.95259e-07
6.50025e-07
7.03396e-07
7.55536e-07
8.06726e-07
8.57321e-07
9.07685e-07
9.58109e-07
1.00876e-06
1.05963e-06
1.11048e-06
1.1609e-06
1.21047e-06
1.259e-06
1.30496e-06
1.34712e-06
1.38463e-06
1.41656e-06
1.44215e-06
1.46074e-06
1.47185e-06
1.47525e-06
1.4709e-06
1.45899e-06
1.43987e-06
1.41399e-06
1.38189e-06
1.34416e-06
1.30159e-06
1.25531e-06
1.20704e-06
1.15901e-06
1.11334e-06
1.0705e-06
1.02725e-06
9.74684e-07
8.98143e-07
7.79459e-07
6.04247e-07
3.90114e-07
3.1624e-07
5.79093e-07
9.41026e-07
1.24585e-06
1.37681e-06
1.26831e-06
9.52433e-07
5.50469e-07
3.11356e-07
4.88615e-07
7.17902e-07
8.72745e-07
9.59503e-07
1.02493e-06
1.17711e-06
1.49026e-06
1.91508e-06
2.36073e-06
2.75318e-06
3.03522e-06
3.18196e-06
3.19644e-06
3.09921e-06
2.91936e-06
2.68729e-06
2.42977e-06
2.16759e-06
1.91515e-06
1.68119e-06
1.47004e-06
1.28293e-06
1.11912e-06
9.76775e-07
8.53594e-07
7.47163e-07
6.55197e-07
5.75633e-07
5.06675e-07
4.46782e-07
3.94653e-07
3.49192e-07
3.09476e-07
2.74732e-07
2.44303e-07
2.17634e-07
1.94248e-07
1.73737e-07
1.55747e-07
1.39969e-07
1.26133e-07
1.14003e-07
1.0337e-07
9.40491e-08
8.58768e-08
7.87094e-08
7.24211e-08
6.6903e-08
6.20623e-08
5.78217e-08
5.41186e-08
5.09042e-08
4.81424e-08
4.5808e-08
4.38849e-08
4.23629e-08
4.12355e-08
4.0496e-08
4.01343e-08
4.01355e-08
4.04776e-08
4.11318e-08
4.20636e-08
4.32336e-08
4.46005e-08
4.61228e-08
4.77564e-08
4.94605e-08
5.11962e-08
5.29252e-08
5.46116e-08
5.62219e-08
5.77253e-08
5.90937e-08
6.03017e-08
6.13273e-08
6.21512e-08
6.27578e-08
6.31346e-08
6.32727e-08
6.31666e-08
6.28141e-08
6.22161e-08
6.13762e-08
6.03004e-08
5.89966e-08
5.74744e-08
5.57445e-08
5.38183e-08
5.17075e-08
4.94239e-08
4.69785e-08
4.43816e-08
4.16422e-08
3.8768e-08
3.57647e-08
3.26364e-08
2.93856e-08
2.60137e-08
2.25216e-08
1.8913e-08
1.52006e-08
1.14291e-08
7.76437e-09
4.96743e-09
5.41652e-09
8.99963e-09
1.37022e-08
1.8954e-08
2.46345e-08
3.0719e-08
3.72083e-08
4.41026e-08
5.14075e-08
5.90657e-08
6.71599e-08
7.49461e-08
4.33474e-08
2.53481e-08
9.81755e-09
2.82377e-08
5.90257e-08
9.50639e-08
1.3581e-07
1.8065e-07
2.28726e-07
2.79087e-07
3.30805e-07
3.83045e-07
4.35129e-07
4.86568e-07
5.37071e-07
5.86528e-07
6.34979e-07
6.82596e-07
7.29649e-07
7.76463e-07
8.23369e-07
8.70649e-07
9.18487e-07
9.66893e-07
1.01568e-06
1.06452e-06
1.11321e-06
1.16107e-06
1.20654e-06
1.249e-06
1.28741e-06
1.32081e-06
1.34837e-06
1.36941e-06
1.38342e-06
1.39009e-06
1.38933e-06
1.38121e-06
1.36595e-06
1.3439e-06
1.31557e-06
1.28178e-06
1.24383e-06
1.20365e-06
1.16361e-06
1.12563e-06
1.08966e-06
1.05184e-06
1.00329e-06
9.30876e-07
8.20917e-07
6.66021e-07
4.83406e-07
3.73948e-07
4.94304e-07
7.53174e-07
1.0061e-06
1.15942e-06
1.23363e-06
1.41229e-06
1.77127e-06
2.15911e-06
2.44279e-06
2.59067e-06
2.62729e-06
2.58532e-06
2.47883e-06
2.31137e-06
2.08541e-06
1.85515e-06
1.77999e-06
1.95589e-06
2.30911e-06
2.67732e-06
2.95244e-06
3.09115e-06
3.09349e-06
2.98298e-06
2.79226e-06
2.55366e-06
2.29428e-06
2.03426e-06
1.78693e-06
1.55993e-06
1.35669e-06
1.17778e-06
1.02205e-06
8.87436e-07
7.71509e-07
6.7182e-07
5.86081e-07
5.12254e-07
4.48573e-07
3.9354e-07
3.45893e-07
3.04581e-07
2.68727e-07
2.376e-07
2.10586e-07
1.87169e-07
1.6691e-07
1.4943e-07
1.34404e-07
1.21543e-07
1.10591e-07
1.0132e-07
9.35188e-08
8.69973e-08
8.15816e-08
7.71147e-08
7.34577e-08
7.04894e-08
6.81071e-08
6.62255e-08
6.47755e-08
6.37026e-08
6.29642e-08
6.25274e-08
6.23661e-08
6.24591e-08
6.2788e-08
6.33352e-08
6.40827e-08
6.5011e-08
6.60987e-08
6.73221e-08
6.86544e-08
7.00673e-08
7.1532e-08
7.30148e-08
7.44838e-08
7.5907e-08
7.72512e-08
7.84851e-08
7.95786e-08
8.05045e-08
8.12381e-08
8.17583e-08
8.20474e-08
8.20913e-08
8.18802e-08
8.14079e-08
8.06721e-08
7.96744e-08
7.84198e-08
7.6916e-08
7.51738e-08
7.32055e-08
7.10254e-08
6.86486e-08
6.60907e-08
6.33678e-08
6.04953e-08
5.74882e-08
5.43603e-08
5.11239e-08
4.77899e-08
4.43673e-08
4.08632e-08
3.72835e-08
3.36327e-08
2.99156e-08
2.61398e-08
2.23202e-08
1.84919e-08
1.47415e-08
1.12985e-08
8.78603e-09
8.43745e-09
1.07802e-08
1.48463e-08
1.98429e-08
2.54593e-08
3.1588e-08
3.81955e-08
4.52672e-08
5.28049e-08
6.07415e-08
6.91681e-08
7.72261e-08
4.48443e-08
3.32057e-08
3.04144e-08
4.34267e-08
6.75068e-08
9.80558e-08
1.33404e-07
1.72572e-07
2.14685e-07
2.58891e-07
3.04387e-07
3.5046e-07
3.96528e-07
4.42172e-07
4.87147e-07
5.31371e-07
5.74909e-07
6.17949e-07
6.60774e-07
7.03716e-07
7.47111e-07
7.91251e-07
8.36323e-07
8.82349e-07
9.29208e-07
9.76706e-07
1.02454e-06
1.07156e-06
1.11696e-06
1.15985e-06
1.19917e-06
1.23395e-06
1.26335e-06
1.28662e-06
1.3032e-06
1.31272e-06
1.315e-06
1.31003e-06
1.29799e-06
1.27933e-06
1.25487e-06
1.22593e-06
1.19431e-06
1.16181e-06
1.12918e-06
1.09467e-06
1.05291e-06
9.95081e-07
9.11284e-07
7.95482e-07
6.52126e-07
5.06029e-07
4.27876e-07
5.18105e-07
7.78347e-07
1.15587e-06
1.61712e-06
2.20617e-06
2.94347e-06
3.64346e-06
4.07496e-06
4.1787e-06
4.04949e-06
3.82171e-06
3.59476e-06
3.41217e-06
3.27166e-06
3.13879e-06
2.95357e-06
2.70519e-06
2.44154e-06
2.27303e-06
2.31875e-06
2.54742e-06
2.81739e-06
3.013e-06
3.08562e-06
3.03509e-06
2.88577e-06
2.66981e-06
2.41764e-06
2.15377e-06
1.89559e-06
1.65404e-06
1.43493e-06
1.24043e-06
1.07029e-06
9.22928e-07
7.96075e-07
6.87244e-07
5.94011e-07
5.14153e-07
4.45718e-07
3.87029e-07
3.36681e-07
2.93502e-07
2.56526e-07
2.2496e-07
1.98145e-07
1.75535e-07
1.56663e-07
1.41122e-07
1.28535e-07
1.18544e-07
1.10799e-07
1.04952e-07
1.00671e-07
9.76425e-08
9.55924e-08
9.42869e-08
9.35373e-08
9.31978e-08
9.31596e-08
9.33452e-08
9.37008e-08
9.41907e-08
9.4792e-08
9.54902e-08
9.62761e-08
9.71428e-08
9.80838e-08
9.90918e-08
1.00158e-07
1.0127e-07
1.02413e-07
1.03571e-07
1.04721e-07
1.0584e-07
1.06904e-07
1.07884e-07
1.08753e-07
1.09482e-07
1.10045e-07
1.10415e-07
1.1057e-07
1.10488e-07
1.10153e-07
1.09552e-07
1.08677e-07
1.07522e-07
1.06086e-07
1.04373e-07
1.02389e-07
1.00145e-07
9.76541e-08
9.49318e-08
9.19958e-08
8.88653e-08
8.55599e-08
8.20999e-08
7.85053e-08
7.47953e-08
7.09886e-08
6.71021e-08
6.31516e-08
5.91508e-08
5.51114e-08
5.10432e-08
4.69545e-08
4.28521e-08
3.87426e-08
3.46342e-08
3.05403e-08
2.64856e-08
2.25208e-08
1.87526e-08
1.54114e-08
1.29733e-08
1.21997e-08
1.36151e-08
1.69122e-08
2.14709e-08
2.68871e-08
3.29696e-08
3.96388e-08
4.68571e-08
5.46189e-08
6.28457e-08
7.16338e-08
8.00087e-08
5.2233e-08
4.64967e-08
4.85215e-08
5.98385e-08
7.92874e-08
1.0481e-07
1.34995e-07
1.68808e-07
2.0537e-07
2.43886e-07
2.83636e-07
3.23989e-07
3.64433e-07
4.04604e-07
4.44295e-07
4.83455e-07
5.22175e-07
5.6067e-07
5.99248e-07
6.38269e-07
6.781e-07
7.19064e-07
7.61366e-07
8.05076e-07
8.5011e-07
8.96382e-07
9.43237e-07
9.89718e-07
1.03516e-06
1.0785e-06
1.11872e-06
1.15484e-06
1.18592e-06
1.21118e-06
1.23e-06
1.24196e-06
1.24685e-06
1.24471e-06
1.23595e-06
1.22139e-06
1.2022e-06
1.17964e-06
1.15425e-06
1.12471e-06
1.08673e-06
1.03296e-06
9.54934e-07
8.4756e-07
7.1542e-07
5.78758e-07
4.77106e-07
4.74922e-07
6.5323e-07
1.06084e-06
1.68959e-06
2.49126e-06
3.47443e-06
4.61515e-06
5.57285e-06
5.92007e-06
5.62392e-06
4.98969e-06
4.32494e-06
3.79635e-06
3.45447e-06
3.28047e-06
3.22399e-06
3.21358e-06
3.18129e-06
3.10782e-06
2.9701e-06
2.80193e-06
2.70724e-06
2.75852e-06
2.91751e-06
3.07923e-06
3.16215e-06
3.13628e-06
3.00917e-06
2.80618e-06
2.55675e-06
2.28708e-06
2.01712e-06
1.7603e-06
1.52446e-06
1.31322e-06
1.12731e-06
9.65677e-07
8.26293e-07
7.06732e-07
6.04508e-07
5.17286e-07
4.4298e-07
3.79794e-07
3.26225e-07
2.81041e-07
2.43243e-07
2.12029e-07
1.86741e-07
1.66805e-07
1.51668e-07
1.40746e-07
1.33395e-07
1.28931e-07
1.26677e-07
1.26017e-07
1.26439e-07
1.27544e-07
1.29038e-07
1.30719e-07
1.32453e-07
1.34159e-07
1.35789e-07
1.37324e-07
1.38756e-07
1.40091e-07
1.41335e-07
1.42501e-07
1.43596e-07
1.44627e-07
1.45598e-07
1.46507e-07
1.47349e-07
1.48116e-07
1.48796e-07
1.49372e-07
1.49827e-07
1.50138e-07
1.50284e-07
1.50242e-07
1.49988e-07
1.49502e-07
1.48767e-07
1.47764e-07
1.46482e-07
1.44911e-07
1.43048e-07
1.4089e-07
1.38441e-07
1.35708e-07
1.327e-07
1.29432e-07
1.25919e-07
1.22179e-07
1.18233e-07
1.14103e-07
1.09812e-07
1.05383e-07
1.00838e-07
9.62012e-08
9.14934e-08
8.67355e-08
8.19468e-08
7.71447e-08
7.23451e-08
6.75617e-08
6.28061e-08
5.80882e-08
5.34166e-08
4.8799e-08
4.42438e-08
3.97624e-08
3.53733e-08
3.11091e-08
2.70304e-08
2.32511e-08
1.99831e-08
1.75939e-08
1.65974e-08
1.74078e-08
2.00059e-08
2.40328e-08
2.91274e-08
3.50607e-08
4.17157e-08
4.90313e-08
5.69935e-08
6.55128e-08
7.46893e-08
8.34341e-08
6.22667e-08
6.03279e-08
6.45523e-08
7.50283e-08
9.14798e-08
1.13008e-07
1.38709e-07
1.6771e-07
1.99215e-07
2.32508e-07
2.66944e-07
3.01966e-07
3.37123e-07
3.72097e-07
4.06716e-07
4.40959e-07
4.74948e-07
5.08931e-07
5.43253e-07
5.78317e-07
6.14541e-07
6.52285e-07
6.91808e-07
7.33222e-07
7.76575e-07
8.21647e-07
8.67637e-07
9.13905e-07
9.59535e-07
1.0035e-06
1.04474e-06
1.0822e-06
1.11489e-06
1.14199e-06
1.16286e-06
1.17712e-06
1.18473e-06
1.18604e-06
1.18171e-06
1.1725e-06
1.15859e-06
1.13868e-06
1.1089e-06
1.06245e-06
9.90781e-07
8.87264e-07
7.53396e-07
6.05954e-07
4.82069e-07
4.38466e-07
5.4508e-07
8.74647e-07
1.48231e-06
2.37193e-06
3.46903e-06
4.72746e-06
6.16494e-06
7.41976e-06
7.74416e-06
6.98401e-06
5.76066e-06
4.64738e-06
3.84016e-06
3.35682e-06
3.14761e-06
3.11708e-06
3.1737e-06
3.24371e-06
3.2837e-06
3.29265e-06
3.25989e-06
3.19882e-06
3.14564e-06
3.15138e-06
3.22902e-06
3.32686e-06
3.37634e-06
3.33738e-06
3.20501e-06
2.99655e-06
2.73799e-06
2.45492e-06
2.1682e-06
1.89263e-06
1.63738e-06
1.40713e-06
1.20335e-06
1.02546e-06
8.7167e-07
7.39613e-07
6.26787e-07
5.30791e-07
4.49466e-07
3.80969e-07
3.23782e-07
2.76702e-07
2.38786e-07
2.09275e-07
1.87455e-07
1.72522e-07
1.63471e-07
1.59124e-07
1.58248e-07
1.59721e-07
1.62632e-07
1.66305e-07
1.7027e-07
1.74225e-07
1.77982e-07
1.81438e-07
1.84544e-07
1.87286e-07
1.89673e-07
1.91727e-07
1.93475e-07
1.94947e-07
1.96167e-07
1.97161e-07
1.97945e-07
1.98533e-07
1.98931e-07
1.99141e-07
1.99158e-07
1.98976e-07
1.98584e-07
1.97969e-07
1.97117e-07
1.96014e-07
1.94645e-07
1.92996e-07
1.91056e-07
1.88819e-07
1.86279e-07
1.83438e-07
1.80297e-07
1.76865e-07
1.73152e-07
1.69172e-07
1.6494e-07
1.60475e-07
1.55796e-07
1.50924e-07
1.45882e-07
1.4069e-07
1.35372e-07
1.2995e-07
1.24448e-07
1.18885e-07
1.13285e-07
1.07666e-07
1.02049e-07
9.64501e-08
9.08872e-08
8.53753e-08
7.99281e-08
7.45578e-08
6.92753e-08
6.40899e-08
5.90107e-08
5.40467e-08
4.92091e-08
4.45135e-08
3.99845e-08
3.56627e-08
3.16169e-08
2.79632e-08
2.48913e-08
2.26865e-08
2.17019e-08
2.22304e-08
2.43398e-08
2.78684e-08
3.2576e-08
3.82655e-08
4.48163e-08
5.21573e-08
6.02731e-08
6.90685e-08
7.86489e-08
8.78198e-08
7.31481e-08
7.3607e-08
7.89887e-08
8.8902e-08
1.03295e-07
1.21784e-07
1.43834e-07
1.68764e-07
1.95898e-07
2.24602e-07
2.54304e-07
2.84505e-07
3.14807e-07
3.44935e-07
3.74754e-07
4.04272e-07
4.33648e-07
4.63171e-07
4.93239e-07
5.24319e-07
5.5689e-07
5.91382e-07
6.28107e-07
6.67279e-07
7.08981e-07
7.52719e-07
7.97965e-07
8.44005e-07
8.89859e-07
9.34463e-07
9.7669e-07
1.01543e-06
1.04967e-06
1.07861e-06
1.10174e-06
1.11887e-06
1.13012e-06
1.13569e-06
1.13534e-06
1.12768e-06
1.1092e-06
1.0739e-06
1.01389e-06
9.22062e-07
7.97045e-07
6.49658e-07
5.08928e-07
4.24742e-07
4.6458e-07
7.02066e-07
1.19984e-06
1.99583e-06
3.09034e-06
4.40975e-06
5.84354e-06
7.41866e-06
8.96896e-06
9.52835e-06
8.50569e-06
6.81004e-06
5.3682e-06
4.33888e-06
3.73654e-06
3.51854e-06
3.51936e-06
3.58813e-06
3.65419e-06
3.68995e-06
3.68189e-06
3.62921e-06
3.55852e-06
3.52111e-06
3.5254e-06
3.56631e-06
3.63628e-06
3.70218e-06
3.71723e-06
3.64963e-06
3.49363e-06
3.26358e-06
2.98326e-06
2.67746e-06
2.36715e-06
2.06775e-06
1.78917e-06
1.53675e-06
1.31245e-06
1.11599e-06
9.45708e-07
7.99298e-07
6.74217e-07
5.68004e-07
4.7845e-07
4.03681e-07
3.42188e-07
2.92799e-07
2.5458e-07
2.26663e-07
2.08018e-07
1.97291e-07
1.92822e-07
1.92868e-07
1.95857e-07
2.00545e-07
2.06033e-07
2.11722e-07
2.17232e-07
2.22338e-07
2.26921e-07
2.3093e-07
2.34356e-07
2.37218e-07
2.39546e-07
2.4138e-07
2.42758e-07
2.43717e-07
2.4429e-07
2.44503e-07
2.44376e-07
2.43923e-07
2.43151e-07
2.42064e-07
2.40661e-07
2.38937e-07
2.36887e-07
2.34509e-07
2.31799e-07
2.28759e-07
2.25392e-07
2.21702e-07
2.177e-07
2.13403e-07
2.08826e-07
2.03994e-07
1.98929e-07
1.93659e-07
1.8821e-07
1.8261e-07
1.76886e-07
1.7106e-07
1.65156e-07
1.59193e-07
1.53191e-07
1.47164e-07
1.41127e-07
1.35093e-07
1.29073e-07
1.2308e-07
1.17123e-07
1.11212e-07
1.05359e-07
9.95725e-08
9.38635e-08
8.82422e-08
8.27189e-08
7.73037e-08
7.2007e-08
6.68392e-08
6.18117e-08
5.6938e-08
5.22353e-08
4.77276e-08
4.34494e-08
3.94528e-08
3.5816e-08
3.26549e-08
3.0133e-08
2.846e-08
2.78606e-08
2.85105e-08
3.04736e-08
3.36986e-08
3.8074e-08
4.34885e-08
4.98654e-08
5.71554e-08
6.53606e-08
7.43962e-08
8.4377e-08
9.4032e-08
8.44084e-08
8.62531e-08
9.20805e-08
1.01323e-07
1.13961e-07
1.29841e-07
1.48664e-07
1.69948e-07
1.9312e-07
2.17641e-07
2.43e-07
2.68744e-07
2.94506e-07
3.2004e-07
3.45242e-07
3.70152e-07
3.94962e-07
4.20013e-07
4.45766e-07
4.72767e-07
5.01592e-07
5.32764e-07
5.66732e-07
6.0382e-07
6.43906e-07
6.86607e-07
7.31455e-07
7.77592e-07
8.24008e-07
8.69575e-07
9.13117e-07
9.53522e-07
9.89833e-07
1.02132e-06
1.04744e-06
1.06769e-06
1.08123e-06
1.08629e-06
1.07955e-06
1.05585e-06
1.00871e-06
9.32408e-07
8.25819e-07
6.97623e-07
5.71263e-07
4.86777e-07
4.97809e-07
6.67895e-07
1.06066e-06
1.72002e-06
2.65864e-06
3.8579e-06
5.26188e-06
6.75394e-06
8.29292e-06
9.95447e-06
1.09962e-05
1.01669e-05
8.2762e-06
6.68458e-06
5.40023e-06
4.56341e-06
4.2695e-06
4.25886e-06
4.30339e-06
4.32872e-06
4.32433e-06
4.28907e-06
4.21219e-06
4.08599e-06
3.94068e-06
3.85743e-06
3.87066e-06
3.95248e-06
4.05516e-06
4.12944e-06
4.13363e-06
4.04518e-06
3.86403e-06
3.60695e-06
3.29862e-06
2.96435e-06
2.62563e-06
2.29847e-06
1.99334e-06
1.71607e-06
1.46894e-06
1.25187e-06
1.06329e-06
9.00847e-07
7.61929e-07
6.43948e-07
5.4455e-07
4.61705e-07
3.93737e-07
3.39273e-07
2.97145e-07
2.66207e-07
2.4515e-07
2.32394e-07
2.26145e-07
2.246e-07
2.26165e-07
2.29574e-07
2.33903e-07
2.3852e-07
2.43018e-07
2.47149e-07
2.50771e-07
2.53817e-07
2.56262e-07
2.58111e-07
2.59384e-07
2.60107e-07
2.6031e-07
2.60019e-07
2.59259e-07
2.58048e-07
2.56404e-07
2.54336e-07
2.51853e-07
2.48961e-07
2.45666e-07
2.41974e-07
2.37893e-07
2.33437e-07
2.28625e-07
2.23483e-07
2.18049e-07
2.12359e-07
2.06458e-07
2.00397e-07
1.94225e-07
1.87993e-07
1.81749e-07
1.7554e-07
1.69404e-07
1.63373e-07
1.5747e-07
1.5171e-07
1.46098e-07
1.40633e-07
1.35307e-07
1.30107e-07
1.25017e-07
1.2002e-07
1.15102e-07
1.10248e-07
1.05445e-07
1.00687e-07
9.59688e-08
9.12899e-08
8.6654e-08
8.20681e-08
7.75425e-08
7.30903e-08
6.87273e-08
6.44721e-08
6.03467e-08
5.63771e-08
5.25955e-08
4.90417e-08
4.5767e-08
4.28364e-08
4.03327e-08
3.83572e-08
3.70266e-08
3.64628e-08
3.67762e-08
3.80475e-08
4.03184e-08
4.35964e-08
4.7871e-08
5.31294e-08
5.93731e-08
6.66092e-08
7.48849e-08
8.41572e-08
9.45442e-08
1.04794e-07
9.69496e-08
9.99104e-08
1.06097e-07
1.14905e-07
1.26303e-07
1.40228e-07
1.56465e-07
1.74672e-07
1.94408e-07
2.15197e-07
2.36617e-07
2.58277e-07
2.79843e-07
3.0109e-07
3.21915e-07
3.42379e-07
3.62712e-07
3.83304e-07
4.04682e-07
4.27478e-07
4.52369e-07
4.80021e-07
5.11023e-07
5.45654e-07
5.83862e-07
6.25432e-07
6.69759e-07
7.1598e-07
7.63046e-07
8.09782e-07
8.54968e-07
8.97395e-07
9.35851e-07
9.68999e-07
9.95137e-07
1.01185e-06
1.01569e-06
1.00217e-06
9.66459e-07
9.05157e-07
8.19456e-07
7.19227e-07
6.26729e-07
5.77341e-07
6.15734e-07
7.92119e-07
1.15681e-06
1.74453e-06
2.56246e-06
3.58932e-06
4.78139e-06
6.08812e-06
7.44635e-06
8.78815e-06
1.02467e-05
1.16756e-05
1.15598e-05
9.80937e-06
8.34551e-06
6.93955e-06
5.67867e-06
5.05355e-06
4.88383e-06
4.83608e-06
4.79781e-06
4.76486e-06
4.73389e-06
4.68585e-06
4.60695e-06
4.48409e-06
4.32206e-06
4.20621e-06
4.20707e-06
4.31231e-06
4.45306e-06
4.55668e-06
4.5723e-06
4.47961e-06
4.28345e-06
4.00473e-06
3.67092e-06
3.30916e-06
2.94225e-06
2.58716e-06
2.25511e-06
1.95246e-06
1.68189e-06
1.4435e-06
1.2358e-06
1.05638e-06
9.02455e-07
7.71213e-07
6.59992e-07
5.66394e-07
4.88312e-07
4.23914e-07
3.7159e-07
3.29885e-07
2.97427e-07
2.72866e-07
2.54856e-07
2.42085e-07
2.33324e-07
2.27496e-07
2.23705e-07
2.21249e-07
2.19601e-07
2.18377e-07
2.17308e-07
2.16212e-07
2.14962e-07
2.13475e-07
2.11697e-07
2.0959e-07
2.07129e-07
2.04297e-07
2.01081e-07
1.97472e-07
1.93465e-07
1.89062e-07
1.84268e-07
1.79096e-07
1.73568e-07
1.67717e-07
1.61583e-07
1.55222e-07
1.48701e-07
1.421e-07
1.35517e-07
1.29077e-07
1.2289e-07
1.17073e-07
1.11737e-07
1.06977e-07
1.02865e-07
9.94352e-08
9.66868e-08
9.45774e-08
9.30297e-08
9.19397e-08
9.11883e-08
9.06528e-08
9.02173e-08
8.97793e-08
8.92545e-08
8.8578e-08
8.77044e-08
8.6606e-08
8.52707e-08
8.37001e-08
8.19066e-08
7.9912e-08
7.7745e-08
7.54401e-08
7.30359e-08
7.05741e-08
6.80984e-08
6.56547e-08
6.32902e-08
6.10543e-08
5.89981e-08
5.71753e-08
5.56418e-08
5.4456e-08
5.36774e-08
5.33665e-08
5.35826e-08
5.43827e-08
5.58211e-08
5.79489e-08
6.08157e-08
6.44719e-08
6.89717e-08
7.4375e-08
8.07535e-08
8.81793e-08
9.67554e-08
1.06519e-07
1.17531e-07
1.28844e-07
1.07351e-07
1.10658e-07
1.16569e-07
1.24518e-07
1.34587e-07
1.46825e-07
1.61007e-07
1.76722e-07
1.93552e-07
2.11077e-07
2.28897e-07
2.46659e-07
2.64082e-07
2.81003e-07
2.97354e-07
3.13197e-07
3.28812e-07
3.44667e-07
3.61383e-07
3.79737e-07
4.00594e-07
4.24799e-07
4.52979e-07
4.85476e-07
5.22411e-07
5.63495e-07
6.08065e-07
6.55159e-07
7.03538e-07
7.51703e-07
7.97885e-07
8.39977e-07
8.75419e-07
9.011e-07
9.13391e-07
9.08494e-07
8.83375e-07
8.37474e-07
7.75247e-07
7.09128e-07
6.61777e-07
6.65915e-07
7.61773e-07
9.94033e-07
1.40416e-06
2.01625e-06
2.82594e-06
3.79788e-06
4.87127e-06
5.97242e-06
7.03694e-06
8.03854e-06
8.97731e-06
9.95542e-06
1.12671e-05
1.20431e-05
1.08326e-05
9.61356e-06
8.62162e-06
7.13013e-06
5.89836e-06
5.30717e-06
5.09622e-06
5.00051e-06
4.94677e-06
4.92932e-06
4.92575e-06
4.90696e-06
4.87226e-06
4.79717e-06
4.66325e-06
4.54868e-06
4.54254e-06
4.65748e-06
4.82347e-06
4.95687e-06
4.99393e-06
4.91066e-06
4.71252e-06
4.42335e-06
4.07312e-06
3.69113e-06
3.30179e-06
2.92334e-06
2.56795e-06
2.24273e-06
1.95088e-06
1.69281e-06
1.46714e-06
1.27144e-06
1.10276e-06
9.58027e-07
8.34237e-07
7.28584e-07
6.38519e-07
5.61759e-07
4.96288e-07
4.40339e-07
3.92376e-07
3.51078e-07
3.15321e-07
2.84155e-07
2.56793e-07
2.32593e-07
2.11032e-07
1.91689e-07
1.74226e-07
1.58368e-07
1.43894e-07
1.30618e-07
1.18387e-07
1.07069e-07
9.65555e-08
8.67564e-08
7.76077e-08
6.90772e-08
6.11787e-08
5.3993e-08
4.76989e-08
4.26052e-08
3.91521e-08
3.78086e-08
3.88395e-08
4.21218e-08
4.72266e-08
5.36508e-08
6.09641e-08
6.88382e-08
7.70152e-08
8.52961e-08
9.35247e-08
1.01555e-07
1.0926e-07
1.16534e-07
1.23284e-07
1.29433e-07
1.3492e-07
1.39697e-07
1.43733e-07
1.47012e-07
1.4953e-07
1.51298e-07
1.52339e-07
1.52689e-07
1.5239e-07
1.51497e-07
1.50067e-07
1.48165e-07
1.45857e-07
1.43212e-07
1.40299e-07
1.37185e-07
1.33938e-07
1.30622e-07
1.27299e-07
1.24029e-07
1.20867e-07
1.17866e-07
1.15076e-07
1.12543e-07
1.10312e-07
1.08424e-07
1.06921e-07
1.05842e-07
1.05227e-07
1.05117e-07
1.05554e-07
1.06583e-07
1.08254e-07
1.10624e-07
1.13756e-07
1.17723e-07
1.22611e-07
1.28519e-07
1.3556e-07
1.43859e-07
1.5356e-07
1.64814e-07
1.77497e-07
1.91526e-07
1.27793e-07
1.31512e-07
1.37031e-07
1.43666e-07
1.51614e-07
1.61296e-07
1.72792e-07
1.85815e-07
1.99913e-07
2.14638e-07
2.29539e-07
2.44208e-07
2.58285e-07
2.71505e-07
2.83817e-07
2.95321e-07
3.06252e-07
3.17091e-07
3.28593e-07
3.41704e-07
3.57516e-07
3.7706e-07
4.01203e-07
4.30531e-07
4.65137e-07
5.04547e-07
5.47771e-07
5.93284e-07
6.39044e-07
6.82511e-07
7.20694e-07
7.50299e-07
7.68077e-07
7.71491e-07
7.59823e-07
7.35738e-07
7.07169e-07
6.89053e-07
7.04165e-07
7.82716e-07
9.61102e-07
1.27844e-06
1.76828e-06
2.44761e-06
3.30789e-06
4.31075e-06
5.38948e-06
6.45631e-06
7.41452e-06
8.17885e-06
8.71426e-06
9.06531e-06
9.3593e-06
9.98492e-06
1.11136e-05
1.0887e-05
9.68643e-06
9.43028e-06
8.53342e-06
7.03574e-06
5.8232e-06
5.23314e-06
5.0535e-06
5.01464e-06
5.01774e-06
5.04578e-06
5.07253e-06
5.09131e-06
5.11331e-06
5.08605e-06
4.9852e-06
4.88443e-06
4.87758e-06
4.98434e-06
5.15764e-06
5.31338e-06
5.37248e-06
5.30439e-06
5.11452e-06
4.82715e-06
4.47244e-06
4.08127e-06
3.67938e-06
3.28618e-06
2.91487e-06
2.57345e-06
2.26577e-06
1.99271e-06
1.75318e-06
1.54484e-06
1.36474e-06
1.2097e-06
1.07658e-06
9.62441e-07
8.64609e-07
7.80738e-07
7.08811e-07
6.47133e-07
5.94308e-07
5.49205e-07
5.10903e-07
4.78653e-07
4.51836e-07
4.29916e-07
4.12404e-07
3.98831e-07
3.88739e-07
3.81674e-07
3.77195e-07
3.74884e-07
3.74352e-07
3.75259e-07
3.77305e-07
3.80239e-07
3.83855e-07
3.87983e-07
3.92488e-07
3.97258e-07
4.02201e-07
4.07238e-07
4.12298e-07
4.17312e-07
4.22213e-07
4.26932e-07
4.31394e-07
4.35523e-07
4.39241e-07
4.42472e-07
4.45146e-07
4.47201e-07
4.48565e-07
4.49188e-07
4.49029e-07
4.48055e-07
4.46243e-07
4.43584e-07
4.40084e-07
4.35759e-07
4.30643e-07
4.2478e-07
4.18224e-07
4.11042e-07
4.03307e-07
3.95097e-07
3.86496e-07
3.77592e-07
3.68472e-07
3.59223e-07
3.4993e-07
3.40675e-07
3.31535e-07
3.22581e-07
3.13882e-07
3.05497e-07
2.97485e-07
2.89893e-07
2.82769e-07
2.76152e-07
2.70079e-07
2.64583e-07
2.59694e-07
2.55441e-07
2.51855e-07
2.48964e-07
2.46802e-07
2.45403e-07
2.44811e-07
2.45074e-07
2.46251e-07
2.48412e-07
2.51643e-07
2.56048e-07
2.6175e-07
2.68899e-07
2.77672e-07
2.88266e-07
3.00908e-07
3.15879e-07
3.3295e-07
3.53117e-07
1.33339e-07
1.38361e-07
1.45461e-07
1.5362e-07
1.62242e-07
1.71298e-07
1.8099e-07
1.91437e-07
2.02512e-07
2.1389e-07
2.25182e-07
2.36018e-07
2.46073e-07
2.55035e-07
2.62756e-07
2.69334e-07
2.74991e-07
2.8021e-07
2.85811e-07
2.92848e-07
3.02531e-07
3.16089e-07
3.3455e-07
3.58411e-07
3.87439e-07
4.2067e-07
4.56473e-07
4.92712e-07
5.27013e-07
5.57132e-07
5.81496e-07
5.99977e-07
6.14885e-07
6.32111e-07
6.62202e-07
7.21111e-07
8.30479e-07
1.01725e-06
1.31181e-06
1.74369e-06
2.33504e-06
3.09359e-06
4.00675e-06
5.0383e-06
6.12871e-06
7.19914e-06
8.15823e-06
8.90956e-06
9.3628e-06
9.4631e-06
9.23702e-06
8.80936e-06
8.49757e-06
8.98167e-06
9.58582e-06
8.50169e-06
8.29529e-06
8.65654e-06
7.92673e-06
6.5727e-06
5.46976e-06
4.94819e-06
4.85398e-06
4.91307e-06
5.00677e-06
5.10961e-06
5.20924e-06
5.29957e-06
5.36443e-06
5.3492e-06
5.25756e-06
5.16681e-06
5.1583e-06
5.26383e-06
5.45229e-06
5.61544e-06
5.68049e-06
5.63221e-06
5.45984e-06
5.18433e-06
4.83686e-06
4.44885e-06
4.0463e-06
3.64949e-06
3.27252e-06
2.9243e-06
2.60951e-06
2.32967e-06
2.0842e-06
1.8711e-06
1.68767e-06
1.53095e-06
1.39797e-06
1.28596e-06
1.19244e-06
1.11519e-06
1.0523e-06
1.00207e-06
9.63007e-07
9.33718e-07
9.12891e-07
8.9927e-07
8.91669e-07
8.88973e-07
8.90151e-07
8.9428e-07
9.00556e-07
9.08292e-07
9.16922e-07
9.25985e-07
9.3512e-07
9.44054e-07
9.52581e-07
9.60553e-07
9.67866e-07
9.74451e-07
9.80261e-07
9.85265e-07
9.89442e-07
9.92773e-07
9.95242e-07
9.96829e-07
9.97514e-07
9.97271e-07
9.96075e-07
9.93898e-07
9.90713e-07
9.86496e-07
9.81224e-07
9.74884e-07
9.67483e-07
9.59041e-07
9.49579e-07
9.39134e-07
9.27754e-07
9.15502e-07
9.02445e-07
8.88665e-07
8.7425e-07
8.59296e-07
8.43902e-07
8.28171e-07
8.12207e-07
7.96114e-07
7.79993e-07
7.63943e-07
7.48061e-07
7.32437e-07
7.17155e-07
7.02294e-07
6.87925e-07
6.74112e-07
6.60912e-07
6.48376e-07
6.36548e-07
6.25467e-07
6.1517e-07
6.05686e-07
5.97044e-07
5.8927e-07
5.8239e-07
5.76431e-07
5.71424e-07
5.67401e-07
5.64402e-07
5.62474e-07
5.61675e-07
5.62075e-07
5.63758e-07
5.66832e-07
5.71425e-07
5.77697e-07
5.85843e-07
5.96097e-07
6.08758e-07
6.2413e-07
6.42684e-07
6.64595e-07
6.90727e-07
7.20159e-07
1.78822e-07
1.81265e-07
1.85466e-07
1.93078e-07
2.03616e-07
2.15602e-07
2.27815e-07
2.39691e-07
2.50957e-07
2.61314e-07
2.70394e-07
2.77816e-07
2.83288e-07
2.86615e-07
2.87591e-07
2.86125e-07
2.82391e-07
2.76759e-07
2.69851e-07
2.6267e-07
2.56623e-07
2.53512e-07
2.55252e-07
2.63496e-07
2.7927e-07
3.02843e-07
3.34048e-07
3.72914e-07
4.20396e-07
4.79086e-07
5.53869e-07
6.52501e-07
7.86047e-07
9.69044e-07
1.21922e-06
1.55645e-06
2.00071e-06
2.56879e-06
3.2701e-06
4.10212e-06
5.04664e-06
6.06785e-06
7.1133e-06
8.11758e-06
9.0079e-06
9.70993e-06
1.01514e-05
1.02644e-05
9.99779e-06
9.35462e-06
8.40996e-06
7.36129e-06
6.75899e-06
7.05354e-06
6.43832e-06
5.3742e-06
6.2281e-06
7.21272e-06
6.91764e-06
5.84976e-06
4.9329e-06
4.55301e-06
4.56507e-06
4.73342e-06
4.94041e-06
5.15212e-06
5.34557e-06
5.48796e-06
5.55925e-06
5.53771e-06
5.45062e-06
5.36959e-06
5.36496e-06
5.47876e-06
5.66997e-06
5.84324e-06
5.92873e-06
5.8858e-06
5.72147e-06
5.46828e-06
5.13961e-06
4.76652e-06
4.37573e-06
3.9876e-06
3.61696e-06
3.27379e-06
2.96365e-06
2.68898e-06
2.44997e-06
2.24522e-06
2.07248e-06
1.92913e-06
1.81243e-06
1.71966e-06
1.64819e-06
1.59545e-06
1.55898e-06
1.53637e-06
1.52538e-06
1.5238e-06
1.52961e-06
1.54096e-06
1.55624e-06
1.57406e-06
1.59324e-06
1.61286e-06
1.63217e-06
1.65061e-06
1.66778e-06
1.68338e-06
1.69723e-06
1.70924e-06
1.71937e-06
1.72761e-06
1.73401e-06
1.73863e-06
1.74152e-06
1.74277e-06
1.74244e-06
1.74061e-06
1.73734e-06
1.73269e-06
1.72673e-06
1.71949e-06
1.71103e-06
1.70139e-06
1.69063e-06
1.67879e-06
1.66593e-06
1.65211e-06
1.63739e-06
1.62183e-06
1.60552e-06
1.58853e-06
1.57095e-06
1.55288e-06
1.53442e-06
1.51565e-06
1.49669e-06
1.47763e-06
1.45856e-06
1.43959e-06
1.42079e-06
1.40226e-06
1.38407e-06
1.36631e-06
1.34904e-06
1.33233e-06
1.31623e-06
1.3008e-06
1.28607e-06
1.27211e-06
1.25892e-06
1.24656e-06
1.23505e-06
1.22442e-06
1.21468e-06
1.20588e-06
1.19802e-06
1.19115e-06
1.18529e-06
1.18048e-06
1.17675e-06
1.17416e-06
1.17277e-06
1.17266e-06
1.17389e-06
1.17659e-06
1.18088e-06
1.18691e-06
1.19487e-06
1.20499e-06
1.21756e-06
1.2329e-06
1.25147e-06
1.27366e-06
1.30048e-06
1.33111e-06
1.37127e-06
1.40717e-06
3.26302e-07
3.42532e-07
3.49252e-07
3.51675e-07
3.54759e-07
3.59839e-07
3.65699e-07
3.70886e-07
3.74497e-07
3.76006e-07
3.75015e-07
3.71182e-07
3.64234e-07
3.54039e-07
3.40557e-07
3.23844e-07
3.042e-07
2.82278e-07
2.59382e-07
2.38121e-07
2.23309e-07
2.22385e-07
2.43382e-07
2.90852e-07
3.65197e-07
4.65982e-07
5.94322e-07
7.53411e-07
9.48373e-07
1.18605e-06
1.47478e-06
1.82407e-06
2.24408e-06
2.74476e-06
3.33451e-06
4.01817e-06
4.79451e-06
5.65331e-06
6.57291e-06
7.51879e-06
8.44434e-06
9.29398e-06
1.00088e-05
1.0533e-05
1.08198e-05
1.08336e-05
1.05477e-05
9.94514e-06
9.0387e-06
7.87523e-06
6.5381e-06
5.22401e-06
4.48408e-06
3.97173e-06
2.31691e-06
2.02679e-06
3.91081e-06
6.12345e-06
6.62515e-06
5.58358e-06
4.41038e-06
4.00661e-06
4.14919e-06
4.43781e-06
4.72244e-06
4.97696e-06
5.19602e-06
5.36073e-06
5.45027e-06
5.45085e-06
5.40136e-06
5.36617e-06
5.40738e-06
5.5534e-06
5.76056e-06
5.95679e-06
6.07113e-06
6.05544e-06
5.91386e-06
5.66726e-06
5.36085e-06
5.0147e-06
4.64762e-06
4.28073e-06
3.92976e-06
3.60604e-06
3.31592e-06
3.06299e-06
2.84836e-06
2.67107e-06
2.52906e-06
2.41958e-06
2.33942e-06
2.28508e-06
2.25292e-06
2.23929e-06
2.24061e-06
2.25352e-06
2.27511e-06
2.30268e-06
2.3339e-06
2.36688e-06
2.40013e-06
2.43247e-06
2.46302e-06
2.49118e-06
2.51655e-06
2.53891e-06
2.55818e-06
2.57436e-06
2.58753e-06
2.59784e-06
2.60544e-06
2.61053e-06
2.61329e-06
2.61392e-06
2.6126e-06
2.6095e-06
2.6048e-06
2.59864e-06
2.59116e-06
2.58249e-06
2.57275e-06
2.56204e-06
2.55045e-06
2.53809e-06
2.52504e-06
2.51138e-06
2.4972e-06
2.48258e-06
2.46759e-06
2.45231e-06
2.43681e-06
2.42118e-06
2.40547e-06
2.38975e-06
2.37411e-06
2.35859e-06
2.34327e-06
2.32819e-06
2.31341e-06
2.29898e-06
2.28495e-06
2.27135e-06
2.25823e-06
2.24561e-06
2.23353e-06
2.22201e-06
2.21108e-06
2.20076e-06
2.19108e-06
2.18204e-06
2.17368e-06
2.166e-06
2.15903e-06
2.15278e-06
2.14729e-06
2.14257e-06
2.13867e-06
2.13561e-06
2.13344e-06
2.1322e-06
2.13196e-06
2.13278e-06
2.13475e-06
2.13796e-06
2.14252e-06
2.14857e-06
2.15627e-06
2.16582e-06
2.17743e-06
2.19138e-06
2.20803e-06
2.22774e-06
2.25114e-06
2.27849e-06
2.31184e-06
2.34768e-06
2.4035e-06
2.43265e-06
4.36155e-07
4.23847e-07
4.00679e-07
3.59152e-07
3.05288e-07
2.48619e-07
1.97377e-07
1.62711e-07
1.60551e-07
1.94432e-07
2.51525e-07
3.21453e-07
3.9963e-07
4.84367e-07
5.7534e-07
6.72976e-07
7.78173e-07
8.92245e-07
1.01693e-06
1.15439e-06
1.30715e-06
1.47815e-06
1.67069e-06
1.88843e-06
2.13532e-06
2.41562e-06
2.73376e-06
3.09432e-06
3.5019e-06
3.96092e-06
4.47526e-06
5.04779e-06
5.67938e-06
6.36766e-06
7.10532e-06
7.87824e-06
8.66385e-06
9.43029e-06
1.01371e-05
1.07376e-05
1.11833e-05
1.14297e-05
1.14423e-05
1.12029e-05
1.07125e-05
9.98896e-06
9.06274e-06
7.98197e-06
6.8116e-06
5.58607e-06
4.25799e-06
2.90385e-06
1.76393e-06
4.39364e-07
1.04742e-06
2.07317e-07
2.2979e-06
6.36107e-06
8.55957e-06
7.83114e-06
5.6638e-06
3.91003e-06
3.46053e-06
3.78579e-06
4.19355e-06
4.48247e-06
4.67161e-06
4.80934e-06
4.90469e-06
4.95277e-06
4.98866e-06
5.06493e-06
5.21643e-06
5.44159e-06
5.69294e-06
5.91359e-06
6.05844e-06
6.09234e-06
5.99858e-06
5.78935e-06
5.50763e-06
5.18898e-06
4.86141e-06
4.53111e-06
4.2137e-06
3.92563e-06
3.67348e-06
3.46261e-06
3.29447e-06
3.16746e-06
3.07838e-06
3.02298e-06
2.99633e-06
2.99326e-06
3.0087e-06
3.03791e-06
3.07662e-06
3.12115e-06
3.16877e-06
3.21705e-06
3.26419e-06
3.30892e-06
3.35037e-06
3.38796e-06
3.42141e-06
3.45066e-06
3.4758e-06
3.49705e-06
3.5146e-06
3.52876e-06
3.53989e-06
3.54829e-06
3.55425e-06
3.55807e-06
3.56001e-06
3.56032e-06
3.55924e-06
3.55695e-06
3.55364e-06
3.54947e-06
3.54457e-06
3.53907e-06
3.53307e-06
3.52666e-06
3.51992e-06
3.51292e-06
3.50572e-06
3.49838e-06
3.49095e-06
3.48346e-06
3.47596e-06
3.46848e-06
3.46106e-06
3.45372e-06
3.44649e-06
3.43939e-06
3.43245e-06
3.42569e-06
3.41912e-06
3.41276e-06
3.40662e-06
3.40072e-06
3.39508e-06
3.38968e-06
3.38455e-06
3.37969e-06
3.37512e-06
3.37084e-06
3.36687e-06
3.36322e-06
3.35989e-06
3.35692e-06
3.35429e-06
3.35205e-06
3.3502e-06
3.34878e-06
3.3478e-06
3.34731e-06
3.34733e-06
3.34792e-06
3.34911e-06
3.35096e-06
3.35354e-06
3.35692e-06
3.36118e-06
3.36642e-06
3.37276e-06
3.38032e-06
3.38926e-06
3.39976e-06
3.41204e-06
3.42634e-06
3.44299e-06
3.46232e-06
3.48501e-06
3.51097e-06
3.54365e-06
3.57477e-06
3.6421e-06
3.64314e-06
1.73706e-06
1.97405e-06
2.23032e-06
2.48719e-06
2.73366e-06
2.97086e-06
3.19978e-06
3.41958e-06
3.63e-06
3.83177e-06
4.02595e-06
4.21356e-06
4.39568e-06
4.57357e-06
4.7486e-06
4.92226e-06
5.09621e-06
5.27229e-06
5.45258e-06
5.63943e-06
5.83549e-06
6.04376e-06
6.26759e-06
6.51071e-06
6.77714e-06
7.07114e-06
7.39697e-06
7.75856e-06
8.15901e-06
8.59976e-06
9.07959e-06
9.59324e-06
1.013e-05
1.06726e-05
1.11962e-05
1.16688e-05
1.20527e-05
1.23076e-05
1.23947e-05
1.22816e-05
1.19466e-05
1.13826e-05
1.05994e-05
9.62717e-06
8.51782e-06
7.34084e-06
6.17833e-06
5.11166e-06
4.16306e-06
3.1973e-06
1.99969e-06
5.68096e-07
1.0282e-06
2.93972e-06
3.55732e-06
2.21148e-06
1.55241e-06
5.67424e-06
1.01392e-05
1.19423e-05
1.05359e-05
7.60513e-06
4.75254e-06
3.09569e-06
2.89495e-06
3.29776e-06
3.65825e-06
3.87023e-06
3.99963e-06
4.14865e-06
4.35762e-06
4.61548e-06
4.92153e-06
5.25512e-06
5.57432e-06
5.83271e-06
5.99551e-06
6.04771e-06
5.99537e-06
5.84182e-06
5.5968e-06
5.30389e-06
5.00019e-06
4.71403e-06
4.44906e-06
4.2231e-06
4.03617e-06
3.89697e-06
3.80499e-06
3.75536e-06
3.74171e-06
3.75687e-06
3.79365e-06
3.84545e-06
3.90657e-06
3.97234e-06
4.03897e-06
4.10374e-06
4.1651e-06
4.22172e-06
4.27317e-06
4.31936e-06
4.36032e-06
4.39627e-06
4.4276e-06
4.4547e-06
4.47801e-06
4.49792e-06
4.51475e-06
4.52904e-06
4.54115e-06
4.55141e-06
4.56012e-06
4.56757e-06
4.57396e-06
4.5795e-06
4.58433e-06
4.58857e-06
4.59234e-06
4.59571e-06
4.59875e-06
4.60152e-06
4.60405e-06
4.60637e-06
4.60851e-06
4.61048e-06
4.61229e-06
4.61397e-06
4.61551e-06
4.61692e-06
4.6182e-06
4.61937e-06
4.62043e-06
4.62138e-06
4.62222e-06
4.62297e-06
4.62363e-06
4.6242e-06
4.62469e-06
4.6251e-06
4.62546e-06
4.62575e-06
4.626e-06
4.62621e-06
4.62637e-06
4.6265e-06
4.62659e-06
4.62666e-06
4.62671e-06
4.62677e-06
4.62685e-06
4.62698e-06
4.62716e-06
4.62742e-06
4.62777e-06
4.62823e-06
4.62882e-06
4.62957e-06
4.6305e-06
4.63164e-06
4.63302e-06
4.63467e-06
4.63662e-06
4.63893e-06
4.64164e-06
4.6448e-06
4.64848e-06
4.65274e-06
4.65768e-06
4.66338e-06
4.66997e-06
4.67758e-06
4.68641e-06
4.69658e-06
4.70875e-06
4.72197e-06
4.74181e-06
4.75168e-06
4.82033e-06
4.76161e-06
9.43007e-06
9.58057e-06
9.70958e-06
9.8096e-06
9.88908e-06
9.95971e-06
1.00248e-05
1.00845e-05
1.01402e-05
1.01934e-05
1.02458e-05
1.02986e-05
1.03535e-05
1.04122e-05
1.04766e-05
1.05485e-05
1.06301e-05
1.07235e-05
1.08309e-05
1.09547e-05
1.1097e-05
1.126e-05
1.14456e-05
1.16552e-05
1.18897e-05
1.21485e-05
1.24296e-05
1.27283e-05
1.30368e-05
1.33431e-05
1.36305e-05
1.38772e-05
1.40565e-05
1.41385e-05
1.4092e-05
1.38877e-05
1.35024e-05
1.29222e-05
1.21461e-05
1.11878e-05
1.00754e-05
8.84971e-06
7.56282e-06
6.27786e-06
5.06785e-06
4.00593e-06
3.14543e-06
2.48584e-06
1.92726e-06
1.25247e-06
3.21553e-07
1.32285e-06
3.15611e-06
4.58676e-06
4.6217e-06
3.17187e-06
8.55714e-07
2.50784e-06
6.86982e-06
1.16738e-05
1.46372e-05
1.47162e-05
1.27182e-05
9.76384e-06
6.71847e-06
4.09211e-06
2.05898e-06
5.89594e-07
3.58056e-07
1.34035e-06
2.20007e-06
2.97147e-06
3.66482e-06
4.27236e-06
4.77488e-06
5.15287e-06
5.39553e-06
5.50468e-06
5.49678e-06
5.3992e-06
5.23328e-06
5.01871e-06
4.79163e-06
4.58641e-06
4.4278e-06
4.32928e-06
4.2727e-06
4.26687e-06
4.30079e-06
4.363e-06
4.4435e-06
4.53361e-06
4.62649e-06
4.71714e-06
4.80223e-06
4.87973e-06
4.94882e-06
5.01065e-06
5.06428e-06
5.11005e-06
5.1491e-06
5.1823e-06
5.21054e-06
5.23468e-06
5.25554e-06
5.2738e-06
5.29002e-06
5.30458e-06
5.31803e-06
5.33064e-06
5.34254e-06
5.35389e-06
5.36479e-06
5.3753e-06
5.38547e-06
5.39535e-06
5.40494e-06
5.41427e-06
5.42332e-06
5.43209e-06
5.44057e-06
5.44875e-06
5.45661e-06
5.46415e-06
5.47134e-06
5.47819e-06
5.48469e-06
5.49084e-06
5.49664e-06
5.50209e-06
5.5072e-06
5.51197e-06
5.51642e-06
5.52054e-06
5.52436e-06
5.52787e-06
5.5311e-06
5.53406e-06
5.53675e-06
5.53919e-06
5.54139e-06
5.54336e-06
5.54512e-06
5.54667e-06
5.54807e-06
5.54933e-06
5.55044e-06
5.5514e-06
5.55223e-06
5.55294e-06
5.55351e-06
5.55397e-06
5.5543e-06
5.55453e-06
5.55464e-06
5.55466e-06
5.55457e-06
5.55438e-06
5.55409e-06
5.5537e-06
5.55321e-06
5.5526e-06
5.55189e-06
5.55105e-06
5.55009e-06
5.54898e-06
5.54771e-06
5.54626e-06
5.5446e-06
5.54272e-06
5.54058e-06
5.53813e-06
5.53536e-06
5.53211e-06
5.52883e-06
5.52371e-06
5.52322e-06
5.50445e-06
5.55202e-06
5.45807e-06
3.93047e-05
3.88686e-05
3.85286e-05
3.82021e-05
3.78936e-05
3.76023e-05
3.7325e-05
3.70618e-05
3.68142e-05
3.65823e-05
3.63651e-05
3.61609e-05
3.59672e-05
3.57807e-05
3.55971e-05
3.5411e-05
3.52157e-05
3.50039e-05
3.47669e-05
3.44949e-05
3.41772e-05
3.38022e-05
3.33572e-05
3.28291e-05
3.2204e-05
3.14681e-05
3.06078e-05
2.96106e-05
2.84662e-05
2.71672e-05
2.57108e-05
2.41006e-05
2.23472e-05
2.04702e-05
1.84981e-05
1.64677e-05
1.44232e-05
1.2413e-05
1.04867e-05
8.69161e-06
7.06796e-06
5.64582e-06
4.44338e-06
3.46722e-06
2.70577e-06
2.12034e-06
1.64495e-06
1.20817e-06
7.60826e-07
2.42674e-07
4.39489e-07
1.67447e-06
3.62602e-06
5.9652e-06
8.1754e-06
9.80195e-06
1.04827e-05
1.00843e-05
8.51471e-06
6.03631e-06
6.18964e-06
1.09895e-05
1.68521e-05
2.20905e-05
2.63137e-05
2.94108e-05
3.14812e-05
3.26642e-05
3.30908e-05
3.29045e-05
3.221e-05
3.10194e-05
2.93562e-05
2.72714e-05
2.4831e-05
2.21176e-05
1.92266e-05
1.62592e-05
1.33152e-05
1.04867e-05
7.8581e-06
5.51683e-06
3.6088e-06
2.50316e-06
2.64466e-06
3.51467e-06
4.51015e-06
5.41928e-06
6.18686e-06
6.81084e-06
7.30384e-06
7.68282e-06
7.96563e-06
8.1693e-06
8.3093e-06
8.39956e-06
8.45218e-06
8.47527e-06
8.47733e-06
8.4663e-06
8.44728e-06
8.4241e-06
8.39974e-06
8.37643e-06
8.35571e-06
8.33858e-06
8.32563e-06
8.31718e-06
8.31323e-06
8.3135e-06
8.31767e-06
8.32538e-06
8.33616e-06
8.34952e-06
8.36495e-06
8.382e-06
8.4002e-06
8.41916e-06
8.43852e-06
8.45796e-06
8.47721e-06
8.49606e-06
8.51433e-06
8.53186e-06
8.54857e-06
8.56437e-06
8.57921e-06
8.59308e-06
8.60595e-06
8.61785e-06
8.62878e-06
8.63879e-06
8.64789e-06
8.65612e-06
8.66353e-06
8.67015e-06
8.67601e-06
8.68115e-06
8.68559e-06
8.68936e-06
8.69248e-06
8.69495e-06
8.69681e-06
8.69806e-06
8.69866e-06
8.69856e-06
8.69779e-06
8.69636e-06
8.69422e-06
8.69135e-06
8.6877e-06
8.68323e-06
8.67786e-06
8.67153e-06
8.66415e-06
8.65564e-06
8.64587e-06
8.63472e-06
8.62204e-06
8.60766e-06
8.5914e-06
8.57304e-06
8.55232e-06
8.52896e-06
8.50264e-06
8.473e-06
8.4396e-06
8.40199e-06
8.35961e-06
8.31183e-06
8.25796e-06
8.19712e-06
8.1285e-06
8.05053e-06
7.96353e-06
7.86002e-06
7.75942e-06
7.57988e-06
7.61499e-06
7.01099e-06
1.55765e-05
1.77477e-05
2.032e-05
2.27584e-05
2.50544e-05
2.7312e-05
2.95692e-05
3.18224e-05
3.40772e-05
3.63543e-05
3.86769e-05
4.10659e-05
4.35424e-05
4.61291e-05
4.88499e-05
5.17321e-05
5.48043e-05
5.80946e-05
6.16424e-05
6.54632e-05
6.96789e-05
7.40775e-05
7.96506e-05
8.30787e-05
9.45415e-05
1.06293e-05
1.03019e-05
1.02824e-05
1.04371e-05
1.06642e-05
1.09419e-05
1.12758e-05
1.16629e-05
1.20923e-05
1.25554e-05
1.30477e-05
1.35661e-05
1.41081e-05
1.4672e-05
1.52568e-05
1.58598e-05
1.64856e-05
1.71368e-05
1.78149e-05
1.85224e-05
1.92636e-05
2.00481e-05
2.08436e-05
2.21043e-05
2.07052e-05
8.85343e-06
8.60965e-06
8.5624e-06
8.62149e-06
8.72778e-06
8.88515e-06
9.10956e-06
9.40474e-06
9.7664e-06
1.01901e-05
1.06727e-05
1.12113e-05
1.18023e-05
1.24426e-05
1.31309e-05
1.38613e-05
1.4633e-05
1.5447e-05
1.63062e-05
1.72104e-05
1.81722e-05
1.91707e-05
2.0307e-05
2.1291e-05
2.33931e-05
6.26587e-06
6.01524e-06
5.88968e-06
5.84043e-06
5.8163e-06
5.82252e-06
5.87648e-06
5.98384e-06
6.14352e-06
6.35528e-06
6.6207e-06
6.94144e-06
7.31843e-06
7.75156e-06
8.24154e-06
8.79044e-06
9.39363e-06
1.00501e-05
1.07609e-05
1.15239e-05
1.23451e-05
1.32071e-05
1.41712e-05
1.51033e-05
1.6209e-05
3.73624e-06
3.54192e-06
3.41721e-06
3.35525e-06
3.31024e-06
3.27919e-06
3.27607e-06
3.30626e-06
3.36869e-06
3.46316e-06
3.59185e-06
3.75777e-06
3.9641e-06
4.21396e-06
4.51078e-06
4.86137e-06
5.26791e-06
5.73394e-06
6.26366e-06
6.85726e-06
7.52386e-06
8.24028e-06
9.09385e-06
9.80547e-06
1.10161e-05
1.8828e-06
1.76903e-06
1.67936e-06
1.6357e-06
1.60375e-06
1.57393e-06
1.55627e-06
1.55645e-06
1.57374e-06
1.60722e-06
1.65786e-06
1.72743e-06
1.81789e-06
1.93179e-06
2.07247e-06
2.24432e-06
2.45255e-06
2.7026e-06
3.00167e-06
3.35444e-06
3.77546e-06
4.24495e-06
4.86403e-06
5.3156e-06
6.36274e-06
8.71474e-07
8.32035e-07
7.88863e-07
7.75196e-07
7.71497e-07
7.65274e-07
7.61579e-07
7.6553e-07
7.77109e-07
7.95236e-07
8.19994e-07
8.52052e-07
8.92087e-07
9.41035e-07
9.99669e-07
1.06973e-06
1.15416e-06
1.25577e-06
1.37935e-06
1.52904e-06
1.7174e-06
1.93243e-06
2.26032e-06
2.45191e-06
3.10336e-06
4.56673e-07
4.67629e-07
4.63601e-07
4.75394e-07
4.96223e-07
5.14587e-07
5.31336e-07
5.50399e-07
5.72546e-07
5.97167e-07
6.24236e-07
6.5418e-07
6.87351e-07
7.24051e-07
7.64513e-07
8.08953e-07
8.58299e-07
9.13022e-07
9.74378e-07
1.04321e-06
1.12428e-06
1.21203e-06
1.34513e-06
1.43351e-06
1.62229e-06
3.21024e-07
3.54282e-07
3.71202e-07
3.94506e-07
4.24835e-07
4.53686e-07
4.79847e-07
5.0628e-07
5.34271e-07
5.63647e-07
5.94439e-07
6.27076e-07
6.61948e-07
6.99364e-07
7.39594e-07
7.82726e-07
8.29369e-07
8.7977e-07
9.34496e-07
9.93705e-07
1.05966e-06
1.12916e-06
1.21986e-06
1.3057e-06
1.35035e-06
2.76984e-07
3.15689e-07
3.4138e-07
3.68478e-07
4.00755e-07
4.32785e-07
4.62486e-07
4.91836e-07
5.22256e-07
5.53816e-07
5.86533e-07
6.20782e-07
6.56987e-07
6.95444e-07
7.36503e-07
7.80327e-07
8.27457e-07
8.78202e-07
9.33076e-07
9.92286e-07
1.05766e-06
1.12709e-06
1.21293e-06
1.29991e-06
1.34317e-06
2.57466e-07
2.95963e-07
3.25586e-07
3.54428e-07
3.8693e-07
4.20118e-07
4.51702e-07
4.82756e-07
5.14618e-07
5.47535e-07
5.81513e-07
6.16856e-07
6.53982e-07
6.93213e-07
7.34932e-07
7.79289e-07
8.26828e-07
8.77917e-07
9.33067e-07
9.92538e-07
1.05797e-06
1.12773e-06
1.21196e-06
1.29629e-06
1.34996e-06
2.44888e-07
2.81727e-07
3.13168e-07
3.43257e-07
3.75853e-07
4.09645e-07
4.42556e-07
4.74967e-07
5.08007e-07
5.42042e-07
5.77086e-07
6.13379e-07
6.51309e-07
6.91225e-07
7.33467e-07
7.7831e-07
8.26212e-07
8.7757e-07
9.32905e-07
9.92505e-07
1.05787e-06
1.12753e-06
1.21033e-06
1.29106e-06
1.3531e-06
2.35032e-07
2.69996e-07
3.02136e-07
3.33191e-07
3.65994e-07
4.00198e-07
4.34143e-07
4.67745e-07
5.01861e-07
5.36907e-07
5.72924e-07
6.10097e-07
6.48782e-07
6.89335e-07
7.32061e-07
7.77357e-07
8.25596e-07
8.77206e-07
9.32712e-07
9.92415e-07
1.05769e-06
1.12713e-06
1.20869e-06
1.28611e-06
1.35467e-06
2.26691e-07
2.59934e-07
2.92153e-07
3.2389e-07
3.5698e-07
3.91524e-07
4.263e-07
4.60959e-07
4.96073e-07
5.3205e-07
5.68965e-07
6.06961e-07
6.4636e-07
6.87511e-07
7.30792e-07
7.76471e-07
8.25005e-07
8.76848e-07
9.32513e-07
9.923e-07
1.05748e-06
1.12665e-06
1.20716e-06
1.28175e-06
1.35549e-06
2.19379e-07
2.51144e-07
2.83119e-07
3.15286e-07
3.48683e-07
3.83544e-07
4.19005e-07
4.54594e-07
4.9063e-07
5.27469e-07
5.65212e-07
6.03976e-07
6.44047e-07
6.85769e-07
7.29522e-07
7.75578e-07
8.2442e-07
8.76491e-07
9.32303e-07
9.92164e-07
1.05726e-06
1.12613e-06
1.20574e-06
1.27794e-06
1.3558e-06
2.12825e-07
2.4336e-07
2.74947e-07
3.07347e-07
3.41036e-07
3.76206e-07
4.12246e-07
4.4865e-07
4.8553e-07
5.23168e-07
5.61674e-07
6.01152e-07
6.41853e-07
6.84112e-07
7.28276e-07
7.74716e-07
8.23855e-07
8.76136e-07
9.32089e-07
9.92015e-07
1.05703e-06
1.12559e-06
1.20443e-06
1.2746e-06
1.35575e-06
2.06857e-07
2.36383e-07
2.67546e-07
3.00048e-07
3.33996e-07
3.69469e-07
4.06011e-07
4.43128e-07
4.80779e-07
5.19155e-07
5.58364e-07
5.985e-07
6.39787e-07
6.82544e-07
7.27132e-07
7.73919e-07
8.2332e-07
8.75797e-07
9.31879e-07
9.91858e-07
1.0568e-06
1.12505e-06
1.20324e-06
1.27168e-06
1.35547e-06
2.01357e-07
2.3007e-07
2.60833e-07
2.93358e-07
3.27531e-07
3.63299e-07
4.00289e-07
4.38033e-07
4.76382e-07
5.15435e-07
5.55288e-07
5.9603e-07
6.37857e-07
6.8108e-07
7.26052e-07
7.73157e-07
8.22801e-07
8.75462e-07
9.31667e-07
9.91694e-07
1.05657e-06
1.12453e-06
1.20216e-06
1.26911e-06
1.35506e-06
1.96244e-07
2.24313e-07
2.54732e-07
2.87247e-07
3.21616e-07
3.5767e-07
3.95067e-07
4.33366e-07
4.72342e-07
5.12015e-07
5.52457e-07
5.93749e-07
6.36072e-07
6.7972e-07
7.25047e-07
7.72444e-07
8.22323e-07
8.75151e-07
9.31464e-07
9.9153e-07
1.05634e-06
1.12402e-06
1.2012e-06
1.26686e-06
1.35461e-06
1.91459e-07
2.19036e-07
2.49183e-07
2.81686e-07
3.16231e-07
3.52562e-07
3.90334e-07
4.29127e-07
4.68666e-07
5.08901e-07
5.49876e-07
5.91666e-07
6.34439e-07
6.78474e-07
7.24124e-07
7.71772e-07
8.21869e-07
8.74855e-07
9.31268e-07
9.91367e-07
1.05612e-06
1.12355e-06
1.20037e-06
1.26487e-06
1.35418e-06
1.86964e-07
2.14183e-07
2.44139e-07
2.76647e-07
3.11362e-07
3.47961e-07
3.86082e-07
4.25316e-07
4.65357e-07
5.06098e-07
5.47552e-07
5.89788e-07
6.32963e-07
6.77347e-07
7.23287e-07
7.7117e-07
8.21453e-07
8.74576e-07
9.31081e-07
9.9121e-07
1.05592e-06
1.1231e-06
1.19967e-06
1.26311e-06
1.35384e-06
1.82734e-07
2.09719e-07
2.39565e-07
2.72111e-07
3.06998e-07
3.43857e-07
3.82305e-07
4.21935e-07
4.62421e-07
5.03612e-07
5.4549e-07
5.8812e-07
6.3165e-07
6.76341e-07
7.22536e-07
7.7064e-07
8.21087e-07
8.74326e-07
9.30907e-07
9.91058e-07
1.05573e-06
1.1227e-06
1.19909e-06
1.26155e-06
1.35363e-06
1.78754e-07
2.05618e-07
2.35436e-07
2.68059e-07
3.03127e-07
3.40242e-07
3.78997e-07
4.18983e-07
4.59862e-07
5.01447e-07
5.43699e-07
5.86671e-07
6.30509e-07
6.75467e-07
7.21885e-07
7.70169e-07
8.20759e-07
8.74115e-07
9.30758e-07
9.90929e-07
1.05558e-06
1.12235e-06
1.19867e-06
1.26017e-06
1.35365e-06
1.75015e-07
2.01864e-07
2.31734e-07
2.64479e-07
2.99744e-07
3.3711e-07
3.76152e-07
4.16456e-07
4.57674e-07
4.99597e-07
5.42165e-07
5.85425e-07
6.2952e-07
6.74699e-07
7.21301e-07
7.69728e-07
8.20431e-07
8.73875e-07
9.30572e-07
9.90752e-07
1.05539e-06
1.12197e-06
1.19834e-06
1.25883e-06
1.35384e-06
1.71518e-07
1.98453e-07
2.28455e-07
2.61374e-07
2.96858e-07
3.34479e-07
3.73796e-07
4.14388e-07
4.55905e-07
4.98122e-07
5.40964e-07
5.84472e-07
6.2879e-07
6.74163e-07
7.20931e-07
7.69497e-07
8.20316e-07
8.73835e-07
9.30619e-07
9.9084e-07
1.05552e-06
1.12196e-06
1.19857e-06
1.25799e-06
1.35484e-06
1.68269e-07
1.95377e-07
2.25577e-07
2.5871e-07
2.94426e-07
3.32293e-07
3.71855e-07
4.1269e-07
4.54444e-07
4.96884e-07
5.39926e-07
5.83608e-07
6.28075e-07
6.7357e-07
7.20432e-07
7.69067e-07
8.19932e-07
8.73473e-07
9.30261e-07
9.90447e-07
1.05508e-06
1.12131e-06
1.19806e-06
1.25664e-06
1.35447e-06
1.65314e-07
1.92683e-07
2.23152e-07
2.56547e-07
2.92518e-07
3.30629e-07
3.70418e-07
4.11462e-07
4.53407e-07
4.96016e-07
5.39204e-07
5.83009e-07
6.27576e-07
6.73151e-07
7.20075e-07
7.68754e-07
8.19647e-07
8.73214e-07
9.2999e-07
9.90174e-07
1.05471e-06
1.12107e-06
1.19699e-06
1.25727e-06
1.35182e-06
1.46548e-07
1.71477e-07
1.99187e-07
2.29511e-07
2.6213e-07
2.96648e-07
3.3265e-07
3.69757e-07
4.07651e-07
4.46126e-07
4.85102e-07
5.24621e-07
5.64817e-07
6.05912e-07
6.48217e-07
6.92102e-07
7.3798e-07
7.86272e-07
8.37441e-07
8.91741e-07
9.49786e-07
1.01007e-06
1.07694e-06
1.135e-06
1.21393e-06
1.44691e-07
1.69952e-07
1.9797e-07
2.28565e-07
2.61414e-07
2.96116e-07
3.32264e-07
3.69477e-07
4.07446e-07
4.45967e-07
4.8497e-07
5.24499e-07
5.64695e-07
6.05783e-07
6.48076e-07
6.91944e-07
7.37801e-07
7.86072e-07
8.37213e-07
8.91509e-07
9.49464e-07
1.00994e-06
1.07602e-06
1.13604e-06
1.21139e-06
1.43128e-07
1.68769e-07
1.9713e-07
2.28017e-07
2.61096e-07
2.95972e-07
3.32241e-07
3.6953e-07
4.07532e-07
4.46055e-07
4.85042e-07
5.2454e-07
5.64696e-07
6.05741e-07
6.47988e-07
6.91812e-07
7.37626e-07
7.85854e-07
8.36955e-07
8.91207e-07
9.49147e-07
1.00955e-06
1.07586e-06
1.13556e-06
1.21131e-06
1.41889e-07
1.67962e-07
1.96705e-07
2.27907e-07
2.61227e-07
2.96273e-07
3.32651e-07
3.69994e-07
4.08003e-07
4.46501e-07
4.85444e-07
5.24895e-07
5.64992e-07
6.05987e-07
6.48193e-07
6.91985e-07
7.37779e-07
7.85999e-07
8.37108e-07
8.9138e-07
9.49392e-07
1.00983e-06
1.07658e-06
1.13585e-06
1.21275e-06
1.40994e-07
1.6754e-07
1.96691e-07
2.28219e-07
2.61772e-07
2.96968e-07
3.33425e-07
3.70781e-07
4.08747e-07
4.47165e-07
4.86013e-07
5.25359e-07
5.65351e-07
6.06248e-07
6.48369e-07
6.92089e-07
7.37825e-07
7.86001e-07
8.37086e-07
8.91348e-07
9.49402e-07
1.00988e-06
1.07699e-06
1.13605e-06
1.21363e-06
1.40482e-07
1.6754e-07
1.97125e-07
2.28985e-07
2.62763e-07
2.98088e-07
3.34596e-07
3.71929e-07
4.09807e-07
4.48102e-07
4.86811e-07
5.26012e-07
5.65874e-07
6.06637e-07
6.48645e-07
6.92273e-07
7.37936e-07
7.86059e-07
8.37112e-07
8.91366e-07
9.4947e-07
1.01002e-06
1.07748e-06
1.13653e-06
1.21451e-06
1.40397e-07
1.68004e-07
1.98039e-07
2.30231e-07
2.64215e-07
2.99645e-07
3.36171e-07
3.73437e-07
4.11179e-07
4.49301e-07
4.87824e-07
5.26839e-07
5.66522e-07
6.07123e-07
6.48992e-07
6.92504e-07
7.38076e-07
7.86132e-07
8.37146e-07
8.91388e-07
9.49546e-07
1.0102e-06
1.07802e-06
1.13722e-06
1.21539e-06
1.40786e-07
1.68975e-07
1.99474e-07
2.31985e-07
2.6615e-07
3.01655e-07
3.38162e-07
3.75314e-07
4.12867e-07
4.50765e-07
4.89057e-07
5.27841e-07
5.673e-07
6.07711e-07
6.49413e-07
6.92788e-07
7.38251e-07
7.86228e-07
8.37194e-07
8.91421e-07
9.49638e-07
1.01042e-06
1.07863e-06
1.13812e-06
1.21627e-06
1.417e-07
1.70501e-07
2.01469e-07
2.34279e-07
2.6859e-07
3.04133e-07
3.40581e-07
3.77566e-07
4.14874e-07
4.52496e-07
4.90507e-07
5.29016e-07
5.68216e-07
6.08399e-07
6.49907e-07
6.93121e-07
7.38459e-07
7.86342e-07
8.37252e-07
8.91461e-07
9.49741e-07
1.01067e-06
1.0793e-06
1.13923e-06
1.21716e-06
1.43187e-07
1.72635e-07
2.0407e-07
2.37143e-07
2.71554e-07
3.07098e-07
3.43441e-07
3.80199e-07
4.17201e-07
4.54493e-07
4.92174e-07
5.30362e-07
5.69263e-07
6.09184e-07
6.50471e-07
6.93503e-07
7.38697e-07
7.86476e-07
8.3732e-07
8.91508e-07
9.49853e-07
1.01095e-06
1.08004e-06
1.14056e-06
1.21803e-06
1.45302e-07
1.75431e-07
2.07323e-07
2.40607e-07
2.75066e-07
3.10568e-07
3.46754e-07
3.83219e-07
4.19849e-07
4.56756e-07
4.94057e-07
5.31875e-07
5.70438e-07
6.10061e-07
6.51103e-07
6.93931e-07
7.38965e-07
7.86626e-07
8.37397e-07
8.91558e-07
9.49973e-07
1.01126e-06
1.08084e-06
1.14213e-06
1.21888e-06
1.48098e-07
1.78951e-07
2.11278e-07
2.44699e-07
2.79143e-07
3.14562e-07
3.50533e-07
3.86629e-07
4.2282e-07
4.59284e-07
4.96151e-07
5.33553e-07
5.71737e-07
6.11026e-07
6.518e-07
6.94403e-07
7.39261e-07
7.86791e-07
8.3748e-07
8.91611e-07
9.50098e-07
1.01159e-06
1.08172e-06
1.14394e-06
1.21968e-06
1.51637e-07
1.83269e-07
2.15985e-07
2.49445e-07
2.83808e-07
3.191e-07
3.54788e-07
3.90432e-07
4.26113e-07
4.62076e-07
4.98454e-07
5.35392e-07
5.73158e-07
6.12086e-07
6.5256e-07
6.94916e-07
7.39583e-07
7.86971e-07
8.3757e-07
8.91663e-07
9.50224e-07
1.01193e-06
1.08267e-06
1.14602e-06
1.22038e-06
1.55996e-07
1.88472e-07
2.21499e-07
2.54865e-07
2.8908e-07
3.24207e-07
3.59531e-07
3.94628e-07
4.29725e-07
4.65128e-07
5.00962e-07
5.37385e-07
5.74695e-07
6.13245e-07
6.53381e-07
6.95468e-07
7.39928e-07
7.87162e-07
8.37663e-07
8.91712e-07
9.5035e-07
1.01227e-06
1.08369e-06
1.1484e-06
1.22096e-06
1.61287e-07
1.94678e-07
2.27877e-07
2.60978e-07
2.94989e-07
3.29908e-07
3.64769e-07
3.99216e-07
4.33657e-07
4.68437e-07
5.03668e-07
5.39528e-07
5.76343e-07
6.14486e-07
6.54258e-07
6.96056e-07
7.40295e-07
7.87363e-07
8.37758e-07
8.91755e-07
9.50471e-07
1.01261e-06
1.08478e-06
1.1511e-06
1.22135e-06
1.67693e-07
2.02056e-07
2.35185e-07
2.67805e-07
3.01573e-07
3.36238e-07
3.70512e-07
4.04197e-07
4.37907e-07
4.72001e-07
5.06567e-07
5.41814e-07
5.78096e-07
6.1579e-07
6.55182e-07
6.96676e-07
7.40681e-07
7.87575e-07
8.37855e-07
8.9179e-07
9.50585e-07
1.01292e-06
1.08595e-06
1.15416e-06
1.22148e-06
1.75541e-07
2.10866e-07
2.43512e-07
2.75395e-07
3.08906e-07
3.43243e-07
3.76773e-07
4.09577e-07
4.42481e-07
4.75818e-07
5.09654e-07
5.44237e-07
5.7995e-07
6.17159e-07
6.56154e-07
6.97323e-07
7.41078e-07
7.87785e-07
8.37946e-07
8.91812e-07
9.50687e-07
1.0132e-06
1.08719e-06
1.15761e-06
1.22125e-06
1.85508e-07
2.21588e-07
2.53052e-07
2.83898e-07
3.1715e-07
3.51026e-07
3.83602e-07
4.15393e-07
4.47406e-07
4.79902e-07
5.12936e-07
5.46804e-07
5.81905e-07
6.18601e-07
6.57174e-07
6.98006e-07
7.41499e-07
7.88004e-07
8.38032e-07
8.91813e-07
9.50767e-07
1.0134e-06
1.0885e-06
1.16146e-06
1.22048e-06
1.99261e-07
2.3536e-07
2.64437e-07
2.9386e-07
3.26783e-07
3.59904e-07
3.91215e-07
4.21812e-07
4.52807e-07
4.84344e-07
5.16478e-07
5.49559e-07
5.83997e-07
6.20138e-07
6.58245e-07
6.98712e-07
7.41927e-07
7.88217e-07
8.381e-07
8.91771e-07
9.50792e-07
1.01345e-06
1.0898e-06
1.16544e-06
1.21864e-06
2.21627e-07
2.55639e-07
2.80098e-07
3.07318e-07
3.39444e-07
3.71086e-07
4.0052e-07
4.2954e-07
4.59227e-07
4.89558e-07
5.206e-07
5.5275e-07
5.86413e-07
6.21918e-07
6.59483e-07
6.99521e-07
7.42397e-07
7.88418e-07
8.38099e-07
8.91581e-07
9.50591e-07
1.01298e-06
1.09075e-06
1.1683e-06
1.21431e-06
2.6758e-07
2.94012e-07
3.09223e-07
3.3194e-07
3.6129e-07
3.89381e-07
4.15322e-07
4.41602e-07
4.69069e-07
4.97465e-07
5.26856e-07
5.57645e-07
5.90204e-07
6.24832e-07
6.61677e-07
7.01159e-07
7.43604e-07
7.89301e-07
8.38785e-07
8.92128e-07
9.51383e-07
1.01351e-06
1.09452e-06
1.17109e-06
1.21624e-06
3.8114e-07
3.87915e-07
3.84424e-07
3.96163e-07
4.16384e-07
4.34951e-07
4.52658e-07
4.7258e-07
4.95008e-07
5.19307e-07
5.45463e-07
5.73815e-07
6.04648e-07
6.38191e-07
6.7453e-07
7.1416e-07
7.5742e-07
8.04764e-07
8.57058e-07
9.14657e-07
9.81066e-07
1.05157e-06
1.15551e-06
1.23066e-06
1.35486e-06
6.69669e-07
6.38217e-07
6.02898e-07
5.92578e-07
5.91365e-07
5.88663e-07
5.88484e-07
5.94566e-07
6.06445e-07
6.23045e-07
6.44294e-07
6.70529e-07
7.0208e-07
7.39261e-07
7.82515e-07
8.33106e-07
8.92272e-07
9.61929e-07
1.04527e-06
1.14506e-06
1.27081e-06
1.4141e-06
1.64233e-06
1.77115e-06
2.23901e-06
1.32531e-06
1.23683e-06
1.16188e-06
1.12316e-06
1.09359e-06
1.06499e-06
1.04545e-06
1.03918e-06
1.04517e-06
1.06241e-06
1.09133e-06
1.13291e-06
1.18831e-06
1.25905e-06
1.34722e-06
1.45637e-06
1.59038e-06
1.75415e-06
1.95437e-06
2.19613e-06
2.49388e-06
2.83194e-06
3.3043e-06
3.62683e-06
4.50589e-06
2.55872e-06
2.403e-06
2.29249e-06
2.23047e-06
2.1802e-06
2.13887e-06
2.11788e-06
2.12117e-06
2.14751e-06
2.19653e-06
2.26969e-06
2.36922e-06
2.49763e-06
2.65838e-06
2.85554e-06
3.09392e-06
3.37859e-06
3.7147e-06
4.10811e-06
4.56143e-06
5.08593e-06
5.66063e-06
6.37313e-06
6.9419e-06
8.05195e-06
4.41372e-06
4.20078e-06
4.07527e-06
4.00831e-06
3.95833e-06
3.92973e-06
3.93619e-06
3.98154e-06
4.06506e-06
4.1875e-06
4.35146e-06
4.55998e-06
4.81592e-06
5.12131e-06
5.48119e-06
5.89658e-06
6.36927e-06
6.90052e-06
7.49142e-06
8.13997e-06
8.85248e-06
9.60837e-06
1.04799e-05
1.12461e-05
1.24282e-05
6.62049e-06
6.37985e-06
6.27164e-06
6.23048e-06
6.21666e-06
6.2415e-06
6.32031e-06
6.45715e-06
6.65117e-06
6.9022e-06
7.21096e-06
7.57759e-06
8.00092e-06
8.47938e-06
9.01299e-06
9.59666e-06
1.02277e-05
1.09054e-05
1.16293e-05
1.23973e-05
1.3216e-05
1.40715e-05
1.50195e-05
1.59548e-05
1.70605e-05
8.6845e-06
8.47139e-06
8.45254e-06
8.53313e-06
8.66863e-06
8.86439e-06
9.13121e-06
9.46957e-06
9.8736e-06
1.03372e-05
1.08554e-05
1.14235e-05
1.20368e-05
1.26927e-05
1.33853e-05
1.41128e-05
1.48756e-05
1.56755e-05
1.65157e-05
1.7398e-05
1.83347e-05
1.9309e-05
2.04074e-05
2.14106e-05
2.33313e-05
9.95985e-06
9.70277e-06
9.74869e-06
9.9626e-06
1.02512e-05
1.05886e-05
1.09754e-05
1.14067e-05
1.1872e-05
1.2363e-05
1.28756e-05
1.34073e-05
1.39561e-05
1.45214e-05
1.51006e-05
1.56974e-05
1.63148e-05
1.69543e-05
1.76191e-05
1.83128e-05
1.904e-05
1.98077e-05
2.05987e-05
2.1749e-05
2.06456e-05
1.39617e-05
1.61835e-05
1.87085e-05
2.10709e-05
2.32813e-05
2.5437e-05
2.75708e-05
2.96813e-05
3.17778e-05
3.3883e-05
3.60209e-05
3.82133e-05
4.04822e-05
4.28499e-05
4.53424e-05
4.79853e-05
5.0806e-05
5.38304e-05
5.70968e-05
6.0618e-05
6.45129e-05
6.85724e-05
7.37424e-05
7.69402e-05
8.75505e-05
)
;

boundaryField
{
    inlet
    {
        type            calculated;
        value           nonuniform List<scalar> 
30
(
5.16085e-29
1.73723e-30
1.5353e-31
2.75401e-31
1.99315e-31
1.41073e-31
1.04754e-31
8.03846e-32
6.24972e-32
4.86046e-32
3.7414e-32
2.82212e-32
2.08006e-32
1.56802e-32
1.4528e-32
1.76963e-32
2.31854e-32
2.98839e-32
3.76108e-32
4.65751e-32
5.72494e-32
7.04296e-32
8.7448e-32
1.10804e-31
1.4595e-31
2.02885e-31
2.77846e-31
1.54061e-31
1.73702e-30
5.16089e-29
)
;
    }
    outlet
    {
        type            calculated;
        value           nonuniform List<scalar> 
57
(
2.65966e-29
5.93442e-30
6.71902e-30
4.72002e-30
3.27234e-30
1.96721e-30
1.04506e-30
6.15636e-31
5.38787e-31
5.41063e-31
5.44669e-31
5.46055e-31
5.46686e-31
5.47004e-31
5.47131e-31
5.47128e-31
5.47041e-31
5.46907e-31
5.46755e-31
5.46612e-31
5.465e-31
5.46437e-31
5.46451e-31
5.4653e-31
5.46905e-31
5.46772e-31
5.45804e-31
5.44702e-31
5.43663e-31
5.43631e-31
5.44213e-31
5.44565e-31
5.44917e-31
5.45266e-31
5.45617e-31
5.45967e-31
5.46312e-31
5.46645e-31
5.46956e-31
5.47231e-31
5.47453e-31
5.47598e-31
5.47637e-31
5.47521e-31
5.47149e-31
5.46154e-31
5.43378e-31
5.4022e-31
5.81168e-31
8.67906e-31
1.58456e-30
2.69235e-30
4.05227e-30
5.48366e-30
7.41795e-30
6.55624e-30
2.73406e-29
)
;
    }
    upperWall
    {
        type            nutkWallFunction;
        blending        stepwise;
        value           nonuniform List<scalar> 
223
(
1.9797e-06
1.44118e-06
1.1379e-06
8.50477e-07
5.58045e-07
2.77737e-07
1.48057e-08
0
0
0
0
0
0
0
0
0
0
0
0
0
0
0
0
0
0
0
0
0
0
0
0
0
0
0
0
0
0
0
0
0
0
0
0
0
0
0
0
0
0
0
0
0
0
0
0
0
0
0
0
0
0
0
0
0
0
0
0
0
0
0
0
0
0
0
0
0
0
0
0
0
0
0
0
0
0
0
0
0
0
0
0
0
0
0
0
0
0
0
0
0
0
0
0
0
0
0
0
0
0
0
0
0
0
0
0
0
0
0
0
0
0
0
0
0
0
0
0
0
0
0
0
0
0
0
0
0
0
0
0
0
0
0
0
0
0
0
0
0
0
0
0
0
0
0
0
0
0
0
0
0
0
0
0
0
0
0
0
0
0
0
0
0
0
0
0
0
0
0
0
0
0
0
0
0
0
0
0
0
0
0
0
0
0
0
0
0
0
0
0
0
0
0
0
0
0
0
0
0
0
0
0
0
0
0
0
0
0
0
0
0
0
0
0
)
;
    }
    lowerWall
    {
        type            nutkWallFunction;
        blending        stepwise;
        value           nonuniform List<scalar> 
250
(
1.97945e-06
1.44191e-06
1.14019e-06
8.54838e-07
5.64761e-07
2.8698e-07
2.6644e-08
0
0
0
0
0
0
0
0
0
0
0
0
0
0
0
0
0
0
0
0
0
0
0
0
0
0
0
0
0
0
0
0
0
0
0
0
0
0
0
0
0
0
0
0
0
0
0
0
0
0
0
0
0
0
0
0
0
0
0
0
0
0
0
0
0
0
0
0
0
0
0
0
0
0
0
4.15232e-09
9.85741e-08
1.4838e-07
1.60839e-07
1.41639e-07
9.79348e-08
3.37306e-08
0
0
0
0
0
0
0
0
0
0
0
0
0
0
0
0
0
0
0
0
0
0
0
0
0
0
0
0
0
0
0
0
0
0
0
0
0
0
0
0
0
0
0
0
0
0
0
0
0
0
0
0
0
0
0
0
0
0
0
0
0
0
0
0
0
0
0
0
0
0
0
0
0
0
0
0
0
0
0
0
0
0
0
0
0
0
0
0
0
0
0
0
0
0
0
0
0
0
0
0
0
0
0
0
0
0
0
0
0
0
0
0
0
0
0
0
0
0
0
0
0
0
0
0
0
0
0
0
0
0
0
0
0
0
0
0
0
0
0
0
0
0
0
0
0
0
0
0
0
0
0
0
0
0
0
0
0
0
0
0
0
)
;
    }
    frontAndBack
    {
        type            empty;
    }
}


// ************************************************************************* //
