/*--------------------------------*- C++ -*----------------------------------*\
| =========                 |                                                 |
| \\      /  F ield         | OpenFOAM: The Open Source CFD Toolbox           |
|  \\    /   O peration     | Version:  2406                                  |
|   \\  /    A nd           | Website:  www.openfoam.com                      |
|    \\/     M anipulation  |                                                 |
\*---------------------------------------------------------------------------*/
FoamFile
{
    version     2.0;
    format      ascii;
    arch        "LSB;label=32;scalar=64";
    class       volVectorField;
    location    "1.73";
    object      U;
}
// * * * * * * * * * * * * * * * * * * * * * * * * * * * * * * * * * * * * * //

dimensions      [0 1 -1 0 0 0 0];

internalField   nonuniform List<vector> 
12225
(
(1.6613 0.0562487 0)
(1.59912 0.0689628 0)
(1.54074 0.0587482 0)
(1.48583 0.0463916 0)
(1.4386 0.0360091 0)
(1.3997 0.0276884 0)
(1.36726 0.0210587 0)
(1.33949 0.0158283 0)
(1.31539 0.0117441 0)
(1.29431 0.00858974 0)
(1.27567 0.00621578 0)
(1.25871 0.00451093 0)
(1.24285 0.00335712 0)
(1.22783 0.00261991 0)
(1.21332 0.00227834 0)
(1.19925 0.00192855 0)
(1.18468 0.00325519 0)
(1.16969 -0.00376158 0)
(1.71511 0.0106182 0)
(1.74945 0.0192965 0)
(1.77191 0.0205547 0)
(1.78086 0.0210362 0)
(1.78148 0.0217659 0)
(1.77772 0.0221173 0)
(1.7712 0.0220015 0)
(1.76279 0.0216717 0)
(1.75325 0.021312 0)
(1.74324 0.0210004 0)
(1.73317 0.0208036 0)
(1.7233 0.0207866 0)
(1.71379 0.0209608 0)
(1.70466 0.0213091 0)
(1.69593 0.0218092 0)
(1.68741 0.0225206 0)
(1.6793 0.0233093 0)
(1.67096 0.0248258 0)
(1.70206 0.00975189 0)
(1.71339 0.0205929 0)
(1.72627 0.0244101 0)
(1.73663 0.0261418 0)
(1.74488 0.0272736 0)
(1.75217 0.027632 0)
(1.75866 0.027287 0)
(1.76414 0.0265804 0)
(1.76862 0.0257677 0)
(1.77228 0.0249674 0)
(1.77526 0.0242522 0)
(1.77769 0.0236833 0)
(1.77967 0.0232985 0)
(1.78125 0.0231189 0)
(1.78247 0.0231848 0)
(1.78333 0.023524 0)
(1.78368 0.0242381 0)
(1.78352 0.0253257 0)
(1.70105 0.00695009 0)
(1.70712 0.0157172 0)
(1.71467 0.0188195 0)
(1.7209 0.0194926 0)
(1.72569 0.0195838 0)
(1.73002 0.0193613 0)
(1.73427 0.0188546 0)
(1.73832 0.0182441 0)
(1.74207 0.0176935 0)
(1.74554 0.0172739 0)
(1.74883 0.0170139 0)
(1.75195 0.0169387 0)
(1.75494 0.0170735 0)
(1.7578 0.0174442 0)
(1.76055 0.0180894 0)
(1.76316 0.0190725 0)
(1.76563 0.0205103 0)
(1.768 0.0225826 0)
(1.7006 0.00485624 0)
(1.70459 0.0119587 0)
(1.71039 0.0153415 0)
(1.71583 0.0166827 0)
(1.72025 0.0174135 0)
(1.72412 0.0178555 0)
(1.7278 0.0179748 0)
(1.73126 0.0178508 0)
(1.73444 0.0176238 0)
(1.73737 0.0173897 0)
(1.74015 0.0172014 0)
(1.74281 0.0171011 0)
(1.74541 0.0171318 0)
(1.74796 0.0173379 0)
(1.7505 0.0177728 0)
(1.75305 0.0185076 0)
(1.7557 0.0196564 0)
(1.75852 0.0213146 0)
(1.70038 0.0035702 0)
(1.70319 0.00940252 0)
(1.70772 0.0127656 0)
(1.71245 0.0143287 0)
(1.71657 0.0150879 0)
(1.72022 0.0154418 0)
(1.72368 0.0154471 0)
(1.72699 0.0151896 0)
(1.7301 0.0148096 0)
(1.73302 0.0144181 0)
(1.73582 0.0140793 0)
(1.73855 0.0138363 0)
(1.74125 0.0137282 0)
(1.74396 0.0137938 0)
(1.74672 0.0140756 0)
(1.74959 0.0146208 0)
(1.75265 0.0154941 0)
(1.75602 0.0167113 0)
(1.70027 0.00272753 0)
(1.70236 0.00743775 0)
(1.70594 0.0104455 0)
(1.70999 0.0119674 0)
(1.71376 0.012685 0)
(1.7172 0.0130079 0)
(1.72051 0.0130512 0)
(1.72372 0.0128844 0)
(1.7268 0.0126069 0)
(1.72975 0.0123057 0)
(1.73262 0.0120332 0)
(1.73545 0.0118216 0)
(1.73828 0.0116987 0)
(1.74116 0.0116915 0)
(1.74413 0.0118264 0)
(1.74726 0.0121267 0)
(1.75063 0.0126177 0)
(1.75433 0.0132806 0)
(1.70021 0.00211821 0)
(1.70183 0.00587829 0)
(1.70473 0.00844638 0)
(1.70822 0.00985802 0)
(1.71167 0.010546 0)
(1.71493 0.0108501 0)
(1.71809 0.0108955 0)
(1.72119 0.0107375 0)
(1.72421 0.010447 0)
(1.72715 0.010095 0)
(1.73003 0.00973117 0)
(1.7329 0.00938703 0)
(1.73579 0.00908613 0)
(1.73876 0.00884807 0)
(1.74185 0.00868768 0)
(1.74511 0.00861171 0)
(1.74864 0.0086209 0)
(1.75248 0.0086804 0)
(1.70017 0.00164753 0)
(1.70148 0.00461832 0)
(1.7039 0.00673456 0)
(1.70694 0.0079648 0)
(1.71011 0.00856697 0)
(1.71319 0.00879954 0)
(1.71621 0.00878615 0)
(1.71921 0.00858267 0)
(1.72216 0.00824571 0)
(1.72507 0.00783371 0)
(1.72795 0.00738983 0)
(1.73083 0.00693994 0)
(1.73376 0.00649946 0)
(1.73678 0.00607719 0)
(1.73992 0.0056749 0)
(1.74324 0.00528504 0)
(1.74679 0.00488998 0)
(1.75062 0.00444909 0)
(1.70014 0.00126629 0)
(1.70124 0.00357025 0)
(1.70331 0.00524339 0)
(1.70602 0.00624061 0)
(1.70893 0.00671258 0)
(1.71185 0.00684791 0)
(1.71475 0.00675741 0)
(1.71764 0.00649418 0)
(1.72053 0.00610135 0)
(1.72339 0.00562165 0)
(1.72625 0.00508719 0)
(1.72912 0.004516 0)
(1.73204 0.00391571 0)
(1.73505 0.0032867 0)
(1.73817 0.00262208 0)
(1.74145 0.00190632 0)
(1.74492 0.00111366 0)
(1.74862 0.000205999 0)
(1.70012 0.000944812 0)
(1.70108 0.00267061 0)
(1.7029 0.00392029 0)
(1.70534 0.00465794 0)
(1.70804 0.00497109 0)
(1.71081 0.00499143 0)
(1.7136 0.00480851 0)
(1.71641 0.00446774 0)
(1.71922 0.00400089 0)
(1.72203 0.00343764 0)
(1.72484 0.00280055 0)
(1.72767 0.00210128 0)
(1.73054 0.00134198 0)
(1.73349 0.000517617 0)
(1.73654 -0.000383741 0)
(1.73972 -0.00138135 0)
(1.74305 -0.00250402 0)
(1.74655 -0.00378402 0)
(1.70011 0.000664031 0)
(1.70097 0.00187545 0)
(1.70261 0.00272407 0)
(1.70485 0.00319046 0)
(1.70738 0.00332516 0)
(1.71003 0.0032156 0)
(1.71272 0.00292802 0)
(1.71544 0.00249793 0)
(1.71818 0.00194767 0)
(1.72092 0.00129629 0)
(1.72366 0.000557548 0)
(1.72643 -0.000263112 0)
(1.72923 -0.00116838 0)
(1.73209 -0.00216739 0)
(1.73502 -0.0032753 0)
(1.73805 -0.0045127 0)
(1.74119 -0.00590831 0)
(1.74443 -0.00748742 0)
(1.7001 0.000410988 0)
(1.70089 0.00115323 0)
(1.70241 0.00162104 0)
(1.7045 0.00181258 0)
(1.7069 0.00175678 0)
(1.70945 0.00150757 0)
(1.71205 0.00110879 0)
(1.71469 0.000584442 0)
(1.71736 -5.20363e-05 0)
(1.72002 -0.000790826 0)
(1.72269 -0.00162615 0)
(1.72537 -0.00255822 0)
(1.72808 -0.00359356 0)
(1.73081 -0.00474385 0)
(1.7336 -0.00602537 0)
(1.73644 -0.00745789 0)
(1.73935 -0.0090676 0)
(1.74232 -0.0108724 0)
(1.70009 0.000176093 0)
(1.70084 0.000479773 0)
(1.70228 0.000583028 0)
(1.70427 0.000500828 0)
(1.70658 0.000249074 0)
(1.70904 -0.0001443 0)
(1.71157 -0.000656276 0)
(1.71415 -0.0012751 0)
(1.71673 -0.001996 0)
(1.71932 -0.00281718 0)
(1.7219 -0.00373974 0)
(1.72449 -0.00476881 0)
(1.72707 -0.00591377 0)
(1.72967 -0.00718757 0)
(1.73228 -0.00860633 0)
(1.73492 -0.0101879 0)
(1.73759 -0.0119552 0)
(1.74027 -0.0139193 0)
(1.70009 -4.77084e-05 0)
(1.70081 -0.000163947 0)
(1.70221 -0.000413902 0)
(1.70414 -0.000766536 0)
(1.70639 -0.00121468 0)
(1.7088 -0.00175208 0)
(1.71127 -0.0023751 0)
(1.71378 -0.00308437 0)
(1.71629 -0.00388353 0)
(1.7188 -0.00477796 0)
(1.72129 -0.00577476 0)
(1.72376 -0.00688317 0)
(1.72622 -0.00811471 0)
(1.72866 -0.00948287 0)
(1.7311 -0.0110029 0)
(1.73352 -0.0126902 0)
(1.73593 -0.014564 0)
(1.73833 -0.0166297 0)
(1.70009 -0.000266857 0)
(1.70081 -0.000794945 0)
(1.70219 -0.00139168 0)
(1.70411 -0.00201038 0)
(1.70633 -0.00265123 0)
(1.7087 -0.00332811 0)
(1.71113 -0.00405612 0)
(1.71358 -0.00484813 0)
(1.71604 -0.00571577 0)
(1.71846 -0.00667099 0)
(1.72086 -0.00772621 0)
(1.72321 -0.00889422 0)
(1.72553 -0.0101881 0)
(1.72782 -0.0116214 0)
(1.73006 -0.013208 0)
(1.73227 -0.0149608 0)
(1.73443 -0.0168953 0)
(1.73655 -0.0190121 0)
(1.70009 -0.000487787 0)
(1.70082 -0.00142982 0)
(1.70223 -0.00237167 0)
(1.70417 -0.00325125 0)
(1.7064 -0.00407732 0)
(1.70876 -0.00488504 0)
(1.71116 -0.00570846 0)
(1.71357 -0.00657213 0)
(1.71596 -0.0074953 0)
(1.71831 -0.00849608 0)
(1.72061 -0.00959188 0)
(1.72285 -0.0107985 0)
(1.72503 -0.0121302 0)
(1.72715 -0.0136 0)
(1.72921 -0.0152205 0)
(1.73121 -0.0170021 0)
(1.73313 -0.0189569 0)
(1.73497 -0.021082 0)
(1.7001 -0.000716708 0)
(1.70086 -0.00208539 0)
(1.70233 -0.00337585 0)
(1.70433 -0.00451032 0)
(1.70661 -0.00551035 0)
(1.70898 -0.00643639 0)
(1.71137 -0.00734224 0)
(1.71375 -0.00826344 0)
(1.71609 -0.00922628 0)
(1.71837 -0.0102551 0)
(1.72058 -0.0113721 0)
(1.7227 -0.0125957 0)
(1.72474 -0.0139409 0)
(1.7267 -0.0154201 0)
(1.72858 -0.0170443 0)
(1.73036 -0.0188219 0)
(1.73205 -0.020762 0)
(1.73365 -0.0228588 0)
(1.70011 -0.000961116 0)
(1.70093 -0.00278135 0)
(1.7025 -0.0044289 0)
(1.70461 -0.00581028 0)
(1.70697 -0.00696838 0)
(1.70939 -0.00799615 0)
(1.71179 -0.00896834 0)
(1.71415 -0.00993004 0)
(1.71645 -0.0109142 0)
(1.71866 -0.0119515 0)
(1.72078 -0.0130691 0)
(1.72279 -0.0142876 0)
(1.7247 -0.0156224 0)
(1.7265 -0.0170852 0)
(1.7282 -0.0186858 0)
(1.72979 -0.0204306 0)
(1.73126 -0.0223262 0)
(1.73262 -0.0243646 0)
(1.70012 -0.00123056 0)
(1.70103 -0.00354206 0)
(1.70276 -0.00555963 0)
(1.70504 -0.00717587 0)
(1.70753 -0.00847036 0)
(1.71001 -0.00957904 0)
(1.71244 -0.0105982 0)
(1.7148 -0.0115804 0)
(1.71706 -0.0125653 0)
(1.71922 -0.0135905 0)
(1.72125 -0.0146879 0)
(1.72315 -0.0158795 0)
(1.72494 -0.0171807 0)
(1.72659 -0.0186027 0)
(1.72812 -0.0201538 0)
(1.72953 -0.0218393 0)
(1.7308 -0.0236639 0)
(1.73194 -0.025618 0)
(1.70013 -0.00153814 0)
(1.70119 -0.00439957 0)
(1.70315 -0.00680269 0)
(1.70567 -0.00863421 0)
(1.70832 -0.0100366 0)
(1.71089 -0.0112016 0)
(1.71336 -0.0122444 0)
(1.71573 -0.0132227 0)
(1.71798 -0.014184 0)
(1.72009 -0.0151748 0)
(1.72204 -0.0162315 0)
(1.72385 -0.0173768 0)
(1.72551 -0.0186249 0)
(1.72703 -0.0199857 0)
(1.7284 -0.0214666 0)
(1.72963 -0.023071 0)
(1.73072 -0.0248024 0)
(1.73166 -0.0266503 0)
(1.70016 -0.00190307 0)
(1.70141 -0.00539833 0)
(1.70371 -0.00820025 0)
(1.70654 -0.0102133 0)
(1.7094 -0.0116873 0)
(1.7121 -0.0128823 0)
(1.71463 -0.0139246 0)
(1.71703 -0.0148718 0)
(1.71928 -0.015781 0)
(1.72134 -0.0167098 0)
(1.72322 -0.0176994 0)
(1.72493 -0.0187733 0)
(1.72648 -0.0199451 0)
(1.72787 -0.0212239 0)
(1.7291 -0.0226158 0)
(1.73018 -0.0241232 0)
(1.73109 -0.0257482 0)
(1.73186 -0.0274794 0)
(1.7002 -0.00235519 0)
(1.70175 -0.00660232 0)
(1.70451 -0.00980597 0)
(1.70777 -0.0119426 0)
(1.71088 -0.0134369 0)
(1.71371 -0.0146291 0)
(1.71634 -0.0156447 0)
(1.71879 -0.0165385 0)
(1.72104 -0.0173786 0)
(1.72307 -0.0182311 0)
(1.72488 -0.0191377 0)
(1.72651 -0.0201199 0)
(1.72795 -0.0211901 0)
(1.72922 -0.0223571 0)
(1.73032 -0.0236267 0)
(1.73125 -0.0250018 0)
(1.73201 -0.0264856 0)
(1.73261 -0.0280674 0)
(1.70027 -0.00294385 0)
(1.70228 -0.0080996 0)
(1.7057 -0.0116875 0)
(1.70949 -0.0138711 0)
(1.71289 -0.0153249 0)
(1.71587 -0.0164572 0)
(1.7186 -0.017381 0)
(1.72111 -0.0181622 0)
(1.72338 -0.0188938 0)
(1.72538 -0.019653 0)
(1.72714 -0.020478 0)
(1.72869 -0.0213836 0)
(1.73005 -0.0223763 0)
(1.73122 -0.0234595 0)
(1.7322 -0.0246354 0)
(1.73299 -0.0259052 0)
(1.73361 -0.027272 0)
(1.73406 -0.0287265 0)
(1.70037 -0.00376387 0)
(1.7031 -0.00999645 0)
(1.70747 -0.0138789 0)
(1.71191 -0.0160349 0)
(1.71564 -0.017455 0)
(1.71879 -0.0185369 0)
(1.72163 -0.0193351 0)
(1.72421 -0.0199302 0)
(1.72647 -0.0204536 0)
(1.7284 -0.021002 0)
(1.73008 -0.02162 0)
(1.73153 -0.0223249 0)
(1.73278 -0.0231234 0)
(1.73383 -0.0240174 0)
(1.73468 -0.0250068 0)
(1.73535 -0.0260935 0)
(1.73582 -0.0272829 0)
(1.73614 -0.0285675 0)
(1.70058 -0.00502524 0)
(1.70449 -0.0124792 0)
(1.71011 -0.0163167 0)
(1.71525 -0.018176 0)
(1.71924 -0.0194816 0)
(1.72257 -0.0205529 0)
(1.72559 -0.0213534 0)
(1.72828 -0.0219577 0)
(1.73057 -0.0224971 0)
(1.73251 -0.0230519 0)
(1.73417 -0.0236528 0)
(1.73562 -0.0243115 0)
(1.73686 -0.0250311 0)
(1.73793 -0.0258092 0)
(1.7388 -0.0266455 0)
(1.7395 -0.0275498 0)
(1.74001 -0.0285399 0)
(1.74036 -0.0296191 0)
(1.70104 -0.00709278 0)
(1.70701 -0.0161574 0)
(1.71438 -0.0196471 0)
(1.72028 -0.0207708 0)
(1.72465 -0.0213701 0)
(1.72846 -0.0217093 0)
(1.73212 -0.021815 0)
(1.73549 -0.0218625 0)
(1.73849 -0.0220062 0)
(1.74117 -0.0223011 0)
(1.7436 -0.0227516 0)
(1.74582 -0.0233461 0)
(1.74786 -0.0240595 0)
(1.74971 -0.0248617 0)
(1.75135 -0.0257291 0)
(1.75276 -0.0266755 0)
(1.75392 -0.0277321 0)
(1.75488 -0.0290068 0)
(1.70205 -0.00987122 0)
(1.71331 -0.0209511 0)
(1.72606 -0.0250757 0)
(1.73623 -0.027176 0)
(1.74425 -0.0287388 0)
(1.75125 -0.0295879 0)
(1.75739 -0.0297896 0)
(1.76246 -0.0296796 0)
(1.76644 -0.0295034 0)
(1.76951 -0.029364 0)
(1.77181 -0.0293137 0)
(1.77349 -0.0293729 0)
(1.77462 -0.0295143 0)
(1.77528 -0.0296956 0)
(1.77545 -0.0298703 0)
(1.77513 -0.0300498 0)
(1.77418 -0.0302144 0)
(1.77287 -0.0307962 0)
(1.71516 -0.0107331 0)
(1.7496 -0.0196689 0)
(1.77207 -0.0212532 0)
(1.78088 -0.0221098 0)
(1.78118 -0.0232535 0)
(1.77689 -0.0240529 0)
(1.76963 -0.0244148 0)
(1.76024 -0.0245865 0)
(1.7495 -0.024746 0)
(1.73805 -0.0249598 0)
(1.72636 -0.0252902 0)
(1.71471 -0.0257659 0)
(1.70326 -0.0263211 0)
(1.69208 -0.026853 0)
(1.6811 -0.027272 0)
(1.67032 -0.0274506 0)
(1.65895 -0.0271879 0)
(1.64763 -0.0265275 0)
(1.66121 -0.0563175 0)
(1.59859 -0.0691653 0)
(1.53938 -0.0590996 0)
(1.48321 -0.0469003 0)
(1.43429 -0.0366849 0)
(1.39329 -0.0285449 0)
(1.35833 -0.0221124 0)
(1.32763 -0.0170968 0)
(1.3002 -0.013245 0)
(1.27539 -0.0103395 0)
(1.25274 -0.00823707 0)
(1.2313 -0.00679925 0)
(1.21082 -0.00584672 0)
(1.19115 -0.00521281 0)
(1.17232 -0.00468096 0)
(1.15416 -0.00432074 0)
(1.13802 -0.0024975 0)
(1.12208 -0.0063575 0)
(-0.00718393 0.00477931 0)
(-0.01758 0.00251733 0)
(0.0025787 -0.00384105 0)
(0.0357067 -0.00693569 0)
(0.0640491 -0.0043809 0)
(0.0801214 0.00155817 0)
(0.0813771 0.00721489 0)
(0.0696461 0.010238 0)
(0.0507033 0.0103744 0)
(0.0312267 0.00854662 0)
(0.0157221 0.00556034 0)
(0.00647898 0.00214157 0)
(0.00515951 -0.00091916 0)
(0.0129103 -0.00430451 0)
(0.0302181 -0.00740578 0)
(0.0569437 -0.00962405 0)
(0.0918293 -0.00928182 0)
(0.130889 -0.00455855 0)
(0.166982 0.00417583 0)
(0.192359 0.0126874 0)
(0.203206 0.0150965 0)
(0.201999 0.00988619 0)
(0.194084 0.000887408 0)
(0.185076 -0.006742 0)
(0.178328 -0.00944357 0)
(0.17322 -0.0059435 0)
(0.163714 0.00157191 0)
(0.141237 0.00932488 0)
(0.102141 0.0143861 0)
(0.0549456 0.0144875 0)
(0.0169415 0.00810938 0)
(0.0016436 -0.00304317 0)
(0.0178396 -0.0156324 0)
(0.0642349 -0.0267283 0)
(0.13306 -0.031293 0)
(0.213768 -0.0282512 0)
(0.288644 -0.0194645 0)
(0.343266 -0.00965056 0)
(0.374791 -0.00365692 0)
(0.391337 -0.00337432 0)
(0.403271 -0.00684906 0)
(0.413169 -0.0104448 0)
(0.413317 -0.0114662 0)
(0.388636 -0.00682372 0)
(0.317406 0.0105861 0)
(0.184553 0.0428158 0)
(-0.00474786 0.0757589 0)
(-0.222623 0.094321 0)
(-0.44129 0.0994354 0)
(-0.646601 0.0952653 0)
(-0.82905 0.0856298 0)
(-0.984357 0.0734385 0)
(-1.11167 0.0606004 0)
(-1.21216 0.0482279 0)
(-1.28799 0.0368663 0)
(-1.34135 0.0267948 0)
(-1.37446 0.0181751 0)
(-1.38989 0.0110812 0)
(-1.3896 0.00555438 0)
(-1.37838 0.00118151 0)
(-1.35736 -0.00259462 0)
(-1.32773 -0.00592254 0)
(-1.29037 -0.00885154 0)
(-1.24637 -0.0114504 0)
(-1.19642 -0.0137965 0)
(-1.14109 -0.0159407 0)
(-1.08089 -0.0179179 0)
(-1.01627 -0.0197504 0)
(-0.947624 -0.0214484 0)
(-0.875366 -0.0230104 0)
(-0.799919 -0.0244245 0)
(-0.721753 -0.02567 0)
(-0.641393 -0.0267194 0)
(-0.559424 -0.0275407 0)
(-0.476495 -0.0281014 0)
(-0.393307 -0.0283698 0)
(-0.310609 -0.0283122 0)
(-0.229133 -0.0278791 0)
(-0.149563 -0.0270363 0)
(-0.0724718 -0.0257978 0)
(0.000965297 -0.0241003 0)
(0.0704004 -0.0218644 0)
(0.135939 -0.0197392 0)
(0.196745 -0.0176514 0)
(0.252651 -0.0155731 0)
(0.303536 -0.0135098 0)
(0.349309 -0.0114724 0)
(0.389927 -0.0094722 0)
(0.425391 -0.00752105 0)
(0.455733 -0.00563353 0)
(0.481018 -0.00382536 0)
(0.50132 -0.00207223 0)
(0.516651 -0.000209169 0)
(0.526765 0.0020423 0)
(0.530816 0.00459458 0)
(0.528872 0.00682161 0)
(0.522188 0.00824462 0)
(0.511707 0.00888314 0)
(0.498317 0.00895111 0)
(0.482789 0.00864003 0)
(0.465765 0.00809553 0)
(0.447794 0.00742319 0)
(0.429341 0.00669543 0)
(0.410806 0.00595891 0)
(0.392524 0.00524111 0)
(0.374777 0.00455633 0)
(0.357798 0.00391042 0)
(0.341776 0.00330367 0)
(0.326867 0.00273312 0)
(0.313198 0.00219384 0)
(0.300882 0.00167625 0)
(0.290062 0.0011678 0)
(0.2809 0.000648496 0)
(0.273694 9.95343e-05 0)
(0.268819 -0.000552354 0)
(0.26667 -0.00148369 0)
(0.267939 -0.00273784 0)
(0.273344 -0.00420586 0)
(0.283355 -0.00576623 0)
(0.297886 -0.00716065 0)
(0.315942 -0.00807391 0)
(0.335269 -0.00820147 0)
(0.352488 -0.00739559 0)
(0.363554 -0.00593045 0)
(0.364737 -0.00364215 0)
(0.353043 0.000471441 0)
(0.32355 0.00803633 0)
(0.271754 0.0190829 0)
(0.196161 0.0311573 0)
(0.100812 0.0405367 0)
(-0.00413251 0.0449992 0)
(-0.107068 0.0446301 0)
(-0.201424 0.0412686 0)
(-0.283491 0.0362465 0)
(-0.351544 0.030487 0)
(-0.405189 0.024575 0)
(-0.44474 0.0188269 0)
(-0.470833 0.0134352 0)
(-0.484356 0.00854587 0)
(-0.486117 0.00418108 0)
(-0.47834 0.000340454 0)
(-0.461555 -0.00322234 0)
(-0.436459 -0.00656011 0)
(-0.403712 -0.00966468 0)
(-0.364023 -0.0124976 0)
(-0.318178 -0.0150175 0)
(-0.267051 -0.0171696 0)
(-0.211611 -0.0188662 0)
(-0.152885 -0.020068 0)
(-0.0919045 -0.0206976 0)
(-0.0297848 -0.0206974 0)
(0.0324364 -0.0201557 0)
(0.0937368 -0.0193073 0)
(0.153225 -0.018229 0)
(0.210167 -0.0169548 0)
(0.263971 -0.0155227 0)
(0.314163 -0.0139697 0)
(0.360378 -0.0123277 0)
(0.402334 -0.0106162 0)
(0.439805 -0.0088306 0)
(0.472576 -0.00692128 0)
(0.500361 -0.00477106 0)
(0.522738 -0.00220263 0)
(0.539041 0.000896046 0)
(0.548465 0.00428745 0)
(0.550394 0.00722281 0)
(0.54615 0.0091024 0)
(0.536792 0.00992738 0)
(0.523271 0.00997889 0)
(0.506464 0.00951932 0)
(0.487144 0.00875281 0)
(0.466018 0.00783485 0)
(0.443732 0.00688191 0)
(0.420855 0.00598022 0)
(0.397896 0.00518312 0)
(0.375192 0.00455323 0)
(0.353267 0.00404413 0)
(0.331375 0.00400404 0)
(0.313151 0.0033561 0)
(0.284714 0.00730073 0)
(-0.00200371 0.00856271 0)
(0.0234462 -0.00955874 0)
(0.0814235 -0.0354299 0)
(0.132318 -0.0437171 0)
(0.163234 -0.0337622 0)
(0.173734 -0.0146783 0)
(0.166775 0.0043516 0)
(0.146217 0.0170431 0)
(0.116541 0.0225565 0)
(0.0832345 0.0222341 0)
(0.0510803 0.0175177 0)
(0.0233958 0.0098111 0)
(0.00201349 0.000660081 0)
(-0.00872052 -0.00946362 0)
(-0.00443227 -0.0216545 0)
(0.0160879 -0.0346389 0)
(0.053743 -0.0461136 0)
(0.108829 -0.0530382 0)
(0.180227 -0.0522532 0)
(0.263478 -0.0415543 0)
(0.347836 -0.021814 0)
(0.416461 0.00126444 0)
(0.455202 0.019121 0)
(0.461289 0.0264182 0)
(0.439243 0.0242192 0)
(0.399321 0.0204023 0)
(0.353537 0.0248164 0)
(0.307477 0.0385565 0)
(0.261242 0.0509654 0)
(0.219862 0.0498609 0)
(0.191742 0.0301274 0)
(0.180188 -0.0045939 0)
(0.192981 -0.0435792 0)
(0.229829 -0.0793561 0)
(0.28634 -0.101105 0)
(0.355835 -0.102486 0)
(0.425958 -0.0846137 0)
(0.483632 -0.0571266 0)
(0.522362 -0.0327804 0)
(0.543268 -0.0184027 0)
(0.546258 -0.0108292 0)
(0.516388 0.00234136 0)
(0.41937 0.0398592 0)
(0.224823 0.112396 0)
(-0.0541177 0.19704 0)
(-0.354504 0.255534 0)
(-0.636466 0.280997 0)
(-0.8795 0.277623 0)
(-1.07679 0.254462 0)
(-1.22972 0.221078 0)
(-1.34363 0.184346 0)
(-1.42538 0.148422 0)
(-1.4816 0.115355 0)
(-1.51792 0.085838 0)
(-1.53876 0.0598331 0)
(-1.5475 0.0370854 0)
(-1.5467 0.0173513 0)
(-1.53765 0.000401475 0)
(-1.52163 -0.0139903 0)
(-1.4964 -0.0263269 0)
(-1.46298 -0.0371756 0)
(-1.42215 -0.046791 0)
(-1.37464 -0.0553169 0)
(-1.32109 -0.0629077 0)
(-1.26205 -0.0697249 0)
(-1.19804 -0.0758881 0)
(-1.12949 -0.0814841 0)
(-1.05678 -0.0865665 0)
(-0.98029 -0.0911559 0)
(-0.900394 -0.0952415 0)
(-0.817491 -0.0987854 0)
(-0.732028 -0.101729 0)
(-0.644513 -0.104002 0)
(-0.555514 -0.105531 0)
(-0.465665 -0.106256 0)
(-0.375656 -0.106142 0)
(-0.286232 -0.105174 0)
(-0.198139 -0.103345 0)
(-0.112012 -0.100675 0)
(-0.0284096 -0.0971045 0)
(0.0520298 -0.0925953 0)
(0.12913 -0.0872289 0)
(0.202393 -0.0816455 0)
(0.271287 -0.0758093 0)
(0.335581 -0.069748 0)
(0.395136 -0.0635274 0)
(0.449874 -0.0572102 0)
(0.499765 -0.0508508 0)
(0.544823 -0.0444939 0)
(0.58509 -0.0381714 0)
(0.620621 -0.0318966 0)
(0.651453 -0.0256531 0)
(0.677609 -0.0193707 0)
(0.69936 -0.0129331 0)
(0.717791 -0.00638239 0)
(0.733326 -5.69666e-05 0)
(0.744986 0.00568138 0)
(0.75223 0.010667 0)
(0.754991 0.0148457 0)
(0.753356 0.0182136 0)
(0.747573 0.0208028 0)
(0.738021 0.0226595 0)
(0.725165 0.0238407 0)
(0.709522 0.0244128 0)
(0.691634 0.0244475 0)
(0.672045 0.0240179 0)
(0.651286 0.023195 0)
(0.629858 0.0220449 0)
(0.608225 0.0206234 0)
(0.586811 0.0189686 0)
(0.566013 0.0170878 0)
(0.546226 0.014945 0)
(0.527884 0.0124492 0)
(0.511502 0.00947411 0)
(0.497681 0.00586102 0)
(0.487168 0.00144192 0)
(0.48054 -0.00375354 0)
(0.477971 -0.00946405 0)
(0.479667 -0.0153248 0)
(0.485704 -0.0204908 0)
(0.495476 -0.0235751 0)
(0.506862 -0.022844 0)
(0.515232 -0.0169083 0)
(0.513637 -0.00484544 0)
(0.492307 0.0136775 0)
(0.440256 0.0389587 0)
(0.351373 0.0703233 0)
(0.228573 0.102696 0)
(0.0866304 0.127375 0)
(-0.0516432 0.136192 0)
(-0.171298 0.131488 0)
(-0.268963 0.118297 0)
(-0.34515 0.100927 0)
(-0.402099 0.0822917 0)
(-0.442662 0.0639962 0)
(-0.469596 0.0467611 0)
(-0.485187 0.0307938 0)
(-0.491207 0.0161663 0)
(-0.488911 0.00291593 0)
(-0.479266 -0.00924674 0)
(-0.461095 -0.0203967 0)
(-0.434857 -0.0307589 0)
(-0.400964 -0.0403814 0)
(-0.359927 -0.0492315 0)
(-0.312377 -0.0572153 0)
(-0.259058 -0.0642506 0)
(-0.200771 -0.0702351 0)
(-0.138467 -0.0749842 0)
(-0.0731889 -0.0784584 0)
(-0.00586186 -0.0804505 0)
(0.0626316 -0.0808845 0)
(0.131252 -0.0800495 0)
(0.199081 -0.0781577 0)
(0.265288 -0.0753577 0)
(0.329168 -0.0717848 0)
(0.390148 -0.0675759 0)
(0.447776 -0.0628597 0)
(0.501706 -0.0577466 0)
(0.551681 -0.0523176 0)
(0.597505 -0.0466154 0)
(0.639024 -0.0406404 0)
(0.676135 -0.0343554 0)
(0.70886 -0.0276913 0)
(0.737537 -0.0205698 0)
(0.762901 -0.0130141 0)
(0.785614 -0.00530865 0)
(0.804374 0.00212577 0)
(0.817932 0.00900438 0)
(0.825664 0.0151478 0)
(0.827216 0.0204317 0)
(0.822447 0.0247875 0)
(0.811445 0.0281778 0)
(0.794508 0.0306005 0)
(0.772122 0.0320986 0)
(0.744973 0.0327541 0)
(0.713834 0.0326962 0)
(0.679819 0.0320475 0)
(0.643233 0.0311104 0)
(0.607579 0.0298322 0)
(0.563968 0.0295499 0)
(0.0105455 -0.0110147 0)
(0.0824079 -0.0607586 0)
(0.153481 -0.0881285 0)
(0.194238 -0.0808724 0)
(0.200499 -0.0487009 0)
(0.180272 -0.00807504 0)
(0.140935 0.0271242 0)
(0.0878928 0.0509323 0)
(0.0271247 0.0629227 0)
(-0.0385333 0.0652906 0)
(-0.103935 0.0596119 0)
(-0.161767 0.0469603 0)
(-0.205053 0.0280173 0)
(-0.227985 0.00353049 0)
(-0.228565 -0.0253501 0)
(-0.206457 -0.0555971 0)
(-0.16301 -0.0838183 0)
(-0.100007 -0.10669 0)
(-0.0190251 -0.120949 0)
(0.0788928 -0.12344 0)
(0.192138 -0.11126 0)
(0.316055 -0.0826175 0)
(0.438252 -0.040374 0)
(0.534 0.00447076 0)
(0.5826 0.038668 0)
(0.584251 0.0582784 0)
(0.551408 0.0687488 0)
(0.504401 0.0780832 0)
(0.461012 0.084708 0)
(0.429042 0.0781559 0)
(0.408851 0.0510088 0)
(0.399432 0.00463723 0)
(0.403238 -0.0513231 0)
(0.421144 -0.105035 0)
(0.45275 -0.142283 0)
(0.494685 -0.151458 0)
(0.538702 -0.130777 0)
(0.57383 -0.0919645 0)
(0.591057 -0.0524205 0)
(0.580786 -0.0193354 0)
(0.515892 0.0249032 0)
(0.356936 0.109175 0)
(0.0889788 0.237478 0)
(-0.235737 0.361398 0)
(-0.543245 0.442055 0)
(-0.799257 0.471724 0)
(-0.995671 0.459413 0)
(-1.13811 0.418347 0)
(-1.23938 0.362132 0)
(-1.31274 0.301671 0)
(-1.368 0.243698 0)
(-1.41094 0.191362 0)
(-1.44417 0.145468 0)
(-1.46845 0.105608 0)
(-1.4837 0.0709149 0)
(-1.48969 0.0405138 0)
(-1.48643 0.0136829 0)
(-1.47413 -0.0102062 0)
(-1.45312 -0.0316252 0)
(-1.42411 -0.0508048 0)
(-1.38783 -0.0679022 0)
(-1.34492 -0.0831605 0)
(-1.29598 -0.0967983 0)
(-1.24159 -0.10903 0)
(-1.18221 -0.12006 0)
(-1.11829 -0.130063 0)
(-1.05019 -0.139169 0)
(-0.978231 -0.147458 0)
(-0.90274 -0.154957 0)
(-0.824033 -0.161639 0)
(-0.742469 -0.167431 0)
(-0.658463 -0.172224 0)
(-0.572498 -0.175893 0)
(-0.485135 -0.178307 0)
(-0.397005 -0.179368 0)
(-0.308808 -0.179031 0)
(-0.221281 -0.177307 0)
(-0.135127 -0.174233 0)
(-0.0509593 -0.169753 0)
(0.0306724 -0.163708 0)
(0.109353 -0.156376 0)
(0.184707 -0.148157 0)
(0.256228 -0.139322 0)
(0.323588 -0.129995 0)
(0.386592 -0.120307 0)
(0.44515 -0.11039 0)
(0.499242 -0.100359 0)
(0.548907 -0.0903101 0)
(0.59423 -0.080321 0)
(0.635331 -0.0704471 0)
(0.672359 -0.0607093 0)
(0.705498 -0.0510813 0)
(0.734973 -0.0415546 0)
(0.761004 -0.0322664 0)
(0.783766 -0.023422 0)
(0.803465 -0.0150546 0)
(0.820498 -0.00705274 0)
(0.835054 0.000601505 0)
(0.846887 0.00779222 0)
(0.855833 0.0144009 0)
(0.861762 0.0203264 0)
(0.86457 0.0254875 0)
(0.864216 0.0298271 0)
(0.860733 0.0333116 0)
(0.854238 0.0359315 0)
(0.844929 0.0377002 0)
(0.833075 0.0386511 0)
(0.81901 0.0388324 0)
(0.803119 0.0382976 0)
(0.785829 0.0370918 0)
(0.767607 0.0352331 0)
(0.748951 0.0326929 0)
(0.730363 0.0293864 0)
(0.712288 0.0251835 0)
(0.695009 0.0199659 0)
(0.678574 0.0136994 0)
(0.66292 0.0064127 0)
(0.648143 -0.0018051 0)
(0.634724 -0.0104946 0)
(0.623021 -0.0186442 0)
(0.612621 -0.0238772 0)
(0.601249 -0.0223754 0)
(0.583788 -0.00981739 0)
(0.550851 0.0175791 0)
(0.49178 0.0598676 0)
(0.400083 0.112815 0)
(0.278645 0.167212 0)
(0.142288 0.210723 0)
(0.0135062 0.231606 0)
(-0.0911192 0.226944 0)
(-0.172307 0.206141 0)
(-0.23422 0.177236 0)
(-0.28152 0.146069 0)
(-0.317845 0.115857 0)
(-0.345395 0.0879095 0)
(-0.365233 0.0624233 0)
(-0.377541 0.0391477 0)
(-0.382214 0.01779 0)
(-0.379289 -0.00204578 0)
(-0.368715 -0.0207903 0)
(-0.350399 -0.0385329 0)
(-0.324598 -0.0552275 0)
(-0.291628 -0.0707919 0)
(-0.251867 -0.0851721 0)
(-0.205839 -0.0981474 0)
(-0.154256 -0.109562 0)
(-0.097815 -0.119192 0)
(-0.0373774 -0.126854 0)
(0.0261457 -0.132263 0)
(0.0917015 -0.135384 0)
(0.15832 -0.136349 0)
(0.225096 -0.135346 0)
(0.291162 -0.132592 0)
(0.355739 -0.128322 0)
(0.418177 -0.122776 0)
(0.477961 -0.116196 0)
(0.534705 -0.108809 0)
(0.588139 -0.100812 0)
(0.638096 -0.0923612 0)
(0.684507 -0.0835514 0)
(0.727388 -0.0744211 0)
(0.766836 -0.0649818 0)
(0.803003 -0.0552999 0)
(0.83604 -0.0455641 0)
(0.866047 -0.0359946 0)
(0.893162 -0.0266027 0)
(0.917639 -0.0171863 0)
(0.939732 -0.00758074 0)
(0.959069 0.00217471 0)
(0.974957 0.0119218 0)
(0.986755 0.0214697 0)
(0.993717 0.0305954 0)
(0.995108 0.0390557 0)
(0.990288 0.0466045 0)
(0.978823 0.0530156 0)
(0.960491 0.0581235 0)
(0.935623 0.0618129 0)
(0.904057 0.0641632 0)
(0.869135 0.0652393 0)
(0.822942 0.0654232 0)
(0.0350015 -0.0638714 0)
(0.122293 -0.134574 0)
(0.173884 -0.1348 0)
(0.174703 -0.0893767 0)
(0.135479 -0.0247944 0)
(0.0725171 0.0386352 0)
(-0.00273864 0.0863295 0)
(-0.0878698 0.115501 0)
(-0.179364 0.12966 0)
(-0.270427 0.130472 0)
(-0.352353 0.117585 0)
(-0.417383 0.0915089 0)
(-0.459748 0.0539154 0)
(-0.477001 0.00835952 0)
(-0.469457 -0.0408391 0)
(-0.438735 -0.0896766 0)
(-0.386817 -0.134349 0)
(-0.316056 -0.17153 0)
(-0.22892 -0.198656 0)
(-0.127537 -0.213597 0)
(-0.0132422 -0.21396 0)
(0.114375 -0.196192 0)
(0.254788 -0.156503 0)
(0.402413 -0.0941898 0)
(0.537681 -0.0203967 0)
(0.628919 0.0433361 0)
(0.668254 0.0865045 0)
(0.668453 0.109451 0)
(0.650701 0.114649 0)
(0.630717 0.100805 0)
(0.614896 0.0658257 0)
(0.604052 0.0123906 0)
(0.597396 -0.0517103 0)
(0.595316 -0.114545 0)
(0.599866 -0.160723 0)
(0.610277 -0.174631 0)
(0.620217 -0.150332 0)
(0.619054 -0.0985194 0)
(0.591417 -0.0348277 0)
(0.504384 0.0466431 0)
(0.31661 0.171628 0)
(0.0199817 0.345312 0)
(-0.310317 0.50562 0)
(-0.598583 0.607081 0)
(-0.81817 0.641262 0)
(-0.971026 0.620358 0)
(-1.0733 0.564651 0)
(-1.14413 0.492201 0)
(-1.19876 0.416098 0)
(-1.24568 0.343721 0)
(-1.28761 0.277957 0)
(-1.32411 0.219162 0)
(-1.35372 0.166688 0)
(-1.37512 0.119711 0)
(-1.38752 0.0775055 0)
(-1.39073 0.0395624 0)
(-1.38489 0.00546472 0)
(-1.37039 -0.0252993 0)
(-1.34775 -0.0530649 0)
(-1.31763 -0.0780762 0)
(-1.28069 -0.100535 0)
(-1.23758 -0.120678 0)
(-1.18888 -0.138761 0)
(-1.13514 -0.155047 0)
(-1.0768 -0.169791 0)
(-1.01427 -0.183215 0)
(-0.947852 -0.19549 0)
(-0.877823 -0.206723 0)
(-0.804431 -0.216944 0)
(-0.72794 -0.226106 0)
(-0.648651 -0.234094 0)
(-0.566938 -0.24074 0)
(-0.483256 -0.245853 0)
(-0.398155 -0.249243 0)
(-0.312285 -0.250769 0)
(-0.226367 -0.250362 0)
(-0.141129 -0.248037 0)
(-0.0572966 -0.243721 0)
(0.0244275 -0.23722 0)
(0.103522 -0.22868 0)
(0.179585 -0.218622 0)
(0.252072 -0.207357 0)
(0.320622 -0.195167 0)
(0.384972 -0.182303 0)
(0.444967 -0.168991 0)
(0.500545 -0.15543 0)
(0.551716 -0.141791 0)
(0.59855 -0.128214 0)
(0.641164 -0.114809 0)
(0.679711 -0.101655 0)
(0.714374 -0.0888059 0)
(0.745368 -0.0762955 0)
(0.772952 -0.0641519 0)
(0.797413 -0.05242 0)
(0.819008 -0.041155 0)
(0.837926 -0.0304249 0)
(0.854309 -0.0203171 0)
(0.868359 -0.0108654 0)
(0.880407 -0.00203608 0)
(0.890635 0.00618084 0)
(0.899116 0.0137777 0)
(0.905868 0.020731 0)
(0.910854 0.0270039 0)
(0.913994 0.0325505 0)
(0.915191 0.0373207 0)
(0.914352 0.0412674 0)
(0.911414 0.0443532 0)
(0.90636 0.0465528 0)
(0.899228 0.047849 0)
(0.890115 0.0482218 0)
(0.879168 0.0476342 0)
(0.866565 0.0460251 0)
(0.852473 0.0433285 0)
(0.836984 0.0395193 0)
(0.820073 0.0346632 0)
(0.801616 0.0288837 0)
(0.781482 0.0222384 0)
(0.75964 0.014664 0)
(0.736058 0.00641059 0)
(0.710733 -0.00130134 0)
(0.683102 -0.00509148 0)
(0.650748 0.000990582 0)
(0.608488 0.0240893 0)
(0.549346 0.0684578 0)
(0.467294 0.132313 0)
(0.362684 0.205328 0)
(0.245877 0.270169 0)
(0.134552 0.30994 0)
(0.0429349 0.316107 0)
(-0.0266708 0.293736 0)
(-0.0811191 0.257194 0)
(-0.125503 0.216513 0)
(-0.162842 0.176766 0)
(-0.194164 0.139828 0)
(-0.21942 0.105881 0)
(-0.238173 0.0745317 0)
(-0.249812 0.0454241 0)
(-0.254245 0.0182129 0)
(-0.251389 -0.00786361 0)
(-0.241417 -0.0326736 0)
(-0.224245 -0.0563543 0)
(-0.199974 -0.0788626 0)
(-0.168887 -0.0999827 0)
(-0.131322 -0.119652 0)
(-0.0876594 -0.137499 0)
(-0.0385433 -0.153297 0)
(0.0154248 -0.166494 0)
(0.0732227 -0.176876 0)
(0.133774 -0.18428 0)
(0.196153 -0.18865 0)
(0.259428 -0.190079 0)
(0.322704 -0.188784 0)
(0.385149 -0.185063 0)
(0.446042 -0.179255 0)
(0.504789 -0.171719 0)
(0.560932 -0.16281 0)
(0.614146 -0.152858 0)
(0.664221 -0.142153 0)
(0.711053 -0.130932 0)
(0.754628 -0.119378 0)
(0.795016 -0.107615 0)
(0.832369 -0.0957309 0)
(0.8669 -0.0837896 0)
(0.898836 -0.0718538 0)
(0.92834 -0.0599846 0)
(0.955489 -0.0482355 0)
(0.980311 -0.0366649 0)
(1.00288 -0.0252752 0)
(1.02344 -0.0139476 0)
(1.04223 -0.00253198 0)
(1.05917 0.00905121 0)
(1.07401 0.0208431 0)
(1.08629 0.0328004 0)
(1.09527 0.0447654 0)
(1.10006 0.0564618 0)
(1.09959 0.0675212 0)
(1.09307 0.077528 0)
(1.07915 0.0860724 0)
(1.05964 0.0930441 0)
(1.02737 0.0972731 0)
(0.0545855 -0.145203 0)
(0.116211 -0.194621 0)
(0.118062 -0.136882 0)
(0.0687987 -0.0467834 0)
(-0.0101036 0.0439638 0)
(-0.100441 0.113855 0)
(-0.202215 0.164983 0)
(-0.311368 0.197609 0)
(-0.42052 0.210898 0)
(-0.519982 0.203824 0)
(-0.60142 0.176602 0)
(-0.659591 0.131645 0)
(-0.692169 0.0732027 0)
(-0.699374 0.0068557 0)
(-0.682417 -0.0621707 0)
(-0.64303 -0.129142 0)
(-0.583374 -0.19002 0)
(-0.505888 -0.24137 0)
(-0.413104 -0.280398 0)
(-0.30755 -0.305019 0)
(-0.191413 -0.313792 0)
(-0.0664629 -0.3057 0)
(0.0686669 -0.276529 0)
(0.215972 -0.222584 0)
(0.373621 -0.142659 0)
(0.528297 -0.0474082 0)
(0.64957 0.0373913 0)
(0.724246 0.0941514 0)
(0.760079 0.118471 0)
(0.771736 0.1121 0)
(0.770569 0.0791813 0)
(0.760952 0.0260911 0)
(0.743596 -0.0384432 0)
(0.722084 -0.103837 0)
(0.700985 -0.154022 0)
(0.68018 -0.168781 0)
(0.652706 -0.136476 0)
(0.605249 -0.0629832 0)
(0.50667 0.0474427 0)
(0.314263 0.207449 0)
(0.0176647 0.417113 0)
(-0.304362 0.611551 0)
(-0.573695 0.735961 0)
(-0.767264 0.779399 0)
(-0.89286 0.757842 0)
(-0.972053 0.695789 0)
(-1.02702 0.615654 0)
(-1.07279 0.531941 0)
(-1.11598 0.451681 0)
(-1.15744 0.377109 0)
(-1.19548 0.308337 0)
(-1.22803 0.244918 0)
(-1.25347 0.186412 0)
(-1.27081 0.132515 0)
(-1.27949 0.0829869 0)
(-1.2795 0.0376618 0)
(-1.27092 -0.00362954 0)
(-1.25415 -0.0412291 0)
(-1.22968 -0.075312 0)
(-1.19812 -0.106078 0)
(-1.16017 -0.133744 0)
(-1.11647 -0.158573 0)
(-1.06766 -0.180866 0)
(-1.01428 -0.200948 0)
(-0.956794 -0.219141 0)
(-0.895549 -0.235733 0)
(-0.830823 -0.25095 0)
(-0.762825 -0.264932 0)
(-0.691731 -0.277716 0)
(-0.617725 -0.289235 0)
(-0.541036 -0.299322 0)
(-0.461979 -0.307742 0)
(-0.38097 -0.314234 0)
(-0.298549 -0.318536 0)
(-0.215383 -0.320457 0)
(-0.132151 -0.319929 0)
(-0.0496456 -0.316799 0)
(0.031294 -0.310825 0)
(0.110061 -0.302126 0)
(0.186157 -0.291169 0)
(0.258995 -0.278327 0)
(0.328146 -0.263952 0)
(0.393294 -0.248408 0)
(0.454219 -0.232034 0)
(0.510803 -0.215135 0)
(0.563009 -0.197974 0)
(0.610873 -0.180774 0)
(0.654484 -0.163717 0)
(0.693976 -0.146946 0)
(0.729516 -0.130569 0)
(0.761302 -0.114665 0)
(0.789559 -0.099284 0)
(0.814535 -0.0844693 0)
(0.836488 -0.0702754 0)
(0.855663 -0.0567695 0)
(0.872283 -0.0440075 0)
(0.886553 -0.0320199 0)
(0.898658 -0.0208261 0)
(0.908767 -0.0104391 0)
(0.917075 -0.000849975 0)
(0.923802 0.00795965 0)
(0.929125 0.016012 0)
(0.933188 0.0233241 0)
(0.936097 0.0299076 0)
(0.9379 0.0357637 0)
(0.938593 0.0408816 0)
(0.938127 0.0452397 0)
(0.936416 0.0488082 0)
(0.933359 0.0515497 0)
(0.928844 0.0534173 0)
(0.922755 0.0543555 0)
(0.91496 0.0543114 0)
(0.905282 0.0532643 0)
(0.893473 0.0512609 0)
(0.879199 0.0484167 0)
(0.862079 0.0448533 0)
(0.841769 0.040572 0)
(0.818022 0.035462 0)
(0.790584 0.0296708 0)
(0.758915 0.0248595 0)
(0.72175 0.0254381 0)
(0.676687 0.0388672 0)
(0.620356 0.0732797 0)
(0.549461 0.132494 0)
(0.46348 0.211029 0)
(0.367765 0.292682 0)
(0.273684 0.355559 0)
(0.193085 0.383194 0)
(0.129953 0.373549 0)
(0.0801152 0.338594 0)
(0.0376702 0.293542 0)
(-5.4578e-05 0.247169 0)
(-0.0334349 0.202963 0)
(-0.0618798 0.161544 0)
(-0.0849179 0.122645 0)
(-0.101847 0.0860504 0)
(-0.11208 0.0514459 0)
(-0.116065 0.0185097 0)
(-0.113455 -0.013238 0)
(-0.10423 -0.0436145 0)
(-0.0884382 -0.0728143 0)
(-0.066048 -0.100741 0)
(-0.0371261 -0.127263 0)
(-0.00193732 -0.152028 0)
(0.039243 -0.174527 0)
(0.0854411 -0.194311 0)
(0.136008 -0.210913 0)
(0.19009 -0.223961 0)
(0.246748 -0.233236 0)
(0.305018 -0.238687 0)
(0.363965 -0.240434 0)
(0.422718 -0.238751 0)
(0.480501 -0.234018 0)
(0.536656 -0.22668 0)
(0.590663 -0.217207 0)
(0.642137 -0.206064 0)
(0.690818 -0.193683 0)
(0.736563 -0.180444 0)
(0.779328 -0.166662 0)
(0.819153 -0.152583 0)
(0.856148 -0.138386 0)
(0.890477 -0.124199 0)
(0.922338 -0.110118 0)
(0.95193 -0.0962218 0)
(0.979432 -0.0825686 0)
(1.00498 -0.0691683 0)
(1.02869 -0.0559859 0)
(1.05063 -0.0429708 0)
(1.0708 -0.0300761 0)
(1.08925 -0.0172372 0)
(1.10608 -0.00435723 0)
(1.12139 0.00866041 0)
(1.13526 0.0219356 0)
(1.14765 0.0355716 0)
(1.15836 0.0495996 0)
(1.16683 0.0639143 0)
(1.17239 0.0782611 0)
(1.17345 0.0921007 0)
(1.17036 0.105212 0)
(1.15726 0.115594 0)
(0.0440829 -0.216988 0)
(0.056629 -0.199231 0)
(0.00792344 -0.0845746 0)
(-0.0730644 0.0287088 0)
(-0.172655 0.124498 0)
(-0.287218 0.202619 0)
(-0.410296 0.259485 0)
(-0.533543 0.292103 0)
(-0.647523 0.297741 0)
(-0.74379 0.276152 0)
(-0.816999 0.230071 0)
(-0.864745 0.164405 0)
(-0.88674 0.0849769 0)
(-0.883895 -0.001657 0)
(-0.858062 -0.0895454 0)
(-0.811141 -0.173686 0)
(-0.745345 -0.249849 0)
(-0.663042 -0.314526 0)
(-0.566647 -0.364923 0)
(-0.45855 -0.398949 0)
(-0.341124 -0.415134 0)
(-0.216441 -0.412542 0)
(-0.0859021 -0.390483 0)
(0.0523213 -0.345679 0)
(0.201395 -0.275156 0)
(0.360841 -0.18031 0)
(0.520094 -0.0738566 0)
(0.654585 0.0181033 0)
(0.748793 0.0755933 0)
(0.804712 0.0939653 0)
(0.829918 0.0781018 0)
(0.831081 0.0377388 0)
(0.812244 -0.0173795 0)
(0.779949 -0.0782159 0)
(0.741396 -0.126456 0)
(0.694984 -0.135176 0)
(0.631209 -0.0855902 0)
(0.527084 0.0268719 0)
(0.343203 0.206739 0)
(0.06365 0.444393 0)
(-0.246274 0.673087 0)
(-0.503529 0.827214 0)
(-0.683376 0.889564 0)
(-0.795088 0.876742 0)
(-0.86231 0.817096 0)
(-0.908349 0.735977 0)
(-0.948237 0.649582 0)
(-0.987873 0.56512 0)
(-1.0275 0.484609 0)
(-1.06526 0.40818 0)
(-1.09907 0.335688 0)
(-1.12728 0.267106 0)
(-1.14862 0.202489 0)
(-1.16225 0.141911 0)
(-1.16755 0.0854757 0)
(-1.16455 0.0332342 0)
(-1.15321 -0.0148585 0)
(-1.13395 -0.0589084 0)
(-1.10722 -0.0989558 0)
(-1.07368 -0.13513 0)
(-1.03407 -0.167632 0)
(-0.98912 -0.196743 0)
(-0.939516 -0.22282 0)
(-0.885855 -0.246262 0)
(-0.828617 -0.267481 0)
(-0.768157 -0.28685 0)
(-0.704716 -0.304669 0)
(-0.638446 -0.321124 0)
(-0.569448 -0.336268 0)
(-0.49782 -0.35001 0)
(-0.423709 -0.362132 0)
(-0.34737 -0.372319 0)
(-0.269159 -0.380219 0)
(-0.189628 -0.385485 0)
(-0.109346 -0.387894 0)
(-0.0291306 -0.387134 0)
(0.0501162 -0.382835 0)
(0.127772 -0.375142 0)
(0.203182 -0.364389 0)
(0.275717 -0.350936 0)
(0.344872 -0.335202 0)
(0.410258 -0.317641 0)
(0.471598 -0.298703 0)
(0.528715 -0.278812 0)
(0.581528 -0.258345 0)
(0.630031 -0.237627 0)
(0.674281 -0.216931 0)
(0.714388 -0.196477 0)
(0.750497 -0.17644 0)
(0.782787 -0.156952 0)
(0.81146 -0.138112 0)
(0.836739 -0.119991 0)
(0.858862 -0.102648 0)
(0.878076 -0.0861323 0)
(0.89462 -0.0704916 0)
(0.908716 -0.0557606 0)
(0.920573 -0.0419621 0)
(0.930385 -0.0291076 0)
(0.938335 -0.0171964 0)
(0.944584 -0.0062197 0)
(0.949292 0.00383601 0)
(0.952624 0.0129891 0)
(0.954726 0.0212672 0)
(0.955737 0.0287007 0)
(0.955776 0.0353209 0)
(0.95493 0.0411564 0)
(0.953252 0.0462298 0)
(0.950751 0.0505547 0)
(0.947393 0.0541334 0)
(0.943094 0.0569564 0)
(0.937721 0.0590086 0)
(0.93108 0.0602873 0)
(0.9229 0.0608327 0)
(0.912815 0.0607543 0)
(0.900376 0.0602151 0)
(0.885079 0.059344 0)
(0.866414 0.0581176 0)
(0.843863 0.0564262 0)
(0.816753 0.0546202 0)
(0.784025 0.0547485 0)
(0.744095 0.0617672 0)
(0.695089 0.0835001 0)
(0.635616 0.127734 0)
(0.565895 0.196569 0)
(0.489114 0.281229 0)
(0.411991 0.362135 0)
(0.342575 0.416958 0)
(0.285714 0.432967 0)
(0.239864 0.413479 0)
(0.200284 0.372675 0)
(0.163874 0.324293 0)
(0.130043 0.275184 0)
(0.0997314 0.227698 0)
(0.0741163 0.182333 0)
(0.0535085 0.138725 0)
(0.038868 0.097167 0)
(0.0302463 0.0575702 0)
(0.0272716 0.0191669 0)
(0.0302858 -0.0176618 0)
(0.0390954 -0.0531654 0)
(0.0539064 -0.0875528 0)
(0.0746837 -0.120637 0)
(0.101432 -0.152224 0)
(0.133902 -0.181772 0)
(0.171715 -0.208736 0)
(0.214307 -0.23241 0)
(0.260945 -0.252223 0)
(0.310748 -0.267717 0)
(0.362774 -0.278635 0)
(0.416071 -0.284935 0)
(0.469742 -0.286792 0)
(0.522975 -0.284555 0)
(0.575073 -0.278705 0)
(0.62547 -0.269797 0)
(0.673735 -0.258414 0)
(0.719572 -0.245128 0)
(0.762802 -0.230469 0)
(0.803355 -0.214903 0)
(0.841247 -0.198816 0)
(0.876568 -0.182513 0)
(0.909461 -0.166222 0)
(0.940109 -0.150101 0)
(0.968714 -0.134253 0)
(0.995473 -0.118739 0)
(1.02056 -0.103582 0)
(1.0441 -0.0887647 0)
(1.06622 -0.0742406 0)
(1.08697 -0.0599418 0)
(1.10641 -0.0457837 0)
(1.12454 -0.0316705 0)
(1.14135 -0.0175108 0)
(1.15681 -0.00323457 0)
(1.17088 0.0112035 0)
(1.18359 0.0258743 0)
(1.19502 0.0408756 0)
(1.20521 0.056301 0)
(1.21419 0.0722282 0)
(1.22131 0.0884568 0)
(1.22677 0.105034 0)
(1.22695 0.120363 0)
(0.0117796 -0.239974 0)
(-0.0238732 -0.146325 0)
(-0.104548 -0.0132117 0)
(-0.207681 0.112414 0)
(-0.330263 0.221227 0)
(-0.463974 0.30713 0)
(-0.599611 0.36511 0)
(-0.726991 0.390666 0)
(-0.8374 0.382211 0)
(-0.925098 0.341937 0)
(-0.987433 0.275033 0)
(-1.02381 0.188221 0)
(-1.03509 0.0882824 0)
(-1.02271 -0.0174856 0)
(-0.989017 -0.122933 0)
(-0.935972 -0.222838 0)
(-0.865802 -0.312876 0)
(-0.780798 -0.389535 0)
(-0.683225 -0.450072 0)
(-0.575293 -0.492461 0)
(-0.459124 -0.515345 0)
(-0.336724 -0.517902 0)
(-0.209596 -0.499608 0)
(-0.078474 -0.460313 0)
(0.0591103 -0.397458 0)
(0.205919 -0.310374 0)
(0.360052 -0.204646 0)
(0.511345 -0.0961235 0)
(0.640916 -0.00820869 0)
(0.73375 0.0424168 0)
(0.787683 0.0555234 0)
(0.806326 0.0394237 0)
(0.79675 0.00199317 0)
(0.767779 -0.0476892 0)
(0.724351 -0.0861966 0)
(0.660212 -0.0780036 0)
(0.559794 0.00391755 0)
(0.392798 0.175922 0)
(0.139852 0.425443 0)
(-0.154807 0.687758 0)
(-0.406308 0.87963 0)
(-0.582496 0.972642 0)
(-0.689944 0.979286 0)
(-0.751939 0.929591 0)
(-0.792449 0.852401 0)
(-0.827209 0.766445 0)
(-0.862654 0.680301 0)
(-0.899385 0.596408 0)
(-0.935822 0.515009 0)
(-0.970053 0.436051 0)
(-1.00033 0.359648 0)
(-1.02515 0.286046 0)
(-1.04323 0.215555 0)
(-1.05368 0.148495 0)
(-1.05586 0.085289 0)
(-1.04987 0.0262517 0)
(-1.0356 -0.0285666 0)
(-1.01354 -0.0789335 0)
(-0.984185 -0.124778 0)
(-0.948234 -0.166142 0)
(-0.906485 -0.203194 0)
(-0.859745 -0.236235 0)
(-0.808774 -0.265681 0)
(-0.754232 -0.292027 0)
(-0.696643 -0.315794 0)
(-0.636379 -0.337469 0)
(-0.573669 -0.357447 0)
(-0.508626 -0.375981 0)
(-0.441291 -0.393157 0)
(-0.371691 -0.408871 0)
(-0.299891 -0.422845 0)
(-0.226091 -0.434672 0)
(-0.150592 -0.443938 0)
(-0.0738846 -0.450135 0)
(0.00325818 -0.45278 0)
(0.0800562 -0.451334 0)
(0.155855 -0.445881 0)
(0.229886 -0.436551 0)
(0.301469 -0.423633 0)
(0.370023 -0.407562 0)
(0.435084 -0.388855 0)
(0.496311 -0.368062 0)
(0.553475 -0.345723 0)
(0.606446 -0.322342 0)
(0.655183 -0.298363 0)
(0.699713 -0.274167 0)
(0.740116 -0.250069 0)
(0.776517 -0.226324 0)
(0.809071 -0.203133 0)
(0.837959 -0.180649 0)
(0.863383 -0.158986 0)
(0.885559 -0.138231 0)
(0.904715 -0.118446 0)
(0.921084 -0.0996818 0)
(0.934897 -0.0819773 0)
(0.946371 -0.0653602 0)
(0.955714 -0.0498445 0)
(0.963122 -0.0354311 0)
(0.968781 -0.0221077 0)
(0.972863 -0.00985375 0)
(0.975518 0.00135511 0)
(0.976898 0.0115458 0)
(0.977132 0.0207575 0)
(0.976335 0.0290326 0)
(0.974606 0.036413 0)
(0.972026 0.0429421 0)
(0.968654 0.0486636 0)
(0.964526 0.053619 0)
(0.959644 0.0578449 0)
(0.953973 0.0613734 0)
(0.947427 0.0642397 0)
(0.939864 0.0665035 0)
(0.931071 0.0682788 0)
(0.920755 0.0697536 0)
(0.90855 0.0711592 0)
(0.894022 0.0726745 0)
(0.876666 0.0743351 0)
(0.85583 0.0761629 0)
(0.830578 0.0787766 0)
(0.799585 0.0845145 0)
(0.761306 0.0984133 0)
(0.714619 0.127765 0)
(0.659801 0.179007 0)
(0.599303 0.252261 0)
(0.537728 0.336864 0)
(0.480659 0.412739 0)
(0.432067 0.459622 0)
(0.392047 0.468396 0)
(0.357209 0.444631 0)
(0.324211 0.401843 0)
(0.292375 0.351859 0)
(0.262649 0.300559 0)
(0.236312 0.250046 0)
(0.214347 0.200987 0)
(0.196981 0.153443 0)
(0.184687 0.107538 0)
(0.177377 0.0632209 0)
(0.174924 0.0202171 0)
(0.177628 -0.0213579 0)
(0.185528 -0.0616675 0)
(0.198941 -0.100864 0)
(0.217888 -0.138811 0)
(0.242345 -0.175121 0)
(0.272084 -0.209169 0)
(0.306681 -0.240197 0)
(0.345534 -0.267384 0)
(0.387886 -0.290019 0)
(0.432864 -0.307573 0)
(0.479553 -0.319772 0)
(0.527059 -0.326605 0)
(0.574561 -0.328313 0)
(0.621346 -0.32534 0)
(0.666826 -0.318272 0)
(0.710551 -0.307777 0)
(0.752201 -0.294549 0)
(0.79158 -0.279262 0)
(0.828603 -0.262533 0)
(0.863273 -0.244904 0)
(0.89567 -0.226822 0)
(0.92593 -0.208637 0)
(0.954227 -0.190607 0)
(0.980757 -0.172907 0)
(1.00572 -0.155643 0)
(1.02932 -0.138861 0)
(1.05169 -0.122564 0)
(1.07299 -0.106708 0)
(1.0933 -0.091218 0)
(1.11268 -0.0759973 0)
(1.13115 -0.0609381 0)
(1.14873 -0.0459289 0)
(1.16538 -0.0308546 0)
(1.18107 -0.0156027 0)
(1.19572 -9.27588e-05 0)
(1.20921 0.0157042 0)
(1.22146 0.0318048 0)
(1.2324 0.0482198 0)
(1.24216 0.0650232 0)
(1.25065 0.0821911 0)
(1.25832 0.0999827 0)
(1.2638 0.117724 0)
(-0.0207206 -0.206324 0)
(-0.0942336 -0.0823125 0)
(-0.200643 0.0730635 0)
(-0.327954 0.214656 0)
(-0.469161 0.333496 0)
(-0.614608 0.422035 0)
(-0.75399 0.474127 0)
(-0.877875 0.486394 0)
(-0.979742 0.459709 0)
(-1.05629 0.398746 0)
(-1.1067 0.310547 0)
(-1.13155 0.203036 0)
(-1.13263 0.0836774 0)
(-1.11187 -0.0398081 0)
(-1.07178 -0.161303 0)
(-1.01422 -0.275447 0)
(-0.941374 -0.377867 0)
(-0.855451 -0.465072 0)
(-0.758614 -0.534383 0)
(-0.652956 -0.583877 0)
(-0.540448 -0.612339 0)
(-0.422809 -0.619213 0)
(-0.301377 -0.604348 0)
(-0.176821 -0.567752 0)
(-0.0491433 -0.509813 0)
(0.08452 -0.428323 0)
(0.224599 -0.32627 0)
(0.366394 -0.214294 0)
(0.499696 -0.10962 0)
(0.610014 -0.0298155 0)
(0.684543 0.0152588 0)
(0.720853 0.0276243 0)
(0.726607 0.0117581 0)
(0.710282 -0.0208733 0)
(0.669426 -0.0396792 0)
(0.589944 -0.000974845 0)
(0.448977 0.134352 0)
(0.231081 0.369622 0)
(-0.0425868 0.654488 0)
(-0.291197 0.889388 0)
(-0.470767 1.02453 0)
(-0.581184 1.06222 0)
(-0.642938 1.03079 0)
(-0.680142 0.96223 0)
(-0.710013 0.879412 0)
(-0.740519 0.793713 0)
(-0.773344 0.708834 0)
(-0.807487 0.62525 0)
(-0.841213 0.542754 0)
(-0.872656 0.461275 0)
(-0.900003 0.381006 0)
(-0.921672 0.302361 0)
(-0.936418 0.22593 0)
(-0.943397 0.152345 0)
(-0.942229 0.0823585 0)
(-0.932954 0.0165572 0)
(-0.915672 -0.0448234 0)
(-0.890844 -0.101354 0)
(-0.858949 -0.152822 0)
(-0.820705 -0.199174 0)
(-0.776931 -0.240531 0)
(-0.728474 -0.277203 0)
(-0.676143 -0.309664 0)
(-0.620646 -0.338513 0)
(-0.562544 -0.364398 0)
(-0.502232 -0.387935 0)
(-0.439937 -0.40964 0)
(-0.375758 -0.429853 0)
(-0.309701 -0.448709 0)
(-0.241753 -0.466095 0)
(-0.171934 -0.481706 0)
(-0.100353 -0.495039 0)
(-0.0274213 -0.505466 0)
(0.0462926 -0.512171 0)
(0.120187 -0.514633 0)
(0.193553 -0.51258 0)
(0.265628 -0.505908 0)
(0.335681 -0.494767 0)
(0.403067 -0.479529 0)
(0.467254 -0.460724 0)
(0.527839 -0.43897 0)
(0.584541 -0.414917 0)
(0.637192 -0.389193 0)
(0.685718 -0.362375 0)
(0.730123 -0.33497 0)
(0.770465 -0.307404 0)
(0.806848 -0.280029 0)
(0.839407 -0.253126 0)
(0.868302 -0.226917 0)
(0.893711 -0.20157 0)
(0.915826 -0.177215 0)
(0.934853 -0.153946 0)
(0.951005 -0.131831 0)
(0.964501 -0.110923 0)
(0.975559 -0.0912568 0)
(0.984391 -0.0728516 0)
(0.991201 -0.0557129 0)
(0.996184 -0.0398325 0)
(0.999526 -0.0251887 0)
(1.0014 -0.011749 0)
(1.00196 0.000522531 0)
(1.00136 0.0116626 0)
(0.999725 0.021725 0)
(0.997165 0.0307697 0)
(0.993771 0.0388541 0)
(0.98961 0.0460375 0)
(0.984727 0.0523811 0)
(0.979147 0.0579464 0)
(0.972864 0.0627945 0)
(0.965843 0.0669875 0)
(0.958009 0.0705978 0)
(0.949246 0.0737293 0)
(0.939388 0.076545 0)
(0.928229 0.0792816 0)
(0.915523 0.0822201 0)
(0.900982 0.0856075 0)
(0.884227 0.0896063 0)
(0.864676 0.0944631 0)
(0.841424 0.101088 0)
(0.813258 0.111978 0)
(0.77901 0.131871 0)
(0.738321 0.167036 0)
(0.692518 0.22228 0)
(0.644917 0.296195 0)
(0.59993 0.377654 0)
(0.561142 0.447883 0)
(0.529314 0.48922 0)
(0.502033 0.494674 0)
(0.475771 0.469903 0)
(0.448704 0.426801 0)
(0.421552 0.375733 0)
(0.39598 0.322344 0)
(0.373301 0.268948 0)
(0.354291 0.216466 0)
(0.339269 0.16531 0)
(0.328487 0.115613 0)
(0.322145 0.0673149 0)
(0.320364 0.0204014 0)
(0.323182 -0.0252611 0)
(0.33075 -0.0698241 0)
(0.343357 -0.113378 0)
(0.36096 -0.155694 0)
(0.383479 -0.196252 0)
(0.410642 -0.234276 0)
(0.441986 -0.268839 0)
(0.476872 -0.29899 0)
(0.514529 -0.323909 0)
(0.554111 -0.343017 0)
(0.594766 -0.356041 0)
(0.635695 -0.363025 0)
(0.6762 -0.364293 0)
(0.715702 -0.360393 0)
(0.753758 -0.352021 0)
(0.790053 -0.339956 0)
(0.824394 -0.324994 0)
(0.856699 -0.307898 0)
(0.886975 -0.289365 0)
(0.915304 -0.269994 0)
(0.941823 -0.250281 0)
(0.966709 -0.230609 0)
(0.990159 -0.211255 0)
(1.01238 -0.192397 0)
(1.03357 -0.174135 0)
(1.0539 -0.156496 0)
(1.07352 -0.139454 0)
(1.09254 -0.122938 0)
(1.11102 -0.106844 0)
(1.12901 -0.0910458 0)
(1.14651 -0.0754098 0)
(1.16349 -0.0598026 0)
(1.1799 -0.0440983 0)
(1.19567 -0.0281779 0)
(1.21074 -0.0119309 0)
(1.22501 0.00471745 0)
(1.23833 0.0217969 0)
(1.25053 0.0392858 0)
(1.26151 0.0571608 0)
(1.27113 0.0753349 0)
(1.27964 0.0939391 0)
(1.28671 0.112785 0)
(-0.0434882 -0.143757 0)
(-0.150253 0.00790017 0)
(-0.280559 0.179218 0)
(-0.426245 0.331994 0)
(-0.578811 0.455249 0)
(-0.728124 0.540004 0)
(-0.864294 0.580417 0)
(-0.979736 0.575274 0)
(-1.07023 0.52809 0)
(-1.13438 0.445691 0)
(-1.1728 0.336546 0)
(-1.18689 0.209473 0)
(-1.17916 0.0722926 0)
(-1.15176 -0.0674373 0)
(-1.10708 -0.203409 0)
(-1.04682 -0.330261 0)
(-0.973052 -0.443602 0)
(-0.887831 -0.539965 0)
(-0.793184 -0.616725 0)
(-0.691146 -0.672042 0)
(-0.583698 -0.704879 0)
(-0.472497 -0.715001 0)
(-0.358552 -0.702726 0)
(-0.242195 -0.668483 0)
(-0.123478 -0.612717 0)
(-0.00151057 -0.535607 0)
(0.125097 -0.436009 0)
(0.253098 -0.322646 0)
(0.376405 -0.208897 0)
(0.484944 -0.109331 0)
(0.567238 -0.0357503 0)
(0.61746 0.00346988 0)
(0.64023 0.00867783 0)
(0.637816 -0.00292283 0)
(0.596554 0.0106352 0)
(0.494929 0.101875 0)
(0.319792 0.296766 0)
(0.0793697 0.577568 0)
(-0.164165 0.851891 0)
(-0.350511 1.03804 0)
(-0.46927 1.11887 0)
(-0.53527 1.11579 0)
(-0.571515 1.06211 0)
(-0.596925 0.985667 0)
(-0.621799 0.902422 0)
(-0.649538 0.81855 0)
(-0.680041 0.735216 0)
(-0.71186 0.651985 0)
(-0.743019 0.568325 0)
(-0.771408 0.484087 0)
(-0.795123 0.399609 0)
(-0.81271 0.315625 0)
(-0.823219 0.233117 0)
(-0.826046 0.153077 0)
(-0.821163 0.0765279 0)
(-0.808569 0.00423508 0)
(-0.788547 -0.0634316 0)
(-0.761415 -0.125864 0)
(-0.727588 -0.182721 0)
(-0.68773 -0.23384 0)
(-0.642634 -0.279279 0)
(-0.59315 -0.319337 0)
(-0.540099 -0.354539 0)
(-0.484197 -0.385589 0)
(-0.426001 -0.413265 0)
(-0.365913 -0.438325 0)
(-0.304161 -0.461418 0)
(-0.24083 -0.482971 0)
(-0.175917 -0.503205 0)
(-0.109378 -0.522023 0)
(-0.0412948 -0.539026 0)
(0.0280955 -0.553485 0)
(0.0984547 -0.564544 0)
(0.169285 -0.571514 0)
(0.239935 -0.573745 0)
(0.309679 -0.570826 0)
(0.377772 -0.562675 0)
(0.443529 -0.549503 0)
(0.506362 -0.531769 0)
(0.565813 -0.510107 0)
(0.62156 -0.485243 0)
(0.673403 -0.457924 0)
(0.72125 -0.428863 0)
(0.765087 -0.398701 0)
(0.804963 -0.367994 0)
(0.84097 -0.337204 0)
(0.873227 -0.30671 0)
(0.901876 -0.276812 0)
(0.927074 -0.247744 0)
(0.948988 -0.219689 0)
(0.967798 -0.192784 0)
(0.983692 -0.16713 0)
(0.996866 -0.142803 0)
(1.00752 -0.119855 0)
(1.01586 -0.0983198 0)
(1.02209 -0.0782139 0)
(1.0264 -0.059537 0)
(1.02899 -0.042274 0)
(1.03004 -0.0263952 0)
(1.02972 -0.0118574 0)
(1.0282 0.00138596 0)
(1.02562 0.0133819 0)
(1.02211 0.0242011 0)
(1.0178 0.0339215 0)
(1.01276 0.042618 0)
(1.00706 0.0503685 0)
(1.00075 0.0572541 0)
(0.993851 0.0633581 0)
(0.986349 0.068766 0)
(0.978206 0.0735678 0)
(0.969348 0.0778666 0)
(0.959663 0.0817974 0)
(0.949007 0.0855492 0)
(0.937213 0.0893766 0)
(0.924107 0.0935793 0)
(0.909504 0.0984525 0)
(0.893154 0.104281 0)
(0.874643 0.111524 0)
(0.853316 0.121321 0)
(0.828357 0.136189 0)
(0.799181 0.16039 0)
(0.766106 0.199083 0)
(0.730964 0.255662 0)
(0.697021 0.327821 0)
(0.667739 0.404916 0)
(0.644812 0.470149 0)
(0.626921 0.508175 0)
(0.610543 0.512981 0)
(0.592443 0.489266 0)
(0.571698 0.447096 0)
(0.54961 0.395678 0)
(0.528143 0.340673 0)
(0.508748 0.284849 0)
(0.492266 0.2295 0)
(0.479183 0.175238 0)
(0.469838 0.122273 0)
(0.464552 0.0705723 0)
(0.463477 0.0200434 0)
(0.466583 -0.0293809 0)
(0.47404 -0.0777988 0)
(0.486048 -0.12525 0)
(0.502475 -0.171417 0)
(0.523147 -0.21565 0)
(0.547703 -0.257027 0)
(0.575602 -0.294471 0)
(0.606164 -0.32691 0)
(0.638618 -0.353453 0)
(0.672176 -0.373504 0)
(0.706087 -0.386829 0)
(0.739697 -0.393546 0)
(0.772467 -0.394081 0)
(0.803992 -0.389088 0)
(0.833993 -0.379373 0)
(0.862311 -0.365815 0)
(0.888889 -0.349298 0)
(0.913759 -0.330661 0)
(0.937022 -0.310658 0)
(0.958832 -0.289938 0)
(0.979376 -0.269024 0)
(0.998864 -0.248317 0)
(1.01751 -0.228099 0)
(1.03551 -0.208543 0)
(1.05306 -0.189731 0)
(1.07031 -0.171665 0)
(1.08737 -0.15429 0)
(1.10431 -0.137502 0)
(1.12118 -0.121168 0)
(1.13797 -0.105135 0)
(1.15465 -0.089242 0)
(1.17115 -0.0733333 0)
(1.18739 -0.0572658 0)
(1.20326 -0.0409142 0)
(1.21867 -0.0241671 0)
(1.2335 -0.00693068 0)
(1.24765 0.0108524 0)
(1.26095 0.0291955 0)
(1.27326 0.0480752 0)
(1.28436 0.067382 0)
(1.29418 0.0870707 0)
(1.30254 0.106998 0)
(-0.0597163 -0.0552649 0)
(-0.192143 0.116113 0)
(-0.339405 0.299462 0)
(-0.495962 0.458317 0)
(-0.652391 0.580143 0)
(-0.79886 0.655507 0)
(-0.926811 0.68001 0)
(-1.03069 0.654928 0)
(-1.10826 0.586252 0)
(-1.1597 0.482625 0)
(-1.18669 0.353577 0)
(-1.19126 0.208456 0)
(-1.17642 0.0552478 0)
(-1.14434 -0.0989968 0)
(-1.09699 -0.247807 0)
(-1.03609 -0.385858 0)
(-0.963451 -0.508758 0)
(-0.880822 -0.613073 0)
(-0.789916 -0.696183 0)
(-0.692645 -0.756222 0)
(-0.591162 -0.79226 0)
(-0.487375 -0.804501 0)
(-0.382213 -0.793917 0)
(-0.275453 -0.761468 0)
(-0.166259 -0.707558 0)
(-0.054281 -0.632513 0)
(0.0612674 -0.534246 0)
(0.177271 -0.418537 0)
(0.288256 -0.297446 0)
(0.388072 -0.18387 0)
(0.469589 -0.0913375 0)
(0.529597 -0.0319492 0)
(0.566402 -0.00586631 0)
(0.5687 0.0142302 0)
(0.514797 0.0775432 0)
(0.389929 0.226801 0)
(0.195762 0.472954 0)
(-0.0312616 0.766399 0)
(-0.223628 1.00509 0)
(-0.35369 1.14021 0)
(-0.428044 1.17764 0)
(-0.466319 1.14773 0)
(-0.488407 1.08252 0)
(-0.507298 1.00402 0)
(-0.528724 0.922652 0)
(-0.553923 0.841316 0)
(-0.581995 0.759665 0)
(-0.611007 0.67657 0)
(-0.638598 0.591237 0)
(-0.662538 0.503626 0)
(-0.68115 0.414465 0)
(-0.693407 0.324966 0)
(-0.698846 0.236533 0)
(-0.697138 0.150439 0)
(-0.688555 0.0678697 0)
(-0.673028 -0.0103489 0)
(-0.65093 -0.0838298 0)
(-0.622292 -0.151786 0)
(-0.587421 -0.213727 0)
(-0.546892 -0.269357 0)
(-0.501442 -0.31864 0)
(-0.451895 -0.361851 0)
(-0.399068 -0.39956 0)
(-0.343666 -0.432594 0)
(-0.286192 -0.461857 0)
(-0.226988 -0.488229 0)
(-0.166261 -0.512528 0)
(-0.104064 -0.535275 0)
(-0.0404257 -0.556729 0)
(0.0245847 -0.576703 0)
(0.0908473 -0.594648 0)
(0.158105 -0.60987 0)
(0.225966 -0.621423 0)
(0.293872 -0.628376 0)
(0.361139 -0.629999 0)
(0.427037 -0.625872 0)
(0.490858 -0.615934 0)
(0.551974 -0.600472 0)
(0.609888 -0.580049 0)
(0.664244 -0.555413 0)
(0.714823 -0.527399 0)
(0.761526 -0.496845 0)
(0.804339 -0.464535 0)
(0.843316 -0.431163 0)
(0.878548 -0.39732 0)
(0.910152 -0.363491 0)
(0.938257 -0.330068 0)
(0.963002 -0.297363 0)
(0.984532 -0.265619 0)
(1.003 -0.235023 0)
(1.01856 -0.205721 0)
(1.03139 -0.177821 0)
(1.04165 -0.151404 0)
(1.04954 -0.126525 0)
(1.05523 -0.10322 0)
(1.05893 -0.0815038 0)
(1.06081 -0.0613748 0)
(1.06106 -0.0428129 0)
(1.05988 -0.0257819 0)
(1.05742 -0.01023 0)
(1.05386 0.00389875 0)
(1.04935 0.0166633 0)
(1.04401 0.0281521 0)
(1.03797 0.0384592 0)
(1.03132 0.0476767 0)
(1.02412 0.0559011 0)
(1.01643 0.0632331 0)
(1.00827 0.0697779 0)
(0.999637 0.0756451 0)
(0.990497 0.0809516 0)
(0.980788 0.0858293 0)
(0.970413 0.09044 0)
(0.959247 0.0949918 0)
(0.947153 0.0997465 0)
(0.93399 0.105005 0)
(0.919624 0.111082 0)
(0.90389 0.118337 0)
(0.88654 0.127357 0)
(0.867226 0.139381 0)
(0.845618 0.156819 0)
(0.821748 0.183407 0)
(0.796483 0.223351 0)
(0.771843 0.279029 0)
(0.750666 0.34781 0)
(0.735333 0.420051 0)
(0.726104 0.481066 0)
(0.720458 0.517436 0)
(0.714386 0.523448 0)
(0.704808 0.502371 0)
(0.691094 0.462405 0)
(0.674665 0.411716 0)
(0.657581 0.355985 0)
(0.641513 0.298449 0)
(0.627545 0.2408 0)
(0.616369 0.183852 0)
(0.608461 0.127923 0)
(0.604214 0.0730462 0)
(0.603817 0.0191707 0)
(0.607232 -0.0336861 0)
(0.6146 -0.0855774 0)
(0.626 -0.136473 0)
(0.641186 -0.185946 0)
(0.659855 -0.233218 0)
(0.681524 -0.277228 0)
(0.705564 -0.316778 0)
(0.731261 -0.350721 0)
(0.757878 -0.378138 0)
(0.78472 -0.398467 0)
(0.811191 -0.411547 0)
(0.836818 -0.417595 0)
(0.861261 -0.417145 0)
(0.88431 -0.410959 0)
(0.905866 -0.39994 0)
(0.92593 -0.385049 0)
(0.944581 -0.367243 0)
(0.96196 -0.347413 0)
(0.978255 -0.326358 0)
(0.993679 -0.304749 0)
(1.00846 -0.283126 0)
(1.02283 -0.261892 0)
(1.03701 -0.241319 0)
(1.05118 -0.221565 0)
(1.06551 -0.202683 0)
(1.08012 -0.184644 0)
(1.09507 -0.167359 0)
(1.11039 -0.150688 0)
(1.12607 -0.134466 0)
(1.14206 -0.11851 0)
(1.15827 -0.102637 0)
(1.17459 -0.0866704 0)
(1.19088 -0.0704508 0)
(1.20701 -0.0538442 0)
(1.22282 -0.0367414 0)
(1.23818 -0.019055 0)
(1.25296 -0.000722578 0)
(1.26703 0.0182786 0)
(1.28025 0.0379486 0)
(1.29248 0.0582214 0)
(1.30356 0.0790085 0)
(1.3133 0.100176 0)
(-0.0687285 0.0502315 0)
(-0.217508 0.237228 0)
(-0.373962 0.427847 0)
(-0.533711 0.587578 0)
(-0.687194 0.702795 0)
(-0.82547 0.764479 0)
(-0.941565 0.770217 0)
(-1.03177 0.723865 0)
(-1.09554 0.633687 0)
(-1.13434 0.509814 0)
(-1.15061 0.362458 0)
(-1.1469 0.201157 0)
(-1.1263 0.0338599 0)
(-1.09105 -0.132894 0)
(-1.04302 -0.292761 0)
(-0.98367 -0.440422 0)
(-0.914602 -0.57155 0)
(-0.837048 -0.682816 0)
(-0.752013 -0.771551 0)
(-0.660945 -0.835594 0)
(-0.566229 -0.873847 0)
(-0.470522 -0.887001 0)
(-0.375271 -0.877136 0)
(-0.27983 -0.846236 0)
(-0.181972 -0.794847 0)
(-0.0800811 -0.722201 0)
(0.0269767 -0.625253 0)
(0.135967 -0.506119 0)
(0.239542 -0.377862 0)
(0.332974 -0.254292 0)
(0.413046 -0.15012 0)
(0.476492 -0.0751505 0)
(0.513387 -0.0219394 0)
(0.503985 0.0420717 0)
(0.430104 0.160878 0)
(0.288895 0.363418 0)
(0.0971455 0.641381 0)
(-0.0933417 0.92018 0)
(-0.234531 1.11584 0)
(-0.320122 1.20678 0)
(-0.363891 1.21271 0)
(-0.384807 1.16651 0)
(-0.398144 1.09636 0)
(-0.412372 1.01887 0)
(-0.430596 0.940483 0)
(-0.452878 0.861904 0)
(-0.477644 0.781634 0)
(-0.502472 0.698006 0)
(-0.524833 0.610212 0)
(-0.54273 0.518621 0)
(-0.555009 0.424552 0)
(-0.561204 0.329757 0)
(-0.561333 0.235961 0)
(-0.555257 0.144627 0)
(-0.543443 0.0569133 0)
(-0.525667 -0.0266977 0)
(-0.502371 -0.105435 0)
(-0.473132 -0.178446 0)
(-0.438131 -0.245102 0)
(-0.397845 -0.30493 0)
(-0.352984 -0.35778 0)
(-0.304338 -0.403888 0)
(-0.252696 -0.44385 0)
(-0.198713 -0.478664 0)
(-0.142856 -0.509396 0)
(-0.0853275 -0.537054 0)
(-0.0262361 -0.562575 0)
(0.0343555 -0.586443 0)
(0.0963498 -0.608898 0)
(0.159602 -0.629827 0)
(0.22392 -0.648637 0)
(0.288957 -0.664408 0)
(0.354199 -0.676068 0)
(0.419001 -0.682597 0)
(0.482637 -0.683205 0)
(0.544377 -0.677472 0)
(0.60356 -0.665397 0)
(0.659653 -0.647367 0)
(0.712275 -0.624069 0)
(0.7612 -0.596368 0)
(0.806336 -0.565204 0)
(0.847689 -0.531495 0)
(0.885333 -0.496077 0)
(0.919379 -0.45968 0)
(0.949952 -0.422909 0)
(0.977183 -0.38626 0)
(1.0012 -0.350128 0)
(1.02212 -0.314825 0)
(1.04008 -0.280598 0)
(1.05521 -0.247639 0)
(1.06763 -0.216098 0)
(1.07749 -0.186092 0)
(1.08494 -0.157706 0)
(1.09016 -0.131004 0)
(1.0933 -0.106025 0)
(1.09454 -0.0827863 0)
(1.09408 -0.0612865 0)
(1.09208 -0.0415036 0)
(1.08873 -0.0233969 0)
(1.08421 -0.00690822 0)
(1.07868 0.00802426 0)
(1.07229 0.0214737 0)
(1.06518 0.0335468 0)
(1.05748 0.0443517 0)
(1.04926 0.0539978 0)
(1.04062 0.0625998 0)
(1.03161 0.0702776 0)
(1.02226 0.0771567 0)
(1.01256 0.0833688 0)
(1.00251 0.0890545 0)
(0.992058 0.0943699 0)
(0.981128 0.0994991 0)
(0.969629 0.104667 0)
(0.957456 0.11014 0)
(0.944503 0.11622 0)
(0.930668 0.123227 0)
(0.915846 0.131543 0)
(0.899917 0.141788 0)
(0.88279 0.155164 0)
(0.864553 0.173856 0)
(0.845744 0.201082 0)
(0.827645 0.2403 0)
(0.812341 0.293277 0)
(0.802229 0.3575 0)
(0.798825 0.424598 0)
(0.80144 0.481934 0)
(0.806896 0.517674 0)
(0.81093 0.526055 0)
(0.810402 0.50878 0)
(0.804552 0.472205 0)
(0.794615 0.423443 0)
(0.782601 0.368061 0)
(0.770355 0.309653 0)
(0.759235 0.250297 0)
(0.750178 0.19109 0)
(0.743823 0.132529 0)
(0.740652 0.0747745 0)
(0.740899 0.0178701 0)
(0.744528 -0.0380786 0)
(0.751644 -0.093045 0)
(0.762196 -0.146888 0)
(0.775805 -0.199056 0)
(0.792024 -0.248641 0)
(0.810246 -0.294469 0)
(0.829772 -0.335266 0)
(0.849886 -0.369863 0)
(0.869932 -0.397378 0)
(0.889362 -0.417329 0)
(0.907775 -0.429663 0)
(0.924914 -0.434713 0)
(0.940659 -0.433121 0)
(0.954999 -0.425744 0)
(0.96802 -0.413564 0)
(0.979872 -0.397605 0)
(0.990761 -0.37887 0)
(1.00093 -0.358287 0)
(1.01062 -0.336672 0)
(1.02012 -0.314705 0)
(1.02967 -0.292924 0)
(1.0395 -0.271718 0)
(1.04983 -0.251339 0)
(1.06082 -0.231913 0)
(1.0726 -0.213457 0)
(1.08523 -0.195905 0)
(1.09873 -0.179126 0)
(1.11306 -0.162944 0)
(1.12815 -0.147157 0)
(1.14388 -0.131556 0)
(1.1601 -0.115933 0)
(1.17665 -0.100096 0)
(1.19335 -0.0838729 0)
(1.20999 -0.067125 0)
(1.22639 -0.0497445 0)
(1.24238 -0.0316541 0)
(1.25778 -0.0128036 0)
(1.27244 0.00681897 0)
(1.28625 0.0272027 0)
(1.29909 0.048301 0)
(1.31086 0.070035 0)
(1.32149 0.0923676 0)
(-0.0709675 0.166957 0)
(-0.226331 0.36478 0)
(-0.383641 0.558018 0)
(-0.539125 0.714087 0)
(-0.683669 0.818653 0)
(-0.809397 0.863698 0)
(-0.910804 0.84903 0)
(-0.985743 0.781058 0)
(-1.03508 0.670132 0)
(-1.06138 0.527581 0)
(-1.06759 0.363954 0)
(-1.05667 0.188846 0)
(-1.0316 0.00974797 0)
(-0.994574 -0.16747 0)
(-0.947183 -0.336437 0)
(-0.890992 -0.491881 0)
(-0.827742 -0.629693 0)
(-0.758202 -0.746965 0)
(-0.682092 -0.841084 0)
(-0.599538 -0.909138 0)
(-0.512689 -0.949109 0)
(-0.425299 -0.961846 0)
(-0.340365 -0.951051 0)
(-0.257878 -0.920826 0)
(-0.174522 -0.872836 0)
(-0.086123 -0.80545 0)
(0.0107056 -0.713575 0)
(0.115282 -0.594129 0)
(0.218079 -0.460227 0)
(0.311499 -0.327504 0)
(0.390232 -0.210533 0)
(0.447436 -0.114468 0)
(0.469389 -0.0260886 0)
(0.439155 0.0860999 0)
(0.348359 0.256159 0)
(0.204219 0.498264 0)
(0.0333909 0.786264 0)
(-0.113634 1.03672 0)
(-0.210971 1.19129 0)
(-0.263234 1.24747 0)
(-0.285975 1.23194 0)
(-0.29528 1.17668 0)
(-0.302237 1.10549 0)
(-0.312256 1.0306 0)
(-0.326837 0.955584 0)
(-0.345195 0.879492 0)
(-0.365209 0.799915 0)
(-0.384234 0.714915 0)
(-0.399918 0.623981 0)
(-0.410754 0.528124 0)
(-0.416194 0.429327 0)
(-0.416307 0.329813 0)
(-0.411403 0.231476 0)
(-0.401535 0.135822 0)
(-0.387253 0.0438819 0)
(-0.368099 -0.0443042 0)
(-0.344348 -0.127559 0)
(-0.315336 -0.205051 0)
(-0.281042 -0.276006 0)
(-0.241805 -0.339715 0)
(-0.198311 -0.395836 0)
(-0.151435 -0.444563 0)
(-0.101892 -0.486556 0)
(-0.0501599 -0.523056 0)
(0.00343083 -0.555285 0)
(0.0587638 -0.584226 0)
(0.115665 -0.610912 0)
(0.174109 -0.635952 0)
(0.234033 -0.659535 0)
(0.295243 -0.681405 0)
(0.357391 -0.700866 0)
(0.419972 -0.716888 0)
(0.482328 -0.728283 0)
(0.543704 -0.733947 0)
(0.603327 -0.733078 0)
(0.660484 -0.725303 0)
(0.714595 -0.710727 0)
(0.765252 -0.689866 0)
(0.812226 -0.663542 0)
(0.855442 -0.632741 0)
(0.894944 -0.598492 0)
(0.930849 -0.561771 0)
(0.963308 -0.523448 0)
(0.992474 -0.48426 0)
(1.01849 -0.444812 0)
(1.04149 -0.405591 0)
(1.06157 -0.366985 0)
(1.07885 -0.329303 0)
(1.0934 -0.292789 0)
(1.10533 -0.257641 0)
(1.11476 -0.224015 0)
(1.12178 -0.192035 0)
(1.12654 -0.161798 0)
(1.12919 -0.133375 0)
(1.12987 -0.106812 0)
(1.12876 -0.0821343 0)
(1.12602 -0.0593415 0)
(1.12185 -0.0384127 0)
(1.11642 -0.0193043 0)
(1.10989 -0.0019549 0)
(1.10245 0.0137007 0)
(1.09426 0.0277538 0)
(1.08545 0.0403273 0)
(1.07614 0.0515422 0)
(1.06644 0.0615246 0)
(1.05642 0.070407 0)
(1.04616 0.0783276 0)
(1.03568 0.0854311 0)
(1.02501 0.0918689 0)
(1.01414 0.0978014 0)
(1.00304 0.103404 0)
(0.991654 0.108876 0)
(0.979935 0.114453 0)
(0.967812 0.120409 0)
(0.95522 0.127043 0)
(0.942097 0.134675 0)
(0.928391 0.14368 0)
(0.91408 0.154639 0)
(0.899251 0.16862 0)
(0.884272 0.187495 0)
(0.870019 0.213974 0)
(0.858043 0.250935 0)
(0.850466 0.299837 0)
(0.849384 0.358586 0)
(0.855775 0.420203 0)
(0.868433 0.473982 0)
(0.88388 0.509449 0)
(0.897726 0.520693 0)
(0.906625 0.507925 0)
(0.909428 0.475721 0)
(0.906947 0.43005 0)
(0.900974 0.376167 0)
(0.893401 0.317865 0)
(0.885797 0.257573 0)
(0.879329 0.196705 0)
(0.874813 0.136001 0)
(0.872842 0.0757939 0)
(0.873701 0.0162591 0)
(0.877365 -0.0423672 0)
(0.883904 -0.0999275 0)
(0.893145 -0.156133 0)
(0.904582 -0.210291 0)
(0.917641 -0.261378 0)
(0.931623 -0.308142 0)
(0.945805 -0.349288 0)
(0.959532 -0.383694 0)
(0.972284 -0.410577 0)
(0.983713 -0.429582 0)
(0.993642 -0.440784 0)
(1.00205 -0.444636 0)
(1.00903 -0.441878 0)
(1.01476 -0.433442 0)
(1.01951 -0.420365 0)
(1.02354 -0.40371 0)
(1.02718 -0.384505 0)
(1.03074 -0.363688 0)
(1.03453 -0.342076 0)
(1.03885 -0.320339 0)
(1.04396 -0.298995 0)
(1.05009 -0.278407 0)
(1.05743 -0.258789 0)
(1.06609 -0.240226 0)
(1.07615 -0.222692 0)
(1.08761 -0.206072 0)
(1.10043 -0.190191 0)
(1.11448 -0.174834 0)
(1.12963 -0.159763 0)
(1.14569 -0.144743 0)
(1.16245 -0.129545 0)
(1.17968 -0.113963 0)
(1.19714 -0.0978212 0)
(1.21461 -0.0809775 0)
(1.23183 -0.0633297 0)
(1.24859 -0.044814 0)
(1.2647 -0.0253978 0)
(1.27998 -0.00508396 0)
(1.29428 0.0160859 0)
(1.30747 0.0380489 0)
(1.31949 0.0607001 0)
(1.33032 0.0840768 0)
(-0.0673479 0.286707 0)
(-0.219555 0.491256 0)
(-0.369512 0.683579 0)
(-0.513845 0.832599 0)
(-0.644227 0.923799 0)
(-0.753766 0.950498 0)
(-0.838215 0.914839 0)
(-0.896734 0.825746 0)
(-0.931469 0.695512 0)
(-0.945995 0.53642 0)
(-0.943561 0.359059 0)
(-0.927251 0.172896 0)
(-0.899418 -0.0156748 0)
(-0.861661 -0.201513 0)
(-0.815023 -0.377769 0)
(-0.761776 -0.538846 0)
(-0.704869 -0.681043 0)
(-0.645427 -0.80273 0)
(-0.581654 -0.90208 0)
(-0.511169 -0.975078 0)
(-0.434585 -1.01749 0)
(-0.356149 -1.02912 0)
(-0.280975 -1.01513 0)
(-0.211378 -0.982913 0)
(-0.144765 -0.937064 0)
(-0.0749321 -0.876569 0)
(0.00470447 -0.794222 0)
(0.0987651 -0.680611 0)
(0.198617 -0.544243 0)
(0.292111 -0.400761 0)
(0.367656 -0.265013 0)
(0.414117 -0.140451 0)
(0.418939 -0.0133713 0)
(0.37285 0.143326 0)
(0.276208 0.354064 0)
(0.142894 0.619883 0)
(0.00390916 0.90083 0)
(-0.101709 1.11936 0)
(-0.163679 1.23904 0)
(-0.191219 1.26945 0)
(-0.198992 1.24009 0)
(-0.19972 1.18053 0)
(-0.201201 1.11051 0)
(-0.206755 1.03892 0)
(-0.216784 0.967147 0)
(-0.229901 0.892939 0)
(-0.243729 0.813265 0)
(-0.255731 0.726208 0)
(-0.263972 0.631791 0)
(-0.267522 0.531766 0)
(-0.266412 0.428761 0)
(-0.261177 0.325353 0)
(-0.252212 0.223502 0)
(-0.239535 0.124618 0)
(-0.223201 0.0294482 0)
(-0.203269 -0.0621716 0)
(-0.179557 -0.149139 0)
(-0.151314 -0.230556 0)
(-0.118452 -0.30544 0)
(-0.0810259 -0.372833 0)
(-0.039596 -0.432092 0)
(0.00512581 -0.483381 0)
(0.0523756 -0.527315 0)
(0.101436 -0.565329 0)
(0.152145 -0.598873 0)
(0.204518 -0.629207 0)
(0.258658 -0.657272 0)
(0.314569 -0.683623 0)
(0.372119 -0.70837 0)
(0.43099 -0.731137 0)
(0.490663 -0.751087 0)
(0.55044 -0.767054 0)
(0.609496 -0.777758 0)
(0.666972 -0.78207 0)
(0.722068 -0.779229 0)
(0.774125 -0.768975 0)
(0.822685 -0.751557 0)
(0.867505 -0.727653 0)
(0.908532 -0.698227 0)
(0.94586 -0.664374 0)
(0.979669 -0.62719 0)
(1.01017 -0.587681 0)
(1.03758 -0.546718 0)
(1.06206 -0.505022 0)
(1.08376 -0.463177 0)
(1.10277 -0.421648 0)
(1.11917 -0.380809 0)
(1.13303 -0.34096 0)
(1.14439 -0.302346 0)
(1.15333 -0.265168 0)
(1.15992 -0.229594 0)
(1.16425 -0.195759 0)
(1.16644 -0.163773 0)
(1.16661 -0.133719 0)
(1.16492 -0.105655 0)
(1.16152 -0.0796131 0)
(1.15659 -0.0556 0)
(1.1503 -0.0335968 0)
(1.14283 -0.0135585 0)
(1.13437 0.00457571 0)
(1.12509 0.0208742 0)
(1.11515 0.0354512 0)
(1.10469 0.0484404 0)
(1.09385 0.0599762 0)
(1.08272 0.0702009 0)
(1.0714 0.0792639 0)
(1.05996 0.0873209 0)
(1.04844 0.0945344 0)
(1.03688 0.101074 0)
(1.02527 0.107116 0)
(1.01361 0.112851 0)
(1.00187 0.11849 0)
(0.990021 0.124271 0)
(0.978033 0.130469 0)
(0.965882 0.13738 0)
(0.953553 0.145318 0)
(0.941049 0.154635 0)
(0.928423 0.165836 0)
(0.915872 0.179804 0)
(0.903913 0.198059 0)
(0.893587 0.222811 0)
(0.886572 0.256457 0)
(0.884998 0.300314 0)
(0.890816 0.35286 0)
(0.904783 0.408534 0)
(0.925544 0.458453 0)
(0.949621 0.49341 0)
(0.972613 0.507419 0)
(0.990929 0.49939 0)
(1.00289 0.472224 0)
(1.00873 0.430662 0)
(1.00982 0.379434 0)
(1.00794 0.32234 0)
(1.00474 0.26206 0)
(1.00153 0.200317 0)
(0.999298 0.138131 0)
(0.998736 0.0760558 0)
(1.00019 0.0144456 0)
(1.00366 -0.0462943 0)
(1.00918 -0.105826 0)
(1.0165 -0.163681 0)
(1.025 -0.219022 0)
(1.03404 -0.270727 0)
(1.0429 -0.317516 0)
(1.05089 -0.358144 0)
(1.05751 -0.391601 0)
(1.06242 -0.417252 0)
(1.06552 -0.434898 0)
(1.06686 -0.444753 0)
(1.06664 -0.447375 0)
(1.06517 -0.443581 0)
(1.06279 -0.434354 0)
(1.05988 -0.420762 0)
(1.05684 -0.403883 0)
(1.05407 -0.384746 0)
(1.05193 -0.36428 0)
(1.05078 -0.343284 0)
(1.05092 -0.322401 0)
(1.05261 -0.302112 0)
(1.05605 -0.282737 0)
(1.06138 -0.264442 0)
(1.06867 -0.24726 0)
(1.07791 -0.231109 0)
(1.08904 -0.215824 0)
(1.10193 -0.201182 0)
(1.11638 -0.186927 0)
(1.13218 -0.172791 0)
(1.14908 -0.158514 0)
(1.1668 -0.143854 0)
(1.18507 -0.128597 0)
(1.20361 -0.112565 0)
(1.22213 -0.0956203 0)
(1.24038 -0.0776679 0)
(1.25809 -0.0586592 0)
(1.27503 -0.0385844 0)
(1.291 -0.017466 0)
(1.30583 0.00463185 0)
(1.31937 0.0276152 0)
(1.33153 0.051329 0)
(1.34223 0.075785 0)
(-0.0588723 0.400696 0)
(-0.198806 0.609435 0)
(-0.333662 0.798545 0)
(-0.460704 0.938426 0)
(-0.572445 1.01487 0)
(-0.662835 1.02272 0)
(-0.728708 0.966513 0)
(-0.770426 0.857714 0)
(-0.791404 0.710477 0)
(-0.796214 0.537834 0)
(-0.787949 0.349914 0)
(-0.769137 0.155302 0)
(-0.740782 -0.0416298 0)
(-0.70342 -0.235435 0)
(-0.657044 -0.417986 0)
(-0.604727 -0.582496 0)
(-0.551871 -0.725563 0)
(-0.501734 -0.848264 0)
(-0.451897 -0.951395 0)
(-0.396918 -1.03028 0)
(-0.334416 -1.07712 0)
(-0.267467 -1.08873 0)
(-0.20226 -1.07034 0)
(-0.144016 -1.03263 0)
(-0.0932259 -0.98496 0)
(-0.0443172 -0.929461 0)
(0.0115379 -0.858112 0)
(0.0843227 -0.755825 0)
(0.170865 -0.621971 0)
(0.257482 -0.468398 0)
(0.32723 -0.310742 0)
(0.365475 -0.15471 0)
(0.361023 0.0100372 0)
(0.310067 0.204624 0)
(0.219461 0.444462 0)
(0.107542 0.720039 0)
(0.00360618 0.985002 0)
(-0.0659071 1.17335 0)
(-0.0998973 1.26535 0)
(-0.108844 1.27755 0)
(-0.105351 1.23989 0)
(-0.0990366 1.17904 0)
(-0.0951832 1.11136 0)
(-0.0956271 1.04314 0)
(-0.100014 0.974125 0)
(-0.106662 0.90111 0)
(-0.113291 0.820744 0)
(-0.117753 0.731362 0)
(-0.118657 0.633651 0)
(-0.115701 0.530129 0)
(-0.10946 0.424043 0)
(-0.100658 0.318224 0)
(-0.0893176 0.214523 0)
(-0.0746991 0.113828 0)
(-0.0565102 0.0161061 0)
(-0.0360807 -0.0787945 0)
(-0.0123516 -0.169345 0)
(0.0157945 -0.254774 0)
(0.048045 -0.333618 0)
(0.0840257 -0.4045 0)
(0.123311 -0.466572 0)
(0.165146 -0.519911 0)
(0.208963 -0.565545 0)
(0.254496 -0.604996 0)
(0.301732 -0.639935 0)
(0.350818 -0.671732 0)
(0.401916 -0.701324 0)
(0.45504 -0.729153 0)
(0.509964 -0.755156 0)
(0.566203 -0.77877 0)
(0.623026 -0.798992 0)
(0.679526 -0.814532 0)
(0.734724 -0.824066 0)
(0.787688 -0.8265 0)
(0.837637 -0.821194 0)
(0.884025 -0.808056 0)
(0.926565 -0.787528 0)
(0.965212 -0.760466 0)
(1.00011 -0.727971 0)
(1.03153 -0.691225 0)
(1.05976 -0.651357 0)
(1.08509 -0.609364 0)
(1.10774 -0.566085 0)
(1.12788 -0.522199 0)
(1.14561 -0.478251 0)
(1.16099 -0.434676 0)
(1.17403 -0.39183 0)
(1.18476 -0.350005 0)
(1.19319 -0.309451 0)
(1.19934 -0.270377 0)
(1.20327 -0.232966 0)
(1.20505 -0.197371 0)
(1.20477 -0.163718 0)
(1.20256 -0.132107 0)
(1.19856 -0.10261 0)
(1.19293 -0.0752716 0)
(1.18583 -0.0501051 0)
(1.17746 -0.0270955 0)
(1.168 -0.00619925 0)
(1.15763 0.0126396 0)
(1.14655 0.0295007 0)
(1.13491 0.0445195 0)
(1.12285 0.057837 0)
(1.11052 0.0696017 0)
(1.09803 0.0799715 0)
(1.08547 0.0891121 0)
(1.07292 0.0971958 0)
(1.06044 0.104401 0)
(1.04805 0.110914 0)
(1.03579 0.116926 0)
(1.02366 0.122639 0)
(1.01164 0.128269 0)
(0.999739 0.134055 0)
(0.987948 0.140266 0)
(0.976281 0.147189 0)
(0.964768 0.155124 0)
(0.953462 0.164393 0)
(0.942473 0.175415 0)
(0.93206 0.188878 0)
(0.922789 0.205948 0)
(0.915729 0.228355 0)
(0.912549 0.25806 0)
(0.915336 0.296288 0)
(0.925994 0.342112 0)
(0.945295 0.391332 0)
(0.972046 0.436795 0)
(1.00302 0.470551 0)
(1.03397 0.486714 0)
(1.0611 0.483159 0)
(1.08221 0.461289 0)
(1.09683 0.424573 0)
(1.10578 0.377031 0)
(1.11052 0.322262 0)
(1.1126 0.263061 0)
(1.11338 0.201403 0)
(1.11395 0.13859 0)
(1.11507 0.0754382 0)
(1.11713 0.0125164 0)
(1.12017 -0.0495746 0)
(1.12423 -0.110281 0)
(1.12896 -0.168932 0)
(1.13376 -0.224552 0)
(1.13796 -0.275959 0)
(1.1409 -0.321903 0)
(1.14207 -0.361251 0)
(1.14114 -0.393159 0)
(1.13804 -0.417172 0)
(1.13288 -0.433252 0)
(1.12596 -0.441737 0)
(1.11767 -0.443271 0)
(1.10847 -0.438721 0)
(1.09883 -0.429095 0)
(1.08925 -0.415467 0)
(1.0802 -0.398911 0)
(1.07214 -0.380436 0)
(1.06546 -0.360945 0)
(1.06053 -0.341199 0)
(1.05765 -0.321797 0)
(1.05705 -0.303169 0)
(1.05888 -0.285577 0)
(1.06323 -0.269126 0)
(1.07007 -0.253785 0)
(1.07933 -0.239413 0)
(1.09086 -0.22579 0)
(1.10443 -0.212646 0)
(1.1198 -0.199692 0)
(1.13666 -0.186634 0)
(1.15473 -0.173196 0)
(1.17368 -0.159129 0)
(1.1932 -0.144217 0)
(1.21298 -0.128285 0)
(1.23271 -0.111203 0)
(1.2521 -0.0928851 0)
(1.27087 -0.0732986 0)
(1.28875 -0.052455 0)
(1.30553 -0.0304022 0)
(1.321 -0.00722504 0)
(1.33498 0.0169529 0)
(1.34737 0.0419438 0)
(1.358 0.0676675 0)
(-0.04626 0.500634 0)
(-0.165799 0.712758 0)
(-0.2787 0.897587 0)
(-0.383244 1.02751 0)
(-0.472659 1.0891 0)
(-0.541706 1.07878 0)
(-0.588233 1.00358 0)
(-0.613744 0.877531 0)
(-0.622713 0.716508 0)
(-0.62023 0.533773 0)
(-0.608487 0.338052 0)
(-0.588953 0.136282 0)
(-0.561348 -0.0687398 0)
(-0.526584 -0.270364 0)
(-0.482052 -0.459292 0)
(-0.430211 -0.626096 0)
(-0.378788 -0.766259 0)
(-0.334679 -0.8847 0)
(-0.296955 -0.987728 0)
(-0.258163 -1.07162 0)
(-0.212665 -1.12453 0)
(-0.16103 -1.13857 0)
(-0.108368 -1.11698 0)
(-0.0610267 -1.07215 0)
(-0.0232597 -1.01819 0)
(0.00640613 -0.96267 0)
(0.0366732 -0.899687 0)
(0.0808286 -0.811613 0)
(0.143721 -0.68633 0)
(0.215318 -0.527498 0)
(0.276664 -0.34988 0)
(0.310051 -0.163572 0)
(0.303893 0.0355913 0)
(0.257447 0.260888 0)
(0.181776 0.519757 0)
(0.0967401 0.795186 0)
(0.0266112 1.04095 0)
(-0.0125557 1.20386 0)
(-0.0243847 1.2751 0)
(-0.0189188 1.27518 0)
(-0.00638432 1.23311 0)
(0.00624434 1.1728 0)
(0.0155982 1.10787 0)
(0.020916 1.04272 0)
(0.0230175 0.975914 0)
(0.0235722 0.903631 0)
(0.0244687 0.822452 0)
(0.0273214 0.731074 0)
(0.0330224 0.630817 0)
(0.041375 0.524949 0)
(0.051611 0.417235 0)
(0.0634544 0.310468 0)
(0.0776214 0.205819 0)
(0.0952031 0.103186 0)
(0.115381 0.00208418 0)
(0.136438 -0.0961029 0)
(0.160076 -0.189831 0)
(0.187211 -0.278503 0)
(0.217721 -0.360613 0)
(0.251366 -0.434354 0)
(0.287643 -0.498724 0)
(0.325976 -0.553823 0)
(0.365978 -0.600851 0)
(0.407593 -0.641645 0)
(0.451033 -0.678066 0)
(0.49661 -0.711541 0)
(0.544527 -0.742899 0)
(0.594727 -0.77238 0)
(0.646823 -0.79968 0)
(0.700104 -0.824009 0)
(0.753604 -0.844189 0)
(0.806223 -0.858844 0)
(0.856867 -0.866668 0)
(0.904597 -0.866689 0)
(0.948729 -0.858459 0)
(0.988892 -0.842118 0)
(1.02502 -0.818334 0)
(1.0573 -0.788142 0)
(1.08609 -0.752758 0)
(1.11177 -0.713409 0)
(1.13474 -0.67121 0)
(1.15531 -0.627109 0)
(1.17367 -0.581878 0)
(1.18995 -0.536132 0)
(1.20417 -0.490365 0)
(1.21633 -0.444982 0)
(1.22638 -0.400322 0)
(1.2343 -0.356676 0)
(1.24005 -0.314302 0)
(1.24362 -0.273429 0)
(1.24506 -0.234259 0)
(1.24441 -0.196968 0)
(1.24176 -0.161706 0)
(1.23723 -0.128592 0)
(1.23096 -0.0977166 0)
(1.22311 -0.0691368 0)
(1.21387 -0.042877 0)
(1.20343 -0.0189259 0)
(1.19198 0.00275471 0)
(1.17972 0.0222133 0)
(1.16685 0.0395557 0)
(1.15353 0.0549287 0)
(1.13991 0.0684818 0)
(1.12613 0.0803778 0)
(1.11232 0.0907904 0)
(1.09857 0.0999009 0)
(1.08497 0.107897 0)
(1.07158 0.114974 0)
(1.05845 0.12133 0)
(1.0456 0.12717 0)
(1.03306 0.132705 0)
(1.02084 0.138155 0)
(1.00894 0.143756 0)
(0.997387 0.149765 0)
(0.986223 0.156456 0)
(0.975511 0.164109 0)
(0.965343 0.173009 0)
(0.955871 0.183495 0)
(0.947377 0.196071 0)
(0.940416 0.211585 0)
(0.935988 0.231323 0)
(0.935644 0.256828 0)
(0.941355 0.289216 0)
(0.954995 0.328067 0)
(0.97749 0.37041 0)
(1.00801 0.410704 0)
(1.04381 0.442284 0)
(1.08096 0.459583 0)
(1.11562 0.459768 0)
(1.14514 0.442974 0)
(1.16835 0.411446 0)
(1.18543 0.368363 0)
(1.19734 0.316937 0)
(1.20535 0.259913 0)
(1.21074 0.199425 0)
(1.21456 0.137026 0)
(1.21761 0.0737948 0)
(1.22032 0.0105336 0)
(1.22275 -0.051951 0)
(1.22495 -0.112868 0)
(1.22659 -0.17134 0)
(1.22708 -0.226282 0)
(1.22587 -0.276502 0)
(1.22247 -0.320838 0)
(1.2166 -0.35832 0)
(1.20818 -0.388295 0)
(1.19739 -0.410489 0)
(1.18457 -0.425008 0)
(1.17019 -0.432286 0)
(1.1548 -0.433023 0)
(1.13897 -0.428113 0)
(1.12329 -0.418567 0)
(1.10831 -0.405446 0)
(1.09455 -0.3898 0)
(1.08251 -0.372603 0)
(1.0726 -0.354712 0)
(1.06517 -0.336834 0)
(1.06049 -0.319506 0)
(1.05873 -0.303093 0)
(1.05999 -0.287785 0)
(1.06427 -0.273615 0)
(1.07146 -0.260483 0)
(1.08139 -0.248184 0)
(1.09383 -0.236447 0)
(1.10849 -0.224966 0)
(1.12506 -0.213423 0)
(1.14319 -0.201512 0)
(1.16256 -0.18895 0)
(1.18282 -0.175486 0)
(1.20365 -0.160909 0)
(1.22472 -0.14505 0)
(1.2457 -0.127786 0)
(1.26629 -0.109042 0)
(1.28618 -0.0887971 0)
(1.30509 -0.0670822 0)
(1.32276 -0.0439738 0)
(1.33896 -0.0195816 0)
(1.35351 0.00594869 0)
(1.36628 0.0324094 0)
(1.37704 0.0596349 0)
(-0.0299501 0.579637 0)
(-0.122183 0.795482 0)
(-0.207585 0.976235 0)
(-0.28548 1.09654 0)
(-0.349753 1.14439 0)
(-0.396094 1.11783 0)
(-0.4233 1.02635 0)
(-0.433707 0.886452 0)
(-0.431985 0.715101 0)
(-0.422506 0.524873 0)
(-0.405922 0.322656 0)
(-0.383121 0.115071 0)
(-0.355539 -0.0949929 0)
(-0.326723 -0.30289 0)
(-0.288689 -0.499221 0)
(-0.24166 -0.669655 0)
(-0.193573 -0.805468 0)
(-0.154064 -0.915005 0)
(-0.125219 -1.01281 0)
(-0.100015 -1.09871 0)
(-0.0710999 -1.15748 0)
(-0.0367479 -1.17568 0)
(4.3238e-05 -1.1534 0)
(0.0339451 -1.10241 0)
(0.0592294 -1.03945 0)
(0.0733129 -0.977999 0)
(0.0808681 -0.918254 0)
(0.0952015 -0.843356 0)
(0.128428 -0.731508 0)
(0.178512 -0.574545 0)
(0.228568 -0.382778 0)
(0.258577 -0.170972 0)
(0.255498 0.0569952 0)
(0.219942 0.305709 0)
(0.164498 0.575706 0)
(0.107631 0.845664 0)
(0.0678835 1.07245 0)
(0.0538126 1.21511 0)
(0.0598337 1.27158 0)
(0.0769455 1.26408 0)
(0.0971923 1.22027 0)
(0.1158 1.16158 0)
(0.130922 1.09948 0)
(0.142578 1.03696 0)
(0.151802 0.971814 0)
(0.160015 0.899968 0)
(0.168556 0.8181 0)
(0.178409 0.725327 0)
(0.18991 0.623529 0)
(0.202629 0.516521 0)
(0.216065 0.408146 0)
(0.230446 0.300626 0)
(0.246699 0.194378 0)
(0.26552 0.0891732 0)
(0.286184 -0.0145121 0)
(0.307518 -0.114752 0)
(0.331415 -0.210803 0)
(0.358125 -0.30195 0)
(0.387325 -0.386382 0)
(0.418668 -0.46215 0)
(0.451703 -0.528131 0)
(0.48611 -0.584527 0)
(0.521864 -0.632782 0)
(0.559263 -0.674985 0)
(0.598779 -0.71312 0)
(0.640834 -0.748563 0)
(0.685584 -0.781936 0)
(0.732801 -0.813187 0)
(0.781853 -0.841717 0)
(0.831762 -0.86649 0)
(0.881332 -0.886182 0)
(0.929318 -0.899398 0)
(0.974599 -0.904937 0)
(1.01632 -0.902039 0)
(1.05399 -0.890525 0)
(1.08747 -0.870811 0)
(1.11698 -0.843799 0)
(1.14292 -0.810685 0)
(1.16583 -0.772755 0)
(1.18621 -0.731224 0)
(1.20446 -0.687138 0)
(1.22087 -0.641352 0)
(1.23554 -0.594541 0)
(1.24852 -0.547246 0)
(1.25975 -0.499908 0)
(1.26913 -0.452906 0)
(1.27656 -0.406573 0)
(1.28197 -0.361209 0)
(1.28529 -0.317091 0)
(1.28649 -0.274473 0)
(1.28558 -0.233586 0)
(1.2826 -0.194633 0)
(1.27764 -0.157792 0)
(1.27083 -0.123207 0)
(1.26231 -0.0909895 0)
(1.25225 -0.0612132 0)
(1.24085 -0.0339126 0)
(1.22832 -0.00908297 0)
(1.21486 0.0133019 0)
(1.2007 0.0332956 0)
(1.18604 0.0510334 0)
(1.17104 0.0666659 0)
(1.15586 0.0803546 0)
(1.14066 0.0922773 0)
(1.12556 0.102623 0)
(1.11066 0.11159 0)
(1.09606 0.11938 0)
(1.08181 0.126203 0)
(1.06798 0.13227 0)
(1.05461 0.137796 0)
(1.04171 0.143 0)
(1.02933 0.148104 0)
(1.01747 0.15334 0)
(1.00619 0.158951 0)
(0.995524 0.165191 0)
(0.985574 0.172317 0)
(0.976454 0.180577 0)
(0.96834 0.190236 0)
(0.961515 0.201647 0)
(0.956483 0.215383 0)
(0.954119 0.232345 0)
(0.955785 0.25368 0)
(0.963258 0.280346 0)
(0.978338 0.312281 0)
(1.00213 0.347536 0)
(1.03425 0.382022 0)
(1.0726 0.410364 0)
(1.11375 0.427542 0)
(1.15401 0.430357 0)
(1.19043 0.417973 0)
(1.22127 0.391528 0)
(1.246 0.35332 0)
(1.265 0.306028 0)
(1.27912 0.252199 0)
(1.28939 0.194001 0)
(1.29673 0.133161 0)
(1.30189 0.070993 0)
(1.30529 0.00851989 0)
(1.30702 -0.0532503 0)
(1.30714 -0.113291 0)
(1.30539 -0.170549 0)
(1.30134 -0.223876 0)
(1.29462 -0.272126 0)
(1.285 -0.31427 0)
(1.27247 -0.349519 0)
(1.25722 -0.377404 0)
(1.23963 -0.397808 0)
(1.22023 -0.410944 0)
(1.19964 -0.417315 0)
(1.17849 -0.41765 0)
(1.15746 -0.412846 0)
(1.13717 -0.403901 0)
(1.11825 -0.391851 0)
(1.10124 -0.377702 0)
(1.08664 -0.362378 0)
(1.07485 -0.346673 0)
(1.06618 -0.33122 0)
(1.06084 -0.316482 0)
(1.05895 -0.302742 0)
(1.06051 -0.290109 0)
(1.06543 -0.278538 0)
(1.07352 -0.267856 0)
(1.08453 -0.257805 0)
(1.09815 -0.24807 0)
(1.11405 -0.23832 0)
(1.13188 -0.228224 0)
(1.15129 -0.217473 0)
(1.17193 -0.205787 0)
(1.19347 -0.19292 0)
(1.21558 -0.178667 0)
(1.23793 -0.162861 0)
(1.26019 -0.145385 0)
(1.28202 -0.126168 0)
(1.30309 -0.105199 0)
(1.3231 -0.0825245 0)
(1.34175 -0.0582465 0)
(1.35879 -0.0325087 0)
(1.374 -0.00548463 0)
(1.38725 0.0225974 0)
(1.3983 0.0515257 0)
(-0.0102914 0.631273 0)
(-0.0696441 0.854034 0)
(-0.123522 1.03102 0)
(-0.17183 1.14297 0)
(-0.208957 1.17931 0)
(-0.231873 1.13951 0)
(-0.240128 1.03525 0)
(-0.236211 0.884817 0)
(-0.223816 0.705392 0)
(-0.205717 0.509222 0)
(-0.181963 0.303425 0)
(-0.151955 0.0965658 0)
(-0.124171 -0.112224 0)
(-0.102482 -0.324701 0)
(-0.073725 -0.530068 0)
(-0.0366841 -0.707166 0)
(0.00211752 -0.840459 0)
(0.033762 -0.940114 0)
(0.0545132 -1.02961 0)
(0.0691372 -1.11423 0)
(0.0842052 -1.17664 0)
(0.102035 -1.19823 0)
(0.121147 -1.17601 0)
(0.138396 -1.1209 0)
(0.149824 -1.04987 0)
(0.15091 -0.979413 0)
(0.140947 -0.916724 0)
(0.129185 -0.850386 0)
(0.131514 -0.754003 0)
(0.155773 -0.606554 0)
(0.191545 -0.409299 0)
(0.218323 -0.179474 0)
(0.22109 0.0703298 0)
(0.200056 0.335603 0)
(0.166933 0.610927 0)
(0.137189 0.873033 0)
(0.123975 1.08329 0)
(0.130823 1.21047 0)
(0.151487 1.25707 0)
(0.178168 1.24567 0)
(0.204982 1.20212 0)
(0.229064 1.14562 0)
(0.249824 1.08604 0)
(0.267832 1.02554 0)
(0.284093 0.961576 0)
(0.299599 0.89005 0)
(0.315089 0.807861 0)
(0.330961 0.714454 0)
(0.347123 0.612072 0)
(0.36323 0.504637 0)
(0.379272 0.395658 0)
(0.395839 0.286946 0)
(0.413894 0.179009 0)
(0.43406 0.0721937 0)
(0.455613 -0.0325835 0)
(0.477569 -0.134001 0)
(0.501849 -0.231716 0)
(0.528011 -0.324591 0)
(0.555593 -0.410527 0)
(0.584204 -0.487485 0)
(0.613545 -0.554405 0)
(0.643646 -0.61171 0)
(0.674929 -0.661126 0)
(0.708084 -0.704937 0)
(0.743808 -0.745128 0)
(0.782529 -0.782871 0)
(0.824231 -0.818456 0)
(0.8684 -0.851464 0)
(0.914091 -0.880974 0)
(0.960053 -0.905736 0)
(1.00492 -0.924351 0)
(1.04739 -0.935502 0)
(1.08644 -0.938199 0)
(1.12141 -0.931978 0)
(1.15209 -0.916985 0)
(1.17865 -0.893934 0)
(1.20157 -0.863943 0)
(1.2215 -0.828318 0)
(1.23906 -0.788348 0)
(1.25481 -0.745165 0)
(1.26908 -0.699689 0)
(1.28205 -0.652642 0)
(1.29371 -0.604592 0)
(1.30399 -0.556003 0)
(1.31272 -0.507278 0)
(1.31974 -0.458782 0)
(1.32491 -0.410857 0)
(1.32809 -0.363825 0)
(1.3292 -0.31799 0)
(1.32818 -0.273639 0)
(1.32504 -0.231038 0)
(1.31982 -0.190425 0)
(1.31261 -0.15201 0)
(1.30353 -0.115965 0)
(1.29275 -0.0824262 0)
(1.28046 -0.0514857 0)
(1.26687 -0.0231895 0)
(1.2522 0.00245572 0)
(1.23671 0.0254584 0)
(1.22063 0.045905 0)
(1.20414 0.063945 0)
(1.18745 0.0797346 0)
(1.17071 0.0934505 0)
(1.15409 0.105286 0)
(1.13771 0.115448 0)
(1.12169 0.124149 0)
(1.10611 0.131609 0)
(1.09106 0.138049 0)
(1.07658 0.143692 0)
(1.06272 0.148763 0)
(1.04952 0.153487 0)
(1.03701 0.158087 0)
(1.02522 0.162789 0)
(1.0142 0.167822 0)
(1.00402 0.173419 0)
(0.994778 0.179809 0)
(0.986601 0.187207 0)
(0.979674 0.195815 0)
(0.974265 0.205866 0)
(0.970808 0.217716 0)
(0.970032 0.231942 0)
(0.973066 0.249338 0)
(0.981436 0.270653 0)
(0.996791 0.296026 0)
(1.02034 0.324281 0)
(1.05217 0.35256 0)
(1.09083 0.376729 0)
(1.13356 0.392494 0)
(1.17704 0.396626 0)
(1.21821 0.387638 0)
(1.25492 0.365757 0)
(1.28603 0.332435 0)
(1.31131 0.28975 0)
(1.33109 0.239922 0)
(1.34603 0.185029 0)
(1.35683 0.126874 0)
(1.36409 0.0669433 0)
(1.36819 0.00645218 0)
(1.36921 -0.0534225 0)
(1.36727 -0.111468 0)
(1.36224 -0.166515 0)
(1.35391 -0.21741 0)
(1.34219 -0.263091 0)
(1.32712 -0.302674 0)
(1.30893 -0.335537 0)
(1.28806 -0.361364 0)
(1.26505 -0.380155 0)
(1.24056 -0.392199 0)
(1.2153 -0.398034 0)
(1.18999 -0.398401 0)
(1.16534 -0.394186 0)
(1.14203 -0.386362 0)
(1.12071 -0.375922 0)
(1.10192 -0.363818 0)
(1.08614 -0.3509 0)
(1.07374 -0.337881 0)
(1.06496 -0.325308 0)
(1.05994 -0.313554 0)
(1.05871 -0.302811 0)
(1.06119 -0.293103 0)
(1.06719 -0.284306 0)
(1.07646 -0.276187 0)
(1.08869 -0.26844 0)
(1.10352 -0.260726 0)
(1.1206 -0.252702 0)
(1.13959 -0.244043 0)
(1.16015 -0.234445 0)
(1.18197 -0.223638 0)
(1.20472 -0.211381 0)
(1.22809 -0.197466 0)
(1.25175 -0.181723 0)
(1.27534 -0.164029 0)
(1.2985 -0.144315 0)
(1.32087 -0.122571 0)
(1.3421 -0.0988574 0)
(1.36185 -0.073301 0)
(1.37983 -0.0460829 0)
(1.39579 -0.0174166 0)
(1.40959 0.0124343 0)
(1.42101 0.0432328 0)
(0.0139124 0.653608 0)
(-0.00959516 0.883385 0)
(-0.0304479 1.05954 0)
(-0.0471678 1.16516 0)
(-0.0558183 1.19319 0)
(-0.0549978 1.1442 0)
(-0.0448304 1.03145 0)
(-0.027538 0.874489 0)
(-0.00510316 0.69047 0)
(0.0208348 0.491071 0)
(0.0493 0.287577 0)
(0.0864698 0.087277 0)
(0.11609 -0.121944 0)
(0.135349 -0.338078 0)
(0.159059 -0.551293 0)
(0.186272 -0.734451 0)
(0.211323 -0.866014 0)
(0.229246 -0.957639 0)
(0.238889 -1.03913 0)
(0.243399 -1.12066 0)
(0.24667 -1.18403 0)
(0.249971 -1.20697 0)
(0.252249 -1.18424 0)
(0.251973 -1.12626 0)
(0.247629 -1.04929 0)
(0.235924 -0.969825 0)
(0.212879 -0.899657 0)
(0.18137 -0.835492 0)
(0.155878 -0.753022 0)
(0.152456 -0.621269 0)
(0.170944 -0.42869 0)
(0.193563 -0.190201 0)
(0.203289 0.0737763 0)
(0.198105 0.349434 0)
(0.187105 0.625979 0)
(0.182143 0.879519 0)
(0.191819 1.07621 0)
(0.216228 1.19253 0)
(0.248917 1.23355 0)
(0.283468 1.22115 0)
(0.315942 1.17919 0)
(0.345074 1.12505 0)
(0.371231 1.06757 0)
(0.395346 1.00852 0)
(0.41829 0.945381 0)
(0.440591 0.874271 0)
(0.462404 0.792334 0)
(0.483604 0.699211 0)
(0.503865 0.597199 0)
(0.523063 0.489981 0)
(0.541621 0.380767 0)
(0.560333 0.271427 0)
(0.580064 0.162747 0)
(0.601349 0.0550806 0)
(0.623564 -0.0507763 0)
(0.646019 -0.153386 0)
(0.670228 -0.252339 0)
(0.6953 -0.346163 0)
(0.720667 -0.432686 0)
(0.745972 -0.509973 0)
(0.77118 -0.57722 0)
(0.796766 -0.635188 0)
(0.823639 -0.685882 0)
(0.852841 -0.731659 0)
(0.885164 -0.774316 0)
(0.920881 -0.814644 0)
(0.959647 -0.852482 0)
(1.00057 -0.887008 0)
(1.04238 -0.917014 0)
(1.08361 -0.941116 0)
(1.12282 -0.957954 0)
(1.15883 -0.96641 0)
(1.19082 -0.965806 0)
(1.21846 -0.956041 0)
(1.24187 -0.937614 0)
(1.26157 -0.91152 0)
(1.2783 -0.879041 0)
(1.29284 -0.841514 0)
(1.30588 -0.800141 0)
(1.31786 -0.755894 0)
(1.32901 -0.709518 0)
(1.33931 -0.661584 0)
(1.34862 -0.612557 0)
(1.35674 -0.562847 0)
(1.36342 -0.512839 0)
(1.36846 -0.462907 0)
(1.37165 -0.413414 0)
(1.37285 -0.364713 0)
(1.37194 -0.317145 0)
(1.36887 -0.271037 0)
(1.36361 -0.226693 0)
(1.35621 -0.184392 0)
(1.34678 -0.144381 0)
(1.33544 -0.106865 0)
(1.32238 -0.0720094 0)
(1.30782 -0.039925 0)
(1.29199 -0.010673 0)
(1.27514 0.0157177 0)
(1.25758 0.0392573 0)
(1.23952 0.0600724 0)
(1.22117 0.0783136 0)
(1.20275 0.0941501 0)
(1.18443 0.107776 0)
(1.16638 0.119402 0)
(1.14874 0.129252 0)
(1.13161 0.137559 0)
(1.11509 0.144557 0)
(1.09926 0.150481 0)
(1.08416 0.155565 0)
(1.06985 0.160041 0)
(1.05638 0.164139 0)
(1.04377 0.168083 0)
(1.03206 0.172094 0)
(1.02131 0.176388 0)
(1.01158 0.181175 0)
(1.00298 0.186658 0)
(0.995631 0.193017 0)
(0.989723 0.200406 0)
(0.985492 0.208968 0)
(0.983301 0.218898 0)
(0.983727 0.230519 0)
(0.987662 0.24432 0)
(0.996343 0.260826 0)
(1.0112 0.280234 0)
(1.03344 0.301892 0)
(1.06349 0.32391 0)
(1.10054 0.343269 0)
(1.14255 0.356505 0)
(1.1867 0.360632 0)
(1.2301 0.353839 0)
(1.27038 0.335688 0)
(1.30594 0.306897 0)
(1.33599 0.268932 0)
(1.36034 0.223611 0)
(1.3792 0.172816 0)
(1.39298 0.118324 0)
(1.40208 0.0617075 0)
(1.4068 0.00431549 0)
(1.40723 -0.0525666 0)
(1.40356 -0.107617 0)
(1.39583 -0.159622 0)
(1.38405 -0.207465 0)
(1.3684 -0.250183 0)
(1.34916 -0.287024 0)
(1.32679 -0.317503 0)
(1.30187 -0.341417 0)
(1.27509 -0.358848 0)
(1.2472 -0.370127 0)
(1.21897 -0.375812 0)
(1.19117 -0.376638 0)
(1.16454 -0.37347 0)
(1.13979 -0.367244 0)
(1.11755 -0.358895 0)
(1.09836 -0.349297 0)
(1.08265 -0.339212 0)
(1.07071 -0.329255 0)
(1.06271 -0.319874 0)
(1.05871 -0.311345 0)
(1.05865 -0.303767 0)
(1.06237 -0.297081 0)
(1.06961 -0.291096 0)
(1.08007 -0.285531 0)
(1.09342 -0.280053 0)
(1.1093 -0.274316 0)
(1.12738 -0.267986 0)
(1.14735 -0.26075 0)
(1.16893 -0.252321 0)
(1.19184 -0.242434 0)
(1.21579 -0.230843 0)
(1.24047 -0.217327 0)
(1.26554 -0.201698 0)
(1.29061 -0.183815 0)
(1.31527 -0.163597 0)
(1.33911 -0.141034 0)
(1.36172 -0.116199 0)
(1.38271 -0.0892443 0)
(1.40176 -0.0603943 0)
(1.41857 -0.0299197 0)
(1.43298 0.00188 0)
(1.4448 0.0347175 0)
(0.0423036 0.632665 0)
(0.0565172 0.890999 0)
(0.0672413 1.06036 0)
(0.0832284 1.16214 0)
(0.104052 1.18548 0)
(0.129276 1.13174 0)
(0.158344 1.01491 0)
(0.189624 0.854992 0)
(0.222437 0.669153 0)
(0.255331 0.46898 0)
(0.287763 0.268461 0)
(0.323485 0.0692205 0)
(0.354346 -0.138954 0)
(0.375817 -0.353632 0)
(0.398893 -0.568453 0)
(0.418332 -0.752204 0)
(0.428239 -0.879528 0)
(0.429151 -0.963688 0)
(0.425193 -1.03915 0)
(0.419516 -1.11846 0)
(0.412381 -1.18161 0)
(0.402642 -1.2038 0)
(0.389344 -1.17884 0)
(0.372142 -1.11777 0)
(0.351414 -1.0367 0)
(0.326389 -0.950393 0)
(0.292948 -0.871449 0)
(0.248438 -0.803679 0)
(0.201552 -0.730426 0)
(0.17162 -0.617366 0)
(0.170025 -0.439362 0)
(0.1863 -0.202824 0)
(0.202546 0.0671518 0)
(0.212846 0.347612 0)
(0.222438 0.622433 0)
(0.239452 0.867646 0)
(0.268622 1.05397 0)
(0.307702 1.16357 0)
(0.35041 1.20259 0)
(0.391666 1.19146 0)
(0.42916 1.15205 0)
(0.462902 1.10032 0)
(0.494015 1.04451 0)
(0.523703 0.986424 0)
(0.552711 0.923879 0)
(0.58117 0.853365 0)
(0.608733 0.772278 0)
(0.634843 0.680309 0)
(0.659054 0.579543 0)
(0.681426 0.473263 0)
(0.702591 0.364452 0)
(0.723338 0.255028 0)
(0.744527 0.145834 0)
(0.766733 0.0373094 0)
(0.789215 -0.0693551 0)
(0.811739 -0.172707 0)
(0.835073 -0.27216 0)
(0.858188 -0.366051 0)
(0.880535 -0.452276 0)
(0.90193 -0.529178 0)
(0.922724 -0.596368 0)
(0.943896 -0.655016 0)
(0.966796 -0.707333 0)
(0.992657 -0.755552 0)
(1.02215 -0.80105 0)
(1.05519 -0.844066 0)
(1.09096 -0.883925 0)
(1.12819 -0.919435 0)
(1.16531 -0.949198 0)
(1.20079 -0.971837 0)
(1.23331 -0.986174 0)
(1.26193 -0.991405 0)
(1.28622 -0.987242 0)
(1.30622 -0.97398 0)
(1.32246 -0.95246 0)
(1.33575 -0.923901 0)
(1.34704 -0.88966 0)
(1.35715 -0.850995 0)
(1.36668 -0.808916 0)
(1.37588 -0.764172 0)
(1.38475 -0.717306 0)
(1.39309 -0.668752 0)
(1.40061 -0.618906 0)
(1.40703 -0.568156 0)
(1.41205 -0.516899 0)
(1.41543 -0.465533 0)
(1.41694 -0.414452 0)
(1.4164 -0.364045 0)
(1.41368 -0.314693 0)
(1.4087 -0.266766 0)
(1.40143 -0.220615 0)
(1.39191 -0.176567 0)
(1.38027 -0.134911 0)
(1.36665 -0.0958927 0)
(1.35126 -0.0597061 0)
(1.33436 -0.0264861 0)
(1.31622 0.00368279 0)
(1.29714 0.0307412 0)
(1.27744 0.0547452 0)
(1.25734 0.075836 0)
(1.23709 0.0941698 0)
(1.2169 0.109934 0)
(1.19698 0.123342 0)
(1.1775 0.134626 0)
(1.15858 0.14403 0)
(1.14036 0.151805 0)
(1.12292 0.158203 0)
(1.10633 0.163473 0)
(1.09065 0.16786 0)
(1.07593 0.171603 0)
(1.0622 0.174936 0)
(1.04951 0.178082 0)
(1.03789 0.181258 0)
(1.02739 0.184667 0)
(1.01808 0.188501 0)
(1.01005 0.192935 0)
(1.00343 0.19812 0)
(0.998384 0.204171 0)
(0.995121 0.211167 0)
(0.993933 0.219189 0)
(0.99526 0.228376 0)
(0.99977 0.238975 0)
(1.00841 0.251291 0)
(1.02235 0.265485 0)
(1.04267 0.28121 0)
(1.07 0.297275 0)
(1.10403 0.311588 0)
(1.14341 0.321511 0)
(1.18592 0.324499 0)
(1.22903 0.318702 0)
(1.27037 0.303276 0)
(1.30808 0.278372 0)
(1.34093 0.244907 0)
(1.36828 0.204267 0)
(1.38991 0.158065 0)
(1.40589 0.107957 0)
(1.41641 0.0555051 0)
(1.42166 0.00210422 0)
(1.42175 -0.0509247 0)
(1.41692 -0.102226 0)
(1.40734 -0.150598 0)
(1.39326 -0.194987 0)
(1.37504 -0.234529 0)
(1.35316 -0.268585 0)
(1.32824 -0.296773 0)
(1.30099 -0.318973 0)
(1.27217 -0.335314 0)
(1.24259 -0.346151 0)
(1.21307 -0.352043 0)
(1.18439 -0.353713 0)
(1.15732 -0.351995 0)
(1.13256 -0.347767 0)
(1.11073 -0.34189 0)
(1.09231 -0.33514 0)
(1.07764 -0.328173 0)
(1.06695 -0.321494 0)
(1.06031 -0.315449 0)
(1.0577 -0.310218 0)
(1.059 -0.305816 0)
(1.06398 -0.302113 0)
(1.07236 -0.298867 0)
(1.08382 -0.295767 0)
(1.09805 -0.292474 0)
(1.11473 -0.288654 0)
(1.13358 -0.283996 0)
(1.15437 -0.278211 0)
(1.17688 -0.271024 0)
(1.20089 -0.262164 0)
(1.22613 -0.251362 0)
(1.25228 -0.238361 0)
(1.27896 -0.222934 0)
(1.30573 -0.204908 0)
(1.33212 -0.184182 0)
(1.35763 -0.160747 0)
(1.38179 -0.13469 0)
(1.40417 -0.106197 0)
(1.42438 -0.0755401 0)
(1.44212 -0.0430523 0)
(1.4572 -0.00909767 0)
(1.46945 0.025972 0)
(0.0709194 0.568772 0)
(0.124824 0.873063 0)
(0.166187 1.03473 0)
(0.214082 1.13326 0)
(0.264907 1.15541 0)
(0.315189 1.10144 0)
(0.363287 0.985016 0)
(0.407969 0.825627 0)
(0.44951 0.640075 0)
(0.487184 0.441031 0)
(0.521219 0.240493 0)
(0.556295 0.0404897 0)
(0.587948 -0.163309 0)
(0.613946 -0.373626 0)
(0.638522 -0.584561 0)
(0.650506 -0.761384 0)
(0.644036 -0.879455 0)
(0.626675 -0.956497 0)
(0.609133 -1.02924 0)
(0.594364 -1.10808 0)
(0.578065 -1.16995 0)
(0.556156 -1.18923 0)
(0.528072 -1.16052 0)
(0.495069 -1.09592 0)
(0.458838 -1.01196 0)
(0.420568 -0.921645 0)
(0.378034 -0.835451 0)
(0.325983 -0.760726 0)
(0.265809 -0.690473 0)
(0.213991 -0.594875 0)
(0.190729 -0.439074 0)
(0.197192 -0.215675 0)
(0.217885 0.0515212 0)
(0.24205 0.331514 0)
(0.26998 0.602374 0)
(0.30604 0.840025 0)
(0.35172 1.01902 0)
(0.403187 1.12538 0)
(0.454496 1.16527 0)
(0.501692 1.15722 0)
(0.543725 1.12114 0)
(0.581591 1.07188 0)
(0.617027 1.01742 0)
(0.651495 0.959901 0)
(0.685697 0.897732 0)
(0.719505 0.827915 0)
(0.752209 0.74811 0)
(0.782931 0.657936 0)
(0.811098 0.559082 0)
(0.836783 0.454345 0)
(0.8606 0.34644 0)
(0.8833 0.237299 0)
(0.905807 0.127936 0)
(0.928683 0.019022 0)
(0.95096 -0.0878361 0)
(0.972711 -0.191257 0)
(0.99418 -0.290402 0)
(1.0144 -0.383524 0)
(1.03301 -0.468736 0)
(1.05013 -0.544818 0)
(1.06662 -0.611913 0)
(1.08393 -0.671579 0)
(1.10369 -0.726056 0)
(1.12705 -0.777187 0)
(1.15427 -0.8257 0)
(1.18472 -0.871175 0)
(1.2171 -0.912452 0)
(1.24978 -0.948091 0)
(1.28113 -0.976676 0)
(1.30972 -0.997003 0)
(1.33453 -1.00822 0)
(1.35507 -1.00992 0)
(1.37133 -1.00224 0)
(1.38381 -0.985865 0)
(1.3934 -0.961916 0)
(1.40117 -0.931742 0)
(1.40812 -0.896642 0)
(1.41498 -0.857663 0)
(1.42209 -0.815534 0)
(1.42943 -0.770742 0)
(1.43674 -0.723653 0)
(1.44367 -0.674616 0)
(1.44985 -0.624008 0)
(1.45496 -0.572237 0)
(1.4587 -0.519729 0)
(1.46078 -0.466907 0)
(1.46096 -0.414194 0)
(1.45901 -0.362012 0)
(1.45474 -0.310785 0)
(1.44803 -0.260933 0)
(1.43885 -0.212866 0)
(1.42725 -0.166968 0)
(1.41337 -0.123583 0)
(1.39739 -0.0830013 0)
(1.37957 -0.0454517 0)
(1.3602 -0.0110994 0)
(1.33962 0.0199338 0)
(1.31822 0.0475914 0)
(1.29627 0.0719816 0)
(1.27405 0.0932441 0)
(1.25182 0.111551 0)
(1.22983 0.127112 0)
(1.20828 0.140164 0)
(1.18734 0.150963 0)
(1.16716 0.159775 0)
(1.14785 0.166874 0)
(1.12951 0.172528 0)
(1.11219 0.177003 0)
(1.09596 0.180554 0)
(1.08085 0.183428 0)
(1.0669 0.18586 0)
(1.05415 0.188075 0)
(1.04261 0.190284 0)
(1.03235 0.19268 0)
(1.02343 0.195438 0)
(1.01591 0.198711 0)
(1.00992 0.202622 0)
(1.0056 0.207253 0)
(1.00312 0.212643 0)
(1.00271 0.218797 0)
(1.00471 0.22573 0)
(1.00958 0.23351 0)
(1.01801 0.242257 0)
(1.03087 0.252041 0)
(1.04908 0.26266 0)
(1.07328 0.27338 0)
(1.10351 0.282812 0)
(1.13896 0.28906 0)
(1.17805 0.290106 0)
(1.21871 0.284274 0)
(1.25877 0.270559 0)
(1.29632 0.248738 0)
(1.32988 0.21928 0)
(1.35846 0.183171 0)
(1.38148 0.141715 0)
(1.39872 0.0963704 0)
(1.41012 0.0485996 0)
(1.4158 -0.000239733 0)
(1.41581 -0.0488593 0)
(1.41044 -0.0959359 0)
(1.39997 -0.140325 0)
(1.38478 -0.181056 0)
(1.36538 -0.217357 0)
(1.3424 -0.248684 0)
(1.31654 -0.274731 0)
(1.28857 -0.295431 0)
(1.25933 -0.310938 0)
(1.22963 -0.321621 0)
(1.20031 -0.32803 0)
(1.17218 -0.330866 0)
(1.14601 -0.330914 0)
(1.12245 -0.32898 0)
(1.10206 -0.325824 0)
(1.08525 -0.322109 0)
(1.07227 -0.318373 0)
(1.06325 -0.315014 0)
(1.05821 -0.312282 0)
(1.05704 -0.310271 0)
(1.0596 -0.308927 0)
(1.06564 -0.308068 0)
(1.07488 -0.307419 0)
(1.08704 -0.30666 0)
(1.10184 -0.305465 0)
(1.11905 -0.303532 0)
(1.13849 -0.300584 0)
(1.16002 -0.296354 0)
(1.18348 -0.290566 0)
(1.20871 -0.282917 0)
(1.23544 -0.273088 0)
(1.26331 -0.260758 0)
(1.29187 -0.245638 0)
(1.32059 -0.227511 0)
(1.3489 -0.206255 0)
(1.37624 -0.181863 0)
(1.40207 -0.15445 0)
(1.4259 -0.124247 0)
(1.44732 -0.0915867 0)
(1.46601 -0.0568719 0)
(1.48176 -0.0205384 0)
(1.49447 0.0169823 0)
(0.0926855 0.466863 0)
(0.188287 0.82255 0)
(0.261758 0.985113 0)
(0.33915 1.07869 0)
(0.419654 1.10187 0)
(0.496259 1.05213 0)
(0.564812 0.940905 0)
(0.624017 0.786203 0)
(0.67502 0.604505 0)
(0.718187 0.409009 0)
(0.755519 0.210248 0)
(0.791547 0.0123401 0)
(0.823578 -0.187808 0)
(0.852353 -0.394457 0)
(0.87498 -0.597003 0)
(0.874889 -0.759511 0)
(0.84933 -0.864338 0)
(0.814556 -0.936247 0)
(0.786348 -1.01069 0)
(0.764922 -1.09096 0)
(0.740588 -1.15002 0)
(0.706946 -1.16388 0)
(0.664533 -1.12999 0)
(0.616811 -1.06176 0)
(0.566758 -0.975864 0)
(0.516428 -0.88409 0)
(0.465617 -0.793796 0)
(0.409486 -0.71191 0)
(0.343812 -0.63915 0)
(0.277703 -0.555906 0)
(0.233879 -0.425555 0)
(0.226423 -0.225643 0)
(0.247638 0.0291135 0)
(0.282903 0.303178 0)
(0.32648 0.568119 0)
(0.378751 0.799039 0)
(0.438455 0.973273 0)
(0.50064 1.07922 0)
(0.559663 1.12231 0)
(0.612386 1.11885 0)
(0.658646 1.08686 0)
(0.700168 1.04022 0)
(0.739189 0.986936 0)
(0.777461 0.929699 0)
(0.815768 0.867668 0)
(0.8539 0.798488 0)
(0.890956 0.720128 0)
(0.925848 0.632083 0)
(0.957833 0.535577 0)
(0.986834 0.432884 0)
(1.01331 0.326436 0)
(1.03793 0.218187 0)
(1.06157 0.109309 0)
(1.08462 0.000724914 0)
(1.10603 -0.105604 0)
(1.12613 -0.208301 0)
(1.14486 -0.30632 0)
(1.16151 -0.397984 0)
(1.17605 -0.481761 0)
(1.18908 -0.556983 0)
(1.20195 -0.624337 0)
(1.21644 -0.685628 0)
(1.23416 -0.742841 0)
(1.25581 -0.797136 0)
(1.28101 -0.848435 0)
(1.30851 -0.895679 0)
(1.33658 -0.937376 0)
(1.36351 -0.972044 0)
(1.38779 -0.998453 0)
(1.40837 -1.01574 0)
(1.42472 -1.02347 0)
(1.43684 -1.02167 0)
(1.44524 -1.0109 0)
(1.45083 -0.99216 0)
(1.45479 -0.966752 0)
(1.45829 -0.936011 0)
(1.46223 -0.901017 0)
(1.46705 -0.862478 0)
(1.47271 -0.82079 0)
(1.4789 -0.77621 0)
(1.48517 -0.729005 0)
(1.49111 -0.679523 0)
(1.49638 -0.628177 0)
(1.50066 -0.575411 0)
(1.50366 -0.521664 0)
(1.50503 -0.467368 0)
(1.50443 -0.412957 0)
(1.50152 -0.358883 0)
(1.49605 -0.305619 0)
(1.48783 -0.253656 0)
(1.47682 -0.203484 0)
(1.46309 -0.155566 0)
(1.44681 -0.110313 0)
(1.42826 -0.0680702 0)
(1.40775 -0.0291064 0)
(1.38566 0.00637117 0)
(1.36245 0.0381958 0)
(1.3385 0.066386 0)
(1.31413 0.0910619 0)
(1.28964 0.112372 0)
(1.26533 0.130514 0)
(1.24146 0.145724 0)
(1.21823 0.158265 0)
(1.19582 0.168421 0)
(1.17436 0.176486 0)
(1.15398 0.182753 0)
(1.13476 0.187513 0)
(1.11675 0.191047 0)
(1.1 0.193622 0)
(1.08453 0.195491 0)
(1.07039 0.196894 0)
(1.05758 0.198054 0)
(1.04615 0.199177 0)
(1.03612 0.200447 0)
(1.02754 0.202026 0)
(1.02049 0.204047 0)
(1.01504 0.206611 0)
(1.01133 0.209774 0)
(1.00948 0.213546 0)
(1.00969 0.217887 0)
(1.01217 0.222736 0)
(1.01726 0.22804 0)
(1.02541 0.233779 0)
(1.03724 0.239924 0)
(1.05342 0.246312 0)
(1.07452 0.252477 0)
(1.10074 0.257519 0)
(1.13168 0.260136 0)
(1.16629 0.258832 0)
(1.20297 0.252228 0)
(1.23992 0.239348 0)
(1.27535 0.219776 0)
(1.3077 0.193669 0)
(1.33581 0.161673 0)
(1.35885 0.124789 0)
(1.37633 0.0842372 0)
(1.38803 0.0413099 0)
(1.39394 -0.00273998 0)
(1.39408 -0.0467113 0)
(1.38872 -0.0893679 0)
(1.3782 -0.129658 0)
(1.36299 -0.166704 0)
(1.34367 -0.199824 0)
(1.32092 -0.22855 0)
(1.2955 -0.252633 0)
(1.26821 -0.272039 0)
(1.23989 -0.286941 0)
(1.21137 -0.29771 0)
(1.18351 -0.304883 0)
(1.15708 -0.309124 0)
(1.13281 -0.31115 0)
(1.11131 -0.311671 0)
(1.09304 -0.311328 0)
(1.07831 -0.310663 0)
(1.06727 -0.310099 0)
(1.06 -0.309938 0)
(1.05646 -0.310351 0)
(1.05653 -0.311369 0)
(1.06004 -0.312886 0)
(1.06679 -0.314682 0)
(1.07653 -0.316468 0)
(1.08904 -0.317935 0)
(1.10412 -0.318794 0)
(1.12166 -0.318787 0)
(1.14159 -0.317675 0)
(1.16387 -0.315201 0)
(1.18844 -0.311058 0)
(1.21512 -0.304878 0)
(1.24362 -0.296247 0)
(1.27348 -0.28475 0)
(1.30416 -0.270023 0)
(1.335 -0.251796 0)
(1.36534 -0.229937 0)
(1.39454 -0.204456 0)
(1.422 -0.175513 0)
(1.44721 -0.1434 0)
(1.46976 -0.108522 0)
(1.48933 -0.0713668 0)
(1.5057 -0.0324444 0)
(1.51883 0.00773831 0)
(0.099481 0.33684 0)
(0.236683 0.733872 0)
(0.346156 0.912313 0)
(0.451809 1.0006 0)
(0.560536 1.02452 0)
(0.664651 0.982497 0)
(0.75638 0.881462 0)
(0.833046 0.736381 0)
(0.89598 0.562988 0)
(0.947041 0.374213 0)
(0.989613 0.180268 0)
(1.02722 -0.0143874 0)
(1.05931 -0.211829 0)
(1.08719 -0.413403 0)
(1.10007 -0.601226 0)
(1.08045 -0.742854 0)
(1.03439 -0.833745 0)
(0.987031 -0.905554 0)
(0.95414 -0.986586 0)
(0.929013 -1.06879 0)
(0.896889 -1.1223 0)
(0.8512 -1.12793 0)
(0.794772 -1.08778 0)
(0.733522 -1.01646 0)
(0.671738 -0.92991 0)
(0.611539 -0.838736 0)
(0.553629 -0.747761 0)
(0.495137 -0.661091 0)
(0.429715 -0.582902 0)
(0.35819 -0.505071 0)
(0.29869 -0.397807 0)
(0.274285 -0.228628 0)
(0.290199 0.00341282 0)
(0.332397 0.265213 0)
(0.388523 0.522001 0)
(0.454345 0.746713 0)
(0.52609 0.918152 0)
(0.597875 1.02589 0)
(0.664198 1.07404 0)
(0.722388 1.07653 0)
(0.772805 1.04944 0)
(0.817648 1.00584 0)
(0.859558 0.9538 0)
(0.900606 0.896714 0)
(0.94179 0.834615 0)
(0.983004 0.765892 0)
(1.02334 0.688895 0)
(1.06161 0.603041 0)
(1.09692 0.509124 0)
(1.12893 0.408915 0)
(1.15785 0.304543 0)
(1.18414 0.197902 0)
(1.20855 0.0902707 0)
(1.23121 -0.0171265 0)
(1.25117 -0.122071 0)
(1.26899 -0.223221 0)
(1.28453 -0.319437 0)
(1.29751 -0.409242 0)
(1.30836 -0.491552 0)
(1.31816 -0.566287 0)
(1.32867 -0.634571 0)
(1.3417 -0.698167 0)
(1.35841 -0.758455 0)
(1.37873 -0.815691 0)
(1.40153 -0.868983 0)
(1.42504 -0.916821 0)
(1.44742 -0.95764 0)
(1.46713 -0.99017 0)
(1.4831 -1.01355 0)
(1.49485 -1.02738 0)
(1.50243 -1.03165 0)
(1.50638 -1.02682 0)
(1.50764 -1.01378 0)
(1.50748 -0.993742 0)
(1.50722 -0.968066 0)
(1.50794 -0.93787 0)
(1.5102 -0.903846 0)
(1.51399 -0.86628 0)
(1.51888 -0.825276 0)
(1.52436 -0.780979 0)
(1.52999 -0.733687 0)
(1.53545 -0.683821 0)
(1.54049 -0.631844 0)
(1.54482 -0.578194 0)
(1.54804 -0.523273 0)
(1.54963 -0.467478 0)
(1.54907 -0.411236 0)
(1.54585 -0.355039 0)
(1.53958 -0.299439 0)
(1.53002 -0.245036 0)
(1.51714 -0.192437 0)
(1.50105 -0.142219 0)
(1.48203 -0.0948805 0)
(1.46045 -0.0508306 0)
(1.43678 -0.0103943 0)
(1.41153 0.0261669 0)
(1.38527 0.0587118 0)
(1.35838 0.0873339 0)
(1.33125 0.112155 0)
(1.30424 0.133351 0)
(1.27766 0.151154 0)
(1.25177 0.16583 0)
(1.22677 0.177679 0)
(1.20283 0.187015 0)
(1.18008 0.194157 0)
(1.15864 0.199427 0)
(1.13855 0.203134 0)
(1.11987 0.205576 0)
(1.10264 0.207033 0)
(1.08686 0.207765 0)
(1.07256 0.208015 0)
(1.05974 0.208004 0)
(1.04841 0.207933 0)
(1.03861 0.20798 0)
(1.03037 0.208295 0)
(1.02373 0.208994 0)
(1.01877 0.210161 0)
(1.01557 0.211832 0)
(1.01424 0.213997 0)
(1.01492 0.216589 0)
(1.01776 0.219504 0)
(1.02296 0.222622 0)
(1.03083 0.225828 0)
(1.04174 0.229006 0)
(1.05615 0.231987 0)
(1.07449 0.234438 0)
(1.09697 0.235772 0)
(1.12343 0.235121 0)
(1.15319 0.231432 0)
(1.18515 0.223659 0)
(1.21786 0.210973 0)
(1.24979 0.192913 0)
(1.27949 0.169456 0)
(1.30573 0.140994 0)
(1.32758 0.108261 0)
(1.34439 0.0722305 0)
(1.35582 0.0339922 0)
(1.36172 -0.00535243 0)
(1.36207 -0.0447276 0)
(1.35712 -0.0830225 0)
(1.34718 -0.119301 0)
(1.33277 -0.152785 0)
(1.31446 -0.182879 0)
(1.29297 -0.209182 0)
(1.26904 -0.231489 0)
(1.24347 -0.249795 0)
(1.2171 -0.264287 0)
(1.19074 -0.275333 0)
(1.16522 -0.283447 0)
(1.14127 -0.289234 0)
(1.11956 -0.293323 0)
(1.10058 -0.296309 0)
(1.08469 -0.298706 0)
(1.07211 -0.300939 0)
(1.06293 -0.303335 0)
(1.05717 -0.306126 0)
(1.05479 -0.309427 0)
(1.0557 -0.313223 0)
(1.05977 -0.317372 0)
(1.06683 -0.321631 0)
(1.07669 -0.325712 0)
(1.08922 -0.32934 0)
(1.10435 -0.332281 0)
(1.1221 -0.334335 0)
(1.14254 -0.335292 0)
(1.16574 -0.334875 0)
(1.19164 -0.3327 0)
(1.22005 -0.328281 0)
(1.25058 -0.32107 0)
(1.28264 -0.310533 0)
(1.31553 -0.296218 0)
(1.34849 -0.277821 0)
(1.38076 -0.255215 0)
(1.41164 -0.228457 0)
(1.44051 -0.197772 0)
(1.46687 -0.163534 0)
(1.49031 -0.126233 0)
(1.51057 -0.0864398 0)
(1.52742 -0.0447509 0)
(1.54092 -0.00173912 0)
(0.0837984 0.19479 0)
(0.256142 0.605595 0)
(0.406204 0.812011 0)
(0.544152 0.900677 0)
(0.680569 0.924421 0)
(0.811639 0.891081 0)
(0.928276 0.80394 0)
(1.02558 0.67331 0)
(1.10384 0.512637 0)
(1.1657 0.334004 0)
(1.21467 0.147653 0)
(1.25374 -0.0415615 0)
(1.28479 -0.234381 0)
(1.30522 -0.425244 0)
(1.29789 -0.590397 0)
(1.25338 -0.708337 0)
(1.19178 -0.790721 0)
(1.14242 -0.870507 0)
(1.11236 -0.961224 0)
(1.085 -1.0426 0)
(1.04359 -1.08633 0)
(0.984761 -1.08118 0)
(0.914795 -1.03452 0)
(0.841692 -0.961482 0)
(0.770614 -0.876065 0)
(0.703346 -0.787252 0)
(0.640268 -0.698339 0)
(0.580262 -0.610449 0)
(0.518073 -0.52716 0)
(0.448903 -0.44875 0)
(0.381846 -0.357535 0)
(0.34101 -0.220654 0)
(0.345001 -0.0206897 0)
(0.388002 0.221037 0)
(0.452811 0.466442 0)
(0.529567 0.684796 0)
(0.611747 0.854706 0)
(0.692453 0.965808 0)
(0.766067 1.0205 0)
(0.830027 1.03018 0)
(0.884858 1.00898 0)
(0.932979 0.969088 0)
(0.977311 0.918691 0)
(1.02025 0.86189 0)
(1.0631 0.799655 0)
(1.10604 0.731198 0)
(1.14833 0.655345 0)
(1.18881 0.571545 0)
(1.22647 0.480266 0)
(1.26075 0.382843 0)
(1.29151 0.281081 0)
(1.31896 0.176737 0)
(1.34362 0.0711548 0)
(1.36548 -0.0341412 0)
(1.38365 -0.136865 0)
(1.39906 -0.235808 0)
(1.41164 -0.329821 0)
(1.42162 -0.41772 0)
(1.42988 -0.498919 0)
(1.43793 -0.573855 0)
(1.44763 -0.643817 0)
(1.46041 -0.710136 0)
(1.47655 -0.773282 0)
(1.4951 -0.832552 0)
(1.51427 -0.886459 0)
(1.53214 -0.933367 0)
(1.54714 -0.971952 0)
(1.55823 -1.00137 0)
(1.56502 -1.02126 0)
(1.56767 -1.03166 0)
(1.56682 -1.03298 0)
(1.56345 -1.026 0)
(1.55888 -1.01185 0)
(1.55454 -0.991838 0)
(1.5517 -0.967146 0)
(1.55109 -0.938474 0)
(1.55272 -0.905998 0)
(1.55609 -0.869625 0)
(1.56057 -0.829331 0)
(1.56572 -0.785348 0)
(1.57134 -0.738117 0)
(1.57733 -0.688139 0)
(1.58348 -0.63584 0)
(1.58937 -0.581543 0)
(1.5943 -0.525525 0)
(1.59745 -0.468107 0)
(1.59797 -0.409721 0)
(1.59513 -0.350943 0)
(1.58841 -0.292468 0)
(1.57753 -0.235069 0)
(1.56251 -0.179532 0)
(1.54357 -0.126584 0)
(1.52114 -0.0768365 0)
(1.49577 -0.030786 0)
(1.46817 0.0111825 0)
(1.43904 0.0487516 0)
(1.409 0.0819246 0)
(1.37854 0.110813 0)
(1.34813 0.135573 0)
(1.31817 0.156428 0)
(1.28898 0.173653 0)
(1.26082 0.187562 0)
(1.23389 0.198491 0)
(1.20832 0.20679 0)
(1.18424 0.212809 0)
(1.1617 0.216893 0)
(1.14077 0.219373 0)
(1.12146 0.220564 0)
(1.10379 0.220757 0)
(1.08774 0.22022 0)
(1.07332 0.219197 0)
(1.06051 0.217907 0)
(1.04932 0.216547 0)
(1.03976 0.215287 0)
(1.03184 0.214265 0)
(1.02559 0.21359 0)
(1.02106 0.213327 0)
(1.01832 0.213501 0)
(1.01742 0.214084 0)
(1.01848 0.214998 0)
(1.02157 0.216118 0)
(1.02684 0.217287 0)
(1.03443 0.218338 0)
(1.04457 0.219099 0)
(1.05753 0.219376 0)
(1.07356 0.2189 0)
(1.09284 0.217262 0)
(1.11528 0.213884 0)
(1.14047 0.208053 0)
(1.16764 0.199026 0)
(1.19572 0.186163 0)
(1.22347 0.169059 0)
(1.24965 0.147614 0)
(1.27311 0.122058 0)
(1.29291 0.0929154 0)
(1.30836 0.0609332 0)
(1.31901 0.0269906 0)
(1.32465 -0.00797329 0)
(1.32519 -0.0430305 0)
(1.32083 -0.0772193 0)
(1.31186 -0.109729 0)
(1.29874 -0.139888 0)
(1.28207 -0.167184 0)
(1.26249 -0.191277 0)
(1.24073 -0.212008 0)
(1.21757 -0.229397 0)
(1.19379 -0.243645 0)
(1.1702 -0.255107 0)
(1.14753 -0.264256 0)
(1.12646 -0.271619 0)
(1.10753 -0.277718 0)
(1.09112 -0.283024 0)
(1.0775 -0.287934 0)
(1.0668 -0.292779 0)
(1.05909 -0.297822 0)
(1.0544 -0.303251 0)
(1.05273 -0.309149 0)
(1.05403 -0.315468 0)
(1.05822 -0.322034 0)
(1.06518 -0.328594 0)
(1.07483 -0.334882 0)
(1.08713 -0.340679 0)
(1.10217 -0.345828 0)
(1.12013 -0.350188 0)
(1.1412 -0.353552 0)
(1.16552 -0.35557 0)
(1.19303 -0.35572 0)
(1.22341 -0.35334 0)
(1.25611 -0.34771 0)
(1.29038 -0.338165 0)
(1.32537 -0.324181 0)
(1.3602 -0.305447 0)
(1.39404 -0.281876 0)
(1.42618 -0.253605 0)
(1.45602 -0.220951 0)
(1.4831 -0.184386 0)
(1.50708 -0.144491 0)
(1.52773 -0.10192 0)
(1.54486 -0.0573461 0)
(1.55861 -0.0114114 0)
(0.0400969 0.066606 0)
(0.231344 0.445154 0)
(0.422608 0.675324 0)
(0.602597 0.77544 0)
(0.771988 0.803366 0)
(0.929513 0.779177 0)
(1.06975 0.707371 0)
(1.18795 0.594518 0)
(1.28315 0.450596 0)
(1.35718 0.28627 0)
(1.41237 0.112006 0)
(1.45326 -0.0684611 0)
(1.48053 -0.251777 0)
(1.48328 -0.422511 0)
(1.44783 -0.559202 0)
(1.38368 -0.65878 0)
(1.32257 -0.744811 0)
(1.28554 -0.839943 0)
(1.2627 -0.937804 0)
(1.23048 -1.01142 0)
(1.17631 -1.04044 0)
(1.10315 -1.02327 0)
(1.02088 -0.971276 0)
(0.938458 -0.898681 0)
(0.860967 -0.816602 0)
(0.789628 -0.731798 0)
(0.723902 -0.646723 0)
(0.663255 -0.560862 0)
(0.604944 -0.475259 0)
(0.542885 -0.393394 0)
(0.477199 -0.309763 0)
(0.425205 -0.200111 0)
(0.412838 -0.0374315 0)
(0.44866 0.175372 0)
(0.516728 0.404344 0)
(0.60135 0.614961 0)
(0.692436 0.783713 0)
(0.781627 0.8991 0)
(0.862823 0.961415 0)
(0.933198 0.979431 0)
(0.993094 0.965239 0)
(1.04488 0.930052 0)
(1.09159 0.882068 0)
(1.1359 0.826036 0)
(1.17949 0.763848 0)
(1.22291 0.695586 0)
(1.26575 0.620651 0)
(1.30704 0.538663 0)
(1.34576 0.449914 0)
(1.38116 0.355398 0)
(1.41283 0.256619 0)
(1.44073 0.155155 0)
(1.46516 0.052348 0)
(1.48593 -0.0500809 0)
(1.5025 -0.15001 0)
(1.51595 -0.246381 0)
(1.52647 -0.338132 0)
(1.53472 -0.424428 0)
(1.54197 -0.50515 0)
(1.54992 -0.581033 0)
(1.56008 -0.65313 0)
(1.57301 -0.721951 0)
(1.58795 -0.786935 0)
(1.60318 -0.846644 0)
(1.61673 -0.899396 0)
(1.627 -0.943817 0)
(1.63305 -0.97908 0)
(1.63463 -1.00488 0)
(1.63205 -1.02134 0)
(1.6261 -1.02889 0)
(1.61785 -1.02822 0)
(1.60862 -1.02033 0)
(1.59993 -1.00647 0)
(1.59321 -0.987857 0)
(1.58936 -0.965236 0)
(1.5885 -0.938709 0)
(1.59004 -0.90796 0)
(1.59323 -0.872743 0)
(1.59763 -0.8332 0)
(1.60325 -0.789826 0)
(1.61029 -0.743202 0)
(1.61876 -0.69375 0)
(1.62824 -0.641656 0)
(1.63785 -0.58697 0)
(1.64636 -0.529777 0)
(1.65249 -0.470337 0)
(1.65504 -0.40916 0)
(1.65306 -0.347 0)
(1.64596 -0.28479 0)
(1.6335 -0.223561 0)
(1.61579 -0.164345 0)
(1.59323 -0.108061 0)
(1.56646 -0.0554732 0)
(1.53634 -0.00718459 0)
(1.50378 0.0363336 0)
(1.46972 0.0748539 0)
(1.43489 0.108494 0)
(1.39995 0.137396 0)
(1.36549 0.161791 0)
(1.33193 0.181976 0)
(1.29963 0.198295 0)
(1.26882 0.211117 0)
(1.23968 0.22083 0)
(1.21231 0.227819 0)
(1.18678 0.232469 0)
(1.16312 0.235148 0)
(1.14133 0.236208 0)
(1.12141 0.235975 0)
(1.10333 0.234752 0)
(1.08706 0.232812 0)
(1.07256 0.230399 0)
(1.05982 0.227731 0)
(1.0488 0.224996 0)
(1.0395 0.222357 0)
(1.0319 0.219945 0)
(1.02604 0.217855 0)
(1.02192 0.216145 0)
(1.01958 0.214827 0)
(1.01907 0.213867 0)
(1.02044 0.213178 0)
(1.02373 0.212627 0)
(1.02902 0.212045 0)
(1.03637 0.211239 0)
(1.04588 0.210009 0)
(1.05768 0.208144 0)
(1.07189 0.2054 0)
(1.08857 0.201469 0)
(1.10768 0.195953 0)
(1.12891 0.188375 0)
(1.15175 0.178229 0)
(1.17541 0.16506 0)
(1.19895 0.14856 0)
(1.22136 0.128625 0)
(1.24164 0.105398 0)
(1.25895 0.0792511 0)
(1.27261 0.0507485 0)
(1.28214 0.0205824 0)
(1.28729 -0.010472 0)
(1.28793 -0.0416339 0)
(1.28419 -0.0721013 0)
(1.27633 -0.101192 0)
(1.26475 -0.12834 0)
(1.25 -0.153115 0)
(1.23266 -0.175241 0)
(1.21343 -0.194603 0)
(1.19302 -0.211249 0)
(1.17216 -0.225382 0)
(1.15156 -0.237335 0)
(1.13188 -0.247517 0)
(1.11368 -0.256364 0)
(1.09736 -0.264284 0)
(1.08322 -0.271633 0)
(1.07144 -0.278719 0)
(1.06212 -0.285812 0)
(1.05536 -0.293149 0)
(1.05122 -0.300899 0)
(1.04976 -0.30912 0)
(1.051 -0.317735 0)
(1.05491 -0.326541 0)
(1.06144 -0.335288 0)
(1.07059 -0.343758 0)
(1.08249 -0.351821 0)
(1.09739 -0.359411 0)
(1.11563 -0.366429 0)
(1.13752 -0.372619 0)
(1.16319 -0.377487 0)
(1.19248 -0.380297 0)
(1.22491 -0.380155 0)
(1.25972 -0.37615 0)
(1.29596 -0.367497 0)
(1.33263 -0.353641 0)
(1.3688 -0.334305 0)
(1.4036 -0.309493 0)
(1.43637 -0.279449 0)
(1.46657 -0.244613 0)
(1.49382 -0.20556 0)
(1.51785 -0.162966 0)
(1.53852 -0.11756 0)
(1.55567 -0.0700814 0)
(1.56953 -0.0212231 0)
(-0.0395037 -0.0205495 0)
(0.14971 0.273712 0)
(0.375622 0.497076 0)
(0.606376 0.614369 0)
(0.820464 0.657094 0)
(1.00962 0.646765 0)
(1.17268 0.591837 0)
(1.30914 0.498363 0)
(1.41917 0.37406 0)
(1.50326 0.228354 0)
(1.56371 0.0698943 0)
(1.60512 -0.0960373 0)
(1.61877 -0.258051 0)
(1.59438 -0.398632 0)
(1.53819 -0.510826 0)
(1.47857 -0.608439 0)
(1.44183 -0.711487 0)
(1.42551 -0.820655 0)
(1.40494 -0.914741 0)
(1.36026 -0.971295 0)
(1.28934 -0.982422 0)
(1.20206 -0.954502 0)
(1.11021 -0.900023 0)
(1.02207 -0.830587 0)
(0.941487 -0.754022 0)
(0.868943 -0.67471 0)
(0.803143 -0.594471 0)
(0.74318 -0.512652 0)
(0.68829 -0.428249 0)
(0.634479 -0.343732 0)
(0.576985 -0.261087 0)
(0.522588 -0.168949 0)
(0.494771 -0.04185 0)
(0.515568 0.134477 0)
(0.579265 0.339841 0)
(0.667311 0.539332 0)
(0.765249 0.705987 0)
(0.862388 0.825748 0)
(0.951551 0.896274 0)
(1.02923 0.923577 0)
(1.09522 0.917582 0)
(1.15157 0.888359 0)
(1.20121 0.843931 0)
(1.24699 0.789551 0)
(1.29093 0.727952 0)
(1.33402 0.660079 0)
(1.37627 0.585984 0)
(1.41706 0.505595 0)
(1.4555 0.419188 0)
(1.4908 0.327552 0)
(1.52236 0.231933 0)
(1.54999 0.133707 0)
(1.5738 0.0341513 0)
(1.59348 -0.0650028 0)
(1.609 -0.16193 0)
(1.62139 -0.255708 0)
(1.63109 -0.345446 0)
(1.6391 -0.430668 0)
(1.64687 -0.511583 0)
(1.65582 -0.588846 0)
(1.66663 -0.662833 0)
(1.67874 -0.733031 0)
(1.69052 -0.798048 0)
(1.70002 -0.856182 0)
(1.70566 -0.906033 0)
(1.70662 -0.946797 0)
(1.70285 -0.978245 0)
(1.69487 -1.00058 0)
(1.68364 -1.01428 0)
(1.67034 -1.02001 0)
(1.65634 -1.01865 0)
(1.64313 -1.0113 0)
(1.63223 -0.999187 0)
(1.62479 -0.983151 0)
(1.62106 -0.963272 0)
(1.62041 -0.939018 0)
(1.62194 -0.909863 0)
(1.62521 -0.875832 0)
(1.63051 -0.837521 0)
(1.63852 -0.795682 0)
(1.64963 -0.750768 0)
(1.66352 -0.702776 0)
(1.67907 -0.651393 0)
(1.69459 -0.596294 0)
(1.7082 -0.537414 0)
(1.71815 -0.475083 0)
(1.72302 -0.410035 0)
(1.72183 -0.343329 0)
(1.714 -0.276234 0)
(1.69942 -0.210111 0)
(1.67835 -0.146283 0)
(1.65136 -0.0859084 0)
(1.61936 -0.0299447 0)
(1.58346 0.0208765 0)
(1.54487 0.0660136 0)
(1.50472 0.105449 0)
(1.46397 0.13933 0)
(1.42351 0.167902 0)
(1.38403 0.191517 0)
(1.34607 0.210584 0)
(1.30999 0.225545 0)
(1.27602 0.236851 0)
(1.24429 0.244951 0)
(1.21485 0.250278 0)
(1.18771 0.253247 0)
(1.16283 0.254252 0)
(1.14015 0.253659 0)
(1.11963 0.251805 0)
(1.10117 0.248998 0)
(1.08472 0.245512 0)
(1.07021 0.241591 0)
(1.05758 0.237446 0)
(1.04678 0.233259 0)
(1.03777 0.22918 0)
(1.03053 0.225333 0)
(1.02505 0.221803 0)
(1.02133 0.218639 0)
(1.01939 0.215846 0)
(1.01922 0.213385 0)
(1.02087 0.211168 0)
(1.02433 0.209061 0)
(1.02963 0.206893 0)
(1.03678 0.204467 0)
(1.04579 0.201573 0)
(1.05669 0.197992 0)
(1.06948 0.193498 0)
(1.08416 0.187838 0)
(1.10064 0.180723 0)
(1.11869 0.171826 0)
(1.13792 0.16081 0)
(1.15775 0.147374 0)
(1.17749 0.131306 0)
(1.19635 0.112537 0)
(1.21352 0.0911694 0)
(1.22827 0.0674785 0)
(1.24 0.0418905 0)
(1.24827 0.0149501 0)
(1.25279 -0.01272 0)
(1.25344 -0.0404799 0)
(1.25028 -0.0676802 0)
(1.24353 -0.0937603 0)
(1.23355 -0.118255 0)
(1.22078 -0.140817 0)
(1.20578 -0.161233 0)
(1.18915 -0.179431 0)
(1.17153 -0.195481 0)
(1.15356 -0.209578 0)
(1.13586 -0.222014 0)
(1.11895 -0.233124 0)
(1.10326 -0.243247 0)
(1.0891 -0.252687 0)
(1.07667 -0.261716 0)
(1.06612 -0.270589 0)
(1.05758 -0.279558 0)
(1.05119 -0.288857 0)
(1.0471 -0.29865 0)
(1.04541 -0.30897 0)
(1.04621 -0.319698 0)
(1.0495 -0.33061 0)
(1.0553 -0.341481 0)
(1.06375 -0.352179 0)
(1.07514 -0.362697 0)
(1.08991 -0.37306 0)
(1.10855 -0.383171 0)
(1.13143 -0.392649 0)
(1.1586 -0.400761 0)
(1.18971 -0.406478 0)
(1.22405 -0.40864 0)
(1.26061 -0.406152 0)
(1.29829 -0.398152 0)
(1.33597 -0.384107 0)
(1.3727 -0.363836 0)
(1.40767 -0.337477 0)
(1.44029 -0.305418 0)
(1.47013 -0.268229 0)
(1.49691 -0.226597 0)
(1.52048 -0.181283 0)
(1.54076 -0.133079 0)
(1.55767 -0.0827737 0)
(1.57145 -0.0310934 0)
(-0.126068 0.0372156 0)
(0.017509 0.113996 0)
(0.251966 0.279195 0)
(0.527105 0.409247 0)
(0.792927 0.480325 0)
(1.02437 0.496799 0)
(1.21715 0.466024 0)
(1.37393 0.395331 0)
(1.49716 0.293273 0)
(1.58914 0.16884 0)
(1.65243 0.0306626 0)
(1.68081 -0.110479 0)
(1.67016 -0.241994 0)
(1.63208 -0.358218 0)
(1.59222 -0.467423 0)
(1.57295 -0.582221 0)
(1.57187 -0.701738 0)
(1.56525 -0.808693 0)
(1.53144 -0.883418 0)
(1.46555 -0.916662 0)
(1.37677 -0.911325 0)
(1.27861 -0.877001 0)
(1.18184 -0.824053 0)
(1.09235 -0.760425 0)
(1.01212 -0.690961 0)
(0.940861 -0.618176 0)
(0.877059 -0.543314 0)
(0.819335 -0.4663 0)
(0.767551 -0.385692 0)
(0.720593 -0.301613 0)
(0.673811 -0.217676 0)
(0.625618 -0.133156 0)
(0.589509 -0.0328559 0)
(0.591735 0.104783 0)
(0.642108 0.278606 0)
(0.726784 0.46103 0)
(0.828012 0.622734 0)
(0.931817 0.745831 0)
(1.02905 0.824522 0)
(1.11492 0.861752 0)
(1.1883 0.86509 0)
(1.25056 0.843236 0)
(1.30432 0.803799 0)
(1.35239 0.752328 0)
(1.39706 0.692247 0)
(1.43973 0.625304 0)
(1.48092 0.55223 0)
(1.52039 0.473373 0)
(1.55758 0.38914 0)
(1.59179 0.300247 0)
(1.62244 0.207753 0)
(1.64925 0.112826 0)
(1.67228 0.0166127 0)
(1.69117 -0.0792514 0)
(1.70628 -0.173285 0)
(1.71851 -0.264708 0)
(1.7285 -0.352852 0)
(1.73736 -0.437528 0)
(1.74633 -0.518963 0)
(1.75607 -0.597291 0)
(1.7661 -0.67194 0)
(1.77492 -0.741537 0)
(1.78063 -0.80438 0)
(1.78177 -0.859066 0)
(1.77769 -0.904832 0)
(1.76857 -0.941536 0)
(1.75519 -0.969463 0)
(1.73868 -0.989146 0)
(1.72036 -1.00124 0)
(1.70161 -1.00651 0)
(1.68386 -1.0059 0)
(1.66865 -1.00056 0)
(1.6573 -0.991438 0)
(1.6503 -0.978709 0)
(1.64708 -0.961673 0)
(1.64653 -0.939465 0)
(1.64817 -0.91192 0)
(1.65262 -0.879775 0)
(1.66121 -0.844088 0)
(1.67494 -0.805455 0)
(1.69368 -0.763651 0)
(1.71603 -0.717843 0)
(1.73967 -0.667098 0)
(1.76205 -0.61084 0)
(1.78079 -0.549093 0)
(1.79403 -0.482489 0)
(1.80043 -0.41216 0)
(1.7992 -0.339567 0)
(1.78997 -0.266355 0)
(1.77276 -0.194228 0)
(1.74793 -0.12482 0)
(1.71619 -0.0595572 0)
(1.67859 0.000386025 0)
(1.63639 0.0540705 0)
(1.59108 0.101055 0)
(1.54399 0.141383 0)
(1.49641 0.175265 0)
(1.44948 0.203108 0)
(1.40409 0.225435 0)
(1.3609 0.242822 0)
(1.32034 0.255854 0)
(1.28263 0.265098 0)
(1.24787 0.271085 0)
(1.21603 0.274306 0)
(1.18706 0.275214 0)
(1.16083 0.274221 0)
(1.1372 0.271705 0)
(1.11605 0.268008 0)
(1.09725 0.263434 0)
(1.08067 0.258256 0)
(1.06619 0.252708 0)
(1.05373 0.246993 0)
(1.0432 0.241282 0)
(1.03453 0.235715 0)
(1.02768 0.230401 0)
(1.02261 0.225417 0)
(1.0193 0.220803 0)
(1.01774 0.21656 0)
(1.01793 0.212646 0)
(1.01984 0.208974 0)
(1.02347 0.205415 0)
(1.0288 0.201804 0)
(1.03579 0.197946 0)
(1.04441 0.193636 0)
(1.05461 0.188659 0)
(1.06634 0.182802 0)
(1.07951 0.175847 0)
(1.094 0.167569 0)
(1.1096 0.157736 0)
(1.12599 0.146125 0)
(1.14276 0.132541 0)
(1.15935 0.116856 0)
(1.17517 0.0990426 0)
(1.18959 0.0791905 0)
(1.20202 0.0575157 0)
(1.21196 0.0343474 0)
(1.21901 0.0101152 0)
(1.22291 -0.0146865 0)
(1.22353 -0.0395425 0)
(1.22091 -0.0639377 0)
(1.21522 -0.0874221 0)
(1.20675 -0.109626 0)
(1.1959 -0.130281 0)
(1.18312 -0.149231 0)
(1.16895 -0.166442 0)
(1.15392 -0.181993 0)
(1.13856 -0.196059 0)
(1.12336 -0.208879 0)
(1.10872 -0.220715 0)
(1.09496 -0.231818 0)
(1.0823 -0.242419 0)
(1.07091 -0.25274 0)
(1.06096 -0.263024 0)
(1.05262 -0.273537 0)
(1.04611 -0.284527 0)
(1.04164 -0.296147 0)
(1.03938 -0.30839 0)
(1.03942 -0.321091 0)
(1.0418 -0.334017 0)
(1.04664 -0.347006 0)
(1.05422 -0.36006 0)
(1.06503 -0.373317 0)
(1.07972 -0.386873 0)
(1.09887 -0.40056 0)
(1.12283 -0.413765 0)
(1.15149 -0.425417 0)
(1.18423 -0.434135 0)
(1.22006 -0.438487 0)
(1.25777 -0.437237 0)
(1.29609 -0.429514 0)
(1.3339 -0.414883 0)
(1.37028 -0.393318 0)
(1.40453 -0.365127 0)
(1.43617 -0.330863 0)
(1.46492 -0.291231 0)
(1.49062 -0.247022 0)
(1.51322 -0.19907 0)
(1.53272 -0.148207 0)
(1.54912 -0.0952592 0)
(1.56264 -0.0409569 0)
(0.158853 0.0181517 0)
(0.155052 -0.0221343 0)
(0.226801 0.0402666 0)
(0.432155 0.147566 0)
(0.686878 0.239431 0)
(0.933275 0.293472 0)
(1.14721 0.30295 0)
(1.32243 0.269578 0)
(1.45878 0.200647 0)
(1.55815 0.106934 0)
(1.61864 -0.000641737 0)
(1.64498 -0.113302 0)
(1.65228 -0.226538 0)
(1.66114 -0.343423 0)
(1.68249 -0.467458 0)
(1.70765 -0.592546 0)
(1.7154 -0.703587 0)
(1.689 -0.785823 0)
(1.62621 -0.832323 0)
(1.537 -0.844725 0)
(1.43542 -0.829742 0)
(1.33321 -0.795194 0)
(1.23741 -0.747602 0)
(1.15088 -0.69152 0)
(1.07394 -0.629757 0)
(1.00584 -0.563833 0)
(0.94534 -0.494613 0)
(0.891092 -0.422523 0)
(0.842724 -0.346822 0)
(0.800762 -0.266298 0)
(0.763294 -0.182667 0)
(0.72577 -0.0998815 0)
(0.691012 -0.0144543 0)
(0.678696 0.0906487 0)
(0.709307 0.228255 0)
(0.781786 0.385813 0)
(0.880113 0.536907 0)
(0.987433 0.660249 0)
(1.09175 0.745792 0)
(1.18622 0.792859 0)
(1.2682 0.806316 0)
(1.338 0.793185 0)
(1.3976 0.760348 0)
(1.44956 0.713369 0)
(1.49623 0.656147 0)
(1.53937 0.591102 0)
(1.5799 0.519611 0)
(1.61812 0.442496 0)
(1.65381 0.36041 0)
(1.68656 0.274114 0)
(1.71595 0.184569 0)
(1.74176 0.0927713 0)
(1.76401 -0.000275451 0)
(1.78242 -0.0931234 0)
(1.79755 -0.184589 0)
(1.81015 -0.27403 0)
(1.82091 -0.360986 0)
(1.83073 -0.445315 0)
(1.84013 -0.526852 0)
(1.84863 -0.604905 0)
(1.85483 -0.678098 0)
(1.85697 -0.744754 0)
(1.85373 -0.803505 0)
(1.84473 -0.853646 0)
(1.83041 -0.895118 0)
(1.81183 -0.92828 0)
(1.79029 -0.953691 0)
(1.7672 -0.971994 0)
(1.74394 -0.983864 0)
(1.72185 -0.990076 0)
(1.70239 -0.991627 0)
(1.68695 -0.989534 0)
(1.67633 -0.984161 0)
(1.6701 -0.974795 0)
(1.66704 -0.960234 0)
(1.66647 -0.940013 0)
(1.66934 -0.914994 0)
(1.67777 -0.886682 0)
(1.69362 -0.855978 0)
(1.71707 -0.822454 0)
(1.74633 -0.784597 0)
(1.7783 -0.740631 0)
(1.80955 -0.68929 0)
(1.83707 -0.630193 0)
(1.85866 -0.563838 0)
(1.87288 -0.491399 0)
(1.87892 -0.414483 0)
(1.87637 -0.334931 0)
(1.86512 -0.254683 0)
(1.84527 -0.175709 0)
(1.81716 -0.0999118 0)
(1.78138 -0.0290009 0)
(1.73881 0.0355902 0)
(1.69088 0.0926993 0)
(1.63914 0.141935 0)
(1.58518 0.183272 0)
(1.5306 0.217037 0)
(1.47685 0.243824 0)
(1.42508 0.264373 0)
(1.37614 0.279484 0)
(1.33055 0.289942 0)
(1.28862 0.296478 0)
(1.25041 0.29974 0)
(1.21587 0.300303 0)
(1.18482 0.298666 0)
(1.15708 0.295267 0)
(1.13242 0.290488 0)
(1.11063 0.284669 0)
(1.09148 0.278107 0)
(1.0748 0.271059 0)
(1.06041 0.263748 0)
(1.04818 0.256361 0)
(1.03799 0.249053 0)
(1.02972 0.241949 0)
(1.0233 0.235144 0)
(1.01868 0.2287 0)
(1.01581 0.22265 0)
(1.01466 0.216989 0)
(1.01519 0.211672 0)
(1.01738 0.206617 0)
(1.02119 0.201701 0)
(1.02657 0.196767 0)
(1.03347 0.191633 0)
(1.04181 0.186102 0)
(1.0515 0.179969 0)
(1.06244 0.173035 0)
(1.0745 0.165107 0)
(1.08753 0.156001 0)
(1.10133 0.145543 0)
(1.11561 0.133578 0)
(1.13005 0.119986 0)
(1.14421 0.104699 0)
(1.15764 0.0877206 0)
(1.16986 0.0691425 0)
(1.18039 0.0491425 0)
(1.18883 0.0279845 0)
(1.19486 0.00601157 0)
(1.19824 -0.0163839 0)
(1.19886 -0.0387921 0)
(1.19674 -0.0608116 0)
(1.19202 -0.0820908 0)
(1.18493 -0.102345 0)
(1.1758 -0.121374 0)
(1.16501 -0.13907 0)
(1.15299 -0.15542 0)
(1.14015 -0.1705 0)
(1.12692 -0.184459 0)
(1.11364 -0.197485 0)
(1.10063 -0.209776 0)
(1.08811 -0.221525 0)
(1.07628 -0.23292 0)
(1.06531 -0.244175 0)
(1.0554 -0.255554 0)
(1.0468 -0.267354 0)
(1.03979 -0.279834 0)
(1.03464 -0.293117 0)
(1.03152 -0.307138 0)
(1.03052 -0.321687 0)
(1.03175 -0.336558 0)
(1.03541 -0.351711 0)
(1.04199 -0.36733 0)
(1.05218 -0.383702 0)
(1.06682 -0.400938 0)
(1.08653 -0.418685 0)
(1.11155 -0.435974 0)
(1.14148 -0.451302 0)
(1.17543 -0.462914 0)
(1.21211 -0.469141 0)
(1.25012 -0.468687 0)
(1.28815 -0.460764 0)
(1.3251 -0.44511 0)
(1.36017 -0.421903 0)
(1.39282 -0.391652 0)
(1.42271 -0.355075 0)
(1.44971 -0.313004 0)
(1.47379 -0.266318 0)
(1.49498 -0.215907 0)
(1.51337 -0.162626 0)
(1.52902 -0.107314 0)
(1.54209 -0.050692 0)
(1.15011 -0.0283926 0)
(1.10795 -0.0208416 0)
(1.05247 0.00860563 0)
(1.0128 0.0484188 0)
(1.02874 0.0911787 0)
(1.10363 0.126211 0)
(1.21282 0.140817 0)
(1.33057 0.127213 0)
(1.43864 0.0848927 0)
(1.52761 0.0187532 0)
(1.60439 -0.063611 0)
(1.67552 -0.159151 0)
(1.74326 -0.267238 0)
(1.80433 -0.384409 0)
(1.84729 -0.501267 0)
(1.85799 -0.604964 0)
(1.82886 -0.685144 0)
(1.76339 -0.737385 0)
(1.67289 -0.762648 0)
(1.57054 -0.764883 0)
(1.46694 -0.748825 0)
(1.36864 -0.718754 0)
(1.27869 -0.678084 0)
(1.19785 -0.629402 0)
(1.12578 -0.574596 0)
(1.06174 -0.514905 0)
(1.00498 -0.451068 0)
(0.954617 -0.383656 0)
(0.910044 -0.312732 0)
(0.87194 -0.237218 0)
(0.84076 -0.156749 0)
(0.813409 -0.0748523 0)
(0.786662 0.00484527 0)
(0.769149 0.0895258 0)
(0.781192 0.194783 0)
(0.834971 0.323026 0)
(0.922947 0.457229 0)
(1.02854 0.576006 0)
(1.13705 0.665425 0)
(1.23894 0.720819 0)
(1.32949 0.744012 0)
(1.40758 0.740054 0)
(1.47424 0.714812 0)
(1.53154 0.673572 0)
(1.58171 0.620453 0)
(1.62665 0.558343 0)
(1.66765 0.489153 0)
(1.70541 0.414149 0)
(1.74014 0.334275 0)
(1.77176 0.250413 0)
(1.80007 0.163512 0)
(1.82504 0.0744564 0)
(1.84672 -0.0158722 0)
(1.8648 -0.106195 0)
(1.87999 -0.195536 0)
(1.89285 -0.28337 0)
(1.90389 -0.369283 0)
(1.91337 -0.452848 0)
(1.92081 -0.53324 0)
(1.92487 -0.609071 0)
(1.92394 -0.678712 0)
(1.91693 -0.740847 0)
(1.90369 -0.794833 0)
(1.88497 -0.84067 0)
(1.86202 -0.878756 0)
(1.8363 -0.909638 0)
(1.80921 -0.933904 0)
(1.7821 -0.952148 0)
(1.75622 -0.964996 0)
(1.73285 -0.973253 0)
(1.71336 -0.977917 0)
(1.69883 -0.979627 0)
(1.68919 -0.977882 0)
(1.68319 -0.971228 0)
(1.67982 -0.958729 0)
(1.68006 -0.941216 0)
(1.68686 -0.920783 0)
(1.70325 -0.898949 0)
(1.73002 -0.875261 0)
(1.765 -0.847422 0)
(1.80405 -0.812555 0)
(1.84268 -0.768483 0)
(1.87721 -0.714335 0)
(1.90523 -0.650487 0)
(1.92547 -0.578195 0)
(1.93739 -0.499207 0)
(1.94088 -0.415489 0)
(1.93597 -0.32907 0)
(1.92272 -0.241995 0)
(1.9012 -0.156337 0)
(1.87153 -0.0741206 0)
(1.83374 0.00274999 0)
(1.7885 0.07242 0)
(1.73705 0.133516 0)
(1.68083 0.185423 0)
(1.62161 0.228038 0)
(1.56127 0.261773 0)
(1.50157 0.2874 0)
(1.44398 0.305908 0)
(1.3896 0.318365 0)
(1.33917 0.325808 0)
(1.29308 0.329173 0)
(1.25146 0.329269 0)
(1.2142 0.326773 0)
(1.1811 0.322249 0)
(1.15188 0.316161 0)
(1.12621 0.308901 0)
(1.10381 0.300799 0)
(1.08437 0.292135 0)
(1.06764 0.283148 0)
(1.05341 0.274039 0)
(1.04146 0.264974 0)
(1.03164 0.25609 0)
(1.02381 0.247491 0)
(1.01786 0.239256 0)
(1.01371 0.231432 0)
(1.01129 0.224039 0)
(1.01054 0.217067 0)
(1.01142 0.21047 0)
(1.01389 0.204167 0)
(1.01789 0.198042 0)
(1.02335 0.191951 0)
(1.0302 0.185721 0)
(1.03835 0.179169 0)
(1.04768 0.172104 0)
(1.05806 0.16434 0)
(1.06935 0.155704 0)
(1.08136 0.146036 0)
(1.0939 0.135198 0)
(1.10672 0.123078 0)
(1.11952 0.109597 0)
(1.13198 0.0947243 0)
(1.14371 0.0784858 0)
(1.15435 0.0609713 0)
(1.16353 0.0423359 0)
(1.17091 0.0227997 0)
(1.17623 0.00264124 0)
(1.17928 -0.017825 0)
(1.17999 -0.0382708 0)
(1.17835 -0.0583812 0)
(1.17448 -0.0778812 0)
(1.16857 -0.0965516 0)
(1.16086 -0.114241 0)
(1.15166 -0.130873 0)
(1.14128 -0.146448 0)
(1.13006 -0.161034 0)
(1.11829 -0.174756 0)
(1.10625 -0.187766 0)
(1.09418 -0.200223 0)
(1.08227 -0.212286 0)
(1.07069 -0.224133 0)
(1.05964 -0.236001 0)
(1.04939 -0.248192 0)
(1.04024 -0.261038 0)
(1.03252 -0.274793 0)
(1.0265 -0.289529 0)
(1.02235 -0.305108 0)
(1.02015 -0.321293 0)
(1.02004 -0.337948 0)
(1.02237 -0.355214 0)
(1.02784 -0.37349 0)
(1.03738 -0.393195 0)
(1.05195 -0.414375 0)
(1.07215 -0.436382 0)
(1.09799 -0.457787 0)
(1.1288 -0.476613 0)
(1.16333 -0.49075 0)
(1.20006 -0.498371 0)
(1.2375 -0.498211 0)
(1.27433 -0.489651 0)
(1.30958 -0.472653 0)
(1.34259 -0.44763 0)
(1.37299 -0.415287 0)
(1.40061 -0.376493 0)
(1.42543 -0.332187 0)
(1.44755 -0.283311 0)
(1.46707 -0.230788 0)
(1.48413 -0.175481 0)
(1.49887 -0.118222 0)
(1.51132 -0.0597068 0)
(1.65524 0.0260494 0)
(1.62909 0.03854 0)
(1.6029 0.0670984 0)
(1.58626 0.1026 0)
(1.58456 0.129233 0)
(1.59974 0.137571 0)
(1.63211 0.125906 0)
(1.67955 0.095256 0)
(1.73812 0.0467937 0)
(1.80502 -0.0187767 0)
(1.87146 -0.101869 0)
(1.93041 -0.199441 0)
(1.97412 -0.304408 0)
(1.99378 -0.407765 0)
(1.98219 -0.500587 0)
(1.93793 -0.5765 0)
(1.86634 -0.63268 0)
(1.77668 -0.669111 0)
(1.67845 -0.687238 0)
(1.57903 -0.689028 0)
(1.48322 -0.676593 0)
(1.39361 -0.652092 0)
(1.31137 -0.617621 0)
(1.23684 -0.575076 0)
(1.16984 -0.526047 0)
(1.11 -0.471723 0)
(1.05695 -0.412841 0)
(1.01032 -0.349924 0)
(0.9696 -0.283419 0)
(0.935015 -0.212999 0)
(0.90788 -0.137609 0)
(0.88791 -0.0584585 0)
(0.871208 0.0194072 0)
(0.857465 0.0948622 0)
(0.858613 0.177547 0)
(0.892206 0.277195 0)
(0.962482 0.389077 0)
(1.05876 0.497083 0)
(1.16603 0.585765 0)
(1.27221 0.646725 0)
(1.37005 0.678398 0)
(1.45645 0.68346 0)
(1.53107 0.666397 0)
(1.59514 0.631894 0)
(1.6505 0.584008 0)
(1.69898 0.525886 0)
(1.74206 0.459821 0)
(1.78075 0.38746 0)
(1.81562 0.310038 0)
(1.84692 0.228614 0)
(1.87472 0.14418 0)
(1.89916 0.0575934 0)
(1.9203 -0.0303048 0)
(1.93792 -0.118388 0)
(1.95271 -0.205818 0)
(1.9649 -0.292049 0)
(1.9745 -0.376448 0)
(1.98096 -0.458078 0)
(1.98311 -0.535577 0)
(1.97956 -0.607403 0)
(1.96949 -0.672315 0)
(1.95299 -0.729703 0)
(1.931 -0.779576 0)
(1.90491 -0.822313 0)
(1.87619 -0.858409 0)
(1.84622 -0.888357 0)
(1.81623 -0.912655 0)
(1.78734 -0.931823 0)
(1.76068 -0.946488 0)
(1.73747 -0.957513 0)
(1.71892 -0.965744 0)
(1.70549 -0.971128 0)
(1.69619 -0.972276 0)
(1.68969 -0.967714 0)
(1.68656 -0.957862 0)
(1.69029 -0.945266 0)
(1.70516 -0.932386 0)
(1.73299 -0.91916 0)
(1.77147 -0.902618 0)
(1.81536 -0.878586 0)
(1.85886 -0.843715 0)
(1.89757 -0.796519 0)
(1.92899 -0.73728 0)
(1.95221 -0.667413 0)
(1.96725 -0.588856 0)
(1.97448 -0.503686 0)
(1.97426 -0.413954 0)
(1.96682 -0.321646 0)
(1.95225 -0.228731 0)
(1.93051 -0.137202 0)
(1.90128 -0.0490647 0)
(1.86419 0.0336329 0)
(1.81944 0.108596 0)
(1.76776 0.174164 0)
(1.71025 0.229338 0)
(1.64865 0.273827 0)
(1.58494 0.308001 0)
(1.52114 0.332745 0)
(1.45908 0.349285 0)
(1.40019 0.358979 0)
(1.34552 0.363164 0)
(1.29565 0.363036 0)
(1.25082 0.359613 0)
(1.21098 0.353715 0)
(1.1759 0.345993 0)
(1.14524 0.336956 0)
(1.11862 0.327007 0)
(1.09565 0.316465 0)
(1.07598 0.305591 0)
(1.05926 0.294598 0)
(1.04521 0.283659 0)
(1.0336 0.272916 0)
(1.0242 0.262479 0)
(1.01685 0.252431 0)
(1.0114 0.242829 0)
(1.00775 0.233704 0)
(1.0058 0.225064 0)
(1.00548 0.216888 0)
(1.00673 0.209127 0)
(1.00949 0.201701 0)
(1.01369 0.194501 0)
(1.01927 0.18739 0)
(1.02613 0.180212 0)
(1.03417 0.172793 0)
(1.04327 0.164958 0)
(1.05328 0.156535 0)
(1.06404 0.147364 0)
(1.07538 0.137304 0)
(1.08708 0.126238 0)
(1.09893 0.114077 0)
(1.11064 0.100769 0)
(1.12196 0.0863033 0)
(1.13256 0.0707172 0)
(1.14214 0.0540992 0)
(1.1504 0.0365895 0)
(1.15709 0.0183789 0)
(1.16197 -0.000299499 0)
(1.16489 -0.0191891 0)
(1.16577 -0.038027 0)
(1.16462 -0.0565654 0)
(1.16149 -0.0745875 0)
(1.15653 -0.0919218 0)
(1.14992 -0.108452 0)
(1.14188 -0.124121 0)
(1.13265 -0.138937 0)
(1.12248 -0.152966 0)
(1.1116 -0.166318 0)
(1.10023 -0.179122 0)
(1.08856 -0.191516 0)
(1.07677 -0.203647 0)
(1.06504 -0.215711 0)
(1.05361 -0.22798 0)
(1.04279 -0.240805 0)
(1.03293 -0.254537 0)
(1.02437 -0.269404 0)
(1.01737 -0.285402 0)
(1.01203 -0.302326 0)
(1.00845 -0.319948 0)
(1.00683 -0.338269 0)
(1.0077 -0.35766 0)
(1.012 -0.378746 0)
(1.02085 -0.402019 0)
(1.03527 -0.427352 0)
(1.05577 -0.453679 0)
(1.08207 -0.479042 0)
(1.11316 -0.500991 0)
(1.14752 -0.517133 0)
(1.18347 -0.525589 0)
(1.21947 -0.525224 0)
(1.25433 -0.515653 0)
(1.28722 -0.497097 0)
(1.31765 -0.470197 0)
(1.34541 -0.435838 0)
(1.37048 -0.395015 0)
(1.39295 -0.348743 0)
(1.41299 -0.298006 0)
(1.43076 -0.24374 0)
(1.44643 -0.1868 0)
(1.46023 -0.128004 0)
(1.47198 -0.0680211 0)
(1.7815 0.027766 0)
(1.77823 0.038619 0)
(1.78055 0.0608581 0)
(1.79611 0.0884745 0)
(1.82618 0.109524 0)
(1.8658 0.114685 0)
(1.9097 0.100454 0)
(1.95544 0.0669328 0)
(2.00135 0.0149435 0)
(2.04098 -0.0535141 0)
(2.06933 -0.134506 0)
(2.08193 -0.221903 0)
(2.07445 -0.309164 0)
(2.04455 -0.39069 0)
(1.99329 -0.4625 0)
(1.92473 -0.522104 0)
(1.84438 -0.568065 0)
(1.75753 -0.599742 0)
(1.66844 -0.617132 0)
(1.58022 -0.62081 0)
(1.49513 -0.611873 0)
(1.41472 -0.591807 0)
(1.34001 -0.56226 0)
(1.27157 -0.52481 0)
(1.20959 -0.480826 0)
(1.15402 -0.431399 0)
(1.10476 -0.377275 0)
(1.06174 -0.318922 0)
(1.0248 -0.256815 0)
(0.993842 -0.191272 0)
(0.96983 -0.121698 0)
(0.954164 -0.0476976 0)
(0.945512 0.0275837 0)
(0.939933 0.0993628 0)
(0.939644 0.169365 0)
(0.958139 0.246123 0)
(1.00738 0.333701 0)
(1.08667 0.424974 0)
(1.18521 0.507081 0)
(1.29036 0.569553 0)
(1.39248 0.607515 0)
(1.48602 0.620855 0)
(1.56875 0.612214 0)
(1.6406 0.58528 0)
(1.70265 0.543733 0)
(1.75639 0.490739 0)
(1.80327 0.428819 0)
(1.84444 0.359913 0)
(1.88075 0.285523 0)
(1.9127 0.2069 0)
(1.94061 0.125141 0)
(1.96476 0.0411365 0)
(1.98523 -0.0442577 0)
(2.00188 -0.130008 0)
(2.0152 -0.215258 0)
(2.02497 -0.299247 0)
(2.0306 -0.380955 0)
(2.03106 -0.459048 0)
(2.0253 -0.532094 0)
(2.01275 -0.59895 0)
(1.99377 -0.659051 0)
(1.96945 -0.71239 0)
(1.94125 -0.75929 0)
(1.91061 -0.80016 0)
(1.8788 -0.835378 0)
(1.84687 -0.86531 0)
(1.8158 -0.89038 0)
(1.78656 -0.911094 0)
(1.76021 -0.928146 0)
(1.73791 -0.942412 0)
(1.7205 -0.954309 0)
(1.70759 -0.962868 0)
(1.69772 -0.966265 0)
(1.69078 -0.964172 0)
(1.69021 -0.959214 0)
(1.70156 -0.955006 0)
(1.72818 -0.952445 0)
(1.76803 -0.948163 0)
(1.81466 -0.936454 0)
(1.86069 -0.91242 0)
(1.90075 -0.873772 0)
(1.93239 -0.820754 0)
(1.95536 -0.75511 0)
(1.9705 -0.679089 0)
(1.97875 -0.594899 0)
(1.98081 -0.504566 0)
(1.97704 -0.409972 0)
(1.96756 -0.312936 0)
(1.95238 -0.215269 0)
(1.93139 -0.118777 0)
(1.90405 -0.0253226 0)
(1.86979 0.0629805 0)
(1.82815 0.143489 0)
(1.77923 0.214091 0)
(1.72363 0.273343 0)
(1.66275 0.32059 0)
(1.59849 0.356001 0)
(1.53299 0.380462 0)
(1.46834 0.395375 0)
(1.40635 0.402392 0)
(1.34842 0.403185 0)
(1.29541 0.399278 0)
(1.24779 0.391958 0)
(1.20562 0.382247 0)
(1.16871 0.370926 0)
(1.13672 0.358575 0)
(1.10923 0.345621 0)
(1.08577 0.332378 0)
(1.06592 0.319087 0)
(1.04928 0.305927 0)
(1.0355 0.293042 0)
(1.02429 0.280538 0)
(1.01539 0.268496 0)
(1.00858 0.256972 0)
(1.0037 0.245999 0)
(1.00061 0.235588 0)
(0.999184 0.225729 0)
(0.99934 0.21639 0)
(1.001 0.207517 0)
(1.00408 0.199027 0)
(1.00853 0.190817 0)
(1.01425 0.182759 0)
(1.02116 0.174706 0)
(1.02915 0.166499 0)
(1.0381 0.157977 0)
(1.04784 0.148982 0)
(1.05824 0.139368 0)
(1.06909 0.129007 0)
(1.08021 0.117798 0)
(1.09138 0.10567 0)
(1.10235 0.0925827 0)
(1.11289 0.0785391 0)
(1.12273 0.0635815 0)
(1.13161 0.0477944 0)
(1.1393 0.0313041 0)
(1.14556 0.0142739 0)
(1.15023 -0.00309923 0)
(1.15315 -0.020605 0)
(1.15426 -0.0380296 0)
(1.15354 -0.0551737 0)
(1.15103 -0.0718636 0)
(1.14682 -0.0879628 0)
(1.14103 -0.103381 0)
(1.13383 -0.118081 0)
(1.12538 -0.132082 0)
(1.11588 -0.145451 0)
(1.10552 -0.158291 0)
(1.09447 -0.17072 0)
(1.08289 -0.182866 0)
(1.07096 -0.194885 0)
(1.05887 -0.207 0)
(1.0469 -0.219537 0)
(1.03539 -0.232891 0)
(1.02473 -0.247416 0)
(1.01524 -0.263285 0)
(1.0071 -0.280403 0)
(1.00039 -0.298511 0)
(0.995191 -0.317442 0)
(0.99183 -0.337401 0)
(0.991055 -0.359049 0)
(0.994031 -0.383233 0)
(1.00207 -0.410448 0)
(1.0162 -0.440264 0)
(1.03672 -0.471076 0)
(1.06305 -0.500328 0)
(1.09382 -0.525112 0)
(1.12727 -0.542831 0)
(1.16165 -0.551657 0)
(1.19547 -0.550675 0)
(1.22768 -0.539788 0)
(1.25762 -0.519498 0)
(1.28502 -0.490673 0)
(1.3098 -0.454356 0)
(1.33206 -0.411644 0)
(1.35199 -0.363606 0)
(1.36979 -0.311249 0)
(1.38571 -0.25551 0)
(1.39989 -0.197229 0)
(1.41264 -0.137196 0)
(1.42359 -0.0760497 0)
(1.77107 0.0266734 0)
(1.77623 0.0359636 0)
(1.78682 0.0505081 0)
(1.80788 0.0665653 0)
(1.84156 0.0770977 0)
(1.88471 0.075937 0)
(1.93121 0.0596691 0)
(1.97484 0.0273864 0)
(2.01112 -0.0194423 0)
(2.0371 -0.0781058 0)
(2.0495 -0.144771 0)
(2.04598 -0.215573 0)
(2.02569 -0.286792 0)
(1.98941 -0.354837 0)
(1.93936 -0.416439 0)
(1.87841 -0.468897 0)
(1.80946 -0.510286 0)
(1.73527 -0.539519 0)
(1.65839 -0.556281 0)
(1.58114 -0.560899 0)
(1.50553 -0.554211 0)
(1.43318 -0.537391 0)
(1.36528 -0.511757 0)
(1.30256 -0.478599 0)
(1.24546 -0.439063 0)
(1.19413 -0.394104 0)
(1.14864 -0.344464 0)
(1.10909 -0.290625 0)
(1.07564 -0.23298 0)
(1.04824 -0.172063 0)
(1.02722 -0.10808 0)
(1.01406 -0.0404998 0)
(1.00993 0.0300177 0)
(1.01202 0.0993281 0)
(1.01697 0.164023 0)
(1.02984 0.226911 0)
(1.0619 0.293763 0)
(1.12036 0.365296 0)
(1.20247 0.434873 0)
(1.29883 0.493257 0)
(1.39928 0.533606 0)
(1.49617 0.553094 0)
(1.5851 0.552131 0)
(1.66422 0.53296 0)
(1.73341 0.498493 0)
(1.79345 0.451618 0)
(1.84541 0.394876 0)
(1.8904 0.330363 0)
(1.92931 0.259791 0)
(1.96282 0.184594 0)
(1.99139 0.10601 0)
(2.01537 0.0250288 0)
(2.03481 -0.0574512 0)
(2.04967 -0.140351 0)
(2.06003 -0.222633 0)
(2.0653 -0.303215 0)
(2.06467 -0.380806 0)
(2.05743 -0.454089 0)
(2.04338 -0.522044 0)
(2.0231 -0.584157 0)
(1.99781 -0.640391 0)
(1.96894 -0.69097 0)
(1.93784 -0.736169 0)
(1.90556 -0.776216 0)
(1.87296 -0.81133 0)
(1.84081 -0.841808 0)
(1.80994 -0.868081 0)
(1.78127 -0.890724 0)
(1.75583 -0.910511 0)
(1.73464 -0.928148 0)
(1.7179 -0.943318 0)
(1.70449 -0.954285 0)
(1.69361 -0.959871 0)
(1.68795 -0.962171 0)
(1.69391 -0.965825 0)
(1.71681 -0.973355 0)
(1.75563 -0.981615 0)
(1.8029 -0.983281 0)
(1.84926 -0.971396 0)
(1.88811 -0.942549 0)
(1.91712 -0.897018 0)
(1.93711 -0.837117 0)
(1.95006 -0.765571 0)
(1.95766 -0.684709 0)
(1.96073 -0.596396 0)
(1.95942 -0.502268 0)
(1.95351 -0.403964 0)
(1.94275 -0.303219 0)
(1.92711 -0.201793 0)
(1.90667 -0.101351 0)
(1.88135 -0.003508 0)
(1.85041 0.0896785 0)
(1.8131 0.175461 0)
(1.76885 0.251318 0)
(1.71761 0.315285 0)
(1.66022 0.366181 0)
(1.59821 0.403793 0)
(1.53365 0.42885 0)
(1.46875 0.442814 0)
(1.4056 0.447575 0)
(1.34592 0.445145 0)
(1.29093 0.437414 0)
(1.24133 0.425998 0)
(1.1974 0.412185 0)
(1.15906 0.396939 0)
(1.12602 0.380949 0)
(1.09784 0.364694 0)
(1.07404 0.348498 0)
(1.05414 0.332583 0)
(1.03769 0.317097 0)
(1.02427 0.302146 0)
(1.01355 0.287799 0)
(1.00522 0.274102 0)
(0.999029 0.261077 0)
(0.994782 0.24873 0)
(0.992308 0.237048 0)
(0.991468 0.226003 0)
(0.992153 0.215547 0)
(0.994267 0.205617 0)
(0.997728 0.196127 0)
(1.00246 0.186975 0)
(1.00837 0.178039 0)
(1.01537 0.169182 0)
(1.02336 0.160259 0)
(1.03221 0.151122 0)
(1.04178 0.141624 0)
(1.0519 0.131635 0)
(1.06241 0.121038 0)
(1.07312 0.109745 0)
(1.08381 0.0976932 0)
(1.09429 0.0848539 0)
(1.10431 0.0712336 0)
(1.11366 0.0568754 0)
(1.12211 0.0418579 0)
(1.12945 0.0262931 0)
(1.1355 0.0103241 0)
(1.1401 -0.00587889 0)
(1.14311 -0.0221403 0)
(1.14447 -0.0382844 0)
(1.14414 -0.0541482 0)
(1.14214 -0.069591 0)
(1.13851 -0.0845052 0)
(1.13333 -0.0988239 0)
(1.12671 -0.112528 0)
(1.11879 -0.12565 0)
(1.10971 -0.138263 0)
(1.09962 -0.150468 0)
(1.08867 -0.162377 0)
(1.07699 -0.17412 0)
(1.06476 -0.185873 0)
(1.05219 -0.197907 0)
(1.03959 -0.210605 0)
(1.02733 -0.224398 0)
(1.01579 -0.239619 0)
(1.00525 -0.256354 0)
(0.995817 -0.274411 0)
(0.987501 -0.293506 0)
(0.980422 -0.313605 0)
(0.97506 -0.335198 0)
(0.972411 -0.359277 0)
(0.973891 -0.38689 0)
(0.98095 -0.418425 0)
(0.994545 -0.453006 0)
(1.01472 -0.488368 0)
(1.04053 -0.521318 0)
(1.07031 -0.548543 0)
(1.10211 -0.567349 0)
(1.13418 -0.576068 0)
(1.16514 -0.574089 0)
(1.19413 -0.561645 0)
(1.22071 -0.53952 0)
(1.24476 -0.508791 0)
(1.26634 -0.470634 0)
(1.28566 -0.426218 0)
(1.30295 -0.376647 0)
(1.31847 -0.322933 0)
(1.33248 -0.266001 0)
(1.34511 -0.206669 0)
(1.35677 -0.145699 0)
(1.36683 -0.0836929 0)
(1.76266 0.0245352 0)
(1.76944 0.0305652 0)
(1.78045 0.0387666 0)
(1.7986 0.0470162 0)
(1.82537 0.0509276 0)
(1.85912 0.0460897 0)
(1.8957 0.0298542 0)
(1.93038 0.00164788 0)
(1.95952 -0.0378853 0)
(1.97982 -0.087285 0)
(1.98859 -0.144031 0)
(1.98433 -0.205052 0)
(1.96671 -0.266879 0)
(1.93631 -0.326065 0)
(1.8944 -0.379652 0)
(1.84274 -0.425382 0)
(1.78343 -0.461694 0)
(1.71875 -0.487658 0)
(1.65099 -0.502926 0)
(1.5823 -0.507659 0)
(1.51455 -0.502429 0)
(1.44926 -0.488097 0)
(1.38756 -0.465675 0)
(1.33024 -0.436193 0)
(1.27781 -0.400605 0)
(1.2306 -0.359739 0)
(1.1888 -0.314293 0)
(1.15259 -0.264799 0)
(1.12225 -0.211636 0)
(1.09803 -0.155272 0)
(1.07999 -0.0963356 0)
(1.06885 -0.0349575 0)
(1.0665 0.0291561 0)
(1.07294 0.0942747 0)
(1.08449 0.156232 0)
(1.09974 0.212916 0)
(1.12372 0.266679 0)
(1.16467 0.320859 0)
(1.22671 0.374878 0)
(1.30685 0.423753 0)
(1.39769 0.46133 0)
(1.49134 0.48324 0)
(1.58176 0.487804 0)
(1.66525 0.475519 0)
(1.74011 0.448144 0)
(1.80597 0.407941 0)
(1.86321 0.357195 0)
(1.91253 0.297987 0)
(1.95465 0.232126 0)
(1.99019 0.161192 0)
(2.01966 0.086561 0)
(2.04338 0.00935655 0)
(2.06133 -0.0694228 0)
(2.07349 -0.148521 0)
(2.07965 -0.226672 0)
(2.07928 -0.302622 0)
(2.07207 -0.375168 0)
(2.05818 -0.443402 0)
(2.03844 -0.506848 0)
(2.01409 -0.5654 0)
(1.98646 -0.619138 0)
(1.95667 -0.66815 0)
(1.92555 -0.712492 0)
(1.89373 -0.752228 0)
(1.86178 -0.787521 0)
(1.83038 -0.818721 0)
(1.80036 -0.846353 0)
(1.77265 -0.871083 0)
(1.74824 -0.893662 0)
(1.72773 -0.914358 0)
(1.71065 -0.932024 0)
(1.69592 -0.944943 0)
(1.68499 -0.954074 0)
(1.68414 -0.964407 0)
(1.70074 -0.98057 0)
(1.73588 -1.00074 0)
(1.78173 -1.01631 0)
(1.82668 -1.01769 0)
(1.86235 -0.999774 0)
(1.88651 -0.962831 0)
(1.9015 -0.910098 0)
(1.91099 -0.845043 0)
(1.9176 -0.770073 0)
(1.92213 -0.686619 0)
(1.92407 -0.595748 0)
(1.92234 -0.498696 0)
(1.91593 -0.397077 0)
(1.90427 -0.292836 0)
(1.88739 -0.188017 0)
(1.86595 -0.0843804 0)
(1.8408 0.0167565 0)
(1.81144 0.113714 0)
(1.77751 0.203949 0)
(1.73793 0.284739 0)
(1.69197 0.353616 0)
(1.63971 0.408783 0)
(1.58208 0.449475 0)
(1.52078 0.476075 0)
(1.45793 0.489954 0)
(1.39574 0.493136 0)
(1.33614 0.487928 0)
(1.28064 0.476589 0)
(1.23023 0.461106 0)
(1.18543 0.443081 0)
(1.14632 0.423716 0)
(1.1127 0.403858 0)
(1.08419 0.38407 0)
(1.0603 0.364707 0)
(1.04055 0.345986 0)
(1.02443 0.32803 0)
(1.0115 0.310905 0)
(1.00137 0.29464 0)
(0.993701 0.279241 0)
(0.988215 0.264695 0)
(0.984674 0.250975 0)
(0.982886 0.238043 0)
(0.982692 0.225847 0)
(0.983962 0.214322 0)
(0.986588 0.203393 0)
(0.990475 0.192968 0)
(0.995536 0.182944 0)
(1.00169 0.173201 0)
(1.00883 0.163612 0)
(1.01686 0.15404 0)
(1.02567 0.14435 0)
(1.03511 0.134409 0)
(1.04505 0.124096 0)
(1.05531 0.113308 0)
(1.06571 0.101965 0)
(1.07608 0.0900121 0)
(1.0862 0.0774267 0)
(1.09589 0.0642175 0)
(1.10492 0.0504261 0)
(1.11312 0.0361245 0)
(1.12028 0.0214136 0)
(1.12625 0.00642058 0)
(1.13088 -0.0087072 0)
(1.13404 -0.0238208 0)
(1.13566 -0.0387736 0)
(1.13568 -0.0534301 0)
(1.1341 -0.0676761 0)
(1.13093 -0.0814278 0)
(1.12621 -0.0946404 0)
(1.12003 -0.107314 0)
(1.11248 -0.119495 0)
(1.10367 -0.131263 0)
(1.09372 -0.142719 0)
(1.08274 -0.153976 0)
(1.07086 -0.165177 0)
(1.05824 -0.176533 0)
(1.04513 -0.188375 0)
(1.03185 -0.201142 0)
(1.01881 -0.215283 0)
(1.00633 -0.231077 0)
(0.994625 -0.248499 0)
(0.983693 -0.267263 0)
(0.973507 -0.287112 0)
(0.964252 -0.308226 0)
(0.956606 -0.331464 0)
(0.95184 -0.358177 0)
(0.951614 -0.389555 0)
(0.957462 -0.42575 0)
(0.970206 -0.46529 0)
(0.989581 -0.505154 0)
(1.01428 -0.541511 0)
(1.04237 -0.570726 0)
(1.07183 -0.590128 0)
(1.10093 -0.598317 0)
(1.1285 -0.595048 0)
(1.15387 -0.580905 0)
(1.1768 -0.556943 0)
(1.19731 -0.524414 0)
(1.2156 -0.484596 0)
(1.23193 -0.438705 0)
(1.24657 -0.387855 0)
(1.25979 -0.333055 0)
(1.27188 -0.275211 0)
(1.28295 -0.215114 0)
(1.29347 -0.153495 0)
(1.30255 -0.0909268 0)
(1.76096 0.0189472 0)
(1.76865 0.022697 0)
(1.77976 0.027123 0)
(1.79591 0.0307381 0)
(1.81782 0.0305628 0)
(1.84437 0.023441 0)
(1.87285 0.0073177 0)
(1.89988 -0.0185421 0)
(1.92232 -0.0537128 0)
(1.93751 -0.0968962 0)
(1.94338 -0.145929 0)
(1.93863 -0.198133 0)
(1.92272 -0.250761 0)
(1.89588 -0.30121 0)
(1.85901 -0.347181 0)
(1.81355 -0.386776 0)
(1.76128 -0.41855 0)
(1.70414 -0.441563 0)
(1.64405 -0.455381 0)
(1.58285 -0.460016 0)
(1.52213 -0.455841 0)
(1.46325 -0.443489 0)
(1.40729 -0.423739 0)
(1.35503 -0.397422 0)
(1.30705 -0.365339 0)
(1.26377 -0.328214 0)
(1.22548 -0.286682 0)
(1.19244 -0.241293 0)
(1.16495 -0.192483 0)
(1.1434 -0.140659 0)
(1.12801 -0.0864475 0)
(1.11894 -0.0305142 0)
(1.11742 0.0270919 0)
(1.12494 0.0861521 0)
(1.1403 0.144288 0)
(1.16052 0.198005 0)
(1.18481 0.245798 0)
(1.21704 0.289086 0)
(1.26266 0.32959 0)
(1.324 0.366585 0)
(1.3987 0.396864 0)
(1.48142 0.416631 0)
(1.56628 0.423199 0)
(1.64853 0.415574 0)
(1.72502 0.394198 0)
(1.79404 0.360411 0)
(1.85493 0.315963 0)
(1.90767 0.262688 0)
(1.95252 0.202336 0)
(1.98986 0.136537 0)
(2.02003 0.0667806 0)
(2.04323 -0.00569464 0)
(2.05943 -0.0797596 0)
(2.06866 -0.153975 0)
(2.07084 -0.227025 0)
(2.06606 -0.297792 0)
(2.05483 -0.365435 0)
(2.03812 -0.429464 0)
(2.01711 -0.489659 0)
(1.99294 -0.545901 0)
(1.96644 -0.598065 0)
(1.93818 -0.646014 0)
(1.9086 -0.689671 0)
(1.87815 -0.72908 0)
(1.84738 -0.764491 0)
(1.81706 -0.796385 0)
(1.78807 -0.825387 0)
(1.76133 -0.852171 0)
(1.73754 -0.877278 0)
(1.71682 -0.900347 0)
(1.69838 -0.91981 0)
(1.68257 -0.935349 0)
(1.67439 -0.951183 0)
(1.68249 -0.973829 0)
(1.71106 -1.00415 0)
(1.75336 -1.03342 0)
(1.79566 -1.04903 0)
(1.82695 -1.04316 0)
(1.84463 -1.01579 0)
(1.85296 -0.971473 0)
(1.858 -0.914923 0)
(1.86369 -0.848684 0)
(1.87073 -0.773385 0)
(1.87757 -0.689037 0)
(1.88189 -0.596078 0)
(1.88161 -0.49577 0)
(1.87537 -0.390113 0)
(1.86252 -0.28161 0)
(1.84331 -0.172926 0)
(1.81905 -0.0662358 0)
(1.79126 0.0373814 0)
(1.76043 0.136814 0)
(1.72718 0.230101 0)
(1.69039 0.314727 0)
(1.64891 0.387961 0)
(1.60201 0.447418 0)
(1.54981 0.491669 0)
(1.49338 0.520564 0)
(1.43448 0.535194 0)
(1.37518 0.537575 0)
(1.31751 0.530216 0)
(1.26314 0.515705 0)
(1.21332 0.496401 0)
(1.16876 0.474253 0)
(1.12975 0.450743 0)
(1.09623 0.426918 0)
(1.06789 0.403462 0)
(1.04431 0.380792 0)
(1.02499 0.359135 0)
(1.00942 0.338599 0)
(0.997149 0.319215 0)
(0.98775 0.300975 0)
(0.98086 0.283841 0)
(0.976167 0.267763 0)
(0.973413 0.252679 0)
(0.972383 0.238521 0)
(0.972898 0.225212 0)
(0.974814 0.21267 0)
(0.978008 0.200802 0)
(0.982375 0.18951 0)
(0.987822 0.178684 0)
(0.994258 0.168206 0)
(1.00159 0.157955 0)
(1.00972 0.147801 0)
(1.01854 0.137618 0)
(1.02792 0.127285 0)
(1.03772 0.116693 0)
(1.0478 0.105748 0)
(1.05799 0.0943782 0)
(1.06811 0.0825358 0)
(1.07799 0.0702023 0)
(1.08744 0.057388 0)
(1.09629 0.0441322 0)
(1.10434 0.030501 0)
(1.11143 0.016586 0)
(1.1174 0.00250092 0)
(1.12212 -0.0116246 0)
(1.12546 -0.0256616 0)
(1.12734 -0.0394854 0)
(1.1277 -0.0529826 0)
(1.1265 -0.0660614 0)
(1.12373 -0.0786598 0)
(1.11941 -0.090754 0)
(1.1136 -0.102362 0)
(1.10635 -0.113542 0)
(1.09774 -0.124379 0)
(1.08785 -0.134978 0)
(1.07678 -0.145458 0)
(1.06462 -0.155988 0)
(1.05157 -0.16683 0)
(1.03789 -0.178382 0)
(1.02394 -0.191131 0)
(1.01008 -0.205513 0)
(0.9966 -0.221719 0)
(0.983569 -0.239593 0)
(0.970902 -0.258775 0)
(0.958542 -0.279109 0)
(0.946785 -0.301083 0)
(0.93655 -0.325999 0)
(0.929405 -0.355575 0)
(0.927227 -0.391054 0)
(0.931581 -0.432206 0)
(0.943093 -0.476815 0)
(0.961156 -0.521035 0)
(0.98413 -0.560435 0)
(1.00988 -0.591166 0)
(1.03636 -0.610705 0)
(1.06197 -0.618014 0)
(1.08575 -0.613259 0)
(1.10723 -0.59737 0)
(1.12635 -0.571646 0)
(1.14327 -0.537482 0)
(1.15826 -0.496221 0)
(1.17162 -0.449102 0)
(1.18364 -0.397236 0)
(1.19459 -0.341617 0)
(1.20477 -0.283129 0)
(1.21426 -0.222537 0)
(1.22361 -0.160538 0)
(1.23165 -0.0976849 0)
(1.75967 0.014464 0)
(1.76768 0.0162708 0)
(1.77843 0.017837 0)
(1.79281 0.0180003 0)
(1.81109 0.014713 0)
(1.83238 0.00576918 0)
(1.85473 -0.0103764 0)
(1.87562 -0.0342593 0)
(1.8926 -0.06548 0)
(1.90353 -0.102976 0)
(1.9067 -0.145113 0)
(1.90095 -0.189884 0)
(1.8858 -0.235122 0)
(1.86143 -0.27865 0)
(1.82853 -0.318463 0)
(1.78826 -0.352877 0)
(1.74202 -0.380624 0)
(1.69137 -0.400863 0)
(1.63794 -0.413163 0)
(1.58327 -0.417455 0)
(1.52877 -0.413969 0)
(1.47565 -0.403162 0)
(1.42491 -0.385633 0)
(1.37734 -0.362048 0)
(1.33353 -0.33308 0)
(1.29394 -0.299362 0)
(1.25894 -0.261473 0)
(1.22886 -0.219944 0)
(1.204 -0.175255 0)
(1.18473 -0.12784 0)
(1.17145 -0.0782266 0)
(1.1643 -0.0271547 0)
(1.16371 0.0247849 0)
(1.17095 0.077418 0)
(1.18666 0.129938 0)
(1.20959 0.180054 0)
(1.23717 0.224954 0)
(1.26869 0.263353 0)
(1.30643 0.2958 0)
(1.35358 0.323086 0)
(1.41148 0.344753 0)
(1.47858 0.359048 0)
(1.55131 0.363877 0)
(1.62555 0.357746 0)
(1.69767 0.340148 0)
(1.76501 0.311491 0)
(1.82591 0.272814 0)
(1.87946 0.225499 0)
(1.92527 0.171051 0)
(1.96327 0.111002 0)
(1.99351 0.0468711 0)
(2.01608 -0.0200462 0)
(2.03098 -0.0886012 0)
(2.03855 -0.157334 0)
(2.03915 -0.225132 0)
(2.0335 -0.291161 0)
(2.02257 -0.354845 0)
(2.00739 -0.415784 0)
(1.9888 -0.473636 0)
(1.96735 -0.528049 0)
(1.94343 -0.57871 0)
(1.91736 -0.625412 0)
(1.88954 -0.66811 0)
(1.86049 -0.706952 0)
(1.83091 -0.74233 0)
(1.80166 -0.774844 0)
(1.77363 -0.805118 0)
(1.74746 -0.833687 0)
(1.72352 -0.860728 0)
(1.70157 -0.885403 0)
(1.68151 -0.906729 0)
(1.6665 -0.927228 0)
(1.6649 -0.954023 0)
(1.68408 -0.991574 0)
(1.7204 -1.03313 0)
(1.75907 -1.06354 0)
(1.78556 -1.07097 0)
(1.7957 -1.05403 0)
(1.7956 -1.01894 0)
(1.79458 -0.972495 0)
(1.79855 -0.917729 0)
(1.80819 -0.854149 0)
(1.82055 -0.780092 0)
(1.83173 -0.694713 0)
(1.83855 -0.598667 0)
(1.83903 -0.493859 0)
(1.83217 -0.382956 0)
(1.81764 -0.26911 0)
(1.79586 -0.155713 0)
(1.76823 -0.0455029 0)
(1.73628 0.0603845 0)
(1.70182 0.161269 0)
(1.6666 0.255998 0)
(1.63017 0.342776 0)
(1.59141 0.41905 0)
(1.54902 0.482072 0)
(1.50232 0.529751 0)
(1.45156 0.561275 0)
(1.39791 0.577268 0)
(1.3431 0.579558 0)
(1.28902 0.570724 0)
(1.2374 0.553604 0)
(1.18961 0.530894 0)
(1.14655 0.504888 0)
(1.10867 0.477373 0)
(1.07607 0.449626 0)
(1.04856 0.422488 0)
(1.02578 0.396462 0)
(1.00727 0.371809 0)
(0.99256 0.348635 0)
(0.981171 0.326948 0)
(0.972678 0.306701 0)
(0.966701 0.28782 0)
(0.962913 0.270212 0)
(0.961036 0.253783 0)
(0.960841 0.238431 0)
(0.962134 0.224054 0)
(0.964756 0.210547 0)
(0.968576 0.197803 0)
(0.97348 0.18571 0)
(0.979367 0.174154 0)
(0.986146 0.163015 0)
(0.993724 0.152172 0)
(1.002 0.141502 0)
(1.01089 0.130887 0)
(1.02025 0.120215 0)
(1.02998 0.109385 0)
(1.03994 0.0983134 0)
(1.04997 0.0869352 0)
(1.05992 0.0752097 0)
(1.06963 0.0631217 0)
(1.07893 0.0506829 0)
(1.08766 0.0379306 0)
(1.09564 0.0249269 0)
(1.10272 0.0117555 0)
(1.10876 -0.00147881 0)
(1.11362 -0.0146608 0)
(1.11718 -0.0276771 0)
(1.11935 -0.04042 0)
(1.12004 -0.0527947 0)
(1.11922 -0.0647283 0)
(1.11684 -0.0761784 0)
(1.11291 -0.0871389 0)
(1.10744 -0.0976429 0)
(1.10047 -0.107757 0)
(1.09202 -0.117575 0)
(1.08215 -0.127204 0)
(1.07093 -0.136785 0)
(1.05848 -0.146525 0)
(1.04498 -0.156752 0)
(1.03075 -0.167926 0)
(1.01612 -0.180562 0)
(1.00143 -0.19505 0)
(0.986844 -0.211452 0)
(0.972301 -0.229474 0)
(0.957614 -0.248731 0)
(0.94274 -0.26925 0)
(0.928133 -0.291934 0)
(0.914994 -0.318586 0)
(0.90519 -0.351271 0)
(0.900787 -0.391177 0)
(0.903321 -0.437526 0)
(0.913169 -0.487229 0)
(0.929381 -0.535583 0)
(0.950027 -0.577623 0)
(0.972845 -0.609413 0)
(0.995828 -0.628695 0)
(1.01756 -0.634865 0)
(1.03727 -0.628523 0)
(1.05472 -0.610931 0)
(1.06999 -0.583592 0)
(1.08334 -0.548002 0)
(1.09508 -0.505541 0)
(1.10553 -0.457449 0)
(1.11499 -0.404825 0)
(1.12372 -0.348642 0)
(1.132 -0.289762 0)
(1.13991 -0.228927 0)
(1.14806 -0.166798 0)
(1.15499 -0.103919 0)
(1.75792 0.00887587 0)
(1.76579 0.00906752 0)
(1.7758 0.00850041 0)
(1.78841 0.00627238 0)
(1.80365 0.000949899 0)
(1.82078 -0.00899385 0)
(1.83832 -0.0246736 0)
(1.85437 -0.0465 0)
(1.86698 -0.0742075 0)
(1.87442 -0.106976 0)
(1.87532 -0.143513 0)
(1.86875 -0.182173 0)
(1.85429 -0.221144 0)
(1.83203 -0.258621 0)
(1.8025 -0.292948 0)
(1.76657 -0.322723 0)
(1.72541 -0.34685 0)
(1.6803 -0.36456 0)
(1.63261 -0.375412 0)
(1.58366 -0.379268 0)
(1.53467 -0.376249 0)
(1.48673 -0.366682 0)
(1.44075 -0.351026 0)
(1.39749 -0.329821 0)
(1.35754 -0.30363 0)
(1.3214 -0.273011 0)
(1.28946 -0.238496 0)
(1.26209 -0.200585 0)
(1.23962 -0.159762 0)
(1.22238 -0.116506 0)
(1.21077 -0.0713241 0)
(1.20506 -0.0248438 0)
(1.2055 0.0222084 0)
(1.21257 0.0692246 0)
(1.22705 0.115696 0)
(1.24938 0.160658 0)
(1.27823 0.202138 0)
(1.3115 0.237954 0)
(1.34824 0.266918 0)
(1.38929 0.288992 0)
(1.43612 0.304466 0)
(1.48938 0.313165 0)
(1.54812 0.314334 0)
(1.61015 0.30705 0)
(1.67273 0.290679 0)
(1.73325 0.265123 0)
(1.78963 0.230839 0)
(1.84036 0.188697 0)
(1.88446 0.139824 0)
(1.9214 0.0855368 0)
(1.95087 0.0272026 0)
(1.97304 -0.0339741 0)
(1.98799 -0.0969739 0)
(1.99625 -0.160523 0)
(1.99843 -0.22373 0)
(1.99533 -0.285882 0)
(1.98766 -0.346371 0)
(1.97598 -0.404629 0)
(1.96064 -0.460116 0)
(1.94192 -0.512373 0)
(1.92015 -0.561092 0)
(1.89575 -0.606149 0)
(1.86928 -0.647598 0)
(1.84139 -0.685699 0)
(1.8129 -0.720964 0)
(1.78465 -0.753999 0)
(1.75724 -0.78527 0)
(1.73097 -0.815077 0)
(1.70594 -0.843315 0)
(1.68225 -0.869292 0)
(1.66166 -0.893913 0)
(1.65065 -0.923077 0)
(1.65834 -0.964193 0)
(1.68581 -1.01498 0)
(1.71965 -1.05983 0)
(1.74161 -1.08184 0)
(1.74389 -1.07623 0)
(1.73346 -1.05053 0)
(1.72361 -1.01475 0)
(1.72349 -0.973419 0)
(1.7341 -0.924828 0)
(1.75083 -0.864929 0)
(1.76775 -0.790946 0)
(1.78038 -0.702657 0)
(1.78635 -0.601896 0)
(1.78488 -0.491538 0)
(1.77596 -0.37481 0)
(1.75969 -0.255227 0)
(1.73646 -0.136634 0)
(1.7069 -0.0222804 0)
(1.67197 0.086262 0)
(1.63431 0.188223 0)
(1.59646 0.28318 0)
(1.55906 0.370405 0)
(1.52158 0.44802 0)
(1.48263 0.513307 0)
(1.44097 0.563694 0)
(1.39609 0.597684 0)
(1.34846 0.6153 0)
(1.2993 0.61801 0)
(1.2502 0.608311 0)
(1.20278 0.589177 0)
(1.15842 0.563573 0)
(1.11813 0.53411 0)
(1.0825 0.502875 0)
(1.05175 0.471392 0)
(1.02582 0.44068 0)
(1.00444 0.411353 0)
(0.987217 0.383728 0)
(0.973715 0.357925 0)
(0.963489 0.333938 0)
(0.956118 0.311692 0)
(0.951223 0.291076 0)
(0.94847 0.271963 0)
(0.947577 0.254221 0)
(0.948301 0.237717 0)
(0.950444 0.222322 0)
(0.953837 0.207909 0)
(0.958341 0.194353 0)
(0.963837 0.181529 0)
(0.970221 0.169315 0)
(0.977397 0.157587 0)
(0.985276 0.146222 0)
(0.993765 0.135103 0)
(1.00277 0.124116 0)
(1.01218 0.113155 0)
(1.0219 0.102129 0)
(1.03179 0.0909604 0)
(1.04173 0.0795916 0)
(1.05157 0.0679875 0)
(1.06117 0.056137 0)
(1.07038 0.0440533 0)
(1.07905 0.0317733 0)
(1.08703 0.0193554 0)
(1.09417 0.00687941 0)
(1.10033 -0.00555523 0)
(1.10538 -0.0178459 0)
(1.1092 -0.029891 0)
(1.11168 -0.0415957 0)
(1.11275 -0.0528798 0)
(1.11233 -0.0636862 0)
(1.11037 -0.0739881 0)
(1.10683 -0.0837933 0)
(1.1017 -0.0931461 0)
(1.09498 -0.102122 0)
(1.08666 -0.110822 0)
(1.07678 -0.11937 0)
(1.0654 -0.127938 0)
(1.05265 -0.136787 0)
(1.03875 -0.146311 0)
(1.024 -0.157023 0)
(1.00872 -0.169434 0)
(0.993157 -0.183841 0)
(0.977326 -0.200152 0)
(0.961024 -0.217949 0)
(0.943987 -0.236883 0)
(0.926228 -0.257271 0)
(0.908414 -0.280528 0)
(0.892054 -0.309003 0)
(0.87931 -0.345058 0)
(0.872391 -0.389691 0)
(0.872743 -0.441415 0)
(0.880468 -0.496165 0)
(0.894289 -0.548379 0)
(0.912049 -0.592655 0)
(0.931427 -0.625092 0)
(0.950515 -0.643804 0)
(0.968089 -0.648674 0)
(0.983594 -0.640737 0)
(0.996966 -0.621557 0)
(1.00842 -0.592799 0)
(1.01826 -0.556021 0)
(1.02685 -0.512613 0)
(1.03447 -0.4638 0)
(1.04143 -0.410662 0)
(1.04798 -0.354154 0)
(1.05438 -0.295115 0)
(1.0607 -0.234268 0)
(1.06762 -0.172241 0)
(1.07339 -0.109572 0)
(1.75592 0.00382956 0)
(1.76337 0.00276605 0)
(1.77245 0.000673111 0)
(1.78337 -0.00315355 0)
(1.79602 -0.00974697 0)
(1.80974 -0.0201848 0)
(1.82342 -0.035268 0)
(1.83556 -0.0553079 0)
(1.84466 -0.0800852 0)
(1.84932 -0.108912 0)
(1.84844 -0.140726 0)
(1.84125 -0.174197 0)
(1.82739 -0.207857 0)
(1.8069 -0.240228 0)
(1.78017 -0.269927 0)
(1.74793 -0.295749 0)
(1.71111 -0.316729 0)
(1.67079 -0.33217 0)
(1.6281 -0.34165 0)
(1.58417 -0.344999 0)
(1.54007 -0.342271 0)
(1.49677 -0.333693 0)
(1.45509 -0.319622 0)
(1.41577 -0.300492 0)
(1.37937 -0.276781 0)
(1.34641 -0.248978 0)
(1.31729 -0.217569 0)
(1.2924 -0.183028 0)
(1.27206 -0.145824 0)
(1.25663 -0.106444 0)
(1.2464 -0.0654157 0)
(1.24171 -0.023309 0)
(1.24285 0.0192493 0)
(1.25002 0.0615043 0)
(1.26341 0.10269 0)
(1.28369 0.142183 0)
(1.31087 0.179007 0)
(1.34385 0.211611 0)
(1.3809 0.238367 0)
(1.42085 0.258231 0)
(1.46351 0.27088 0)
(1.50916 0.276349 0)
(1.55785 0.274635 0)
(1.60892 0.265579 0)
(1.66102 0.24898 0)
(1.71246 0.224801 0)
(1.76152 0.193285 0)
(1.80672 0.154971 0)
(1.8469 0.110663 0)
(1.88124 0.0613924 0)
(1.90939 0.00823236 0)
(1.9314 -0.0479264 0)
(1.94732 -0.10613 0)
(1.9575 -0.165303 0)
(1.96231 -0.224603 0)
(1.96215 -0.283256 0)
(1.9573 -0.34053 0)
(1.948 -0.395762 0)
(1.93452 -0.4484 0)
(1.91725 -0.498058 0)
(1.89667 -0.54453 0)
(1.87337 -0.587767 0)
(1.84797 -0.627885 0)
(1.82116 -0.665228 0)
(1.79374 -0.700332 0)
(1.76626 -0.733643 0)
(1.73891 -0.765377 0)
(1.71171 -0.795708 0)
(1.68505 -0.824683 0)
(1.66022 -0.852679 0)
(1.64151 -0.883377 0)
(1.63734 -0.924758 0)
(1.65313 -0.980075 0)
(1.6801 -1.03709 0)
(1.698 -1.07462 0)
(1.69321 -1.08161 0)
(1.67092 -1.0649 0)
(1.6485 -1.03885 0)
(1.64016 -1.01139 0)
(1.64849 -0.980199 0)
(1.66712 -0.938064 0)
(1.68751 -0.879324 0)
(1.70344 -0.802383 0)
(1.712 -0.709004 0)
(1.71279 -0.60259 0)
(1.70668 -0.486792 0)
(1.69461 -0.364958 0)
(1.67712 -0.240445 0)
(1.65425 -0.117026 0)
(1.62556 0.001742 0)
(1.59087 0.113507 0)
(1.55286 0.216808 0)
(1.51415 0.311572 0)
(1.47642 0.398123 0)
(1.44002 0.475577 0)
(1.40401 0.541681 0)
(1.36699 0.593707 0)
(1.32797 0.629596 0)
(1.28679 0.648736 0)
(1.24409 0.652121 0)
(1.20106 0.642021 0)
(1.15908 0.621424 0)
(1.11943 0.593471 0)
(1.08313 0.561035 0)
(1.05084 0.526478 0)
(1.02291 0.491567 0)
(0.999365 0.457508 0)
(0.980043 0.425042 0)
(0.964636 0.394559 0)
(0.952766 0.366207 0)
(0.94403 0.339983 0)
(0.938035 0.315791 0)
(0.934418 0.293491 0)
(0.932855 0.272921 0)
(0.933063 0.253918 0)
(0.934804 0.236318 0)
(0.937875 0.219965 0)
(0.942105 0.20471 0)
(0.947353 0.19041 0)
(0.953495 0.176926 0)
(0.960428 0.164125 0)
(0.968056 0.151879 0)
(0.97629 0.140064 0)
(0.985045 0.128561 0)
(0.99423 0.11726 0)
(1.00375 0.106062 0)
(1.01351 0.0948802 0)
(1.0234 0.0836438 0)
(1.03331 0.0723015 0)
(1.0431 0.0608234 0)
(1.05266 0.0492023 0)
(1.06185 0.0374536 0)
(1.07053 0.0256144 0)
(1.07856 0.0137433 0)
(1.08582 0.00191788 0)
(1.09216 -0.0097676 0)
(1.09746 -0.0212174 0)
(1.10159 -0.0323378 0)
(1.10445 -0.0430434 0)
(1.10593 -0.0532648 0)
(1.10595 -0.0629562 0)
(1.10442 -0.0721016 0)
(1.10129 -0.0807193 0)
(1.0965 -0.0888629 0)
(1.09001 -0.096619 0)
(1.08181 -0.104103 0)
(1.07192 -0.111468 0)
(1.06041 -0.118927 0)
(1.04742 -0.126803 0)
(1.03319 -0.135549 0)
(1.01799 -0.145704 0)
(1.00208 -0.157735 0)
(0.985562 -0.171806 0)
(0.968288 -0.187658 0)
(0.94992 -0.204784 0)
(0.930158 -0.222958 0)
(0.909129 -0.242897 0)
(0.887757 -0.266617 0)
(0.867878 -0.297029 0)
(0.851922 -0.33672 0)
(0.842185 -0.386346 0)
(0.839977 -0.443563 0)
(0.845109 -0.503251 0)
(0.856021 -0.559028 0)
(0.870399 -0.605162 0)
(0.88593 -0.637908 0)
(0.900839 -0.655829 0)
(0.914098 -0.65933 0)
(0.925347 -0.64987 0)
(0.934675 -0.629273 0)
(0.942381 -0.599325 0)
(0.948823 -0.56161 0)
(0.954339 -0.517505 0)
(0.959224 -0.468211 0)
(0.963753 -0.414789 0)
(0.968151 -0.358175 0)
(0.972701 -0.299191 0)
(0.977414 -0.238544 0)
(0.983068 -0.17683 0)
(0.987625 -0.114594 0)
(1.75365 -0.00111164 0)
(1.76052 -0.00317092 0)
(1.76859 -0.00638168 0)
(1.77794 -0.0113002 0)
(1.78836 -0.0186773 0)
(1.7993 -0.0292714 0)
(1.80985 -0.0436497 0)
(1.81888 -0.062021 0)
(1.82517 -0.0841868 0)
(1.82763 -0.109582 0)
(1.82534 -0.137347 0)
(1.8177 -0.166401 0)
(1.80438 -0.19554 0)
(1.78541 -0.223533 0)
(1.76109 -0.249215 0)
(1.73201 -0.271561 0)
(1.69892 -0.289738 0)
(1.66273 -0.303125 0)
(1.62439 -0.311325 0)
(1.58487 -0.314149 0)
(1.5451 -0.311598 0)
(1.50594 -0.303828 0)
(1.46816 -0.291112 0)
(1.43241 -0.273807 0)
(1.39927 -0.252316 0)
(1.36922 -0.227071 0)
(1.34268 -0.198514 0)
(1.32002 -0.167094 0)
(1.3016 -0.133261 0)
(1.28772 -0.0974872 0)
(1.27868 -0.0602989 0)
(1.27474 -0.022261 0)
(1.27621 0.0160717 0)
(1.28332 0.0540319 0)
(1.29599 0.0907689 0)
(1.31445 0.125529 0)
(1.33891 0.157613 0)
(1.36923 0.186142 0)
(1.40449 0.209975 0)
(1.44332 0.227962 0)
(1.48452 0.239285 0)
(1.52731 0.24357 0)
(1.57126 0.240764 0)
(1.61598 0.230954 0)
(1.66083 0.214275 0)
(1.70493 0.190926 0)
(1.74726 0.16121 0)
(1.78675 0.125588 0)
(1.82247 0.0846988 0)
(1.85368 0.0393239 0)
(1.88007 -0.00977621 0)
(1.90136 -0.0619215 0)
(1.91744 -0.11613 0)
(1.92829 -0.171434 0)
(1.934 -0.226993 0)
(1.93466 -0.28201 0)
(1.93047 -0.335773 0)
(1.92169 -0.38769 0)
(1.90875 -0.437314 0)
(1.89214 -0.484345 0)
(1.87241 -0.528621 0)
(1.85011 -0.570111 0)
(1.82584 -0.608967 0)
(1.80022 -0.645566 0)
(1.77378 -0.680323 0)
(1.74663 -0.7134 0)
(1.71859 -0.744872 0)
(1.68995 -0.775203 0)
(1.66205 -0.805227 0)
(1.63791 -0.837111 0)
(1.62367 -0.876968 0)
(1.62636 -0.931648 0)
(1.64351 -0.995926 0)
(1.65702 -1.04837 0)
(1.64712 -1.06969 0)
(1.61291 -1.0618 0)
(1.57395 -1.043 0)
(1.55168 -1.02762 0)
(1.55292 -1.01474 0)
(1.57019 -0.993525 0)
(1.59171 -0.953988 0)
(1.60875 -0.892155 0)
(1.61744 -0.809426 0)
(1.61751 -0.709924 0)
(1.61053 -0.598274 0)
(1.59854 -0.478382 0)
(1.58311 -0.353231 0)
(1.565 -0.225549 0)
(1.54401 -0.0985353 0)
(1.51882 0.0242257 0)
(1.48771 0.139493 0)
(1.45292 0.244678 0)
(1.41645 0.339567 0)
(1.38052 0.425148 0)
(1.34633 0.501555 0)
(1.31362 0.567312 0)
(1.28129 0.619889 0)
(1.24819 0.656912 0)
(1.21374 0.677219 0)
(1.17809 0.681295 0)
(1.14197 0.671087 0)
(1.10645 0.649485 0)
(1.07261 0.61971 0)
(1.04141 0.584826 0)
(1.01352 0.547423 0)
(0.989342 0.509489 0)
(0.969003 0.472413 0)
(0.95243 0.437069 0)
(0.939405 0.403931 0)
(0.929622 0.373191 0)
(0.922738 0.344855 0)
(0.918403 0.31882 0)
(0.916286 0.294924 0)
(0.916083 0.272979 0)
(0.917529 0.252789 0)
(0.920392 0.234167 0)
(0.924475 0.216929 0)
(0.929612 0.200904 0)
(0.935662 0.185932 0)
(0.942505 0.171861 0)
(0.950038 0.158546 0)
(0.958167 0.145854 0)
(0.96681 0.133655 0)
(0.975883 0.121832 0)
(0.985306 0.110275 0)
(0.994996 0.0988894 0)
(1.00486 0.0875914 0)
(1.01481 0.076316 0)
(1.02475 0.065017 0)
(1.03456 0.0536691 0)
(1.04414 0.0422688 0)
(1.05337 0.0308345 0)
(1.06213 0.0194055 0)
(1.07029 0.00804111 0)
(1.07773 -0.00317803 0)
(1.08432 -0.0141622 0)
(1.08992 -0.0248189 0)
(1.09443 -0.0350582 0)
(1.09771 -0.0447998 0)
(1.09965 -0.0539803 0)
(1.10014 -0.0625601 0)
(1.09908 -0.0705307 0)
(1.09636 -0.0779189 0)
(1.09192 -0.0847902 0)
(1.08569 -0.0912475 0)
(1.07765 -0.0974315 0)
(1.06782 -0.103531 0)
(1.05628 -0.109809 0)
(1.04318 -0.116644 0)
(1.02872 -0.124529 0)
(1.01314 -0.133997 0)
(0.996559 -0.145424 0)
(0.978922 -0.158815 0)
(0.959922 -0.173755 0)
(0.939116 -0.189706 0)
(0.916225 -0.206666 0)
(0.89155 -0.225859 0)
(0.866307 -0.249969 0)
(0.842652 -0.282463 0)
(0.82324 -0.32605 0)
(0.810392 -0.380891 0)
(0.805236 -0.443653 0)
(0.807311 -0.508128 0)
(0.814833 -0.567176 0)
(0.825408 -0.614843 0)
(0.836782 -0.647641 0)
(0.847329 -0.664644 0)
(0.856206 -0.666791 0)
(0.863218 -0.655939 0)
(0.868573 -0.634136 0)
(0.872633 -0.603242 0)
(0.875768 -0.564842 0)
(0.878305 -0.520282 0)
(0.880522 -0.470734 0)
(0.882672 -0.417241 0)
(0.884959 -0.360724 0)
(0.887661 -0.30199 0)
(0.890759 -0.241737 0)
(0.895113 -0.180531 0)
(0.898413 -0.118935 0)
(1.75121 -0.00563993 0)
(1.75742 -0.00843028 0)
(1.7645 -0.0124055 0)
(1.77241 -0.0179975 0)
(1.78093 -0.0257613 0)
(1.78956 -0.0362363 0)
(1.79759 -0.0498148 0)
(1.8041 -0.0666259 0)
(1.80815 -0.0864911 0)
(1.80884 -0.108941 0)
(1.80547 -0.133264 0)
(1.7975 -0.15857 0)
(1.7847 -0.183861 0)
(1.76705 -0.208113 0)
(1.74481 -0.230349 0)
(1.71844 -0.249695 0)
(1.68858 -0.265429 0)
(1.65597 -0.276997 0)
(1.62144 -0.284031 0)
(1.5858 -0.286338 0)
(1.54987 -0.283885 0)
(1.51442 -0.276778 0)
(1.48014 -0.265229 0)
(1.44764 -0.249531 0)
(1.41745 -0.230029 0)
(1.39005 -0.207104 0)
(1.36585 -0.181159 0)
(1.34522 -0.152614 0)
(1.32848 -0.1219 0)
(1.31595 -0.0894706 0)
(1.30789 -0.0558284 0)
(1.30453 -0.0215234 0)
(1.30611 0.0129077 0)
(1.31288 0.0468816 0)
(1.3248 0.0796441 0)
(1.34184 0.110415 0)
(1.36397 0.138456 0)
(1.39112 0.163073 0)
(1.42299 0.183529 0)
(1.45883 0.199019 0)
(1.49756 0.208784 0)
(1.53809 0.212269 0)
(1.57947 0.209194 0)
(1.62095 0.19953 0)
(1.66187 0.183425 0)
(1.7016 0.16115 0)
(1.73945 0.133072 0)
(1.77473 0.099658 0)
(1.80677 0.0614854 0)
(1.83505 0.0191895 0)
(1.85912 -0.0266008 0)
(1.87862 -0.0752355 0)
(1.89331 -0.125759 0)
(1.90305 -0.177324 0)
(1.90785 -0.229153 0)
(1.90785 -0.280542 0)
(1.90329 -0.330883 0)
(1.89453 -0.379677 0)
(1.88201 -0.426537 0)
(1.86618 -0.471182 0)
(1.84748 -0.513447 0)
(1.8264 -0.553315 0)
(1.80343 -0.590963 0)
(1.779 -0.626692 0)
(1.75321 -0.66065 0)
(1.72574 -0.692769 0)
(1.69653 -0.723401 0)
(1.66683 -0.75386 0)
(1.63929 -0.786196 0)
(1.61809 -0.824263 0)
(1.60895 -0.874748 0)
(1.61379 -0.939427 0)
(1.62084 -1.0029 0)
(1.60782 -1.03992 0)
(1.56416 -1.04203 0)
(1.50619 -1.02735 0)
(1.46323 -1.01946 0)
(1.45076 -1.0233 0)
(1.46245 -1.02526 0)
(1.48284 -1.00915 0)
(1.49968 -0.966846 0)
(1.50746 -0.898541 0)
(1.50557 -0.808935 0)
(1.49592 -0.703863 0)
(1.48116 -0.588446 0)
(1.46374 -0.466356 0)
(1.4454 -0.339954 0)
(1.42703 -0.211142 0)
(1.40837 -0.0822985 0)
(1.38769 0.0433922 0)
(1.36215 0.161893 0)
(1.33321 0.269351 0)
(1.30183 0.364981 0)
(1.27021 0.44991 0)
(1.24002 0.52505 0)
(1.21167 0.589788 0)
(1.18455 0.642066 0)
(1.15767 0.679471 0)
(1.13027 0.700466 0)
(1.10213 0.705077 0)
(1.07358 0.6949 0)
(1.04534 0.672645 0)
(1.01825 0.641529 0)
(0.993118 0.604725 0)
(0.970575 0.564997 0)
(0.951032 0.524518 0)
(0.934686 0.48484 0)
(0.921543 0.446967 0)
(0.91147 0.41146 0)
(0.904245 0.378564 0)
(0.899592 0.348306 0)
(0.897221 0.320584 0)
(0.896842 0.295224 0)
(0.898188 0.272016 0)
(0.901017 0.250743 0)
(0.905116 0.23119 0)
(0.910302 0.213153 0)
(0.916418 0.196441 0)
(0.923332 0.180877 0)
(0.930928 0.166295 0)
(0.939108 0.152542 0)
(0.947786 0.139474 0)
(0.956882 0.126959 0)
(0.966321 0.114878 0)
(0.976032 0.103121 0)
(0.985941 0.0915943 0)
(0.99597 0.080218 0)
(1.00604 0.0689306 0)
(1.01607 0.0576902 0)
(1.02596 0.0464755 0)
(1.03563 0.0352869 0)
(1.04496 0.0241462 0)
(1.05386 0.0130967 0)
(1.06221 0.00220182 0)
(1.0699 -0.00845569 0)
(1.07679 -0.018786 0)
(1.08278 -0.0286959 0)
(1.08772 -0.038095 0)
(1.09148 -0.046903 0)
(1.09393 -0.0550575 0)
(1.09494 -0.062522 0)
(1.09438 -0.069294 0)
(1.09213 -0.0754111 0)
(1.0881 -0.0809553 0)
(1.08223 -0.0860526 0)
(1.07447 -0.0908749 0)
(1.06486 -0.0956504 0)
(1.05346 -0.100689 0)
(1.0404 -0.106408 0)
(1.02582 -0.113314 0)
(1.00984 -0.121891 0)
(0.992458 -0.132396 0)
(0.973432 -0.144669 0)
(0.952326 -0.15817 0)
(0.928655 -0.172412 0)
(0.902233 -0.187719 0)
(0.873583 -0.205916 0)
(0.844228 -0.230394 0)
(0.816613 -0.265139 0)
(0.793551 -0.312859 0)
(0.777318 -0.373077 0)
(0.768834 -0.441372 0)
(0.767401 -0.510455 0)
(0.771094 -0.572508 0)
(0.777517 -0.621459 0)
(0.784512 -0.654145 0)
(0.790602 -0.670191 0)
(0.795095 -0.671064 0)
(0.797932 -0.658995 0)
(0.799403 -0.636214 0)
(0.799909 -0.604625 0)
(0.799822 -0.565784 0)
(0.799452 -0.520999 0)
(0.799056 -0.471412 0)
(0.798865 -0.418047 0)
(0.799065 -0.361815 0)
(0.799927 -0.303511 0)
(0.8014 -0.243831 0)
(0.804419 -0.183313 0)
(0.806429 -0.12255 0)
(1.74868 -0.00975678 0)
(1.75421 -0.0130794 0)
(1.76032 -0.0175662 0)
(1.76694 -0.023551 0)
(1.77382 -0.0314459 0)
(1.78054 -0.0416331 0)
(1.7865 -0.054378 0)
(1.79099 -0.0697491 0)
(1.79324 -0.0875784 0)
(1.79256 -0.107467 0)
(1.78834 -0.128823 0)
(1.78018 -0.150907 0)
(1.76786 -0.172892 0)
(1.75139 -0.193922 0)
(1.73096 -0.213174 0)
(1.70695 -0.229903 0)
(1.67989 -0.243484 0)
(1.65042 -0.253428 0)
(1.61921 -0.259398 0)
(1.587 -0.261205 0)
(1.55448 -0.258798 0)
(1.52234 -0.252243 0)
(1.4912 -0.241707 0)
(1.46162 -0.227431 0)
(1.43411 -0.209714 0)
(1.40911 -0.188893 0)
(1.38702 -0.165336 0)
(1.3682 -0.139432 0)
(1.35295 -0.111591 0)
(1.34157 -0.0822442 0)
(1.33432 -0.0518692 0)
(1.33138 -0.0209852 0)
(1.33295 0.00988987 0)
(1.33924 0.040213 0)
(1.35023 0.069327 0)
(1.3659 0.0965408 0)
(1.38609 0.121145 0)
(1.41057 0.142461 0)
(1.43907 0.159864 0)
(1.47116 0.172766 0)
(1.50618 0.18062 0)
(1.54327 0.182961 0)
(1.58148 0.179475 0)
(1.61993 0.170033 0)
(1.65782 0.15469 0)
(1.69442 0.133658 0)
(1.72909 0.107271 0)
(1.76123 0.0759698 0)
(1.7903 0.0402916 0)
(1.81583 0.000825932 0)
(1.83744 -0.0418771 0)
(1.85481 -0.0871384 0)
(1.8677 -0.134151 0)
(1.87602 -0.182183 0)
(1.87986 -0.230557 0)
(1.87937 -0.278658 0)
(1.87481 -0.325951 0)
(1.86651 -0.371976 0)
(1.8548 -0.416358 0)
(1.84004 -0.458819 0)
(1.8226 -0.499206 0)
(1.8029 -0.537521 0)
(1.78125 -0.573886 0)
(1.75774 -0.608379 0)
(1.73203 -0.640872 0)
(1.7038 -0.671426 0)
(1.67386 -0.701258 0)
(1.6447 -0.732833 0)
(1.61966 -0.76914 0)
(1.60227 -0.814553 0)
(1.59496 -0.873644 0)
(1.59249 -0.940446 0)
(1.5764 -0.991624 0)
(1.52778 -1.00651 0)
(1.45218 -0.994406 0)
(1.38236 -0.986967 0)
(1.34736 -1.002 0)
(1.34746 -1.02724 0)
(1.36399 -1.03872 0)
(1.37973 -1.02127 0)
(1.38644 -0.972275 0)
(1.38274 -0.896425 0)
(1.3705 -0.800681 0)
(1.35254 -0.691578 0)
(1.33167 -0.574138 0)
(1.31019 -0.45157 0)
(1.28968 -0.325615 0)
(1.27114 -0.197406 0)
(1.25457 -0.0684255 0)
(1.23784 0.0587515 0)
(1.21802 0.179632 0)
(1.1958 0.289271 0)
(1.17114 0.386052 0)
(1.14576 0.470808 0)
(1.12131 0.544867 0)
(1.0986 0.608357 0)
(1.07752 0.659806 0)
(1.05737 0.696986 0)
(1.03741 0.718188 0)
(1.0172 0.723094 0)
(0.996753 0.712972 0)
(0.976456 0.690321 0)
(0.956878 0.658283 0)
(0.938633 0.620071 0)
(0.922257 0.57856 0)
(0.90814 0.536059 0)
(0.896509 0.494259 0)
(0.887435 0.454277 0)
(0.880867 0.416761 0)
(0.876661 0.382008 0)
(0.874621 0.350079 0)
(0.874521 0.320878 0)
(0.876128 0.294228 0)
(0.879217 0.269906 0)
(0.883583 0.247678 0)
(0.889039 0.227309 0)
(0.895424 0.208576 0)
(0.902595 0.191272 0)
(0.910433 0.175204 0)
(0.918834 0.160194 0)
(0.927707 0.146078 0)
(0.936974 0.132707 0)
(0.946564 0.119944 0)
(0.95641 0.107666 0)
(0.966451 0.0957622 0)
(0.976622 0.0841397 0)
(0.986861 0.0727208 0)
(0.9971 0.0614467 0)
(1.00727 0.0502783 0)
(1.0173 0.0391982 0)
(1.02711 0.0282107 0)
(1.03661 0.0173422 0)
(1.04571 0.00664083 0)
(1.05431 -0.0038227 0)
(1.06231 -0.0139638 0)
(1.06958 -0.0236879 0)
(1.07601 -0.0328966 0)
(1.08145 -0.041494 0)
(1.08576 -0.0493955 0)
(1.0888 -0.0565369 0)
(1.09041 -0.0628843 0)
(1.09046 -0.0684431 0)
(1.08882 -0.0732649 0)
(1.08537 -0.0774511 0)
(1.08006 -0.0811533 0)
(1.07281 -0.0845736 0)
(1.06364 -0.0879744 0)
(1.05256 -0.0916979 0)
(1.03965 -0.0961788 0)
(1.02494 -0.101906 0)
(1.00842 -0.109288 0)
(0.989935 -0.118449 0)
(0.96911 -0.129082 0)
(0.945435 -0.14058 0)
(0.918461 -0.152593 0)
(0.888158 -0.165865 0)
(0.855305 -0.182887 0)
(0.821716 -0.20777 0)
(0.790064 -0.244944 0)
(0.763231 -0.296992 0)
(0.743375 -0.362669 0)
(0.731197 -0.436419 0)
(0.725823 -0.509915 0)
(0.725289 -0.574755 0)
(0.727271 -0.624824 0)
(0.729736 -0.657333 0)
(0.731334 -0.672458 0)
(0.731488 -0.672188 0)
(0.730227 -0.6591 0)
(0.727899 -0.635576 0)
(0.724927 -0.603532 0)
(0.721678 -0.564484 0)
(0.718447 -0.519694 0)
(0.715471 -0.470274 0)
(0.712964 -0.417227 0)
(0.711089 -0.361458 0)
(0.710111 -0.303753 0)
(0.709947 -0.24481 0)
(0.711596 -0.185144 0)
(0.712293 -0.125395 0)
(1.74613 -0.0134395 0)
(1.75099 -0.0171221 0)
(1.7562 -0.0219145 0)
(1.76166 -0.0280731 0)
(1.76714 -0.0359038 0)
(1.77227 -0.0456761 0)
(1.77654 -0.0575647 0)
(1.7794 -0.0715927 0)
(1.78022 -0.0876003 0)
(1.77844 -0.105246 0)
(1.7736 -0.124033 0)
(1.76534 -0.143343 0)
(1.7535 -0.162485 0)
(1.73807 -0.180742 0)
(1.71923 -0.197417 0)
(1.69728 -0.211874 0)
(1.67268 -0.223572 0)
(1.64594 -0.232083 0)
(1.61767 -0.2371 0)
(1.58848 -0.238443 0)
(1.55899 -0.23605 0)
(1.5298 -0.229962 0)
(1.50147 -0.22031 0)
(1.47452 -0.207298 0)
(1.44942 -0.191184 0)
(1.42659 -0.172268 0)
(1.4064 -0.150887 0)
(1.38918 -0.127401 0)
(1.37525 -0.102196 0)
(1.36486 -0.0756805 0)
(1.35825 -0.0483032 0)
(1.35559 -0.0205498 0)
(1.35705 0.00708704 0)
(1.36279 0.0341014 0)
(1.37279 0.0599008 0)
(1.38703 0.083877 0)
(1.40535 0.105407 0)
(1.42751 0.123874 0)
(1.45315 0.138697 0)
(1.48186 0.149361 0)
(1.51313 0.155426 0)
(1.54633 0.156537 0)
(1.58072 0.152442 0)
(1.61552 0.143019 0)
(1.64995 0.128282 0)
(1.68328 0.108386 0)
(1.71486 0.0836052 0)
(1.74408 0.0543303 0)
(1.77043 0.0210486 0)
(1.79351 -0.0157295 0)
(1.813 -0.055525 0)
(1.82861 -0.0976738 0)
(1.84017 -0.141501 0)
(1.84763 -0.186366 0)
(1.85106 -0.231662 0)
(1.85059 -0.276836 0)
(1.84644 -0.321388 0)
(1.83885 -0.364883 0)
(1.8281 -0.406961 0)
(1.81449 -0.44737 0)
(1.79838 -0.485973 0)
(1.78002 -0.522718 0)
(1.75944 -0.557535 0)
(1.73635 -0.590239 0)
(1.71036 -0.620706 0)
(1.68187 -0.649705 0)
(1.65294 -0.679646 0)
(1.62664 -0.713709 0)
(1.60517 -0.754679 0)
(1.58913 -0.805755 0)
(1.57594 -0.86732 0)
(1.55423 -0.925662 0)
(1.50412 -0.95506 0)
(1.41723 -0.947987 0)
(1.31866 -0.934242 0)
(1.25087 -0.949769 0)
(1.23014 -0.993893 0)
(1.23852 -1.0359 0)
(1.25196 -1.04935 0)
(1.2576 -1.02583 0)
(1.25257 -0.968955 0)
(1.23848 -0.886492 0)
(1.21812 -0.78628 0)
(1.19426 -0.67483 0)
(1.16933 -0.556817 0)
(1.14523 -0.435 0)
(1.12333 -0.310627 0)
(1.10466 -0.184209 0)
(1.08948 -0.0563996 0)
(1.07546 0.0708566 0)
(1.06037 0.192893 0)
(1.04445 0.304048 0)
(1.0269 0.401884 0)
(1.00876 0.486718 0)
(0.991279 0.55995 0)
(0.975357 0.622204 0)
(0.961187 0.672555 0)
(0.948372 0.709081 0)
(0.936284 0.730074 0)
(0.924407 0.735014 0)
(0.912517 0.724908 0)
(0.900691 0.702044 0)
(0.88923 0.669447 0)
(0.878535 0.630311 0)
(0.869011 0.587559 0)
(0.860991 0.543589 0)
(0.854707 0.500192 0)
(0.850277 0.458577 0)
(0.847718 0.419468 0)
(0.846967 0.383218 0)
(0.847904 0.34992 0)
(0.850376 0.319496 0)
(0.854212 0.291771 0)
(0.859242 0.266519 0)
(0.865302 0.243491 0)
(0.872239 0.222442 0)
(0.879919 0.203134 0)
(0.888224 0.185345 0)
(0.897049 0.168871 0)
(0.906305 0.153521 0)
(0.915914 0.139125 0)
(0.925808 0.125526 0)
(0.935927 0.112582 0)
(0.946215 0.100167 0)
(0.956619 0.0881697 0)
(0.967088 0.0764956 0)
(0.977573 0.0650683 0)
(0.988021 0.0538304 0)
(0.998378 0.0427456 0)
(1.00859 0.0317995 0)
(1.01859 0.0210009 0)
(1.0283 0.0103815 0)
(1.03766 -4.06236e-06 0)
(1.04658 -0.0100796 0)
(1.05496 -0.0197529 0)
(1.06269 -0.0289207 0)
(1.06964 -0.0374749 0)
(1.07567 -0.0453112 0)
(1.08065 -0.0523393 0)
(1.08441 -0.0584937 0)
(1.0868 -0.0637441 0)
(1.08769 -0.0681041 0)
(1.08691 -0.0716375 0)
(1.08435 -0.0744612 0)
(1.07988 -0.0767457 0)
(1.07341 -0.0787146 0)
(1.06486 -0.0806526 0)
(1.05419 -0.0829182 0)
(1.04137 -0.0859439 0)
(1.02631 -0.0901808 0)
(1.00889 -0.0959532 0)
(0.98883 -0.103262 0)
(0.965683 -0.111693 0)
(0.938952 -0.120642 0)
(0.908297 -0.129978 0)
(0.873892 -0.140933 0)
(0.836778 -0.1567 0)
(0.799009 -0.182077 0)
(0.763392 -0.221847 0)
(0.732768 -0.27834 0)
(0.709101 -0.349455 0)
(0.692881 -0.428505 0)
(0.683148 -0.506211 0)
(0.678011 -0.573679 0)
(0.675305 -0.6248 0)
(0.673137 -0.657156 0)
(0.670251 -0.671464 0)
(0.666128 -0.670214 0)
(0.660845 -0.656313 0)
(0.654785 -0.632273 0)
(0.648383 -0.600004 0)
(0.642002 -0.560969 0)
(0.635926 -0.516385 0)
(0.630377 -0.467329 0)
(0.625556 -0.414786 0)
(0.621604 -0.359651 0)
(0.618776 -0.302707 0)
(0.616958 -0.244659 0)
(0.617197 -0.185995 0)
(0.616562 -0.127431 0)
(1.74364 -0.0166857 0)
(1.74786 -0.0205895 0)
(1.75223 -0.0255308 0)
(1.75667 -0.0317052 0)
(1.76095 -0.0393385 0)
(1.76474 -0.048619 0)
(1.76764 -0.0596558 0)
(1.76918 -0.0724393 0)
(1.76886 -0.0868173 0)
(1.76624 -0.102494 0)
(1.76092 -0.119047 0)
(1.75265 -0.135958 0)
(1.74127 -0.152644 0)
(1.7268 -0.168502 0)
(1.70936 -0.182942 0)
(1.68923 -0.195419 0)
(1.66678 -0.205467 0)
(1.64245 -0.212708 0)
(1.61676 -0.21687 0)
(1.59024 -0.217785 0)
(1.56344 -0.215385 0)
(1.53688 -0.209694 0)
(1.51107 -0.200818 0)
(1.48648 -0.18893 0)
(1.46355 -0.174255 0)
(1.44266 -0.157065 0)
(1.42416 -0.137663 0)
(1.40838 -0.116385 0)
(1.39558 -0.0935917 0)
(1.38603 -0.0696671 0)
(1.37993 -0.045031 0)
(1.37745 -0.0201364 0)
(1.37871 0.00455437 0)
(1.38385 0.0285724 0)
(1.39284 0.0513823 0)
(1.40566 0.0724367 0)
(1.42215 0.0911889 0)
(1.4421 0.107099 0)
(1.46516 0.119655 0)
(1.49093 0.128395 0)
(1.51892 0.132932 0)
(1.54858 0.132964 0)
(1.5793 0.128289 0)
(1.61043 0.118809 0)
(1.6413 0.104542 0)
(1.67127 0.0856125 0)
(1.69971 0.0622577 0)
(1.72606 0.034819 0)
(1.74987 0.00370399 0)
(1.77076 -0.0306795 0)
(1.78844 -0.0678582 0)
(1.80263 -0.107229 0)
(1.81317 -0.148209 0)
(1.82002 -0.190227 0)
(1.82321 -0.232739 0)
(1.82286 -0.275237 0)
(1.81911 -0.317259 0)
(1.8122 -0.358401 0)
(1.80236 -0.398339 0)
(1.7899 -0.436836 0)
(1.77503 -0.473701 0)
(1.75775 -0.508709 0)
(1.73781 -0.541566 0)
(1.71488 -0.57205 0)
(1.68923 -0.600555 0)
(1.66241 -0.628928 0)
(1.63709 -0.660329 0)
(1.61502 -0.697336 0)
(1.59511 -0.741096 0)
(1.57381 -0.792559 0)
(1.54421 -0.847554 0)
(1.49219 -0.887168 0)
(1.40199 -0.89025 0)
(1.28106 -0.869142 0)
(1.17303 -0.871139 0)
(1.11811 -0.921793 0)
(1.11047 -0.993289 0)
(1.1193 -1.04363 0)
(1.1236 -1.05292 0)
(1.11743 -1.02163 0)
(1.10198 -0.957902 0)
(1.08001 -0.870656 0)
(1.05413 -0.76771 0)
(1.02659 -0.65529 0)
(0.999282 -0.537735 0)
(0.97373 -0.417449 0)
(0.951086 -0.295312 0)
(0.93238 -0.171332 0)
(0.917879 -0.0455094 0)
(0.905369 0.0806572 0)
(0.893701 0.202489 0)
(0.883071 0.314044 0)
(0.87225 0.412319 0)
(0.861567 0.497088 0)
(0.851722 0.56958 0)
(0.843385 0.63065 0)
(0.836856 0.679772 0)
(0.831953 0.715355 0)
(0.828187 0.735809 0)
(0.825018 0.740541 0)
(0.822047 0.730385 0)
(0.819102 0.707444 0)
(0.816219 0.674608 0)
(0.813583 0.635003 0)
(0.811445 0.591543 0)
(0.810063 0.546667 0)
(0.809648 0.502224 0)
(0.810347 0.45949 0)
(0.812237 0.419251 0)
(0.815327 0.381909 0)
(0.819574 0.34759 0)
(0.824898 0.31624 0)
(0.831196 0.287693 0)
(0.838356 0.261723 0)
(0.846262 0.238079 0)
(0.854803 0.216508 0)
(0.863878 0.196761 0)
(0.873393 0.178609 0)
(0.883268 0.161835 0)
(0.89343 0.146243 0)
(0.903818 0.131654 0)
(0.914376 0.117905 0)
(0.925056 0.10485 0)
(0.935814 0.0923596 0)
(0.946612 0.0803209 0)
(0.95741 0.0686382 0)
(0.968172 0.0572348 0)
(0.978863 0.0460542 0)
(0.989445 0.035062 0)
(0.999876 0.0242467 0)
(1.01011 0.0136215 0)
(1.0201 0.00322316 0)
(1.02979 -0.00688594 0)
(1.0391 -0.0166217 0)
(1.04794 -0.0258807 0)
(1.05622 -0.0345479 0)
(1.06381 -0.0425045 0)
(1.0706 -0.0496386 0)
(1.07645 -0.0558553 0)
(1.0812 -0.0610868 0)
(1.08471 -0.0653016 0)
(1.08679 -0.068512 0)
(1.08725 -0.0707822 0)
(1.0859 -0.0722321 0)
(1.08254 -0.0730392 0)
(1.07697 -0.0734395 0)
(1.06903 -0.0737311 0)
(1.05859 -0.0742808 0)
(1.0455 -0.0755118 0)
(1.02962 -0.0778352 0)
(1.01072 -0.0815012 0)
(0.988483 -0.0864193 0)
(0.962474 -0.0921188 0)
(0.932284 -0.0980634 0)
(0.89774 -0.104401 0)
(0.85924 -0.112895 0)
(0.818053 -0.127433 0)
(0.776394 -0.153436 0)
(0.737078 -0.195923 0)
(0.702773 -0.256861 0)
(0.675176 -0.333252 0)
(0.654589 -0.417353 0)
(0.64008 -0.499055 0)
(0.629969 -0.569058 0)
(0.622337 -0.621267 0)
(0.615452 -0.653591 0)
(0.608105 -0.667242 0)
(0.599773 -0.665195 0)
(0.590531 -0.650683 0)
(0.580778 -0.626339 0)
(0.570962 -0.594059 0)
(0.561449 -0.555248 0)
(0.552512 -0.511069 0)
(0.544363 -0.462567 0)
(0.537195 -0.410707 0)
(0.531139 -0.356377 0)
(0.526439 -0.300351 0)
(0.522943 -0.243347 0)
(0.521721 -0.185824 0)
(0.519739 -0.128612 0)
(1.74128 -0.0195124 0)
(1.74488 -0.0235251 0)
(1.74851 -0.0284941 0)
(1.75205 -0.0345668 0)
(1.7553 -0.0419088 0)
(1.75797 -0.0506487 0)
(1.75974 -0.0608491 0)
(1.76021 -0.0724774 0)
(1.75899 -0.0853891 0)
(1.75571 -0.099325 0)
(1.75007 -0.113925 0)
(1.74184 -0.128749 0)
(1.73092 -0.143306 0)
(1.71731 -0.157084 0)
(1.70113 -0.169582 0)
(1.68261 -0.180334 0)
(1.66205 -0.188937 0)
(1.63985 -0.19506 0)
(1.61644 -0.198462 0)
(1.59229 -0.198988 0)
(1.56787 -0.19657 0)
(1.54366 -0.191222 0)
(1.5201 -0.183031 0)
(1.49763 -0.172145 0)
(1.47664 -0.158764 0)
(1.45748 -0.143131 0)
(1.44049 -0.125526 0)
(1.42596 -0.106259 0)
(1.41416 -0.0856658 0)
(1.40531 -0.0641058 0)
(1.39961 -0.0419698 0)
(1.3972 -0.0196787 0)
(1.3982 0.00233652 0)
(1.40271 0.0236417 0)
(1.4107 0.0437544 0)
(1.42213 0.0621825 0)
(1.43688 0.0784392 0)
(1.45471 0.0920507 0)
(1.47535 0.10257 0)
(1.49841 0.109596 0)
(1.52345 0.112787 0)
(1.54997 0.11188 0)
(1.57743 0.106701 0)
(1.60525 0.0971684 0)
(1.63286 0.0832986 0)
(1.65968 0.0652038 0)
(1.68518 0.0430938 0)
(1.70885 0.0172607 0)
(1.7303 -0.0119616 0)
(1.74916 -0.0442285 0)
(1.76514 -0.0790548 0)
(1.77798 -0.115929 0)
(1.78755 -0.154338 0)
(1.79378 -0.193774 0)
(1.79669 -0.233746 0)
(1.79638 -0.273794 0)
(1.79297 -0.313497 0)
(1.78669 -0.352491 0)
(1.77774 -0.390471 0)
(1.76632 -0.427152 0)
(1.75241 -0.462193 0)
(1.73583 -0.495188 0)
(1.71638 -0.525831 0)
(1.69439 -0.554314 0)
(1.67118 -0.58189 0)
(1.64891 -0.611089 0)
(1.62892 -0.644434 0)
(1.60936 -0.682327 0)
(1.5849 -0.723688 0)
(1.5488 -0.76758 0)
(1.49246 -0.806502 0)
(1.40269 -0.820181 0)
(1.27224 -0.798824 0)
(1.12729 -0.778288 0)
(1.02396 -0.813812 0)
(0.98607 -0.904184 0)
(0.98488 -0.995167 0)
(0.987103 -1.04569 0)
(0.97976 -1.04787 0)
(0.962832 -1.00961 0)
(0.939377 -0.940986 0)
(0.912007 -0.850803 0)
(0.882711 -0.746528 0)
(0.853142 -0.634136 0)
(0.824679 -0.517726 0)
(0.798471 -0.399443 0)
(0.77549 -0.279863 0)
(0.7568 -0.158565 0)
(0.742478 -0.0351364 0)
(0.730625 0.089017 0)
(0.721349 0.209294 0)
(0.715019 0.3199 0)
(0.710271 0.41762 0)
(0.706847 0.501806 0)
(0.704824 0.573394 0)
(0.704508 0.633234 0)
(0.70613 0.681023 0)
(0.709609 0.715448 0)
(0.714554 0.735102 0)
(0.720412 0.739423 0)
(0.726651 0.729152 0)
(0.73288 0.70625 0)
(0.738898 0.673464 0)
(0.744675 0.633817 0)
(0.750308 0.59017 0)
(0.755961 0.544949 0)
(0.761813 0.500023 0)
(0.768026 0.456708 0)
(0.774721 0.41583 0)
(0.781974 0.377833 0)
(0.789816 0.342876 0)
(0.798238 0.310929 0)
(0.807208 0.281841 0)
(0.816673 0.255395 0)
(0.82657 0.231341 0)
(0.836833 0.209424 0)
(0.847398 0.189393 0)
(0.858202 0.17101 0)
(0.86919 0.154054 0)
(0.880311 0.138324 0)
(0.89152 0.123634 0)
(0.902778 0.109818 0)
(0.914052 0.0967244 0)
(0.925312 0.0842219 0)
(0.936532 0.0721947 0)
(0.947689 0.0605456 0)
(0.958762 0.0491969 0)
(0.969732 0.0380922 0)
(0.980578 0.0271983 0)
(0.991279 0.0165064 0)
(1.00181 0.0060326 0)
(1.01214 -0.00417954 0)
(1.02223 -0.0140599 0)
(1.03202 -0.0235126 0)
(1.04145 -0.0324235 0)
(1.05045 -0.040668 0)
(1.05892 -0.0481197 0)
(1.06676 -0.0546589 0)
(1.07385 -0.0601801 0)
(1.08002 -0.0646001 0)
(1.08506 -0.0678667 0)
(1.08871 -0.0699712 0)
(1.09068 -0.0709601 0)
(1.09067 -0.0709448 0)
(1.08836 -0.0701051 0)
(1.08346 -0.0686901 0)
(1.07574 -0.0670172 0)
(1.06497 -0.0654686 0)
(1.05098 -0.0644672 0)
(1.03358 -0.0643989 0)
(1.01254 -0.0654614 0)
(0.987558 -0.067508 0)
(0.958306 -0.0700606 0)
(0.924507 -0.072701 0)
(0.886176 -0.0758945 0)
(0.84392 -0.0819405 0)
(0.79918 -0.0953773 0)
(0.75422 -0.122148 0)
(0.711713 -0.167382 0)
(0.674005 -0.232591 0)
(0.642446 -0.313915 0)
(0.617195 -0.402694 0)
(0.59748 -0.488153 0)
(0.581991 -0.560668 0)
(0.569167 -0.61411 0)
(0.557463 -0.646619 0)
(0.545671 -0.659827 0)
(0.53319 -0.657175 0)
(0.520034 -0.642236 0)
(0.506594 -0.617782 0)
(0.493344 -0.585693 0)
(0.480661 -0.547306 0)
(0.468816 -0.503727 0)
(0.458006 -0.455967 0)
(0.448425 -0.404974 0)
(0.4402 -0.35162 0)
(0.433579 -0.296666 0)
(0.428366 -0.240841 0)
(0.42562 -0.184576 0)
(0.422287 -0.12888 0)
(1.73909 -0.021942 0)
(1.74213 -0.0259731 0)
(1.74508 -0.0308762 0)
(1.74783 -0.0367615 0)
(1.7502 -0.0437483 0)
(1.75195 -0.0519221 0)
(1.75278 -0.0613119 0)
(1.7524 -0.0718703 0)
(1.75046 -0.08346 0)
(1.74669 -0.0958528 0)
(1.74083 -0.108738 0)
(1.7327 -0.121742 0)
(1.72223 -0.134446 0)
(1.70941 -0.146417 0)
(1.69436 -0.157224 0)
(1.67726 -0.166471 0)
(1.65838 -0.173808 0)
(1.63806 -0.178947 0)
(1.61668 -0.181673 0)
(1.59463 -0.181847 0)
(1.57233 -0.179405 0)
(1.55021 -0.174354 0)
(1.52866 -0.166768 0)
(1.50808 -0.156775 0)
(1.48881 -0.144555 0)
(1.4712 -0.130328 0)
(1.45555 -0.114351 0)
(1.44212 -0.0969093 0)
(1.43117 -0.0783167 0)
(1.4229 -0.0589085 0)
(1.4175 -0.0390472 0)
(1.41509 -0.019122 0)
(1.41577 0.000466939 0)
(1.41962 0.0193181 0)
(1.42662 0.0369969 0)
(1.43673 0.0530619 0)
(1.4498 0.0670792 0)
(1.46566 0.0786302 0)
(1.48402 0.0873235 0)
(1.50456 0.0928089 0)
(1.52688 0.094791 0)
(1.55053 0.093041 0)
(1.57502 0.0874069 0)
(1.59985 0.0778193 0)
(1.6245 0.0642925 0)
(1.64848 0.0469271 0)
(1.67128 0.0259089 0)
(1.6925 0.00148424 0)
(1.71175 -0.0260767 0)
(1.7287 -0.0564327 0)
(1.74306 -0.0891471 0)
(1.75462 -0.123778 0)
(1.76323 -0.159873 0)
(1.76884 -0.196976 0)
(1.77146 -0.234649 0)
(1.77117 -0.272479 0)
(1.76809 -0.310087 0)
(1.76239 -0.347134 0)
(1.75419 -0.383274 0)
(1.7435 -0.418106 0)
(1.73021 -0.451164 0)
(1.71431 -0.482087 0)
(1.69633 -0.510962 0)
(1.67759 -0.538659 0)
(1.65986 -0.566896 0)
(1.64398 -0.597532 0)
(1.62767 -0.630768 0)
(1.60458 -0.664228 0)
(1.56642 -0.695598 0)
(1.506 -0.723503 0)
(1.41574 -0.738812 0)
(1.28592 -0.723953 0)
(1.1207 -0.686418 0)
(0.965324 -0.685111 0)
(0.877185 -0.767439 0)
(0.853347 -0.893762 0)
(0.850666 -0.994234 0)
(0.842381 -1.0397 0)
(0.823779 -1.03474 0)
(0.798183 -0.991485 0)
(0.768886 -0.91998 0)
(0.737894 -0.828409 0)
(0.706599 -0.723888 0)
(0.67607 -0.612206 0)
(0.64716 -0.497327 0)
(0.620711 -0.381257 0)
(0.59758 -0.264314 0)
(0.578892 -0.145717 0)
(0.564501 -0.0248924 0)
(0.55291 0.0964707 0)
(0.545537 0.213913 0)
(0.542923 0.322165 0)
(0.543718 0.418158 0)
(0.547204 0.500997 0)
(0.552915 0.571291 0)
(0.56077 0.62971 0)
(0.570834 0.67601 0)
(0.583022 0.709081 0)
(0.596972 0.727717 0)
(0.612099 0.73146 0)
(0.627745 0.721029 0)
(0.643329 0.698279 0)
(0.658431 0.665817 0)
(0.672826 0.626537 0)
(0.686459 0.583204 0)
(0.699397 0.53819 0)
(0.711781 0.493345 0)
(0.723776 0.449992 0)
(0.735539 0.408982 0)
(0.747203 0.370788 0)
(0.758866 0.335598 0)
(0.77059 0.303407 0)
(0.782409 0.274083 0)
(0.794331 0.247422 0)
(0.806349 0.223183 0)
(0.818444 0.201114 0)
(0.83059 0.180965 0)
(0.84276 0.162496 0)
(0.854924 0.145486 0)
(0.867057 0.129729 0)
(0.879135 0.115036 0)
(0.891135 0.101238 0)
(0.903041 0.0881816 0)
(0.914839 0.0757308 0)
(0.926518 0.0637678 0)
(0.938072 0.0521931 0)
(0.949497 0.0409274 0)
(0.960792 0.0299136 0)
(0.971956 0.0191188 0)
(0.982988 0.00853535 0)
(0.993889 -0.00181681 0)
(1.00465 -0.0118882 0)
(1.01525 -0.0215995 0)
(1.02569 -0.0308484 0)
(1.03592 -0.0395159 0)
(1.04593 -0.0474713 0)
(1.05565 -0.0545758 0)
(1.06498 -0.0606862 0)
(1.07374 -0.0656606 0)
(1.08168 -0.0693704 0)
(1.08846 -0.0717176 0)
(1.0937 -0.0726555 0)
(1.09698 -0.0722084 0)
(1.09789 -0.0704843 0)
(1.09605 -0.067679 0)
(1.0911 -0.0640719 0)
(1.08278 -0.0600171 0)
(1.07087 -0.0559283 0)
(1.0552 -0.0522452 0)
(1.03561 -0.0493509 0)
(1.01194 -0.0474189 0)
(0.983977 -0.0462732 0)
(0.951493 -0.0454545 0)
(0.914373 -0.0446894 0)
(0.872807 -0.0447794 0)
(0.827571 -0.0485406 0)
(0.780204 -0.0610831 0)
(0.732895 -0.0887385 0)
(0.687999 -0.1366 0)
(0.647374 -0.205677 0)
(0.611945 -0.291347 0)
(0.58177 -0.384259 0)
(0.556391 -0.473186 0)
(0.535049 -0.548242 0)
(0.516685 -0.603176 0)
(0.499993 -0.636197 0)
(0.483737 -0.649242 0)
(0.467149 -0.646188 0)
(0.450107 -0.630983 0)
(0.432962 -0.606583 0)
(0.416213 -0.574867 0)
(0.400278 -0.537095 0)
(0.385437 -0.494302 0)
(0.37188 -0.447473 0)
(0.359789 -0.397539 0)
(0.349295 -0.345357 0)
(0.340669 -0.291649 0)
(0.333666 -0.237124 0)
(0.329319 -0.182203 0)
(0.324655 -0.12817 0)
(1.73714 -0.0240017 0)
(1.73967 -0.0279791 0)
(1.74201 -0.0327454 0)
(1.74407 -0.0383813 0)
(1.74569 -0.0449715 0)
(1.74666 -0.0525695 0)
(1.74673 -0.061181 0)
(1.74565 -0.0707488 0)
(1.74316 -0.0811436 0)
(1.73902 -0.0921628 0)
(1.73302 -0.103538 0)
(1.72504 -0.114947 0)
(1.715 -0.126034 0)
(1.70291 -0.136428 0)
(1.68887 -0.145761 0)
(1.67305 -0.153693 0)
(1.65567 -0.159919 0)
(1.63703 -0.16419 0)
(1.61744 -0.166317 0)
(1.59726 -0.166176 0)
(1.57685 -0.163707 0)
(1.55659 -0.158915 0)
(1.53684 -0.151863 0)
(1.51794 -0.142666 0)
(1.50021 -0.131487 0)
(1.48397 -0.118526 0)
(1.4695 -0.104018 0)
(1.45703 -0.0882307 0)
(1.4468 -0.0714529 0)
(1.43901 -0.0539978 0)
(1.43381 -0.0362012 0)
(1.43133 -0.0184221 0)
(1.43164 -0.00103041 0)
(1.43482 0.015603 0)
(1.44086 0.0310861 0)
(1.44968 0.0450234 0)
(1.46118 0.0570282 0)
(1.47517 0.0667303 0)
(1.49142 0.0737859 0)
(1.50962 0.0778892 0)
(1.52942 0.0787834 0)
(1.55043 0.0762706 0)
(1.5722 0.0702196 0)
(1.59429 0.0605703 0)
(1.61624 0.0473364 0)
(1.6376 0.0306092 0)
(1.65794 0.0105508 0)
(1.67689 -0.0126388 0)
(1.69412 -0.0387269 0)
(1.70929 -0.0673711 0)
(1.72215 -0.098201 0)
(1.7325 -0.130826 0)
(1.74021 -0.164842 0)
(1.74524 -0.199848 0)
(1.74757 -0.235452 0)
(1.74728 -0.271286 0)
(1.74446 -0.306995 0)
(1.73916 -0.342209 0)
(1.73139 -0.376508 0)
(1.72115 -0.409435 0)
(1.70865 -0.440649 0)
(1.69467 -0.470203 0)
(1.68065 -0.498748 0)
(1.66815 -0.527371 0)
(1.65751 -0.556944 0)
(1.64599 -0.587016 0)
(1.62687 -0.614786 0)
(1.5909 -0.636267 0)
(1.52997 -0.649956 0)
(1.43902 -0.655307 0)
(1.31271 -0.642844 0)
(1.14579 -0.601725 0)
(0.955791 -0.561424 0)
(0.804081 -0.598202 0)
(0.734992 -0.732491 0)
(0.717758 -0.885315 0)
(0.707718 -0.986959 0)
(0.688212 -1.02549 0)
(0.660003 -1.01495 0)
(0.627557 -0.968825 0)
(0.593753 -0.896191 0)
(0.560073 -0.804583 0)
(0.52746 -0.700772 0)
(0.496403 -0.590355 0)
(0.467244 -0.477241 0)
(0.440622 -0.363369 0)
(0.417383 -0.248856 0)
(0.3987 -0.132762 0)
(0.384323 -0.0146787 0)
(0.373201 0.103127 0)
(0.367898 0.216523 0)
(0.368932 0.32111 0)
(0.375005 0.414219 0)
(0.385086 0.494863 0)
(0.398321 0.563325 0)
(0.41431 0.619999 0)
(0.43293 0.66457 0)
(0.454016 0.696068 0)
(0.477158 0.713492 0)
(0.501697 0.716526 0)
(0.526843 0.705918 0)
(0.551835 0.683446 0)
(0.576065 0.651579 0)
(0.59913 0.613061 0)
(0.620836 0.570526 0)
(0.641163 0.526252 0)
(0.660207 0.482038 0)
(0.678131 0.439186 0)
(0.695122 0.398552 0)
(0.71136 0.360625 0)
(0.727003 0.325617 0)
(0.74218 0.293548 0)
(0.756986 0.264308 0)
(0.77149 0.237708 0)
(0.78574 0.213522 0)
(0.799764 0.191506 0)
(0.813577 0.171417 0)
(0.827186 0.153017 0)
(0.840593 0.136086 0)
(0.853797 0.120419 0)
(0.866795 0.105826 0)
(0.879588 0.0921349 0)
(0.892174 0.0791911 0)
(0.904557 0.066856 0)
(0.916745 0.0550088 0)
(0.928749 0.0435469 0)
(0.940583 0.0323888 0)
(0.952267 0.0214758 0)
(0.963818 0.0107741 0)
(0.975265 0.000276271 0)
(0.986637 -0.00999609 0)
(0.99796 -0.0199904 0)
(1.00927 -0.0296281 0)
(1.02061 -0.0388084 0)
(1.032 -0.0474066 0)
(1.04341 -0.0552701 0)
(1.05474 -0.062217 0)
(1.06579 -0.0680412 0)
(1.07625 -0.0725285 0)
(1.08571 -0.0754823 0)
(1.09369 -0.0767541 0)
(1.09972 -0.0762714 0)
(1.10331 -0.0740588 0)
(1.10403 -0.0702474 0)
(1.10151 -0.0650748 0)
(1.09543 -0.0588729 0)
(1.08558 -0.0520503 0)
(1.07178 -0.0450667 0)
(1.05392 -0.0383839 0)
(1.03191 -0.0323892 0)
(1.00563 -0.0272395 0)
(0.975004 -0.0227591 0)
(0.939908 -0.0185482 0)
(0.900356 -0.014496 0)
(0.856672 -0.0117092 0)
(0.809748 -0.0134805 0)
(0.761142 -0.0253917 0)
(0.712857 -0.0539844 0)
(0.666737 -0.104158 0)
(0.623952 -0.1764 0)
(0.584907 -0.265517 0)
(0.549611 -0.361785 0)
(0.518073 -0.453787 0)
(0.490289 -0.53144 0)
(0.465891 -0.588239 0)
(0.443918 -0.62223 0)
(0.423097 -0.63548 0)
(0.402412 -0.632252 0)
(0.381502 -0.616923 0)
(0.360621 -0.592703 0)
(0.340284 -0.561511 0)
(0.320969 -0.524531 0)
(0.302996 -0.482702 0)
(0.286566 -0.43697 0)
(0.271845 -0.388264 0)
(0.258951 -0.337441 0)
(0.248184 -0.285175 0)
(0.23927 -0.232129 0)
(0.233269 -0.178668 0)
(0.227354 -0.126383 0)
(1.73547 -0.0257213 0)
(1.73753 -0.0295878 0)
(1.73933 -0.0341634 0)
(1.7408 -0.039506 0)
(1.74178 -0.0456741 0)
(1.74209 -0.052698 0)
(1.74154 -0.0605671 0)
(1.73991 -0.0692185 0)
(1.73698 -0.0785311 0)
(1.73257 -0.0883242 0)
(1.72651 -0.0983636 0)
(1.7187 -0.108372 0)
(1.70908 -0.118043 0)
(1.69767 -0.127059 0)
(1.68456 -0.135104 0)
(1.66988 -0.141884 0)
(1.65384 -0.147136 0)
(1.63669 -0.150644 0)
(1.6187 -0.15224 0)
(1.60019 -0.151815 0)
(1.58147 -0.149318 0)
(1.56287 -0.144751 0)
(1.54472 -0.138171 0)
(1.52732 -0.129682 0)
(1.51096 -0.119432 0)
(1.49593 -0.107607 0)
(1.48249 -0.0944236 0)
(1.47085 -0.0801283 0)
(1.46124 -0.0649916 0)
(1.45382 -0.0493042 0)
(1.44874 -0.033377 0)
(1.44613 -0.0175406 0)
(1.44604 -0.00213617 0)
(1.44855 0.0124942 0)
(1.45363 0.0259967 0)
(1.46122 0.0380172 0)
(1.47122 0.048211 0)
(1.48347 0.0562504 0)
(1.49775 0.0618335 0)
(1.51378 0.064693 0)
(1.53126 0.0646058 0)
(1.54983 0.0614008 0)
(1.5691 0.0549648 0)
(1.58868 0.0452464 0)
(1.60815 0.0322602 0)
(1.62711 0.0160883 0)
(1.6452 -0.00313455 0)
(1.66207 -0.0252531 0)
(1.67742 -0.0500231 0)
(1.69094 -0.0771446 0)
(1.70241 -0.106294 0)
(1.71163 -0.137124 0)
(1.71851 -0.16928 0)
(1.72297 -0.202404 0)
(1.725 -0.236148 0)
(1.72463 -0.27016 0)
(1.72185 -0.304069 0)
(1.71667 -0.337473 0)
(1.70919 -0.369978 0)
(1.69987 -0.40134 0)
(1.68969 -0.431661 0)
(1.68021 -0.461468 0)
(1.67282 -0.491416 0)
(1.66739 -0.52152 0)
(1.66073 -0.550326 0)
(1.64602 -0.574501 0)
(1.61401 -0.589409 0)
(1.55607 -0.591749 0)
(1.46709 -0.582419 0)
(1.34498 -0.561748 0)
(1.18597 -0.520842 0)
(0.989392 -0.459956 0)
(0.787524 -0.433364 0)
(0.650691 -0.522898 0)
(0.597412 -0.705506 0)
(0.578702 -0.874022 0)
(0.558664 -0.972025 0)
(0.529084 -1.00402 0)
(0.492888 -0.989766 0)
(0.454563 -0.942486 0)
(0.416618 -0.870121 0)
(0.38031 -0.77964 0)
(0.346202 -0.677331 0)
(0.314301 -0.568646 0)
(0.284641 -0.457534 0)
(0.257786 -0.345883 0)
(0.234649 -0.233562 0)
(0.216159 -0.119847 0)
(0.202396 -0.0048515 0)
(0.192592 0.108555 0)
(0.190043 0.216848 0)
(0.195023 0.31671 0)
(0.20633 0.405961 0)
(0.22277 0.483608 0)
(0.24329 0.549638 0)
(0.267284 0.604127 0)
(0.294458 0.646641 0)
(0.324514 0.676315 0)
(0.356926 0.692344 0)
(0.390908 0.694575 0)
(0.425522 0.683811 0)
(0.459844 0.661765 0)
(0.493097 0.630771 0)
(0.524729 0.593398 0)
(0.55443 0.552125 0)
(0.5821 0.509104 0)
(0.607795 0.46605 0)
(0.631675 0.42422 0)
(0.653946 0.384456 0)
(0.674832 0.347254 0)
(0.694543 0.312843 0)
(0.713265 0.281264 0)
(0.731153 0.252431 0)
(0.748333 0.226175 0)
(0.764903 0.202288 0)
(0.780937 0.180538 0)
(0.796494 0.160691 0)
(0.811614 0.14252 0)
(0.826331 0.125808 0)
(0.840671 0.11035 0)
(0.854653 0.0959611 0)
(0.868299 0.0824673 0)
(0.881628 0.0697125 0)
(0.894661 0.0575559 0)
(0.907424 0.0458736 0)
(0.919947 0.0345598 0)
(0.932262 0.0235303 0)
(0.944408 0.0127235 0)
(0.956434 0.00210135 0)
(0.968408 -0.00834843 0)
(0.980399 -0.0186095 0)
(0.992495 -0.0286379 0)
(1.00478 -0.0383607 0)
(1.01731 -0.0476653 0)
(1.03007 -0.0563872 0)
(1.04292 -0.0643042 0)
(1.0556 -0.0711437 0)
(1.06772 -0.0766066 0)
(1.07881 -0.080403 0)
(1.08837 -0.0822909 0)
(1.09591 -0.0821101 0)
(1.10096 -0.079806 0)
(1.10314 -0.0754414 0)
(1.10213 -0.0691986 0)
(1.09765 -0.0613712 0)
(1.08951 -0.0523462 0)
(1.07756 -0.0425813 0)
(1.06169 -0.032572 0)
(1.04183 -0.0228058 0)
(1.01794 -0.0137078 0)
(0.989918 -0.00543637 0)
(0.957676 0.00221237 0)
(0.921168 0.00961173 0)
(0.88055 0.0167074 0)
(0.836369 0.0220351 0)
(0.789666 0.0218973 0)
(0.741886 0.0103946 0)
(0.69452 -0.0190324 0)
(0.648783 -0.0709114 0)
(0.604938 -0.14523 0)
(0.562768 -0.2365 0)
(0.522269 -0.335028 0)
(0.484057 -0.429526 0)
(0.449098 -0.509809 0)
(0.417951 -0.568946 0)
(0.390192 -0.604523 0)
(0.364564 -0.618476 0)
(0.339727 -0.615365 0)
(0.314956 -0.600043 0)
(0.290312 -0.576088 0)
(0.266293 -0.545534 0)
(0.243453 -0.509499 0)
(0.222181 -0.468809 0)
(0.202713 -0.424339 0)
(0.185208 -0.376994 0)
(0.169772 -0.327639 0)
(0.156663 -0.276959 0)
(0.145646 -0.225596 0)
(0.137916 -0.173769 0)
(0.13085 -0.123263 0)
(1.73412 -0.0271321 0)
(1.73576 -0.030843 0)
(1.73709 -0.035188 0)
(1.73804 -0.0402071 0)
(1.73847 -0.0459396 0)
(1.73825 -0.052399 0)
(1.73718 -0.0595636 0)
(1.73511 -0.067368 0)
(1.73185 -0.0756988 0)
(1.72725 -0.0843943 0)
(1.72118 -0.0932493 0)
(1.71356 -0.102023 0)
(1.70436 -0.110452 0)
(1.69358 -0.11826 0)
(1.68131 -0.125177 0)
(1.66767 -0.130947 0)
(1.65283 -0.135344 0)
(1.63702 -0.138178 0)
(1.62046 -0.139304 0)
(1.60344 -0.138626 0)
(1.58623 -0.136098 0)
(1.56912 -0.131725 0)
(1.55239 -0.125559 0)
(1.53632 -0.117697 0)
(1.52118 -0.108275 0)
(1.50722 -0.0974643 0)
(1.49467 -0.0854682 0)
(1.48374 -0.0725154 0)
(1.47463 -0.0588576 0)
(1.46749 -0.0447654 0)
(1.46248 -0.0305265 0)
(1.45968 -0.0164451 0)
(1.45917 -0.00283554 0)
(1.46099 0.00998718 0)
(1.46513 0.0217034 0)
(1.47154 0.0319964 0)
(1.48013 0.0405589 0)
(1.49074 0.0471009 0)
(1.50317 0.051357 0)
(1.5172 0.0530939 0)
(1.53253 0.0521182 0)
(1.54886 0.0482822 0)
(1.56583 0.0414881 0)
(1.5831 0.0316933 0)
(1.60029 0.0189132 0)
(1.61706 0.00321767 0)
(1.63308 -0.0152902 0)
(1.64805 -0.0364616 0)
(1.66166 -0.0600613 0)
(1.67366 -0.0858322 0)
(1.68382 -0.113487 0)
(1.692 -0.142718 0)
(1.69807 -0.173209 0)
(1.70195 -0.204635 0)
(1.70358 -0.236662 0)
(1.70293 -0.268938 0)
(1.70003 -0.301106 0)
(1.69511 -0.332873 0)
(1.6888 -0.364134 0)
(1.68224 -0.395094 0)
(1.67691 -0.426207 0)
(1.67384 -0.457796 0)
(1.67241 -0.489268 0)
(1.66905 -0.518335 0)
(1.65705 -0.540946 0)
(1.62783 -0.552155 0)
(1.57344 -0.547781 0)
(1.48889 -0.527029 0)
(1.37305 -0.493126 0)
(1.22546 -0.445995 0)
(1.04177 -0.378615 0)
(0.826225 -0.307318 0)
(0.626415 -0.311128 0)
(0.510129 -0.46014 0)
(0.46458 -0.681114 0)
(0.438314 -0.856779 0)
(0.408051 -0.949643 0)
(0.370004 -0.976374 0)
(0.326861 -0.959791 0)
(0.282732 -0.912389 0)
(0.240085 -0.841194 0)
(0.20031 -0.75249 0)
(0.16349 -0.652032 0)
(0.129362 -0.545132 0)
(0.0982059 -0.43587 0)
(0.0705366 -0.326191 0)
(0.0476346 -0.215963 0)
(0.0304704 -0.105194 0)
(0.0187292 0.00520973 0)
(0.0118786 0.112639 0)
(0.0133009 0.214727 0)
(0.0228929 0.308999 0)
(0.039632 0.393572 0)
(0.0623376 0.467468 0)
(0.089962 0.5304 0)
(0.12182 0.582168 0)
(0.157494 0.622232 0)
(0.196511 0.649806 0)
(0.238159 0.664274 0)
(0.281488 0.665652 0)
(0.325401 0.654798 0)
(0.368823 0.63336 0)
(0.410841 0.603524 0)
(0.450784 0.567674 0)
(0.488248 0.528104 0)
(0.52307 0.486817 0)
(0.555275 0.44542 0)
(0.585015 0.405106 0)
(0.612517 0.366684 0)
(0.638036 0.330646 0)
(0.661827 0.297233 0)
(0.684128 0.266505 0)
(0.705145 0.238398 0)
(0.725057 0.212768 0)
(0.744009 0.189424 0)
(0.76212 0.168154 0)
(0.779488 0.148736 0)
(0.796188 0.130955 0)
(0.812285 0.114599 0)
(0.827831 0.0994734 0)
(0.84287 0.085392 0)
(0.857443 0.0721843 0)
(0.871589 0.0596933 0)
(0.885347 0.0477764 0)
(0.898758 0.0363069 0)
(0.911869 0.0251763 0)
(0.924732 0.0142951 0)
(0.937419 0.00359275 0)
(0.950029 -0.00698129 0)
(0.962664 -0.0174527 0)
(0.975441 -0.027817 0)
(0.98846 -0.038031 0)
(1.00176 -0.0479923 0)
(1.01526 -0.0575216 0)
(1.02876 -0.0663564 0)
(1.04191 -0.0741651 0)
(1.05427 -0.0805804 0)
(1.06534 -0.0852444 0)
(1.07466 -0.0878525 0)
(1.08183 -0.0881873 0)
(1.08651 -0.0861382 0)
(1.08846 -0.0817088 0)
(1.08751 -0.075017 0)
(1.08351 -0.0662897 0)
(1.07635 -0.055853 0)
(1.06592 -0.044121 0)
(1.05211 -0.0315817 0)
(1.03483 -0.0187383 0)
(1.01396 -0.00614209 0)
(0.989343 0.00587255 0)
(0.960916 0.0171795 0)
(0.928629 0.0279101 0)
(0.892539 0.0382886 0)
(0.852962 0.0479976 0)
(0.810623 0.0552569 0)
(0.766651 0.0561163 0)
(0.722292 0.0446752 0)
(0.678416 0.0146438 0)
(0.63507 -0.038007 0)
(0.591629 -0.11286 0)
(0.547127 -0.204514 0)
(0.501554 -0.303788 0)
(0.456201 -0.399916 0)
(0.413185 -0.482744 0)
(0.374286 -0.544761 0)
(0.339914 -0.582725 0)
(0.308997 -0.598076 0)
(0.279833 -0.595489 0)
(0.25118 -0.580329 0)
(0.222763 -0.556688 0)
(0.194988 -0.526831 0)
(0.168468 -0.491858 0)
(0.143704 -0.452492 0)
(0.121011 -0.409479 0)
(0.100561 -0.363669 0)
(0.0824352 -0.31592 0)
(0.0668053 -0.266952 0)
(0.0535543 -0.217312 0)
(0.0435564 -0.167175 0)
(0.0350566 -0.118341 0)
(1.73315 -0.0282597 0)
(1.73442 -0.0317804 0)
(1.73532 -0.0358655 0)
(1.73583 -0.0405419 0)
(1.7358 -0.045834 0)
(1.73512 -0.0517442 0)
(1.73364 -0.0582434 0)
(1.73121 -0.0652656 0)
(1.7277 -0.0727051 0)
(1.72298 -0.0804165 0)
(1.71695 -0.088219 0)
(1.70955 -0.0959026 0)
(1.70074 -0.103238 0)
(1.69056 -0.109987 0)
(1.67906 -0.115914 0)
(1.66636 -0.120799 0)
(1.65261 -0.124444 0)
(1.638 -0.126683 0)
(1.62273 -0.127391 0)
(1.60704 -0.126483 0)
(1.59118 -0.123922 0)
(1.57538 -0.119713 0)
(1.55992 -0.113908 0)
(1.54502 -0.106596 0)
(1.53095 -0.0979053 0)
(1.51791 -0.0879976 0)
(1.50613 -0.0770617 0)
(1.4958 -0.0653117 0)
(1.4871 -0.0529823 0)
(1.48017 -0.0403255 0)
(1.47515 -0.0276076 0)
(1.47213 -0.0151086 0)
(1.47116 -0.0031179 0)
(1.4723 0.00807427 0)
(1.47554 0.0181789 0)
(1.48082 0.0269131 0)
(1.48806 0.034003 0)
(1.49713 0.0391924 0)
(1.50785 0.0422481 0)
(1.52001 0.042967 0)
(1.53336 0.0411821 0)
(1.54762 0.0367664 0)
(1.56248 0.0296362 0)
(1.57763 0.0197561 0)
(1.59273 0.00714152 0)
(1.60749 -0.00815584 0)
(1.62161 -0.0260495 0)
(1.63481 -0.0463795 0)
(1.64681 -0.0689471 0)
(1.65739 -0.0935221 0)
(1.66635 -0.119847 0)
(1.67351 -0.147644 0)
(1.67875 -0.176619 0)
(1.68197 -0.206463 0)
(1.68313 -0.236864 0)
(1.68231 -0.267541 0)
(1.67988 -0.298313 0)
(1.67656 -0.329212 0)
(1.67347 -0.36052 0)
(1.67175 -0.392606 0)
(1.67176 -0.425482 0)
(1.67215 -0.458126 0)
(1.66907 -0.487816 0)
(1.65616 -0.510104 0)
(1.62601 -0.519833 0)
(1.57227 -0.512655 0)
(1.49137 -0.486585 0)
(1.3829 -0.443507 0)
(1.24837 -0.387181 0)
(1.08628 -0.315436 0)
(0.889358 -0.225336 0)
(0.66744 -0.154126 0)
(0.482701 -0.201454 0)
(0.386245 -0.406809 0)
(0.338892 -0.653942 0)
(0.301337 -0.8322 0)
(0.261424 -0.920601 0)
(0.21616 -0.943259 0)
(0.166639 -0.925043 0)
(0.11622 -0.877989 0)
(0.0675195 -0.808414 0)
(0.0222895 -0.721811 0)
(-0.0187237 -0.623848 0)
(-0.0551836 -0.519142 0)
(-0.0871083 -0.412033 0)
(-0.114413 -0.304569 0)
(-0.1361 -0.197223 0)
(-0.151667 -0.0909447 0)
(-0.160571 0.0132043 0)
(-0.163611 0.114007 0)
(-0.158216 0.209532 0)
(-0.144355 0.297747 0)
(-0.122654 0.377098 0)
(-0.0940947 0.446629 0)
(-0.0596335 0.505857 0)
(-0.0200156 0.554388 0)
(0.0241524 0.591464 0)
(0.072046 0.616606 0)
(0.12278 0.629377 0)
(0.175214 0.629913 0)
(0.228094 0.619085 0)
(0.280226 0.598469 0)
(0.330591 0.570088 0)
(0.378433 0.536125 0)
(0.423282 0.498673 0)
(0.464929 0.459566 0)
(0.503375 0.420284 0)
(0.538768 0.381938 0)
(0.571348 0.345295 0)
(0.601398 0.310832 0)
(0.629209 0.278795 0)
(0.655061 0.249261 0)
(0.679208 0.222187 0)
(0.70187 0.197454 0)
(0.723238 0.174893 0)
(0.743473 0.154311 0)
(0.762706 0.135504 0)
(0.78105 0.11827 0)
(0.798594 0.102409 0)
(0.815418 0.0877327 0)
(0.831586 0.0740617 0)
(0.847159 0.0612282 0)
(0.862189 0.0490765 0)
(0.876728 0.0374637 0)
(0.890832 0.0262604 0)
(0.904569 0.0153509 0)
(0.918026 0.00463111 0)
(0.931321 -0.00598692 0)
(0.944563 -0.0165691 0)
(0.957853 -0.0271446 0)
(0.971245 -0.0376901 0)
(0.984691 -0.0481037 0)
(0.998012 -0.058187 0)
(1.01089 -0.0676456 0)
(1.02291 -0.0761136 0)
(1.03362 -0.0831951 0)
(1.04259 -0.0885127 0)
(1.0495 -0.0917479 0)
(1.05414 -0.0926675 0)
(1.05639 -0.0911352 0)
(1.05625 -0.0871114 0)
(1.05373 -0.0806485 0)
(1.04884 -0.0718864 0)
(1.04161 -0.0610525 0)
(1.03199 -0.048463 0)
(1.0199 -0.0345145 0)
(1.00522 -0.0196616 0)
(0.987739 -0.00442828 0)
(0.96726 0.0107107 0)
(0.943686 0.0253576 0)
(0.916905 0.0393232 0)
(0.886857 0.0526803 0)
(0.853663 0.0655004 0)
(0.817767 0.0772058 0)
(0.780028 0.0857344 0)
(0.74155 0.0870216 0)
(0.703263 0.075415 0)
(0.665327 0.0452771 0)
(0.626597 -0.00681955 0)
(0.585274 -0.080218 0)
(0.539624 -0.16999 0)
(0.489478 -0.267995 0)
(0.436723 -0.36444 0)
(0.3847 -0.449458 0)
(0.336716 -0.514878 0)
(0.294457 -0.55623 0)
(0.257373 -0.573956 0)
(0.223477 -0.572519 0)
(0.190851 -0.557772 0)
(0.158673 -0.534489 0)
(0.127126 -0.505322 0)
(0.0968098 -0.471447 0)
(0.0682991 -0.433552 0)
(0.042059 -0.392237 0)
(0.0184078 -0.348255 0)
(-0.00246728 -0.30241 0)
(-0.0204596 -0.255371 0)
(-0.0356635 -0.207451 0)
(-0.0483572 -0.159052 0)
(-0.0585413 -0.111511 0)
(1.73262 -0.0291406 0)
(1.73354 -0.0324426 0)
(1.73409 -0.0362452 0)
(1.7342 -0.040565 0)
(1.73379 -0.0454166 0)
(1.73273 -0.0507948 0)
(1.73091 -0.0566661 0)
(1.72821 -0.062965 0)
(1.72452 -0.0695936 0)
(1.71973 -0.0764211 0)
(1.71377 -0.083287 0)
(1.70659 -0.0900069 0)
(1.69818 -0.09638 0)
(1.68855 -0.102199 0)
(1.67776 -0.107258 0)
(1.66592 -0.111365 0)
(1.65314 -0.114347 0)
(1.6396 -0.116059 0)
(1.62548 -0.116392 0)
(1.61096 -0.115274 0)
(1.59628 -0.112673 0)
(1.58165 -0.108598 0)
(1.56729 -0.103101 0)
(1.55342 -0.0962672 0)
(1.54027 -0.08822 0)
(1.52803 -0.079111 0)
(1.5169 -0.0691186 0)
(1.50707 -0.0584432 0)
(1.49869 -0.0473043 0)
(1.49191 -0.0359366 0)
(1.48683 -0.0245868 0)
(1.48355 -0.0135121 0)
(1.48213 -0.00297859 0)
(1.48259 0.00674555 0)
(1.48495 0.0153987 0)
(1.48915 0.0227279 0)
(1.49512 0.0284894 0)
(1.50275 0.0324567 0)
(1.51187 0.0344254 0)
(1.52231 0.0342196 0)
(1.53383 0.0316958 0)
(1.54619 0.0267458 0)
(1.5591 0.0192991 0)
(1.57229 0.00932696 0)
(1.58548 -0.00316162 0)
(1.5984 -0.0181327 0)
(1.61077 -0.0354887 0)
(1.62233 -0.0550864 0)
(1.63284 -0.0767483 0)
(1.64208 -0.100263 0)
(1.64987 -0.125394 0)
(1.65605 -0.15188 0)
(1.66051 -0.179456 0)
(1.66327 -0.20787 0)
(1.6645 -0.236931 0)
(1.66464 -0.266569 0)
(1.66438 -0.296895 0)
(1.66455 -0.328168 0)
(1.6656 -0.360567 0)
(1.66692 -0.393755 0)
(1.66625 -0.426386 0)
(1.65942 -0.455691 0)
(1.64077 -0.477422 0)
(1.6044 -0.486657 0)
(1.54605 -0.479263 0)
(1.46452 -0.453009 0)
(1.3613 -0.408198 0)
(1.239 -0.34774 0)
(1.09884 -0.27331 0)
(0.9355 -0.179854 0)
(0.738489 -0.0723946 0)
(0.525542 -0.0116344 0)
(0.366343 -0.108075 0)
(0.283839 -0.357344 0)
(0.226123 -0.619559 0)
(0.174394 -0.799418 0)
(0.124954 -0.885688 0)
(0.0732686 -0.905734 0)
(0.0175703 -0.885978 0)
(-0.0395596 -0.839025 0)
(-0.0946418 -0.771129 0)
(-0.14542 -0.687467 0)
(-0.190891 -0.593296 0)
(-0.230594 -0.4927 0)
(-0.264344 -0.389417 0)
(-0.292257 -0.285744 0)
(-0.313778 -0.182795 0)
(-0.328659 -0.0815083 0)
(-0.335549 0.0170639 0)
(-0.334851 0.111694 0)
(-0.324978 0.200771 0)
(-0.306087 0.282795 0)
(-0.278814 0.356509 0)
(-0.24409 0.421032 0)
(-0.202796 0.475814 0)
(-0.155649 0.520407 0)
(-0.103342 0.554251 0)
(-0.0468326 0.57692 0)
(0.0127107 0.587911 0)
(0.0738373 0.587627 0)
(0.135172 0.577003 0)
(0.195446 0.557454 0)
(0.253578 0.530829 0)
(0.308758 0.499099 0)
(0.360476 0.464144 0)
(0.408494 0.427617 0)
(0.452797 0.390858 0)
(0.493532 0.354887 0)
(0.530946 0.320417 0)
(0.565343 0.287901 0)
(0.597043 0.257586 0)
(0.62636 0.229562 0)
(0.653584 0.203808 0)
(0.678976 0.180226 0)
(0.702764 0.158673 0)
(0.725142 0.138977 0)
(0.746277 0.120955 0)
(0.766308 0.10442 0)
(0.785351 0.0891865 0)
(0.803503 0.0750767 0)
(0.820844 0.0619199 0)
(0.837444 0.0495547 0)
(0.853364 0.0378287 0)
(0.868668 0.0265975 0)
(0.883435 0.0157211 0)
(0.897767 0.00506488 0)
(0.911761 -0.00548723 0)
(0.925488 -0.0160266 0)
(0.938969 -0.0265977 0)
(0.952142 -0.0371783 0)
(0.964824 -0.0476563 0)
(0.976708 -0.0578194 0)
(0.987395 -0.0673672 0)
(0.996459 -0.0759443 0)
(1.00353 -0.0831848 0)
(1.00836 -0.0887531 0)
(1.01086 -0.0923727 0)
(1.01109 -0.0938365 0)
(1.00921 -0.0930057 0)
(1.00544 -0.0898041 0)
(0.999999 -0.0842132 0)
(0.993051 -0.0762746 0)
(0.984709 -0.0660955 0)
(0.975014 -0.0538586 0)
(0.963931 -0.0398277 0)
(0.95135 -0.0243403 0)
(0.937051 -0.00780742 0)
(0.920839 0.00925931 0)
(0.902533 0.0263664 0)
(0.88196 0.0430763 0)
(0.858944 0.0591745 0)
(0.833424 0.0746423 0)
(0.805579 0.089335 0)
(0.775956 0.102382 0)
(0.745473 0.111497 0)
(0.715138 0.112689 0)
(0.685471 0.100844 0)
(0.655792 0.0712182 0)
(0.623931 0.0212131 0)
(0.586714 -0.0484725 0)
(0.541644 -0.133698 0)
(0.488078 -0.227868 0)
(0.428183 -0.322697 0)
(0.366377 -0.40903 0)
(0.307709 -0.47815 0)
(0.255703 -0.524027 0)
(0.210952 -0.545473 0)
(0.171484 -0.546188 0)
(0.134604 -0.53232 0)
(0.0986622 -0.509513 0)
(0.063402 -0.481041 0)
(0.0293022 -0.448278 0)
(-0.00297844 -0.411873 0)
(-0.0328653 -0.372388 0)
(-0.0599965 -0.330499 0)
(-0.0841008 -0.286885 0)
(-0.10498 -0.242028 0)
(-0.122718 -0.196132 0)
(-0.137654 -0.149675 0)
(-0.149558 -0.104327 0)
(1.73258 -0.0298053 0)
(1.73321 -0.0328745 0)
(1.73344 -0.0363841 0)
(1.73323 -0.0403444 0)
(1.73248 -0.0447651 0)
(1.73111 -0.0496355 0)
(1.72902 -0.0549182 0)
(1.72611 -0.060549 0)
(1.72228 -0.0664376 0)
(1.71747 -0.0724666 0)
(1.7116 -0.0784933 0)
(1.70465 -0.0843546 0)
(1.69659 -0.089874 0)
(1.68746 -0.094869 0)
(1.67731 -0.0991596 0)
(1.66622 -0.102576 0)
(1.65431 -0.104967 0)
(1.64171 -0.106206 0)
(1.62858 -0.106197 0)
(1.61511 -0.10488 0)
(1.60147 -0.102231 0)
(1.58787 -0.0982625 0)
(1.5745 -0.0930261 0)
(1.56155 -0.0866073 0)
(1.54923 -0.0791231 0)
(1.53771 -0.070719 0)
(1.52717 -0.0615636 0)
(1.51777 -0.0518457 0)
(1.50965 -0.0417705 0)
(1.50295 -0.0315577 0)
(1.49777 -0.0214362 0)
(1.4942 -0.0116428 0)
(1.49229 -0.00242283 0)
(1.49208 0.0059757 0)
(1.49357 0.0133162 0)
(1.49673 0.0193731 0)
(1.50149 0.0239298 0)
(1.50775 0.0267863 0)
(1.51538 0.0277645 0)
(1.5242 0.0267127 0)
(1.53403 0.0235093 0)
(1.54463 0.0180634 0)
(1.55576 0.0103158 0)
(1.56716 0.000241627 0)
(1.57859 -0.0121628 0)
(1.5898 -0.0268564 0)
(1.60055 -0.0437435 0)
(1.61059 -0.0626971 0)
(1.61972 -0.0835526 0)
(1.62777 -0.106116 0)
(1.63459 -0.130176 0)
(1.64013 -0.155524 0)
(1.64448 -0.181984 0)
(1.64786 -0.209452 0)
(1.65066 -0.237922 0)
(1.65331 -0.267484 0)
(1.65602 -0.298224 0)
(1.65828 -0.329991 0)
(1.65837 -0.362042 0)
(1.65311 -0.392781 0)
(1.63818 -0.419655 0)
(1.60881 -0.439172 0)
(1.56085 -0.447285 0)
(1.49221 -0.440512 0)
(1.40423 -0.417057 0)
(1.30121 -0.376763 0)
(1.18785 -0.320626 0)
(1.06648 -0.249722 0)
(0.934744 -0.161202 0)
(0.780621 -0.0491189 0)
(0.594155 0.0713687 0)
(0.409494 0.112496 0)
(0.287482 -0.0310213 0)
(0.210609 -0.305824 0)
(0.135595 -0.57457 0)
(0.0657862 -0.757566 0)
(0.00461498 -0.845103 0)
(-0.0547704 -0.863424 0)
(-0.116808 -0.841544 0)
(-0.180737 -0.794628 0)
(-0.243067 -0.729165 0)
(-0.300871 -0.649479 0)
(-0.35251 -0.559893 0)
(-0.397137 -0.464263 0)
(-0.434265 -0.365903 0)
(-0.463837 -0.26716 0)
(-0.485258 -0.169551 0)
(-0.498705 -0.0741483 0)
(-0.502965 0.0179788 0)
(-0.498403 0.105831 0)
(-0.484032 0.188091 0)
(-0.460082 0.263601 0)
(-0.42716 0.331323 0)
(-0.386097 0.390468 0)
(-0.337746 0.440441 0)
(-0.282948 0.480711 0)
(-0.222668 0.510807 0)
(-0.157983 0.530571 0)
(-0.0902229 0.539983 0)
(-0.0209961 0.539281 0)
(0.0481029 0.529022 0)
(0.115767 0.510801 0)
(0.180924 0.486226 0)
(0.242742 0.457045 0)
(0.30069 0.424923 0)
(0.354515 0.391322 0)
(0.404193 0.35744 0)
(0.449865 0.324195 0)
(0.491787 0.292238 0)
(0.530273 0.261996 0)
(0.565665 0.23371 0)
(0.598301 0.20748 0)
(0.628501 0.183303 0)
(0.656556 0.161106 0)
(0.682723 0.140768 0)
(0.707227 0.122144 0)
(0.730257 0.105071 0)
(0.751972 0.0893808 0)
(0.772503 0.074908 0)
(0.791954 0.061489 0)
(0.810408 0.0489658 0)
(0.827937 0.0371847 0)
(0.844615 0.0259923 0)
(0.860526 0.01523 0)
(0.875759 0.00474289 0)
(0.890339 -0.00558942 0)
(0.904231 -0.0158562 0)
(0.917318 -0.026092 0)
(0.929384 -0.0362606 0)
(0.940114 -0.0462425 0)
(0.949118 -0.0558361 0)
(0.956003 -0.0647795 0)
(0.960443 -0.0727857 0)
(0.96226 -0.0795797 0)
(0.961468 -0.0849247 0)
(0.958267 -0.0886299 0)
(0.953004 -0.0905425 0)
(0.946095 -0.0905333 0)
(0.937953 -0.0884874 0)
(0.928927 -0.0843054 0)
(0.919276 -0.0779168 0)
(0.909158 -0.0692987 0)
(0.898648 -0.0584928 0)
(0.887747 -0.0456197 0)
(0.876396 -0.0308808 0)
(0.864466 -0.0145649 0)
(0.851779 0.00293124 0)
(0.838154 0.0211337 0)
(0.823416 0.0395144 0)
(0.807347 0.0576414 0)
(0.789762 0.0752612 0)
(0.770617 0.0921997 0)
(0.750158 0.108056 0)
(0.72901 0.121684 0)
(0.708075 0.130686 0)
(0.688124 0.13133 0)
(0.669128 0.119248 0)
(0.649671 0.090824 0)
(0.626736 0.0444752 0)
(0.595947 -0.0191518 0)
(0.553857 -0.0969478 0)
(0.499007 -0.184202 0)
(0.433259 -0.274695 0)
(0.36159 -0.360621 0)
(0.290703 -0.433153 0)
(0.226504 -0.4846 0)
(0.17166 -0.511468 0)
(0.124964 -0.515876 0)
(0.0831109 -0.503782 0)
(0.0432701 -0.481791 0)
(0.00435192 -0.454033 0)
(-0.0334243 -0.422316 0)
(-0.0694289 -0.387468 0)
(-0.103021 -0.349958 0)
(-0.133739 -0.310299 0)
(-0.161207 -0.269049 0)
(-0.185057 -0.2266 0)
(-0.205192 -0.183139 0)
(-0.222067 -0.139266 0)
(-0.235573 -0.0966912 0)
(1.73313 -0.0302028 0)
(1.7335 -0.0330154 0)
(1.73346 -0.0362124 0)
(1.73296 -0.0398021 0)
(1.73194 -0.0437966 0)
(1.7303 -0.0481836 0)
(1.72798 -0.0529215 0)
(1.72489 -0.0579458 0)
(1.72096 -0.0631712 0)
(1.71613 -0.06849 0)
(1.71035 -0.0737738 0)
(1.70359 -0.078877 0)
(1.69585 -0.0836432 0)
(1.68716 -0.0879117 0)
(1.67757 -0.0915236 0)
(1.66717 -0.09433 0)
(1.65605 -0.0961982 0)
(1.64435 -0.0970179 0)
(1.6322 -0.0967066 0)
(1.61977 -0.0952127 0)
(1.60721 -0.0925184 0)
(1.59469 -0.0886404 0)
(1.58236 -0.0836296 0)
(1.5704 -0.0775698 0)
(1.55895 -0.0705743 0)
(1.54818 -0.0627832 0)
(1.53823 -0.054358 0)
(1.52924 -0.0454778 0)
(1.52134 -0.0363373 0)
(1.51466 -0.0271435 0)
(1.50929 -0.0181092 0)
(1.50533 -0.00945206 0)
(1.50283 -0.00140176 0)
(1.50184 0.0058106 0)
(1.50239 0.0119716 0)
(1.50444 0.0168801 0)
(1.50796 0.0203444 0)
(1.51285 0.022189 0)
(1.519 0.0222591 0)
(1.52627 0.0204259 0)
(1.53448 0.0165901 0)
(1.54342 0.0106789 0)
(1.55287 0.00264332 0)
(1.56261 -0.00754972 0)
(1.57243 -0.0199027 0)
(1.58209 -0.034367 0)
(1.5914 -0.0508621 0)
(1.60018 -0.0692743 0)
(1.60829 -0.0894637 0)
(1.61567 -0.111279 0)
(1.6223 -0.134578 0)
(1.62829 -0.159249 0)
(1.63376 -0.185224 0)
(1.63879 -0.212469 0)
(1.64326 -0.240925 0)
(1.64652 -0.270383 0)
(1.64706 -0.300278 0)
(1.64224 -0.329484 0)
(1.62836 -0.356247 0)
(1.60125 -0.378359 0)
(1.55723 -0.393338 0)
(1.49389 -0.398505 0)
(1.41105 -0.39152 0)
(1.31214 -0.371418 0)
(1.20414 -0.338665 0)
(1.09449 -0.293588 0)
(0.987373 -0.235098 0)
(0.881568 -0.159622 0)
(0.767885 -0.059568 0)
(0.631549 0.0697757 0)
(0.47309 0.193002 0)
(0.336976 0.205121 0)
(0.254244 0.0319128 0)
(0.176899 -0.247407 0)
(0.0793553 -0.515349 0)
(-0.0164865 -0.703587 0)
(-0.0958308 -0.795175 0)
(-0.165357 -0.81508 0)
(-0.233884 -0.792448 0)
(-0.304111 -0.745442 0)
(-0.373506 -0.682076 0)
(-0.438569 -0.60642 0)
(-0.496898 -0.522036 0)
(-0.54716 -0.432302 0)
(-0.588562 -0.34013 0)
(-0.620785 -0.247729 0)
(-0.643069 -0.15665 0)
(-0.655707 -0.0681482 0)
(-0.657788 0.0166722 0)
(-0.649755 0.0970448 0)
(-0.631106 0.171923 0)
(-0.602174 0.240374 0)
(-0.563605 0.301553 0)
(-0.516235 0.354773 0)
(-0.461001 0.399477 0)
(-0.398932 0.435215 0)
(-0.331203 0.461629 0)
(-0.259132 0.478579 0)
(-0.184195 0.486179 0)
(-0.107872 0.485019 0)
(-0.0318312 0.475777 0)
(0.0423084 0.459126 0)
(0.113602 0.436864 0)
(0.181237 0.410504 0)
(0.244673 0.381493 0)
(0.303651 0.351105 0)
(0.358136 0.32039 0)
(0.408267 0.29016 0)
(0.454297 0.261003 0)
(0.496546 0.233312 0)
(0.535367 0.207317 0)
(0.571115 0.183127 0)
(0.604128 0.160754 0)
(0.634716 0.140149 0)
(0.663156 0.121218 0)
(0.689687 0.103839 0)
(0.714509 0.0878751 0)
(0.737783 0.073185 0)
(0.759636 0.0596247 0)
(0.780166 0.0470507 0)
(0.799454 0.0353163 0)
(0.817576 0.0242652 0)
(0.834604 0.0137308 0)
(0.850562 0.0035662 0)
(0.865327 -0.00631399 0)
(0.878715 -0.0159697 0)
(0.890464 -0.0254118 0)
(0.900245 -0.0345963 0)
(0.907692 -0.0434225 0)
(0.912456 -0.0517423 0)
(0.914271 -0.0593835 0)
(0.913024 -0.0661776 0)
(0.9088 -0.0719824 0)
(0.901897 -0.0766902 0)
(0.892783 -0.0802155 0)
(0.88203 -0.0824702 0)
(0.870219 -0.0833376 0)
(0.857863 -0.082661 0)
(0.845361 -0.0802527 0)
(0.832979 -0.0759215 0)
(0.820874 -0.069509 0)
(0.809114 -0.0609209 0)
(0.79772 -0.0501464 0)
(0.786678 -0.0372684 0)
(0.775948 -0.0224559 0)
(0.765464 -0.00597381 0)
(0.755144 0.0117951 0)
(0.744868 0.0303847 0)
(0.734498 0.049298 0)
(0.723845 0.0681129 0)
(0.712763 0.0864981 0)
(0.701275 0.104104 0)
(0.689697 0.120273 0)
(0.678667 0.133634 0)
(0.668954 0.141802 0)
(0.660977 0.141512 0)
(0.65414 0.129344 0)
(0.64631 0.102832 0)
(0.633761 0.0613107 0)
(0.611751 0.00583854 0)
(0.575589 -0.0617374 0)
(0.522772 -0.138685 0)
(0.454065 -0.221303 0)
(0.37403 -0.303907 0)
(0.290322 -0.378436 0)
(0.211343 -0.435932 0)
(0.142907 -0.47011 0)
(0.0859592 -0.480416 0)
(0.0373669 -0.471661 0)
(-0.00706006 -0.45114 0)
(-0.0496925 -0.424291 0)
(-0.0909848 -0.393686 0)
(-0.130527 -0.36038 0)
(-0.167663 -0.324858 0)
(-0.20182 -0.287543 0)
(-0.232444 -0.248901 0)
(-0.258944 -0.209243 0)
(-0.281165 -0.168697 0)
(-0.299853 -0.127824 0)
(-0.315081 -0.0881673 0)
(1.73437 -0.0306807 0)
(1.73451 -0.0332404 0)
(1.73421 -0.0361207 0)
(1.73345 -0.0393294 0)
(1.73215 -0.0428836 0)
(1.73026 -0.0467736 0)
(1.72773 -0.0509613 0)
(1.72448 -0.0553883 0)
(1.72047 -0.0599767 0)
(1.71564 -0.0646278 0)
(1.70998 -0.0692249 0)
(1.70348 -0.0736381 0)
(1.69615 -0.0777289 0)
(1.68803 -0.0813551 0)
(1.67919 -0.0843768 0)
(1.6697 -0.0866619 0)
(1.65967 -0.0880924 0)
(1.64919 -0.0885693 0)
(1.63839 -0.0880173 0)
(1.62737 -0.086389 0)
(1.61625 -0.0836677 0)
(1.60514 -0.0798693 0)
(1.59416 -0.075043 0)
(1.5834 -0.0692709 0)
(1.573 -0.062665 0)
(1.56306 -0.0553643 0)
(1.55371 -0.0475281 0)
(1.54509 -0.0393315 0)
(1.5373 -0.0309645 0)
(1.53047 -0.0226285 0)
(1.52471 -0.0145274 0)
(1.52011 -0.00686611 0)
(1.51677 0.000140366 0)
(1.51478 0.0062821 0)
(1.51415 0.0113703 0)
(1.51489 0.0152272 0)
(1.51697 0.0176847 0)
(1.52033 0.0185906 0)
(1.52488 0.0178112 0)
(1.5305 0.0152388 0)
(1.53703 0.0107968 0)
(1.5443 0.00443058 0)
(1.55212 -0.00390731 0)
(1.56031 -0.0142529 0)
(1.56868 -0.0266032 0)
(1.57707 -0.0409267 0)
(1.58535 -0.0571676 0)
(1.59342 -0.0752475 0)
(1.6012 -0.0950737 0)
(1.60865 -0.116546 0)
(1.61567 -0.139558 0)
(1.62204 -0.163985 0)
(1.62729 -0.189651 0)
(1.63055 -0.216258 0)
(1.63037 -0.243272 0)
(1.62451 -0.269799 0)
(1.60999 -0.294481 0)
(1.58328 -0.315564 0)
(1.54093 -0.331208 0)
(1.48047 -0.339828 0)
(1.40095 -0.340138 0)
(1.30359 -0.33121 0)
(1.19291 -0.313236 0)
(1.07767 -0.287894 0)
(0.968163 -0.256371 0)
(0.870413 -0.21649 0)
(0.78364 -0.16215 0)
(0.701406 -0.0841803 0)
(0.611075 0.0270555 0)
(0.501239 0.167888 0)
(0.386744 0.282301 0)
(0.308768 0.266801 0)
(0.26553 0.0850196 0)
(0.192053 -0.17898 0)
(0.0715719 -0.436508 0)
(-0.0592137 -0.629926 0)
(-0.167655 -0.733417 0)
(-0.254198 -0.760006 0)
(-0.331332 -0.738463 0)
(-0.407407 -0.691334 0)
(-0.483057 -0.629723 0)
(-0.555119 -0.558171 0)
(-0.620372 -0.479526 0)
(-0.676725 -0.396485 0)
(-0.722923 -0.311538 0)
(-0.758359 -0.226697 0)
(-0.782203 -0.143422 0)
(-0.794722 -0.0629738 0)
(-0.795286 0.0135875 0)
(-0.78439 0.0856972 0)
(-0.761928 0.152524 0)
(-0.728394 0.21333 0)
(-0.684545 0.267447 0)
(-0.631328 0.314307 0)
(-0.569831 0.353438 0)
(-0.501267 0.384473 0)
(-0.426993 0.407162 0)
(-0.348508 0.421478 0)
(-0.267401 0.427609 0)
(-0.185325 0.426044 0)
(-0.103712 0.417631 0)
(-0.0240183 0.403152 0)
(0.052389 0.383424 0)
(0.124923 0.360092 0)
(0.193029 0.334405 0)
(0.256437 0.307446 0)
(0.315101 0.28012 0)
(0.369148 0.253133 0)
(0.418822 0.227005 0)
(0.464442 0.202089 0)
(0.506359 0.178605 0)
(0.544931 0.156664 0)
(0.580502 0.136296 0)
(0.613385 0.117475 0)
(0.643854 0.100134 0)
(0.672139 0.0841816 0)
(0.698427 0.0695134 0)
(0.722857 0.0560175 0)
(0.745537 0.0435748 0)
(0.766546 0.0320525 0)
(0.785941 0.0213029 0)
(0.803733 0.0111822 0)
(0.819797 0.00160052 0)
(0.833843 -0.00746821 0)
(0.845585 -0.0160502 0)
(0.854706 -0.0241496 0)
(0.860897 -0.0317486 0)
(0.863894 -0.0388069 0)
(0.863525 -0.0452721 0)
(0.85976 -0.0510949 0)
(0.85275 -0.0562457 0)
(0.842839 -0.0607224 0)
(0.830548 -0.064542 0)
(0.816507 -0.0677147 0)
(0.801377 -0.070207 0)
(0.785758 -0.0719105 0)
(0.770137 -0.0726301 0)
(0.754859 -0.0721 0)
(0.740145 -0.0700232 0)
(0.726122 -0.066121 0)
(0.712867 -0.0601769 0)
(0.700432 -0.0520664 0)
(0.688863 -0.0417634 0)
(0.678211 -0.0293493 0)
(0.668534 -0.0149963 0)
(0.659875 0.00103991 0)
(0.652255 0.0183912 0)
(0.645676 0.0366251 0)
(0.640068 0.0552865 0)
(0.635326 0.0739507 0)
(0.631394 0.0922031 0)
(0.628379 0.109518 0)
(0.626641 0.12502 0)
(0.626743 0.137218 0)
(0.629186 0.143897 0)
(0.633921 0.142385 0)
(0.639785 0.130265 0)
(0.644165 0.106256 0)
(0.643047 0.0706063 0)
(0.631492 0.0246089 0)
(0.604265 -0.0306177 0)
(0.557716 -0.0941288 0)
(0.490849 -0.164828 0)
(0.40654 -0.239846 0)
(0.311869 -0.313125 0)
(0.216801 -0.375649 0)
(0.130784 -0.418592 0)
(0.0587545 -0.437628 0)
(-0.000279973 -0.434671 0)
(-0.0513315 -0.417156 0)
(-0.0983554 -0.391895 0)
(-0.143095 -0.362522 0)
(-0.185842 -0.330751 0)
(-0.22613 -0.297268 0)
(-0.263338 -0.262455 0)
(-0.296743 -0.226687 0)
(-0.325582 -0.190173 0)
(-0.349727 -0.15289 0)
(-0.370255 -0.115178 0)
(-0.387396 -0.0783843 0)
(1.73629 -0.0303324 0)
(1.73624 -0.032647 0)
(1.73577 -0.0352484 0)
(1.73483 -0.0381557 0)
(1.73339 -0.0413715 0)
(1.7314 -0.0448662 0)
(1.72885 -0.0485996 0)
(1.72569 -0.0525257 0)
(1.72191 -0.0565814 0)
(1.71748 -0.0606817 0)
(1.71241 -0.0647247 0)
(1.70672 -0.068596 0)
(1.70041 -0.0721727 0)
(1.69353 -0.0753266 0)
(1.68613 -0.0779288 0)
(1.67825 -0.0798554 0)
(1.66995 -0.0809925 0)
(1.66127 -0.0812421 0)
(1.65226 -0.0805275 0)
(1.64298 -0.0787986 0)
(1.63348 -0.0760362 0)
(1.62381 -0.0722557 0)
(1.61405 -0.0675083 0)
(1.60429 -0.0618805 0)
(1.59462 -0.0554914 0)
(1.58517 -0.0484873 0)
(1.57606 -0.0410327 0)
(1.56743 -0.0333045 0)
(1.55942 -0.0254911 0)
(1.55215 -0.0177894 0)
(1.54572 -0.0104037 0)
(1.54028 -0.00354124 0)
(1.53595 0.00258625 0)
(1.53279 0.00779544 0)
(1.53085 0.0119258 0)
(1.53015 0.0148226 0)
(1.53068 0.0163417 0)
(1.5324 0.0163519 0)
(1.53524 0.0147418 0)
(1.53911 0.0114336 0)
(1.54388 0.00636975 0)
(1.54944 -0.00049994 0)
(1.55564 -0.00922635 0)
(1.56233 -0.0198409 0)
(1.56934 -0.0323517 0)
(1.5765 -0.0467476 0)
(1.58366 -0.0629909 0)
(1.59058 -0.0810091 0)
(1.59695 -0.100684 0)
(1.6023 -0.121837 0)
(1.60592 -0.14421 0)
(1.60678 -0.167433 0)
(1.60345 -0.190982 0)
(1.59403 -0.214116 0)
(1.57619 -0.235809 0)
(1.54726 -0.254731 0)
(1.50456 -0.269329 0)
(1.44586 -0.278113 0)
(1.36999 -0.280071 0)
(1.27723 -0.274847 0)
(1.1695 -0.262684 0)
(1.05127 -0.244922 0)
(0.931356 -0.224778 0)
(0.821866 -0.205496 0)
(0.731291 -0.185579 0)
(0.658814 -0.156842 0)
(0.597391 -0.107605 0)
(0.537745 -0.0261119 0)
(0.470436 0.0943198 0)
(0.395057 0.235979 0)
(0.335911 0.33154 0)
(0.318665 0.295926 0)
(0.315585 0.126247 0)
(0.258555 -0.102801 0)
(0.126902 -0.333574 0)
(-0.0432617 -0.52895 0)
(-0.195703 -0.650542 0)
(-0.313387 -0.693247 0)
(-0.40683 -0.678874 0)
(-0.49035 -0.633289 0)
(-0.571027 -0.572935 0)
(-0.64867 -0.504909 0)
(-0.720156 -0.432123 0)
(-0.78252 -0.35649 0)
(-0.833763 -0.279816 0)
(-0.872826 -0.203728 0)
(-0.898784 -0.129487 0)
(-0.911814 -0.0582438 0)
(-0.911535 0.0090822 0)
(-0.89849 0.0721184 0)
(-0.87292 0.130226 0)
(-0.835498 0.182843 0)
(-0.787145 0.229458 0)
(-0.728964 0.269627 0)
(-0.662216 0.302986 0)
(-0.588292 0.329265 0)
(-0.508714 0.348313 0)
(-0.425099 0.360158 0)
(-0.33912 0.365027 0)
(-0.252428 0.363381 0)
(-0.166556 0.355899 0)
(-0.0827349 0.343418 0)
(-0.00213945 0.326639 0)
(0.0742779 0.306481 0)
(0.146189 0.28425 0)
(0.213259 0.260867 0)
(0.275423 0.237087 0)
(0.332786 0.213509 0)
(0.385574 0.190583 0)
(0.434086 0.168623 0)
(0.478658 0.147832 0)
(0.519631 0.128326 0)
(0.557323 0.110154 0)
(0.592018 0.0933158 0)
(0.623951 0.0777784 0)
(0.65331 0.0634872 0)
(0.680229 0.0503709 0)
(0.704801 0.0383436 0)
(0.72707 0.0273046 0)
(0.747024 0.0171466 0)
(0.764561 0.0077912 0)
(0.779402 -0.000767227 0)
(0.791223 -0.00851871 0)
(0.799797 -0.0154943 0)
(0.80494 -0.0217377 0)
(0.806535 -0.0272959 0)
(0.804558 -0.0322174 0)
(0.799095 -0.0365573 0)
(0.790371 -0.0403855 0)
(0.778756 -0.0437922 0)
(0.764757 -0.0468854 0)
(0.748974 -0.0497709 0)
(0.732034 -0.0525189 0)
(0.714512 -0.0551247 0)
(0.696876 -0.0574795 0)
(0.67946 -0.0593647 0)
(0.662483 -0.0604738 0)
(0.646083 -0.0604537 0)
(0.630374 -0.0589559 0)
(0.615471 -0.0556817 0)
(0.601515 -0.0504165 0)
(0.588668 -0.0430423 0)
(0.577106 -0.0335497 0)
(0.566992 -0.0220145 0)
(0.558518 -0.00863061 0)
(0.551877 0.0063467 0)
(0.547181 0.0225842 0)
(0.544534 0.0396921 0)
(0.543958 0.057256 0)
(0.545457 0.0748423 0)
(0.549083 0.0919555 0)
(0.555011 0.107928 0)
(0.563567 0.121752 0)
(0.575116 0.131951 0)
(0.589775 0.136618 0)
(0.60698 0.133766 0)
(0.625084 0.121944 0)
(0.641176 0.100822 0)
(0.651294 0.0713744 0)
(0.650884 0.0352915 0)
(0.634973 -0.00649736 0)
(0.599017 -0.0544126 0)
(0.540214 -0.109476 0)
(0.458771 -0.171796 0)
(0.359227 -0.23839 0)
(0.250734 -0.302045 0)
(0.145051 -0.353044 0)
(0.052135 -0.383332 0)
(-0.0236632 -0.389832 0)
(-0.0860545 -0.378398 0)
(-0.140132 -0.356445 0)
(-0.189286 -0.329024 0)
(-0.235211 -0.298989 0)
(-0.278228 -0.267619 0)
(-0.318006 -0.235428 0)
(-0.353827 -0.202715 0)
(-0.384799 -0.169572 0)
(-0.410759 -0.135768 0)
(-0.433038 -0.101282 0)
(-0.452067 -0.0672785 0)
(1.7406 -0.0311344 0)
(1.74076 -0.0330198 0)
(1.74058 -0.0351212 0)
(1.74001 -0.0375737 0)
(1.73906 -0.0403953 0)
(1.7377 -0.0435188 0)
(1.73592 -0.0468779 0)
(1.73368 -0.0504196 0)
(1.73096 -0.0540818 0)
(1.72772 -0.0577848 0)
(1.72394 -0.0614334 0)
(1.71961 -0.06492 0)
(1.71468 -0.0681261 0)
(1.70913 -0.0709257 0)
(1.70294 -0.0731899 0)
(1.69609 -0.0747931 0)
(1.68856 -0.0756196 0)
(1.68036 -0.0755709 0)
(1.67152 -0.0745722 0)
(1.66206 -0.0725794 0)
(1.65208 -0.0695828 0)
(1.64168 -0.0656112 0)
(1.63098 -0.0607314 0)
(1.62015 -0.0550464 0)
(1.60936 -0.0486911 0)
(1.59882 -0.041825 0)
(1.58871 -0.0346194 0)
(1.57922 -0.0272482 0)
(1.57049 -0.0198894 0)
(1.56264 -0.0127318 0)
(1.55578 -0.00597197 0)
(1.55 0.000175759 0)
(1.54529 0.00553034 0)
(1.5417 0.00993453 0)
(1.53924 0.0132381 0)
(1.53788 0.0153039 0)
(1.5376 0.0160065 0)
(1.53833 0.0152276 0)
(1.54 0.0128732 0)
(1.54251 0.00888957 0)
(1.54574 0.00322385 0)
(1.54955 -0.00415944 0)
(1.55373 -0.0132874 0)
(1.55802 -0.0241678 0)
(1.56214 -0.0368033 0)
(1.56573 -0.0511536 0)
(1.5683 -0.0671167 0)
(1.56924 -0.0845141 0)
(1.56778 -0.103075 0)
(1.56292 -0.122426 0)
(1.55343 -0.142072 0)
(1.53778 -0.161376 0)
(1.51419 -0.179535 0)
(1.48069 -0.195579 0)
(1.43535 -0.208392 0)
(1.3766 -0.216788 0)
(1.30361 -0.219688 0)
(1.21658 -0.216427 0)
(1.11687 -0.206986 0)
(1.00681 -0.192036 0)
(0.890055 -0.173458 0)
(0.773596 -0.155601 0)
(0.668825 -0.144372 0)
(0.585696 -0.141028 0)
(0.524045 -0.136753 0)
(0.475577 -0.116999 0)
(0.432594 -0.0687702 0)
(0.389722 0.0170439 0)
(0.345806 0.138992 0)
(0.313038 0.267652 0)
(0.314124 0.337207 0)
(0.353481 0.290937 0)
(0.389223 0.147398 0)
(0.362572 -0.0314656 0)
(0.245605 -0.213783 0)
(0.0524276 -0.392969 0)
(-0.1544 -0.532081 0)
(-0.32339 -0.601968 0)
(-0.45095 -0.607161 0)
(-0.551383 -0.570512 0)
(-0.638992 -0.513482 0)
(-0.720564 -0.448426 0)
(-0.796249 -0.380736 0)
(-0.863389 -0.312469 0)
(-0.91922 -0.244713 0)
(-0.96195 -0.178398 0)
(-0.990366 -0.114321 0)
(-1.00444 -0.0533591 0)
(-1.00399 0.00378597 0)
(-0.989612 0.0569632 0)
(-0.961846 0.105723 0)
(-0.921548 0.149661 0)
(-0.869809 0.188409 0)
(-0.807898 0.221647 0)
(-0.737236 0.249118 0)
(-0.659364 0.270638 0)
(-0.575917 0.286131 0)
(-0.488599 0.295665 0)
(-0.399124 0.299455 0)
(-0.309139 0.297876 0)
(-0.220129 0.29151 0)
(-0.133365 0.281051 0)
(-0.0498197 0.26716 0)
(0.0295624 0.250361 0)
(0.104353 0.231646 0)
(0.174289 0.211915 0)
(0.239227 0.191777 0)
(0.299233 0.171726 0)
(0.354486 0.152139 0)
(0.405237 0.133291 0)
(0.451765 0.115375 0)
(0.494342 0.0985141 0)
(0.53321 0.082783 0)
(0.568564 0.0682156 0)
(0.600548 0.0548157 0)
(0.629251 0.0425633 0)
(0.654711 0.0314219 0)
(0.676908 0.0213494 0)
(0.695761 0.0123145 0)
(0.711128 0.00430882 0)
(0.722779 -0.00263705 0)
(0.730633 -0.00855187 0)
(0.734732 -0.0135251 0)
(0.735183 -0.0176676 0)
(0.732157 -0.0210968 0)
(0.725892 -0.0239349 0)
(0.716694 -0.0263138 0)
(0.704946 -0.0283795 0)
(0.691099 -0.0302914 0)
(0.675652 -0.032212 0)
(0.659105 -0.0342815 0)
(0.641904 -0.0365847 0)
(0.624401 -0.039118 0)
(0.606828 -0.0417714 0)
(0.589317 -0.0443317 0)
(0.571941 -0.0465052 0)
(0.554769 -0.0479534 0)
(0.53791 -0.048332 0)
(0.521541 -0.0473259 0)
(0.505909 -0.0446766 0)
(0.49132 -0.0402054 0)
(0.478105 -0.0338148 0)
(0.466611 -0.0254899 0)
(0.457145 -0.0152961 0)
(0.450045 -0.00346722 0)
(0.445617 0.00979822 0)
(0.444063 0.024204 0)
(0.445562 0.0393953 0)
(0.450237 0.0549875 0)
(0.458195 0.0705359 0)
(0.469558 0.0854909 0)
(0.4845 0.0991132 0)
(0.503207 0.110383 0)
(0.52573 0.117973 0)
(0.551724 0.120383 0)
(0.580128 0.116291 0)
(0.608937 0.105057 0)
(0.635198 0.0871198 0)
(0.655284 0.0639452 0)
(0.665253 0.0373633 0)
(0.661103 0.00848167 0)
(0.638489 -0.0235618 0)
(0.593574 -0.0609916 0)
(0.523977 -0.10624 0)
(0.430376 -0.159611 0)
(0.318082 -0.217219 0)
(0.1974 -0.271043 0)
(0.0810835 -0.311635 0)
(-0.0192692 -0.331026 0)
(-0.101096 -0.330198 0)
(-0.16878 -0.315316 0)
(-0.226486 -0.292231 0)
(-0.277546 -0.265099 0)
(-0.323853 -0.236288 0)
(-0.36612 -0.206869 0)
(-0.404124 -0.177277 0)
(-0.437 -0.147584 0)
(-0.464455 -0.117387 0)
(-0.48803 -0.0861905 0)
(-0.5086 -0.054857 0)
(1.75593 -0.0308654 0)
(1.75705 -0.0328825 0)
(1.75762 -0.0348235 0)
(1.7576 -0.0369736 0)
(1.75705 -0.0394517 0)
(1.75595 -0.0422376 0)
(1.7542 -0.0452757 0)
(1.75168 -0.0484995 0)
(1.74829 -0.0518276 0)
(1.74394 -0.0551644 0)
(1.73853 -0.058404 0)
(1.73197 -0.0614318 0)
(1.72419 -0.0641259 0)
(1.71514 -0.0663622 0)
(1.70481 -0.0680193 0)
(1.6932 -0.0689853 0)
(1.68039 -0.0691641 0)
(1.66648 -0.0684822 0)
(1.65163 -0.0668937 0)
(1.63604 -0.064385 0)
(1.61996 -0.060977 0)
(1.60367 -0.0567255 0)
(1.58747 -0.0517191 0)
(1.57167 -0.0460749 0)
(1.55658 -0.0399343 0)
(1.54247 -0.0334538 0)
(1.52962 -0.0267861 0)
(1.51823 -0.0200708 0)
(1.50844 -0.0134551 0)
(1.50032 -0.00710011 0)
(1.49384 -0.00118967 0)
(1.48887 0.00409225 0)
(1.48534 0.00859756 0)
(1.48316 0.0121787 0)
(1.48217 0.0146966 0)
(1.48223 0.0160308 0)
(1.48313 0.0160631 0)
(1.48469 0.0146879 0)
(1.4867 0.0118408 0)
(1.48899 0.00747138 0)
(1.49128 0.00154759 0)
(1.49316 -0.00594247 0)
(1.4942 -0.0149707 0)
(1.49393 -0.0254841 0)
(1.49181 -0.0373938 0)
(1.48725 -0.0505708 0)
(1.47961 -0.0648197 0)
(1.46814 -0.07986 0)
(1.45194 -0.0953052 0)
(1.42995 -0.11064 0)
(1.4009 -0.125208 0)
(1.36338 -0.13822 0)
(1.31597 -0.14881 0)
(1.25754 -0.156126 0)
(1.18755 -0.159426 0)
(1.1064 -0.158152 0)
(1.01553 -0.152014 0)
(0.917402 -0.141086 0)
(0.814906 -0.125873 0)
(0.711068 -0.107802 0)
(0.610187 -0.0908769 0)
(0.520084 -0.0824867 0)
(0.448769 -0.0876765 0)
(0.395686 -0.10026 0)
(0.352791 -0.104777 0)
(0.314348 -0.0865996 0)
(0.279799 -0.0368463 0)
(0.251718 0.0474651 0)
(0.237601 0.156782 0)
(0.252859 0.258594 0)
(0.309827 0.299809 0)
(0.394968 0.250146 0)
(0.464649 0.138946 0)
(0.474602 0.0160185 0)
(0.398225 -0.103293 0)
(0.227021 -0.233442 0)
(-0.0120778 -0.370133 0)
(-0.245523 -0.467128 0)
(-0.432893 -0.504636 0)
(-0.574568 -0.491554 0)
(-0.683706 -0.447865 0)
(-0.773937 -0.389865 0)
(-0.852952 -0.327751 0)
(-0.92247 -0.266311 0)
(-0.981 -0.207268 0)
(-1.02645 -0.151115 0)
(-1.0571 -0.0979858 0)
(-1.07247 -0.0481929 0)
(-1.07244 -0.00205958 0)
(-1.05756 0.0405731 0)
(-1.0286 0.0794663 0)
(-0.986589 0.114341 0)
(-0.932753 0.144966 0)
(-0.8685 0.171138 0)
(-0.795375 0.192693 0)
(-0.715024 0.209521 0)
(-0.629165 0.221587 0)
(-0.539543 0.228958 0)
(-0.447885 0.231812 0)
(-0.355814 0.230448 0)
(-0.26479 0.225297 0)
(-0.17609 0.216886 0)
(-0.0906521 0.205782 0)
(-0.00927077 0.192406 0)
(0.0674514 0.17723 0)
(0.139361 0.161168 0)
(0.206166 0.144735 0)
(0.267823 0.128316 0)
(0.324395 0.112224 0)
(0.376009 0.0967028 0)
(0.422806 0.0819394 0)
(0.464917 0.0680777 0)
(0.502446 0.0552228 0)
(0.535462 0.0434486 0)
(0.564007 0.032804 0)
(0.588105 0.0233195 0)
(0.607783 0.0150107 0)
(0.623088 0.00788149 0)
(0.634105 0.00192195 0)
(0.640982 -0.00291744 0)
(0.644057 -0.0067553 0)
(0.643704 -0.00973466 0)
(0.640303 -0.0120016 0)
(0.634239 -0.0136964 0)
(0.625889 -0.0149614 0)
(0.615631 -0.015946 0)
(0.603835 -0.0168087 0)
(0.590861 -0.0177121 0)
(0.577027 -0.0188094 0)
(0.562591 -0.0202233 0)
(0.547723 -0.022022 0)
(0.532503 -0.0241994 0)
(0.516936 -0.0266675 0)
(0.500995 -0.0292605 0)
(0.484659 -0.0317501 0)
(0.467964 -0.0338687 0)
(0.451031 -0.0353335 0)
(0.434074 -0.0358668 0)
(0.417405 -0.0352166 0)
(0.401424 -0.0331864 0)
(0.386575 -0.0296308 0)
(0.373358 -0.0244579 0)
(0.362275 -0.0176445 0)
(0.353735 -0.00930741 0)
(0.348275 0.000409891 0)
(0.346308 0.0113198 0)
(0.34808 0.0231693 0)
(0.353853 0.0356474 0)
(0.363842 0.048396 0)
(0.378211 0.0609805 0)
(0.397088 0.0728517 0)
(0.420542 0.0832944 0)
(0.448517 0.0913948 0)
(0.480676 0.0960815 0)
(0.516196 0.0962984 0)
(0.553568 0.0913221 0)
(0.590518 0.0811283 0)
(0.624149 0.0666052 0)
(0.651294 0.0494179 0)
(0.668909 0.03143 0)
(0.674224 0.0137735 0)
(0.664451 -0.00415725 0)
(0.636266 -0.0247998 0)
(0.586158 -0.0515405 0)
(0.511413 -0.0869547 0)
(0.411875 -0.130573 0)
(0.292105 -0.17786 0)
(0.162204 -0.22112 0)
(0.0354597 -0.251899 0)
(-0.0744048 -0.264263 0)
(-0.165916 -0.261155 0)
(-0.241641 -0.246972 0)
(-0.304872 -0.226142 0)
(-0.358804 -0.201903 0)
(-0.405786 -0.176187 0)
(-0.446913 -0.150017 0)
(-0.481968 -0.123871 0)
(-0.510692 -0.0975215 0)
(-0.534888 -0.0699779 0)
(-0.556471 -0.0414109 0)
(1.7709 -0.0322621 0)
(1.76804 -0.0341894 0)
(1.76375 -0.0361614 0)
(1.75788 -0.038135 0)
(1.75058 -0.0401154 0)
(1.74191 -0.0421491 0)
(1.73179 -0.0442622 0)
(1.72015 -0.0464299 0)
(1.70691 -0.048594 0)
(1.69203 -0.0506825 0)
(1.67548 -0.0526153 0)
(1.65725 -0.0543041 0)
(1.63739 -0.0556558 0)
(1.61598 -0.0565779 0)
(1.59316 -0.0569851 0)
(1.56912 -0.056804 0)
(1.5441 -0.0559792 0)
(1.5184 -0.054477 0)
(1.49238 -0.0522887 0)
(1.46639 -0.0494323 0)
(1.44085 -0.0459522 0)
(1.41617 -0.0419174 0)
(1.39273 -0.0374182 0)
(1.37092 -0.0325611 0)
(1.35107 -0.0274707 0)
(1.33347 -0.022282 0)
(1.31835 -0.0170996 0)
(1.30589 -0.0119872 0)
(1.2962 -0.00701 0)
(1.28914 -0.00222571 0)
(1.28451 0.00223819 0)
(1.28213 0.00622935 0)
(1.28177 0.00959004 0)
(1.28309 0.0121808 0)
(1.28575 0.0138898 0)
(1.28935 0.0146283 0)
(1.29346 0.0142906 0)
(1.29764 0.0127218 0)
(1.30149 0.00982371 0)
(1.30462 0.00568815 0)
(1.30641 0.000481589 0)
(1.3063 -0.00579234 0)
(1.3038 -0.0131954 0)
(1.29843 -0.0217279 0)
(1.2897 -0.0313097 0)
(1.27703 -0.0417867 0)
(1.25976 -0.0528983 0)
(1.23707 -0.0642499 0)
(1.208 -0.0753005 0)
(1.1715 -0.0853752 0)
(1.12657 -0.0937189 0)
(1.07249 -0.0995927 0)
(1.00904 -0.102406 0)
(0.93673 -0.10184 0)
(0.856966 -0.0979117 0)
(0.772099 -0.0909119 0)
(0.685322 -0.0812208 0)
(0.60007 -0.0690661 0)
(0.519243 -0.0548468 0)
(0.445514 -0.0409515 0)
(0.382405 -0.0334027 0)
(0.332034 -0.038239 0)
(0.290265 -0.0539372 0)
(0.249659 -0.0700377 0)
(0.207761 -0.0737482 0)
(0.168532 -0.0555283 0)
(0.139727 -0.0106235 0)
(0.131292 0.0591331 0)
(0.151374 0.142474 0)
(0.211245 0.210755 0)
(0.310965 0.227193 0)
(0.425659 0.180169 0)
(0.516713 0.0998027 0)
(0.556275 0.0262773 0)
(0.529366 -0.0314938 0)
(0.42215 -0.0960141 0)
(0.225702 -0.187836 0)
(-0.0349078 -0.287654 0)
(-0.289632 -0.352786 0)
(-0.501954 -0.372722 0)
(-0.666863 -0.356876 0)
(-0.791917 -0.318467 0)
(-0.888221 -0.269682 0)
(-0.964382 -0.218603 0)
(-1.02487 -0.169377 0)
(-1.07103 -0.123583 0)
(-1.10248 -0.0814466 0)
(-1.11869 -0.0429137 0)
(-1.11936 -0.00786473 0)
(-1.10468 0.0241412 0)
(-1.07543 0.0530616 0)
(-1.03276 0.078755 0)
(-0.978009 0.101159 0)
(-0.912667 0.120199 0)
(-0.838373 0.135799 0)
(-0.756843 0.147903 0)
(-0.669837 0.156505 0)
(-0.579121 0.161659 0)
(-0.486418 0.163497 0)
(-0.393358 0.162228 0)
(-0.301417 0.158131 0)
(-0.211854 0.15159 0)
(-0.125651 0.14305 0)
(-0.0436004 0.133036 0)
(0.0335369 0.121468 0)
(0.105565 0.109171 0)
(0.172046 0.0966373 0)
(0.232675 0.0841549 0)
(0.287323 0.0719826 0)
(0.33595 0.060344 0)
(0.378578 0.0494363 0)
(0.415279 0.0394234 0)
(0.446179 0.0304288 0)
(0.471468 0.0225318 0)
(0.491412 0.0157634 0)
(0.506357 0.0101057 0)
(0.516731 0.0054958 0)
(0.52303 0.00183283 0)
(0.525789 -0.00101189 0)
(0.525596 -0.00315825 0)
(0.522988 -0.00472592 0)
(0.518433 -0.00582442 0)
(0.512335 -0.00655622 0)
(0.505044 -0.00702729 0)
(0.49685 -0.00734983 0)
(0.487983 -0.00764031 0)
(0.478608 -0.00801481 0)
(0.468814 -0.00857942 0)
(0.458613 -0.00941904 0)
(0.447944 -0.0105853 0)
(0.436691 -0.0120875 0)
(0.424717 -0.013887 0)
(0.411897 -0.0158971 0)
(0.398162 -0.0179861 0)
(0.383526 -0.0199857 0)
(0.368108 -0.0217047 0)
(0.352135 -0.022937 0)
(0.335944 -0.0234777 0)
(0.319954 -0.0231511 0)
(0.30466 -0.0218148 0)
(0.290617 -0.0193401 0)
(0.278427 -0.015673 0)
(0.268651 -0.0108478 0)
(0.261838 -0.00486223 0)
(0.258677 0.00234853 0)
(0.259584 0.0103798 0)
(0.264915 0.0190388 0)
(0.275012 0.0281066 0)
(0.290133 0.0372789 0)
(0.310433 0.0461764 0)
(0.335947 0.0543202 0)
(0.366536 0.0611105 0)
(0.401798 0.0658349 0)
(0.440931 0.0677463 0)
(0.482591 0.0662342 0)
(0.524817 0.0610729 0)
(0.565122 0.0526575 0)
(0.600795 0.0420756 0)
(0.62937 0.0308946 0)
(0.649044 0.0206427 0)
(0.658771 0.0121468 0)
(0.657839 0.00498656 0)
(0.644992 -0.00284069 0)
(0.617521 -0.014271 0)
(0.571415 -0.0321286 0)
(0.502328 -0.057731 0)
(0.407822 -0.0898593 0)
(0.290452 -0.124444 0)
(0.158063 -0.155766 0)
(0.0245772 -0.177559 0)
(-0.0962426 -0.186408 0)
(-0.200521 -0.184456 0)
(-0.288114 -0.174368 0)
(-0.360674 -0.158846 0)
(-0.420736 -0.140018 0)
(-0.47061 -0.119435 0)
(-0.511417 -0.0983008 0)
(-0.543569 -0.0770454 0)
(-0.569305 -0.0542933 0)
(-0.592197 -0.0286792 0)
(1.63071 -0.0249065 0)
(1.61053 -0.0235953 0)
(1.58966 -0.0236791 0)
(1.56793 -0.0245362 0)
(1.54535 -0.0256426 0)
(1.52185 -0.0268488 0)
(1.49738 -0.0281212 0)
(1.47187 -0.0294052 0)
(1.44526 -0.030632 0)
(1.41752 -0.031739 0)
(1.38864 -0.0326703 0)
(1.35865 -0.0333711 0)
(1.32766 -0.0337881 0)
(1.29582 -0.033873 0)
(1.26334 -0.0335865 0)
(1.2305 -0.0329007 0)
(1.19761 -0.0318016 0)
(1.16504 -0.0302903 0)
(1.13317 -0.028384 0)
(1.10239 -0.0261148 0)
(1.07309 -0.0235288 0)
(1.04564 -0.0206839 0)
(1.02035 -0.0176479 0)
(0.997497 -0.0144957 0)
(0.977294 -0.0113079 0)
(0.959893 -0.00818686 0)
(0.945419 -0.00526449 0)
(0.934111 -0.00258469 0)
(0.926197 -3.90354e-05 0)
(0.921636 0.00239671 0)
(0.920185 0.00467349 0)
(0.921446 0.0067035 0)
(0.924998 0.00838299 0)
(0.930356 0.00962408 0)
(0.936995 0.0103495 0)
(0.944369 0.0104976 0)
(0.951885 0.0100119 0)
(0.958791 0.00878196 0)
(0.964299 0.00659907 0)
(0.968329 0.00331584 0)
(0.971593 -0.000944178 0)
(0.973348 -0.00591896 0)
(0.972579 -0.0114918 0)
(0.968266 -0.017602 0)
(0.95934 -0.024133 0)
(0.944717 -0.0308734 0)
(0.923388 -0.0375066 0)
(0.894516 -0.0436093 0)
(0.857569 -0.0486814 0)
(0.812466 -0.0522094 0)
(0.759698 -0.0537521 0)
(0.700385 -0.0530337 0)
(0.636239 -0.0500272 0)
(0.569423 -0.0450243 0)
(0.502412 -0.0386534 0)
(0.43796 -0.0316971 0)
(0.378976 -0.0246579 0)
(0.328101 -0.0176116 0)
(0.287189 -0.0110383 0)
(0.256649 -0.00694685 0)
(0.233914 -0.00833148 0)
(0.211959 -0.0164286 0)
(0.182008 -0.0287344 0)
(0.14083 -0.0392655 0)
(0.0945131 -0.0406106 0)
(0.0551543 -0.0264697 0)
(0.0349675 0.00419206 0)
(0.0458656 0.0473674 0)
(0.0951183 0.0975039 0)
(0.186878 0.132454 0)
(0.310306 0.131833 0)
(0.433978 0.0943516 0)
(0.524478 0.0433542 0)
(0.568675 0.00594448 0)
(0.570387 -0.00990886 0)
(0.532363 -0.0207354 0)
(0.438065 -0.0500372 0)
(0.264867 -0.106541 0)
(0.0217279 -0.171706 0)
(-0.23827 -0.211875 0)
(-0.474109 -0.223532 0)
(-0.670855 -0.212161 0)
(-0.82608 -0.186931 0)
(-0.942938 -0.155484 0)
(-1.027 -0.122571 0)
(-1.08412 -0.0907414 0)
(-1.11935 -0.0611451 0)
(-1.1367 -0.0343392 0)
(-1.13881 -0.010595 0)
(-1.12769 0.0100645 0)
(-1.10122 0.0280039 0)
(-1.06059 0.0436901 0)
(-1.0073 0.0572693 0)
(-0.943038 0.0687495 0)
(-0.869571 0.078098 0)
(-0.788715 0.0852853 0)
(-0.702309 0.0903068 0)
(-0.612189 0.0931898 0)
(-0.520151 0.0939975 0)
(-0.427906 0.0928345 0)
(-0.337016 0.0898706 0)
(-0.248825 0.0853833 0)
(-0.164421 0.0797249 0)
(-0.0850531 0.0731464 0)
(-0.0116652 0.0657454 0)
(0.0553355 0.0578509 0)
(0.115682 0.0499691 0)
(0.168945 0.0424079 0)
(0.215052 0.0353 0)
(0.254145 0.028763 0)
(0.286547 0.0229001 0)
(0.312717 0.0177722 0)
(0.333223 0.0133936 0)
(0.348708 0.00973625 0)
(0.359852 0.00674182 0)
(0.36733 0.00433331 0)
(0.371785 0.00243013 0)
(0.373803 0.000952447 0)
(0.373903 -0.000172837 0)
(0.372495 -0.000988244 0)
(0.369932 -0.00155256 0)
(0.366535 -0.00192412 0)
(0.362566 -0.00215628 0)
(0.358226 -0.00230329 0)
(0.353646 -0.00241965 0)
(0.348886 -0.00255996 0)
(0.343934 -0.00277616 0)
(0.338705 -0.00311462 0)
(0.333055 -0.00361162 0)
(0.326796 -0.00428914 0)
(0.319718 -0.00515136 0)
(0.311624 -0.00618202 0)
(0.302357 -0.00733945 0)
(0.291835 -0.00855835 0)
(0.280076 -0.00975443 0)
(0.267221 -0.0108183 0)
(0.253535 -0.0116231 0)
(0.239412 -0.012051 0)
(0.225359 -0.0119883 0)
(0.211973 -0.0113086 0)
(0.199875 -0.00993875 0)
(0.189712 -0.0078714 0)
(0.182178 -0.0051101 0)
(0.177935 -0.00161019 0)
(0.177432 0.00257818 0)
(0.181091 0.00722648 0)
(0.18948 0.0122038 0)
(0.202911 0.0173445 0)
(0.221552 0.0224309 0)
(0.245416 0.0271964 0)
(0.27429 0.0313166 0)
(0.30767 0.0344113 0)
(0.344673 0.0360752 0)
(0.383953 0.0359532 0)
(0.423689 0.0338635 0)
(0.461707 0.0299316 0)
(0.495789 0.0246685 0)
(0.524123 0.0189084 0)
(0.545737 0.0135986 0)
(0.5607 0.00949246 0)
(0.569911 0.00684073 0)
(0.574437 0.00519988 0)
(0.574711 0.00350946 0)
(0.569676 0.000480756 0)
(0.555984 -0.00506178 0)
(0.52796 -0.014212 0)
(0.479534 -0.0276154 0)
(0.406691 -0.0450404 0)
(0.309005 -0.0649461 0)
(0.191691 -0.0840162 0)
(0.0651079 -0.0985277 0)
(-0.0583724 -0.105473 0)
(-0.171295 -0.105712 0)
(-0.270512 -0.100804 0)
(-0.355095 -0.092196 0)
(-0.425403 -0.081111 0)
(-0.481562 -0.0685128 0)
(-0.523251 -0.0547193 0)
(-0.552956 -0.0378183 0)
(-0.578093 -0.0144754 0)
(1.10567 -0.0129928 0)
(1.08506 -0.0114304 0)
(1.06385 -0.00950601 0)
(1.04257 -0.00837809 0)
(1.02082 -0.00781066 0)
(0.99812 -0.00760535 0)
(0.974285 -0.00764364 0)
(0.949301 -0.00782077 0)
(0.923218 -0.0080469 0)
(0.896128 -0.00825587 0)
(0.868183 -0.00840068 0)
(0.839596 -0.00844699 0)
(0.810631 -0.00837029 0)
(0.781595 -0.0081554 0)
(0.752827 -0.00779598 0)
(0.724686 -0.00729387 0)
(0.697542 -0.006658 0)
(0.671756 -0.00590329 0)
(0.647676 -0.00504917 0)
(0.625618 -0.00411807 0)
(0.605856 -0.00313438 0)
(0.588617 -0.00212387 0)
(0.574068 -0.00111228 0)
(0.562317 -0.000124672 0)
(0.553397 0.000803824 0)
(0.547244 0.00159627 0)
(0.543668 0.00213221 0)
(0.542231 0.0024168 0)
(0.542613 0.00262762 0)
(0.544742 0.00279644 0)
(0.548582 0.00295464 0)
(0.554065 0.00311533 0)
(0.56103 0.00325426 0)
(0.56921 0.00333472 0)
(0.578233 0.00331864 0)
(0.587661 0.00319237 0)
(0.597025 0.00297272 0)
(0.605818 0.00259234 0)
(0.613277 0.00172851 0)
(0.617959 6.90316e-06 0)
(0.617976 -0.00242979 0)
(0.612936 -0.00509981 0)
(0.602427 -0.00770969 0)
(0.586203 -0.0101275 0)
(0.564191 -0.0122209 0)
(0.536497 -0.0138384 0)
(0.503496 -0.0148229 0)
(0.465902 -0.015038 0)
(0.424801 -0.0144094 0)
(0.381637 -0.0129618 0)
(0.338138 -0.010831 0)
(0.296184 -0.00824775 0)
(0.257592 -0.00551937 0)
(0.223805 -0.00302308 0)
(0.195574 -0.0011438 0)
(0.172866 -8.45598e-05 0)
(0.155179 0.000314675 0)
(0.142114 0.000469829 0)
(0.133537 0.000641464 0)
(0.128658 0.000560113 0)
(0.124645 -0.000563158 0)
(0.116357 -0.00340152 0)
(0.0982899 -0.00787877 0)
(0.0681079 -0.0126157 0)
(0.0296132 -0.0151569 0)
(-0.00598167 -0.0123693 0)
(-0.0221937 -0.00380247 0)
(-0.00385384 0.008963 0)
(0.0562505 0.0248748 0)
(0.1537 0.0336933 0)
(0.269802 0.0290585 0)
(0.368822 0.0135548 0)
(0.422792 -0.00155083 0)
(0.433708 -0.00684531 0)
(0.427273 -0.00244149 0)
(0.420077 0.00438158 0)
(0.408003 0.0055048 0)
(0.372005 -0.00338911 0)
(0.290184 -0.0230299 0)
(0.152129 -0.0489776 0)
(-0.0309696 -0.0702024 0)
(-0.227694 -0.0785481 0)
(-0.417041 -0.0769968 0)
(-0.586898 -0.0693969 0)
(-0.730227 -0.0586934 0)
(-0.844189 -0.0469056 0)
(-0.928516 -0.035289 0)
(-0.984329 -0.0245825 0)
(-1.01407 -0.0152443 0)
(-1.01998 -0.00760731 0)
(-1.00803 -0.00136876 0)
(-0.980427 0.00402974 0)
(-0.939263 0.00874341 0)
(-0.886514 0.0127907 0)
(-0.824147 0.0161571 0)
(-0.754144 0.0188253 0)
(-0.678498 0.0207861 0)
(-0.599196 0.0220388 0)
(-0.518175 0.022595 0)
(-0.437266 0.0224881 0)
(-0.35813 0.0217928 0)
(-0.282219 0.0206372 0)
(-0.210774 0.0191424 0)
(-0.144802 0.017231 0)
(-0.0847988 0.0153087 0)
(-0.0313089 0.0132065 0)
(0.0151895 0.0111385 0)
(0.0550909 0.00934474 0)
(0.08871 0.00778631 0)
(0.116493 0.00642199 0)
(0.139004 0.00523104 0)
(0.156845 0.00419506 0)
(0.170632 0.00329852 0)
(0.180966 0.00252952 0)
(0.188415 0.00187949 0)
(0.193497 0.00134218 0)
(0.196675 0.000910121 0)
(0.198356 0.000575904 0)
(0.198893 0.000336072 0)
(0.198617 0.000168143 0)
(0.197767 5.43352e-05 0)
(0.196532 -1.8311e-05 0)
(0.195056 -6.00266e-05 0)
(0.193437 -8.00534e-05 0)
(0.19173 -8.83576e-05 0)
(0.189945 -9.60543e-05 0)
(0.188047 -0.000115699 0)
(0.18596 -0.000160425 0)
(0.183567 -0.000243056 0)
(0.180727 -0.00037571 0)
(0.177279 -0.000568082 0)
(0.173063 -0.000824642 0)
(0.167932 -0.00114581 0)
(0.161781 -0.00152684 0)
(0.154553 -0.00195057 0)
(0.146266 -0.00239129 0)
(0.137034 -0.00282224 0)
(0.127084 -0.00320367 0)
(0.116748 -0.00347843 0)
(0.106476 -0.00361274 0)
(0.0968146 -0.00357912 0)
(0.0884035 -0.00333264 0)
(0.0819368 -0.00283537 0)
(0.0780801 -0.0021161 0)
(0.0773852 -0.00125563 0)
(0.0803831 -0.000183859 0)
(0.0875432 0.00101631 0)
(0.0991251 0.00227828 0)
(0.115202 0.00353437 0)
(0.135626 0.00470623 0)
(0.159984 0.0057062 0)
(0.187547 0.00644229 0)
(0.217239 0.00683096 0)
(0.247659 0.0068182 0)
(0.277177 0.00640364 0)
(0.304154 0.00565657 0)
(0.327239 0.00471434 0)
(0.345675 0.00376081 0)
(0.359481 0.00298826 0)
(0.36942 0.00254906 0)
(0.376702 0.00249418 0)
(0.382466 0.00274594 0)
(0.38728 0.00316136 0)
(0.390727 0.00359997 0)
(0.391501 0.00392233 0)
(0.38787 0.00360689 0)
(0.377358 0.00205688 0)
(0.356989 -0.00135847 0)
(0.323733 -0.00691088 0)
(0.275187 -0.0140313 0)
(0.211117 -0.0212781 0)
(0.133761 -0.0271797 0)
(0.0479369 -0.0308813 0)
(-0.0402529 -0.0320235 0)
(-0.125967 -0.0308833 0)
(-0.206429 -0.0276889 0)
(-0.277984 -0.0224809 0)
(-0.33419 -0.0149997 0)
(-0.370402 -0.00406637 0)
(-0.395087 0.0114543 0)
(0.294542 0.0187727 3.63012e-18)
(0.325265 0.0264655 -3.33666e-18)
(0.348659 0.0320437 0)
(0.360008 0.0353943 0)
(0.366945 0.0373201 5.32614e-18)
(0.376368 0.0385428 -5.01323e-18)
(0.390228 0.0394458 -4.76055e-18)
(0.403568 0.03977 -4.52618e-18)
(0.405296 0.0375158 0)
(0.379741 0.0340539 -3.76542e-18)
(0.310694 0.0307592 2.9725e-18)
(0.196697 0.0254853 3.54721e-18)
(0.062522 0.0160489 0)
(-0.0539949 0.00465176 -2.1083e-18)
(-0.132306 -0.00465871 0)
(-0.169922 -0.0103953 0)
(-0.16782 -0.0113343 0)
(-0.126886 -0.00967658 -4.39406e-21)
(-0.0467879 -0.0042318 0)
(0.0664432 0.00465308 0)
(0.197447 0.0169482 0)
(0.324698 0.0308993 -6.77375e-18)
(0.451069 0.0427568 5.96715e-18)
(0.527142 0.0579048 7.49046e-18)
(0.674204 0.0293881 2.11899e-18)
(0.540521 0.0359433 0)
(0.532873 0.0423127 1.75446e-20)
(0.529253 0.0467593 -2.78836e-18)
(0.523144 0.0486315 -5.25151e-18)
(0.518825 0.0483223 4.96438e-18)
(0.52241 0.0472875 1.23838e-20)
(0.536508 0.0481326 -4.48548e-18)
(0.555034 0.0537614 1.08e-21)
(0.5577 0.0635365 0)
(0.508653 0.0750763 0)
(0.379308 0.0826738 -2.77918e-18)
(0.191667 0.0765033 -3.36392e-18)
(0.016431 0.0537763 0)
(-0.100115 0.0248627 4.23659e-18)
(-0.161861 0.000833743 -3.75737e-18)
(-0.178119 -0.0161388 4.23446e-18)
(-0.154433 -0.0254957 0)
(-0.0900336 -0.0301257 -4.30603e-18)
(0.0137321 -0.0280168 0)
(0.145851 -0.0184387 -1.76272e-18)
(0.292852 -0.00200258 2.92912e-18)
(0.432967 0.0169807 6.44595e-18)
(0.56726 0.036319 -5.63604e-18)
(0.653502 0.049187 3.26708e-20)
(0.795439 0.0753954 -1.99441e-18)
(0.789301 0.0720892 0)
(0.758205 0.0763931 5.37967e-18)
(0.727369 0.0764184 2.56067e-18)
(0.693603 0.0728894 4.90365e-18)
(0.662628 0.0662079 -4.731e-18)
(0.643584 0.0578188 1.68742e-20)
(0.642567 0.0529519 4.3956e-18)
(0.650236 0.0595794 -4.79739e-21)
(0.631848 0.0813011 0)
(0.543197 0.110817 -3.34029e-18)
(0.373353 0.131358 0)
(0.177822 0.124602 0)
(0.0269905 0.0908755 0)
(-0.065814 0.0495128 -2.1839e-18)
(-0.114286 0.0147391 3.83039e-18)
(-0.12443 -0.0105614 -4.34045e-18)
(-0.09677 -0.0283437 0)
(-0.0297425 -0.0399625 -4.22885e-20)
(0.0778786 -0.0432184 0)
(0.217947 -0.036953 3.33863e-18)
(0.377363 -0.0199139 -2.8478e-18)
(0.53413 0.0033574 -8.71314e-21)
(0.687764 0.0279477 0)
(0.793828 0.0486264 -3.78724e-18)
(0.961987 0.0674873 0)
(0.998836 0.107261 0)
(0.962198 0.114019 -3.08976e-20)
(0.91731 0.113898 0)
(0.862537 0.107823 2.21234e-18)
(0.803836 0.0956426 0)
(0.7515 0.0779417 4.35253e-18)
(0.716983 0.0634917 0)
(0.698017 0.0690386 8.27237e-18)
(0.658596 0.102479 0)
(0.550593 0.149484 3.14236e-18)
(0.376754 0.180422 0)
(0.203927 0.170614 0)
(0.0786142 0.125278 0)
(-0.00380353 0.0718831 -2.65884e-18)
(-0.048881 0.0272462 0)
(-0.0581732 -0.00602993 0)
(-0.0311589 -0.0312623 0)
(0.0349343 -0.0501163 -6.46929e-20)
(0.141095 -0.0598967 0)
(0.27964 -0.0566346 -1.57844e-18)
(0.438389 -0.0392596 0)
(0.596815 -0.0130351 -6.2069e-18)
(0.755058 0.0155406 0)
(0.870098 0.0402926 0)
(1.05241 0.0613035 0)
(1.14383 0.1318 0)
(1.11853 0.145897 -2.20582e-18)
(1.07752 0.151173 0)
(1.01823 0.147796 -2.08748e-20)
(0.945372 0.134723 0)
(0.868278 0.111184 0)
(0.798502 0.0870019 4.11064e-18)
(0.742289 0.0875907 -7.95939e-18)
(0.677943 0.129181 0)
(0.563833 0.190911 -2.88889e-18)
(0.405086 0.228386 2.04505e-18)
(0.257734 0.212904 -9.72494e-19)
(0.146991 0.157245 0)
(0.0687638 0.0939302 -2.69663e-19)
(0.0244601 0.0401857 0)
(0.014958 -0.00120848 -4.81427e-18)
(0.0406837 -0.033826 0)
(0.104481 -0.0597771 2.02055e-18)
(0.207398 -0.0758867 0)
(0.342193 -0.0761901 0)
(0.496491 -0.0594563 -2.55348e-18)
(0.650567 -0.0316 0)
(0.805307 -0.000340839 0)
(0.9194 0.026562 0)
(1.10551 0.0508538 0)
(1.22766 0.142556 0)
(1.21979 0.165871 0)
(1.19414 0.180543 0)
(1.14457 0.184902 -3.70308e-18)
(1.07194 0.176348 -1.82555e-18)
(0.982365 0.152443 3.72837e-18)
(0.885624 0.122385 -3.85223e-18)
(0.794395 0.11676 7.54151e-18)
(0.705859 0.160867 0)
(0.59222 0.231565 2.72312e-18)
(0.453594 0.272229 -1.92194e-18)
(0.326028 0.251497 1.33481e-19)
(0.223446 0.187784 0)
(0.14792 0.115653 1.21695e-18)
(0.104708 0.0533418 0)
(0.0947056 0.00423946 4.62697e-18)
(0.118328 -0.0356936 0)
(0.179063 -0.0688689 0)
(0.278241 -0.091041 2.47727e-19)
(0.408471 -0.0948266 0)
(0.556987 -0.078662 4.84626e-18)
(0.70466 -0.0492789 2.79388e-18)
(0.85254 -0.0156031 0)
(0.961823 0.0128705 -3.39541e-18)
(1.14176 0.0396034 1.79725e-18)
(1.27173 0.143346 0)
(1.2769 0.174054 0)
(1.26812 0.198842 0)
(1.23557 0.214121 1.73805e-18)
(1.17423 0.215081 1.70678e-18)
(1.08458 0.196868 -1.74953e-18)
(0.972822 0.166242 0)
(0.855172 0.15512 -2.52013e-20)
(0.746255 0.196446 0)
(0.63516 0.26981 0)
(0.515192 0.311562 0)
(0.402527 0.287294 7.3706e-19)
(0.305898 0.217407 0)
(0.232845 0.137379 1.40574e-18)
(0.190437 0.0667738 0)
(0.179445 0.0100275 0)
(0.200657 -0.0369768 0)
(0.258105 -0.0771958 0)
(0.353239 -0.105323 -5.25407e-19)
(0.478356 -0.112502 0)
(0.620283 -0.0968524 -2.30672e-18)
(0.760557 -0.0660157 -2.69229e-18)
(0.900275 -0.030088 2.4664e-18)
(1.00358 -0.000218996 3.31087e-18)
(1.17356 0.0284923 -1.76699e-18)
(1.29669 0.139769 1.95212e-18)
(1.30754 0.174653 0)
(1.31031 0.207379 1.68327e-18)
(1.29451 0.233816 -1.59573e-18)
(1.24997 0.24731 0)
(1.17014 0.240011 -1.60201e-18)
(1.05556 0.21445 -3.25539e-18)
(0.922393 0.200138 -3.28896e-18)
(0.798258 0.235124 0)
(0.689381 0.305827 -2.24815e-18)
(0.58483 0.347064 1.43218e-18)
(0.484407 0.320691 0)
(0.393357 0.246012 0)
(0.322703 0.158761 0)
(0.280681 0.0802241 0)
(0.268294 0.0161801 0)
(0.286827 -0.0376807 0)
(0.340811 -0.08481 0)
(0.431652 -0.118757 2.7661e-19)
(0.551133 -0.12917 0)
(0.685705 -0.113925 0)
(0.817726 -0.0816626 -2.52265e-18)
(0.948465 -0.0436249 -2.39896e-18)
(1.04513 -0.0124862 0)
(1.20399 0.0179715 -1.6653e-18)
(1.3133 0.134924 -1.94033e-18)
(1.32545 0.17191 -1.73253e-18)
(1.33343 0.209577 -1.65704e-18)
(1.32955 0.245069 1.55378e-18)
(1.30193 0.271525 1.4525e-18)
(1.23788 0.278475 0)
(1.13075 0.262973 3.04077e-18)
(0.992958 0.248882 2.96212e-18)
(0.859355 0.276097 2.65455e-18)
(0.751656 0.340125 2.14232e-18)
(0.659286 0.379218 -1.36528e-18)
(0.569847 0.351674 0)
(0.484723 0.273378 0)
(0.416567 0.179633 1.57373e-18)
(0.37459 0.0936958 2.24245e-18)
(0.360393 0.0227015 -2.33809e-18)
(0.375954 -0.0378456 0)
(0.426326 -0.091768 -2.02379e-18)
(0.512661 -0.131367 0)
(0.625995 -0.144806 0)
(0.752448 -0.129837 -2.03014e-18)
(0.8754 -0.0961718 2.44697e-18)
(0.996503 -0.0561807 0)
(1.086 -0.023878 0)
(1.23335 0.00809745 8.40789e-19)
(1.32521 0.129429 -1.79921e-18)
(1.33777 0.168092 1.72229e-18)
(1.34707 0.208645 0)
(1.34948 0.250301 0)
(1.33536 0.287989 -2.76944e-18)
(1.28898 0.310216 0)
(1.19654 0.30843 1.35538e-18)
(1.0637 0.298416 -1.43386e-18)
(0.926615 0.318338 -2.51456e-18)
(0.819385 0.37303 1.86575e-18)
(0.736359 0.408324 0)
(0.657227 0.380142 2.37538e-19)
(0.578698 0.299335 0)
(0.513379 0.199961 -1.50019e-18)
(0.471243 0.107197 5.49251e-20)
(0.454843 0.0295809 -4.23207e-20)
(0.467148 -0.0375147 0)
(0.513797 -0.0981249 -4.9626e-20)
(0.595454 -0.14317 3.82806e-19)
(0.702123 -0.159377 0)
(0.819682 -0.144528 1.96563e-18)
(0.932779 -0.109489 2.28693e-18)
(1.04369 -0.0677225 0)
(1.12559 -0.0343692 0)
(1.26137 -0.00112382 7.88735e-19)
(1.33451 0.123235 1.79327e-18)
(1.34773 0.163914 0)
(1.35692 0.206592 -1.45619e-18)
(1.36142 0.252011 0)
(1.35601 0.298077 1.33115e-18)
(1.3259 0.33452 0)
(1.2521 0.348379 -1.28573e-18)
(1.13177 0.346097 -5.11394e-20)
(0.997155 0.36067 2.19353e-18)
(0.890509 0.404756 -1.78862e-18)
(0.814409 0.434684 0)
(0.744981 0.405982 -7.07713e-20)
(0.673819 0.323659 0)
(0.611922 0.21962 0)
(0.569614 0.120702 -2.11111e-18)
(0.550676 0.0368124 2.23981e-18)
(0.5595 -0.0367283 0)
(0.6024 -0.103933 1.92598e-18)
(0.679244 -0.154176 -3.6928e-19)
(0.778715 -0.172836 9.35152e-19)
(0.886596 -0.157934 0)
(0.989095 -0.121565 -2.23356e-18)
(1.08937 -0.0782291 0)
(1.16337 -0.0439599 0)
(1.28775 -0.00971255 0)
(1.34385 0.116593 0)
(1.35754 0.159614 1.50451e-18)
(1.36625 0.204432 1.4471e-18)
(1.37036 0.252179 0)
(1.36904 0.303652 0)
(1.35172 0.351755 0)
(1.29744 0.381387 0)
(1.19487 0.389758 -5.53086e-20)
(1.0683 0.401862 -2.08886e-18)
(0.963308 0.435405 0)
(0.892149 0.45862 0)
(0.831616 0.429094 -5.49026e-20)
(0.768501 0.346065 0)
(0.710795 0.238421 0)
(0.668498 0.134146 0)
(0.646817 0.0443763 0)
(0.652078 -0.0355377 0)
(0.691341 -0.109247 0)
(0.76328 -0.164384 -3.97153e-19)
(0.854992 -0.185124 -9.07876e-19)
(0.952405 -0.169981 0)
(1.04364 -0.132351 0)
(1.13295 -0.0876827 0)
(1.19889 -0.0526599 0)
(1.31223 -0.0176946 0)
(1.35567 0.109969 0)
(1.3692 0.155477 -7.50129e-20)
(1.37713 0.202687 -1.3009e-18)
(1.37958 0.252183 -1.20253e-18)
(1.37868 0.306618 0)
(1.36962 0.363057 1.06671e-18)
(1.33323 0.406968 0)
(1.25129 0.427797 -1.04944e-18)
(1.13763 0.440674 0)
(1.03625 0.464905 0)
(0.96857 0.480459 0)
(0.915805 0.449459 -3.91557e-20)
(0.861117 0.366282 0)
(0.808392 0.256135 0)
(0.766457 0.147419 0)
(0.742056 0.0522138 0)
(0.743937 -0.034022 1.61875e-18)
(0.779877 -0.114132 -9.19939e-19)
(0.846849 -0.173783 3.85628e-19)
(0.930186 -0.196168 0)
(1.01635 -0.180593 1.66345e-18)
(1.09575 -0.141802 1.99601e-18)
(1.17393 -0.096074 0)
(1.2318 -0.0604894 1.25388e-18)
(1.33463 -0.0250998 0)
(1.37114 0.10369 0)
(1.38396 0.151795 -1.41085e-18)
(1.39078 0.201659 1.29032e-18)
(1.39104 0.252889 2.31532e-18)
(1.38807 0.308649 0)
(1.38269 0.370005 -2.03825e-18)
(1.36068 0.42545 0)
(1.29996 0.45921 0)
(1.20303 0.475925 0)
(1.10787 0.492982 0)
(1.04289 0.50051 0)
(0.996478 0.467192 -5.15818e-20)
(0.950106 0.384126 0)
(0.902965 0.272524 -1.34899e-18)
(0.861851 0.160365 0)
(0.835073 0.0602073 2.06667e-18)
(0.834156 -0.0323073 -1.57912e-18)
(0.867337 -0.118662 1.77341e-18)
(0.92927 -0.182346 0)
(1.00354 -0.205879 0)
(1.07772 -0.189694 -1.63414e-18)
(1.14486 -0.149886 -5.41487e-20)
(1.21193 -0.103405 0)
(1.26188 -0.0674803 -3.77808e-20)
(1.35489 -0.0319615 6.47237e-19)
(1.38999 0.0977886 0)
(1.40197 0.148693 6.16953e-19)
(1.40752 0.201457 0)
(1.40555 0.25473 -1.112e-18)
(1.39924 0.311022 0)
(1.39362 0.374336 6.35082e-20)
(1.38142 0.437801 8.64249e-19)
(1.34044 0.483603 -8.12808e-19)
(1.26272 0.506588 0)
(1.17674 0.519185 -5.59533e-19)
(1.11448 0.51903 0)
(1.0729 0.482549 0)
(1.03412 0.399551 0)
(0.992767 0.287406 1.30214e-18)
(0.952959 0.172803 0)
(0.924553 0.0681648 -2.03126e-18)
(0.921931 -0.0305805 0)
(0.95315 -0.122922 -1.68481e-18)
(1.00988 -0.190025 1.62732e-19)
(1.0743 -0.21416 3.94482e-19)
(1.13581 -0.197213 7.6831e-19)
(1.19047 -0.156585 -5.3611e-20)
(1.24664 -0.109694 0)
(1.289 -0.0736761 -1.19873e-18)
(1.373 -0.0383164 -1.26475e-18)
(1.41128 0.0921249 0)
(1.42255 0.146113 -6.10969e-19)
(1.42687 0.202016 5.12861e-19)
(1.42298 0.257771 0)
(1.41311 0.314528 8.89298e-19)
(1.40452 0.377665 1.74171e-18)
(1.39728 0.445431 -6.00571e-20)
(1.37285 0.50117 7.92858e-19)
(1.3153 0.531889 0)
(1.24145 0.542931 5.43074e-19)
(1.18281 0.536163 0)
(1.14468 0.495892 0)
(1.1122 0.412688 0)
(1.07628 0.300694 0)
(1.03823 0.184529 0)
(1.00942 0.0758093 0)
(1.00671 -0.0290858 0)
(1.03686 -0.126992 4.10288e-20)
(1.08802 -0.196744 -1.59568e-19)
(1.1417 -0.220899 -3.88596e-19)
(1.18999 -0.203095 -1.50358e-18)
(1.23219 -0.161906 -1.82741e-18)
(1.27791 -0.114979 -1.68233e-18)
(1.31317 -0.0791329 0)
(1.38905 -0.0442047 6.1842e-19)
(1.43412 0.0865558 0)
(1.44484 0.14393 0)
(1.448 0.203177 -5.06706e-19)
(1.44256 0.261834 4.26794e-19)
(1.42964 0.319475 -8.79312e-19)
(1.4167 0.381275 -8.30272e-19)
(1.41008 0.449951 -7.81561e-19)
(1.39786 0.512627 6.72076e-19)
(1.35983 0.55138 0)
(1.30064 0.56356 4.65656e-19)
(1.2473 0.551887 0)
(1.21175 0.507627 0)
(1.18387 0.423846 0)
(1.15254 0.312421 0)
(1.11669 0.195331 0)
(1.08915 0.0828005 -1.71825e-18)
(1.0883 -0.0280889 0)
(1.1181 -0.13091 5.31722e-20)
(1.16297 -0.202382 -1.06101e-19)
(1.20495 -0.225983 0)
(1.23969 -0.207306 7.38056e-19)
(1.26972 -0.165883 0)
(1.30566 -0.119315 1.67669e-18)
(1.33447 -0.0839179 0)
(1.40317 -0.0496692 0)
(1.45805 0.0810233 5.08059e-19)
(1.46822 0.142076 0)
(1.47019 0.204824 0)
(1.46338 0.266663 -4.21027e-19)
(1.44814 0.325797 3.58462e-19)
(1.4307 0.385994 -3.43801e-19)
(1.42142 0.452946 -3.27793e-19)
(1.41654 0.519103 -6.62954e-19)
(1.39584 0.564999 5.44953e-19)
(1.35303 0.580424 -4.54956e-19)
(1.30729 0.565986 0)
(1.27422 0.518112 3.58972e-20)
(1.24929 0.433454 0)
(1.22139 0.322729 0)
(1.1883 0.205012 0)
(1.16404 0.08875 1.67193e-18)
(1.16692 -0.027823 0)
(1.19651 -0.134638 1.31205e-18)
(1.23395 -0.206775 1.04775e-19)
(1.26331 -0.229305 -3.95385e-19)
(1.28443 -0.209849 -7.07038e-19)
(1.30292 -0.16858 0)
(1.32996 -0.122782 0)
(1.35308 -0.088107 0)
(1.41556 -0.0547544 2.74525e-19)
(1.4828 0.0755339 -5.0314e-19)
(1.49235 0.140569 0)
(1.49295 0.206952 0)
(1.48466 0.272078 0)
(1.46767 0.333244 -3.53606e-19)
(1.44634 0.392198 3.49042e-20)
(1.43246 0.455768 3.25244e-19)
(1.43021 0.521989 0)
(1.42335 0.573088 -5.36858e-19)
(1.39753 0.592977 0)
(1.36196 0.578048 -2.55211e-19)
(1.33228 0.527547 2.21126e-20)
(1.30921 0.441946 0)
(1.28378 0.331805 0)
(1.25415 0.213388 0)
(1.23513 0.0933383 0)
(1.24297 -0.0283994 0)
(1.27159 -0.138016 -3.45644e-19)
(1.30006 -0.209718 0)
(1.31603 -0.230785 3.93857e-19)
(1.32387 -0.210767 1.10777e-20)
(1.33175 -0.170096 0)
(1.35096 -0.125475 0)
(1.36922 -0.091782 0)
(1.42639 -0.0595047 -2.74347e-19)
(1.5079 0.0700939 0)
(1.51677 0.139447 0)
(1.51586 0.209629 -2.86517e-19)
(1.50582 0.278031 0)
(1.48729 0.341546 0)
(1.46297 0.399907 3.01749e-19)
(1.44385 0.459405 0)
(1.44027 0.522764 0)
(1.4429 0.576379 0)
(1.43328 0.600882 0)
(1.41027 0.587504 -7.06018e-21)
(1.38595 0.53586 -1.40584e-19)
(1.36477 0.449601 0)
(1.3415 0.339786 0)
(1.31623 0.220299 0)
(1.30389 0.0963831 -5.97267e-19)
(1.31667 -0.0297343 4.53428e-19)
(1.34254 -0.140754 -2.66172e-19)
(1.3603 -0.210986 0)
(1.36248 -0.230387 0)
(1.35782 -0.210156 1.38442e-18)
(1.35633 -0.170562 7.90098e-19)
(1.36891 -0.127505 0)
(1.38319 -0.0950263 0)
(1.43588 -0.0639628 2.54112e-19)
(1.53232 0.0646747 0)
(1.54061 0.138692 1.23422e-19)
(1.53824 0.212905 2.82663e-19)
(1.52629 0.284559 2.14453e-19)
(1.50618 0.350509 0)
(1.47967 0.408928 -2.26583e-19)
(1.45568 0.46444 0)
(1.448 0.522819 2.32532e-19)
(1.45542 0.575933 0)
(1.45981 0.604105 0)
(1.45101 0.593719 3.87457e-19)
(1.43477 0.54265 8.29371e-20)
(1.41693 0.45639 0)
(1.39651 0.346663 0)
(1.3766 0.225625 0)
(1.37141 0.0979011 5.84456e-19)
(1.38766 -0.0315173 -4.47735e-19)
(1.40817 -0.142461 -1.7197e-19)
(1.41363 -0.210384 0)
(1.40217 -0.228144 0)
(1.38629 -0.208165 -6.9081e-19)
(1.37693 -0.170137 -7.93225e-19)
(1.38413 -0.128989 0)
(1.39526 -0.0979205 -4.76737e-19)
(1.44421 -0.0681681 -9.41029e-21)
(1.55446 0.0592221 0)
(1.56236 0.138195 -3.65604e-20)
(1.55889 0.216713 0)
(1.54523 0.29167 -2.11426e-19)
(1.52353 0.360013 0)
(1.49545 0.418975 2.23653e-19)
(1.46753 0.471071 0)
(1.45436 0.523292 -2.01525e-20)
(1.4622 0.573024 0)
(1.47711 0.602992 0)
(1.48292 0.596147 -1.31944e-19)
(1.47761 0.547242 0)
(1.46575 0.461914 0)
(1.44993 0.352226 0)
(1.43634 0.229309 1.5281e-19)
(1.43765 0.0981439 -3.95079e-19)
(1.45464 -0.0332401 0)
(1.46693 -0.142714 5.35146e-20)
(1.45906 -0.207791 7.16591e-20)
(1.43486 -0.224179 0)
(1.40946 -0.204996 3.42183e-19)
(1.39387 -0.168995 0)
(1.39695 -0.130047 0)
(1.40571 -0.100539 4.77774e-19)
(1.45154 -0.0721549 -2.45141e-19)
(1.57219 0.0536648 0)
(1.58002 0.137763 -1.30025e-19)
(1.5761 0.220836 0)
(1.56137 0.29925 0)
(1.53838 0.369939 0)
(1.50925 0.429737 0)
(1.47863 0.479192 8.67374e-20)
(1.45985 0.524966 -2.10716e-19)
(1.46466 0.568987 0)
(1.48578 0.598284 0)
(1.50497 0.59451 0)
(1.51273 0.548866 9.85985e-20)
(1.51002 0.465496 0)
(1.50119 0.356093 -4.01714e-20)
(1.49472 0.231351 -1.50051e-19)
(1.50097 0.0975314 3.88039e-19)
(1.51541 -0.0343129 0)
(1.51706 -0.141158 1.18258e-19)
(1.49585 -0.203215 -7.21499e-20)
(1.46057 -0.218706 0)
(1.42772 -0.200891 -6.89066e-19)
(1.40761 -0.167322 -3.74885e-19)
(1.40773 -0.130794 0)
(1.41479 -0.102947 0)
(1.45801 -0.075952 0)
(1.58317 0.0479242 -6.82518e-21)
(1.59134 0.137149 4.50809e-20)
(1.58779 0.22493 0)
(1.57303 0.307018 0)
(1.54952 0.380095 0)
(1.51996 0.440896 -5.35971e-20)
(1.48792 0.488483 -8.58878e-20)
(1.46444 0.528215 8.68093e-20)
(1.46412 0.565023 0)
(1.48701 0.591062 0)
(1.51671 0.588946 -8.17506e-20)
(1.53819 0.546902 -9.78346e-20)
(1.54733 0.466387 0)
(1.54794 0.35783 3.96077e-20)
(1.54913 0.231824 5.29513e-20)
(1.55832 0.0965469 8.64258e-20)
(1.56719 -0.0342111 0)
(1.55699 -0.13761 -3.02051e-22)
(1.52367 -0.196823 0)
(1.47965 -0.212024 0)
(1.44159 -0.196114 3.4736e-19)
(1.41859 -0.165294 3.77605e-19)
(1.41678 -0.131331 0)
(1.42272 -0.105198 -2.20144e-19)
(1.4637 -0.0795828 1.1027e-19)
(1.58519 0.0419383 6.8144e-21)
(1.59413 0.136101 0)
(1.59184 0.22858 -1.60033e-20)
(1.57835 0.314539 0)
(1.55552 0.390159 0)
(1.52641 0.452105 5.2973e-20)
(1.49424 0.498499 2.91277e-20)
(1.46762 0.533027 -8.63842e-20)
(1.46154 0.56204 0)
(1.48243 0.582598 0)
(1.51857 0.580117 8.17245e-20)
(1.55244 0.541142 0)
(1.57475 0.463999 0)
(1.58659 0.35706 -2.411e-20)
(1.59552 0.230841 -5.21314e-20)
(1.60576 0.0956822 -8.52141e-20)
(1.60721 -0.0325748 0)
(1.5857 -0.132133 3.04979e-22)
(1.5427 -0.188949 8.90132e-20)
(1.49275 -0.204493 0)
(1.4517 -0.190933 -1.76227e-19)
(1.42729 -0.163074 0)
(1.42442 -0.131743 0)
(1.42966 -0.107331 2.20903e-19)
(1.46868 -0.0830649 -1.63905e-19)
(1.5765 0.0356447 0)
(1.58661 0.134389 -2.13377e-20)
(1.58641 0.231378 1.59257e-20)
(1.5755 0.321318 0)
(1.55484 0.399706 0)
(1.52738 0.462978 0)
(1.49637 0.50873 -2.88586e-20)
(1.46847 0.539071 0)
(1.45736 0.560499 -4.45591e-20)
(1.47375 0.574053 0)
(1.51198 0.569057 0)
(1.55514 0.531937 4.35163e-20)
(1.58989 0.458171 0)
(1.61329 0.35364 4.74253e-20)
(1.62947 0.22859 -1.79501e-22)
(1.6394 0.0952605 -7.22205e-21)
(1.63356 -0.0293856 0)
(1.60312 -0.125078 0)
(1.55372 -0.180068 -9.02987e-20)
(1.50071 -0.196512 0)
(1.45871 -0.185609 8.85332e-20)
(1.43413 -0.160808 0)
(1.43088 -0.132105 0)
(1.43574 -0.109376 0)
(1.47298 -0.0864103 5.35177e-20)
(1.55608 0.0290472 0)
(1.56763 0.131843 2.13905e-20)
(1.57011 0.232951 0)
(1.56287 0.326812 0)
(1.5459 0.408192 0)
(1.52152 0.473058 0)
(1.49304 0.518664 0)
(1.46581 0.545878 0)
(1.45136 0.560557 4.45241e-20)
(1.46238 0.566444 0)
(1.499 0.55706 0)
(1.54735 0.520173 -4.36309e-20)
(1.59198 0.449284 0)
(1.62564 0.347783 -2.33755e-20)
(1.64806 0.225314 0)
(1.65753 0.0952686 7.10925e-21)
(1.64633 -0.025009 0)
(1.61033 -0.116978 0)
(1.55794 -0.170671 0)
(1.50451 -0.188433 0)
(1.46329 -0.18036 9.06358e-20)
(1.4395 -0.158614 0)
(1.43635 -0.132467 0)
(1.44102 -0.111357 0)
(1.47662 -0.0896209 0)
(1.52549 0.0225666 0)
(1.53866 0.128667 -4.77195e-20)
(1.5442 0.233215 0)
(1.54128 0.330577 0)
(1.52905 0.414891 0)
(1.50895 0.481494 -5.57954e-21)
(1.48413 0.527318 0)
(1.45914 0.552372 1.54981e-20)
(1.44341 0.561625 0)
(1.44977 0.56034 0)
(1.48275 0.545687 0)
(1.5325 0.507628 6.08645e-20)
(1.58337 0.438777 0)
(1.62464 0.340488 0)
(1.6519 0.221528 0)
(1.66143 0.0956146 3.63703e-20)
(1.64748 -0.0201601 -3.38395e-20)
(1.60931 -0.108836 -3.42818e-20)
(1.5569 -0.161679 0)
(1.50512 -0.180917 -9.29317e-20)
(1.46588 -0.175557 -1.00966e-19)
(1.44347 -0.156636 0)
(1.44071 -0.132812 0)
(1.4453 -0.113187 -5.48849e-20)
(1.47942 -0.0925316 0)
(1.48626 0.0161673 0)
(1.50104 0.12479 4.81557e-20)
(1.50969 0.232073 0)
(1.51137 0.332445 0)
(1.50456 0.419563 0)
(1.48972 0.488052 -1.41378e-20)
(1.46958 0.534447 5.93052e-21)
(1.44819 0.55818 -4.38462e-20)
(1.43321 0.563331 0)
(1.43645 0.555787 0)
(1.46511 0.535595 0)
(1.51343 0.495307 -1.97288e-19)
(1.56713 0.42764 0)
(1.61333 0.332467 0)
(1.64433 0.217474 0)
(1.65479 0.0960841 -1.33604e-19)
(1.64036 -0.0152883 3.43259e-20)
(1.6027 -0.101109 1.19793e-19)
(1.5525 -0.153449 0)
(1.50374 -0.174195 2.91286e-19)
(1.46713 -0.171334 -1.04417e-19)
(1.44637 -0.154949 1.97575e-19)
(1.4441 -0.133186 0)
(1.44864 -0.114894 5.50612e-20)
(1.48143 -0.095173 0)
(1.4379 0.00963027 0)
(1.45416 0.120214 -1.42727e-19)
(1.46586 0.229671 1.18531e-19)
(1.47229 0.332633 -8.95624e-20)
(1.47149 0.422434 0)
(1.46289 0.492966 -3.60742e-20)
(1.4485 0.540229 -5.91207e-21)
(1.43196 0.563191 2.8331e-20)
(1.41952 0.565168 0)
(1.42142 0.552188 1.24601e-19)
(1.44608 0.526496 0)
(1.49141 0.483292 1.37184e-19)
(1.54539 0.416094 0)
(1.59436 0.323838 0)
(1.62822 0.213073 -2.58489e-19)
(1.64029 0.0964603 9.69249e-20)
(1.62727 -0.0105598 0)
(1.59222 -0.0937438 -8.64854e-20)
(1.54583 -0.145715 0)
(1.50102 -0.16793 -1.99914e-19)
(1.46747 -0.167419 4.20218e-19)
(1.44851 -0.153405 -1.99236e-19)
(1.44678 -0.13358 0)
(1.45128 -0.116541 0)
(1.48279 -0.0977097 -1.00956e-19)
(1.38113 0.00306436 0)
(1.39881 0.115052 1.45063e-19)
(1.41339 0.22609 -3.95812e-19)
(1.42447 0.331114 9.02774e-20)
(1.4299 0.42333 1.39902e-19)
(1.42822 0.495955 -1.54339e-20)
(1.42053 0.544332 -7.15805e-21)
(1.40995 0.566988 0)
(1.40163 0.566626 0)
(1.40413 0.549151 -1.24972e-19)
(1.42598 0.518359 0)
(1.46783 0.471896 0)
(1.52037 0.404566 0)
(1.57032 0.31489 -3.2148e-19)
(1.6062 0.20835 2.58806e-19)
(1.62041 0.0965431 0)
(1.61018 -0.0062444 0)
(1.57922 -0.0869748 0)
(1.53767 -0.138642 0)
(1.49734 -0.162221 0)
(1.46704 -0.163866 -6.47599e-19)
(1.4499 -0.152033 0)
(1.44871 -0.134006 0)
(1.45316 -0.118134 0)
(1.48346 -0.100149 1.01401e-19)
(1.3168 -0.00348853 0)
(1.33579 0.109383 0)
(1.35307 0.221432 2.8025e-19)
(1.36854 0.32795 0)
(1.38012 0.422195 2.07461e-20)
(1.38574 0.496847 -1.42503e-20)
(1.38547 0.546523 -8.02906e-21)
(1.38179 0.569271 0)
(1.37894 0.5673 -1.97601e-19)
(1.38391 0.546271 0)
(1.40461 0.511008 0)
(1.44345 0.461264 -3.61142e-19)
(1.49376 0.393365 0)
(1.54346 0.305873 6.85925e-19)
(1.5807 0.203353 0)
(1.59736 0.0961993 0)
(1.5908 -0.0025599 0)
(1.56481 -0.0809767 -5.37677e-19)
(1.52864 -0.13232 0)
(1.49295 -0.15709 4.66557e-19)
(1.46588 -0.160665 8.83624e-19)
(1.45051 -0.150815 0)
(1.44983 -0.134452 0)
(1.45423 -0.119668 0)
(1.48342 -0.102488 0)
(1.24577 -0.00994651 0)
(1.26595 0.103314 -4.2674e-19)
(1.2857 0.215838 3.519e-19)
(1.30523 0.323277 -2.68381e-19)
(1.32269 0.41908 1.90466e-20)
(1.33567 0.495563 -1.12161e-19)
(1.34332 0.546631 1.52686e-20)
(1.34729 0.569789 0)
(1.35102 0.566818 1.98076e-19)
(1.36013 0.543104 0)
(1.38151 0.50412 0)
(1.41847 0.451335 7.56139e-19)
(1.46658 0.382635 0)
(1.51544 0.296943 3.69401e-20)
(1.55362 0.198117 7.7581e-19)
(1.57285 0.0953405 0)
(1.57044 0.000382794 0)
(1.54978 -0.0758243 5.46874e-19)
(1.51908 -0.126772 0)
(1.48795 -0.152529 -4.72588e-19)
(1.46396 -0.1578 7.28309e-21)
(1.45026 -0.149739 0)
(1.45007 -0.13491 0)
(1.45443 -0.121143 0)
(1.48261 -0.10473 -1.88919e-19)
(1.16888 -0.0162375 -5.40706e-19)
(1.1901 0.0969496 4.38538e-19)
(1.2121 0.209453 -3.60156e-19)
(1.23531 0.317262 2.73542e-19)
(1.25827 0.414102 -5.90079e-19)
(1.27845 0.492106 2.00756e-19)
(1.29424 0.544547 0)
(1.30643 0.56834 9.14431e-20)
(1.31762 0.564862 0)
(1.33225 0.53923 0)
(1.35609 0.497307 0)
(1.39264 0.4419 -3.95241e-19)
(1.43924 0.372353 0)
(1.48727 0.28815 -4.05275e-19)
(1.52622 0.192649 -7.79596e-19)
(1.54806 0.0939189 0)
(1.54991 0.00252612 0)
(1.53457 -0.0715365 6.67274e-19)
(1.50917 -0.121978 0)
(1.48233 -0.148504 5.16744e-19)
(1.46122 -0.155239 -4.61724e-19)
(1.44907 -0.148786 -8.19132e-19)
(1.44935 -0.135373 0)
(1.4537 -0.122557 0)
(1.48103 -0.106876 4.7633e-21)
(1.08695 -0.022283 5.60085e-19)
(1.10903 0.0903927 0)
(1.13303 0.202416 0)
(1.15957 0.310072 0)
(1.18756 0.40741 8.54294e-19)
(1.2146 0.486539 -2.45623e-19)
(1.23856 0.540221 -6.51048e-20)
(1.2593 0.564785 -9.21975e-20)
(1.27862 0.56119 0)
(1.2999 0.534293 -3.30863e-19)
(1.32775 0.49018 0)
(1.36551 0.432667 -9.08988e-19)
(1.41167 0.362379 0)
(1.45931 0.279451 0)
(1.49914 0.186933 0)
(1.52359 0.0919196 -8.95154e-19)
(1.52961 0.00387529 0)
(1.51934 -0.0680755 -6.77374e-19)
(1.49888 -0.117887 0)
(1.476 -0.144968 -5.229e-19)
(1.45755 -0.152952 0)
(1.44686 -0.14794 8.256e-19)
(1.44763 -0.135835 0)
(1.452 -0.123914 0)
(1.47863 -0.108929 1.86037e-19)
(1.00073 -0.0280095 0)
(1.0235 0.0837439 0)
(1.04925 0.194859 0)
(1.07874 0.301875 -6.97994e-19)
(1.11129 0.399177 2.4784e-20)
(1.14477 0.478971 2.50051e-19)
(1.1767 0.533667 1.37675e-19)
(1.20617 0.559042 -9.82097e-20)
(1.23409 0.555626 0)
(1.26286 0.528012 3.33667e-19)
(1.29605 0.482389 -8.68501e-19)
(1.33652 0.423321 -5.60838e-20)
(1.38348 0.352509 0)
(1.43149 0.270752 1.0344e-18)
(1.4725 0.180938 -1.01043e-18)
(1.49957 0.0893502 8.96604e-19)
(1.50958 0.00446864 -9.17649e-19)
(1.504 -0.0653805 -1.58583e-18)
(1.48807 -0.114431 0)
(1.46882 -0.141869 -1.1353e-18)
(1.45284 -0.150907 -9.90587e-19)
(1.44355 -0.147187 0)
(1.44484 -0.136291 6.54098e-19)
(1.44931 -0.125219 4.01823e-19)
(1.47543 -0.110896 1.78092e-19)
(0.910956 -0.0333421 1.40579e-18)
(0.93421 0.0771043 0)
(0.961445 0.186908 0)
(0.99353 0.292832 7.18984e-19)
(1.03019 0.389578 1.94426e-20)
(1.06961 0.469544 -2.82028e-19)
(1.10919 0.524941 -1.48306e-19)
(1.14737 0.551079 9.96307e-20)
(1.18418 0.548051 -5.1306e-19)
(1.22107 0.520168 0)
(1.26063 0.473637 8.77471e-19)
(1.30514 0.413562 -5.64082e-20)
(1.35417 0.342519 0)
(1.40342 0.261928 -1.04388e-18)
(1.44606 0.174622 1.01693e-18)
(1.47583 0.0862281 0)
(1.4896 0.00436514 9.15422e-19)
(1.48834 -0.0633747 3.31447e-18)
(1.47654 -0.111541 0)
(1.46064 -0.139159 2.33428e-18)
(1.44698 -0.149078 2.0172e-18)
(1.43907 -0.146519 0)
(1.44095 -0.136743 -6.58228e-19)
(1.44559 -0.126478 -4.04132e-19)
(1.47141 -0.11278 -3.53915e-19)
(0.818294 -0.0382102 -1.47259e-18)
(0.841829 0.0705739 0)
(0.870265 0.178688 0)
(0.904598 0.283091 0)
(0.944923 0.378785 -1.06037e-18)
(0.989792 0.458413 2.89145e-19)
(1.03663 0.514138 7.69968e-20)
(1.08336 0.540907 0)
(1.12917 0.538393 5.20775e-19)
(1.17462 0.510604 8.03145e-19)
(1.22133 0.463691 0)
(1.27096 0.403129 -5.65662e-20)
(1.32322 0.33219 0)
(1.37461 0.252843 -1.18413e-18)
(1.41939 0.167936 0)
(1.45198 0.0825729 -2.21003e-18)
(1.46935 0.003625 0)
(1.47209 -0.0619871 -1.72882e-18)
(1.46409 -0.109155 0)
(1.4513 -0.136796 -1.19919e-18)
(1.43987 -0.147446 1.79032e-20)
(1.43337 -0.145929 0)
(1.43594 -0.137191 6.55461e-19)
(1.44085 -0.127702 -3.97204e-19)
(1.4666 -0.114592 5.19402e-19)
(0.723356 -0.0425453 0)
(0.746959 0.0642511 1.37573e-18)
(0.77631 0.170314 0)
(0.812553 0.272792 0)
(0.856139 0.366958 5.54786e-19)
(0.905981 0.445735 0)
(0.959638 0.501369 0)
(1.01464 0.528568 0)
(1.06944 0.526623 0)
(1.12368 0.499212 4.31763e-20)
(1.17811 0.452371 0)
(1.23373 0.391808 -5.65136e-20)
(1.29017 0.321327 0)
(1.34456 0.243367 2.45565e-18)
(1.39201 0.160829 0)
(1.42759 0.0783997 2.21904e-18)
(1.44846 0.00230355 0)
(1.45494 -0.0611527 0)
(1.4505 -0.107219 0)
(1.44069 -0.134749 0)
(1.43147 -0.145997 1.81701e-20)
(1.42642 -0.145419 0)
(1.42978 -0.137642 -6.59726e-19)
(1.43511 -0.128906 3.99521e-19)
(1.46104 -0.116339 -6.83104e-19)
(0.626691 -0.0462777 0)
(0.650146 0.0582326 -2.89834e-18)
(0.680126 0.161895 0)
(0.717962 0.262059 0)
(0.764443 0.35424 0)
(0.818818 0.431658 0)
(0.878836 0.486758 0)
(0.94178 0.514134 0)
(1.00542 0.512744 0)
(1.06854 0.485931 -8.75203e-19)
(1.13106 0.439549 -1.1229e-18)
(1.1933 0.379429 1.19865e-18)
(1.25472 0.309767 0)
(1.31283 0.233385 -1.27375e-18)
(1.36345 0.153252 -2.60284e-18)
(1.40224 0.0737169 0)
(1.42657 0.000443835 0)
(1.43665 -0.0608229 0)
(1.43563 -0.105695 0)
(1.42872 -0.132997 0)
(1.42171 -0.144727 1.83015e-20)
(1.41821 -0.144992 0)
(1.4225 -0.138105 0)
(1.42841 -0.130107 -7.87888e-19)
(1.45476 -0.118033 3.39545e-19)
(0.528779 -0.0493368 1.80655e-18)
(0.551873 0.0526108 3.06076e-18)
(0.582209 0.15353 0)
(0.621353 0.251001 0)
(0.670412 0.340754 0)
(0.728928 0.416319 -6.33535e-19)
(0.794868 0.470431 0)
(0.865358 0.49769 0)
(0.937589 0.496791 0)
(1.00957 0.470734 0)
(1.08037 0.425143 1.1447e-18)
(1.14968 0.365869 0)
(1.21668 0.29738 0)
(1.27913 0.222798 0)
(1.33337 0.145156 2.62914e-18)
(1.37559 0.0685251 0)
(1.40342 -0.00192472 0)
(1.41703 -0.0609626 -2.16508e-18)
(1.41934 -0.104558 0)
(1.41533 -0.131529 0)
(1.4106 -0.143635 -1.11028e-18)
(1.40876 -0.144656 -1.78744e-18)
(1.41413 -0.138595 0)
(1.42083 -0.131329 7.92577e-19)
(1.44783 -0.119683 0)
(0.430043 -0.0516429 -1.92334e-18)
(0.452569 0.0474712 -1.61764e-18)
(0.483015 0.1453 0)
(0.523228 0.239708 0)
(0.5746 0.326602 1.23464e-18)
(0.636918 0.399832 6.58982e-19)
(0.70837 0.452507 9.29978e-20)
(0.785993 0.479335 0)
(0.866497 0.478819 0)
(0.94717 0.453626 0)
(1.02632 0.409103 1.27481e-18)
(1.10297 0.351039 2.82704e-18)
(1.176 0.284065 0)
(1.24326 0.211525 0)
(1.30152 0.136497 0)
(1.3474 0.0628177 0)
(1.3788 -0.00478547 0)
(1.39594 -0.061552 -8.38676e-20)
(1.40159 -0.103795 1.79354e-18)
(1.40051 -0.130341 0)
(1.39814 -0.142726 0)
(1.3981 -0.144423 1.80131e-18)
(1.40474 -0.139131 0)
(1.41249 -0.132597 0)
(1.44024 -0.121293 0)
(0.330854 -0.0531075 -1.98955e-18)
(0.352641 0.042885 3.33653e-18)
(0.382985 0.137263 -2.6415e-18)
(0.424085 0.228246 0)
(0.477557 0.311857 -3.7964e-20)
(0.543393 0.382294 -6.24823e-19)
(0.61998 0.433096 -1.56751e-19)
(0.704311 0.459171 0)
(0.792706 0.4589 0)
(0.88182 0.434634 0)
(0.969239 0.391412 -1.307e-18)
(1.05337 0.334883 -5.88776e-18)
(1.13272 0.269749 0)
(1.20516 0.1995 0)
(1.26776 0.127237 3.03193e-18)
(1.31752 0.0565822 0)
(1.35261 -0.00813283 0)
(1.37332 -0.0625813 2.27193e-18)
(1.38235 -0.103401 -1.81137e-18)
(1.38427 -0.129436 0)
(1.38438 -0.142011 -2.36968e-18)
(1.38631 -0.144313 -1.83929e-18)
(1.39444 -0.139744 0)
(1.40354 -0.133935 0)
(1.43194 -0.122855 0)
(0.231542 -0.053602 2.13167e-18)
(0.252493 0.038907 -3.56245e-18)
(0.28258 0.129449 7.54904e-20)
(0.324444 0.216658 0)
(0.379851 0.296572 -5.18703e-20)
(0.448965 0.36378 6.55043e-19)
(0.530341 0.412298 8.18657e-20)
(0.62095 0.437302 0)
(0.716806 0.437119 0)
(0.814022 0.413808 0)
(0.909534 0.372076 0)
(1.00115 0.317371 6.24987e-18)
(1.087 0.254381 0)
(1.16488 0.186673 0)
(1.23207 0.117339 1.006e-19)
(1.28591 0.0498021 2.97741e-18)
(1.3248 -0.0119705 0)
(1.34917 -0.0640511 0)
(1.36167 -0.103381 -3.87524e-18)
(1.36668 -0.128822 0)
(1.36938 -0.141508 2.39014e-18)
(1.37352 -0.144355 1.85338e-18)
(1.38339 -0.140469 0)
(1.3941 -0.135351 7.81379e-19)
(1.42269 -0.124333 -3.05345e-19)
(0.132275 -0.0531029 0)
(0.152599 0.0355244 0)
(0.182325 0.121853 2.91295e-18)
(0.224879 0.204964 -2.02868e-18)
(0.282085 0.280772 -2.62038e-18)
(0.354267 0.344346 5.84924e-19)
(0.440107 0.390198 -4.99119e-20)
(0.536559 0.413829 5.54392e-19)
(0.639406 0.41357 1.96433e-18)
(0.744312 0.391216 -2.62207e-18)
(0.847641 0.351124 3.08576e-18)
(0.946635 0.298495 -3.26617e-18)
(1.03903 0.23793 0)
(1.12251 0.173006 3.46104e-18)
(1.1945 0.106773 9.49137e-20)
(1.25259 0.0424577 -3.01356e-18)
(1.29543 -0.0163096 0)
(1.32356 -0.0659711 -5.0153e-18)
(1.3396 -0.103743 3.91051e-18)
(1.34781 -0.128513 0)
(1.35328 -0.141244 -2.47945e-18)
(1.35992 -0.144588 1.89167e-18)
(1.37178 -0.141341 0)
(1.38416 -0.136821 -7.85821e-19)
(1.41199 -0.125647 6.04267e-19)
(0.032763 -0.0513818 0)
(0.053706 0.032775 0)
(0.0828417 0.114474 0)
(0.126049 0.193159 2.16399e-18)
(0.184917 0.264469 2.63401e-18)
(0.25997 0.324036 -6.18548e-19)
(0.349947 0.366875 1.18525e-19)
(0.451794 0.388854 -5.81325e-19)
(0.561124 0.388356 9.53556e-20)
(0.673246 0.366936 -9.48186e-20)
(0.784032 0.328602 -3.19459e-18)
(0.890207 0.278266 -3.56814e-18)
(0.989113 0.220381 0)
(1.07827 0.158471 -3.54038e-18)
(1.15519 0.0955101 -3.38641e-18)
(1.21767 0.0345275 0)
(1.26457 -0.0211667 0)
(1.29658 -0.0683548 5.03901e-18)
(1.31627 -0.104501 -4.14011e-18)
(1.32778 -0.12853 3.24754e-18)
(1.33629 -0.141262 2.49964e-18)
(1.34577 -0.145059 -1.90534e-18)
(1.35969 -0.142372 0)
(1.37339 -0.138248 0)
(1.39889 -0.126652 -2.98716e-19)
(-0.0637777 -0.0488653 0)
(-0.042673 0.0303142 -3.62633e-18)
(-0.0150831 0.107362 0)
(0.0286541 0.181376 0)
(0.0890689 0.247662 -9.14862e-20)
(0.166782 0.302885 0)
(0.26055 0.342402 -9.21938e-20)
(0.367322 0.362479 -1.43514e-18)
(0.48259 0.361584 -4.59643e-18)
(0.601398 0.341059 2.94373e-18)
(0.719209 0.304569 0)
(0.832282 0.25671 3.69083e-18)
(0.937569 0.201732 0)
(1.0324 0.143051 3.81215e-18)
(1.11432 0.0835281 3.62979e-18)
(1.1813 0.0259883 -3.35779e-18)
(1.2324 -0.0265633 0)
(1.2684 -0.0712198 -5.3215e-18)
(1.29181 -0.105674 4.17346e-18)
(1.30681 -0.128913 -3.27436e-18)
(1.31872 -0.141625 2.58283e-18)
(1.33127 -0.145802 0)
(1.34689 -0.143499 0)
(1.36077 -0.139416 0)
(1.38183 -0.127116 2.79502e-19)
(-0.156172 -0.0457495 0)
(-0.136291 0.0286089 3.48257e-18)
(-0.109883 0.100816 0)
(-0.0659422 0.169328 0)
(-0.00466526 0.230511 -1.35112e-18)
(0.0754459 0.280959 -4.68323e-19)
(0.172625 0.316852 0)
(0.283813 0.334809 1.51848e-18)
(0.404435 0.333368 2.47069e-18)
(0.529349 0.313688 3.27177e-18)
(0.653694 0.279097 0)
(0.773312 0.233864 4.01125e-18)
(0.88478 0.181992 0)
(0.985226 0.126734 -7.91724e-18)
(1.07217 0.0708054 -7.50123e-18)
(1.14373 0.0168149 -3.55939e-18)
(1.19913 -0.0325242 0)
(1.23919 -0.0745864 1.08365e-17)
(1.26643 -0.107293 4.37584e-18)
(1.28522 -0.129728 0)
(1.30093 -0.142394 2.92338e-20)
(1.31632 -0.146769 0)
(1.33226 -0.144499 0)
(1.34414 -0.139932 7.75769e-19)
(1.35848 -0.126713 -2.80452e-19)
(-0.243596 -0.0419109 0)
(-0.226377 0.027512 2.98267e-18)
(-0.201209 0.094551 0)
(-0.157202 0.157279 0)
(-0.0949904 0.21292 0)
(-0.0132338 0.258358 9.06964e-19)
(0.0868741 0.290326 0)
(0.201943 0.305951 -1.83892e-18)
(0.327294 0.303827 0)
(0.457692 0.284927 -3.44315e-18)
(0.588029 0.252265 0)
(0.713783 0.209776 7.95546e-20)
(0.831171 0.161177 0)
(0.937102 0.109514 4.12088e-18)
(1.02906 0.0573226 7.8371e-18)
(1.10524 0.00697967 -1.30136e-19)
(1.16501 -0.0390752 0)
(1.2092 -0.0784793 -5.52487e-18)
(1.24046 -0.109415 -4.40498e-18)
(1.26352 -0.131061 3.48394e-18)
(1.28297 -0.143556 2.71185e-20)
(1.29963 -0.147692 0)
(1.31303 -0.144857 0)
(1.3198 -0.139199 -7.77833e-19)
(1.32574 -0.125045 -5.25491e-19)
(-0.325089 -0.0370831 0)
(-0.311486 0.0271502 -5.58744e-18)
(-0.287806 0.0885488 0)
(-0.244237 0.145212 0)
(-0.181509 0.194936 1.06536e-18)
(-0.0982832 0.235035 -4.23954e-19)
(0.00401502 0.262968 0)
(0.122369 0.276025 4.03842e-18)
(0.251798 0.273084 0)
(0.387025 0.25489 3.80963e-18)
(0.522778 0.224159 0)
(0.654217 0.184498 -8.9707e-18)
(0.777216 0.139307 0)
(0.888457 0.0913871 0)
(0.985362 0.0430563 -4.06163e-18)
(1.0662 -0.00354876 -1.1752e-19)
(1.13037 -0.0462432 0)
(1.17876 -0.0829439 5.77979e-18)
(1.21446 -0.112142 0)
(1.24194 -0.132945 -7.04956e-18)
(1.26347 -0.144805 -5.39024e-18)
(1.27752 -0.14786 -1.99403e-18)
(1.28409 -0.143695 -1.3718e-18)
(1.28266 -0.136493 0)
(1.28018 -0.12173 5.2727e-19)
(-0.39989 -0.0310327 0)
(-0.390385 0.0275916 2.62387e-18)
(-0.368552 0.0828747 0)
(-0.326025 0.133133 0)
(-0.26331 0.176654 -9.54439e-20)
(-0.179144 0.211222 -5.3082e-19)
(-0.0751315 0.234757 0)
(0.0457304 0.245187 -2.22777e-18)
(0.178574 0.241265 0)
(0.317956 0.223686 -4.04642e-18)
(0.458528 0.194861 0)
(0.595176 0.158082 -6.45131e-20)
(0.723444 0.116408 0)
(0.83979 0.0723518 4.61952e-18)
(0.941561 0.0279864 0)
(1.02704 -0.0147926 1.54904e-17)
(1.0956 -0.0540527 0)
(1.14843 -0.0880636 -5.84148e-18)
(1.18884 -0.115541 -4.6517e-18)
(1.21897 -0.13504 7.15517e-18)
(1.23759 -0.14517 5.44629e-18)
(1.24293 -0.145989 1.99735e-18)
(1.23849 -0.139905 1.37509e-18)
(1.22736 -0.13117 0)
(1.21866 -0.116507 -5.09649e-19)
(-0.467255 -0.0237361 0)
(-0.46214 0.0288663 0)
(-0.442604 0.0776054 -1.9319e-18)
(-0.401736 0.121127 0)
(-0.339565 0.15819 8.01895e-19)
(-0.255085 0.186991 5.37138e-19)
(-0.149976 0.205926 0)
(-0.0272993 0.213499 0)
(0.108251 0.208499 0)
(0.25112 0.191427 4.45892e-18)
(0.395912 0.16445 4.92736e-18)
(0.537285 0.130571 -5.56946e-20)
(0.670465 0.0924834 0)
(0.791689 0.0523815 4.90346e-18)
(0.898206 0.0120721 0)
(0.988234 -0.0267907 9.18943e-20)
(1.06124 -0.0625868 0)
(1.11867 -0.0939306 6.01853e-18)
(1.16172 -0.119199 4.65251e-18)
(1.18808 -0.135984 3.60456e-20)
(1.19557 -0.142753 1.97911e-20)
(1.18649 -0.140465 0)
(1.1695 -0.132545 -2.76484e-18)
(1.14985 -0.122916 0)
(1.13885 -0.109281 1.02644e-18)
(-0.526529 -0.0150738 0)
(-0.526089 0.0310789 -2.01858e-18)
(-0.50938 0.0728778 1.17695e-19)
(-0.470726 0.109321 0)
(-0.409646 0.139648 -1.78873e-18)
(-0.325477 0.162445 0)
(-0.219921 0.176613 0)
(-0.0960651 0.181058 0)
(0.0414839 0.174898 0)
(0.187204 0.158207 -4.78554e-18)
(0.335647 0.133006 4.70555e-20)
(0.481283 0.102035 5.41529e-18)
(0.619023 0.0675969 0)
(0.744885 0.03154 -1.01098e-17)
(0.855965 -0.0046095 0)
(0.950365 -0.0394813 -8.29837e-18)
(1.02734 -0.0717659 7.29391e-18)
(1.08633 -0.099864 -5.99218e-18)
(1.12355 -0.121119 4.73896e-18)
(1.13554 -0.133025 -7.30229e-18)
(1.12499 -0.135299 -5.55755e-18)
(1.10019 -0.130109 0)
(1.0731 -0.121268 2.79324e-18)
(1.04827 -0.111814 -1.5591e-18)
(1.03913 -0.100014 -1.04538e-18)
(-0.577487 -0.00536239 0)
(-0.581904 0.0339933 1.24577e-19)
(-0.568469 0.0685606 3.45518e-18)
(-0.532519 0.0976424 -2.61067e-18)
(-0.473033 0.121019 0)
(-0.389742 0.137686 0)
(-0.2843 0.146973 0)
(-0.159844 0.14812 0)
(-0.0209243 0.140589 0)
(0.127068 0.12416 0)
(0.278627 0.100579 3.40951e-20)
(0.428067 0.0724127 0)
(0.569938 0.0415628 0)
(0.699913 0.0095291 -1.07022e-17)
(0.814606 -0.0224175 0)
(0.911138 -0.0530348 0)
(0.986381 -0.0807119 -7.3739e-18)
(1.03551 -0.103092 0)
(1.05428 -0.117681 -9.50708e-18)
(1.0451 -0.12355 7.40518e-18)
(1.01688 -0.121818 5.66024e-18)
(0.980718 -0.114997 0)
(0.948616 -0.106472 0)
(0.922332 -0.0981729 3.16472e-18)
(0.917852 -0.0886527 5.31552e-19)
(-0.617288 0.00480526 0)
(-0.628476 0.0372552 1.78125e-18)
(-0.618761 0.0652187 -1.66879e-18)
(-0.586144 0.0871699 1.14953e-19)
(-0.528787 0.103541 0)
(-0.446918 0.113821 -1.50684e-19)
(-0.342136 0.117764 0)
(-0.217638 0.114989 0)
(-0.0779597 0.105404 0)
(0.0716876 0.0890801 0)
(0.225559 0.0674696 -6.12965e-18)
(0.377551 0.0425959 0)
(0.521416 0.0158683 0)
(0.651746 -0.0115077 -4.42542e-20)
(0.763487 -0.0383096 0)
(0.851469 -0.0630266 0)
(0.910579 -0.0836253 0)
(0.937213 -0.0981408 6.11895e-18)
(0.933857 -0.105829 -3.11029e-20)
(0.907787 -0.107019 -7.62557e-18)
(0.869407 -0.103111 -5.8534e-18)
(0.829094 -0.0961863 0)
(0.797437 -0.0889616 0)
(0.772502 -0.0823183 1.26817e-20)
(0.775777 -0.0755976 -5.81954e-19)
(-0.612056 0.0203918 0)
(-0.641312 0.0446901 0)
(-0.639762 0.065064 -3.00913e-18)
(-0.617403 0.0781488 2.46327e-18)
(-0.567303 0.0861608 0)
(-0.490939 0.0893108 1.51045e-19)
(-0.390021 0.0876601 0)
(-0.267928 0.0812237 0)
(-0.129521 0.070187 0)
(0.0187167 0.0542319 6.20832e-18)
(0.16849 0.0342118 -6.60142e-18)
(0.313338 0.012845 1.30918e-17)
(0.446254 -0.00854683 0)
(0.561123 -0.0288634 1.13218e-17)
(0.65274 -0.0470234 0)
(0.716938 -0.0620684 0)
(0.753057 -0.0733885 0)
(0.764444 -0.0804701 2.7494e-20)
(0.751541 -0.0829684 4.75452e-18)
(0.720483 -0.0814496 -2.61284e-20)
(0.680994 -0.0771687 8.68199e-18)
(0.642243 -0.0715824 -4.25636e-18)
(0.613643 -0.0666025 0)
(0.590996 -0.0618136 -3.15604e-18)
(0.596425 -0.0648128 5.4963e-19)
(-0.442395 0.0283083 0)
(-0.520897 0.0357385 0)
(-0.551214 0.0441597 3.06583e-18)
(-0.550223 0.0464908 0)
(-0.520506 0.0458788 1.50241e-18)
(-0.464196 0.0428585 0)
(-0.38351 0.0376522 1.42663e-18)
(-0.282196 0.0304711 0)
(-0.165245 0.021391 0)
(-0.0385031 0.0102771 -1.0386e-20)
(0.0913734 -0.00244578 7.19632e-18)
(0.217297 -0.015853 -1.41615e-17)
(0.333465 -0.0286913 0)
(0.434566 -0.0402645 0)
(0.516015 -0.0499792 0)
(0.573973 -0.0574681 0)
(0.605106 -0.0623458 0)
(0.608448 -0.0638691 -1.26215e-17)
(0.591402 -0.0626453 0)
(0.561525 -0.0596907 4.04668e-18)
(0.527145 -0.056023 -6.2316e-18)
(0.49536 -0.0526206 9.15237e-18)
(0.474404 -0.0499022 0)
(0.454976 -0.0497837 -2.29779e-21)
(0.474633 -0.0280948 0)
)
;

boundaryField
{
    inlet
    {
        type            fixedValue;
        value           uniform (1.7 0 0);
    }
    outlet
    {
        type            zeroGradient;
    }
    upperWall
    {
        type            noSlip;
    }
    lowerWall
    {
        type            noSlip;
    }
    frontAndBack
    {
        type            empty;
    }
}


// ************************************************************************* //
