/*--------------------------------*- C++ -*----------------------------------*\
| =========                 |                                                 |
| \\      /  F ield         | OpenFOAM: The Open Source CFD Toolbox           |
|  \\    /   O peration     | Version:  2406                                  |
|   \\  /    A nd           | Website:  www.openfoam.com                      |
|    \\/     M anipulation  |                                                 |
\*---------------------------------------------------------------------------*/
FoamFile
{
    version     2.0;
    format      ascii;
    arch        "LSB;label=32;scalar=64";
    class       volVectorField;
    location    "1.87";
    object      U;
}
// * * * * * * * * * * * * * * * * * * * * * * * * * * * * * * * * * * * * * //

dimensions      [0 1 -1 0 0 0 0];

internalField   nonuniform List<vector> 
12225
(
(1.66143 0.0561389 0)
(1.59991 0.0686843 0)
(1.54265 0.0583402 0)
(1.48926 0.0458667 0)
(1.44388 0.0353618 0)
(1.40718 0.0268979 0)
(1.37731 0.0200911 0)
(1.35254 0.0146377 0)
(1.33193 0.0102716 0)
(1.31493 0.00676047 0)
(1.301 0.00393043 0)
(1.28969 0.00167738 0)
(1.28029 -7.98627e-05 0)
(1.27259 -0.00143971 0)
(1.26616 -0.00234253 0)
(1.26094 -0.00295822 0)
(1.25476 -0.00133388 0)
(1.25001 -0.00568657 0)
(1.71508 0.010402 0)
(1.74953 0.0186678 0)
(1.77244 0.0195539 0)
(1.78216 0.0196669 0)
(1.78387 0.020013 0)
(1.78151 0.019946 0)
(1.77672 0.0193549 0)
(1.77036 0.0184697 0)
(1.76325 0.0174483 0)
(1.75605 0.0163409 0)
(1.74922 0.0151744 0)
(1.74306 0.0140052 0)
(1.73779 0.0128706 0)
(1.73358 0.0117813 0)
(1.7306 0.010769 0)
(1.72905 0.0100688 0)
(1.72972 0.00987828 0)
(1.73376 0.0112507 0)
(1.7021 0.00948574 0)
(1.71368 0.019802 0)
(1.72706 0.023138 0)
(1.73812 0.0243643 0)
(1.74727 0.0249389 0)
(1.75565 0.0246678 0)
(1.76347 0.0235971 0)
(1.77055 0.0220411 0)
(1.77692 0.0202237 0)
(1.78278 0.0182289 0)
(1.78833 0.0160907 0)
(1.79374 0.0138409 0)
(1.79916 0.0114936 0)
(1.80477 0.00904305 0)
(1.81079 0.0064982 0)
(1.81748 0.00384573 0)
(1.82516 0.00105874 0)
(1.83431 -0.00231458 0)
(1.70109 0.00660737 0)
(1.70743 0.0146745 0)
(1.71553 0.0171381 0)
(1.72254 0.0171564 0)
(1.72832 0.016539 0)
(1.73382 0.0155251 0)
(1.73944 0.0141125 0)
(1.74505 0.0124469 0)
(1.75058 0.0106544 0)
(1.75608 0.00876516 0)
(1.76164 0.00676265 0)
(1.76733 0.00462611 0)
(1.77322 0.00232088 0)
(1.77942 -0.000196997 0)
(1.78603 -0.00299975 0)
(1.7932 -0.0061908 0)
(1.80112 -0.00996423 0)
(1.80995 -0.0145921 0)
(1.70063 0.00443769 0)
(1.70487 0.0106821 0)
(1.71118 0.0132891 0)
(1.71735 0.0138461 0)
(1.72269 0.0137367 0)
(1.72767 0.0132474 0)
(1.73263 0.0123083 0)
(1.73757 0.0109598 0)
(1.74242 0.00929997 0)
(1.74725 0.00737765 0)
(1.75213 0.00519158 0)
(1.75714 0.00272252 0)
(1.76236 -5.61629e-05 0)
(1.76784 -0.00320311 0)
(1.77366 -0.00681776 0)
(1.77989 -0.011022 0)
(1.78662 -0.0160104 0)
(1.79383 -0.0219789 0)
(1.70041 0.00308267 0)
(1.70345 0.00791304 0)
(1.70843 0.0103705 0)
(1.7138 0.0110196 0)
(1.71873 0.0108011 0)
(1.72335 0.0100744 0)
(1.72793 0.0088583 0)
(1.73251 0.0071976 0)
(1.73704 0.00518791 0)
(1.74155 0.0028905 0)
(1.74608 0.000312391 0)
(1.7507 -0.00257301 0)
(1.75547 -0.00579807 0)
(1.76039 -0.00942999 0)
(1.76552 -0.01356 0)
(1.77087 -0.0183106 0)
(1.77643 -0.0238563 0)
(1.78216 -0.030332 0)
(1.7003 0.00217858 0)
(1.70258 0.00575906 0)
(1.70656 0.00774805 0)
(1.71117 0.00824703 0)
(1.71564 0.0078787 0)
(1.71991 0.00701141 0)
(1.72415 0.00572113 0)
(1.72842 0.00403558 0)
(1.73266 0.00200932 0)
(1.73687 -0.000320283 0)
(1.74107 -0.00295606 0)
(1.7453 -0.00593117 0)
(1.74959 -0.00929902 0)
(1.75394 -0.013122 0)
(1.75834 -0.0174821 0)
(1.76278 -0.0224821 0)
(1.7672 -0.0282558 0)
(1.77151 -0.0348726 0)
(1.70023 0.00151609 0)
(1.70202 0.00403639 0)
(1.70525 0.00549006 0)
(1.70922 0.00578877 0)
(1.71325 0.00530289 0)
(1.71719 0.00432909 0)
(1.7211 0.00295257 0)
(1.72503 0.00118749 0)
(1.72893 -0.000939321 0)
(1.73279 -0.00340364 0)
(1.73661 -0.00620729 0)
(1.74039 -0.00937456 0)
(1.74415 -0.0129483 0)
(1.74788 -0.0169792 0)
(1.75155 -0.02153 0)
(1.75511 -0.0266704 0)
(1.75849 -0.03249 0)
(1.76161 -0.039008 0)
(1.70019 0.00100106 0)
(1.70163 0.00264056 0)
(1.70432 0.00356438 0)
(1.70775 0.00361009 0)
(1.71137 0.00297137 0)
(1.71498 0.00186325 0)
(1.71857 0.000370687 0)
(1.72216 -0.0014892 0)
(1.72573 -0.00369961 0)
(1.72923 -0.00624344 0)
(1.73266 -0.00912115 0)
(1.73601 -0.0123528 0)
(1.73926 -0.0159722 0)
(1.74241 -0.0200195 0)
(1.74539 -0.0245407 0)
(1.74817 -0.0295811 0)
(1.75065 -0.0351955 0)
(1.75276 -0.0413689 0)
(1.70015 0.000584518 0)
(1.70136 0.00148482 0)
(1.70364 0.00190574 0)
(1.70662 0.00166603 0)
(1.70987 0.000851601 0)
(1.71316 -0.000391325 0)
(1.71645 -0.00198848 0)
(1.71972 -0.00392208 0)
(1.72295 -0.00618395 0)
(1.72611 -0.00876637 0)
(1.72915 -0.0116719 0)
(1.73207 -0.0149165 0)
(1.73484 -0.0185251 0)
(1.73743 -0.0225257 0)
(1.73979 -0.0269463 0)
(1.74186 -0.0318089 0)
(1.74357 -0.0371386 0)
(1.74485 -0.0428976 0)
(1.70013 0.000236573 0)
(1.70116 0.000505419 0)
(1.70313 0.000461132 0)
(1.70575 -7.12564e-05 0)
(1.70867 -0.00106899 0)
(1.71166 -0.002441 0)
(1.71466 -0.00413112 0)
(1.71763 -0.00612498 0)
(1.72055 -0.0084202 0)
(1.72336 -0.0110146 0)
(1.72603 -0.0139106 0)
(1.72854 -0.0171185 0)
(1.73086 -0.0206535 0)
(1.73294 -0.0245309 0)
(1.73475 -0.0287633 0)
(1.73623 -0.0333548 0)
(1.73731 -0.0383094 0)
(1.73794 -0.0435766 0)
(1.70011 -6.11621e-05 0)
(1.70101 -0.000340875 0)
(1.70274 -0.000810372 0)
(1.70507 -0.00162937 0)
(1.7077 -0.00281078 0)
(1.71043 -0.00430516 0)
(1.71316 -0.00607612 0)
(1.71585 -0.00811452 0)
(1.71846 -0.0104214 0)
(1.72095 -0.0129976 0)
(1.72328 -0.0158453 0)
(1.72542 -0.0189702 0)
(1.72732 -0.0223796 0)
(1.72896 -0.0260789 0)
(1.7303 -0.0300689 0)
(1.73128 -0.0343413 0)
(1.73184 -0.0388853 0)
(1.73195 -0.043645 0)
(1.7001 -0.000321864 0)
(1.7009 -0.00108636 0)
(1.70244 -0.00194381 0)
(1.70454 -0.00303619 0)
(1.70694 -0.00439548 0)
(1.70942 -0.00600264 0)
(1.71191 -0.00783992 0)
(1.71435 -0.0099048 0)
(1.71668 -0.0122013 0)
(1.71888 -0.0147325 0)
(1.72089 -0.0175005 0)
(1.72268 -0.0205075 0)
(1.72423 -0.0237544 0)
(1.72548 -0.0272389 0)
(1.72641 -0.0309529 0)
(1.72698 -0.0348792 0)
(1.72714 -0.0389977 0)
(1.72686 -0.0432513 0)
(1.70009 -0.000556139 0)
(1.70082 -0.00175723 0)
(1.70222 -0.00297061 0)
(1.70414 -0.00431934 0)
(1.70634 -0.00584563 0)
(1.70862 -0.00755316 0)
(1.71089 -0.00944099 0)
(1.7131 -0.0115141 0)
(1.71519 -0.0137798 0)
(1.71712 -0.0162429 0)
(1.71885 -0.0189055 0)
(1.72034 -0.0217671 0)
(1.72157 -0.0248245 0)
(1.72249 -0.0280693 0)
(1.72309 -0.0314875 0)
(1.72333 -0.0350566 0)
(1.72317 -0.0387514 0)
(1.72261 -0.0425169 0)
(1.70009 -0.00077159 0)
(1.70076 -0.00237394 0)
(1.70207 -0.00391705 0)
(1.70386 -0.0055046 0)
(1.7059 -0.0071842 0)
(1.70801 -0.00897769 0)
(1.7101 -0.0108997 0)
(1.71211 -0.0129632 0)
(1.71398 -0.015179 0)
(1.71567 -0.0175536 0)
(1.71715 -0.0200898 0)
(1.71838 -0.0227857 0)
(1.71934 -0.0256349 0)
(1.71999 -0.0286257 0)
(1.72032 -0.0317404 0)
(1.7203 -0.034954 0)
(1.7199 -0.0382389 0)
(1.71913 -0.0415441 0)
(1.70008 -0.000975063 0)
(1.70073 -0.00295516 0)
(1.70197 -0.00480791 0)
(1.70368 -0.00661716 0)
(1.7056 -0.00843424 0)
(1.70759 -0.0102976 0)
(1.70952 -0.0122369 0)
(1.71136 -0.0142734 0)
(1.71304 -0.0164215 0)
(1.71454 -0.0186903 0)
(1.7158 -0.0210833 0)
(1.71681 -0.0235987 0)
(1.71754 -0.0262286 0)
(1.71797 -0.0289591 0)
(1.71808 -0.0317711 0)
(1.71786 -0.0346388 0)
(1.71729 -0.0375345 0)
(1.71638 -0.0404123 0)
(1.70008 -0.00117324 0)
(1.70072 -0.00351898 0)
(1.70194 -0.00566787 0)
(1.7036 -0.00768288 0)
(1.70547 -0.00962002 0)
(1.70735 -0.0115356 0)
(1.70917 -0.0134748 0)
(1.71087 -0.0154671 0)
(1.7124 -0.0175312 0)
(1.71372 -0.0196787 0)
(1.7148 -0.0219156 0)
(1.71563 -0.0242404 0)
(1.71617 -0.0266449 0)
(1.71642 -0.0291147 0)
(1.71637 -0.0316305 0)
(1.716 -0.0341672 0)
(1.7153 -0.0366986 0)
(1.7143 -0.0391839 0)
(1.70008 -0.0013732 0)
(1.70074 -0.00408461 0)
(1.70198 -0.00652261 0)
(1.70365 -0.00872813 0)
(1.70549 -0.0107659 0)
(1.70732 -0.0127144 0)
(1.70905 -0.0146355 0)
(1.71064 -0.0165668 0)
(1.71204 -0.018531 0)
(1.71323 -0.020544 0)
(1.71416 -0.0226142 0)
(1.71484 -0.0247419 0)
(1.71523 -0.0269191 0)
(1.71534 -0.0291321 0)
(1.71516 -0.0313621 0)
(1.71469 -0.033586 0)
(1.71391 -0.0357794 0)
(1.71287 -0.0379073 0)
(1.70009 -0.00158313 0)
(1.70078 -0.00467378 0)
(1.7021 -0.00740028 0)
(1.70383 -0.00978067 0)
(1.7057 -0.011897 0)
(1.70751 -0.0138572 0)
(1.70919 -0.0157416 0)
(1.7107 -0.0175947 0)
(1.71201 -0.0194439 0)
(1.71308 -0.0213099 0)
(1.7139 -0.023205 0)
(1.71445 -0.0251312 0)
(1.71473 -0.027082 0)
(1.71473 -0.0290444 0)
(1.71446 -0.0310014 0)
(1.71391 -0.0329323 0)
(1.7131 -0.034815 0)
(1.71204 -0.0366197 0)
(1.7001 -0.00181325 0)
(1.70087 -0.00531295 0)
(1.70231 -0.00833319 0)
(1.70417 -0.0108703 0)
(1.70612 -0.0130389 0)
(1.70795 -0.0149874 0)
(1.7096 -0.016815 0)
(1.71107 -0.0185722 0)
(1.71231 -0.0202913 0)
(1.7133 -0.0219992 0)
(1.71403 -0.0237124 0)
(1.71449 -0.025435 0)
(1.71468 -0.0271615 0)
(1.71461 -0.0288807 0)
(1.71427 -0.0305776 0)
(1.71368 -0.0322342 0)
(1.71285 -0.0338314 0)
(1.71179 -0.0353443 0)
(1.70012 -0.00207732 0)
(1.70101 -0.0060362 0)
(1.70266 -0.00935936 0)
(1.70472 -0.0120289 0)
(1.70679 -0.0142184 0)
(1.70868 -0.0161292 0)
(1.71035 -0.0178781 0)
(1.71179 -0.0195187 0)
(1.713 -0.0210907 0)
(1.71393 -0.022629 0)
(1.71459 -0.0241552 0)
(1.71498 -0.0256747 0)
(1.71511 -0.0271828 0)
(1.71498 -0.0286696 0)
(1.71461 -0.0301219 0)
(1.714 -0.0315242 0)
(1.71316 -0.0328603 0)
(1.71213 -0.0341096 0)
(1.70014 -0.0023952 0)
(1.70122 -0.00688994 0)
(1.70318 -0.0105242 0)
(1.70553 -0.0132888 0)
(1.70779 -0.0154611 0)
(1.70977 -0.0173086 0)
(1.71147 -0.0189571 0)
(1.71293 -0.0204594 0)
(1.71412 -0.0218642 0)
(1.71502 -0.0232174 0)
(1.71563 -0.0245459 0)
(1.71598 -0.0258573 0)
(1.71606 -0.0271481 0)
(1.7159 -0.0284101 0)
(1.7155 -0.0296323 0)
(1.71489 -0.0308018 0)
(1.71407 -0.0319049 0)
(1.71308 -0.0329248 0)
(1.70018 -0.00279729 0)
(1.70156 -0.00794003 0)
(1.70396 -0.0118843 0)
(1.70671 -0.0146838 0)
(1.7092 -0.0167868 0)
(1.71129 -0.018539 0)
(1.71307 -0.0200645 0)
(1.71457 -0.0214124 0)
(1.71577 -0.0226424 0)
(1.71666 -0.023809 0)
(1.71724 -0.0249404 0)
(1.71755 -0.0260436 0)
(1.71761 -0.0271157 0)
(1.71743 -0.0281505 0)
(1.71702 -0.0291398 0)
(1.71641 -0.0300741 0)
(1.71562 -0.0309441 0)
(1.71467 -0.0317374 0)
(1.70024 -0.00333351 0)
(1.70207 -0.0092762 0)
(1.70513 -0.0135101 0)
(1.7084 -0.0162669 0)
(1.71116 -0.0182406 0)
(1.71338 -0.0198428 0)
(1.71525 -0.0211841 0)
(1.71682 -0.0223244 0)
(1.71805 -0.0233484 0)
(1.71893 -0.0243222 0)
(1.71951 -0.025272 0)
(1.71981 -0.0261995 0)
(1.71986 -0.0270979 0)
(1.71968 -0.0279584 0)
(1.71928 -0.0287719 0)
(1.71869 -0.02953 0)
(1.71793 -0.0302264 0)
(1.71701 -0.0308528 0)
(1.70035 -0.00409919 0)
(1.70289 -0.0110062 0)
(1.70688 -0.0154378 0)
(1.71079 -0.0180766 0)
(1.71386 -0.0199293 0)
(1.71625 -0.0213955 0)
(1.71824 -0.0225261 0)
(1.71988 -0.0233954 0)
(1.72112 -0.0241263 0)
(1.72197 -0.0248049 0)
(1.72251 -0.0254641 0)
(1.72277 -0.0261094 0)
(1.7228 -0.0267364 0)
(1.7226 -0.0273366 0)
(1.72221 -0.0279015 0)
(1.72163 -0.0284258 0)
(1.72088 -0.0289081 0)
(1.72001 -0.0293449 0)
(1.70056 -0.00530483 0)
(1.70428 -0.013318 0)
(1.70951 -0.0176058 0)
(1.71411 -0.0198553 0)
(1.71744 -0.0215035 0)
(1.72 -0.0228706 0)
(1.72217 -0.0239172 0)
(1.72393 -0.0247126 0)
(1.72524 -0.0253801 0)
(1.72613 -0.0259908 0)
(1.72672 -0.0265648 0)
(1.72704 -0.0271029 0)
(1.72716 -0.0275986 0)
(1.72708 -0.0280412 0)
(1.72682 -0.0284233 0)
(1.72639 -0.0287495 0)
(1.72581 -0.029031 0)
(1.7251 -0.0292755 0)
(1.70102 -0.00731556 0)
(1.70679 -0.0168226 0)
(1.71376 -0.0206674 0)
(1.71913 -0.0220976 0)
(1.72285 -0.0229621 0)
(1.72593 -0.0235238 0)
(1.72877 -0.0238055 0)
(1.73126 -0.0239765 0)
(1.73332 -0.024183 0)
(1.735 -0.0244705 0)
(1.73639 -0.0248328 0)
(1.73754 -0.0252472 0)
(1.73848 -0.02568 0)
(1.73921 -0.026095 0)
(1.73972 -0.0264642 0)
(1.74001 -0.0267979 0)
(1.74008 -0.0271241 0)
(1.73996 -0.0275529 0)
(1.70202 -0.0100391 0)
(1.71311 -0.0214407 0)
(1.72552 -0.0258212 0)
(1.73521 -0.0281428 0)
(1.74264 -0.0298933 0)
(1.74895 -0.0308912 0)
(1.7543 -0.0311968 0)
(1.75848 -0.0311385 0)
(1.7615 -0.0309544 0)
(1.76353 -0.0307398 0)
(1.76475 -0.0305358 0)
(1.76531 -0.0303517 0)
(1.76532 -0.0301541 0)
(1.76486 -0.0298974 0)
(1.76394 -0.0295328 0)
(1.76259 -0.0290719 0)
(1.7607 -0.0284972 0)
(1.75854 -0.0282443 0)
(1.71517 -0.0108636 0)
(1.74951 -0.0200348 0)
(1.77166 -0.0217947 0)
(1.77994 -0.0227822 0)
(1.77957 -0.0240133 0)
(1.77448 -0.0248563 0)
(1.76632 -0.0252169 0)
(1.75596 -0.02534 0)
(1.74422 -0.0254009 0)
(1.73177 -0.025465 0)
(1.71911 -0.0255861 0)
(1.70655 -0.0257809 0)
(1.69428 -0.0259827 0)
(1.68239 -0.0260917 0)
(1.67084 -0.0260211 0)
(1.65967 -0.0256428 0)
(1.64811 -0.0247731 0)
(1.6368 -0.0234269 0)
(1.66113 -0.0563811 0)
(1.59814 -0.0693183 0)
(1.53833 -0.0593025 0)
(1.48142 -0.047127 0)
(1.4317 -0.0369151 0)
(1.3899 -0.028761 0)
(1.35419 -0.0222966 0)
(1.32284 -0.0172294 0)
(1.29488 -0.0133039 0)
(1.26974 -0.0103015 0)
(1.24693 -0.00807072 0)
(1.2256 -0.00646497 0)
(1.20555 -0.00530571 0)
(1.18664 -0.00443079 0)
(1.16895 -0.00362459 0)
(1.1523 -0.00296598 0)
(1.13807 -0.000804742 0)
(1.12447 -0.00432256 0)
(-0.0291943 0.0218825 0)
(-0.100777 0.0199741 0)
(-0.109414 -0.00830956 0)
(-0.0124316 -0.0497659 0)
(0.135527 -0.0731568 0)
(0.31442 -0.0775892 0)
(0.494658 -0.067608 0)
(0.651843 -0.0504307 0)
(0.76986 -0.0307486 0)
(0.843242 -0.00975553 0)
(0.868921 0.014633 0)
(0.833191 0.0418452 0)
(0.74082 0.0656786 0)
(0.603631 0.0772913 0)
(0.441568 0.0704759 0)
(0.283812 0.0472054 0)
(0.159866 0.0206117 0)
(0.0761026 0.00832682 0)
(0.0146772 0.00962897 0)
(-0.0283647 0.00562885 0)
(-0.0343649 -0.0119589 0)
(0.0113896 -0.0354287 0)
(0.102497 -0.0492276 0)
(0.208939 -0.0390085 0)
(0.293406 -0.0176211 0)
(0.33308 -0.00348275 0)
(0.340735 -0.00196669 0)
(0.338015 -0.00725994 0)
(0.324668 -0.0109626 0)
(0.278619 -0.00346338 0)
(0.176101 0.0224413 0)
(0.0121885 0.0573702 0)
(-0.194532 0.0836512 0)
(-0.414967 0.0969962 0)
(-0.632129 0.0994589 0)
(-0.833298 0.0943383 0)
(-1.01118 0.084804 0)
(-1.163 0.0732974 0)
(-1.28873 0.0613149 0)
(-1.3894 0.0496415 0)
(-1.46671 0.038734 0)
(-1.52254 0.0288727 0)
(-1.55882 0.0202467 0)
(-1.57743 0.0130515 0)
(-1.58014 0.00739077 0)
(-1.5711 0.00288424 0)
(-1.5519 -0.00107004 0)
(-1.52342 -0.00473256 0)
(-1.48631 -0.00821464 0)
(-1.44103 -0.0115595 0)
(-1.3879 -0.0147722 0)
(-1.32724 -0.0178346 0)
(-1.25933 -0.0207077 0)
(-1.18498 -0.0234 0)
(-1.10459 -0.0259074 0)
(-1.01881 -0.028176 0)
(-0.92844 -0.030134 0)
(-0.834458 -0.0317076 0)
(-0.737989 -0.032834 0)
(-0.640265 -0.0334713 0)
(-0.542561 -0.0336015 0)
(-0.446146 -0.0332257 0)
(-0.352224 -0.0323547 0)
(-0.26186 -0.0310064 0)
(-0.175925 -0.029198 0)
(-0.0950257 -0.0269478 0)
(-0.0197354 -0.0243025 0)
(0.0494481 -0.0213485 0)
(0.112667 -0.0185281 0)
(0.169655 -0.0159373 0)
(0.220557 -0.0135366 0)
(0.265656 -0.0113168 0)
(0.305232 -0.00927511 0)
(0.339592 -0.00740712 0)
(0.369054 -0.00570539 0)
(0.393943 -0.00415745 0)
(0.414569 -0.00274517 0)
(0.431221 -0.00144581 0)
(0.444143 -0.000214929 0)
(0.453498 0.00109187 0)
(0.459198 0.00271414 0)
(0.460569 0.00457481 0)
(0.457958 0.00616533 0)
(0.452257 0.00708636 0)
(0.444196 0.0072982 0)
(0.434466 0.00693638 0)
(0.423658 0.00616511 0)
(0.412266 0.00514259 0)
(0.400725 0.00399908 0)
(0.389432 0.00283119 0)
(0.37874 0.00170729 0)
(0.369009 0.000676101 0)
(0.360619 -0.00023884 0)
(0.354013 -0.00106987 0)
(0.34988 -0.00192109 0)
(0.348905 -0.00310545 0)
(0.352352 -0.00464515 0)
(0.361044 -0.0062841 0)
(0.37455 -0.00755574 0)
(0.390827 -0.00804583 0)
(0.406312 -0.00774262 0)
(0.416438 -0.00684367 0)
(0.41672 -0.00491637 0)
(0.402177 -0.000117359 0)
(0.366012 0.0094945 0)
(0.300758 0.0240481 0)
(0.204201 0.0394216 0)
(0.0843467 0.0512414 0)
(-0.0449267 0.0560931 0)
(-0.17008 0.0550997 0)
(-0.284035 0.0506431 0)
(-0.382859 0.0443745 0)
(-0.465018 0.0373782 0)
(-0.530421 0.0303079 0)
(-0.579664 0.0235481 0)
(-0.613654 0.0173043 0)
(-0.633546 0.0116978 0)
(-0.640347 0.00679373 0)
(-0.636146 0.00251474 0)
(-0.622147 -0.00139511 0)
(-0.598967 -0.00509006 0)
(-0.56718 -0.00860687 0)
(-0.527341 -0.0119351 0)
(-0.480059 -0.0150396 0)
(-0.426042 -0.0178707 0)
(-0.366109 -0.0203668 0)
(-0.301197 -0.0224612 0)
(-0.232341 -0.0240662 0)
(-0.160642 -0.0250918 0)
(-0.0872082 -0.0254512 0)
(-0.0133313 -0.0250742 0)
(0.0598542 -0.0241018 0)
(0.131333 -0.0228678 0)
(0.200069 -0.0213995 0)
(0.265315 -0.0197351 0)
(0.326467 -0.0179195 0)
(0.383062 -0.0159983 0)
(0.434765 -0.0140125 0)
(0.481349 -0.0119952 0)
(0.522651 -0.00995956 0)
(0.558529 -0.00784748 0)
(0.588722 -0.00542856 0)
(0.612642 -0.0022641 0)
(0.629101 0.00196745 0)
(0.636213 0.00671956 0)
(0.633998 0.0107896 0)
(0.623945 0.0134621 0)
(0.607208 0.0147502 0)
(0.585035 0.014905 0)
(0.558669 0.0141845 0)
(0.529337 0.0128451 0)
(0.498247 0.0111284 0)
(0.466549 0.00924904 0)
(0.43528 0.00738825 0)
(0.40531 0.00568958 0)
(0.377311 0.00425109 0)
(0.351749 0.00311593 0)
(0.328922 0.00226946 0)
(0.308981 0.00165451 0)
(0.291946 0.00120577 0)
(0.277659 0.000880566 0)
(0.265747 0.000665796 0)
(0.255643 0.000570308 0)
(0.246683 0.000605668 0)
(0.238275 0.000756271 0)
(0.230054 0.00096794 0)
(0.222004 0.00116189 0)
(0.214494 0.00123788 0)
(0.208217 0.00110829 0)
(0.204109 0.000704552 0)
(0.203005 -2.01531e-05 0)
(0.205691 -0.000943289 0)
(0.21197 -0.00175464 0)
(0.220423 -0.00215624 0)
(0.228825 -0.00208851 0)
(0.234929 -0.00171954 0)
(0.23692 -0.00134128 0)
(0.234015 -0.000893481 0)
(0.225401 0.000487472 0)
(0.209506 0.00374438 0)
(-0.0311684 0.0599825 0)
(-0.0709437 0.0388364 0)
(0.0203216 -0.0515029 0)
(0.170854 -0.159812 0)
(0.351651 -0.223817 0)
(0.538999 -0.236864 0)
(0.712625 -0.213091 0)
(0.857994 -0.170156 0)
(0.968249 -0.119409 0)
(1.04106 -0.0654345 0)
(1.08008 -0.00811663 0)
(1.097 0.0530594 0)
(1.08219 0.114534 0)
(1.02054 0.167227 0)
(0.902974 0.197569 0)
(0.737471 0.194714 0)
(0.549703 0.160523 0)
(0.368818 0.112133 0)
(0.226281 0.0685256 0)
(0.147669 0.0275199 0)
(0.130543 -0.0281727 0)
(0.169371 -0.0965506 0)
(0.24553 -0.143341 0)
(0.333348 -0.130608 0)
(0.40263 -0.0785489 0)
(0.431156 -0.0288971 0)
(0.412902 -0.00171002 0)
(0.334119 0.0232361 0)
(0.169108 0.0796291 0)
(-0.0853204 0.161709 0)
(-0.379026 0.230707 0)
(-0.671895 0.272314 0)
(-0.938531 0.28479 0)
(-1.16514 0.27366 0)
(-1.34807 0.247549 0)
(-1.48947 0.214111 0)
(-1.59472 0.178826 0)
(-1.67019 0.144907 0)
(-1.72183 0.113805 0)
(-1.75473 0.0859039 0)
(-1.77296 0.0611065 0)
(-1.77972 0.0391337 0)
(-1.77731 0.0197513 0)
(-1.76732 0.00282862 0)
(-1.75072 -0.011783 0)
(-1.72545 -0.0245682 0)
(-1.69158 -0.0361235 0)
(-1.64958 -0.046816 0)
(-1.59994 -0.0568757 0)
(-1.54309 -0.0664371 0)
(-1.47937 -0.0755566 0)
(-1.40904 -0.0842209 0)
(-1.33233 -0.0923591 0)
(-1.2495 -0.0999042 0)
(-1.16094 -0.106763 0)
(-1.06723 -0.112762 0)
(-0.969129 -0.117693 0)
(-0.867587 -0.121355 0)
(-0.76371 -0.123587 0)
(-0.658706 -0.124301 0)
(-0.553829 -0.123491 0)
(-0.450318 -0.121221 0)
(-0.349345 -0.117603 0)
(-0.251932 -0.112806 0)
(-0.158897 -0.107047 0)
(-0.0707464 -0.100487 0)
(0.0121357 -0.0932226 0)
(0.0895321 -0.0854312 0)
(0.161423 -0.0777645 0)
(0.227386 -0.0703042 0)
(0.287502 -0.0630623 0)
(0.341964 -0.0560928 0)
(0.391002 -0.0494434 0)
(0.434876 -0.0431457 0)
(0.473865 -0.0372159 0)
(0.508252 -0.0316549 0)
(0.538318 -0.0264468 0)
(0.564335 -0.0215575 0)
(0.586556 -0.0169304 0)
(0.605191 -0.012462 0)
(0.62061 -0.00800495 0)
(0.633876 -0.00357446 0)
(0.64529 0.000567614 0)
(0.654404 0.00424467 0)
(0.660831 0.00744575 0)
(0.664472 0.0101676 0)
(0.665297 0.012369 0)
(0.663315 0.0140109 0)
(0.658575 0.0150617 0)
(0.651194 0.0154936 0)
(0.641398 0.0152748 0)
(0.629588 0.0143517 0)
(0.616424 0.0126221 0)
(0.602911 0.00990175 0)
(0.590416 0.00594035 0)
(0.580614 0.000481274 0)
(0.574718 -0.00609641 0)
(0.57349 -0.0128858 0)
(0.576743 -0.0181043 0)
(0.582485 -0.0194136 0)
(0.585975 -0.0146067 0)
(0.578436 -0.00238799 0)
(0.54629 0.0186933 0)
(0.474641 0.0502317 0)
(0.3558 0.0906883 0)
(0.194141 0.132475 0)
(0.0144251 0.160301 0)
(-0.151144 0.167305 0)
(-0.292028 0.159243 0)
(-0.405715 0.142039 0)
(-0.493795 0.120753 0)
(-0.559509 0.0986008 0)
(-0.606545 0.0772753 0)
(-0.638291 0.0575099 0)
(-0.657534 0.0394861 0)
(-0.666414 0.0231682 0)
(-0.666489 0.00842931 0)
(-0.658805 -0.00488685 0)
(-0.642691 -0.0170461 0)
(-0.617912 -0.0283587 0)
(-0.58479 -0.0390039 0)
(-0.54369 -0.0490208 0)
(-0.495048 -0.058369 0)
(-0.439396 -0.0669592 0)
(-0.377385 -0.0746827 0)
(-0.309802 -0.081411 0)
(-0.237566 -0.0870162 0)
(-0.161675 -0.0913752 0)
(-0.0832189 -0.094321 0)
(-0.00322099 -0.0955576 0)
(0.0773551 -0.0950547 0)
(0.157408 -0.0931962 0)
(0.235853 -0.0902364 0)
(0.311768 -0.0863111 0)
(0.384406 -0.0815811 0)
(0.453177 -0.0762133 0)
(0.517641 -0.0703648 0)
(0.577487 -0.0641683 0)
(0.632503 -0.0577168 0)
(0.682536 -0.0510488 0)
(0.727434 -0.0441378 0)
(0.767054 -0.0368781 0)
(0.801468 -0.0290612 0)
(0.831437 -0.0204385 0)
(0.858601 -0.0110395 0)
(0.882708 -0.00132916 0)
(0.901619 0.00815467 0)
(0.913896 0.0170489 0)
(0.91861 0.025048 0)
(0.915117 0.031865 0)
(0.90317 0.0372613 0)
(0.882928 0.0410691 0)
(0.854943 0.0432258 0)
(0.82014 0.0437823 0)
(0.779783 0.0428881 0)
(0.73541 0.0407586 0)
(0.688763 0.037637 0)
(0.641675 0.0337765 0)
(0.595923 0.0294586 0)
(0.553042 0.0250319 0)
(0.514126 0.0209165 0)
(0.479655 0.0175275 0)
(0.449434 0.0151354 0)
(0.422717 0.0137475 0)
(0.398499 0.013094 0)
(0.375902 0.012715 0)
(0.354473 0.012073 0)
(0.334402 0.0106624 0)
(0.316537 0.008071 0)
(0.30233 0.00412706 0)
(0.29356 -0.000913693 0)
(0.291246 -0.00626307 0)
(0.295478 -0.0105066 0)
(0.304682 -0.0121152 0)
(0.315302 -0.0102737 0)
(0.322613 -0.00536173 0)
(0.322225 0.00161225 0)
(0.310133 0.0102906 0)
(0.28287 0.0211838 0)
(0.241086 0.0349556 0)
(-0.0119592 0.079475 0)
(0.0154017 0.0118524 0)
(0.160744 -0.160248 0)
(0.351999 -0.311666 0)
(0.543463 -0.385616 0)
(0.713763 -0.385337 0)
(0.855216 -0.33744 0)
(0.966565 -0.267173 0)
(1.04963 -0.189574 0)
(1.10768 -0.110623 0)
(1.14346 -0.0316078 0)
(1.15847 0.0482581 0)
(1.15587 0.130649 0)
(1.13509 0.212774 0)
(1.08415 0.282069 0)
(0.986712 0.318735 0)
(0.840492 0.30943 0)
(0.665758 0.258897 0)
(0.50229 0.184647 0)
(0.387962 0.0974909 0)
(0.335093 -0.00731573 0)
(0.34 -0.124559 0)
(0.377304 -0.20162 0)
(0.415974 -0.183082 0)
(0.426305 -0.0973288 0)
(0.38118 -0.00533415 0)
(0.241605 0.0864898 0)
(-0.00583291 0.201583 0)
(-0.321115 0.322384 0)
(-0.639546 0.415286 0)
(-0.921133 0.464847 0)
(-1.14819 0.472729 0)
(-1.31892 0.447545 0)
(-1.44192 0.400909 0)
(-1.52983 0.344285 0)
(-1.59419 0.286168 0)
(-1.64318 0.231575 0)
(-1.68146 0.18268 0)
(-1.71111 0.139835 0)
(-1.73269 0.102491 0)
(-1.74609 0.0697926 0)
(-1.75098 0.0408785 0)
(-1.74725 0.0150274 0)
(-1.73484 -0.00836968 0)
(-1.71391 -0.0298066 0)
(-1.68493 -0.0495308 0)
(-1.64837 -0.0677276 0)
(-1.60464 -0.0846779 0)
(-1.55408 -0.100645 0)
(-1.49695 -0.115838 0)
(-1.43347 -0.130387 0)
(-1.36375 -0.144324 0)
(-1.28792 -0.157583 0)
(-1.20612 -0.170013 0)
(-1.11865 -0.181375 0)
(-1.026 -0.191343 0)
(-0.928879 -0.199545 0)
(-0.828209 -0.205624 0)
(-0.725116 -0.209295 0)
(-0.620855 -0.210397 0)
(-0.516733 -0.208916 0)
(-0.414033 -0.204977 0)
(-0.313954 -0.198819 0)
(-0.217542 -0.190765 0)
(-0.125576 -0.181231 0)
(-0.0384361 -0.170468 0)
(0.0434742 -0.158672 0)
(0.120099 -0.146325 0)
(0.19122 -0.134043 0)
(0.256672 -0.121967 0)
(0.31658 -0.110218 0)
(0.371158 -0.09891 0)
(0.420664 -0.0881251 0)
(0.465384 -0.0779148 0)
(0.505618 -0.0683035 0)
(0.541664 -0.0592932 0)
(0.573819 -0.0508661 0)
(0.602378 -0.0429799 0)
(0.62764 -0.0355576 0)
(0.649923 -0.0285325 0)
(0.669536 -0.0219597 0)
(0.686765 -0.0159675 0)
(0.701858 -0.0105762 0)
(0.715131 -0.00569925 0)
(0.726956 -0.00125163 0)
(0.737482 0.00282884 0)
(0.746677 0.00662309 0)
(0.754442 0.010203 0)
(0.760557 0.0135802 0)
(0.764675 0.0166741 0)
(0.766405 0.0192932 0)
(0.765431 0.0211261 0)
(0.761633 0.0217468 0)
(0.75514 0.0206435 0)
(0.746265 0.0173227 0)
(0.735488 0.0115463 0)
(0.723349 0.00358022 0)
(0.710412 -0.00533248 0)
(0.69639 -0.0122623 0)
(0.678717 -0.0122921 0)
(0.650352 0.000897028 0)
(0.599147 0.032864 0)
(0.512164 0.0848711 0)
(0.382453 0.151744 0)
(0.217511 0.219904 0)
(0.0410765 0.27017 0)
(-0.11139 0.285601 0)
(-0.231201 0.273796 0)
(-0.322565 0.245347 0)
(-0.391413 0.209424 0)
(-0.443913 0.172216 0)
(-0.484452 0.136982 0)
(-0.515548 0.104961 0)
(-0.538389 0.0762707 0)
(-0.553346 0.0504741 0)
(-0.560455 0.0270577 0)
(-0.559652 0.00554175 0)
(-0.550763 -0.0146376 0)
(-0.533771 -0.033745 0)
(-0.50885 -0.0518925 0)
(-0.476179 -0.0691266 0)
(-0.435984 -0.0854247 0)
(-0.388578 -0.100678 0)
(-0.3344 -0.114709 0)
(-0.274036 -0.127315 0)
(-0.208202 -0.138265 0)
(-0.137748 -0.147362 0)
(-0.0636738 -0.15435 0)
(0.0131053 -0.158835 0)
(0.0915228 -0.160713 0)
(0.170447 -0.16023 0)
(0.248827 -0.157594 0)
(0.325676 -0.15306 0)
(0.400131 -0.146898 0)
(0.471491 -0.139402 0)
(0.539225 -0.130866 0)
(0.602956 -0.121565 0)
(0.662444 -0.111735 0)
(0.717564 -0.101548 0)
(0.768289 -0.0910908 0)
(0.814688 -0.0803442 0)
(0.856918 -0.0692416 0)
(0.895179 -0.0578273 0)
(0.929627 -0.0463403 0)
(0.960406 -0.034943 0)
(0.987867 -0.0234463 0)
(1.0126 -0.011529 0)
(1.03464 0.00087573 0)
(1.05326 0.0135725 0)
(1.06765 0.0262752 0)
(1.07671 0.0386013 0)
(1.0792 0.0500939 0)
(1.07396 0.0602664 0)
(1.0601 0.0686596 0)
(1.03714 0.074894 0)
(1.00518 0.0787024 0)
(0.96491 0.0799462 0)
(0.917601 0.0786291 0)
(0.864944 0.0749327 0)
(0.80891 0.0692774 0)
(0.751605 0.0623706 0)
(0.695104 0.0551616 0)
(0.641217 0.04864 0)
(0.591186 0.0435205 0)
(0.545464 0.0399765 0)
(0.503762 0.0375808 0)
(0.46539 0.0354431 0)
(0.42975 0.0324539 0)
(0.396745 0.0274829 0)
(0.367147 0.0197165 0)
(0.342587 0.00914555 0)
(0.325278 -0.00286172 0)
(0.3168 -0.0134287 0)
(0.316724 -0.01911 0)
(0.321531 -0.0172166 0)
(0.324715 -0.00724307 0)
(0.318759 0.00962789 0)
(0.296914 0.0317167 0)
(0.255776 0.056938 0)
(0.198125 0.0833907 0)
(-0.00236817 0.0656024 0)
(0.0893745 -0.0829429 0)
(0.28743 -0.317734 0)
(0.494663 -0.479139 0)
(0.664904 -0.530878 0)
(0.791677 -0.498983 0)
(0.884283 -0.422026 0)
(0.952918 -0.328621 0)
(1.00476 -0.233407 0)
(1.0444 -0.140941 0)
(1.07446 -0.050472 0)
(1.09625 0.0405158 0)
(1.10819 0.133932 0)
(1.1096 0.229546 0)
(1.09752 0.321442 0)
(1.05892 0.392467 0)
(0.977661 0.41931 0)
(0.85365 0.388793 0)
(0.711854 0.30656 0)
(0.587628 0.188949 0)
(0.504096 0.0439017 0)
(0.466844 -0.116147 0)
(0.45159 -0.211771 0)
(0.417549 -0.169159 0)
(0.335338 -0.0316462 0)
(0.155203 0.137452 0)
(-0.132523 0.31204 0)
(-0.460326 0.469425 0)
(-0.76539 0.581327 0)
(-1.01192 0.635229 0)
(-1.19148 0.635425 0)
(-1.31327 0.596312 0)
(-1.3945 0.533913 0)
(-1.45232 0.46197 0)
(-1.49885 0.389929 0)
(-1.54005 0.322695 0)
(-1.57732 0.261929 0)
(-1.60981 0.207558 0)
(-1.63609 0.158855 0)
(-1.65498 0.115011 0)
(-1.66579 0.0753365 0)
(-1.66825 0.0393312 0)
(-1.66247 0.00656091 0)
(-1.64865 -0.0234528 0)
(-1.62714 -0.0511084 0)
(-1.59837 -0.0767125 0)
(-1.56273 -0.100534 0)
(-1.52061 -0.122867 0)
(-1.47227 -0.144011 0)
(-1.41791 -0.164232 0)
(-1.35761 -0.183722 0)
(-1.29138 -0.202561 0)
(-1.21918 -0.220685 0)
(-1.14101 -0.237873 0)
(-1.05702 -0.253748 0)
(-0.967565 -0.267802 0)
(-0.873277 -0.279463 0)
(-0.775062 -0.288181 0)
(-0.674076 -0.293516 0)
(-0.571646 -0.295213 0)
(-0.469176 -0.293236 0)
(-0.368045 -0.287768 0)
(-0.269524 -0.27917 0)
(-0.174719 -0.267948 0)
(-0.0843532 -0.254692 0)
(0.00110166 -0.239656 0)
(0.0811635 -0.223234 0)
(0.155866 -0.206295 0)
(0.224929 -0.189349 0)
(0.288368 -0.172675 0)
(0.346347 -0.156494 0)
(0.399105 -0.140971 0)
(0.446926 -0.126216 0)
(0.490114 -0.112293 0)
(0.528984 -0.0992289 0)
(0.563844 -0.087022 0)
(0.595 -0.0756479 0)
(0.622743 -0.0650666 0)
(0.647365 -0.0552292 0)
(0.669169 -0.0460946 0)
(0.688467 -0.0376489 0)
(0.705541 -0.0298858 0)
(0.720626 -0.0227983 0)
(0.733914 -0.0164141 0)
(0.745578 -0.0107562 0)
(0.755817 -0.00577483 0)
(0.764971 -0.00134189 0)
(0.773352 0.00272484 0)
(0.781183 0.0066391 0)
(0.7885 0.0105668 0)
(0.795049 0.0145162 0)
(0.800241 0.0182568 0)
(0.803225 0.0213133 0)
(0.803057 0.0230443 0)
(0.798945 0.0227854 0)
(0.790508 0.0200711 0)
(0.777684 0.0150009 0)
(0.760035 0.00931397 0)
(0.735579 0.00759323 0)
(0.699495 0.0177663 0)
(0.643714 0.0488278 0)
(0.558722 0.106647 0)
(0.439421 0.188317 0)
(0.291579 0.279152 0)
(0.135566 0.354704 0)
(-0.000615867 0.390514 0)
(-0.103227 0.382753 0)
(-0.180041 0.347931 0)
(-0.239379 0.301303 0)
(-0.287802 0.252442 0)
(-0.328859 0.206057 0)
(-0.363589 0.16369 0)
(-0.391811 0.125356 0)
(-0.413067 0.0905039 0)
(-0.426912 0.0584658 0)
(-0.433176 0.0287693 0)
(-0.431857 0.00106229 0)
(-0.423092 -0.0253597 0)
(-0.406851 -0.0506859 0)
(-0.383191 -0.0750028 0)
(-0.352201 -0.0983159 0)
(-0.314014 -0.120542 0)
(-0.26884 -0.141517 0)
(-0.217032 -0.160892 0)
(-0.15915 -0.178381 0)
(-0.0958503 -0.193629 0)
(-0.0279925 -0.206251 0)
(0.0436371 -0.215667 0)
(0.117741 -0.221739 0)
(0.193245 -0.224439 0)
(0.269084 -0.223876 0)
(0.344227 -0.220305 0)
(0.417726 -0.214075 0)
(0.488769 -0.205597 0)
(0.556706 -0.195307 0)
(0.62106 -0.183639 0)
(0.681513 -0.170991 0)
(0.737892 -0.157699 0)
(0.790138 -0.144025 0)
(0.838287 -0.130144 0)
(0.882461 -0.11615 0)
(0.922874 -0.102072 0)
(0.959812 -0.0879115 0)
(0.993556 -0.0736689 0)
(1.02428 -0.0593511 0)
(1.05206 -0.0450024 0)
(1.07695 -0.0306867 0)
(1.09919 -0.0163683 0)
(1.11914 -0.00192019 0)
(1.13691 0.012761 0)
(1.15238 0.0277519 0)
(1.1651 0.0430129 0)
(1.1742 0.0583217 0)
(1.1784 0.0732429 0)
(1.17618 0.0871488 0)
(1.166 0.0992912 0)
(1.14657 0.108916 0)
(1.11712 0.115397 0)
(1.0776 0.118352 0)
(1.02867 0.117745 0)
(0.971786 0.113926 0)
(0.909065 0.107635 0)
(0.843135 0.0999111 0)
(0.776792 0.0919041 0)
(0.712513 0.0845655 0)
(0.651968 0.0783278 0)
(0.595795 0.0728975 0)
(0.543786 0.0672606 0)
(0.495376 0.0598897 0)
(0.450258 0.0491855 0)
(0.408828 0.0341472 0)
(0.372676 0.0155606 0)
(0.344488 -0.00298455 0)
(0.32648 -0.0154153 0)
(0.317441 -0.0160453 0)
(0.311602 -0.00215496 0)
(0.29978 0.0249276 0)
(0.273614 0.0610148 0)
(0.23029 0.0998851 0)
(0.173217 0.135552 0)
(0.00155804 0.0180022 0)
(0.169457 -0.24072 0)
(0.38956 -0.497953 0)
(0.573473 -0.627169 0)
(0.69453 -0.633869 0)
(0.767257 -0.565973 0)
(0.813859 -0.466528 0)
(0.848666 -0.360873 0)
(0.878517 -0.259251 0)
(0.906375 -0.162975 0)
(0.932973 -0.0695996 0)
(0.959087 0.0245324 0)
(0.983514 0.122667 0)
(1.00294 0.225013 0)
(1.01475 0.328273 0)
(1.0126 0.421245 0)
(0.981609 0.480013 0)
(0.909615 0.478383 0)
(0.803828 0.406999 0)
(0.687857 0.279602 0)
(0.588192 0.110429 0)
(0.517999 -0.0750432 0)
(0.445978 -0.164288 0)
(0.325252 -0.072406 0)
(0.112759 0.147875 0)
(-0.19238 0.38362 0)
(-0.515789 0.579782 0)
(-0.798946 0.712132 0)
(-1.01339 0.772179 0)
(-1.1574 0.769416 0)
(-1.24712 0.722684 0)
(-1.30405 0.652186 0)
(-1.34604 0.573232 0)
(-1.38347 0.494764 0)
(-1.41985 0.420659 0)
(-1.45478 0.351934 0)
(-1.48649 0.288474 0)
(-1.51329 0.229891 0)
(-1.53396 0.175791 0)
(-1.54776 0.125837 0)
(-1.55429 0.0797114 0)
(-1.55347 0.0371606 0)
(-1.54533 -0.00205845 0)
(-1.53014 -0.0383055 0)
(-1.50822 -0.0718486 0)
(-1.47993 -0.102985 0)
(-1.44567 -0.132028 0)
(-1.4058 -0.159328 0)
(-1.36056 -0.185257 0)
(-1.31009 -0.210173 0)
(-1.25436 -0.234356 0)
(-1.19321 -0.257952 0)
(-1.1264 -0.28091 0)
(-1.0537 -0.302946 0)
(-0.975037 -0.323534 0)
(-0.890568 -0.341956 0)
(-0.800787 -0.357391 0)
(-0.706547 -0.369039 0)
(-0.609028 -0.37626 0)
(-0.50964 -0.378677 0)
(-0.40991 -0.376228 0)
(-0.311342 -0.369176 0)
(-0.215302 -0.358047 0)
(-0.122944 -0.343549 0)
(-0.0350288 -0.326341 0)
(0.0478138 -0.306813 0)
(0.1253 -0.285818 0)
(0.197265 -0.264282 0)
(0.263587 -0.242728 0)
(0.324365 -0.22155 0)
(0.379799 -0.201042 0)
(0.430153 -0.181413 0)
(0.475729 -0.162795 0)
(0.516843 -0.145264 0)
(0.553816 -0.128845 0)
(0.58696 -0.113532 0)
(0.616579 -0.0992925 0)
(0.642962 -0.0860785 0)
(0.666387 -0.0738342 0)
(0.687126 -0.0625094 0)
(0.705437 -0.0520787 0)
(0.721546 -0.0425436 0)
(0.735657 -0.0339134 0)
(0.747958 -0.0261805 0)
(0.758637 -0.0193024 0)
(0.767871 -0.0132177 0)
(0.77583 -0.00785534 0)
(0.782687 -0.0031044 0)
(0.788666 0.00121994 0)
(0.79401 0.00538552 0)
(0.79885 0.00967321 0)
(0.803047 0.0142388 0)
(0.806075 0.0189636 0)
(0.80704 0.0233666 0)
(0.804853 0.0266601 0)
(0.79842 0.0281191 0)
(0.786474 0.0279501 0)
(0.766895 0.0288166 0)
(0.735853 0.0372132 0)
(0.687582 0.0630198 0)
(0.61563 0.11583 0)
(0.515999 0.198352 0)
(0.392535 0.300243 0)
(0.259513 0.3976 0)
(0.138402 0.461577 0)
(0.0440589 0.47517 0)
(-0.024757 0.445682 0)
(-0.0789334 0.39566 0)
(-0.125013 0.340015 0)
(-0.16601 0.285646 0)
(-0.202329 0.234822 0)
(-0.233272 0.187809 0)
(-0.258132 0.14426 0)
(-0.276609 0.103748 0)
(-0.288347 0.0658528 0)
(-0.293286 0.0302152 0)
(-0.291452 -0.00345538 0)
(-0.283111 -0.035759 0)
(-0.267947 -0.0669122 0)
(-0.245918 -0.0970272 0)
(-0.217009 -0.126084 0)
(-0.181299 -0.15393 0)
(-0.138917 -0.180372 0)
(-0.0900834 -0.204892 0)
(-0.0352907 -0.227174 0)
(0.0250001 -0.246473 0)
(0.0897065 -0.262248 0)
(0.157766 -0.274107 0)
(0.228151 -0.281765 0)
(0.299769 -0.285153 0)
(0.371543 -0.284403 0)
(0.442456 -0.279829 0)
(0.511601 -0.271885 0)
(0.578225 -0.261111 0)
(0.641743 -0.248087 0)
(0.701747 -0.233383 0)
(0.757993 -0.217522 0)
(0.810376 -0.200949 0)
(0.858909 -0.184013 0)
(0.903696 -0.166954 0)
(0.944912 -0.149917 0)
(0.982782 -0.132967 0)
(1.01756 -0.116137 0)
(1.04947 -0.0994486 0)
(1.07873 -0.0829048 0)
(1.10548 -0.0664698 0)
(1.12983 -0.0500855 0)
(1.15181 -0.0337026 0)
(1.17145 -0.0172849 0)
(1.18881 -0.000803122 0)
(1.20401 0.0157867 0)
(1.21721 0.0325952 0)
(1.22852 0.0497499 0)
(1.23779 0.0673085 0)
(1.24444 0.0851376 0)
(1.24734 0.102817 0)
(1.24481 0.119622 0)
(1.23488 0.134617 0)
(1.21567 0.14682 0)
(1.18574 0.155406 0)
(1.14451 0.159868 0)
(1.09245 0.160133 0)
(1.03117 0.156614 0)
(0.963239 0.150166 0)
(0.89179 0.141918 0)
(0.819945 0.132962 0)
(0.750201 0.123953 0)
(0.684025 0.114767 0)
(0.62181 0.104399 0)
(0.563194 0.0911915 0)
(0.5076 0.0734725 0)
(0.454958 0.0506992 0)
(0.406607 0.0252098 0)
(0.365865 0.00378352 0)
(0.33636 -0.00376158 0)
(0.3165 0.00941434 0)
(0.298374 0.0428933 0)
(0.272906 0.0897168 0)
(0.236526 0.138975 0)
(0.190716 0.180317 0)
(0.0311381 -0.0600792 0)
(0.241428 -0.42061 0)
(0.441839 -0.659554 0)
(0.573572 -0.730183 0)
(0.63899 -0.688592 0)
(0.668902 -0.594438 0)
(0.687227 -0.484949 0)
(0.704575 -0.377457 0)
(0.724574 -0.276999 0)
(0.747984 -0.182356 0)
(0.773964 -0.0901586 0)
(0.801769 0.00312363 0)
(0.830999 0.10147 0)
(0.859269 0.206625 0)
(0.883511 0.316208 0)
(0.899634 0.42246 0)
(0.897253 0.50513 0)
(0.861589 0.532903 0)
(0.788184 0.484153 0)
(0.687119 0.364683 0)
(0.584313 0.186351 0)
(0.494139 -0.00482036 0)
(0.365293 -0.0574158 0)
(0.134854 0.122352 0)
(-0.184025 0.404728 0)
(-0.504602 0.644393 0)
(-0.772506 0.804377 0)
(-0.965713 0.87852 0)
(-1.08778 0.880535 0)
(-1.1584 0.833975 0)
(-1.20082 0.761977 0)
(-1.23247 0.681077 0)
(-1.26215 0.599906 0)
(-1.29212 0.521667 0)
(-1.32155 0.44713 0)
(-1.34894 0.376415 0)
(-1.37296 0.309584 0)
(-1.39262 0.246668 0)
(-1.40714 0.187615 0)
(-1.41587 0.13233 0)
(-1.41831 0.0806924 0)
(-1.41434 0.0325779 0)
(-1.40384 -0.0121331 0)
(-1.38707 -0.0536872 0)
(-1.36432 -0.0922656 0)
(-1.33603 -0.128115 0)
(-1.30268 -0.161557 0)
(-1.26473 -0.192999 0)
(-1.2225 -0.222917 0)
(-1.17614 -0.251801 0)
(-1.12554 -0.280075 0)
(-1.07038 -0.308001 0)
(-1.01019 -0.335579 0)
(-0.944425 -0.362476 0)
(-0.872685 -0.38801 0)
(-0.794839 -0.411208 0)
(-0.711165 -0.43093 0)
(-0.622406 -0.446051 0)
(-0.529737 -0.45565 0)
(-0.434656 -0.459186 0)
(-0.338826 -0.456552 0)
(-0.243891 -0.448112 0)
(-0.151341 -0.434553 0)
(-0.0623242 -0.416806 0)
(0.0221825 -0.395478 0)
(0.101557 -0.371428 0)
(0.175606 -0.345905 0)
(0.244086 -0.319765 0)
(0.307006 -0.293649 0)
(0.364512 -0.26805 0)
(0.416834 -0.243327 0)
(0.464261 -0.219723 0)
(0.507107 -0.197391 0)
(0.545697 -0.176409 0)
(0.580353 -0.156803 0)
(0.611387 -0.138555 0)
(0.639097 -0.121622 0)
(0.663767 -0.105945 0)
(0.68566 -0.0914565 0)
(0.705026 -0.0780976 0)
(0.722089 -0.065824 0)
(0.737052 -0.0546074 0)
(0.750083 -0.0444261 0)
(0.761336 -0.0352586 0)
(0.770949 -0.0270785 0)
(0.779066 -0.0198437 0)
(0.785836 -0.0134735 0)
(0.791412 -0.00783025 0)
(0.79593 -0.00271534 0)
(0.799499 0.00213591 0)
(0.80221 0.00704767 0)
(0.804075 0.0123275 0)
(0.80493 0.018114 0)
(0.804318 0.024217 0)
(0.801394 0.0301301 0)
(0.794791 0.0355007 0)
(0.782344 0.0412626 0)
(0.760686 0.0512064 0)
(0.725169 0.0729231 0)
(0.670798 0.116441 0)
(0.594333 0.189271 0)
(0.497195 0.289091 0)
(0.388385 0.398839 0)
(0.283186 0.489875 0)
(0.19592 0.536261 0)
(0.130504 0.530883 0)
(0.0802536 0.48911 0)
(0.037014 0.432437 0)
(-0.0022989 0.372917 0)
(-0.0380988 0.315237 0)
(-0.0696607 0.260533 0)
(-0.0962351 0.208985 0)
(-0.117373 0.160476 0)
(-0.132997 0.114798 0)
(-0.142739 0.0718664 0)
(-0.146534 0.0313047 0)
(-0.144267 -0.00777669 0)
(-0.136377 -0.0452125 0)
(-0.122354 -0.0815618 0)
(-0.102062 -0.116977 0)
(-0.0753295 -0.151438 0)
(-0.0421582 -0.18476 0)
(-0.00242906 -0.216548 0)
(0.0437406 -0.246157 0)
(0.0953579 -0.272935 0)
(0.151924 -0.296153 0)
(0.212609 -0.315119 0)
(0.276436 -0.329302 0)
(0.342332 -0.338379 0)
(0.409198 -0.342273 0)
(0.475965 -0.341159 0)
(0.541657 -0.335438 0)
(0.605434 -0.325683 0)
(0.666618 -0.312576 0)
(0.724714 -0.296843 0)
(0.779407 -0.279196 0)
(0.830539 -0.260284 0)
(0.878094 -0.240655 0)
(0.922158 -0.220739 0)
(0.962898 -0.200839 0)
(1.00053 -0.181144 0)
(1.0353 -0.161746 0)
(1.06746 -0.142674 0)
(1.09723 -0.123908 0)
(1.12479 -0.1054 0)
(1.15026 -0.0870785 0)
(1.17373 -0.0688681 0)
(1.19523 -0.050693 0)
(1.21477 -0.0324736 0)
(1.2323 -0.0141453 0)
(1.24775 0.004298 0)
(1.26103 0.022842 0)
(1.2722 0.0415101 0)
(1.28139 0.0603908 0)
(1.28882 0.0796264 0)
(1.29452 0.0993215 0)
(1.29808 0.119394 0)
(1.29839 0.139437 0)
(1.29365 0.158664 0)
(1.28161 0.175992 0)
(1.26001 0.190226 0)
(1.2272 0.20031 0)
(1.18256 0.205565 0)
(1.12681 0.205874 0)
(1.06195 0.201732 0)
(0.99091 0.194105 0)
(0.916948 0.184082 0)
(0.842978 0.172409 0)
(0.770981 0.159099 0)
(0.701735 0.143337 0)
(0.634941 0.123789 0)
(0.569757 0.0993363 0)
(0.505857 0.0705716 0)
(0.44509 0.0421964 0)
(0.392476 0.0246312 0)
(0.353041 0.0297023 0)
(0.325591 0.0615153 0)
(0.302053 0.112421 0)
(0.276177 0.16741 0)
(0.244846 0.212426 0)
(0.0768087 -0.188441 0)
(0.280328 -0.597063 0)
(0.431132 -0.777048 0)
(0.505016 -0.784082 0)
(0.529349 -0.708275 0)
(0.537176 -0.602973 0)
(0.544091 -0.493148 0)
(0.555351 -0.389223 0)
(0.572995 -0.293124 0)
(0.596577 -0.202015 0)
(0.623603 -0.112014 0)
(0.651958 -0.0201179 0)
(0.681132 0.0772818 0)
(0.710008 0.183213 0)
(0.736755 0.296615 0)
(0.758144 0.411722 0)
(0.767016 0.512071 0)
(0.750567 0.565979 0)
(0.698942 0.544617 0)
(0.612188 0.442994 0)
(0.51606 0.263679 0)
(0.412524 0.0876534 0)
(0.211539 0.119866 0)
(-0.109564 0.385799 0)
(-0.436577 0.665281 0)
(-0.701796 0.860193 0)
(-0.887408 0.957826 0)
(-0.999779 0.973381 0)
(-1.06059 0.933555 0)
(-1.094 0.864471 0)
(-1.11742 0.784279 0)
(-1.13922 0.702183 0)
(-1.16154 0.621476 0)
(-1.18399 0.543059 0)
(-1.20576 0.467309 0)
(-1.22611 0.394549 0)
(-1.24425 0.324993 0)
(-1.25922 0.258704 0)
(-1.26997 0.195657 0)
(-1.27557 0.135831 0)
(-1.27518 0.079297 0)
(-1.26859 0.0261057 0)
(-1.25557 -0.0237069 0)
(-1.23638 -0.0701671 0)
(-1.21141 -0.113295 0)
(-1.18134 -0.153243 0)
(-1.14693 -0.190319 0)
(-1.10893 -0.225 0)
(-1.06793 -0.257908 0)
(-1.02422 -0.289742 0)
(-0.977763 -0.32116 0)
(-0.928119 -0.352632 0)
(-0.874553 -0.38429 0)
(-0.816177 -0.415803 0)
(-0.752158 -0.44634 0)
(-0.681963 -0.474624 0)
(-0.605544 -0.499112 0)
(-0.523448 -0.518251 0)
(-0.436805 -0.530745 0)
(-0.347178 -0.535836 0)
(-0.256344 -0.533351 0)
(-0.166132 -0.523736 0)
(-0.0780139 -0.507909 0)
(0.00664676 -0.486803 0)
(0.0866726 -0.461237 0)
(0.161775 -0.432843 0)
(0.231538 -0.402827 0)
(0.295839 -0.372151 0)
(0.35474 -0.341585 0)
(0.40842 -0.311707 0)
(0.457139 -0.282929 0)
(0.501198 -0.255525 0)
(0.54092 -0.229658 0)
(0.576627 -0.205408 0)
(0.608639 -0.182791 0)
(0.637258 -0.16178 0)
(0.662772 -0.14232 0)
(0.685451 -0.124334 0)
(0.705547 -0.107742 0)
(0.72329 -0.0924631 0)
(0.738887 -0.0784307 0)
(0.752513 -0.0655923 0)
(0.764315 -0.0539096 0)
(0.774413 -0.0433521 0)
(0.782914 -0.0338883 0)
(0.789923 -0.0254714 0)
(0.795548 -0.0180232 0)
(0.799903 -0.0114118 0)
(0.803106 -0.00542837 0)
(0.805259 0.000225276 0)
(0.806431 0.00591445 0)
(0.806638 0.0120112 0)
(0.805796 0.0187903 0)
(0.803597 0.0263328 0)
(0.799298 0.0346029 0)
(0.791427 0.0439615 0)
(0.777493 0.0562723 0)
(0.753912 0.0761913 0)
(0.716539 0.111464 0)
(0.662173 0.17077 0)
(0.590671 0.258312 0)
(0.506738 0.367022 0)
(0.420275 0.475833 0)
(0.34297 0.556247 0)
(0.281772 0.588037 0)
(0.234742 0.571354 0)
(0.195198 0.523767 0)
(0.158675 0.464145 0)
(0.124523 0.402273 0)
(0.0933025 0.341634 0)
(0.0659116 0.283294 0)
(0.0429474 0.227679 0)
(0.0246609 0.174848 0)
(0.0113533 0.124792 0)
(0.00346963 0.077398 0)
(0.000646097 0.0323563 0)
(0.00361707 -0.0113863 0)
(0.0121147 -0.0536339 0)
(0.0258599 -0.0948699 0)
(0.0452311 -0.135318 0)
(0.0704685 -0.174921 0)
(0.101639 -0.213412 0)
(0.138717 -0.250169 0)
(0.181492 -0.284582 0)
(0.229505 -0.315676 0)
(0.282113 -0.342573 0)
(0.33845 -0.364449 0)
(0.397518 -0.380675 0)
(0.458243 -0.390885 0)
(0.519548 -0.395018 0)
(0.580417 -0.393316 0)
(0.639947 -0.386281 0)
(0.697392 -0.374621 0)
(0.752182 -0.359165 0)
(0.803938 -0.340793 0)
(0.852456 -0.320355 0)
(0.897688 -0.298621 0)
(0.939712 -0.276236 0)
(0.978699 -0.253699 0)
(1.01487 -0.231358 0)
(1.0485 -0.209422 0)
(1.07982 -0.187989 0)
(1.10909 -0.167066 0)
(1.13651 -0.146606 0)
(1.16223 -0.126523 0)
(1.18634 -0.106707 0)
(1.20888 -0.0870403 0)
(1.22986 -0.0674137 0)
(1.24924 -0.0477271 0)
(1.26697 -0.0278866 0)
(1.28295 -0.0078192 0)
(1.29705 0.0124801 0)
(1.30911 0.0329792 0)
(1.31899 0.0536215 0)
(1.3267 0.0743869 0)
(1.33243 0.0953494 0)
(1.33646 0.116678 0)
(1.33892 0.138532 0)
(1.33944 0.160867 0)
(1.33685 0.183225 0)
(1.32919 0.204635 0)
(1.31396 0.223709 0)
(1.28883 0.238926 0)
(1.25224 0.249011 0)
(1.20392 0.253273 0)
(1.14505 0.251762 0)
(1.07798 0.245152 0)
(1.00572 0.23439 0)
(0.931151 0.220239 0)
(0.856353 0.202947 0)
(0.782237 0.182191 0)
(0.708576 0.157314 0)
(0.634559 0.128147 0)
(0.560136 0.0969557 0)
(0.488506 0.0711444 0)
(0.427509 0.0633886 0)
(0.384623 0.0838955 0)
(0.358052 0.129683 0)
(0.340176 0.184705 0)
(0.321676 0.232056 0)
(0.107145 -0.344585 0)
(0.273055 -0.741293 0)
(0.364606 -0.842932 0)
(0.39432 -0.802889 0)
(0.398362 -0.712041 0)
(0.398463 -0.605084 0)
(0.401777 -0.498459 0)
(0.412281 -0.400387 0)
(0.432125 -0.310558 0)
(0.459309 -0.22361 0)
(0.488907 -0.135025 0)
(0.517547 -0.0430218 0)
(0.544447 0.0545788 0)
(0.569453 0.161216 0)
(0.592296 0.277422 0)
(0.610879 0.399273 0)
(0.620037 0.51316 0)
(0.61025 0.588927 0)
(0.57001 0.594734 0)
(0.495265 0.512108 0)
(0.412066 0.340117 0)
(0.285625 0.22092 0)
(0.0126363 0.362682 0)
(-0.321085 0.65245 0)
(-0.595334 0.884562 0)
(-0.785898 1.01323 0)
(-0.899537 1.04984 0)
(-0.958132 1.02225 0)
(-0.986691 0.959161 0)
(-1.00349 0.881233 0)
(-1.0177 0.799256 0)
(-1.0323 0.717384 0)
(-1.04787 0.636942 0)
(-1.0645 0.558521 0)
(-1.08208 0.48248 0)
(-1.09996 0.408931 0)
(-1.11695 0.337778 0)
(-1.13146 0.26888 0)
(-1.14183 0.202205 0)
(-1.14665 0.137868 0)
(-1.14483 0.0762385 0)
(-1.13598 0.0176709 0)
(-1.11988 -0.0375912 0)
(-1.09687 -0.0891518 0)
(-1.0676 -0.136795 0)
(-1.0331 -0.180519 0)
(-0.994575 -0.220586 0)
(-0.953235 -0.257551 0)
(-0.910138 -0.292237 0)
(-0.865986 -0.325649 0)
(-0.820971 -0.358812 0)
(-0.774699 -0.392561 0)
(-0.726248 -0.42729 0)
(-0.674354 -0.462773 0)
(-0.617691 -0.498055 0)
(-0.555209 -0.531525 0)
(-0.486423 -0.561138 0)
(-0.411579 -0.584782 0)
(-0.331709 -0.600674 0)
(-0.248365 -0.607767 0)
(-0.163453 -0.605785 0)
(-0.0787925 -0.595296 0)
(0.00386428 -0.577179 0)
(0.0829573 -0.552478 0)
(0.157761 -0.523014 0)
(0.227681 -0.490395 0)
(0.29241 -0.455986 0)
(0.351879 -0.420918 0)
(0.406188 -0.386076 0)
(0.455548 -0.352116 0)
(0.500234 -0.319495 0)
(0.540556 -0.288507 0)
(0.576833 -0.259322 0)
(0.60938 -0.232014 0)
(0.638501 -0.20659 0)
(0.664483 -0.18301 0)
(0.687596 -0.161201 0)
(0.70809 -0.141075 0)
(0.726199 -0.122534 0)
(0.742135 -0.10548 0)
(0.756087 -0.0898224 0)
(0.768217 -0.0754837 0)
(0.778655 -0.0624009 0)
(0.787501 -0.0505237 0)
(0.794834 -0.0398095 0)
(0.800722 -0.0302121 0)
(0.805232 -0.021661 0)
(0.808446 -0.0140325 0)
(0.81046 -0.00711837 0)
(0.811382 -0.000608865 0)
(0.811309 0.0058936 0)
(0.810286 0.0128268 0)
(0.808246 0.0206044 0)
(0.804872 0.0295909 0)
(0.799389 0.040255 0)
(0.790304 0.0536862 0)
(0.775253 0.0725333 0)
(0.751194 0.101868 0)
(0.715205 0.148852 0)
(0.665982 0.220119 0)
(0.605463 0.316624 0)
(0.539399 0.428062 0)
(0.476038 0.532131 0)
(0.42245 0.602912 0)
(0.380375 0.625226 0)
(0.345801 0.602894 0)
(0.313847 0.552847 0)
(0.282856 0.491485 0)
(0.253663 0.427548 0)
(0.227171 0.364347 0)
(0.204086 0.303078 0)
(0.184922 0.244257 0)
(0.169881 0.187951 0)
(0.159271 0.134126 0)
(0.153321 0.0825433 0)
(0.151848 0.0328501 0)
(0.154946 -0.0149608 0)
(0.162669 -0.0615677 0)
(0.175452 -0.107345 0)
(0.193468 -0.152461 0)
(0.21697 -0.196841 0)
(0.246048 -0.240113 0)
(0.280628 -0.281589 0)
(0.320429 -0.320377 0)
(0.364945 -0.355387 0)
(0.413475 -0.385545 0)
(0.465138 -0.409901 0)
(0.518937 -0.427746 0)
(0.57383 -0.438695 0)
(0.628801 -0.442722 0)
(0.682921 -0.440152 0)
(0.735403 -0.43161 0)
(0.78563 -0.417948 0)
(0.833175 -0.400151 0)
(0.877798 -0.37925 0)
(0.919433 -0.356232 0)
(0.958153 -0.331977 0)
(0.994142 -0.307212 0)
(1.02765 -0.282489 0)
(1.05897 -0.258182 0)
(1.08838 -0.234504 0)
(1.11614 -0.211534 0)
(1.14248 -0.18925 0)
(1.16757 -0.167561 0)
(1.19151 -0.146333 0)
(1.21435 -0.125412 0)
(1.23608 -0.10464 0)
(1.25666 -0.0838685 0)
(1.27599 -0.062976 0)
(1.29397 -0.0418607 0)
(1.31048 -0.0204408 0)
(1.32539 0.00133357 0)
(1.33855 0.0234628 0)
(1.34976 0.0459001 0)
(1.35882 0.0685439 0)
(1.36561 0.091286 0)
(1.37017 0.114096 0)
(1.37279 0.137098 0)
(1.37389 0.160547 0)
(1.37368 0.18465 0)
(1.3717 0.209265 0)
(1.36656 0.233641 0)
(1.35599 0.25637 0)
(1.33735 0.275649 0)
(1.30842 0.289745 0)
(1.26804 0.297463 0)
(1.2165 0.298391 0)
(1.1554 0.29286 0)
(1.08715 0.281636 0)
(1.01424 0.265548 0)
(0.938622 0.245211 0)
(0.861253 0.220932 0)
(0.782049 0.192916 0)
(0.700498 0.1622 0)
(0.617761 0.132728 0)
(0.539806 0.113635 0)
(0.47768 0.117015 0)
(0.438779 0.147768 0)
(0.420422 0.19519 0)
(0.40945 0.242007 0)
(0.111786 -0.497899 0)
(0.224871 -0.836237 0)
(0.262964 -0.867635 0)
(0.267675 -0.805088 0)
(0.263652 -0.71073 0)
(0.260494 -0.604857 0)
(0.263299 -0.503641 0)
(0.276464 -0.414502 0)
(0.300991 -0.332904 0)
(0.332902 -0.249742 0)
(0.365402 -0.16056 0)
(0.394559 -0.0658406 0)
(0.419063 0.0344755 0)
(0.43905 0.143348 0)
(0.455575 0.262701 0)
(0.467752 0.390509 0)
(0.471971 0.515182 0)
(0.462143 0.608812 0)
(0.426562 0.638151 0)
(0.364345 0.570068 0)
(0.294891 0.422577 0)
(0.130558 0.397853 0)
(-0.174486 0.621933 0)
(-0.462129 0.881528 0)
(-0.666195 1.04684 0)
(-0.789648 1.11098 0)
(-0.852594 1.10045 0)
(-0.880214 1.04603 0)
(-0.892326 0.971511 0)
(-0.899858 0.890342 0)
(-0.907355 0.808253 0)
(-0.916715 0.727335 0)
(-0.929116 0.648423 0)
(-0.945121 0.571772 0)
(-0.964284 0.497133 0)
(-0.985096 0.423939 0)
(-1.00535 0.351631 0)
(-1.02262 0.279925 0)
(-1.03469 0.208951 0)
(-1.03981 0.139159 0)
(-1.03693 0.0713549 0)
(-1.02556 0.00633339 0)
(-1.00566 -0.0552985 0)
(-0.977746 -0.112675 0)
(-0.942693 -0.16527 0)
(-0.901797 -0.212856 0)
(-0.856641 -0.255589 0)
(-0.808948 -0.294057 0)
(-0.760361 -0.329296 0)
(-0.712182 -0.362699 0)
(-0.665102 -0.395817 0)
(-0.61901 -0.430052 0)
(-0.572977 -0.466278 0)
(-0.525453 -0.50453 0)
(-0.474622 -0.543808 0)
(-0.418868 -0.582154 0)
(-0.357193 -0.616935 0)
(-0.289477 -0.645353 0)
(-0.216551 -0.664973 0)
(-0.139913 -0.674465 0)
(-0.0614644 -0.673269 0)
(0.0167201 -0.661871 0)
(0.0928532 -0.641224 0)
(0.16573 -0.613356 0)
(0.234428 -0.580155 0)
(0.298409 -0.543446 0)
(0.357431 -0.504822 0)
(0.411477 -0.465576 0)
(0.460686 -0.426701 0)
(0.505294 -0.388919 0)
(0.545585 -0.35272 0)
(0.581866 -0.318413 0)
(0.614445 -0.286166 0)
(0.643619 -0.256043 0)
(0.66967 -0.228039 0)
(0.692861 -0.202097 0)
(0.713435 -0.178132 0)
(0.731619 -0.156039 0)
(0.747622 -0.135706 0)
(0.761635 -0.117016 0)
(0.773832 -0.0998612 0)
(0.784358 -0.0841384 0)
(0.793333 -0.0697595 0)
(0.800845 -0.0566518 0)
(0.806955 -0.0447565 0)
(0.811704 -0.0340203 0)
(0.815126 -0.0243766 0)
(0.817268 -0.0157162 0)
(0.818199 -0.00785027 0)
(0.818022 -0.000480885 0)
(0.816857 0.00680771 0)
(0.814786 0.0145275 0)
(0.811768 0.0232585 0)
(0.807492 0.0336715 0)
(0.801198 0.0467113 0)
(0.791519 0.0640539 0)
(0.776495 0.0888203 0)
(0.753946 0.126045 0)
(0.722279 0.181912 0)
(0.681658 0.261005 0)
(0.634986 0.361776 0)
(0.587592 0.47229 0)
(0.545212 0.570818 0)
(0.510999 0.634469 0)
(0.483639 0.651578 0)
(0.458883 0.627189 0)
(0.433661 0.576635 0)
(0.407938 0.514399 0)
(0.383196 0.448794 0)
(0.360642 0.383351 0)
(0.341017 0.319427 0)
(0.324798 0.257612 0)
(0.312232 0.198099 0)
(0.303507 0.140866 0)
(0.298786 0.0857365 0)
(0.298169 0.0324427 0)
(0.301687 -0.019209 0)
(0.309459 -0.0696864 0)
(0.322026 -0.119523 0)
(0.339449 -0.168895 0)
(0.361901 -0.21765 0)
(0.389413 -0.265292 0)
(0.421842 -0.310985 0)
(0.458838 -0.353637 0)
(0.499838 -0.392001 0)
(0.544087 -0.424844 0)
(0.59069 -0.451105 0)
(0.638675 -0.470022 0)
(0.687062 -0.481217 0)
(0.734937 -0.484723 0)
(0.781504 -0.480972 0)
(0.82613 -0.470725 0)
(0.868367 -0.454991 0)
(0.907962 -0.434913 0)
(0.944843 -0.411667 0)
(0.979096 -0.386366 0)
(1.01093 -0.359985 0)
(1.04064 -0.333315 0)
(1.06855 -0.306936 0)
(1.09499 -0.281225 0)
(1.12027 -0.256375 0)
(1.14464 -0.232426 0)
(1.16827 -0.209309 0)
(1.1913 -0.186879 0)
(1.21375 -0.16495 0)
(1.2356 -0.143321 0)
(1.25679 -0.121795 0)
(1.2772 -0.100191 0)
(1.29669 -0.0783639 0)
(1.31508 -0.0561996 0)
(1.33222 -0.0336156 0)
(1.34795 -0.010558 0)
(1.36209 0.0129795 0)
(1.37451 0.0369801 0)
(1.38501 0.0613717 0)
(1.39341 0.0860258 0)
(1.39949 0.110773 0)
(1.40321 0.135485 0)
(1.4048 0.160196 0)
(1.40476 0.185145 0)
(1.40366 0.210658 0)
(1.40166 0.236821 0)
(1.39796 0.263113 0)
(1.39071 0.288236 0)
(1.37731 0.310297 0)
(1.35515 0.327294 0)
(1.32239 0.337657 0)
(1.27849 0.340593 0)
(1.22417 0.336126 0)
(1.1611 0.324892 0)
(1.09125 0.307843 0)
(1.01632 0.286017 0)
(0.937338 0.260412 0)
(0.854539 0.232077 0)
(0.768353 0.202916 0)
(0.681888 0.177749 0)
(0.604018 0.165671 0)
(0.546561 0.175774 0)
(0.51606 0.206768 0)
(0.502922 0.246777 0)
(0.092536 -0.625065 0)
(0.150116 -0.879016 0)
(0.147806 -0.867467 0)
(0.138863 -0.80016 0)
(0.128517 -0.705591 0)
(0.123166 -0.603085 0)
(0.127554 -0.510863 0)
(0.143936 -0.433098 0)
(0.171291 -0.35999 0)
(0.205612 -0.279435 0)
(0.240148 -0.188121 0)
(0.270783 -0.0889366 0)
(0.295373 0.016354 0)
(0.312734 0.12955 0)
(0.324398 0.25331 0)
(0.330605 0.387092 0)
(0.32964 0.520592 0)
(0.318077 0.6286 0)
(0.284992 0.675075 0)
(0.240259 0.617069 0)
(0.175379 0.51908 0)
(-0.0310923 0.605369 0)
(-0.314223 0.852671 0)
(-0.53494 1.05666 0)
(-0.67319 1.1558 0)
(-0.745468 1.16804 0)
(-0.775752 1.12551 0)
(-0.785296 1.05568 0)
(-0.787326 0.975725 0)
(-0.788402 0.89384 0)
(-0.79197 0.813353 0)
(-0.800386 0.735541 0)
(-0.815003 0.660559 0)
(-0.835641 0.587639 0)
(-0.860518 0.515445 0)
(-0.886777 0.442652 0)
(-0.91123 0.368436 0)
(-0.930975 0.292684 0)
(-0.943747 0.215982 0)
(-0.947936 0.139351 0)
(-0.942935 0.0641318 0)
(-0.928368 -0.00844308 0)
(-0.904554 -0.0773332 0)
(-0.872013 -0.141307 0)
(-0.831603 -0.199519 0)
(-0.784614 -0.251456 0)
(-0.732732 -0.297042 0)
(-0.677965 -0.336768 0)
(-0.622446 -0.371782 0)
(-0.568118 -0.403854 0)
(-0.516343 -0.435162 0)
(-0.467559 -0.467894 0)
(-0.421106 -0.503661 0)
(-0.375357 -0.543007 0)
(-0.328151 -0.585037 0)
(-0.277381 -0.627503 0)
(-0.221543 -0.667068 0)
(-0.160181 -0.700219 0)
(-0.0938029 -0.723706 0)
(-0.0239295 -0.73565 0)
(0.0475115 -0.735039 0)
(0.118621 -0.72252 0)
(0.18776 -0.699765 0)
(0.253695 -0.668859 0)
(0.315589 -0.63205 0)
(0.372988 -0.591444 0)
(0.425726 -0.548848 0)
(0.473849 -0.505706 0)
(0.517536 -0.463105 0)
(0.557041 -0.421818 0)
(0.592649 -0.38236 0)
(0.624657 -0.345041 0)
(0.65335 -0.310023 0)
(0.678999 -0.277358 0)
(0.701855 -0.247022 0)
(0.722151 -0.218947 0)
(0.740101 -0.193029 0)
(0.7559 -0.169151 0)
(0.769731 -0.147187 0)
(0.78176 -0.127007 0)
(0.792139 -0.108486 0)
(0.801001 -0.091502 0)
(0.808454 -0.0759429 0)
(0.814581 -0.0617116 0)
(0.819432 -0.0487271 0)
(0.823033 -0.0369223 0)
(0.825393 -0.0262298 0)
(0.826525 -0.0165551 0)
(0.826469 -0.00773739 0)
(0.82531 0.000493309 0)
(0.823166 0.0085518 0)
(0.820149 0.0170131 0)
(0.816265 0.026621 0)
(0.811279 0.038338 0)
(0.804565 0.0535128 0)
(0.795033 0.0742292 0)
(0.781267 0.103785 0)
(0.76196 0.146869 0)
(0.736623 0.208588 0)
(0.706337 0.291831 0)
(0.674157 0.393426 0)
(0.64433 0.501016 0)
(0.620213 0.594364 0)
(0.602169 0.653394 0)
(0.587245 0.668587 0)
(0.57146 0.644793 0)
(0.552902 0.595391 0)
(0.532384 0.533307 0)
(0.511793 0.466637 0)
(0.492672 0.399294 0)
(0.475925 0.332959 0)
(0.462051 0.26842 0)
(0.451358 0.20603 0)
(0.444074 0.145828 0)
(0.440467 0.0876307 0)
(0.44075 0.0311252 0)
(0.444883 -0.0239613 0)
(0.453032 -0.0780363 0)
(0.465669 -0.131642 0)
(0.482791 -0.18491 0)
(0.504478 -0.237609 0)
(0.530655 -0.289118 0)
(0.561062 -0.338451 0)
(0.595242 -0.384334 0)
(0.632544 -0.425363 0)
(0.672164 -0.460178 0)
(0.713206 -0.487643 0)
(0.754752 -0.506982 0)
(0.795925 -0.517855 0)
(0.835958 -0.520389 0)
(0.874231 -0.51514 0)
(0.910307 -0.503025 0)
(0.943943 -0.485209 0)
(0.975087 -0.462992 0)
(1.00386 -0.437684 0)
(1.0305 -0.410506 0)
(1.05537 -0.382506 0)
(1.07886 -0.354512 0)
(1.10136 -0.327107 0)
(1.12324 -0.300641 0)
(1.14478 -0.275259 0)
(1.16621 -0.250943 0)
(1.18763 -0.227558 0)
(1.20909 -0.204895 0)
(1.23055 -0.182711 0)
(1.25188 -0.160756 0)
(1.27295 -0.138795 0)
(1.29355 -0.116623 0)
(1.31347 -0.0940747 0)
(1.3325 -0.0710315 0)
(1.35041 -0.047416 0)
(1.36701 -0.0231852 0)
(1.38212 0.00166434 0)
(1.39557 0.0270962 0)
(1.40721 0.0530454 0)
(1.41692 0.0794144 0)
(1.42454 0.106052 0)
(1.42987 0.132747 0)
(1.43283 0.159292 0)
(1.43355 0.185617 0)
(1.43257 0.211889 0)
(1.43065 0.238448 0)
(1.42834 0.265512 0)
(1.42539 0.292764 0)
(1.42043 0.319088 0)
(1.41105 0.342662 0)
(1.39453 0.361406 0)
(1.36858 0.373551 0)
(1.33191 0.378055 0)
(1.28446 0.374732 0)
(1.22714 0.36415 0)
(1.16139 0.34742 0)
(1.08873 0.325981 0)
(1.01034 0.301318 0)
(0.927053 0.274824 0)
(0.840418 0.248653 0)
(0.755564 0.227638 0)
(0.682373 0.219533 0)
(0.632722 0.229192 0)
(0.605611 0.254029 0)
(0.0569903 -0.709943 0)
(0.063215 -0.876263 0)
(0.0322418 -0.852876 0)
(0.00997236 -0.78739 0)
(-0.00832451 -0.695345 0)
(-0.0151565 -0.600489 0)
(-0.00963542 -0.519582 0)
(0.00700871 -0.452718 0)
(0.0331294 -0.386902 0)
(0.0669874 -0.30891 0)
(0.103548 -0.216123 0)
(0.1377 -0.113286 0)
(0.165686 -0.00236245 0)
(0.184488 0.117289 0)
(0.19519 0.247254 0)
(0.198979 0.387315 0)
(0.195897 0.528368 0)
(0.183353 0.647836 0)
(0.156824 0.702475 0)
(0.135181 0.655989 0)
(0.0525733 0.637293 0)
(-0.171527 0.808738 0)
(-0.400632 1.03557 0)
(-0.554932 1.17843 0)
(-0.63933 1.22217 0)
(-0.675064 1.19696 0)
(-0.683969 1.13426 0)
(-0.681564 1.0561 0)
(-0.676636 0.974348 0)
(-0.674235 0.894335 0)
(-0.677903 0.818208 0)
(-0.689863 0.746246 0)
(-0.710358 0.677182 0)
(-0.73747 0.608729 0)
(-0.767774 0.538469 0)
(-0.79737 0.464698 0)
(-0.82278 0.386844 0)
(-0.841382 0.305399 0)
(-0.851563 0.221658 0)
(-0.852317 0.137326 0)
(-0.843786 0.0542255 0)
(-0.82576 -0.0262273 0)
(-0.798859 -0.102639 0)
(-0.763321 -0.173576 0)
(-0.719761 -0.237926 0)
(-0.669163 -0.294849 0)
(-0.612974 -0.343909 0)
(-0.553162 -0.385299 0)
(-0.492069 -0.420076 0)
(-0.432095 -0.450246 0)
(-0.375232 -0.478578 0)
(-0.322554 -0.508162 0)
(-0.273916 -0.541594 0)
(-0.22788 -0.580238 0)
(-0.182185 -0.623498 0)
(-0.134476 -0.668996 0)
(-0.0828759 -0.712656 0)
(-0.0266721 -0.750103 0)
(0.0337638 -0.777149 0)
(0.097116 -0.790948 0)
(0.161574 -0.790758 0)
(0.225393 -0.777275 0)
(0.287076 -0.752353 0)
(0.345528 -0.718468 0)
(0.400067 -0.678203 0)
(0.450367 -0.633934 0)
(0.496366 -0.587664 0)
(0.538181 -0.540967 0)
(0.576028 -0.495005 0)
(0.610175 -0.450585 0)
(0.6409 -0.40823 0)
(0.668478 -0.368246 0)
(0.693164 -0.330779 0)
(0.715194 -0.295867 0)
(0.734783 -0.263469 0)
(0.752126 -0.2335 0)
(0.767404 -0.205844 0)
(0.78078 -0.18037 0)
(0.792407 -0.156942 0)
(0.802426 -0.13542 0)
(0.810964 -0.115664 0)
(0.818138 -0.0975397 0)
(0.824046 -0.0809152 0)
(0.828764 -0.0656703 0)
(0.83234 -0.0517001 0)
(0.834793 -0.0389175 0)
(0.836118 -0.0272466 0)
(0.836301 -0.0166021 0)
(0.83535 -0.006852 0)
(0.833319 0.00223437 0)
(0.830309 0.011051 0)
(0.826447 0.0202085 0)
(0.821806 0.0305782 0)
(0.816284 0.0433584 0)
(0.809488 0.0602033 0)
(0.800715 0.0834446 0)
(0.789119 0.116357 0)
(0.774145 0.163133 0)
(0.756089 0.227889 0)
(0.736508 0.312277 0)
(0.718179 0.412267 0)
(0.704149 0.515878 0)
(0.69589 0.604773 0)
(0.691923 0.661297 0)
(0.688384 0.677074 0)
(0.681492 0.655944 0)
(0.669917 0.609201 0)
(0.654867 0.548393 0)
(0.638503 0.481466 0)
(0.622657 0.41278 0)
(0.608477 0.344491 0)
(0.596617 0.277661 0)
(0.587508 0.212762 0)
(0.581485 0.149853 0)
(0.578903 0.0887423 0)
(0.580013 0.02913 0)
(0.584788 -0.0292113 0)
(0.593408 -0.0866804 0)
(0.606224 -0.143789 0)
(0.623148 -0.200606 0)
(0.644136 -0.256801 0)
(0.668965 -0.311623 0)
(0.697224 -0.363928 0)
(0.728322 -0.412288 0)
(0.761512 -0.455166 0)
(0.795955 -0.491124 0)
(0.830788 -0.519 0)
(0.865183 -0.538046 0)
(0.898415 -0.548007 0)
(0.929905 -0.549127 0)
(0.959253 -0.542112 0)
(0.986253 -0.528038 0)
(1.0109 -0.508231 0)
(1.03335 -0.484132 0)
(1.05394 -0.457172 0)
(1.07307 -0.428654 0)
(1.09124 -0.39967 0)
(1.10892 -0.37105 0)
(1.12655 -0.343347 0)
(1.14449 -0.316853 0)
(1.16299 -0.291635 0)
(1.18219 -0.267593 0)
(1.20213 -0.24451 0)
(1.22272 -0.222107 0)
(1.24381 -0.20008 0)
(1.2652 -0.178134 0)
(1.28663 -0.156002 0)
(1.30783 -0.133463 0)
(1.32852 -0.110342 0)
(1.34842 -0.0865236 0)
(1.36726 -0.0619444 0)
(1.38481 -0.0365815 0)
(1.40087 -0.0104473 0)
(1.41526 0.0163969 0)
(1.42783 0.0438625 0)
(1.43847 0.071828 0)
(1.44712 0.100166 0)
(1.45369 0.128703 0)
(1.45804 0.157194 0)
(1.46008 0.185369 0)
(1.45991 0.213062 0)
(1.45804 0.240343 0)
(1.4553 0.267511 0)
(1.45249 0.294844 0)
(1.44975 0.322194 0)
(1.44616 0.348663 0)
(1.43965 0.372619 0)
(1.42755 0.392076 0)
(1.40731 0.405247 0)
(1.37714 0.410986 0)
(1.33631 0.408997 0)
(1.2851 0.399815 0)
(1.22455 0.384666 0)
(1.15608 0.365166 0)
(1.0811 0.342834 0)
(1.00091 0.318933 0)
(0.918171 0.295439 0)
(0.838649 0.276695 0)
(0.773258 0.268009 0)
(0.726186 0.273016 0)
(0.015135 -0.741206 0)
(-0.0253851 -0.84043 0)
(-0.08081 -0.824497 0)
(-0.121259 -0.763857 0)
(-0.14846 -0.680685 0)
(-0.157726 -0.597549 0)
(-0.153057 -0.527927 0)
(-0.138362 -0.470011 0)
(-0.115263 -0.410499 0)
(-0.0833834 -0.336272 0)
(-0.044827 -0.243792 0)
(-0.00471915 -0.138115 0)
(0.0298602 -0.022354 0)
(0.0535595 0.103871 0)
(0.0674143 0.24085 0)
(0.0728431 0.387885 0)
(0.0708721 0.536864 0)
(0.0615483 0.663106 0)
(0.0542631 0.714641 0)
(0.0469657 0.695842 0)
(-0.0695535 0.774434 0)
(-0.273632 0.98083 0)
(-0.44055 1.16716 0)
(-0.537667 1.25482 0)
(-0.580606 1.25652 0)
(-0.590326 1.2062 0)
(-0.584259 1.13173 0)
(-0.573399 1.05013 0)
(-0.564377 0.969944 0)
(-0.561805 0.894943 0)
(-0.568795 0.826028 0)
(-0.586224 0.761759 0)
(-0.612337 0.698948 0)
(-0.643374 0.633865 0)
(-0.674846 0.563561 0)
(-0.702731 0.486643 0)
(-0.724161 0.403348 0)
(-0.737467 0.315087 0)
(-0.742009 0.223895 0)
(-0.737535 0.132063 0)
(-0.724807 0.041669 0)
(-0.70375 -0.0461119 0)
(-0.675009 -0.129554 0)
(-0.638466 -0.207213 0)
(-0.594383 -0.277787 0)
(-0.543294 -0.340108 0)
(-0.486198 -0.393304 0)
(-0.424756 -0.43709 0)
(-0.361237 -0.472212 0)
(-0.298209 -0.500678 0)
(-0.238064 -0.525709 0)
(-0.182328 -0.551254 0)
(-0.131398 -0.581044 0)
(-0.0842813 -0.617577 0)
(-0.0388227 -0.660742 0)
(0.00741272 -0.708131 0)
(0.056336 -0.75509 0)
(0.108663 -0.795878 0)
(0.164068 -0.825553 0)
(0.22137 -0.840849 0)
(0.278992 -0.840663 0)
(0.335379 -0.825865 0)
(0.389283 -0.798637 0)
(0.439853 -0.761793 0)
(0.486627 -0.718231 0)
(0.529454 -0.670569 0)
(0.568396 -0.620975 0)
(0.603647 -0.571119 0)
(0.63546 -0.522212 0)
(0.664104 -0.475073 0)
(0.689844 -0.430221 0)
(0.712919 -0.387944 0)
(0.733548 -0.348372 0)
(0.751923 -0.311523 0)
(0.768218 -0.277342 0)
(0.782589 -0.245728 0)
(0.795179 -0.216554 0)
(0.806121 -0.189681 0)
(0.815536 -0.16496 0)
(0.823538 -0.142245 0)
(0.830233 -0.121389 0)
(0.835718 -0.102245 0)
(0.840079 -0.0846697 0)
(0.843388 -0.0685236 0)
(0.84569 -0.0536784 0)
(0.847006 -0.0400235 0)
(0.847323 -0.0274668 0)
(0.846615 -0.0159228 0)
(0.844858 -0.00528294 0)
(0.842071 0.00464152 0)
(0.838323 0.0142054 0)
(0.833745 0.0240155 0)
(0.828477 0.0350094 0)
(0.822577 0.048537 0)
(0.81594 0.0664493 0)
(0.808287 0.0912023 0)
(0.799317 0.125942 0)
(0.789075 0.174347 0)
(0.778371 0.239706 0)
(0.768952 0.322863 0)
(0.763187 0.419529 0)
(0.763056 0.518589 0)
(0.768652 0.603701 0)
(0.777327 0.659233 0)
(0.784679 0.677323 0)
(0.786964 0.660419 0)
(0.782996 0.617703 0)
(0.774036 0.559383 0)
(0.762353 0.493213 0)
(0.750004 0.423981 0)
(0.738429 0.354326 0)
(0.728538 0.28562 0)
(0.720952 0.218473 0)
(0.716141 0.153017 0)
(0.714542 0.0891049 0)
(0.716429 0.0265078 0)
(0.721794 -0.0349346 0)
(0.730822 -0.0956042 0)
(0.743732 -0.155946 0)
(0.760326 -0.215934 0)
(0.780406 -0.275121 0)
(0.803573 -0.332615 0)
(0.829244 -0.387125 0)
(0.856693 -0.437095 0)
(0.885097 -0.480912 0)
(0.913616 -0.517111 0)
(0.941461 -0.544564 0)
(0.967947 -0.562605 0)
(0.992541 -0.571097 0)
(1.0149 -0.570433 0)
(1.03486 -0.561481 0)
(1.0525 -0.545481 0)
(1.06804 -0.523909 0)
(1.08189 -0.498336 0)
(1.09457 -0.470284 0)
(1.10665 -0.441106 0)
(1.11874 -0.411902 0)
(1.13137 -0.383465 0)
(1.14499 -0.356277 0)
(1.15992 -0.330532 0)
(1.17632 -0.306196 0)
(1.19421 -0.283061 0)
(1.21351 -0.26082 0)
(1.234 -0.239118 0)
(1.25542 -0.217595 0)
(1.27744 -0.195919 0)
(1.29971 -0.173804 0)
(1.32189 -0.151021 0)
(1.34362 -0.127403 0)
(1.36459 -0.102843 0)
(1.38449 -0.0772984 0)
(1.40305 -0.05078 0)
(1.42005 -0.0233309 0)
(1.43531 0.00496931 0)
(1.44867 0.0340006 0)
(1.46002 0.0635947 0)
(1.46931 0.0935858 0)
(1.47654 0.123812 0)
(1.4817 0.154074 0)
(1.48475 0.184101 0)
(1.48561 0.213575 0)
(1.48439 0.242249 0)
(1.48153 0.270102 0)
(1.47787 0.297372 0)
(1.47432 0.324358 0)
(1.47132 0.351046 0)
(1.46829 0.376774 0)
(1.46357 0.400183 0)
(1.45468 0.419515 0)
(1.43903 0.433109 0)
(1.41454 0.439836 0)
(1.38003 0.439349 0)
(1.33534 0.432133 0)
(1.28124 0.419374 0)
(1.21907 0.402537 0)
(1.15028 0.382804 0)
(1.07655 0.361048 0)
(1.0006 0.339019 0)
(0.929766 0.319865 0)
(0.867578 0.307915 0)
(-0.0245935 -0.711003 0)
(-0.110173 -0.784431 0)
(-0.194358 -0.776344 0)
(-0.256613 -0.727852 0)
(-0.294929 -0.660731 0)
(-0.308697 -0.592904 0)
(-0.305245 -0.535139 0)
(-0.291071 -0.48561 0)
(-0.268958 -0.432731 0)
(-0.238108 -0.364063 0)
(-0.19822 -0.27422 0)
(-0.153262 -0.166182 0)
(-0.110943 -0.0453141 0)
(-0.0792266 0.0876654 0)
(-0.0589113 0.232843 0)
(-0.0481524 0.388027 0)
(-0.0429003 0.541678 0)
(-0.0361963 0.662679 0)
(-0.0183751 0.712303 0)
(-0.0408178 0.754607 0)
(-0.174139 0.906819 0)
(-0.335407 1.11175 0)
(-0.44403 1.25224 0)
(-0.494907 1.29512 0)
(-0.506558 1.26707 0)
(-0.497324 1.20119 0)
(-0.480375 1.12111 0)
(-0.463885 1.04019 0)
(-0.45339 0.964968 0)
(-0.452775 0.897811 0)
(-0.463723 0.837785 0)
(-0.485046 0.781244 0)
(-0.513069 0.723188 0)
(-0.542967 0.659097 0)
(-0.57024 0.586297 0)
(-0.591648 0.504332 0)
(-0.605459 0.414559 0)
(-0.611108 0.31934 0)
(-0.608713 0.221279 0)
(-0.598669 0.123009 0)
(-0.581894 0.0265442 0)
(-0.558608 -0.0673984 0)
(-0.529101 -0.156857 0)
(-0.493004 -0.240458 0)
(-0.450274 -0.316817 0)
(-0.40107 -0.384505 0)
(-0.345929 -0.442213 0)
(-0.286085 -0.489018 0)
(-0.223515 -0.525194 0)
(-0.160649 -0.552576 0)
(-0.100013 -0.574637 0)
(-0.0434027 -0.596127 0)
(0.0085307 -0.621801 0)
(0.0563739 -0.655522 0)
(0.102054 -0.697897 0)
(0.147717 -0.746259 0)
(0.194958 -0.795322 0)
(0.244359 -0.83846 0)
(0.295493 -0.869812 0)
(0.347208 -0.885622 0)
(0.39812 -0.884719 0)
(0.446979 -0.868137 0)
(0.492875 -0.838368 0)
(0.535286 -0.798556 0)
(0.574027 -0.75187 0)
(0.609155 -0.701124 0)
(0.640873 -0.648603 0)
(0.669448 -0.596032 0)
(0.695162 -0.544636 0)
(0.718277 -0.495225 0)
(0.739028 -0.448297 0)
(0.757614 -0.404117 0)
(0.774205 -0.362793 0)
(0.788947 -0.324323 0)
(0.801968 -0.28864 0)
(0.813382 -0.25563 0)
(0.823297 -0.22516 0)
(0.831812 -0.197081 0)
(0.839021 -0.17124 0)
(0.845013 -0.147485 0)
(0.849873 -0.125664 0)
(0.853679 -0.105624 0)
(0.856505 -0.0872122 0)
(0.858415 -0.0702769 0)
(0.859456 -0.05467 0)
(0.85965 -0.040257 0)
(0.85899 -0.0269236 0)
(0.857441 -0.0145742 0)
(0.854962 -0.0031135 0)
(0.851535 0.0076109 0)
(0.847192 0.0179005 0)
(0.842054 0.0283172 0)
(0.836309 0.0397944 0)
(0.83017 0.0537363 0)
(0.823819 0.0720811 0)
(0.817388 0.0973159 0)
(0.811072 0.13242 0)
(0.805383 0.180614 0)
(0.801459 0.244549 0)
(0.801092 0.324605 0)
(0.806254 0.416656 0)
(0.818106 0.510729 0)
(0.835789 0.59243 0)
(0.855953 0.647835 0)
(0.873891 0.66928 0)
(0.885758 0.657711 0)
(0.89019 0.620232 0)
(0.888212 0.565661 0)
(0.882002 0.501417 0)
(0.873761 0.432582 0)
(0.865211 0.362242 0)
(0.857568 0.292115 0)
(0.851688 0.223034 0)
(0.848193 0.155265 0)
(0.847605 0.0887509 0)
(0.850223 0.023348 0)
(0.856053 -0.0410135 0)
(0.865288 -0.104656 0)
(0.878006 -0.16791 0)
(0.893882 -0.230625 0)
(0.912546 -0.292214 0)
(0.933414 -0.35164 0)
(0.955741 -0.407489 0)
(0.978692 -0.458126 0)
(1.00141 -0.50192 0)
(1.02312 -0.53745 0)
(1.04315 -0.563679 0)
(1.061 -0.58007 0)
(1.07638 -0.58664 0)
(1.0892 -0.58395 0)
(1.09959 -0.57304 0)
(1.10787 -0.55531 0)
(1.11454 -0.532373 0)
(1.12024 -0.505902 0)
(1.12567 -0.477477 0)
(1.13155 -0.448464 0)
(1.13854 -0.419922 0)
(1.14721 -0.392561 0)
(1.15795 -0.366746 0)
(1.17098 -0.342541 0)
(1.18634 -0.319774 0)
(1.20391 -0.298122 0)
(1.22343 -0.277181 0)
(1.24455 -0.256527 0)
(1.26688 -0.235757 0)
(1.29 -0.214518 0)
(1.31347 -0.192519 0)
(1.33688 -0.169539 0)
(1.35984 -0.145428 0)
(1.382 -0.1201 0)
(1.40303 -0.0935408 0)
(1.42262 -0.0657932 0)
(1.44054 -0.0369436 0)
(1.4566 -0.00710537 0)
(1.47065 0.0235719 0)
(1.48257 0.0548903 0)
(1.4923 0.0866168 0)
(1.49985 0.118543 0)
(1.5053 0.150472 0)
(1.50873 0.18218 0)
(1.51017 0.213376 0)
(1.50958 0.243706 0)
(1.50708 0.272872 0)
(1.50306 0.30078 0)
(1.49831 0.32761 0)
(1.49378 0.353667 0)
(1.49006 0.37905 0)
(1.48693 0.403334 0)
(1.48306 0.425476 0)
(1.47632 0.44403 0)
(1.46427 0.457551 0)
(1.44474 0.464995 0)
(1.41632 0.465975 0)
(1.37861 0.46086 0)
(1.33216 0.4506 0)
(1.2781 0.436256 0)
(1.21781 0.418498 0)
(1.1525 0.397918 0)
(1.08652 0.375754 0)
(1.02044 0.354273 0)
(-0.0588041 -0.631063 0)
(-0.190774 -0.698919 0)
(-0.31006 -0.703608 0)
(-0.396927 -0.676876 0)
(-0.450075 -0.633162 0)
(-0.470491 -0.585642 0)
(-0.467509 -0.542129 0)
(-0.450281 -0.501569 0)
(-0.424428 -0.455418 0)
(-0.391097 -0.393178 0)
(-0.349697 -0.308203 0)
(-0.301818 -0.200403 0)
(-0.253309 -0.0741189 0)
(-0.211881 0.0668552 0)
(-0.18091 0.22019 0)
(-0.156866 0.379749 0)
(-0.132633 0.529283 0)
(-0.101856 0.642067 0)
(-0.0780751 0.714858 0)
(-0.127097 0.82759 0)
(-0.249604 1.01725 0)
(-0.360917 1.20029 0)
(-0.419876 1.29822 0)
(-0.43439 1.30744 0)
(-0.422552 1.25986 0)
(-0.399326 1.18572 0)
(-0.374595 1.10491 0)
(-0.354745 1.02829 0)
(-0.344237 0.960806 0)
(-0.345536 0.903055 0)
(-0.35836 0.851845 0)
(-0.37965 0.801432 0)
(-0.404674 0.74567 0)
(-0.428619 0.680108 0)
(-0.447821 0.603011 0)
(-0.46019 0.515137 0)
(-0.46507 0.418933 0)
(-0.462744 0.317519 0)
(-0.4537 0.213817 0)
(-0.438755 0.110493 0)
(-0.418641 0.00902258 0)
(-0.39395 -0.0896939 0)
(-0.364377 -0.1839 0)
(-0.329441 -0.272324 0)
(-0.288924 -0.353625 0)
(-0.24277 -0.426176 0)
(-0.19124 -0.488342 0)
(-0.135174 -0.538543 0)
(-0.0761154 -0.576438 0)
(-0.0162347 -0.603426 0)
(0.0420631 -0.622874 0)
(0.0969572 -0.640642 0)
(0.147832 -0.662816 0)
(0.195315 -0.693848 0)
(0.240889 -0.73509 0)
(0.28623 -0.783843 0)
(0.332414 -0.834101 0)
(0.379539 -0.878411 0)
(0.426869 -0.910219 0)
(0.473232 -0.925443 0)
(0.517463 -0.92293 0)
(0.558679 -0.903969 0)
(0.596393 -0.871374 0)
(0.630475 -0.828581 0)
(0.661056 -0.778977 0)
(0.688418 -0.725501 0)
(0.712901 -0.670496 0)
(0.734837 -0.615692 0)
(0.754522 -0.562292 0)
(0.772199 -0.511075 0)
(0.788059 -0.462502 0)
(0.80225 -0.416811 0)
(0.81489 -0.374084 0)
(0.826073 -0.334305 0)
(0.835881 -0.297393 0)
(0.844385 -0.263231 0)
(0.851659 -0.231678 0)
(0.857771 -0.202584 0)
(0.862791 -0.175793 0)
(0.866786 -0.15115 0)
(0.869822 -0.1285 0)
(0.871963 -0.107687 0)
(0.873269 -0.0885551 0)
(0.873796 -0.070943 0)
(0.873591 -0.0546889 0)
(0.872682 -0.0396373 0)
(0.87107 -0.0256491 0)
(0.868725 -0.0126099 0)
(0.865596 -0.000424081 0)
(0.861639 0.0110337 0)
(0.856847 0.0220069 0)
(0.851316 0.0329794 0)
(0.845257 0.0448141 0)
(0.839 0.0588726 0)
(0.832969 0.0770747 0)
(0.827661 0.101861 0)
(0.823695 0.136038 0)
(0.821962 0.182459 0)
(0.823814 0.243319 0)
(0.831023 0.318785 0)
(0.84526 0.405163 0)
(0.867128 0.493769 0)
(0.89519 0.572071 0)
(0.92573 0.627635 0)
(0.953886 0.652877 0)
(0.975633 0.647306 0)
(0.989224 0.616031 0)
(0.995222 0.566413 0)
(0.995526 0.505324 0)
(0.992341 0.437959 0)
(0.987603 0.367769 0)
(0.982807 0.296835 0)
(0.979051 0.226267 0)
(0.977126 0.15653 0)
(0.977646 0.0876996 0)
(0.980954 0.0197509 0)
(0.987069 -0.0472647 0)
(0.996181 -0.113559 0)
(1.00822 -0.179304 0)
(1.02275 -0.244189 0)
(1.03921 -0.307476 0)
(1.05685 -0.367995 0)
(1.07483 -0.424243 0)
(1.09223 -0.474571 0)
(1.10826 -0.517399 0)
(1.12224 -0.551414 0)
(1.13369 -0.575724 0)
(1.14235 -0.58996 0)
(1.14816 -0.594318 0)
(1.15134 -0.589544 0)
(1.15228 -0.576847 0)
(1.1516 -0.557777 0)
(1.15004 -0.534063 0)
(1.14844 -0.507447 0)
(1.14767 -0.479526 0)
(1.14852 -0.451625 0)
(1.1517 -0.42471 0)
(1.15772 -0.399355 0)
(1.16687 -0.375763 0)
(1.17921 -0.353827 0)
(1.19459 -0.333227 0)
(1.21273 -0.313516 0)
(1.23318 -0.294206 0)
(1.25548 -0.274821 0)
(1.27912 -0.254938 0)
(1.3036 -0.234202 0)
(1.32845 -0.212336 0)
(1.35321 -0.189141 0)
(1.37746 -0.164492 0)
(1.40083 -0.138334 0)
(1.42298 -0.11068 0)
(1.44358 -0.081609 0)
(1.46239 -0.0512521 0)
(1.4792 -0.0197646 0)
(1.49385 0.012662 0)
(1.50625 0.0458135 0)
(1.51632 0.0793958 0)
(1.52405 0.113138 0)
(1.52954 0.146789 0)
(1.53292 0.180122 0)
(1.53436 0.212893 0)
(1.53393 0.244796 0)
(1.53167 0.275465 0)
(1.52769 0.304573 0)
(1.52234 0.331984 0)
(1.51634 0.357837 0)
(1.51062 0.382441 0)
(1.50586 0.405995 0)
(1.5021 0.428297 0)
(1.49839 0.448628 0)
(1.49299 0.465876 0)
(1.48374 0.478845 0)
(1.46859 0.486589 0)
(1.44609 0.488668 0)
(1.4157 0.485252 0)
(1.37769 0.476931 0)
(1.333 0.464255 0)
(1.28216 0.447487 0)
(1.22776 0.427 0)
(1.16827 0.403059 0)
(-0.0898533 -0.506588 0)
(-0.267998 -0.57708 0)
(-0.425082 -0.604439 0)
(-0.540596 -0.60762 0)
(-0.612948 -0.595347 0)
(-0.643214 -0.575098 0)
(-0.640912 -0.551016 0)
(-0.616938 -0.522113 0)
(-0.580425 -0.48283 0)
(-0.536769 -0.4259 0)
(-0.488081 -0.34561 0)
(-0.435273 -0.240082 0)
(-0.380771 -0.111639 0)
(-0.328344 0.0347026 0)
(-0.2811 0.191977 0)
(-0.236416 0.350589 0)
(-0.19013 0.495604 0)
(-0.146849 0.615487 0)
(-0.138284 0.732889 0)
(-0.199926 0.89891 0)
(-0.292819 1.09719 0)
(-0.356176 1.24988 0)
(-0.374529 1.31262 0)
(-0.360989 1.29834 0)
(-0.331631 1.23941 0)
(-0.298149 1.16268 0)
(-0.267991 1.08505 0)
(-0.246056 1.01547 0)
(-0.235374 0.957252 0)
(-0.236628 0.908905 0)
(-0.247789 0.86507 0)
(-0.264758 0.818519 0)
(-0.282777 0.76279 0)
(-0.297781 0.694129 0)
(-0.307218 0.612009 0)
(-0.310038 0.518262 0)
(-0.306362 0.41625 0)
(-0.297069 0.30964 0)
(-0.28276 0.201646 0)
(-0.264335 0.0947753 0)
(-0.241795 -0.0101373 0)
(-0.216259 -0.112215 0)
(-0.186983 -0.20996 0)
(-0.153488 -0.30218 0)
(-0.115481 -0.387568 0)
(-0.0726795 -0.464398 0)
(-0.025212 -0.530727 0)
(0.0262596 -0.584355 0)
(0.08033 -0.623873 0)
(0.135028 -0.650568 0)
(0.188528 -0.668295 0)
(0.239516 -0.683301 0)
(0.287605 -0.702588 0)
(0.333463 -0.731584 0)
(0.378335 -0.772015 0)
(0.423287 -0.82095 0)
(0.4686 -0.871677 0)
(0.513651 -0.916015 0)
(0.557269 -0.946949 0)
(0.598233 -0.960327 0)
(0.635639 -0.955213 0)
(0.669046 -0.933236 0)
(0.698446 -0.897538 0)
(0.724137 -0.851796 0)
(0.746579 -0.799531 0)
(0.766268 -0.743733 0)
(0.783666 -0.686727 0)
(0.79915 -0.6302 0)
(0.81301 -0.575297 0)
(0.82545 -0.522742 0)
(0.836608 -0.472951 0)
(0.846574 -0.426128 0)
(0.855408 -0.382335 0)
(0.863152 -0.341541 0)
(0.86984 -0.30366 0)
(0.875508 -0.268573 0)
(0.880193 -0.236139 0)
(0.883939 -0.206211 0)
(0.886793 -0.178633 0)
(0.888807 -0.15325 0)
(0.890031 -0.129907 0)
(0.890517 -0.108447 0)
(0.890316 -0.0887115 0)
(0.889476 -0.0705361 0)
(0.888042 -0.0537499 0)
(0.886047 -0.0381816 0)
(0.883504 -0.0236685 0)
(0.880394 -0.0100722 0)
(0.876672 0.00271625 0)
(0.872276 0.0148085 0)
(0.867171 0.0263948 0)
(0.861413 0.0378628 0)
(0.855206 0.0499526 0)
(0.848943 0.0638991 0)
(0.843217 0.0815055 0)
(0.838808 0.105092 0)
(0.836682 0.137292 0)
(0.838041 0.180685 0)
(0.844397 0.237166 0)
(0.857494 0.306861 0)
(0.878805 0.386659 0)
(0.908638 0.469222 0)
(0.94529 0.543792 0)
(0.984938 0.599295 0)
(1.02269 0.628234 0)
(1.05431 0.628851 0)
(1.07758 0.604408 0)
(1.09245 0.560756 0)
(1.10037 0.504019 0)
(1.10338 0.439284 0)
(1.10349 0.370235 0)
(1.10238 0.29928 0)
(1.10136 0.227838 0)
(1.10141 0.156625 0)
(1.10322 0.0859099 0)
(1.10719 0.0158225 0)
(1.11336 -0.0534363 0)
(1.1219 -0.121914 0)
(1.13262 -0.189577 0)
(1.14496 -0.255938 0)
(1.15822 -0.320103 0)
(1.17155 -0.380792 0)
(1.18403 -0.436474 0)
(1.19481 -0.485551 0)
(1.20319 -0.526562 0)
(1.20868 -0.558358 0)
(1.21101 -0.58023 0)
(1.21018 -0.592004 0)
(1.20643 -0.594074 0)
(1.20023 -0.587372 0)
(1.19228 -0.573277 0)
(1.18344 -0.553467 0)
(1.17468 -0.529756 0)
(1.16703 -0.503912 0)
(1.16143 -0.477494 0)
(1.15874 -0.451729 0)
(1.15959 -0.42743 0)
(1.16439 -0.404977 0)
(1.17323 -0.384366 0)
(1.18598 -0.3653 0)
(1.20228 -0.347304 0)
(1.22164 -0.329827 0)
(1.24349 -0.31232 0)
(1.26725 -0.294289 0)
(1.29235 -0.275316 0)
(1.31827 -0.255069 0)
(1.3445 -0.233298 0)
(1.37058 -0.209835 0)
(1.3961 -0.184584 0)
(1.42065 -0.157519 0)
(1.44388 -0.128685 0)
(1.46547 -0.0981927 0)
(1.48514 -0.0662153 0)
(1.50265 -0.0329637 0)
(1.51786 0.00133767 0)
(1.53066 0.0364334 0)
(1.54099 0.0719917 0)
(1.54883 0.10768 0)
(1.55427 0.143186 0)
(1.55744 0.178228 0)
(1.55855 0.212556 0)
(1.55781 0.245916 0)
(1.55537 0.278001 0)
(1.55131 0.308447 0)
(1.54572 0.336927 0)
(1.53892 0.363294 0)
(1.53158 0.387669 0)
(1.52454 0.410366 0)
(1.51856 0.431672 0)
(1.51386 0.451583 0)
(1.50987 0.469671 0)
(1.50526 0.485134 0)
(1.49825 0.497007 0)
(1.48701 0.504429 0)
(1.47018 0.506894 0)
(1.44708 0.504338 0)
(1.41783 0.496959 0)
(1.38249 0.484855 0)
(1.34257 0.468176 0)
(1.29591 0.446228 0)
(-0.118486 -0.338088 0)
(-0.339201 -0.420244 0)
(-0.534151 -0.476448 0)
(-0.681301 -0.516756 0)
(-0.777189 -0.543874 0)
(-0.821914 -0.55919 0)
(-0.823555 -0.562509 0)
(-0.792991 -0.551546 0)
(-0.741392 -0.522256 0)
(-0.678301 -0.470388 0)
(-0.610691 -0.393053 0)
(-0.54251 -0.289548 0)
(-0.475245 -0.161842 0)
(-0.409565 -0.0146031 0)
(-0.34555 0.14337 0)
(-0.283462 0.302226 0)
(-0.226372 0.453083 0)
(-0.188603 0.598035 0)
(-0.196474 0.760583 0)
(-0.250098 0.955347 0)
(-0.305267 1.14371 0)
(-0.326473 1.266 0)
(-0.31253 1.30222 0)
(-0.277764 1.27311 0)
(-0.235497 1.20924 0)
(-0.194591 1.13423 0)
(-0.160513 1.06261 0)
(-0.136618 1.00163 0)
(-0.124315 0.952809 0)
(-0.122683 0.912666 0)
(-0.128642 0.874192 0)
(-0.137971 0.829439 0)
(-0.146583 0.772241 0)
(-0.151399 0.699785 0)
(-0.150988 0.612863 0)
(-0.14526 0.514106 0)
(-0.134823 0.407694 0)
(-0.120805 0.297839 0)
(-0.103417 0.187748 0)
(-0.0824439 0.0791026 0)
(-0.0583338 -0.0281782 0)
(-0.0328998 -0.133204 0)
(-0.00390129 -0.234289 0)
(0.0291129 -0.33033 0)
(0.0657651 -0.41948 0)
(0.105917 -0.499884 0)
(0.149387 -0.569289 0)
(0.195537 -0.62533 0)
(0.243375 -0.666316 0)
(0.291524 -0.69297 0)
(0.338645 -0.709353 0)
(0.384041 -0.722401 0)
(0.427918 -0.739947 0)
(0.471192 -0.768006 0)
(0.514848 -0.808344 0)
(0.559189 -0.857516 0)
(0.603487 -0.908052 0)
(0.64625 -0.951219 0)
(0.685851 -0.979868 0)
(0.721066 -0.990094 0)
(0.751335 -0.981389 0)
(0.776721 -0.955809 0)
(0.797731 -0.91681 0)
(0.815093 -0.868234 0)
(0.829571 -0.813644 0)
(0.84185 -0.755985 0)
(0.852473 -0.697499 0)
(0.861836 -0.639775 0)
(0.870194 -0.583866 0)
(0.877698 -0.530428 0)
(0.884423 -0.479824 0)
(0.890395 -0.432225 0)
(0.895615 -0.387674 0)
(0.900073 -0.346135 0)
(0.903762 -0.30752 0)
(0.906683 -0.271715 0)
(0.908844 -0.238586 0)
(0.910268 -0.20799 0)
(0.910986 -0.179778 0)
(0.911035 -0.153797 0)
(0.910457 -0.129894 0)
(0.909296 -0.107911 0)
(0.907595 -0.0876914 0)
(0.905399 -0.0690678 0)
(0.902748 -0.0518658 0)
(0.899681 -0.0359037 0)
(0.896222 -0.021 0)
(0.892368 -0.00699145 0)
(0.888089 0.00625431 0)
(0.883321 0.0188502 0)
(0.878011 0.0309462 0)
(0.872175 0.0428325 0)
(0.86598 0.0550961 0)
(0.859822 0.0687824 0)
(0.854377 0.0854937 0)
(0.850605 0.107358 0)
(0.849729 0.136818 0)
(0.853199 0.176249 0)
(0.862668 0.227377 0)
(0.879872 0.290403 0)
(0.906186 0.362855 0)
(0.941828 0.43872 0)
(0.985103 0.508934 0)
(1.0323 0.56372 0)
(1.07861 0.595769 0)
(1.11965 0.602288 0)
(1.15269 0.584886 0)
(1.17702 0.547913 0)
(1.19349 0.496569 0)
(1.20379 0.435613 0)
(1.20982 0.368792 0)
(1.21335 0.298766 0)
(1.21582 0.227254 0)
(1.21833 0.155256 0)
(1.22167 0.0832875 0)
(1.22629 0.0116684 0)
(1.23225 -0.0592252 0)
(1.23971 -0.129227 0)
(1.24837 -0.198066 0)
(1.25758 -0.265064 0)
(1.26659 -0.329185 0)
(1.27449 -0.38909 0)
(1.28042 -0.443278 0)
(1.28365 -0.490271 0)
(1.28367 -0.528781 0)
(1.28022 -0.557856 0)
(1.27327 -0.576997 0)
(1.26309 -0.586239 0)
(1.25019 -0.586181 0)
(1.23533 -0.577946 0)
(1.21946 -0.563062 0)
(1.20369 -0.543313 0)
(1.18917 -0.520552 0)
(1.17703 -0.496518 0)
(1.16826 -0.472671 0)
(1.16366 -0.450072 0)
(1.16373 -0.429313 0)
(1.16866 -0.410532 0)
(1.17833 -0.393486 0)
(1.19233 -0.377688 0)
(1.21012 -0.362529 0)
(1.23104 -0.34739 0)
(1.25444 -0.331705 0)
(1.27968 -0.314998 0)
(1.30619 -0.296886 0)
(1.33344 -0.277075 0)
(1.36097 -0.255349 0)
(1.38831 -0.231566 0)
(1.41505 -0.205657 0)
(1.44076 -0.17762 0)
(1.46508 -0.147526 0)
(1.48765 -0.115518 0)
(1.50817 -0.0818095 0)
(1.52639 -0.0466596 0)
(1.54213 -0.0103514 0)
(1.55528 0.0268112 0)
(1.56579 0.0644694 0)
(1.57366 0.102225 0)
(1.57898 0.139717 0)
(1.58186 0.176605 0)
(1.58253 0.212587 0)
(1.58124 0.247407 0)
(1.57824 0.280812 0)
(1.57373 0.312507 0)
(1.5678 0.342153 0)
(1.56056 0.369447 0)
(1.55231 0.394254 0)
(1.54361 0.416695 0)
(1.53527 0.437098 0)
(1.52806 0.455817 0)
(1.52234 0.473005 0)
(1.51787 0.488471 0)
(1.51374 0.501664 0)
(1.50853 0.511809 0)
(1.50075 0.51812 0)
(1.4891 0.520027 0)
(1.47294 0.517264 0)
(1.45173 0.509655 0)
(1.42615 0.497251 0)
(1.39425 0.479193 0)
(-0.143248 -0.136197 0)
(-0.399116 -0.230713 0)
(-0.627399 -0.31979 0)
(-0.80544 -0.402424 0)
(-0.927172 -0.475435 0)
(-0.991054 -0.534113 0)
(-1.00294 -0.573631 0)
(-0.972076 -0.589418 0)
(-0.909266 -0.577229 0)
(-0.825693 -0.534082 0)
(-0.732117 -0.459466 0)
(-0.637434 -0.355638 0)
(-0.547282 -0.226861 0)
(-0.46366 -0.0786652 0)
(-0.386148 0.0820426 0)
(-0.315902 0.247891 0)
(-0.260273 0.41576 0)
(-0.232947 0.591483 0)
(-0.243 0.78532 0)
(-0.273292 0.988064 0)
(-0.289992 1.1581 0)
(-0.275964 1.25467 0)
(-0.237058 1.2728 0)
(-0.186591 1.23594 0)
(-0.135015 1.17204 0)
(-0.0887201 1.10188 0)
(-0.0513506 1.03792 0)
(-0.0247738 0.985841 0)
(-0.00892525 0.945505 0)
(-0.00179931 0.911893 0)
(-2.63294e-05 0.877031 0)
(7.17122e-05 0.832878 0)
(0.00154494 0.773905 0)
(0.00657356 0.698246 0)
(0.015653 0.60753 0)
(0.0282275 0.505505 0)
(0.043814 0.396825 0)
(0.0618263 0.285894 0)
(0.0828671 0.174896 0)
(0.107407 0.0639692 0)
(0.133018 -0.0468284 0)
(0.158484 -0.154754 0)
(0.186931 -0.258719 0)
(0.218338 -0.357632 0)
(0.252596 -0.449546 0)
(0.289448 -0.532447 0)
(0.328484 -0.604062 0)
(0.369045 -0.66166 0)
(0.410176 -0.703261 0)
(0.450872 -0.729539 0)
(0.49052 -0.744908 0)
(0.529303 -0.756949 0)
(0.568199 -0.77412 0)
(0.608436 -0.80263 0)
(0.650619 -0.843797 0)
(0.694079 -0.893316 0)
(0.73693 -0.94294 0)
(0.776803 -0.983651 0)
(0.811707 -1.00857 0)
(0.840562 -1.01437 0)
(0.863256 -1.0012 0)
(0.880413 -0.971576 0)
(0.893053 -0.929224 0)
(0.902297 -0.878053 0)
(0.909162 -0.821562 0)
(0.914461 -0.762561 0)
(0.918775 -0.703136 0)
(0.922474 -0.644735 0)
(0.925759 -0.588299 0)
(0.92871 -0.5344 0)
(0.931332 -0.483351 0)
(0.933585 -0.435293 0)
(0.935414 -0.390258 0)
(0.936763 -0.348209 0)
(0.937589 -0.309067 0)
(0.937862 -0.272726 0)
(0.93757 -0.239065 0)
(0.93672 -0.207952 0)
(0.93533 -0.179246 0)
(0.93343 -0.152801 0)
(0.931057 -0.128466 0)
(0.928251 -0.106085 0)
(0.925054 -0.0855004 0)
(0.921505 -0.0665458 0)
(0.917646 -0.0490458 0)
(0.913517 -0.0328133 0)
(0.90915 -0.0176544 0)
(0.904561 -0.00338382 0)
(0.899742 0.0101577 0)
(0.894642 0.0230987 0)
(0.889201 0.0355673 0)
(0.883401 0.0477698 0)
(0.877358 0.0601351 0)
(0.871419 0.0734834 0)
(0.866254 0.0891538 0)
(0.862894 0.109012 0)
(0.86271 0.135277 0)
(0.867328 0.170151 0)
(0.878532 0.215278 0)
(0.898081 0.271012 0)
(0.927334 0.335515 0)
(0.966572 0.404021 0)
(1.01431 0.469059 0)
(1.06714 0.522143 0)
(1.12048 0.5563 0)
(1.1699 0.567981 0)
(1.21222 0.557378 0)
(1.24606 0.527402 0)
(1.27159 0.482221 0)
(1.28998 0.426071 0)
(1.30286 0.362587 0)
(1.3119 0.294559 0)
(1.31858 0.223962 0)
(1.32406 0.152085 0)
(1.3292 0.0797163 0)
(1.33446 0.00739454 0)
(1.33994 -0.0643111 0)
(1.34581 -0.134978 0)
(1.35169 -0.20408 0)
(1.35691 -0.270755 0)
(1.36071 -0.333862 0)
(1.36227 -0.392057 0)
(1.36089 -0.443939 0)
(1.35604 -0.488196 0)
(1.34743 -0.523741 0)
(1.33506 -0.549835 0)
(1.31915 -0.566196 0)
(1.30023 -0.573081 0)
(1.27908 -0.571298 0)
(1.25673 -0.562149 0)
(1.23437 -0.547293 0)
(1.21329 -0.528572 0)
(1.19476 -0.507824 0)
(1.17993 -0.486693 0)
(1.16976 -0.466469 0)
(1.16488 -0.447971 0)
(1.16558 -0.431515 0)
(1.17176 -0.416955 0)
(1.18304 -0.403812 0)
(1.19878 -0.391434 0)
(1.21826 -0.37913 0)
(1.24075 -0.366266 0)
(1.26556 -0.352311 0)
(1.29211 -0.336841 0)
(1.31985 -0.319527 0)
(1.34832 -0.300114 0)
(1.37707 -0.278413 0)
(1.40565 -0.254295 0)
(1.43362 -0.227702 0)
(1.46055 -0.198647 0)
(1.48602 -0.167223 0)
(1.50962 -0.133604 0)
(1.53103 -0.0980428 0)
(1.54997 -0.060857 0)
(1.56623 -0.0223893 0)
(1.57971 0.0169926 0)
(1.59033 0.0568962 0)
(1.59813 0.0968524 0)
(1.60321 0.136452 0)
(1.60571 0.175308 0)
(1.60584 0.213071 0)
(1.60388 0.249442 0)
(1.60011 0.284172 0)
(1.59483 0.317027 0)
(1.58826 0.347741 0)
(1.5805 0.376016 0)
(1.57168 0.40159 0)
(1.56205 0.424361 0)
(1.55211 0.444463 0)
(1.54261 0.462235 0)
(1.53428 0.478076 0)
(1.52765 0.492249 0)
(1.5227 0.504729 0)
(1.51888 0.515152 0)
(1.51516 0.522891 0)
(1.51027 0.527232 0)
(1.50317 0.527593 0)
(1.49287 0.523497 0)
(1.4793 0.514801 0)
(1.46088 0.500784 0)
(-0.158578 0.0832458 0)
(-0.437468 -0.0197006 0)
(-0.688447 -0.139881 0)
(-0.890092 -0.266512 0)
(-1.03498 -0.388807 0)
(-1.12018 -0.495831 0)
(-1.14927 -0.578218 0)
(-1.12878 -0.628932 0)
(-1.06698 -0.642604 0)
(-0.973802 -0.6156 0)
(-0.860992 -0.547626 0)
(-0.740933 -0.442809 0)
(-0.624466 -0.308562 0)
(-0.518872 -0.153202 0)
(-0.428069 0.0166884 0)
(-0.353292 0.196441 0)
(-0.299592 0.385494 0)
(-0.27279 0.585912 0)
(-0.268859 0.795116 0)
(-0.268419 0.993255 0)
(-0.250068 1.14418 0)
(-0.207878 1.22172 0)
(-0.15033 1.22921 0)
(-0.088614 1.19023 0)
(-0.0303841 1.12989 0)
(0.0201549 1.06628 0)
(0.060656 1.01059 0)
(0.0907953 0.966908 0)
(0.111827 0.933686 0)
(0.126316 0.904887 0)
(0.137382 0.872217 0)
(0.147858 0.827985 0)
(0.159747 0.767394 0)
(0.174206 0.68945 0)
(0.191246 0.596328 0)
(0.210024 0.492747 0)
(0.229911 0.38339 0)
(0.250957 0.271874 0)
(0.274027 0.159271 0)
(0.29938 0.0456307 0)
(0.325082 -0.0674479 0)
(0.350528 -0.177055 0)
(0.378756 -0.283133 0)
(0.409127 -0.384095 0)
(0.441289 -0.477751 0)
(0.474835 -0.562065 0)
(0.509246 -0.634684 0)
(0.543806 -0.692725 0)
(0.577666 -0.734091 0)
(0.610266 -0.759633 0)
(0.641857 -0.774339 0)
(0.673684 -0.786481 0)
(0.70756 -0.804867 0)
(0.744887 -0.835347 0)
(0.785614 -0.878219 0)
(0.827857 -0.928006 0)
(0.86853 -0.975782 0)
(0.904533 -1.01264 0)
(0.933758 -1.0324 0)
(0.955467 -1.03267 0)
(0.97012 -1.01437 0)
(0.978922 -0.980489 0)
(0.983366 -0.934932 0)
(0.984887 -0.881555 0)
(0.984671 -0.823678 0)
(0.983586 -0.763892 0)
(0.982191 -0.704071 0)
(0.980793 -0.645489 0)
(0.979514 -0.588962 0)
(0.978354 -0.534976 0)
(0.977242 -0.483798 0)
(0.976078 -0.435549 0)
(0.974755 -0.390258 0)
(0.973182 -0.347896 0)
(0.971283 -0.308399 0)
(0.969009 -0.271678 0)
(0.966335 -0.237627 0)
(0.963255 -0.20613 0)
(0.959784 -0.177058 0)
(0.955948 -0.150272 0)
(0.951783 -0.125626 0)
(0.947331 -0.102968 0)
(0.942633 -0.0821387 0)
(0.937731 -0.0629728 0)
(0.932665 -0.0452945 0)
(0.927477 -0.0289158 0)
(0.922206 -0.0136363 0)
(0.916886 0.000745697 0)
(0.911527 0.0144137 0)
(0.906104 0.0275219 0)
(0.900567 0.0401961 0)
(0.894877 0.0525832 0)
(0.889093 0.0649706 0)
(0.883481 0.0779485 0)
(0.878633 0.0925584 0)
(0.875543 0.110349 0)
(0.87561 0.133264 0)
(0.88055 0.163323 0)
(0.892242 0.20213 0)
(0.912505 0.250231 0)
(0.942744 0.306387 0)
(0.983392 0.36696 0)
(1.0333 0.425952 0)
(1.08954 0.476159 0)
(1.14792 0.51112 0)
(1.20406 0.526825 0)
(1.25448 0.522327 0)
(1.29717 0.499227 0)
(1.33161 0.460621 0)
(1.35836 0.410079 0)
(1.3786 0.350953 0)
(1.39376 0.286033 0)
(1.4052 0.217463 0)
(1.41406 0.14679 0)
(1.42121 0.0750758 0)
(1.42712 0.00308541 0)
(1.43192 -0.0684099 0)
(1.43578 -0.138704 0)
(1.4383 -0.207022 0)
(1.43888 -0.27235 0)
(1.43687 -0.333493 0)
(1.43163 -0.389168 0)
(1.42268 -0.438114 0)
(1.40976 -0.479206 0)
(1.39283 -0.511561 0)
(1.3721 -0.534653 0)
(1.34808 -0.548423 0)
(1.32153 -0.553357 0)
(1.2935 -0.550472 0)
(1.26526 -0.541231 0)
(1.23821 -0.527377 0)
(1.21374 -0.510758 0)
(1.19314 -0.493124 0)
(1.17752 -0.475949 0)
(1.16765 -0.460272 0)
(1.16392 -0.446611 0)
(1.16633 -0.434956 0)
(1.17449 -0.424878 0)
(1.18773 -0.415695 0)
(1.20527 -0.406651 0)
(1.2263 -0.397043 0)
(1.2501 -0.386289 0)
(1.27605 -0.373937 0)
(1.30365 -0.359636 0)
(1.33247 -0.343107 0)
(1.3621 -0.324119 0)
(1.39209 -0.302482 0)
(1.422 -0.278061 0)
(1.45133 -0.250788 0)
(1.4796 -0.220682 0)
(1.50633 -0.187854 0)
(1.53107 -0.152512 0)
(1.55344 -0.114958 0)
(1.57312 -0.0755715 0)
(1.58991 -0.03477 0)
(1.60367 0.00701608 0)
(1.61435 0.0493381 0)
(1.62199 0.0916561 0)
(1.62669 0.133501 0)
(1.62866 0.174444 0)
(1.62812 0.214097 0)
(1.62535 0.252122 0)
(1.62067 0.288244 0)
(1.61442 0.322246 0)
(1.60691 0.353926 0)
(1.59836 0.383065 0)
(1.5889 0.409415 0)
(1.57864 0.432771 0)
(1.5678 0.453073 0)
(1.55684 0.470472 0)
(1.54641 0.485312 0)
(1.53724 0.498012 0)
(1.52991 0.508895 0)
(1.52459 0.518039 0)
(1.52101 0.525208 0)
(1.51841 0.529892 0)
(1.51585 0.531485 0)
(1.51226 0.529363 0)
(1.50702 0.523163 0)
(1.49888 0.512318 0)
(-0.154263 0.306171 0)
(-0.433053 0.199759 0)
(-0.69285 0.0515737 0)
(-0.903162 -0.117111 0)
(-1.06029 -0.287464 0)
(-1.16349 -0.442555 0)
(-1.21472 -0.569445 0)
(-1.21678 -0.659399 0)
(-1.17298 -0.705957 0)
(-1.08906 -0.703532 0)
(-0.974811 -0.649637 0)
(-0.84363 -0.54768 0)
(-0.709879 -0.406887 0)
(-0.585972 -0.238791 0)
(-0.479953 -0.0529135 0)
(-0.396353 0.144655 0)
(-0.335551 0.352954 0)
(-0.29588 0.569005 0)
(-0.267924 0.782665 0)
(-0.236051 0.971597 0)
(-0.188306 1.10696 0)
(-0.124738 1.17234 0)
(-0.0538629 1.17549 0)
(0.0157847 1.13852 0)
(0.0786767 1.08382 0)
(0.132376 1.02787 0)
(0.176011 0.98027 0)
(0.210515 0.943859 0)
(0.23788 0.916137 0)
(0.260696 0.890636 0)
(0.281459 0.85922 0)
(0.302013 0.814758 0)
(0.323382 0.75311 0)
(0.345837 0.673876 0)
(0.369125 0.579802 0)
(0.392605 0.475528 0)
(0.415877 0.365496 0)
(0.439332 0.252728 0)
(0.464152 0.138522 0)
(0.490551 0.0238617 0)
(0.516522 -0.0893813 0)
(0.542782 -0.199769 0)
(0.570991 -0.307101 0)
(0.600139 -0.40917 0)
(0.629763 -0.503563 0)
(0.659467 -0.588233 0)
(0.688708 -0.660755 0)
(0.716701 -0.718128 0)
(0.742731 -0.758373 0)
(0.766835 -0.782892 0)
(0.790323 -0.797509 0)
(0.815594 -0.811137 0)
(0.845156 -0.832494 0)
(0.880205 -0.866385 0)
(0.919617 -0.911509 0)
(0.960106 -0.961064 0)
(0.997511 -1.00574 0)
(1.02834 -1.03724 0)
(1.0507 -1.05056 0)
(1.06444 -1.04446 0)
(1.07068 -1.02068 0)
(1.07118 -0.982632 0)
(1.06782 -0.934246 0)
(1.06222 -0.879198 0)
(1.05564 -0.820527 0)
(1.04892 -0.760529 0)
(1.04252 -0.70083 0)
(1.03668 -0.642514 0)
(1.03139 -0.586268 0)
(1.02659 -0.532505 0)
(1.02214 -0.481452 0)
(1.01786 -0.433222 0)
(1.01363 -0.387852 0)
(1.00932 -0.34533 0)
(1.00483 -0.305614 0)
(1.0001 -0.268638 0)
(0.995105 -0.234317 0)
(0.989834 -0.202551 0)
(0.984301 -0.173225 0)
(0.978536 -0.146212 0)
(0.972577 -0.121372 0)
(0.966471 -0.0985551 0)
(0.960264 -0.0776019 0)
(0.954 -0.0583462 0)
(0.947723 -0.0406123 0)
(0.941475 -0.0242128 0)
(0.9353 -0.00894566 0)
(0.929244 0.00539963 0)
(0.923336 0.0190252 0)
(0.917581 0.0321141 0)
(0.911946 0.0448056 0)
(0.906392 0.0572158 0)
(0.900931 0.0695239 0)
(0.895736 0.0821124 0)
(0.891273 0.0957236 0)
(0.888409 0.111558 0)
(0.888456 0.131231 0)
(0.893111 0.156541 0)
(0.904291 0.189037 0)
(0.923874 0.22946 0)
(0.953359 0.277118 0)
(0.993384 0.329364 0)
(1.04321 0.38153 0)
(1.10047 0.427661 0)
(1.16149 0.461965 0)
(1.22214 0.480274 0)
(1.27878 0.4808 0)
(1.32892 0.464022 0)
(1.37136 0.431998 0)
(1.40601 0.387547 0)
(1.43351 0.333604 0)
(1.45491 0.272824 0)
(1.47132 0.207417 0)
(1.48377 0.139124 0)
(1.49305 0.0692517 0)
(1.49962 -0.00122194 0)
(1.50361 -0.0713309 0)
(1.50522 -0.14009 0)
(1.50411 -0.206519 0)
(1.49983 -0.269501 0)
(1.49192 -0.327849 0)
(1.48002 -0.380374 0)
(1.4639 -0.425968 0)
(1.44354 -0.463686 0)
(1.41915 -0.49284 0)
(1.39118 -0.513116 0)
(1.36038 -0.524692 0)
(1.32777 -0.528284 0)
(1.29466 -0.525108 0)
(1.26251 -0.516744 0)
(1.23283 -0.504962 0)
(1.20704 -0.491535 0)
(1.18635 -0.478046 0)
(1.17167 -0.465719 0)
(1.16353 -0.455275 0)
(1.162 -0.44688 0)
(1.16675 -0.440198 0)
(1.17712 -0.434551 0)
(1.19225 -0.429126 0)
(1.21129 -0.423151 0)
(1.23347 -0.415992 0)
(1.25818 -0.407175 0)
(1.28498 -0.396351 0)
(1.31348 -0.383238 0)
(1.34334 -0.367579 0)
(1.37419 -0.349126 0)
(1.40558 -0.327655 0)
(1.43699 -0.302994 0)
(1.46786 -0.275054 0)
(1.49763 -0.243852 0)
(1.52573 -0.209523 0)
(1.55167 -0.17232 0)
(1.57503 -0.132603 0)
(1.59548 -0.0908235 0)
(1.61278 -0.047482 0)
(1.6268 -0.00308425 0)
(1.63749 0.0418502 0)
(1.64489 0.0867206 0)
(1.64913 0.130979 0)
(1.65043 0.174146 0)
(1.64906 0.215798 0)
(1.64533 0.255567 0)
(1.63959 0.293156 0)
(1.63221 0.328336 0)
(1.62355 0.360937 0)
(1.61393 0.390812 0)
(1.60358 0.417792 0)
(1.59262 0.441695 0)
(1.58115 0.462375 0)
(1.56937 0.479814 0)
(1.55767 0.494182 0)
(1.54663 0.505817 0)
(1.53694 0.515133 0)
(1.52919 0.522474 0)
(1.52366 0.527971 0)
(1.52025 0.53147 0)
(1.51846 0.532587 0)
(1.51749 0.53078 0)
(1.51659 0.525583 0)
(1.51472 0.516551 0)
(-0.131828 0.516961 0)
(-0.378594 0.408922 0)
(-0.615889 0.237693 0)
(-0.810858 0.0316416 0)
(-0.959034 -0.181125 0)
(-1.06835 -0.376045 0)
(-1.14153 -0.540953 0)
(-1.17689 -0.668059 0)
(-1.16996 -0.750789 0)
(-1.11866 -0.780453 0)
(-1.02726 -0.749834 0)
(-0.906855 -0.658889 0)
(-0.772792 -0.516421 0)
(-0.64111 -0.336361 0)
(-0.523786 -0.132971 0)
(-0.427162 0.0837335 0)
(-0.351451 0.307727 0)
(-0.291351 0.533074 0)
(-0.237114 0.746421 0)
(-0.177721 0.926753 0)
(-0.107326 1.05154 0)
(-0.02857 1.11136 0)
(0.0513939 1.11482 0)
(0.126209 1.08244 0)
(0.192155 1.03496 0)
(0.248175 0.986932 0)
(0.294861 0.946601 0)
(0.334071 0.91599 0)
(0.368133 0.892153 0)
(0.399356 0.868699 0)
(0.429493 0.837977 0)
(0.459443 0.793494 0)
(0.48937 0.731648 0)
(0.518932 0.652337 0)
(0.547615 0.558467 0)
(0.575089 0.454407 0)
(0.601438 0.344354 0)
(0.627278 0.231366 0)
(0.65378 0.117065 0)
(0.680999 0.00221078 0)
(0.707316 -0.111287 0)
(0.734088 -0.222412 0)
(0.761748 -0.330329 0)
(0.788998 -0.43248 0)
(0.815339 -0.526506 0)
(0.840467 -0.610437 0)
(0.863827 -0.681742 0)
(0.88459 -0.737374 0)
(0.90232 -0.775778 0)
(0.917911 -0.799311 0)
(0.933926 -0.814836 0)
(0.953847 -0.831677 0)
(0.98045 -0.857789 0)
(1.01411 -0.896158 0)
(1.05219 -0.943453 0)
(1.08999 -0.991684 0)
(1.12264 -1.03169 0)
(1.14673 -1.05635 0)
(1.16101 -1.0622 0)
(1.16611 -1.04928 0)
(1.16381 -1.02009 0)
(1.15634 -0.978283 0)
(1.14581 -0.927668 0)
(1.13392 -0.871609 0)
(1.12187 -0.812772 0)
(1.11036 -0.753117 0)
(1.09976 -0.694002 0)
(1.09015 -0.636324 0)
(1.08144 -0.580654 0)
(1.07348 -0.527343 0)
(1.06606 -0.476598 0)
(1.05898 -0.428535 0)
(1.05206 -0.383209 0)
(1.04518 -0.340637 0)
(1.03821 -0.300803 0)
(1.03112 -0.263668 0)
(1.02385 -0.229172 0)
(1.01641 -0.197234 0)
(1.00883 -0.167757 0)
(1.00113 -0.140623 0)
(0.993371 -0.115699 0)
(0.985597 -0.0928377 0)
(0.977865 -0.0718805 0)
(0.970226 -0.0526585 0)
(0.962727 -0.0349948 0)
(0.955414 -0.0187021 0)
(0.948331 -0.00357886 0)
(0.941533 0.0105852 0)
(0.935062 0.0240061 0)
(0.928948 0.0368912 0)
(0.923188 0.0494018 0)
(0.917753 0.0616501 0)
(0.91263 0.0737475 0)
(0.907907 0.0859121 0)
(0.903905 0.0986157 0)
(0.901308 0.11271 0)
(0.901244 0.12945 0)
(0.905276 0.150354 0)
(0.915265 0.176865 0)
(0.933115 0.209872 0)
(0.960426 0.249156 0)
(0.99807 0.292933 0)
(1.04574 0.337701 0)
(1.10165 0.378691 0)
(1.16277 0.410895 0)
(1.22534 0.430251 0)
(1.28579 0.434447 0)
(1.34128 0.423069 0)
(1.39006 0.397235 0)
(1.4314 0.358997 0)
(1.46538 0.310781 0)
(1.49255 0.254988 0)
(1.51368 0.193788 0)
(1.52959 0.129032 0)
(1.54093 0.0622103 0)
(1.54813 -0.00551458 0)
(1.55131 -0.0730165 0)
(1.55072 -0.139077 0)
(1.54615 -0.202571 0)
(1.53734 -0.262338 0)
(1.52409 -0.317232 0)
(1.50628 -0.366168 0)
(1.48396 -0.408182 0)
(1.45734 -0.442493 0)
(1.42685 -0.468603 0)
(1.39319 -0.486424 0)
(1.35735 -0.496379 0)
(1.32064 -0.49941 0)
(1.28456 -0.49689 0)
(1.2507 -0.490452 0)
(1.22057 -0.481805 0)
(1.19548 -0.472559 0)
(1.17646 -0.46405 0)
(1.16412 -0.457182 0)
(1.15868 -0.452316 0)
(1.15986 -0.44926 0)
(1.16706 -0.447385 0)
(1.17939 -0.445846 0)
(1.19597 -0.443799 0)
(1.21598 -0.44055 0)
(1.23883 -0.435609 0)
(1.26412 -0.428645 0)
(1.29157 -0.419401 0)
(1.32095 -0.407624 0)
(1.35198 -0.393024 0)
(1.38426 -0.375285 0)
(1.41726 -0.354108 0)
(1.45036 -0.329263 0)
(1.4829 -0.300636 0)
(1.51422 -0.268251 0)
(1.5437 -0.232284 0)
(1.57081 -0.193047 0)
(1.5951 -0.150975 0)
(1.61623 -0.106599 0)
(1.63398 -0.0605064 0)
(1.64821 -0.0132889 0)
(1.65889 0.0344594 0)
(1.66605 0.0820828 0)
(1.66982 0.128944 0)
(1.67043 0.174502 0)
(1.66818 0.218285 0)
(1.66341 0.2599 0)
(1.6565 0.299028 0)
(1.64787 0.335431 0)
(1.63792 0.368949 0)
(1.62703 0.399477 0)
(1.61553 0.426929 0)
(1.60363 0.451202 0)
(1.59145 0.472176 0)
(1.57908 0.489766 0)
(1.56668 0.503994 0)
(1.55458 0.51504 0)
(1.54329 0.523229 0)
(1.53342 0.528952 0)
(1.52552 0.532545 0)
(1.51993 0.534156 0)
(1.51665 0.533707 0)
(1.51531 0.530898 0)
(1.51536 0.525332 0)
(1.516 0.516694 0)
(-0.092317 0.690624 0)
(-0.276536 0.58575 0)
(-0.458544 0.395762 0)
(-0.600505 0.159013 0)
(-0.71266 -0.0844633 0)
(-0.80661 -0.301946 0)
(-0.891948 -0.488344 0)
(-0.961762 -0.641486 0)
(-1.00385 -0.757635 0)
(-1.00604 -0.824271 0)
(-0.964376 -0.826774 0)
(-0.883175 -0.75856 0)
(-0.77314 -0.624969 0)
(-0.650105 -0.440555 0)
(-0.53039 -0.223698 0)
(-0.424172 0.00963963 0)
(-0.333078 0.245839 0)
(-0.25288 0.477241 0)
(-0.176151 0.689348 0)
(-0.0958718 0.863533 0)
(-0.00991321 0.983796 0)
(0.0789147 1.04244 0)
(0.164711 1.04931 0)
(0.242414 1.02379 0)
(0.309855 0.984288 0)
(0.367448 0.943823 0)
(0.416885 0.909633 0)
(0.4606 0.883318 0)
(0.501012 0.86195 0)
(0.540036 0.839583 0)
(0.578717 0.80926 0)
(0.617163 0.765139 0)
(0.65483 0.704024 0)
(0.690909 0.625909 0)
(0.724746 0.533484 0)
(0.756217 0.430778 0)
(0.78567 0.321757 0)
(0.813776 0.209423 0)
(0.84167 0.095297 0)
(0.869513 -0.0197726 0)
(0.896081 -0.133428 0)
(0.922675 -0.244693 0)
(0.948735 -0.35216 0)
(0.972973 -0.453245 0)
(0.995035 -0.545835 0)
(1.01474 -0.62801 0)
(1.03145 -0.697055 0)
(1.04438 -0.750034 0)
(1.05364 -0.786241 0)
(1.06134 -0.80939 0)
(1.07137 -0.827397 0)
(1.08793 -0.849437 0)
(1.11331 -0.881813 0)
(1.14632 -0.924982 0)
(1.18253 -0.973495 0)
(1.21615 -1.01869 0)
(1.24219 -1.05226 0)
(1.25794 -1.06881 0)
(1.2631 -1.06661 0)
(1.25919 -1.04692 0)
(1.24859 -1.01281 0)
(1.23383 -0.967966 0)
(1.21707 -0.915907 0)
(1.19991 -0.859565 0)
(1.18339 -0.801182 0)
(1.16804 -0.742364 0)
(1.15404 -0.684208 0)
(1.14136 -0.627446 0)
(1.12981 -0.572553 0)
(1.11914 -0.51984 0)
(1.10911 -0.46951 0)
(1.0995 -0.421697 0)
(1.0901 -0.376486 0)
(1.08079 -0.333927 0)
(1.07146 -0.294038 0)
(1.06205 -0.256812 0)
(1.05254 -0.222216 0)
(1.04295 -0.19019 0)
(1.03331 -0.160651 0)
(1.02367 -0.133494 0)
(1.01409 -0.108592 0)
(1.00462 -0.0858012 0)
(0.995346 -0.0649602 0)
(0.986312 -0.0458975 0)
(0.977575 -0.028433 0)
(0.969184 -0.0123777 0)
(0.961187 0.00246866 0)
(0.953638 0.0163114 0)
(0.94659 0.0293749 0)
(0.940086 0.0418816 0)
(0.934154 0.0540159 0)
(0.92879 0.0659049 0)
(0.923973 0.0776314 0)
(0.919732 0.0893028 0)
(0.916251 0.101174 0)
(0.914009 0.113778 0)
(0.913889 0.128007 0)
(0.917222 0.14505 0)
(0.925704 0.166173 0)
(0.94118 0.192324 0)
(0.965321 0.223659 0)
(0.999222 0.259114 0)
(1.04298 0.296204 0)
(1.09544 0.33125 0)
(1.15419 0.360083 0)
(1.21602 0.378967 0)
(1.27755 0.385352 0)
(1.33583 0.378191 0)
(1.38871 0.357817 0)
(1.43491 0.325554 0)
(1.47394 0.283277 0)
(1.50584 0.233053 0)
(1.531 0.176908 0)
(1.54992 0.116704 0)
(1.5631 0.054036 0)
(1.57088 -0.00979973 0)
(1.57342 -0.0735724 0)
(1.57099 -0.135902 0)
(1.56352 -0.19558 0)
(1.55097 -0.251442 0)
(1.53338 -0.302399 0)
(1.51088 -0.347471 0)
(1.48373 -0.385825 0)
(1.45239 -0.416836 0)
(1.41751 -0.440206 0)
(1.38005 -0.456089 0)
(1.34127 -0.465152 0)
(1.30268 -0.468529 0)
(1.26592 -0.467676 0)
(1.23258 -0.464181 0)
(1.20403 -0.459597 0)
(1.18138 -0.455284 0)
(1.16533 -0.452268 0)
(1.15619 -0.4511 0)
(1.15382 -0.451774 0)
(1.15768 -0.453774 0)
(1.16693 -0.456264 0)
(1.18066 -0.458335 0)
(1.19803 -0.459221 0)
(1.21844 -0.458401 0)
(1.24154 -0.455571 0)
(1.26718 -0.450534 0)
(1.29529 -0.44308 0)
(1.32571 -0.432911 0)
(1.35814 -0.419628 0)
(1.39207 -0.402794 0)
(1.42685 -0.382005 0)
(1.46171 -0.35697 0)
(1.49587 -0.327565 0)
(1.52861 -0.293849 0)
(1.55927 -0.256059 0)
(1.58732 -0.214592 0)
(1.61231 -0.169968 0)
(1.63394 -0.122808 0)
(1.652 -0.0737857 0)
(1.66638 -0.0235738 0)
(1.67704 0.0271603 0)
(1.684 0.0777112 0)
(1.68741 0.127353 0)
(1.68746 0.175478 0)
(1.68445 0.221556 0)
(1.67873 0.265149 0)
(1.67071 0.305914 0)
(1.66084 0.343604 0)
(1.64957 0.378062 0)
(1.63733 0.40921 0)
(1.62453 0.437022 0)
(1.61148 0.461482 0)
(1.59839 0.482551 0)
(1.58535 0.500172 0)
(1.57243 0.514314 0)
(1.55977 0.525034 0)
(1.54763 0.532516 0)
(1.53643 0.537065 0)
(1.5267 0.539041 0)
(1.51892 0.538751 0)
(1.51341 0.536356 0)
(1.51019 0.531826 0)
(1.50905 0.524952 0)
(1.50947 0.515571 0)
(-0.038718 0.800178 0)
(-0.137021 0.709293 0)
(-0.244596 0.503705 0)
(-0.313986 0.245991 0)
(-0.363 -0.0111262 0)
(-0.422197 -0.231853 0)
(-0.502204 -0.417913 0)
(-0.589258 -0.578068 0)
(-0.668042 -0.715496 0)
(-0.721716 -0.815092 0)
(-0.741478 -0.854314 0)
(-0.724909 -0.819712 0)
(-0.671371 -0.711036 0)
(-0.58486 -0.537892 0)
(-0.479784 -0.31861 0)
(-0.373733 -0.0758493 0)
(-0.273735 0.170342 0)
(-0.179314 0.405662 0)
(-0.0875275 0.616483 0)
(0.00551333 0.789023 0)
(0.101236 0.907654 0)
(0.196372 0.968273 0)
(0.285112 0.981328 0)
(0.363673 0.964016 0)
(0.431408 0.932687 0)
(0.489835 0.899107 0)
(0.541418 0.869835 0)
(0.588926 0.846404 0)
(0.634743 0.826267 0)
(0.680416 0.804184 0)
(0.72642 0.774011 0)
(0.772258 0.730545 0)
(0.81685 0.670885 0)
(0.859019 0.594938 0)
(0.897965 0.504981 0)
(0.933565 0.404546 0)
(0.966182 0.297278 0)
(0.996534 0.186051 0)
(1.02582 0.0724551 0)
(1.05413 -0.0421486 0)
(1.08029 -0.155222 0)
(1.10551 -0.265664 0)
(1.12861 -0.371551 0)
(1.14862 -0.470523 0)
(1.16548 -0.56078 0)
(1.17901 -0.640308 0)
(1.18845 -0.706183 0)
(1.19323 -0.755921 0)
(1.19451 -0.790196 0)
(1.19587 -0.81434 0)
(1.20237 -0.836952 0)
(1.21811 -0.866128 0)
(1.24384 -0.905532 0)
(1.27623 -0.95271 0)
(1.30921 -1.00053 0)
(1.33656 -1.04051 0)
(1.35398 -1.06598 0)
(1.35998 -1.0736 0)
(1.35543 -1.06336 0)
(1.34266 -1.0375 0)
(1.32448 -0.99938 0)
(1.30346 -0.952476 0)
(1.28165 -0.89986 0)
(1.2604 -0.843964 0)
(1.2405 -0.786589 0)
(1.22225 -0.729 0)
(1.20566 -0.672069 0)
(1.19057 -0.616389 0)
(1.17669 -0.562374 0)
(1.16374 -0.510316 0)
(1.15143 -0.460434 0)
(1.13952 -0.412892 0)
(1.12782 -0.367814 0)
(1.1162 -0.325289 0)
(1.10456 -0.285377 0)
(1.09288 -0.248103 0)
(1.08115 -0.213461 0)
(1.0694 -0.181414 0)
(1.05769 -0.151896 0)
(1.04608 -0.124809 0)
(1.03464 -0.100034 0)
(1.02346 -0.0774253 0)
(1.01261 -0.0568217 0)
(1.00215 -0.0380462 0)
(0.992156 -0.0209135 0)
(0.982671 -0.00522931 0)
(0.973749 0.009204 0)
(0.965441 0.0225884 0)
(0.957799 0.0351511 0)
(0.950877 0.047119 0)
(0.944723 0.0586948 0)
(0.93936 0.0700285 0)
(0.93478 0.0812046 0)
(0.930981 0.0922735 0)
(0.928041 0.103338 0)
(0.926247 0.114674 0)
(0.926216 0.126835 0)
(0.928981 0.140668 0)
(0.935974 0.157188 0)
(0.948876 0.1773 0)
(0.969344 0.201403 0)
(0.998637 0.229004 0)
(1.03723 0.258472 0)
(1.08452 0.287108 0)
(1.13877 0.311592 0)
(1.19736 0.328665 0)
(1.25727 0.335789 0)
(1.31562 0.331538 0)
(1.37004 0.315644 0)
(1.41884 0.2888 0)
(1.46103 0.252339 0)
(1.4962 0.207941 0)
(1.52431 0.157411 0)
(1.54554 0.102529 0)
(1.56019 0.044889 0)
(1.56854 -0.0141412 0)
(1.57069 -0.0732761 0)
(1.56695 -0.131051 0)
(1.55737 -0.186232 0)
(1.54213 -0.237684 0)
(1.52147 -0.284392 0)
(1.49575 -0.325475 0)
(1.46542 -0.360222 0)
(1.43115 -0.388174 0)
(1.39384 -0.409251 0)
(1.35471 -0.423855 0)
(1.31524 -0.432871 0)
(1.27709 -0.43755 0)
(1.24189 -0.439322 0)
(1.21108 -0.439619 0)
(1.18577 -0.439744 0)
(1.16673 -0.440757 0)
(1.15435 -0.443349 0)
(1.14862 -0.447723 0)
(1.14911 -0.453543 0)
(1.1551 -0.460047 0)
(1.1657 -0.466293 0)
(1.18005 -0.471427 0)
(1.19753 -0.474866 0)
(1.21783 -0.476324 0)
(1.24093 -0.475687 0)
(1.26693 -0.47284 0)
(1.29587 -0.467527 0)
(1.32758 -0.459303 0)
(1.36162 -0.447589 0)
(1.39732 -0.431782 0)
(1.43383 -0.411372 0)
(1.47025 -0.386034 0)
(1.50572 -0.35567 0)
(1.53947 -0.320408 0)
(1.57087 -0.280583 0)
(1.59941 -0.23669 0)
(1.62473 -0.18935 0)
(1.64654 -0.139272 0)
(1.6647 -0.0872079 0)
(1.67912 -0.0339006 0)
(1.68977 0.0199202 0)
(1.69664 0.0735064 0)
(1.6999 0.126057 0)
(1.69967 0.176898 0)
(1.69621 0.225433 0)
(1.68986 0.271164 0)
(1.68101 0.313707 0)
(1.67013 0.352791 0)
(1.65771 0.388257 0)
(1.64423 0.420044 0)
(1.63015 0.448168 0)
(1.61588 0.472686 0)
(1.60173 0.493653 0)
(1.58786 0.511095 0)
(1.57438 0.525011 0)
(1.56132 0.535418 0)
(1.54878 0.542398 0)
(1.53695 0.546139 0)
(1.52617 0.546923 0)
(1.51686 0.545073 0)
(1.50941 0.540866 0)
(1.50408 0.53447 0)
(1.50092 0.525878 0)
(1.49969 0.515091 0)
(0.0268156 0.832044 0)
(0.0262311 0.763695 0)
(-0.00742995 0.555368 0)
(-0.00889475 0.292627 0)
(-5.44102e-05 0.0368512 0)
(-0.0231106 -0.176896 0)
(-0.0853857 -0.348728 0)
(-0.163607 -0.499122 0)
(-0.242828 -0.643257 0)
(-0.31228 -0.762451 0)
(-0.366958 -0.825317 0)
(-0.40736 -0.817304 0)
(-0.428359 -0.740898 0)
(-0.414928 -0.600015 0)
(-0.358447 -0.400636 0)
(-0.27047 -0.16154 0)
(-0.172703 0.0884523 0)
(-0.074404 0.324534 0)
(0.0228441 0.536286 0)
(0.122463 0.70741 0)
(0.223865 0.826421 0)
(0.321824 0.891734 0)
(0.411087 0.912708 0)
(0.489075 0.904272 0)
(0.556203 0.880944 0)
(0.614726 0.853452 0)
(0.667603 0.827952 0)
(0.717793 0.806176 0)
(0.76762 0.786203 0)
(0.818358 0.763668 0)
(0.8701 0.733304 0)
(0.921941 0.690539 0)
(0.97243 0.632692 0)
(1.02009 0.559469 0)
(1.06392 0.472639 0)
(1.10363 0.375176 0)
(1.13944 0.270385 0)
(1.17203 0.161063 0)
(1.20254 0.0489333 0)
(1.23074 -0.064254 0)
(1.25567 -0.17582 0)
(1.27821 -0.284278 0)
(1.29717 -0.387495 0)
(1.31211 -0.483532 0)
(1.32322 -0.570766 0)
(1.33014 -0.646882 0)
(1.33202 -0.708905 0)
(1.32901 -0.755383 0)
(1.32383 -0.78888 0)
(1.32163 -0.816231 0)
(1.32783 -0.845813 0)
(1.34519 -0.883412 0)
(1.37197 -0.929312 0)
(1.40256 -0.978394 0)
(1.42999 -1.02282 0)
(1.44862 -1.05535 0)
(1.45561 -1.0715 0)
(1.45099 -1.07008 0)
(1.4368 -1.0525 0)
(1.41595 -1.02161 0)
(1.39137 -0.980701 0)
(1.36547 -0.932849 0)
(1.33996 -0.880568 0)
(1.31587 -0.825769 0)
(1.29366 -0.769834 0)
(1.27342 -0.713736 0)
(1.25499 -0.658165 0)
(1.23809 -0.603622 0)
(1.22236 -0.550486 0)
(1.20748 -0.499057 0)
(1.19316 -0.449584 0)
(1.17916 -0.402274 0)
(1.16529 -0.357297 0)
(1.15145 -0.314791 0)
(1.13756 -0.274854 0)
(1.12362 -0.23755 0)
(1.10965 -0.2029 0)
(1.09571 -0.17089 0)
(1.08189 -0.141466 0)
(1.06827 -0.11454 0)
(1.05494 -0.0899937 0)
(1.042 -0.0676829 0)
(1.02954 -0.0474404 0)
(1.01763 -0.0290834 0)
(1.00635 -0.012419 0)
(0.995751 0.00275598 0)
(0.98589 0.0166349 0)
(0.976813 0.0294258 0)
(0.968564 0.0413513 0)
(0.9612 0.0526352 0)
(0.954778 0.0634895 0)
(0.949343 0.0740858 0)
(0.94491 0.0845281 0)
(0.941471 0.094853 0)
(0.93904 0.105078 0)
(0.937751 0.115294 0)
(0.937973 0.125777 0)
(0.940423 0.137048 0)
(0.946202 0.149833 0)
(0.956725 0.164893 0)
(0.973518 0.182731 0)
(0.997904 0.203253 0)
(1.03065 0.225511 0)
(1.07163 0.247655 0)
(1.11976 0.267178 0)
(1.17304 0.281396 0)
(1.22892 0.287974 0)
(1.28475 0.285334 0)
(1.33813 0.272809 0)
(1.38712 0.250585 0)
(1.43039 0.219507 0)
(1.46711 0.180857 0)
(1.49684 0.136163 0)
(1.51949 0.0870401 0)
(1.53513 0.0350021 0)
(1.54391 -0.0186036 0)
(1.54592 -0.0724605 0)
(1.54143 -0.125108 0)
(1.53064 -0.175342 0)
(1.51388 -0.222088 0)
(1.49156 -0.264412 0)
(1.46419 -0.301529 0)
(1.43243 -0.332857 0)
(1.39715 -0.358125 0)
(1.3595 -0.377489 0)
(1.32091 -0.391585 0)
(1.28303 -0.401442 0)
(1.2475 -0.408309 0)
(1.21577 -0.413463 0)
(1.18898 -0.41808 0)
(1.16789 -0.423163 0)
(1.15294 -0.429468 0)
(1.14422 -0.43738 0)
(1.14148 -0.446796 0)
(1.14416 -0.457117 0)
(1.15145 -0.467427 0)
(1.16251 -0.476787 0)
(1.17669 -0.484512 0)
(1.19369 -0.49029 0)
(1.21357 -0.49409 0)
(1.23664 -0.495941 0)
(1.26316 -0.495704 0)
(1.29318 -0.492948 0)
(1.32637 -0.48698 0)
(1.36209 -0.476981 0)
(1.3994 -0.462178 0)
(1.43728 -0.441991 0)
(1.47475 -0.416112 0)
(1.51089 -0.38452 0)
(1.54498 -0.347462 0)
(1.57646 -0.305393 0)
(1.60489 -0.258924 0)
(1.63 -0.208775 0)
(1.65161 -0.155733 0)
(1.66959 -0.100617 0)
(1.68392 -0.0442189 0)
(1.69457 0.0126866 0)
(1.7015 0.0693165 0)
(1.70487 0.124814 0)
(1.70474 0.178454 0)
(1.70131 0.229571 0)
(1.69484 0.277599 0)
(1.68569 0.322089 0)
(1.67429 0.362727 0)
(1.66113 0.39933 0)
(1.64674 0.431841 0)
(1.63164 0.460305 0)
(1.61629 0.484836 0)
(1.60111 0.505573 0)
(1.58637 0.522641 0)
(1.57223 0.536124 0)
(1.55876 0.546071 0)
(1.54597 0.552539 0)
(1.53391 0.555632 0)
(1.52272 0.555537 0)
(1.51265 0.552514 0)
(1.50399 0.546849 0)
(1.49705 0.538802 0)
(1.49202 0.528515 0)
(1.48883 0.516119 0)
(0.09504 0.750496 0)
(0.194105 0.766557 0)
(0.238019 0.54917 0)
(0.284214 0.300721 0)
(0.317198 0.0641864 0)
(0.319559 -0.144107 0)
(0.271929 -0.299775 0)
(0.213386 -0.434801 0)
(0.163894 -0.577909 0)
(0.118262 -0.707587 0)
(0.0718668 -0.778628 0)
(0.0199917 -0.772573 0)
(-0.0425934 -0.704018 0)
(-0.105898 -0.592718 0)
(-0.138219 -0.439365 0)
(-0.113716 -0.233716 0)
(-0.0388373 0.00757905 0)
(0.0520434 0.243628 0)
(0.149553 0.453041 0)
(0.251779 0.622507 0)
(0.354642 0.74346 0)
(0.452574 0.814962 0)
(0.540768 0.844696 0)
(0.617355 0.845351 0)
(0.683308 0.829699 0)
(0.741282 0.807565 0)
(0.794514 0.784898 0)
(0.846067 0.763799 0)
(0.898232 0.743117 0)
(0.952146 0.71945 0)
(1.00771 0.688449 0)
(1.06381 0.646173 0)
(1.11878 0.590149 0)
(1.17091 0.519864 0)
(1.21896 0.436574 0)
(1.26238 0.34271 0)
(1.30112 0.241218 0)
(1.33569 0.134763 0)
(1.36687 0.0251469 0)
(1.39413 -0.0855135 0)
(1.41706 -0.194417 0)
(1.43601 -0.29969 0)
(1.45025 -0.399376 0)
(1.45997 -0.491932 0)
(1.46531 -0.57558 0)
(1.46557 -0.647607 0)
(1.46023 -0.705512 0)
(1.45092 -0.749616 0)
(1.44224 -0.784563 0)
(1.44029 -0.817902 0)
(1.44949 -0.856356 0)
(1.46984 -0.902244 0)
(1.49669 -0.952426 0)
(1.52289 -1.00015 0)
(1.54179 -1.03821 0)
(1.54938 -1.0615 0)
(1.54476 -1.06796 0)
(1.52953 -1.05823 0)
(1.50658 -1.03466 0)
(1.47905 -1.00026 0)
(1.44968 -0.957973 0)
(1.42048 -0.910284 0)
(1.3927 -0.859129 0)
(1.36698 -0.805929 0)
(1.34349 -0.751711 0)
(1.32208 -0.697219 0)
(1.30246 -0.643018 0)
(1.28425 -0.589555 0)
(1.26708 -0.537208 0)
(1.25059 -0.486304 0)
(1.23448 -0.437137 0)
(1.21854 -0.389966 0)
(1.2026 -0.345016 0)
(1.18659 -0.302473 0)
(1.17046 -0.262484 0)
(1.15424 -0.225145 0)
(1.13801 -0.19051 0)
(1.12184 -0.158583 0)
(1.10585 -0.129322 0)
(1.09016 -0.102645 0)
(1.07488 -0.0784344 0)
(1.06014 -0.0565394 0)
(1.04602 -0.0367865 0)
(1.03263 -0.0189845 0)
(1.02003 -0.00292695 0)
(1.0083 0.0115917 0)
(0.997485 0.0247733 0)
(0.987625 0.0368342 0)
(0.978758 0.0479898 0)
(0.970932 0.0584566 0)
(0.964206 0.0684469 0)
(0.958635 0.0781462 0)
(0.954254 0.0876824 0)
(0.951069 0.097106 0)
(0.949066 0.106404 0)
(0.948279 0.115561 0)
(0.94888 0.12465 0)
(0.951293 0.133916 0)
(0.956272 0.143797 0)
(0.964895 0.154848 0)
(0.978445 0.167541 0)
(0.998179 0.18201 0)
(1.02501 0.197803 0)
(1.05923 0.213763 0)
(1.10028 0.228122 0)
(1.14679 0.238803 0)
(1.19675 0.243815 0)
(1.24788 0.241617 0)
(1.2979 0.231331 0)
(1.34482 0.212784 0)
(1.38708 0.186411 0)
(1.42354 0.153123 0)
(1.4535 0.114147 0)
(1.47655 0.0708689 0)
(1.49257 0.0246571 0)
(1.50159 -0.0232099 0)
(1.50363 -0.0714428 0)
(1.49894 -0.118669 0)
(1.48782 -0.163759 0)
(1.47069 -0.205717 0)
(1.44808 -0.243695 0)
(1.42064 -0.277013 0)
(1.38919 -0.305249 0)
(1.35482 -0.328347 0)
(1.31889 -0.346697 0)
(1.28297 -0.361099 0)
(1.24869 -0.372605 0)
(1.21749 -0.38232 0)
(1.19049 -0.391256 0)
(1.16844 -0.400285 0)
(1.15175 -0.410133 0)
(1.14061 -0.421304 0)
(1.13493 -0.433936 0)
(1.13435 -0.44768 0)
(1.13825 -0.461742 0)
(1.14586 -0.47514 0)
(1.1565 -0.487052 0)
(1.16984 -0.497069 0)
(1.18598 -0.5052 0)
(1.20536 -0.511642 0)
(1.22853 -0.516458 0)
(1.25582 -0.519328 0)
(1.28709 -0.519508 0)
(1.32178 -0.515972 0)
(1.35891 -0.507648 0)
(1.39734 -0.493637 0)
(1.4359 -0.473358 0)
(1.47358 -0.446592 0)
(1.50951 -0.41346 0)
(1.54308 -0.37436 0)
(1.57382 -0.329888 0)
(1.60146 -0.280771 0)
(1.6258 -0.227819 0)
(1.64676 -0.171884 0)
(1.66429 -0.113825 0)
(1.67839 -0.0544707 0)
(1.68904 0.00539745 0)
(1.69617 0.06496 0)
(1.69993 0.123336 0)
(1.70033 0.17976 0)
(1.69746 0.233512 0)
(1.6915 0.283952 0)
(1.68272 0.330555 0)
(1.67149 0.372936 0)
(1.65825 0.410863 0)
(1.64354 0.444258 0)
(1.6279 0.473173 0)
(1.61187 0.497764 0)
(1.59592 0.518241 0)
(1.58043 0.534823 0)
(1.56567 0.547697 0)
(1.55178 0.556995 0)
(1.53878 0.562812 0)
(1.52666 0.565234 0)
(1.51543 0.564385 0)
(1.50518 0.560451 0)
(1.49605 0.553672 0)
(1.48824 0.54431 0)
(1.48197 0.532583 0)
(1.47725 0.5187 0)
(0.143504 0.568538 0)
(0.337155 0.681368 0)
(0.474117 0.495245 0)
(0.569912 0.266012 0)
(0.620938 0.0483913 0)
(0.623838 -0.130928 0)
(0.585014 -0.269286 0)
(0.551486 -0.401213 0)
(0.538335 -0.546093 0)
(0.523412 -0.675985 0)
(0.490787 -0.744941 0)
(0.442732 -0.731793 0)
(0.381877 -0.647749 0)
(0.302503 -0.526316 0)
(0.206202 -0.399498 0)
(0.126119 -0.25585 0)
(0.12565 -0.05676 0)
(0.196148 0.167474 0)
(0.289174 0.371054 0)
(0.388684 0.538164 0)
(0.489476 0.661333 0)
(0.585425 0.739332 0)
(0.671756 0.777984 0)
(0.746717 0.787649 0)
(0.811354 0.779352 0)
(0.868403 0.76207 0)
(0.921193 0.741629 0)
(0.972831 0.72057 0)
(1.02562 0.698563 0)
(1.0807 0.673208 0)
(1.13796 0.641092 0)
(1.19627 0.598926 0)
(1.25387 0.544482 0)
(1.30892 0.477075 0)
(1.35997 0.397511 0)
(1.40612 0.307714 0)
(1.447 0.210241 0)
(1.4828 0.107536 0)
(1.51397 0.00145665 0)
(1.53977 -0.105473 0)
(1.56007 -0.210451 0)
(1.57512 -0.311574 0)
(1.58494 -0.40724 0)
(1.58996 -0.495947 0)
(1.58989 -0.575408 0)
(1.58393 -0.64285 0)
(1.57277 -0.697155 0)
(1.56019 -0.740978 0)
(1.55235 -0.780482 0)
(1.55477 -0.822358 0)
(1.569 -0.870086 0)
(1.59155 -0.92208 0)
(1.61549 -0.972752 0)
(1.63362 -1.01534 0)
(1.64102 -1.04454 0)
(1.63602 -1.05781 0)
(1.61973 -1.05526 0)
(1.59495 -1.03879 0)
(1.56493 -1.01109 0)
(1.53263 -0.974905 0)
(1.50032 -0.932603 0)
(1.46944 -0.886044 0)
(1.44076 -0.836612 0)
(1.41452 -0.785321 0)
(1.39061 -0.732923 0)
(1.36873 -0.680008 0)
(1.34847 -0.627067 0)
(1.3294 -0.574532 0)
(1.31112 -0.522803 0)
(1.29326 -0.472253 0)
(1.27555 -0.423232 0)
(1.25778 -0.376059 0)
(1.23984 -0.331019 0)
(1.22167 -0.288354 0)
(1.20328 -0.248256 0)
(1.18475 -0.210862 0)
(1.16618 -0.176251 0)
(1.14771 -0.144446 0)
(1.12948 -0.115415 0)
(1.11165 -0.0890771 0)
(1.09436 -0.0653097 0)
(1.07775 -0.0439542 0)
(1.06193 -0.0248258 0)
(1.04701 -0.00772148 0)
(1.03307 0.00758202 0)
(1.02019 0.0212912 0)
(1.0084 0.0336313 0)
(0.997746 0.0448227 0)
(0.988251 0.0550765 0)
(0.979952 0.0646017 0)
(0.972897 0.073604 0)
(0.96714 0.0822727 0)
(0.962728 0.0907543 0)
(0.959685 0.0991245 0)
(0.957997 0.107378 0)
(0.957648 0.115455 0)
(0.958678 0.123308 0)
(0.961278 0.13098 0)
(0.965884 0.138659 0)
(0.973219 0.146671 0)
(0.984249 0.155368 0)
(1.00004 0.164958 0)
(1.0215 0.175295 0)
(1.04917 0.185738 0)
(1.08292 0.195141 0)
(1.12195 0.202011 0)
(1.16481 0.204777 0)
(1.20966 0.202082 0)
(1.2545 0.193001 0)
(1.29743 0.177144 0)
(1.33683 0.154646 0)
(1.3714 0.126093 0)
(1.4002 0.0924193 0)
(1.42264 0.054752 0)
(1.43841 0.0142685 0)
(1.44738 -0.0278726 0)
(1.44956 -0.070461 0)
(1.44513 -0.11227 0)
(1.43445 -0.152272 0)
(1.41798 -0.189564 0)
(1.39632 -0.2234 0)
(1.37025 -0.253243 0)
(1.34075 -0.278864 0)
(1.30907 -0.300432 0)
(1.27671 -0.318513 0)
(1.2452 -0.333951 0)
(1.21596 -0.347671 0)
(1.19004 -0.360506 0)
(1.16814 -0.37316 0)
(1.15066 -0.386244 0)
(1.13779 -0.400292 0)
(1.12959 -0.415641 0)
(1.12594 -0.432242 0)
(1.12647 -0.449536 0)
(1.13056 -0.466589 0)
(1.13755 -0.482442 0)
(1.14703 -0.496506 0)
(1.15905 -0.508737 0)
(1.17414 -0.519479 0)
(1.1931 -0.529065 0)
(1.2166 -0.537418 0)
(1.24482 -0.543859 0)
(1.27734 -0.547205 0)
(1.3132 -0.546061 0)
(1.35115 -0.539148 0)
(1.38985 -0.525532 0)
(1.42811 -0.504729 0)
(1.46495 -0.476687 0)
(1.49968 -0.441718 0)
(1.53179 -0.40039 0)
(1.56101 -0.353444 0)
(1.58717 -0.301712 0)
(1.61021 -0.246074 0)
(1.63013 -0.187426 0)
(1.64693 -0.126648 0)
(1.66064 -0.0645713 0)
(1.67127 -0.00198466 0)
(1.67874 0.0602801 0)
(1.68314 0.121346 0)
(1.68444 0.18043 0)
(1.68264 0.236768 0)
(1.67782 0.289657 0)
(1.67014 0.338489 0)
(1.65985 0.382791 0)
(1.64733 0.422255 0)
(1.63307 0.456749 0)
(1.6176 0.486308 0)
(1.60149 0.511103 0)
(1.58526 0.531396 0)
(1.5694 0.547487 0)
(1.55425 0.559666 0)
(1.54006 0.568171 0)
(1.52692 0.573176 0)
(1.51483 0.574809 0)
(1.50376 0.573183 0)
(1.49368 0.568439 0)
(1.4846 0.56076 0)
(1.4766 0.550374 0)
(1.46981 0.537508 0)
(1.46425 0.522408 0)
(0.141924 0.338376 0)
(0.400546 0.495219 0)
(0.633191 0.389329 0)
(0.796523 0.214005 0)
(0.879075 0.042269 0)
(0.890817 -0.113704 0)
(0.881807 -0.254344 0)
(0.89471 -0.39838 0)
(0.919517 -0.544853 0)
(0.921742 -0.661439 0)
(0.885765 -0.713047 0)
(0.8211 -0.688183 0)
(0.745167 -0.597361 0)
(0.668808 -0.461629 0)
(0.584148 -0.314114 0)
(0.475377 -0.188216 0)
(0.381137 -0.0601743 0)
(0.375453 0.110497 0)
(0.439922 0.294918 0)
(0.528578 0.457131 0)
(0.623929 0.581664 0)
(0.716647 0.665549 0)
(0.800966 0.712691 0)
(0.874655 0.73109 0)
(0.938379 0.729952 0)
(0.994616 0.717333 0)
(1.04658 0.698912 0)
(1.09736 0.677654 0)
(1.14932 0.654037 0)
(1.20369 0.626648 0)
(1.26054 0.593011 0)
(1.31884 0.550524 0)
(1.37694 0.497265 0)
(1.43295 0.43247 0)
(1.48525 0.356589 0)
(1.53266 0.271107 0)
(1.57443 0.178197 0)
(1.6105 0.0800268 0)
(1.64092 -0.021491 0)
(1.66477 -0.123617 0)
(1.6823 -0.22375 0)
(1.69402 -0.320257 0)
(1.70042 -0.41171 0)
(1.70154 -0.49613 0)
(1.69661 -0.570792 0)
(1.68569 -0.633809 0)
(1.67174 -0.686349 0)
(1.66063 -0.733144 0)
(1.65843 -0.780269 0)
(1.66786 -0.831587 0)
(1.68642 -0.886476 0)
(1.70763 -0.940303 0)
(1.72411 -0.986887 0)
(1.73039 -1.02109 0)
(1.72428 -1.04021 0)
(1.70655 -1.04408 0)
(1.67988 -1.0343 0)
(1.6476 -1.01328 0)
(1.61281 -0.983527 0)
(1.57792 -0.947221 0)
(1.54452 -0.906072 0)
(1.51348 -0.861353 0)
(1.48507 -0.813997 0)
(1.45924 -0.764714 0)
(1.43565 -0.714074 0)
(1.41387 -0.662575 0)
(1.39343 -0.610678 0)
(1.37385 -0.558833 0)
(1.35472 -0.507479 0)
(1.3357 -0.457049 0)
(1.31651 -0.407957 0)
(1.297 -0.360595 0)
(1.27707 -0.315312 0)
(1.25672 -0.272409 0)
(1.23603 -0.232126 0)
(1.21511 -0.194639 0)
(1.19412 -0.160054 0)
(1.17325 -0.128408 0)
(1.15269 -0.0996756 0)
(1.13263 -0.0737724 0)
(1.11325 -0.0505653 0)
(1.0947 -0.0298816 0)
(1.07713 -0.0115243 0)
(1.06064 0.00473958 0)
(1.04534 0.0191253 0)
(1.03128 0.0318719 0)
(1.0185 0.0432218 0)
(1.00704 0.0533997 0)
(0.996915 0.0626179 0)
(0.988137 0.0710796 0)
(0.980741 0.0789813 0)
(0.974768 0.0865074 0)
(0.970265 0.0938132 0)
(0.967265 0.100997 0)
(0.96577 0.10808 0)
(0.965751 0.115003 0)
(0.967177 0.121668 0)
(0.970086 0.127993 0)
(0.974661 0.133983 0)
(0.981302 0.139752 0)
(0.990637 0.145493 0)
(1.00345 0.151373 0)
(1.02054 0.157391 0)
(1.04248 0.163237 0)
(1.06945 0.168241 0)
(1.10109 0.171419 0)
(1.13646 0.171633 0)
(1.17421 0.167797 0)
(1.21271 0.159073 0)
(1.25029 0.144987 0)
(1.28541 0.125481 0)
(1.31672 0.100893 0)
(1.34319 0.0718854 0)
(1.36409 0.0393284 0)
(1.379 0.00418795 0)
(1.38766 -0.0325309 0)
(1.39 -0.0697404 0)
(1.38619 -0.10639 0)
(1.37654 -0.14157 0)
(1.36157 -0.1745 0)
(1.34191 -0.20457 0)
(1.31846 -0.231427 0)
(1.29233 -0.255048 0)
(1.26484 -0.275779 0)
(1.23741 -0.294249 0)
(1.21136 -0.311193 0)
(1.18768 -0.327278 0)
(1.16699 -0.343027 0)
(1.14964 -0.358888 0)
(1.1358 -0.375329 0)
(1.12561 -0.392806 0)
(1.11919 -0.411561 0)
(1.11645 -0.431372 0)
(1.11702 -0.451484 0)
(1.12035 -0.470869 0)
(1.12592 -0.488698 0)
(1.13366 -0.504732 0)
(1.14407 -0.519356 0)
(1.15812 -0.533194 0)
(1.17685 -0.54655 0)
(1.20084 -0.558989 0)
(1.22999 -0.569295 0)
(1.26342 -0.575776 0)
(1.29979 -0.576715 0)
(1.33762 -0.570732 0)
(1.37551 -0.556984 0)
(1.41234 -0.535183 0)
(1.44729 -0.505508 0)
(1.47983 -0.468481 0)
(1.50966 -0.424849 0)
(1.53665 -0.375476 0)
(1.56078 -0.32128 0)
(1.58209 -0.263188 0)
(1.60063 -0.202115 0)
(1.61647 -0.138938 0)
(1.62967 -0.0744755 0)
(1.64025 -0.00950597 0)
(1.6481 0.0551418 0)
(1.6533 0.118615 0)
(1.65579 0.180133 0)
(1.65546 0.238908 0)
(1.65231 0.294187 0)
(1.64637 0.345286 0)
(1.63778 0.391637 0)
(1.62681 0.432833 0)
(1.61384 0.46866 0)
(1.59936 0.499102 0)
(1.58394 0.524316 0)
(1.56813 0.544591 0)
(1.55245 0.560291 0)
(1.53736 0.571796 0)
(1.52318 0.579451 0)
(1.51009 0.583534 0)
(1.49818 0.584252 0)
(1.48741 0.581758 0)
(1.47771 0.576188 0)
(1.46903 0.567694 0)
(1.46132 0.556462 0)
(1.45462 0.542697 0)
(1.44891 0.526652 0)
(0.197684 0.0656462 0)
(0.441029 0.170162 0)
(0.7023 0.154682 0)
(0.913245 0.0681624 0)
(1.04732 -0.048457 0)
(1.13745 -0.175232 0)
(1.21102 -0.30587 0)
(1.27405 -0.439567 0)
(1.307 -0.5615 0)
(1.29068 -0.644067 0)
(1.22683 -0.665401 0)
(1.13444 -0.622669 0)
(1.03468 -0.52891 0)
(0.943922 -0.400625 0)
(0.871912 -0.250917 0)
(0.803728 -0.103301 0)
(0.710115 0.0146475 0)
(0.629881 0.120139 0)
(0.621589 0.248016 0)
(0.674351 0.386406 0)
(0.755182 0.506424 0)
(0.842163 0.594093 0)
(0.924392 0.64854 0)
(0.997582 0.675078 0)
(1.06135 0.680994 0)
(1.11754 0.673226 0)
(1.16899 0.657123 0)
(1.21865 0.635947 0)
(1.26891 0.610893 0)
(1.32122 0.581469 0)
(1.37587 0.546117 0)
(1.43215 0.502951 0)
(1.48861 0.450436 0)
(1.54348 0.387842 0)
(1.59507 0.315393 0)
(1.64198 0.23423 0)
(1.68325 0.14614 0)
(1.71854 0.0530037 0)
(1.74751 -0.0431964 0)
(1.76927 -0.139825 0)
(1.7846 -0.234761 0)
(1.79415 -0.326596 0)
(1.79809 -0.413521 0)
(1.79573 -0.492952 0)
(1.78685 -0.562675 0)
(1.77385 -0.622888 0)
(1.76215 -0.677079 0)
(1.75799 -0.730406 0)
(1.76464 -0.786516 0)
(1.78029 -0.84518 0)
(1.79887 -0.902424 0)
(1.81306 -0.952664 0)
(1.81728 -0.991131 0)
(1.80913 -1.01527 0)
(1.78929 -1.02486 0)
(1.76041 -1.02132 0)
(1.72588 -1.00686 0)
(1.68888 -0.983741 0)
(1.65187 -0.953907 0)
(1.61651 -0.918861 0)
(1.58368 -0.879705 0)
(1.55372 -0.83724 0)
(1.52655 -0.792079 0)
(1.50185 -0.74473 0)
(1.47915 -0.695657 0)
(1.45794 -0.645315 0)
(1.43768 -0.59417 0)
(1.41789 -0.542705 0)
(1.39814 -0.491418 0)
(1.3781 -0.440813 0)
(1.35752 -0.391384 0)
(1.33629 -0.343596 0)
(1.31436 -0.297875 0)
(1.29179 -0.254582 0)
(1.2687 -0.214013 0)
(1.24528 -0.176379 0)
(1.22176 -0.141813 0)
(1.19837 -0.110364 0)
(1.17536 -0.0820048 0)
(1.15296 -0.0566421 0)
(1.1314 -0.0341251 0)
(1.11084 -0.0142665 0)
(1.09146 0.00317193 0)
(1.07337 0.0184171 0)
(1.05668 0.031721 0)
(1.04143 0.0433508 0)
(1.02766 0.0535579 0)
(1.01538 0.062577 0)
(1.00462 0.0706258 0)
(0.995363 0.0779054 0)
(0.987623 0.0846034 0)
(0.981422 0.0908947 0)
(0.97679 0.0969327 0)
(0.973762 0.102829 0)
(0.97235 0.108631 0)
(0.972534 0.114306 0)
(0.974262 0.119751 0)
(0.977487 0.124835 0)
(0.982228 0.129448 0)
(0.988634 0.133551 0)
(0.997029 0.137179 0)
(1.0079 0.140403 0)
(1.02181 0.143241 0)
(1.03928 0.145559 0)
(1.06059 0.146994 0)
(1.08566 0.146954 0)
(1.11399 0.144688 0)
(1.14466 0.13941 0)
(1.17646 0.13045 0)
(1.20803 0.117362 0)
(1.23801 0.0999997 0)
(1.26518 0.0785326 0)
(1.28848 0.053402 0)
(1.30715 0.0252444 0)
(1.32068 -0.00516968 0)
(1.32872 -0.0370049 0)
(1.33117 -0.0693328 0)
(1.32814 -0.101291 0)
(1.31993 -0.132119 0)
(1.30707 -0.161187 0)
(1.29025 -0.188062 0)
(1.27041 -0.21258 0)
(1.24868 -0.234883 0)
(1.22629 -0.255384 0)
(1.20437 -0.27463 0)
(1.18383 -0.293126 0)
(1.16522 -0.311244 0)
(1.1488 -0.329269 0)
(1.13472 -0.347535 0)
(1.12315 -0.366509 0)
(1.11436 -0.386652 0)
(1.10855 -0.40811 0)
(1.10568 -0.430455 0)
(1.10538 -0.452731 0)
(1.10711 -0.473894 0)
(1.11062 -0.493386 0)
(1.11622 -0.511441 0)
(1.12492 -0.528884 0)
(1.13806 -0.546479 0)
(1.15673 -0.564251 0)
(1.18125 -0.581168 0)
(1.21102 -0.595354 0)
(1.2447 -0.604634 0)
(1.28064 -0.60709 0)
(1.31722 -0.601405 0)
(1.35314 -0.586953 0)
(1.38744 -0.563722 0)
(1.41953 -0.532151 0)
(1.44908 -0.492972 0)
(1.47598 -0.447083 0)
(1.50024 -0.395449 0)
(1.52194 -0.339043 0)
(1.5412 -0.278817 0)
(1.55814 -0.215685 0)
(1.57285 -0.150505 0)
(1.58543 -0.0840657 0)
(1.59587 -0.0171247 0)
(1.60409 0.0495029 0)
(1.61012 0.115006 0)
(1.6139 0.178633 0)
(1.61525 0.239587 0)
(1.6141 0.297084 0)
(1.61036 0.35038 0)
(1.60405 0.398817 0)
(1.59532 0.441881 0)
(1.58443 0.479255 0)
(1.57179 0.510838 0)
(1.55789 0.536741 0)
(1.54328 0.557247 0)
(1.52853 0.572756 0)
(1.51411 0.583721 0)
(1.50043 0.590582 0)
(1.48778 0.593727 0)
(1.47631 0.59346 0)
(1.46604 0.590008 0)
(1.45693 0.583547 0)
(1.44888 0.574229 0)
(1.4418 0.562219 0)
(1.43564 0.547694 0)
(1.43033 0.530903 0)
(1.24129 -0.0320599 0)
(1.23534 -0.0190837 0)
(1.30006 -0.0200558 0)
(1.41001 -0.0652133 0)
(1.50948 -0.145424 0)
(1.58312 -0.246245 0)
(1.63061 -0.355516 0)
(1.64619 -0.461508 0)
(1.61876 -0.547282 0)
(1.54539 -0.594041 0)
(1.43847 -0.590691 0)
(1.31928 -0.538556 0)
(1.20701 -0.447798 0)
(1.11244 -0.331857 0)
(1.04218 -0.200005 0)
(0.996446 -0.0571295 0)
(0.953002 0.0755525 0)
(0.892006 0.174303 0)
(0.839954 0.256381 0)
(0.836813 0.348599 0)
(0.883279 0.446098 0)
(0.955588 0.529651 0)
(1.03339 0.588371 0)
(1.10639 0.621699 0)
(1.17131 0.634115 0)
(1.2286 0.631226 0)
(1.28047 0.617875 0)
(1.32956 0.597417 0)
(1.37824 0.571562 0)
(1.42809 0.54058 0)
(1.47973 0.503727 0)
(1.53278 0.459803 0)
(1.58613 0.407707 0)
(1.63823 0.346852 0)
(1.68746 0.277368 0)
(1.73239 0.20014 0)
(1.77195 0.116617 0)
(1.80557 0.0284473 0)
(1.83265 -0.0624217 0)
(1.85274 -0.153808 0)
(1.86682 -0.244018 0)
(1.87499 -0.331316 0)
(1.87654 -0.413237 0)
(1.8711 -0.487448 0)
(1.86071 -0.553592 0)
(1.8505 -0.614241 0)
(1.84661 -0.673655 0)
(1.85251 -0.734959 0)
(1.86672 -0.797912 0)
(1.88344 -0.858898 0)
(1.89553 -0.912821 0)
(1.89749 -0.955331 0)
(1.88701 -0.984131 0)
(1.86485 -0.999079 0)
(1.83373 -1.00154 0)
(1.79711 -0.993542 0)
(1.75818 -0.977137 0)
(1.71944 -0.954042 0)
(1.68255 -0.925543 0)
(1.6484 -0.892552 0)
(1.61733 -0.855716 0)
(1.58929 -0.815523 0)
(1.56396 -0.772387 0)
(1.54086 -0.7267 0)
(1.51945 -0.678869 0)
(1.49914 -0.629336 0)
(1.47935 -0.57859 0)
(1.45958 -0.527163 0)
(1.43941 -0.475618 0)
(1.41851 -0.424539 0)
(1.39668 -0.374503 0)
(1.37381 -0.32606 0)
(1.34994 -0.279709 0)
(1.32516 -0.235881 0)
(1.29969 -0.194923 0)
(1.27377 -0.157084 0)
(1.24769 -0.122518 0)
(1.22177 -0.0912828 0)
(1.1963 -0.0633449 0)
(1.17157 -0.0385941 0)
(1.14783 -0.0168638 0)
(1.12529 0.00208023 0)
(1.10414 0.0184731 0)
(1.08451 0.0325808 0)
(1.06647 0.0446983 0)
(1.05008 0.0551073 0)
(1.03536 0.0640742 0)
(1.02232 0.0718474 0)
(1.01096 0.0786527 0)
(1.00126 0.0846927 0)
(0.993212 0.0901493 0)
(0.986802 0.095187 0)
(0.982045 0.099951 0)
(0.978961 0.104556 0)
(0.977565 0.109065 0)
(0.977847 0.113474 0)
(0.979759 0.117702 0)
(0.983225 0.121612 0)
(0.988175 0.125048 0)
(0.994598 0.127879 0)
(1.00259 0.130027 0)
(1.01239 0.131462 0)
(1.02432 0.132163 0)
(1.03874 0.132053 0)
(1.05593 0.130936 0)
(1.07594 0.128472 0)
(1.09852 0.124196 0)
(1.12313 0.117583 0)
(1.1489 0.108147 0)
(1.17482 0.0955324 0)
(1.19977 0.0795841 0)
(1.22269 0.0603795 0)
(1.24263 0.0382049 0)
(1.25886 0.0135139 0)
(1.2708 -0.0130856 0)
(1.2781 -0.0409242 0)
(1.28062 -0.069243 0)
(1.27846 -0.0973497 0)
(1.27191 -0.12464 0)
(1.26149 -0.150649 0)
(1.2479 -0.175114 0)
(1.23203 -0.198013 0)
(1.21487 -0.219564 0)
(1.19737 -0.24013 0)
(1.1803 -0.260083 0)
(1.16413 -0.279684 0)
(1.1491 -0.29909 0)
(1.13528 -0.318489 0)
(1.12285 -0.338262 0)
(1.11215 -0.358968 0)
(1.10361 -0.381084 0)
(1.0975 -0.404608 0)
(1.09374 -0.428849 0)
(1.09188 -0.452668 0)
(1.09147 -0.47511 0)
(1.09251 -0.496024 0)
(1.09581 -0.516203 0)
(1.10288 -0.536849 0)
(1.11528 -0.558668 0)
(1.13397 -0.581151 0)
(1.15882 -0.602501 0)
(1.18867 -0.620168 0)
(1.22178 -0.631613 0)
(1.25629 -0.634894 0)
(1.29065 -0.628904 0)
(1.32371 -0.613326 0)
(1.35478 -0.588449 0)
(1.38347 -0.554956 0)
(1.40965 -0.513758 0)
(1.43336 -0.465865 0)
(1.45472 -0.412307 0)
(1.47387 -0.354089 0)
(1.491 -0.292166 0)
(1.50625 -0.227437 0)
(1.51975 -0.160731 0)
(1.53161 -0.0928005 0)
(1.54186 -0.0243711 0)
(1.55038 0.0437593 0)
(1.5572 0.110817 0)
(1.56226 0.176099 0)
(1.56535 0.238821 0)
(1.56629 0.298187 0)
(1.56495 0.353411 0)
(1.56122 0.40376 0)
(1.55512 0.448624 0)
(1.54681 0.487577 0)
(1.53657 0.520422 0)
(1.52483 0.547195 0)
(1.51209 0.568149 0)
(1.49889 0.583691 0)
(1.48575 0.59432 0)
(1.47311 0.600554 0)
(1.46134 0.602874 0)
(1.45064 0.601684 0)
(1.44113 0.597298 0)
(1.4328 0.589949 0)
(1.42557 0.579824 0)
(1.41933 0.567088 0)
(1.41397 0.551903 0)
(1.40939 0.534514 0)
(1.74274 0.0151291 0)
(1.76477 0.024236 0)
(1.80815 0.0104668 0)
(1.85883 -0.0465715 0)
(1.89331 -0.136032 0)
(1.90073 -0.238789 0)
(1.87917 -0.338959 0)
(1.82677 -0.424665 0)
(1.74251 -0.484958 0)
(1.63173 -0.510619 0)
(1.50738 -0.497611 0)
(1.3851 -0.448542 0)
(1.27781 -0.370186 0)
(1.19297 -0.270814 0)
(1.13231 -0.158045 0)
(1.09861 -0.0335178 0)
(1.09129 0.0978353 0)
(1.08214 0.210266 0)
(1.05232 0.289777 0)
(1.02453 0.352082 0)
(1.02847 0.415432 0)
(1.06883 0.479551 0)
(1.13111 0.533722 0)
(1.19968 0.570351 0)
(1.26534 0.588331 0)
(1.32489 0.59044 0)
(1.37866 0.580456 0)
(1.42849 0.561574 0)
(1.47653 0.535826 0)
(1.52444 0.504067 0)
(1.57313 0.466231 0)
(1.62263 0.42174 0)
(1.6722 0.369948 0)
(1.72063 0.310488 0)
(1.76655 0.243494 0)
(1.80859 0.169686 0)
(1.84566 0.0902899 0)
(1.87713 0.00674627 0)
(1.90243 -0.0793211 0)
(1.92151 -0.166133 0)
(1.93452 -0.251862 0)
(1.94069 -0.33419 0)
(1.93968 -0.410882 0)
(1.93341 -0.481301 0)
(1.92662 -0.547285 0)
(1.92497 -0.612149 0)
(1.93168 -0.678299 0)
(1.94532 -0.745282 0)
(1.96042 -0.809747 0)
(1.97027 -0.867083 0)
(1.96974 -0.913396 0)
(1.95681 -0.946673 0)
(1.9324 -0.966859 0)
(1.8993 -0.97525 0)
(1.86095 -0.973715 0)
(1.82052 -0.964104 0)
(1.78048 -0.947923 0)
(1.74244 -0.926264 0)
(1.7073 -0.899866 0)
(1.67543 -0.869225 0)
(1.6468 -0.834701 0)
(1.62114 -0.796595 0)
(1.59799 -0.755201 0)
(1.57678 -0.710839 0)
(1.55689 -0.663887 0)
(1.53767 -0.614792 0)
(1.51855 -0.564076 0)
(1.49897 -0.512329 0)
(1.47851 -0.460192 0)
(1.45686 -0.408332 0)
(1.43384 -0.357418 0)
(1.40939 -0.308089 0)
(1.38359 -0.260924 0)
(1.35662 -0.216423 0)
(1.32875 -0.174985 0)
(1.3003 -0.136896 0)
(1.27166 -0.10233 0)
(1.24319 -0.0713422 0)
(1.21527 -0.043888 0)
(1.18822 -0.0198412 0)
(1.16234 0.00101561 0)
(1.13789 0.0189203 0)
(1.11504 0.0341523 0)
(1.09393 0.0470343 0)
(1.07462 0.0578805 0)
(1.05716 0.0669909 0)
(1.04156 0.0746494 0)
(1.02782 0.0811184 0)
(1.01592 0.0866332 0)
(1.00583 0.0914006 0)
(0.997499 0.0956 0)
(0.99091 0.0993873 0)
(0.986044 0.102897 0)
(0.982899 0.106238 0)
(0.981482 0.109481 0)
(0.981786 0.112639 0)
(0.983776 0.115662 0)
(0.98738 0.118432 0)
(0.9925 0.120792 0)
(0.999046 0.122572 0)
(1.00698 0.123625 0)
(1.01634 0.123845 0)
(1.02725 0.123149 0)
(1.0399 0.121455 0)
(1.05447 0.118634 0)
(1.07101 0.114482 0)
(1.08941 0.108722 0)
(1.10935 0.101028 0)
(1.13025 0.0910806 0)
(1.15138 0.078634 0)
(1.17189 0.0635735 0)
(1.19092 0.0459381 0)
(1.20769 0.0259199 0)
(1.22154 0.00386267 0)
(1.23193 -0.0197659 0)
(1.23854 -0.0444307 0)
(1.24122 -0.0695555 0)
(1.24004 -0.0946072 0)
(1.23527 -0.119136 0)
(1.22738 -0.142827 0)
(1.21699 -0.165538 0)
(1.20481 -0.187317 0)
(1.19158 -0.208365 0)
(1.17791 -0.228929 0)
(1.16424 -0.249201 0)
(1.15075 -0.269267 0)
(1.13752 -0.289201 0)
(1.12468 -0.30924 0)
(1.11256 -0.329902 0)
(1.1017 -0.351849 0)
(1.09263 -0.3755 0)
(1.0856 -0.400614 0)
(1.08037 -0.426211 0)
(1.07642 -0.451051 0)
(1.07342 -0.474429 0)
(1.07178 -0.496748 0)
(1.07281 -0.519365 0)
(1.07842 -0.5437 0)
(1.09023 -0.570121 0)
(1.10883 -0.597358 0)
(1.13354 -0.62278 0)
(1.16271 -0.64327 0)
(1.1943 -0.656124 0)
(1.22647 -0.659557 0)
(1.25782 -0.652784 0)
(1.28746 -0.63583 0)
(1.31492 -0.609263 0)
(1.34003 -0.573971 0)
(1.3628 -0.53099 0)
(1.38336 -0.481406 0)
(1.4019 -0.426288 0)
(1.41861 -0.36665 0)
(1.4337 -0.303439 0)
(1.44734 -0.237529 0)
(1.45965 -0.16972 0)
(1.47076 -0.100731 0)
(1.48071 -0.0312617 0)
(1.4894 0.0379127 0)
(1.49682 0.106061 0)
(1.50299 0.172546 0)
(1.50765 0.236618 0)
(1.51059 0.297483 0)
(1.51161 0.354327 0)
(1.51052 0.406366 0)
(1.50723 0.452902 0)
(1.50178 0.49341 0)
(1.49434 0.527586 0)
(1.48523 0.55538 0)
(1.47489 0.576987 0)
(1.4638 0.592794 0)
(1.45248 0.603322 0)
(1.4414 0.609141 0)
(1.43095 0.610809 0)
(1.42142 0.60882 0)
(1.41296 0.603574 0)
(1.40563 0.595381 0)
(1.39939 0.584473 0)
(1.39415 0.571044 0)
(1.38978 0.555252 0)
(1.38616 0.537349 0)
(1.84808 -0.00787339 0)
(1.87063 -0.019647 0)
(1.90015 -0.048177 0)
(1.92754 -0.101494 0)
(1.93797 -0.172266 0)
(1.92246 -0.247393 0)
(1.87967 -0.316798 0)
(1.8117 -0.373615 0)
(1.72245 -0.411587 0)
(1.61873 -0.424949 0)
(1.51022 -0.410433 0)
(1.40707 -0.368718 0)
(1.31728 -0.303601 0)
(1.24619 -0.220187 0)
(1.19526 -0.124659 0)
(1.16568 -0.0210741 0)
(1.16611 0.0924969 0)
(1.18952 0.207173 0)
(1.20694 0.301856 0)
(1.20495 0.367466 0)
(1.19808 0.413853 0)
(1.20737 0.454056 0)
(1.2405 0.491582 0)
(1.29153 0.522252 0)
(1.35042 0.541419 0)
(1.40959 0.547466 0)
(1.46548 0.541376 0)
(1.5175 0.52516 0)
(1.56658 0.500686 0)
(1.61402 0.469166 0)
(1.66082 0.431098 0)
(1.70733 0.386486 0)
(1.75328 0.335144 0)
(1.7979 0.27698 0)
(1.84013 0.212215 0)
(1.8788 0.141523 0)
(1.91298 0.065917 0)
(1.9422 -0.0134833 0)
(1.96577 -0.095279 0)
(1.98318 -0.177572 0)
(1.99377 -0.258208 0)
(1.99742 -0.335242 0)
(1.99615 -0.408066 0)
(1.99434 -0.478016 0)
(1.99688 -0.547497 0)
(2.00621 -0.618013 0)
(2.0205 -0.688643 0)
(2.03443 -0.756121 0)
(2.04184 -0.816281 0)
(2.03826 -0.865735 0)
(2.02224 -0.902838 0)
(1.99505 -0.927693 0)
(1.95964 -0.941572 0)
(1.91946 -0.946207 0)
(1.87762 -0.943251 0)
(1.83645 -0.934009 0)
(1.79751 -0.919379 0)
(1.76165 -0.899928 0)
(1.72923 -0.876004 0)
(1.70026 -0.847832 0)
(1.67452 -0.815587 0)
(1.65159 -0.77944 0)
(1.63093 -0.739591 0)
(1.61188 -0.696307 0)
(1.59377 -0.649945 0)
(1.57589 -0.600966 0)
(1.55761 -0.549938 0)
(1.53839 -0.497519 0)
(1.51777 -0.444436 0)
(1.49544 -0.391454 0)
(1.47126 -0.339344 0)
(1.44519 -0.288843 0)
(1.41738 -0.240625 0)
(1.38807 -0.195265 0)
(1.35763 -0.153222 0)
(1.32648 -0.114818 0)
(1.29508 -0.0802425 0)
(1.26389 -0.0495461 0)
(1.23335 -0.0226726 0)
(1.20386 0.000561779 0)
(1.17576 0.0203814 0)
(1.14933 0.037074 0)
(1.12475 0.0509927 0)
(1.10213 0.0624904 0)
(1.08154 0.0719073 0)
(1.06302 0.0795694 0)
(1.04657 0.0857813 0)
(1.03216 0.0908204 0)
(1.01975 0.0949327 0)
(1.00929 0.0983306 0)
(1.00072 0.101193 0)
(0.993981 0.103671 0)
(0.989033 0.105886 0)
(0.985847 0.107939 0)
(0.984409 0.109896 0)
(0.984705 0.111782 0)
(0.986707 0.113568 0)
(0.990357 0.115164 0)
(0.99556 0.116427 0)
(1.0022 0.117185 0)
(1.01016 0.117264 0)
(1.01938 0.116506 0)
(1.02981 0.114784 0)
(1.0415 0.111987 0)
(1.05449 0.108005 0)
(1.06879 0.102704 0)
(1.08431 0.095918 0)
(1.10086 0.0874552 0)
(1.11806 0.0771285 0)
(1.13539 0.0647952 0)
(1.15226 0.0503912 0)
(1.16802 0.0339491 0)
(1.18205 0.0156101 0)
(1.19381 -0.00436101 0)
(1.20284 -0.0256123 0)
(1.20886 -0.0477308 0)
(1.21172 -0.0702883 0)
(1.2115 -0.09289 0)
(1.2084 -0.115217 0)
(1.20278 -0.137065 0)
(1.19511 -0.158363 0)
(1.18587 -0.179173 0)
(1.17552 -0.199635 0)
(1.16439 -0.219881 0)
(1.15266 -0.239969 0)
(1.14039 -0.259909 0)
(1.12767 -0.279802 0)
(1.11476 -0.300029 0)
(1.1022 -0.321266 0)
(1.09064 -0.34423 0)
(1.08064 -0.369179 0)
(1.07226 -0.395546 0)
(1.0651 -0.422069 0)
(1.05857 -0.447533 0)
(1.05258 -0.47167 0)
(1.04801 -0.495571 0)
(1.04675 -0.52113 0)
(1.05097 -0.549767 0)
(1.06214 -0.581227 0)
(1.08037 -0.613279 0)
(1.10435 -0.642447 0)
(1.13202 -0.665193 0)
(1.16124 -0.678843 0)
(1.19027 -0.681923 0)
(1.21798 -0.67404 0)
(1.24373 -0.655565 0)
(1.26729 -0.62732 0)
(1.28864 -0.590347 0)
(1.3079 -0.545779 0)
(1.32527 -0.494747 0)
(1.34098 -0.438339 0)
(1.35525 -0.377571 0)
(1.36829 -0.313373 0)
(1.38029 -0.246594 0)
(1.39138 -0.177995 0)
(1.40167 -0.108261 0)
(1.41123 -0.0380574 0)
(1.41994 0.0318518 0)
(1.42778 0.100757 0)
(1.43487 0.168101 0)
(1.4409 0.233183 0)
(1.4457 0.295232 0)
(1.44899 0.353433 0)
(1.45054 0.406958 0)
(1.45016 0.455042 0)
(1.44778 0.497063 0)
(1.44347 0.532612 0)
(1.43742 0.56154 0)
(1.42997 0.583966 0)
(1.42155 0.600237 0)
(1.41262 0.61087 0)
(1.40364 0.616469 0)
(1.39504 0.617653 0)
(1.38712 0.614992 0)
(1.38011 0.608973 0)
(1.3741 0.599981 0)
(1.36913 0.588311 0)
(1.36511 0.574196 0)
(1.36194 0.55781 0)
(1.35947 0.539414 0)
(1.82244 -0.0223163 0)
(1.84023 -0.036854 0)
(1.86012 -0.0617936 0)
(1.87611 -0.101658 0)
(1.87825 -0.15394 0)
(1.85974 -0.211194 0)
(1.81969 -0.265812 0)
(1.76075 -0.311328 0)
(1.68693 -0.341823 0)
(1.6034 -0.352304 0)
(1.51673 -0.339995 0)
(1.43389 -0.305142 0)
(1.36078 -0.250503 0)
(1.30177 -0.179867 0)
(1.25932 -0.0977406 0)
(1.23311 -0.00947563 0)
(1.22709 0.0834613 0)
(1.249 0.182534 0)
(1.29011 0.27988 0)
(1.3277 0.359799 0)
(1.34898 0.414413 0)
(1.36012 0.448636 0)
(1.37489 0.471734 0)
(1.4021 0.489048 0)
(1.44215 0.500797 0)
(1.49058 0.505077 0)
(1.54234 0.50046 0)
(1.59401 0.486723 0)
(1.64407 0.46445 0)
(1.69223 0.434431 0)
(1.73875 0.397299 0)
(1.78385 0.35343 0)
(1.82745 0.303039 0)
(1.86912 0.246338 0)
(1.90813 0.183732 0)
(1.94367 0.1159 0)
(1.97513 0.0436737 0)
(2.00174 -0.0319507 0)
(2.02243 -0.109416 0)
(2.03677 -0.186762 0)
(2.04516 -0.262486 0)
(2.04979 -0.336201 0)
(2.05452 -0.408878 0)
(2.06299 -0.481992 0)
(2.0763 -0.556006 0)
(2.09187 -0.629382 0)
(2.10453 -0.69888 0)
(2.10888 -0.760826 0)
(2.10145 -0.812454 0)
(2.08165 -0.852584 0)
(2.05126 -0.881519 0)
(2.01343 -0.900499 0)
(1.97156 -0.911078 0)
(1.92857 -0.914682 0)
(1.88663 -0.912386 0)
(1.84712 -0.904894 0)
(1.81082 -0.892615 0)
(1.77807 -0.875767 0)
(1.74893 -0.854461 0)
(1.72325 -0.828757 0)
(1.70071 -0.798698 0)
(1.68079 -0.764346 0)
(1.66287 -0.72582 0)
(1.64624 -0.683338 0)
(1.63014 -0.637246 0)
(1.61384 -0.58803 0)
(1.59665 -0.536313 0)
(1.57798 -0.482828 0)
(1.55737 -0.428398 0)
(1.53449 -0.373898 0)
(1.50917 -0.320215 0)
(1.48144 -0.268204 0)
(1.4515 -0.218646 0)
(1.41968 -0.172206 0)
(1.38645 -0.129408 0)
(1.35234 -0.0906157 0)
(1.31794 -0.0560259 0)
(1.28379 -0.025693 0)
(1.25045 0.000504095 0)
(1.21838 0.0227522 0)
(1.18797 0.0413368 0)
(1.15949 0.0566424 0)
(1.13312 0.0690652 0)
(1.10897 0.0789937 0)
(1.0871 0.0868055 0)
(1.06755 0.092857 0)
(1.05028 0.0974751 0)
(1.03524 0.100953 0)
(1.02237 0.103548 0)
(1.01158 0.105478 0)
(1.00281 0.106924 0)
(0.995963 0.108031 0)
(0.990972 0.108914 0)
(0.987778 0.109658 0)
(0.986343 0.110325 0)
(0.986634 0.110938 0)
(0.988621 0.111479 0)
(0.992252 0.11188 0)
(0.997448 0.112026 0)
(1.0041 0.111759 0)
(1.01206 0.110906 0)
(1.02122 0.109292 0)
(1.03144 0.106762 0)
(1.04266 0.10318 0)
(1.0548 0.0984302 0)
(1.06781 0.0924024 0)
(1.08157 0.0849849 0)
(1.09594 0.0760659 0)
(1.11063 0.0655462 0)
(1.12531 0.0533585 0)
(1.13953 0.0394831 0)
(1.15285 0.0239612 0)
(1.16481 0.00691818 0)
(1.17495 -0.0114295 0)
(1.18294 -0.0308119 0)
(1.18853 -0.0509182 0)
(1.19161 -0.0714347 0)
(1.19221 -0.092077 0)
(1.19044 -0.112622 0)
(1.18654 -0.132931 0)
(1.18077 -0.152965 0)
(1.17342 -0.172768 0)
(1.16471 -0.19242 0)
(1.15479 -0.211967 0)
(1.1437 -0.231401 0)
(1.13151 -0.250743 0)
(1.11838 -0.270212 0)
(1.10476 -0.290371 0)
(1.09133 -0.312038 0)
(1.0788 -0.335884 0)
(1.06757 -0.361892 0)
(1.05748 -0.389114 0)
(1.0479 -0.416079 0)
(1.03829 -0.441783 0)
(1.02892 -0.46661 0)
(1.02126 -0.492428 0)
(1.0177 -0.521548 0)
(1.02054 -0.555098 0)
(1.03092 -0.591898 0)
(1.04831 -0.628623 0)
(1.07086 -0.661037 0)
(1.09622 -0.685393 0)
(1.12229 -0.699244 0)
(1.14756 -0.701548 0)
(1.17117 -0.692338 0)
(1.19276 -0.672307 0)
(1.21228 -0.642476 0)
(1.22983 -0.604003 0)
(1.24561 -0.558077 0)
(1.25984 -0.505857 0)
(1.27277 -0.448438 0)
(1.28464 -0.386825 0)
(1.29566 -0.321932 0)
(1.30603 -0.254577 0)
(1.31587 -0.185485 0)
(1.3253 -0.115301 0)
(1.33441 -0.0446641 0)
(1.34306 0.02568 0)
(1.35122 0.0950235 0)
(1.35904 0.162892 0)
(1.36626 0.228638 0)
(1.37268 0.291532 0)
(1.37806 0.350773 0)
(1.38211 0.405518 0)
(1.38459 0.454948 0)
(1.38533 0.49836 0)
(1.3843 0.535245 0)
(1.38157 0.565352 0)
(1.37738 0.588713 0)
(1.37206 0.605615 0)
(1.366 0.616549 0)
(1.35965 0.622133 0)
(1.35339 0.623024 0)
(1.34756 0.619859 0)
(1.34242 0.613197 0)
(1.33811 0.6035 0)
(1.3347 0.591129 0)
(1.33216 0.576366 0)
(1.33042 0.559412 0)
(1.32931 0.540546 0)
(1.80348 -0.0313987 0)
(1.81598 -0.0475427 0)
(1.82811 -0.0712964 0)
(1.83583 -0.105278 0)
(1.83293 -0.148048 0)
(1.81479 -0.19413 0)
(1.78045 -0.237092 0)
(1.73162 -0.271492 0)
(1.67122 -0.292953 0)
(1.60316 -0.298119 0)
(1.53237 -0.285129 0)
(1.46427 -0.254059 0)
(1.40371 -0.206768 0)
(1.35436 -0.146159 0)
(1.31885 -0.0754741 0)
(1.29777 0.00142325 0)
(1.29068 0.0805014 0)
(1.30166 0.161059 0)
(1.33625 0.244228 0)
(1.38818 0.324475 0)
(1.44041 0.390614 0)
(1.48048 0.435709 0)
(1.50814 0.461175 0)
(1.53086 0.472881 0)
(1.55628 0.476049 0)
(1.58817 0.473146 0)
(1.6265 0.464466 0)
(1.6693 0.449463 0)
(1.71431 0.427651 0)
(1.7598 0.398865 0)
(1.80467 0.363195 0)
(1.84827 0.320861 0)
(1.89007 0.27215 0)
(1.92952 0.217442 0)
(1.96603 0.15725 0)
(1.99905 0.0922547 0)
(2.0279 0.0233397 0)
(2.05176 -0.048323 0)
(2.07032 -0.121374 0)
(2.08462 -0.194759 0)
(2.09679 -0.268298 0)
(2.10964 -0.34253 0)
(2.1251 -0.41794 0)
(2.14263 -0.493957 0)
(2.15894 -0.568518 0)
(2.16929 -0.638538 0)
(2.16943 -0.700971 0)
(2.15726 -0.753754 0)
(2.13318 -0.796186 0)
(2.09955 -0.828728 0)
(2.05957 -0.852513 0)
(2.01647 -0.868848 0)
(1.97288 -0.878876 0)
(1.93066 -0.883428 0)
(1.891 -0.883023 0)
(1.85454 -0.87794 0)
(1.82164 -0.868308 0)
(1.79241 -0.854159 0)
(1.76681 -0.835469 0)
(1.74463 -0.812171 0)
(1.72546 -0.784185 0)
(1.70874 -0.75146 0)
(1.69378 -0.714036 0)
(1.67981 -0.672088 0)
(1.66601 -0.62596 0)
(1.65161 -0.576168 0)
(1.63586 -0.523385 0)
(1.6181 -0.468425 0)
(1.59778 -0.412212 0)
(1.57453 -0.355744 0)
(1.54815 -0.300048 0)
(1.51871 -0.246124 0)
(1.48646 -0.194883 0)
(1.45187 -0.147098 0)
(1.41553 -0.103371 0)
(1.37812 -0.0641061 0)
(1.34035 -0.0295258 0)
(1.30295 0.000380428 0)
(1.26657 0.0257265 0)
(1.23174 0.0467746 0)
(1.19887 0.0639367 0)
(1.16822 0.077654 0)
(1.13999 0.0883708 0)
(1.11429 0.0965277 0)
(1.09116 0.102546 0)
(1.0706 0.106815 0)
(1.05256 0.109686 0)
(1.03694 0.11147 0)
(1.02367 0.112434 0)
(1.01262 0.112801 0)
(1.00371 0.112753 0)
(0.996802 0.112432 0)
(0.991816 0.111945 0)
(0.988663 0.111366 0)
(0.987273 0.110745 0)
(0.987591 0.110099 0)
(0.989571 0.109412 0)
(0.993162 0.108631 0)
(0.998292 0.10766 0)
(1.00486 0.106366 0)
(1.01275 0.10459 0)
(1.02182 0.102161 0)
(1.0319 0.098916 0)
(1.04285 0.0947075 0)
(1.05455 0.0894092 0)
(1.06686 0.0829144 0)
(1.07965 0.0751337 0)
(1.09275 0.0659951 0)
(1.10594 0.055449 0)
(1.11895 0.0434735 0)
(1.13149 0.0300808 0)
(1.14322 0.0153307 0)
(1.15378 -0.000653823 0)
(1.16285 -0.0176936 0)
(1.17015 -0.0355751 0)
(1.17549 -0.0540643 0)
(1.17875 -0.0729244 0)
(1.1799 -0.0919416 0)
(1.17899 -0.110948 0)
(1.17609 -0.129842 0)
(1.17134 -0.148595 0)
(1.16485 -0.167237 0)
(1.15672 -0.185804 0)
(1.14699 -0.204302 0)
(1.13567 -0.222721 0)
(1.12287 -0.24116 0)
(1.1089 -0.260007 0)
(1.09432 -0.280009 0)
(1.0799 -0.302052 0)
(1.06627 -0.326647 0)
(1.05359 -0.353402 0)
(1.04138 -0.380988 0)
(1.02886 -0.407867 0)
(1.01568 -0.433482 0)
(1.0026 -0.459061 0)
(0.991722 -0.487263 0)
(0.985858 -0.520604 0)
(0.987253 -0.559578 0)
(0.996534 -0.601822 0)
(1.01252 -0.642889 0)
(1.03291 -0.677953 0)
(1.05524 -0.703288 0)
(1.07754 -0.716849 0)
(1.0986 -0.718098 0)
(1.11787 -0.707483 0)
(1.13519 -0.68597 0)
(1.15066 -0.654726 0)
(1.16446 -0.61498 0)
(1.17683 -0.567952 0)
(1.18801 -0.514811 0)
(1.19825 -0.456652 0)
(1.20779 -0.39447 0)
(1.21684 -0.329158 0)
(1.22559 -0.261501 0)
(1.23417 -0.192191 0)
(1.24271 -0.121839 0)
(1.25128 -0.051055 0)
(1.2598 0.019445 0)
(1.26814 0.0889416 0)
(1.27655 0.157032 0)
(1.28475 0.223124 0)
(1.29259 0.286533 0)
(1.29982 0.346486 0)
(1.30616 0.402144 0)
(1.31134 0.452663 0)
(1.31512 0.497273 0)
(1.31738 0.535381 0)
(1.3181 0.566638 0)
(1.31739 0.590981 0)
(1.31548 0.608628 0)
(1.31269 0.620027 0)
(1.30937 0.625783 0)
(1.30591 0.626579 0)
(1.30262 0.623094 0)
(1.29977 0.615952 0)
(1.29755 0.605681 0)
(1.29604 0.592707 0)
(1.29527 0.577366 0)
(1.29521 0.559896 0)
(1.29566 0.540597 0)
(1.78931 -0.0402063 0)
(1.79767 -0.0561126 0)
(1.80441 -0.0775477 0)
(1.80676 -0.105679 0)
(1.80075 -0.139288 0)
(1.78318 -0.174613 0)
(1.75308 -0.207054 0)
(1.71152 -0.232529 0)
(1.66082 -0.247672 0)
(1.60419 -0.24982 0)
(1.54557 -0.237365 0)
(1.48919 -0.210125 0)
(1.43899 -0.169327 0)
(1.39802 -0.117198 0)
(1.3684 -0.0563605 0)
(1.35162 0.0104777 0)
(1.34782 0.0799649 0)
(1.356 0.148603 0)
(1.37904 0.215954 0)
(1.42126 0.282966 0)
(1.479 0.346378 0)
(1.54054 0.398986 0)
(1.59486 0.435188 0)
(1.63785 0.454234 0)
(1.67177 0.459059 0)
(1.70146 0.453514 0)
(1.73114 0.440502 0)
(1.76311 0.421522 0)
(1.79788 0.397028 0)
(1.8349 0.366976 0)
(1.87317 0.331204 0)
(1.91165 0.289631 0)
(1.94935 0.242346 0)
(1.98543 0.189594 0)
(2.01919 0.131779 0)
(2.04994 0.0695936 0)
(2.07727 0.0039644 0)
(2.1014 -0.0643194 0)
(2.12309 -0.134726 0)
(2.14381 -0.20707 0)
(2.16478 -0.281319 0)
(2.186 -0.357025 0)
(2.20564 -0.432836 0)
(2.22027 -0.50647 0)
(2.2261 -0.575246 0)
(2.22048 -0.63685 0)
(2.20281 -0.689905 0)
(2.17446 -0.734094 0)
(2.13809 -0.769917 0)
(2.09679 -0.798292 0)
(2.05338 -0.820203 0)
(2.01003 -0.836469 0)
(1.96825 -0.847667 0)
(1.92896 -0.854149 0)
(1.89271 -0.856104 0)
(1.85983 -0.85361 0)
(1.83055 -0.846672 0)
(1.80494 -0.835225 0)
(1.78295 -0.819129 0)
(1.76434 -0.798182 0)
(1.74866 -0.772168 0)
(1.73529 -0.740923 0)
(1.72352 -0.704413 0)
(1.71254 -0.662781 0)
(1.70153 -0.616364 0)
(1.68961 -0.565693 0)
(1.67591 -0.511476 0)
(1.65963 -0.454597 0)
(1.64006 -0.396089 0)
(1.61671 -0.337101 0)
(1.58936 -0.278839 0)
(1.55809 -0.222487 0)
(1.52326 -0.169127 0)
(1.48548 -0.119667 0)
(1.44554 -0.0747954 0)
(1.40429 -0.0349879 0)
(1.36269 -0.000417088 0)
(1.32163 0.0289027 0)
(1.28188 0.0531702 0)
(1.244 0.0728138 0)
(1.20843 0.0883198 0)
(1.17545 0.100195 0)
(1.14527 0.108957 0)
(1.11797 0.115108 0)
(1.09359 0.119119 0)
(1.07205 0.121416 0)
(1.05328 0.122376 0)
(1.03716 0.122325 0)
(1.02356 0.121541 0)
(1.01233 0.12025 0)
(1.00333 0.118634 0)
(0.996438 0.11683 0)
(0.99152 0.114939 0)
(0.988465 0.113024 0)
(0.987176 0.111121 0)
(0.987572 0.109239 0)
(0.989587 0.107359 0)
(0.993156 0.105429 0)
(0.99821 0.103367 0)
(1.00466 0.101059 0)
(1.0124 0.0983652 0)
(1.0213 0.0951311 0)
(1.03119 0.0911999 0)
(1.04191 0.0864243 0)
(1.05331 0.0806749 0)
(1.0652 0.0738451 0)
(1.07744 0.065853 0)
(1.08983 0.0566434 0)
(1.10217 0.0461886 0)
(1.11424 0.0344895 0)
(1.1258 0.0215786 0)
(1.13659 0.00752902 0)
(1.14631 -0.0075377 0)
(1.15474 -0.0234701 0)
(1.16163 -0.0400908 0)
(1.16682 -0.057209 0)
(1.17017 -0.0746327 0)
(1.17161 -0.0921886 0)
(1.17108 -0.109743 0)
(1.16859 -0.127221 0)
(1.16418 -0.144605 0)
(1.15787 -0.161917 0)
(1.14967 -0.179173 0)
(1.13958 -0.19637 0)
(1.12762 -0.213543 0)
(1.11397 -0.230922 0)
(1.09905 -0.249081 0)
(1.08354 -0.268913 0)
(1.06815 -0.291278 0)
(1.05333 -0.316405 0)
(1.03889 -0.343463 0)
(1.02408 -0.370812 0)
(1.00808 -0.397056 0)
(0.990846 -0.422336 0)
(0.973769 -0.448871 0)
(0.95959 -0.480038 0)
(0.951393 -0.518256 0)
(0.951177 -0.563036 0)
(0.958953 -0.610651 0)
(0.972931 -0.655598 0)
(0.99049 -0.69269 0)
(1.00918 -0.718442 0)
(1.02728 -0.731345 0)
(1.04389 -0.731387 0)
(1.05869 -0.719398 0)
(1.07175 -0.696553 0)
(1.08323 -0.664114 0)
(1.09339 -0.623343 0)
(1.10246 -0.575471 0)
(1.11069 -0.521673 0)
(1.11833 -0.463038 0)
(1.12561 -0.400546 0)
(1.13275 -0.335069 0)
(1.13991 -0.267365 0)
(1.14723 -0.198087 0)
(1.15483 -0.127821 0)
(1.16281 -0.0571499 0)
(1.17111 0.0132398 0)
(1.17951 0.08262 0)
(1.18837 0.150651 0)
(1.19739 0.216797 0)
(1.20643 0.28041 0)
(1.21527 0.340754 0)
(1.22367 0.397008 0)
(1.23132 0.448318 0)
(1.23799 0.493879 0)
(1.24345 0.533026 0)
(1.2476 0.565327 0)
(1.25046 0.590628 0)
(1.25215 0.609069 0)
(1.25289 0.621042 0)
(1.25296 0.627125 0)
(1.25266 0.628004 0)
(1.25231 0.624386 0)
(1.25215 0.61694 0)
(1.25238 0.606252 0)
(1.25312 0.592806 0)
(1.25442 0.576991 0)
(1.2563 0.559086 0)
(1.25854 0.539413 0)
(1.77649 -0.0446875 0)
(1.78164 -0.0597406 0)
(1.78461 -0.0788058 0)
(1.78342 -0.102315 0)
(1.77543 -0.129256 0)
(1.75847 -0.157002 0)
(1.7318 -0.182137 0)
(1.69619 -0.201374 0)
(1.65353 -0.211943 0)
(1.60638 -0.211721 0)
(1.55783 -0.199469 0)
(1.5112 -0.175037 0)
(1.46966 -0.139327 0)
(1.43581 -0.0940516 0)
(1.4114 -0.0413941 0)
(1.39776 0.0164701 0)
(1.39601 0.0773065 0)
(1.40528 0.138044 0)
(1.42446 0.19596 0)
(1.45545 0.250559 0)
(1.50124 0.302411 0)
(1.56032 0.350008 0)
(1.62561 0.389326 0)
(1.68866 0.416432 0)
(1.74403 0.42973 0)
(1.79045 0.43009 0)
(1.82963 0.419672 0)
(1.8643 0.400719 0)
(1.89693 0.374912 0)
(1.9291 0.343258 0)
(1.96152 0.306254 0)
(1.99421 0.264129 0)
(2.02683 0.217027 0)
(2.05888 0.165127 0)
(2.08975 0.10877 0)
(2.11896 0.0484769 0)
(2.14687 -0.015348 0)
(2.17362 -0.08251 0)
(2.19938 -0.152576 0)
(2.22379 -0.224939 0)
(2.24552 -0.298547 0)
(2.26224 -0.371734 0)
(2.27113 -0.442415 0)
(2.26984 -0.508515 0)
(2.2574 -0.568437 0)
(2.2344 -0.62134 0)
(2.20277 -0.667101 0)
(2.16509 -0.706099 0)
(2.12398 -0.738936 0)
(2.08164 -0.766219 0)
(2.03971 -0.788438 0)
(1.99926 -0.805937 0)
(1.96099 -0.818935 0)
(1.92536 -0.827565 0)
(1.89273 -0.831904 0)
(1.86342 -0.831974 0)
(1.83767 -0.827716 0)
(1.81561 -0.818971 0)
(1.79719 -0.80546 0)
(1.78215 -0.786828 0)
(1.77001 -0.762722 0)
(1.76021 -0.73288 0)
(1.75204 -0.697207 0)
(1.74474 -0.655801 0)
(1.7374 -0.608955 0)
(1.72897 -0.557161 0)
(1.71834 -0.501129 0)
(1.70438 -0.4418 0)
(1.68617 -0.380342 0)
(1.66304 -0.318108 0)
(1.63472 -0.256547 0)
(1.60135 -0.197097 0)
(1.56344 -0.141057 0)
(1.52183 -0.0894991 0)
(1.47753 -0.0432537 0)
(1.43174 -0.00279211 0)
(1.38565 0.0316596 0)
(1.34036 0.060164 0)
(1.29671 0.0831384 0)
(1.25533 0.101108 0)
(1.21672 0.114648 0)
(1.18118 0.124371 0)
(1.14891 0.130882 0)
(1.11995 0.134755 0)
(1.09428 0.136515 0)
(1.0718 0.136628 0)
(1.05236 0.135497 0)
(1.0358 0.133463 0)
(1.02195 0.13081 0)
(1.01061 0.127767 0)
(1.00162 0.124511 0)
(0.994816 0.121174 0)
(0.990038 0.117847 0)
(0.987149 0.114584 0)
(0.986026 0.111409 0)
(0.986564 0.108318 0)
(0.988672 0.105284 0)
(0.99227 0.102253 0)
(0.99728 0.0991469 0)
(1.00362 0.0958643 0)
(1.01118 0.0922814 0)
(1.01985 0.0882605 0)
(1.02949 0.0836586 0)
(1.03994 0.0783375 0)
(1.05102 0.0721724 0)
(1.06257 0.0650596 0)
(1.0744 0.056921 0)
(1.08633 0.0477075 0)
(1.09815 0.0374 0)
(1.10966 0.0260097 0)
(1.12064 0.0135802 0)
(1.13088 0.000191171 0)
(1.14013 -0.0140423 0)
(1.14818 -0.0289813 0)
(1.15484 -0.0444694 0)
(1.15992 -0.0603379 0)
(1.16327 -0.0764204 0)
(1.16479 -0.0925713 0)
(1.16437 -0.108685 0)
(1.16198 -0.124709 0)
(1.15759 -0.140636 0)
(1.15115 -0.156482 0)
(1.14264 -0.172255 0)
(1.13201 -0.187975 0)
(1.11933 -0.203767 0)
(1.10486 -0.220019 0)
(1.08912 -0.237484 0)
(1.07279 -0.257137 0)
(1.05646 -0.27969 0)
(1.04028 -0.304987 0)
(1.0237 -0.331753 0)
(1.00573 -0.358179 0)
(0.985661 -0.38326 0)
(0.963932 -0.408077 0)
(0.942637 -0.435921 0)
(0.925088 -0.470708 0)
(0.914482 -0.514406 0)
(0.912405 -0.565226 0)
(0.918211 -0.617987 0)
(0.929593 -0.666285 0)
(0.943753 -0.704817 0)
(0.958368 -0.730532 0)
(0.971998 -0.742534 0)
(0.984025 -0.741333 0)
(0.994375 -0.728084 0)
(1.00323 -0.70411 0)
(1.01085 -0.670719 0)
(1.01748 -0.629179 0)
(1.02337 -0.580723 0)
(1.02876 -0.526523 0)
(1.03389 -0.467661 0)
(1.03899 -0.405104 0)
(1.04426 -0.339701 0)
(1.04986 -0.272181 0)
(1.05592 -0.203168 0)
(1.06256 -0.133221 0)
(1.06989 -0.0629024 0)
(1.07786 0.00712914 0)
(1.08625 0.07615 0)
(1.09541 0.143863 0)
(1.10508 0.209794 0)
(1.11513 0.273326 0)
(1.12538 0.333754 0)
(1.13558 0.390287 0)
(1.14548 0.442078 0)
(1.1548 0.488303 0)
(1.1633 0.528254 0)
(1.17081 0.561427 0)
(1.17723 0.587592 0)
(1.1826 0.60681 0)
(1.18702 0.61941 0)
(1.1907 0.625931 0)
(1.19386 0.627042 0)
(1.19676 0.623463 0)
(1.19963 0.615891 0)
(1.20265 0.604956 0)
(1.20597 0.591189 0)
(1.20963 0.575029 0)
(1.21372 0.556797 0)
(1.21798 0.536832 0)
(1.76486 -0.048383 0)
(1.7676 -0.0621833 0)
(1.76798 -0.0788407 0)
(1.76455 -0.0984104 0)
(1.75551 -0.11999 0)
(1.73944 -0.141617 0)
(1.71584 -0.160713 0)
(1.6853 -0.174714 0)
(1.64929 -0.181445 0)
(1.60986 -0.17928 0)
(1.5695 -0.167263 0)
(1.53085 -0.145245 0)
(1.49647 -0.113877 0)
(1.46856 -0.0744486 0)
(1.44868 -0.0286833 0)
(1.43789 0.0215033 0)
(1.43722 0.0742393 0)
(1.4468 0.12745 0)
(1.46563 0.178757 0)
(1.49258 0.226079 0)
(1.5284 0.268702 0)
(1.57488 0.306852 0)
(1.63185 0.340049 0)
(1.69574 0.366449 0)
(1.76111 0.383764 0)
(1.82316 0.390516 0)
(1.87917 0.386529 0)
(1.92854 0.372643 0)
(1.97209 0.350144 0)
(2.0112 0.320296 0)
(2.04721 0.284123 0)
(2.0811 0.242361 0)
(2.11348 0.195525 0)
(2.14456 0.144048 0)
(2.17431 0.088365 0)
(2.20275 0.0287672 0)
(2.22957 -0.0345864 0)
(2.25402 -0.101172 0)
(2.2751 -0.169896 0)
(2.2912 -0.239502 0)
(2.30043 -0.308473 0)
(2.30112 -0.375176 0)
(2.29237 -0.438156 0)
(2.27435 -0.496378 0)
(2.24824 -0.549294 0)
(2.21589 -0.596772 0)
(2.1794 -0.638945 0)
(2.14064 -0.676056 0)
(2.10113 -0.708359 0)
(2.06193 -0.736058 0)
(2.02379 -0.759315 0)
(1.98722 -0.77826 0)
(1.95267 -0.793009 0)
(1.92055 -0.803665 0)
(1.89129 -0.810298 0)
(1.8653 -0.812899 0)
(1.84289 -0.811334 0)
(1.82421 -0.805314 0)
(1.80921 -0.794406 0)
(1.79766 -0.778109 0)
(1.78924 -0.755966 0)
(1.78349 -0.727642 0)
(1.77986 -0.692964 0)
(1.77754 -0.651912 0)
(1.77541 -0.604631 0)
(1.77202 -0.55149 0)
(1.76579 -0.493153 0)
(1.75516 -0.430641 0)
(1.73889 -0.365324 0)
(1.71614 -0.298849 0)
(1.68664 -0.23301 0)
(1.65064 -0.169584 0)
(1.60889 -0.110144 0)
(1.5625 -0.0559994 0)
(1.51288 -0.00808038 0)
(1.46158 0.0330541 0)
(1.41014 0.0671972 0)
(1.35978 0.0946876 0)
(1.31148 0.116068 0)
(1.26602 0.131985 0)
(1.22393 0.143164 0)
(1.18553 0.150346 0)
(1.15096 0.154244 0)
(1.12022 0.155514 0)
(1.09323 0.15474 0)
(1.0698 0.152428 0)
(1.04973 0.149006 0)
(1.0328 0.144828 0)
(1.01878 0.140181 0)
(1.00742 0.135289 0)
(0.99853 0.130323 0)
(0.991895 0.125406 0)
(0.987336 0.120616 0)
(0.984687 0.115996 0)
(0.983801 0.111558 0)
(0.98455 0.107285 0)
(0.986821 0.10314 0)
(0.990514 0.099062 0)
(0.995539 0.0949722 0)
(1.00181 0.0907729 0)
(1.00922 0.0863509 0)
(1.01767 0.0815817 0)
(1.02703 0.0763365 0)
(1.03715 0.070489 0)
(1.04789 0.0639241 0)
(1.05906 0.0565444 0)
(1.0705 0.0482769 0)
(1.08202 0.039077 0)
(1.09342 0.0289303 0)
(1.10452 0.0178525 0)
(1.1151 0.00589104 0)
(1.12497 -0.00687069 0)
(1.13391 -0.0203232 0)
(1.14173 -0.0343336 0)
(1.14823 -0.0487541 0)
(1.15323 -0.0634295 0)
(1.15657 -0.0782124 0)
(1.15812 -0.0929808 0)
(1.15775 -0.107652 0)
(1.1554 -0.122188 0)
(1.15098 -0.136583 0)
(1.14438 -0.150848 0)
(1.13552 -0.165 0)
(1.12439 -0.179118 0)
(1.11109 -0.193452 0)
(1.09597 -0.208562 0)
(1.0796 -0.225341 0)
(1.06259 -0.244741 0)
(1.04529 -0.267211 0)
(1.02745 -0.292143 0)
(1.00819 -0.317878 0)
(0.986428 -0.342646 0)
(0.961712 -0.366106 0)
(0.935108 -0.39048 0)
(0.909431 -0.420116 0)
(0.888457 -0.459214 0)
(0.875319 -0.508913 0)
(0.871071 -0.565864 0)
(0.87443 -0.623444 0)
(0.882697 -0.674557 0)
(0.893022 -0.714016 0)
(0.903276 -0.739353 0)
(0.912302 -0.750325 0)
(0.919741 -0.747934 0)
(0.925702 -0.733594 0)
(0.930468 -0.708722 0)
(0.934333 -0.674632 0)
(0.937558 -0.63258 0)
(0.940381 -0.58379 0)
(0.943035 -0.529432 0)
(0.94575 -0.47058 0)
(0.948737 -0.408187 0)
(0.952183 -0.343077 0)
(0.956243 -0.275956 0)
(0.961043 -0.207421 0)
(0.9667 -0.138009 0)
(0.973324 -0.0682666 0)
(0.980894 0.00117791 0)
(0.98918 0.0696157 0)
(0.99851 0.136776 0)
(1.00868 0.202241 0)
(1.01956 0.265424 0)
(1.03101 0.325648 0)
(1.04281 0.382152 0)
(1.05472 0.43411 0)
(1.06648 0.480697 0)
(1.07782 0.52118 0)
(1.08852 0.555008 0)
(1.09842 0.581885 0)
(1.10744 0.601802 0)
(1.11562 0.615025 0)
(1.12304 0.622043 0)
(1.12986 0.623499 0)
(1.13626 0.620105 0)
(1.14242 0.612572 0)
(1.14852 0.601559 0)
(1.1547 0.587635 0)
(1.161 0.571276 0)
(1.16755 0.552843 0)
(1.17405 0.532691 0)
(1.75462 -0.0500526 0)
(1.75556 -0.0624413 0)
(1.75416 -0.0768334 0)
(1.74933 -0.0930902 0)
(1.73987 -0.110401 0)
(1.72484 -0.127258 0)
(1.70394 -0.141709 0)
(1.67764 -0.151772 0)
(1.64712 -0.155734 0)
(1.61404 -0.152305 0)
(1.58041 -0.140725 0)
(1.54836 -0.120852 0)
(1.51997 -0.0931778 0)
(1.49705 -0.0587199 0)
(1.48098 -0.0188533 0)
(1.47275 0.0248418 0)
(1.47311 0.0707008 0)
(1.48231 0.117009 0)
(1.50021 0.162099 0)
(1.52579 0.204143 0)
(1.55787 0.241513 0)
(1.59631 0.273407 0)
(1.64185 0.299766 0)
(1.69471 0.320523 0)
(1.75347 0.335052 0)
(1.81526 0.342322 0)
(1.87684 0.341415 0)
(1.9356 0.331928 0)
(1.98999 0.314024 0)
(2.0395 0.288272 0)
(2.08427 0.255424 0)
(2.12475 0.216246 0)
(2.16141 0.171451 0)
(2.19458 0.121687 0)
(2.22442 0.0675341 0)
(2.25069 0.00953808 0)
(2.27257 -0.0516505 0)
(2.28921 -0.115045 0)
(2.29967 -0.1794 0)
(2.303 -0.243484 0)
(2.29866 -0.306113 0)
(2.28669 -0.366277 0)
(2.26774 -0.423223 0)
(2.24297 -0.476458 0)
(2.21378 -0.525697 0)
(2.18155 -0.570796 0)
(2.14745 -0.611689 0)
(2.11242 -0.648351 0)
(2.07712 -0.680787 0)
(2.04212 -0.709036 0)
(2.00787 -0.733178 0)
(1.97484 -0.753325 0)
(1.94355 -0.769614 0)
(1.91451 -0.782169 0)
(1.88827 -0.79105 0)
(1.86529 -0.796191 0)
(1.8459 -0.797348 0)
(1.83029 -0.794094 0)
(1.81851 -0.785872 0)
(1.81057 -0.772101 0)
(1.80644 -0.752268 0)
(1.80596 -0.725952 0)
(1.80865 -0.692783 0)
(1.81344 -0.652443 0)
(1.81863 -0.604764 0)
(1.82207 -0.549897 0)
(1.82151 -0.488478 0)
(1.81494 -0.421698 0)
(1.8008 -0.351255 0)
(1.77822 -0.279222 0)
(1.74698 -0.20786 0)
(1.70756 -0.13937 0)
(1.66097 -0.0756825 0)
(1.60873 -0.0183619 0)
(1.55267 0.0315107 0)
(1.49479 0.0732505 0)
(1.43689 0.106965 0)
(1.38042 0.133148 0)
(1.32662 0.152496 0)
(1.27638 0.165868 0)
(1.23028 0.174181 0)
(1.18863 0.17834 0)
(1.1515 0.179182 0)
(1.11883 0.177459 0)
(1.09043 0.173817 0)
(1.06605 0.168803 0)
(1.04539 0.162866 0)
(1.02815 0.156367 0)
(1.01403 0.149589 0)
(1.00275 0.142749 0)
(0.994038 0.136004 0)
(0.987664 0.129461 0)
(0.983406 0.123186 0)
(0.981074 0.117205 0)
(0.980498 0.111515 0)
(0.981527 0.106089 0)
(0.984029 0.100875 0)
(0.987889 0.0958048 0)
(0.993001 0.090794 0)
(0.999265 0.0857442 0)
(1.00658 0.0805466 0)
(1.01485 0.0750851 0)
(1.02395 0.0692412 0)
(1.03376 0.0629001 0)
(1.04414 0.0559567 0)
(1.05492 0.0483226 0)
(1.06595 0.0399317 0)
(1.07706 0.0307449 0)
(1.08806 0.0207515 0)
(1.09878 0.00996961 0)
(1.10902 -0.00155022 0)
(1.11859 -0.0137242 0)
(1.1273 -0.0264416 0)
(1.13496 -0.0395724 0)
(1.14137 -0.0529738 0)
(1.14635 -0.0665018 0)
(1.14974 -0.0800252 0)
(1.15139 -0.0934386 0)
(1.15116 -0.106671 0)
(1.1489 -0.119683 0)
(1.14449 -0.132468 0)
(1.13776 -0.145038 0)
(1.12863 -0.157454 0)
(1.11711 -0.169888 0)
(1.1034 -0.182737 0)
(1.08789 -0.196715 0)
(1.07111 -0.212773 0)
(1.05348 -0.231728 0)
(1.03501 -0.253664 0)
(1.01506 -0.277513 0)
(0.992483 -0.301372 0)
(0.966247 -0.323756 0)
(0.936352 -0.345256 0)
(0.904572 -0.369367 0)
(0.874415 -0.401392 0)
(0.849971 -0.445487 0)
(0.834139 -0.5016 0)
(0.82738 -0.564653 0)
(0.827846 -0.62667 0)
(0.832571 -0.680099 0)
(0.838758 -0.72007 0)
(0.844501 -0.7448 0)
(0.848903 -0.754707 0)
(0.851819 -0.751236 0)
(0.853497 -0.736008 0)
(0.854293 -0.71048 0)
(0.854526 -0.675944 0)
(0.854454 -0.63363 0)
(0.854306 -0.584748 0)
(0.854306 -0.530466 0)
(0.85467 -0.47185 0)
(0.855597 -0.409834 0)
(0.857256 -0.345222 0)
(0.85979 -0.278698 0)
(0.863322 -0.210837 0)
(0.867972 -0.142157 0)
(0.873855 -0.0731904 0)
(0.880952 -0.00454432 0)
(0.889041 0.0630981 0)
(0.898422 0.129487 0)
(0.908952 0.194254 0)
(0.920512 0.256835 0)
(0.932982 0.316583 0)
(0.946184 0.372764 0)
(0.959901 0.424579 0)
(0.973883 0.471218 0)
(0.987861 0.511943 0)
(1.00158 0.546174 0)
(1.01482 0.573568 0)
(1.02743 0.594058 0)
(1.03934 0.607847 0)
(1.05055 0.615376 0)
(1.06113 0.617246 0)
(1.07119 0.614152 0)
(1.08085 0.606803 0)
(1.09025 0.595872 0)
(1.09951 0.581951 0)
(1.10868 0.565547 0)
(1.11793 0.547055 0)
(1.12687 0.526835 0)
(1.74565 -0.0508181 0)
(1.74527 -0.0618084 0)
(1.74267 -0.074151 0)
(1.73706 -0.0876154 0)
(1.7276 -0.101484 0)
(1.7137 -0.114571 0)
(1.6952 -0.12538 0)
(1.67251 -0.13237 0)
(1.6466 -0.134191 0)
(1.6188 -0.129825 0)
(1.59075 -0.118678 0)
(1.56417 -0.100638 0)
(1.54077 -0.0760908 0)
(1.52205 -0.0458471 0)
(1.50919 -0.0110224 0)
(1.50311 0.0270764 0)
(1.50443 0.0670219 0)
(1.51332 0.10731 0)
(1.52979 0.146557 0)
(1.55349 0.183435 0)
(1.58347 0.216584 0)
(1.61858 0.244782 0)
(1.65814 0.267269 0)
(1.70205 0.283805 0)
(1.75033 0.294371 0)
(1.80246 0.298845 0)
(1.8571 0.296915 0)
(1.91247 0.288215 0)
(1.96673 0.272519 0)
(2.01836 0.249841 0)
(2.06629 0.220448 0)
(2.1099 0.1848 0)
(2.1488 0.143476 0)
(2.18275 0.0971191 0)
(2.21148 0.046473 0)
(2.23461 -0.00756968 0)
(2.25175 -0.0641789 0)
(2.2625 -0.12243 0)
(2.26663 -0.181333 0)
(2.2642 -0.239957 0)
(2.25557 -0.297471 0)
(2.24142 -0.353169 0)
(2.22256 -0.406475 0)
(2.1999 -0.456922 0)
(2.17425 -0.504146 0)
(2.14632 -0.547863 0)
(2.11673 -0.587871 0)
(2.08601 -0.624046 0)
(2.05465 -0.656347 0)
(2.02316 -0.68481 0)
(1.99207 -0.709535 0)
(1.96196 -0.73067 0)
(1.93343 -0.748378 0)
(1.90708 -0.762782 0)
(1.88347 -0.7739 0)
(1.86307 -0.78158 0)
(1.84625 -0.785481 0)
(1.83338 -0.785108 0)
(1.82486 -0.779882 0)
(1.82117 -0.76923 0)
(1.82281 -0.752586 0)
(1.82983 -0.729276 0)
(1.84148 -0.69845 0)
(1.85589 -0.659204 0)
(1.87032 -0.610895 0)
(1.88169 -0.55348 0)
(1.88712 -0.487713 0)
(1.88431 -0.41515 0)
(1.87172 -0.337987 0)
(1.84857 -0.258847 0)
(1.81484 -0.180546 0)
(1.77122 -0.105793 0)
(1.719 -0.036927 0)
(1.66007 0.0242394 0)
(1.59665 0.0762524 0)
(1.53119 0.118683 0)
(1.46578 0.151799 0)
(1.40227 0.176251 0)
(1.34215 0.193017 0)
(1.28646 0.203232 0)
(1.23583 0.20806 0)
(1.19054 0.208606 0)
(1.15061 0.205862 0)
(1.11585 0.200682 0)
(1.08597 0.193785 0)
(1.06061 0.185751 0)
(1.03937 0.177046 0)
(1.02188 0.168031 0)
(1.00774 0.158977 0)
(0.996613 0.150084 0)
(0.988177 0.141488 0)
(0.982148 0.133278 0)
(0.978274 0.125497 0)
(0.976336 0.118154 0)
(0.976139 0.111229 0)
(0.977515 0.104678 0)
(0.980314 0.0984372 0)
(0.984407 0.092428 0)
(0.989674 0.0865579 0)
(0.996008 0.0807247 0)
(1.0033 0.0748196 0)
(1.01146 0.0687302 0)
(1.02037 0.0623444 0)
(1.0299 0.0555553 0)
(1.03995 0.0482666 0)
(1.05037 0.0403984 0)
(1.06101 0.0318925 0)
(1.07172 0.0227151 0)
(1.08234 0.0128585 0)
(1.0927 0.0023445 0)
(1.10264 -0.00877129 0)
(1.11197 -0.0204017 0)
(1.1205 -0.0324347 0)
(1.12806 -0.0447405 0)
(1.13446 -0.0571809 0)
(1.13952 -0.0696197 0)
(1.14306 -0.0819338 0)
(1.14492 -0.0940207 0)
(1.1449 -0.105805 0)
(1.1428 -0.117241 0)
(1.13844 -0.128326 0)
(1.13166 -0.139105 0)
(1.1224 -0.149713 0)
(1.11074 -0.16044 0)
(1.09691 -0.17182 0)
(1.0813 -0.184658 0)
(1.06427 -0.199863 0)
(1.04595 -0.218002 0)
(1.02593 -0.238744 0)
(1.00323 -0.260634 0)
(0.976593 -0.281719 0)
(0.945224 -0.301072 0)
(0.909705 -0.320433 0)
(0.872561 -0.344623 0)
(0.837899 -0.379709 0)
(0.809952 -0.429447 0)
(0.791246 -0.492274 0)
(0.781632 -0.561304 0)
(0.778805 -0.627369 0)
(0.779667 -0.682683 0)
(0.78154 -0.722859 0)
(0.782738 -0.746852 0)
(0.782579 -0.755725 0)
(0.78108 -0.751319 0)
(0.778597 -0.735414 0)
(0.775537 -0.70947 0)
(0.772237 -0.674733 0)
(0.768954 -0.632396 0)
(0.765907 -0.583657 0)
(0.763311 -0.529677 0)
(0.761371 -0.471511 0)
(0.760269 -0.410074 0)
(0.760158 -0.34615 0)
(0.761169 -0.280406 0)
(0.763421 -0.213403 0)
(0.767038 -0.14564 0)
(0.772137 -0.0776377 0)
(0.7787 -0.00998229 0)
(0.786508 0.0566737 0)
(0.795833 0.122088 0)
(0.806602 0.185935 0)
(0.818704 0.247674 0)
(0.832049 0.306684 0)
(0.84649 0.362259 0)
(0.861836 0.413632 0)
(0.877855 0.460017 0)
(0.89428 0.500685 0)
(0.910836 0.535049 0)
(0.927262 0.562737 0)
(0.943339 0.583634 0)
(0.958912 0.597893 0)
(0.973894 0.6059 0)
(0.988263 0.608216 0)
(1.00205 0.605503 0)
(1.01533 0.598457 0)
(1.02819 0.587748 0)
(1.04071 0.573983 0)
(1.05294 0.557686 0)
(1.06506 0.539281 0)
(1.07662 0.519122 0)
(1.73791 -0.0506815 0)
(1.73659 -0.0603088 0)
(1.73324 -0.0708018 0)
(1.72725 -0.0818962 0)
(1.71807 -0.0929657 0)
(1.70533 -0.103062 0)
(1.68897 -0.11102 0)
(1.66937 -0.115643 0)
(1.64732 -0.115869 0)
(1.62392 -0.110898 0)
(1.60049 -0.100265 0)
(1.57846 -0.0838856 0)
(1.55922 -0.0620689 0)
(1.54403 -0.0354681 0)
(1.53388 -0.00499906 0)
(1.5296 0.0282533 0)
(1.53172 0.06308 0)
(1.54042 0.0981908 0)
(1.55566 0.13235 0)
(1.57723 0.164427 0)
(1.60464 0.193385 0)
(1.63709 0.21824 0)
(1.67353 0.238121 0)
(1.71305 0.252418 0)
(1.75509 0.260837 0)
(1.79928 0.263314 0)
(1.84521 0.259862 0)
(1.89218 0.250475 0)
(1.93921 0.235129 0)
(1.98518 0.213843 0)
(2.02893 0.186743 0)
(2.06947 0.154096 0)
(2.10597 0.116304 0)
(2.13774 0.0739212 0)
(2.16424 0.0276712 0)
(2.18527 -0.0217168 0)
(2.20059 -0.0735983 0)
(2.21013 -0.127145 0)
(2.21398 -0.181525 0)
(2.21242 -0.235958 0)
(2.20584 -0.289716 0)
(2.19474 -0.342144 0)
(2.17962 -0.39266 0)
(2.16101 -0.440766 0)
(2.1394 -0.486053 0)
(2.1153 -0.528211 0)
(2.08922 -0.567025 0)
(2.06168 -0.602385 0)
(2.03324 -0.634266 0)
(2.00447 -0.662728 0)
(1.97596 -0.687895 0)
(1.94832 -0.709934 0)
(1.92216 -0.729008 0)
(1.89808 -0.745212 0)
(1.87659 -0.758504 0)
(1.85819 -0.768687 0)
(1.8435 -0.775434 0)
(1.83334 -0.778332 0)
(1.82879 -0.776918 0)
(1.83105 -0.77065 0)
(1.841 -0.758712 0)
(1.85845 -0.739766 0)
(1.88156 -0.712019 0)
(1.90696 -0.67372 0)
(1.93063 -0.623801 0)
(1.94875 -0.562301 0)
(1.95834 -0.490428 0)
(1.95741 -0.41035 0)
(1.94482 -0.324871 0)
(1.92014 -0.237181 0)
(1.88352 -0.150657 0)
(1.83573 -0.0685176 0)
(1.7781 0.00652105 0)
(1.71249 0.0721209 0)
(1.64168 0.126716 0)
(1.56833 0.169995 0)
(1.49503 0.202285 0)
(1.42406 0.224544 0)
(1.35722 0.23811 0)
(1.29571 0.244471 0)
(1.24024 0.245104 0)
(1.19109 0.241363 0)
(1.14818 0.234425 0)
(1.11123 0.225267 0)
(1.07984 0.214676 0)
(1.05352 0.203269 0)
(1.03176 0.191518 0)
(1.01408 0.179773 0)
(0.999999 0.168286 0)
(0.989108 0.15723 0)
(0.981028 0.146713 0)
(0.975426 0.136795 0)
(0.972015 0.127492 0)
(0.970542 0.118791 0)
(0.970792 0.110649 0)
(0.972576 0.103005 0)
(0.97573 0.095781 0)
(0.980112 0.0888844 0)
(0.985593 0.0822141 0)
(0.992059 0.0756619 0)
(0.9994 0.0691159 0)
(1.00751 0.0624636 0)
(1.01629 0.0555956 0)
(1.02563 0.0484097 0)
(1.03541 0.0408159 0)
(1.04552 0.0327411 0)
(1.05582 0.0241328 0)
(1.06618 0.0149616 0)
(1.07647 0.00522364 0)
(1.08653 -0.00505246 0)
(1.09622 -0.0158051 0)
(1.10536 -0.0269426 0)
(1.11379 -0.0383505 0)
(1.12134 -0.0498984 0)
(1.12782 -0.0614487 0)
(1.13306 -0.0728639 0)
(1.13685 -0.0840142 0)
(1.13899 -0.0947857 0)
(1.13923 -0.105093 0)
(1.13735 -0.114895 0)
(1.13315 -0.124214 0)
(1.12651 -0.13316 0)
(1.11741 -0.14196 0)
(1.10598 -0.151014 0)
(1.09241 -0.160941 0)
(1.07695 -0.172544 0)
(1.05968 -0.186583 0)
(1.04033 -0.203309 0)
(1.01814 -0.222 0)
(0.991907 -0.240952 0)
(0.960439 -0.258397 0)
(0.923354 -0.274213 0)
(0.881912 -0.291448 0)
(0.839359 -0.316208 0)
(0.800257 -0.355068 0)
(0.768798 -0.411017 0)
(0.747029 -0.48074 0)
(0.73423 -0.555557 0)
(0.727772 -0.625303 0)
(0.724545 -0.682166 0)
(0.722034 -0.722348 0)
(0.718746 -0.745554 0)
(0.714148 -0.753464 0)
(0.708371 -0.748278 0)
(0.701845 -0.731898 0)
(0.695025 -0.705764 0)
(0.688266 -0.671056 0)
(0.681826 -0.628923 0)
(0.675918 -0.580548 0)
(0.670751 -0.527086 0)
(0.666522 -0.469578 0)
(0.663398 -0.408915 0)
(0.661513 -0.345863 0)
(0.660983 -0.281074 0)
(0.661928 -0.2151 0)
(0.664479 -0.148431 0)
(0.668753 -0.0815697 0)
(0.674724 -0.0150819 0)
(0.682177 0.0504101 0)
(0.691356 0.114658 0)
(0.702263 0.177373 0)
(0.714798 0.238037 0)
(0.728903 0.296055 0)
(0.744457 0.350751 0)
(0.761292 0.40139 0)
(0.779195 0.447221 0)
(0.797904 0.487538 0)
(0.817131 0.52176 0)
(0.83658 0.549501 0)
(0.855979 0.570617 0)
(0.875101 0.585217 0)
(0.893778 0.593638 0)
(0.911905 0.596394 0)
(0.929439 0.594111 0)
(0.946385 0.587457 0)
(0.962775 0.577093 0)
(0.978674 0.563622 0)
(0.994084 0.547577 0)
(1.00922 0.529402 0)
(1.02353 0.509434 0)
(1.73132 -0.0499512 0)
(1.72936 -0.0583164 0)
(1.72556 -0.0671853 0)
(1.71947 -0.0762902 0)
(1.71074 -0.0850884 0)
(1.69914 -0.0928128 0)
(1.6847 -0.0985489 0)
(1.66776 -0.10136 0)
(1.64897 -0.100413 0)
(1.62925 -0.0950793 0)
(1.60969 -0.0849977 0)
(1.59144 -0.0701108 0)
(1.57568 -0.0506734 0)
(1.56343 -0.0272199 0)
(1.55556 -0.000508681 0)
(1.55279 0.0285487 0)
(1.55556 0.0589235 0)
(1.56406 0.0895256 0)
(1.57829 0.119279 0)
(1.598 0.147169 0)
(1.62285 0.172288 0)
(1.65232 0.193842 0)
(1.68567 0.211129 0)
(1.72202 0.22356 0)
(1.76051 0.230704 0)
(1.80037 0.232319 0)
(1.84101 0.228332 0)
(1.88189 0.21878 0)
(1.92246 0.20376 0)
(1.96206 0.183411 0)
(1.99996 0.157917 0)
(2.0354 0.12753 0)
(2.06766 0.0926 0)
(2.09609 0.053586 0)
(2.12023 0.0110041 0)
(2.13979 -0.0346153 0)
(2.15453 -0.0826708 0)
(2.16435 -0.132377 0)
(2.16927 -0.183011 0)
(2.16943 -0.233875 0)
(2.16504 -0.284297 0)
(2.15639 -0.333658 0)
(2.14384 -0.381404 0)
(2.12779 -0.427062 0)
(2.10869 -0.47025 0)
(2.08704 -0.510683 0)
(2.06337 -0.54817 0)
(2.0382 -0.582615 0)
(2.01209 -0.614007 0)
(1.98562 -0.642417 0)
(1.95935 -0.667981 0)
(1.93385 -0.690862 0)
(1.90966 -0.711203 0)
(1.88728 -0.729062 0)
(1.86726 -0.744402 0)
(1.85036 -0.757136 0)
(1.83776 -0.767156 0)
(1.83109 -0.774303 0)
(1.83228 -0.778274 0)
(1.8431 -0.778348 0)
(1.86416 -0.772927 0)
(1.8939 -0.759329 0)
(1.92837 -0.734392 0)
(1.96241 -0.69561 0)
(1.99119 -0.642003 0)
(2.01116 -0.574288 0)
(2.02032 -0.494535 0)
(2.01778 -0.405655 0)
(2.00324 -0.310962 0)
(1.97666 -0.214008 0)
(1.93818 -0.118555 0)
(1.88807 -0.0282029 0)
(1.82697 0.0539124 0)
(1.75682 0.124737 0)
(1.68036 0.182599 0)
(1.60052 0.226966 0)
(1.52038 0.258347 0)
(1.44268 0.278055 0)
(1.36959 0.287857 0)
(1.30256 0.289682 0)
(1.24246 0.2854 0)
(1.18957 0.276676 0)
(1.1438 0.264908 0)
(1.10478 0.251218 0)
(1.07198 0.236472 0)
(1.0448 0.221319 0)
(1.02262 0.206231 0)
(1.00484 0.191536 0)
(0.990921 0.177456 0)
(0.980361 0.164127 0)
(0.972726 0.151619 0)
(0.967634 0.139954 0)
(0.964759 0.129118 0)
(0.96382 0.119066 0)
(0.964576 0.109731 0)
(0.966822 0.10103 0)
(0.97038 0.0928668 0)
(0.975099 0.085135 0)
(0.980841 0.0777223 0)
(0.987487 0.0705124 0)
(0.994926 0.0633882 0)
(1.00305 0.0562347 0)
(1.01177 0.0489422 0)
(1.02097 0.0414104 0)
(1.03055 0.0335528 0)
(1.04041 0.0253 0)
(1.05044 0.0166029 0)
(1.06052 0.00743524 0)
(1.07055 -0.00220061 0)
(1.08038 -0.0122688 0)
(1.08988 -0.0227012 0)
(1.09891 -0.0334022 0)
(1.10731 -0.0442533 0)
(1.11494 -0.0551189 0)
(1.12161 -0.0658523 0)
(1.12711 -0.0763009 0)
(1.13123 -0.0863163 0)
(1.13371 -0.0957708 0)
(1.13432 -0.104581 0)
(1.13282 -0.11273 0)
(1.12906 -0.120294 0)
(1.12297 -0.127452 0)
(1.11452 -0.134509 0)
(1.10378 -0.141923 0)
(1.09079 -0.150316 0)
(1.07552 -0.160399 0)
(1.0577 -0.172714 0)
(1.03669 -0.187199 0)
(1.01148 -0.202836 0)
(0.980825 -0.217863 0)
(0.943811 -0.230928 0)
(0.900597 -0.24291 0)
(0.853141 -0.258237 0)
(0.805313 -0.28418 0)
(0.761946 -0.327514 0)
(0.727006 -0.390131 0)
(0.70199 -0.466809 0)
(0.685693 -0.547175 0)
(0.675318 -0.62029 0)
(0.667858 -0.678475 0)
(0.66098 -0.718565 0)
(0.653328 -0.740996 0)
(0.644455 -0.74803 0)
(0.634545 -0.742207 0)
(0.624081 -0.725535 0)
(0.613569 -0.699416 0)
(0.603392 -0.664952 0)
(0.593816 -0.623236 0)
(0.58505 -0.575433 0)
(0.577294 -0.522693 0)
(0.570752 -0.466038 0)
(0.565579 -0.406335 0)
(0.561888 -0.344331 0)
(0.559783 -0.28067 0)
(0.559384 -0.2159 0)
(0.560827 -0.150495 0)
(0.564229 -0.0849447 0)
(0.569554 -0.0197925 0)
(0.576591 0.0443657 0)
(0.585553 0.107262 0)
(0.596524 0.168635 0)
(0.609417 0.227996 0)
(0.624203 0.284772 0)
(0.640783 0.338322 0)
(0.659008 0.387949 0)
(0.678678 0.432938 0)
(0.699537 0.472616 0)
(0.721287 0.506423 0)
(0.743605 0.533975 0)
(0.766174 0.55511 0)
(0.788706 0.569903 0)
(0.810962 0.578648 0)
(0.832763 0.581812 0)
(0.853992 0.579978 0)
(0.874589 0.573782 0)
(0.894533 0.563859 0)
(0.913851 0.550802 0)
(0.932511 0.535141 0)
(0.950751 0.517333 0)
(0.967904 0.497684 0)
(1.7258 -0.0487937 0)
(1.72341 -0.0560037 0)
(1.71939 -0.06345 0)
(1.7134 -0.0708778 0)
(1.70521 -0.0778207 0)
(1.69472 -0.083654 0)
(1.68199 -0.0876532 0)
(1.66734 -0.0890826 0)
(1.65132 -0.0872893 0)
(1.63469 -0.0817808 0)
(1.61836 -0.0722787 0)
(1.60328 -0.0587483 0)
(1.59041 -0.0414063 0)
(1.58063 -0.0206972 0)
(1.57467 0.00274665 0)
(1.57314 0.0281563 0)
(1.57643 0.0546518 0)
(1.58472 0.0813064 0)
(1.59803 0.107195 0)
(1.61615 0.131427 0)
(1.63877 0.153189 0)
(1.66544 0.171768 0)
(1.69562 0.186561 0)
(1.72866 0.197077 0)
(1.76382 0.202928 0)
(1.80035 0.203841 0)
(1.83751 0.199666 0)
(1.87465 0.190367 0)
(1.91119 0.176006 0)
(1.94657 0.156724 0)
(1.98026 0.132721 0)
(2.01173 0.104259 0)
(2.04044 0.071668 0)
(2.06593 0.0353385 0)
(2.0878 -0.00430041 0)
(2.10571 -0.0467842 0)
(2.1194 -0.0915145 0)
(2.12872 -0.137824 0)
(2.13363 -0.185077 0)
(2.13417 -0.232645 0)
(2.13051 -0.279921 0)
(2.12289 -0.326345 0)
(2.11161 -0.371416 0)
(2.09705 -0.41471 0)
(2.07965 -0.455878 0)
(2.05986 -0.49466 0)
(2.03816 -0.530879 0)
(2.01506 -0.564445 0)
(1.99105 -0.595358 0)
(1.96664 -0.623693 0)
(1.94232 -0.649576 0)
(1.91855 -0.67315 0)
(1.89574 -0.694534 0)
(1.8744 -0.71383 0)
(1.85535 -0.731193 0)
(1.83998 -0.7469 0)
(1.83037 -0.761254 0)
(1.82898 -0.774384 0)
(1.83827 -0.78592 0)
(1.85977 -0.794369 0)
(1.89244 -0.796454 0)
(1.93192 -0.787476 0)
(1.97179 -0.763012 0)
(2.00599 -0.720651 0)
(2.03058 -0.660525 0)
(2.044 -0.584714 0)
(2.04631 -0.496344 0)
(2.03829 -0.398857 0)
(2.02059 -0.29565 0)
(1.99338 -0.190166 0)
(1.95635 -0.0860892 0)
(1.90817 0.0128215 0)
(1.8486 0.10273 0)
(1.77888 0.179845 0)
(1.70125 0.241842 0)
(1.61876 0.28793 0)
(1.53491 0.318713 0)
(1.45292 0.335844 0)
(1.37542 0.341582 0)
(1.30425 0.338386 0)
(1.24053 0.328606 0)
(1.18467 0.314292 0)
(1.13661 0.297117 0)
(1.09594 0.27838 0)
(1.06207 0.259042 0)
(1.03431 0.239788 0)
(1.01192 0.221083 0)
(0.99424 0.203229 0)
(0.980631 0.186405 0)
(0.970531 0.1707 0)
(0.963448 0.156139 0)
(0.958958 0.142698 0)
(0.956696 0.130323 0)
(0.956356 0.118934 0)
(0.957674 0.108435 0)
(0.96043 0.0987169 0)
(0.964436 0.0896624 0)
(0.969529 0.0811493 0)
(0.975568 0.0730518 0)
(0.98243 0.0652442 0)
(0.990003 0.057602 0)
(0.998185 0.0500056 0)
(1.00688 0.0423429 0)
(1.01599 0.0345132 0)
(1.02543 0.0264302 0)
(1.0351 0.0180255 0)
(1.04492 0.0092514 0)
(1.05478 8.51607e-05 0)
(1.0646 -0.0094647 0)
(1.07426 -0.0193561 0)
(1.08365 -0.0295167 0)
(1.09266 -0.0398452 0)
(1.10114 -0.0502146 0)
(1.10894 -0.0604745 0)
(1.11589 -0.0704565 0)
(1.12175 -0.0799852 0)
(1.12631 -0.0888964 0)
(1.12932 -0.097063 0)
(1.13057 -0.104423 0)
(1.12988 -0.110999 0)
(1.12712 -0.116912 0)
(1.12216 -0.122384 0)
(1.1149 -0.127741 0)
(1.10518 -0.133425 0)
(1.09278 -0.139986 0)
(1.07732 -0.147991 0)
(1.05821 -0.157766 0)
(1.03458 -0.169012 0)
(1.00534 -0.180566 0)
(0.96944 -0.190798 0)
(0.926367 -0.198963 0)
(0.876885 -0.207066 0)
(0.823603 -0.220905 0)
(0.770861 -0.248717 0)
(0.72354 -0.297157 0)
(0.685204 -0.366743 0)
(0.656768 -0.450302 0)
(0.636673 -0.535952 0)
(0.62213 -0.612195 0)
(0.610344 -0.671589 0)
(0.599165 -0.711586 0)
(0.587313 -0.7333 0)
(0.574344 -0.739546 0)
(0.560448 -0.733199 0)
(0.546138 -0.716381 0)
(0.531972 -0.690455 0)
(0.518379 -0.656431 0)
(0.505652 -0.615334 0)
(0.493994 -0.568301 0)
(0.4836 -0.516484 0)
(0.474676 -0.460878 0)
(0.467377 -0.402312 0)
(0.461814 -0.341519 0)
(0.458081 -0.279148 0)
(0.456291 -0.215749 0)
(0.456579 -0.151785 0)
(0.459063 -0.0877177 0)
(0.463696 -0.0240682 0)
(0.470271 0.0385871 0)
(0.478969 0.0999442 0)
(0.489962 0.159767 0)
(0.503176 0.217593 0)
(0.518602 0.272883 0)
(0.536158 0.325029 0)
(0.555711 0.373373 0)
(0.577067 0.417246 0)
(0.599972 0.456013 0)
(0.624119 0.489146 0)
(0.649162 0.516272 0)
(0.674747 0.537225 0)
(0.700536 0.552056 0)
(0.726227 0.561019 0)
(0.751575 0.564539 0)
(0.776398 0.563151 0)
(0.800574 0.557451 0)
(0.824029 0.548045 0)
(0.846754 0.535502 0)
(0.868677 0.520341 0)
(0.890051 0.503025 0)
(0.910094 0.483813 0)
(1.72124 -0.0473472 0)
(1.71859 -0.0535178 0)
(1.71451 -0.0597305 0)
(1.70875 -0.0657516 0)
(1.70116 -0.0711826 0)
(1.69172 -0.0755122 0)
(1.68052 -0.0781625 0)
(1.66785 -0.0785533 0)
(1.65418 -0.0761721 0)
(1.64016 -0.070635 0)
(1.62653 -0.0617298 0)
(1.6141 -0.0494414 0)
(1.60366 -0.0339573 0)
(1.59593 -0.0156521 0)
(1.59155 0.00494029 0)
(1.59105 0.0271696 0)
(1.59474 0.0502836 0)
(1.60281 0.0734883 0)
(1.61527 0.0959843 0)
(1.63197 0.116998 0)
(1.65263 0.135812 0)
(1.67685 0.151783 0)
(1.70417 0.164363 0)
(1.73403 0.173109 0)
(1.76586 0.177678 0)
(1.79901 0.177822 0)
(1.83284 0.173387 0)
(1.86672 0.16431 0)
(1.90004 0.150612 0)
(1.93225 0.132394 0)
(1.96283 0.109829 0)
(1.99131 0.0831528 0)
(2.01724 0.0526672 0)
(2.04023 0.0187315 0)
(2.05994 -0.0182564 0)
(2.07606 -0.0578777 0)
(2.08837 -0.0995818 0)
(2.09672 -0.1428 0)
(2.10107 -0.186966 0)
(2.10148 -0.231516 0)
(2.09807 -0.27591 0)
(2.09107 -0.319648 0)
(2.08076 -0.362278 0)
(2.06746 -0.403412 0)
(2.05156 -0.44273 0)
(2.03346 -0.479988 0)
(2.01359 -0.51502 0)
(1.99238 -0.54775 0)
(1.97026 -0.578173 0)
(1.94764 -0.606349 0)
(1.92486 -0.632371 0)
(1.90224 -0.656362 0)
(1.88021 -0.67851 0)
(1.85955 -0.69916 0)
(1.84169 -0.718942 0)
(1.82894 -0.738696 0)
(1.82406 -0.759101 0)
(1.82976 -0.780284 0)
(1.84807 -0.801231 0)
(1.87874 -0.818668 0)
(1.91734 -0.826671 0)
(1.9562 -0.818547 0)
(1.98792 -0.789874 0)
(2.00833 -0.739982 0)
(2.01687 -0.67118 0)
(2.0152 -0.587131 0)
(2.00564 -0.491627 0)
(1.99017 -0.388036 0)
(1.96992 -0.279216 0)
(1.94508 -0.167825 0)
(1.9143 -0.0568137 0)
(1.87476 0.0501719 0)
(1.82426 0.148379 0)
(1.76263 0.23287 0)
(1.69101 0.300337 0)
(1.61224 0.349409 0)
(1.53001 0.380556 0)
(1.44806 0.395687 0)
(1.36957 0.397576 0)
(1.29694 0.38929 0)
(1.23164 0.373751 0)
(1.17437 0.353482 0)
(1.12521 0.330504 0)
(1.0838 0.306337 0)
(1.04955 0.282066 0)
(1.02172 0.258425 0)
(0.999546 0.235878 0)
(0.982273 0.214696 0)
(0.969219 0.195008 0)
(0.95977 0.17685 0)
(0.95339 0.160192 0)
(0.949619 0.14496 0)
(0.948064 0.131053 0)
(0.948397 0.118351 0)
(0.950337 0.106724 0)
(0.953652 0.0960338 0)
(0.958143 0.0861407 0)
(0.963643 0.076903 0)
(0.970009 0.0681803 0)
(0.977114 0.0598349 0)
(0.984849 0.0517337 0)
(0.993114 0.0437508 0)
(1.00182 0.0357697 0)
(1.01088 0.0276866 0)
(1.02021 0.0194132 0)
(1.02974 0.0108799 0)
(1.03939 0.00203852 0)
(1.04909 -0.00713051 0)
(1.05876 -0.0166142 0)
(1.06832 -0.026368 0)
(1.07769 -0.0363147 0)
(1.08677 -0.0463431 0)
(1.09542 -0.0563084 0)
(1.10352 -0.0660362 0)
(1.11087 -0.075335 0)
(1.11728 -0.0840151 0)
(1.12257 -0.091914 0)
(1.12654 -0.0989199 0)
(1.12903 -0.104991 0)
(1.12983 -0.110165 0)
(1.12873 -0.114561 0)
(1.12543 -0.118379 0)
(1.11957 -0.121901 0)
(1.11072 -0.125498 0)
(1.09833 -0.129626 0)
(1.08176 -0.134725 0)
(1.06023 -0.140978 0)
(1.03285 -0.147965 0)
(0.998654 -0.154532 0)
(0.956922 -0.159342 0)
(0.907636 -0.162382 0)
(0.852141 -0.166833 0)
(0.793582 -0.17977 0)
(0.736559 -0.210149 0)
(0.68576 -0.264187 0)
(0.644177 -0.340835 0)
(0.612163 -0.43105 0)
(0.587972 -0.52169 0)
(0.569019 -0.600903 0)
(0.552821 -0.661511 0)
(0.537415 -0.701506 0)
(0.521531 -0.7226 0)
(0.504654 -0.728135 0)
(0.486919 -0.72134 0)
(0.468843 -0.704476 0)
(0.451033 -0.678883 0)
(0.433984 -0.645473 0)
(0.418045 -0.605182 0)
(0.403432 -0.559108 0)
(0.390326 -0.508407 0)
(0.378915 -0.454049 0)
(0.369369 -0.396824 0)
(0.361826 -0.337433 0)
(0.356387 -0.276514 0)
(0.353149 -0.214629 0)
(0.352234 -0.152257 0)
(0.35376 -0.0898397 0)
(0.357667 -0.027868 0)
(0.363757 0.0331062 0)
(0.372176 0.0927294 0)
(0.383182 0.150785 0)
(0.396714 0.206848 0)
(0.412775 0.26041 0)
(0.431293 0.3109 0)
(0.452141 0.357705 0)
(0.47513 0.400203 0)
(0.500002 0.437805 0)
(0.526437 0.47002 0)
(0.554072 0.496499 0)
(0.58252 0.517078 0)
(0.611399 0.531792 0)
(0.640358 0.540863 0)
(0.669095 0.544673 0)
(0.697368 0.543711 0)
(0.725004 0.538529 0)
(0.751876 0.529692 0)
(0.777939 0.517745 0)
(0.80308 0.503182 0)
(0.827571 0.486469 0)
(0.850501 0.467802 0)
(1.71757 -0.0457213 0)
(1.71479 -0.0509661 0)
(1.71077 -0.0561146 0)
(1.7053 -0.0609574 0)
(1.69833 -0.0651555 0)
(1.68987 -0.0682893 0)
(1.68003 -0.0698952 0)
(1.66907 -0.0695143 0)
(1.65742 -0.0667443 0)
(1.6456 -0.0612873 0)
(1.63425 -0.052984 0)
(1.62403 -0.0418355 0)
(1.61561 -0.0280068 0)
(1.6096 -0.0118198 0)
(1.60653 0.00627668 0)
(1.60686 0.0257258 0)
(1.61085 0.0458822 0)
(1.61868 0.0660655 0)
(1.63036 0.0855829 0)
(1.64576 0.103761 0)
(1.66465 0.119967 0)
(1.6867 0.133633 0)
(1.71149 0.144263 0)
(1.73852 0.151448 0)
(1.76729 0.15487 0)
(1.79725 0.154297 0)
(1.82783 0.149582 0)
(1.8585 0.140658 0)
(1.88868 0.127529 0)
(1.91788 0.110272 0)
(1.94559 0.0890304 0)
(1.97136 0.0640089 0)
(1.99478 0.0354793 0)
(2.01551 0.00376302 0)
(2.03323 -0.0307954 0)
(2.0477 -0.0678056 0)
(2.05871 -0.106774 0)
(2.06615 -0.147202 0)
(2.06998 -0.188583 0)
(2.07025 -0.230415 0)
(2.0671 -0.272214 0)
(2.06069 -0.313526 0)
(2.05127 -0.353943 0)
(2.03914 -0.393106 0)
(2.02461 -0.430721 0)
(2.00805 -0.466561 0)
(1.98983 -0.500474 0)
(1.9703 -0.532378 0)
(1.94979 -0.56224 0)
(1.92854 -0.590074 0)
(1.90678 -0.615951 0)
(1.88486 -0.640078 0)
(1.8635 -0.66291 0)
(1.84405 -0.685303 0)
(1.82873 -0.708543 0)
(1.82033 -0.73389 0)
(1.82128 -0.761948 0)
(1.83331 -0.792305 0)
(1.8567 -0.822418 0)
(1.88758 -0.846037 0)
(1.91735 -0.854375 0)
(1.93733 -0.840446 0)
(1.94364 -0.802372 0)
(1.93772 -0.742806 0)
(1.92354 -0.666229 0)
(1.90491 -0.576899 0)
(1.88442 -0.478218 0)
(1.86352 -0.372821 0)
(1.84296 -0.262728 0)
(1.82289 -0.149472 0)
(1.80181 -0.0347433 0)
(1.77653 0.0785119 0)
(1.74225 0.18481 0)
(1.69663 0.277683 0)
(1.63904 0.352378 0)
(1.57147 0.406379 0)
(1.49752 0.439629 0)
(1.42129 0.454106 0)
(1.34655 0.453059 0)
(1.27627 0.440208 0)
(1.21246 0.419141 0)
(1.15618 0.392947 0)
(1.10778 0.364075 0)
(1.06708 0.334332 0)
(1.03356 0.304969 0)
(1.00652 0.276793 0)
(0.985189 0.250283 0)
(0.968818 0.225681 0)
(0.956697 0.203069 0)
(0.948186 0.182425 0)
(0.942729 0.163662 0)
(0.939845 0.14665 0)
(0.939127 0.131238 0)
(0.94023 0.117262 0)
(0.942868 0.104555 0)
(0.9468 0.0929477 0)
(0.951824 0.0822749 0)
(0.957769 0.0723741 0)
(0.964492 0.0630883 0)
(0.971868 0.0542666 0)
(0.97979 0.0457658 0)
(0.988164 0.0374518 0)
(0.996906 0.0292019 0)
(1.00594 0.0209072 0)
(1.0152 0.0124751 0)
(1.02462 0.00383265 0)
(1.03416 -0.00506996 0)
(1.04375 -0.0142516 0)
(1.05334 -0.0236996 0)
(1.0629 -0.0333671 0)
(1.07234 -0.0431679 0)
(1.0816 -0.052974 0)
(1.09057 -0.0626189 0)
(1.09914 -0.0719102 0)
(1.10717 -0.0806484 0)
(1.11456 -0.0886472 0)
(1.12116 -0.0957497 0)
(1.1268 -0.101839 0)
(1.13125 -0.106845 0)
(1.13415 -0.110755 0)
(1.13503 -0.113619 0)
(1.13333 -0.115561 0)
(1.12838 -0.116791 0)
(1.11946 -0.117623 0)
(1.10586 -0.118458 0)
(1.08684 -0.119689 0)
(1.06165 -0.121456 0)
(1.02953 -0.123339 0)
(0.989821 -0.1243 0)
(0.94218 -0.123393 0)
(0.887063 -0.121406 0)
(0.826317 -0.122681 0)
(0.763458 -0.135413 0)
(0.703107 -0.168984 0)
(0.649503 -0.228884 0)
(0.604914 -0.312423 0)
(0.569182 -0.408886 0)
(0.540578 -0.504189 0)
(0.516928 -0.586289 0)
(0.496184 -0.648236 0)
(0.476585 -0.688413 0)
(0.456816 -0.709026 0)
(0.436208 -0.71392 0)
(0.414778 -0.706712 0)
(0.393016 -0.68985 0)
(0.371563 -0.664682 0)
(0.350993 -0.63203 0)
(0.331736 -0.592717 0)
(0.31406 -0.547775 0)
(0.298144 -0.498342 0)
(0.284115 -0.445385 0)
(0.272169 -0.389702 0)
(0.262505 -0.331961 0)
(0.255248 -0.272734 0)
(0.250491 -0.21255 0)
(0.248315 -0.151917 0)
(0.24885 -0.0912903 0)
(0.25202 -0.0311672 0)
(0.257639 0.0279339 0)
(0.265802 0.0856171 0)
(0.276849 0.141683 0)
(0.290728 0.19575 0)
(0.307447 0.247347 0)
(0.326936 0.295942 0)
(0.34907 0.340967 0)
(0.373656 0.38185 0)
(0.400428 0.418055 0)
(0.429054 0.449132 0)
(0.45915 0.474761 0)
(0.490304 0.494789 0)
(0.522097 0.509239 0)
(0.554138 0.518309 0)
(0.586077 0.522339 0)
(0.617624 0.521771 0)
(0.648557 0.517111 0)
(0.678705 0.508881 0)
(0.707991 0.497591 0)
(0.736259 0.483706 0)
(0.763798 0.46769 0)
(0.789566 0.44966 0)
(1.71471 -0.0439974 0)
(1.7119 -0.0484241 0)
(1.708 -0.0526586 0)
(1.70288 -0.0565168 0)
(1.69652 -0.0597112 0)
(1.68896 -0.0618969 0)
(1.68033 -0.0627009 0)
(1.67086 -0.0617588 0)
(1.66093 -0.0587554 0)
(1.65098 -0.0534602 0)
(1.64154 -0.0457565 0)
(1.63317 -0.0356576 0)
(1.62644 -0.0233118 0)
(1.62185 -0.00899644 0)
(1.61986 0.00690381 0)
(1.62086 0.0239137 0)
(1.62507 0.0414791 0)
(1.63264 0.059013 0)
(1.64359 0.0759149 0)
(1.65781 0.0915965 0)
(1.67511 0.105503 0)
(1.6952 0.117128 0)
(1.7177 0.126028 0)
(1.7422 0.131832 0)
(1.76824 0.134244 0)
(1.79531 0.133044 0)
(1.82294 0.128089 0)
(1.85061 0.119307 0)
(1.87785 0.106694 0)
(1.90418 0.0903082 0)
(1.92915 0.0702704 0)
(1.95236 0.0467617 0)
(1.97344 0.0200197 0)
(1.99206 -0.00968173 0)
(2.00796 -0.0420509 0)
(2.02091 -0.0766998 0)
(2.03073 -0.113201 0)
(2.03733 -0.151113 0)
(2.04068 -0.189984 0)
(2.04082 -0.229363 0)
(2.03786 -0.268814 0)
(2.03195 -0.307925 0)
(2.02331 -0.346323 0)
(2.01219 -0.383681 0)
(1.99888 -0.419726 0)
(1.98368 -0.454247 0)
(1.96689 -0.487083 0)
(1.94876 -0.518113 0)
(1.92946 -0.547257 0)
(1.90917 -0.574505 0)
(1.88819 -0.600025 0)
(1.86721 -0.6243 0)
(1.84748 -0.648267 0)
(1.83092 -0.673393 0)
(1.81987 -0.701358 0)
(1.81614 -0.733172 0)
(1.82028 -0.768745 0)
(1.83204 -0.806639 0)
(1.8487 -0.841712 0)
(1.86172 -0.864093 0)
(1.861 -0.864166 0)
(1.84379 -0.838552 0)
(1.81575 -0.790323 0)
(1.78474 -0.724783 0)
(1.75568 -0.646129 0)
(1.72985 -0.557041 0)
(1.70665 -0.459597 0)
(1.68538 -0.355842 0)
(1.66606 -0.247614 0)
(1.64939 -0.135969 0)
(1.6363 -0.0213575 0)
(1.62423 0.0949044 0)
(1.6074 0.207661 0)
(1.58123 0.309139 0)
(1.54269 0.392573 0)
(1.49216 0.453627 0)
(1.43247 0.491179 0)
(1.36765 0.506951 0)
(1.30179 0.504522 0)
(1.23832 0.488253 0)
(1.17972 0.462447 0)
(1.12749 0.430839 0)
(1.08232 0.396384 0)
(1.04427 0.361244 0)
(1.013 0.326886 0)
(0.987929 0.294231 0)
(0.968368 0.263792 0)
(0.953605 0.235798 0)
(0.942956 0.210294 0)
(0.935799 0.187203 0)
(0.931581 0.16638 0)
(0.929826 0.14764 0)
(0.930128 0.13078 0)
(0.932145 0.115593 0)
(0.935591 0.101871 0)
(0.940226 0.0894144 0)
(0.94585 0.0780301 0)
(0.952296 0.0675341 0)
(0.959422 0.0577518 0)
(0.96711 0.0485179 0)
(0.975257 0.0396778 0)
(0.983776 0.0310879 0)
(0.992593 0.0226175 0)
(1.00164 0.0141506 0)
(1.01087 0.00558809 0)
(1.02024 -0.0031493 0)
(1.02972 -0.0121143 0)
(1.03927 -0.0213303 0)
(1.04889 -0.0307864 0)
(1.05854 -0.0404299 0)
(1.06818 -0.0501625 0)
(1.07779 -0.0598425 0)
(1.08731 -0.0692958 0)
(1.09671 -0.0783317 0)
(1.10596 -0.0867545 0)
(1.11496 -0.0943672 0)
(1.12355 -0.100972 0)
(1.13143 -0.106376 0)
(1.13811 -0.110405 0)
(1.14297 -0.112933 0)
(1.14523 -0.113913 0)
(1.14405 -0.113398 0)
(1.13859 -0.111575 0)
(1.12804 -0.108764 0)
(1.11169 -0.1054 0)
(1.08891 -0.101915 0)
(1.05915 -0.0984839 0)
(1.02191 -0.0947518 0)
(0.976845 -0.0898644 0)
(0.923952 -0.0833131 0)
(0.86407 -0.0766987 0)
(0.799423 -0.0754589 0)
(0.733727 -0.0887078 0)
(0.671374 -0.125935 0)
(0.615876 -0.191647 0)
(0.568639 -0.281564 0)
(0.529077 -0.383641 0)
(0.495701 -0.483209 0)
(0.466971 -0.568175 0)
(0.441426 -0.6317 0)
(0.417565 -0.672356 0)
(0.393995 -0.692689 0)
(0.369808 -0.697017 0)
(0.344831 -0.689399 0)
(0.319472 -0.672532 0)
(0.294384 -0.647818 0)
(0.270222 -0.616017 0)
(0.247519 -0.577847 0)
(0.226644 -0.534218 0)
(0.207781 -0.486195 0)
(0.191006 -0.434725 0)
(0.176525 -0.380675 0)
(0.16455 -0.324716 0)
(0.155256 -0.26739 0)
(0.148812 -0.209185 0)
(0.145311 -0.150587 0)
(0.144865 -0.092017 0)
(0.147338 -0.0339762 0)
(0.152561 0.0230403 0)
(0.160544 0.0785748 0)
(0.171693 0.132429 0)
(0.185981 0.184275 0)
(0.203403 0.233679 0)
(0.223886 0.280151 0)
(0.247304 0.32317 0)
(0.273456 0.362222 0)
(0.302064 0.396822 0)
(0.332781 0.426565 0)
(0.365205 0.451165 0)
(0.398899 0.470483 0)
(0.433418 0.484538 0)
(0.468335 0.493504 0)
(0.503265 0.497682 0)
(0.537879 0.49747 0)
(0.571913 0.493324 0)
(0.605159 0.485721 0)
(0.63751 0.475133 0)
(0.668769 0.46199 0)
(0.699245 0.446748 0)
(0.727763 0.429432 0)
(1.71258 -0.042237 0)
(1.7098 -0.0459451 0)
(1.70609 -0.0493978 0)
(1.70134 -0.0524353 0)
(1.69557 -0.0548145 0)
(1.68883 -0.0562519 0)
(1.68127 -0.0564463 0)
(1.6731 -0.0551083 0)
(1.66464 -0.0519907 0)
(1.65627 -0.0469169 0)
(1.64844 -0.0398032 0)
(1.64163 -0.0306725 0)
(1.6363 -0.019659 0)
(1.63289 -0.00700273 0)
(1.63179 0.00696113 0)
(1.63331 0.0218258 0)
(1.63766 0.0371164 0)
(1.64496 0.0523243 0)
(1.65522 0.0669281 0)
(1.66837 0.0804136 0)
(1.68423 0.0922922 0)
(1.70254 0.102115 0)
(1.72298 0.109486 0)
(1.74519 0.114068 0)
(1.76875 0.115589 0)
(1.79323 0.113843 0)
(1.81817 0.10869 0)
(1.84313 0.100055 0)
(1.86767 0.0879234 0)
(1.89137 0.0723398 0)
(1.91382 0.0534045 0)
(1.93465 0.0312745 0)
(1.95355 0.00615078 0)
(1.97021 -0.0217322 0)
(1.9844 -0.0521088 0)
(1.99592 -0.0846196 0)
(2.00461 -0.118893 0)
(2.01038 -0.154536 0)
(2.01323 -0.191142 0)
(2.01318 -0.228306 0)
(2.01033 -0.265633 0)
(2.00481 -0.302748 0)
(1.99682 -0.339313 0)
(1.98658 -0.375025 0)
(1.97432 -0.409626 0)
(1.96028 -0.442894 0)
(1.94463 -0.474631 0)
(1.92754 -0.504673 0)
(1.90917 -0.532937 0)
(1.88987 -0.559529 0)
(1.87035 -0.584893 0)
(1.85179 -0.609926 0)
(1.83569 -0.635991 0)
(1.8236 -0.664761 0)
(1.81631 -0.697466 0)
(1.81279 -0.734039 0)
(1.81089 -0.773599 0)
(1.80842 -0.813393 0)
(1.79886 -0.844672 0)
(1.77086 -0.85563 0)
(1.72188 -0.841514 0)
(1.66489 -0.806735 0)
(1.61572 -0.7576 0)
(1.58069 -0.696675 0)
(1.55682 -0.623634 0)
(1.5381 -0.53852 0)
(1.52001 -0.443189 0)
(1.50086 -0.340696 0)
(1.48124 -0.23406 0)
(1.46327 -0.12512 0)
(1.45071 -0.0135849 0)
(1.44362 0.101762 0)
(1.43778 0.217697 0)
(1.42762 0.326141 0)
(1.40774 0.418341 0)
(1.37623 0.487671 0)
(1.33433 0.531355 0)
(1.28521 0.550392 0)
(1.23271 0.548411 0)
(1.18034 0.53028 0)
(1.13083 0.500987 0)
(1.08602 0.464933 0)
(1.0469 0.425625 0)
(1.01381 0.385631 0)
(0.986663 0.346682 0)
(0.965052 0.30985 0)
(0.94843 0.275715 0)
(0.936192 0.244517 0)
(0.927731 0.216275 0)
(0.922482 0.19087 0)
(0.919936 0.168105 0)
(0.919647 0.147744 0)
(0.921232 0.129537 0)
(0.924369 0.113233 0)
(0.928786 0.0985862 0)
(0.934254 0.0853655 0)
(0.940585 0.0733511 0)
(0.94762 0.0623373 0)
(0.955227 0.0521313 0)
(0.963294 0.0425534 0)
(0.971729 0.0334364 0)
(0.980453 0.0246264 0)
(0.989403 0.0159831 0)
(0.998528 0.00738114 0)
(1.0078 -0.00128838 0)
(1.01719 -0.0101129 0)
(1.02669 -0.019153 0)
(1.03631 -0.0284378 0)
(1.04605 -0.0379562 0)
(1.05592 -0.047652 0)
(1.06595 -0.0574251 0)
(1.07617 -0.0671399 0)
(1.08663 -0.0766336 0)
(1.09735 -0.085715 0)
(1.10831 -0.0941537 0)
(1.11931 -0.101669 0)
(1.12997 -0.107934 0)
(1.13966 -0.112604 0)
(1.14763 -0.115368 0)
(1.15297 -0.115999 0)
(1.15476 -0.114397 0)
(1.15211 -0.110626 0)
(1.14422 -0.104923 0)
(1.1304 -0.0976977 0)
(1.11012 -0.0894815 0)
(1.08297 -0.0807953 0)
(1.04863 -0.0718837 0)
(1.00685 -0.0624613 0)
(0.957514 -0.0518559 0)
(0.900896 -0.040036 0)
(0.838093 -0.0294325 0)
(0.771544 -0.0264599 0)
(0.704993 -0.0408804 0)
(0.642382 -0.0819565 0)
(0.586199 -0.153021 0)
(0.536845 -0.248384 0)
(0.493401 -0.355141 0)
(0.454833 -0.458447 0)
(0.420478 -0.546274 0)
(0.389671 -0.611732 0)
(0.361297 -0.6533 0)
(0.333891 -0.673652 0)
(0.306228 -0.67753 0)
(0.277841 -0.669489 0)
(0.248998 -0.65256 0)
(0.22033 -0.628263 0)
(0.192526 -0.597343 0)
(0.166226 -0.560424 0)
(0.141963 -0.518294 0)
(0.120002 -0.471876 0)
(0.100378 -0.422052 0)
(0.083259 -0.369727 0)
(0.0688243 -0.315577 0)
(0.0572399 -0.260189 0)
(0.0487705 -0.204087 0)
(0.0436473 -0.147779 0)
(0.0420675 -0.0916857 0)
(0.0439132 -0.0361012 0)
(0.0489755 0.01846 0)
(0.0570329 0.0715883 0)
(0.0684627 0.12298 0)
(0.0832871 0.172382 0)
(0.101476 0.219376 0)
(0.122977 0.26352 0)
(0.147676 0.304329 0)
(0.175359 0.341355 0)
(0.205729 0.374167 0)
(0.238426 0.402407 0)
(0.27303 0.425825 0)
(0.309084 0.444297 0)
(0.346123 0.457841 0)
(0.383694 0.466608 0)
(0.421383 0.470865 0)
(0.45883 0.470966 0)
(0.495741 0.467318 0)
(0.531875 0.460351 0)
(0.567098 0.450494 0)
(0.601176 0.438138 0)
(0.634439 0.423732 0)
(0.665583 0.407191 0)
(1.71114 -0.0404853 0)
(1.70844 -0.043565 0)
(1.70495 -0.046351 0)
(1.70057 -0.0487058 0)
(1.69535 -0.0504249 0)
(1.68937 -0.0512749 0)
(1.68275 -0.0510128 0)
(1.6757 -0.0494083 0)
(1.6685 -0.0462679 0)
(1.66147 -0.0414573 0)
(1.655 -0.0349191 0)
(1.64949 -0.0266833 0)
(1.64533 -0.0168725 0)
(1.64289 -0.00569775 0)
(1.6425 0.00655271 0)
(1.64443 0.0195271 0)
(1.64885 0.0328153 0)
(1.65587 0.0459773 0)
(1.6655 0.0585593 0)
(1.67766 0.070112 0)
(1.6922 0.0802049 0)
(1.7089 0.0884404 0)
(1.72748 0.0944635 0)
(1.74762 0.0979697 0)
(1.76893 0.0987093 0)
(1.79104 0.0964905 0)
(1.81354 0.0911787 0)
(1.83603 0.0826964 0)
(1.85811 0.0710207 0)
(1.87939 0.0561815 0)
(1.89952 0.0382615 0)
(1.91816 0.0173921 0)
(1.93503 -0.00625655 0)
(1.94986 -0.0324914 0)
(1.96245 -0.0610487 0)
(1.9726 -0.0916214 0)
(1.98019 -0.12388 0)
(1.98516 -0.157473 0)
(1.98748 -0.192035 0)
(1.9872 -0.2272 0)
(1.98439 -0.262609 0)
(1.97918 -0.297922 0)
(1.97173 -0.332825 0)
(1.96221 -0.367028 0)
(1.95079 -0.400264 0)
(1.93761 -0.432281 0)
(1.92282 -0.462862 0)
(1.90668 -0.491881 0)
(1.88963 -0.519403 0)
(1.8725 -0.545806 0)
(1.85638 -0.57185 0)
(1.84241 -0.598605 0)
(1.83112 -0.627271 0)
(1.82191 -0.658782 0)
(1.81217 -0.692971 0)
(1.7974 -0.728699 0)
(1.77395 -0.765092 0)
(1.73838 -0.797592 0)
(1.68067 -0.814052 0)
(1.59474 -0.80734 0)
(1.50011 -0.785502 0)
(1.42846 -0.758834 0)
(1.39148 -0.726255 0)
(1.37807 -0.679476 0)
(1.372 -0.613292 0)
(1.36304 -0.528928 0)
(1.34789 -0.431519 0)
(1.32742 -0.326828 0)
(1.30416 -0.219542 0)
(1.28158 -0.112517 0)
(1.26407 -0.00522423 0)
(1.25403 0.105831 0)
(1.25072 0.220531 0)
(1.24948 0.33213 0)
(1.24379 0.430835 0)
(1.22963 0.507796 0)
(1.20614 0.558172 0)
(1.17497 0.58174 0)
(1.13898 0.581774 0)
(1.10123 0.563386 0)
(1.06433 0.53209 0)
(1.03019 0.492885 0)
(0.999994 0.449809 0)
(0.974346 0.405846 0)
(0.953376 0.363019 0)
(0.936911 0.322579 0)
(0.924594 0.285203 0)
(0.915975 0.251167 0)
(0.910574 0.220485 0)
(0.907927 0.193012 0)
(0.907602 0.168512 0)
(0.909215 0.146709 0)
(0.912434 0.127309 0)
(0.916972 0.110022 0)
(0.922588 0.0945718 0)
(0.92908 0.0806957 0)
(0.936276 0.0681501 0)
(0.944036 0.0567085 0)
(0.952241 0.046161 0)
(0.960792 0.0363134 0)
(0.969609 0.0269864 0)
(0.978625 0.0180147 0)
(0.987791 0.00924623 0)
(0.997077 0.000543244 0)
(1.00647 -0.00821466 0)
(1.01597 -0.0171257 0)
(1.02558 -0.0262605 0)
(1.03536 -0.0356546 0)
(1.04533 -0.0453037 0)
(1.05557 -0.0551629 0)
(1.06618 -0.0651511 0)
(1.07726 -0.0751482 0)
(1.08889 -0.0849787 0)
(1.10103 -0.0943853 0)
(1.11342 -0.103008 0)
(1.12558 -0.110394 0)
(1.13681 -0.116039 0)
(1.14625 -0.119463 0)
(1.15299 -0.120278 0)
(1.15615 -0.11825 0)
(1.15493 -0.113328 0)
(1.14868 -0.105657 0)
(1.13681 -0.0955792 0)
(1.11889 -0.0836121 0)
(1.09459 -0.0703898 0)
(1.06365 -0.0565056 0)
(1.02592 -0.0422453 0)
(0.981272 -0.0274657 0)
(0.929675 -0.0117171 0)
(0.871547 0.0046798 0)
(0.80831 0.0185404 0)
(0.742654 0.022516 0)
(0.677971 0.00642379 0)
(0.617267 -0.0383196 0)
(0.561992 -0.113758 0)
(0.511303 -0.213115 0)
(0.464034 -0.323218 0)
(0.419808 -0.429506 0)
(0.379077 -0.520142 0)
(0.342247 -0.587987 0)
(0.308818 -0.631069 0)
(0.277339 -0.651898 0)
(0.246202 -0.655526 0)
(0.214518 -0.647065 0)
(0.182319 -0.630009 0)
(0.150174 -0.606047 0)
(0.118791 -0.575952 0)
(0.0888145 -0.540299 0)
(0.0608939 -0.499808 0)
(0.0354962 -0.455231 0)
(0.0128315 -0.407407 0)
(-0.00686286 -0.357075 0)
(-0.0234555 -0.305005 0)
(-0.0368776 -0.251791 0)
(-0.0469697 -0.197983 0)
(-0.0535614 -0.144122 0)
(-0.0564312 -0.090663 0)
(-0.0556739 -0.0377601 0)
(-0.0512549 0.0140664 0)
(-0.0434403 0.0645478 0)
(-0.0319047 0.1133 0)
(-0.0166177 0.160071 0)
(0.0023728 0.204474 0)
(0.0249996 0.246061 0)
(0.0510063 0.284468 0)
(0.0801809 0.319294 0)
(0.112223 0.350167 0)
(0.146769 0.376763 0)
(0.183387 0.398868 0)
(0.221604 0.416379 0)
(0.260938 0.429311 0)
(0.300922 0.437796 0)
(0.341119 0.442069 0)
(0.381147 0.442439 0)
(0.420688 0.439266 0)
(0.459473 0.432931 0)
(0.497349 0.423821 0)
(0.534047 0.412284 0)
(0.569916 0.398758 0)
(0.60353 0.383038 0)
(1.71034 -0.0387757 0)
(1.70775 -0.0413083 0)
(1.70449 -0.0435274 0)
(1.70047 -0.045316 0)
(1.69577 -0.0465026 0)
(1.69047 -0.0468956 0)
(1.68469 -0.0462986 0)
(1.67861 -0.0445284 0)
(1.67248 -0.0414339 0)
(1.66659 -0.0369141 0)
(1.66126 -0.0309317 0)
(1.65684 -0.0235221 0)
(1.65365 -0.0147972 0)
(1.65201 -0.00494334 0)
(1.65219 0.00578948 0)
(1.65443 0.017096 0)
(1.65887 0.0286216 0)
(1.6656 0.0399842 0)
(1.67462 0.0507889 0)
(1.68587 0.0606423 0)
(1.69922 0.0691655 0)
(1.71446 0.0760058 0)
(1.73136 0.0808461 0)
(1.7496 0.0834113 0)
(1.76888 0.0834735 0)
(1.78884 0.0808539 0)
(1.80911 0.0754241 0)
(1.82934 0.0671051 0)
(1.84916 0.0558664 0)
(1.86822 0.0417255 0)
(1.88621 0.0247479 0)
(1.90282 0.00503894 0)
(1.9178 -0.0172631 0)
(1.93092 -0.0419888 0)
(1.94198 -0.0688956 0)
(1.95084 -0.0977173 0)
(1.95737 -0.12816 0)
(1.96154 -0.159908 0)
(1.96333 -0.192633 0)
(1.96278 -0.226002 0)
(1.95995 -0.259688 0)
(1.95495 -0.293372 0)
(1.94789 -0.32675 0)
(1.93888 -0.359527 0)
(1.92804 -0.391425 0)
(1.91558 -0.422215 0)
(1.90186 -0.45177 0)
(1.8875 -0.480157 0)
(1.87342 -0.507699 0)
(1.86067 -0.534966 0)
(1.84991 -0.56261 0)
(1.84074 -0.5911 0)
(1.83104 -0.620507 0)
(1.81663 -0.650189 0)
(1.79137 -0.678586 0)
(1.74912 -0.704893 0)
(1.68715 -0.729135 0)
(1.60081 -0.743964 0)
(1.47997 -0.738189 0)
(1.33975 -0.721748 0)
(1.23223 -0.717912 0)
(1.18842 -0.725398 0)
(1.18853 -0.719367 0)
(1.19852 -0.682056 0)
(1.1996 -0.613253 0)
(1.18822 -0.522073 0)
(1.16758 -0.418523 0)
(1.14207 -0.310121 0)
(1.11532 -0.20181 0)
(1.09035 -0.0963685 0)
(1.06995 0.00668382 0)
(1.05668 0.1118 0)
(1.05261 0.221581 0)
(1.05531 0.331857 0)
(1.0591 0.43323 0)
(1.0591 0.515372 0)
(1.05275 0.571432 0)
(1.03996 0.599667 0)
(1.02217 0.602609 0)
(1.00149 0.585265 0)
(0.97998 0.55342 0)
(0.959319 0.512498 0)
(0.940706 0.466971 0)
(0.924866 0.420193 0)
(0.912137 0.374467 0)
(0.902566 0.331237 0)
(0.896008 0.291292 0)
(0.892206 0.254969 0)
(0.890844 0.222298 0)
(0.891594 0.193127 0)
(0.894136 0.1672 0)
(0.898178 0.144209 0)
(0.903459 0.123831 0)
(0.909751 0.105747 0)
(0.91686 0.0896504 0)
(0.924619 0.0752567 0)
(0.932889 0.0623007 0)
(0.941551 0.0505384 0)
(0.950508 0.0397448 0)
(0.959677 0.0297129 0)
(0.968991 0.0202514 0)
(0.9784 0.0111819 0)
(0.987874 0.00233836 0)
(0.997401 -0.00642937 0)
(1.00698 -0.0152544 0)
(1.01663 -0.0242475 0)
(1.02639 -0.0334924 0)
(1.03633 -0.04304 0)
(1.04653 -0.0529075 0)
(1.05712 -0.0630748 0)
(1.06822 -0.0734711 0)
(1.07987 -0.0839432 0)
(1.09199 -0.0942153 0)
(1.10423 -0.103864 0)
(1.11604 -0.112335 0)
(1.12664 -0.119005 0)
(1.13522 -0.123272 0)
(1.14097 -0.124642 0)
(1.14323 -0.122785 0)
(1.14146 -0.117558 0)
(1.13524 -0.10901 0)
(1.12423 -0.0973696 0)
(1.10812 -0.0830481 0)
(1.08665 -0.0666238 0)
(1.0596 -0.0487745 0)
(1.02675 -0.0301536 0)
(0.987798 -0.0111583 0)
(0.942525 0.00845914 0)
(0.891072 0.0289625 0)
(0.834242 0.0492749 0)
(0.773835 0.0653466 0)
(0.712536 0.0693406 0)
(0.653156 0.0512607 0)
(0.597362 0.00340476 0)
(0.544941 -0.0748476 0)
(0.494025 -0.176133 0)
(0.443198 -0.287735 0)
(0.39287 -0.39589 0)
(0.344805 -0.489123 0)
(0.300808 -0.559864 0)
(0.261355 -0.605272 0)
(0.225233 -0.627272 0)
(0.190445 -0.631015 0)
(0.155514 -0.62221 0)
(0.12008 -0.604961 0)
(0.0846017 -0.581256 0)
(0.0497762 -0.551959 0)
(0.0162494 -0.5176 0)
(-0.0152213 -0.478707 0)
(-0.0440775 -0.436094 0)
(-0.0699784 -0.390531 0)
(-0.0926227 -0.342626 0)
(-0.11177 -0.293069 0)
(-0.127294 -0.242434 0)
(-0.139076 -0.191265 0)
(-0.147 -0.140067 0)
(-0.150881 -0.0893184 0)
(-0.150954 -0.0393894 0)
(-0.147028 0.00973289 0)
(-0.139266 0.0574265 0)
(-0.127489 0.103393 0)
(-0.111759 0.147301 0)
(-0.0921988 0.18888 0)
(-0.0688335 0.227756 0)
(-0.041794 0.263635 0)
(-0.0113327 0.296167 0)
(0.0222916 0.324935 0)
(0.0585444 0.349751 0)
(0.0969878 0.370437 0)
(0.13715 0.386893 0)
(0.17854 0.399128 0)
(0.220678 0.407258 0)
(0.263118 0.411486 0)
(0.30546 0.412079 0)
(0.347368 0.409352 0)
(0.388551 0.403638 0)
(0.428841 0.395278 0)
(0.467935 0.384577 0)
(0.506206 0.371962 0)
(0.542108 0.357093 0)
(1.71015 -0.0371262 0)
(1.7077 -0.0391838 0)
(1.70466 -0.0409223 0)
(1.701 -0.0422427 0)
(1.69678 -0.0430023 0)
(1.69208 -0.0430445 0)
(1.68703 -0.0422108 0)
(1.6818 -0.0403552 0)
(1.67659 -0.0373604 0)
(1.67166 -0.0331512 0)
(1.6673 -0.0277059 0)
(1.66378 -0.0210631 0)
(1.66139 -0.0133259 0)
(1.6604 -0.00465924 0)
(1.66104 0.00471959 0)
(1.66351 0.0145459 0)
(1.66792 0.0245122 0)
(1.67435 0.0342866 0)
(1.6828 0.0435248 0)
(1.69321 0.0518822 0)
(1.70547 0.0590251 0)
(1.71938 0.0646408 0)
(1.73474 0.0684459 0)
(1.75128 0.0701925 0)
(1.76871 0.0696724 0)
(1.7867 0.0667197 0)
(1.80494 0.0612118 0)
(1.8231 0.0530687 0)
(1.84084 0.0422533 0)
(1.85786 0.0287709 0)
(1.87387 0.0126687 0)
(1.88859 -0.00596988 0)
(1.90181 -0.0270386 0)
(1.91332 -0.050373 0)
(1.92294 -0.075769 0)
(1.93055 -0.102995 0)
(1.93607 -0.131789 0)
(1.93945 -0.16187 0)
(1.94069 -0.192939 0)
(1.93982 -0.224688 0)
(1.93688 -0.256808 0)
(1.93194 -0.288988 0)
(1.92508 -0.320925 0)
(1.91645 -0.352348 0)
(1.90633 -0.38305 0)
(1.89522 -0.412949 0)
(1.88389 -0.442144 0)
(1.87329 -0.470914 0)
(1.86426 -0.49961 0)
(1.85691 -0.528408 0)
(1.8499 -0.556987 0)
(1.83989 -0.584339 0)
(1.82143 -0.608874 0)
(1.78755 -0.628575 0)
(1.73089 -0.641932 0)
(1.64692 -0.650369 0)
(1.53498 -0.654242 0)
(1.38828 -0.643627 0)
(1.20619 -0.620203 0)
(1.04412 -0.62371 0)
(0.972159 -0.674165 0)
(0.977986 -0.726626 0)
(1.00303 -0.733723 0)
(1.01254 -0.688551 0)
(1.00205 -0.60715 0)
(0.978932 -0.506718 0)
(0.95069 -0.398669 0)
(0.922168 -0.289408 0)
(0.896089 -0.182491 0)
(0.874001 -0.0797636 0)
(0.856818 0.019173 0)
(0.845439 0.118499 0)
(0.842732 0.221989 0)
(0.84841 0.327909 0)
(0.859017 0.428256 0)
(0.870389 0.512343 0)
(0.879311 0.571943 0)
(0.884269 0.603911 0)
(0.885217 0.609847 0)
(0.882987 0.594349 0)
(0.878761 0.563176 0)
(0.873717 0.521934 0)
(0.868845 0.475366 0)
(0.864866 0.427092 0)
(0.86224 0.379644 0)
(0.861202 0.33464 0)
(0.861816 0.292988 0)
(0.864027 0.255096 0)
(0.867707 0.221032 0)
(0.872687 0.190657 0)
(0.878789 0.163709 0)
(0.885832 0.139868 0)
(0.89365 0.118793 0)
(0.902091 0.100147 0)
(0.911021 0.0836052 0)
(0.920321 0.0688654 0)
(0.929892 0.0556476 0)
(0.939647 0.0436944 0)
(0.949508 0.0327701 0)
(0.959413 0.0226571 0)
(0.969314 0.0131509 0)
(0.979182 0.0040591 0)
(0.989001 -0.00479456 0)
(0.998759 -0.0135725 0)
(1.00847 -0.0224211 0)
(1.01816 -0.031467 0)
(1.02788 -0.040813 0)
(1.03771 -0.0505337 0)
(1.04773 -0.0606661 0)
(1.05801 -0.0711853 0)
(1.06853 -0.0819624 0)
(1.07909 -0.0927167 0)
(1.08927 -0.102992 0)
(1.09845 -0.112185 0)
(1.10593 -0.119617 0)
(1.11101 -0.124642 0)
(1.11318 -0.126728 0)
(1.1121 -0.125505 0)
(1.10758 -0.120774 0)
(1.09955 -0.112487 0)
(1.08794 -0.100736 0)
(1.07265 -0.0857562 0)
(1.05351 -0.0679494 0)
(1.03031 -0.0478868 0)
(1.00272 -0.0262276 0)
(0.970275 -0.00358471 0)
(0.93266 0.019768 0)
(0.88975 0.043749 0)
(0.841847 0.0680874 0)
(0.790006 0.0910999 0)
(0.736211 0.108138 0)
(0.682983 0.1112 0)
(0.632339 0.0910595 0)
(0.584372 0.0413958 0)
(0.536821 -0.0374604 0)
(0.487099 -0.138007 0)
(0.433358 -0.248668 0)
(0.376696 -0.357049 0)
(0.320237 -0.45232 0)
(0.267511 -0.526404 0)
(0.220483 -0.575172 0)
(0.178622 -0.599384 0)
(0.139679 -0.603902 0)
(0.101422 -0.594983 0)
(0.0628849 -0.577566 0)
(0.0242133 -0.554069 0)
(-0.0139639 -0.525408 0)
(-0.0508755 -0.492255 0)
(-0.0857775 -0.455111 0)
(-0.118028 -0.414628 0)
(-0.147169 -0.371451 0)
(-0.172827 -0.326169 0)
(-0.194709 -0.279385 0)
(-0.212607 -0.231637 0)
(-0.226368 -0.183427 0)
(-0.235899 -0.135218 0)
(-0.241063 -0.0874606 0)
(-0.241916 -0.0405744 0)
(-0.238412 0.00544189 0)
(-0.230827 0.0500803 0)
(-0.21888 0.093027 0)
(-0.202678 0.133965 0)
(-0.182328 0.172644 0)
(-0.157947 0.20872 0)
(-0.129768 0.241898 0)
(-0.0981002 0.271923 0)
(-0.0632396 0.298529 0)
(-0.025579 0.321544 0)
(0.0144717 0.340719 0)
(0.0563508 0.356018 0)
(0.09954 0.367482 0)
(0.143566 0.375193 0)
(0.187973 0.379318 0)
(0.232352 0.380088 0)
(0.276356 0.377772 0)
(0.319675 0.372658 0)
(0.362128 0.365043 0)
(0.403382 0.355182 0)
(0.443831 0.343495 0)
(0.481824 0.329496 0)
(1.71056 -0.0355595 0)
(1.70825 -0.0372033 0)
(1.70545 -0.0385323 0)
(1.70212 -0.0394636 0)
(1.69833 -0.0398792 0)
(1.69417 -0.0396521 0)
(1.68976 -0.0386544 0)
(1.68526 -0.0367702 0)
(1.68084 -0.0339089 0)
(1.67673 -0.030016 0)
(1.67316 -0.0250814 0)
(1.6704 -0.0191451 0)
(1.66867 -0.0123006 0)
(1.66821 -0.00469455 0)
(1.66921 0.00348239 0)
(1.67183 0.0120003 0)
(1.67617 0.0205923 0)
(1.6823 0.0289695 0)
(1.69022 0.0368318 0)
(1.69985 0.0438771 0)
(1.7111 0.0498115 0)
(1.72381 0.054358 0)
(1.73778 0.0572636 0)
(1.75277 0.0583049 0)
(1.76851 0.0572926 0)
(1.78472 0.0540731 0)
(1.80111 0.0485296 0)
(1.81737 0.0405815 0)
(1.83321 0.0301859 0)
(1.84834 0.017337 0)
(1.86251 0.00206132 0)
(1.87548 -0.0155852 0)
(1.88704 -0.0355136 0)
(1.89702 -0.0575791 0)
(1.90527 -0.0816097 0)
(1.91169 -0.107401 0)
(1.91621 -0.134721 0)
(1.9188 -0.163311 0)
(1.91945 -0.192892 0)
(1.91817 -0.22317 0)
(1.915 -0.253847 0)
(1.91006 -0.284637 0)
(1.90356 -0.315301 0)
(1.89587 -0.345684 0)
(1.88761 -0.375768 0)
(1.87957 -0.405677 0)
(1.87254 -0.435616 0)
(1.86688 -0.46568 0)
(1.86194 -0.495559 0)
(1.85545 -0.524221 0)
(1.84324 -0.549755 0)
(1.81937 -0.569606 0)
(1.77693 -0.581124 0)
(1.70904 -0.582222 0)
(1.61041 -0.573313 0)
(1.47995 -0.55843 0)
(1.31712 -0.536175 0)
(1.11331 -0.499575 0)
(0.894605 -0.482171 0)
(0.760473 -0.55006 0)
(0.746191 -0.671737 0)
(0.778802 -0.748671 0)
(0.797872 -0.744727 0)
(0.790155 -0.681326 0)
(0.765389 -0.588126 0)
(0.734809 -0.483304 0)
(0.704562 -0.375456 0)
(0.677381 -0.268764 0)
(0.654846 -0.165502 0)
(0.63797 -0.066739 0)
(0.626866 0.0281035 0)
(0.620416 0.122568 0)
(0.621384 0.220205 0)
(0.630663 0.320626 0)
(0.647109 0.417325 0)
(0.668126 0.500256 0)
(0.690685 0.560765 0)
(0.712394 0.594812 0)
(0.731855 0.603148 0)
(0.748563 0.589782 0)
(0.762642 0.560172 0)
(0.774571 0.519852 0)
(0.784954 0.473621 0)
(0.794381 0.425227 0)
(0.803342 0.377344 0)
(0.812205 0.331716 0)
(0.821213 0.289358 0)
(0.830506 0.250751 0)
(0.840145 0.216014 0)
(0.850138 0.185034 0)
(0.860455 0.157565 0)
(0.871047 0.133291 0)
(0.881856 0.111867 0)
(0.892818 0.0929508 0)
(0.903869 0.0762107 0)
(0.91495 0.0613362 0)
(0.926004 0.0480404 0)
(0.936976 0.0360602 0)
(0.947814 0.025152 0)
(0.95848 0.015088 0)
(0.968951 0.00565182 0)
(0.979203 -0.00335444 0)
(0.989211 -0.0121144 0)
(0.998961 -0.0208004 0)
(1.00845 -0.0295716 0)
(1.01769 -0.0385697 0)
(1.02668 -0.0479125 0)
(1.03544 -0.0576793 0)
(1.04393 -0.0678817 0)
(1.05199 -0.0784169 0)
(1.05934 -0.0890213 0)
(1.06549 -0.0992532 0)
(1.06986 -0.108528 0)
(1.0719 -0.116202 0)
(1.0712 -0.12167 0)
(1.0676 -0.12444 0)
(1.06119 -0.124156 0)
(1.05218 -0.120584 0)
(1.04082 -0.113588 0)
(1.02732 -0.10311 0)
(1.01172 -0.0891848 0)
(0.993988 -0.0719688 0)
(0.973921 -0.0517762 0)
(0.951199 -0.0290674 0)
(0.925316 -0.00445477 0)
(0.895837 0.0215106 0)
(0.86243 0.0483258 0)
(0.825029 0.0756312 0)
(0.784055 0.10271 0)
(0.740757 0.127253 0)
(0.697177 0.144173 0)
(0.65544 0.145712 0)
(0.616462 0.12381 0)
(0.578828 0.0738333 0)
(0.53876 -0.00297016 0)
(0.492211 -0.0996519 0)
(0.436943 -0.20631 0)
(0.374313 -0.312553 0)
(0.30861 -0.408668 0)
(0.245285 -0.486234 0)
(0.18842 -0.539519 0)
(0.138933 -0.567421 0)
(0.0947361 -0.573849 0)
(0.0527989 -0.565364 0)
(0.0111178 -0.547905 0)
(-0.0306617 -0.524455 0)
(-0.0720118 -0.496435 0)
(-0.11216 -0.464484 0)
(-0.150321 -0.429074 0)
(-0.185806 -0.390752 0)
(-0.218066 -0.350074 0)
(-0.246661 -0.307574 0)
(-0.271244 -0.263772 0)
(-0.291547 -0.219156 0)
(-0.307375 -0.174178 0)
(-0.318608 -0.129258 0)
(-0.325099 -0.0847675 0)
(-0.326922 -0.0410914 0)
(-0.324021 0.00144657 0)
(-0.316605 0.0427358 0)
(-0.30455 0.0824024 0)
(-0.287964 0.120159 0)
(-0.266987 0.155749 0)
(-0.241805 0.188889 0)
(-0.212676 0.219319 0)
(-0.1799 0.246819 0)
(-0.143826 0.271152 0)
(-0.104888 0.292179 0)
(-0.0635312 0.309799 0)
(-0.020252 0.32397 0)
(0.0244823 0.334583 0)
(0.070123 0.341802 0)
(0.11622 0.345771 0)
(0.162362 0.34667 0)
(0.208189 0.344727 0)
(0.25338 0.340184 0)
(0.297741 0.333298 0)
(0.340912 0.324274 0)
(0.383305 0.313522 0)
(0.423177 0.300397 0)
(1.71159 -0.0340881 0)
(1.70943 -0.0353809 0)
(1.70686 -0.0363695 0)
(1.70383 -0.0369865 0)
(1.70044 -0.037137 0)
(1.69676 -0.0367175 0)
(1.69291 -0.0356234 0)
(1.68902 -0.0337621 0)
(1.68528 -0.0310647 0)
(1.68185 -0.0274935 0)
(1.67897 -0.0230478 0)
(1.67682 -0.0177689 0)
(1.67564 -0.0117431 0)
(1.67559 -0.00510067 0)
(1.67686 0.00199219 0)
(1.67958 0.00933726 0)
(1.68384 0.0167037 0)
(1.68967 0.0238399 0)
(1.69707 0.0304841 0)
(1.70599 0.0363713 0)
(1.71633 0.0412428 0)
(1.72793 0.0448532 0)
(1.74063 0.0469769 0)
(1.75421 0.047413 0)
(1.76842 0.0459892 0)
(1.783 0.0425631 0)
(1.7977 0.0370233 0)
(1.81222 0.0292883 0)
(1.82631 0.0193084 0)
(1.8397 0.00706515 0)
(1.85216 -0.00742929 0)
(1.86349 -0.0241409 0)
(1.87349 -0.0429906 0)
(1.88202 -0.0638666 0)
(1.88895 -0.0866251 0)
(1.8942 -0.111088 0)
(1.89772 -0.137046 0)
(1.89948 -0.16426 0)
(1.89949 -0.192468 0)
(1.89785 -0.221405 0)
(1.89471 -0.250827 0)
(1.89038 -0.280547 0)
(1.88533 -0.31047 0)
(1.88014 -0.340607 0)
(1.8754 -0.371047 0)
(1.8714 -0.401829 0)
(1.86772 -0.432724 0)
(1.86274 -0.462955 0)
(1.85332 -0.490961 0)
(1.83488 -0.514329 0)
(1.80185 -0.530041 0)
(1.74847 -0.535037 0)
(1.66966 -0.526884 0)
(1.56169 -0.504749 0)
(1.42296 -0.471524 0)
(1.25437 -0.431467 0)
(1.051 -0.380544 0)
(0.807792 -0.328871 0)
(0.595486 -0.357992 0)
(0.519317 -0.519627 0)
(0.534621 -0.691391 0)
(0.55886 -0.764618 0)
(0.560573 -0.740724 0)
(0.540745 -0.663383 0)
(0.511248 -0.565406 0)
(0.480871 -0.460993 0)
(0.452721 -0.355524 0)
(0.428014 -0.252181 0)
(0.408312 -0.152923 0)
(0.395142 -0.0582627 0)
(0.388443 0.0326796 0)
(0.385972 0.122992 0)
(0.390718 0.215401 0)
(0.403961 0.309871 0)
(0.42616 0.40099 0)
(0.456158 0.480045 0)
(0.49138 0.538782 0)
(0.528929 0.572941 0)
(0.566306 0.58266 0)
(0.601768 0.571309 0)
(0.634375 0.543841 0)
(0.663825 0.505469 0)
(0.690243 0.460843 0)
(0.713986 0.413671 0)
(0.735493 0.36666 0)
(0.755202 0.32162 0)
(0.773492 0.279637 0)
(0.790674 0.241259 0)
(0.806984 0.206658 0)
(0.8226 0.175761 0)
(0.837645 0.148351 0)
(0.852207 0.12413 0)
(0.866339 0.102769 0)
(0.880071 0.0839322 0)
(0.893418 0.0672926 0)
(0.906379 0.0525435 0)
(0.91894 0.039401 0)
(0.931075 0.0276045 0)
(0.942766 0.0169026 0)
(0.954007 0.0070583 0)
(0.964773 -0.00214116 0)
(0.975013 -0.0108886 0)
(0.984684 -0.01937 0)
(0.993732 -0.027761 0)
(1.00209 -0.0362232 0)
(1.00969 -0.0448966 0)
(1.01641 -0.0538843 0)
(1.02209 -0.0632234 0)
(1.02648 -0.0728431 0)
(1.02919 -0.0825257 0)
(1.02977 -0.0918984 0)
(1.02775 -0.100473 0)
(1.02282 -0.107726 0)
(1.01494 -0.113182 0)
(1.00438 -0.116457 0)
(0.991664 -0.117255 0)
(0.977373 -0.115327 0)
(0.962032 -0.110437 0)
(0.94598 -0.102362 0)
(0.929358 -0.0909206 0)
(0.91213 -0.0760203 0)
(0.894143 -0.0577031 0)
(0.875142 -0.0361706 0)
(0.854714 -0.0117997 0)
(0.832486 0.0148375 0)
(0.808034 0.0430804 0)
(0.781104 0.0723012 0)
(0.7517 0.101857 0)
(0.720421 0.130495 0)
(0.688644 0.155322 0)
(0.658267 0.171062 0)
(0.6308 0.170642 0)
(0.606041 0.147581 0)
(0.581152 0.098973 0)
(0.551031 0.0269441 0)
(0.510193 -0.0625061 0)
(0.455788 -0.161564 0)
(0.388715 -0.262435 0)
(0.313789 -0.35721 0)
(0.238155 -0.437664 0)
(0.168546 -0.496459 0)
(0.108418 -0.529922 0)
(0.0568425 -0.540059 0)
(0.0101812 -0.533026 0)
(-0.0349913 -0.515839 0)
(-0.0797643 -0.492617 0)
(-0.12407 -0.465187 0)
(-0.167248 -0.434385 0)
(-0.208483 -0.400697 0)
(-0.24702 -0.364579 0)
(-0.282234 -0.3265 0)
(-0.313623 -0.28692 0)
(-0.340787 -0.246284 0)
(-0.363414 -0.205016 0)
(-0.381266 -0.163514 0)
(-0.394196 -0.122147 0)
(-0.402047 -0.0812511 0)
(-0.404884 -0.0411768 0)
(-0.402672 -0.00221915 0)
(-0.395559 0.0355008 0)
(-0.38354 0.0716736 0)
(-0.366738 0.106049 0)
(-0.345331 0.138392 0)
(-0.319545 0.168461 0)
(-0.289668 0.196037 0)
(-0.256029 0.220932 0)
(-0.219009 0.242961 0)
(-0.17904 0.261992 0)
(-0.136584 0.277936 0)
(-0.0921198 0.2908 0)
(-0.0461523 0.300592 0)
(0.000825237 0.307313 0)
(0.0483472 0.311049 0)
(0.0959802 0.312026 0)
(0.143367 0.310412 0)
(0.190172 0.306408 0)
(0.236191 0.300229 0)
(0.281035 0.292031 0)
(0.325135 0.282212 0)
(0.366668 0.269959 0)
(1.71326 -0.0326341 0)
(1.71125 -0.0336099 0)
(1.7089 -0.0342948 0)
(1.70615 -0.0346375 0)
(1.70311 -0.0345688 0)
(1.69985 -0.034007 0)
(1.69648 -0.0328646 0)
(1.69314 -0.031065 0)
(1.68996 -0.0285539 0)
(1.68712 -0.0253049 0)
(1.68479 -0.0213232 0)
(1.68316 -0.0166491 0)
(1.68241 -0.0113603 0)
(1.6827 -0.00557243 0)
(1.68417 0.000565796 0)
(1.68694 0.00688094 0)
(1.69108 0.0131728 0)
(1.69661 0.0192237 0)
(1.70354 0.0248056 0)
(1.7118 0.0296855 0)
(1.72129 0.0336356 0)
(1.7319 0.0364382 0)
(1.74345 0.0378918 0)
(1.75574 0.0378165 0)
(1.76856 0.0360575 0)
(1.78167 0.032484 0)
(1.79482 0.0269901 0)
(1.80775 0.0194946 0)
(1.82022 0.00994065 0)
(1.832 -0.00170727 0)
(1.84288 -0.0154618 0)
(1.85266 -0.0312997 0)
(1.86119 -0.0491633 0)
(1.86832 -0.068964 0)
(1.87397 -0.0905795 0)
(1.87808 -0.113854 0)
(1.88065 -0.138601 0)
(1.88176 -0.164618 0)
(1.88155 -0.1917 0)
(1.88028 -0.219663 0)
(1.87829 -0.248372 0)
(1.87598 -0.277751 0)
(1.87368 -0.307763 0)
(1.87144 -0.338337 0)
(1.86874 -0.369226 0)
(1.86412 -0.399812 0)
(1.85498 -0.428911 0)
(1.83758 -0.454671 0)
(1.80741 -0.474636 0)
(1.75995 -0.485981 0)
(1.69137 -0.48591 0)
(1.59929 -0.472136 0)
(1.48297 -0.443313 0)
(1.34284 -0.400082 0)
(1.18002 -0.346001 0)
(0.993094 -0.281452 0)
(0.768474 -0.204098 0)
(0.516376 -0.160517 0)
(0.351839 -0.272885 0)
(0.31373 -0.514523 0)
(0.314975 -0.704122 0)
(0.3177 -0.765888 0)
(0.308652 -0.728413 0)
(0.285696 -0.644052 0)
(0.256246 -0.544762 0)
(0.22686 -0.44147 0)
(0.199792 -0.338051 0)
(0.176522 -0.237786 0)
(0.158819 -0.142626 0)
(0.148122 -0.0523318 0)
(0.143781 0.0347331 0)
(0.143925 0.120963 0)
(0.152193 0.207895 0)
(0.169961 0.295586 0)
(0.19869 0.379192 0)
(0.238086 0.452001 0)
(0.285775 0.506526 0)
(0.33856 0.538868 0)
(0.393086 0.548828 0)
(0.44661 0.539167 0)
(0.497257 0.514184 0)
(0.543999 0.478583 0)
(0.586464 0.436671 0)
(0.624725 0.391962 0)
(0.659113 0.347081 0)
(0.690075 0.303831 0)
(0.718079 0.263328 0)
(0.743564 0.226166 0)
(0.766919 0.192564 0)
(0.788471 0.162498 0)
(0.808488 0.135788 0)
(0.827184 0.112172 0)
(0.844721 0.0913464 0)
(0.861223 0.0729977 0)
(0.876777 0.0568181 0)
(0.891434 0.0425173 0)
(0.905219 0.0298245 0)
(0.918144 0.018477 0)
(0.930232 0.00822627 0)
(0.941471 -0.00115074 0)
(0.951791 -0.00984586 0)
(0.96111 -0.0180436 0)
(0.969324 -0.0259175 0)
(0.976294 -0.033629 0)
(0.981852 -0.0413195 0)
(0.985786 -0.0490991 0)
(0.987833 -0.0570235 0)
(0.987667 -0.0650629 0)
(0.984908 -0.073075 0)
(0.97918 -0.0808043 0)
(0.970219 -0.0879218 0)
(0.958013 -0.094094 0)
(0.942899 -0.0990426 0)
(0.925557 -0.102554 0)
(0.906868 -0.104432 0)
(0.887703 -0.104423 0)
(0.868729 -0.102181 0)
(0.85031 -0.0972851 0)
(0.83253 -0.0893164 0)
(0.815288 -0.07794 0)
(0.798405 -0.0629701 0)
(0.781692 -0.0443926 0)
(0.76495 -0.0223638 0)
(0.747931 0.00274934 0)
(0.730377 0.03039 0)
(0.712104 0.0598327 0)
(0.693006 0.0903054 0)
(0.673282 0.120817 0)
(0.653706 0.149593 0)
(0.635663 0.173341 0)
(0.62069 0.18693 0)
(0.609447 0.184308 0)
(0.60053 0.160728 0)
(0.590025 0.115082 0)
(0.572064 0.0503296 0)
(0.540041 -0.0286566 0)
(0.49007 -0.116305 0)
(0.421872 -0.207737 0)
(0.339652 -0.297652 0)
(0.2513 -0.379033 0)
(0.166104 -0.443567 0)
(0.0911632 -0.484602 0)
(0.0283488 -0.500986 0)
(-0.0253962 -0.4971 0)
(-0.075049 -0.481263 0)
(-0.122988 -0.45859 0)
(-0.170067 -0.431788 0)
(-0.216015 -0.402102 0)
(-0.260089 -0.370122 0)
(-0.301476 -0.336247 0)
(-0.339465 -0.300853 0)
(-0.373484 -0.264319 0)
(-0.403079 -0.227014 0)
(-0.4279 -0.189289 0)
(-0.44768 -0.15148 0)
(-0.462245 -0.113904 0)
(-0.471442 -0.0768484 0)
(-0.47531 -0.0406232 0)
(-0.473842 -0.00547689 0)
(-0.467156 0.0284689 0)
(-0.455321 0.0609612 0)
(-0.438479 0.0917862 0)
(-0.416841 0.120739 0)
(-0.39067 0.147622 0)
(-0.36028 0.172253 0)
(-0.326026 0.194471 0)
(-0.288305 0.214127 0)
(-0.247561 0.231116 0)
(-0.204264 0.245373 0)
(-0.158898 0.256883 0)
(-0.111945 0.265669 0)
(-0.0638872 0.271808 0)
(-0.0152063 0.275368 0)
(0.0336712 0.276352 0)
(0.0823665 0.275018 0)
(0.130539 0.271515 0)
(0.177976 0.266016 0)
(0.224259 0.258628 0)
(0.269831 0.249737 0)
(0.312802 0.23835 0)
(1.71567 -0.0315405 0)
(1.7138 -0.0322651 0)
(1.71164 -0.0327043 0)
(1.70915 -0.0328202 0)
(1.70639 -0.0325671 0)
(1.70348 -0.0318856 0)
(1.70052 -0.0307088 0)
(1.69763 -0.0289795 0)
(1.69493 -0.0266576 0)
(1.69257 -0.0237248 0)
(1.69071 -0.0201892 0)
(1.68951 -0.0160895 0)
(1.68912 -0.0114959 0)
(1.68968 -0.00651094 0)
(1.69132 -0.00126087 0)
(1.69411 0.00410889 0)
(1.69812 0.00942223 0)
(1.70338 0.0144918 0)
(1.70986 0.0191187 0)
(1.71751 0.0231001 0)
(1.72624 0.0262365 0)
(1.73594 0.0283354 0)
(1.74644 0.0292164 0)
(1.75757 0.0287169 0)
(1.76913 0.0266957 0)
(1.7809 0.0230336 0)
(1.79264 0.0176306 0)
(1.80412 0.0104027 0)
(1.81511 0.00128671 0)
(1.8254 -0.00976083 0)
(1.83479 -0.0227659 0)
(1.84312 -0.0377222 0)
(1.85026 -0.054601 0)
(1.85613 -0.0733452 0)
(1.86071 -0.0938707 0)
(1.86406 -0.11607 0)
(1.8663 -0.13982 0)
(1.86763 -0.164989 0)
(1.86828 -0.191446 0)
(1.86846 -0.219059 0)
(1.86823 -0.24768 0)
(1.86734 -0.277099 0)
(1.86505 -0.306964 0)
(1.85987 -0.336663 0)
(1.84941 -0.3652 0)
(1.83042 -0.391121 0)
(1.79909 -0.412546 0)
(1.75157 -0.427335 0)
(1.68477 -0.433339 0)
(1.59709 -0.428652 0)
(1.48887 -0.411814 0)
(1.36259 -0.381867 0)
(1.222 -0.33843 0)
(1.07035 -0.282213 0)
(0.908515 -0.213593 0)
(0.727591 -0.126748 0)
(0.506697 -0.0320762 0)
(0.286564 -0.0261725 0)
(0.182443 -0.222832 0)
(0.135766 -0.503288 0)
(0.0983512 -0.697493 0)
(0.0758832 -0.755674 0)
(0.0571021 -0.711903 0)
(0.030837 -0.622512 0)
(-0.00156242 -0.521143 0)
(-0.0336907 -0.418098 0)
(-0.0619236 -0.316591 0)
(-0.0844606 -0.219421 0)
(-0.100109 -0.128349 0)
(-0.109317 -0.0430531 0)
(-0.111448 0.0384041 0)
(-0.107494 0.118519 0)
(-0.0942391 0.198345 0)
(-0.0700424 0.277371 0)
(-0.0327271 0.351939 0)
(0.0178724 0.416111 0)
(0.0785286 0.464221 0)
(0.146178 0.493076 0)
(0.216936 0.502316 0)
(0.287375 0.494019 0)
(0.354929 0.471732 0)
(0.417996 0.439555 0)
(0.475761 0.401298 0)
(0.528011 0.360151 0)
(0.574933 0.318557 0)
(0.616937 0.278235 0)
(0.654528 0.240287 0)
(0.688231 0.205325 0)
(0.718545 0.173609 0)
(0.745921 0.145157 0)
(0.770746 0.119838 0)
(0.793344 0.0974324 0)
(0.813976 0.077677 0)
(0.832844 0.0602934 0)
(0.850094 0.0450075 0)
(0.865823 0.0315577 0)
(0.880096 0.0196862 0)
(0.892983 0.00913059 0)
(0.904503 -0.000326431 0)
(0.914565 -0.00886056 0)
(0.923075 -0.0166427 0)
(0.929896 -0.0238323 0)
(0.934854 -0.0305742 0)
(0.93773 -0.0369982 0)
(0.938272 -0.0432122 0)
(0.936194 -0.0492892 0)
(0.931189 -0.0552487 0)
(0.922957 -0.0610417 0)
(0.911276 -0.0665578 0)
(0.896114 -0.0716615 0)
(0.87775 -0.0762462 0)
(0.856832 -0.0802677 0)
(0.834328 -0.083715 0)
(0.811332 -0.0865177 0)
(0.788808 -0.0884362 0)
(0.767398 -0.0890117 0)
(0.747362 -0.0876178 0)
(0.72866 -0.0835885 0)
(0.711109 -0.0763569 0)
(0.694513 -0.0655426 0)
(0.678752 -0.0509784 0)
(0.663791 -0.0326842 0)
(0.649627 -0.0108414 0)
(0.636302 0.0141615 0)
(0.623828 0.0417473 0)
(0.612311 0.0711598 0)
(0.601892 0.101475 0)
(0.593 0.131373 0)
(0.586505 0.158687 0)
(0.5836 0.179963 0)
(0.585218 0.190543 0)
(0.591045 0.185672 0)
(0.59861 0.162378 0)
(0.603176 0.120999 0)
(0.598563 0.0650581 0)
(0.578293 -0.000882267 0)
(0.537101 -0.0736504 0)
(0.473062 -0.151165 0)
(0.388418 -0.231325 0)
(0.290033 -0.309593 0)
(0.188397 -0.378143 0)
(0.0942527 -0.428061 0)
(0.0145239 -0.453636 0)
(-0.0509359 -0.456059 0)
(-0.107831 -0.443476 0)
(-0.160128 -0.422279 0)
(-0.210169 -0.396387 0)
(-0.258645 -0.367826 0)
(-0.305228 -0.337517 0)
(-0.34918 -0.305898 0)
(-0.389725 -0.273264 0)
(-0.426199 -0.239896 0)
(-0.458076 -0.206073 0)
(-0.484962 -0.172069 0)
(-0.506562 -0.138148 0)
(-0.522686 -0.104569 0)
(-0.533188 -0.0715649 0)
(-0.538082 -0.039392 0)
(-0.537395 -0.00826144 0)
(-0.531227 0.0217277 0)
(-0.5197 0.0503751 0)
(-0.502976 0.0775059 0)
(-0.481295 0.102951 0)
(-0.454945 0.126547 0)
(-0.424261 0.148148 0)
(-0.389617 0.167619 0)
(-0.351427 0.184846 0)
(-0.310143 0.199743 0)
(-0.266236 0.212261 0)
(-0.220191 0.222385 0)
(-0.17249 0.230133 0)
(-0.123621 0.235558 0)
(-0.0740132 0.238769 0)
(-0.0241166 0.239821 0)
(0.025659 0.238724 0)
(0.0749725 0.235679 0)
(0.123603 0.23083 0)
(0.171105 0.224235 0)
(0.21792 0.216266 0)
(0.262109 0.205743 0)
(1.71877 -0.0298413 0)
(1.71705 -0.0303562 0)
(1.71511 -0.030621 0)
(1.71287 -0.0306176 0)
(1.71043 -0.0302979 0)
(1.70787 -0.0295942 0)
(1.7053 -0.0284487 0)
(1.70284 -0.0268238 0)
(1.70059 -0.0246965 0)
(1.69868 -0.0220586 0)
(1.69724 -0.0189231 0)
(1.69642 -0.0153282 0)
(1.69634 -0.0113384 0)
(1.69712 -0.00704283 0)
(1.69887 -0.00255231 0)
(1.70165 0.00200854 0)
(1.70552 0.00648577 0)
(1.71049 0.0107195 0)
(1.71654 0.0145319 0)
(1.72363 0.0177426 0)
(1.73166 0.0201769 0)
(1.74052 0.0216644 0)
(1.75006 0.0220463 0)
(1.76014 0.0211829 0)
(1.77055 0.0189499 0)
(1.7811 0.0152359 0)
(1.79157 0.00994804 0)
(1.80173 0.00300073 0)
(1.81139 -0.00568509 0)
(1.82036 -0.0161713 0)
(1.8285 -0.0284977 0)
(1.83569 -0.0426904 0)
(1.84188 -0.0587596 0)
(1.84706 -0.0766975 0)
(1.8513 -0.0964762 0)
(1.85465 -0.118041 0)
(1.85717 -0.141302 0)
(1.85883 -0.16612 0)
(1.8594 -0.192284 0)
(1.85838 -0.219484 0)
(1.85482 -0.247263 0)
(1.84718 -0.274959 0)
(1.8333 -0.30164 0)
(1.81037 -0.32607 0)
(1.77516 -0.346734 0)
(1.72446 -0.361959 0)
(1.65563 -0.370121 0)
(1.56724 -0.369905 0)
(1.45965 -0.360484 0)
(1.33529 -0.341586 0)
(1.19887 -0.313398 0)
(1.05686 -0.276068 0)
(0.915702 -0.229009 0)
(0.778322 -0.169747 0)
(0.641736 -0.090823 0)
(0.484992 0.0148955 0)
(0.294438 0.112425 0)
(0.155318 0.0610787 0)
(0.0923032 -0.181213 0)
(0.00568742 -0.465952 0)
(-0.0845148 -0.66472 0)
(-0.144519 -0.730502 0)
(-0.181049 -0.688978 0)
(-0.213171 -0.597238 0)
(-0.249074 -0.493942 0)
(-0.285441 -0.3923 0)
(-0.317333 -0.294755 0)
(-0.342147 -0.202438 0)
(-0.358729 -0.11649 0)
(-0.36796 -0.0365286 0)
(-0.368412 0.0393625 0)
(-0.360223 0.11276 0)
(-0.340537 0.184343 0)
(-0.307764 0.25318 0)
(-0.260418 0.316978 0)
(-0.198624 0.370892 0)
(-0.12495 0.411594 0)
(-0.0430057 0.436377 0)
(0.0427958 0.444116 0)
(0.128458 0.43689 0)
(0.211147 0.417508 0)
(0.288881 0.389288 0)
(0.360475 0.355465 0)
(0.425466 0.318822 0)
(0.48388 0.281532 0)
(0.536054 0.245176 0)
(0.582481 0.210794 0)
(0.623722 0.178988 0)
(0.660343 0.150039 0)
(0.692879 0.124007 0)
(0.721807 0.100808 0)
(0.747536 0.0802729 0)
(0.770404 0.0621893 0)
(0.790673 0.0463279 0)
(0.808539 0.0324581 0)
(0.824146 0.0203457 0)
(0.837617 0.00974164 0)
(0.849026 0.000433516 0)
(0.858296 -0.00772906 0)
(0.865356 -0.014893 0)
(0.870099 -0.0211976 0)
(0.872385 -0.0267713 0)
(0.872046 -0.0317318 0)
(0.868892 -0.0361845 0)
(0.862723 -0.0402202 0)
(0.853345 -0.0439071 0)
(0.840615 -0.0472889 0)
(0.824503 -0.0503974 0)
(0.805193 -0.053286 0)
(0.783173 -0.0560678 0)
(0.759257 -0.0589219 0)
(0.734486 -0.062029 0)
(0.709911 -0.0654389 0)
(0.686342 -0.0689334 0)
(0.664196 -0.0719759 0)
(0.643524 -0.0737898 0)
(0.624168 -0.0735257 0)
(0.60594 -0.070435 0)
(0.588747 -0.06398 0)
(0.572638 -0.0538599 0)
(0.557774 -0.0399959 0)
(0.544413 -0.0224832 0)
(0.532847 -0.00155963 0)
(0.523396 0.0223516 0)
(0.516399 0.0486775 0)
(0.512201 0.0766329 0)
(0.511197 0.105164 0)
(0.513978 0.132717 0)
(0.521348 0.156937 0)
(0.534074 0.174509 0)
(0.552281 0.181519 0)
(0.574647 0.174556 0)
(0.597908 0.152236 0)
(0.617042 0.116118 0)
(0.62609 0.0700641 0)
(0.619102 0.0181911 0)
(0.590574 -0.037581 0)
(0.537003 -0.0974223 0)
(0.457823 -0.162366 0)
(0.356842 -0.231316 0)
(0.242984 -0.29885 0)
(0.128567 -0.355952 0)
(0.0257171 -0.393258 0)
(-0.0588152 -0.406097 0)
(-0.128848 -0.400332 0)
(-0.1893 -0.382877 0)
(-0.244089 -0.358963 0)
(-0.295536 -0.331833 0)
(-0.344419 -0.303179 0)
(-0.390539 -0.273751 0)
(-0.433273 -0.243881 0)
(-0.471926 -0.21376 0)
(-0.505892 -0.183557 0)
(-0.534701 -0.153446 0)
(-0.558019 -0.123602 0)
(-0.575629 -0.0942059 0)
(-0.587389 -0.0654364 0)
(-0.593295 -0.0374979 0)
(-0.59341 -0.0105533 0)
(-0.587823 0.0153259 0)
(-0.576697 0.0399929 0)
(-0.560217 0.0633116 0)
(-0.538644 0.0851477 0)
(-0.512284 0.105373 0)
(-0.481489 0.123869 0)
(-0.446646 0.140533 0)
(-0.408182 0.155275 0)
(-0.366551 0.16803 0)
(-0.322227 0.178758 0)
(-0.275694 0.187447 0)
(-0.227435 0.194111 0)
(-0.177924 0.198794 0)
(-0.127617 0.201563 0)
(-0.076926 0.202503 0)
(-0.026254 0.201672 0)
(0.0239977 0.199061 0)
(0.073616 0.19483 0)
(0.122134 0.189015 0)
(0.169974 0.181967 0)
(0.215158 0.172321 0)
(1.72411 -0.0295549 0)
(1.72278 -0.0297119 0)
(1.72129 -0.0296117 0)
(1.71955 -0.0293595 0)
(1.71767 -0.0289307 0)
(1.71574 -0.0282257 0)
(1.71381 -0.0271643 0)
(1.71198 -0.0257032 0)
(1.71033 -0.0238207 0)
(1.70897 -0.0215111 0)
(1.70802 -0.0187895 0)
(1.70757 -0.0156942 0)
(1.70775 -0.0122866 0)
(1.70865 -0.00864747 0)
(1.71036 -0.00488088 0)
(1.71294 -0.00110897 0)
(1.71648 0.00257026 0)
(1.72101 0.00602543 0)
(1.72648 0.00909978 0)
(1.73286 0.0116371 0)
(1.74007 0.0134825 0)
(1.748 0.0144814 0)
(1.75652 0.0144816 0)
(1.7655 0.0133519 0)
(1.77474 0.010995 0)
(1.78404 0.00731936 0)
(1.79324 0.00222552 0)
(1.80219 -0.004385 0)
(1.81071 -0.0126017 0)
(1.81864 -0.022509 0)
(1.82582 -0.0341851 0)
(1.83211 -0.0476948 0)
(1.83738 -0.0630796 0)
(1.84145 -0.080346 0)
(1.84409 -0.0994509 0)
(1.84499 -0.120283 0)
(1.84368 -0.142641 0)
(1.83946 -0.166207 0)
(1.83134 -0.190516 0)
(1.81793 -0.214918 0)
(1.79739 -0.238549 0)
(1.76748 -0.260314 0)
(1.72566 -0.278928 0)
(1.6694 -0.293004 0)
(1.59664 -0.30122 0)
(1.50626 -0.302516 0)
(1.39851 -0.296308 0)
(1.27528 -0.28264 0)
(1.14022 -0.262224 0)
(0.998753 -0.236381 0)
(0.858185 -0.206696 0)
(0.726499 -0.173625 0)
(0.609607 -0.133891 0)
(0.507514 -0.0779496 0)
(0.407219 0.00957736 0)
(0.291496 0.125975 0)
(0.177699 0.197815 0)
(0.132806 0.106765 0)
(0.0882245 -0.124026 0)
(-0.0392894 -0.386378 0)
(-0.196578 -0.590197 0)
(-0.318312 -0.67856 0)
(-0.392721 -0.655229 0)
(-0.440959 -0.569386 0)
(-0.483867 -0.465774 0)
(-0.526959 -0.365097 0)
(-0.566234 -0.271803 0)
(-0.597257 -0.185736 0)
(-0.617452 -0.106458 0)
(-0.626824 -0.0332857 0)
(-0.624127 0.0352678 0)
(-0.609636 0.100244 0)
(-0.581056 0.16212 0)
(-0.537347 0.220172 0)
(-0.478017 0.272613 0)
(-0.404018 0.3162 0)
(-0.318019 0.348581 0)
(-0.223469 0.368281 0)
(-0.124605 0.37497 0)
(-0.0257483 0.369412 0)
(0.0695855 0.353034 0)
(0.159618 0.329176 0)
(0.242881 0.300424 0)
(0.318672 0.269054 0)
(0.386848 0.236938 0)
(0.447639 0.205472 0)
(0.501474 0.17559 0)
(0.548897 0.147854 0)
(0.590496 0.122548 0)
(0.626849 0.0997592 0)
(0.65849 0.07945 0)
(0.685887 0.0615054 0)
(0.709433 0.0457711 0)
(0.729444 0.0320739 0)
(0.746178 0.0202221 0)
(0.759837 0.0100135 0)
(0.770562 0.00124491 0)
(0.778351 -0.00620179 0)
(0.783244 -0.0124583 0)
(0.785264 -0.0176561 0)
(0.784421 -0.0219189 0)
(0.780709 -0.0253618 0)
(0.774117 -0.0280936 0)
(0.764626 -0.0302191 0)
(0.752234 -0.0318424 0)
(0.736987 -0.0330745 0)
(0.719038 -0.0340529 0)
(0.698719 -0.0349732 0)
(0.676587 -0.036113 0)
(0.653405 -0.0378109 0)
(0.630015 -0.040372 0)
(0.607128 -0.043918 0)
(0.585152 -0.0482533 0)
(0.56414 -0.0528323 0)
(0.543914 -0.0568577 0)
(0.524256 -0.059447 0)
(0.505086 -0.0597957 0)
(0.486538 -0.0572926 0)
(0.468937 -0.0515358 0)
(0.452745 -0.0423191 0)
(0.438476 -0.0296606 0)
(0.426683 -0.0136782 0)
(0.417978 0.00537395 0)
(0.412887 0.0270386 0)
(0.411961 0.0507499 0)
(0.415726 0.0757114 0)
(0.424736 0.100794 0)
(0.43958 0.124366 0)
(0.460781 0.144133 0)
(0.488482 0.157192 0)
(0.521921 0.160514 0)
(0.558911 0.151948 0)
(0.595682 0.13133 0)
(0.627306 0.100933 0)
(0.648557 0.0647479 0)
(0.654555 0.0266292 0)
(0.640659 -0.0119858 0)
(0.602767 -0.0524924 0)
(0.538043 -0.0980796 0)
(0.446342 -0.150947 0)
(0.331987 -0.20941 0)
(0.204761 -0.266865 0)
(0.0780869 -0.31368 0)
(-0.0334019 -0.340152 0)
(-0.125647 -0.346028 0)
(-0.202343 -0.33668 0)
(-0.267647 -0.317794 0)
(-0.325323 -0.293749 0)
(-0.377837 -0.267396 0)
(-0.426305 -0.24027 0)
(-0.470901 -0.213094 0)
(-0.51129 -0.186163 0)
(-0.546957 -0.159597 0)
(-0.577408 -0.133465 0)
(-0.602251 -0.107833 0)
(-0.621225 -0.0827893 0)
(-0.634182 -0.0584274 0)
(-0.641082 -0.0348797 0)
(-0.642005 -0.0122672 0)
(-0.637039 0.00936869 0)
(-0.626378 0.029938 0)
(-0.61023 0.0493419 0)
(-0.588873 0.0674782 0)
(-0.562628 0.0842508 0)
(-0.531857 0.0995722 0)
(-0.49696 0.113364 0)
(-0.45837 0.125562 0)
(-0.416541 0.136116 0)
(-0.371949 0.144998 0)
(-0.325077 0.152197 0)
(-0.276405 0.157721 0)
(-0.226407 0.161601 0)
(-0.175536 0.163892 0)
(-0.124223 0.164645 0)
(-0.072848 0.16393 0)
(-0.0218126 0.161789 0)
(0.0286078 0.158155 0)
(0.077964 0.153115 0)
(0.12663 0.146995 0)
(0.172613 0.138282 0)
(1.73974 -0.0281718 0)
(1.73931 -0.0284638 0)
(1.7385 -0.0282346 0)
(1.73725 -0.0277451 0)
(1.73576 -0.0270878 0)
(1.73415 -0.0262254 0)
(1.73246 -0.0251016 0)
(1.73074 -0.0236737 0)
(1.72909 -0.021913 0)
(1.7276 -0.0198093 0)
(1.72639 -0.0173746 0)
(1.72557 -0.0146436 0)
(1.72526 -0.0116714 0)
(1.72557 -0.00852829 0)
(1.72658 -0.00530208 0)
(1.72839 -0.00210144 0)
(1.73101 0.000960786 0)
(1.73451 0.00374541 0)
(1.73887 0.00613622 0)
(1.74404 0.00802081 0)
(1.74995 0.00926683 0)
(1.75646 0.00974198 0)
(1.76346 0.0093298 0)
(1.77078 0.00792501 0)
(1.77824 0.00540089 0)
(1.78573 0.00164565 0)
(1.79301 -0.00343497 0)
(1.79976 -0.00991529 0)
(1.80567 -0.0178574 0)
(1.81042 -0.0273205 0)
(1.81362 -0.0383565 0)
(1.81488 -0.050996 0)
(1.81375 -0.0652392 0)
(1.80973 -0.08104 0)
(1.80225 -0.0982841 0)
(1.79063 -0.116761 0)
(1.774 -0.136128 0)
(1.75128 -0.155873 0)
(1.72108 -0.175279 0)
(1.68176 -0.193418 0)
(1.63145 -0.20918 0)
(1.56835 -0.221374 0)
(1.49101 -0.228863 0)
(1.39876 -0.230745 0)
(1.29204 -0.226505 0)
(1.17259 -0.216125 0)
(1.04344 -0.200147 0)
(0.908743 -0.179724 0)
(0.773636 -0.156707 0)
(0.644228 -0.133622 0)
(0.527417 -0.112707 0)
(0.42894 -0.0928002 0)
(0.350232 -0.0646528 0)
(0.286775 -0.0114713 0)
(0.228628 0.0793997 0)
(0.174053 0.184862 0)
(0.158681 0.222846 0)
(0.191575 0.132161 0)
(0.177479 -0.0459323 0)
(0.0408617 -0.260863 0)
(-0.183915 -0.458123 0)
(-0.395507 -0.575273 0)
(-0.544595 -0.588571 0)
(-0.636227 -0.526497 0)
(-0.697149 -0.43152 0)
(-0.747519 -0.333467 0)
(-0.79249 -0.244186 0)
(-0.829186 -0.165261 0)
(-0.853389 -0.0950382 0)
(-0.863182 -0.0317344 0)
(-0.857436 0.0261382 0)
(-0.836445 0.0802524 0)
(-0.798981 0.130784 0)
(-0.744909 0.177214 0)
(-0.674701 0.218268 0)
(-0.589974 0.25204 0)
(-0.49359 0.276859 0)
(-0.389172 0.291677 0)
(-0.280784 0.296402 0)
(-0.172057 0.292181 0)
(-0.0665664 0.279984 0)
(0.032795 0.261093 0)
(0.124785 0.237906 0)
(0.208718 0.212447 0)
(0.284211 0.18624 0)
(0.351326 0.160478 0)
(0.41037 0.135951 0)
(0.461822 0.113159 0)
(0.506246 0.0923651 0)
(0.544232 0.0736699 0)
(0.576352 0.0570725 0)
(0.60313 0.0425081 0)
(0.625031 0.0298736 0)
(0.642459 0.0190372 0)
(0.655767 0.00984778 0)
(0.665206 0.00219145 0)
(0.670955 -0.0040739 0)
(0.673282 -0.00908866 0)
(0.672456 -0.0129911 0)
(0.668726 -0.0159177 0)
(0.662332 -0.0179899 0)
(0.653494 -0.019317 0)
(0.642412 -0.0200031 0)
(0.629286 -0.020159 0)
(0.614334 -0.0199222 0)
(0.597833 -0.0194822 0)
(0.580152 -0.0191037 0)
(0.561746 -0.0191272 0)
(0.543094 -0.0199248 0)
(0.524577 -0.0218054 0)
(0.506357 -0.0248944 0)
(0.488335 -0.0290446 0)
(0.470213 -0.0338204 0)
(0.451674 -0.0385746 0)
(0.432541 -0.0425708 0)
(0.41289 -0.0450902 0)
(0.393084 -0.0455388 0)
(0.37369 -0.043473 0)
(0.355463 -0.0385787 0)
(0.33921 -0.03075 0)
(0.325702 -0.0199894 0)
(0.315874 -0.00642247 0)
(0.310541 0.009645 0)
(0.310312 0.0277971 0)
(0.315901 0.0474976 0)
(0.327936 0.0679741 0)
(0.346965 0.088127 0)
(0.373379 0.10643 0)
(0.407239 0.12088 0)
(0.447973 0.129165 0)
(0.493996 0.12916 0)
(0.54245 0.11975 0)
(0.589322 0.101585 0)
(0.630016 0.0772447 0)
(0.660159 0.0504646 0)
(0.676183 0.0246466 0)
(0.675243 0.00128791 0)
(0.654296 -0.0212568 0)
(0.610201 -0.0468631 0)
(0.540097 -0.0796259 0)
(0.442877 -0.121176 0)
(0.321743 -0.168795 0)
(0.185664 -0.215482 0)
(0.0486402 -0.252403 0)
(-0.0734864 -0.271643 0)
(-0.177102 -0.274938 0)
(-0.263972 -0.266077 0)
(-0.337047 -0.249307 0)
(-0.399566 -0.228143 0)
(-0.454078 -0.204957 0)
(-0.502226 -0.181213 0)
(-0.544801 -0.157703 0)
(-0.582005 -0.13479 0)
(-0.61372 -0.112607 0)
(-0.639711 -0.0911897 0)
(-0.659753 -0.0705481 0)
(-0.673696 -0.0506907 0)
(-0.681474 -0.0316597 0)
(-0.683172 -0.0135149 0)
(-0.678856 0.00373959 0)
(-0.668701 0.0200933 0)
(-0.652943 0.0354868 0)
(-0.631875 0.0498436 0)
(-0.605828 0.063097 0)
(-0.575171 0.0751889 0)
(-0.540312 0.0860662 0)
(-0.501688 0.095683 0)
(-0.459758 0.104005 0)
(-0.414993 0.111009 0)
(-0.367877 0.116685 0)
(-0.318887 0.121036 0)
(-0.268493 0.124082 0)
(-0.217154 0.125856 0)
(-0.165299 0.126395 0)
(-0.113317 0.12574 0)
(-0.0616199 0.123937 0)
(-0.0104894 0.120943 0)
(0.039588 0.116692 0)
(0.0889588 0.111504 0)
(0.135558 0.103871 0)
(1.75573 -0.0285463 0)
(1.7521 -0.0289186 0)
(1.74758 -0.0289963 0)
(1.74208 -0.0287126 0)
(1.73597 -0.0280618 0)
(1.72952 -0.0270916 0)
(1.72289 -0.0258442 0)
(1.71622 -0.024329 0)
(1.70968 -0.0225455 0)
(1.70345 -0.0205047 0)
(1.6977 -0.0182339 0)
(1.69261 -0.0157741 0)
(1.68833 -0.0131832 0)
(1.685 -0.0105214 0)
(1.68273 -0.00783902 0)
(1.68161 -0.0051935 0)
(1.68165 -0.00268335 0)
(1.68271 -0.000408303 0)
(1.68474 0.00153881 0)
(1.68761 0.00305838 0)
(1.69116 0.00403309 0)
(1.69522 0.00431542 0)
(1.69957 0.0037862 0)
(1.70396 0.0024218 0)
(1.70805 0.000185006 0)
(1.71135 -0.00299321 0)
(1.71345 -0.00719765 0)
(1.71392 -0.0125052 0)
(1.71234 -0.0189895 0)
(1.70827 -0.0267164 0)
(1.70127 -0.0357349 0)
(1.69086 -0.0460639 0)
(1.67651 -0.0576742 0)
(1.65761 -0.0704621 0)
(1.63341 -0.0842164 0)
(1.60299 -0.0985824 0)
(1.56522 -0.113031 0)
(1.51883 -0.126842 0)
(1.46248 -0.13913 0)
(1.39498 -0.148909 0)
(1.31555 -0.155212 0)
(1.22409 -0.157253 0)
(1.12146 -0.154568 0)
(1.00954 -0.147134 0)
(0.891254 -0.13539 0)
(0.770332 -0.120179 0)
(0.650977 -0.10267 0)
(0.537433 -0.0844252 0)
(0.433739 -0.0677298 0)
(0.343759 -0.0554552 0)
(0.270146 -0.048493 0)
(0.211989 -0.0413071 0)
(0.165916 -0.0201107 0)
(0.134359 0.0299956 0)
(0.12164 0.107303 0)
(0.139686 0.181482 0)
(0.205806 0.195187 0)
(0.290391 0.128183 0)
(0.318494 0.0164794 0)
(0.227523 -0.117118 0)
(-0.00393554 -0.272184 0)
(-0.298851 -0.401345 0)
(-0.557184 -0.457081 0)
(-0.742577 -0.439219 0)
(-0.861731 -0.37467 0)
(-0.938072 -0.293296 0)
(-0.990826 -0.213816 0)
(-1.02886 -0.143657 0)
(-1.0532 -0.0834008 0)
(-1.06233 -0.0313769 0)
(-1.05436 0.0142672 0)
(-1.02831 0.055928 0)
(-0.984069 0.0939644 0)
(-0.922248 0.128149 0)
(-0.844056 0.157825 0)
(-0.751628 0.181907 0)
(-0.648001 0.199388 0)
(-0.536845 0.209669 0)
(-0.422101 0.212714 0)
(-0.307566 0.209171 0)
(-0.196281 0.200177 0)
(-0.0907582 0.186748 0)
(0.00669792 0.169944 0)
(0.0950206 0.150856 0)
(0.174508 0.13117 0)
(0.244786 0.111928 0)
(0.305951 0.0936367 0)
(0.358376 0.0767151 0)
(0.402582 0.0613576 0)
(0.439192 0.047652 0)
(0.468859 0.0356179 0)
(0.492223 0.0252219 0)
(0.509897 0.016404 0)
(0.522466 0.0091013 0)
(0.530508 0.0032217 0)
(0.534462 -0.00140198 0)
(0.534845 -0.00491491 0)
(0.532239 -0.00747743 0)
(0.527137 -0.00922988 0)
(0.519981 -0.010283 0)
(0.511175 -0.0107321 0)
(0.50109 -0.0106681 0)
(0.490069 -0.0101903 0)
(0.478436 -0.00942505 0)
(0.46649 -0.00854419 0)
(0.454498 -0.00777181 0)
(0.442651 -0.00737204 0)
(0.431012 -0.00761157 0)
(0.41946 -0.00870361 0)
(0.407679 -0.0107493 0)
(0.395196 -0.0136958 0)
(0.381506 -0.0173232 0)
(0.366219 -0.0212657 0)
(0.349206 -0.0250663 0)
(0.330636 -0.0282141 0)
(0.310992 -0.0302127 0)
(0.29101 -0.0306624 0)
(0.271546 -0.029205 0)
(0.253609 -0.0256459 0)
(0.238198 -0.0199164 0)
(0.226343 -0.0118538 0)
(0.219227 -0.00159293 0)
(0.217738 0.0104617 0)
(0.222637 0.0239632 0)
(0.234714 0.0384603 0)
(0.254587 0.053287 0)
(0.282652 0.0675063 0)
(0.318952 0.0798621 0)
(0.362983 0.0888023 0)
(0.413429 0.0926826 0)
(0.46793 0.0902134 0)
(0.52304 0.0810669 0)
(0.574571 0.066343 0)
(0.618326 0.0485313 0)
(0.65096 0.0308153 0)
(0.670584 0.0158985 0)
(0.676623 0.0047454 0)
(0.668723 -0.00409277 0)
(0.6455 -0.0138254 0)
(0.603962 -0.0283319 0)
(0.539742 -0.050432 0)
(0.449366 -0.0803993 0)
(0.333264 -0.115262 0)
(0.198106 -0.149377 0)
(0.0564923 -0.176295 0)
(-0.0762686 -0.190747 0)
(-0.193861 -0.194125 0)
(-0.294994 -0.188759 0)
(-0.380632 -0.177273 0)
(-0.452583 -0.161969 0)
(-0.512962 -0.144666 0)
(-0.563603 -0.126627 0)
(-0.60588 -0.108627 0)
(-0.640712 -0.091093 0)
(-0.668659 -0.0742295 0)
(-0.690029 -0.0581212 0)
(-0.704991 -0.0427943 0)
(-0.713636 -0.028251 0)
(-0.716108 -0.0145029 0)
(-0.712506 -0.00154834 0)
(-0.702965 0.0106676 0)
(-0.687679 0.0221012 0)
(-0.666967 0.0327045 0)
(-0.641173 0.0424453 0)
(-0.610679 0.0512971 0)
(-0.575903 0.0592311 0)
(-0.537288 0.0662202 0)
(-0.495298 0.0722416 0)
(-0.450409 0.0772794 0)
(-0.403103 0.0813254 0)
(-0.35386 0.0843805 0)
(-0.303157 0.0864561 0)
(-0.251459 0.0875713 0)
(-0.199209 0.0877497 0)
(-0.146828 0.0870209 0)
(-0.0947345 0.085402 0)
(-0.0432396 0.0829301 0)
(0.00703831 0.0795058 0)
(0.0564964 0.0753084 0)
(0.102371 0.0691528 0)
(1.62032 -0.0208609 0)
(1.60123 -0.0183513 0)
(1.58236 -0.0170451 0)
(1.56359 -0.0162982 0)
(1.54511 -0.015583 0)
(1.5271 -0.0147614 0)
(1.5097 -0.0138236 0)
(1.49306 -0.0127504 0)
(1.47732 -0.011522 0)
(1.46262 -0.0101413 0)
(1.44907 -0.00863221 0)
(1.4368 -0.00703169 0)
(1.42592 -0.00538517 0)
(1.4165 -0.00376773 0)
(1.40874 -0.0022497 0)
(1.40281 -0.000842339 0)
(1.39864 0.00045754 0)
(1.39613 0.00162346 0)
(1.39508 0.00258681 0)
(1.39524 0.00327151 0)
(1.3963 0.00361293 0)
(1.39786 0.00353395 0)
(1.39938 0.0028866 0)
(1.40063 0.00148479 0)
(1.40199 -0.000665551 0)
(1.40309 -0.00349213 0)
(1.40335 -0.00698195 0)
(1.40218 -0.0111716 0)
(1.3989 -0.0161006 0)
(1.39271 -0.0217913 0)
(1.38276 -0.028242 0)
(1.36807 -0.0354113 0)
(1.34756 -0.0431983 0)
(1.32011 -0.0514205 0)
(1.28459 -0.0597911 0)
(1.23993 -0.0679047 0)
(1.1853 -0.075238 0)
(1.12025 -0.0811793 0)
(1.0449 -0.0850937 0)
(0.96008 -0.0864183 0)
(0.867413 -0.0847718 0)
(0.769297 -0.0800515 0)
(0.668749 -0.0724883 0)
(0.569148 -0.0626449 0)
(0.473925 -0.0513611 0)
(0.386333 -0.0396729 0)
(0.30926 -0.0287861 0)
(0.244805 -0.0201401 0)
(0.19344 -0.0151923 0)
(0.153036 -0.0143596 0)
(0.119365 -0.0154435 0)
(0.0897937 -0.0128163 0)
(0.068429 0.00204014 0)
(0.0654768 0.0358665 0)
(0.0932878 0.0831896 0)
(0.164095 0.121221 0)
(0.271266 0.118816 0)
(0.375626 0.0751199 0)
(0.430406 0.0228816 0)
(0.404125 -0.0234821 0)
(0.268378 -0.0896793 0)
(0.0061333 -0.187934 0)
(-0.315878 -0.262291 0)
(-0.612504 -0.284881 0)
(-0.846447 -0.262931 0)
(-1.01221 -0.2172 0)
(-1.1192 -0.16449 0)
(-1.18151 -0.113973 0)
(-1.21174 -0.0690987 0)
(-1.2193 -0.030655 0)
(-1.20932 0.00163727 0)
(-1.18292 0.0291466 0)
(-1.13624 0.0530514 0)
(-1.0709 0.0740854 0)
(-0.988763 0.0921232 0)
(-0.892431 0.106653 0)
(-0.785159 0.117135 0)
(-0.670666 0.123222 0)
(-0.55285 0.124903 0)
(-0.435419 0.122576 0)
(-0.321528 0.116871 0)
(-0.21366 0.108567 0)
(-0.113966 0.0985035 0)
(-0.0241162 0.0868805 0)
(0.0551622 0.0744535 0)
(0.124336 0.0624031 0)
(0.183412 0.0511092 0)
(0.232743 0.0409552 0)
(0.272905 0.0319374 0)
(0.304725 0.0240692 0)
(0.329098 0.0173468 0)
(0.346933 0.0117298 0)
(0.359135 0.00715126 0)
(0.366617 0.00353123 0)
(0.370301 0.000770037 0)
(0.370958 -0.0012982 0)
(0.369153 -0.00269539 0)
(0.365422 -0.00355699 0)
(0.360277 -0.00400697 0)
(0.354186 -0.00412587 0)
(0.347564 -0.0039823 0)
(0.340775 -0.00364197 0)
(0.334125 -0.00317318 0)
(0.327847 -0.00265487 0)
(0.322077 -0.00218179 0)
(0.316831 -0.0018638 0)
(0.31197 -0.00181663 0)
(0.307186 -0.00214785 0)
(0.302017 -0.00293747 0)
(0.295889 -0.00421518 0)
(0.288206 -0.00594697 0)
(0.278455 -0.00803324 0)
(0.266326 -0.0103143 0)
(0.251811 -0.0125605 0)
(0.235208 -0.0144758 0)
(0.217168 -0.0157831 0)
(0.198628 -0.0161965 0)
(0.180642 -0.0154512 0)
(0.164467 -0.0134424 0)
(0.151336 -0.0100171 0)
(0.142344 -0.00515761 0)
(0.138497 0.000952434 0)
(0.140762 0.00809712 0)
(0.150118 0.01605 0)
(0.16733 0.0244611 0)
(0.19285 0.0328471 0)
(0.226747 0.0405569 0)
(0.268541 0.0467581 0)
(0.316993 0.0504962 0)
(0.369911 0.0508783 0)
(0.424103 0.0473957 0)
(0.475635 0.0402808 0)
(0.520531 0.0306841 0)
(0.555747 0.0204549 0)
(0.580035 0.0115473 0)
(0.594129 0.00530175 0)
(0.600091 0.00187125 0)
(0.60009 0.000176273 0)
(0.59494 -0.00137254 0)
(0.582692 -0.00461433 0)
(0.558522 -0.0112061 0)
(0.516198 -0.022226 0)
(0.450292 -0.038097 0)
(0.358402 -0.0577247 0)
(0.24358 -0.0781198 0)
(0.114485 -0.0954137 0)
(-0.0171161 -0.106226 0)
(-0.141455 -0.110095 0)
(-0.254472 -0.108475 0)
(-0.354244 -0.102841 0)
(-0.440288 -0.0945695 0)
(-0.512925 -0.0847697 0)
(-0.572952 -0.0742092 0)
(-0.621392 -0.0633945 0)
(-0.659321 -0.0526427 0)
(-0.687784 -0.0421473 0)
(-0.707745 -0.0320345 0)
(-0.720059 -0.0223952 0)
(-0.725495 -0.0133162 0)
(-0.724635 -0.0048693 0)
(-0.718066 0.00287822 0)
(-0.705537 0.00993476 0)
(-0.687168 0.0163878 0)
(-0.663368 0.0222779 0)
(-0.63458 0.0276047 0)
(-0.601277 0.0323561 0)
(-0.563945 0.036517 0)
(-0.523087 0.040074 0)
(-0.479213 0.0430156 0)
(-0.432842 0.0453355 0)
(-0.384495 0.0470332 0)
(-0.334693 0.0481133 0)
(-0.283952 0.0485815 0)
(-0.23278 0.0484454 0)
(-0.181679 0.0477366 0)
(-0.131147 0.0464958 0)
(-0.0816687 0.0447264 0)
(-0.0340853 0.0423744 0)
(0.012346 0.0396247 0)
(0.0524048 0.0360408 0)
(1.11142 -0.0105324 0)
(1.0957 -0.00855342 0)
(1.08074 -0.00615312 0)
(1.06714 -0.00445461 0)
(1.05469 -0.00322315 0)
(1.04312 -0.00227683 0)
(1.03242 -0.00152056 0)
(1.0227 -0.000876642 0)
(1.01409 -0.000286459 0)
(1.00671 0.000281257 0)
(1.00067 0.000834882 0)
(0.996038 0.00137083 0)
(0.992859 0.00187574 0)
(0.991132 0.00228667 0)
(0.99062 0.0025432 0)
(0.991121 0.00267788 0)
(0.992586 0.00274158 0)
(0.994916 0.00275243 0)
(0.997976 0.00269989 0)
(1.00158 0.00257509 0)
(1.00548 0.00238675 0)
(1.00941 0.00213158 0)
(1.01301 0.00166781 0)
(1.01553 0.000724959 0)
(1.01563 -0.000704751 0)
(1.01272 -0.00249283 0)
(1.00621 -0.0045445 0)
(0.995474 -0.00681818 0)
(0.979919 -0.00928221 0)
(0.958951 -0.0118924 0)
(0.932011 -0.0145862 0)
(0.898619 -0.0172745 0)
(0.858427 -0.0198357 0)
(0.811288 -0.022113 0)
(0.757335 -0.0239197 0)
(0.697065 -0.0250529 0)
(0.63141 -0.0253189 0)
(0.561779 -0.0245717 0)
(0.490047 -0.02276 0)
(0.418478 -0.0199629 0)
(0.349558 -0.0164035 0)
(0.285764 -0.0124233 0)
(0.229293 -0.00841916 0)
(0.181764 -0.00477207 0)
(0.143965 -0.00180323 0)
(0.115723 0.000248475 0)
(0.0959262 0.00126241 0)
(0.0825675 0.00125133 0)
(0.0727825 0.000329408 0)
(0.063186 -0.00133304 0)
(0.0513154 -0.00317279 0)
(0.0384373 -0.0036443 0)
(0.0317361 1.80754e-05 0)
(0.0441225 0.00942199 0)
(0.0897115 0.0235325 0)
(0.173092 0.0327237 0)
(0.274037 0.0264855 0)
(0.353381 0.00910125 0)
(0.385737 -0.00295452 0)
(0.381115 -0.00280386 0)
(0.351672 -0.00243937 0)
(0.275618 -0.0187242 0)
(0.115739 -0.0581996 0)
(-0.123157 -0.0940899 0)
(-0.380473 -0.105183 0)
(-0.619094 -0.0978864 0)
(-0.819103 -0.0812445 0)
(-0.972744 -0.061689 0)
(-1.07984 -0.042802 0)
(-1.14362 -0.0263253 0)
(-1.16916 -0.0129325 0)
(-1.16261 -0.00241458 0)
(-1.13218 0.00618351 0)
(-1.08043 0.0137084 0)
(-1.01029 0.0202387 0)
(-0.924854 0.0256224 0)
(-0.827684 0.0296699 0)
(-0.722698 0.0322475 0)
(-0.613955 0.033332 0)
(-0.50532 0.0330296 0)
(-0.400156 0.0315488 0)
(-0.301171 0.029115 0)
(-0.210393 0.0259904 0)
(-0.128967 0.0226269 0)
(-0.0576436 0.0188717 0)
(0.00263022 0.0151368 0)
(0.052251 0.0118134 0)
(0.0926881 0.0091399 0)
(0.124558 0.00692881 0)
(0.148989 0.00511132 0)
(0.167068 0.00363905 0)
(0.179814 0.00245765 0)
(0.188161 0.00150861 0)
(0.19293 0.000745961 0)
(0.194841 0.000160731 0)
(0.194639 -0.00023875 0)
(0.193075 -0.000446607 0)
(0.190604 -0.00053925 0)
(0.187616 -0.000563481 0)
(0.184418 -0.000539324 0)
(0.181244 -0.000478595 0)
(0.178278 -0.000388544 0)
(0.175657 -0.000274899 0)
(0.173467 -0.000145606 0)
(0.171725 -1.51275e-05 0)
(0.170367 9.39817e-05 0)
(0.169233 0.000153298 0)
(0.168063 0.000132798 0)
(0.166511 3.41215e-06 0)
(0.164173 -0.00025989 0)
(0.160635 -0.000673636 0)
(0.15552 -0.00123892 0)
(0.148538 -0.0019367 0)
(0.139541 -0.00272011 0)
(0.128566 -0.00352948 0)
(0.115922 -0.00428032 0)
(0.102166 -0.00485209 0)
(0.0881007 -0.00515705 0)
(0.0748311 -0.00508787 0)
(0.0635994 -0.00457013 0)
(0.0556724 -0.00363422 0)
(0.0522677 -0.00229014 0)
(0.0544913 -0.00056232 0)
(0.0632769 0.00146093 0)
(0.0792663 0.00363889 0)
(0.102697 0.00580113 0)
(0.133281 0.00773352 0)
(0.170054 0.00918546 0)
(0.211236 0.0099065 0)
(0.254214 0.00972098 0)
(0.295759 0.00862164 0)
(0.332556 0.00682739 0)
(0.361981 0.00474908 0)
(0.382818 0.0028596 0)
(0.395576 0.00154115 0)
(0.402169 0.000967375 0)
(0.405113 0.0010875 0)
(0.406582 0.00173623 0)
(0.407484 0.00272138 0)
(0.407369 0.00370448 0)
(0.404758 0.00414909 0)
(0.397278 0.00350194 0)
(0.381592 0.00102928 0)
(0.354139 -0.00373964 0)
(0.312003 -0.0105383 0)
(0.253949 -0.0181096 0)
(0.180924 -0.0249206 0)
(0.0965427 -0.0300447 0)
(0.00604634 -0.0330507 0)
(-0.0853475 -0.034126 0)
(-0.173836 -0.0337531 0)
(-0.256825 -0.0322976 0)
(-0.332515 -0.0300622 0)
(-0.399798 -0.0272987 0)
(-0.458054 -0.0242036 0)
(-0.506997 -0.0209251 0)
(-0.54657 -0.0175806 0)
(-0.576889 -0.0142755 0)
(-0.598196 -0.011106 0)
(-0.610941 -0.00815729 0)
(-0.61555 -0.00554252 0)
(-0.613224 -0.00325726 0)
(-0.60472 -0.00118893 0)
(-0.590563 0.000714981 0)
(-0.571275 0.00246005 0)
(-0.547377 0.00404144 0)
(-0.519402 0.00545279 0)
(-0.487891 0.00668773 0)
(-0.4534 0.00774039 0)
(-0.416488 0.00860639 0)
(-0.37772 0.00928395 0)
(-0.337654 0.00977256 0)
(-0.29684 0.0100708 0)
(-0.255801 0.0101821 0)
(-0.215053 0.0101295 0)
(-0.175109 0.00992965 0)
(-0.136518 0.00953891 0)
(-0.0994822 0.00899643 0)
(-0.0633707 0.00875327 0)
(-0.0350407 0.00623171 0)
(0.178324 0.0169823 2.54e-18)
(0.105134 0.0218093 -2.14206e-18)
(-0.00616754 0.0167491 0)
(-0.122277 0.0070563 0)
(-0.221146 -0.00449532 1.10318e-18)
(-0.289913 -0.0147664 -5.87673e-19)
(-0.322551 -0.0223661 -5.63666e-19)
(-0.31808 -0.0252393 -8.99232e-19)
(-0.281964 -0.0249836 0)
(-0.219423 -0.0218335 -2.53457e-18)
(-0.137202 -0.0160864 3.61402e-18)
(-0.0426395 -0.00814733 9.20965e-18)
(0.0568111 0.00151784 0)
(0.154013 0.0118248 1.04922e-17)
(0.244786 0.0217547 0)
(0.327073 0.0309372 0)
(0.400519 0.0392318 0)
(0.465831 0.0466517 -8.6404e-21)
(0.52432 0.0533009 0)
(0.577557 0.0593388 0)
(0.627454 0.0648872 0)
(0.674927 0.0703329 -9.06665e-18)
(0.723923 0.074815 6.83438e-18)
(0.754114 0.0829654 8.29777e-18)
(0.82064 0.0393126 2.08748e-18)
(0.157223 0.0626392 0)
(0.0185515 0.0732756 5.0707e-20)
(-0.124479 0.0610774 -1.33155e-18)
(-0.236285 0.0376534 -1.60836e-18)
(-0.308901 0.0104993 8.67812e-19)
(-0.344056 -0.014404 9.54633e-20)
(-0.346216 -0.0346316 -4.88964e-19)
(-0.319888 -0.0481393 2.97757e-20)
(-0.264285 -0.0552576 0)
(-0.183297 -0.0559527 0)
(-0.0833494 -0.0506712 -3.5546e-18)
(0.0275368 -0.0400369 -8.77165e-18)
(0.140811 -0.0253092 0)
(0.250901 -0.00931284 -1.9564e-17)
(0.353047 0.00635379 9.6761e-18)
(0.444701 0.0207439 -9.28904e-18)
(0.525362 0.0333757 0)
(0.595883 0.0441615 1.5978e-17)
(0.657899 0.0532627 0)
(0.713364 0.0609776 -6.29166e-18)
(0.764557 0.0676227 5.34251e-18)
(0.812579 0.0736571 8.64743e-18)
(0.861738 0.0798352 -6.49612e-18)
(0.899151 0.0848578 8.07168e-21)
(0.958746 0.101309 -1.97363e-18)
(0.0988172 0.11584 0)
(-0.0324628 0.125174 3.56689e-18)
(-0.137854 0.10632 1.26701e-18)
(-0.208762 0.0723718 1.59376e-18)
(-0.252053 0.0348426 -8.86211e-19)
(-0.272196 0.00013655 1.28599e-19)
(-0.268506 -0.0294473 5.08819e-19)
(-0.238089 -0.052907 6.51318e-20)
(-0.181234 -0.0681922 0)
(-0.101367 -0.0745653 -2.47822e-18)
(-0.00401978 -0.0721706 0)
(0.104666 -0.0621652 0)
(0.21843 -0.0466533 0)
(0.331774 -0.0282718 9.29095e-18)
(0.440156 -0.009122 -9.33992e-18)
(0.540958 0.00935032 9.10562e-18)
(0.633208 0.0262551 0)
(0.716979 0.0411886 -1.90448e-20)
(0.792996 0.0540793 0)
(0.862387 0.0650882 1.29684e-17)
(0.926866 0.0744423 -5.57972e-18)
(0.987255 0.082827 -2.7445e-20)
(1.04847 0.090612 0)
(1.09834 0.100309 -4.30038e-18)
(1.17542 0.104269 0)
(0.0861714 0.16757 0)
(-0.00712907 0.171621 -9.27288e-20)
(-0.0738 0.143516 0)
(-0.121886 0.100198 6.17162e-19)
(-0.155897 0.0546332 0)
(-0.172908 0.0121056 3.93257e-19)
(-0.168101 -0.025534 0)
(-0.138677 -0.0569703 1.60022e-18)
(-0.0846985 -0.0796773 0)
(-0.00925965 -0.0915683 2.41183e-18)
(0.0825897 -0.0926481 0)
(0.184976 -0.0839633 0)
(0.29247 -0.0678465 0)
(0.400154 -0.0476229 8.74547e-18)
(0.504137 -0.0260265 0)
(0.602327 -0.00492963 0)
(0.694152 0.0145656 0)
(0.779923 0.03199 -2.98478e-20)
(0.860386 0.0472657 0)
(0.936448 0.0605579 -6.40568e-18)
(1.0094 0.0720402 0)
(1.07967 0.0824622 -9.09595e-18)
(1.15192 0.0918639 0)
(1.21471 0.103281 0)
(1.30934 0.109676 0)
(0.12611 0.209805 0)
(0.0684835 0.207624 -1.52177e-18)
(0.0240568 0.173028 0)
(-0.0151663 0.124612 -9.49079e-20)
(-0.0453411 0.0741562 0)
(-0.060214 0.0249422 0)
(-0.0555459 -0.0207682 2.17001e-19)
(-0.0290721 -0.0602292 -1.48057e-18)
(0.0202497 -0.0896843 0)
(0.0893619 -0.106654 -2.18559e-18)
(0.173386 -0.110954 2.88909e-18)
(0.267513 -0.103654 -3.46797e-18)
(0.36672 -0.0875046 0)
(0.46646 -0.0662036 -4.49461e-20)
(0.563247 -0.0429754 0)
(0.655261 -0.0201012 8.37108e-18)
(0.742114 0.00108537 0)
(0.824274 0.0200301 -7.64602e-18)
(0.90263 0.03665 0)
(0.978232 0.0511497 0)
(1.05254 0.0637109 -5.45239e-18)
(1.12611 0.0752002 0)
(1.20433 0.0854401 0)
(1.27392 0.097758 0)
(1.39047 0.108478 0)
(0.202509 0.240633 0)
(0.167981 0.234646 0)
(0.135864 0.19848 0)
(0.10196 0.148141 -9.5311e-19)
(0.0751229 0.093741 -1.43244e-19)
(0.0621049 0.0383288 -3.84111e-21)
(0.0659234 -0.0149375 -2.11607e-19)
(0.0884878 -0.061756 1.25241e-18)
(0.131344 -0.0973524 0)
(0.192089 -0.11946 2.03644e-18)
(0.266799 -0.126935 -2.70832e-18)
(0.351235 -0.121185 2.63651e-20)
(0.44085 -0.10525 0)
(0.531476 -0.0831569 -3.97952e-18)
(0.619962 -0.0585969 0)
(0.704675 -0.0342445 -8.09938e-18)
(0.785284 -0.0116652 0)
(0.862231 0.00848566 0)
(0.936353 0.0260935 -6.83609e-18)
(1.00863 0.0413651 0)
(1.08059 0.0544669 1.07525e-17)
(1.15272 0.0663117 4.44476e-18)
(1.2316 0.0767333 0)
(1.30023 0.0883767 -4.20721e-18)
(1.43008 0.102002 1.91798e-18)
(0.298529 0.262193 0)
(0.277843 0.256031 0)
(0.253703 0.220776 0)
(0.225003 0.17006 4.05612e-19)
(0.201435 0.112478 1.32539e-19)
(0.189779 0.0519304 -4.09157e-20)
(0.19227 -0.0078024 0)
(0.21025 -0.061348 -4.41122e-20)
(0.245546 -0.103005 0)
(0.296822 -0.129677 0)
(0.361108 -0.140306 0)
(0.434856 -0.136299 3.08436e-18)
(0.514022 -0.120862 0)
(0.59481 -0.0983276 -3.77461e-18)
(0.674382 -0.0728095 0)
(0.751283 -0.0473404 0)
(0.825217 -0.0236934 0)
(0.896549 -0.00261474 0)
(0.965989 0.015749 1.33871e-17)
(1.03437 0.0315929 0)
(1.10314 0.0450579 -5.29321e-18)
(1.17252 0.0569932 -4.39583e-18)
(1.25023 0.067463 3.35471e-18)
(1.31582 0.0779664 4.16857e-18)
(1.4493 0.0930195 -1.91692e-18)
(0.401562 0.276165 1.41625e-18)
(0.391813 0.273498 0)
(0.37413 0.24022 6.17107e-19)
(0.350419 0.189555 -2.90933e-19)
(0.32981 0.12958 0)
(0.318966 0.0648653 4.14791e-20)
(0.319834 -0.000209493 -1.39577e-20)
(0.332963 -0.0593573 -4.77515e-19)
(0.360208 -0.106271 0)
(0.401389 -0.137219 -1.73784e-18)
(0.454663 -0.151005 2.36556e-18)
(0.517224 -0.148915 0)
(0.585507 -0.134244 0)
(0.656074 -0.111597 0)
(0.726411 -0.0854747 0)
(0.795258 -0.0592315 0)
(0.862353 -0.0348206 0)
(0.927965 -0.0130669 0)
(0.992652 0.0058506 -6.56571e-18)
(1.05706 0.022103 0)
(1.12258 0.0358115 0)
(1.18907 0.0476832 -4.29305e-18)
(1.26502 0.0580936 -3.32102e-18)
(1.32826 0.0674874 0)
(1.46097 0.0833303 -1.91469e-18)
(0.503575 0.28338 -1.35054e-18)
(0.504421 0.286595 -9.14015e-19)
(0.494078 0.256845 -5.80664e-19)
(0.47541 0.20685 2.72752e-19)
(0.457467 0.145139 3.92165e-20)
(0.446966 0.0771232 0)
(0.445785 0.00781478 1.31732e-20)
(0.453782 -0.0558678 4.45686e-19)
(0.472765 -0.107246 1.02646e-18)
(0.503737 -0.142145 1.66005e-18)
(0.545997 -0.159062 -2.2687e-18)
(0.597385 -0.159034 0)
(0.654741 -0.145369 0)
(0.715005 -0.122922 -3.45465e-18)
(0.776032 -0.096546 -3.60482e-18)
(0.836793 -0.0698716 3.63952e-18)
(0.897066 -0.0450008 0)
(0.957016 -0.022821 6.83984e-18)
(1.01702 -0.00354383 0)
(1.07754 0.0129635 0)
(1.13986 0.026803 -5.07509e-18)
(1.20359 0.0385094 4.24796e-18)
(1.27755 0.048739 0)
(1.33905 0.0570854 0)
(1.46992 0.0734567 9.49203e-19)
(0.602876 0.286368 -1.20306e-18)
(0.61059 0.294517 8.72292e-19)
(0.608836 0.269827 0)
(0.596391 0.22183 0)
(0.581507 0.159333 -8.57801e-20)
(0.571179 0.0888772 0)
(0.567489 0.0163091 3.43401e-20)
(0.570063 -0.050955 -1.93987e-19)
(0.580908 -0.106095 -9.84384e-19)
(0.602152 -0.144631 1.60207e-18)
(0.63398 -0.164625 0)
(0.674647 -0.166745 2.67138e-18)
(0.721331 -0.154275 0)
(0.771426 -0.13231 3.36893e-18)
(0.823251 -0.106014 3.17506e-20)
(0.876059 -0.0792446 -3.14555e-20)
(0.929673 -0.0542118 0)
(0.98413 -0.0318474 -5.30404e-20)
(1.03962 -0.0123955 -6.25491e-18)
(1.09638 0.00422349 0)
(1.15562 0.0180825 5.02302e-18)
(1.21676 0.0295398 4.15043e-18)
(1.28869 0.039479 0)
(1.34872 0.0468225 0)
(1.47765 0.0635497 9.41999e-19)
(0.705953 0.291538 1.15276e-18)
(0.709752 0.298615 0)
(0.714034 0.278357 -4.87001e-19)
(0.708611 0.233618 0)
(0.697895 0.171729 4.63331e-20)
(0.688249 0.0999981 0)
(0.682042 0.0252192 -3.29386e-20)
(0.679349 -0.0447641 3.18393e-20)
(0.682813 -0.103088 1.01728e-18)
(0.695471 -0.144978 -1.5517e-18)
(0.717931 -0.16793 0)
(0.748592 -0.172192 -9.58214e-21)
(0.785008 -0.161036 0)
(0.825194 -0.139797 0)
(0.868057 -0.113904 3.43038e-18)
(0.913174 -0.0873718 -3.48134e-18)
(0.960403 -0.0624682 0)
(1.00963 -0.0401513 -6.60128e-18)
(1.06082 -0.0207004 6.18338e-18)
(1.11401 -0.00410316 5.58706e-18)
(1.17029 0.00966708 0)
(1.22899 0.0207956 -4.11291e-18)
(1.29896 0.0303479 0)
(1.35764 0.0367087 0)
(1.48475 0.0536627 0)
(0.823157 0.306905 0)
(0.808979 0.303921 7.36263e-19)
(0.810429 0.283699 4.68385e-19)
(0.809238 0.24176 0)
(0.802819 0.181628 0)
(0.7946 0.11 0)
(0.786636 0.0342041 0)
(0.779794 -0.0376651 4.33546e-20)
(0.777512 -0.0986647 -9.88962e-19)
(0.783275 -0.143584 0)
(0.79762 -0.169253 0)
(0.819001 -0.175529 -3.29945e-21)
(0.845555 -0.165736 0)
(0.876149 -0.145446 0)
(0.910392 -0.120272 0)
(0.948193 -0.0943021 0)
(0.989405 -0.0698086 0)
(1.03371 -0.0477584 0)
(1.08086 -0.0284717 6.02586e-18)
(1.13067 -0.0120187 -5.53532e-18)
(1.18413 0.00156111 0)
(1.24051 0.0122822 0)
(1.3086 0.0213588 0)
(1.36602 0.0267392 0)
(1.49147 0.0438195 0)
(0.957827 0.33586 0)
(0.91863 0.316854 -1.46141e-20)
(0.905947 0.290135 -4.63692e-19)
(0.901468 0.247854 -2.80142e-19)
(0.896331 0.189165 0)
(0.88911 0.118525 1.19537e-19)
(0.880357 0.0427506 0)
(0.871232 -0.0302393 -2.83548e-19)
(0.865341 -0.0933775 0)
(0.865914 -0.140854 0)
(0.873134 -0.168825 0)
(0.885712 -0.176874 3.21079e-21)
(0.902715 -0.168455 0)
(0.924078 -0.149332 0)
(0.95015 -0.125197 0)
(0.981116 -0.100109 0)
(1.01675 -0.0762914 -3.26765e-18)
(1.05651 -0.0547092 3.15156e-18)
(1.09988 -0.0357343 -5.97157e-18)
(1.14651 -0.0195361 0)
(1.19726 -0.00624053 4.75923e-18)
(1.25141 0.00399652 3.96272e-18)
(1.3177 0.0125121 0)
(1.37392 0.0169 1.8381e-18)
(1.49786 0.0340294 0)
(1.10073 0.374352 0)
(1.04207 0.340104 -6.52704e-19)
(1.00993 0.3025 4.44096e-19)
(0.993999 0.255528 5.79653e-19)
(0.984374 0.196145 0)
(0.975638 0.126115 -3.01926e-19)
(0.966021 0.0506944 0)
(0.955935 -0.0229315 0)
(0.947908 -0.0876393 0)
(0.944168 -0.137032 0)
(0.944559 -0.166749 0)
(0.948442 -0.176287 -2.45631e-18)
(0.956132 -0.169265 0)
(0.968714 -0.151554 3.03891e-18)
(0.987195 -0.128784 0)
(1.01191 -0.104884 -3.2419e-18)
(1.04247 -0.0819883 3.23821e-18)
(1.07806 -0.0610524 -6.22314e-18)
(1.11792 -0.0425186 0)
(1.16155 -0.0266729 0)
(1.20972 -0.0137464 -4.72568e-18)
(1.2617 -0.00406743 -2.74976e-20)
(1.32624 0.0038051 0)
(1.38131 0.00717524 -1.49954e-20)
(1.50388 0.0242908 9.04417e-19)
(1.23578 0.414475 0)
(1.171 0.370528 3.10548e-19)
(1.12396 0.322276 0)
(1.09383 0.267917 -2.97313e-19)
(1.0749 0.205166 0)
(1.06115 0.134227 -8.05208e-20)
(1.04904 0.0585812 3.35953e-19)
(1.03752 -0.0156457 -4.56882e-19)
(1.02709 -0.0814358 0)
(1.01855 -0.132062 -8.37766e-19)
(1.01163 -0.162973 0)
(1.00667 -0.173777 0)
(1.00535 -0.168252 0)
(1.00977 -0.152237 -3.01527e-18)
(1.0214 -0.131163 0)
(1.04055 -0.10874 3.21728e-18)
(1.06659 -0.086979 0)
(1.09839 -0.0668402 6.12576e-18)
(1.135 -0.0488557 -2.87148e-18)
(1.17578 -0.0334466 2.62568e-18)
(1.22146 -0.0209653 2.31418e-18)
(1.27133 -0.0119152 -2.68332e-20)
(1.33415 -0.00476552 0)
(1.38812 -0.00245015 -1.79347e-18)
(1.50945 0.0145989 -1.79336e-18)
(1.34874 0.449229 0)
(1.29078 0.401917 -2.9481e-19)
(1.23936 0.34666 2.46503e-19)
(1.19938 0.285227 0)
(1.17073 0.217636 3.36991e-19)
(1.14986 0.144206 5.90587e-19)
(1.13307 0.0673376 9.57576e-20)
(1.11809 -0.00776284 4.4949e-19)
(1.1034 -0.0743142 0)
(1.08858 -0.125632 8.29217e-19)
(1.07352 -0.157355 0)
(1.05967 -0.169364 0)
(1.04989 -0.165543 0)
(1.04702 -0.151551 0)
(1.05269 -0.132492 0)
(1.06704 -0.111796 0)
(1.0891 -0.0913465 0)
(1.1175 -0.0721236 -2.52486e-20)
(1.1511 -0.0547749 2.85455e-18)
(1.18917 -0.0398729 -2.61082e-18)
(1.23244 -0.0279044 -4.58609e-18)
(1.28023 -0.0195503 -3.83187e-18)
(1.34137 -0.0132021 -2.92707e-18)
(1.39426 -0.011989 0)
(1.51449 0.00495087 8.89281e-19)
(1.43183 0.474746 0)
(1.38854 0.428713 0)
(1.34293 0.370932 -2.36017e-19)
(1.3011 0.304923 2.26323e-19)
(1.26663 0.232894 -3.23605e-19)
(1.23929 0.156337 -3.27162e-19)
(1.21677 0.0776297 -4.13375e-19)
(1.19623 0.00142923 6.1426e-19)
(1.17521 -0.0656949 0)
(1.15264 -0.117399 9.1715e-19)
(1.12896 -0.149802 0)
(1.10663 -0.163149 0)
(1.08936 -0.161336 0)
(1.08033 -0.149708 0)
(1.08107 -0.132948 0)
(1.0914 -0.114181 3.1063e-18)
(1.11005 -0.095171 0)
(1.13539 -0.0769497 -2.44392e-20)
(1.16618 -0.0603018 2.79535e-18)
(1.20167 -0.0459647 0)
(1.2426 -0.0345686 2.27371e-18)
(1.28835 -0.0269746 0)
(1.34784 -0.0215057 2.90943e-18)
(1.39969 -0.021452 0)
(1.51898 -0.00465585 0)
(1.4842 0.490332 3.58902e-19)
(1.45759 0.4479 0)
(1.42395 0.391125 0)
(1.38755 0.323655 -2.18282e-19)
(1.35286 0.248949 2.47739e-19)
(1.32198 0.169843 -2.59952e-19)
(1.29433 0.0894256 -3.06732e-19)
(1.26756 0.0122664 -6.09771e-19)
(1.23925 -0.0552426 8.2603e-19)
(1.20852 -0.107224 -9.16102e-19)
(1.17663 -0.140402 0)
(1.14693 -0.155367 1.26227e-18)
(1.12357 -0.155912 0)
(1.10972 -0.146958 0)
(1.10663 -0.13272 0)
(1.11372 -0.116016 -3.09658e-18)
(1.12945 -0.0985268 0)
(1.15205 -0.0813596 -5.88531e-18)
(1.18022 -0.0654582 -2.78402e-18)
(1.21325 -0.0517323 -2.52991e-18)
(1.2519 -0.0409608 -2.23281e-18)
(1.29564 -0.0341881 0)
(1.3535 -0.0296771 0)
(1.40438 -0.0308507 0)
(1.52291 -0.0142238 4.34328e-19)
(1.51019 0.49756 -3.53875e-19)
(1.49794 0.459097 0)
(1.47769 0.405276 0)
(1.45085 0.338916 0)
(1.42067 0.263726 -2.40405e-19)
(1.38983 0.183477 -5.6872e-20)
(1.3591 0.102122 2.96834e-19)
(1.32707 0.0245424 0)
(1.29211 -0.0430649 -8.27302e-19)
(1.25421 -0.095307 0)
(1.21562 -0.129473 -1.16214e-18)
(1.18033 -0.146388 1.88762e-20)
(1.15262 -0.149613 0)
(1.13541 -0.143568 0)
(1.12954 -0.131989 0)
(1.13411 -0.117416 0)
(1.14737 -0.101478 0)
(1.16749 -0.0853884 1.47215e-18)
(1.1932 -0.0702622 0)
(1.22387 -0.0571837 2.52169e-18)
(1.26031 -0.0470826 1.48987e-20)
(1.30207 -0.0411904 0)
(1.35834 -0.0377178 0)
(1.40833 -0.0401978 0)
(1.52631 -0.0237564 -4.3177e-19)
(1.51686 0.499151 0)
(1.51432 0.463773 0)
(1.50537 0.413383 -3.49274e-19)
(1.48875 0.349659 0)
(1.46555 0.275863 0)
(1.43769 0.196097 3.00935e-19)
(1.40637 0.114975 0)
(1.37121 0.0377356 0)
(1.33165 -0.0296336 0)
(1.28876 -0.0821458 0)
(1.24577 -0.117526 -3.83964e-20)
(1.20708 -0.136675 -2.61107e-18)
(1.17688 -0.142808 0)
(1.15771 -0.1398 0)
(1.15003 -0.130921 0)
(1.15268 -0.118477 1.51285e-18)
(1.16384 -0.104079 -1.48891e-18)
(1.18171 -0.0890653 1.4464e-18)
(1.20513 -0.0747293 0)
(1.23354 -0.0623258 0)
(1.26781 -0.0529351 4.39356e-18)
(1.30763 -0.0479811 1.82284e-18)
(1.36237 -0.0456309 0)
(1.4116 -0.049509 0)
(1.52924 -0.0332584 4.25725e-19)
(1.51165 0.497984 0)
(1.5138 0.464263 1.95467e-19)
(1.51225 0.416762 3.46075e-19)
(1.50399 0.356146 3.79354e-19)
(1.48795 0.284919 0)
(1.46465 0.206997 -4.08355e-19)
(1.43492 0.127258 0)
(1.39911 0.051123 5.19678e-19)
(1.35762 -0.0156569 0)
(1.31252 -0.0684167 0)
(1.26774 -0.105162 1.85341e-18)
(1.22789 -0.126715 1.32713e-18)
(1.19694 -0.13585 0)
(1.17704 -0.135883 0)
(1.16833 -0.129655 0)
(1.16955 -0.119276 -1.51266e-18)
(1.17891 -0.106372 1.48746e-18)
(1.19473 -0.0924145 1.42349e-18)
(1.21599 -0.0788732 0)
(1.24225 -0.067165 0)
(1.27443 -0.0585195 -2.18484e-18)
(1.31235 -0.0545609 -1.81705e-18)
(1.36562 -0.0534222 0)
(1.41421 -0.0588029 -8.2116e-19)
(1.53176 -0.0427358 -1.98777e-21)
(1.50056 0.496357 0)
(1.50338 0.462887 1.37595e-20)
(1.50524 0.417261 0)
(1.50233 0.359457 -3.76449e-19)
(1.49209 0.291221 0)
(1.47358 0.215981 4.02205e-19)
(1.44688 0.138451 0)
(1.41254 0.064011 5.32331e-20)
(1.37169 -0.00186169 0)
(1.32701 -0.0548036 0)
(1.28284 -0.0929561 -6.38766e-19)
(1.24378 -0.116941 0)
(1.2135 -0.129033 0)
(1.19381 -0.132 0)
(1.18467 -0.128294 -7.51678e-19)
(1.18483 -0.119873 1.49803e-18)
(1.19263 -0.108391 0)
(1.20658 -0.0954572 -9.59308e-21)
(1.22581 -0.082707 1.33102e-18)
(1.25001 -0.0717074 0)
(1.28017 -0.0638371 1.07758e-18)
(1.31624 -0.0609319 0)
(1.36812 -0.0610998 0)
(1.41623 -0.0681003 8.16033e-19)
(1.53393 -0.0521956 -4.1911e-19)
(1.48727 0.495644 0)
(1.48832 0.461369 -4.31545e-19)
(1.49053 0.416568 0)
(1.4901 0.360893 0)
(1.4837 0.295494 0)
(1.46933 0.223215 0)
(1.44626 0.148337 2.73229e-19)
(1.41483 0.0759546 -5.57681e-19)
(1.37654 0.0111967 0)
(1.33434 -0.0418574 0)
(1.29262 -0.0813712 0)
(1.25581 -0.107691 7.13228e-19)
(1.22722 -0.122577 0)
(1.2084 -0.128279 7.47813e-19)
(1.19923 -0.126912 7.53726e-19)
(1.19859 -0.120309 -1.50008e-18)
(1.20503 -0.110164 0)
(1.21727 -0.0982127 -1.41317e-18)
(1.23463 -0.0862434 -1.33079e-18)
(1.25687 -0.0759592 0)
(1.28506 -0.0688895 -2.14701e-18)
(1.31934 -0.0670971 -8.90324e-19)
(1.36992 -0.0686745 0)
(1.41773 -0.0774232 0)
(1.53577 -0.0616428 0)
(1.47328 0.496344 -1.13488e-19)
(1.4717 0.460662 2.22797e-19)
(1.47251 0.415852 0)
(1.47245 0.361536 0)
(1.46809 0.298496 0)
(1.45685 0.229035 -2.74685e-19)
(1.43735 0.156886 -2.70263e-19)
(1.4096 0.0866808 3.2345e-19)
(1.37505 0.0231283 0)
(1.33666 -0.0299646 0)
(1.29859 -0.0707224 -3.5969e-19)
(1.26494 -0.0991852 -7.20678e-19)
(1.23867 -0.116616 0)
(1.22109 -0.124796 -7.51662e-19)
(1.21215 -0.125553 -7.54214e-19)
(1.2109 -0.120616 -7.45668e-19)
(1.21616 -0.111715 0)
(1.22685 -0.1007 6.98429e-19)
(1.24246 -0.0894958 0)
(1.26285 -0.0799272 0)
(1.28914 -0.0736788 1.07e-18)
(1.32167 -0.0730608 8.88613e-19)
(1.37105 -0.0761588 0)
(1.41875 -0.0867935 -3.97902e-19)
(1.53729 -0.0710805 2.03681e-19)
(1.45863 0.498334 1.13414e-19)
(1.45469 0.461054 0)
(1.45359 0.415711 1.305e-19)
(1.45279 0.362094 0)
(1.4492 0.300829 0)
(1.44012 0.233795 2.73373e-19)
(1.42382 0.164182 1.58074e-19)
(1.39993 0.0960785 -3.1964e-19)
(1.36967 0.0337284 0)
(1.33577 -0.0193387 0)
(1.30197 -0.0611821 3.64413e-19)
(1.27193 -0.0915352 0)
(1.24824 -0.111212 0)
(1.23209 -0.121588 -3.80663e-19)
(1.22352 -0.124241 3.78602e-19)
(1.22182 -0.120815 7.47613e-19)
(1.22605 -0.113065 0)
(1.23536 -0.102938 -6.99423e-19)
(1.24935 -0.0924779 6.54238e-19)
(1.26798 -0.0836184 0)
(1.29243 -0.0782084 -5.29763e-19)
(1.32327 -0.078829 0)
(1.37157 -0.0835688 0)
(1.41936 -0.0962319 3.9542e-19)
(1.53846 -0.0805101 -3.03183e-19)
(1.44259 0.501157 0)
(1.43723 0.46237 6.61525e-20)
(1.4346 0.416269 -1.30587e-19)
(1.43283 0.362893 0)
(1.42939 0.302865 0)
(1.42181 0.237785 0)
(1.40826 0.17037 -1.57068e-19)
(1.38812 0.104168 0)
(1.36223 0.0429502 -1.94577e-19)
(1.333 -0.0100395 0)
(1.30362 -0.0528012 0)
(1.27728 -0.0847699 1.94322e-19)
(1.2562 -0.106379 0)
(1.24152 -0.118665 5.75197e-19)
(1.2334 -0.122994 3.80058e-19)
(1.23139 -0.120928 -1.86478e-19)
(1.23475 -0.114236 0)
(1.24282 -0.104945 0)
(1.25533 -0.0952014 -6.5534e-19)
(1.27231 -0.0870375 0)
(1.29497 -0.0824805 2.66141e-19)
(1.32418 -0.0844094 0)
(1.3715 -0.0909242 0)
(1.41958 -0.105752 0)
(1.53922 -0.0899234 1.00036e-19)
(1.42423 0.504275 0)
(1.41859 0.464215 -6.61477e-20)
(1.41529 0.417344 0)
(1.41297 0.363953 0)
(1.40967 0.304742 0)
(1.40332 0.241159 0)
(1.39219 0.175546 0)
(1.37553 0.110976 0)
(1.35388 0.0507754 1.92352e-19)
(1.32917 -0.00208589 0)
(1.30407 -0.0455761 0)
(1.28125 -0.0788761 -1.96088e-19)
(1.26268 -0.102107 0)
(1.24944 -0.116027 -1.9336e-19)
(1.24184 -0.121824 0)
(1.23965 -0.120975 1.87013e-19)
(1.24231 -0.115251 0)
(1.2493 -0.10674 0)
(1.26046 -0.0976773 0)
(1.27586 -0.0901874 0)
(1.29678 -0.0864949 2.63864e-19)
(1.32442 -0.0898083 0)
(1.37089 -0.0982361 0)
(1.41944 -0.115363 0)
(1.53945 -0.0992814 0)
(1.40416 0.507045 0)
(1.39924 0.466006 7.84982e-20)
(1.3962 0.418512 0)
(1.394 0.365031 0)
(1.39118 0.306363 0)
(1.38604 0.243879 9.64684e-20)
(1.37708 0.179657 0)
(1.3635 0.116395 1.07441e-19)
(1.3456 0.0570453 0)
(1.32488 0.00434056 0)
(1.30352 -0.0396786 0)
(1.28381 -0.0739977 2.24559e-19)
(1.26747 -0.0985102 0)
(1.25558 -0.113761 0)
(1.24856 -0.120784 0)
(1.24633 -0.120975 2.03805e-19)
(1.24847 -0.11609 -1.96845e-19)
(1.25458 -0.108267 -1.87984e-19)
(1.26458 -0.0998139 0)
(1.27856 -0.0929381 -3.23645e-19)
(1.29787 -0.0900697 -2.85729e-19)
(1.32408 -0.0947709 0)
(1.36982 -0.105127 0)
(1.41893 -0.124605 -1.03925e-19)
(1.53901 -0.108085 0)
(1.38224 0.509197 0)
(1.37877 0.467431 -7.85337e-20)
(1.37678 0.419474 0)
(1.37538 0.365909 0)
(1.37346 0.307622 0)
(1.36968 0.245959 1.05848e-19)
(1.36275 0.182817 2.11756e-19)
(1.35194 0.120607 -3.29443e-19)
(1.33737 0.061988 0)
(1.32015 0.00948587 0)
(1.30209 -0.0348925 0)
(1.2851 -0.0699888 -6.86813e-19)
(1.27078 -0.0955154 0)
(1.26015 -0.111849 0)
(1.25374 -0.119893 0)
(1.25158 -0.120963 -6.13253e-19)
(1.25337 -0.116799 1.97422e-19)
(1.25878 -0.109573 5.63967e-19)
(1.26777 -0.101658 0)
(1.28046 -0.0953365 9.70215e-19)
(1.2983 -0.0932587 -2.84369e-19)
(1.32322 -0.0993545 4.71461e-19)
(1.36837 -0.111644 0)
(1.41807 -0.133461 1.03146e-19)
(1.5378 -0.116309 0)
(1.35725 0.510673 0)
(1.35582 0.46833 1.71564e-19)
(1.35557 0.420039 -1.83018e-19)
(1.35563 0.366445 1.93065e-19)
(1.35513 0.308493 0)
(1.35303 0.247521 2.20549e-19)
(1.34826 0.185295 -2.11141e-19)
(1.34014 0.123999 2.21611e-19)
(1.32869 0.0660513 0)
(1.31473 0.0137946 5.08016e-19)
(1.29972 -0.0308131 0)
(1.28529 -0.0665139 4.6446e-19)
(1.27288 -0.0928761 0)
(1.26354 -0.110139 0)
(1.25783 -0.119083 -8.49986e-19)
(1.25587 -0.120943 4.10677e-19)
(1.25744 -0.117431 0)
(1.26226 -0.11075 -3.76976e-19)
(1.27033 -0.103329 0)
(1.28179 -0.09753 -6.48105e-19)
(1.2982 -0.0962487 1.1415e-18)
(1.32191 -0.103804 -4.71282e-19)
(1.36653 -0.118135 0)
(1.4168 -0.142336 0)
(1.53559 -0.124386 -1.99569e-19)
(1.3291 0.511281 0)
(1.3302 0.468487 -1.72095e-19)
(1.33225 0.419988 5.66351e-19)
(1.33433 0.366445 -1.93412e-19)
(1.33576 0.308836 -4.22806e-19)
(1.33569 0.248489 1.82499e-20)
(1.33325 0.187074 4.58081e-19)
(1.32782 0.126599 0)
(1.31936 0.0692862 0)
(1.30847 0.0173225 -5.04108e-19)
(1.29631 -0.0273963 0)
(1.2843 -0.0635522 0)
(1.27378 -0.0905972 0)
(1.26575 -0.108652 -8.89734e-19)
(1.26084 -0.118384 8.5486e-19)
(1.25921 -0.120942 0)
(1.26068 -0.118009 0)
(1.26503 -0.111814 0)
(1.27228 -0.104836 0)
(1.28257 -0.0995245 0)
(1.2976 -0.0990492 -1.71226e-18)
(1.32017 -0.108135 0)
(1.36428 -0.124612 0)
(1.41498 -0.15121 0)
(1.5321 -0.13228 1.98988e-19)
(1.29776 0.510875 0)
(1.30181 0.46774 0)
(1.30661 0.419149 -3.84302e-19)
(1.3112 0.365746 0)
(1.315 0.308518 -1.76039e-20)
(1.3173 0.248779 1.78378e-20)
(1.31738 0.188123 1.76114e-20)
(1.3147 0.12842 0)
(1.30915 0.0717345 -1.02008e-18)
(1.30119 0.0201196 0)
(1.29176 -0.0246002 0)
(1.28211 -0.0610776 -9.91822e-19)
(1.27346 -0.088669 0)
(1.26682 -0.107392 1.79661e-18)
(1.2628 -0.117806 0)
(1.26162 -0.120975 0)
(1.26313 -0.118548 0)
(1.26712 -0.112775 -1.50705e-18)
(1.27362 -0.106186 0)
(1.2828 -0.101325 1.29467e-18)
(1.29652 -0.101665 2.28598e-18)
(1.31801 -0.112347 0)
(1.36158 -0.131053 0)
(1.41247 -0.160017 0)
(1.527 -0.139912 0)
(1.26325 0.509318 0)
(1.27062 0.465953 3.91952e-19)
(1.27856 0.41738 -4.1815e-19)
(1.28606 0.364213 4.40532e-19)
(1.29259 0.307427 -1.73108e-20)
(1.29759 0.248316 4.94157e-19)
(1.30039 0.18841 -4.75209e-19)
(1.30053 0.12947 0)
(1.29788 0.0734279 1.01642e-18)
(1.29278 0.0222218 0)
(1.28601 -0.0223982 0)
(1.27869 -0.0590775 2.01564e-18)
(1.27195 -0.0870934 0)
(1.26675 -0.106371 6.13525e-21)
(1.26375 -0.117367 1.74471e-18)
(1.26314 -0.12106 0)
(1.2648 -0.119063 0)
(1.26853 -0.113646 1.51436e-18)
(1.27438 -0.107388 0)
(1.28251 -0.102937 -1.30016e-18)
(1.295 -0.104104 -1.08346e-21)
(1.31546 -0.116439 0)
(1.35836 -0.137431 0)
(1.40904 -0.168679 0)
(1.51994 -0.147198 -3.69108e-19)
(1.2256 0.506475 3.77046e-19)
(1.23665 0.463007 -3.9498e-19)
(1.24806 0.414567 4.20926e-19)
(1.2588 0.361736 -4.42948e-19)
(1.2684 0.30547 1.41921e-18)
(1.27635 0.247035 -9.56079e-19)
(1.28207 0.187903 0)
(1.28514 0.129745 1.04683e-18)
(1.2854 0.074382 0)
(1.28314 0.0236488 0)
(1.27902 -0.0207768 0)
(1.27403 -0.0575476 -1.0238e-18)
(1.26924 -0.0858753 0)
(1.26558 -0.105602 -9.18603e-19)
(1.26368 -0.117084 -1.75433e-18)
(1.26377 -0.121215 0)
(1.26571 -0.11957 0)
(1.26929 -0.114439 1.51459e-18)
(1.27456 -0.10845 0)
(1.28174 -0.10437 1.3007e-18)
(1.29306 -0.10637 -1.14798e-18)
(1.31251 -0.120399 -1.88738e-18)
(1.35453 -0.143698 0)
(1.40443 -0.177095 0)
(1.51053 -0.15404 1.10681e-20)
(1.18489 0.502212 -3.81089e-19)
(1.19996 0.458788 0)
(1.21515 0.410606 0)
(1.22941 0.358222 0)
(1.24234 0.302568 -1.95913e-18)
(1.25349 0.244877 1.02762e-18)
(1.26231 0.186569 1.05442e-18)
(1.26841 0.129235 -1.04753e-18)
(1.27165 0.0746012 0)
(1.27224 0.0244104 -1.12257e-18)
(1.27078 -0.0197292 0)
(1.26815 -0.0564874 -2.12668e-18)
(1.26536 -0.085022 0)
(1.26332 -0.105096 0)
(1.26264 -0.116971 0)
(1.26353 -0.121455 -1.68896e-18)
(1.26585 -0.120084 0)
(1.26939 -0.115166 -1.52264e-18)
(1.2742 -0.109382 0)
(1.2805 -0.105633 -1.30698e-18)
(1.29074 -0.108469 0)
(1.30913 -0.124206 1.88857e-18)
(1.34992 -0.149789 0)
(1.39832 -0.185146 0)
(1.49839 -0.160333 3.57326e-19)
(1.14122 0.496399 0)
(1.16062 0.453192 0)
(1.17987 0.40541 0)
(1.19791 0.353592 9.98992e-19)
(1.21441 0.298654 -3.28101e-20)
(1.22896 0.241793 -1.03325e-18)
(1.24105 0.184376 -2.14849e-18)
(1.25029 0.127924 -1.11082e-18)
(1.25657 0.0740828 0)
(1.26006 0.0245087 1.12067e-18)
(1.26129 -0.0192553 -2.31746e-18)
(1.26106 -0.0559006 -3.11806e-20)
(1.26034 -0.0845419 0)
(1.25999 -0.104867 1.8982e-18)
(1.26062 -0.117045 -1.79225e-18)
(1.26243 -0.121797 1.69773e-18)
(1.26526 -0.12062 -1.61259e-18)
(1.26887 -0.115842 -3.04937e-18)
(1.27332 -0.110199 0)
(1.27885 -0.106737 -2.61984e-18)
(1.28807 -0.110397 -2.31171e-18)
(1.30527 -0.127823 0)
(1.34435 -0.155616 1.41734e-18)
(1.39038 -0.192693 8.07849e-19)
(1.48316 -0.165965 3.32785e-19)
(1.09472 0.488915 -8.7038e-19)
(1.11876 0.44612 0)
(1.14232 0.398894 0)
(1.16437 0.347778 -1.00928e-18)
(1.18465 0.29367 -3.21418e-20)
(1.20278 0.237735 1.105e-18)
(1.21828 0.181292 2.22224e-18)
(1.23078 0.125797 1.11446e-18)
(1.24017 0.0728199 -2.31538e-18)
(1.24661 0.0239412 0)
(1.25056 -0.0193572 2.31254e-18)
(1.25278 -0.0557922 -3.0789e-20)
(1.25418 -0.0844431 0)
(1.2556 -0.104927 -1.90938e-18)
(1.25764 -0.11732 1.80195e-18)
(1.26048 -0.122256 0)
(1.26393 -0.121195 1.62117e-18)
(1.26775 -0.116483 6.12709e-18)
(1.27197 -0.110916 0)
(1.27683 -0.107692 5.26538e-18)
(1.28504 -0.112143 4.64385e-18)
(1.30082 -0.131193 0)
(1.33754 -0.161071 -1.41552e-18)
(1.38021 -0.199588 -8.06373e-19)
(1.4645 -0.170825 -6.53078e-19)
(1.0456 0.479657 8.85589e-19)
(1.07451 0.437483 0)
(1.10261 0.390986 0)
(1.12887 0.340716 0)
(1.1531 0.287565 2.2082e-18)
(1.17498 0.232665 -1.11438e-18)
(1.19402 0.177289 -1.13396e-18)
(1.20989 0.122835 0)
(1.22247 0.070803 2.32162e-18)
(1.2319 0.0227038 2.38614e-18)
(1.23862 -0.0200381 0)
(1.24333 -0.0561665 -3.026e-20)
(1.24691 -0.0847335 0)
(1.25018 -0.105286 -1.94663e-18)
(1.25372 -0.11781 0)
(1.25769 -0.122851 -3.44199e-18)
(1.26191 -0.12183 0)
(1.26609 -0.117111 -3.078e-18)
(1.27022 -0.111551 0)
(1.27448 -0.108503 -2.64636e-18)
(1.28163 -0.113682 2.76029e-21)
(1.29559 -0.134239 0)
(1.3292 -0.166025 1.42714e-18)
(1.36747 -0.205675 -8.13134e-19)
(1.44215 -0.174808 9.34988e-19)
(0.994092 0.468537 0)
(1.02808 0.427209 -1.03272e-18)
(1.06089 0.381622 0)
(1.09152 0.332353 0)
(1.11987 0.280294 -1.13331e-18)
(1.14562 0.226547 0)
(1.16833 0.172341 0)
(1.18765 0.119021 0)
(1.20348 0.068023 0)
(1.21596 0.0207919 4.48207e-20)
(1.22549 -0.0213013 0)
(1.23274 -0.0570286 -2.95938e-20)
(1.23854 -0.0854205 0)
(1.24373 -0.105957 3.92797e-18)
(1.24886 -0.11853 0)
(1.2541 -0.123601 3.4598e-18)
(1.25924 -0.122549 0)
(1.26395 -0.117751 0)
(1.26811 -0.11212 0)
(1.27182 -0.109165 0)
(1.27772 -0.114966 3.74392e-21)
(1.28933 -0.13686 0)
(1.31899 -0.170338 -1.42778e-18)
(1.35181 -0.210797 8.13474e-19)
(1.4159 -0.177814 -1.20592e-18)
(0.940485 0.455498 0)
(0.97967 0.415238 2.13726e-18)
(1.01733 0.370749 0)
(1.05247 0.322644 0)
(1.08505 0.271819 0)
(1.1148 0.21935 0)
(1.14126 0.166426 0)
(1.16412 0.114341 0)
(1.18326 0.0644712 0)
(1.19883 0.0182014 -2.44407e-18)
(1.2112 -0.0231494 -2.4701e-18)
(1.22102 -0.0583825 2.32451e-18)
(1.22911 -0.0865107 0)
(1.23627 -0.106948 -1.98108e-18)
(1.2431 -0.119499 -3.71535e-18)
(1.24976 -0.124533 0)
(1.25601 -0.123383 0)
(1.26141 -0.118428 0)
(1.26569 -0.11263 0)
(1.26875 -0.109652 0)
(1.27306 -0.115921 4.71033e-21)
(1.28166 -0.138933 0)
(1.30653 -0.173864 0)
(1.33294 -0.21481 -1.64947e-18)
(1.38561 -0.179756 5.92358e-19)
(0.885116 0.440505 -1.06921e-18)
(0.929556 0.401533 -2.24608e-18)
(0.972139 0.35833 0)
(1.01187 0.311555 0)
(1.04878 0.262111 0)
(1.0826 0.21105 2.5491e-18)
(1.1129 0.159524 0)
(1.13935 0.108781 0)
(1.16186 0.0601409 0)
(1.18055 0.0149293 0)
(1.1958 -0.025585 2.47673e-18)
(1.20822 -0.0602319 0)
(1.21862 -0.0880101 0)
(1.22783 -0.108274 0)
(1.23648 -0.12074 3.7337e-18)
(1.24476 -0.125681 0)
(1.25231 -0.124365 0)
(1.25851 -0.119158 -3.11231e-18)
(1.26287 -0.113067 0)
(1.26504 -0.109906 0)
(1.26726 -0.116442 -2.38213e-18)
(1.27213 -0.140326 -3.92487e-18)
(1.29148 -0.176464 0)
(1.31065 -0.217581 1.65501e-18)
(1.35121 -0.18056 0)
(0.828361 0.423556 1.09947e-18)
(0.878033 0.386077 1.16671e-18)
(0.925556 0.344343 0)
(0.969927 0.299061 0)
(1.01121 0.251147 -2.61592e-18)
(1.04917 0.201628 -2.58814e-18)
(1.08335 0.151622 -2.64959e-18)
(1.11344 0.102333 0)
(1.13935 0.0550273 0)
(1.16119 0.0109733 0)
(1.17933 -0.0286097 2.55586e-18)
(1.19437 -0.0625792 4.86861e-18)
(1.20713 -0.0899257 0)
(1.21847 -0.109954 0)
(1.22912 -0.12229 0)
(1.23921 -0.127085 0)
(1.24819 -0.125517 0)
(1.25514 -0.119927 4.33193e-21)
(1.25933 -0.113374 2.93534e-18)
(1.26017 -0.109829 0)
(1.25971 -0.116402 0)
(1.26022 -0.140908 3.94672e-18)
(1.27356 -0.178021 0)
(1.28481 -0.218998 0)
(1.31272 -0.180163 0)
(0.770627 0.404673 1.1927e-18)
(0.825435 0.368877 -2.5153e-18)
(0.87785 0.328782 2.6103e-18)
(0.926851 0.285153 0)
(0.97253 0.238915 -5.34305e-20)
(1.01464 0.191073 2.73891e-18)
(1.05273 0.142711 5.42575e-18)
(1.08648 0.0949908 0)
(1.11581 0.0491275 0)
(1.14081 0.0063316 0)
(1.16186 -0.0322244 -2.56907e-18)
(1.17954 -0.0654262 -9.83577e-18)
(1.19469 -0.0922689 0)
(1.20831 -0.11202 0)
(1.22117 -0.124191 3.80599e-18)
(1.23321 -0.128771 0)
(1.24352 -0.126821 0)
(1.25088 -0.120667 3.14373e-18)
(1.2544 -0.113441 -2.9549e-18)
(1.25333 -0.109282 0)
(1.24961 -0.115662 -4.87206e-18)
(1.24539 -0.140572 -4.01754e-18)
(1.25257 -0.17845 0)
(1.2554 -0.218968 0)
(1.27019 -0.178517 0)
(0.71235 0.383909 -1.23367e-18)
(0.772122 0.349959 2.59303e-18)
(0.829319 0.311659 5.39217e-20)
(0.882892 0.269831 0)
(0.932934 0.225412 -5.09895e-20)
(0.979181 0.17938 -2.79123e-18)
(1.02118 0.132786 -5.61101e-18)
(1.0586 0.086752 0)
(1.09134 0.0424398 0)
(1.11951 0.00100351 0)
(1.14346 -0.0364284 0)
(1.16379 -0.0687769 9.97845e-18)
(1.18142 -0.0950645 0)
(1.19751 -0.114518 0)
(1.21275 -0.126477 1.17095e-20)
(1.22662 -0.130714 3.56576e-18)
(1.23777 -0.128176 0)
(1.24481 -0.121222 0)
(1.24692 -0.113088 -5.93924e-18)
(1.24332 -0.108097 0)
(1.23604 -0.114105 4.91542e-18)
(1.22717 -0.139264 4.05209e-18)
(1.22846 -0.177705 0)
(1.22244 -0.217414 1.7471e-18)
(1.22374 -0.175579 -4.96459e-19)
(0.653979 0.361338 0)
(0.718479 0.329372 0)
(0.78029 0.293002 -2.81967e-18)
(0.838326 0.253112 2.92406e-18)
(0.89266 0.210646 5.84777e-18)
(0.943 0.166552 -2.94635e-18)
(0.988869 0.121849 -4.38387e-20)
(1.02993 0.0776169 2.88535e-18)
(1.06608 0.034964 5.667e-18)
(1.09741 -0.00500974 -5.54128e-18)
(1.12425 -0.0412196 5.39519e-18)
(1.14724 -0.072645 -5.03232e-18)
(1.16751 -0.0983575 0)
(1.18629 -0.117493 4.19221e-18)
(1.2038 -0.129124 1.0913e-20)
(1.21886 -0.132775 -3.58002e-18)
(1.22978 -0.129355 0)
(1.23539 -0.121334 -6.33599e-18)
(1.23525 -0.112085 5.98564e-18)
(1.22873 -0.106115 0)
(1.21807 -0.111671 -4.99914e-18)
(1.20528 -0.136999 4.14168e-18)
(1.20132 -0.175781 0)
(1.18605 -0.214267 -1.76755e-18)
(1.17353 -0.171321 9.91888e-19)
(0.595979 0.337056 0)
(0.664907 0.307183 0)
(0.731109 0.272854 0)
(0.793454 0.235022 -3.01052e-18)
(0.851968 0.194631 -6.09639e-18)
(0.906318 0.152598 3.01435e-18)
(0.955999 0.109905 6.00604e-18)
(1.00066 0.0675876 -2.93447e-18)
(1.04018 0.0267014 6.98545e-20)
(1.07463 -0.0117035 -6.2297e-20)
(1.10433 -0.0466014 -5.44355e-18)
(1.13009 -0.0770681 -5.13606e-18)
(1.15324 -0.102206 0)
(1.17468 -0.120937 -4.20438e-18)
(1.19377 -0.131966 -3.86952e-18)
(1.2086 -0.134638 0)
(1.21765 -0.129977 0)
(1.22052 -0.120665 6.381e-18)
(1.21747 -0.110197 -6.02937e-18)
(1.20812 -0.103236 5.64213e-18)
(1.19498 -0.108398 5.05919e-18)
(1.17967 -0.133875 -4.19237e-18)
(1.17135 -0.172701 0)
(1.14633 -0.209462 0)
(1.11974 -0.165723 -4.96346e-19)
(0.538817 0.311178 0)
(0.611823 0.283473 3.10775e-18)
(0.682144 0.251271 0)
(0.748601 0.215597 0)
(0.811145 0.177392 -4.23353e-20)
(0.869388 0.137533 0)
(0.922796 0.0969621 -3.08958e-18)
(0.970998 0.0566685 -6.12724e-18)
(1.01383 0.0176583 -1.18811e-17)
(1.05134 -0.0190733 5.73965e-18)
(1.08393 -0.0525989 0)
(1.11266 -0.0821113 5.14738e-18)
(1.13879 -0.106628 0)
(1.16225 -0.124676 4.25335e-18)
(1.18123 -0.134602 3.90299e-18)
(1.19366 -0.135779 -3.62092e-18)
(1.19894 -0.129557 0)
(1.19795 -0.118865 -6.42002e-18)
(1.19181 -0.107252 6.09501e-18)
(1.18038 -0.0994682 -5.71382e-18)
(1.16644 -0.104446 5.16299e-18)
(1.15056 -0.130061 0)
(1.13883 -0.168496 0)
(1.10337 -0.202924 0)
(1.06259 -0.158776 4.8736e-19)
(0.482967 0.283832 0)
(0.559654 0.258336 -3.24051e-18)
(0.633783 0.228319 0)
(0.704117 0.194884 0)
(0.770507 0.158961 3.29939e-18)
(0.832498 0.121376 3.29825e-18)
(0.889522 0.0830313 0)
(0.94117 0.0448684 6.25191e-18)
(0.987229 0.00784448 6.07536e-18)
(1.02776 -0.0271315 5.9326e-18)
(1.06339 -0.0592764 0)
(1.09529 -0.0878249 5.22957e-18)
(1.12388 -0.111475 0)
(1.14757 -0.128254 -8.55012e-18)
(1.1638 -0.136364 -7.85352e-18)
(1.1713 -0.135542 -3.6502e-18)
(1.17119 -0.12761 0)
(1.16582 -0.115677 1.29788e-17)
(1.15706 -0.103207 6.16803e-18)
(1.14501 -0.0949695 0)
(1.13265 -0.100096 1.70788e-20)
(1.11841 -0.125771 0)
(1.10397 -0.163172 0)
(1.05715 -0.194567 1.93512e-18)
(1.00231 -0.150485 -4.9745e-19)
(0.428906 0.255156 0)
(0.508841 0.231877 -3.47584e-18)
(0.586432 0.204074 0)
(0.66038 0.172937 0)
(0.730403 0.139371 0)
(0.795973 0.104149 -6.82295e-18)
(0.856472 0.0681279 0)
(0.911435 0.0322028 -6.51458e-18)
(0.960636 -0.0027418 0)
(1.00428 -0.0359327 -6.0247e-18)
(1.04315 -0.0667044 0)
(1.07786 -0.0941004 3.23678e-20)
(1.10713 -0.11626 0)
(1.12802 -0.130865 4.30378e-18)
(1.1384 -0.136415 7.92952e-18)
(1.13889 -0.133305 -3.02338e-21)
(1.13262 -0.123804 0)
(1.12318 -0.111016 -6.57962e-18)
(1.11295 -0.0981843 -6.26389e-18)
(1.1023 -0.0900437 5.90995e-18)
(1.09429 -0.0957137 1.65715e-20)
(1.08371 -0.121204 0)
(1.06671 -0.15669 0)
(1.00751 -0.184301 -1.97891e-18)
(0.93916 -0.140882 -1.01894e-18)
(0.377124 0.225298 0)
(0.45984 0.204206 7.32743e-18)
(0.540524 0.178614 0)
(0.617801 0.149809 0)
(0.691222 0.118659 -3.63897e-18)
(0.760167 0.0858773 3.53549e-18)
(0.823963 0.0522744 0)
(0.88212 0.0186768 1.33891e-17)
(0.934496 -0.0141498 0)
(0.981407 -0.045564 6.21729e-18)
(1.02325 -0.074821 0)
(1.05902 -0.100436 -1.05725e-17)
(1.08558 -0.120039 0)
(1.09999 -0.131471 0)
(1.102 -0.133977 -4.01523e-18)
(1.0946 -0.128669 -3.79486e-21)
(1.08256 -0.118056 0)
(1.07018 -0.105008 6.68781e-18)
(1.06016 -0.0924618 0)
(1.05328 -0.0850982 -1.20177e-17)
(1.0523 -0.0916732 -1.09017e-17)
(1.04656 -0.116463 -4.57668e-18)
(1.0265 -0.14893 -3.47936e-18)
(0.954029 -0.17205 0)
(0.873397 -0.130039 1.04454e-18)
(0.32813 0.194409 0)
(0.413133 0.175432 -3.87276e-18)
(0.496526 0.15202 0)
(0.576826 0.125559 0)
(0.653378 0.0968678 -2.74372e-20)
(0.725469 0.0665962 7.42041e-18)
(0.792412 0.0354831 0)
(0.853761 0.00424526 -6.88932e-18)
(0.909392 -0.0264639 0)
(0.959212 -0.0559623 -6.32621e-18)
(1.0022 -0.0830787 0)
(1.03521 -0.105715 -2.50313e-20)
(1.05474 -0.121517 0)
(1.05966 -0.129089 4.43349e-18)
(1.05234 -0.128575 0)
(1.0377 -0.121577 1.52827e-17)
(1.02138 -0.110545 0)
(1.00786 -0.0979543 -6.8242e-18)
(1.00008 -0.0864463 -6.49138e-18)
(0.999338 -0.080572 1.21651e-17)
(1.00726 -0.0882115 1.10911e-17)
(1.00605 -0.111421 4.65368e-18)
(0.981891 -0.139653 3.55896e-18)
(0.895953 -0.157753 0)
(0.805213 -0.118079 -1.11232e-18)
(0.28247 0.162644 0)
(0.369234 0.145668 0)
(0.454934 0.124373 4.12341e-18)
(0.537941 0.100245 0)
(0.617368 0.0740327 -4.00052e-18)
(0.692449 0.0463 -7.68062e-18)
(0.762502 0.0176869 0)
(0.826964 -0.0111748 0)
(0.885142 -0.0395721 0)
(0.935576 -0.0664616 6.50806e-18)
(0.975273 -0.0900914 5.96671e-18)
(1.0004 -0.108271 -2.15081e-20)
(1.0093 -0.119408 0)
(1.00366 -0.123101 4.53829e-18)
(0.987979 -0.120147 0)
(0.968126 -0.11227 7.48321e-21)
(0.949796 -0.101621 0)
(0.937303 -0.0902477 6.97696e-18)
(0.933969 -0.0805622 6.57499e-18)
(0.941207 -0.0767687 1.03334e-20)
(0.957998 -0.0852005 1.36457e-20)
(0.95916 -0.105601 0)
(0.930147 -0.128497 -7.36536e-18)
(0.832042 -0.141372 0)
(0.734601 -0.105146 2.32027e-18)
(0.240779 0.130158 0)
(0.328779 0.115017 4.40226e-18)
(0.416429 0.095753 1.9695e-20)
(0.501897 0.0739146 0)
(0.584018 0.0501523 8.28445e-18)
(0.661877 0.0249519 0)
(0.734475 -0.0010811 0)
(0.800458 -0.0272141 0)
(0.85776 -0.0524019 0)
(0.903356 -0.075145 -6.598e-18)
(0.933651 -0.0935951 2.22781e-20)
(0.946771 -0.106336 5.47764e-18)
(0.943933 -0.112809 0)
(0.929 -0.113321 -9.28089e-18)
(0.90746 -0.108895 0)
(0.885198 -0.101081 -8.0475e-18)
(0.86747 -0.0916296 7.56134e-18)
(0.85829 -0.0822175 -7.12384e-18)
(0.86115 -0.075026 6.65215e-18)
(0.876438 -0.073495 -1.23716e-17)
(0.899371 -0.0818929 -1.13566e-17)
(0.899787 -0.0982361 0)
(0.866969 -0.115214 7.54848e-18)
(0.760392 -0.123069 -4.66492e-18)
(0.66099 -0.0913718 -2.45834e-18)
(0.204082 0.0971298 0)
(0.292731 0.0835199 1.29367e-20)
(0.381831 0.0661219 -9.19523e-18)
(0.469113 0.0465039 8.98549e-18)
(0.552836 0.025231 0)
(0.631483 0.00284092 0)
(0.703121 -0.0198959 0)
(0.765177 -0.0419787 0)
(0.814647 -0.0621271 0)
(0.848658 -0.0789442 0)
(0.865485 -0.0913126 1.77212e-20)
(0.866002 -0.0987956 0)
(0.85332 -0.10149 0)
(0.832124 -0.0999452 -9.61351e-18)
(0.807901 -0.0951079 0)
(0.786037 -0.088222 0)
(0.771147 -0.08065 -7.74808e-18)
(0.766743 -0.073756 0)
(0.775706 -0.0693143 -1.34412e-17)
(0.796243 -0.0695855 1.24599e-17)
(0.820966 -0.0768993 1.14247e-17)
(0.819172 -0.0886265 0)
(0.786601 -0.100114 0)
(0.678083 -0.103564 9.6842e-18)
(0.582579 -0.0770829 1.28058e-18)
(0.169749 0.0639638 0)
(0.257049 0.0517597 -4.96498e-18)
(0.345233 0.0363611 4.8641e-18)
(0.43105 0.019476 1.30592e-20)
(0.511777 0.00161623 0)
(0.585095 -0.0165974 8.72037e-18)
(0.648395 -0.0343282 0)
(0.698987 -0.0506164 0)
(0.734733 -0.0644274 0)
(0.754411 -0.0750098 0)
(0.758692 -0.0820447 -6.33339e-18)
(0.74989 -0.0855665 0)
(0.731488 -0.0858438 0)
(0.707911 -0.0834112 -2.06616e-20)
(0.684079 -0.0790431 0)
(0.664719 -0.0736751 0)
(0.653768 -0.0683188 0)
(0.653805 -0.0638747 7.42446e-18)
(0.66642 -0.0615313 -9.25039e-21)
(0.688148 -0.0626535 -1.26147e-17)
(0.711623 -0.0684469 -1.15524e-17)
(0.708771 -0.0761835 0)
(0.682156 -0.0835824 0)
(0.580514 -0.0834436 3.82778e-20)
(0.495475 -0.0634216 -1.40719e-18)
(0.11487 0.03432 0)
(0.195492 0.0245916 0)
(0.27678 0.0118976 1.03988e-17)
(0.353979 -0.00135194 -1.00236e-17)
(0.423731 -0.0144991 0)
(0.483947 -0.0270126 -9.10963e-18)
(0.532659 -0.0383673 0)
(0.568237 -0.0481307 0)
(0.590404 -0.0560085 0)
(0.600864 -0.0615992 7.06569e-18)
(0.599929 -0.0646854 -6.52829e-18)
(0.588865 -0.0655122 1.20681e-17)
(0.570551 -0.0644631 0)
(0.548663 -0.0619929 1.02719e-17)
(0.527203 -0.0586514 0)
(0.510062 -0.0550501 0)
(0.50074 -0.0518491 0)
(0.501937 -0.0496315 8.3507e-21)
(0.514416 -0.0490355 6.74854e-18)
(0.533722 -0.0505115 -1.9963e-21)
(0.555367 -0.0547126 1.68025e-17)
(0.557022 -0.0588999 -9.69379e-18)
(0.543517 -0.0624083 0)
(0.46046 -0.0592247 -1.00356e-17)
(0.389256 -0.0492141 1.36801e-18)
(0.0195005 0.00511536 0)
(0.0893873 -0.00169195 0)
(0.160856 -0.0095778 -1.14391e-17)
(0.227827 -0.0170982 0)
(0.28766 -0.0240204 -1.03985e-17)
(0.339296 -0.0302259 0)
(0.381375 -0.0355527 9.23617e-18)
(0.412427 -0.0398924 0)
(0.431412 -0.043142 0)
(0.437986 -0.0447551 5.47651e-21)
(0.43488 -0.0449073 6.96807e-18)
(0.424853 -0.0441097 -1.28996e-17)
(0.410456 -0.04275 0)
(0.394431 -0.0411696 0)
(0.379706 -0.0397051 0)
(0.369135 -0.0386759 0)
(0.365225 -0.0383173 0)
(0.369451 -0.0387569 -1.54951e-17)
(0.383321 -0.0400114 0)
(0.403567 -0.0419653 6.49089e-18)
(0.425811 -0.0438105 -1.17659e-17)
(0.425721 -0.0438473 2.04907e-17)
(0.415754 -0.0416201 0)
(0.340525 -0.0348879 -4.18868e-20)
(0.291786 -0.0212277 0)
)
;

boundaryField
{
    inlet
    {
        type            fixedValue;
        value           uniform (1.7 0 0);
    }
    outlet
    {
        type            zeroGradient;
    }
    upperWall
    {
        type            noSlip;
    }
    lowerWall
    {
        type            noSlip;
    }
    frontAndBack
    {
        type            empty;
    }
}


// ************************************************************************* //
